id,route_id,source,carrier,flight_number,flight_date,booking_window,base_fare,taxes,total_fare,scraped_at,is_outlier,outlier_reason,departure_time,is_nonstop
fare_BLR-BOM_6E_2026-10-09_T+1_1791433399594_iy8a,BLR-BOM,EaseMyTrip,6E,6E-321,2026-10-09,T+1,6582,1445,8027,2026-10-08T04:03:26.155Z,FALSE,"",10:45,FALSE
fare_BLR-BOM_6E_2026-10-09_T+1_1791433399594_ljn5,BLR-BOM,EaseMyTrip,6E,6E-364,2026-10-09,T+1,6582,1445,8027,2026-10-08T04:03:26.155Z,FALSE,"",10:45,FALSE
fare_BLR-BOM_6E_2026-10-09_T+1_1791433399594_ft1j,BLR-BOM,EaseMyTrip,6E,6E-6507,2026-10-09,T+1,6582,1445,8027,2026-10-08T04:03:26.155Z,FALSE,"",13:15,FALSE
fare_BLR-BOM_6E_2026-10-09_T+1_1791433399594_1fsu,BLR-BOM,EaseMyTrip,6E,6E-790,2026-10-09,T+1,6582,1445,8027,2026-10-08T04:03:26.155Z,FALSE,"",07:10,FALSE
fare_BLR-BOM_6E_2026-10-09_T+1_1791433399594_kxlq,BLR-BOM,EaseMyTrip,6E,6E-333,2026-10-09,T+1,6582,1445,8027,2026-10-08T04:03:26.155Z,FALSE,"",07:10,FALSE
fare_BLR-BOM_6E_2026-10-09_T+1_1791433399594_warj,BLR-BOM,EaseMyTrip,6E,6E-6269,2026-10-09,T+1,6582,1445,8027,2026-10-08T04:03:26.155Z,FALSE,"",07:15,FALSE
fare_BLR-BOM_6E_2026-10-09_T+1_1791433399594_4uus,BLR-BOM,EaseMyTrip,6E,6E-6208,2026-10-09,T+1,6582,1445,8027,2026-10-08T04:03:26.155Z,FALSE,"",12:45,FALSE
fare_BLR-BOM_6E_2026-10-09_T+1_1791433399594_9ed3,BLR-BOM,EaseMyTrip,6E,6E-6863,2026-10-09,T+1,6990,1534,8524,2026-10-08T04:03:26.155Z,FALSE,"",08:20,FALSE
fare_BLR-BOM_6E_2026-10-09_T+1_1791433399595_uf05,BLR-BOM,EaseMyTrip,6E,6E-7005,2026-10-09,T+1,7054,1548,8602,2026-10-08T04:03:26.155Z,FALSE,"",08:05,FALSE
fare_BLR-BOM_6E_2026-10-09_T+1_1791433399595_6w64,BLR-BOM,EaseMyTrip,6E,6E-614,2026-10-09,T+1,7054,1548,8602,2026-10-08T04:03:26.155Z,FALSE,"",05:10,FALSE
fare_BLR-BOM_6E_2026-10-09_T+1_1791433399595_ysgf,BLR-BOM,EaseMyTrip,6E,6E-259,2026-10-09,T+1,7054,1548,8602,2026-10-08T04:03:26.155Z,FALSE,"",05:10,FALSE
fare_BLR-BOM_6E_2026-10-09_T+1_1791433399595_8kqq,BLR-BOM,EaseMyTrip,6E,6E-7162,2026-10-09,T+1,7121,1563,8684,2026-10-08T04:03:26.155Z,FALSE,"",15:20,FALSE
fare_BLR-BOM_6E_2026-10-09_T+1_1791433399595_7v2w,BLR-BOM,EaseMyTrip,6E,6E-636,2026-10-09,T+1,7248,1591,8839,2026-10-08T04:03:26.155Z,FALSE,"",17:55,FALSE
fare_BLR-BOM_6E_2026-10-09_T+1_1791433399595_13a9,BLR-BOM,EaseMyTrip,6E,6E-700,2026-10-09,T+1,7248,1591,8839,2026-10-08T04:03:26.155Z,FALSE,"",17:55,FALSE
fare_BLR-BOM_QP_2026-10-09_T+1_1791433399595_6xau,BLR-BOM,EaseMyTrip,QP,QP-1517,2026-10-09,T+1,7931,1741,9672,2026-10-08T04:03:26.155Z,FALSE,"",05:05,TRUE
fare_BLR-BOM_6E_2026-10-09_T+1_1791433399595_mdar,BLR-BOM,EaseMyTrip,6E,6E-5205,2026-10-09,T+1,8150,1789,9939,2026-10-08T04:03:26.155Z,FALSE,"",03:45,TRUE
fare_BLR-BOM_QP_2026-10-09_T+1_1791433399595_8zub,BLR-BOM,EaseMyTrip,QP,QP-1515,2026-10-09,T+1,8265,1814,10079,2026-10-08T04:03:26.155Z,FALSE,"",05:40,TRUE
fare_BLR-BOM_IX_2026-10-09_T+1_1791433399595_psi3,BLR-BOM,EaseMyTrip,IX,IX-1386,2026-10-09,T+1,9236,2027,11263,2026-10-08T04:03:26.155Z,FALSE,"",13:05,FALSE
fare_BLR-BOM_AI_2026-10-09_T+1_1791433399595_mwi9,BLR-BOM,EaseMyTrip,AI,AI-2604,2026-10-09,T+1,8949,1964,10913,2026-10-08T04:03:26.155Z,FALSE,"",09:15,TRUE
fare_BLR-BOM_6E_2026-10-09_T+1_1791433399595_izdu,BLR-BOM,EaseMyTrip,6E,6E-5089,2026-10-09,T+1,8839,1940,10779,2026-10-08T04:03:26.155Z,FALSE,"",05:30,TRUE
fare_BLR-BOM_6E_2026-10-09_T+1_1791433399595_m9do,BLR-BOM,EaseMyTrip,6E,6E-5293,2026-10-09,T+1,8839,1940,10779,2026-10-08T04:03:26.155Z,FALSE,"",01:00,TRUE
fare_BLR-BOM_6E_2026-10-09_T+1_1791433399595_2epc,BLR-BOM,EaseMyTrip,6E,6E-109,2026-10-09,T+1,9202,2020,11222,2026-10-08T04:03:26.155Z,FALSE,"",17:00,FALSE
fare_BLR-BOM_6E_2026-10-09_T+1_1791433399595_tphp,BLR-BOM,EaseMyTrip,6E,6E-852,2026-10-09,T+1,9202,2020,11222,2026-10-08T04:03:26.155Z,FALSE,"",17:00,FALSE
fare_BLR-BOM_QP_2026-10-09_T+1_1791433399595_xbrv,BLR-BOM,EaseMyTrip,QP,QP-2006,2026-10-09,T+1,9740,2138,11878,2026-10-08T04:03:26.155Z,FALSE,"",14:45,TRUE
fare_BLR-BOM_QP_2026-10-09_T+1_1791433399595_mtd8,BLR-BOM,EaseMyTrip,QP,QP-1154,2026-10-09,T+1,9756,2141,11897,2026-10-08T04:03:26.155Z,FALSE,"",12:10,TRUE
fare_BLR-BOM_6E_2026-10-09_T+1_1791433399595_94wv,BLR-BOM,EaseMyTrip,6E,6E-6554,2026-10-09,T+1,9766,2144,11910,2026-10-08T04:03:26.155Z,FALSE,"",19:15,FALSE
fare_BLR-BOM_6E_2026-10-09_T+1_1791433399595_qx8s,BLR-BOM,EaseMyTrip,6E,6E-869,2026-10-09,T+1,9960,2186,12146,2026-10-08T04:03:26.155Z,FALSE,"",16:40,FALSE
fare_BLR-BOM_6E_2026-10-09_T+1_1791433399595_9ajb,BLR-BOM,EaseMyTrip,6E,6E-497,2026-10-09,T+1,9960,2186,12146,2026-10-08T04:03:26.155Z,FALSE,"",16:40,FALSE
fare_BLR-BOM_6E_2026-10-09_T+1_1791433399595_a0n9,BLR-BOM,EaseMyTrip,6E,6E-5069,2026-10-09,T+1,10030,2202,12232,2026-10-08T04:03:26.155Z,FALSE,"",11:30,TRUE
fare_BLR-BOM_AI_2026-10-09_T+1_1791433399595_abuh,BLR-BOM,EaseMyTrip,AI,AI-9762,2026-10-09,T+1,10358,2274,12632,2026-10-08T04:03:26.155Z,FALSE,"",07:05,FALSE
fare_BLR-BOM_6E_2026-10-09_T+1_1791433399595_wc02,BLR-BOM,EaseMyTrip,6E,6E-872,2026-10-09,T+1,10599,2327,12926,2026-10-08T04:03:26.155Z,FALSE,"",21:45,FALSE
fare_BLR-BOM_6E_2026-10-09_T+1_1791433399595_6x87,BLR-BOM,EaseMyTrip,6E,6E-814,2026-10-09,T+1,10599,2327,12926,2026-10-08T04:03:26.155Z,FALSE,"",21:45,FALSE
fare_BLR-BOM_AI_2026-10-09_T+1_1791433399595_8vv4,BLR-BOM,EaseMyTrip,AI,AI-9778,2026-10-09,T+1,11043,2424,13467,2026-10-08T04:03:26.155Z,FALSE,"",06:10,FALSE
fare_BLR-BOM_IX_2026-10-09_T+1_1791433399595_s34j,BLR-BOM,EaseMyTrip,IX,IX-1893,2026-10-09,T+1,11264,2472,13736,2026-10-08T04:03:26.155Z,FALSE,"",08:40,FALSE
fare_BLR-BOM_6E_2026-10-09_T+1_1791433399595_hz0j,BLR-BOM,EaseMyTrip,6E,6E-2086,2026-10-09,T+1,11266,2473,13739,2026-10-08T04:03:26.155Z,FALSE,"",09:25,TRUE
fare_BLR-BOM_AI_2026-10-09_T+1_1791433399595_nb19,BLR-BOM,EaseMyTrip,AI,AI-9970,2026-10-09,T+1,11555,2536,14091,2026-10-08T04:03:26.155Z,FALSE,"",14:35,FALSE
fare_BLR-BOM_AI_2026-10-09_T+1_1791433399595_8d12,BLR-BOM,EaseMyTrip,AI,AI-9455,2026-10-09,T+1,11747,2578,14325,2026-10-08T04:03:26.155Z,FALSE,"",08:40,FALSE
fare_BLR-BOM_6E_2026-10-09_T+1_1791433399595_ja58,BLR-BOM,EaseMyTrip,6E,6E-5218,2026-10-09,T+1,12011,2636,14647,2026-10-08T04:03:26.155Z,FALSE,"",13:00,TRUE
fare_BLR-BOM_6E_2026-10-09_T+1_1791433399595_7uy3,BLR-BOM,EaseMyTrip,6E,6E-5237,2026-10-09,T+1,12011,2636,14647,2026-10-08T04:03:26.155Z,FALSE,"",10:15,TRUE
fare_BLR-BOM_AI_2026-10-09_T+1_1791433399595_4gfq,BLR-BOM,EaseMyTrip,AI,AI-9852,2026-10-09,T+1,12209,2680,14889,2026-10-08T04:03:26.155Z,FALSE,"",18:40,FALSE
fare_BLR-BOM_6E_2026-10-09_T+1_1791433399595_u9hj,BLR-BOM,EaseMyTrip,6E,6E-7445,2026-10-09,T+1,12243,2688,14931,2026-10-08T04:03:26.155Z,FALSE,"",15:20,FALSE
fare_BLR-BOM_AI_2026-10-09_T+1_1791433399595_2qvm,BLR-BOM,EaseMyTrip,AI,AI-9480,2026-10-09,T+1,12565,2758,15323,2026-10-08T04:03:26.155Z,FALSE,"",08:40,FALSE
fare_BLR-BOM_6E_2026-10-09_T+1_1791433399595_dyxm,BLR-BOM,EaseMyTrip,6E,6E-6168,2026-10-09,T+1,12420,2726,15146,2026-10-08T04:03:26.155Z,FALSE,"",17:40,FALSE
fare_BLR-BOM_AI_2026-10-09_T+1_1791433399595_ajqf,BLR-BOM,EaseMyTrip,AI,AI-9570,2026-10-09,T+1,12586,2763,15349,2026-10-08T04:03:26.155Z,FALSE,"",06:05,FALSE
fare_BLR-BOM_6E_2026-10-09_T+1_1791433399595_5ck8,BLR-BOM,EaseMyTrip,6E,6E-621,2026-10-09,T+1,12424,2727,15151,2026-10-08T04:03:26.155Z,FALSE,"",16:40,FALSE
fare_BLR-BOM_6E_2026-10-09_T+1_1791433399595_fv06,BLR-BOM,EaseMyTrip,6E,6E-449,2026-10-09,T+1,12424,2727,15151,2026-10-08T04:03:26.155Z,FALSE,"",16:40,FALSE
fare_BLR-BOM_6E_2026-10-09_T+1_1791433399595_3hu0,BLR-BOM,EaseMyTrip,6E,6E-5051,2026-10-09,T+1,12872,2825,15697,2026-10-08T04:03:26.155Z,FALSE,"",08:30,TRUE
fare_BLR-BOM_6E_2026-10-09_T+1_1791433399595_j8wm,BLR-BOM,EaseMyTrip,6E,6E-5216,2026-10-09,T+1,12872,2825,15697,2026-10-08T04:03:26.155Z,FALSE,"",07:25,TRUE
fare_BLR-BOM_6E_2026-10-09_T+1_1791433399595_cr31,BLR-BOM,EaseMyTrip,6E,6E-6753,2026-10-09,T+1,13818,3033,16851,2026-10-08T04:03:26.155Z,FALSE,"",15:15,FALSE
fare_BLR-BOM_6E_2026-10-09_T+1_1791433399595_q89t,BLR-BOM,EaseMyTrip,6E,6E-5351,2026-10-09,T+1,13905,3052,16957,2026-10-08T04:03:26.155Z,FALSE,"",14:20,TRUE
fare_BLR-BOM_AI_2026-10-09_T+1_1791433399595_6gai,BLR-BOM,EaseMyTrip,AI,AI-2630,2026-10-09,T+1,14216,3121,17337,2026-10-08T04:03:26.155Z,FALSE,"",12:05,TRUE
fare_BLR-BOM_6E_2026-10-09_T+1_1791433399595_xlxh,BLR-BOM,EaseMyTrip,6E,6E-966,2026-10-09,T+1,14081,3091,17172,2026-10-08T04:03:26.155Z,FALSE,"",16:50,FALSE
fare_BLR-BOM_6E_2026-10-09_T+1_1791433399595_delp,BLR-BOM,EaseMyTrip,6E,6E-919,2026-10-09,T+1,14081,3091,17172,2026-10-08T04:03:26.155Z,FALSE,"",16:50,FALSE
fare_BLR-BOM_6E_2026-10-09_T+1_1791433399595_w52t,BLR-BOM,EaseMyTrip,6E,6E-210,2026-10-09,T+1,15094,3313,18407,2026-10-08T04:03:26.155Z,FALSE,"",10:15,FALSE
fare_BLR-BOM_6E_2026-10-09_T+1_1791433399595_5yd6,BLR-BOM,EaseMyTrip,6E,6E-141,2026-10-09,T+1,15094,3313,18407,2026-10-08T04:03:26.155Z,FALSE,"",10:15,FALSE
fare_BLR-BOM_6E_2026-10-09_T+1_1791433399595_1hda,BLR-BOM,EaseMyTrip,6E,6E-5031,2026-10-09,T+1,15110,3317,18427,2026-10-08T04:03:26.155Z,FALSE,"",16:00,TRUE
fare_BLR-BOM_IX_2026-10-09_T+1_1791433399595_vmk5,BLR-BOM,EaseMyTrip,IX,IX-1581,2026-10-09,T+1,15361,3372,18733,2026-10-08T04:03:26.155Z,FALSE,"",18:45,TRUE
fare_BLR-BOM_IX_2026-10-09_T+1_1791433399595_9qqk,BLR-BOM,EaseMyTrip,IX,IX-1360,2026-10-09,T+1,15361,3372,18733,2026-10-08T04:03:26.155Z,FALSE,"",20:55,TRUE
fare_BLR-BOM_6E_2026-10-09_T+1_1791433399595_43nh,BLR-BOM,EaseMyTrip,6E,6E-554,2026-10-09,T+1,15438,3389,18827,2026-10-08T04:03:26.155Z,FALSE,"",10:15,FALSE
fare_BLR-BOM_6E_2026-10-09_T+1_1791433399595_3bzm,BLR-BOM,EaseMyTrip,6E,6E-311,2026-10-09,T+1,15438,3389,18827,2026-10-08T04:03:26.155Z,FALSE,"",10:15,FALSE
fare_BLR-BOM_QP_2026-10-09_T+1_1791433399595_wwdm,BLR-BOM,EaseMyTrip,QP,QP-1134,2026-10-09,T+1,15543,3412,18955,2026-10-08T04:03:26.155Z,FALSE,"",22:55,TRUE
fare_BLR-BOM_6E_2026-10-09_T+1_1791433399595_50of,BLR-BOM,EaseMyTrip,6E,6E-6162,2026-10-09,T+1,15651,3435,19086,2026-10-08T04:03:26.155Z,FALSE,"",18:50,FALSE
fare_BLR-BOM_AI_2026-10-09_T+1_1791433399595_ufhv,BLR-BOM,EaseMyTrip,AI,AI-2858,2026-10-09,T+1,15926,3496,19422,2026-10-08T04:03:26.155Z,FALSE,"",02:20,TRUE
fare_BLR-BOM_AI_2026-10-09_T+1_1791433399595_wbsa,BLR-BOM,EaseMyTrip,AI,AI-2402,2026-10-09,T+1,15926,3496,19422,2026-10-08T04:03:26.155Z,FALSE,"",06:35,TRUE
fare_BLR-BOM_AI_2026-10-09_T+1_1791433399595_uj2b,BLR-BOM,EaseMyTrip,AI,AI-2840,2026-10-09,T+1,15926,3496,19422,2026-10-08T04:03:26.155Z,FALSE,"",22:30,TRUE
fare_BLR-BOM_6E_2026-10-09_T+1_1791433399595_0lq7,BLR-BOM,EaseMyTrip,6E,6E-6178,2026-10-09,T+1,15783,3464,19247,2026-10-08T04:03:26.155Z,FALSE,"",06:10,FALSE
fare_BLR-BOM_AI_2026-10-09_T+1_1791433399595_9dg3,BLR-BOM,EaseMyTrip,AI,AI-9524,2026-10-09,T+1,15997,3511,19508,2026-10-08T04:03:26.155Z,FALSE,"",17:05,FALSE
fare_BLR-BOM_IX_2026-10-09_T+1_1791433399595_w4nb,BLR-BOM,EaseMyTrip,IX,IX-2116,2026-10-09,T+1,16114,3537,19651,2026-10-08T04:03:26.155Z,FALSE,"",21:00,FALSE
fare_BLR-BOM_6E_2026-10-09_T+1_1791433399595_2ffw,BLR-BOM,EaseMyTrip,6E,6E-6003,2026-10-09,T+1,16007,3514,19521,2026-10-08T04:03:26.155Z,FALSE,"",15:35,FALSE
fare_BLR-BOM_AI_2026-10-09_T+1_1791433399595_b97b,BLR-BOM,EaseMyTrip,AI,AI-2852,2026-10-09,T+1,16224,3561,19785,2026-10-08T04:03:26.155Z,FALSE,"",10:30,TRUE
fare_BLR-BOM_IX_2026-10-09_T+1_1791433399595_9tus,BLR-BOM,EaseMyTrip,IX,IX-1526,2026-10-09,T+1,16339,3587,19926,2026-10-08T04:03:26.155Z,FALSE,"",09:25,FALSE
fare_BLR-BOM_AI_2026-10-09_T+1_1791433399595_e5dg,BLR-BOM,EaseMyTrip,AI,AI-2642,2026-10-09,T+1,16522,3627,20149,2026-10-08T04:03:26.155Z,FALSE,"",21:30,TRUE
fare_BLR-BOM_AI_2026-10-09_T+1_1791433399595_q1vo,BLR-BOM,EaseMyTrip,AI,AI-2850,2026-10-09,T+1,16820,3692,20512,2026-10-08T04:03:26.155Z,FALSE,"",20:30,TRUE
fare_BLR-BOM_6E_2026-10-09_T+1_1791433399595_548j,BLR-BOM,EaseMyTrip,6E,6E-6283,2026-10-09,T+1,16657,3657,20314,2026-10-08T04:03:26.155Z,FALSE,"",19:05,TRUE
fare_BLR-BOM_6E_2026-10-09_T+1_1791433399595_k4en,BLR-BOM,EaseMyTrip,6E,6E-5255,2026-10-09,T+1,16657,3657,20314,2026-10-08T04:03:26.155Z,FALSE,"",17:25,TRUE
fare_BLR-BOM_6E_2026-10-09_T+1_1791433399595_ai4k,BLR-BOM,EaseMyTrip,6E,6E-5094,2026-10-09,T+1,16657,3657,20314,2026-10-08T04:03:26.155Z,FALSE,"",22:20,TRUE
fare_BLR-BOM_6E_2026-10-09_T+1_1791433399595_18mx,BLR-BOM,EaseMyTrip,6E,6E-5376,2026-10-09,T+1,16657,3657,20314,2026-10-08T04:03:26.155Z,FALSE,"",20:15,TRUE
fare_BLR-BOM_AI_2026-10-09_T+1_1791433399595_5je4,BLR-BOM,EaseMyTrip,AI,AI-9437,2026-10-09,T+1,16826,3694,20520,2026-10-08T04:03:26.155Z,FALSE,"",07:05,FALSE
fare_BLR-BOM_AI_2026-10-09_T+1_1791433399595_whno,BLR-BOM,EaseMyTrip,AI,AI-2854,2026-10-09,T+1,16968,3725,20693,2026-10-08T04:03:26.155Z,FALSE,"",18:05,TRUE
fare_BLR-BOM_AI_2026-10-09_T+1_1791433399595_rjig,BLR-BOM,EaseMyTrip,AI,AI-2811,2026-10-09,T+1,16968,3725,20693,2026-10-08T04:03:26.155Z,FALSE,"",23:40,TRUE
fare_BLR-BOM_IX_2026-10-09_T+1_1791433399595_uh9e,BLR-BOM,EaseMyTrip,IX,IX-1407,2026-10-09,T+1,17190,3774,20964,2026-10-08T04:03:26.155Z,FALSE,"",13:30,FALSE
fare_BLR-BOM_IX_2026-10-09_T+1_1791433399595_zpku,BLR-BOM,EaseMyTrip,IX,IX-2892,2026-10-09,T+1,17190,3774,20964,2026-10-08T04:03:26.155Z,FALSE,"",09:10,FALSE
fare_BLR-BOM_AI_2026-10-09_T+1_1791433399595_9o3p,BLR-BOM,EaseMyTrip,AI,AI-9605,2026-10-09,T+1,17585,3860,21445,2026-10-08T04:03:26.155Z,FALSE,"",14:25,FALSE
fare_BLR-BOM_6E_2026-10-09_T+1_1791433399595_rkp5,BLR-BOM,EaseMyTrip,6E,6E-653,2026-10-09,T+1,17893,3928,21821,2026-10-08T04:03:26.155Z,FALSE,"",09:15,FALSE
fare_BLR-BOM_6E_2026-10-09_T+1_1791433399595_5e92,BLR-BOM,EaseMyTrip,6E,6E-123,2026-10-09,T+1,17893,3928,21821,2026-10-08T04:03:26.155Z,FALSE,"",09:15,FALSE
fare_BLR-BOM_6E_2026-10-09_T+1_1791433399595_kmxj,BLR-BOM,EaseMyTrip,6E,6E-215,2026-10-09,T+1,17893,3928,21821,2026-10-08T04:03:26.155Z,FALSE,"",08:15,FALSE
fare_BLR-BOM_6E_2026-10-09_T+1_1791433399595_vugd,BLR-BOM,EaseMyTrip,6E,6E-106,2026-10-09,T+1,17893,3928,21821,2026-10-08T04:03:26.155Z,FALSE,"",08:15,FALSE
fare_BLR-BOM_AI_2026-10-09_T+1_1791433399595_gerw,BLR-BOM,EaseMyTrip,AI,AI-9520,2026-10-09,T+1,19011,4173,23184,2026-10-08T04:03:26.155Z,FALSE,"",13:05,FALSE
fare_BLR-BOM_6E_2026-10-09_T+1_1791433399595_tj7n,BLR-BOM,EaseMyTrip,6E,6E-220,2026-10-09,T+1,19213,4217,23430,2026-10-08T04:03:26.155Z,FALSE,"",10:45,FALSE
fare_BLR-BOM_6E_2026-10-09_T+1_1791433399595_hsar,BLR-BOM,EaseMyTrip,6E,6E-145,2026-10-09,T+1,19213,4217,23430,2026-10-08T04:03:26.155Z,FALSE,"",10:45,FALSE
fare_BLR-BOM_6E_2026-10-09_T+1_1791433399595_g481,BLR-BOM,EaseMyTrip,6E,6E-6404,2026-10-09,T+1,19351,4248,23599,2026-10-08T04:03:26.155Z,FALSE,"",11:35,FALSE
fare_BLR-BOM_6E_2026-10-09_T+1_1791433399595_c4c2,BLR-BOM,EaseMyTrip,6E,6E-6595,2026-10-09,T+1,21072,4625,25697,2026-10-08T04:03:26.155Z,FALSE,"",13:55,FALSE
fare_BLR-BOM_AI_2026-10-09_T+1_1791433399595_fkhq,BLR-BOM,EaseMyTrip,AI,AI-9708,2026-10-09,T+1,21994,4828,26822,2026-10-08T04:03:26.155Z,FALSE,"",09:25,FALSE
fare_BLR-BOM_AI_2026-10-09_T+1_1791433399595_hoas,BLR-BOM,EaseMyTrip,AI,AI-9564,2026-10-09,T+1,23570,5174,28744,2026-10-08T04:03:26.155Z,FALSE,"",14:55,FALSE
fare_BLR-BOM_AI_2026-10-09_T+1_1791433399595_1msa,BLR-BOM,EaseMyTrip,AI,AI-2810,2026-10-09,T+1,23661,5194,28855,2026-10-08T04:03:26.155Z,FALSE,"",06:00,FALSE
fare_BLR-BOM_AI_2026-10-09_T+1_1791433399595_ykkk,BLR-BOM,EaseMyTrip,AI,AI-2414,2026-10-09,T+1,23876,5241,29117,2026-10-08T04:03:26.155Z,FALSE,"",05:30,FALSE
fare_BLR-BOM_6E_2026-10-09_T+1_1791433399595_vja4,BLR-BOM,EaseMyTrip,6E,6E-6067,2026-10-09,T+1,24048,5279,29327,2026-10-08T04:03:26.155Z,FALSE,"",16:30,FALSE
fare_BLR-BOM_6E_2026-10-09_T+1_1791433399595_g53v,BLR-BOM,EaseMyTrip,6E,6E-617,2026-10-09,T+1,24624,5405,30029,2026-10-08T04:03:26.155Z,FALSE,"",18:35,FALSE
fare_BLR-BOM_6E_2026-10-09_T+1_1791433399595_rr8f,BLR-BOM,EaseMyTrip,6E,6E-861,2026-10-09,T+1,24624,5405,30029,2026-10-08T04:03:26.155Z,FALSE,"",18:35,FALSE
fare_BLR-BOM_IX_2026-10-09_T+1_1791433399595_foi9,BLR-BOM,EaseMyTrip,IX,IX-1536,2026-10-09,T+1,24859,5457,30316,2026-10-08T04:03:26.155Z,FALSE,"",15:00,FALSE
fare_BLR-BOM_6E_2026-10-09_T+1_1791433399595_81f3,BLR-BOM,EaseMyTrip,6E,6E-6423,2026-10-09,T+1,24950,5477,30427,2026-10-08T04:03:26.155Z,FALSE,"",20:00,FALSE
fare_BLR-BOM_6E_2026-10-09_T+1_1791433399595_c1d9,BLR-BOM,EaseMyTrip,6E,6E-292,2026-10-09,T+1,26756,5873,32629,2026-10-08T04:03:26.155Z,FALSE,"",19:45,FALSE
fare_BLR-BOM_6E_2026-10-09_T+1_1791433399595_c0lo,BLR-BOM,EaseMyTrip,6E,6E-162,2026-10-09,T+1,26756,5873,32629,2026-10-08T04:03:26.155Z,FALSE,"",19:45,FALSE
fare_BLR-BOM_AI_2026-10-09_T+1_1791433399595_syyi,BLR-BOM,EaseMyTrip,AI,AI-2654,2026-10-09,T+1,26994,5925,32919,2026-10-08T04:03:26.155Z,FALSE,"",07:00,FALSE
fare_BLR-BOM_AI_2026-10-09_T+1_1791433399595_wqwx,BLR-BOM,EaseMyTrip,AI,AI-2804,2026-10-09,T+1,26994,5925,32919,2026-10-08T04:03:26.155Z,FALSE,"",10:00,FALSE
fare_BLR-BOM_6E_2026-10-09_T+1_1791433399595_w7p3,BLR-BOM,EaseMyTrip,6E,6E-6077,2026-10-09,T+1,26968,5920,32888,2026-10-08T04:03:26.155Z,FALSE,"",20:20,FALSE
fare_BLR-BOM_6E_2026-10-09_T+1_1791433399595_f5dt,BLR-BOM,EaseMyTrip,6E,6E-6017,2026-10-09,T+1,26968,5920,32888,2026-10-08T04:03:26.155Z,FALSE,"",18:15,FALSE
fare_BLR-BOM_6E_2026-10-09_T+1_1791433399595_prbx,BLR-BOM,EaseMyTrip,6E,6E-415,2026-10-09,T+1,27207,5972,33179,2026-10-08T04:03:26.155Z,FALSE,"",18:35,FALSE
fare_BLR-BOM_6E_2026-10-09_T+1_1791433399595_q3cw,BLR-BOM,EaseMyTrip,6E,6E-505,2026-10-09,T+1,27645,6068,33713,2026-10-08T04:03:26.155Z,FALSE,"",17:15,FALSE
fare_BLR-BOM_6E_2026-10-09_T+1_1791433399595_xlcs,BLR-BOM,EaseMyTrip,6E,6E-911,2026-10-09,T+1,27645,6068,33713,2026-10-08T04:03:26.155Z,FALSE,"",17:15,FALSE
fare_BLR-BOM_AI_2026-10-09_T+1_1791433399595_de0t,BLR-BOM,EaseMyTrip,AI,AI-2511,2026-10-09,T+1,29050,6377,35427,2026-10-08T04:03:26.155Z,FALSE,"",15:00,FALSE
fare_BLR-BOM_6E_2026-10-09_T+1_1791433399595_oyg9,BLR-BOM,EaseMyTrip,6E,6E-447,2026-10-09,T+1,29339,6440,35779,2026-10-08T04:03:26.155Z,FALSE,"",19:45,FALSE
fare_BLR-BOM_6E_2026-10-09_T+1_1791433399595_8g03,BLR-BOM,EaseMyTrip,6E,6E-860,2026-10-09,T+1,29339,6440,35779,2026-10-08T04:03:26.155Z,FALSE,"",19:45,FALSE
fare_BLR-BOM_AI_2026-10-09_T+1_1791433399595_2w3v,BLR-BOM,EaseMyTrip,AI,AI-2486,2026-10-09,T+1,29519,6480,35999,2026-10-08T04:03:26.155Z,FALSE,"",14:00,FALSE
fare_BLR-BOM_IX_2026-10-09_T+1_1791433399595_ik3e,BLR-BOM,EaseMyTrip,IX,IX-1040,2026-10-09,T+1,30789,6759,37548,2026-10-08T04:03:26.155Z,FALSE,"",17:35,FALSE
fare_BLR-BOM_AI_2026-10-09_T+1_1791433399595_ajqe,BLR-BOM,EaseMyTrip,AI,AI-428,2026-10-09,T+1,31906,7004,38910,2026-10-08T04:03:26.155Z,FALSE,"",15:30,FALSE
fare_BLR-BOM_AI_2026-10-09_T+1_1791433399595_zju8,BLR-BOM,EaseMyTrip,AI,AI-2820,2026-10-09,T+1,31906,7004,38910,2026-10-08T04:03:26.155Z,FALSE,"",17:25,FALSE
fare_BLR-BOM_AI_2026-10-09_T+1_1791433399595_axvc,BLR-BOM,EaseMyTrip,AI,AI-2418,2026-10-09,T+1,31906,7004,38910,2026-10-08T04:03:26.155Z,FALSE,"",16:30,FALSE
fare_BLR-BOM_6E_2026-10-15_T+7_1791433399595_vjw2,BLR-BOM,EaseMyTrip,6E,6E-6168,2026-10-15,T+7,5483,1204,6687,2026-10-08T04:03:32.850Z,FALSE,"",17:15,FALSE
fare_BLR-BOM_6E_2026-10-15_T+7_1791433399595_gu1r,BLR-BOM,EaseMyTrip,6E,6E-6753,2026-10-15,T+7,5483,1204,6687,2026-10-08T04:03:32.850Z,FALSE,"",15:15,FALSE
fare_BLR-BOM_QP_2026-10-15_T+7_1791433399595_d0cr,BLR-BOM,EaseMyTrip,QP,QP-1517,2026-10-15,T+7,5520,1212,6732,2026-10-08T04:03:32.850Z,FALSE,"",04:55,TRUE
fare_BLR-BOM_6E_2026-10-15_T+7_1791433399595_oawq,BLR-BOM,EaseMyTrip,6E,6E-6003,2026-10-15,T+7,5683,1247,6930,2026-10-08T04:03:32.850Z,FALSE,"",15:35,FALSE
fare_BLR-BOM_6E_2026-10-15_T+7_1791433399595_m7xn,BLR-BOM,EaseMyTrip,6E,6E-6891,2026-10-15,T+7,5683,1247,6930,2026-10-08T04:03:32.850Z,FALSE,"",17:15,FALSE
fare_BLR-BOM_6E_2026-10-15_T+7_1791433399595_7oeu,BLR-BOM,EaseMyTrip,6E,6E-6863,2026-10-15,T+7,5683,1247,6930,2026-10-08T04:03:32.850Z,FALSE,"",08:20,FALSE
fare_BLR-BOM_6E_2026-10-15_T+7_1791433399595_nvrg,BLR-BOM,EaseMyTrip,6E,6E-5205,2026-10-15,T+7,5739,1260,6999,2026-10-08T04:03:32.850Z,FALSE,"",03:45,TRUE
fare_BLR-BOM_6E_2026-10-15_T+7_1791433399595_gfki,BLR-BOM,EaseMyTrip,6E,6E-5293,2026-10-15,T+7,5739,1260,6999,2026-10-08T04:03:32.850Z,FALSE,"",01:00,TRUE
fare_BLR-BOM_6E_2026-10-15_T+7_1791433399595_fg41,BLR-BOM,EaseMyTrip,6E,6E-6077,2026-10-15,T+7,5747,1261,7008,2026-10-08T04:03:32.850Z,FALSE,"",20:20,FALSE
fare_BLR-BOM_6E_2026-10-15_T+7_1791433399595_ekx3,BLR-BOM,EaseMyTrip,6E,6E-6012,2026-10-15,T+7,5747,1261,7008,2026-10-08T04:03:32.850Z,FALSE,"",19:30,FALSE
fare_BLR-BOM_6E_2026-10-15_T+7_1791433399595_k1b2,BLR-BOM,EaseMyTrip,6E,6E-181,2026-10-15,T+7,5747,1261,7008,2026-10-08T04:03:32.850Z,FALSE,"",05:10,FALSE
fare_BLR-BOM_6E_2026-10-15_T+7_1791433399595_0snj,BLR-BOM,EaseMyTrip,6E,6E-914,2026-10-15,T+7,5747,1261,7008,2026-10-08T04:03:32.850Z,FALSE,"",05:10,FALSE
fare_BLR-BOM_6E_2026-10-15_T+7_1791433399595_tpit,BLR-BOM,EaseMyTrip,6E,6E-313,2026-10-15,T+7,5878,1290,7168,2026-10-08T04:03:32.850Z,FALSE,"",16:40,FALSE
fare_BLR-BOM_6E_2026-10-15_T+7_1791433399595_7gzi,BLR-BOM,EaseMyTrip,6E,6E-909,2026-10-15,T+7,5878,1290,7168,2026-10-08T04:03:32.850Z,FALSE,"",16:40,FALSE
fare_BLR-BOM_6E_2026-10-15_T+7_1791433399595_c6hf,BLR-BOM,EaseMyTrip,6E,6E-5351,2026-10-15,T+7,5897,1295,7192,2026-10-08T04:03:32.850Z,FALSE,"",14:20,TRUE
fare_BLR-BOM_6E_2026-10-15_T+7_1791433399595_tnrz,BLR-BOM,EaseMyTrip,6E,6E-356,2026-10-15,T+7,5941,1304,7245,2026-10-08T04:03:32.850Z,FALSE,"",17:55,FALSE
fare_BLR-BOM_6E_2026-10-15_T+7_1791433399595_2r3y,BLR-BOM,EaseMyTrip,6E,6E-435,2026-10-15,T+7,5941,1304,7245,2026-10-08T04:03:32.850Z,FALSE,"",17:55,FALSE
fare_BLR-BOM_QP_2026-10-15_T+7_1791433399595_pvsw,BLR-BOM,EaseMyTrip,QP,QP-2006,2026-10-15,T+7,5984,1314,7298,2026-10-08T04:03:32.850Z,FALSE,"",14:45,TRUE
fare_BLR-BOM_IX_2026-10-15_T+7_1791433399595_x43i,BLR-BOM,EaseMyTrip,IX,IX-1360,2026-10-15,T+7,6242,1370,7612,2026-10-08T04:03:32.850Z,FALSE,"",20:55,TRUE
fare_BLR-BOM_6E_2026-10-15_T+7_1791433399595_wdso,BLR-BOM,EaseMyTrip,6E,6E-5218,2026-10-15,T+7,6156,1351,7507,2026-10-08T04:03:32.850Z,FALSE,"",13:00,TRUE
fare_BLR-BOM_QP_2026-10-15_T+7_1791433399595_0xn5,BLR-BOM,EaseMyTrip,QP,QP-1150,2026-10-15,T+7,6218,1365,7583,2026-10-08T04:03:32.850Z,FALSE,"",16:05,TRUE
fare_BLR-BOM_IX_2026-10-15_T+7_1791433399595_wz0z,BLR-BOM,EaseMyTrip,IX,IX-5937,2026-10-15,T+7,6585,1446,8031,2026-10-08T04:03:32.850Z,FALSE,"",23:50,TRUE
fare_BLR-BOM_6E_2026-10-15_T+7_1791433399595_ab0u,BLR-BOM,EaseMyTrip,6E,6E-5031,2026-10-15,T+7,6414,1408,7822,2026-10-08T04:03:32.850Z,FALSE,"",16:00,TRUE
fare_BLR-BOM_6E_2026-10-15_T+7_1791433399596_t83c,BLR-BOM,EaseMyTrip,6E,6E-627,2026-10-15,T+7,6494,1426,7920,2026-10-08T04:03:32.850Z,FALSE,"",16:40,FALSE
fare_BLR-BOM_6E_2026-10-15_T+7_1791433399596_vl5c,BLR-BOM,EaseMyTrip,6E,6E-868,2026-10-15,T+7,6494,1426,7920,2026-10-08T04:03:32.850Z,FALSE,"",16:40,FALSE
fare_BLR-BOM_IX_2026-10-15_T+7_1791433399596_ghva,BLR-BOM,EaseMyTrip,IX,IX-1581,2026-10-15,T+7,6852,1504,8356,2026-10-08T04:03:32.850Z,FALSE,"",18:45,TRUE
fare_BLR-BOM_QP_2026-10-15_T+7_1791433399596_1uxc,BLR-BOM,EaseMyTrip,QP,QP-1515,2026-10-15,T+7,7017,1540,8557,2026-10-08T04:03:32.850Z,FALSE,"",05:40,TRUE
fare_BLR-BOM_6E_2026-10-15_T+7_1791433399596_7ds4,BLR-BOM,EaseMyTrip,6E,6E-6269,2026-10-15,T+7,7035,1544,8579,2026-10-08T04:03:32.850Z,FALSE,"",07:15,FALSE
fare_BLR-BOM_6E_2026-10-15_T+7_1791433399596_uyd4,BLR-BOM,EaseMyTrip,6E,6E-6554,2026-10-15,T+7,7100,1558,8658,2026-10-08T04:03:32.850Z,FALSE,"",19:15,FALSE
fare_BLR-BOM_6E_2026-10-15_T+7_1791433399596_7gci,BLR-BOM,EaseMyTrip,6E,6E-5237,2026-10-15,T+7,7103,1559,8662,2026-10-08T04:03:32.850Z,FALSE,"",10:15,TRUE
fare_BLR-BOM_6E_2026-10-15_T+7_1791433399596_9kg8,BLR-BOM,EaseMyTrip,6E,6E-5069,2026-10-15,T+7,7103,1559,8662,2026-10-08T04:03:32.850Z,FALSE,"",11:30,TRUE
fare_BLR-BOM_6E_2026-10-15_T+7_1791433399596_ccoy,BLR-BOM,EaseMyTrip,6E,6E-5089,2026-10-15,T+7,7461,1638,9099,2026-10-08T04:03:32.850Z,FALSE,"",05:30,TRUE
fare_BLR-BOM_AI_2026-10-15_T+7_1791433399596_j2ic,BLR-BOM,EaseMyTrip,AI,AI-2852,2026-10-15,T+7,7674,1685,9359,2026-10-08T04:03:32.850Z,FALSE,"",10:30,TRUE
fare_BLR-BOM_6E_2026-10-15_T+7_1791433399596_kejz,BLR-BOM,EaseMyTrip,6E,6E-5051,2026-10-15,T+7,7533,1654,9187,2026-10-08T04:03:32.850Z,FALSE,"",08:30,TRUE
fare_BLR-BOM_6E_2026-10-15_T+7_1791433399596_v7qo,BLR-BOM,EaseMyTrip,6E,6E-5216,2026-10-15,T+7,7533,1654,9187,2026-10-08T04:03:32.850Z,FALSE,"",07:25,TRUE
fare_BLR-BOM_6E_2026-10-15_T+7_1791433399596_lllh,BLR-BOM,EaseMyTrip,6E,6E-815,2026-10-15,T+7,7551,1658,9209,2026-10-08T04:03:32.850Z,FALSE,"",16:50,FALSE
fare_BLR-BOM_6E_2026-10-15_T+7_1791433399596_zyc3,BLR-BOM,EaseMyTrip,6E,6E-267,2026-10-15,T+7,7551,1658,9209,2026-10-08T04:03:32.850Z,FALSE,"",16:50,FALSE
fare_BLR-BOM_QP_2026-10-15_T+7_1791433399596_4psl,BLR-BOM,EaseMyTrip,QP,QP-1134,2026-10-15,T+7,7613,1671,9284,2026-10-08T04:03:32.850Z,FALSE,"",22:55,TRUE
fare_BLR-BOM_AI_2026-10-15_T+7_1791433399596_6bp8,BLR-BOM,EaseMyTrip,AI,AI-2604,2026-10-15,T+7,7806,1714,9520,2026-10-08T04:03:32.850Z,FALSE,"",09:15,TRUE
fare_BLR-BOM_6E_2026-10-15_T+7_1791433399596_51me,BLR-BOM,EaseMyTrip,6E,6E-2086,2026-10-15,T+7,7695,1689,9384,2026-10-08T04:03:32.850Z,FALSE,"",09:25,TRUE
fare_BLR-BOM_6E_2026-10-15_T+7_1791433399596_gf7s,BLR-BOM,EaseMyTrip,6E,6E-6030,2026-10-15,T+7,7695,1689,9384,2026-10-08T04:03:32.850Z,FALSE,"",15:00,TRUE
fare_BLR-BOM_6E_2026-10-15_T+7_1791433399596_t8fc,BLR-BOM,EaseMyTrip,6E,6E-5094,2026-10-15,T+7,7964,1748,9712,2026-10-08T04:03:32.850Z,FALSE,"",22:20,TRUE
fare_BLR-BOM_6E_2026-10-15_T+7_1791433399596_fg80,BLR-BOM,EaseMyTrip,6E,6E-7445,2026-10-15,T+7,8050,1767,9817,2026-10-08T04:03:32.850Z,FALSE,"",15:20,FALSE
fare_BLR-BOM_6E_2026-10-15_T+7_1791433399596_1mkb,BLR-BOM,EaseMyTrip,6E,6E-900,2026-10-15,T+7,8120,1782,9902,2026-10-08T04:03:32.850Z,FALSE,"",10:50,FALSE
fare_BLR-BOM_6E_2026-10-15_T+7_1791433399596_1u96,BLR-BOM,EaseMyTrip,6E,6E-865,2026-10-15,T+7,8120,1782,9902,2026-10-08T04:03:32.850Z,FALSE,"",10:50,FALSE
fare_BLR-BOM_6E_2026-10-15_T+7_1791433399596_rdj1,BLR-BOM,EaseMyTrip,6E,6E-6017,2026-10-15,T+7,8120,1782,9902,2026-10-08T04:03:32.850Z,FALSE,"",18:15,FALSE
fare_BLR-BOM_6E_2026-10-15_T+7_1791433399596_xnzx,BLR-BOM,EaseMyTrip,6E,6E-7005,2026-10-15,T+7,8120,1782,9902,2026-10-08T04:03:32.850Z,FALSE,"",08:05,FALSE
fare_BLR-BOM_6E_2026-10-15_T+7_1791433399596_zgzj,BLR-BOM,EaseMyTrip,6E,6E-2138,2026-10-15,T+7,8120,1782,9902,2026-10-08T04:03:32.850Z,FALSE,"",15:50,FALSE
fare_BLR-BOM_6E_2026-10-15_T+7_1791433399596_2v3w,BLR-BOM,EaseMyTrip,6E,6E-6653,2026-10-15,T+7,8293,1820,10113,2026-10-08T04:03:32.850Z,FALSE,"",12:35,FALSE
fare_BLR-BOM_6E_2026-10-15_T+7_1791433399596_ssb3,BLR-BOM,EaseMyTrip,6E,6E-771,2026-10-15,T+7,8487,1863,10350,2026-10-08T04:03:32.850Z,FALSE,"",10:15,FALSE
fare_BLR-BOM_6E_2026-10-15_T+7_1791433399596_mvnf,BLR-BOM,EaseMyTrip,6E,6E-574,2026-10-15,T+7,8487,1863,10350,2026-10-08T04:03:32.850Z,FALSE,"",10:15,FALSE
fare_BLR-BOM_IX_2026-10-15_T+7_1791433399596_fszy,BLR-BOM,EaseMyTrip,IX,IX-1539,2026-10-15,T+7,9236,2027,11263,2026-10-08T04:03:32.850Z,FALSE,"",05:20,FALSE
fare_BLR-BOM_QP_2026-10-15_T+7_1791433399596_9jvt,BLR-BOM,EaseMyTrip,QP,QP-1986,2026-10-15,T+7,8612,1891,10503,2026-10-08T04:03:32.850Z,FALSE,"",22:40,TRUE
fare_BLR-BOM_AI_2026-10-15_T+7_1791433399596_pftw,BLR-BOM,EaseMyTrip,AI,AI-2858,2026-10-15,T+7,8794,1930,10724,2026-10-08T04:03:32.850Z,FALSE,"",02:20,TRUE
fare_BLR-BOM_AI_2026-10-15_T+7_1791433399596_ye87,BLR-BOM,EaseMyTrip,AI,AI-2840,2026-10-15,T+7,8794,1930,10724,2026-10-08T04:03:32.850Z,FALSE,"",22:30,TRUE
fare_BLR-BOM_6E_2026-10-15_T+7_1791433399596_6zvq,BLR-BOM,EaseMyTrip,6E,6E-6595,2026-10-15,T+7,8745,1920,10665,2026-10-08T04:03:32.850Z,FALSE,"",13:55,FALSE
fare_BLR-BOM_6E_2026-10-15_T+7_1791433399596_4j7e,BLR-BOM,EaseMyTrip,6E,6E-133,2026-10-15,T+7,8745,1920,10665,2026-10-08T04:03:32.850Z,FALSE,"",17:15,FALSE
fare_BLR-BOM_6E_2026-10-15_T+7_1791433399596_7fhj,BLR-BOM,EaseMyTrip,6E,6E-166,2026-10-15,T+7,8745,1920,10665,2026-10-08T04:03:32.850Z,FALSE,"",17:15,FALSE
fare_BLR-BOM_6E_2026-10-15_T+7_1791433399596_h63d,BLR-BOM,EaseMyTrip,6E,6E-152,2026-10-15,T+7,8745,1920,10665,2026-10-08T04:03:32.850Z,FALSE,"",10:50,FALSE
fare_BLR-BOM_6E_2026-10-15_T+7_1791433399596_pyr3,BLR-BOM,EaseMyTrip,6E,6E-779,2026-10-15,T+7,8745,1920,10665,2026-10-08T04:03:32.850Z,FALSE,"",10:50,FALSE
fare_BLR-BOM_6E_2026-10-15_T+7_1791433399596_8hqz,BLR-BOM,EaseMyTrip,6E,6E-6208,2026-10-15,T+7,8745,1920,10665,2026-10-08T04:03:32.850Z,FALSE,"",12:45,FALSE
fare_BLR-BOM_AI_2026-10-15_T+7_1791433399596_gxue,BLR-BOM,EaseMyTrip,AI,AI-2642,2026-10-15,T+7,8949,1964,10913,2026-10-08T04:03:32.850Z,FALSE,"",21:30,TRUE
fare_BLR-BOM_6E_2026-10-15_T+7_1791433399596_t3bt,BLR-BOM,EaseMyTrip,6E,6E-6283,2026-10-15,T+7,8911,1956,10867,2026-10-08T04:03:32.850Z,FALSE,"",19:05,TRUE
fare_BLR-BOM_6E_2026-10-15_T+7_1791433399596_e59h,BLR-BOM,EaseMyTrip,6E,6E-5255,2026-10-15,T+7,8911,1956,10867,2026-10-08T04:03:32.850Z,FALSE,"",17:25,TRUE
fare_BLR-BOM_AI_2026-10-15_T+7_1791433399596_9cpa,BLR-BOM,EaseMyTrip,AI,AI-2846,2026-10-15,T+7,9104,1998,11102,2026-10-08T04:03:32.850Z,FALSE,"",08:20,TRUE
fare_BLR-BOM_AI_2026-10-15_T+7_1791433399596_jf0j,BLR-BOM,EaseMyTrip,AI,AI-2811,2026-10-15,T+7,9104,1998,11102,2026-10-08T04:03:32.850Z,FALSE,"",23:40,TRUE
fare_BLR-BOM_AI_2026-10-15_T+7_1791433399596_2bwv,BLR-BOM,EaseMyTrip,AI,AI-2610,2026-10-15,T+7,9104,1998,11102,2026-10-08T04:03:32.850Z,FALSE,"",19:00,TRUE
fare_BLR-BOM_AI_2026-10-15_T+7_1791433399596_qz9x,BLR-BOM,EaseMyTrip,AI,AI-2850,2026-10-15,T+7,9259,2032,11291,2026-10-08T04:03:32.850Z,FALSE,"",20:30,TRUE
fare_BLR-BOM_6E_2026-10-15_T+7_1791433399596_9zu5,BLR-BOM,EaseMyTrip,6E,6E-6404,2026-10-15,T+7,9173,2014,11187,2026-10-08T04:03:32.850Z,FALSE,"",11:35,FALSE
fare_BLR-BOM_6E_2026-10-15_T+7_1791433399596_mbmk,BLR-BOM,EaseMyTrip,6E,6E-724,2026-10-15,T+7,9173,2014,11187,2026-10-08T04:03:32.850Z,FALSE,"",08:15,FALSE
fare_BLR-BOM_6E_2026-10-15_T+7_1791433399596_41vw,BLR-BOM,EaseMyTrip,6E,6E-922,2026-10-15,T+7,9173,2014,11187,2026-10-08T04:03:32.850Z,FALSE,"",08:15,FALSE
fare_BLR-BOM_6E_2026-10-15_T+7_1791433399596_xkoa,BLR-BOM,EaseMyTrip,6E,6E-5376,2026-10-15,T+7,9428,2069,11497,2026-10-08T04:03:32.850Z,FALSE,"",20:15,TRUE
fare_BLR-BOM_6E_2026-10-15_T+7_1791433399596_e130,BLR-BOM,EaseMyTrip,6E,6E-803,2026-10-15,T+7,9432,2070,11502,2026-10-08T04:03:32.850Z,FALSE,"",07:10,FALSE
fare_BLR-BOM_6E_2026-10-15_T+7_1791433399596_2s6c,BLR-BOM,EaseMyTrip,6E,6E-385,2026-10-15,T+7,9432,2070,11502,2026-10-08T04:03:32.850Z,FALSE,"",07:10,FALSE
fare_BLR-BOM_6E_2026-10-15_T+7_1791433399596_sr8x,BLR-BOM,EaseMyTrip,6E,6E-6423,2026-10-15,T+7,9432,2070,11502,2026-10-08T04:03:32.850Z,FALSE,"",21:05,FALSE
fare_BLR-BOM_AI_2026-10-15_T+7_1791433399596_g5lu,BLR-BOM,EaseMyTrip,AI,AI-9572,2026-10-15,T+7,9919,2177,12096,2026-10-08T04:03:32.850Z,FALSE,"",12:30,FALSE
fare_BLR-BOM_IX_2026-10-15_T+7_1791433399596_nthc,BLR-BOM,EaseMyTrip,IX,IX-1386,2026-10-15,T+7,10620,2331,12951,2026-10-08T04:03:32.850Z,FALSE,"",13:05,FALSE
fare_BLR-BOM_6E_2026-10-15_T+7_1791433399596_9ewi,BLR-BOM,EaseMyTrip,6E,6E-672,2026-10-15,T+7,9929,2179,12108,2026-10-08T04:03:32.850Z,FALSE,"",09:15,FALSE
fare_BLR-BOM_6E_2026-10-15_T+7_1791433399596_2qmw,BLR-BOM,EaseMyTrip,6E,6E-478,2026-10-15,T+7,9929,2179,12108,2026-10-08T04:03:32.850Z,FALSE,"",09:15,FALSE
fare_BLR-BOM_6E_2026-10-15_T+7_1791433399596_us18,BLR-BOM,EaseMyTrip,6E,6E-206,2026-10-15,T+7,9929,2179,12108,2026-10-08T04:03:32.850Z,FALSE,"",17:00,FALSE
fare_BLR-BOM_6E_2026-10-15_T+7_1791433399596_8ijz,BLR-BOM,EaseMyTrip,6E,6E-427,2026-10-15,T+7,9929,2179,12108,2026-10-08T04:03:32.850Z,FALSE,"",17:00,FALSE
fare_BLR-BOM_AI_2026-10-15_T+7_1791433399596_w9e8,BLR-BOM,EaseMyTrip,AI,AI-2630,2026-10-15,T+7,10576,2321,12897,2026-10-08T04:03:32.850Z,FALSE,"",12:05,TRUE
fare_BLR-BOM_AI_2026-10-15_T+7_1791433399596_fju2,BLR-BOM,EaseMyTrip,AI,AI-9478,2026-10-15,T+7,10745,2359,13104,2026-10-08T04:03:32.850Z,FALSE,"",22:10,FALSE
fare_BLR-BOM_AI_2026-10-15_T+7_1791433399596_0721,BLR-BOM,EaseMyTrip,AI,AI-9570,2026-10-15,T+7,10753,2361,13114,2026-10-08T04:03:32.850Z,FALSE,"",06:05,FALSE
fare_BLR-BOM_IX_2026-10-15_T+7_1791433399596_po3e,BLR-BOM,EaseMyTrip,IX,IX-2931,2026-10-15,T+7,12088,2653,14741,2026-10-08T04:03:32.850Z,FALSE,"",08:45,FALSE
fare_BLR-BOM_IX_2026-10-15_T+7_1791433399596_h5x5,BLR-BOM,EaseMyTrip,IX,IX-2881,2026-10-15,T+7,12088,2653,14741,2026-10-08T04:03:32.850Z,FALSE,"",05:50,FALSE
fare_BLR-BOM_6E_2026-10-15_T+7_1791433399596_94wf,BLR-BOM,EaseMyTrip,6E,6E-419,2026-10-15,T+7,10758,2362,13120,2026-10-08T04:03:32.850Z,FALSE,"",19:45,FALSE
fare_BLR-BOM_6E_2026-10-15_T+7_1791433399596_yw0y,BLR-BOM,EaseMyTrip,6E,6E-434,2026-10-15,T+7,10758,2362,13120,2026-10-08T04:03:32.850Z,FALSE,"",19:45,FALSE
fare_BLR-BOM_AI_2026-10-15_T+7_1791433399596_8p2u,BLR-BOM,EaseMyTrip,AI,AI-9528,2026-10-15,T+7,11046,2425,13471,2026-10-08T04:03:32.850Z,FALSE,"",05:20,FALSE
fare_BLR-BOM_AI_2026-10-15_T+7_1791433399596_84np,BLR-BOM,EaseMyTrip,AI,AI-9524,2026-10-15,T+7,11046,2425,13471,2026-10-08T04:03:32.850Z,FALSE,"",17:05,FALSE
fare_BLR-BOM_AI_2026-10-15_T+7_1791433399596_t2y4,BLR-BOM,EaseMyTrip,AI,AI-9762,2026-10-15,T+7,11107,2438,13545,2026-10-08T04:03:32.850Z,FALSE,"",07:05,FALSE
fare_BLR-BOM_AI_2026-10-15_T+7_1791433399596_ugvl,BLR-BOM,EaseMyTrip,AI,AI-9568,2026-10-15,T+7,11236,2467,13703,2026-10-08T04:03:32.850Z,FALSE,"",17:15,FALSE
fare_BLR-BOM_AI_2026-10-15_T+7_1791433399596_9g4r,BLR-BOM,EaseMyTrip,AI,AI-9564,2026-10-15,T+7,11236,2467,13703,2026-10-08T04:03:32.850Z,FALSE,"",14:55,FALSE
fare_BLR-BOM_AI_2026-10-15_T+7_1791433399596_mbcj,BLR-BOM,EaseMyTrip,AI,AI-9482,2026-10-15,T+7,11504,2525,14029,2026-10-08T04:03:32.850Z,FALSE,"",19:40,FALSE
fare_BLR-BOM_AI_2026-10-15_T+7_1791433399596_aok9,BLR-BOM,EaseMyTrip,AI,AI-9970,2026-10-15,T+7,11829,2596,14425,2026-10-08T04:03:32.850Z,FALSE,"",14:35,FALSE
fare_BLR-BOM_6E_2026-10-15_T+7_1791433399596_u06a,BLR-BOM,EaseMyTrip,6E,6E-667,2026-10-15,T+7,11671,2562,14233,2026-10-08T04:03:32.850Z,FALSE,"",19:45,FALSE
fare_BLR-BOM_6E_2026-10-15_T+7_1791433399596_5avx,BLR-BOM,EaseMyTrip,6E,6E-767,2026-10-15,T+7,11671,2562,14233,2026-10-08T04:03:32.850Z,FALSE,"",19:45,FALSE
fare_BLR-BOM_AI_2026-10-15_T+7_1791433399596_8apl,BLR-BOM,EaseMyTrip,AI,AI-9778,2026-10-15,T+7,12577,2761,15338,2026-10-08T04:03:32.850Z,FALSE,"",06:10,FALSE
fare_BLR-BOM_IX_2026-10-15_T+7_1791433399596_0xyz,BLR-BOM,EaseMyTrip,IX,IX-2608,2026-10-15,T+7,12694,2786,15480,2026-10-08T04:03:32.850Z,FALSE,"",16:15,FALSE
fare_BLR-BOM_IX_2026-10-15_T+7_1791433399596_3bdg,BLR-BOM,EaseMyTrip,IX,IX-1893,2026-10-15,T+7,12694,2786,15480,2026-10-08T04:03:32.850Z,FALSE,"",08:40,FALSE
fare_BLR-BOM_6E_2026-10-15_T+7_1791433399596_i18g,BLR-BOM,EaseMyTrip,6E,6E-851,2026-10-15,T+7,12676,2782,15458,2026-10-08T04:03:32.850Z,FALSE,"",18:35,FALSE
fare_BLR-BOM_6E_2026-10-15_T+7_1791433399596_cf0i,BLR-BOM,EaseMyTrip,6E,6E-956,2026-10-15,T+7,12676,2782,15458,2026-10-08T04:03:32.850Z,FALSE,"",18:35,FALSE
fare_BLR-BOM_6E_2026-10-15_T+7_1791433399596_ownv,BLR-BOM,EaseMyTrip,6E,6E-6507,2026-10-15,T+7,12752,2799,15551,2026-10-08T04:03:32.850Z,FALSE,"",13:15,FALSE
fare_BLR-BOM_6E_2026-10-15_T+7_1791433399596_htrv,BLR-BOM,EaseMyTrip,6E,6E-6162,2026-10-15,T+7,13267,2912,16179,2026-10-08T04:03:32.850Z,FALSE,"",18:50,FALSE
fare_BLR-BOM_AI_2026-10-15_T+7_1791433399596_1in2,BLR-BOM,EaseMyTrip,AI,AI-9457,2026-10-15,T+7,13528,2970,16498,2026-10-08T04:03:32.850Z,FALSE,"",16:15,FALSE
fare_BLR-BOM_AI_2026-10-15_T+7_1791433399596_dghh,BLR-BOM,EaseMyTrip,AI,AI-9455,2026-10-15,T+7,13528,2970,16498,2026-10-08T04:03:32.850Z,FALSE,"",08:40,FALSE
fare_BLR-BOM_AI_2026-10-15_T+7_1791433399596_439l,BLR-BOM,EaseMyTrip,AI,AI-9605,2026-10-15,T+7,13937,3059,16996,2026-10-08T04:03:32.850Z,FALSE,"",14:25,FALSE
fare_BLR-BOM_IX_2026-10-15_T+7_1791433399596_m53m,BLR-BOM,EaseMyTrip,IX,IX-1526,2026-10-15,T+7,14402,3162,17564,2026-10-08T04:03:32.850Z,FALSE,"",10:05,FALSE
fare_BLR-BOM_IX_2026-10-15_T+7_1791433399596_br2h,BLR-BOM,EaseMyTrip,IX,IX-2892,2026-10-15,T+7,14820,3253,18073,2026-10-08T04:03:32.850Z,FALSE,"",09:10,FALSE
fare_BLR-BOM_6E_2026-10-15_T+7_1791433399596_tcin,BLR-BOM,EaseMyTrip,6E,6E-444,2026-10-15,T+7,14835,3257,18092,2026-10-08T04:03:32.850Z,FALSE,"",10:15,FALSE
fare_BLR-BOM_6E_2026-10-15_T+7_1791433399596_vtma,BLR-BOM,EaseMyTrip,6E,6E-544,2026-10-15,T+7,14835,3257,18092,2026-10-08T04:03:32.850Z,FALSE,"",10:15,FALSE
fare_BLR-BOM_6E_2026-10-15_T+7_1791433399596_3ibu,BLR-BOM,EaseMyTrip,6E,6E-6178,2026-10-15,T+7,14835,3257,18092,2026-10-08T04:03:32.850Z,FALSE,"",06:10,FALSE
fare_BLR-BOM_IX_2026-10-15_T+7_1791433399596_jcn2,BLR-BOM,EaseMyTrip,IX,IX-1040,2026-10-15,T+7,15876,3485,19361,2026-10-08T04:03:32.850Z,FALSE,"",17:35,FALSE
fare_BLR-BOM_AI_2026-10-15_T+7_1791433399596_9j77,BLR-BOM,EaseMyTrip,AI,AI-2402,2026-10-15,T+7,15926,3496,19422,2026-10-08T04:03:32.850Z,FALSE,"",06:35,TRUE
fare_BLR-BOM_AI_2026-10-15_T+7_1791433399596_zla2,BLR-BOM,EaseMyTrip,AI,AI-9708,2026-10-15,T+7,15928,3497,19425,2026-10-08T04:03:32.850Z,FALSE,"",10:05,FALSE
fare_BLR-BOM_AI_2026-10-15_T+7_1791433399596_npp2,BLR-BOM,EaseMyTrip,AI,AI-2758,2026-10-15,T+7,16131,3541,19672,2026-10-08T04:03:32.850Z,FALSE,"",00:15,FALSE
fare_BLR-BOM_AI_2026-10-15_T+7_1791433399596_pkt3,BLR-BOM,EaseMyTrip,AI,AI-2414,2026-10-15,T+7,16345,3588,19933,2026-10-08T04:03:32.850Z,FALSE,"",05:30,FALSE
fare_BLR-BOM_6E_2026-10-15_T+7_1791433399596_ovxp,BLR-BOM,EaseMyTrip,6E,6E-6067,2026-10-15,T+7,16213,3559,19772,2026-10-08T04:03:32.850Z,FALSE,"",16:30,FALSE
fare_BLR-BOM_AI_2026-10-15_T+7_1791433399596_v2uv,BLR-BOM,EaseMyTrip,AI,AI-2854,2026-10-15,T+7,16522,3627,20149,2026-10-08T04:03:32.850Z,FALSE,"",18:05,TRUE
fare_BLR-BOM_AI_2026-10-15_T+7_1791433399596_wf4s,BLR-BOM,EaseMyTrip,AI,AI-2804,2026-10-15,T+7,16737,3674,20411,2026-10-08T04:03:32.850Z,FALSE,"",10:00,FALSE
fare_BLR-BOM_AI_2026-10-15_T+7_1791433399596_s359,BLR-BOM,EaseMyTrip,AI,AI-2486,2026-10-15,T+7,16765,3680,20445,2026-10-08T04:03:32.850Z,FALSE,"",14:00,FALSE
fare_BLR-BOM_IX_2026-10-15_T+7_1791433399596_rp4e,BLR-BOM,EaseMyTrip,IX,IX-2116,2026-10-15,T+7,17213,3779,20992,2026-10-08T04:03:32.850Z,FALSE,"",21:00,FALSE
fare_BLR-BOM_AI_2026-10-15_T+7_1791433399596_8i1l,BLR-BOM,EaseMyTrip,AI,AI-2418,2026-10-15,T+7,17239,3784,21023,2026-10-08T04:03:32.850Z,FALSE,"",16:30,FALSE
fare_BLR-BOM_AI_2026-10-15_T+7_1791433399596_855y,BLR-BOM,EaseMyTrip,AI,AI-428,2026-10-15,T+7,18839,4135,22974,2026-10-08T04:03:32.850Z,FALSE,"",15:30,FALSE
fare_BLR-BOM_AI_2026-10-15_T+7_1791433399596_lof4,BLR-BOM,EaseMyTrip,AI,AI-2820,2026-10-15,T+7,18839,4135,22974,2026-10-08T04:03:32.850Z,FALSE,"",17:25,FALSE
fare_BLR-BOM_AI_2026-10-15_T+7_1791433399596_u80w,BLR-BOM,EaseMyTrip,AI,AI-2511,2026-10-15,T+7,18839,4135,22974,2026-10-08T04:03:32.850Z,FALSE,"",15:00,FALSE
fare_BLR-BOM_AI_2026-10-15_T+7_1791433399596_ecq0,BLR-BOM,EaseMyTrip,AI,AI-9898,2026-10-15,T+7,19530,4287,23817,2026-10-08T04:03:32.850Z,FALSE,"",10:20,FALSE
fare_BLR-BOM_AI_2026-10-15_T+7_1791433399596_zewe,BLR-BOM,EaseMyTrip,AI,AI-9490,2026-10-15,T+7,19760,4338,24098,2026-10-08T04:03:32.850Z,FALSE,"",10:40,FALSE
fare_BLR-BOM_AI_2026-10-15_T+7_1791433399596_kvem,BLR-BOM,EaseMyTrip,AI,AI-2810,2026-10-15,T+7,20690,4542,25232,2026-10-08T04:03:32.850Z,TRUE,"High outlier: ₹25232 > upper fence ₹24865 (Q3: ₹15458, IQR: ₹6271)",06:00,FALSE
fare_BLR-BOM_AI_2026-10-15_T+7_1791433399596_gfem,BLR-BOM,EaseMyTrip,AI,AI-9602,2026-10-15,T+7,22457,4929,27386,2026-10-08T04:03:32.850Z,TRUE,"High outlier: ₹27386 > upper fence ₹24865 (Q3: ₹15458, IQR: ₹6271)",09:10,FALSE
fare_BLR-BOM_IX_2026-10-15_T+7_1791433399596_pd7e,BLR-BOM,EaseMyTrip,IX,IX-1536,2026-10-15,T+7,25720,5646,31366,2026-10-08T04:03:32.850Z,TRUE,"High outlier: ₹31366 > upper fence ₹24865 (Q3: ₹15458, IQR: ₹6271)",15:00,FALSE
fare_BLR-BOM_AI_2026-10-15_T+7_1791433399596_wbim,BLR-BOM,EaseMyTrip,AI,AI-9437,2026-10-15,T+7,26764,5875,32639,2026-10-08T04:03:32.850Z,TRUE,"High outlier: ₹32639 > upper fence ₹24865 (Q3: ₹15458, IQR: ₹6271)",07:05,FALSE
fare_BLR-BOM_IX_2026-10-15_T+7_1791433399596_h11o,BLR-BOM,EaseMyTrip,IX,IX-1407,2026-10-15,T+7,29826,6547,36373,2026-10-08T04:03:32.850Z,TRUE,"High outlier: ₹36373 > upper fence ₹24865 (Q3: ₹15458, IQR: ₹6271)",13:30,FALSE
fare_BLR-COK_6E_2026-10-09_T+1_1791433399596_d0t3,BLR-COK,EaseMyTrip,6E,6E-965,2026-10-09,T+1,4247,932,5179,2026-10-08T04:07:23.033Z,FALSE,"",07:05,TRUE
fare_BLR-COK_6E_2026-10-09_T+1_1791433399596_bjbn,BLR-COK,EaseMyTrip,6E,6E-169,2026-10-09,T+1,4247,932,5179,2026-10-08T04:07:23.033Z,FALSE,"",07:05,TRUE
fare_BLR-COK_6E_2026-10-09_T+1_1791433399596_npy8,BLR-COK,EaseMyTrip,6E,6E-622,2026-10-09,T+1,4886,1073,5959,2026-10-08T04:07:23.033Z,FALSE,"",07:10,TRUE
fare_BLR-COK_6E_2026-10-09_T+1_1791433399596_t9q0,BLR-COK,EaseMyTrip,6E,6E-224,2026-10-09,T+1,4886,1073,5959,2026-10-08T04:07:23.033Z,FALSE,"",07:10,TRUE
fare_BLR-COK_IX_2026-10-09_T+1_1791433399596_o430,BLR-COK,EaseMyTrip,IX,IX-1893,2026-10-09,T+1,5230,1148,6378,2026-10-08T04:07:23.033Z,FALSE,"",08:40,TRUE
fare_BLR-COK_6E_2026-10-09_T+1_1791433399596_3q26,BLR-COK,EaseMyTrip,6E,6E-6445,2026-10-09,T+1,5320,1168,6488,2026-10-08T04:07:23.033Z,FALSE,"",10:25,TRUE
fare_BLR-COK_6E_2026-10-09_T+1_1791433399596_1w2k,BLR-COK,EaseMyTrip,6E,6E-628,2026-10-09,T+1,5320,1168,6488,2026-10-08T04:07:23.033Z,FALSE,"",12:55,TRUE
fare_BLR-COK_6E_2026-10-09_T+1_1791433399596_gs66,BLR-COK,EaseMyTrip,6E,6E-671,2026-10-09,T+1,5320,1168,6488,2026-10-08T04:07:23.033Z,FALSE,"",12:55,TRUE
fare_BLR-COK_6E_2026-10-09_T+1_1791433399596_hhyu,BLR-COK,EaseMyTrip,6E,6E-7005,2026-10-09,T+1,5802,1273,7075,2026-10-08T04:07:23.033Z,FALSE,"",08:05,TRUE
fare_BLR-COK_QP_2026-10-09_T+1_1791433399596_yo4r,BLR-COK,EaseMyTrip,QP,QP-1517,2026-10-09,T+1,8785,1928,10713,2026-10-08T04:07:23.033Z,FALSE,"",05:05,FALSE
fare_BLR-COK_QP_2026-10-09_T+1_1791433399596_c59k,BLR-COK,EaseMyTrip,QP,QP-1515,2026-10-09,T+1,9162,2011,11173,2026-10-08T04:07:23.033Z,FALSE,"",05:40,FALSE
fare_BLR-COK_6E_2026-10-09_T+1_1791433399596_ayf9,BLR-COK,EaseMyTrip,6E,6E-102,2026-10-09,T+1,10011,2197,12208,2026-10-08T04:07:23.033Z,FALSE,"",14:25,TRUE
fare_BLR-COK_6E_2026-10-09_T+1_1791433399596_vrx9,BLR-COK,EaseMyTrip,6E,6E-119,2026-10-09,T+1,10011,2197,12208,2026-10-08T04:07:23.033Z,FALSE,"",14:25,TRUE
fare_BLR-COK_IX_2026-10-09_T+1_1791433399596_s79e,BLR-COK,EaseMyTrip,IX,IX-2116,2026-10-09,T+1,10912,2395,13307,2026-10-08T04:07:23.033Z,FALSE,"",21:00,TRUE
fare_BLR-COK_6E_2026-10-09_T+1_1791433399596_i9ze,BLR-COK,EaseMyTrip,6E,6E-229,2026-10-09,T+1,11002,2415,13417,2026-10-08T04:07:23.033Z,FALSE,"",18:00,TRUE
fare_BLR-COK_6E_2026-10-09_T+1_1791433399596_38kh,BLR-COK,EaseMyTrip,6E,6E-775,2026-10-09,T+1,11002,2415,13417,2026-10-08T04:07:23.033Z,FALSE,"",18:00,TRUE
fare_BLR-COK_6E_2026-10-09_T+1_1791433399596_adss,BLR-COK,EaseMyTrip,6E,6E-142,2026-10-09,T+1,12101,2656,14757,2026-10-08T04:07:23.033Z,FALSE,"",20:25,TRUE
fare_BLR-COK_6E_2026-10-09_T+1_1791433399596_9b9y,BLR-COK,EaseMyTrip,6E,6E-756,2026-10-09,T+1,12101,2656,14757,2026-10-08T04:07:23.033Z,FALSE,"",20:25,TRUE
fare_BLR-COK_AI_2026-10-09_T+1_1791433399596_3wk1,BLR-COK,EaseMyTrip,AI,AI-2604,2026-10-09,T+1,14624,3210,17834,2026-10-08T04:07:23.033Z,FALSE,"",09:15,FALSE
fare_BLR-COK_IX_2026-10-09_T+1_1791433399596_x588,BLR-COK,EaseMyTrip,IX,IX-1971,2026-10-09,T+1,15112,3317,18429,2026-10-08T04:07:23.033Z,FALSE,"",12:45,FALSE
fare_BLR-COK_AI_2026-10-09_T+1_1791433399596_lv2u,BLR-COK,EaseMyTrip,AI,AI-2630,2026-10-09,T+1,19891,4366,24257,2026-10-08T04:07:23.033Z,FALSE,"",12:05,FALSE
fare_BLR-COK_AI_2026-10-09_T+1_1791433399596_jhz5,BLR-COK,EaseMyTrip,AI,AI-2858,2026-10-09,T+1,21601,4742,26343,2026-10-08T04:07:23.033Z,FALSE,"",02:20,FALSE
fare_BLR-COK_AI_2026-10-09_T+1_1791433399596_da24,BLR-COK,EaseMyTrip,AI,AI-2402,2026-10-09,T+1,21601,4742,26343,2026-10-08T04:07:23.033Z,FALSE,"",06:35,FALSE
fare_BLR-COK_AI_2026-10-09_T+1_1791433399596_29x0,BLR-COK,EaseMyTrip,AI,AI-2852,2026-10-09,T+1,21899,4807,26706,2026-10-08T04:07:23.033Z,FALSE,"",10:30,FALSE
fare_BLR-COK_IX_2026-10-09_T+1_1791433399596_69na,BLR-COK,EaseMyTrip,IX,IX-2680,2026-10-09,T+1,22063,4843,26906,2026-10-08T04:07:23.033Z,FALSE,"",21:50,FALSE
fare_BLR-COK_IX_2026-10-09_T+1_1791433399596_6set,BLR-COK,EaseMyTrip,IX,IX-2913,2026-10-09,T+1,22063,4843,26906,2026-10-08T04:07:23.033Z,FALSE,"",17:25,FALSE
fare_BLR-COK_AI_2026-10-09_T+1_1791433399596_eg0j,BLR-COK,EaseMyTrip,AI,AI-2642,2026-10-09,T+1,22197,4872,27069,2026-10-08T04:07:23.033Z,FALSE,"",21:30,FALSE
fare_BLR-COK_AI_2026-10-09_T+1_1791433399596_aw5y,BLR-COK,EaseMyTrip,AI,AI-2850,2026-10-09,T+1,22495,4938,27433,2026-10-08T04:07:23.033Z,FALSE,"",20:30,FALSE
fare_BLR-COK_AI_2026-10-09_T+1_1791433399596_tb03,BLR-COK,EaseMyTrip,AI,AI-2414,2026-10-09,T+1,26875,5899,32774,2026-10-08T04:07:23.033Z,FALSE,"",05:30,FALSE
fare_BLR-COK_AI_2026-10-09_T+1_1791433399596_li3y,BLR-COK,EaseMyTrip,AI,AI-2654,2026-10-09,T+1,30206,6631,36837,2026-10-08T04:07:23.033Z,FALSE,"",07:00,FALSE
fare_BLR-COK_QP_2026-10-15_T+7_1791433399597_waqa,BLR-COK,EaseMyTrip,QP,QP-1517,2026-10-15,T+7,6004,1318,7322,2026-10-08T04:07:28.775Z,FALSE,"",04:55,FALSE
fare_BLR-COK_QP_2026-10-15_T+7_1791433399597_hvg5,BLR-COK,EaseMyTrip,QP,QP-1579,2026-10-15,T+7,6048,1328,7376,2026-10-08T04:07:28.775Z,FALSE,"",17:10,TRUE
fare_BLR-COK_QP_2026-10-15_T+7_1791433399597_hrsh,BLR-COK,EaseMyTrip,QP,QP-1361,2026-10-15,T+7,6479,1422,7901,2026-10-08T04:07:28.775Z,FALSE,"",14:45,TRUE
fare_BLR-COK_IX_2026-10-15_T+7_1791433399597_7vtw,BLR-COK,EaseMyTrip,IX,IX-1893,2026-10-15,T+7,7493,1645,9138,2026-10-08T04:07:28.775Z,FALSE,"",08:40,TRUE
fare_BLR-COK_IX_2026-10-15_T+7_1791433399597_qqkp,BLR-COK,EaseMyTrip,IX,IX-2608,2026-10-15,T+7,7493,1645,9138,2026-10-08T04:07:28.775Z,FALSE,"",16:15,TRUE
fare_BLR-COK_6E_2026-10-15_T+7_1791433399597_qyr9,BLR-COK,EaseMyTrip,6E,6E-6445,2026-10-15,T+7,7583,1664,9247,2026-10-08T04:07:28.775Z,FALSE,"",10:25,TRUE
fare_BLR-COK_6E_2026-10-15_T+7_1791433399597_g7xq,BLR-COK,EaseMyTrip,6E,6E-724,2026-10-15,T+7,7583,1664,9247,2026-10-08T04:07:28.775Z,FALSE,"",14:25,TRUE
fare_BLR-COK_6E_2026-10-15_T+7_1791433399597_nuln,BLR-COK,EaseMyTrip,6E,6E-801,2026-10-15,T+7,7583,1664,9247,2026-10-08T04:07:28.775Z,FALSE,"",14:25,TRUE
fare_BLR-COK_QP_2026-10-15_T+7_1791433399597_k3q2,BLR-COK,EaseMyTrip,QP,QP-1515,2026-10-15,T+7,7741,1699,9440,2026-10-08T04:07:28.775Z,FALSE,"",05:40,FALSE
fare_BLR-COK_6E_2026-10-15_T+7_1791433399597_3w3b,BLR-COK,EaseMyTrip,6E,6E-747,2026-10-15,T+7,8810,1934,10744,2026-10-08T04:07:28.775Z,FALSE,"",07:05,TRUE
fare_BLR-COK_6E_2026-10-15_T+7_1791433399597_uqdd,BLR-COK,EaseMyTrip,6E,6E-279,2026-10-15,T+7,8810,1934,10744,2026-10-08T04:07:28.775Z,FALSE,"",07:05,TRUE
fare_BLR-COK_6E_2026-10-15_T+7_1791433399597_1kxj,BLR-COK,EaseMyTrip,6E,6E-7005,2026-10-15,T+7,11002,2415,13417,2026-10-08T04:07:28.775Z,FALSE,"",08:05,TRUE
fare_BLR-COK_IX_2026-10-15_T+7_1791433399597_7n8f,BLR-COK,EaseMyTrip,IX,IX-2116,2026-10-15,T+7,12011,2637,14648,2026-10-08T04:07:28.775Z,FALSE,"",21:00,TRUE
fare_BLR-COK_6E_2026-10-15_T+7_1791433399597_06tn,BLR-COK,EaseMyTrip,6E,6E-2138,2026-10-15,T+7,12101,2656,14757,2026-10-08T04:07:28.775Z,FALSE,"",15:50,TRUE
fare_BLR-COK_6E_2026-10-15_T+7_1791433399597_ez4h,BLR-COK,EaseMyTrip,6E,6E-613,2026-10-15,T+7,12101,2656,14757,2026-10-08T04:07:28.775Z,FALSE,"",12:55,TRUE
fare_BLR-COK_6E_2026-10-15_T+7_1791433399597_1pk0,BLR-COK,EaseMyTrip,6E,6E-325,2026-10-15,T+7,12101,2656,14757,2026-10-08T04:07:28.775Z,FALSE,"",12:55,TRUE
fare_BLR-COK_6E_2026-10-15_T+7_1791433399597_ng52,BLR-COK,EaseMyTrip,6E,6E-372,2026-10-15,T+7,12101,2656,14757,2026-10-08T04:07:28.775Z,FALSE,"",18:00,TRUE
fare_BLR-COK_6E_2026-10-15_T+7_1791433399597_embk,BLR-COK,EaseMyTrip,6E,6E-815,2026-10-15,T+7,12101,2656,14757,2026-10-08T04:07:28.775Z,FALSE,"",18:00,TRUE
fare_BLR-COK_AI_2026-10-15_T+7_1791433399597_4ba9,BLR-COK,EaseMyTrip,AI,AI-2852,2026-10-15,T+7,13350,2930,16280,2026-10-08T04:07:28.775Z,FALSE,"",10:30,FALSE
fare_BLR-COK_AI_2026-10-15_T+7_1791433399597_vjhf,BLR-COK,EaseMyTrip,AI,AI-2604,2026-10-15,T+7,13482,2959,16441,2026-10-08T04:07:28.775Z,FALSE,"",09:15,FALSE
fare_BLR-COK_IX_2026-10-15_T+7_1791433399597_mpnr,BLR-COK,EaseMyTrip,IX,IX-1971,2026-10-15,T+7,14108,3097,17205,2026-10-08T04:07:28.775Z,FALSE,"",12:45,FALSE
fare_BLR-COK_AI_2026-10-15_T+7_1791433399597_0cc8,BLR-COK,EaseMyTrip,AI,AI-2858,2026-10-15,T+7,14469,3176,17645,2026-10-08T04:07:28.775Z,FALSE,"",02:20,FALSE
fare_BLR-COK_AI_2026-10-15_T+7_1791433399597_j23z,BLR-COK,EaseMyTrip,AI,AI-2642,2026-10-15,T+7,14713,3230,17943,2026-10-08T04:07:28.775Z,FALSE,"",21:30,FALSE
fare_BLR-COK_AI_2026-10-15_T+7_1791433399597_e1af,BLR-COK,EaseMyTrip,AI,AI-2846,2026-10-15,T+7,14779,3244,18023,2026-10-08T04:07:28.775Z,FALSE,"",08:20,FALSE
fare_BLR-COK_6E_2026-10-15_T+7_1791433399597_9rkn,BLR-COK,EaseMyTrip,6E,6E-373,2026-10-15,T+7,14669,3220,17889,2026-10-08T04:07:28.775Z,FALSE,"",07:10,TRUE
fare_BLR-COK_6E_2026-10-15_T+7_1791433399597_cmu8,BLR-COK,EaseMyTrip,6E,6E-846,2026-10-15,T+7,14669,3220,17889,2026-10-08T04:07:28.775Z,FALSE,"",07:10,TRUE
fare_BLR-COK_6E_2026-10-15_T+7_1791433399597_2kpu,BLR-COK,EaseMyTrip,6E,6E-643,2026-10-15,T+7,14669,3220,17889,2026-10-08T04:07:28.775Z,FALSE,"",20:25,TRUE
fare_BLR-COK_6E_2026-10-15_T+7_1791433399597_xx39,BLR-COK,EaseMyTrip,6E,6E-919,2026-10-15,T+7,14669,3220,17889,2026-10-08T04:07:28.775Z,FALSE,"",20:25,TRUE
fare_BLR-COK_AI_2026-10-15_T+7_1791433399597_eid2,BLR-COK,EaseMyTrip,AI,AI-2610,2026-10-15,T+7,14868,3264,18132,2026-10-08T04:07:28.775Z,FALSE,"",19:00,FALSE
fare_BLR-COK_AI_2026-10-15_T+7_1791433399597_xbw9,BLR-COK,EaseMyTrip,AI,AI-2850,2026-10-15,T+7,15023,3298,18321,2026-10-08T04:07:28.775Z,FALSE,"",20:30,FALSE
fare_BLR-COK_AI_2026-10-15_T+7_1791433399597_8oul,BLR-COK,EaseMyTrip,AI,AI-9572,2026-10-15,T+7,15683,3443,19126,2026-10-08T04:07:28.775Z,FALSE,"",12:30,FALSE
fare_BLR-COK_IX_2026-10-15_T+7_1791433399597_u761,BLR-COK,EaseMyTrip,IX,IX-2913,2026-10-15,T+7,15770,3462,19232,2026-10-08T04:07:28.775Z,FALSE,"",17:25,FALSE
fare_BLR-COK_AI_2026-10-15_T+7_1791433399597_96jg,BLR-COK,EaseMyTrip,AI,AI-2630,2026-10-15,T+7,16251,3567,19818,2026-10-08T04:07:28.775Z,FALSE,"",12:05,FALSE
fare_BLR-COK_AI_2026-10-15_T+7_1791433399597_tvcw,BLR-COK,EaseMyTrip,AI,AI-9570,2026-10-15,T+7,16518,3626,20144,2026-10-08T04:07:28.775Z,FALSE,"",06:05,FALSE
fare_BLR-COK_IX_2026-10-15_T+7_1791433399597_bmxl,BLR-COK,EaseMyTrip,IX,IX-2680,2026-10-15,T+7,16800,3688,20488,2026-10-08T04:07:28.775Z,FALSE,"",21:50,FALSE
fare_BLR-COK_AI_2026-10-15_T+7_1791433399597_86fq,BLR-COK,EaseMyTrip,AI,AI-9564,2026-10-15,T+7,17263,3789,21052,2026-10-08T04:07:28.775Z,FALSE,"",14:55,FALSE
fare_BLR-COK_AI_2026-10-15_T+7_1791433399597_c54x,BLR-COK,EaseMyTrip,AI,AI-2402,2026-10-15,T+7,21601,4742,26343,2026-10-08T04:07:28.775Z,FALSE,"",06:35,FALSE
fare_BLR-COK_AI_2026-10-15_T+7_1791433399597_59ub,BLR-COK,EaseMyTrip,AI,AI-2854,2026-10-15,T+7,22287,4892,27179,2026-10-08T04:07:28.775Z,FALSE,"",18:05,FALSE
fare_BLR-DEL_IX_2026-10-15_T+7_1791433399597_y3sw,BLR-DEL,EaseMyTrip,IX,IX-1539,2026-10-15,T+7,8205,1801,10006,2026-10-08T04:02:31.272Z,FALSE,"",05:20,FALSE
fare_BLR-DEL_QP_2026-10-15_T+7_1791433399597_jwf2,BLR-DEL,EaseMyTrip,QP,QP-1811,2026-10-15,T+7,8333,1829,10162,2026-10-08T04:02:31.272Z,FALSE,"",04:10,TRUE
fare_BLR-DEL_6E_2026-10-15_T+7_1791433399597_gxr6,BLR-DEL,EaseMyTrip,6E,6E-961,2026-10-15,T+7,8357,1835,10192,2026-10-08T04:02:31.272Z,FALSE,"",01:00,TRUE
fare_BLR-DEL_6E_2026-10-15_T+7_1791433399597_s034,BLR-DEL,EaseMyTrip,6E,6E-671,2026-10-15,T+7,8357,1835,10192,2026-10-08T04:02:31.272Z,FALSE,"",01:00,TRUE
fare_BLR-DEL_6E_2026-10-15_T+7_1791433399597_bgzl,BLR-DEL,EaseMyTrip,6E,6E-2455,2026-10-15,T+7,8701,1910,10611,2026-10-08T04:02:31.272Z,FALSE,"",06:05,TRUE
fare_BLR-DEL_6E_2026-10-15_T+7_1791433399597_vv31,BLR-DEL,EaseMyTrip,6E,6E-6558,2026-10-15,T+7,8703,1910,10613,2026-10-08T04:02:31.272Z,FALSE,"",09:05,FALSE
fare_BLR-DEL_6E_2026-10-15_T+7_1791433399597_0ejc,BLR-DEL,EaseMyTrip,6E,6E-226,2026-10-15,T+7,8757,1922,10679,2026-10-08T04:02:31.272Z,FALSE,"",21:40,FALSE
fare_BLR-DEL_6E_2026-10-15_T+7_1791433399597_h6mf,BLR-DEL,EaseMyTrip,6E,6E-241,2026-10-15,T+7,8757,1922,10679,2026-10-08T04:02:31.272Z,FALSE,"",21:40,FALSE
fare_BLR-DEL_6E_2026-10-15_T+7_1791433399597_9p1r,BLR-DEL,EaseMyTrip,6E,6E-278,2026-10-15,T+7,8757,1922,10679,2026-10-08T04:02:31.272Z,FALSE,"",23:05,FALSE
fare_BLR-DEL_6E_2026-10-15_T+7_1791433399597_s967,BLR-DEL,EaseMyTrip,6E,6E-994,2026-10-15,T+7,8757,1922,10679,2026-10-08T04:02:31.272Z,FALSE,"",23:05,FALSE
fare_BLR-DEL_6E_2026-10-15_T+7_1791433399597_70t9,BLR-DEL,EaseMyTrip,6E,6E-6465,2026-10-15,T+7,8757,1922,10679,2026-10-08T04:02:31.272Z,FALSE,"",17:15,FALSE
fare_BLR-DEL_6E_2026-10-15_T+7_1791433399597_jp4t,BLR-DEL,EaseMyTrip,6E,6E-6168,2026-10-15,T+7,8779,1927,10706,2026-10-08T04:02:31.272Z,FALSE,"",17:15,FALSE
fare_BLR-DEL_6E_2026-10-15_T+7_1791433399597_8454,BLR-DEL,EaseMyTrip,6E,6E-6554,2026-10-15,T+7,8779,1927,10706,2026-10-08T04:02:31.272Z,FALSE,"",19:15,FALSE
fare_BLR-DEL_QP_2026-10-15_T+7_1791433399597_8zep,BLR-DEL,EaseMyTrip,QP,QP-1525,2026-10-15,T+7,9017,1979,10996,2026-10-08T04:02:31.272Z,FALSE,"",07:00,TRUE
fare_BLR-DEL_6E_2026-10-15_T+7_1791433399597_tq8c,BLR-DEL,EaseMyTrip,6E,6E-2518,2026-10-15,T+7,9120,2002,11122,2026-10-08T04:02:31.272Z,FALSE,"",09:20,TRUE
fare_BLR-DEL_6E_2026-10-15_T+7_1791433399597_8r0v,BLR-DEL,EaseMyTrip,6E,6E-6863,2026-10-15,T+7,9131,2004,11135,2026-10-08T04:02:31.272Z,FALSE,"",08:20,FALSE
fare_BLR-DEL_QP_2026-10-15_T+7_1791433399597_ahmo,BLR-DEL,EaseMyTrip,QP,QP-1359,2026-10-15,T+7,9133,2005,11138,2026-10-08T04:02:31.272Z,FALSE,"",05:00,TRUE
fare_BLR-DEL_6E_2026-10-15_T+7_1791433399597_pkpl,BLR-DEL,EaseMyTrip,6E,6E-456,2026-10-15,T+7,9296,2041,11337,2026-10-08T04:02:31.272Z,FALSE,"",03:00,TRUE
fare_BLR-DEL_6E_2026-10-15_T+7_1791433399597_x4za,BLR-DEL,EaseMyTrip,6E,6E-668,2026-10-15,T+7,9296,2041,11337,2026-10-08T04:02:31.272Z,FALSE,"",03:00,TRUE
fare_BLR-DEL_6E_2026-10-15_T+7_1791433399597_7l86,BLR-DEL,EaseMyTrip,6E,6E-6162,2026-10-15,T+7,9410,2066,11476,2026-10-08T04:02:31.272Z,FALSE,"",18:50,FALSE
fare_BLR-DEL_6E_2026-10-15_T+7_1791433399597_ugy8,BLR-DEL,EaseMyTrip,6E,6E-110,2026-10-15,T+7,9410,2066,11476,2026-10-08T04:02:31.272Z,FALSE,"",10:35,FALSE
fare_BLR-DEL_6E_2026-10-15_T+7_1791433399597_x7lq,BLR-DEL,EaseMyTrip,6E,6E-934,2026-10-15,T+7,9410,2066,11476,2026-10-08T04:02:31.272Z,FALSE,"",10:35,FALSE
fare_BLR-DEL_QP_2026-10-15_T+7_1791433399597_vdh5,BLR-DEL,EaseMyTrip,QP,QP-1823,2026-10-15,T+7,9476,2080,11556,2026-10-08T04:02:31.272Z,FALSE,"",06:05,TRUE
fare_BLR-DEL_6E_2026-10-15_T+7_1791433399597_s53m,BLR-DEL,EaseMyTrip,6E,6E-182,2026-10-15,T+7,9482,2082,11564,2026-10-08T04:02:31.272Z,FALSE,"",09:35,FALSE
fare_BLR-DEL_6E_2026-10-15_T+7_1791433399597_wgsy,BLR-DEL,EaseMyTrip,6E,6E-967,2026-10-15,T+7,9482,2082,11564,2026-10-08T04:02:31.272Z,FALSE,"",09:35,FALSE
fare_BLR-DEL_6E_2026-10-15_T+7_1791433399597_huvn,BLR-DEL,EaseMyTrip,6E,6E-872,2026-10-15,T+7,9482,2082,11564,2026-10-08T04:02:31.272Z,FALSE,"",22:40,FALSE
fare_BLR-DEL_6E_2026-10-15_T+7_1791433399597_q304,BLR-DEL,EaseMyTrip,6E,6E-830,2026-10-15,T+7,9482,2082,11564,2026-10-08T04:02:31.272Z,FALSE,"",22:40,FALSE
fare_BLR-DEL_6E_2026-10-15_T+7_1791433399597_x3nr,BLR-DEL,EaseMyTrip,6E,6E-6451,2026-10-15,T+7,9605,2108,11713,2026-10-08T04:02:31.272Z,FALSE,"",16:45,FALSE
fare_BLR-DEL_QP_2026-10-15_T+7_1791433399597_5mjy,BLR-DEL,EaseMyTrip,QP,QP-1821,2026-10-15,T+7,9655,2119,11774,2026-10-08T04:02:31.272Z,FALSE,"",13:05,TRUE
fare_BLR-DEL_6E_2026-10-15_T+7_1791433399597_r4sy,BLR-DEL,EaseMyTrip,6E,6E-116,2026-10-15,T+7,9813,2154,11967,2026-10-08T04:02:31.272Z,FALSE,"",13:55,TRUE
fare_BLR-DEL_6E_2026-10-15_T+7_1791433399597_15kf,BLR-DEL,EaseMyTrip,6E,6E-705,2026-10-15,T+7,9813,2154,11967,2026-10-08T04:02:31.272Z,FALSE,"",13:55,TRUE
fare_BLR-DEL_6E_2026-10-15_T+7_1791433399597_bams,BLR-DEL,EaseMyTrip,6E,6E-118,2026-10-15,T+7,9813,2154,11967,2026-10-08T04:02:31.272Z,FALSE,"",07:00,TRUE
fare_BLR-DEL_6E_2026-10-15_T+7_1791433399597_di9w,BLR-DEL,EaseMyTrip,6E,6E-864,2026-10-15,T+7,9813,2154,11967,2026-10-08T04:02:31.272Z,FALSE,"",07:00,TRUE
fare_BLR-DEL_6E_2026-10-15_T+7_1791433399597_zgbv,BLR-DEL,EaseMyTrip,6E,6E-154,2026-10-15,T+7,9813,2154,11967,2026-10-08T04:02:31.272Z,FALSE,"",05:05,TRUE
fare_BLR-DEL_6E_2026-10-15_T+7_1791433399597_q3hw,BLR-DEL,EaseMyTrip,6E,6E-615,2026-10-15,T+7,9813,2154,11967,2026-10-08T04:02:31.272Z,FALSE,"",12:00,TRUE
fare_BLR-DEL_6E_2026-10-15_T+7_1791433399597_bs8w,BLR-DEL,EaseMyTrip,6E,6E-611,2026-10-15,T+7,9813,2154,11967,2026-10-08T04:02:31.272Z,FALSE,"",12:00,TRUE
fare_BLR-DEL_6E_2026-10-15_T+7_1791433399597_yzop,BLR-DEL,EaseMyTrip,6E,6E-209,2026-10-15,T+7,9813,2154,11967,2026-10-08T04:02:31.272Z,FALSE,"",13:10,TRUE
fare_BLR-DEL_6E_2026-10-15_T+7_1791433399597_54ln,BLR-DEL,EaseMyTrip,6E,6E-862,2026-10-15,T+7,9813,2154,11967,2026-10-08T04:02:31.272Z,FALSE,"",13:10,TRUE
fare_BLR-DEL_AI_2026-10-15_T+7_1791433399597_f6g0,BLR-DEL,EaseMyTrip,AI,AI-2758,2026-10-15,T+7,10021,2200,12221,2026-10-08T04:02:31.272Z,FALSE,"",00:15,TRUE
fare_BLR-DEL_6E_2026-10-15_T+7_1791433399597_1ddi,BLR-DEL,EaseMyTrip,6E,6E-6876,2026-10-15,T+7,9878,2168,12046,2026-10-08T04:02:31.272Z,FALSE,"",02:40,FALSE
fare_BLR-DEL_IX_2026-10-15_T+7_1791433399597_lh5s,BLR-DEL,EaseMyTrip,IX,IX-5976,2026-10-15,T+7,10189,2236,12425,2026-10-08T04:02:31.272Z,FALSE,"",01:15,TRUE
fare_BLR-DEL_6E_2026-10-15_T+7_1791433399597_a05o,BLR-DEL,EaseMyTrip,6E,6E-6779,2026-10-15,T+7,10080,2213,12293,2026-10-08T04:02:31.272Z,FALSE,"",01:10,FALSE
fare_BLR-DEL_6E_2026-10-15_T+7_1791433399597_jspk,BLR-DEL,EaseMyTrip,6E,6E-6141,2026-10-15,T+7,10102,2217,12319,2026-10-08T04:02:31.272Z,FALSE,"",18:20,FALSE
fare_BLR-DEL_6E_2026-10-15_T+7_1791433399597_yvk2,BLR-DEL,EaseMyTrip,6E,6E-146,2026-10-15,T+7,10102,2217,12319,2026-10-08T04:02:31.272Z,FALSE,"",15:10,FALSE
fare_BLR-DEL_6E_2026-10-15_T+7_1791433399597_c3if,BLR-DEL,EaseMyTrip,6E,6E-892,2026-10-15,T+7,10102,2217,12319,2026-10-08T04:02:31.272Z,FALSE,"",15:10,FALSE
fare_BLR-DEL_6E_2026-10-15_T+7_1791433399597_v6uh,BLR-DEL,EaseMyTrip,6E,6E-2313,2026-10-15,T+7,10366,2275,12641,2026-10-08T04:02:31.272Z,FALSE,"",23:30,TRUE
fare_BLR-DEL_6E_2026-10-15_T+7_1791433399597_lzl2,BLR-DEL,EaseMyTrip,6E,6E-493,2026-10-15,T+7,10366,2275,12641,2026-10-08T04:02:31.272Z,FALSE,"",10:45,TRUE
fare_BLR-DEL_6E_2026-10-15_T+7_1791433399597_rnnj,BLR-DEL,EaseMyTrip,6E,6E-425,2026-10-15,T+7,10366,2275,12641,2026-10-08T04:02:31.272Z,FALSE,"",10:45,TRUE
fare_BLR-DEL_6E_2026-10-15_T+7_1791433399597_r5dd,BLR-DEL,EaseMyTrip,6E,6E-530,2026-10-15,T+7,10366,2275,12641,2026-10-08T04:02:31.272Z,FALSE,"",09:30,TRUE
fare_BLR-DEL_6E_2026-10-15_T+7_1791433399597_57e2,BLR-DEL,EaseMyTrip,6E,6E-306,2026-10-15,T+7,10366,2275,12641,2026-10-08T04:02:31.272Z,FALSE,"",09:30,TRUE
fare_BLR-DEL_AI_2026-10-15_T+7_1791433399597_3awv,BLR-DEL,EaseMyTrip,AI,AI-2486,2026-10-15,T+7,10590,2325,12915,2026-10-08T04:02:31.272Z,FALSE,"",14:00,TRUE
fare_BLR-DEL_AI_2026-10-15_T+7_1791433399597_nhfh,BLR-DEL,EaseMyTrip,AI,AI-2414,2026-10-15,T+7,10590,2325,12915,2026-10-08T04:02:31.272Z,FALSE,"",05:30,TRUE
fare_BLR-DEL_6E_2026-10-15_T+7_1791433399597_5jv0,BLR-DEL,EaseMyTrip,6E,6E-220,2026-10-15,T+7,10434,2290,12724,2026-10-08T04:02:31.272Z,FALSE,"",04:30,FALSE
fare_BLR-DEL_6E_2026-10-15_T+7_1791433399597_wb78,BLR-DEL,EaseMyTrip,6E,6E-189,2026-10-15,T+7,10434,2290,12724,2026-10-08T04:02:31.272Z,FALSE,"",04:30,FALSE
fare_BLR-DEL_IX_2026-10-15_T+7_1791433399597_ym8k,BLR-DEL,EaseMyTrip,IX,IX-1581,2026-10-15,T+7,10940,2401,13341,2026-10-08T04:02:31.272Z,FALSE,"",18:45,FALSE
fare_BLR-DEL_IX_2026-10-15_T+7_1791433399597_njbf,BLR-DEL,EaseMyTrip,IX,IX-2052,2026-10-15,T+7,10972,2408,13380,2026-10-08T04:02:31.272Z,FALSE,"",16:10,FALSE
fare_BLR-DEL_6E_2026-10-15_T+7_1791433399597_wfj2,BLR-DEL,EaseMyTrip,6E,6E-6595,2026-10-15,T+7,10836,2379,13215,2026-10-08T04:02:31.272Z,FALSE,"",13:55,FALSE
fare_BLR-DEL_6E_2026-10-15_T+7_1791433399597_sb0l,BLR-DEL,EaseMyTrip,6E,6E-533,2026-10-15,T+7,10836,2379,13215,2026-10-08T04:02:31.272Z,FALSE,"",20:40,FALSE
fare_BLR-DEL_6E_2026-10-15_T+7_1791433399597_f6gh,BLR-DEL,EaseMyTrip,6E,6E-180,2026-10-15,T+7,10836,2379,13215,2026-10-08T04:02:31.272Z,FALSE,"",20:40,FALSE
fare_BLR-DEL_6E_2026-10-15_T+7_1791433399597_j2ri,BLR-DEL,EaseMyTrip,6E,6E-861,2026-10-15,T+7,10858,2383,13241,2026-10-08T04:02:31.272Z,FALSE,"",05:40,FALSE
fare_BLR-DEL_6E_2026-10-15_T+7_1791433399597_8n3a,BLR-DEL,EaseMyTrip,6E,6E-339,2026-10-15,T+7,10858,2383,13241,2026-10-08T04:02:31.272Z,FALSE,"",05:40,FALSE
fare_BLR-DEL_6E_2026-10-15_T+7_1791433399597_sofn,BLR-DEL,EaseMyTrip,6E,6E-6653,2026-10-15,T+7,10858,2383,13241,2026-10-08T04:02:31.272Z,FALSE,"",12:35,FALSE
fare_BLR-DEL_6E_2026-10-15_T+7_1791433399597_tf8g,BLR-DEL,EaseMyTrip,6E,6E-6406,2026-10-15,T+7,10954,2405,13359,2026-10-08T04:02:31.272Z,FALSE,"",22:00,TRUE
fare_BLR-DEL_6E_2026-10-15_T+7_1791433399597_17y1,BLR-DEL,EaseMyTrip,6E,6E-6039,2026-10-15,T+7,10954,2405,13359,2026-10-08T04:02:31.272Z,FALSE,"",17:00,TRUE
fare_BLR-DEL_6E_2026-10-15_T+7_1791433399597_xako,BLR-DEL,EaseMyTrip,6E,6E-866,2026-10-15,T+7,10954,2405,13359,2026-10-08T04:02:31.272Z,FALSE,"",15:45,TRUE
fare_BLR-DEL_6E_2026-10-15_T+7_1791433399597_7g00,BLR-DEL,EaseMyTrip,6E,6E-215,2026-10-15,T+7,10954,2405,13359,2026-10-08T04:02:31.272Z,FALSE,"",15:45,TRUE
fare_BLR-DEL_6E_2026-10-15_T+7_1791433399597_qx3r,BLR-DEL,EaseMyTrip,6E,6E-811,2026-10-15,T+7,10954,2405,13359,2026-10-08T04:02:31.272Z,FALSE,"",08:15,TRUE
fare_BLR-DEL_6E_2026-10-15_T+7_1791433399597_6qhk,BLR-DEL,EaseMyTrip,6E,6E-257,2026-10-15,T+7,10954,2405,13359,2026-10-08T04:02:31.272Z,FALSE,"",08:15,TRUE
fare_BLR-DEL_AI_2026-10-15_T+7_1791433399597_omyj,BLR-DEL,EaseMyTrip,AI,AI-2804,2026-10-15,T+7,11196,2458,13654,2026-10-08T04:02:31.272Z,FALSE,"",10:00,TRUE
fare_BLR-DEL_AI_2026-10-15_T+7_1791433399597_s83j,BLR-DEL,EaseMyTrip,AI,AI-2406,2026-10-15,T+7,11196,2458,13654,2026-10-08T04:02:31.272Z,FALSE,"",11:00,TRUE
fare_BLR-DEL_AI_2026-10-15_T+7_1791433399597_bw19,BLR-DEL,EaseMyTrip,AI,AI-2511,2026-10-15,T+7,11196,2458,13654,2026-10-08T04:02:31.272Z,FALSE,"",15:00,TRUE
fare_BLR-DEL_IX_2026-10-15_T+7_1791433399597_c18h,BLR-DEL,EaseMyTrip,IX,IX-1971,2026-10-15,T+7,12059,2647,14706,2026-10-08T04:02:31.272Z,FALSE,"",12:45,FALSE
fare_BLR-DEL_AI_2026-10-15_T+7_1791433399597_wp9u,BLR-DEL,EaseMyTrip,AI,AI-2488,2026-10-15,T+7,11388,2500,13888,2026-10-08T04:02:31.272Z,FALSE,"",22:30,TRUE
fare_BLR-DEL_AI_2026-10-15_T+7_1791433399597_vm5i,BLR-DEL,EaseMyTrip,AI,AI-9804,2026-10-15,T+7,11581,2542,14123,2026-10-08T04:02:31.272Z,FALSE,"",12:45,FALSE
fare_BLR-DEL_6E_2026-10-15_T+7_1791433399597_iz6z,BLR-DEL,EaseMyTrip,6E,6E-6003,2026-10-15,T+7,11516,2528,14044,2026-10-08T04:02:31.272Z,FALSE,"",15:35,FALSE
fare_BLR-DEL_IX_2026-10-15_T+7_1791433399597_eqa7,BLR-DEL,EaseMyTrip,IX,IX-1040,2026-10-15,T+7,11733,2575,14308,2026-10-08T04:02:31.272Z,FALSE,"",17:35,TRUE
fare_BLR-DEL_6E_2026-10-15_T+7_1791433399597_ubrc,BLR-DEL,EaseMyTrip,6E,6E-6034,2026-10-15,T+7,11583,2542,14125,2026-10-08T04:02:31.272Z,FALSE,"",18:15,TRUE
fare_BLR-DEL_6E_2026-10-15_T+7_1791433399597_64lw,BLR-DEL,EaseMyTrip,6E,6E-7204,2026-10-15,T+7,11663,2560,14223,2026-10-08T04:02:31.272Z,FALSE,"",06:50,FALSE
fare_BLR-DEL_6E_2026-10-15_T+7_1791433399597_0mfy,BLR-DEL,EaseMyTrip,6E,6E-5031,2026-10-15,T+7,11702,2569,14271,2026-10-08T04:02:31.272Z,FALSE,"",16:00,FALSE
fare_BLR-DEL_AI_2026-10-15_T+7_1791433399597_hg9f,BLR-DEL,EaseMyTrip,AI,AI-2858,2026-10-15,T+7,12050,2645,14695,2026-10-08T04:02:31.272Z,FALSE,"",02:20,FALSE
fare_BLR-DEL_6E_2026-10-15_T+7_1791433399597_5l92,BLR-DEL,EaseMyTrip,6E,6E-6891,2026-10-15,T+7,11947,2622,14569,2026-10-08T04:02:31.272Z,FALSE,"",17:15,FALSE
fare_BLR-DEL_AI_2026-10-15_T+7_1791433399597_ex99,BLR-DEL,EaseMyTrip,AI,AI-2811,2026-10-15,T+7,12332,2707,15039,2026-10-08T04:02:31.272Z,FALSE,"",23:40,FALSE
fare_BLR-DEL_6E_2026-10-15_T+7_1791433399597_ll57,BLR-DEL,EaseMyTrip,6E,6E-459,2026-10-15,T+7,12254,2690,14944,2026-10-08T04:02:31.272Z,FALSE,"",19:30,TRUE
fare_BLR-DEL_6E_2026-10-15_T+7_1791433399597_si7n,BLR-DEL,EaseMyTrip,6E,6E-195,2026-10-15,T+7,12254,2690,14944,2026-10-08T04:02:31.272Z,FALSE,"",19:30,TRUE
fare_BLR-DEL_6E_2026-10-15_T+7_1791433399597_x8kz,BLR-DEL,EaseMyTrip,6E,6E-6269,2026-10-15,T+7,12589,2763,15352,2026-10-08T04:02:31.272Z,FALSE,"",07:15,FALSE
fare_BLR-DEL_6E_2026-10-15_T+7_1791433399597_3lw8,BLR-DEL,EaseMyTrip,6E,6E-5051,2026-10-15,T+7,12736,2796,15532,2026-10-08T04:02:31.272Z,FALSE,"",08:30,FALSE
fare_BLR-DEL_6E_2026-10-15_T+7_1791433399597_zm64,BLR-DEL,EaseMyTrip,6E,6E-6277,2026-10-15,T+7,12782,2806,15588,2026-10-08T04:02:31.272Z,FALSE,"",14:45,FALSE
fare_BLR-DEL_AI_2026-10-15_T+7_1791433399597_6l3z,BLR-DEL,EaseMyTrip,AI,AI-428,2026-10-15,T+7,13084,2872,15956,2026-10-08T04:02:31.272Z,FALSE,"",15:30,TRUE
fare_BLR-DEL_AI_2026-10-15_T+7_1791433399597_glds,BLR-DEL,EaseMyTrip,AI,AI-2814,2026-10-15,T+7,13084,2872,15956,2026-10-08T04:02:31.272Z,FALSE,"",22:00,TRUE
fare_BLR-DEL_AI_2026-10-15_T+7_1791433399597_6uy7,BLR-DEL,EaseMyTrip,AI,AI-9840,2026-10-15,T+7,13112,2878,15990,2026-10-08T04:02:31.272Z,FALSE,"",06:10,FALSE
fare_BLR-DEL_6E_2026-10-15_T+7_1791433399597_5upk,BLR-DEL,EaseMyTrip,6E,6E-752,2026-10-15,T+7,12971,2847,15818,2026-10-08T04:02:31.272Z,FALSE,"",20:40,TRUE
fare_BLR-DEL_AI_2026-10-15_T+7_1791433399597_hmzd,BLR-DEL,EaseMyTrip,AI,AI-2418,2026-10-15,T+7,13427,2947,16374,2026-10-08T04:02:31.272Z,FALSE,"",16:30,TRUE
fare_BLR-DEL_IX_2026-10-15_T+7_1791433399597_ap3r,BLR-DEL,EaseMyTrip,IX,IX-2873,2026-10-15,T+7,14519,3187,17706,2026-10-08T04:02:31.272Z,FALSE,"",04:00,FALSE
fare_BLR-DEL_IX_2026-10-15_T+7_1791433399597_9o55,BLR-DEL,EaseMyTrip,IX,IX-2680,2026-10-15,T+7,14519,3187,17706,2026-10-08T04:02:31.272Z,FALSE,"",21:50,FALSE
fare_BLR-DEL_AI_2026-10-15_T+7_1791433399597_kuh1,BLR-DEL,EaseMyTrip,AI,AI-9708,2026-10-15,T+7,13600,2985,16585,2026-10-08T04:02:31.272Z,FALSE,"",10:05,FALSE
fare_BLR-DEL_AI_2026-10-15_T+7_1791433399598_n1a3,BLR-DEL,EaseMyTrip,AI,AI-2818,2026-10-15,T+7,13883,3047,16930,2026-10-08T04:02:31.272Z,FALSE,"",20:00,TRUE
fare_BLR-DEL_AI_2026-10-15_T+7_1791433399598_wpit,BLR-DEL,EaseMyTrip,AI,AI-9810,2026-10-15,T+7,13898,3051,16949,2026-10-08T04:02:31.272Z,FALSE,"",21:50,FALSE
fare_BLR-DEL_IX_2026-10-15_T+7_1791433399598_6q6z,BLR-DEL,EaseMyTrip,IX,IX-2924,2026-10-15,T+7,13947,3062,17009,2026-10-08T04:02:31.272Z,FALSE,"",16:40,FALSE
fare_BLR-DEL_AI_2026-10-15_T+7_1791433399598_uy0p,BLR-DEL,EaseMyTrip,AI,AI-2846,2026-10-15,T+7,14184,3113,17297,2026-10-08T04:02:31.272Z,FALSE,"",08:20,FALSE
fare_BLR-DEL_6E_2026-10-15_T+7_1791433399598_kxls,BLR-DEL,EaseMyTrip,6E,6E-6283,2026-10-15,T+7,14114,3098,17212,2026-10-08T04:02:31.272Z,FALSE,"",19:05,FALSE
fare_BLR-DEL_6E_2026-10-15_T+7_1791433399598_cp90,BLR-DEL,EaseMyTrip,6E,6E-5255,2026-10-15,T+7,14114,3098,17212,2026-10-08T04:02:31.272Z,FALSE,"",17:25,FALSE
fare_BLR-DEL_AI_2026-10-15_T+7_1791433399598_us7h,BLR-DEL,EaseMyTrip,AI,AI-9605,2026-10-15,T+7,14282,3135,17417,2026-10-08T04:02:31.272Z,FALSE,"",14:25,FALSE
fare_BLR-DEL_AI_2026-10-15_T+7_1791433399598_j8rh,BLR-DEL,EaseMyTrip,AI,AI-9568,2026-10-15,T+7,14896,3270,18166,2026-10-08T04:02:31.272Z,FALSE,"",17:15,FALSE
fare_BLR-DEL_AI_2026-10-15_T+7_1791433399598_sksr,BLR-DEL,EaseMyTrip,AI,AI-2810,2026-10-15,T+7,14935,3278,18213,2026-10-08T04:02:31.272Z,FALSE,"",06:00,TRUE
fare_BLR-DEL_AI_2026-10-15_T+7_1791433399598_khsk,BLR-DEL,EaseMyTrip,AI,AI-2802,2026-10-15,T+7,14935,3278,18213,2026-10-08T04:02:31.272Z,FALSE,"",18:20,TRUE
fare_BLR-DEL_AI_2026-10-15_T+7_1791433399598_s9es,BLR-DEL,EaseMyTrip,AI,AI-2665,2026-10-15,T+7,14935,3278,18213,2026-10-08T04:02:31.272Z,FALSE,"",19:40,TRUE
fare_BLR-DEL_AI_2026-10-15_T+7_1791433399598_q0rz,BLR-DEL,EaseMyTrip,AI,AI-2820,2026-10-15,T+7,14935,3278,18213,2026-10-08T04:02:31.272Z,FALSE,"",17:25,TRUE
fare_BLR-DEL_AI_2026-10-15_T+7_1791433399598_1gp8,BLR-DEL,EaseMyTrip,AI,AI-9566,2026-10-15,T+7,15593,3423,19016,2026-10-08T04:02:31.272Z,FALSE,"",19:10,FALSE
fare_BLR-DEL_IX_2026-10-15_T+7_1791433399598_zfaa,BLR-DEL,EaseMyTrip,IX,IX-2816,2026-10-15,T+7,15680,3442,19122,2026-10-08T04:02:31.272Z,FALSE,"",10:20,FALSE
fare_BLR-DEL_IX_2026-10-15_T+7_1791433399598_g07q,BLR-DEL,EaseMyTrip,IX,IX-2786,2026-10-15,T+7,15723,3451,19174,2026-10-08T04:02:31.272Z,FALSE,"",09:20,FALSE
fare_BLR-DEL_IX_2026-10-15_T+7_1791433399598_kqs3,BLR-DEL,EaseMyTrip,IX,IX-1239,2026-10-15,T+7,15723,3451,19174,2026-10-08T04:02:31.272Z,FALSE,"",06:35,FALSE
fare_BLR-DEL_6E_2026-10-15_T+7_1791433399598_f4wo,BLR-DEL,EaseMyTrip,6E,6E-6104,2026-10-15,T+7,15551,3414,18965,2026-10-08T04:02:31.272Z,FALSE,"",11:40,FALSE
fare_BLR-DEL_6E_2026-10-15_T+7_1791433399598_v0tm,BLR-DEL,EaseMyTrip,6E,6E-736,2026-10-15,T+7,15842,3477,19319,2026-10-08T04:02:31.272Z,FALSE,"",10:50,FALSE
fare_BLR-DEL_6E_2026-10-15_T+7_1791433399598_grus,BLR-DEL,EaseMyTrip,6E,6E-974,2026-10-15,T+7,15842,3477,19319,2026-10-08T04:02:31.272Z,FALSE,"",10:50,FALSE
fare_BLR-DEL_6E_2026-10-15_T+7_1791433399598_k4zt,BLR-DEL,EaseMyTrip,6E,6E-6012,2026-10-15,T+7,15874,3484,19358,2026-10-08T04:02:31.272Z,FALSE,"",19:30,FALSE
fare_BLR-DEL_6E_2026-10-15_T+7_1791433399598_96dh,BLR-DEL,EaseMyTrip,6E,6E-171,2026-10-15,T+7,15883,3486,19369,2026-10-08T04:02:31.272Z,FALSE,"",16:20,FALSE
fare_BLR-DEL_6E_2026-10-15_T+7_1791433399598_03f4,BLR-DEL,EaseMyTrip,6E,6E-761,2026-10-15,T+7,15883,3486,19369,2026-10-08T04:02:31.272Z,FALSE,"",16:20,FALSE
fare_BLR-DEL_AI_2026-10-15_T+7_1791433399598_g9r3,BLR-DEL,EaseMyTrip,AI,AI-9570,2026-10-15,T+7,16201,3556,19757,2026-10-08T04:02:31.272Z,FALSE,"",06:05,FALSE
fare_BLR-DEL_AI_2026-10-15_T+7_1791433399598_afw8,BLR-DEL,EaseMyTrip,AI,AI-9898,2026-10-15,T+7,16445,3610,20055,2026-10-08T04:02:31.272Z,FALSE,"",10:20,FALSE
fare_BLR-DEL_IX_2026-10-15_T+7_1791433399598_0uty,BLR-DEL,EaseMyTrip,IX,IX-1893,2026-10-15,T+7,16591,3642,20233,2026-10-08T04:02:31.272Z,FALSE,"",08:40,FALSE
fare_BLR-DEL_6E_2026-10-15_T+7_1791433399598_60u4,BLR-DEL,EaseMyTrip,6E,6E-6784,2026-10-15,T+7,16919,3714,20633,2026-10-08T04:02:31.272Z,FALSE,"",21:25,FALSE
fare_BLR-DEL_6E_2026-10-15_T+7_1791433399598_zomy,BLR-DEL,EaseMyTrip,6E,6E-433,2026-10-15,T+7,16919,3714,20633,2026-10-08T04:02:31.272Z,FALSE,"",10:15,FALSE
fare_BLR-DEL_6E_2026-10-15_T+7_1791433399598_j05t,BLR-DEL,EaseMyTrip,6E,6E-938,2026-10-15,T+7,16919,3714,20633,2026-10-08T04:02:31.272Z,FALSE,"",10:15,FALSE
fare_BLR-DEL_6E_2026-10-15_T+7_1791433399598_8b9h,BLR-DEL,EaseMyTrip,6E,6E-6178,2026-10-15,T+7,17235,3783,21018,2026-10-08T04:02:31.272Z,FALSE,"",06:10,FALSE
fare_BLR-DEL_6E_2026-10-15_T+7_1791433399598_ek8m,BLR-DEL,EaseMyTrip,6E,6E-590,2026-10-15,T+7,17359,3811,21170,2026-10-08T04:02:31.272Z,FALSE,"",13:55,FALSE
fare_BLR-DEL_AI_2026-10-15_T+7_1791433399598_uapi,BLR-DEL,EaseMyTrip,AI,AI-9602,2026-10-15,T+7,17635,3871,21506,2026-10-08T04:02:31.272Z,FALSE,"",09:10,FALSE
fare_BLR-DEL_IX_2026-10-15_T+7_1791433399598_izfz,BLR-DEL,EaseMyTrip,IX,IX-1385,2026-10-15,T+7,17691,3883,21574,2026-10-08T04:02:31.272Z,FALSE,"",10:55,FALSE
fare_BLR-DEL_AI_2026-10-15_T+7_1791433399598_rn54,BLR-DEL,EaseMyTrip,AI,AI-9457,2026-10-15,T+7,17688,3883,21571,2026-10-08T04:02:31.272Z,FALSE,"",16:15,FALSE
fare_BLR-DEL_AI_2026-10-15_T+7_1791433399598_kbdq,BLR-DEL,EaseMyTrip,AI,AI-9564,2026-10-15,T+7,17718,3889,21607,2026-10-08T04:02:31.272Z,FALSE,"",14:55,FALSE
fare_BLR-DEL_IX_2026-10-15_T+7_1791433399598_al0c,BLR-DEL,EaseMyTrip,IX,IX-1131,2026-10-15,T+7,17911,3932,21843,2026-10-08T04:02:31.272Z,FALSE,"",07:05,FALSE
fare_BLR-DEL_6E_2026-10-15_T+7_1791433399598_yynt,BLR-DEL,EaseMyTrip,6E,6E-320,2026-10-15,T+7,17791,3905,21696,2026-10-08T04:02:31.272Z,FALSE,"",13:55,FALSE
fare_BLR-DEL_6E_2026-10-15_T+7_1791433399598_znnc,BLR-DEL,EaseMyTrip,6E,6E-169,2026-10-15,T+7,17791,3905,21696,2026-10-08T04:02:31.272Z,FALSE,"",13:55,FALSE
fare_BLR-DEL_6E_2026-10-15_T+7_1791433399598_y3wv,BLR-DEL,EaseMyTrip,6E,6E-463,2026-10-15,T+7,18153,3985,22138,2026-10-08T04:02:31.272Z,FALSE,"",09:15,FALSE
fare_BLR-DEL_6E_2026-10-15_T+7_1791433399598_tlun,BLR-DEL,EaseMyTrip,6E,6E-540,2026-10-15,T+7,18153,3985,22138,2026-10-08T04:02:31.272Z,FALSE,"",09:15,FALSE
fare_BLR-DEL_6E_2026-10-15_T+7_1791433399598_0vx5,BLR-DEL,EaseMyTrip,6E,6E-131,2026-10-15,T+7,18153,3985,22138,2026-10-08T04:02:31.272Z,FALSE,"",08:15,FALSE
fare_BLR-DEL_6E_2026-10-15_T+7_1791433399598_mvgx,BLR-DEL,EaseMyTrip,6E,6E-106,2026-10-15,T+7,18153,3985,22138,2026-10-08T04:02:31.272Z,FALSE,"",08:15,FALSE
fare_BLR-DEL_IX_2026-10-15_T+7_1791433399598_pgcy,BLR-DEL,EaseMyTrip,IX,IX-2608,2026-10-15,T+7,18484,4057,22541,2026-10-08T04:02:31.272Z,FALSE,"",16:15,FALSE
fare_BLR-DEL_IX_2026-10-15_T+7_1791433399598_plsa,BLR-DEL,EaseMyTrip,IX,IX-1479,2026-10-15,T+7,18553,4073,22626,2026-10-08T04:02:31.272Z,FALSE,"",06:20,FALSE
fare_BLR-DEL_6E_2026-10-15_T+7_1791433399598_cduc,BLR-DEL,EaseMyTrip,6E,6E-6404,2026-10-15,T+7,18529,4067,22596,2026-10-08T04:02:31.272Z,FALSE,"",11:35,FALSE
fare_BLR-DEL_IX_2026-10-15_T+7_1791433399598_zg5e,BLR-DEL,EaseMyTrip,IX,IX-1537,2026-10-15,T+7,20322,4461,24783,2026-10-08T04:02:31.272Z,FALSE,"",12:00,FALSE
fare_BLR-DEL_6E_2026-10-15_T+7_1791433399598_f77j,BLR-DEL,EaseMyTrip,6E,6E-398,2026-10-15,T+7,21062,4623,25685,2026-10-08T04:02:31.272Z,FALSE,"",17:30,FALSE
fare_BLR-DEL_6E_2026-10-15_T+7_1791433399598_hcfn,BLR-DEL,EaseMyTrip,6E,6E-549,2026-10-15,T+7,21062,4623,25685,2026-10-08T04:02:31.272Z,FALSE,"",17:30,FALSE
fare_BLR-DEL_AI_2026-10-15_T+7_1791433399598_48cb,BLR-DEL,EaseMyTrip,AI,AI-9490,2026-10-15,T+7,21958,4820,26778,2026-10-08T04:02:31.272Z,FALSE,"",10:40,FALSE
fare_BLR-DEL_AI_2026-10-15_T+7_1791433399598_8p0t,BLR-DEL,EaseMyTrip,AI,AI-9437,2026-10-15,T+7,22408,4919,27327,2026-10-08T04:02:31.272Z,FALSE,"",07:05,FALSE
fare_BLR-DEL_6E_2026-10-15_T+7_1791433399598_qyfc,BLR-DEL,EaseMyTrip,6E,6E-6439,2026-10-15,T+7,22247,4883,27130,2026-10-08T04:02:31.272Z,FALSE,"",06:30,FALSE
fare_BLR-DEL_6E_2026-10-15_T+7_1791433399598_2ye0,BLR-DEL,EaseMyTrip,6E,6E-527,2026-10-15,T+7,22247,4883,27130,2026-10-08T04:02:31.272Z,FALSE,"",05:00,FALSE
fare_BLR-DEL_6E_2026-10-15_T+7_1791433399598_v0ig,BLR-DEL,EaseMyTrip,6E,6E-506,2026-10-15,T+7,22247,4883,27130,2026-10-08T04:02:31.272Z,FALSE,"",05:00,FALSE
fare_BLR-DEL_IX_2026-10-15_T+7_1791433399598_olcl,BLR-DEL,EaseMyTrip,IX,IX-2116,2026-10-15,T+7,23002,5049,28051,2026-10-08T04:02:31.272Z,FALSE,"",21:00,FALSE
fare_BLR-DEL_6E_2026-10-15_T+7_1791433399598_5who,BLR-DEL,EaseMyTrip,6E,6E-6067,2026-10-15,T+7,24248,5323,29571,2026-10-08T04:02:31.272Z,FALSE,"",16:30,FALSE
fare_BLR-DEL_IX_2026-10-15_T+7_1791433399598_rm9v,BLR-DEL,EaseMyTrip,IX,IX-1536,2026-10-15,T+7,24768,5437,30205,2026-10-08T04:02:31.272Z,FALSE,"",15:00,FALSE
fare_BLR-DEL_6E_2026-10-15_T+7_1791433399598_6u64,BLR-DEL,EaseMyTrip,6E,6E-448,2026-10-15,T+7,25346,5564,30910,2026-10-08T04:02:31.272Z,TRUE,"High outlier: ₹30910 > upper fence ₹30284 (Q3: ₹19329, IQR: ₹7303)",08:10,FALSE
fare_BLR-DEL_6E_2026-10-15_T+7_1791433399598_xx4q,BLR-DEL,EaseMyTrip,6E,6E-823,2026-10-15,T+7,25346,5564,30910,2026-10-08T04:02:31.272Z,TRUE,"High outlier: ₹30910 > upper fence ₹30284 (Q3: ₹19329, IQR: ₹7303)",08:10,FALSE
fare_BLR-HYD_IX_2026-10-23_T+15_1791433399598_d2bx,BLR-HYD,EaseMyTrip,IX,IX-2018,2026-10-23,T+15,3601,791,4392,2026-10-08T04:05:08.149Z,FALSE,"",06:05,TRUE
fare_BLR-HYD_6E_2026-10-23_T+15_1791433399598_f22h,BLR-HYD,EaseMyTrip,6E,6E-271,2026-10-23,T+15,3300,724,4024,2026-10-08T04:05:08.149Z,FALSE,"",14:45,TRUE
fare_BLR-HYD_6E_2026-10-23_T+15_1791433399598_hrn2,BLR-HYD,EaseMyTrip,6E,6E-427,2026-10-23,T+15,3300,724,4024,2026-10-08T04:05:08.149Z,FALSE,"",14:45,TRUE
fare_BLR-HYD_IX_2026-10-23_T+15_1791433399598_hox8,BLR-HYD,EaseMyTrip,IX,IX-2051,2026-10-23,T+15,3765,827,4592,2026-10-08T04:05:08.149Z,FALSE,"",14:55,TRUE
fare_BLR-HYD_IX_2026-10-23_T+15_1791433399598_9fti,BLR-HYD,EaseMyTrip,IX,IX-1250,2026-10-23,T+15,3765,827,4592,2026-10-08T04:05:08.149Z,FALSE,"",19:10,TRUE
fare_BLR-HYD_IX_2026-10-23_T+15_1791433399598_q1hk,BLR-HYD,EaseMyTrip,IX,IX-2506,2026-10-23,T+15,3765,827,4592,2026-10-08T04:05:08.149Z,FALSE,"",17:15,TRUE
fare_BLR-HYD_IX_2026-10-23_T+15_1791433399598_iw87,BLR-HYD,EaseMyTrip,IX,IX-2819,2026-10-23,T+15,3970,872,4842,2026-10-08T04:05:08.149Z,FALSE,"",12:30,TRUE
fare_BLR-HYD_6E_2026-10-23_T+15_1791433399598_z683,BLR-HYD,EaseMyTrip,6E,6E-149,2026-10-23,T+15,3816,838,4654,2026-10-08T04:05:08.149Z,FALSE,"",21:50,TRUE
fare_BLR-HYD_6E_2026-10-23_T+15_1791433399598_b8ve,BLR-HYD,EaseMyTrip,6E,6E-153,2026-10-23,T+15,3816,838,4654,2026-10-08T04:05:08.149Z,FALSE,"",21:50,TRUE
fare_BLR-HYD_6E_2026-10-23_T+15_1791433399598_zbys,BLR-HYD,EaseMyTrip,6E,6E-441,2026-10-23,T+15,4250,933,5183,2026-10-08T04:05:08.149Z,FALSE,"",18:35,TRUE
fare_BLR-HYD_6E_2026-10-23_T+15_1791433399598_qqp1,BLR-HYD,EaseMyTrip,6E,6E-855,2026-10-23,T+15,4250,933,5183,2026-10-08T04:05:08.149Z,FALSE,"",18:35,TRUE
fare_BLR-HYD_6E_2026-10-23_T+15_1791433399598_wjxs,BLR-HYD,EaseMyTrip,6E,6E-6067,2026-10-23,T+15,4250,933,5183,2026-10-08T04:05:08.149Z,FALSE,"",16:30,TRUE
fare_BLR-HYD_6E_2026-10-23_T+15_1791433399598_4p00,BLR-HYD,EaseMyTrip,6E,6E-6784,2026-10-23,T+15,4250,933,5183,2026-10-08T04:05:08.149Z,FALSE,"",21:25,TRUE
fare_BLR-HYD_6E_2026-10-23_T+15_1791433399598_p0f4,BLR-HYD,EaseMyTrip,6E,6E-6077,2026-10-23,T+15,4494,987,5481,2026-10-08T04:05:08.149Z,FALSE,"",20:20,FALSE
fare_BLR-HYD_6E_2026-10-23_T+15_1791433399598_wgn9,BLR-HYD,EaseMyTrip,6E,6E-6554,2026-10-23,T+15,4494,987,5481,2026-10-08T04:05:08.149Z,FALSE,"",19:15,FALSE
fare_BLR-HYD_6E_2026-10-23_T+15_1791433399598_si2e,BLR-HYD,EaseMyTrip,6E,6E-542,2026-10-23,T+15,4494,987,5481,2026-10-08T04:05:08.149Z,FALSE,"",07:05,FALSE
fare_BLR-HYD_6E_2026-10-23_T+15_1791433399598_pt4r,BLR-HYD,EaseMyTrip,6E,6E-105,2026-10-23,T+15,4494,987,5481,2026-10-08T04:05:08.149Z,FALSE,"",07:05,FALSE
fare_BLR-HYD_6E_2026-10-23_T+15_1791433399598_8p0h,BLR-HYD,EaseMyTrip,6E,6E-857,2026-10-23,T+15,4494,987,5481,2026-10-08T04:05:08.149Z,FALSE,"",07:10,FALSE
fare_BLR-HYD_6E_2026-10-23_T+15_1791433399598_50pl,BLR-HYD,EaseMyTrip,6E,6E-730,2026-10-23,T+15,4494,987,5481,2026-10-08T04:05:08.149Z,FALSE,"",07:10,FALSE
fare_BLR-HYD_6E_2026-10-23_T+15_1791433399598_2cx3,BLR-HYD,EaseMyTrip,6E,6E-6269,2026-10-23,T+15,4494,987,5481,2026-10-08T04:05:08.149Z,FALSE,"",07:15,FALSE
fare_BLR-HYD_6E_2026-10-23_T+15_1791433399598_bk78,BLR-HYD,EaseMyTrip,6E,6E-6168,2026-10-23,T+15,4494,987,5481,2026-10-08T04:05:08.149Z,FALSE,"",17:15,FALSE
fare_BLR-HYD_6E_2026-10-23_T+15_1791433399598_9h95,BLR-HYD,EaseMyTrip,6E,6E-103,2026-10-23,T+15,4494,987,5481,2026-10-08T04:05:08.149Z,FALSE,"",17:15,FALSE
fare_BLR-HYD_6E_2026-10-23_T+15_1791433399598_728u,BLR-HYD,EaseMyTrip,6E,6E-768,2026-10-23,T+15,4494,987,5481,2026-10-08T04:05:08.149Z,FALSE,"",17:15,FALSE
fare_BLR-HYD_6E_2026-10-23_T+15_1791433399598_uuov,BLR-HYD,EaseMyTrip,6E,6E-6017,2026-10-23,T+15,4494,987,5481,2026-10-08T04:05:08.149Z,FALSE,"",18:15,FALSE
fare_BLR-HYD_6E_2026-10-23_T+15_1791433399598_9rrn,BLR-HYD,EaseMyTrip,6E,6E-6208,2026-10-23,T+15,4494,987,5481,2026-10-08T04:05:08.149Z,FALSE,"",12:45,FALSE
fare_BLR-HYD_6E_2026-10-23_T+15_1791433399598_vbkg,BLR-HYD,EaseMyTrip,6E,6E-538,2026-10-23,T+15,4494,987,5481,2026-10-08T04:05:08.149Z,FALSE,"",18:50,FALSE
fare_BLR-HYD_6E_2026-10-23_T+15_1791433399598_3dlr,BLR-HYD,EaseMyTrip,6E,6E-610,2026-10-23,T+15,4494,987,5481,2026-10-08T04:05:08.149Z,FALSE,"",18:50,FALSE
fare_BLR-HYD_6E_2026-10-23_T+15_1791433399598_7kf0,BLR-HYD,EaseMyTrip,6E,6E-6876,2026-10-23,T+15,4494,987,5481,2026-10-08T04:05:08.149Z,FALSE,"",02:40,FALSE
fare_BLR-HYD_6E_2026-10-23_T+15_1791433399598_o2kx,BLR-HYD,EaseMyTrip,6E,6E-850,2026-10-23,T+15,4494,987,5481,2026-10-08T04:05:08.149Z,FALSE,"",17:15,FALSE
fare_BLR-HYD_6E_2026-10-23_T+15_1791433399598_14o6,BLR-HYD,EaseMyTrip,6E,6E-656,2026-10-23,T+15,4494,987,5481,2026-10-08T04:05:08.149Z,FALSE,"",17:15,FALSE
fare_BLR-HYD_6E_2026-10-23_T+15_1791433399598_v77p,BLR-HYD,EaseMyTrip,6E,6E-6875,2026-10-23,T+15,4494,987,5481,2026-10-08T04:05:08.149Z,FALSE,"",19:55,FALSE
fare_BLR-HYD_6E_2026-10-23_T+15_1791433399598_k7b8,BLR-HYD,EaseMyTrip,6E,6E-341,2026-10-23,T+15,4494,987,5481,2026-10-08T04:05:08.149Z,FALSE,"",21:40,FALSE
fare_BLR-HYD_6E_2026-10-23_T+15_1791433399598_1xn2,BLR-HYD,EaseMyTrip,6E,6E-192,2026-10-23,T+15,4494,987,5481,2026-10-08T04:05:08.149Z,FALSE,"",21:40,FALSE
fare_BLR-HYD_6E_2026-10-23_T+15_1791433399598_qk3f,BLR-HYD,EaseMyTrip,6E,6E-6753,2026-10-23,T+15,4494,987,5481,2026-10-08T04:05:08.149Z,FALSE,"",15:15,FALSE
fare_BLR-HYD_6E_2026-10-23_T+15_1791433399598_319f,BLR-HYD,EaseMyTrip,6E,6E-6563,2026-10-23,T+15,4494,987,5481,2026-10-08T04:05:08.149Z,FALSE,"",01:05,FALSE
fare_BLR-HYD_6E_2026-10-23_T+15_1791433399598_vbo8,BLR-HYD,EaseMyTrip,6E,6E-668,2026-10-23,T+15,4494,987,5481,2026-10-08T04:05:08.149Z,FALSE,"",07:05,FALSE
fare_BLR-HYD_6E_2026-10-23_T+15_1791433399598_yqxf,BLR-HYD,EaseMyTrip,6E,6E-806,2026-10-23,T+15,4494,987,5481,2026-10-08T04:05:08.149Z,FALSE,"",07:05,FALSE
fare_BLR-HYD_6E_2026-10-23_T+15_1791433399598_l2pw,BLR-HYD,EaseMyTrip,6E,6E-308,2026-10-23,T+15,4494,987,5481,2026-10-08T04:05:08.149Z,FALSE,"",17:15,FALSE
fare_BLR-HYD_6E_2026-10-23_T+15_1791433399598_euj1,BLR-HYD,EaseMyTrip,6E,6E-670,2026-10-23,T+15,4494,987,5481,2026-10-08T04:05:08.149Z,FALSE,"",17:15,FALSE
fare_BLR-HYD_6E_2026-10-23_T+15_1791433399598_3yhq,BLR-HYD,EaseMyTrip,6E,6E-904,2026-10-23,T+15,4494,987,5481,2026-10-08T04:05:08.149Z,FALSE,"",10:45,FALSE
fare_BLR-HYD_6E_2026-10-23_T+15_1791433399598_cynm,BLR-HYD,EaseMyTrip,6E,6E-133,2026-10-23,T+15,4494,987,5481,2026-10-08T04:05:08.149Z,FALSE,"",10:45,FALSE
fare_BLR-HYD_6E_2026-10-23_T+15_1791433399598_8a0g,BLR-HYD,EaseMyTrip,6E,6E-532,2026-10-23,T+15,4576,1004,5580,2026-10-08T04:05:08.149Z,FALSE,"",19:45,TRUE
fare_BLR-HYD_6E_2026-10-23_T+15_1791433399598_kmaw,BLR-HYD,EaseMyTrip,6E,6E-138,2026-10-23,T+15,4576,1004,5580,2026-10-08T04:05:08.149Z,FALSE,"",19:45,TRUE
fare_BLR-HYD_6E_2026-10-23_T+15_1791433399598_7ucc,BLR-HYD,EaseMyTrip,6E,6E-7737,2026-10-23,T+15,4851,1065,5916,2026-10-08T04:05:08.149Z,FALSE,"",10:50,FALSE
fare_BLR-HYD_6E_2026-10-23_T+15_1791433399598_ahdp,BLR-HYD,EaseMyTrip,6E,6E-6162,2026-10-23,T+15,5045,1108,6153,2026-10-08T04:05:08.149Z,FALSE,"",18:50,FALSE
fare_BLR-HYD_6E_2026-10-23_T+15_1791433399598_3nrw,BLR-HYD,EaseMyTrip,6E,6E-6445,2026-10-23,T+15,5045,1108,6153,2026-10-08T04:05:08.149Z,FALSE,"",10:25,FALSE
fare_BLR-HYD_6E_2026-10-23_T+15_1791433399598_iq5v,BLR-HYD,EaseMyTrip,6E,6E-791,2026-10-23,T+15,5045,1108,6153,2026-10-08T04:05:08.149Z,FALSE,"",17:00,FALSE
fare_BLR-HYD_6E_2026-10-23_T+15_1791433399598_ju4n,BLR-HYD,EaseMyTrip,6E,6E-652,2026-10-23,T+15,5045,1108,6153,2026-10-08T04:05:08.149Z,FALSE,"",17:00,FALSE
fare_BLR-HYD_6E_2026-10-23_T+15_1791433399598_oy9w,BLR-HYD,EaseMyTrip,6E,6E-7227,2026-10-23,T+15,5167,1134,6301,2026-10-08T04:05:08.149Z,FALSE,"",06:25,FALSE
fare_BLR-HYD_IX_2026-10-23_T+15_1791433399598_uh32,BLR-HYD,EaseMyTrip,IX,IX-1472,2026-10-23,T+15,5630,1236,6866,2026-10-08T04:05:08.149Z,FALSE,"",07:05,FALSE
fare_BLR-HYD_6E_2026-10-23_T+15_1791433399598_vfdw,BLR-HYD,EaseMyTrip,6E,6E-6104,2026-10-23,T+15,5360,1177,6537,2026-10-08T04:05:08.149Z,FALSE,"",11:40,FALSE
fare_BLR-HYD_6E_2026-10-23_T+15_1791433399598_7b2k,BLR-HYD,EaseMyTrip,6E,6E-7204,2026-10-23,T+15,5360,1177,6537,2026-10-08T04:05:08.149Z,FALSE,"",06:50,FALSE
fare_BLR-HYD_6E_2026-10-23_T+15_1791433399598_wp9z,BLR-HYD,EaseMyTrip,6E,6E-7223,2026-10-23,T+15,5360,1177,6537,2026-10-08T04:05:08.149Z,FALSE,"",15:30,FALSE
fare_BLR-HYD_6E_2026-10-23_T+15_1791433399598_it1n,BLR-HYD,EaseMyTrip,6E,6E-6336,2026-10-23,T+15,5554,1219,6773,2026-10-08T04:05:08.149Z,FALSE,"",12:25,FALSE
fare_BLR-HYD_6E_2026-10-23_T+15_1791433399598_zfx2,BLR-HYD,EaseMyTrip,6E,6E-439,2026-10-23,T+15,5705,1252,6957,2026-10-08T04:05:08.149Z,FALSE,"",23:05,FALSE
fare_BLR-HYD_6E_2026-10-23_T+15_1791433399598_6o4l,BLR-HYD,EaseMyTrip,6E,6E-285,2026-10-23,T+15,5705,1252,6957,2026-10-08T04:05:08.149Z,FALSE,"",23:05,FALSE
fare_BLR-HYD_6E_2026-10-23_T+15_1791433399598_e53v,BLR-HYD,EaseMyTrip,6E,6E-6653,2026-10-23,T+15,5705,1252,6957,2026-10-08T04:05:08.149Z,FALSE,"",12:35,FALSE
fare_BLR-HYD_6E_2026-10-23_T+15_1791433399598_aak3,BLR-HYD,EaseMyTrip,6E,6E-6404,2026-10-23,T+15,5769,1266,7035,2026-10-08T04:05:08.149Z,FALSE,"",11:35,TRUE
fare_BLR-HYD_6E_2026-10-23_T+15_1791433399598_mtxw,BLR-HYD,EaseMyTrip,6E,6E-6178,2026-10-23,T+15,6252,1372,7624,2026-10-08T04:05:08.149Z,FALSE,"",06:10,TRUE
fare_BLR-HYD_IX_2026-10-23_T+15_1791433399598_961t,BLR-HYD,EaseMyTrip,IX,IX-2056,2026-10-23,T+15,6936,1523,8459,2026-10-08T04:05:08.149Z,FALSE,"",05:55,FALSE
fare_BLR-HYD_6E_2026-10-23_T+15_1791433399598_xmv5,BLR-HYD,EaseMyTrip,6E,6E-885,2026-10-23,T+15,6947,1525,8472,2026-10-08T04:05:08.149Z,FALSE,"",20:40,FALSE
fare_BLR-HYD_6E_2026-10-23_T+15_1791433399598_ptkm,BLR-HYD,EaseMyTrip,6E,6E-716,2026-10-23,T+15,6947,1525,8472,2026-10-08T04:05:08.149Z,FALSE,"",20:40,FALSE
fare_BLR-HYD_6E_2026-10-23_T+15_1791433399598_trkn,BLR-HYD,EaseMyTrip,6E,6E-517,2026-10-23,T+15,7372,1618,8990,2026-10-08T04:05:08.149Z,FALSE,"",10:15,TRUE
fare_BLR-HYD_6E_2026-10-23_T+15_1791433399598_9n9s,BLR-HYD,EaseMyTrip,6E,6E-321,2026-10-23,T+15,7372,1618,8990,2026-10-08T04:05:08.149Z,FALSE,"",10:15,TRUE
fare_BLR-HYD_6E_2026-10-23_T+15_1791433399598_tzrd,BLR-HYD,EaseMyTrip,6E,6E-983,2026-10-23,T+15,7372,1618,8990,2026-10-08T04:05:08.149Z,FALSE,"",09:15,TRUE
fare_BLR-HYD_6E_2026-10-23_T+15_1791433399598_b76b,BLR-HYD,EaseMyTrip,6E,6E-293,2026-10-23,T+15,7372,1618,8990,2026-10-08T04:05:08.149Z,FALSE,"",09:15,TRUE
fare_BLR-HYD_IX_2026-10-23_T+15_1791433399598_fosx,BLR-HYD,EaseMyTrip,IX,IX-2926,2026-10-23,T+15,7657,1681,9338,2026-10-08T04:05:08.149Z,FALSE,"",08:40,FALSE
fare_BLR-HYD_6E_2026-10-23_T+15_1791433399598_97sg,BLR-HYD,EaseMyTrip,6E,6E-6583,2026-10-23,T+15,7636,1676,9312,2026-10-08T04:05:08.149Z,FALSE,"",10:40,FALSE
fare_BLR-HYD_6E_2026-10-23_T+15_1791433399598_rkux,BLR-HYD,EaseMyTrip,6E,6E-7285,2026-10-23,T+15,9630,2114,11744,2026-10-08T04:05:08.149Z,FALSE,"",06:50,FALSE
fare_BLR-HYD_AI_2026-10-23_T+15_1791433399598_n0nj,BLR-HYD,EaseMyTrip,AI,AI-2858,2026-10-23,T+15,10551,2316,12867,2026-10-08T04:05:08.149Z,FALSE,"",02:20,FALSE
fare_BLR-HYD_6E_2026-10-23_T+15_1791433399598_xyis,BLR-HYD,EaseMyTrip,6E,6E-849,2026-10-23,T+15,10396,2282,12678,2026-10-08T04:05:08.149Z,FALSE,"",08:15,TRUE
fare_BLR-HYD_6E_2026-10-23_T+15_1791433399598_lk4y,BLR-HYD,EaseMyTrip,6E,6E-548,2026-10-23,T+15,10396,2282,12678,2026-10-08T04:05:08.149Z,FALSE,"",08:15,TRUE
fare_BLR-HYD_6E_2026-10-23_T+15_1791433399598_n0jj,BLR-HYD,EaseMyTrip,6E,6E-7005,2026-10-23,T+15,10610,2329,12939,2026-10-08T04:05:08.149Z,FALSE,"",08:05,FALSE
fare_BLR-HYD_6E_2026-10-23_T+15_1791433399598_zua3,BLR-HYD,EaseMyTrip,6E,6E-596,2026-10-23,T+15,11282,2476,13758,2026-10-08T04:05:08.149Z,FALSE,"",07:10,FALSE
fare_BLR-HYD_6E_2026-10-23_T+15_1791433399598_r18w,BLR-HYD,EaseMyTrip,6E,6E-470,2026-10-23,T+15,11282,2476,13758,2026-10-08T04:05:08.149Z,FALSE,"",07:10,FALSE
fare_BLR-HYD_AI_2026-10-23_T+15_1791433399598_1vzl,BLR-HYD,EaseMyTrip,AI,AI-2402,2026-10-23,T+15,11651,2557,14208,2026-10-08T04:05:08.149Z,FALSE,"",06:35,FALSE
fare_BLR-HYD_AI_2026-10-23_T+15_1791433399598_iybr,BLR-HYD,EaseMyTrip,AI,AI-2630,2026-10-23,T+15,11829,2596,14425,2026-10-08T04:05:08.149Z,FALSE,"",12:05,FALSE
fare_BLR-HYD_AI_2026-10-23_T+15_1791433399598_3v13,BLR-HYD,EaseMyTrip,AI,AI-2852,2026-10-23,T+15,11829,2596,14425,2026-10-08T04:05:08.149Z,FALSE,"",10:30,FALSE
fare_BLR-HYD_6E_2026-10-23_T+15_1791433399598_1kxk,BLR-HYD,EaseMyTrip,6E,6E-707,2026-10-23,T+15,12216,2681,14897,2026-10-08T04:05:08.149Z,FALSE,"",12:55,FALSE
fare_BLR-HYD_6E_2026-10-23_T+15_1791433399598_4c6j,BLR-HYD,EaseMyTrip,6E,6E-303,2026-10-23,T+15,12216,2681,14897,2026-10-08T04:05:08.149Z,FALSE,"",12:55,FALSE
fare_BLR-HYD_AI_2026-10-23_T+15_1791433399598_4e88,BLR-HYD,EaseMyTrip,AI,AI-2854,2026-10-23,T+15,12494,2742,15236,2026-10-08T04:05:08.149Z,FALSE,"",18:05,FALSE
fare_BLR-HYD_AI_2026-10-23_T+15_1791433399598_zf26,BLR-HYD,EaseMyTrip,AI,AI-2604,2026-10-23,T+15,13033,2861,15894,2026-10-08T04:05:08.149Z,FALSE,"",09:15,FALSE
fare_BLR-HYD_AI_2026-10-23_T+15_1791433399598_khai,BLR-HYD,EaseMyTrip,AI,AI-9453,2026-10-23,T+15,15314,3362,18676,2026-10-08T04:05:08.149Z,FALSE,"",21:00,FALSE
fare_BLR-HYD_AI_2026-10-23_T+15_1791433399598_y2by,BLR-HYD,EaseMyTrip,AI,AI-9455,2026-10-23,T+15,15666,3439,19105,2026-10-08T04:05:08.149Z,FALSE,"",08:40,FALSE
fare_BLR-HYD_QP_2026-10-23_T+15_1791433399598_rh3v,BLR-HYD,EaseMyTrip,QP,QP-1571,2026-10-23,T+15,16193,3555,19748,2026-10-08T04:05:08.149Z,FALSE,"",05:30,FALSE
fare_BLR-HYD_QP_2026-10-23_T+15_1791433399598_f2j2,BLR-HYD,EaseMyTrip,QP,QP-1823,2026-10-23,T+15,16529,3628,20157,2026-10-08T04:05:08.149Z,FALSE,"",06:05,FALSE
fare_BLR-HYD_QP_2026-10-23_T+15_1791433399599_q2s9,BLR-HYD,EaseMyTrip,QP,QP-1821,2026-10-23,T+15,16813,3691,20504,2026-10-08T04:05:08.149Z,FALSE,"",13:05,FALSE
fare_BLR-HYD_AI_2026-10-23_T+15_1791433399599_cz7c,BLR-HYD,EaseMyTrip,AI,AI-2486,2026-10-23,T+15,17484,3838,21322,2026-10-08T04:05:08.149Z,FALSE,"",14:00,FALSE
fare_BLR-HYD_AI_2026-10-23_T+15_1791433399599_j0ae,BLR-HYD,EaseMyTrip,AI,AI-428,2026-10-23,T+15,17518,3846,21364,2026-10-08T04:05:08.149Z,FALSE,"",15:30,FALSE
fare_BLR-HYD_AI_2026-10-23_T+15_1791433399599_fipm,BLR-HYD,EaseMyTrip,AI,AI-2665,2026-10-23,T+15,17879,3925,21804,2026-10-08T04:05:08.149Z,FALSE,"",19:40,FALSE
fare_BLR-HYD_AI_2026-10-23_T+15_1791433399599_tswu,BLR-HYD,EaseMyTrip,AI,AI-2418,2026-10-23,T+15,17895,3928,21823,2026-10-08T04:05:08.149Z,FALSE,"",16:30,FALSE
fare_BLR-HYD_AI_2026-10-23_T+15_1791433399599_0mx3,BLR-HYD,EaseMyTrip,AI,AI-2511,2026-10-23,T+15,17895,3928,21823,2026-10-08T04:05:08.149Z,FALSE,"",15:00,FALSE
fare_BLR-HYD_AI_2026-10-23_T+15_1791433399599_tjvo,BLR-HYD,EaseMyTrip,AI,AI-2818,2026-10-23,T+15,18038,3959,21997,2026-10-08T04:05:08.149Z,FALSE,"",20:00,FALSE
fare_BLR-HYD_AI_2026-10-23_T+15_1791433399599_vkja,BLR-HYD,EaseMyTrip,AI,AI-2810,2026-10-23,T+15,18354,4029,22383,2026-10-08T04:05:08.149Z,FALSE,"",06:00,FALSE
fare_BLR-HYD_AI_2026-10-23_T+15_1791433399599_dl7r,BLR-HYD,EaseMyTrip,AI,AI-2804,2026-10-23,T+15,18354,4029,22383,2026-10-08T04:05:08.149Z,FALSE,"",10:00,FALSE
fare_BLR-HYD_AI_2026-10-23_T+15_1791433399599_xmf3,BLR-HYD,EaseMyTrip,AI,AI-2406,2026-10-23,T+15,18442,4048,22490,2026-10-08T04:05:08.149Z,FALSE,"",11:00,FALSE
fare_BLR-HYD_AI_2026-10-23_T+15_1791433399599_1i23,BLR-HYD,EaseMyTrip,AI,AI-2414,2026-10-23,T+15,18530,4067,22597,2026-10-08T04:05:08.149Z,FALSE,"",05:30,FALSE
fare_BLR-HYD_6E_2026-11-07_T+30_1791433399599_bxbv,BLR-HYD,EaseMyTrip,6E,6E-778,2026-11-07,T+30,5360,1177,6537,2026-10-08T04:05:14.004Z,FALSE,"",08:40,FALSE
fare_BLR-HYD_6E_2026-11-07_T+30_1791433399599_ec8m,BLR-HYD,EaseMyTrip,6E,6E-335,2026-11-07,T+30,5360,1177,6537,2026-10-08T04:05:14.004Z,FALSE,"",08:40,FALSE
fare_BLR-HYD_IX_2026-11-07_T+30_1791433399599_xy0i,BLR-HYD,EaseMyTrip,IX,IX-2935,2026-11-07,T+30,5683,1247,6930,2026-10-08T04:05:14.004Z,FALSE,"",19:45,TRUE
fare_BLR-HYD_IX_2026-11-07_T+30_1791433399599_qcn6,BLR-HYD,EaseMyTrip,IX,IX-1250,2026-11-07,T+30,5683,1247,6930,2026-10-08T04:05:14.004Z,FALSE,"",21:50,TRUE
fare_BLR-HYD_6E_2026-11-07_T+30_1791433399599_qjn5,BLR-HYD,EaseMyTrip,6E,6E-7223,2026-11-07,T+30,5705,1252,6957,2026-10-08T04:05:14.004Z,FALSE,"",15:45,FALSE
fare_BLR-HYD_6E_2026-11-07_T+30_1791433399599_q5su,BLR-HYD,EaseMyTrip,6E,6E-287,2026-11-07,T+30,6055,1329,7384,2026-10-08T04:05:14.004Z,FALSE,"",14:50,TRUE
fare_BLR-HYD_6E_2026-11-07_T+30_1791433399599_ubgo,BLR-HYD,EaseMyTrip,6E,6E-714,2026-11-07,T+30,6055,1329,7384,2026-10-08T04:05:14.004Z,FALSE,"",14:50,TRUE
fare_BLR-HYD_IX_2026-11-07_T+30_1791433399599_6o9c,BLR-HYD,EaseMyTrip,IX,IX-1251,2026-11-07,T+30,6696,1470,8166,2026-10-08T04:05:14.004Z,FALSE,"",08:30,TRUE
fare_BLR-HYD_IX_2026-11-07_T+30_1791433399599_dsuz,BLR-HYD,EaseMyTrip,IX,IX-2051,2026-11-07,T+30,6696,1470,8166,2026-10-08T04:05:14.004Z,FALSE,"",14:50,TRUE
fare_BLR-HYD_IX_2026-11-07_T+30_1791433399599_mxln,BLR-HYD,EaseMyTrip,IX,IX-2841,2026-11-07,T+30,6696,1470,8166,2026-10-08T04:05:14.004Z,FALSE,"",17:30,TRUE
fare_BLR-HYD_6E_2026-11-07_T+30_1791433399599_mqda,BLR-HYD,EaseMyTrip,6E,6E-543,2026-11-07,T+30,6947,1525,8472,2026-10-08T04:05:14.004Z,FALSE,"",22:10,FALSE
fare_BLR-HYD_6E_2026-11-07_T+30_1791433399599_yswn,BLR-HYD,EaseMyTrip,6E,6E-275,2026-11-07,T+30,6947,1525,8472,2026-10-08T04:05:14.004Z,FALSE,"",22:10,FALSE
fare_BLR-HYD_IX_2026-11-07_T+30_1791433399599_y0pf,BLR-HYD,EaseMyTrip,IX,IX-2018,2026-11-07,T+30,7285,1599,8884,2026-10-08T04:05:14.004Z,FALSE,"",05:50,TRUE
fare_BLR-HYD_6E_2026-11-07_T+30_1791433399599_sa33,BLR-HYD,EaseMyTrip,6E,6E-6784,2026-11-07,T+30,7372,1618,8990,2026-10-08T04:05:14.004Z,FALSE,"",21:35,TRUE
fare_BLR-HYD_6E_2026-11-07_T+30_1791433399599_baaq,BLR-HYD,EaseMyTrip,6E,6E-6067,2026-11-07,T+30,7372,1618,8990,2026-10-08T04:05:14.004Z,FALSE,"",16:45,TRUE
fare_BLR-HYD_6E_2026-11-07_T+30_1791433399599_aswu,BLR-HYD,EaseMyTrip,6E,6E-6923,2026-11-07,T+30,7372,1618,8990,2026-10-08T04:05:14.004Z,FALSE,"",14:55,TRUE
fare_BLR-HYD_6E_2026-11-07_T+30_1791433399599_ggpm,BLR-HYD,EaseMyTrip,6E,6E-188,2026-11-07,T+30,7372,1618,8990,2026-10-08T04:05:14.004Z,FALSE,"",20:05,TRUE
fare_BLR-HYD_6E_2026-11-07_T+30_1791433399599_nfyv,BLR-HYD,EaseMyTrip,6E,6E-160,2026-11-07,T+30,7372,1618,8990,2026-10-08T04:05:14.004Z,FALSE,"",20:05,TRUE
fare_BLR-HYD_6E_2026-11-07_T+30_1791433399599_1spj,BLR-HYD,EaseMyTrip,6E,6E-6208,2026-11-07,T+30,7756,1702,9458,2026-10-08T04:05:14.004Z,FALSE,"",19:15,FALSE
fare_BLR-HYD_6E_2026-11-07_T+30_1791433399599_nbl0,BLR-HYD,EaseMyTrip,6E,6E-6562,2026-11-07,T+30,7756,1702,9458,2026-10-08T04:05:14.004Z,FALSE,"",16:50,FALSE
fare_BLR-HYD_6E_2026-11-07_T+30_1791433399599_1q21,BLR-HYD,EaseMyTrip,6E,6E-6017,2026-11-07,T+30,7756,1702,9458,2026-10-08T04:05:14.004Z,FALSE,"",18:15,FALSE
fare_BLR-HYD_6E_2026-11-07_T+30_1791433399599_ylf9,BLR-HYD,EaseMyTrip,6E,6E-608,2026-11-07,T+30,8002,1757,9759,2026-10-08T04:05:14.004Z,FALSE,"",14:30,FALSE
fare_BLR-HYD_6E_2026-11-07_T+30_1791433399599_mx8m,BLR-HYD,EaseMyTrip,6E,6E-399,2026-11-07,T+30,8002,1757,9759,2026-10-08T04:05:14.004Z,FALSE,"",14:30,FALSE
fare_BLR-HYD_6E_2026-11-07_T+30_1791433399599_17ji,BLR-HYD,EaseMyTrip,6E,6E-379,2026-11-07,T+30,8002,1757,9759,2026-10-08T04:05:14.004Z,FALSE,"",14:30,FALSE
fare_BLR-HYD_6E_2026-11-07_T+30_1791433399599_i6uk,BLR-HYD,EaseMyTrip,6E,6E-960,2026-11-07,T+30,8002,1757,9759,2026-10-08T04:05:14.004Z,FALSE,"",14:30,FALSE
fare_BLR-HYD_6E_2026-11-07_T+30_1791433399599_v19w,BLR-HYD,EaseMyTrip,6E,6E-899,2026-11-07,T+30,8002,1757,9759,2026-10-08T04:05:14.004Z,FALSE,"",14:30,FALSE
fare_BLR-HYD_6E_2026-11-07_T+30_1791433399599_cqe8,BLR-HYD,EaseMyTrip,6E,6E-888,2026-11-07,T+30,8002,1757,9759,2026-10-08T04:05:14.004Z,FALSE,"",14:30,FALSE
fare_BLR-HYD_6E_2026-11-07_T+30_1791433399599_9uo9,BLR-HYD,EaseMyTrip,6E,6E-498,2026-11-07,T+30,8002,1757,9759,2026-10-08T04:05:14.004Z,FALSE,"",14:30,FALSE
fare_BLR-HYD_6E_2026-11-07_T+30_1791433399599_opy8,BLR-HYD,EaseMyTrip,6E,6E-514,2026-11-07,T+30,8002,1757,9759,2026-10-08T04:05:14.004Z,FALSE,"",14:30,FALSE
fare_BLR-HYD_6E_2026-11-07_T+30_1791433399599_cu7w,BLR-HYD,EaseMyTrip,6E,6E-107,2026-11-07,T+30,8020,1760,9780,2026-10-08T04:05:14.004Z,FALSE,"",07:30,TRUE
fare_BLR-HYD_6E_2026-11-07_T+30_1791433399599_n8gr,BLR-HYD,EaseMyTrip,6E,6E-799,2026-11-07,T+30,8020,1760,9780,2026-10-08T04:05:14.004Z,FALSE,"",07:30,TRUE
fare_BLR-HYD_6E_2026-11-07_T+30_1791433399599_tcgc,BLR-HYD,EaseMyTrip,6E,6E-581,2026-11-07,T+30,8020,1760,9780,2026-10-08T04:05:14.004Z,FALSE,"",09:15,TRUE
fare_BLR-HYD_6E_2026-11-07_T+30_1791433399599_8u7f,BLR-HYD,EaseMyTrip,6E,6E-258,2026-11-07,T+30,8020,1760,9780,2026-10-08T04:05:14.004Z,FALSE,"",09:15,TRUE
fare_BLR-HYD_6E_2026-11-07_T+30_1791433399599_h2fp,BLR-HYD,EaseMyTrip,6E,6E-6404,2026-11-07,T+30,8020,1760,9780,2026-10-08T04:05:14.004Z,FALSE,"",13:35,TRUE
fare_BLR-HYD_6E_2026-11-07_T+30_1791433399599_3wr1,BLR-HYD,EaseMyTrip,6E,6E-7203,2026-11-07,T+30,8576,1883,10459,2026-10-08T04:05:14.004Z,FALSE,"",05:50,FALSE
fare_BLR-HYD_IX_2026-11-07_T+30_1791433399599_439i,BLR-HYD,EaseMyTrip,IX,IX-1303,2026-11-07,T+30,8903,1954,10857,2026-10-08T04:05:14.004Z,FALSE,"",12:05,FALSE
fare_BLR-HYD_6E_2026-11-07_T+30_1791433399599_ipsg,BLR-HYD,EaseMyTrip,6E,6E-410,2026-11-07,T+30,9224,2025,11249,2026-10-08T04:05:14.004Z,FALSE,"",22:10,FALSE
fare_BLR-HYD_6E_2026-11-07_T+30_1791433399599_7pn9,BLR-HYD,EaseMyTrip,6E,6E-869,2026-11-07,T+30,9224,2025,11249,2026-10-08T04:05:14.004Z,FALSE,"",22:10,FALSE
fare_BLR-HYD_6E_2026-11-07_T+30_1791433399599_649n,BLR-HYD,EaseMyTrip,6E,6E-378,2026-11-07,T+30,9237,2028,11265,2026-10-08T04:05:14.004Z,FALSE,"",08:50,FALSE
fare_BLR-HYD_6E_2026-11-07_T+30_1791433399599_4zy8,BLR-HYD,EaseMyTrip,6E,6E-435,2026-11-07,T+30,9237,2028,11265,2026-10-08T04:05:14.004Z,FALSE,"",08:50,FALSE
fare_BLR-HYD_6E_2026-11-07_T+30_1791433399599_tuti,BLR-HYD,EaseMyTrip,6E,6E-6269,2026-11-07,T+30,9603,2108,11711,2026-10-08T04:05:14.004Z,FALSE,"",07:10,FALSE
fare_BLR-HYD_6E_2026-11-07_T+30_1791433399599_uvhf,BLR-HYD,EaseMyTrip,6E,6E-7281,2026-11-07,T+30,9680,2125,11805,2026-10-08T04:05:14.004Z,FALSE,"",06:55,FALSE
fare_BLR-HYD_6E_2026-11-07_T+30_1791433399599_29zv,BLR-HYD,EaseMyTrip,6E,6E-999,2026-11-07,T+30,10111,2219,12330,2026-10-08T04:05:14.004Z,FALSE,"",15:55,FALSE
fare_BLR-HYD_6E_2026-11-07_T+30_1791433399599_l1yw,BLR-HYD,EaseMyTrip,6E,6E-811,2026-11-07,T+30,10111,2219,12330,2026-10-08T04:05:14.004Z,FALSE,"",15:55,FALSE
fare_BLR-HYD_6E_2026-11-07_T+30_1791433399599_i9kb,BLR-HYD,EaseMyTrip,6E,6E-194,2026-11-07,T+30,10580,2323,12903,2026-10-08T04:05:14.004Z,FALSE,"",10:50,FALSE
fare_BLR-HYD_6E_2026-11-07_T+30_1791433399599_pdsq,BLR-HYD,EaseMyTrip,6E,6E-718,2026-11-07,T+30,10580,2323,12903,2026-10-08T04:05:14.004Z,FALSE,"",10:50,FALSE
fare_BLR-HYD_6E_2026-11-07_T+30_1791433399599_1kn2,BLR-HYD,EaseMyTrip,6E,6E-6583,2026-11-07,T+30,10711,2351,13062,2026-10-08T04:05:14.004Z,FALSE,"",11:20,FALSE
fare_BLR-HYD_6E_2026-11-07_T+30_1791433399599_k2rm,BLR-HYD,EaseMyTrip,6E,6E-266,2026-11-07,T+30,10821,2375,13196,2026-10-08T04:05:14.004Z,FALSE,"",08:00,FALSE
fare_BLR-HYD_6E_2026-11-07_T+30_1791433399599_ueh5,BLR-HYD,EaseMyTrip,6E,6E-185,2026-11-07,T+30,10821,2375,13196,2026-10-08T04:05:14.004Z,FALSE,"",08:00,FALSE
fare_BLR-HYD_6E_2026-11-07_T+30_1791433399599_ceyj,BLR-HYD,EaseMyTrip,6E,6E-751,2026-11-07,T+30,10915,2396,13311,2026-10-08T04:05:14.004Z,FALSE,"",10:50,FALSE
fare_BLR-HYD_6E_2026-11-07_T+30_1791433399599_ofrq,BLR-HYD,EaseMyTrip,6E,6E-856,2026-11-07,T+30,10915,2396,13311,2026-10-08T04:05:14.004Z,FALSE,"",10:50,FALSE
fare_BLR-HYD_6E_2026-11-07_T+30_1791433399599_iujt,BLR-HYD,EaseMyTrip,6E,6E-6445,2026-11-07,T+30,11065,2429,13494,2026-10-08T04:05:14.004Z,FALSE,"",07:05,FALSE
fare_BLR-HYD_6E_2026-11-07_T+30_1791433399599_ebo2,BLR-HYD,EaseMyTrip,6E,6E-306,2026-11-07,T+30,11443,2512,13955,2026-10-08T04:05:14.004Z,FALSE,"",08:50,FALSE
fare_BLR-HYD_6E_2026-11-07_T+30_1791433399599_nii7,BLR-HYD,EaseMyTrip,6E,6E-471,2026-11-07,T+30,11443,2512,13955,2026-10-08T04:05:14.004Z,FALSE,"",08:50,FALSE
fare_BLR-HYD_IX_2026-11-07_T+30_1791433399599_cwh3,BLR-HYD,EaseMyTrip,IX,IX-2023,2026-11-07,T+30,11728,2575,14303,2026-10-08T04:05:14.004Z,FALSE,"",16:10,FALSE
fare_BLR-HYD_IX_2026-11-07_T+30_1791433399599_jivd,BLR-HYD,EaseMyTrip,IX,IX-2064,2026-11-07,T+30,11728,2575,14303,2026-10-08T04:05:14.004Z,FALSE,"",07:50,FALSE
fare_BLR-HYD_6E_2026-11-07_T+30_1791433399599_op8b,BLR-HYD,EaseMyTrip,6E,6E-214,2026-11-07,T+30,11561,2538,14099,2026-10-08T04:05:14.004Z,FALSE,"",16:45,FALSE
fare_BLR-HYD_6E_2026-11-07_T+30_1791433399599_nvc5,BLR-HYD,EaseMyTrip,6E,6E-647,2026-11-07,T+30,11561,2538,14099,2026-10-08T04:05:14.004Z,FALSE,"",16:45,FALSE
fare_BLR-HYD_6E_2026-11-07_T+30_1791433399599_6sjv,BLR-HYD,EaseMyTrip,6E,6E-6563,2026-11-07,T+30,11561,2538,14099,2026-10-08T04:05:14.004Z,FALSE,"",23:30,FALSE
fare_BLR-HYD_6E_2026-11-07_T+30_1791433399599_v5l6,BLR-HYD,EaseMyTrip,6E,6E-6198,2026-11-07,T+30,12194,2677,14871,2026-10-08T04:05:14.004Z,FALSE,"",15:05,FALSE
fare_BLR-HYD_6E_2026-11-07_T+30_1791433399599_yx4i,BLR-HYD,EaseMyTrip,6E,6E-303,2026-11-07,T+30,12306,2701,15007,2026-10-08T04:05:14.004Z,FALSE,"",10:00,FALSE
fare_BLR-HYD_6E_2026-11-07_T+30_1791433399599_7frp,BLR-HYD,EaseMyTrip,6E,6E-362,2026-11-07,T+30,12306,2701,15007,2026-10-08T04:05:14.004Z,FALSE,"",10:00,FALSE
fare_BLR-HYD_6E_2026-11-07_T+30_1791433399599_vb3r,BLR-HYD,EaseMyTrip,6E,6E-859,2026-11-07,T+30,12419,2726,15145,2026-10-08T04:05:14.004Z,FALSE,"",10:15,TRUE
fare_BLR-HYD_6E_2026-11-07_T+30_1791433399599_rkdx,BLR-HYD,EaseMyTrip,6E,6E-866,2026-11-07,T+30,12419,2726,15145,2026-10-08T04:05:14.004Z,FALSE,"",10:15,TRUE
fare_BLR-HYD_6E_2026-11-07_T+30_1791433399599_yn54,BLR-HYD,EaseMyTrip,6E,6E-6653,2026-11-07,T+30,12491,2742,15233,2026-10-08T04:05:14.004Z,FALSE,"",12:25,FALSE
fare_BLR-HYD_6E_2026-11-07_T+30_1791433399599_xtya,BLR-HYD,EaseMyTrip,6E,6E-720,2026-11-07,T+30,12633,2773,15406,2026-10-08T04:05:14.004Z,FALSE,"",10:00,FALSE
fare_BLR-HYD_6E_2026-11-07_T+30_1791433399599_ftdx,BLR-HYD,EaseMyTrip,6E,6E-262,2026-11-07,T+30,12633,2773,15406,2026-10-08T04:05:14.004Z,FALSE,"",10:00,FALSE
fare_BLR-HYD_6E_2026-11-07_T+30_1791433399599_nvzz,BLR-HYD,EaseMyTrip,6E,6E-253,2026-11-07,T+30,12936,2839,15775,2026-10-08T04:05:14.004Z,FALSE,"",12:40,FALSE
fare_BLR-HYD_6E_2026-11-07_T+30_1791433399600_xq6n,BLR-HYD,EaseMyTrip,6E,6E-220,2026-11-07,T+30,12936,2839,15775,2026-10-08T04:05:14.004Z,FALSE,"",12:40,FALSE
fare_BLR-HYD_6E_2026-11-07_T+30_1791433399600_8psl,BLR-HYD,EaseMyTrip,6E,6E-823,2026-11-07,T+30,13122,2880,16002,2026-10-08T04:05:14.004Z,FALSE,"",10:50,FALSE
fare_BLR-HYD_6E_2026-11-07_T+30_1791433399600_4wwz,BLR-HYD,EaseMyTrip,6E,6E-582,2026-11-07,T+30,13122,2880,16002,2026-10-08T04:05:14.004Z,FALSE,"",10:50,FALSE
fare_BLR-HYD_6E_2026-11-07_T+30_1791433399600_mosx,BLR-HYD,EaseMyTrip,6E,6E-641,2026-11-07,T+30,13263,2911,16174,2026-10-08T04:05:14.004Z,FALSE,"",12:40,FALSE
fare_BLR-HYD_6E_2026-11-07_T+30_1791433399600_jus2,BLR-HYD,EaseMyTrip,6E,6E-816,2026-11-07,T+30,13263,2911,16174,2026-10-08T04:05:14.004Z,FALSE,"",12:40,FALSE
fare_BLR-HYD_6E_2026-11-07_T+30_1791433399600_fgee,BLR-HYD,EaseMyTrip,6E,6E-565,2026-11-07,T+30,13510,2965,16475,2026-10-08T04:05:14.004Z,FALSE,"",22:10,FALSE
fare_BLR-HYD_6E_2026-11-07_T+30_1791433399600_xhue,BLR-HYD,EaseMyTrip,6E,6E-877,2026-11-07,T+30,13510,2965,16475,2026-10-08T04:05:14.004Z,FALSE,"",22:10,FALSE
fare_BLR-HYD_6E_2026-11-07_T+30_1791433399600_9wd5,BLR-HYD,EaseMyTrip,6E,6E-973,2026-11-07,T+30,13590,2983,16573,2026-10-08T04:05:14.004Z,FALSE,"",18:35,TRUE
fare_BLR-HYD_6E_2026-11-07_T+30_1791433399600_w3l6,BLR-HYD,EaseMyTrip,6E,6E-620,2026-11-07,T+30,13590,2983,16573,2026-10-08T04:05:14.004Z,FALSE,"",18:35,TRUE
fare_BLR-HYD_AI_2026-11-07_T+30_1791433399600_fry9,BLR-HYD,EaseMyTrip,AI,AI-2642,2026-11-07,T+30,13846,3039,16885,2026-10-08T04:05:14.004Z,FALSE,"",21:45,FALSE
fare_BLR-HYD_AI_2026-11-07_T+30_1791433399600_iphs,BLR-HYD,EaseMyTrip,AI,AI-2622,2026-11-07,T+30,14104,3096,17200,2026-10-08T04:05:14.004Z,FALSE,"",16:25,FALSE
fare_BLR-HYD_AI_2026-11-07_T+30_1791433399600_mnjw,BLR-HYD,EaseMyTrip,AI,AI-9649,2026-11-07,T+30,14369,3154,17523,2026-10-08T04:05:14.004Z,FALSE,"",17:00,FALSE
fare_BLR-HYD_AI_2026-11-07_T+30_1791433399600_i2uv,BLR-HYD,EaseMyTrip,AI,AI-2854,2026-11-07,T+30,14416,3164,17580,2026-10-08T04:05:14.004Z,FALSE,"",15:25,FALSE
fare_BLR-HYD_AI_2026-11-07_T+30_1791433399600_udod,BLR-HYD,EaseMyTrip,AI,AI-2483,2026-11-07,T+30,14430,3167,17597,2026-10-08T04:05:14.004Z,FALSE,"",14:45,FALSE
fare_BLR-HYD_AI_2026-11-07_T+30_1791433399600_bqvn,BLR-HYD,EaseMyTrip,AI,AI-2624,2026-11-07,T+30,14430,3167,17597,2026-10-08T04:05:14.004Z,FALSE,"",13:30,FALSE
fare_BLR-HYD_6E_2026-11-07_T+30_1791433399600_rf3w,BLR-HYD,EaseMyTrip,6E,6E-7298,2026-11-07,T+30,14388,3158,17546,2026-10-08T04:05:14.004Z,FALSE,"",08:25,FALSE
fare_BLR-HYD_6E_2026-11-07_T+30_1791433399600_5np4,BLR-HYD,EaseMyTrip,6E,6E-6876,2026-11-07,T+30,14624,3210,17834,2026-10-08T04:05:14.004Z,FALSE,"",02:00,FALSE
fare_BLR-HYD_6E_2026-11-07_T+30_1791433399600_yiqx,BLR-HYD,EaseMyTrip,6E,6E-6178,2026-11-07,T+30,14882,3267,18149,2026-10-08T04:05:14.004Z,FALSE,"",11:25,TRUE
fare_BLR-HYD_AI_2026-11-07_T+30_1791433399600_h1g4,BLR-HYD,EaseMyTrip,AI,AI-2852,2026-11-07,T+30,15934,3498,19432,2026-10-08T04:05:14.004Z,FALSE,"",10:20,FALSE
fare_BLR-HYD_AI_2026-11-07_T+30_1791433399600_4y56,BLR-HYD,EaseMyTrip,AI,AI-3306,2026-11-07,T+30,16343,3587,19930,2026-10-08T04:05:14.004Z,FALSE,"",02:25,FALSE
fare_BLR-HYD_AI_2026-11-07_T+30_1791433399600_eola,BLR-HYD,EaseMyTrip,AI,AI-2811,2026-11-07,T+30,17147,3764,20911,2026-10-08T04:05:14.004Z,FALSE,"",05:10,FALSE
fare_BLR-HYD_AI_2026-11-07_T+30_1791433399600_cplx,BLR-HYD,EaseMyTrip,AI,AI-2604,2026-11-07,T+30,17391,3817,21208,2026-10-08T04:05:14.004Z,FALSE,"",09:00,FALSE
fare_BLR-HYD_AI_2026-11-07_T+30_1791433399600_x9x0,BLR-HYD,EaseMyTrip,AI,AI-2402,2026-11-07,T+30,18323,4022,22345,2026-10-08T04:05:14.004Z,FALSE,"",07:15,FALSE
fare_BLR-HYD_IX_2026-11-07_T+30_1791433399600_fb0g,BLR-HYD,EaseMyTrip,IX,IX-2680,2026-11-07,T+30,19073,4187,23260,2026-10-08T04:05:14.004Z,FALSE,"",22:10,FALSE
fare_BLR-HYD_IX_2026-11-07_T+30_1791433399600_gxms,BLR-HYD,EaseMyTrip,IX,IX-2913,2026-11-07,T+30,19073,4187,23260,2026-10-08T04:05:14.004Z,FALSE,"",17:30,FALSE
fare_BLR-HYD_AI_2026-11-07_T+30_1791433399600_gd0u,BLR-HYD,EaseMyTrip,AI,AI-2406,2026-11-07,T+30,24792,5442,30234,2026-10-08T04:05:14.004Z,TRUE,"High outlier: ₹30234 > upper fence ₹28967 (Q3: ₹17442, IQR: ₹7683)",11:00,FALSE
fare_BLR-HYD_AI_2026-11-07_T+30_1791433399600_q0kw,BLR-HYD,EaseMyTrip,AI,AI-428,2026-11-07,T+30,24792,5442,30234,2026-10-08T04:05:14.004Z,TRUE,"High outlier: ₹30234 > upper fence ₹28967 (Q3: ₹17442, IQR: ₹7683)",14:45,FALSE
fare_BLR-HYD_AI_2026-11-07_T+30_1791433399600_md3q,BLR-HYD,EaseMyTrip,AI,AI-2486,2026-11-07,T+30,24792,5442,30234,2026-10-08T04:05:14.004Z,TRUE,"High outlier: ₹30234 > upper fence ₹28967 (Q3: ₹17442, IQR: ₹7683)",13:00,FALSE
fare_BLR-HYD_AI_2026-11-07_T+30_1791433399600_sdxy,BLR-HYD,EaseMyTrip,AI,AI-2804,2026-11-07,T+30,24792,5442,30234,2026-10-08T04:05:14.004Z,TRUE,"High outlier: ₹30234 > upper fence ₹28967 (Q3: ₹17442, IQR: ₹7683)",10:00,FALSE
fare_BLR-HYD_AI_2026-11-07_T+30_1791433399600_sdgs,BLR-HYD,EaseMyTrip,AI,AI-2868,2026-11-07,T+30,25263,5546,30809,2026-10-08T04:05:14.004Z,TRUE,"High outlier: ₹30809 > upper fence ₹28967 (Q3: ₹17442, IQR: ₹7683)",08:05,FALSE
fare_BLR-HYD_AI_2026-11-07_T+30_1791433399600_f9qk,BLR-HYD,EaseMyTrip,AI,AI-2516,2026-11-07,T+30,25944,5695,31639,2026-10-08T04:05:14.004Z,TRUE,"High outlier: ₹31639 > upper fence ₹28967 (Q3: ₹17442, IQR: ₹7683)",05:00,FALSE
fare_BLR-HYD_QP_2026-11-07_T+30_1791433399600_vjbd,BLR-HYD,EaseMyTrip,QP,QP-1301,2026-11-07,T+30,26639,5848,32487,2026-10-08T04:05:14.004Z,TRUE,"High outlier: ₹32487 > upper fence ₹28967 (Q3: ₹17442, IQR: ₹7683)",05:00,FALSE
fare_BLR-HYD_AI_2026-11-07_T+30_1791433399600_nf1a,BLR-HYD,EaseMyTrip,AI,AI-2758,2026-11-07,T+30,27887,6122,34009,2026-10-08T04:05:14.004Z,TRUE,"High outlier: ₹34009 > upper fence ₹28967 (Q3: ₹17442, IQR: ₹7683)",00:15,FALSE
fare_BLR-HYD_QP_2026-11-07_T+30_1791433399600_1hmz,BLR-HYD,EaseMyTrip,QP,QP-1823,2026-11-07,T+30,28617,6282,34899,2026-10-08T04:05:14.004Z,TRUE,"High outlier: ₹34899 > upper fence ₹28967 (Q3: ₹17442, IQR: ₹7683)",06:10,FALSE
fare_BLR-HYD_QP_2026-11-07_T+30_1791433399600_6sug,BLR-HYD,EaseMyTrip,QP,QP-1381,2026-11-07,T+30,29547,6486,36033,2026-10-08T04:05:14.004Z,TRUE,"High outlier: ₹36033 > upper fence ₹28967 (Q3: ₹17442, IQR: ₹7683)",13:55,FALSE
fare_BLR-HYD_AI_2026-11-07_T+30_1791433399600_qibu,BLR-HYD,EaseMyTrip,AI,AI-9497,2026-11-07,T+30,29983,6582,36565,2026-10-08T04:05:14.004Z,TRUE,"High outlier: ₹36565 > upper fence ₹28967 (Q3: ₹17442, IQR: ₹7683)",12:20,FALSE
fare_BLR-HYD_AI_2026-11-07_T+30_1791433399600_4ojg,BLR-HYD,EaseMyTrip,AI,AI-9547,2026-11-07,T+30,30456,6685,37141,2026-10-08T04:05:14.004Z,TRUE,"High outlier: ₹37141 > upper fence ₹28967 (Q3: ₹17442, IQR: ₹7683)",05:30,FALSE
fare_BLR-HYD_AI_2026-11-07_T+30_1791433399600_6wxj,BLR-HYD,EaseMyTrip,AI,AI-2810,2026-11-07,T+30,31378,6888,38266,2026-10-08T04:05:14.004Z,TRUE,"High outlier: ₹38266 > upper fence ₹28967 (Q3: ₹17442, IQR: ₹7683)",06:00,FALSE
fare_BLR-HYD_6E_2026-11-22_T+45_1791433399601_de41,BLR-HYD,EaseMyTrip,6E,6E-963,2026-11-22,T+45,3688,810,4498,2026-10-08T04:05:19.848Z,FALSE,"",09:15,TRUE
fare_BLR-HYD_6E_2026-11-22_T+45_1791433399601_9cp2,BLR-HYD,EaseMyTrip,6E,6E-312,2026-11-22,T+45,3688,810,4498,2026-10-08T04:05:19.848Z,FALSE,"",09:15,TRUE
fare_BLR-HYD_IX_2026-11-22_T+45_1791433399601_vmrs,BLR-HYD,EaseMyTrip,IX,IX-1251,2026-11-22,T+45,4164,914,5078,2026-10-08T04:05:19.848Z,FALSE,"",08:30,TRUE
fare_BLR-HYD_IX_2026-11-22_T+45_1791433399601_eq1z,BLR-HYD,EaseMyTrip,IX,IX-2841,2026-11-22,T+45,4164,914,5078,2026-10-08T04:05:19.848Z,FALSE,"",17:30,TRUE
fare_BLR-HYD_IX_2026-11-22_T+45_1791433399601_j0za,BLR-HYD,EaseMyTrip,IX,IX-2935,2026-11-22,T+45,4164,914,5078,2026-10-08T04:05:19.848Z,FALSE,"",19:45,TRUE
fare_BLR-HYD_IX_2026-11-22_T+45_1791433399601_qb50,BLR-HYD,EaseMyTrip,IX,IX-1250,2026-11-22,T+45,4164,914,5078,2026-10-08T04:05:19.848Z,FALSE,"",21:50,TRUE
fare_BLR-HYD_IX_2026-11-22_T+45_1791433399601_l5nv,BLR-HYD,EaseMyTrip,IX,IX-2018,2026-11-22,T+45,4164,914,5078,2026-10-08T04:05:19.848Z,FALSE,"",05:50,TRUE
fare_BLR-HYD_6E_2026-11-22_T+45_1791433399601_i8zi,BLR-HYD,EaseMyTrip,6E,6E-6923,2026-11-22,T+45,4250,933,5183,2026-10-08T04:05:19.848Z,FALSE,"",14:55,TRUE
fare_BLR-HYD_IX_2026-11-22_T+45_1791433399601_gy8g,BLR-HYD,EaseMyTrip,IX,IX-2051,2026-11-22,T+45,4489,985,5474,2026-10-08T04:05:19.848Z,FALSE,"",14:50,TRUE
fare_BLR-HYD_6E_2026-11-22_T+45_1791433399601_id11,BLR-HYD,EaseMyTrip,6E,6E-490,2026-11-22,T+45,4494,987,5481,2026-10-08T04:05:19.848Z,FALSE,"",10:50,FALSE
fare_BLR-HYD_6E_2026-11-22_T+45_1791433399601_4ppl,BLR-HYD,EaseMyTrip,6E,6E-412,2026-11-22,T+45,4494,987,5481,2026-10-08T04:05:19.848Z,FALSE,"",10:50,FALSE
fare_BLR-HYD_6E_2026-11-22_T+45_1791433399601_t3qo,BLR-HYD,EaseMyTrip,6E,6E-6208,2026-11-22,T+45,4494,987,5481,2026-10-08T04:05:19.848Z,FALSE,"",19:15,FALSE
fare_BLR-HYD_6E_2026-11-22_T+45_1791433399601_rt9i,BLR-HYD,EaseMyTrip,6E,6E-7215,2026-11-22,T+45,4494,987,5481,2026-10-08T04:05:19.848Z,FALSE,"",11:05,FALSE
fare_BLR-HYD_6E_2026-11-22_T+45_1791433399601_zpdv,BLR-HYD,EaseMyTrip,6E,6E-6269,2026-11-22,T+45,4494,987,5481,2026-10-08T04:05:19.848Z,FALSE,"",07:10,FALSE
fare_BLR-HYD_6E_2026-11-22_T+45_1791433399601_kamy,BLR-HYD,EaseMyTrip,6E,6E-6562,2026-11-22,T+45,4494,987,5481,2026-10-08T04:05:19.848Z,FALSE,"",16:50,FALSE
fare_BLR-HYD_6E_2026-11-22_T+45_1791433399601_jzln,BLR-HYD,EaseMyTrip,6E,6E-859,2026-11-22,T+45,4494,987,5481,2026-10-08T04:05:19.848Z,FALSE,"",14:30,FALSE
fare_BLR-HYD_6E_2026-11-22_T+45_1791433399601_svcm,BLR-HYD,EaseMyTrip,6E,6E-607,2026-11-22,T+45,4494,987,5481,2026-10-08T04:05:19.848Z,FALSE,"",14:30,FALSE
fare_BLR-HYD_6E_2026-11-22_T+45_1791433399601_cwny,BLR-HYD,EaseMyTrip,6E,6E-7223,2026-11-22,T+45,4494,987,5481,2026-10-08T04:05:19.848Z,FALSE,"",15:45,FALSE
fare_BLR-HYD_6E_2026-11-22_T+45_1791433399601_jmj4,BLR-HYD,EaseMyTrip,6E,6E-6017,2026-11-22,T+45,4494,987,5481,2026-10-08T04:05:19.848Z,FALSE,"",18:15,FALSE
fare_BLR-HYD_6E_2026-11-22_T+45_1791433399601_xcm4,BLR-HYD,EaseMyTrip,6E,6E-641,2026-11-22,T+45,4494,987,5481,2026-10-08T04:05:19.848Z,FALSE,"",14:30,FALSE
fare_BLR-HYD_6E_2026-11-22_T+45_1791433399601_r5wr,BLR-HYD,EaseMyTrip,6E,6E-344,2026-11-22,T+45,4494,987,5481,2026-10-08T04:05:19.848Z,FALSE,"",14:30,FALSE
fare_BLR-HYD_6E_2026-11-22_T+45_1791433399601_40f4,BLR-HYD,EaseMyTrip,6E,6E-820,2026-11-22,T+45,4494,987,5481,2026-10-08T04:05:19.848Z,FALSE,"",10:50,FALSE
fare_BLR-HYD_6E_2026-11-22_T+45_1791433399601_vemf,BLR-HYD,EaseMyTrip,6E,6E-141,2026-11-22,T+45,4494,987,5481,2026-10-08T04:05:19.848Z,FALSE,"",10:50,FALSE
fare_BLR-HYD_6E_2026-11-22_T+45_1791433399601_i2gb,BLR-HYD,EaseMyTrip,6E,6E-455,2026-11-22,T+45,4494,987,5481,2026-10-08T04:05:19.848Z,FALSE,"",14:30,FALSE
fare_BLR-HYD_6E_2026-11-22_T+45_1791433399601_v0v1,BLR-HYD,EaseMyTrip,6E,6E-589,2026-11-22,T+45,4494,987,5481,2026-10-08T04:05:19.848Z,FALSE,"",14:30,FALSE
fare_BLR-HYD_6E_2026-11-22_T+45_1791433399601_cv77,BLR-HYD,EaseMyTrip,6E,6E-574,2026-11-22,T+45,4494,987,5481,2026-10-08T04:05:19.848Z,FALSE,"",10:50,FALSE
fare_BLR-HYD_6E_2026-11-22_T+45_1791433399601_9ben,BLR-HYD,EaseMyTrip,6E,6E-152,2026-11-22,T+45,4494,987,5481,2026-10-08T04:05:19.848Z,FALSE,"",10:50,FALSE
fare_BLR-HYD_6E_2026-11-22_T+45_1791433399601_b11b,BLR-HYD,EaseMyTrip,6E,6E-791,2026-11-22,T+45,4494,987,5481,2026-10-08T04:05:19.848Z,FALSE,"",08:50,FALSE
fare_BLR-HYD_6E_2026-11-22_T+45_1791433399601_x72j,BLR-HYD,EaseMyTrip,6E,6E-529,2026-11-22,T+45,4494,987,5481,2026-10-08T04:05:19.848Z,FALSE,"",08:50,FALSE
fare_BLR-HYD_6E_2026-11-22_T+45_1791433399601_odz3,BLR-HYD,EaseMyTrip,6E,6E-477,2026-11-22,T+45,4494,987,5481,2026-10-08T04:05:19.848Z,FALSE,"",14:30,FALSE
fare_BLR-HYD_6E_2026-11-22_T+45_1791433399601_h599,BLR-HYD,EaseMyTrip,6E,6E-851,2026-11-22,T+45,4494,987,5481,2026-10-08T04:05:19.848Z,FALSE,"",14:30,FALSE
fare_BLR-HYD_6E_2026-11-22_T+45_1791433399601_rvyq,BLR-HYD,EaseMyTrip,6E,6E-171,2026-11-22,T+45,4576,1004,5580,2026-10-08T04:05:19.848Z,FALSE,"",18:35,TRUE
fare_BLR-HYD_6E_2026-11-22_T+45_1791433399601_02j2,BLR-HYD,EaseMyTrip,6E,6E-671,2026-11-22,T+45,4576,1004,5580,2026-10-08T04:05:19.848Z,FALSE,"",18:35,TRUE
fare_BLR-HYD_6E_2026-11-22_T+45_1791433399601_nd9e,BLR-HYD,EaseMyTrip,6E,6E-961,2026-11-22,T+45,4576,1004,5580,2026-10-08T04:05:19.848Z,FALSE,"",07:30,TRUE
fare_BLR-HYD_6E_2026-11-22_T+45_1791433399601_whx9,BLR-HYD,EaseMyTrip,6E,6E-532,2026-11-22,T+45,4576,1004,5580,2026-10-08T04:05:19.848Z,FALSE,"",07:30,TRUE
fare_BLR-HYD_6E_2026-11-22_T+45_1791433399601_sqrc,BLR-HYD,EaseMyTrip,6E,6E-6067,2026-11-22,T+45,4576,1004,5580,2026-10-08T04:05:19.848Z,FALSE,"",16:45,TRUE
fare_BLR-HYD_6E_2026-11-22_T+45_1791433399601_17m4,BLR-HYD,EaseMyTrip,6E,6E-6178,2026-11-22,T+45,4576,1004,5580,2026-10-08T04:05:19.848Z,FALSE,"",11:25,TRUE
fare_BLR-HYD_6E_2026-11-22_T+45_1791433399601_rqpd,BLR-HYD,EaseMyTrip,6E,6E-922,2026-11-22,T+45,4576,1004,5580,2026-10-08T04:05:19.848Z,FALSE,"",10:15,TRUE
fare_BLR-HYD_6E_2026-11-22_T+45_1791433399601_mr7p,BLR-HYD,EaseMyTrip,6E,6E-6404,2026-11-22,T+45,4576,1004,5580,2026-10-08T04:05:19.848Z,FALSE,"",13:35,TRUE
fare_BLR-HYD_6E_2026-11-22_T+45_1791433399601_rh8m,BLR-HYD,EaseMyTrip,6E,6E-7203,2026-11-22,T+45,4758,1044,5802,2026-10-08T04:05:19.848Z,FALSE,"",05:50,FALSE
fare_BLR-HYD_6E_2026-11-22_T+45_1791433399601_d3on,BLR-HYD,EaseMyTrip,6E,6E-702,2026-11-22,T+45,4758,1044,5802,2026-10-08T04:05:19.848Z,FALSE,"",08:40,FALSE
fare_BLR-HYD_6E_2026-11-22_T+45_1791433399601_77s9,BLR-HYD,EaseMyTrip,6E,6E-451,2026-11-22,T+45,4758,1044,5802,2026-10-08T04:05:19.848Z,FALSE,"",08:40,FALSE
fare_BLR-HYD_6E_2026-11-22_T+45_1791433399601_8lem,BLR-HYD,EaseMyTrip,6E,6E-757,2026-11-22,T+45,4935,1083,6018,2026-10-08T04:05:19.848Z,FALSE,"",20:05,TRUE
fare_BLR-HYD_6E_2026-11-22_T+45_1791433399601_0iau,BLR-HYD,EaseMyTrip,6E,6E-911,2026-11-22,T+45,4935,1083,6018,2026-10-08T04:05:19.848Z,FALSE,"",20:05,TRUE
fare_BLR-HYD_6E_2026-11-22_T+45_1791433399601_3dj6,BLR-HYD,EaseMyTrip,6E,6E-753,2026-11-22,T+45,4951,1087,6038,2026-10-08T04:05:19.848Z,FALSE,"",08:00,FALSE
fare_BLR-HYD_6E_2026-11-22_T+45_1791433399601_xt4o,BLR-HYD,EaseMyTrip,6E,6E-662,2026-11-22,T+45,4951,1087,6038,2026-10-08T04:05:19.848Z,FALSE,"",08:00,FALSE
fare_BLR-HYD_6E_2026-11-22_T+45_1791433399601_yvw3,BLR-HYD,EaseMyTrip,6E,6E-6563,2026-11-22,T+45,5045,1108,6153,2026-10-08T04:05:19.848Z,FALSE,"",23:30,FALSE
fare_BLR-HYD_IX_2026-11-22_T+45_1791433399601_leeu,BLR-HYD,EaseMyTrip,IX,IX-2409,2026-11-22,T+45,5313,1166,6479,2026-10-08T04:05:19.848Z,FALSE,"",12:05,FALSE
fare_BLR-HYD_IX_2026-11-22_T+45_1791433399601_cioz,BLR-HYD,EaseMyTrip,IX,IX-2023,2026-11-22,T+45,5632,1236,6868,2026-10-08T04:05:19.848Z,FALSE,"",16:10,FALSE
fare_BLR-HYD_IX_2026-11-22_T+45_1791433399601_7zxh,BLR-HYD,EaseMyTrip,IX,IX-1303,2026-11-22,T+45,5632,1236,6868,2026-10-08T04:05:19.848Z,FALSE,"",12:05,FALSE
fare_BLR-HYD_IX_2026-11-22_T+45_1791433399601_kqfj,BLR-HYD,EaseMyTrip,IX,IX-2064,2026-11-22,T+45,5632,1236,6868,2026-10-08T04:05:19.848Z,FALSE,"",07:50,FALSE
fare_BLR-HYD_6E_2026-11-22_T+45_1791433399601_55qc,BLR-HYD,EaseMyTrip,6E,6E-6653,2026-11-22,T+45,5705,1252,6957,2026-10-08T04:05:19.848Z,FALSE,"",12:25,FALSE
fare_BLR-HYD_6E_2026-11-22_T+45_1791433399601_yf0i,BLR-HYD,EaseMyTrip,6E,6E-6583,2026-11-22,T+45,5705,1252,6957,2026-10-08T04:05:19.848Z,FALSE,"",11:20,FALSE
fare_BLR-HYD_6E_2026-11-22_T+45_1791433399601_tgg1,BLR-HYD,EaseMyTrip,6E,6E-218,2026-11-22,T+45,6083,1335,7418,2026-10-08T04:05:19.848Z,FALSE,"",22:10,FALSE
fare_BLR-HYD_6E_2026-11-22_T+45_1791433399601_0ed1,BLR-HYD,EaseMyTrip,6E,6E-6445,2026-11-22,T+45,6495,1426,7921,2026-10-08T04:05:19.848Z,FALSE,"",07:05,FALSE
fare_BLR-HYD_6E_2026-11-22_T+45_1791433399601_oi0o,BLR-HYD,EaseMyTrip,6E,6E-430,2026-11-22,T+45,6495,1426,7921,2026-10-08T04:05:19.848Z,FALSE,"",15:55,FALSE
fare_BLR-HYD_6E_2026-11-22_T+45_1791433399601_urjw,BLR-HYD,EaseMyTrip,6E,6E-221,2026-11-22,T+45,6495,1426,7921,2026-10-08T04:05:19.848Z,FALSE,"",15:55,FALSE
fare_BLR-HYD_6E_2026-11-22_T+45_1791433399601_m4u4,BLR-HYD,EaseMyTrip,6E,6E-392,2026-11-22,T+45,6947,1525,8472,2026-10-08T04:05:19.848Z,FALSE,"",16:45,FALSE
fare_BLR-HYD_6E_2026-11-22_T+45_1791433399601_ndux,BLR-HYD,EaseMyTrip,6E,6E-220,2026-11-22,T+45,6947,1525,8472,2026-10-08T04:05:19.848Z,FALSE,"",16:45,FALSE
fare_BLR-HYD_6E_2026-11-22_T+45_1791433399601_zpmg,BLR-HYD,EaseMyTrip,6E,6E-350,2026-11-22,T+45,6947,1525,8472,2026-10-08T04:05:19.848Z,FALSE,"",22:10,FALSE
fare_BLR-HYD_6E_2026-11-22_T+45_1791433399601_4uvd,BLR-HYD,EaseMyTrip,6E,6E-853,2026-11-22,T+45,6947,1525,8472,2026-10-08T04:05:19.848Z,FALSE,"",22:10,FALSE
fare_BLR-HYD_6E_2026-11-22_T+45_1791433399601_gy05,BLR-HYD,EaseMyTrip,6E,6E-464,2026-11-22,T+45,7442,1634,9076,2026-10-08T04:05:19.848Z,FALSE,"",08:50,FALSE
fare_BLR-HYD_6E_2026-11-22_T+45_1791433399601_11bd,BLR-HYD,EaseMyTrip,6E,6E-867,2026-11-22,T+45,7442,1634,9076,2026-10-08T04:05:19.848Z,FALSE,"",08:50,FALSE
fare_BLR-HYD_6E_2026-11-22_T+45_1791433399601_vu61,BLR-HYD,EaseMyTrip,6E,6E-889,2026-11-22,T+45,7984,1752,9736,2026-10-08T04:05:19.848Z,FALSE,"",12:40,FALSE
fare_BLR-HYD_6E_2026-11-22_T+45_1791433399601_b69h,BLR-HYD,EaseMyTrip,6E,6E-202,2026-11-22,T+45,7984,1752,9736,2026-10-08T04:05:19.848Z,FALSE,"",12:40,FALSE
fare_BLR-HYD_6E_2026-11-22_T+45_1791433399601_59b2,BLR-HYD,EaseMyTrip,6E,6E-6784,2026-11-22,T+45,8020,1760,9780,2026-10-08T04:05:19.848Z,FALSE,"",21:35,TRUE
fare_BLR-HYD_6E_2026-11-22_T+45_1791433399601_oujw,BLR-HYD,EaseMyTrip,6E,6E-7281,2026-11-22,T+45,8366,1837,10203,2026-10-08T04:05:19.848Z,FALSE,"",06:55,FALSE
fare_BLR-HYD_6E_2026-11-22_T+45_1791433399601_vvxj,BLR-HYD,EaseMyTrip,6E,6E-705,2026-11-22,T+45,8576,1883,10459,2026-10-08T04:05:19.848Z,FALSE,"",10:00,FALSE
fare_BLR-HYD_IX_2026-11-22_T+45_1791433399601_sn1d,BLR-HYD,EaseMyTrip,IX,IX-2680,2026-11-22,T+45,9032,1983,11015,2026-10-08T04:05:19.848Z,FALSE,"",22:10,FALSE
fare_BLR-HYD_6E_2026-11-22_T+45_1791433399601_bett,BLR-HYD,EaseMyTrip,6E,6E-6876,2026-11-22,T+45,9224,2025,11249,2026-10-08T04:05:19.848Z,FALSE,"",02:00,FALSE
fare_BLR-HYD_IX_2026-11-22_T+45_1791433399601_8bgf,BLR-HYD,EaseMyTrip,IX,IX-2913,2026-11-22,T+45,9971,2189,12160,2026-10-08T04:05:19.848Z,FALSE,"",17:30,FALSE
fare_BLR-HYD_6E_2026-11-22_T+45_1791433399601_nwk0,BLR-HYD,EaseMyTrip,6E,6E-6104,2026-11-22,T+45,10711,2351,13062,2026-10-08T04:05:19.848Z,FALSE,"",12:15,FALSE
fare_BLR-HYD_6E_2026-11-22_T+45_1791433399601_8je6,BLR-HYD,EaseMyTrip,6E,6E-144,2026-11-22,T+45,10711,2351,13062,2026-10-08T04:05:19.848Z,FALSE,"",06:10,FALSE
fare_BLR-HYD_6E_2026-11-22_T+45_1791433399601_g9qo,BLR-HYD,EaseMyTrip,6E,6E-125,2026-11-22,T+45,10711,2351,13062,2026-10-08T04:05:19.848Z,FALSE,"",06:10,FALSE
fare_BLR-HYD_6E_2026-11-22_T+45_1791433399601_9cy6,BLR-HYD,EaseMyTrip,6E,6E-7217,2026-11-22,T+45,12298,2699,14997,2026-10-08T04:05:19.848Z,FALSE,"",10:10,FALSE
fare_BLR-HYD_AI_2026-11-22_T+45_1791433399601_arkp,BLR-HYD,EaseMyTrip,AI,AI-2402,2026-11-22,T+45,12516,2747,15263,2026-10-08T04:05:19.848Z,FALSE,"",07:15,FALSE
fare_BLR-HYD_AI_2026-11-22_T+45_1791433399601_26o3,BLR-HYD,EaseMyTrip,AI,AI-2604,2026-11-22,T+45,12634,2773,15407,2026-10-08T04:05:19.848Z,FALSE,"",09:00,FALSE
fare_BLR-HYD_AI_2026-11-22_T+45_1791433399601_km2t,BLR-HYD,EaseMyTrip,AI,AI-9649,2026-11-22,T+45,13023,2859,15882,2026-10-08T04:05:19.848Z,FALSE,"",17:00,FALSE
fare_BLR-HYD_AI_2026-11-22_T+45_1791433399601_a5gu,BLR-HYD,EaseMyTrip,AI,AI-2852,2026-11-22,T+45,13035,2861,15896,2026-10-08T04:05:19.848Z,FALSE,"",10:20,FALSE
fare_BLR-HYD_AI_2026-11-22_T+45_1791433399601_w7jd,BLR-HYD,EaseMyTrip,AI,AI-2622,2026-11-22,T+45,13329,2926,16255,2026-10-08T04:05:19.848Z,FALSE,"",16:25,FALSE
fare_BLR-HYD_AI_2026-11-22_T+45_1791433399601_9b8c,BLR-HYD,EaseMyTrip,AI,AI-2483,2026-11-22,T+45,13329,2926,16255,2026-10-08T04:05:19.848Z,FALSE,"",14:45,FALSE
fare_BLR-HYD_AI_2026-11-22_T+45_1791433399601_hy91,BLR-HYD,EaseMyTrip,AI,AI-2624,2026-11-22,T+45,13329,2926,16255,2026-10-08T04:05:19.848Z,FALSE,"",13:30,FALSE
fare_BLR-HYD_6E_2026-11-22_T+45_1791433399601_c4ub,BLR-HYD,EaseMyTrip,6E,6E-593,2026-11-22,T+45,13510,2965,16475,2026-10-08T04:05:19.848Z,FALSE,"",10:00,FALSE
fare_BLR-HYD_6E_2026-11-22_T+45_1791433399601_yraq,BLR-HYD,EaseMyTrip,6E,6E-822,2026-11-22,T+45,13510,2965,16475,2026-10-08T04:05:19.848Z,FALSE,"",10:00,FALSE
fare_BLR-HYD_AI_2026-11-22_T+45_1791433399601_uj8q,BLR-HYD,EaseMyTrip,AI,AI-2854,2026-11-22,T+45,13797,3028,16825,2026-10-08T04:05:19.848Z,FALSE,"",15:25,FALSE
fare_BLR-HYD_AI_2026-11-22_T+45_1791433399601_pv9h,BLR-HYD,EaseMyTrip,AI,AI-2642,2026-11-22,T+45,14535,3190,17725,2026-10-08T04:05:19.848Z,FALSE,"",21:45,FALSE
fare_BLR-HYD_6E_2026-11-22_T+45_1791433399601_xwds,BLR-HYD,EaseMyTrip,6E,6E-407,2026-11-22,T+45,14624,3210,17834,2026-10-08T04:05:19.848Z,FALSE,"",12:40,FALSE
fare_BLR-HYD_6E_2026-11-22_T+45_1791433399601_xlt1,BLR-HYD,EaseMyTrip,6E,6E-687,2026-11-22,T+45,14624,3210,17834,2026-10-08T04:05:19.848Z,FALSE,"",12:40,FALSE
fare_BLR-HYD_6E_2026-11-22_T+45_1791433399601_4w47,BLR-HYD,EaseMyTrip,6E,6E-7298,2026-11-22,T+45,15547,3413,18960,2026-10-08T04:05:19.848Z,FALSE,"",08:25,FALSE
fare_BLR-HYD_QP_2026-11-22_T+45_1791433399601_xo6y,BLR-HYD,EaseMyTrip,QP,QP-1823,2026-11-22,T+45,16512,3624,20136,2026-10-08T04:05:19.848Z,FALSE,"",06:10,FALSE
fare_BLR-HYD_QP_2026-11-22_T+45_1791433399601_94m3,BLR-HYD,EaseMyTrip,QP,QP-1301,2026-11-22,T+45,16512,3624,20136,2026-10-08T04:05:19.848Z,FALSE,"",05:00,FALSE
fare_BLR-HYD_AI_2026-11-22_T+45_1791433399601_2sp5,BLR-HYD,EaseMyTrip,AI,AI-2758,2026-11-22,T+45,17142,3763,20905,2026-10-08T04:05:19.848Z,FALSE,"",00:15,FALSE
fare_BLR-HYD_AI_2026-11-22_T+45_1791433399601_2mt2,BLR-HYD,EaseMyTrip,AI,AI-2850,2026-11-22,T+45,17391,3817,21208,2026-10-08T04:05:19.848Z,FALSE,"",20:15,FALSE
fare_BLR-HYD_AI_2026-11-22_T+45_1791433399601_aowx,BLR-HYD,EaseMyTrip,AI,AI-2516,2026-11-22,T+45,17901,3930,21831,2026-10-08T04:05:19.848Z,FALSE,"",05:00,FALSE
fare_BLR-HYD_QP_2026-11-22_T+45_1791433399601_5a9k,BLR-HYD,EaseMyTrip,QP,QP-1381,2026-11-22,T+45,17915,3932,21847,2026-10-08T04:05:19.848Z,FALSE,"",13:55,FALSE
fare_BLR-HYD_AI_2026-11-22_T+45_1791433399601_er7b,BLR-HYD,EaseMyTrip,AI,AI-2810,2026-11-22,T+45,18272,4011,22283,2026-10-08T04:05:19.848Z,FALSE,"",06:00,FALSE
fare_BLR-HYD_AI_2026-11-22_T+45_1791433399601_61ka,BLR-HYD,EaseMyTrip,AI,AI-9547,2026-11-22,T+45,18294,4016,22310,2026-10-08T04:05:19.848Z,FALSE,"",05:30,FALSE
fare_BLR-HYD_AI_2026-11-22_T+45_1791433399601_8s9z,BLR-HYD,EaseMyTrip,AI,AI-2804,2026-11-22,T+45,19404,4260,23664,2026-10-08T04:05:19.848Z,FALSE,"",10:00,FALSE
fare_BLR-HYD_AI_2026-11-22_T+45_1791433399601_yu2g,BLR-HYD,EaseMyTrip,AI,AI-2868,2026-11-22,T+45,19572,4296,23868,2026-10-08T04:05:19.848Z,FALSE,"",08:05,FALSE
fare_BLR-HYD_AI_2026-11-22_T+45_1791433399601_auip,BLR-HYD,EaseMyTrip,AI,AI-428,2026-11-22,T+45,20027,4396,24423,2026-10-08T04:05:19.848Z,FALSE,"",14:45,FALSE
fare_BLR-HYD_IX_2026-10-15_T+7_1791433399602_wfx2,BLR-HYD,EaseMyTrip,IX,IX-2819,2026-10-15,T+7,4489,985,5474,2026-10-08T04:05:02.375Z,FALSE,"",12:30,TRUE
fare_BLR-HYD_IX_2026-10-15_T+7_1791433399602_isxi,BLR-HYD,EaseMyTrip,IX,IX-2018,2026-10-15,T+7,5244,1151,6395,2026-10-08T04:05:02.375Z,FALSE,"",06:05,TRUE
fare_BLR-HYD_IX_2026-10-15_T+7_1791433399602_e1cg,BLR-HYD,EaseMyTrip,IX,IX-2051,2026-10-15,T+7,5683,1247,6930,2026-10-08T04:05:02.375Z,FALSE,"",14:55,TRUE
fare_BLR-HYD_6E_2026-10-15_T+7_1791433399602_6yyh,BLR-HYD,EaseMyTrip,6E,6E-683,2026-10-15,T+7,5705,1252,6957,2026-10-08T04:05:02.375Z,FALSE,"",07:05,FALSE
fare_BLR-HYD_6E_2026-10-15_T+7_1791433399602_h3br,BLR-HYD,EaseMyTrip,6E,6E-289,2026-10-15,T+7,5705,1252,6957,2026-10-08T04:05:02.375Z,FALSE,"",07:05,FALSE
fare_BLR-HYD_6E_2026-10-15_T+7_1791433399602_mm32,BLR-HYD,EaseMyTrip,6E,6E-442,2026-10-15,T+7,5705,1252,6957,2026-10-08T04:05:02.375Z,FALSE,"",07:05,FALSE
fare_BLR-HYD_6E_2026-10-15_T+7_1791433399602_lyxo,BLR-HYD,EaseMyTrip,6E,6E-372,2026-10-15,T+7,5705,1252,6957,2026-10-08T04:05:02.375Z,FALSE,"",07:05,FALSE
fare_BLR-HYD_6E_2026-10-15_T+7_1791433399602_n1jz,BLR-HYD,EaseMyTrip,6E,6E-6336,2026-10-15,T+7,5898,1295,7193,2026-10-08T04:05:02.375Z,FALSE,"",12:25,FALSE
fare_BLR-HYD_IX_2026-10-15_T+7_1791433399602_4vbb,BLR-HYD,EaseMyTrip,IX,IX-2506,2026-10-15,T+7,6166,1353,7519,2026-10-08T04:05:02.375Z,FALSE,"",17:15,TRUE
fare_BLR-HYD_QP_2026-10-15_T+7_1791433399602_2n3w,BLR-HYD,EaseMyTrip,QP,QP-6530,2026-10-15,T+7,6005,1318,7323,2026-10-08T04:05:02.375Z,FALSE,"",09:25,TRUE
fare_BLR-HYD_QP_2026-10-15_T+7_1791433399602_9awn,BLR-HYD,EaseMyTrip,QP,QP-6531,2026-10-15,T+7,6005,1318,7323,2026-10-08T04:05:02.375Z,FALSE,"",13:20,TRUE
fare_BLR-HYD_6E_2026-10-15_T+7_1791433399602_vaqq,BLR-HYD,EaseMyTrip,6E,6E-6876,2026-10-15,T+7,6083,1335,7418,2026-10-08T04:05:02.375Z,FALSE,"",02:40,FALSE
fare_BLR-HYD_IX_2026-10-15_T+7_1791433399602_334i,BLR-HYD,EaseMyTrip,IX,IX-1250,2026-10-15,T+7,6696,1470,8166,2026-10-08T04:05:02.375Z,FALSE,"",19:10,TRUE
fare_BLR-HYD_6E_2026-10-15_T+7_1791433399602_gekt,BLR-HYD,EaseMyTrip,6E,6E-6563,2026-10-15,T+7,6947,1525,8472,2026-10-08T04:05:02.375Z,FALSE,"",01:05,FALSE
fare_BLR-HYD_6E_2026-10-15_T+7_1791433399602_x6ns,BLR-HYD,EaseMyTrip,6E,6E-7227,2026-10-15,T+7,7248,1591,8839,2026-10-08T04:05:02.375Z,FALSE,"",06:25,FALSE
fare_BLR-HYD_IX_2026-10-15_T+7_1791433399602_l1tc,BLR-HYD,EaseMyTrip,IX,IX-2064,2026-10-15,T+7,7769,1705,9474,2026-10-08T04:05:02.375Z,FALSE,"",05:55,FALSE
fare_BLR-HYD_6E_2026-10-15_T+7_1791433399602_tbda,BLR-HYD,EaseMyTrip,6E,6E-216,2026-10-15,T+7,7984,1752,9736,2026-10-08T04:05:02.375Z,FALSE,"",18:50,FALSE
fare_BLR-HYD_6E_2026-10-15_T+7_1791433399602_s4p9,BLR-HYD,EaseMyTrip,6E,6E-685,2026-10-15,T+7,7984,1752,9736,2026-10-08T04:05:02.375Z,FALSE,"",18:50,FALSE
fare_BLR-HYD_6E_2026-10-15_T+7_1791433399602_ubir,BLR-HYD,EaseMyTrip,6E,6E-6168,2026-10-15,T+7,7984,1752,9736,2026-10-08T04:05:02.375Z,FALSE,"",17:15,FALSE
fare_BLR-HYD_6E_2026-10-15_T+7_1791433399602_5e3p,BLR-HYD,EaseMyTrip,6E,6E-6077,2026-10-15,T+7,8576,1883,10459,2026-10-08T04:05:02.375Z,FALSE,"",20:20,FALSE
fare_BLR-HYD_6E_2026-10-15_T+7_1791433399602_68sc,BLR-HYD,EaseMyTrip,6E,6E-6017,2026-10-15,T+7,8576,1883,10459,2026-10-08T04:05:02.375Z,FALSE,"",18:15,FALSE
fare_BLR-HYD_6E_2026-10-15_T+7_1791433399602_01d6,BLR-HYD,EaseMyTrip,6E,6E-394,2026-10-15,T+7,8576,1883,10459,2026-10-08T04:05:02.375Z,FALSE,"",17:15,FALSE
fare_BLR-HYD_6E_2026-10-15_T+7_1791433399602_8vfq,BLR-HYD,EaseMyTrip,6E,6E-888,2026-10-15,T+7,8576,1883,10459,2026-10-08T04:05:02.375Z,FALSE,"",17:15,FALSE
fare_BLR-HYD_IX_2026-10-15_T+7_1791433399602_m6or,BLR-HYD,EaseMyTrip,IX,IX-2926,2026-10-15,T+7,8934,1961,10895,2026-10-08T04:05:02.375Z,FALSE,"",08:40,FALSE
fare_BLR-HYD_IX_2026-10-15_T+7_1791433399602_rx8g,BLR-HYD,EaseMyTrip,IX,IX-1472,2026-10-15,T+7,8934,1961,10895,2026-10-08T04:05:02.375Z,FALSE,"",07:05,FALSE
fare_BLR-HYD_6E_2026-10-15_T+7_1791433399602_69fr,BLR-HYD,EaseMyTrip,6E,6E-446,2026-10-15,T+7,9224,2025,11249,2026-10-08T04:05:02.375Z,FALSE,"",17:15,FALSE
fare_BLR-HYD_6E_2026-10-15_T+7_1791433399602_xfyv,BLR-HYD,EaseMyTrip,6E,6E-711,2026-10-15,T+7,9224,2025,11249,2026-10-08T04:05:02.375Z,FALSE,"",17:15,FALSE
fare_BLR-HYD_6E_2026-10-15_T+7_1791433399602_em2h,BLR-HYD,EaseMyTrip,6E,6E-6583,2026-10-15,T+7,9418,2067,11485,2026-10-08T04:05:02.375Z,FALSE,"",10:40,FALSE
fare_BLR-HYD_6E_2026-10-15_T+7_1791433399602_tts1,BLR-HYD,EaseMyTrip,6E,6E-7285,2026-10-15,T+7,9997,2195,12192,2026-10-08T04:05:02.375Z,FALSE,"",06:50,FALSE
fare_BLR-HYD_6E_2026-10-15_T+7_1791433399602_4hbw,BLR-HYD,EaseMyTrip,6E,6E-6178,2026-10-15,T+7,10396,2282,12678,2026-10-08T04:05:02.375Z,FALSE,"",06:10,TRUE
fare_BLR-HYD_6E_2026-10-15_T+7_1791433399602_vucf,BLR-HYD,EaseMyTrip,6E,6E-6067,2026-10-15,T+7,10396,2282,12678,2026-10-08T04:05:02.375Z,FALSE,"",16:30,TRUE
fare_BLR-HYD_6E_2026-10-15_T+7_1791433399602_c2eo,BLR-HYD,EaseMyTrip,6E,6E-351,2026-10-15,T+7,10396,2282,12678,2026-10-08T04:05:02.375Z,FALSE,"",10:15,TRUE
fare_BLR-HYD_6E_2026-10-15_T+7_1791433399602_td5d,BLR-HYD,EaseMyTrip,6E,6E-402,2026-10-15,T+7,10396,2282,12678,2026-10-08T04:05:02.375Z,FALSE,"",10:15,TRUE
fare_BLR-HYD_6E_2026-10-15_T+7_1791433399602_40d5,BLR-HYD,EaseMyTrip,6E,6E-938,2026-10-15,T+7,10396,2282,12678,2026-10-08T04:05:02.375Z,FALSE,"",09:15,TRUE
fare_BLR-HYD_6E_2026-10-15_T+7_1791433399602_3q16,BLR-HYD,EaseMyTrip,6E,6E-251,2026-10-15,T+7,10396,2282,12678,2026-10-08T04:05:02.375Z,FALSE,"",09:15,TRUE
fare_BLR-HYD_6E_2026-10-15_T+7_1791433399602_br8d,BLR-HYD,EaseMyTrip,6E,6E-322,2026-10-15,T+7,10396,2282,12678,2026-10-08T04:05:02.375Z,FALSE,"",08:15,TRUE
fare_BLR-HYD_6E_2026-10-15_T+7_1791433399602_yqxb,BLR-HYD,EaseMyTrip,6E,6E-328,2026-10-15,T+7,10396,2282,12678,2026-10-08T04:05:02.375Z,FALSE,"",08:15,TRUE
fare_BLR-HYD_6E_2026-10-15_T+7_1791433399602_2lrb,BLR-HYD,EaseMyTrip,6E,6E-554,2026-10-15,T+7,10711,2351,13062,2026-10-08T04:05:02.375Z,FALSE,"",17:15,FALSE
fare_BLR-HYD_6E_2026-10-15_T+7_1791433399602_xg4m,BLR-HYD,EaseMyTrip,6E,6E-451,2026-10-15,T+7,10711,2351,13062,2026-10-08T04:05:02.375Z,FALSE,"",17:15,FALSE
fare_BLR-HYD_6E_2026-10-15_T+7_1791433399602_ff13,BLR-HYD,EaseMyTrip,6E,6E-6208,2026-10-15,T+7,10711,2351,13062,2026-10-08T04:05:02.375Z,FALSE,"",12:45,FALSE
fare_BLR-HYD_6E_2026-10-15_T+7_1791433399602_3fgd,BLR-HYD,EaseMyTrip,6E,6E-7005,2026-10-15,T+7,10711,2351,13062,2026-10-08T04:05:02.375Z,FALSE,"",08:05,FALSE
fare_BLR-HYD_6E_2026-10-15_T+7_1791433399602_xbul,BLR-HYD,EaseMyTrip,6E,6E-6753,2026-10-15,T+7,10711,2351,13062,2026-10-08T04:05:02.375Z,FALSE,"",15:15,FALSE
fare_BLR-HYD_6E_2026-10-15_T+7_1791433399602_3xj7,BLR-HYD,EaseMyTrip,6E,6E-117,2026-10-15,T+7,11358,2493,13851,2026-10-08T04:05:02.375Z,FALSE,"",19:45,TRUE
fare_BLR-HYD_6E_2026-10-15_T+7_1791433399602_et88,BLR-HYD,EaseMyTrip,6E,6E-629,2026-10-15,T+7,11358,2493,13851,2026-10-08T04:05:02.375Z,FALSE,"",19:45,TRUE
fare_BLR-HYD_6E_2026-10-15_T+7_1791433399602_48ls,BLR-HYD,EaseMyTrip,6E,6E-6404,2026-10-15,T+7,11358,2493,13851,2026-10-08T04:05:02.375Z,FALSE,"",11:35,TRUE
fare_BLR-HYD_6E_2026-10-15_T+7_1791433399602_oxv0,BLR-HYD,EaseMyTrip,6E,6E-250,2026-10-15,T+7,11546,2534,14080,2026-10-08T04:05:02.375Z,FALSE,"",23:05,FALSE
fare_BLR-HYD_6E_2026-10-15_T+7_1791433399602_9vhg,BLR-HYD,EaseMyTrip,6E,6E-331,2026-10-15,T+7,11546,2534,14080,2026-10-08T04:05:02.375Z,FALSE,"",23:05,FALSE
fare_BLR-HYD_6E_2026-10-15_T+7_1791433399602_k0e8,BLR-HYD,EaseMyTrip,6E,6E-686,2026-10-15,T+7,11561,2538,14099,2026-10-08T04:05:02.375Z,FALSE,"",07:10,FALSE
fare_BLR-HYD_6E_2026-10-15_T+7_1791433399602_ba1e,BLR-HYD,EaseMyTrip,6E,6E-759,2026-10-15,T+7,11561,2538,14099,2026-10-08T04:05:02.375Z,FALSE,"",07:10,FALSE
fare_BLR-HYD_6E_2026-10-15_T+7_1791433399602_j4jf,BLR-HYD,EaseMyTrip,6E,6E-661,2026-10-15,T+7,11393,2501,13894,2026-10-08T04:05:02.375Z,FALSE,"",20:50,TRUE
fare_BLR-HYD_6E_2026-10-15_T+7_1791433399602_7zw6,BLR-HYD,EaseMyTrip,6E,6E-342,2026-10-15,T+7,11393,2501,13894,2026-10-08T04:05:02.375Z,FALSE,"",20:50,TRUE
fare_BLR-HYD_6E_2026-10-15_T+7_1791433399602_daef,BLR-HYD,EaseMyTrip,6E,6E-7223,2026-10-15,T+7,11708,2570,14278,2026-10-08T04:05:02.375Z,FALSE,"",15:30,FALSE
fare_BLR-HYD_6E_2026-10-15_T+7_1791433399602_x3ae,BLR-HYD,EaseMyTrip,6E,6E-6875,2026-10-15,T+7,12041,2643,14684,2026-10-08T04:05:02.375Z,FALSE,"",19:55,FALSE
fare_BLR-HYD_6E_2026-10-15_T+7_1791433399602_4caf,BLR-HYD,EaseMyTrip,6E,6E-6012,2026-10-15,T+7,12116,2660,14776,2026-10-08T04:05:02.375Z,FALSE,"",19:30,FALSE
fare_BLR-HYD_6E_2026-10-15_T+7_1791433399602_oicv,BLR-HYD,EaseMyTrip,6E,6E-180,2026-10-15,T+7,12491,2742,15233,2026-10-08T04:05:02.375Z,FALSE,"",17:00,FALSE
fare_BLR-HYD_6E_2026-10-15_T+7_1791433399602_l3z5,BLR-HYD,EaseMyTrip,6E,6E-473,2026-10-15,T+7,12491,2742,15233,2026-10-08T04:05:02.375Z,FALSE,"",17:00,FALSE
fare_BLR-HYD_6E_2026-10-15_T+7_1791433399602_f3bo,BLR-HYD,EaseMyTrip,6E,6E-701,2026-10-15,T+7,12491,2742,15233,2026-10-08T04:05:02.375Z,FALSE,"",07:10,FALSE
fare_BLR-HYD_6E_2026-10-15_T+7_1791433399602_ofhr,BLR-HYD,EaseMyTrip,6E,6E-156,2026-10-15,T+7,12491,2742,15233,2026-10-08T04:05:02.375Z,FALSE,"",07:10,FALSE
fare_BLR-HYD_6E_2026-10-15_T+7_1791433399602_ondz,BLR-HYD,EaseMyTrip,6E,6E-491,2026-10-15,T+7,12491,2742,15233,2026-10-08T04:05:02.375Z,FALSE,"",10:50,FALSE
fare_BLR-HYD_6E_2026-10-15_T+7_1791433399602_1l2q,BLR-HYD,EaseMyTrip,6E,6E-822,2026-10-15,T+7,12491,2742,15233,2026-10-08T04:05:02.375Z,FALSE,"",10:50,FALSE
fare_BLR-HYD_AI_2026-10-15_T+7_1791433399602_bx32,BLR-HYD,EaseMyTrip,AI,AI-2852,2026-10-15,T+7,12900,2832,15732,2026-10-08T04:05:02.375Z,FALSE,"",10:30,FALSE
fare_BLR-HYD_AI_2026-10-15_T+7_1791433399602_yf2p,BLR-HYD,EaseMyTrip,AI,AI-2604,2026-10-15,T+7,13033,2861,15894,2026-10-08T04:05:02.375Z,FALSE,"",09:15,FALSE
fare_BLR-HYD_6E_2026-10-15_T+7_1791433399602_7we4,BLR-HYD,EaseMyTrip,6E,6E-7204,2026-10-15,T+7,13268,2913,16181,2026-10-08T04:05:02.375Z,FALSE,"",06:50,FALSE
fare_BLR-HYD_6E_2026-10-15_T+7_1791433399602_byop,BLR-HYD,EaseMyTrip,6E,6E-515,2026-10-15,T+7,13450,2953,16403,2026-10-08T04:05:02.375Z,FALSE,"",21:40,FALSE
fare_BLR-HYD_6E_2026-10-15_T+7_1791433399602_4trr,BLR-HYD,EaseMyTrip,6E,6E-678,2026-10-15,T+7,13450,2953,16403,2026-10-08T04:05:02.375Z,FALSE,"",21:40,FALSE
fare_BLR-HYD_6E_2026-10-15_T+7_1791433399602_qdlf,BLR-HYD,EaseMyTrip,6E,6E-6104,2026-10-15,T+7,13751,3019,16770,2026-10-08T04:05:02.375Z,FALSE,"",11:40,FALSE
fare_BLR-HYD_AI_2026-10-15_T+7_1791433399602_ze2y,BLR-HYD,EaseMyTrip,AI,AI-2858,2026-10-15,T+7,14020,3077,17097,2026-10-08T04:05:02.375Z,FALSE,"",02:20,FALSE
fare_BLR-HYD_AI_2026-10-15_T+7_1791433399602_yzlf,BLR-HYD,EaseMyTrip,AI,AI-2846,2026-10-15,T+7,14330,3145,17475,2026-10-08T04:05:02.375Z,FALSE,"",08:20,FALSE
fare_BLR-HYD_6E_2026-10-15_T+7_1791433399602_aiiv,BLR-HYD,EaseMyTrip,6E,6E-543,2026-10-15,T+7,14172,3111,17283,2026-10-08T04:05:02.375Z,FALSE,"",20:40,FALSE
fare_BLR-HYD_6E_2026-10-15_T+7_1791433399602_5fav,BLR-HYD,EaseMyTrip,6E,6E-640,2026-10-15,T+7,14172,3111,17283,2026-10-08T04:05:02.375Z,FALSE,"",20:40,FALSE
fare_BLR-HYD_6E_2026-10-15_T+7_1791433399602_84hc,BLR-HYD,EaseMyTrip,6E,6E-721,2026-10-15,T+7,14882,3267,18149,2026-10-08T04:05:02.375Z,FALSE,"",18:35,TRUE
fare_BLR-HYD_6E_2026-10-15_T+7_1791433399602_evxk,BLR-HYD,EaseMyTrip,6E,6E-962,2026-10-15,T+7,14882,3267,18149,2026-10-08T04:05:02.375Z,FALSE,"",18:35,TRUE
fare_BLR-HYD_6E_2026-10-15_T+7_1791433399602_m4pm,BLR-HYD,EaseMyTrip,6E,6E-6784,2026-10-15,T+7,14882,3267,18149,2026-10-08T04:05:02.375Z,FALSE,"",21:25,TRUE
fare_BLR-HYD_6E_2026-10-15_T+7_1791433399602_qxcr,BLR-HYD,EaseMyTrip,6E,6E-6554,2026-10-15,T+7,15410,3383,18793,2026-10-08T04:05:02.375Z,FALSE,"",19:15,FALSE
fare_BLR-HYD_6E_2026-10-15_T+7_1791433399602_0jn7,BLR-HYD,EaseMyTrip,6E,6E-6269,2026-10-15,T+7,15476,3397,18873,2026-10-08T04:05:02.375Z,FALSE,"",07:15,FALSE
fare_BLR-HYD_AI_2026-10-15_T+7_1791433399602_yflh,BLR-HYD,EaseMyTrip,AI,AI-2630,2026-10-15,T+7,15802,3469,19271,2026-10-08T04:05:02.375Z,FALSE,"",12:05,FALSE
fare_BLR-HYD_6E_2026-10-15_T+7_1791433399602_wxia,BLR-HYD,EaseMyTrip,6E,6E-6445,2026-10-15,T+7,15711,3449,19160,2026-10-08T04:05:02.375Z,FALSE,"",10:25,FALSE
fare_BLR-HYD_AI_2026-10-15_T+7_1791433399602_og3a,BLR-HYD,EaseMyTrip,AI,AI-9430,2026-10-15,T+7,15888,3488,19376,2026-10-08T04:05:02.375Z,FALSE,"",01:15,FALSE
fare_BLR-HYD_QP_2026-10-15_T+7_1791433399602_5aib,BLR-HYD,EaseMyTrip,QP,QP-1359,2026-10-15,T+7,15825,3474,19299,2026-10-08T04:05:02.375Z,FALSE,"",05:00,FALSE
fare_BLR-HYD_QP_2026-10-15_T+7_1791433399602_u1pf,BLR-HYD,EaseMyTrip,QP,QP-1823,2026-10-15,T+7,16168,3549,19717,2026-10-08T04:05:02.375Z,FALSE,"",06:05,FALSE
fare_BLR-HYD_AI_2026-10-15_T+7_1791433399602_b4le,BLR-HYD,EaseMyTrip,AI,AI-9524,2026-10-15,T+7,16411,3603,20014,2026-10-08T04:05:02.375Z,FALSE,"",17:05,FALSE
fare_BLR-HYD_AI_2026-10-15_T+7_1791433399602_pcyw,BLR-HYD,EaseMyTrip,AI,AI-9528,2026-10-15,T+7,16411,3603,20014,2026-10-08T04:05:02.375Z,FALSE,"",05:20,FALSE
fare_BLR-HYD_QP_2026-10-15_T+7_1791433399602_v48g,BLR-HYD,EaseMyTrip,QP,QP-1821,2026-10-15,T+7,16881,3705,20586,2026-10-08T04:05:02.375Z,FALSE,"",13:05,FALSE
fare_BLR-HYD_6E_2026-10-15_T+7_1791433399602_0bnb,BLR-HYD,EaseMyTrip,6E,6E-6653,2026-10-15,T+7,17403,3820,21223,2026-10-08T04:05:02.375Z,FALSE,"",12:35,FALSE
fare_BLR-HYD_AI_2026-10-15_T+7_1791433399602_zv5v,BLR-HYD,EaseMyTrip,AI,AI-2414,2026-10-15,T+7,18187,3992,22179,2026-10-08T04:05:02.375Z,FALSE,"",05:30,FALSE
fare_BLR-HYD_AI_2026-10-15_T+7_1791433399602_udja,BLR-HYD,EaseMyTrip,AI,AI-9457,2026-10-15,T+7,18754,4117,22871,2026-10-08T04:05:02.375Z,FALSE,"",16:15,FALSE
fare_BLR-HYD_AI_2026-10-15_T+7_1791433399602_6gzv,BLR-HYD,EaseMyTrip,AI,AI-2804,2026-10-15,T+7,18793,4125,22918,2026-10-08T04:05:02.375Z,FALSE,"",10:00,FALSE
fare_BLR-HYD_AI_2026-10-15_T+7_1791433399602_d0t1,BLR-HYD,EaseMyTrip,AI,AI-2406,2026-10-15,T+7,18793,4125,22918,2026-10-08T04:05:02.375Z,FALSE,"",11:00,FALSE
fare_BLR-HYD_6E_2026-10-15_T+7_1791433399602_x4eq,BLR-HYD,EaseMyTrip,6E,6E-6162,2026-10-15,T+7,18671,4098,22769,2026-10-08T04:05:02.375Z,FALSE,"",18:50,FALSE
fare_BLR-HYD_AI_2026-10-15_T+7_1791433399602_rjxf,BLR-HYD,EaseMyTrip,AI,AI-2486,2026-10-15,T+7,19043,4180,23223,2026-10-08T04:05:02.375Z,FALSE,"",14:00,FALSE
fare_BLR-HYD_AI_2026-10-15_T+7_1791433399602_5k3p,BLR-HYD,EaseMyTrip,AI,AI-2418,2026-10-15,T+7,19937,4376,24313,2026-10-08T04:05:02.375Z,FALSE,"",16:30,FALSE
fare_BLR-HYD_AI_2026-10-15_T+7_1791433399602_it5c,BLR-HYD,EaseMyTrip,AI,AI-2665,2026-10-15,T+7,20908,4590,25498,2026-10-08T04:05:02.375Z,FALSE,"",19:40,FALSE
fare_BLR-HYD_AI_2026-10-15_T+7_1791433399602_89dm,BLR-HYD,EaseMyTrip,AI,AI-2402,2026-10-15,T+7,21152,4643,25795,2026-10-08T04:05:02.375Z,FALSE,"",06:35,FALSE
fare_BLR-HYD_AI_2026-10-15_T+7_1791433399602_a07v,BLR-HYD,EaseMyTrip,AI,AI-2511,2026-10-15,T+7,21536,4728,26264,2026-10-08T04:05:02.375Z,FALSE,"",15:00,FALSE
fare_BLR-HYD_AI_2026-10-15_T+7_1791433399603_h7po,BLR-HYD,EaseMyTrip,AI,AI-428,2026-10-15,T+7,21536,4728,26264,2026-10-08T04:05:02.375Z,FALSE,"",15:30,FALSE
fare_BLR-HYD_AI_2026-10-15_T+7_1791433399603_vnwo,BLR-HYD,EaseMyTrip,AI,AI-2854,2026-10-15,T+7,21748,4774,26522,2026-10-08T04:05:02.375Z,FALSE,"",18:05,FALSE
fare_BLR-HYD_AI_2026-10-15_T+7_1791433399603_wiaw,BLR-HYD,EaseMyTrip,AI,AI-2810,2026-10-15,T+7,22531,4946,27477,2026-10-08T04:05:02.375Z,FALSE,"",06:00,FALSE
fare_BLR-HYD_AI_2026-10-15_T+7_1791433399603_j6h3,BLR-HYD,EaseMyTrip,AI,AI-2818,2026-10-15,T+7,22531,4946,27477,2026-10-08T04:05:02.375Z,FALSE,"",20:00,FALSE
fare_BLR-HYD_6E_2026-10-15_T+7_1791433399603_rwh0,BLR-HYD,EaseMyTrip,6E,6E-325,2026-10-15,T+7,23682,5198,28880,2026-10-08T04:05:02.375Z,FALSE,"",12:55,FALSE
fare_BOM-BLR_QP_2026-10-23_T+15_1791433399603_lrfl,BOM-BLR,EaseMyTrip,QP,QP-2005,2026-10-23,T+15,4125,905,5030,2026-10-08T04:03:08.470Z,FALSE,"",06:00,TRUE
fare_BOM-BLR_6E_2026-10-23_T+15_1791433399603_ch7p,BOM-BLR,EaseMyTrip,6E,6E-947,2026-10-23,T+15,4144,910,5054,2026-10-08T04:03:08.470Z,FALSE,"",23:25,TRUE
fare_BOM-BLR_6E_2026-10-23_T+15_1791433399603_vfk2,BOM-BLR,EaseMyTrip,6E,6E-615,2026-10-23,T+15,4144,910,5054,2026-10-08T04:03:08.470Z,FALSE,"",23:25,TRUE
fare_BOM-BLR_IX_2026-10-23_T+15_1791433399603_aq7y,BOM-BLR,EaseMyTrip,IX,IX-1347,2026-10-23,T+15,4348,955,5303,2026-10-08T04:03:08.470Z,FALSE,"",06:20,TRUE
fare_BOM-BLR_QP_2026-10-23_T+15_1791433399603_0q4w,BOM-BLR,EaseMyTrip,QP,QP-1516,2026-10-23,T+15,4304,945,5249,2026-10-08T04:03:08.470Z,FALSE,"",00:40,TRUE
fare_BOM-BLR_6E_2026-10-23_T+15_1791433399603_jua2,BOM-BLR,EaseMyTrip,6E,6E-5323,2026-10-23,T+15,4313,947,5260,2026-10-08T04:03:08.470Z,FALSE,"",01:10,TRUE
fare_BOM-BLR_6E_2026-10-23_T+15_1791433399603_fv2k,BOM-BLR,EaseMyTrip,6E,6E-5294,2026-10-23,T+15,4625,1015,5640,2026-10-08T04:03:08.470Z,FALSE,"",04:30,TRUE
fare_BOM-BLR_6E_2026-10-23_T+15_1791433399603_cb5v,BOM-BLR,EaseMyTrip,6E,6E-2085,2026-10-23,T+15,4758,1044,5802,2026-10-08T04:03:08.470Z,FALSE,"",07:10,TRUE
fare_BOM-BLR_IX_2026-10-23_T+15_1791433399603_1290,BOM-BLR,EaseMyTrip,IX,IX-5938,2026-10-23,T+15,4981,1093,6074,2026-10-08T04:03:08.470Z,FALSE,"",04:40,TRUE
fare_BOM-BLR_6E_2026-10-23_T+15_1791433399603_a5sz,BOM-BLR,EaseMyTrip,6E,6E-5178,2026-10-23,T+15,5185,1138,6323,2026-10-08T04:03:08.470Z,FALSE,"",11:45,FALSE
fare_BOM-BLR_6E_2026-10-23_T+15_1791433399603_jn07,BOM-BLR,EaseMyTrip,6E,6E-5179,2026-10-23,T+15,5185,1138,6323,2026-10-08T04:03:08.470Z,FALSE,"",02:45,FALSE
fare_BOM-BLR_6E_2026-10-23_T+15_1791433399603_urrq,BOM-BLR,EaseMyTrip,6E,6E-6802,2026-10-23,T+15,5378,1181,6559,2026-10-08T04:03:08.470Z,FALSE,"",16:55,FALSE
fare_BOM-BLR_IX_2026-10-23_T+15_1791433399603_am2u,BOM-BLR,EaseMyTrip,IX,IX-1640,2026-10-23,T+15,5583,1225,6808,2026-10-08T04:03:08.470Z,FALSE,"",21:05,TRUE
fare_BOM-BLR_IX_2026-10-23_T+15_1791433399603_eiep,BOM-BLR,EaseMyTrip,IX,IX-1626,2026-10-23,T+15,5583,1225,6808,2026-10-08T04:03:08.470Z,FALSE,"",12:00,TRUE
fare_BOM-BLR_6E_2026-10-23_T+15_1791433399603_3kow,BOM-BLR,EaseMyTrip,6E,6E-2282,2026-10-23,T+15,5422,1190,6612,2026-10-08T04:03:08.470Z,FALSE,"",20:00,FALSE
fare_BOM-BLR_6E_2026-10-23_T+15_1791433399603_8nre,BOM-BLR,EaseMyTrip,6E,6E-380,2026-10-23,T+15,5443,1195,6638,2026-10-08T04:03:08.470Z,FALSE,"",04:05,FALSE
fare_BOM-BLR_6E_2026-10-23_T+15_1791433399603_dfqc,BOM-BLR,EaseMyTrip,6E,6E-624,2026-10-23,T+15,5443,1195,6638,2026-10-08T04:03:08.470Z,FALSE,"",04:05,FALSE
fare_BOM-BLR_6E_2026-10-23_T+15_1791433399603_ayvf,BOM-BLR,EaseMyTrip,6E,6E-5126,2026-10-23,T+15,5443,1195,6638,2026-10-08T04:03:08.470Z,FALSE,"",18:15,FALSE
fare_BOM-BLR_6E_2026-10-23_T+15_1791433399603_oc09,BOM-BLR,EaseMyTrip,6E,6E-109,2026-10-23,T+15,5443,1195,6638,2026-10-08T04:03:08.470Z,FALSE,"",12:35,FALSE
fare_BOM-BLR_6E_2026-10-23_T+15_1791433399603_fup1,BOM-BLR,EaseMyTrip,6E,6E-359,2026-10-23,T+15,5443,1195,6638,2026-10-08T04:03:08.470Z,FALSE,"",12:35,FALSE
fare_BOM-BLR_6E_2026-10-23_T+15_1791433399603_eyi0,BOM-BLR,EaseMyTrip,6E,6E-218,2026-10-23,T+15,5443,1195,6638,2026-10-08T04:03:08.470Z,FALSE,"",01:30,FALSE
fare_BOM-BLR_6E_2026-10-23_T+15_1791433399603_w390,BOM-BLR,EaseMyTrip,6E,6E-627,2026-10-23,T+15,5443,1195,6638,2026-10-08T04:03:08.470Z,FALSE,"",01:30,FALSE
fare_BOM-BLR_6E_2026-10-23_T+15_1791433399603_ouhj,BOM-BLR,EaseMyTrip,6E,6E-988,2026-10-23,T+15,5443,1195,6638,2026-10-08T04:03:08.470Z,FALSE,"",17:10,FALSE
fare_BOM-BLR_6E_2026-10-23_T+15_1791433399603_pdd3,BOM-BLR,EaseMyTrip,6E,6E-129,2026-10-23,T+15,5443,1195,6638,2026-10-08T04:03:08.470Z,FALSE,"",17:10,FALSE
fare_BOM-BLR_6E_2026-10-23_T+15_1791433399603_rr9q,BOM-BLR,EaseMyTrip,6E,6E-6349,2026-10-23,T+15,5443,1195,6638,2026-10-08T04:03:08.470Z,FALSE,"",11:40,FALSE
fare_BOM-BLR_6E_2026-10-23_T+15_1791433399603_hyhk,BOM-BLR,EaseMyTrip,6E,6E-5188,2026-10-23,T+15,5443,1195,6638,2026-10-08T04:03:08.470Z,FALSE,"",06:15,FALSE
fare_BOM-BLR_6E_2026-10-23_T+15_1791433399603_eeyl,BOM-BLR,EaseMyTrip,6E,6E-837,2026-10-23,T+15,5443,1195,6638,2026-10-08T04:03:08.470Z,FALSE,"",04:05,FALSE
fare_BOM-BLR_6E_2026-10-23_T+15_1791433399603_22rs,BOM-BLR,EaseMyTrip,6E,6E-5109,2026-10-23,T+15,5443,1195,6638,2026-10-08T04:03:08.470Z,FALSE,"",09:35,FALSE
fare_BOM-BLR_6E_2026-10-23_T+15_1791433399603_c2cn,BOM-BLR,EaseMyTrip,6E,6E-6362,2026-10-23,T+15,5551,1218,6769,2026-10-08T04:03:08.470Z,FALSE,"",05:45,FALSE
fare_BOM-BLR_AI_2026-10-23_T+15_1791433399603_zm0k,BOM-BLR,EaseMyTrip,AI,AI-2812,2026-10-23,T+15,5729,1257,6986,2026-10-08T04:03:08.470Z,FALSE,"",02:05,TRUE
fare_BOM-BLR_6E_2026-10-23_T+15_1791433399603_ebfm,BOM-BLR,EaseMyTrip,6E,6E-5273,2026-10-23,T+15,5637,1237,6874,2026-10-08T04:03:08.470Z,FALSE,"",18:35,FALSE
fare_BOM-BLR_QP_2026-10-23_T+15_1791433399603_0g2b,BOM-BLR,EaseMyTrip,QP,QP-1518,2026-10-23,T+15,5669,1245,6914,2026-10-08T04:03:08.470Z,FALSE,"",21:45,TRUE
fare_BOM-BLR_6E_2026-10-23_T+15_1791433399603_xabe,BOM-BLR,EaseMyTrip,6E,6E-5082,2026-10-23,T+15,5760,1264,7024,2026-10-08T04:03:08.470Z,FALSE,"",17:55,FALSE
fare_BOM-BLR_6E_2026-10-23_T+15_1791433399603_z844,BOM-BLR,EaseMyTrip,6E,6E-6701,2026-10-23,T+15,5809,1275,7084,2026-10-08T04:03:08.470Z,FALSE,"",05:35,FALSE
fare_BOM-BLR_6E_2026-10-23_T+15_1791433399603_ganw,BOM-BLR,EaseMyTrip,6E,6E-5296,2026-10-23,T+15,5963,1309,7272,2026-10-08T04:03:08.470Z,FALSE,"",06:15,TRUE
fare_BOM-BLR_6E_2026-10-23_T+15_1791433399603_zlid,BOM-BLR,EaseMyTrip,6E,6E-6188,2026-10-23,T+15,5963,1309,7272,2026-10-08T04:03:08.470Z,FALSE,"",21:30,TRUE
fare_BOM-BLR_6E_2026-10-23_T+15_1791433399603_gh9p,BOM-BLR,EaseMyTrip,6E,6E-5221,2026-10-23,T+15,5963,1309,7272,2026-10-08T04:03:08.470Z,FALSE,"",17:00,TRUE
fare_BOM-BLR_6E_2026-10-23_T+15_1791433399603_odq3,BOM-BLR,EaseMyTrip,6E,6E-5382,2026-10-23,T+15,5963,1309,7272,2026-10-08T04:03:08.470Z,FALSE,"",14:30,TRUE
fare_BOM-BLR_6E_2026-10-23_T+15_1791433399603_r7qb,BOM-BLR,EaseMyTrip,6E,6E-5217,2026-10-23,T+15,5963,1309,7272,2026-10-08T04:03:08.470Z,FALSE,"",11:00,TRUE
fare_BOM-BLR_6E_2026-10-23_T+15_1791433399603_hfhi,BOM-BLR,EaseMyTrip,6E,6E-5388,2026-10-23,T+15,5963,1309,7272,2026-10-08T04:03:08.470Z,FALSE,"",22:10,TRUE
fare_BOM-BLR_6E_2026-10-23_T+15_1791433399603_guej,BOM-BLR,EaseMyTrip,6E,6E-5193,2026-10-23,T+15,5963,1309,7272,2026-10-08T04:03:08.470Z,FALSE,"",07:45,TRUE
fare_BOM-BLR_AI_2026-10-23_T+15_1791433399603_vdye,BOM-BLR,EaseMyTrip,AI,AI-2603,2026-10-23,T+15,6339,1392,7731,2026-10-08T04:03:08.470Z,FALSE,"",06:35,TRUE
fare_BOM-BLR_AI_2026-10-23_T+15_1791433399603_ha88,BOM-BLR,EaseMyTrip,AI,AI-2632,2026-10-23,T+15,6339,1392,7731,2026-10-08T04:03:08.470Z,FALSE,"",12:00,TRUE
fare_BOM-BLR_AI_2026-10-23_T+15_1791433399603_miwq,BOM-BLR,EaseMyTrip,AI,AI-2851,2026-10-23,T+15,6339,1392,7731,2026-10-08T04:03:08.470Z,FALSE,"",07:55,TRUE
fare_BOM-BLR_AI_2026-10-23_T+15_1791433399603_pt8y,BOM-BLR,EaseMyTrip,AI,AI-2853,2026-10-23,T+15,6339,1392,7731,2026-10-08T04:03:08.470Z,FALSE,"",15:25,TRUE
fare_BOM-BLR_6E_2026-10-23_T+15_1791433399603_2isf,BOM-BLR,EaseMyTrip,6E,6E-5313,2026-10-23,T+15,6212,1364,7576,2026-10-08T04:03:08.470Z,FALSE,"",09:50,FALSE
fare_BOM-BLR_6E_2026-10-23_T+15_1791433399603_mwb7,BOM-BLR,EaseMyTrip,6E,6E-5107,2026-10-23,T+15,6212,1364,7576,2026-10-08T04:03:08.470Z,FALSE,"",20:00,FALSE
fare_BOM-BLR_6E_2026-10-23_T+15_1791433399603_o9x8,BOM-BLR,EaseMyTrip,6E,6E-5071,2026-10-23,T+15,6221,1366,7587,2026-10-08T04:03:08.470Z,FALSE,"",15:35,TRUE
fare_BOM-BLR_6E_2026-10-23_T+15_1791433399603_a9sy,BOM-BLR,EaseMyTrip,6E,6E-5092,2026-10-23,T+15,6221,1366,7587,2026-10-08T04:03:08.470Z,FALSE,"",09:50,TRUE
fare_BOM-BLR_AI_2026-10-23_T+15_1791433399603_av18,BOM-BLR,EaseMyTrip,AI,AI-2849,2026-10-23,T+15,6555,1439,7994,2026-10-08T04:03:08.470Z,FALSE,"",17:30,TRUE
fare_BOM-BLR_AI_2026-10-23_T+15_1791433399603_vxky,BOM-BLR,EaseMyTrip,AI,AI-2401,2026-10-23,T+15,6608,1451,8059,2026-10-08T04:03:08.470Z,FALSE,"",20:45,TRUE
fare_BOM-BLR_6E_2026-10-23_T+15_1791433399603_baxu,BOM-BLR,EaseMyTrip,6E,6E-5184,2026-10-23,T+15,6480,1422,7902,2026-10-08T04:03:08.470Z,FALSE,"",12:30,TRUE
fare_BOM-BLR_AI_2026-10-23_T+15_1791433399603_pp0e,BOM-BLR,EaseMyTrip,AI,AI-3305,2026-10-23,T+15,6685,1467,8152,2026-10-08T04:03:08.470Z,FALSE,"",23:40,TRUE
fare_BOM-BLR_6E_2026-10-23_T+15_1791433399603_cexd,BOM-BLR,EaseMyTrip,6E,6E-7015,2026-10-23,T+15,6633,1456,8089,2026-10-08T04:03:08.470Z,FALSE,"",10:20,FALSE
fare_BOM-BLR_AI_2026-10-23_T+15_1791433399603_bc7u,BOM-BLR,EaseMyTrip,AI,AI-2857,2026-10-23,T+15,6799,1493,8292,2026-10-08T04:03:08.470Z,FALSE,"",23:30,TRUE
fare_BOM-BLR_6E_2026-10-23_T+15_1791433399603_fuad,BOM-BLR,EaseMyTrip,6E,6E-5048,2026-10-23,T+15,6654,1461,8115,2026-10-08T04:03:08.470Z,FALSE,"",17:25,FALSE
fare_BOM-BLR_6E_2026-10-23_T+15_1791433399603_tb8v,BOM-BLR,EaseMyTrip,6E,6E-5337,2026-10-23,T+15,6654,1461,8115,2026-10-08T04:03:08.470Z,FALSE,"",13:45,FALSE
fare_BOM-BLR_QP_2026-10-23_T+15_1791433399603_w7qw,BOM-BLR,EaseMyTrip,QP,QP-1133,2026-10-23,T+15,6667,1463,8130,2026-10-08T04:03:08.470Z,FALSE,"",20:05,TRUE
fare_BOM-BLR_AI_2026-10-23_T+15_1791433399603_y5h1,BOM-BLR,EaseMyTrip,AI,AI-2863,2026-10-23,T+15,6914,1518,8432,2026-10-08T04:03:08.470Z,FALSE,"",10:00,TRUE
fare_BOM-BLR_AI_2026-10-23_T+15_1791433399603_w8o9,BOM-BLR,EaseMyTrip,AI,AI-2865,2026-10-23,T+15,6971,1530,8501,2026-10-08T04:03:08.470Z,FALSE,"",19:45,TRUE
fare_BOM-BLR_6E_2026-10-23_T+15_1791433399603_gluz,BOM-BLR,EaseMyTrip,6E,6E-5047,2026-10-23,T+15,6824,1498,8322,2026-10-08T04:03:08.470Z,FALSE,"",18:30,TRUE
fare_BOM-BLR_6E_2026-10-23_T+15_1791433399603_w21q,BOM-BLR,EaseMyTrip,6E,6E-5032,2026-10-23,T+15,6824,1498,8322,2026-10-08T04:03:08.470Z,FALSE,"",19:50,TRUE
fare_BOM-BLR_SG_2026-10-23_T+15_1791433399603_l8et,BOM-BLR,EaseMyTrip,SG,SG-612,2026-10-23,T+15,7287,1599,8886,2026-10-08T04:03:08.470Z,FALSE,"",16:10,TRUE
fare_BOM-BLR_SG_2026-10-23_T+15_1791433399603_dtpb,BOM-BLR,EaseMyTrip,SG,SG-133,2026-10-23,T+15,7287,1599,8886,2026-10-08T04:03:08.470Z,FALSE,"",16:10,TRUE
fare_BOM-BLR_AI_2026-10-23_T+15_1791433399603_m14e,BOM-BLR,EaseMyTrip,AI,AI-2641,2026-10-23,T+15,7419,1628,9047,2026-10-08T04:03:08.470Z,FALSE,"",18:30,TRUE
fare_BOM-BLR_6E_2026-10-23_T+15_1791433399603_5zi9,BOM-BLR,EaseMyTrip,6E,6E-5284,2026-10-23,T+15,7314,1605,8919,2026-10-08T04:03:08.470Z,FALSE,"",06:55,FALSE
fare_BOM-BLR_6E_2026-10-23_T+15_1791433399603_ilwm,BOM-BLR,EaseMyTrip,6E,6E-5181,2026-10-23,T+15,7335,1610,8945,2026-10-08T04:03:08.470Z,FALSE,"",10:25,FALSE
fare_BOM-BLR_6E_2026-10-23_T+15_1791433399603_d2on,BOM-BLR,EaseMyTrip,6E,6E-5318,2026-10-23,T+15,7418,1628,9046,2026-10-08T04:03:08.470Z,FALSE,"",10:15,FALSE
fare_BOM-BLR_6E_2026-10-23_T+15_1791433399603_d4g1,BOM-BLR,EaseMyTrip,6E,6E-5228,2026-10-23,T+15,8006,1757,9763,2026-10-08T04:03:08.470Z,FALSE,"",16:45,FALSE
fare_BOM-BLR_SG_2026-10-23_T+15_1791433399603_v9ji,BOM-BLR,EaseMyTrip,SG,SG-631,2026-10-23,T+15,8324,1827,10151,2026-10-08T04:03:08.470Z,FALSE,"",00:45,TRUE
fare_BOM-BLR_SG_2026-10-23_T+15_1791433399603_zo0f,BOM-BLR,EaseMyTrip,SG,SG-501,2026-10-23,T+15,8324,1827,10151,2026-10-08T04:03:08.470Z,FALSE,"",00:45,TRUE
fare_BOM-BLR_SG_2026-10-23_T+15_1791433399603_0ca9,BOM-BLR,EaseMyTrip,SG,SG-466,2026-10-23,T+15,8918,1958,10876,2026-10-08T04:03:08.470Z,FALSE,"",20:50,TRUE
fare_BOM-BLR_SG_2026-10-23_T+15_1791433399603_dd6y,BOM-BLR,EaseMyTrip,SG,SG-115,2026-10-23,T+15,8918,1958,10876,2026-10-08T04:03:08.470Z,FALSE,"",20:50,TRUE
fare_BOM-BLR_6E_2026-10-23_T+15_1791433399603_f2k9,BOM-BLR,EaseMyTrip,6E,6E-2284,2026-10-23,T+15,8264,1814,10078,2026-10-08T04:03:08.470Z,FALSE,"",12:05,FALSE
fare_BOM-BLR_6E_2026-10-23_T+15_1791433399603_51zt,BOM-BLR,EaseMyTrip,6E,6E-312,2026-10-23,T+15,8436,1852,10288,2026-10-08T04:03:08.470Z,FALSE,"",10:40,FALSE
fare_BOM-BLR_6E_2026-10-23_T+15_1791433399603_pd69,BOM-BLR,EaseMyTrip,6E,6E-402,2026-10-23,T+15,8436,1852,10288,2026-10-08T04:03:08.470Z,FALSE,"",10:40,FALSE
fare_BOM-BLR_IX_2026-10-23_T+15_1791433399603_j9me,BOM-BLR,EaseMyTrip,IX,IX-1872,2026-10-23,T+15,9786,2148,11934,2026-10-08T04:03:08.470Z,FALSE,"",11:25,FALSE
fare_BOM-BLR_AI_2026-10-23_T+15_1791433399603_gaz0,BOM-BLR,EaseMyTrip,AI,AI-2625,2026-10-23,T+15,9162,2011,11173,2026-10-08T04:03:08.470Z,FALSE,"",06:00,FALSE
fare_BOM-BLR_IX_2026-10-23_T+15_1791433399603_u6f2,BOM-BLR,EaseMyTrip,IX,IX-1237,2026-10-23,T+15,9293,2040,11333,2026-10-08T04:03:08.470Z,FALSE,"",05:55,FALSE
fare_BOM-BLR_AI_2026-10-23_T+15_1791433399603_s40r,BOM-BLR,EaseMyTrip,AI,AI-2780,2026-10-23,T+15,9215,2023,11238,2026-10-08T04:03:08.470Z,FALSE,"",14:00,FALSE
fare_BOM-BLR_6E_2026-10-23_T+15_1791433399603_cb9h,BOM-BLR,EaseMyTrip,6E,6E-922,2026-10-23,T+15,9082,1994,11076,2026-10-08T04:03:08.470Z,FALSE,"",10:40,FALSE
fare_BOM-BLR_6E_2026-10-23_T+15_1791433399603_hsx9,BOM-BLR,EaseMyTrip,6E,6E-565,2026-10-23,T+15,9082,1994,11076,2026-10-08T04:03:08.470Z,FALSE,"",10:40,FALSE
fare_BOM-BLR_AI_2026-10-23_T+15_1791433399603_ty2o,BOM-BLR,EaseMyTrip,AI,AI-598,2026-10-23,T+15,9323,2047,11370,2026-10-08T04:03:08.470Z,FALSE,"",15:35,FALSE
fare_BOM-BLR_6E_2026-10-23_T+15_1791433399603_bir1,BOM-BLR,EaseMyTrip,6E,6E-6361,2026-10-23,T+15,9168,2013,11181,2026-10-08T04:03:08.470Z,FALSE,"",05:00,FALSE
fare_BOM-BLR_AI_2026-10-23_T+15_1791433399603_wlzj,BOM-BLR,EaseMyTrip,AI,AI-2444,2026-10-23,T+15,9392,2062,11454,2026-10-08T04:03:08.470Z,FALSE,"",10:50,FALSE
fare_BOM-BLR_AI_2026-10-23_T+15_1791433399603_9mrf,BOM-BLR,EaseMyTrip,AI,AI-2869,2026-10-23,T+15,9392,2062,11454,2026-10-08T04:03:08.470Z,FALSE,"",21:25,FALSE
fare_BOM-BLR_AI_2026-10-23_T+15_1791433399603_iatw,BOM-BLR,EaseMyTrip,AI,AI-2531,2026-10-23,T+15,9605,2109,11714,2026-10-08T04:03:08.470Z,FALSE,"",15:05,FALSE
fare_BOM-BLR_AI_2026-10-23_T+15_1791433399603_wtpc,BOM-BLR,EaseMyTrip,AI,AI-639,2026-10-23,T+15,9694,2128,11822,2026-10-08T04:03:08.470Z,FALSE,"",22:55,FALSE
fare_BOM-BLR_6E_2026-10-23_T+15_1791433399603_bxik,BOM-BLR,EaseMyTrip,6E,6E-5386,2026-10-23,T+15,9901,2173,12074,2026-10-08T04:03:08.470Z,FALSE,"",15:10,FALSE
fare_BOM-BLR_AI_2026-10-23_T+15_1791433399603_voq1,BOM-BLR,EaseMyTrip,AI,AI-2821,2026-10-23,T+15,10245,2249,12494,2026-10-08T04:03:08.470Z,FALSE,"",06:40,FALSE
fare_BOM-BLR_6E_2026-10-23_T+15_1791433399603_5cfh,BOM-BLR,EaseMyTrip,6E,6E-7037,2026-10-23,T+15,10381,2279,12660,2026-10-08T04:03:08.470Z,FALSE,"",11:05,FALSE
fare_BOM-BLR_AI_2026-10-23_T+15_1791433399603_ph4b,BOM-BLR,EaseMyTrip,AI,AI-2739,2026-10-23,T+15,10575,2321,12896,2026-10-08T04:03:08.470Z,FALSE,"",09:00,FALSE
fare_BOM-BLR_IX_2026-10-23_T+15_1791433399603_471b,BOM-BLR,EaseMyTrip,IX,IX-1797,2026-10-23,T+15,10617,2331,12948,2026-10-08T04:03:08.470Z,FALSE,"",05:05,FALSE
fare_BOM-BLR_IX_2026-10-23_T+15_1791433399603_mmzz,BOM-BLR,EaseMyTrip,IX,IX-1023,2026-10-23,T+15,10782,2367,13149,2026-10-08T04:03:08.470Z,FALSE,"",13:40,FALSE
fare_BOM-BLR_IX_2026-10-23_T+15_1791433399603_c0bl,BOM-BLR,EaseMyTrip,IX,IX-1809,2026-10-23,T+15,11163,2450,13613,2026-10-08T04:03:08.470Z,FALSE,"",07:35,FALSE
fare_BOM-BLR_AI_2026-10-23_T+15_1791433399603_lz2b,BOM-BLR,EaseMyTrip,AI,AI-2855,2026-10-23,T+15,11754,2580,14334,2026-10-08T04:03:08.470Z,FALSE,"",10:00,FALSE
fare_BOM-BLR_AI_2026-10-23_T+15_1791433399603_4gnq,BOM-BLR,EaseMyTrip,AI,AI-2619,2026-10-23,T+15,11762,2582,14344,2026-10-08T04:03:08.470Z,FALSE,"",18:00,FALSE
fare_BOM-BLR_6E_2026-10-23_T+15_1791433399603_3qdn,BOM-BLR,EaseMyTrip,6E,6E-480,2026-10-23,T+15,11752,2580,14332,2026-10-08T04:03:08.470Z,FALSE,"",11:20,FALSE
fare_BOM-BLR_6E_2026-10-23_T+15_1791433399603_onoq,BOM-BLR,EaseMyTrip,6E,6E-245,2026-10-23,T+15,11752,2580,14332,2026-10-08T04:03:08.470Z,FALSE,"",11:20,FALSE
fare_BOM-BLR_6E_2026-10-23_T+15_1791433399603_yq5x,BOM-BLR,EaseMyTrip,6E,6E-6057,2026-10-23,T+15,11947,2622,14569,2026-10-08T04:03:08.470Z,FALSE,"",09:15,FALSE
fare_BOM-BLR_IX_2026-10-23_T+15_1791433399603_13ph,BOM-BLR,EaseMyTrip,IX,IX-1026,2026-10-23,T+15,12325,2706,15031,2026-10-08T04:03:08.470Z,FALSE,"",05:50,FALSE
fare_BOM-BLR_IX_2026-10-23_T+15_1791433399603_wp7z,BOM-BLR,EaseMyTrip,IX,IX-1242,2026-10-23,T+15,12455,2734,15189,2026-10-08T04:03:08.470Z,FALSE,"",16:30,FALSE
fare_BOM-BLR_6E_2026-10-23_T+15_1791433399603_ixs8,BOM-BLR,EaseMyTrip,6E,6E-5241,2026-10-23,T+15,12311,2703,15014,2026-10-08T04:03:08.470Z,FALSE,"",16:40,FALSE
fare_BOM-BLR_IX_2026-10-23_T+15_1791433399603_fwu5,BOM-BLR,EaseMyTrip,IX,IX-1280,2026-10-23,T+15,12891,2830,15721,2026-10-08T04:03:08.470Z,FALSE,"",06:10,FALSE
fare_BOM-BLR_AI_2026-10-23_T+15_1791433399603_ty77,BOM-BLR,EaseMyTrip,AI,AI-2787,2026-10-23,T+15,13300,2920,16220,2026-10-08T04:03:08.470Z,FALSE,"",06:35,FALSE
fare_BOM-BLR_6E_2026-10-23_T+15_1791433399603_2glu,BOM-BLR,EaseMyTrip,6E,6E-5196,2026-10-23,T+15,13459,2954,16413,2026-10-08T04:03:08.470Z,FALSE,"",15:25,FALSE
fare_BOM-BLR_AI_2026-10-23_T+15_1791433399603_ydxw,BOM-BLR,EaseMyTrip,AI,AI-2422,2026-10-23,T+15,14524,3188,17712,2026-10-08T04:03:08.470Z,FALSE,"",01:00,FALSE
fare_BOM-BLR_AI_2026-10-23_T+15_1791433399603_alvf,BOM-BLR,EaseMyTrip,AI,AI-816,2026-10-23,T+15,14940,3280,18220,2026-10-08T04:03:08.470Z,FALSE,"",21:00,FALSE
fare_BOM-BLR_IX_2026-10-23_T+15_1791433399603_lwyq,BOM-BLR,EaseMyTrip,IX,IX-1671,2026-10-23,T+15,15048,3303,18351,2026-10-08T04:03:08.470Z,FALSE,"",16:45,FALSE
fare_BOM-BLR_AI_2026-10-23_T+15_1791433399603_ggzx,BOM-BLR,EaseMyTrip,AI,AI-2452,2026-10-23,T+15,15173,3331,18504,2026-10-08T04:03:08.470Z,FALSE,"",03:05,FALSE
fare_BOM-BLR_AI_2026-10-23_T+15_1791433399603_ey87,BOM-BLR,EaseMyTrip,AI,AI-2928,2026-10-23,T+15,15327,3364,18691,2026-10-08T04:03:08.470Z,FALSE,"",06:30,FALSE
fare_BOM-BLR_AI_2026-10-23_T+15_1791433399603_rpi8,BOM-BLR,EaseMyTrip,AI,AI-2745,2026-10-23,T+15,15625,3430,19055,2026-10-08T04:03:08.470Z,FALSE,"",15:30,FALSE
fare_BOM-BLR_AI_2026-10-23_T+15_1791433399603_hiik,BOM-BLR,EaseMyTrip,AI,AI-2930,2026-10-23,T+15,15914,3493,19407,2026-10-08T04:03:08.470Z,FALSE,"",07:30,FALSE
fare_BOM-BLR_AI_2026-10-23_T+15_1791433399603_cswb,BOM-BLR,EaseMyTrip,AI,AI-2432,2026-10-23,T+15,15936,3498,19434,2026-10-08T04:03:08.470Z,FALSE,"",09:30,FALSE
fare_BOM-BLR_IX_2026-10-23_T+15_1791433399603_in4a,BOM-BLR,EaseMyTrip,IX,IX-1050,2026-10-23,T+15,16024,3518,19542,2026-10-08T04:03:08.470Z,FALSE,"",14:45,FALSE
fare_BOM-BLR_AI_2026-10-23_T+15_1791433399603_jeh4,BOM-BLR,EaseMyTrip,AI,AI-2952,2026-10-23,T+15,16014,3515,19529,2026-10-08T04:03:08.470Z,FALSE,"",11:25,FALSE
fare_BOM-BLR_AI_2026-10-23_T+15_1791433399603_hqaq,BOM-BLR,EaseMyTrip,AI,AI-2424,2026-10-23,T+15,16016,3516,19532,2026-10-08T04:03:08.470Z,FALSE,"",07:00,FALSE
fare_BOM-BLR_AI_2026-10-23_T+15_1791433399603_oemo,BOM-BLR,EaseMyTrip,AI,AI-2677,2026-10-23,T+15,16216,3560,19776,2026-10-08T04:03:08.470Z,FALSE,"",13:00,FALSE
fare_BOM-BLR_AI_2026-10-23_T+15_1791433399603_hp5q,BOM-BLR,EaseMyTrip,AI,AI-2944,2026-10-23,T+15,16216,3560,19776,2026-10-08T04:03:08.470Z,FALSE,"",14:35,FALSE
fare_BOM-BLR_6E_2026-10-23_T+15_1791433399603_3e7m,BOM-BLR,EaseMyTrip,6E,6E-442,2026-10-23,T+15,17081,3750,20831,2026-10-08T04:03:08.470Z,FALSE,"",13:55,FALSE
fare_BOM-BLR_6E_2026-10-23_T+15_1791433399603_ll92,BOM-BLR,EaseMyTrip,6E,6E-180,2026-10-23,T+15,17081,3750,20831,2026-10-08T04:03:08.470Z,FALSE,"",13:55,FALSE
fare_BOM-BLR_IX_2026-10-23_T+15_1791433399603_114m,BOM-BLR,EaseMyTrip,IX,IX-1238,2026-10-23,T+15,17449,3830,21279,2026-10-08T04:03:08.470Z,FALSE,"",12:30,FALSE
fare_BOM-BLR_6E_2026-10-23_T+15_1791433399603_b7y1,BOM-BLR,EaseMyTrip,6E,6E-7077,2026-10-23,T+15,18855,4139,22994,2026-10-08T04:03:08.470Z,FALSE,"",13:15,FALSE
fare_BOM-BLR_IX_2026-10-23_T+15_1791433399603_mbcf,BOM-BLR,EaseMyTrip,IX,IX-1364,2026-10-23,T+15,20683,4540,25223,2026-10-08T04:03:08.470Z,FALSE,"",21:55,FALSE
fare_BOM-BLR_IX_2026-10-23_T+15_1791433399603_kjwk,BOM-BLR,EaseMyTrip,IX,IX-2153,2026-10-23,T+15,20683,4540,25223,2026-10-08T04:03:08.470Z,FALSE,"",20:25,FALSE
fare_BOM-BLR_AI_2026-10-23_T+15_1791433399603_jd61,BOM-BLR,EaseMyTrip,AI,AI-2471,2026-10-23,T+15,21739,4772,26511,2026-10-08T04:03:08.470Z,TRUE,"High outlier: ₹26511 > upper fence ₹25294 (Q3: ₹14332, IQR: ₹7308)",11:30,FALSE
fare_BOM-BLR_AI_2026-10-23_T+15_1791433399603_3ncx,BOM-BLR,EaseMyTrip,AI,AI-2663,2026-10-23,T+15,23000,5049,28049,2026-10-08T04:03:08.470Z,TRUE,"High outlier: ₹28049 > upper fence ₹25294 (Q3: ₹14332, IQR: ₹7308)",10:25,FALSE
fare_BOM-BLR_IX_2026-10-23_T+15_1791433399603_733i,BOM-BLR,EaseMyTrip,IX,IX-1176,2026-10-23,T+15,24397,5355,29752,2026-10-08T04:03:08.470Z,TRUE,"High outlier: ₹29752 > upper fence ₹25294 (Q3: ₹14332, IQR: ₹7308)",11:20,FALSE
fare_BOM-BLR_AI_2026-10-23_T+15_1791433399603_bc4v,BOM-BLR,EaseMyTrip,AI,AI-2741,2026-10-23,T+15,25282,5550,30832,2026-10-08T04:03:08.470Z,TRUE,"High outlier: ₹30832 > upper fence ₹25294 (Q3: ₹14332, IQR: ₹7308)",07:40,FALSE
fare_BOM-BLR_IX_2026-10-09_T+1_1791433399604_kbrm,BOM-BLR,EaseMyTrip,IX,IX-1347,2026-10-09,T+1,3972,872,4844,2026-10-08T04:02:54.703Z,FALSE,"",06:20,TRUE
fare_BOM-BLR_QP_2026-10-09_T+1_1791433399604_fb6n,BOM-BLR,EaseMyTrip,QP,QP-2005,2026-10-09,T+1,4125,905,5030,2026-10-08T04:02:54.703Z,FALSE,"",06:00,TRUE
fare_BOM-BLR_IX_2026-10-09_T+1_1791433399604_i2py,BOM-BLR,EaseMyTrip,IX,IX-1626,2026-10-09,T+1,4606,1011,5617,2026-10-08T04:02:54.703Z,FALSE,"",12:00,TRUE
fare_BOM-BLR_AI_2026-10-09_T+1_1791433399604_xezp,BOM-BLR,EaseMyTrip,AI,AI-2812,2026-10-09,T+1,4622,1014,5636,2026-10-08T04:02:54.703Z,FALSE,"",02:05,TRUE
fare_BOM-BLR_QP_2026-10-09_T+1_1791433399604_znqp,BOM-BLR,EaseMyTrip,QP,QP-1516,2026-10-09,T+1,4652,1021,5673,2026-10-08T04:02:54.703Z,FALSE,"",00:40,TRUE
fare_BOM-BLR_6E_2026-10-09_T+1_1791433399604_1qf3,BOM-BLR,EaseMyTrip,6E,6E-5323,2026-10-09,T+1,4968,1090,6058,2026-10-08T04:02:54.703Z,FALSE,"",01:10,TRUE
fare_BOM-BLR_6E_2026-10-09_T+1_1791433399604_bxt9,BOM-BLR,EaseMyTrip,6E,6E-5294,2026-10-09,T+1,4968,1090,6058,2026-10-08T04:02:54.703Z,FALSE,"",04:30,TRUE
fare_BOM-BLR_6E_2026-10-09_T+1_1791433399604_asya,BOM-BLR,EaseMyTrip,6E,6E-5241,2026-10-09,T+1,4991,1096,6087,2026-10-08T04:02:54.703Z,FALSE,"",16:40,FALSE
fare_BOM-BLR_6E_2026-10-09_T+1_1791433399604_cd29,BOM-BLR,EaseMyTrip,6E,6E-745,2026-10-09,T+1,4991,1096,6087,2026-10-08T04:02:54.703Z,FALSE,"",13:55,FALSE
fare_BOM-BLR_6E_2026-10-09_T+1_1791433399604_gaxn,BOM-BLR,EaseMyTrip,6E,6E-570,2026-10-09,T+1,4991,1096,6087,2026-10-08T04:02:54.703Z,FALSE,"",13:55,FALSE
fare_BOM-BLR_AI_2026-10-09_T+1_1791433399604_y7sy,BOM-BLR,EaseMyTrip,AI,AI-3305,2026-10-09,T+1,5333,1171,6504,2026-10-08T04:02:54.703Z,FALSE,"",23:40,TRUE
fare_BOM-BLR_AI_2026-10-09_T+1_1791433399604_awxg,BOM-BLR,EaseMyTrip,AI,AI-2857,2026-10-09,T+1,5421,1190,6611,2026-10-08T04:02:54.703Z,FALSE,"",23:30,TRUE
fare_BOM-BLR_6E_2026-10-09_T+1_1791433399604_wocw,BOM-BLR,EaseMyTrip,6E,6E-2282,2026-10-09,T+1,5422,1190,6612,2026-10-08T04:02:54.703Z,FALSE,"",20:00,FALSE
fare_BOM-BLR_6E_2026-10-09_T+1_1791433399604_gi4n,BOM-BLR,EaseMyTrip,6E,6E-519,2026-10-09,T+1,5443,1195,6638,2026-10-08T04:02:54.703Z,FALSE,"",04:05,FALSE
fare_BOM-BLR_6E_2026-10-09_T+1_1791433399604_rs7v,BOM-BLR,EaseMyTrip,6E,6E-671,2026-10-09,T+1,5443,1195,6638,2026-10-08T04:02:54.703Z,FALSE,"",04:05,FALSE
fare_BOM-BLR_6E_2026-10-09_T+1_1791433399604_fzay,BOM-BLR,EaseMyTrip,6E,6E-173,2026-10-09,T+1,5443,1195,6638,2026-10-08T04:02:54.703Z,FALSE,"",12:35,FALSE
fare_BOM-BLR_6E_2026-10-09_T+1_1791433399604_fslt,BOM-BLR,EaseMyTrip,6E,6E-646,2026-10-09,T+1,5443,1195,6638,2026-10-08T04:02:54.703Z,FALSE,"",12:35,FALSE
fare_BOM-BLR_6E_2026-10-09_T+1_1791433399604_pgdo,BOM-BLR,EaseMyTrip,6E,6E-379,2026-10-09,T+1,5443,1195,6638,2026-10-08T04:02:54.703Z,FALSE,"",01:30,FALSE
fare_BOM-BLR_6E_2026-10-09_T+1_1791433399604_qo2j,BOM-BLR,EaseMyTrip,6E,6E-444,2026-10-09,T+1,5443,1195,6638,2026-10-08T04:02:54.703Z,FALSE,"",01:30,FALSE
fare_BOM-BLR_6E_2026-10-09_T+1_1791433399604_x162,BOM-BLR,EaseMyTrip,6E,6E-6701,2026-10-09,T+1,5443,1195,6638,2026-10-08T04:02:54.703Z,FALSE,"",05:35,FALSE
fare_BOM-BLR_6E_2026-10-09_T+1_1791433399604_54fh,BOM-BLR,EaseMyTrip,6E,6E-820,2026-10-09,T+1,5443,1195,6638,2026-10-08T04:02:54.703Z,FALSE,"",17:10,FALSE
fare_BOM-BLR_6E_2026-10-09_T+1_1791433399604_g2vl,BOM-BLR,EaseMyTrip,6E,6E-362,2026-10-09,T+1,5443,1195,6638,2026-10-08T04:02:54.703Z,FALSE,"",17:10,FALSE
fare_BOM-BLR_6E_2026-10-09_T+1_1791433399604_ezzl,BOM-BLR,EaseMyTrip,6E,6E-5188,2026-10-09,T+1,5443,1195,6638,2026-10-08T04:02:54.703Z,FALSE,"",06:15,FALSE
fare_BOM-BLR_6E_2026-10-09_T+1_1791433399604_aob3,BOM-BLR,EaseMyTrip,6E,6E-921,2026-10-09,T+1,5443,1195,6638,2026-10-08T04:02:54.703Z,FALSE,"",04:05,FALSE
fare_BOM-BLR_6E_2026-10-09_T+1_1791433399604_jvem,BOM-BLR,EaseMyTrip,6E,6E-790,2026-10-09,T+1,5443,1195,6638,2026-10-08T04:02:54.703Z,FALSE,"",04:05,FALSE
fare_BOM-BLR_6E_2026-10-09_T+1_1791433399604_igbh,BOM-BLR,EaseMyTrip,6E,6E-2284,2026-10-09,T+1,5443,1195,6638,2026-10-08T04:02:54.703Z,FALSE,"",12:05,FALSE
fare_BOM-BLR_6E_2026-10-09_T+1_1791433399604_4ren,BOM-BLR,EaseMyTrip,6E,6E-2085,2026-10-09,T+1,5512,1210,6722,2026-10-08T04:02:54.703Z,FALSE,"",07:10,TRUE
fare_BOM-BLR_6E_2026-10-09_T+1_1791433399604_xak4,BOM-BLR,EaseMyTrip,6E,6E-5284,2026-10-09,T+1,5615,1233,6848,2026-10-08T04:02:54.703Z,FALSE,"",06:55,FALSE
fare_BOM-BLR_6E_2026-10-09_T+1_1791433399604_qyy1,BOM-BLR,EaseMyTrip,6E,6E-955,2026-10-09,T+1,5615,1233,6848,2026-10-08T04:02:54.703Z,FALSE,"",10:40,FALSE
fare_BOM-BLR_6E_2026-10-09_T+1_1791433399604_7d6l,BOM-BLR,EaseMyTrip,6E,6E-412,2026-10-09,T+1,5615,1233,6848,2026-10-08T04:02:54.703Z,FALSE,"",10:40,FALSE
fare_BOM-BLR_6E_2026-10-09_T+1_1791433399604_203o,BOM-BLR,EaseMyTrip,6E,6E-253,2026-10-09,T+1,5615,1233,6848,2026-10-08T04:02:54.703Z,FALSE,"",10:40,FALSE
fare_BOM-BLR_6E_2026-10-09_T+1_1791433399604_u6w2,BOM-BLR,EaseMyTrip,6E,6E-983,2026-10-09,T+1,5615,1233,6848,2026-10-08T04:02:54.703Z,FALSE,"",10:40,FALSE
fare_BOM-BLR_6E_2026-10-09_T+1_1791433399604_fb4v,BOM-BLR,EaseMyTrip,6E,6E-6599,2026-10-09,T+1,5637,1237,6874,2026-10-08T04:02:54.703Z,FALSE,"",16:50,FALSE
fare_BOM-BLR_6E_2026-10-09_T+1_1791433399604_bcf7,BOM-BLR,EaseMyTrip,6E,6E-699,2026-10-09,T+1,5809,1275,7084,2026-10-08T04:02:54.703Z,FALSE,"",04:00,FALSE
fare_BOM-BLR_6E_2026-10-09_T+1_1791433399604_1juh,BOM-BLR,EaseMyTrip,6E,6E-217,2026-10-09,T+1,5809,1275,7084,2026-10-08T04:02:54.703Z,FALSE,"",04:00,FALSE
fare_BOM-BLR_AI_2026-10-09_T+1_1791433399604_jmcb,BOM-BLR,EaseMyTrip,AI,AI-2603,2026-10-09,T+1,6002,1318,7320,2026-10-08T04:02:54.703Z,FALSE,"",06:35,TRUE
fare_BOM-BLR_6E_2026-10-09_T+1_1791433399604_ffzn,BOM-BLR,EaseMyTrip,6E,6E-5296,2026-10-09,T+1,5963,1309,7272,2026-10-08T04:02:54.703Z,FALSE,"",06:15,TRUE
fare_BOM-BLR_6E_2026-10-09_T+1_1791433399604_vzx5,BOM-BLR,EaseMyTrip,6E,6E-5184,2026-10-09,T+1,5963,1309,7272,2026-10-08T04:02:54.703Z,FALSE,"",12:30,TRUE
fare_BOM-BLR_AI_2026-10-09_T+1_1791433399604_2ea5,BOM-BLR,EaseMyTrip,AI,AI-2863,2026-10-09,T+1,6204,1362,7566,2026-10-08T04:02:54.703Z,FALSE,"",10:00,TRUE
fare_BOM-BLR_AI_2026-10-09_T+1_1791433399604_os80,BOM-BLR,EaseMyTrip,AI,AI-2632,2026-10-09,T+1,6261,1374,7635,2026-10-08T04:02:54.703Z,FALSE,"",12:00,TRUE
fare_BOM-BLR_AI_2026-10-09_T+1_1791433399604_kp6q,BOM-BLR,EaseMyTrip,AI,AI-2851,2026-10-09,T+1,6261,1374,7635,2026-10-08T04:02:54.703Z,FALSE,"",07:55,TRUE
fare_BOM-BLR_IX_2026-10-09_T+1_1791433399604_ovyq,BOM-BLR,EaseMyTrip,IX,IX-1810,2026-10-09,T+1,6442,1414,7856,2026-10-08T04:02:54.703Z,FALSE,"",13:40,FALSE
fare_BOM-BLR_IX_2026-10-09_T+1_1791433399604_temh,BOM-BLR,EaseMyTrip,IX,IX-1797,2026-10-09,T+1,6442,1414,7856,2026-10-08T04:02:54.703Z,FALSE,"",05:05,FALSE
fare_BOM-BLR_6E_2026-10-09_T+1_1791433399604_mwu2,BOM-BLR,EaseMyTrip,6E,6E-523,2026-10-09,T+1,6202,1362,7564,2026-10-08T04:02:54.703Z,FALSE,"",13:55,FALSE
fare_BOM-BLR_6E_2026-10-09_T+1_1791433399604_fxi9,BOM-BLR,EaseMyTrip,6E,6E-130,2026-10-09,T+1,6202,1362,7564,2026-10-08T04:02:54.703Z,FALSE,"",13:55,FALSE
fare_BOM-BLR_6E_2026-10-09_T+1_1791433399604_w7m6,BOM-BLR,EaseMyTrip,6E,6E-5126,2026-10-09,T+1,6212,1364,7576,2026-10-08T04:02:54.703Z,FALSE,"",18:15,FALSE
fare_BOM-BLR_6E_2026-10-09_T+1_1791433399604_pm8y,BOM-BLR,EaseMyTrip,6E,6E-5109,2026-10-09,T+1,6212,1364,7576,2026-10-08T04:02:54.703Z,FALSE,"",09:35,FALSE
fare_BOM-BLR_6E_2026-10-09_T+1_1791433399604_abve,BOM-BLR,EaseMyTrip,6E,6E-2237,2026-10-09,T+1,6212,1364,7576,2026-10-08T04:02:54.703Z,FALSE,"",18:40,FALSE
fare_BOM-BLR_6E_2026-10-09_T+1_1791433399604_ejz7,BOM-BLR,EaseMyTrip,6E,6E-5382,2026-10-09,T+1,6221,1366,7587,2026-10-08T04:02:54.703Z,FALSE,"",14:30,TRUE
fare_BOM-BLR_6E_2026-10-09_T+1_1791433399604_qx4u,BOM-BLR,EaseMyTrip,6E,6E-5217,2026-10-09,T+1,6221,1366,7587,2026-10-08T04:02:54.703Z,FALSE,"",11:00,TRUE
fare_BOM-BLR_6E_2026-10-09_T+1_1791433399604_esed,BOM-BLR,EaseMyTrip,6E,6E-5193,2026-10-09,T+1,6221,1366,7587,2026-10-08T04:02:54.703Z,FALSE,"",07:45,TRUE
fare_BOM-BLR_6E_2026-10-09_T+1_1791433399604_co0u,BOM-BLR,EaseMyTrip,6E,6E-5179,2026-10-09,T+1,6396,1404,7800,2026-10-08T04:02:54.703Z,FALSE,"",02:45,FALSE
fare_BOM-BLR_6E_2026-10-09_T+1_1791433399604_zxd9,BOM-BLR,EaseMyTrip,6E,6E-5273,2026-10-09,T+1,6406,1406,7812,2026-10-08T04:02:54.703Z,FALSE,"",18:35,FALSE
fare_BOM-BLR_6E_2026-10-09_T+1_1791433399604_at28,BOM-BLR,EaseMyTrip,6E,6E-5092,2026-10-09,T+1,6480,1422,7902,2026-10-08T04:02:54.703Z,FALSE,"",09:50,TRUE
fare_BOM-BLR_QP_2026-10-09_T+1_1791433399604_oyms,BOM-BLR,EaseMyTrip,QP,QP-1153,2026-10-09,T+1,6667,1463,8130,2026-10-08T04:02:54.703Z,FALSE,"",09:25,TRUE
fare_BOM-BLR_6E_2026-10-09_T+1_1791433399604_oode,BOM-BLR,EaseMyTrip,6E,6E-5082,2026-10-09,T+1,6689,1468,8157,2026-10-08T04:02:54.703Z,FALSE,"",17:55,FALSE
fare_BOM-BLR_AI_2026-10-09_T+1_1791433399604_ajto,BOM-BLR,EaseMyTrip,AI,AI-2853,2026-10-09,T+1,6863,1507,8370,2026-10-08T04:02:54.703Z,FALSE,"",15:25,TRUE
fare_BOM-BLR_6E_2026-10-09_T+1_1791433399604_jt4z,BOM-BLR,EaseMyTrip,6E,6E-5181,2026-10-09,T+1,6849,1503,8352,2026-10-08T04:02:54.703Z,FALSE,"",10:25,FALSE
fare_BOM-BLR_6E_2026-10-09_T+1_1791433399604_iwy2,BOM-BLR,EaseMyTrip,6E,6E-6057,2026-10-09,T+1,6883,1511,8394,2026-10-08T04:02:54.703Z,FALSE,"",09:15,FALSE
fare_BOM-BLR_6E_2026-10-09_T+1_1791433399604_xx9s,BOM-BLR,EaseMyTrip,6E,6E-5313,2026-10-09,T+1,7141,1568,8709,2026-10-08T04:02:54.703Z,FALSE,"",09:50,FALSE
fare_BOM-BLR_6E_2026-10-09_T+1_1791433399604_k41q,BOM-BLR,EaseMyTrip,6E,6E-5071,2026-10-09,T+1,7599,1668,9267,2026-10-08T04:02:54.703Z,FALSE,"",15:35,TRUE
fare_BOM-BLR_6E_2026-10-09_T+1_1791433399604_nyxq,BOM-BLR,EaseMyTrip,6E,6E-5107,2026-10-09,T+1,7676,1685,9361,2026-10-08T04:02:54.703Z,FALSE,"",20:00,FALSE
fare_BOM-BLR_6E_2026-10-09_T+1_1791433399604_9vzh,BOM-BLR,EaseMyTrip,6E,6E-151,2026-10-09,T+1,7676,1685,9361,2026-10-08T04:02:54.703Z,FALSE,"",15:45,FALSE
fare_BOM-BLR_6E_2026-10-09_T+1_1791433399604_parf,BOM-BLR,EaseMyTrip,6E,6E-474,2026-10-09,T+1,7676,1685,9361,2026-10-08T04:02:54.703Z,FALSE,"",15:45,FALSE
fare_BOM-BLR_IX_2026-10-09_T+1_1791433399604_iisl,BOM-BLR,EaseMyTrip,IX,IX-1242,2026-10-09,T+1,8466,1858,10324,2026-10-08T04:02:54.703Z,FALSE,"",16:30,FALSE
fare_BOM-BLR_AI_2026-10-09_T+1_1791433399604_gegh,BOM-BLR,EaseMyTrip,AI,AI-2849,2026-10-09,T+1,9031,1983,11014,2026-10-08T04:02:54.703Z,FALSE,"",17:30,TRUE
fare_BOM-BLR_6E_2026-10-09_T+1_1791433399604_v9eg,BOM-BLR,EaseMyTrip,6E,6E-7015,2026-10-09,T+1,8889,1951,10840,2026-10-08T04:02:54.703Z,FALSE,"",10:20,FALSE
fare_BOM-BLR_AI_2026-10-09_T+1_1791433399604_0az6,BOM-BLR,EaseMyTrip,AI,AI-2745,2026-10-09,T+1,9105,1999,11104,2026-10-08T04:02:54.703Z,FALSE,"",15:30,FALSE
fare_BOM-BLR_6E_2026-10-09_T+1_1791433399604_dn8u,BOM-BLR,EaseMyTrip,6E,6E-5221,2026-10-09,T+1,8977,1970,10947,2026-10-08T04:02:54.703Z,FALSE,"",17:00,TRUE
fare_BOM-BLR_6E_2026-10-09_T+1_1791433399604_qz31,BOM-BLR,EaseMyTrip,6E,6E-294,2026-10-09,T+1,9168,2013,11181,2026-10-08T04:02:54.703Z,FALSE,"",11:20,FALSE
fare_BOM-BLR_6E_2026-10-09_T+1_1791433399604_rtuv,BOM-BLR,EaseMyTrip,6E,6E-772,2026-10-09,T+1,9168,2013,11181,2026-10-08T04:02:54.703Z,FALSE,"",11:20,FALSE
fare_BOM-BLR_AI_2026-10-09_T+1_1791433399604_7oxt,BOM-BLR,EaseMyTrip,AI,AI-2787,2026-10-09,T+1,9371,2057,11428,2026-10-08T04:02:54.703Z,FALSE,"",06:35,FALSE
fare_BOM-BLR_AI_2026-10-09_T+1_1791433399604_vows,BOM-BLR,EaseMyTrip,AI,AI-681,2026-10-09,T+1,9371,2057,11428,2026-10-08T04:02:54.703Z,FALSE,"",16:55,FALSE
fare_BOM-BLR_AI_2026-10-09_T+1_1791433399604_eync,BOM-BLR,EaseMyTrip,AI,AI-2821,2026-10-09,T+1,9419,2067,11486,2026-10-08T04:02:54.703Z,FALSE,"",06:40,FALSE
fare_BOM-BLR_6E_2026-10-09_T+1_1791433399604_kmb2,BOM-BLR,EaseMyTrip,6E,6E-5178,2026-10-09,T+1,9363,2055,11418,2026-10-08T04:02:54.703Z,FALSE,"",11:45,FALSE
fare_BOM-BLR_6E_2026-10-09_T+1_1791433399604_jf5x,BOM-BLR,EaseMyTrip,6E,6E-6362,2026-10-09,T+1,9363,2055,11418,2026-10-08T04:02:54.703Z,FALSE,"",05:45,FALSE
fare_BOM-BLR_AI_2026-10-09_T+1_1791433399604_5q41,BOM-BLR,EaseMyTrip,AI,AI-2780,2026-10-09,T+1,9585,2104,11689,2026-10-08T04:02:54.703Z,FALSE,"",14:00,FALSE
fare_BOM-BLR_AI_2026-10-09_T+1_1791433399604_dqnf,BOM-BLR,EaseMyTrip,AI,AI-2855,2026-10-09,T+1,9633,2115,11748,2026-10-08T04:02:54.703Z,FALSE,"",10:00,FALSE
fare_BOM-BLR_IX_2026-10-09_T+1_1791433399604_u9aw,BOM-BLR,EaseMyTrip,IX,IX-1026,2026-10-09,T+1,9974,2190,12164,2026-10-08T04:02:54.703Z,FALSE,"",05:50,FALSE
fare_BOM-BLR_IX_2026-10-09_T+1_1791433399604_165y,BOM-BLR,EaseMyTrip,IX,IX-1238,2026-10-09,T+1,10015,2199,12214,2026-10-08T04:02:54.703Z,FALSE,"",12:30,FALSE
fare_BOM-BLR_AI_2026-10-09_T+1_1791433399604_bm90,BOM-BLR,EaseMyTrip,AI,AI-2739,2026-10-09,T+1,10149,2228,12377,2026-10-08T04:02:54.703Z,FALSE,"",09:00,FALSE
fare_BOM-BLR_6E_2026-10-09_T+1_1791433399604_5eh0,BOM-BLR,EaseMyTrip,6E,6E-6349,2026-10-09,T+1,10403,2283,12686,2026-10-08T04:02:54.703Z,FALSE,"",11:40,FALSE
fare_BOM-BLR_AI_2026-10-09_T+1_1791433399604_dv3i,BOM-BLR,EaseMyTrip,AI,AI-603,2026-10-09,T+1,10717,2353,13070,2026-10-08T04:02:54.703Z,FALSE,"",05:10,FALSE
fare_BOM-BLR_AI_2026-10-09_T+1_1791433399604_sxbh,BOM-BLR,EaseMyTrip,AI,AI-2505,2026-10-09,T+1,10717,2353,13070,2026-10-08T04:02:54.703Z,FALSE,"",19:25,FALSE
fare_BOM-BLR_IX_2026-10-09_T+1_1791433399604_5nmw,BOM-BLR,EaseMyTrip,IX,IX-1023,2026-10-09,T+1,10831,2377,13208,2026-10-08T04:02:54.703Z,FALSE,"",11:25,FALSE
fare_BOM-BLR_6E_2026-10-09_T+1_1791433399604_yyvu,BOM-BLR,EaseMyTrip,6E,6E-5388,2026-10-09,T+1,10699,2348,13047,2026-10-08T04:02:54.703Z,FALSE,"",22:20,TRUE
fare_BOM-BLR_6E_2026-10-09_T+1_1791433399604_wbuu,BOM-BLR,EaseMyTrip,6E,6E-5386,2026-10-09,T+1,11003,2415,13418,2026-10-08T04:02:54.703Z,FALSE,"",15:10,FALSE
fare_BOM-BLR_QP_2026-10-09_T+1_1791433399604_y3qd,BOM-BLR,EaseMyTrip,QP,QP-1518,2026-10-09,T+1,11467,2517,13984,2026-10-08T04:02:54.703Z,FALSE,"",21:45,TRUE
fare_BOM-BLR_QP_2026-10-09_T+1_1791433399604_ofpm,BOM-BLR,EaseMyTrip,QP,QP-1133,2026-10-09,T+1,11965,2626,14591,2026-10-08T04:02:54.703Z,FALSE,"",19:40,TRUE
fare_BOM-BLR_6E_2026-10-09_T+1_1791433399604_wnhr,BOM-BLR,EaseMyTrip,6E,6E-5047,2026-10-09,T+1,12076,2651,14727,2026-10-08T04:02:54.703Z,FALSE,"",18:30,TRUE
fare_BOM-BLR_IX_2026-10-09_T+1_1791433399604_tm0a,BOM-BLR,EaseMyTrip,IX,IX-1280,2026-10-09,T+1,12303,2701,15004,2026-10-08T04:02:54.703Z,FALSE,"",06:10,FALSE
fare_BOM-BLR_6E_2026-10-09_T+1_1791433399604_hasm,BOM-BLR,EaseMyTrip,6E,6E-7037,2026-10-09,T+1,12183,2674,14857,2026-10-08T04:02:54.703Z,FALSE,"",11:05,FALSE
fare_BOM-BLR_6E_2026-10-09_T+1_1791433399604_8rhj,BOM-BLR,EaseMyTrip,6E,6E-7077,2026-10-09,T+1,12183,2674,14857,2026-10-08T04:02:54.703Z,FALSE,"",13:15,FALSE
fare_BOM-BLR_6E_2026-10-09_T+1_1791433399604_nbz0,BOM-BLR,EaseMyTrip,6E,6E-6361,2026-10-09,T+1,12834,2817,15651,2026-10-08T04:02:54.703Z,FALSE,"",05:00,FALSE
fare_BOM-BLR_IX_2026-10-09_T+1_1791433399604_9z71,BOM-BLR,EaseMyTrip,IX,IX-1809,2026-10-09,T+1,13056,2866,15922,2026-10-08T04:02:54.703Z,FALSE,"",07:35,FALSE
fare_BOM-BLR_6E_2026-10-09_T+1_1791433399604_0bs6,BOM-BLR,EaseMyTrip,6E,6E-6188,2026-10-09,T+1,12937,2840,15777,2026-10-08T04:02:54.703Z,FALSE,"",21:30,TRUE
fare_BOM-BLR_6E_2026-10-09_T+1_1791433399604_hof0,BOM-BLR,EaseMyTrip,6E,6E-5032,2026-10-09,T+1,12937,2840,15777,2026-10-08T04:02:54.703Z,FALSE,"",19:50,TRUE
fare_BOM-BLR_IX_2026-10-09_T+1_1791433399604_v7bg,BOM-BLR,EaseMyTrip,IX,IX-1050,2026-10-09,T+1,14344,3149,17493,2026-10-08T04:02:54.703Z,FALSE,"",14:45,FALSE
fare_BOM-BLR_IX_2026-10-09_T+1_1791433399604_3tdb,BOM-BLR,EaseMyTrip,IX,IX-1640,2026-10-09,T+1,14534,3190,17724,2026-10-08T04:02:54.703Z,FALSE,"",21:05,TRUE
fare_BOM-BLR_AI_2026-10-09_T+1_1791433399604_b7kk,BOM-BLR,EaseMyTrip,AI,AI-2401,2026-10-09,T+1,14531,3190,17721,2026-10-08T04:02:54.703Z,FALSE,"",20:45,TRUE
fare_BOM-BLR_AI_2026-10-09_T+1_1791433399604_u7xo,BOM-BLR,EaseMyTrip,AI,AI-2865,2026-10-09,T+1,14531,3190,17721,2026-10-08T04:02:54.703Z,FALSE,"",19:45,TRUE
fare_BOM-BLR_AI_2026-10-09_T+1_1791433399604_ynn6,BOM-BLR,EaseMyTrip,AI,AI-2641,2026-10-09,T+1,14661,3218,17879,2026-10-08T04:02:54.703Z,FALSE,"",18:30,TRUE
fare_BOM-BLR_6E_2026-10-09_T+1_1791433399604_6k5l,BOM-BLR,EaseMyTrip,6E,6E-5318,2026-10-09,T+1,15710,3448,19158,2026-10-08T04:02:54.703Z,FALSE,"",10:15,FALSE
fare_BOM-BLR_IX_2026-10-09_T+1_1791433399604_4zcf,BOM-BLR,EaseMyTrip,IX,IX-1237,2026-10-09,T+1,15899,3490,19389,2026-10-08T04:02:54.703Z,FALSE,"",05:55,FALSE
fare_BOM-BLR_IX_2026-10-09_T+1_1791433399604_xujo,BOM-BLR,EaseMyTrip,IX,IX-1176,2026-10-09,T+1,16646,3654,20300,2026-10-08T04:02:54.703Z,FALSE,"",11:20,FALSE
fare_BOM-BLR_AI_2026-10-09_T+1_1791433399604_li0g,BOM-BLR,EaseMyTrip,AI,AI-2741,2026-10-09,T+1,16922,3714,20636,2026-10-08T04:02:54.703Z,FALSE,"",07:40,FALSE
fare_BOM-BLR_6E_2026-10-09_T+1_1791433399604_9c5c,BOM-BLR,EaseMyTrip,6E,6E-116,2026-10-09,T+1,17436,3828,21264,2026-10-08T04:02:54.703Z,FALSE,"",11:20,FALSE
fare_BOM-BLR_6E_2026-10-09_T+1_1791433399604_fopk,BOM-BLR,EaseMyTrip,6E,6E-718,2026-10-09,T+1,17436,3828,21264,2026-10-08T04:02:54.703Z,FALSE,"",11:20,FALSE
fare_BOM-BLR_IX_2026-10-09_T+1_1791433399604_gxn2,BOM-BLR,EaseMyTrip,IX,IX-1671,2026-10-09,T+1,18250,4006,22256,2026-10-08T04:02:54.703Z,FALSE,"",16:45,FALSE
fare_BOM-BLR_AI_2026-10-09_T+1_1791433399604_hmq6,BOM-BLR,EaseMyTrip,AI,AI-2663,2026-10-09,T+1,18289,4015,22304,2026-10-08T04:02:54.703Z,FALSE,"",10:25,FALSE
fare_BOM-BLR_AI_2026-10-09_T+1_1791433399604_py0k,BOM-BLR,EaseMyTrip,AI,AI-2531,2026-10-09,T+1,21343,4685,26028,2026-10-08T04:02:54.703Z,TRUE,"High outlier: ₹26028 > upper fence ₹24688 (Q3: ₹13984, IQR: ₹7136)",15:05,FALSE
fare_BOM-BLR_6E_2026-10-09_T+1_1791433399604_3279,BOM-BLR,EaseMyTrip,6E,6E-5048,2026-10-09,T+1,21716,4767,26483,2026-10-08T04:02:54.703Z,TRUE,"High outlier: ₹26483 > upper fence ₹24688 (Q3: ₹13984, IQR: ₹7136)",17:25,FALSE
fare_BOM-BLR_IX_2026-10-09_T+1_1791433399604_oekr,BOM-BLR,EaseMyTrip,IX,IX-1364,2026-10-09,T+1,22159,4864,27023,2026-10-08T04:02:54.703Z,TRUE,"High outlier: ₹27023 > upper fence ₹24688 (Q3: ₹13984, IQR: ₹7136)",21:55,FALSE
fare_BOM-BLR_IX_2026-10-09_T+1_1791433399604_0a24,BOM-BLR,EaseMyTrip,IX,IX-2153,2026-10-09,T+1,22159,4864,27023,2026-10-08T04:02:54.703Z,TRUE,"High outlier: ₹27023 > upper fence ₹24688 (Q3: ₹13984, IQR: ₹7136)",20:25,FALSE
fare_BOM-BLR_AI_2026-10-09_T+1_1791433399604_qyqq,BOM-BLR,EaseMyTrip,AI,AI-2771,2026-10-09,T+1,22584,4958,27542,2026-10-08T04:02:54.703Z,TRUE,"High outlier: ₹27542 > upper fence ₹24688 (Q3: ₹13984, IQR: ₹7136)",06:55,FALSE
fare_BOM-BLR_AI_2026-10-09_T+1_1791433399604_qnvo,BOM-BLR,EaseMyTrip,AI,AI-816,2026-10-09,T+1,25123,5515,30638,2026-10-08T04:02:54.703Z,TRUE,"High outlier: ₹30638 > upper fence ₹24688 (Q3: ₹13984, IQR: ₹7136)",21:00,FALSE
fare_BOM-BLR_AI_2026-10-09_T+1_1791433399604_e250,BOM-BLR,EaseMyTrip,AI,AI-2619,2026-10-09,T+1,32766,7192,39958,2026-10-08T04:02:54.703Z,TRUE,"High outlier: ₹39958 > upper fence ₹24688 (Q3: ₹13984, IQR: ₹7136)",18:00,FALSE
fare_BOM-BLR_IX_2026-11-07_T+30_1791433399605_dx4o,BOM-BLR,EaseMyTrip,IX,IX-1347,2026-11-07,T+30,5583,1225,6808,2026-10-08T04:03:14.423Z,FALSE,"",17:30,TRUE
fare_BOM-BLR_6E_2026-11-07_T+30_1791433399605_ret8,BOM-BLR,EaseMyTrip,6E,6E-2070,2026-11-07,T+30,5422,1190,6612,2026-10-08T04:03:14.423Z,FALSE,"",17:20,FALSE
fare_BOM-BLR_6E_2026-11-07_T+30_1791433399605_nczo,BOM-BLR,EaseMyTrip,6E,6E-2085,2026-11-07,T+30,5890,1293,7183,2026-10-08T04:03:14.423Z,FALSE,"",20:15,TRUE
fare_BOM-BLR_SG_2026-11-07_T+30_1791433399605_maye,BOM-BLR,EaseMyTrip,SG,SG-373,2026-11-07,T+30,6423,1410,7833,2026-10-08T04:03:14.423Z,FALSE,"",23:15,TRUE
fare_BOM-BLR_SG_2026-11-07_T+30_1791433399605_gwvc,BOM-BLR,EaseMyTrip,SG,SG-333,2026-11-07,T+30,6423,1410,7833,2026-10-08T04:03:14.423Z,FALSE,"",23:15,TRUE
fare_BOM-BLR_6E_2026-11-07_T+30_1791433399605_zg30,BOM-BLR,EaseMyTrip,6E,6E-5071,2026-11-07,T+30,6480,1422,7902,2026-10-08T04:03:14.423Z,FALSE,"",16:20,TRUE
fare_BOM-BLR_6E_2026-11-07_T+30_1791433399605_999w,BOM-BLR,EaseMyTrip,6E,6E-5388,2026-11-07,T+30,6824,1498,8322,2026-10-08T04:03:14.423Z,FALSE,"",22:50,TRUE
fare_BOM-BLR_IX_2026-11-07_T+30_1791433399605_e3el,BOM-BLR,EaseMyTrip,IX,IX-1549,2026-11-07,T+30,7072,1552,8624,2026-10-08T04:03:14.423Z,FALSE,"",14:25,TRUE
fare_BOM-BLR_QP_2026-11-07_T+30_1791433399605_uqcx,BOM-BLR,EaseMyTrip,QP,QP-1314,2026-11-07,T+30,6909,1517,8426,2026-10-08T04:03:14.423Z,FALSE,"",12:30,TRUE
fare_BOM-BLR_QP_2026-11-07_T+30_1791433399605_kfxs,BOM-BLR,EaseMyTrip,QP,QP-2003,2026-11-07,T+30,6909,1517,8426,2026-10-08T04:03:14.423Z,FALSE,"",18:35,TRUE
fare_BOM-BLR_IX_2026-11-07_T+30_1791433399605_08lo,BOM-BLR,EaseMyTrip,IX,IX-1051,2026-11-07,T+30,7119,1563,8682,2026-10-08T04:03:14.423Z,FALSE,"",20:35,FALSE
fare_BOM-BLR_QP_2026-11-07_T+30_1791433399605_73qv,BOM-BLR,EaseMyTrip,QP,QP-1334,2026-11-07,T+30,6945,1524,8469,2026-10-08T04:03:14.423Z,FALSE,"",21:10,TRUE
fare_BOM-BLR_6E_2026-11-07_T+30_1791433399605_eiii,BOM-BLR,EaseMyTrip,6E,6E-5083,2026-11-07,T+30,7168,1574,8742,2026-10-08T04:03:14.423Z,FALSE,"",21:45,TRUE
fare_BOM-BLR_QP_2026-11-07_T+30_1791433399605_8qny,BOM-BLR,EaseMyTrip,QP,QP-1133,2026-11-07,T+30,7237,1588,8825,2026-10-08T04:03:14.423Z,FALSE,"",19:00,TRUE
fare_BOM-BLR_QP_2026-11-07_T+30_1791433399605_a00k,BOM-BLR,EaseMyTrip,QP,QP-1336,2026-11-07,T+30,7237,1588,8825,2026-10-08T04:03:14.423Z,FALSE,"",23:10,TRUE
fare_BOM-BLR_AI_2026-11-07_T+30_1791433399605_xxnq,BOM-BLR,EaseMyTrip,AI,AI-2589,2026-11-07,T+30,7509,1648,9157,2026-10-08T04:03:14.423Z,FALSE,"",19:25,FALSE
fare_BOM-BLR_AI_2026-11-07_T+30_1791433399605_q9na,BOM-BLR,EaseMyTrip,AI,AI-2505,2026-11-07,T+30,7509,1648,9157,2026-10-08T04:03:14.423Z,FALSE,"",21:20,FALSE
fare_BOM-BLR_IX_2026-11-07_T+30_1791433399605_6jxy,BOM-BLR,EaseMyTrip,IX,IX-1361,2026-11-07,T+30,7589,1666,9255,2026-10-08T04:03:14.423Z,FALSE,"",18:45,FALSE
fare_BOM-BLR_IX_2026-11-07_T+30_1791433399605_t23a,BOM-BLR,EaseMyTrip,IX,IX-1519,2026-11-07,T+30,7589,1666,9255,2026-10-08T04:03:14.423Z,FALSE,"",17:45,FALSE
fare_BOM-BLR_6E_2026-11-07_T+30_1791433399605_t3q6,BOM-BLR,EaseMyTrip,6E,6E-601,2026-11-07,T+30,7418,1628,9046,2026-10-08T04:03:14.423Z,FALSE,"",15:10,FALSE
fare_BOM-BLR_6E_2026-11-07_T+30_1791433399605_8a2z,BOM-BLR,EaseMyTrip,6E,6E-563,2026-11-07,T+30,7418,1628,9046,2026-10-08T04:03:14.423Z,FALSE,"",15:10,FALSE
fare_BOM-BLR_6E_2026-11-07_T+30_1791433399605_qzs7,BOM-BLR,EaseMyTrip,6E,6E-5032,2026-11-07,T+30,8029,1763,9792,2026-10-08T04:03:14.423Z,FALSE,"",20:30,TRUE
fare_BOM-BLR_6E_2026-11-07_T+30_1791433399605_8bqf,BOM-BLR,EaseMyTrip,6E,6E-6240,2026-11-07,T+30,8029,1763,9792,2026-10-08T04:03:14.423Z,FALSE,"",17:45,TRUE
fare_BOM-BLR_6E_2026-11-07_T+30_1791433399605_aqzr,BOM-BLR,EaseMyTrip,6E,6E-5382,2026-11-07,T+30,8029,1763,9792,2026-10-08T04:03:14.423Z,FALSE,"",14:55,TRUE
fare_BOM-BLR_6E_2026-11-07_T+30_1791433399605_d2ai,BOM-BLR,EaseMyTrip,6E,6E-5047,2026-11-07,T+30,8029,1763,9792,2026-10-08T04:03:14.423Z,FALSE,"",18:50,TRUE
fare_BOM-BLR_IX_2026-11-07_T+30_1791433399605_4r7z,BOM-BLR,EaseMyTrip,IX,IX-2367,2026-11-07,T+30,8295,1821,10116,2026-10-08T04:03:14.423Z,FALSE,"",05:35,FALSE
fare_BOM-BLR_6E_2026-11-07_T+30_1791433399605_dmzy,BOM-BLR,EaseMyTrip,6E,6E-5011,2026-11-07,T+30,8458,1857,10315,2026-10-08T04:03:14.423Z,FALSE,"",13:55,FALSE
fare_BOM-BLR_6E_2026-11-07_T+30_1791433399605_4x9m,BOM-BLR,EaseMyTrip,6E,6E-5323,2026-11-07,T+30,8460,1857,10317,2026-10-08T04:03:14.423Z,FALSE,"",00:45,TRUE
fare_BOM-BLR_6E_2026-11-07_T+30_1791433399605_7tet,BOM-BLR,EaseMyTrip,6E,6E-5217,2026-11-07,T+30,8460,1857,10317,2026-10-08T04:03:14.423Z,FALSE,"",11:05,TRUE
fare_BOM-BLR_6E_2026-11-07_T+30_1791433399605_yyco,BOM-BLR,EaseMyTrip,6E,6E-5257,2026-11-07,T+30,8460,1857,10317,2026-10-08T04:03:14.423Z,FALSE,"",12:30,TRUE
fare_BOM-BLR_AI_2026-11-07_T+30_1791433399605_edm4,BOM-BLR,EaseMyTrip,AI,AI-2484,2026-11-07,T+30,8767,1924,10691,2026-10-08T04:03:14.423Z,FALSE,"",18:00,TRUE
fare_BOM-BLR_AI_2026-11-07_T+30_1791433399605_0ral,BOM-BLR,EaseMyTrip,AI,AI-2869,2026-11-07,T+30,8984,1972,10956,2026-10-08T04:03:14.423Z,FALSE,"",21:30,FALSE
fare_BOM-BLR_AI_2026-11-07_T+30_1791433399605_cykb,BOM-BLR,EaseMyTrip,AI,AI-2849,2026-11-07,T+30,9078,1993,11071,2026-10-08T04:03:14.423Z,FALSE,"",17:30,TRUE
fare_BOM-BLR_AI_2026-11-07_T+30_1791433399605_ag92,BOM-BLR,EaseMyTrip,AI,AI-2641,2026-11-07,T+30,9078,1993,11071,2026-10-08T04:03:14.423Z,FALSE,"",19:15,TRUE
fare_BOM-BLR_6E_2026-11-07_T+30_1791433399605_22ij,BOM-BLR,EaseMyTrip,6E,6E-6284,2026-11-07,T+30,8977,1970,10947,2026-10-08T04:03:14.423Z,FALSE,"",02:15,TRUE
fare_BOM-BLR_6E_2026-11-07_T+30_1791433399605_bb8m,BOM-BLR,EaseMyTrip,6E,6E-5177,2026-11-07,T+30,8984,1972,10956,2026-10-08T04:03:14.423Z,FALSE,"",11:20,FALSE
fare_BOM-BLR_6E_2026-11-07_T+30_1791433399605_qveg,BOM-BLR,EaseMyTrip,6E,6E-6361,2026-11-07,T+30,9078,1993,11071,2026-10-08T04:03:14.423Z,FALSE,"",04:30,FALSE
fare_BOM-BLR_AI_2026-11-07_T+30_1791433399605_dq3x,BOM-BLR,EaseMyTrip,AI,AI-2625,2026-11-07,T+30,9328,2048,11376,2026-10-08T04:03:14.423Z,FALSE,"",06:25,FALSE
fare_BOM-BLR_6E_2026-11-07_T+30_1791433399605_w9e5,BOM-BLR,EaseMyTrip,6E,6E-6549,2026-11-07,T+30,9190,2017,11207,2026-10-08T04:03:14.423Z,FALSE,"",19:05,FALSE
fare_BOM-BLR_QP_2026-11-07_T+30_1791433399605_k6ug,BOM-BLR,EaseMyTrip,QP,QP-1332,2026-11-07,T+30,9284,2038,11322,2026-10-08T04:03:14.423Z,FALSE,"",08:35,TRUE
fare_BOM-BLR_6E_2026-11-07_T+30_1791433399605_1gsi,BOM-BLR,EaseMyTrip,6E,6E-5193,2026-11-07,T+30,9493,2084,11577,2026-10-08T04:03:14.423Z,FALSE,"",07:30,TRUE
fare_BOM-BLR_AI_2026-11-07_T+30_1791433399605_t3bc,BOM-BLR,EaseMyTrip,AI,AI-2875,2026-11-07,T+30,9759,2142,11901,2026-10-08T04:03:14.423Z,FALSE,"",19:10,FALSE
fare_BOM-BLR_AI_2026-11-07_T+30_1791433399605_0kyz,BOM-BLR,EaseMyTrip,AI,AI-2617,2026-11-07,T+30,9759,2142,11901,2026-10-08T04:03:14.423Z,FALSE,"",11:35,FALSE
fare_BOM-BLR_QP_2026-11-07_T+30_1791433399605_idf2,BOM-BLR,EaseMyTrip,QP,QP-1123,2026-11-07,T+30,9683,2126,11809,2026-10-08T04:03:14.423Z,FALSE,"",08:15,TRUE
fare_BOM-BLR_6E_2026-11-07_T+30_1791433399605_xb99,BOM-BLR,EaseMyTrip,6E,6E-7041,2026-11-07,T+30,9686,2126,11812,2026-10-08T04:03:14.423Z,FALSE,"",06:55,FALSE
fare_BOM-BLR_AI_2026-11-07_T+30_1791433399605_p6ti,BOM-BLR,EaseMyTrip,AI,AI-417,2026-11-07,T+30,9874,2168,12042,2026-10-08T04:03:14.423Z,FALSE,"",08:55,FALSE
fare_BOM-BLR_6E_2026-11-07_T+30_1791433399605_k4fl,BOM-BLR,EaseMyTrip,6E,6E-5228,2026-11-07,T+30,10066,2209,12275,2026-10-08T04:03:14.423Z,FALSE,"",16:40,FALSE
fare_BOM-BLR_6E_2026-11-07_T+30_1791433399605_sl0b,BOM-BLR,EaseMyTrip,6E,6E-5296,2026-11-07,T+30,10096,2216,12312,2026-10-08T04:03:14.423Z,FALSE,"",06:00,TRUE
fare_BOM-BLR_IX_2026-11-07_T+30_1791433399605_eu89,BOM-BLR,EaseMyTrip,IX,IX-1275,2026-11-07,T+30,10320,2265,12585,2026-10-08T04:03:14.423Z,FALSE,"",11:15,FALSE
fare_BOM-BLR_AI_2026-11-07_T+30_1791433399605_g3sz,BOM-BLR,EaseMyTrip,AI,AI-2851,2026-11-07,T+30,10316,2265,12581,2026-10-08T04:03:14.423Z,FALSE,"",08:00,TRUE
fare_BOM-BLR_AI_2026-11-07_T+30_1791433399605_j4t5,BOM-BLR,EaseMyTrip,AI,AI-2812,2026-11-07,T+30,10316,2265,12581,2026-10-08T04:03:14.423Z,FALSE,"",02:05,TRUE
fare_BOM-BLR_AI_2026-11-07_T+30_1791433399605_3bzk,BOM-BLR,EaseMyTrip,AI,AI-2603,2026-11-07,T+30,10316,2265,12581,2026-10-08T04:03:14.423Z,FALSE,"",06:35,TRUE
fare_BOM-BLR_AI_2026-11-07_T+30_1791433399605_2gpy,BOM-BLR,EaseMyTrip,AI,AI-2623,2026-11-07,T+30,10316,2265,12581,2026-10-08T04:03:14.423Z,FALSE,"",11:00,TRUE
fare_BOM-BLR_AI_2026-11-07_T+30_1791433399605_zc8f,BOM-BLR,EaseMyTrip,AI,AI-2621,2026-11-07,T+30,10316,2265,12581,2026-10-08T04:03:14.423Z,FALSE,"",14:00,TRUE
fare_BOM-BLR_AI_2026-11-07_T+30_1791433399605_qa05,BOM-BLR,EaseMyTrip,AI,AI-2632,2026-11-07,T+30,10503,2306,12809,2026-10-08T04:03:14.423Z,FALSE,"",12:00,TRUE
fare_BOM-BLR_AI_2026-11-07_T+30_1791433399605_qy35,BOM-BLR,EaseMyTrip,AI,AI-2853,2026-11-07,T+30,10503,2306,12809,2026-10-08T04:03:14.423Z,FALSE,"",15:35,TRUE
fare_BOM-BLR_AI_2026-11-07_T+30_1791433399605_dvfb,BOM-BLR,EaseMyTrip,AI,AI-2649,2026-11-07,T+30,10623,2332,12955,2026-10-08T04:03:14.423Z,FALSE,"",10:30,FALSE
fare_BOM-BLR_AI_2026-11-07_T+30_1791433399605_jmkr,BOM-BLR,EaseMyTrip,AI,AI-2745,2026-11-07,T+30,10623,2332,12955,2026-10-08T04:03:14.423Z,FALSE,"",15:25,FALSE
fare_BOM-BLR_AI_2026-11-07_T+30_1791433399605_sio2,BOM-BLR,EaseMyTrip,AI,AI-2863,2026-11-07,T+30,10690,2347,13037,2026-10-08T04:03:14.423Z,FALSE,"",09:55,TRUE
fare_BOM-BLR_6E_2026-11-07_T+30_1791433399605_3wky,BOM-BLR,EaseMyTrip,6E,6E-5386,2026-11-07,T+30,10582,2323,12905,2026-10-08T04:03:14.423Z,FALSE,"",15:05,FALSE
fare_BOM-BLR_6E_2026-11-07_T+30_1791433399605_kfe3,BOM-BLR,EaseMyTrip,6E,6E-5318,2026-11-07,T+30,10582,2323,12905,2026-10-08T04:03:14.423Z,FALSE,"",10:10,FALSE
fare_BOM-BLR_6E_2026-11-07_T+30_1791433399605_m5b1,BOM-BLR,EaseMyTrip,6E,6E-5092,2026-11-07,T+30,10699,2348,13047,2026-10-08T04:03:14.423Z,FALSE,"",09:40,TRUE
fare_BOM-BLR_AI_2026-11-07_T+30_1791433399605_w16p,BOM-BLR,EaseMyTrip,AI,AI-603,2026-11-07,T+30,10895,2391,13286,2026-10-08T04:03:14.423Z,FALSE,"",05:10,FALSE
fare_BOM-BLR_AI_2026-11-07_T+30_1791433399605_8oxw,BOM-BLR,EaseMyTrip,AI,AI-2841,2026-11-07,T+30,10895,2391,13286,2026-10-08T04:03:14.423Z,FALSE,"",11:30,FALSE
fare_BOM-BLR_AI_2026-11-07_T+30_1791433399605_wqv1,BOM-BLR,EaseMyTrip,AI,AI-2531,2026-11-07,T+30,10982,2411,13393,2026-10-08T04:03:14.423Z,FALSE,"",15:05,FALSE
fare_BOM-BLR_6E_2026-11-07_T+30_1791433399605_7noy,BOM-BLR,EaseMyTrip,6E,6E-5246,2026-11-07,T+30,11145,2446,13591,2026-10-08T04:03:14.423Z,FALSE,"",07:20,FALSE
fare_BOM-BLR_6E_2026-11-07_T+30_1791433399605_fg2t,BOM-BLR,EaseMyTrip,6E,6E-833,2026-11-07,T+30,12006,2636,14642,2026-10-08T04:03:14.423Z,FALSE,"",09:35,TRUE
fare_BOM-BLR_6E_2026-11-07_T+30_1791433399605_3exd,BOM-BLR,EaseMyTrip,6E,6E-577,2026-11-07,T+30,12006,2636,14642,2026-10-08T04:03:14.423Z,FALSE,"",09:35,TRUE
fare_BOM-BLR_IX_2026-11-07_T+30_1791433399605_v2qt,BOM-BLR,EaseMyTrip,IX,IX-1640,2026-11-07,T+30,12529,2750,15279,2026-10-08T04:03:14.423Z,FALSE,"",08:25,TRUE
fare_BOM-BLR_6E_2026-11-07_T+30_1791433399605_aoix,BOM-BLR,EaseMyTrip,6E,6E-5196,2026-11-07,T+30,12369,2715,15084,2026-10-08T04:03:14.423Z,FALSE,"",16:25,FALSE
fare_BOM-BLR_6E_2026-11-07_T+30_1791433399605_pusq,BOM-BLR,EaseMyTrip,6E,6E-5337,2026-11-07,T+30,12369,2715,15084,2026-10-08T04:03:14.423Z,FALSE,"",14:30,FALSE
fare_BOM-BLR_SG_2026-11-07_T+30_1791433399605_7ayk,BOM-BLR,EaseMyTrip,SG,SG-360,2026-11-07,T+30,13820,3034,16854,2026-10-08T04:03:14.423Z,FALSE,"",00:30,TRUE
fare_BOM-BLR_SG_2026-11-07_T+30_1791433399605_3fsq,BOM-BLR,EaseMyTrip,SG,SG-689,2026-11-07,T+30,13820,3034,16854,2026-10-08T04:03:14.423Z,FALSE,"",00:30,TRUE
fare_BOM-BLR_SG_2026-11-07_T+30_1791433399605_khwa,BOM-BLR,EaseMyTrip,SG,SG-208,2026-11-07,T+30,13820,3034,16854,2026-10-08T04:03:14.423Z,FALSE,"",16:10,TRUE
fare_BOM-BLR_SG_2026-11-07_T+30_1791433399605_8w7v,BOM-BLR,EaseMyTrip,SG,SG-811,2026-11-07,T+30,13820,3034,16854,2026-10-08T04:03:14.423Z,FALSE,"",16:10,TRUE
fare_BOM-BLR_IX_2026-11-07_T+30_1791433399605_pw84,BOM-BLR,EaseMyTrip,IX,IX-2213,2026-11-07,T+30,13116,2879,15995,2026-10-08T04:03:14.423Z,FALSE,"",19:40,FALSE
fare_BOM-BLR_6E_2026-11-07_T+30_1791433399605_agyv,BOM-BLR,EaseMyTrip,6E,6E-5085,2026-11-07,T+30,12977,2848,15825,2026-10-08T04:03:14.423Z,FALSE,"",13:05,FALSE
fare_BOM-BLR_6E_2026-11-07_T+30_1791433399605_6k74,BOM-BLR,EaseMyTrip,6E,6E-5204,2026-11-07,T+30,12977,2848,15825,2026-10-08T04:03:14.423Z,FALSE,"",08:20,FALSE
fare_BOM-BLR_6E_2026-11-07_T+30_1791433399605_gdh3,BOM-BLR,EaseMyTrip,6E,6E-5313,2026-11-07,T+30,12977,2848,15825,2026-10-08T04:03:14.423Z,FALSE,"",10:00,FALSE
fare_BOM-BLR_6E_2026-11-07_T+30_1791433399605_90rn,BOM-BLR,EaseMyTrip,6E,6E-5179,2026-11-07,T+30,12993,2852,15845,2026-10-08T04:03:14.423Z,FALSE,"",02:30,FALSE
fare_BOM-BLR_AI_2026-11-07_T+30_1791433399605_h6ix,BOM-BLR,EaseMyTrip,AI,AI-2780,2026-11-07,T+30,13212,2900,16112,2026-10-08T04:03:14.423Z,FALSE,"",13:10,FALSE
fare_BOM-BLR_6E_2026-11-07_T+30_1791433399605_x4n9,BOM-BLR,EaseMyTrip,6E,6E-5147,2026-11-07,T+30,13180,2893,16073,2026-10-08T04:03:14.423Z,FALSE,"",18:40,FALSE
fare_BOM-BLR_6E_2026-11-07_T+30_1791433399605_4sqz,BOM-BLR,EaseMyTrip,6E,6E-5188,2026-11-07,T+30,13631,2992,16623,2026-10-08T04:03:14.423Z,FALSE,"",07:15,FALSE
fare_BOM-BLR_6E_2026-11-07_T+30_1791433399605_b4ng,BOM-BLR,EaseMyTrip,6E,6E-6365,2026-11-07,T+30,14371,3154,17525,2026-10-08T04:03:14.423Z,FALSE,"",12:00,FALSE
fare_BOM-BLR_6E_2026-11-07_T+30_1791433399605_gwl7,BOM-BLR,EaseMyTrip,6E,6E-6362,2026-11-07,T+30,14371,3154,17525,2026-10-08T04:03:14.423Z,FALSE,"",05:30,FALSE
fare_BOM-BLR_IX_2026-11-07_T+30_1791433399605_qwz6,BOM-BLR,EaseMyTrip,IX,IX-2205,2026-11-07,T+30,15204,3337,18541,2026-10-08T04:03:14.423Z,FALSE,"",19:35,FALSE
fare_BOM-BLR_AI_2026-11-07_T+30_1791433399605_5lbk,BOM-BLR,EaseMyTrip,AI,AI-639,2026-11-07,T+30,15386,3378,18764,2026-10-08T04:03:14.423Z,FALSE,"",21:50,FALSE
fare_BOM-BLR_AI_2026-11-07_T+30_1791433399605_s989,BOM-BLR,EaseMyTrip,AI,AI-2739,2026-11-07,T+30,15723,3452,19175,2026-10-08T04:03:14.423Z,FALSE,"",08:00,FALSE
fare_BOM-BLR_AI_2026-11-07_T+30_1791433399605_de0e,BOM-BLR,EaseMyTrip,AI,AI-2821,2026-11-07,T+30,15756,3459,19215,2026-10-08T04:03:14.423Z,FALSE,"",06:40,FALSE
fare_BOM-BLR_6E_2026-11-07_T+30_1791433399605_ty6l,BOM-BLR,EaseMyTrip,6E,6E-885,2026-11-07,T+30,16483,3618,20101,2026-10-08T04:03:14.423Z,FALSE,"",11:35,FALSE
fare_BOM-BLR_6E_2026-11-07_T+30_1791433399605_l4y6,BOM-BLR,EaseMyTrip,6E,6E-219,2026-11-07,T+30,16483,3618,20101,2026-10-08T04:03:14.423Z,FALSE,"",11:35,FALSE
fare_BOM-BLR_6E_2026-11-07_T+30_1791433399605_8g1g,BOM-BLR,EaseMyTrip,6E,6E-957,2026-11-07,T+30,16781,3684,20465,2026-10-08T04:03:14.423Z,FALSE,"",04:15,FALSE
fare_BOM-BLR_6E_2026-11-07_T+30_1791433399605_trzs,BOM-BLR,EaseMyTrip,6E,6E-956,2026-11-07,T+30,16781,3684,20465,2026-10-08T04:03:14.423Z,FALSE,"",04:15,FALSE
fare_BOM-BLR_6E_2026-11-07_T+30_1791433399605_gi2v,BOM-BLR,EaseMyTrip,6E,6E-5183,2026-11-07,T+30,17949,3940,21889,2026-10-08T04:03:14.423Z,FALSE,"",16:15,FALSE
fare_BOM-BLR_AI_2026-11-07_T+30_1791433399605_5fgv,BOM-BLR,EaseMyTrip,AI,AI-2591,2026-11-07,T+30,18566,4075,22641,2026-10-08T04:03:14.423Z,FALSE,"",06:05,FALSE
fare_BOM-BLR_IX_2026-11-07_T+30_1791433399605_lkxy,BOM-BLR,EaseMyTrip,IX,IX-2211,2026-11-07,T+30,18683,4101,22784,2026-10-08T04:03:14.423Z,FALSE,"",06:15,FALSE
fare_BOM-BLR_AI_2026-11-07_T+30_1791433399605_8d4p,BOM-BLR,EaseMyTrip,AI,AI-2787,2026-11-07,T+30,19020,4175,23195,2026-10-08T04:03:14.423Z,FALSE,"",06:35,FALSE
fare_BOM-BLR_6E_2026-11-07_T+30_1791433399605_tyei,BOM-BLR,EaseMyTrip,6E,6E-562,2026-11-07,T+30,18908,4150,23058,2026-10-08T04:03:14.423Z,FALSE,"",19:15,FALSE
fare_BOM-BLR_6E_2026-11-07_T+30_1791433399605_e26t,BOM-BLR,EaseMyTrip,6E,6E-557,2026-11-07,T+30,18908,4150,23058,2026-10-08T04:03:14.423Z,FALSE,"",19:15,FALSE
fare_BOM-BLR_6E_2026-11-07_T+30_1791433399605_7vvs,BOM-BLR,EaseMyTrip,6E,6E-6352,2026-11-07,T+30,19252,4226,23478,2026-10-08T04:03:14.423Z,FALSE,"",15:40,FALSE
fare_BOM-BLR_6E_2026-11-07_T+30_1791433399605_dlcl,BOM-BLR,EaseMyTrip,6E,6E-6280,2026-11-07,T+30,20784,4562,25346,2026-10-08T04:03:14.423Z,FALSE,"",05:30,FALSE
fare_BOM-BLR_6E_2026-11-07_T+30_1791433399605_3d0d,BOM-BLR,EaseMyTrip,6E,6E-5059,2026-11-07,T+30,21146,4642,25788,2026-10-08T04:03:14.423Z,FALSE,"",16:45,FALSE
fare_BOM-BLR_6E_2026-11-07_T+30_1791433399605_jqam,BOM-BLR,EaseMyTrip,6E,6E-6701,2026-11-07,T+30,21495,4718,26213,2026-10-08T04:03:14.423Z,FALSE,"",12:30,FALSE
fare_BOM-BLR_IX_2026-11-07_T+30_1791433399605_lvr9,BOM-BLR,EaseMyTrip,IX,IX-2209,2026-11-07,T+30,22048,4840,26888,2026-10-08T04:03:14.423Z,FALSE,"",06:50,FALSE
fare_BOM-BLR_IX_2026-11-07_T+30_1791433399605_ozkq,BOM-BLR,EaseMyTrip,IX,IX-2201,2026-11-07,T+30,22072,4845,26917,2026-10-08T04:03:14.423Z,FALSE,"",05:15,FALSE
fare_BOM-BLR_AI_2026-11-07_T+30_1791433399605_nlly,BOM-BLR,EaseMyTrip,AI,AI-2639,2026-11-07,T+30,22507,4940,27447,2026-10-08T04:03:14.423Z,FALSE,"",06:10,FALSE
fare_BOM-BLR_IX_2026-11-07_T+30_1791433399605_x2uy,BOM-BLR,EaseMyTrip,IX,IX-1026,2026-11-07,T+30,22593,4959,27552,2026-10-08T04:03:14.423Z,FALSE,"",11:10,FALSE
fare_BOM-BLR_AI_2026-11-07_T+30_1791433399605_v6b6,BOM-BLR,EaseMyTrip,AI,AI-2445,2026-11-07,T+30,22732,4990,27722,2026-10-08T04:03:14.423Z,FALSE,"",15:30,FALSE
fare_BOM-BLR_AI_2026-11-07_T+30_1791433399605_imeu,BOM-BLR,EaseMyTrip,AI,AI-2605,2026-11-07,T+30,22983,5045,28028,2026-10-08T04:03:14.423Z,FALSE,"",06:30,FALSE
fare_BOM-BLR_AI_2026-11-07_T+30_1791433399605_d28r,BOM-BLR,EaseMyTrip,AI,AI-2771,2026-11-07,T+30,24306,5336,29642,2026-10-08T04:03:14.423Z,FALSE,"",06:55,FALSE
fare_BOM-BLR_IX_2026-11-07_T+30_1791433399605_3ud6,BOM-BLR,EaseMyTrip,IX,IX-1176,2026-11-07,T+30,25420,5580,31000,2026-10-08T04:03:14.423Z,FALSE,"",09:45,FALSE
fare_BOM-BLR_6E_2026-11-07_T+30_1791433399605_bjki,BOM-BLR,EaseMyTrip,6E,6E-2049,2026-11-07,T+30,25365,5568,30933,2026-10-08T04:03:14.423Z,FALSE,"",07:10,FALSE
fare_BOM-BLR_IX_2026-11-07_T+30_1791433399605_f8d9,BOM-BLR,EaseMyTrip,IX,IX-1671,2026-11-07,T+30,26038,5716,31754,2026-10-08T04:03:14.423Z,FALSE,"",17:20,FALSE
fare_BOM-BLR_IX_2026-11-07_T+30_1791433399605_gw80,BOM-BLR,EaseMyTrip,IX,IX-1050,2026-11-07,T+30,26038,5716,31754,2026-10-08T04:03:14.423Z,FALSE,"",05:30,FALSE
fare_BOM-BLR_IX_2026-11-07_T+30_1791433399605_1fuc,BOM-BLR,EaseMyTrip,IX,IX-1237,2026-11-07,T+30,26640,5848,32488,2026-10-08T04:03:14.423Z,FALSE,"",13:10,FALSE
fare_BOM-BLR_IX_2026-11-07_T+30_1791433399605_vgui,BOM-BLR,EaseMyTrip,IX,IX-1464,2026-11-07,T+30,27582,6055,33637,2026-10-08T04:03:14.423Z,TRUE,"High outlier: ₹33637 > upper fence ₹33389 (Q3: ₹19658, IQR: ₹9154)",05:30,FALSE
fare_BOM-BLR_IX_2026-11-07_T+30_1791433399605_a2zk,BOM-BLR,EaseMyTrip,IX,IX-1363,2026-11-07,T+30,27582,6055,33637,2026-10-08T04:03:14.423Z,TRUE,"High outlier: ₹33637 > upper fence ₹33389 (Q3: ₹19658, IQR: ₹9154)",20:35,FALSE
fare_BOM-BLR_IX_2026-11-07_T+30_1791433399605_sd2m,BOM-BLR,EaseMyTrip,IX,IX-1219,2026-11-07,T+30,28635,6286,34921,2026-10-08T04:03:14.423Z,TRUE,"High outlier: ₹34921 > upper fence ₹33389 (Q3: ₹19658, IQR: ₹9154)",09:50,FALSE
fare_BOM-BLR_AI_2026-11-07_T+30_1791433399605_gtt8,BOM-BLR,EaseMyTrip,AI,AI-2741,2026-11-07,T+30,29670,6513,36183,2026-10-08T04:03:14.423Z,TRUE,"High outlier: ₹36183 > upper fence ₹33389 (Q3: ₹19658, IQR: ₹9154)",07:40,FALSE
fare_BOM-BLR_6E_2026-11-22_T+45_1791433399606_d0kw,BOM-BLR,EaseMyTrip,6E,6E-6361,2026-11-22,T+45,4991,1096,6087,2026-10-08T04:03:20.231Z,FALSE,"",04:30,FALSE
fare_BOM-BLR_6E_2026-11-22_T+45_1791433399606_hcob,BOM-BLR,EaseMyTrip,6E,6E-5011,2026-11-22,T+45,4991,1096,6087,2026-10-08T04:03:20.231Z,FALSE,"",13:55,FALSE
fare_BOM-BLR_6E_2026-11-22_T+45_1791433399606_by1u,BOM-BLR,EaseMyTrip,6E,6E-6549,2026-11-22,T+45,5185,1138,6323,2026-10-08T04:03:20.231Z,FALSE,"",19:05,FALSE
fare_BOM-BLR_6E_2026-11-22_T+45_1791433399606_vj40,BOM-BLR,EaseMyTrip,6E,6E-6362,2026-11-22,T+45,5185,1138,6323,2026-10-08T04:03:20.231Z,FALSE,"",05:30,FALSE
fare_BOM-BLR_6E_2026-11-22_T+45_1791433399606_d2zn,BOM-BLR,EaseMyTrip,6E,6E-5158,2026-11-22,T+45,5378,1181,6559,2026-10-08T04:03:20.231Z,FALSE,"",17:45,FALSE
fare_BOM-BLR_6E_2026-11-22_T+45_1791433399606_4xwa,BOM-BLR,EaseMyTrip,6E,6E-5147,2026-11-22,T+45,5378,1181,6559,2026-10-08T04:03:20.231Z,FALSE,"",18:40,FALSE
fare_BOM-BLR_IX_2026-11-22_T+45_1791433399606_lvh0,BOM-BLR,EaseMyTrip,IX,IX-1640,2026-11-22,T+45,5583,1225,6808,2026-10-08T04:03:20.231Z,FALSE,"",08:25,TRUE
fare_BOM-BLR_6E_2026-11-22_T+45_1791433399606_cmqi,BOM-BLR,EaseMyTrip,6E,6E-2364,2026-11-22,T+45,5422,1190,6612,2026-10-08T04:03:20.231Z,FALSE,"",16:25,FALSE
fare_BOM-BLR_6E_2026-11-22_T+45_1791433399606_vsyo,BOM-BLR,EaseMyTrip,6E,6E-2070,2026-11-22,T+45,5422,1190,6612,2026-10-08T04:03:20.231Z,FALSE,"",17:20,FALSE
fare_BOM-BLR_6E_2026-11-22_T+45_1791433399606_ja1p,BOM-BLR,EaseMyTrip,6E,6E-5177,2026-11-22,T+45,5422,1190,6612,2026-10-08T04:03:20.231Z,FALSE,"",11:20,FALSE
fare_BOM-BLR_6E_2026-11-22_T+45_1791433399606_prsp,BOM-BLR,EaseMyTrip,6E,6E-5196,2026-11-22,T+45,5443,1195,6638,2026-10-08T04:03:20.231Z,FALSE,"",16:25,FALSE
fare_BOM-BLR_IX_2026-11-22_T+45_1791433399606_u7lw,BOM-BLR,EaseMyTrip,IX,IX-1347,2026-11-22,T+45,6034,1324,7358,2026-10-08T04:03:20.231Z,FALSE,"",17:30,TRUE
fare_BOM-BLR_6E_2026-11-22_T+45_1791433399606_ktko,BOM-BLR,EaseMyTrip,6E,6E-5313,2026-11-22,T+45,6212,1364,7576,2026-10-08T04:03:20.231Z,FALSE,"",10:00,FALSE
fare_BOM-BLR_IX_2026-11-22_T+45_1791433399606_mnrh,BOM-BLR,EaseMyTrip,IX,IX-1051,2026-11-22,T+45,6495,1426,7921,2026-10-08T04:03:20.231Z,FALSE,"",20:35,FALSE
fare_BOM-BLR_IX_2026-11-22_T+45_1791433399606_b0wn,BOM-BLR,EaseMyTrip,IX,IX-1519,2026-11-22,T+45,6495,1426,7921,2026-10-08T04:03:20.231Z,FALSE,"",17:45,FALSE
fare_BOM-BLR_IX_2026-11-22_T+45_1791433399606_2nad,BOM-BLR,EaseMyTrip,IX,IX-1361,2026-11-22,T+45,6495,1426,7921,2026-10-08T04:03:20.231Z,FALSE,"",16:35,FALSE
fare_BOM-BLR_6E_2026-11-22_T+45_1791433399606_it0u,BOM-BLR,EaseMyTrip,6E,6E-916,2026-11-22,T+45,6338,1391,7729,2026-10-08T04:03:20.231Z,FALSE,"",09:35,TRUE
fare_BOM-BLR_6E_2026-11-22_T+45_1791433399606_ghhm,BOM-BLR,EaseMyTrip,6E,6E-219,2026-11-22,T+45,6338,1391,7729,2026-10-08T04:03:20.231Z,FALSE,"",09:35,TRUE
fare_BOM-BLR_QP_2026-11-22_T+45_1791433399606_qo6u,BOM-BLR,EaseMyTrip,QP,QP-2003,2026-11-22,T+45,6394,1404,7798,2026-10-08T04:03:20.231Z,FALSE,"",18:35,TRUE
fare_BOM-BLR_QP_2026-11-22_T+45_1791433399606_qoql,BOM-BLR,EaseMyTrip,QP,QP-1336,2026-11-22,T+45,6402,1405,7807,2026-10-08T04:03:20.231Z,FALSE,"",23:10,TRUE
fare_BOM-BLR_6E_2026-11-22_T+45_1791433399606_oupy,BOM-BLR,EaseMyTrip,6E,6E-5388,2026-11-22,T+45,6480,1422,7902,2026-10-08T04:03:20.231Z,FALSE,"",22:50,TRUE
fare_BOM-BLR_AI_2026-11-22_T+45_1791433399606_26s7,BOM-BLR,EaseMyTrip,AI,AI-3305,2026-11-22,T+45,6731,1477,8208,2026-10-08T04:03:20.231Z,FALSE,"",23:40,TRUE
fare_BOM-BLR_QP_2026-11-22_T+45_1791433399606_7utf,BOM-BLR,EaseMyTrip,QP,QP-1314,2026-11-22,T+45,6645,1459,8104,2026-10-08T04:03:20.231Z,FALSE,"",12:30,TRUE
fare_BOM-BLR_6E_2026-11-22_T+45_1791433399606_klwm,BOM-BLR,EaseMyTrip,6E,6E-5188,2026-11-22,T+45,6654,1461,8115,2026-10-08T04:03:20.231Z,FALSE,"",07:15,FALSE
fare_BOM-BLR_6E_2026-11-22_T+45_1791433399606_mev3,BOM-BLR,EaseMyTrip,6E,6E-5085,2026-11-22,T+45,6654,1461,8115,2026-10-08T04:03:20.231Z,FALSE,"",13:05,FALSE
fare_BOM-BLR_6E_2026-11-22_T+45_1791433399606_eifi,BOM-BLR,EaseMyTrip,6E,6E-5059,2026-11-22,T+45,6654,1461,8115,2026-10-08T04:03:20.231Z,FALSE,"",16:45,FALSE
fare_BOM-BLR_6E_2026-11-22_T+45_1791433399606_7x18,BOM-BLR,EaseMyTrip,6E,6E-6352,2026-11-22,T+45,6654,1461,8115,2026-10-08T04:03:20.231Z,FALSE,"",15:40,FALSE
fare_BOM-BLR_6E_2026-11-22_T+45_1791433399606_0wrd,BOM-BLR,EaseMyTrip,6E,6E-5083,2026-11-22,T+45,6824,1498,8322,2026-10-08T04:03:20.231Z,FALSE,"",21:45,TRUE
fare_BOM-BLR_6E_2026-11-22_T+45_1791433399606_r85g,BOM-BLR,EaseMyTrip,6E,6E-2085,2026-11-22,T+45,6831,1500,8331,2026-10-08T04:03:20.231Z,FALSE,"",20:15,TRUE
fare_BOM-BLR_6E_2026-11-22_T+45_1791433399606_wlcj,BOM-BLR,EaseMyTrip,6E,6E-6365,2026-11-22,T+45,6883,1511,8394,2026-10-08T04:03:20.231Z,FALSE,"",12:00,FALSE
fare_BOM-BLR_AI_2026-11-22_T+45_1791433399606_otx7,BOM-BLR,EaseMyTrip,AI,AI-2401,2026-11-22,T+45,7097,1558,8655,2026-10-08T04:03:20.231Z,FALSE,"",20:45,TRUE
fare_BOM-BLR_QP_2026-11-22_T+45_1791433399606_lcoe,BOM-BLR,EaseMyTrip,QP,QP-1332,2026-11-22,T+45,6945,1524,8469,2026-10-08T04:03:20.231Z,FALSE,"",08:35,TRUE
fare_BOM-BLR_QP_2026-11-22_T+45_1791433399606_hj0z,BOM-BLR,EaseMyTrip,QP,QP-1133,2026-11-22,T+45,6945,1524,8469,2026-10-08T04:03:20.231Z,FALSE,"",19:00,TRUE
fare_BOM-BLR_QP_2026-11-22_T+45_1791433399606_0eoa,BOM-BLR,EaseMyTrip,QP,QP-1334,2026-11-22,T+45,6945,1524,8469,2026-10-08T04:03:20.231Z,FALSE,"",21:10,TRUE
fare_BOM-BLR_AI_2026-11-22_T+45_1791433399606_wqw9,BOM-BLR,EaseMyTrip,AI,AI-2589,2026-11-22,T+45,7328,1608,8936,2026-10-08T04:03:20.231Z,FALSE,"",19:25,FALSE
fare_BOM-BLR_6E_2026-11-22_T+45_1791433399606_hs4l,BOM-BLR,EaseMyTrip,6E,6E-5032,2026-11-22,T+45,7168,1574,8742,2026-10-08T04:03:20.231Z,FALSE,"",20:30,TRUE
fare_BOM-BLR_6E_2026-11-22_T+45_1791433399606_5d15,BOM-BLR,EaseMyTrip,6E,6E-5318,2026-11-22,T+45,7418,1628,9046,2026-10-08T04:03:20.231Z,FALSE,"",10:10,FALSE
fare_BOM-BLR_AI_2026-11-22_T+45_1791433399606_g0k5,BOM-BLR,EaseMyTrip,AI,AI-2863,2026-11-22,T+45,7751,1702,9453,2026-10-08T04:03:20.231Z,FALSE,"",09:55,TRUE
fare_BOM-BLR_AI_2026-11-22_T+45_1791433399606_pv5b,BOM-BLR,EaseMyTrip,AI,AI-2641,2026-11-22,T+45,7751,1702,9453,2026-10-08T04:03:20.231Z,FALSE,"",19:15,TRUE
fare_BOM-BLR_6E_2026-11-22_T+45_1791433399606_r8yj,BOM-BLR,EaseMyTrip,6E,6E-5092,2026-11-22,T+45,7599,1668,9267,2026-10-08T04:03:20.231Z,FALSE,"",09:40,TRUE
fare_BOM-BLR_6E_2026-11-22_T+45_1791433399606_sgst,BOM-BLR,EaseMyTrip,6E,6E-5337,2026-11-22,T+45,7676,1685,9361,2026-10-08T04:03:20.231Z,FALSE,"",14:30,FALSE
fare_BOM-BLR_AI_2026-11-22_T+45_1791433399606_lchf,BOM-BLR,EaseMyTrip,AI,AI-2505,2026-11-22,T+45,7930,1741,9671,2026-10-08T04:03:20.231Z,FALSE,"",21:20,FALSE
fare_BOM-BLR_6E_2026-11-22_T+45_1791433399606_dly8,BOM-BLR,EaseMyTrip,6E,6E-7041,2026-11-22,T+45,7805,1713,9518,2026-10-08T04:03:20.231Z,FALSE,"",06:55,FALSE
fare_BOM-BLR_6E_2026-11-22_T+45_1791433399606_s6x9,BOM-BLR,EaseMyTrip,6E,6E-5193,2026-11-22,T+45,8029,1763,9792,2026-10-08T04:03:20.231Z,FALSE,"",07:30,TRUE
fare_BOM-BLR_6E_2026-11-22_T+45_1791433399606_ij8f,BOM-BLR,EaseMyTrip,6E,6E-5323,2026-11-22,T+45,8029,1763,9792,2026-10-08T04:03:20.231Z,FALSE,"",00:45,TRUE
fare_BOM-BLR_6E_2026-11-22_T+45_1791433399606_o2sh,BOM-BLR,EaseMyTrip,6E,6E-5217,2026-11-22,T+45,8029,1763,9792,2026-10-08T04:03:20.231Z,FALSE,"",11:05,TRUE
fare_BOM-BLR_6E_2026-11-22_T+45_1791433399606_bg9y,BOM-BLR,EaseMyTrip,6E,6E-6284,2026-11-22,T+45,8029,1763,9792,2026-10-08T04:03:20.231Z,FALSE,"",02:15,TRUE
fare_BOM-BLR_6E_2026-11-22_T+45_1791433399606_3nn9,BOM-BLR,EaseMyTrip,6E,6E-5204,2026-11-22,T+45,8264,1814,10078,2026-10-08T04:03:20.231Z,FALSE,"",08:20,FALSE
fare_BOM-BLR_IX_2026-11-22_T+45_1791433399606_qcv8,BOM-BLR,EaseMyTrip,IX,IX-2213,2026-11-22,T+45,8525,1871,10396,2026-10-08T04:03:20.231Z,FALSE,"",19:40,FALSE
fare_BOM-BLR_6E_2026-11-22_T+45_1791433399606_bbp7,BOM-BLR,EaseMyTrip,6E,6E-5296,2026-11-22,T+45,8460,1857,10317,2026-10-08T04:03:20.231Z,FALSE,"",06:00,TRUE
fare_BOM-BLR_6E_2026-11-22_T+45_1791433399606_gq9r,BOM-BLR,EaseMyTrip,6E,6E-5257,2026-11-22,T+45,8460,1857,10317,2026-10-08T04:03:20.231Z,FALSE,"",12:30,TRUE
fare_BOM-BLR_IX_2026-11-22_T+45_1791433399606_rs0t,BOM-BLR,EaseMyTrip,IX,IX-2205,2026-11-22,T+45,9501,2085,11586,2026-10-08T04:03:20.231Z,FALSE,"",19:35,FALSE
fare_BOM-BLR_AI_2026-11-22_T+45_1791433399606_noe8,BOM-BLR,EaseMyTrip,AI,AI-2851,2026-11-22,T+45,8767,1924,10691,2026-10-08T04:03:20.231Z,FALSE,"",08:00,TRUE
fare_BOM-BLR_AI_2026-11-22_T+45_1791433399606_rp60,BOM-BLR,EaseMyTrip,AI,AI-2812,2026-11-22,T+45,8767,1924,10691,2026-10-08T04:03:20.231Z,FALSE,"",02:05,TRUE
fare_BOM-BLR_AI_2026-11-22_T+45_1791433399606_4336,BOM-BLR,EaseMyTrip,AI,AI-2603,2026-11-22,T+45,8767,1924,10691,2026-10-08T04:03:20.231Z,FALSE,"",06:35,TRUE
fare_BOM-BLR_AI_2026-11-22_T+45_1791433399606_iqk8,BOM-BLR,EaseMyTrip,AI,AI-2623,2026-11-22,T+45,8767,1924,10691,2026-10-08T04:03:20.231Z,FALSE,"",11:00,TRUE
fare_BOM-BLR_AI_2026-11-22_T+45_1791433399606_6yw7,BOM-BLR,EaseMyTrip,AI,AI-2621,2026-11-22,T+45,8767,1924,10691,2026-10-08T04:03:20.231Z,FALSE,"",14:00,TRUE
fare_BOM-BLR_AI_2026-11-22_T+45_1791433399606_srmh,BOM-BLR,EaseMyTrip,AI,AI-2484,2026-11-22,T+45,8767,1924,10691,2026-10-08T04:03:20.231Z,FALSE,"",18:00,TRUE
fare_BOM-BLR_AI_2026-11-22_T+45_1791433399606_6y0z,BOM-BLR,EaseMyTrip,AI,AI-2632,2026-11-22,T+45,8922,1959,10881,2026-10-08T04:03:20.231Z,FALSE,"",12:00,TRUE
fare_BOM-BLR_6E_2026-11-22_T+45_1791433399606_6xjd,BOM-BLR,EaseMyTrip,6E,6E-501,2026-11-22,T+45,8910,1956,10866,2026-10-08T04:03:20.231Z,FALSE,"",19:15,FALSE
fare_BOM-BLR_6E_2026-11-22_T+45_1791433399606_4rrn,BOM-BLR,EaseMyTrip,6E,6E-115,2026-11-22,T+45,8910,1956,10866,2026-10-08T04:03:20.231Z,FALSE,"",19:15,FALSE
fare_BOM-BLR_6E_2026-11-22_T+45_1791433399606_p75o,BOM-BLR,EaseMyTrip,6E,6E-5047,2026-11-22,T+45,8977,1970,10947,2026-10-08T04:03:20.231Z,FALSE,"",18:50,TRUE
fare_BOM-BLR_6E_2026-11-22_T+45_1791433399606_p313,BOM-BLR,EaseMyTrip,6E,6E-5071,2026-11-22,T+45,8977,1970,10947,2026-10-08T04:03:20.231Z,FALSE,"",16:20,TRUE
fare_BOM-BLR_AI_2026-11-22_T+45_1791433399606_yjxa,BOM-BLR,EaseMyTrip,AI,AI-2821,2026-11-22,T+45,9166,2012,11178,2026-10-08T04:03:20.231Z,FALSE,"",06:40,FALSE
fare_BOM-BLR_AI_2026-11-22_T+45_1791433399606_fgbg,BOM-BLR,EaseMyTrip,AI,AI-2739,2026-11-22,T+45,9316,2045,11361,2026-10-08T04:03:20.231Z,FALSE,"",08:00,FALSE
fare_BOM-BLR_AI_2026-11-22_T+45_1791433399606_uelh,BOM-BLR,EaseMyTrip,AI,AI-639,2026-11-22,T+45,9504,2086,11590,2026-10-08T04:03:20.231Z,FALSE,"",21:50,FALSE
fare_BOM-BLR_IX_2026-11-22_T+45_1791433399606_ryyr,BOM-BLR,EaseMyTrip,IX,IX-2201,2026-11-22,T+45,9637,2115,11752,2026-10-08T04:03:20.231Z,FALSE,"",05:15,FALSE
fare_BOM-BLR_6E_2026-11-22_T+45_1791433399606_m5s9,BOM-BLR,EaseMyTrip,6E,6E-5382,2026-11-22,T+45,9493,2084,11577,2026-10-08T04:03:20.231Z,FALSE,"",14:55,TRUE
fare_BOM-BLR_IX_2026-11-22_T+45_1791433399606_0ug5,BOM-BLR,EaseMyTrip,IX,IX-1275,2026-11-22,T+45,9757,2142,11899,2026-10-08T04:03:20.231Z,FALSE,"",11:15,FALSE
fare_BOM-BLR_AI_2026-11-22_T+45_1791433399606_5fj8,BOM-BLR,EaseMyTrip,AI,AI-2780,2026-11-22,T+45,9772,2145,11917,2026-10-08T04:03:20.231Z,FALSE,"",13:10,FALSE
fare_BOM-BLR_6E_2026-11-22_T+45_1791433399606_1fu0,BOM-BLR,EaseMyTrip,6E,6E-132,2026-11-22,T+45,9621,2112,11733,2026-10-08T04:03:20.231Z,FALSE,"",04:15,FALSE
fare_BOM-BLR_6E_2026-11-22_T+45_1791433399606_9djb,BOM-BLR,EaseMyTrip,6E,6E-485,2026-11-22,T+45,9621,2112,11733,2026-10-08T04:03:20.231Z,FALSE,"",04:15,FALSE
fare_BOM-BLR_6E_2026-11-22_T+45_1791433399606_gxe7,BOM-BLR,EaseMyTrip,6E,6E-2049,2026-11-22,T+45,9621,2112,11733,2026-10-08T04:03:20.231Z,FALSE,"",07:10,FALSE
fare_BOM-BLR_6E_2026-11-22_T+45_1791433399606_ffdn,BOM-BLR,EaseMyTrip,6E,6E-5228,2026-11-22,T+45,9767,2144,11911,2026-10-08T04:03:20.231Z,FALSE,"",16:40,FALSE
fare_BOM-BLR_6E_2026-11-22_T+45_1791433399606_t2za,BOM-BLR,EaseMyTrip,6E,6E-5179,2026-11-22,T+45,9902,2174,12076,2026-10-08T04:03:20.231Z,FALSE,"",02:30,FALSE
fare_BOM-BLR_AI_2026-11-22_T+45_1791433399606_9my3,BOM-BLR,EaseMyTrip,AI,AI-2855,2026-11-22,T+45,10136,2225,12361,2026-10-08T04:03:20.231Z,FALSE,"",13:40,FALSE
fare_BOM-BLR_IX_2026-11-22_T+45_1791433399606_ylyz,BOM-BLR,EaseMyTrip,IX,IX-2367,2026-11-22,T+45,10275,2255,12530,2026-10-08T04:03:20.231Z,FALSE,"",05:35,FALSE
fare_BOM-BLR_AI_2026-11-22_T+45_1791433399606_w8fx,BOM-BLR,EaseMyTrip,AI,AI-2853,2026-11-22,T+45,10690,2347,13037,2026-10-08T04:03:20.231Z,FALSE,"",15:35,TRUE
fare_BOM-BLR_AI_2026-11-22_T+45_1791433399606_czqi,BOM-BLR,EaseMyTrip,AI,AI-2849,2026-11-22,T+45,10690,2347,13037,2026-10-08T04:03:20.231Z,FALSE,"",17:30,TRUE
fare_BOM-BLR_6E_2026-11-22_T+45_1791433399606_yvyw,BOM-BLR,EaseMyTrip,6E,6E-6240,2026-11-22,T+45,10699,2348,13047,2026-10-08T04:03:20.231Z,FALSE,"",17:45,TRUE
fare_BOM-BLR_6E_2026-11-22_T+45_1791433399606_gl85,BOM-BLR,EaseMyTrip,6E,6E-5386,2026-11-22,T+45,10848,2381,13229,2026-10-08T04:03:20.231Z,FALSE,"",15:05,FALSE
fare_BOM-BLR_AI_2026-11-22_T+45_1791433399606_iox0,BOM-BLR,EaseMyTrip,AI,AI-2745,2026-11-22,T+45,11049,2425,13474,2026-10-08T04:03:20.231Z,FALSE,"",15:25,FALSE
fare_BOM-BLR_IX_2026-11-22_T+45_1791433399606_hjfr,BOM-BLR,EaseMyTrip,IX,IX-1213,2026-11-22,T+45,11258,2471,13729,2026-10-08T04:03:20.231Z,FALSE,"",06:35,FALSE
fare_BOM-BLR_6E_2026-11-22_T+45_1791433399606_k1xi,BOM-BLR,EaseMyTrip,6E,6E-5246,2026-11-22,T+45,11285,2477,13762,2026-10-08T04:03:20.231Z,FALSE,"",07:20,FALSE
fare_BOM-BLR_AI_2026-11-22_T+45_1791433399606_x47t,BOM-BLR,EaseMyTrip,AI,AI-2787,2026-11-22,T+45,11494,2523,14017,2026-10-08T04:03:20.231Z,FALSE,"",06:35,FALSE
fare_BOM-BLR_IX_2026-11-22_T+45_1791433399606_x1ta,BOM-BLR,EaseMyTrip,IX,IX-1050,2026-11-22,T+45,11712,2571,14283,2026-10-08T04:03:20.231Z,FALSE,"",05:30,FALSE
fare_BOM-BLR_AI_2026-11-22_T+45_1791433399606_vy5s,BOM-BLR,EaseMyTrip,AI,AI-2617,2026-11-22,T+45,11892,2610,14502,2026-10-08T04:03:20.231Z,FALSE,"",11:35,FALSE
fare_BOM-BLR_AI_2026-11-22_T+45_1791433399606_3o30,BOM-BLR,EaseMyTrip,AI,AI-2875,2026-11-22,T+45,12091,2654,14745,2026-10-08T04:03:20.231Z,FALSE,"",19:10,FALSE
fare_BOM-BLR_AI_2026-11-22_T+45_1791433399606_9phx,BOM-BLR,EaseMyTrip,AI,AI-2679,2026-11-22,T+45,12333,2707,15040,2026-10-08T04:03:20.231Z,FALSE,"",10:40,FALSE
fare_BOM-BLR_6E_2026-11-22_T+45_1791433399606_ij2w,BOM-BLR,EaseMyTrip,6E,6E-5183,2026-11-22,T+45,12246,2688,14934,2026-10-08T04:03:20.231Z,FALSE,"",16:15,FALSE
fare_BOM-BLR_SG_2026-11-22_T+45_1791433399606_hp15,BOM-BLR,EaseMyTrip,SG,SG-675,2026-11-22,T+45,12814,2813,15627,2026-10-08T04:03:20.231Z,FALSE,"",23:15,TRUE
fare_BOM-BLR_SG_2026-11-22_T+45_1791433399606_57zu,BOM-BLR,EaseMyTrip,SG,SG-920,2026-11-22,T+45,12814,2813,15627,2026-10-08T04:03:20.231Z,FALSE,"",23:15,TRUE
fare_BOM-BLR_SG_2026-11-22_T+45_1791433399606_0wqj,BOM-BLR,EaseMyTrip,SG,SG-439,2026-11-22,T+45,12814,2813,15627,2026-10-08T04:03:20.231Z,FALSE,"",00:30,TRUE
fare_BOM-BLR_SG_2026-11-22_T+45_1791433399606_22w1,BOM-BLR,EaseMyTrip,SG,SG-350,2026-11-22,T+45,12814,2813,15627,2026-10-08T04:03:20.231Z,FALSE,"",00:30,TRUE
fare_BOM-BLR_SG_2026-11-22_T+45_1791433399606_bm98,BOM-BLR,EaseMyTrip,SG,SG-947,2026-11-22,T+45,12814,2813,15627,2026-10-08T04:03:20.231Z,FALSE,"",16:10,TRUE
fare_BOM-BLR_SG_2026-11-22_T+45_1791433399606_i6in,BOM-BLR,EaseMyTrip,SG,SG-679,2026-11-22,T+45,12814,2813,15627,2026-10-08T04:03:20.231Z,FALSE,"",16:10,TRUE
fare_BOM-BLR_6E_2026-11-22_T+45_1791433399606_eljr,BOM-BLR,EaseMyTrip,6E,6E-6280,2026-11-22,T+45,12572,2760,15332,2026-10-08T04:03:20.231Z,FALSE,"",05:30,FALSE
fare_BOM-BLR_AI_2026-11-22_T+45_1791433399606_h1up,BOM-BLR,EaseMyTrip,AI,AI-603,2026-11-22,T+45,13122,2880,16002,2026-10-08T04:03:20.231Z,FALSE,"",05:10,FALSE
fare_BOM-BLR_AI_2026-11-22_T+45_1791433399606_eeq7,BOM-BLR,EaseMyTrip,AI,AI-2531,2026-11-22,T+45,13405,2943,16348,2026-10-08T04:03:20.231Z,FALSE,"",15:05,FALSE
fare_BOM-BLR_IX_2026-11-22_T+45_1791433399606_suhe,BOM-BLR,EaseMyTrip,IX,IX-1549,2026-11-22,T+45,13798,3029,16827,2026-10-08T04:03:20.231Z,FALSE,"",14:25,TRUE
fare_BOM-BLR_IX_2026-11-22_T+45_1791433399606_p8fu,BOM-BLR,EaseMyTrip,IX,IX-2211,2026-11-22,T+45,13848,3040,16888,2026-10-08T04:03:20.231Z,FALSE,"",06:15,FALSE
fare_BOM-BLR_6E_2026-11-22_T+45_1791433399606_63je,BOM-BLR,EaseMyTrip,6E,6E-6701,2026-11-22,T+45,13796,3028,16824,2026-10-08T04:03:20.231Z,FALSE,"",12:30,FALSE
fare_BOM-BLR_AI_2026-11-22_T+45_1791433399606_idet,BOM-BLR,EaseMyTrip,AI,AI-2749,2026-11-22,T+45,14758,3240,17998,2026-10-08T04:03:20.231Z,FALSE,"",17:35,FALSE
fare_BOM-BLR_AI_2026-11-22_T+45_1791433399606_zjbp,BOM-BLR,EaseMyTrip,AI,AI-2605,2026-11-22,T+45,16199,3556,19755,2026-10-08T04:03:20.231Z,FALSE,"",06:30,FALSE
fare_BOM-BLR_AI_2026-11-22_T+45_1791433399606_5kxv,BOM-BLR,EaseMyTrip,AI,AI-2445,2026-11-22,T+45,16282,3574,19856,2026-10-08T04:03:20.231Z,FALSE,"",15:30,FALSE
fare_BOM-BLR_IX_2026-11-22_T+45_1791433399606_9whe,BOM-BLR,EaseMyTrip,IX,IX-1464,2026-11-22,T+45,19594,4301,23895,2026-10-08T04:03:20.231Z,FALSE,"",05:30,FALSE
fare_BOM-BLR_IX_2026-11-22_T+45_1791433399606_6c0p,BOM-BLR,EaseMyTrip,IX,IX-1026,2026-11-22,T+45,19468,4274,23742,2026-10-08T04:03:20.231Z,FALSE,"",11:10,FALSE
fare_BOM-BLR_IX_2026-11-22_T+45_1791433399606_flas,BOM-BLR,EaseMyTrip,IX,IX-2209,2026-11-22,T+45,19872,4362,24234,2026-10-08T04:03:20.231Z,FALSE,"",06:50,FALSE
fare_BOM-BLR_AI_2026-11-22_T+45_1791433399606_b4hv,BOM-BLR,EaseMyTrip,AI,AI-2681,2026-11-22,T+45,20234,4441,24675,2026-10-08T04:03:20.231Z,TRUE,"High outlier: ₹24675 > upper fence ₹24598 (Q3: ₹14887, IQR: ₹6474)",11:25,FALSE
fare_BOM-BLR_IX_2026-11-22_T+45_1791433399606_vnpz,BOM-BLR,EaseMyTrip,IX,IX-1671,2026-11-22,T+45,21117,4635,25752,2026-10-08T04:03:20.231Z,TRUE,"High outlier: ₹25752 > upper fence ₹24598 (Q3: ₹14887, IQR: ₹6474)",17:20,FALSE
fare_BOM-BLR_IX_2026-11-22_T+45_1791433399606_x5gf,BOM-BLR,EaseMyTrip,IX,IX-1176,2026-11-22,T+45,22138,4860,26998,2026-10-08T04:03:20.231Z,TRUE,"High outlier: ₹26998 > upper fence ₹24598 (Q3: ₹14887, IQR: ₹6474)",09:45,FALSE
fare_BOM-BLR_IX_2026-11-22_T+45_1791433399606_s0ik,BOM-BLR,EaseMyTrip,IX,IX-1219,2026-11-22,T+45,23440,5145,28585,2026-10-08T04:03:20.231Z,TRUE,"High outlier: ₹28585 > upper fence ₹24598 (Q3: ₹14887, IQR: ₹6474)",09:50,FALSE
fare_BOM-BLR_IX_2026-11-22_T+45_1791433399606_2bmp,BOM-BLR,EaseMyTrip,IX,IX-1357,2026-11-22,T+45,23869,5240,29109,2026-10-08T04:03:20.231Z,TRUE,"High outlier: ₹29109 > upper fence ₹24598 (Q3: ₹14887, IQR: ₹6474)",14:40,FALSE
fare_BOM-BLR_AI_2026-11-22_T+45_1791433399606_0wer,BOM-BLR,EaseMyTrip,AI,AI-2741,2026-11-22,T+45,23992,5267,29259,2026-10-08T04:03:20.231Z,TRUE,"High outlier: ₹29259 > upper fence ₹24598 (Q3: ₹14887, IQR: ₹6474)",07:40,FALSE
fare_BOM-BLR_AI_2026-11-22_T+45_1791433399606_k11l,BOM-BLR,EaseMyTrip,AI,AI-2771,2026-11-22,T+45,24744,5432,30176,2026-10-08T04:03:20.231Z,TRUE,"High outlier: ₹30176 > upper fence ₹24598 (Q3: ₹14887, IQR: ₹6474)",06:55,FALSE
fare_BOM-BLR_IX_2026-11-22_T+45_1791433399606_ew5j,BOM-BLR,EaseMyTrip,IX,IX-1237,2026-11-22,T+45,25417,5579,30996,2026-10-08T04:03:20.231Z,TRUE,"High outlier: ₹30996 > upper fence ₹24598 (Q3: ₹14887, IQR: ₹6474)",13:10,FALSE
fare_BOM-BLR_AI_2026-11-22_T+45_1791433399606_yemm,BOM-BLR,EaseMyTrip,AI,AI-2639,2026-11-22,T+45,26639,5848,32487,2026-10-08T04:03:20.231Z,TRUE,"High outlier: ₹32487 > upper fence ₹24598 (Q3: ₹14887, IQR: ₹6474)",06:10,FALSE
fare_BOM-BLR_AI_2026-11-22_T+45_1791433399606_5xk2,BOM-BLR,EaseMyTrip,AI,AI-2789,2026-11-22,T+45,28133,6175,34308,2026-10-08T04:03:20.231Z,TRUE,"High outlier: ₹34308 > upper fence ₹24598 (Q3: ₹14887, IQR: ₹6474)",10:55,FALSE
fare_BOM-BLR_IX_2026-10-15_T+7_1791433399606_payj,BOM-BLR,EaseMyTrip,IX,IX-1347,2026-10-15,T+7,3972,872,4844,2026-10-08T04:03:01.700Z,FALSE,"",06:20,TRUE
fare_BOM-BLR_QP_2026-10-15_T+7_1791433399606_e2c7,BOM-BLR,EaseMyTrip,QP,QP-2005,2026-10-15,T+7,4125,905,5030,2026-10-08T04:03:01.700Z,FALSE,"",06:00,TRUE
fare_BOM-BLR_QP_2026-10-15_T+7_1791433399607_hx2k,BOM-BLR,EaseMyTrip,QP,QP-1516,2026-10-15,T+7,4141,909,5050,2026-10-08T04:03:01.700Z,FALSE,"",00:40,TRUE
fare_BOM-BLR_AI_2026-10-15_T+7_1791433399607_ob2x,BOM-BLR,EaseMyTrip,AI,AI-2812,2026-10-15,T+7,4353,955,5308,2026-10-08T04:03:01.700Z,FALSE,"",02:05,TRUE
fare_BOM-BLR_QP_2026-10-15_T+7_1791433399607_b4ke,BOM-BLR,EaseMyTrip,QP,QP-1149,2026-10-15,T+7,4304,945,5249,2026-10-08T04:03:01.700Z,FALSE,"",05:35,TRUE
fare_BOM-BLR_6E_2026-10-15_T+7_1791433399607_9yyl,BOM-BLR,EaseMyTrip,6E,6E-5323,2026-10-15,T+7,4313,947,5260,2026-10-08T04:03:01.700Z,FALSE,"",01:10,TRUE
fare_BOM-BLR_6E_2026-10-15_T+7_1791433399607_ixp8,BOM-BLR,EaseMyTrip,6E,6E-5294,2026-10-15,T+7,4313,947,5260,2026-10-08T04:03:01.700Z,FALSE,"",04:30,TRUE
fare_BOM-BLR_6E_2026-10-15_T+7_1791433399607_ac1k,BOM-BLR,EaseMyTrip,6E,6E-6361,2026-10-15,T+7,4991,1096,6087,2026-10-08T04:03:01.700Z,FALSE,"",05:00,FALSE
fare_BOM-BLR_6E_2026-10-15_T+7_1791433399607_6ctl,BOM-BLR,EaseMyTrip,6E,6E-5241,2026-10-15,T+7,4991,1096,6087,2026-10-08T04:03:01.700Z,FALSE,"",16:40,FALSE
fare_BOM-BLR_6E_2026-10-15_T+7_1791433399607_kln1,BOM-BLR,EaseMyTrip,6E,6E-739,2026-10-15,T+7,4991,1096,6087,2026-10-08T04:03:01.700Z,FALSE,"",13:55,FALSE
fare_BOM-BLR_6E_2026-10-15_T+7_1791433399607_haxl,BOM-BLR,EaseMyTrip,6E,6E-763,2026-10-15,T+7,4991,1096,6087,2026-10-08T04:03:01.700Z,FALSE,"",13:55,FALSE
fare_BOM-BLR_6E_2026-10-15_T+7_1791433399607_9ics,BOM-BLR,EaseMyTrip,6E,6E-2085,2026-10-15,T+7,5115,1123,6238,2026-10-08T04:03:01.700Z,FALSE,"",07:10,TRUE
fare_BOM-BLR_6E_2026-10-15_T+7_1791433399607_drw7,BOM-BLR,EaseMyTrip,6E,6E-724,2026-10-15,T+7,5150,1131,6281,2026-10-08T04:03:01.700Z,FALSE,"",10:40,FALSE
fare_BOM-BLR_6E_2026-10-15_T+7_1791433399607_8vk6,BOM-BLR,EaseMyTrip,6E,6E-5178,2026-10-15,T+7,5185,1138,6323,2026-10-08T04:03:01.700Z,FALSE,"",11:45,FALSE
fare_BOM-BLR_6E_2026-10-15_T+7_1791433399607_f93h,BOM-BLR,EaseMyTrip,6E,6E-5179,2026-10-15,T+7,5185,1138,6323,2026-10-08T04:03:01.700Z,FALSE,"",02:45,FALSE
fare_BOM-BLR_6E_2026-10-15_T+7_1791433399607_xl4c,BOM-BLR,EaseMyTrip,6E,6E-5318,2026-10-15,T+7,5185,1138,6323,2026-10-08T04:03:01.700Z,FALSE,"",10:15,FALSE
fare_BOM-BLR_6E_2026-10-15_T+7_1791433399607_10eb,BOM-BLR,EaseMyTrip,6E,6E-830,2026-10-15,T+7,5296,1163,6459,2026-10-08T04:03:01.700Z,FALSE,"",10:40,FALSE
fare_BOM-BLR_6E_2026-10-15_T+7_1791433399607_h1av,BOM-BLR,EaseMyTrip,6E,6E-834,2026-10-15,T+7,5296,1163,6459,2026-10-08T04:03:01.700Z,FALSE,"",10:40,FALSE
fare_BOM-BLR_6E_2026-10-15_T+7_1791433399607_1xsv,BOM-BLR,EaseMyTrip,6E,6E-6802,2026-10-15,T+7,5378,1181,6559,2026-10-08T04:03:01.700Z,FALSE,"",16:55,FALSE
fare_BOM-BLR_6E_2026-10-15_T+7_1791433399607_44tt,BOM-BLR,EaseMyTrip,6E,6E-104,2026-10-15,T+7,5443,1195,6638,2026-10-08T04:03:01.700Z,FALSE,"",04:05,FALSE
fare_BOM-BLR_6E_2026-10-15_T+7_1791433399607_klan,BOM-BLR,EaseMyTrip,6E,6E-170,2026-10-15,T+7,5443,1195,6638,2026-10-08T04:03:01.700Z,FALSE,"",04:05,FALSE
fare_BOM-BLR_6E_2026-10-15_T+7_1791433399607_dfgy,BOM-BLR,EaseMyTrip,6E,6E-5126,2026-10-15,T+7,5443,1195,6638,2026-10-08T04:03:01.700Z,FALSE,"",18:15,FALSE
fare_BOM-BLR_6E_2026-10-15_T+7_1791433399607_gg0e,BOM-BLR,EaseMyTrip,6E,6E-486,2026-10-15,T+7,5443,1195,6638,2026-10-08T04:03:01.700Z,FALSE,"",12:35,FALSE
fare_BOM-BLR_6E_2026-10-15_T+7_1791433399607_wrhe,BOM-BLR,EaseMyTrip,6E,6E-196,2026-10-15,T+7,5443,1195,6638,2026-10-08T04:03:01.700Z,FALSE,"",12:35,FALSE
fare_BOM-BLR_6E_2026-10-15_T+7_1791433399607_h2dg,BOM-BLR,EaseMyTrip,6E,6E-802,2026-10-15,T+7,5443,1195,6638,2026-10-08T04:03:01.700Z,FALSE,"",01:30,FALSE
fare_BOM-BLR_6E_2026-10-15_T+7_1791433399607_caop,BOM-BLR,EaseMyTrip,6E,6E-933,2026-10-15,T+7,5443,1195,6638,2026-10-08T04:03:01.700Z,FALSE,"",01:30,FALSE
fare_BOM-BLR_6E_2026-10-15_T+7_1791433399607_nv7p,BOM-BLR,EaseMyTrip,6E,6E-6701,2026-10-15,T+7,5443,1195,6638,2026-10-08T04:03:01.700Z,FALSE,"",05:35,FALSE
fare_BOM-BLR_6E_2026-10-15_T+7_1791433399607_p2fw,BOM-BLR,EaseMyTrip,6E,6E-549,2026-10-15,T+7,5443,1195,6638,2026-10-08T04:03:01.700Z,FALSE,"",17:10,FALSE
fare_BOM-BLR_6E_2026-10-15_T+7_1791433399607_uyz6,BOM-BLR,EaseMyTrip,6E,6E-548,2026-10-15,T+7,5443,1195,6638,2026-10-08T04:03:01.700Z,FALSE,"",17:10,FALSE
fare_BOM-BLR_6E_2026-10-15_T+7_1791433399607_7orq,BOM-BLR,EaseMyTrip,6E,6E-6349,2026-10-15,T+7,5443,1195,6638,2026-10-08T04:03:01.700Z,FALSE,"",11:40,FALSE
fare_BOM-BLR_6E_2026-10-15_T+7_1791433399607_hr3a,BOM-BLR,EaseMyTrip,6E,6E-5313,2026-10-15,T+7,5443,1195,6638,2026-10-08T04:03:01.700Z,FALSE,"",09:50,FALSE
fare_BOM-BLR_6E_2026-10-15_T+7_1791433399607_kjnj,BOM-BLR,EaseMyTrip,6E,6E-775,2026-10-15,T+7,5443,1195,6638,2026-10-08T04:03:01.700Z,FALSE,"",04:05,FALSE
fare_BOM-BLR_6E_2026-10-15_T+7_1791433399607_rccm,BOM-BLR,EaseMyTrip,6E,6E-115,2026-10-15,T+7,5443,1195,6638,2026-10-08T04:03:01.700Z,FALSE,"",04:05,FALSE
fare_BOM-BLR_6E_2026-10-15_T+7_1791433399607_kz8n,BOM-BLR,EaseMyTrip,6E,6E-2284,2026-10-15,T+7,5443,1195,6638,2026-10-08T04:03:01.700Z,FALSE,"",12:05,FALSE
fare_BOM-BLR_6E_2026-10-15_T+7_1791433399607_v91d,BOM-BLR,EaseMyTrip,6E,6E-5109,2026-10-15,T+7,5443,1195,6638,2026-10-08T04:03:01.700Z,FALSE,"",09:35,FALSE
fare_BOM-BLR_6E_2026-10-15_T+7_1791433399607_euoc,BOM-BLR,EaseMyTrip,6E,6E-6029,2026-10-15,T+7,5512,1210,6722,2026-10-08T04:03:01.700Z,FALSE,"",12:05,TRUE
fare_BOM-BLR_6E_2026-10-15_T+7_1791433399607_1rc9,BOM-BLR,EaseMyTrip,6E,6E-6674,2026-10-15,T+7,5551,1218,6769,2026-10-08T04:03:01.700Z,FALSE,"",09:05,FALSE
fare_BOM-BLR_AI_2026-10-15_T+7_1791433399607_a5lj,BOM-BLR,EaseMyTrip,AI,AI-2845,2026-10-15,T+7,5729,1257,6986,2026-10-08T04:03:01.700Z,FALSE,"",05:30,TRUE
fare_BOM-BLR_6E_2026-10-15_T+7_1791433399607_3imk,BOM-BLR,EaseMyTrip,6E,6E-5273,2026-10-15,T+7,5637,1237,6874,2026-10-08T04:03:01.700Z,FALSE,"",18:35,FALSE
fare_BOM-BLR_6E_2026-10-15_T+7_1791433399607_n8tt,BOM-BLR,EaseMyTrip,6E,6E-5082,2026-10-15,T+7,5760,1264,7024,2026-10-08T04:03:01.700Z,FALSE,"",18:05,FALSE
fare_BOM-BLR_6E_2026-10-15_T+7_1791433399607_17bq,BOM-BLR,EaseMyTrip,6E,6E-5107,2026-10-15,T+7,5809,1275,7084,2026-10-08T04:03:01.700Z,FALSE,"",20:00,FALSE
fare_BOM-BLR_QP_2026-10-15_T+7_1791433399607_cbwj,BOM-BLR,EaseMyTrip,QP,QP-1518,2026-10-15,T+7,5903,1296,7199,2026-10-08T04:03:01.700Z,FALSE,"",21:45,TRUE
fare_BOM-BLR_QP_2026-10-15_T+7_1791433399607_wly5,BOM-BLR,EaseMyTrip,QP,QP-1133,2026-10-15,T+7,5903,1296,7199,2026-10-08T04:03:01.700Z,FALSE,"",19:40,TRUE
fare_BOM-BLR_6E_2026-10-15_T+7_1791433399607_evks,BOM-BLR,EaseMyTrip,6E,6E-5296,2026-10-15,T+7,5963,1309,7272,2026-10-08T04:03:01.700Z,FALSE,"",06:15,TRUE
fare_BOM-BLR_6E_2026-10-15_T+7_1791433399607_ekf1,BOM-BLR,EaseMyTrip,6E,6E-6188,2026-10-15,T+7,5963,1309,7272,2026-10-08T04:03:01.700Z,FALSE,"",21:30,TRUE
fare_BOM-BLR_6E_2026-10-15_T+7_1791433399607_86r3,BOM-BLR,EaseMyTrip,6E,6E-5382,2026-10-15,T+7,5963,1309,7272,2026-10-08T04:03:01.700Z,FALSE,"",14:30,TRUE
fare_BOM-BLR_6E_2026-10-15_T+7_1791433399607_u90m,BOM-BLR,EaseMyTrip,6E,6E-5184,2026-10-15,T+7,5963,1309,7272,2026-10-08T04:03:01.700Z,FALSE,"",12:30,TRUE
fare_BOM-BLR_6E_2026-10-15_T+7_1791433399607_brb8,BOM-BLR,EaseMyTrip,6E,6E-5221,2026-10-15,T+7,5963,1309,7272,2026-10-08T04:03:01.700Z,FALSE,"",17:00,TRUE
fare_BOM-BLR_6E_2026-10-15_T+7_1791433399607_wa7a,BOM-BLR,EaseMyTrip,6E,6E-5217,2026-10-15,T+7,5963,1309,7272,2026-10-08T04:03:01.700Z,FALSE,"",11:00,TRUE
fare_BOM-BLR_6E_2026-10-15_T+7_1791433399607_91co,BOM-BLR,EaseMyTrip,6E,6E-5388,2026-10-15,T+7,5963,1309,7272,2026-10-08T04:03:01.700Z,FALSE,"",22:20,TRUE
fare_BOM-BLR_6E_2026-10-15_T+7_1791433399607_ngqe,BOM-BLR,EaseMyTrip,6E,6E-5193,2026-10-15,T+7,5963,1309,7272,2026-10-08T04:03:01.700Z,FALSE,"",07:45,TRUE
fare_BOM-BLR_6E_2026-10-15_T+7_1791433399607_s1oa,BOM-BLR,EaseMyTrip,6E,6E-5092,2026-10-15,T+7,5963,1309,7272,2026-10-08T04:03:01.700Z,FALSE,"",09:50,TRUE
fare_BOM-BLR_IX_2026-10-15_T+7_1791433399607_gql7,BOM-BLR,EaseMyTrip,IX,IX-1810,2026-10-15,T+7,6442,1414,7856,2026-10-08T04:03:01.700Z,FALSE,"",13:40,FALSE
fare_BOM-BLR_IX_2026-10-15_T+7_1791433399607_7zcb,BOM-BLR,EaseMyTrip,IX,IX-1797,2026-10-15,T+7,6442,1414,7856,2026-10-08T04:03:01.700Z,FALSE,"",05:05,FALSE
fare_BOM-BLR_IX_2026-10-15_T+7_1791433399607_81fc,BOM-BLR,EaseMyTrip,IX,IX-1026,2026-10-15,T+7,6442,1414,7856,2026-10-08T04:03:01.700Z,FALSE,"",05:50,FALSE
fare_BOM-BLR_IX_2026-10-15_T+7_1791433399607_wpa8,BOM-BLR,EaseMyTrip,IX,IX-1280,2026-10-15,T+7,6442,1414,7856,2026-10-08T04:03:01.700Z,FALSE,"",06:10,FALSE
fare_BOM-BLR_AI_2026-10-15_T+7_1791433399607_hw24,BOM-BLR,EaseMyTrip,AI,AI-2857,2026-10-15,T+7,6339,1392,7731,2026-10-08T04:03:01.700Z,FALSE,"",23:30,TRUE
fare_BOM-BLR_AI_2026-10-15_T+7_1791433399607_s3ha,BOM-BLR,EaseMyTrip,AI,AI-2853,2026-10-15,T+7,6339,1392,7731,2026-10-08T04:03:01.700Z,FALSE,"",15:25,TRUE
fare_BOM-BLR_6E_2026-10-15_T+7_1791433399607_mfv6,BOM-BLR,EaseMyTrip,6E,6E-7037,2026-10-15,T+7,6190,1359,7549,2026-10-08T04:03:01.700Z,FALSE,"",11:05,FALSE
fare_BOM-BLR_6E_2026-10-15_T+7_1791433399607_d491,BOM-BLR,EaseMyTrip,6E,6E-7077,2026-10-15,T+7,6190,1359,7549,2026-10-08T04:03:01.700Z,FALSE,"",13:15,FALSE
fare_BOM-BLR_6E_2026-10-15_T+7_1791433399607_n906,BOM-BLR,EaseMyTrip,6E,6E-2016,2026-10-15,T+7,6212,1364,7576,2026-10-08T04:03:01.700Z,FALSE,"",13:35,FALSE
fare_BOM-BLR_6E_2026-10-15_T+7_1791433399607_p0of,BOM-BLR,EaseMyTrip,6E,6E-5196,2026-10-15,T+7,6212,1364,7576,2026-10-08T04:03:01.700Z,FALSE,"",15:25,FALSE
fare_BOM-BLR_6E_2026-10-15_T+7_1791433399607_rhim,BOM-BLR,EaseMyTrip,6E,6E-5337,2026-10-15,T+7,6212,1364,7576,2026-10-08T04:03:01.700Z,FALSE,"",13:45,FALSE
fare_BOM-BLR_6E_2026-10-15_T+7_1791433399607_ijj4,BOM-BLR,EaseMyTrip,6E,6E-5071,2026-10-15,T+7,6221,1366,7587,2026-10-08T04:03:01.700Z,FALSE,"",15:35,TRUE
fare_BOM-BLR_AI_2026-10-15_T+7_1791433399607_k3al,BOM-BLR,EaseMyTrip,AI,AI-2603,2026-10-15,T+7,6555,1439,7994,2026-10-08T04:03:01.700Z,FALSE,"",06:35,TRUE
fare_BOM-BLR_AI_2026-10-15_T+7_1791433399607_zzgr,BOM-BLR,EaseMyTrip,AI,AI-2849,2026-10-15,T+7,6555,1439,7994,2026-10-08T04:03:01.700Z,FALSE,"",17:30,TRUE
fare_BOM-BLR_AI_2026-10-15_T+7_1791433399607_r74r,BOM-BLR,EaseMyTrip,AI,AI-603,2026-10-15,T+7,6780,1488,8268,2026-10-08T04:03:01.700Z,FALSE,"",05:10,FALSE
fare_BOM-BLR_AI_2026-10-15_T+7_1791433399607_gp8u,BOM-BLR,EaseMyTrip,AI,AI-2505,2026-10-15,T+7,6852,1504,8356,2026-10-08T04:03:01.700Z,FALSE,"",19:25,FALSE
fare_BOM-BLR_6E_2026-10-15_T+7_1791433399607_n62u,BOM-BLR,EaseMyTrip,6E,6E-504,2026-10-15,T+7,6689,1468,8157,2026-10-08T04:03:01.700Z,FALSE,"",11:20,FALSE
fare_BOM-BLR_6E_2026-10-15_T+7_1791433399607_bd7g,BOM-BLR,EaseMyTrip,6E,6E-797,2026-10-15,T+7,6689,1468,8157,2026-10-08T04:03:01.700Z,FALSE,"",11:20,FALSE
fare_BOM-BLR_AI_2026-10-15_T+7_1791433399607_q3mx,BOM-BLR,EaseMyTrip,AI,AI-2863,2026-10-15,T+7,6914,1518,8432,2026-10-08T04:03:01.700Z,FALSE,"",10:00,TRUE
fare_BOM-BLR_6E_2026-10-15_T+7_1791433399607_7f1u,BOM-BLR,EaseMyTrip,6E,6E-5047,2026-10-15,T+7,6824,1498,8322,2026-10-08T04:03:01.700Z,FALSE,"",18:30,TRUE
fare_BOM-BLR_IX_2026-10-15_T+7_1791433399607_mezx,BOM-BLR,EaseMyTrip,IX,IX-1242,2026-10-15,T+7,7025,1542,8567,2026-10-08T04:03:01.700Z,FALSE,"",16:30,FALSE
fare_BOM-BLR_AI_2026-10-15_T+7_1791433399607_8asx,BOM-BLR,EaseMyTrip,AI,AI-2641,2026-10-15,T+7,7028,1543,8571,2026-10-08T04:03:01.700Z,FALSE,"",18:30,TRUE
fare_BOM-BLR_AI_2026-10-15_T+7_1791433399607_vl8h,BOM-BLR,EaseMyTrip,AI,AI-2632,2026-10-15,T+7,7053,1548,8601,2026-10-08T04:03:01.700Z,FALSE,"",12:00,TRUE
fare_BOM-BLR_AI_2026-10-15_T+7_1791433399607_1tn1,BOM-BLR,EaseMyTrip,AI,AI-2851,2026-10-15,T+7,7053,1548,8601,2026-10-08T04:03:01.700Z,FALSE,"",07:55,TRUE
fare_BOM-BLR_6E_2026-10-15_T+7_1791433399607_9dtt,BOM-BLR,EaseMyTrip,6E,6E-5048,2026-10-15,T+7,7141,1568,8709,2026-10-08T04:03:01.700Z,FALSE,"",17:25,FALSE
fare_BOM-BLR_6E_2026-10-15_T+7_1791433399607_0uny,BOM-BLR,EaseMyTrip,6E,6E-5032,2026-10-15,T+7,7168,1574,8742,2026-10-08T04:03:01.700Z,FALSE,"",19:50,TRUE
fare_BOM-BLR_6E_2026-10-15_T+7_1791433399607_0thz,BOM-BLR,EaseMyTrip,6E,6E-5188,2026-10-15,T+7,7676,1685,9361,2026-10-08T04:03:01.700Z,FALSE,"",06:15,FALSE
fare_BOM-BLR_AI_2026-10-15_T+7_1791433399607_zbdn,BOM-BLR,EaseMyTrip,AI,AI-2477,2026-10-15,T+7,8410,1846,10256,2026-10-08T04:03:01.700Z,FALSE,"",13:05,FALSE
fare_BOM-BLR_IX_2026-10-15_T+7_1791433399607_8aiy,BOM-BLR,EaseMyTrip,IX,IX-5986,2026-10-15,T+7,8479,1861,10340,2026-10-08T04:03:01.700Z,FALSE,"",08:45,TRUE
fare_BOM-BLR_AI_2026-10-15_T+7_1791433399607_3239,BOM-BLR,EaseMyTrip,AI,AI-598,2026-10-15,T+7,8612,1890,10502,2026-10-08T04:03:01.700Z,FALSE,"",15:35,FALSE
fare_BOM-BLR_AI_2026-10-15_T+7_1791433399607_8fgo,BOM-BLR,EaseMyTrip,AI,AI-2865,2026-10-15,T+7,8722,1914,10636,2026-10-08T04:03:01.700Z,FALSE,"",19:45,TRUE
fare_BOM-BLR_AI_2026-10-15_T+7_1791433399607_iwqe,BOM-BLR,EaseMyTrip,AI,AI-2444,2026-10-15,T+7,8764,1924,10688,2026-10-08T04:03:01.700Z,FALSE,"",10:50,FALSE
fare_BOM-BLR_AI_2026-10-15_T+7_1791433399607_aq2j,BOM-BLR,EaseMyTrip,AI,AI-2625,2026-10-15,T+7,8764,1924,10688,2026-10-08T04:03:01.700Z,FALSE,"",06:00,FALSE
fare_BOM-BLR_AI_2026-10-15_T+7_1791433399607_mexe,BOM-BLR,EaseMyTrip,AI,AI-2401,2026-10-15,T+7,9109,1999,11108,2026-10-08T04:03:01.700Z,FALSE,"",20:45,TRUE
fare_BOM-BLR_AI_2026-10-15_T+7_1791433399607_pval,BOM-BLR,EaseMyTrip,AI,AI-2869,2026-10-15,T+7,9162,2011,11173,2026-10-08T04:03:01.700Z,FALSE,"",21:25,FALSE
fare_BOM-BLR_IX_2026-10-15_T+7_1791433399607_w0qb,BOM-BLR,EaseMyTrip,IX,IX-1671,2026-10-15,T+7,9293,2040,11333,2026-10-08T04:03:01.700Z,FALSE,"",16:45,FALSE
fare_BOM-BLR_IX_2026-10-15_T+7_1791433399607_y6xr,BOM-BLR,EaseMyTrip,IX,IX-1050,2026-10-15,T+7,9293,2040,11333,2026-10-08T04:03:01.700Z,FALSE,"",14:45,FALSE
fare_BOM-BLR_AI_2026-10-15_T+7_1791433399607_votr,BOM-BLR,EaseMyTrip,AI,AI-417,2026-10-15,T+7,9208,2021,11229,2026-10-08T04:03:01.700Z,FALSE,"",08:55,FALSE
fare_BOM-BLR_AI_2026-10-15_T+7_1791433399607_bnlw,BOM-BLR,EaseMyTrip,AI,AI-2780,2026-10-15,T+7,9215,2023,11238,2026-10-08T04:03:01.700Z,FALSE,"",14:00,FALSE
fare_BOM-BLR_AI_2026-10-15_T+7_1791433399607_uhav,BOM-BLR,EaseMyTrip,AI,AI-2531,2026-10-15,T+7,9255,2031,11286,2026-10-08T04:03:01.700Z,FALSE,"",15:05,FALSE
fare_BOM-BLR_6E_2026-10-15_T+7_1791433399607_3ms9,BOM-BLR,EaseMyTrip,6E,6E-6057,2026-10-15,T+7,9363,2055,11418,2026-10-08T04:03:01.700Z,FALSE,"",09:15,FALSE
fare_BOM-BLR_6E_2026-10-15_T+7_1791433399607_nkag,BOM-BLR,EaseMyTrip,6E,6E-6362,2026-10-15,T+7,9363,2055,11418,2026-10-08T04:03:01.700Z,FALSE,"",05:45,FALSE
fare_BOM-BLR_AI_2026-10-15_T+7_1791433399607_d9ih,BOM-BLR,EaseMyTrip,AI,AI-639,2026-10-15,T+7,9585,2104,11689,2026-10-08T04:03:01.700Z,FALSE,"",22:55,FALSE
fare_BOM-BLR_AI_2026-10-15_T+7_1791433399607_7lbx,BOM-BLR,EaseMyTrip,AI,AI-2787,2026-10-15,T+7,10202,2240,12442,2026-10-08T04:03:01.700Z,FALSE,"",06:35,FALSE
fare_BOM-BLR_6E_2026-10-15_T+7_1791433399607_iapm,BOM-BLR,EaseMyTrip,6E,6E-5386,2026-10-15,T+7,10144,2227,12371,2026-10-08T04:03:01.700Z,FALSE,"",15:10,FALSE
fare_BOM-BLR_6E_2026-10-15_T+7_1791433399607_0amx,BOM-BLR,EaseMyTrip,6E,6E-5228,2026-10-15,T+7,10144,2227,12371,2026-10-08T04:03:01.700Z,FALSE,"",16:45,FALSE
fare_BOM-BLR_AI_2026-10-15_T+7_1791433399607_iyzk,BOM-BLR,EaseMyTrip,AI,AI-2855,2026-10-15,T+7,10384,2279,12663,2026-10-08T04:03:01.700Z,FALSE,"",10:00,FALSE
fare_BOM-BLR_IX_2026-10-15_T+7_1791433399607_c4en,BOM-BLR,EaseMyTrip,IX,IX-1809,2026-10-15,T+7,10818,2375,13193,2026-10-08T04:03:01.700Z,FALSE,"",07:35,FALSE
fare_BOM-BLR_IX_2026-10-15_T+7_1791433399607_um6e,BOM-BLR,EaseMyTrip,IX,IX-1023,2026-10-15,T+7,11036,2422,13458,2026-10-08T04:03:01.700Z,FALSE,"",11:25,FALSE
fare_BOM-BLR_AI_2026-10-15_T+7_1791433399607_fvu2,BOM-BLR,EaseMyTrip,AI,AI-2821,2026-10-15,T+7,12070,2649,14719,2026-10-08T04:03:01.700Z,FALSE,"",06:40,FALSE
fare_BOM-BLR_IX_2026-10-15_T+7_1791433399607_z4vd,BOM-BLR,EaseMyTrip,IX,IX-1237,2026-10-15,T+7,12504,2745,15249,2026-10-08T04:03:01.700Z,FALSE,"",05:55,FALSE
fare_BOM-BLR_AI_2026-10-15_T+7_1791433399607_xzxy,BOM-BLR,EaseMyTrip,AI,AI-2841,2026-10-15,T+7,12513,2747,15260,2026-10-08T04:03:01.700Z,FALSE,"",11:20,FALSE
fare_BOM-BLR_IX_2026-10-15_T+7_1791433399607_em6t,BOM-BLR,EaseMyTrip,IX,IX-1176,2026-10-15,T+7,12571,2759,15330,2026-10-08T04:03:01.700Z,FALSE,"",11:20,FALSE
fare_BOM-BLR_AI_2026-10-15_T+7_1791433399607_gw18,BOM-BLR,EaseMyTrip,AI,AI-2619,2026-10-15,T+7,13079,2871,15950,2026-10-08T04:03:01.700Z,FALSE,"",18:00,FALSE
fare_BOM-BLR_IX_2026-10-15_T+7_1791433399607_bojq,BOM-BLR,EaseMyTrip,IX,IX-1238,2026-10-15,T+7,13115,2879,15994,2026-10-08T04:03:01.700Z,FALSE,"",12:30,FALSE
fare_BOM-BLR_AI_2026-10-15_T+7_1791433399607_sdil,BOM-BLR,EaseMyTrip,AI,AI-2952,2026-10-15,T+7,13399,2941,16340,2026-10-08T04:03:01.700Z,FALSE,"",11:25,FALSE
fare_BOM-BLR_AI_2026-10-15_T+7_1791433399607_8400,BOM-BLR,EaseMyTrip,AI,AI-2422,2026-10-15,T+7,13652,2997,16649,2026-10-08T04:03:01.700Z,FALSE,"",01:00,FALSE
fare_BOM-BLR_AI_2026-10-15_T+7_1791433399607_9mv7,BOM-BLR,EaseMyTrip,AI,AI-2944,2026-10-15,T+7,13652,2997,16649,2026-10-08T04:03:01.700Z,FALSE,"",14:35,FALSE
fare_BOM-BLR_AI_2026-10-15_T+7_1791433399607_vhnb,BOM-BLR,EaseMyTrip,AI,AI-1851,2026-10-15,T+7,13652,2997,16649,2026-10-08T04:03:01.700Z,FALSE,"",15:30,FALSE
fare_BOM-BLR_AI_2026-10-15_T+7_1791433399607_a0sg,BOM-BLR,EaseMyTrip,AI,AI-816,2026-10-15,T+7,13805,3030,16835,2026-10-08T04:03:01.700Z,FALSE,"",21:00,FALSE
fare_BOM-BLR_IX_2026-10-15_T+7_1791433399607_jy2x,BOM-BLR,EaseMyTrip,IX,IX-1364,2026-10-15,T+7,14038,3081,17119,2026-10-08T04:03:01.700Z,FALSE,"",21:55,FALSE
fare_BOM-BLR_IX_2026-10-15_T+7_1791433399607_zf7e,BOM-BLR,EaseMyTrip,IX,IX-2153,2026-10-15,T+7,14038,3081,17119,2026-10-08T04:03:01.700Z,FALSE,"",20:25,FALSE
fare_BOM-BLR_AI_2026-10-15_T+7_1791433399607_5g32,BOM-BLR,EaseMyTrip,AI,AI-2432,2026-10-15,T+7,14072,3089,17161,2026-10-08T04:03:01.700Z,FALSE,"",09:30,FALSE
fare_BOM-BLR_AI_2026-10-15_T+7_1791433399607_p4o9,BOM-BLR,EaseMyTrip,AI,AI-2424,2026-10-15,T+7,14180,3113,17293,2026-10-08T04:03:01.700Z,FALSE,"",07:00,FALSE
fare_BOM-BLR_AI_2026-10-15_T+7_1791433399607_k550,BOM-BLR,EaseMyTrip,AI,AI-2988,2026-10-15,T+7,14449,3172,17621,2026-10-08T04:03:01.700Z,FALSE,"",20:30,FALSE
fare_BOM-BLR_AI_2026-10-15_T+7_1791433399607_001a,BOM-BLR,EaseMyTrip,AI,AI-2677,2026-10-15,T+7,14471,3177,17648,2026-10-08T04:03:01.700Z,FALSE,"",13:00,FALSE
fare_BOM-BLR_AI_2026-10-15_T+7_1791433399607_n56d,BOM-BLR,EaseMyTrip,AI,AI-2928,2026-10-15,T+7,15957,3503,19460,2026-10-08T04:03:01.700Z,TRUE,"High outlier: ₹19460 > upper fence ₹18376 (Q3: ₹11333, IQR: ₹4695)",06:30,FALSE
fare_BOM-BLR_AI_2026-10-15_T+7_1791433399607_pdxo,BOM-BLR,EaseMyTrip,AI,AI-2771,2026-10-15,T+7,16401,3600,20001,2026-10-08T04:03:01.700Z,TRUE,"High outlier: ₹20001 > upper fence ₹18376 (Q3: ₹11333, IQR: ₹4695)",06:55,FALSE
fare_BOM-BLR_AI_2026-10-15_T+7_1791433399607_yt53,BOM-BLR,EaseMyTrip,AI,AI-2741,2026-10-15,T+7,18426,4045,22471,2026-10-08T04:03:01.700Z,TRUE,"High outlier: ₹22471 > upper fence ₹18376 (Q3: ₹11333, IQR: ₹4695)",07:40,FALSE
fare_BOM-BLR_AI_2026-10-15_T+7_1791433399607_3agn,BOM-BLR,EaseMyTrip,AI,AI-2663,2026-10-15,T+7,20950,4599,25549,2026-10-08T04:03:01.700Z,TRUE,"High outlier: ₹25549 > upper fence ₹18376 (Q3: ₹11333, IQR: ₹4695)",10:25,FALSE
fare_BOM-DEL_6E_2026-10-09_T+1_1791433399607_6chm,BOM-DEL,EaseMyTrip,6E,6E-5095,2026-10-09,T+1,5273,1157,6430,2026-10-08T04:01:24.574Z,FALSE,"",09:20,TRUE
fare_BOM-DEL_QP_2026-10-09_T+1_1791433399607_az51,BOM-DEL,EaseMyTrip,QP,QP-1109,2026-10-09,T+1,5446,1195,6641,2026-10-08T04:01:24.574Z,FALSE,"",07:00,TRUE
fare_BOM-DEL_QP_2026-10-09_T+1_1791433399607_hk5s,BOM-DEL,EaseMyTrip,QP,QP-1127,2026-10-09,T+1,5544,1217,6761,2026-10-08T04:01:24.574Z,FALSE,"",13:00,TRUE
fare_BOM-DEL_SG_2026-10-09_T+1_1791433399607_0pnk,BOM-DEL,EaseMyTrip,SG,SG-2803,2026-10-09,T+1,5829,1280,7109,2026-10-08T04:01:24.574Z,FALSE,"",01:50,TRUE
fare_BOM-DEL_6E_2026-10-09_T+1_1791433399607_s7t4,BOM-DEL,EaseMyTrip,6E,6E-6045,2026-10-09,T+1,5639,1238,6877,2026-10-08T04:01:24.574Z,FALSE,"",03:00,TRUE
fare_BOM-DEL_6E_2026-10-09_T+1_1791433399607_jabh,BOM-DEL,EaseMyTrip,6E,6E-6028,2026-10-09,T+1,5639,1238,6877,2026-10-08T04:01:24.574Z,FALSE,"",12:15,TRUE
fare_BOM-DEL_6E_2026-10-09_T+1_1791433399607_dsvb,BOM-DEL,EaseMyTrip,6E,6E-765,2026-10-09,T+1,5639,1238,6877,2026-10-08T04:01:24.574Z,FALSE,"",05:00,TRUE
fare_BOM-DEL_6E_2026-10-09_T+1_1791433399607_tv17,BOM-DEL,EaseMyTrip,6E,6E-737,2026-10-09,T+1,5639,1238,6877,2026-10-08T04:01:24.574Z,FALSE,"",05:00,TRUE
fare_BOM-DEL_6E_2026-10-09_T+1_1791433399607_b46y,BOM-DEL,EaseMyTrip,6E,6E-390,2026-10-09,T+1,5639,1238,6877,2026-10-08T04:01:24.574Z,FALSE,"",15:00,TRUE
fare_BOM-DEL_6E_2026-10-09_T+1_1791433399607_mwcm,BOM-DEL,EaseMyTrip,6E,6E-166,2026-10-09,T+1,5639,1238,6877,2026-10-08T04:01:24.574Z,FALSE,"",15:00,TRUE
fare_BOM-DEL_6E_2026-10-09_T+1_1791433399607_4lv0,BOM-DEL,EaseMyTrip,6E,6E-6704,2026-10-09,T+1,5639,1238,6877,2026-10-08T04:01:24.574Z,FALSE,"",14:00,TRUE
fare_BOM-DEL_6E_2026-10-09_T+1_1791433399607_1jkc,BOM-DEL,EaseMyTrip,6E,6E-371,2026-10-09,T+1,5639,1238,6877,2026-10-08T04:01:24.574Z,FALSE,"",13:00,TRUE
fare_BOM-DEL_6E_2026-10-09_T+1_1791433399607_gcs0,BOM-DEL,EaseMyTrip,6E,6E-426,2026-10-09,T+1,5639,1238,6877,2026-10-08T04:01:24.574Z,FALSE,"",13:00,TRUE
fare_BOM-DEL_6E_2026-10-09_T+1_1791433399607_o03k,BOM-DEL,EaseMyTrip,6E,6E-6827,2026-10-09,T+1,5639,1238,6877,2026-10-08T04:01:24.574Z,FALSE,"",11:30,TRUE
fare_BOM-DEL_6E_2026-10-09_T+1_1791433399607_atha,BOM-DEL,EaseMyTrip,6E,6E-974,2026-10-09,T+1,5639,1238,6877,2026-10-08T04:01:24.574Z,FALSE,"",10:35,TRUE
fare_BOM-DEL_6E_2026-10-09_T+1_1791433399607_86ho,BOM-DEL,EaseMyTrip,6E,6E-761,2026-10-09,T+1,5639,1238,6877,2026-10-08T04:01:24.574Z,FALSE,"",10:35,TRUE
fare_BOM-DEL_QP_2026-10-09_T+1_1791433399607_iwvv,BOM-DEL,EaseMyTrip,QP,QP-1834,2026-10-09,T+1,5644,1239,6883,2026-10-08T04:01:24.574Z,FALSE,"",10:25,TRUE
fare_BOM-DEL_AI_2026-10-09_T+1_1791433399607_phs1,BOM-DEL,EaseMyTrip,AI,AI-2422,2026-10-09,T+1,5857,1286,7143,2026-10-08T04:01:24.574Z,FALSE,"",01:00,TRUE
fare_BOM-DEL_AI_2026-10-09_T+1_1791433399607_uier,BOM-DEL,EaseMyTrip,AI,AI-2452,2026-10-09,T+1,5857,1286,7143,2026-10-08T04:01:24.574Z,FALSE,"",03:05,TRUE
fare_BOM-DEL_QP_2026-10-09_T+1_1791433399607_m3q5,BOM-DEL,EaseMyTrip,QP,QP-1819,2026-10-09,T+1,5766,1266,7032,2026-10-08T04:01:24.574Z,FALSE,"",14:30,TRUE
fare_BOM-DEL_6E_2026-10-09_T+1_1791433399607_gr1z,BOM-DEL,EaseMyTrip,6E,6E-392,2026-10-09,T+1,5769,1266,7035,2026-10-08T04:01:24.574Z,FALSE,"",06:00,TRUE
fare_BOM-DEL_6E_2026-10-09_T+1_1791433399607_9mef,BOM-DEL,EaseMyTrip,6E,6E-361,2026-10-09,T+1,5769,1266,7035,2026-10-08T04:01:24.574Z,FALSE,"",06:00,TRUE
fare_BOM-DEL_6E_2026-10-09_T+1_1791433399607_xhi2,BOM-DEL,EaseMyTrip,6E,6E-776,2026-10-09,T+1,5769,1266,7035,2026-10-08T04:01:24.574Z,FALSE,"",07:00,TRUE
fare_BOM-DEL_6E_2026-10-09_T+1_1791433399607_gukr,BOM-DEL,EaseMyTrip,6E,6E-929,2026-10-09,T+1,5769,1266,7035,2026-10-08T04:01:24.574Z,FALSE,"",07:00,TRUE
fare_BOM-DEL_6E_2026-10-09_T+1_1791433399607_n2rr,BOM-DEL,EaseMyTrip,6E,6E-6052,2026-10-09,T+1,5769,1266,7035,2026-10-08T04:01:24.574Z,FALSE,"",10:00,TRUE
fare_BOM-DEL_AI_2026-10-09_T+1_1791433399608_b092,BOM-DEL,EaseMyTrip,AI,AI-2928,2026-10-09,T+1,5939,1304,7243,2026-10-08T04:01:24.574Z,FALSE,"",06:30,TRUE
fare_BOM-DEL_AI_2026-10-09_T+1_1791433399608_k75z,BOM-DEL,EaseMyTrip,AI,AI-2677,2026-10-09,T+1,5939,1304,7243,2026-10-08T04:01:24.574Z,FALSE,"",13:00,TRUE
fare_BOM-DEL_AI_2026-10-09_T+1_1791433399608_h4cr,BOM-DEL,EaseMyTrip,AI,AI-2432,2026-10-09,T+1,5939,1304,7243,2026-10-08T04:01:24.574Z,FALSE,"",09:30,TRUE
fare_BOM-DEL_AI_2026-10-09_T+1_1791433399608_kirc,BOM-DEL,EaseMyTrip,AI,AI-2430,2026-10-09,T+1,5939,1304,7243,2026-10-08T04:01:24.574Z,FALSE,"",10:00,TRUE
fare_BOM-DEL_AI_2026-10-09_T+1_1791433399608_l2ds,BOM-DEL,EaseMyTrip,AI,AI-2944,2026-10-09,T+1,5939,1304,7243,2026-10-08T04:01:24.574Z,FALSE,"",14:35,TRUE
fare_BOM-DEL_AI_2026-10-09_T+1_1791433399608_xxfm,BOM-DEL,EaseMyTrip,AI,AI-2442,2026-10-09,T+1,5939,1304,7243,2026-10-08T04:01:24.574Z,FALSE,"",15:00,TRUE
fare_BOM-DEL_AI_2026-10-09_T+1_1791433399608_hpyt,BOM-DEL,EaseMyTrip,AI,AI-2952,2026-10-09,T+1,5939,1304,7243,2026-10-08T04:01:24.574Z,FALSE,"",11:25,TRUE
fare_BOM-DEL_6E_2026-10-09_T+1_1791433399608_al6b,BOM-DEL,EaseMyTrip,6E,6E-5197,2026-10-09,T+1,5984,1313,7297,2026-10-08T04:01:24.574Z,FALSE,"",06:40,TRUE
fare_BOM-DEL_AI_2026-10-09_T+1_1791433399608_fdcp,BOM-DEL,EaseMyTrip,AI,AI-2424,2026-10-09,T+1,6154,1351,7505,2026-10-08T04:01:24.574Z,FALSE,"",07:00,TRUE
fare_BOM-DEL_AI_2026-10-09_T+1_1791433399608_uepu,BOM-DEL,EaseMyTrip,AI,AI-2930,2026-10-09,T+1,6154,1351,7505,2026-10-08T04:01:24.574Z,FALSE,"",07:30,TRUE
fare_BOM-DEL_AI_2026-10-09_T+1_1791433399608_f9c4,BOM-DEL,EaseMyTrip,AI,AI-2428,2026-10-09,T+1,6154,1351,7505,2026-10-08T04:01:24.574Z,FALSE,"",08:00,TRUE
fare_BOM-DEL_AI_2026-10-09_T+1_1791433399608_jlff,BOM-DEL,EaseMyTrip,AI,AI-2970,2026-10-09,T+1,6154,1351,7505,2026-10-08T04:01:24.574Z,FALSE,"",08:30,TRUE
fare_BOM-DEL_6E_2026-10-09_T+1_1791433399608_s4o5,BOM-DEL,EaseMyTrip,6E,6E-959,2026-10-09,T+1,6156,1351,7507,2026-10-08T04:01:24.574Z,FALSE,"",08:00,TRUE
fare_BOM-DEL_6E_2026-10-09_T+1_1791433399608_thpz,BOM-DEL,EaseMyTrip,6E,6E-425,2026-10-09,T+1,6156,1351,7507,2026-10-08T04:01:24.574Z,FALSE,"",08:00,TRUE
fare_BOM-DEL_6E_2026-10-09_T+1_1791433399608_zdwv,BOM-DEL,EaseMyTrip,6E,6E-943,2026-10-09,T+1,6156,1351,7507,2026-10-08T04:01:24.574Z,FALSE,"",09:00,TRUE
fare_BOM-DEL_6E_2026-10-09_T+1_1791433399608_pncr,BOM-DEL,EaseMyTrip,6E,6E-739,2026-10-09,T+1,6156,1351,7507,2026-10-08T04:01:24.574Z,FALSE,"",09:00,TRUE
fare_BOM-DEL_6E_2026-10-09_T+1_1791433399608_d83w,BOM-DEL,EaseMyTrip,6E,6E-2090,2026-10-09,T+1,6457,1417,7874,2026-10-08T04:01:24.574Z,FALSE,"",06:25,TRUE
fare_BOM-DEL_SG_2026-10-09_T+1_1791433399608_5q0x,BOM-DEL,EaseMyTrip,SG,SG-385,2026-10-09,T+1,6779,1488,8267,2026-10-08T04:01:24.574Z,FALSE,"",23:25,TRUE
fare_BOM-DEL_SG_2026-10-09_T+1_1791433399608_nnhm,BOM-DEL,EaseMyTrip,SG,SG-926,2026-10-09,T+1,6779,1488,8267,2026-10-08T04:01:24.574Z,FALSE,"",23:25,TRUE
fare_BOM-DEL_6E_2026-10-09_T+1_1791433399608_itwh,BOM-DEL,EaseMyTrip,6E,6E-999,2026-10-09,T+1,6672,1465,8137,2026-10-08T04:01:24.574Z,FALSE,"",16:00,TRUE
fare_BOM-DEL_6E_2026-10-09_T+1_1791433399608_1ey9,BOM-DEL,EaseMyTrip,6E,6E-939,2026-10-09,T+1,6672,1465,8137,2026-10-08T04:01:24.574Z,FALSE,"",16:00,TRUE
fare_BOM-DEL_AI_2026-10-09_T+1_1791433399608_i3ug,BOM-DEL,EaseMyTrip,AI,AI-1851,2026-10-09,T+1,6972,1531,8503,2026-10-08T04:01:24.574Z,FALSE,"",15:30,TRUE
fare_BOM-DEL_6E_2026-10-09_T+1_1791433399608_0xox,BOM-DEL,EaseMyTrip,6E,6E-5059,2026-10-09,T+1,7100,1559,8659,2026-10-08T04:01:24.574Z,FALSE,"",05:45,FALSE
fare_BOM-DEL_6E_2026-10-09_T+1_1791433399608_0a6t,BOM-DEL,EaseMyTrip,6E,6E-369,2026-10-09,T+1,7100,1559,8659,2026-10-08T04:01:24.574Z,FALSE,"",14:40,FALSE
fare_BOM-DEL_6E_2026-10-09_T+1_1791433399608_9l2k,BOM-DEL,EaseMyTrip,6E,6E-448,2026-10-09,T+1,7100,1559,8659,2026-10-08T04:01:24.574Z,FALSE,"",14:40,FALSE
fare_BOM-DEL_6E_2026-10-09_T+1_1791433399608_ns9u,BOM-DEL,EaseMyTrip,6E,6E-399,2026-10-09,T+1,7100,1559,8659,2026-10-08T04:01:24.574Z,FALSE,"",01:30,FALSE
fare_BOM-DEL_6E_2026-10-09_T+1_1791433399608_9t1j,BOM-DEL,EaseMyTrip,6E,6E-680,2026-10-09,T+1,7100,1559,8659,2026-10-08T04:01:24.574Z,FALSE,"",01:30,FALSE
fare_BOM-DEL_6E_2026-10-09_T+1_1791433399608_h0hj,BOM-DEL,EaseMyTrip,6E,6E-596,2026-10-09,T+1,7100,1559,8659,2026-10-08T04:01:24.574Z,FALSE,"",04:00,FALSE
fare_BOM-DEL_6E_2026-10-09_T+1_1791433399608_d0j0,BOM-DEL,EaseMyTrip,6E,6E-597,2026-10-09,T+1,7100,1559,8659,2026-10-08T04:01:24.574Z,FALSE,"",04:00,FALSE
fare_BOM-DEL_6E_2026-10-09_T+1_1791433399608_hsfj,BOM-DEL,EaseMyTrip,6E,6E-5144,2026-10-09,T+1,7100,1559,8659,2026-10-08T04:01:24.574Z,FALSE,"",06:10,FALSE
fare_BOM-DEL_6E_2026-10-09_T+1_1791433399608_hnvp,BOM-DEL,EaseMyTrip,6E,6E-5107,2026-10-09,T+1,7100,1559,8659,2026-10-08T04:01:24.574Z,FALSE,"",20:00,FALSE
fare_BOM-DEL_AI_2026-10-09_T+1_1791433399608_mk6o,BOM-DEL,EaseMyTrip,AI,AI-1891,2026-10-09,T+1,7353,1614,8967,2026-10-08T04:01:24.574Z,FALSE,"",08:10,TRUE
fare_BOM-DEL_6E_2026-10-09_T+1_1791433399608_3nrx,BOM-DEL,EaseMyTrip,6E,6E-5147,2026-10-09,T+1,7294,1601,8895,2026-10-08T04:01:24.574Z,FALSE,"",18:35,FALSE
fare_BOM-DEL_IX_2026-10-09_T+1_1791433399608_8xt3,BOM-DEL,EaseMyTrip,IX,IX-1050,2026-10-09,T+1,7490,1644,9134,2026-10-08T04:01:24.574Z,FALSE,"",14:45,TRUE
fare_BOM-DEL_6E_2026-10-09_T+1_1791433399608_p812,BOM-DEL,EaseMyTrip,6E,6E-5177,2026-10-09,T+1,7359,1615,8974,2026-10-08T04:01:24.574Z,FALSE,"",19:10,FALSE
fare_BOM-DEL_6E_2026-10-09_T+1_1791433399608_4669,BOM-DEL,EaseMyTrip,6E,6E-522,2026-10-09,T+1,7359,1615,8974,2026-10-08T04:01:24.574Z,FALSE,"",04:30,FALSE
fare_BOM-DEL_6E_2026-10-09_T+1_1791433399608_30o3,BOM-DEL,EaseMyTrip,6E,6E-879,2026-10-09,T+1,7359,1615,8974,2026-10-08T04:01:24.574Z,FALSE,"",04:30,FALSE
fare_BOM-DEL_6E_2026-10-09_T+1_1791433399608_swl6,BOM-DEL,EaseMyTrip,6E,6E-613,2026-10-09,T+1,7439,1633,9072,2026-10-08T04:01:24.574Z,FALSE,"",07:05,FALSE
fare_BOM-DEL_6E_2026-10-09_T+1_1791433399608_wno3,BOM-DEL,EaseMyTrip,6E,6E-750,2026-10-09,T+1,7439,1633,9072,2026-10-08T04:01:24.574Z,FALSE,"",07:05,FALSE
fare_BOM-DEL_6E_2026-10-09_T+1_1791433399608_thz1,BOM-DEL,EaseMyTrip,6E,6E-644,2026-10-09,T+1,7439,1633,9072,2026-10-08T04:01:24.574Z,FALSE,"",07:05,FALSE
fare_BOM-DEL_6E_2026-10-09_T+1_1791433399608_s92n,BOM-DEL,EaseMyTrip,6E,6E-730,2026-10-09,T+1,7439,1633,9072,2026-10-08T04:01:24.574Z,FALSE,"",07:05,FALSE
fare_BOM-DEL_6E_2026-10-09_T+1_1791433399608_148n,BOM-DEL,EaseMyTrip,6E,6E-6543,2026-10-09,T+1,7498,1646,9144,2026-10-08T04:01:24.574Z,FALSE,"",07:50,FALSE
fare_BOM-DEL_6E_2026-10-09_T+1_1791433399608_zz50,BOM-DEL,EaseMyTrip,6E,6E-689,2026-10-09,T+1,7531,1653,9184,2026-10-08T04:01:24.574Z,FALSE,"",07:05,FALSE
fare_BOM-DEL_6E_2026-10-09_T+1_1791433399608_qf3t,BOM-DEL,EaseMyTrip,6E,6E-742,2026-10-09,T+1,7531,1653,9184,2026-10-08T04:01:24.574Z,FALSE,"",07:05,FALSE
fare_BOM-DEL_6E_2026-10-09_T+1_1791433399608_90l0,BOM-DEL,EaseMyTrip,6E,6E-330,2026-10-09,T+1,7531,1653,9184,2026-10-08T04:01:24.574Z,FALSE,"",13:35,FALSE
fare_BOM-DEL_6E_2026-10-09_T+1_1791433399608_h07d,BOM-DEL,EaseMyTrip,6E,6E-142,2026-10-09,T+1,7531,1653,9184,2026-10-08T04:01:24.574Z,FALSE,"",13:35,FALSE
fare_BOM-DEL_6E_2026-10-09_T+1_1791433399608_shn5,BOM-DEL,EaseMyTrip,6E,6E-5238,2026-10-09,T+1,7531,1653,9184,2026-10-08T04:01:24.574Z,FALSE,"",18:25,FALSE
fare_BOM-DEL_6E_2026-10-09_T+1_1791433399608_p1c6,BOM-DEL,EaseMyTrip,6E,6E-2138,2026-10-09,T+1,7531,1653,9184,2026-10-08T04:01:24.574Z,FALSE,"",16:20,FALSE
fare_BOM-DEL_6E_2026-10-09_T+1_1791433399608_p44l,BOM-DEL,EaseMyTrip,6E,6E-592,2026-10-09,T+1,7531,1653,9184,2026-10-08T04:01:24.574Z,FALSE,"",13:35,FALSE
fare_BOM-DEL_6E_2026-10-09_T+1_1791433399608_423s,BOM-DEL,EaseMyTrip,6E,6E-291,2026-10-09,T+1,7531,1653,9184,2026-10-08T04:01:24.574Z,FALSE,"",13:35,FALSE
fare_BOM-DEL_6E_2026-10-09_T+1_1791433399608_3eoz,BOM-DEL,EaseMyTrip,6E,6E-5179,2026-10-09,T+1,7552,1658,9210,2026-10-08T04:01:24.574Z,FALSE,"",02:45,FALSE
fare_BOM-DEL_6E_2026-10-09_T+1_1791433399608_e6mh,BOM-DEL,EaseMyTrip,6E,6E-492,2026-10-09,T+1,7692,1688,9380,2026-10-08T04:01:24.574Z,FALSE,"",13:35,FALSE
fare_BOM-DEL_6E_2026-10-09_T+1_1791433399608_ubp9,BOM-DEL,EaseMyTrip,6E,6E-676,2026-10-09,T+1,7692,1688,9380,2026-10-08T04:01:24.574Z,FALSE,"",13:35,FALSE
fare_BOM-DEL_6E_2026-10-09_T+1_1791433399608_qd20,BOM-DEL,EaseMyTrip,6E,6E-5181,2026-10-09,T+1,7824,1717,9541,2026-10-08T04:01:24.574Z,FALSE,"",10:25,FALSE
fare_BOM-DEL_6E_2026-10-09_T+1_1791433399608_p3fh,BOM-DEL,EaseMyTrip,6E,6E-5028,2026-10-09,T+1,7888,1732,9620,2026-10-08T04:01:24.574Z,FALSE,"",19:35,FALSE
fare_BOM-DEL_6E_2026-10-09_T+1_1791433399608_ybi1,BOM-DEL,EaseMyTrip,6E,6E-5131,2026-10-09,T+1,7973,1750,9723,2026-10-08T04:01:24.574Z,FALSE,"",15:50,FALSE
fare_BOM-DEL_6E_2026-10-09_T+1_1791433399608_7bim,BOM-DEL,EaseMyTrip,6E,6E-7017,2026-10-09,T+1,8061,1769,9830,2026-10-08T04:01:24.574Z,FALSE,"",21:30,FALSE
fare_BOM-DEL_IX_2026-10-09_T+1_1791433399608_e4ou,BOM-DEL,EaseMyTrip,IX,IX-1797,2026-10-09,T+1,8957,1966,10923,2026-10-08T04:01:24.574Z,FALSE,"",05:05,FALSE
fare_BOM-DEL_6E_2026-10-09_T+1_1791433399608_n740,BOM-DEL,EaseMyTrip,6E,6E-548,2026-10-09,T+1,8266,1814,10080,2026-10-08T04:01:24.574Z,FALSE,"",23:45,TRUE
fare_BOM-DEL_6E_2026-10-09_T+1_1791433399608_0f9e,BOM-DEL,EaseMyTrip,6E,6E-640,2026-10-09,T+1,8266,1814,10080,2026-10-08T04:01:24.574Z,FALSE,"",23:45,TRUE
fare_BOM-DEL_6E_2026-10-09_T+1_1791433399608_ega9,BOM-DEL,EaseMyTrip,6E,6E-744,2026-10-09,T+1,8384,1840,10224,2026-10-08T04:01:24.574Z,FALSE,"",12:40,FALSE
fare_BOM-DEL_6E_2026-10-09_T+1_1791433399608_4351,BOM-DEL,EaseMyTrip,6E,6E-174,2026-10-09,T+1,8384,1840,10224,2026-10-08T04:01:24.574Z,FALSE,"",12:40,FALSE
fare_BOM-DEL_6E_2026-10-09_T+1_1791433399608_nmtx,BOM-DEL,EaseMyTrip,6E,6E-6058,2026-10-09,T+1,8402,1844,10246,2026-10-08T04:01:24.574Z,FALSE,"",08:05,FALSE
fare_BOM-DEL_6E_2026-10-09_T+1_1791433399608_k7eg,BOM-DEL,EaseMyTrip,6E,6E-991,2026-10-09,T+1,8466,1858,10324,2026-10-08T04:01:24.574Z,FALSE,"",08:40,FALSE
fare_BOM-DEL_6E_2026-10-09_T+1_1791433399608_cnfb,BOM-DEL,EaseMyTrip,6E,6E-665,2026-10-09,T+1,8466,1858,10324,2026-10-08T04:01:24.574Z,FALSE,"",08:40,FALSE
fare_BOM-DEL_AI_2026-10-09_T+1_1791433399608_wgg1,BOM-DEL,EaseMyTrip,AI,AI-1882,2026-10-09,T+1,8681,1906,10587,2026-10-08T04:01:24.574Z,FALSE,"",23:55,TRUE
fare_BOM-DEL_QP_2026-10-09_T+1_1791433399608_tatw,BOM-DEL,EaseMyTrip,QP,QP-1825,2026-10-09,T+1,8596,1887,10483,2026-10-08T04:01:24.574Z,FALSE,"",16:55,TRUE
fare_BOM-DEL_6E_2026-10-09_T+1_1791433399608_4kuh,BOM-DEL,EaseMyTrip,6E,6E-2347,2026-10-09,T+1,8840,1941,10781,2026-10-08T04:01:24.574Z,FALSE,"",08:50,FALSE
fare_BOM-DEL_6E_2026-10-09_T+1_1791433399608_1iwt,BOM-DEL,EaseMyTrip,6E,6E-299,2026-10-09,T+1,8868,1947,10815,2026-10-08T04:01:24.574Z,FALSE,"",17:20,TRUE
fare_BOM-DEL_6E_2026-10-09_T+1_1791433399608_40hs,BOM-DEL,EaseMyTrip,6E,6E-769,2026-10-09,T+1,8868,1947,10815,2026-10-08T04:01:24.574Z,FALSE,"",17:20,TRUE
fare_BOM-DEL_IX_2026-10-09_T+1_1791433399608_fhco,BOM-DEL,EaseMyTrip,IX,IX-1787,2026-10-09,T+1,9091,1995,11086,2026-10-08T04:01:24.574Z,FALSE,"",13:10,FALSE
fare_BOM-DEL_IX_2026-10-09_T+1_1791433399608_pobi,BOM-DEL,EaseMyTrip,IX,IX-1026,2026-10-09,T+1,9159,2010,11169,2026-10-08T04:01:24.574Z,FALSE,"",05:50,FALSE
fare_BOM-DEL_6E_2026-10-09_T+1_1791433399608_3qtj,BOM-DEL,EaseMyTrip,6E,6E-5164,2026-10-09,T+1,9034,1983,11017,2026-10-08T04:01:24.574Z,FALSE,"",20:05,FALSE
fare_BOM-DEL_6E_2026-10-09_T+1_1791433399608_wk42,BOM-DEL,EaseMyTrip,6E,6E-5154,2026-10-09,T+1,9034,1983,11017,2026-10-08T04:01:24.574Z,FALSE,"",15:45,FALSE
fare_BOM-DEL_6E_2026-10-09_T+1_1791433399608_8mru,BOM-DEL,EaseMyTrip,6E,6E-6361,2026-10-09,T+1,9314,2045,11359,2026-10-08T04:01:24.574Z,FALSE,"",05:00,FALSE
fare_BOM-DEL_6E_2026-10-09_T+1_1791433399608_j3cr,BOM-DEL,EaseMyTrip,6E,6E-5135,2026-10-09,T+1,9681,2125,11806,2026-10-08T04:01:24.574Z,FALSE,"",23:20,FALSE
fare_BOM-DEL_6E_2026-10-09_T+1_1791433399608_p3fr,BOM-DEL,EaseMyTrip,6E,6E-6599,2026-10-09,T+1,9726,2135,11861,2026-10-08T04:01:24.574Z,FALSE,"",16:50,FALSE
fare_BOM-DEL_AI_2026-10-09_T+1_1791433399608_aj21,BOM-DEL,EaseMyTrip,AI,AI-9753,2026-10-09,T+1,10120,2221,12341,2026-10-08T04:01:24.574Z,FALSE,"",05:50,FALSE
fare_BOM-DEL_6E_2026-10-09_T+1_1791433399608_rbbq,BOM-DEL,EaseMyTrip,6E,6E-6362,2026-10-09,T+1,9984,2192,12176,2026-10-08T04:01:24.574Z,FALSE,"",05:45,FALSE
fare_BOM-DEL_6E_2026-10-09_T+1_1791433399608_31mx,BOM-DEL,EaseMyTrip,6E,6E-495,2026-10-09,T+1,10116,2220,12336,2026-10-08T04:01:24.574Z,FALSE,"",17:20,TRUE
fare_BOM-DEL_6E_2026-10-09_T+1_1791433399608_nmio,BOM-DEL,EaseMyTrip,6E,6E-960,2026-10-09,T+1,10116,2220,12336,2026-10-08T04:01:24.574Z,FALSE,"",17:20,TRUE
fare_BOM-DEL_6E_2026-10-09_T+1_1791433399608_v2jt,BOM-DEL,EaseMyTrip,6E,6E-679,2026-10-09,T+1,10430,2289,12719,2026-10-08T04:01:24.574Z,FALSE,"",19:20,FALSE
fare_BOM-DEL_6E_2026-10-09_T+1_1791433399608_daxc,BOM-DEL,EaseMyTrip,6E,6E-181,2026-10-09,T+1,10430,2289,12719,2026-10-08T04:01:24.574Z,FALSE,"",19:20,FALSE
fare_BOM-DEL_6E_2026-10-09_T+1_1791433399608_1b2m,BOM-DEL,EaseMyTrip,6E,6E-5178,2026-10-09,T+1,10740,2357,13097,2026-10-08T04:01:24.574Z,FALSE,"",11:45,FALSE
fare_BOM-DEL_IX_2026-10-09_T+1_1791433399608_xyrl,BOM-DEL,EaseMyTrip,IX,IX-1671,2026-10-09,T+1,11396,2501,13897,2026-10-08T04:01:24.574Z,FALSE,"",16:45,TRUE
fare_BOM-DEL_6E_2026-10-09_T+1_1791433399608_l9de,BOM-DEL,EaseMyTrip,6E,6E-6082,2026-10-09,T+1,11451,2514,13965,2026-10-08T04:01:24.574Z,FALSE,"",16:45,TRUE
fare_BOM-DEL_6E_2026-10-09_T+1_1791433399608_fu0s,BOM-DEL,EaseMyTrip,6E,6E-5241,2026-10-09,T+1,11587,2544,14131,2026-10-08T04:01:24.574Z,FALSE,"",16:40,FALSE
fare_BOM-DEL_AI_2026-10-09_T+1_1791433399608_500g,BOM-DEL,EaseMyTrip,AI,AI-9891,2026-10-09,T+1,12097,2656,14753,2026-10-08T04:01:24.574Z,FALSE,"",13:10,FALSE
fare_BOM-DEL_6E_2026-10-09_T+1_1791433399608_qmr3,BOM-DEL,EaseMyTrip,6E,6E-2237,2026-10-09,T+1,12017,2638,14655,2026-10-08T04:01:24.574Z,FALSE,"",18:40,FALSE
fare_BOM-DEL_AI_2026-10-09_T+1_1791433399608_hbvn,BOM-DEL,EaseMyTrip,AI,AI-2503,2026-10-09,T+1,12220,2682,14902,2026-10-08T04:01:24.574Z,FALSE,"",12:55,FALSE
fare_BOM-DEL_AI_2026-10-09_T+1_1791433399608_v6s3,BOM-DEL,EaseMyTrip,AI,AI-2785,2026-10-09,T+1,12484,2740,15224,2026-10-08T04:01:24.574Z,FALSE,"",06:40,FALSE
fare_BOM-DEL_AI_2026-10-09_T+1_1791433399608_dchn,BOM-DEL,EaseMyTrip,AI,AI-2730,2026-10-09,T+1,12613,2769,15382,2026-10-08T04:01:24.574Z,FALSE,"",16:00,FALSE
fare_BOM-DEL_AI_2026-10-09_T+1_1791433399608_r623,BOM-DEL,EaseMyTrip,AI,AI-493,2026-10-09,T+1,12898,2831,15729,2026-10-08T04:01:24.574Z,FALSE,"",06:40,FALSE
fare_BOM-DEL_AI_2026-10-09_T+1_1791433399608_visb,BOM-DEL,EaseMyTrip,AI,AI-603,2026-10-09,T+1,13318,2924,16242,2026-10-08T04:01:24.574Z,FALSE,"",05:10,FALSE
fare_BOM-DEL_AI_2026-10-09_T+1_1791433399608_nxpb,BOM-DEL,EaseMyTrip,AI,AI-9716,2026-10-09,T+1,13614,2989,16603,2026-10-08T04:01:24.574Z,FALSE,"",06:10,FALSE
fare_BOM-DEL_6E_2026-10-09_T+1_1791433399608_nhvs,BOM-DEL,EaseMyTrip,6E,6E-5386,2026-10-09,T+1,13457,2954,16411,2026-10-08T04:01:24.574Z,FALSE,"",15:10,FALSE
fare_BOM-DEL_AI_2026-10-09_T+1_1791433399608_lnao,BOM-DEL,EaseMyTrip,AI,AI-2986,2026-10-09,T+1,13880,3047,16927,2026-10-08T04:01:24.574Z,FALSE,"",22:35,TRUE
fare_BOM-DEL_AI_2026-10-09_T+1_1791433399608_fnir,BOM-DEL,EaseMyTrip,AI,AI-2749,2026-10-09,T+1,14001,3073,17074,2026-10-08T04:01:24.574Z,FALSE,"",17:35,FALSE
fare_BOM-DEL_AI_2026-10-09_T+1_1791433399608_6mkm,BOM-DEL,EaseMyTrip,AI,AI-2741,2026-10-09,T+1,14233,3124,17357,2026-10-08T04:01:24.574Z,FALSE,"",07:40,FALSE
fare_BOM-DEL_AI_2026-10-09_T+1_1791433399608_qfel,BOM-DEL,EaseMyTrip,AI,AI-2988,2026-10-09,T+1,14266,3132,17398,2026-10-08T04:01:24.574Z,FALSE,"",20:30,TRUE
fare_BOM-DEL_AI_2026-10-09_T+1_1791433399608_02ro,BOM-DEL,EaseMyTrip,AI,AI-2687,2026-10-09,T+1,14266,3132,17398,2026-10-08T04:01:24.574Z,FALSE,"",16:30,TRUE
fare_BOM-DEL_AI_2026-10-09_T+1_1791433399608_900v,BOM-DEL,EaseMyTrip,AI,AI-2440,2026-10-09,T+1,14394,3160,17554,2026-10-08T04:01:24.574Z,FALSE,"",18:00,TRUE
fare_BOM-DEL_6E_2026-10-09_T+1_1791433399608_97fz,BOM-DEL,EaseMyTrip,6E,6E-6049,2026-10-09,T+1,14379,3156,17535,2026-10-08T04:01:24.574Z,FALSE,"",19:45,TRUE
fare_BOM-DEL_6E_2026-10-09_T+1_1791433399608_6jf6,BOM-DEL,EaseMyTrip,6E,6E-275,2026-10-09,T+1,14379,3156,17535,2026-10-08T04:01:24.574Z,FALSE,"",21:15,TRUE
fare_BOM-DEL_6E_2026-10-09_T+1_1791433399608_85go,BOM-DEL,EaseMyTrip,6E,6E-825,2026-10-09,T+1,14379,3156,17535,2026-10-08T04:01:24.574Z,FALSE,"",21:15,TRUE
fare_BOM-DEL_IX_2026-10-09_T+1_1791433399608_wbiv,BOM-DEL,EaseMyTrip,IX,IX-1237,2026-10-09,T+1,14596,3204,17800,2026-10-08T04:01:24.574Z,FALSE,"",05:55,FALSE
fare_BOM-DEL_AI_2026-10-09_T+1_1791433399608_6swf,BOM-DEL,EaseMyTrip,AI,AI-2659,2026-10-09,T+1,14629,3211,17840,2026-10-08T04:01:24.574Z,FALSE,"",14:35,FALSE
fare_BOM-DEL_IX_2026-10-09_T+1_1791433399608_aabh,BOM-DEL,EaseMyTrip,IX,IX-1810,2026-10-09,T+1,14654,3217,17871,2026-10-08T04:01:24.574Z,FALSE,"",13:40,FALSE
fare_BOM-DEL_IX_2026-10-09_T+1_1791433399608_lp00,BOM-DEL,EaseMyTrip,IX,IX-1238,2026-10-09,T+1,15055,3305,18360,2026-10-08T04:01:24.574Z,FALSE,"",12:30,FALSE
fare_BOM-DEL_AI_2026-10-09_T+1_1791433399608_89rk,BOM-DEL,EaseMyTrip,AI,AI-2505,2026-10-09,T+1,15212,3339,18551,2026-10-08T04:01:24.574Z,FALSE,"",19:25,FALSE
fare_BOM-DEL_IX_2026-10-09_T+1_1791433399608_rxi1,BOM-DEL,EaseMyTrip,IX,IX-2153,2026-10-09,T+1,15829,3475,19304,2026-10-08T04:01:24.574Z,FALSE,"",20:25,TRUE
fare_BOM-DEL_IX_2026-10-09_T+1_1791433399608_aau5,BOM-DEL,EaseMyTrip,IX,IX-1364,2026-10-09,T+1,15829,3475,19304,2026-10-08T04:01:24.574Z,FALSE,"",21:55,TRUE
fare_BOM-DEL_6E_2026-10-09_T+1_1791433399608_oil0,BOM-DEL,EaseMyTrip,6E,6E-6027,2026-10-09,T+1,15890,3488,19378,2026-10-08T04:01:24.574Z,FALSE,"",17:35,FALSE
fare_BOM-DEL_6E_2026-10-09_T+1_1791433399608_hcz9,BOM-DEL,EaseMyTrip,6E,6E-274,2026-10-09,T+1,16359,3591,19950,2026-10-08T04:01:24.574Z,FALSE,"",20:20,TRUE
fare_BOM-DEL_6E_2026-10-09_T+1_1791433399608_7n03,BOM-DEL,EaseMyTrip,6E,6E-514,2026-10-09,T+1,16359,3591,19950,2026-10-08T04:01:24.574Z,FALSE,"",20:20,TRUE
fare_BOM-DEL_IX_2026-10-09_T+1_1791433399608_jbr6,BOM-DEL,EaseMyTrip,IX,IX-1176,2026-10-09,T+1,17212,3778,20990,2026-10-08T04:01:24.574Z,FALSE,"",11:20,FALSE
fare_BOM-DEL_QP_2026-10-09_T+1_1791433399608_aytq,BOM-DEL,EaseMyTrip,QP,QP-1120,2026-10-09,T+1,17057,3744,20801,2026-10-08T04:01:24.574Z,FALSE,"",19:00,TRUE
fare_BOM-DEL_AI_2026-10-09_T+1_1791433399608_8ead,BOM-DEL,EaseMyTrip,AI,AI-1895,2026-10-09,T+1,17223,3781,21004,2026-10-08T04:01:24.574Z,FALSE,"",21:30,TRUE
fare_BOM-DEL_6E_2026-10-09_T+1_1791433399608_7nm7,BOM-DEL,EaseMyTrip,6E,6E-5318,2026-10-09,T+1,17190,3774,20964,2026-10-08T04:01:24.574Z,FALSE,"",10:15,FALSE
fare_BOM-DEL_AI_2026-10-09_T+1_1791433399608_o0j2,BOM-DEL,EaseMyTrip,AI,AI-816,2026-10-09,T+1,17710,3887,21597,2026-10-08T04:01:24.574Z,FALSE,"",21:00,TRUE
fare_BOM-DEL_IX_2026-10-09_T+1_1791433399608_odgz,BOM-DEL,EaseMyTrip,IX,IX-1164,2026-10-09,T+1,17801,3907,21708,2026-10-08T04:01:24.574Z,FALSE,"",17:35,FALSE
fare_BOM-DEL_IX_2026-10-09_T+1_1791433399610_skew,BOM-DEL,EaseMyTrip,IX,IX-1283,2026-10-09,T+1,17886,3926,21812,2026-10-08T04:01:24.574Z,FALSE,"",09:05,FALSE
fare_BOM-DEL_AI_2026-10-09_T+1_1791433399610_get7,BOM-DEL,EaseMyTrip,AI,AI-2408,2026-10-09,T+1,17871,3923,21794,2026-10-08T04:01:24.574Z,FALSE,"",19:30,TRUE
fare_BOM-DEL_6E_2026-10-09_T+1_1791433399610_q60g,BOM-DEL,EaseMyTrip,6E,6E-139,2026-10-09,T+1,18942,4158,23100,2026-10-08T04:01:24.574Z,FALSE,"",22:15,TRUE
fare_BOM-DEL_6E_2026-10-09_T+1_1791433399610_d4hm,BOM-DEL,EaseMyTrip,6E,6E-932,2026-10-09,T+1,18942,4158,23100,2026-10-08T04:01:24.574Z,FALSE,"",22:15,TRUE
fare_BOM-DEL_6E_2026-10-09_T+1_1791433399610_7kyj,BOM-DEL,EaseMyTrip,6E,6E-262,2026-10-09,T+1,18942,4158,23100,2026-10-08T04:01:24.574Z,FALSE,"",19:00,TRUE
fare_BOM-DEL_6E_2026-10-09_T+1_1791433399610_2ayo,BOM-DEL,EaseMyTrip,6E,6E-115,2026-10-09,T+1,18942,4158,23100,2026-10-08T04:01:24.574Z,FALSE,"",19:00,TRUE
fare_BOM-DEL_6E_2026-10-09_T+1_1791433399610_hv82,BOM-DEL,EaseMyTrip,6E,6E-6613,2026-10-09,T+1,18942,4158,23100,2026-10-08T04:01:24.574Z,FALSE,"",18:15,TRUE
fare_BOM-DEL_6E_2026-10-09_T+1_1791433399610_yam7,BOM-DEL,EaseMyTrip,6E,6E-5281,2026-10-09,T+1,19057,4183,23240,2026-10-08T04:01:24.574Z,FALSE,"",08:40,FALSE
fare_BOM-DEL_QP_2026-10-09_T+1_1791433399610_qchv,BOM-DEL,EaseMyTrip,QP,QP-2005,2026-10-09,T+1,19386,4255,23641,2026-10-08T04:01:24.574Z,FALSE,"",06:00,FALSE
fare_BOM-DEL_IX_2026-10-09_T+1_1791433399610_yi97,BOM-DEL,EaseMyTrip,IX,IX-1163,2026-10-09,T+1,19595,4301,23896,2026-10-08T04:01:24.574Z,FALSE,"",20:45,FALSE
fare_BOM-DEL_AI_2026-10-09_T+1_1791433399610_lc8k,BOM-DEL,EaseMyTrip,AI,AI-2996,2026-10-09,T+1,19833,4354,24187,2026-10-08T04:01:24.574Z,FALSE,"",18:30,TRUE
fare_BOM-DEL_IX_2026-10-09_T+1_1791433399610_pzcs,BOM-DEL,EaseMyTrip,IX,IX-1626,2026-10-09,T+1,20118,4416,24534,2026-10-08T04:01:24.574Z,FALSE,"",12:00,FALSE
fare_BOM-DEL_AI_2026-10-09_T+1_1791433399610_3dca,BOM-DEL,EaseMyTrip,AI,AI-2940,2026-10-09,T+1,20398,4477,24875,2026-10-08T04:01:24.574Z,FALSE,"",20:00,TRUE
fare_BOM-DEL_AI_2026-10-09_T+1_1791433399610_hwyp,BOM-DEL,EaseMyTrip,AI,AI-2491,2026-10-09,T+1,20646,4532,25178,2026-10-08T04:01:24.574Z,FALSE,"",11:15,FALSE
fare_BOM-DEL_6E_2026-10-09_T+1_1791433399610_gzhb,BOM-DEL,EaseMyTrip,6E,6E-5246,2026-10-09,T+1,21067,4624,25691,2026-10-08T04:01:24.574Z,FALSE,"",07:15,FALSE
fare_BOM-DEL_AI_2026-10-09_T+1_1791433399610_f6pg,BOM-DEL,EaseMyTrip,AI,AI-9533,2026-10-09,T+1,21293,4674,25967,2026-10-08T04:01:24.574Z,FALSE,"",16:30,FALSE
fare_BOM-DEL_6E_2026-10-09_T+1_1791433399610_btsr,BOM-DEL,EaseMyTrip,6E,6E-6195,2026-10-09,T+1,21221,4658,25879,2026-10-08T04:01:24.574Z,FALSE,"",23:00,FALSE
fare_BOM-DEL_AI_2026-10-09_T+1_1791433399610_n7n4,BOM-DEL,EaseMyTrip,AI,AI-2579,2026-10-09,T+1,21915,4810,26725,2026-10-08T04:01:24.574Z,FALSE,"",10:35,FALSE
fare_BOM-DEL_IX_2026-10-09_T+1_1791433399610_huki,BOM-DEL,EaseMyTrip,IX,IX-1347,2026-10-09,T+1,23417,5140,28557,2026-10-08T04:01:24.574Z,FALSE,"",06:20,FALSE
fare_BOM-DEL_6E_2026-10-09_T+1_1791433399610_l581,BOM-DEL,EaseMyTrip,6E,6E-5056,2026-10-09,T+1,23459,5150,28609,2026-10-08T04:01:24.574Z,FALSE,"",21:10,FALSE
fare_BOM-DEL_AI_2026-10-09_T+1_1791433399610_cn2j,BOM-DEL,EaseMyTrip,AI,AI-2781,2026-10-09,T+1,28314,6215,34529,2026-10-08T04:01:24.574Z,TRUE,"High outlier: ₹34529 > upper fence ₹31632 (Q3: ₹17535, IQR: ₹9398)",10:45,FALSE
fare_BOM-DEL_IX_2026-10-09_T+1_1791433399610_whru,BOM-DEL,EaseMyTrip,IX,IX-1640,2026-10-09,T+1,30046,6595,36641,2026-10-08T04:01:24.574Z,TRUE,"High outlier: ₹36641 > upper fence ₹31632 (Q3: ₹17535, IQR: ₹9398)",21:05,FALSE
fare_BOM-DEL_AI_2026-10-09_T+1_1791433399610_ean6,BOM-DEL,EaseMyTrip,AI,AI-2753,2026-10-09,T+1,31155,6839,37994,2026-10-08T04:01:24.574Z,TRUE,"High outlier: ₹37994 > upper fence ₹31632 (Q3: ₹17535, IQR: ₹9398)",13:50,FALSE
fare_BOM-GOI_AI_2026-10-15_T+7_1791433399610_ifbu,BOM-GOI,EaseMyTrip,AI,AI-603,2026-10-15,T+7,3261,716,3977,2026-10-08T04:06:32.024Z,FALSE,"",05:10,TRUE
fare_BOM-GOI_AI_2026-10-15_T+7_1791433399610_4d82,BOM-GOI,EaseMyTrip,AI,AI-2505,2026-10-15,T+7,3261,716,3977,2026-10-08T04:06:32.024Z,FALSE,"",19:25,TRUE
fare_BOM-GOI_6E_2026-10-15_T+7_1791433399610_lvn4,BOM-GOI,EaseMyTrip,6E,6E-5106,2026-10-15,T+7,3119,685,3804,2026-10-08T04:06:32.024Z,FALSE,"",22:10,TRUE
fare_BOM-GOI_6E_2026-10-15_T+7_1791433399610_pewo,BOM-GOI,EaseMyTrip,6E,6E-5241,2026-10-15,T+7,3119,685,3804,2026-10-08T04:06:32.024Z,FALSE,"",16:40,TRUE
fare_BOM-GOI_QP_2026-10-15_T+7_1791433399610_gtam,BOM-GOI,EaseMyTrip,QP,QP-1175,2026-10-15,T+7,3210,705,3915,2026-10-08T04:06:32.024Z,FALSE,"",18:25,TRUE
fare_BOM-GOI_6E_2026-10-15_T+7_1791433399610_08qg,BOM-GOI,EaseMyTrip,6E,6E-6361,2026-10-15,T+7,3291,723,4014,2026-10-08T04:06:32.024Z,FALSE,"",05:00,TRUE
fare_BOM-GOI_6E_2026-10-15_T+7_1791433399610_5kg6,BOM-GOI,EaseMyTrip,6E,6E-2070,2026-10-15,T+7,3383,742,4125,2026-10-08T04:06:32.024Z,FALSE,"",20:25,TRUE
fare_BOM-GOI_6E_2026-10-15_T+7_1791433399610_5tez,BOM-GOI,EaseMyTrip,6E,6E-138,2026-10-15,T+7,3383,742,4125,2026-10-08T04:06:32.024Z,FALSE,"",10:40,TRUE
fare_BOM-GOI_6E_2026-10-15_T+7_1791433399610_xnaq,BOM-GOI,EaseMyTrip,6E,6E-995,2026-10-15,T+7,3383,742,4125,2026-10-08T04:06:32.024Z,FALSE,"",10:40,TRUE
fare_BOM-GOI_6E_2026-10-15_T+7_1791433399610_wx90,BOM-GOI,EaseMyTrip,6E,6E-2282,2026-10-15,T+7,3507,770,4277,2026-10-08T04:06:32.024Z,FALSE,"",20:00,TRUE
fare_BOM-GOI_IX_2026-10-15_T+7_1791433399610_o83m,BOM-GOI,EaseMyTrip,IX,IX-1242,2026-10-15,T+7,3700,812,4512,2026-10-08T04:06:32.024Z,FALSE,"",16:30,TRUE
fare_BOM-GOI_IX_2026-10-15_T+7_1791433399610_h3zn,BOM-GOI,EaseMyTrip,IX,IX-1163,2026-10-15,T+7,3943,865,4808,2026-10-08T04:06:32.024Z,FALSE,"",20:45,TRUE
fare_BOM-GOI_6E_2026-10-15_T+7_1791433399610_yay9,BOM-GOI,EaseMyTrip,6E,6E-5177,2026-10-15,T+7,4029,884,4913,2026-10-08T04:06:32.024Z,FALSE,"",19:10,TRUE
fare_BOM-GOI_QP_2026-10-15_T+7_1791433399610_28kr,BOM-GOI,EaseMyTrip,QP,QP-1105,2026-10-15,T+7,4215,925,5140,2026-10-08T04:06:32.024Z,FALSE,"",13:25,TRUE
fare_BOM-GOI_6E_2026-10-15_T+7_1791433399610_y8az,BOM-GOI,EaseMyTrip,6E,6E-7077,2026-10-15,T+7,4282,940,5222,2026-10-08T04:06:32.024Z,FALSE,"",13:15,TRUE
fare_BOM-GOI_IX_2026-10-15_T+7_1791433399610_0t88,BOM-GOI,EaseMyTrip,IX,IX-2367,2026-10-15,T+7,4804,1054,5858,2026-10-08T04:06:32.024Z,FALSE,"",07:20,TRUE
fare_BOM-GOI_AI_2026-10-15_T+7_1791433399610_vmxm,BOM-GOI,EaseMyTrip,AI,AI-2477,2026-10-15,T+7,4890,1074,5964,2026-10-08T04:06:32.024Z,FALSE,"",13:05,TRUE
fare_BOM-GOI_6E_2026-10-15_T+7_1791433399610_a5s4,BOM-GOI,EaseMyTrip,6E,6E-5178,2026-10-15,T+7,4897,1075,5972,2026-10-08T04:06:32.024Z,FALSE,"",11:45,FALSE
fare_BOM-GOI_6E_2026-10-15_T+7_1791433399610_z31v,BOM-GOI,EaseMyTrip,6E,6E-5318,2026-10-15,T+7,4897,1075,5972,2026-10-08T04:06:32.024Z,FALSE,"",10:15,FALSE
fare_BOM-GOI_6E_2026-10-15_T+7_1791433399610_m3ra,BOM-GOI,EaseMyTrip,6E,6E-5246,2026-10-15,T+7,4897,1075,5972,2026-10-08T04:06:32.024Z,FALSE,"",07:15,FALSE
fare_BOM-GOI_6E_2026-10-15_T+7_1791433399610_jj8g,BOM-GOI,EaseMyTrip,6E,6E-287,2026-10-15,T+7,4927,1082,6009,2026-10-08T04:06:32.024Z,FALSE,"",13:55,TRUE
fare_BOM-GOI_6E_2026-10-15_T+7_1791433399610_j6ov,BOM-GOI,EaseMyTrip,6E,6E-313,2026-10-15,T+7,4927,1082,6009,2026-10-08T04:06:32.024Z,FALSE,"",13:55,TRUE
fare_BOM-GOI_6E_2026-10-15_T+7_1791433399610_pv21,BOM-GOI,EaseMyTrip,6E,6E-7037,2026-10-15,T+7,5315,1167,6482,2026-10-08T04:06:32.024Z,FALSE,"",11:05,TRUE
fare_BOM-GOI_6E_2026-10-15_T+7_1791433399610_zzzl,BOM-GOI,EaseMyTrip,6E,6E-6362,2026-10-15,T+7,5761,1265,7026,2026-10-08T04:06:32.024Z,FALSE,"",05:45,FALSE
fare_BOM-GOI_6E_2026-10-15_T+7_1791433399610_hn3l,BOM-GOI,EaseMyTrip,6E,6E-5179,2026-10-15,T+7,5761,1265,7026,2026-10-08T04:06:32.024Z,FALSE,"",02:45,FALSE
fare_BOM-GOI_6E_2026-10-15_T+7_1791433399610_r7dy,BOM-GOI,EaseMyTrip,6E,6E-6187,2026-10-15,T+7,5761,1265,7026,2026-10-08T04:06:32.024Z,FALSE,"",00:30,FALSE
fare_BOM-GOI_6E_2026-10-15_T+7_1791433399610_kwc4,BOM-GOI,EaseMyTrip,6E,6E-6195,2026-10-15,T+7,5761,1265,7026,2026-10-08T04:06:32.024Z,FALSE,"",23:00,FALSE
fare_BOM-GOI_AI_2026-10-15_T+7_1791433399610_0a92,BOM-GOI,EaseMyTrip,AI,AI-2841,2026-10-15,T+7,8995,1974,10969,2026-10-08T04:06:32.024Z,FALSE,"",11:20,TRUE
fare_BOM-GOI_6E_2026-10-15_T+7_1791433399610_6a3k,BOM-GOI,EaseMyTrip,6E,6E-902,2026-10-15,T+7,9425,2069,11494,2026-10-08T04:06:32.024Z,FALSE,"",11:20,TRUE
fare_BOM-GOI_6E_2026-10-15_T+7_1791433399611_lw7u,BOM-GOI,EaseMyTrip,6E,6E-383,2026-10-15,T+7,9425,2069,11494,2026-10-08T04:06:32.024Z,FALSE,"",11:20,TRUE
fare_BOM-GOI_6E_2026-10-15_T+7_1791433399611_a02x,BOM-GOI,EaseMyTrip,6E,6E-5228,2026-10-15,T+7,9573,2101,11674,2026-10-08T04:06:32.024Z,FALSE,"",16:45,FALSE
fare_BOM-GOI_6E_2026-10-15_T+7_1791433399611_perg,BOM-GOI,EaseMyTrip,6E,6E-5386,2026-10-15,T+7,9795,2150,11945,2026-10-08T04:06:32.024Z,FALSE,"",15:10,FALSE
fare_BOM-GOI_IX_2026-10-15_T+7_1791433399611_xlkq,BOM-GOI,EaseMyTrip,IX,IX-1347,2026-10-15,T+7,10328,2267,12595,2026-10-08T04:06:32.024Z,FALSE,"",06:20,FALSE
fare_BOM-GOI_IX_2026-10-15_T+7_1791433399611_xg8m,BOM-GOI,EaseMyTrip,IX,IX-1238,2026-10-15,T+7,10588,2324,12912,2026-10-08T04:06:32.024Z,FALSE,"",12:30,TRUE
fare_BOM-GOI_AI_2026-10-15_T+7_1791433399611_rk4b,BOM-GOI,EaseMyTrip,AI,AI-2812,2026-10-15,T+7,11759,2581,14340,2026-10-08T04:06:32.024Z,FALSE,"",02:05,FALSE
fare_BOM-GOI_AI_2026-10-15_T+7_1791433399611_kymb,BOM-GOI,EaseMyTrip,AI,AI-2625,2026-10-15,T+7,12151,2667,14818,2026-10-08T04:06:32.024Z,FALSE,"",06:00,FALSE
fare_BOM-GOI_AI_2026-10-15_T+7_1791433399611_jonp,BOM-GOI,EaseMyTrip,AI,AI-2952,2026-10-15,T+7,12519,2748,15267,2026-10-08T04:06:32.024Z,FALSE,"",11:25,FALSE
fare_BOM-GOI_AI_2026-10-15_T+7_1791433399611_jhni,BOM-GOI,EaseMyTrip,AI,AI-2944,2026-10-15,T+7,13016,2857,15873,2026-10-08T04:06:32.024Z,FALSE,"",14:35,FALSE
fare_BOM-GOI_AI_2026-10-15_T+7_1791433399611_6ik8,BOM-GOI,EaseMyTrip,AI,AI-816,2026-10-15,T+7,13069,2869,15938,2026-10-08T04:06:32.024Z,FALSE,"",21:00,FALSE
fare_BOM-GOI_AI_2026-10-15_T+7_1791433399611_1v64,BOM-GOI,EaseMyTrip,AI,AI-2845,2026-10-15,T+7,13135,2883,16018,2026-10-08T04:06:32.024Z,FALSE,"",05:30,FALSE
fare_BOM-GOI_AI_2026-10-15_T+7_1791433399611_024b,BOM-GOI,EaseMyTrip,AI,AI-2430,2026-10-15,T+7,13164,2890,16054,2026-10-08T04:06:32.024Z,FALSE,"",10:00,FALSE
fare_BOM-GOI_AI_2026-10-15_T+7_1791433399611_ks1d,BOM-GOI,EaseMyTrip,AI,AI-2432,2026-10-15,T+7,13164,2890,16054,2026-10-08T04:06:32.024Z,FALSE,"",09:30,FALSE
fare_BOM-GOI_AI_2026-10-15_T+7_1791433399611_a3xw,BOM-GOI,EaseMyTrip,AI,AI-2970,2026-10-15,T+7,13423,2946,16369,2026-10-08T04:06:32.024Z,FALSE,"",08:30,FALSE
fare_BOM-GOI_AI_2026-10-15_T+7_1791433399611_5146,BOM-GOI,EaseMyTrip,AI,AI-1895,2026-10-15,T+7,13456,2954,16410,2026-10-08T04:06:32.024Z,FALSE,"",21:30,FALSE
fare_BOM-GOI_AI_2026-10-15_T+7_1791433399611_kf8f,BOM-GOI,EaseMyTrip,AI,AI-2424,2026-10-15,T+7,13602,2986,16588,2026-10-08T04:06:32.024Z,FALSE,"",07:00,FALSE
fare_BOM-GOI_AI_2026-10-15_T+7_1791433399611_5r55,BOM-GOI,EaseMyTrip,AI,AI-2988,2026-10-15,T+7,13715,3010,16725,2026-10-08T04:06:32.024Z,FALSE,"",20:30,FALSE
fare_BOM-GOI_AI_2026-10-15_T+7_1791433399611_zkqe,BOM-GOI,EaseMyTrip,AI,AI-2677,2026-10-15,T+7,13724,3013,16737,2026-10-08T04:06:32.024Z,FALSE,"",13:00,FALSE
fare_BOM-GOI_AI_2026-10-15_T+7_1791433399611_oz2r,BOM-GOI,EaseMyTrip,AI,AI-2603,2026-10-15,T+7,13961,3065,17026,2026-10-08T04:06:32.024Z,FALSE,"",06:35,FALSE
fare_BOM-GOI_AI_2026-10-15_T+7_1791433399611_az3b,BOM-GOI,EaseMyTrip,AI,AI-2940,2026-10-15,T+7,13973,3067,17040,2026-10-08T04:06:32.024Z,FALSE,"",20:00,FALSE
fare_BOM-GOI_AI_2026-10-15_T+7_1791433399611_a0eo,BOM-GOI,EaseMyTrip,AI,AI-2863,2026-10-15,T+7,14320,3144,17464,2026-10-08T04:06:32.024Z,FALSE,"",10:00,FALSE
fare_BOM-GOI_AI_2026-10-15_T+7_1791433399611_1d4z,BOM-GOI,EaseMyTrip,AI,AI-2632,2026-10-15,T+7,14459,3174,17633,2026-10-08T04:06:32.024Z,FALSE,"",12:00,FALSE
fare_BOM-GOI_AI_2026-10-15_T+7_1791433399611_8lh1,BOM-GOI,EaseMyTrip,AI,AI-2851,2026-10-15,T+7,14459,3174,17633,2026-10-08T04:06:32.024Z,FALSE,"",07:55,FALSE
fare_BOM-GOI_6E_2026-10-15_T+7_1791433399611_49i6,BOM-GOI,EaseMyTrip,6E,6E-6057,2026-10-15,T+7,14323,3144,17467,2026-10-08T04:06:32.024Z,FALSE,"",09:15,TRUE
fare_BOM-GOI_AI_2026-10-15_T+7_1791433399611_fjjk,BOM-GOI,EaseMyTrip,AI,AI-2928,2026-10-15,T+7,15628,3430,19058,2026-10-08T04:06:32.024Z,FALSE,"",06:30,FALSE
fare_BOM-GOI_AI_2026-10-15_T+7_1791433399611_znhy,BOM-GOI,EaseMyTrip,AI,AI-493,2026-10-15,T+7,17387,3817,21204,2026-10-08T04:06:32.024Z,FALSE,"",06:40,FALSE
fare_BOM-GOI_AI_2026-10-15_T+7_1791433399611_7z6t,BOM-GOI,EaseMyTrip,AI,AI-1891,2026-10-15,T+7,20082,4408,24490,2026-10-08T04:06:32.024Z,FALSE,"",08:10,FALSE
fare_BOM-PNQ_AI_2026-10-09_T+1_1791433399611_24e5,BOM-PNQ,EaseMyTrip,AI,AI-2749,2026-10-09,T+1,9296,2040,11336,2026-10-08T04:08:22.949Z,FALSE,"",17:35,FALSE
fare_BOM-PNQ_AI_2026-10-09_T+1_1791433399611_j6n4,BOM-PNQ,EaseMyTrip,AI,AI-1891,2026-10-09,T+1,10217,2243,12460,2026-10-08T04:08:22.949Z,FALSE,"",08:10,FALSE
fare_BOM-PNQ_AI_2026-10-09_T+1_1791433399611_bdg3,BOM-PNQ,EaseMyTrip,AI,AI-2422,2026-10-09,T+1,11676,2563,14239,2026-10-08T04:08:22.949Z,FALSE,"",01:00,FALSE
fare_BOM-PNQ_AI_2026-10-09_T+1_1791433399611_1mud,BOM-PNQ,EaseMyTrip,AI,AI-2442,2026-10-09,T+1,12200,2678,14878,2026-10-08T04:08:22.949Z,FALSE,"",15:00,FALSE
fare_BOM-PNQ_AI_2026-10-09_T+1_1791433399611_j00u,BOM-PNQ,EaseMyTrip,AI,AI-2944,2026-10-09,T+1,12638,2774,15412,2026-10-08T04:08:22.949Z,FALSE,"",14:35,FALSE
fare_BOM-PNQ_AI_2026-10-09_T+1_1791433399611_m5pg,BOM-PNQ,EaseMyTrip,AI,AI-2677,2026-10-09,T+1,12638,2774,15412,2026-10-08T04:08:22.949Z,FALSE,"",13:00,FALSE
fare_BOM-PNQ_AI_2026-10-09_T+1_1791433399611_fyuc,BOM-PNQ,EaseMyTrip,AI,AI-2952,2026-10-09,T+1,12638,2774,15412,2026-10-08T04:08:22.949Z,FALSE,"",11:25,FALSE
fare_BOM-PNQ_AI_2026-10-09_T+1_1791433399611_wnnw,BOM-PNQ,EaseMyTrip,AI,AI-2430,2026-10-09,T+1,12638,2774,15412,2026-10-08T04:08:22.949Z,FALSE,"",10:00,FALSE
fare_BOM-PNQ_AI_2026-10-09_T+1_1791433399611_j597,BOM-PNQ,EaseMyTrip,AI,AI-2432,2026-10-09,T+1,12638,2774,15412,2026-10-08T04:08:22.949Z,FALSE,"",09:30,FALSE
fare_BOM-PNQ_AI_2026-10-09_T+1_1791433399611_mznd,BOM-PNQ,EaseMyTrip,AI,AI-2986,2026-10-09,T+1,19699,4324,24023,2026-10-08T04:08:22.949Z,TRUE,"High outlier: ₹24023 > upper fence ₹21836 (Q3: ₹17565, IQR: ₹2847)",22:35,FALSE
fare_BOM-PNQ_AI_2026-10-09_T+1_1791433399611_ffdd,BOM-PNQ,EaseMyTrip,AI,AI-2988,2026-10-09,T+1,20085,4409,24494,2026-10-08T04:08:22.949Z,TRUE,"High outlier: ₹24494 > upper fence ₹21836 (Q3: ₹17565, IQR: ₹2847)",20:30,FALSE
fare_BOM-PNQ_AI_2026-10-09_T+1_1791433399611_zcwb,BOM-PNQ,EaseMyTrip,AI,AI-2641,2026-10-09,T+1,32219,7073,39292,2026-10-08T04:08:22.949Z,TRUE,"High outlier: ₹39292 > upper fence ₹21836 (Q3: ₹17565, IQR: ₹2847)",18:30,FALSE
fare_BOM-PNQ_AI_2026-10-15_T+7_1791433399611_s4kr,BOM-PNQ,EaseMyTrip,AI,AI-2812,2026-10-15,T+7,8871,1947,10818,2026-10-08T04:08:28.689Z,TRUE,"Low outlier: ₹10818 < lower fence ₹11376 (Q1: ₹13242, IQR: ₹1244)",02:05,FALSE
fare_BOM-PNQ_AI_2026-10-15_T+7_1791433399611_3fht,BOM-PNQ,EaseMyTrip,AI,AI-2749,2026-10-15,T+7,8951,1965,10916,2026-10-08T04:08:28.689Z,TRUE,"Low outlier: ₹10916 < lower fence ₹11376 (Q1: ₹13242, IQR: ₹1244)",17:35,FALSE
fare_BOM-PNQ_AI_2026-10-15_T+7_1791433399611_if8w,BOM-PNQ,EaseMyTrip,AI,AI-1891,2026-10-15,T+7,10217,2243,12460,2026-10-08T04:08:28.689Z,FALSE,"",08:10,FALSE
fare_BOM-PNQ_AI_2026-10-15_T+7_1791433399611_wurh,BOM-PNQ,EaseMyTrip,AI,AI-681,2026-10-15,T+7,10790,2368,13158,2026-10-08T04:08:28.689Z,FALSE,"",16:55,FALSE
fare_BOM-PNQ_AI_2026-10-15_T+7_1791433399611_lllh,BOM-PNQ,EaseMyTrip,AI,AI-2857,2026-10-15,T+7,10858,2384,13242,2026-10-08T04:08:28.689Z,FALSE,"",23:30,FALSE
fare_BOM-PNQ_AI_2026-10-15_T+7_1791433399611_62ga,BOM-PNQ,EaseMyTrip,AI,AI-2853,2026-10-15,T+7,10858,2384,13242,2026-10-08T04:08:28.689Z,FALSE,"",15:25,FALSE
fare_BOM-PNQ_AI_2026-10-15_T+7_1791433399611_qz60,BOM-PNQ,EaseMyTrip,AI,AI-2845,2026-10-15,T+7,11052,2426,13478,2026-10-08T04:08:28.689Z,FALSE,"",05:30,FALSE
fare_BOM-PNQ_AI_2026-10-15_T+7_1791433399611_pqmz,BOM-PNQ,EaseMyTrip,AI,AI-2849,2026-10-15,T+7,11073,2431,13504,2026-10-08T04:08:28.689Z,FALSE,"",17:30,FALSE
fare_BOM-PNQ_AI_2026-10-15_T+7_1791433399611_mjx1,BOM-PNQ,EaseMyTrip,AI,AI-2780,2026-10-15,T+7,11186,2456,13642,2026-10-08T04:08:28.689Z,FALSE,"",14:00,FALSE
fare_BOM-PNQ_AI_2026-10-15_T+7_1791433399611_7jl5,BOM-PNQ,EaseMyTrip,AI,AI-1882,2026-10-15,T+7,11503,2525,14028,2026-10-08T04:08:28.689Z,FALSE,"",23:55,FALSE
fare_BOM-PNQ_AI_2026-10-15_T+7_1791433399611_ggr9,BOM-PNQ,EaseMyTrip,AI,AI-2641,2026-10-15,T+7,11547,2535,14082,2026-10-08T04:08:28.689Z,FALSE,"",18:30,FALSE
fare_BOM-PNQ_AI_2026-10-15_T+7_1791433399611_0ed5,BOM-PNQ,EaseMyTrip,AI,AI-2855,2026-10-15,T+7,11802,2591,14393,2026-10-08T04:08:28.689Z,FALSE,"",10:00,FALSE
fare_BOM-PNQ_AI_2026-10-15_T+7_1791433399611_8rjf,BOM-PNQ,EaseMyTrip,AI,AI-2603,2026-10-15,T+7,11879,2607,14486,2026-10-08T04:08:28.689Z,FALSE,"",06:35,FALSE
fare_BOM-PNQ_AI_2026-10-15_T+7_1791433399611_mlsj,BOM-PNQ,EaseMyTrip,AI,AI-2986,2026-10-15,T+7,11973,2628,14601,2026-10-08T04:08:28.689Z,FALSE,"",22:35,FALSE
fare_BOM-PNQ_AI_2026-10-15_T+7_1791433399611_dl04,BOM-PNQ,EaseMyTrip,AI,AI-2422,2026-10-15,T+7,11973,2628,14601,2026-10-08T04:08:28.689Z,FALSE,"",01:00,FALSE
fare_BOM-PNQ_AI_2026-10-15_T+7_1791433399611_7qym,BOM-PNQ,EaseMyTrip,AI,AI-2865,2026-10-15,T+7,13240,2906,16146,2026-10-08T04:08:28.689Z,FALSE,"",19:45,FALSE
fare_BOM-PNQ_AI_2026-10-15_T+7_1791433399611_rkp6,BOM-PNQ,EaseMyTrip,AI,AI-2851,2026-10-15,T+7,14694,3226,17920,2026-10-08T04:08:28.689Z,TRUE,"High outlier: ₹17920 > upper fence ₹16352 (Q3: ₹14486, IQR: ₹1244)",07:55,FALSE
fare_CCU-DEL_SG_2026-10-15_T+7_1791433399612_qx0e,CCU-DEL,EaseMyTrip,SG,SG-673,2026-10-15,T+7,8632,1895,10527,2026-10-08T04:04:33.162Z,FALSE,"",00:45,TRUE
fare_CCU-DEL_SG_2026-10-15_T+7_1791433399612_9av3,CCU-DEL,EaseMyTrip,SG,SG-920,2026-10-15,T+7,8632,1895,10527,2026-10-08T04:04:33.162Z,FALSE,"",00:45,TRUE
fare_CCU-DEL_6E_2026-10-15_T+7_1791433399612_03t5,CCU-DEL,EaseMyTrip,6E,6E-2588,2026-10-15,T+7,8666,1902,10568,2026-10-08T04:04:33.162Z,FALSE,"",11:45,TRUE
fare_CCU-DEL_6E_2026-10-15_T+7_1791433399612_ne2o,CCU-DEL,EaseMyTrip,6E,6E-6139,2026-10-15,T+7,8849,1942,10791,2026-10-08T04:04:33.162Z,FALSE,"",07:10,FALSE
fare_CCU-DEL_6E_2026-10-15_T+7_1791433399612_jc62,CCU-DEL,EaseMyTrip,6E,6E-157,2026-10-15,T+7,8988,1973,10961,2026-10-08T04:04:33.162Z,FALSE,"",07:10,FALSE
fare_CCU-DEL_6E_2026-10-15_T+7_1791433399612_cavc,CCU-DEL,EaseMyTrip,6E,6E-616,2026-10-15,T+7,8988,1973,10961,2026-10-08T04:04:33.162Z,FALSE,"",07:10,FALSE
fare_CCU-DEL_6E_2026-10-15_T+7_1791433399612_kevu,CCU-DEL,EaseMyTrip,6E,6E-159,2026-10-15,T+7,9042,1985,11027,2026-10-08T04:04:33.162Z,FALSE,"",17:00,FALSE
fare_CCU-DEL_6E_2026-10-15_T+7_1791433399612_euhu,CCU-DEL,EaseMyTrip,6E,6E-435,2026-10-15,T+7,9042,1985,11027,2026-10-08T04:04:33.162Z,FALSE,"",17:00,FALSE
fare_CCU-DEL_6E_2026-10-15_T+7_1791433399612_s8ws,CCU-DEL,EaseMyTrip,6E,6E-461,2026-10-15,T+7,9042,1985,11027,2026-10-08T04:04:33.162Z,FALSE,"",07:10,FALSE
fare_CCU-DEL_6E_2026-10-15_T+7_1791433399612_vody,CCU-DEL,EaseMyTrip,6E,6E-418,2026-10-15,T+7,9042,1985,11027,2026-10-08T04:04:33.162Z,FALSE,"",07:10,FALSE
fare_CCU-DEL_IX_2026-10-15_T+7_1791433399612_qod7,CCU-DEL,EaseMyTrip,IX,IX-1525,2026-10-15,T+7,9279,2037,11316,2026-10-08T04:04:33.162Z,FALSE,"",19:45,TRUE
fare_CCU-DEL_6E_2026-10-15_T+7_1791433399612_p7nl,CCU-DEL,EaseMyTrip,6E,6E-128,2026-10-15,T+7,9108,1999,11107,2026-10-08T04:04:33.162Z,FALSE,"",21:45,TRUE
fare_CCU-DEL_6E_2026-10-15_T+7_1791433399612_p8zv,CCU-DEL,EaseMyTrip,6E,6E-410,2026-10-15,T+7,9108,1999,11107,2026-10-08T04:04:33.162Z,FALSE,"",21:45,TRUE
fare_CCU-DEL_6E_2026-10-15_T+7_1791433399612_l34c,CCU-DEL,EaseMyTrip,6E,6E-6134,2026-10-15,T+7,9193,2018,11211,2026-10-08T04:04:33.162Z,FALSE,"",16:30,FALSE
fare_CCU-DEL_6E_2026-10-15_T+7_1791433399612_ew3h,CCU-DEL,EaseMyTrip,6E,6E-336,2026-10-15,T+7,9193,2018,11211,2026-10-08T04:04:33.162Z,FALSE,"",12:40,FALSE
fare_CCU-DEL_6E_2026-10-15_T+7_1791433399612_ozaw,CCU-DEL,EaseMyTrip,6E,6E-488,2026-10-15,T+7,9193,2018,11211,2026-10-08T04:04:33.162Z,FALSE,"",12:40,FALSE
fare_CCU-DEL_6E_2026-10-15_T+7_1791433399612_gjdu,CCU-DEL,EaseMyTrip,6E,6E-904,2026-10-15,T+7,9300,2042,11342,2026-10-08T04:04:33.162Z,FALSE,"",18:55,FALSE
fare_CCU-DEL_6E_2026-10-15_T+7_1791433399612_pwa3,CCU-DEL,EaseMyTrip,6E,6E-331,2026-10-15,T+7,9300,2042,11342,2026-10-08T04:04:33.162Z,FALSE,"",18:55,FALSE
fare_CCU-DEL_6E_2026-10-15_T+7_1791433399612_vyba,CCU-DEL,EaseMyTrip,6E,6E-740,2026-10-15,T+7,9408,2065,11473,2026-10-08T04:04:33.162Z,FALSE,"",18:00,FALSE
fare_CCU-DEL_6E_2026-10-15_T+7_1791433399612_0kse,CCU-DEL,EaseMyTrip,6E,6E-348,2026-10-15,T+7,9408,2065,11473,2026-10-08T04:04:33.162Z,FALSE,"",18:00,FALSE
fare_CCU-DEL_6E_2026-10-15_T+7_1791433399612_ek0x,CCU-DEL,EaseMyTrip,6E,6E-295,2026-10-15,T+7,9516,2089,11605,2026-10-08T04:04:33.162Z,FALSE,"",06:00,FALSE
fare_CCU-DEL_6E_2026-10-15_T+7_1791433399612_07m1,CCU-DEL,EaseMyTrip,6E,6E-356,2026-10-15,T+7,9516,2089,11605,2026-10-08T04:04:33.162Z,FALSE,"",06:00,FALSE
fare_CCU-DEL_6E_2026-10-15_T+7_1791433399612_vlgz,CCU-DEL,EaseMyTrip,6E,6E-6623,2026-10-15,T+7,9559,2098,11657,2026-10-08T04:04:33.162Z,FALSE,"",05:20,FALSE
fare_CCU-DEL_6E_2026-10-15_T+7_1791433399612_x4sb,CCU-DEL,EaseMyTrip,6E,6E-7215,2026-10-15,T+7,9602,2108,11710,2026-10-08T04:04:33.162Z,FALSE,"",18:00,FALSE
fare_CCU-DEL_6E_2026-10-15_T+7_1791433399612_jb9w,CCU-DEL,EaseMyTrip,6E,6E-6717,2026-10-15,T+7,9666,2122,11788,2026-10-08T04:04:33.162Z,FALSE,"",18:35,FALSE
fare_CCU-DEL_SG_2026-10-15_T+7_1791433399612_u3ji,CCU-DEL,EaseMyTrip,SG,SG-360,2026-10-15,T+7,10191,2237,12428,2026-10-08T04:04:33.162Z,FALSE,"",23:25,TRUE
fare_CCU-DEL_SG_2026-10-15_T+7_1791433399612_sjjv,CCU-DEL,EaseMyTrip,SG,SG-502,2026-10-15,T+7,10191,2237,12428,2026-10-08T04:04:33.162Z,FALSE,"",23:25,TRUE
fare_CCU-DEL_6E_2026-10-15_T+7_1791433399612_16xs,CCU-DEL,EaseMyTrip,6E,6E-7924,2026-10-15,T+7,9968,2188,12156,2026-10-08T04:04:33.162Z,FALSE,"",09:55,FALSE
fare_CCU-DEL_6E_2026-10-15_T+7_1791433399612_xij8,CCU-DEL,EaseMyTrip,6E,6E-507,2026-10-15,T+7,10055,2207,12262,2026-10-08T04:04:33.162Z,FALSE,"",03:00,TRUE
fare_CCU-DEL_6E_2026-10-15_T+7_1791433399612_8hv9,CCU-DEL,EaseMyTrip,6E,6E-202,2026-10-15,T+7,10055,2207,12262,2026-10-08T04:04:33.162Z,FALSE,"",03:00,TRUE
fare_CCU-DEL_6E_2026-10-15_T+7_1791433399612_1cds,CCU-DEL,EaseMyTrip,6E,6E-5190,2026-10-15,T+7,10055,2207,12262,2026-10-08T04:04:33.162Z,FALSE,"",22:30,TRUE
fare_CCU-DEL_6E_2026-10-15_T+7_1791433399612_3hj7,CCU-DEL,EaseMyTrip,6E,6E-788,2026-10-15,T+7,10055,2207,12262,2026-10-08T04:04:33.162Z,FALSE,"",21:00,TRUE
fare_CCU-DEL_6E_2026-10-15_T+7_1791433399612_gvc2,CCU-DEL,EaseMyTrip,6E,6E-559,2026-10-15,T+7,10055,2207,12262,2026-10-08T04:04:33.162Z,FALSE,"",21:00,TRUE
fare_CCU-DEL_QP_2026-10-15_T+7_1791433399612_x8my,CCU-DEL,EaseMyTrip,QP,QP-1570,2026-10-15,T+7,10166,2232,12398,2026-10-08T04:04:33.162Z,FALSE,"",13:30,TRUE
fare_CCU-DEL_6E_2026-10-15_T+7_1791433399612_b6lq,CCU-DEL,EaseMyTrip,6E,6E-325,2026-10-15,T+7,10212,2242,12454,2026-10-08T04:04:33.162Z,FALSE,"",10:45,FALSE
fare_CCU-DEL_6E_2026-10-15_T+7_1791433399612_g341,CCU-DEL,EaseMyTrip,6E,6E-468,2026-10-15,T+7,10212,2242,12454,2026-10-08T04:04:33.162Z,FALSE,"",10:45,FALSE
fare_CCU-DEL_6E_2026-10-15_T+7_1791433399612_olyw,CCU-DEL,EaseMyTrip,6E,6E-837,2026-10-15,T+7,10212,2242,12454,2026-10-08T04:04:33.162Z,FALSE,"",10:45,FALSE
fare_CCU-DEL_6E_2026-10-15_T+7_1791433399612_lw75,CCU-DEL,EaseMyTrip,6E,6E-573,2026-10-15,T+7,10212,2242,12454,2026-10-08T04:04:33.162Z,FALSE,"",10:45,FALSE
fare_CCU-DEL_6E_2026-10-15_T+7_1791433399612_g811,CCU-DEL,EaseMyTrip,6E,6E-6851,2026-10-15,T+7,10271,2254,12525,2026-10-08T04:04:33.162Z,FALSE,"",11:15,FALSE
fare_CCU-DEL_6E_2026-10-15_T+7_1791433399612_n6qx,CCU-DEL,EaseMyTrip,6E,6E-6785,2026-10-15,T+7,10357,2273,12630,2026-10-08T04:04:33.162Z,FALSE,"",07:55,FALSE
fare_CCU-DEL_SG_2026-10-15_T+7_1791433399612_am97,CCU-DEL,EaseMyTrip,SG,SG-597,2026-10-15,T+7,10573,2321,12894,2026-10-08T04:04:33.162Z,FALSE,"",01:40,TRUE
fare_CCU-DEL_SG_2026-10-15_T+7_1791433399612_xvlh,CCU-DEL,EaseMyTrip,SG,SG-150,2026-10-15,T+7,10573,2321,12894,2026-10-08T04:04:33.162Z,FALSE,"",01:40,TRUE
fare_CCU-DEL_QP_2026-10-15_T+7_1791433399612_fcc4,CCU-DEL,EaseMyTrip,QP,QP-1802,2026-10-15,T+7,10630,2334,12964,2026-10-08T04:04:33.162Z,FALSE,"",09:05,TRUE
fare_CCU-DEL_QP_2026-10-15_T+7_1791433399612_1pnn,CCU-DEL,EaseMyTrip,QP,QP-1804,2026-10-15,T+7,10630,2334,12964,2026-10-08T04:04:33.162Z,FALSE,"",19:55,TRUE
fare_CCU-DEL_6E_2026-10-15_T+7_1791433399612_vbv5,CCU-DEL,EaseMyTrip,6E,6E-2275,2026-10-15,T+7,10658,2339,12997,2026-10-08T04:04:33.162Z,FALSE,"",14:00,TRUE
fare_CCU-DEL_6E_2026-10-15_T+7_1791433399612_1hwk,CCU-DEL,EaseMyTrip,6E,6E-900,2026-10-15,T+7,10658,2339,12997,2026-10-08T04:04:33.162Z,FALSE,"",19:15,TRUE
fare_CCU-DEL_6E_2026-10-15_T+7_1791433399612_de5r,CCU-DEL,EaseMyTrip,6E,6E-890,2026-10-15,T+7,10658,2339,12997,2026-10-08T04:04:33.162Z,FALSE,"",19:15,TRUE
fare_CCU-DEL_6E_2026-10-15_T+7_1791433399612_8goi,CCU-DEL,EaseMyTrip,6E,6E-382,2026-10-15,T+7,10680,2344,13024,2026-10-08T04:04:33.162Z,FALSE,"",13:30,FALSE
fare_CCU-DEL_6E_2026-10-15_T+7_1791433399612_v8gh,CCU-DEL,EaseMyTrip,6E,6E-135,2026-10-15,T+7,10680,2344,13024,2026-10-08T04:04:33.162Z,FALSE,"",13:30,FALSE
fare_CCU-DEL_6E_2026-10-15_T+7_1791433399612_rcie,CCU-DEL,EaseMyTrip,6E,6E-6513,2026-10-15,T+7,10723,2354,13077,2026-10-08T04:04:33.162Z,FALSE,"",08:40,FALSE
fare_CCU-DEL_6E_2026-10-15_T+7_1791433399612_bzfp,CCU-DEL,EaseMyTrip,6E,6E-512,2026-10-15,T+7,10772,2364,13136,2026-10-08T04:04:33.162Z,FALSE,"",18:05,FALSE
fare_CCU-DEL_6E_2026-10-15_T+7_1791433399612_9rcc,CCU-DEL,EaseMyTrip,6E,6E-699,2026-10-15,T+7,10772,2364,13136,2026-10-08T04:04:33.162Z,FALSE,"",18:05,FALSE
fare_CCU-DEL_6E_2026-10-15_T+7_1791433399612_zis1,CCU-DEL,EaseMyTrip,6E,6E-674,2026-10-15,T+7,10772,2364,13136,2026-10-08T04:04:33.162Z,FALSE,"",18:05,FALSE
fare_CCU-DEL_6E_2026-10-15_T+7_1791433399612_xevu,CCU-DEL,EaseMyTrip,6E,6E-543,2026-10-15,T+7,10772,2364,13136,2026-10-08T04:04:33.162Z,FALSE,"",18:05,FALSE
fare_CCU-DEL_6E_2026-10-15_T+7_1791433399612_39v5,CCU-DEL,EaseMyTrip,6E,6E-861,2026-10-15,T+7,10813,2374,13187,2026-10-08T04:04:33.162Z,FALSE,"",18:00,FALSE
fare_CCU-DEL_6E_2026-10-15_T+7_1791433399612_n0er,CCU-DEL,EaseMyTrip,6E,6E-614,2026-10-15,T+7,10813,2374,13187,2026-10-08T04:04:33.162Z,FALSE,"",18:00,FALSE
fare_CCU-DEL_AI_2026-10-15_T+7_1791433399612_jhyj,CCU-DEL,EaseMyTrip,AI,AI-2710,2026-10-15,T+7,11150,2448,13598,2026-10-08T04:04:33.162Z,FALSE,"",22:30,TRUE
fare_CCU-DEL_AI_2026-10-15_T+7_1791433399612_h39v,CCU-DEL,EaseMyTrip,AI,AI-1832,2026-10-15,T+7,11150,2448,13598,2026-10-08T04:04:33.162Z,FALSE,"",00:30,TRUE
fare_CCU-DEL_AI_2026-10-15_T+7_1791433399612_8wl2,CCU-DEL,EaseMyTrip,AI,AI-2708,2026-10-15,T+7,11150,2448,13598,2026-10-08T04:04:33.162Z,FALSE,"",21:00,TRUE
fare_CCU-DEL_6E_2026-10-15_T+7_1791433399612_ez4w,CCU-DEL,EaseMyTrip,6E,6E-6501,2026-10-15,T+7,11034,2422,13456,2026-10-08T04:04:33.162Z,FALSE,"",14:15,FALSE
fare_CCU-DEL_AI_2026-10-15_T+7_1791433399612_ctdz,CCU-DEL,EaseMyTrip,AI,AI-2514,2026-10-15,T+7,11503,2525,14028,2026-10-08T04:04:33.162Z,FALSE,"",15:10,TRUE
fare_CCU-DEL_6E_2026-10-15_T+7_1791433399612_tj34,CCU-DEL,EaseMyTrip,6E,6E-393,2026-10-15,T+7,11346,2491,13837,2026-10-08T04:04:33.162Z,FALSE,"",08:25,TRUE
fare_CCU-DEL_6E_2026-10-15_T+7_1791433399612_26ft,CCU-DEL,EaseMyTrip,6E,6E-212,2026-10-15,T+7,11346,2491,13837,2026-10-08T04:04:33.162Z,FALSE,"",08:25,TRUE
fare_CCU-DEL_6E_2026-10-15_T+7_1791433399612_yrmw,CCU-DEL,EaseMyTrip,6E,6E-6358,2026-10-15,T+7,11346,2491,13837,2026-10-08T04:04:33.162Z,FALSE,"",12:00,TRUE
fare_CCU-DEL_6E_2026-10-15_T+7_1791433399612_0hev,CCU-DEL,EaseMyTrip,6E,6E-7623,2026-10-15,T+7,11626,2552,14178,2026-10-08T04:04:33.162Z,FALSE,"",07:50,FALSE
fare_CCU-DEL_SG_2026-10-15_T+7_1791433399612_66wc,CCU-DEL,EaseMyTrip,SG,SG-2152,2026-10-15,T+7,12280,2696,14976,2026-10-08T04:04:33.162Z,FALSE,"",13:15,FALSE
fare_CCU-DEL_AI_2026-10-15_T+7_1791433399612_vg52,CCU-DEL,EaseMyTrip,AI,AI-1863,2026-10-15,T+7,12009,2636,14645,2026-10-08T04:04:33.162Z,FALSE,"",19:15,TRUE
fare_CCU-DEL_IX_2026-10-15_T+7_1791433399612_f68z,CCU-DEL,EaseMyTrip,IX,IX-1248,2026-10-15,T+7,12913,2835,15748,2026-10-08T04:04:33.162Z,FALSE,"",07:45,FALSE
fare_CCU-DEL_6E_2026-10-15_T+7_1791433399612_rsih,CCU-DEL,EaseMyTrip,6E,6E-6516,2026-10-15,T+7,12121,2661,14782,2026-10-08T04:04:33.162Z,FALSE,"",16:10,TRUE
fare_CCU-DEL_6E_2026-10-15_T+7_1791433399612_tnxd,CCU-DEL,EaseMyTrip,6E,6E-749,2026-10-15,T+7,12121,2661,14782,2026-10-08T04:04:33.162Z,FALSE,"",10:15,TRUE
fare_CCU-DEL_6E_2026-10-15_T+7_1791433399612_7zt5,CCU-DEL,EaseMyTrip,6E,6E-985,2026-10-15,T+7,12121,2661,14782,2026-10-08T04:04:33.162Z,FALSE,"",10:15,TRUE
fare_CCU-DEL_6E_2026-10-15_T+7_1791433399612_gvjx,CCU-DEL,EaseMyTrip,6E,6E-185,2026-10-15,T+7,12121,2661,14782,2026-10-08T04:04:33.162Z,FALSE,"",07:05,TRUE
fare_CCU-DEL_6E_2026-10-15_T+7_1791433399612_t4gp,CCU-DEL,EaseMyTrip,6E,6E-744,2026-10-15,T+7,12121,2661,14782,2026-10-08T04:04:33.162Z,FALSE,"",07:05,TRUE
fare_CCU-DEL_6E_2026-10-15_T+7_1791433399612_vklv,CCU-DEL,EaseMyTrip,6E,6E-621,2026-10-15,T+7,12121,2661,14782,2026-10-08T04:04:33.162Z,FALSE,"",05:20,TRUE
fare_CCU-DEL_6E_2026-10-15_T+7_1791433399612_c52r,CCU-DEL,EaseMyTrip,6E,6E-841,2026-10-15,T+7,12121,2661,14782,2026-10-08T04:04:33.162Z,FALSE,"",05:20,TRUE
fare_CCU-DEL_6E_2026-10-15_T+7_1791433399612_82uf,CCU-DEL,EaseMyTrip,6E,6E-6183,2026-10-15,T+7,12121,2661,14782,2026-10-08T04:04:33.162Z,FALSE,"",17:30,TRUE
fare_CCU-DEL_AI_2026-10-15_T+7_1791433399612_a576,CCU-DEL,EaseMyTrip,AI,AI-2768,2026-10-15,T+7,12312,2703,15015,2026-10-08T04:04:33.162Z,FALSE,"",16:10,TRUE
fare_CCU-DEL_AI_2026-10-15_T+7_1791433399612_wpx2,CCU-DEL,EaseMyTrip,AI,AI-1874,2026-10-15,T+7,12312,2703,15015,2026-10-08T04:04:33.162Z,FALSE,"",12:55,TRUE
fare_CCU-DEL_6E_2026-10-15_T+7_1791433399612_hud2,CCU-DEL,EaseMyTrip,6E,6E-6068,2026-10-15,T+7,12687,2785,15472,2026-10-08T04:04:33.162Z,FALSE,"",09:20,FALSE
fare_CCU-DEL_AI_2026-10-15_T+7_1791433399612_4w15,CCU-DEL,EaseMyTrip,AI,AI-2704,2026-10-15,T+7,13096,2875,15971,2026-10-08T04:04:33.162Z,FALSE,"",10:30,TRUE
fare_CCU-DEL_6E_2026-10-15_T+7_1791433399612_c4qv,CCU-DEL,EaseMyTrip,6E,6E-799,2026-10-15,T+7,13658,2998,16656,2026-10-08T04:04:33.162Z,FALSE,"",10:55,FALSE
fare_CCU-DEL_6E_2026-10-15_T+7_1791433399612_140c,CCU-DEL,EaseMyTrip,6E,6E-620,2026-10-15,T+7,13658,2998,16656,2026-10-08T04:04:33.162Z,FALSE,"",10:55,FALSE
fare_CCU-DEL_6E_2026-10-15_T+7_1791433399612_vftr,CCU-DEL,EaseMyTrip,6E,6E-2256,2026-10-15,T+7,13658,2998,16656,2026-10-08T04:04:33.162Z,FALSE,"",19:20,FALSE
fare_CCU-DEL_6E_2026-10-15_T+7_1791433399612_ybbw,CCU-DEL,EaseMyTrip,6E,6E-490,2026-10-15,T+7,14229,3124,17353,2026-10-08T04:04:33.162Z,FALSE,"",16:10,FALSE
fare_CCU-DEL_6E_2026-10-15_T+7_1791433399612_g1b2,CCU-DEL,EaseMyTrip,6E,6E-979,2026-10-15,T+7,14229,3124,17353,2026-10-08T04:04:33.162Z,FALSE,"",16:10,FALSE
fare_CCU-DEL_AI_2026-10-15_T+7_1791433399612_u22n,CCU-DEL,EaseMyTrip,AI,AI-2482,2026-10-15,T+7,14708,3229,17937,2026-10-08T04:04:33.162Z,FALSE,"",20:35,FALSE
fare_CCU-DEL_SG_2026-10-15_T+7_1791433399612_euog,CCU-DEL,EaseMyTrip,SG,SG-2154,2026-10-15,T+7,15496,3401,18897,2026-10-08T04:04:33.162Z,FALSE,"",17:45,FALSE
fare_CCU-DEL_AI_2026-10-15_T+7_1791433399612_4olu,CCU-DEL,EaseMyTrip,AI,AI-2644,2026-10-15,T+7,15126,3320,18446,2026-10-08T04:04:33.162Z,FALSE,"",06:55,FALSE
fare_CCU-DEL_6E_2026-10-15_T+7_1791433399612_ivzq,CCU-DEL,EaseMyTrip,6E,6E-268,2026-10-15,T+7,15108,3316,18424,2026-10-08T04:04:33.162Z,FALSE,"",14:00,FALSE
fare_CCU-DEL_6E_2026-10-15_T+7_1791433399612_f6a5,CCU-DEL,EaseMyTrip,6E,6E-465,2026-10-15,T+7,15108,3316,18424,2026-10-08T04:04:33.162Z,FALSE,"",14:00,FALSE
fare_CCU-DEL_AI_2026-10-15_T+7_1791433399612_dj3v,CCU-DEL,EaseMyTrip,AI,AI-2774,2026-10-15,T+7,15353,3370,18723,2026-10-08T04:04:33.162Z,FALSE,"",17:40,FALSE
fare_CCU-DEL_6E_2026-10-15_T+7_1791433399612_phw9,CCU-DEL,EaseMyTrip,6E,6E-568,2026-10-15,T+7,15350,3369,18719,2026-10-08T04:04:33.162Z,FALSE,"",11:25,FALSE
fare_CCU-DEL_6E_2026-10-15_T+7_1791433399612_5gc7,CCU-DEL,EaseMyTrip,6E,6E-855,2026-10-15,T+7,15350,3369,18719,2026-10-08T04:04:33.162Z,FALSE,"",11:25,FALSE
fare_CCU-DEL_AI_2026-10-15_T+7_1791433399612_o2xy,CCU-DEL,EaseMyTrip,AI,AI-2720,2026-10-15,T+7,15723,3452,19175,2026-10-08T04:04:33.162Z,FALSE,"",07:00,TRUE
fare_CCU-DEL_6E_2026-10-15_T+7_1791433399612_cped,CCU-DEL,EaseMyTrip,6E,6E-407,2026-10-15,T+7,15602,3425,19027,2026-10-08T04:04:33.162Z,FALSE,"",06:05,FALSE
fare_CCU-DEL_6E_2026-10-15_T+7_1791433399612_5h9k,CCU-DEL,EaseMyTrip,6E,6E-123,2026-10-15,T+7,15602,3425,19027,2026-10-08T04:04:33.162Z,FALSE,"",06:05,FALSE
fare_CCU-DEL_6E_2026-10-15_T+7_1791433399612_1093,CCU-DEL,EaseMyTrip,6E,6E-577,2026-10-15,T+7,15710,3449,19159,2026-10-08T04:04:33.162Z,FALSE,"",12:50,FALSE
fare_CCU-DEL_6E_2026-10-15_T+7_1791433399612_c3ib,CCU-DEL,EaseMyTrip,6E,6E-675,2026-10-15,T+7,15710,3449,19159,2026-10-08T04:04:33.162Z,FALSE,"",12:50,FALSE
fare_CCU-DEL_IX_2026-10-15_T+7_1791433399612_1j30,CCU-DEL,EaseMyTrip,IX,IX-1371,2026-10-15,T+7,16143,3544,19687,2026-10-08T04:04:33.162Z,FALSE,"",18:55,FALSE
fare_CCU-DEL_IX_2026-10-15_T+7_1791433399612_0u5w,CCU-DEL,EaseMyTrip,IX,IX-1496,2026-10-15,T+7,16341,3587,19928,2026-10-08T04:04:33.162Z,FALSE,"",11:15,FALSE
fare_CCU-DEL_6E_2026-10-15_T+7_1791433399612_j31q,CCU-DEL,EaseMyTrip,6E,6E-6344,2026-10-15,T+7,16678,3661,20339,2026-10-08T04:04:33.162Z,FALSE,"",16:15,FALSE
fare_CCU-DEL_AI_2026-10-15_T+7_1791433399612_y7us,CCU-DEL,EaseMyTrip,AI,AI-9438,2026-10-15,T+7,16881,3705,20586,2026-10-08T04:04:33.162Z,FALSE,"",11:15,FALSE
fare_CCU-DEL_IX_2026-10-15_T+7_1791433399612_d4ar,CCU-DEL,EaseMyTrip,IX,IX-1517,2026-10-15,T+7,17079,3749,20828,2026-10-08T04:04:33.162Z,FALSE,"",07:20,FALSE
fare_CCU-DEL_IX_2026-10-15_T+7_1791433399612_7ksy,CCU-DEL,EaseMyTrip,IX,IX-1514,2026-10-15,T+7,17079,3749,20828,2026-10-08T04:04:33.162Z,FALSE,"",11:50,FALSE
fare_CCU-DEL_IX_2026-10-15_T+7_1791433399612_7gg8,CCU-DEL,EaseMyTrip,IX,IX-1543,2026-10-15,T+7,17202,3776,20978,2026-10-08T04:04:33.162Z,FALSE,"",15:15,FALSE
fare_CCU-DEL_6E_2026-10-15_T+7_1791433399612_9cul,CCU-DEL,EaseMyTrip,6E,6E-7325,2026-10-15,T+7,17459,3832,21291,2026-10-08T04:04:33.162Z,FALSE,"",16:20,FALSE
fare_CCU-DEL_6E_2026-10-15_T+7_1791433399612_79u7,CCU-DEL,EaseMyTrip,6E,6E-982,2026-10-15,T+7,17883,3926,21809,2026-10-08T04:04:33.162Z,FALSE,"",13:00,FALSE
fare_CCU-DEL_6E_2026-10-15_T+7_1791433399612_ana9,CCU-DEL,EaseMyTrip,6E,6E-909,2026-10-15,T+7,17883,3926,21809,2026-10-08T04:04:33.162Z,FALSE,"",13:00,FALSE
fare_CCU-DEL_6E_2026-10-15_T+7_1791433399612_yquj,CCU-DEL,EaseMyTrip,6E,6E-6185,2026-10-15,T+7,18538,4069,22607,2026-10-08T04:04:33.162Z,FALSE,"",07:05,FALSE
fare_CCU-DEL_6E_2026-10-15_T+7_1791433399612_dbyi,CCU-DEL,EaseMyTrip,6E,6E-6908,2026-10-15,T+7,18840,4136,22976,2026-10-08T04:04:33.162Z,FALSE,"",15:00,FALSE
fare_CCU-DEL_AI_2026-10-15_T+7_1791433399612_bfy1,CCU-DEL,EaseMyTrip,AI,AI-9436,2026-10-15,T+7,19026,4176,23202,2026-10-08T04:04:33.162Z,FALSE,"",18:55,FALSE
fare_CCU-DEL_6E_2026-10-15_T+7_1791433399612_bawa,CCU-DEL,EaseMyTrip,6E,6E-314,2026-10-15,T+7,19469,4274,23743,2026-10-08T04:04:33.162Z,FALSE,"",16:05,FALSE
fare_CCU-DEL_6E_2026-10-15_T+7_1791433399612_rbko,CCU-DEL,EaseMyTrip,6E,6E-362,2026-10-15,T+7,19469,4274,23743,2026-10-08T04:04:33.162Z,FALSE,"",16:05,FALSE
fare_CCU-DEL_AI_2026-10-15_T+7_1791433399612_htxx,CCU-DEL,EaseMyTrip,AI,AI-9501,2026-10-15,T+7,19964,4382,24346,2026-10-08T04:04:33.162Z,FALSE,"",11:50,FALSE
fare_CCU-DEL_6E_2026-10-15_T+7_1791433399612_0ahk,CCU-DEL,EaseMyTrip,6E,6E-444,2026-10-15,T+7,20621,4526,25147,2026-10-08T04:04:33.162Z,FALSE,"",11:35,FALSE
fare_CCU-DEL_AI_2026-10-15_T+7_1791433399612_0b0z,CCU-DEL,EaseMyTrip,AI,AI-9440,2026-10-15,T+7,21480,4715,26195,2026-10-08T04:04:33.162Z,FALSE,"",15:15,FALSE
fare_CCU-DEL_AI_2026-10-15_T+7_1791433399612_m32n,CCU-DEL,EaseMyTrip,AI,AI-9503,2026-10-15,T+7,21769,4778,26547,2026-10-08T04:04:33.162Z,FALSE,"",07:20,FALSE
fare_CCU-DEL_AI_2026-10-15_T+7_1791433399612_me0t,CCU-DEL,EaseMyTrip,AI,AI-9782,2026-10-15,T+7,23618,5185,28803,2026-10-08T04:04:33.162Z,TRUE,"High outlier: ₹28803 > upper fence ₹28405 (Q3: ₹18719, IQR: ₹6457)",16:35,FALSE
fare_CCU-DEL_AI_2026-10-15_T+7_1791433399612_1h7y,CCU-DEL,EaseMyTrip,AI,AI-9944,2026-10-15,T+7,26844,5892,32736,2026-10-08T04:04:33.162Z,TRUE,"High outlier: ₹32736 > upper fence ₹28405 (Q3: ₹18719, IQR: ₹6457)",06:10,FALSE
fare_CCU-DEL_AI_2026-10-15_T+7_1791433399612_47gl,CCU-DEL,EaseMyTrip,AI,AI-2772,2026-10-15,T+7,30934,6791,37725,2026-10-08T04:04:33.162Z,TRUE,"High outlier: ₹37725 > upper fence ₹28405 (Q3: ₹18719, IQR: ₹6457)",10:30,FALSE
fare_DEL-BLR_IX_2026-10-23_T+15_1791433399612_4rnq,DEL-BLR,EaseMyTrip,IX,IX-1230,2026-10-23,T+15,8278,1817,10095,2026-10-08T04:02:05.763Z,FALSE,"",04:40,FALSE
fare_DEL-BLR_6E_2026-10-23_T+15_1791433399612_qo17,DEL-BLR,EaseMyTrip,6E,6E-7624,2026-10-23,T+15,8239,1808,10047,2026-10-08T04:02:05.763Z,FALSE,"",05:50,FALSE
fare_DEL-BLR_IX_2026-10-23_T+15_1791433399612_y7v3,DEL-BLR,EaseMyTrip,IX,IX-1165,2026-10-23,T+15,8531,1873,10404,2026-10-08T04:02:05.763Z,FALSE,"",06:00,FALSE
fare_DEL-BLR_6E_2026-10-23_T+15_1791433399612_l3ys,DEL-BLR,EaseMyTrip,6E,6E-321,2026-10-23,T+15,8356,1834,10190,2026-10-08T04:02:05.763Z,FALSE,"",07:05,TRUE
fare_DEL-BLR_6E_2026-10-23_T+15_1791433399612_dufm,DEL-BLR,EaseMyTrip,6E,6E-698,2026-10-23,T+15,8356,1834,10190,2026-10-08T04:02:05.763Z,FALSE,"",07:05,TRUE
fare_DEL-BLR_6E_2026-10-23_T+15_1791433399612_bau0,DEL-BLR,EaseMyTrip,6E,6E-645,2026-10-23,T+15,8356,1834,10190,2026-10-08T04:02:05.763Z,FALSE,"",03:00,TRUE
fare_DEL-BLR_6E_2026-10-23_T+15_1791433399612_r18v,DEL-BLR,EaseMyTrip,6E,6E-826,2026-10-23,T+15,8356,1834,10190,2026-10-08T04:02:05.763Z,FALSE,"",03:00,TRUE
fare_DEL-BLR_IX_2026-10-23_T+15_1791433399612_wpuu,DEL-BLR,EaseMyTrip,IX,IX-1074,2026-10-23,T+15,9335,2049,11384,2026-10-08T04:02:05.763Z,FALSE,"",11:00,FALSE
fare_DEL-BLR_AI_2026-10-23_T+15_1791433399612_qrhw,DEL-BLR,EaseMyTrip,AI,AI-2653,2026-10-23,T+15,8743,1919,10662,2026-10-08T04:02:05.763Z,FALSE,"",04:30,TRUE
fare_DEL-BLR_AI_2026-10-23_T+15_1791433399612_1cup,DEL-BLR,EaseMyTrip,AI,AI-2757,2026-10-23,T+15,8743,1919,10662,2026-10-08T04:02:05.763Z,FALSE,"",00:15,TRUE
fare_DEL-BLR_AI_2026-10-23_T+15_1791433399612_8div,DEL-BLR,EaseMyTrip,AI,AI-2815,2026-10-23,T+15,8743,1919,10662,2026-10-08T04:02:05.763Z,FALSE,"",07:00,TRUE
fare_DEL-BLR_6E_2026-10-23_T+15_1791433399612_qj5r,DEL-BLR,EaseMyTrip,6E,6E-5096,2026-10-23,T+15,8630,1894,10524,2026-10-08T04:02:05.763Z,FALSE,"",15:05,FALSE
fare_DEL-BLR_QP_2026-10-23_T+15_1791433399612_8lyq,DEL-BLR,EaseMyTrip,QP,QP-1812,2026-10-23,T+15,8706,1911,10617,2026-10-08T04:02:05.763Z,FALSE,"",22:55,TRUE
fare_DEL-BLR_6E_2026-10-23_T+15_1791433399612_cvf5,DEL-BLR,EaseMyTrip,6E,6E-363,2026-10-23,T+15,8788,1929,10717,2026-10-08T04:02:05.763Z,FALSE,"",23:30,TRUE
fare_DEL-BLR_6E_2026-10-23_T+15_1791433399612_kfmj,DEL-BLR,EaseMyTrip,6E,6E-807,2026-10-23,T+15,8788,1929,10717,2026-10-08T04:02:05.763Z,FALSE,"",23:30,TRUE
fare_DEL-BLR_QP_2026-10-23_T+15_1791433399612_ux60,DEL-BLR,EaseMyTrip,QP,QP-1350,2026-10-23,T+15,8869,1947,10816,2026-10-08T04:02:05.763Z,FALSE,"",21:55,TRUE
fare_DEL-BLR_6E_2026-10-23_T+15_1791433399612_w438,DEL-BLR,EaseMyTrip,6E,6E-6433,2026-10-23,T+15,8933,1961,10894,2026-10-08T04:02:05.763Z,FALSE,"",16:30,FALSE
fare_DEL-BLR_AI_2026-10-23_T+15_1791433399612_nakp,DEL-BLR,EaseMyTrip,AI,AI-2803,2026-10-23,T+15,9134,2005,11139,2026-10-08T04:02:05.763Z,FALSE,"",06:30,TRUE
fare_DEL-BLR_6E_2026-10-23_T+15_1791433399612_hn29,DEL-BLR,EaseMyTrip,6E,6E-634,2026-10-23,T+15,8998,1975,10973,2026-10-08T04:02:05.763Z,FALSE,"",17:55,FALSE
fare_DEL-BLR_6E_2026-10-23_T+15_1791433399612_fgr5,DEL-BLR,EaseMyTrip,6E,6E-461,2026-10-23,T+15,8998,1975,10973,2026-10-08T04:02:05.763Z,FALSE,"",17:55,FALSE
fare_DEL-BLR_6E_2026-10-23_T+15_1791433399612_04oa,DEL-BLR,EaseMyTrip,6E,6E-6212,2026-10-23,T+15,8998,1975,10973,2026-10-08T04:02:05.763Z,FALSE,"",14:45,FALSE
fare_DEL-BLR_6E_2026-10-23_T+15_1791433399612_fjch,DEL-BLR,EaseMyTrip,6E,6E-801,2026-10-23,T+15,8998,1975,10973,2026-10-08T04:02:05.763Z,FALSE,"",02:25,FALSE
fare_DEL-BLR_6E_2026-10-23_T+15_1791433399612_4ee0,DEL-BLR,EaseMyTrip,6E,6E-768,2026-10-23,T+15,8998,1975,10973,2026-10-08T04:02:05.763Z,FALSE,"",02:25,FALSE
fare_DEL-BLR_6E_2026-10-23_T+15_1791433399612_sf1q,DEL-BLR,EaseMyTrip,6E,6E-6026,2026-10-23,T+15,8998,1975,10973,2026-10-08T04:02:05.763Z,FALSE,"",05:30,FALSE
fare_DEL-BLR_6E_2026-10-23_T+15_1791433399612_j9ce,DEL-BLR,EaseMyTrip,6E,6E-6282,2026-10-23,T+15,8998,1975,10973,2026-10-08T04:02:05.763Z,FALSE,"",13:30,FALSE
fare_DEL-BLR_6E_2026-10-23_T+15_1791433399612_q311,DEL-BLR,EaseMyTrip,6E,6E-7646,2026-10-23,T+15,9009,1977,10986,2026-10-08T04:02:05.763Z,FALSE,"",06:15,FALSE
fare_DEL-BLR_QP_2026-10-23_T+15_1791433399612_n6pk,DEL-BLR,EaseMyTrip,QP,QP-1822,2026-10-23,T+15,9035,1983,11018,2026-10-08T04:02:05.763Z,FALSE,"",16:40,TRUE
fare_DEL-BLR_6E_2026-10-23_T+15_1791433399612_sue4,DEL-BLR,EaseMyTrip,6E,6E-839,2026-10-23,T+15,9045,1986,11031,2026-10-08T04:02:05.763Z,FALSE,"",20:20,FALSE
fare_DEL-BLR_6E_2026-10-23_T+15_1791433399612_zil4,DEL-BLR,EaseMyTrip,6E,6E-498,2026-10-23,T+15,9045,1986,11031,2026-10-08T04:02:05.763Z,FALSE,"",20:20,FALSE
fare_DEL-BLR_IX_2026-10-23_T+15_1791433399612_rb26,DEL-BLR,EaseMyTrip,IX,IX-1617,2026-10-23,T+15,10163,2231,12394,2026-10-08T04:02:05.763Z,FALSE,"",11:50,FALSE
fare_DEL-BLR_6E_2026-10-23_T+15_1791433399612_uczk,DEL-BLR,EaseMyTrip,6E,6E-5073,2026-10-23,T+15,9191,2018,11209,2026-10-08T04:02:05.763Z,FALSE,"",17:05,FALSE
fare_DEL-BLR_6E_2026-10-23_T+15_1791433399612_bm4h,DEL-BLR,EaseMyTrip,6E,6E-6179,2026-10-23,T+15,9191,2018,11209,2026-10-08T04:02:05.763Z,FALSE,"",18:30,FALSE
fare_DEL-BLR_6E_2026-10-23_T+15_1791433399612_9mns,DEL-BLR,EaseMyTrip,6E,6E-220,2026-10-23,T+15,9191,2018,11209,2026-10-08T04:02:05.763Z,FALSE,"",18:00,FALSE
fare_DEL-BLR_6E_2026-10-23_T+15_1791433399612_h40m,DEL-BLR,EaseMyTrip,6E,6E-947,2026-10-23,T+15,9191,2018,11209,2026-10-08T04:02:05.763Z,FALSE,"",18:00,FALSE
fare_DEL-BLR_6E_2026-10-23_T+15_1791433399612_6idi,DEL-BLR,EaseMyTrip,6E,6E-5119,2026-10-23,T+15,9191,2018,11209,2026-10-08T04:02:05.763Z,FALSE,"",05:10,FALSE
fare_DEL-BLR_6E_2026-10-23_T+15_1791433399612_6fnn,DEL-BLR,EaseMyTrip,6E,6E-2557,2026-10-23,T+15,9191,2018,11209,2026-10-08T04:02:05.763Z,FALSE,"",15:20,FALSE
fare_DEL-BLR_6E_2026-10-23_T+15_1791433399612_wmi7,DEL-BLR,EaseMyTrip,6E,6E-6569,2026-10-23,T+15,9191,2018,11209,2026-10-08T04:02:05.763Z,FALSE,"",05:00,FALSE
fare_DEL-BLR_6E_2026-10-23_T+15_1791433399612_r6mi,DEL-BLR,EaseMyTrip,6E,6E-674,2026-10-23,T+15,9191,2018,11209,2026-10-08T04:02:05.763Z,FALSE,"",14:50,FALSE
fare_DEL-BLR_6E_2026-10-23_T+15_1791433399612_ngh7,DEL-BLR,EaseMyTrip,6E,6E-601,2026-10-23,T+15,9191,2018,11209,2026-10-08T04:02:05.763Z,FALSE,"",14:50,FALSE
fare_DEL-BLR_6E_2026-10-23_T+15_1791433399612_b45z,DEL-BLR,EaseMyTrip,6E,6E-2618,2026-10-23,T+15,9191,2018,11209,2026-10-08T04:02:05.763Z,FALSE,"",23:00,FALSE
fare_DEL-BLR_QP_2026-10-23_T+15_1791433399612_dewh,DEL-BLR,EaseMyTrip,QP,QP-1824,2026-10-23,T+15,9205,2020,11225,2026-10-08T04:02:05.763Z,FALSE,"",20:50,TRUE
fare_DEL-BLR_6E_2026-10-23_T+15_1791433399612_wzyl,DEL-BLR,EaseMyTrip,6E,6E-705,2026-10-23,T+15,9214,2022,11236,2026-10-08T04:02:05.763Z,FALSE,"",18:15,FALSE
fare_DEL-BLR_6E_2026-10-23_T+15_1791433399612_mg44,DEL-BLR,EaseMyTrip,6E,6E-704,2026-10-23,T+15,9214,2022,11236,2026-10-08T04:02:05.763Z,FALSE,"",18:15,FALSE
fare_DEL-BLR_6E_2026-10-23_T+15_1791433399612_2bk1,DEL-BLR,EaseMyTrip,6E,6E-2147,2026-10-23,T+15,9214,2022,11236,2026-10-08T04:02:05.763Z,FALSE,"",11:10,FALSE
fare_DEL-BLR_6E_2026-10-23_T+15_1791433399612_gbtw,DEL-BLR,EaseMyTrip,6E,6E-6632,2026-10-23,T+15,9214,2022,11236,2026-10-08T04:02:05.763Z,FALSE,"",17:50,FALSE
fare_DEL-BLR_6E_2026-10-23_T+15_1791433399612_18b1,DEL-BLR,EaseMyTrip,6E,6E-578,2026-10-23,T+15,9214,2022,11236,2026-10-08T04:02:05.763Z,FALSE,"",02:55,FALSE
fare_DEL-BLR_6E_2026-10-23_T+15_1791433399612_nhby,DEL-BLR,EaseMyTrip,6E,6E-417,2026-10-23,T+15,9214,2022,11236,2026-10-08T04:02:05.763Z,FALSE,"",02:55,FALSE
fare_DEL-BLR_6E_2026-10-23_T+15_1791433399612_6mmh,DEL-BLR,EaseMyTrip,6E,6E-2150,2026-10-23,T+15,9214,2022,11236,2026-10-08T04:02:05.763Z,FALSE,"",16:55,FALSE
fare_DEL-BLR_6E_2026-10-23_T+15_1791433399612_wp67,DEL-BLR,EaseMyTrip,6E,6E-5033,2026-10-23,T+15,9214,2022,11236,2026-10-08T04:02:05.763Z,FALSE,"",15:50,FALSE
fare_DEL-BLR_AI_2026-10-23_T+15_1791433399612_nizp,DEL-BLR,EaseMyTrip,AI,AI-427,2026-10-23,T+15,9546,2095,11641,2026-10-08T04:02:05.763Z,FALSE,"",08:30,TRUE
fare_DEL-BLR_AI_2026-10-23_T+15_1791433399612_97la,DEL-BLR,EaseMyTrip,AI,AI-2415,2026-10-23,T+15,9546,2095,11641,2026-10-08T04:02:05.763Z,FALSE,"",09:30,TRUE
fare_DEL-BLR_6E_2026-10-23_T+15_1791433399612_0cyv,DEL-BLR,EaseMyTrip,6E,6E-6497,2026-10-23,T+15,9407,2065,11472,2026-10-08T04:02:05.763Z,FALSE,"",18:40,FALSE
fare_DEL-BLR_IX_2026-10-23_T+15_1791433399612_s9q8,DEL-BLR,EaseMyTrip,IX,IX-1038,2026-10-23,T+15,9643,2117,11760,2026-10-08T04:02:05.763Z,FALSE,"",17:35,FALSE
fare_DEL-BLR_IX_2026-10-23_T+15_1791433399612_332c,DEL-BLR,EaseMyTrip,IX,IX-1024,2026-10-23,T+15,9643,2117,11760,2026-10-08T04:02:05.763Z,FALSE,"",18:40,FALSE
fare_DEL-BLR_AI_2026-10-23_T+15_1791433399612_8xc0,DEL-BLR,EaseMyTrip,AI,AI-2499,2026-10-23,T+15,9635,2115,11750,2026-10-08T04:02:05.763Z,FALSE,"",06:00,FALSE
fare_DEL-BLR_QP_2026-10-23_T+15_1791433399612_1e6p,DEL-BLR,EaseMyTrip,QP,QP-1574,2026-10-23,T+15,9556,2098,11654,2026-10-08T04:02:05.763Z,FALSE,"",14:10,TRUE
fare_DEL-BLR_6E_2026-10-23_T+15_1791433399612_pefx,DEL-BLR,EaseMyTrip,6E,6E-863,2026-10-23,T+15,9590,2105,11695,2026-10-08T04:02:05.763Z,FALSE,"",08:20,TRUE
fare_DEL-BLR_6E_2026-10-23_T+15_1791433399612_tt0j,DEL-BLR,EaseMyTrip,6E,6E-305,2026-10-23,T+15,9590,2105,11695,2026-10-08T04:02:05.763Z,FALSE,"",08:20,TRUE
fare_DEL-BLR_6E_2026-10-23_T+15_1791433399612_cek5,DEL-BLR,EaseMyTrip,6E,6E-6054,2026-10-23,T+15,9590,2105,11695,2026-10-08T04:02:05.763Z,FALSE,"",01:05,TRUE
fare_DEL-BLR_6E_2026-10-23_T+15_1791433399612_utr2,DEL-BLR,EaseMyTrip,6E,6E-919,2026-10-23,T+15,9590,2105,11695,2026-10-08T04:02:05.763Z,FALSE,"",22:00,TRUE
fare_DEL-BLR_6E_2026-10-23_T+15_1791433399612_iz0s,DEL-BLR,EaseMyTrip,6E,6E-924,2026-10-23,T+15,9590,2105,11695,2026-10-08T04:02:05.763Z,FALSE,"",22:00,TRUE
fare_DEL-BLR_6E_2026-10-23_T+15_1791433399612_gjt0,DEL-BLR,EaseMyTrip,6E,6E-6515,2026-10-23,T+15,9590,2105,11695,2026-10-08T04:02:05.763Z,FALSE,"",20:45,TRUE
fare_DEL-BLR_6E_2026-10-23_T+15_1791433399612_lxzf,DEL-BLR,EaseMyTrip,6E,6E-506,2026-10-23,T+15,9590,2105,11695,2026-10-08T04:02:05.763Z,FALSE,"",17:00,TRUE
fare_DEL-BLR_6E_2026-10-23_T+15_1791433399612_8gvw,DEL-BLR,EaseMyTrip,6E,6E-943,2026-10-23,T+15,9590,2105,11695,2026-10-08T04:02:05.763Z,FALSE,"",17:00,TRUE
fare_DEL-BLR_6E_2026-10-23_T+15_1791433399612_na42,DEL-BLR,EaseMyTrip,6E,6E-277,2026-10-23,T+15,9590,2105,11695,2026-10-08T04:02:05.763Z,FALSE,"",15:45,TRUE
fare_DEL-BLR_6E_2026-10-23_T+15_1791433399612_asw1,DEL-BLR,EaseMyTrip,6E,6E-310,2026-10-23,T+15,9590,2105,11695,2026-10-08T04:02:05.763Z,FALSE,"",15:45,TRUE
fare_DEL-BLR_6E_2026-10-23_T+15_1791433399612_dst9,DEL-BLR,EaseMyTrip,6E,6E-343,2026-10-23,T+15,9590,2105,11695,2026-10-08T04:02:05.763Z,FALSE,"",14:30,TRUE
fare_DEL-BLR_6E_2026-10-23_T+15_1791433399612_pvy5,DEL-BLR,EaseMyTrip,6E,6E-808,2026-10-23,T+15,9590,2105,11695,2026-10-08T04:02:05.763Z,FALSE,"",14:30,TRUE
fare_DEL-BLR_6E_2026-10-23_T+15_1791433399612_ltzn,DEL-BLR,EaseMyTrip,6E,6E-192,2026-10-23,T+15,9590,2105,11695,2026-10-08T04:02:05.763Z,FALSE,"",10:45,TRUE
fare_DEL-BLR_6E_2026-10-23_T+15_1791433399612_3nip,DEL-BLR,EaseMyTrip,6E,6E-473,2026-10-23,T+15,9590,2105,11695,2026-10-08T04:02:05.763Z,FALSE,"",10:45,TRUE
fare_DEL-BLR_6E_2026-10-23_T+15_1791433399612_i9uj,DEL-BLR,EaseMyTrip,6E,6E-108,2026-10-23,T+15,9590,2105,11695,2026-10-08T04:02:05.763Z,FALSE,"",09:30,TRUE
fare_DEL-BLR_6E_2026-10-23_T+15_1791433399612_go3w,DEL-BLR,EaseMyTrip,6E,6E-203,2026-10-23,T+15,9590,2105,11695,2026-10-08T04:02:05.763Z,FALSE,"",09:30,TRUE
fare_DEL-BLR_6E_2026-10-23_T+15_1791433399612_b73v,DEL-BLR,EaseMyTrip,6E,6E-2314,2026-10-23,T+15,9590,2105,11695,2026-10-08T04:02:05.763Z,FALSE,"",05:45,TRUE
fare_DEL-BLR_6E_2026-10-23_T+15_1791433399612_vktr,DEL-BLR,EaseMyTrip,6E,6E-982,2026-10-23,T+15,9590,2105,11695,2026-10-08T04:02:05.763Z,FALSE,"",13:15,TRUE
fare_DEL-BLR_6E_2026-10-23_T+15_1791433399612_1alx,DEL-BLR,EaseMyTrip,6E,6E-195,2026-10-23,T+15,9590,2105,11695,2026-10-08T04:02:05.763Z,FALSE,"",13:15,TRUE
fare_DEL-BLR_6E_2026-10-23_T+15_1791433399612_ah1r,DEL-BLR,EaseMyTrip,6E,6E-510,2026-10-23,T+15,9590,2105,11695,2026-10-08T04:02:05.763Z,FALSE,"",12:15,TRUE
fare_DEL-BLR_6E_2026-10-23_T+15_1791433399612_0t9e,DEL-BLR,EaseMyTrip,6E,6E-324,2026-10-23,T+15,9590,2105,11695,2026-10-08T04:02:05.763Z,FALSE,"",12:15,TRUE
fare_DEL-BLR_6E_2026-10-23_T+15_1791433399612_wkws,DEL-BLR,EaseMyTrip,6E,6E-2519,2026-10-23,T+15,9607,2109,11716,2026-10-08T04:02:05.763Z,FALSE,"",13:00,TRUE
fare_DEL-BLR_6E_2026-10-23_T+15_1791433399612_xwkf,DEL-BLR,EaseMyTrip,6E,6E-6217,2026-10-23,T+15,9645,2117,11762,2026-10-08T04:02:05.763Z,FALSE,"",16:15,FALSE
fare_DEL-BLR_6E_2026-10-23_T+15_1791433399612_mjpg,DEL-BLR,EaseMyTrip,6E,6E-491,2026-10-23,T+15,9645,2117,11762,2026-10-08T04:02:05.763Z,FALSE,"",16:10,FALSE
fare_DEL-BLR_6E_2026-10-23_T+15_1791433399612_1pym,DEL-BLR,EaseMyTrip,6E,6E-524,2026-10-23,T+15,9645,2117,11762,2026-10-08T04:02:05.763Z,FALSE,"",16:10,FALSE
fare_DEL-BLR_6E_2026-10-23_T+15_1791433399612_hfke,DEL-BLR,EaseMyTrip,6E,6E-6293,2026-10-23,T+15,9645,2117,11762,2026-10-08T04:02:05.763Z,FALSE,"",09:55,FALSE
fare_DEL-BLR_AI_2026-10-23_T+15_1791433399612_vm6s,DEL-BLR,EaseMyTrip,AI,AI-2711,2026-10-23,T+15,9915,2177,12092,2026-10-08T04:02:05.763Z,FALSE,"",02:00,FALSE
fare_DEL-BLR_QP_2026-10-23_T+15_1791433399612_14kz,DEL-BLR,EaseMyTrip,QP,QP-1526,2026-10-23,T+15,9782,2147,11929,2026-10-08T04:02:05.763Z,FALSE,"",16:30,TRUE
fare_DEL-BLR_AI_2026-10-23_T+15_1791433399612_rjpa,DEL-BLR,EaseMyTrip,AI,AI-2485,2026-10-23,T+15,9979,2190,12169,2026-10-08T04:02:05.763Z,FALSE,"",10:30,TRUE
fare_DEL-BLR_6E_2026-10-23_T+15_1791433399612_7e3p,DEL-BLR,EaseMyTrip,6E,6E-2571,2026-10-23,T+15,9824,2156,11980,2026-10-08T04:02:05.763Z,FALSE,"",10:30,FALSE
fare_DEL-BLR_6E_2026-10-23_T+15_1791433399612_w7gd,DEL-BLR,EaseMyTrip,6E,6E-6488,2026-10-23,T+15,9838,2160,11998,2026-10-08T04:02:05.763Z,FALSE,"",11:20,FALSE
fare_DEL-BLR_6E_2026-10-23_T+15_1791433399613_3u52,DEL-BLR,EaseMyTrip,6E,6E-6091,2026-10-23,T+15,9860,2164,12024,2026-10-08T04:02:05.763Z,FALSE,"",15:15,FALSE
fare_DEL-BLR_AI_2026-10-23_T+15_1791433399613_apk0,DEL-BLR,EaseMyTrip,AI,AI-2809,2026-10-23,T+15,10155,2229,12384,2026-10-08T04:02:05.763Z,FALSE,"",19:30,TRUE
fare_DEL-BLR_AI_2026-10-23_T+15_1791433399613_cfez,DEL-BLR,EaseMyTrip,AI,AI-2417,2026-10-23,T+15,10155,2229,12384,2026-10-08T04:02:05.763Z,FALSE,"",13:00,TRUE
fare_DEL-BLR_6E_2026-10-23_T+15_1791433399613_tugv,DEL-BLR,EaseMyTrip,6E,6E-953,2026-10-23,T+15,10024,2200,12224,2026-10-08T04:02:05.763Z,FALSE,"",19:30,TRUE
fare_DEL-BLR_6E_2026-10-23_T+15_1791433399613_f0zy,DEL-BLR,EaseMyTrip,6E,6E-981,2026-10-23,T+15,10024,2200,12224,2026-10-08T04:02:05.763Z,FALSE,"",19:30,TRUE
fare_DEL-BLR_6E_2026-10-23_T+15_1791433399613_l7n9,DEL-BLR,EaseMyTrip,6E,6E-2769,2026-10-23,T+15,10053,2207,12260,2026-10-08T04:02:05.763Z,FALSE,"",08:10,FALSE
fare_DEL-BLR_AI_2026-10-23_T+15_1791433399613_80f3,DEL-BLR,EaseMyTrip,AI,AI-2412,2026-10-23,T+15,10242,2248,12490,2026-10-08T04:02:05.763Z,FALSE,"",21:30,TRUE
fare_DEL-BLR_6E_2026-10-23_T+15_1791433399613_7y3r,DEL-BLR,EaseMyTrip,6E,6E-7653,2026-10-23,T+15,10104,2218,12322,2026-10-08T04:02:05.763Z,FALSE,"",17:20,FALSE
fare_DEL-BLR_6E_2026-10-23_T+15_1791433399613_2xmy,DEL-BLR,EaseMyTrip,6E,6E-2456,2026-10-23,T+15,10118,2221,12339,2026-10-08T04:02:05.763Z,FALSE,"",14:55,TRUE
fare_DEL-BLR_6E_2026-10-23_T+15_1791433399613_ubjq,DEL-BLR,EaseMyTrip,6E,6E-7642,2026-10-23,T+15,10125,2223,12348,2026-10-08T04:02:05.763Z,FALSE,"",15:45,FALSE
fare_DEL-BLR_AI_2026-10-23_T+15_1791433399613_51vv,DEL-BLR,EaseMyTrip,AI,AI-1797,2026-10-23,T+15,10338,2269,12607,2026-10-08T04:02:05.763Z,FALSE,"",05:45,FALSE
fare_DEL-BLR_AI_2026-10-23_T+15_1791433399613_z3rj,DEL-BLR,EaseMyTrip,AI,AI-2469,2026-10-23,T+15,10338,2269,12607,2026-10-08T04:02:05.763Z,FALSE,"",04:45,FALSE
fare_DEL-BLR_AI_2026-10-23_T+15_1791433399613_zs5u,DEL-BLR,EaseMyTrip,AI,AI-2664,2026-10-23,T+15,10435,2291,12726,2026-10-08T04:02:05.763Z,FALSE,"",16:00,TRUE
fare_DEL-BLR_AI_2026-10-23_T+15_1791433399613_pjju,DEL-BLR,EaseMyTrip,AI,AI-2817,2026-10-23,T+15,10435,2291,12726,2026-10-08T04:02:05.763Z,FALSE,"",16:30,TRUE
fare_DEL-BLR_AI_2026-10-23_T+15_1791433399613_akip,DEL-BLR,EaseMyTrip,AI,AI-2813,2026-10-23,T+15,10435,2291,12726,2026-10-08T04:02:05.763Z,FALSE,"",18:00,TRUE
fare_DEL-BLR_AI_2026-10-23_T+15_1791433399613_nzms,DEL-BLR,EaseMyTrip,AI,AI-2512,2026-10-23,T+15,10435,2291,12726,2026-10-08T04:02:05.763Z,FALSE,"",19:00,TRUE
fare_DEL-BLR_IX_2026-10-23_T+15_1791433399613_2d8x,DEL-BLR,EaseMyTrip,IX,IX-1392,2026-10-23,T+15,10580,2323,12903,2026-10-08T04:02:05.763Z,FALSE,"",23:25,FALSE
fare_DEL-BLR_AI_2026-10-23_T+15_1791433399613_ncnz,DEL-BLR,EaseMyTrip,AI,AI-2547,2026-10-23,T+15,10604,2328,12932,2026-10-08T04:02:05.763Z,FALSE,"",17:40,FALSE
fare_DEL-BLR_AI_2026-10-23_T+15_1791433399613_lgn5,DEL-BLR,EaseMyTrip,AI,AI-2819,2026-10-23,T+15,10620,2331,12951,2026-10-08T04:02:05.763Z,FALSE,"",15:00,TRUE
fare_DEL-BLR_6E_2026-10-23_T+15_1791433399613_abzk,DEL-BLR,EaseMyTrip,6E,6E-577,2026-10-23,T+15,10480,2300,12780,2026-10-08T04:02:05.763Z,FALSE,"",18:20,TRUE
fare_DEL-BLR_AI_2026-10-23_T+15_1791433399613_3xzy,DEL-BLR,EaseMyTrip,AI,AI-465,2026-10-23,T+15,10669,2342,13011,2026-10-08T04:02:05.763Z,FALSE,"",16:20,FALSE
fare_DEL-BLR_SG_2026-10-23_T+15_1791433399613_s7x9,DEL-BLR,EaseMyTrip,SG,SG-457,2026-10-23,T+15,10785,2368,13153,2026-10-08T04:02:05.763Z,FALSE,"",13:45,TRUE
fare_DEL-BLR_SG_2026-10-23_T+15_1791433399613_jplp,DEL-BLR,EaseMyTrip,SG,SG-257,2026-10-23,T+15,10785,2368,13153,2026-10-08T04:02:05.763Z,FALSE,"",13:45,TRUE
fare_DEL-BLR_6E_2026-10-23_T+15_1791433399613_by3s,DEL-BLR,EaseMyTrip,6E,6E-6673,2026-10-23,T+15,10542,2314,12856,2026-10-08T04:02:05.763Z,FALSE,"",21:15,FALSE
fare_DEL-BLR_IX_2026-10-23_T+15_1791433399613_7fhz,DEL-BLR,EaseMyTrip,IX,IX-1070,2026-10-23,T+15,10748,2359,13107,2026-10-08T04:02:05.763Z,FALSE,"",22:00,TRUE
fare_DEL-BLR_AI_2026-10-23_T+15_1791433399613_8bje,DEL-BLR,EaseMyTrip,AI,AI-2971,2026-10-23,T+15,10879,2388,13267,2026-10-08T04:02:05.763Z,FALSE,"",16:00,FALSE
fare_DEL-BLR_AI_2026-10-23_T+15_1791433399613_3o5t,DEL-BLR,EaseMyTrip,AI,AI-1735,2026-10-23,T+15,10936,2400,13336,2026-10-08T04:02:05.763Z,FALSE,"",13:00,FALSE
fare_DEL-BLR_AI_2026-10-23_T+15_1791433399613_mpqi,DEL-BLR,EaseMyTrip,AI,AI-2973,2026-10-23,T+15,11049,2425,13474,2026-10-08T04:02:05.763Z,FALSE,"",20:50,FALSE
fare_DEL-BLR_6E_2026-10-23_T+15_1791433399613_hemi,DEL-BLR,EaseMyTrip,6E,6E-2491,2026-10-23,T+15,11171,2452,13623,2026-10-08T04:02:05.763Z,FALSE,"",15:15,FALSE
fare_DEL-BLR_AI_2026-10-23_T+15_1791433399613_4zvm,DEL-BLR,EaseMyTrip,AI,AI-1730,2026-10-23,T+15,11402,2503,13905,2026-10-08T04:02:05.763Z,FALSE,"",19:10,FALSE
fare_DEL-BLR_6E_2026-10-23_T+15_1791433399613_jfgv,DEL-BLR,EaseMyTrip,6E,6E-830,2026-10-23,T+15,11459,2515,13974,2026-10-08T04:02:05.763Z,FALSE,"",17:10,FALSE
fare_DEL-BLR_6E_2026-10-23_T+15_1791433399613_dgt7,DEL-BLR,EaseMyTrip,6E,6E-552,2026-10-23,T+15,11459,2515,13974,2026-10-08T04:02:05.763Z,FALSE,"",17:10,FALSE
fare_DEL-BLR_IX_2026-10-23_T+15_1791433399613_7ei3,DEL-BLR,EaseMyTrip,IX,IX-1090,2026-10-23,T+15,11832,2597,14429,2026-10-08T04:02:05.763Z,FALSE,"",13:10,FALSE
fare_DEL-BLR_AI_2026-10-23_T+15_1791433399613_1dro,DEL-BLR,EaseMyTrip,AI,AI-2577,2026-10-23,T+15,11886,2609,14495,2026-10-08T04:02:05.763Z,FALSE,"",02:00,FALSE
fare_DEL-BLR_AI_2026-10-23_T+15_1791433399613_esn0,DEL-BLR,EaseMyTrip,AI,AI-2899,2026-10-23,T+15,12325,2705,15030,2026-10-08T04:02:05.763Z,FALSE,"",12:30,FALSE
fare_DEL-BLR_6E_2026-10-23_T+15_1791433399613_0rna,DEL-BLR,EaseMyTrip,6E,6E-2349,2026-10-23,T+15,12193,2676,14869,2026-10-08T04:02:05.763Z,FALSE,"",10:55,FALSE
fare_DEL-BLR_IX_2026-10-23_T+15_1791433399613_fsir,DEL-BLR,EaseMyTrip,IX,IX-1046,2026-10-23,T+15,12667,2780,15447,2026-10-08T04:02:05.763Z,FALSE,"",06:30,FALSE
fare_DEL-BLR_AI_2026-10-23_T+15_1791433399613_dk83,DEL-BLR,EaseMyTrip,AI,AI-2483,2026-10-23,T+15,12831,2816,15647,2026-10-08T04:02:05.763Z,FALSE,"",12:20,FALSE
fare_DEL-BLR_AI_2026-10-23_T+15_1791433399613_nm5y,DEL-BLR,EaseMyTrip,AI,AI-2879,2026-10-23,T+15,13185,2894,16079,2026-10-08T04:02:05.763Z,FALSE,"",18:00,FALSE
fare_DEL-BLR_6E_2026-10-23_T+15_1791433399613_ibal,DEL-BLR,EaseMyTrip,6E,6E-2277,2026-10-23,T+15,13072,2870,15942,2026-10-08T04:02:05.763Z,FALSE,"",10:25,FALSE
fare_DEL-BLR_6E_2026-10-23_T+15_1791433399613_zz66,DEL-BLR,EaseMyTrip,6E,6E-5038,2026-10-23,T+15,13072,2870,15942,2026-10-08T04:02:05.763Z,FALSE,"",14:00,FALSE
fare_DEL-BLR_AI_2026-10-23_T+15_1791433399613_obat,DEL-BLR,EaseMyTrip,AI,AI-2519,2026-10-23,T+15,13405,2942,16347,2026-10-08T04:02:05.763Z,FALSE,"",15:30,FALSE
fare_DEL-BLR_IX_2026-10-23_T+15_1791433399613_r83z,DEL-BLR,EaseMyTrip,IX,IX-1076,2026-10-23,T+15,14747,3237,17984,2026-10-08T04:02:05.763Z,FALSE,"",09:00,FALSE
fare_DEL-BLR_AI_2026-10-23_T+15_1791433399613_86m2,DEL-BLR,EaseMyTrip,AI,AI-1780,2026-10-23,T+15,13877,3046,16923,2026-10-08T04:02:05.763Z,FALSE,"",14:30,FALSE
fare_DEL-BLR_6E_2026-10-23_T+15_1791433399613_57f2,DEL-BLR,EaseMyTrip,6E,6E-457,2026-10-23,T+15,14061,3087,17148,2026-10-08T04:02:05.763Z,FALSE,"",19:30,FALSE
fare_DEL-BLR_6E_2026-10-23_T+15_1791433399613_yk22,DEL-BLR,EaseMyTrip,6E,6E-410,2026-10-23,T+15,14061,3087,17148,2026-10-08T04:02:05.763Z,FALSE,"",19:30,FALSE
fare_DEL-BLR_IX_2026-10-23_T+15_1791433399613_nufn,DEL-BLR,EaseMyTrip,IX,IX-1346,2026-10-23,T+15,14296,3138,17434,2026-10-08T04:02:05.763Z,FALSE,"",06:10,FALSE
fare_DEL-BLR_AI_2026-10-23_T+15_1791433399613_s52m,DEL-BLR,EaseMyTrip,AI,AI-2532,2026-10-23,T+15,14781,3245,18026,2026-10-08T04:02:05.763Z,FALSE,"",11:20,FALSE
fare_DEL-BLR_IX_2026-10-23_T+15_1791433399613_cm21,DEL-BLR,EaseMyTrip,IX,IX-1812,2026-10-23,T+15,15001,3293,18294,2026-10-08T04:02:05.763Z,FALSE,"",11:15,FALSE
fare_DEL-BLR_IX_2026-10-23_T+15_1791433399613_ko8k,DEL-BLR,EaseMyTrip,IX,IX-1811,2026-10-23,T+15,15672,3440,19112,2026-10-08T04:02:05.763Z,FALSE,"",06:50,FALSE
fare_DEL-BLR_AI_2026-10-23_T+15_1791433399613_wjy4,DEL-BLR,EaseMyTrip,AI,AI-437,2026-10-23,T+15,16134,3542,19676,2026-10-08T04:02:05.763Z,TRUE,"High outlier: ₹19676 > upper fence ₹19384 (Q3: ₹14495, IQR: ₹3259)",09:15,FALSE
fare_DEL-BLR_IX_2026-10-23_T+15_1791433399613_k07w,DEL-BLR,EaseMyTrip,IX,IX-1054,2026-10-23,T+15,16739,3674,20413,2026-10-08T04:02:05.763Z,TRUE,"High outlier: ₹20413 > upper fence ₹19384 (Q3: ₹14495, IQR: ₹3259)",12:05,FALSE
fare_DEL-BLR_IX_2026-10-23_T+15_1791433399613_pbl3,DEL-BLR,EaseMyTrip,IX,IX-1980,2026-10-23,T+15,17191,3774,20965,2026-10-08T04:02:05.763Z,TRUE,"High outlier: ₹20965 > upper fence ₹19384 (Q3: ₹14495, IQR: ₹3259)",09:55,FALSE
fare_DEL-BLR_IX_2026-10-23_T+15_1791433399613_r006,DEL-BLR,EaseMyTrip,IX,IX-1012,2026-10-23,T+15,17191,3774,20965,2026-10-08T04:02:05.763Z,TRUE,"High outlier: ₹20965 > upper fence ₹19384 (Q3: ₹14495, IQR: ₹3259)",06:50,FALSE
fare_DEL-BLR_IX_2026-10-23_T+15_1791433399613_q4xn,DEL-BLR,EaseMyTrip,IX,IX-1783,2026-10-23,T+15,18218,3999,22217,2026-10-08T04:02:05.763Z,TRUE,"High outlier: ₹22217 > upper fence ₹19384 (Q3: ₹14495, IQR: ₹3259)",07:20,FALSE
fare_DEL-BLR_IX_2026-10-23_T+15_1791433399613_9yly,DEL-BLR,EaseMyTrip,IX,IX-1057,2026-10-23,T+15,18218,3999,22217,2026-10-08T04:02:05.763Z,TRUE,"High outlier: ₹22217 > upper fence ₹19384 (Q3: ₹14495, IQR: ₹3259)",06:20,FALSE
fare_DEL-BLR_6E_2026-10-23_T+15_1791433399613_kjsy,DEL-BLR,EaseMyTrip,6E,6E-6459,2026-10-23,T+15,18258,4008,22266,2026-10-08T04:02:05.763Z,TRUE,"High outlier: ₹22266 > upper fence ₹19384 (Q3: ₹14495, IQR: ₹3259)",05:55,FALSE
fare_DEL-BLR_SG_2026-10-23_T+15_1791433399613_too9,DEL-BLR,EaseMyTrip,SG,SG-519,2026-10-23,T+15,19647,4313,23960,2026-10-08T04:02:05.763Z,TRUE,"High outlier: ₹23960 > upper fence ₹19384 (Q3: ₹14495, IQR: ₹3259)",20:30,FALSE
fare_DEL-BLR_SG_2026-10-23_T+15_1791433399613_cvtt,DEL-BLR,EaseMyTrip,SG,SG-640,2026-10-23,T+15,19647,4313,23960,2026-10-08T04:02:05.763Z,TRUE,"High outlier: ₹23960 > upper fence ₹19384 (Q3: ₹14495, IQR: ₹3259)",20:30,FALSE
fare_DEL-BLR_AI_2026-10-23_T+15_1791433399613_1smk,DEL-BLR,EaseMyTrip,AI,AI-1749,2026-10-23,T+15,19975,4385,24360,2026-10-08T04:02:05.763Z,TRUE,"High outlier: ₹24360 > upper fence ₹19384 (Q3: ₹14495, IQR: ₹3259)",08:40,FALSE
fare_DEL-BLR_IX_2026-10-23_T+15_1791433399613_pzqm,DEL-BLR,EaseMyTrip,IX,IX-1035,2026-10-23,T+15,20880,4584,25464,2026-10-08T04:02:05.763Z,TRUE,"High outlier: ₹25464 > upper fence ₹19384 (Q3: ₹14495, IQR: ₹3259)",07:30,FALSE
fare_DEL-BLR_IX_2026-10-23_T+15_1791433399613_lci9,DEL-BLR,EaseMyTrip,IX,IX-1032,2026-10-23,T+15,20880,4584,25464,2026-10-08T04:02:05.763Z,TRUE,"High outlier: ₹25464 > upper fence ₹19384 (Q3: ₹14495, IQR: ₹3259)",05:45,FALSE
fare_DEL-BLR_IX_2026-10-23_T+15_1791433399613_sh5m,DEL-BLR,EaseMyTrip,IX,IX-1067,2026-10-23,T+15,21248,4664,25912,2026-10-08T04:02:05.763Z,TRUE,"High outlier: ₹25912 > upper fence ₹19384 (Q3: ₹14495, IQR: ₹3259)",06:10,FALSE
fare_DEL-BLR_IX_2026-10-23_T+15_1791433399613_j5zi,DEL-BLR,EaseMyTrip,IX,IX-1108,2026-10-23,T+15,21316,4679,25995,2026-10-08T04:02:05.763Z,TRUE,"High outlier: ₹25995 > upper fence ₹19384 (Q3: ₹14495, IQR: ₹3259)",05:00,FALSE
fare_DEL-BLR_IX_2026-10-23_T+15_1791433399613_dasv,DEL-BLR,EaseMyTrip,IX,IX-1068,2026-10-23,T+15,22333,4902,27235,2026-10-08T04:02:05.763Z,TRUE,"High outlier: ₹27235 > upper fence ₹19384 (Q3: ₹14495, IQR: ₹3259)",11:55,FALSE
fare_DEL-BLR_6E_2026-10-23_T+15_1791433399613_g2jh,DEL-BLR,EaseMyTrip,6E,6E-255,2026-10-23,T+15,22209,4875,27084,2026-10-08T04:02:05.763Z,TRUE,"High outlier: ₹27084 > upper fence ₹19384 (Q3: ₹14495, IQR: ₹3259)",16:20,FALSE
fare_DEL-BLR_6E_2026-10-23_T+15_1791433399613_a01r,DEL-BLR,EaseMyTrip,6E,6E-152,2026-10-23,T+15,22209,4875,27084,2026-10-08T04:02:05.763Z,TRUE,"High outlier: ₹27084 > upper fence ₹19384 (Q3: ₹14495, IQR: ₹3259)",16:20,FALSE
fare_DEL-BLR_IX_2026-10-23_T+15_1791433399613_dzvs,DEL-BLR,EaseMyTrip,IX,IX-1085,2026-10-23,T+15,24108,5292,29400,2026-10-08T04:02:05.763Z,TRUE,"High outlier: ₹29400 > upper fence ₹19384 (Q3: ₹14495, IQR: ₹3259)",12:55,FALSE
fare_DEL-BLR_6E_2026-10-23_T+15_1791433399613_0ka0,DEL-BLR,EaseMyTrip,6E,6E-350,2026-10-23,T+15,24184,5309,29493,2026-10-08T04:02:05.763Z,TRUE,"High outlier: ₹29493 > upper fence ₹19384 (Q3: ₹14495, IQR: ₹3259)",08:30,FALSE
fare_DEL-BLR_6E_2026-10-23_T+15_1791433399613_ljw4,DEL-BLR,EaseMyTrip,6E,6E-635,2026-10-23,T+15,24184,5309,29493,2026-10-08T04:02:05.763Z,TRUE,"High outlier: ₹29493 > upper fence ₹19384 (Q3: ₹14495, IQR: ₹3259)",08:30,FALSE
fare_DEL-BLR_AI_2026-10-23_T+15_1791433399613_2c0b,DEL-BLR,EaseMyTrip,AI,AI-2627,2026-10-23,T+15,24916,5469,30385,2026-10-08T04:02:05.763Z,TRUE,"High outlier: ₹30385 > upper fence ₹19384 (Q3: ₹14495, IQR: ₹3259)",10:45,FALSE
fare_DEL-BLR_IX_2026-10-23_T+15_1791433399613_42oj,DEL-BLR,EaseMyTrip,IX,IX-1273,2026-10-23,T+15,25190,5529,30719,2026-10-08T04:02:05.763Z,TRUE,"High outlier: ₹30719 > upper fence ₹19384 (Q3: ₹14495, IQR: ₹3259)",12:05,FALSE
fare_DEL-BLR_AI_2026-10-23_T+15_1791433399613_9ibi,DEL-BLR,EaseMyTrip,AI,AI-2513,2026-10-23,T+15,25198,5531,30729,2026-10-08T04:02:05.763Z,TRUE,"High outlier: ₹30729 > upper fence ₹19384 (Q3: ₹14495, IQR: ₹3259)",12:10,FALSE
fare_DEL-BLR_IX_2026-10-23_T+15_1791433399613_iikt,DEL-BLR,EaseMyTrip,IX,IX-1069,2026-10-23,T+15,26304,5774,32078,2026-10-08T04:02:05.763Z,TRUE,"High outlier: ₹32078 > upper fence ₹19384 (Q3: ₹14495, IQR: ₹3259)",10:45,FALSE
fare_DEL-BLR_IX_2026-10-09_T+1_1791433399613_j6m9,DEL-BLR,EaseMyTrip,IX,IX-1076,2026-10-09,T+1,7859,1725,9584,2026-10-08T04:01:53.094Z,FALSE,"",09:00,FALSE
fare_DEL-BLR_IX_2026-10-09_T+1_1791433399613_ze3o,DEL-BLR,EaseMyTrip,IX,IX-1074,2026-10-09,T+1,7859,1725,9584,2026-10-08T04:01:53.094Z,FALSE,"",11:00,FALSE
fare_DEL-BLR_IX_2026-10-09_T+1_1791433399613_drwo,DEL-BLR,EaseMyTrip,IX,IX-1067,2026-10-09,T+1,7859,1725,9584,2026-10-08T04:01:53.094Z,FALSE,"",06:10,FALSE
fare_DEL-BLR_IX_2026-10-09_T+1_1791433399613_9107,DEL-BLR,EaseMyTrip,IX,IX-1165,2026-10-09,T+1,7342,1612,8954,2026-10-08T04:01:53.094Z,FALSE,"",06:00,FALSE
fare_DEL-BLR_IX_2026-10-09_T+1_1791433399613_mdt0,DEL-BLR,EaseMyTrip,IX,IX-1090,2026-10-09,T+1,8031,1763,9794,2026-10-08T04:01:53.094Z,FALSE,"",13:10,FALSE
fare_DEL-BLR_IX_2026-10-09_T+1_1791433399613_6623,DEL-BLR,EaseMyTrip,IX,IX-1230,2026-10-09,T+1,8031,1763,9794,2026-10-08T04:01:53.094Z,FALSE,"",04:40,FALSE
fare_DEL-BLR_IX_2026-10-09_T+1_1791433399613_5k4x,DEL-BLR,EaseMyTrip,IX,IX-1392,2026-10-09,T+1,7540,1655,9195,2026-10-08T04:01:53.094Z,FALSE,"",23:25,FALSE
fare_DEL-BLR_QP_2026-10-09_T+1_1791433399613_s9ak,DEL-BLR,EaseMyTrip,QP,QP-1526,2026-10-09,T+1,7163,1572,8735,2026-10-08T04:01:53.094Z,FALSE,"",16:30,TRUE
fare_DEL-BLR_6E_2026-10-09_T+1_1791433399613_moey,DEL-BLR,EaseMyTrip,6E,6E-7624,2026-10-09,T+1,7254,1592,8846,2026-10-08T04:01:53.094Z,FALSE,"",05:50,FALSE
fare_DEL-BLR_QP_2026-10-09_T+1_1791433399613_c5jj,DEL-BLR,EaseMyTrip,QP,QP-1574,2026-10-09,T+1,7510,1648,9158,2026-10-08T04:01:53.094Z,FALSE,"",14:10,TRUE
fare_DEL-BLR_QP_2026-10-09_T+1_1791433399613_epp9,DEL-BLR,EaseMyTrip,QP,QP-1812,2026-10-09,T+1,7510,1648,9158,2026-10-08T04:01:53.094Z,FALSE,"",22:55,TRUE
fare_DEL-BLR_QP_2026-10-09_T+1_1791433399613_9by3,DEL-BLR,EaseMyTrip,QP,QP-1824,2026-10-09,T+1,7510,1648,9158,2026-10-08T04:01:53.094Z,FALSE,"",20:50,TRUE
fare_DEL-BLR_QP_2026-10-09_T+1_1791433399613_rymi,DEL-BLR,EaseMyTrip,QP,QP-1822,2026-10-09,T+1,7510,1648,9158,2026-10-08T04:01:53.094Z,FALSE,"",16:40,TRUE
fare_DEL-BLR_6E_2026-10-09_T+1_1791433399613_j7zl,DEL-BLR,EaseMyTrip,6E,6E-2456,2026-10-09,T+1,7541,1655,9196,2026-10-08T04:01:53.094Z,FALSE,"",14:55,TRUE
fare_DEL-BLR_6E_2026-10-09_T+1_1791433399613_c6ig,DEL-BLR,EaseMyTrip,6E,6E-6054,2026-10-09,T+1,7541,1655,9196,2026-10-08T04:01:53.094Z,FALSE,"",01:05,TRUE
fare_DEL-BLR_6E_2026-10-09_T+1_1791433399613_109y,DEL-BLR,EaseMyTrip,6E,6E-180,2026-10-09,T+1,7541,1655,9196,2026-10-08T04:01:53.094Z,FALSE,"",15:45,TRUE
fare_DEL-BLR_6E_2026-10-09_T+1_1791433399613_2gjo,DEL-BLR,EaseMyTrip,6E,6E-621,2026-10-09,T+1,7541,1655,9196,2026-10-08T04:01:53.094Z,FALSE,"",15:45,TRUE
fare_DEL-BLR_6E_2026-10-09_T+1_1791433399613_6yx8,DEL-BLR,EaseMyTrip,6E,6E-884,2026-10-09,T+1,7541,1655,9196,2026-10-08T04:01:53.094Z,FALSE,"",14:30,TRUE
fare_DEL-BLR_6E_2026-10-09_T+1_1791433399613_xp8o,DEL-BLR,EaseMyTrip,6E,6E-285,2026-10-09,T+1,7541,1655,9196,2026-10-08T04:01:53.094Z,FALSE,"",14:30,TRUE
fare_DEL-BLR_6E_2026-10-09_T+1_1791433399613_9ra9,DEL-BLR,EaseMyTrip,6E,6E-937,2026-10-09,T+1,7541,1655,9196,2026-10-08T04:01:53.094Z,FALSE,"",23:30,TRUE
fare_DEL-BLR_6E_2026-10-09_T+1_1791433399613_us7a,DEL-BLR,EaseMyTrip,6E,6E-779,2026-10-09,T+1,7541,1655,9196,2026-10-08T04:01:53.094Z,FALSE,"",23:30,TRUE
fare_DEL-BLR_6E_2026-10-09_T+1_1791433399613_8iv5,DEL-BLR,EaseMyTrip,6E,6E-266,2026-10-09,T+1,7541,1655,9196,2026-10-08T04:01:53.094Z,FALSE,"",09:30,TRUE
fare_DEL-BLR_6E_2026-10-09_T+1_1791433399613_pkye,DEL-BLR,EaseMyTrip,6E,6E-509,2026-10-09,T+1,7541,1655,9196,2026-10-08T04:01:53.094Z,FALSE,"",09:30,TRUE
fare_DEL-BLR_6E_2026-10-09_T+1_1791433399613_szpl,DEL-BLR,EaseMyTrip,6E,6E-596,2026-10-09,T+1,7541,1655,9196,2026-10-08T04:01:53.094Z,FALSE,"",07:05,TRUE
fare_DEL-BLR_6E_2026-10-09_T+1_1791433399613_iewn,DEL-BLR,EaseMyTrip,6E,6E-587,2026-10-09,T+1,7541,1655,9196,2026-10-08T04:01:53.094Z,FALSE,"",07:05,TRUE
fare_DEL-BLR_6E_2026-10-09_T+1_1791433399613_w85z,DEL-BLR,EaseMyTrip,6E,6E-2314,2026-10-09,T+1,7541,1655,9196,2026-10-08T04:01:53.094Z,FALSE,"",05:45,TRUE
fare_DEL-BLR_6E_2026-10-09_T+1_1791433399613_smkp,DEL-BLR,EaseMyTrip,6E,6E-370,2026-10-09,T+1,7541,1655,9196,2026-10-08T04:01:53.094Z,FALSE,"",03:00,TRUE
fare_DEL-BLR_6E_2026-10-09_T+1_1791433399613_llfv,DEL-BLR,EaseMyTrip,6E,6E-294,2026-10-09,T+1,7541,1655,9196,2026-10-08T04:01:53.094Z,FALSE,"",03:00,TRUE
fare_DEL-BLR_6E_2026-10-09_T+1_1791433399613_60lg,DEL-BLR,EaseMyTrip,6E,6E-2519,2026-10-09,T+1,7542,1655,9197,2026-10-08T04:01:53.094Z,FALSE,"",13:00,TRUE
fare_DEL-BLR_AI_2026-10-09_T+1_1791433399613_ybgi,DEL-BLR,EaseMyTrip,AI,AI-2757,2026-10-09,T+1,7787,1709,9496,2026-10-08T04:01:53.094Z,FALSE,"",00:15,TRUE
fare_DEL-BLR_QP_2026-10-09_T+1_1791433399613_lka4,DEL-BLR,EaseMyTrip,QP,QP-1350,2026-10-09,T+1,7649,1679,9328,2026-10-08T04:01:53.094Z,FALSE,"",21:55,TRUE
fare_DEL-BLR_AI_2026-10-09_T+1_1791433399613_az97,DEL-BLR,EaseMyTrip,AI,AI-2653,2026-10-09,T+1,7871,1728,9599,2026-10-08T04:01:53.094Z,FALSE,"",04:30,TRUE
fare_DEL-BLR_AI_2026-10-09_T+1_1791433399613_egs9,DEL-BLR,EaseMyTrip,AI,AI-427,2026-10-09,T+1,7871,1728,9599,2026-10-08T04:01:53.094Z,FALSE,"",08:30,TRUE
fare_DEL-BLR_AI_2026-10-09_T+1_1791433399613_eu9l,DEL-BLR,EaseMyTrip,AI,AI-2803,2026-10-09,T+1,7871,1728,9599,2026-10-08T04:01:53.094Z,FALSE,"",06:30,TRUE
fare_DEL-BLR_AI_2026-10-09_T+1_1791433399613_9bwu,DEL-BLR,EaseMyTrip,AI,AI-2815,2026-10-09,T+1,7871,1728,9599,2026-10-08T04:01:53.094Z,FALSE,"",07:00,TRUE
fare_DEL-BLR_AI_2026-10-09_T+1_1791433399613_07y1,DEL-BLR,EaseMyTrip,AI,AI-2415,2026-10-09,T+1,7871,1728,9599,2026-10-08T04:01:53.094Z,FALSE,"",09:30,TRUE
fare_DEL-BLR_6E_2026-10-09_T+1_1791433399613_b2q9,DEL-BLR,EaseMyTrip,6E,6E-7646,2026-10-09,T+1,7803,1713,9516,2026-10-08T04:01:53.094Z,FALSE,"",06:15,FALSE
fare_DEL-BLR_IX_2026-10-09_T+1_1791433399613_c3ek,DEL-BLR,EaseMyTrip,IX,IX-1070,2026-10-09,T+1,8065,1770,9835,2026-10-08T04:01:53.094Z,FALSE,"",22:00,TRUE
fare_DEL-BLR_IX_2026-10-09_T+1_1791433399613_m90v,DEL-BLR,EaseMyTrip,IX,IX-5978,2026-10-09,T+1,8065,1770,9835,2026-10-08T04:01:53.094Z,FALSE,"",21:00,TRUE
fare_DEL-BLR_6E_2026-10-09_T+1_1791433399613_secr,DEL-BLR,EaseMyTrip,6E,6E-316,2026-10-09,T+1,7915,1738,9653,2026-10-08T04:01:53.094Z,FALSE,"",13:15,TRUE
fare_DEL-BLR_6E_2026-10-09_T+1_1791433399613_1dox,DEL-BLR,EaseMyTrip,6E,6E-843,2026-10-09,T+1,7915,1738,9653,2026-10-08T04:01:53.094Z,FALSE,"",13:15,TRUE
fare_DEL-BLR_IX_2026-10-09_T+1_1791433399613_supp,DEL-BLR,EaseMyTrip,IX,IX-1980,2026-10-09,T+1,8843,1941,10784,2026-10-08T04:01:53.094Z,FALSE,"",09:55,FALSE
fare_DEL-BLR_IX_2026-10-09_T+1_1791433399613_ra5n,DEL-BLR,EaseMyTrip,IX,IX-1012,2026-10-09,T+1,8843,1941,10784,2026-10-08T04:01:53.094Z,FALSE,"",06:50,FALSE
fare_DEL-BLR_IX_2026-10-09_T+1_1791433399613_fscz,DEL-BLR,EaseMyTrip,IX,IX-1108,2026-10-09,T+1,8271,1815,10086,2026-10-08T04:01:53.094Z,FALSE,"",05:00,FALSE
fare_DEL-BLR_AI_2026-10-09_T+1_1791433399613_twgw,DEL-BLR,EaseMyTrip,AI,AI-2664,2026-10-09,T+1,8269,1815,10084,2026-10-08T04:01:53.094Z,FALSE,"",16:00,TRUE
fare_DEL-BLR_AI_2026-10-09_T+1_1791433399613_a6vy,DEL-BLR,EaseMyTrip,AI,AI-2817,2026-10-09,T+1,8269,1815,10084,2026-10-08T04:01:53.094Z,FALSE,"",16:30,TRUE
fare_DEL-BLR_AI_2026-10-09_T+1_1791433399613_65zc,DEL-BLR,EaseMyTrip,AI,AI-2485,2026-10-09,T+1,8269,1815,10084,2026-10-08T04:01:53.094Z,FALSE,"",10:30,TRUE
fare_DEL-BLR_6E_2026-10-09_T+1_1791433399613_4pku,DEL-BLR,EaseMyTrip,6E,6E-6476,2026-10-09,T+1,8209,1802,10011,2026-10-08T04:01:53.094Z,FALSE,"",07:05,FALSE
fare_DEL-BLR_AI_2026-10-09_T+1_1791433399613_5689,DEL-BLR,EaseMyTrip,AI,AI-2819,2026-10-09,T+1,8410,1846,10256,2026-10-08T04:01:53.094Z,FALSE,"",15:00,TRUE
fare_DEL-BLR_IX_2026-10-09_T+1_1791433399613_kprq,DEL-BLR,EaseMyTrip,IX,IX-1068,2026-10-09,T+1,8441,1853,10294,2026-10-08T04:01:53.094Z,FALSE,"",11:55,FALSE
fare_DEL-BLR_6E_2026-10-09_T+1_1791433399613_7poq,DEL-BLR,EaseMyTrip,6E,6E-634,2026-10-09,T+1,8313,1825,10138,2026-10-08T04:01:53.094Z,FALSE,"",08:20,TRUE
fare_DEL-BLR_6E_2026-10-09_T+1_1791433399613_q2dy,DEL-BLR,EaseMyTrip,6E,6E-804,2026-10-09,T+1,8313,1825,10138,2026-10-08T04:01:53.094Z,FALSE,"",08:20,TRUE
fare_DEL-BLR_6E_2026-10-09_T+1_1791433399613_9b5z,DEL-BLR,EaseMyTrip,6E,6E-2147,2026-10-09,T+1,8521,1871,10392,2026-10-08T04:01:53.094Z,FALSE,"",11:10,FALSE
fare_DEL-BLR_6E_2026-10-09_T+1_1791433399613_npmd,DEL-BLR,EaseMyTrip,6E,6E-910,2026-10-09,T+1,8540,1875,10415,2026-10-08T04:01:53.094Z,FALSE,"",19:30,FALSE
fare_DEL-BLR_6E_2026-10-09_T+1_1791433399613_63i9,DEL-BLR,EaseMyTrip,6E,6E-567,2026-10-09,T+1,8540,1875,10415,2026-10-08T04:01:53.094Z,FALSE,"",19:30,FALSE
fare_DEL-BLR_IX_2026-10-09_T+1_1791433399613_kztq,DEL-BLR,EaseMyTrip,IX,IX-1811,2026-10-09,T+1,9507,2087,11594,2026-10-08T04:01:53.094Z,FALSE,"",06:50,FALSE
fare_DEL-BLR_AI_2026-10-09_T+1_1791433399613_qgps,DEL-BLR,EaseMyTrip,AI,AI-2417,2026-10-09,T+1,8840,1940,10780,2026-10-08T04:01:53.094Z,FALSE,"",13:00,TRUE
fare_DEL-BLR_6E_2026-10-09_T+1_1791433399613_1mn7,DEL-BLR,EaseMyTrip,6E,6E-2150,2026-10-09,T+1,8710,1912,10622,2026-10-08T04:01:53.094Z,FALSE,"",16:55,FALSE
fare_DEL-BLR_6E_2026-10-09_T+1_1791433399613_mb81,DEL-BLR,EaseMyTrip,6E,6E-183,2026-10-09,T+1,8735,1918,10653,2026-10-08T04:01:53.094Z,FALSE,"",17:00,TRUE
fare_DEL-BLR_6E_2026-10-09_T+1_1791433399613_i6l2,DEL-BLR,EaseMyTrip,6E,6E-711,2026-10-09,T+1,8735,1918,10653,2026-10-08T04:01:53.094Z,FALSE,"",17:00,TRUE
fare_DEL-BLR_AI_2026-10-09_T+1_1791433399613_fwuf,DEL-BLR,EaseMyTrip,AI,AI-487,2026-10-09,T+1,9332,2048,11380,2026-10-08T04:01:53.094Z,FALSE,"",16:00,FALSE
fare_DEL-BLR_6E_2026-10-09_T+1_1791433399613_bqbo,DEL-BLR,EaseMyTrip,6E,6E-5073,2026-10-09,T+1,9191,2018,11209,2026-10-08T04:01:53.094Z,FALSE,"",17:05,FALSE
fare_DEL-BLR_6E_2026-10-09_T+1_1791433399613_7gem,DEL-BLR,EaseMyTrip,6E,6E-6179,2026-10-09,T+1,9191,2018,11209,2026-10-08T04:01:53.094Z,FALSE,"",18:30,FALSE
fare_DEL-BLR_6E_2026-10-09_T+1_1791433399613_jbla,DEL-BLR,EaseMyTrip,6E,6E-6488,2026-10-09,T+1,9191,2018,11209,2026-10-08T04:01:53.094Z,FALSE,"",11:20,FALSE
fare_DEL-BLR_6E_2026-10-09_T+1_1791433399613_ih9g,DEL-BLR,EaseMyTrip,6E,6E-953,2026-10-09,T+1,9191,2018,11209,2026-10-08T04:01:53.094Z,FALSE,"",16:20,FALSE
fare_DEL-BLR_6E_2026-10-09_T+1_1791433399613_2nrg,DEL-BLR,EaseMyTrip,6E,6E-339,2026-10-09,T+1,9191,2018,11209,2026-10-08T04:01:53.094Z,FALSE,"",16:20,FALSE
fare_DEL-BLR_6E_2026-10-09_T+1_1791433399613_tybm,DEL-BLR,EaseMyTrip,6E,6E-5119,2026-10-09,T+1,9191,2018,11209,2026-10-08T04:01:53.094Z,FALSE,"",05:10,FALSE
fare_DEL-BLR_6E_2026-10-09_T+1_1791433399613_0677,DEL-BLR,EaseMyTrip,6E,6E-2557,2026-10-09,T+1,9191,2018,11209,2026-10-08T04:01:53.094Z,FALSE,"",15:20,FALSE
fare_DEL-BLR_6E_2026-10-09_T+1_1791433399613_283f,DEL-BLR,EaseMyTrip,6E,6E-6569,2026-10-09,T+1,9191,2018,11209,2026-10-08T04:01:53.094Z,FALSE,"",05:00,FALSE
fare_DEL-BLR_6E_2026-10-09_T+1_1791433399613_co9m,DEL-BLR,EaseMyTrip,6E,6E-780,2026-10-09,T+1,9191,2018,11209,2026-10-08T04:01:53.094Z,FALSE,"",14:50,FALSE
fare_DEL-BLR_6E_2026-10-09_T+1_1791433399613_uozi,DEL-BLR,EaseMyTrip,6E,6E-376,2026-10-09,T+1,9191,2018,11209,2026-10-08T04:01:53.094Z,FALSE,"",14:50,FALSE
fare_DEL-BLR_6E_2026-10-09_T+1_1791433399613_6jsm,DEL-BLR,EaseMyTrip,6E,6E-6459,2026-10-09,T+1,9191,2018,11209,2026-10-08T04:01:53.094Z,FALSE,"",05:55,FALSE
fare_DEL-BLR_6E_2026-10-09_T+1_1791433399613_0ged,DEL-BLR,EaseMyTrip,6E,6E-2618,2026-10-09,T+1,9191,2018,11209,2026-10-08T04:01:53.094Z,FALSE,"",23:00,FALSE
fare_DEL-BLR_6E_2026-10-09_T+1_1791433399613_gmag,DEL-BLR,EaseMyTrip,6E,6E-6829,2026-10-09,T+1,9191,2018,11209,2026-10-08T04:01:53.094Z,FALSE,"",17:20,FALSE
fare_DEL-BLR_6E_2026-10-09_T+1_1791433399613_3apb,DEL-BLR,EaseMyTrip,6E,6E-6632,2026-10-09,T+1,9214,2022,11236,2026-10-08T04:01:53.094Z,FALSE,"",17:50,FALSE
fare_DEL-BLR_6E_2026-10-09_T+1_1791433399613_ctwg,DEL-BLR,EaseMyTrip,6E,6E-912,2026-10-09,T+1,9214,2022,11236,2026-10-08T04:01:53.094Z,FALSE,"",02:55,FALSE
fare_DEL-BLR_6E_2026-10-09_T+1_1791433399613_qpk2,DEL-BLR,EaseMyTrip,6E,6E-746,2026-10-09,T+1,9214,2022,11236,2026-10-08T04:01:53.094Z,FALSE,"",02:55,FALSE
fare_DEL-BLR_6E_2026-10-09_T+1_1791433399613_90cc,DEL-BLR,EaseMyTrip,6E,6E-2277,2026-10-09,T+1,9214,2022,11236,2026-10-08T04:01:53.094Z,FALSE,"",10:25,FALSE
fare_DEL-BLR_6E_2026-10-09_T+1_1791433399613_8ad8,DEL-BLR,EaseMyTrip,6E,6E-5038,2026-10-09,T+1,9214,2022,11236,2026-10-08T04:01:53.094Z,FALSE,"",14:00,FALSE
fare_DEL-BLR_6E_2026-10-09_T+1_1791433399613_3o5i,DEL-BLR,EaseMyTrip,6E,6E-5033,2026-10-09,T+1,9214,2022,11236,2026-10-08T04:01:53.094Z,FALSE,"",15:50,FALSE
fare_DEL-BLR_6E_2026-10-09_T+1_1791433399613_96ax,DEL-BLR,EaseMyTrip,6E,6E-422,2026-10-09,T+1,9342,2051,11393,2026-10-08T04:01:53.094Z,FALSE,"",17:10,FALSE
fare_DEL-BLR_6E_2026-10-09_T+1_1791433399613_p3ok,DEL-BLR,EaseMyTrip,6E,6E-586,2026-10-09,T+1,9342,2051,11393,2026-10-08T04:01:53.094Z,FALSE,"",17:10,FALSE
fare_DEL-BLR_6E_2026-10-09_T+1_1791433399613_rmt5,DEL-BLR,EaseMyTrip,6E,6E-6497,2026-10-09,T+1,9407,2065,11472,2026-10-08T04:01:53.094Z,FALSE,"",18:40,FALSE
fare_DEL-BLR_6E_2026-10-09_T+1_1791433399613_vtee,DEL-BLR,EaseMyTrip,6E,6E-2769,2026-10-09,T+1,9407,2065,11472,2026-10-08T04:01:53.094Z,FALSE,"",08:10,FALSE
fare_DEL-BLR_6E_2026-10-09_T+1_1791433399613_pe9a,DEL-BLR,EaseMyTrip,6E,6E-2482,2026-10-09,T+1,9407,2065,11472,2026-10-08T04:01:53.094Z,FALSE,"",19:55,FALSE
fare_DEL-BLR_6E_2026-10-09_T+1_1791433399613_eutu,DEL-BLR,EaseMyTrip,6E,6E-851,2026-10-09,T+1,9645,2117,11762,2026-10-08T04:01:53.094Z,FALSE,"",02:25,FALSE
fare_DEL-BLR_6E_2026-10-09_T+1_1791433399613_wtl5,DEL-BLR,EaseMyTrip,6E,6E-748,2026-10-09,T+1,9645,2117,11762,2026-10-08T04:01:53.094Z,FALSE,"",02:25,FALSE
fare_DEL-BLR_6E_2026-10-09_T+1_1791433399613_u0y9,DEL-BLR,EaseMyTrip,6E,6E-850,2026-10-09,T+1,9661,2121,11782,2026-10-08T04:01:53.094Z,FALSE,"",12:15,TRUE
fare_DEL-BLR_6E_2026-10-09_T+1_1791433399613_7xxn,DEL-BLR,EaseMyTrip,6E,6E-347,2026-10-09,T+1,9661,2121,11782,2026-10-08T04:01:53.094Z,FALSE,"",12:15,TRUE
fare_DEL-BLR_6E_2026-10-09_T+1_1791433399613_6nif,DEL-BLR,EaseMyTrip,6E,6E-881,2026-10-09,T+1,9665,2122,11787,2026-10-08T04:01:53.094Z,FALSE,"",08:30,FALSE
fare_DEL-BLR_6E_2026-10-09_T+1_1791433399613_ns3e,DEL-BLR,EaseMyTrip,6E,6E-112,2026-10-09,T+1,9665,2122,11787,2026-10-08T04:01:53.094Z,FALSE,"",08:30,FALSE
fare_DEL-BLR_6E_2026-10-09_T+1_1791433399613_ezom,DEL-BLR,EaseMyTrip,6E,6E-5191,2026-10-09,T+1,9665,2122,11787,2026-10-08T04:01:53.094Z,FALSE,"",05:00,FALSE
fare_DEL-BLR_AI_2026-10-09_T+1_1791433399613_tlph,DEL-BLR,EaseMyTrip,AI,AI-2412,2026-10-09,T+1,9869,2166,12035,2026-10-08T04:01:53.094Z,FALSE,"",21:30,TRUE
fare_DEL-BLR_6E_2026-10-09_T+1_1791433399613_6ag9,DEL-BLR,EaseMyTrip,6E,6E-7642,2026-10-09,T+1,9747,2139,11886,2026-10-08T04:01:53.094Z,FALSE,"",15:45,FALSE
fare_DEL-BLR_6E_2026-10-09_T+1_1791433399613_rsx9,DEL-BLR,EaseMyTrip,6E,6E-2571,2026-10-09,T+1,9824,2156,11980,2026-10-08T04:01:53.094Z,FALSE,"",12:30,FALSE
fare_DEL-BLR_AI_2026-10-09_T+1_1791433399613_b1oe,DEL-BLR,EaseMyTrip,AI,AI-465,2026-10-09,T+1,10034,2202,12236,2026-10-08T04:01:53.094Z,FALSE,"",16:20,FALSE
fare_DEL-BLR_AI_2026-10-09_T+1_1791433399613_pvnw,DEL-BLR,EaseMyTrip,AI,AI-2627,2026-10-09,T+1,10099,2217,12316,2026-10-08T04:01:53.094Z,FALSE,"",10:45,FALSE
fare_DEL-BLR_6E_2026-10-09_T+1_1791433399613_45k2,DEL-BLR,EaseMyTrip,6E,6E-7653,2026-10-09,T+1,10104,2218,12322,2026-10-08T04:01:53.094Z,FALSE,"",17:20,FALSE
fare_DEL-BLR_6E_2026-10-09_T+1_1791433399613_detp,DEL-BLR,EaseMyTrip,6E,6E-279,2026-10-09,T+1,10166,2232,12398,2026-10-08T04:01:53.094Z,FALSE,"",10:45,TRUE
fare_DEL-BLR_6E_2026-10-09_T+1_1791433399613_plho,DEL-BLR,EaseMyTrip,6E,6E-252,2026-10-09,T+1,10166,2232,12398,2026-10-08T04:01:53.094Z,FALSE,"",10:45,TRUE
fare_DEL-BLR_6E_2026-10-09_T+1_1791433399613_0vwr,DEL-BLR,EaseMyTrip,6E,6E-6026,2026-10-09,T+1,10348,2271,12619,2026-10-08T04:01:53.094Z,FALSE,"",05:30,FALSE
fare_DEL-BLR_6E_2026-10-09_T+1_1791433399613_f41e,DEL-BLR,EaseMyTrip,6E,6E-6293,2026-10-09,T+1,10348,2271,12619,2026-10-08T04:01:53.094Z,FALSE,"",09:55,FALSE
fare_DEL-BLR_IX_2026-10-09_T+1_1791433399613_l8k4,DEL-BLR,EaseMyTrip,IX,IX-1617,2026-10-09,T+1,11639,2555,14194,2026-10-08T04:01:53.094Z,FALSE,"",11:50,FALSE
fare_DEL-BLR_6E_2026-10-09_T+1_1791433399613_h32p,DEL-BLR,EaseMyTrip,6E,6E-152,2026-10-09,T+1,11114,2440,13554,2026-10-08T04:01:53.094Z,FALSE,"",11:45,FALSE
fare_DEL-BLR_6E_2026-10-09_T+1_1791433399613_2gve,DEL-BLR,EaseMyTrip,6E,6E-810,2026-10-09,T+1,11114,2440,13554,2026-10-08T04:01:53.094Z,FALSE,"",11:45,FALSE
fare_DEL-BLR_IX_2026-10-09_T+1_1791433399613_06e2,DEL-BLR,EaseMyTrip,IX,IX-1273,2026-10-09,T+1,11495,2523,14018,2026-10-08T04:01:53.094Z,FALSE,"",12:05,FALSE
fare_DEL-BLR_IX_2026-10-09_T+1_1791433399613_rzoh,DEL-BLR,EaseMyTrip,IX,IX-1346,2026-10-09,T+1,11627,2552,14179,2026-10-08T04:01:53.094Z,FALSE,"",05:45,FALSE
fare_DEL-BLR_AI_2026-10-09_T+1_1791433399613_gwo8,DEL-BLR,EaseMyTrip,AI,AI-2945,2026-10-09,T+1,11793,2589,14382,2026-10-08T04:01:53.094Z,FALSE,"",11:00,FALSE
fare_DEL-BLR_AI_2026-10-09_T+1_1791433399613_29iy,DEL-BLR,EaseMyTrip,AI,AI-2943,2026-10-09,T+1,11793,2589,14382,2026-10-08T04:01:53.094Z,FALSE,"",07:30,FALSE
fare_DEL-BLR_AI_2026-10-09_T+1_1791433399613_n6wx,DEL-BLR,EaseMyTrip,AI,AI-437,2026-10-09,T+1,11866,2605,14471,2026-10-08T04:01:53.094Z,FALSE,"",09:15,FALSE
fare_DEL-BLR_AI_2026-10-09_T+1_1791433399613_omqt,DEL-BLR,EaseMyTrip,AI,AI-1780,2026-10-09,T+1,11921,2617,14538,2026-10-08T04:01:53.094Z,FALSE,"",14:30,FALSE
fare_DEL-BLR_IX_2026-10-09_T+1_1791433399613_nvz5,DEL-BLR,EaseMyTrip,IX,IX-1046,2026-10-09,T+1,11970,2627,14597,2026-10-08T04:01:53.094Z,FALSE,"",06:30,FALSE
fare_DEL-BLR_IX_2026-10-09_T+1_1791433399613_hz2g,DEL-BLR,EaseMyTrip,IX,IX-1812,2026-10-09,T+1,11982,2630,14612,2026-10-08T04:01:53.094Z,FALSE,"",11:15,FALSE
fare_DEL-BLR_6E_2026-10-09_T+1_1791433399613_9nmp,DEL-BLR,EaseMyTrip,6E,6E-611,2026-10-09,T+1,11881,2608,14489,2026-10-08T04:01:53.094Z,FALSE,"",22:00,TRUE
fare_DEL-BLR_6E_2026-10-09_T+1_1791433399613_b51t,DEL-BLR,EaseMyTrip,6E,6E-717,2026-10-09,T+1,11881,2608,14489,2026-10-08T04:01:53.094Z,FALSE,"",22:00,TRUE
fare_DEL-BLR_AI_2026-10-09_T+1_1791433399613_7tc0,DEL-BLR,EaseMyTrip,AI,AI-1702,2026-10-09,T+1,12277,2695,14972,2026-10-08T04:01:53.094Z,FALSE,"",18:30,FALSE
fare_DEL-BLR_6E_2026-10-09_T+1_1791433399613_harq,DEL-BLR,EaseMyTrip,6E,6E-2349,2026-10-09,T+1,12257,2690,14947,2026-10-08T04:01:53.094Z,FALSE,"",10:55,FALSE
fare_DEL-BLR_IX_2026-10-09_T+1_1791433399613_waoh,DEL-BLR,EaseMyTrip,IX,IX-1035,2026-10-09,T+1,13518,2967,16485,2026-10-08T04:01:53.094Z,FALSE,"",07:30,FALSE
fare_DEL-BLR_AI_2026-10-09_T+1_1791433399613_icj4,DEL-BLR,EaseMyTrip,AI,AI-2813,2026-10-09,T+1,12643,2775,15418,2026-10-08T04:01:53.094Z,FALSE,"",18:00,TRUE
fare_DEL-BLR_6E_2026-10-09_T+1_1791433399613_ytyk,DEL-BLR,EaseMyTrip,6E,6E-942,2026-10-09,T+1,13050,2865,15915,2026-10-08T04:01:53.094Z,FALSE,"",19:30,FALSE
fare_DEL-BLR_6E_2026-10-09_T+1_1791433399613_x0d3,DEL-BLR,EaseMyTrip,6E,6E-632,2026-10-09,T+1,13050,2865,15915,2026-10-08T04:01:53.094Z,FALSE,"",19:30,FALSE
fare_DEL-BLR_6E_2026-10-09_T+1_1791433399613_7z3w,DEL-BLR,EaseMyTrip,6E,6E-6673,2026-10-09,T+1,13050,2865,15915,2026-10-08T04:01:53.094Z,FALSE,"",21:15,FALSE
fare_DEL-BLR_AI_2026-10-09_T+1_1791433399613_amoj,DEL-BLR,EaseMyTrip,AI,AI-2711,2026-10-09,T+1,14094,3094,17188,2026-10-08T04:01:53.094Z,FALSE,"",02:00,FALSE
fare_DEL-BLR_AI_2026-10-09_T+1_1791433399613_vqd8,DEL-BLR,EaseMyTrip,AI,AI-2487,2026-10-09,T+1,14836,3257,18093,2026-10-08T04:01:53.094Z,FALSE,"",18:30,TRUE
fare_DEL-BLR_6E_2026-10-09_T+1_1791433399613_4l42,DEL-BLR,EaseMyTrip,6E,6E-6282,2026-10-09,T+1,14922,3276,18198,2026-10-08T04:01:53.094Z,FALSE,"",13:30,FALSE
fare_DEL-BLR_IX_2026-10-09_T+1_1791433399613_s1ip,DEL-BLR,EaseMyTrip,IX,IX-1057,2026-10-09,T+1,15807,3470,19277,2026-10-08T04:01:53.094Z,FALSE,"",06:20,FALSE
fare_DEL-BLR_AI_2026-10-09_T+1_1791433399613_t3ol,DEL-BLR,EaseMyTrip,AI,AI-2513,2026-10-09,T+1,15792,3466,19258,2026-10-08T04:01:53.094Z,FALSE,"",12:10,FALSE
fare_DEL-BLR_AI_2026-10-09_T+1_1791433399613_03xp,DEL-BLR,EaseMyTrip,AI,AI-2532,2026-10-09,T+1,16087,3531,19618,2026-10-08T04:01:53.094Z,FALSE,"",11:20,FALSE
fare_DEL-BLR_IX_2026-10-09_T+1_1791433399613_i11m,DEL-BLR,EaseMyTrip,IX,IX-1085,2026-10-09,T+1,16626,3650,20276,2026-10-08T04:01:53.094Z,FALSE,"",12:55,FALSE
fare_DEL-BLR_IX_2026-10-09_T+1_1791433399614_vvu6,DEL-BLR,EaseMyTrip,IX,IX-1069,2026-10-09,T+1,16626,3650,20276,2026-10-08T04:01:53.094Z,FALSE,"",10:45,FALSE
fare_DEL-BLR_AI_2026-10-09_T+1_1791433399614_7339,DEL-BLR,EaseMyTrip,AI,AI-2899,2026-10-09,T+1,17060,3745,20805,2026-10-08T04:01:53.094Z,FALSE,"",12:30,FALSE
fare_DEL-BLR_AI_2026-10-09_T+1_1791433399614_b0na,DEL-BLR,EaseMyTrip,AI,AI-2512,2026-10-09,T+1,17222,3781,21003,2026-10-08T04:01:53.094Z,FALSE,"",19:00,TRUE
fare_DEL-BLR_IX_2026-10-09_T+1_1791433399614_u5ol,DEL-BLR,EaseMyTrip,IX,IX-1032,2026-10-09,T+1,17264,3790,21054,2026-10-08T04:01:53.094Z,FALSE,"",05:45,FALSE
fare_DEL-BLR_AI_2026-10-09_T+1_1791433399614_s3qf,DEL-BLR,EaseMyTrip,AI,AI-2809,2026-10-09,T+1,17543,3851,21394,2026-10-08T04:01:53.094Z,FALSE,"",19:30,TRUE
fare_DEL-BLR_6E_2026-10-09_T+1_1791433399614_d3t5,DEL-BLR,EaseMyTrip,6E,6E-816,2026-10-09,T+1,18306,4018,22324,2026-10-08T04:01:53.094Z,FALSE,"",18:20,TRUE
fare_DEL-BLR_6E_2026-10-09_T+1_1791433399614_poq0,DEL-BLR,EaseMyTrip,6E,6E-239,2026-10-09,T+1,18306,4018,22324,2026-10-08T04:01:53.094Z,FALSE,"",18:20,TRUE
fare_DEL-BLR_6E_2026-10-09_T+1_1791433399614_on6u,DEL-BLR,EaseMyTrip,6E,6E-6515,2026-10-09,T+1,18306,4018,22324,2026-10-08T04:01:53.094Z,FALSE,"",20:45,TRUE
fare_DEL-BLR_6E_2026-10-09_T+1_1791433399614_lij3,DEL-BLR,EaseMyTrip,6E,6E-409,2026-10-09,T+1,18306,4018,22324,2026-10-08T04:01:53.094Z,FALSE,"",19:30,TRUE
fare_DEL-BLR_6E_2026-10-09_T+1_1791433399614_gl3y,DEL-BLR,EaseMyTrip,6E,6E-164,2026-10-09,T+1,18306,4018,22324,2026-10-08T04:01:53.094Z,FALSE,"",19:30,TRUE
fare_DEL-BLR_AI_2026-10-09_T+1_1791433399614_6j9f,DEL-BLR,EaseMyTrip,AI,AI-2973,2026-10-09,T+1,18480,4057,22537,2026-10-08T04:01:53.094Z,TRUE,"High outlier: ₹22537 > upper fence ₹22452 (Q3: ₹14863, IQR: ₹5059)",20:50,FALSE
fare_DEL-BLR_IX_2026-10-09_T+1_1791433399614_bf2l,DEL-BLR,EaseMyTrip,IX,IX-1054,2026-10-09,T+1,20862,4580,25442,2026-10-08T04:01:53.094Z,TRUE,"High outlier: ₹25442 > upper fence ₹22452 (Q3: ₹14863, IQR: ₹5059)",12:05,FALSE
fare_DEL-BLR_6E_2026-10-09_T+1_1791433399614_0md1,DEL-BLR,EaseMyTrip,6E,6E-920,2026-10-09,T+1,21042,4619,25661,2026-10-08T04:01:53.094Z,TRUE,"High outlier: ₹25661 > upper fence ₹22452 (Q3: ₹14863, IQR: ₹5059)",16:10,FALSE
fare_DEL-BLR_6E_2026-10-09_T+1_1791433399614_3oty,DEL-BLR,EaseMyTrip,6E,6E-154,2026-10-09,T+1,21042,4619,25661,2026-10-08T04:01:53.094Z,TRUE,"High outlier: ₹25661 > upper fence ₹22452 (Q3: ₹14863, IQR: ₹5059)",16:10,FALSE
fare_DEL-BLR_6E_2026-10-09_T+1_1791433399614_1dxu,DEL-BLR,EaseMyTrip,6E,6E-636,2026-10-09,T+1,21343,4685,26028,2026-10-08T04:01:53.094Z,TRUE,"High outlier: ₹26028 > upper fence ₹22452 (Q3: ₹14863, IQR: ₹5059)",18:00,FALSE
fare_DEL-BLR_6E_2026-10-09_T+1_1791433399614_4vri,DEL-BLR,EaseMyTrip,6E,6E-772,2026-10-09,T+1,21343,4685,26028,2026-10-08T04:01:53.094Z,TRUE,"High outlier: ₹26028 > upper fence ₹22452 (Q3: ₹14863, IQR: ₹5059)",18:00,FALSE
fare_DEL-BLR_6E_2026-10-09_T+1_1791433399614_vrem,DEL-BLR,EaseMyTrip,6E,6E-6437,2026-10-09,T+1,21549,4730,26279,2026-10-08T04:01:53.094Z,TRUE,"High outlier: ₹26279 > upper fence ₹22452 (Q3: ₹14863, IQR: ₹5059)",16:30,FALSE
fare_DEL-BLR_IX_2026-10-09_T+1_1791433399614_we6o,DEL-BLR,EaseMyTrip,IX,IX-1024,2026-10-09,T+1,21805,4787,26592,2026-10-08T04:01:53.094Z,TRUE,"High outlier: ₹26592 > upper fence ₹22452 (Q3: ₹14863, IQR: ₹5059)",18:40,FALSE
fare_DEL-BLR_AI_2026-10-09_T+1_1791433399614_nqms,DEL-BLR,EaseMyTrip,AI,AI-2519,2026-10-09,T+1,23167,5085,28252,2026-10-08T04:01:53.094Z,TRUE,"High outlier: ₹28252 > upper fence ₹22452 (Q3: ₹14863, IQR: ₹5059)",15:30,FALSE
fare_DEL-BLR_AI_2026-10-09_T+1_1791433399614_achc,DEL-BLR,EaseMyTrip,AI,AI-2879,2026-10-09,T+1,23359,5128,28487,2026-10-08T04:01:53.094Z,TRUE,"High outlier: ₹28487 > upper fence ₹22452 (Q3: ₹14863, IQR: ₹5059)",18:00,FALSE
fare_DEL-BLR_AI_2026-10-09_T+1_1791433399614_0bux,DEL-BLR,EaseMyTrip,AI,AI-2483,2026-10-09,T+1,23460,5150,28610,2026-10-08T04:01:53.094Z,TRUE,"High outlier: ₹28610 > upper fence ₹22452 (Q3: ₹14863, IQR: ₹5059)",12:20,FALSE
fare_DEL-BLR_IX_2026-10-09_T+1_1791433399614_7xgo,DEL-BLR,EaseMyTrip,IX,IX-1038,2026-10-09,T+1,24896,5465,30361,2026-10-08T04:01:53.094Z,TRUE,"High outlier: ₹30361 > upper fence ₹22452 (Q3: ₹14863, IQR: ₹5059)",17:35,FALSE
fare_DEL-BLR_IX_2026-10-09_T+1_1791433399614_ntzi,DEL-BLR,EaseMyTrip,IX,IX-1461,2026-10-09,T+1,25620,5624,31244,2026-10-08T04:01:53.094Z,TRUE,"High outlier: ₹31244 > upper fence ₹22452 (Q3: ₹14863, IQR: ₹5059)",05:35,FALSE
fare_DEL-BLR_6E_2026-10-09_T+1_1791433399614_ynga,DEL-BLR,EaseMyTrip,6E,6E-143,2026-10-09,T+1,28393,6232,34625,2026-10-08T04:01:53.094Z,TRUE,"High outlier: ₹34625 > upper fence ₹22452 (Q3: ₹14863, IQR: ₹5059)",18:15,FALSE
fare_DEL-BLR_6E_2026-10-09_T+1_1791433399614_wufg,DEL-BLR,EaseMyTrip,6E,6E-564,2026-10-09,T+1,28393,6232,34625,2026-10-08T04:01:53.094Z,TRUE,"High outlier: ₹34625 > upper fence ₹22452 (Q3: ₹14863, IQR: ₹5059)",18:15,FALSE
fare_DEL-BLR_QP_2026-11-07_T+30_1791433399614_yqsp,DEL-BLR,EaseMyTrip,QP,QP-1824,2026-11-07,T+30,6981,1532,8513,2026-10-08T04:02:12.587Z,FALSE,"",20:50,TRUE
fare_DEL-BLR_QP_2026-11-07_T+30_1791433399614_gbal,DEL-BLR,EaseMyTrip,QP,QP-1812,2026-11-07,T+30,6981,1532,8513,2026-10-08T04:02:12.587Z,FALSE,"",22:55,TRUE
fare_DEL-BLR_QP_2026-11-07_T+30_1791433399614_95nn,DEL-BLR,EaseMyTrip,QP,QP-1827,2026-11-07,T+30,7240,1589,8829,2026-10-08T04:02:12.587Z,FALSE,"",19:05,TRUE
fare_DEL-BLR_QP_2026-11-07_T+30_1791433399614_gl2f,DEL-BLR,EaseMyTrip,QP,QP-1376,2026-11-07,T+30,7935,1742,9677,2026-10-08T04:02:12.587Z,FALSE,"",14:40,TRUE
fare_DEL-BLR_6E_2026-11-07_T+30_1791433399614_4f6b,DEL-BLR,EaseMyTrip,6E,6E-2314,2026-11-07,T+30,8356,1834,10190,2026-10-08T04:02:12.587Z,FALSE,"",05:15,TRUE
fare_DEL-BLR_6E_2026-11-07_T+30_1791433399614_u23v,DEL-BLR,EaseMyTrip,6E,6E-270,2026-11-07,T+30,8356,1834,10190,2026-10-08T04:02:12.587Z,FALSE,"",23:30,TRUE
fare_DEL-BLR_6E_2026-11-07_T+30_1791433399614_ertx,DEL-BLR,EaseMyTrip,6E,6E-823,2026-11-07,T+30,8356,1834,10190,2026-10-08T04:02:12.587Z,FALSE,"",23:30,TRUE
fare_DEL-BLR_6E_2026-11-07_T+30_1791433399614_tmwr,DEL-BLR,EaseMyTrip,6E,6E-953,2026-11-07,T+30,8356,1834,10190,2026-10-08T04:02:12.587Z,FALSE,"",19:30,TRUE
fare_DEL-BLR_6E_2026-11-07_T+30_1791433399614_gsko,DEL-BLR,EaseMyTrip,6E,6E-976,2026-11-07,T+30,8356,1834,10190,2026-10-08T04:02:12.587Z,FALSE,"",19:30,TRUE
fare_DEL-BLR_6E_2026-11-07_T+30_1791433399614_zou9,DEL-BLR,EaseMyTrip,6E,6E-2519,2026-11-07,T+30,8356,1834,10190,2026-10-08T04:02:12.587Z,FALSE,"",10:25,TRUE
fare_DEL-BLR_6E_2026-11-07_T+30_1791433399614_ioor,DEL-BLR,EaseMyTrip,6E,6E-972,2026-11-07,T+30,8356,1834,10190,2026-10-08T04:02:12.587Z,FALSE,"",06:45,TRUE
fare_DEL-BLR_6E_2026-11-07_T+30_1791433399614_y9sp,DEL-BLR,EaseMyTrip,6E,6E-946,2026-11-07,T+30,8356,1834,10190,2026-10-08T04:02:12.587Z,FALSE,"",06:45,TRUE
fare_DEL-BLR_6E_2026-11-07_T+30_1791433399614_lmos,DEL-BLR,EaseMyTrip,6E,6E-569,2026-11-07,T+30,8356,1834,10190,2026-10-08T04:02:12.587Z,FALSE,"",21:55,TRUE
fare_DEL-BLR_6E_2026-11-07_T+30_1791433399614_3gpy,DEL-BLR,EaseMyTrip,6E,6E-258,2026-11-07,T+30,8356,1834,10190,2026-10-08T04:02:12.587Z,FALSE,"",21:55,TRUE
fare_DEL-BLR_6E_2026-11-07_T+30_1791433399614_asdy,DEL-BLR,EaseMyTrip,6E,6E-7643,2026-11-07,T+30,8406,1845,10251,2026-10-08T04:02:12.587Z,FALSE,"",16:45,FALSE
fare_DEL-BLR_6E_2026-11-07_T+30_1791433399614_42wl,DEL-BLR,EaseMyTrip,6E,6E-7646,2026-11-07,T+30,8406,1845,10251,2026-10-08T04:02:12.587Z,FALSE,"",06:20,FALSE
fare_DEL-BLR_IX_2026-11-07_T+30_1791433399614_h1sl,DEL-BLR,EaseMyTrip,IX,IX-1196,2026-11-07,T+30,8812,1934,10746,2026-10-08T04:02:12.587Z,FALSE,"",18:35,FALSE
fare_DEL-BLR_QP_2026-11-07_T+30_1791433399614_rb16,DEL-BLR,EaseMyTrip,QP,QP-1302,2026-11-07,T+30,8545,1876,10421,2026-10-08T04:02:12.587Z,FALSE,"",08:45,TRUE
fare_DEL-BLR_AI_2026-11-07_T+30_1791433399614_6clh,DEL-BLR,EaseMyTrip,AI,AI-2409,2026-11-07,T+30,8785,1929,10714,2026-10-08T04:02:12.587Z,FALSE,"",06:00,TRUE
fare_DEL-BLR_AI_2026-11-07_T+30_1791433399614_x1lh,DEL-BLR,EaseMyTrip,AI,AI-2809,2026-11-07,T+30,8785,1929,10714,2026-10-08T04:02:12.587Z,FALSE,"",20:30,TRUE
fare_DEL-BLR_AI_2026-11-07_T+30_1791433399614_rxxf,DEL-BLR,EaseMyTrip,AI,AI-2412,2026-11-07,T+30,8785,1929,10714,2026-10-08T04:02:12.587Z,FALSE,"",21:30,TRUE
fare_DEL-BLR_AI_2026-11-07_T+30_1791433399614_ko0x,DEL-BLR,EaseMyTrip,AI,AI-2515,2026-11-07,T+30,8785,1929,10714,2026-10-08T04:02:12.587Z,FALSE,"",22:00,TRUE
fare_DEL-BLR_6E_2026-11-07_T+30_1791433399614_jl08,DEL-BLR,EaseMyTrip,6E,6E-6515,2026-11-07,T+30,8788,1929,10717,2026-10-08T04:02:12.587Z,FALSE,"",20:45,TRUE
fare_DEL-BLR_6E_2026-11-07_T+30_1791433399614_41dt,DEL-BLR,EaseMyTrip,6E,6E-530,2026-11-07,T+30,8788,1929,10717,2026-10-08T04:02:12.587Z,FALSE,"",17:00,TRUE
fare_DEL-BLR_6E_2026-11-07_T+30_1791433399614_xfpn,DEL-BLR,EaseMyTrip,6E,6E-807,2026-11-07,T+30,8788,1929,10717,2026-10-08T04:02:12.587Z,FALSE,"",17:00,TRUE
fare_DEL-BLR_6E_2026-11-07_T+30_1791433399614_ldg6,DEL-BLR,EaseMyTrip,6E,6E-2329,2026-11-07,T+30,8788,1929,10717,2026-10-08T04:02:12.587Z,FALSE,"",14:20,TRUE
fare_DEL-BLR_IX_2026-11-07_T+30_1791433399614_q6b0,DEL-BLR,EaseMyTrip,IX,IX-1371,2026-11-07,T+30,9089,1995,11084,2026-10-08T04:02:12.587Z,FALSE,"",14:55,FALSE
fare_DEL-BLR_6E_2026-11-07_T+30_1791433399614_ps29,DEL-BLR,EaseMyTrip,6E,6E-5116,2026-11-07,T+30,8933,1961,10894,2026-10-08T04:02:12.587Z,FALSE,"",17:15,FALSE
fare_DEL-BLR_6E_2026-11-07_T+30_1791433399614_vq7t,DEL-BLR,EaseMyTrip,6E,6E-670,2026-11-07,T+30,8998,1975,10973,2026-10-08T04:02:12.587Z,FALSE,"",18:15,FALSE
fare_DEL-BLR_6E_2026-11-07_T+30_1791433399614_x9of,DEL-BLR,EaseMyTrip,6E,6E-159,2026-11-07,T+30,8998,1975,10973,2026-10-08T04:02:12.587Z,FALSE,"",18:15,FALSE
fare_DEL-BLR_6E_2026-11-07_T+30_1791433399614_8utj,DEL-BLR,EaseMyTrip,6E,6E-6293,2026-11-07,T+30,8998,1975,10973,2026-10-08T04:02:12.587Z,FALSE,"",10:00,FALSE
fare_DEL-BLR_6E_2026-11-07_T+30_1791433399614_093y,DEL-BLR,EaseMyTrip,6E,6E-6217,2026-11-07,T+30,8998,1975,10973,2026-10-08T04:02:12.587Z,FALSE,"",16:20,FALSE
fare_DEL-BLR_6E_2026-11-07_T+30_1791433399614_lnif,DEL-BLR,EaseMyTrip,6E,6E-308,2026-11-07,T+30,8998,1975,10973,2026-10-08T04:02:12.587Z,FALSE,"",09:00,FALSE
fare_DEL-BLR_6E_2026-11-07_T+30_1791433399614_jz38,DEL-BLR,EaseMyTrip,6E,6E-526,2026-11-07,T+30,8998,1975,10973,2026-10-08T04:02:12.587Z,FALSE,"",09:00,FALSE
fare_DEL-BLR_6E_2026-11-07_T+30_1791433399614_fdel,DEL-BLR,EaseMyTrip,6E,6E-5058,2026-11-07,T+30,8998,1975,10973,2026-10-08T04:02:12.587Z,FALSE,"",13:30,FALSE
fare_DEL-BLR_6E_2026-11-07_T+30_1791433399614_0no9,DEL-BLR,EaseMyTrip,6E,6E-2303,2026-11-07,T+30,8998,1975,10973,2026-10-08T04:02:12.587Z,FALSE,"",04:55,FALSE
fare_DEL-BLR_AI_2026-11-07_T+30_1791433399614_rvm0,DEL-BLR,EaseMyTrip,AI,AI-2415,2026-11-07,T+30,9177,2015,11192,2026-10-08T04:02:12.587Z,FALSE,"",09:30,TRUE
fare_DEL-BLR_AI_2026-11-07_T+30_1791433399614_cbkv,DEL-BLR,EaseMyTrip,AI,AI-427,2026-11-07,T+30,9337,2049,11386,2026-10-08T04:02:12.587Z,FALSE,"",08:35,TRUE
fare_DEL-BLR_6E_2026-11-07_T+30_1791433399614_yjfe,DEL-BLR,EaseMyTrip,6E,6E-712,2026-11-07,T+30,9179,2015,11194,2026-10-08T04:02:12.587Z,FALSE,"",02:45,TRUE
fare_DEL-BLR_6E_2026-11-07_T+30_1791433399614_7jqn,DEL-BLR,EaseMyTrip,6E,6E-704,2026-11-07,T+30,9179,2015,11194,2026-10-08T04:02:12.587Z,FALSE,"",02:45,TRUE
fare_DEL-BLR_6E_2026-11-07_T+30_1791433399614_q2dr,DEL-BLR,EaseMyTrip,6E,6E-700,2026-11-07,T+30,9179,2015,11194,2026-10-08T04:02:12.587Z,FALSE,"",08:15,TRUE
fare_DEL-BLR_6E_2026-11-07_T+30_1791433399614_okyg,DEL-BLR,EaseMyTrip,6E,6E-647,2026-11-07,T+30,9179,2015,11194,2026-10-08T04:02:12.587Z,FALSE,"",08:15,TRUE
fare_DEL-BLR_6E_2026-11-07_T+30_1791433399614_zvea,DEL-BLR,EaseMyTrip,6E,6E-810,2026-11-07,T+30,9179,2015,11194,2026-10-08T04:02:12.587Z,FALSE,"",13:15,TRUE
fare_DEL-BLR_6E_2026-11-07_T+30_1791433399614_4e74,DEL-BLR,EaseMyTrip,6E,6E-396,2026-11-07,T+30,9179,2015,11194,2026-10-08T04:02:12.587Z,FALSE,"",13:15,TRUE
fare_DEL-BLR_6E_2026-11-07_T+30_1791433399614_izuq,DEL-BLR,EaseMyTrip,6E,6E-314,2026-11-07,T+30,9191,2018,11209,2026-10-08T04:02:12.587Z,FALSE,"",07:05,FALSE
fare_DEL-BLR_6E_2026-11-07_T+30_1791433399614_n19o,DEL-BLR,EaseMyTrip,6E,6E-922,2026-11-07,T+30,9191,2018,11209,2026-10-08T04:02:12.587Z,FALSE,"",07:05,FALSE
fare_DEL-BLR_6E_2026-11-07_T+30_1791433399614_9du3,DEL-BLR,EaseMyTrip,6E,6E-2411,2026-11-07,T+30,9214,2022,11236,2026-10-08T04:02:12.587Z,FALSE,"",07:15,FALSE
fare_DEL-BLR_6E_2026-11-07_T+30_1791433399614_1654,DEL-BLR,EaseMyTrip,6E,6E-2140,2026-11-07,T+30,9214,2022,11236,2026-10-08T04:02:12.587Z,FALSE,"",17:30,FALSE
fare_DEL-BLR_6E_2026-11-07_T+30_1791433399614_udm0,DEL-BLR,EaseMyTrip,6E,6E-2346,2026-11-07,T+30,9214,2022,11236,2026-10-08T04:02:12.587Z,FALSE,"",17:00,FALSE
fare_DEL-BLR_6E_2026-11-07_T+30_1791433399614_098w,DEL-BLR,EaseMyTrip,6E,6E-2591,2026-11-07,T+30,9347,2052,11399,2026-10-08T04:02:12.587Z,FALSE,"",14:40,FALSE
fare_DEL-BLR_IX_2026-11-07_T+30_1791433399614_yuw3,DEL-BLR,EaseMyTrip,IX,IX-1049,2026-11-07,T+30,9888,2170,12058,2026-10-08T04:02:12.587Z,FALSE,"",05:35,FALSE
fare_DEL-BLR_QP_2026-11-07_T+30_1791433399614_jtyo,DEL-BLR,EaseMyTrip,QP,QP-1382,2026-11-07,T+30,9378,2058,11436,2026-10-08T04:02:12.587Z,FALSE,"",17:35,TRUE
fare_DEL-BLR_SG_2026-11-07_T+30_1791433399614_9sq5,DEL-BLR,EaseMyTrip,SG,SG-247,2026-11-07,T+30,9695,2128,11823,2026-10-08T04:02:12.587Z,FALSE,"",20:50,TRUE
fare_DEL-BLR_SG_2026-11-07_T+30_1791433399614_f025,DEL-BLR,EaseMyTrip,SG,SG-188,2026-11-07,T+30,9695,2128,11823,2026-10-08T04:02:12.587Z,FALSE,"",20:50,TRUE
fare_DEL-BLR_SG_2026-11-07_T+30_1791433399614_v1ma,DEL-BLR,EaseMyTrip,SG,SG-430,2026-11-07,T+30,9695,2128,11823,2026-10-08T04:02:12.587Z,FALSE,"",06:30,TRUE
fare_DEL-BLR_SG_2026-11-07_T+30_1791433399614_j9tq,DEL-BLR,EaseMyTrip,SG,SG-928,2026-11-07,T+30,9695,2128,11823,2026-10-08T04:02:12.587Z,FALSE,"",06:30,TRUE
fare_DEL-BLR_AI_2026-11-07_T+30_1791433399614_orzu,DEL-BLR,EaseMyTrip,AI,AI-2757,2026-11-07,T+30,9589,2105,11694,2026-10-08T04:02:12.587Z,FALSE,"",00:15,TRUE
fare_DEL-BLR_AI_2026-11-07_T+30_1791433399614_315i,DEL-BLR,EaseMyTrip,AI,AI-2513,2026-11-07,T+30,9589,2105,11694,2026-10-08T04:02:12.587Z,FALSE,"",13:00,TRUE
fare_DEL-BLR_AI_2026-11-07_T+30_1791433399614_0d0d,DEL-BLR,EaseMyTrip,AI,AI-2487,2026-11-07,T+30,9589,2105,11694,2026-10-08T04:02:12.587Z,FALSE,"",18:00,TRUE
fare_DEL-BLR_6E_2026-11-07_T+30_1791433399614_8hkk,DEL-BLR,EaseMyTrip,6E,6E-7653,2026-11-07,T+30,9541,2094,11635,2026-10-08T04:02:12.587Z,FALSE,"",15:50,FALSE
fare_DEL-BLR_6E_2026-11-07_T+30_1791433399614_xniv,DEL-BLR,EaseMyTrip,6E,6E-391,2026-11-07,T+30,9590,2105,11695,2026-10-08T04:02:12.587Z,FALSE,"",18:20,TRUE
fare_DEL-BLR_6E_2026-11-07_T+30_1791433399614_gmqo,DEL-BLR,EaseMyTrip,6E,6E-666,2026-11-07,T+30,9590,2105,11695,2026-10-08T04:02:12.587Z,FALSE,"",18:20,TRUE
fare_DEL-BLR_6E_2026-11-07_T+30_1791433399614_mjkh,DEL-BLR,EaseMyTrip,6E,6E-820,2026-11-07,T+30,9590,2105,11695,2026-10-08T04:02:12.587Z,FALSE,"",15:45,TRUE
fare_DEL-BLR_6E_2026-11-07_T+30_1791433399614_g24g,DEL-BLR,EaseMyTrip,6E,6E-624,2026-11-07,T+30,9590,2105,11695,2026-10-08T04:02:12.587Z,FALSE,"",15:45,TRUE
fare_DEL-BLR_6E_2026-11-07_T+30_1791433399614_n4t7,DEL-BLR,EaseMyTrip,6E,6E-537,2026-11-07,T+30,9590,2105,11695,2026-10-08T04:02:12.587Z,FALSE,"",12:00,TRUE
fare_DEL-BLR_6E_2026-11-07_T+30_1791433399614_b4l0,DEL-BLR,EaseMyTrip,6E,6E-352,2026-11-07,T+30,9590,2105,11695,2026-10-08T04:02:12.587Z,FALSE,"",12:00,TRUE
fare_DEL-BLR_6E_2026-11-07_T+30_1791433399614_sc24,DEL-BLR,EaseMyTrip,6E,6E-192,2026-11-07,T+30,9590,2105,11695,2026-10-08T04:02:12.587Z,FALSE,"",10:45,TRUE
fare_DEL-BLR_6E_2026-11-07_T+30_1791433399614_v2jf,DEL-BLR,EaseMyTrip,6E,6E-859,2026-11-07,T+30,9590,2105,11695,2026-10-08T04:02:12.587Z,FALSE,"",10:45,TRUE
fare_DEL-BLR_6E_2026-11-07_T+30_1791433399614_5cxm,DEL-BLR,EaseMyTrip,6E,6E-542,2026-11-07,T+30,9590,2105,11695,2026-10-08T04:02:12.587Z,FALSE,"",09:30,TRUE
fare_DEL-BLR_6E_2026-11-07_T+30_1791433399614_nwfs,DEL-BLR,EaseMyTrip,6E,6E-426,2026-11-07,T+30,9590,2105,11695,2026-10-08T04:02:12.587Z,FALSE,"",09:30,TRUE
fare_DEL-BLR_AI_2026-11-07_T+30_1791433399614_cdu6,DEL-BLR,EaseMyTrip,AI,AI-2509,2026-11-07,T+30,9952,2185,12137,2026-10-08T04:02:12.587Z,FALSE,"",19:45,FALSE
fare_DEL-BLR_AI_2026-11-07_T+30_1791433399614_3ir6,DEL-BLR,EaseMyTrip,AI,AI-2512,2026-11-07,T+30,10022,2200,12222,2026-10-08T04:02:12.587Z,FALSE,"",19:25,TRUE
fare_DEL-BLR_AI_2026-11-07_T+30_1791433399614_nw2a,DEL-BLR,EaseMyTrip,AI,AI-2819,2026-11-07,T+30,10198,2239,12437,2026-10-08T04:02:12.587Z,FALSE,"",15:00,TRUE
fare_DEL-BLR_6E_2026-11-07_T+30_1791433399614_6zh7,DEL-BLR,EaseMyTrip,6E,6E-6131,2026-11-07,T+30,10129,2223,12352,2026-10-08T04:02:12.587Z,FALSE,"",21:10,FALSE
fare_DEL-BLR_AI_2026-11-07_T+30_1791433399614_n7w7,DEL-BLR,EaseMyTrip,AI,AI-2485,2026-11-07,T+30,10374,2277,12651,2026-10-08T04:02:12.587Z,FALSE,"",10:55,TRUE
fare_DEL-BLR_AI_2026-11-07_T+30_1791433399614_tiwr,DEL-BLR,EaseMyTrip,AI,AI-1742,2026-11-07,T+30,10387,2280,12667,2026-10-08T04:02:12.587Z,FALSE,"",19:30,FALSE
fare_DEL-BLR_AI_2026-11-07_T+30_1791433399614_fxc0,DEL-BLR,EaseMyTrip,AI,AI-2643,2026-11-07,T+30,10387,2280,12667,2026-10-08T04:02:12.587Z,FALSE,"",05:50,FALSE
fare_DEL-BLR_AI_2026-11-07_T+30_1791433399614_99um,DEL-BLR,EaseMyTrip,AI,AI-2706,2026-11-07,T+30,10559,2318,12877,2026-10-08T04:02:12.587Z,FALSE,"",15:10,FALSE
fare_DEL-BLR_IX_2026-11-07_T+30_1791433399614_m07s,DEL-BLR,EaseMyTrip,IX,IX-1261,2026-11-07,T+30,10748,2359,13107,2026-10-08T04:02:12.587Z,FALSE,"",07:30,TRUE
fare_DEL-BLR_IX_2026-11-07_T+30_1791433399614_l2fe,DEL-BLR,EaseMyTrip,IX,IX-1525,2026-11-07,T+30,10748,2359,13107,2026-10-08T04:02:12.587Z,FALSE,"",08:35,TRUE
fare_DEL-BLR_IX_2026-11-07_T+30_1791433399614_yk3i,DEL-BLR,EaseMyTrip,IX,IX-1071,2026-11-07,T+30,10748,2359,13107,2026-10-08T04:02:12.587Z,FALSE,"",21:10,TRUE
fare_DEL-BLR_6E_2026-11-07_T+30_1791433399614_rnaz,DEL-BLR,EaseMyTrip,6E,6E-2201,2026-11-07,T+30,10563,2319,12882,2026-10-08T04:02:12.587Z,FALSE,"",08:30,FALSE
fare_DEL-BLR_6E_2026-11-07_T+30_1791433399614_hjve,DEL-BLR,EaseMyTrip,6E,6E-2456,2026-11-07,T+30,10567,2319,12886,2026-10-08T04:02:12.587Z,FALSE,"",14:35,TRUE
fare_DEL-BLR_AI_2026-11-07_T+30_1791433399614_nt9d,DEL-BLR,EaseMyTrip,AI,AI-2577,2026-11-07,T+30,10904,2393,13297,2026-10-08T04:02:12.587Z,FALSE,"",06:10,FALSE
fare_DEL-BLR_AI_2026-11-07_T+30_1791433399614_7a2m,DEL-BLR,EaseMyTrip,AI,AI-2417,2026-11-07,T+30,10941,2402,13343,2026-10-08T04:02:12.587Z,FALSE,"",12:00,TRUE
fare_DEL-BLR_6E_2026-11-07_T+30_1791433399614_bi8k,DEL-BLR,EaseMyTrip,6E,6E-398,2026-11-07,T+30,10839,2379,13218,2026-10-08T04:02:12.587Z,FALSE,"",19:20,FALSE
fare_DEL-BLR_6E_2026-11-07_T+30_1791433399614_2wdg,DEL-BLR,EaseMyTrip,6E,6E-855,2026-11-07,T+30,10839,2379,13218,2026-10-08T04:02:12.587Z,FALSE,"",19:20,FALSE
fare_DEL-BLR_AI_2026-11-07_T+30_1791433399614_uwbx,DEL-BLR,EaseMyTrip,AI,AI-2545,2026-11-07,T+30,11144,2446,13590,2026-10-08T04:02:12.587Z,FALSE,"",11:10,FALSE
fare_DEL-BLR_6E_2026-11-07_T+30_1791433399614_43eb,DEL-BLR,EaseMyTrip,6E,6E-5162,2026-11-07,T+30,10992,2413,13405,2026-10-08T04:02:12.587Z,FALSE,"",18:45,FALSE
fare_DEL-BLR_AI_2026-11-07_T+30_1791433399614_969z,DEL-BLR,EaseMyTrip,AI,AI-1724,2026-11-07,T+30,11172,2452,13624,2026-10-08T04:02:12.587Z,FALSE,"",05:45,FALSE
fare_DEL-BLR_6E_2026-11-07_T+30_1791433399614_9d14,DEL-BLR,EaseMyTrip,6E,6E-5175,2026-11-07,T+30,11127,2442,13569,2026-10-08T04:02:12.587Z,FALSE,"",12:55,FALSE
fare_DEL-BLR_6E_2026-11-07_T+30_1791433399614_30oz,DEL-BLR,EaseMyTrip,6E,6E-2571,2026-11-07,T+30,11174,2453,13627,2026-10-08T04:02:12.587Z,FALSE,"",15:35,FALSE
fare_DEL-BLR_SG_2026-11-07_T+30_1791433399614_rwgu,DEL-BLR,EaseMyTrip,SG,SG-482,2026-11-07,T+30,11787,2587,14374,2026-10-08T04:02:12.587Z,FALSE,"",09:50,FALSE
fare_DEL-BLR_SG_2026-11-07_T+30_1791433399614_u5xw,DEL-BLR,EaseMyTrip,SG,SG-677,2026-11-07,T+30,11787,2587,14374,2026-10-08T04:02:12.587Z,FALSE,"",09:50,FALSE
fare_DEL-BLR_SG_2026-11-07_T+30_1791433399614_wsdo,DEL-BLR,EaseMyTrip,SG,SG-280,2026-11-07,T+30,11787,2587,14374,2026-10-08T04:02:12.587Z,FALSE,"",09:30,FALSE
fare_DEL-BLR_SG_2026-11-07_T+30_1791433399614_7adg,DEL-BLR,EaseMyTrip,SG,SG-137,2026-11-07,T+30,11787,2587,14374,2026-10-08T04:02:12.587Z,FALSE,"",09:30,FALSE
fare_DEL-BLR_SG_2026-11-07_T+30_1791433399614_ei42,DEL-BLR,EaseMyTrip,SG,SG-283,2026-11-07,T+30,11787,2587,14374,2026-10-08T04:02:12.587Z,FALSE,"",06:20,FALSE
fare_DEL-BLR_SG_2026-11-07_T+30_1791433399614_jl8z,DEL-BLR,EaseMyTrip,SG,SG-719,2026-11-07,T+30,11787,2587,14374,2026-10-08T04:02:12.587Z,FALSE,"",06:20,FALSE
fare_DEL-BLR_SG_2026-11-07_T+30_1791433399614_px4h,DEL-BLR,EaseMyTrip,SG,SG-546,2026-11-07,T+30,11787,2587,14374,2026-10-08T04:02:12.587Z,FALSE,"",05:45,FALSE
fare_DEL-BLR_SG_2026-11-07_T+30_1791433399614_jzln,DEL-BLR,EaseMyTrip,SG,SG-543,2026-11-07,T+30,11787,2587,14374,2026-10-08T04:02:12.587Z,FALSE,"",05:45,FALSE
fare_DEL-BLR_IX_2026-11-07_T+30_1791433399614_egsc,DEL-BLR,EaseMyTrip,IX,IX-1082,2026-11-07,T+30,11465,2517,13982,2026-10-08T04:02:12.587Z,FALSE,"",21:55,FALSE
fare_DEL-BLR_AI_2026-11-07_T+30_1791433399614_tfa8,DEL-BLR,EaseMyTrip,AI,AI-487,2026-11-07,T+30,11741,2577,14318,2026-10-08T04:02:12.587Z,FALSE,"",16:00,FALSE
fare_DEL-BLR_AI_2026-11-07_T+30_1791433399614_4q4k,DEL-BLR,EaseMyTrip,AI,AI-2879,2026-11-07,T+30,11806,2591,14397,2026-10-08T04:02:12.587Z,FALSE,"",18:00,FALSE
fare_DEL-BLR_6E_2026-11-07_T+30_1791433399614_a0yd,DEL-BLR,EaseMyTrip,6E,6E-2045,2026-11-07,T+30,11646,2556,14202,2026-10-08T04:02:12.587Z,FALSE,"",20:05,FALSE
fare_DEL-BLR_6E_2026-11-07_T+30_1791433399614_pjwz,DEL-BLR,EaseMyTrip,6E,6E-6517,2026-11-07,T+30,11782,2586,14368,2026-10-08T04:02:12.587Z,FALSE,"",19:30,FALSE
fare_DEL-BLR_6E_2026-11-07_T+30_1791433399614_y3oc,DEL-BLR,EaseMyTrip,6E,6E-2336,2026-11-07,T+30,11984,2631,14615,2026-10-08T04:02:12.587Z,FALSE,"",16:15,FALSE
fare_DEL-BLR_AI_2026-11-07_T+30_1791433399614_d7jl,DEL-BLR,EaseMyTrip,AI,AI-2859,2026-11-07,T+30,12441,2731,15172,2026-10-08T04:02:12.587Z,FALSE,"",11:30,FALSE
fare_DEL-BLR_IX_2026-11-07_T+30_1791433399614_446c,DEL-BLR,EaseMyTrip,IX,IX-2237,2026-11-07,T+30,12534,2751,15285,2026-10-08T04:02:12.587Z,FALSE,"",19:30,FALSE
fare_DEL-BLR_6E_2026-11-07_T+30_1791433399614_3v6t,DEL-BLR,EaseMyTrip,6E,6E-6115,2026-11-07,T+30,12385,2719,15104,2026-10-08T04:02:12.587Z,FALSE,"",13:00,FALSE
fare_DEL-BLR_6E_2026-11-07_T+30_1791433399614_dbqr,DEL-BLR,EaseMyTrip,6E,6E-971,2026-11-07,T+30,12385,2719,15104,2026-10-08T04:02:12.587Z,FALSE,"",10:40,FALSE
fare_DEL-BLR_6E_2026-11-07_T+30_1791433399614_accr,DEL-BLR,EaseMyTrip,6E,6E-612,2026-11-07,T+30,12385,2719,15104,2026-10-08T04:02:12.587Z,FALSE,"",10:40,FALSE
fare_DEL-BLR_6E_2026-11-07_T+30_1791433399614_u9kq,DEL-BLR,EaseMyTrip,6E,6E-6091,2026-11-07,T+30,12385,2719,15104,2026-10-08T04:02:12.587Z,FALSE,"",15:00,FALSE
fare_DEL-BLR_AI_2026-11-07_T+30_1791433399614_ytep,DEL-BLR,EaseMyTrip,AI,AI-2465,2026-11-07,T+30,12606,2767,15373,2026-10-08T04:02:12.587Z,FALSE,"",14:00,FALSE
fare_DEL-BLR_SG_2026-11-07_T+30_1791433399615_0rg6,DEL-BLR,EaseMyTrip,SG,SG-473,2026-11-07,T+30,12877,2827,15704,2026-10-08T04:02:12.587Z,FALSE,"",19:00,FALSE
fare_DEL-BLR_SG_2026-11-07_T+30_1791433399615_ap9e,DEL-BLR,EaseMyTrip,SG,SG-105,2026-11-07,T+30,12877,2827,15704,2026-10-08T04:02:12.587Z,FALSE,"",19:00,FALSE
fare_DEL-BLR_AI_2026-11-07_T+30_1791433399615_p94q,DEL-BLR,EaseMyTrip,AI,AI-2945,2026-11-07,T+30,12787,2807,15594,2026-10-08T04:02:12.587Z,FALSE,"",11:00,FALSE
fare_DEL-BLR_6E_2026-11-07_T+30_1791433399615_so4e,DEL-BLR,EaseMyTrip,6E,6E-6076,2026-11-07,T+30,12670,2781,15451,2026-10-08T04:02:12.587Z,FALSE,"",15:45,FALSE
fare_DEL-BLR_AI_2026-11-07_T+30_1791433399615_qtmu,DEL-BLR,EaseMyTrip,AI,AI-2425,2026-11-07,T+30,13369,2935,16304,2026-10-08T04:02:12.587Z,FALSE,"",10:25,FALSE
fare_DEL-BLR_6E_2026-11-07_T+30_1791433399615_t8gx,DEL-BLR,EaseMyTrip,6E,6E-479,2026-11-07,T+30,13250,2909,16159,2026-10-08T04:02:12.587Z,FALSE,"",02:10,FALSE
fare_DEL-BLR_6E_2026-11-07_T+30_1791433399615_ysrq,DEL-BLR,EaseMyTrip,6E,6E-557,2026-11-07,T+30,13250,2909,16159,2026-10-08T04:02:12.587Z,FALSE,"",02:10,FALSE
fare_DEL-BLR_6E_2026-11-07_T+30_1791433399615_26ze,DEL-BLR,EaseMyTrip,6E,6E-6022,2026-11-07,T+30,13260,2911,16171,2026-10-08T04:02:12.587Z,FALSE,"",14:10,FALSE
fare_DEL-BLR_AI_2026-11-07_T+30_1791433399615_2s5f,DEL-BLR,EaseMyTrip,AI,AI-2963,2026-11-07,T+30,13485,2960,16445,2026-10-08T04:02:12.587Z,FALSE,"",09:00,FALSE
fare_DEL-BLR_AI_2026-11-07_T+30_1791433399615_81zs,DEL-BLR,EaseMyTrip,AI,AI-2587,2026-11-07,T+30,13485,2960,16445,2026-10-08T04:02:12.587Z,FALSE,"",12:00,FALSE
fare_DEL-BLR_IX_2026-11-07_T+30_1791433399615_bcdi,DEL-BLR,EaseMyTrip,IX,IX-1056,2026-11-07,T+30,14381,3157,17538,2026-10-08T04:02:12.587Z,FALSE,"",08:50,FALSE
fare_DEL-BLR_SG_2026-11-07_T+30_1791433399615_hte1,DEL-BLR,EaseMyTrip,SG,SG-501,2026-11-07,T+30,14392,3159,17551,2026-10-08T04:02:12.587Z,FALSE,"",07:00,FALSE
fare_DEL-BLR_SG_2026-11-07_T+30_1791433399615_3qp4,DEL-BLR,EaseMyTrip,SG,SG-281,2026-11-07,T+30,14392,3159,17551,2026-10-08T04:02:12.587Z,FALSE,"",07:00,FALSE
fare_DEL-BLR_AI_2026-11-07_T+30_1791433399615_m93z,DEL-BLR,EaseMyTrip,AI,AI-2943,2026-11-07,T+30,13552,2975,16527,2026-10-08T04:02:12.587Z,FALSE,"",07:30,FALSE
fare_DEL-BLR_AI_2026-11-07_T+30_1791433399615_bvqy,DEL-BLR,EaseMyTrip,AI,AI-2975,2026-11-07,T+30,13601,2985,16586,2026-10-08T04:02:12.587Z,FALSE,"",06:20,FALSE
fare_DEL-BLR_AI_2026-11-07_T+30_1791433399615_5xsv,DEL-BLR,EaseMyTrip,AI,AI-1725,2026-11-07,T+30,13628,2992,16620,2026-10-08T04:02:12.587Z,FALSE,"",05:30,FALSE
fare_DEL-BLR_AI_2026-11-07_T+30_1791433399615_9dax,DEL-BLR,EaseMyTrip,AI,AI-2507,2026-11-07,T+30,13780,3025,16805,2026-10-08T04:02:12.587Z,FALSE,"",12:10,FALSE
fare_DEL-BLR_IX_2026-11-07_T+30_1791433399615_8fzy,DEL-BLR,EaseMyTrip,IX,IX-1263,2026-11-07,T+30,13940,3060,17000,2026-10-08T04:02:12.587Z,FALSE,"",06:55,FALSE
fare_DEL-BLR_IX_2026-11-07_T+30_1791433399615_auy9,DEL-BLR,EaseMyTrip,IX,IX-1392,2026-11-07,T+30,13940,3060,17000,2026-10-08T04:02:12.587Z,FALSE,"",12:30,FALSE
fare_DEL-BLR_6E_2026-11-07_T+30_1791433399615_16tz,DEL-BLR,EaseMyTrip,6E,6E-6884,2026-11-07,T+30,14033,3081,17114,2026-10-08T04:02:12.587Z,FALSE,"",00:35,FALSE
fare_DEL-BLR_AI_2026-11-07_T+30_1791433399615_qzf0,DEL-BLR,EaseMyTrip,AI,AI-1753,2026-11-07,T+30,14270,3132,17402,2026-10-08T04:02:12.587Z,FALSE,"",15:00,FALSE
fare_DEL-BLR_AI_2026-11-07_T+30_1791433399615_icv8,DEL-BLR,EaseMyTrip,AI,AI-2523,2026-11-07,T+30,14273,3133,17406,2026-10-08T04:02:12.587Z,FALSE,"",08:45,FALSE
fare_DEL-BLR_SG_2026-11-07_T+30_1791433399615_fadw,DEL-BLR,EaseMyTrip,SG,SG-153,2026-11-07,T+30,15038,3301,18339,2026-10-08T04:02:12.587Z,FALSE,"",19:00,FALSE
fare_DEL-BLR_SG_2026-11-07_T+30_1791433399615_3h44,DEL-BLR,EaseMyTrip,SG,SG-490,2026-11-07,T+30,15038,3301,18339,2026-10-08T04:02:12.587Z,FALSE,"",19:00,FALSE
fare_DEL-BLR_6E_2026-11-07_T+30_1791433399615_rp9s,DEL-BLR,EaseMyTrip,6E,6E-5023,2026-11-07,T+30,14298,3139,17437,2026-10-08T04:02:12.587Z,FALSE,"",18:10,FALSE
fare_DEL-BLR_AI_2026-11-07_T+30_1791433399615_bwvm,DEL-BLR,EaseMyTrip,AI,AI-2565,2026-11-07,T+30,14538,3191,17729,2026-10-08T04:02:12.587Z,FALSE,"",15:25,FALSE
fare_DEL-BLR_AI_2026-11-07_T+30_1791433399615_ve6v,DEL-BLR,EaseMyTrip,AI,AI-2933,2026-11-07,T+30,14962,3284,18246,2026-10-08T04:02:12.587Z,FALSE,"",15:30,FALSE
fare_DEL-BLR_AI_2026-11-07_T+30_1791433399615_scnt,DEL-BLR,EaseMyTrip,AI,AI-2951,2026-11-07,T+30,14962,3284,18246,2026-10-08T04:02:12.587Z,FALSE,"",13:30,FALSE
fare_DEL-BLR_IX_2026-11-07_T+30_1791433399615_r88e,DEL-BLR,EaseMyTrip,IX,IX-1067,2026-11-07,T+30,15233,3344,18577,2026-10-08T04:02:12.587Z,FALSE,"",11:25,FALSE
fare_DEL-BLR_IX_2026-11-07_T+30_1791433399615_2upu,DEL-BLR,EaseMyTrip,IX,IX-2233,2026-11-07,T+30,15905,3491,19396,2026-10-08T04:02:12.587Z,FALSE,"",06:05,FALSE
fare_DEL-BLR_6E_2026-11-07_T+30_1791433399615_db61,DEL-BLR,EaseMyTrip,6E,6E-2343,2026-11-07,T+30,15792,3466,19258,2026-10-08T04:02:12.587Z,FALSE,"",02:15,FALSE
fare_DEL-BLR_IX_2026-11-07_T+30_1791433399615_bvnk,DEL-BLR,EaseMyTrip,IX,IX-1057,2026-11-07,T+30,16324,3583,19907,2026-10-08T04:02:12.587Z,FALSE,"",09:25,FALSE
fare_DEL-BLR_IX_2026-11-07_T+30_1791433399615_da9o,DEL-BLR,EaseMyTrip,IX,IX-1274,2026-11-07,T+30,16423,3605,20028,2026-10-08T04:02:12.587Z,FALSE,"",09:55,FALSE
fare_DEL-BLR_6E_2026-11-07_T+30_1791433399615_lj8z,DEL-BLR,EaseMyTrip,6E,6E-2722,2026-11-07,T+30,16276,3573,19849,2026-10-08T04:02:12.587Z,FALSE,"",15:20,FALSE
fare_DEL-BLR_6E_2026-11-07_T+30_1791433399615_u1jk,DEL-BLR,EaseMyTrip,6E,6E-6207,2026-11-07,T+30,16405,3601,20006,2026-10-08T04:02:12.587Z,FALSE,"",09:30,FALSE
fare_DEL-BLR_AI_2026-11-07_T+30_1791433399615_rgbv,DEL-BLR,EaseMyTrip,AI,AI-2973,2026-11-07,T+30,16851,3699,20550,2026-10-08T04:02:12.587Z,FALSE,"",20:50,FALSE
fare_DEL-BLR_SG_2026-11-07_T+30_1791433399615_uk0z,DEL-BLR,EaseMyTrip,SG,SG-274,2026-11-07,T+30,18346,4027,22373,2026-10-08T04:02:12.587Z,FALSE,"",19:00,FALSE
fare_DEL-BLR_SG_2026-11-07_T+30_1791433399615_2l9a,DEL-BLR,EaseMyTrip,SG,SG-259,2026-11-07,T+30,18346,4027,22373,2026-10-08T04:02:12.587Z,FALSE,"",19:00,FALSE
fare_DEL-BLR_IX_2026-11-07_T+30_1791433399615_cc7f,DEL-BLR,EaseMyTrip,IX,IX-1210,2026-11-07,T+30,17419,3824,21243,2026-10-08T04:02:12.587Z,FALSE,"",21:20,FALSE
fare_DEL-BLR_SG_2026-11-07_T+30_1791433399615_u8wg,DEL-BLR,EaseMyTrip,SG,SG-944,2026-11-07,T+30,19182,4211,23393,2026-10-08T04:02:12.587Z,FALSE,"",09:50,FALSE
fare_DEL-BLR_SG_2026-11-07_T+30_1791433399615_wsff,DEL-BLR,EaseMyTrip,SG,SG-861,2026-11-07,T+30,19182,4211,23393,2026-10-08T04:02:12.587Z,FALSE,"",09:50,FALSE
fare_DEL-BLR_SG_2026-11-07_T+30_1791433399615_3z34,DEL-BLR,EaseMyTrip,SG,SG-794,2026-11-07,T+30,19182,4211,23393,2026-10-08T04:02:12.587Z,FALSE,"",09:30,FALSE
fare_DEL-BLR_SG_2026-11-07_T+30_1791433399615_b3ms,DEL-BLR,EaseMyTrip,SG,SG-528,2026-11-07,T+30,19182,4211,23393,2026-10-08T04:02:12.587Z,FALSE,"",09:30,FALSE
fare_DEL-BLR_SG_2026-11-07_T+30_1791433399615_wowe,DEL-BLR,EaseMyTrip,SG,SG-784,2026-11-07,T+30,19182,4211,23393,2026-10-08T04:02:12.587Z,FALSE,"",06:20,FALSE
fare_DEL-BLR_SG_2026-11-07_T+30_1791433399615_5jns,DEL-BLR,EaseMyTrip,SG,SG-459,2026-11-07,T+30,19182,4211,23393,2026-10-08T04:02:12.587Z,FALSE,"",06:20,FALSE
fare_DEL-BLR_SG_2026-11-07_T+30_1791433399615_88nh,DEL-BLR,EaseMyTrip,SG,SG-291,2026-11-07,T+30,19182,4211,23393,2026-10-08T04:02:12.587Z,FALSE,"",05:45,FALSE
fare_DEL-BLR_SG_2026-11-07_T+30_1791433399615_52xb,DEL-BLR,EaseMyTrip,SG,SG-658,2026-11-07,T+30,19182,4211,23393,2026-10-08T04:02:12.587Z,FALSE,"",05:45,FALSE
fare_DEL-BLR_SG_2026-11-07_T+30_1791433399615_9jls,DEL-BLR,EaseMyTrip,SG,SG-591,2026-11-07,T+30,19182,4211,23393,2026-10-08T04:02:12.587Z,FALSE,"",09:50,FALSE
fare_DEL-BLR_SG_2026-11-07_T+30_1791433399615_c7dj,DEL-BLR,EaseMyTrip,SG,SG-164,2026-11-07,T+30,19182,4211,23393,2026-10-08T04:02:12.587Z,FALSE,"",09:50,FALSE
fare_DEL-BLR_SG_2026-11-07_T+30_1791433399615_gxtj,DEL-BLR,EaseMyTrip,SG,SG-887,2026-11-07,T+30,19182,4211,23393,2026-10-08T04:02:12.587Z,FALSE,"",09:30,FALSE
fare_DEL-BLR_SG_2026-11-07_T+30_1791433399615_tvje,DEL-BLR,EaseMyTrip,SG,SG-647,2026-11-07,T+30,19182,4211,23393,2026-10-08T04:02:12.587Z,FALSE,"",09:30,FALSE
fare_DEL-BLR_SG_2026-11-07_T+30_1791433399615_bpb6,DEL-BLR,EaseMyTrip,SG,SG-833,2026-11-07,T+30,19182,4211,23393,2026-10-08T04:02:12.587Z,FALSE,"",06:20,FALSE
fare_DEL-BLR_SG_2026-11-07_T+30_1791433399615_mq6h,DEL-BLR,EaseMyTrip,SG,SG-393,2026-11-07,T+30,19182,4211,23393,2026-10-08T04:02:12.587Z,FALSE,"",06:20,FALSE
fare_DEL-BLR_SG_2026-11-07_T+30_1791433399615_d3je,DEL-BLR,EaseMyTrip,SG,SG-588,2026-11-07,T+30,19182,4211,23393,2026-10-08T04:02:12.587Z,FALSE,"",05:45,FALSE
fare_DEL-BLR_SG_2026-11-07_T+30_1791433399615_zycn,DEL-BLR,EaseMyTrip,SG,SG-815,2026-11-07,T+30,19182,4211,23393,2026-10-08T04:02:12.587Z,FALSE,"",05:45,FALSE
fare_DEL-BLR_AI_2026-11-07_T+30_1791433399615_o5kt,DEL-BLR,EaseMyTrip,AI,AI-9836,2026-11-07,T+30,18216,3999,22215,2026-10-08T04:02:12.587Z,FALSE,"",08:50,FALSE
fare_DEL-BLR_6E_2026-11-07_T+30_1791433399615_brxp,DEL-BLR,EaseMyTrip,6E,6E-2361,2026-11-07,T+30,18298,4017,22315,2026-10-08T04:02:12.587Z,FALSE,"",12:45,FALSE
fare_DEL-BLR_IX_2026-11-07_T+30_1791433399615_knc7,DEL-BLR,EaseMyTrip,IX,IX-1076,2026-11-07,T+30,18489,4059,22548,2026-10-08T04:02:12.587Z,FALSE,"",08:00,FALSE
fare_DEL-BLR_6E_2026-11-07_T+30_1791433399615_phe4,DEL-BLR,EaseMyTrip,6E,6E-2105,2026-11-07,T+30,18492,4059,22551,2026-10-08T04:02:12.587Z,FALSE,"",05:10,FALSE
fare_DEL-BLR_SG_2026-11-07_T+30_1791433399615_gzwd,DEL-BLR,EaseMyTrip,SG,SG-366,2026-11-07,T+30,20275,4450,24725,2026-10-08T04:02:12.587Z,FALSE,"",19:00,FALSE
fare_DEL-BLR_SG_2026-11-07_T+30_1791433399615_mb40,DEL-BLR,EaseMyTrip,SG,SG-165,2026-11-07,T+30,20275,4450,24725,2026-10-08T04:02:12.587Z,FALSE,"",19:00,FALSE
fare_DEL-BLR_AI_2026-11-07_T+30_1791433399615_1mp1,DEL-BLR,EaseMyTrip,AI,AI-2767,2026-11-07,T+30,19494,4279,23773,2026-10-08T04:02:12.587Z,FALSE,"",13:00,FALSE
fare_DEL-BLR_IX_2026-11-07_T+30_1791433399615_y699,DEL-BLR,EaseMyTrip,IX,IX-1041,2026-11-07,T+30,19847,4357,24204,2026-10-08T04:02:12.587Z,FALSE,"",15:10,FALSE
fare_DEL-BLR_IX_2026-11-07_T+30_1791433399615_c5fd,DEL-BLR,EaseMyTrip,IX,IX-1032,2026-11-07,T+30,19847,4357,24204,2026-10-08T04:02:12.587Z,FALSE,"",06:20,FALSE
fare_DEL-BLR_AI_2026-11-07_T+30_1791433399615_ad4t,DEL-BLR,EaseMyTrip,AI,AI-881,2026-11-07,T+30,19947,4378,24325,2026-10-08T04:02:12.587Z,FALSE,"",14:50,FALSE
fare_DEL-BLR_SG_2026-11-07_T+30_1791433399615_gy6j,DEL-BLR,EaseMyTrip,SG,SG-679,2026-11-07,T+30,21789,4783,26572,2026-10-08T04:02:12.587Z,FALSE,"",07:00,FALSE
fare_DEL-BLR_SG_2026-11-07_T+30_1791433399615_82wt,DEL-BLR,EaseMyTrip,SG,SG-266,2026-11-07,T+30,21789,4783,26572,2026-10-08T04:02:12.587Z,FALSE,"",07:00,FALSE
fare_DEL-BLR_SG_2026-11-07_T+30_1791433399615_cbfq,DEL-BLR,EaseMyTrip,SG,SG-609,2026-11-07,T+30,21789,4783,26572,2026-10-08T04:02:12.587Z,FALSE,"",07:00,FALSE
fare_DEL-BLR_SG_2026-11-07_T+30_1791433399615_xqtj,DEL-BLR,EaseMyTrip,SG,SG-976,2026-11-07,T+30,21789,4783,26572,2026-10-08T04:02:12.587Z,FALSE,"",07:00,FALSE
fare_DEL-BLR_6E_2026-11-07_T+30_1791433399615_c25b,DEL-BLR,EaseMyTrip,6E,6E-6220,2026-11-07,T+30,20187,4431,24618,2026-10-08T04:02:12.587Z,FALSE,"",05:00,FALSE
fare_DEL-BLR_IX_2026-11-07_T+30_1791433399615_wclb,DEL-BLR,EaseMyTrip,IX,IX-1085,2026-11-07,T+30,20751,4555,25306,2026-10-08T04:02:12.587Z,FALSE,"",10:55,FALSE
fare_DEL-BLR_6E_2026-11-07_T+30_1791433399615_hua2,DEL-BLR,EaseMyTrip,6E,6E-6878,2026-11-07,T+30,21247,4664,25911,2026-10-08T04:02:12.587Z,FALSE,"",07:30,FALSE
fare_DEL-BLR_6E_2026-11-07_T+30_1791433399615_uuxa,DEL-BLR,EaseMyTrip,6E,6E-6868,2026-11-07,T+30,21247,4664,25911,2026-10-08T04:02:12.587Z,FALSE,"",12:20,FALSE
fare_DEL-BLR_IX_2026-11-07_T+30_1791433399615_qsyn,DEL-BLR,EaseMyTrip,IX,IX-1672,2026-11-07,T+30,21732,4770,26502,2026-10-08T04:02:12.587Z,FALSE,"",07:20,FALSE
fare_DEL-BLR_IX_2026-11-07_T+30_1791433399615_bawz,DEL-BLR,EaseMyTrip,IX,IX-1046,2026-11-07,T+30,22913,5030,27943,2026-10-08T04:02:12.587Z,FALSE,"",07:25,FALSE
fare_DEL-BLR_6E_2026-11-07_T+30_1791433399615_ycxs,DEL-BLR,EaseMyTrip,6E,6E-6347,2026-11-07,T+30,23041,5058,28099,2026-10-08T04:02:12.587Z,FALSE,"",14:35,FALSE
fare_DEL-BLR_IX_2026-11-07_T+30_1791433399615_4vke,DEL-BLR,EaseMyTrip,IX,IX-2764,2026-11-07,T+30,25298,5553,30851,2026-10-08T04:02:12.587Z,FALSE,"",12:40,FALSE
fare_DEL-BLR_IX_2026-11-07_T+30_1791433399615_e789,DEL-BLR,EaseMyTrip,IX,IX-1068,2026-11-07,T+30,25298,5553,30851,2026-10-08T04:02:12.587Z,FALSE,"",14:25,FALSE
fare_DEL-BLR_6E_2026-11-07_T+30_1791433399615_qyfw,DEL-BLR,EaseMyTrip,6E,6E-350,2026-11-07,T+30,24270,5328,29598,2026-10-08T04:02:12.587Z,FALSE,"",10:30,FALSE
fare_DEL-BLR_6E_2026-11-07_T+30_1791433399615_08da,DEL-BLR,EaseMyTrip,6E,6E-303,2026-11-07,T+30,24270,5328,29598,2026-10-08T04:02:12.587Z,FALSE,"",10:30,FALSE
fare_DEL-BLR_SG_2026-11-07_T+30_1791433399615_1kd4,DEL-BLR,EaseMyTrip,SG,SG-450,2026-11-07,T+30,27012,5929,32941,2026-10-08T04:02:12.587Z,TRUE,"High outlier: ₹32941 > upper fence ₹32936 (Q3: ₹20012, IQR: ₹8616)",07:00,FALSE
fare_DEL-BLR_SG_2026-11-07_T+30_1791433399615_n0xj,DEL-BLR,EaseMyTrip,SG,SG-604,2026-11-07,T+30,27012,5929,32941,2026-10-08T04:02:12.587Z,TRUE,"High outlier: ₹32941 > upper fence ₹32936 (Q3: ₹20012, IQR: ₹8616)",07:00,FALSE
fare_DEL-BLR_IX_2026-11-07_T+30_1791433399615_k5lo,DEL-BLR,EaseMyTrip,IX,IX-1510,2026-11-07,T+30,27749,6091,33840,2026-10-08T04:02:12.587Z,TRUE,"High outlier: ₹33840 > upper fence ₹32936 (Q3: ₹20012, IQR: ₹8616)",09:15,FALSE
fare_DEL-BLR_6E_2026-11-22_T+45_1791433399615_sitn,DEL-BLR,EaseMyTrip,6E,6E-2303,2026-11-22,T+45,8998,1975,10973,2026-10-08T04:02:18.954Z,FALSE,"",04:55,FALSE
fare_DEL-BLR_6E_2026-11-22_T+45_1791433399615_ps0p,DEL-BLR,EaseMyTrip,6E,6E-2277,2026-11-22,T+45,9214,2022,11236,2026-10-08T04:02:18.954Z,FALSE,"",10:25,FALSE
fare_DEL-BLR_6E_2026-11-22_T+45_1791433399615_ovfk,DEL-BLR,EaseMyTrip,6E,6E-6131,2026-11-22,T+45,9214,2022,11236,2026-10-08T04:02:18.954Z,FALSE,"",21:10,FALSE
fare_DEL-BLR_6E_2026-11-22_T+45_1791433399615_mqru,DEL-BLR,EaseMyTrip,6E,6E-182,2026-11-22,T+45,9214,2022,11236,2026-10-08T04:02:18.954Z,FALSE,"",10:40,FALSE
fare_DEL-BLR_6E_2026-11-22_T+45_1791433399615_sk91,DEL-BLR,EaseMyTrip,6E,6E-207,2026-11-22,T+45,9214,2022,11236,2026-10-08T04:02:18.954Z,FALSE,"",10:40,FALSE
fare_DEL-BLR_6E_2026-11-22_T+45_1791433399615_l6kh,DEL-BLR,EaseMyTrip,6E,6E-972,2026-11-22,T+45,9214,2022,11236,2026-10-08T04:02:18.954Z,FALSE,"",17:40,FALSE
fare_DEL-BLR_6E_2026-11-22_T+45_1791433399615_nyg8,DEL-BLR,EaseMyTrip,6E,6E-828,2026-11-22,T+45,9214,2022,11236,2026-10-08T04:02:18.954Z,FALSE,"",17:40,FALSE
fare_DEL-BLR_6E_2026-11-22_T+45_1791433399615_5mbs,DEL-BLR,EaseMyTrip,6E,6E-2346,2026-11-22,T+45,9214,2022,11236,2026-10-08T04:02:18.954Z,FALSE,"",17:00,FALSE
fare_DEL-BLR_6E_2026-11-22_T+45_1791433399615_b9xk,DEL-BLR,EaseMyTrip,6E,6E-5162,2026-11-22,T+45,9214,2022,11236,2026-10-08T04:02:18.954Z,FALSE,"",18:45,FALSE
fare_DEL-BLR_AI_2026-11-22_T+45_1791433399615_4hyi,DEL-BLR,EaseMyTrip,AI,AI-2409,2026-11-22,T+45,9589,2105,11694,2026-10-08T04:02:18.954Z,FALSE,"",06:00,TRUE
fare_DEL-BLR_6E_2026-11-22_T+45_1791433399615_p03w,DEL-BLR,EaseMyTrip,6E,6E-6073,2026-11-22,T+45,9450,2074,11524,2026-10-08T04:02:18.954Z,FALSE,"",04:55,FALSE
fare_DEL-BLR_6E_2026-11-22_T+45_1791433399615_mq30,DEL-BLR,EaseMyTrip,6E,6E-7646,2026-11-22,T+45,9563,2099,11662,2026-10-08T04:02:18.954Z,FALSE,"",06:20,FALSE
fare_DEL-BLR_6E_2026-11-22_T+45_1791433399615_iu4d,DEL-BLR,EaseMyTrip,6E,6E-7643,2026-11-22,T+45,9563,2099,11662,2026-10-08T04:02:18.954Z,FALSE,"",14:55,FALSE
fare_DEL-BLR_6E_2026-11-22_T+45_1791433399615_3zw2,DEL-BLR,EaseMyTrip,6E,6E-2314,2026-11-22,T+45,9590,2105,11695,2026-10-08T04:02:18.954Z,FALSE,"",05:15,TRUE
fare_DEL-BLR_6E_2026-11-22_T+45_1791433399615_qk8z,DEL-BLR,EaseMyTrip,6E,6E-377,2026-11-22,T+45,9590,2105,11695,2026-10-08T04:02:18.954Z,FALSE,"",02:45,TRUE
fare_DEL-BLR_6E_2026-11-22_T+45_1791433399615_8tj6,DEL-BLR,EaseMyTrip,6E,6E-754,2026-11-22,T+45,9590,2105,11695,2026-10-08T04:02:18.954Z,FALSE,"",02:45,TRUE
fare_DEL-BLR_6E_2026-11-22_T+45_1791433399615_083s,DEL-BLR,EaseMyTrip,6E,6E-5175,2026-11-22,T+45,9824,2156,11980,2026-10-08T04:02:18.954Z,FALSE,"",12:55,FALSE
fare_DEL-BLR_6E_2026-11-22_T+45_1791433399615_4g8h,DEL-BLR,EaseMyTrip,6E,6E-2411,2026-11-22,T+45,9860,2164,12024,2026-10-08T04:02:18.954Z,FALSE,"",07:15,FALSE
fare_DEL-BLR_AI_2026-11-22_T+45_1791433399615_vinp,DEL-BLR,EaseMyTrip,AI,AI-2757,2026-11-22,T+45,10111,2219,12330,2026-10-08T04:02:18.954Z,FALSE,"",00:15,TRUE
fare_DEL-BLR_6E_2026-11-22_T+45_1791433399615_e7y2,DEL-BLR,EaseMyTrip,6E,6E-901,2026-11-22,T+45,10024,2200,12224,2026-10-08T04:02:18.954Z,FALSE,"",08:15,TRUE
fare_DEL-BLR_6E_2026-11-22_T+45_1791433399615_iwr2,DEL-BLR,EaseMyTrip,6E,6E-178,2026-11-22,T+45,10024,2200,12224,2026-10-08T04:02:18.954Z,FALSE,"",08:15,TRUE
fare_DEL-BLR_6E_2026-11-22_T+45_1791433399615_fyu6,DEL-BLR,EaseMyTrip,6E,6E-549,2026-11-22,T+45,10024,2200,12224,2026-10-08T04:02:18.954Z,FALSE,"",06:45,TRUE
fare_DEL-BLR_6E_2026-11-22_T+45_1791433399615_c5da,DEL-BLR,EaseMyTrip,6E,6E-153,2026-11-22,T+45,10024,2200,12224,2026-10-08T04:02:18.954Z,FALSE,"",06:45,TRUE
fare_DEL-BLR_IX_2026-11-22_T+45_1791433399615_lqoi,DEL-BLR,EaseMyTrip,IX,IX-1196,2026-11-22,T+45,10451,2294,12745,2026-10-08T04:02:18.954Z,FALSE,"",18:35,FALSE
fare_DEL-BLR_AI_2026-11-22_T+45_1791433399615_i6di,DEL-BLR,EaseMyTrip,AI,AI-1708,2026-11-22,T+45,10469,2298,12767,2026-10-08T04:02:18.954Z,FALSE,"",16:20,FALSE
fare_DEL-BLR_6E_2026-11-22_T+45_1791433399615_lo8a,DEL-BLR,EaseMyTrip,6E,6E-690,2026-11-22,T+45,10480,2300,12780,2026-10-08T04:02:18.954Z,FALSE,"",23:30,TRUE
fare_DEL-BLR_6E_2026-11-22_T+45_1791433399615_shua,DEL-BLR,EaseMyTrip,6E,6E-618,2026-11-22,T+45,10480,2300,12780,2026-10-08T04:02:18.954Z,FALSE,"",23:30,TRUE
fare_DEL-BLR_QP_2026-11-22_T+45_1791433399615_aqo0,DEL-BLR,EaseMyTrip,QP,QP-1302,2026-11-22,T+45,10493,2303,12796,2026-10-08T04:02:18.954Z,FALSE,"",08:45,TRUE
fare_DEL-BLR_6E_2026-11-22_T+45_1791433399615_ul8u,DEL-BLR,EaseMyTrip,6E,6E-2105,2026-11-22,T+45,10542,2314,12856,2026-10-08T04:02:18.954Z,FALSE,"",05:10,FALSE
fare_DEL-BLR_6E_2026-11-22_T+45_1791433399615_m4et,DEL-BLR,EaseMyTrip,6E,6E-6878,2026-11-22,T+45,10542,2314,12856,2026-10-08T04:02:18.954Z,FALSE,"",07:30,FALSE
fare_DEL-BLR_6E_2026-11-22_T+45_1791433399615_mjgs,DEL-BLR,EaseMyTrip,6E,6E-6115,2026-11-22,T+45,10563,2319,12882,2026-10-08T04:02:18.954Z,FALSE,"",13:00,FALSE
fare_DEL-BLR_6E_2026-11-22_T+45_1791433399615_uhaf,DEL-BLR,EaseMyTrip,6E,6E-6091,2026-11-22,T+45,10563,2319,12882,2026-10-08T04:02:18.954Z,FALSE,"",15:00,FALSE
fare_DEL-BLR_6E_2026-11-22_T+45_1791433399615_5b2l,DEL-BLR,EaseMyTrip,6E,6E-685,2026-11-22,T+45,10722,2353,13075,2026-10-08T04:02:18.954Z,FALSE,"",19:20,FALSE
fare_DEL-BLR_6E_2026-11-22_T+45_1791433399615_h1zd,DEL-BLR,EaseMyTrip,6E,6E-661,2026-11-22,T+45,10722,2353,13075,2026-10-08T04:02:18.954Z,FALSE,"",19:20,FALSE
fare_DEL-BLR_6E_2026-11-22_T+45_1791433399615_k24i,DEL-BLR,EaseMyTrip,6E,6E-5023,2026-11-22,T+45,10800,2371,13171,2026-10-08T04:02:18.954Z,FALSE,"",18:10,FALSE
fare_DEL-BLR_QP_2026-11-22_T+45_1791433399615_wp0s,DEL-BLR,EaseMyTrip,QP,QP-1812,2026-11-22,T+45,10894,2391,13285,2026-10-08T04:02:18.954Z,FALSE,"",22:55,TRUE
fare_DEL-BLR_6E_2026-11-22_T+45_1791433399615_4zu7,DEL-BLR,EaseMyTrip,6E,6E-6515,2026-11-22,T+45,10961,2406,13367,2026-10-08T04:02:18.954Z,FALSE,"",20:45,TRUE
fare_DEL-BLR_6E_2026-11-22_T+45_1791433399615_ap68,DEL-BLR,EaseMyTrip,6E,6E-574,2026-11-22,T+45,10961,2406,13367,2026-10-08T04:02:18.954Z,FALSE,"",10:45,TRUE
fare_DEL-BLR_6E_2026-11-22_T+45_1791433399615_ibkf,DEL-BLR,EaseMyTrip,6E,6E-760,2026-11-22,T+45,10961,2406,13367,2026-10-08T04:02:18.954Z,FALSE,"",10:45,TRUE
fare_DEL-BLR_6E_2026-11-22_T+45_1791433399615_5hqw,DEL-BLR,EaseMyTrip,6E,6E-585,2026-11-22,T+45,10961,2406,13367,2026-10-08T04:02:18.954Z,FALSE,"",09:30,TRUE
fare_DEL-BLR_6E_2026-11-22_T+45_1791433399615_0vwu,DEL-BLR,EaseMyTrip,6E,6E-303,2026-11-22,T+45,10961,2406,13367,2026-10-08T04:02:18.954Z,FALSE,"",09:30,TRUE
fare_DEL-BLR_6E_2026-11-22_T+45_1791433399615_lx0n,DEL-BLR,EaseMyTrip,6E,6E-439,2026-11-22,T+45,10961,2406,13367,2026-10-08T04:02:18.954Z,FALSE,"",21:55,TRUE
fare_DEL-BLR_6E_2026-11-22_T+45_1791433399615_z4p4,DEL-BLR,EaseMyTrip,6E,6E-315,2026-11-22,T+45,10961,2406,13367,2026-10-08T04:02:18.954Z,FALSE,"",21:55,TRUE
fare_DEL-BLR_6E_2026-11-22_T+45_1791433399615_4vnl,DEL-BLR,EaseMyTrip,6E,6E-2519,2026-11-22,T+45,11021,2419,13440,2026-10-08T04:02:18.954Z,FALSE,"",10:25,TRUE
fare_DEL-BLR_AI_2026-11-22_T+45_1791433399615_mdm5,DEL-BLR,EaseMyTrip,AI,AI-427,2026-11-22,T+45,11445,2512,13957,2026-10-08T04:02:18.954Z,FALSE,"",08:35,TRUE
fare_DEL-BLR_6E_2026-11-22_T+45_1791433399615_2o3c,DEL-BLR,EaseMyTrip,6E,6E-6868,2026-11-22,T+45,11308,2482,13790,2026-10-08T04:02:18.954Z,FALSE,"",12:20,FALSE
fare_DEL-BLR_QP_2026-11-22_T+45_1791433399615_8p0v,DEL-BLR,EaseMyTrip,QP,QP-1382,2026-11-22,T+45,11314,2483,13797,2026-10-08T04:02:18.954Z,FALSE,"",17:35,TRUE
fare_DEL-BLR_QP_2026-11-22_T+45_1791433399615_4vz6,DEL-BLR,EaseMyTrip,QP,QP-1827,2026-11-22,T+45,11314,2483,13797,2026-10-08T04:02:18.954Z,FALSE,"",19:05,TRUE
fare_DEL-BLR_6E_2026-11-22_T+45_1791433399615_2av5,DEL-BLR,EaseMyTrip,6E,6E-2140,2026-11-22,T+45,11329,2487,13816,2026-10-08T04:02:18.954Z,FALSE,"",17:30,FALSE
fare_DEL-BLR_AI_2026-11-22_T+45_1791433399615_d1im,DEL-BLR,EaseMyTrip,AI,AI-2809,2026-11-22,T+45,11545,2534,14079,2026-10-08T04:02:18.954Z,FALSE,"",20:30,TRUE
fare_DEL-BLR_6E_2026-11-22_T+45_1791433399615_7kyy,DEL-BLR,EaseMyTrip,6E,6E-804,2026-11-22,T+45,11468,2517,13985,2026-10-08T04:02:18.954Z,FALSE,"",18:20,TRUE
fare_DEL-BLR_6E_2026-11-22_T+45_1791433399615_sy7v,DEL-BLR,EaseMyTrip,6E,6E-398,2026-11-22,T+45,11468,2517,13985,2026-10-08T04:02:18.954Z,FALSE,"",18:20,TRUE
fare_DEL-BLR_6E_2026-11-22_T+45_1791433399615_zxxr,DEL-BLR,EaseMyTrip,6E,6E-624,2026-11-22,T+45,11468,2517,13985,2026-10-08T04:02:18.954Z,FALSE,"",19:30,TRUE
fare_DEL-BLR_6E_2026-11-22_T+45_1791433399615_dhx8,DEL-BLR,EaseMyTrip,6E,6E-370,2026-11-22,T+45,11468,2517,13985,2026-10-08T04:02:18.954Z,FALSE,"",19:30,TRUE
fare_DEL-BLR_6E_2026-11-22_T+45_1791433399615_kt4n,DEL-BLR,EaseMyTrip,6E,6E-738,2026-11-22,T+45,11468,2517,13985,2026-10-08T04:02:18.954Z,FALSE,"",17:00,TRUE
fare_DEL-BLR_6E_2026-11-22_T+45_1791433399615_4u3z,DEL-BLR,EaseMyTrip,6E,6E-167,2026-11-22,T+45,11468,2517,13985,2026-10-08T04:02:18.954Z,FALSE,"",17:00,TRUE
fare_DEL-BLR_6E_2026-11-22_T+45_1791433399615_1kmn,DEL-BLR,EaseMyTrip,6E,6E-832,2026-11-22,T+45,11468,2517,13985,2026-10-08T04:02:18.954Z,FALSE,"",12:00,TRUE
fare_DEL-BLR_6E_2026-11-22_T+45_1791433399615_b3ge,DEL-BLR,EaseMyTrip,6E,6E-869,2026-11-22,T+45,11468,2517,13985,2026-10-08T04:02:18.954Z,FALSE,"",12:00,TRUE
fare_DEL-BLR_QP_2026-11-22_T+45_1791433399615_h3wl,DEL-BLR,EaseMyTrip,QP,QP-1824,2026-11-22,T+45,11528,2530,14058,2026-10-08T04:02:18.954Z,FALSE,"",20:50,TRUE
fare_DEL-BLR_AI_2026-11-22_T+45_1791433399615_w8rj,DEL-BLR,EaseMyTrip,AI,AI-2513,2026-11-22,T+45,11746,2578,14324,2026-10-08T04:02:18.954Z,FALSE,"",13:00,TRUE
fare_DEL-BLR_AI_2026-11-22_T+45_1791433399615_f691,DEL-BLR,EaseMyTrip,AI,AI-2415,2026-11-22,T+45,11746,2578,14324,2026-10-08T04:02:18.954Z,FALSE,"",09:30,TRUE
fare_DEL-BLR_AI_2026-11-22_T+45_1791433399615_1oz8,DEL-BLR,EaseMyTrip,AI,AI-2512,2026-11-22,T+45,11746,2578,14324,2026-10-08T04:02:18.954Z,FALSE,"",19:25,TRUE
fare_DEL-BLR_AI_2026-11-22_T+45_1791433399615_pt42,DEL-BLR,EaseMyTrip,AI,AI-2515,2026-11-22,T+45,11746,2578,14324,2026-10-08T04:02:18.954Z,FALSE,"",22:00,TRUE
fare_DEL-BLR_AI_2026-11-22_T+45_1791433399615_x0be,DEL-BLR,EaseMyTrip,AI,AI-2412,2026-11-22,T+45,11746,2578,14324,2026-10-08T04:02:18.954Z,FALSE,"",21:30,TRUE
fare_DEL-BLR_AI_2026-11-22_T+45_1791433399615_4s38,DEL-BLR,EaseMyTrip,AI,AI-2417,2026-11-22,T+45,11947,2622,14569,2026-10-08T04:02:18.954Z,FALSE,"",12:00,TRUE
fare_DEL-BLR_6E_2026-11-22_T+45_1791433399615_sfvu,DEL-BLR,EaseMyTrip,6E,6E-734,2026-11-22,T+45,11948,2623,14571,2026-10-08T04:02:18.954Z,FALSE,"",18:15,FALSE
fare_DEL-BLR_6E_2026-11-22_T+45_1791433399615_yrpm,DEL-BLR,EaseMyTrip,6E,6E-550,2026-11-22,T+45,11948,2623,14571,2026-10-08T04:02:18.954Z,FALSE,"",18:15,FALSE
fare_DEL-BLR_AI_2026-11-22_T+45_1791433399615_0sof,DEL-BLR,EaseMyTrip,AI,AI-415,2026-11-22,T+45,12145,2666,14811,2026-10-08T04:02:18.954Z,FALSE,"",06:15,FALSE
fare_DEL-BLR_6E_2026-11-22_T+45_1791433399615_djo1,DEL-BLR,EaseMyTrip,6E,6E-488,2026-11-22,T+45,12003,2635,14638,2026-10-08T04:02:18.954Z,FALSE,"",15:45,TRUE
fare_DEL-BLR_6E_2026-11-22_T+45_1791433399615_hifj,DEL-BLR,EaseMyTrip,6E,6E-948,2026-11-22,T+45,12003,2635,14638,2026-10-08T04:02:18.954Z,FALSE,"",15:45,TRUE
fare_DEL-BLR_6E_2026-11-22_T+45_1791433399615_7fz5,DEL-BLR,EaseMyTrip,6E,6E-298,2026-11-22,T+45,12003,2635,14638,2026-10-08T04:02:18.954Z,FALSE,"",13:15,TRUE
fare_DEL-BLR_6E_2026-11-22_T+45_1791433399615_o0ft,DEL-BLR,EaseMyTrip,6E,6E-660,2026-11-22,T+45,12003,2635,14638,2026-10-08T04:02:18.954Z,FALSE,"",13:15,TRUE
fare_DEL-BLR_6E_2026-11-22_T+45_1791433399615_bnaq,DEL-BLR,EaseMyTrip,6E,6E-2329,2026-11-22,T+45,12003,2635,14638,2026-10-08T04:02:18.954Z,FALSE,"",14:20,TRUE
fare_DEL-BLR_6E_2026-11-22_T+45_1791433399615_tshe,DEL-BLR,EaseMyTrip,6E,6E-2343,2026-11-22,T+45,12143,2665,14808,2026-10-08T04:02:18.954Z,FALSE,"",02:15,FALSE
fare_DEL-BLR_6E_2026-11-22_T+45_1791433399615_b7px,DEL-BLR,EaseMyTrip,6E,6E-2336,2026-11-22,T+45,12164,2670,14834,2026-10-08T04:02:18.954Z,FALSE,"",16:15,FALSE
fare_DEL-BLR_AI_2026-11-22_T+45_1791433399615_afcv,DEL-BLR,EaseMyTrip,AI,AI-2523,2026-11-22,T+45,12448,2732,15180,2026-10-08T04:02:18.954Z,FALSE,"",08:45,FALSE
fare_DEL-BLR_IX_2026-11-22_T+45_1791433399615_27a7,DEL-BLR,EaseMyTrip,IX,IX-1384,2026-11-22,T+45,12705,2789,15494,2026-10-08T04:02:18.954Z,FALSE,"",13:40,FALSE
fare_DEL-BLR_QP_2026-11-22_T+45_1791433399615_akqm,DEL-BLR,EaseMyTrip,QP,QP-1376,2026-11-22,T+45,12555,2756,15311,2026-10-08T04:02:18.954Z,FALSE,"",14:40,TRUE
fare_DEL-BLR_6E_2026-11-22_T+45_1791433399615_837l,DEL-BLR,EaseMyTrip,6E,6E-2456,2026-11-22,T+45,12622,2771,15393,2026-10-08T04:02:18.954Z,FALSE,"",14:35,TRUE
fare_DEL-BLR_IX_2026-11-22_T+45_1791433399615_ejt8,DEL-BLR,EaseMyTrip,IX,IX-1392,2026-11-22,T+45,12877,2827,15704,2026-10-08T04:02:18.954Z,FALSE,"",12:30,FALSE
fare_DEL-BLR_AI_2026-11-22_T+45_1791433399615_mrse,DEL-BLR,EaseMyTrip,AI,AI-2637,2026-11-22,T+45,12906,2833,15739,2026-10-08T04:02:18.954Z,FALSE,"",22:45,FALSE
fare_DEL-BLR_AI_2026-11-22_T+45_1791433399615_cqow,DEL-BLR,EaseMyTrip,AI,AI-2509,2026-11-22,T+45,12999,2854,15853,2026-10-08T04:02:18.954Z,FALSE,"",19:45,FALSE
fare_DEL-BLR_IX_2026-11-22_T+45_1791433399615_95tv,DEL-BLR,EaseMyTrip,IX,IX-1263,2026-11-22,T+45,13049,2865,15914,2026-10-08T04:02:18.954Z,FALSE,"",06:55,FALSE
fare_DEL-BLR_AI_2026-11-22_T+45_1791433399616_g6xb,DEL-BLR,EaseMyTrip,AI,AI-2487,2026-11-22,T+45,13213,2901,16114,2026-10-08T04:02:18.954Z,FALSE,"",18:00,TRUE
fare_DEL-BLR_AI_2026-11-22_T+45_1791433399616_1711,DEL-BLR,EaseMyTrip,AI,AI-2485,2026-11-22,T+45,13213,2901,16114,2026-10-08T04:02:18.954Z,FALSE,"",10:55,TRUE
fare_DEL-BLR_6E_2026-11-22_T+45_1791433399616_9zal,DEL-BLR,EaseMyTrip,6E,6E-6884,2026-11-22,T+45,13112,2878,15990,2026-10-08T04:02:18.954Z,FALSE,"",00:35,FALSE
fare_DEL-BLR_AI_2026-11-22_T+45_1791433399616_l8rf,DEL-BLR,EaseMyTrip,AI,AI-2819,2026-11-22,T+45,13441,2951,16392,2026-10-08T04:02:18.954Z,FALSE,"",15:00,TRUE
fare_DEL-BLR_IX_2026-11-22_T+45_1791433399616_5qf3,DEL-BLR,EaseMyTrip,IX,IX-1090,2026-11-22,T+45,13514,2967,16481,2026-10-08T04:02:18.954Z,FALSE,"",13:00,FALSE
fare_DEL-BLR_AI_2026-11-22_T+45_1791433399616_s76b,DEL-BLR,EaseMyTrip,AI,AI-2879,2026-11-22,T+45,13599,2985,16584,2026-10-08T04:02:18.954Z,FALSE,"",18:00,FALSE
fare_DEL-BLR_6E_2026-11-22_T+45_1791433399616_qmkd,DEL-BLR,EaseMyTrip,6E,6E-6517,2026-11-22,T+45,13524,2969,16493,2026-10-08T04:02:18.954Z,FALSE,"",19:30,FALSE
fare_DEL-BLR_IX_2026-11-22_T+45_1791433399616_k0ua,DEL-BLR,EaseMyTrip,IX,IX-1082,2026-11-22,T+45,13782,3025,16807,2026-10-08T04:02:18.954Z,FALSE,"",21:55,FALSE
fare_DEL-BLR_6E_2026-11-22_T+45_1791433399616_0pi6,DEL-BLR,EaseMyTrip,6E,6E-7653,2026-11-22,T+45,13597,2985,16582,2026-10-08T04:02:18.954Z,FALSE,"",15:50,FALSE
fare_DEL-BLR_AI_2026-11-22_T+45_1791433399616_xcbr,DEL-BLR,EaseMyTrip,AI,AI-1706,2026-11-22,T+45,13868,3044,16912,2026-10-08T04:02:18.954Z,FALSE,"",23:00,FALSE
fare_DEL-BLR_6E_2026-11-22_T+45_1791433399616_cc2b,DEL-BLR,EaseMyTrip,6E,6E-2591,2026-11-22,T+45,13727,3013,16740,2026-10-08T04:02:18.954Z,FALSE,"",14:40,FALSE
fare_DEL-BLR_IX_2026-11-22_T+45_1791433399616_gx18,DEL-BLR,EaseMyTrip,IX,IX-1230,2026-11-22,T+45,14225,3122,17347,2026-10-08T04:02:18.954Z,FALSE,"",05:05,FALSE
fare_DEL-BLR_6E_2026-11-22_T+45_1791433399616_5w0j,DEL-BLR,EaseMyTrip,6E,6E-2201,2026-11-22,T+45,14341,3148,17489,2026-10-08T04:02:18.954Z,FALSE,"",08:30,FALSE
fare_DEL-BLR_IX_2026-11-22_T+45_1791433399616_wr2o,DEL-BLR,EaseMyTrip,IX,IX-1210,2026-11-22,T+45,14700,3227,17927,2026-10-08T04:02:18.954Z,FALSE,"",21:20,FALSE
fare_DEL-BLR_IX_2026-11-22_T+45_1791433399616_v8mn,DEL-BLR,EaseMyTrip,IX,IX-1083,2026-11-22,T+45,14844,3259,18103,2026-10-08T04:02:18.954Z,FALSE,"",10:35,FALSE
fare_DEL-BLR_SG_2026-11-22_T+45_1791433399616_y0qj,DEL-BLR,EaseMyTrip,SG,SG-606,2026-11-22,T+45,16263,3570,19833,2026-10-08T04:02:18.954Z,FALSE,"",15:40,TRUE
fare_DEL-BLR_SG_2026-11-22_T+45_1791433399616_jelp,DEL-BLR,EaseMyTrip,SG,SG-453,2026-11-22,T+45,16263,3570,19833,2026-10-08T04:02:18.954Z,FALSE,"",15:40,TRUE
fare_DEL-BLR_IX_2026-11-22_T+45_1791433399616_eg4q,DEL-BLR,EaseMyTrip,IX,IX-1049,2026-11-22,T+45,15398,3380,18778,2026-10-08T04:02:18.954Z,FALSE,"",05:35,FALSE
fare_DEL-BLR_6E_2026-11-22_T+45_1791433399616_82kh,DEL-BLR,EaseMyTrip,6E,6E-6217,2026-11-22,T+45,15293,3357,18650,2026-10-08T04:02:18.954Z,FALSE,"",16:20,FALSE
fare_DEL-BLR_AI_2026-11-22_T+45_1791433399616_kpvv,DEL-BLR,EaseMyTrip,AI,AI-2859,2026-11-22,T+45,15600,3425,19025,2026-10-08T04:02:18.954Z,FALSE,"",11:30,FALSE
fare_DEL-BLR_AI_2026-11-22_T+45_1791433399616_31fj,DEL-BLR,EaseMyTrip,AI,AI-487,2026-11-22,T+45,15856,3480,19336,2026-10-08T04:02:18.954Z,FALSE,"",16:00,FALSE
fare_DEL-BLR_6E_2026-11-22_T+45_1791433399616_t7p1,DEL-BLR,EaseMyTrip,6E,6E-5058,2026-11-22,T+45,15792,3466,19258,2026-10-08T04:02:18.954Z,FALSE,"",13:30,FALSE
fare_DEL-BLR_6E_2026-11-22_T+45_1791433399616_bfqc,DEL-BLR,EaseMyTrip,6E,6E-101,2026-11-22,T+45,15881,3486,19367,2026-10-08T04:02:18.954Z,FALSE,"",09:00,FALSE
fare_DEL-BLR_6E_2026-11-22_T+45_1791433399616_wp2x,DEL-BLR,EaseMyTrip,6E,6E-319,2026-11-22,T+45,15881,3486,19367,2026-10-08T04:02:18.954Z,FALSE,"",09:00,FALSE
fare_DEL-BLR_AI_2026-11-22_T+45_1791433399616_moll,DEL-BLR,EaseMyTrip,AI,AI-1753,2026-11-22,T+45,16174,3551,19725,2026-10-08T04:02:18.954Z,FALSE,"",15:00,FALSE
fare_DEL-BLR_IX_2026-11-22_T+45_1791433399616_ew1c,DEL-BLR,EaseMyTrip,IX,IX-1261,2026-11-22,T+45,16384,3596,19980,2026-10-08T04:02:18.954Z,FALSE,"",07:30,TRUE
fare_DEL-BLR_6E_2026-11-22_T+45_1791433399616_rqni,DEL-BLR,EaseMyTrip,6E,6E-6293,2026-11-22,T+45,16379,3596,19975,2026-10-08T04:02:18.954Z,FALSE,"",10:00,FALSE
fare_DEL-BLR_6E_2026-11-22_T+45_1791433399616_aegt,DEL-BLR,EaseMyTrip,6E,6E-6699,2026-11-22,T+45,16648,3654,20302,2026-10-08T04:02:18.954Z,FALSE,"",10:15,FALSE
fare_DEL-BLR_SG_2026-11-22_T+45_1791433399616_8jto,DEL-BLR,EaseMyTrip,SG,SG-195,2026-11-22,T+45,17309,3799,21108,2026-10-08T04:02:18.954Z,FALSE,"",20:50,TRUE
fare_DEL-BLR_SG_2026-11-22_T+45_1791433399616_ggc4,DEL-BLR,EaseMyTrip,SG,SG-933,2026-11-22,T+45,17309,3799,21108,2026-10-08T04:02:18.954Z,FALSE,"",20:50,TRUE
fare_DEL-BLR_SG_2026-11-22_T+45_1791433399616_ahkd,DEL-BLR,EaseMyTrip,SG,SG-573,2026-11-22,T+45,17309,3799,21108,2026-10-08T04:02:18.954Z,FALSE,"",06:30,TRUE
fare_DEL-BLR_SG_2026-11-22_T+45_1791433399616_yjjc,DEL-BLR,EaseMyTrip,SG,SG-970,2026-11-22,T+45,17309,3799,21108,2026-10-08T04:02:18.954Z,FALSE,"",06:30,TRUE
fare_DEL-BLR_IX_2026-11-22_T+45_1791433399616_uf6g,DEL-BLR,EaseMyTrip,IX,IX-1071,2026-11-22,T+45,17400,3819,21219,2026-10-08T04:02:18.954Z,FALSE,"",21:10,TRUE
fare_DEL-BLR_6E_2026-11-22_T+45_1791433399616_4vth,DEL-BLR,EaseMyTrip,6E,6E-6076,2026-11-22,T+45,17459,3832,21291,2026-10-08T04:02:18.954Z,FALSE,"",15:45,FALSE
fare_DEL-BLR_AI_2026-11-22_T+45_1791433399616_trh2,DEL-BLR,EaseMyTrip,AI,AI-2465,2026-11-22,T+45,17674,3880,21554,2026-10-08T04:02:18.954Z,FALSE,"",14:00,FALSE
fare_DEL-BLR_6E_2026-11-22_T+45_1791433399616_amhr,DEL-BLR,EaseMyTrip,6E,6E-2045,2026-11-22,T+45,17845,3917,21762,2026-10-08T04:02:18.954Z,FALSE,"",20:05,FALSE
fare_DEL-BLR_6E_2026-11-22_T+45_1791433399616_h5y2,DEL-BLR,EaseMyTrip,6E,6E-6207,2026-11-22,T+45,18041,3960,22001,2026-10-08T04:02:18.954Z,FALSE,"",09:30,FALSE
fare_DEL-BLR_IX_2026-11-22_T+45_1791433399616_uuxa,DEL-BLR,EaseMyTrip,IX,IX-1068,2026-11-22,T+45,18268,4010,22278,2026-10-08T04:02:18.954Z,FALSE,"",14:25,FALSE
fare_DEL-BLR_IX_2026-11-22_T+45_1791433399616_wmdw,DEL-BLR,EaseMyTrip,IX,IX-2764,2026-11-22,T+45,18268,4010,22278,2026-10-08T04:02:18.954Z,FALSE,"",12:40,FALSE
fare_DEL-BLR_AI_2026-11-22_T+45_1791433399616_w1ok,DEL-BLR,EaseMyTrip,AI,AI-1797,2026-11-22,T+45,18266,4009,22275,2026-10-08T04:02:18.954Z,FALSE,"",06:00,FALSE
fare_DEL-BLR_IX_2026-11-22_T+45_1791433399616_660u,DEL-BLR,EaseMyTrip,IX,IX-2233,2026-11-22,T+45,18484,4057,22541,2026-10-08T04:02:18.954Z,FALSE,"",06:05,FALSE
fare_DEL-BLR_6E_2026-11-22_T+45_1791433399616_ix62,DEL-BLR,EaseMyTrip,6E,6E-6022,2026-11-22,T+45,18687,4102,22789,2026-10-08T04:02:18.954Z,FALSE,"",14:10,FALSE
fare_DEL-BLR_IX_2026-11-22_T+45_1791433399616_cdu3,DEL-BLR,EaseMyTrip,IX,IX-1057,2026-11-22,T+45,19338,4245,23583,2026-10-08T04:02:18.954Z,FALSE,"",09:25,FALSE
fare_DEL-BLR_6E_2026-11-22_T+45_1791433399616_ydau,DEL-BLR,EaseMyTrip,6E,6E-2361,2026-11-22,T+45,19427,4265,23692,2026-10-08T04:02:18.954Z,FALSE,"",12:45,FALSE
fare_DEL-BLR_AI_2026-11-22_T+45_1791433399616_m58a,DEL-BLR,EaseMyTrip,AI,AI-881,2026-11-22,T+45,20816,4569,25385,2026-10-08T04:02:18.954Z,FALSE,"",14:50,FALSE
fare_DEL-BLR_IX_2026-11-22_T+45_1791433399616_zllz,DEL-BLR,EaseMyTrip,IX,IX-1672,2026-11-22,T+45,20880,4584,25464,2026-10-08T04:02:18.954Z,FALSE,"",07:20,FALSE
fare_DEL-BLR_IX_2026-11-22_T+45_1791433399616_sfo5,DEL-BLR,EaseMyTrip,IX,IX-1032,2026-11-22,T+45,20880,4584,25464,2026-10-08T04:02:18.954Z,FALSE,"",06:20,FALSE
fare_DEL-BLR_SG_2026-11-22_T+45_1791433399616_0tfm,DEL-BLR,EaseMyTrip,SG,SG-232,2026-11-22,T+45,21582,4737,26319,2026-10-08T04:02:18.954Z,FALSE,"",19:00,FALSE
fare_DEL-BLR_SG_2026-11-22_T+45_1791433399616_v8zo,DEL-BLR,EaseMyTrip,SG,SG-429,2026-11-22,T+45,21582,4737,26319,2026-10-08T04:02:18.954Z,FALSE,"",19:00,FALSE
fare_DEL-BLR_IX_2026-11-22_T+45_1791433399616_6fha,DEL-BLR,EaseMyTrip,IX,IX-1056,2026-11-22,T+45,21106,4633,25739,2026-10-08T04:02:18.954Z,FALSE,"",08:50,FALSE
fare_DEL-BLR_IX_2026-11-22_T+45_1791433399616_52u0,DEL-BLR,EaseMyTrip,IX,IX-1085,2026-11-22,T+45,21869,4801,26670,2026-10-08T04:02:18.954Z,FALSE,"",10:55,FALSE
fare_DEL-BLR_AI_2026-11-22_T+45_1791433399616_oinn,DEL-BLR,EaseMyTrip,AI,AI-2577,2026-11-22,T+45,21968,4822,26790,2026-10-08T04:02:18.954Z,FALSE,"",06:10,FALSE
fare_DEL-BLR_6E_2026-11-22_T+45_1791433399616_0qqq,DEL-BLR,EaseMyTrip,6E,6E-2722,2026-11-22,T+45,21852,4797,26649,2026-10-08T04:02:18.954Z,FALSE,"",15:20,FALSE
fare_DEL-BLR_SG_2026-11-22_T+45_1791433399616_bn2l,DEL-BLR,EaseMyTrip,SG,SG-316,2026-11-22,T+45,22783,5001,27784,2026-10-08T04:02:18.954Z,FALSE,"",09:30,FALSE
fare_DEL-BLR_SG_2026-11-22_T+45_1791433399616_82ro,DEL-BLR,EaseMyTrip,SG,SG-515,2026-11-22,T+45,22783,5001,27784,2026-10-08T04:02:18.954Z,FALSE,"",07:00,FALSE
fare_DEL-BLR_SG_2026-11-22_T+45_1791433399616_wnqr,DEL-BLR,EaseMyTrip,SG,SG-468,2026-11-22,T+45,22783,5001,27784,2026-10-08T04:02:18.954Z,FALSE,"",07:00,FALSE
fare_DEL-BLR_SG_2026-11-22_T+45_1791433399616_szed,DEL-BLR,EaseMyTrip,SG,SG-129,2026-11-22,T+45,22783,5001,27784,2026-10-08T04:02:18.954Z,FALSE,"",06:20,FALSE
fare_DEL-BLR_SG_2026-11-22_T+45_1791433399616_bjf9,DEL-BLR,EaseMyTrip,SG,SG-626,2026-11-22,T+45,22783,5001,27784,2026-10-08T04:02:18.954Z,FALSE,"",06:20,FALSE
fare_DEL-BLR_SG_2026-11-22_T+45_1791433399616_2346,DEL-BLR,EaseMyTrip,SG,SG-662,2026-11-22,T+45,22783,5001,27784,2026-10-08T04:02:18.954Z,FALSE,"",05:45,FALSE
fare_DEL-BLR_SG_2026-11-22_T+45_1791433399616_1g0x,DEL-BLR,EaseMyTrip,SG,SG-918,2026-11-22,T+45,22783,5001,27784,2026-10-08T04:02:18.954Z,FALSE,"",05:45,FALSE
fare_DEL-BLR_SG_2026-11-22_T+45_1791433399616_kefk,DEL-BLR,EaseMyTrip,SG,SG-337,2026-11-22,T+45,22783,5001,27784,2026-10-08T04:02:18.954Z,FALSE,"",09:30,FALSE
fare_DEL-BLR_SG_2026-11-22_T+45_1791433399616_y87w,DEL-BLR,EaseMyTrip,SG,SG-893,2026-11-22,T+45,22783,5001,27784,2026-10-08T04:02:18.954Z,FALSE,"",09:30,FALSE
fare_DEL-BLR_SG_2026-11-22_T+45_1791433399616_lqsn,DEL-BLR,EaseMyTrip,SG,SG-621,2026-11-22,T+45,22783,5001,27784,2026-10-08T04:02:18.954Z,FALSE,"",09:30,FALSE
fare_DEL-BLR_SG_2026-11-22_T+45_1791433399616_noa7,DEL-BLR,EaseMyTrip,SG,SG-403,2026-11-22,T+45,22783,5001,27784,2026-10-08T04:02:18.954Z,FALSE,"",09:30,FALSE
fare_DEL-BLR_SG_2026-11-22_T+45_1791433399616_hcro,DEL-BLR,EaseMyTrip,SG,SG-113,2026-11-22,T+45,22783,5001,27784,2026-10-08T04:02:18.954Z,FALSE,"",07:00,FALSE
fare_DEL-BLR_SG_2026-11-22_T+45_1791433399616_c4so,DEL-BLR,EaseMyTrip,SG,SG-507,2026-11-22,T+45,22783,5001,27784,2026-10-08T04:02:18.954Z,FALSE,"",07:00,FALSE
fare_DEL-BLR_SG_2026-11-22_T+45_1791433399616_9c2y,DEL-BLR,EaseMyTrip,SG,SG-663,2026-11-22,T+45,22783,5001,27784,2026-10-08T04:02:18.954Z,FALSE,"",06:20,FALSE
fare_DEL-BLR_SG_2026-11-22_T+45_1791433399616_bme7,DEL-BLR,EaseMyTrip,SG,SG-104,2026-11-22,T+45,22783,5001,27784,2026-10-08T04:02:18.954Z,FALSE,"",06:20,FALSE
fare_DEL-BLR_SG_2026-11-22_T+45_1791433399616_h26z,DEL-BLR,EaseMyTrip,SG,SG-811,2026-11-22,T+45,22783,5001,27784,2026-10-08T04:02:18.954Z,FALSE,"",05:45,FALSE
fare_DEL-BLR_SG_2026-11-22_T+45_1791433399616_oyvw,DEL-BLR,EaseMyTrip,SG,SG-946,2026-11-22,T+45,22783,5001,27784,2026-10-08T04:02:18.954Z,FALSE,"",05:45,FALSE
fare_DEL-BLR_SG_2026-11-22_T+45_1791433399616_t6sg,DEL-BLR,EaseMyTrip,SG,SG-415,2026-11-22,T+45,22783,5001,27784,2026-10-08T04:02:18.954Z,FALSE,"",07:00,FALSE
fare_DEL-BLR_SG_2026-11-22_T+45_1791433399616_32y9,DEL-BLR,EaseMyTrip,SG,SG-321,2026-11-22,T+45,22783,5001,27784,2026-10-08T04:02:18.954Z,FALSE,"",07:00,FALSE
fare_DEL-BLR_SG_2026-11-22_T+45_1791433399616_6tw7,DEL-BLR,EaseMyTrip,SG,SG-308,2026-11-22,T+45,22783,5001,27784,2026-10-08T04:02:18.954Z,FALSE,"",06:20,FALSE
fare_DEL-BLR_SG_2026-11-22_T+45_1791433399616_vc6i,DEL-BLR,EaseMyTrip,SG,SG-354,2026-11-22,T+45,22783,5001,27784,2026-10-08T04:02:18.954Z,FALSE,"",06:20,FALSE
fare_DEL-BLR_SG_2026-11-22_T+45_1791433399616_k6pz,DEL-BLR,EaseMyTrip,SG,SG-434,2026-11-22,T+45,22783,5001,27784,2026-10-08T04:02:18.954Z,FALSE,"",05:45,FALSE
fare_DEL-BLR_SG_2026-11-22_T+45_1791433399616_wsnn,DEL-BLR,EaseMyTrip,SG,SG-650,2026-11-22,T+45,22783,5001,27784,2026-10-08T04:02:18.954Z,FALSE,"",05:45,FALSE
fare_DEL-BLR_SG_2026-11-22_T+45_1791433399616_vh1a,DEL-BLR,EaseMyTrip,SG,SG-289,2026-11-22,T+45,23580,5176,28756,2026-10-08T04:02:18.954Z,FALSE,"",17:10,FALSE
fare_DEL-BLR_SG_2026-11-22_T+45_1791433399616_622c,DEL-BLR,EaseMyTrip,SG,SG-250,2026-11-22,T+45,23580,5176,28756,2026-10-08T04:02:18.954Z,FALSE,"",17:10,FALSE
fare_DEL-BLR_SG_2026-11-22_T+45_1791433399616_37pi,DEL-BLR,EaseMyTrip,SG,SG-961,2026-11-22,T+45,23580,5176,28756,2026-10-08T04:02:18.954Z,FALSE,"",17:10,FALSE
fare_DEL-BLR_SG_2026-11-22_T+45_1791433399616_68al,DEL-BLR,EaseMyTrip,SG,SG-906,2026-11-22,T+45,23580,5176,28756,2026-10-08T04:02:18.954Z,FALSE,"",17:10,FALSE
fare_DEL-BLR_SG_2026-11-22_T+45_1791433399616_xyhz,DEL-BLR,EaseMyTrip,SG,SG-683,2026-11-22,T+45,23580,5176,28756,2026-10-08T04:02:18.954Z,FALSE,"",17:10,FALSE
fare_DEL-BLR_SG_2026-11-22_T+45_1791433399616_k0cx,DEL-BLR,EaseMyTrip,SG,SG-466,2026-11-22,T+45,23580,5176,28756,2026-10-08T04:02:18.954Z,FALSE,"",17:10,FALSE
fare_DEL-BLR_IX_2026-11-22_T+45_1791433399616_rkdc,DEL-BLR,EaseMyTrip,IX,IX-1041,2026-11-22,T+45,22947,5037,27984,2026-10-08T04:02:18.954Z,FALSE,"",15:10,FALSE
fare_DEL-BLR_6E_2026-11-22_T+45_1791433399616_8vmc,DEL-BLR,EaseMyTrip,6E,6E-126,2026-11-22,T+45,23065,5063,28128,2026-10-08T04:02:18.954Z,FALSE,"",10:30,FALSE
fare_DEL-BLR_6E_2026-11-22_T+45_1791433399616_8z2e,DEL-BLR,EaseMyTrip,6E,6E-337,2026-11-22,T+45,23065,5063,28128,2026-10-08T04:02:18.954Z,FALSE,"",10:30,FALSE
fare_DEL-BLR_IX_2026-11-22_T+45_1791433399616_mjvc,DEL-BLR,EaseMyTrip,IX,IX-1510,2026-11-22,T+45,23495,5158,28653,2026-10-08T04:02:18.954Z,FALSE,"",09:15,FALSE
fare_DEL-BLR_6E_2026-11-22_T+45_1791433399616_pzwf,DEL-BLR,EaseMyTrip,6E,6E-6347,2026-11-22,T+45,23386,5133,28519,2026-10-08T04:02:18.954Z,FALSE,"",14:35,FALSE
fare_DEL-BLR_IX_2026-11-22_T+45_1791433399616_q2ti,DEL-BLR,EaseMyTrip,IX,IX-1067,2026-11-22,T+45,23651,5192,28843,2026-10-08T04:02:18.954Z,FALSE,"",11:25,FALSE
fare_DEL-BLR_SG_2026-11-22_T+45_1791433399616_ikmd,DEL-BLR,EaseMyTrip,SG,SG-551,2026-11-22,T+45,24452,5367,29819,2026-10-08T04:02:18.954Z,FALSE,"",19:00,FALSE
fare_DEL-BLR_SG_2026-11-22_T+45_1791433399616_54bq,DEL-BLR,EaseMyTrip,SG,SG-568,2026-11-22,T+45,24452,5367,29819,2026-10-08T04:02:18.954Z,FALSE,"",19:00,FALSE
fare_DEL-BLR_SG_2026-11-22_T+45_1791433399616_zt0v,DEL-BLR,EaseMyTrip,SG,SG-197,2026-11-22,T+45,24452,5367,29819,2026-10-08T04:02:18.954Z,FALSE,"",19:00,FALSE
fare_DEL-BLR_SG_2026-11-22_T+45_1791433399616_w000,DEL-BLR,EaseMyTrip,SG,SG-501,2026-11-22,T+45,24452,5367,29819,2026-10-08T04:02:18.954Z,FALSE,"",19:00,FALSE
fare_DEL-BLR_SG_2026-11-22_T+45_1791433399616_qh71,DEL-BLR,EaseMyTrip,SG,SG-742,2026-11-22,T+45,24452,5367,29819,2026-10-08T04:02:18.954Z,FALSE,"",19:00,FALSE
fare_DEL-BLR_SG_2026-11-22_T+45_1791433399616_cnp9,DEL-BLR,EaseMyTrip,SG,SG-208,2026-11-22,T+45,24452,5367,29819,2026-10-08T04:02:18.954Z,FALSE,"",19:00,FALSE
fare_DEL-BLR_AI_2026-11-22_T+45_1791433399616_07cp,DEL-BLR,EaseMyTrip,AI,AI-2565,2026-11-22,T+45,24150,5301,29451,2026-10-08T04:02:18.954Z,FALSE,"",15:25,FALSE
fare_DEL-BLR_SG_2026-11-22_T+45_1791433399616_jq4s,DEL-BLR,EaseMyTrip,SG,SG-243,2026-11-22,T+45,25603,5620,31223,2026-10-08T04:02:18.954Z,FALSE,"",07:00,FALSE
fare_DEL-BLR_SG_2026-11-22_T+45_1791433399616_4co6,DEL-BLR,EaseMyTrip,SG,SG-962,2026-11-22,T+45,25603,5620,31223,2026-10-08T04:02:18.954Z,FALSE,"",07:00,FALSE
fare_DEL-BLR_IX_2026-11-22_T+45_1791433399616_33eq,DEL-BLR,EaseMyTrip,IX,IX-1274,2026-11-22,T+45,25029,5494,30523,2026-10-08T04:02:18.954Z,FALSE,"",09:55,FALSE
fare_DEL-BLR_AI_2026-11-22_T+45_1791433399616_4p2u,DEL-BLR,EaseMyTrip,AI,AI-2767,2026-11-22,T+45,25198,5531,30729,2026-10-08T04:02:18.954Z,FALSE,"",13:00,FALSE
fare_DEL-BLR_6E_2026-11-22_T+45_1791433399616_czna,DEL-BLR,EaseMyTrip,6E,6E-2769,2026-11-22,T+45,25056,5500,30556,2026-10-08T04:02:18.954Z,FALSE,"",07:55,FALSE
fare_DEL-BLR_IX_2026-11-22_T+45_1791433399616_etn4,DEL-BLR,EaseMyTrip,IX,IX-1076,2026-11-22,T+45,25459,5588,31047,2026-10-08T04:02:18.954Z,FALSE,"",08:00,FALSE
fare_DEL-BLR_AI_2026-11-22_T+45_1791433399616_2x8z,DEL-BLR,EaseMyTrip,AI,AI-1776,2026-11-22,T+45,26762,5875,32637,2026-10-08T04:02:18.954Z,FALSE,"",10:00,FALSE
fare_DEL-BLR_IX_2026-11-22_T+45_1791433399616_67ih,DEL-BLR,EaseMyTrip,IX,IX-1046,2026-11-22,T+45,28968,6359,35327,2026-10-08T04:02:18.954Z,FALSE,"",07:25,FALSE
fare_DEL-BLR_QP_2026-10-15_T+7_1791433399616_xskm,DEL-BLR,EaseMyTrip,QP,QP-1526,2026-10-15,T+7,6694,1470,8164,2026-10-08T04:01:59.802Z,FALSE,"",16:30,TRUE
fare_DEL-BLR_IX_2026-10-15_T+7_1791433399616_y7ni,DEL-BLR,EaseMyTrip,IX,IX-1165,2026-10-15,T+7,7342,1612,8954,2026-10-08T04:01:59.802Z,FALSE,"",06:00,FALSE
fare_DEL-BLR_IX_2026-10-15_T+7_1791433399616_pg1c,DEL-BLR,EaseMyTrip,IX,IX-1230,2026-10-15,T+7,8031,1763,9794,2026-10-08T04:01:59.802Z,FALSE,"",04:40,FALSE
fare_DEL-BLR_IX_2026-10-15_T+7_1791433399616_8z1x,DEL-BLR,EaseMyTrip,IX,IX-1074,2026-10-15,T+7,8106,1779,9885,2026-10-08T04:01:59.802Z,FALSE,"",11:00,FALSE
fare_DEL-BLR_IX_2026-10-15_T+7_1791433399616_9zbn,DEL-BLR,EaseMyTrip,IX,IX-1070,2026-10-15,T+7,7540,1655,9195,2026-10-08T04:01:59.802Z,FALSE,"",22:00,TRUE
fare_DEL-BLR_IX_2026-10-15_T+7_1791433399616_k8m2,DEL-BLR,EaseMyTrip,IX,IX-5975,2026-10-15,T+7,7540,1655,9195,2026-10-08T04:01:59.802Z,FALSE,"",21:00,TRUE
fare_DEL-BLR_6E_2026-10-15_T+7_1791433399616_2fo8,DEL-BLR,EaseMyTrip,6E,6E-7624,2026-10-15,T+7,7419,1628,9047,2026-10-08T04:01:59.802Z,FALSE,"",05:50,FALSE
fare_DEL-BLR_QP_2026-10-15_T+7_1791433399616_jd81,DEL-BLR,EaseMyTrip,QP,QP-1812,2026-10-15,T+7,7510,1648,9158,2026-10-08T04:01:59.802Z,FALSE,"",22:55,TRUE
fare_DEL-BLR_QP_2026-10-15_T+7_1791433399616_vd2d,DEL-BLR,EaseMyTrip,QP,QP-1350,2026-10-15,T+7,7510,1648,9158,2026-10-08T04:01:59.802Z,FALSE,"",21:55,TRUE
fare_DEL-BLR_QP_2026-10-15_T+7_1791433399616_sqmo,DEL-BLR,EaseMyTrip,QP,QP-1822,2026-10-15,T+7,7510,1648,9158,2026-10-08T04:01:59.802Z,FALSE,"",16:40,TRUE
fare_DEL-BLR_6E_2026-10-15_T+7_1791433399616_5m8z,DEL-BLR,EaseMyTrip,6E,6E-631,2026-10-15,T+7,7541,1655,9196,2026-10-08T04:01:59.802Z,FALSE,"",08:20,TRUE
fare_DEL-BLR_6E_2026-10-15_T+7_1791433399616_7hlr,DEL-BLR,EaseMyTrip,6E,6E-534,2026-10-15,T+7,7541,1655,9196,2026-10-08T04:01:59.802Z,FALSE,"",08:20,TRUE
fare_DEL-BLR_6E_2026-10-15_T+7_1791433399616_ceur,DEL-BLR,EaseMyTrip,6E,6E-6054,2026-10-15,T+7,7541,1655,9196,2026-10-08T04:01:59.802Z,FALSE,"",01:05,TRUE
fare_DEL-BLR_6E_2026-10-15_T+7_1791433399616_qd9m,DEL-BLR,EaseMyTrip,6E,6E-764,2026-10-15,T+7,7541,1655,9196,2026-10-08T04:01:59.802Z,FALSE,"",22:00,TRUE
fare_DEL-BLR_6E_2026-10-15_T+7_1791433399616_1cw7,DEL-BLR,EaseMyTrip,6E,6E-500,2026-10-15,T+7,7541,1655,9196,2026-10-08T04:01:59.802Z,FALSE,"",22:00,TRUE
fare_DEL-BLR_6E_2026-10-15_T+7_1791433399616_aiar,DEL-BLR,EaseMyTrip,6E,6E-6515,2026-10-15,T+7,7541,1655,9196,2026-10-08T04:01:59.802Z,FALSE,"",20:45,TRUE
fare_DEL-BLR_6E_2026-10-15_T+7_1791433399616_l54b,DEL-BLR,EaseMyTrip,6E,6E-271,2026-10-15,T+7,7541,1655,9196,2026-10-08T04:01:59.802Z,FALSE,"",19:30,TRUE
fare_DEL-BLR_6E_2026-10-15_T+7_1791433399616_zpg6,DEL-BLR,EaseMyTrip,6E,6E-305,2026-10-15,T+7,7541,1655,9196,2026-10-08T04:01:59.802Z,FALSE,"",19:30,TRUE
fare_DEL-BLR_6E_2026-10-15_T+7_1791433399616_oth4,DEL-BLR,EaseMyTrip,6E,6E-934,2026-10-15,T+7,7541,1655,9196,2026-10-08T04:01:59.802Z,FALSE,"",17:00,TRUE
fare_DEL-BLR_6E_2026-10-15_T+7_1791433399616_ka5r,DEL-BLR,EaseMyTrip,6E,6E-267,2026-10-15,T+7,7541,1655,9196,2026-10-08T04:01:59.802Z,FALSE,"",17:00,TRUE
fare_DEL-BLR_6E_2026-10-15_T+7_1791433399616_szwg,DEL-BLR,EaseMyTrip,6E,6E-124,2026-10-15,T+7,7541,1655,9196,2026-10-08T04:01:59.802Z,FALSE,"",15:45,TRUE
fare_DEL-BLR_6E_2026-10-15_T+7_1791433399616_zyno,DEL-BLR,EaseMyTrip,6E,6E-646,2026-10-15,T+7,7541,1655,9196,2026-10-08T04:01:59.802Z,FALSE,"",15:45,TRUE
fare_DEL-BLR_6E_2026-10-15_T+7_1791433399616_53be,DEL-BLR,EaseMyTrip,6E,6E-151,2026-10-15,T+7,7541,1655,9196,2026-10-08T04:01:59.802Z,FALSE,"",14:30,TRUE
fare_DEL-BLR_6E_2026-10-15_T+7_1791433399616_zgon,DEL-BLR,EaseMyTrip,6E,6E-102,2026-10-15,T+7,7541,1655,9196,2026-10-08T04:01:59.802Z,FALSE,"",14:30,TRUE
fare_DEL-BLR_6E_2026-10-15_T+7_1791433399616_23n0,DEL-BLR,EaseMyTrip,6E,6E-352,2026-10-15,T+7,7541,1655,9196,2026-10-08T04:01:59.802Z,FALSE,"",23:30,TRUE
fare_DEL-BLR_6E_2026-10-15_T+7_1791433399616_49q5,DEL-BLR,EaseMyTrip,6E,6E-349,2026-10-15,T+7,7541,1655,9196,2026-10-08T04:01:59.802Z,FALSE,"",23:30,TRUE
fare_DEL-BLR_6E_2026-10-15_T+7_1791433399616_tzwa,DEL-BLR,EaseMyTrip,6E,6E-333,2026-10-15,T+7,7541,1655,9196,2026-10-08T04:01:59.802Z,FALSE,"",10:45,TRUE
fare_DEL-BLR_6E_2026-10-15_T+7_1791433399616_gfce,DEL-BLR,EaseMyTrip,6E,6E-365,2026-10-15,T+7,7541,1655,9196,2026-10-08T04:01:59.802Z,FALSE,"",10:45,TRUE
fare_DEL-BLR_6E_2026-10-15_T+7_1791433399616_4xxv,DEL-BLR,EaseMyTrip,6E,6E-432,2026-10-15,T+7,7541,1655,9196,2026-10-08T04:01:59.802Z,FALSE,"",09:30,TRUE
fare_DEL-BLR_6E_2026-10-15_T+7_1791433399616_6idh,DEL-BLR,EaseMyTrip,6E,6E-347,2026-10-15,T+7,7541,1655,9196,2026-10-08T04:01:59.802Z,FALSE,"",09:30,TRUE
fare_DEL-BLR_6E_2026-10-15_T+7_1791433399616_rmtu,DEL-BLR,EaseMyTrip,6E,6E-733,2026-10-15,T+7,7541,1655,9196,2026-10-08T04:01:59.802Z,FALSE,"",07:05,TRUE
fare_DEL-BLR_6E_2026-10-15_T+7_1791433399616_bi3t,DEL-BLR,EaseMyTrip,6E,6E-2314,2026-10-15,T+7,7541,1655,9196,2026-10-08T04:01:59.802Z,FALSE,"",05:45,TRUE
fare_DEL-BLR_6E_2026-10-15_T+7_1791433399616_7nir,DEL-BLR,EaseMyTrip,6E,6E-640,2026-10-15,T+7,7541,1655,9196,2026-10-08T04:01:59.802Z,FALSE,"",03:00,TRUE
fare_DEL-BLR_6E_2026-10-15_T+7_1791433399616_s81j,DEL-BLR,EaseMyTrip,6E,6E-628,2026-10-15,T+7,7541,1655,9196,2026-10-08T04:01:59.802Z,FALSE,"",03:00,TRUE
fare_DEL-BLR_6E_2026-10-15_T+7_1791433399616_0ebg,DEL-BLR,EaseMyTrip,6E,6E-702,2026-10-15,T+7,7541,1655,9196,2026-10-08T04:01:59.802Z,FALSE,"",13:15,TRUE
fare_DEL-BLR_6E_2026-10-15_T+7_1791433399616_2rmn,DEL-BLR,EaseMyTrip,6E,6E-418,2026-10-15,T+7,7541,1655,9196,2026-10-08T04:01:59.802Z,FALSE,"",13:15,TRUE
fare_DEL-BLR_6E_2026-10-15_T+7_1791433399616_kz7r,DEL-BLR,EaseMyTrip,6E,6E-266,2026-10-15,T+7,7541,1655,9196,2026-10-08T04:01:59.802Z,FALSE,"",12:15,TRUE
fare_DEL-BLR_6E_2026-10-15_T+7_1791433399616_7bnl,DEL-BLR,EaseMyTrip,6E,6E-531,2026-10-15,T+7,7541,1655,9196,2026-10-08T04:01:59.802Z,FALSE,"",12:15,TRUE
fare_DEL-BLR_QP_2026-10-15_T+7_1791433399616_t0o6,DEL-BLR,EaseMyTrip,QP,QP-1824,2026-10-15,T+7,7649,1679,9328,2026-10-08T04:01:59.802Z,FALSE,"",20:50,TRUE
fare_DEL-BLR_AI_2026-10-15_T+7_1791433399616_gayg,DEL-BLR,EaseMyTrip,AI,AI-2664,2026-10-15,T+7,7871,1728,9599,2026-10-08T04:01:59.802Z,FALSE,"",16:00,TRUE
fare_DEL-BLR_AI_2026-10-15_T+7_1791433399616_thaw,DEL-BLR,EaseMyTrip,AI,AI-2817,2026-10-15,T+7,7871,1728,9599,2026-10-08T04:01:59.802Z,FALSE,"",16:30,TRUE
fare_DEL-BLR_AI_2026-10-15_T+7_1791433399616_yl0q,DEL-BLR,EaseMyTrip,AI,AI-2653,2026-10-15,T+7,7871,1728,9599,2026-10-08T04:01:59.802Z,FALSE,"",04:30,TRUE
fare_DEL-BLR_AI_2026-10-15_T+7_1791433399616_1snm,DEL-BLR,EaseMyTrip,AI,AI-427,2026-10-15,T+7,7871,1728,9599,2026-10-08T04:01:59.802Z,FALSE,"",08:30,TRUE
fare_DEL-BLR_AI_2026-10-15_T+7_1791433399616_9qks,DEL-BLR,EaseMyTrip,AI,AI-2485,2026-10-15,T+7,7871,1728,9599,2026-10-08T04:01:59.802Z,FALSE,"",10:30,TRUE
fare_DEL-BLR_AI_2026-10-15_T+7_1791433399616_tnpy,DEL-BLR,EaseMyTrip,AI,AI-2809,2026-10-15,T+7,7871,1728,9599,2026-10-08T04:01:59.802Z,FALSE,"",19:30,TRUE
fare_DEL-BLR_AI_2026-10-15_T+7_1791433399616_ml3g,DEL-BLR,EaseMyTrip,AI,AI-2757,2026-10-15,T+7,7871,1728,9599,2026-10-08T04:01:59.802Z,FALSE,"",00:15,TRUE
fare_DEL-BLR_AI_2026-10-15_T+7_1791433399616_598l,DEL-BLR,EaseMyTrip,AI,AI-2803,2026-10-15,T+7,7871,1728,9599,2026-10-08T04:01:59.802Z,FALSE,"",06:30,TRUE
fare_DEL-BLR_AI_2026-10-15_T+7_1791433399616_0jcz,DEL-BLR,EaseMyTrip,AI,AI-2815,2026-10-15,T+7,7871,1728,9599,2026-10-08T04:01:59.802Z,FALSE,"",07:00,TRUE
fare_DEL-BLR_AI_2026-10-15_T+7_1791433399616_hxfs,DEL-BLR,EaseMyTrip,AI,AI-2415,2026-10-15,T+7,7871,1728,9599,2026-10-08T04:01:59.802Z,FALSE,"",09:30,TRUE
fare_DEL-BLR_AI_2026-10-15_T+7_1791433399616_v2x0,DEL-BLR,EaseMyTrip,AI,AI-2813,2026-10-15,T+7,7871,1728,9599,2026-10-08T04:01:59.802Z,FALSE,"",18:00,TRUE
fare_DEL-BLR_AI_2026-10-15_T+7_1791433399616_r3ix,DEL-BLR,EaseMyTrip,AI,AI-2487,2026-10-15,T+7,7871,1728,9599,2026-10-08T04:01:59.802Z,FALSE,"",18:30,TRUE
fare_DEL-BLR_AI_2026-10-15_T+7_1791433399616_n981,DEL-BLR,EaseMyTrip,AI,AI-2512,2026-10-15,T+7,7871,1728,9599,2026-10-08T04:01:59.802Z,FALSE,"",19:00,TRUE
fare_DEL-BLR_AI_2026-10-15_T+7_1791433399616_nvdb,DEL-BLR,EaseMyTrip,AI,AI-2412,2026-10-15,T+7,7871,1728,9599,2026-10-08T04:01:59.802Z,FALSE,"",21:30,TRUE
fare_DEL-BLR_6E_2026-10-15_T+7_1791433399616_eti6,DEL-BLR,EaseMyTrip,6E,6E-7646,2026-10-15,T+7,7803,1713,9516,2026-10-08T04:01:59.802Z,FALSE,"",06:15,FALSE
fare_DEL-BLR_AI_2026-10-15_T+7_1791433399616_e0sw,DEL-BLR,EaseMyTrip,AI,AI-2417,2026-10-15,T+7,8005,1757,9762,2026-10-08T04:01:59.802Z,FALSE,"",13:00,TRUE
fare_DEL-BLR_AI_2026-10-15_T+7_1791433399616_0waa,DEL-BLR,EaseMyTrip,AI,AI-2819,2026-10-15,T+7,8005,1757,9762,2026-10-08T04:01:59.802Z,FALSE,"",15:00,TRUE
fare_DEL-BLR_6E_2026-10-15_T+7_1791433399616_bpbl,DEL-BLR,EaseMyTrip,6E,6E-245,2026-10-15,T+7,7915,1738,9653,2026-10-08T04:01:59.802Z,FALSE,"",18:20,TRUE
fare_DEL-BLR_6E_2026-10-15_T+7_1791433399616_q84w,DEL-BLR,EaseMyTrip,6E,6E-296,2026-10-15,T+7,7915,1738,9653,2026-10-08T04:01:59.802Z,FALSE,"",18:20,TRUE
fare_DEL-BLR_IX_2026-10-15_T+7_1791433399616_vej9,DEL-BLR,EaseMyTrip,IX,IX-1076,2026-10-15,T+7,8843,1941,10784,2026-10-08T04:01:59.802Z,FALSE,"",09:00,FALSE
fare_DEL-BLR_AI_2026-10-15_T+7_1791433399616_ys1h,DEL-BLR,EaseMyTrip,AI,AI-1717,2026-10-15,T+7,8134,1786,9920,2026-10-08T04:01:59.802Z,FALSE,"",14:20,FALSE
fare_DEL-BLR_AI_2026-10-15_T+7_1791433399616_zzqy,DEL-BLR,EaseMyTrip,AI,AI-2499,2026-10-15,T+7,8266,1815,10081,2026-10-08T04:01:59.802Z,FALSE,"",06:00,FALSE
fare_DEL-BLR_6E_2026-10-15_T+7_1791433399616_ajpb,DEL-BLR,EaseMyTrip,6E,6E-7642,2026-10-15,T+7,8148,1788,9936,2026-10-08T04:01:59.802Z,FALSE,"",15:45,FALSE
fare_DEL-BLR_IX_2026-10-15_T+7_1791433399616_okra,DEL-BLR,EaseMyTrip,IX,IX-1024,2026-10-15,T+7,8409,1846,10255,2026-10-08T04:01:59.802Z,FALSE,"",18:40,FALSE
fare_DEL-BLR_IX_2026-10-15_T+7_1791433399616_pie4,DEL-BLR,EaseMyTrip,IX,IX-1108,2026-10-15,T+7,8443,1853,10296,2026-10-08T04:01:59.802Z,FALSE,"",05:00,FALSE
fare_DEL-BLR_6E_2026-10-15_T+7_1791433399616_nfia,DEL-BLR,EaseMyTrip,6E,6E-2456,2026-10-15,T+7,8356,1834,10190,2026-10-08T04:01:59.802Z,FALSE,"",14:55,TRUE
fare_DEL-BLR_6E_2026-10-15_T+7_1791433399616_xct4,DEL-BLR,EaseMyTrip,6E,6E-2519,2026-10-15,T+7,8356,1834,10190,2026-10-08T04:01:59.802Z,FALSE,"",13:00,TRUE
fare_DEL-BLR_AI_2026-10-15_T+7_1791433399616_qukm,DEL-BLR,EaseMyTrip,AI,AI-2569,2026-10-15,T+7,8783,1928,10711,2026-10-08T04:01:59.802Z,FALSE,"",20:25,FALSE
fare_DEL-BLR_AI_2026-10-15_T+7_1791433399616_llyb,DEL-BLR,EaseMyTrip,AI,AI-1710,2026-10-15,T+7,8783,1928,10711,2026-10-08T04:01:59.802Z,FALSE,"",18:35,FALSE
fare_DEL-BLR_6E_2026-10-15_T+7_1791433399616_a7wo,DEL-BLR,EaseMyTrip,6E,6E-6433,2026-10-15,T+7,8933,1961,10894,2026-10-08T04:01:59.802Z,FALSE,"",16:30,FALSE
fare_DEL-BLR_6E_2026-10-15_T+7_1791433399616_iino,DEL-BLR,EaseMyTrip,6E,6E-340,2026-10-15,T+7,8998,1975,10973,2026-10-08T04:01:59.802Z,FALSE,"",02:25,FALSE
fare_DEL-BLR_6E_2026-10-15_T+7_1791433399616_eado,DEL-BLR,EaseMyTrip,6E,6E-343,2026-10-15,T+7,8998,1975,10973,2026-10-08T04:01:59.802Z,FALSE,"",02:25,FALSE
fare_DEL-BLR_6E_2026-10-15_T+7_1791433399616_88rw,DEL-BLR,EaseMyTrip,6E,6E-6282,2026-10-15,T+7,8998,1975,10973,2026-10-08T04:01:59.802Z,FALSE,"",13:30,FALSE
fare_DEL-BLR_6E_2026-10-15_T+7_1791433399616_d1db,DEL-BLR,EaseMyTrip,6E,6E-6293,2026-10-15,T+7,8998,1975,10973,2026-10-08T04:01:59.802Z,FALSE,"",09:55,FALSE
fare_DEL-BLR_6E_2026-10-15_T+7_1791433399616_zzob,DEL-BLR,EaseMyTrip,6E,6E-2150,2026-10-15,T+7,9102,1998,11100,2026-10-08T04:01:59.802Z,FALSE,"",16:55,FALSE
fare_DEL-BLR_6E_2026-10-15_T+7_1791433399616_p748,DEL-BLR,EaseMyTrip,6E,6E-5073,2026-10-15,T+7,9191,2018,11209,2026-10-08T04:01:59.802Z,FALSE,"",17:05,FALSE
fare_DEL-BLR_6E_2026-10-15_T+7_1791433399616_no7j,DEL-BLR,EaseMyTrip,6E,6E-6179,2026-10-15,T+7,9191,2018,11209,2026-10-08T04:01:59.802Z,FALSE,"",18:30,FALSE
fare_DEL-BLR_6E_2026-10-15_T+7_1791433399616_q9fj,DEL-BLR,EaseMyTrip,6E,6E-940,2026-10-15,T+7,9191,2018,11209,2026-10-08T04:01:59.802Z,FALSE,"",18:00,FALSE
fare_DEL-BLR_6E_2026-10-15_T+7_1791433399616_uzxc,DEL-BLR,EaseMyTrip,6E,6E-205,2026-10-15,T+7,9191,2018,11209,2026-10-08T04:01:59.802Z,FALSE,"",18:00,FALSE
fare_DEL-BLR_6E_2026-10-15_T+7_1791433399616_ubp3,DEL-BLR,EaseMyTrip,6E,6E-6488,2026-10-15,T+7,9191,2018,11209,2026-10-08T04:01:59.802Z,FALSE,"",11:20,FALSE
fare_DEL-BLR_6E_2026-10-15_T+7_1791433399616_ngrw,DEL-BLR,EaseMyTrip,6E,6E-5119,2026-10-15,T+7,9191,2018,11209,2026-10-08T04:01:59.802Z,FALSE,"",05:10,FALSE
fare_DEL-BLR_6E_2026-10-15_T+7_1791433399616_jjnx,DEL-BLR,EaseMyTrip,6E,6E-2557,2026-10-15,T+7,9191,2018,11209,2026-10-08T04:01:59.802Z,FALSE,"",15:20,FALSE
fare_DEL-BLR_6E_2026-10-15_T+7_1791433399616_5bc2,DEL-BLR,EaseMyTrip,6E,6E-655,2026-10-15,T+7,9191,2018,11209,2026-10-08T04:01:59.802Z,FALSE,"",14:50,FALSE
fare_DEL-BLR_6E_2026-10-15_T+7_1791433399616_xrgz,DEL-BLR,EaseMyTrip,6E,6E-602,2026-10-15,T+7,9191,2018,11209,2026-10-08T04:01:59.802Z,FALSE,"",14:50,FALSE
fare_DEL-BLR_6E_2026-10-15_T+7_1791433399616_g7tm,DEL-BLR,EaseMyTrip,6E,6E-6569,2026-10-15,T+7,9191,2018,11209,2026-10-08T04:01:59.802Z,FALSE,"",05:00,FALSE
fare_DEL-BLR_6E_2026-10-15_T+7_1791433399616_cv1k,DEL-BLR,EaseMyTrip,6E,6E-6829,2026-10-15,T+7,9191,2018,11209,2026-10-08T04:01:59.802Z,FALSE,"",17:20,FALSE
fare_DEL-BLR_6E_2026-10-15_T+7_1791433399616_m4cm,DEL-BLR,EaseMyTrip,6E,6E-985,2026-10-15,T+7,9214,2022,11236,2026-10-08T04:01:59.802Z,FALSE,"",18:15,FALSE
fare_DEL-BLR_6E_2026-10-15_T+7_1791433399616_zg9o,DEL-BLR,EaseMyTrip,6E,6E-982,2026-10-15,T+7,9214,2022,11236,2026-10-08T04:01:59.802Z,FALSE,"",18:15,FALSE
fare_DEL-BLR_6E_2026-10-15_T+7_1791433399616_j6x2,DEL-BLR,EaseMyTrip,6E,6E-6091,2026-10-15,T+7,9214,2022,11236,2026-10-08T04:01:59.802Z,FALSE,"",15:15,FALSE
fare_DEL-BLR_6E_2026-10-15_T+7_1791433399616_jsri,DEL-BLR,EaseMyTrip,6E,6E-2147,2026-10-15,T+7,9214,2022,11236,2026-10-08T04:01:59.802Z,FALSE,"",11:10,FALSE
fare_DEL-BLR_6E_2026-10-15_T+7_1791433399616_42j4,DEL-BLR,EaseMyTrip,6E,6E-6632,2026-10-15,T+7,9214,2022,11236,2026-10-08T04:01:59.802Z,FALSE,"",17:50,FALSE
fare_DEL-BLR_6E_2026-10-15_T+7_1791433399616_trmv,DEL-BLR,EaseMyTrip,6E,6E-397,2026-10-15,T+7,9214,2022,11236,2026-10-08T04:01:59.802Z,FALSE,"",02:55,FALSE
fare_DEL-BLR_6E_2026-10-15_T+7_1791433399616_0nhm,DEL-BLR,EaseMyTrip,6E,6E-454,2026-10-15,T+7,9214,2022,11236,2026-10-08T04:01:59.802Z,FALSE,"",02:55,FALSE
fare_DEL-BLR_6E_2026-10-15_T+7_1791433399616_3cv8,DEL-BLR,EaseMyTrip,6E,6E-2277,2026-10-15,T+7,9214,2022,11236,2026-10-08T04:01:59.802Z,FALSE,"",10:25,FALSE
fare_DEL-BLR_6E_2026-10-15_T+7_1791433399616_46w2,DEL-BLR,EaseMyTrip,6E,6E-6115,2026-10-15,T+7,9214,2022,11236,2026-10-08T04:01:59.802Z,FALSE,"",13:10,FALSE
fare_DEL-BLR_6E_2026-10-15_T+7_1791433399616_deqy,DEL-BLR,EaseMyTrip,6E,6E-5033,2026-10-15,T+7,9214,2022,11236,2026-10-08T04:01:59.802Z,FALSE,"",15:50,FALSE
fare_DEL-BLR_AI_2026-10-15_T+7_1791433399616_evaq,DEL-BLR,EaseMyTrip,AI,AI-2547,2026-10-15,T+7,9484,2082,11566,2026-10-08T04:01:59.802Z,FALSE,"",17:40,FALSE
fare_DEL-BLR_6E_2026-10-15_T+7_1791433399617_1eiz,DEL-BLR,EaseMyTrip,6E,6E-582,2026-10-15,T+7,9342,2051,11393,2026-10-08T04:01:59.802Z,FALSE,"",17:10,FALSE
fare_DEL-BLR_6E_2026-10-15_T+7_1791433399617_wmx1,DEL-BLR,EaseMyTrip,6E,6E-693,2026-10-15,T+7,9342,2051,11393,2026-10-08T04:01:59.802Z,FALSE,"",17:10,FALSE
fare_DEL-BLR_6E_2026-10-15_T+7_1791433399617_k74m,DEL-BLR,EaseMyTrip,6E,6E-6497,2026-10-15,T+7,9407,2065,11472,2026-10-08T04:01:59.802Z,FALSE,"",18:40,FALSE
fare_DEL-BLR_AI_2026-10-15_T+7_1791433399617_y8je,DEL-BLR,EaseMyTrip,AI,AI-2971,2026-10-15,T+7,9597,2107,11704,2026-10-08T04:01:59.802Z,FALSE,"",16:00,FALSE
fare_DEL-BLR_IX_2026-10-15_T+7_1791433399617_o9n7,DEL-BLR,EaseMyTrip,IX,IX-1235,2026-10-15,T+7,9662,2121,11783,2026-10-08T04:01:59.802Z,FALSE,"",23:25,FALSE
fare_DEL-BLR_IX_2026-10-15_T+7_1791433399617_2849,DEL-BLR,EaseMyTrip,IX,IX-1056,2026-10-15,T+7,9662,2121,11783,2026-10-08T04:01:59.802Z,FALSE,"",17:50,FALSE
fare_DEL-BLR_AI_2026-10-15_T+7_1791433399617_j61l,DEL-BLR,EaseMyTrip,AI,AI-1735,2026-10-15,T+7,9655,2119,11774,2026-10-08T04:01:59.802Z,FALSE,"",13:00,FALSE
fare_DEL-BLR_AI_2026-10-15_T+7_1791433399617_7ndt,DEL-BLR,EaseMyTrip,AI,AI-2609,2026-10-15,T+7,9937,2181,12118,2026-10-08T04:01:59.802Z,FALSE,"",23:50,FALSE
fare_DEL-BLR_6E_2026-10-15_T+7_1791433399617_xt15,DEL-BLR,EaseMyTrip,6E,6E-2571,2026-10-15,T+7,9824,2156,11980,2026-10-08T04:01:59.802Z,FALSE,"",12:30,FALSE
fare_DEL-BLR_6E_2026-10-15_T+7_1791433399617_z341,DEL-BLR,EaseMyTrip,6E,6E-6673,2026-10-15,T+7,9838,2160,11998,2026-10-08T04:01:59.802Z,FALSE,"",21:15,FALSE
fare_DEL-BLR_6E_2026-10-15_T+7_1791433399617_veto,DEL-BLR,EaseMyTrip,6E,6E-2618,2026-10-15,T+7,9838,2160,11998,2026-10-08T04:01:59.802Z,FALSE,"",23:00,FALSE
fare_DEL-BLR_6E_2026-10-15_T+7_1791433399617_oyd1,DEL-BLR,EaseMyTrip,6E,6E-7653,2026-10-15,T+7,10104,2218,12322,2026-10-08T04:01:59.802Z,FALSE,"",17:20,FALSE
fare_DEL-BLR_IX_2026-10-15_T+7_1791433399617_h35w,DEL-BLR,EaseMyTrip,IX,IX-1068,2026-10-15,T+7,10531,2312,12843,2026-10-08T04:01:59.802Z,FALSE,"",11:55,FALSE
fare_DEL-BLR_IX_2026-10-15_T+7_1791433399617_6hke,DEL-BLR,EaseMyTrip,IX,IX-1257,2026-10-15,T+7,10573,2321,12894,2026-10-08T04:01:59.802Z,FALSE,"",22:25,FALSE
fare_DEL-BLR_AI_2026-10-15_T+7_1791433399617_20gz,DEL-BLR,EaseMyTrip,AI,AI-465,2026-10-15,T+7,10669,2342,13011,2026-10-08T04:01:59.802Z,FALSE,"",16:20,FALSE
fare_DEL-BLR_6E_2026-10-15_T+7_1791433399617_1gvq,DEL-BLR,EaseMyTrip,6E,6E-2491,2026-10-15,T+7,10517,2309,12826,2026-10-08T04:01:59.802Z,FALSE,"",15:15,FALSE
fare_DEL-BLR_AI_2026-10-15_T+7_1791433399617_plop,DEL-BLR,EaseMyTrip,AI,AI-2627,2026-10-15,T+7,10821,2375,13196,2026-10-08T04:01:59.802Z,FALSE,"",10:45,FALSE
fare_DEL-BLR_AI_2026-10-15_T+7_1791433399617_1jyc,DEL-BLR,EaseMyTrip,AI,AI-2439,2026-10-15,T+7,10909,2395,13304,2026-10-08T04:01:59.802Z,FALSE,"",22:55,FALSE
fare_DEL-BLR_6E_2026-10-15_T+7_1791433399617_k8fk,DEL-BLR,EaseMyTrip,6E,6E-2769,2026-10-15,T+7,10757,2361,13118,2026-10-08T04:01:59.802Z,FALSE,"",08:10,FALSE
fare_DEL-BLR_6E_2026-10-15_T+7_1791433399617_lx40,DEL-BLR,EaseMyTrip,6E,6E-6212,2026-10-15,T+7,11114,2440,13554,2026-10-08T04:01:59.802Z,FALSE,"",14:45,FALSE
fare_DEL-BLR_IX_2026-10-15_T+7_1791433399617_g5pl,DEL-BLR,EaseMyTrip,IX,IX-1067,2026-10-15,T+7,12287,2697,14984,2026-10-08T04:01:59.802Z,FALSE,"",06:10,FALSE
fare_DEL-BLR_6E_2026-10-15_T+7_1791433399617_i5n4,DEL-BLR,EaseMyTrip,6E,6E-5038,2026-10-15,T+7,11329,2487,13816,2026-10-08T04:01:59.802Z,FALSE,"",14:00,FALSE
fare_DEL-BLR_IX_2026-10-15_T+7_1791433399617_t1lh,DEL-BLR,EaseMyTrip,IX,IX-1617,2026-10-15,T+7,12459,2735,15194,2026-10-08T04:01:59.802Z,FALSE,"",11:50,FALSE
fare_DEL-BLR_IX_2026-10-15_T+7_1791433399617_1rl1,DEL-BLR,EaseMyTrip,IX,IX-1090,2026-10-15,T+7,11618,2550,14168,2026-10-08T04:01:59.802Z,FALSE,"",13:10,FALSE
fare_DEL-BLR_IX_2026-10-15_T+7_1791433399617_93jv,DEL-BLR,EaseMyTrip,IX,IX-1046,2026-10-15,T+7,11622,2551,14173,2026-10-08T04:01:59.802Z,FALSE,"",06:30,FALSE
fare_DEL-BLR_IX_2026-10-15_T+7_1791433399617_9nz7,DEL-BLR,EaseMyTrip,IX,IX-1346,2026-10-15,T+7,11884,2609,14493,2026-10-08T04:01:59.802Z,FALSE,"",06:10,FALSE
fare_DEL-BLR_AI_2026-10-15_T+7_1791433399617_ug4e,DEL-BLR,EaseMyTrip,AI,AI-1780,2026-10-15,T+7,11921,2617,14538,2026-10-08T04:01:59.802Z,FALSE,"",14:30,FALSE
fare_DEL-BLR_AI_2026-10-15_T+7_1791433399617_oenk,DEL-BLR,EaseMyTrip,AI,AI-437,2026-10-15,T+7,11939,2621,14560,2026-10-08T04:01:59.802Z,FALSE,"",09:15,FALSE
fare_DEL-BLR_AI_2026-10-15_T+7_1791433399617_pb9j,DEL-BLR,EaseMyTrip,AI,AI-1702,2026-10-15,T+7,11986,2631,14617,2026-10-08T04:01:59.802Z,FALSE,"",18:30,FALSE
fare_DEL-BLR_6E_2026-10-15_T+7_1791433399617_xz6o,DEL-BLR,EaseMyTrip,6E,6E-377,2026-10-15,T+7,11856,2602,14458,2026-10-08T04:01:59.802Z,FALSE,"",16:20,FALSE
fare_DEL-BLR_6E_2026-10-15_T+7_1791433399617_lqgu,DEL-BLR,EaseMyTrip,6E,6E-394,2026-10-15,T+7,11856,2602,14458,2026-10-08T04:01:59.802Z,FALSE,"",16:20,FALSE
fare_DEL-BLR_6E_2026-10-15_T+7_1791433399617_bazj,DEL-BLR,EaseMyTrip,6E,6E-6459,2026-10-15,T+7,12200,2678,14878,2026-10-08T04:01:59.802Z,FALSE,"",05:55,FALSE
fare_DEL-BLR_IX_2026-10-15_T+7_1791433399617_24pk,DEL-BLR,EaseMyTrip,IX,IX-1273,2026-10-15,T+7,13518,2967,16485,2026-10-08T04:01:59.802Z,FALSE,"",12:05,FALSE
fare_DEL-BLR_AI_2026-10-15_T+7_1791433399617_blmj,DEL-BLR,EaseMyTrip,AI,AI-2483,2026-10-15,T+7,12826,2815,15641,2026-10-08T04:01:59.802Z,FALSE,"",12:20,FALSE
fare_DEL-BLR_AI_2026-10-15_T+7_1791433399617_sov7,DEL-BLR,EaseMyTrip,AI,AI-2963,2026-10-15,T+7,12893,2830,15723,2026-10-08T04:01:59.802Z,FALSE,"",09:00,FALSE
fare_DEL-BLR_AI_2026-10-15_T+7_1791433399617_jhih,DEL-BLR,EaseMyTrip,AI,AI-1785,2026-10-15,T+7,12893,2830,15723,2026-10-08T04:01:59.802Z,FALSE,"",12:00,FALSE
fare_DEL-BLR_AI_2026-10-15_T+7_1791433399617_lg76,DEL-BLR,EaseMyTrip,AI,AI-9757,2026-10-15,T+7,12993,2852,15845,2026-10-08T04:01:59.802Z,FALSE,"",11:50,FALSE
fare_DEL-BLR_AI_2026-10-15_T+7_1791433399617_bms2,DEL-BLR,EaseMyTrip,AI,AI-9759,2026-10-15,T+7,12993,2852,15845,2026-10-08T04:01:59.802Z,FALSE,"",06:00,FALSE
fare_DEL-BLR_AI_2026-10-15_T+7_1791433399617_zfqn,DEL-BLR,EaseMyTrip,AI,AI-2678,2026-10-15,T+7,13005,2855,15860,2026-10-08T04:01:59.802Z,FALSE,"",08:30,FALSE
fare_DEL-BLR_6E_2026-10-15_T+7_1791433399617_of33,DEL-BLR,EaseMyTrip,6E,6E-6217,2026-10-15,T+7,12857,2822,15679,2026-10-08T04:01:59.802Z,FALSE,"",16:15,FALSE
fare_DEL-BLR_IX_2026-10-15_T+7_1791433399617_riap,DEL-BLR,EaseMyTrip,IX,IX-1811,2026-10-15,T+7,13122,2881,16003,2026-10-08T04:01:59.802Z,FALSE,"",06:50,FALSE
fare_DEL-BLR_IX_2026-10-15_T+7_1791433399617_375y,DEL-BLR,EaseMyTrip,IX,IX-1812,2026-10-15,T+7,13122,2881,16003,2026-10-08T04:01:59.802Z,FALSE,"",11:15,FALSE
fare_DEL-BLR_AI_2026-10-15_T+7_1791433399617_a6rj,DEL-BLR,EaseMyTrip,AI,AI-2441,2026-10-15,T+7,13122,2880,16002,2026-10-08T04:01:59.802Z,FALSE,"",14:10,FALSE
fare_DEL-BLR_AI_2026-10-15_T+7_1791433399617_g0lh,DEL-BLR,EaseMyTrip,AI,AI-2975,2026-10-15,T+7,13122,2880,16002,2026-10-08T04:01:59.802Z,FALSE,"",06:30,FALSE
fare_DEL-BLR_6E_2026-10-15_T+7_1791433399617_zn3u,DEL-BLR,EaseMyTrip,6E,6E-927,2026-10-15,T+7,13250,2908,16158,2026-10-08T04:01:59.802Z,FALSE,"",16:10,FALSE
fare_DEL-BLR_6E_2026-10-15_T+7_1791433399617_bhhf,DEL-BLR,EaseMyTrip,6E,6E-659,2026-10-15,T+7,13250,2908,16158,2026-10-08T04:01:59.802Z,FALSE,"",16:10,FALSE
fare_DEL-BLR_AI_2026-10-15_T+7_1791433399617_hmkl,DEL-BLR,EaseMyTrip,AI,AI-2973,2026-10-15,T+7,13462,2955,16417,2026-10-08T04:01:59.802Z,FALSE,"",20:50,FALSE
fare_DEL-BLR_AI_2026-10-15_T+7_1791433399617_0rk7,DEL-BLR,EaseMyTrip,AI,AI-2519,2026-10-15,T+7,13470,2957,16427,2026-10-08T04:01:59.802Z,FALSE,"",15:30,FALSE
fare_DEL-BLR_AI_2026-10-15_T+7_1791433399617_xdcw,DEL-BLR,EaseMyTrip,AI,AI-2532,2026-10-15,T+7,13473,2957,16430,2026-10-08T04:01:59.802Z,FALSE,"",11:20,FALSE
fare_DEL-BLR_AI_2026-10-15_T+7_1791433399617_1lyd,DEL-BLR,EaseMyTrip,AI,AI-441,2026-10-15,T+7,13866,3044,16910,2026-10-08T04:01:59.802Z,FALSE,"",17:00,FALSE
fare_DEL-BLR_6E_2026-10-15_T+7_1791433399617_w3n6,DEL-BLR,EaseMyTrip,6E,6E-6026,2026-10-15,T+7,13847,3039,16886,2026-10-08T04:01:59.802Z,FALSE,"",05:30,FALSE
fare_DEL-BLR_IX_2026-10-15_T+7_1791433399617_td00,DEL-BLR,EaseMyTrip,IX,IX-1012,2026-10-15,T+7,14325,3144,17469,2026-10-08T04:01:59.802Z,FALSE,"",06:50,FALSE
fare_DEL-BLR_AI_2026-10-15_T+7_1791433399617_v89t,DEL-BLR,EaseMyTrip,AI,AI-1749,2026-10-15,T+7,14514,3186,17700,2026-10-08T04:01:59.802Z,FALSE,"",08:40,FALSE
fare_DEL-BLR_AI_2026-10-15_T+7_1791433399617_2s2m,DEL-BLR,EaseMyTrip,AI,AI-1745,2026-10-15,T+7,14922,3275,18197,2026-10-08T04:01:59.802Z,FALSE,"",05:00,FALSE
fare_DEL-BLR_IX_2026-10-15_T+7_1791433399617_30zh,DEL-BLR,EaseMyTrip,IX,IX-1980,2026-10-15,T+7,15013,3296,18309,2026-10-08T04:01:59.802Z,FALSE,"",09:55,FALSE
fare_DEL-BLR_IX_2026-10-15_T+7_1791433399617_flzt,DEL-BLR,EaseMyTrip,IX,IX-1054,2026-10-15,T+7,15755,3459,19214,2026-10-08T04:01:59.802Z,FALSE,"",12:05,FALSE
fare_DEL-BLR_IX_2026-10-15_T+7_1791433399617_65w7,DEL-BLR,EaseMyTrip,IX,IX-1035,2026-10-15,T+7,18297,4017,22314,2026-10-08T04:01:59.802Z,TRUE,"High outlier: ₹22314 > upper fence ₹22002 (Q3: ₹14560, IQR: ₹4961)",08:10,FALSE
fare_DEL-BLR_IX_2026-10-15_T+7_1791433399617_gtsu,DEL-BLR,EaseMyTrip,IX,IX-1032,2026-10-15,T+7,18297,4017,22314,2026-10-08T04:01:59.802Z,TRUE,"High outlier: ₹22314 > upper fence ₹22002 (Q3: ₹14560, IQR: ₹4961)",05:45,FALSE
fare_DEL-BLR_IX_2026-10-15_T+7_1791433399617_hvw6,DEL-BLR,EaseMyTrip,IX,IX-1085,2026-10-15,T+7,18340,4026,22366,2026-10-08T04:01:59.802Z,TRUE,"High outlier: ₹22366 > upper fence ₹22002 (Q3: ₹14560, IQR: ₹4961)",12:55,FALSE
fare_DEL-BLR_IX_2026-10-15_T+7_1791433399617_9kj0,DEL-BLR,EaseMyTrip,IX,IX-1069,2026-10-15,T+7,18340,4026,22366,2026-10-08T04:01:59.802Z,TRUE,"High outlier: ₹22366 > upper fence ₹22002 (Q3: ₹14560, IQR: ₹4961)",10:45,FALSE
fare_DEL-BLR_AI_2026-10-15_T+7_1791433399617_l1fl,DEL-BLR,EaseMyTrip,AI,AI-2879,2026-10-15,T+7,20138,4420,24558,2026-10-08T04:01:59.802Z,TRUE,"High outlier: ₹24558 > upper fence ₹22002 (Q3: ₹14560, IQR: ₹4961)",18:00,FALSE
fare_DEL-BLR_6E_2026-10-15_T+7_1791433399617_am6r,DEL-BLR,EaseMyTrip,6E,6E-112,2026-10-15,T+7,20416,4482,24898,2026-10-08T04:01:59.802Z,TRUE,"High outlier: ₹24898 > upper fence ₹22002 (Q3: ₹14560, IQR: ₹4961)",17:55,FALSE
fare_DEL-BLR_6E_2026-10-15_T+7_1791433399617_nnk2,DEL-BLR,EaseMyTrip,6E,6E-252,2026-10-15,T+7,20416,4482,24898,2026-10-08T04:01:59.802Z,TRUE,"High outlier: ₹24898 > upper fence ₹22002 (Q3: ₹14560, IQR: ₹4961)",17:55,FALSE
fare_DEL-BLR_6E_2026-10-15_T+7_1791433399617_aa1n,DEL-BLR,EaseMyTrip,6E,6E-5191,2026-10-15,T+7,20568,4515,25083,2026-10-08T04:01:59.802Z,TRUE,"High outlier: ₹25083 > upper fence ₹22002 (Q3: ₹14560, IQR: ₹4961)",05:00,FALSE
fare_DEL-BLR_6E_2026-10-15_T+7_1791433399617_qe6o,DEL-BLR,EaseMyTrip,6E,6E-739,2026-10-15,T+7,22634,4969,27603,2026-10-08T04:01:59.802Z,TRUE,"High outlier: ₹27603 > upper fence ₹22002 (Q3: ₹14560, IQR: ₹4961)",08:30,FALSE
fare_DEL-BLR_6E_2026-10-15_T+7_1791433399617_l17c,DEL-BLR,EaseMyTrip,6E,6E-331,2026-10-15,T+7,22634,4969,27603,2026-10-08T04:01:59.802Z,TRUE,"High outlier: ₹27603 > upper fence ₹22002 (Q3: ₹14560, IQR: ₹4961)",08:30,FALSE
fare_DEL-BLR_IX_2026-10-15_T+7_1791433399617_jgza,DEL-BLR,EaseMyTrip,IX,IX-1461,2026-10-15,T+7,24415,5359,29774,2026-10-08T04:01:59.802Z,TRUE,"High outlier: ₹29774 > upper fence ₹22002 (Q3: ₹14560, IQR: ₹4961)",05:35,FALSE
fare_DEL-BLR_AI_2026-10-15_T+7_1791433399617_k2ek,DEL-BLR,EaseMyTrip,AI,AI-2513,2026-10-15,T+7,24721,5426,30147,2026-10-08T04:01:59.802Z,TRUE,"High outlier: ₹30147 > upper fence ₹22002 (Q3: ₹14560, IQR: ₹4961)",12:10,FALSE
fare_DEL-BLR_IX_2026-10-15_T+7_1791433399617_k1pc,DEL-BLR,EaseMyTrip,IX,IX-1057,2026-10-15,T+7,28462,6248,34710,2026-10-08T04:01:59.802Z,TRUE,"High outlier: ₹34710 > upper fence ₹22002 (Q3: ₹14560, IQR: ₹4961)",06:20,FALSE
fare_DEL-BOM_IX_2026-10-23_T+15_1791433399617_sqqq,DEL-BOM,EaseMyTrip,IX,IX-1038,2026-10-23,T+15,5354,1175,6529,2026-10-08T04:01:05.201Z,FALSE,"",17:35,TRUE
fare_DEL-BOM_IX_2026-10-23_T+15_1791433399617_55z2,DEL-BOM,EaseMyTrip,IX,IX-1024,2026-10-23,T+15,5354,1175,6529,2026-10-08T04:01:05.201Z,FALSE,"",18:40,TRUE
fare_DEL-BOM_IX_2026-10-23_T+15_1791433399617_oqsj,DEL-BOM,EaseMyTrip,IX,IX-1235,2026-10-23,T+15,5354,1175,6529,2026-10-08T04:01:05.201Z,FALSE,"",23:25,TRUE
fare_DEL-BOM_IX_2026-10-23_T+15_1791433399617_7v9u,DEL-BOM,EaseMyTrip,IX,IX-1056,2026-10-23,T+15,5484,1204,6688,2026-10-08T04:01:05.201Z,FALSE,"",17:50,TRUE
fare_DEL-BOM_IX_2026-10-23_T+15_1791433399617_fw2w,DEL-BOM,EaseMyTrip,IX,IX-1165,2026-10-23,T+15,5568,1222,6790,2026-10-08T04:01:05.201Z,FALSE,"",06:00,FALSE
fare_DEL-BOM_IX_2026-10-23_T+15_1791433399617_ukc8,DEL-BOM,EaseMyTrip,IX,IX-1392,2026-10-23,T+15,5568,1222,6790,2026-10-08T04:01:05.201Z,FALSE,"",23:25,FALSE
fare_DEL-BOM_6E_2026-10-23_T+15_1791433399617_ln1p,DEL-BOM,EaseMyTrip,6E,6E-5096,2026-10-23,T+15,5541,1216,6757,2026-10-08T04:01:05.201Z,FALSE,"",15:05,TRUE
fare_DEL-BOM_6E_2026-10-23_T+15_1791433399617_a16t,DEL-BOM,EaseMyTrip,6E,6E-6470,2026-10-23,T+15,5612,1232,6844,2026-10-08T04:01:05.201Z,FALSE,"",06:55,TRUE
fare_DEL-BOM_6E_2026-10-23_T+15_1791433399617_ogvl,DEL-BOM,EaseMyTrip,6E,6E-829,2026-10-23,T+15,5613,1232,6845,2026-10-08T04:01:05.201Z,FALSE,"",13:00,TRUE
fare_DEL-BOM_6E_2026-10-23_T+15_1791433399617_xa1y,DEL-BOM,EaseMyTrip,6E,6E-451,2026-10-23,T+15,5613,1232,6845,2026-10-08T04:01:05.201Z,FALSE,"",13:00,TRUE
fare_DEL-BOM_6E_2026-10-23_T+15_1791433399617_qhn6,DEL-BOM,EaseMyTrip,6E,6E-495,2026-10-23,T+15,5613,1232,6845,2026-10-08T04:01:05.201Z,FALSE,"",23:30,TRUE
fare_DEL-BOM_6E_2026-10-23_T+15_1791433399617_jpwh,DEL-BOM,EaseMyTrip,6E,6E-633,2026-10-23,T+15,5613,1232,6845,2026-10-08T04:01:05.201Z,FALSE,"",23:30,TRUE
fare_DEL-BOM_6E_2026-10-23_T+15_1791433399617_u75l,DEL-BOM,EaseMyTrip,6E,6E-752,2026-10-23,T+15,5613,1232,6845,2026-10-08T04:01:05.201Z,FALSE,"",15:30,TRUE
fare_DEL-BOM_6E_2026-10-23_T+15_1791433399617_1qtu,DEL-BOM,EaseMyTrip,6E,6E-526,2026-10-23,T+15,5613,1232,6845,2026-10-08T04:01:05.201Z,FALSE,"",15:30,TRUE
fare_DEL-BOM_6E_2026-10-23_T+15_1791433399617_j3db,DEL-BOM,EaseMyTrip,6E,6E-6318,2026-10-23,T+15,5613,1232,6845,2026-10-08T04:01:05.201Z,FALSE,"",14:45,TRUE
fare_DEL-BOM_6E_2026-10-23_T+15_1791433399617_h6w2,DEL-BOM,EaseMyTrip,6E,6E-681,2026-10-23,T+15,5613,1232,6845,2026-10-08T04:01:05.201Z,FALSE,"",05:00,TRUE
fare_DEL-BOM_6E_2026-10-23_T+15_1791433399617_zek2,DEL-BOM,EaseMyTrip,6E,6E-358,2026-10-23,T+15,5613,1232,6845,2026-10-08T04:01:05.201Z,FALSE,"",05:00,TRUE
fare_DEL-BOM_6E_2026-10-23_T+15_1791433399617_9op3,DEL-BOM,EaseMyTrip,6E,6E-6047,2026-10-23,T+15,5613,1232,6845,2026-10-08T04:01:05.201Z,FALSE,"",11:00,TRUE
fare_DEL-BOM_6E_2026-10-23_T+15_1791433399617_lkex,DEL-BOM,EaseMyTrip,6E,6E-6676,2026-10-23,T+15,5613,1232,6845,2026-10-08T04:01:05.201Z,FALSE,"",12:00,TRUE
fare_DEL-BOM_6E_2026-10-23_T+15_1791433399617_ski1,DEL-BOM,EaseMyTrip,6E,6E-193,2026-10-23,T+15,5613,1232,6845,2026-10-08T04:01:05.201Z,FALSE,"",03:00,TRUE
fare_DEL-BOM_6E_2026-10-23_T+15_1791433399617_sv52,DEL-BOM,EaseMyTrip,6E,6E-347,2026-10-23,T+15,5613,1232,6845,2026-10-08T04:01:05.201Z,FALSE,"",03:00,TRUE
fare_DEL-BOM_6E_2026-10-23_T+15_1791433399617_p69w,DEL-BOM,EaseMyTrip,6E,6E-6114,2026-10-23,T+15,5613,1232,6845,2026-10-08T04:01:05.201Z,FALSE,"",22:45,TRUE
fare_DEL-BOM_6E_2026-10-23_T+15_1791433399617_cj1w,DEL-BOM,EaseMyTrip,6E,6E-433,2026-10-23,T+15,5613,1232,6845,2026-10-08T04:01:05.201Z,FALSE,"",16:15,TRUE
fare_DEL-BOM_6E_2026-10-23_T+15_1791433399617_pvvc,DEL-BOM,EaseMyTrip,6E,6E-490,2026-10-23,T+15,5613,1232,6845,2026-10-08T04:01:05.201Z,FALSE,"",16:15,TRUE
fare_DEL-BOM_6E_2026-10-23_T+15_1791433399617_c762,DEL-BOM,EaseMyTrip,6E,6E-6218,2026-10-23,T+15,5613,1232,6845,2026-10-08T04:01:05.201Z,FALSE,"",06:00,TRUE
fare_DEL-BOM_6E_2026-10-23_T+15_1791433399617_3ras,DEL-BOM,EaseMyTrip,6E,6E-6022,2026-10-23,T+15,5613,1232,6845,2026-10-08T04:01:05.201Z,FALSE,"",14:00,TRUE
fare_DEL-BOM_6E_2026-10-23_T+15_1791433399617_gjhw,DEL-BOM,EaseMyTrip,6E,6E-6328,2026-10-23,T+15,5613,1232,6845,2026-10-08T04:01:05.201Z,FALSE,"",10:15,TRUE
fare_DEL-BOM_QP_2026-10-23_T+15_1791433399617_5esa,DEL-BOM,EaseMyTrip,QP,QP-1833,2026-10-23,T+15,5618,1233,6851,2026-10-08T04:01:05.201Z,FALSE,"",06:50,TRUE
fare_DEL-BOM_QP_2026-10-23_T+15_1791433399617_uv2y,DEL-BOM,EaseMyTrip,QP,QP-1110,2026-10-23,T+15,5618,1233,6851,2026-10-08T04:01:05.201Z,FALSE,"",10:00,TRUE
fare_DEL-BOM_QP_2026-10-23_T+15_1791433399617_h8ka,DEL-BOM,EaseMyTrip,QP,QP-1128,2026-10-23,T+15,5618,1233,6851,2026-10-08T04:01:05.201Z,FALSE,"",16:00,TRUE
fare_DEL-BOM_QP_2026-10-23_T+15_1791433399617_pjpc,DEL-BOM,EaseMyTrip,QP,QP-1820,2026-10-23,T+15,5618,1233,6851,2026-10-08T04:01:05.201Z,FALSE,"",17:30,TRUE
fare_DEL-BOM_QP_2026-10-23_T+15_1791433399617_8tbk,DEL-BOM,EaseMyTrip,QP,QP-1119,2026-10-23,T+15,5618,1233,6851,2026-10-08T04:01:05.201Z,FALSE,"",08:40,TRUE
fare_DEL-BOM_QP_2026-10-23_T+15_1791433399617_4ogk,DEL-BOM,EaseMyTrip,QP,QP-1826,2026-10-23,T+15,5618,1233,6851,2026-10-08T04:01:05.201Z,FALSE,"",19:55,TRUE
fare_DEL-BOM_AI_2026-10-23_T+15_1791433399617_qh0r,DEL-BOM,EaseMyTrip,AI,AI-2943,2026-10-23,T+15,5883,1291,7174,2026-10-08T04:01:05.201Z,FALSE,"",07:30,TRUE
fare_DEL-BOM_6E_2026-10-23_T+15_1791433399617_jjgs,DEL-BOM,EaseMyTrip,6E,6E-151,2026-10-23,T+15,5742,1261,7003,2026-10-08T04:01:05.201Z,FALSE,"",20:45,TRUE
fare_DEL-BOM_6E_2026-10-23_T+15_1791433399617_veb0,DEL-BOM,EaseMyTrip,6E,6E-302,2026-10-23,T+15,5742,1261,7003,2026-10-08T04:01:05.201Z,FALSE,"",20:45,TRUE
fare_DEL-BOM_6E_2026-10-23_T+15_1791433399617_wfqc,DEL-BOM,EaseMyTrip,6E,6E-6706,2026-10-23,T+15,5742,1261,7003,2026-10-08T04:01:05.201Z,FALSE,"",17:00,TRUE
fare_DEL-BOM_6E_2026-10-23_T+15_1791433399617_da5k,DEL-BOM,EaseMyTrip,6E,6E-6814,2026-10-23,T+15,5742,1261,7003,2026-10-08T04:01:05.201Z,FALSE,"",07:15,TRUE
fare_DEL-BOM_6E_2026-10-23_T+15_1791433399617_oggv,DEL-BOM,EaseMyTrip,6E,6E-569,2026-10-23,T+15,5742,1261,7003,2026-10-08T04:01:05.201Z,FALSE,"",21:45,TRUE
fare_DEL-BOM_6E_2026-10-23_T+15_1791433399617_l47q,DEL-BOM,EaseMyTrip,6E,6E-339,2026-10-23,T+15,5742,1261,7003,2026-10-08T04:01:05.201Z,FALSE,"",21:45,TRUE
fare_DEL-BOM_6E_2026-10-23_T+15_1791433399617_p9zm,DEL-BOM,EaseMyTrip,6E,6E-799,2026-10-23,T+15,5742,1261,7003,2026-10-08T04:01:05.201Z,FALSE,"",08:00,TRUE
fare_DEL-BOM_6E_2026-10-23_T+15_1791433399617_ynv8,DEL-BOM,EaseMyTrip,6E,6E-337,2026-10-23,T+15,5742,1261,7003,2026-10-08T04:01:05.201Z,FALSE,"",08:00,TRUE
fare_DEL-BOM_6E_2026-10-23_T+15_1791433399617_0df2,DEL-BOM,EaseMyTrip,6E,6E-6107,2026-10-23,T+15,5742,1261,7003,2026-10-08T04:01:05.201Z,FALSE,"",09:30,TRUE
fare_DEL-BOM_AI_2026-10-23_T+15_1791433399617_vwc4,DEL-BOM,EaseMyTrip,AI,AI-2975,2026-10-23,T+15,5913,1298,7211,2026-10-08T04:01:05.201Z,FALSE,"",06:30,TRUE
fare_DEL-BOM_AI_2026-10-23_T+15_1791433399617_wyow,DEL-BOM,EaseMyTrip,AI,AI-2425,2026-10-23,T+15,5913,1298,7211,2026-10-08T04:01:05.201Z,FALSE,"",10:30,TRUE
fare_DEL-BOM_AI_2026-10-23_T+15_1791433399617_tmb2,DEL-BOM,EaseMyTrip,AI,AI-2951,2026-10-23,T+15,5913,1298,7211,2026-10-08T04:01:05.201Z,FALSE,"",13:30,TRUE
fare_DEL-BOM_AI_2026-10-23_T+15_1791433399617_oo7k,DEL-BOM,EaseMyTrip,AI,AI-1745,2026-10-23,T+15,5913,1298,7211,2026-10-08T04:01:05.201Z,FALSE,"",05:00,TRUE
fare_DEL-BOM_AI_2026-10-23_T+15_1791433399617_t0fs,DEL-BOM,EaseMyTrip,AI,AI-2995,2026-10-23,T+15,5913,1298,7211,2026-10-08T04:01:05.201Z,FALSE,"",10:00,TRUE
fare_DEL-BOM_AI_2026-10-23_T+15_1791433399617_mat2,DEL-BOM,EaseMyTrip,AI,AI-2945,2026-10-23,T+15,5913,1298,7211,2026-10-08T04:01:05.201Z,FALSE,"",11:00,TRUE
fare_DEL-BOM_AI_2026-10-23_T+15_1791433399617_2izh,DEL-BOM,EaseMyTrip,AI,AI-1785,2026-10-23,T+15,5913,1298,7211,2026-10-08T04:01:05.201Z,FALSE,"",12:00,TRUE
fare_DEL-BOM_AI_2026-10-23_T+15_1791433399617_2w87,DEL-BOM,EaseMyTrip,AI,AI-2441,2026-10-23,T+15,5913,1298,7211,2026-10-08T04:01:05.201Z,FALSE,"",14:10,TRUE
fare_DEL-BOM_AI_2026-10-23_T+15_1791433399617_zqk6,DEL-BOM,EaseMyTrip,AI,AI-2933,2026-10-23,T+15,5913,1298,7211,2026-10-08T04:01:05.201Z,FALSE,"",15:30,TRUE
fare_DEL-BOM_AI_2026-10-23_T+15_1791433399617_x8e6,DEL-BOM,EaseMyTrip,AI,AI-1777,2026-10-23,T+15,5913,1298,7211,2026-10-08T04:01:05.201Z,FALSE,"",16:00,TRUE
fare_DEL-BOM_AI_2026-10-23_T+15_1791433399617_vrvz,DEL-BOM,EaseMyTrip,AI,AI-2439,2026-10-23,T+15,5913,1298,7211,2026-10-08T04:01:05.201Z,FALSE,"",22:55,TRUE
fare_DEL-BOM_AI_2026-10-23_T+15_1791433399617_f6yi,DEL-BOM,EaseMyTrip,AI,AI-1780,2026-10-23,T+15,5913,1298,7211,2026-10-08T04:01:05.201Z,FALSE,"",14:30,TRUE
fare_DEL-BOM_AI_2026-10-23_T+15_1791433399617_yhko,DEL-BOM,EaseMyTrip,AI,AI-441,2026-10-23,T+15,5978,1312,7290,2026-10-08T04:01:05.201Z,FALSE,"",17:00,TRUE
fare_DEL-BOM_6E_2026-10-23_T+15_1791433399617_ztir,DEL-BOM,EaseMyTrip,6E,6E-273,2026-10-23,T+15,5915,1298,7213,2026-10-08T04:01:05.201Z,FALSE,"",20:00,TRUE
fare_DEL-BOM_6E_2026-10-23_T+15_1791433399617_b2pg,DEL-BOM,EaseMyTrip,6E,6E-988,2026-10-23,T+15,5915,1298,7213,2026-10-08T04:01:05.201Z,FALSE,"",20:00,TRUE
fare_DEL-BOM_6E_2026-10-23_T+15_1791433399617_8do8,DEL-BOM,EaseMyTrip,6E,6E-921,2026-10-23,T+15,5915,1298,7213,2026-10-08T04:01:05.201Z,FALSE,"",18:00,TRUE
fare_DEL-BOM_6E_2026-10-23_T+15_1791433399617_5ftk,DEL-BOM,EaseMyTrip,6E,6E-621,2026-10-23,T+15,5915,1298,7213,2026-10-08T04:01:05.201Z,FALSE,"",18:00,TRUE
fare_DEL-BOM_6E_2026-10-23_T+15_1791433399617_x0gg,DEL-BOM,EaseMyTrip,6E,6E-665,2026-10-23,T+15,5915,1298,7213,2026-10-08T04:01:05.201Z,FALSE,"",19:00,TRUE
fare_DEL-BOM_6E_2026-10-23_T+15_1791433399617_fkng,DEL-BOM,EaseMyTrip,6E,6E-213,2026-10-23,T+15,5915,1298,7213,2026-10-08T04:01:05.201Z,FALSE,"",19:00,TRUE
fare_DEL-BOM_6E_2026-10-23_T+15_1791433399617_uqx4,DEL-BOM,EaseMyTrip,6E,6E-248,2026-10-23,T+15,5956,1308,7264,2026-10-08T04:01:05.201Z,FALSE,"",20:20,TRUE
fare_DEL-BOM_6E_2026-10-23_T+15_1791433399617_bakw,DEL-BOM,EaseMyTrip,6E,6E-639,2026-10-23,T+15,5956,1308,7264,2026-10-08T04:01:05.201Z,FALSE,"",20:20,TRUE
fare_DEL-BOM_AI_2026-10-23_T+15_1791433399617_owtv,DEL-BOM,EaseMyTrip,AI,AI-2678,2026-10-23,T+15,6128,1345,7473,2026-10-08T04:01:05.201Z,FALSE,"",08:30,TRUE
fare_DEL-BOM_AI_2026-10-23_T+15_1791433399617_rghk,DEL-BOM,EaseMyTrip,AI,AI-2429,2026-10-23,T+15,6128,1345,7473,2026-10-08T04:01:05.201Z,FALSE,"",07:00,TRUE
fare_DEL-BOM_AI_2026-10-23_T+15_1791433399617_dczi,DEL-BOM,EaseMyTrip,AI,AI-2927,2026-10-23,T+15,6128,1345,7473,2026-10-08T04:01:05.201Z,FALSE,"",09:30,TRUE
fare_DEL-BOM_AI_2026-10-23_T+15_1791433399617_33rr,DEL-BOM,EaseMyTrip,AI,AI-2433,2026-10-23,T+15,6281,1379,7660,2026-10-08T04:01:05.201Z,FALSE,"",21:30,TRUE
fare_DEL-BOM_AI_2026-10-23_T+15_1791433399617_8dpp,DEL-BOM,EaseMyTrip,AI,AI-2985,2026-10-23,T+15,6281,1379,7660,2026-10-08T04:01:05.201Z,FALSE,"",19:30,TRUE
fare_DEL-BOM_AI_2026-10-23_T+15_1791433399617_xdc8,DEL-BOM,EaseMyTrip,AI,AI-2805,2026-10-23,T+15,6384,1401,7785,2026-10-08T04:01:05.201Z,FALSE,"",20:00,TRUE
fare_DEL-BOM_AI_2026-10-23_T+15_1791433399617_frmc,DEL-BOM,EaseMyTrip,AI,AI-2957,2026-10-23,T+15,6384,1401,7785,2026-10-08T04:01:05.201Z,FALSE,"",20:30,TRUE
fare_DEL-BOM_AI_2026-10-23_T+15_1791433399617_tw3t,DEL-BOM,EaseMyTrip,AI,AI-2981,2026-10-23,T+15,6435,1412,7847,2026-10-08T04:01:05.201Z,FALSE,"",21:00,TRUE
fare_DEL-BOM_6E_2026-10-23_T+15_1791433399620_yozv,DEL-BOM,EaseMyTrip,6E,6E-5014,2026-10-23,T+15,6301,1383,7684,2026-10-08T04:01:05.201Z,FALSE,"",18:30,FALSE
fare_DEL-BOM_6E_2026-10-23_T+15_1791433399620_hk1a,DEL-BOM,EaseMyTrip,6E,6E-5119,2026-10-23,T+15,6301,1383,7684,2026-10-08T04:01:05.201Z,FALSE,"",05:10,FALSE
fare_DEL-BOM_6E_2026-10-23_T+15_1791433399620_m9wl,DEL-BOM,EaseMyTrip,6E,6E-2076,2026-10-23,T+15,6301,1383,7684,2026-10-08T04:01:05.201Z,FALSE,"",07:30,FALSE
fare_DEL-BOM_6E_2026-10-23_T+15_1791433399620_srch,DEL-BOM,EaseMyTrip,6E,6E-110,2026-10-23,T+15,6301,1383,7684,2026-10-08T04:01:05.201Z,FALSE,"",19:30,FALSE
fare_DEL-BOM_6E_2026-10-23_T+15_1791433399620_31a8,DEL-BOM,EaseMyTrip,6E,6E-230,2026-10-23,T+15,6301,1383,7684,2026-10-08T04:01:05.201Z,FALSE,"",19:30,FALSE
fare_DEL-BOM_6E_2026-10-23_T+15_1791433399620_ri01,DEL-BOM,EaseMyTrip,6E,6E-6261,2026-10-23,T+15,6301,1383,7684,2026-10-08T04:01:05.201Z,FALSE,"",00:15,FALSE
fare_DEL-BOM_6E_2026-10-23_T+15_1791433399620_ynvy,DEL-BOM,EaseMyTrip,6E,6E-5073,2026-10-23,T+15,6301,1383,7684,2026-10-08T04:01:05.201Z,FALSE,"",17:05,FALSE
fare_DEL-BOM_AI_2026-10-23_T+15_1791433399620_rbx4,DEL-BOM,EaseMyTrip,AI,AI-2977,2026-10-23,T+15,6538,1435,7973,2026-10-08T04:01:05.201Z,FALSE,"",19:00,TRUE
fare_DEL-BOM_AI_2026-10-23_T+15_1791433399620_v7f7,DEL-BOM,EaseMyTrip,AI,AI-2955,2026-10-23,T+15,6538,1435,7973,2026-10-08T04:01:05.201Z,FALSE,"",18:00,TRUE
fare_DEL-BOM_6E_2026-10-23_T+15_1791433399620_zci6,DEL-BOM,EaseMyTrip,6E,6E-5198,2026-10-23,T+15,6460,1418,7878,2026-10-08T04:01:05.201Z,FALSE,"",15:00,TRUE
fare_DEL-BOM_6E_2026-10-23_T+15_1791433399620_omln,DEL-BOM,EaseMyTrip,6E,6E-578,2026-10-23,T+15,6489,1425,7914,2026-10-08T04:01:05.201Z,FALSE,"",14:50,FALSE
fare_DEL-BOM_6E_2026-10-23_T+15_1791433399620_2qk9,DEL-BOM,EaseMyTrip,6E,6E-832,2026-10-23,T+15,6489,1425,7914,2026-10-08T04:01:05.201Z,FALSE,"",14:50,FALSE
fare_DEL-BOM_6E_2026-10-23_T+15_1791433399620_dfxc,DEL-BOM,EaseMyTrip,6E,6E-6190,2026-10-23,T+15,6489,1425,7914,2026-10-08T04:01:05.201Z,FALSE,"",07:40,FALSE
fare_DEL-BOM_6E_2026-10-23_T+15_1791433399620_0wzm,DEL-BOM,EaseMyTrip,6E,6E-2169,2026-10-23,T+15,6494,1426,7920,2026-10-08T04:01:05.201Z,FALSE,"",19:20,FALSE
fare_DEL-BOM_6E_2026-10-23_T+15_1791433399620_9o7h,DEL-BOM,EaseMyTrip,6E,6E-2249,2026-10-23,T+15,6494,1426,7920,2026-10-08T04:01:05.201Z,FALSE,"",15:00,FALSE
fare_DEL-BOM_6E_2026-10-23_T+15_1791433399620_q4n7,DEL-BOM,EaseMyTrip,6E,6E-6829,2026-10-23,T+15,6494,1426,7920,2026-10-08T04:01:05.201Z,FALSE,"",17:20,FALSE
fare_DEL-BOM_6E_2026-10-23_T+15_1791433399620_3oqu,DEL-BOM,EaseMyTrip,6E,6E-6443,2026-10-23,T+15,6494,1426,7920,2026-10-08T04:01:05.201Z,FALSE,"",09:00,FALSE
fare_DEL-BOM_6E_2026-10-23_T+15_1791433399620_jfy1,DEL-BOM,EaseMyTrip,6E,6E-5138,2026-10-23,T+15,6494,1426,7920,2026-10-08T04:01:05.201Z,FALSE,"",19:10,FALSE
fare_DEL-BOM_6E_2026-10-23_T+15_1791433399620_kehe,DEL-BOM,EaseMyTrip,6E,6E-6459,2026-10-23,T+15,6494,1426,7920,2026-10-08T04:01:05.201Z,FALSE,"",05:55,FALSE
fare_DEL-BOM_6E_2026-10-23_T+15_1791433399620_5r29,DEL-BOM,EaseMyTrip,6E,6E-6433,2026-10-23,T+15,6494,1426,7920,2026-10-08T04:01:05.201Z,FALSE,"",16:30,FALSE
fare_DEL-BOM_6E_2026-10-23_T+15_1791433399620_umus,DEL-BOM,EaseMyTrip,6E,6E-6479,2026-10-23,T+15,6559,1440,7999,2026-10-08T04:01:05.201Z,FALSE,"",21:25,FALSE
fare_DEL-BOM_6E_2026-10-23_T+15_1791433399620_qtx5,DEL-BOM,EaseMyTrip,6E,6E-5298,2026-10-23,T+15,6559,1440,7999,2026-10-08T04:01:05.201Z,FALSE,"",09:00,FALSE
fare_DEL-BOM_6E_2026-10-23_T+15_1791433399620_iame,DEL-BOM,EaseMyTrip,6E,6E-257,2026-10-23,T+15,6559,1440,7999,2026-10-08T04:01:05.201Z,FALSE,"",16:10,FALSE
fare_DEL-BOM_6E_2026-10-23_T+15_1791433399620_bkji,DEL-BOM,EaseMyTrip,6E,6E-537,2026-10-23,T+15,6559,1440,7999,2026-10-08T04:01:05.201Z,FALSE,"",16:10,FALSE
fare_DEL-BOM_6E_2026-10-23_T+15_1791433399620_0m0d,DEL-BOM,EaseMyTrip,6E,6E-2113,2026-10-23,T+15,6559,1440,7999,2026-10-08T04:01:05.201Z,FALSE,"",13:20,FALSE
fare_DEL-BOM_6E_2026-10-23_T+15_1791433399620_7102,DEL-BOM,EaseMyTrip,6E,6E-6050,2026-10-23,T+15,6559,1440,7999,2026-10-08T04:01:05.201Z,FALSE,"",08:15,FALSE
fare_DEL-BOM_6E_2026-10-23_T+15_1791433399620_cj54,DEL-BOM,EaseMyTrip,6E,6E-5038,2026-10-23,T+15,6559,1440,7999,2026-10-08T04:01:05.201Z,FALSE,"",14:00,FALSE
fare_DEL-BOM_6E_2026-10-23_T+15_1791433399620_55tg,DEL-BOM,EaseMyTrip,6E,6E-6490,2026-10-23,T+15,6683,1467,8150,2026-10-08T04:01:05.201Z,FALSE,"",04:55,FALSE
fare_DEL-BOM_6E_2026-10-23_T+15_1791433399620_5c0v,DEL-BOM,EaseMyTrip,6E,6E-6601,2026-10-23,T+15,6753,1482,8235,2026-10-08T04:01:05.201Z,FALSE,"",19:45,FALSE
fare_DEL-BOM_6E_2026-10-23_T+15_1791433399620_oyoh,DEL-BOM,EaseMyTrip,6E,6E-243,2026-10-23,T+15,6753,1482,8235,2026-10-08T04:01:05.201Z,FALSE,"",23:15,FALSE
fare_DEL-BOM_6E_2026-10-23_T+15_1791433399620_5si0,DEL-BOM,EaseMyTrip,6E,6E-627,2026-10-23,T+15,6753,1482,8235,2026-10-08T04:01:05.201Z,FALSE,"",23:15,FALSE
fare_DEL-BOM_6E_2026-10-23_T+15_1791433399620_js0q,DEL-BOM,EaseMyTrip,6E,6E-6026,2026-10-23,T+15,6753,1482,8235,2026-10-08T04:01:05.201Z,FALSE,"",05:30,FALSE
fare_DEL-BOM_6E_2026-10-23_T+15_1791433399620_q87x,DEL-BOM,EaseMyTrip,6E,6E-961,2026-10-23,T+15,6753,1482,8235,2026-10-08T04:01:05.201Z,FALSE,"",02:25,FALSE
fare_DEL-BOM_6E_2026-10-23_T+15_1791433399620_qbhw,DEL-BOM,EaseMyTrip,6E,6E-153,2026-10-23,T+15,6753,1482,8235,2026-10-08T04:01:05.201Z,FALSE,"",02:25,FALSE
fare_DEL-BOM_6E_2026-10-23_T+15_1791433399620_h2ws,DEL-BOM,EaseMyTrip,6E,6E-858,2026-10-23,T+15,6753,1482,8235,2026-10-08T04:01:05.201Z,FALSE,"",17:55,FALSE
fare_DEL-BOM_6E_2026-10-23_T+15_1791433399620_a8i8,DEL-BOM,EaseMyTrip,6E,6E-673,2026-10-23,T+15,6753,1482,8235,2026-10-08T04:01:05.201Z,FALSE,"",17:55,FALSE
fare_DEL-BOM_6E_2026-10-23_T+15_1791433399620_56rm,DEL-BOM,EaseMyTrip,6E,6E-2013,2026-10-23,T+15,6787,1490,8277,2026-10-08T04:01:05.201Z,FALSE,"",21:50,FALSE
fare_DEL-BOM_6E_2026-10-23_T+15_1791433399620_krz9,DEL-BOM,EaseMyTrip,6E,6E-6983,2026-10-23,T+15,6787,1490,8277,2026-10-08T04:01:05.201Z,FALSE,"",15:35,FALSE
fare_DEL-BOM_6E_2026-10-23_T+15_1791433399620_wvfz,DEL-BOM,EaseMyTrip,6E,6E-2341,2026-10-23,T+15,6976,1531,8507,2026-10-08T04:01:05.201Z,FALSE,"",14:50,FALSE
fare_DEL-BOM_6E_2026-10-23_T+15_1791433399620_r835,DEL-BOM,EaseMyTrip,6E,6E-2331,2026-10-23,T+15,6976,1531,8507,2026-10-08T04:01:05.201Z,FALSE,"",12:20,FALSE
fare_DEL-BOM_6E_2026-10-23_T+15_1791433399620_etv3,DEL-BOM,EaseMyTrip,6E,6E-994,2026-10-23,T+15,6976,1531,8507,2026-10-08T04:01:05.201Z,FALSE,"",10:00,FALSE
fare_DEL-BOM_6E_2026-10-23_T+15_1791433399620_pyne,DEL-BOM,EaseMyTrip,6E,6E-871,2026-10-23,T+15,6976,1531,8507,2026-10-08T04:01:05.201Z,FALSE,"",10:00,FALSE
fare_DEL-BOM_6E_2026-10-23_T+15_1791433399620_aruj,DEL-BOM,EaseMyTrip,6E,6E-7646,2026-10-23,T+15,7080,1554,8634,2026-10-08T04:01:05.201Z,FALSE,"",06:15,FALSE
fare_DEL-BOM_6E_2026-10-23_T+15_1791433399620_jzr0,DEL-BOM,EaseMyTrip,6E,6E-7642,2026-10-23,T+15,7136,1567,8703,2026-10-08T04:01:05.201Z,FALSE,"",15:45,FALSE
fare_DEL-BOM_6E_2026-10-23_T+15_1791433399620_6bvb,DEL-BOM,EaseMyTrip,6E,6E-2349,2026-10-23,T+15,7455,1637,9092,2026-10-08T04:01:05.201Z,FALSE,"",10:55,FALSE
fare_DEL-BOM_6E_2026-10-23_T+15_1791433399620_xtah,DEL-BOM,EaseMyTrip,6E,6E-7653,2026-10-23,T+15,7519,1651,9170,2026-10-08T04:01:05.201Z,FALSE,"",17:20,FALSE
fare_DEL-BOM_AI_2026-10-23_T+15_1791433399620_huhi,DEL-BOM,EaseMyTrip,AI,AI-1717,2026-10-23,T+15,7852,1724,9576,2026-10-08T04:01:05.201Z,FALSE,"",14:20,FALSE
fare_DEL-BOM_6E_2026-10-23_T+15_1791433399620_vo3k,DEL-BOM,EaseMyTrip,6E,6E-262,2026-10-23,T+15,7723,1695,9418,2026-10-08T04:01:05.201Z,FALSE,"",08:45,TRUE
fare_DEL-BOM_6E_2026-10-23_T+15_1791433399620_z0s6,DEL-BOM,EaseMyTrip,6E,6E-157,2026-10-23,T+15,7723,1695,9418,2026-10-08T04:01:05.201Z,FALSE,"",08:45,TRUE
fare_DEL-BOM_6E_2026-10-23_T+15_1791433399620_rizk,DEL-BOM,EaseMyTrip,6E,6E-6282,2026-10-23,T+15,7774,1707,9481,2026-10-08T04:01:05.201Z,FALSE,"",13:30,FALSE
fare_DEL-BOM_6E_2026-10-23_T+15_1791433399620_uj6l,DEL-BOM,EaseMyTrip,6E,6E-2571,2026-10-23,T+15,7793,1711,9504,2026-10-08T04:01:05.201Z,FALSE,"",10:30,FALSE
fare_DEL-BOM_AI_2026-10-23_T+15_1791433399620_l6o4,DEL-BOM,EaseMyTrip,AI,AI-9447,2026-10-23,T+15,8266,1814,10080,2026-10-08T04:01:05.201Z,FALSE,"",23:25,FALSE
fare_DEL-BOM_AI_2026-10-23_T+15_1791433399620_im7y,DEL-BOM,EaseMyTrip,AI,AI-2569,2026-10-23,T+15,8500,1866,10366,2026-10-08T04:01:05.201Z,FALSE,"",20:25,FALSE
fare_DEL-BOM_AI_2026-10-23_T+15_1791433399620_i003,DEL-BOM,EaseMyTrip,AI,AI-1710,2026-10-23,T+15,8500,1866,10366,2026-10-08T04:01:05.201Z,FALSE,"",18:35,FALSE
fare_DEL-BOM_AI_2026-10-23_T+15_1791433399620_fk70,DEL-BOM,EaseMyTrip,AI,AI-2499,2026-10-23,T+15,8595,1887,10482,2026-10-08T04:01:05.201Z,FALSE,"",06:00,FALSE
fare_DEL-BOM_AI_2026-10-23_T+15_1791433399620_mdr3,DEL-BOM,EaseMyTrip,AI,AI-9759,2026-10-23,T+15,8610,1890,10500,2026-10-08T04:01:05.201Z,FALSE,"",06:00,FALSE
fare_DEL-BOM_6E_2026-10-23_T+15_1791433399620_sa5b,DEL-BOM,EaseMyTrip,6E,6E-6171,2026-10-23,T+15,8556,1878,10434,2026-10-08T04:01:05.201Z,FALSE,"",05:40,FALSE
fare_DEL-BOM_IX_2026-10-23_T+15_1791433399620_1sz0,DEL-BOM,EaseMyTrip,IX,IX-1817,2026-10-23,T+15,8786,1929,10715,2026-10-08T04:01:05.201Z,FALSE,"",19:30,FALSE
fare_DEL-BOM_IX_2026-10-23_T+15_1791433399620_2ua2,DEL-BOM,EaseMyTrip,IX,IX-1049,2026-10-23,T+15,9131,2004,11135,2026-10-08T04:01:05.201Z,FALSE,"",18:40,FALSE
fare_DEL-BOM_IX_2026-10-23_T+15_1791433399620_ivct,DEL-BOM,EaseMyTrip,IX,IX-1782,2026-10-23,T+15,9783,2147,11930,2026-10-08T04:01:05.201Z,FALSE,"",09:35,FALSE
fare_DEL-BOM_6E_2026-10-23_T+15_1791433399620_6ij0,DEL-BOM,EaseMyTrip,6E,6E-6212,2026-10-23,T+15,9719,2133,11852,2026-10-08T04:01:05.201Z,FALSE,"",14:45,FALSE
fare_DEL-BOM_6E_2026-10-23_T+15_1791433399620_34dg,DEL-BOM,EaseMyTrip,6E,6E-464,2026-10-23,T+15,9740,2138,11878,2026-10-08T04:01:05.201Z,FALSE,"",12:10,FALSE
fare_DEL-BOM_6E_2026-10-23_T+15_1791433399620_7zcu,DEL-BOM,EaseMyTrip,6E,6E-835,2026-10-23,T+15,9740,2138,11878,2026-10-08T04:01:05.201Z,FALSE,"",12:10,FALSE
fare_DEL-BOM_IX_2026-10-23_T+15_1791433399620_51cq,DEL-BOM,EaseMyTrip,IX,IX-1064,2026-10-23,T+15,11012,2417,13429,2026-10-08T04:01:05.201Z,FALSE,"",19:10,FALSE
fare_DEL-BOM_IX_2026-10-23_T+15_1791433399620_g36m,DEL-BOM,EaseMyTrip,IX,IX-1082,2026-10-23,T+15,11282,2477,13759,2026-10-08T04:01:05.201Z,FALSE,"",21:25,FALSE
fare_DEL-BOM_AI_2026-10-23_T+15_1791433399620_o23y,DEL-BOM,EaseMyTrip,AI,AI-2715,2026-10-23,T+15,12035,2642,14677,2026-10-08T04:01:05.201Z,FALSE,"",11:40,FALSE
fare_DEL-BOM_6E_2026-10-23_T+15_1791433399620_4uld,DEL-BOM,EaseMyTrip,6E,6E-2381,2026-10-23,T+15,12102,2657,14759,2026-10-08T04:01:05.201Z,FALSE,"",13:45,FALSE
fare_DEL-BOM_AI_2026-10-23_T+15_1791433399620_oo55,DEL-BOM,EaseMyTrip,AI,AI-809,2026-10-23,T+15,12330,2706,15036,2026-10-08T04:01:05.201Z,FALSE,"",17:40,FALSE
fare_DEL-BOM_6E_2026-10-23_T+15_1791433399620_fve1,DEL-BOM,EaseMyTrip,6E,6E-667,2026-10-23,T+15,12322,2705,15027,2026-10-08T04:01:05.201Z,FALSE,"",19:30,FALSE
fare_DEL-BOM_6E_2026-10-23_T+15_1791433399620_39yp,DEL-BOM,EaseMyTrip,6E,6E-938,2026-10-23,T+15,12322,2705,15027,2026-10-08T04:01:05.201Z,FALSE,"",19:30,FALSE
fare_DEL-BOM_IX_2026-10-23_T+15_1791433399620_9yxu,DEL-BOM,EaseMyTrip,IX,IX-1273,2026-10-23,T+15,12946,2842,15788,2026-10-08T04:01:05.201Z,TRUE,"High outlier: ₹15788 > upper fence ₹15169 (Q3: ₹10295, IQR: ₹3249)",12:05,FALSE
fare_DEL-BOM_AI_2026-10-23_T+15_1791433399620_huty,DEL-BOM,EaseMyTrip,AI,AI-1773,2026-10-23,T+15,12977,2848,15825,2026-10-08T04:01:05.201Z,TRUE,"High outlier: ₹15825 > upper fence ₹15169 (Q3: ₹10295, IQR: ₹3249)",10:30,FALSE
fare_DEL-BOM_AI_2026-10-23_T+15_1791433399620_z4zz,DEL-BOM,EaseMyTrip,AI,AI-1703,2026-10-23,T+15,12977,2848,15825,2026-10-08T04:01:05.201Z,TRUE,"High outlier: ₹15825 > upper fence ₹15169 (Q3: ₹10295, IQR: ₹3249)",05:10,FALSE
fare_DEL-BOM_AI_2026-10-23_T+15_1791433399620_2bw4,DEL-BOM,EaseMyTrip,AI,AI-2761,2026-10-23,T+15,13250,2909,16159,2026-10-08T04:01:05.201Z,TRUE,"High outlier: ₹16159 > upper fence ₹15169 (Q3: ₹10295, IQR: ₹3249)",16:25,FALSE
fare_DEL-BOM_IX_2026-10-23_T+15_1791433399620_ac5x,DEL-BOM,EaseMyTrip,IX,IX-1081,2026-10-23,T+15,13282,2916,16198,2026-10-08T04:01:05.201Z,TRUE,"High outlier: ₹16198 > upper fence ₹15169 (Q3: ₹10295, IQR: ₹3249)",15:25,FALSE
fare_DEL-BOM_AI_2026-10-23_T+15_1791433399620_9jup,DEL-BOM,EaseMyTrip,AI,AI-2907,2026-10-23,T+15,13865,3043,16908,2026-10-08T04:01:05.201Z,TRUE,"High outlier: ₹16908 > upper fence ₹15169 (Q3: ₹10295, IQR: ₹3249)",12:00,FALSE
fare_DEL-BOM_IX_2026-10-23_T+15_1791433399620_armx,DEL-BOM,EaseMyTrip,IX,IX-1076,2026-10-23,T+15,14153,3107,17260,2026-10-08T04:01:05.201Z,TRUE,"High outlier: ₹17260 > upper fence ₹15169 (Q3: ₹10295, IQR: ₹3249)",09:00,FALSE
fare_DEL-BOM_IX_2026-10-23_T+15_1791433399620_k4kh,DEL-BOM,EaseMyTrip,IX,IX-1067,2026-10-23,T+15,14153,3107,17260,2026-10-08T04:01:05.201Z,TRUE,"High outlier: ₹17260 > upper fence ₹15169 (Q3: ₹10295, IQR: ₹3249)",06:10,FALSE
fare_DEL-BOM_AI_2026-10-23_T+15_1791433399620_siwe,DEL-BOM,EaseMyTrip,AI,AI-1743,2026-10-23,T+15,14680,3223,17903,2026-10-08T04:01:05.201Z,TRUE,"High outlier: ₹17903 > upper fence ₹15169 (Q3: ₹10295, IQR: ₹3249)",06:20,FALSE
fare_DEL-BOM_AI_2026-10-23_T+15_1791433399620_xm5s,DEL-BOM,EaseMyTrip,AI,AI-2601,2026-10-23,T+15,14680,3223,17903,2026-10-08T04:01:05.201Z,TRUE,"High outlier: ₹17903 > upper fence ₹15169 (Q3: ₹10295, IQR: ₹3249)",17:00,FALSE
fare_DEL-BOM_IX_2026-10-23_T+15_1791433399620_vmws,DEL-BOM,EaseMyTrip,IX,IX-1108,2026-10-23,T+15,14954,3282,18236,2026-10-08T04:01:05.201Z,TRUE,"High outlier: ₹18236 > upper fence ₹15169 (Q3: ₹10295, IQR: ₹3249)",05:00,FALSE
fare_DEL-BOM_AI_2026-10-23_T+15_1791433399620_5jvg,DEL-BOM,EaseMyTrip,AI,AI-2509,2026-10-23,T+15,15182,3333,18515,2026-10-08T04:01:05.201Z,TRUE,"High outlier: ₹18515 > upper fence ₹15169 (Q3: ₹10295, IQR: ₹3249)",06:55,FALSE
fare_DEL-BOM_AI_2026-10-23_T+15_1791433399620_71rz,DEL-BOM,EaseMyTrip,AI,AI-1779,2026-10-23,T+15,15389,3378,18767,2026-10-08T04:01:05.201Z,TRUE,"High outlier: ₹18767 > upper fence ₹15169 (Q3: ₹10295, IQR: ₹3249)",13:50,FALSE
fare_DEL-BOM_AI_2026-10-23_T+15_1791433399620_beld,DEL-BOM,EaseMyTrip,AI,AI-2577,2026-10-23,T+15,15860,3482,19342,2026-10-08T04:01:05.201Z,TRUE,"High outlier: ₹19342 > upper fence ₹15169 (Q3: ₹10295, IQR: ₹3249)",02:00,FALSE
fare_DEL-BOM_AI_2026-10-23_T+15_1791433399620_tzhw,DEL-BOM,EaseMyTrip,AI,AI-9584,2026-10-23,T+15,15922,3495,19417,2026-10-08T04:01:05.201Z,TRUE,"High outlier: ₹19417 > upper fence ₹15169 (Q3: ₹10295, IQR: ₹3249)",11:15,FALSE
fare_DEL-BOM_IX_2026-10-23_T+15_1791433399620_rwbd,DEL-BOM,EaseMyTrip,IX,IX-1812,2026-10-23,T+15,15972,3506,19478,2026-10-08T04:01:05.201Z,TRUE,"High outlier: ₹19478 > upper fence ₹15169 (Q3: ₹10295, IQR: ₹3249)",11:15,FALSE
fare_DEL-BOM_AI_2026-10-23_T+15_1791433399620_0pqw,DEL-BOM,EaseMyTrip,AI,AI-2859,2026-10-23,T+15,16146,3544,19690,2026-10-08T04:01:05.201Z,TRUE,"High outlier: ₹19690 > upper fence ₹15169 (Q3: ₹10295, IQR: ₹3249)",10:30,FALSE
fare_DEL-BOM_AI_2026-10-23_T+15_1791433399620_d6ih,DEL-BOM,EaseMyTrip,AI,AI-2465,2026-10-23,T+15,16206,3558,19764,2026-10-08T04:01:05.201Z,TRUE,"High outlier: ₹19764 > upper fence ₹15169 (Q3: ₹10295, IQR: ₹3249)",14:30,FALSE
fare_DEL-BOM_IX_2026-10-23_T+15_1791433399620_91kj,DEL-BOM,EaseMyTrip,IX,IX-1811,2026-10-23,T+15,16644,3654,20298,2026-10-08T04:01:05.201Z,TRUE,"High outlier: ₹20298 > upper fence ₹15169 (Q3: ₹10295, IQR: ₹3249)",06:50,FALSE
fare_DEL-BOM_IX_2026-10-23_T+15_1791433399620_rjhs,DEL-BOM,EaseMyTrip,IX,IX-1783,2026-10-23,T+15,16890,3708,20598,2026-10-08T04:01:05.201Z,TRUE,"High outlier: ₹20598 > upper fence ₹15169 (Q3: ₹10295, IQR: ₹3249)",07:20,FALSE
fare_DEL-BOM_IX_2026-10-23_T+15_1791433399620_8bmb,DEL-BOM,EaseMyTrip,IX,IX-1057,2026-10-23,T+15,16890,3708,20598,2026-10-08T04:01:05.201Z,TRUE,"High outlier: ₹20598 > upper fence ₹15169 (Q3: ₹10295, IQR: ₹3249)",06:20,FALSE
fare_DEL-BOM_IX_2026-10-23_T+15_1791433399620_ozz5,DEL-BOM,EaseMyTrip,IX,IX-1068,2026-10-23,T+15,17966,3944,21910,2026-10-08T04:01:05.201Z,TRUE,"High outlier: ₹21910 > upper fence ₹15169 (Q3: ₹10295, IQR: ₹3249)",11:55,FALSE
fare_DEL-BOM_IX_2026-10-23_T+15_1791433399620_kvx4,DEL-BOM,EaseMyTrip,IX,IX-1815,2026-10-23,T+15,18943,4158,23101,2026-10-08T04:01:05.201Z,TRUE,"High outlier: ₹23101 > upper fence ₹15169 (Q3: ₹10295, IQR: ₹3249)",19:05,FALSE
fare_DEL-BOM_IX_2026-10-23_T+15_1791433399620_sabi,DEL-BOM,EaseMyTrip,IX,IX-1059,2026-10-23,T+15,24704,5423,30127,2026-10-08T04:01:05.201Z,TRUE,"High outlier: ₹30127 > upper fence ₹15169 (Q3: ₹10295, IQR: ₹3249)",14:10,FALSE
fare_DEL-BOM_IX_2026-10-09_T+1_1791433399621_ef78,DEL-BOM,EaseMyTrip,IX,IX-1165,2026-10-09,T+1,5354,1175,6529,2026-10-08T04:00:51.750Z,FALSE,"",06:00,FALSE
fare_DEL-BOM_IX_2026-10-09_T+1_1791433399621_6wqr,DEL-BOM,EaseMyTrip,IX,IX-1392,2026-10-09,T+1,5354,1175,6529,2026-10-08T04:00:51.750Z,FALSE,"",23:25,FALSE
fare_DEL-BOM_QP_2026-10-09_T+1_1791433399621_i9lq,DEL-BOM,EaseMyTrip,QP,QP-1833,2026-10-09,T+1,5419,1190,6609,2026-10-08T04:00:51.750Z,FALSE,"",06:50,TRUE
fare_DEL-BOM_QP_2026-10-09_T+1_1791433399621_orfg,DEL-BOM,EaseMyTrip,QP,QP-1119,2026-10-09,T+1,5419,1190,6609,2026-10-08T04:00:51.750Z,FALSE,"",08:40,TRUE
fare_DEL-BOM_6E_2026-10-09_T+1_1791433399621_uydm,DEL-BOM,EaseMyTrip,6E,6E-5096,2026-10-09,T+1,5541,1216,6757,2026-10-08T04:00:51.750Z,FALSE,"",17:00,TRUE
fare_DEL-BOM_SG_2026-10-09_T+1_1791433399621_p0vr,DEL-BOM,EaseMyTrip,SG,SG-2802,2026-10-09,T+1,5852,1285,7137,2026-10-08T04:00:51.750Z,FALSE,"",22:30,TRUE
fare_DEL-BOM_6E_2026-10-09_T+1_1791433399621_p6z7,DEL-BOM,EaseMyTrip,6E,6E-764,2026-10-09,T+1,5613,1232,6845,2026-10-08T04:00:51.750Z,FALSE,"",15:30,TRUE
fare_DEL-BOM_6E_2026-10-09_T+1_1791433399621_mnir,DEL-BOM,EaseMyTrip,6E,6E-591,2026-10-09,T+1,5613,1232,6845,2026-10-08T04:00:51.750Z,FALSE,"",15:30,TRUE
fare_DEL-BOM_6E_2026-10-09_T+1_1791433399621_as1h,DEL-BOM,EaseMyTrip,6E,6E-717,2026-10-09,T+1,5613,1232,6845,2026-10-08T04:00:51.750Z,FALSE,"",05:00,TRUE
fare_DEL-BOM_6E_2026-10-09_T+1_1791433399621_lsnk,DEL-BOM,EaseMyTrip,6E,6E-174,2026-10-09,T+1,5613,1232,6845,2026-10-08T04:00:51.750Z,FALSE,"",05:00,TRUE
fare_DEL-BOM_6E_2026-10-09_T+1_1791433399621_b2po,DEL-BOM,EaseMyTrip,6E,6E-6814,2026-10-09,T+1,5613,1232,6845,2026-10-08T04:00:51.750Z,FALSE,"",07:15,TRUE
fare_DEL-BOM_6E_2026-10-09_T+1_1791433399621_zp3u,DEL-BOM,EaseMyTrip,6E,6E-949,2026-10-09,T+1,5613,1232,6845,2026-10-08T04:00:51.750Z,FALSE,"",08:45,TRUE
fare_DEL-BOM_6E_2026-10-09_T+1_1791433399621_d1ur,DEL-BOM,EaseMyTrip,6E,6E-602,2026-10-09,T+1,5613,1232,6845,2026-10-08T04:00:51.750Z,FALSE,"",08:45,TRUE
fare_DEL-BOM_6E_2026-10-09_T+1_1791433399621_besp,DEL-BOM,EaseMyTrip,6E,6E-910,2026-10-09,T+1,5613,1232,6845,2026-10-08T04:00:51.750Z,FALSE,"",03:00,TRUE
fare_DEL-BOM_6E_2026-10-09_T+1_1791433399621_89h2,DEL-BOM,EaseMyTrip,6E,6E-269,2026-10-09,T+1,5613,1232,6845,2026-10-08T04:00:51.750Z,FALSE,"",03:00,TRUE
fare_DEL-BOM_6E_2026-10-09_T+1_1791433399621_pm1g,DEL-BOM,EaseMyTrip,6E,6E-6218,2026-10-09,T+1,5613,1232,6845,2026-10-08T04:00:51.750Z,FALSE,"",06:00,TRUE
fare_DEL-BOM_6E_2026-10-09_T+1_1791433399621_e1pr,DEL-BOM,EaseMyTrip,6E,6E-326,2026-10-09,T+1,5613,1232,6845,2026-10-08T04:00:51.750Z,FALSE,"",08:00,TRUE
fare_DEL-BOM_6E_2026-10-09_T+1_1791433399621_0lvz,DEL-BOM,EaseMyTrip,6E,6E-402,2026-10-09,T+1,5613,1232,6845,2026-10-08T04:00:51.750Z,FALSE,"",08:00,TRUE
fare_DEL-BOM_6E_2026-10-09_T+1_1791433399621_np6g,DEL-BOM,EaseMyTrip,6E,6E-6328,2026-10-09,T+1,5613,1232,6845,2026-10-08T04:00:51.750Z,FALSE,"",10:15,TRUE
fare_DEL-BOM_6E_2026-10-09_T+1_1791433399621_e8dj,DEL-BOM,EaseMyTrip,6E,6E-6107,2026-10-09,T+1,5613,1232,6845,2026-10-08T04:00:51.750Z,FALSE,"",09:30,TRUE
fare_DEL-BOM_QP_2026-10-09_T+1_1791433399621_hg67,DEL-BOM,EaseMyTrip,QP,QP-1110,2026-10-09,T+1,5618,1233,6851,2026-10-08T04:00:51.750Z,FALSE,"",10:00,TRUE
fare_DEL-BOM_AI_2026-10-09_T+1_1791433399621_th6j,DEL-BOM,EaseMyTrip,AI,AI-1745,2026-10-09,T+1,5831,1280,7111,2026-10-08T04:00:51.750Z,FALSE,"",05:00,TRUE
fare_DEL-BOM_6E_2026-10-09_T+1_1791433399621_vo3p,DEL-BOM,EaseMyTrip,6E,6E-5198,2026-10-09,T+1,5685,1248,6933,2026-10-08T04:00:51.750Z,FALSE,"",15:00,TRUE
fare_DEL-BOM_6E_2026-10-09_T+1_1791433399621_msn8,DEL-BOM,EaseMyTrip,6E,6E-6318,2026-10-09,T+1,5742,1261,7003,2026-10-08T04:00:51.750Z,FALSE,"",14:45,TRUE
fare_DEL-BOM_6E_2026-10-09_T+1_1791433399621_8rl6,DEL-BOM,EaseMyTrip,6E,6E-6047,2026-10-09,T+1,5742,1261,7003,2026-10-08T04:00:51.750Z,FALSE,"",11:00,TRUE
fare_DEL-BOM_6E_2026-10-09_T+1_1791433399621_n3q9,DEL-BOM,EaseMyTrip,6E,6E-6022,2026-10-09,T+1,5742,1261,7003,2026-10-08T04:00:51.750Z,FALSE,"",14:00,TRUE
fare_DEL-BOM_AI_2026-10-09_T+1_1791433399621_gk7i,DEL-BOM,EaseMyTrip,AI,AI-2678,2026-10-09,T+1,5913,1298,7211,2026-10-08T04:00:51.750Z,FALSE,"",08:30,TRUE
fare_DEL-BOM_AI_2026-10-09_T+1_1791433399621_a4y2,DEL-BOM,EaseMyTrip,AI,AI-2975,2026-10-09,T+1,5913,1298,7211,2026-10-08T04:00:51.750Z,FALSE,"",06:30,TRUE
fare_DEL-BOM_AI_2026-10-09_T+1_1791433399621_7tgl,DEL-BOM,EaseMyTrip,AI,AI-2425,2026-10-09,T+1,5913,1298,7211,2026-10-08T04:00:51.750Z,FALSE,"",10:30,TRUE
fare_DEL-BOM_AI_2026-10-09_T+1_1791433399621_7s7i,DEL-BOM,EaseMyTrip,AI,AI-2951,2026-10-09,T+1,5913,1298,7211,2026-10-08T04:00:51.750Z,FALSE,"",13:30,TRUE
fare_DEL-BOM_AI_2026-10-09_T+1_1791433399621_0cbt,DEL-BOM,EaseMyTrip,AI,AI-2943,2026-10-09,T+1,5913,1298,7211,2026-10-08T04:00:51.750Z,FALSE,"",07:30,TRUE
fare_DEL-BOM_AI_2026-10-09_T+1_1791433399621_3x9g,DEL-BOM,EaseMyTrip,AI,AI-2995,2026-10-09,T+1,5913,1298,7211,2026-10-08T04:00:51.750Z,FALSE,"",10:00,TRUE
fare_DEL-BOM_AI_2026-10-09_T+1_1791433399621_qiz1,DEL-BOM,EaseMyTrip,AI,AI-2945,2026-10-09,T+1,5913,1298,7211,2026-10-08T04:00:51.750Z,FALSE,"",11:00,TRUE
fare_DEL-BOM_AI_2026-10-09_T+1_1791433399621_u7i6,DEL-BOM,EaseMyTrip,AI,AI-2441,2026-10-09,T+1,5913,1298,7211,2026-10-08T04:00:51.750Z,FALSE,"",14:10,TRUE
fare_DEL-BOM_AI_2026-10-09_T+1_1791433399621_otu6,DEL-BOM,EaseMyTrip,AI,AI-2933,2026-10-09,T+1,5913,1298,7211,2026-10-08T04:00:51.750Z,FALSE,"",15:30,TRUE
fare_DEL-BOM_AI_2026-10-09_T+1_1791433399621_jinn,DEL-BOM,EaseMyTrip,AI,AI-1777,2026-10-09,T+1,5913,1298,7211,2026-10-08T04:00:51.750Z,FALSE,"",16:00,TRUE
fare_DEL-BOM_6E_2026-10-09_T+1_1791433399621_83w6,DEL-BOM,EaseMyTrip,6E,6E-6676,2026-10-09,T+1,5915,1298,7213,2026-10-08T04:00:51.750Z,FALSE,"",12:00,TRUE
fare_DEL-BOM_AI_2026-10-09_T+1_1791433399621_6nj6,DEL-BOM,EaseMyTrip,AI,AI-1785,2026-10-09,T+1,6128,1345,7473,2026-10-08T04:00:51.750Z,FALSE,"",12:00,TRUE
fare_DEL-BOM_AI_2026-10-09_T+1_1791433399621_ttzv,DEL-BOM,EaseMyTrip,AI,AI-2927,2026-10-09,T+1,6128,1345,7473,2026-10-08T04:00:51.750Z,FALSE,"",09:30,TRUE
fare_DEL-BOM_AI_2026-10-09_T+1_1791433399621_ryny,DEL-BOM,EaseMyTrip,AI,AI-1780,2026-10-09,T+1,6128,1345,7473,2026-10-08T04:00:51.750Z,FALSE,"",14:30,TRUE
fare_DEL-BOM_IX_2026-10-09_T+1_1791433399621_0h04,DEL-BOM,EaseMyTrip,IX,IX-1082,2026-10-09,T+1,6339,1391,7730,2026-10-08T04:00:51.750Z,FALSE,"",21:25,FALSE
fare_DEL-BOM_IX_2026-10-09_T+1_1791433399621_4q5r,DEL-BOM,EaseMyTrip,IX,IX-1108,2026-10-09,T+1,6339,1391,7730,2026-10-08T04:00:51.750Z,FALSE,"",05:00,FALSE
fare_DEL-BOM_IX_2026-10-09_T+1_1791433399621_380p,DEL-BOM,EaseMyTrip,IX,IX-1817,2026-10-09,T+1,6339,1391,7730,2026-10-08T04:00:51.750Z,FALSE,"",19:30,FALSE
fare_DEL-BOM_IX_2026-10-09_T+1_1791433399621_1atf,DEL-BOM,EaseMyTrip,IX,IX-1049,2026-10-09,T+1,6339,1391,7730,2026-10-08T04:00:51.750Z,FALSE,"",18:40,FALSE
fare_DEL-BOM_6E_2026-10-09_T+1_1791433399621_5nx2,DEL-BOM,EaseMyTrip,6E,6E-123,2026-10-09,T+1,6130,1345,7475,2026-10-08T04:00:51.750Z,FALSE,"",13:00,TRUE
fare_DEL-BOM_6E_2026-10-09_T+1_1791433399621_071y,DEL-BOM,EaseMyTrip,6E,6E-166,2026-10-09,T+1,6130,1345,7475,2026-10-08T04:00:51.750Z,FALSE,"",13:00,TRUE
fare_DEL-BOM_QP_2026-10-09_T+1_1791433399621_owlt,DEL-BOM,EaseMyTrip,QP,QP-1128,2026-10-09,T+1,6151,1350,7501,2026-10-08T04:00:51.750Z,FALSE,"",16:00,TRUE
fare_DEL-BOM_AI_2026-10-09_T+1_1791433399621_pnc0,DEL-BOM,EaseMyTrip,AI,AI-441,2026-10-09,T+1,6386,1402,7788,2026-10-08T04:00:51.750Z,FALSE,"",17:00,TRUE
fare_DEL-BOM_6E_2026-10-09_T+1_1791433399621_021e,DEL-BOM,EaseMyTrip,6E,6E-5119,2026-10-09,T+1,6301,1383,7684,2026-10-08T04:00:51.750Z,FALSE,"",05:10,FALSE
fare_DEL-BOM_6E_2026-10-09_T+1_1791433399621_7ivl,DEL-BOM,EaseMyTrip,6E,6E-6171,2026-10-09,T+1,6301,1383,7684,2026-10-08T04:00:51.750Z,FALSE,"",05:40,FALSE
fare_DEL-BOM_6E_2026-10-09_T+1_1791433399621_9cfd,DEL-BOM,EaseMyTrip,6E,6E-6983,2026-10-09,T+1,6301,1383,7684,2026-10-08T04:00:51.750Z,FALSE,"",15:35,FALSE
fare_DEL-BOM_6E_2026-10-09_T+1_1791433399621_jyil,DEL-BOM,EaseMyTrip,6E,6E-6261,2026-10-09,T+1,6301,1383,7684,2026-10-08T04:00:51.750Z,FALSE,"",00:15,FALSE
fare_DEL-BOM_6E_2026-10-09_T+1_1791433399621_cj1y,DEL-BOM,EaseMyTrip,6E,6E-126,2026-10-09,T+1,6388,1402,7790,2026-10-08T04:00:51.750Z,FALSE,"",23:30,TRUE
fare_DEL-BOM_6E_2026-10-09_T+1_1791433399621_b1ep,DEL-BOM,EaseMyTrip,6E,6E-107,2026-10-09,T+1,6388,1402,7790,2026-10-08T04:00:51.750Z,FALSE,"",23:30,TRUE
fare_DEL-BOM_6E_2026-10-09_T+1_1791433399621_bjrz,DEL-BOM,EaseMyTrip,6E,6E-296,2026-10-09,T+1,6388,1402,7790,2026-10-08T04:00:51.750Z,FALSE,"",16:15,TRUE
fare_DEL-BOM_6E_2026-10-09_T+1_1791433399621_y5i8,DEL-BOM,EaseMyTrip,6E,6E-886,2026-10-09,T+1,6388,1402,7790,2026-10-08T04:00:51.750Z,FALSE,"",16:15,TRUE
fare_DEL-BOM_IX_2026-10-09_T+1_1791433399621_u5xj,DEL-BOM,EaseMyTrip,IX,IX-1081,2026-10-09,T+1,6658,1462,8120,2026-10-08T04:00:51.750Z,FALSE,"",15:25,FALSE
fare_DEL-BOM_IX_2026-10-09_T+1_1791433399621_zo61,DEL-BOM,EaseMyTrip,IX,IX-1273,2026-10-09,T+1,6658,1462,8120,2026-10-08T04:00:51.750Z,FALSE,"",12:05,FALSE
fare_DEL-BOM_IX_2026-10-09_T+1_1791433399621_hsfg,DEL-BOM,EaseMyTrip,IX,IX-1076,2026-10-09,T+1,6658,1462,8120,2026-10-08T04:00:51.750Z,FALSE,"",09:00,FALSE
fare_DEL-BOM_IX_2026-10-09_T+1_1791433399621_qyhf,DEL-BOM,EaseMyTrip,IX,IX-1067,2026-10-09,T+1,6658,1462,8120,2026-10-08T04:00:51.750Z,FALSE,"",06:10,FALSE
fare_DEL-BOM_6E_2026-10-09_T+1_1791433399621_51k2,DEL-BOM,EaseMyTrip,6E,6E-6470,2026-10-09,T+1,6430,1412,7842,2026-10-08T04:00:51.750Z,FALSE,"",06:55,TRUE
fare_DEL-BOM_6E_2026-10-09_T+1_1791433399621_qtkr,DEL-BOM,EaseMyTrip,6E,6E-196,2026-10-09,T+1,6489,1425,7914,2026-10-08T04:00:51.750Z,FALSE,"",14:50,FALSE
fare_DEL-BOM_6E_2026-10-09_T+1_1791433399621_jvrw,DEL-BOM,EaseMyTrip,6E,6E-908,2026-10-09,T+1,6489,1425,7914,2026-10-08T04:00:51.750Z,FALSE,"",14:50,FALSE
fare_DEL-BOM_6E_2026-10-09_T+1_1791433399621_6wsa,DEL-BOM,EaseMyTrip,6E,6E-2169,2026-10-09,T+1,6494,1426,7920,2026-10-08T04:00:51.750Z,FALSE,"",19:20,FALSE
fare_DEL-BOM_6E_2026-10-09_T+1_1791433399621_0wsy,DEL-BOM,EaseMyTrip,6E,6E-2249,2026-10-09,T+1,6494,1426,7920,2026-10-08T04:00:51.750Z,FALSE,"",15:00,FALSE
fare_DEL-BOM_6E_2026-10-09_T+1_1791433399621_2jks,DEL-BOM,EaseMyTrip,6E,6E-6443,2026-10-09,T+1,6494,1426,7920,2026-10-08T04:00:51.750Z,FALSE,"",09:00,FALSE
fare_DEL-BOM_6E_2026-10-09_T+1_1791433399621_2gck,DEL-BOM,EaseMyTrip,6E,6E-6459,2026-10-09,T+1,6494,1426,7920,2026-10-08T04:00:51.750Z,FALSE,"",05:55,FALSE
fare_DEL-BOM_6E_2026-10-09_T+1_1791433399621_n4ex,DEL-BOM,EaseMyTrip,6E,6E-6479,2026-10-09,T+1,6559,1440,7999,2026-10-08T04:00:51.750Z,FALSE,"",21:25,FALSE
fare_DEL-BOM_6E_2026-10-09_T+1_1791433399621_c056,DEL-BOM,EaseMyTrip,6E,6E-5298,2026-10-09,T+1,6559,1440,7999,2026-10-08T04:00:51.750Z,FALSE,"",09:00,FALSE
fare_DEL-BOM_6E_2026-10-09_T+1_1791433399621_8tra,DEL-BOM,EaseMyTrip,6E,6E-2113,2026-10-09,T+1,6559,1440,7999,2026-10-08T04:00:51.750Z,FALSE,"",13:20,FALSE
fare_DEL-BOM_6E_2026-10-09_T+1_1791433399621_54ey,DEL-BOM,EaseMyTrip,6E,6E-6050,2026-10-09,T+1,6559,1440,7999,2026-10-08T04:00:51.750Z,FALSE,"",08:15,FALSE
fare_DEL-BOM_6E_2026-10-09_T+1_1791433399621_t2z0,DEL-BOM,EaseMyTrip,6E,6E-6490,2026-10-09,T+1,6683,1467,8150,2026-10-08T04:00:51.750Z,FALSE,"",04:55,FALSE
fare_DEL-BOM_6E_2026-10-09_T+1_1791433399621_vejb,DEL-BOM,EaseMyTrip,6E,6E-883,2026-10-09,T+1,6753,1482,8235,2026-10-08T04:00:51.750Z,FALSE,"",23:15,FALSE
fare_DEL-BOM_6E_2026-10-09_T+1_1791433399621_ondz,DEL-BOM,EaseMyTrip,6E,6E-680,2026-10-09,T+1,6753,1482,8235,2026-10-08T04:00:51.750Z,FALSE,"",23:15,FALSE
fare_DEL-BOM_6E_2026-10-09_T+1_1791433399621_8cqp,DEL-BOM,EaseMyTrip,6E,6E-2381,2026-10-09,T+1,6753,1482,8235,2026-10-08T04:00:51.750Z,FALSE,"",13:45,FALSE
fare_DEL-BOM_6E_2026-10-09_T+1_1791433399621_2jx9,DEL-BOM,EaseMyTrip,6E,6E-574,2026-10-09,T+1,6775,1487,8262,2026-10-08T04:00:51.750Z,FALSE,"",12:10,FALSE
fare_DEL-BOM_6E_2026-10-09_T+1_1791433399621_ivc5,DEL-BOM,EaseMyTrip,6E,6E-610,2026-10-09,T+1,6775,1487,8262,2026-10-08T04:00:51.750Z,FALSE,"",12:10,FALSE
fare_DEL-BOM_6E_2026-10-09_T+1_1791433399621_hivw,DEL-BOM,EaseMyTrip,6E,6E-688,2026-10-09,T+1,6775,1487,8262,2026-10-08T04:00:51.750Z,FALSE,"",19:30,FALSE
fare_DEL-BOM_6E_2026-10-09_T+1_1791433399621_qfes,DEL-BOM,EaseMyTrip,6E,6E-847,2026-10-09,T+1,6775,1487,8262,2026-10-08T04:00:51.750Z,FALSE,"",19:30,FALSE
fare_DEL-BOM_6E_2026-10-09_T+1_1791433399621_etqr,DEL-BOM,EaseMyTrip,6E,6E-2076,2026-10-09,T+1,6787,1490,8277,2026-10-08T04:00:51.750Z,FALSE,"",07:30,FALSE
fare_DEL-BOM_SG_2026-10-09_T+1_1791433399621_wgmu,DEL-BOM,EaseMyTrip,SG,SG-732,2026-10-09,T+1,7179,1576,8755,2026-10-08T04:00:51.750Z,FALSE,"",19:55,TRUE
fare_DEL-BOM_SG_2026-10-09_T+1_1791433399621_drht,DEL-BOM,EaseMyTrip,SG,SG-408,2026-10-09,T+1,7179,1576,8755,2026-10-08T04:00:51.750Z,FALSE,"",19:55,TRUE
fare_DEL-BOM_QP_2026-10-09_T+1_1791433399621_nqq0,DEL-BOM,EaseMyTrip,QP,QP-1820,2026-10-09,T+1,6863,1507,8370,2026-10-08T04:00:51.750Z,FALSE,"",17:30,TRUE
fare_DEL-BOM_6E_2026-10-09_T+1_1791433399621_4wq7,DEL-BOM,EaseMyTrip,6E,6E-7646,2026-10-09,T+1,7080,1554,8634,2026-10-08T04:00:51.750Z,FALSE,"",06:15,FALSE
fare_DEL-BOM_6E_2026-10-09_T+1_1791433399621_qlff,DEL-BOM,EaseMyTrip,6E,6E-6026,2026-10-09,T+1,7240,1589,8829,2026-10-08T04:00:51.750Z,FALSE,"",05:30,FALSE
fare_DEL-BOM_6E_2026-10-09_T+1_1791433399621_zvnd,DEL-BOM,EaseMyTrip,6E,6E-750,2026-10-09,T+1,7240,1589,8829,2026-10-08T04:00:51.750Z,FALSE,"",02:25,FALSE
fare_DEL-BOM_6E_2026-10-09_T+1_1791433399621_asyn,DEL-BOM,EaseMyTrip,6E,6E-958,2026-10-09,T+1,7240,1589,8829,2026-10-08T04:00:51.750Z,FALSE,"",02:25,FALSE
fare_DEL-BOM_6E_2026-10-09_T+1_1791433399621_22c1,DEL-BOM,EaseMyTrip,6E,6E-5014,2026-10-09,T+1,7323,1607,8930,2026-10-08T04:00:51.750Z,FALSE,"",18:30,FALSE
fare_DEL-BOM_6E_2026-10-09_T+1_1791433399621_humy,DEL-BOM,EaseMyTrip,6E,6E-2571,2026-10-09,T+1,7385,1621,9006,2026-10-08T04:00:51.750Z,FALSE,"",12:30,FALSE
fare_DEL-BOM_6E_2026-10-09_T+1_1791433399621_jhjj,DEL-BOM,EaseMyTrip,6E,6E-6829,2026-10-09,T+1,7516,1650,9166,2026-10-08T04:00:51.750Z,FALSE,"",17:20,FALSE
fare_DEL-BOM_6E_2026-10-09_T+1_1791433399621_z56x,DEL-BOM,EaseMyTrip,6E,6E-7653,2026-10-09,T+1,7519,1651,9170,2026-10-08T04:00:51.750Z,FALSE,"",17:20,FALSE
fare_DEL-BOM_6E_2026-10-09_T+1_1791433399621_jjjf,DEL-BOM,EaseMyTrip,6E,6E-6706,2026-10-09,T+1,7723,1695,9418,2026-10-08T04:00:51.750Z,FALSE,"",17:00,TRUE
fare_DEL-BOM_6E_2026-10-09_T+1_1791433399621_ar31,DEL-BOM,EaseMyTrip,6E,6E-2349,2026-10-09,T+1,7865,1726,9591,2026-10-08T04:00:51.750Z,FALSE,"",10:55,FALSE
fare_DEL-BOM_AI_2026-10-09_T+1_1791433399621_1d9r,DEL-BOM,EaseMyTrip,AI,AI-9447,2026-10-09,T+1,8266,1814,10080,2026-10-08T04:00:51.750Z,FALSE,"",23:25,FALSE
fare_DEL-BOM_6E_2026-10-09_T+1_1791433399621_jp1o,DEL-BOM,EaseMyTrip,6E,6E-6433,2026-10-09,T+1,8103,1779,9882,2026-10-08T04:00:51.750Z,FALSE,"",16:30,FALSE
fare_DEL-BOM_6E_2026-10-09_T+1_1791433399621_5a5e,DEL-BOM,EaseMyTrip,6E,6E-5038,2026-10-09,T+1,8168,1793,9961,2026-10-08T04:00:51.750Z,FALSE,"",14:00,FALSE
fare_DEL-BOM_6E_2026-10-09_T+1_1791433399621_zq04,DEL-BOM,EaseMyTrip,6E,6E-508,2026-10-09,T+1,8842,1941,10783,2026-10-08T04:00:51.750Z,FALSE,"",18:00,TRUE
fare_DEL-BOM_6E_2026-10-09_T+1_1791433399621_zxw3,DEL-BOM,EaseMyTrip,6E,6E-365,2026-10-09,T+1,8842,1941,10783,2026-10-08T04:00:51.750Z,FALSE,"",18:00,TRUE
fare_DEL-BOM_AI_2026-10-09_T+1_1791433399621_9gwk,DEL-BOM,EaseMyTrip,AI,AI-9759,2026-10-09,T+1,9250,2030,11280,2026-10-08T04:00:51.750Z,FALSE,"",06:00,FALSE
fare_DEL-BOM_AI_2026-10-09_T+1_1791433399621_bfo0,DEL-BOM,EaseMyTrip,AI,AI-2955,2026-10-09,T+1,9397,2063,11460,2026-10-08T04:00:51.750Z,FALSE,"",18:00,TRUE
fare_DEL-BOM_6E_2026-10-09_T+1_1791433399621_wihp,DEL-BOM,EaseMyTrip,6E,6E-5138,2026-10-09,T+1,9460,2077,11537,2026-10-08T04:00:51.750Z,FALSE,"",19:10,FALSE
fare_DEL-BOM_IX_2026-10-09_T+1_1791433399621_wxy3,DEL-BOM,EaseMyTrip,IX,IX-1064,2026-10-09,T+1,9783,2147,11930,2026-10-08T04:00:51.750Z,FALSE,"",19:10,FALSE
fare_DEL-BOM_QP_2026-10-09_T+1_1791433399621_o2hs,DEL-BOM,EaseMyTrip,QP,QP-1826,2026-10-09,T+1,9589,2105,11694,2026-10-08T04:00:51.750Z,FALSE,"",19:55,TRUE
fare_DEL-BOM_AI_2026-10-09_T+1_1791433399621_qklt,DEL-BOM,EaseMyTrip,AI,AI-2509,2026-10-09,T+1,9815,2154,11969,2026-10-08T04:00:51.750Z,FALSE,"",06:55,FALSE
fare_DEL-BOM_IX_2026-10-09_T+1_1791433399621_xdrk,DEL-BOM,EaseMyTrip,IX,IX-1068,2026-10-09,T+1,10380,2278,12658,2026-10-08T04:00:51.750Z,FALSE,"",11:55,FALSE
fare_DEL-BOM_AI_2026-10-09_T+1_1791433399621_i8iw,DEL-BOM,EaseMyTrip,AI,AI-9757,2026-10-09,T+1,10369,2276,12645,2026-10-08T04:00:51.750Z,FALSE,"",11:50,FALSE
fare_DEL-BOM_AI_2026-10-09_T+1_1791433399621_hlip,DEL-BOM,EaseMyTrip,AI,AI-9418,2026-10-09,T+1,10671,2343,13014,2026-10-08T04:00:51.750Z,FALSE,"",13:10,FALSE
fare_DEL-BOM_AI_2026-10-09_T+1_1791433399621_u8ww,DEL-BOM,EaseMyTrip,AI,AI-2761,2026-10-09,T+1,10751,2360,13111,2026-10-08T04:00:51.750Z,FALSE,"",16:25,FALSE
fare_DEL-BOM_AI_2026-10-09_T+1_1791433399621_q38k,DEL-BOM,EaseMyTrip,AI,AI-2433,2026-10-09,T+1,10826,2376,13202,2026-10-08T04:00:51.750Z,FALSE,"",21:30,TRUE
fare_DEL-BOM_AI_2026-10-09_T+1_1791433399621_bd8b,DEL-BOM,EaseMyTrip,AI,AI-2439,2026-10-09,T+1,10826,2376,13202,2026-10-08T04:00:51.750Z,FALSE,"",22:55,TRUE
fare_DEL-BOM_AI_2026-10-09_T+1_1791433399621_hnbo,DEL-BOM,EaseMyTrip,AI,AI-2957,2026-10-09,T+1,10826,2376,13202,2026-10-08T04:00:51.750Z,FALSE,"",20:30,TRUE
fare_DEL-BOM_IX_2026-10-09_T+1_1791433399621_6p45,DEL-BOM,EaseMyTrip,IX,IX-1059,2026-10-09,T+1,11012,2417,13429,2026-10-08T04:00:51.750Z,FALSE,"",12:15,FALSE
fare_DEL-BOM_6E_2026-10-09_T+1_1791433399621_mc24,DEL-BOM,EaseMyTrip,6E,6E-6190,2026-10-09,T+1,10771,2364,13135,2026-10-08T04:00:51.750Z,FALSE,"",07:40,FALSE
fare_DEL-BOM_AI_2026-10-09_T+1_1791433399621_amzk,DEL-BOM,EaseMyTrip,AI,AI-2985,2026-10-09,T+1,11218,2463,13681,2026-10-08T04:00:51.750Z,FALSE,"",19:30,TRUE
fare_DEL-BOM_AI_2026-10-09_T+1_1791433399621_46b4,DEL-BOM,EaseMyTrip,AI,AI-2805,2026-10-09,T+1,11218,2463,13681,2026-10-08T04:00:51.750Z,FALSE,"",20:00,TRUE
fare_DEL-BOM_6E_2026-10-09_T+1_1791433399621_gb5w,DEL-BOM,EaseMyTrip,6E,6E-335,2026-10-09,T+1,11163,2451,13614,2026-10-08T04:00:51.750Z,FALSE,"",16:10,FALSE
fare_DEL-BOM_6E_2026-10-09_T+1_1791433399621_26fw,DEL-BOM,EaseMyTrip,6E,6E-438,2026-10-09,T+1,11163,2451,13614,2026-10-08T04:00:51.750Z,FALSE,"",16:10,FALSE
fare_DEL-BOM_IX_2026-10-09_T+1_1791433399621_1y9d,DEL-BOM,EaseMyTrip,IX,IX-1056,2026-10-09,T+1,11369,2496,13865,2026-10-08T04:00:51.750Z,FALSE,"",17:50,TRUE
fare_DEL-BOM_IX_2026-10-09_T+1_1791433399621_rln0,DEL-BOM,EaseMyTrip,IX,IX-1235,2026-10-09,T+1,11369,2496,13865,2026-10-08T04:00:51.750Z,FALSE,"",23:25,TRUE
fare_DEL-BOM_IX_2026-10-09_T+1_1791433399621_js5m,DEL-BOM,EaseMyTrip,IX,IX-1782,2026-10-09,T+1,11509,2526,14035,2026-10-08T04:00:51.750Z,FALSE,"",09:35,FALSE
fare_DEL-BOM_6E_2026-10-09_T+1_1791433399621_3aff,DEL-BOM,EaseMyTrip,6E,6E-429,2026-10-09,T+1,11425,2508,13933,2026-10-08T04:00:51.750Z,FALSE,"",20:00,TRUE
fare_DEL-BOM_6E_2026-10-09_T+1_1791433399621_rkxq,DEL-BOM,EaseMyTrip,6E,6E-217,2026-10-09,T+1,11425,2508,13933,2026-10-08T04:00:51.750Z,FALSE,"",20:00,TRUE
fare_DEL-BOM_6E_2026-10-09_T+1_1791433399621_jbtn,DEL-BOM,EaseMyTrip,6E,6E-403,2026-10-09,T+1,11425,2508,13933,2026-10-08T04:00:51.750Z,FALSE,"",20:45,TRUE
fare_DEL-BOM_6E_2026-10-09_T+1_1791433399621_40px,DEL-BOM,EaseMyTrip,6E,6E-6114,2026-10-09,T+1,11425,2508,13933,2026-10-08T04:00:51.750Z,FALSE,"",22:45,TRUE
fare_DEL-BOM_6E_2026-10-09_T+1_1791433399621_8mwb,DEL-BOM,EaseMyTrip,6E,6E-720,2026-10-09,T+1,11425,2508,13933,2026-10-08T04:00:51.750Z,FALSE,"",21:45,TRUE
fare_DEL-BOM_6E_2026-10-09_T+1_1791433399621_0weg,DEL-BOM,EaseMyTrip,6E,6E-856,2026-10-09,T+1,11425,2508,13933,2026-10-08T04:00:51.750Z,FALSE,"",19:00,TRUE
fare_DEL-BOM_6E_2026-10-09_T+1_1791433399621_a7h8,DEL-BOM,EaseMyTrip,6E,6E-556,2026-10-09,T+1,11425,2508,13933,2026-10-08T04:00:51.750Z,FALSE,"",19:00,TRUE
fare_DEL-BOM_IX_2026-10-09_T+1_1791433399621_dpub,DEL-BOM,EaseMyTrip,IX,IX-1038,2026-10-09,T+1,11654,2558,14212,2026-10-08T04:00:51.750Z,FALSE,"",17:35,TRUE
fare_DEL-BOM_6E_2026-10-09_T+1_1791433399621_9l20,DEL-BOM,EaseMyTrip,6E,6E-2013,2026-10-09,T+1,11848,2601,14449,2026-10-08T04:00:51.750Z,FALSE,"",21:50,FALSE
fare_DEL-BOM_AI_2026-10-09_T+1_1791433399621_uaod,DEL-BOM,EaseMyTrip,AI,AI-2977,2026-10-09,T+1,12102,2656,14758,2026-10-08T04:00:51.750Z,FALSE,"",19:00,TRUE
fare_DEL-BOM_AI_2026-10-09_T+1_1791433399621_hut8,DEL-BOM,EaseMyTrip,AI,AI-809,2026-10-09,T+1,12330,2706,15036,2026-10-08T04:00:51.750Z,FALSE,"",17:40,FALSE
fare_DEL-BOM_AI_2026-10-09_T+1_1791433399621_db3f,DEL-BOM,EaseMyTrip,AI,AI-9584,2026-10-09,T+1,12477,2739,15216,2026-10-08T04:00:51.750Z,FALSE,"",11:15,FALSE
fare_DEL-BOM_AI_2026-10-09_T+1_1791433399621_qrin,DEL-BOM,EaseMyTrip,AI,AI-2715,2026-10-09,T+1,12896,2831,15727,2026-10-08T04:00:51.750Z,FALSE,"",11:40,FALSE
fare_DEL-BOM_AI_2026-10-09_T+1_1791433399621_zb42,DEL-BOM,EaseMyTrip,AI,AI-1773,2026-10-09,T+1,12977,2848,15825,2026-10-08T04:00:51.750Z,FALSE,"",10:30,FALSE
fare_DEL-BOM_6E_2026-10-09_T+1_1791433399621_7d2o,DEL-BOM,EaseMyTrip,6E,6E-7642,2026-10-09,T+1,13027,2860,15887,2026-10-08T04:00:51.750Z,FALSE,"",15:45,FALSE
fare_DEL-BOM_AI_2026-10-09_T+1_1791433399621_y7q8,DEL-BOM,EaseMyTrip,AI,AI-817,2026-10-09,T+1,13216,2901,16117,2026-10-08T04:00:51.750Z,FALSE,"",05:55,FALSE
fare_DEL-BOM_AI_2026-10-09_T+1_1791433399621_k3je,DEL-BOM,EaseMyTrip,AI,AI-2499,2026-10-09,T+1,13323,2925,16248,2026-10-08T04:00:51.750Z,FALSE,"",06:00,FALSE
fare_DEL-BOM_AI_2026-10-09_T+1_1791433399621_y7tn,DEL-BOM,EaseMyTrip,AI,AI-2981,2026-10-09,T+1,13854,3041,16895,2026-10-08T04:00:51.750Z,FALSE,"",21:00,TRUE
fare_DEL-BOM_AI_2026-10-09_T+1_1791433399621_ppot,DEL-BOM,EaseMyTrip,AI,AI-1779,2026-10-09,T+1,14038,3081,17119,2026-10-08T04:00:51.750Z,FALSE,"",13:50,FALSE
fare_DEL-BOM_IX_2026-10-09_T+1_1791433399621_w8ew,DEL-BOM,EaseMyTrip,IX,IX-1812,2026-10-09,T+1,14202,3118,17320,2026-10-08T04:00:51.750Z,FALSE,"",11:15,FALSE
fare_DEL-BOM_IX_2026-10-09_T+1_1791433399621_4nfx,DEL-BOM,EaseMyTrip,IX,IX-1815,2026-10-09,T+1,14202,3118,17320,2026-10-08T04:00:51.750Z,FALSE,"",19:05,FALSE
fare_DEL-BOM_6E_2026-10-09_T+1_1791433399621_fm4i,DEL-BOM,EaseMyTrip,6E,6E-858,2026-10-09,T+1,14215,3120,17335,2026-10-08T04:00:51.750Z,FALSE,"",10:00,FALSE
fare_DEL-BOM_6E_2026-10-09_T+1_1791433399621_lw3e,DEL-BOM,EaseMyTrip,6E,6E-385,2026-10-09,T+1,14215,3120,17335,2026-10-08T04:00:51.750Z,FALSE,"",10:00,FALSE
fare_DEL-BOM_IX_2026-10-09_T+1_1791433399621_hjha,DEL-BOM,EaseMyTrip,IX,IX-1811,2026-10-09,T+1,14517,3187,17704,2026-10-08T04:00:51.750Z,FALSE,"",06:50,FALSE
fare_DEL-BOM_6E_2026-10-09_T+1_1791433399621_8r1t,DEL-BOM,EaseMyTrip,6E,6E-6212,2026-10-09,T+1,14478,3178,17656,2026-10-08T04:00:51.750Z,FALSE,"",14:45,FALSE
fare_DEL-BOM_AI_2026-10-09_T+1_1791433399621_ypa3,DEL-BOM,EaseMyTrip,AI,AI-1743,2026-10-09,T+1,14680,3223,17903,2026-10-08T04:00:51.750Z,FALSE,"",06:20,FALSE
fare_DEL-BOM_AI_2026-10-09_T+1_1791433399621_cti2,DEL-BOM,EaseMyTrip,AI,AI-2601,2026-10-09,T+1,14680,3223,17903,2026-10-08T04:00:51.750Z,FALSE,"",17:00,FALSE
fare_DEL-BOM_6E_2026-10-09_T+1_1791433399621_3wgb,DEL-BOM,EaseMyTrip,6E,6E-2331,2026-10-09,T+1,15424,3386,18810,2026-10-08T04:00:51.750Z,FALSE,"",12:20,FALSE
fare_DEL-BOM_AI_2026-10-09_T+1_1791433399621_7y4u,DEL-BOM,EaseMyTrip,AI,AI-9674,2026-10-09,T+1,15759,3459,19218,2026-10-08T04:00:51.750Z,FALSE,"",16:40,FALSE
fare_DEL-BOM_AI_2026-10-09_T+1_1791433399621_pwxm,DEL-BOM,EaseMyTrip,AI,AI-2577,2026-10-09,T+1,15860,3482,19342,2026-10-08T04:00:51.750Z,FALSE,"",02:00,FALSE
fare_DEL-BOM_6E_2026-10-09_T+1_1791433399621_ifjm,DEL-BOM,EaseMyTrip,6E,6E-6282,2026-10-09,T+1,15732,3453,19185,2026-10-08T04:00:51.750Z,FALSE,"",13:30,FALSE
fare_DEL-BOM_AI_2026-10-09_T+1_1791433399621_yk6u,DEL-BOM,EaseMyTrip,AI,AI-2859,2026-10-09,T+1,16146,3544,19690,2026-10-08T04:00:51.750Z,FALSE,"",10:30,FALSE
fare_DEL-BOM_6E_2026-10-09_T+1_1791433399621_367f,DEL-BOM,EaseMyTrip,6E,6E-369,2026-10-09,T+1,16202,3557,19759,2026-10-08T04:00:51.750Z,FALSE,"",20:20,TRUE
fare_DEL-BOM_6E_2026-10-09_T+1_1791433399621_4jag,DEL-BOM,EaseMyTrip,6E,6E-384,2026-10-09,T+1,16202,3557,19759,2026-10-08T04:00:51.750Z,FALSE,"",20:20,TRUE
fare_DEL-BOM_AI_2026-10-09_T+1_1791433399621_g146,DEL-BOM,EaseMyTrip,AI,AI-2907,2026-10-09,T+1,16530,3628,20158,2026-10-08T04:00:51.750Z,FALSE,"",12:00,FALSE
fare_DEL-BOM_6E_2026-10-09_T+1_1791433399621_0pu5,DEL-BOM,EaseMyTrip,6E,6E-2341,2026-10-09,T+1,17839,3916,21755,2026-10-08T04:00:51.750Z,FALSE,"",14:50,FALSE
fare_DEL-BOM_IX_2026-10-09_T+1_1791433399621_mep0,DEL-BOM,EaseMyTrip,IX,IX-1024,2026-10-09,T+1,19127,4198,23325,2026-10-08T04:00:51.750Z,FALSE,"",18:40,TRUE
fare_DEL-BOM_6E_2026-10-09_T+1_1791433399621_f7ir,DEL-BOM,EaseMyTrip,6E,6E-5073,2026-10-09,T+1,19229,4221,23450,2026-10-08T04:00:51.750Z,FALSE,"",17:05,FALSE
fare_DEL-BOM_AI_2026-10-09_T+1_1791433399621_rc65,DEL-BOM,EaseMyTrip,AI,AI-2627,2026-10-09,T+1,19855,4358,24213,2026-10-08T04:00:51.750Z,TRUE,"High outlier: ₹24213 > upper fence ₹23610 (Q3: ₹13933, IQR: ₹6451)",10:45,FALSE
fare_DEL-BOM_6E_2026-10-09_T+1_1791433399621_b8zi,DEL-BOM,EaseMyTrip,6E,6E-418,2026-10-09,T+1,19921,4373,24294,2026-10-08T04:00:51.750Z,TRUE,"High outlier: ₹24294 > upper fence ₹23610 (Q3: ₹13933, IQR: ₹6451)",19:30,FALSE
fare_DEL-BOM_6E_2026-10-09_T+1_1791433399621_9jw0,DEL-BOM,EaseMyTrip,6E,6E-755,2026-10-09,T+1,19921,4373,24294,2026-10-08T04:00:51.750Z,TRUE,"High outlier: ₹24294 > upper fence ₹23610 (Q3: ₹13933, IQR: ₹6451)",19:30,FALSE
fare_DEL-BOM_AI_2026-10-09_T+1_1791433399621_6i9u,DEL-BOM,EaseMyTrip,AI,AI-2465,2026-10-09,T+1,20811,4568,25379,2026-10-08T04:00:51.750Z,TRUE,"High outlier: ₹25379 > upper fence ₹23610 (Q3: ₹13933, IQR: ₹6451)",14:30,FALSE
fare_DEL-BOM_IX_2026-10-09_T+1_1791433399621_d53y,DEL-BOM,EaseMyTrip,IX,IX-1057,2026-10-09,T+1,21368,4690,26058,2026-10-08T04:00:51.750Z,TRUE,"High outlier: ₹26058 > upper fence ₹23610 (Q3: ₹13933, IQR: ₹6451)",06:20,FALSE
fare_DEL-BOM_6E_2026-10-09_T+1_1791433399621_qkma,DEL-BOM,EaseMyTrip,6E,6E-6601,2026-10-09,T+1,21946,4817,26763,2026-10-08T04:00:51.750Z,TRUE,"High outlier: ₹26763 > upper fence ₹23610 (Q3: ₹13933, IQR: ₹6451)",19:45,FALSE
fare_DEL-BOM_6E_2026-10-09_T+1_1791433399621_gao6,DEL-BOM,EaseMyTrip,6E,6E-184,2026-10-09,T+1,23204,5093,28297,2026-10-08T04:00:51.750Z,TRUE,"High outlier: ₹28297 > upper fence ₹23610 (Q3: ₹13933, IQR: ₹6451)",17:55,FALSE
fare_DEL-BOM_6E_2026-10-09_T+1_1791433399621_brp7,DEL-BOM,EaseMyTrip,6E,6E-846,2026-10-09,T+1,23204,5093,28297,2026-10-08T04:00:51.750Z,TRUE,"High outlier: ₹28297 > upper fence ₹23610 (Q3: ₹13933, IQR: ₹6451)",17:55,FALSE
fare_DEL-BOM_IX_2026-11-07_T+30_1791433399622_ytwk,DEL-BOM,EaseMyTrip,IX,IX-1463,2026-11-07,T+30,5354,1175,6529,2026-10-08T04:01:11.799Z,FALSE,"",17:40,TRUE
fare_DEL-BOM_IX_2026-11-07_T+30_1791433399622_ebwf,DEL-BOM,EaseMyTrip,IX,IX-1235,2026-11-07,T+30,5354,1175,6529,2026-10-08T04:01:11.799Z,FALSE,"",20:40,TRUE
fare_DEL-BOM_SG_2026-11-07_T+30_1791433399622_zmcx,DEL-BOM,EaseMyTrip,SG,SG-720,2026-11-07,T+30,5895,1294,7189,2026-10-08T04:01:11.799Z,FALSE,"",09:50,TRUE
fare_DEL-BOM_SG_2026-11-07_T+30_1791433399622_e5er,DEL-BOM,EaseMyTrip,SG,SG-180,2026-11-07,T+30,5895,1294,7189,2026-10-08T04:01:11.799Z,FALSE,"",09:50,TRUE
fare_DEL-BOM_SG_2026-11-07_T+30_1791433399622_t5w0,DEL-BOM,EaseMyTrip,SG,SG-900,2026-11-07,T+30,5895,1294,7189,2026-10-08T04:01:11.799Z,FALSE,"",05:45,TRUE
fare_DEL-BOM_SG_2026-11-07_T+30_1791433399622_s8gw,DEL-BOM,EaseMyTrip,SG,SG-878,2026-11-07,T+30,5895,1294,7189,2026-10-08T04:01:11.799Z,FALSE,"",05:45,TRUE
fare_DEL-BOM_SG_2026-11-07_T+30_1791433399622_h7mv,DEL-BOM,EaseMyTrip,SG,SG-365,2026-11-07,T+30,5895,1294,7189,2026-10-08T04:01:11.799Z,FALSE,"",06:20,TRUE
fare_DEL-BOM_SG_2026-11-07_T+30_1791433399622_3q79,DEL-BOM,EaseMyTrip,SG,SG-540,2026-11-07,T+30,5895,1294,7189,2026-10-08T04:01:11.799Z,FALSE,"",06:20,TRUE
fare_DEL-BOM_SG_2026-11-07_T+30_1791433399622_vyan,DEL-BOM,EaseMyTrip,SG,SG-704,2026-11-07,T+30,5895,1294,7189,2026-10-08T04:01:11.799Z,FALSE,"",09:30,TRUE
fare_DEL-BOM_SG_2026-11-07_T+30_1791433399622_5rz2,DEL-BOM,EaseMyTrip,SG,SG-268,2026-11-07,T+30,5895,1294,7189,2026-10-08T04:01:11.799Z,FALSE,"",09:30,TRUE
fare_DEL-BOM_QP_2026-11-07_T+30_1791433399622_la6x,DEL-BOM,EaseMyTrip,QP,QP-1116,2026-11-07,T+30,5740,1260,7000,2026-10-08T04:01:11.799Z,FALSE,"",21:45,TRUE
fare_DEL-BOM_6E_2026-11-07_T+30_1791433399622_wllq,DEL-BOM,EaseMyTrip,6E,6E-5175,2026-11-07,T+30,5932,1302,7234,2026-10-08T04:01:11.799Z,FALSE,"",12:55,TRUE
fare_DEL-BOM_6E_2026-11-07_T+30_1791433399622_wh8g,DEL-BOM,EaseMyTrip,6E,6E-6022,2026-11-07,T+30,6014,1320,7334,2026-10-08T04:01:11.799Z,FALSE,"",14:10,TRUE
fare_DEL-BOM_6E_2026-11-07_T+30_1791433399622_5za1,DEL-BOM,EaseMyTrip,6E,6E-427,2026-11-07,T+30,6014,1320,7334,2026-10-08T04:01:11.799Z,FALSE,"",08:00,TRUE
fare_DEL-BOM_6E_2026-11-07_T+30_1791433399622_c007,DEL-BOM,EaseMyTrip,6E,6E-947,2026-11-07,T+30,6014,1320,7334,2026-10-08T04:01:11.799Z,FALSE,"",08:00,TRUE
fare_DEL-BOM_6E_2026-11-07_T+30_1791433399622_9zzf,DEL-BOM,EaseMyTrip,6E,6E-6218,2026-11-07,T+30,6014,1320,7334,2026-10-08T04:01:11.799Z,FALSE,"",06:05,TRUE
fare_DEL-BOM_6E_2026-11-07_T+30_1791433399622_qf0n,DEL-BOM,EaseMyTrip,6E,6E-365,2026-11-07,T+30,6014,1320,7334,2026-10-08T04:01:11.799Z,FALSE,"",03:30,TRUE
fare_DEL-BOM_6E_2026-11-07_T+30_1791433399622_bk11,DEL-BOM,EaseMyTrip,6E,6E-241,2026-11-07,T+30,6014,1320,7334,2026-10-08T04:01:11.799Z,FALSE,"",03:30,TRUE
fare_DEL-BOM_6E_2026-11-07_T+30_1791433399622_zsn3,DEL-BOM,EaseMyTrip,6E,6E-6114,2026-11-07,T+30,6014,1320,7334,2026-10-08T04:01:11.799Z,FALSE,"",23:00,TRUE
fare_DEL-BOM_6E_2026-11-07_T+30_1791433399622_ke1g,DEL-BOM,EaseMyTrip,6E,6E-727,2026-11-07,T+30,6014,1320,7334,2026-10-08T04:01:11.799Z,FALSE,"",22:00,TRUE
fare_DEL-BOM_6E_2026-11-07_T+30_1791433399622_cpor,DEL-BOM,EaseMyTrip,6E,6E-661,2026-11-07,T+30,6014,1320,7334,2026-10-08T04:01:11.799Z,FALSE,"",22:00,TRUE
fare_DEL-BOM_6E_2026-11-07_T+30_1791433399622_r4lu,DEL-BOM,EaseMyTrip,6E,6E-524,2026-11-07,T+30,6014,1320,7334,2026-10-08T04:01:11.799Z,FALSE,"",21:00,TRUE
fare_DEL-BOM_6E_2026-11-07_T+30_1791433399622_m23g,DEL-BOM,EaseMyTrip,6E,6E-169,2026-11-07,T+30,6014,1320,7334,2026-10-08T04:01:11.799Z,FALSE,"",21:00,TRUE
fare_DEL-BOM_6E_2026-11-07_T+30_1791433399622_hh2k,DEL-BOM,EaseMyTrip,6E,6E-195,2026-11-07,T+30,6014,1320,7334,2026-10-08T04:01:11.799Z,FALSE,"",20:00,TRUE
fare_DEL-BOM_6E_2026-11-07_T+30_1791433399622_yzzv,DEL-BOM,EaseMyTrip,6E,6E-926,2026-11-07,T+30,6014,1320,7334,2026-10-08T04:01:11.799Z,FALSE,"",20:00,TRUE
fare_DEL-BOM_6E_2026-11-07_T+30_1791433399622_buyg,DEL-BOM,EaseMyTrip,6E,6E-840,2026-11-07,T+30,6014,1320,7334,2026-10-08T04:01:11.799Z,FALSE,"",19:15,TRUE
fare_DEL-BOM_6E_2026-11-07_T+30_1791433399622_bqdl,DEL-BOM,EaseMyTrip,6E,6E-432,2026-11-07,T+30,6014,1320,7334,2026-10-08T04:01:11.799Z,FALSE,"",19:15,TRUE
fare_DEL-BOM_6E_2026-11-07_T+30_1791433399622_4tue,DEL-BOM,EaseMyTrip,6E,6E-242,2026-11-07,T+30,6014,1320,7334,2026-10-08T04:01:11.799Z,FALSE,"",17:45,TRUE
fare_DEL-BOM_6E_2026-11-07_T+30_1791433399622_dxjn,DEL-BOM,EaseMyTrip,6E,6E-853,2026-11-07,T+30,6014,1320,7334,2026-10-08T04:01:11.799Z,FALSE,"",17:45,TRUE
fare_DEL-BOM_6E_2026-11-07_T+30_1791433399622_vxzy,DEL-BOM,EaseMyTrip,6E,6E-6706,2026-11-07,T+30,6014,1320,7334,2026-10-08T04:01:11.799Z,FALSE,"",17:00,TRUE
fare_DEL-BOM_6E_2026-11-07_T+30_1791433399622_oaqt,DEL-BOM,EaseMyTrip,6E,6E-198,2026-11-07,T+30,6014,1320,7334,2026-10-08T04:01:11.799Z,FALSE,"",16:15,TRUE
fare_DEL-BOM_6E_2026-11-07_T+30_1791433399622_tj3f,DEL-BOM,EaseMyTrip,6E,6E-774,2026-11-07,T+30,6014,1320,7334,2026-10-08T04:01:11.799Z,FALSE,"",16:15,TRUE
fare_DEL-BOM_6E_2026-11-07_T+30_1791433399622_381h,DEL-BOM,EaseMyTrip,6E,6E-499,2026-11-07,T+30,6014,1320,7334,2026-10-08T04:01:11.799Z,FALSE,"",05:00,TRUE
fare_DEL-BOM_6E_2026-11-07_T+30_1791433399622_lxzb,DEL-BOM,EaseMyTrip,6E,6E-639,2026-11-07,T+30,6014,1320,7334,2026-10-08T04:01:11.799Z,FALSE,"",05:00,TRUE
fare_DEL-BOM_6E_2026-11-07_T+30_1791433399622_jtx7,DEL-BOM,EaseMyTrip,6E,6E-6814,2026-11-07,T+30,6014,1320,7334,2026-10-08T04:01:11.799Z,FALSE,"",07:00,TRUE
fare_DEL-BOM_6E_2026-11-07_T+30_1791433399622_f6jh,DEL-BOM,EaseMyTrip,6E,6E-6328,2026-11-07,T+30,6014,1320,7334,2026-10-08T04:01:11.799Z,FALSE,"",10:15,TRUE
fare_DEL-BOM_6E_2026-11-07_T+30_1791433399622_eyeb,DEL-BOM,EaseMyTrip,6E,6E-6047,2026-11-07,T+30,6014,1320,7334,2026-10-08T04:01:11.799Z,FALSE,"",11:00,TRUE
fare_DEL-BOM_6E_2026-11-07_T+30_1791433399622_80l4,DEL-BOM,EaseMyTrip,6E,6E-6051,2026-11-07,T+30,6014,1320,7334,2026-10-08T04:01:11.799Z,FALSE,"",11:45,TRUE
fare_DEL-BOM_6E_2026-11-07_T+30_1791433399622_v8nb,DEL-BOM,EaseMyTrip,6E,6E-6676,2026-11-07,T+30,6014,1320,7334,2026-10-08T04:01:11.799Z,FALSE,"",12:30,TRUE
fare_DEL-BOM_6E_2026-11-07_T+30_1791433399622_3q73,DEL-BOM,EaseMyTrip,6E,6E-166,2026-11-07,T+30,6014,1320,7334,2026-10-08T04:01:11.799Z,FALSE,"",08:45,TRUE
fare_DEL-BOM_6E_2026-11-07_T+30_1791433399622_leci,DEL-BOM,EaseMyTrip,6E,6E-246,2026-11-07,T+30,6014,1320,7334,2026-10-08T04:01:11.799Z,FALSE,"",08:45,TRUE
fare_DEL-BOM_6E_2026-11-07_T+30_1791433399622_im5p,DEL-BOM,EaseMyTrip,6E,6E-290,2026-11-07,T+30,6014,1320,7334,2026-10-08T04:01:11.799Z,FALSE,"",15:30,TRUE
fare_DEL-BOM_6E_2026-11-07_T+30_1791433399622_d3xm,DEL-BOM,EaseMyTrip,6E,6E-634,2026-11-07,T+30,6014,1320,7334,2026-10-08T04:01:11.799Z,FALSE,"",15:30,TRUE
fare_DEL-BOM_6E_2026-11-07_T+30_1791433399622_029a,DEL-BOM,EaseMyTrip,6E,6E-908,2026-11-07,T+30,6014,1320,7334,2026-10-08T04:01:11.799Z,FALSE,"",13:15,TRUE
fare_DEL-BOM_6E_2026-11-07_T+30_1791433399622_r597,DEL-BOM,EaseMyTrip,6E,6E-329,2026-11-07,T+30,6014,1320,7334,2026-10-08T04:01:11.799Z,FALSE,"",13:15,TRUE
fare_DEL-BOM_6E_2026-11-07_T+30_1791433399622_ohtg,DEL-BOM,EaseMyTrip,6E,6E-6318,2026-11-07,T+30,6014,1320,7334,2026-10-08T04:01:11.799Z,FALSE,"",14:45,TRUE
fare_DEL-BOM_6E_2026-11-07_T+30_1791433399622_qao1,DEL-BOM,EaseMyTrip,6E,6E-6107,2026-11-07,T+30,6014,1320,7334,2026-10-08T04:01:11.799Z,FALSE,"",09:30,TRUE
fare_DEL-BOM_6E_2026-11-07_T+30_1791433399622_8rgo,DEL-BOM,EaseMyTrip,6E,6E-181,2026-11-07,T+30,6014,1320,7334,2026-10-08T04:01:11.799Z,FALSE,"",18:30,TRUE
fare_DEL-BOM_6E_2026-11-07_T+30_1791433399622_n99t,DEL-BOM,EaseMyTrip,6E,6E-349,2026-11-07,T+30,6014,1320,7334,2026-10-08T04:01:11.799Z,FALSE,"",18:30,TRUE
fare_DEL-BOM_6E_2026-11-07_T+30_1791433399622_vkum,DEL-BOM,EaseMyTrip,6E,6E-5289,2026-11-07,T+30,6186,1358,7544,2026-10-08T04:01:11.799Z,FALSE,"",07:10,TRUE
fare_DEL-BOM_AI_2026-11-07_T+30_1791433399622_6ulg,DEL-BOM,EaseMyTrip,AI,AI-2957,2026-11-07,T+30,6425,1410,7835,2026-10-08T04:01:11.799Z,FALSE,"",20:30,TRUE
fare_DEL-BOM_6E_2026-11-07_T+30_1791433399622_w879,DEL-BOM,EaseMyTrip,6E,6E-2164,2026-11-07,T+30,6301,1383,7684,2026-10-08T04:01:11.799Z,FALSE,"",07:10,FALSE
fare_DEL-BOM_6E_2026-11-07_T+30_1791433399622_nomd,DEL-BOM,EaseMyTrip,6E,6E-905,2026-11-07,T+30,6358,1396,7754,2026-10-08T04:01:11.799Z,FALSE,"",19:30,TRUE
fare_DEL-BOM_6E_2026-11-07_T+30_1791433399622_kq22,DEL-BOM,EaseMyTrip,6E,6E-212,2026-11-07,T+30,6358,1396,7754,2026-10-08T04:01:11.799Z,FALSE,"",19:30,TRUE
fare_DEL-BOM_AI_2026-11-07_T+30_1791433399622_daq7,DEL-BOM,EaseMyTrip,AI,AI-2987,2026-11-07,T+30,6570,1442,8012,2026-10-08T04:01:11.799Z,FALSE,"",13:00,TRUE
fare_DEL-BOM_AI_2026-11-07_T+30_1791433399622_rqsj,DEL-BOM,EaseMyTrip,AI,AI-2433,2026-11-07,T+30,6570,1442,8012,2026-10-08T04:01:11.799Z,FALSE,"",21:30,TRUE
fare_DEL-BOM_AI_2026-11-07_T+30_1791433399622_eaik,DEL-BOM,EaseMyTrip,AI,AI-2573,2026-11-07,T+30,6570,1442,8012,2026-10-08T04:01:11.799Z,FALSE,"",05:30,TRUE
fare_DEL-BOM_AI_2026-11-07_T+30_1791433399622_pqsw,DEL-BOM,EaseMyTrip,AI,AI-2945,2026-11-07,T+30,6570,1442,8012,2026-10-08T04:01:11.799Z,FALSE,"",11:00,TRUE
fare_DEL-BOM_AI_2026-11-07_T+30_1791433399622_yvbb,DEL-BOM,EaseMyTrip,AI,AI-2587,2026-11-07,T+30,6570,1442,8012,2026-10-08T04:01:11.799Z,FALSE,"",12:00,TRUE
fare_DEL-BOM_AI_2026-11-07_T+30_1791433399622_fe78,DEL-BOM,EaseMyTrip,AI,AI-2941,2026-11-07,T+30,6570,1442,8012,2026-10-08T04:01:11.799Z,FALSE,"",16:30,TRUE
fare_DEL-BOM_AI_2026-11-07_T+30_1791433399622_xwhn,DEL-BOM,EaseMyTrip,AI,AI-2981,2026-11-07,T+30,6570,1442,8012,2026-10-08T04:01:11.799Z,FALSE,"",21:00,TRUE
fare_DEL-BOM_AI_2026-11-07_T+30_1791433399622_c7y6,DEL-BOM,EaseMyTrip,AI,AI-2999,2026-11-07,T+30,6570,1442,8012,2026-10-08T04:01:11.799Z,FALSE,"",22:00,TRUE
fare_DEL-BOM_AI_2026-11-07_T+30_1791433399622_nm08,DEL-BOM,EaseMyTrip,AI,AI-2437,2026-11-07,T+30,6570,1442,8012,2026-10-08T04:01:11.799Z,FALSE,"",22:30,TRUE
fare_DEL-BOM_AI_2026-11-07_T+30_1791433399622_7f3f,DEL-BOM,EaseMyTrip,AI,AI-2439,2026-11-07,T+30,6570,1442,8012,2026-10-08T04:01:11.799Z,FALSE,"",23:00,TRUE
fare_DEL-BOM_AI_2026-11-07_T+30_1791433399622_mp70,DEL-BOM,EaseMyTrip,AI,AI-2425,2026-11-07,T+30,6570,1442,8012,2026-10-08T04:01:11.799Z,FALSE,"",10:25,TRUE
fare_DEL-BOM_AI_2026-11-07_T+30_1791433399622_840a,DEL-BOM,EaseMyTrip,AI,AI-441,2026-11-07,T+30,6570,1442,8012,2026-10-08T04:01:11.799Z,FALSE,"",17:00,TRUE
fare_DEL-BOM_AI_2026-11-07_T+30_1791433399622_asb6,DEL-BOM,EaseMyTrip,AI,AI-2555,2026-11-07,T+30,6570,1442,8012,2026-10-08T04:01:11.799Z,FALSE,"",17:30,TRUE
fare_DEL-BOM_AI_2026-11-07_T+30_1791433399622_us9v,DEL-BOM,EaseMyTrip,AI,AI-2975,2026-11-07,T+30,6570,1442,8012,2026-10-08T04:01:11.799Z,FALSE,"",06:20,TRUE
fare_DEL-BOM_6E_2026-11-07_T+30_1791433399622_c73p,DEL-BOM,EaseMyTrip,6E,6E-5116,2026-11-07,T+30,6489,1425,7914,2026-10-08T04:01:11.799Z,FALSE,"",17:15,FALSE
fare_DEL-BOM_6E_2026-11-07_T+30_1791433399622_4587,DEL-BOM,EaseMyTrip,6E,6E-2289,2026-11-07,T+30,6489,1425,7914,2026-10-08T04:01:11.799Z,FALSE,"",17:10,FALSE
fare_DEL-BOM_6E_2026-11-07_T+30_1791433399622_4jm9,DEL-BOM,EaseMyTrip,6E,6E-2411,2026-11-07,T+30,6489,1425,7914,2026-10-08T04:01:11.799Z,FALSE,"",07:15,FALSE
fare_DEL-BOM_6E_2026-11-07_T+30_1791433399622_jv9o,DEL-BOM,EaseMyTrip,6E,6E-962,2026-11-07,T+30,6489,1425,7914,2026-10-08T04:01:11.799Z,FALSE,"",10:25,FALSE
fare_DEL-BOM_6E_2026-11-07_T+30_1791433399622_fx5i,DEL-BOM,EaseMyTrip,6E,6E-826,2026-11-07,T+30,6489,1425,7914,2026-10-08T04:01:11.799Z,FALSE,"",10:25,FALSE
fare_DEL-BOM_6E_2026-11-07_T+30_1791433399622_oqqg,DEL-BOM,EaseMyTrip,6E,6E-6787,2026-11-07,T+30,6489,1425,7914,2026-10-08T04:01:11.799Z,FALSE,"",14:40,FALSE
fare_DEL-BOM_6E_2026-11-07_T+30_1791433399622_el1h,DEL-BOM,EaseMyTrip,6E,6E-6868,2026-11-07,T+30,6489,1425,7914,2026-10-08T04:01:11.799Z,FALSE,"",12:20,FALSE
fare_DEL-BOM_6E_2026-11-07_T+30_1791433399622_lfff,DEL-BOM,EaseMyTrip,6E,6E-6569,2026-11-07,T+30,6494,1426,7920,2026-10-08T04:01:11.799Z,FALSE,"",06:05,FALSE
fare_DEL-BOM_AI_2026-11-07_T+30_1791433399622_yk7n,DEL-BOM,EaseMyTrip,AI,AI-2943,2026-11-07,T+30,6737,1479,8216,2026-10-08T04:01:11.799Z,FALSE,"",07:30,TRUE
fare_DEL-BOM_AI_2026-11-07_T+30_1791433399622_3vie,DEL-BOM,EaseMyTrip,AI,AI-2985,2026-11-07,T+30,6737,1479,8216,2026-10-08T04:01:11.799Z,FALSE,"",19:30,TRUE
fare_DEL-BOM_6E_2026-11-07_T+30_1791433399622_dhwu,DEL-BOM,EaseMyTrip,6E,6E-7646,2026-11-07,T+30,6650,1460,8110,2026-10-08T04:01:11.799Z,FALSE,"",06:20,FALSE
fare_DEL-BOM_6E_2026-11-07_T+30_1791433399622_e7rl,DEL-BOM,EaseMyTrip,6E,6E-7643,2026-11-07,T+30,6650,1460,8110,2026-10-08T04:01:11.799Z,FALSE,"",16:45,FALSE
fare_DEL-BOM_AI_2026-11-07_T+30_1791433399622_flr6,DEL-BOM,EaseMyTrip,AI,AI-2963,2026-11-07,T+30,6828,1499,8327,2026-10-08T04:01:11.799Z,FALSE,"",09:00,TRUE
fare_DEL-BOM_AI_2026-11-07_T+30_1791433399622_3uzv,DEL-BOM,EaseMyTrip,AI,AI-2951,2026-11-07,T+30,6828,1499,8327,2026-10-08T04:01:11.799Z,FALSE,"",13:30,TRUE
fare_DEL-BOM_6E_2026-11-07_T+30_1791433399622_j9st,DEL-BOM,EaseMyTrip,6E,6E-5068,2026-11-07,T+30,6708,1472,8180,2026-10-08T04:01:11.799Z,FALSE,"",14:30,TRUE
fare_DEL-BOM_AI_2026-11-07_T+30_1791433399622_ti31,DEL-BOM,EaseMyTrip,AI,AI-2977,2026-11-07,T+30,6904,1516,8420,2026-10-08T04:01:11.799Z,FALSE,"",21:30,TRUE
fare_DEL-BOM_AI_2026-11-07_T+30_1791433399622_59rx,DEL-BOM,EaseMyTrip,AI,AI-2955,2026-11-07,T+30,6904,1516,8420,2026-10-08T04:01:11.799Z,FALSE,"",18:00,TRUE
fare_DEL-BOM_SG_2026-11-07_T+30_1791433399622_qb0z,DEL-BOM,EaseMyTrip,SG,SG-628,2026-11-07,T+30,7045,1546,8591,2026-10-08T04:01:11.799Z,FALSE,"",19:00,TRUE
fare_DEL-BOM_SG_2026-11-07_T+30_1791433399622_p5mj,DEL-BOM,EaseMyTrip,SG,SG-526,2026-11-07,T+30,7045,1546,8591,2026-10-08T04:01:11.799Z,FALSE,"",19:00,TRUE
fare_DEL-BOM_6E_2026-11-07_T+30_1791433399622_9867,DEL-BOM,EaseMyTrip,6E,6E-421,2026-11-07,T+30,6976,1531,8507,2026-10-08T04:01:11.799Z,FALSE,"",10:00,FALSE
fare_DEL-BOM_6E_2026-11-07_T+30_1791433399622_r3en,DEL-BOM,EaseMyTrip,6E,6E-156,2026-11-07,T+30,6976,1531,8507,2026-10-08T04:01:11.799Z,FALSE,"",10:00,FALSE
fare_DEL-BOM_6E_2026-11-07_T+30_1791433399622_qr8p,DEL-BOM,EaseMyTrip,6E,6E-6878,2026-11-07,T+30,6976,1531,8507,2026-10-08T04:01:11.799Z,FALSE,"",07:30,FALSE
fare_DEL-BOM_AI_2026-11-07_T+30_1791433399622_fn9t,DEL-BOM,EaseMyTrip,AI,AI-2933,2026-11-07,T+30,7248,1591,8839,2026-10-08T04:01:11.799Z,FALSE,"",15:30,TRUE
fare_DEL-BOM_IX_2026-11-07_T+30_1791433399622_8nfe,DEL-BOM,EaseMyTrip,IX,IX-1108,2026-11-07,T+30,7704,1691,9395,2026-10-08T04:01:11.799Z,FALSE,"",20:35,FALSE
fare_DEL-BOM_IX_2026-11-07_T+30_1791433399622_g5y2,DEL-BOM,EaseMyTrip,IX,IX-1021,2026-11-07,T+30,7962,1748,9710,2026-10-08T04:01:11.799Z,FALSE,"",19:35,FALSE
fare_DEL-BOM_IX_2026-11-07_T+30_1791433399622_xry9,DEL-BOM,EaseMyTrip,IX,IX-1056,2026-11-07,T+30,7980,1752,9732,2026-10-08T04:01:11.799Z,FALSE,"",08:50,TRUE
fare_DEL-BOM_SG_2026-11-07_T+30_1791433399622_xoh5,DEL-BOM,EaseMyTrip,SG,SG-488,2026-11-07,T+30,8559,1879,10438,2026-10-08T04:01:11.799Z,FALSE,"",07:00,TRUE
fare_DEL-BOM_SG_2026-11-07_T+30_1791433399622_u8fy,DEL-BOM,EaseMyTrip,SG,SG-557,2026-11-07,T+30,8559,1879,10438,2026-10-08T04:01:11.799Z,FALSE,"",07:00,TRUE
fare_DEL-BOM_6E_2026-11-07_T+30_1791433399622_nibo,DEL-BOM,EaseMyTrip,6E,6E-991,2026-11-07,T+30,7910,1736,9646,2026-10-08T04:01:11.799Z,FALSE,"",10:00,FALSE
fare_DEL-BOM_6E_2026-11-07_T+30_1791433399622_6nda,DEL-BOM,EaseMyTrip,6E,6E-153,2026-11-07,T+30,7910,1736,9646,2026-10-08T04:01:11.799Z,FALSE,"",10:00,FALSE
fare_DEL-BOM_6E_2026-11-07_T+30_1791433399622_pjtj,DEL-BOM,EaseMyTrip,6E,6E-420,2026-11-07,T+30,7910,1736,9646,2026-10-08T04:01:11.799Z,FALSE,"",10:00,FALSE
fare_DEL-BOM_6E_2026-11-07_T+30_1791433399622_waih,DEL-BOM,EaseMyTrip,6E,6E-5058,2026-11-07,T+30,8362,1835,10197,2026-10-08T04:01:11.799Z,FALSE,"",13:30,FALSE
fare_DEL-BOM_6E_2026-11-07_T+30_1791433399622_j05k,DEL-BOM,EaseMyTrip,6E,6E-6212,2026-11-07,T+30,8362,1835,10197,2026-10-08T04:01:11.799Z,FALSE,"",14:50,FALSE
fare_DEL-BOM_6E_2026-11-07_T+30_1791433399622_q3ct,DEL-BOM,EaseMyTrip,6E,6E-375,2026-11-07,T+30,8362,1835,10197,2026-10-08T04:01:11.799Z,FALSE,"",02:10,FALSE
fare_DEL-BOM_6E_2026-11-07_T+30_1791433399622_aj2k,DEL-BOM,EaseMyTrip,6E,6E-791,2026-11-07,T+30,8362,1835,10197,2026-10-08T04:01:11.799Z,FALSE,"",02:10,FALSE
fare_DEL-BOM_6E_2026-11-07_T+30_1791433399622_hj7c,DEL-BOM,EaseMyTrip,6E,6E-2105,2026-11-07,T+30,8556,1878,10434,2026-10-08T04:01:11.799Z,FALSE,"",05:10,FALSE
fare_DEL-BOM_IX_2026-11-07_T+30_1791433399622_yvjq,DEL-BOM,EaseMyTrip,IX,IX-1196,2026-11-07,T+30,9147,2008,11155,2026-10-08T04:01:11.799Z,FALSE,"",18:35,FALSE
fare_DEL-BOM_6E_2026-11-07_T+30_1791433399622_pw6f,DEL-BOM,EaseMyTrip,6E,6E-638,2026-11-07,T+30,9008,1977,10985,2026-10-08T04:01:11.799Z,FALSE,"",18:15,FALSE
fare_DEL-BOM_6E_2026-11-07_T+30_1791433399622_3ie3,DEL-BOM,EaseMyTrip,6E,6E-254,2026-11-07,T+30,9008,1977,10985,2026-10-08T04:01:11.799Z,FALSE,"",18:15,FALSE
fare_DEL-BOM_AI_2026-11-07_T+30_1791433399622_zlnt,DEL-BOM,EaseMyTrip,AI,AI-9567,2026-11-07,T+30,9798,2151,11949,2026-10-08T04:01:11.799Z,FALSE,"",18:35,FALSE
fare_DEL-BOM_6E_2026-11-07_T+30_1791433399622_9a9d,DEL-BOM,EaseMyTrip,6E,6E-2303,2026-11-07,T+30,9719,2133,11852,2026-10-08T04:01:11.799Z,FALSE,"",04:55,FALSE
fare_DEL-BOM_IX_2026-11-07_T+30_1791433399622_h529,DEL-BOM,EaseMyTrip,IX,IX-1049,2026-11-07,T+30,9934,2181,12115,2026-10-08T04:01:11.799Z,FALSE,"",05:35,FALSE
fare_DEL-BOM_IX_2026-11-07_T+30_1791433399622_cw8z,DEL-BOM,EaseMyTrip,IX,IX-1371,2026-11-07,T+30,9959,2186,12145,2026-10-08T04:01:11.799Z,FALSE,"",14:55,FALSE
fare_DEL-BOM_IX_2026-11-07_T+30_1791433399622_xa4z,DEL-BOM,EaseMyTrip,IX,IX-2241,2026-11-07,T+30,10050,2206,12256,2026-10-08T04:01:11.799Z,FALSE,"",12:55,FALSE
fare_DEL-BOM_6E_2026-11-07_T+30_1791433399622_gfb1,DEL-BOM,EaseMyTrip,6E,6E-5252,2026-11-07,T+30,10047,2206,12253,2026-10-08T04:01:11.799Z,FALSE,"",05:30,FALSE
fare_DEL-BOM_6E_2026-11-07_T+30_1791433399622_o16r,DEL-BOM,EaseMyTrip,6E,6E-6261,2026-11-07,T+30,10236,2247,12483,2026-10-08T04:01:11.799Z,FALSE,"",00:20,FALSE
fare_DEL-BOM_6E_2026-11-07_T+30_1791433399622_2tqo,DEL-BOM,EaseMyTrip,6E,6E-6273,2026-11-07,T+30,10241,2248,12489,2026-10-08T04:01:11.799Z,FALSE,"",20:25,FALSE
fare_DEL-BOM_6E_2026-11-07_T+30_1791433399622_x1ww,DEL-BOM,EaseMyTrip,6E,6E-2402,2026-11-07,T+30,10241,2248,12489,2026-10-08T04:01:11.799Z,FALSE,"",05:00,FALSE
fare_DEL-BOM_6E_2026-11-07_T+30_1791433399622_5cxy,DEL-BOM,EaseMyTrip,6E,6E-5225,2026-11-07,T+30,10306,2262,12568,2026-10-08T04:01:11.799Z,FALSE,"",15:45,FALSE
fare_DEL-BOM_AI_2026-11-07_T+30_1791433399622_m793,DEL-BOM,EaseMyTrip,AI,AI-1713,2026-11-07,T+30,10533,2312,12845,2026-10-08T04:01:11.799Z,FALSE,"",20:15,FALSE
fare_DEL-BOM_IX_2026-11-07_T+30_1791433399622_j236,DEL-BOM,EaseMyTrip,IX,IX-1979,2026-11-07,T+30,10585,2323,12908,2026-10-08T04:01:11.799Z,FALSE,"",11:10,FALSE
fare_DEL-BOM_6E_2026-11-07_T+30_1791433399622_84wv,DEL-BOM,EaseMyTrip,6E,6E-2013,2026-11-07,T+30,10905,2394,13299,2026-10-08T04:01:11.799Z,FALSE,"",21:55,FALSE
fare_DEL-BOM_6E_2026-11-07_T+30_1791433399622_vlwh,DEL-BOM,EaseMyTrip,6E,6E-6220,2026-11-07,T+30,10905,2394,13299,2026-10-08T04:01:11.799Z,FALSE,"",05:00,FALSE
fare_DEL-BOM_AI_2026-11-07_T+30_1791433399622_gvwv,DEL-BOM,EaseMyTrip,AI,AI-2577,2026-11-07,T+30,11170,2452,13622,2026-10-08T04:01:11.799Z,FALSE,"",06:10,FALSE
fare_DEL-BOM_AI_2026-11-07_T+30_1791433399622_0rjg,DEL-BOM,EaseMyTrip,AI,AI-2545,2026-11-07,T+30,11410,2505,13915,2026-10-08T04:01:11.799Z,FALSE,"",11:10,FALSE
fare_DEL-BOM_6E_2026-11-07_T+30_1791433399622_sy4j,DEL-BOM,EaseMyTrip,6E,6E-7653,2026-11-07,T+30,11358,2493,13851,2026-10-08T04:01:11.799Z,FALSE,"",15:50,FALSE
fare_DEL-BOM_AI_2026-11-07_T+30_1791433399622_2upj,DEL-BOM,EaseMyTrip,AI,AI-2645,2026-11-07,T+30,12164,2670,14834,2026-10-08T04:01:11.799Z,FALSE,"",13:00,FALSE
fare_DEL-BOM_6E_2026-11-07_T+30_1791433399622_v0qi,DEL-BOM,EaseMyTrip,6E,6E-2307,2026-11-07,T+30,12043,2643,14686,2026-10-08T04:01:11.799Z,FALSE,"",15:00,FALSE
fare_DEL-BOM_AI_2026-11-07_T+30_1791433399622_c9xn,DEL-BOM,EaseMyTrip,AI,AI-9581,2026-11-07,T+30,12455,2734,15189,2026-10-08T04:01:11.799Z,FALSE,"",13:00,FALSE
fare_DEL-BOM_6E_2026-11-07_T+30_1791433399622_jhts,DEL-BOM,EaseMyTrip,6E,6E-6601,2026-11-07,T+30,12301,2700,15001,2026-10-08T04:01:11.799Z,FALSE,"",19:45,FALSE
fare_DEL-BOM_AI_2026-11-07_T+30_1791433399622_33ig,DEL-BOM,EaseMyTrip,AI,AI-2537,2026-11-07,T+30,12587,2763,15350,2026-10-08T04:01:11.799Z,FALSE,"",17:30,FALSE
fare_DEL-BOM_AI_2026-11-07_T+30_1791433399622_s79m,DEL-BOM,EaseMyTrip,AI,AI-1704,2026-11-07,T+30,12587,2763,15350,2026-10-08T04:01:11.799Z,FALSE,"",08:30,FALSE
fare_DEL-BOM_6E_2026-11-07_T+30_1791433399622_h5i7,DEL-BOM,EaseMyTrip,6E,6E-6004,2026-11-07,T+30,12582,2762,15344,2026-10-08T04:01:11.799Z,FALSE,"",05:10,FALSE
fare_DEL-BOM_IX_2026-11-07_T+30_1791433399622_8m2n,DEL-BOM,EaseMyTrip,IX,IX-1263,2026-11-07,T+30,13202,2898,16100,2026-10-08T04:01:11.799Z,FALSE,"",06:55,FALSE
fare_DEL-BOM_AI_2026-11-07_T+30_1791433399622_33fb,DEL-BOM,EaseMyTrip,AI,AI-2551,2026-11-07,T+30,13482,2960,16442,2026-10-08T04:01:11.799Z,FALSE,"",14:50,FALSE
fare_DEL-BOM_6E_2026-11-07_T+30_1791433399622_1ca9,DEL-BOM,EaseMyTrip,6E,6E-709,2026-11-07,T+30,13472,2957,16429,2026-10-08T04:01:11.799Z,FALSE,"",09:00,FALSE
fare_DEL-BOM_6E_2026-11-07_T+30_1791433399622_e6ww,DEL-BOM,EaseMyTrip,6E,6E-936,2026-11-07,T+30,13472,2957,16429,2026-10-08T04:01:11.799Z,FALSE,"",09:00,FALSE
fare_DEL-BOM_6E_2026-11-07_T+30_1791433399622_kcim,DEL-BOM,EaseMyTrip,6E,6E-6293,2026-11-07,T+30,13472,2957,16429,2026-10-08T04:01:11.799Z,FALSE,"",10:00,FALSE
fare_DEL-BOM_IX_2026-11-07_T+30_1791433399622_8dgh,DEL-BOM,EaseMyTrip,IX,IX-1082,2026-11-07,T+30,13686,3004,16690,2026-10-08T04:01:11.799Z,FALSE,"",21:55,FALSE
fare_DEL-BOM_AI_2026-11-07_T+30_1791433399622_ypoa,DEL-BOM,EaseMyTrip,AI,AI-9633,2026-11-07,T+30,13888,3048,16936,2026-10-08T04:01:11.799Z,FALSE,"",21:20,FALSE
fare_DEL-BOM_AI_2026-11-07_T+30_1791433399622_rwsf,DEL-BOM,EaseMyTrip,AI,AI-487,2026-11-07,T+30,13916,3055,16971,2026-10-08T04:01:11.799Z,FALSE,"",16:00,FALSE
fare_DEL-BOM_AI_2026-11-07_T+30_1791433399622_dtcn,DEL-BOM,EaseMyTrip,AI,AI-1725,2026-11-07,T+30,14061,3086,17147,2026-10-08T04:01:11.799Z,FALSE,"",05:30,FALSE
fare_DEL-BOM_AI_2026-11-07_T+30_1791433399622_mntp,DEL-BOM,EaseMyTrip,AI,AI-415,2026-11-07,T+30,14242,3126,17368,2026-10-08T04:01:11.799Z,FALSE,"",06:15,FALSE
fare_DEL-BOM_6E_2026-11-07_T+30_1791433399622_g4ad,DEL-BOM,EaseMyTrip,6E,6E-6808,2026-11-07,T+30,14079,3090,17169,2026-10-08T04:01:11.799Z,FALSE,"",13:30,FALSE
fare_DEL-BOM_IX_2026-11-07_T+30_1791433399622_mzbr,DEL-BOM,EaseMyTrip,IX,IX-1064,2026-11-07,T+30,14307,3141,17448,2026-10-08T04:01:11.799Z,FALSE,"",19:10,FALSE
fare_DEL-BOM_6E_2026-11-07_T+30_1791433399622_s9vh,DEL-BOM,EaseMyTrip,6E,6E-5375,2026-11-07,T+30,14232,3124,17356,2026-10-08T04:01:11.799Z,FALSE,"",07:25,FALSE
fare_DEL-BOM_AI_2026-11-07_T+30_1791433399622_uas2,DEL-BOM,EaseMyTrip,AI,AI-2581,2026-11-07,T+30,14443,3170,17613,2026-10-08T04:01:11.799Z,FALSE,"",12:50,FALSE
fare_DEL-BOM_AI_2026-11-07_T+30_1791433399622_lvzx,DEL-BOM,EaseMyTrip,AI,AI-1723,2026-11-07,T+30,14669,3220,17889,2026-10-08T04:01:11.799Z,FALSE,"",04:45,FALSE
fare_DEL-BOM_AI_2026-11-07_T+30_1791433399622_6i72,DEL-BOM,EaseMyTrip,AI,AI-1768,2026-11-07,T+30,14696,3226,17922,2026-10-08T04:01:11.799Z,FALSE,"",10:10,FALSE
fare_DEL-BOM_IX_2026-11-07_T+30_1791433399622_9upj,DEL-BOM,EaseMyTrip,IX,IX-2237,2026-11-07,T+30,14754,3239,17993,2026-10-08T04:01:11.799Z,FALSE,"",19:30,FALSE
fare_DEL-BOM_IX_2026-11-07_T+30_1791433399622_o5ij,DEL-BOM,EaseMyTrip,IX,IX-1059,2026-11-07,T+30,14824,3254,18078,2026-10-08T04:01:11.799Z,FALSE,"",15:40,FALSE
fare_DEL-BOM_IX_2026-11-07_T+30_1791433399622_y8gq,DEL-BOM,EaseMyTrip,IX,IX-2222,2026-11-07,T+30,14824,3254,18078,2026-10-08T04:01:11.799Z,FALSE,"",20:40,FALSE
fare_DEL-BOM_6E_2026-11-07_T+30_1791433399622_wmwv,DEL-BOM,EaseMyTrip,6E,6E-6699,2026-11-07,T+30,14921,3275,18196,2026-10-08T04:01:11.799Z,FALSE,"",10:15,FALSE
fare_DEL-BOM_6E_2026-11-07_T+30_1791433399622_uqhc,DEL-BOM,EaseMyTrip,6E,6E-2571,2026-11-07,T+30,15110,3317,18427,2026-10-08T04:01:11.799Z,FALSE,"",15:35,FALSE
fare_DEL-BOM_AI_2026-11-07_T+30_1791433399622_ixtg,DEL-BOM,EaseMyTrip,AI,AI-2465,2026-11-07,T+30,16290,3576,19866,2026-10-08T04:01:11.799Z,FALSE,"",14:00,FALSE
fare_DEL-BOM_AI_2026-11-07_T+30_1791433399622_4a07,DEL-BOM,EaseMyTrip,AI,AI-2706,2026-11-07,T+30,16751,3677,20428,2026-10-08T04:01:11.799Z,FALSE,"",15:10,FALSE
fare_DEL-BOM_AI_2026-11-07_T+30_1791433399622_vbzt,DEL-BOM,EaseMyTrip,AI,AI-1737,2026-11-07,T+30,17414,3823,21237,2026-10-08T04:01:11.799Z,FALSE,"",10:40,FALSE
fare_DEL-BOM_IX_2026-11-07_T+30_1791433399622_ipah,DEL-BOM,EaseMyTrip,IX,IX-1057,2026-11-07,T+30,17494,3840,21334,2026-10-08T04:01:11.799Z,FALSE,"",09:25,FALSE
fare_DEL-BOM_6E_2026-11-07_T+30_1791433399622_8c6o,DEL-BOM,EaseMyTrip,6E,6E-702,2026-11-07,T+30,17934,3937,21871,2026-10-08T04:01:11.799Z,FALSE,"",16:45,FALSE
fare_DEL-BOM_6E_2026-11-07_T+30_1791433399622_vzuy,DEL-BOM,EaseMyTrip,6E,6E-116,2026-11-07,T+30,17934,3937,21871,2026-10-08T04:01:11.799Z,FALSE,"",16:45,FALSE
fare_DEL-BOM_IX_2026-11-07_T+30_1791433399622_mrir,DEL-BOM,EaseMyTrip,IX,IX-1525,2026-11-07,T+30,18542,4070,22612,2026-10-08T04:01:11.799Z,FALSE,"",08:35,FALSE
fare_DEL-BOM_IX_2026-11-07_T+30_1791433399622_ez1l,DEL-BOM,EaseMyTrip,IX,IX-1261,2026-11-07,T+30,18542,4070,22612,2026-10-08T04:01:11.799Z,FALSE,"",07:30,FALSE
fare_DEL-BOM_IX_2026-11-07_T+30_1791433399622_2tba,DEL-BOM,EaseMyTrip,IX,IX-1286,2026-11-07,T+30,18554,4073,22627,2026-10-08T04:01:11.799Z,FALSE,"",12:00,FALSE
fare_DEL-BOM_6E_2026-11-07_T+30_1791433399622_tj9q,DEL-BOM,EaseMyTrip,6E,6E-214,2026-11-07,T+30,18693,4103,22796,2026-10-08T04:01:11.799Z,FALSE,"",10:25,FALSE
fare_DEL-BOM_6E_2026-11-07_T+30_1791433399622_49u2,DEL-BOM,EaseMyTrip,6E,6E-459,2026-11-07,T+30,18693,4103,22796,2026-10-08T04:01:11.799Z,FALSE,"",10:25,FALSE
fare_DEL-BOM_6E_2026-11-07_T+30_1791433399622_apdy,DEL-BOM,EaseMyTrip,6E,6E-5025,2026-11-07,T+30,18696,4104,22800,2026-10-08T04:01:11.799Z,FALSE,"",09:15,FALSE
fare_DEL-BOM_AI_2026-11-07_T+30_1791433399622_u19m,DEL-BOM,EaseMyTrip,AI,AI-2487,2026-11-07,T+30,19478,4276,23754,2026-10-08T04:01:11.799Z,FALSE,"",18:00,FALSE
fare_DEL-BOM_AI_2026-11-07_T+30_1791433399622_hhrj,DEL-BOM,EaseMyTrip,AI,AI-1712,2026-11-07,T+30,20377,4473,24850,2026-10-08T04:01:11.799Z,FALSE,"",05:40,FALSE
fare_DEL-BOM_AI_2026-11-07_T+30_1791433399622_tejk,DEL-BOM,EaseMyTrip,AI,AI-2495,2026-11-07,T+30,20962,4601,25563,2026-10-08T04:01:11.799Z,FALSE,"",11:45,FALSE
fare_DEL-BOM_6E_2026-11-07_T+30_1791433399622_khwl,DEL-BOM,EaseMyTrip,6E,6E-6440,2026-11-07,T+30,21927,4813,26740,2026-10-08T04:01:11.799Z,FALSE,"",17:15,FALSE
fare_DEL-BOM_IX_2026-11-07_T+30_1791433399622_98ia,DEL-BOM,EaseMyTrip,IX,IX-1046,2026-11-07,T+30,23102,5071,28173,2026-10-08T04:01:11.799Z,TRUE,"High outlier: ₹28173 > upper fence ₹27374 (Q3: ₹15350, IQR: ₹8016)",07:25,FALSE
fare_DEL-BOM_6E_2026-11-07_T+30_1791433399622_7kf5,DEL-BOM,EaseMyTrip,6E,6E-2250,2026-11-07,T+30,23075,5065,28140,2026-10-08T04:01:11.799Z,TRUE,"High outlier: ₹28140 > upper fence ₹27374 (Q3: ₹15350, IQR: ₹8016)",18:10,FALSE
fare_DEL-BOM_IX_2026-11-07_T+30_1791433399622_895g,DEL-BOM,EaseMyTrip,IX,IX-1067,2026-11-07,T+30,23523,5164,28687,2026-10-08T04:01:11.799Z,TRUE,"High outlier: ₹28687 > upper fence ₹27374 (Q3: ₹15350, IQR: ₹8016)",11:25,FALSE
fare_DEL-BOM_IX_2026-11-07_T+30_1791433399622_egfc,DEL-BOM,EaseMyTrip,IX,IX-1274,2026-11-07,T+30,23523,5164,28687,2026-10-08T04:01:11.799Z,TRUE,"High outlier: ₹28687 > upper fence ₹27374 (Q3: ₹15350, IQR: ₹8016)",09:55,FALSE
fare_DEL-BOM_IX_2026-11-07_T+30_1791433399622_im6v,DEL-BOM,EaseMyTrip,IX,IX-2764,2026-11-07,T+30,25488,5595,31083,2026-10-08T04:01:11.799Z,TRUE,"High outlier: ₹31083 > upper fence ₹27374 (Q3: ₹15350, IQR: ₹8016)",12:40,FALSE
fare_DEL-BOM_IX_2026-11-07_T+30_1791433399622_5qh1,DEL-BOM,EaseMyTrip,IX,IX-1076,2026-11-07,T+30,26967,5920,32887,2026-10-08T04:01:11.799Z,TRUE,"High outlier: ₹32887 > upper fence ₹27374 (Q3: ₹15350, IQR: ₹8016)",08:00,FALSE
fare_DEL-BOM_IX_2026-10-15_T+7_1791433399622_hugv,DEL-BOM,EaseMyTrip,IX,IX-1165,2026-10-15,T+7,5354,1175,6529,2026-10-08T04:00:58.217Z,FALSE,"",06:00,FALSE
fare_DEL-BOM_IX_2026-10-15_T+7_1791433399622_ufz9,DEL-BOM,EaseMyTrip,IX,IX-1038,2026-10-15,T+7,5354,1175,6529,2026-10-08T04:00:58.217Z,FALSE,"",17:35,TRUE
fare_DEL-BOM_IX_2026-10-15_T+7_1791433399622_y3n3,DEL-BOM,EaseMyTrip,IX,IX-1056,2026-10-15,T+7,5354,1175,6529,2026-10-08T04:00:58.217Z,FALSE,"",17:50,TRUE
fare_DEL-BOM_IX_2026-10-15_T+7_1791433399622_aair,DEL-BOM,EaseMyTrip,IX,IX-1235,2026-10-15,T+7,5354,1175,6529,2026-10-08T04:00:58.217Z,FALSE,"",23:25,TRUE
fare_DEL-BOM_IX_2026-10-15_T+7_1791433399622_bbal,DEL-BOM,EaseMyTrip,IX,IX-1024,2026-10-15,T+7,5354,1175,6529,2026-10-08T04:00:58.217Z,FALSE,"",18:40,TRUE
fare_DEL-BOM_QP_2026-10-15_T+7_1791433399622_ejb1,DEL-BOM,EaseMyTrip,QP,QP-1128,2026-10-15,T+7,5355,1175,6530,2026-10-08T04:00:58.217Z,FALSE,"",16:00,TRUE
fare_DEL-BOM_QP_2026-10-15_T+7_1791433399622_sd1d,DEL-BOM,EaseMyTrip,QP,QP-1826,2026-10-15,T+7,5355,1175,6530,2026-10-08T04:00:58.217Z,FALSE,"",19:55,TRUE
fare_DEL-BOM_QP_2026-10-15_T+7_1791433399622_1dnt,DEL-BOM,EaseMyTrip,QP,QP-1119,2026-10-15,T+7,5518,1211,6729,2026-10-08T04:00:58.217Z,FALSE,"",08:40,TRUE
fare_DEL-BOM_6E_2026-10-15_T+7_1791433399622_b01y,DEL-BOM,EaseMyTrip,6E,6E-5096,2026-10-15,T+7,5541,1216,6757,2026-10-08T04:00:58.217Z,FALSE,"",17:00,TRUE
fare_DEL-BOM_AI_2026-10-15_T+7_1791433399622_q02y,DEL-BOM,EaseMyTrip,AI,AI-441,2026-10-15,T+7,5741,1260,7001,2026-10-08T04:00:58.217Z,FALSE,"",17:00,TRUE
fare_DEL-BOM_6E_2026-10-15_T+7_1791433399622_nk7c,DEL-BOM,EaseMyTrip,6E,6E-6470,2026-10-15,T+7,5612,1232,6844,2026-10-08T04:00:58.217Z,FALSE,"",06:50,TRUE
fare_DEL-BOM_6E_2026-10-15_T+7_1791433399622_y0t1,DEL-BOM,EaseMyTrip,6E,6E-129,2026-10-15,T+7,5613,1232,6845,2026-10-08T04:00:58.217Z,FALSE,"",13:00,TRUE
fare_DEL-BOM_6E_2026-10-15_T+7_1791433399622_jq0x,DEL-BOM,EaseMyTrip,6E,6E-516,2026-10-15,T+7,5613,1232,6845,2026-10-08T04:00:58.217Z,FALSE,"",13:00,TRUE
fare_DEL-BOM_6E_2026-10-15_T+7_1791433399622_po9x,DEL-BOM,EaseMyTrip,6E,6E-815,2026-10-15,T+7,5613,1232,6845,2026-10-08T04:00:58.217Z,FALSE,"",23:30,TRUE
fare_DEL-BOM_6E_2026-10-15_T+7_1791433399622_xkc8,DEL-BOM,EaseMyTrip,6E,6E-393,2026-10-15,T+7,5613,1232,6845,2026-10-08T04:00:58.217Z,FALSE,"",23:30,TRUE
fare_DEL-BOM_6E_2026-10-15_T+7_1791433399622_wib0,DEL-BOM,EaseMyTrip,6E,6E-869,2026-10-15,T+7,5613,1232,6845,2026-10-08T04:00:58.217Z,FALSE,"",15:30,TRUE
fare_DEL-BOM_6E_2026-10-15_T+7_1791433399622_cidu,DEL-BOM,EaseMyTrip,6E,6E-781,2026-10-15,T+7,5613,1232,6845,2026-10-08T04:00:58.217Z,FALSE,"",15:30,TRUE
fare_DEL-BOM_6E_2026-10-15_T+7_1791433399622_7zpd,DEL-BOM,EaseMyTrip,6E,6E-6318,2026-10-15,T+7,5613,1232,6845,2026-10-08T04:00:58.217Z,FALSE,"",14:45,TRUE
fare_DEL-BOM_6E_2026-10-15_T+7_1791433399622_kdyy,DEL-BOM,EaseMyTrip,6E,6E-545,2026-10-15,T+7,5613,1232,6845,2026-10-08T04:00:58.217Z,FALSE,"",05:00,TRUE
fare_DEL-BOM_6E_2026-10-15_T+7_1791433399622_i2i0,DEL-BOM,EaseMyTrip,6E,6E-477,2026-10-15,T+7,5613,1232,6845,2026-10-08T04:00:58.217Z,FALSE,"",05:00,TRUE
fare_DEL-BOM_6E_2026-10-15_T+7_1791433399622_629c,DEL-BOM,EaseMyTrip,6E,6E-6814,2026-10-15,T+7,5613,1232,6845,2026-10-08T04:00:58.217Z,FALSE,"",07:15,TRUE
fare_DEL-BOM_6E_2026-10-15_T+7_1791433399622_cr0m,DEL-BOM,EaseMyTrip,6E,6E-6047,2026-10-15,T+7,5613,1232,6845,2026-10-08T04:00:58.217Z,FALSE,"",11:00,TRUE
fare_DEL-BOM_6E_2026-10-15_T+7_1791433399623_5e5a,DEL-BOM,EaseMyTrip,6E,6E-6676,2026-10-15,T+7,5613,1232,6845,2026-10-08T04:00:58.217Z,FALSE,"",12:00,TRUE
fare_DEL-BOM_6E_2026-10-15_T+7_1791433399623_ippu,DEL-BOM,EaseMyTrip,6E,6E-952,2026-10-15,T+7,5613,1232,6845,2026-10-08T04:00:58.217Z,FALSE,"",08:45,TRUE
fare_DEL-BOM_6E_2026-10-15_T+7_1791433399623_2mo5,DEL-BOM,EaseMyTrip,6E,6E-271,2026-10-15,T+7,5613,1232,6845,2026-10-08T04:00:58.217Z,FALSE,"",08:45,TRUE
fare_DEL-BOM_6E_2026-10-15_T+7_1791433399623_m33k,DEL-BOM,EaseMyTrip,6E,6E-997,2026-10-15,T+7,5613,1232,6845,2026-10-08T04:00:58.217Z,FALSE,"",03:00,TRUE
fare_DEL-BOM_6E_2026-10-15_T+7_1791433399623_v9gj,DEL-BOM,EaseMyTrip,6E,6E-263,2026-10-15,T+7,5613,1232,6845,2026-10-08T04:00:58.217Z,FALSE,"",03:00,TRUE
fare_DEL-BOM_6E_2026-10-15_T+7_1791433399623_ueqy,DEL-BOM,EaseMyTrip,6E,6E-6218,2026-10-15,T+7,5613,1232,6845,2026-10-08T04:00:58.217Z,FALSE,"",06:00,TRUE
fare_DEL-BOM_6E_2026-10-15_T+7_1791433399623_kx4m,DEL-BOM,EaseMyTrip,6E,6E-753,2026-10-15,T+7,5613,1232,6845,2026-10-08T04:00:58.217Z,FALSE,"",08:00,TRUE
fare_DEL-BOM_6E_2026-10-15_T+7_1791433399623_m5lt,DEL-BOM,EaseMyTrip,6E,6E-942,2026-10-15,T+7,5613,1232,6845,2026-10-08T04:00:58.217Z,FALSE,"",08:00,TRUE
fare_DEL-BOM_6E_2026-10-15_T+7_1791433399623_44gw,DEL-BOM,EaseMyTrip,6E,6E-6022,2026-10-15,T+7,5613,1232,6845,2026-10-08T04:00:58.217Z,FALSE,"",14:00,TRUE
fare_DEL-BOM_6E_2026-10-15_T+7_1791433399623_jkyf,DEL-BOM,EaseMyTrip,6E,6E-6107,2026-10-15,T+7,5613,1232,6845,2026-10-08T04:00:58.217Z,FALSE,"",09:30,TRUE
fare_DEL-BOM_6E_2026-10-15_T+7_1791433399623_j1cu,DEL-BOM,EaseMyTrip,6E,6E-6328,2026-10-15,T+7,5613,1232,6845,2026-10-08T04:00:58.217Z,FALSE,"",10:15,TRUE
fare_DEL-BOM_QP_2026-10-15_T+7_1791433399623_mgzz,DEL-BOM,EaseMyTrip,QP,QP-1833,2026-10-15,T+7,5618,1233,6851,2026-10-08T04:00:58.217Z,FALSE,"",06:50,TRUE
fare_DEL-BOM_QP_2026-10-15_T+7_1791433399623_4xda,DEL-BOM,EaseMyTrip,QP,QP-1110,2026-10-15,T+7,5618,1233,6851,2026-10-08T04:00:58.217Z,FALSE,"",10:00,TRUE
fare_DEL-BOM_QP_2026-10-15_T+7_1791433399623_46rn,DEL-BOM,EaseMyTrip,QP,QP-1820,2026-10-15,T+7,5618,1233,6851,2026-10-08T04:00:58.217Z,FALSE,"",17:30,TRUE
fare_DEL-BOM_6E_2026-10-15_T+7_1791433399623_gr5o,DEL-BOM,EaseMyTrip,6E,6E-5198,2026-10-15,T+7,5685,1248,6933,2026-10-08T04:00:58.217Z,FALSE,"",15:00,TRUE
fare_DEL-BOM_6E_2026-10-15_T+7_1791433399623_boe3,DEL-BOM,EaseMyTrip,6E,6E-887,2026-10-15,T+7,5742,1261,7003,2026-10-08T04:00:58.217Z,FALSE,"",21:45,TRUE
fare_DEL-BOM_6E_2026-10-15_T+7_1791433399623_lath,DEL-BOM,EaseMyTrip,6E,6E-169,2026-10-15,T+7,5742,1261,7003,2026-10-08T04:00:58.217Z,FALSE,"",21:45,TRUE
fare_DEL-BOM_AI_2026-10-15_T+7_1791433399623_1ge6,DEL-BOM,EaseMyTrip,AI,AI-2951,2026-10-15,T+7,5913,1298,7211,2026-10-08T04:00:58.217Z,FALSE,"",13:30,TRUE
fare_DEL-BOM_AI_2026-10-15_T+7_1791433399623_7hs5,DEL-BOM,EaseMyTrip,AI,AI-1745,2026-10-15,T+7,5913,1298,7211,2026-10-08T04:00:58.217Z,FALSE,"",05:00,TRUE
fare_DEL-BOM_AI_2026-10-15_T+7_1791433399623_cnld,DEL-BOM,EaseMyTrip,AI,AI-2945,2026-10-15,T+7,5913,1298,7211,2026-10-08T04:00:58.217Z,FALSE,"",11:00,TRUE
fare_DEL-BOM_AI_2026-10-15_T+7_1791433399623_iab0,DEL-BOM,EaseMyTrip,AI,AI-1785,2026-10-15,T+7,5913,1298,7211,2026-10-08T04:00:58.217Z,FALSE,"",12:00,TRUE
fare_DEL-BOM_AI_2026-10-15_T+7_1791433399623_17ug,DEL-BOM,EaseMyTrip,AI,AI-2441,2026-10-15,T+7,5913,1298,7211,2026-10-08T04:00:58.217Z,FALSE,"",14:10,TRUE
fare_DEL-BOM_AI_2026-10-15_T+7_1791433399623_u1md,DEL-BOM,EaseMyTrip,AI,AI-2439,2026-10-15,T+7,5913,1298,7211,2026-10-08T04:00:58.217Z,FALSE,"",22:55,TRUE
fare_DEL-BOM_AI_2026-10-15_T+7_1791433399623_2qmy,DEL-BOM,EaseMyTrip,AI,AI-1780,2026-10-15,T+7,5913,1298,7211,2026-10-08T04:00:58.217Z,FALSE,"",14:30,TRUE
fare_DEL-BOM_AI_2026-10-15_T+7_1791433399623_lbum,DEL-BOM,EaseMyTrip,AI,AI-2943,2026-10-15,T+7,6061,1330,7391,2026-10-08T04:00:58.217Z,FALSE,"",07:30,TRUE
fare_DEL-BOM_6E_2026-10-15_T+7_1791433399623_i6zt,DEL-BOM,EaseMyTrip,6E,6E-579,2026-10-15,T+7,5915,1298,7213,2026-10-08T04:00:58.217Z,FALSE,"",20:45,TRUE
fare_DEL-BOM_6E_2026-10-15_T+7_1791433399623_v60e,DEL-BOM,EaseMyTrip,6E,6E-434,2026-10-15,T+7,5915,1298,7213,2026-10-08T04:00:58.217Z,FALSE,"",20:45,TRUE
fare_DEL-BOM_6E_2026-10-15_T+7_1791433399623_avkz,DEL-BOM,EaseMyTrip,6E,6E-147,2026-10-15,T+7,5915,1298,7213,2026-10-08T04:00:58.217Z,FALSE,"",18:00,TRUE
fare_DEL-BOM_6E_2026-10-15_T+7_1791433399623_05aj,DEL-BOM,EaseMyTrip,6E,6E-951,2026-10-15,T+7,5915,1298,7213,2026-10-08T04:00:58.217Z,FALSE,"",18:00,TRUE
fare_DEL-BOM_6E_2026-10-15_T+7_1791433399623_pzj9,DEL-BOM,EaseMyTrip,6E,6E-6114,2026-10-15,T+7,5915,1298,7213,2026-10-08T04:00:58.217Z,FALSE,"",22:45,TRUE
fare_DEL-BOM_6E_2026-10-15_T+7_1791433399623_a15a,DEL-BOM,EaseMyTrip,6E,6E-541,2026-10-15,T+7,5915,1298,7213,2026-10-08T04:00:58.217Z,FALSE,"",16:15,TRUE
fare_DEL-BOM_6E_2026-10-15_T+7_1791433399623_sugk,DEL-BOM,EaseMyTrip,6E,6E-838,2026-10-15,T+7,5915,1298,7213,2026-10-08T04:00:58.217Z,FALSE,"",16:15,TRUE
fare_DEL-BOM_6E_2026-10-15_T+7_1791433399623_l542,DEL-BOM,EaseMyTrip,6E,6E-943,2026-10-15,T+7,5956,1308,7264,2026-10-08T04:00:58.217Z,FALSE,"",20:20,TRUE
fare_DEL-BOM_6E_2026-10-15_T+7_1791433399623_jvux,DEL-BOM,EaseMyTrip,6E,6E-597,2026-10-15,T+7,5956,1308,7264,2026-10-08T04:00:58.217Z,FALSE,"",20:20,TRUE
fare_DEL-BOM_AI_2026-10-15_T+7_1791433399623_9k48,DEL-BOM,EaseMyTrip,AI,AI-2963,2026-10-15,T+7,6128,1345,7473,2026-10-08T04:00:58.217Z,FALSE,"",09:00,TRUE
fare_DEL-BOM_AI_2026-10-15_T+7_1791433399623_ej8g,DEL-BOM,EaseMyTrip,AI,AI-2981,2026-10-15,T+7,6128,1345,7473,2026-10-08T04:00:58.217Z,FALSE,"",21:00,TRUE
fare_DEL-BOM_AI_2026-10-15_T+7_1791433399623_bqtt,DEL-BOM,EaseMyTrip,AI,AI-2995,2026-10-15,T+7,6128,1345,7473,2026-10-08T04:00:58.217Z,FALSE,"",10:00,TRUE
fare_DEL-BOM_AI_2026-10-15_T+7_1791433399623_n86n,DEL-BOM,EaseMyTrip,AI,AI-2429,2026-10-15,T+7,6158,1352,7510,2026-10-08T04:00:58.217Z,FALSE,"",07:00,TRUE
fare_DEL-BOM_AI_2026-10-15_T+7_1791433399623_twy6,DEL-BOM,EaseMyTrip,AI,AI-2678,2026-10-15,T+7,6230,1367,7597,2026-10-08T04:00:58.217Z,FALSE,"",08:30,TRUE
fare_DEL-BOM_AI_2026-10-15_T+7_1791433399623_bao6,DEL-BOM,EaseMyTrip,AI,AI-2957,2026-10-15,T+7,6230,1367,7597,2026-10-08T04:00:58.217Z,FALSE,"",20:30,TRUE
fare_DEL-BOM_AI_2026-10-15_T+7_1791433399623_v5xc,DEL-BOM,EaseMyTrip,AI,AI-2433,2026-10-15,T+7,6281,1379,7660,2026-10-08T04:00:58.217Z,FALSE,"",21:30,TRUE
fare_DEL-BOM_AI_2026-10-15_T+7_1791433399623_nhsz,DEL-BOM,EaseMyTrip,AI,AI-2985,2026-10-15,T+7,6281,1379,7660,2026-10-08T04:00:58.217Z,FALSE,"",19:30,TRUE
fare_DEL-BOM_6E_2026-10-15_T+7_1791433399623_swhe,DEL-BOM,EaseMyTrip,6E,6E-865,2026-10-15,T+7,6130,1345,7475,2026-10-08T04:00:58.217Z,FALSE,"",20:00,TRUE
fare_DEL-BOM_6E_2026-10-15_T+7_1791433399623_koj8,DEL-BOM,EaseMyTrip,6E,6E-472,2026-10-15,T+7,6130,1345,7475,2026-10-08T04:00:58.217Z,FALSE,"",20:00,TRUE
fare_DEL-BOM_6E_2026-10-15_T+7_1791433399623_zscu,DEL-BOM,EaseMyTrip,6E,6E-6706,2026-10-15,T+7,6130,1345,7475,2026-10-08T04:00:58.217Z,FALSE,"",17:00,TRUE
fare_DEL-BOM_6E_2026-10-15_T+7_1791433399623_bhr8,DEL-BOM,EaseMyTrip,6E,6E-706,2026-10-15,T+7,6130,1345,7475,2026-10-08T04:00:58.217Z,FALSE,"",19:00,TRUE
fare_DEL-BOM_6E_2026-10-15_T+7_1791433399623_0jfp,DEL-BOM,EaseMyTrip,6E,6E-844,2026-10-15,T+7,6130,1345,7475,2026-10-08T04:00:58.217Z,FALSE,"",19:00,TRUE
fare_DEL-BOM_AI_2026-10-15_T+7_1791433399623_kutp,DEL-BOM,EaseMyTrip,AI,AI-2805,2026-10-15,T+7,6384,1401,7785,2026-10-08T04:00:58.217Z,FALSE,"",20:00,TRUE
fare_DEL-BOM_AI_2026-10-15_T+7_1791433399623_ag73,DEL-BOM,EaseMyTrip,AI,AI-2975,2026-10-15,T+7,6386,1402,7788,2026-10-08T04:00:58.217Z,FALSE,"",06:30,TRUE
fare_DEL-BOM_AI_2026-10-15_T+7_1791433399623_4g93,DEL-BOM,EaseMyTrip,AI,AI-1777,2026-10-15,T+7,6386,1402,7788,2026-10-08T04:00:58.217Z,FALSE,"",16:00,TRUE
fare_DEL-BOM_AI_2026-10-15_T+7_1791433399623_lwg8,DEL-BOM,EaseMyTrip,AI,AI-2999,2026-10-15,T+7,6386,1402,7788,2026-10-08T04:00:58.217Z,FALSE,"",21:55,TRUE
fare_DEL-BOM_6E_2026-10-15_T+7_1791433399623_n5m5,DEL-BOM,EaseMyTrip,6E,6E-5014,2026-10-15,T+7,6301,1383,7684,2026-10-08T04:00:58.217Z,FALSE,"",18:30,FALSE
fare_DEL-BOM_6E_2026-10-15_T+7_1791433399623_ctrs,DEL-BOM,EaseMyTrip,6E,6E-6454,2026-10-15,T+7,6301,1383,7684,2026-10-08T04:00:58.217Z,FALSE,"",13:50,FALSE
fare_DEL-BOM_6E_2026-10-15_T+7_1791433399623_5ufp,DEL-BOM,EaseMyTrip,6E,6E-5119,2026-10-15,T+7,6301,1383,7684,2026-10-08T04:00:58.217Z,FALSE,"",05:10,FALSE
fare_DEL-BOM_6E_2026-10-15_T+7_1791433399623_i9ye,DEL-BOM,EaseMyTrip,6E,6E-2076,2026-10-15,T+7,6301,1383,7684,2026-10-08T04:00:58.217Z,FALSE,"",07:30,FALSE
fare_DEL-BOM_6E_2026-10-15_T+7_1791433399623_yraq,DEL-BOM,EaseMyTrip,6E,6E-6171,2026-10-15,T+7,6301,1383,7684,2026-10-08T04:00:58.217Z,FALSE,"",05:40,FALSE
fare_DEL-BOM_6E_2026-10-15_T+7_1791433399623_llqf,DEL-BOM,EaseMyTrip,6E,6E-6983,2026-10-15,T+7,6301,1383,7684,2026-10-08T04:00:58.217Z,FALSE,"",15:35,FALSE
fare_DEL-BOM_6E_2026-10-15_T+7_1791433399623_opco,DEL-BOM,EaseMyTrip,6E,6E-6261,2026-10-15,T+7,6301,1383,7684,2026-10-08T04:00:58.217Z,FALSE,"",00:15,FALSE
fare_DEL-BOM_6E_2026-10-15_T+7_1791433399623_zm3s,DEL-BOM,EaseMyTrip,6E,6E-5073,2026-10-15,T+7,6301,1383,7684,2026-10-08T04:00:58.217Z,FALSE,"",17:05,FALSE
fare_DEL-BOM_6E_2026-10-15_T+7_1791433399623_0cp7,DEL-BOM,EaseMyTrip,6E,6E-6190,2026-10-15,T+7,6489,1425,7914,2026-10-08T04:00:58.217Z,FALSE,"",07:40,FALSE
fare_DEL-BOM_6E_2026-10-15_T+7_1791433399623_thon,DEL-BOM,EaseMyTrip,6E,6E-2169,2026-10-15,T+7,6494,1426,7920,2026-10-08T04:00:58.217Z,FALSE,"",19:20,FALSE
fare_DEL-BOM_6E_2026-10-15_T+7_1791433399623_calm,DEL-BOM,EaseMyTrip,6E,6E-2249,2026-10-15,T+7,6494,1426,7920,2026-10-08T04:00:58.217Z,FALSE,"",15:00,FALSE
fare_DEL-BOM_6E_2026-10-15_T+7_1791433399623_ig2e,DEL-BOM,EaseMyTrip,6E,6E-6829,2026-10-15,T+7,6494,1426,7920,2026-10-08T04:00:58.217Z,FALSE,"",17:20,FALSE
fare_DEL-BOM_6E_2026-10-15_T+7_1791433399623_zxy6,DEL-BOM,EaseMyTrip,6E,6E-6443,2026-10-15,T+7,6494,1426,7920,2026-10-08T04:00:58.217Z,FALSE,"",09:00,FALSE
fare_DEL-BOM_6E_2026-10-15_T+7_1791433399623_a55p,DEL-BOM,EaseMyTrip,6E,6E-5138,2026-10-15,T+7,6494,1426,7920,2026-10-08T04:00:58.217Z,FALSE,"",19:10,FALSE
fare_DEL-BOM_6E_2026-10-15_T+7_1791433399623_4j5r,DEL-BOM,EaseMyTrip,6E,6E-6459,2026-10-15,T+7,6494,1426,7920,2026-10-08T04:00:58.217Z,FALSE,"",05:55,FALSE
fare_DEL-BOM_6E_2026-10-15_T+7_1791433399623_87ht,DEL-BOM,EaseMyTrip,6E,6E-6433,2026-10-15,T+7,6494,1426,7920,2026-10-08T04:00:58.217Z,FALSE,"",16:30,FALSE
fare_DEL-BOM_AI_2026-10-15_T+7_1791433399623_5bbm,DEL-BOM,EaseMyTrip,AI,AI-2977,2026-10-15,T+7,6709,1473,8182,2026-10-08T04:00:58.217Z,FALSE,"",19:00,TRUE
fare_DEL-BOM_6E_2026-10-15_T+7_1791433399623_ap7d,DEL-BOM,EaseMyTrip,6E,6E-6479,2026-10-15,T+7,6559,1440,7999,2026-10-08T04:00:58.217Z,FALSE,"",21:25,FALSE
fare_DEL-BOM_6E_2026-10-15_T+7_1791433399623_n2e6,DEL-BOM,EaseMyTrip,6E,6E-5298,2026-10-15,T+7,6559,1440,7999,2026-10-08T04:00:58.217Z,FALSE,"",09:00,FALSE
fare_DEL-BOM_6E_2026-10-15_T+7_1791433399623_zeu6,DEL-BOM,EaseMyTrip,6E,6E-2113,2026-10-15,T+7,6559,1440,7999,2026-10-08T04:00:58.217Z,FALSE,"",13:20,FALSE
fare_DEL-BOM_6E_2026-10-15_T+7_1791433399623_0vjn,DEL-BOM,EaseMyTrip,6E,6E-6050,2026-10-15,T+7,6559,1440,7999,2026-10-08T04:00:58.217Z,FALSE,"",08:15,FALSE
fare_DEL-BOM_6E_2026-10-15_T+7_1791433399623_h7ww,DEL-BOM,EaseMyTrip,6E,6E-5038,2026-10-15,T+7,6559,1440,7999,2026-10-08T04:00:58.217Z,FALSE,"",14:00,FALSE
fare_DEL-BOM_AI_2026-10-15_T+7_1791433399623_68ki,DEL-BOM,EaseMyTrip,AI,AI-2955,2026-10-15,T+7,6817,1497,8314,2026-10-08T04:00:58.217Z,FALSE,"",18:00,TRUE
fare_DEL-BOM_6E_2026-10-15_T+7_1791433399623_w588,DEL-BOM,EaseMyTrip,6E,6E-6490,2026-10-15,T+7,6683,1467,8150,2026-10-08T04:00:58.217Z,FALSE,"",04:55,FALSE
fare_DEL-BOM_6E_2026-10-15_T+7_1791433399623_gsni,DEL-BOM,EaseMyTrip,6E,6E-6601,2026-10-15,T+7,6753,1482,8235,2026-10-08T04:00:58.217Z,FALSE,"",19:45,FALSE
fare_DEL-BOM_6E_2026-10-15_T+7_1791433399623_ualn,DEL-BOM,EaseMyTrip,6E,6E-6282,2026-10-15,T+7,6753,1482,8235,2026-10-08T04:00:58.217Z,FALSE,"",13:30,FALSE
fare_DEL-BOM_6E_2026-10-15_T+7_1791433399623_phbg,DEL-BOM,EaseMyTrip,6E,6E-812,2026-10-15,T+7,6753,1482,8235,2026-10-08T04:00:58.217Z,FALSE,"",23:15,FALSE
fare_DEL-BOM_6E_2026-10-15_T+7_1791433399623_c1w7,DEL-BOM,EaseMyTrip,6E,6E-284,2026-10-15,T+7,6753,1482,8235,2026-10-08T04:00:58.217Z,FALSE,"",23:15,FALSE
fare_DEL-BOM_6E_2026-10-15_T+7_1791433399623_mtyc,DEL-BOM,EaseMyTrip,6E,6E-395,2026-10-15,T+7,6753,1482,8235,2026-10-08T04:00:58.217Z,FALSE,"",02:25,FALSE
fare_DEL-BOM_6E_2026-10-15_T+7_1791433399623_cuir,DEL-BOM,EaseMyTrip,6E,6E-908,2026-10-15,T+7,6753,1482,8235,2026-10-08T04:00:58.217Z,FALSE,"",02:25,FALSE
fare_DEL-BOM_6E_2026-10-15_T+7_1791433399623_izcu,DEL-BOM,EaseMyTrip,6E,6E-712,2026-10-15,T+7,6775,1487,8262,2026-10-08T04:00:58.217Z,FALSE,"",12:10,FALSE
fare_DEL-BOM_6E_2026-10-15_T+7_1791433399623_2to7,DEL-BOM,EaseMyTrip,6E,6E-549,2026-10-15,T+7,6775,1487,8262,2026-10-08T04:00:58.217Z,FALSE,"",12:10,FALSE
fare_DEL-BOM_6E_2026-10-15_T+7_1791433399623_4m94,DEL-BOM,EaseMyTrip,6E,6E-402,2026-10-15,T+7,6775,1487,8262,2026-10-08T04:00:58.217Z,FALSE,"",19:30,FALSE
fare_DEL-BOM_6E_2026-10-15_T+7_1791433399623_y412,DEL-BOM,EaseMyTrip,6E,6E-235,2026-10-15,T+7,6775,1487,8262,2026-10-08T04:00:58.217Z,FALSE,"",19:30,FALSE
fare_DEL-BOM_6E_2026-10-15_T+7_1791433399623_70w2,DEL-BOM,EaseMyTrip,6E,6E-2341,2026-10-15,T+7,6976,1531,8507,2026-10-08T04:00:58.217Z,FALSE,"",14:50,FALSE
fare_DEL-BOM_6E_2026-10-15_T+7_1791433399623_d2kk,DEL-BOM,EaseMyTrip,6E,6E-486,2026-10-15,T+7,6976,1531,8507,2026-10-08T04:00:58.217Z,FALSE,"",10:00,FALSE
fare_DEL-BOM_6E_2026-10-15_T+7_1791433399623_efk6,DEL-BOM,EaseMyTrip,6E,6E-382,2026-10-15,T+7,6976,1531,8507,2026-10-08T04:00:58.217Z,FALSE,"",10:00,FALSE
fare_DEL-BOM_6E_2026-10-15_T+7_1791433399623_nhri,DEL-BOM,EaseMyTrip,6E,6E-7646,2026-10-15,T+7,7080,1554,8634,2026-10-08T04:00:58.217Z,FALSE,"",06:15,FALSE
fare_DEL-BOM_6E_2026-10-15_T+7_1791433399623_9ash,DEL-BOM,EaseMyTrip,6E,6E-7642,2026-10-15,T+7,7136,1567,8703,2026-10-08T04:00:58.217Z,FALSE,"",15:45,FALSE
fare_DEL-BOM_6E_2026-10-15_T+7_1791433399623_o3im,DEL-BOM,EaseMyTrip,6E,6E-2381,2026-10-15,T+7,7240,1589,8829,2026-10-08T04:00:58.217Z,FALSE,"",13:45,FALSE
fare_DEL-BOM_6E_2026-10-15_T+7_1791433399623_8f3e,DEL-BOM,EaseMyTrip,6E,6E-260,2026-10-15,T+7,7323,1607,8930,2026-10-08T04:00:58.217Z,FALSE,"",19:30,FALSE
fare_DEL-BOM_6E_2026-10-15_T+7_1791433399623_k37n,DEL-BOM,EaseMyTrip,6E,6E-819,2026-10-15,T+7,7323,1607,8930,2026-10-08T04:00:58.217Z,FALSE,"",19:30,FALSE
fare_DEL-BOM_6E_2026-10-15_T+7_1791433399623_kkv1,DEL-BOM,EaseMyTrip,6E,6E-2571,2026-10-15,T+7,7385,1621,9006,2026-10-08T04:00:58.217Z,FALSE,"",12:30,FALSE
fare_DEL-BOM_6E_2026-10-15_T+7_1791433399623_14t3,DEL-BOM,EaseMyTrip,6E,6E-7653,2026-10-15,T+7,7519,1651,9170,2026-10-08T04:00:58.217Z,FALSE,"",17:20,FALSE
fare_DEL-BOM_6E_2026-10-15_T+7_1791433399623_8nat,DEL-BOM,EaseMyTrip,6E,6E-2349,2026-10-15,T+7,7628,1674,9302,2026-10-08T04:00:58.217Z,FALSE,"",10:55,FALSE
fare_DEL-BOM_AI_2026-10-15_T+7_1791433399623_un7j,DEL-BOM,EaseMyTrip,AI,AI-2499,2026-10-15,T+7,7984,1752,9736,2026-10-08T04:00:58.217Z,FALSE,"",06:00,FALSE
fare_DEL-BOM_AI_2026-10-15_T+7_1791433399623_zuk3,DEL-BOM,EaseMyTrip,AI,AI-1717,2026-10-15,T+7,8111,1780,9891,2026-10-08T04:00:58.217Z,FALSE,"",14:20,FALSE
fare_DEL-BOM_IX_2026-10-15_T+7_1791433399623_hnzn,DEL-BOM,EaseMyTrip,IX,IX-1817,2026-10-15,T+7,8183,1796,9979,2026-10-08T04:00:58.217Z,FALSE,"",19:30,FALSE
fare_DEL-BOM_6E_2026-10-15_T+7_1791433399623_fs4m,DEL-BOM,EaseMyTrip,6E,6E-2331,2026-10-15,T+7,8098,1778,9876,2026-10-08T04:00:58.217Z,FALSE,"",12:20,FALSE
fare_DEL-BOM_6E_2026-10-15_T+7_1791433399623_qafj,DEL-BOM,EaseMyTrip,6E,6E-197,2026-10-15,T+7,8168,1793,9961,2026-10-08T04:00:58.217Z,FALSE,"",16:10,FALSE
fare_DEL-BOM_6E_2026-10-15_T+7_1791433399623_mp0d,DEL-BOM,EaseMyTrip,6E,6E-181,2026-10-15,T+7,8168,1793,9961,2026-10-08T04:00:58.217Z,FALSE,"",16:10,FALSE
fare_DEL-BOM_IX_2026-10-15_T+7_1791433399623_wwmm,DEL-BOM,EaseMyTrip,IX,IX-1108,2026-10-15,T+7,8412,1846,10258,2026-10-08T04:00:58.217Z,FALSE,"",05:00,FALSE
fare_DEL-BOM_IX_2026-10-15_T+7_1791433399623_uq9n,DEL-BOM,EaseMyTrip,IX,IX-1049,2026-10-15,T+7,8614,1891,10505,2026-10-08T04:00:58.217Z,FALSE,"",18:40,FALSE
fare_DEL-BOM_AI_2026-10-15_T+7_1791433399623_ik5h,DEL-BOM,EaseMyTrip,AI,AI-9757,2026-10-15,T+7,8610,1890,10500,2026-10-08T04:00:58.217Z,FALSE,"",11:50,FALSE
fare_DEL-BOM_AI_2026-10-15_T+7_1791433399623_30yt,DEL-BOM,EaseMyTrip,AI,AI-2569,2026-10-15,T+7,8758,1923,10681,2026-10-08T04:00:58.217Z,FALSE,"",20:25,FALSE
fare_DEL-BOM_AI_2026-10-15_T+7_1791433399623_s1gq,DEL-BOM,EaseMyTrip,AI,AI-1710,2026-10-15,T+7,8758,1923,10681,2026-10-08T04:00:58.217Z,FALSE,"",18:35,FALSE
fare_DEL-BOM_6E_2026-10-15_T+7_1791433399623_av7p,DEL-BOM,EaseMyTrip,6E,6E-6212,2026-10-15,T+7,9008,1977,10985,2026-10-08T04:00:58.217Z,FALSE,"",14:45,FALSE
fare_DEL-BOM_AI_2026-10-15_T+7_1791433399623_245j,DEL-BOM,EaseMyTrip,AI,AI-9540,2026-10-15,T+7,9246,2030,11276,2026-10-08T04:00:58.217Z,FALSE,"",05:00,FALSE
fare_DEL-BOM_6E_2026-10-15_T+7_1791433399623_ijqi,DEL-BOM,EaseMyTrip,6E,6E-2013,2026-10-15,T+7,9266,2034,11300,2026-10-08T04:00:58.217Z,FALSE,"",21:50,FALSE
fare_DEL-BOM_IX_2026-10-15_T+7_1791433399623_0bg0,DEL-BOM,EaseMyTrip,IX,IX-1068,2026-10-15,T+7,9701,2129,11830,2026-10-08T04:00:58.217Z,FALSE,"",11:55,FALSE
fare_DEL-BOM_AI_2026-10-15_T+7_1791433399623_lao8,DEL-BOM,EaseMyTrip,AI,AI-9920,2026-10-15,T+7,9798,2151,11949,2026-10-08T04:00:58.217Z,FALSE,"",10:50,FALSE
fare_DEL-BOM_IX_2026-10-15_T+7_1791433399623_bift,DEL-BOM,EaseMyTrip,IX,IX-1082,2026-10-15,T+7,11110,2439,13549,2026-10-08T04:00:58.217Z,FALSE,"",21:25,FALSE
fare_DEL-BOM_AI_2026-10-15_T+7_1791433399623_bzu0,DEL-BOM,EaseMyTrip,AI,AI-9418,2026-10-15,T+7,11415,2506,13921,2026-10-08T04:00:58.217Z,FALSE,"",13:10,FALSE
fare_DEL-BOM_6E_2026-10-15_T+7_1791433399623_ke5h,DEL-BOM,EaseMyTrip,6E,6E-890,2026-10-15,T+7,11357,2493,13850,2026-10-08T04:00:58.217Z,FALSE,"",17:55,FALSE
fare_DEL-BOM_6E_2026-10-15_T+7_1791433399623_tzo8,DEL-BOM,EaseMyTrip,6E,6E-194,2026-10-15,T+7,11357,2493,13850,2026-10-08T04:00:58.217Z,FALSE,"",17:55,FALSE
fare_DEL-BOM_AI_2026-10-15_T+7_1791433399623_ul60,DEL-BOM,EaseMyTrip,AI,AI-2715,2026-10-15,T+7,12035,2642,14677,2026-10-08T04:00:58.217Z,FALSE,"",11:40,FALSE
fare_DEL-BOM_AI_2026-10-15_T+7_1791433399623_7lwl,DEL-BOM,EaseMyTrip,AI,AI-2959,2026-10-15,T+7,12035,2642,14677,2026-10-08T04:00:58.217Z,FALSE,"",07:10,FALSE
fare_DEL-BOM_AI_2026-10-15_T+7_1791433399623_e8my,DEL-BOM,EaseMyTrip,AI,AI-2909,2026-10-15,T+7,12035,2642,14677,2026-10-08T04:00:58.217Z,FALSE,"",22:30,FALSE
fare_DEL-BOM_AI_2026-10-15_T+7_1791433399623_cdua,DEL-BOM,EaseMyTrip,AI,AI-2545,2026-10-15,T+7,12035,2642,14677,2026-10-08T04:00:58.217Z,FALSE,"",20:30,FALSE
fare_DEL-BOM_IX_2026-10-15_T+7_1791433399623_mvum,DEL-BOM,EaseMyTrip,IX,IX-1081,2026-10-15,T+7,12065,2649,14714,2026-10-08T04:00:58.217Z,FALSE,"",15:25,FALSE
fare_DEL-BOM_AI_2026-10-15_T+7_1791433399623_2bwx,DEL-BOM,EaseMyTrip,AI,AI-809,2026-10-15,T+7,12133,2663,14796,2026-10-08T04:00:58.217Z,FALSE,"",17:40,FALSE
fare_DEL-BOM_6E_2026-10-15_T+7_1791433399623_i8rk,DEL-BOM,EaseMyTrip,6E,6E-6026,2026-10-15,T+7,12223,2683,14906,2026-10-08T04:00:58.217Z,FALSE,"",05:30,FALSE
fare_DEL-BOM_IX_2026-10-15_T+7_1791433399623_hvs3,DEL-BOM,EaseMyTrip,IX,IX-1076,2026-10-15,T+7,12840,2818,15658,2026-10-08T04:00:58.217Z,TRUE,"High outlier: ₹15658 > upper fence ₹15131 (Q3: ₹10379, IQR: ₹3168)",09:00,FALSE
fare_DEL-BOM_AI_2026-10-15_T+7_1791433399623_5e46,DEL-BOM,EaseMyTrip,AI,AI-1773,2026-10-15,T+7,12977,2848,15825,2026-10-08T04:00:58.217Z,TRUE,"High outlier: ₹15825 > upper fence ₹15131 (Q3: ₹10379, IQR: ₹3168)",10:30,FALSE
fare_DEL-BOM_AI_2026-10-15_T+7_1791433399623_eavt,DEL-BOM,EaseMyTrip,AI,AI-1703,2026-10-15,T+7,12977,2848,15825,2026-10-08T04:00:58.217Z,TRUE,"High outlier: ₹15825 > upper fence ₹15131 (Q3: ₹10379, IQR: ₹3168)",05:10,FALSE
fare_DEL-BOM_AI_2026-10-15_T+7_1791433399623_cg42,DEL-BOM,EaseMyTrip,AI,AI-2627,2026-10-15,T+7,13087,2873,15960,2026-10-08T04:00:58.217Z,TRUE,"High outlier: ₹15960 > upper fence ₹15131 (Q3: ₹10379, IQR: ₹3168)",10:45,FALSE
fare_DEL-BOM_AI_2026-10-15_T+7_1791433399623_6uef,DEL-BOM,EaseMyTrip,AI,AI-2509,2026-10-15,T+7,13163,2889,16052,2026-10-08T04:00:58.217Z,TRUE,"High outlier: ₹16052 > upper fence ₹15131 (Q3: ₹10379, IQR: ₹3168)",06:55,FALSE
fare_DEL-BOM_IX_2026-10-15_T+7_1791433399623_wg5s,DEL-BOM,EaseMyTrip,IX,IX-1067,2026-10-15,T+7,13314,2922,16236,2026-10-08T04:00:58.217Z,TRUE,"High outlier: ₹16236 > upper fence ₹15131 (Q3: ₹10379, IQR: ₹3168)",06:10,FALSE
fare_DEL-BOM_AI_2026-10-15_T+7_1791433399623_ba71,DEL-BOM,EaseMyTrip,AI,AI-2907,2026-10-15,T+7,13760,3021,16781,2026-10-08T04:00:58.217Z,TRUE,"High outlier: ₹16781 > upper fence ₹15131 (Q3: ₹10379, IQR: ₹3168)",12:00,FALSE
fare_DEL-BOM_IX_2026-10-15_T+7_1791433399623_eedy,DEL-BOM,EaseMyTrip,IX,IX-1273,2026-10-15,T+7,14347,3149,17496,2026-10-08T04:00:58.217Z,TRUE,"High outlier: ₹17496 > upper fence ₹15131 (Q3: ₹10379, IQR: ₹3168)",12:05,FALSE
fare_DEL-BOM_AI_2026-10-15_T+7_1791433399623_y5l7,DEL-BOM,EaseMyTrip,AI,AI-1743,2026-10-15,T+7,14680,3223,17903,2026-10-08T04:00:58.217Z,TRUE,"High outlier: ₹17903 > upper fence ₹15131 (Q3: ₹10379, IQR: ₹3168)",06:20,FALSE
fare_DEL-BOM_IX_2026-10-15_T+7_1791433399623_q6ru,DEL-BOM,EaseMyTrip,IX,IX-1815,2026-10-15,T+7,14754,3239,17993,2026-10-08T04:00:58.217Z,TRUE,"High outlier: ₹17993 > upper fence ₹15131 (Q3: ₹10379, IQR: ₹3168)",19:05,FALSE
fare_DEL-BOM_AI_2026-10-15_T+7_1791433399623_kpwq,DEL-BOM,EaseMyTrip,AI,AI-9584,2026-10-15,T+7,14889,3268,18157,2026-10-08T04:00:58.217Z,TRUE,"High outlier: ₹18157 > upper fence ₹15131 (Q3: ₹10379, IQR: ₹3168)",11:15,FALSE
fare_DEL-BOM_IX_2026-10-15_T+7_1791433399623_qkak,DEL-BOM,EaseMyTrip,IX,IX-1812,2026-10-15,T+7,15343,3368,18711,2026-10-08T04:00:58.217Z,TRUE,"High outlier: ₹18711 > upper fence ₹15131 (Q3: ₹10379, IQR: ₹3168)",11:15,FALSE
fare_DEL-BOM_IX_2026-10-15_T+7_1791433399623_8vmf,DEL-BOM,EaseMyTrip,IX,IX-1811,2026-10-15,T+7,15343,3368,18711,2026-10-08T04:00:58.217Z,TRUE,"High outlier: ₹18711 > upper fence ₹15131 (Q3: ₹10379, IQR: ₹3168)",06:50,FALSE
fare_DEL-BOM_AI_2026-10-15_T+7_1791433399623_gyju,DEL-BOM,EaseMyTrip,AI,AI-2577,2026-10-15,T+7,15860,3482,19342,2026-10-08T04:00:58.217Z,TRUE,"High outlier: ₹19342 > upper fence ₹15131 (Q3: ₹10379, IQR: ₹3168)",02:00,FALSE
fare_DEL-BOM_AI_2026-10-15_T+7_1791433399623_9gc7,DEL-BOM,EaseMyTrip,AI,AI-2859,2026-10-15,T+7,15860,3482,19342,2026-10-08T04:00:58.217Z,TRUE,"High outlier: ₹19342 > upper fence ₹15131 (Q3: ₹10379, IQR: ₹3168)",10:30,FALSE
fare_DEL-BOM_AI_2026-10-15_T+7_1791433399623_n6o3,DEL-BOM,EaseMyTrip,AI,AI-2465,2026-10-15,T+7,16206,3558,19764,2026-10-08T04:00:58.217Z,TRUE,"High outlier: ₹19764 > upper fence ₹15131 (Q3: ₹10379, IQR: ₹3168)",14:30,FALSE
fare_DEL-BOM_AI_2026-10-15_T+7_1791433399623_co1s,DEL-BOM,EaseMyTrip,AI,AI-2653,2026-10-15,T+7,16515,3625,20140,2026-10-08T04:00:58.217Z,TRUE,"High outlier: ₹20140 > upper fence ₹15131 (Q3: ₹10379, IQR: ₹3168)",04:30,FALSE
fare_DEL-BOM_AI_2026-10-15_T+7_1791433399623_p5fy,DEL-BOM,EaseMyTrip,AI,AI-2483,2026-10-15,T+7,18565,4075,22640,2026-10-08T04:00:58.217Z,TRUE,"High outlier: ₹22640 > upper fence ₹15131 (Q3: ₹10379, IQR: ₹3168)",12:20,FALSE
fare_DEL-BOM_IX_2026-10-15_T+7_1791433399623_0b20,DEL-BOM,EaseMyTrip,IX,IX-1059,2026-10-15,T+7,19044,4180,23224,2026-10-08T04:00:58.217Z,TRUE,"High outlier: ₹23224 > upper fence ₹15131 (Q3: ₹10379, IQR: ₹3168)",12:15,FALSE
fare_DEL-BOM_AI_2026-10-15_T+7_1791433399623_d9yz,DEL-BOM,EaseMyTrip,AI,AI-427,2026-10-15,T+7,22613,4964,27577,2026-10-08T04:00:58.217Z,TRUE,"High outlier: ₹27577 > upper fence ₹15131 (Q3: ₹10379, IQR: ₹3168)",08:30,FALSE
fare_DEL-BOM_IX_2026-10-15_T+7_1791433399623_65z5,DEL-BOM,EaseMyTrip,IX,IX-1057,2026-10-15,T+7,23778,5220,28998,2026-10-08T04:00:58.217Z,TRUE,"High outlier: ₹28998 > upper fence ₹15131 (Q3: ₹10379, IQR: ₹3168)",06:20,FALSE
fare_DEL-BOM_IX_2026-10-15_T+7_1791433399623_je55,DEL-BOM,EaseMyTrip,IX,IX-1064,2026-10-15,T+7,29720,6524,36244,2026-10-08T04:00:58.217Z,TRUE,"High outlier: ₹36244 > upper fence ₹15131 (Q3: ₹10379, IQR: ₹3168)",19:10,FALSE
fare_DEL-CCU_QP_2026-10-23_T+15_1791433399623_f4uh,DEL-CCU,EaseMyTrip,QP,QP-1569,2026-10-23,T+15,6107,1341,7448,2026-10-08T04:04:09.120Z,FALSE,"",10:30,TRUE
fare_DEL-CCU_6E_2026-10-23_T+15_1791433399623_dsmb,DEL-CCU,EaseMyTrip,6E,6E-2589,2026-10-23,T+15,8164,1792,9956,2026-10-08T04:04:09.120Z,FALSE,"",16:10,TRUE
fare_DEL-CCU_IX_2026-10-23_T+15_1791433399623_g1b1,DEL-CCU,EaseMyTrip,IX,IX-1524,2026-10-23,T+15,9726,2135,11861,2026-10-08T04:04:09.120Z,FALSE,"",16:35,TRUE
fare_DEL-CCU_6E_2026-10-23_T+15_1791433399623_x5uo,DEL-CCU,EaseMyTrip,6E,6E-6236,2026-10-23,T+15,9638,2116,11754,2026-10-08T04:04:09.120Z,FALSE,"",16:20,FALSE
fare_DEL-CCU_6E_2026-10-23_T+15_1791433399623_vdab,DEL-CCU,EaseMyTrip,6E,6E-6503,2026-10-23,T+15,9669,2122,11791,2026-10-08T04:04:09.120Z,FALSE,"",13:25,FALSE
fare_DEL-CCU_6E_2026-10-23_T+15_1791433399623_pjk1,DEL-CCU,EaseMyTrip,6E,6E-7624,2026-10-23,T+15,9743,2139,11882,2026-10-08T04:04:09.120Z,FALSE,"",05:50,FALSE
fare_DEL-CCU_6E_2026-10-23_T+15_1791433399623_v5x2,DEL-CCU,EaseMyTrip,6E,6E-5073,2026-10-23,T+15,9776,2146,11922,2026-10-08T04:04:09.120Z,FALSE,"",17:05,FALSE
fare_DEL-CCU_6E_2026-10-23_T+15_1791433399623_vnc9,DEL-CCU,EaseMyTrip,6E,6E-5119,2026-10-23,T+15,9776,2146,11922,2026-10-08T04:04:09.120Z,FALSE,"",05:10,FALSE
fare_DEL-CCU_QP_2026-10-23_T+15_1791433399623_jekj,DEL-CCU,EaseMyTrip,QP,QP-1803,2026-10-23,T+15,9794,2150,11944,2026-10-08T04:04:09.120Z,FALSE,"",17:00,TRUE
fare_DEL-CCU_6E_2026-10-23_T+15_1791433399623_k3db,DEL-CCU,EaseMyTrip,6E,6E-6371,2026-10-23,T+15,9862,2165,12027,2026-10-08T04:04:09.120Z,FALSE,"",06:20,FALSE
fare_DEL-CCU_6E_2026-10-23_T+15_1791433399623_zld6,DEL-CCU,EaseMyTrip,6E,6E-5033,2026-10-23,T+15,9937,2181,12118,2026-10-08T04:04:09.120Z,FALSE,"",15:50,FALSE
fare_DEL-CCU_SG_2026-10-23_T+15_1791433399623_fttp,DEL-CCU,EaseMyTrip,SG,SG-520,2026-10-23,T+15,10225,2245,12470,2026-10-08T04:04:09.120Z,FALSE,"",22:30,TRUE
fare_DEL-CCU_SG_2026-10-23_T+15_1791433399623_n2pr,DEL-CCU,EaseMyTrip,SG,SG-929,2026-10-23,T+15,10225,2245,12470,2026-10-08T04:04:09.120Z,FALSE,"",22:30,TRUE
fare_DEL-CCU_6E_2026-10-23_T+15_1791433399623_l30n,DEL-CCU,EaseMyTrip,6E,6E-6829,2026-10-23,T+15,10130,2224,12354,2026-10-08T04:04:09.120Z,FALSE,"",17:20,FALSE
fare_DEL-CCU_6E_2026-10-23_T+15_1791433399623_food,DEL-CCU,EaseMyTrip,6E,6E-6551,2026-10-23,T+15,10431,2290,12721,2026-10-08T04:04:09.120Z,FALSE,"",12:00,FALSE
fare_DEL-CCU_6E_2026-10-23_T+15_1791433399623_4kda,DEL-CCU,EaseMyTrip,6E,6E-5298,2026-10-23,T+15,10547,2315,12862,2026-10-08T04:04:09.120Z,FALSE,"",09:00,FALSE
fare_DEL-CCU_6E_2026-10-23_T+15_1791433399623_mbet,DEL-CCU,EaseMyTrip,6E,6E-2453,2026-10-23,T+15,10585,2324,12909,2026-10-08T04:04:09.120Z,FALSE,"",13:35,FALSE
fare_DEL-CCU_6E_2026-10-23_T+15_1791433399623_o60z,DEL-CCU,EaseMyTrip,6E,6E-2769,2026-10-23,T+15,10585,2324,12909,2026-10-08T04:04:09.120Z,FALSE,"",08:10,FALSE
fare_DEL-CCU_6E_2026-10-23_T+15_1791433399623_gcij,DEL-CCU,EaseMyTrip,6E,6E-680,2026-10-23,T+15,10631,2334,12965,2026-10-08T04:04:09.120Z,FALSE,"",02:45,TRUE
fare_DEL-CCU_6E_2026-10-23_T+15_1791433399623_hgmd,DEL-CCU,EaseMyTrip,6E,6E-869,2026-10-23,T+15,10631,2334,12965,2026-10-08T04:04:09.120Z,FALSE,"",02:45,TRUE
fare_DEL-CCU_6E_2026-10-23_T+15_1791433399623_17pw,DEL-CCU,EaseMyTrip,6E,6E-7628,2026-10-23,T+15,10690,2347,13037,2026-10-08T04:04:09.120Z,FALSE,"",15:05,FALSE
fare_DEL-CCU_6E_2026-10-23_T+15_1791433399623_wjd7,DEL-CCU,EaseMyTrip,6E,6E-2267,2026-10-23,T+15,10699,2348,13047,2026-10-08T04:04:09.120Z,FALSE,"",16:40,FALSE
fare_DEL-CCU_AI_2026-10-23_T+15_1791433399623_60cl,DEL-CCU,EaseMyTrip,AI,AI-2513,2026-10-23,T+15,11044,2424,13468,2026-10-08T04:04:09.120Z,FALSE,"",12:10,TRUE
fare_DEL-CCU_6E_2026-10-23_T+15_1791433399623_bj0i,DEL-CCU,EaseMyTrip,6E,6E-411,2026-10-23,T+15,11277,2475,13752,2026-10-08T04:04:09.120Z,FALSE,"",23:30,TRUE
fare_DEL-CCU_6E_2026-10-23_T+15_1791433399623_1qc5,DEL-CCU,EaseMyTrip,6E,6E-635,2026-10-23,T+15,11277,2475,13752,2026-10-08T04:04:09.120Z,FALSE,"",23:30,TRUE
fare_DEL-CCU_AI_2026-10-23_T+15_1791433399623_7dlj,DEL-CCU,EaseMyTrip,AI,AI-2702,2026-10-23,T+15,11550,2535,14085,2026-10-08T04:04:09.120Z,FALSE,"",02:30,TRUE
fare_DEL-CCU_6E_2026-10-23_T+15_1791433399623_f2d5,DEL-CCU,EaseMyTrip,6E,6E-5023,2026-10-23,T+15,11446,2513,13959,2026-10-08T04:04:09.120Z,FALSE,"",18:10,FALSE
fare_DEL-CCU_6E_2026-10-23_T+15_1791433399623_s54e,DEL-CCU,EaseMyTrip,6E,6E-6053,2026-10-23,T+15,11614,2549,14163,2026-10-08T04:04:09.120Z,FALSE,"",13:05,FALSE
fare_DEL-CCU_6E_2026-10-23_T+15_1791433399623_e023,DEL-CCU,EaseMyTrip,6E,6E-2614,2026-10-23,T+15,11791,2588,14379,2026-10-08T04:04:09.120Z,FALSE,"",14:40,FALSE
fare_DEL-CCU_QP_2026-10-23_T+15_1791433399623_76gi,DEL-CCU,EaseMyTrip,QP,QP-1801,2026-10-23,T+15,11812,2593,14405,2026-10-08T04:04:09.120Z,FALSE,"",05:55,TRUE
fare_DEL-CCU_6E_2026-10-23_T+15_1791433399623_4uhk,DEL-CCU,EaseMyTrip,6E,6E-674,2026-10-23,T+15,11965,2627,14592,2026-10-08T04:04:09.120Z,FALSE,"",10:15,TRUE
fare_DEL-CCU_6E_2026-10-23_T+15_1791433399623_sybw,DEL-CCU,EaseMyTrip,6E,6E-964,2026-10-23,T+15,11965,2627,14592,2026-10-08T04:04:09.120Z,FALSE,"",10:15,TRUE
fare_DEL-CCU_6E_2026-10-23_T+15_1791433399623_6ils,DEL-CCU,EaseMyTrip,6E,6E-384,2026-10-23,T+15,11965,2627,14592,2026-10-08T04:04:09.120Z,FALSE,"",08:30,TRUE
fare_DEL-CCU_6E_2026-10-23_T+15_1791433399623_yeap,DEL-CCU,EaseMyTrip,6E,6E-817,2026-10-23,T+15,11965,2627,14592,2026-10-08T04:04:09.120Z,FALSE,"",08:30,TRUE
fare_DEL-CCU_6E_2026-10-23_T+15_1791433399623_enpo,DEL-CCU,EaseMyTrip,6E,6E-362,2026-10-23,T+15,11965,2627,14592,2026-10-08T04:04:09.120Z,FALSE,"",12:45,TRUE
fare_DEL-CCU_6E_2026-10-23_T+15_1791433399623_rjku,DEL-CCU,EaseMyTrip,6E,6E-753,2026-10-23,T+15,11965,2627,14592,2026-10-08T04:04:09.120Z,FALSE,"",12:45,TRUE
fare_DEL-CCU_6E_2026-10-23_T+15_1791433399623_u9g4,DEL-CCU,EaseMyTrip,6E,6E-232,2026-10-23,T+15,11965,2627,14592,2026-10-08T04:04:09.120Z,FALSE,"",14:25,TRUE
fare_DEL-CCU_6E_2026-10-23_T+15_1791433399623_kygl,DEL-CCU,EaseMyTrip,6E,6E-839,2026-10-23,T+15,11965,2627,14592,2026-10-08T04:04:09.120Z,FALSE,"",14:25,TRUE
fare_DEL-CCU_6E_2026-10-23_T+15_1791433399623_i24u,DEL-CCU,EaseMyTrip,6E,6E-6378,2026-10-23,T+15,11992,2632,14624,2026-10-08T04:04:09.120Z,FALSE,"",14:40,FALSE
fare_DEL-CCU_IX_2026-10-23_T+15_1791433399623_82es,DEL-CCU,EaseMyTrip,IX,IX-1273,2026-10-23,T+15,12193,2676,14869,2026-10-08T04:04:09.120Z,FALSE,"",12:05,FALSE
fare_DEL-CCU_6E_2026-10-23_T+15_1791433399623_2wax,DEL-CCU,EaseMyTrip,6E,6E-2259,2026-10-23,T+15,12307,2702,15009,2026-10-08T04:04:09.120Z,FALSE,"",12:20,FALSE
fare_DEL-CCU_IX_2026-10-23_T+15_1791433399623_4692,DEL-CCU,EaseMyTrip,IX,IX-1081,2026-10-23,T+15,12703,2788,15491,2026-10-08T04:04:09.120Z,FALSE,"",15:25,FALSE
fare_DEL-CCU_6E_2026-10-23_T+15_1791433399623_yilc,DEL-CCU,EaseMyTrip,6E,6E-159,2026-10-23,T+15,12698,2787,15485,2026-10-08T04:04:09.120Z,FALSE,"",21:50,TRUE
fare_DEL-CCU_6E_2026-10-23_T+15_1791433399623_f0m3,DEL-CCU,EaseMyTrip,6E,6E-642,2026-10-23,T+15,12698,2787,15485,2026-10-08T04:04:09.120Z,FALSE,"",21:50,TRUE
fare_DEL-CCU_6E_2026-10-23_T+15_1791433399623_c2xg,DEL-CCU,EaseMyTrip,6E,6E-6517,2026-10-23,T+15,12698,2787,15485,2026-10-08T04:04:09.120Z,FALSE,"",19:30,TRUE
fare_DEL-CCU_6E_2026-10-23_T+15_1791433399623_43sa,DEL-CCU,EaseMyTrip,6E,6E-2276,2026-10-23,T+15,12698,2787,15485,2026-10-08T04:04:09.120Z,FALSE,"",17:55,TRUE
fare_DEL-CCU_6E_2026-10-23_T+15_1791433399623_bxhu,DEL-CCU,EaseMyTrip,6E,6E-5307,2026-10-23,T+15,12746,2798,15544,2026-10-08T04:04:09.120Z,FALSE,"",10:50,FALSE
fare_DEL-CCU_IX_2026-10-23_T+15_1791433399623_88g9,DEL-CCU,EaseMyTrip,IX,IX-1076,2026-10-23,T+15,13400,2941,16341,2026-10-08T04:04:09.120Z,FALSE,"",09:00,FALSE
fare_DEL-CCU_IX_2026-10-23_T+15_1791433399623_tjyp,DEL-CCU,EaseMyTrip,IX,IX-1067,2026-10-23,T+15,13400,2941,16341,2026-10-08T04:04:09.120Z,FALSE,"",06:10,FALSE
fare_DEL-CCU_6E_2026-10-23_T+15_1791433399623_vk0h,DEL-CCU,EaseMyTrip,6E,6E-6415,2026-10-23,T+15,13429,2948,16377,2026-10-08T04:04:09.120Z,FALSE,"",16:00,TRUE
fare_DEL-CCU_SG_2026-10-23_T+15_1791433399623_edsf,DEL-CCU,EaseMyTrip,SG,SG-648,2026-10-23,T+15,14304,3140,17444,2026-10-08T04:04:09.120Z,FALSE,"",12:10,TRUE
fare_DEL-CCU_SG_2026-10-23_T+15_1791433399623_er2k,DEL-CCU,EaseMyTrip,SG,SG-255,2026-10-23,T+15,14304,3140,17444,2026-10-08T04:04:09.120Z,FALSE,"",12:10,TRUE
fare_DEL-CCU_AI_2026-10-23_T+15_1791433399623_6iqc,DEL-CCU,EaseMyTrip,AI,AI-1791,2026-10-23,T+15,14327,3145,17472,2026-10-08T04:04:09.120Z,FALSE,"",09:55,TRUE
fare_DEL-CCU_AI_2026-10-23_T+15_1791433399623_33dr,DEL-CCU,EaseMyTrip,AI,AI-1714,2026-10-23,T+15,14327,3145,17472,2026-10-08T04:04:09.120Z,FALSE,"",21:00,TRUE
fare_DEL-CCU_6E_2026-10-23_T+15_1791433399623_qrod,DEL-CCU,EaseMyTrip,6E,6E-6246,2026-10-23,T+15,14322,3144,17466,2026-10-08T04:04:09.120Z,FALSE,"",05:25,FALSE
fare_DEL-CCU_6E_2026-10-23_T+15_1791433399623_h4rn,DEL-CCU,EaseMyTrip,6E,6E-488,2026-10-23,T+15,14718,3231,17949,2026-10-08T04:04:09.120Z,FALSE,"",02:25,FALSE
fare_DEL-CCU_6E_2026-10-23_T+15_1791433399623_tdn4,DEL-CCU,EaseMyTrip,6E,6E-102,2026-10-23,T+15,14718,3231,17949,2026-10-08T04:04:09.120Z,FALSE,"",02:25,FALSE
fare_DEL-CCU_AI_2026-10-23_T+15_1791433399623_il73,DEL-CCU,EaseMyTrip,AI,AI-2678,2026-10-23,T+15,14894,3269,18163,2026-10-08T04:04:09.120Z,FALSE,"",08:30,FALSE
fare_DEL-CCU_AI_2026-10-23_T+15_1791433399623_hrru,DEL-CCU,EaseMyTrip,AI,AI-2943,2026-10-23,T+15,14894,3269,18163,2026-10-08T04:04:09.120Z,FALSE,"",07:30,FALSE
fare_DEL-CCU_AI_2026-10-23_T+15_1791433399623_vapv,DEL-CCU,EaseMyTrip,AI,AI-1745,2026-10-23,T+15,14894,3269,18163,2026-10-08T04:04:09.120Z,FALSE,"",05:00,FALSE
fare_DEL-CCU_6E_2026-10-23_T+15_1791433399623_1a4l,DEL-CCU,EaseMyTrip,6E,6E-677,2026-10-23,T+15,14820,3253,18073,2026-10-08T04:04:09.120Z,FALSE,"",17:55,FALSE
fare_DEL-CCU_6E_2026-10-23_T+15_1791433399623_teyz,DEL-CCU,EaseMyTrip,6E,6E-419,2026-10-23,T+15,14820,3253,18073,2026-10-08T04:04:09.120Z,FALSE,"",17:55,FALSE
fare_DEL-CCU_AI_2026-10-23_T+15_1791433399623_50v2,DEL-CCU,EaseMyTrip,AI,AI-2709,2026-10-23,T+15,15264,3351,18615,2026-10-08T04:04:09.120Z,FALSE,"",19:40,TRUE
fare_DEL-CCU_AI_2026-10-23_T+15_1791433399623_zasz,DEL-CCU,EaseMyTrip,AI,AI-2707,2026-10-23,T+15,15264,3351,18615,2026-10-08T04:04:09.120Z,FALSE,"",18:00,TRUE
fare_DEL-CCU_AI_2026-10-23_T+15_1791433399623_etf5,DEL-CCU,EaseMyTrip,AI,AI-2767,2026-10-23,T+15,15264,3351,18615,2026-10-08T04:04:09.120Z,FALSE,"",13:00,TRUE
fare_DEL-CCU_AI_2026-10-23_T+15_1791433399623_r5z0,DEL-CCU,EaseMyTrip,AI,AI-1733,2026-10-23,T+15,15264,3351,18615,2026-10-08T04:04:09.120Z,FALSE,"",16:15,TRUE
fare_DEL-CCU_AI_2026-10-23_T+15_1791433399623_juzq,DEL-CCU,EaseMyTrip,AI,AI-2433,2026-10-23,T+15,15272,3353,18625,2026-10-08T04:04:09.120Z,FALSE,"",21:30,FALSE
fare_DEL-CCU_AI_2026-10-23_T+15_1791433399623_6j91,DEL-CCU,EaseMyTrip,AI,AI-2981,2026-10-23,T+15,15272,3353,18625,2026-10-08T04:04:09.120Z,FALSE,"",21:00,FALSE
fare_DEL-CCU_AI_2026-10-23_T+15_1791433399623_ijo4,DEL-CCU,EaseMyTrip,AI,AI-2957,2026-10-23,T+15,15272,3353,18625,2026-10-08T04:04:09.120Z,FALSE,"",20:30,FALSE
fare_DEL-CCU_SG_2026-10-23_T+15_1791433399623_4jtu,DEL-CCU,EaseMyTrip,SG,SG-115,2026-10-23,T+15,17099,3754,20853,2026-10-08T04:04:09.120Z,FALSE,"",20:30,TRUE
fare_DEL-CCU_SG_2026-10-23_T+15_1791433399623_2hy0,DEL-CCU,EaseMyTrip,SG,SG-260,2026-10-23,T+15,17099,3754,20853,2026-10-08T04:04:09.120Z,FALSE,"",20:30,TRUE
fare_DEL-CCU_6E_2026-10-23_T+15_1791433399623_2kb5,DEL-CCU,EaseMyTrip,6E,6E-6312,2026-10-23,T+15,15772,3462,19234,2026-10-08T04:04:09.120Z,FALSE,"",14:25,FALSE
fare_DEL-CCU_6E_2026-10-23_T+15_1791433399623_u9s8,DEL-CCU,EaseMyTrip,6E,6E-994,2026-10-23,T+15,15853,3480,19333,2026-10-08T04:04:09.120Z,FALSE,"",17:55,FALSE
fare_DEL-CCU_6E_2026-10-23_T+15_1791433399623_xtz9,DEL-CCU,EaseMyTrip,6E,6E-351,2026-10-23,T+15,15853,3480,19333,2026-10-08T04:04:09.120Z,FALSE,"",17:55,FALSE
fare_DEL-CCU_6E_2026-10-23_T+15_1791433399623_mh0g,DEL-CCU,EaseMyTrip,6E,6E-121,2026-10-23,T+15,15935,3498,19433,2026-10-08T04:04:09.120Z,FALSE,"",08:30,FALSE
fare_DEL-CCU_6E_2026-10-23_T+15_1791433399623_47fq,DEL-CCU,EaseMyTrip,6E,6E-237,2026-10-23,T+15,15935,3498,19433,2026-10-08T04:04:09.120Z,FALSE,"",08:30,FALSE
fare_DEL-CCU_6E_2026-10-23_T+15_1791433399623_ugpn,DEL-CCU,EaseMyTrip,6E,6E-6293,2026-10-23,T+15,15935,3498,19433,2026-10-08T04:04:09.120Z,FALSE,"",09:55,FALSE
fare_DEL-CCU_6E_2026-10-23_T+15_1791433399623_8tn2,DEL-CCU,EaseMyTrip,6E,6E-613,2026-10-23,T+15,15935,3498,19433,2026-10-08T04:04:09.120Z,FALSE,"",07:10,FALSE
fare_DEL-CCU_6E_2026-10-23_T+15_1791433399623_nv1z,DEL-CCU,EaseMyTrip,6E,6E-398,2026-10-23,T+15,15935,3498,19433,2026-10-08T04:04:09.120Z,FALSE,"",07:10,FALSE
fare_DEL-CCU_6E_2026-10-23_T+15_1791433399623_cb6t,DEL-CCU,EaseMyTrip,6E,6E-2316,2026-10-23,T+15,15953,3502,19455,2026-10-08T04:04:09.120Z,FALSE,"",17:30,FALSE
fare_DEL-CCU_6E_2026-10-23_T+15_1791433399623_zjd7,DEL-CCU,EaseMyTrip,6E,6E-5041,2026-10-23,T+15,15953,3502,19455,2026-10-08T04:04:09.120Z,FALSE,"",15:10,FALSE
fare_DEL-CCU_6E_2026-10-23_T+15_1791433399623_uvkr,DEL-CCU,EaseMyTrip,6E,6E-5191,2026-10-23,T+15,16012,3515,19527,2026-10-08T04:04:09.120Z,FALSE,"",05:00,TRUE
fare_DEL-CCU_6E_2026-10-23_T+15_1791433399623_0hi3,DEL-CCU,EaseMyTrip,6E,6E-467,2026-10-23,T+15,16012,3515,19527,2026-10-08T04:04:09.120Z,FALSE,"",07:20,TRUE
fare_DEL-CCU_6E_2026-10-23_T+15_1791433399623_3fpe,DEL-CCU,EaseMyTrip,6E,6E-834,2026-10-23,T+15,16012,3515,19527,2026-10-08T04:04:09.120Z,FALSE,"",07:20,TRUE
fare_DEL-CCU_6E_2026-10-23_T+15_1791433399623_f1wt,DEL-CCU,EaseMyTrip,6E,6E-6282,2026-10-23,T+15,16096,3533,19629,2026-10-08T04:04:09.120Z,FALSE,"",13:30,FALSE
fare_DEL-CCU_6E_2026-10-23_T+15_1791433399623_1tul,DEL-CCU,EaseMyTrip,6E,6E-6217,2026-10-23,T+15,16268,3571,19839,2026-10-08T04:04:09.120Z,FALSE,"",16:15,FALSE
fare_DEL-CCU_6E_2026-10-23_T+15_1791433399623_rqpv,DEL-CCU,EaseMyTrip,6E,6E-6190,2026-10-23,T+15,16273,3572,19845,2026-10-08T04:04:09.120Z,FALSE,"",07:40,FALSE
fare_DEL-CCU_6E_2026-10-23_T+15_1791433399623_k7wq,DEL-CCU,EaseMyTrip,6E,6E-2373,2026-10-23,T+15,16354,3590,19944,2026-10-08T04:04:09.120Z,FALSE,"",11:25,FALSE
fare_DEL-CCU_AI_2026-10-23_T+15_1791433399623_cybf,DEL-CCU,EaseMyTrip,AI,AI-2425,2026-10-23,T+15,16872,3703,20575,2026-10-08T04:04:09.120Z,FALSE,"",10:30,FALSE
fare_DEL-CCU_AI_2026-10-23_T+15_1791433399623_xdid,DEL-CCU,EaseMyTrip,AI,AI-2995,2026-10-23,T+15,16872,3703,20575,2026-10-08T04:04:09.120Z,FALSE,"",10:00,FALSE
fare_DEL-CCU_AI_2026-10-23_T+15_1791433399623_7h91,DEL-CCU,EaseMyTrip,AI,AI-2927,2026-10-23,T+15,16872,3703,20575,2026-10-08T04:04:09.120Z,FALSE,"",09:30,FALSE
fare_DEL-CCU_AI_2026-10-23_T+15_1791433399623_a7u2,DEL-CCU,EaseMyTrip,AI,AI-1785,2026-10-23,T+15,16872,3703,20575,2026-10-08T04:04:09.120Z,FALSE,"",12:00,FALSE
fare_DEL-CCU_AI_2026-10-23_T+15_1791433399623_xo7n,DEL-CCU,EaseMyTrip,AI,AI-2945,2026-10-23,T+15,16872,3703,20575,2026-10-08T04:04:09.120Z,FALSE,"",11:00,FALSE
fare_DEL-CCU_AI_2026-10-23_T+15_1791433399623_1wi0,DEL-CCU,EaseMyTrip,AI,AI-2429,2026-10-23,T+15,16872,3703,20575,2026-10-08T04:04:09.120Z,FALSE,"",07:00,FALSE
fare_DEL-CCU_AI_2026-10-23_T+15_1791433399623_9h9y,DEL-CCU,EaseMyTrip,AI,AI-2975,2026-10-23,T+15,16872,3703,20575,2026-10-08T04:04:09.120Z,FALSE,"",06:30,FALSE
fare_DEL-CCU_AI_2026-10-23_T+15_1791433399623_ax3x,DEL-CCU,EaseMyTrip,AI,AI-2815,2026-10-23,T+15,16967,3725,20692,2026-10-08T04:04:09.120Z,FALSE,"",07:00,FALSE
fare_DEL-CCU_AI_2026-10-23_T+15_1791433399623_pv5m,DEL-CCU,EaseMyTrip,AI,AI-2653,2026-10-23,T+15,16967,3725,20692,2026-10-08T04:04:09.120Z,FALSE,"",04:30,FALSE
fare_DEL-CCU_AI_2026-10-23_T+15_1791433399623_q42m,DEL-CCU,EaseMyTrip,AI,AI-537,2026-10-23,T+15,17555,3853,21408,2026-10-08T04:04:09.120Z,FALSE,"",15:45,FALSE
fare_DEL-CCU_AI_2026-10-23_T+15_1791433399623_jpwo,DEL-CCU,EaseMyTrip,AI,AI-2483,2026-10-23,T+15,17555,3853,21408,2026-10-08T04:04:09.120Z,FALSE,"",12:20,FALSE
fare_DEL-CCU_AI_2026-10-23_T+15_1791433399623_1wym,DEL-CCU,EaseMyTrip,AI,AI-2803,2026-10-23,T+15,17771,3901,21672,2026-10-08T04:04:09.120Z,FALSE,"",06:30,FALSE
fare_DEL-CCU_SG_2026-10-23_T+15_1791433399623_f3tm,DEL-CCU,EaseMyTrip,SG,SG-693,2026-10-23,T+15,19321,4241,23562,2026-10-08T04:04:09.120Z,FALSE,"",06:10,TRUE
fare_DEL-CCU_SG_2026-10-23_T+15_1791433399623_l9ad,DEL-CCU,EaseMyTrip,SG,SG-577,2026-10-23,T+15,19321,4241,23562,2026-10-08T04:04:09.120Z,FALSE,"",06:10,TRUE
fare_DEL-CCU_SG_2026-10-23_T+15_1791433399623_ix0n,DEL-CCU,EaseMyTrip,SG,SG-611,2026-10-23,T+15,19321,4241,23562,2026-10-08T04:04:09.120Z,FALSE,"",20:10,TRUE
fare_DEL-CCU_SG_2026-10-23_T+15_1791433399623_nqim,DEL-CCU,EaseMyTrip,SG,SG-647,2026-10-23,T+15,19321,4241,23562,2026-10-08T04:04:09.120Z,FALSE,"",20:10,TRUE
fare_DEL-CCU_6E_2026-10-23_T+15_1791433399623_el1n,DEL-CCU,EaseMyTrip,6E,6E-5038,2026-10-23,T+15,17689,3883,21572,2026-10-08T04:04:09.120Z,FALSE,"",14:00,FALSE
fare_DEL-CCU_IX_2026-10-23_T+15_1791433399623_fddd,DEL-CCU,EaseMyTrip,IX,IX-1671,2026-10-23,T+15,17894,3928,21822,2026-10-08T04:04:09.120Z,FALSE,"",19:55,FALSE
fare_DEL-CCU_6E_2026-10-23_T+15_1791433399623_jbj0,DEL-CCU,EaseMyTrip,6E,6E-6073,2026-10-23,T+15,17896,3928,21824,2026-10-08T04:04:09.120Z,FALSE,"",05:00,FALSE
fare_DEL-CCU_IX_2026-10-23_T+15_1791433399623_qcog,DEL-CCU,EaseMyTrip,IX,IX-1085,2026-10-23,T+15,18283,4013,22296,2026-10-08T04:04:09.120Z,FALSE,"",12:55,FALSE
fare_DEL-CCU_IX_2026-10-23_T+15_1791433399623_b0r8,DEL-CCU,EaseMyTrip,IX,IX-1035,2026-10-23,T+15,18283,4013,22296,2026-10-08T04:04:09.120Z,FALSE,"",07:30,FALSE
fare_DEL-CCU_IX_2026-10-23_T+15_1791433399623_3228,DEL-CCU,EaseMyTrip,IX,IX-1032,2026-10-23,T+15,18283,4013,22296,2026-10-08T04:04:09.120Z,FALSE,"",05:45,FALSE
fare_DEL-CCU_6E_2026-10-23_T+15_1791433399623_ur3c,DEL-CCU,EaseMyTrip,6E,6E-5215,2026-10-23,T+15,18148,3984,22132,2026-10-08T04:04:09.120Z,FALSE,"",07:40,FALSE
fare_DEL-CCU_AI_2026-10-23_T+15_1791433399623_9xk1,DEL-CCU,EaseMyTrip,AI,AI-2951,2026-10-23,T+15,18753,4116,22869,2026-10-08T04:04:09.120Z,FALSE,"",13:30,FALSE
fare_DEL-CCU_SG_2026-10-23_T+15_1791433399623_q1jf,DEL-CCU,EaseMyTrip,SG,SG-2150,2026-10-23,T+15,20038,4398,24436,2026-10-08T04:04:09.120Z,FALSE,"",07:40,FALSE
fare_DEL-CCU_6E_2026-10-23_T+15_1791433399623_b54q,DEL-CCU,EaseMyTrip,6E,6E-5036,2026-10-23,T+15,18808,4129,22937,2026-10-08T04:04:09.120Z,FALSE,"",08:00,FALSE
fare_DEL-CCU_IX_2026-10-23_T+15_1791433399623_jla1,DEL-CCU,EaseMyTrip,IX,IX-1070,2026-10-23,T+15,19129,4199,23328,2026-10-08T04:04:09.120Z,FALSE,"",22:00,FALSE
fare_DEL-CCU_AI_2026-10-23_T+15_1791433399623_n4io,DEL-CCU,EaseMyTrip,AI,AI-9486,2026-10-23,T+15,19139,4201,23340,2026-10-08T04:04:09.120Z,FALSE,"",17:50,FALSE
fare_DEL-CCU_AI_2026-10-23_T+15_1791433399623_uu8y,DEL-CCU,EaseMyTrip,AI,AI-2805,2026-10-23,T+15,19226,4220,23446,2026-10-08T04:04:09.120Z,FALSE,"",20:00,FALSE
fare_DEL-CCU_AI_2026-10-23_T+15_1791433399623_5k6p,DEL-CCU,EaseMyTrip,AI,AI-2535,2026-10-23,T+15,19510,4283,23793,2026-10-08T04:04:09.120Z,FALSE,"",06:40,TRUE
fare_DEL-CCU_AI_2026-10-23_T+15_1791433399623_s37j,DEL-CCU,EaseMyTrip,AI,AI-2809,2026-10-23,T+15,19627,4308,23935,2026-10-08T04:04:09.120Z,FALSE,"",19:30,FALSE
fare_DEL-CCU_AI_2026-10-23_T+15_1791433399623_orja,DEL-CCU,EaseMyTrip,AI,AI-2757,2026-10-23,T+15,19637,4310,23947,2026-10-08T04:04:09.120Z,FALSE,"",00:15,FALSE
fare_DEL-CCU_6E_2026-10-23_T+15_1791433399623_x5ve,DEL-CCU,EaseMyTrip,6E,6E-790,2026-10-23,T+15,20065,4404,24469,2026-10-08T04:04:09.120Z,FALSE,"",16:20,FALSE
fare_DEL-CCU_6E_2026-10-23_T+15_1791433399623_2l9w,DEL-CCU,EaseMyTrip,6E,6E-167,2026-10-23,T+15,20065,4404,24469,2026-10-08T04:04:09.120Z,FALSE,"",16:20,FALSE
fare_DEL-CCU_IX_2026-10-23_T+15_1791433399623_2kkq,DEL-CCU,EaseMyTrip,IX,IX-1069,2026-10-23,T+15,20477,4495,24972,2026-10-08T04:04:09.120Z,FALSE,"",10:45,FALSE
fare_DEL-CCU_SG_2026-10-23_T+15_1791433399623_k05b,DEL-CCU,EaseMyTrip,SG,SG-290,2026-10-23,T+15,22716,4986,27702,2026-10-08T04:04:09.120Z,FALSE,"",09:10,FALSE
fare_DEL-CCU_SG_2026-10-23_T+15_1791433399623_g1mb,DEL-CCU,EaseMyTrip,SG,SG-713,2026-10-23,T+15,22716,4986,27702,2026-10-08T04:04:09.120Z,FALSE,"",09:10,FALSE
fare_DEL-CCU_AI_2026-10-23_T+15_1791433399623_ntvw,DEL-CCU,EaseMyTrip,AI,AI-2467,2026-10-23,T+15,22712,4985,27697,2026-10-08T04:04:09.120Z,FALSE,"",10:00,FALSE
fare_DEL-CCU_AI_2026-10-23_T+15_1791433399623_8q7j,DEL-CCU,EaseMyTrip,AI,AI-1755,2026-10-23,T+15,28902,6344,35246,2026-10-08T04:04:09.120Z,TRUE,"High outlier: ₹35246 > upper fence ₹30045 (Q3: ₹20773, IQR: ₹6181)",14:30,FALSE
fare_DEL-CCU_IX_2026-10-09_T+1_1791433399624_vpis,DEL-CCU,EaseMyTrip,IX,IX-1081,2026-10-09,T+1,7143,1568,8711,2026-10-08T04:03:56.429Z,FALSE,"",15:25,FALSE
fare_DEL-CCU_IX_2026-10-09_T+1_1791433399624_4p3p,DEL-CCU,EaseMyTrip,IX,IX-1273,2026-10-09,T+1,7143,1568,8711,2026-10-08T04:03:56.429Z,FALSE,"",12:05,FALSE
fare_DEL-CCU_IX_2026-10-09_T+1_1791433399624_7mnb,DEL-CCU,EaseMyTrip,IX,IX-1076,2026-10-09,T+1,7143,1568,8711,2026-10-08T04:03:56.429Z,FALSE,"",09:00,FALSE
fare_DEL-CCU_IX_2026-10-09_T+1_1791433399624_inr4,DEL-CCU,EaseMyTrip,IX,IX-1067,2026-10-09,T+1,7143,1568,8711,2026-10-08T04:03:56.429Z,FALSE,"",06:10,FALSE
fare_DEL-CCU_IX_2026-10-09_T+1_1791433399624_2rmu,DEL-CCU,EaseMyTrip,IX,IX-1524,2026-10-09,T+1,7315,1606,8921,2026-10-08T04:03:56.429Z,FALSE,"",16:35,TRUE
fare_DEL-CCU_QP_2026-10-09_T+1_1791433399624_os40,DEL-CCU,EaseMyTrip,QP,QP-1803,2026-10-09,T+1,7250,1591,8841,2026-10-08T04:03:56.429Z,FALSE,"",17:00,TRUE
fare_DEL-CCU_QP_2026-10-09_T+1_1791433399624_jr7p,DEL-CCU,EaseMyTrip,QP,QP-1569,2026-10-09,T+1,7332,1610,8942,2026-10-08T04:03:56.429Z,FALSE,"",10:30,TRUE
fare_DEL-CCU_QP_2026-10-09_T+1_1791433399624_wzkq,DEL-CCU,EaseMyTrip,QP,QP-1801,2026-10-09,T+1,7525,1652,9177,2026-10-08T04:03:56.429Z,FALSE,"",05:55,TRUE
fare_DEL-CCU_AI_2026-10-09_T+1_1791433399624_hvq6,DEL-CCU,EaseMyTrip,AI,AI-2702,2026-10-09,T+1,7713,1693,9406,2026-10-08T04:03:56.429Z,FALSE,"",02:30,TRUE
fare_DEL-CCU_6E_2026-10-09_T+1_1791433399624_i16a,DEL-CCU,EaseMyTrip,6E,6E-385,2026-10-09,T+1,7574,1663,9237,2026-10-08T04:03:56.429Z,FALSE,"",02:45,TRUE
fare_DEL-CCU_6E_2026-10-09_T+1_1791433399624_pd05,DEL-CCU,EaseMyTrip,6E,6E-999,2026-10-09,T+1,7574,1663,9237,2026-10-08T04:03:56.429Z,FALSE,"",02:45,TRUE
fare_DEL-CCU_6E_2026-10-09_T+1_1791433399624_qobt,DEL-CCU,EaseMyTrip,6E,6E-5191,2026-10-09,T+1,7574,1663,9237,2026-10-08T04:03:56.429Z,FALSE,"",05:00,TRUE
fare_DEL-CCU_AI_2026-10-09_T+1_1791433399624_l25h,DEL-CCU,EaseMyTrip,AI,AI-1733,2026-10-09,T+1,7788,1710,9498,2026-10-08T04:03:56.429Z,FALSE,"",16:15,TRUE
fare_DEL-CCU_AI_2026-10-09_T+1_1791433399624_ticz,DEL-CCU,EaseMyTrip,AI,AI-2707,2026-10-09,T+1,7788,1710,9498,2026-10-08T04:03:56.429Z,FALSE,"",18:00,TRUE
fare_DEL-CCU_SG_2026-10-09_T+1_1791433399624_buxb,DEL-CCU,EaseMyTrip,SG,SG-130,2026-10-09,T+1,8044,1766,9810,2026-10-08T04:03:56.429Z,FALSE,"",20:10,TRUE
fare_DEL-CCU_SG_2026-10-09_T+1_1791433399624_2xf1,DEL-CCU,EaseMyTrip,SG,SG-263,2026-10-09,T+1,8044,1766,9810,2026-10-08T04:03:56.429Z,FALSE,"",20:10,TRUE
fare_DEL-CCU_AI_2026-10-09_T+1_1791433399624_5dco,DEL-CCU,EaseMyTrip,AI,AI-2535,2026-10-09,T+1,8047,1767,9814,2026-10-08T04:03:56.429Z,FALSE,"",06:40,TRUE
fare_DEL-CCU_6E_2026-10-09_T+1_1791433399624_jn8h,DEL-CCU,EaseMyTrip,6E,6E-675,2026-10-09,T+1,8048,1767,9815,2026-10-08T04:03:56.429Z,FALSE,"",12:45,TRUE
fare_DEL-CCU_6E_2026-10-09_T+1_1791433399624_ccom,DEL-CCU,EaseMyTrip,6E,6E-927,2026-10-09,T+1,8048,1767,9815,2026-10-08T04:03:56.429Z,FALSE,"",12:45,TRUE
fare_DEL-CCU_6E_2026-10-09_T+1_1791433399624_bikl,DEL-CCU,EaseMyTrip,6E,6E-2589,2026-10-09,T+1,8164,1792,9956,2026-10-08T04:03:56.429Z,FALSE,"",15:05,TRUE
fare_DEL-CCU_6E_2026-10-09_T+1_1791433399624_aajl,DEL-CCU,EaseMyTrip,6E,6E-327,2026-10-09,T+1,8435,1852,10287,2026-10-08T04:03:56.429Z,FALSE,"",23:30,TRUE
fare_DEL-CCU_6E_2026-10-09_T+1_1791433399624_f927,DEL-CCU,EaseMyTrip,6E,6E-842,2026-10-09,T+1,8435,1852,10287,2026-10-08T04:03:56.429Z,FALSE,"",23:30,TRUE
fare_DEL-CCU_6E_2026-10-09_T+1_1791433399624_c5ew,DEL-CCU,EaseMyTrip,6E,6E-459,2026-10-09,T+1,8435,1852,10287,2026-10-08T04:03:56.429Z,FALSE,"",21:50,TRUE
fare_DEL-CCU_6E_2026-10-09_T+1_1791433399624_a8li,DEL-CCU,EaseMyTrip,6E,6E-574,2026-10-09,T+1,8435,1852,10287,2026-10-08T04:03:56.429Z,FALSE,"",21:50,TRUE
fare_DEL-CCU_6E_2026-10-09_T+1_1791433399624_d3q6,DEL-CCU,EaseMyTrip,6E,6E-6415,2026-10-09,T+1,8435,1852,10287,2026-10-08T04:03:56.429Z,FALSE,"",16:00,TRUE
fare_DEL-CCU_6E_2026-10-09_T+1_1791433399624_06ds,DEL-CCU,EaseMyTrip,6E,6E-655,2026-10-09,T+1,8435,1852,10287,2026-10-08T04:03:56.429Z,FALSE,"",10:15,TRUE
fare_DEL-CCU_6E_2026-10-09_T+1_1791433399624_3jqn,DEL-CCU,EaseMyTrip,6E,6E-452,2026-10-09,T+1,8435,1852,10287,2026-10-08T04:03:56.429Z,FALSE,"",10:15,TRUE
fare_DEL-CCU_6E_2026-10-09_T+1_1791433399624_slfw,DEL-CCU,EaseMyTrip,6E,6E-641,2026-10-09,T+1,8435,1852,10287,2026-10-08T04:03:56.429Z,FALSE,"",08:30,TRUE
fare_DEL-CCU_6E_2026-10-09_T+1_1791433399624_kh7u,DEL-CCU,EaseMyTrip,6E,6E-437,2026-10-09,T+1,8435,1852,10287,2026-10-08T04:03:56.429Z,FALSE,"",08:30,TRUE
fare_DEL-CCU_6E_2026-10-09_T+1_1791433399624_q52t,DEL-CCU,EaseMyTrip,6E,6E-2276,2026-10-09,T+1,8435,1852,10287,2026-10-08T04:03:56.429Z,FALSE,"",17:55,TRUE
fare_DEL-CCU_6E_2026-10-09_T+1_1791433399624_mxye,DEL-CCU,EaseMyTrip,6E,6E-666,2026-10-09,T+1,8435,1852,10287,2026-10-08T04:03:56.429Z,FALSE,"",07:20,TRUE
fare_DEL-CCU_6E_2026-10-09_T+1_1791433399624_a5hs,DEL-CCU,EaseMyTrip,6E,6E-407,2026-10-09,T+1,8435,1852,10287,2026-10-08T04:03:56.429Z,FALSE,"",07:20,TRUE
fare_DEL-CCU_6E_2026-10-09_T+1_1791433399624_6a7c,DEL-CCU,EaseMyTrip,6E,6E-576,2026-10-09,T+1,8435,1852,10287,2026-10-08T04:03:56.429Z,FALSE,"",14:25,TRUE
fare_DEL-CCU_6E_2026-10-09_T+1_1791433399624_k4uc,DEL-CCU,EaseMyTrip,6E,6E-818,2026-10-09,T+1,8435,1852,10287,2026-10-08T04:03:56.429Z,FALSE,"",14:25,TRUE
fare_DEL-CCU_6E_2026-10-09_T+1_1791433399624_nbx9,DEL-CCU,EaseMyTrip,6E,6E-7624,2026-10-09,T+1,8796,1931,10727,2026-10-08T04:03:56.429Z,FALSE,"",05:50,FALSE
fare_DEL-CCU_AI_2026-10-09_T+1_1791433399624_i0ht,DEL-CCU,EaseMyTrip,AI,AI-2709,2026-10-09,T+1,8984,1972,10956,2026-10-08T04:03:56.429Z,FALSE,"",19:40,TRUE
fare_DEL-CCU_AI_2026-10-09_T+1_1791433399624_qflo,DEL-CCU,EaseMyTrip,AI,AI-2513,2026-10-09,T+1,8984,1972,10956,2026-10-08T04:03:56.429Z,FALSE,"",12:10,TRUE
fare_DEL-CCU_AI_2026-10-09_T+1_1791433399624_izb1,DEL-CCU,EaseMyTrip,AI,AI-1791,2026-10-09,T+1,8984,1972,10956,2026-10-08T04:03:56.429Z,FALSE,"",09:55,TRUE
fare_DEL-CCU_AI_2026-10-09_T+1_1791433399624_pf2r,DEL-CCU,EaseMyTrip,AI,AI-1714,2026-10-09,T+1,8984,1972,10956,2026-10-08T04:03:56.429Z,FALSE,"",21:00,TRUE
fare_DEL-CCU_6E_2026-10-09_T+1_1791433399624_7itu,DEL-CCU,EaseMyTrip,6E,6E-6517,2026-10-09,T+1,8866,1946,10812,2026-10-08T04:03:56.429Z,FALSE,"",19:30,TRUE
fare_DEL-CCU_6E_2026-10-09_T+1_1791433399624_2hx9,DEL-CCU,EaseMyTrip,6E,6E-2267,2026-10-09,T+1,9109,2000,11109,2026-10-08T04:03:56.429Z,FALSE,"",16:40,FALSE
fare_DEL-CCU_6E_2026-10-09_T+1_1791433399624_o496,DEL-CCU,EaseMyTrip,6E,6E-2769,2026-10-09,T+1,9109,2000,11109,2026-10-08T04:03:56.429Z,FALSE,"",08:10,FALSE
fare_DEL-CCU_6E_2026-10-09_T+1_1791433399624_55bx,DEL-CCU,EaseMyTrip,6E,6E-2373,2026-10-09,T+1,9109,2000,11109,2026-10-08T04:03:56.429Z,FALSE,"",11:25,FALSE
fare_DEL-CCU_6E_2026-10-09_T+1_1791433399624_63az,DEL-CCU,EaseMyTrip,6E,6E-6245,2026-10-09,T+1,9109,2000,11109,2026-10-08T04:03:56.429Z,FALSE,"",06:20,FALSE
fare_DEL-CCU_6E_2026-10-09_T+1_1791433399624_9a9s,DEL-CCU,EaseMyTrip,6E,6E-5036,2026-10-09,T+1,9303,2042,11345,2026-10-08T04:03:56.429Z,FALSE,"",08:00,FALSE
fare_DEL-CCU_6E_2026-10-09_T+1_1791433399624_07er,DEL-CCU,EaseMyTrip,6E,6E-6246,2026-10-09,T+1,9303,2042,11345,2026-10-08T04:03:56.429Z,FALSE,"",05:25,FALSE
fare_DEL-CCU_6E_2026-10-09_T+1_1791433399624_69st,DEL-CCU,EaseMyTrip,6E,6E-5298,2026-10-09,T+1,9368,2056,11424,2026-10-08T04:03:56.429Z,FALSE,"",09:00,FALSE
fare_DEL-CCU_6E_2026-10-09_T+1_1791433399624_g7pf,DEL-CCU,EaseMyTrip,6E,6E-5038,2026-10-09,T+1,9368,2056,11424,2026-10-08T04:03:56.429Z,FALSE,"",14:00,FALSE
fare_DEL-CCU_6E_2026-10-09_T+1_1791433399624_cnlj,DEL-CCU,EaseMyTrip,6E,6E-5307,2026-10-09,T+1,9454,2075,11529,2026-10-08T04:03:56.429Z,FALSE,"",10:50,FALSE
fare_DEL-CCU_6E_2026-10-09_T+1_1791433399624_8ca7,DEL-CCU,EaseMyTrip,6E,6E-2316,2026-10-09,T+1,9454,2075,11529,2026-10-08T04:03:56.429Z,FALSE,"",17:30,FALSE
fare_DEL-CCU_6E_2026-10-09_T+1_1791433399624_rg55,DEL-CCU,EaseMyTrip,6E,6E-5215,2026-10-09,T+1,9454,2075,11529,2026-10-08T04:03:56.429Z,FALSE,"",07:40,FALSE
fare_DEL-CCU_6E_2026-10-09_T+1_1791433399624_21e7,DEL-CCU,EaseMyTrip,6E,6E-5041,2026-10-09,T+1,9454,2075,11529,2026-10-08T04:03:56.429Z,FALSE,"",15:10,FALSE
fare_DEL-CCU_6E_2026-10-09_T+1_1791433399624_w7o3,DEL-CCU,EaseMyTrip,6E,6E-6829,2026-10-09,T+1,9561,2099,11660,2026-10-08T04:03:56.429Z,FALSE,"",17:20,FALSE
fare_DEL-CCU_6E_2026-10-09_T+1_1791433399624_tpj5,DEL-CCU,EaseMyTrip,6E,6E-5119,2026-10-09,T+1,9776,2146,11922,2026-10-08T04:03:56.429Z,FALSE,"",05:10,FALSE
fare_DEL-CCU_6E_2026-10-09_T+1_1791433399624_j26k,DEL-CCU,EaseMyTrip,6E,6E-6551,2026-10-09,T+1,9862,2165,12027,2026-10-08T04:03:56.429Z,FALSE,"",12:00,FALSE
fare_DEL-CCU_6E_2026-10-09_T+1_1791433399624_hrrz,DEL-CCU,EaseMyTrip,6E,6E-6371,2026-10-09,T+1,9862,2165,12027,2026-10-08T04:03:56.429Z,FALSE,"",06:20,FALSE
fare_DEL-CCU_6E_2026-10-09_T+1_1791433399624_twly,DEL-CCU,EaseMyTrip,6E,6E-7628,2026-10-09,T+1,9915,2177,12092,2026-10-08T04:03:56.429Z,FALSE,"",15:05,FALSE
fare_DEL-CCU_6E_2026-10-09_T+1_1791433399624_ohz6,DEL-CCU,EaseMyTrip,6E,6E-2571,2026-10-09,T+1,9935,2181,12116,2026-10-08T04:03:56.429Z,FALSE,"",12:30,FALSE
fare_DEL-CCU_AI_2026-10-09_T+1_1791433399624_01bi,DEL-CCU,EaseMyTrip,AI,AI-2767,2026-10-09,T+1,10189,2237,12426,2026-10-08T04:03:56.429Z,FALSE,"",13:00,TRUE
fare_DEL-CCU_6E_2026-10-09_T+1_1791433399624_ms1i,DEL-CCU,EaseMyTrip,6E,6E-6236,2026-10-09,T+1,10944,2402,13346,2026-10-08T04:03:56.429Z,FALSE,"",16:20,FALSE
fare_DEL-CCU_IX_2026-10-09_T+1_1791433399624_pc1w,DEL-CCU,EaseMyTrip,IX,IX-1671,2026-10-09,T+1,11928,2618,14546,2026-10-08T04:03:56.429Z,FALSE,"",19:55,FALSE
fare_DEL-CCU_6E_2026-10-09_T+1_1791433399624_mpw0,DEL-CCU,EaseMyTrip,6E,6E-5033,2026-10-09,T+1,11906,2613,14519,2026-10-08T04:03:56.429Z,FALSE,"",15:50,FALSE
fare_DEL-CCU_6E_2026-10-09_T+1_1791433399624_gctj,DEL-CCU,EaseMyTrip,6E,6E-2259,2026-10-09,T+1,11906,2613,14519,2026-10-08T04:03:56.429Z,FALSE,"",12:20,FALSE
fare_DEL-CCU_6E_2026-10-09_T+1_1791433399624_dk7h,DEL-CCU,EaseMyTrip,6E,6E-2614,2026-10-09,T+1,12660,2779,15439,2026-10-08T04:03:56.429Z,FALSE,"",14:40,FALSE
fare_DEL-CCU_6E_2026-10-09_T+1_1791433399624_xtry,DEL-CCU,EaseMyTrip,6E,6E-6190,2026-10-09,T+1,12678,2783,15461,2026-10-08T04:03:56.429Z,FALSE,"",07:40,FALSE
fare_DEL-CCU_6E_2026-10-09_T+1_1791433399624_dcpz,DEL-CCU,EaseMyTrip,6E,6E-6503,2026-10-09,T+1,12961,2845,15806,2026-10-08T04:03:56.429Z,FALSE,"",13:25,FALSE
fare_DEL-CCU_AI_2026-10-09_T+1_1791433399624_4agd,DEL-CCU,EaseMyTrip,AI,AI-879,2026-10-09,T+1,13227,2904,16131,2026-10-08T04:03:56.429Z,FALSE,"",06:40,FALSE
fare_DEL-CCU_6E_2026-10-09_T+1_1791433399624_7wxf,DEL-CCU,EaseMyTrip,6E,6E-2453,2026-10-09,T+1,13642,2995,16637,2026-10-08T04:03:56.429Z,FALSE,"",13:35,FALSE
fare_DEL-CCU_6E_2026-10-09_T+1_1791433399624_rh9w,DEL-CCU,EaseMyTrip,6E,6E-6053,2026-10-09,T+1,14339,3147,17486,2026-10-08T04:03:56.429Z,FALSE,"",13:05,FALSE
fare_DEL-CCU_IX_2026-10-09_T+1_1791433399624_k3yu,DEL-CCU,EaseMyTrip,IX,IX-1035,2026-10-09,T+1,15191,3335,18526,2026-10-08T04:03:56.429Z,FALSE,"",07:30,FALSE
fare_DEL-CCU_6E_2026-10-09_T+1_1791433399624_3vik,DEL-CCU,EaseMyTrip,6E,6E-5023,2026-10-09,T+1,15272,3352,18624,2026-10-08T04:03:56.429Z,FALSE,"",18:10,FALSE
fare_DEL-CCU_AI_2026-10-09_T+1_1791433399624_59zz,DEL-CCU,EaseMyTrip,AI,AI-2757,2026-10-09,T+1,16012,3515,19527,2026-10-08T04:03:56.429Z,FALSE,"",00:15,FALSE
fare_DEL-CCU_AI_2026-10-09_T+1_1791433399624_yo3n,DEL-CCU,EaseMyTrip,AI,AI-2815,2026-10-09,T+1,16097,3533,19630,2026-10-08T04:03:56.429Z,FALSE,"",07:00,FALSE
fare_DEL-CCU_AI_2026-10-09_T+1_1791433399624_gwbh,DEL-CCU,EaseMyTrip,AI,AI-2803,2026-10-09,T+1,16097,3533,19630,2026-10-08T04:03:56.429Z,FALSE,"",06:30,FALSE
fare_DEL-CCU_AI_2026-10-09_T+1_1791433399624_jw02,DEL-CCU,EaseMyTrip,AI,AI-2653,2026-10-09,T+1,16097,3533,19630,2026-10-08T04:03:56.429Z,FALSE,"",04:30,FALSE
fare_DEL-CCU_IX_2026-10-09_T+1_1791433399624_z1qg,DEL-CCU,EaseMyTrip,IX,IX-1085,2026-10-09,T+1,16225,3561,19786,2026-10-08T04:03:56.429Z,FALSE,"",12:55,FALSE
fare_DEL-CCU_IX_2026-10-09_T+1_1791433399624_42f8,DEL-CCU,EaseMyTrip,IX,IX-1069,2026-10-09,T+1,16225,3561,19786,2026-10-08T04:03:56.429Z,FALSE,"",10:45,FALSE
fare_DEL-CCU_6E_2026-10-09_T+1_1791433399624_agos,DEL-CCU,EaseMyTrip,6E,6E-279,2026-10-09,T+1,16045,3522,19567,2026-10-08T04:03:56.429Z,FALSE,"",16:20,FALSE
fare_DEL-CCU_6E_2026-10-09_T+1_1791433399624_x5wa,DEL-CCU,EaseMyTrip,6E,6E-116,2026-10-09,T+1,16045,3522,19567,2026-10-08T04:03:56.429Z,FALSE,"",16:20,FALSE
fare_DEL-CCU_IX_2026-10-09_T+1_1791433399624_j2zu,DEL-CCU,EaseMyTrip,IX,IX-1070,2026-10-09,T+1,16446,3610,20056,2026-10-08T04:03:56.429Z,FALSE,"",22:00,FALSE
fare_DEL-CCU_IX_2026-10-09_T+1_1791433399624_h3ul,DEL-CCU,EaseMyTrip,IX,IX-5978,2026-10-09,T+1,16446,3610,20056,2026-10-08T04:03:56.429Z,FALSE,"",21:00,FALSE
fare_DEL-CCU_6E_2026-10-09_T+1_1791433399624_2sqd,DEL-CCU,EaseMyTrip,6E,6E-6312,2026-10-09,T+1,16371,3594,19965,2026-10-08T04:03:56.429Z,FALSE,"",14:25,FALSE
fare_DEL-CCU_IX_2026-10-09_T+1_1791433399624_r605,DEL-CCU,EaseMyTrip,IX,IX-1032,2026-10-09,T+1,17894,3928,21822,2026-10-08T04:03:56.429Z,FALSE,"",05:45,FALSE
fare_DEL-CCU_6E_2026-10-09_T+1_1791433399624_we5x,DEL-CCU,EaseMyTrip,6E,6E-6073,2026-10-09,T+1,18326,4023,22349,2026-10-08T04:03:56.429Z,FALSE,"",05:00,FALSE
fare_DEL-CCU_IX_2026-10-09_T+1_1791433399624_2c8m,DEL-CCU,EaseMyTrip,IX,IX-1230,2026-10-09,T+1,18876,4144,23020,2026-10-08T04:03:56.429Z,FALSE,"",04:40,FALSE
fare_DEL-CCU_6E_2026-10-09_T+1_1791433399624_egx5,DEL-CCU,EaseMyTrip,6E,6E-729,2026-10-09,T+1,23468,5152,28620,2026-10-08T04:03:56.429Z,FALSE,"",02:25,FALSE
fare_DEL-CCU_6E_2026-10-09_T+1_1791433399624_is6v,DEL-CCU,EaseMyTrip,6E,6E-144,2026-10-09,T+1,23468,5152,28620,2026-10-08T04:03:56.429Z,FALSE,"",02:25,FALSE
fare_DEL-CCU_6E_2026-10-09_T+1_1791433399624_uw65,DEL-CCU,EaseMyTrip,6E,6E-6293,2026-10-09,T+1,23468,5152,28620,2026-10-08T04:03:56.429Z,FALSE,"",09:55,FALSE
fare_DEL-CCU_6E_2026-10-09_T+1_1791433399624_3tr6,DEL-CCU,EaseMyTrip,6E,6E-6217,2026-10-09,T+1,23468,5152,28620,2026-10-08T04:03:56.429Z,FALSE,"",16:15,FALSE
fare_DEL-CCU_6E_2026-10-09_T+1_1791433399624_beaw,DEL-CCU,EaseMyTrip,6E,6E-700,2026-10-09,T+1,23859,5237,29096,2026-10-08T04:03:56.429Z,FALSE,"",17:55,FALSE
fare_DEL-CCU_6E_2026-10-09_T+1_1791433399624_7s68,DEL-CCU,EaseMyTrip,6E,6E-948,2026-10-09,T+1,23859,5237,29096,2026-10-08T04:03:56.429Z,FALSE,"",17:55,FALSE
fare_DEL-CCU_6E_2026-10-09_T+1_1791433399624_k39h,DEL-CCU,EaseMyTrip,6E,6E-379,2026-10-09,T+1,23859,5237,29096,2026-10-08T04:03:56.429Z,FALSE,"",08:30,FALSE
fare_DEL-CCU_6E_2026-10-09_T+1_1791433399624_ty09,DEL-CCU,EaseMyTrip,6E,6E-744,2026-10-09,T+1,23859,5237,29096,2026-10-08T04:03:56.429Z,FALSE,"",08:30,FALSE
fare_DEL-CCU_6E_2026-10-09_T+1_1791433399624_28cx,DEL-CCU,EaseMyTrip,6E,6E-728,2026-10-09,T+1,23859,5237,29096,2026-10-08T04:03:56.429Z,FALSE,"",17:55,FALSE
fare_DEL-CCU_6E_2026-10-09_T+1_1791433399624_d72k,DEL-CCU,EaseMyTrip,6E,6E-512,2026-10-09,T+1,23859,5237,29096,2026-10-08T04:03:56.429Z,FALSE,"",17:55,FALSE
fare_DEL-CCU_6E_2026-10-09_T+1_1791433399624_b8is,DEL-CCU,EaseMyTrip,6E,6E-6282,2026-10-09,T+1,23859,5237,29096,2026-10-08T04:03:56.429Z,FALSE,"",13:30,FALSE
fare_DEL-CCU_6E_2026-10-09_T+1_1791433399624_y662,DEL-CCU,EaseMyTrip,6E,6E-157,2026-10-09,T+1,24716,5425,30141,2026-10-08T04:03:56.429Z,FALSE,"",07:10,FALSE
fare_DEL-CCU_AI_2026-10-09_T+1_1791433399624_n343,DEL-CCU,EaseMyTrip,AI,AI-537,2026-10-09,T+1,28145,6178,34323,2026-10-08T04:03:56.429Z,FALSE,"",15:45,FALSE
fare_DEL-CCU_AI_2026-10-09_T+1_1791433399624_3rpm,DEL-CCU,EaseMyTrip,AI,AI-2483,2026-10-09,T+1,28546,6266,34812,2026-10-08T04:03:56.429Z,FALSE,"",12:20,FALSE
fare_DEL-CCU_AI_2026-10-09_T+1_1791433399624_s4gs,DEL-CCU,EaseMyTrip,AI,AI-2467,2026-10-09,T+1,28546,6266,34812,2026-10-08T04:03:56.429Z,FALSE,"",10:00,FALSE
fare_DEL-CCU_AI_2026-10-09_T+1_1791433399624_iq2t,DEL-CCU,EaseMyTrip,AI,AI-1755,2026-10-09,T+1,28902,6344,35246,2026-10-08T04:03:56.429Z,FALSE,"",14:30,FALSE
fare_DEL-CCU_AI_2026-10-09_T+1_1791433399624_7f6o,DEL-CCU,EaseMyTrip,AI,AI-441,2026-10-09,T+1,31466,6907,38373,2026-10-08T04:03:56.429Z,FALSE,"",17:00,FALSE
fare_DEL-CCU_AI_2026-10-09_T+1_1791433399624_sw0z,DEL-CCU,EaseMyTrip,AI,AI-1777,2026-10-09,T+1,31466,6907,38373,2026-10-08T04:03:56.429Z,FALSE,"",16:00,FALSE
fare_DEL-CCU_AI_2026-10-09_T+1_1791433399624_papc,DEL-CCU,EaseMyTrip,AI,AI-2439,2026-10-09,T+1,31466,6907,38373,2026-10-08T04:03:56.429Z,FALSE,"",22:55,FALSE
fare_DEL-CCU_AI_2026-10-09_T+1_1791433399624_rv7o,DEL-CCU,EaseMyTrip,AI,AI-2433,2026-10-09,T+1,31466,6907,38373,2026-10-08T04:03:56.429Z,FALSE,"",21:30,FALSE
fare_DEL-CCU_AI_2026-10-09_T+1_1791433399624_ur7w,DEL-CCU,EaseMyTrip,AI,AI-2945,2026-10-09,T+1,35475,7787,43262,2026-10-08T04:03:56.429Z,FALSE,"",11:00,FALSE
fare_DEL-CCU_AI_2026-10-09_T+1_1791433399624_affj,DEL-CCU,EaseMyTrip,AI,AI-2943,2026-10-09,T+1,35475,7787,43262,2026-10-08T04:03:56.429Z,FALSE,"",07:30,FALSE
fare_DEL-CCU_AI_2026-10-09_T+1_1791433399624_zi6t,DEL-CCU,EaseMyTrip,AI,AI-1745,2026-10-09,T+1,35475,7787,43262,2026-10-08T04:03:56.429Z,FALSE,"",05:00,FALSE
fare_DEL-CCU_AI_2026-10-09_T+1_1791433399624_6q1d,DEL-CCU,EaseMyTrip,AI,AI-2425,2026-10-09,T+1,44792,9832,54624,2026-10-08T04:03:56.429Z,FALSE,"",10:30,FALSE
fare_DEL-CCU_AI_2026-10-09_T+1_1791433399624_cnwi,DEL-CCU,EaseMyTrip,AI,AI-2951,2026-10-09,T+1,44792,9832,54624,2026-10-08T04:03:56.429Z,FALSE,"",13:30,FALSE
fare_DEL-CCU_AI_2026-10-09_T+1_1791433399624_8jjz,DEL-CCU,EaseMyTrip,AI,AI-2995,2026-10-09,T+1,44792,9832,54624,2026-10-08T04:03:56.429Z,FALSE,"",10:00,FALSE
fare_DEL-CCU_AI_2026-10-09_T+1_1791433399624_nuny,DEL-CCU,EaseMyTrip,AI,AI-2927,2026-10-09,T+1,44792,9832,54624,2026-10-08T04:03:56.429Z,FALSE,"",09:30,FALSE
fare_DEL-CCU_AI_2026-10-09_T+1_1791433399624_a69e,DEL-CCU,EaseMyTrip,AI,AI-1785,2026-10-09,T+1,44792,9832,54624,2026-10-08T04:03:56.429Z,FALSE,"",12:00,FALSE
fare_DEL-CCU_AI_2026-10-09_T+1_1791433399624_2819,DEL-CCU,EaseMyTrip,AI,AI-2678,2026-10-09,T+1,44792,9832,54624,2026-10-08T04:03:56.429Z,FALSE,"",08:30,FALSE
fare_DEL-CCU_AI_2026-10-09_T+1_1791433399624_1phq,DEL-CCU,EaseMyTrip,AI,AI-2975,2026-10-09,T+1,44792,9832,54624,2026-10-08T04:03:56.429Z,FALSE,"",06:30,FALSE
fare_DEL-CCU_6E_2026-11-07_T+30_1791433399624_8fbh,DEL-CCU,EaseMyTrip,6E,6E-7624,2026-11-07,T+30,9459,2076,11535,2026-10-08T04:04:14.905Z,FALSE,"",05:50,FALSE
fare_DEL-CCU_6E_2026-11-07_T+30_1791433399624_s59f,DEL-CCU,EaseMyTrip,6E,6E-6503,2026-11-07,T+30,9669,2122,11791,2026-10-08T04:04:14.905Z,FALSE,"",12:40,FALSE
fare_DEL-CCU_6E_2026-11-07_T+30_1791433399624_4qnn,DEL-CCU,EaseMyTrip,6E,6E-6211,2026-11-07,T+30,9669,2122,11791,2026-10-08T04:04:14.905Z,FALSE,"",06:15,FALSE
fare_DEL-CCU_QP_2026-11-07_T+30_1791433399624_9opt,DEL-CCU,EaseMyTrip,QP,QP-1268,2026-11-07,T+30,9908,2175,12083,2026-10-08T04:04:14.905Z,FALSE,"",15:20,TRUE
fare_DEL-CCU_6E_2026-11-07_T+30_1791433399624_okv7,DEL-CCU,EaseMyTrip,6E,6E-2771,2026-11-07,T+30,9937,2181,12118,2026-10-08T04:04:14.905Z,FALSE,"",16:30,FALSE
fare_DEL-CCU_6E_2026-11-07_T+30_1791433399624_t0v5,DEL-CCU,EaseMyTrip,6E,6E-5269,2026-11-07,T+30,10023,2200,12223,2026-10-08T04:04:14.905Z,FALSE,"",10:00,FALSE
fare_DEL-CCU_6E_2026-11-07_T+30_1791433399624_hn6r,DEL-CCU,EaseMyTrip,6E,6E-659,2026-11-07,T+30,10023,2200,12223,2026-10-08T04:04:14.905Z,FALSE,"",13:30,FALSE
fare_DEL-CCU_6E_2026-11-07_T+30_1791433399624_ambg,DEL-CCU,EaseMyTrip,6E,6E-713,2026-11-07,T+30,10023,2200,12223,2026-10-08T04:04:14.905Z,FALSE,"",13:30,FALSE
fare_DEL-CCU_QP_2026-11-07_T+30_1791433399624_9ebm,DEL-CCU,EaseMyTrip,QP,QP-1260,2026-11-07,T+30,10172,2233,12405,2026-10-08T04:04:14.905Z,FALSE,"",20:55,TRUE
fare_DEL-CCU_AI_2026-11-07_T+30_1791433399624_4iu2,DEL-CCU,EaseMyTrip,AI,AI-2767,2026-11-07,T+30,10496,2304,12800,2026-10-08T04:04:14.905Z,FALSE,"",13:00,TRUE
fare_DEL-CCU_6E_2026-11-07_T+30_1791433399624_ykmk,DEL-CCU,EaseMyTrip,6E,6E-6073,2026-11-07,T+30,10547,2315,12862,2026-10-08T04:04:14.905Z,FALSE,"",04:55,FALSE
fare_DEL-CCU_6E_2026-11-07_T+30_1791433399624_0lat,DEL-CCU,EaseMyTrip,6E,6E-2589,2026-11-07,T+30,11220,2463,13683,2026-10-08T04:04:14.905Z,FALSE,"",16:35,TRUE
fare_DEL-CCU_6E_2026-11-07_T+30_1791433399624_c6wb,DEL-CCU,EaseMyTrip,6E,6E-377,2026-11-07,T+30,11277,2475,13752,2026-10-08T04:04:14.905Z,FALSE,"",23:45,TRUE
fare_DEL-CCU_6E_2026-11-07_T+30_1791433399624_v7kd,DEL-CCU,EaseMyTrip,6E,6E-472,2026-11-07,T+30,11277,2475,13752,2026-10-08T04:04:14.905Z,FALSE,"",23:45,TRUE
fare_DEL-CCU_6E_2026-11-07_T+30_1791433399624_la20,DEL-CCU,EaseMyTrip,6E,6E-481,2026-11-07,T+30,11277,2475,13752,2026-10-08T04:04:14.905Z,FALSE,"",22:15,TRUE
fare_DEL-CCU_6E_2026-11-07_T+30_1791433399624_zsek,DEL-CCU,EaseMyTrip,6E,6E-159,2026-11-07,T+30,11277,2475,13752,2026-10-08T04:04:14.905Z,FALSE,"",22:15,TRUE
fare_DEL-CCU_6E_2026-11-07_T+30_1791433399624_vec0,DEL-CCU,EaseMyTrip,6E,6E-751,2026-11-07,T+30,11277,2475,13752,2026-10-08T04:04:14.905Z,FALSE,"",17:15,TRUE
fare_DEL-CCU_6E_2026-11-07_T+30_1791433399624_824a,DEL-CCU,EaseMyTrip,6E,6E-814,2026-11-07,T+30,11277,2475,13752,2026-10-08T04:04:14.905Z,FALSE,"",17:15,TRUE
fare_DEL-CCU_AI_2026-11-07_T+30_1791433399624_rgfu,DEL-CCU,EaseMyTrip,AI,AI-2553,2026-11-07,T+30,11871,2606,14477,2026-10-08T04:04:14.905Z,FALSE,"",16:15,TRUE
fare_DEL-CCU_AI_2026-11-07_T+30_1791433399624_1wo8,DEL-CCU,EaseMyTrip,AI,AI-2727,2026-11-07,T+30,11871,2606,14477,2026-10-08T04:04:14.905Z,FALSE,"",21:40,TRUE
fare_DEL-CCU_6E_2026-11-07_T+30_1791433399624_p0vw,DEL-CCU,EaseMyTrip,6E,6E-6517,2026-11-07,T+30,11965,2627,14592,2026-10-08T04:04:14.905Z,FALSE,"",19:30,TRUE
fare_DEL-CCU_6E_2026-11-07_T+30_1791433399624_i5hf,DEL-CCU,EaseMyTrip,6E,6E-2327,2026-11-07,T+30,11965,2627,14592,2026-10-08T04:04:14.905Z,FALSE,"",14:00,TRUE
fare_DEL-CCU_6E_2026-11-07_T+30_1791433399624_g2dv,DEL-CCU,EaseMyTrip,6E,6E-5191,2026-11-07,T+30,11965,2627,14592,2026-10-08T04:04:14.905Z,FALSE,"",04:45,TRUE
fare_DEL-CCU_6E_2026-11-07_T+30_1791433399624_ug10,DEL-CCU,EaseMyTrip,6E,6E-5041,2026-11-07,T+30,11992,2632,14624,2026-10-08T04:04:14.905Z,FALSE,"",15:25,FALSE
fare_DEL-CCU_IX_2026-11-07_T+30_1791433399624_53ef,DEL-CCU,EaseMyTrip,IX,IX-1197,2026-11-07,T+30,12439,2730,15169,2026-10-08T04:04:14.905Z,FALSE,"",20:50,TRUE
fare_DEL-CCU_AI_2026-11-07_T+30_1791433399624_f6i5,DEL-CCU,EaseMyTrip,AI,AI-2707,2026-11-07,T+30,12637,2774,15411,2026-10-08T04:04:14.905Z,FALSE,"",18:10,TRUE
fare_DEL-CCU_6E_2026-11-07_T+30_1791433399624_de2d,DEL-CCU,EaseMyTrip,6E,6E-691,2026-11-07,T+30,12698,2787,15485,2026-10-08T04:04:14.905Z,FALSE,"",03:00,TRUE
fare_DEL-CCU_6E_2026-11-07_T+30_1791433399624_e9bi,DEL-CCU,EaseMyTrip,6E,6E-767,2026-11-07,T+30,12698,2787,15485,2026-10-08T04:04:14.905Z,FALSE,"",03:00,TRUE
fare_DEL-CCU_6E_2026-11-07_T+30_1791433399624_2u2d,DEL-CCU,EaseMyTrip,6E,6E-6415,2026-11-07,T+30,12698,2787,15485,2026-10-08T04:04:14.905Z,FALSE,"",15:30,TRUE
fare_DEL-CCU_6E_2026-11-07_T+30_1791433399624_ulxy,DEL-CCU,EaseMyTrip,6E,6E-303,2026-11-07,T+30,12698,2787,15485,2026-10-08T04:04:14.905Z,FALSE,"",06:15,TRUE
fare_DEL-CCU_6E_2026-11-07_T+30_1791433399624_j41c,DEL-CCU,EaseMyTrip,6E,6E-401,2026-11-07,T+30,12698,2787,15485,2026-10-08T04:04:14.905Z,FALSE,"",06:15,TRUE
fare_DEL-CCU_6E_2026-11-07_T+30_1791433399624_ddj6,DEL-CCU,EaseMyTrip,6E,6E-6378,2026-11-07,T+30,12746,2798,15544,2026-10-08T04:04:14.905Z,FALSE,"",14:50,FALSE
fare_DEL-CCU_6E_2026-11-07_T+30_1791433399624_85kk,DEL-CCU,EaseMyTrip,6E,6E-611,2026-11-07,T+30,12810,2812,15622,2026-10-08T04:04:14.905Z,FALSE,"",05:15,FALSE
fare_DEL-CCU_6E_2026-11-07_T+30_1791433399624_mn52,DEL-CCU,EaseMyTrip,6E,6E-716,2026-11-07,T+30,12810,2812,15622,2026-10-08T04:04:14.905Z,FALSE,"",05:15,FALSE
fare_DEL-CCU_6E_2026-11-07_T+30_1791433399624_uion,DEL-CCU,EaseMyTrip,6E,6E-6076,2026-11-07,T+30,13079,2871,15950,2026-10-08T04:04:14.905Z,FALSE,"",15:45,FALSE
fare_DEL-CCU_6E_2026-11-07_T+30_1791433399624_89y8,DEL-CCU,EaseMyTrip,6E,6E-6048,2026-11-07,T+30,13198,2897,16095,2026-10-08T04:04:14.905Z,FALSE,"",06:15,FALSE
fare_DEL-CCU_QP_2026-11-07_T+30_1791433399624_ysbe,DEL-CCU,EaseMyTrip,QP,QP-1258,2026-11-07,T+30,13260,2911,16171,2026-10-08T04:04:14.905Z,FALSE,"",08:50,TRUE
fare_DEL-CCU_6E_2026-11-07_T+30_1791433399624_9h2r,DEL-CCU,EaseMyTrip,6E,6E-2316,2026-11-07,T+30,13370,2935,16305,2026-10-08T04:04:14.905Z,FALSE,"",17:55,FALSE
fare_DEL-CCU_6E_2026-11-07_T+30_1791433399624_vrjh,DEL-CCU,EaseMyTrip,6E,6E-820,2026-11-07,T+30,13429,2948,16377,2026-10-08T04:04:14.905Z,FALSE,"",12:20,TRUE
fare_DEL-CCU_6E_2026-11-07_T+30_1791433399624_g536,DEL-CCU,EaseMyTrip,6E,6E-491,2026-11-07,T+30,13429,2948,16377,2026-10-08T04:04:14.905Z,FALSE,"",12:20,TRUE
fare_DEL-CCU_IX_2026-11-07_T+30_1791433399624_meri,DEL-CCU,EaseMyTrip,IX,IX-1088,2026-11-07,T+30,14020,3078,17098,2026-10-08T04:04:14.905Z,FALSE,"",17:05,FALSE
fare_DEL-CCU_AI_2026-11-07_T+30_1791433399624_g4uo,DEL-CCU,EaseMyTrip,AI,AI-2501,2026-11-07,T+30,14327,3145,17472,2026-10-08T04:04:14.905Z,FALSE,"",11:40,TRUE
fare_DEL-CCU_AI_2026-11-07_T+30_1791433399624_xie1,DEL-CCU,EaseMyTrip,AI,AI-2705,2026-11-07,T+30,14327,3145,17472,2026-10-08T04:04:14.905Z,FALSE,"",06:55,TRUE
fare_DEL-CCU_IX_2026-11-07_T+30_1791433399624_lv3l,DEL-CCU,EaseMyTrip,IX,IX-1067,2026-11-07,T+30,14603,3206,17809,2026-10-08T04:04:14.905Z,FALSE,"",11:25,FALSE
fare_DEL-CCU_IX_2026-11-07_T+30_1791433399624_vatk,DEL-CCU,EaseMyTrip,IX,IX-1043,2026-11-07,T+30,14752,3238,17990,2026-10-08T04:04:14.905Z,FALSE,"",18:00,FALSE
fare_DEL-CCU_6E_2026-11-07_T+30_1791433399624_mwy9,DEL-CCU,EaseMyTrip,6E,6E-2571,2026-11-07,T+30,14906,3272,18178,2026-10-08T04:04:14.905Z,FALSE,"",15:35,FALSE
fare_DEL-CCU_6E_2026-11-07_T+30_1791433399624_uaom,DEL-CCU,EaseMyTrip,6E,6E-2217,2026-11-07,T+30,15008,3295,18303,2026-10-08T04:04:14.905Z,FALSE,"",12:20,FALSE
fare_DEL-CCU_6E_2026-11-07_T+30_1791433399624_gv7a,DEL-CCU,EaseMyTrip,6E,6E-299,2026-11-07,T+30,15065,3307,18372,2026-10-08T04:04:14.905Z,FALSE,"",10:30,TRUE
fare_DEL-CCU_6E_2026-11-07_T+30_1791433399624_r9si,DEL-CCU,EaseMyTrip,6E,6E-898,2026-11-07,T+30,15065,3307,18372,2026-10-08T04:04:14.905Z,FALSE,"",10:30,TRUE
fare_DEL-CCU_6E_2026-11-07_T+30_1791433399624_jnyd,DEL-CCU,EaseMyTrip,6E,6E-2192,2026-11-07,T+30,15065,3307,18372,2026-10-08T04:04:14.905Z,FALSE,"",08:30,TRUE
fare_DEL-CCU_AI_2026-11-07_T+30_1791433399624_ivcp,DEL-CCU,EaseMyTrip,AI,AI-2709,2026-11-07,T+30,15264,3351,18615,2026-10-08T04:04:14.905Z,FALSE,"",19:40,TRUE
fare_DEL-CCU_6E_2026-11-07_T+30_1791433399624_wwhl,DEL-CCU,EaseMyTrip,6E,6E-6304,2026-11-07,T+30,15254,3349,18603,2026-10-08T04:04:14.905Z,FALSE,"",09:40,FALSE
fare_DEL-CCU_6E_2026-11-07_T+30_1791433399624_nryg,DEL-CCU,EaseMyTrip,6E,6E-5375,2026-11-07,T+30,15254,3349,18603,2026-10-08T04:04:14.905Z,FALSE,"",07:25,FALSE
fare_DEL-CCU_6E_2026-11-07_T+30_1791433399624_jsvl,DEL-CCU,EaseMyTrip,6E,6E-2039,2026-11-07,T+30,15272,3352,18624,2026-10-08T04:04:14.905Z,FALSE,"",05:25,FALSE
fare_DEL-CCU_6E_2026-11-07_T+30_1791433399624_i407,DEL-CCU,EaseMyTrip,6E,6E-5023,2026-11-07,T+30,15272,3352,18624,2026-10-08T04:04:14.905Z,FALSE,"",18:10,FALSE
fare_DEL-CCU_IX_2026-11-07_T+30_1791433399624_qql4,DEL-CCU,EaseMyTrip,IX,IX-1041,2026-11-07,T+30,15570,3418,18988,2026-10-08T04:04:14.905Z,FALSE,"",15:10,FALSE
fare_DEL-CCU_IX_2026-11-07_T+30_1791433399624_fgb1,DEL-CCU,EaseMyTrip,IX,IX-1274,2026-11-07,T+30,15981,3508,19489,2026-10-08T04:04:14.905Z,FALSE,"",09:55,FALSE
fare_DEL-CCU_IX_2026-11-07_T+30_1791433399624_5ggf,DEL-CCU,EaseMyTrip,IX,IX-1032,2026-11-07,T+30,16344,3588,19932,2026-10-08T04:04:14.905Z,FALSE,"",06:20,FALSE
fare_DEL-CCU_6E_2026-11-07_T+30_1791433399624_kehv,DEL-CCU,EaseMyTrip,6E,6E-6038,2026-11-07,T+30,16168,3549,19717,2026-10-08T04:04:14.905Z,FALSE,"",11:30,FALSE
fare_DEL-CCU_IX_2026-11-07_T+30_1791433399624_pa1c,DEL-CCU,EaseMyTrip,IX,IX-1085,2026-11-07,T+30,16474,3616,20090,2026-10-08T04:04:14.905Z,FALSE,"",10:55,FALSE
fare_DEL-CCU_6E_2026-11-07_T+30_1791433399624_lswx,DEL-CCU,EaseMyTrip,6E,6E-6862,2026-11-07,T+30,17045,3742,20787,2026-10-08T04:04:14.905Z,FALSE,"",11:35,TRUE
fare_DEL-CCU_IX_2026-11-07_T+30_1791433399624_cr59,DEL-CCU,EaseMyTrip,IX,IX-1672,2026-11-07,T+30,17456,3832,21288,2026-10-08T04:04:14.905Z,FALSE,"",07:20,FALSE
fare_DEL-CCU_SG_2026-11-07_T+30_1791433399624_hd9p,DEL-CCU,EaseMyTrip,SG,SG-111,2026-11-07,T+30,18170,3989,22159,2026-10-08T04:04:14.905Z,FALSE,"",07:00,TRUE
fare_DEL-CCU_SG_2026-11-07_T+30_1791433399624_r5qj,DEL-CCU,EaseMyTrip,SG,SG-430,2026-11-07,T+30,18170,3989,22159,2026-10-08T04:04:14.905Z,FALSE,"",07:00,TRUE
fare_DEL-CCU_IX_2026-11-07_T+30_1791433399624_1ghb,DEL-CCU,EaseMyTrip,IX,IX-1076,2026-11-07,T+30,18047,3962,22009,2026-10-08T04:04:14.905Z,FALSE,"",08:00,FALSE
fare_DEL-CCU_AI_2026-11-07_T+30_1791433399624_6ge8,DEL-CCU,EaseMyTrip,AI,AI-2597,2026-11-07,T+30,18294,4016,22310,2026-10-08T04:04:14.905Z,FALSE,"",09:30,TRUE
fare_DEL-CCU_6E_2026-11-07_T+30_1791433399624_dnb8,DEL-CCU,EaseMyTrip,6E,6E-2423,2026-11-07,T+30,18198,3995,22193,2026-10-08T04:04:14.905Z,FALSE,"",15:15,FALSE
fare_DEL-CCU_6E_2026-11-07_T+30_1791433399624_98d8,DEL-CCU,EaseMyTrip,6E,6E-394,2026-11-07,T+30,19239,4223,23462,2026-10-08T04:04:14.905Z,FALSE,"",13:25,FALSE
fare_DEL-CCU_6E_2026-11-07_T+30_1791433399624_l3f4,DEL-CCU,EaseMyTrip,6E,6E-629,2026-11-07,T+30,19239,4223,23462,2026-10-08T04:04:14.905Z,FALSE,"",13:25,FALSE
fare_DEL-CCU_6E_2026-11-07_T+30_1791433399624_jf2h,DEL-CCU,EaseMyTrip,6E,6E-2769,2026-11-07,T+30,19239,4223,23462,2026-10-08T04:04:14.905Z,FALSE,"",07:55,FALSE
fare_DEL-CCU_6E_2026-11-07_T+30_1791433399624_1xhg,DEL-CCU,EaseMyTrip,6E,6E-6347,2026-11-07,T+30,19239,4223,23462,2026-10-08T04:04:14.905Z,FALSE,"",14:35,FALSE
fare_DEL-CCU_6E_2026-11-07_T+30_1791433399624_f6nz,DEL-CCU,EaseMyTrip,6E,6E-2373,2026-11-07,T+30,19239,4223,23462,2026-10-08T04:04:14.905Z,FALSE,"",11:05,FALSE
fare_DEL-CCU_6E_2026-11-07_T+30_1791433399624_sogg,DEL-CCU,EaseMyTrip,6E,6E-5025,2026-11-07,T+30,19477,4276,23753,2026-10-08T04:04:14.905Z,FALSE,"",09:15,FALSE
fare_DEL-CCU_AI_2026-11-07_T+30_1791433399624_n5sh,DEL-CCU,EaseMyTrip,AI,AI-2947,2026-11-07,T+30,19914,4371,24285,2026-10-08T04:04:14.905Z,FALSE,"",14:35,FALSE
fare_DEL-CCU_6E_2026-11-07_T+30_1791433399624_19zv,DEL-CCU,EaseMyTrip,6E,6E-487,2026-11-07,T+30,19884,4365,24249,2026-10-08T04:04:14.905Z,FALSE,"",18:15,FALSE
fare_DEL-CCU_6E_2026-11-07_T+30_1791433399624_o0ur,DEL-CCU,EaseMyTrip,6E,6E-450,2026-11-07,T+30,19884,4365,24249,2026-10-08T04:04:14.905Z,FALSE,"",18:15,FALSE
fare_DEL-CCU_6E_2026-11-07_T+30_1791433399624_lesx,DEL-CCU,EaseMyTrip,6E,6E-2614,2026-11-07,T+30,20142,4422,24564,2026-10-08T04:04:14.905Z,FALSE,"",15:10,FALSE
fare_DEL-CCU_6E_2026-11-07_T+30_1791433399624_b2d4,DEL-CCU,EaseMyTrip,6E,6E-350,2026-11-07,T+30,20590,4520,25110,2026-10-08T04:04:14.905Z,FALSE,"",19:40,FALSE
fare_DEL-CCU_6E_2026-11-07_T+30_1791433399624_tzwv,DEL-CCU,EaseMyTrip,6E,6E-975,2026-11-07,T+30,20590,4520,25110,2026-10-08T04:04:14.905Z,FALSE,"",19:40,FALSE
fare_DEL-CCU_6E_2026-11-07_T+30_1791433399624_hls9,DEL-CCU,EaseMyTrip,6E,6E-6217,2026-11-07,T+30,21176,4648,25824,2026-10-08T04:04:14.905Z,FALSE,"",16:20,FALSE
fare_DEL-CCU_6E_2026-11-07_T+30_1791433399624_zaa4,DEL-CCU,EaseMyTrip,6E,6E-6787,2026-11-07,T+30,21796,4784,26580,2026-10-08T04:04:14.905Z,FALSE,"",14:40,FALSE
fare_DEL-CCU_6E_2026-11-07_T+30_1791433399624_n565,DEL-CCU,EaseMyTrip,6E,6E-6293,2026-11-07,T+30,23254,5104,28358,2026-10-08T04:04:14.905Z,FALSE,"",10:00,FALSE
fare_DEL-CCU_6E_2026-11-07_T+30_1791433399624_2ufs,DEL-CCU,EaseMyTrip,6E,6E-870,2026-11-07,T+30,23254,5104,28358,2026-10-08T04:04:14.905Z,FALSE,"",09:00,FALSE
fare_DEL-CCU_6E_2026-11-07_T+30_1791433399624_yw4a,DEL-CCU,EaseMyTrip,6E,6E-319,2026-11-07,T+30,23254,5104,28358,2026-10-08T04:04:14.905Z,FALSE,"",09:00,FALSE
fare_DEL-CCU_AI_2026-11-07_T+30_1791433399624_ps93,DEL-CCU,EaseMyTrip,AI,AI-2503,2026-11-07,T+30,24220,5316,29536,2026-10-08T04:04:14.905Z,FALSE,"",18:30,FALSE
fare_DEL-CCU_6E_2026-11-07_T+30_1791433399624_2hvg,DEL-CCU,EaseMyTrip,6E,6E-195,2026-11-07,T+30,24717,5426,30143,2026-10-08T04:04:14.905Z,FALSE,"",09:00,FALSE
fare_DEL-CCU_6E_2026-11-07_T+30_1791433399624_dkwf,DEL-CCU,EaseMyTrip,6E,6E-464,2026-11-07,T+30,24717,5426,30143,2026-10-08T04:04:14.905Z,FALSE,"",09:00,FALSE
fare_DEL-CCU_6E_2026-11-07_T+30_1791433399624_sksh,DEL-CCU,EaseMyTrip,6E,6E-6212,2026-11-07,T+30,24717,5426,30143,2026-10-08T04:04:14.905Z,FALSE,"",14:50,FALSE
fare_DEL-CCU_6E_2026-11-07_T+30_1791433399624_csoq,DEL-CCU,EaseMyTrip,6E,6E-5058,2026-11-07,T+30,24717,5426,30143,2026-10-08T04:04:14.905Z,FALSE,"",13:30,FALSE
fare_DEL-CCU_6E_2026-11-07_T+30_1791433399624_jsxg,DEL-CCU,EaseMyTrip,6E,6E-828,2026-11-07,T+30,25185,5529,30714,2026-10-08T04:04:14.905Z,FALSE,"",02:10,FALSE
fare_DEL-CCU_6E_2026-11-07_T+30_1791433399624_735g,DEL-CCU,EaseMyTrip,6E,6E-605,2026-11-07,T+30,25185,5529,30714,2026-10-08T04:04:14.905Z,FALSE,"",02:10,FALSE
fare_DEL-CCU_6E_2026-11-07_T+30_1791433399624_pgfb,DEL-CCU,EaseMyTrip,6E,6E-2410,2026-11-07,T+30,25503,5598,31101,2026-10-08T04:04:14.905Z,FALSE,"",12:05,FALSE
fare_DEL-CCU_IX_2026-11-07_T+30_1791433399624_rp3x,DEL-CCU,EaseMyTrip,IX,IX-1525,2026-11-07,T+30,26361,5787,32148,2026-10-08T04:04:14.905Z,FALSE,"",08:35,FALSE
fare_DEL-CCU_IX_2026-11-07_T+30_1791433399624_qxat,DEL-CCU,EaseMyTrip,IX,IX-1071,2026-11-07,T+30,26361,5787,32148,2026-10-08T04:04:14.905Z,FALSE,"",21:10,FALSE
fare_DEL-CCU_IX_2026-11-07_T+30_1791433399624_u3nc,DEL-CCU,EaseMyTrip,IX,IX-1261,2026-11-07,T+30,26361,5787,32148,2026-10-08T04:04:14.905Z,FALSE,"",07:30,FALSE
fare_DEL-CCU_IX_2026-11-07_T+30_1791433399624_17a7,DEL-CCU,EaseMyTrip,IX,IX-1257,2026-11-07,T+30,27430,6021,33451,2026-10-08T04:04:14.905Z,FALSE,"",22:10,FALSE
fare_DEL-CCU_IX_2026-11-07_T+30_1791433399624_omls,DEL-CCU,EaseMyTrip,IX,IX-1230,2026-11-07,T+30,27932,6131,34063,2026-10-08T04:04:14.905Z,FALSE,"",05:05,FALSE
fare_DEL-CCU_AI_2026-11-07_T+30_1791433399624_gcgq,DEL-CCU,EaseMyTrip,AI,AI-427,2026-11-07,T+30,29519,6480,35999,2026-10-08T04:04:14.905Z,FALSE,"",08:35,FALSE
fare_DEL-CCU_AI_2026-11-07_T+30_1791433399624_d9pp,DEL-CCU,EaseMyTrip,AI,AI-2613,2026-11-07,T+30,30074,6601,36675,2026-10-08T04:04:14.905Z,FALSE,"",04:15,FALSE
fare_DEL-CCU_AI_2026-11-07_T+30_1791433399624_chzh,DEL-CCU,EaseMyTrip,AI,AI-2513,2026-11-07,T+30,30241,6638,36879,2026-10-08T04:04:14.905Z,FALSE,"",13:00,FALSE
fare_DEL-CCU_AI_2026-11-07_T+30_1791433399624_6wmv,DEL-CCU,EaseMyTrip,AI,AI-2485,2026-11-07,T+30,30611,6720,37331,2026-10-08T04:04:14.905Z,FALSE,"",10:55,FALSE
fare_DEL-CCU_AI_2026-11-07_T+30_1791433399624_o4wf,DEL-CCU,EaseMyTrip,AI,AI-2417,2026-11-07,T+30,30704,6740,37444,2026-10-08T04:04:14.905Z,FALSE,"",12:00,FALSE
fare_DEL-CCU_AI_2026-11-07_T+30_1791433399624_ao4h,DEL-CCU,EaseMyTrip,AI,AI-2819,2026-11-07,T+30,31208,6850,38058,2026-10-08T04:04:14.905Z,FALSE,"",15:00,FALSE
fare_DEL-CCU_QP_2026-11-22_T+45_1791433399625_fj3r,DEL-CCU,EaseMyTrip,QP,QP-1260,2026-11-22,T+45,8266,1814,10080,2026-10-08T04:04:20.843Z,FALSE,"",20:55,TRUE
fare_DEL-CCU_6E_2026-11-22_T+45_1791433399625_ut0z,DEL-CCU,EaseMyTrip,6E,6E-910,2026-11-22,T+45,8435,1852,10287,2026-10-08T04:04:20.843Z,FALSE,"",03:00,TRUE
fare_DEL-CCU_6E_2026-11-22_T+45_1791433399625_t0u3,DEL-CCU,EaseMyTrip,6E,6E-371,2026-11-22,T+45,8435,1852,10287,2026-10-08T04:04:20.843Z,FALSE,"",03:00,TRUE
fare_DEL-CCU_6E_2026-11-22_T+45_1791433399625_86v7,DEL-CCU,EaseMyTrip,6E,6E-414,2026-11-22,T+45,8435,1852,10287,2026-10-08T04:04:20.843Z,FALSE,"",23:45,TRUE
fare_DEL-CCU_6E_2026-11-22_T+45_1791433399625_y9x3,DEL-CCU,EaseMyTrip,6E,6E-965,2026-11-22,T+45,8435,1852,10287,2026-10-08T04:04:20.843Z,FALSE,"",23:45,TRUE
fare_DEL-CCU_6E_2026-11-22_T+45_1791433399625_33fc,DEL-CCU,EaseMyTrip,6E,6E-374,2026-11-22,T+45,8435,1852,10287,2026-10-08T04:04:20.843Z,FALSE,"",22:15,TRUE
fare_DEL-CCU_6E_2026-11-22_T+45_1791433399625_ze0o,DEL-CCU,EaseMyTrip,6E,6E-677,2026-11-22,T+45,8435,1852,10287,2026-10-08T04:04:20.843Z,FALSE,"",22:15,TRUE
fare_DEL-CCU_6E_2026-11-22_T+45_1791433399625_sdn1,DEL-CCU,EaseMyTrip,6E,6E-2192,2026-11-22,T+45,8435,1852,10287,2026-10-08T04:04:20.843Z,FALSE,"",08:30,TRUE
fare_DEL-CCU_6E_2026-11-22_T+45_1791433399625_ab2q,DEL-CCU,EaseMyTrip,6E,6E-680,2026-11-22,T+45,8435,1852,10287,2026-10-08T04:04:20.843Z,FALSE,"",06:15,TRUE
fare_DEL-CCU_6E_2026-11-22_T+45_1791433399625_74sh,DEL-CCU,EaseMyTrip,6E,6E-990,2026-11-22,T+45,8435,1852,10287,2026-10-08T04:04:20.843Z,FALSE,"",06:15,TRUE
fare_DEL-CCU_6E_2026-11-22_T+45_1791433399625_l61e,DEL-CCU,EaseMyTrip,6E,6E-5191,2026-11-22,T+45,8435,1852,10287,2026-10-08T04:04:20.843Z,FALSE,"",04:45,TRUE
fare_DEL-CCU_AI_2026-11-22_T+45_1791433399625_hj0q,DEL-CCU,EaseMyTrip,AI,AI-2727,2026-11-22,T+45,8674,1904,10578,2026-10-08T04:04:20.843Z,FALSE,"",21:40,TRUE
fare_DEL-CCU_QP_2026-11-22_T+45_1791433399625_3h5d,DEL-CCU,EaseMyTrip,QP,QP-1258,2026-11-22,T+45,8581,1884,10465,2026-10-08T04:04:20.843Z,FALSE,"",08:50,TRUE
fare_DEL-CCU_QP_2026-11-22_T+45_1791433399625_6igv,DEL-CCU,EaseMyTrip,QP,QP-1268,2026-11-22,T+45,8841,1941,10782,2026-10-08T04:04:20.843Z,FALSE,"",15:20,TRUE
fare_DEL-CCU_6E_2026-11-22_T+45_1791433399625_ivga,DEL-CCU,EaseMyTrip,6E,6E-2327,2026-11-22,T+45,8866,1946,10812,2026-10-08T04:04:20.843Z,FALSE,"",14:00,TRUE
fare_DEL-CCU_AI_2026-11-22_T+45_1791433399625_mr4c,DEL-CCU,EaseMyTrip,AI,AI-2597,2026-11-22,T+45,9269,2035,11304,2026-10-08T04:04:20.843Z,FALSE,"",09:30,TRUE
fare_DEL-CCU_6E_2026-11-22_T+45_1791433399625_z0ze,DEL-CCU,EaseMyTrip,6E,6E-6304,2026-11-22,T+45,9109,2000,11109,2026-10-08T04:04:20.843Z,FALSE,"",09:40,FALSE
fare_DEL-CCU_6E_2026-11-22_T+45_1791433399625_dyih,DEL-CCU,EaseMyTrip,6E,6E-5375,2026-11-22,T+45,9109,2000,11109,2026-10-08T04:04:20.843Z,FALSE,"",07:25,FALSE
fare_DEL-CCU_6E_2026-11-22_T+45_1791433399625_l14j,DEL-CCU,EaseMyTrip,6E,6E-2385,2026-11-22,T+45,9303,2042,11345,2026-10-08T04:04:20.843Z,FALSE,"",12:25,FALSE
fare_DEL-CCU_6E_2026-11-22_T+45_1791433399625_tc79,DEL-CCU,EaseMyTrip,6E,6E-2771,2026-11-22,T+45,9368,2056,11424,2026-10-08T04:04:20.843Z,FALSE,"",16:30,FALSE
fare_DEL-CCU_6E_2026-11-22_T+45_1791433399625_oxnf,DEL-CCU,EaseMyTrip,6E,6E-6076,2026-11-22,T+45,9368,2056,11424,2026-10-08T04:04:20.843Z,FALSE,"",15:45,FALSE
fare_DEL-CCU_6E_2026-11-22_T+45_1791433399625_6lqo,DEL-CCU,EaseMyTrip,6E,6E-6517,2026-11-22,T+45,9382,2060,11442,2026-10-08T04:04:20.843Z,FALSE,"",19:30,TRUE
fare_DEL-CCU_6E_2026-11-22_T+45_1791433399625_pv3f,DEL-CCU,EaseMyTrip,6E,6E-418,2026-11-22,T+45,9382,2060,11442,2026-10-08T04:04:20.843Z,FALSE,"",10:30,TRUE
fare_DEL-CCU_6E_2026-11-22_T+45_1791433399625_a6kb,DEL-CCU,EaseMyTrip,6E,6E-596,2026-11-22,T+45,9382,2060,11442,2026-10-08T04:04:20.843Z,FALSE,"",10:30,TRUE
fare_DEL-CCU_6E_2026-11-22_T+45_1791433399625_7pq7,DEL-CCU,EaseMyTrip,6E,6E-6378,2026-11-22,T+45,9454,2075,11529,2026-10-08T04:04:20.843Z,FALSE,"",14:50,FALSE
fare_DEL-CCU_6E_2026-11-22_T+45_1791433399625_7bkc,DEL-CCU,EaseMyTrip,6E,6E-119,2026-11-22,T+45,9454,2075,11529,2026-10-08T04:04:20.843Z,FALSE,"",05:15,FALSE
fare_DEL-CCU_6E_2026-11-22_T+45_1791433399625_jj9r,DEL-CCU,EaseMyTrip,6E,6E-392,2026-11-22,T+45,9454,2075,11529,2026-10-08T04:04:20.843Z,FALSE,"",05:15,FALSE
fare_DEL-CCU_6E_2026-11-22_T+45_1791433399625_xkbz,DEL-CCU,EaseMyTrip,6E,6E-2316,2026-11-22,T+45,9454,2075,11529,2026-10-08T04:04:20.843Z,FALSE,"",17:55,FALSE
fare_DEL-CCU_6E_2026-11-22_T+45_1791433399625_q0d2,DEL-CCU,EaseMyTrip,6E,6E-314,2026-11-22,T+45,9454,2075,11529,2026-10-08T04:04:20.843Z,FALSE,"",13:30,FALSE
fare_DEL-CCU_6E_2026-11-22_T+45_1791433399625_587r,DEL-CCU,EaseMyTrip,6E,6E-731,2026-11-22,T+45,9454,2075,11529,2026-10-08T04:04:20.843Z,FALSE,"",13:30,FALSE
fare_DEL-CCU_6E_2026-11-22_T+45_1791433399625_retd,DEL-CCU,EaseMyTrip,6E,6E-5041,2026-11-22,T+45,9454,2075,11529,2026-10-08T04:04:20.843Z,FALSE,"",15:25,FALSE
fare_DEL-CCU_6E_2026-11-22_T+45_1791433399625_zvde,DEL-CCU,EaseMyTrip,6E,6E-6048,2026-11-22,T+45,9454,2075,11529,2026-10-08T04:04:20.843Z,FALSE,"",06:15,FALSE
fare_DEL-CCU_6E_2026-11-22_T+45_1791433399625_t7uh,DEL-CCU,EaseMyTrip,6E,6E-6038,2026-11-22,T+45,9454,2075,11529,2026-10-08T04:04:20.843Z,FALSE,"",11:30,FALSE
fare_DEL-CCU_6E_2026-11-22_T+45_1791433399625_lw4h,DEL-CCU,EaseMyTrip,6E,6E-7624,2026-11-22,T+45,9459,2076,11535,2026-10-08T04:04:20.843Z,FALSE,"",05:50,FALSE
fare_DEL-CCU_IX_2026-11-22_T+45_1791433399625_apmn,DEL-CCU,EaseMyTrip,IX,IX-1197,2026-11-22,T+45,9726,2135,11861,2026-10-08T04:04:20.843Z,FALSE,"",20:50,TRUE
fare_DEL-CCU_6E_2026-11-22_T+45_1791433399625_yijv,DEL-CCU,EaseMyTrip,6E,6E-6347,2026-11-22,T+45,9638,2116,11754,2026-10-08T04:04:20.843Z,FALSE,"",14:35,FALSE
fare_DEL-CCU_6E_2026-11-22_T+45_1791433399625_8ya2,DEL-CCU,EaseMyTrip,6E,6E-6503,2026-11-22,T+45,9669,2122,11791,2026-10-08T04:04:20.843Z,FALSE,"",12:40,FALSE
fare_DEL-CCU_6E_2026-11-22_T+45_1791433399625_erjt,DEL-CCU,EaseMyTrip,6E,6E-886,2026-11-22,T+45,9776,2146,11922,2026-10-08T04:04:20.843Z,FALSE,"",19:40,FALSE
fare_DEL-CCU_6E_2026-11-22_T+45_1791433399625_ci4w,DEL-CCU,EaseMyTrip,6E,6E-924,2026-11-22,T+45,9776,2146,11922,2026-10-08T04:04:20.843Z,FALSE,"",19:40,FALSE
fare_DEL-CCU_6E_2026-11-22_T+45_1791433399625_2ift,DEL-CCU,EaseMyTrip,6E,6E-157,2026-11-22,T+45,9820,2155,11975,2026-10-08T04:04:20.843Z,FALSE,"",09:00,FALSE
fare_DEL-CCU_6E_2026-11-22_T+45_1791433399625_80pc,DEL-CCU,EaseMyTrip,6E,6E-249,2026-11-22,T+45,9820,2155,11975,2026-10-08T04:04:20.843Z,FALSE,"",09:00,FALSE
fare_DEL-CCU_6E_2026-11-22_T+45_1791433399625_fvjy,DEL-CCU,EaseMyTrip,6E,6E-6212,2026-11-22,T+45,9820,2155,11975,2026-10-08T04:04:20.843Z,FALSE,"",14:50,FALSE
fare_DEL-CCU_6E_2026-11-22_T+45_1791433399625_e8c1,DEL-CCU,EaseMyTrip,6E,6E-564,2026-11-22,T+45,9820,2155,11975,2026-10-08T04:04:20.843Z,FALSE,"",18:15,FALSE
fare_DEL-CCU_6E_2026-11-22_T+45_1791433399625_30gv,DEL-CCU,EaseMyTrip,6E,6E-948,2026-11-22,T+45,9820,2155,11975,2026-10-08T04:04:20.843Z,FALSE,"",18:15,FALSE
fare_DEL-CCU_6E_2026-11-22_T+45_1791433399625_zjee,DEL-CCU,EaseMyTrip,6E,6E-708,2026-11-22,T+45,9820,2155,11975,2026-10-08T04:04:20.843Z,FALSE,"",02:10,FALSE
fare_DEL-CCU_6E_2026-11-22_T+45_1791433399625_akku,DEL-CCU,EaseMyTrip,6E,6E-598,2026-11-22,T+45,9820,2155,11975,2026-10-08T04:04:20.843Z,FALSE,"",02:10,FALSE
fare_DEL-CCU_6E_2026-11-22_T+45_1791433399625_s934,DEL-CCU,EaseMyTrip,6E,6E-6217,2026-11-22,T+45,9820,2155,11975,2026-10-08T04:04:20.843Z,FALSE,"",16:20,FALSE
fare_DEL-CCU_6E_2026-11-22_T+45_1791433399625_s9cw,DEL-CCU,EaseMyTrip,6E,6E-5058,2026-11-22,T+45,9820,2155,11975,2026-10-08T04:04:20.843Z,FALSE,"",13:30,FALSE
fare_DEL-CCU_6E_2026-11-22_T+45_1791433399625_ihrb,DEL-CCU,EaseMyTrip,6E,6E-852,2026-11-22,T+45,9985,2192,12177,2026-10-08T04:04:20.843Z,FALSE,"",12:20,TRUE
fare_DEL-CCU_6E_2026-11-22_T+45_1791433399625_8p30,DEL-CCU,EaseMyTrip,6E,6E-625,2026-11-22,T+45,9985,2192,12177,2026-10-08T04:04:20.843Z,FALSE,"",17:15,TRUE
fare_DEL-CCU_6E_2026-11-22_T+45_1791433399625_fy03,DEL-CCU,EaseMyTrip,6E,6E-755,2026-11-22,T+45,9985,2192,12177,2026-10-08T04:04:20.843Z,FALSE,"",17:15,TRUE
fare_DEL-CCU_AI_2026-11-22_T+45_1791433399625_2z3t,DEL-CCU,EaseMyTrip,AI,AI-2707,2026-11-22,T+45,10269,2254,12523,2026-10-08T04:04:20.843Z,FALSE,"",18:10,TRUE
fare_DEL-CCU_AI_2026-11-22_T+45_1791433399625_m9o0,DEL-CCU,EaseMyTrip,AI,AI-2501,2026-11-22,T+45,10269,2254,12523,2026-10-08T04:04:20.843Z,FALSE,"",11:40,TRUE
fare_DEL-CCU_AI_2026-11-22_T+45_1791433399625_lis3,DEL-CCU,EaseMyTrip,AI,AI-2705,2026-11-22,T+45,10269,2254,12523,2026-10-08T04:04:20.843Z,FALSE,"",06:55,TRUE
fare_DEL-CCU_AI_2026-11-22_T+45_1791433399625_qdoq,DEL-CCU,EaseMyTrip,AI,AI-2553,2026-11-22,T+45,10456,2295,12751,2026-10-08T04:04:20.843Z,FALSE,"",16:15,TRUE
fare_DEL-CCU_AI_2026-11-22_T+45_1791433399625_hrxn,DEL-CCU,EaseMyTrip,AI,AI-2709,2026-11-22,T+45,10550,2316,12866,2026-10-08T04:04:20.843Z,FALSE,"",19:40,TRUE
fare_DEL-CCU_6E_2026-11-22_T+45_1791433399625_xvla,DEL-CCU,EaseMyTrip,6E,6E-6415,2026-11-22,T+45,10631,2334,12965,2026-10-08T04:04:20.843Z,FALSE,"",15:30,TRUE
fare_DEL-CCU_6E_2026-11-22_T+45_1791433399625_10qp,DEL-CCU,EaseMyTrip,6E,6E-2373,2026-11-22,T+45,10758,2361,13119,2026-10-08T04:04:20.843Z,FALSE,"",11:05,FALSE
fare_DEL-CCU_IX_2026-11-22_T+45_1791433399625_0dhn,DEL-CCU,EaseMyTrip,IX,IX-1043,2026-11-22,T+45,10972,2408,13380,2026-10-08T04:04:20.843Z,FALSE,"",18:00,FALSE
fare_DEL-CCU_6E_2026-11-22_T+45_1791433399625_llbu,DEL-CCU,EaseMyTrip,6E,6E-6245,2026-11-22,T+45,10844,2380,13224,2026-10-08T04:04:20.843Z,FALSE,"",06:20,FALSE
fare_DEL-CCU_6E_2026-11-22_T+45_1791433399625_67v4,DEL-CCU,EaseMyTrip,6E,6E-2423,2026-11-22,T+45,11008,2416,13424,2026-10-08T04:04:20.843Z,FALSE,"",15:15,FALSE
fare_DEL-CCU_AI_2026-11-22_T+45_1791433399625_vw7e,DEL-CCU,EaseMyTrip,AI,AI-2767,2026-11-22,T+45,11348,2491,13839,2026-10-08T04:04:20.843Z,FALSE,"",13:00,TRUE
fare_DEL-CCU_6E_2026-11-22_T+45_1791433399625_9aem,DEL-CCU,EaseMyTrip,6E,6E-5269,2026-11-22,T+45,11288,2478,13766,2026-10-08T04:04:20.843Z,FALSE,"",10:00,FALSE
fare_DEL-CCU_6E_2026-11-22_T+45_1791433399625_p3qj,DEL-CCU,EaseMyTrip,6E,6E-2039,2026-11-22,T+45,11404,2503,13907,2026-10-08T04:04:20.843Z,FALSE,"",05:25,FALSE
fare_DEL-CCU_IX_2026-11-22_T+45_1791433399625_370x,DEL-CCU,EaseMyTrip,IX,IX-1088,2026-11-22,T+45,11747,2579,14326,2026-10-08T04:04:20.843Z,FALSE,"",17:05,FALSE
fare_DEL-CCU_6E_2026-11-22_T+45_1791433399625_9ths,DEL-CCU,EaseMyTrip,6E,6E-670,2026-11-22,T+45,11705,2569,14274,2026-10-08T04:04:20.843Z,FALSE,"",13:25,FALSE
fare_DEL-CCU_6E_2026-11-22_T+45_1791433399625_x6s9,DEL-CCU,EaseMyTrip,6E,6E-403,2026-11-22,T+45,11705,2569,14274,2026-10-08T04:04:20.843Z,FALSE,"",13:25,FALSE
fare_DEL-CCU_6E_2026-11-22_T+45_1791433399625_2a2q,DEL-CCU,EaseMyTrip,6E,6E-5023,2026-11-22,T+45,11748,2579,14327,2026-10-08T04:04:20.843Z,FALSE,"",18:10,FALSE
fare_DEL-CCU_AI_2026-11-22_T+45_1791433399625_h79x,DEL-CCU,EaseMyTrip,AI,AI-879,2026-11-22,T+45,11979,2630,14609,2026-10-08T04:04:20.843Z,FALSE,"",06:40,FALSE
fare_DEL-CCU_AI_2026-11-22_T+45_1791433399625_9g6z,DEL-CCU,EaseMyTrip,AI,AI-2947,2026-11-22,T+45,12182,2674,14856,2026-10-08T04:04:20.843Z,FALSE,"",14:35,FALSE
fare_DEL-CCU_6E_2026-11-22_T+45_1791433399625_4j6n,DEL-CCU,EaseMyTrip,6E,6E-2769,2026-11-22,T+45,12221,2683,14904,2026-10-08T04:04:20.843Z,FALSE,"",07:55,FALSE
fare_DEL-CCU_6E_2026-11-22_T+45_1791433399625_wd9m,DEL-CCU,EaseMyTrip,6E,6E-2217,2026-11-22,T+45,12253,2690,14943,2026-10-08T04:04:20.843Z,FALSE,"",12:20,FALSE
fare_DEL-CCU_SG_2026-11-22_T+45_1791433399625_72gv,DEL-CCU,EaseMyTrip,SG,SG-520,2026-11-22,T+45,12745,2798,15543,2026-10-08T04:04:20.843Z,FALSE,"",07:00,TRUE
fare_DEL-CCU_SG_2026-11-22_T+45_1791433399625_7k05,DEL-CCU,EaseMyTrip,SG,SG-382,2026-11-22,T+45,12745,2798,15543,2026-10-08T04:04:20.843Z,FALSE,"",07:00,TRUE
fare_DEL-CCU_6E_2026-11-22_T+45_1791433399625_0h64,DEL-CCU,EaseMyTrip,6E,6E-2614,2026-11-22,T+45,12566,2758,15324,2026-10-08T04:04:20.843Z,FALSE,"",15:10,FALSE
fare_DEL-CCU_IX_2026-11-22_T+45_1791433399625_pfnd,DEL-CCU,EaseMyTrip,IX,IX-1041,2026-11-22,T+45,12772,2804,15576,2026-10-08T04:04:20.843Z,FALSE,"",15:10,FALSE
fare_DEL-CCU_IX_2026-11-22_T+45_1791433399625_ikdo,DEL-CCU,EaseMyTrip,IX,IX-1085,2026-11-22,T+45,12772,2804,15576,2026-10-08T04:04:20.843Z,FALSE,"",10:55,FALSE
fare_DEL-CCU_IX_2026-11-22_T+45_1791433399625_byka,DEL-CCU,EaseMyTrip,IX,IX-1672,2026-11-22,T+45,12772,2804,15576,2026-10-08T04:04:20.843Z,FALSE,"",07:20,FALSE
fare_DEL-CCU_6E_2026-11-22_T+45_1791433399625_0nuk,DEL-CCU,EaseMyTrip,6E,6E-6787,2026-11-22,T+45,13879,3047,16926,2026-10-08T04:04:20.843Z,FALSE,"",14:40,FALSE
fare_DEL-CCU_6E_2026-11-22_T+45_1791433399625_lex2,DEL-CCU,EaseMyTrip,6E,6E-2410,2026-11-22,T+45,14052,3084,17136,2026-10-08T04:04:20.843Z,FALSE,"",12:05,FALSE
fare_DEL-CCU_6E_2026-11-22_T+45_1791433399625_eh2r,DEL-CCU,EaseMyTrip,6E,6E-5025,2026-11-22,T+45,14115,3099,17214,2026-10-08T04:04:20.843Z,FALSE,"",09:15,FALSE
fare_DEL-CCU_IX_2026-11-22_T+45_1791433399625_ie6u,DEL-CCU,EaseMyTrip,IX,IX-1067,2026-11-22,T+45,14905,3272,18177,2026-10-08T04:04:20.843Z,FALSE,"",11:25,FALSE
fare_DEL-CCU_IX_2026-11-22_T+45_1791433399625_vez0,DEL-CCU,EaseMyTrip,IX,IX-1076,2026-11-22,T+45,14905,3272,18177,2026-10-08T04:04:20.843Z,FALSE,"",08:00,FALSE
fare_DEL-CCU_AI_2026-11-22_T+45_1791433399625_h6z5,DEL-CCU,EaseMyTrip,AI,AI-2439,2026-11-22,T+45,15532,3410,18942,2026-10-08T04:04:20.843Z,FALSE,"",23:00,FALSE
fare_DEL-CCU_AI_2026-11-22_T+45_1791433399625_6ixp,DEL-CCU,EaseMyTrip,AI,AI-2437,2026-11-22,T+45,15532,3410,18942,2026-10-08T04:04:20.843Z,FALSE,"",22:30,FALSE
fare_DEL-CCU_AI_2026-11-22_T+45_1791433399625_qxuv,DEL-CCU,EaseMyTrip,AI,AI-2999,2026-11-22,T+45,15532,3410,18942,2026-10-08T04:04:20.843Z,FALSE,"",22:00,FALSE
fare_DEL-CCU_6E_2026-11-22_T+45_1791433399625_lk5w,DEL-CCU,EaseMyTrip,6E,6E-308,2026-11-22,T+45,15456,3393,18849,2026-10-08T04:04:20.843Z,FALSE,"",09:00,FALSE
fare_DEL-CCU_6E_2026-11-22_T+45_1791433399625_q09n,DEL-CCU,EaseMyTrip,6E,6E-645,2026-11-22,T+45,15456,3393,18849,2026-10-08T04:04:20.843Z,FALSE,"",09:00,FALSE
fare_DEL-CCU_6E_2026-11-22_T+45_1791433399625_2pkd,DEL-CCU,EaseMyTrip,6E,6E-6293,2026-11-22,T+45,15955,3502,19457,2026-10-08T04:04:20.843Z,FALSE,"",10:00,FALSE
fare_DEL-CCU_IX_2026-11-22_T+45_1791433399625_0jjc,DEL-CCU,EaseMyTrip,IX,IX-1274,2026-11-22,T+45,16283,3574,19857,2026-10-08T04:04:20.843Z,FALSE,"",09:55,FALSE
fare_DEL-CCU_IX_2026-11-22_T+45_1791433399625_y2km,DEL-CCU,EaseMyTrip,IX,IX-1230,2026-11-22,T+45,17396,3819,21215,2026-10-08T04:04:20.843Z,FALSE,"",05:05,FALSE
fare_DEL-CCU_6E_2026-11-22_T+45_1791433399625_wz0z,DEL-CCU,EaseMyTrip,6E,6E-5067,2026-11-22,T+45,17602,3864,21466,2026-10-08T04:04:20.843Z,FALSE,"",10:15,FALSE
fare_DEL-CCU_AI_2026-11-22_T+45_1791433399625_5nr7,DEL-CCU,EaseMyTrip,AI,AI-2951,2026-11-22,T+45,17864,3921,21785,2026-10-08T04:04:20.843Z,FALSE,"",13:30,FALSE
fare_DEL-CCU_AI_2026-11-22_T+45_1791433399625_ke6p,DEL-CCU,EaseMyTrip,AI,AI-2425,2026-11-22,T+45,17864,3921,21785,2026-10-08T04:04:20.843Z,FALSE,"",10:25,FALSE
fare_DEL-CCU_AI_2026-11-22_T+45_1791433399625_guow,DEL-CCU,EaseMyTrip,AI,AI-9836,2026-11-22,T+45,17942,3939,21881,2026-10-08T04:04:20.843Z,FALSE,"",08:50,FALSE
fare_DEL-CCU_AI_2026-11-22_T+45_1791433399625_3aqv,DEL-CCU,EaseMyTrip,AI,AI-2678,2026-11-22,T+45,18149,3984,22133,2026-10-08T04:04:20.843Z,FALSE,"",08:30,FALSE
fare_DEL-CCU_AI_2026-11-22_T+45_1791433399625_49kg,DEL-CCU,EaseMyTrip,AI,AI-2945,2026-11-22,T+45,19425,4264,23689,2026-10-08T04:04:20.843Z,FALSE,"",11:00,FALSE
fare_DEL-CCU_AI_2026-11-22_T+45_1791433399625_zoqi,DEL-CCU,EaseMyTrip,AI,AI-2933,2026-11-22,T+45,19796,4346,24142,2026-10-08T04:04:20.843Z,FALSE,"",15:30,FALSE
fare_DEL-CCU_IX_2026-11-22_T+45_1791433399625_dzmq,DEL-CCU,EaseMyTrip,IX,IX-1261,2026-11-22,T+45,21923,4812,26735,2026-10-08T04:04:20.843Z,FALSE,"",07:30,FALSE
fare_DEL-CCU_IX_2026-11-22_T+45_1791433399625_2o89,DEL-CCU,EaseMyTrip,IX,IX-1071,2026-11-22,T+45,22681,4979,27660,2026-10-08T04:04:20.843Z,FALSE,"",21:10,FALSE
fare_DEL-CCU_AI_2026-11-22_T+45_1791433399625_spj8,DEL-CCU,EaseMyTrip,AI,AI-2507,2026-11-22,T+45,22741,4992,27733,2026-10-08T04:04:20.843Z,FALSE,"",12:10,FALSE
fare_DEL-CCU_6E_2026-11-22_T+45_1791433399625_lk81,DEL-CCU,EaseMyTrip,6E,6E-405,2026-11-22,T+45,22843,5014,27857,2026-10-08T04:04:20.843Z,FALSE,"",11:45,FALSE
fare_DEL-CCU_6E_2026-11-22_T+45_1791433399625_2vp5,DEL-CCU,EaseMyTrip,6E,6E-728,2026-11-22,T+45,22843,5014,27857,2026-10-08T04:04:20.843Z,FALSE,"",11:45,FALSE
fare_DEL-CCU_IX_2026-11-22_T+45_1791433399625_15pz,DEL-CCU,EaseMyTrip,IX,IX-1032,2026-11-22,T+45,23449,5147,28596,2026-10-08T04:04:20.843Z,FALSE,"",06:20,FALSE
fare_DEL-CCU_AI_2026-11-22_T+45_1791433399625_cty1,DEL-CCU,EaseMyTrip,AI,AI-2987,2026-11-22,T+45,23541,5167,28708,2026-10-08T04:04:20.843Z,FALSE,"",13:00,FALSE
fare_DEL-CCU_AI_2026-11-22_T+45_1791433399625_t9aj,DEL-CCU,EaseMyTrip,AI,AI-2587,2026-11-22,T+45,23541,5167,28708,2026-10-08T04:04:20.843Z,FALSE,"",12:00,FALSE
fare_DEL-CCU_AI_2026-11-22_T+45_1791433399625_tv3k,DEL-CCU,EaseMyTrip,AI,AI-427,2026-11-22,T+45,24562,5392,29954,2026-10-08T04:04:20.843Z,TRUE,"High outlier: ₹29954 > upper fence ₹29829 (Q3: ₹18849, IQR: ₹7320)",08:35,FALSE
fare_DEL-CCU_AI_2026-11-22_T+45_1791433399625_ypm3,DEL-CCU,EaseMyTrip,AI,AI-2417,2026-11-22,T+45,25363,5567,30930,2026-10-08T04:04:20.843Z,TRUE,"High outlier: ₹30930 > upper fence ₹29829 (Q3: ₹18849, IQR: ₹7320)",12:00,FALSE
fare_DEL-CCU_AI_2026-11-22_T+45_1791433399625_i6ca,DEL-CCU,EaseMyTrip,AI,AI-2819,2026-11-22,T+45,26985,5924,32909,2026-10-08T04:04:20.843Z,TRUE,"High outlier: ₹32909 > upper fence ₹29829 (Q3: ₹18849, IQR: ₹7320)",15:00,FALSE
fare_DEL-CCU_AI_2026-11-22_T+45_1791433399625_ju11,DEL-CCU,EaseMyTrip,AI,AI-2513,2026-11-22,T+45,28374,6229,34603,2026-10-08T04:04:20.843Z,TRUE,"High outlier: ₹34603 > upper fence ₹29829 (Q3: ₹18849, IQR: ₹7320)",13:00,FALSE
fare_DEL-CCU_AI_2026-11-22_T+45_1791433399625_3rty,DEL-CCU,EaseMyTrip,AI,AI-2963,2026-11-22,T+45,29398,6453,35851,2026-10-08T04:04:20.843Z,TRUE,"High outlier: ₹35851 > upper fence ₹29829 (Q3: ₹18849, IQR: ₹7320)",09:00,FALSE
fare_DEL-CCU_AI_2026-11-22_T+45_1791433399625_7s4r,DEL-CCU,EaseMyTrip,AI,AI-2613,2026-11-22,T+45,40653,8924,49577,2026-10-08T04:04:20.843Z,TRUE,"High outlier: ₹49577 > upper fence ₹29829 (Q3: ₹18849, IQR: ₹7320)",04:15,FALSE
fare_DEL-GAU_6E_2026-11-07_T+30_1791433399625_z9p1,DEL-GAU,EaseMyTrip,6E,6E-989,2026-11-07,T+30,7888,1732,9620,2026-10-08T04:06:14.066Z,FALSE,"",05:15,TRUE
fare_DEL-GAU_6E_2026-11-07_T+30_1791433399625_u5x0,DEL-GAU,EaseMyTrip,6E,6E-656,2026-11-07,T+30,7888,1732,9620,2026-10-08T04:06:14.066Z,FALSE,"",05:15,TRUE
fare_DEL-GAU_6E_2026-11-07_T+30_1791433399625_n69c,DEL-GAU,EaseMyTrip,6E,6E-6048,2026-11-07,T+30,7888,1732,9620,2026-10-08T04:06:14.066Z,FALSE,"",06:15,TRUE
fare_DEL-GAU_6E_2026-11-07_T+30_1791433399625_wsau,DEL-GAU,EaseMyTrip,6E,6E-5041,2026-11-07,T+30,7888,1732,9620,2026-10-08T04:06:14.066Z,FALSE,"",15:25,TRUE
fare_DEL-GAU_6E_2026-11-07_T+30_1791433399625_38yh,DEL-GAU,EaseMyTrip,6E,6E-2316,2026-11-07,T+30,8298,1822,10120,2026-10-08T04:06:14.066Z,FALSE,"",17:55,TRUE
fare_DEL-GAU_6E_2026-11-07_T+30_1791433399625_j6bw,DEL-GAU,EaseMyTrip,6E,6E-7646,2026-11-07,T+30,9048,1986,11034,2026-10-08T04:06:14.066Z,FALSE,"",06:20,FALSE
fare_DEL-GAU_6E_2026-11-07_T+30_1791433399625_lmwz,DEL-GAU,EaseMyTrip,6E,6E-6038,2026-11-07,T+30,9282,2038,11320,2026-10-08T04:06:14.066Z,FALSE,"",11:30,TRUE
fare_DEL-GAU_6E_2026-11-07_T+30_1791433399625_xkqo,DEL-GAU,EaseMyTrip,6E,6E-7624,2026-11-07,T+30,9365,2056,11421,2026-10-08T04:06:14.066Z,FALSE,"",05:50,FALSE
fare_DEL-GAU_IX_2026-11-07_T+30_1791433399625_3v82,DEL-GAU,EaseMyTrip,IX,IX-1088,2026-11-07,T+30,9717,2133,11850,2026-10-08T04:06:14.066Z,FALSE,"",17:05,TRUE
fare_DEL-GAU_IX_2026-11-07_T+30_1791433399625_q9hl,DEL-GAU,EaseMyTrip,IX,IX-1043,2026-11-07,T+30,10414,2286,12700,2026-10-08T04:06:14.066Z,FALSE,"",18:00,TRUE
fare_DEL-GAU_6E_2026-11-07_T+30_1791433399625_2dys,DEL-GAU,EaseMyTrip,6E,6E-2589,2026-11-07,T+30,10843,2380,13223,2026-10-08T04:06:14.066Z,FALSE,"",16:35,FALSE
fare_DEL-GAU_IX_2026-11-07_T+30_1791433399625_zzuu,DEL-GAU,EaseMyTrip,IX,IX-1041,2026-11-07,T+30,11193,2457,13650,2026-10-08T04:06:14.066Z,FALSE,"",15:10,TRUE
fare_DEL-GAU_IX_2026-11-07_T+30_1791433399625_59u7,DEL-GAU,EaseMyTrip,IX,IX-1032,2026-11-07,T+30,11193,2457,13650,2026-10-08T04:06:14.066Z,FALSE,"",06:20,TRUE
fare_DEL-GAU_IX_2026-11-07_T+30_1791433399625_qoc4,DEL-GAU,EaseMyTrip,IX,IX-1085,2026-11-07,T+30,12054,2646,14700,2026-10-08T04:06:14.066Z,FALSE,"",10:55,TRUE
fare_DEL-GAU_IX_2026-11-07_T+30_1791433399625_7l25,DEL-GAU,EaseMyTrip,IX,IX-1672,2026-11-07,T+30,12989,2851,15840,2026-10-08T04:06:14.066Z,FALSE,"",07:20,TRUE
fare_DEL-GAU_AI_2026-11-07_T+30_1791433399625_5z0c,DEL-GAU,EaseMyTrip,AI,AI-879,2026-11-07,T+30,14432,3168,17600,2026-10-08T04:06:14.066Z,FALSE,"",06:40,TRUE
fare_DEL-GAU_SG_2026-11-07_T+30_1791433399625_o2qe,DEL-GAU,EaseMyTrip,SG,SG-300,2026-11-07,T+30,14844,3259,18103,2026-10-08T04:06:14.066Z,FALSE,"",17:10,TRUE
fare_DEL-GAU_SG_2026-11-07_T+30_1791433399625_nrwc,DEL-GAU,EaseMyTrip,SG,SG-484,2026-11-07,T+30,14844,3259,18103,2026-10-08T04:06:14.066Z,FALSE,"",17:10,TRUE
fare_DEL-GAU_AI_2026-11-07_T+30_1791433399625_gc79,DEL-GAU,EaseMyTrip,AI,AI-2947,2026-11-07,T+30,14831,3255,18086,2026-10-08T04:06:14.066Z,FALSE,"",14:35,TRUE
fare_DEL-GAU_AI_2026-11-07_T+30_1791433399625_49w4,DEL-GAU,EaseMyTrip,AI,AI-2727,2026-11-07,T+30,15090,3313,18403,2026-10-08T04:06:14.066Z,FALSE,"",21:40,FALSE
fare_DEL-GAU_AI_2026-11-07_T+30_1791433399625_afhh,DEL-GAU,EaseMyTrip,AI,AI-2553,2026-11-07,T+30,15246,3347,18593,2026-10-08T04:06:14.066Z,FALSE,"",16:15,FALSE
fare_DEL-GAU_AI_2026-11-07_T+30_1791433399625_4v6w,DEL-GAU,EaseMyTrip,AI,AI-2767,2026-11-07,T+30,15422,3385,18807,2026-10-08T04:06:14.066Z,FALSE,"",13:00,FALSE
fare_DEL-GAU_IX_2026-11-07_T+30_1791433399625_mu08,DEL-GAU,EaseMyTrip,IX,IX-1197,2026-11-07,T+30,15533,3410,18943,2026-10-08T04:06:14.066Z,FALSE,"",20:50,FALSE
fare_DEL-GAU_AI_2026-11-07_T+30_1791433399625_ws4u,DEL-GAU,EaseMyTrip,AI,AI-2707,2026-11-07,T+30,15819,3473,19292,2026-10-08T04:06:14.066Z,FALSE,"",18:10,FALSE
fare_DEL-GAU_AI_2026-11-07_T+30_1791433399625_rg8u,DEL-GAU,EaseMyTrip,AI,AI-2501,2026-11-07,T+30,17585,3860,21445,2026-10-08T04:06:14.066Z,FALSE,"",11:40,FALSE
fare_DEL-GAU_AI_2026-11-07_T+30_1791433399625_36yn,DEL-GAU,EaseMyTrip,AI,AI-2705,2026-11-07,T+30,17585,3860,21445,2026-10-08T04:06:14.066Z,FALSE,"",06:55,FALSE
fare_DEL-GAU_QP_2026-11-07_T+30_1791433399625_4qkz,DEL-GAU,EaseMyTrip,QP,QP-1812,2026-11-07,T+30,17582,3859,21441,2026-10-08T04:06:14.066Z,FALSE,"",22:55,FALSE
fare_DEL-GAU_AI_2026-11-07_T+30_1791433399625_zkut,DEL-GAU,EaseMyTrip,AI,AI-2709,2026-11-07,T+30,18322,4022,22344,2026-10-08T04:06:14.066Z,FALSE,"",19:40,FALSE
fare_DEL-GAU_AI_2026-11-07_T+30_1791433399625_non5,DEL-GAU,EaseMyTrip,AI,AI-2809,2026-11-07,T+30,19131,4200,23331,2026-10-08T04:06:14.066Z,FALSE,"",20:30,FALSE
fare_DEL-GAU_QP_2026-11-07_T+30_1791433399625_e3ps,DEL-GAU,EaseMyTrip,QP,QP-1112,2026-11-07,T+30,20228,4440,24668,2026-10-08T04:06:14.066Z,FALSE,"",10:15,FALSE
fare_DEL-GAU_IX_2026-11-07_T+30_1791433399625_9uxn,DEL-GAU,EaseMyTrip,IX,IX-1071,2026-11-07,T+30,20748,4554,25302,2026-10-08T04:06:14.066Z,FALSE,"",21:10,FALSE
fare_DEL-GAU_AI_2026-11-07_T+30_1791433399625_7dlu,DEL-GAU,EaseMyTrip,AI,AI-2487,2026-11-07,T+30,21100,4632,25732,2026-10-08T04:06:14.066Z,FALSE,"",18:00,FALSE
fare_DEL-GAU_AI_2026-11-07_T+30_1791433399625_j7o0,DEL-GAU,EaseMyTrip,AI,AI-2819,2026-11-07,T+30,21291,4674,25965,2026-10-08T04:06:14.066Z,FALSE,"",15:00,FALSE
fare_DEL-GAU_AI_2026-11-07_T+30_1791433399625_dj47,DEL-GAU,EaseMyTrip,AI,AI-2597,2026-11-07,T+30,21363,4690,26053,2026-10-08T04:06:14.066Z,FALSE,"",09:30,FALSE
fare_DEL-GAU_IX_2026-11-07_T+30_1791433399625_xr9u,DEL-GAU,EaseMyTrip,IX,IX-1461,2026-11-07,T+30,22252,4885,27137,2026-10-08T04:06:14.066Z,FALSE,"",07:15,FALSE
fare_DEL-GAU_AI_2026-11-07_T+30_1791433399625_ufaq,DEL-GAU,EaseMyTrip,AI,AI-2512,2026-11-07,T+30,22432,4924,27356,2026-10-08T04:06:14.066Z,FALSE,"",19:25,FALSE
fare_DEL-GAU_AI_2026-11-07_T+30_1791433399625_5bxb,DEL-GAU,EaseMyTrip,AI,AI-2513,2026-11-07,T+30,22953,5039,27992,2026-10-08T04:06:14.066Z,FALSE,"",13:00,FALSE
fare_DEL-GAU_AI_2026-11-07_T+30_1791433399625_itl2,DEL-GAU,EaseMyTrip,AI,AI-2415,2026-11-07,T+30,23846,5235,29081,2026-10-08T04:06:14.066Z,FALSE,"",09:30,FALSE
fare_DEL-GAU_IX_2026-11-07_T+30_1791433399625_bvkm,DEL-GAU,EaseMyTrip,IX,IX-1525,2026-11-07,T+30,24253,5324,29577,2026-10-08T04:06:14.066Z,FALSE,"",08:35,FALSE
fare_DEL-GAU_IX_2026-11-07_T+30_1791433399625_5syc,DEL-GAU,EaseMyTrip,IX,IX-1261,2026-11-07,T+30,24253,5324,29577,2026-10-08T04:06:14.066Z,FALSE,"",07:30,FALSE
fare_DEL-GAU_AI_2026-11-07_T+30_1791433399625_k4q5,DEL-GAU,EaseMyTrip,AI,AI-2409,2026-11-07,T+30,24238,5321,29559,2026-10-08T04:06:14.066Z,FALSE,"",06:00,FALSE
fare_DEL-GAU_AI_2026-11-07_T+30_1791433399625_1v13,DEL-GAU,EaseMyTrip,AI,AI-2757,2026-11-07,T+30,24238,5321,29559,2026-10-08T04:06:14.066Z,FALSE,"",00:15,FALSE
fare_DEL-GAU_AI_2026-11-07_T+30_1791433399625_sjht,DEL-GAU,EaseMyTrip,AI,AI-427,2026-11-07,T+30,24398,5356,29754,2026-10-08T04:06:14.066Z,FALSE,"",08:35,FALSE
fare_DEL-GAU_QP_2026-11-07_T+30_1791433399625_kc1m,DEL-GAU,EaseMyTrip,QP,QP-1302,2026-11-07,T+30,24437,5364,29801,2026-10-08T04:06:14.066Z,FALSE,"",08:45,FALSE
fare_DEL-GAU_AI_2026-11-07_T+30_1791433399625_o5ne,DEL-GAU,EaseMyTrip,AI,AI-2417,2026-11-07,T+30,25527,5603,31130,2026-10-08T04:06:14.066Z,FALSE,"",12:00,FALSE
fare_DEL-GAU_AI_2026-11-07_T+30_1791433399625_sl95,DEL-GAU,EaseMyTrip,AI,AI-2485,2026-11-07,T+30,26197,5751,31948,2026-10-08T04:06:14.066Z,FALSE,"",10:55,FALSE
fare_DEL-GAU_IX_2026-11-07_T+30_1791433399625_rn4j,DEL-GAU,EaseMyTrip,IX,IX-1076,2026-11-07,T+30,29995,6584,36579,2026-10-08T04:06:14.066Z,FALSE,"",08:00,FALSE
fare_DEL-GAU_QP_2026-10-15_T+7_1791433399626_kpfv,DEL-GAU,EaseMyTrip,QP,QP-1110,2026-10-15,T+7,8235,1808,10043,2026-10-08T04:06:01.981Z,FALSE,"",10:00,FALSE
fare_DEL-GAU_QP_2026-10-15_T+7_1791433399626_821l,DEL-GAU,EaseMyTrip,QP,QP-1119,2026-10-15,T+7,8235,1808,10043,2026-10-08T04:06:01.981Z,FALSE,"",08:40,FALSE
fare_DEL-GAU_6E_2026-10-15_T+7_1791433399626_6063,DEL-GAU,EaseMyTrip,6E,6E-5041,2026-10-15,T+7,8298,1822,10120,2026-10-08T04:06:01.981Z,FALSE,"",15:10,TRUE
fare_DEL-GAU_6E_2026-10-15_T+7_1791433399626_ccu7,DEL-GAU,EaseMyTrip,6E,6E-2316,2026-10-15,T+7,8298,1822,10120,2026-10-08T04:06:01.981Z,FALSE,"",17:30,TRUE
fare_DEL-GAU_6E_2026-10-15_T+7_1791433399626_6nz0,DEL-GAU,EaseMyTrip,6E,6E-5215,2026-10-15,T+7,8298,1822,10120,2026-10-08T04:06:01.981Z,FALSE,"",07:40,TRUE
fare_DEL-GAU_AI_2026-10-15_T+7_1791433399626_5gx2,DEL-GAU,EaseMyTrip,AI,AI-879,2026-10-15,T+7,8749,1921,10670,2026-10-08T04:06:01.981Z,FALSE,"",06:40,TRUE
fare_DEL-GAU_AI_2026-10-15_T+7_1791433399626_29yq,DEL-GAU,EaseMyTrip,AI,AI-1755,2026-10-15,T+7,8826,1937,10763,2026-10-08T04:06:01.981Z,FALSE,"",14:30,TRUE
fare_DEL-GAU_6E_2026-10-15_T+7_1791433399626_nga3,DEL-GAU,EaseMyTrip,6E,6E-2203,2026-10-15,T+7,8749,1921,10670,2026-10-08T04:06:01.981Z,FALSE,"",04:45,TRUE
fare_DEL-GAU_6E_2026-10-15_T+7_1791433399626_9qfg,DEL-GAU,EaseMyTrip,6E,6E-6048,2026-10-15,T+7,8749,1921,10670,2026-10-08T04:06:01.981Z,FALSE,"",20:00,TRUE
fare_DEL-GAU_IX_2026-10-15_T+7_1791433399626_6xxe,DEL-GAU,EaseMyTrip,IX,IX-1041,2026-10-15,T+7,9102,1998,11100,2026-10-08T04:06:01.981Z,FALSE,"",18:15,TRUE
fare_DEL-GAU_IX_2026-10-15_T+7_1791433399626_ld0a,DEL-GAU,EaseMyTrip,IX,IX-1671,2026-10-15,T+7,9102,1998,11100,2026-10-08T04:06:01.981Z,FALSE,"",19:55,TRUE
fare_DEL-GAU_IX_2026-10-15_T+7_1791433399626_py7i,DEL-GAU,EaseMyTrip,IX,IX-1069,2026-10-15,T+7,9102,1998,11100,2026-10-08T04:06:01.981Z,FALSE,"",10:45,TRUE
fare_DEL-GAU_IX_2026-10-15_T+7_1791433399626_1wmz,DEL-GAU,EaseMyTrip,IX,IX-1085,2026-10-15,T+7,9102,1998,11100,2026-10-08T04:06:01.981Z,FALSE,"",12:55,TRUE
fare_DEL-GAU_IX_2026-10-15_T+7_1791433399626_lmef,DEL-GAU,EaseMyTrip,IX,IX-1035,2026-10-15,T+7,9717,2133,11850,2026-10-08T04:06:01.981Z,FALSE,"",08:10,TRUE
fare_DEL-GAU_IX_2026-10-15_T+7_1791433399626_oj7x,DEL-GAU,EaseMyTrip,IX,IX-1032,2026-10-15,T+7,9717,2133,11850,2026-10-08T04:06:01.981Z,FALSE,"",05:45,TRUE
fare_DEL-GAU_AI_2026-10-15_T+7_1791433399626_92rh,DEL-GAU,EaseMyTrip,AI,AI-1719,2026-10-15,T+7,11749,2579,14328,2026-10-08T04:06:01.981Z,FALSE,"",11:55,FALSE
fare_DEL-GAU_IX_2026-10-15_T+7_1791433399626_nc0n,DEL-GAU,EaseMyTrip,IX,IX-1461,2026-10-15,T+7,13052,2865,15917,2026-10-08T04:06:01.981Z,FALSE,"",05:35,FALSE
fare_DEL-GAU_IX_2026-10-15_T+7_1791433399626_ketc,DEL-GAU,EaseMyTrip,IX,IX-1076,2026-10-15,T+7,14293,3138,17431,2026-10-08T04:06:01.981Z,FALSE,"",09:00,FALSE
fare_DEL-GAU_IX_2026-10-15_T+7_1791433399626_cpsr,DEL-GAU,EaseMyTrip,IX,IX-1070,2026-10-15,T+7,14375,3156,17531,2026-10-08T04:06:01.981Z,FALSE,"",22:00,FALSE
fare_DEL-GAU_IX_2026-10-15_T+7_1791433399626_8i3y,DEL-GAU,EaseMyTrip,IX,IX-5975,2026-10-15,T+7,14375,3156,17531,2026-10-08T04:06:01.981Z,FALSE,"",21:00,FALSE
fare_DEL-GAU_6E_2026-10-15_T+7_1791433399626_3tjj,DEL-GAU,EaseMyTrip,6E,6E-2589,2026-10-15,T+7,15834,3476,19310,2026-10-08T04:06:01.981Z,FALSE,"",15:05,FALSE
fare_DEL-GAU_AI_2026-10-15_T+7_1791433399626_u04r,DEL-GAU,EaseMyTrip,AI,AI-2653,2026-10-15,T+7,20470,4494,24964,2026-10-08T04:06:01.981Z,FALSE,"",04:30,FALSE
fare_DEL-GAU_AI_2026-10-15_T+7_1791433399626_jf14,DEL-GAU,EaseMyTrip,AI,AI-2757,2026-10-15,T+7,20470,4494,24964,2026-10-08T04:06:01.981Z,FALSE,"",00:15,FALSE
fare_DEL-GAU_AI_2026-10-15_T+7_1791433399626_458m,DEL-GAU,EaseMyTrip,AI,AI-2485,2026-10-15,T+7,22602,4962,27564,2026-10-08T04:06:01.981Z,FALSE,"",10:30,FALSE
fare_DEL-GAU_AI_2026-10-15_T+7_1791433399626_491m,DEL-GAU,EaseMyTrip,AI,AI-2415,2026-10-15,T+7,22602,4962,27564,2026-10-08T04:06:01.981Z,FALSE,"",09:30,FALSE
fare_DEL-GAU_AI_2026-10-15_T+7_1791433399626_ubo5,DEL-GAU,EaseMyTrip,AI,AI-427,2026-10-15,T+7,22602,4962,27564,2026-10-08T04:06:01.981Z,FALSE,"",08:30,FALSE
fare_DEL-GAU_AI_2026-10-15_T+7_1791433399626_wdi4,DEL-GAU,EaseMyTrip,AI,AI-2815,2026-10-15,T+7,22602,4962,27564,2026-10-08T04:06:01.981Z,FALSE,"",07:00,FALSE
fare_DEL-GAU_AI_2026-10-15_T+7_1791433399626_id99,DEL-GAU,EaseMyTrip,AI,AI-2803,2026-10-15,T+7,22602,4962,27564,2026-10-08T04:06:01.981Z,FALSE,"",06:30,FALSE
fare_DEL-GAU_AI_2026-10-15_T+7_1791433399626_0wl9,DEL-GAU,EaseMyTrip,AI,AI-2809,2026-10-15,T+7,22602,4962,27564,2026-10-08T04:06:01.981Z,FALSE,"",19:30,FALSE
fare_DEL-GAU_AI_2026-10-15_T+7_1791433399626_ud0k,DEL-GAU,EaseMyTrip,AI,AI-2512,2026-10-15,T+7,22602,4962,27564,2026-10-08T04:06:01.981Z,FALSE,"",19:00,FALSE
fare_DEL-GAU_AI_2026-10-15_T+7_1791433399626_4iv4,DEL-GAU,EaseMyTrip,AI,AI-2412,2026-10-15,T+7,22602,4962,27564,2026-10-08T04:06:01.981Z,FALSE,"",21:30,FALSE
fare_DEL-GAU_AI_2026-10-15_T+7_1791433399626_s0z9,DEL-GAU,EaseMyTrip,AI,AI-2487,2026-10-15,T+7,22602,4962,27564,2026-10-08T04:06:01.981Z,FALSE,"",18:30,FALSE
fare_DEL-GAU_AI_2026-10-15_T+7_1791433399626_mzxh,DEL-GAU,EaseMyTrip,AI,AI-2813,2026-10-15,T+7,22602,4962,27564,2026-10-08T04:06:01.981Z,FALSE,"",18:00,FALSE
fare_DEL-GAU_AI_2026-10-15_T+7_1791433399626_jugi,DEL-GAU,EaseMyTrip,AI,AI-2817,2026-10-15,T+7,22602,4962,27564,2026-10-08T04:06:01.981Z,FALSE,"",16:30,FALSE
fare_DEL-GAU_AI_2026-10-15_T+7_1791433399626_rgbw,DEL-GAU,EaseMyTrip,AI,AI-2664,2026-10-15,T+7,22602,4962,27564,2026-10-08T04:06:01.981Z,FALSE,"",16:00,FALSE
fare_DEL-GAU_AI_2026-10-15_T+7_1791433399626_v7ax,DEL-GAU,EaseMyTrip,AI,AI-2819,2026-10-15,T+7,22730,4989,27719,2026-10-08T04:06:01.981Z,FALSE,"",15:00,FALSE
fare_DEL-GAU_AI_2026-10-15_T+7_1791433399626_ozt3,DEL-GAU,EaseMyTrip,AI,AI-2417,2026-10-15,T+7,22730,4989,27719,2026-10-08T04:06:01.981Z,FALSE,"",13:00,FALSE
fare_DEL-GAU_AI_2026-10-15_T+7_1791433399626_inj7,DEL-GAU,EaseMyTrip,AI,AI-2702,2026-10-15,T+7,23152,5082,28234,2026-10-08T04:06:01.981Z,FALSE,"",02:30,FALSE
fare_DEL-GAU_AI_2026-10-15_T+7_1791433399626_f11c,DEL-GAU,EaseMyTrip,AI,AI-2535,2026-10-15,T+7,23152,5082,28234,2026-10-08T04:06:01.981Z,FALSE,"",06:40,FALSE
fare_DEL-GAU_QP_2026-10-15_T+7_1791433399626_lhoc,DEL-GAU,EaseMyTrip,QP,QP-1812,2026-10-15,T+7,23890,5244,29134,2026-10-08T04:06:01.981Z,FALSE,"",22:55,FALSE
fare_DEL-GAU_AI_2026-10-15_T+7_1791433399626_17bw,DEL-GAU,EaseMyTrip,AI,AI-1714,2026-10-15,T+7,24883,5462,30345,2026-10-08T04:06:01.981Z,FALSE,"",21:00,FALSE
fare_DEL-GAU_AI_2026-10-15_T+7_1791433399626_3g68,DEL-GAU,EaseMyTrip,AI,AI-2467,2026-10-15,T+7,25590,5617,31207,2026-10-08T04:06:01.981Z,FALSE,"",10:00,FALSE
fare_DEL-GAU_AI_2026-10-15_T+7_1791433399626_ogew,DEL-GAU,EaseMyTrip,AI,AI-2709,2026-10-15,T+7,25776,5658,31434,2026-10-08T04:06:01.981Z,FALSE,"",19:40,FALSE
fare_DEL-GAU_AI_2026-10-15_T+7_1791433399626_hbeh,DEL-GAU,EaseMyTrip,AI,AI-2707,2026-10-15,T+7,25776,5658,31434,2026-10-08T04:06:01.981Z,FALSE,"",18:00,FALSE
fare_DEL-GAU_AI_2026-10-15_T+7_1791433399626_g8el,DEL-GAU,EaseMyTrip,AI,AI-1733,2026-10-15,T+7,25776,5658,31434,2026-10-08T04:06:01.981Z,FALSE,"",16:15,FALSE
fare_DEL-GAU_AI_2026-10-15_T+7_1791433399626_hxhu,DEL-GAU,EaseMyTrip,AI,AI-2767,2026-10-15,T+7,25776,5658,31434,2026-10-08T04:06:01.981Z,FALSE,"",13:00,FALSE
fare_DEL-GAU_AI_2026-10-15_T+7_1791433399626_tavb,DEL-GAU,EaseMyTrip,AI,AI-2513,2026-10-15,T+7,28661,6292,34953,2026-10-08T04:06:01.981Z,FALSE,"",12:10,FALSE
fare_DEL-IXC_6E_2026-10-23_T+15_1791433399626_m1tp,DEL-IXC,EaseMyTrip,6E,6E-550,2026-10-23,T+15,2778,610,3388,2026-10-08T04:08:05.660Z,TRUE,"Low outlier: ₹3388 < lower fence ₹12448 (Q1: ₹15013, IQR: ₹1710)",07:50,TRUE
fare_DEL-IXC_6E_2026-10-23_T+15_1791433399626_d1nx,DEL-IXC,EaseMyTrip,6E,6E-845,2026-10-23,T+15,2778,610,3388,2026-10-08T04:08:05.660Z,TRUE,"Low outlier: ₹3388 < lower fence ₹12448 (Q1: ₹15013, IQR: ₹1710)",07:50,TRUE
fare_DEL-IXC_6E_2026-10-23_T+15_1791433399626_6mc9,DEL-IXC,EaseMyTrip,6E,6E-6050,2026-10-23,T+15,3904,857,4761,2026-10-08T04:08:05.660Z,TRUE,"Low outlier: ₹4761 < lower fence ₹12448 (Q1: ₹15013, IQR: ₹1710)",08:15,TRUE
fare_DEL-IXC_AI_2026-10-23_T+15_1791433399626_1reg,DEL-IXC,EaseMyTrip,AI,AI-1743,2026-10-23,T+15,4217,926,5143,2026-10-08T04:08:05.660Z,TRUE,"Low outlier: ₹5143 < lower fence ₹12448 (Q1: ₹15013, IQR: ₹1710)",06:20,TRUE
fare_DEL-IXC_6E_2026-10-23_T+15_1791433399626_9tdr,DEL-IXC,EaseMyTrip,6E,6E-6632,2026-10-23,T+15,4171,916,5087,2026-10-08T04:08:05.660Z,TRUE,"Low outlier: ₹5087 < lower fence ₹12448 (Q1: ₹15013, IQR: ₹1710)",17:50,TRUE
fare_DEL-IXC_6E_2026-10-23_T+15_1791433399626_iovu,DEL-IXC,EaseMyTrip,6E,6E-5038,2026-10-23,T+15,4344,953,5297,2026-10-08T04:08:05.660Z,TRUE,"Low outlier: ₹5297 < lower fence ₹12448 (Q1: ₹15013, IQR: ₹1710)",14:00,TRUE
fare_DEL-IXC_AI_2026-10-23_T+15_1791433399626_yms1,DEL-IXC,EaseMyTrip,AI,AI-2532,2026-10-23,T+15,4735,1039,5774,2026-10-08T04:08:05.660Z,TRUE,"Low outlier: ₹5774 < lower fence ₹12448 (Q1: ₹15013, IQR: ₹1710)",11:20,TRUE
fare_DEL-IXC_AI_2026-10-23_T+15_1791433399626_ln8r,DEL-IXC,EaseMyTrip,AI,AI-2706,2026-10-23,T+15,5168,1135,6303,2026-10-08T04:08:05.660Z,TRUE,"Low outlier: ₹6303 < lower fence ₹12448 (Q1: ₹15013, IQR: ₹1710)",14:10,TRUE
fare_DEL-IXC_AI_2026-10-23_T+15_1791433399626_pz33,DEL-IXC,EaseMyTrip,AI,AI-1742,2026-10-23,T+15,5168,1135,6303,2026-10-08T04:08:05.660Z,TRUE,"Low outlier: ₹6303 < lower fence ₹12448 (Q1: ₹15013, IQR: ₹1710)",20:00,TRUE
fare_DEL-IXC_AI_2026-10-23_T+15_1791433399626_p1kx,DEL-IXC,EaseMyTrip,AI,AI-2601,2026-10-23,T+15,5168,1135,6303,2026-10-08T04:08:05.660Z,TRUE,"Low outlier: ₹6303 < lower fence ₹12448 (Q1: ₹15013, IQR: ₹1710)",17:00,TRUE
fare_DEL-IXC_AI_2026-10-23_T+15_1791433399626_hful,DEL-IXC,EaseMyTrip,AI,AI-2454,2026-10-23,T+15,11072,2430,13502,2026-10-08T04:08:05.660Z,FALSE,"",08:00,FALSE
fare_DEL-IXC_AI_2026-10-23_T+15_1791433399626_9rxn,DEL-IXC,EaseMyTrip,AI,AI-9484,2026-10-23,T+15,12723,2793,15516,2026-10-08T04:08:05.660Z,FALSE,"",23:25,FALSE
fare_DEL-IXC_AI_2026-10-23_T+15_1791433399626_slv7,DEL-IXC,EaseMyTrip,AI,AI-9486,2026-10-23,T+15,12853,2821,15674,2026-10-08T04:08:05.660Z,FALSE,"",17:50,FALSE
fare_DEL-IXC_AI_2026-10-23_T+15_1791433399626_7gaw,DEL-IXC,EaseMyTrip,AI,AI-2943,2026-10-23,T+15,13084,2872,15956,2026-10-08T04:08:05.660Z,FALSE,"",07:30,FALSE
fare_DEL-IXC_AI_2026-10-23_T+15_1791433399626_pyma,DEL-IXC,EaseMyTrip,AI,AI-2951,2026-10-23,T+15,13113,2879,15992,2026-10-08T04:08:05.660Z,FALSE,"",13:30,FALSE
fare_DEL-IXC_AI_2026-10-23_T+15_1791433399626_s6ip,DEL-IXC,EaseMyTrip,AI,AI-2945,2026-10-23,T+15,13113,2879,15992,2026-10-08T04:08:05.660Z,FALSE,"",11:00,FALSE
fare_DEL-IXC_AI_2026-10-23_T+15_1791433399626_24s2,DEL-IXC,EaseMyTrip,AI,AI-2425,2026-10-23,T+15,13113,2879,15992,2026-10-08T04:08:05.660Z,FALSE,"",10:30,FALSE
fare_DEL-IXC_AI_2026-10-23_T+15_1791433399626_yyyj,DEL-IXC,EaseMyTrip,AI,AI-1785,2026-10-23,T+15,13113,2879,15992,2026-10-08T04:08:05.660Z,FALSE,"",12:00,FALSE
fare_DEL-IXC_AI_2026-10-23_T+15_1791433399626_8xy4,DEL-IXC,EaseMyTrip,AI,AI-2995,2026-10-23,T+15,13113,2879,15992,2026-10-08T04:08:05.660Z,FALSE,"",10:00,FALSE
fare_DEL-IXC_AI_2026-10-23_T+15_1791433399626_oeua,DEL-IXC,EaseMyTrip,AI,AI-2975,2026-10-23,T+15,13113,2879,15992,2026-10-08T04:08:05.660Z,FALSE,"",06:30,FALSE
fare_DEL-IXC_AI_2026-10-23_T+15_1791433399626_dwl6,DEL-IXC,EaseMyTrip,AI,AI-1745,2026-10-23,T+15,13113,2879,15992,2026-10-08T04:08:05.660Z,FALSE,"",05:00,FALSE
fare_DEL-IXC_AI_2026-10-23_T+15_1791433399626_zlfi,DEL-IXC,EaseMyTrip,AI,AI-1777,2026-10-23,T+15,13113,2879,15992,2026-10-08T04:08:05.660Z,FALSE,"",16:00,FALSE
fare_DEL-IXC_AI_2026-10-23_T+15_1791433399626_apih,DEL-IXC,EaseMyTrip,AI,AI-441,2026-10-23,T+15,13178,2893,16071,2026-10-08T04:08:05.660Z,FALSE,"",17:00,FALSE
fare_DEL-IXC_AI_2026-10-23_T+15_1791433399626_8yes,DEL-IXC,EaseMyTrip,AI,AI-2927,2026-10-23,T+15,13328,2926,16254,2026-10-08T04:08:05.660Z,FALSE,"",09:30,FALSE
fare_DEL-IXC_AI_2026-10-23_T+15_1791433399626_5rqy,DEL-IXC,EaseMyTrip,AI,AI-2678,2026-10-23,T+15,13328,2926,16254,2026-10-08T04:08:05.660Z,FALSE,"",08:30,FALSE
fare_DEL-IXC_AI_2026-10-23_T+15_1791433399626_gg98,DEL-IXC,EaseMyTrip,AI,AI-2429,2026-10-23,T+15,13328,2926,16254,2026-10-08T04:08:05.660Z,FALSE,"",07:00,FALSE
fare_DEL-IXC_AI_2026-10-23_T+15_1791433399626_gf3t,DEL-IXC,EaseMyTrip,AI,AI-2433,2026-10-23,T+15,13482,2960,16442,2026-10-08T04:08:05.660Z,FALSE,"",21:30,FALSE
fare_DEL-IXC_AI_2026-10-23_T+15_1791433399626_l7uu,DEL-IXC,EaseMyTrip,AI,AI-2985,2026-10-23,T+15,13482,2960,16442,2026-10-08T04:08:05.660Z,FALSE,"",19:30,FALSE
fare_DEL-IXC_AI_2026-10-23_T+15_1791433399626_qtst,DEL-IXC,EaseMyTrip,AI,AI-2957,2026-10-23,T+15,13585,2982,16567,2026-10-08T04:08:05.660Z,FALSE,"",20:30,FALSE
fare_DEL-IXC_AI_2026-10-23_T+15_1791433399626_l00e,DEL-IXC,EaseMyTrip,AI,AI-2805,2026-10-23,T+15,13585,2982,16567,2026-10-08T04:08:05.660Z,FALSE,"",20:00,FALSE
fare_DEL-IXC_AI_2026-10-23_T+15_1791433399626_wglj,DEL-IXC,EaseMyTrip,AI,AI-2981,2026-10-23,T+15,13636,2993,16629,2026-10-08T04:08:05.660Z,FALSE,"",21:00,FALSE
fare_DEL-IXC_AI_2026-10-23_T+15_1791433399626_15j1,DEL-IXC,EaseMyTrip,AI,AI-2609,2026-10-23,T+15,13704,3008,16712,2026-10-08T04:08:05.660Z,FALSE,"",23:50,FALSE
fare_DEL-IXC_AI_2026-10-23_T+15_1791433399626_r1cs,DEL-IXC,EaseMyTrip,AI,AI-1797,2026-10-23,T+15,13704,3008,16712,2026-10-08T04:08:05.660Z,FALSE,"",05:45,FALSE
fare_DEL-IXC_AI_2026-10-23_T+15_1791433399626_gnoa,DEL-IXC,EaseMyTrip,AI,AI-2977,2026-10-23,T+15,13739,3016,16755,2026-10-08T04:08:05.660Z,FALSE,"",19:00,FALSE
fare_DEL-IXC_AI_2026-10-23_T+15_1791433399626_9t3t,DEL-IXC,EaseMyTrip,AI,AI-2955,2026-10-23,T+15,13739,3016,16755,2026-10-08T04:08:05.660Z,FALSE,"",18:00,FALSE
fare_DEL-IXC_AI_2026-10-23_T+15_1791433399626_132u,DEL-IXC,EaseMyTrip,AI,AI-2547,2026-10-23,T+15,13970,3066,17036,2026-10-08T04:08:05.660Z,FALSE,"",17:40,FALSE
fare_DEL-IXC_AI_2026-10-23_T+15_1791433399626_ntzb,DEL-IXC,EaseMyTrip,AI,AI-1735,2026-10-23,T+15,14136,3103,17239,2026-10-08T04:08:05.660Z,FALSE,"",13:00,FALSE
fare_DEL-IXC_AI_2026-10-23_T+15_1791433399626_gt3y,DEL-IXC,EaseMyTrip,AI,AI-2971,2026-10-23,T+15,14244,3127,17371,2026-10-08T04:08:05.660Z,FALSE,"",16:00,FALSE
fare_DEL-IXC_AI_2026-10-23_T+15_1791433399626_5xfp,DEL-IXC,EaseMyTrip,AI,AI-1730,2026-10-23,T+15,14301,3139,17440,2026-10-08T04:08:05.660Z,FALSE,"",19:10,FALSE
fare_DEL-IXC_AI_2026-10-23_T+15_1791433399626_emh1,DEL-IXC,EaseMyTrip,AI,AI-2973,2026-10-23,T+15,14415,3164,17579,2026-10-08T04:08:05.660Z,FALSE,"",20:50,FALSE
fare_DEL-IXC_AI_2026-10-23_T+15_1791433399626_k8ts,DEL-IXC,EaseMyTrip,AI,AI-2933,2026-10-23,T+15,15819,3473,19292,2026-10-08T04:08:05.660Z,TRUE,"High outlier: ₹19292 > upper fence ₹19288 (Q3: ₹16723, IQR: ₹1710)",15:30,FALSE
fare_DEL-IXC_AI_2026-10-23_T+15_1791433399626_j3pd,DEL-IXC,EaseMyTrip,AI,AI-2441,2026-10-23,T+15,15819,3473,19292,2026-10-08T04:08:05.660Z,TRUE,"High outlier: ₹19292 > upper fence ₹19288 (Q3: ₹16723, IQR: ₹1710)",14:10,FALSE
fare_DEL-IXC_6E_2026-10-23_T+15_1791433399626_w38a,DEL-IXC,EaseMyTrip,6E,6E-7671,2026-10-23,T+15,17026,3738,20764,2026-10-08T04:08:05.660Z,TRUE,"High outlier: ₹20764 > upper fence ₹19288 (Q3: ₹16723, IQR: ₹1710)",09:55,FALSE
fare_DEL-IXC_6E_2026-10-23_T+15_1791433399626_o6lr,DEL-IXC,EaseMyTrip,6E,6E-7483,2026-10-23,T+15,21154,4644,25798,2026-10-08T04:08:05.660Z,TRUE,"High outlier: ₹25798 > upper fence ₹19288 (Q3: ₹16723, IQR: ₹1710)",07:20,FALSE
fare_DEL-IXC_6E_2026-10-09_T+1_1791433399626_hmas,DEL-IXC,EaseMyTrip,6E,6E-655,2026-10-09,T+1,3381,742,4123,2026-10-08T04:07:53.970Z,FALSE,"",10:50,TRUE
fare_DEL-IXC_6E_2026-10-09_T+1_1791433399626_vnfq,DEL-IXC,EaseMyTrip,6E,6E-701,2026-10-09,T+1,3381,742,4123,2026-10-08T04:07:53.970Z,FALSE,"",10:50,TRUE
fare_DEL-IXC_6E_2026-10-09_T+1_1791433399626_lazr,DEL-IXC,EaseMyTrip,6E,6E-6050,2026-10-09,T+1,3904,857,4761,2026-10-08T04:07:53.970Z,FALSE,"",08:15,TRUE
fare_DEL-IXC_AI_2026-10-09_T+1_1791433399626_nxyh,DEL-IXC,EaseMyTrip,AI,AI-1743,2026-10-09,T+1,4217,926,5143,2026-10-08T04:07:53.970Z,FALSE,"",06:20,TRUE
fare_DEL-IXC_6E_2026-10-09_T+1_1791433399626_sfoj,DEL-IXC,EaseMyTrip,6E,6E-5038,2026-10-09,T+1,4946,1086,6032,2026-10-08T04:07:53.970Z,FALSE,"",14:00,TRUE
fare_DEL-IXC_6E_2026-10-09_T+1_1791433399626_lius,DEL-IXC,EaseMyTrip,6E,6E-6632,2026-10-09,T+1,5205,1142,6347,2026-10-08T04:07:53.970Z,FALSE,"",17:50,TRUE
fare_DEL-IXC_AI_2026-10-09_T+1_1791433399626_lan2,DEL-IXC,EaseMyTrip,AI,AI-1742,2026-10-09,T+1,5698,1251,6949,2026-10-08T04:07:53.970Z,FALSE,"",20:00,TRUE
fare_DEL-IXC_AI_2026-10-09_T+1_1791433399626_z74w,DEL-IXC,EaseMyTrip,AI,AI-2532,2026-10-09,T+1,6705,1472,8177,2026-10-08T04:07:53.970Z,FALSE,"",11:20,TRUE
fare_DEL-IXC_AI_2026-10-09_T+1_1791433399626_uotn,DEL-IXC,EaseMyTrip,AI,AI-2706,2026-10-09,T+1,7300,1602,8902,2026-10-08T04:07:53.970Z,FALSE,"",14:10,TRUE
fare_DEL-IXC_AI_2026-10-09_T+1_1791433399626_imsm,DEL-IXC,EaseMyTrip,AI,AI-2601,2026-10-09,T+1,8910,1956,10866,2026-10-08T04:07:53.970Z,FALSE,"",17:00,TRUE
fare_DEL-IXC_AI_2026-10-09_T+1_1791433399626_7dhp,DEL-IXC,EaseMyTrip,AI,AI-2454,2026-10-09,T+1,11664,2560,14224,2026-10-08T04:07:53.970Z,FALSE,"",08:00,FALSE
fare_DEL-IXC_AI_2026-10-09_T+1_1791433399626_ng79,DEL-IXC,EaseMyTrip,AI,AI-2609,2026-10-09,T+1,12283,2696,14979,2026-10-08T04:07:53.970Z,FALSE,"",23:50,FALSE
fare_DEL-IXC_AI_2026-10-09_T+1_1791433399626_tvol,DEL-IXC,EaseMyTrip,AI,AI-1797,2026-10-09,T+1,12283,2696,14979,2026-10-08T04:07:53.970Z,FALSE,"",05:45,FALSE
fare_DEL-IXC_AI_2026-10-09_T+1_1791433399626_5bfx,DEL-IXC,EaseMyTrip,AI,AI-2469,2026-10-09,T+1,12283,2696,14979,2026-10-08T04:07:53.970Z,FALSE,"",04:45,FALSE
fare_DEL-IXC_AI_2026-10-09_T+1_1791433399626_nx8n,DEL-IXC,EaseMyTrip,AI,AI-2711,2026-10-09,T+1,12283,2696,14979,2026-10-08T04:07:53.970Z,FALSE,"",02:00,FALSE
fare_DEL-IXC_6E_2026-10-09_T+1_1791433399626_dvwt,DEL-IXC,EaseMyTrip,6E,6E-7671,2026-10-09,T+1,12484,2740,15224,2026-10-08T04:07:53.970Z,FALSE,"",09:55,FALSE
fare_DEL-IXC_AI_2026-10-09_T+1_1791433399626_vr6r,DEL-IXC,EaseMyTrip,AI,AI-2547,2026-10-09,T+1,13163,2889,16052,2026-10-08T04:07:53.970Z,FALSE,"",17:40,FALSE
fare_DEL-IXC_AI_2026-10-09_T+1_1791433399626_v64c,DEL-IXC,EaseMyTrip,AI,AI-1777,2026-10-09,T+1,14671,3221,17892,2026-10-08T04:07:53.970Z,FALSE,"",16:00,FALSE
fare_DEL-IXC_AI_2026-10-09_T+1_1791433399626_jgeg,DEL-IXC,EaseMyTrip,AI,AI-2933,2026-10-09,T+1,14671,3221,17892,2026-10-08T04:07:53.970Z,FALSE,"",15:30,FALSE
fare_DEL-IXC_AI_2026-10-09_T+1_1791433399626_0kvx,DEL-IXC,EaseMyTrip,AI,AI-1780,2026-10-09,T+1,14671,3221,17892,2026-10-08T04:07:53.970Z,FALSE,"",14:30,FALSE
fare_DEL-IXC_AI_2026-10-09_T+1_1791433399626_g9pj,DEL-IXC,EaseMyTrip,AI,AI-2441,2026-10-09,T+1,14671,3221,17892,2026-10-08T04:07:53.970Z,FALSE,"",14:10,FALSE
fare_DEL-IXC_AI_2026-10-09_T+1_1791433399626_x2tr,DEL-IXC,EaseMyTrip,AI,AI-2951,2026-10-09,T+1,14671,3221,17892,2026-10-08T04:07:53.970Z,FALSE,"",13:30,FALSE
fare_DEL-IXC_AI_2026-10-09_T+1_1791433399626_1tge,DEL-IXC,EaseMyTrip,AI,AI-2945,2026-10-09,T+1,14671,3221,17892,2026-10-08T04:07:53.970Z,FALSE,"",11:00,FALSE
fare_DEL-IXC_AI_2026-10-09_T+1_1791433399626_seo5,DEL-IXC,EaseMyTrip,AI,AI-2425,2026-10-09,T+1,14671,3221,17892,2026-10-08T04:07:53.970Z,FALSE,"",10:30,FALSE
fare_DEL-IXC_AI_2026-10-09_T+1_1791433399626_t578,DEL-IXC,EaseMyTrip,AI,AI-2995,2026-10-09,T+1,14671,3221,17892,2026-10-08T04:07:53.970Z,FALSE,"",10:00,FALSE
fare_DEL-IXC_AI_2026-10-09_T+1_1791433399626_9ur0,DEL-IXC,EaseMyTrip,AI,AI-2678,2026-10-09,T+1,14671,3221,17892,2026-10-08T04:07:53.970Z,FALSE,"",08:30,FALSE
fare_DEL-IXC_AI_2026-10-09_T+1_1791433399626_z7yf,DEL-IXC,EaseMyTrip,AI,AI-1785,2026-10-09,T+1,14885,3268,18153,2026-10-08T04:07:53.970Z,FALSE,"",12:00,FALSE
fare_DEL-IXC_AI_2026-10-09_T+1_1791433399626_750e,DEL-IXC,EaseMyTrip,AI,AI-441,2026-10-09,T+1,15144,3324,18468,2026-10-08T04:07:53.970Z,FALSE,"",17:00,FALSE
fare_DEL-IXC_AI_2026-10-09_T+1_1791433399626_ql5z,DEL-IXC,EaseMyTrip,AI,AI-2973,2026-10-09,T+1,16876,3704,20580,2026-10-08T04:07:53.970Z,FALSE,"",20:50,FALSE
fare_DEL-IXC_AI_2026-10-09_T+1_1791433399626_d8hv,DEL-IXC,EaseMyTrip,AI,AI-2819,2026-10-09,T+1,17208,3777,20985,2026-10-08T04:07:53.970Z,FALSE,"",15:00,FALSE
fare_DEL-IXC_AI_2026-10-09_T+1_1791433399626_7zei,DEL-IXC,EaseMyTrip,AI,AI-1730,2026-10-09,T+1,17450,3831,21281,2026-10-08T04:07:53.970Z,FALSE,"",19:10,FALSE
fare_DEL-IXC_AI_2026-10-09_T+1_1791433399626_bh97,DEL-IXC,EaseMyTrip,AI,AI-2955,2026-10-09,T+1,18156,3985,22141,2026-10-08T04:07:53.970Z,FALSE,"",18:00,FALSE
fare_DEL-IXC_AI_2026-10-09_T+1_1791433399626_hc9n,DEL-IXC,EaseMyTrip,AI,AI-2971,2026-10-09,T+1,18361,4031,22392,2026-10-08T04:07:53.970Z,FALSE,"",16:00,FALSE
fare_DEL-IXC_AI_2026-10-09_T+1_1791433399626_nxrv,DEL-IXC,EaseMyTrip,AI,AI-1745,2026-10-09,T+1,19145,4203,23348,2026-10-08T04:07:53.970Z,FALSE,"",05:00,FALSE
fare_DEL-IXC_AI_2026-10-09_T+1_1791433399626_1fib,DEL-IXC,EaseMyTrip,AI,AI-2433,2026-10-09,T+1,19584,4299,23883,2026-10-08T04:07:53.970Z,FALSE,"",21:30,FALSE
fare_DEL-IXC_AI_2026-10-09_T+1_1791433399626_9gvt,DEL-IXC,EaseMyTrip,AI,AI-2957,2026-10-09,T+1,19584,4299,23883,2026-10-08T04:07:53.970Z,FALSE,"",20:30,FALSE
fare_DEL-IXC_AI_2026-10-09_T+1_1791433399626_5fbo,DEL-IXC,EaseMyTrip,AI,AI-2805,2026-10-09,T+1,19977,4385,24362,2026-10-08T04:07:53.970Z,FALSE,"",20:00,FALSE
fare_DEL-IXC_AI_2026-10-09_T+1_1791433399626_25p6,DEL-IXC,EaseMyTrip,AI,AI-2985,2026-10-09,T+1,19977,4385,24362,2026-10-08T04:07:53.970Z,FALSE,"",19:30,FALSE
fare_DEL-IXC_AI_2026-10-09_T+1_1791433399626_pkmp,DEL-IXC,EaseMyTrip,AI,AI-2977,2026-10-09,T+1,20860,4579,25439,2026-10-08T04:07:53.970Z,FALSE,"",19:00,FALSE
fare_DEL-IXC_AI_2026-10-09_T+1_1791433399626_tmr7,DEL-IXC,EaseMyTrip,AI,AI-2943,2026-10-09,T+1,21637,4750,26387,2026-10-08T04:07:53.970Z,FALSE,"",07:30,FALSE
fare_DEL-IXC_AI_2026-10-09_T+1_1791433399626_i6gf,DEL-IXC,EaseMyTrip,AI,AI-2975,2026-10-09,T+1,21637,4750,26387,2026-10-08T04:07:53.970Z,FALSE,"",06:30,FALSE
fare_DEL-IXC_AI_2026-10-09_T+1_1791433399626_xyp3,DEL-IXC,EaseMyTrip,AI,AI-2981,2026-10-09,T+1,22612,4964,27576,2026-10-08T04:07:53.970Z,FALSE,"",21:00,FALSE
fare_DEL-IXC_AI_2026-10-09_T+1_1791433399626_5xr6,DEL-IXC,EaseMyTrip,AI,AI-9486,2026-10-09,T+1,23411,5139,28550,2026-10-08T04:07:53.970Z,FALSE,"",17:50,FALSE
fare_DEL-IXC_6E_2026-11-07_T+30_1791433399626_6evw,DEL-IXC,EaseMyTrip,6E,6E-2557,2026-11-07,T+30,4365,958,5323,2026-10-08T04:08:11.415Z,FALSE,"",21:50,TRUE
fare_DEL-IXC_AI_2026-11-07_T+30_1791433399626_1bc0,DEL-IXC,EaseMyTrip,AI,AI-1742,2026-11-07,T+30,4649,1020,5669,2026-10-08T04:08:11.415Z,FALSE,"",19:30,TRUE
fare_DEL-IXC_AI_2026-11-07_T+30_1791433399626_c9mm,DEL-IXC,EaseMyTrip,AI,AI-2643,2026-11-07,T+30,4649,1020,5669,2026-10-08T04:08:11.415Z,FALSE,"",05:50,TRUE
fare_DEL-IXC_6E_2026-11-07_T+30_1791433399626_qbjb,DEL-IXC,EaseMyTrip,6E,6E-6050,2026-11-07,T+30,4516,991,5507,2026-10-08T04:08:11.415Z,FALSE,"",09:15,TRUE
fare_DEL-IXC_AI_2026-11-07_T+30_1791433399626_jz65,DEL-IXC,EaseMyTrip,AI,AI-2706,2026-11-07,T+30,4821,1058,5879,2026-10-08T04:08:11.415Z,FALSE,"",15:10,TRUE
fare_DEL-IXC_6E_2026-11-07_T+30_1791433399626_zzag,DEL-IXC,EaseMyTrip,6E,6E-5162,2026-11-07,T+30,4688,1029,5717,2026-10-08T04:08:11.415Z,FALSE,"",18:45,TRUE
fare_DEL-IXC_AI_2026-11-07_T+30_1791433399626_7t2m,DEL-IXC,EaseMyTrip,AI,AI-2532,2026-11-07,T+30,5526,1213,6739,2026-10-08T04:08:11.415Z,FALSE,"",11:05,TRUE
fare_DEL-IXC_AI_2026-11-07_T+30_1791433399626_7pf7,DEL-IXC,EaseMyTrip,AI,AI-9550,2026-11-07,T+30,15471,3396,18867,2026-10-08T04:08:11.415Z,FALSE,"",20:40,FALSE
fare_DEL-IXC_AI_2026-11-07_T+30_1791433399626_c3lb,DEL-IXC,EaseMyTrip,AI,AI-2957,2026-11-07,T+30,16374,3594,19968,2026-10-08T04:08:11.415Z,FALSE,"",20:30,FALSE
fare_DEL-IXC_AI_2026-11-07_T+30_1791433399626_0lke,DEL-IXC,EaseMyTrip,AI,AI-2433,2026-11-07,T+30,16519,3626,20145,2026-10-08T04:08:11.415Z,FALSE,"",21:30,FALSE
fare_DEL-IXC_AI_2026-11-07_T+30_1791433399626_phuj,DEL-IXC,EaseMyTrip,AI,AI-2981,2026-11-07,T+30,16519,3626,20145,2026-10-08T04:08:11.415Z,FALSE,"",21:00,FALSE
fare_DEL-IXC_AI_2026-11-07_T+30_1791433399626_bjv9,DEL-IXC,EaseMyTrip,AI,AI-2555,2026-11-07,T+30,16519,3626,20145,2026-10-08T04:08:11.415Z,FALSE,"",17:30,FALSE
fare_DEL-IXC_AI_2026-11-07_T+30_1791433399626_7sjg,DEL-IXC,EaseMyTrip,AI,AI-2985,2026-11-07,T+30,16686,3663,20349,2026-10-08T04:08:11.415Z,FALSE,"",19:30,FALSE
fare_DEL-IXC_AI_2026-11-07_T+30_1791433399626_qzhf,DEL-IXC,EaseMyTrip,AI,AI-2977,2026-11-07,T+30,16853,3700,20553,2026-10-08T04:08:11.415Z,FALSE,"",21:30,FALSE
fare_DEL-IXC_AI_2026-11-07_T+30_1791433399626_s2tk,DEL-IXC,EaseMyTrip,AI,AI-2955,2026-11-07,T+30,16853,3700,20553,2026-10-08T04:08:11.415Z,FALSE,"",18:00,FALSE
fare_DEL-IXC_AI_2026-11-07_T+30_1791433399626_svt3,DEL-IXC,EaseMyTrip,AI,AI-441,2026-11-07,T+30,17961,3943,21904,2026-10-08T04:08:11.415Z,FALSE,"",17:00,FALSE
fare_DEL-IXC_AI_2026-11-07_T+30_1791433399626_6z73,DEL-IXC,EaseMyTrip,AI,AI-2941,2026-11-07,T+30,17961,3943,21904,2026-10-08T04:08:11.415Z,FALSE,"",16:30,FALSE
fare_DEL-IXC_AI_2026-11-22_T+45_1791433399627_wjv5,DEL-IXC,EaseMyTrip,AI,AI-1742,2026-11-22,T+45,4649,1020,5669,2026-10-08T04:08:17.141Z,TRUE,"Low outlier: ₹5669 < lower fence ₹15193 (Q1: ₹18055, IQR: ₹1908)",19:30,TRUE
fare_DEL-IXC_AI_2026-11-22_T+45_1791433399627_ezrs,DEL-IXC,EaseMyTrip,AI,AI-2706,2026-11-22,T+45,4649,1020,5669,2026-10-08T04:08:17.141Z,TRUE,"Low outlier: ₹5669 < lower fence ₹15193 (Q1: ₹18055, IQR: ₹1908)",15:10,TRUE
fare_DEL-IXC_AI_2026-11-22_T+45_1791433399627_bcc1,DEL-IXC,EaseMyTrip,AI,AI-2643,2026-11-22,T+45,4821,1058,5879,2026-10-08T04:08:17.141Z,TRUE,"Low outlier: ₹5879 < lower fence ₹15193 (Q1: ₹18055, IQR: ₹1908)",05:50,TRUE
fare_DEL-IXC_6E_2026-11-22_T+45_1791433399627_0ksl,DEL-IXC,EaseMyTrip,6E,6E-2557,2026-11-22,T+45,4688,1029,5717,2026-10-08T04:08:17.141Z,TRUE,"Low outlier: ₹5717 < lower fence ₹15193 (Q1: ₹18055, IQR: ₹1908)",21:50,TRUE
fare_DEL-IXC_6E_2026-11-22_T+45_1791433399627_qt9o,DEL-IXC,EaseMyTrip,6E,6E-5162,2026-11-22,T+45,5549,1218,6767,2026-10-08T04:08:17.141Z,TRUE,"Low outlier: ₹6767 < lower fence ₹15193 (Q1: ₹18055, IQR: ₹1908)",18:45,TRUE
fare_DEL-IXC_AI_2026-11-22_T+45_1791433399627_ewvd,DEL-IXC,EaseMyTrip,AI,AI-2943,2026-11-22,T+45,14805,3250,18055,2026-10-08T04:08:17.141Z,FALSE,"",07:30,FALSE
fare_DEL-IXC_AI_2026-11-22_T+45_1791433399627_vpyl,DEL-IXC,EaseMyTrip,AI,AI-2975,2026-11-22,T+45,14805,3250,18055,2026-10-08T04:08:17.141Z,FALSE,"",06:20,FALSE
fare_DEL-IXC_AI_2026-11-22_T+45_1791433399627_s5p9,DEL-IXC,EaseMyTrip,AI,AI-2678,2026-11-22,T+45,15051,3304,18355,2026-10-08T04:08:17.141Z,FALSE,"",08:30,FALSE
fare_DEL-IXC_AI_2026-11-22_T+45_1791433399627_qp9x,DEL-IXC,EaseMyTrip,AI,AI-2945,2026-11-22,T+45,15455,3392,18847,2026-10-08T04:08:17.141Z,FALSE,"",11:00,FALSE
fare_DEL-IXC_AI_2026-11-22_T+45_1791433399627_pvf6,DEL-IXC,EaseMyTrip,AI,AI-2425,2026-11-22,T+45,15455,3392,18847,2026-10-08T04:08:17.141Z,FALSE,"",10:25,FALSE
fare_DEL-IXC_AI_2026-11-22_T+45_1791433399627_dpau,DEL-IXC,EaseMyTrip,AI,AI-2963,2026-11-22,T+45,15455,3392,18847,2026-10-08T04:08:17.141Z,FALSE,"",09:00,FALSE
fare_DEL-IXC_AI_2026-11-22_T+45_1791433399627_pxk0,DEL-IXC,EaseMyTrip,AI,AI-2439,2026-11-22,T+45,15630,3431,19061,2026-10-08T04:08:17.141Z,FALSE,"",23:00,FALSE
fare_DEL-IXC_AI_2026-11-22_T+45_1791433399627_r0fg,DEL-IXC,EaseMyTrip,AI,AI-2437,2026-11-22,T+45,15630,3431,19061,2026-10-08T04:08:17.141Z,FALSE,"",22:30,FALSE
fare_DEL-IXC_AI_2026-11-22_T+45_1791433399627_zx7p,DEL-IXC,EaseMyTrip,AI,AI-2433,2026-11-22,T+45,16273,3572,19845,2026-10-08T04:08:17.141Z,FALSE,"",21:30,FALSE
fare_DEL-IXC_AI_2026-11-22_T+45_1791433399627_unbs,DEL-IXC,EaseMyTrip,AI,AI-2555,2026-11-22,T+45,16273,3572,19845,2026-10-08T04:08:17.141Z,FALSE,"",17:30,FALSE
fare_DEL-IXC_AI_2026-11-22_T+45_1791433399627_mymz,DEL-IXC,EaseMyTrip,AI,AI-2987,2026-11-22,T+45,16273,3572,19845,2026-10-08T04:08:17.141Z,FALSE,"",13:00,FALSE
fare_DEL-IXC_AI_2026-11-22_T+45_1791433399627_lqwn,DEL-IXC,EaseMyTrip,AI,AI-2957,2026-11-22,T+45,16370,3593,19963,2026-10-08T04:08:17.141Z,FALSE,"",20:30,FALSE
fare_DEL-IXC_AI_2026-11-22_T+45_1791433399627_zh3f,DEL-IXC,EaseMyTrip,AI,AI-441,2026-11-22,T+45,16370,3593,19963,2026-10-08T04:08:17.141Z,FALSE,"",17:00,FALSE
fare_DEL-IXC_AI_2026-11-22_T+45_1791433399627_t3vl,DEL-IXC,EaseMyTrip,AI,AI-2941,2026-11-22,T+45,16370,3593,19963,2026-10-08T04:08:17.141Z,FALSE,"",16:30,FALSE
fare_DEL-IXC_AI_2026-11-22_T+45_1791433399627_cjzk,DEL-IXC,EaseMyTrip,AI,AI-2981,2026-11-22,T+45,16435,3608,20043,2026-10-08T04:08:17.141Z,FALSE,"",21:00,FALSE
fare_DEL-IXC_AI_2026-11-22_T+45_1791433399627_yowy,DEL-IXC,EaseMyTrip,AI,AI-2573,2026-11-22,T+45,16448,3610,20058,2026-10-08T04:08:17.141Z,FALSE,"",05:30,FALSE
fare_DEL-IXC_AI_2026-11-22_T+45_1791433399627_yatx,DEL-IXC,EaseMyTrip,AI,AI-2977,2026-11-22,T+45,16569,3637,20206,2026-10-08T04:08:17.141Z,FALSE,"",19:00,FALSE
fare_DEL-IXC_AI_2026-11-22_T+45_1791433399627_obrn,DEL-IXC,EaseMyTrip,AI,AI-9836,2026-11-22,T+45,16950,3721,20671,2026-10-08T04:08:17.141Z,FALSE,"",08:50,FALSE
fare_DEL-IXC_AI_2026-11-22_T+45_1791433399627_wr9t,DEL-IXC,EaseMyTrip,AI,AI-2587,2026-11-22,T+45,17596,3862,21458,2026-10-08T04:08:17.141Z,FALSE,"",12:00,FALSE
fare_DEL-IXC_AI_2026-11-22_T+45_1791433399627_vnfv,DEL-IXC,EaseMyTrip,AI,AI-2951,2026-11-22,T+45,18381,4035,22416,2026-10-08T04:08:17.141Z,FALSE,"",13:30,FALSE
fare_DEL-IXC_6E_2026-10-15_T+7_1791433399627_0oe6,DEL-IXC,EaseMyTrip,6E,6E-6050,2026-10-15,T+7,3904,857,4761,2026-10-08T04:07:59.817Z,FALSE,"",08:15,TRUE
fare_DEL-IXC_AI_2026-10-15_T+7_1791433399627_axx9,DEL-IXC,EaseMyTrip,AI,AI-1743,2026-10-15,T+7,4217,926,5143,2026-10-08T04:07:59.817Z,FALSE,"",06:20,TRUE
fare_DEL-IXC_6E_2026-10-15_T+7_1791433399627_yf24,DEL-IXC,EaseMyTrip,6E,6E-5038,2026-10-15,T+7,4344,953,5297,2026-10-08T04:07:59.817Z,FALSE,"",14:00,TRUE
fare_DEL-IXC_AI_2026-10-15_T+7_1791433399627_s8tp,DEL-IXC,EaseMyTrip,AI,AI-2532,2026-10-15,T+7,5698,1251,6949,2026-10-08T04:07:59.817Z,FALSE,"",11:20,TRUE
fare_DEL-IXC_AI_2026-10-15_T+7_1791433399627_2d3b,DEL-IXC,EaseMyTrip,AI,AI-407,2026-10-15,T+7,6202,1361,7563,2026-10-08T04:07:59.817Z,FALSE,"",20:00,TRUE
fare_DEL-IXC_6E_2026-10-15_T+7_1791433399627_dx5u,DEL-IXC,EaseMyTrip,6E,6E-7671,2026-10-15,T+7,6412,1408,7820,2026-10-08T04:07:59.817Z,FALSE,"",09:55,FALSE
fare_DEL-IXC_6E_2026-10-15_T+7_1791433399627_la9v,DEL-IXC,EaseMyTrip,6E,6E-7483,2026-10-15,T+7,6921,1519,8440,2026-10-08T04:07:59.817Z,FALSE,"",07:20,FALSE
fare_DEL-IXC_AI_2026-10-15_T+7_1791433399627_slzh,DEL-IXC,EaseMyTrip,AI,AI-2706,2026-10-15,T+7,8910,1956,10866,2026-10-08T04:07:59.817Z,FALSE,"",14:10,TRUE
fare_DEL-IXC_AI_2026-10-15_T+7_1791433399627_nsj7,DEL-IXC,EaseMyTrip,AI,AI-2601,2026-10-15,T+7,8910,1956,10866,2026-10-08T04:07:59.817Z,FALSE,"",17:00,TRUE
fare_DEL-IXC_6E_2026-10-15_T+7_1791433399627_668e,DEL-IXC,EaseMyTrip,6E,6E-6632,2026-10-15,T+7,9682,2125,11807,2026-10-08T04:07:59.817Z,FALSE,"",17:50,TRUE
fare_DEL-IXC_AI_2026-10-15_T+7_1791433399627_eouc,DEL-IXC,EaseMyTrip,AI,AI-9484,2026-10-15,T+7,12853,2821,15674,2026-10-08T04:07:59.817Z,FALSE,"",23:25,FALSE
fare_DEL-IXC_AI_2026-10-15_T+7_1791433399627_mefy,DEL-IXC,EaseMyTrip,AI,AI-2439,2026-10-15,T+7,13113,2879,15992,2026-10-08T04:07:59.817Z,FALSE,"",22:55,FALSE
fare_DEL-IXC_AI_2026-10-15_T+7_1791433399627_1wsf,DEL-IXC,EaseMyTrip,AI,AI-2469,2026-10-15,T+7,13704,3008,16712,2026-10-08T04:07:59.817Z,FALSE,"",04:45,FALSE
fare_DEL-IXC_AI_2026-10-15_T+7_1791433399627_uczj,DEL-IXC,EaseMyTrip,AI,AI-1797,2026-10-15,T+7,14037,3081,17118,2026-10-08T04:07:59.817Z,FALSE,"",05:45,FALSE
fare_DEL-IXC_AI_2026-10-15_T+7_1791433399627_hn21,DEL-IXC,EaseMyTrip,AI,AI-2547,2026-10-15,T+7,14131,3102,17233,2026-10-08T04:07:59.817Z,FALSE,"",17:40,FALSE
fare_DEL-IXC_AI_2026-10-15_T+7_1791433399627_yaf3,DEL-IXC,EaseMyTrip,AI,AI-2999,2026-10-15,T+7,14242,3126,17368,2026-10-08T04:07:59.817Z,FALSE,"",21:55,FALSE
fare_DEL-IXC_AI_2026-10-15_T+7_1791433399627_tk0o,DEL-IXC,EaseMyTrip,AI,AI-2971,2026-10-15,T+7,14244,3127,17371,2026-10-08T04:07:59.817Z,FALSE,"",16:00,FALSE
fare_DEL-IXC_AI_2026-10-15_T+7_1791433399627_z569,DEL-IXC,EaseMyTrip,AI,AI-2945,2026-10-15,T+7,14261,3130,17391,2026-10-08T04:07:59.817Z,FALSE,"",11:00,FALSE
fare_DEL-IXC_AI_2026-10-15_T+7_1791433399627_eirn,DEL-IXC,EaseMyTrip,AI,AI-1745,2026-10-15,T+7,14261,3130,17391,2026-10-08T04:07:59.817Z,FALSE,"",05:00,FALSE
fare_DEL-IXC_AI_2026-10-15_T+7_1791433399627_amvj,DEL-IXC,EaseMyTrip,AI,AI-1735,2026-10-15,T+7,14301,3139,17440,2026-10-08T04:07:59.817Z,FALSE,"",13:00,FALSE
fare_DEL-IXC_AI_2026-10-15_T+7_1791433399627_qqe5,DEL-IXC,EaseMyTrip,AI,AI-2943,2026-10-15,T+7,14408,3163,17571,2026-10-08T04:07:59.817Z,FALSE,"",07:30,FALSE
fare_DEL-IXC_AI_2026-10-15_T+7_1791433399627_z3h8,DEL-IXC,EaseMyTrip,AI,AI-2995,2026-10-15,T+7,14475,3178,17653,2026-10-08T04:07:59.817Z,FALSE,"",10:00,FALSE
fare_DEL-IXC_AI_2026-10-15_T+7_1791433399627_mwe4,DEL-IXC,EaseMyTrip,AI,AI-2963,2026-10-15,T+7,14475,3178,17653,2026-10-08T04:07:59.817Z,FALSE,"",09:00,FALSE
fare_DEL-IXC_AI_2026-10-15_T+7_1791433399627_po46,DEL-IXC,EaseMyTrip,AI,AI-2429,2026-10-15,T+7,14506,3184,17690,2026-10-08T04:07:59.817Z,FALSE,"",07:00,FALSE
fare_DEL-IXC_AI_2026-10-15_T+7_1791433399627_gvbf,DEL-IXC,EaseMyTrip,AI,AI-2678,2026-10-15,T+7,14577,3200,17777,2026-10-08T04:07:59.817Z,FALSE,"",08:30,FALSE
fare_DEL-IXC_AI_2026-10-15_T+7_1791433399627_t7tc,DEL-IXC,EaseMyTrip,AI,AI-2609,2026-10-15,T+7,14584,3201,17785,2026-10-08T04:07:59.817Z,FALSE,"",23:50,FALSE
fare_DEL-IXC_AI_2026-10-15_T+7_1791433399627_cjv9,DEL-IXC,EaseMyTrip,AI,AI-2975,2026-10-15,T+7,14734,3234,17968,2026-10-08T04:07:59.817Z,FALSE,"",06:30,FALSE
fare_DEL-IXC_AI_2026-10-15_T+7_1791433399627_tf96,DEL-IXC,EaseMyTrip,AI,AI-1730,2026-10-15,T+7,15300,3358,18658,2026-10-08T04:07:59.817Z,FALSE,"",19:10,FALSE
fare_DEL-IXC_AI_2026-10-15_T+7_1791433399627_xcey,DEL-IXC,EaseMyTrip,AI,AI-2973,2026-10-15,T+7,18109,3975,22084,2026-10-08T04:07:59.817Z,FALSE,"",20:50,FALSE
fare_DEL-PAT_6E_2026-10-23_T+15_1791433399627_vmy5,DEL-PAT,EaseMyTrip,6E,6E-6245,2026-10-23,T+15,6561,1440,8001,2026-10-08T04:07:05.484Z,FALSE,"",06:20,TRUE
fare_DEL-PAT_6E_2026-10-23_T+15_1791433399627_go14,DEL-PAT,EaseMyTrip,6E,6E-6236,2026-10-23,T+15,6561,1440,8001,2026-10-08T04:07:05.484Z,FALSE,"",16:20,TRUE
fare_DEL-PAT_6E_2026-10-23_T+15_1791433399627_c3bt,DEL-PAT,EaseMyTrip,6E,6E-2113,2026-10-23,T+15,6622,1454,8076,2026-10-08T04:07:05.484Z,FALSE,"",13:20,FALSE
fare_DEL-PAT_IX_2026-10-23_T+15_1791433399627_e7z8,DEL-PAT,EaseMyTrip,IX,IX-1825,2026-10-23,T+15,6819,1497,8316,2026-10-08T04:07:05.484Z,FALSE,"",14:50,TRUE
fare_DEL-PAT_IX_2026-10-23_T+15_1791433399627_thzj,DEL-PAT,EaseMyTrip,IX,IX-1346,2026-10-23,T+15,6819,1497,8316,2026-10-08T04:07:05.484Z,FALSE,"",06:10,TRUE
fare_DEL-PAT_IX_2026-10-23_T+15_1791433399627_59ld,DEL-PAT,EaseMyTrip,IX,IX-1197,2026-10-23,T+15,6819,1497,8316,2026-10-08T04:07:05.484Z,FALSE,"",19:00,TRUE
fare_DEL-PAT_AI_2026-10-23_T+15_1791433399627_y5g1,DEL-PAT,EaseMyTrip,AI,AI-2549,2026-10-23,T+15,7032,1544,8576,2026-10-08T04:07:05.484Z,FALSE,"",16:45,TRUE
fare_DEL-PAT_6E_2026-10-23_T+15_1791433399627_bu8p,DEL-PAT,EaseMyTrip,6E,6E-2319,2026-10-23,T+15,6886,1512,8398,2026-10-08T04:07:05.484Z,FALSE,"",09:55,FALSE
fare_DEL-PAT_SG_2026-10-23_T+15_1791433399627_j73t,DEL-PAT,EaseMyTrip,SG,SG-2473,2026-10-23,T+15,7570,1662,9232,2026-10-08T04:07:05.484Z,FALSE,"",19:00,TRUE
fare_DEL-PAT_6E_2026-10-23_T+15_1791433399627_fnan,DEL-PAT,EaseMyTrip,6E,6E-2482,2026-10-23,T+15,6991,1535,8526,2026-10-08T04:07:05.484Z,FALSE,"",19:55,TRUE
fare_DEL-PAT_6E_2026-10-23_T+15_1791433399627_5bxj,DEL-PAT,EaseMyTrip,6E,6E-6370,2026-10-23,T+15,6996,1536,8532,2026-10-08T04:07:05.484Z,FALSE,"",06:40,FALSE
fare_DEL-PAT_IX_2026-10-23_T+15_1791433399627_kce0,DEL-PAT,EaseMyTrip,IX,IX-1510,2026-10-23,T+15,7336,1610,8946,2026-10-08T04:07:05.484Z,FALSE,"",11:15,TRUE
fare_DEL-PAT_6E_2026-10-23_T+15_1791433399627_ha7g,DEL-PAT,EaseMyTrip,6E,6E-2147,2026-10-23,T+15,7311,1605,8916,2026-10-08T04:07:05.484Z,FALSE,"",11:10,FALSE
fare_DEL-PAT_6E_2026-10-23_T+15_1791433399627_tquq,DEL-PAT,EaseMyTrip,6E,6E-2769,2026-10-23,T+15,7508,1648,9156,2026-10-08T04:07:05.484Z,FALSE,"",08:10,TRUE
fare_DEL-PAT_6E_2026-10-23_T+15_1791433399627_15yg,DEL-PAT,EaseMyTrip,6E,6E-2453,2026-10-23,T+15,7508,1648,9156,2026-10-08T04:07:05.484Z,FALSE,"",13:35,TRUE
fare_DEL-PAT_6E_2026-10-23_T+15_1791433399627_n1et,DEL-PAT,EaseMyTrip,6E,6E-6497,2026-10-23,T+15,7508,1648,9156,2026-10-08T04:07:05.484Z,FALSE,"",18:40,TRUE
fare_DEL-PAT_AI_2026-10-23_T+15_1791433399627_cpu6,DEL-PAT,EaseMyTrip,AI,AI-1749,2026-10-23,T+15,7751,1702,9453,2026-10-08T04:07:05.484Z,FALSE,"",08:40,TRUE
fare_DEL-PAT_AI_2026-10-23_T+15_1791433399627_eks2,DEL-PAT,EaseMyTrip,AI,AI-2645,2026-10-23,T+15,8461,1857,10318,2026-10-08T04:07:05.484Z,FALSE,"",13:05,TRUE
fare_DEL-PAT_6E_2026-10-23_T+15_1791433399627_y60n,DEL-PAT,EaseMyTrip,6E,6E-2373,2026-10-23,T+15,13277,2914,16191,2026-10-08T04:07:05.484Z,FALSE,"",11:25,TRUE
fare_DEL-PAT_AI_2026-10-23_T+15_1791433399627_gqj4,DEL-PAT,EaseMyTrip,AI,AI-2943,2026-10-23,T+15,17041,3741,20782,2026-10-08T04:07:05.484Z,FALSE,"",07:30,FALSE
fare_DEL-PAT_AI_2026-10-23_T+15_1791433399627_3dw4,DEL-PAT,EaseMyTrip,AI,AI-2975,2026-10-23,T+15,17071,3747,20818,2026-10-08T04:07:05.484Z,FALSE,"",06:30,FALSE
fare_DEL-PAT_AI_2026-10-23_T+15_1791433399627_6nv2,DEL-PAT,EaseMyTrip,AI,AI-1745,2026-10-23,T+15,17071,3747,20818,2026-10-08T04:07:05.484Z,FALSE,"",05:00,FALSE
fare_DEL-PAT_AI_2026-10-23_T+15_1791433399627_jbwg,DEL-PAT,EaseMyTrip,AI,AI-2429,2026-10-23,T+15,17286,3794,21080,2026-10-08T04:07:05.484Z,FALSE,"",07:00,FALSE
fare_DEL-PAT_AI_2026-10-23_T+15_1791433399627_94ni,DEL-PAT,EaseMyTrip,AI,AI-9484,2026-10-23,T+15,18532,4068,22600,2026-10-08T04:07:05.484Z,FALSE,"",23:25,FALSE
fare_DEL-PAT_AI_2026-10-23_T+15_1791433399627_jdow,DEL-PAT,EaseMyTrip,AI,AI-9486,2026-10-23,T+15,18704,4106,22810,2026-10-08T04:07:05.484Z,FALSE,"",17:50,FALSE
fare_DEL-PAT_AI_2026-10-23_T+15_1791433399627_t57e,DEL-PAT,EaseMyTrip,AI,AI-2439,2026-10-23,T+15,18793,4125,22918,2026-10-08T04:07:05.484Z,FALSE,"",22:55,FALSE
fare_DEL-PAT_AI_2026-10-23_T+15_1791433399627_pasc,DEL-PAT,EaseMyTrip,AI,AI-1777,2026-10-23,T+15,18793,4125,22918,2026-10-08T04:07:05.484Z,FALSE,"",16:00,FALSE
fare_DEL-PAT_AI_2026-10-23_T+15_1791433399627_kx7k,DEL-PAT,EaseMyTrip,AI,AI-2933,2026-10-23,T+15,18793,4125,22918,2026-10-08T04:07:05.484Z,FALSE,"",15:30,FALSE
fare_DEL-PAT_AI_2026-10-23_T+15_1791433399627_pmx6,DEL-PAT,EaseMyTrip,AI,AI-2441,2026-10-23,T+15,18793,4125,22918,2026-10-08T04:07:05.484Z,FALSE,"",14:10,FALSE
fare_DEL-PAT_AI_2026-10-23_T+15_1791433399627_b2i6,DEL-PAT,EaseMyTrip,AI,AI-2951,2026-10-23,T+15,18793,4125,22918,2026-10-08T04:07:05.484Z,FALSE,"",13:30,FALSE
fare_DEL-PAT_AI_2026-10-23_T+15_1791433399627_tivl,DEL-PAT,EaseMyTrip,AI,AI-1785,2026-10-23,T+15,18793,4125,22918,2026-10-08T04:07:05.484Z,FALSE,"",12:00,FALSE
fare_DEL-PAT_AI_2026-10-23_T+15_1791433399627_ru52,DEL-PAT,EaseMyTrip,AI,AI-2945,2026-10-23,T+15,18793,4125,22918,2026-10-08T04:07:05.484Z,FALSE,"",11:00,FALSE
fare_DEL-PAT_AI_2026-10-23_T+15_1791433399627_vak5,DEL-PAT,EaseMyTrip,AI,AI-2425,2026-10-23,T+15,18793,4125,22918,2026-10-08T04:07:05.484Z,FALSE,"",10:30,FALSE
fare_DEL-PAT_AI_2026-10-23_T+15_1791433399627_fuar,DEL-PAT,EaseMyTrip,AI,AI-2995,2026-10-23,T+15,18793,4125,22918,2026-10-08T04:07:05.484Z,FALSE,"",10:00,FALSE
fare_DEL-PAT_AI_2026-10-23_T+15_1791433399627_ds4s,DEL-PAT,EaseMyTrip,AI,AI-441,2026-10-23,T+15,18858,4139,22997,2026-10-08T04:07:05.484Z,FALSE,"",17:00,FALSE
fare_DEL-PAT_AI_2026-10-23_T+15_1791433399627_deq7,DEL-PAT,EaseMyTrip,AI,AI-2927,2026-10-23,T+15,19008,4172,23180,2026-10-08T04:07:05.484Z,FALSE,"",09:30,FALSE
fare_DEL-PAT_AI_2026-10-23_T+15_1791433399627_obw7,DEL-PAT,EaseMyTrip,AI,AI-2433,2026-10-23,T+15,19162,4206,23368,2026-10-08T04:07:05.484Z,FALSE,"",21:30,FALSE
fare_DEL-PAT_AI_2026-10-23_T+15_1791433399627_318m,DEL-PAT,EaseMyTrip,AI,AI-2985,2026-10-23,T+15,19162,4206,23368,2026-10-08T04:07:05.484Z,FALSE,"",19:30,FALSE
fare_DEL-PAT_AI_2026-10-23_T+15_1791433399627_eroy,DEL-PAT,EaseMyTrip,AI,AI-2957,2026-10-23,T+15,19264,4229,23493,2026-10-08T04:07:05.484Z,FALSE,"",20:30,FALSE
fare_DEL-PAT_AI_2026-10-23_T+15_1791433399627_y6qi,DEL-PAT,EaseMyTrip,AI,AI-2805,2026-10-23,T+15,19264,4229,23493,2026-10-08T04:07:05.484Z,FALSE,"",20:00,FALSE
fare_DEL-PAT_AI_2026-10-23_T+15_1791433399627_yge5,DEL-PAT,EaseMyTrip,AI,AI-2981,2026-10-23,T+15,19315,4240,23555,2026-10-08T04:07:05.484Z,FALSE,"",21:00,FALSE
fare_DEL-PAT_AI_2026-10-23_T+15_1791433399627_i2m4,DEL-PAT,EaseMyTrip,AI,AI-2977,2026-10-23,T+15,19418,4263,23681,2026-10-08T04:07:05.484Z,FALSE,"",19:00,FALSE
fare_DEL-PAT_AI_2026-10-23_T+15_1791433399627_60re,DEL-PAT,EaseMyTrip,AI,AI-2955,2026-10-23,T+15,19418,4263,23681,2026-10-08T04:07:05.484Z,FALSE,"",18:00,FALSE
fare_DEL-PAT_IX_2026-10-23_T+15_1791433399627_gxul,DEL-PAT,EaseMyTrip,IX,IX-1070,2026-10-23,T+15,21970,4823,26793,2026-10-08T04:07:05.484Z,FALSE,"",22:00,FALSE
fare_DEL-PAT_AI_2026-10-23_T+15_1791433399627_6by5,DEL-PAT,EaseMyTrip,AI,AI-2653,2026-10-23,T+15,22540,4948,27488,2026-10-08T04:07:05.484Z,FALSE,"",04:30,FALSE
fare_DEL-PAT_AI_2026-10-23_T+15_1791433399627_p1wa,DEL-PAT,EaseMyTrip,AI,AI-2757,2026-10-23,T+15,22540,4948,27488,2026-10-08T04:07:05.484Z,FALSE,"",00:15,FALSE
fare_DEL-PAT_AI_2026-10-23_T+15_1791433399627_0y7u,DEL-PAT,EaseMyTrip,AI,AI-2803,2026-10-23,T+15,22932,5034,27966,2026-10-08T04:07:05.484Z,FALSE,"",06:30,FALSE
fare_DEL-PAT_AI_2026-10-23_T+15_1791433399627_ovff,DEL-PAT,EaseMyTrip,AI,AI-2415,2026-10-23,T+15,23344,5124,28468,2026-10-08T04:07:05.484Z,FALSE,"",09:30,FALSE
fare_DEL-PAT_AI_2026-10-23_T+15_1791433399627_hdef,DEL-PAT,EaseMyTrip,AI,AI-427,2026-10-23,T+15,23344,5124,28468,2026-10-08T04:07:05.484Z,FALSE,"",08:30,FALSE
fare_DEL-PAT_AI_2026-10-23_T+15_1791433399627_fo2s,DEL-PAT,EaseMyTrip,AI,AI-2485,2026-10-23,T+15,23777,5219,28996,2026-10-08T04:07:05.484Z,FALSE,"",10:30,FALSE
fare_DEL-PAT_AI_2026-10-23_T+15_1791433399627_2d52,DEL-PAT,EaseMyTrip,AI,AI-2809,2026-10-23,T+15,23952,5258,29210,2026-10-08T04:07:05.484Z,FALSE,"",19:30,FALSE
fare_DEL-PAT_AI_2026-10-23_T+15_1791433399627_92kv,DEL-PAT,EaseMyTrip,AI,AI-2417,2026-10-23,T+15,23952,5258,29210,2026-10-08T04:07:05.484Z,FALSE,"",13:00,FALSE
fare_DEL-PAT_AI_2026-10-23_T+15_1791433399627_mmpi,DEL-PAT,EaseMyTrip,AI,AI-2412,2026-10-23,T+15,24039,5277,29316,2026-10-08T04:07:05.484Z,FALSE,"",21:30,FALSE
fare_DEL-PAT_AI_2026-10-23_T+15_1791433399627_cwzg,DEL-PAT,EaseMyTrip,AI,AI-2512,2026-10-23,T+15,24233,5319,29552,2026-10-08T04:07:05.484Z,FALSE,"",19:00,FALSE
fare_DEL-PAT_AI_2026-10-23_T+15_1791433399627_pzaq,DEL-PAT,EaseMyTrip,AI,AI-2813,2026-10-23,T+15,24233,5319,29552,2026-10-08T04:07:05.484Z,FALSE,"",18:00,FALSE
fare_DEL-PAT_AI_2026-10-23_T+15_1791433399627_unzm,DEL-PAT,EaseMyTrip,AI,AI-2817,2026-10-23,T+15,24233,5319,29552,2026-10-08T04:07:05.484Z,FALSE,"",16:30,FALSE
fare_DEL-PAT_AI_2026-10-23_T+15_1791433399627_gz5s,DEL-PAT,EaseMyTrip,AI,AI-2664,2026-10-23,T+15,24233,5319,29552,2026-10-08T04:07:05.484Z,FALSE,"",16:00,FALSE
fare_DEL-PAT_AI_2026-10-23_T+15_1791433399627_14c4,DEL-PAT,EaseMyTrip,AI,AI-2819,2026-10-23,T+15,24417,5360,29777,2026-10-08T04:07:05.484Z,FALSE,"",15:00,FALSE
fare_DEL-PAT_SG_2026-10-09_T+1_1791433399627_40wt,DEL-PAT,EaseMyTrip,SG,SG-2473,2026-10-09,T+1,5192,1140,6332,2026-10-08T04:06:53.902Z,FALSE,"",19:00,TRUE
fare_DEL-PAT_IX_2026-10-09_T+1_1791433399627_wtsl,DEL-PAT,EaseMyTrip,IX,IX-1825,2026-10-09,T+1,5441,1194,6635,2026-10-08T04:06:53.902Z,FALSE,"",14:50,TRUE
fare_DEL-PAT_IX_2026-10-09_T+1_1791433399627_zryh,DEL-PAT,EaseMyTrip,IX,IX-1510,2026-10-09,T+1,5441,1194,6635,2026-10-08T04:06:53.902Z,FALSE,"",11:15,TRUE
fare_DEL-PAT_6E_2026-10-09_T+1_1791433399627_f1et,DEL-PAT,EaseMyTrip,6E,6E-6245,2026-10-09,T+1,5442,1194,6636,2026-10-08T04:06:53.902Z,FALSE,"",06:20,TRUE
fare_DEL-PAT_IX_2026-10-09_T+1_1791433399627_fpvl,DEL-PAT,EaseMyTrip,IX,IX-1346,2026-10-09,T+1,5698,1251,6949,2026-10-08T04:06:53.902Z,FALSE,"",05:45,TRUE
fare_DEL-PAT_6E_2026-10-09_T+1_1791433399627_f3ap,DEL-PAT,EaseMyTrip,6E,6E-2453,2026-10-09,T+1,5872,1289,7161,2026-10-08T04:06:53.902Z,FALSE,"",13:35,TRUE
fare_DEL-PAT_IX_2026-10-09_T+1_1791433399627_ze24,DEL-PAT,EaseMyTrip,IX,IX-1197,2026-10-09,T+1,6388,1402,7790,2026-10-08T04:06:53.902Z,FALSE,"",19:00,TRUE
fare_DEL-PAT_6E_2026-10-09_T+1_1791433399627_plpt,DEL-PAT,EaseMyTrip,6E,6E-2769,2026-10-09,T+1,6216,1365,7581,2026-10-08T04:06:53.902Z,FALSE,"",08:10,TRUE
fare_DEL-PAT_6E_2026-10-09_T+1_1791433399627_cl47,DEL-PAT,EaseMyTrip,6E,6E-6236,2026-10-09,T+1,6216,1365,7581,2026-10-08T04:06:53.902Z,FALSE,"",16:20,TRUE
fare_DEL-PAT_6E_2026-10-09_T+1_1791433399627_faar,DEL-PAT,EaseMyTrip,6E,6E-6497,2026-10-09,T+1,6216,1365,7581,2026-10-08T04:06:53.902Z,FALSE,"",18:40,TRUE
fare_DEL-PAT_6E_2026-10-09_T+1_1791433399627_vqo6,DEL-PAT,EaseMyTrip,6E,6E-2482,2026-10-09,T+1,6216,1365,7581,2026-10-08T04:06:53.902Z,FALSE,"",19:55,TRUE
fare_DEL-PAT_6E_2026-10-09_T+1_1791433399627_qdfy,DEL-PAT,EaseMyTrip,6E,6E-2373,2026-10-09,T+1,6561,1440,8001,2026-10-08T04:06:53.902Z,FALSE,"",11:25,TRUE
fare_DEL-PAT_6E_2026-10-09_T+1_1791433399627_e6fs,DEL-PAT,EaseMyTrip,6E,6E-2113,2026-10-09,T+1,6622,1454,8076,2026-10-08T04:06:53.902Z,FALSE,"",13:20,FALSE
fare_DEL-PAT_6E_2026-10-09_T+1_1791433399627_vph3,DEL-PAT,EaseMyTrip,6E,6E-2147,2026-10-09,T+1,6967,1529,8496,2026-10-08T04:06:53.902Z,FALSE,"",11:10,FALSE
fare_DEL-PAT_6E_2026-10-09_T+1_1791433399627_zxwv,DEL-PAT,EaseMyTrip,6E,6E-6370,2026-10-09,T+1,6996,1536,8532,2026-10-08T04:06:53.902Z,FALSE,"",06:40,FALSE
fare_DEL-PAT_6E_2026-10-09_T+1_1791433399627_7msm,DEL-PAT,EaseMyTrip,6E,6E-2319,2026-10-09,T+1,7147,1569,8716,2026-10-08T04:06:53.902Z,FALSE,"",09:55,FALSE
fare_DEL-PAT_AI_2026-10-09_T+1_1791433399627_vtcz,DEL-PAT,EaseMyTrip,AI,AI-1749,2026-10-09,T+1,7751,1702,9453,2026-10-08T04:06:53.902Z,FALSE,"",08:40,TRUE
fare_DEL-PAT_AI_2026-10-09_T+1_1791433399627_lg4c,DEL-PAT,EaseMyTrip,AI,AI-2645,2026-10-09,T+1,10115,2220,12335,2026-10-08T04:06:53.902Z,FALSE,"",13:05,TRUE
fare_DEL-PAT_AI_2026-10-09_T+1_1791433399627_6e0i,DEL-PAT,EaseMyTrip,AI,AI-2549,2026-10-09,T+1,11597,2546,14143,2026-10-08T04:06:53.902Z,FALSE,"",16:45,TRUE
fare_DEL-PAT_AI_2026-10-09_T+1_1791433399627_prvp,DEL-PAT,EaseMyTrip,AI,AI-817,2026-10-09,T+1,13797,3029,16826,2026-10-08T04:06:53.902Z,FALSE,"",05:55,FALSE
fare_DEL-PAT_AI_2026-10-09_T+1_1791433399627_ykde,DEL-PAT,EaseMyTrip,AI,AI-2715,2026-10-09,T+1,13938,3060,16998,2026-10-08T04:06:53.902Z,FALSE,"",11:40,FALSE
fare_DEL-PAT_AI_2026-10-09_T+1_1791433399627_lc15,DEL-PAT,EaseMyTrip,AI,AI-2959,2026-10-09,T+1,14283,3135,17418,2026-10-08T04:06:53.902Z,FALSE,"",07:10,FALSE
fare_DEL-PAT_AI_2026-10-09_T+1_1791433399627_punx,DEL-PAT,EaseMyTrip,AI,AI-881,2026-10-09,T+1,14972,3286,18258,2026-10-08T04:06:53.902Z,FALSE,"",13:35,FALSE
fare_DEL-PAT_IX_2026-10-09_T+1_1791433399627_xzf8,DEL-PAT,EaseMyTrip,IX,IX-1070,2026-10-09,T+1,17867,3922,21789,2026-10-08T04:06:53.902Z,FALSE,"",22:00,FALSE
fare_DEL-PAT_IX_2026-10-09_T+1_1791433399627_em72,DEL-PAT,EaseMyTrip,IX,IX-5978,2026-10-09,T+1,17867,3922,21789,2026-10-08T04:06:53.902Z,FALSE,"",21:00,FALSE
fare_DEL-PAT_AI_2026-10-09_T+1_1791433399627_8qk9,DEL-PAT,EaseMyTrip,AI,AI-809,2026-10-09,T+1,18540,4070,22610,2026-10-08T04:06:53.902Z,FALSE,"",17:40,FALSE
fare_DEL-PAT_AI_2026-10-09_T+1_1791433399627_5h4b,DEL-PAT,EaseMyTrip,AI,AI-1777,2026-10-09,T+1,18793,4125,22918,2026-10-08T04:06:53.902Z,FALSE,"",16:00,FALSE
fare_DEL-PAT_AI_2026-10-09_T+1_1791433399627_7k2v,DEL-PAT,EaseMyTrip,AI,AI-2933,2026-10-09,T+1,18793,4125,22918,2026-10-08T04:06:53.902Z,FALSE,"",15:30,FALSE
fare_DEL-PAT_AI_2026-10-09_T+1_1791433399627_l9p2,DEL-PAT,EaseMyTrip,AI,AI-1780,2026-10-09,T+1,18793,4125,22918,2026-10-08T04:06:53.902Z,FALSE,"",14:30,FALSE
fare_DEL-PAT_AI_2026-10-09_T+1_1791433399627_s6sm,DEL-PAT,EaseMyTrip,AI,AI-2441,2026-10-09,T+1,18793,4125,22918,2026-10-08T04:06:53.902Z,FALSE,"",14:10,FALSE
fare_DEL-PAT_AI_2026-10-09_T+1_1791433399627_leyd,DEL-PAT,EaseMyTrip,AI,AI-2951,2026-10-09,T+1,18793,4125,22918,2026-10-08T04:06:53.902Z,FALSE,"",13:30,FALSE
fare_DEL-PAT_AI_2026-10-09_T+1_1791433399627_n0rl,DEL-PAT,EaseMyTrip,AI,AI-2945,2026-10-09,T+1,18793,4125,22918,2026-10-08T04:06:53.902Z,FALSE,"",11:00,FALSE
fare_DEL-PAT_AI_2026-10-09_T+1_1791433399627_paux,DEL-PAT,EaseMyTrip,AI,AI-2425,2026-10-09,T+1,18793,4125,22918,2026-10-08T04:06:53.902Z,FALSE,"",10:30,FALSE
fare_DEL-PAT_AI_2026-10-09_T+1_1791433399627_fekr,DEL-PAT,EaseMyTrip,AI,AI-2995,2026-10-09,T+1,18793,4125,22918,2026-10-08T04:06:53.902Z,FALSE,"",10:00,FALSE
fare_DEL-PAT_AI_2026-10-09_T+1_1791433399627_ln2s,DEL-PAT,EaseMyTrip,AI,AI-1785,2026-10-09,T+1,19008,4172,23180,2026-10-08T04:06:53.902Z,FALSE,"",12:00,FALSE
fare_DEL-PAT_AI_2026-10-09_T+1_1791433399627_886h,DEL-PAT,EaseMyTrip,AI,AI-2927,2026-10-09,T+1,19008,4172,23180,2026-10-08T04:06:53.902Z,FALSE,"",09:30,FALSE
fare_DEL-PAT_AI_2026-10-09_T+1_1791433399627_boyp,DEL-PAT,EaseMyTrip,AI,AI-2817,2026-10-09,T+1,19249,4225,23474,2026-10-08T04:06:53.902Z,FALSE,"",16:30,FALSE
fare_DEL-PAT_AI_2026-10-09_T+1_1791433399627_bgqn,DEL-PAT,EaseMyTrip,AI,AI-2664,2026-10-09,T+1,19249,4225,23474,2026-10-08T04:06:53.902Z,FALSE,"",16:00,FALSE
fare_DEL-PAT_AI_2026-10-09_T+1_1791433399627_3opv,DEL-PAT,EaseMyTrip,AI,AI-441,2026-10-09,T+1,19266,4229,23495,2026-10-08T04:06:53.902Z,FALSE,"",17:00,FALSE
fare_DEL-PAT_AI_2026-10-09_T+1_1791433399627_a24d,DEL-PAT,EaseMyTrip,AI,AI-2819,2026-10-09,T+1,19390,4256,23646,2026-10-08T04:06:53.902Z,FALSE,"",15:00,FALSE
fare_DEL-PAT_AI_2026-10-09_T+1_1791433399627_zba7,DEL-PAT,EaseMyTrip,AI,AI-2412,2026-10-09,T+1,20849,4576,25425,2026-10-08T04:06:53.902Z,FALSE,"",21:30,FALSE
fare_DEL-PAT_AI_2026-10-09_T+1_1791433399627_ligk,DEL-PAT,EaseMyTrip,AI,AI-2757,2026-10-09,T+1,21584,4738,26322,2026-10-08T04:06:53.902Z,FALSE,"",00:15,FALSE
fare_DEL-PAT_AI_2026-10-09_T+1_1791433399627_qnr2,DEL-PAT,EaseMyTrip,AI,AI-2803,2026-10-09,T+1,21669,4756,26425,2026-10-08T04:06:53.902Z,FALSE,"",06:30,FALSE
fare_DEL-PAT_AI_2026-10-09_T+1_1791433399627_mm67,DEL-PAT,EaseMyTrip,AI,AI-2653,2026-10-09,T+1,21669,4756,26425,2026-10-08T04:06:53.902Z,FALSE,"",04:30,FALSE
fare_DEL-PAT_AI_2026-10-09_T+1_1791433399627_tds6,DEL-PAT,EaseMyTrip,AI,AI-1745,2026-10-09,T+1,21901,4807,26708,2026-10-08T04:06:53.902Z,FALSE,"",05:00,FALSE
fare_DEL-PAT_AI_2026-10-09_T+1_1791433399627_dlrl,DEL-PAT,EaseMyTrip,AI,AI-2943,2026-10-09,T+1,21982,4825,26807,2026-10-08T04:06:53.902Z,FALSE,"",07:30,FALSE
fare_DEL-PAT_AI_2026-10-09_T+1_1791433399627_gcsg,DEL-PAT,EaseMyTrip,AI,AI-2975,2026-10-09,T+1,21982,4825,26807,2026-10-08T04:06:53.902Z,FALSE,"",06:30,FALSE
fare_DEL-PAT_AI_2026-10-09_T+1_1791433399627_kf7h,DEL-PAT,EaseMyTrip,AI,AI-2955,2026-10-09,T+1,22278,4890,27168,2026-10-08T04:06:53.902Z,FALSE,"",18:00,FALSE
fare_DEL-PAT_AI_2026-10-09_T+1_1791433399627_jizw,DEL-PAT,EaseMyTrip,AI,AI-2813,2026-10-09,T+1,23623,5185,28808,2026-10-08T04:06:53.902Z,FALSE,"",18:00,FALSE
fare_DEL-PAT_AI_2026-10-09_T+1_1791433399627_wjo3,DEL-PAT,EaseMyTrip,AI,AI-2433,2026-10-09,T+1,23706,5204,28910,2026-10-08T04:06:53.902Z,FALSE,"",21:30,FALSE
fare_DEL-PAT_AI_2026-10-09_T+1_1791433399627_by36,DEL-PAT,EaseMyTrip,AI,AI-2957,2026-10-09,T+1,23706,5204,28910,2026-10-08T04:06:53.902Z,FALSE,"",20:30,FALSE
fare_DEL-PAT_AI_2026-10-09_T+1_1791433399627_3ai7,DEL-PAT,EaseMyTrip,AI,AI-2805,2026-10-09,T+1,24098,5290,29388,2026-10-08T04:06:53.902Z,FALSE,"",20:00,FALSE
fare_DEL-PAT_AI_2026-10-09_T+1_1791433399627_cyvk,DEL-PAT,EaseMyTrip,AI,AI-2985,2026-10-09,T+1,24098,5290,29388,2026-10-08T04:06:53.902Z,FALSE,"",19:30,FALSE
fare_DEL-PAT_AI_2026-10-09_T+1_1791433399627_mzg1,DEL-PAT,EaseMyTrip,AI,AI-2977,2026-10-09,T+1,24982,5484,30466,2026-10-08T04:06:53.902Z,FALSE,"",19:00,FALSE
fare_DEL-PAT_AI_2026-10-09_T+1_1791433399627_dz6o,DEL-PAT,EaseMyTrip,AI,AI-2487,2026-10-09,T+1,25816,5667,31483,2026-10-08T04:06:53.902Z,FALSE,"",18:30,FALSE
fare_DEL-PAT_AI_2026-10-09_T+1_1791433399627_jzls,DEL-PAT,EaseMyTrip,AI,AI-9486,2026-10-09,T+1,27533,6044,33577,2026-10-08T04:06:53.902Z,FALSE,"",17:50,FALSE
fare_DEL-PAT_AI_2026-10-09_T+1_1791433399627_1w7v,DEL-PAT,EaseMyTrip,AI,AI-2512,2026-10-09,T+1,28202,6191,34393,2026-10-08T04:06:53.902Z,FALSE,"",19:00,FALSE
fare_DEL-PAT_AI_2026-10-09_T+1_1791433399627_f6a0,DEL-PAT,EaseMyTrip,AI,AI-2809,2026-10-09,T+1,28522,6261,34783,2026-10-08T04:06:53.902Z,FALSE,"",19:30,FALSE
fare_DEL-PAT_6E_2026-11-07_T+30_1791433399628_q6gi,DEL-PAT,EaseMyTrip,6E,6E-7624,2026-11-07,T+30,15533,3410,18943,2026-10-08T04:07:11.558Z,FALSE,"",05:50,FALSE
fare_DEL-PAT_IX_2026-11-07_T+30_1791433399628_yo48,DEL-PAT,EaseMyTrip,IX,IX-1586,2026-11-07,T+30,15803,3469,19272,2026-10-08T04:07:11.558Z,FALSE,"",17:35,TRUE
fare_DEL-PAT_6E_2026-11-07_T+30_1791433399628_xxs0,DEL-PAT,EaseMyTrip,6E,6E-2769,2026-11-07,T+30,16419,3604,20023,2026-10-08T04:07:11.558Z,FALSE,"",07:55,TRUE
fare_DEL-PAT_6E_2026-11-07_T+30_1791433399628_b0q4,DEL-PAT,EaseMyTrip,6E,6E-348,2026-11-07,T+30,16419,3604,20023,2026-10-08T04:07:11.558Z,FALSE,"",13:25,TRUE
fare_DEL-PAT_6E_2026-11-07_T+30_1791433399628_rak8,DEL-PAT,EaseMyTrip,6E,6E-840,2026-11-07,T+30,16419,3604,20023,2026-10-08T04:07:11.558Z,FALSE,"",13:25,TRUE
fare_DEL-PAT_6E_2026-11-07_T+30_1791433399628_fa1r,DEL-PAT,EaseMyTrip,6E,6E-2373,2026-11-07,T+30,16419,3604,20023,2026-10-08T04:07:11.558Z,FALSE,"",11:05,TRUE
fare_DEL-PAT_6E_2026-11-07_T+30_1791433399628_0xwn,DEL-PAT,EaseMyTrip,6E,6E-6347,2026-11-07,T+30,16419,3604,20023,2026-10-08T04:07:11.558Z,FALSE,"",14:35,TRUE
fare_DEL-PAT_6E_2026-11-07_T+30_1791433399628_u4aj,DEL-PAT,EaseMyTrip,6E,6E-2331,2026-11-07,T+30,16419,3604,20023,2026-10-08T04:07:11.558Z,FALSE,"",19:40,TRUE
fare_DEL-PAT_6E_2026-11-07_T+30_1791433399628_4fq2,DEL-PAT,EaseMyTrip,6E,6E-6245,2026-11-07,T+30,16419,3604,20023,2026-10-08T04:07:11.558Z,FALSE,"",06:20,TRUE
fare_DEL-PAT_6E_2026-11-07_T+30_1791433399628_dc4z,DEL-PAT,EaseMyTrip,6E,6E-2250,2026-11-07,T+30,16419,3604,20023,2026-10-08T04:07:11.558Z,FALSE,"",18:10,TRUE
fare_DEL-PAT_6E_2026-11-07_T+30_1791433399628_1yuu,DEL-PAT,EaseMyTrip,6E,6E-2039,2026-11-07,T+30,17140,3763,20903,2026-10-08T04:07:11.558Z,FALSE,"",05:25,FALSE
fare_DEL-PAT_6E_2026-11-07_T+30_1791433399628_lvvi,DEL-PAT,EaseMyTrip,6E,6E-2147,2026-11-07,T+30,18203,3996,22199,2026-10-08T04:07:11.558Z,FALSE,"",11:20,FALSE
fare_DEL-PAT_6E_2026-11-07_T+30_1791433399628_1oqp,DEL-PAT,EaseMyTrip,6E,6E-6304,2026-11-07,T+30,18333,4024,22357,2026-10-08T04:07:11.558Z,FALSE,"",09:40,FALSE
fare_DEL-PAT_6E_2026-11-07_T+30_1791433399628_5edw,DEL-PAT,EaseMyTrip,6E,6E-5375,2026-11-07,T+30,18333,4024,22357,2026-10-08T04:07:11.558Z,FALSE,"",07:25,FALSE
fare_DEL-PAT_AI_2026-11-07_T+30_1791433399628_9h8v,DEL-PAT,EaseMyTrip,AI,AI-1719,2026-11-07,T+30,18512,4063,22575,2026-10-08T04:07:11.558Z,FALSE,"",13:40,TRUE
fare_DEL-PAT_SG_2026-11-07_T+30_1791433399628_jw57,DEL-PAT,EaseMyTrip,SG,SG-100,2026-11-07,T+30,20454,4490,24944,2026-10-08T04:07:11.558Z,FALSE,"",07:00,TRUE
fare_DEL-PAT_SG_2026-11-07_T+30_1791433399628_2bsx,DEL-PAT,EaseMyTrip,SG,SG-646,2026-11-07,T+30,20454,4490,24944,2026-10-08T04:07:11.558Z,FALSE,"",07:00,TRUE
fare_DEL-PAT_SG_2026-11-07_T+30_1791433399628_ug9t,DEL-PAT,EaseMyTrip,SG,SG-572,2026-11-07,T+30,20454,4490,24944,2026-10-08T04:07:11.558Z,FALSE,"",14:30,TRUE
fare_DEL-PAT_SG_2026-11-07_T+30_1791433399628_6p2y,DEL-PAT,EaseMyTrip,SG,SG-110,2026-11-07,T+30,20454,4490,24944,2026-10-08T04:07:11.558Z,FALSE,"",14:30,TRUE
fare_DEL-PAT_IX_2026-11-07_T+30_1791433399628_lyx2,DEL-PAT,EaseMyTrip,IX,IX-1510,2026-11-07,T+30,22079,4847,26926,2026-10-08T04:07:11.558Z,FALSE,"",09:15,TRUE
fare_DEL-PAT_IX_2026-11-07_T+30_1791433399628_ywd8,DEL-PAT,EaseMyTrip,IX,IX-2229,2026-11-07,T+30,22079,4847,26926,2026-10-08T04:07:11.558Z,FALSE,"",14:05,TRUE
fare_DEL-PAT_IX_2026-11-07_T+30_1791433399628_leih,DEL-PAT,EaseMyTrip,IX,IX-1346,2026-11-07,T+30,22079,4847,26926,2026-10-08T04:07:11.558Z,FALSE,"",15:35,TRUE
fare_DEL-PAT_6E_2026-11-07_T+30_1791433399628_g13m,DEL-PAT,EaseMyTrip,6E,6E-5175,2026-11-07,T+30,26523,5822,32345,2026-10-08T04:07:11.558Z,FALSE,"",12:55,FALSE
fare_DEL-PAT_IX_2026-11-07_T+30_1791433399628_g4k7,DEL-PAT,EaseMyTrip,IX,IX-1071,2026-11-07,T+30,28544,6266,34810,2026-10-08T04:07:11.558Z,FALSE,"",21:10,FALSE
fare_DEL-PAT_AI_2026-11-07_T+30_1791433399628_ydle,DEL-PAT,EaseMyTrip,AI,AI-2409,2026-11-07,T+30,31886,6999,38885,2026-10-08T04:07:11.558Z,FALSE,"",06:00,FALSE
fare_DEL-PAT_AI_2026-11-07_T+30_1791433399628_63yz,DEL-PAT,EaseMyTrip,AI,AI-2515,2026-11-07,T+30,31886,6999,38885,2026-10-08T04:07:11.558Z,FALSE,"",22:00,FALSE
fare_DEL-PAT_AI_2026-11-07_T+30_1791433399628_0985,DEL-PAT,EaseMyTrip,AI,AI-2412,2026-11-07,T+30,31886,6999,38885,2026-10-08T04:07:11.558Z,FALSE,"",21:30,FALSE
fare_DEL-PAT_AI_2026-11-07_T+30_1791433399628_7hz0,DEL-PAT,EaseMyTrip,AI,AI-2809,2026-11-07,T+30,31886,6999,38885,2026-10-08T04:07:11.558Z,FALSE,"",20:30,FALSE
fare_DEL-PAT_AI_2026-11-07_T+30_1791433399628_s0pw,DEL-PAT,EaseMyTrip,AI,AI-2415,2026-11-07,T+30,32277,7085,39362,2026-10-08T04:07:11.558Z,FALSE,"",09:30,FALSE
fare_DEL-PAT_IX_2026-11-07_T+30_1791433399628_udbn,DEL-PAT,EaseMyTrip,IX,IX-1525,2026-11-07,T+30,32454,7124,39578,2026-10-08T04:07:11.558Z,FALSE,"",08:35,FALSE
fare_DEL-PAT_IX_2026-11-07_T+30_1791433399628_8h2f,DEL-PAT,EaseMyTrip,IX,IX-1261,2026-11-07,T+30,32454,7124,39578,2026-10-08T04:07:11.558Z,FALSE,"",07:30,FALSE
fare_DEL-PAT_AI_2026-11-07_T+30_1791433399628_7m0d,DEL-PAT,EaseMyTrip,AI,AI-427,2026-11-07,T+30,32437,7120,39557,2026-10-08T04:07:11.558Z,FALSE,"",08:35,FALSE
fare_DEL-PAT_AI_2026-11-07_T+30_1791433399628_hyf4,DEL-PAT,EaseMyTrip,AI,AI-2757,2026-11-07,T+30,32688,7176,39864,2026-10-08T04:07:11.558Z,FALSE,"",00:15,FALSE
fare_DEL-PAT_AI_2026-11-07_T+30_1791433399628_gfm1,DEL-PAT,EaseMyTrip,AI,AI-2487,2026-11-07,T+30,32688,7176,39864,2026-10-08T04:07:11.558Z,FALSE,"",18:00,FALSE
fare_DEL-PAT_AI_2026-11-07_T+30_1791433399628_bp8b,DEL-PAT,EaseMyTrip,AI,AI-2513,2026-11-07,T+30,32688,7176,39864,2026-10-08T04:07:11.558Z,FALSE,"",13:00,FALSE
fare_DEL-PAT_AI_2026-11-07_T+30_1791433399628_zdlx,DEL-PAT,EaseMyTrip,AI,AI-2512,2026-11-07,T+30,33121,7271,40392,2026-10-08T04:07:11.558Z,FALSE,"",19:25,FALSE
fare_DEL-PAT_AI_2026-11-07_T+30_1791433399628_3li9,DEL-PAT,EaseMyTrip,AI,AI-2819,2026-11-07,T+30,33299,7309,40608,2026-10-08T04:07:11.558Z,FALSE,"",15:00,FALSE
fare_DEL-PAT_AI_2026-11-07_T+30_1791433399628_l0dk,DEL-PAT,EaseMyTrip,AI,AI-2485,2026-11-07,T+30,33474,7348,40822,2026-10-08T04:07:11.558Z,FALSE,"",10:55,FALSE
fare_DEL-PAT_AI_2026-11-07_T+30_1791433399628_wuft,DEL-PAT,EaseMyTrip,AI,AI-2417,2026-11-07,T+30,34041,7473,41514,2026-10-08T04:07:11.558Z,FALSE,"",12:00,FALSE
fare_DEL-PAT_6E_2026-11-22_T+45_1791433399628_4g3t,DEL-PAT,EaseMyTrip,6E,6E-6245,2026-11-22,T+45,5614,1232,6846,2026-10-08T04:07:17.271Z,FALSE,"",06:20,TRUE
fare_DEL-PAT_IX_2026-11-22_T+45_1791433399628_bxmw,DEL-PAT,EaseMyTrip,IX,IX-1586,2026-11-22,T+45,6043,1326,7369,2026-10-08T04:07:17.271Z,FALSE,"",17:35,TRUE
fare_DEL-PAT_6E_2026-11-22_T+45_1791433399628_ol77,DEL-PAT,EaseMyTrip,6E,6E-2331,2026-11-22,T+45,6216,1365,7581,2026-10-08T04:07:17.271Z,FALSE,"",19:40,TRUE
fare_DEL-PAT_6E_2026-11-22_T+45_1791433399628_xfrc,DEL-PAT,EaseMyTrip,6E,6E-2250,2026-11-22,T+45,6216,1365,7581,2026-10-08T04:07:17.271Z,FALSE,"",18:10,TRUE
fare_DEL-PAT_6E_2026-11-22_T+45_1791433399628_xew3,DEL-PAT,EaseMyTrip,6E,6E-2147,2026-11-22,T+45,6544,1437,7981,2026-10-08T04:07:17.271Z,FALSE,"",11:20,FALSE
fare_DEL-PAT_6E_2026-11-22_T+45_1791433399628_14ui,DEL-PAT,EaseMyTrip,6E,6E-6304,2026-11-22,T+45,6544,1437,7981,2026-10-08T04:07:17.271Z,FALSE,"",09:40,FALSE
fare_DEL-PAT_6E_2026-11-22_T+45_1791433399628_0cno,DEL-PAT,EaseMyTrip,6E,6E-5375,2026-11-22,T+45,6544,1437,7981,2026-10-08T04:07:17.271Z,FALSE,"",07:25,FALSE
fare_DEL-PAT_6E_2026-11-22_T+45_1791433399628_av3f,DEL-PAT,EaseMyTrip,6E,6E-2373,2026-11-22,T+45,6561,1440,8001,2026-10-08T04:07:17.271Z,FALSE,"",11:05,TRUE
fare_DEL-PAT_6E_2026-11-22_T+45_1791433399628_0pia,DEL-PAT,EaseMyTrip,6E,6E-6347,2026-11-22,T+45,6561,1440,8001,2026-10-08T04:07:17.271Z,FALSE,"",14:35,TRUE
fare_DEL-PAT_IX_2026-11-22_T+45_1791433399628_rij7,DEL-PAT,EaseMyTrip,IX,IX-2229,2026-11-22,T+45,6819,1497,8316,2026-10-08T04:07:17.271Z,FALSE,"",14:05,TRUE
fare_DEL-PAT_IX_2026-11-22_T+45_1791433399628_w0k6,DEL-PAT,EaseMyTrip,IX,IX-1346,2026-11-22,T+45,6819,1497,8316,2026-10-08T04:07:17.271Z,FALSE,"",15:35,TRUE
fare_DEL-PAT_6E_2026-11-22_T+45_1791433399628_f9z8,DEL-PAT,EaseMyTrip,6E,6E-7624,2026-11-22,T+45,6894,1513,8407,2026-10-08T04:07:17.271Z,FALSE,"",05:50,FALSE
fare_DEL-PAT_AI_2026-11-22_T+45_1791433399630_xa1c,DEL-PAT,EaseMyTrip,AI,AI-1719,2026-11-22,T+45,7076,1553,8629,2026-10-08T04:07:17.271Z,FALSE,"",13:40,TRUE
fare_DEL-PAT_AI_2026-11-22_T+45_1791433399630_b791,DEL-PAT,EaseMyTrip,AI,AI-1776,2026-11-22,T+45,7076,1553,8629,2026-10-08T04:07:17.271Z,FALSE,"",10:00,TRUE
fare_DEL-PAT_6E_2026-11-22_T+45_1791433399630_ss8n,DEL-PAT,EaseMyTrip,6E,6E-2769,2026-11-22,T+45,6991,1535,8526,2026-10-08T04:07:17.271Z,FALSE,"",07:55,TRUE
fare_DEL-PAT_6E_2026-11-22_T+45_1791433399630_yvwt,DEL-PAT,EaseMyTrip,6E,6E-2039,2026-11-22,T+45,6996,1536,8532,2026-10-08T04:07:17.271Z,FALSE,"",05:25,FALSE
fare_DEL-PAT_IX_2026-11-22_T+45_1791433399630_4ijl,DEL-PAT,EaseMyTrip,IX,IX-1510,2026-11-22,T+45,7336,1610,8946,2026-10-08T04:07:17.271Z,FALSE,"",09:15,TRUE
fare_DEL-PAT_6E_2026-11-22_T+45_1791433399630_invl,DEL-PAT,EaseMyTrip,6E,6E-406,2026-11-22,T+45,7508,1648,9156,2026-10-08T04:07:17.271Z,FALSE,"",13:25,TRUE
fare_DEL-PAT_6E_2026-11-22_T+45_1791433399630_ifj2,DEL-PAT,EaseMyTrip,6E,6E-534,2026-11-22,T+45,7508,1648,9156,2026-10-08T04:07:17.271Z,FALSE,"",13:25,TRUE
fare_DEL-PAT_SG_2026-11-22_T+45_1791433399630_bshu,DEL-PAT,EaseMyTrip,SG,SG-884,2026-11-22,T+45,8535,1873,10408,2026-10-08T04:07:17.271Z,FALSE,"",07:00,TRUE
fare_DEL-PAT_SG_2026-11-22_T+45_1791433399630_sk83,DEL-PAT,EaseMyTrip,SG,SG-544,2026-11-22,T+45,8535,1873,10408,2026-10-08T04:07:17.271Z,FALSE,"",07:00,TRUE
fare_DEL-PAT_SG_2026-11-22_T+45_1791433399630_ea5b,DEL-PAT,EaseMyTrip,SG,SG-768,2026-11-22,T+45,8535,1873,10408,2026-10-08T04:07:17.271Z,FALSE,"",14:30,TRUE
fare_DEL-PAT_SG_2026-11-22_T+45_1791433399630_du00,DEL-PAT,EaseMyTrip,SG,SG-554,2026-11-22,T+45,8535,1873,10408,2026-10-08T04:07:17.271Z,FALSE,"",14:30,TRUE
fare_DEL-PAT_6E_2026-11-22_T+45_1791433399630_5k7v,DEL-PAT,EaseMyTrip,6E,6E-5175,2026-11-22,T+45,14032,3080,17112,2026-10-08T04:07:17.271Z,FALSE,"",12:55,FALSE
fare_DEL-PAT_AI_2026-11-22_T+45_1791433399630_bswc,DEL-PAT,EaseMyTrip,AI,AI-2439,2026-11-22,T+45,16043,3522,19565,2026-10-08T04:07:17.271Z,FALSE,"",23:00,FALSE
fare_DEL-PAT_AI_2026-11-22_T+45_1791433399630_smgv,DEL-PAT,EaseMyTrip,AI,AI-2437,2026-11-22,T+45,16043,3522,19565,2026-10-08T04:07:17.271Z,FALSE,"",22:30,FALSE
fare_DEL-PAT_AI_2026-11-22_T+45_1791433399630_8r3x,DEL-PAT,EaseMyTrip,AI,AI-2999,2026-11-22,T+45,16861,3701,20562,2026-10-08T04:07:17.271Z,FALSE,"",22:00,FALSE
fare_DEL-PAT_AI_2026-11-22_T+45_1791433399630_lnux,DEL-PAT,EaseMyTrip,AI,AI-2409,2026-11-22,T+45,17210,3778,20988,2026-10-08T04:07:17.271Z,FALSE,"",06:00,FALSE
fare_DEL-PAT_AI_2026-11-22_T+45_1791433399630_q65h,DEL-PAT,EaseMyTrip,AI,AI-2757,2026-11-22,T+45,17733,3892,21625,2026-10-08T04:07:17.271Z,FALSE,"",00:15,FALSE
fare_DEL-PAT_AI_2026-11-22_T+45_1791433399630_cnob,DEL-PAT,EaseMyTrip,AI,AI-2809,2026-11-22,T+45,18822,4132,22954,2026-10-08T04:07:17.271Z,FALSE,"",20:30,FALSE
fare_DEL-PAT_AI_2026-11-22_T+45_1791433399630_4yp0,DEL-PAT,EaseMyTrip,AI,AI-2515,2026-11-22,T+45,19023,4176,23199,2026-10-08T04:07:17.271Z,FALSE,"",22:00,FALSE
fare_DEL-PAT_AI_2026-11-22_T+45_1791433399630_t7zs,DEL-PAT,EaseMyTrip,AI,AI-2412,2026-11-22,T+45,19023,4176,23199,2026-10-08T04:07:17.271Z,FALSE,"",21:30,FALSE
fare_DEL-PAT_AI_2026-11-22_T+45_1791433399630_amqj,DEL-PAT,EaseMyTrip,AI,AI-2512,2026-11-22,T+45,19023,4176,23199,2026-10-08T04:07:17.271Z,FALSE,"",19:25,FALSE
fare_DEL-PAT_AI_2026-11-22_T+45_1791433399630_unkj,DEL-PAT,EaseMyTrip,AI,AI-2513,2026-11-22,T+45,19023,4176,23199,2026-10-08T04:07:17.271Z,FALSE,"",13:00,FALSE
fare_DEL-PAT_AI_2026-11-22_T+45_1791433399630_t1vk,DEL-PAT,EaseMyTrip,AI,AI-427,2026-11-22,T+45,19067,4185,23252,2026-10-08T04:07:17.271Z,FALSE,"",08:35,FALSE
fare_DEL-PAT_AI_2026-11-22_T+45_1791433399630_k8wz,DEL-PAT,EaseMyTrip,AI,AI-2417,2026-11-22,T+45,19223,4220,23443,2026-10-08T04:07:17.271Z,FALSE,"",12:00,FALSE
fare_DEL-PAT_AI_2026-11-22_T+45_1791433399630_d6gs,DEL-PAT,EaseMyTrip,AI,AI-2415,2026-11-22,T+45,19368,4251,23619,2026-10-08T04:07:17.271Z,FALSE,"",09:30,FALSE
fare_DEL-PAT_AI_2026-11-22_T+45_1791433399630_l1nd,DEL-PAT,EaseMyTrip,AI,AI-2487,2026-11-22,T+45,20491,4498,24989,2026-10-08T04:07:17.271Z,FALSE,"",18:00,FALSE
fare_DEL-PAT_AI_2026-11-22_T+45_1791433399630_6t92,DEL-PAT,EaseMyTrip,AI,AI-2485,2026-11-22,T+45,20491,4498,24989,2026-10-08T04:07:17.271Z,FALSE,"",10:55,FALSE
fare_DEL-PAT_IX_2026-11-22_T+45_1791433399630_jgg6,DEL-PAT,EaseMyTrip,IX,IX-1261,2026-11-22,T+45,22827,5011,27838,2026-10-08T04:07:17.271Z,FALSE,"",07:30,FALSE
fare_DEL-PAT_IX_2026-11-22_T+45_1791433399630_179c,DEL-PAT,EaseMyTrip,IX,IX-1071,2026-11-22,T+45,23714,5206,28920,2026-10-08T04:07:17.271Z,FALSE,"",21:10,FALSE
fare_DEL-PAT_6E_2026-10-15_T+7_1791433399631_3igu,DEL-PAT,EaseMyTrip,6E,6E-6245,2026-10-15,T+7,5442,1194,6636,2026-10-08T04:06:59.638Z,FALSE,"",06:20,TRUE
fare_DEL-PAT_IX_2026-10-15_T+7_1791433399631_x2b0,DEL-PAT,EaseMyTrip,IX,IX-1346,2026-10-15,T+7,5698,1251,6949,2026-10-08T04:06:59.638Z,FALSE,"",06:10,TRUE
fare_DEL-PAT_6E_2026-10-15_T+7_1791433399631_4e6v,DEL-PAT,EaseMyTrip,6E,6E-6497,2026-10-15,T+7,5614,1232,6846,2026-10-08T04:06:59.638Z,FALSE,"",18:40,TRUE
fare_DEL-PAT_SG_2026-10-15_T+7_1791433399631_x2zk,DEL-PAT,EaseMyTrip,SG,SG-2473,2026-10-15,T+7,6176,1356,7532,2026-10-08T04:06:59.638Z,FALSE,"",19:00,TRUE
fare_DEL-PAT_6E_2026-10-15_T+7_1791433399631_eyp4,DEL-PAT,EaseMyTrip,6E,6E-2113,2026-10-15,T+7,6192,1359,7551,2026-10-08T04:06:59.638Z,FALSE,"",13:20,FALSE
fare_DEL-PAT_6E_2026-10-15_T+7_1791433399631_udas,DEL-PAT,EaseMyTrip,6E,6E-2147,2026-10-15,T+7,6192,1359,7551,2026-10-08T04:06:59.638Z,FALSE,"",11:10,FALSE
fare_DEL-PAT_6E_2026-10-15_T+7_1791433399631_dota,DEL-PAT,EaseMyTrip,6E,6E-2319,2026-10-15,T+7,6456,1417,7873,2026-10-08T04:06:59.638Z,FALSE,"",09:55,FALSE
fare_DEL-PAT_6E_2026-10-15_T+7_1791433399631_gxaa,DEL-PAT,EaseMyTrip,6E,6E-2482,2026-10-15,T+7,6561,1440,8001,2026-10-08T04:06:59.638Z,FALSE,"",19:55,TRUE
fare_DEL-PAT_IX_2026-10-15_T+7_1791433399631_ck0z,DEL-PAT,EaseMyTrip,IX,IX-1825,2026-10-15,T+7,6819,1497,8316,2026-10-08T04:06:59.638Z,FALSE,"",14:50,TRUE
fare_DEL-PAT_IX_2026-10-15_T+7_1791433399631_nyxs,DEL-PAT,EaseMyTrip,IX,IX-1510,2026-10-15,T+7,6819,1497,8316,2026-10-08T04:06:59.638Z,FALSE,"",11:15,TRUE
fare_DEL-PAT_IX_2026-10-15_T+7_1791433399631_qxi2,DEL-PAT,EaseMyTrip,IX,IX-1197,2026-10-15,T+7,6819,1497,8316,2026-10-08T04:06:59.638Z,FALSE,"",19:00,TRUE
fare_DEL-PAT_6E_2026-10-15_T+7_1791433399631_9we0,DEL-PAT,EaseMyTrip,6E,6E-2769,2026-10-15,T+7,6991,1535,8526,2026-10-08T04:06:59.638Z,FALSE,"",08:10,TRUE
fare_DEL-PAT_6E_2026-10-15_T+7_1791433399631_gy1e,DEL-PAT,EaseMyTrip,6E,6E-6370,2026-10-15,T+7,6996,1536,8532,2026-10-08T04:06:59.638Z,FALSE,"",06:40,FALSE
fare_DEL-PAT_AI_2026-10-15_T+7_1791433399631_28ho,DEL-PAT,EaseMyTrip,AI,AI-1749,2026-10-15,T+7,7751,1702,9453,2026-10-08T04:06:59.638Z,FALSE,"",08:40,TRUE
fare_DEL-PAT_6E_2026-10-15_T+7_1791433399631_kyud,DEL-PAT,EaseMyTrip,6E,6E-6236,2026-10-15,T+7,8197,1799,9996,2026-10-08T04:06:59.638Z,FALSE,"",16:20,TRUE
fare_DEL-PAT_6E_2026-10-15_T+7_1791433399631_25d7,DEL-PAT,EaseMyTrip,6E,6E-2453,2026-10-15,T+7,8972,1969,10941,2026-10-08T04:06:59.638Z,FALSE,"",13:35,TRUE
fare_DEL-PAT_AI_2026-10-15_T+7_1791433399631_9u9g,DEL-PAT,EaseMyTrip,AI,AI-2645,2026-10-15,T+7,9844,2161,12005,2026-10-08T04:06:59.638Z,FALSE,"",13:05,TRUE
fare_DEL-PAT_AI_2026-10-15_T+7_1791433399631_pt8o,DEL-PAT,EaseMyTrip,AI,AI-2549,2026-10-15,T+7,9844,2161,12005,2026-10-08T04:06:59.638Z,FALSE,"",16:45,TRUE
fare_DEL-PAT_6E_2026-10-15_T+7_1791433399631_oxor,DEL-PAT,EaseMyTrip,6E,6E-2373,2026-10-15,T+7,11382,2499,13881,2026-10-08T04:06:59.638Z,FALSE,"",11:25,TRUE
fare_DEL-PAT_AI_2026-10-15_T+7_1791433399631_7spi,DEL-PAT,EaseMyTrip,AI,AI-2715,2026-10-15,T+7,14867,3264,18131,2026-10-08T04:06:59.638Z,FALSE,"",11:40,FALSE
fare_DEL-PAT_AI_2026-10-15_T+7_1791433399631_89tv,DEL-PAT,EaseMyTrip,AI,AI-423,2026-10-15,T+7,14867,3264,18131,2026-10-08T04:06:59.638Z,FALSE,"",09:50,FALSE
fare_DEL-PAT_AI_2026-10-15_T+7_1791433399631_pz7h,DEL-PAT,EaseMyTrip,AI,AI-2959,2026-10-15,T+7,14867,3264,18131,2026-10-08T04:06:59.638Z,FALSE,"",07:10,FALSE
fare_DEL-PAT_AI_2026-10-15_T+7_1791433399631_sqah,DEL-PAT,EaseMyTrip,AI,AI-817,2026-10-15,T+7,14904,3271,18175,2026-10-08T04:06:59.638Z,FALSE,"",05:55,FALSE
fare_DEL-PAT_IX_2026-10-15_T+7_1791433399631_9ljc,DEL-PAT,EaseMyTrip,IX,IX-1070,2026-10-15,T+7,17341,3806,21147,2026-10-08T04:06:59.638Z,FALSE,"",22:00,FALSE
fare_DEL-PAT_IX_2026-10-15_T+7_1791433399631_9bs8,DEL-PAT,EaseMyTrip,IX,IX-5975,2026-10-15,T+7,17341,3806,21147,2026-10-08T04:06:59.638Z,FALSE,"",21:00,FALSE
fare_DEL-PAT_AI_2026-10-15_T+7_1791433399631_peja,DEL-PAT,EaseMyTrip,AI,AI-2803,2026-10-15,T+7,18851,4138,22989,2026-10-08T04:06:59.638Z,FALSE,"",06:30,FALSE
fare_DEL-PAT_AI_2026-10-15_T+7_1791433399631_cisp,DEL-PAT,EaseMyTrip,AI,AI-2653,2026-10-15,T+7,18851,4138,22989,2026-10-08T04:06:59.638Z,FALSE,"",04:30,FALSE
fare_DEL-PAT_AI_2026-10-15_T+7_1791433399631_9clt,DEL-PAT,EaseMyTrip,AI,AI-2757,2026-10-15,T+7,18851,4138,22989,2026-10-08T04:06:59.638Z,FALSE,"",00:15,FALSE
fare_DEL-PAT_AI_2026-10-15_T+7_1791433399631_cex0,DEL-PAT,EaseMyTrip,AI,AI-2809,2026-10-15,T+7,18851,4138,22989,2026-10-08T04:06:59.638Z,FALSE,"",19:30,FALSE
fare_DEL-PAT_AI_2026-10-15_T+7_1791433399631_v7vc,DEL-PAT,EaseMyTrip,AI,AI-2512,2026-10-15,T+7,18851,4138,22989,2026-10-08T04:06:59.638Z,FALSE,"",19:00,FALSE
fare_DEL-PAT_AI_2026-10-15_T+7_1791433399631_26vg,DEL-PAT,EaseMyTrip,AI,AI-2487,2026-10-15,T+7,18851,4138,22989,2026-10-08T04:06:59.638Z,FALSE,"",18:30,FALSE
fare_DEL-PAT_AI_2026-10-15_T+7_1791433399631_lgn5,DEL-PAT,EaseMyTrip,AI,AI-1745,2026-10-15,T+7,21982,4825,26807,2026-10-08T04:06:59.638Z,FALSE,"",05:00,FALSE
fare_DEL-PAT_AI_2026-10-15_T+7_1791433399631_a5t1,DEL-PAT,EaseMyTrip,AI,AI-2943,2026-10-15,T+7,22129,4858,26987,2026-10-08T04:06:59.638Z,FALSE,"",07:30,FALSE
fare_DEL-PAT_AI_2026-10-15_T+7_1791433399631_rs0z,DEL-PAT,EaseMyTrip,AI,AI-2429,2026-10-15,T+7,22228,4879,27107,2026-10-08T04:06:59.638Z,FALSE,"",07:00,FALSE
fare_DEL-PAT_AI_2026-10-15_T+7_1791433399631_dgz3,DEL-PAT,EaseMyTrip,AI,AI-2975,2026-10-15,T+7,22455,4929,27384,2026-10-08T04:06:59.638Z,FALSE,"",06:30,FALSE
fare_DEL-PAT_AI_2026-10-15_T+7_1791433399631_5y0u,DEL-PAT,EaseMyTrip,AI,AI-809,2026-10-15,T+7,32766,7192,39958,2026-10-08T04:06:59.638Z,FALSE,"",17:40,FALSE
fare_DEL-PAT_AI_2026-10-15_T+7_1791433399631_6fu0,DEL-PAT,EaseMyTrip,AI,AI-2939,2026-10-15,T+7,32766,7192,39958,2026-10-08T04:06:59.638Z,FALSE,"",16:40,FALSE
fare_DEL-PAT_AI_2026-10-15_T+7_1791433399631_u93n,DEL-PAT,EaseMyTrip,AI,AI-881,2026-10-15,T+7,32766,7192,39958,2026-10-08T04:06:59.638Z,FALSE,"",13:35,FALSE
fare_MAA-DEL_6E_2026-10-09_T+1_1791433399631_evfw,MAA-DEL,EaseMyTrip,6E,6E-585,2026-10-09,T+1,8624,1893,10517,2026-10-08T04:05:25.636Z,FALSE,"",02:45,TRUE
fare_MAA-DEL_6E_2026-10-09_T+1_1791433399631_nz82,MAA-DEL,EaseMyTrip,6E,6E-207,2026-10-09,T+1,8624,1893,10517,2026-10-08T04:05:25.636Z,FALSE,"",02:45,TRUE
fare_MAA-DEL_6E_2026-10-09_T+1_1791433399631_w160,MAA-DEL,EaseMyTrip,6E,6E-371,2026-10-09,T+1,9714,2132,11846,2026-10-08T04:05:25.636Z,FALSE,"",08:10,FALSE
fare_MAA-DEL_6E_2026-10-09_T+1_1791433399631_fpfe,MAA-DEL,EaseMyTrip,6E,6E-174,2026-10-09,T+1,9714,2132,11846,2026-10-08T04:05:25.636Z,FALSE,"",08:10,FALSE
fare_MAA-DEL_AI_2026-10-09_T+1_1791433399631_wcpz,MAA-DEL,EaseMyTrip,AI,AI-2886,2026-10-09,T+1,10236,2247,12483,2026-10-08T04:05:25.636Z,FALSE,"",08:05,TRUE
fare_MAA-DEL_IX_2026-10-09_T+1_1791433399631_pcrg,MAA-DEL,EaseMyTrip,IX,IX-1385,2026-10-09,T+1,10368,2276,12644,2026-10-08T04:05:25.636Z,FALSE,"",08:55,FALSE
fare_MAA-DEL_6E_2026-10-09_T+1_1791433399631_2oxg,MAA-DEL,EaseMyTrip,6E,6E-6002,2026-10-09,T+1,10281,2257,12538,2026-10-08T04:05:25.636Z,FALSE,"",11:10,TRUE
fare_MAA-DEL_6E_2026-10-09_T+1_1791433399631_n1hy,MAA-DEL,EaseMyTrip,6E,6E-199,2026-10-09,T+1,10281,2257,12538,2026-10-08T04:05:25.636Z,FALSE,"",09:15,TRUE
fare_MAA-DEL_6E_2026-10-09_T+1_1791433399631_2u5m,MAA-DEL,EaseMyTrip,6E,6E-630,2026-10-09,T+1,10281,2257,12538,2026-10-08T04:05:25.636Z,FALSE,"",09:15,TRUE
fare_MAA-DEL_6E_2026-10-09_T+1_1791433399631_rqkg,MAA-DEL,EaseMyTrip,6E,6E-6348,2026-10-09,T+1,10681,2345,13026,2026-10-08T04:05:25.636Z,FALSE,"",09:00,FALSE
fare_MAA-DEL_6E_2026-10-09_T+1_1791433399631_0i0c,MAA-DEL,EaseMyTrip,6E,6E-6113,2026-10-09,T+1,10681,2345,13026,2026-10-08T04:05:25.636Z,FALSE,"",17:00,FALSE
fare_MAA-DEL_6E_2026-10-09_T+1_1791433399631_om6d,MAA-DEL,EaseMyTrip,6E,6E-6140,2026-10-09,T+1,10681,2345,13026,2026-10-08T04:05:25.636Z,FALSE,"",02:30,FALSE
fare_MAA-DEL_6E_2026-10-09_T+1_1791433399631_phrm,MAA-DEL,EaseMyTrip,6E,6E-5093,2026-10-09,T+1,10681,2345,13026,2026-10-08T04:05:25.636Z,FALSE,"",05:00,FALSE
fare_MAA-DEL_6E_2026-10-09_T+1_1791433399631_hwhv,MAA-DEL,EaseMyTrip,6E,6E-5214,2026-10-09,T+1,10681,2345,13026,2026-10-08T04:05:25.636Z,FALSE,"",11:00,FALSE
fare_MAA-DEL_6E_2026-10-09_T+1_1791433399631_dft3,MAA-DEL,EaseMyTrip,6E,6E-561,2026-10-09,T+1,10767,2364,13131,2026-10-08T04:05:25.636Z,FALSE,"",17:45,FALSE
fare_MAA-DEL_6E_2026-10-09_T+1_1791433399631_7ku4,MAA-DEL,EaseMyTrip,6E,6E-506,2026-10-09,T+1,10767,2364,13131,2026-10-08T04:05:25.636Z,FALSE,"",17:45,FALSE
fare_MAA-DEL_6E_2026-10-09_T+1_1791433399631_sgru,MAA-DEL,EaseMyTrip,6E,6E-6797,2026-10-09,T+1,10876,2387,13263,2026-10-08T04:05:25.636Z,FALSE,"",13:10,FALSE
fare_MAA-DEL_6E_2026-10-09_T+1_1791433399631_n8vz,MAA-DEL,EaseMyTrip,6E,6E-922,2026-10-09,T+1,11134,2444,13578,2026-10-08T04:05:25.636Z,FALSE,"",03:55,FALSE
fare_MAA-DEL_6E_2026-10-09_T+1_1791433399631_s0vd,MAA-DEL,EaseMyTrip,6E,6E-135,2026-10-09,T+1,11134,2444,13578,2026-10-08T04:05:25.636Z,FALSE,"",03:55,FALSE
fare_MAA-DEL_6E_2026-10-09_T+1_1791433399631_fzyb,MAA-DEL,EaseMyTrip,6E,6E-632,2026-10-09,T+1,11134,2444,13578,2026-10-08T04:05:25.636Z,FALSE,"",05:40,FALSE
fare_MAA-DEL_6E_2026-10-09_T+1_1791433399631_e60n,MAA-DEL,EaseMyTrip,6E,6E-616,2026-10-09,T+1,11134,2444,13578,2026-10-08T04:05:25.636Z,FALSE,"",05:40,FALSE
fare_MAA-DEL_6E_2026-10-09_T+1_1791433399631_vazh,MAA-DEL,EaseMyTrip,6E,6E-155,2026-10-09,T+1,11134,2444,13578,2026-10-08T04:05:25.636Z,FALSE,"",11:55,FALSE
fare_MAA-DEL_6E_2026-10-09_T+1_1791433399631_ozq2,MAA-DEL,EaseMyTrip,6E,6E-241,2026-10-09,T+1,11134,2444,13578,2026-10-08T04:05:25.636Z,FALSE,"",11:55,FALSE
fare_MAA-DEL_6E_2026-10-09_T+1_1791433399631_vgvz,MAA-DEL,EaseMyTrip,6E,6E-733,2026-10-09,T+1,11134,2444,13578,2026-10-08T04:05:25.636Z,FALSE,"",03:10,FALSE
fare_MAA-DEL_6E_2026-10-09_T+1_1791433399631_rlkl,MAA-DEL,EaseMyTrip,6E,6E-537,2026-10-09,T+1,11134,2444,13578,2026-10-08T04:05:25.636Z,FALSE,"",03:10,FALSE
fare_MAA-DEL_6E_2026-10-09_T+1_1791433399631_krin,MAA-DEL,EaseMyTrip,6E,6E-6812,2026-10-09,T+1,11155,2449,13604,2026-10-08T04:05:25.636Z,FALSE,"",20:00,FALSE
fare_MAA-DEL_AI_2026-10-09_T+1_1791433399631_bc5f,MAA-DEL,EaseMyTrip,AI,AI-2836,2026-10-09,T+1,11390,2500,13890,2026-10-08T04:05:25.636Z,FALSE,"",11:00,TRUE
fare_MAA-DEL_6E_2026-10-09_T+1_1791433399631_g6w9,MAA-DEL,EaseMyTrip,6E,6E-404,2026-10-09,T+1,11253,2470,13723,2026-10-08T04:05:25.636Z,FALSE,"",06:30,TRUE
fare_MAA-DEL_6E_2026-10-09_T+1_1791433399631_xbjq,MAA-DEL,EaseMyTrip,6E,6E-154,2026-10-09,T+1,11253,2470,13723,2026-10-08T04:05:25.636Z,FALSE,"",06:30,TRUE
fare_MAA-DEL_6E_2026-10-09_T+1_1791433399631_luz2,MAA-DEL,EaseMyTrip,6E,6E-469,2026-10-09,T+1,11906,2614,14520,2026-10-08T04:05:25.636Z,FALSE,"",07:10,FALSE
fare_MAA-DEL_6E_2026-10-09_T+1_1791433399631_bkdf,MAA-DEL,EaseMyTrip,6E,6E-301,2026-10-09,T+1,11906,2614,14520,2026-10-08T04:05:25.636Z,FALSE,"",07:10,FALSE
fare_MAA-DEL_6E_2026-10-09_T+1_1791433399631_vi48,MAA-DEL,EaseMyTrip,6E,6E-636,2026-10-09,T+1,11906,2614,14520,2026-10-08T04:05:25.636Z,FALSE,"",08:10,FALSE
fare_MAA-DEL_6E_2026-10-09_T+1_1791433399631_bfg4,MAA-DEL,EaseMyTrip,6E,6E-665,2026-10-09,T+1,11906,2614,14520,2026-10-08T04:05:25.636Z,FALSE,"",08:10,FALSE
fare_MAA-DEL_6E_2026-10-09_T+1_1791433399631_jt3y,MAA-DEL,EaseMyTrip,6E,6E-6079,2026-10-09,T+1,11906,2614,14520,2026-10-08T04:05:25.636Z,FALSE,"",10:15,FALSE
fare_MAA-DEL_6E_2026-10-09_T+1_1791433399631_lifp,MAA-DEL,EaseMyTrip,6E,6E-352,2026-10-09,T+1,12122,2661,14783,2026-10-08T04:05:25.636Z,FALSE,"",17:40,FALSE
fare_MAA-DEL_AI_2026-10-09_T+1_1791433399631_yunf,MAA-DEL,EaseMyTrip,AI,AI-2832,2026-10-09,T+1,12456,2734,15190,2026-10-08T04:05:25.636Z,FALSE,"",06:55,TRUE
fare_MAA-DEL_6E_2026-10-09_T+1_1791433399631_04o0,MAA-DEL,EaseMyTrip,6E,6E-647,2026-10-09,T+1,12334,2708,15042,2026-10-08T04:05:25.636Z,FALSE,"",13:00,TRUE
fare_MAA-DEL_6E_2026-10-09_T+1_1791433399631_j9sy,MAA-DEL,EaseMyTrip,6E,6E-496,2026-10-09,T+1,12334,2708,15042,2026-10-08T04:05:25.636Z,FALSE,"",13:00,TRUE
fare_MAA-DEL_6E_2026-10-09_T+1_1791433399631_qtgv,MAA-DEL,EaseMyTrip,6E,6E-624,2026-10-09,T+1,12551,2755,15306,2026-10-08T04:05:25.636Z,FALSE,"",12:30,FALSE
fare_MAA-DEL_6E_2026-10-09_T+1_1791433399631_5dar,MAA-DEL,EaseMyTrip,6E,6E-375,2026-10-09,T+1,12551,2755,15306,2026-10-08T04:05:25.636Z,FALSE,"",12:30,FALSE
fare_MAA-DEL_6E_2026-10-09_T+1_1791433399631_v8ya,MAA-DEL,EaseMyTrip,6E,6E-350,2026-10-09,T+1,12744,2798,15542,2026-10-08T04:05:25.636Z,FALSE,"",09:05,FALSE
fare_MAA-DEL_6E_2026-10-09_T+1_1791433399631_ciu2,MAA-DEL,EaseMyTrip,6E,6E-619,2026-10-09,T+1,12744,2798,15542,2026-10-08T04:05:25.636Z,FALSE,"",09:05,FALSE
fare_MAA-DEL_6E_2026-10-09_T+1_1791433399631_vnkh,MAA-DEL,EaseMyTrip,6E,6E-327,2026-10-09,T+1,13655,2997,16652,2026-10-08T04:05:25.636Z,FALSE,"",09:05,FALSE
fare_MAA-DEL_6E_2026-10-09_T+1_1791433399631_i12m,MAA-DEL,EaseMyTrip,6E,6E-176,2026-10-09,T+1,13655,2997,16652,2026-10-08T04:05:25.636Z,FALSE,"",09:05,FALSE
fare_MAA-DEL_6E_2026-10-09_T+1_1791433399631_mcwc,MAA-DEL,EaseMyTrip,6E,6E-530,2026-10-09,T+1,13655,2997,16652,2026-10-08T04:05:25.636Z,FALSE,"",09:55,FALSE
fare_MAA-DEL_6E_2026-10-09_T+1_1791433399631_kwf5,MAA-DEL,EaseMyTrip,6E,6E-974,2026-10-09,T+1,13655,2997,16652,2026-10-08T04:05:25.636Z,FALSE,"",09:55,FALSE
fare_MAA-DEL_IX_2026-10-09_T+1_1791433399631_ksav,MAA-DEL,EaseMyTrip,IX,IX-2786,2026-10-09,T+1,13947,3062,17009,2026-10-08T04:05:25.636Z,FALSE,"",07:25,FALSE
fare_MAA-DEL_6E_2026-10-09_T+1_1791433399631_p463,MAA-DEL,EaseMyTrip,6E,6E-685,2026-10-09,T+1,13913,3054,16967,2026-10-08T04:05:25.636Z,FALSE,"",08:20,FALSE
fare_MAA-DEL_6E_2026-10-09_T+1_1791433399631_csqd,MAA-DEL,EaseMyTrip,6E,6E-139,2026-10-09,T+1,13913,3054,16967,2026-10-08T04:05:25.636Z,FALSE,"",08:20,FALSE
fare_MAA-DEL_6E_2026-10-09_T+1_1791433399631_4ouh,MAA-DEL,EaseMyTrip,6E,6E-5258,2026-10-09,T+1,13913,3054,16967,2026-10-08T04:05:25.636Z,FALSE,"",12:45,FALSE
fare_MAA-DEL_AI_2026-10-09_T+1_1791433399631_dcl8,MAA-DEL,EaseMyTrip,AI,AI-2828,2026-10-09,T+1,14178,3112,17290,2026-10-08T04:05:25.636Z,FALSE,"",05:55,FALSE
fare_MAA-DEL_6E_2026-10-09_T+1_1791433399631_ezid,MAA-DEL,EaseMyTrip,6E,6E-6815,2026-10-09,T+1,14662,3219,17881,2026-10-08T04:05:25.636Z,FALSE,"",08:55,FALSE
fare_MAA-DEL_AI_2026-10-09_T+1_1791433399631_defx,MAA-DEL,EaseMyTrip,AI,AI-2779,2026-10-09,T+1,14976,3288,18264,2026-10-08T04:05:25.636Z,FALSE,"",07:00,FALSE
fare_MAA-DEL_AI_2026-10-09_T+1_1791433399631_533h,MAA-DEL,EaseMyTrip,AI,AI-2822,2026-10-09,T+1,15728,3452,19180,2026-10-08T04:05:25.636Z,FALSE,"",09:35,FALSE
fare_MAA-DEL_6E_2026-10-09_T+1_1791433399631_zk81,MAA-DEL,EaseMyTrip,6E,6E-2369,2026-10-09,T+1,15609,3426,19035,2026-10-08T04:05:25.636Z,FALSE,"",23:45,TRUE
fare_MAA-DEL_6E_2026-10-09_T+1_1791433399631_tm05,MAA-DEL,EaseMyTrip,6E,6E-390,2026-10-09,T+1,15609,3426,19035,2026-10-08T04:05:25.636Z,FALSE,"",14:30,TRUE
fare_MAA-DEL_6E_2026-10-09_T+1_1791433399631_8t3p,MAA-DEL,EaseMyTrip,6E,6E-167,2026-10-09,T+1,15609,3426,19035,2026-10-08T04:05:25.636Z,FALSE,"",14:30,TRUE
fare_MAA-DEL_6E_2026-10-09_T+1_1791433399631_nlji,MAA-DEL,EaseMyTrip,6E,6E-6487,2026-10-09,T+1,15713,3449,19162,2026-10-08T04:05:25.636Z,FALSE,"",21:25,FALSE
fare_MAA-DEL_6E_2026-10-09_T+1_1791433399631_zn5p,MAA-DEL,EaseMyTrip,6E,6E-551,2026-10-09,T+1,15713,3449,19162,2026-10-08T04:05:25.636Z,FALSE,"",11:25,FALSE
fare_MAA-DEL_6E_2026-10-09_T+1_1791433399631_qbsv,MAA-DEL,EaseMyTrip,6E,6E-692,2026-10-09,T+1,15713,3449,19162,2026-10-08T04:05:25.636Z,FALSE,"",11:25,FALSE
fare_MAA-DEL_6E_2026-10-09_T+1_1791433399631_q20t,MAA-DEL,EaseMyTrip,6E,6E-6081,2026-10-09,T+1,15734,3454,19188,2026-10-08T04:05:25.636Z,FALSE,"",07:05,FALSE
fare_MAA-DEL_QP_2026-10-09_T+1_1791433399631_q9ip,MAA-DEL,EaseMyTrip,QP,QP-1146,2026-10-09,T+1,16325,3583,19908,2026-10-08T04:05:25.636Z,FALSE,"",13:35,FALSE
fare_MAA-DEL_6E_2026-10-09_T+1_1791433399631_25md,MAA-DEL,EaseMyTrip,6E,6E-6925,2026-10-09,T+1,17011,3734,20745,2026-10-08T04:05:25.636Z,FALSE,"",12:00,FALSE
fare_MAA-DEL_6E_2026-10-09_T+1_1791433399631_fo0g,MAA-DEL,EaseMyTrip,6E,6E-427,2026-10-09,T+1,17186,3772,20958,2026-10-08T04:05:25.636Z,FALSE,"",21:50,TRUE
fare_MAA-DEL_6E_2026-10-09_T+1_1791433399631_cb6b,MAA-DEL,EaseMyTrip,6E,6E-444,2026-10-09,T+1,17186,3772,20958,2026-10-08T04:05:25.636Z,FALSE,"",21:50,TRUE
fare_MAA-DEL_6E_2026-10-09_T+1_1791433399631_p3oo,MAA-DEL,EaseMyTrip,6E,6E-164,2026-10-09,T+1,18039,3960,21999,2026-10-08T04:05:25.636Z,FALSE,"",16:45,TRUE
fare_MAA-DEL_6E_2026-10-09_T+1_1791433399631_lwqb,MAA-DEL,EaseMyTrip,6E,6E-851,2026-10-09,T+1,18039,3960,21999,2026-10-08T04:05:25.636Z,FALSE,"",16:45,TRUE
fare_MAA-DEL_AI_2026-10-09_T+1_1791433399631_li5u,MAA-DEL,EaseMyTrip,AI,AI-2838,2026-10-09,T+1,20147,4423,24570,2026-10-08T04:05:25.636Z,FALSE,"",21:40,TRUE
fare_MAA-DEL_IX_2026-10-09_T+1_1791433399631_kjmw,MAA-DEL,EaseMyTrip,IX,IX-1354,2026-10-09,T+1,20518,4504,25022,2026-10-08T04:05:25.636Z,FALSE,"",14:40,FALSE
fare_MAA-DEL_AI_2026-10-09_T+1_1791433399631_3ivn,MAA-DEL,EaseMyTrip,AI,AI-2484,2026-10-09,T+1,20511,4502,25013,2026-10-08T04:05:25.636Z,FALSE,"",16:20,TRUE
fare_MAA-DEL_IX_2026-10-09_T+1_1791433399631_eh99,MAA-DEL,EaseMyTrip,IX,IX-2661,2026-10-09,T+1,21711,4766,26477,2026-10-08T04:05:25.636Z,FALSE,"",22:05,FALSE
fare_MAA-DEL_6E_2026-10-09_T+1_1791433399631_8nci,MAA-DEL,EaseMyTrip,6E,6E-586,2026-10-09,T+1,21779,4781,26560,2026-10-08T04:05:25.636Z,FALSE,"",11:10,FALSE
fare_MAA-DEL_6E_2026-10-09_T+1_1791433399631_w8vs,MAA-DEL,EaseMyTrip,6E,6E-688,2026-10-09,T+1,21779,4781,26560,2026-10-08T04:05:25.636Z,FALSE,"",11:10,FALSE
fare_MAA-DEL_6E_2026-10-09_T+1_1791433399631_4why,MAA-DEL,EaseMyTrip,6E,6E-208,2026-10-09,T+1,22700,4983,27683,2026-10-08T04:05:25.636Z,FALSE,"",22:35,FALSE
fare_MAA-DEL_6E_2026-10-09_T+1_1791433399631_7jxr,MAA-DEL,EaseMyTrip,6E,6E-698,2026-10-09,T+1,22700,4983,27683,2026-10-08T04:05:25.636Z,FALSE,"",22:35,FALSE
fare_MAA-DEL_6E_2026-10-09_T+1_1791433399631_w10e,MAA-DEL,EaseMyTrip,6E,6E-577,2026-10-09,T+1,22851,5016,27867,2026-10-08T04:05:25.636Z,FALSE,"",22:20,FALSE
fare_MAA-DEL_6E_2026-10-09_T+1_1791433399631_cw76,MAA-DEL,EaseMyTrip,6E,6E-575,2026-10-09,T+1,22851,5016,27867,2026-10-08T04:05:25.636Z,FALSE,"",22:20,FALSE
fare_MAA-DEL_IX_2026-10-09_T+1_1791433399631_turc,MAA-DEL,EaseMyTrip,IX,IX-2975,2026-10-09,T+1,23309,5117,28426,2026-10-08T04:05:25.636Z,FALSE,"",06:30,FALSE
fare_MAA-DEL_6E_2026-10-09_T+1_1791433399631_wb87,MAA-DEL,EaseMyTrip,6E,6E-6892,2026-10-09,T+1,23410,5139,28549,2026-10-08T04:05:25.636Z,FALSE,"",10:55,FALSE
fare_MAA-DEL_6E_2026-10-09_T+1_1791433399631_oqe0,MAA-DEL,EaseMyTrip,6E,6E-253,2026-10-09,T+1,23458,5149,28607,2026-10-08T04:05:25.636Z,FALSE,"",22:35,FALSE
fare_MAA-DEL_6E_2026-10-09_T+1_1791433399631_wdvz,MAA-DEL,EaseMyTrip,6E,6E-510,2026-10-09,T+1,23458,5149,28607,2026-10-08T04:05:25.636Z,FALSE,"",22:35,FALSE
fare_MAA-DEL_IX_2026-10-09_T+1_1791433399631_4g0f,MAA-DEL,EaseMyTrip,IX,IX-1256,2026-10-09,T+1,23704,5203,28907,2026-10-08T04:05:25.636Z,FALSE,"",09:40,FALSE
fare_MAA-DEL_AI_2026-10-09_T+1_1791433399631_0jhu,MAA-DEL,EaseMyTrip,AI,AI-9775,2026-10-09,T+1,24258,5325,29583,2026-10-08T04:05:25.636Z,FALSE,"",13:45,FALSE
fare_MAA-DEL_AI_2026-10-09_T+1_1791433399631_al0l,MAA-DEL,EaseMyTrip,AI,AI-9763,2026-10-09,T+1,24604,5401,30005,2026-10-08T04:05:25.636Z,FALSE,"",08:55,FALSE
fare_MAA-DEL_6E_2026-10-09_T+1_1791433399631_csth,MAA-DEL,EaseMyTrip,6E,6E-6209,2026-10-09,T+1,24854,5456,30310,2026-10-08T04:05:25.636Z,FALSE,"",14:35,FALSE
fare_MAA-DEL_AI_2026-10-09_T+1_1791433399631_pexw,MAA-DEL,EaseMyTrip,AI,AI-9783,2026-10-09,T+1,26595,5838,32433,2026-10-08T04:05:25.636Z,FALSE,"",19:40,FALSE
fare_MAA-DEL_AI_2026-10-09_T+1_1791433399631_81u5,MAA-DEL,EaseMyTrip,AI,AI-9785,2026-10-09,T+1,26693,5860,32553,2026-10-08T04:05:25.636Z,FALSE,"",09:40,FALSE
fare_MAA-DEL_6E_2026-10-09_T+1_1791433399631_7z7d,MAA-DEL,EaseMyTrip,6E,6E-431,2026-10-09,T+1,26928,5911,32839,2026-10-08T04:05:25.636Z,FALSE,"",20:00,FALSE
fare_MAA-DEL_6E_2026-10-09_T+1_1791433399631_dz4v,MAA-DEL,EaseMyTrip,6E,6E-187,2026-10-09,T+1,26928,5911,32839,2026-10-08T04:05:25.636Z,FALSE,"",20:00,FALSE
fare_MAA-DEL_6E_2026-10-09_T+1_1791433399631_kpn8,MAA-DEL,EaseMyTrip,6E,6E-6158,2026-10-09,T+1,27656,6071,33727,2026-10-08T04:05:25.636Z,FALSE,"",16:10,FALSE
fare_MAA-DEL_IX_2026-10-09_T+1_1791433399631_xt72,MAA-DEL,EaseMyTrip,IX,IX-2507,2026-10-09,T+1,28409,6236,34645,2026-10-08T04:05:25.636Z,FALSE,"",16:30,FALSE
fare_MAA-DEL_6E_2026-10-09_T+1_1791433399631_vdud,MAA-DEL,EaseMyTrip,6E,6E-274,2026-10-09,T+1,30091,6605,36696,2026-10-08T04:05:25.636Z,FALSE,"",17:50,FALSE
fare_MAA-DEL_IX_2026-10-09_T+1_1791433399631_pmb2,MAA-DEL,EaseMyTrip,IX,IX-2662,2026-10-09,T+1,30431,6680,37111,2026-10-08T04:05:25.636Z,FALSE,"",21:25,FALSE
fare_MAA-DEL_6E_2026-10-09_T+1_1791433399631_n6rg,MAA-DEL,EaseMyTrip,6E,6E-5371,2026-10-09,T+1,30365,6666,37031,2026-10-08T04:05:25.636Z,FALSE,"",14:45,FALSE
fare_MAA-DEL_6E_2026-10-09_T+1_1791433399631_whxh,MAA-DEL,EaseMyTrip,6E,6E-222,2026-10-09,T+1,31404,6893,38297,2026-10-08T04:05:25.636Z,FALSE,"",22:00,FALSE
fare_MAA-DEL_6E_2026-10-09_T+1_1791433399631_azyx,MAA-DEL,EaseMyTrip,6E,6E-995,2026-10-09,T+1,31404,6893,38297,2026-10-08T04:05:25.636Z,FALSE,"",22:00,FALSE
fare_MAA-DEL_6E_2026-10-09_T+1_1791433399631_4igr,MAA-DEL,EaseMyTrip,6E,6E-596,2026-10-09,T+1,31404,6893,38297,2026-10-08T04:05:25.636Z,FALSE,"",16:15,FALSE
fare_MAA-DEL_6E_2026-10-09_T+1_1791433399631_5qyv,MAA-DEL,EaseMyTrip,6E,6E-307,2026-10-09,T+1,31404,6893,38297,2026-10-08T04:05:25.636Z,FALSE,"",16:15,FALSE
fare_MAA-DEL_6E_2026-10-09_T+1_1791433399631_6cgh,MAA-DEL,EaseMyTrip,6E,6E-5367,2026-10-09,T+1,35528,7799,43327,2026-10-08T04:05:25.636Z,FALSE,"",18:15,FALSE
fare_MAA-DEL_AI_2026-10-09_T+1_1791433399631_tjqz,MAA-DEL,EaseMyTrip,AI,AI-640,2026-10-09,T+1,40604,8913,49517,2026-10-08T04:05:25.636Z,TRUE,"High outlier: ₹49517 > upper fence ₹49262 (Q3: ₹27867, IQR: ₹14263)",17:00,FALSE
fare_MAA-DEL_AI_2026-10-09_T+1_1791433399631_kuwf,MAA-DEL,EaseMyTrip,AI,AI-436,2026-10-09,T+1,40604,8913,49517,2026-10-08T04:05:25.636Z,TRUE,"High outlier: ₹49517 > upper fence ₹49262 (Q3: ₹27867, IQR: ₹14263)",21:05,FALSE