id,route_id,source,carrier,flight_number,flight_date,booking_window,base_fare,taxes,total_fare,scraped_at,is_outlier,outlier_reason,departure_time,is_nonstop
fare_BOM-DEL_IX_2026-09-18_T+15_1788701812227_wstb,BOM-DEL,EaseMyTrip,IX,IX-1787,2026-09-18,T+15,5595,1228,6823,2026-09-03T02:32:33.222Z,FALSE,"",13:10,FALSE
fare_BOM-DEL_IX_2026-09-18_T+15_1788701812227_hu4p,BOM-DEL,EaseMyTrip,IX,IX-1809,2026-09-18,T+15,5380,1181,6561,2026-09-03T02:32:33.222Z,FALSE,"",07:30,FALSE
fare_BOM-DEL_6E_2026-09-18_T+15_1788701812227_2nf1,BOM-DEL,EaseMyTrip,6E,6E-5095,2026-09-18,T+15,5014,1101,6115,2026-09-03T02:32:33.222Z,FALSE,"",09:20,TRUE
fare_BOM-DEL_IX_2026-09-18_T+15_1788701812227_tshq,BOM-DEL,EaseMyTrip,IX,IX-1050,2026-09-18,T+15,5380,1181,6561,2026-09-03T02:32:33.222Z,FALSE,"",08:55,TRUE
fare_BOM-DEL_IX_2026-09-18_T+15_1788701812227_46p7,BOM-DEL,EaseMyTrip,IX,IX-1364,2026-09-18,T+15,5380,1181,6561,2026-09-03T02:32:33.222Z,FALSE,"",21:55,TRUE
fare_BOM-DEL_IX_2026-09-18_T+15_1788701812227_vnai,BOM-DEL,EaseMyTrip,IX,IX-1026,2026-09-18,T+15,5930,1302,7232,2026-09-03T02:32:33.222Z,FALSE,"",05:45,FALSE
fare_BOM-DEL_IX_2026-09-18_T+15_1788701812227_ak6q,BOM-DEL,EaseMyTrip,IX,IX-2153,2026-09-18,T+15,5552,1219,6771,2026-09-03T02:32:33.222Z,FALSE,"",20:25,TRUE
fare_BOM-DEL_QP_2026-09-18_T+15_1788701812227_nj4u,BOM-DEL,EaseMyTrip,QP,QP-2071,2026-09-18,T+15,5330,1170,6500,2026-09-03T02:32:33.222Z,FALSE,"",06:05,TRUE
fare_BOM-DEL_IX_2026-09-18_T+15_1788701812227_tx3l,BOM-DEL,EaseMyTrip,IX,IX-1671,2026-09-18,T+15,5626,1235,6861,2026-09-03T02:32:33.222Z,FALSE,"",16:45,TRUE
fare_BOM-DEL_6E_2026-09-18_T+15_1788701812227_zxkd,BOM-DEL,EaseMyTrip,6E,6E-2090,2026-09-18,T+15,5380,1181,6561,2026-09-03T02:32:33.222Z,FALSE,"",06:25,TRUE
fare_BOM-DEL_QP_2026-09-18_T+15_1788701812227_rkqm,BOM-DEL,EaseMyTrip,QP,QP-1111,2026-09-18,T+15,5381,1181,6562,2026-09-03T02:32:33.222Z,FALSE,"",05:25,TRUE
fare_BOM-DEL_QP_2026-09-18_T+15_1788701812227_qnxg,BOM-DEL,EaseMyTrip,QP,QP-1819,2026-09-18,T+15,5381,1181,6562,2026-09-03T02:32:33.222Z,FALSE,"",14:30,TRUE
fare_BOM-DEL_QP_2026-09-18_T+15_1788701812227_84xg,BOM-DEL,EaseMyTrip,QP,QP-1834,2026-09-18,T+15,5381,1181,6562,2026-09-03T02:32:33.222Z,FALSE,"",10:20,TRUE
fare_BOM-DEL_QP_2026-09-18_T+15_1788701812227_c8n4,BOM-DEL,EaseMyTrip,QP,QP-1127,2026-09-18,T+15,5381,1181,6562,2026-09-03T02:32:33.222Z,FALSE,"",12:55,TRUE
fare_BOM-DEL_QP_2026-09-18_T+15_1788701812227_qhpq,BOM-DEL,EaseMyTrip,QP,QP-1825,2026-09-18,T+15,5381,1181,6562,2026-09-03T02:32:33.222Z,FALSE,"",16:50,TRUE
fare_BOM-DEL_QP_2026-09-18_T+15_1788701812227_paz1,BOM-DEL,EaseMyTrip,QP,QP-1835,2026-09-18,T+15,5381,1181,6562,2026-09-03T02:32:33.222Z,FALSE,"",11:50,TRUE
fare_BOM-DEL_6E_2026-09-18_T+15_1788701812227_l7qr,BOM-DEL,EaseMyTrip,6E,6E-107,2026-09-18,T+15,5381,1181,6562,2026-09-03T02:32:33.222Z,FALSE,"",05:00,TRUE
fare_BOM-DEL_6E_2026-09-18_T+15_1788701812227_g12o,BOM-DEL,EaseMyTrip,6E,6E-770,2026-09-18,T+15,5381,1181,6562,2026-09-03T02:32:33.222Z,FALSE,"",05:00,TRUE
fare_BOM-DEL_6E_2026-09-18_T+15_1788701812227_uvpy,BOM-DEL,EaseMyTrip,6E,6E-442,2026-09-18,T+15,5381,1181,6562,2026-09-03T02:32:33.222Z,FALSE,"",16:00,TRUE
fare_BOM-DEL_6E_2026-09-18_T+15_1788701812227_zesd,BOM-DEL,EaseMyTrip,6E,6E-810,2026-09-18,T+15,5381,1181,6562,2026-09-03T02:32:33.222Z,FALSE,"",16:00,TRUE
fare_BOM-DEL_6E_2026-09-18_T+15_1788701812227_hwup,BOM-DEL,EaseMyTrip,6E,6E-967,2026-09-18,T+15,5381,1181,6562,2026-09-03T02:32:33.222Z,FALSE,"",15:00,TRUE
fare_BOM-DEL_6E_2026-09-18_T+15_1788701812227_aq4a,BOM-DEL,EaseMyTrip,6E,6E-411,2026-09-18,T+15,5381,1181,6562,2026-09-03T02:32:33.222Z,FALSE,"",15:00,TRUE
fare_BOM-DEL_6E_2026-09-18_T+15_1788701812227_xjp6,BOM-DEL,EaseMyTrip,6E,6E-6704,2026-09-18,T+15,5381,1181,6562,2026-09-03T02:32:33.222Z,FALSE,"",14:00,TRUE
fare_BOM-DEL_6E_2026-09-18_T+15_1788701812227_6ajm,BOM-DEL,EaseMyTrip,6E,6E-6028,2026-09-18,T+15,5381,1181,6562,2026-09-03T02:32:33.222Z,FALSE,"",12:15,TRUE
fare_BOM-DEL_6E_2026-09-18_T+15_1788701812227_xrug,BOM-DEL,EaseMyTrip,6E,6E-482,2026-09-18,T+15,5381,1181,6562,2026-09-03T02:32:33.222Z,FALSE,"",13:00,TRUE
fare_BOM-DEL_6E_2026-09-18_T+15_1788701812227_rs2b,BOM-DEL,EaseMyTrip,6E,6E-175,2026-09-18,T+15,5381,1181,6562,2026-09-03T02:32:33.222Z,FALSE,"",13:00,TRUE
fare_BOM-DEL_6E_2026-09-18_T+15_1788701812227_5056,BOM-DEL,EaseMyTrip,6E,6E-6052,2026-09-18,T+15,5381,1181,6562,2026-09-03T02:32:33.222Z,FALSE,"",10:00,TRUE
fare_BOM-DEL_6E_2026-09-18_T+15_1788701812227_hlw1,BOM-DEL,EaseMyTrip,6E,6E-690,2026-09-18,T+15,5381,1181,6562,2026-09-03T02:32:33.222Z,FALSE,"",10:35,TRUE
fare_BOM-DEL_6E_2026-09-18_T+15_1788701812227_u7kl,BOM-DEL,EaseMyTrip,6E,6E-536,2026-09-18,T+15,5381,1181,6562,2026-09-03T02:32:33.222Z,FALSE,"",10:35,TRUE
fare_BOM-DEL_6E_2026-09-18_T+15_1788701812227_j09m,BOM-DEL,EaseMyTrip,6E,6E-6827,2026-09-18,T+15,5381,1181,6562,2026-09-03T02:32:33.222Z,FALSE,"",11:30,TRUE
fare_BOM-DEL_6E_2026-09-18_T+15_1788701812227_hw15,BOM-DEL,EaseMyTrip,6E,6E-983,2026-09-18,T+15,5381,1181,6562,2026-09-03T02:32:33.222Z,FALSE,"",09:00,TRUE
fare_BOM-DEL_6E_2026-09-18_T+15_1788701812227_54ht,BOM-DEL,EaseMyTrip,6E,6E-679,2026-09-18,T+15,5381,1181,6562,2026-09-03T02:32:33.222Z,FALSE,"",09:00,TRUE
fare_BOM-DEL_QP_2026-09-18_T+15_1788701812227_vesh,BOM-DEL,EaseMyTrip,QP,QP-1939,2026-09-18,T+15,5423,1191,6614,2026-09-03T02:32:33.222Z,FALSE,"",10:10,TRUE
fare_BOM-DEL_6E_2026-09-18_T+15_1788701812227_ada0,BOM-DEL,EaseMyTrip,6E,6E-5197,2026-09-18,T+15,5423,1191,6614,2026-09-03T02:32:33.222Z,FALSE,"",06:40,TRUE
fare_BOM-DEL_6E_2026-09-18_T+15_1788701812227_ndgc,BOM-DEL,EaseMyTrip,6E,6E-2237,2026-09-18,T+15,5457,1198,6655,2026-09-03T02:32:33.222Z,FALSE,"",18:40,FALSE
fare_BOM-DEL_6E_2026-09-18_T+15_1788701812227_jpis,BOM-DEL,EaseMyTrip,6E,6E-5059,2026-09-18,T+15,5457,1198,6655,2026-09-03T02:32:33.222Z,FALSE,"",05:45,FALSE
fare_BOM-DEL_6E_2026-09-18_T+15_1788701812227_mhur,BOM-DEL,EaseMyTrip,6E,6E-105,2026-09-18,T+15,5457,1198,6655,2026-09-03T02:32:33.222Z,FALSE,"",14:40,FALSE
fare_BOM-DEL_6E_2026-09-18_T+15_1788701812227_jipi,BOM-DEL,EaseMyTrip,6E,6E-564,2026-09-18,T+15,5457,1198,6655,2026-09-03T02:32:33.222Z,FALSE,"",14:40,FALSE
fare_BOM-DEL_6E_2026-09-18_T+15_1788701812227_nm4w,BOM-DEL,EaseMyTrip,6E,6E-247,2026-09-18,T+15,5457,1198,6655,2026-09-03T02:32:33.222Z,FALSE,"",01:30,FALSE
fare_BOM-DEL_6E_2026-09-18_T+15_1788701812227_23jm,BOM-DEL,EaseMyTrip,6E,6E-358,2026-09-18,T+15,5457,1198,6655,2026-09-03T02:32:33.222Z,FALSE,"",01:30,FALSE
fare_BOM-DEL_6E_2026-09-18_T+15_1788701812227_o6bq,BOM-DEL,EaseMyTrip,6E,6E-512,2026-09-18,T+15,5457,1198,6655,2026-09-03T02:32:33.222Z,FALSE,"",04:00,FALSE
fare_BOM-DEL_6E_2026-09-18_T+15_1788701812227_j4tm,BOM-DEL,EaseMyTrip,6E,6E-422,2026-09-18,T+15,5457,1198,6655,2026-09-03T02:32:33.222Z,FALSE,"",04:00,FALSE
fare_BOM-DEL_6E_2026-09-18_T+15_1788701812227_d9jz,BOM-DEL,EaseMyTrip,6E,6E-5144,2026-09-18,T+15,5457,1198,6655,2026-09-03T02:32:33.222Z,FALSE,"",06:10,FALSE
fare_BOM-DEL_6E_2026-09-18_T+15_1788701812227_xjeh,BOM-DEL,EaseMyTrip,6E,6E-2347,2026-09-18,T+15,5457,1198,6655,2026-09-03T02:32:33.222Z,FALSE,"",08:50,FALSE
fare_BOM-DEL_6E_2026-09-18_T+15_1788701812227_aq21,BOM-DEL,EaseMyTrip,6E,6E-5107,2026-09-18,T+15,5457,1198,6655,2026-09-03T02:32:33.222Z,FALSE,"",20:00,FALSE
fare_BOM-DEL_6E_2026-09-18_T+15_1788701812227_8eok,BOM-DEL,EaseMyTrip,6E,6E-5201,2026-09-18,T+15,5457,1198,6655,2026-09-03T02:32:33.222Z,FALSE,"",14:55,FALSE
fare_BOM-DEL_6E_2026-09-18_T+15_1788701812227_nam8,BOM-DEL,EaseMyTrip,6E,6E-196,2026-09-18,T+15,5510,1210,6720,2026-09-03T02:32:33.222Z,FALSE,"",23:45,TRUE
fare_BOM-DEL_6E_2026-09-18_T+15_1788701812227_gt5d,BOM-DEL,EaseMyTrip,6E,6E-597,2026-09-18,T+15,5510,1210,6720,2026-09-03T02:32:33.222Z,FALSE,"",23:45,TRUE
fare_BOM-DEL_6E_2026-09-18_T+15_1788701812227_doya,BOM-DEL,EaseMyTrip,6E,6E-6082,2026-09-18,T+15,5510,1210,6720,2026-09-03T02:32:33.222Z,FALSE,"",16:45,TRUE
fare_BOM-DEL_6E_2026-09-18_T+15_1788701812227_tfsi,BOM-DEL,EaseMyTrip,6E,6E-497,2026-09-18,T+15,5510,1210,6720,2026-09-03T02:32:33.222Z,FALSE,"",06:00,TRUE
fare_BOM-DEL_6E_2026-09-18_T+15_1788701812227_gs9z,BOM-DEL,EaseMyTrip,6E,6E-252,2026-09-18,T+15,5510,1210,6720,2026-09-03T02:32:33.222Z,FALSE,"",06:00,TRUE
fare_BOM-DEL_6E_2026-09-18_T+15_1788701812227_q8v9,BOM-DEL,EaseMyTrip,6E,6E-6027,2026-09-18,T+15,5565,1221,6786,2026-09-03T02:32:33.222Z,FALSE,"",17:35,FALSE
fare_BOM-DEL_6E_2026-09-18_T+15_1788701812227_2zfd,BOM-DEL,EaseMyTrip,6E,6E-6599,2026-09-18,T+15,5565,1221,6786,2026-09-03T02:32:33.222Z,FALSE,"",16:50,FALSE
fare_BOM-DEL_6E_2026-09-18_T+15_1788701812227_3tcx,BOM-DEL,EaseMyTrip,6E,6E-5147,2026-09-18,T+15,5565,1221,6786,2026-09-03T02:32:33.222Z,FALSE,"",18:35,FALSE
fare_BOM-DEL_6E_2026-09-18_T+15_1788701812227_v2tx,BOM-DEL,EaseMyTrip,6E,6E-5164,2026-09-18,T+15,5565,1221,6786,2026-09-03T02:32:33.222Z,FALSE,"",20:20,FALSE
fare_BOM-DEL_6E_2026-09-18_T+15_1788701812227_kkrn,BOM-DEL,EaseMyTrip,6E,6E-6058,2026-09-18,T+15,5565,1221,6786,2026-09-03T02:32:33.222Z,FALSE,"",08:05,FALSE
fare_BOM-DEL_6E_2026-09-18_T+15_1788701812227_m599,BOM-DEL,EaseMyTrip,6E,6E-5181,2026-09-18,T+15,5565,1221,6786,2026-09-03T02:32:33.222Z,FALSE,"",10:25,FALSE
fare_BOM-DEL_6E_2026-09-18_T+15_1788701812227_1934,BOM-DEL,EaseMyTrip,6E,6E-5154,2026-09-18,T+15,5565,1221,6786,2026-09-03T02:32:33.222Z,FALSE,"",15:45,FALSE
fare_BOM-DEL_6E_2026-09-18_T+15_1788701812227_1jmm,BOM-DEL,EaseMyTrip,6E,6E-5131,2026-09-18,T+15,5565,1221,6786,2026-09-03T02:32:33.222Z,FALSE,"",15:50,FALSE
fare_BOM-DEL_6E_2026-09-18_T+15_1788701812227_0coi,BOM-DEL,EaseMyTrip,6E,6E-5273,2026-09-18,T+15,5565,1221,6786,2026-09-03T02:32:33.222Z,FALSE,"",18:35,FALSE
fare_BOM-DEL_6E_2026-09-18_T+15_1788701812227_3yeq,BOM-DEL,EaseMyTrip,6E,6E-6122,2026-09-18,T+15,5565,1221,6786,2026-09-03T02:32:33.222Z,FALSE,"",12:25,FALSE
fare_BOM-DEL_6E_2026-09-18_T+15_1788701812227_k1nb,BOM-DEL,EaseMyTrip,6E,6E-5345,2026-09-18,T+15,5565,1221,6786,2026-09-03T02:32:33.222Z,FALSE,"",14:25,FALSE
fare_BOM-DEL_QP_2026-09-18_T+15_1788701812227_1eym,BOM-DEL,EaseMyTrip,QP,QP-1109,2026-09-18,T+15,5578,1224,6802,2026-09-03T02:32:33.222Z,FALSE,"",07:00,TRUE
fare_BOM-DEL_AI_2026-09-18_T+15_1788701812227_kmfl,BOM-DEL,EaseMyTrip,AI,AI-2677,2026-09-18,T+15,5766,1266,7032,2026-09-03T02:32:33.222Z,FALSE,"",13:00,TRUE
fare_BOM-DEL_AI_2026-09-18_T+15_1788701812227_rdha,BOM-DEL,EaseMyTrip,AI,AI-2422,2026-09-18,T+15,5766,1266,7032,2026-09-03T02:32:33.222Z,FALSE,"",01:00,TRUE
fare_BOM-DEL_AI_2026-09-18_T+15_1788701812227_6jbl,BOM-DEL,EaseMyTrip,AI,AI-2452,2026-09-18,T+15,5766,1266,7032,2026-09-03T02:32:33.222Z,FALSE,"",03:05,TRUE
fare_BOM-DEL_AI_2026-09-18_T+15_1788701812227_lfzd,BOM-DEL,EaseMyTrip,AI,AI-2432,2026-09-18,T+15,5766,1266,7032,2026-09-03T02:32:33.222Z,FALSE,"",09:30,TRUE
fare_BOM-DEL_AI_2026-09-18_T+15_1788701812227_txk4,BOM-DEL,EaseMyTrip,AI,AI-2430,2026-09-18,T+15,5766,1266,7032,2026-09-03T02:32:33.222Z,FALSE,"",10:00,TRUE
fare_BOM-DEL_AI_2026-09-18_T+15_1788701812227_sh03,BOM-DEL,EaseMyTrip,AI,AI-2952,2026-09-18,T+15,5766,1266,7032,2026-09-03T02:32:33.222Z,FALSE,"",11:25,TRUE
fare_BOM-DEL_AI_2026-09-18_T+15_1788701812227_z7sz,BOM-DEL,EaseMyTrip,AI,AI-2960,2026-09-18,T+15,5766,1266,7032,2026-09-03T02:32:33.222Z,FALSE,"",14:05,TRUE
fare_BOM-DEL_AI_2026-09-18_T+15_1788701812227_he0s,BOM-DEL,EaseMyTrip,AI,AI-2944,2026-09-18,T+15,5766,1266,7032,2026-09-03T02:32:33.222Z,FALSE,"",14:35,TRUE
fare_BOM-DEL_AI_2026-09-18_T+15_1788701812227_hcam,BOM-DEL,EaseMyTrip,AI,AI-2442,2026-09-18,T+15,5766,1266,7032,2026-09-03T02:32:33.222Z,FALSE,"",15:00,TRUE
fare_BOM-DEL_AI_2026-09-18_T+15_1788701812227_ayv8,BOM-DEL,EaseMyTrip,AI,AI-1851,2026-09-18,T+15,5766,1266,7032,2026-09-03T02:32:33.222Z,FALSE,"",15:30,TRUE
fare_BOM-DEL_AI_2026-09-18_T+15_1788701812227_bg65,BOM-DEL,EaseMyTrip,AI,AI-2687,2026-09-18,T+15,5766,1266,7032,2026-09-03T02:32:33.222Z,FALSE,"",11:25,TRUE
fare_BOM-DEL_6E_2026-09-18_T+15_1788701812227_dji9,BOM-DEL,EaseMyTrip,6E,6E-5028,2026-09-18,T+15,5629,1236,6865,2026-09-03T02:32:33.222Z,FALSE,"",19:35,FALSE
fare_BOM-DEL_6E_2026-09-18_T+15_1788701812227_tq94,BOM-DEL,EaseMyTrip,6E,6E-2138,2026-09-18,T+15,5638,1238,6876,2026-09-03T02:32:33.222Z,FALSE,"",16:20,FALSE
fare_BOM-DEL_6E_2026-09-18_T+15_1788701812227_begn,BOM-DEL,EaseMyTrip,6E,6E-5238,2026-09-18,T+15,5638,1238,6876,2026-09-03T02:32:33.222Z,FALSE,"",18:25,FALSE
fare_BOM-DEL_6E_2026-09-18_T+15_1788701812227_wdse,BOM-DEL,EaseMyTrip,6E,6E-224,2026-09-18,T+15,5683,1247,6930,2026-09-03T02:32:33.222Z,FALSE,"",22:15,TRUE
fare_BOM-DEL_6E_2026-09-18_T+15_1788701812227_q34i,BOM-DEL,EaseMyTrip,6E,6E-101,2026-09-18,T+15,5683,1247,6930,2026-09-03T02:32:33.222Z,FALSE,"",21:15,TRUE
fare_BOM-DEL_6E_2026-09-18_T+15_1788701812227_mz5p,BOM-DEL,EaseMyTrip,6E,6E-759,2026-09-18,T+15,5683,1247,6930,2026-09-03T02:32:33.222Z,FALSE,"",21:15,TRUE
fare_BOM-DEL_6E_2026-09-18_T+15_1788701812227_mtz8,BOM-DEL,EaseMyTrip,6E,6E-766,2026-09-18,T+15,5683,1247,6930,2026-09-03T02:32:33.222Z,FALSE,"",17:20,TRUE
fare_BOM-DEL_6E_2026-09-18_T+15_1788701812227_42i6,BOM-DEL,EaseMyTrip,6E,6E-424,2026-09-18,T+15,5683,1247,6930,2026-09-03T02:32:33.222Z,FALSE,"",17:20,TRUE
fare_BOM-DEL_6E_2026-09-18_T+15_1788701812227_k1pr,BOM-DEL,EaseMyTrip,6E,6E-126,2026-09-18,T+15,5683,1247,6930,2026-09-03T02:32:33.222Z,FALSE,"",07:00,TRUE
fare_BOM-DEL_6E_2026-09-18_T+15_1788701812227_t6qb,BOM-DEL,EaseMyTrip,6E,6E-557,2026-09-18,T+15,5683,1247,6930,2026-09-03T02:32:33.222Z,FALSE,"",07:00,TRUE
fare_BOM-DEL_6E_2026-09-18_T+15_1788701812227_c4xk,BOM-DEL,EaseMyTrip,6E,6E-226,2026-09-18,T+15,5683,1247,6930,2026-09-03T02:32:33.222Z,FALSE,"",08:00,TRUE
fare_BOM-DEL_6E_2026-09-18_T+15_1788701812227_udw5,BOM-DEL,EaseMyTrip,6E,6E-232,2026-09-18,T+15,5683,1247,6930,2026-09-03T02:32:33.222Z,FALSE,"",08:00,TRUE
fare_BOM-DEL_6E_2026-09-18_T+15_1788701812227_lned,BOM-DEL,EaseMyTrip,6E,6E-6543,2026-09-18,T+15,5718,1255,6973,2026-09-03T02:32:33.222Z,FALSE,"",07:50,FALSE
fare_BOM-DEL_SG_2026-09-18_T+15_1788701812227_07no,BOM-DEL,EaseMyTrip,SG,SG-128,2026-09-18,T+15,6445,1415,7860,2026-09-03T02:32:33.222Z,FALSE,"",23:25,TRUE
fare_BOM-DEL_SG_2026-09-18_T+15_1788701812227_wm3a,BOM-DEL,EaseMyTrip,SG,SG-764,2026-09-18,T+15,6445,1415,7860,2026-09-03T02:32:33.222Z,FALSE,"",23:25,TRUE
fare_BOM-DEL_6E_2026-09-18_T+15_1788701812227_r094,BOM-DEL,EaseMyTrip,6E,6E-868,2026-09-18,T+15,5724,1257,6981,2026-09-03T02:32:33.222Z,FALSE,"",17:20,TRUE
fare_BOM-DEL_6E_2026-09-18_T+15_1788701812227_3g4j,BOM-DEL,EaseMyTrip,6E,6E-488,2026-09-18,T+15,5724,1257,6981,2026-09-03T02:32:33.222Z,FALSE,"",17:20,TRUE
fare_BOM-DEL_AI_2026-09-18_T+15_1788701812227_p6vg,BOM-DEL,EaseMyTrip,AI,AI-2928,2026-09-18,T+15,5897,1294,7191,2026-09-03T02:32:33.222Z,FALSE,"",06:30,TRUE
fare_BOM-DEL_AI_2026-09-18_T+15_1788701812227_su2f,BOM-DEL,EaseMyTrip,AI,AI-2970,2026-09-18,T+15,5897,1294,7191,2026-09-03T02:32:33.222Z,FALSE,"",08:30,TRUE
fare_BOM-DEL_6E_2026-09-18_T+15_1788701812227_pkjd,BOM-DEL,EaseMyTrip,6E,6E-5318,2026-09-18,T+15,5737,1259,6996,2026-09-03T02:32:33.222Z,FALSE,"",10:15,FALSE
fare_BOM-DEL_6E_2026-09-18_T+15_1788701812227_oo6k,BOM-DEL,EaseMyTrip,6E,6E-6195,2026-09-18,T+15,5737,1259,6996,2026-09-03T02:32:33.222Z,FALSE,"",23:00,FALSE
fare_BOM-DEL_QP_2026-09-18_T+15_1788701812227_3oke,BOM-DEL,EaseMyTrip,QP,QP-1120,2026-09-18,T+15,5782,1269,7051,2026-09-03T02:32:33.222Z,FALSE,"",18:45,TRUE
fare_BOM-DEL_6E_2026-09-18_T+15_1788701812227_xmtr,BOM-DEL,EaseMyTrip,6E,6E-6049,2026-09-18,T+15,5897,1295,7192,2026-09-03T02:32:33.222Z,FALSE,"",19:45,TRUE
fare_BOM-DEL_6E_2026-09-18_T+15_1788701812227_zv0c,BOM-DEL,EaseMyTrip,6E,6E-434,2026-09-18,T+15,5897,1295,7192,2026-09-03T02:32:33.222Z,FALSE,"",19:00,TRUE
fare_BOM-DEL_6E_2026-09-18_T+15_1788701812227_yclo,BOM-DEL,EaseMyTrip,6E,6E-922,2026-09-18,T+15,5897,1295,7192,2026-09-03T02:32:33.222Z,FALSE,"",19:00,TRUE
fare_BOM-DEL_6E_2026-09-18_T+15_1788701812227_x8h2,BOM-DEL,EaseMyTrip,6E,6E-6613,2026-09-18,T+15,5897,1295,7192,2026-09-03T02:32:33.222Z,FALSE,"",18:15,TRUE
fare_BOM-DEL_6E_2026-09-18_T+15_1788701812227_o3dw,BOM-DEL,EaseMyTrip,6E,6E-166,2026-09-18,T+15,5897,1295,7192,2026-09-03T02:32:33.222Z,FALSE,"",20:20,TRUE
fare_BOM-DEL_6E_2026-09-18_T+15_1788701812227_zlv6,BOM-DEL,EaseMyTrip,6E,6E-118,2026-09-18,T+15,5897,1295,7192,2026-09-03T02:32:33.222Z,FALSE,"",20:20,TRUE
fare_BOM-DEL_AI_2026-09-18_T+15_1788701812227_2p4w,BOM-DEL,EaseMyTrip,AI,AI-2424,2026-09-18,T+15,6069,1332,7401,2026-09-03T02:32:33.222Z,FALSE,"",07:00,TRUE
fare_BOM-DEL_AI_2026-09-18_T+15_1788701812227_dk69,BOM-DEL,EaseMyTrip,AI,AI-2930,2026-09-18,T+15,6069,1332,7401,2026-09-03T02:32:33.222Z,FALSE,"",07:30,TRUE
fare_BOM-DEL_AI_2026-09-18_T+15_1788701812227_dt2e,BOM-DEL,EaseMyTrip,AI,AI-2428,2026-09-18,T+15,6069,1332,7401,2026-09-03T02:32:33.222Z,FALSE,"",08:00,TRUE
fare_BOM-DEL_IX_2026-09-18_T+15_1788701812227_jww8,BOM-DEL,EaseMyTrip,IX,IX-1237,2026-09-18,T+15,6857,1505,8362,2026-09-03T02:32:33.222Z,FALSE,"",05:55,FALSE
fare_BOM-DEL_AI_2026-09-18_T+15_1788701812227_7nk4,BOM-DEL,EaseMyTrip,AI,AI-1882,2026-09-18,T+15,6220,1365,7585,2026-09-03T02:32:33.222Z,FALSE,"",23:55,TRUE
fare_BOM-DEL_AI_2026-09-18_T+15_1788701812227_2l8n,BOM-DEL,EaseMyTrip,AI,AI-2988,2026-09-18,T+15,6220,1365,7585,2026-09-03T02:32:33.222Z,FALSE,"",20:30,TRUE
fare_BOM-DEL_AI_2026-09-18_T+15_1788701812227_mg4d,BOM-DEL,EaseMyTrip,AI,AI-816,2026-09-18,T+15,6220,1365,7585,2026-09-03T02:32:33.222Z,FALSE,"",21:00,TRUE
fare_BOM-DEL_6E_2026-09-18_T+15_1788701812227_vwqv,BOM-DEL,EaseMyTrip,6E,6E-2703,2026-09-18,T+15,6075,1334,7409,2026-09-03T02:32:33.222Z,FALSE,"",10:20,FALSE
fare_BOM-DEL_6E_2026-09-18_T+15_1788701812227_4zhm,BOM-DEL,EaseMyTrip,6E,6E-5135,2026-09-18,T+15,6075,1334,7409,2026-09-03T02:32:33.222Z,FALSE,"",23:20,FALSE
fare_BOM-DEL_AI_2026-09-18_T+15_1788701812227_obpq,BOM-DEL,EaseMyTrip,AI,AI-2986,2026-09-18,T+15,6541,1436,7977,2026-09-03T02:32:33.222Z,FALSE,"",22:35,TRUE
fare_BOM-DEL_AI_2026-09-18_T+15_1788701812227_1whr,BOM-DEL,EaseMyTrip,AI,AI-1891,2026-09-18,T+15,6625,1454,8079,2026-09-03T02:32:33.222Z,FALSE,"",08:10,TRUE
fare_BOM-DEL_6E_2026-09-18_T+15_1788701812227_ebm0,BOM-DEL,EaseMyTrip,6E,6E-6802,2026-09-18,T+15,6467,1419,7886,2026-09-03T02:32:33.222Z,FALSE,"",16:55,FALSE
fare_BOM-DEL_6E_2026-09-18_T+15_1788701812227_7clq,BOM-DEL,EaseMyTrip,6E,6E-7017,2026-09-18,T+15,6498,1426,7924,2026-09-03T02:32:33.222Z,FALSE,"",21:30,FALSE
fare_BOM-DEL_6E_2026-09-18_T+15_1788701812227_0xes,BOM-DEL,EaseMyTrip,6E,6E-626,2026-09-18,T+15,6531,1434,7965,2026-09-03T02:32:33.222Z,FALSE,"",19:20,FALSE
fare_BOM-DEL_6E_2026-09-18_T+15_1788701812227_d4zz,BOM-DEL,EaseMyTrip,6E,6E-907,2026-09-18,T+15,6531,1434,7965,2026-09-03T02:32:33.222Z,FALSE,"",19:20,FALSE
fare_BOM-DEL_AI_2026-09-18_T+15_1788701812227_4dlh,BOM-DEL,EaseMyTrip,AI,AI-2940,2026-09-18,T+15,6707,1472,8179,2026-09-03T02:32:33.222Z,FALSE,"",20:00,TRUE
fare_BOM-DEL_AI_2026-09-18_T+15_1788701812227_20xl,BOM-DEL,EaseMyTrip,AI,AI-2440,2026-09-18,T+15,6762,1484,8246,2026-09-03T02:32:33.222Z,FALSE,"",18:00,TRUE
fare_BOM-DEL_AI_2026-09-18_T+15_1788701812227_45nf,BOM-DEL,EaseMyTrip,AI,AI-1895,2026-09-18,T+15,6799,1493,8292,2026-09-03T02:32:33.222Z,FALSE,"",21:30,TRUE
fare_BOM-DEL_IX_2026-09-18_T+15_1788701812227_cr5d,BOM-DEL,EaseMyTrip,IX,IX-1023,2026-09-18,T+15,7155,1571,8726,2026-09-03T02:32:33.222Z,FALSE,"",11:25,FALSE
fare_BOM-DEL_6E_2026-09-18_T+15_1788701812227_v91h,BOM-DEL,EaseMyTrip,6E,6E-2024,2026-09-18,T+15,7159,1572,8731,2026-09-03T02:32:33.222Z,FALSE,"",09:15,FALSE
fare_BOM-DEL_6E_2026-09-18_T+15_1788701812227_qbda,BOM-DEL,EaseMyTrip,6E,6E-5281,2026-09-18,T+15,7651,1679,9330,2026-09-03T02:32:33.222Z,FALSE,"",08:40,FALSE
fare_BOM-DEL_AI_2026-09-18_T+15_1788701812227_tpng,BOM-DEL,EaseMyTrip,AI,AI-9716,2026-09-18,T+15,7911,1736,9647,2026-09-03T02:32:33.222Z,FALSE,"",06:05,FALSE
fare_BOM-DEL_6E_2026-09-18_T+15_1788701812227_gu4y,BOM-DEL,EaseMyTrip,6E,6E-6361,2026-09-18,T+15,7794,1711,9505,2026-09-03T02:32:33.222Z,FALSE,"",05:00,FALSE
fare_BOM-DEL_6E_2026-09-18_T+15_1788701812227_5jn8,BOM-DEL,EaseMyTrip,6E,6E-349,2026-09-18,T+15,7988,1754,9742,2026-09-03T02:32:33.222Z,FALSE,"",12:40,FALSE
fare_BOM-DEL_AI_2026-09-18_T+15_1788701812227_xfvu,BOM-DEL,EaseMyTrip,AI,AI-9558,2026-09-18,T+15,8225,1805,10030,2026-09-03T02:32:33.222Z,FALSE,"",07:30,FALSE
fare_BOM-DEL_6E_2026-09-18_T+15_1788701812227_9q6v,BOM-DEL,EaseMyTrip,6E,6E-319,2026-09-18,T+15,8250,1811,10061,2026-09-03T02:32:33.222Z,FALSE,"",04:30,FALSE
fare_BOM-DEL_6E_2026-09-18_T+15_1788701812227_tlqk,BOM-DEL,EaseMyTrip,6E,6E-768,2026-09-18,T+15,8250,1811,10061,2026-09-03T02:32:33.222Z,FALSE,"",04:30,FALSE
fare_BOM-DEL_AI_2026-09-18_T+15_1788701812227_ib52,BOM-DEL,EaseMyTrip,AI,AI-2491,2026-09-18,T+15,9347,2052,11399,2026-09-03T02:32:33.222Z,FALSE,"",11:15,FALSE
fare_BOM-DEL_AI_2026-09-18_T+15_1788701812227_c9c4,BOM-DEL,EaseMyTrip,AI,AI-9753,2026-09-18,T+15,9577,2102,11679,2026-09-03T02:32:33.222Z,FALSE,"",05:45,FALSE
fare_BOM-DEL_AI_2026-09-18_T+15_1788701812227_5nzh,BOM-DEL,EaseMyTrip,AI,AI-9891,2026-09-18,T+15,9966,2188,12154,2026-09-03T02:32:33.222Z,FALSE,"",13:10,FALSE
fare_BOM-DEL_6E_2026-09-18_T+15_1788701812227_xuuv,BOM-DEL,EaseMyTrip,6E,6E-5056,2026-09-18,T+15,9943,2182,12125,2026-09-03T02:32:33.222Z,FALSE,"",21:10,FALSE
fare_BOM-DEL_6E_2026-09-18_T+15_1788701812227_d02l,BOM-DEL,EaseMyTrip,6E,6E-5326,2026-09-18,T+15,9943,2182,12125,2026-09-03T02:32:33.222Z,FALSE,"",19:40,FALSE
fare_BOM-DEL_IX_2026-09-18_T+15_1788701812227_zgdz,BOM-DEL,EaseMyTrip,IX,IX-1347,2026-09-18,T+15,10350,2272,12622,2026-09-03T02:32:33.222Z,FALSE,"",06:00,FALSE
fare_BOM-DEL_6E_2026-09-18_T+15_1788701812227_4ig6,BOM-DEL,EaseMyTrip,6E,6E-5178,2026-09-18,T+15,10229,2245,12474,2026-09-03T02:32:33.222Z,FALSE,"",11:45,FALSE
fare_BOM-DEL_IX_2026-09-18_T+15_1788701812227_jg0a,BOM-DEL,EaseMyTrip,IX,IX-1626,2026-09-18,T+15,10719,2353,13072,2026-09-03T02:32:33.222Z,FALSE,"",12:00,FALSE
fare_BOM-DEL_IX_2026-09-18_T+15_1788701812227_7x34,BOM-DEL,EaseMyTrip,IX,IX-1640,2026-09-18,T+15,10964,2407,13371,2026-09-03T02:32:33.222Z,FALSE,"",21:10,FALSE
fare_BOM-DEL_6E_2026-09-18_T+15_1788701812227_aw0z,BOM-DEL,EaseMyTrip,6E,6E-5386,2026-09-18,T+15,10641,2336,12977,2026-09-03T02:32:33.222Z,FALSE,"",15:10,FALSE
fare_BOM-DEL_6E_2026-09-18_T+15_1788701812227_fzoj,BOM-DEL,EaseMyTrip,6E,6E-5246,2026-09-18,T+15,10949,2403,13352,2026-09-03T02:32:33.222Z,FALSE,"",07:15,FALSE
fare_BOM-DEL_AI_2026-09-18_T+15_1788701812227_u8ej,BOM-DEL,EaseMyTrip,AI,AI-2919,2026-09-18,T+15,11126,2442,13568,2026-09-03T02:32:33.222Z,FALSE,"",21:35,FALSE
fare_BOM-DEL_AI_2026-09-18_T+15_1788701812227_gmtw,BOM-DEL,EaseMyTrip,AI,AI-2847,2026-09-18,T+15,11214,2461,13675,2026-09-03T02:32:33.222Z,FALSE,"",09:55,FALSE
fare_BOM-DEL_AI_2026-09-18_T+15_1788701812227_5d0p,BOM-DEL,EaseMyTrip,AI,AI-2493,2026-09-18,T+15,11214,2461,13675,2026-09-03T02:32:33.222Z,FALSE,"",18:25,FALSE
fare_BOM-DEL_AI_2026-09-18_T+15_1788701812227_9bw4,BOM-DEL,EaseMyTrip,AI,AI-2408,2026-09-18,T+15,11334,2488,13822,2026-09-03T02:32:33.222Z,FALSE,"",19:30,TRUE
fare_BOM-DEL_AI_2026-09-18_T+15_1788701812227_z9bt,BOM-DEL,EaseMyTrip,AI,AI-493,2026-09-18,T+15,11399,2502,13901,2026-09-03T02:32:33.222Z,FALSE,"",06:40,FALSE
fare_BOM-DEL_AI_2026-09-18_T+15_1788701812227_id9c,BOM-DEL,EaseMyTrip,AI,AI-2931,2026-09-18,T+15,11737,2577,14314,2026-09-03T02:32:33.222Z,FALSE,"",04:30,FALSE
fare_BOM-DEL_QP_2026-09-18_T+15_1788701812227_7tcq,BOM-DEL,EaseMyTrip,QP,QP-1516,2026-09-18,T+15,11804,2591,14395,2026-09-03T02:32:33.222Z,TRUE,"High outlier: ₹14395 > upper fence ₹14373 (Q3: ₹9742, IQR: ₹3087)",00:40,FALSE
fare_BOM-DEL_IX_2026-09-18_T+15_1788701812227_mnty,BOM-DEL,EaseMyTrip,IX,IX-1164,2026-09-18,T+15,12888,2829,15717,2026-09-03T02:32:33.222Z,TRUE,"High outlier: ₹15717 > upper fence ₹14373 (Q3: ₹9742, IQR: ₹3087)",17:35,FALSE
fare_BOM-DEL_AI_2026-09-18_T+15_1788701812227_pzr0,BOM-DEL,EaseMyTrip,AI,AI-2785,2026-09-18,T+15,12656,2778,15434,2026-09-03T02:32:33.222Z,TRUE,"High outlier: ₹15434 > upper fence ₹14373 (Q3: ₹9742, IQR: ₹3087)",06:40,FALSE
fare_BOM-DEL_IX_2026-09-18_T+15_1788701812227_0kj2,BOM-DEL,EaseMyTrip,IX,IX-1283,2026-09-18,T+15,13063,2868,15931,2026-09-03T02:32:33.222Z,TRUE,"High outlier: ₹15931 > upper fence ₹14373 (Q3: ₹9742, IQR: ₹3087)",09:05,FALSE
fare_BOM-DEL_QP_2026-09-18_T+15_1788701812227_vm44,BOM-DEL,EaseMyTrip,QP,QP-1384,2026-09-18,T+15,12841,2819,15660,2026-09-03T02:32:33.222Z,TRUE,"High outlier: ₹15660 > upper fence ₹14373 (Q3: ₹9742, IQR: ₹3087)",23:10,FALSE
fare_BOM-DEL_AI_2026-09-18_T+15_1788701812227_zbn6,BOM-DEL,EaseMyTrip,AI,AI-2659,2026-09-18,T+15,13091,2874,15965,2026-09-03T02:32:33.222Z,TRUE,"High outlier: ₹15965 > upper fence ₹14373 (Q3: ₹9742, IQR: ₹3087)",14:35,FALSE
fare_BOM-DEL_AI_2026-09-18_T+15_1788701812227_l60i,BOM-DEL,EaseMyTrip,AI,AI-603,2026-09-18,T+15,13531,2970,16501,2026-09-03T02:32:33.222Z,TRUE,"High outlier: ₹16501 > upper fence ₹14373 (Q3: ₹9742, IQR: ₹3087)",05:10,FALSE
fare_BOM-DEL_AI_2026-09-18_T+15_1788701812227_poyz,BOM-DEL,EaseMyTrip,AI,AI-2753,2026-09-18,T+15,13595,2984,16579,2026-09-03T02:32:33.222Z,TRUE,"High outlier: ₹16579 > upper fence ₹14373 (Q3: ₹9742, IQR: ₹3087)",13:50,FALSE
fare_BOM-DEL_AI_2026-09-18_T+15_1788701812227_eic8,BOM-DEL,EaseMyTrip,AI,AI-2749,2026-09-18,T+15,14173,3111,17284,2026-09-03T02:32:33.222Z,TRUE,"High outlier: ₹17284 > upper fence ₹14373 (Q3: ₹9742, IQR: ₹3087)",17:35,FALSE
fare_BOM-DEL_AI_2026-09-18_T+15_1788701812227_b673,BOM-DEL,EaseMyTrip,AI,AI-2741,2026-09-18,T+15,14403,3162,17565,2026-09-03T02:32:33.222Z,TRUE,"High outlier: ₹17565 > upper fence ₹14373 (Q3: ₹9742, IQR: ₹3087)",07:40,FALSE
fare_BOM-DEL_AI_2026-09-18_T+15_1788701812227_53dc,BOM-DEL,EaseMyTrip,AI,AI-2728,2026-09-18,T+15,14523,3188,17711,2026-09-03T02:32:33.222Z,TRUE,"High outlier: ₹17711 > upper fence ₹14373 (Q3: ₹9742, IQR: ₹3087)",05:20,FALSE
fare_BOM-DEL_AI_2026-09-18_T+15_1788701812227_9khs,BOM-DEL,EaseMyTrip,AI,AI-2625,2026-09-18,T+15,14755,3239,17994,2026-09-03T02:32:33.222Z,TRUE,"High outlier: ₹17994 > upper fence ₹14373 (Q3: ₹9742, IQR: ₹3087)",06:00,FALSE
fare_BOM-DEL_AI_2026-09-18_T+15_1788701812227_p4tt,BOM-DEL,EaseMyTrip,AI,AI-2444,2026-09-18,T+15,14881,3266,18147,2026-09-03T02:32:33.222Z,TRUE,"High outlier: ₹18147 > upper fence ₹14373 (Q3: ₹9742, IQR: ₹3087)",10:50,FALSE
fare_BOM-DEL_AI_2026-09-18_T+15_1788701812227_ulqd,BOM-DEL,EaseMyTrip,AI,AI-2997,2026-09-18,T+15,14958,3283,18241,2026-09-03T02:32:33.222Z,TRUE,"High outlier: ₹18241 > upper fence ₹14373 (Q3: ₹9742, IQR: ₹3087)",10:10,FALSE
fare_BOM-DEL_AI_2026-09-18_T+15_1788701812227_9jzg,BOM-DEL,EaseMyTrip,AI,AI-2531,2026-09-18,T+15,15132,3322,18454,2026-09-03T02:32:33.222Z,TRUE,"High outlier: ₹18454 > upper fence ₹14373 (Q3: ₹9742, IQR: ₹3087)",15:05,FALSE
fare_BOM-DEL_IX_2026-09-18_T+15_1788701812227_anir,BOM-DEL,EaseMyTrip,IX,IX-1238,2026-09-18,T+15,15915,3494,19409,2026-09-03T02:32:33.222Z,TRUE,"High outlier: ₹19409 > upper fence ₹14373 (Q3: ₹9742, IQR: ₹3087)",12:25,FALSE
fare_BOM-DEL_AI_2026-09-18_T+15_1788701812227_imjr,BOM-DEL,EaseMyTrip,AI,AI-2853,2026-09-18,T+15,16671,3660,20331,2026-09-03T02:32:33.222Z,TRUE,"High outlier: ₹20331 > upper fence ₹14373 (Q3: ₹9742, IQR: ₹3087)",15:25,FALSE
fare_BOM-DEL_SG_2026-09-18_T+15_1788701812227_0dzv,BOM-DEL,EaseMyTrip,SG,SG-334,2026-09-18,T+15,18307,4019,22326,2026-09-03T02:32:33.222Z,TRUE,"High outlier: ₹22326 > upper fence ₹14373 (Q3: ₹9742, IQR: ₹3087)",01:50,TRUE
fare_BOM-DEL_SG_2026-09-18_T+15_1788701812227_57fd,BOM-DEL,EaseMyTrip,SG,SG-323,2026-09-18,T+15,18307,4019,22326,2026-09-03T02:32:33.222Z,TRUE,"High outlier: ₹22326 > upper fence ₹14373 (Q3: ₹9742, IQR: ₹3087)",01:50,TRUE
fare_BOM-DEL_AI_2026-09-18_T+15_1788701812227_yunk,BOM-DEL,EaseMyTrip,AI,AI-2781,2026-09-18,T+15,20541,4509,25050,2026-09-03T02:32:33.222Z,TRUE,"High outlier: ₹25050 > upper fence ₹14373 (Q3: ₹9742, IQR: ₹3087)",10:45,FALSE
fare_BOM-DEL_AI_2026-09-18_T+15_1788701812227_1wi1,BOM-DEL,EaseMyTrip,AI,AI-2579,2026-09-18,T+15,27191,5969,33160,2026-09-03T02:32:33.222Z,TRUE,"High outlier: ₹33160 > upper fence ₹14373 (Q3: ₹9742, IQR: ₹3087)",10:35,FALSE
fare_BOM-DEL_6E_2026-09-18_T+15_1788701812228_gb0o,BOM-DEL,EaseMyTrip,6E,6E-887,2026-09-18,T+15,5381,1181,6562,2026-09-03T21:14:29.268Z,FALSE,"",05:00,TRUE
fare_BOM-DEL_6E_2026-09-18_T+15_1788701812228_njwe,BOM-DEL,EaseMyTrip,6E,6E-836,2026-09-18,T+15,5381,1181,6562,2026-09-03T21:14:29.268Z,FALSE,"",05:00,TRUE
fare_BOM-DEL_6E_2026-09-18_T+15_1788701812228_qudb,BOM-DEL,EaseMyTrip,6E,6E-607,2026-09-18,T+15,5381,1181,6562,2026-09-03T21:14:29.268Z,FALSE,"",16:00,TRUE
fare_BOM-DEL_6E_2026-09-18_T+15_1788701812228_xd8f,BOM-DEL,EaseMyTrip,6E,6E-272,2026-09-18,T+15,5381,1181,6562,2026-09-03T21:14:29.268Z,FALSE,"",16:00,TRUE
fare_BOM-DEL_6E_2026-09-18_T+15_1788701812228_u7s9,BOM-DEL,EaseMyTrip,6E,6E-483,2026-09-18,T+15,5381,1181,6562,2026-09-03T21:14:29.268Z,FALSE,"",15:00,TRUE
fare_BOM-DEL_6E_2026-09-18_T+15_1788701812228_1cgj,BOM-DEL,EaseMyTrip,6E,6E-157,2026-09-18,T+15,5381,1181,6562,2026-09-03T21:14:29.268Z,FALSE,"",15:00,TRUE
fare_BOM-DEL_6E_2026-09-18_T+15_1788701812228_w9cs,BOM-DEL,EaseMyTrip,6E,6E-432,2026-09-18,T+15,5381,1181,6562,2026-09-03T21:14:29.268Z,FALSE,"",13:00,TRUE
fare_BOM-DEL_6E_2026-09-18_T+15_1788701812228_1wpr,BOM-DEL,EaseMyTrip,6E,6E-873,2026-09-18,T+15,5381,1181,6562,2026-09-03T21:14:29.268Z,FALSE,"",13:00,TRUE
fare_BOM-DEL_6E_2026-09-18_T+15_1788701812228_eu8x,BOM-DEL,EaseMyTrip,6E,6E-606,2026-09-18,T+15,5381,1181,6562,2026-09-03T21:14:29.268Z,FALSE,"",10:35,TRUE
fare_BOM-DEL_6E_2026-09-18_T+15_1788701812228_gxzu,BOM-DEL,EaseMyTrip,6E,6E-467,2026-09-18,T+15,5381,1181,6562,2026-09-03T21:14:29.268Z,FALSE,"",10:35,TRUE
fare_BOM-DEL_6E_2026-09-18_T+15_1788701812228_52wv,BOM-DEL,EaseMyTrip,6E,6E-778,2026-09-18,T+15,5457,1198,6655,2026-09-03T21:14:29.268Z,FALSE,"",01:30,FALSE
fare_BOM-DEL_6E_2026-09-18_T+15_1788701812228_7tl3,BOM-DEL,EaseMyTrip,6E,6E-934,2026-09-18,T+15,5457,1198,6655,2026-09-03T21:14:29.268Z,FALSE,"",01:30,FALSE
fare_BOM-DEL_6E_2026-09-18_T+15_1788701812228_1tqn,BOM-DEL,EaseMyTrip,6E,6E-171,2026-09-18,T+15,5457,1198,6655,2026-09-03T21:14:29.268Z,FALSE,"",04:00,FALSE
fare_BOM-DEL_6E_2026-09-18_T+15_1788701812228_tf3z,BOM-DEL,EaseMyTrip,6E,6E-324,2026-09-18,T+15,5457,1198,6655,2026-09-03T21:14:29.268Z,FALSE,"",04:00,FALSE
fare_BOM-DEL_6E_2026-09-18_T+15_1788701812228_u9l4,BOM-DEL,EaseMyTrip,6E,6E-179,2026-09-18,T+15,5457,1198,6655,2026-09-03T21:14:29.268Z,FALSE,"",14:40,FALSE
fare_BOM-DEL_6E_2026-09-18_T+15_1788701812228_p6z4,BOM-DEL,EaseMyTrip,6E,6E-636,2026-09-18,T+15,5457,1198,6655,2026-09-03T21:14:29.268Z,FALSE,"",14:40,FALSE
fare_BOM-DEL_6E_2026-09-18_T+15_1788701812228_mgpb,BOM-DEL,EaseMyTrip,6E,6E-801,2026-09-18,T+15,5510,1210,6720,2026-09-03T21:14:29.268Z,FALSE,"",23:45,TRUE
fare_BOM-DEL_6E_2026-09-18_T+15_1788701812228_gfz8,BOM-DEL,EaseMyTrip,6E,6E-334,2026-09-18,T+15,5510,1210,6720,2026-09-03T21:14:29.268Z,FALSE,"",23:45,TRUE
fare_BOM-DEL_6E_2026-09-18_T+15_1788701812228_s54b,BOM-DEL,EaseMyTrip,6E,6E-816,2026-09-18,T+15,5510,1210,6720,2026-09-03T21:14:29.268Z,FALSE,"",06:00,TRUE
fare_BOM-DEL_6E_2026-09-18_T+15_1788701812228_n8wk,BOM-DEL,EaseMyTrip,6E,6E-165,2026-09-18,T+15,5510,1210,6720,2026-09-03T21:14:29.268Z,FALSE,"",06:00,TRUE
fare_BOM-DEL_6E_2026-09-18_T+15_1788701812228_6p4h,BOM-DEL,EaseMyTrip,6E,6E-125,2026-09-18,T+15,5629,1236,6865,2026-09-03T21:14:29.268Z,FALSE,"",19:20,FALSE
fare_BOM-DEL_6E_2026-09-18_T+15_1788701812228_0t19,BOM-DEL,EaseMyTrip,6E,6E-199,2026-09-18,T+15,5629,1236,6865,2026-09-03T21:14:29.268Z,FALSE,"",19:20,FALSE
fare_BOM-DEL_6E_2026-09-18_T+15_1788701812228_z9ji,BOM-DEL,EaseMyTrip,6E,6E-581,2026-09-18,T+15,5683,1247,6930,2026-09-03T21:14:29.268Z,FALSE,"",22:15,TRUE
fare_BOM-DEL_6E_2026-09-18_T+15_1788701812228_e95g,BOM-DEL,EaseMyTrip,6E,6E-222,2026-09-18,T+15,5683,1247,6930,2026-09-03T21:14:29.268Z,FALSE,"",17:20,TRUE
fare_BOM-DEL_6E_2026-09-18_T+15_1788701812228_znnz,BOM-DEL,EaseMyTrip,6E,6E-615,2026-09-18,T+15,5683,1247,6930,2026-09-03T21:14:29.268Z,FALSE,"",17:20,TRUE
fare_BOM-DEL_6E_2026-09-18_T+15_1788701812228_1zir,BOM-DEL,EaseMyTrip,6E,6E-501,2026-09-18,T+15,5683,1247,6930,2026-09-03T21:14:29.268Z,FALSE,"",07:00,TRUE
fare_BOM-DEL_6E_2026-09-18_T+15_1788701812228_4ahe,BOM-DEL,EaseMyTrip,6E,6E-902,2026-09-18,T+15,5683,1247,6930,2026-09-03T21:14:29.268Z,FALSE,"",08:00,TRUE
fare_BOM-DEL_6E_2026-09-18_T+15_1788701812228_2q3g,BOM-DEL,EaseMyTrip,6E,6E-715,2026-09-18,T+15,5683,1247,6930,2026-09-03T21:14:29.268Z,FALSE,"",08:00,TRUE
fare_BOM-DEL_6E_2026-09-18_T+15_1788701812228_opq0,BOM-DEL,EaseMyTrip,6E,6E-131,2026-09-18,T+15,5724,1257,6981,2026-09-03T21:14:29.268Z,FALSE,"",17:20,TRUE
fare_BOM-DEL_6E_2026-09-18_T+15_1788701812228_2kuf,BOM-DEL,EaseMyTrip,6E,6E-219,2026-09-18,T+15,5724,1257,6981,2026-09-03T21:14:29.268Z,FALSE,"",17:20,TRUE
fare_BOM-DEL_6E_2026-09-18_T+15_1788701812228_9lh0,BOM-DEL,EaseMyTrip,6E,6E-898,2026-09-18,T+15,5897,1295,7192,2026-09-03T21:14:29.268Z,FALSE,"",09:00,TRUE
fare_BOM-DEL_6E_2026-09-18_T+15_1788701812228_2vl0,BOM-DEL,EaseMyTrip,6E,6E-465,2026-09-18,T+15,5897,1295,7192,2026-09-03T21:14:29.268Z,FALSE,"",09:00,TRUE
fare_BOM-DEL_6E_2026-09-18_T+15_1788701812228_ryb9,BOM-DEL,EaseMyTrip,6E,6E-867,2026-09-18,T+15,6156,1351,7507,2026-09-03T21:14:29.268Z,FALSE,"",21:15,TRUE
fare_BOM-DEL_6E_2026-09-18_T+15_1788701812228_5t5y,BOM-DEL,EaseMyTrip,6E,6E-644,2026-09-18,T+15,6156,1351,7507,2026-09-03T21:14:29.268Z,FALSE,"",21:15,TRUE
fare_BOM-DEL_SG_2026-09-18_T+15_1788701812228_80w9,BOM-DEL,EaseMyTrip,SG,SG-430,2026-09-18,T+15,7230,1587,8817,2026-09-03T21:14:29.268Z,FALSE,"",23:25,TRUE
fare_BOM-DEL_SG_2026-09-18_T+15_1788701812228_iof0,BOM-DEL,EaseMyTrip,SG,SG-424,2026-09-18,T+15,7230,1587,8817,2026-09-03T21:14:29.268Z,FALSE,"",23:25,TRUE
fare_BOM-DEL_6E_2026-09-18_T+15_1788701812228_1g3m,BOM-DEL,EaseMyTrip,6E,6E-261,2026-09-18,T+15,6414,1408,7822,2026-09-03T21:14:29.268Z,FALSE,"",19:00,TRUE
fare_BOM-DEL_6E_2026-09-18_T+15_1788701812228_1zrv,BOM-DEL,EaseMyTrip,6E,6E-830,2026-09-18,T+15,6414,1408,7822,2026-09-03T21:14:29.268Z,FALSE,"",20:20,TRUE
fare_BOM-DEL_6E_2026-09-18_T+15_1788701812228_h2iq,BOM-DEL,EaseMyTrip,6E,6E-271,2026-09-18,T+15,6414,1408,7822,2026-09-03T21:14:29.268Z,FALSE,"",20:20,TRUE
fare_BOM-DEL_6E_2026-09-18_T+15_1788701812228_agaq,BOM-DEL,EaseMyTrip,6E,6E-678,2026-09-18,T+15,7988,1754,9742,2026-09-03T21:14:29.268Z,FALSE,"",12:40,FALSE
fare_BOM-DEL_6E_2026-09-18_T+15_1788701812228_0kj4,BOM-DEL,EaseMyTrip,6E,6E-415,2026-09-18,T+15,7988,1754,9742,2026-09-03T21:14:29.268Z,FALSE,"",12:40,FALSE
fare_BOM-DEL_IX_2026-09-18_T+15_1788701812228_isbp,BOM-DEL,EaseMyTrip,IX,IX-1176,2026-09-18,T+15,8817,1935,10752,2026-09-03T21:14:29.268Z,FALSE,"",11:20,FALSE
fare_BOM-DEL_IX_2026-09-18_T+15_1788701812228_4phd,BOM-DEL,EaseMyTrip,IX,IX-1797,2026-09-18,T+15,8989,1973,10962,2026-09-03T21:14:29.268Z,FALSE,"",05:05,FALSE
fare_BOM-DEL_IX_2026-09-18_T+15_1788701812228_qqyk,BOM-DEL,EaseMyTrip,IX,IX-1810,2026-09-18,T+15,8989,1973,10962,2026-09-03T21:14:29.268Z,FALSE,"",13:40,FALSE
fare_BOM-DEL_6E_2026-09-18_T+15_1788701812228_hurf,BOM-DEL,EaseMyTrip,6E,6E-481,2026-09-18,T+15,8250,1811,10061,2026-09-03T21:14:29.268Z,FALSE,"",04:30,FALSE
fare_BOM-DEL_AI_2026-09-18_T+15_1788701812228_8vb1,BOM-DEL,EaseMyTrip,AI,AI-9718,2026-09-18,T+15,9526,2091,11617,2026-09-03T21:14:29.268Z,FALSE,"",20:05,FALSE
fare_BOM-DEL_AI_2026-09-18_T+15_1788701812228_3wi8,BOM-DEL,EaseMyTrip,AI,AI-2915,2026-09-18,T+15,11126,2442,13568,2026-09-03T21:14:29.268Z,FALSE,"",15:30,FALSE
fare_BOM-DEL_AI_2026-09-18_T+15_1788701812228_jykr,BOM-DEL,EaseMyTrip,AI,AI-2503,2026-09-18,T+15,11399,2502,13901,2026-09-03T21:14:29.268Z,FALSE,"",12:55,FALSE
fare_BOM-DEL_AI_2026-09-18_T+15_1788701812228_xlvp,BOM-DEL,EaseMyTrip,AI,AI-413,2026-09-18,T+15,12440,2731,15171,2026-09-03T21:14:29.268Z,TRUE,"High outlier: ₹15171 > upper fence ₹14373 (Q3: ₹9742, IQR: ₹3087)",21:15,FALSE
fare_BOM-DEL_AI_2026-09-18_T+15_1788701812228_ts51,BOM-DEL,EaseMyTrip,AI,AI-621,2026-09-18,T+15,12440,2731,15171,2026-09-03T21:14:29.268Z,TRUE,"High outlier: ₹15171 > upper fence ₹14373 (Q3: ₹9742, IQR: ₹3087)",16:55,FALSE
fare_BOM-DEL_AI_2026-09-18_T+15_1788701812228_fglq,BOM-DEL,EaseMyTrip,AI,AI-9533,2026-09-18,T+15,17193,3774,20967,2026-09-03T21:14:29.268Z,TRUE,"High outlier: ₹20967 > upper fence ₹14373 (Q3: ₹9742, IQR: ₹3087)",16:30,FALSE
fare_BOM-DEL_SG_2026-09-18_T+15_1788701812228_gzjb,BOM-DEL,EaseMyTrip,SG,SG-832,2026-09-18,T+15,18307,4019,22326,2026-09-03T21:14:29.268Z,TRUE,"High outlier: ₹22326 > upper fence ₹14373 (Q3: ₹9742, IQR: ₹3087)",01:50,TRUE
fare_BOM-DEL_SG_2026-09-18_T+15_1788701812228_zdx7,BOM-DEL,EaseMyTrip,SG,SG-202,2026-09-18,T+15,18307,4019,22326,2026-09-03T21:14:29.268Z,TRUE,"High outlier: ₹22326 > upper fence ₹14373 (Q3: ₹9742, IQR: ₹3087)",01:50,TRUE
fare_BOM-DEL_6E_2026-09-04_T+1_1788701812228_uxod,BOM-DEL,EaseMyTrip,6E,6E-571,2026-09-04,T+1,4795,1053,5848,2026-09-03T02:32:19.113Z,FALSE,"",14:40,FALSE
fare_BOM-DEL_6E_2026-09-04_T+1_1788701812228_qr2v,BOM-DEL,EaseMyTrip,6E,6E-282,2026-09-04,T+1,4795,1053,5848,2026-09-03T02:32:19.113Z,FALSE,"",14:40,FALSE
fare_BOM-DEL_IX_2026-09-04_T+1_1788701812228_4cfv,BOM-DEL,EaseMyTrip,IX,IX-1787,2026-09-04,T+1,5595,1228,6823,2026-09-03T02:32:19.113Z,FALSE,"",13:10,FALSE
fare_BOM-DEL_6E_2026-09-04_T+1_1788701812228_4mot,BOM-DEL,EaseMyTrip,6E,6E-6027,2026-09-04,T+1,4904,1076,5980,2026-09-03T02:32:19.113Z,FALSE,"",17:35,FALSE
fare_BOM-DEL_6E_2026-09-04_T+1_1788701812228_3ysg,BOM-DEL,EaseMyTrip,6E,6E-5164,2026-09-04,T+1,4904,1076,5980,2026-09-03T02:32:19.113Z,FALSE,"",20:20,FALSE
fare_BOM-DEL_6E_2026-09-04_T+1_1788701812228_k5ri,BOM-DEL,EaseMyTrip,6E,6E-6058,2026-09-04,T+1,4904,1076,5980,2026-09-03T02:32:19.113Z,FALSE,"",08:05,FALSE
fare_BOM-DEL_6E_2026-09-04_T+1_1788701812228_qdqc,BOM-DEL,EaseMyTrip,6E,6E-5181,2026-09-04,T+1,4904,1076,5980,2026-09-03T02:32:19.113Z,FALSE,"",10:25,FALSE
fare_BOM-DEL_6E_2026-09-04_T+1_1788701812228_v5h0,BOM-DEL,EaseMyTrip,6E,6E-5154,2026-09-04,T+1,4904,1076,5980,2026-09-03T02:32:19.113Z,FALSE,"",15:45,FALSE
fare_BOM-DEL_6E_2026-09-04_T+1_1788701812228_ngf5,BOM-DEL,EaseMyTrip,6E,6E-5273,2026-09-04,T+1,4904,1076,5980,2026-09-03T02:32:19.113Z,FALSE,"",18:35,FALSE
fare_BOM-DEL_6E_2026-09-04_T+1_1788701812228_drsn,BOM-DEL,EaseMyTrip,6E,6E-6122,2026-09-04,T+1,4904,1076,5980,2026-09-03T02:32:19.113Z,FALSE,"",12:25,FALSE
fare_BOM-DEL_6E_2026-09-04_T+1_1788701812228_au8f,BOM-DEL,EaseMyTrip,6E,6E-5345,2026-09-04,T+1,4904,1076,5980,2026-09-03T02:32:19.113Z,FALSE,"",14:25,FALSE
fare_BOM-DEL_SG_2026-09-04_T+1_1788701812228_emf3,BOM-DEL,EaseMyTrip,SG,SG-774,2026-09-04,T+1,5242,1151,6393,2026-09-03T02:32:19.113Z,FALSE,"",23:55,TRUE
fare_BOM-DEL_SG_2026-09-04_T+1_1788701812228_n6xh,BOM-DEL,EaseMyTrip,SG,SG-548,2026-09-04,T+1,5242,1151,6393,2026-09-03T02:32:19.113Z,FALSE,"",23:55,TRUE
fare_BOM-DEL_6E_2026-09-04_T+1_1788701812228_ts3l,BOM-DEL,EaseMyTrip,6E,6E-5028,2026-09-04,T+1,4968,1090,6058,2026-09-03T02:32:19.113Z,FALSE,"",19:35,FALSE
fare_BOM-DEL_6E_2026-09-04_T+1_1788701812228_827n,BOM-DEL,EaseMyTrip,6E,6E-975,2026-09-04,T+1,4968,1090,6058,2026-09-03T02:32:19.113Z,FALSE,"",19:20,FALSE
fare_BOM-DEL_6E_2026-09-04_T+1_1788701812228_7bya,BOM-DEL,EaseMyTrip,6E,6E-788,2026-09-04,T+1,4968,1090,6058,2026-09-03T02:32:19.113Z,FALSE,"",19:20,FALSE
fare_BOM-DEL_6E_2026-09-04_T+1_1788701812228_t8uy,BOM-DEL,EaseMyTrip,6E,6E-920,2026-09-04,T+1,4968,1090,6058,2026-09-03T02:32:19.113Z,FALSE,"",04:45,FALSE
fare_BOM-DEL_6E_2026-09-04_T+1_1788701812228_k4kn,BOM-DEL,EaseMyTrip,6E,6E-875,2026-09-04,T+1,4968,1090,6058,2026-09-03T02:32:19.113Z,FALSE,"",04:45,FALSE
fare_BOM-DEL_6E_2026-09-04_T+1_1788701812228_wpkl,BOM-DEL,EaseMyTrip,6E,6E-5095,2026-09-04,T+1,5014,1101,6115,2026-09-03T02:32:19.113Z,FALSE,"",09:20,TRUE
fare_BOM-DEL_SG_2026-09-04_T+1_1788701812228_2bb2,BOM-DEL,EaseMyTrip,SG,SG-716,2026-09-04,T+1,5307,1165,6472,2026-09-03T02:32:19.113Z,FALSE,"",01:50,TRUE
fare_BOM-DEL_SG_2026-09-04_T+1_1788701812228_crj7,BOM-DEL,EaseMyTrip,SG,SG-313,2026-09-04,T+1,5307,1165,6472,2026-09-03T02:32:19.113Z,FALSE,"",01:50,TRUE
fare_BOM-DEL_6E_2026-09-04_T+1_1788701812228_10ob,BOM-DEL,EaseMyTrip,6E,6E-6195,2026-09-04,T+1,5076,1114,6190,2026-09-03T02:32:19.113Z,FALSE,"",23:00,FALSE
fare_BOM-DEL_IX_2026-09-04_T+1_1788701812228_lyar,BOM-DEL,EaseMyTrip,IX,IX-1050,2026-09-04,T+1,5380,1181,6561,2026-09-03T02:32:19.113Z,FALSE,"",08:55,TRUE
fare_BOM-DEL_IX_2026-09-04_T+1_1788701812228_rcws,BOM-DEL,EaseMyTrip,IX,IX-1671,2026-09-04,T+1,5380,1181,6561,2026-09-03T02:32:19.113Z,FALSE,"",16:45,TRUE
fare_BOM-DEL_IX_2026-09-04_T+1_1788701812228_zmqf,BOM-DEL,EaseMyTrip,IX,IX-2153,2026-09-04,T+1,5380,1181,6561,2026-09-03T02:32:19.113Z,FALSE,"",20:25,TRUE
fare_BOM-DEL_6E_2026-09-04_T+1_1788701812228_duc6,BOM-DEL,EaseMyTrip,6E,6E-5059,2026-09-04,T+1,5160,1133,6293,2026-09-03T02:32:19.113Z,FALSE,"",05:45,FALSE
fare_BOM-DEL_6E_2026-09-04_T+1_1788701812228_6zgv,BOM-DEL,EaseMyTrip,6E,6E-380,2026-09-04,T+1,5160,1133,6293,2026-09-03T02:32:19.113Z,FALSE,"",01:30,FALSE
fare_BOM-DEL_6E_2026-09-04_T+1_1788701812228_ocht,BOM-DEL,EaseMyTrip,6E,6E-352,2026-09-04,T+1,5160,1133,6293,2026-09-03T02:32:19.113Z,FALSE,"",01:30,FALSE
fare_BOM-DEL_6E_2026-09-04_T+1_1788701812228_hnyd,BOM-DEL,EaseMyTrip,6E,6E-586,2026-09-04,T+1,5160,1133,6293,2026-09-03T02:32:19.113Z,FALSE,"",04:00,FALSE
fare_BOM-DEL_6E_2026-09-04_T+1_1788701812228_zx22,BOM-DEL,EaseMyTrip,6E,6E-355,2026-09-04,T+1,5160,1133,6293,2026-09-03T02:32:19.113Z,FALSE,"",04:00,FALSE
fare_BOM-DEL_6E_2026-09-04_T+1_1788701812228_0irn,BOM-DEL,EaseMyTrip,6E,6E-5144,2026-09-04,T+1,5160,1133,6293,2026-09-03T02:32:19.113Z,FALSE,"",06:10,FALSE
fare_BOM-DEL_6E_2026-09-04_T+1_1788701812228_xhxn,BOM-DEL,EaseMyTrip,6E,6E-5107,2026-09-04,T+1,5160,1133,6293,2026-09-03T02:32:19.113Z,FALSE,"",20:00,FALSE
fare_BOM-DEL_IX_2026-09-04_T+1_1788701812228_1xkv,BOM-DEL,EaseMyTrip,IX,IX-1026,2026-09-04,T+1,5930,1302,7232,2026-09-03T02:32:19.113Z,FALSE,"",05:45,FALSE
fare_BOM-DEL_6E_2026-09-04_T+1_1788701812228_ri3j,BOM-DEL,EaseMyTrip,6E,6E-5131,2026-09-04,T+1,5269,1156,6425,2026-09-03T02:32:19.113Z,FALSE,"",15:50,FALSE
fare_BOM-DEL_6E_2026-09-04_T+1_1788701812228_8p7g,BOM-DEL,EaseMyTrip,6E,6E-6802,2026-09-04,T+1,5269,1156,6425,2026-09-03T02:32:19.113Z,FALSE,"",16:55,FALSE
fare_BOM-DEL_QP_2026-09-04_T+1_1788701812228_rn9q,BOM-DEL,EaseMyTrip,QP,QP-2071,2026-09-04,T+1,5330,1170,6500,2026-09-03T02:32:19.113Z,FALSE,"",06:05,TRUE
fare_BOM-DEL_6E_2026-09-04_T+1_1788701812228_6xdl,BOM-DEL,EaseMyTrip,6E,6E-714,2026-09-04,T+1,5334,1171,6505,2026-09-03T02:32:19.113Z,FALSE,"",12:40,FALSE
fare_BOM-DEL_6E_2026-09-04_T+1_1788701812228_f08u,BOM-DEL,EaseMyTrip,6E,6E-941,2026-09-04,T+1,5334,1171,6505,2026-09-03T02:32:19.113Z,FALSE,"",12:40,FALSE
fare_BOM-DEL_6E_2026-09-04_T+1_1788701812228_tndb,BOM-DEL,EaseMyTrip,6E,6E-2090,2026-09-04,T+1,5380,1181,6561,2026-09-03T02:32:19.113Z,FALSE,"",06:25,TRUE
fare_BOM-DEL_QP_2026-09-04_T+1_1788701812228_t1ka,BOM-DEL,EaseMyTrip,QP,QP-1111,2026-09-04,T+1,5381,1181,6562,2026-09-03T02:32:19.113Z,FALSE,"",05:25,TRUE
fare_BOM-DEL_QP_2026-09-04_T+1_1788701812228_xwzv,BOM-DEL,EaseMyTrip,QP,QP-1109,2026-09-04,T+1,5381,1181,6562,2026-09-03T02:32:19.113Z,FALSE,"",07:00,TRUE
fare_BOM-DEL_QP_2026-09-04_T+1_1788701812228_kesu,BOM-DEL,EaseMyTrip,QP,QP-1819,2026-09-04,T+1,5381,1181,6562,2026-09-03T02:32:19.113Z,FALSE,"",14:30,TRUE
fare_BOM-DEL_QP_2026-09-04_T+1_1788701812228_7kwg,BOM-DEL,EaseMyTrip,QP,QP-1834,2026-09-04,T+1,5381,1181,6562,2026-09-03T02:32:19.113Z,FALSE,"",10:20,TRUE
fare_BOM-DEL_QP_2026-09-04_T+1_1788701812228_36r1,BOM-DEL,EaseMyTrip,QP,QP-1127,2026-09-04,T+1,5381,1181,6562,2026-09-03T02:32:19.113Z,FALSE,"",12:55,TRUE
fare_BOM-DEL_QP_2026-09-04_T+1_1788701812228_olkt,BOM-DEL,EaseMyTrip,QP,QP-1825,2026-09-04,T+1,5381,1181,6562,2026-09-03T02:32:19.113Z,FALSE,"",16:50,TRUE
fare_BOM-DEL_QP_2026-09-04_T+1_1788701812228_n1uu,BOM-DEL,EaseMyTrip,QP,QP-1835,2026-09-04,T+1,5381,1181,6562,2026-09-03T02:32:19.113Z,FALSE,"",11:50,TRUE
fare_BOM-DEL_QP_2026-09-04_T+1_1788701812228_c14z,BOM-DEL,EaseMyTrip,QP,QP-1120,2026-09-04,T+1,5381,1181,6562,2026-09-03T02:32:19.113Z,FALSE,"",18:45,TRUE
fare_BOM-DEL_6E_2026-09-04_T+1_1788701812228_h9w6,BOM-DEL,EaseMyTrip,6E,6E-495,2026-09-04,T+1,5381,1181,6562,2026-09-03T02:32:19.113Z,FALSE,"",05:00,TRUE
fare_BOM-DEL_6E_2026-09-04_T+1_1788701812228_l5kg,BOM-DEL,EaseMyTrip,6E,6E-723,2026-09-04,T+1,5381,1181,6562,2026-09-03T02:32:19.113Z,FALSE,"",05:00,TRUE
fare_BOM-DEL_6E_2026-09-04_T+1_1788701812228_9lnp,BOM-DEL,EaseMyTrip,6E,6E-363,2026-09-04,T+1,5381,1181,6562,2026-09-03T02:32:19.113Z,FALSE,"",17:20,TRUE
fare_BOM-DEL_6E_2026-09-04_T+1_1788701812228_3b2d,BOM-DEL,EaseMyTrip,6E,6E-342,2026-09-04,T+1,5381,1181,6562,2026-09-03T02:32:19.113Z,FALSE,"",17:20,TRUE
fare_BOM-DEL_6E_2026-09-04_T+1_1788701812228_9ko4,BOM-DEL,EaseMyTrip,6E,6E-6082,2026-09-04,T+1,5381,1181,6562,2026-09-03T02:32:19.113Z,FALSE,"",16:45,TRUE
fare_BOM-DEL_6E_2026-09-04_T+1_1788701812228_mx0z,BOM-DEL,EaseMyTrip,6E,6E-107,2026-09-04,T+1,5381,1181,6562,2026-09-03T02:32:19.113Z,FALSE,"",16:00,TRUE
fare_BOM-DEL_6E_2026-09-04_T+1_1788701812228_sc2f,BOM-DEL,EaseMyTrip,6E,6E-789,2026-09-04,T+1,5381,1181,6562,2026-09-03T02:32:19.113Z,FALSE,"",16:00,TRUE
fare_BOM-DEL_6E_2026-09-04_T+1_1788701812228_puda,BOM-DEL,EaseMyTrip,6E,6E-806,2026-09-04,T+1,5381,1181,6562,2026-09-03T02:32:19.113Z,FALSE,"",15:00,TRUE
fare_BOM-DEL_6E_2026-09-04_T+1_1788701812228_m7gj,BOM-DEL,EaseMyTrip,6E,6E-247,2026-09-04,T+1,5381,1181,6562,2026-09-03T02:32:19.113Z,FALSE,"",15:00,TRUE
fare_BOM-DEL_6E_2026-09-04_T+1_1788701812228_aqus,BOM-DEL,EaseMyTrip,6E,6E-6704,2026-09-04,T+1,5381,1181,6562,2026-09-03T02:32:19.113Z,FALSE,"",14:00,TRUE
fare_BOM-DEL_6E_2026-09-04_T+1_1788701812228_d5fa,BOM-DEL,EaseMyTrip,6E,6E-6028,2026-09-04,T+1,5381,1181,6562,2026-09-03T02:32:19.113Z,FALSE,"",12:15,TRUE
fare_BOM-DEL_6E_2026-09-04_T+1_1788701812228_lhrv,BOM-DEL,EaseMyTrip,6E,6E-130,2026-09-04,T+1,5381,1181,6562,2026-09-03T02:32:19.113Z,FALSE,"",13:00,TRUE
fare_BOM-DEL_6E_2026-09-04_T+1_1788701812228_h0mz,BOM-DEL,EaseMyTrip,6E,6E-135,2026-09-04,T+1,5381,1181,6562,2026-09-03T02:32:19.113Z,FALSE,"",13:00,TRUE
fare_BOM-DEL_6E_2026-09-04_T+1_1788701812228_4xxz,BOM-DEL,EaseMyTrip,6E,6E-128,2026-09-04,T+1,5381,1181,6562,2026-09-03T02:32:19.113Z,FALSE,"",06:00,TRUE
fare_BOM-DEL_6E_2026-09-04_T+1_1788701812228_9ve2,BOM-DEL,EaseMyTrip,6E,6E-563,2026-09-04,T+1,5381,1181,6562,2026-09-03T02:32:19.113Z,FALSE,"",06:00,TRUE
fare_BOM-DEL_6E_2026-09-04_T+1_1788701812228_w8z4,BOM-DEL,EaseMyTrip,6E,6E-439,2026-09-04,T+1,5381,1181,6562,2026-09-03T02:32:19.113Z,FALSE,"",08:00,TRUE
fare_BOM-DEL_6E_2026-09-04_T+1_1788701812228_9z56,BOM-DEL,EaseMyTrip,6E,6E-777,2026-09-04,T+1,5381,1181,6562,2026-09-03T02:32:19.113Z,FALSE,"",08:00,TRUE
fare_BOM-DEL_6E_2026-09-04_T+1_1788701812228_4jnz,BOM-DEL,EaseMyTrip,6E,6E-6052,2026-09-04,T+1,5381,1181,6562,2026-09-03T02:32:19.113Z,FALSE,"",10:00,TRUE
fare_BOM-DEL_6E_2026-09-04_T+1_1788701812228_b1ej,BOM-DEL,EaseMyTrip,6E,6E-978,2026-09-04,T+1,5381,1181,6562,2026-09-03T02:32:19.113Z,FALSE,"",10:35,TRUE
fare_BOM-DEL_6E_2026-09-04_T+1_1788701812228_hpmm,BOM-DEL,EaseMyTrip,6E,6E-465,2026-09-04,T+1,5381,1181,6562,2026-09-03T02:32:19.113Z,FALSE,"",10:35,TRUE
fare_BOM-DEL_6E_2026-09-04_T+1_1788701812228_lml0,BOM-DEL,EaseMyTrip,6E,6E-6827,2026-09-04,T+1,5381,1181,6562,2026-09-03T02:32:19.113Z,FALSE,"",11:30,TRUE
fare_BOM-DEL_6E_2026-09-04_T+1_1788701812228_gdoo,BOM-DEL,EaseMyTrip,6E,6E-187,2026-09-04,T+1,5381,1181,6562,2026-09-03T02:32:19.113Z,FALSE,"",09:00,TRUE
fare_BOM-DEL_6E_2026-09-04_T+1_1788701812228_fsid,BOM-DEL,EaseMyTrip,6E,6E-741,2026-09-04,T+1,5381,1181,6562,2026-09-03T02:32:19.113Z,FALSE,"",09:00,TRUE
fare_BOM-DEL_QP_2026-09-04_T+1_1788701812228_0gep,BOM-DEL,EaseMyTrip,QP,QP-1939,2026-09-04,T+1,5423,1191,6614,2026-09-03T02:32:19.113Z,FALSE,"",10:10,TRUE
fare_BOM-DEL_6E_2026-09-04_T+1_1788701812228_a02q,BOM-DEL,EaseMyTrip,6E,6E-5197,2026-09-04,T+1,5423,1191,6614,2026-09-03T02:32:19.113Z,FALSE,"",06:40,TRUE
fare_BOM-DEL_6E_2026-09-04_T+1_1788701812228_lwur,BOM-DEL,EaseMyTrip,6E,6E-339,2026-09-04,T+1,5441,1194,6635,2026-09-03T02:32:19.113Z,FALSE,"",17:45,FALSE
fare_BOM-DEL_6E_2026-09-04_T+1_1788701812228_r4mp,BOM-DEL,EaseMyTrip,6E,6E-109,2026-09-04,T+1,5441,1194,6635,2026-09-03T02:32:19.113Z,FALSE,"",17:45,FALSE
fare_BOM-DEL_6E_2026-09-04_T+1_1788701812228_1pk3,BOM-DEL,EaseMyTrip,6E,6E-5326,2026-09-04,T+1,5441,1194,6635,2026-09-03T02:32:19.113Z,FALSE,"",19:40,FALSE
fare_BOM-DEL_6E_2026-09-04_T+1_1788701812228_iphg,BOM-DEL,EaseMyTrip,6E,6E-323,2026-09-04,T+1,5510,1210,6720,2026-09-03T02:32:19.113Z,FALSE,"",23:45,TRUE
fare_BOM-DEL_6E_2026-09-04_T+1_1788701812228_tasd,BOM-DEL,EaseMyTrip,6E,6E-421,2026-09-04,T+1,5510,1210,6720,2026-09-03T02:32:19.113Z,FALSE,"",23:45,TRUE
fare_BOM-DEL_6E_2026-09-04_T+1_1788701812228_fpyn,BOM-DEL,EaseMyTrip,6E,6E-960,2026-09-04,T+1,5510,1210,6720,2026-09-03T02:32:19.113Z,FALSE,"",22:15,TRUE
fare_BOM-DEL_6E_2026-09-04_T+1_1788701812228_b6ra,BOM-DEL,EaseMyTrip,6E,6E-388,2026-09-04,T+1,5510,1210,6720,2026-09-03T02:32:19.113Z,FALSE,"",22:15,TRUE
fare_BOM-DEL_6E_2026-09-04_T+1_1788701812228_aq1j,BOM-DEL,EaseMyTrip,6E,6E-343,2026-09-04,T+1,5510,1210,6720,2026-09-03T02:32:19.113Z,FALSE,"",07:00,TRUE
fare_BOM-DEL_6E_2026-09-04_T+1_1788701812228_lqay,BOM-DEL,EaseMyTrip,6E,6E-261,2026-09-04,T+1,5510,1210,6720,2026-09-03T02:32:19.113Z,FALSE,"",07:00,TRUE
fare_BOM-DEL_6E_2026-09-04_T+1_1788701812228_toik,BOM-DEL,EaseMyTrip,6E,6E-5201,2026-09-04,T+1,5561,1221,6782,2026-09-03T02:32:19.113Z,FALSE,"",14:55,FALSE
fare_BOM-DEL_AI_2026-09-04_T+1_1788701812228_wqo1,BOM-DEL,EaseMyTrip,AI,AI-2677,2026-09-04,T+1,5766,1266,7032,2026-09-03T02:32:19.113Z,FALSE,"",13:00,TRUE
fare_BOM-DEL_AI_2026-09-04_T+1_1788701812228_arf5,BOM-DEL,EaseMyTrip,AI,AI-2422,2026-09-04,T+1,5766,1266,7032,2026-09-03T02:32:19.113Z,FALSE,"",01:00,TRUE
fare_BOM-DEL_AI_2026-09-04_T+1_1788701812228_logw,BOM-DEL,EaseMyTrip,AI,AI-2952,2026-09-04,T+1,5766,1266,7032,2026-09-03T02:32:19.113Z,FALSE,"",11:25,TRUE
fare_BOM-DEL_AI_2026-09-04_T+1_1788701812228_23pq,BOM-DEL,EaseMyTrip,AI,AI-2419,2026-09-04,T+1,5766,1266,7032,2026-09-03T02:32:19.113Z,FALSE,"",12:00,TRUE
fare_BOM-DEL_AI_2026-09-04_T+1_1788701812228_s5c7,BOM-DEL,EaseMyTrip,AI,AI-2960,2026-09-04,T+1,5766,1266,7032,2026-09-03T02:32:19.113Z,FALSE,"",14:05,TRUE
fare_BOM-DEL_AI_2026-09-04_T+1_1788701812228_7bgz,BOM-DEL,EaseMyTrip,AI,AI-2944,2026-09-04,T+1,5766,1266,7032,2026-09-03T02:32:19.113Z,FALSE,"",14:35,TRUE
fare_BOM-DEL_AI_2026-09-04_T+1_1788701812228_3phe,BOM-DEL,EaseMyTrip,AI,AI-2442,2026-09-04,T+1,5766,1266,7032,2026-09-03T02:32:19.113Z,FALSE,"",15:00,TRUE
fare_BOM-DEL_AI_2026-09-04_T+1_1788701812228_iqad,BOM-DEL,EaseMyTrip,AI,AI-1882,2026-09-04,T+1,5766,1266,7032,2026-09-03T02:32:19.113Z,FALSE,"",23:55,TRUE
fare_BOM-DEL_AI_2026-09-04_T+1_1788701812228_t1nc,BOM-DEL,EaseMyTrip,AI,AI-2687,2026-09-04,T+1,5766,1266,7032,2026-09-03T02:32:19.113Z,FALSE,"",11:25,TRUE
fare_BOM-DEL_6E_2026-09-04_T+1_1788701812228_ci0v,BOM-DEL,EaseMyTrip,6E,6E-5147,2026-09-04,T+1,5669,1244,6913,2026-09-03T02:32:19.113Z,FALSE,"",18:35,FALSE
fare_BOM-DEL_6E_2026-09-04_T+1_1788701812228_edt5,BOM-DEL,EaseMyTrip,6E,6E-148,2026-09-04,T+1,5683,1247,6930,2026-09-03T02:32:19.113Z,FALSE,"",21:15,TRUE
fare_BOM-DEL_6E_2026-09-04_T+1_1788701812228_s5c1,BOM-DEL,EaseMyTrip,6E,6E-480,2026-09-04,T+1,5683,1247,6930,2026-09-03T02:32:19.113Z,FALSE,"",21:15,TRUE
fare_BOM-DEL_6E_2026-09-04_T+1_1788701812228_wt3h,BOM-DEL,EaseMyTrip,6E,6E-6049,2026-09-04,T+1,5683,1247,6930,2026-09-03T02:32:19.113Z,FALSE,"",19:45,TRUE
fare_BOM-DEL_6E_2026-09-04_T+1_1788701812228_qv2u,BOM-DEL,EaseMyTrip,6E,6E-6613,2026-09-04,T+1,5683,1247,6930,2026-09-03T02:32:19.113Z,FALSE,"",18:15,TRUE
fare_BOM-DEL_6E_2026-09-04_T+1_1788701812228_m8rt,BOM-DEL,EaseMyTrip,6E,6E-229,2026-09-04,T+1,5683,1247,6930,2026-09-03T02:32:19.113Z,FALSE,"",20:20,TRUE
fare_BOM-DEL_6E_2026-09-04_T+1_1788701812228_iszx,BOM-DEL,EaseMyTrip,6E,6E-922,2026-09-04,T+1,5683,1247,6930,2026-09-03T02:32:19.113Z,FALSE,"",20:20,TRUE
fare_BOM-DEL_6E_2026-09-04_T+1_1788701812228_jpb8,BOM-DEL,EaseMyTrip,6E,6E-459,2026-09-04,T+1,5724,1257,6981,2026-09-03T02:32:19.113Z,FALSE,"",17:20,TRUE
fare_BOM-DEL_6E_2026-09-04_T+1_1788701812228_htv0,BOM-DEL,EaseMyTrip,6E,6E-299,2026-09-04,T+1,5724,1257,6981,2026-09-03T02:32:19.113Z,FALSE,"",17:20,TRUE
fare_BOM-DEL_AI_2026-09-04_T+1_1788701812228_ikcq,BOM-DEL,EaseMyTrip,AI,AI-2928,2026-09-04,T+1,5897,1294,7191,2026-09-03T02:32:19.113Z,FALSE,"",06:30,TRUE
fare_BOM-DEL_AI_2026-09-04_T+1_1788701812228_x7ri,BOM-DEL,EaseMyTrip,AI,AI-2424,2026-09-04,T+1,5897,1294,7191,2026-09-03T02:32:19.113Z,FALSE,"",07:00,TRUE
fare_BOM-DEL_AI_2026-09-04_T+1_1788701812228_ml2v,BOM-DEL,EaseMyTrip,AI,AI-2930,2026-09-04,T+1,5897,1294,7191,2026-09-03T02:32:19.113Z,FALSE,"",07:30,TRUE
fare_BOM-DEL_AI_2026-09-04_T+1_1788701812228_bcsx,BOM-DEL,EaseMyTrip,AI,AI-2452,2026-09-04,T+1,5897,1294,7191,2026-09-03T02:32:19.113Z,FALSE,"",03:05,TRUE
fare_BOM-DEL_AI_2026-09-04_T+1_1788701812228_yagk,BOM-DEL,EaseMyTrip,AI,AI-2428,2026-09-04,T+1,5897,1294,7191,2026-09-03T02:32:19.113Z,FALSE,"",08:00,TRUE
fare_BOM-DEL_AI_2026-09-04_T+1_1788701812228_lzd1,BOM-DEL,EaseMyTrip,AI,AI-2970,2026-09-04,T+1,5897,1294,7191,2026-09-03T02:32:19.113Z,FALSE,"",08:30,TRUE
fare_BOM-DEL_AI_2026-09-04_T+1_1788701812228_trbj,BOM-DEL,EaseMyTrip,AI,AI-2432,2026-09-04,T+1,5897,1294,7191,2026-09-03T02:32:19.113Z,FALSE,"",09:30,TRUE
fare_BOM-DEL_AI_2026-09-04_T+1_1788701812228_s9jj,BOM-DEL,EaseMyTrip,AI,AI-2430,2026-09-04,T+1,5897,1294,7191,2026-09-03T02:32:19.113Z,FALSE,"",10:00,TRUE
fare_BOM-DEL_AI_2026-09-04_T+1_1788701812228_nbo0,BOM-DEL,EaseMyTrip,AI,AI-1851,2026-09-04,T+1,5897,1294,7191,2026-09-03T02:32:19.113Z,FALSE,"",15:30,TRUE
fare_BOM-DEL_AI_2026-09-04_T+1_1788701812228_0nrb,BOM-DEL,EaseMyTrip,AI,AI-2986,2026-09-04,T+1,5897,1294,7191,2026-09-03T02:32:19.113Z,FALSE,"",22:35,TRUE
fare_BOM-DEL_6E_2026-09-04_T+1_1788701812228_kjlv,BOM-DEL,EaseMyTrip,6E,6E-7017,2026-09-04,T+1,5737,1259,6996,2026-09-03T02:32:19.113Z,FALSE,"",21:30,FALSE
fare_BOM-DEL_6E_2026-09-04_T+1_1788701812228_90mn,BOM-DEL,EaseMyTrip,6E,6E-6543,2026-09-04,T+1,5787,1270,7057,2026-09-03T02:32:19.113Z,FALSE,"",07:50,FALSE
fare_BOM-DEL_6E_2026-09-04_T+1_1788701812228_pagc,BOM-DEL,EaseMyTrip,6E,6E-5056,2026-09-04,T+1,5841,1282,7123,2026-09-03T02:32:19.113Z,FALSE,"",21:10,FALSE
fare_BOM-DEL_6E_2026-09-04_T+1_1788701812228_e1j1,BOM-DEL,EaseMyTrip,6E,6E-5386,2026-09-04,T+1,5841,1282,7123,2026-09-03T02:32:19.113Z,FALSE,"",15:10,FALSE
fare_BOM-DEL_6E_2026-09-04_T+1_1788701812228_4zet,BOM-DEL,EaseMyTrip,6E,6E-2024,2026-09-04,T+1,5841,1282,7123,2026-09-03T02:32:19.113Z,FALSE,"",09:15,FALSE
fare_BOM-DEL_6E_2026-09-04_T+1_1788701812228_ssma,BOM-DEL,EaseMyTrip,6E,6E-997,2026-09-04,T+1,5897,1295,7192,2026-09-03T02:32:19.113Z,FALSE,"",19:00,TRUE
fare_BOM-DEL_AI_2026-09-04_T+1_1788701812228_gfad,BOM-DEL,EaseMyTrip,AI,AI-1895,2026-09-04,T+1,6069,1332,7401,2026-09-03T02:32:19.113Z,FALSE,"",21:30,TRUE
fare_BOM-DEL_SG_2026-09-04_T+1_1788701812228_g1fe,BOM-DEL,EaseMyTrip,SG,SG-506,2026-09-04,T+1,6145,1349,7494,2026-09-03T02:32:19.113Z,FALSE,"",17:55,TRUE
fare_BOM-DEL_SG_2026-09-04_T+1_1788701812228_sjp7,BOM-DEL,EaseMyTrip,SG,SG-404,2026-09-04,T+1,6145,1349,7494,2026-09-03T02:32:19.113Z,FALSE,"",17:55,TRUE
fare_BOM-DEL_IX_2026-09-04_T+1_1788701812228_6vhv,BOM-DEL,EaseMyTrip,IX,IX-1237,2026-09-04,T+1,6857,1505,8362,2026-09-03T02:32:19.113Z,FALSE,"",05:55,FALSE
fare_BOM-DEL_AI_2026-09-04_T+1_1788701812228_hevq,BOM-DEL,EaseMyTrip,AI,AI-816,2026-09-04,T+1,6220,1365,7585,2026-09-03T02:32:19.113Z,FALSE,"",21:00,TRUE
fare_BOM-DEL_AI_2026-09-04_T+1_1788701812228_nui9,BOM-DEL,EaseMyTrip,AI,AI-2988,2026-09-04,T+1,6220,1365,7585,2026-09-03T02:32:19.113Z,FALSE,"",20:30,TRUE
fare_BOM-DEL_6E_2026-09-04_T+1_1788701812228_yn97,BOM-DEL,EaseMyTrip,6E,6E-5238,2026-09-04,T+1,6156,1351,7507,2026-09-03T02:32:19.113Z,FALSE,"",18:25,FALSE
fare_BOM-DEL_AI_2026-09-04_T+1_1788701812228_hcc5,BOM-DEL,EaseMyTrip,AI,AI-1891,2026-09-04,T+1,6625,1454,8079,2026-09-03T02:32:19.113Z,FALSE,"",08:10,TRUE
fare_BOM-DEL_6E_2026-09-04_T+1_1788701812228_mpq5,BOM-DEL,EaseMyTrip,6E,6E-2347,2026-09-04,T+1,6485,1423,7908,2026-09-03T02:32:19.113Z,FALSE,"",08:50,FALSE
fare_BOM-DEL_6E_2026-09-04_T+1_1788701812228_a8rn,BOM-DEL,EaseMyTrip,6E,6E-6361,2026-09-04,T+1,6829,1499,8328,2026-09-03T02:32:19.113Z,FALSE,"",05:00,FALSE
fare_BOM-DEL_AI_2026-09-04_T+1_1788701812228_wlr2,BOM-DEL,EaseMyTrip,AI,AI-2408,2026-09-04,T+1,7030,1543,8573,2026-09-03T02:32:19.113Z,FALSE,"",19:30,TRUE
fare_BOM-DEL_AI_2026-09-04_T+1_1788701812228_jayn,BOM-DEL,EaseMyTrip,AI,AI-2940,2026-09-04,T+1,7284,1599,8883,2026-09-03T02:32:19.113Z,FALSE,"",20:00,TRUE
fare_BOM-DEL_6E_2026-09-04_T+1_1788701812228_hhrd,BOM-DEL,EaseMyTrip,6E,6E-6599,2026-09-04,T+1,7709,1692,9401,2026-09-03T02:32:19.113Z,FALSE,"",16:50,FALSE
fare_BOM-DEL_6E_2026-09-04_T+1_1788701812228_2lyx,BOM-DEL,EaseMyTrip,6E,6E-5135,2026-09-04,T+1,7751,1701,9452,2026-09-03T02:32:19.113Z,FALSE,"",23:20,FALSE
fare_BOM-DEL_IX_2026-09-04_T+1_1788701812228_zqau,BOM-DEL,EaseMyTrip,IX,IX-1809,2026-09-04,T+1,8322,1827,10149,2026-09-03T02:32:19.113Z,FALSE,"",07:30,FALSE
fare_BOM-DEL_6E_2026-09-04_T+1_1788701812228_lq7q,BOM-DEL,EaseMyTrip,6E,6E-2237,2026-09-04,T+1,8245,1810,10055,2026-09-03T02:32:19.113Z,FALSE,"",18:40,FALSE
fare_BOM-DEL_AI_2026-09-04_T+1_1788701812228_tg8t,BOM-DEL,EaseMyTrip,AI,AI-2440,2026-09-04,T+1,8845,1942,10787,2026-09-03T02:32:19.113Z,FALSE,"",18:00,TRUE
fare_BOM-DEL_6E_2026-09-04_T+1_1788701812228_f1bm,BOM-DEL,EaseMyTrip,6E,6E-2138,2026-09-04,T+1,8966,1968,10934,2026-09-03T02:32:19.113Z,TRUE,"High outlier: ₹10934 > upper fence ₹10847 (Q3: ₹8276, IQR: ₹1714)",16:20,FALSE
fare_BOM-DEL_AI_2026-09-04_T+1_1788701812228_yeel,BOM-DEL,EaseMyTrip,AI,AI-2491,2026-09-04,T+1,9347,2052,11399,2026-09-03T02:32:19.113Z,TRUE,"High outlier: ₹11399 > upper fence ₹10847 (Q3: ₹8276, IQR: ₹1714)",11:15,FALSE
fare_BOM-DEL_AI_2026-09-04_T+1_1788701812228_sj17,BOM-DEL,EaseMyTrip,AI,AI-9753,2026-09-04,T+1,9577,2102,11679,2026-09-03T02:32:19.113Z,TRUE,"High outlier: ₹11679 > upper fence ₹10847 (Q3: ₹8276, IQR: ₹1714)",05:45,FALSE
fare_BOM-DEL_AI_2026-09-04_T+1_1788701812228_go53,BOM-DEL,EaseMyTrip,AI,AI-9558,2026-09-04,T+1,9692,2128,11820,2026-09-03T02:32:19.113Z,TRUE,"High outlier: ₹11820 > upper fence ₹10847 (Q3: ₹8276, IQR: ₹1714)",07:30,FALSE
fare_BOM-DEL_6E_2026-09-04_T+1_1788701812228_gdnf,BOM-DEL,EaseMyTrip,6E,6E-5178,2026-09-04,T+1,10307,2263,12570,2026-09-03T02:32:19.113Z,TRUE,"High outlier: ₹12570 > upper fence ₹10847 (Q3: ₹8276, IQR: ₹1714)",11:45,FALSE
fare_BOM-DEL_AI_2026-09-04_T+1_1788701812228_fe1p,BOM-DEL,EaseMyTrip,AI,AI-2915,2026-09-04,T+1,11126,2442,13568,2026-09-03T02:32:19.113Z,TRUE,"High outlier: ₹13568 > upper fence ₹10847 (Q3: ₹8276, IQR: ₹1714)",15:30,FALSE
fare_BOM-DEL_AI_2026-09-04_T+1_1788701812228_mad2,BOM-DEL,EaseMyTrip,AI,AI-2919,2026-09-04,T+1,11126,2442,13568,2026-09-03T02:32:19.113Z,TRUE,"High outlier: ₹13568 > upper fence ₹10847 (Q3: ₹8276, IQR: ₹1714)",21:35,FALSE
fare_BOM-DEL_AI_2026-09-04_T+1_1788701812228_klo6,BOM-DEL,EaseMyTrip,AI,AI-2493,2026-09-04,T+1,11214,2461,13675,2026-09-03T02:32:19.113Z,TRUE,"High outlier: ₹13675 > upper fence ₹10847 (Q3: ₹8276, IQR: ₹1714)",18:25,FALSE
fare_BOM-DEL_AI_2026-09-04_T+1_1788701812228_kjk1,BOM-DEL,EaseMyTrip,AI,AI-2847,2026-09-04,T+1,11214,2461,13675,2026-09-03T02:32:19.113Z,TRUE,"High outlier: ₹13675 > upper fence ₹10847 (Q3: ₹8276, IQR: ₹1714)",09:55,FALSE
fare_BOM-DEL_AI_2026-09-04_T+1_1788701812228_0gh6,BOM-DEL,EaseMyTrip,AI,AI-2931,2026-09-04,T+1,11737,2577,14314,2026-09-03T02:32:19.113Z,TRUE,"High outlier: ₹14314 > upper fence ₹10847 (Q3: ₹8276, IQR: ₹1714)",04:30,FALSE
fare_BOM-DEL_6E_2026-09-04_T+1_1788701812228_z7jm,BOM-DEL,EaseMyTrip,6E,6E-5281,2026-09-04,T+1,11670,2562,14232,2026-09-03T02:32:19.113Z,TRUE,"High outlier: ₹14232 > upper fence ₹10847 (Q3: ₹8276, IQR: ₹1714)",08:40,FALSE
fare_BOM-DEL_6E_2026-09-04_T+1_1788701812228_yuyh,BOM-DEL,EaseMyTrip,6E,6E-5318,2026-09-04,T+1,11796,2589,14385,2026-09-03T02:32:19.113Z,TRUE,"High outlier: ₹14385 > upper fence ₹10847 (Q3: ₹8276, IQR: ₹1714)",10:15,FALSE
fare_BOM-DEL_QP_2026-09-04_T+1_1788701812228_hvo7,BOM-DEL,EaseMyTrip,QP,QP-1384,2026-09-04,T+1,11860,2603,14463,2026-09-03T02:32:19.113Z,TRUE,"High outlier: ₹14463 > upper fence ₹10847 (Q3: ₹8276, IQR: ₹1714)",23:10,FALSE
fare_BOM-DEL_AI_2026-09-04_T+1_1788701812228_x8gm,BOM-DEL,EaseMyTrip,AI,AI-603,2026-09-04,T+1,12591,2764,15355,2026-09-03T02:32:19.113Z,TRUE,"High outlier: ₹15355 > upper fence ₹10847 (Q3: ₹8276, IQR: ₹1714)",05:10,FALSE
fare_BOM-DEL_AI_2026-09-04_T+1_1788701812228_rksr,BOM-DEL,EaseMyTrip,AI,AI-2785,2026-09-04,T+1,12656,2778,15434,2026-09-03T02:32:19.113Z,TRUE,"High outlier: ₹15434 > upper fence ₹10847 (Q3: ₹8276, IQR: ₹1714)",06:40,FALSE
fare_BOM-DEL_AI_2026-09-04_T+1_1788701812228_vyg7,BOM-DEL,EaseMyTrip,AI,AI-2659,2026-09-04,T+1,13091,2874,15965,2026-09-03T02:32:19.113Z,TRUE,"High outlier: ₹15965 > upper fence ₹10847 (Q3: ₹8276, IQR: ₹1714)",14:35,FALSE
fare_BOM-DEL_IX_2026-09-04_T+1_1788701812228_bley,BOM-DEL,EaseMyTrip,IX,IX-1163,2026-09-04,T+1,13586,2982,16568,2026-09-03T02:32:19.113Z,TRUE,"High outlier: ₹16568 > upper fence ₹10847 (Q3: ₹8276, IQR: ₹1714)",20:45,FALSE
fare_BOM-DEL_AI_2026-09-04_T+1_1788701812228_to99,BOM-DEL,EaseMyTrip,AI,AI-2753,2026-09-04,T+1,13595,2984,16579,2026-09-03T02:32:19.113Z,TRUE,"High outlier: ₹16579 > upper fence ₹10847 (Q3: ₹8276, IQR: ₹1714)",13:50,FALSE
fare_BOM-DEL_AI_2026-09-04_T+1_1788701812228_0e9i,BOM-DEL,EaseMyTrip,AI,AI-9891,2026-09-04,T+1,13751,3018,16769,2026-09-03T02:32:19.113Z,TRUE,"High outlier: ₹16769 > upper fence ₹10847 (Q3: ₹8276, IQR: ₹1714)",13:10,FALSE
fare_BOM-DEL_QP_2026-09-04_T+1_1788701812228_vvwz,BOM-DEL,EaseMyTrip,QP,QP-1516,2026-09-04,T+1,13729,3014,16743,2026-09-03T02:32:19.113Z,TRUE,"High outlier: ₹16743 > upper fence ₹10847 (Q3: ₹8276, IQR: ₹1714)",00:40,FALSE
fare_BOM-DEL_6E_2026-09-04_T+1_1788701812228_9c8v,BOM-DEL,EaseMyTrip,6E,6E-5246,2026-09-04,T+1,13967,3066,17033,2026-09-03T02:32:19.113Z,TRUE,"High outlier: ₹17033 > upper fence ₹10847 (Q3: ₹8276, IQR: ₹1714)",07:15,FALSE
fare_BOM-DEL_AI_2026-09-04_T+1_1788701812228_d8bg,BOM-DEL,EaseMyTrip,AI,AI-2749,2026-09-04,T+1,14173,3111,17284,2026-09-03T02:32:19.113Z,TRUE,"High outlier: ₹17284 > upper fence ₹10847 (Q3: ₹8276, IQR: ₹1714)",17:35,FALSE
fare_BOM-DEL_AI_2026-09-04_T+1_1788701812228_swg9,BOM-DEL,EaseMyTrip,AI,AI-2741,2026-09-04,T+1,14403,3162,17565,2026-09-03T02:32:19.113Z,TRUE,"High outlier: ₹17565 > upper fence ₹10847 (Q3: ₹8276, IQR: ₹1714)",07:40,FALSE
fare_BOM-DEL_IX_2026-09-04_T+1_1788701812228_p6c1,BOM-DEL,EaseMyTrip,IX,IX-1283,2026-09-04,T+1,15045,3302,18347,2026-09-03T02:32:19.113Z,TRUE,"High outlier: ₹18347 > upper fence ₹10847 (Q3: ₹8276, IQR: ₹1714)",09:05,FALSE
fare_BOM-DEL_AI_2026-09-04_T+1_1788701812228_emjj,BOM-DEL,EaseMyTrip,AI,AI-2625,2026-09-04,T+1,14755,3239,17994,2026-09-03T02:32:19.113Z,TRUE,"High outlier: ₹17994 > upper fence ₹10847 (Q3: ₹8276, IQR: ₹1714)",06:00,FALSE
fare_BOM-DEL_AI_2026-09-04_T+1_1788701812228_g9sk,BOM-DEL,EaseMyTrip,AI,AI-2444,2026-09-04,T+1,14881,3266,18147,2026-09-03T02:32:19.113Z,TRUE,"High outlier: ₹18147 > upper fence ₹10847 (Q3: ₹8276, IQR: ₹1714)",10:50,FALSE
fare_BOM-DEL_AI_2026-09-04_T+1_1788701812228_6zu5,BOM-DEL,EaseMyTrip,AI,AI-2531,2026-09-04,T+1,15132,3322,18454,2026-09-03T02:32:19.113Z,TRUE,"High outlier: ₹18454 > upper fence ₹10847 (Q3: ₹8276, IQR: ₹1714)",15:05,FALSE
fare_BOM-DEL_IX_2026-09-04_T+1_1788701812228_r8ij,BOM-DEL,EaseMyTrip,IX,IX-1347,2026-09-04,T+1,16612,3647,20259,2026-09-03T02:32:19.113Z,TRUE,"High outlier: ₹20259 > upper fence ₹10847 (Q3: ₹8276, IQR: ₹1714)",06:00,FALSE
fare_BOM-DEL_AI_2026-09-04_T+1_1788701812228_ohhu,BOM-DEL,EaseMyTrip,AI,AI-2853,2026-09-04,T+1,16671,3660,20331,2026-09-03T02:32:19.113Z,TRUE,"High outlier: ₹20331 > upper fence ₹10847 (Q3: ₹8276, IQR: ₹1714)",15:25,FALSE
fare_BOM-DEL_AI_2026-09-04_T+1_1788701812228_j4ua,BOM-DEL,EaseMyTrip,AI,AI-2579,2026-09-04,T+1,17018,3736,20754,2026-09-03T02:32:19.113Z,TRUE,"High outlier: ₹20754 > upper fence ₹10847 (Q3: ₹8276, IQR: ₹1714)",10:35,FALSE
fare_BOM-DEL_AI_2026-09-04_T+1_1788701812228_ns4u,BOM-DEL,EaseMyTrip,AI,AI-2728,2026-09-04,T+1,17405,3820,21225,2026-09-03T02:32:19.113Z,TRUE,"High outlier: ₹21225 > upper fence ₹10847 (Q3: ₹8276, IQR: ₹1714)",05:20,FALSE
fare_BOM-DEL_IX_2026-09-04_T+1_1788701812228_y8b4,BOM-DEL,EaseMyTrip,IX,IX-1238,2026-09-04,T+1,19503,4281,23784,2026-09-03T02:32:19.113Z,TRUE,"High outlier: ₹23784 > upper fence ₹10847 (Q3: ₹8276, IQR: ₹1714)",12:25,FALSE
fare_BOM-DEL_AI_2026-09-04_T+1_1788701812228_l592,BOM-DEL,EaseMyTrip,AI,AI-9533,2026-09-04,T+1,23187,5090,28277,2026-09-03T02:32:19.113Z,TRUE,"High outlier: ₹28277 > upper fence ₹10847 (Q3: ₹8276, IQR: ₹1714)",16:30,FALSE
fare_BOM-DEL_AI_2026-09-04_T+1_1788701812228_nor5,BOM-DEL,EaseMyTrip,AI,AI-2781,2026-09-04,T+1,28357,6225,34582,2026-09-03T02:32:19.113Z,TRUE,"High outlier: ₹34582 > upper fence ₹10847 (Q3: ₹8276, IQR: ₹1714)",10:45,FALSE
fare_BOM-DEL_6E_2026-09-04_T+1_1788701812229_2toa,BOM-DEL,EaseMyTrip,6E,6E-409,2026-09-04,T+1,4795,1053,5848,2026-09-03T21:14:16.734Z,FALSE,"",14:40,FALSE
fare_BOM-DEL_6E_2026-09-04_T+1_1788701812229_k7e3,BOM-DEL,EaseMyTrip,6E,6E-993,2026-09-04,T+1,4795,1053,5848,2026-09-03T21:14:16.734Z,FALSE,"",14:40,FALSE
fare_BOM-DEL_SG_2026-09-04_T+1_1788701812229_914o,BOM-DEL,EaseMyTrip,SG,SG-524,2026-09-04,T+1,5242,1151,6393,2026-09-03T21:14:16.734Z,FALSE,"",17:55,TRUE
fare_BOM-DEL_SG_2026-09-04_T+1_1788701812229_urtm,BOM-DEL,EaseMyTrip,SG,SG-863,2026-09-04,T+1,5242,1151,6393,2026-09-03T21:14:16.734Z,FALSE,"",17:55,TRUE
fare_BOM-DEL_SG_2026-09-04_T+1_1788701812229_5770,BOM-DEL,EaseMyTrip,SG,SG-859,2026-09-04,T+1,5242,1151,6393,2026-09-03T21:14:16.734Z,FALSE,"",23:55,TRUE
fare_BOM-DEL_SG_2026-09-04_T+1_1788701812229_7u9t,BOM-DEL,EaseMyTrip,SG,SG-448,2026-09-04,T+1,5242,1151,6393,2026-09-03T21:14:16.734Z,FALSE,"",23:55,TRUE
fare_BOM-DEL_6E_2026-09-04_T+1_1788701812229_2abb,BOM-DEL,EaseMyTrip,6E,6E-639,2026-09-04,T+1,5332,1171,6503,2026-09-03T21:14:16.734Z,FALSE,"",19:20,FALSE
fare_BOM-DEL_6E_2026-09-04_T+1_1788701812229_s93x,BOM-DEL,EaseMyTrip,6E,6E-756,2026-09-04,T+1,5332,1171,6503,2026-09-03T21:14:16.734Z,FALSE,"",19:20,FALSE
fare_BOM-DEL_6E_2026-09-04_T+1_1788701812229_1ujr,BOM-DEL,EaseMyTrip,6E,6E-785,2026-09-04,T+1,5381,1181,6562,2026-09-03T21:14:16.734Z,FALSE,"",05:00,TRUE
fare_BOM-DEL_6E_2026-09-04_T+1_1788701812229_zbcn,BOM-DEL,EaseMyTrip,6E,6E-716,2026-09-04,T+1,5381,1181,6562,2026-09-03T21:14:16.734Z,FALSE,"",05:00,TRUE
fare_BOM-DEL_6E_2026-09-04_T+1_1788701812229_zbmq,BOM-DEL,EaseMyTrip,6E,6E-635,2026-09-04,T+1,5381,1181,6562,2026-09-03T21:14:16.734Z,FALSE,"",23:45,TRUE
fare_BOM-DEL_6E_2026-09-04_T+1_1788701812229_qzfv,BOM-DEL,EaseMyTrip,6E,6E-815,2026-09-04,T+1,5381,1181,6562,2026-09-03T21:14:16.734Z,FALSE,"",17:20,TRUE
fare_BOM-DEL_6E_2026-09-04_T+1_1788701812229_zqac,BOM-DEL,EaseMyTrip,6E,6E-585,2026-09-04,T+1,5381,1181,6562,2026-09-03T21:14:16.734Z,FALSE,"",16:00,TRUE
fare_BOM-DEL_6E_2026-09-04_T+1_1788701812229_1jnf,BOM-DEL,EaseMyTrip,6E,6E-487,2026-09-04,T+1,5381,1181,6562,2026-09-03T21:14:16.734Z,FALSE,"",15:00,TRUE
fare_BOM-DEL_6E_2026-09-04_T+1_1788701812229_nzbh,BOM-DEL,EaseMyTrip,6E,6E-799,2026-09-04,T+1,5381,1181,6562,2026-09-03T21:14:16.734Z,FALSE,"",15:00,TRUE
fare_BOM-DEL_6E_2026-09-04_T+1_1788701812229_0zxc,BOM-DEL,EaseMyTrip,6E,6E-533,2026-09-04,T+1,5381,1181,6562,2026-09-03T21:14:16.734Z,FALSE,"",13:00,TRUE
fare_BOM-DEL_6E_2026-09-04_T+1_1788701812229_85g0,BOM-DEL,EaseMyTrip,6E,6E-385,2026-09-04,T+1,5381,1181,6562,2026-09-03T21:14:16.734Z,FALSE,"",13:00,TRUE
fare_BOM-DEL_6E_2026-09-04_T+1_1788701812229_aokw,BOM-DEL,EaseMyTrip,6E,6E-958,2026-09-04,T+1,5381,1181,6562,2026-09-03T21:14:16.734Z,FALSE,"",06:00,TRUE
fare_BOM-DEL_6E_2026-09-04_T+1_1788701812229_mifu,BOM-DEL,EaseMyTrip,6E,6E-838,2026-09-04,T+1,5381,1181,6562,2026-09-03T21:14:16.734Z,FALSE,"",07:00,TRUE
fare_BOM-DEL_6E_2026-09-04_T+1_1788701812229_ixn8,BOM-DEL,EaseMyTrip,6E,6E-386,2026-09-04,T+1,5381,1181,6562,2026-09-03T21:14:16.734Z,FALSE,"",07:00,TRUE
fare_BOM-DEL_6E_2026-09-04_T+1_1788701812229_6ule,BOM-DEL,EaseMyTrip,6E,6E-561,2026-09-04,T+1,5381,1181,6562,2026-09-03T21:14:16.734Z,FALSE,"",08:00,TRUE
fare_BOM-DEL_6E_2026-09-04_T+1_1788701812229_1jsh,BOM-DEL,EaseMyTrip,6E,6E-998,2026-09-04,T+1,5381,1181,6562,2026-09-03T21:14:16.734Z,FALSE,"",08:00,TRUE
fare_BOM-DEL_6E_2026-09-04_T+1_1788701812229_wwsl,BOM-DEL,EaseMyTrip,6E,6E-145,2026-09-04,T+1,5381,1181,6562,2026-09-03T21:14:16.734Z,FALSE,"",10:35,TRUE
fare_BOM-DEL_6E_2026-09-04_T+1_1788701812229_mk1y,BOM-DEL,EaseMyTrip,6E,6E-217,2026-09-04,T+1,5510,1210,6720,2026-09-03T21:14:16.734Z,FALSE,"",22:15,TRUE
fare_BOM-DEL_6E_2026-09-04_T+1_1788701812229_4j0i,BOM-DEL,EaseMyTrip,6E,6E-647,2026-09-04,T+1,5510,1210,6720,2026-09-03T21:14:16.734Z,FALSE,"",22:15,TRUE
fare_BOM-DEL_6E_2026-09-04_T+1_1788701812229_jy75,BOM-DEL,EaseMyTrip,6E,6E-766,2026-09-04,T+1,5510,1210,6720,2026-09-03T21:14:16.734Z,FALSE,"",21:15,TRUE
fare_BOM-DEL_6E_2026-09-04_T+1_1788701812229_h9ck,BOM-DEL,EaseMyTrip,6E,6E-925,2026-09-04,T+1,5510,1210,6720,2026-09-03T21:14:16.734Z,FALSE,"",21:15,TRUE
fare_BOM-DEL_6E_2026-09-04_T+1_1788701812229_9mbs,BOM-DEL,EaseMyTrip,6E,6E-669,2026-09-04,T+1,5510,1210,6720,2026-09-03T21:14:16.734Z,FALSE,"",20:20,TRUE
fare_BOM-DEL_6E_2026-09-04_T+1_1788701812229_j3ij,BOM-DEL,EaseMyTrip,6E,6E-944,2026-09-04,T+1,5510,1210,6720,2026-09-03T21:14:16.734Z,FALSE,"",20:20,TRUE
fare_BOM-DEL_6E_2026-09-04_T+1_1788701812229_2or0,BOM-DEL,EaseMyTrip,6E,6E-143,2026-09-04,T+1,5683,1247,6930,2026-09-03T21:14:16.734Z,FALSE,"",19:00,TRUE
fare_BOM-DEL_6E_2026-09-04_T+1_1788701812229_861r,BOM-DEL,EaseMyTrip,6E,6E-381,2026-09-04,T+1,5683,1247,6930,2026-09-03T21:14:16.734Z,FALSE,"",19:00,TRUE
fare_BOM-DEL_6E_2026-09-04_T+1_1788701812229_qd06,BOM-DEL,EaseMyTrip,6E,6E-877,2026-09-04,T+1,5683,1247,6930,2026-09-03T21:14:16.734Z,FALSE,"",09:00,TRUE
fare_BOM-DEL_6E_2026-09-04_T+1_1788701812229_wyw9,BOM-DEL,EaseMyTrip,6E,6E-545,2026-09-04,T+1,5683,1247,6930,2026-09-03T21:14:16.734Z,FALSE,"",09:00,TRUE
fare_BOM-DEL_6E_2026-09-04_T+1_1788701812229_ew5y,BOM-DEL,EaseMyTrip,6E,6E-832,2026-09-04,T+1,5724,1257,6981,2026-09-03T21:14:16.734Z,FALSE,"",17:20,TRUE
fare_BOM-DEL_6E_2026-09-04_T+1_1788701812229_kzjr,BOM-DEL,EaseMyTrip,6E,6E-411,2026-09-04,T+1,5724,1257,6981,2026-09-03T21:14:16.734Z,FALSE,"",17:20,TRUE
fare_BOM-DEL_6E_2026-09-04_T+1_1788701812229_d7dl,BOM-DEL,EaseMyTrip,6E,6E-518,2026-09-04,T+1,6281,1379,7660,2026-09-03T21:14:16.734Z,FALSE,"",17:45,FALSE
fare_BOM-DEL_6E_2026-09-04_T+1_1788701812229_aazy,BOM-DEL,EaseMyTrip,6E,6E-644,2026-09-04,T+1,6281,1379,7660,2026-09-03T21:14:16.734Z,FALSE,"",17:45,FALSE
fare_BOM-DEL_6E_2026-09-04_T+1_1788701812229_8dd8,BOM-DEL,EaseMyTrip,6E,6E-138,2026-09-04,T+1,6657,1461,8118,2026-09-03T21:14:16.734Z,FALSE,"",04:45,FALSE
fare_BOM-DEL_6E_2026-09-04_T+1_1788701812229_5rgu,BOM-DEL,EaseMyTrip,6E,6E-981,2026-09-04,T+1,6657,1461,8118,2026-09-03T21:14:16.734Z,FALSE,"",04:45,FALSE
fare_BOM-DEL_6E_2026-09-04_T+1_1788701812229_jki5,BOM-DEL,EaseMyTrip,6E,6E-527,2026-09-04,T+1,8139,1787,9926,2026-09-03T21:14:16.734Z,FALSE,"",12:40,FALSE
fare_BOM-DEL_6E_2026-09-04_T+1_1788701812229_ykfq,BOM-DEL,EaseMyTrip,6E,6E-661,2026-09-04,T+1,8139,1787,9926,2026-09-03T21:14:16.734Z,FALSE,"",12:40,FALSE
fare_BOM-DEL_AI_2026-09-04_T+1_1788701812229_j4ma,BOM-DEL,EaseMyTrip,AI,AI-9718,2026-09-04,T+1,11079,2432,13511,2026-09-03T21:14:16.734Z,TRUE,"High outlier: ₹13511 > upper fence ₹10847 (Q3: ₹8276, IQR: ₹1714)",20:05,FALSE
fare_BOM-DEL_IX_2026-09-04_T+1_1788701812229_13r9,BOM-DEL,EaseMyTrip,IX,IX-1810,2026-09-04,T+1,12268,2693,14961,2026-09-03T21:14:16.734Z,TRUE,"High outlier: ₹14961 > upper fence ₹10847 (Q3: ₹8276, IQR: ₹1714)",13:40,FALSE
fare_BOM-DEL_IX_2026-09-04_T+1_1788701812229_rhrj,BOM-DEL,EaseMyTrip,IX,IX-1640,2026-09-04,T+1,12697,2787,15484,2026-09-03T21:14:16.734Z,TRUE,"High outlier: ₹15484 > upper fence ₹10847 (Q3: ₹8276, IQR: ₹1714)",21:10,FALSE
fare_BOM-DEL_AI_2026-09-04_T+1_1788701812229_aotx,BOM-DEL,EaseMyTrip,AI,AI-3305,2026-09-04,T+1,12408,2724,15132,2026-09-03T21:14:16.734Z,TRUE,"High outlier: ₹15132 > upper fence ₹10847 (Q3: ₹8276, IQR: ₹1714)",23:40,FALSE
fare_BOM-DEL_AI_2026-09-04_T+1_1788701812229_3r9s,BOM-DEL,EaseMyTrip,AI,AI-413,2026-09-04,T+1,12440,2731,15171,2026-09-03T21:14:16.734Z,TRUE,"High outlier: ₹15171 > upper fence ₹10847 (Q3: ₹8276, IQR: ₹1714)",21:15,FALSE
fare_BOM-DEL_AI_2026-09-04_T+1_1788701812229_nb6g,BOM-DEL,EaseMyTrip,AI,AI-493,2026-09-04,T+1,12577,2761,15338,2026-09-03T21:14:16.734Z,TRUE,"High outlier: ₹15338 > upper fence ₹10847 (Q3: ₹8276, IQR: ₹1714)",06:40,FALSE
fare_BOM-DEL_IX_2026-09-04_T+1_1788701812229_a19d,BOM-DEL,EaseMyTrip,IX,IX-1797,2026-09-04,T+1,15385,3377,18762,2026-09-03T21:14:16.734Z,TRUE,"High outlier: ₹18762 > upper fence ₹10847 (Q3: ₹8276, IQR: ₹1714)",05:05,FALSE
fare_BOM-DEL_AI_2026-09-04_T+1_1788701812229_rqs1,BOM-DEL,EaseMyTrip,AI,AI-2857,2026-09-04,T+1,16362,3592,19954,2026-09-03T21:14:16.734Z,TRUE,"High outlier: ₹19954 > upper fence ₹10847 (Q3: ₹8276, IQR: ₹1714)",23:30,FALSE
fare_BOM-DEL_AI_2026-09-04_T+1_1788701812229_3op3,BOM-DEL,EaseMyTrip,AI,AI-2503,2026-09-04,T+1,17064,3746,20810,2026-09-03T21:14:16.734Z,TRUE,"High outlier: ₹20810 > upper fence ₹10847 (Q3: ₹8276, IQR: ₹1714)",12:55,FALSE
fare_BOM-DEL_IX_2026-09-04_T+1_1788701812229_raxy,BOM-DEL,EaseMyTrip,IX,IX-1176,2026-09-04,T+1,19321,4241,23562,2026-09-03T21:14:16.734Z,TRUE,"High outlier: ₹23562 > upper fence ₹10847 (Q3: ₹8276, IQR: ₹1714)",11:20,FALSE
fare_BOM-DEL_6E_2026-10-03_T+30_1788701812229_ppno,BOM-DEL,EaseMyTrip,6E,6E-5107,2026-10-03,T+30,4795,1053,5848,2026-09-03T21:14:35.232Z,FALSE,"",20:00,FALSE
fare_BOM-DEL_6E_2026-10-03_T+30_1788701812229_i9um,BOM-DEL,EaseMyTrip,6E,6E-6027,2026-10-03,T+30,4904,1076,5980,2026-09-03T21:14:35.232Z,FALSE,"",17:35,FALSE
fare_BOM-DEL_6E_2026-10-03_T+30_1788701812229_6040,BOM-DEL,EaseMyTrip,6E,6E-5164,2026-10-03,T+30,4904,1076,5980,2026-09-03T21:14:35.232Z,FALSE,"",20:00,FALSE
fare_BOM-DEL_6E_2026-10-03_T+30_1788701812229_gmwv,BOM-DEL,EaseMyTrip,6E,6E-5147,2026-10-03,T+30,4904,1076,5980,2026-09-03T21:14:35.232Z,FALSE,"",18:35,FALSE
fare_BOM-DEL_6E_2026-10-03_T+30_1788701812229_fpf8,BOM-DEL,EaseMyTrip,6E,6E-6802,2026-10-03,T+30,4904,1076,5980,2026-09-03T21:14:35.232Z,FALSE,"",16:55,FALSE
fare_BOM-DEL_SG_2026-10-03_T+30_1788701812229_ba05,BOM-DEL,EaseMyTrip,SG,SG-845,2026-10-03,T+30,5231,1148,6379,2026-09-03T21:14:35.232Z,FALSE,"",01:50,TRUE
fare_BOM-DEL_SG_2026-10-03_T+30_1788701812229_xavc,BOM-DEL,EaseMyTrip,SG,SG-677,2026-10-03,T+30,5231,1148,6379,2026-09-03T21:14:35.232Z,FALSE,"",01:50,TRUE
fare_BOM-DEL_SG_2026-10-03_T+30_1788701812229_mp3a,BOM-DEL,EaseMyTrip,SG,SG-388,2026-10-03,T+30,5231,1148,6379,2026-09-03T21:14:35.232Z,FALSE,"",06:25,TRUE
fare_BOM-DEL_SG_2026-10-03_T+30_1788701812229_ee89,BOM-DEL,EaseMyTrip,SG,SG-798,2026-10-03,T+30,5231,1148,6379,2026-09-03T21:14:35.232Z,FALSE,"",06:25,TRUE
fare_BOM-DEL_6E_2026-10-03_T+30_1788701812229_j4ws,BOM-DEL,EaseMyTrip,6E,6E-5135,2026-10-03,T+30,4945,1085,6030,2026-09-03T21:14:35.232Z,FALSE,"",23:20,FALSE
fare_BOM-DEL_6E_2026-10-03_T+30_1788701812229_67yu,BOM-DEL,EaseMyTrip,6E,6E-5028,2026-10-03,T+30,4968,1090,6058,2026-09-03T21:14:35.232Z,FALSE,"",19:35,FALSE
fare_BOM-DEL_6E_2026-10-03_T+30_1788701812229_gcpj,BOM-DEL,EaseMyTrip,6E,6E-6937,2026-10-03,T+30,4968,1090,6058,2026-09-03T21:14:35.232Z,FALSE,"",11:30,FALSE
fare_BOM-DEL_6E_2026-10-03_T+30_1788701812229_uckn,BOM-DEL,EaseMyTrip,6E,6E-5177,2026-10-03,T+30,4968,1090,6058,2026-09-03T21:14:35.232Z,FALSE,"",19:10,FALSE
fare_BOM-DEL_6E_2026-10-03_T+30_1788701812229_89a0,BOM-DEL,EaseMyTrip,6E,6E-988,2026-10-03,T+30,4968,1090,6058,2026-09-03T21:14:35.232Z,FALSE,"",04:30,FALSE
fare_BOM-DEL_6E_2026-10-03_T+30_1788701812229_wz1c,BOM-DEL,EaseMyTrip,6E,6E-926,2026-10-03,T+30,4968,1090,6058,2026-09-03T21:14:35.232Z,FALSE,"",04:30,FALSE
fare_BOM-DEL_6E_2026-10-03_T+30_1788701812229_1hc1,BOM-DEL,EaseMyTrip,6E,6E-757,2026-10-03,T+30,5009,1100,6109,2026-09-03T21:14:35.232Z,FALSE,"",13:35,FALSE
fare_BOM-DEL_6E_2026-10-03_T+30_1788701812229_bjyl,BOM-DEL,EaseMyTrip,6E,6E-818,2026-10-03,T+30,5009,1100,6109,2026-09-03T21:14:35.232Z,FALSE,"",13:35,FALSE
fare_BOM-DEL_6E_2026-10-03_T+30_1788701812229_twql,BOM-DEL,EaseMyTrip,6E,6E-7017,2026-10-03,T+30,5009,1100,6109,2026-09-03T21:14:35.232Z,FALSE,"",21:30,FALSE
fare_BOM-DEL_6E_2026-10-03_T+30_1788701812229_tjhf,BOM-DEL,EaseMyTrip,6E,6E-624,2026-10-03,T+30,5009,1100,6109,2026-09-03T21:14:35.232Z,FALSE,"",07:05,FALSE
fare_BOM-DEL_6E_2026-10-03_T+30_1788701812229_w9tl,BOM-DEL,EaseMyTrip,6E,6E-742,2026-10-03,T+30,5009,1100,6109,2026-09-03T21:14:35.232Z,FALSE,"",07:05,FALSE
fare_BOM-DEL_6E_2026-10-03_T+30_1788701812229_00cr,BOM-DEL,EaseMyTrip,6E,6E-2138,2026-10-03,T+30,5009,1100,6109,2026-09-03T21:14:35.232Z,FALSE,"",16:20,FALSE
fare_BOM-DEL_6E_2026-10-03_T+30_1788701812229_5w9k,BOM-DEL,EaseMyTrip,6E,6E-5238,2026-10-03,T+30,5009,1100,6109,2026-09-03T21:14:35.232Z,FALSE,"",18:25,FALSE
fare_BOM-DEL_6E_2026-10-03_T+30_1788701812229_9l0k,BOM-DEL,EaseMyTrip,6E,6E-218,2026-10-03,T+30,5009,1100,6109,2026-09-03T21:14:35.232Z,FALSE,"",07:05,FALSE
fare_BOM-DEL_6E_2026-10-03_T+30_1788701812229_bw5r,BOM-DEL,EaseMyTrip,6E,6E-496,2026-10-03,T+30,5009,1100,6109,2026-09-03T21:14:35.232Z,FALSE,"",07:05,FALSE
fare_BOM-DEL_6E_2026-10-03_T+30_1788701812229_2pbd,BOM-DEL,EaseMyTrip,6E,6E-840,2026-10-03,T+30,5009,1100,6109,2026-09-03T21:14:35.232Z,FALSE,"",07:05,FALSE
fare_BOM-DEL_6E_2026-10-03_T+30_1788701812229_n3j1,BOM-DEL,EaseMyTrip,6E,6E-134,2026-10-03,T+30,5009,1100,6109,2026-09-03T21:14:35.232Z,FALSE,"",07:05,FALSE
fare_BOM-DEL_6E_2026-10-03_T+30_1788701812229_hml1,BOM-DEL,EaseMyTrip,6E,6E-993,2026-10-03,T+30,5009,1100,6109,2026-09-03T21:14:35.232Z,FALSE,"",13:35,FALSE
fare_BOM-DEL_6E_2026-10-03_T+30_1788701812229_6c2e,BOM-DEL,EaseMyTrip,6E,6E-125,2026-10-03,T+30,5009,1100,6109,2026-09-03T21:14:35.232Z,FALSE,"",13:35,FALSE
fare_BOM-DEL_6E_2026-10-03_T+30_1788701812229_s2xn,BOM-DEL,EaseMyTrip,6E,6E-5095,2026-10-03,T+30,5014,1101,6115,2026-09-03T21:14:35.232Z,FALSE,"",09:20,TRUE
fare_BOM-DEL_6E_2026-10-03_T+30_1788701812229_xilc,BOM-DEL,EaseMyTrip,6E,6E-6543,2026-10-03,T+30,5022,1102,6124,2026-09-03T21:14:35.232Z,FALSE,"",07:50,FALSE
fare_BOM-DEL_6E_2026-10-03_T+30_1788701812229_8tnn,BOM-DEL,EaseMyTrip,6E,6E-590,2026-10-03,T+30,5076,1114,6190,2026-09-03T21:14:35.232Z,FALSE,"",17:45,FALSE
fare_BOM-DEL_6E_2026-10-03_T+30_1788701812229_rkt5,BOM-DEL,EaseMyTrip,6E,6E-271,2026-10-03,T+30,5076,1114,6190,2026-09-03T21:14:35.232Z,FALSE,"",17:45,FALSE
fare_BOM-DEL_6E_2026-10-03_T+30_1788701812229_qvby,BOM-DEL,EaseMyTrip,6E,6E-5056,2026-10-03,T+30,5076,1114,6190,2026-09-03T21:14:35.232Z,FALSE,"",21:10,FALSE
fare_BOM-DEL_6E_2026-10-03_T+30_1788701812229_g9ws,BOM-DEL,EaseMyTrip,6E,6E-5178,2026-10-03,T+30,5076,1114,6190,2026-09-03T21:14:35.232Z,FALSE,"",11:40,FALSE
fare_BOM-DEL_6E_2026-10-03_T+30_1788701812229_715a,BOM-DEL,EaseMyTrip,6E,6E-5179,2026-10-03,T+30,5076,1114,6190,2026-09-03T21:14:35.232Z,FALSE,"",02:45,FALSE
fare_BOM-DEL_6E_2026-10-03_T+30_1788701812229_4c7r,BOM-DEL,EaseMyTrip,6E,6E-5318,2026-10-03,T+30,5076,1114,6190,2026-09-03T21:14:35.232Z,FALSE,"",10:15,FALSE
fare_BOM-DEL_IX_2026-10-03_T+30_1788701812229_n3rn,BOM-DEL,EaseMyTrip,IX,IX-1050,2026-10-03,T+30,5380,1181,6561,2026-09-03T21:14:35.232Z,FALSE,"",14:45,TRUE
fare_BOM-DEL_IX_2026-10-03_T+30_1788701812229_lhex,BOM-DEL,EaseMyTrip,IX,IX-1671,2026-10-03,T+30,5380,1181,6561,2026-09-03T21:14:35.232Z,FALSE,"",16:45,TRUE
fare_BOM-DEL_IX_2026-10-03_T+30_1788701812229_d3it,BOM-DEL,EaseMyTrip,IX,IX-1464,2026-10-03,T+30,5380,1181,6561,2026-09-03T21:14:35.232Z,FALSE,"",08:25,TRUE
fare_BOM-DEL_IX_2026-10-03_T+30_1788701812229_uzk0,BOM-DEL,EaseMyTrip,IX,IX-2153,2026-10-03,T+30,5380,1181,6561,2026-09-03T21:14:35.232Z,FALSE,"",20:25,TRUE
fare_BOM-DEL_IX_2026-10-03_T+30_1788701812229_7qq0,BOM-DEL,EaseMyTrip,IX,IX-1364,2026-10-03,T+30,5380,1181,6561,2026-09-03T21:14:35.232Z,FALSE,"",21:55,TRUE
fare_BOM-DEL_6E_2026-10-03_T+30_1788701812229_17uk,BOM-DEL,EaseMyTrip,6E,6E-6191,2026-10-03,T+30,5117,1123,6240,2026-09-03T21:14:35.232Z,FALSE,"",14:10,FALSE
fare_BOM-DEL_6E_2026-10-03_T+30_1788701812229_kgla,BOM-DEL,EaseMyTrip,6E,6E-5059,2026-10-03,T+30,5160,1133,6293,2026-09-03T21:14:35.232Z,FALSE,"",05:45,FALSE
fare_BOM-DEL_6E_2026-10-03_T+30_1788701812229_obn5,BOM-DEL,EaseMyTrip,6E,6E-491,2026-10-03,T+30,5160,1133,6293,2026-09-03T21:14:35.232Z,FALSE,"",01:30,FALSE
fare_BOM-DEL_6E_2026-10-03_T+30_1788701812229_deg7,BOM-DEL,EaseMyTrip,6E,6E-609,2026-10-03,T+30,5160,1133,6293,2026-09-03T21:14:35.232Z,FALSE,"",01:30,FALSE
fare_BOM-DEL_6E_2026-10-03_T+30_1788701812229_qul8,BOM-DEL,EaseMyTrip,6E,6E-5144,2026-10-03,T+30,5160,1133,6293,2026-09-03T21:14:35.232Z,FALSE,"",06:10,FALSE
fare_BOM-DEL_6E_2026-10-03_T+30_1788701812229_0wbm,BOM-DEL,EaseMyTrip,6E,6E-2347,2026-10-03,T+30,5160,1133,6293,2026-09-03T21:14:35.232Z,FALSE,"",08:50,FALSE
fare_BOM-DEL_6E_2026-10-03_T+30_1788701812229_0rej,BOM-DEL,EaseMyTrip,6E,6E-6599,2026-10-03,T+30,5269,1156,6425,2026-09-03T21:14:35.232Z,FALSE,"",16:50,FALSE
fare_BOM-DEL_6E_2026-10-03_T+30_1788701812229_un1s,BOM-DEL,EaseMyTrip,6E,6E-5154,2026-10-03,T+30,5269,1156,6425,2026-09-03T21:14:35.232Z,FALSE,"",15:45,FALSE
fare_BOM-DEL_QP_2026-10-03_T+30_1788701812229_l86v,BOM-DEL,EaseMyTrip,QP,QP-2011,2026-10-03,T+30,5330,1170,6500,2026-09-03T21:14:35.232Z,FALSE,"",05:35,TRUE
fare_BOM-DEL_QP_2026-10-03_T+30_1788701812229_536f,BOM-DEL,EaseMyTrip,QP,QP-2017,2026-10-03,T+30,5363,1177,6540,2026-09-03T21:14:35.232Z,FALSE,"",08:10,TRUE
fare_BOM-DEL_6E_2026-10-03_T+30_1788701812229_nzun,BOM-DEL,EaseMyTrip,6E,6E-354,2026-10-03,T+30,5380,1181,6561,2026-09-03T21:14:35.232Z,FALSE,"",17:20,TRUE
fare_BOM-DEL_6E_2026-10-03_T+30_1788701812229_vv3l,BOM-DEL,EaseMyTrip,6E,6E-709,2026-10-03,T+30,5380,1181,6561,2026-09-03T21:14:35.232Z,FALSE,"",17:20,TRUE
fare_BOM-DEL_QP_2026-10-03_T+30_1788701812229_c7n5,BOM-DEL,EaseMyTrip,QP,QP-1825,2026-10-03,T+30,5381,1181,6562,2026-09-03T21:14:35.232Z,FALSE,"",17:00,TRUE
fare_BOM-DEL_QP_2026-10-03_T+30_1788701812229_kru3,BOM-DEL,EaseMyTrip,QP,QP-1120,2026-10-03,T+30,5381,1181,6562,2026-09-03T21:14:35.232Z,FALSE,"",19:00,TRUE
fare_BOM-DEL_QP_2026-10-03_T+30_1788701812229_m0lw,BOM-DEL,EaseMyTrip,QP,QP-1109,2026-10-03,T+30,5381,1181,6562,2026-09-03T21:14:35.232Z,FALSE,"",07:00,TRUE
fare_BOM-DEL_QP_2026-10-03_T+30_1788701812229_i58s,BOM-DEL,EaseMyTrip,QP,QP-1834,2026-10-03,T+30,5381,1181,6562,2026-09-03T21:14:35.232Z,FALSE,"",10:25,TRUE
fare_BOM-DEL_QP_2026-10-03_T+30_1788701812229_vs00,BOM-DEL,EaseMyTrip,QP,QP-1127,2026-10-03,T+30,5381,1181,6562,2026-09-03T21:14:35.232Z,FALSE,"",13:00,TRUE
fare_BOM-DEL_QP_2026-10-03_T+30_1788701812229_lbdp,BOM-DEL,EaseMyTrip,QP,QP-1819,2026-10-03,T+30,5381,1181,6562,2026-09-03T21:14:35.232Z,FALSE,"",14:30,TRUE
fare_BOM-DEL_6E_2026-10-03_T+30_1788701812229_jegm,BOM-DEL,EaseMyTrip,6E,6E-6045,2026-10-03,T+30,5381,1181,6562,2026-09-03T21:14:35.232Z,FALSE,"",03:00,TRUE
fare_BOM-DEL_6E_2026-10-03_T+30_1788701812229_8ffz,BOM-DEL,EaseMyTrip,6E,6E-544,2026-10-03,T+30,5381,1181,6562,2026-09-03T21:14:35.232Z,FALSE,"",23:45,TRUE
fare_BOM-DEL_6E_2026-10-03_T+30_1788701812229_1vwr,BOM-DEL,EaseMyTrip,6E,6E-444,2026-10-03,T+30,5381,1181,6562,2026-09-03T21:14:35.232Z,FALSE,"",23:45,TRUE
fare_BOM-DEL_6E_2026-10-03_T+30_1788701812229_95dk,BOM-DEL,EaseMyTrip,6E,6E-516,2026-10-03,T+30,5381,1181,6562,2026-09-03T21:14:35.232Z,FALSE,"",19:00,TRUE
fare_BOM-DEL_6E_2026-10-03_T+30_1788701812229_h87s,BOM-DEL,EaseMyTrip,6E,6E-566,2026-10-03,T+30,5381,1181,6562,2026-09-03T21:14:35.232Z,FALSE,"",19:00,TRUE
fare_BOM-DEL_6E_2026-10-03_T+30_1788701812229_vpdc,BOM-DEL,EaseMyTrip,6E,6E-833,2026-10-03,T+30,5381,1181,6562,2026-09-03T21:14:35.232Z,FALSE,"",17:20,TRUE
fare_BOM-DEL_6E_2026-10-03_T+30_1788701812229_snex,BOM-DEL,EaseMyTrip,6E,6E-565,2026-10-03,T+30,5381,1181,6562,2026-09-03T21:14:35.232Z,FALSE,"",17:20,TRUE
fare_BOM-DEL_6E_2026-10-03_T+30_1788701812229_l9uh,BOM-DEL,EaseMyTrip,6E,6E-6082,2026-10-03,T+30,5381,1181,6562,2026-09-03T21:14:35.232Z,FALSE,"",16:45,TRUE
fare_BOM-DEL_6E_2026-10-03_T+30_1788701812229_0v97,BOM-DEL,EaseMyTrip,6E,6E-571,2026-10-03,T+30,5381,1181,6562,2026-09-03T21:14:35.232Z,FALSE,"",16:00,TRUE
fare_BOM-DEL_6E_2026-10-03_T+30_1788701812229_jqgl,BOM-DEL,EaseMyTrip,6E,6E-153,2026-10-03,T+30,5381,1181,6562,2026-09-03T21:14:35.232Z,FALSE,"",16:00,TRUE
fare_BOM-DEL_6E_2026-10-03_T+30_1788701812229_70au,BOM-DEL,EaseMyTrip,6E,6E-6704,2026-10-03,T+30,5381,1181,6562,2026-09-03T21:14:35.232Z,FALSE,"",14:00,TRUE
fare_BOM-DEL_6E_2026-10-03_T+30_1788701812229_1s36,BOM-DEL,EaseMyTrip,6E,6E-6028,2026-10-03,T+30,5381,1181,6562,2026-09-03T21:14:35.232Z,FALSE,"",12:15,TRUE
fare_BOM-DEL_6E_2026-10-03_T+30_1788701812229_6xt9,BOM-DEL,EaseMyTrip,6E,6E-567,2026-10-03,T+30,5381,1181,6562,2026-09-03T21:14:35.232Z,FALSE,"",13:00,TRUE
fare_BOM-DEL_6E_2026-10-03_T+30_1788701812229_xaeh,BOM-DEL,EaseMyTrip,6E,6E-589,2026-10-03,T+30,5381,1181,6562,2026-09-03T21:14:35.232Z,FALSE,"",13:00,TRUE
fare_BOM-DEL_6E_2026-10-03_T+30_1788701812229_hi4g,BOM-DEL,EaseMyTrip,6E,6E-845,2026-10-03,T+30,5381,1181,6562,2026-09-03T21:14:35.232Z,FALSE,"",09:00,TRUE
fare_BOM-DEL_6E_2026-10-03_T+30_1788701812229_dkl7,BOM-DEL,EaseMyTrip,6E,6E-191,2026-10-03,T+30,5381,1181,6562,2026-09-03T21:14:35.232Z,FALSE,"",09:00,TRUE
fare_BOM-DEL_6E_2026-10-03_T+30_1788701812229_5ttq,BOM-DEL,EaseMyTrip,6E,6E-436,2026-10-03,T+30,5381,1181,6562,2026-09-03T21:14:35.232Z,FALSE,"",10:35,TRUE
fare_BOM-DEL_6E_2026-10-03_T+30_1788701812229_j07t,BOM-DEL,EaseMyTrip,6E,6E-889,2026-10-03,T+30,5381,1181,6562,2026-09-03T21:14:35.232Z,FALSE,"",10:35,TRUE
fare_BOM-DEL_6E_2026-10-03_T+30_1788701812229_yt1s,BOM-DEL,EaseMyTrip,6E,6E-6827,2026-10-03,T+30,5381,1181,6562,2026-09-03T21:14:35.232Z,FALSE,"",11:30,TRUE
fare_BOM-DEL_6E_2026-10-03_T+30_1788701812229_1x4j,BOM-DEL,EaseMyTrip,6E,6E-6361,2026-10-03,T+30,5505,1208,6713,2026-09-03T21:14:35.232Z,FALSE,"",05:00,FALSE
fare_BOM-DEL_6E_2026-10-03_T+30_1788701812229_lupj,BOM-DEL,EaseMyTrip,6E,6E-425,2026-10-03,T+30,5510,1210,6720,2026-09-03T21:14:35.232Z,FALSE,"",21:15,TRUE
fare_BOM-DEL_6E_2026-10-03_T+30_1788701812229_e7fd,BOM-DEL,EaseMyTrip,6E,6E-355,2026-10-03,T+30,5510,1210,6720,2026-09-03T21:14:35.232Z,FALSE,"",21:15,TRUE
fare_BOM-DEL_6E_2026-10-03_T+30_1788701812229_e7e8,BOM-DEL,EaseMyTrip,6E,6E-933,2026-10-03,T+30,5510,1210,6720,2026-09-03T21:14:35.232Z,FALSE,"",20:20,TRUE
fare_BOM-DEL_6E_2026-10-03_T+30_1788701812229_shbu,BOM-DEL,EaseMyTrip,6E,6E-6613,2026-10-03,T+30,5510,1210,6720,2026-09-03T21:14:35.232Z,FALSE,"",18:15,TRUE
fare_BOM-DEL_6E_2026-10-03_T+30_1788701812229_kxqd,BOM-DEL,EaseMyTrip,6E,6E-721,2026-10-03,T+30,5510,1210,6720,2026-09-03T21:14:35.232Z,FALSE,"",15:00,TRUE
fare_BOM-DEL_6E_2026-10-03_T+30_1788701812229_sacx,BOM-DEL,EaseMyTrip,6E,6E-883,2026-10-03,T+30,5510,1210,6720,2026-09-03T21:14:35.232Z,FALSE,"",15:00,TRUE
fare_BOM-DEL_6E_2026-10-03_T+30_1788701812229_q5m2,BOM-DEL,EaseMyTrip,6E,6E-6049,2026-10-03,T+30,5510,1210,6720,2026-09-03T21:14:35.232Z,FALSE,"",19:45,TRUE
fare_BOM-DEL_6E_2026-10-03_T+30_1788701812229_8n2f,BOM-DEL,EaseMyTrip,6E,6E-733,2026-10-03,T+30,5510,1210,6720,2026-09-03T21:14:35.232Z,FALSE,"",05:00,TRUE
fare_BOM-DEL_6E_2026-10-03_T+30_1788701812229_fcqu,BOM-DEL,EaseMyTrip,6E,6E-987,2026-10-03,T+30,5510,1210,6720,2026-09-03T21:14:35.232Z,FALSE,"",05:00,TRUE
fare_BOM-DEL_6E_2026-10-03_T+30_1788701812229_2ud9,BOM-DEL,EaseMyTrip,6E,6E-359,2026-10-03,T+30,5510,1210,6720,2026-09-03T21:14:35.232Z,FALSE,"",06:00,TRUE
fare_BOM-DEL_6E_2026-10-03_T+30_1788701812229_djhl,BOM-DEL,EaseMyTrip,6E,6E-167,2026-10-03,T+30,5510,1210,6720,2026-09-03T21:14:35.232Z,FALSE,"",06:00,TRUE
fare_BOM-DEL_6E_2026-10-03_T+30_1788701812229_u1tj,BOM-DEL,EaseMyTrip,6E,6E-481,2026-10-03,T+30,5510,1210,6720,2026-09-03T21:14:35.232Z,FALSE,"",07:00,TRUE
fare_BOM-DEL_6E_2026-10-03_T+30_1788701812229_f0mx,BOM-DEL,EaseMyTrip,6E,6E-480,2026-10-03,T+30,5510,1210,6720,2026-09-03T21:14:35.232Z,FALSE,"",07:00,TRUE
fare_BOM-DEL_6E_2026-10-03_T+30_1788701812229_kg5f,BOM-DEL,EaseMyTrip,6E,6E-6052,2026-10-03,T+30,5510,1210,6720,2026-09-03T21:14:35.232Z,FALSE,"",10:00,TRUE
fare_BOM-DEL_6E_2026-10-03_T+30_1788701812229_a892,BOM-DEL,EaseMyTrip,6E,6E-664,2026-10-03,T+30,5510,1210,6720,2026-09-03T21:14:35.232Z,FALSE,"",08:00,TRUE
fare_BOM-DEL_6E_2026-10-03_T+30_1788701812229_wyh1,BOM-DEL,EaseMyTrip,6E,6E-405,2026-10-03,T+30,5510,1210,6720,2026-09-03T21:14:35.232Z,FALSE,"",08:00,TRUE
fare_BOM-DEL_6E_2026-10-03_T+30_1788701812229_nodv,BOM-DEL,EaseMyTrip,6E,6E-2237,2026-10-03,T+30,5561,1221,6782,2026-09-03T21:14:35.232Z,FALSE,"",18:40,FALSE
fare_BOM-DEL_6E_2026-10-03_T+30_1788701812229_hhwn,BOM-DEL,EaseMyTrip,6E,6E-197,2026-10-03,T+30,5561,1221,6782,2026-09-03T21:14:35.232Z,FALSE,"",04:00,FALSE
fare_BOM-DEL_6E_2026-10-03_T+30_1788701812229_oqth,BOM-DEL,EaseMyTrip,6E,6E-477,2026-10-03,T+30,5561,1221,6782,2026-09-03T21:14:35.232Z,FALSE,"",04:00,FALSE
fare_BOM-DEL_AI_2026-10-03_T+30_1788701812229_oya4,BOM-DEL,EaseMyTrip,AI,AI-2422,2026-10-03,T+30,5766,1266,7032,2026-09-03T21:14:35.232Z,FALSE,"",01:00,TRUE
fare_BOM-DEL_AI_2026-10-03_T+30_1788701812229_xgd5,BOM-DEL,EaseMyTrip,AI,AI-2952,2026-10-03,T+30,5766,1266,7032,2026-09-03T21:14:35.232Z,FALSE,"",11:25,TRUE
fare_BOM-DEL_AI_2026-10-03_T+30_1788701812229_1cdl,BOM-DEL,EaseMyTrip,AI,AI-2419,2026-10-03,T+30,5766,1266,7032,2026-09-03T21:14:35.232Z,FALSE,"",12:00,TRUE
fare_BOM-DEL_AI_2026-10-03_T+30_1788701812229_22bm,BOM-DEL,EaseMyTrip,AI,AI-1851,2026-10-03,T+30,5766,1266,7032,2026-09-03T21:14:35.232Z,FALSE,"",15:30,TRUE
fare_BOM-DEL_AI_2026-10-03_T+30_1788701812229_pzyo,BOM-DEL,EaseMyTrip,AI,AI-1882,2026-10-03,T+30,5766,1266,7032,2026-09-03T21:14:35.232Z,FALSE,"",23:55,TRUE
fare_BOM-DEL_AI_2026-10-03_T+30_1788701812229_nzzl,BOM-DEL,EaseMyTrip,AI,AI-2687,2026-10-03,T+30,5766,1266,7032,2026-09-03T21:14:35.232Z,FALSE,"",16:30,TRUE
fare_BOM-DEL_IX_2026-10-03_T+30_1788701812229_n6q3,BOM-DEL,EaseMyTrip,IX,IX-1023,2026-10-03,T+30,6365,1397,7762,2026-09-03T21:14:35.232Z,FALSE,"",11:25,FALSE
fare_BOM-DEL_IX_2026-10-03_T+30_1788701812229_7pe4,BOM-DEL,EaseMyTrip,IX,IX-1809,2026-10-03,T+30,6365,1397,7762,2026-09-03T21:14:35.232Z,FALSE,"",07:30,FALSE
fare_BOM-DEL_AI_2026-10-03_T+30_1788701812229_i572,BOM-DEL,EaseMyTrip,AI,AI-2928,2026-10-03,T+30,5897,1294,7191,2026-09-03T21:14:35.232Z,FALSE,"",06:30,TRUE
fare_BOM-DEL_AI_2026-10-03_T+30_1788701812229_oeh6,BOM-DEL,EaseMyTrip,AI,AI-2424,2026-10-03,T+30,5897,1294,7191,2026-09-03T21:14:35.232Z,FALSE,"",07:00,TRUE
fare_BOM-DEL_AI_2026-10-03_T+30_1788701812229_47hr,BOM-DEL,EaseMyTrip,AI,AI-2677,2026-10-03,T+30,5897,1294,7191,2026-09-03T21:14:35.232Z,FALSE,"",13:00,TRUE
fare_BOM-DEL_AI_2026-10-03_T+30_1788701812229_8fn5,BOM-DEL,EaseMyTrip,AI,AI-816,2026-10-03,T+30,5897,1294,7191,2026-09-03T21:14:35.232Z,FALSE,"",21:00,TRUE
fare_BOM-DEL_AI_2026-10-03_T+30_1788701812229_sfjp,BOM-DEL,EaseMyTrip,AI,AI-1895,2026-10-03,T+30,5897,1294,7191,2026-09-03T21:14:35.232Z,FALSE,"",21:30,TRUE
fare_BOM-DEL_AI_2026-10-03_T+30_1788701812229_wx1t,BOM-DEL,EaseMyTrip,AI,AI-2944,2026-10-03,T+30,5897,1294,7191,2026-09-03T21:14:35.232Z,FALSE,"",14:35,TRUE
fare_BOM-DEL_AI_2026-10-03_T+30_1788701812229_6o3f,BOM-DEL,EaseMyTrip,AI,AI-2442,2026-10-03,T+30,5897,1294,7191,2026-09-03T21:14:35.232Z,FALSE,"",15:00,TRUE
fare_BOM-DEL_AI_2026-10-03_T+30_1788701812229_vhd6,BOM-DEL,EaseMyTrip,AI,AI-2440,2026-10-03,T+30,5897,1294,7191,2026-09-03T21:14:35.232Z,FALSE,"",18:00,TRUE
fare_BOM-DEL_AI_2026-10-03_T+30_1788701812229_jdfp,BOM-DEL,EaseMyTrip,AI,AI-2988,2026-10-03,T+30,5897,1294,7191,2026-09-03T21:14:35.232Z,FALSE,"",20:30,TRUE
fare_BOM-DEL_AI_2026-10-03_T+30_1788701812229_yzhf,BOM-DEL,EaseMyTrip,AI,AI-2996,2026-10-03,T+30,5908,1297,7205,2026-09-03T21:14:35.232Z,FALSE,"",18:30,TRUE
fare_BOM-DEL_AI_2026-10-03_T+30_1788701812229_xjf9,BOM-DEL,EaseMyTrip,AI,AI-2970,2026-10-03,T+30,5908,1297,7205,2026-09-03T21:14:35.232Z,FALSE,"",08:30,TRUE
fare_BOM-DEL_AI_2026-10-03_T+30_1788701812229_s2ts,BOM-DEL,EaseMyTrip,AI,AI-2930,2026-10-03,T+30,6043,1326,7369,2026-09-03T21:14:35.232Z,FALSE,"",07:30,TRUE
fare_BOM-DEL_AI_2026-10-03_T+30_1788701812229_99py,BOM-DEL,EaseMyTrip,AI,AI-2428,2026-10-03,T+30,6043,1326,7369,2026-09-03T21:14:35.232Z,FALSE,"",08:00,TRUE
fare_BOM-DEL_AI_2026-10-03_T+30_1788701812229_0l5u,BOM-DEL,EaseMyTrip,AI,AI-2432,2026-10-03,T+30,6043,1326,7369,2026-09-03T21:14:35.232Z,FALSE,"",09:30,TRUE
fare_BOM-DEL_AI_2026-10-03_T+30_1788701812229_wlgj,BOM-DEL,EaseMyTrip,AI,AI-2430,2026-10-03,T+30,6043,1326,7369,2026-09-03T21:14:35.232Z,FALSE,"",10:00,TRUE
fare_BOM-DEL_AI_2026-10-03_T+30_1788701812229_c83y,BOM-DEL,EaseMyTrip,AI,AI-2940,2026-10-03,T+30,6069,1332,7401,2026-09-03T21:14:35.232Z,FALSE,"",20:00,TRUE
fare_BOM-DEL_AI_2026-10-03_T+30_1788701812229_d0kx,BOM-DEL,EaseMyTrip,AI,AI-2986,2026-10-03,T+30,6069,1332,7401,2026-09-03T21:14:35.232Z,FALSE,"",22:35,TRUE
fare_BOM-DEL_6E_2026-10-03_T+30_1788701812229_c8lk,BOM-DEL,EaseMyTrip,6E,6E-5197,2026-10-03,T+30,5940,1304,7244,2026-09-03T21:14:35.232Z,FALSE,"",06:40,TRUE
fare_BOM-DEL_6E_2026-10-03_T+30_1788701812229_2rna,BOM-DEL,EaseMyTrip,6E,6E-2090,2026-10-03,T+30,5940,1304,7244,2026-09-03T21:14:35.232Z,FALSE,"",06:25,TRUE
fare_BOM-DEL_6E_2026-10-03_T+30_1788701812229_wv2j,BOM-DEL,EaseMyTrip,6E,6E-392,2026-10-03,T+30,6001,1317,7318,2026-09-03T21:14:35.232Z,FALSE,"",14:40,FALSE
fare_BOM-DEL_6E_2026-10-03_T+30_1788701812229_0ox9,BOM-DEL,EaseMyTrip,6E,6E-614,2026-10-03,T+30,6001,1317,7318,2026-09-03T21:14:35.232Z,FALSE,"",14:40,FALSE
fare_BOM-DEL_IX_2026-10-03_T+30_1788701812229_4rja,BOM-DEL,EaseMyTrip,IX,IX-1026,2026-10-03,T+30,6857,1505,8362,2026-09-03T21:14:35.232Z,FALSE,"",05:45,FALSE
fare_BOM-DEL_6E_2026-10-03_T+30_1788701812229_901x,BOM-DEL,EaseMyTrip,6E,6E-844,2026-10-03,T+30,6156,1351,7507,2026-09-03T21:14:35.232Z,FALSE,"",22:15,TRUE
fare_BOM-DEL_6E_2026-10-03_T+30_1788701812229_pnbh,BOM-DEL,EaseMyTrip,6E,6E-888,2026-10-03,T+30,6156,1351,7507,2026-09-03T21:14:35.232Z,FALSE,"",22:15,TRUE
fare_BOM-DEL_6E_2026-10-03_T+30_1788701812229_ltw7,BOM-DEL,EaseMyTrip,6E,6E-5246,2026-10-03,T+30,6281,1379,7660,2026-09-03T21:14:35.232Z,FALSE,"",07:15,FALSE
fare_BOM-DEL_6E_2026-10-03_T+30_1788701812229_kbp1,BOM-DEL,EaseMyTrip,6E,6E-247,2026-10-03,T+30,6305,1384,7689,2026-09-03T21:14:35.232Z,FALSE,"",13:35,FALSE
fare_BOM-DEL_6E_2026-10-03_T+30_1788701812229_qd73,BOM-DEL,EaseMyTrip,6E,6E-893,2026-10-03,T+30,6305,1384,7689,2026-09-03T21:14:35.232Z,FALSE,"",13:35,FALSE
fare_BOM-DEL_6E_2026-10-03_T+30_1788701812229_k0t8,BOM-DEL,EaseMyTrip,6E,6E-5241,2026-10-03,T+30,6345,1393,7738,2026-09-03T21:14:35.232Z,FALSE,"",16:40,FALSE
fare_BOM-DEL_AI_2026-10-03_T+30_1788701812229_p5c4,BOM-DEL,EaseMyTrip,AI,AI-2408,2026-10-03,T+30,6541,1436,7977,2026-09-03T21:14:35.232Z,FALSE,"",19:30,TRUE
fare_BOM-DEL_IX_2026-10-03_T+30_1788701812229_9uic,BOM-DEL,EaseMyTrip,IX,IX-1237,2026-10-03,T+30,7512,1649,9161,2026-09-03T21:14:35.232Z,FALSE,"",05:55,FALSE
fare_BOM-DEL_6E_2026-10-03_T+30_1788701812229_1a85,BOM-DEL,EaseMyTrip,6E,6E-2024,2026-10-03,T+30,6765,1485,8250,2026-09-03T21:14:35.232Z,FALSE,"",09:15,FALSE
fare_BOM-DEL_6E_2026-10-03_T+30_1788701812229_dxzg,BOM-DEL,EaseMyTrip,6E,6E-5181,2026-10-03,T+30,7125,1564,8689,2026-09-03T21:14:35.232Z,FALSE,"",10:25,FALSE
fare_BOM-DEL_6E_2026-10-03_T+30_1788701812229_syeg,BOM-DEL,EaseMyTrip,6E,6E-279,2026-10-03,T+30,7189,1578,8767,2026-09-03T21:14:35.232Z,FALSE,"",19:20,FALSE
fare_BOM-DEL_IX_2026-10-03_T+30_1788701812229_7o5a,BOM-DEL,EaseMyTrip,IX,IX-2915,2026-10-03,T+30,8120,1782,9902,2026-09-03T21:14:35.232Z,FALSE,"",14:00,FALSE
fare_BOM-DEL_IX_2026-10-03_T+30_1788701812229_tz32,BOM-DEL,EaseMyTrip,IX,IX-1347,2026-10-03,T+30,8120,1782,9902,2026-09-03T21:14:35.232Z,FALSE,"",06:20,FALSE
fare_BOM-DEL_IX_2026-10-03_T+30_1788701812229_9wvm,BOM-DEL,EaseMyTrip,IX,IX-1787,2026-10-03,T+30,8348,1832,10180,2026-09-03T21:14:35.232Z,TRUE,"High outlier: ₹10180 > upper fence ₹10043 (Q3: ₹7923, IQR: ₹1413)",13:10,FALSE
fare_BOM-DEL_AI_2026-10-03_T+30_1788701812229_2ogo,BOM-DEL,EaseMyTrip,AI,AI-1891,2026-10-03,T+30,8216,1804,10020,2026-09-03T21:14:35.232Z,FALSE,"",08:10,TRUE
fare_BOM-DEL_IX_2026-10-03_T+30_1788701812229_pkgj,BOM-DEL,EaseMyTrip,IX,IX-1164,2026-10-03,T+30,8989,1973,10962,2026-09-03T21:14:35.232Z,TRUE,"High outlier: ₹10962 > upper fence ₹10043 (Q3: ₹7923, IQR: ₹1413)",17:35,FALSE
fare_BOM-DEL_IX_2026-10-03_T+30_1788701812229_0tlf,BOM-DEL,EaseMyTrip,IX,IX-1163,2026-10-03,T+30,10275,2255,12530,2026-09-03T21:14:35.232Z,TRUE,"High outlier: ₹12530 > upper fence ₹10043 (Q3: ₹7923, IQR: ₹1413)",20:45,FALSE
fare_BOM-DEL_IX_2026-10-03_T+30_1788701812229_lqpu,BOM-DEL,EaseMyTrip,IX,IX-1176,2026-10-03,T+30,9637,2115,11752,2026-09-03T21:14:35.232Z,TRUE,"High outlier: ₹11752 > upper fence ₹10043 (Q3: ₹7923, IQR: ₹1413)",11:20,FALSE
fare_BOM-DEL_6E_2026-10-03_T+30_1788701812229_gpkd,BOM-DEL,EaseMyTrip,6E,6E-5281,2026-10-03,T+30,9100,1998,11098,2026-09-03T21:14:35.232Z,TRUE,"High outlier: ₹11098 > upper fence ₹10043 (Q3: ₹7923, IQR: ₹1413)",08:40,FALSE
fare_BOM-DEL_6E_2026-10-03_T+30_1788701812229_0u7d,BOM-DEL,EaseMyTrip,6E,6E-328,2026-10-03,T+30,9123,2003,11126,2026-09-03T21:14:35.232Z,TRUE,"High outlier: ₹11126 > upper fence ₹10043 (Q3: ₹7923, IQR: ₹1413)",08:40,FALSE
fare_BOM-DEL_6E_2026-10-03_T+30_1788701812229_tppq,BOM-DEL,EaseMyTrip,6E,6E-957,2026-10-03,T+30,9123,2003,11126,2026-09-03T21:14:35.232Z,TRUE,"High outlier: ₹11126 > upper fence ₹10043 (Q3: ₹7923, IQR: ₹1413)",08:40,FALSE
fare_BOM-DEL_IX_2026-10-03_T+30_1788701812229_7250,BOM-DEL,EaseMyTrip,IX,IX-1238,2026-10-03,T+30,11038,2423,13461,2026-09-03T21:14:35.232Z,TRUE,"High outlier: ₹13461 > upper fence ₹10043 (Q3: ₹7923, IQR: ₹1413)",12:25,FALSE
fare_BOM-DEL_AI_2026-10-03_T+30_1788701812229_i0gi,BOM-DEL,EaseMyTrip,AI,AI-9753,2026-10-03,T+30,9792,2150,11942,2026-09-03T21:14:35.232Z,TRUE,"High outlier: ₹11942 > upper fence ₹10043 (Q3: ₹7923, IQR: ₹1413)",05:45,FALSE
fare_BOM-DEL_6E_2026-10-03_T+30_1788701812229_zalw,BOM-DEL,EaseMyTrip,6E,6E-6195,2026-10-03,T+30,10118,2221,12339,2026-09-03T21:14:35.232Z,TRUE,"High outlier: ₹12339 > upper fence ₹10043 (Q3: ₹7923, IQR: ₹1413)",23:00,FALSE
fare_BOM-DEL_AI_2026-10-03_T+30_1788701812229_zje5,BOM-DEL,EaseMyTrip,AI,AI-9891,2026-10-03,T+30,10293,2259,12552,2026-09-03T21:14:35.232Z,TRUE,"High outlier: ₹12552 > upper fence ₹10043 (Q3: ₹7923, IQR: ₹1413)",13:10,FALSE
fare_BOM-DEL_IX_2026-10-03_T+30_1788701812229_3935,BOM-DEL,EaseMyTrip,IX,IX-1810,2026-10-03,T+30,11038,2423,13461,2026-09-03T21:14:35.232Z,TRUE,"High outlier: ₹13461 > upper fence ₹10043 (Q3: ₹7923, IQR: ₹1413)",13:40,FALSE
fare_BOM-DEL_6E_2026-10-03_T+30_1788701812229_dai4,BOM-DEL,EaseMyTrip,6E,6E-717,2026-10-03,T+30,10266,2254,12520,2026-09-03T21:14:35.232Z,TRUE,"High outlier: ₹12520 > upper fence ₹10043 (Q3: ₹7923, IQR: ₹1413)",12:40,FALSE
fare_BOM-DEL_6E_2026-10-03_T+30_1788701812229_bfl6,BOM-DEL,EaseMyTrip,6E,6E-458,2026-10-03,T+30,10266,2254,12520,2026-09-03T21:14:35.232Z,TRUE,"High outlier: ₹12520 > upper fence ₹10043 (Q3: ₹7923, IQR: ₹1413)",12:40,FALSE
fare_BOM-DEL_QP_2026-10-03_T+30_1788701812229_ji7a,BOM-DEL,EaseMyTrip,QP,QP-2001,2026-10-03,T+30,10771,2364,13135,2026-09-03T21:14:35.232Z,TRUE,"High outlier: ₹13135 > upper fence ₹10043 (Q3: ₹7923, IQR: ₹1413)",18:45,FALSE
fare_BOM-DEL_AI_2026-10-03_T+30_1788701812229_jn2o,BOM-DEL,EaseMyTrip,AI,AI-2493,2026-10-03,T+30,11126,2442,13568,2026-09-03T21:14:35.232Z,TRUE,"High outlier: ₹13568 > upper fence ₹10043 (Q3: ₹7923, IQR: ₹1413)",18:25,FALSE
fare_BOM-DEL_AI_2026-10-03_T+30_1788701812229_sbmn,BOM-DEL,EaseMyTrip,AI,AI-2915,2026-10-03,T+30,11126,2442,13568,2026-09-03T21:14:35.232Z,TRUE,"High outlier: ₹13568 > upper fence ₹10043 (Q3: ₹7923, IQR: ₹1413)",15:30,FALSE
fare_BOM-DEL_AI_2026-10-03_T+30_1788701812229_4ji3,BOM-DEL,EaseMyTrip,AI,AI-2503,2026-10-03,T+30,11214,2461,13675,2026-09-03T21:14:35.232Z,TRUE,"High outlier: ₹13675 > upper fence ₹10043 (Q3: ₹7923, IQR: ₹1413)",12:55,FALSE
fare_BOM-DEL_AI_2026-10-03_T+30_1788701812229_rjs0,BOM-DEL,EaseMyTrip,AI,AI-2847,2026-10-03,T+30,11214,2461,13675,2026-09-03T21:14:35.232Z,TRUE,"High outlier: ₹13675 > upper fence ₹10043 (Q3: ₹7923, IQR: ₹1413)",10:00,FALSE
fare_BOM-DEL_AI_2026-10-03_T+30_1788701812229_ss57,BOM-DEL,EaseMyTrip,AI,AI-493,2026-10-03,T+30,11399,2502,13901,2026-09-03T21:14:35.232Z,TRUE,"High outlier: ₹13901 > upper fence ₹10043 (Q3: ₹7923, IQR: ₹1413)",06:40,FALSE
fare_BOM-DEL_AI_2026-10-03_T+30_1788701812229_qtgu,BOM-DEL,EaseMyTrip,AI,AI-2931,2026-10-03,T+30,11694,2567,14261,2026-09-03T21:14:35.232Z,TRUE,"High outlier: ₹14261 > upper fence ₹10043 (Q3: ₹7923, IQR: ₹1413)",04:30,FALSE
fare_BOM-DEL_AI_2026-10-03_T+30_1788701812229_wnqn,BOM-DEL,EaseMyTrip,AI,AI-2785,2026-10-03,T+30,12656,2778,15434,2026-09-03T21:14:35.232Z,TRUE,"High outlier: ₹15434 > upper fence ₹10043 (Q3: ₹7923, IQR: ₹1413)",06:40,FALSE
fare_BOM-DEL_IX_2026-10-03_T+30_1788701812229_9rmb,BOM-DEL,EaseMyTrip,IX,IX-1797,2026-10-03,T+30,13745,3017,16762,2026-09-03T21:14:35.232Z,TRUE,"High outlier: ₹16762 > upper fence ₹10043 (Q3: ₹7923, IQR: ₹1413)",05:05,FALSE
fare_BOM-DEL_IX_2026-10-03_T+30_1788701812229_aomo,BOM-DEL,EaseMyTrip,IX,IX-1283,2026-10-03,T+30,13580,2981,16561,2026-09-03T21:14:35.232Z,TRUE,"High outlier: ₹16561 > upper fence ₹10043 (Q3: ₹7923, IQR: ₹1413)",09:05,FALSE
fare_BOM-DEL_AI_2026-10-03_T+30_1788701812229_fqny,BOM-DEL,EaseMyTrip,AI,AI-2659,2026-10-03,T+30,13311,2922,16233,2026-09-03T21:14:35.232Z,TRUE,"High outlier: ₹16233 > upper fence ₹10043 (Q3: ₹7923, IQR: ₹1413)",14:35,FALSE
fare_BOM-DEL_AI_2026-10-03_T+30_1788701812229_mo28,BOM-DEL,EaseMyTrip,AI,AI-2749,2026-10-03,T+30,14173,3111,17284,2026-09-03T21:14:35.232Z,TRUE,"High outlier: ₹17284 > upper fence ₹10043 (Q3: ₹7923, IQR: ₹1413)",17:35,FALSE
fare_BOM-DEL_AI_2026-10-03_T+30_1788701812229_ok0a,BOM-DEL,EaseMyTrip,AI,AI-2741,2026-10-03,T+30,14403,3162,17565,2026-09-03T21:14:35.232Z,TRUE,"High outlier: ₹17565 > upper fence ₹10043 (Q3: ₹7923, IQR: ₹1413)",07:40,FALSE
fare_BOM-DEL_AI_2026-10-03_T+30_1788701812229_90n6,BOM-DEL,EaseMyTrip,AI,AI-2728,2026-10-03,T+30,14425,3166,17591,2026-09-03T21:14:35.232Z,TRUE,"High outlier: ₹17591 > upper fence ₹10043 (Q3: ₹7923, IQR: ₹1413)",05:20,FALSE
fare_BOM-DEL_AI_2026-10-03_T+30_1788701812229_uwi6,BOM-DEL,EaseMyTrip,AI,AI-2997,2026-10-03,T+30,14670,3220,17890,2026-09-03T21:14:35.232Z,TRUE,"High outlier: ₹17890 > upper fence ₹10043 (Q3: ₹7923, IQR: ₹1413)",10:10,FALSE
fare_BOM-DEL_AI_2026-10-03_T+30_1788701812229_5vnv,BOM-DEL,EaseMyTrip,AI,AI-9533,2026-10-03,T+30,15959,3503,19462,2026-09-03T21:14:35.232Z,TRUE,"High outlier: ₹19462 > upper fence ₹10043 (Q3: ₹7923, IQR: ₹1413)",16:30,FALSE
fare_BOM-DEL_AI_2026-10-03_T+30_1788701812229_cqy3,BOM-DEL,EaseMyTrip,AI,AI-2531,2026-10-03,T+30,16273,3572,19845,2026-09-03T21:14:35.232Z,TRUE,"High outlier: ₹19845 > upper fence ₹10043 (Q3: ₹7923, IQR: ₹1413)",15:05,FALSE
fare_BOM-DEL_AI_2026-10-03_T+30_1788701812229_mxm1,BOM-DEL,EaseMyTrip,AI,AI-2444,2026-10-03,T+30,16388,3597,19985,2026-09-03T21:14:35.232Z,TRUE,"High outlier: ₹19985 > upper fence ₹10043 (Q3: ₹7923, IQR: ₹1413)",10:50,FALSE
fare_BOM-DEL_AI_2026-10-03_T+30_1788701812229_ketj,BOM-DEL,EaseMyTrip,AI,AI-2853,2026-10-03,T+30,16500,3622,20122,2026-09-03T21:14:35.232Z,TRUE,"High outlier: ₹20122 > upper fence ₹10043 (Q3: ₹7923, IQR: ₹1413)",15:25,FALSE
fare_BOM-DEL_AI_2026-10-03_T+30_1788701812229_iaxi,BOM-DEL,EaseMyTrip,AI,AI-2625,2026-10-03,T+30,16536,3630,20166,2026-09-03T21:14:35.232Z,TRUE,"High outlier: ₹20166 > upper fence ₹10043 (Q3: ₹7923, IQR: ₹1413)",06:00,FALSE
fare_BOM-DEL_AI_2026-10-03_T+30_1788701812229_2re6,BOM-DEL,EaseMyTrip,AI,AI-2579,2026-10-03,T+30,17108,3755,20863,2026-09-03T21:14:35.232Z,TRUE,"High outlier: ₹20863 > upper fence ₹10043 (Q3: ₹7923, IQR: ₹1413)",10:35,FALSE
fare_BOM-DEL_AI_2026-10-03_T+30_1788701812229_828v,BOM-DEL,EaseMyTrip,AI,AI-2781,2026-10-03,T+30,17471,3835,21306,2026-09-03T21:14:35.232Z,TRUE,"High outlier: ₹21306 > upper fence ₹10043 (Q3: ₹7923, IQR: ₹1413)",10:50,FALSE
fare_BOM-DEL_6E_2026-09-10_T+7_1788701812229_p6lp,BOM-DEL,EaseMyTrip,6E,6E-866,2026-09-10,T+7,5076,1114,6190,2026-09-03T02:32:26.151Z,FALSE,"",17:45,FALSE
fare_BOM-DEL_6E_2026-09-10_T+7_1788701812229_ktla,BOM-DEL,EaseMyTrip,6E,6E-538,2026-09-10,T+7,5076,1114,6190,2026-09-03T02:32:26.151Z,FALSE,"",17:45,FALSE
fare_BOM-DEL_6E_2026-09-10_T+7_1788701812229_e6ii,BOM-DEL,EaseMyTrip,6E,6E-6195,2026-09-10,T+7,5076,1114,6190,2026-09-03T02:32:26.151Z,FALSE,"",23:00,FALSE
fare_BOM-DEL_IX_2026-09-10_T+7_1788701812229_bx93,BOM-DEL,EaseMyTrip,IX,IX-1050,2026-09-10,T+7,5380,1181,6561,2026-09-03T02:32:26.151Z,FALSE,"",08:55,TRUE
fare_BOM-DEL_IX_2026-09-10_T+7_1788701812229_kip2,BOM-DEL,EaseMyTrip,IX,IX-1671,2026-09-10,T+7,5380,1181,6561,2026-09-03T02:32:26.151Z,FALSE,"",16:45,TRUE
fare_BOM-DEL_IX_2026-09-10_T+7_1788701812229_9qxb,BOM-DEL,EaseMyTrip,IX,IX-1364,2026-09-10,T+7,5380,1181,6561,2026-09-03T02:32:26.151Z,FALSE,"",21:55,TRUE
fare_BOM-DEL_6E_2026-09-10_T+7_1788701812229_flwz,BOM-DEL,EaseMyTrip,6E,6E-2237,2026-09-10,T+7,5160,1133,6293,2026-09-03T02:32:26.151Z,FALSE,"",18:40,FALSE
fare_BOM-DEL_6E_2026-09-10_T+7_1788701812229_ocdn,BOM-DEL,EaseMyTrip,6E,6E-5107,2026-09-10,T+7,5160,1133,6293,2026-09-03T02:32:26.151Z,FALSE,"",20:00,FALSE
fare_BOM-DEL_SG_2026-09-10_T+7_1788701812229_zeiv,BOM-DEL,EaseMyTrip,SG,SG-9401,2026-09-10,T+7,5528,1213,6741,2026-09-03T02:32:26.151Z,FALSE,"",09:50,TRUE
fare_BOM-DEL_6E_2026-09-10_T+7_1788701812229_xrbp,BOM-DEL,EaseMyTrip,6E,6E-6027,2026-09-10,T+7,5269,1156,6425,2026-09-03T02:32:26.151Z,FALSE,"",17:35,FALSE
fare_BOM-DEL_6E_2026-09-10_T+7_1788701812229_xs5p,BOM-DEL,EaseMyTrip,6E,6E-6599,2026-09-10,T+7,5269,1156,6425,2026-09-03T02:32:26.151Z,FALSE,"",16:50,FALSE
fare_BOM-DEL_6E_2026-09-10_T+7_1788701812229_bbrx,BOM-DEL,EaseMyTrip,6E,6E-5164,2026-09-10,T+7,5269,1156,6425,2026-09-03T02:32:26.151Z,FALSE,"",20:35,FALSE
fare_BOM-DEL_6E_2026-09-10_T+7_1788701812229_w7xw,BOM-DEL,EaseMyTrip,6E,6E-5147,2026-09-10,T+7,5269,1156,6425,2026-09-03T02:32:26.151Z,FALSE,"",18:35,FALSE
fare_BOM-DEL_6E_2026-09-10_T+7_1788701812229_nf95,BOM-DEL,EaseMyTrip,6E,6E-6058,2026-09-10,T+7,5269,1156,6425,2026-09-03T02:32:26.151Z,FALSE,"",08:05,FALSE
fare_BOM-DEL_6E_2026-09-10_T+7_1788701812229_it7r,BOM-DEL,EaseMyTrip,6E,6E-5181,2026-09-10,T+7,5269,1156,6425,2026-09-03T02:32:26.151Z,FALSE,"",10:25,FALSE
fare_BOM-DEL_6E_2026-09-10_T+7_1788701812229_dl5o,BOM-DEL,EaseMyTrip,6E,6E-5154,2026-09-10,T+7,5269,1156,6425,2026-09-03T02:32:26.151Z,FALSE,"",15:45,FALSE
fare_BOM-DEL_6E_2026-09-10_T+7_1788701812229_bfyq,BOM-DEL,EaseMyTrip,6E,6E-5131,2026-09-10,T+7,5269,1156,6425,2026-09-03T02:32:26.151Z,FALSE,"",15:50,FALSE
fare_BOM-DEL_6E_2026-09-10_T+7_1788701812229_jfb6,BOM-DEL,EaseMyTrip,6E,6E-6802,2026-09-10,T+7,5269,1156,6425,2026-09-03T02:32:26.151Z,FALSE,"",16:55,FALSE
fare_BOM-DEL_6E_2026-09-10_T+7_1788701812229_qisw,BOM-DEL,EaseMyTrip,6E,6E-5273,2026-09-10,T+7,5269,1156,6425,2026-09-03T02:32:26.151Z,FALSE,"",18:35,FALSE
fare_BOM-DEL_6E_2026-09-10_T+7_1788701812229_v7rk,BOM-DEL,EaseMyTrip,6E,6E-6122,2026-09-10,T+7,5269,1156,6425,2026-09-03T02:32:26.151Z,FALSE,"",12:25,FALSE
fare_BOM-DEL_6E_2026-09-10_T+7_1788701812229_4ynt,BOM-DEL,EaseMyTrip,6E,6E-5345,2026-09-10,T+7,5269,1156,6425,2026-09-03T02:32:26.151Z,FALSE,"",14:25,FALSE
fare_BOM-DEL_IX_2026-09-10_T+7_1788701812229_bafh,BOM-DEL,EaseMyTrip,IX,IX-2153,2026-09-10,T+7,5552,1219,6771,2026-09-03T02:32:26.151Z,FALSE,"",20:25,TRUE
fare_BOM-DEL_6E_2026-09-10_T+7_1788701812229_tr2e,BOM-DEL,EaseMyTrip,6E,6E-461,2026-09-10,T+7,5332,1171,6503,2026-09-03T02:32:26.151Z,FALSE,"",19:20,FALSE
fare_BOM-DEL_6E_2026-09-10_T+7_1788701812229_5h5v,BOM-DEL,EaseMyTrip,6E,6E-822,2026-09-10,T+7,5332,1171,6503,2026-09-03T02:32:26.151Z,FALSE,"",19:20,FALSE
fare_BOM-DEL_6E_2026-09-10_T+7_1788701812229_1ldd,BOM-DEL,EaseMyTrip,6E,6E-361,2026-09-10,T+7,5332,1171,6503,2026-09-03T02:32:26.151Z,FALSE,"",04:30,FALSE
fare_BOM-DEL_6E_2026-09-10_T+7_1788701812229_0gsd,BOM-DEL,EaseMyTrip,6E,6E-394,2026-09-10,T+7,5332,1171,6503,2026-09-03T02:32:26.151Z,FALSE,"",04:30,FALSE
fare_BOM-DEL_6E_2026-09-10_T+7_1788701812229_laa1,BOM-DEL,EaseMyTrip,6E,6E-2090,2026-09-10,T+7,5380,1181,6561,2026-09-03T02:32:26.151Z,FALSE,"",06:25,TRUE
fare_BOM-DEL_QP_2026-09-10_T+7_1788701812229_phlb,BOM-DEL,EaseMyTrip,QP,QP-1111,2026-09-10,T+7,5381,1181,6562,2026-09-03T02:32:26.151Z,FALSE,"",05:25,TRUE
fare_BOM-DEL_QP_2026-09-10_T+7_1788701812229_lpbd,BOM-DEL,EaseMyTrip,QP,QP-1127,2026-09-10,T+7,5381,1181,6562,2026-09-03T02:32:26.151Z,FALSE,"",13:00,TRUE
fare_BOM-DEL_QP_2026-09-10_T+7_1788701812229_gkkc,BOM-DEL,EaseMyTrip,QP,QP-1819,2026-09-10,T+7,5381,1181,6562,2026-09-03T02:32:26.151Z,FALSE,"",14:30,TRUE
fare_BOM-DEL_QP_2026-09-10_T+7_1788701812229_8f34,BOM-DEL,EaseMyTrip,QP,QP-1834,2026-09-10,T+7,5381,1181,6562,2026-09-03T02:32:26.151Z,FALSE,"",10:20,TRUE
fare_BOM-DEL_QP_2026-09-10_T+7_1788701812229_6t86,BOM-DEL,EaseMyTrip,QP,QP-1825,2026-09-10,T+7,5381,1181,6562,2026-09-03T02:32:26.151Z,FALSE,"",16:50,TRUE
fare_BOM-DEL_QP_2026-09-10_T+7_1788701812229_uqpk,BOM-DEL,EaseMyTrip,QP,QP-1835,2026-09-10,T+7,5381,1181,6562,2026-09-03T02:32:26.151Z,FALSE,"",11:50,TRUE
fare_BOM-DEL_6E_2026-09-10_T+7_1788701812229_0x1o,BOM-DEL,EaseMyTrip,6E,6E-605,2026-09-10,T+7,5381,1181,6562,2026-09-03T02:32:26.151Z,FALSE,"",05:00,TRUE
fare_BOM-DEL_6E_2026-09-10_T+7_1788701812229_3duy,BOM-DEL,EaseMyTrip,6E,6E-645,2026-09-10,T+7,5381,1181,6562,2026-09-03T02:32:26.151Z,FALSE,"",05:00,TRUE
fare_BOM-DEL_6E_2026-09-10_T+7_1788701812229_go5w,BOM-DEL,EaseMyTrip,6E,6E-6082,2026-09-10,T+7,5381,1181,6562,2026-09-03T02:32:26.151Z,FALSE,"",16:45,TRUE
fare_BOM-DEL_6E_2026-09-10_T+7_1788701812229_tbr4,BOM-DEL,EaseMyTrip,6E,6E-620,2026-09-10,T+7,5381,1181,6562,2026-09-03T02:32:26.151Z,FALSE,"",16:00,TRUE
fare_BOM-DEL_6E_2026-09-10_T+7_1788701812229_jfs7,BOM-DEL,EaseMyTrip,6E,6E-912,2026-09-10,T+7,5381,1181,6562,2026-09-03T02:32:26.151Z,FALSE,"",16:00,TRUE
fare_BOM-DEL_6E_2026-09-10_T+7_1788701812229_yafz,BOM-DEL,EaseMyTrip,6E,6E-663,2026-09-10,T+7,5381,1181,6562,2026-09-03T02:32:26.151Z,FALSE,"",15:00,TRUE
fare_BOM-DEL_6E_2026-09-10_T+7_1788701812229_wwtz,BOM-DEL,EaseMyTrip,6E,6E-255,2026-09-10,T+7,5381,1181,6562,2026-09-03T02:32:26.151Z,FALSE,"",15:00,TRUE
fare_BOM-DEL_6E_2026-09-10_T+7_1788701812229_kp4h,BOM-DEL,EaseMyTrip,6E,6E-656,2026-09-10,T+7,5381,1181,6562,2026-09-03T02:32:26.151Z,FALSE,"",13:00,TRUE
fare_BOM-DEL_6E_2026-09-10_T+7_1788701812229_3o9c,BOM-DEL,EaseMyTrip,6E,6E-604,2026-09-10,T+7,5381,1181,6562,2026-09-03T02:32:26.151Z,FALSE,"",13:00,TRUE
fare_BOM-DEL_6E_2026-09-10_T+7_1788701812229_nrk8,BOM-DEL,EaseMyTrip,6E,6E-6704,2026-09-10,T+7,5381,1181,6562,2026-09-03T02:32:26.151Z,FALSE,"",14:00,TRUE
fare_BOM-DEL_6E_2026-09-10_T+7_1788701812229_41p2,BOM-DEL,EaseMyTrip,6E,6E-6052,2026-09-10,T+7,5381,1181,6562,2026-09-03T02:32:26.151Z,FALSE,"",10:00,TRUE
fare_BOM-DEL_6E_2026-09-10_T+7_1788701812229_h4va,BOM-DEL,EaseMyTrip,6E,6E-888,2026-09-10,T+7,5381,1181,6562,2026-09-03T02:32:26.151Z,FALSE,"",10:35,TRUE
fare_BOM-DEL_6E_2026-09-10_T+7_1788701812229_55ft,BOM-DEL,EaseMyTrip,6E,6E-468,2026-09-10,T+7,5381,1181,6562,2026-09-03T02:32:26.151Z,FALSE,"",10:35,TRUE
fare_BOM-DEL_6E_2026-09-10_T+7_1788701812229_miwe,BOM-DEL,EaseMyTrip,6E,6E-6827,2026-09-10,T+7,5381,1181,6562,2026-09-03T02:32:26.151Z,FALSE,"",11:30,TRUE
fare_BOM-DEL_6E_2026-09-10_T+7_1788701812229_ka19,BOM-DEL,EaseMyTrip,6E,6E-6028,2026-09-10,T+7,5381,1181,6562,2026-09-03T02:32:26.151Z,FALSE,"",12:15,TRUE
fare_BOM-DEL_6E_2026-09-10_T+7_1788701812229_smqc,BOM-DEL,EaseMyTrip,6E,6E-967,2026-09-10,T+7,5381,1181,6562,2026-09-03T02:32:26.151Z,FALSE,"",09:00,TRUE
fare_BOM-DEL_6E_2026-09-10_T+7_1788701812229_zx78,BOM-DEL,EaseMyTrip,6E,6E-391,2026-09-10,T+7,5381,1181,6562,2026-09-03T02:32:26.151Z,FALSE,"",09:00,TRUE
fare_BOM-DEL_QP_2026-09-10_T+7_1788701812229_ox74,BOM-DEL,EaseMyTrip,QP,QP-1939,2026-09-10,T+7,5423,1191,6614,2026-09-03T02:32:26.151Z,FALSE,"",10:10,TRUE
fare_BOM-DEL_6E_2026-09-10_T+7_1788701812229_f4hh,BOM-DEL,EaseMyTrip,6E,6E-5197,2026-09-10,T+7,5423,1191,6614,2026-09-03T02:32:26.151Z,FALSE,"",06:40,TRUE
fare_BOM-DEL_6E_2026-09-10_T+7_1788701812229_5oin,BOM-DEL,EaseMyTrip,6E,6E-791,2026-09-10,T+7,5510,1210,6720,2026-09-03T02:32:26.151Z,FALSE,"",23:45,TRUE
fare_BOM-DEL_6E_2026-09-10_T+7_1788701812229_y42z,BOM-DEL,EaseMyTrip,6E,6E-599,2026-09-10,T+7,5510,1210,6720,2026-09-03T02:32:26.151Z,FALSE,"",23:45,TRUE
fare_BOM-DEL_6E_2026-09-10_T+7_1788701812229_vcpi,BOM-DEL,EaseMyTrip,6E,6E-816,2026-09-10,T+7,5510,1210,6720,2026-09-03T02:32:26.151Z,FALSE,"",22:15,TRUE
fare_BOM-DEL_6E_2026-09-10_T+7_1788701812229_7sr3,BOM-DEL,EaseMyTrip,6E,6E-681,2026-09-10,T+7,5510,1210,6720,2026-09-03T02:32:26.151Z,FALSE,"",22:15,TRUE
fare_BOM-DEL_6E_2026-09-10_T+7_1788701812229_fy60,BOM-DEL,EaseMyTrip,6E,6E-796,2026-09-10,T+7,5510,1210,6720,2026-09-03T02:32:26.151Z,FALSE,"",21:15,TRUE
fare_BOM-DEL_6E_2026-09-10_T+7_1788701812229_xec8,BOM-DEL,EaseMyTrip,6E,6E-427,2026-09-10,T+7,5510,1210,6720,2026-09-03T02:32:26.151Z,FALSE,"",21:15,TRUE
fare_BOM-DEL_6E_2026-09-10_T+7_1788701812229_kuv5,BOM-DEL,EaseMyTrip,6E,6E-629,2026-09-10,T+7,5510,1210,6720,2026-09-03T02:32:26.151Z,FALSE,"",17:20,TRUE
fare_BOM-DEL_6E_2026-09-10_T+7_1788701812229_t8ir,BOM-DEL,EaseMyTrip,6E,6E-133,2026-09-10,T+7,5510,1210,6720,2026-09-03T02:32:26.151Z,FALSE,"",17:20,TRUE
fare_BOM-DEL_6E_2026-09-10_T+7_1788701812229_ozyp,BOM-DEL,EaseMyTrip,6E,6E-880,2026-09-10,T+7,5510,1210,6720,2026-09-03T02:32:26.151Z,FALSE,"",06:00,TRUE
fare_BOM-DEL_6E_2026-09-10_T+7_1788701812229_ne2u,BOM-DEL,EaseMyTrip,6E,6E-225,2026-09-10,T+7,5510,1210,6720,2026-09-03T02:32:26.151Z,FALSE,"",06:00,TRUE
fare_BOM-DEL_6E_2026-09-10_T+7_1788701812229_bg9u,BOM-DEL,EaseMyTrip,6E,6E-5059,2026-09-10,T+7,5561,1221,6782,2026-09-03T02:32:26.151Z,FALSE,"",05:45,FALSE
fare_BOM-DEL_6E_2026-09-10_T+7_1788701812229_n6kb,BOM-DEL,EaseMyTrip,6E,6E-602,2026-09-10,T+7,5561,1221,6782,2026-09-03T02:32:26.151Z,FALSE,"",04:00,FALSE
fare_BOM-DEL_6E_2026-09-10_T+7_1788701812229_8sh8,BOM-DEL,EaseMyTrip,6E,6E-507,2026-09-10,T+7,5561,1221,6782,2026-09-03T02:32:26.151Z,FALSE,"",04:00,FALSE
fare_BOM-DEL_6E_2026-09-10_T+7_1788701812229_nzfo,BOM-DEL,EaseMyTrip,6E,6E-5144,2026-09-10,T+7,5561,1221,6782,2026-09-03T02:32:26.151Z,FALSE,"",06:10,FALSE
fare_BOM-DEL_QP_2026-09-10_T+7_1788701812229_tihf,BOM-DEL,EaseMyTrip,QP,QP-1109,2026-09-10,T+7,5578,1224,6802,2026-09-03T02:32:26.151Z,FALSE,"",07:00,TRUE
fare_BOM-DEL_AI_2026-09-10_T+7_1788701812229_ocrc,BOM-DEL,EaseMyTrip,AI,AI-2677,2026-09-10,T+7,5766,1266,7032,2026-09-03T02:32:26.151Z,FALSE,"",13:00,TRUE
fare_BOM-DEL_AI_2026-09-10_T+7_1788701812229_e0kr,BOM-DEL,EaseMyTrip,AI,AI-2422,2026-09-10,T+7,5766,1266,7032,2026-09-03T02:32:26.151Z,FALSE,"",01:00,TRUE
fare_BOM-DEL_AI_2026-09-10_T+7_1788701812229_c87q,BOM-DEL,EaseMyTrip,AI,AI-2432,2026-09-10,T+7,5766,1266,7032,2026-09-03T02:32:26.151Z,FALSE,"",09:30,TRUE
fare_BOM-DEL_AI_2026-09-10_T+7_1788701812229_4t5k,BOM-DEL,EaseMyTrip,AI,AI-2952,2026-09-10,T+7,5766,1266,7032,2026-09-03T02:32:26.151Z,FALSE,"",11:25,TRUE
fare_BOM-DEL_AI_2026-09-10_T+7_1788701812229_hujv,BOM-DEL,EaseMyTrip,AI,AI-2419,2026-09-10,T+7,5766,1266,7032,2026-09-03T02:32:26.151Z,FALSE,"",12:00,TRUE
fare_BOM-DEL_AI_2026-09-10_T+7_1788701812229_y6p1,BOM-DEL,EaseMyTrip,AI,AI-864,2026-09-10,T+7,5766,1266,7032,2026-09-03T02:32:26.151Z,FALSE,"",13:30,TRUE
fare_BOM-DEL_AI_2026-09-10_T+7_1788701812229_9vy9,BOM-DEL,EaseMyTrip,AI,AI-2960,2026-09-10,T+7,5766,1266,7032,2026-09-03T02:32:26.151Z,FALSE,"",14:05,TRUE
fare_BOM-DEL_AI_2026-09-10_T+7_1788701812229_qhm2,BOM-DEL,EaseMyTrip,AI,AI-2944,2026-09-10,T+7,5766,1266,7032,2026-09-03T02:32:26.151Z,FALSE,"",14:35,TRUE
fare_BOM-DEL_AI_2026-09-10_T+7_1788701812229_s3ba,BOM-DEL,EaseMyTrip,AI,AI-1851,2026-09-10,T+7,5766,1266,7032,2026-09-03T02:32:26.151Z,FALSE,"",15:30,TRUE
fare_BOM-DEL_AI_2026-09-10_T+7_1788701812229_7rma,BOM-DEL,EaseMyTrip,AI,AI-1882,2026-09-10,T+7,5766,1266,7032,2026-09-03T02:32:26.151Z,FALSE,"",23:55,TRUE
fare_BOM-DEL_6E_2026-09-10_T+7_1788701812229_ybdz,BOM-DEL,EaseMyTrip,6E,6E-516,2026-09-10,T+7,5683,1247,6930,2026-09-03T02:32:26.151Z,FALSE,"",07:00,TRUE
fare_BOM-DEL_6E_2026-09-10_T+7_1788701812229_z8n8,BOM-DEL,EaseMyTrip,6E,6E-746,2026-09-10,T+7,5683,1247,6930,2026-09-03T02:32:26.151Z,FALSE,"",07:00,TRUE
fare_BOM-DEL_6E_2026-09-10_T+7_1788701812229_ugp0,BOM-DEL,EaseMyTrip,6E,6E-777,2026-09-10,T+7,5683,1247,6930,2026-09-03T02:32:26.151Z,FALSE,"",08:00,TRUE
fare_BOM-DEL_6E_2026-09-10_T+7_1788701812229_ci2h,BOM-DEL,EaseMyTrip,6E,6E-457,2026-09-10,T+7,5683,1247,6930,2026-09-03T02:32:26.151Z,FALSE,"",08:00,TRUE
fare_BOM-DEL_SG_2026-09-10_T+7_1788701812229_vnby,BOM-DEL,EaseMyTrip,SG,SG-670,2026-09-10,T+7,6077,1334,7411,2026-09-03T02:32:26.151Z,FALSE,"",01:50,TRUE
fare_BOM-DEL_SG_2026-09-10_T+7_1788701812229_pkan,BOM-DEL,EaseMyTrip,SG,SG-174,2026-09-10,T+7,6077,1334,7411,2026-09-03T02:32:26.151Z,FALSE,"",01:50,TRUE
fare_BOM-DEL_IX_2026-09-10_T+7_1788701812229_ri7q,BOM-DEL,EaseMyTrip,IX,IX-1787,2026-09-10,T+7,5897,1294,7191,2026-09-03T02:32:26.151Z,FALSE,"",13:10,FALSE
fare_BOM-DEL_AI_2026-09-10_T+7_1788701812229_6oxv,BOM-DEL,EaseMyTrip,AI,AI-2970,2026-09-10,T+7,5897,1294,7191,2026-09-03T02:32:26.151Z,FALSE,"",08:30,TRUE
fare_BOM-DEL_AI_2026-09-10_T+7_1788701812229_6ssy,BOM-DEL,EaseMyTrip,AI,AI-2430,2026-09-10,T+7,5897,1294,7191,2026-09-03T02:32:26.151Z,FALSE,"",10:00,TRUE
fare_BOM-DEL_6E_2026-09-10_T+7_1788701812229_eclf,BOM-DEL,EaseMyTrip,6E,6E-7017,2026-09-10,T+7,5737,1259,6996,2026-09-03T02:32:26.151Z,FALSE,"",21:30,FALSE
fare_BOM-DEL_6E_2026-09-10_T+7_1788701812229_mk4l,BOM-DEL,EaseMyTrip,6E,6E-190,2026-09-10,T+7,5897,1295,7192,2026-09-03T02:32:26.151Z,FALSE,"",19:00,TRUE
fare_BOM-DEL_6E_2026-09-10_T+7_1788701812229_uctv,BOM-DEL,EaseMyTrip,6E,6E-615,2026-09-10,T+7,5897,1295,7192,2026-09-03T02:32:26.151Z,FALSE,"",19:00,TRUE
fare_BOM-DEL_AI_2026-09-10_T+7_1788701812229_k73i,BOM-DEL,EaseMyTrip,AI,AI-2930,2026-09-10,T+7,6069,1332,7401,2026-09-03T02:32:26.151Z,FALSE,"",07:30,TRUE
fare_BOM-DEL_6E_2026-09-10_T+7_1788701812229_502v,BOM-DEL,EaseMyTrip,6E,6E-6361,2026-09-10,T+7,5906,1296,7202,2026-09-03T02:32:26.151Z,FALSE,"",05:00,FALSE
fare_BOM-DEL_6E_2026-09-10_T+7_1788701812229_3w5w,BOM-DEL,EaseMyTrip,6E,6E-776,2026-09-10,T+7,6001,1317,7318,2026-09-03T02:32:26.151Z,FALSE,"",01:30,FALSE
fare_BOM-DEL_6E_2026-09-10_T+7_1788701812229_c4yl,BOM-DEL,EaseMyTrip,6E,6E-562,2026-09-10,T+7,6001,1317,7318,2026-09-03T02:32:26.151Z,FALSE,"",01:30,FALSE
fare_BOM-DEL_AI_2026-09-10_T+7_1788701812229_qx0z,BOM-DEL,EaseMyTrip,AI,AI-2928,2026-09-10,T+7,6220,1365,7585,2026-09-03T02:32:26.151Z,FALSE,"",06:30,TRUE
fare_BOM-DEL_AI_2026-09-10_T+7_1788701812229_da41,BOM-DEL,EaseMyTrip,AI,AI-2428,2026-09-10,T+7,6270,1376,7646,2026-09-03T02:32:26.151Z,FALSE,"",08:00,TRUE
fare_BOM-DEL_AI_2026-09-10_T+7_1788701812229_k8eo,BOM-DEL,EaseMyTrip,AI,AI-2424,2026-09-10,T+7,6270,1376,7646,2026-09-03T02:32:26.151Z,FALSE,"",07:00,TRUE
fare_BOM-DEL_AI_2026-09-10_T+7_1788701812229_la9w,BOM-DEL,EaseMyTrip,AI,AI-2986,2026-09-10,T+7,6283,1379,7662,2026-09-03T02:32:26.151Z,FALSE,"",22:35,TRUE
fare_BOM-DEL_AI_2026-09-10_T+7_1788701812229_15v9,BOM-DEL,EaseMyTrip,AI,AI-2687,2026-09-10,T+7,6283,1379,7662,2026-09-03T02:32:26.151Z,FALSE,"",16:35,TRUE
fare_BOM-DEL_6E_2026-09-10_T+7_1788701812229_f9gr,BOM-DEL,EaseMyTrip,6E,6E-6049,2026-09-10,T+7,6156,1351,7507,2026-09-03T02:32:26.151Z,FALSE,"",19:45,TRUE
fare_BOM-DEL_6E_2026-09-10_T+7_1788701812229_rfue,BOM-DEL,EaseMyTrip,6E,6E-159,2026-09-10,T+7,6156,1351,7507,2026-09-03T02:32:26.151Z,FALSE,"",20:20,TRUE
fare_BOM-DEL_6E_2026-09-10_T+7_1788701812229_gfv4,BOM-DEL,EaseMyTrip,6E,6E-127,2026-09-10,T+7,6156,1351,7507,2026-09-03T02:32:26.151Z,FALSE,"",20:20,TRUE
fare_BOM-DEL_6E_2026-09-10_T+7_1788701812229_j5ax,BOM-DEL,EaseMyTrip,6E,6E-5028,2026-09-10,T+7,6173,1355,7528,2026-09-03T02:32:26.151Z,FALSE,"",19:35,FALSE
fare_BOM-DEL_6E_2026-09-10_T+7_1788701812229_49vs,BOM-DEL,EaseMyTrip,6E,6E-740,2026-09-10,T+7,6198,1361,7559,2026-09-03T02:32:26.151Z,FALSE,"",17:20,TRUE
fare_BOM-DEL_6E_2026-09-10_T+7_1788701812229_4cq4,BOM-DEL,EaseMyTrip,6E,6E-701,2026-09-10,T+7,6198,1361,7559,2026-09-03T02:32:26.151Z,FALSE,"",17:20,TRUE
fare_BOM-DEL_IX_2026-09-10_T+7_1788701812229_i69j,BOM-DEL,EaseMyTrip,IX,IX-1026,2026-09-10,T+7,6447,1415,7862,2026-09-03T02:32:26.151Z,FALSE,"",05:45,FALSE
fare_BOM-DEL_6E_2026-09-10_T+7_1788701812229_ukq0,BOM-DEL,EaseMyTrip,6E,6E-5318,2026-09-10,T+7,6281,1379,7660,2026-09-03T02:32:26.151Z,FALSE,"",10:15,FALSE
fare_BOM-DEL_AI_2026-09-10_T+7_1788701812229_kric,BOM-DEL,EaseMyTrip,AI,AI-816,2026-09-10,T+7,6541,1436,7977,2026-09-03T02:32:26.151Z,FALSE,"",21:00,TRUE
fare_BOM-DEL_AI_2026-09-10_T+7_1788701812229_rgl2,BOM-DEL,EaseMyTrip,AI,AI-1891,2026-09-10,T+7,6625,1454,8079,2026-09-03T02:32:26.151Z,FALSE,"",08:10,TRUE
fare_BOM-DEL_6E_2026-09-10_T+7_1788701812229_h047,BOM-DEL,EaseMyTrip,6E,6E-976,2026-09-10,T+7,6540,1435,7975,2026-09-03T02:32:26.151Z,FALSE,"",12:40,FALSE
fare_BOM-DEL_6E_2026-09-10_T+7_1788701812229_32ov,BOM-DEL,EaseMyTrip,6E,6E-559,2026-09-10,T+7,6540,1435,7975,2026-09-03T02:32:26.151Z,FALSE,"",12:40,FALSE
fare_BOM-DEL_6E_2026-09-10_T+7_1788701812229_lv0n,BOM-DEL,EaseMyTrip,6E,6E-5281,2026-09-10,T+7,6634,1456,8090,2026-09-03T02:32:26.151Z,FALSE,"",08:40,FALSE
fare_BOM-DEL_6E_2026-09-10_T+7_1788701812229_ilk8,BOM-DEL,EaseMyTrip,6E,6E-6613,2026-09-10,T+7,6716,1474,8190,2026-09-03T02:32:26.151Z,FALSE,"",18:15,TRUE
fare_BOM-DEL_AI_2026-09-10_T+7_1788701812229_g2k2,BOM-DEL,EaseMyTrip,AI,AI-2440,2026-09-10,T+7,7030,1543,8573,2026-09-03T02:32:26.151Z,FALSE,"",18:00,TRUE
fare_BOM-DEL_AI_2026-09-10_T+7_1788701812229_dgjt,BOM-DEL,EaseMyTrip,AI,AI-2988,2026-09-10,T+7,7102,1559,8661,2026-09-03T02:32:26.151Z,FALSE,"",20:30,TRUE
fare_BOM-DEL_IX_2026-09-10_T+7_1788701812229_48oa,BOM-DEL,EaseMyTrip,IX,IX-1809,2026-09-10,T+7,7318,1606,8924,2026-09-03T02:32:26.151Z,FALSE,"",07:30,FALSE
fare_BOM-DEL_IX_2026-09-10_T+7_1788701812229_8or3,BOM-DEL,EaseMyTrip,IX,IX-1237,2026-09-10,T+7,7373,1619,8992,2026-09-03T02:32:26.151Z,FALSE,"",05:55,FALSE
fare_BOM-DEL_6E_2026-09-10_T+7_1788701812229_ka0b,BOM-DEL,EaseMyTrip,6E,6E-2024,2026-09-10,T+7,7297,1602,8899,2026-09-03T02:32:26.151Z,FALSE,"",09:15,FALSE
fare_BOM-DEL_AI_2026-09-10_T+7_1788701812229_myzs,BOM-DEL,EaseMyTrip,AI,AI-1895,2026-09-10,T+7,7660,1682,9342,2026-09-03T02:32:26.151Z,FALSE,"",21:30,TRUE
fare_BOM-DEL_6E_2026-09-10_T+7_1788701812229_haup,BOM-DEL,EaseMyTrip,6E,6E-553,2026-09-10,T+7,7601,1669,9270,2026-09-03T02:32:26.151Z,FALSE,"",14:40,FALSE
fare_BOM-DEL_6E_2026-09-10_T+7_1788701812229_49mb,BOM-DEL,EaseMyTrip,6E,6E-349,2026-09-10,T+7,7601,1669,9270,2026-09-03T02:32:26.151Z,FALSE,"",14:40,FALSE
fare_BOM-DEL_6E_2026-09-10_T+7_1788701812229_k748,BOM-DEL,EaseMyTrip,6E,6E-5135,2026-09-10,T+7,7751,1701,9452,2026-09-03T02:32:26.151Z,FALSE,"",23:20,FALSE
fare_BOM-DEL_QP_2026-09-10_T+7_1788701812229_40c1,BOM-DEL,EaseMyTrip,QP,QP-1120,2026-09-10,T+7,8032,1763,9795,2026-09-03T02:32:26.151Z,FALSE,"",18:45,TRUE
fare_BOM-DEL_AI_2026-09-10_T+7_1788701812229_ebl1,BOM-DEL,EaseMyTrip,AI,AI-9558,2026-09-10,T+7,8388,1841,10229,2026-09-03T02:32:26.151Z,FALSE,"",07:30,FALSE
fare_BOM-DEL_6E_2026-09-10_T+7_1788701812229_g7fg,BOM-DEL,EaseMyTrip,6E,6E-2347,2026-09-10,T+7,8245,1810,10055,2026-09-03T02:32:26.151Z,FALSE,"",08:50,FALSE
fare_BOM-DEL_6E_2026-09-10_T+7_1788701812229_ua1h,BOM-DEL,EaseMyTrip,6E,6E-6543,2026-09-10,T+7,8525,1871,10396,2026-09-03T02:32:26.151Z,FALSE,"",07:50,FALSE
fare_BOM-DEL_AI_2026-09-10_T+7_1788701812229_bnjg,BOM-DEL,EaseMyTrip,AI,AI-2940,2026-09-10,T+7,8770,1925,10695,2026-09-03T02:32:26.151Z,FALSE,"",20:00,TRUE
fare_BOM-DEL_AI_2026-09-10_T+7_1788701812229_w34z,BOM-DEL,EaseMyTrip,AI,AI-9891,2026-09-10,T+7,8798,1931,10729,2026-09-03T02:32:26.151Z,FALSE,"",13:10,FALSE
fare_BOM-DEL_6E_2026-09-10_T+7_1788701812229_796m,BOM-DEL,EaseMyTrip,6E,6E-5101,2026-09-10,T+7,8928,1960,10888,2026-09-03T02:32:26.151Z,FALSE,"",10:20,FALSE
fare_BOM-DEL_AI_2026-09-10_T+7_1788701812229_eoe5,BOM-DEL,EaseMyTrip,AI,AI-2491,2026-09-10,T+7,9347,2052,11399,2026-09-03T02:32:26.151Z,FALSE,"",11:15,FALSE
fare_BOM-DEL_AI_2026-09-10_T+7_1788701812229_1v9n,BOM-DEL,EaseMyTrip,AI,AI-9753,2026-09-10,T+7,9577,2102,11679,2026-09-03T02:32:26.151Z,FALSE,"",05:45,FALSE
fare_BOM-DEL_IX_2026-09-10_T+7_1788701812229_a29h,BOM-DEL,EaseMyTrip,IX,IX-1347,2026-09-10,T+7,9975,2190,12165,2026-09-03T02:32:26.151Z,FALSE,"",06:00,FALSE
fare_BOM-DEL_6E_2026-09-10_T+7_1788701812229_skfv,BOM-DEL,EaseMyTrip,6E,6E-972,2026-09-10,T+7,10073,2211,12284,2026-09-03T02:32:26.151Z,FALSE,"",11:20,FALSE
fare_BOM-DEL_6E_2026-09-10_T+7_1788701812229_39cu,BOM-DEL,EaseMyTrip,6E,6E-374,2026-09-10,T+7,10073,2211,12284,2026-09-03T02:32:26.151Z,FALSE,"",11:20,FALSE
fare_BOM-DEL_6E_2026-09-10_T+7_1788701812229_wzjw,BOM-DEL,EaseMyTrip,6E,6E-5056,2026-09-10,T+7,10240,2248,12488,2026-09-03T02:32:26.151Z,FALSE,"",21:10,FALSE
fare_BOM-DEL_QP_2026-09-10_T+7_1788701812229_pn48,BOM-DEL,EaseMyTrip,QP,QP-1516,2026-09-10,T+7,10330,2267,12597,2026-09-03T02:32:26.151Z,FALSE,"",00:40,FALSE
fare_BOM-DEL_6E_2026-09-10_T+7_1788701812229_yae0,BOM-DEL,EaseMyTrip,6E,6E-5178,2026-09-10,T+7,10788,2368,13156,2026-09-03T02:32:26.151Z,FALSE,"",11:45,FALSE
fare_BOM-DEL_6E_2026-09-10_T+7_1788701812229_foea,BOM-DEL,EaseMyTrip,6E,6E-5326,2026-09-10,T+7,10862,2384,13246,2026-09-03T02:32:26.151Z,FALSE,"",19:40,FALSE
fare_BOM-DEL_6E_2026-09-10_T+7_1788701812229_913k,BOM-DEL,EaseMyTrip,6E,6E-5246,2026-09-10,T+7,10929,2399,13328,2026-09-03T02:32:26.151Z,FALSE,"",07:15,FALSE
fare_BOM-DEL_AI_2026-09-10_T+7_1788701812229_m6cy,BOM-DEL,EaseMyTrip,AI,AI-2493,2026-09-10,T+7,11126,2442,13568,2026-09-03T02:32:26.151Z,FALSE,"",18:25,FALSE
fare_BOM-DEL_AI_2026-09-10_T+7_1788701812229_dw6z,BOM-DEL,EaseMyTrip,AI,AI-2919,2026-09-10,T+7,11126,2442,13568,2026-09-03T02:32:26.151Z,FALSE,"",21:35,FALSE
fare_BOM-DEL_AI_2026-09-10_T+7_1788701812229_3fum,BOM-DEL,EaseMyTrip,AI,AI-493,2026-09-10,T+7,11214,2461,13675,2026-09-03T02:32:26.151Z,FALSE,"",06:40,FALSE
fare_BOM-DEL_AI_2026-09-10_T+7_1788701812229_lkay,BOM-DEL,EaseMyTrip,AI,AI-2503,2026-09-10,T+7,12577,2761,15338,2026-09-03T02:32:26.151Z,TRUE,"High outlier: ₹15338 > upper fence ₹14970 (Q3: ₹9925, IQR: ₹3363)",12:55,FALSE
fare_BOM-DEL_AI_2026-09-10_T+7_1788701812229_0c1r,BOM-DEL,EaseMyTrip,AI,AI-2785,2026-09-10,T+7,12656,2778,15434,2026-09-03T02:32:26.151Z,TRUE,"High outlier: ₹15434 > upper fence ₹14970 (Q3: ₹9925, IQR: ₹3363)",06:40,FALSE
fare_BOM-DEL_IX_2026-09-10_T+7_1788701812229_jqvy,BOM-DEL,EaseMyTrip,IX,IX-5985,2026-09-10,T+7,13200,2897,16097,2026-09-03T02:32:26.151Z,TRUE,"High outlier: ₹16097 > upper fence ₹14970 (Q3: ₹9925, IQR: ₹3363)",15:35,FALSE
fare_BOM-DEL_AI_2026-09-10_T+7_1788701812229_nv7z,BOM-DEL,EaseMyTrip,AI,AI-2659,2026-09-10,T+7,13311,2922,16233,2026-09-03T02:32:26.151Z,TRUE,"High outlier: ₹16233 > upper fence ₹14970 (Q3: ₹9925, IQR: ₹3363)",14:35,FALSE
fare_BOM-DEL_IX_2026-09-10_T+7_1788701812229_lfol,BOM-DEL,EaseMyTrip,IX,IX-1283,2026-09-10,T+7,13752,3019,16771,2026-09-03T02:32:26.151Z,TRUE,"High outlier: ₹16771 > upper fence ₹14970 (Q3: ₹9925, IQR: ₹3363)",09:05,FALSE
fare_BOM-DEL_AI_2026-09-10_T+7_1788701812229_e0zw,BOM-DEL,EaseMyTrip,AI,AI-2753,2026-09-10,T+7,13595,2984,16579,2026-09-03T02:32:26.151Z,TRUE,"High outlier: ₹16579 > upper fence ₹14970 (Q3: ₹9925, IQR: ₹3363)",13:50,FALSE
fare_BOM-DEL_AI_2026-09-10_T+7_1788701812229_qata,BOM-DEL,EaseMyTrip,AI,AI-2741,2026-09-10,T+7,13953,3063,17016,2026-09-03T02:32:26.151Z,TRUE,"High outlier: ₹17016 > upper fence ₹14970 (Q3: ₹9925, IQR: ₹3363)",07:40,FALSE
fare_BOM-DEL_AI_2026-09-10_T+7_1788701812229_ft9i,BOM-DEL,EaseMyTrip,AI,AI-2915,2026-09-10,T+7,14072,3089,17161,2026-09-03T02:32:26.151Z,TRUE,"High outlier: ₹17161 > upper fence ₹14970 (Q3: ₹9925, IQR: ₹3363)",15:30,FALSE
fare_BOM-DEL_AI_2026-09-10_T+7_1788701812229_y094,BOM-DEL,EaseMyTrip,AI,AI-2749,2026-09-10,T+7,14173,3111,17284,2026-09-03T02:32:26.151Z,TRUE,"High outlier: ₹17284 > upper fence ₹14970 (Q3: ₹9925, IQR: ₹3363)",17:35,FALSE
fare_BOM-DEL_AI_2026-09-10_T+7_1788701812229_ni4i,BOM-DEL,EaseMyTrip,AI,AI-2728,2026-09-10,T+7,14523,3188,17711,2026-09-03T02:32:26.151Z,TRUE,"High outlier: ₹17711 > upper fence ₹14970 (Q3: ₹9925, IQR: ₹3363)",05:20,FALSE
fare_BOM-DEL_AI_2026-09-10_T+7_1788701812229_hmbc,BOM-DEL,EaseMyTrip,AI,AI-2444,2026-09-10,T+7,14603,3206,17809,2026-09-03T02:32:26.151Z,TRUE,"High outlier: ₹17809 > upper fence ₹14970 (Q3: ₹9925, IQR: ₹3363)",10:50,FALSE
fare_BOM-DEL_AI_2026-09-10_T+7_1788701812229_atn6,BOM-DEL,EaseMyTrip,AI,AI-2531,2026-09-10,T+7,14755,3239,17994,2026-09-03T02:32:26.151Z,TRUE,"High outlier: ₹17994 > upper fence ₹14970 (Q3: ₹9925, IQR: ₹3363)",15:05,FALSE
fare_BOM-DEL_AI_2026-09-10_T+7_1788701812229_e8q4,BOM-DEL,EaseMyTrip,AI,AI-2625,2026-09-10,T+7,14755,3239,17994,2026-09-03T02:32:26.151Z,TRUE,"High outlier: ₹17994 > upper fence ₹14970 (Q3: ₹9925, IQR: ₹3363)",06:00,FALSE
fare_BOM-DEL_AI_2026-09-10_T+7_1788701812229_4139,BOM-DEL,EaseMyTrip,AI,AI-603,2026-09-10,T+7,15023,3298,18321,2026-09-03T02:32:26.151Z,TRUE,"High outlier: ₹18321 > upper fence ₹14970 (Q3: ₹9925, IQR: ₹3363)",05:10,FALSE
fare_BOM-DEL_IX_2026-09-10_T+7_1788701812229_dr1p,BOM-DEL,EaseMyTrip,IX,IX-1163,2026-09-10,T+7,15826,3474,19300,2026-09-03T02:32:26.151Z,TRUE,"High outlier: ₹19300 > upper fence ₹14970 (Q3: ₹9925, IQR: ₹3363)",20:45,FALSE
fare_BOM-DEL_6E_2026-09-10_T+7_1788701812229_1jub,BOM-DEL,EaseMyTrip,6E,6E-5228,2026-09-10,T+7,15658,3437,19095,2026-09-03T02:32:26.151Z,TRUE,"High outlier: ₹19095 > upper fence ₹14970 (Q3: ₹9925, IQR: ₹3363)",16:45,FALSE
fare_BOM-DEL_6E_2026-09-10_T+7_1788701812229_cth0,BOM-DEL,EaseMyTrip,6E,6E-5386,2026-09-10,T+7,16372,3594,19966,2026-09-03T02:32:26.151Z,TRUE,"High outlier: ₹19966 > upper fence ₹14970 (Q3: ₹9925, IQR: ₹3363)",15:10,FALSE
fare_BOM-DEL_SG_2026-09-10_T+7_1788701812229_dfa0,BOM-DEL,EaseMyTrip,SG,SG-872,2026-09-10,T+7,16585,3641,20226,2026-09-03T02:32:26.151Z,TRUE,"High outlier: ₹20226 > upper fence ₹14970 (Q3: ₹9925, IQR: ₹3363)",23:25,TRUE
fare_BOM-DEL_SG_2026-09-10_T+7_1788701812229_b634,BOM-DEL,EaseMyTrip,SG,SG-554,2026-09-10,T+7,16585,3641,20226,2026-09-03T02:32:26.151Z,TRUE,"High outlier: ₹20226 > upper fence ₹14970 (Q3: ₹9925, IQR: ₹3363)",23:25,TRUE
fare_BOM-DEL_IX_2026-09-10_T+7_1788701812229_evdg,BOM-DEL,EaseMyTrip,IX,IX-1238,2026-09-10,T+7,19854,4358,24212,2026-09-03T02:32:26.151Z,TRUE,"High outlier: ₹24212 > upper fence ₹14970 (Q3: ₹9925, IQR: ₹3363)",12:25,FALSE
fare_BOM-DEL_AI_2026-09-10_T+7_1788701812229_bmfe,BOM-DEL,EaseMyTrip,AI,AI-9533,2026-09-10,T+7,19520,4285,23805,2026-09-03T02:32:26.151Z,TRUE,"High outlier: ₹23805 > upper fence ₹14970 (Q3: ₹9925, IQR: ₹3363)",16:30,FALSE
fare_BOM-DEL_AI_2026-09-10_T+7_1788701812229_unq0,BOM-DEL,EaseMyTrip,AI,AI-2781,2026-09-10,T+7,24433,5363,29796,2026-09-03T02:32:26.151Z,TRUE,"High outlier: ₹29796 > upper fence ₹14970 (Q3: ₹9925, IQR: ₹3363)",10:45,FALSE
fare_DEL-BOM_IX_2026-09-18_T+15_1788701812231_7qcv,DEL-BOM,EaseMyTrip,IX,IX-1165,2026-09-18,T+15,5354,1175,6529,2026-09-03T21:13:59.033Z,FALSE,"",05:45,FALSE
fare_DEL-BOM_IX_2026-09-18_T+15_1788701812231_6bs3,DEL-BOM,EaseMyTrip,IX,IX-1392,2026-09-18,T+15,5354,1175,6529,2026-09-03T21:13:59.033Z,FALSE,"",23:25,FALSE
fare_DEL-BOM_IX_2026-09-18_T+15_1788701812231_48a3,DEL-BOM,EaseMyTrip,IX,IX-1056,2026-09-18,T+15,5354,1175,6529,2026-09-03T21:13:59.033Z,FALSE,"",05:35,TRUE
fare_DEL-BOM_IX_2026-09-18_T+15_1788701812231_l6mv,DEL-BOM,EaseMyTrip,IX,IX-1080,2026-09-18,T+15,5354,1175,6529,2026-09-03T21:13:59.033Z,FALSE,"",18:40,TRUE
fare_DEL-BOM_IX_2026-09-18_T+15_1788701812231_p689,DEL-BOM,EaseMyTrip,IX,IX-1235,2026-09-18,T+15,5484,1204,6688,2026-09-03T21:13:59.033Z,FALSE,"",23:25,TRUE
fare_DEL-BOM_IX_2026-09-18_T+15_1788701812231_vake,DEL-BOM,EaseMyTrip,IX,IX-1038,2026-09-18,T+15,5526,1213,6739,2026-09-03T21:13:59.033Z,FALSE,"",17:35,TRUE
fare_DEL-BOM_6E_2026-09-18_T+15_1788701812231_h6y1,DEL-BOM,EaseMyTrip,6E,6E-5096,2026-09-18,T+15,5282,1160,6442,2026-09-03T21:13:59.033Z,FALSE,"",17:00,TRUE
fare_DEL-BOM_QP_2026-09-18_T+15_1788701812231_vp60,DEL-BOM,EaseMyTrip,QP,QP-2074,2026-09-18,T+15,5330,1170,6500,2026-09-03T21:13:59.033Z,FALSE,"",14:10,TRUE
fare_DEL-BOM_6E_2026-09-18_T+15_1788701812231_05df,DEL-BOM,EaseMyTrip,6E,6E-6470,2026-09-18,T+15,5354,1175,6529,2026-09-03T21:13:59.033Z,FALSE,"",06:55,TRUE
fare_DEL-BOM_QP_2026-09-18_T+15_1788701812231_mq7h,DEL-BOM,EaseMyTrip,QP,QP-1110,2026-09-18,T+15,5355,1175,6530,2026-09-03T21:13:59.033Z,FALSE,"",10:30,TRUE
fare_DEL-BOM_QP_2026-09-18_T+15_1788701812231_ce6x,DEL-BOM,EaseMyTrip,QP,QP-1833,2026-09-18,T+15,5355,1175,6530,2026-09-03T21:13:59.033Z,FALSE,"",06:50,TRUE
fare_DEL-BOM_QP_2026-09-18_T+15_1788701812231_8psl,DEL-BOM,EaseMyTrip,QP,QP-1112,2026-09-18,T+15,5355,1175,6530,2026-09-03T21:13:59.033Z,FALSE,"",09:20,TRUE
fare_DEL-BOM_QP_2026-09-18_T+15_1788701812231_ekw4,DEL-BOM,EaseMyTrip,QP,QP-1128,2026-09-18,T+15,5355,1175,6530,2026-09-03T21:13:59.033Z,FALSE,"",16:00,TRUE
fare_DEL-BOM_QP_2026-09-18_T+15_1788701812231_m0pd,DEL-BOM,EaseMyTrip,QP,QP-1119,2026-09-18,T+15,5355,1175,6530,2026-09-03T21:13:59.033Z,FALSE,"",08:40,TRUE
fare_DEL-BOM_QP_2026-09-18_T+15_1788701812231_g61u,DEL-BOM,EaseMyTrip,QP,QP-1836,2026-09-18,T+15,5355,1175,6530,2026-09-03T21:13:59.033Z,FALSE,"",12:30,TRUE
fare_DEL-BOM_6E_2026-09-18_T+15_1788701812231_yl94,DEL-BOM,EaseMyTrip,6E,6E-856,2026-09-18,T+15,5355,1175,6530,2026-09-03T21:13:59.033Z,FALSE,"",05:00,TRUE
fare_DEL-BOM_6E_2026-09-18_T+15_1788701812231_skgf,DEL-BOM,EaseMyTrip,6E,6E-939,2026-09-18,T+15,5355,1175,6530,2026-09-03T21:13:59.033Z,FALSE,"",05:00,TRUE
fare_DEL-BOM_6E_2026-09-18_T+15_1788701812231_xntf,DEL-BOM,EaseMyTrip,6E,6E-141,2026-09-18,T+15,5355,1175,6530,2026-09-03T21:13:59.033Z,FALSE,"",23:30,TRUE
fare_DEL-BOM_6E_2026-09-18_T+15_1788701812231_7xyi,DEL-BOM,EaseMyTrip,6E,6E-377,2026-09-18,T+15,5355,1175,6530,2026-09-03T21:13:59.033Z,FALSE,"",23:30,TRUE
fare_DEL-BOM_6E_2026-09-18_T+15_1788701812231_pv8q,DEL-BOM,EaseMyTrip,6E,6E-167,2026-09-18,T+15,5355,1175,6530,2026-09-03T21:13:59.033Z,FALSE,"",15:30,TRUE
fare_DEL-BOM_6E_2026-09-18_T+15_1788701812231_z9mf,DEL-BOM,EaseMyTrip,6E,6E-456,2026-09-18,T+15,5355,1175,6530,2026-09-03T21:13:59.033Z,FALSE,"",15:30,TRUE
fare_DEL-BOM_6E_2026-09-18_T+15_1788701812231_9pta,DEL-BOM,EaseMyTrip,6E,6E-6022,2026-09-18,T+15,5355,1175,6530,2026-09-03T21:13:59.033Z,FALSE,"",14:00,TRUE
fare_DEL-BOM_6E_2026-09-18_T+15_1788701812231_ion0,DEL-BOM,EaseMyTrip,6E,6E-6318,2026-09-18,T+15,5355,1175,6530,2026-09-03T21:13:59.033Z,FALSE,"",14:45,TRUE
fare_DEL-BOM_6E_2026-09-18_T+15_1788701812231_o8mf,DEL-BOM,EaseMyTrip,6E,6E-674,2026-09-18,T+15,5355,1175,6530,2026-09-03T21:13:59.033Z,FALSE,"",08:45,TRUE
fare_DEL-BOM_6E_2026-09-18_T+15_1788701812231_ul1y,DEL-BOM,EaseMyTrip,6E,6E-612,2026-09-18,T+15,5355,1175,6530,2026-09-03T21:13:59.033Z,FALSE,"",08:45,TRUE
fare_DEL-BOM_6E_2026-09-18_T+15_1788701812231_2yov,DEL-BOM,EaseMyTrip,6E,6E-6328,2026-09-18,T+15,5355,1175,6530,2026-09-03T21:13:59.033Z,FALSE,"",10:15,TRUE
fare_DEL-BOM_6E_2026-09-18_T+15_1788701812231_92dh,DEL-BOM,EaseMyTrip,6E,6E-6047,2026-09-18,T+15,5355,1175,6530,2026-09-03T21:13:59.033Z,FALSE,"",11:00,TRUE
fare_DEL-BOM_6E_2026-09-18_T+15_1788701812231_nmtc,DEL-BOM,EaseMyTrip,6E,6E-6676,2026-09-18,T+15,5355,1175,6530,2026-09-03T21:13:59.033Z,FALSE,"",12:00,TRUE
fare_DEL-BOM_6E_2026-09-18_T+15_1788701812231_hxs3,DEL-BOM,EaseMyTrip,6E,6E-282,2026-09-18,T+15,5355,1175,6530,2026-09-03T21:13:59.033Z,FALSE,"",13:00,TRUE
fare_DEL-BOM_6E_2026-09-18_T+15_1788701812231_5ml4,DEL-BOM,EaseMyTrip,6E,6E-970,2026-09-18,T+15,5355,1175,6530,2026-09-03T21:13:59.033Z,FALSE,"",13:00,TRUE
fare_DEL-BOM_6E_2026-09-18_T+15_1788701812231_d0su,DEL-BOM,EaseMyTrip,6E,6E-6107,2026-09-18,T+15,5355,1175,6530,2026-09-03T21:13:59.033Z,FALSE,"",09:30,TRUE
fare_DEL-BOM_QP_2026-09-18_T+15_1788701812231_ojcz,DEL-BOM,EaseMyTrip,QP,QP-1940,2026-09-18,T+15,5427,1191,6618,2026-09-03T21:13:59.033Z,FALSE,"",14:05,TRUE
fare_DEL-BOM_6E_2026-09-18_T+15_1788701812231_aajv,DEL-BOM,EaseMyTrip,6E,6E-5198,2026-09-18,T+15,5427,1191,6618,2026-09-03T21:13:59.033Z,FALSE,"",15:00,TRUE
fare_DEL-BOM_6E_2026-09-18_T+15_1788701812231_67mz,DEL-BOM,EaseMyTrip,6E,6E-5014,2026-09-18,T+15,5427,1191,6618,2026-09-03T21:13:59.033Z,FALSE,"",18:30,FALSE
fare_DEL-BOM_6E_2026-09-18_T+15_1788701812231_587t,DEL-BOM,EaseMyTrip,6E,6E-5073,2026-09-18,T+15,5427,1191,6618,2026-09-03T21:13:59.033Z,FALSE,"",17:05,FALSE
fare_DEL-BOM_6E_2026-09-18_T+15_1788701812231_hib5,DEL-BOM,EaseMyTrip,6E,6E-195,2026-09-18,T+15,5427,1191,6618,2026-09-03T21:13:59.033Z,FALSE,"",19:35,FALSE
fare_DEL-BOM_6E_2026-09-18_T+15_1788701812231_yaxp,DEL-BOM,EaseMyTrip,6E,6E-412,2026-09-18,T+15,5427,1191,6618,2026-09-03T21:13:59.033Z,FALSE,"",19:35,FALSE
fare_DEL-BOM_6E_2026-09-18_T+15_1788701812231_dhp3,DEL-BOM,EaseMyTrip,6E,6E-5119,2026-09-18,T+15,5427,1191,6618,2026-09-03T21:13:59.033Z,FALSE,"",05:10,FALSE
fare_DEL-BOM_6E_2026-09-18_T+15_1788701812231_poc4,DEL-BOM,EaseMyTrip,6E,6E-2076,2026-09-18,T+15,5427,1191,6618,2026-09-03T21:13:59.033Z,FALSE,"",07:30,FALSE
fare_DEL-BOM_6E_2026-09-18_T+15_1788701812231_3kde,DEL-BOM,EaseMyTrip,6E,6E-6983,2026-09-18,T+15,5427,1191,6618,2026-09-03T21:13:59.033Z,FALSE,"",15:35,FALSE
fare_DEL-BOM_6E_2026-09-18_T+15_1788701812231_rxwm,DEL-BOM,EaseMyTrip,6E,6E-6261,2026-09-18,T+15,5427,1191,6618,2026-09-03T21:13:59.033Z,FALSE,"",00:15,FALSE
fare_DEL-BOM_6E_2026-09-18_T+15_1788701812231_vtkb,DEL-BOM,EaseMyTrip,6E,6E-2013,2026-09-18,T+15,5427,1191,6618,2026-09-03T21:13:59.033Z,FALSE,"",21:50,FALSE
fare_DEL-BOM_6E_2026-09-18_T+15_1788701812231_ejfr,DEL-BOM,EaseMyTrip,6E,6E-2341,2026-09-18,T+15,5427,1191,6618,2026-09-03T21:13:59.033Z,FALSE,"",14:50,FALSE
fare_DEL-BOM_QP_2026-09-18_T+15_1788701812231_hsor,DEL-BOM,EaseMyTrip,QP,QP-1820,2026-09-18,T+15,5452,1197,6649,2026-09-03T21:13:59.033Z,FALSE,"",17:30,TRUE
fare_DEL-BOM_6E_2026-09-18_T+15_1788701812231_vvor,DEL-BOM,EaseMyTrip,6E,6E-928,2026-09-18,T+15,5484,1204,6688,2026-09-03T21:13:59.033Z,FALSE,"",16:15,TRUE
fare_DEL-BOM_6E_2026-09-18_T+15_1788701812231_hiiz,DEL-BOM,EaseMyTrip,6E,6E-689,2026-09-18,T+15,5484,1204,6688,2026-09-03T21:13:59.033Z,FALSE,"",16:15,TRUE
fare_DEL-BOM_6E_2026-09-18_T+15_1788701812231_93f2,DEL-BOM,EaseMyTrip,6E,6E-6218,2026-09-18,T+15,5484,1204,6688,2026-09-03T21:13:59.033Z,FALSE,"",06:05,TRUE
fare_DEL-BOM_6E_2026-09-18_T+15_1788701812231_oaxt,DEL-BOM,EaseMyTrip,6E,6E-6490,2026-09-18,T+15,5518,1211,6729,2026-09-03T21:13:59.033Z,FALSE,"",04:55,FALSE
fare_DEL-BOM_6E_2026-09-18_T+15_1788701812231_wvbh,DEL-BOM,EaseMyTrip,6E,6E-2249,2026-09-18,T+15,5535,1215,6750,2026-09-03T21:13:59.033Z,FALSE,"",15:00,FALSE
fare_DEL-BOM_6E_2026-09-18_T+15_1788701812231_1v15,DEL-BOM,EaseMyTrip,6E,6E-2169,2026-09-18,T+15,5535,1215,6750,2026-09-03T21:13:59.033Z,FALSE,"",19:40,FALSE
fare_DEL-BOM_6E_2026-09-18_T+15_1788701812231_6sfj,DEL-BOM,EaseMyTrip,6E,6E-6829,2026-09-18,T+15,5535,1215,6750,2026-09-03T21:13:59.033Z,FALSE,"",17:20,FALSE
fare_DEL-BOM_6E_2026-09-18_T+15_1788701812231_b59l,DEL-BOM,EaseMyTrip,6E,6E-6443,2026-09-18,T+15,5535,1215,6750,2026-09-03T21:13:59.033Z,FALSE,"",09:00,FALSE
fare_DEL-BOM_6E_2026-09-18_T+15_1788701812231_jfq4,DEL-BOM,EaseMyTrip,6E,6E-6433,2026-09-18,T+15,5535,1215,6750,2026-09-03T21:13:59.033Z,FALSE,"",16:30,FALSE
fare_DEL-BOM_6E_2026-09-18_T+15_1788701812231_5ady,DEL-BOM,EaseMyTrip,6E,6E-5138,2026-09-18,T+15,5535,1215,6750,2026-09-03T21:13:59.033Z,FALSE,"",19:10,FALSE
fare_DEL-BOM_6E_2026-09-18_T+15_1788701812231_8zuh,DEL-BOM,EaseMyTrip,6E,6E-6459,2026-09-18,T+15,5535,1215,6750,2026-09-03T21:13:59.033Z,FALSE,"",05:55,FALSE
fare_DEL-BOM_6E_2026-09-18_T+15_1788701812231_h1vl,DEL-BOM,EaseMyTrip,6E,6E-6569,2026-09-18,T+15,5535,1215,6750,2026-09-03T21:13:59.033Z,FALSE,"",05:00,FALSE
fare_DEL-BOM_AI_2026-09-18_T+15_1788701812231_4am5,DEL-BOM,EaseMyTrip,AI,AI-2678,2026-09-18,T+15,5740,1260,7000,2026-09-03T21:13:59.033Z,FALSE,"",08:30,TRUE
fare_DEL-BOM_AI_2026-09-18_T+15_1788701812231_b4ow,DEL-BOM,EaseMyTrip,AI,AI-1745,2026-09-18,T+15,5740,1260,7000,2026-09-03T21:13:59.033Z,FALSE,"",05:00,TRUE
fare_DEL-BOM_AI_2026-09-18_T+15_1788701812231_1nc9,DEL-BOM,EaseMyTrip,AI,AI-2425,2026-09-18,T+15,5740,1260,7000,2026-09-03T21:13:59.033Z,FALSE,"",10:30,TRUE
fare_DEL-BOM_AI_2026-09-18_T+15_1788701812231_xans,DEL-BOM,EaseMyTrip,AI,AI-2951,2026-09-18,T+15,5740,1260,7000,2026-09-03T21:13:59.033Z,FALSE,"",13:30,TRUE
fare_DEL-BOM_AI_2026-09-18_T+15_1788701812231_wheu,DEL-BOM,EaseMyTrip,AI,AI-2441,2026-09-18,T+15,5740,1260,7000,2026-09-03T21:13:59.033Z,FALSE,"",14:10,TRUE
fare_DEL-BOM_AI_2026-09-18_T+15_1788701812231_s8xb,DEL-BOM,EaseMyTrip,AI,AI-2995,2026-09-18,T+15,5740,1260,7000,2026-09-03T21:13:59.033Z,FALSE,"",10:00,TRUE
fare_DEL-BOM_AI_2026-09-18_T+15_1788701812231_hv9l,DEL-BOM,EaseMyTrip,AI,AI-2945,2026-09-18,T+15,5740,1260,7000,2026-09-03T21:13:59.033Z,FALSE,"",11:00,TRUE
fare_DEL-BOM_AI_2026-09-18_T+15_1788701812231_tynb,DEL-BOM,EaseMyTrip,AI,AI-1785,2026-09-18,T+15,5740,1260,7000,2026-09-03T21:13:59.033Z,FALSE,"",12:00,TRUE
fare_DEL-BOM_AI_2026-09-18_T+15_1788701812231_t7an,DEL-BOM,EaseMyTrip,AI,AI-2933,2026-09-18,T+15,5740,1260,7000,2026-09-03T21:13:59.033Z,FALSE,"",15:30,TRUE
fare_DEL-BOM_AI_2026-09-18_T+15_1788701812231_bbk9,DEL-BOM,EaseMyTrip,AI,AI-1777,2026-09-18,T+15,5740,1260,7000,2026-09-03T21:13:59.033Z,FALSE,"",16:00,TRUE
fare_DEL-BOM_AI_2026-09-18_T+15_1788701812231_9ngl,DEL-BOM,EaseMyTrip,AI,AI-2439,2026-09-18,T+15,5740,1260,7000,2026-09-03T21:13:59.033Z,FALSE,"",23:00,TRUE
fare_DEL-BOM_AI_2026-09-18_T+15_1788701812231_57za,DEL-BOM,EaseMyTrip,AI,AI-2927,2026-09-18,T+15,5740,1260,7000,2026-09-03T21:13:59.033Z,FALSE,"",09:30,TRUE
fare_DEL-BOM_AI_2026-09-18_T+15_1788701812231_7u9b,DEL-BOM,EaseMyTrip,AI,AI-1780,2026-09-18,T+15,5740,1260,7000,2026-09-03T21:13:59.033Z,FALSE,"",16:10,TRUE
fare_DEL-BOM_6E_2026-09-18_T+15_1788701812231_g7jv,DEL-BOM,EaseMyTrip,6E,6E-6479,2026-09-18,T+15,5599,1229,6828,2026-09-03T21:13:59.033Z,FALSE,"",21:25,FALSE
fare_DEL-BOM_6E_2026-09-18_T+15_1788701812231_21ar,DEL-BOM,EaseMyTrip,6E,6E-5298,2026-09-18,T+15,5599,1229,6828,2026-09-03T21:13:59.033Z,FALSE,"",09:00,FALSE
fare_DEL-BOM_6E_2026-09-18_T+15_1788701812231_lxgv,DEL-BOM,EaseMyTrip,6E,6E-5038,2026-09-18,T+15,5599,1229,6828,2026-09-03T21:13:59.033Z,FALSE,"",14:00,FALSE
fare_DEL-BOM_6E_2026-09-18_T+15_1788701812231_fw2w,DEL-BOM,EaseMyTrip,6E,6E-6050,2026-09-18,T+15,5599,1229,6828,2026-09-03T21:13:59.033Z,FALSE,"",08:15,FALSE
fare_DEL-BOM_6E_2026-09-18_T+15_1788701812231_7gzo,DEL-BOM,EaseMyTrip,6E,6E-5206,2026-09-18,T+15,5599,1229,6828,2026-09-03T21:13:59.033Z,FALSE,"",13:20,FALSE
fare_DEL-BOM_IX_2026-09-18_T+15_1788701812231_zcw6,DEL-BOM,EaseMyTrip,IX,IX-1067,2026-09-18,T+15,6166,1354,7520,2026-09-03T21:13:59.033Z,FALSE,"",06:10,FALSE
fare_DEL-BOM_6E_2026-09-18_T+15_1788701812231_5s61,DEL-BOM,EaseMyTrip,6E,6E-6114,2026-09-18,T+15,5656,1242,6898,2026-09-03T21:13:59.033Z,FALSE,"",22:45,TRUE
fare_DEL-BOM_6E_2026-09-18_T+15_1788701812231_5bsq,DEL-BOM,EaseMyTrip,6E,6E-976,2026-09-18,T+15,5656,1242,6898,2026-09-03T21:13:59.033Z,FALSE,"",21:45,TRUE
fare_DEL-BOM_6E_2026-09-18_T+15_1788701812231_isg3,DEL-BOM,EaseMyTrip,6E,6E-477,2026-09-18,T+15,5656,1242,6898,2026-09-03T21:13:59.033Z,FALSE,"",21:45,TRUE
fare_DEL-BOM_6E_2026-09-18_T+15_1788701812231_oylq,DEL-BOM,EaseMyTrip,6E,6E-6706,2026-09-18,T+15,5656,1242,6898,2026-09-03T21:13:59.033Z,FALSE,"",17:00,TRUE
fare_DEL-BOM_6E_2026-09-18_T+15_1788701812231_564j,DEL-BOM,EaseMyTrip,6E,6E-873,2026-09-18,T+15,5656,1242,6898,2026-09-03T21:13:59.033Z,FALSE,"",08:00,TRUE
fare_DEL-BOM_6E_2026-09-18_T+15_1788701812231_vpvg,DEL-BOM,EaseMyTrip,6E,6E-501,2026-09-18,T+15,5656,1242,6898,2026-09-03T21:13:59.033Z,FALSE,"",08:00,TRUE
fare_DEL-BOM_6E_2026-09-18_T+15_1788701812231_9xgu,DEL-BOM,EaseMyTrip,6E,6E-6814,2026-09-18,T+15,5656,1242,6898,2026-09-03T21:13:59.033Z,FALSE,"",07:15,TRUE
fare_DEL-BOM_AI_2026-09-18_T+15_1788701812231_82hm,DEL-BOM,EaseMyTrip,AI,AI-2975,2026-09-18,T+15,5870,1289,7159,2026-09-03T21:13:59.033Z,FALSE,"",06:30,TRUE
fare_DEL-BOM_AI_2026-09-18_T+15_1788701812231_2r6j,DEL-BOM,EaseMyTrip,AI,AI-2941,2026-09-18,T+15,5870,1289,7159,2026-09-03T21:13:59.033Z,FALSE,"",16:30,TRUE
fare_DEL-BOM_6E_2026-09-18_T+15_1788701812231_dtau,DEL-BOM,EaseMyTrip,6E,6E-6212,2026-09-18,T+15,5707,1253,6960,2026-09-03T21:13:59.033Z,FALSE,"",14:45,FALSE
fare_DEL-BOM_6E_2026-09-18_T+15_1788701812231_azdb,DEL-BOM,EaseMyTrip,6E,6E-6601,2026-09-18,T+15,5707,1253,6960,2026-09-03T21:13:59.033Z,FALSE,"",19:45,FALSE
fare_DEL-BOM_6E_2026-09-18_T+15_1788701812231_pp8s,DEL-BOM,EaseMyTrip,6E,6E-6282,2026-09-18,T+15,5707,1253,6960,2026-09-03T21:13:59.033Z,FALSE,"",13:30,FALSE
fare_DEL-BOM_6E_2026-09-18_T+15_1788701812231_54c5,DEL-BOM,EaseMyTrip,6E,6E-950,2026-09-18,T+15,5707,1253,6960,2026-09-03T21:13:59.033Z,FALSE,"",08:30,FALSE
fare_DEL-BOM_6E_2026-09-18_T+15_1788701812231_jgwc,DEL-BOM,EaseMyTrip,6E,6E-730,2026-09-18,T+15,5707,1253,6960,2026-09-03T21:13:59.033Z,FALSE,"",08:30,FALSE
fare_DEL-BOM_6E_2026-09-18_T+15_1788701812231_fld2,DEL-BOM,EaseMyTrip,6E,6E-6497,2026-09-18,T+15,5707,1253,6960,2026-09-03T21:13:59.033Z,FALSE,"",18:40,FALSE
fare_DEL-BOM_6E_2026-09-18_T+15_1788701812231_aghu,DEL-BOM,EaseMyTrip,6E,6E-6293,2026-09-18,T+15,5707,1253,6960,2026-09-03T21:13:59.033Z,FALSE,"",09:55,FALSE
fare_DEL-BOM_6E_2026-09-18_T+15_1788701812231_f4lq,DEL-BOM,EaseMyTrip,6E,6E-6190,2026-09-18,T+15,5819,1277,7096,2026-09-03T21:13:59.033Z,FALSE,"",07:40,FALSE
fare_DEL-BOM_6E_2026-09-18_T+15_1788701812231_y9hg,DEL-BOM,EaseMyTrip,6E,6E-832,2026-09-18,T+15,5871,1289,7160,2026-09-03T21:13:59.033Z,FALSE,"",18:00,TRUE
fare_DEL-BOM_6E_2026-09-18_T+15_1788701812231_5ded,DEL-BOM,EaseMyTrip,6E,6E-667,2026-09-18,T+15,5871,1289,7160,2026-09-03T21:13:59.033Z,FALSE,"",18:00,TRUE
fare_DEL-BOM_6E_2026-09-18_T+15_1788701812231_w1au,DEL-BOM,EaseMyTrip,6E,6E-303,2026-09-18,T+15,5871,1289,7160,2026-09-03T21:13:59.033Z,FALSE,"",20:45,TRUE
fare_DEL-BOM_6E_2026-09-18_T+15_1788701812231_sp94,DEL-BOM,EaseMyTrip,6E,6E-962,2026-09-18,T+15,5871,1289,7160,2026-09-03T21:13:59.033Z,FALSE,"",20:45,TRUE
fare_DEL-BOM_AI_2026-09-18_T+15_1788701812231_jlb7,DEL-BOM,EaseMyTrip,AI,AI-2981,2026-09-18,T+15,6043,1326,7369,2026-09-03T21:13:59.033Z,FALSE,"",21:00,TRUE
fare_DEL-BOM_AI_2026-09-18_T+15_1788701812231_zfon,DEL-BOM,EaseMyTrip,AI,AI-2429,2026-09-18,T+15,6043,1326,7369,2026-09-03T21:13:59.033Z,FALSE,"",07:00,TRUE
fare_DEL-BOM_AI_2026-09-18_T+15_1788701812231_k52q,DEL-BOM,EaseMyTrip,AI,AI-2943,2026-09-18,T+15,6043,1326,7369,2026-09-03T21:13:59.033Z,FALSE,"",07:30,TRUE
fare_DEL-BOM_AI_2026-09-18_T+15_1788701812231_82mc,DEL-BOM,EaseMyTrip,AI,AI-441,2026-09-18,T+15,6043,1326,7369,2026-09-03T21:13:59.033Z,FALSE,"",17:00,TRUE
fare_DEL-BOM_QP_2026-09-18_T+15_1788701812231_jnb9,DEL-BOM,EaseMyTrip,QP,QP-1826,2026-09-18,T+15,6077,1334,7411,2026-09-03T21:13:59.033Z,FALSE,"",19:55,TRUE
fare_DEL-BOM_6E_2026-09-18_T+15_1788701812231_rxks,DEL-BOM,EaseMyTrip,6E,6E-155,2026-09-18,T+15,6130,1345,7475,2026-09-03T21:13:59.033Z,FALSE,"",20:00,TRUE
fare_DEL-BOM_6E_2026-09-18_T+15_1788701812231_2bsn,DEL-BOM,EaseMyTrip,6E,6E-916,2026-09-18,T+15,6130,1345,7475,2026-09-03T21:13:59.033Z,FALSE,"",20:00,TRUE
fare_DEL-BOM_6E_2026-09-18_T+15_1788701812231_s4a8,DEL-BOM,EaseMyTrip,6E,6E-846,2026-09-18,T+15,6130,1345,7475,2026-09-03T21:13:59.033Z,FALSE,"",19:00,TRUE
fare_DEL-BOM_6E_2026-09-18_T+15_1788701812231_cpul,DEL-BOM,EaseMyTrip,6E,6E-437,2026-09-18,T+15,6130,1345,7475,2026-09-03T21:13:59.033Z,FALSE,"",19:00,TRUE
fare_DEL-BOM_6E_2026-09-18_T+15_1788701812231_ebxq,DEL-BOM,EaseMyTrip,6E,6E-555,2026-09-18,T+15,6201,1361,7562,2026-09-03T21:13:59.033Z,FALSE,"",19:30,FALSE
fare_DEL-BOM_6E_2026-09-18_T+15_1788701812231_c0h9,DEL-BOM,EaseMyTrip,6E,6E-452,2026-09-18,T+15,6201,1361,7562,2026-09-03T21:13:59.033Z,FALSE,"",19:30,FALSE
fare_DEL-BOM_6E_2026-09-18_T+15_1788701812231_cakr,DEL-BOM,EaseMyTrip,6E,6E-7646,2026-09-18,T+15,6245,1371,7616,2026-09-03T21:13:59.033Z,FALSE,"",06:15,FALSE
fare_DEL-BOM_6E_2026-09-18_T+15_1788701812231_qhk4,DEL-BOM,EaseMyTrip,6E,6E-2331,2026-09-18,T+15,6268,1376,7644,2026-09-03T21:13:59.033Z,FALSE,"",12:20,FALSE
fare_DEL-BOM_AI_2026-09-18_T+15_1788701812231_706a,DEL-BOM,EaseMyTrip,AI,AI-2955,2026-09-18,T+15,6446,1415,7861,2026-09-03T21:13:59.033Z,FALSE,"",18:00,TRUE
fare_DEL-BOM_6E_2026-09-18_T+15_1788701812231_uu2u,DEL-BOM,EaseMyTrip,6E,6E-2571,2026-09-18,T+15,6331,1390,7721,2026-09-03T21:13:59.033Z,FALSE,"",12:30,FALSE
fare_DEL-BOM_AI_2026-09-18_T+15_1788701812231_i78k,DEL-BOM,EaseMyTrip,AI,AI-2957,2026-09-18,T+15,6515,1430,7945,2026-09-03T21:13:59.033Z,FALSE,"",20:30,TRUE
fare_DEL-BOM_SG_2026-09-18_T+15_1788701812231_mzee,DEL-BOM,EaseMyTrip,SG,SG-463,2026-09-18,T+15,6846,1503,8349,2026-09-03T21:13:59.033Z,FALSE,"",22:30,TRUE
fare_DEL-BOM_SG_2026-09-18_T+15_1788701812231_8taj,DEL-BOM,EaseMyTrip,SG,SG-338,2026-09-18,T+15,6846,1503,8349,2026-09-03T21:13:59.033Z,FALSE,"",22:30,TRUE
fare_DEL-BOM_6E_2026-09-18_T+15_1788701812231_u5sc,DEL-BOM,EaseMyTrip,6E,6E-232,2026-09-18,T+15,6473,1421,7894,2026-09-03T21:13:59.033Z,FALSE,"",20:20,TRUE
fare_DEL-BOM_6E_2026-09-18_T+15_1788701812231_vbec,DEL-BOM,EaseMyTrip,6E,6E-619,2026-09-18,T+15,6473,1421,7894,2026-09-03T21:13:59.033Z,FALSE,"",20:20,TRUE
fare_DEL-BOM_AI_2026-09-18_T+15_1788701812231_zeu1,DEL-BOM,EaseMyTrip,AI,AI-2985,2026-09-18,T+15,6735,1479,8214,2026-09-03T21:13:59.033Z,FALSE,"",19:30,TRUE
fare_DEL-BOM_6E_2026-09-18_T+15_1788701812231_6tgc,DEL-BOM,EaseMyTrip,6E,6E-7626,2026-09-18,T+15,6790,1490,8280,2026-09-03T21:13:59.033Z,FALSE,"",10:30,FALSE
fare_DEL-BOM_AI_2026-09-18_T+15_1788701812231_mgrh,DEL-BOM,EaseMyTrip,AI,AI-2977,2026-09-18,T+15,6956,1527,8483,2026-09-03T21:13:59.033Z,FALSE,"",19:00,TRUE
fare_DEL-BOM_6E_2026-09-18_T+15_1788701812231_ummu,DEL-BOM,EaseMyTrip,6E,6E-6171,2026-09-18,T+15,6848,1503,8351,2026-09-03T21:13:59.033Z,FALSE,"",05:40,FALSE
fare_DEL-BOM_AI_2026-09-18_T+15_1788701812231_bxwf,DEL-BOM,EaseMyTrip,AI,AI-2433,2026-09-18,T+15,7076,1553,8629,2026-09-03T21:13:59.033Z,FALSE,"",21:30,TRUE
fare_DEL-BOM_6E_2026-09-18_T+15_1788701812231_8rm5,DEL-BOM,EaseMyTrip,6E,6E-7642,2026-09-18,T+15,7193,1579,8772,2026-09-03T21:13:59.033Z,FALSE,"",15:45,FALSE
fare_DEL-BOM_6E_2026-09-18_T+15_1788701812231_mg27,DEL-BOM,EaseMyTrip,6E,6E-225,2026-09-18,T+15,7698,1690,9388,2026-09-03T21:13:59.033Z,FALSE,"",23:15,FALSE
fare_DEL-BOM_6E_2026-09-18_T+15_1788701812231_8iw8,DEL-BOM,EaseMyTrip,6E,6E-469,2026-09-18,T+15,7698,1690,9388,2026-09-03T21:13:59.033Z,FALSE,"",23:15,FALSE
fare_DEL-BOM_AI_2026-09-18_T+15_1788701812231_ubob,DEL-BOM,EaseMyTrip,AI,AI-2509,2026-09-18,T+15,8143,1788,9931,2026-09-03T21:13:59.033Z,FALSE,"",06:55,FALSE
fare_DEL-BOM_6E_2026-09-18_T+15_1788701812231_2u1m,DEL-BOM,EaseMyTrip,6E,6E-2349,2026-09-18,T+15,8024,1761,9785,2026-09-03T21:13:59.033Z,FALSE,"",10:55,FALSE
fare_DEL-BOM_IX_2026-09-18_T+15_1788701812231_8xae,DEL-BOM,EaseMyTrip,IX,IX-1003,2026-09-18,T+15,8963,1967,10930,2026-09-03T21:13:59.033Z,FALSE,"",19:10,FALSE
fare_DEL-BOM_AI_2026-09-18_T+15_1788701812231_j6lo,DEL-BOM,EaseMyTrip,AI,AI-2499,2026-09-18,T+15,8605,1889,10494,2026-09-03T21:13:59.033Z,FALSE,"",05:55,FALSE
fare_DEL-BOM_AI_2026-09-18_T+15_1788701812231_tdyd,DEL-BOM,EaseMyTrip,AI,AI-2569,2026-09-18,T+15,8605,1889,10494,2026-09-03T21:13:59.033Z,FALSE,"",20:25,FALSE
fare_DEL-BOM_AI_2026-09-18_T+15_1788701812231_e1q2,DEL-BOM,EaseMyTrip,AI,AI-1710,2026-09-18,T+15,8605,1889,10494,2026-09-03T21:13:59.033Z,FALSE,"",18:35,FALSE
fare_DEL-BOM_AI_2026-09-18_T+15_1788701812231_o4ot,DEL-BOM,EaseMyTrip,AI,AI-1717,2026-09-18,T+15,8605,1889,10494,2026-09-03T21:13:59.033Z,FALSE,"",14:20,FALSE
fare_DEL-BOM_AI_2026-09-18_T+15_1788701812231_99ar,DEL-BOM,EaseMyTrip,AI,AI-1705,2026-09-18,T+15,8895,1952,10847,2026-09-03T21:13:59.033Z,FALSE,"",06:30,FALSE
fare_DEL-BOM_6E_2026-09-18_T+15_1788701812231_w98x,DEL-BOM,EaseMyTrip,6E,6E-393,2026-09-18,T+15,8971,1969,10940,2026-09-03T21:13:59.033Z,FALSE,"",10:00,FALSE
fare_DEL-BOM_6E_2026-09-18_T+15_1788701812231_k22y,DEL-BOM,EaseMyTrip,6E,6E-375,2026-09-18,T+15,8971,1969,10940,2026-09-03T21:13:59.033Z,FALSE,"",10:00,FALSE
fare_DEL-BOM_IX_2026-09-18_T+15_1788701812231_nrld,DEL-BOM,EaseMyTrip,IX,IX-1812,2026-09-18,T+15,9783,2147,11930,2026-09-03T21:13:59.033Z,FALSE,"",11:15,FALSE
fare_DEL-BOM_IX_2026-09-18_T+15_1788701812231_z0kg,DEL-BOM,EaseMyTrip,IX,IX-1811,2026-09-18,T+15,9783,2147,11930,2026-09-03T21:13:59.033Z,FALSE,"",06:50,FALSE
fare_DEL-BOM_IX_2026-09-18_T+15_1788701812231_sica,DEL-BOM,EaseMyTrip,IX,IX-1815,2026-09-18,T+15,9783,2147,11930,2026-09-03T21:13:59.033Z,FALSE,"",19:05,FALSE
fare_DEL-BOM_AI_2026-09-18_T+15_1788701812231_sdcq,DEL-BOM,EaseMyTrip,AI,AI-9757,2026-09-18,T+15,9551,2097,11648,2026-09-03T21:13:59.033Z,FALSE,"",11:50,FALSE
fare_DEL-BOM_AI_2026-09-18_T+15_1788701812231_llkn,DEL-BOM,EaseMyTrip,AI,AI-9447,2026-09-18,T+15,9551,2097,11648,2026-09-03T21:13:59.033Z,FALSE,"",23:25,FALSE
fare_DEL-BOM_IX_2026-09-18_T+15_1788701812231_8ukr,DEL-BOM,EaseMyTrip,IX,IX-1273,2026-09-18,T+15,10137,2225,12362,2026-09-03T21:13:59.033Z,FALSE,"",12:20,FALSE
fare_DEL-BOM_AI_2026-09-18_T+15_1788701812231_nn2a,DEL-BOM,EaseMyTrip,AI,AI-9674,2026-09-18,T+15,10116,2220,12336,2026-09-03T21:13:59.033Z,FALSE,"",16:40,FALSE
fare_DEL-BOM_IX_2026-09-18_T+15_1788701812231_gqjp,DEL-BOM,EaseMyTrip,IX,IX-1001,2026-09-18,T+15,10783,2367,13150,2026-09-03T21:13:59.033Z,FALSE,"",09:00,FALSE
fare_DEL-BOM_AI_2026-09-18_T+15_1788701812231_sra5,DEL-BOM,EaseMyTrip,AI,AI-2715,2026-09-18,T+15,11186,2455,13641,2026-09-03T21:13:59.033Z,FALSE,"",11:40,FALSE
fare_DEL-BOM_AI_2026-09-18_T+15_1788701812231_idby,DEL-BOM,EaseMyTrip,AI,AI-2545,2026-09-18,T+15,11186,2455,13641,2026-09-03T21:13:59.033Z,FALSE,"",20:30,FALSE
fare_DEL-BOM_AI_2026-09-18_T+15_1788701812231_7jz5,DEL-BOM,EaseMyTrip,AI,AI-531,2026-09-18,T+15,11186,2455,13641,2026-09-03T21:13:59.033Z,FALSE,"",19:20,FALSE
fare_DEL-BOM_AI_2026-09-18_T+15_1788701812231_ix1y,DEL-BOM,EaseMyTrip,AI,AI-2761,2026-09-18,T+15,12103,2657,14760,2026-09-03T21:13:59.033Z,FALSE,"",16:25,FALSE
fare_DEL-BOM_AI_2026-09-18_T+15_1788701812231_db7i,DEL-BOM,EaseMyTrip,AI,AI-2907,2026-09-18,T+15,12612,2768,15380,2026-09-03T21:13:59.033Z,FALSE,"",12:00,FALSE
fare_DEL-BOM_6E_2026-09-18_T+15_1788701812231_7yt0,DEL-BOM,EaseMyTrip,6E,6E-774,2026-09-18,T+15,12594,2765,15359,2026-09-03T21:13:59.033Z,FALSE,"",12:15,FALSE
fare_DEL-BOM_6E_2026-09-18_T+15_1788701812231_cpqp,DEL-BOM,EaseMyTrip,6E,6E-752,2026-09-18,T+15,12594,2765,15359,2026-09-03T21:13:59.033Z,FALSE,"",12:15,FALSE
fare_DEL-BOM_AI_2026-09-18_T+15_1788701812231_0k0x,DEL-BOM,EaseMyTrip,AI,AI-9584,2026-09-18,T+15,12951,2843,15794,2026-09-03T21:13:59.033Z,FALSE,"",11:15,FALSE
fare_DEL-BOM_AI_2026-09-18_T+15_1788701812231_102v,DEL-BOM,EaseMyTrip,AI,AI-1743,2026-09-18,T+15,13065,2868,15933,2026-09-03T21:13:59.033Z,FALSE,"",06:20,FALSE
fare_DEL-BOM_AI_2026-09-18_T+15_1788701812231_s7w1,DEL-BOM,EaseMyTrip,AI,AI-2601,2026-09-18,T+15,13065,2868,15933,2026-09-03T21:13:59.033Z,FALSE,"",17:00,FALSE
fare_DEL-BOM_IX_2026-09-18_T+15_1788701812231_pccy,DEL-BOM,EaseMyTrip,IX,IX-1059,2026-09-18,T+15,14479,3178,17657,2026-09-03T21:13:59.033Z,TRUE,"High outlier: ₹17657 > upper fence ₹16203 (Q3: ₹10494, IQR: ₹3806)",12:15,FALSE
fare_DEL-BOM_IX_2026-09-18_T+15_1788701812231_83nk,DEL-BOM,EaseMyTrip,IX,IX-1783,2026-09-18,T+15,14479,3178,17657,2026-09-03T21:13:59.033Z,TRUE,"High outlier: ₹17657 > upper fence ₹16203 (Q3: ₹10494, IQR: ₹3806)",07:20,FALSE
fare_DEL-BOM_AI_2026-09-18_T+15_1788701812231_pu7b,DEL-BOM,EaseMyTrip,AI,AI-1773,2026-09-18,T+15,14497,3182,17679,2026-09-03T21:13:59.033Z,TRUE,"High outlier: ₹17679 > upper fence ₹16203 (Q3: ₹10494, IQR: ₹3806)",10:30,FALSE
fare_DEL-BOM_IX_2026-09-18_T+15_1788701812231_k9d8,DEL-BOM,EaseMyTrip,IX,IX-1049,2026-09-18,T+15,15297,3358,18655,2026-09-03T21:13:59.033Z,TRUE,"High outlier: ₹18655 > upper fence ₹16203 (Q3: ₹10494, IQR: ₹3806)",18:40,FALSE
fare_DEL-BOM_AI_2026-09-18_T+15_1788701812231_vy02,DEL-BOM,EaseMyTrip,AI,AI-2577,2026-09-18,T+15,16071,3528,19599,2026-09-03T21:13:59.033Z,TRUE,"High outlier: ₹19599 > upper fence ₹16203 (Q3: ₹10494, IQR: ₹3806)",02:00,FALSE
fare_DEL-BOM_AI_2026-09-18_T+15_1788701812231_pdu2,DEL-BOM,EaseMyTrip,AI,AI-2859,2026-09-18,T+15,16361,3592,19953,2026-09-03T21:13:59.033Z,TRUE,"High outlier: ₹19953 > upper fence ₹16203 (Q3: ₹10494, IQR: ₹3806)",10:30,FALSE
fare_DEL-BOM_AI_2026-09-18_T+15_1788701812231_r8cu,DEL-BOM,EaseMyTrip,AI,AI-2465,2026-09-18,T+15,16422,3605,20027,2026-09-03T21:13:59.033Z,TRUE,"High outlier: ₹20027 > upper fence ₹16203 (Q3: ₹10494, IQR: ₹3806)",14:30,FALSE
fare_DEL-BOM_IX_2026-09-18_T+15_1788701812231_f8ne,DEL-BOM,EaseMyTrip,IX,IX-1068,2026-09-18,T+15,16841,3697,20538,2026-09-03T21:13:59.033Z,TRUE,"High outlier: ₹20538 > upper fence ₹16203 (Q3: ₹10494, IQR: ₹3806)",11:55,FALSE
fare_DEL-BOM_IX_2026-09-18_T+15_1788701812231_1exk,DEL-BOM,EaseMyTrip,IX,IX-1108,2026-09-18,T+15,16841,3697,20538,2026-09-03T21:13:59.033Z,TRUE,"High outlier: ₹20538 > upper fence ₹16203 (Q3: ₹10494, IQR: ₹3806)",05:00,FALSE
fare_DEL-BOM_AI_2026-09-18_T+15_1788701812231_clt4,DEL-BOM,EaseMyTrip,AI,AI-427,2026-09-18,T+15,16494,3621,20115,2026-09-03T21:13:59.033Z,TRUE,"High outlier: ₹20115 > upper fence ₹16203 (Q3: ₹10494, IQR: ₹3806)",08:30,FALSE
fare_DEL-BOM_AI_2026-09-18_T+15_1788701812231_yew2,DEL-BOM,EaseMyTrip,AI,AI-1779,2026-09-18,T+15,16661,3657,20318,2026-09-03T21:13:59.033Z,TRUE,"High outlier: ₹20318 > upper fence ₹16203 (Q3: ₹10494, IQR: ₹3806)",13:50,FALSE
fare_DEL-BOM_AI_2026-09-18_T+15_1788701812231_62ox,DEL-BOM,EaseMyTrip,AI,AI-1739,2026-09-18,T+15,17263,3790,21053,2026-09-03T21:13:59.033Z,TRUE,"High outlier: ₹21053 > upper fence ₹16203 (Q3: ₹10494, IQR: ₹3806)",11:30,FALSE
fare_DEL-BOM_AI_2026-09-18_T+15_1788701812231_9827,DEL-BOM,EaseMyTrip,AI,AI-2535,2026-09-18,T+15,17451,3831,21282,2026-09-03T21:13:59.033Z,TRUE,"High outlier: ₹21282 > upper fence ₹16203 (Q3: ₹10494, IQR: ₹3806)",06:40,FALSE
fare_DEL-BOM_SG_2026-09-18_T+15_1788701812231_1w8r,DEL-BOM,EaseMyTrip,SG,SG-920,2026-09-18,T+15,18287,4014,22301,2026-09-03T21:13:59.033Z,TRUE,"High outlier: ₹22301 > upper fence ₹16203 (Q3: ₹10494, IQR: ₹3806)",20:10,TRUE
fare_DEL-BOM_SG_2026-09-18_T+15_1788701812231_d0eb,DEL-BOM,EaseMyTrip,SG,SG-431,2026-09-18,T+15,18287,4014,22301,2026-09-03T21:13:59.033Z,TRUE,"High outlier: ₹22301 > upper fence ₹16203 (Q3: ₹10494, IQR: ₹3806)",20:10,TRUE
fare_DEL-BOM_IX_2026-09-18_T+15_1788701812231_awj5,DEL-BOM,EaseMyTrip,IX,IX-1817,2026-09-18,T+15,18967,4164,23131,2026-09-03T21:13:59.033Z,TRUE,"High outlier: ₹23131 > upper fence ₹16203 (Q3: ₹10494, IQR: ₹3806)",19:30,FALSE
fare_DEL-BOM_AI_2026-09-18_T+15_1788701812231_02av,DEL-BOM,EaseMyTrip,AI,AI-2525,2026-09-18,T+15,25677,5636,31313,2026-09-03T21:13:59.033Z,TRUE,"High outlier: ₹31313 > upper fence ₹16203 (Q3: ₹10494, IQR: ₹3806)",06:00,FALSE
fare_DEL-BOM_AI_2026-09-18_T+15_1788701812231_lzyw,DEL-BOM,EaseMyTrip,AI,AI-2627,2026-09-18,T+15,34897,7660,42557,2026-09-03T21:13:59.033Z,TRUE,"High outlier: ₹42557 > upper fence ₹16203 (Q3: ₹10494, IQR: ₹3806)",10:45,FALSE
fare_DEL-BOM_SG_2026-09-04_T+1_1788701812232_mgbu,DEL-BOM,EaseMyTrip,SG,SG-580,2026-09-04,T+1,5255,1153,6408,2026-09-03T02:31:47.635Z,FALSE,"",21:00,TRUE
fare_DEL-BOM_SG_2026-09-04_T+1_1788701812232_4n19,DEL-BOM,EaseMyTrip,SG,SG-918,2026-09-04,T+1,5255,1153,6408,2026-09-03T02:31:47.635Z,FALSE,"",21:00,TRUE
fare_DEL-BOM_SG_2026-09-04_T+1_1788701812232_j7vw,DEL-BOM,EaseMyTrip,SG,SG-557,2026-09-04,T+1,5255,1153,6408,2026-09-03T02:31:47.635Z,FALSE,"",22:30,TRUE
fare_DEL-BOM_SG_2026-09-04_T+1_1788701812232_9w04,DEL-BOM,EaseMyTrip,SG,SG-574,2026-09-04,T+1,5255,1153,6408,2026-09-03T02:31:47.635Z,FALSE,"",22:30,TRUE
fare_DEL-BOM_6E_2026-09-04_T+1_1788701812232_7biu,DEL-BOM,EaseMyTrip,6E,6E-991,2026-09-04,T+1,4994,1096,6090,2026-09-03T02:31:47.635Z,FALSE,"",19:35,FALSE
fare_DEL-BOM_6E_2026-09-04_T+1_1788701812232_79k5,DEL-BOM,EaseMyTrip,6E,6E-870,2026-09-04,T+1,4994,1096,6090,2026-09-03T02:31:47.635Z,FALSE,"",19:35,FALSE
fare_DEL-BOM_6E_2026-09-04_T+1_1788701812232_9eb7,DEL-BOM,EaseMyTrip,6E,6E-6171,2026-09-04,T+1,4994,1096,6090,2026-09-03T02:31:47.635Z,FALSE,"",05:40,FALSE
fare_DEL-BOM_6E_2026-09-04_T+1_1788701812232_liv1,DEL-BOM,EaseMyTrip,6E,6E-5073,2026-09-04,T+1,4994,1096,6090,2026-09-03T02:31:47.635Z,FALSE,"",17:05,FALSE
fare_DEL-BOM_6E_2026-09-04_T+1_1788701812232_uerx,DEL-BOM,EaseMyTrip,6E,6E-6983,2026-09-04,T+1,4994,1096,6090,2026-09-03T02:31:47.635Z,FALSE,"",15:35,FALSE
fare_DEL-BOM_6E_2026-09-04_T+1_1788701812232_2fjx,DEL-BOM,EaseMyTrip,6E,6E-5119,2026-09-04,T+1,4994,1096,6090,2026-09-03T02:31:47.635Z,FALSE,"",05:10,FALSE
fare_DEL-BOM_6E_2026-09-04_T+1_1788701812232_6d9x,DEL-BOM,EaseMyTrip,6E,6E-2013,2026-09-04,T+1,4994,1096,6090,2026-09-03T02:31:47.635Z,FALSE,"",21:50,FALSE
fare_DEL-BOM_IX_2026-09-04_T+1_1788701812232_31dq,DEL-BOM,EaseMyTrip,IX,IX-1165,2026-09-04,T+1,5354,1175,6529,2026-09-03T02:31:47.635Z,FALSE,"",05:45,FALSE
fare_DEL-BOM_IX_2026-09-04_T+1_1788701812232_9yn8,DEL-BOM,EaseMyTrip,IX,IX-1392,2026-09-04,T+1,5354,1175,6529,2026-09-03T02:31:47.635Z,FALSE,"",23:25,FALSE
fare_DEL-BOM_IX_2026-09-04_T+1_1788701812232_jsdn,DEL-BOM,EaseMyTrip,IX,IX-1235,2026-09-04,T+1,5354,1175,6529,2026-09-03T02:31:47.635Z,FALSE,"",23:25,TRUE
fare_DEL-BOM_IX_2026-09-04_T+1_1788701812232_5fqd,DEL-BOM,EaseMyTrip,IX,IX-1056,2026-09-04,T+1,5354,1175,6529,2026-09-03T02:31:47.635Z,FALSE,"",05:35,TRUE
fare_DEL-BOM_IX_2026-09-04_T+1_1788701812232_i2mv,DEL-BOM,EaseMyTrip,IX,IX-1038,2026-09-04,T+1,5354,1175,6529,2026-09-03T02:31:47.635Z,FALSE,"",17:35,TRUE
fare_DEL-BOM_6E_2026-09-04_T+1_1788701812232_9b7d,DEL-BOM,EaseMyTrip,6E,6E-2169,2026-09-04,T+1,5102,1120,6222,2026-09-03T02:31:47.635Z,FALSE,"",19:40,FALSE
fare_DEL-BOM_6E_2026-09-04_T+1_1788701812232_hzo1,DEL-BOM,EaseMyTrip,6E,6E-6829,2026-09-04,T+1,5102,1120,6222,2026-09-03T02:31:47.635Z,FALSE,"",17:20,FALSE
fare_DEL-BOM_6E_2026-09-04_T+1_1788701812232_i96o,DEL-BOM,EaseMyTrip,6E,6E-6433,2026-09-04,T+1,5102,1120,6222,2026-09-03T02:31:47.635Z,FALSE,"",16:30,FALSE
fare_DEL-BOM_6E_2026-09-04_T+1_1788701812232_hmu8,DEL-BOM,EaseMyTrip,6E,6E-5138,2026-09-04,T+1,5102,1120,6222,2026-09-03T02:31:47.635Z,FALSE,"",19:10,FALSE
fare_DEL-BOM_6E_2026-09-04_T+1_1788701812232_rjpo,DEL-BOM,EaseMyTrip,6E,6E-6459,2026-09-04,T+1,5102,1120,6222,2026-09-03T02:31:47.635Z,FALSE,"",05:55,FALSE
fare_DEL-BOM_6E_2026-09-04_T+1_1788701812232_qxp4,DEL-BOM,EaseMyTrip,6E,6E-6479,2026-09-04,T+1,5166,1134,6300,2026-09-03T02:31:47.635Z,FALSE,"",21:25,FALSE
fare_DEL-BOM_6E_2026-09-04_T+1_1788701812232_8abj,DEL-BOM,EaseMyTrip,6E,6E-5298,2026-09-04,T+1,5166,1134,6300,2026-09-03T02:31:47.635Z,FALSE,"",09:00,FALSE
fare_DEL-BOM_6E_2026-09-04_T+1_1788701812232_oqxi,DEL-BOM,EaseMyTrip,6E,6E-5038,2026-09-04,T+1,5166,1134,6300,2026-09-03T02:31:47.635Z,FALSE,"",14:00,FALSE
fare_DEL-BOM_6E_2026-09-04_T+1_1788701812232_e9as,DEL-BOM,EaseMyTrip,6E,6E-6050,2026-09-04,T+1,5166,1134,6300,2026-09-03T02:31:47.635Z,FALSE,"",08:15,FALSE
fare_DEL-BOM_6E_2026-09-04_T+1_1788701812232_mk9l,DEL-BOM,EaseMyTrip,6E,6E-5206,2026-09-04,T+1,5166,1134,6300,2026-09-03T02:31:47.635Z,FALSE,"",13:20,FALSE
fare_DEL-BOM_SG_2026-09-04_T+1_1788701812232_ralz,DEL-BOM,EaseMyTrip,SG,SG-729,2026-09-04,T+1,5525,1213,6738,2026-09-03T02:31:47.635Z,FALSE,"",14:30,TRUE
fare_DEL-BOM_SG_2026-09-04_T+1_1788701812232_k0t3,DEL-BOM,EaseMyTrip,SG,SG-348,2026-09-04,T+1,5525,1213,6738,2026-09-03T02:31:47.635Z,FALSE,"",14:30,TRUE
fare_DEL-BOM_6E_2026-09-04_T+1_1788701812232_qj14,DEL-BOM,EaseMyTrip,6E,6E-6601,2026-09-04,T+1,5274,1158,6432,2026-09-03T02:31:47.635Z,FALSE,"",19:45,FALSE
fare_DEL-BOM_6E_2026-09-04_T+1_1788701812232_gkye,DEL-BOM,EaseMyTrip,6E,6E-668,2026-09-04,T+1,5274,1158,6432,2026-09-03T02:31:47.635Z,FALSE,"",23:15,FALSE
fare_DEL-BOM_6E_2026-09-04_T+1_1788701812232_o2sy,DEL-BOM,EaseMyTrip,6E,6E-830,2026-09-04,T+1,5274,1158,6432,2026-09-03T02:31:47.635Z,FALSE,"",23:15,FALSE
fare_DEL-BOM_6E_2026-09-04_T+1_1788701812232_mo0r,DEL-BOM,EaseMyTrip,6E,6E-6497,2026-09-04,T+1,5274,1158,6432,2026-09-03T02:31:47.635Z,FALSE,"",18:40,FALSE
fare_DEL-BOM_6E_2026-09-04_T+1_1788701812232_hwah,DEL-BOM,EaseMyTrip,6E,6E-5096,2026-09-04,T+1,5282,1160,6442,2026-09-03T02:31:47.635Z,FALSE,"",17:00,TRUE
fare_DEL-BOM_QP_2026-09-04_T+1_1788701812232_ehsf,DEL-BOM,EaseMyTrip,QP,QP-2074,2026-09-04,T+1,5330,1170,6500,2026-09-03T02:31:47.635Z,FALSE,"",14:10,TRUE
fare_DEL-BOM_QP_2026-09-04_T+1_1788701812232_ji6e,DEL-BOM,EaseMyTrip,QP,QP-1110,2026-09-04,T+1,5355,1175,6530,2026-09-03T02:31:47.635Z,FALSE,"",10:30,TRUE
fare_DEL-BOM_QP_2026-09-04_T+1_1788701812232_8an5,DEL-BOM,EaseMyTrip,QP,QP-1820,2026-09-04,T+1,5355,1175,6530,2026-09-03T02:31:47.635Z,FALSE,"",17:30,TRUE
fare_DEL-BOM_QP_2026-09-04_T+1_1788701812232_1wp0,DEL-BOM,EaseMyTrip,QP,QP-1833,2026-09-04,T+1,5355,1175,6530,2026-09-03T02:31:47.635Z,FALSE,"",06:50,TRUE
fare_DEL-BOM_QP_2026-09-04_T+1_1788701812232_0xkl,DEL-BOM,EaseMyTrip,QP,QP-1112,2026-09-04,T+1,5355,1175,6530,2026-09-03T02:31:47.635Z,FALSE,"",09:20,TRUE
fare_DEL-BOM_QP_2026-09-04_T+1_1788701812232_n2ml,DEL-BOM,EaseMyTrip,QP,QP-1128,2026-09-04,T+1,5355,1175,6530,2026-09-03T02:31:47.635Z,FALSE,"",16:00,TRUE
fare_DEL-BOM_QP_2026-09-04_T+1_1788701812232_wxm0,DEL-BOM,EaseMyTrip,QP,QP-1119,2026-09-04,T+1,5355,1175,6530,2026-09-03T02:31:47.635Z,FALSE,"",08:40,TRUE
fare_DEL-BOM_QP_2026-09-04_T+1_1788701812232_xunk,DEL-BOM,EaseMyTrip,QP,QP-1836,2026-09-04,T+1,5355,1175,6530,2026-09-03T02:31:47.635Z,FALSE,"",12:30,TRUE
fare_DEL-BOM_QP_2026-09-04_T+1_1788701812232_tohy,DEL-BOM,EaseMyTrip,QP,QP-1826,2026-09-04,T+1,5355,1175,6530,2026-09-03T02:31:47.635Z,FALSE,"",19:55,TRUE
fare_DEL-BOM_6E_2026-09-04_T+1_1788701812232_bon7,DEL-BOM,EaseMyTrip,6E,6E-451,2026-09-04,T+1,5355,1175,6530,2026-09-03T02:31:47.635Z,FALSE,"",05:00,TRUE
fare_DEL-BOM_6E_2026-09-04_T+1_1788701812232_kjxu,DEL-BOM,EaseMyTrip,6E,6E-105,2026-09-04,T+1,5355,1175,6530,2026-09-03T02:31:47.635Z,FALSE,"",05:00,TRUE
fare_DEL-BOM_6E_2026-09-04_T+1_1788701812232_vd30,DEL-BOM,EaseMyTrip,6E,6E-769,2026-09-04,T+1,5355,1175,6530,2026-09-03T02:31:47.635Z,FALSE,"",23:30,TRUE
fare_DEL-BOM_6E_2026-09-04_T+1_1788701812232_uy4c,DEL-BOM,EaseMyTrip,6E,6E-6114,2026-09-04,T+1,5355,1175,6530,2026-09-03T02:31:47.635Z,FALSE,"",22:45,TRUE
fare_DEL-BOM_6E_2026-09-04_T+1_1788701812232_w3hr,DEL-BOM,EaseMyTrip,6E,6E-6706,2026-09-04,T+1,5355,1175,6530,2026-09-03T02:31:47.635Z,FALSE,"",17:00,TRUE
fare_DEL-BOM_6E_2026-09-04_T+1_1788701812232_kesi,DEL-BOM,EaseMyTrip,6E,6E-196,2026-09-04,T+1,5355,1175,6530,2026-09-03T02:31:47.635Z,FALSE,"",16:15,TRUE
fare_DEL-BOM_6E_2026-09-04_T+1_1788701812232_t3br,DEL-BOM,EaseMyTrip,6E,6E-267,2026-09-04,T+1,5355,1175,6530,2026-09-03T02:31:47.635Z,FALSE,"",16:15,TRUE
fare_DEL-BOM_6E_2026-09-04_T+1_1788701812232_iuun,DEL-BOM,EaseMyTrip,6E,6E-717,2026-09-04,T+1,5355,1175,6530,2026-09-03T02:31:47.635Z,FALSE,"",15:30,TRUE
fare_DEL-BOM_6E_2026-09-04_T+1_1788701812232_yvpm,DEL-BOM,EaseMyTrip,6E,6E-152,2026-09-04,T+1,5355,1175,6530,2026-09-03T02:31:47.635Z,FALSE,"",15:30,TRUE
fare_DEL-BOM_6E_2026-09-04_T+1_1788701812232_xa26,DEL-BOM,EaseMyTrip,6E,6E-6022,2026-09-04,T+1,5355,1175,6530,2026-09-03T02:31:47.635Z,FALSE,"",14:00,TRUE
fare_DEL-BOM_6E_2026-09-04_T+1_1788701812232_t2sa,DEL-BOM,EaseMyTrip,6E,6E-6318,2026-09-04,T+1,5355,1175,6530,2026-09-03T02:31:47.635Z,FALSE,"",14:45,TRUE
fare_DEL-BOM_6E_2026-09-04_T+1_1788701812232_ltui,DEL-BOM,EaseMyTrip,6E,6E-6218,2026-09-04,T+1,5355,1175,6530,2026-09-03T02:31:47.635Z,FALSE,"",06:05,TRUE
fare_DEL-BOM_6E_2026-09-04_T+1_1788701812232_w722,DEL-BOM,EaseMyTrip,6E,6E-284,2026-09-04,T+1,5355,1175,6530,2026-09-03T02:31:47.635Z,FALSE,"",08:45,TRUE
fare_DEL-BOM_6E_2026-09-04_T+1_1788701812232_sabu,DEL-BOM,EaseMyTrip,6E,6E-592,2026-09-04,T+1,5355,1175,6530,2026-09-03T02:31:47.635Z,FALSE,"",08:45,TRUE
fare_DEL-BOM_6E_2026-09-04_T+1_1788701812232_gymd,DEL-BOM,EaseMyTrip,6E,6E-6328,2026-09-04,T+1,5355,1175,6530,2026-09-03T02:31:47.635Z,FALSE,"",10:15,TRUE
fare_DEL-BOM_6E_2026-09-04_T+1_1788701812232_8l2z,DEL-BOM,EaseMyTrip,6E,6E-6047,2026-09-04,T+1,5355,1175,6530,2026-09-03T02:31:47.635Z,FALSE,"",11:00,TRUE
fare_DEL-BOM_6E_2026-09-04_T+1_1788701812232_ap38,DEL-BOM,EaseMyTrip,6E,6E-6676,2026-09-04,T+1,5355,1175,6530,2026-09-03T02:31:47.635Z,FALSE,"",12:00,TRUE
fare_DEL-BOM_6E_2026-09-04_T+1_1788701812232_qabw,DEL-BOM,EaseMyTrip,6E,6E-455,2026-09-04,T+1,5355,1175,6530,2026-09-03T02:31:47.635Z,FALSE,"",13:00,TRUE
fare_DEL-BOM_6E_2026-09-04_T+1_1788701812232_0cx7,DEL-BOM,EaseMyTrip,6E,6E-369,2026-09-04,T+1,5355,1175,6530,2026-09-03T02:31:47.635Z,FALSE,"",13:00,TRUE
fare_DEL-BOM_6E_2026-09-04_T+1_1788701812232_2nlj,DEL-BOM,EaseMyTrip,6E,6E-6107,2026-09-04,T+1,5355,1175,6530,2026-09-03T02:31:47.635Z,FALSE,"",09:30,TRUE
fare_DEL-BOM_QP_2026-09-04_T+1_1788701812232_74y4,DEL-BOM,EaseMyTrip,QP,QP-1940,2026-09-04,T+1,5427,1191,6618,2026-09-03T02:31:47.635Z,FALSE,"",14:05,TRUE
fare_DEL-BOM_6E_2026-09-04_T+1_1788701812232_49tr,DEL-BOM,EaseMyTrip,6E,6E-5198,2026-09-04,T+1,5427,1191,6618,2026-09-03T02:31:47.635Z,FALSE,"",15:00,TRUE
fare_DEL-BOM_6E_2026-09-04_T+1_1788701812232_ehbz,DEL-BOM,EaseMyTrip,6E,6E-879,2026-09-04,T+1,5484,1204,6688,2026-09-03T02:31:47.635Z,FALSE,"",21:45,TRUE
fare_DEL-BOM_6E_2026-09-04_T+1_1788701812232_i4nn,DEL-BOM,EaseMyTrip,6E,6E-631,2026-09-04,T+1,5484,1204,6688,2026-09-03T02:31:47.635Z,FALSE,"",21:45,TRUE
fare_DEL-BOM_6E_2026-09-04_T+1_1788701812232_7zdp,DEL-BOM,EaseMyTrip,6E,6E-731,2026-09-04,T+1,5484,1204,6688,2026-09-03T02:31:47.635Z,FALSE,"",20:00,TRUE
fare_DEL-BOM_6E_2026-09-04_T+1_1788701812232_kr52,DEL-BOM,EaseMyTrip,6E,6E-878,2026-09-04,T+1,5484,1204,6688,2026-09-03T02:31:47.635Z,FALSE,"",20:00,TRUE
fare_DEL-BOM_6E_2026-09-04_T+1_1788701812232_6sj6,DEL-BOM,EaseMyTrip,6E,6E-487,2026-09-04,T+1,5484,1204,6688,2026-09-03T02:31:47.635Z,FALSE,"",20:45,TRUE
fare_DEL-BOM_6E_2026-09-04_T+1_1788701812232_u5hr,DEL-BOM,EaseMyTrip,6E,6E-633,2026-09-04,T+1,5484,1204,6688,2026-09-03T02:31:47.635Z,FALSE,"",20:45,TRUE
fare_DEL-BOM_6E_2026-09-04_T+1_1788701812232_qpyr,DEL-BOM,EaseMyTrip,6E,6E-979,2026-09-04,T+1,5484,1204,6688,2026-09-03T02:31:47.635Z,FALSE,"",08:00,TRUE
fare_DEL-BOM_6E_2026-09-04_T+1_1788701812232_d672,DEL-BOM,EaseMyTrip,6E,6E-347,2026-09-04,T+1,5484,1204,6688,2026-09-03T02:31:47.635Z,FALSE,"",08:00,TRUE
fare_DEL-BOM_6E_2026-09-04_T+1_1788701812232_y33o,DEL-BOM,EaseMyTrip,6E,6E-6814,2026-09-04,T+1,5484,1204,6688,2026-09-03T02:31:47.635Z,FALSE,"",07:15,TRUE
fare_DEL-BOM_6E_2026-09-04_T+1_1788701812232_3qwb,DEL-BOM,EaseMyTrip,6E,6E-6470,2026-09-04,T+1,5526,1213,6739,2026-09-03T02:31:47.635Z,FALSE,"",06:55,TRUE
fare_DEL-BOM_AI_2026-09-04_T+1_1788701812232_0oc2,DEL-BOM,EaseMyTrip,AI,AI-2963,2026-09-04,T+1,5740,1260,7000,2026-09-03T02:31:47.635Z,FALSE,"",09:00,TRUE
fare_DEL-BOM_AI_2026-09-04_T+1_1788701812232_ul7o,DEL-BOM,EaseMyTrip,AI,AI-1745,2026-09-04,T+1,5740,1260,7000,2026-09-03T02:31:47.635Z,FALSE,"",05:00,TRUE
fare_DEL-BOM_AI_2026-09-04_T+1_1788701812232_biea,DEL-BOM,EaseMyTrip,AI,AI-2975,2026-09-04,T+1,5740,1260,7000,2026-09-03T02:31:47.635Z,FALSE,"",06:30,TRUE
fare_DEL-BOM_AI_2026-09-04_T+1_1788701812232_9lda,DEL-BOM,EaseMyTrip,AI,AI-2425,2026-09-04,T+1,5740,1260,7000,2026-09-03T02:31:47.635Z,FALSE,"",10:30,TRUE
fare_DEL-BOM_AI_2026-09-04_T+1_1788701812232_m2m7,DEL-BOM,EaseMyTrip,AI,AI-2951,2026-09-04,T+1,5740,1260,7000,2026-09-03T02:31:47.635Z,FALSE,"",13:30,TRUE
fare_DEL-BOM_AI_2026-09-04_T+1_1788701812232_5ghe,DEL-BOM,EaseMyTrip,AI,AI-2441,2026-09-04,T+1,5740,1260,7000,2026-09-03T02:31:47.635Z,FALSE,"",14:10,TRUE
fare_DEL-BOM_AI_2026-09-04_T+1_1788701812232_2j0o,DEL-BOM,EaseMyTrip,AI,AI-2941,2026-09-04,T+1,5740,1260,7000,2026-09-03T02:31:47.635Z,FALSE,"",16:30,TRUE
fare_DEL-BOM_AI_2026-09-04_T+1_1788701812232_mg45,DEL-BOM,EaseMyTrip,AI,AI-2995,2026-09-04,T+1,5740,1260,7000,2026-09-03T02:31:47.635Z,FALSE,"",10:00,TRUE
fare_DEL-BOM_AI_2026-09-04_T+1_1788701812232_jkxt,DEL-BOM,EaseMyTrip,AI,AI-2945,2026-09-04,T+1,5740,1260,7000,2026-09-03T02:31:47.635Z,FALSE,"",11:00,TRUE
fare_DEL-BOM_AI_2026-09-04_T+1_1788701812232_2t58,DEL-BOM,EaseMyTrip,AI,AI-1785,2026-09-04,T+1,5740,1260,7000,2026-09-03T02:31:47.635Z,FALSE,"",12:00,TRUE
fare_DEL-BOM_AI_2026-09-04_T+1_1788701812232_nd98,DEL-BOM,EaseMyTrip,AI,AI-2933,2026-09-04,T+1,5740,1260,7000,2026-09-03T02:31:47.635Z,FALSE,"",15:30,TRUE
fare_DEL-BOM_AI_2026-09-04_T+1_1788701812232_mbr0,DEL-BOM,EaseMyTrip,AI,AI-1777,2026-09-04,T+1,5740,1260,7000,2026-09-03T02:31:47.635Z,FALSE,"",16:00,TRUE
fare_DEL-BOM_AI_2026-09-04_T+1_1788701812232_xn4u,DEL-BOM,EaseMyTrip,AI,AI-441,2026-09-04,T+1,5740,1260,7000,2026-09-03T02:31:47.635Z,FALSE,"",17:00,TRUE
fare_DEL-BOM_AI_2026-09-04_T+1_1788701812232_xgb9,DEL-BOM,EaseMyTrip,AI,AI-2439,2026-09-04,T+1,5740,1260,7000,2026-09-03T02:31:47.635Z,FALSE,"",23:00,TRUE
fare_DEL-BOM_AI_2026-09-04_T+1_1788701812232_p7rm,DEL-BOM,EaseMyTrip,AI,AI-2927,2026-09-04,T+1,5740,1260,7000,2026-09-03T02:31:47.635Z,FALSE,"",09:30,TRUE
fare_DEL-BOM_AI_2026-09-04_T+1_1788701812232_gmt4,DEL-BOM,EaseMyTrip,AI,AI-1780,2026-09-04,T+1,5740,1260,7000,2026-09-03T02:31:47.635Z,FALSE,"",16:10,TRUE
fare_DEL-BOM_6E_2026-09-04_T+1_1788701812232_k288,DEL-BOM,EaseMyTrip,6E,6E-639,2026-09-04,T+1,5656,1242,6898,2026-09-03T02:31:47.635Z,FALSE,"",18:00,TRUE
fare_DEL-BOM_6E_2026-09-04_T+1_1788701812232_ztb8,DEL-BOM,EaseMyTrip,6E,6E-341,2026-09-04,T+1,5656,1242,6898,2026-09-03T02:31:47.635Z,FALSE,"",18:00,TRUE
fare_DEL-BOM_6E_2026-09-04_T+1_1788701812232_vefz,DEL-BOM,EaseMyTrip,6E,6E-300,2026-09-04,T+1,5698,1251,6949,2026-09-03T02:31:47.635Z,FALSE,"",20:20,TRUE
fare_DEL-BOM_6E_2026-09-04_T+1_1788701812232_fe55,DEL-BOM,EaseMyTrip,6E,6E-944,2026-09-04,T+1,5698,1251,6949,2026-09-03T02:31:47.635Z,FALSE,"",20:20,TRUE
fare_DEL-BOM_AI_2026-09-04_T+1_1788701812232_lsco,DEL-BOM,EaseMyTrip,AI,AI-2981,2026-09-04,T+1,5870,1289,7159,2026-09-03T02:31:47.635Z,FALSE,"",21:00,TRUE
fare_DEL-BOM_AI_2026-09-04_T+1_1788701812232_vx07,DEL-BOM,EaseMyTrip,AI,AI-2429,2026-09-04,T+1,5870,1289,7159,2026-09-03T02:31:47.635Z,FALSE,"",07:00,TRUE
fare_DEL-BOM_AI_2026-09-04_T+1_1788701812232_b7w1,DEL-BOM,EaseMyTrip,AI,AI-2943,2026-09-04,T+1,5870,1289,7159,2026-09-03T02:31:47.635Z,FALSE,"",07:30,TRUE
fare_DEL-BOM_AI_2026-09-04_T+1_1788701812232_mmlx,DEL-BOM,EaseMyTrip,AI,AI-2433,2026-09-04,T+1,5870,1289,7159,2026-09-03T02:31:47.635Z,FALSE,"",21:30,TRUE
fare_DEL-BOM_AI_2026-09-04_T+1_1788701812232_3jb3,DEL-BOM,EaseMyTrip,AI,AI-2957,2026-09-04,T+1,5870,1289,7159,2026-09-03T02:31:47.635Z,FALSE,"",20:30,TRUE
fare_DEL-BOM_6E_2026-09-04_T+1_1788701812232_uoft,DEL-BOM,EaseMyTrip,6E,6E-5014,2026-09-04,T+1,5806,1274,7080,2026-09-03T02:31:47.635Z,FALSE,"",18:30,FALSE
fare_DEL-BOM_6E_2026-09-04_T+1_1788701812232_wz3h,DEL-BOM,EaseMyTrip,6E,6E-2331,2026-09-04,T+1,5806,1274,7080,2026-09-03T02:31:47.635Z,FALSE,"",12:20,FALSE
fare_DEL-BOM_6E_2026-09-04_T+1_1788701812232_y4sr,DEL-BOM,EaseMyTrip,6E,6E-224,2026-09-04,T+1,5871,1289,7160,2026-09-03T02:31:47.635Z,FALSE,"",19:00,TRUE
fare_DEL-BOM_6E_2026-09-04_T+1_1788701812232_ndaz,DEL-BOM,EaseMyTrip,6E,6E-752,2026-09-04,T+1,5871,1289,7160,2026-09-03T02:31:47.635Z,FALSE,"",19:00,TRUE
fare_DEL-BOM_AI_2026-09-04_T+1_1788701812232_rob4,DEL-BOM,EaseMyTrip,AI,AI-2985,2026-09-04,T+1,6243,1371,7614,2026-09-03T02:31:47.635Z,FALSE,"",19:30,TRUE
fare_DEL-BOM_AI_2026-09-04_T+1_1788701812232_rpb4,DEL-BOM,EaseMyTrip,AI,AI-2678,2026-09-04,T+1,6257,1373,7630,2026-09-03T02:31:47.635Z,FALSE,"",08:30,TRUE
fare_DEL-BOM_6E_2026-09-04_T+1_1788701812232_mpdr,DEL-BOM,EaseMyTrip,6E,6E-7646,2026-09-04,T+1,6120,1343,7463,2026-09-03T02:31:47.635Z,FALSE,"",06:15,FALSE
fare_DEL-BOM_AI_2026-09-04_T+1_1788701812232_8thy,DEL-BOM,EaseMyTrip,AI,AI-2955,2026-09-04,T+1,6446,1415,7861,2026-09-03T02:31:47.635Z,FALSE,"",18:00,TRUE
fare_DEL-BOM_6E_2026-09-04_T+1_1788701812232_a35r,DEL-BOM,EaseMyTrip,6E,6E-7626,2026-09-04,T+1,6292,1381,7673,2026-09-03T02:31:47.635Z,FALSE,"",10:30,FALSE
fare_DEL-BOM_6E_2026-09-04_T+1_1788701812232_8d21,DEL-BOM,EaseMyTrip,6E,6E-6443,2026-09-04,T+1,6380,1401,7781,2026-09-03T02:31:47.635Z,FALSE,"",09:00,FALSE
fare_DEL-BOM_AI_2026-09-04_T+1_1788701812232_jvs7,DEL-BOM,EaseMyTrip,AI,AI-2977,2026-09-04,T+1,6676,1466,8142,2026-09-03T02:31:47.635Z,FALSE,"",19:00,TRUE
fare_DEL-BOM_6E_2026-09-04_T+1_1788701812232_q1sj,DEL-BOM,EaseMyTrip,6E,6E-6490,2026-09-04,T+1,6812,1495,8307,2026-09-03T02:31:47.635Z,FALSE,"",04:55,FALSE
fare_DEL-BOM_6E_2026-09-04_T+1_1788701812232_0uph,DEL-BOM,EaseMyTrip,6E,6E-2381,2026-09-04,T+1,7067,1551,8618,2026-09-03T02:31:47.635Z,FALSE,"",13:45,FALSE
fare_DEL-BOM_6E_2026-09-04_T+1_1788701812232_tztw,DEL-BOM,EaseMyTrip,6E,6E-201,2026-09-04,T+1,7131,1565,8696,2026-09-03T02:31:47.635Z,FALSE,"",19:30,FALSE
fare_DEL-BOM_6E_2026-09-04_T+1_1788701812232_hfhe,DEL-BOM,EaseMyTrip,6E,6E-452,2026-09-04,T+1,7131,1565,8696,2026-09-03T02:31:47.635Z,FALSE,"",19:30,FALSE
fare_DEL-BOM_6E_2026-09-04_T+1_1788701812232_79i8,DEL-BOM,EaseMyTrip,6E,6E-2341,2026-09-04,T+1,7242,1590,8832,2026-09-03T02:31:47.635Z,FALSE,"",14:50,FALSE
fare_DEL-BOM_6E_2026-09-04_T+1_1788701812232_2zdv,DEL-BOM,EaseMyTrip,6E,6E-964,2026-09-04,T+1,7242,1590,8832,2026-09-03T02:31:47.635Z,FALSE,"",10:00,FALSE
fare_DEL-BOM_6E_2026-09-04_T+1_1788701812232_4rmo,DEL-BOM,EaseMyTrip,6E,6E-794,2026-09-04,T+1,7242,1590,8832,2026-09-03T02:31:47.635Z,FALSE,"",10:00,FALSE
fare_DEL-BOM_IX_2026-09-04_T+1_1788701812232_7s9i,DEL-BOM,EaseMyTrip,IX,IX-1003,2026-09-04,T+1,8142,1787,9929,2026-09-03T02:31:47.635Z,FALSE,"",19:10,FALSE
fare_DEL-BOM_6E_2026-09-04_T+1_1788701812232_ko7m,DEL-BOM,EaseMyTrip,6E,6E-6282,2026-09-04,T+1,7630,1675,9305,2026-09-03T02:31:47.635Z,FALSE,"",13:30,FALSE
fare_DEL-BOM_6E_2026-09-04_T+1_1788701812232_465b,DEL-BOM,EaseMyTrip,6E,6E-6190,2026-09-04,T+1,7833,1719,9552,2026-09-03T02:31:47.635Z,FALSE,"",07:40,FALSE
fare_DEL-BOM_AI_2026-09-04_T+1_1788701812232_ku3u,DEL-BOM,EaseMyTrip,AI,AI-2569,2026-09-04,T+1,8129,1785,9914,2026-09-03T02:31:47.635Z,FALSE,"",20:25,FALSE
fare_DEL-BOM_AI_2026-09-04_T+1_1788701812232_iyfd,DEL-BOM,EaseMyTrip,AI,AI-1710,2026-09-04,T+1,8129,1785,9914,2026-09-03T02:31:47.635Z,FALSE,"",18:35,FALSE
fare_DEL-BOM_AI_2026-09-04_T+1_1788701812232_0oww,DEL-BOM,EaseMyTrip,AI,AI-1717,2026-09-04,T+1,8129,1785,9914,2026-09-03T02:31:47.635Z,FALSE,"",14:20,FALSE
fare_DEL-BOM_6E_2026-09-04_T+1_1788701812232_xtbz,DEL-BOM,EaseMyTrip,6E,6E-2571,2026-09-04,T+1,8220,1804,10024,2026-09-03T02:31:47.635Z,FALSE,"",12:30,FALSE
fare_DEL-BOM_6E_2026-09-04_T+1_1788701812232_ro8a,DEL-BOM,EaseMyTrip,6E,6E-7642,2026-09-04,T+1,8321,1826,10147,2026-09-03T02:31:47.635Z,FALSE,"",15:45,FALSE
fare_DEL-BOM_AI_2026-09-04_T+1_1788701812232_qqn8,DEL-BOM,EaseMyTrip,AI,AI-2761,2026-09-04,T+1,8672,1904,10576,2026-09-03T02:31:47.635Z,FALSE,"",16:25,FALSE
fare_DEL-BOM_AI_2026-09-04_T+1_1788701812232_g819,DEL-BOM,EaseMyTrip,AI,AI-1719,2026-09-04,T+1,8739,1918,10657,2026-09-03T02:31:47.635Z,FALSE,"",11:55,FALSE
fare_DEL-BOM_6E_2026-09-04_T+1_1788701812232_zwjh,DEL-BOM,EaseMyTrip,6E,6E-2349,2026-09-04,T+1,8969,1969,10938,2026-09-03T02:31:47.635Z,FALSE,"",10:55,FALSE
fare_DEL-BOM_AI_2026-09-04_T+1_1788701812232_59ug,DEL-BOM,EaseMyTrip,AI,AI-9757,2026-09-04,T+1,9551,2097,11648,2026-09-03T02:31:47.635Z,FALSE,"",11:50,FALSE
fare_DEL-BOM_AI_2026-09-04_T+1_1788701812232_a3gu,DEL-BOM,EaseMyTrip,AI,AI-9759,2026-09-04,T+1,9551,2097,11648,2026-09-03T02:31:47.635Z,FALSE,"",05:45,FALSE
fare_DEL-BOM_6E_2026-09-04_T+1_1788701812232_z9ai,DEL-BOM,EaseMyTrip,6E,6E-6212,2026-09-04,T+1,9684,2126,11810,2026-09-03T02:31:47.635Z,FALSE,"",14:45,FALSE
fare_DEL-BOM_AI_2026-09-04_T+1_1788701812232_mrik,DEL-BOM,EaseMyTrip,AI,AI-9674,2026-09-04,T+1,10275,2255,12530,2026-09-03T02:31:47.635Z,FALSE,"",16:40,FALSE
fare_DEL-BOM_6E_2026-09-04_T+1_1788701812232_vhq8,DEL-BOM,EaseMyTrip,6E,6E-6261,2026-09-04,T+1,10297,2260,12557,2026-09-03T02:31:47.635Z,FALSE,"",00:15,FALSE
fare_DEL-BOM_6E_2026-09-04_T+1_1788701812232_vcz0,DEL-BOM,EaseMyTrip,6E,6E-6569,2026-09-04,T+1,10336,2269,12605,2026-09-03T02:31:47.635Z,FALSE,"",05:00,FALSE
fare_DEL-BOM_IX_2026-09-04_T+1_1788701812232_dey2,DEL-BOM,EaseMyTrip,IX,IX-1049,2026-09-04,T+1,11043,2424,13467,2026-09-03T02:31:47.635Z,FALSE,"",18:40,FALSE
fare_DEL-BOM_AI_2026-09-04_T+1_1788701812232_64y2,DEL-BOM,EaseMyTrip,AI,AI-2959,2026-09-04,T+1,11186,2455,13641,2026-09-03T02:31:47.635Z,FALSE,"",07:10,FALSE
fare_DEL-BOM_AI_2026-09-04_T+1_1788701812232_r60n,DEL-BOM,EaseMyTrip,AI,AI-531,2026-09-04,T+1,11273,2475,13748,2026-09-03T02:31:47.635Z,FALSE,"",19:20,FALSE
fare_DEL-BOM_AI_2026-09-04_T+1_1788701812232_ysph,DEL-BOM,EaseMyTrip,AI,AI-817,2026-09-04,T+1,11463,2516,13979,2026-09-03T02:31:47.635Z,FALSE,"",05:55,FALSE
fare_DEL-BOM_AI_2026-09-04_T+1_1788701812232_ames,DEL-BOM,EaseMyTrip,AI,AI-1705,2026-09-04,T+1,11651,2558,14209,2026-09-03T02:31:47.635Z,FALSE,"",06:30,FALSE
fare_DEL-BOM_6E_2026-09-04_T+1_1788701812232_w5hb,DEL-BOM,EaseMyTrip,6E,6E-2076,2026-09-04,T+1,12131,2663,14794,2026-09-03T02:31:47.635Z,FALSE,"",07:30,FALSE
fare_DEL-BOM_AI_2026-09-04_T+1_1788701812232_hvbr,DEL-BOM,EaseMyTrip,AI,AI-2715,2026-09-04,T+1,12336,2708,15044,2026-09-03T02:31:47.635Z,FALSE,"",11:40,FALSE
fare_DEL-BOM_6E_2026-09-04_T+1_1788701812232_pid8,DEL-BOM,EaseMyTrip,6E,6E-6293,2026-09-04,T+1,12223,2683,14906,2026-09-03T02:31:47.635Z,FALSE,"",09:55,FALSE
fare_DEL-BOM_IX_2026-09-04_T+1_1788701812232_cs07,DEL-BOM,EaseMyTrip,IX,IX-1051,2026-09-04,T+1,12791,2808,15599,2026-09-03T02:31:47.635Z,FALSE,"",19:05,FALSE
fare_DEL-BOM_AI_2026-09-04_T+1_1788701812232_j9yd,DEL-BOM,EaseMyTrip,AI,AI-1757,2026-09-04,T+1,12505,2745,15250,2026-09-03T02:31:47.635Z,FALSE,"",15:40,FALSE
fare_DEL-BOM_AI_2026-09-04_T+1_1788701812232_2bcx,DEL-BOM,EaseMyTrip,AI,AI-2907,2026-09-04,T+1,12612,2768,15380,2026-09-03T02:31:47.635Z,FALSE,"",12:00,FALSE
fare_DEL-BOM_QP_2026-09-04_T+1_1788701812232_js8k,DEL-BOM,EaseMyTrip,QP,QP-1812,2026-09-04,T+1,12547,2754,15301,2026-09-03T02:31:47.635Z,FALSE,"",22:55,FALSE
fare_DEL-BOM_6E_2026-09-04_T+1_1788701812232_i1m7,DEL-BOM,EaseMyTrip,6E,6E-779,2026-09-04,T+1,12653,2778,15431,2026-09-03T02:31:47.635Z,FALSE,"",08:30,FALSE
fare_DEL-BOM_6E_2026-09-04_T+1_1788701812232_4kb5,DEL-BOM,EaseMyTrip,6E,6E-980,2026-09-04,T+1,12653,2778,15431,2026-09-03T02:31:47.635Z,FALSE,"",08:30,FALSE
fare_DEL-BOM_AI_2026-09-04_T+1_1788701812232_rawl,DEL-BOM,EaseMyTrip,AI,AI-1743,2026-09-04,T+1,13065,2868,15933,2026-09-03T02:31:47.635Z,FALSE,"",06:20,FALSE
fare_DEL-BOM_AI_2026-09-04_T+1_1788701812232_nwri,DEL-BOM,EaseMyTrip,AI,AI-1742,2026-09-04,T+1,13065,2868,15933,2026-09-03T02:31:47.635Z,FALSE,"",20:00,FALSE
fare_DEL-BOM_AI_2026-09-04_T+1_1788701812232_8snm,DEL-BOM,EaseMyTrip,AI,AI-2532,2026-09-04,T+1,13285,2916,16201,2026-09-03T02:31:47.635Z,FALSE,"",11:20,FALSE
fare_DEL-BOM_6E_2026-09-04_T+1_1788701812232_chsx,DEL-BOM,EaseMyTrip,6E,6E-2249,2026-09-04,T+1,13227,2904,16131,2026-09-03T02:31:47.635Z,FALSE,"",15:00,FALSE
fare_DEL-BOM_IX_2026-09-04_T+1_1788701812232_sox3,DEL-BOM,EaseMyTrip,IX,IX-1108,2026-09-04,T+1,14298,3138,17436,2026-09-03T02:31:47.635Z,FALSE,"",05:00,FALSE
fare_DEL-BOM_AI_2026-09-04_T+1_1788701812232_4p2m,DEL-BOM,EaseMyTrip,AI,AI-491,2026-09-04,T+1,14497,3182,17679,2026-09-03T02:31:47.635Z,FALSE,"",11:15,FALSE
fare_DEL-BOM_QP_2026-09-04_T+1_1788701812232_u2it,DEL-BOM,EaseMyTrip,QP,QP-1817,2026-09-04,T+1,14680,3223,17903,2026-09-03T02:31:47.635Z,FALSE,"",10:30,FALSE
fare_DEL-BOM_AI_2026-09-04_T+1_1788701812232_u7vu,DEL-BOM,EaseMyTrip,AI,AI-2465,2026-09-04,T+1,14880,3266,18146,2026-09-03T02:31:47.635Z,FALSE,"",14:30,FALSE
fare_DEL-BOM_AI_2026-09-04_T+1_1788701812232_xeeo,DEL-BOM,EaseMyTrip,AI,AI-2509,2026-09-04,T+1,14902,3271,18173,2026-09-03T02:31:47.635Z,FALSE,"",06:55,FALSE
fare_DEL-BOM_6E_2026-09-04_T+1_1788701812232_ua5r,DEL-BOM,EaseMyTrip,6E,6E-703,2026-09-04,T+1,14774,3243,18017,2026-09-03T02:31:47.635Z,FALSE,"",12:15,FALSE
fare_DEL-BOM_6E_2026-09-04_T+1_1788701812232_5r4w,DEL-BOM,EaseMyTrip,6E,6E-493,2026-09-04,T+1,14774,3243,18017,2026-09-03T02:31:47.635Z,FALSE,"",12:15,FALSE
fare_DEL-BOM_IX_2026-09-04_T+1_1788701812232_eacr,DEL-BOM,EaseMyTrip,IX,IX-1068,2026-09-04,T+1,15588,3422,19010,2026-09-03T02:31:47.635Z,TRUE,"High outlier: ₹19010 > upper fence ₹18323 (Q3: ₹11247, IQR: ₹4717)",11:55,FALSE
fare_DEL-BOM_QP_2026-09-04_T+1_1788701812232_49hm,DEL-BOM,EaseMyTrip,QP,QP-1815,2026-09-04,T+1,15675,3441,19116,2026-09-03T02:31:47.635Z,TRUE,"High outlier: ₹19116 > upper fence ₹18323 (Q3: ₹11247, IQR: ₹4717)",14:55,FALSE
fare_DEL-BOM_AI_2026-09-04_T+1_1788701812232_rhhl,DEL-BOM,EaseMyTrip,AI,AI-427,2026-09-04,T+1,16494,3621,20115,2026-09-03T02:31:47.635Z,TRUE,"High outlier: ₹20115 > upper fence ₹18323 (Q3: ₹11247, IQR: ₹4717)",08:30,FALSE
fare_DEL-BOM_AI_2026-09-04_T+1_1788701812232_al26,DEL-BOM,EaseMyTrip,AI,AI-1779,2026-09-04,T+1,16661,3657,20318,2026-09-03T02:31:47.635Z,TRUE,"High outlier: ₹20318 > upper fence ₹18323 (Q3: ₹11247, IQR: ₹4717)",13:50,FALSE
fare_DEL-BOM_AI_2026-09-04_T+1_1788701812232_j1jz,DEL-BOM,EaseMyTrip,AI,AI-809,2026-09-04,T+1,17038,3740,20778,2026-09-03T02:31:47.635Z,TRUE,"High outlier: ₹20778 > upper fence ₹18323 (Q3: ₹11247, IQR: ₹4717)",17:40,FALSE
fare_DEL-BOM_AI_2026-09-04_T+1_1788701812232_dtkw,DEL-BOM,EaseMyTrip,AI,AI-2535,2026-09-04,T+1,17451,3831,21282,2026-09-03T02:31:47.635Z,TRUE,"High outlier: ₹21282 > upper fence ₹18323 (Q3: ₹11247, IQR: ₹4717)",06:40,FALSE
fare_DEL-BOM_AI_2026-09-04_T+1_1788701812232_7qkl,DEL-BOM,EaseMyTrip,AI,AI-2525,2026-09-04,T+1,18475,4056,22531,2026-09-03T02:31:47.635Z,TRUE,"High outlier: ₹22531 > upper fence ₹18323 (Q3: ₹11247, IQR: ₹4717)",06:00,FALSE
fare_DEL-BOM_AI_2026-09-04_T+1_1788701812232_kfc6,DEL-BOM,EaseMyTrip,AI,AI-1739,2026-09-04,T+1,21636,4749,26385,2026-09-03T02:31:47.635Z,TRUE,"High outlier: ₹26385 > upper fence ₹18323 (Q3: ₹11247, IQR: ₹4717)",11:30,FALSE
fare_DEL-BOM_AI_2026-09-04_T+1_1788701812232_ghy2,DEL-BOM,EaseMyTrip,AI,AI-2627,2026-09-04,T+1,34897,7660,42557,2026-09-03T02:31:47.635Z,TRUE,"High outlier: ₹42557 > upper fence ₹18323 (Q3: ₹11247, IQR: ₹4717)",10:45,FALSE
fare_DEL-BOM_SG_2026-09-04_T+1_1788701812232_iqto,DEL-BOM,EaseMyTrip,SG,SG-534,2026-09-04,T+1,5222,1146,6368,2026-09-03T21:13:46.322Z,FALSE,"",21:00,TRUE
fare_DEL-BOM_SG_2026-09-04_T+1_1788701812232_04os,DEL-BOM,EaseMyTrip,SG,SG-273,2026-09-04,T+1,5222,1146,6368,2026-09-03T21:13:46.322Z,FALSE,"",21:00,TRUE
fare_DEL-BOM_SG_2026-09-04_T+1_1788701812232_y2hf,DEL-BOM,EaseMyTrip,SG,SG-411,2026-09-04,T+1,5222,1146,6368,2026-09-03T21:13:46.322Z,FALSE,"",22:30,TRUE
fare_DEL-BOM_SG_2026-09-04_T+1_1788701812232_n3c2,DEL-BOM,EaseMyTrip,SG,SG-299,2026-09-04,T+1,5222,1146,6368,2026-09-03T21:13:46.322Z,FALSE,"",22:30,TRUE
fare_DEL-BOM_6E_2026-09-04_T+1_1788701812232_2qst,DEL-BOM,EaseMyTrip,6E,6E-642,2026-09-04,T+1,5274,1158,6432,2026-09-03T21:13:46.322Z,FALSE,"",23:15,FALSE
fare_DEL-BOM_6E_2026-09-04_T+1_1788701812232_is84,DEL-BOM,EaseMyTrip,6E,6E-571,2026-09-04,T+1,5274,1158,6432,2026-09-03T21:13:46.322Z,FALSE,"",23:15,FALSE
fare_DEL-BOM_6E_2026-09-04_T+1_1788701812232_5hxa,DEL-BOM,EaseMyTrip,6E,6E-540,2026-09-04,T+1,5355,1175,6530,2026-09-03T21:13:46.322Z,FALSE,"",23:30,TRUE
fare_DEL-BOM_6E_2026-09-04_T+1_1788701812232_ulqo,DEL-BOM,EaseMyTrip,6E,6E-193,2026-09-04,T+1,5355,1175,6530,2026-09-03T21:13:46.322Z,FALSE,"",23:30,TRUE
fare_DEL-BOM_6E_2026-09-04_T+1_1788701812232_9hlk,DEL-BOM,EaseMyTrip,6E,6E-434,2026-09-04,T+1,5355,1175,6530,2026-09-03T21:13:46.322Z,FALSE,"",21:45,TRUE
fare_DEL-BOM_6E_2026-09-04_T+1_1788701812232_57c5,DEL-BOM,EaseMyTrip,6E,6E-690,2026-09-04,T+1,5355,1175,6530,2026-09-03T21:13:46.322Z,FALSE,"",21:45,TRUE
fare_DEL-BOM_6E_2026-09-04_T+1_1788701812232_nicr,DEL-BOM,EaseMyTrip,6E,6E-883,2026-09-04,T+1,5355,1175,6530,2026-09-03T21:13:46.322Z,FALSE,"",20:45,TRUE
fare_DEL-BOM_6E_2026-09-04_T+1_1788701812232_4nvx,DEL-BOM,EaseMyTrip,6E,6E-990,2026-09-04,T+1,5355,1175,6530,2026-09-03T21:13:46.322Z,FALSE,"",20:45,TRUE
fare_DEL-BOM_6E_2026-09-04_T+1_1788701812232_lu55,DEL-BOM,EaseMyTrip,6E,6E-361,2026-09-04,T+1,5355,1175,6530,2026-09-03T21:13:46.322Z,FALSE,"",19:00,TRUE
fare_DEL-BOM_6E_2026-09-04_T+1_1788701812232_vamn,DEL-BOM,EaseMyTrip,6E,6E-927,2026-09-04,T+1,5355,1175,6530,2026-09-03T21:13:46.322Z,FALSE,"",19:00,TRUE
fare_DEL-BOM_6E_2026-09-04_T+1_1788701812232_du8k,DEL-BOM,EaseMyTrip,6E,6E-251,2026-09-04,T+1,5355,1175,6530,2026-09-03T21:13:46.322Z,FALSE,"",18:00,TRUE
fare_DEL-BOM_6E_2026-09-04_T+1_1788701812232_ybbm,DEL-BOM,EaseMyTrip,6E,6E-842,2026-09-04,T+1,5355,1175,6530,2026-09-03T21:13:46.322Z,FALSE,"",18:00,TRUE
fare_DEL-BOM_6E_2026-09-04_T+1_1788701812232_sqvf,DEL-BOM,EaseMyTrip,6E,6E-269,2026-09-04,T+1,5355,1175,6530,2026-09-03T21:13:46.322Z,FALSE,"",16:15,TRUE
fare_DEL-BOM_6E_2026-09-04_T+1_1788701812232_arsc,DEL-BOM,EaseMyTrip,6E,6E-467,2026-09-04,T+1,5355,1175,6530,2026-09-03T21:13:46.322Z,FALSE,"",16:15,TRUE
fare_DEL-BOM_6E_2026-09-04_T+1_1788701812232_xkjq,DEL-BOM,EaseMyTrip,6E,6E-107,2026-09-04,T+1,5355,1175,6530,2026-09-03T21:13:46.322Z,FALSE,"",15:30,TRUE
fare_DEL-BOM_6E_2026-09-04_T+1_1788701812232_8npb,DEL-BOM,EaseMyTrip,6E,6E-806,2026-09-04,T+1,5355,1175,6530,2026-09-03T21:13:46.322Z,FALSE,"",15:30,TRUE
fare_DEL-BOM_6E_2026-09-04_T+1_1788701812232_wevv,DEL-BOM,EaseMyTrip,6E,6E-157,2026-09-04,T+1,5355,1175,6530,2026-09-03T21:13:46.322Z,FALSE,"",08:00,TRUE
fare_DEL-BOM_6E_2026-09-04_T+1_1788701812232_29f3,DEL-BOM,EaseMyTrip,6E,6E-445,2026-09-04,T+1,5355,1175,6530,2026-09-03T21:13:46.322Z,FALSE,"",08:00,TRUE
fare_DEL-BOM_6E_2026-09-04_T+1_1788701812232_jilc,DEL-BOM,EaseMyTrip,6E,6E-307,2026-09-04,T+1,5355,1175,6530,2026-09-03T21:13:46.322Z,FALSE,"",08:45,TRUE
fare_DEL-BOM_6E_2026-09-04_T+1_1788701812232_uk70,DEL-BOM,EaseMyTrip,6E,6E-485,2026-09-04,T+1,5381,1181,6562,2026-09-03T21:13:46.322Z,FALSE,"",19:35,FALSE
fare_DEL-BOM_6E_2026-09-04_T+1_1788701812232_wxyg,DEL-BOM,EaseMyTrip,6E,6E-733,2026-09-04,T+1,5381,1181,6562,2026-09-03T21:13:46.322Z,FALSE,"",19:35,FALSE
fare_DEL-BOM_6E_2026-09-04_T+1_1788701812232_vj4v,DEL-BOM,EaseMyTrip,6E,6E-199,2026-09-04,T+1,5484,1204,6688,2026-09-03T21:13:46.322Z,FALSE,"",20:00,TRUE
fare_DEL-BOM_6E_2026-09-04_T+1_1788701812232_hhgd,DEL-BOM,EaseMyTrip,6E,6E-354,2026-09-04,T+1,5484,1204,6688,2026-09-03T21:13:46.322Z,FALSE,"",20:00,TRUE
fare_DEL-BOM_6E_2026-09-04_T+1_1788701812232_47lo,DEL-BOM,EaseMyTrip,6E,6E-101,2026-09-04,T+1,5484,1204,6688,2026-09-03T21:13:46.322Z,FALSE,"",13:00,TRUE
fare_DEL-BOM_6E_2026-09-04_T+1_1788701812232_8st7,DEL-BOM,EaseMyTrip,6E,6E-2496,2026-09-04,T+1,5533,1214,6747,2026-09-03T21:13:46.322Z,FALSE,"",12:40,FALSE
fare_DEL-BOM_6E_2026-09-04_T+1_1788701812232_u8dl,DEL-BOM,EaseMyTrip,6E,6E-313,2026-09-04,T+1,5656,1242,6898,2026-09-03T21:13:46.322Z,FALSE,"",05:00,TRUE
fare_DEL-BOM_6E_2026-09-04_T+1_1788701812232_yoo9,DEL-BOM,EaseMyTrip,6E,6E-862,2026-09-04,T+1,5656,1242,6898,2026-09-03T21:13:46.322Z,FALSE,"",05:00,TRUE
fare_DEL-BOM_6E_2026-09-04_T+1_1788701812232_n1gi,DEL-BOM,EaseMyTrip,6E,6E-147,2026-09-04,T+1,6172,1355,7527,2026-09-03T21:13:46.322Z,FALSE,"",20:20,TRUE
fare_DEL-BOM_6E_2026-09-04_T+1_1788701812232_oc8i,DEL-BOM,EaseMyTrip,6E,6E-749,2026-09-04,T+1,6172,1355,7527,2026-09-03T21:13:46.322Z,FALSE,"",20:20,TRUE
fare_DEL-BOM_SG_2026-09-04_T+1_1788701812232_ul28,DEL-BOM,EaseMyTrip,SG,SG-989,2026-09-04,T+1,6470,1420,7890,2026-09-03T21:13:46.322Z,FALSE,"",14:30,TRUE
fare_DEL-BOM_SG_2026-09-04_T+1_1788701812232_au9j,DEL-BOM,EaseMyTrip,SG,SG-560,2026-09-04,T+1,6470,1420,7890,2026-09-03T21:13:46.322Z,FALSE,"",14:30,TRUE
fare_DEL-BOM_6E_2026-09-04_T+1_1788701812232_ecgp,DEL-BOM,EaseMyTrip,6E,6E-636,2026-09-04,T+1,7242,1590,8832,2026-09-03T21:13:46.322Z,FALSE,"",10:00,FALSE
fare_DEL-BOM_6E_2026-09-04_T+1_1788701812232_0txm,DEL-BOM,EaseMyTrip,6E,6E-638,2026-09-04,T+1,7242,1590,8832,2026-09-03T21:13:46.322Z,FALSE,"",10:00,FALSE
fare_DEL-BOM_6E_2026-09-04_T+1_1788701812232_7f9x,DEL-BOM,EaseMyTrip,6E,6E-433,2026-09-04,T+1,8316,1825,10141,2026-09-03T21:13:46.322Z,FALSE,"",19:30,FALSE
fare_DEL-BOM_AI_2026-09-04_T+1_1788701812232_02ku,DEL-BOM,EaseMyTrip,AI,AI-2499,2026-09-04,T+1,9122,2002,11124,2026-09-03T21:13:46.322Z,FALSE,"",05:55,FALSE
fare_DEL-BOM_IX_2026-09-04_T+1_1788701812232_0pya,DEL-BOM,EaseMyTrip,IX,IX-1001,2026-09-04,T+1,9323,2046,11369,2026-09-03T21:13:46.322Z,FALSE,"",09:00,FALSE
fare_DEL-BOM_6E_2026-09-04_T+1_1788701812232_x5qd,DEL-BOM,EaseMyTrip,6E,6E-319,2026-09-04,T+1,10572,2321,12893,2026-09-03T21:13:46.322Z,FALSE,"",12:15,FALSE
fare_DEL-BOM_6E_2026-09-04_T+1_1788701812232_seo8,DEL-BOM,EaseMyTrip,6E,6E-308,2026-09-04,T+1,10572,2321,12893,2026-09-03T21:13:46.322Z,FALSE,"",12:15,FALSE
fare_DEL-BOM_AI_2026-09-04_T+1_1788701812232_agk8,DEL-BOM,EaseMyTrip,AI,AI-2909,2026-09-04,T+1,11186,2455,13641,2026-09-03T21:13:46.322Z,FALSE,"",22:30,FALSE
fare_DEL-BOM_AI_2026-09-04_T+1_1788701812232_i78q,DEL-BOM,EaseMyTrip,AI,AI-2545,2026-09-04,T+1,11186,2455,13641,2026-09-03T21:13:46.322Z,FALSE,"",20:30,FALSE
fare_DEL-BOM_AI_2026-09-04_T+1_1788701812232_4bhc,DEL-BOM,EaseMyTrip,AI,AI-2939,2026-09-04,T+1,11186,2455,13641,2026-09-03T21:13:46.322Z,FALSE,"",16:40,FALSE
fare_DEL-BOM_AI_2026-09-04_T+1_1788701812232_x8lq,DEL-BOM,EaseMyTrip,AI,AI-881,2026-09-04,T+1,11186,2455,13641,2026-09-03T21:13:46.322Z,FALSE,"",13:35,FALSE
fare_DEL-BOM_IX_2026-09-04_T+1_1788701812232_pr4f,DEL-BOM,EaseMyTrip,IX,IX-1067,2026-09-04,T+1,12070,2649,14719,2026-09-03T21:13:46.322Z,FALSE,"",06:10,FALSE
fare_DEL-BOM_AI_2026-09-04_T+1_1788701812232_j5ho,DEL-BOM,EaseMyTrip,AI,AI-9584,2026-09-04,T+1,12521,2748,15269,2026-09-03T21:13:46.322Z,FALSE,"",11:15,FALSE
fare_DEL-BOM_AI_2026-09-04_T+1_1788701812232_tzxg,DEL-BOM,EaseMyTrip,AI,AI-2601,2026-09-04,T+1,13065,2868,15933,2026-09-03T21:13:46.322Z,FALSE,"",17:00,FALSE
fare_DEL-BOM_AI_2026-09-04_T+1_1788701812232_ujvs,DEL-BOM,EaseMyTrip,AI,AI-1773,2026-09-04,T+1,14497,3182,17679,2026-09-03T21:13:46.322Z,FALSE,"",10:30,FALSE
fare_DEL-BOM_AI_2026-09-04_T+1_1788701812232_d957,DEL-BOM,EaseMyTrip,AI,AI-2859,2026-09-04,T+1,16361,3592,19953,2026-09-03T21:13:46.322Z,TRUE,"High outlier: ₹19953 > upper fence ₹18323 (Q3: ₹11247, IQR: ₹4717)",10:30,FALSE
fare_DEL-BOM_IX_2026-09-04_T+1_1788701812232_7htr,DEL-BOM,EaseMyTrip,IX,IX-1812,2026-09-04,T+1,17408,3821,21229,2026-09-03T21:13:46.322Z,TRUE,"High outlier: ₹21229 > upper fence ₹18323 (Q3: ₹11247, IQR: ₹4717)",11:15,FALSE
fare_DEL-BOM_6E_2026-09-04_T+1_1788701812232_74le,DEL-BOM,EaseMyTrip,6E,6E-918,2026-09-04,T+1,17488,3839,21327,2026-09-03T21:13:46.322Z,TRUE,"High outlier: ₹21327 > upper fence ₹18323 (Q3: ₹11247, IQR: ₹4717)",08:30,FALSE
fare_DEL-BOM_AI_2026-09-04_T+1_1788701812232_8w9x,DEL-BOM,EaseMyTrip,AI,AI-2483,2026-09-04,T+1,18767,4120,22887,2026-09-03T21:13:46.322Z,TRUE,"High outlier: ₹22887 > upper fence ₹18323 (Q3: ₹11247, IQR: ₹4717)",12:20,FALSE
fare_DEL-BOM_IX_2026-09-04_T+1_1788701812232_otdt,DEL-BOM,EaseMyTrip,IX,IX-1811,2026-09-04,T+1,19540,4289,23829,2026-09-03T21:13:46.322Z,TRUE,"High outlier: ₹23829 > upper fence ₹18323 (Q3: ₹11247, IQR: ₹4717)",06:50,FALSE
fare_DEL-BOM_SG_2026-10-03_T+30_1788701812232_x0tc,DEL-BOM,EaseMyTrip,SG,SG-853,2026-10-03,T+30,5255,1153,6408,2026-09-03T02:32:06.524Z,FALSE,"",09:15,TRUE
fare_DEL-BOM_SG_2026-10-03_T+30_1788701812232_uvrf,DEL-BOM,EaseMyTrip,SG,SG-627,2026-10-03,T+30,5255,1153,6408,2026-09-03T02:32:06.524Z,FALSE,"",09:15,TRUE
fare_DEL-BOM_SG_2026-10-03_T+30_1788701812232_6179,DEL-BOM,EaseMyTrip,SG,SG-417,2026-10-03,T+30,5255,1153,6408,2026-09-03T02:32:06.524Z,FALSE,"",22:30,TRUE
fare_DEL-BOM_SG_2026-10-03_T+30_1788701812232_pcnn,DEL-BOM,EaseMyTrip,SG,SG-537,2026-10-03,T+30,5255,1153,6408,2026-09-03T02:32:06.524Z,FALSE,"",22:30,TRUE
fare_DEL-BOM_6E_2026-10-03_T+30_1788701812232_lahx,DEL-BOM,EaseMyTrip,6E,6E-6454,2026-10-03,T+30,4994,1096,6090,2026-09-03T02:32:06.524Z,FALSE,"",13:50,FALSE
fare_DEL-BOM_6E_2026-10-03_T+30_1788701812232_dgy9,DEL-BOM,EaseMyTrip,6E,6E-5119,2026-10-03,T+30,4994,1096,6090,2026-09-03T02:32:06.524Z,FALSE,"",05:10,FALSE
fare_DEL-BOM_6E_2026-10-03_T+30_1788701812232_yfv8,DEL-BOM,EaseMyTrip,6E,6E-2076,2026-10-03,T+30,4994,1096,6090,2026-09-03T02:32:06.524Z,FALSE,"",07:30,FALSE
fare_DEL-BOM_6E_2026-10-03_T+30_1788701812232_hjt7,DEL-BOM,EaseMyTrip,6E,6E-6261,2026-10-03,T+30,4994,1096,6090,2026-09-03T02:32:06.524Z,FALSE,"",00:15,FALSE
fare_DEL-BOM_6E_2026-10-03_T+30_1788701812232_ar46,DEL-BOM,EaseMyTrip,6E,6E-2013,2026-10-03,T+30,4994,1096,6090,2026-09-03T02:32:06.524Z,FALSE,"",21:50,FALSE
fare_DEL-BOM_6E_2026-10-03_T+30_1788701812232_wllj,DEL-BOM,EaseMyTrip,6E,6E-6190,2026-10-03,T+30,4998,1097,6095,2026-09-03T02:32:06.524Z,FALSE,"",07:40,FALSE
fare_DEL-BOM_6E_2026-10-03_T+30_1788701812232_yhfk,DEL-BOM,EaseMyTrip,6E,6E-259,2026-10-03,T+30,4998,1097,6095,2026-09-03T02:32:06.524Z,FALSE,"",10:00,FALSE
fare_DEL-BOM_6E_2026-10-03_T+30_1788701812232_9o24,DEL-BOM,EaseMyTrip,6E,6E-889,2026-10-03,T+30,4998,1097,6095,2026-09-03T02:32:06.524Z,FALSE,"",10:00,FALSE
fare_DEL-BOM_6E_2026-10-03_T+30_1788701812232_q7sx,DEL-BOM,EaseMyTrip,6E,6E-2341,2026-10-03,T+30,4998,1097,6095,2026-09-03T02:32:06.524Z,FALSE,"",14:50,FALSE
fare_DEL-BOM_6E_2026-10-03_T+30_1788701812232_5un5,DEL-BOM,EaseMyTrip,6E,6E-2037,2026-10-03,T+30,4998,1097,6095,2026-09-03T02:32:06.524Z,FALSE,"",10:55,FALSE
fare_DEL-BOM_6E_2026-10-03_T+30_1788701812232_ixau,DEL-BOM,EaseMyTrip,6E,6E-2331,2026-10-03,T+30,4998,1097,6095,2026-09-03T02:32:06.524Z,FALSE,"",12:20,FALSE
fare_DEL-BOM_6E_2026-10-03_T+30_1788701812232_5h7w,DEL-BOM,EaseMyTrip,6E,6E-878,2026-10-03,T+30,4998,1097,6095,2026-09-03T02:32:06.524Z,FALSE,"",10:00,FALSE
fare_DEL-BOM_6E_2026-10-03_T+30_1788701812232_qv0q,DEL-BOM,EaseMyTrip,6E,6E-110,2026-10-03,T+30,4998,1097,6095,2026-09-03T02:32:06.524Z,FALSE,"",10:00,FALSE
fare_DEL-BOM_IX_2026-10-03_T+30_1788701812232_vvlj,DEL-BOM,EaseMyTrip,IX,IX-1165,2026-10-03,T+30,5568,1222,6790,2026-09-03T02:32:06.524Z,FALSE,"",06:00,FALSE
fare_DEL-BOM_IX_2026-10-03_T+30_1788701812232_6y35,DEL-BOM,EaseMyTrip,IX,IX-1056,2026-10-03,T+30,5354,1175,6529,2026-09-03T02:32:06.524Z,FALSE,"",17:50,TRUE
fare_DEL-BOM_IX_2026-10-03_T+30_1788701812232_n4v4,DEL-BOM,EaseMyTrip,IX,IX-1235,2026-10-03,T+30,5354,1175,6529,2026-09-03T02:32:06.524Z,FALSE,"",23:25,TRUE
fare_DEL-BOM_IX_2026-10-03_T+30_1788701812232_fgt3,DEL-BOM,EaseMyTrip,IX,IX-1463,2026-10-03,T+30,5354,1175,6529,2026-09-03T02:32:06.524Z,FALSE,"",11:15,TRUE
fare_DEL-BOM_IX_2026-10-03_T+30_1788701812232_is4j,DEL-BOM,EaseMyTrip,IX,IX-1038,2026-10-03,T+30,5354,1175,6529,2026-09-03T02:32:06.524Z,FALSE,"",17:35,TRUE
fare_DEL-BOM_IX_2026-10-03_T+30_1788701812232_qp2f,DEL-BOM,EaseMyTrip,IX,IX-1024,2026-10-03,T+30,5354,1175,6529,2026-09-03T02:32:06.524Z,FALSE,"",18:40,TRUE
fare_DEL-BOM_6E_2026-10-03_T+30_1788701812232_uvpq,DEL-BOM,EaseMyTrip,6E,6E-2249,2026-10-03,T+30,5102,1120,6222,2026-09-03T02:32:06.524Z,FALSE,"",15:00,FALSE
fare_DEL-BOM_6E_2026-10-03_T+30_1788701812232_ady7,DEL-BOM,EaseMyTrip,6E,6E-2169,2026-10-03,T+30,5102,1120,6222,2026-09-03T02:32:06.524Z,FALSE,"",19:40,FALSE
fare_DEL-BOM_6E_2026-10-03_T+30_1788701812232_4y0i,DEL-BOM,EaseMyTrip,6E,6E-6490,2026-10-03,T+30,5105,1121,6226,2026-09-03T02:32:06.524Z,FALSE,"",04:55,FALSE
fare_DEL-BOM_6E_2026-10-03_T+30_1788701812232_v6vj,DEL-BOM,EaseMyTrip,6E,6E-6479,2026-10-03,T+30,5166,1134,6300,2026-09-03T02:32:06.524Z,FALSE,"",21:25,FALSE
fare_DEL-BOM_6E_2026-10-03_T+30_1788701812232_qndj,DEL-BOM,EaseMyTrip,6E,6E-855,2026-10-03,T+30,5166,1134,6300,2026-09-03T02:32:06.524Z,FALSE,"",16:10,FALSE
fare_DEL-BOM_6E_2026-10-03_T+30_1788701812232_m1rz,DEL-BOM,EaseMyTrip,6E,6E-884,2026-10-03,T+30,5166,1134,6300,2026-09-03T02:32:06.524Z,FALSE,"",16:10,FALSE
fare_DEL-BOM_6E_2026-10-03_T+30_1788701812232_isju,DEL-BOM,EaseMyTrip,6E,6E-2113,2026-10-03,T+30,5166,1134,6300,2026-09-03T02:32:06.524Z,FALSE,"",13:20,FALSE
fare_DEL-BOM_6E_2026-10-03_T+30_1788701812232_7m0f,DEL-BOM,EaseMyTrip,6E,6E-6050,2026-10-03,T+30,5166,1134,6300,2026-09-03T02:32:06.524Z,FALSE,"",08:15,FALSE
fare_DEL-BOM_6E_2026-10-03_T+30_1788701812232_zzch,DEL-BOM,EaseMyTrip,6E,6E-2147,2026-10-03,T+30,5166,1134,6300,2026-09-03T02:32:06.524Z,FALSE,"",11:10,FALSE
fare_DEL-BOM_6E_2026-10-03_T+30_1788701812232_wxic,DEL-BOM,EaseMyTrip,6E,6E-6212,2026-10-03,T+30,5274,1158,6432,2026-09-03T02:32:06.524Z,FALSE,"",14:45,FALSE
fare_DEL-BOM_6E_2026-10-03_T+30_1788701812232_6ddx,DEL-BOM,EaseMyTrip,6E,6E-703,2026-10-03,T+30,5274,1158,6432,2026-09-03T02:32:06.524Z,FALSE,"",17:55,FALSE
fare_DEL-BOM_6E_2026-10-03_T+30_1788701812232_rjhj,DEL-BOM,EaseMyTrip,6E,6E-926,2026-10-03,T+30,5274,1158,6432,2026-09-03T02:32:06.524Z,FALSE,"",17:55,FALSE
fare_DEL-BOM_6E_2026-10-03_T+30_1788701812232_rl1b,DEL-BOM,EaseMyTrip,6E,6E-6282,2026-10-03,T+30,5274,1158,6432,2026-09-03T02:32:06.524Z,FALSE,"",13:30,FALSE
fare_DEL-BOM_6E_2026-10-03_T+30_1788701812232_9hzs,DEL-BOM,EaseMyTrip,6E,6E-5096,2026-10-03,T+30,5282,1160,6442,2026-09-03T02:32:06.524Z,FALSE,"",17:00,TRUE
fare_DEL-BOM_QP_2026-10-03_T+30_1788701812232_bvgs,DEL-BOM,EaseMyTrip,QP,QP-2018,2026-10-03,T+30,5295,1162,6457,2026-09-03T02:32:06.524Z,FALSE,"",11:00,TRUE
fare_DEL-BOM_QP_2026-10-03_T+30_1788701812232_kopd,DEL-BOM,EaseMyTrip,QP,QP-2012,2026-10-03,T+30,5330,1170,6500,2026-09-03T02:32:06.524Z,FALSE,"",08:55,TRUE
fare_DEL-BOM_6E_2026-10-03_T+30_1788701812232_uvuo,DEL-BOM,EaseMyTrip,6E,6E-635,2026-10-03,T+30,5338,1172,6510,2026-09-03T02:32:06.524Z,FALSE,"",19:30,FALSE
fare_DEL-BOM_6E_2026-10-03_T+30_1788701812232_1hb5,DEL-BOM,EaseMyTrip,6E,6E-716,2026-10-03,T+30,5338,1172,6510,2026-09-03T02:32:06.524Z,FALSE,"",19:30,FALSE
fare_DEL-BOM_6E_2026-10-03_T+30_1788701812232_6j1s,DEL-BOM,EaseMyTrip,6E,6E-7642,2026-10-03,T+30,5343,1173,6516,2026-09-03T02:32:06.524Z,FALSE,"",15:45,FALSE
fare_DEL-BOM_6E_2026-10-03_T+30_1788701812232_d923,DEL-BOM,EaseMyTrip,6E,6E-7646,2026-10-03,T+30,5347,1174,6521,2026-09-03T02:32:06.524Z,FALSE,"",06:15,FALSE
fare_DEL-BOM_6E_2026-10-03_T+30_1788701812232_9syx,DEL-BOM,EaseMyTrip,6E,6E-6470,2026-10-03,T+30,5354,1175,6529,2026-09-03T02:32:06.524Z,FALSE,"",06:55,TRUE
fare_DEL-BOM_QP_2026-10-03_T+30_1788701812232_cnk1,DEL-BOM,EaseMyTrip,QP,QP-1833,2026-10-03,T+30,5355,1175,6530,2026-09-03T02:32:06.524Z,FALSE,"",06:50,TRUE
fare_DEL-BOM_QP_2026-10-03_T+30_1788701812232_2sb8,DEL-BOM,EaseMyTrip,QP,QP-1110,2026-10-03,T+30,5355,1175,6530,2026-09-03T02:32:06.524Z,FALSE,"",10:00,TRUE
fare_DEL-BOM_QP_2026-10-03_T+30_1788701812232_n5s7,DEL-BOM,EaseMyTrip,QP,QP-1128,2026-10-03,T+30,5355,1175,6530,2026-09-03T02:32:06.524Z,FALSE,"",16:00,TRUE
fare_DEL-BOM_QP_2026-10-03_T+30_1788701812232_tziv,DEL-BOM,EaseMyTrip,QP,QP-1820,2026-10-03,T+30,5355,1175,6530,2026-09-03T02:32:06.524Z,FALSE,"",17:30,TRUE
fare_DEL-BOM_QP_2026-10-03_T+30_1788701812232_4qur,DEL-BOM,EaseMyTrip,QP,QP-1119,2026-10-03,T+30,5355,1175,6530,2026-09-03T02:32:06.524Z,FALSE,"",08:40,TRUE
fare_DEL-BOM_QP_2026-10-03_T+30_1788701812232_taii,DEL-BOM,EaseMyTrip,QP,QP-1826,2026-10-03,T+30,5355,1175,6530,2026-09-03T02:32:06.524Z,FALSE,"",19:55,TRUE
fare_DEL-BOM_6E_2026-10-03_T+30_1788701812232_8j93,DEL-BOM,EaseMyTrip,6E,6E-400,2026-10-03,T+30,5355,1175,6530,2026-09-03T02:32:06.524Z,FALSE,"",03:00,TRUE
fare_DEL-BOM_6E_2026-10-03_T+30_1788701812232_8rpa,DEL-BOM,EaseMyTrip,6E,6E-536,2026-10-03,T+30,5355,1175,6530,2026-09-03T02:32:06.524Z,FALSE,"",03:00,TRUE
fare_DEL-BOM_6E_2026-10-03_T+30_1788701812232_z8rz,DEL-BOM,EaseMyTrip,6E,6E-817,2026-10-03,T+30,5355,1175,6530,2026-09-03T02:32:06.524Z,FALSE,"",23:30,TRUE
fare_DEL-BOM_6E_2026-10-03_T+30_1788701812232_a1yn,DEL-BOM,EaseMyTrip,6E,6E-918,2026-10-03,T+30,5355,1175,6530,2026-09-03T02:32:06.524Z,FALSE,"",23:30,TRUE
fare_DEL-BOM_6E_2026-10-03_T+30_1788701812232_x698,DEL-BOM,EaseMyTrip,6E,6E-6114,2026-10-03,T+30,5355,1175,6530,2026-09-03T02:32:06.524Z,FALSE,"",22:45,TRUE
fare_DEL-BOM_6E_2026-10-03_T+30_1788701812232_qj5y,DEL-BOM,EaseMyTrip,6E,6E-422,2026-10-03,T+30,5355,1175,6530,2026-09-03T02:32:06.524Z,FALSE,"",20:00,TRUE
fare_DEL-BOM_6E_2026-10-03_T+30_1788701812232_bw3l,DEL-BOM,EaseMyTrip,6E,6E-934,2026-10-03,T+30,5355,1175,6530,2026-09-03T02:32:06.524Z,FALSE,"",20:00,TRUE
fare_DEL-BOM_6E_2026-10-03_T+30_1788701812232_azj5,DEL-BOM,EaseMyTrip,6E,6E-807,2026-10-03,T+30,5355,1175,6530,2026-09-03T02:32:06.524Z,FALSE,"",19:00,TRUE
fare_DEL-BOM_6E_2026-10-03_T+30_1788701812232_m9r9,DEL-BOM,EaseMyTrip,6E,6E-365,2026-10-03,T+30,5355,1175,6530,2026-09-03T02:32:06.524Z,FALSE,"",19:00,TRUE
fare_DEL-BOM_6E_2026-10-03_T+30_1788701812232_3mra,DEL-BOM,EaseMyTrip,6E,6E-6706,2026-10-03,T+30,5355,1175,6530,2026-09-03T02:32:06.524Z,FALSE,"",17:00,TRUE
fare_DEL-BOM_6E_2026-10-03_T+30_1788701812232_qbt6,DEL-BOM,EaseMyTrip,6E,6E-916,2026-10-03,T+30,5355,1175,6530,2026-09-03T02:32:06.524Z,FALSE,"",15:30,TRUE
fare_DEL-BOM_6E_2026-10-03_T+30_1788701812232_crj7,DEL-BOM,EaseMyTrip,6E,6E-851,2026-10-03,T+30,5355,1175,6530,2026-09-03T02:32:06.524Z,FALSE,"",15:30,TRUE
fare_DEL-BOM_6E_2026-10-03_T+30_1788701812232_beae,DEL-BOM,EaseMyTrip,6E,6E-6022,2026-10-03,T+30,5355,1175,6530,2026-09-03T02:32:06.524Z,FALSE,"",14:00,TRUE
fare_DEL-BOM_6E_2026-10-03_T+30_1788701812232_5r5e,DEL-BOM,EaseMyTrip,6E,6E-6318,2026-10-03,T+30,5355,1175,6530,2026-09-03T02:32:06.524Z,FALSE,"",14:45,TRUE
fare_DEL-BOM_6E_2026-10-03_T+30_1788701812232_v89c,DEL-BOM,EaseMyTrip,6E,6E-563,2026-10-03,T+30,5355,1175,6530,2026-09-03T02:32:06.524Z,FALSE,"",08:00,TRUE
fare_DEL-BOM_6E_2026-10-03_T+30_1788701812232_zd38,DEL-BOM,EaseMyTrip,6E,6E-876,2026-10-03,T+30,5355,1175,6530,2026-09-03T02:32:06.524Z,FALSE,"",08:00,TRUE
fare_DEL-BOM_6E_2026-10-03_T+30_1788701812232_tbvo,DEL-BOM,EaseMyTrip,6E,6E-6328,2026-10-03,T+30,5355,1175,6530,2026-09-03T02:32:06.524Z,FALSE,"",10:15,TRUE
fare_DEL-BOM_6E_2026-10-03_T+30_1788701812232_7bc3,DEL-BOM,EaseMyTrip,6E,6E-6047,2026-10-03,T+30,5355,1175,6530,2026-09-03T02:32:06.524Z,FALSE,"",11:00,TRUE
fare_DEL-BOM_6E_2026-10-03_T+30_1788701812232_t5so,DEL-BOM,EaseMyTrip,6E,6E-828,2026-10-03,T+30,5355,1175,6530,2026-09-03T02:32:06.524Z,FALSE,"",13:00,TRUE
fare_DEL-BOM_6E_2026-10-03_T+30_1788701812232_jf5m,DEL-BOM,EaseMyTrip,6E,6E-836,2026-10-03,T+30,5355,1175,6530,2026-09-03T02:32:06.524Z,FALSE,"",13:00,TRUE
fare_DEL-BOM_6E_2026-10-03_T+30_1788701812232_4gop,DEL-BOM,EaseMyTrip,6E,6E-309,2026-10-03,T+30,5355,1175,6530,2026-09-03T02:32:06.524Z,FALSE,"",08:45,TRUE
fare_DEL-BOM_6E_2026-10-03_T+30_1788701812232_23j8,DEL-BOM,EaseMyTrip,6E,6E-332,2026-10-03,T+30,5355,1175,6530,2026-09-03T02:32:06.524Z,FALSE,"",08:45,TRUE
fare_DEL-BOM_6E_2026-10-03_T+30_1788701812232_9u8h,DEL-BOM,EaseMyTrip,6E,6E-548,2026-10-03,T+30,5366,1178,6544,2026-09-03T02:32:06.524Z,FALSE,"",14:50,FALSE
fare_DEL-BOM_6E_2026-10-03_T+30_1788701812232_x7ui,DEL-BOM,EaseMyTrip,6E,6E-340,2026-10-03,T+30,5366,1178,6544,2026-09-03T02:32:06.524Z,FALSE,"",14:50,FALSE
fare_DEL-BOM_6E_2026-10-03_T+30_1788701812232_2v6o,DEL-BOM,EaseMyTrip,6E,6E-6983,2026-10-03,T+30,5381,1181,6562,2026-09-03T02:32:06.524Z,FALSE,"",15:35,FALSE
fare_DEL-BOM_6E_2026-10-03_T+30_1788701812232_sx9a,DEL-BOM,EaseMyTrip,6E,6E-449,2026-10-03,T+30,5484,1204,6688,2026-09-03T02:32:06.524Z,FALSE,"",21:45,TRUE
fare_DEL-BOM_6E_2026-10-03_T+30_1788701812232_9nkm,DEL-BOM,EaseMyTrip,6E,6E-633,2026-10-03,T+30,5484,1204,6688,2026-09-03T02:32:06.524Z,FALSE,"",21:45,TRUE
fare_DEL-BOM_6E_2026-10-03_T+30_1788701812232_1d9d,DEL-BOM,EaseMyTrip,6E,6E-940,2026-10-03,T+30,5484,1204,6688,2026-09-03T02:32:06.524Z,FALSE,"",20:45,TRUE
fare_DEL-BOM_6E_2026-10-03_T+30_1788701812232_qjca,DEL-BOM,EaseMyTrip,6E,6E-654,2026-10-03,T+30,5484,1204,6688,2026-09-03T02:32:06.524Z,FALSE,"",20:45,TRUE
fare_DEL-BOM_6E_2026-10-03_T+30_1788701812232_2j6j,DEL-BOM,EaseMyTrip,6E,6E-383,2026-10-03,T+30,5484,1204,6688,2026-09-03T02:32:06.524Z,FALSE,"",05:00,TRUE
fare_DEL-BOM_6E_2026-10-03_T+30_1788701812232_4wex,DEL-BOM,EaseMyTrip,6E,6E-177,2026-10-03,T+30,5484,1204,6688,2026-09-03T02:32:06.524Z,FALSE,"",05:00,TRUE
fare_DEL-BOM_6E_2026-10-03_T+30_1788701812232_96fb,DEL-BOM,EaseMyTrip,6E,6E-6218,2026-10-03,T+30,5484,1204,6688,2026-09-03T02:32:06.524Z,FALSE,"",06:05,TRUE
fare_DEL-BOM_6E_2026-10-03_T+30_1788701812232_jp0e,DEL-BOM,EaseMyTrip,6E,6E-5138,2026-10-03,T+30,5488,1205,6693,2026-09-03T02:32:06.524Z,FALSE,"",19:10,FALSE
fare_DEL-BOM_6E_2026-10-03_T+30_1788701812232_lzx7,DEL-BOM,EaseMyTrip,6E,6E-6459,2026-10-03,T+30,5488,1205,6693,2026-09-03T02:32:06.524Z,FALSE,"",05:55,FALSE
fare_DEL-BOM_AI_2026-10-03_T+30_1788701812232_cvuf,DEL-BOM,EaseMyTrip,AI,AI-2678,2026-10-03,T+30,5740,1260,7000,2026-09-03T02:32:06.524Z,FALSE,"",08:30,TRUE
fare_DEL-BOM_AI_2026-10-03_T+30_1788701812232_rbl0,DEL-BOM,EaseMyTrip,AI,AI-2963,2026-10-03,T+30,5740,1260,7000,2026-09-03T02:32:06.524Z,FALSE,"",09:00,TRUE
fare_DEL-BOM_AI_2026-10-03_T+30_1788701812232_kaxl,DEL-BOM,EaseMyTrip,AI,AI-2425,2026-10-03,T+30,5740,1260,7000,2026-09-03T02:32:06.524Z,FALSE,"",10:30,TRUE
fare_DEL-BOM_AI_2026-10-03_T+30_1788701812232_gnl9,DEL-BOM,EaseMyTrip,AI,AI-2995,2026-10-03,T+30,5740,1260,7000,2026-09-03T02:32:06.524Z,FALSE,"",10:00,TRUE
fare_DEL-BOM_AI_2026-10-03_T+30_1788701812232_bzx3,DEL-BOM,EaseMyTrip,AI,AI-2945,2026-10-03,T+30,5740,1260,7000,2026-09-03T02:32:06.524Z,FALSE,"",11:00,TRUE
fare_DEL-BOM_AI_2026-10-03_T+30_1788701812232_tnnb,DEL-BOM,EaseMyTrip,AI,AI-2441,2026-10-03,T+30,5740,1260,7000,2026-09-03T02:32:06.524Z,FALSE,"",14:10,TRUE
fare_DEL-BOM_AI_2026-10-03_T+30_1788701812232_igb9,DEL-BOM,EaseMyTrip,AI,AI-441,2026-10-03,T+30,5740,1260,7000,2026-09-03T02:32:06.524Z,FALSE,"",17:00,TRUE
fare_DEL-BOM_AI_2026-10-03_T+30_1788701812232_y858,DEL-BOM,EaseMyTrip,AI,AI-2957,2026-10-03,T+30,5740,1260,7000,2026-09-03T02:32:06.524Z,FALSE,"",20:30,TRUE
fare_DEL-BOM_AI_2026-10-03_T+30_1788701812232_sdgh,DEL-BOM,EaseMyTrip,AI,AI-1780,2026-10-03,T+30,5740,1260,7000,2026-09-03T02:32:06.524Z,FALSE,"",14:30,TRUE
fare_DEL-BOM_6E_2026-10-03_T+30_1788701812232_liy5,DEL-BOM,EaseMyTrip,6E,6E-391,2026-10-03,T+30,5656,1242,6898,2026-09-03T02:32:06.524Z,FALSE,"",16:15,TRUE
fare_DEL-BOM_6E_2026-10-03_T+30_1788701812232_t20k,DEL-BOM,EaseMyTrip,6E,6E-286,2026-10-03,T+30,5656,1242,6898,2026-09-03T02:32:06.524Z,FALSE,"",16:15,TRUE
fare_DEL-BOM_AI_2026-10-03_T+30_1788701812232_lmlx,DEL-BOM,EaseMyTrip,AI,AI-2975,2026-10-03,T+30,5870,1289,7159,2026-09-03T02:32:06.524Z,FALSE,"",06:30,TRUE
fare_DEL-BOM_AI_2026-10-03_T+30_1788701812232_hsu2,DEL-BOM,EaseMyTrip,AI,AI-2981,2026-10-03,T+30,5870,1289,7159,2026-09-03T02:32:06.524Z,FALSE,"",21:00,TRUE
fare_DEL-BOM_AI_2026-10-03_T+30_1788701812232_pkel,DEL-BOM,EaseMyTrip,AI,AI-1745,2026-10-03,T+30,5870,1289,7159,2026-09-03T02:32:06.524Z,FALSE,"",05:00,TRUE
fare_DEL-BOM_AI_2026-10-03_T+30_1788701812232_l4ru,DEL-BOM,EaseMyTrip,AI,AI-2985,2026-10-03,T+30,5882,1291,7173,2026-09-03T02:32:06.524Z,FALSE,"",19:30,TRUE
fare_DEL-BOM_AI_2026-10-03_T+30_1788701812232_96su,DEL-BOM,EaseMyTrip,AI,AI-1777,2026-10-03,T+30,5882,1291,7173,2026-09-03T02:32:06.524Z,FALSE,"",16:00,TRUE
fare_DEL-BOM_AI_2026-10-03_T+30_1788701812232_htgb,DEL-BOM,EaseMyTrip,AI,AI-2943,2026-10-03,T+30,5882,1291,7173,2026-09-03T02:32:06.524Z,FALSE,"",07:30,TRUE
fare_DEL-BOM_IX_2026-10-03_T+30_1788701812232_mwcv,DEL-BOM,EaseMyTrip,IX,IX-1049,2026-10-03,T+30,6339,1391,7730,2026-09-03T02:32:06.524Z,FALSE,"",18:40,FALSE
fare_DEL-BOM_6E_2026-10-03_T+30_1788701812232_s8pb,DEL-BOM,EaseMyTrip,6E,6E-5014,2026-10-03,T+30,5806,1274,7080,2026-09-03T02:32:06.524Z,FALSE,"",18:30,FALSE
fare_DEL-BOM_6E_2026-10-03_T+30_1788701812232_qaee,DEL-BOM,EaseMyTrip,6E,6E-6171,2026-10-03,T+30,5806,1274,7080,2026-09-03T02:32:06.524Z,FALSE,"",05:40,FALSE
fare_DEL-BOM_6E_2026-10-03_T+30_1788701812232_sv2m,DEL-BOM,EaseMyTrip,6E,6E-377,2026-10-03,T+30,5806,1274,7080,2026-09-03T02:32:06.524Z,FALSE,"",19:30,FALSE
fare_DEL-BOM_6E_2026-10-03_T+30_1788701812232_q5ki,DEL-BOM,EaseMyTrip,6E,6E-662,2026-10-03,T+30,5806,1274,7080,2026-09-03T02:32:06.524Z,FALSE,"",19:30,FALSE
fare_DEL-BOM_AI_2026-10-03_T+30_1788701812232_erv3,DEL-BOM,EaseMyTrip,AI,AI-2439,2026-10-03,T+30,5977,1312,7289,2026-09-03T02:32:06.524Z,FALSE,"",23:00,TRUE
fare_DEL-BOM_AI_2026-10-03_T+30_1788701812232_4to7,DEL-BOM,EaseMyTrip,AI,AI-2433,2026-10-03,T+30,6016,1321,7337,2026-09-03T02:32:06.524Z,FALSE,"",21:30,TRUE
fare_DEL-BOM_AI_2026-10-03_T+30_1788701812232_cmjx,DEL-BOM,EaseMyTrip,AI,AI-2977,2026-10-03,T+30,6025,1322,7347,2026-09-03T02:32:06.524Z,FALSE,"",19:00,TRUE
fare_DEL-BOM_6E_2026-10-03_T+30_1788701812232_654u,DEL-BOM,EaseMyTrip,6E,6E-2571,2026-10-03,T+30,5863,1287,7150,2026-09-03T02:32:06.524Z,FALSE,"",12:30,FALSE
fare_DEL-BOM_6E_2026-10-03_T+30_1788701812232_y6pf,DEL-BOM,EaseMyTrip,6E,6E-6676,2026-10-03,T+30,5871,1289,7160,2026-09-03T02:32:06.524Z,FALSE,"",12:00,TRUE
fare_DEL-BOM_AI_2026-10-03_T+30_1788701812232_h9gd,DEL-BOM,EaseMyTrip,AI,AI-1785,2026-10-03,T+30,6043,1326,7369,2026-09-03T02:32:06.524Z,FALSE,"",12:00,TRUE
fare_DEL-BOM_AI_2026-10-03_T+30_1788701812232_6uia,DEL-BOM,EaseMyTrip,AI,AI-2927,2026-10-03,T+30,6043,1326,7369,2026-09-03T02:32:06.524Z,FALSE,"",09:30,TRUE
fare_DEL-BOM_6E_2026-10-03_T+30_1788701812232_18ca,DEL-BOM,EaseMyTrip,6E,6E-330,2026-10-03,T+30,5914,1298,7212,2026-09-03T02:32:06.524Z,FALSE,"",20:20,TRUE
fare_DEL-BOM_6E_2026-10-03_T+30_1788701812232_zyrz,DEL-BOM,EaseMyTrip,6E,6E-136,2026-10-03,T+30,5914,1298,7212,2026-09-03T02:32:06.524Z,FALSE,"",20:20,TRUE
fare_DEL-BOM_6E_2026-10-03_T+30_1788701812232_0yqj,DEL-BOM,EaseMyTrip,6E,6E-6829,2026-10-03,T+30,5914,1298,7212,2026-09-03T02:32:06.524Z,FALSE,"",17:20,FALSE
fare_DEL-BOM_6E_2026-10-03_T+30_1788701812232_yumu,DEL-BOM,EaseMyTrip,6E,6E-6443,2026-10-03,T+30,5914,1298,7212,2026-09-03T02:32:06.524Z,FALSE,"",09:00,FALSE
fare_DEL-BOM_6E_2026-10-03_T+30_1788701812232_wj8f,DEL-BOM,EaseMyTrip,6E,6E-6433,2026-10-03,T+30,5914,1298,7212,2026-09-03T02:32:06.524Z,FALSE,"",16:30,FALSE
fare_DEL-BOM_6E_2026-10-03_T+30_1788701812232_unia,DEL-BOM,EaseMyTrip,6E,6E-6601,2026-10-03,T+30,6086,1336,7422,2026-09-03T02:32:06.524Z,FALSE,"",19:45,FALSE
fare_DEL-BOM_6E_2026-10-03_T+30_1788701812232_ab3u,DEL-BOM,EaseMyTrip,6E,6E-6026,2026-10-03,T+30,6086,1336,7422,2026-09-03T02:32:06.524Z,FALSE,"",05:30,FALSE
fare_DEL-BOM_6E_2026-10-03_T+30_1788701812232_mi38,DEL-BOM,EaseMyTrip,6E,6E-472,2026-10-03,T+30,6086,1336,7422,2026-09-03T02:32:06.524Z,FALSE,"",23:15,FALSE
fare_DEL-BOM_6E_2026-10-03_T+30_1788701812232_z8vj,DEL-BOM,EaseMyTrip,6E,6E-134,2026-10-03,T+30,6086,1336,7422,2026-09-03T02:32:06.524Z,FALSE,"",23:15,FALSE
fare_DEL-BOM_6E_2026-10-03_T+30_1788701812232_7u0m,DEL-BOM,EaseMyTrip,6E,6E-6107,2026-10-03,T+30,6130,1345,7475,2026-09-03T02:32:06.524Z,FALSE,"",09:30,TRUE
fare_DEL-BOM_6E_2026-10-03_T+30_1788701812232_slzv,DEL-BOM,EaseMyTrip,6E,6E-667,2026-10-03,T+30,6150,1350,7500,2026-09-03T02:32:06.524Z,FALSE,"",12:10,FALSE
fare_DEL-BOM_6E_2026-10-03_T+30_1788701812232_x2jb,DEL-BOM,EaseMyTrip,6E,6E-615,2026-10-03,T+30,6150,1350,7500,2026-09-03T02:32:06.524Z,FALSE,"",12:10,FALSE
fare_DEL-BOM_6E_2026-10-03_T+30_1788701812232_qh1j,DEL-BOM,EaseMyTrip,6E,6E-5073,2026-10-03,T+30,6273,1377,7650,2026-09-03T02:32:06.524Z,FALSE,"",17:05,FALSE
fare_DEL-BOM_AI_2026-10-03_T+30_1788701812232_8ntn,DEL-BOM,EaseMyTrip,AI,AI-2933,2026-10-03,T+30,6515,1430,7945,2026-09-03T02:32:06.524Z,FALSE,"",15:30,TRUE
fare_DEL-BOM_6E_2026-10-03_T+30_1788701812232_vufb,DEL-BOM,EaseMyTrip,6E,6E-5198,2026-10-03,T+30,6848,1503,8351,2026-09-03T02:32:06.524Z,FALSE,"",15:00,TRUE
fare_DEL-BOM_6E_2026-10-03_T+30_1788701812232_mkjs,DEL-BOM,EaseMyTrip,6E,6E-5038,2026-10-03,T+30,6959,1527,8486,2026-09-03T02:32:06.524Z,FALSE,"",14:00,FALSE
fare_DEL-BOM_6E_2026-10-03_T+30_1788701812232_ed95,DEL-BOM,EaseMyTrip,6E,6E-129,2026-10-03,T+30,7034,1544,8578,2026-09-03T02:32:06.524Z,FALSE,"",18:00,TRUE
fare_DEL-BOM_6E_2026-10-03_T+30_1788701812232_qn6x,DEL-BOM,EaseMyTrip,6E,6E-501,2026-10-03,T+30,7034,1544,8578,2026-09-03T02:32:06.524Z,FALSE,"",18:00,TRUE
fare_DEL-BOM_6E_2026-10-03_T+30_1788701812232_2ixi,DEL-BOM,EaseMyTrip,6E,6E-605,2026-10-03,T+30,7067,1551,8618,2026-09-03T02:32:06.524Z,FALSE,"",02:25,FALSE
fare_DEL-BOM_6E_2026-10-03_T+30_1788701812232_zhjt,DEL-BOM,EaseMyTrip,6E,6E-627,2026-10-03,T+30,7067,1551,8618,2026-09-03T02:32:06.524Z,FALSE,"",02:25,FALSE
fare_DEL-BOM_6E_2026-10-03_T+30_1788701812232_xz5b,DEL-BOM,EaseMyTrip,6E,6E-6814,2026-10-03,T+30,7464,1639,9103,2026-09-03T02:32:06.524Z,FALSE,"",07:15,TRUE
fare_DEL-BOM_IX_2026-10-03_T+30_1788701812232_yv9w,DEL-BOM,EaseMyTrip,IX,IX-2749,2026-10-03,T+30,8189,1797,9986,2026-09-03T02:32:06.524Z,FALSE,"",10:25,FALSE
fare_DEL-BOM_AI_2026-10-03_T+30_1788701812232_xb3m,DEL-BOM,EaseMyTrip,AI,AI-2429,2026-10-03,T+30,8190,1798,9988,2026-09-03T02:32:06.524Z,FALSE,"",07:00,TRUE
fare_DEL-BOM_AI_2026-10-03_T+30_1788701812232_htzf,DEL-BOM,EaseMyTrip,AI,AI-2951,2026-10-03,T+30,8407,1845,10252,2026-09-03T02:32:06.524Z,FALSE,"",13:30,TRUE
fare_DEL-BOM_IX_2026-10-03_T+30_1788701812232_mfob,DEL-BOM,EaseMyTrip,IX,IX-1783,2026-10-03,T+30,8963,1967,10930,2026-09-03T02:32:06.524Z,FALSE,"",07:20,FALSE
fare_DEL-BOM_IX_2026-10-03_T+30_1788701812232_hz0m,DEL-BOM,EaseMyTrip,IX,IX-1057,2026-10-03,T+30,8963,1967,10930,2026-09-03T02:32:06.524Z,FALSE,"",06:20,FALSE
fare_DEL-BOM_AI_2026-10-03_T+30_1788701812232_j2t0,DEL-BOM,EaseMyTrip,AI,AI-2499,2026-10-03,T+30,8603,1888,10491,2026-09-03T02:32:06.524Z,FALSE,"",06:00,FALSE
fare_DEL-BOM_AI_2026-10-03_T+30_1788701812232_wja9,DEL-BOM,EaseMyTrip,AI,AI-2569,2026-10-03,T+30,8603,1888,10491,2026-09-03T02:32:06.524Z,FALSE,"",20:30,FALSE
fare_DEL-BOM_AI_2026-10-03_T+30_1788701812232_8915,DEL-BOM,EaseMyTrip,AI,AI-1710,2026-10-03,T+30,8603,1888,10491,2026-09-03T02:32:06.524Z,FALSE,"",18:35,FALSE
fare_DEL-BOM_AI_2026-10-03_T+30_1788701812232_xukg,DEL-BOM,EaseMyTrip,AI,AI-2955,2026-10-03,T+30,8621,1893,10514,2026-09-03T02:32:06.524Z,FALSE,"",18:00,TRUE
fare_DEL-BOM_AI_2026-10-03_T+30_1788701812232_sbhc,DEL-BOM,EaseMyTrip,AI,AI-1717,2026-10-03,T+30,8735,1917,10652,2026-09-03T02:32:06.524Z,FALSE,"",14:20,FALSE
fare_DEL-BOM_IX_2026-10-03_T+30_1788701812232_8rkn,DEL-BOM,EaseMyTrip,IX,IX-1082,2026-10-03,T+30,9752,2141,11893,2026-09-03T02:32:06.524Z,FALSE,"",21:25,FALSE
fare_DEL-BOM_IX_2026-10-03_T+30_1788701812232_sjce,DEL-BOM,EaseMyTrip,IX,IX-1817,2026-10-03,T+30,9752,2141,11893,2026-09-03T02:32:06.524Z,FALSE,"",19:30,FALSE
fare_DEL-BOM_IX_2026-10-03_T+30_1788701812232_1aa5,DEL-BOM,EaseMyTrip,IX,IX-1059,2026-10-03,T+30,9783,2147,11930,2026-09-03T02:32:06.524Z,FALSE,"",12:15,FALSE
fare_DEL-BOM_AI_2026-10-03_T+30_1788701812232_bn4t,DEL-BOM,EaseMyTrip,AI,AI-2509,2026-10-03,T+30,9569,2101,11670,2026-09-03T02:32:06.524Z,FALSE,"",07:00,FALSE
fare_DEL-BOM_IX_2026-10-03_T+30_1788701812232_q2j4,DEL-BOM,EaseMyTrip,IX,IX-1070,2026-10-03,T+30,9929,2179,12108,2026-09-03T02:32:06.524Z,FALSE,"",21:15,FALSE
fare_DEL-BOM_IX_2026-10-03_T+30_1788701812232_n97x,DEL-BOM,EaseMyTrip,IX,IX-1068,2026-10-03,T+30,10871,2386,13257,2026-09-03T02:32:06.524Z,FALSE,"",11:55,FALSE
fare_DEL-BOM_QP_2026-10-03_T+30_1788701812232_ssuw,DEL-BOM,EaseMyTrip,QP,QP-1822,2026-10-03,T+30,10127,2223,12350,2026-09-03T02:32:06.524Z,FALSE,"",16:40,FALSE
fare_DEL-BOM_QP_2026-10-03_T+30_1788701812232_37qg,DEL-BOM,EaseMyTrip,QP,QP-1817,2026-10-03,T+30,10366,2275,12641,2026-09-03T02:32:06.524Z,FALSE,"",10:30,FALSE
fare_DEL-BOM_IX_2026-10-03_T+30_1788701812232_sr3c,DEL-BOM,EaseMyTrip,IX,IX-1064,2026-10-03,T+30,11012,2417,13429,2026-09-03T02:32:06.524Z,FALSE,"",19:10,FALSE
fare_DEL-BOM_AI_2026-10-03_T+30_1788701812232_npwl,DEL-BOM,EaseMyTrip,AI,AI-9757,2026-10-03,T+30,10584,2323,12907,2026-09-03T02:32:06.524Z,FALSE,"",11:50,FALSE
fare_DEL-BOM_AI_2026-10-03_T+30_1788701812232_klx3,DEL-BOM,EaseMyTrip,AI,AI-9759,2026-10-03,T+30,10584,2323,12907,2026-09-03T02:32:06.524Z,FALSE,"",06:00,FALSE
fare_DEL-BOM_AI_2026-10-03_T+30_1788701812232_iuz1,DEL-BOM,EaseMyTrip,AI,AI-9418,2026-10-03,T+30,11036,2422,13458,2026-09-03T02:32:06.524Z,FALSE,"",13:10,FALSE
fare_DEL-BOM_AI_2026-10-03_T+30_1788701812232_3or5,DEL-BOM,EaseMyTrip,AI,AI-2715,2026-10-03,T+30,11186,2455,13641,2026-09-03T02:32:06.524Z,FALSE,"",11:40,FALSE
fare_DEL-BOM_AI_2026-10-03_T+30_1788701812232_rjoq,DEL-BOM,EaseMyTrip,AI,AI-2959,2026-10-03,T+30,11186,2455,13641,2026-09-03T02:32:06.524Z,FALSE,"",07:10,FALSE
fare_DEL-BOM_AI_2026-10-03_T+30_1788701812232_moda,DEL-BOM,EaseMyTrip,AI,AI-423,2026-10-03,T+30,11186,2455,13641,2026-09-03T02:32:06.524Z,FALSE,"",09:50,FALSE
fare_DEL-BOM_AI_2026-10-03_T+30_1788701812232_pelf,DEL-BOM,EaseMyTrip,AI,AI-809,2026-10-03,T+30,11273,2475,13748,2026-09-03T02:32:06.524Z,FALSE,"",17:40,FALSE
fare_DEL-BOM_AI_2026-10-03_T+30_1788701812232_rmrb,DEL-BOM,EaseMyTrip,AI,AI-2939,2026-10-03,T+30,11273,2475,13748,2026-09-03T02:32:06.524Z,FALSE,"",16:40,FALSE
fare_DEL-BOM_AI_2026-10-03_T+30_1788701812232_u2p6,DEL-BOM,EaseMyTrip,AI,AI-881,2026-10-03,T+30,11273,2475,13748,2026-09-03T02:32:06.524Z,FALSE,"",13:35,FALSE
fare_DEL-BOM_AI_2026-10-03_T+30_1788701812232_c0tz,DEL-BOM,EaseMyTrip,AI,AI-1705,2026-10-03,T+30,11766,2583,14349,2026-09-03T02:32:06.524Z,FALSE,"",06:30,FALSE
fare_DEL-BOM_AI_2026-10-03_T+30_1788701812232_p8ow,DEL-BOM,EaseMyTrip,AI,AI-9920,2026-10-03,T+30,11784,2587,14371,2026-09-03T02:32:06.524Z,FALSE,"",10:50,FALSE
fare_DEL-BOM_AI_2026-10-03_T+30_1788701812232_zdus,DEL-BOM,EaseMyTrip,AI,AI-2537,2026-10-03,T+30,12630,2772,15402,2026-09-03T02:32:06.524Z,FALSE,"",17:30,FALSE
fare_DEL-BOM_AI_2026-10-03_T+30_1788701812232_3yhp,DEL-BOM,EaseMyTrip,AI,AI-885,2026-10-03,T+30,12761,2801,15562,2026-09-03T02:32:06.524Z,FALSE,"",07:25,FALSE
fare_DEL-BOM_AI_2026-10-03_T+30_1788701812232_yu7r,DEL-BOM,EaseMyTrip,AI,AI-9584,2026-10-03,T+30,12908,2833,15741,2026-09-03T02:32:06.524Z,FALSE,"",11:15,FALSE
fare_DEL-BOM_AI_2026-10-03_T+30_1788701812232_m1hv,DEL-BOM,EaseMyTrip,AI,AI-1743,2026-10-03,T+30,13065,2868,15933,2026-09-03T02:32:06.524Z,FALSE,"",06:15,FALSE
fare_DEL-BOM_QP_2026-10-03_T+30_1788701812232_l8a0,DEL-BOM,EaseMyTrip,QP,QP-1803,2026-10-03,T+30,13478,2959,16437,2026-09-03T02:32:06.524Z,TRUE,"High outlier: ₹16437 > upper fence ₹16433 (Q3: ₹10491, IQR: ₹3961)",17:00,FALSE
fare_DEL-BOM_AI_2026-10-03_T+30_1788701812232_huio,DEL-BOM,EaseMyTrip,AI,AI-2515,2026-10-03,T+30,14147,3105,17252,2026-09-03T02:32:06.524Z,TRUE,"High outlier: ₹17252 > upper fence ₹16433 (Q3: ₹10491, IQR: ₹3961)",12:10,FALSE
fare_DEL-BOM_AI_2026-10-03_T+30_1788701812232_5gvs,DEL-BOM,EaseMyTrip,AI,AI-1773,2026-10-03,T+30,14497,3182,17679,2026-09-03T02:32:06.524Z,TRUE,"High outlier: ₹17679 > upper fence ₹16433 (Q3: ₹10491, IQR: ₹3961)",10:30,FALSE
fare_DEL-BOM_AI_2026-10-03_T+30_1788701812232_t45t,DEL-BOM,EaseMyTrip,AI,AI-1703,2026-10-03,T+30,14497,3182,17679,2026-09-03T02:32:06.524Z,TRUE,"High outlier: ₹17679 > upper fence ₹16433 (Q3: ₹10491, IQR: ₹3961)",05:10,FALSE
fare_DEL-BOM_AI_2026-10-03_T+30_1788701812232_cx0t,DEL-BOM,EaseMyTrip,AI,AI-2577,2026-10-03,T+30,14577,3200,17777,2026-09-03T02:32:06.524Z,TRUE,"High outlier: ₹17777 > upper fence ₹16433 (Q3: ₹10491, IQR: ₹3961)",02:00,FALSE
fare_DEL-BOM_AI_2026-10-03_T+30_1788701812232_8nsv,DEL-BOM,EaseMyTrip,AI,AI-2859,2026-10-03,T+30,14577,3200,17777,2026-09-03T02:32:06.524Z,TRUE,"High outlier: ₹17777 > upper fence ₹16433 (Q3: ₹10491, IQR: ₹3961)",10:30,FALSE
fare_DEL-BOM_AI_2026-10-03_T+30_1788701812232_ttqj,DEL-BOM,EaseMyTrip,AI,AI-2465,2026-10-03,T+30,14880,3266,18146,2026-09-03T02:32:06.524Z,TRUE,"High outlier: ₹18146 > upper fence ₹16433 (Q3: ₹10491, IQR: ₹3961)",14:30,FALSE
fare_DEL-BOM_AI_2026-10-03_T+30_1788701812232_s976,DEL-BOM,EaseMyTrip,AI,AI-2761,2026-10-03,T+30,15193,3335,18528,2026-09-03T02:32:06.524Z,TRUE,"High outlier: ₹18528 > upper fence ₹16433 (Q3: ₹10491, IQR: ₹3961)",16:25,FALSE
fare_DEL-BOM_AI_2026-10-03_T+30_1788701812232_cbex,DEL-BOM,EaseMyTrip,AI,AI-2817,2026-10-03,T+30,16609,3646,20255,2026-09-03T02:32:06.524Z,TRUE,"High outlier: ₹20255 > upper fence ₹16433 (Q3: ₹10491, IQR: ₹3961)",16:30,FALSE
fare_DEL-BOM_AI_2026-10-03_T+30_1788701812232_49ze,DEL-BOM,EaseMyTrip,AI,AI-427,2026-10-03,T+30,16653,3656,20309,2026-09-03T02:32:06.524Z,TRUE,"High outlier: ₹20309 > upper fence ₹16433 (Q3: ₹10491, IQR: ₹3961)",08:30,FALSE
fare_DEL-BOM_AI_2026-10-03_T+30_1788701812232_blnj,DEL-BOM,EaseMyTrip,AI,AI-2803,2026-10-03,T+30,16672,3660,20332,2026-09-03T02:32:06.524Z,TRUE,"High outlier: ₹20332 > upper fence ₹16433 (Q3: ₹10491, IQR: ₹3961)",06:30,FALSE
fare_DEL-BOM_AI_2026-10-03_T+30_1788701812232_dmyi,DEL-BOM,EaseMyTrip,AI,AI-1739,2026-10-03,T+30,17263,3790,21053,2026-09-03T02:32:06.524Z,TRUE,"High outlier: ₹21053 > upper fence ₹16433 (Q3: ₹10491, IQR: ₹3961)",11:30,FALSE
fare_DEL-BOM_AI_2026-10-03_T+30_1788701812232_tobh,DEL-BOM,EaseMyTrip,AI,AI-2819,2026-10-03,T+30,19921,4373,24294,2026-09-03T02:32:06.524Z,TRUE,"High outlier: ₹24294 > upper fence ₹16433 (Q3: ₹10491, IQR: ₹3961)",15:00,FALSE
fare_DEL-BOM_AI_2026-10-03_T+30_1788701812232_x38s,DEL-BOM,EaseMyTrip,AI,AI-2627,2026-10-03,T+30,20725,4549,25274,2026-09-03T02:32:06.524Z,TRUE,"High outlier: ₹25274 > upper fence ₹16433 (Q3: ₹10491, IQR: ₹3961)",10:45,FALSE
fare_DEL-BOM_AI_2026-10-03_T+30_1788701812232_ja7f,DEL-BOM,EaseMyTrip,AI,AI-1779,2026-10-03,T+30,21138,4640,25778,2026-09-03T02:32:06.524Z,TRUE,"High outlier: ₹25778 > upper fence ₹16433 (Q3: ₹10491, IQR: ₹3961)",13:45,FALSE
fare_DEL-BOM_AI_2026-10-03_T+30_1788701812232_evzo,DEL-BOM,EaseMyTrip,AI,AI-2907,2026-10-03,T+30,21529,4726,26255,2026-09-03T02:32:06.524Z,TRUE,"High outlier: ₹26255 > upper fence ₹16433 (Q3: ₹10491, IQR: ₹3961)",12:00,FALSE
fare_DEL-BOM_6E_2026-10-03_T+30_1788701812232_smc7,DEL-BOM,EaseMyTrip,6E,6E-5298,2026-10-03,T+30,22329,4902,27231,2026-09-03T02:32:06.524Z,TRUE,"High outlier: ₹27231 > upper fence ₹16433 (Q3: ₹10491, IQR: ₹3961)",09:00,FALSE
fare_DEL-BOM_SG_2026-10-03_T+30_1788701812233_oal6,DEL-BOM,EaseMyTrip,SG,SG-211,2026-10-03,T+30,5222,1146,6368,2026-09-03T21:14:05.014Z,FALSE,"",09:15,TRUE
fare_DEL-BOM_SG_2026-10-03_T+30_1788701812233_xem4,DEL-BOM,EaseMyTrip,SG,SG-612,2026-10-03,T+30,5222,1146,6368,2026-09-03T21:14:05.014Z,FALSE,"",09:15,TRUE
fare_DEL-BOM_SG_2026-10-03_T+30_1788701812233_e4pj,DEL-BOM,EaseMyTrip,SG,SG-232,2026-10-03,T+30,5222,1146,6368,2026-09-03T21:14:05.014Z,FALSE,"",22:30,TRUE
fare_DEL-BOM_SG_2026-10-03_T+30_1788701812233_a62q,DEL-BOM,EaseMyTrip,SG,SG-932,2026-10-03,T+30,5222,1146,6368,2026-09-03T21:14:05.014Z,FALSE,"",22:30,TRUE
fare_DEL-BOM_6E_2026-10-03_T+30_1788701812233_1tjz,DEL-BOM,EaseMyTrip,6E,6E-205,2026-10-03,T+30,4998,1097,6095,2026-09-03T21:14:05.014Z,FALSE,"",14:50,FALSE
fare_DEL-BOM_6E_2026-10-03_T+30_1788701812233_bfyo,DEL-BOM,EaseMyTrip,6E,6E-793,2026-10-03,T+30,4998,1097,6095,2026-09-03T21:14:05.014Z,FALSE,"",14:50,FALSE
fare_DEL-BOM_6E_2026-10-03_T+30_1788701812233_k683,DEL-BOM,EaseMyTrip,6E,6E-814,2026-10-03,T+30,5166,1134,6300,2026-09-03T21:14:05.014Z,FALSE,"",16:10,FALSE
fare_DEL-BOM_6E_2026-10-03_T+30_1788701812233_08f7,DEL-BOM,EaseMyTrip,6E,6E-173,2026-10-03,T+30,5166,1134,6300,2026-09-03T21:14:05.014Z,FALSE,"",16:10,FALSE
fare_DEL-BOM_6E_2026-10-03_T+30_1788701812233_o8em,DEL-BOM,EaseMyTrip,6E,6E-982,2026-10-03,T+30,5274,1158,6432,2026-09-03T21:14:05.014Z,FALSE,"",17:55,FALSE
fare_DEL-BOM_6E_2026-10-03_T+30_1788701812233_5wk8,DEL-BOM,EaseMyTrip,6E,6E-776,2026-10-03,T+30,5274,1158,6432,2026-09-03T21:14:05.014Z,FALSE,"",17:55,FALSE
fare_DEL-BOM_6E_2026-10-03_T+30_1788701812233_4aik,DEL-BOM,EaseMyTrip,6E,6E-225,2026-10-03,T+30,5274,1158,6432,2026-09-03T21:14:05.014Z,FALSE,"",02:25,FALSE
fare_DEL-BOM_6E_2026-10-03_T+30_1788701812233_hh54,DEL-BOM,EaseMyTrip,6E,6E-260,2026-10-03,T+30,5274,1158,6432,2026-09-03T21:14:05.014Z,FALSE,"",02:25,FALSE
fare_DEL-BOM_6E_2026-10-03_T+30_1788701812233_21yv,DEL-BOM,EaseMyTrip,6E,6E-317,2026-10-03,T+30,5274,1158,6432,2026-09-03T21:14:05.014Z,FALSE,"",08:30,FALSE
fare_DEL-BOM_6E_2026-10-03_T+30_1788701812233_wjtr,DEL-BOM,EaseMyTrip,6E,6E-221,2026-10-03,T+30,5355,1175,6530,2026-09-03T21:14:05.014Z,FALSE,"",03:00,TRUE
fare_DEL-BOM_6E_2026-10-03_T+30_1788701812233_b90w,DEL-BOM,EaseMyTrip,6E,6E-859,2026-10-03,T+30,5355,1175,6530,2026-09-03T21:14:05.014Z,FALSE,"",20:00,TRUE
fare_DEL-BOM_6E_2026-10-03_T+30_1788701812233_5s2o,DEL-BOM,EaseMyTrip,6E,6E-907,2026-10-03,T+30,5355,1175,6530,2026-09-03T21:14:05.014Z,FALSE,"",20:00,TRUE
fare_DEL-BOM_6E_2026-10-03_T+30_1788701812233_gbj2,DEL-BOM,EaseMyTrip,6E,6E-799,2026-10-03,T+30,5355,1175,6530,2026-09-03T21:14:05.014Z,FALSE,"",19:00,TRUE
fare_DEL-BOM_6E_2026-10-03_T+30_1788701812233_oxhm,DEL-BOM,EaseMyTrip,6E,6E-403,2026-10-03,T+30,5355,1175,6530,2026-09-03T21:14:05.014Z,FALSE,"",08:00,TRUE
fare_DEL-BOM_6E_2026-10-03_T+30_1788701812233_er1y,DEL-BOM,EaseMyTrip,6E,6E-819,2026-10-03,T+30,5355,1175,6530,2026-09-03T21:14:05.014Z,FALSE,"",08:00,TRUE
fare_DEL-BOM_6E_2026-10-03_T+30_1788701812233_ie3l,DEL-BOM,EaseMyTrip,6E,6E-345,2026-10-03,T+30,5355,1175,6530,2026-09-03T21:14:05.014Z,FALSE,"",13:00,TRUE
fare_DEL-BOM_6E_2026-10-03_T+30_1788701812233_nj0i,DEL-BOM,EaseMyTrip,6E,6E-702,2026-10-03,T+30,5355,1175,6530,2026-09-03T21:14:05.014Z,FALSE,"",13:00,TRUE
fare_DEL-BOM_6E_2026-10-03_T+30_1788701812233_e3x5,DEL-BOM,EaseMyTrip,6E,6E-344,2026-10-03,T+30,5355,1175,6530,2026-09-03T21:14:05.014Z,FALSE,"",08:45,TRUE
fare_DEL-BOM_6E_2026-10-03_T+30_1788701812233_kj66,DEL-BOM,EaseMyTrip,6E,6E-756,2026-10-03,T+30,5355,1175,6530,2026-09-03T21:14:05.014Z,FALSE,"",08:45,TRUE
fare_DEL-BOM_6E_2026-10-03_T+30_1788701812233_j0zn,DEL-BOM,EaseMyTrip,6E,6E-931,2026-10-03,T+30,5484,1204,6688,2026-09-03T21:14:05.014Z,FALSE,"",21:45,TRUE
fare_DEL-BOM_6E_2026-10-03_T+30_1788701812233_ucee,DEL-BOM,EaseMyTrip,6E,6E-672,2026-10-03,T+30,5484,1204,6688,2026-09-03T21:14:05.014Z,FALSE,"",21:45,TRUE
fare_DEL-BOM_6E_2026-10-03_T+30_1788701812233_kjcg,DEL-BOM,EaseMyTrip,6E,6E-373,2026-10-03,T+30,5484,1204,6688,2026-09-03T21:14:05.014Z,FALSE,"",16:15,TRUE
fare_DEL-BOM_6E_2026-10-03_T+30_1788701812233_0e5p,DEL-BOM,EaseMyTrip,6E,6E-871,2026-10-03,T+30,5484,1204,6688,2026-09-03T21:14:05.014Z,FALSE,"",16:15,TRUE
fare_DEL-BOM_6E_2026-10-03_T+30_1788701812233_ndlc,DEL-BOM,EaseMyTrip,6E,6E-642,2026-10-03,T+30,5484,1204,6688,2026-09-03T21:14:05.014Z,FALSE,"",15:30,TRUE
fare_DEL-BOM_6E_2026-10-03_T+30_1788701812233_mm6j,DEL-BOM,EaseMyTrip,6E,6E-704,2026-10-03,T+30,5484,1204,6688,2026-09-03T21:14:05.014Z,FALSE,"",15:30,TRUE
fare_DEL-BOM_6E_2026-10-03_T+30_1788701812233_os11,DEL-BOM,EaseMyTrip,6E,6E-176,2026-10-03,T+30,5484,1204,6688,2026-09-03T21:14:05.014Z,FALSE,"",05:00,TRUE
fare_DEL-BOM_6E_2026-10-03_T+30_1788701812233_uilq,DEL-BOM,EaseMyTrip,6E,6E-141,2026-10-03,T+30,5484,1204,6688,2026-09-03T21:14:05.014Z,FALSE,"",05:00,TRUE
fare_DEL-BOM_6E_2026-10-03_T+30_1788701812233_hd9f,DEL-BOM,EaseMyTrip,6E,6E-941,2026-10-03,T+30,5698,1251,6949,2026-09-03T21:14:05.014Z,FALSE,"",20:20,TRUE
fare_DEL-BOM_6E_2026-10-03_T+30_1788701812233_hfgc,DEL-BOM,EaseMyTrip,6E,6E-958,2026-10-03,T+30,5770,1267,7037,2026-09-03T21:14:05.014Z,FALSE,"",10:00,FALSE
fare_DEL-BOM_6E_2026-10-03_T+30_1788701812233_136i,DEL-BOM,EaseMyTrip,6E,6E-686,2026-10-03,T+30,5770,1267,7037,2026-09-03T21:14:05.014Z,FALSE,"",10:00,FALSE
fare_DEL-BOM_6E_2026-10-03_T+30_1788701812233_ajef,DEL-BOM,EaseMyTrip,6E,6E-271,2026-10-03,T+30,5806,1274,7080,2026-09-03T21:14:05.014Z,FALSE,"",19:30,FALSE
fare_DEL-BOM_6E_2026-10-03_T+30_1788701812233_v9xo,DEL-BOM,EaseMyTrip,6E,6E-321,2026-10-03,T+30,5806,1274,7080,2026-09-03T21:14:05.014Z,FALSE,"",19:30,FALSE
fare_DEL-BOM_6E_2026-10-03_T+30_1788701812233_zekd,DEL-BOM,EaseMyTrip,6E,6E-471,2026-10-03,T+30,6617,1453,8070,2026-09-03T21:14:05.014Z,FALSE,"",12:10,FALSE
fare_DEL-BOM_6E_2026-10-03_T+30_1788701812233_5yjr,DEL-BOM,EaseMyTrip,6E,6E-123,2026-10-03,T+30,6617,1453,8070,2026-09-03T21:14:05.014Z,FALSE,"",12:10,FALSE
fare_DEL-BOM_6E_2026-10-03_T+30_1788701812233_fflk,DEL-BOM,EaseMyTrip,6E,6E-994,2026-10-03,T+30,7034,1544,8578,2026-09-03T21:14:05.014Z,FALSE,"",18:00,TRUE
fare_DEL-BOM_6E_2026-10-03_T+30_1788701812233_5d1y,DEL-BOM,EaseMyTrip,6E,6E-133,2026-10-03,T+30,7034,1544,8578,2026-09-03T21:14:05.014Z,FALSE,"",18:00,TRUE
fare_DEL-BOM_6E_2026-10-03_T+30_1788701812233_81rk,DEL-BOM,EaseMyTrip,6E,6E-979,2026-10-03,T+30,10492,2303,12795,2026-09-03T21:14:05.014Z,FALSE,"",23:15,FALSE
fare_DEL-BOM_6E_2026-10-03_T+30_1788701812233_p6m7,DEL-BOM,EaseMyTrip,6E,6E-737,2026-10-03,T+30,10492,2303,12795,2026-09-03T21:14:05.014Z,FALSE,"",23:15,FALSE
fare_DEL-BOM_6E_2026-10-03_T+30_1788701812233_wlxu,DEL-BOM,EaseMyTrip,6E,6E-476,2026-10-03,T+30,10853,2382,13235,2026-09-03T21:14:05.014Z,FALSE,"",19:30,FALSE
fare_DEL-BOM_6E_2026-10-03_T+30_1788701812233_mu0h,DEL-BOM,EaseMyTrip,6E,6E-652,2026-10-03,T+30,10853,2382,13235,2026-09-03T21:14:05.014Z,FALSE,"",19:30,FALSE
fare_DEL-BOM_AI_2026-10-03_T+30_1788701812233_6728,DEL-BOM,EaseMyTrip,AI,AI-817,2026-10-03,T+30,11463,2516,13979,2026-09-03T21:14:05.014Z,FALSE,"",05:55,FALSE
fare_DEL-BOM_IX_2026-10-03_T+30_1788701812233_qozq,DEL-BOM,EaseMyTrip,IX,IX-1815,2026-10-03,T+30,12242,2687,14929,2026-09-03T21:14:05.014Z,FALSE,"",19:05,FALSE
fare_DEL-BOM_IX_2026-10-03_T+30_1788701812233_6ouu,DEL-BOM,EaseMyTrip,IX,IX-1811,2026-10-03,T+30,14202,3118,17320,2026-09-03T21:14:05.014Z,TRUE,"High outlier: ₹17320 > upper fence ₹16433 (Q3: ₹10491, IQR: ₹3961)",06:50,FALSE
fare_DEL-BOM_IX_2026-10-03_T+30_1788701812233_i55l,DEL-BOM,EaseMyTrip,IX,IX-1812,2026-10-03,T+30,15359,3371,18730,2026-09-03T21:14:05.014Z,TRUE,"High outlier: ₹18730 > upper fence ₹16433 (Q3: ₹10491, IQR: ₹3961)",11:15,FALSE
fare_DEL-BOM_AI_2026-10-03_T+30_1788701812233_elt8,DEL-BOM,EaseMyTrip,AI,AI-2483,2026-10-03,T+30,18662,4097,22759,2026-09-03T21:14:05.014Z,TRUE,"High outlier: ₹22759 > upper fence ₹16433 (Q3: ₹10491, IQR: ₹3961)",12:20,FALSE
fare_DEL-BOM_IX_2026-10-03_T+30_1788701812233_yx6u,DEL-BOM,EaseMyTrip,IX,IX-1081,2026-10-03,T+30,25498,5597,31095,2026-09-03T21:14:05.014Z,TRUE,"High outlier: ₹31095 > upper fence ₹16433 (Q3: ₹10491, IQR: ₹3961)",15:25,FALSE
fare_DEL-BOM_IX_2026-10-03_T+30_1788701812233_3xam,DEL-BOM,EaseMyTrip,IX,IX-1273,2026-10-03,T+30,25498,5597,31095,2026-09-03T21:14:05.014Z,TRUE,"High outlier: ₹31095 > upper fence ₹16433 (Q3: ₹10491, IQR: ₹3961)",12:05,FALSE
fare_DEL-BOM_IX_2026-10-03_T+30_1788701812233_atap,DEL-BOM,EaseMyTrip,IX,IX-1067,2026-10-03,T+30,25498,5597,31095,2026-09-03T21:14:05.014Z,TRUE,"High outlier: ₹31095 > upper fence ₹16433 (Q3: ₹10491, IQR: ₹3961)",06:10,FALSE
fare_DEL-BOM_IX_2026-10-03_T+30_1788701812233_lxmq,DEL-BOM,EaseMyTrip,IX,IX-1076,2026-10-03,T+30,27729,6087,33816,2026-09-03T21:14:05.014Z,TRUE,"High outlier: ₹33816 > upper fence ₹16433 (Q3: ₹10491, IQR: ₹3961)",09:00,FALSE
fare_DEL-BOM_IX_2026-10-18_T+45_1788701812233_moza,DEL-BOM,EaseMyTrip,IX,IX-1165,2026-10-18,T+45,5568,1222,6790,2026-09-03T02:32:13.255Z,FALSE,"",06:00,FALSE
fare_DEL-BOM_IX_2026-10-18_T+45_1788701812233_6dkr,DEL-BOM,EaseMyTrip,IX,IX-1392,2026-10-18,T+45,5568,1222,6790,2026-09-03T02:32:13.255Z,FALSE,"",23:25,FALSE
fare_DEL-BOM_IX_2026-10-18_T+45_1788701812233_0xk3,DEL-BOM,EaseMyTrip,IX,IX-1024,2026-10-18,T+45,5354,1175,6529,2026-09-03T02:32:13.255Z,FALSE,"",18:40,TRUE
fare_DEL-BOM_SG_2026-10-18_T+45_1788701812233_aq41,DEL-BOM,EaseMyTrip,SG,SG-763,2026-10-18,T+45,5353,1175,6528,2026-09-03T02:32:13.255Z,FALSE,"",20:10,TRUE
fare_DEL-BOM_SG_2026-10-18_T+45_1788701812233_7lgk,DEL-BOM,EaseMyTrip,SG,SG-443,2026-10-18,T+45,5353,1175,6528,2026-09-03T02:32:13.255Z,FALSE,"",20:10,TRUE
fare_DEL-BOM_SG_2026-10-18_T+45_1788701812233_0175,DEL-BOM,EaseMyTrip,SG,SG-305,2026-10-18,T+45,5353,1175,6528,2026-09-03T02:32:13.255Z,FALSE,"",22:30,TRUE
fare_DEL-BOM_SG_2026-10-18_T+45_1788701812233_9aky,DEL-BOM,EaseMyTrip,SG,SG-673,2026-10-18,T+45,5353,1175,6528,2026-09-03T02:32:13.255Z,FALSE,"",22:30,TRUE
fare_DEL-BOM_IX_2026-10-18_T+45_1788701812233_cz2x,DEL-BOM,EaseMyTrip,IX,IX-1463,2026-10-18,T+45,5526,1213,6739,2026-09-03T02:32:13.255Z,FALSE,"",11:15,TRUE
fare_DEL-BOM_QP_2026-10-18_T+45_1788701812233_ipyx,DEL-BOM,EaseMyTrip,QP,QP-2012,2026-10-18,T+45,5330,1170,6500,2026-09-03T02:32:13.255Z,FALSE,"",08:55,TRUE
fare_DEL-BOM_QP_2026-10-18_T+45_1788701812233_f79r,DEL-BOM,EaseMyTrip,QP,QP-1833,2026-10-18,T+45,5355,1175,6530,2026-09-03T02:32:13.255Z,FALSE,"",06:50,TRUE
fare_DEL-BOM_IX_2026-10-18_T+45_1788701812233_dsu9,DEL-BOM,EaseMyTrip,IX,IX-1038,2026-10-18,T+45,5755,1263,7018,2026-09-03T02:32:13.255Z,FALSE,"",17:35,TRUE
fare_DEL-BOM_IX_2026-10-18_T+45_1788701812233_1nq3,DEL-BOM,EaseMyTrip,IX,IX-1056,2026-10-18,T+45,5863,1287,7150,2026-09-03T02:32:13.255Z,FALSE,"",17:50,TRUE
fare_DEL-BOM_6E_2026-10-18_T+45_1788701812233_moaa,DEL-BOM,EaseMyTrip,6E,6E-453,2026-10-18,T+45,5756,1263,7019,2026-09-03T02:32:13.255Z,FALSE,"",03:00,TRUE
fare_DEL-BOM_6E_2026-10-18_T+45_1788701812233_qa7e,DEL-BOM,EaseMyTrip,6E,6E-807,2026-10-18,T+45,5756,1263,7019,2026-09-03T02:32:13.255Z,FALSE,"",03:00,TRUE
fare_DEL-BOM_6E_2026-10-18_T+45_1788701812233_rog3,DEL-BOM,EaseMyTrip,6E,6E-415,2026-10-18,T+45,5756,1263,7019,2026-09-03T02:32:13.255Z,FALSE,"",05:00,TRUE
fare_DEL-BOM_6E_2026-10-18_T+45_1788701812233_3qm2,DEL-BOM,EaseMyTrip,6E,6E-496,2026-10-18,T+45,5756,1263,7019,2026-09-03T02:32:13.255Z,FALSE,"",05:00,TRUE
fare_DEL-BOM_6E_2026-10-18_T+45_1788701812233_fq9v,DEL-BOM,EaseMyTrip,6E,6E-6218,2026-10-18,T+45,5756,1263,7019,2026-09-03T02:32:13.255Z,FALSE,"",06:05,TRUE
fare_DEL-BOM_6E_2026-10-18_T+45_1788701812233_810b,DEL-BOM,EaseMyTrip,6E,6E-6814,2026-10-18,T+45,5756,1263,7019,2026-09-03T02:32:13.255Z,FALSE,"",07:15,TRUE
fare_DEL-BOM_6E_2026-10-18_T+45_1788701812233_4b1q,DEL-BOM,EaseMyTrip,6E,6E-485,2026-10-18,T+45,5756,1263,7019,2026-09-03T02:32:13.255Z,FALSE,"",08:00,TRUE
fare_DEL-BOM_6E_2026-10-18_T+45_1788701812233_o1e0,DEL-BOM,EaseMyTrip,6E,6E-612,2026-10-18,T+45,5756,1263,7019,2026-09-03T02:32:13.255Z,FALSE,"",08:00,TRUE
fare_DEL-BOM_6E_2026-10-18_T+45_1788701812233_ar4v,DEL-BOM,EaseMyTrip,6E,6E-6470,2026-10-18,T+45,5756,1263,7019,2026-09-03T02:32:13.255Z,FALSE,"",06:55,TRUE
fare_DEL-BOM_6E_2026-10-18_T+45_1788701812233_upg9,DEL-BOM,EaseMyTrip,6E,6E-6107,2026-10-18,T+45,5756,1263,7019,2026-09-03T02:32:13.255Z,FALSE,"",09:30,TRUE
fare_DEL-BOM_6E_2026-10-18_T+45_1788701812233_j5sb,DEL-BOM,EaseMyTrip,6E,6E-6328,2026-10-18,T+45,5756,1263,7019,2026-09-03T02:32:13.255Z,FALSE,"",10:15,TRUE
fare_DEL-BOM_6E_2026-10-18_T+45_1788701812233_3zh7,DEL-BOM,EaseMyTrip,6E,6E-6047,2026-10-18,T+45,5756,1263,7019,2026-09-03T02:32:13.255Z,FALSE,"",11:00,TRUE
fare_DEL-BOM_6E_2026-10-18_T+45_1788701812233_2s0s,DEL-BOM,EaseMyTrip,6E,6E-6676,2026-10-18,T+45,5756,1263,7019,2026-09-03T02:32:13.255Z,FALSE,"",12:00,TRUE
fare_DEL-BOM_6E_2026-10-18_T+45_1788701812233_2qi8,DEL-BOM,EaseMyTrip,6E,6E-754,2026-10-18,T+45,5756,1263,7019,2026-09-03T02:32:13.255Z,FALSE,"",08:45,TRUE
fare_DEL-BOM_6E_2026-10-18_T+45_1788701812233_94w0,DEL-BOM,EaseMyTrip,6E,6E-605,2026-10-18,T+45,5756,1263,7019,2026-09-03T02:32:13.255Z,FALSE,"",08:45,TRUE
fare_DEL-BOM_6E_2026-10-18_T+45_1788701812233_1btk,DEL-BOM,EaseMyTrip,6E,6E-125,2026-10-18,T+45,5802,1273,7075,2026-09-03T02:32:13.255Z,FALSE,"",14:50,FALSE
fare_DEL-BOM_6E_2026-10-18_T+45_1788701812233_25xg,DEL-BOM,EaseMyTrip,6E,6E-625,2026-10-18,T+45,5802,1273,7075,2026-09-03T02:32:13.255Z,FALSE,"",14:50,FALSE
fare_DEL-BOM_6E_2026-10-18_T+45_1788701812233_ek7q,DEL-BOM,EaseMyTrip,6E,6E-5119,2026-10-18,T+45,5802,1273,7075,2026-09-03T02:32:13.255Z,FALSE,"",05:10,FALSE
fare_DEL-BOM_6E_2026-10-18_T+45_1788701812233_kxjr,DEL-BOM,EaseMyTrip,6E,6E-6190,2026-10-18,T+45,5802,1273,7075,2026-09-03T02:32:13.255Z,FALSE,"",07:40,FALSE
fare_DEL-BOM_6E_2026-10-18_T+45_1788701812233_ruzr,DEL-BOM,EaseMyTrip,6E,6E-2341,2026-10-18,T+45,5802,1273,7075,2026-09-03T02:32:13.255Z,FALSE,"",14:50,FALSE
fare_DEL-BOM_6E_2026-10-18_T+45_1788701812233_ty5r,DEL-BOM,EaseMyTrip,6E,6E-2331,2026-10-18,T+45,5802,1273,7075,2026-09-03T02:32:13.255Z,FALSE,"",12:20,FALSE
fare_DEL-BOM_6E_2026-10-18_T+45_1788701812233_sp0q,DEL-BOM,EaseMyTrip,6E,6E-6261,2026-10-18,T+45,5802,1273,7075,2026-09-03T02:32:13.255Z,FALSE,"",00:15,FALSE
fare_DEL-BOM_6E_2026-10-18_T+45_1788701812233_n6vq,DEL-BOM,EaseMyTrip,6E,6E-5014,2026-10-18,T+45,5838,1282,7120,2026-09-03T02:32:13.255Z,FALSE,"",18:30,FALSE
fare_DEL-BOM_6E_2026-10-18_T+45_1788701812233_33t2,DEL-BOM,EaseMyTrip,6E,6E-5073,2026-10-18,T+45,5838,1282,7120,2026-09-03T02:32:13.255Z,FALSE,"",17:05,FALSE
fare_DEL-BOM_6E_2026-10-18_T+45_1788701812233_37al,DEL-BOM,EaseMyTrip,6E,6E-6171,2026-10-18,T+45,5838,1282,7120,2026-09-03T02:32:13.255Z,FALSE,"",05:40,FALSE
fare_DEL-BOM_6E_2026-10-18_T+45_1788701812233_dd9a,DEL-BOM,EaseMyTrip,6E,6E-2076,2026-10-18,T+45,5838,1282,7120,2026-09-03T02:32:13.255Z,FALSE,"",07:30,FALSE
fare_DEL-BOM_6E_2026-10-18_T+45_1788701812233_r57g,DEL-BOM,EaseMyTrip,6E,6E-6983,2026-10-18,T+45,5838,1282,7120,2026-09-03T02:32:13.255Z,FALSE,"",15:35,FALSE
fare_DEL-BOM_6E_2026-10-18_T+45_1788701812233_j7tr,DEL-BOM,EaseMyTrip,6E,6E-360,2026-10-18,T+45,5838,1282,7120,2026-09-03T02:32:13.255Z,FALSE,"",19:30,FALSE
fare_DEL-BOM_6E_2026-10-18_T+45_1788701812233_h0a1,DEL-BOM,EaseMyTrip,6E,6E-735,2026-10-18,T+45,5838,1282,7120,2026-09-03T02:32:13.255Z,FALSE,"",19:30,FALSE
fare_DEL-BOM_6E_2026-10-18_T+45_1788701812233_lndw,DEL-BOM,EaseMyTrip,6E,6E-2013,2026-10-18,T+45,5838,1282,7120,2026-09-03T02:32:13.255Z,FALSE,"",21:50,FALSE
fare_DEL-BOM_IX_2026-10-18_T+45_1788701812233_k5cw,DEL-BOM,EaseMyTrip,IX,IX-1235,2026-10-18,T+45,6130,1345,7475,2026-09-03T02:32:13.255Z,FALSE,"",23:25,TRUE
fare_DEL-BOM_QP_2026-10-18_T+45_1788701812233_s2qf,DEL-BOM,EaseMyTrip,QP,QP-1110,2026-10-18,T+45,5861,1286,7147,2026-09-03T02:32:13.255Z,FALSE,"",10:00,TRUE
fare_DEL-BOM_QP_2026-10-18_T+45_1788701812233_pgpr,DEL-BOM,EaseMyTrip,QP,QP-1820,2026-10-18,T+45,5861,1286,7147,2026-09-03T02:32:13.255Z,FALSE,"",17:30,TRUE
fare_DEL-BOM_QP_2026-10-18_T+45_1788701812233_ozgd,DEL-BOM,EaseMyTrip,QP,QP-1119,2026-10-18,T+45,5861,1286,7147,2026-09-03T02:32:13.255Z,FALSE,"",08:40,TRUE
fare_DEL-BOM_6E_2026-10-18_T+45_1788701812233_hp1k,DEL-BOM,EaseMyTrip,6E,6E-500,2026-10-18,T+45,5879,1290,7169,2026-09-03T02:32:13.255Z,FALSE,"",13:00,TRUE
fare_DEL-BOM_6E_2026-10-18_T+45_1788701812233_m53j,DEL-BOM,EaseMyTrip,6E,6E-864,2026-10-18,T+45,5879,1290,7169,2026-09-03T02:32:13.255Z,FALSE,"",13:00,TRUE
fare_DEL-BOM_6E_2026-10-18_T+45_1788701812233_jjxv,DEL-BOM,EaseMyTrip,6E,6E-6490,2026-10-18,T+45,5910,1297,7207,2026-09-03T02:32:13.255Z,FALSE,"",04:55,FALSE
fare_DEL-BOM_6E_2026-10-18_T+45_1788701812233_1aso,DEL-BOM,EaseMyTrip,6E,6E-2249,2026-10-18,T+45,5910,1297,7207,2026-09-03T02:32:13.255Z,FALSE,"",15:00,FALSE
fare_DEL-BOM_6E_2026-10-18_T+45_1788701812233_blqp,DEL-BOM,EaseMyTrip,6E,6E-386,2026-10-18,T+45,5928,1301,7229,2026-09-03T02:32:13.255Z,FALSE,"",20:20,TRUE
fare_DEL-BOM_6E_2026-10-18_T+45_1788701812233_zpd7,DEL-BOM,EaseMyTrip,6E,6E-146,2026-10-18,T+45,5928,1301,7229,2026-09-03T02:32:13.255Z,FALSE,"",20:20,TRUE
fare_DEL-BOM_6E_2026-10-18_T+45_1788701812233_fm5t,DEL-BOM,EaseMyTrip,6E,6E-5198,2026-10-18,T+45,5933,1302,7235,2026-09-03T02:32:13.255Z,FALSE,"",15:00,TRUE
fare_DEL-BOM_6E_2026-10-18_T+45_1788701812233_utip,DEL-BOM,EaseMyTrip,6E,6E-2169,2026-10-18,T+45,5947,1305,7252,2026-09-03T02:32:13.255Z,FALSE,"",19:40,FALSE
fare_DEL-BOM_6E_2026-10-18_T+45_1788701812233_7r0h,DEL-BOM,EaseMyTrip,6E,6E-6829,2026-10-18,T+45,5947,1305,7252,2026-09-03T02:32:13.255Z,FALSE,"",17:20,FALSE
fare_DEL-BOM_6E_2026-10-18_T+45_1788701812233_tdtb,DEL-BOM,EaseMyTrip,6E,6E-6443,2026-10-18,T+45,5947,1305,7252,2026-09-03T02:32:13.255Z,FALSE,"",09:00,FALSE
fare_DEL-BOM_6E_2026-10-18_T+45_1788701812233_glx7,DEL-BOM,EaseMyTrip,6E,6E-6433,2026-10-18,T+45,5947,1305,7252,2026-09-03T02:32:13.255Z,FALSE,"",16:30,FALSE
fare_DEL-BOM_6E_2026-10-18_T+45_1788701812233_ibwn,DEL-BOM,EaseMyTrip,6E,6E-5138,2026-10-18,T+45,5947,1305,7252,2026-09-03T02:32:13.255Z,FALSE,"",19:10,FALSE
fare_DEL-BOM_6E_2026-10-18_T+45_1788701812233_z8mi,DEL-BOM,EaseMyTrip,6E,6E-6459,2026-10-18,T+45,5947,1305,7252,2026-09-03T02:32:13.255Z,FALSE,"",05:55,FALSE
fare_DEL-BOM_AI_2026-10-18_T+45_1788701812233_2y3h,DEL-BOM,EaseMyTrip,AI,AI-2975,2026-10-18,T+45,6141,1348,7489,2026-09-03T02:32:13.255Z,FALSE,"",06:30,TRUE
fare_DEL-BOM_AI_2026-10-18_T+45_1788701812233_ga5e,DEL-BOM,EaseMyTrip,AI,AI-1745,2026-10-18,T+45,6141,1348,7489,2026-09-03T02:32:13.255Z,FALSE,"",05:00,TRUE
fare_DEL-BOM_AI_2026-10-18_T+45_1788701812233_93mw,DEL-BOM,EaseMyTrip,AI,AI-2429,2026-10-18,T+45,6141,1348,7489,2026-09-03T02:32:13.255Z,FALSE,"",07:00,TRUE
fare_DEL-BOM_AI_2026-10-18_T+45_1788701812233_mrfs,DEL-BOM,EaseMyTrip,AI,AI-1780,2026-10-18,T+45,6141,1348,7489,2026-09-03T02:32:13.255Z,FALSE,"",14:30,TRUE
fare_DEL-BOM_6E_2026-10-18_T+45_1788701812233_aq63,DEL-BOM,EaseMyTrip,6E,6E-6479,2026-10-18,T+45,6011,1319,7330,2026-09-03T02:32:13.255Z,FALSE,"",21:25,FALSE
fare_DEL-BOM_6E_2026-10-18_T+45_1788701812233_ehqn,DEL-BOM,EaseMyTrip,6E,6E-389,2026-10-18,T+45,6011,1319,7330,2026-09-03T02:32:13.255Z,FALSE,"",16:10,FALSE
fare_DEL-BOM_6E_2026-10-18_T+45_1788701812233_hr7z,DEL-BOM,EaseMyTrip,6E,6E-844,2026-10-18,T+45,6011,1319,7330,2026-09-03T02:32:13.255Z,FALSE,"",16:10,FALSE
fare_DEL-BOM_6E_2026-10-18_T+45_1788701812233_ehht,DEL-BOM,EaseMyTrip,6E,6E-2113,2026-10-18,T+45,6011,1319,7330,2026-09-03T02:32:13.255Z,FALSE,"",13:20,FALSE
fare_DEL-BOM_QP_2026-10-18_T+45_1788701812233_d3w4,DEL-BOM,EaseMyTrip,QP,QP-1128,2026-10-18,T+45,6077,1334,7411,2026-09-03T02:32:13.255Z,FALSE,"",16:00,TRUE
fare_DEL-BOM_6E_2026-10-18_T+45_1788701812233_gt58,DEL-BOM,EaseMyTrip,6E,6E-6212,2026-10-18,T+45,6119,1343,7462,2026-09-03T02:32:13.255Z,FALSE,"",14:45,FALSE
fare_DEL-BOM_6E_2026-10-18_T+45_1788701812233_82r0,DEL-BOM,EaseMyTrip,6E,6E-635,2026-10-18,T+45,6119,1343,7462,2026-09-03T02:32:13.255Z,FALSE,"",08:30,FALSE
fare_DEL-BOM_6E_2026-10-18_T+45_1788701812233_74qo,DEL-BOM,EaseMyTrip,6E,6E-462,2026-10-18,T+45,6119,1343,7462,2026-09-03T02:32:13.255Z,FALSE,"",08:30,FALSE
fare_DEL-BOM_6E_2026-10-18_T+45_1788701812233_3ms0,DEL-BOM,EaseMyTrip,6E,6E-328,2026-10-18,T+45,6125,1344,7469,2026-09-03T02:32:13.255Z,FALSE,"",23:30,TRUE
fare_DEL-BOM_6E_2026-10-18_T+45_1788701812233_6u56,DEL-BOM,EaseMyTrip,6E,6E-861,2026-10-18,T+45,6125,1344,7469,2026-09-03T02:32:13.255Z,FALSE,"",23:30,TRUE
fare_DEL-BOM_6E_2026-10-18_T+45_1788701812233_d9wk,DEL-BOM,EaseMyTrip,6E,6E-6114,2026-10-18,T+45,6125,1344,7469,2026-09-03T02:32:13.255Z,FALSE,"",22:45,TRUE
fare_DEL-BOM_6E_2026-10-18_T+45_1788701812233_dg1y,DEL-BOM,EaseMyTrip,6E,6E-973,2026-10-18,T+45,6125,1344,7469,2026-09-03T02:32:13.255Z,FALSE,"",21:45,TRUE
fare_DEL-BOM_6E_2026-10-18_T+45_1788701812233_u1ct,DEL-BOM,EaseMyTrip,6E,6E-475,2026-10-18,T+45,6125,1344,7469,2026-09-03T02:32:13.255Z,FALSE,"",21:45,TRUE
fare_DEL-BOM_6E_2026-10-18_T+45_1788701812233_ai3n,DEL-BOM,EaseMyTrip,6E,6E-503,2026-10-18,T+45,6125,1344,7469,2026-09-03T02:32:13.255Z,FALSE,"",20:45,TRUE
fare_DEL-BOM_6E_2026-10-18_T+45_1788701812233_s611,DEL-BOM,EaseMyTrip,6E,6E-532,2026-10-18,T+45,6125,1344,7469,2026-09-03T02:32:13.255Z,FALSE,"",20:45,TRUE
fare_DEL-BOM_6E_2026-10-18_T+45_1788701812233_u2f3,DEL-BOM,EaseMyTrip,6E,6E-136,2026-10-18,T+45,6125,1344,7469,2026-09-03T02:32:13.255Z,FALSE,"",20:00,TRUE
fare_DEL-BOM_6E_2026-10-18_T+45_1788701812233_gvrr,DEL-BOM,EaseMyTrip,6E,6E-847,2026-10-18,T+45,6125,1344,7469,2026-09-03T02:32:13.255Z,FALSE,"",20:00,TRUE
fare_DEL-BOM_6E_2026-10-18_T+45_1788701812233_zstv,DEL-BOM,EaseMyTrip,6E,6E-677,2026-10-18,T+45,6125,1344,7469,2026-09-03T02:32:13.255Z,FALSE,"",19:00,TRUE
fare_DEL-BOM_6E_2026-10-18_T+45_1788701812233_5sbp,DEL-BOM,EaseMyTrip,6E,6E-829,2026-10-18,T+45,6125,1344,7469,2026-09-03T02:32:13.255Z,FALSE,"",19:00,TRUE
fare_DEL-BOM_6E_2026-10-18_T+45_1788701812233_n0gb,DEL-BOM,EaseMyTrip,6E,6E-450,2026-10-18,T+45,6125,1344,7469,2026-09-03T02:32:13.255Z,FALSE,"",18:00,TRUE
fare_DEL-BOM_6E_2026-10-18_T+45_1788701812233_0dfg,DEL-BOM,EaseMyTrip,6E,6E-269,2026-10-18,T+45,6125,1344,7469,2026-09-03T02:32:13.255Z,FALSE,"",18:00,TRUE
fare_DEL-BOM_6E_2026-10-18_T+45_1788701812233_gkle,DEL-BOM,EaseMyTrip,6E,6E-6706,2026-10-18,T+45,6125,1344,7469,2026-09-03T02:32:13.255Z,FALSE,"",17:00,TRUE
fare_DEL-BOM_6E_2026-10-18_T+45_1788701812233_hwzt,DEL-BOM,EaseMyTrip,6E,6E-505,2026-10-18,T+45,6125,1344,7469,2026-09-03T02:32:13.255Z,FALSE,"",16:15,TRUE
fare_DEL-BOM_6E_2026-10-18_T+45_1788701812233_uose,DEL-BOM,EaseMyTrip,6E,6E-884,2026-10-18,T+45,6125,1344,7469,2026-09-03T02:32:13.255Z,FALSE,"",16:15,TRUE
fare_DEL-BOM_6E_2026-10-18_T+45_1788701812233_wdhv,DEL-BOM,EaseMyTrip,6E,6E-112,2026-10-18,T+45,6125,1344,7469,2026-09-03T02:32:13.255Z,FALSE,"",15:30,TRUE
fare_DEL-BOM_6E_2026-10-18_T+45_1788701812233_cfja,DEL-BOM,EaseMyTrip,6E,6E-967,2026-10-18,T+45,6125,1344,7469,2026-09-03T02:32:13.255Z,FALSE,"",15:30,TRUE
fare_DEL-BOM_6E_2026-10-18_T+45_1788701812233_fwby,DEL-BOM,EaseMyTrip,6E,6E-6318,2026-10-18,T+45,6125,1344,7469,2026-09-03T02:32:13.255Z,FALSE,"",14:45,TRUE
fare_DEL-BOM_6E_2026-10-18_T+45_1788701812233_uywg,DEL-BOM,EaseMyTrip,6E,6E-6022,2026-10-18,T+45,6125,1344,7469,2026-09-03T02:32:13.255Z,FALSE,"",14:00,TRUE
fare_DEL-BOM_AI_2026-10-18_T+45_1788701812233_0rby,DEL-BOM,EaseMyTrip,AI,AI-2943,2026-10-18,T+45,6295,1382,7677,2026-09-03T02:32:13.255Z,FALSE,"",07:30,TRUE
fare_DEL-BOM_6E_2026-10-18_T+45_1788701812233_0pij,DEL-BOM,EaseMyTrip,6E,6E-7646,2026-10-18,T+45,6151,1350,7501,2026-09-03T02:32:13.255Z,FALSE,"",06:15,FALSE
fare_DEL-BOM_6E_2026-10-18_T+45_1788701812233_qjda,DEL-BOM,EaseMyTrip,6E,6E-5096,2026-10-18,T+45,6152,1350,7502,2026-09-03T02:32:13.255Z,FALSE,"",12:30,TRUE
fare_DEL-BOM_QP_2026-10-18_T+45_1788701812233_2271,DEL-BOM,EaseMyTrip,QP,QP-1826,2026-10-18,T+45,6188,1358,7546,2026-09-03T02:32:13.255Z,FALSE,"",19:55,TRUE
fare_DEL-BOM_6E_2026-10-18_T+45_1788701812233_jzp3,DEL-BOM,EaseMyTrip,6E,6E-7642,2026-10-18,T+45,6227,1367,7594,2026-09-03T02:32:13.255Z,FALSE,"",15:45,FALSE
fare_DEL-BOM_6E_2026-10-18_T+45_1788701812233_ac2e,DEL-BOM,EaseMyTrip,6E,6E-7653,2026-10-18,T+45,6259,1374,7633,2026-09-03T02:32:13.255Z,FALSE,"",17:20,FALSE
fare_DEL-BOM_AI_2026-10-18_T+45_1788701812233_z7f9,DEL-BOM,EaseMyTrip,AI,AI-2678,2026-10-18,T+45,6511,1429,7940,2026-09-03T02:32:13.255Z,FALSE,"",08:30,TRUE
fare_DEL-BOM_AI_2026-10-18_T+45_1788701812233_2i4y,DEL-BOM,EaseMyTrip,AI,AI-2963,2026-10-18,T+45,6511,1429,7940,2026-09-03T02:32:13.255Z,FALSE,"",09:00,TRUE
fare_DEL-BOM_AI_2026-10-18_T+45_1788701812233_hajp,DEL-BOM,EaseMyTrip,AI,AI-2425,2026-10-18,T+45,6511,1429,7940,2026-09-03T02:32:13.255Z,FALSE,"",10:30,TRUE
fare_DEL-BOM_AI_2026-10-18_T+45_1788701812233_pect,DEL-BOM,EaseMyTrip,AI,AI-2995,2026-10-18,T+45,6511,1429,7940,2026-09-03T02:32:13.255Z,FALSE,"",10:00,TRUE
fare_DEL-BOM_AI_2026-10-18_T+45_1788701812233_hc2x,DEL-BOM,EaseMyTrip,AI,AI-2945,2026-10-18,T+45,6511,1429,7940,2026-09-03T02:32:13.255Z,FALSE,"",11:00,TRUE
fare_DEL-BOM_AI_2026-10-18_T+45_1788701812233_tjgz,DEL-BOM,EaseMyTrip,AI,AI-2927,2026-10-18,T+45,6511,1429,7940,2026-09-03T02:32:13.255Z,FALSE,"",09:30,TRUE
fare_DEL-BOM_AI_2026-10-18_T+45_1788701812233_s6b6,DEL-BOM,EaseMyTrip,AI,AI-2441,2026-10-18,T+45,6566,1441,8007,2026-09-03T02:32:13.255Z,FALSE,"",14:10,TRUE
fare_DEL-BOM_6E_2026-10-18_T+45_1788701812233_6vi6,DEL-BOM,EaseMyTrip,6E,6E-5038,2026-10-18,T+45,6482,1423,7905,2026-09-03T02:32:13.255Z,FALSE,"",14:00,FALSE
fare_DEL-BOM_6E_2026-10-18_T+45_1788701812233_h0n7,DEL-BOM,EaseMyTrip,6E,6E-6026,2026-10-18,T+45,6590,1446,8036,2026-09-03T02:32:13.255Z,FALSE,"",05:30,FALSE
fare_DEL-BOM_6E_2026-10-18_T+45_1788701812233_hawm,DEL-BOM,EaseMyTrip,6E,6E-513,2026-10-18,T+45,6590,1446,8036,2026-09-03T02:32:13.255Z,FALSE,"",02:25,FALSE
fare_DEL-BOM_6E_2026-10-18_T+45_1788701812233_px8d,DEL-BOM,EaseMyTrip,6E,6E-194,2026-10-18,T+45,6590,1446,8036,2026-09-03T02:32:13.255Z,FALSE,"",02:25,FALSE
fare_DEL-BOM_6E_2026-10-18_T+45_1788701812233_o2oz,DEL-BOM,EaseMyTrip,6E,6E-6282,2026-10-18,T+45,6590,1446,8036,2026-09-03T02:32:13.255Z,FALSE,"",13:30,FALSE
fare_DEL-BOM_6E_2026-10-18_T+45_1788701812233_2td7,DEL-BOM,EaseMyTrip,6E,6E-6293,2026-10-18,T+45,6590,1446,8036,2026-09-03T02:32:13.255Z,FALSE,"",09:55,FALSE
fare_DEL-BOM_AI_2026-10-18_T+45_1788701812233_oyn0,DEL-BOM,EaseMyTrip,AI,AI-2957,2026-10-18,T+45,6786,1490,8276,2026-09-03T02:32:13.255Z,FALSE,"",20:30,TRUE
fare_DEL-BOM_AI_2026-10-18_T+45_1788701812233_ccn9,DEL-BOM,EaseMyTrip,AI,AI-441,2026-10-18,T+45,6786,1490,8276,2026-09-03T02:32:13.255Z,FALSE,"",17:00,TRUE
fare_DEL-BOM_AI_2026-10-18_T+45_1788701812233_uff3,DEL-BOM,EaseMyTrip,AI,AI-2805,2026-10-18,T+45,6786,1490,8276,2026-09-03T02:32:13.255Z,FALSE,"",20:00,TRUE
fare_DEL-BOM_AI_2026-10-18_T+45_1788701812233_v1io,DEL-BOM,EaseMyTrip,AI,AI-1785,2026-10-18,T+45,6806,1494,8300,2026-09-03T02:32:13.255Z,FALSE,"",12:00,TRUE
fare_DEL-BOM_AI_2026-10-18_T+45_1788701812233_ulh7,DEL-BOM,EaseMyTrip,AI,AI-2439,2026-10-18,T+45,6806,1494,8300,2026-09-03T02:32:13.255Z,FALSE,"",23:00,TRUE
fare_DEL-BOM_6E_2026-10-18_T+45_1788701812233_9at3,DEL-BOM,EaseMyTrip,6E,6E-277,2026-10-18,T+45,6654,1461,8115,2026-09-03T02:32:13.255Z,FALSE,"",19:30,FALSE
fare_DEL-BOM_6E_2026-10-18_T+45_1788701812233_9joi,DEL-BOM,EaseMyTrip,6E,6E-695,2026-10-18,T+45,6654,1461,8115,2026-09-03T02:32:13.255Z,FALSE,"",19:30,FALSE
fare_DEL-BOM_6E_2026-10-18_T+45_1788701812233_xpt7,DEL-BOM,EaseMyTrip,6E,6E-198,2026-10-18,T+45,6654,1461,8115,2026-09-03T02:32:13.255Z,FALSE,"",12:10,FALSE
fare_DEL-BOM_6E_2026-10-18_T+45_1788701812233_6h0v,DEL-BOM,EaseMyTrip,6E,6E-791,2026-10-18,T+45,6654,1461,8115,2026-09-03T02:32:13.255Z,FALSE,"",12:10,FALSE
fare_DEL-BOM_AI_2026-10-18_T+45_1788701812233_qiuc,DEL-BOM,EaseMyTrip,AI,AI-2433,2026-10-18,T+45,6841,1502,8343,2026-09-03T02:32:13.255Z,FALSE,"",21:30,TRUE
fare_DEL-BOM_AI_2026-10-18_T+45_1788701812233_gmev,DEL-BOM,EaseMyTrip,AI,AI-2981,2026-10-18,T+45,6841,1502,8343,2026-09-03T02:32:13.255Z,FALSE,"",21:00,TRUE
fare_DEL-BOM_AI_2026-10-18_T+45_1788701812233_gttr,DEL-BOM,EaseMyTrip,AI,AI-1777,2026-10-18,T+45,6841,1502,8343,2026-09-03T02:32:13.255Z,FALSE,"",16:00,TRUE
fare_DEL-BOM_AI_2026-10-18_T+45_1788701812233_2unw,DEL-BOM,EaseMyTrip,AI,AI-2955,2026-10-18,T+45,6951,1526,8477,2026-09-03T02:32:13.255Z,FALSE,"",18:00,TRUE
fare_DEL-BOM_AI_2026-10-18_T+45_1788701812233_1sq4,DEL-BOM,EaseMyTrip,AI,AI-2985,2026-10-18,T+45,6980,1532,8512,2026-09-03T02:32:13.255Z,FALSE,"",19:30,TRUE
fare_DEL-BOM_AI_2026-10-18_T+45_1788701812233_xqdx,DEL-BOM,EaseMyTrip,AI,AI-2951,2026-10-18,T+45,7067,1551,8618,2026-09-03T02:32:13.255Z,FALSE,"",13:30,TRUE
fare_DEL-BOM_6E_2026-10-18_T+45_1788701812233_lh0x,DEL-BOM,EaseMyTrip,6E,6E-5298,2026-10-18,T+45,7568,1661,9229,2026-09-03T02:32:13.255Z,FALSE,"",09:00,FALSE
fare_DEL-BOM_6E_2026-10-18_T+45_1788701812233_8oaw,DEL-BOM,EaseMyTrip,6E,6E-2349,2026-10-18,T+45,7687,1687,9374,2026-09-03T02:32:13.255Z,FALSE,"",10:55,FALSE
fare_DEL-BOM_AI_2026-10-18_T+45_1788701812233_uruz,DEL-BOM,EaseMyTrip,AI,AI-2933,2026-10-18,T+45,8205,1801,10006,2026-09-03T02:32:13.255Z,FALSE,"",15:30,TRUE
fare_DEL-BOM_6E_2026-10-18_T+45_1788701812233_3ow4,DEL-BOM,EaseMyTrip,6E,6E-275,2026-10-18,T+45,8299,1822,10121,2026-09-03T02:32:13.255Z,FALSE,"",17:55,FALSE
fare_DEL-BOM_6E_2026-10-18_T+45_1788701812233_yypl,DEL-BOM,EaseMyTrip,6E,6E-591,2026-10-18,T+45,8299,1822,10121,2026-09-03T02:32:13.255Z,FALSE,"",17:55,FALSE
fare_DEL-BOM_6E_2026-10-18_T+45_1788701812233_2vn2,DEL-BOM,EaseMyTrip,6E,6E-6601,2026-10-18,T+45,8299,1822,10121,2026-09-03T02:32:13.255Z,FALSE,"",19:45,FALSE
fare_DEL-BOM_IX_2026-10-18_T+45_1788701812233_zzvq,DEL-BOM,EaseMyTrip,IX,IX-1057,2026-10-18,T+45,8963,1967,10930,2026-09-03T02:32:13.255Z,FALSE,"",06:20,FALSE
fare_DEL-BOM_AI_2026-10-18_T+45_1788701812233_k34g,DEL-BOM,EaseMyTrip,AI,AI-2499,2026-10-18,T+45,8603,1888,10491,2026-09-03T02:32:13.255Z,FALSE,"",06:00,FALSE
fare_DEL-BOM_AI_2026-10-18_T+45_1788701812233_xbto,DEL-BOM,EaseMyTrip,AI,AI-2569,2026-10-18,T+45,8603,1888,10491,2026-09-03T02:32:13.255Z,FALSE,"",20:30,FALSE
fare_DEL-BOM_AI_2026-10-18_T+45_1788701812233_de95,DEL-BOM,EaseMyTrip,AI,AI-1710,2026-10-18,T+45,8603,1888,10491,2026-09-03T02:32:13.255Z,FALSE,"",18:35,FALSE
fare_DEL-BOM_AI_2026-10-18_T+45_1788701812233_ulg9,DEL-BOM,EaseMyTrip,AI,AI-1717,2026-10-18,T+45,8907,1955,10862,2026-09-03T02:32:13.255Z,FALSE,"",14:20,FALSE
fare_DEL-BOM_IX_2026-10-18_T+45_1788701812233_acch,DEL-BOM,EaseMyTrip,IX,IX-1049,2026-10-18,T+45,10578,2322,12900,2026-09-03T02:32:13.255Z,FALSE,"",18:40,FALSE
fare_DEL-BOM_IX_2026-10-18_T+45_1788701812233_2qb7,DEL-BOM,EaseMyTrip,IX,IX-1059,2026-10-18,T+45,9783,2147,11930,2026-09-03T02:32:13.255Z,FALSE,"",12:15,FALSE
fare_DEL-BOM_IX_2026-10-18_T+45_1788701812233_oua2,DEL-BOM,EaseMyTrip,IX,IX-1064,2026-10-18,T+45,9783,2147,11930,2026-09-03T02:32:13.255Z,FALSE,"",19:10,FALSE
fare_DEL-BOM_IX_2026-10-18_T+45_1788701812233_1hs4,DEL-BOM,EaseMyTrip,IX,IX-1783,2026-10-18,T+45,9783,2147,11930,2026-09-03T02:32:13.255Z,FALSE,"",07:20,FALSE
fare_DEL-BOM_IX_2026-10-18_T+45_1788701812233_7dyj,DEL-BOM,EaseMyTrip,IX,IX-2749,2026-10-18,T+45,10321,2265,12586,2026-09-03T02:32:13.255Z,FALSE,"",10:25,FALSE
fare_DEL-BOM_6E_2026-10-18_T+45_1788701812233_htk5,DEL-BOM,EaseMyTrip,6E,6E-628,2026-10-18,T+45,9742,2138,11880,2026-09-03T02:32:13.255Z,FALSE,"",23:15,FALSE
fare_DEL-BOM_6E_2026-10-18_T+45_1788701812233_6yf6,DEL-BOM,EaseMyTrip,6E,6E-459,2026-10-18,T+45,9742,2138,11880,2026-09-03T02:32:13.255Z,FALSE,"",23:15,FALSE
fare_DEL-BOM_IX_2026-10-18_T+45_1788701812233_drbc,DEL-BOM,EaseMyTrip,IX,IX-1108,2026-10-18,T+45,11560,2537,14097,2026-09-03T02:32:13.255Z,FALSE,"",05:00,FALSE
fare_DEL-BOM_IX_2026-10-18_T+45_1788701812233_bgu7,DEL-BOM,EaseMyTrip,IX,IX-1082,2026-10-18,T+45,11919,2616,14535,2026-09-03T02:32:13.255Z,FALSE,"",21:25,FALSE
fare_DEL-BOM_IX_2026-10-18_T+45_1788701812233_qtvl,DEL-BOM,EaseMyTrip,IX,IX-1817,2026-10-18,T+45,11919,2616,14535,2026-09-03T02:32:13.255Z,FALSE,"",19:30,FALSE
fare_DEL-BOM_AI_2026-10-18_T+45_1788701812233_yfqe,DEL-BOM,EaseMyTrip,AI,AI-2509,2026-10-18,T+45,11042,2424,13466,2026-09-03T02:32:13.255Z,FALSE,"",07:00,FALSE
fare_DEL-BOM_AI_2026-10-18_T+45_1788701812233_ubbq,DEL-BOM,EaseMyTrip,AI,AI-2715,2026-10-18,T+45,11186,2455,13641,2026-09-03T02:32:13.255Z,FALSE,"",11:40,FALSE
fare_DEL-BOM_AI_2026-10-18_T+45_1788701812233_gsv1,DEL-BOM,EaseMyTrip,AI,AI-2959,2026-10-18,T+45,11186,2455,13641,2026-09-03T02:32:13.255Z,FALSE,"",07:10,FALSE
fare_DEL-BOM_AI_2026-10-18_T+45_1788701812233_nl0v,DEL-BOM,EaseMyTrip,AI,AI-2939,2026-10-18,T+45,11273,2475,13748,2026-09-03T02:32:13.255Z,FALSE,"",16:40,FALSE
fare_DEL-BOM_AI_2026-10-18_T+45_1788701812233_q9hq,DEL-BOM,EaseMyTrip,AI,AI-881,2026-10-18,T+45,11273,2475,13748,2026-09-03T02:32:13.255Z,FALSE,"",13:35,FALSE
fare_DEL-BOM_AI_2026-10-18_T+45_1788701812233_8pjc,DEL-BOM,EaseMyTrip,AI,AI-809,2026-10-18,T+45,11463,2516,13979,2026-09-03T02:32:13.255Z,FALSE,"",17:40,FALSE
fare_DEL-BOM_AI_2026-10-18_T+45_1788701812233_j1e8,DEL-BOM,EaseMyTrip,AI,AI-817,2026-10-18,T+45,11463,2516,13979,2026-09-03T02:32:13.255Z,FALSE,"",05:55,FALSE
fare_DEL-BOM_AI_2026-10-18_T+45_1788701812233_9vb7,DEL-BOM,EaseMyTrip,AI,AI-9418,2026-10-18,T+45,11604,2547,14151,2026-09-03T02:32:13.255Z,FALSE,"",13:10,FALSE
fare_DEL-BOM_AI_2026-10-18_T+45_1788701812233_9as6,DEL-BOM,EaseMyTrip,AI,AI-1705,2026-10-18,T+45,11643,2556,14199,2026-09-03T02:32:13.255Z,FALSE,"",06:30,FALSE
fare_DEL-BOM_IX_2026-10-18_T+45_1788701812233_pvs1,DEL-BOM,EaseMyTrip,IX,IX-1070,2026-10-18,T+45,12012,2637,14649,2026-09-03T02:32:13.255Z,FALSE,"",21:15,FALSE
fare_DEL-BOM_IX_2026-10-18_T+45_1788701812233_907c,DEL-BOM,EaseMyTrip,IX,IX-5975,2026-10-18,T+45,12012,2637,14649,2026-09-03T02:32:13.255Z,FALSE,"",21:00,FALSE
fare_DEL-BOM_QP_2026-10-18_T+45_1788701812233_sagx,DEL-BOM,EaseMyTrip,QP,QP-1817,2026-10-18,T+45,11679,2564,14243,2026-09-03T02:32:13.255Z,FALSE,"",10:30,FALSE
fare_DEL-BOM_AI_2026-10-18_T+45_1788701812233_2moh,DEL-BOM,EaseMyTrip,AI,AI-2761,2026-10-18,T+45,12325,2705,15030,2026-09-03T02:32:13.255Z,FALSE,"",16:25,FALSE
fare_DEL-BOM_IX_2026-10-18_T+45_1788701812233_nh1v,DEL-BOM,EaseMyTrip,IX,IX-1068,2026-10-18,T+45,14229,3124,17353,2026-09-03T02:32:13.255Z,FALSE,"",11:55,FALSE
fare_DEL-BOM_AI_2026-10-18_T+45_1788701812233_gk1a,DEL-BOM,EaseMyTrip,AI,AI-1743,2026-10-18,T+45,13285,2916,16201,2026-09-03T02:32:13.255Z,FALSE,"",06:15,FALSE
fare_DEL-BOM_AI_2026-10-18_T+45_1788701812233_irfm,DEL-BOM,EaseMyTrip,AI,AI-2601,2026-10-18,T+45,13285,2916,16201,2026-09-03T02:32:13.255Z,FALSE,"",17:00,FALSE
fare_DEL-BOM_AI_2026-10-18_T+45_1788701812233_c3ar,DEL-BOM,EaseMyTrip,AI,AI-9584,2026-10-18,T+45,13537,2972,16509,2026-09-03T02:32:13.255Z,FALSE,"",11:15,FALSE
fare_DEL-BOM_AI_2026-10-18_T+45_1788701812233_fucq,DEL-BOM,EaseMyTrip,AI,AI-2515,2026-10-18,T+45,14147,3105,17252,2026-09-03T02:32:13.255Z,FALSE,"",12:10,FALSE
fare_DEL-BOM_AI_2026-10-18_T+45_1788701812233_koop,DEL-BOM,EaseMyTrip,AI,AI-9757,2026-10-18,T+45,14191,3115,17306,2026-09-03T02:32:13.255Z,FALSE,"",11:50,FALSE
fare_DEL-BOM_QP_2026-10-18_T+45_1788701812233_jkj8,DEL-BOM,EaseMyTrip,QP,QP-1822,2026-10-18,T+45,14380,3156,17536,2026-09-03T02:32:13.255Z,FALSE,"",16:40,FALSE
fare_DEL-BOM_AI_2026-10-18_T+45_1788701812233_124p,DEL-BOM,EaseMyTrip,AI,AI-2577,2026-10-18,T+45,14577,3200,17777,2026-09-03T02:32:13.255Z,FALSE,"",02:00,FALSE
fare_DEL-BOM_AI_2026-10-18_T+45_1788701812233_2mvb,DEL-BOM,EaseMyTrip,AI,AI-2560,2026-10-18,T+45,14577,3200,17777,2026-09-03T02:32:13.255Z,FALSE,"",07:00,FALSE
fare_DEL-BOM_AI_2026-10-18_T+45_1788701812233_k167,DEL-BOM,EaseMyTrip,AI,AI-2859,2026-10-18,T+45,14854,3261,18115,2026-09-03T02:32:13.255Z,TRUE,"High outlier: ₹18115 > upper fence ₹17870 (Q3: ₹11420, IQR: ₹4300)",10:30,FALSE
fare_DEL-BOM_AI_2026-10-18_T+45_1788701812233_wmk5,DEL-BOM,EaseMyTrip,AI,AI-1773,2026-10-18,T+45,14931,3278,18209,2026-09-03T02:32:13.255Z,TRUE,"High outlier: ₹18209 > upper fence ₹17870 (Q3: ₹11420, IQR: ₹4300)",10:30,FALSE
fare_DEL-BOM_AI_2026-10-18_T+45_1788701812233_6rt3,DEL-BOM,EaseMyTrip,AI,AI-421,2026-10-18,T+45,14931,3278,18209,2026-09-03T02:32:13.255Z,TRUE,"High outlier: ₹18209 > upper fence ₹17870 (Q3: ₹11420, IQR: ₹4300)",08:00,FALSE
fare_DEL-BOM_AI_2026-10-18_T+45_1788701812233_vhpv,DEL-BOM,EaseMyTrip,AI,AI-495,2026-10-18,T+45,14931,3278,18209,2026-09-03T02:32:13.255Z,TRUE,"High outlier: ₹18209 > upper fence ₹17870 (Q3: ₹11420, IQR: ₹4300)",07:15,FALSE
fare_DEL-BOM_AI_2026-10-18_T+45_1788701812233_kqik,DEL-BOM,EaseMyTrip,AI,AI-1703,2026-10-18,T+45,17378,3815,21193,2026-09-03T02:32:13.255Z,TRUE,"High outlier: ₹21193 > upper fence ₹17870 (Q3: ₹11420, IQR: ₹4300)",05:10,FALSE
fare_DEL-BOM_AI_2026-10-18_T+45_1788701812233_ql9u,DEL-BOM,EaseMyTrip,AI,AI-2465,2026-10-18,T+45,18040,3960,22000,2026-09-03T02:32:13.255Z,TRUE,"High outlier: ₹22000 > upper fence ₹17870 (Q3: ₹11420, IQR: ₹4300)",14:30,FALSE
fare_DEL-BOM_AI_2026-10-18_T+45_1788701812233_14hm,DEL-BOM,EaseMyTrip,AI,AI-2483,2026-10-18,T+45,18945,4159,23104,2026-09-03T02:32:13.255Z,TRUE,"High outlier: ₹23104 > upper fence ₹17870 (Q3: ₹11420, IQR: ₹4300)",12:20,FALSE
fare_DEL-BOM_AI_2026-10-18_T+45_1788701812233_bgbm,DEL-BOM,EaseMyTrip,AI,AI-2907,2026-10-18,T+45,19268,4229,23497,2026-09-03T02:32:13.255Z,TRUE,"High outlier: ₹23497 > upper fence ₹17870 (Q3: ₹11420, IQR: ₹4300)",12:00,FALSE
fare_DEL-BOM_AI_2026-10-18_T+45_1788701812233_jbhj,DEL-BOM,EaseMyTrip,AI,AI-2706,2026-10-18,T+45,19363,4250,23613,2026-09-03T02:32:13.255Z,TRUE,"High outlier: ₹23613 > upper fence ₹17870 (Q3: ₹11420, IQR: ₹4300)",14:10,FALSE
fare_DEL-BOM_AI_2026-10-18_T+45_1788701812233_79d9,DEL-BOM,EaseMyTrip,AI,AI-1739,2026-10-18,T+45,19624,4308,23932,2026-09-03T02:32:13.255Z,TRUE,"High outlier: ₹23932 > upper fence ₹17870 (Q3: ₹11420, IQR: ₹4300)",11:30,FALSE
fare_DEL-BOM_AI_2026-10-18_T+45_1788701812233_cq1n,DEL-BOM,EaseMyTrip,AI,AI-2803,2026-10-18,T+45,19764,4338,24102,2026-09-03T02:32:13.255Z,TRUE,"High outlier: ₹24102 > upper fence ₹17870 (Q3: ₹11420, IQR: ₹4300)",06:30,FALSE
fare_DEL-BOM_AI_2026-10-18_T+45_1788701812233_3dre,DEL-BOM,EaseMyTrip,AI,AI-1779,2026-10-18,T+45,19837,4354,24191,2026-09-03T02:32:13.255Z,TRUE,"High outlier: ₹24191 > upper fence ₹17870 (Q3: ₹11420, IQR: ₹4300)",13:45,FALSE
fare_DEL-BOM_AI_2026-10-18_T+45_1788701812233_g9uy,DEL-BOM,EaseMyTrip,AI,AI-2627,2026-10-18,T+45,19944,4378,24322,2026-09-03T02:32:13.255Z,TRUE,"High outlier: ₹24322 > upper fence ₹17870 (Q3: ₹11420, IQR: ₹4300)",10:45,FALSE
fare_DEL-BOM_AI_2026-10-18_T+45_1788701812233_3wpl,DEL-BOM,EaseMyTrip,AI,AI-427,2026-10-18,T+45,20078,4407,24485,2026-09-03T02:32:13.255Z,TRUE,"High outlier: ₹24485 > upper fence ₹17870 (Q3: ₹11420, IQR: ₹4300)",08:30,FALSE
fare_DEL-BOM_QP_2026-10-18_T+45_1788701812233_m3kh,DEL-BOM,EaseMyTrip,QP,QP-1803,2026-10-18,T+45,21397,4697,26094,2026-09-03T02:32:13.255Z,TRUE,"High outlier: ₹26094 > upper fence ₹17870 (Q3: ₹11420, IQR: ₹4300)",17:00,FALSE
fare_DEL-BOM_AI_2026-10-18_T+45_1788701812233_xv57,DEL-BOM,EaseMyTrip,AI,AI-2817,2026-10-18,T+45,23131,5077,28208,2026-09-03T02:32:13.255Z,TRUE,"High outlier: ₹28208 > upper fence ₹17870 (Q3: ₹11420, IQR: ₹4300)",16:30,FALSE
fare_DEL-BOM_AI_2026-10-18_T+45_1788701812233_hr9v,DEL-BOM,EaseMyTrip,AI,AI-2819,2026-10-18,T+45,23360,5128,28488,2026-09-03T02:32:13.255Z,TRUE,"High outlier: ₹28488 > upper fence ₹17870 (Q3: ₹11420, IQR: ₹4300)",15:00,FALSE
fare_DEL-BOM_SG_2026-10-18_T+45_1788701812233_mtn2,DEL-BOM,EaseMyTrip,SG,SG-850,2026-10-18,T+45,5353,1175,6528,2026-09-03T21:14:10.984Z,FALSE,"",20:10,TRUE
fare_DEL-BOM_SG_2026-10-18_T+45_1788701812233_ozse,DEL-BOM,EaseMyTrip,SG,SG-316,2026-10-18,T+45,5353,1175,6528,2026-09-03T21:14:10.984Z,FALSE,"",20:10,TRUE
fare_DEL-BOM_SG_2026-10-18_T+45_1788701812233_p55i,DEL-BOM,EaseMyTrip,SG,SG-385,2026-10-18,T+45,5353,1175,6528,2026-09-03T21:14:10.984Z,FALSE,"",22:30,TRUE
fare_DEL-BOM_SG_2026-10-18_T+45_1788701812233_899v,DEL-BOM,EaseMyTrip,SG,SG-377,2026-10-18,T+45,5353,1175,6528,2026-09-03T21:14:10.984Z,FALSE,"",22:30,TRUE
fare_DEL-BOM_6E_2026-10-18_T+45_1788701812233_5u8i,DEL-BOM,EaseMyTrip,6E,6E-164,2026-10-18,T+45,5756,1263,7019,2026-09-03T21:14:10.984Z,FALSE,"",03:00,TRUE
fare_DEL-BOM_6E_2026-10-18_T+45_1788701812233_jw0v,DEL-BOM,EaseMyTrip,6E,6E-414,2026-10-18,T+45,5756,1263,7019,2026-09-03T21:14:10.984Z,FALSE,"",03:00,TRUE
fare_DEL-BOM_6E_2026-10-18_T+45_1788701812233_vbq9,DEL-BOM,EaseMyTrip,6E,6E-676,2026-10-18,T+45,5756,1263,7019,2026-09-03T21:14:10.984Z,FALSE,"",23:30,TRUE
fare_DEL-BOM_6E_2026-10-18_T+45_1788701812233_xek4,DEL-BOM,EaseMyTrip,6E,6E-381,2026-10-18,T+45,5756,1263,7019,2026-09-03T21:14:10.984Z,FALSE,"",23:30,TRUE
fare_DEL-BOM_6E_2026-10-18_T+45_1788701812233_o2cy,DEL-BOM,EaseMyTrip,6E,6E-371,2026-10-18,T+45,5756,1263,7019,2026-09-03T21:14:10.984Z,FALSE,"",21:45,TRUE
fare_DEL-BOM_6E_2026-10-18_T+45_1788701812233_jany,DEL-BOM,EaseMyTrip,6E,6E-680,2026-10-18,T+45,5756,1263,7019,2026-09-03T21:14:10.984Z,FALSE,"",16:15,TRUE
fare_DEL-BOM_6E_2026-10-18_T+45_1788701812233_sr1f,DEL-BOM,EaseMyTrip,6E,6E-932,2026-10-18,T+45,5756,1263,7019,2026-09-03T21:14:10.984Z,FALSE,"",16:15,TRUE
fare_DEL-BOM_6E_2026-10-18_T+45_1788701812233_aag6,DEL-BOM,EaseMyTrip,6E,6E-509,2026-10-18,T+45,5756,1263,7019,2026-09-03T21:14:10.984Z,FALSE,"",15:30,TRUE
fare_DEL-BOM_6E_2026-10-18_T+45_1788701812233_29e0,DEL-BOM,EaseMyTrip,6E,6E-865,2026-10-18,T+45,5756,1263,7019,2026-09-03T21:14:10.984Z,FALSE,"",15:30,TRUE
fare_DEL-BOM_6E_2026-10-18_T+45_1788701812233_iic3,DEL-BOM,EaseMyTrip,6E,6E-436,2026-10-18,T+45,5756,1263,7019,2026-09-03T21:14:10.984Z,FALSE,"",13:00,TRUE
fare_DEL-BOM_6E_2026-10-18_T+45_1788701812233_fcy0,DEL-BOM,EaseMyTrip,6E,6E-689,2026-10-18,T+45,5756,1263,7019,2026-09-03T21:14:10.984Z,FALSE,"",13:00,TRUE
fare_DEL-BOM_6E_2026-10-18_T+45_1788701812233_rp1h,DEL-BOM,EaseMyTrip,6E,6E-594,2026-10-18,T+45,5756,1263,7019,2026-09-03T21:14:10.984Z,FALSE,"",05:00,TRUE
fare_DEL-BOM_6E_2026-10-18_T+45_1788701812233_2j8c,DEL-BOM,EaseMyTrip,6E,6E-186,2026-10-18,T+45,5756,1263,7019,2026-09-03T21:14:10.984Z,FALSE,"",05:00,TRUE
fare_DEL-BOM_6E_2026-10-18_T+45_1788701812233_jijr,DEL-BOM,EaseMyTrip,6E,6E-778,2026-10-18,T+45,5756,1263,7019,2026-09-03T21:14:10.984Z,FALSE,"",08:00,TRUE
fare_DEL-BOM_6E_2026-10-18_T+45_1788701812233_yjqt,DEL-BOM,EaseMyTrip,6E,6E-896,2026-10-18,T+45,5756,1263,7019,2026-09-03T21:14:10.984Z,FALSE,"",08:00,TRUE
fare_DEL-BOM_6E_2026-10-18_T+45_1788701812233_zal9,DEL-BOM,EaseMyTrip,6E,6E-978,2026-10-18,T+45,5756,1263,7019,2026-09-03T21:14:10.984Z,FALSE,"",08:45,TRUE
fare_DEL-BOM_6E_2026-10-18_T+45_1788701812233_duyw,DEL-BOM,EaseMyTrip,6E,6E-162,2026-10-18,T+45,5756,1263,7019,2026-09-03T21:14:10.984Z,FALSE,"",08:45,TRUE
fare_DEL-BOM_6E_2026-10-18_T+45_1788701812233_cnmv,DEL-BOM,EaseMyTrip,6E,6E-645,2026-10-18,T+45,5802,1273,7075,2026-09-03T21:14:10.984Z,FALSE,"",14:50,FALSE
fare_DEL-BOM_6E_2026-10-18_T+45_1788701812233_vg8t,DEL-BOM,EaseMyTrip,6E,6E-255,2026-10-18,T+45,5802,1273,7075,2026-09-03T21:14:10.984Z,FALSE,"",14:50,FALSE
fare_DEL-BOM_6E_2026-10-18_T+45_1788701812233_9k04,DEL-BOM,EaseMyTrip,6E,6E-333,2026-10-18,T+45,5838,1282,7120,2026-09-03T21:14:10.984Z,FALSE,"",19:30,FALSE
fare_DEL-BOM_6E_2026-10-18_T+45_1788701812233_9zzl,DEL-BOM,EaseMyTrip,6E,6E-852,2026-10-18,T+45,5838,1282,7120,2026-09-03T21:14:10.984Z,FALSE,"",19:30,FALSE
fare_DEL-BOM_6E_2026-10-18_T+45_1788701812233_0cp1,DEL-BOM,EaseMyTrip,6E,6E-627,2026-10-18,T+45,5928,1301,7229,2026-09-03T21:14:10.984Z,FALSE,"",20:20,TRUE
fare_DEL-BOM_6E_2026-10-18_T+45_1788701812233_w7vn,DEL-BOM,EaseMyTrip,6E,6E-285,2026-10-18,T+45,5928,1301,7229,2026-09-03T21:14:10.984Z,FALSE,"",20:20,TRUE
fare_DEL-BOM_6E_2026-10-18_T+45_1788701812233_i5dc,DEL-BOM,EaseMyTrip,6E,6E-838,2026-10-18,T+45,6011,1319,7330,2026-09-03T21:14:10.984Z,FALSE,"",16:10,FALSE
fare_DEL-BOM_6E_2026-10-18_T+45_1788701812233_qkk1,DEL-BOM,EaseMyTrip,6E,6E-404,2026-10-18,T+45,6119,1343,7462,2026-09-03T21:14:10.984Z,FALSE,"",08:30,FALSE
fare_DEL-BOM_6E_2026-10-18_T+45_1788701812233_bho9,DEL-BOM,EaseMyTrip,6E,6E-986,2026-10-18,T+45,6119,1343,7462,2026-09-03T21:14:10.984Z,FALSE,"",08:30,FALSE
fare_DEL-BOM_6E_2026-10-18_T+45_1788701812233_n17i,DEL-BOM,EaseMyTrip,6E,6E-933,2026-10-18,T+45,6125,1344,7469,2026-09-03T21:14:10.984Z,FALSE,"",20:45,TRUE
fare_DEL-BOM_6E_2026-10-18_T+45_1788701812233_nl4y,DEL-BOM,EaseMyTrip,6E,6E-425,2026-10-18,T+45,6125,1344,7469,2026-09-03T21:14:10.984Z,FALSE,"",20:45,TRUE
fare_DEL-BOM_6E_2026-10-18_T+45_1788701812233_yzkx,DEL-BOM,EaseMyTrip,6E,6E-217,2026-10-18,T+45,6371,1398,7769,2026-09-03T21:14:10.984Z,FALSE,"",20:00,TRUE
fare_DEL-BOM_6E_2026-10-18_T+45_1788701812233_kqt5,DEL-BOM,EaseMyTrip,6E,6E-619,2026-10-18,T+45,6371,1398,7769,2026-09-03T21:14:10.984Z,FALSE,"",20:00,TRUE
fare_DEL-BOM_6E_2026-10-18_T+45_1788701812233_geku,DEL-BOM,EaseMyTrip,6E,6E-409,2026-10-18,T+45,6371,1398,7769,2026-09-03T21:14:10.984Z,FALSE,"",19:00,TRUE
fare_DEL-BOM_6E_2026-10-18_T+45_1788701812233_d8g8,DEL-BOM,EaseMyTrip,6E,6E-633,2026-10-18,T+45,6371,1398,7769,2026-09-03T21:14:10.984Z,FALSE,"",19:00,TRUE
fare_DEL-BOM_6E_2026-10-18_T+45_1788701812234_g3wj,DEL-BOM,EaseMyTrip,6E,6E-545,2026-10-18,T+45,6371,1398,7769,2026-09-03T21:14:10.984Z,FALSE,"",18:00,TRUE
fare_DEL-BOM_6E_2026-10-18_T+45_1788701812234_bbn7,DEL-BOM,EaseMyTrip,6E,6E-347,2026-10-18,T+45,6371,1398,7769,2026-09-03T21:14:10.984Z,FALSE,"",18:00,TRUE
fare_DEL-BOM_6E_2026-10-18_T+45_1788701812234_qfcy,DEL-BOM,EaseMyTrip,6E,6E-894,2026-10-18,T+45,6590,1446,8036,2026-09-03T21:14:10.984Z,FALSE,"",02:25,FALSE
fare_DEL-BOM_6E_2026-10-18_T+45_1788701812234_1api,DEL-BOM,EaseMyTrip,6E,6E-284,2026-10-18,T+45,6590,1446,8036,2026-09-03T21:14:10.984Z,FALSE,"",02:25,FALSE
fare_DEL-BOM_6E_2026-10-18_T+45_1788701812234_cjcr,DEL-BOM,EaseMyTrip,6E,6E-268,2026-10-18,T+45,6654,1461,8115,2026-09-03T21:14:10.984Z,FALSE,"",19:30,FALSE
fare_DEL-BOM_6E_2026-10-18_T+45_1788701812234_6z5m,DEL-BOM,EaseMyTrip,6E,6E-699,2026-10-18,T+45,6654,1461,8115,2026-09-03T21:14:10.984Z,FALSE,"",19:30,FALSE
fare_DEL-BOM_6E_2026-10-18_T+45_1788701812234_1pzc,DEL-BOM,EaseMyTrip,6E,6E-951,2026-10-18,T+45,6654,1461,8115,2026-09-03T21:14:10.984Z,FALSE,"",12:10,FALSE
fare_DEL-BOM_6E_2026-10-18_T+45_1788701812234_gbjb,DEL-BOM,EaseMyTrip,6E,6E-826,2026-10-18,T+45,6654,1461,8115,2026-09-03T21:14:10.984Z,FALSE,"",12:10,FALSE
fare_DEL-BOM_6E_2026-10-18_T+45_1788701812234_j0td,DEL-BOM,EaseMyTrip,6E,6E-293,2026-10-18,T+45,8986,1973,10959,2026-09-03T21:14:10.984Z,FALSE,"",17:55,FALSE
fare_DEL-BOM_6E_2026-10-18_T+45_1788701812234_zqdu,DEL-BOM,EaseMyTrip,6E,6E-993,2026-10-18,T+45,8986,1973,10959,2026-09-03T21:14:10.984Z,FALSE,"",17:55,FALSE
fare_DEL-BOM_6E_2026-10-18_T+45_1788701812234_xhy6,DEL-BOM,EaseMyTrip,6E,6E-736,2026-10-18,T+45,10572,2321,12893,2026-09-03T21:14:10.984Z,FALSE,"",23:15,FALSE
fare_DEL-BOM_6E_2026-10-18_T+45_1788701812234_84pr,DEL-BOM,EaseMyTrip,6E,6E-397,2026-10-18,T+45,10572,2321,12893,2026-09-03T21:14:10.984Z,FALSE,"",23:15,FALSE
fare_DEL-BOM_AI_2026-10-18_T+45_1788701812234_6g3a,DEL-BOM,EaseMyTrip,AI,AI-2909,2026-10-18,T+45,11186,2455,13641,2026-09-03T21:14:10.984Z,FALSE,"",22:30,FALSE
fare_DEL-BOM_AI_2026-10-18_T+45_1788701812234_8yoa,DEL-BOM,EaseMyTrip,AI,AI-9759,2026-10-18,T+45,11219,2463,13682,2026-09-03T21:14:10.984Z,FALSE,"",06:00,FALSE
fare_DEL-BOM_IX_2026-10-18_T+45_1788701812234_v7nf,DEL-BOM,EaseMyTrip,IX,IX-1811,2026-10-18,T+45,13686,3004,16690,2026-09-03T21:14:10.984Z,FALSE,"",06:50,FALSE
fare_DEL-BOM_IX_2026-10-18_T+45_1788701812234_vh7d,DEL-BOM,EaseMyTrip,IX,IX-1815,2026-10-18,T+45,13686,3004,16690,2026-09-03T21:14:10.984Z,FALSE,"",19:05,FALSE
fare_DEL-BOM_AI_2026-10-18_T+45_1788701812234_1n0q,DEL-BOM,EaseMyTrip,AI,AI-1719,2026-10-18,T+45,15467,3395,18862,2026-09-03T21:14:10.984Z,TRUE,"High outlier: ₹18862 > upper fence ₹17870 (Q3: ₹11420, IQR: ₹4300)",11:55,FALSE
fare_DEL-BOM_IX_2026-10-18_T+45_1788701812234_o449,DEL-BOM,EaseMyTrip,IX,IX-1812,2026-10-18,T+45,15972,3506,19478,2026-09-03T21:14:10.984Z,TRUE,"High outlier: ₹19478 > upper fence ₹17870 (Q3: ₹11420, IQR: ₹4300)",11:15,FALSE
fare_DEL-BOM_IX_2026-10-18_T+45_1788701812234_ewha,DEL-BOM,EaseMyTrip,IX,IX-1081,2026-10-18,T+45,17669,3878,21547,2026-09-03T21:14:10.984Z,TRUE,"High outlier: ₹21547 > upper fence ₹17870 (Q3: ₹11420, IQR: ₹4300)",15:25,FALSE
fare_DEL-BOM_IX_2026-10-18_T+45_1788701812234_e8l6,DEL-BOM,EaseMyTrip,IX,IX-1273,2026-10-18,T+45,17669,3878,21547,2026-09-03T21:14:10.984Z,TRUE,"High outlier: ₹21547 > upper fence ₹17870 (Q3: ₹11420, IQR: ₹4300)",12:05,FALSE
fare_DEL-BOM_IX_2026-10-18_T+45_1788701812234_hekc,DEL-BOM,EaseMyTrip,IX,IX-1067,2026-10-18,T+45,25709,5644,31353,2026-09-03T21:14:10.984Z,TRUE,"High outlier: ₹31353 > upper fence ₹17870 (Q3: ₹11420, IQR: ₹4300)",06:10,FALSE
fare_DEL-BOM_IX_2026-10-18_T+45_1788701812234_yqki,DEL-BOM,EaseMyTrip,IX,IX-1076,2026-10-18,T+45,26959,5918,32877,2026-09-03T21:14:10.984Z,TRUE,"High outlier: ₹32877 > upper fence ₹17870 (Q3: ₹11420, IQR: ₹4300)",09:00,FALSE
fare_DEL-BOM_6E_2026-09-10_T+7_1788701812234_45fx,DEL-BOM,EaseMyTrip,6E,6E-6261,2026-09-10,T+7,4994,1096,6090,2026-09-03T02:31:53.921Z,FALSE,"",00:15,FALSE
fare_DEL-BOM_6E_2026-09-10_T+7_1788701812234_jys7,DEL-BOM,EaseMyTrip,6E,6E-5119,2026-09-10,T+7,4994,1096,6090,2026-09-03T02:31:53.921Z,FALSE,"",05:10,FALSE
fare_DEL-BOM_6E_2026-09-10_T+7_1788701812234_9j6k,DEL-BOM,EaseMyTrip,6E,6E-2013,2026-09-10,T+7,4994,1096,6090,2026-09-03T02:31:53.921Z,FALSE,"",21:50,FALSE
fare_DEL-BOM_6E_2026-09-10_T+7_1788701812234_yw77,DEL-BOM,EaseMyTrip,6E,6E-6190,2026-09-10,T+7,4998,1097,6095,2026-09-03T02:31:53.921Z,FALSE,"",07:40,FALSE
fare_DEL-BOM_IX_2026-09-10_T+7_1788701812234_bvy4,DEL-BOM,EaseMyTrip,IX,IX-1165,2026-09-10,T+7,5354,1175,6529,2026-09-03T02:31:53.921Z,FALSE,"",05:45,FALSE
fare_DEL-BOM_IX_2026-09-10_T+7_1788701812234_37mm,DEL-BOM,EaseMyTrip,IX,IX-1235,2026-09-10,T+7,5354,1175,6529,2026-09-03T02:31:53.921Z,FALSE,"",23:25,TRUE
fare_DEL-BOM_IX_2026-09-10_T+7_1788701812234_k60t,DEL-BOM,EaseMyTrip,IX,IX-1056,2026-09-10,T+7,5354,1175,6529,2026-09-03T02:31:53.921Z,FALSE,"",05:35,TRUE
fare_DEL-BOM_IX_2026-09-10_T+7_1788701812234_h3x2,DEL-BOM,EaseMyTrip,IX,IX-1080,2026-09-10,T+7,5354,1175,6529,2026-09-03T02:31:53.921Z,FALSE,"",18:40,TRUE
fare_DEL-BOM_6E_2026-09-10_T+7_1788701812234_f9ej,DEL-BOM,EaseMyTrip,6E,6E-2249,2026-09-10,T+7,5102,1120,6222,2026-09-03T02:31:53.921Z,FALSE,"",15:00,FALSE
fare_DEL-BOM_6E_2026-09-10_T+7_1788701812234_47io,DEL-BOM,EaseMyTrip,6E,6E-6829,2026-09-10,T+7,5102,1120,6222,2026-09-03T02:31:53.921Z,FALSE,"",17:20,FALSE
fare_DEL-BOM_6E_2026-09-10_T+7_1788701812234_qnes,DEL-BOM,EaseMyTrip,6E,6E-6443,2026-09-10,T+7,5102,1120,6222,2026-09-03T02:31:53.921Z,FALSE,"",09:00,FALSE
fare_DEL-BOM_6E_2026-09-10_T+7_1788701812234_y5zn,DEL-BOM,EaseMyTrip,6E,6E-6433,2026-09-10,T+7,5102,1120,6222,2026-09-03T02:31:53.921Z,FALSE,"",16:30,FALSE
fare_DEL-BOM_6E_2026-09-10_T+7_1788701812234_a3y7,DEL-BOM,EaseMyTrip,6E,6E-5138,2026-09-10,T+7,5102,1120,6222,2026-09-03T02:31:53.921Z,FALSE,"",19:10,FALSE
fare_DEL-BOM_6E_2026-09-10_T+7_1788701812234_6u3b,DEL-BOM,EaseMyTrip,6E,6E-6459,2026-09-10,T+7,5102,1120,6222,2026-09-03T02:31:53.921Z,FALSE,"",05:55,FALSE
fare_DEL-BOM_6E_2026-09-10_T+7_1788701812234_qmv3,DEL-BOM,EaseMyTrip,6E,6E-6490,2026-09-10,T+7,5105,1121,6226,2026-09-03T02:31:53.921Z,FALSE,"",04:55,FALSE
fare_DEL-BOM_6E_2026-09-10_T+7_1788701812234_cqck,DEL-BOM,EaseMyTrip,6E,6E-5298,2026-09-10,T+7,5166,1134,6300,2026-09-03T02:31:53.921Z,FALSE,"",09:00,FALSE
fare_DEL-BOM_6E_2026-09-10_T+7_1788701812234_7pd5,DEL-BOM,EaseMyTrip,6E,6E-5206,2026-09-10,T+7,5166,1134,6300,2026-09-03T02:31:53.921Z,FALSE,"",13:20,FALSE
fare_DEL-BOM_SG_2026-09-10_T+7_1788701812234_pf8e,DEL-BOM,EaseMyTrip,SG,SG-189,2026-09-10,T+7,5525,1213,6738,2026-09-03T02:31:53.921Z,FALSE,"",22:30,TRUE
fare_DEL-BOM_SG_2026-09-10_T+7_1788701812234_uh3r,DEL-BOM,EaseMyTrip,SG,SG-460,2026-09-10,T+7,5525,1213,6738,2026-09-03T02:31:53.921Z,FALSE,"",22:30,TRUE
fare_DEL-BOM_IX_2026-09-10_T+7_1788701812234_5myd,DEL-BOM,EaseMyTrip,IX,IX-1038,2026-09-10,T+7,5526,1213,6739,2026-09-03T02:31:53.921Z,FALSE,"",17:35,TRUE
fare_DEL-BOM_6E_2026-09-10_T+7_1788701812234_wnoc,DEL-BOM,EaseMyTrip,6E,6E-397,2026-09-10,T+7,5274,1158,6432,2026-09-03T02:31:53.921Z,FALSE,"",02:25,FALSE
fare_DEL-BOM_6E_2026-09-10_T+7_1788701812234_dvd9,DEL-BOM,EaseMyTrip,6E,6E-144,2026-09-10,T+7,5274,1158,6432,2026-09-03T02:31:53.921Z,FALSE,"",02:25,FALSE
fare_DEL-BOM_6E_2026-09-10_T+7_1788701812234_jmd4,DEL-BOM,EaseMyTrip,6E,6E-238,2026-09-10,T+7,5274,1158,6432,2026-09-03T02:31:53.921Z,FALSE,"",23:15,FALSE
fare_DEL-BOM_6E_2026-09-10_T+7_1788701812234_rxyv,DEL-BOM,EaseMyTrip,6E,6E-150,2026-09-10,T+7,5274,1158,6432,2026-09-03T02:31:53.921Z,FALSE,"",23:15,FALSE
fare_DEL-BOM_6E_2026-09-10_T+7_1788701812234_uc9b,DEL-BOM,EaseMyTrip,6E,6E-6497,2026-09-10,T+7,5274,1158,6432,2026-09-03T02:31:53.921Z,FALSE,"",18:40,FALSE
fare_DEL-BOM_6E_2026-09-10_T+7_1788701812234_di14,DEL-BOM,EaseMyTrip,6E,6E-946,2026-09-10,T+7,5338,1172,6510,2026-09-03T02:31:53.921Z,FALSE,"",19:30,FALSE
fare_DEL-BOM_6E_2026-09-10_T+7_1788701812234_wb1y,DEL-BOM,EaseMyTrip,6E,6E-566,2026-09-10,T+7,5338,1172,6510,2026-09-03T02:31:53.921Z,FALSE,"",19:30,FALSE
fare_DEL-BOM_QP_2026-09-10_T+7_1788701812234_98lg,DEL-BOM,EaseMyTrip,QP,QP-1119,2026-09-10,T+7,5355,1175,6530,2026-09-03T02:31:53.921Z,FALSE,"",08:40,TRUE
fare_DEL-BOM_QP_2026-09-10_T+7_1788701812234_zefd,DEL-BOM,EaseMyTrip,QP,QP-1110,2026-09-10,T+7,5355,1175,6530,2026-09-03T02:31:53.921Z,FALSE,"",10:30,TRUE
fare_DEL-BOM_QP_2026-09-10_T+7_1788701812234_3m7c,DEL-BOM,EaseMyTrip,QP,QP-1820,2026-09-10,T+7,5355,1175,6530,2026-09-03T02:31:53.921Z,FALSE,"",17:30,TRUE
fare_DEL-BOM_QP_2026-09-10_T+7_1788701812234_byai,DEL-BOM,EaseMyTrip,QP,QP-1833,2026-09-10,T+7,5355,1175,6530,2026-09-03T02:31:53.921Z,FALSE,"",06:50,TRUE
fare_DEL-BOM_QP_2026-09-10_T+7_1788701812234_rq15,DEL-BOM,EaseMyTrip,QP,QP-1112,2026-09-10,T+7,5355,1175,6530,2026-09-03T02:31:53.921Z,FALSE,"",09:20,TRUE
fare_DEL-BOM_QP_2026-09-10_T+7_1788701812234_bfzs,DEL-BOM,EaseMyTrip,QP,QP-1128,2026-09-10,T+7,5355,1175,6530,2026-09-03T02:31:53.921Z,FALSE,"",16:00,TRUE
fare_DEL-BOM_QP_2026-09-10_T+7_1788701812234_ljgc,DEL-BOM,EaseMyTrip,QP,QP-1836,2026-09-10,T+7,5355,1175,6530,2026-09-03T02:31:53.921Z,FALSE,"",12:30,TRUE
fare_DEL-BOM_6E_2026-09-10_T+7_1788701812234_vqyf,DEL-BOM,EaseMyTrip,6E,6E-813,2026-09-10,T+7,5355,1175,6530,2026-09-03T02:31:53.921Z,FALSE,"",05:00,TRUE
fare_DEL-BOM_6E_2026-09-10_T+7_1788701812234_j9i0,DEL-BOM,EaseMyTrip,6E,6E-539,2026-09-10,T+7,5355,1175,6530,2026-09-03T02:31:53.921Z,FALSE,"",05:00,TRUE
fare_DEL-BOM_6E_2026-09-10_T+7_1788701812234_b02y,DEL-BOM,EaseMyTrip,6E,6E-635,2026-09-10,T+7,5355,1175,6530,2026-09-03T02:31:53.921Z,FALSE,"",23:30,TRUE
fare_DEL-BOM_6E_2026-09-10_T+7_1788701812234_9140,DEL-BOM,EaseMyTrip,6E,6E-495,2026-09-10,T+7,5355,1175,6530,2026-09-03T02:31:53.921Z,FALSE,"",23:30,TRUE
fare_DEL-BOM_6E_2026-09-10_T+7_1788701812234_2726,DEL-BOM,EaseMyTrip,6E,6E-6114,2026-09-10,T+7,5355,1175,6530,2026-09-03T02:31:53.921Z,FALSE,"",22:45,TRUE
fare_DEL-BOM_6E_2026-09-10_T+7_1788701812234_wcgb,DEL-BOM,EaseMyTrip,6E,6E-6706,2026-09-10,T+7,5355,1175,6530,2026-09-03T02:31:53.921Z,FALSE,"",17:00,TRUE
fare_DEL-BOM_6E_2026-09-10_T+7_1788701812234_ypmb,DEL-BOM,EaseMyTrip,6E,6E-878,2026-09-10,T+7,5355,1175,6530,2026-09-03T02:31:53.921Z,FALSE,"",16:15,TRUE
fare_DEL-BOM_6E_2026-09-10_T+7_1788701812234_ux70,DEL-BOM,EaseMyTrip,6E,6E-730,2026-09-10,T+7,5355,1175,6530,2026-09-03T02:31:53.921Z,FALSE,"",16:15,TRUE
fare_DEL-BOM_6E_2026-09-10_T+7_1788701812234_kqaf,DEL-BOM,EaseMyTrip,6E,6E-832,2026-09-10,T+7,5355,1175,6530,2026-09-03T02:31:53.921Z,FALSE,"",15:30,TRUE
fare_DEL-BOM_6E_2026-09-10_T+7_1788701812234_oq3l,DEL-BOM,EaseMyTrip,6E,6E-957,2026-09-10,T+7,5355,1175,6530,2026-09-03T02:31:53.921Z,FALSE,"",15:30,TRUE
fare_DEL-BOM_6E_2026-09-10_T+7_1788701812234_ap82,DEL-BOM,EaseMyTrip,6E,6E-6022,2026-09-10,T+7,5355,1175,6530,2026-09-03T02:31:53.921Z,FALSE,"",14:00,TRUE
fare_DEL-BOM_6E_2026-09-10_T+7_1788701812234_e8qh,DEL-BOM,EaseMyTrip,6E,6E-6318,2026-09-10,T+7,5355,1175,6530,2026-09-03T02:31:53.921Z,FALSE,"",14:45,TRUE
fare_DEL-BOM_6E_2026-09-10_T+7_1788701812234_27kx,DEL-BOM,EaseMyTrip,6E,6E-120,2026-09-10,T+7,5355,1175,6530,2026-09-03T02:31:53.921Z,FALSE,"",08:45,TRUE
fare_DEL-BOM_6E_2026-09-10_T+7_1788701812234_n9p2,DEL-BOM,EaseMyTrip,6E,6E-229,2026-09-10,T+7,5355,1175,6530,2026-09-03T02:31:53.921Z,FALSE,"",08:45,TRUE
fare_DEL-BOM_6E_2026-09-10_T+7_1788701812234_dr09,DEL-BOM,EaseMyTrip,6E,6E-6328,2026-09-10,T+7,5355,1175,6530,2026-09-03T02:31:53.921Z,FALSE,"",10:15,TRUE
fare_DEL-BOM_6E_2026-09-10_T+7_1788701812234_fb6p,DEL-BOM,EaseMyTrip,6E,6E-6047,2026-09-10,T+7,5355,1175,6530,2026-09-03T02:31:53.921Z,FALSE,"",11:00,TRUE
fare_DEL-BOM_6E_2026-09-10_T+7_1788701812234_c7j5,DEL-BOM,EaseMyTrip,6E,6E-6676,2026-09-10,T+7,5355,1175,6530,2026-09-03T02:31:53.921Z,FALSE,"",12:00,TRUE
fare_DEL-BOM_6E_2026-09-10_T+7_1788701812234_lgk0,DEL-BOM,EaseMyTrip,6E,6E-858,2026-09-10,T+7,5355,1175,6530,2026-09-03T02:31:53.921Z,FALSE,"",13:00,TRUE
fare_DEL-BOM_6E_2026-09-10_T+7_1788701812234_yw05,DEL-BOM,EaseMyTrip,6E,6E-868,2026-09-10,T+7,5355,1175,6530,2026-09-03T02:31:53.921Z,FALSE,"",13:00,TRUE
fare_DEL-BOM_6E_2026-09-10_T+7_1788701812234_43q9,DEL-BOM,EaseMyTrip,6E,6E-6107,2026-09-10,T+7,5355,1175,6530,2026-09-03T02:31:53.921Z,FALSE,"",09:30,TRUE
fare_DEL-BOM_6E_2026-09-10_T+7_1788701812234_s8dl,DEL-BOM,EaseMyTrip,6E,6E-2076,2026-09-10,T+7,5381,1181,6562,2026-09-03T02:31:53.921Z,FALSE,"",07:30,FALSE
fare_DEL-BOM_6E_2026-09-10_T+7_1788701812234_dyz7,DEL-BOM,EaseMyTrip,6E,6E-6983,2026-09-10,T+7,5381,1181,6562,2026-09-03T02:31:53.921Z,FALSE,"",15:35,FALSE
fare_DEL-BOM_6E_2026-09-10_T+7_1788701812234_mtek,DEL-BOM,EaseMyTrip,6E,6E-2331,2026-09-10,T+7,5381,1181,6562,2026-09-03T02:31:53.921Z,FALSE,"",12:20,FALSE
fare_DEL-BOM_QP_2026-09-10_T+7_1788701812234_q5l0,DEL-BOM,EaseMyTrip,QP,QP-1940,2026-09-10,T+7,5427,1191,6618,2026-09-03T02:31:53.921Z,FALSE,"",14:05,TRUE
fare_DEL-BOM_6E_2026-09-10_T+7_1788701812234_50du,DEL-BOM,EaseMyTrip,6E,6E-5198,2026-09-10,T+7,5427,1191,6618,2026-09-03T02:31:53.921Z,FALSE,"",15:00,TRUE
fare_DEL-BOM_6E_2026-09-10_T+7_1788701812234_uusx,DEL-BOM,EaseMyTrip,6E,6E-6218,2026-09-10,T+7,5484,1204,6688,2026-09-03T02:31:53.921Z,FALSE,"",06:05,TRUE
fare_DEL-BOM_6E_2026-09-10_T+7_1788701812234_yeas,DEL-BOM,EaseMyTrip,6E,6E-6470,2026-09-10,T+7,5526,1213,6739,2026-09-03T02:31:53.921Z,FALSE,"",06:55,TRUE
fare_DEL-BOM_6E_2026-09-10_T+7_1788701812234_dr94,DEL-BOM,EaseMyTrip,6E,6E-6479,2026-09-10,T+7,5553,1219,6772,2026-09-03T02:31:53.921Z,FALSE,"",21:25,FALSE
fare_DEL-BOM_6E_2026-09-10_T+7_1788701812234_r649,DEL-BOM,EaseMyTrip,6E,6E-6050,2026-09-10,T+7,5553,1219,6772,2026-09-03T02:31:53.921Z,FALSE,"",08:15,FALSE
fare_DEL-BOM_AI_2026-09-10_T+7_1788701812234_nre2,DEL-BOM,EaseMyTrip,AI,AI-2678,2026-09-10,T+7,5740,1260,7000,2026-09-03T02:31:53.921Z,FALSE,"",08:30,TRUE
fare_DEL-BOM_AI_2026-09-10_T+7_1788701812234_4duh,DEL-BOM,EaseMyTrip,AI,AI-2963,2026-09-10,T+7,5740,1260,7000,2026-09-03T02:31:53.921Z,FALSE,"",09:00,TRUE
fare_DEL-BOM_AI_2026-09-10_T+7_1788701812234_lrbc,DEL-BOM,EaseMyTrip,AI,AI-1745,2026-09-10,T+7,5740,1260,7000,2026-09-03T02:31:53.921Z,FALSE,"",05:00,TRUE
fare_DEL-BOM_AI_2026-09-10_T+7_1788701812234_au2p,DEL-BOM,EaseMyTrip,AI,AI-2941,2026-09-10,T+7,5740,1260,7000,2026-09-03T02:31:53.921Z,FALSE,"",16:30,TRUE
fare_DEL-BOM_AI_2026-09-10_T+7_1788701812234_7kcj,DEL-BOM,EaseMyTrip,AI,AI-2995,2026-09-10,T+7,5740,1260,7000,2026-09-03T02:31:53.921Z,FALSE,"",10:00,TRUE
fare_DEL-BOM_AI_2026-09-10_T+7_1788701812234_2ovk,DEL-BOM,EaseMyTrip,AI,AI-1785,2026-09-10,T+7,5740,1260,7000,2026-09-03T02:31:53.921Z,FALSE,"",12:00,TRUE
fare_DEL-BOM_AI_2026-09-10_T+7_1788701812234_pu0q,DEL-BOM,EaseMyTrip,AI,AI-1777,2026-09-10,T+7,5740,1260,7000,2026-09-03T02:31:53.921Z,FALSE,"",16:00,TRUE
fare_DEL-BOM_AI_2026-09-10_T+7_1788701812234_bg3h,DEL-BOM,EaseMyTrip,AI,AI-441,2026-09-10,T+7,5740,1260,7000,2026-09-03T02:31:53.921Z,FALSE,"",17:00,TRUE
fare_DEL-BOM_AI_2026-09-10_T+7_1788701812234_5y7s,DEL-BOM,EaseMyTrip,AI,AI-2439,2026-09-10,T+7,5740,1260,7000,2026-09-03T02:31:53.921Z,FALSE,"",23:00,TRUE
fare_DEL-BOM_AI_2026-09-10_T+7_1788701812234_uhzn,DEL-BOM,EaseMyTrip,AI,AI-2927,2026-09-10,T+7,5740,1260,7000,2026-09-03T02:31:53.921Z,FALSE,"",09:30,TRUE
fare_DEL-BOM_AI_2026-09-10_T+7_1788701812234_u6eh,DEL-BOM,EaseMyTrip,AI,AI-1780,2026-09-10,T+7,5740,1260,7000,2026-09-03T02:31:53.921Z,FALSE,"",16:10,TRUE
fare_DEL-BOM_QP_2026-09-10_T+7_1788701812234_rq6n,DEL-BOM,EaseMyTrip,QP,QP-1826,2026-09-10,T+7,5652,1241,6893,2026-09-03T02:31:53.921Z,FALSE,"",19:55,TRUE
fare_DEL-BOM_6E_2026-09-10_T+7_1788701812234_i8ha,DEL-BOM,EaseMyTrip,6E,6E-213,2026-09-10,T+7,5656,1242,6898,2026-09-03T02:31:53.921Z,FALSE,"",21:45,TRUE
fare_DEL-BOM_6E_2026-09-10_T+7_1788701812234_o0co,DEL-BOM,EaseMyTrip,6E,6E-174,2026-09-10,T+7,5656,1242,6898,2026-09-03T02:31:53.921Z,FALSE,"",21:45,TRUE
fare_DEL-BOM_6E_2026-09-10_T+7_1788701812234_d8c0,DEL-BOM,EaseMyTrip,6E,6E-663,2026-09-10,T+7,5656,1242,6898,2026-09-03T02:31:53.921Z,FALSE,"",20:00,TRUE
fare_DEL-BOM_6E_2026-09-10_T+7_1788701812234_4fcl,DEL-BOM,EaseMyTrip,6E,6E-964,2026-09-10,T+7,5656,1242,6898,2026-09-03T02:31:53.921Z,FALSE,"",20:00,TRUE
fare_DEL-BOM_6E_2026-09-10_T+7_1788701812234_vhb0,DEL-BOM,EaseMyTrip,6E,6E-782,2026-09-10,T+7,5656,1242,6898,2026-09-03T02:31:53.921Z,FALSE,"",19:00,TRUE
fare_DEL-BOM_6E_2026-09-10_T+7_1788701812234_bjnj,DEL-BOM,EaseMyTrip,6E,6E-187,2026-09-10,T+7,5656,1242,6898,2026-09-03T02:31:53.921Z,FALSE,"",19:00,TRUE
fare_DEL-BOM_6E_2026-09-10_T+7_1788701812234_otfa,DEL-BOM,EaseMyTrip,6E,6E-695,2026-09-10,T+7,5656,1242,6898,2026-09-03T02:31:53.921Z,FALSE,"",18:00,TRUE
fare_DEL-BOM_6E_2026-09-10_T+7_1788701812234_j4xg,DEL-BOM,EaseMyTrip,6E,6E-383,2026-09-10,T+7,5656,1242,6898,2026-09-03T02:31:53.921Z,FALSE,"",20:45,TRUE
fare_DEL-BOM_6E_2026-09-10_T+7_1788701812234_9mwp,DEL-BOM,EaseMyTrip,6E,6E-669,2026-09-10,T+7,5656,1242,6898,2026-09-03T02:31:53.921Z,FALSE,"",20:45,TRUE
fare_DEL-BOM_6E_2026-09-10_T+7_1788701812234_b832,DEL-BOM,EaseMyTrip,6E,6E-463,2026-09-10,T+7,5656,1242,6898,2026-09-03T02:31:53.921Z,FALSE,"",08:00,TRUE
fare_DEL-BOM_6E_2026-09-10_T+7_1788701812234_0a34,DEL-BOM,EaseMyTrip,6E,6E-901,2026-09-10,T+7,5656,1242,6898,2026-09-03T02:31:53.921Z,FALSE,"",08:00,TRUE
fare_DEL-BOM_6E_2026-09-10_T+7_1788701812234_8i79,DEL-BOM,EaseMyTrip,6E,6E-6814,2026-09-10,T+7,5656,1242,6898,2026-09-03T02:31:53.921Z,FALSE,"",07:15,TRUE
fare_DEL-BOM_6E_2026-09-10_T+7_1788701812234_8cx3,DEL-BOM,EaseMyTrip,6E,6E-6282,2026-09-10,T+7,5660,1243,6903,2026-09-03T02:31:53.921Z,FALSE,"",13:30,FALSE
fare_DEL-BOM_6E_2026-09-10_T+7_1788701812234_ue11,DEL-BOM,EaseMyTrip,6E,6E-345,2026-09-10,T+7,5698,1251,6949,2026-09-03T02:31:53.921Z,FALSE,"",20:20,TRUE
fare_DEL-BOM_6E_2026-09-10_T+7_1788701812234_ttdo,DEL-BOM,EaseMyTrip,6E,6E-525,2026-09-10,T+7,5698,1251,6949,2026-09-03T02:31:53.921Z,FALSE,"",20:20,TRUE
fare_DEL-BOM_AI_2026-09-10_T+7_1788701812234_nnj6,DEL-BOM,EaseMyTrip,AI,AI-2975,2026-09-10,T+7,5870,1289,7159,2026-09-03T02:31:53.921Z,FALSE,"",06:30,TRUE
fare_DEL-BOM_AI_2026-09-10_T+7_1788701812234_84wv,DEL-BOM,EaseMyTrip,AI,AI-2951,2026-09-10,T+7,6043,1326,7369,2026-09-03T02:31:53.921Z,FALSE,"",13:30,TRUE
fare_DEL-BOM_AI_2026-09-10_T+7_1788701812234_z6ts,DEL-BOM,EaseMyTrip,AI,AI-887,2026-09-10,T+7,6043,1326,7369,2026-09-03T02:31:53.921Z,FALSE,"",21:00,TRUE
fare_DEL-BOM_AI_2026-09-10_T+7_1788701812234_p2ul,DEL-BOM,EaseMyTrip,AI,AI-2981,2026-09-10,T+7,6043,1326,7369,2026-09-03T02:31:53.921Z,FALSE,"",21:00,TRUE
fare_DEL-BOM_AI_2026-09-10_T+7_1788701812234_1z69,DEL-BOM,EaseMyTrip,AI,AI-2429,2026-09-10,T+7,6043,1326,7369,2026-09-03T02:31:53.921Z,FALSE,"",07:00,TRUE
fare_DEL-BOM_AI_2026-09-10_T+7_1788701812234_o6fm,DEL-BOM,EaseMyTrip,AI,AI-2943,2026-09-10,T+7,6043,1326,7369,2026-09-03T02:31:53.921Z,FALSE,"",07:30,TRUE
fare_DEL-BOM_AI_2026-09-10_T+7_1788701812234_b2s3,DEL-BOM,EaseMyTrip,AI,AI-2945,2026-09-10,T+7,6043,1326,7369,2026-09-03T02:31:53.921Z,FALSE,"",11:00,TRUE
fare_DEL-BOM_AI_2026-09-10_T+7_1788701812234_0f6c,DEL-BOM,EaseMyTrip,AI,AI-2933,2026-09-10,T+7,6043,1326,7369,2026-09-03T02:31:53.921Z,FALSE,"",15:30,TRUE
fare_DEL-BOM_6E_2026-09-10_T+7_1788701812234_nink,DEL-BOM,EaseMyTrip,6E,6E-5038,2026-09-10,T+7,5978,1312,7290,2026-09-03T02:31:53.921Z,FALSE,"",14:00,FALSE
fare_DEL-BOM_AI_2026-09-10_T+7_1788701812234_vz8b,DEL-BOM,EaseMyTrip,AI,AI-2433,2026-09-10,T+7,6193,1360,7553,2026-09-03T02:31:53.921Z,FALSE,"",21:30,TRUE
fare_DEL-BOM_AI_2026-09-10_T+7_1788701812234_6w3h,DEL-BOM,EaseMyTrip,AI,AI-2985,2026-09-10,T+7,6257,1373,7630,2026-09-03T02:31:53.921Z,FALSE,"",19:30,TRUE
fare_DEL-BOM_AI_2026-09-10_T+7_1788701812234_ekoq,DEL-BOM,EaseMyTrip,AI,AI-2957,2026-09-10,T+7,6257,1373,7630,2026-09-03T02:31:53.921Z,FALSE,"",20:30,TRUE
fare_DEL-BOM_6E_2026-09-10_T+7_1788701812234_am2r,DEL-BOM,EaseMyTrip,6E,6E-7646,2026-09-10,T+7,6120,1343,7463,2026-09-03T02:31:53.921Z,FALSE,"",06:15,FALSE
fare_DEL-BOM_6E_2026-09-10_T+7_1788701812234_ngnj,DEL-BOM,EaseMyTrip,6E,6E-7642,2026-09-10,T+7,6155,1351,7506,2026-09-03T02:31:53.921Z,FALSE,"",15:45,FALSE
fare_DEL-BOM_AI_2026-09-10_T+7_1788701812234_lpwy,DEL-BOM,EaseMyTrip,AI,AI-2955,2026-09-10,T+7,6395,1404,7799,2026-09-03T02:31:53.921Z,FALSE,"",18:00,TRUE
fare_DEL-BOM_AI_2026-09-10_T+7_1788701812234_gtth,DEL-BOM,EaseMyTrip,AI,AI-2805,2026-09-10,T+7,6467,1419,7886,2026-09-03T02:31:53.921Z,FALSE,"",20:00,TRUE
fare_DEL-BOM_AI_2026-09-10_T+7_1788701812234_o1oa,DEL-BOM,EaseMyTrip,AI,AI-2977,2026-09-10,T+7,6519,1431,7950,2026-09-03T02:31:53.921Z,FALSE,"",19:00,TRUE
fare_DEL-BOM_6E_2026-09-10_T+7_1788701812234_btmh,DEL-BOM,EaseMyTrip,6E,6E-2169,2026-09-10,T+7,6380,1401,7781,2026-09-03T02:31:53.921Z,FALSE,"",19:40,FALSE
fare_DEL-BOM_6E_2026-09-10_T+7_1788701812234_mkkm,DEL-BOM,EaseMyTrip,6E,6E-177,2026-09-10,T+7,6445,1415,7860,2026-09-03T02:31:53.921Z,FALSE,"",16:10,FALSE
fare_DEL-BOM_6E_2026-09-10_T+7_1788701812234_f490,DEL-BOM,EaseMyTrip,6E,6E-717,2026-09-10,T+7,6445,1415,7860,2026-09-03T02:31:53.921Z,FALSE,"",16:10,FALSE
fare_DEL-BOM_6E_2026-09-10_T+7_1788701812234_eg17,DEL-BOM,EaseMyTrip,6E,6E-6293,2026-09-10,T+7,7067,1551,8618,2026-09-03T02:31:53.921Z,FALSE,"",09:55,FALSE
fare_DEL-BOM_6E_2026-09-10_T+7_1788701812234_5n4i,DEL-BOM,EaseMyTrip,6E,6E-6171,2026-09-10,T+7,7350,1614,8964,2026-09-03T02:31:53.921Z,FALSE,"",05:40,FALSE
fare_DEL-BOM_IX_2026-09-10_T+7_1788701812234_5v4y,DEL-BOM,EaseMyTrip,IX,IX-1049,2026-09-10,T+7,8142,1787,9929,2026-09-03T02:31:53.921Z,FALSE,"",18:40,FALSE
fare_DEL-BOM_6E_2026-09-10_T+7_1788701812234_q0ns,DEL-BOM,EaseMyTrip,6E,6E-2349,2026-09-10,T+7,7637,1677,9314,2026-09-03T02:31:53.921Z,FALSE,"",10:55,FALSE
fare_DEL-BOM_AI_2026-09-10_T+7_1788701812234_5pi0,DEL-BOM,EaseMyTrip,AI,AI-2509,2026-09-10,T+7,7847,1722,9569,2026-09-03T02:31:53.921Z,FALSE,"",06:55,FALSE
fare_DEL-BOM_6E_2026-09-10_T+7_1788701812234_jso1,DEL-BOM,EaseMyTrip,6E,6E-2496,2026-09-10,T+7,7888,1732,9620,2026-09-03T02:31:53.921Z,FALSE,"",12:40,FALSE
fare_DEL-BOM_AI_2026-09-10_T+7_1788701812234_wxfx,DEL-BOM,EaseMyTrip,AI,AI-2499,2026-09-10,T+7,8129,1785,9914,2026-09-03T02:31:53.921Z,FALSE,"",05:55,FALSE
fare_DEL-BOM_AI_2026-09-10_T+7_1788701812234_36j2,DEL-BOM,EaseMyTrip,AI,AI-2569,2026-09-10,T+7,8129,1785,9914,2026-09-03T02:31:53.921Z,FALSE,"",20:25,FALSE
fare_DEL-BOM_AI_2026-09-10_T+7_1788701812234_povt,DEL-BOM,EaseMyTrip,AI,AI-1717,2026-09-10,T+7,8129,1785,9914,2026-09-03T02:31:53.921Z,FALSE,"",14:20,FALSE
fare_DEL-BOM_6E_2026-09-10_T+7_1788701812234_n99e,DEL-BOM,EaseMyTrip,6E,6E-952,2026-09-10,T+7,7995,1755,9750,2026-09-03T02:31:53.921Z,FALSE,"",19:35,FALSE
fare_DEL-BOM_6E_2026-09-10_T+7_1788701812234_bkro,DEL-BOM,EaseMyTrip,6E,6E-227,2026-09-10,T+7,7995,1755,9750,2026-09-03T02:31:53.921Z,FALSE,"",19:35,FALSE
fare_DEL-BOM_AI_2026-09-10_T+7_1788701812234_2ryt,DEL-BOM,EaseMyTrip,AI,AI-1710,2026-09-10,T+7,8646,1898,10544,2026-09-03T02:31:53.921Z,FALSE,"",18:35,FALSE
fare_DEL-BOM_AI_2026-09-10_T+7_1788701812234_fy3q,DEL-BOM,EaseMyTrip,AI,AI-9920,2026-09-10,T+7,8718,1914,10632,2026-09-03T02:31:53.921Z,FALSE,"",10:50,FALSE
fare_DEL-BOM_AI_2026-09-10_T+7_1788701812234_sgez,DEL-BOM,EaseMyTrip,AI,AI-1705,2026-09-10,T+7,8895,1952,10847,2026-09-03T02:31:53.921Z,FALSE,"",06:30,FALSE
fare_DEL-BOM_6E_2026-09-10_T+7_1788701812234_yxrp,DEL-BOM,EaseMyTrip,6E,6E-5073,2026-09-10,T+7,8744,1919,10663,2026-09-03T02:31:53.921Z,FALSE,"",17:05,FALSE
fare_DEL-BOM_6E_2026-09-10_T+7_1788701812234_i72m,DEL-BOM,EaseMyTrip,6E,6E-188,2026-09-10,T+7,8999,1975,10974,2026-09-03T02:31:53.921Z,FALSE,"",12:15,FALSE
fare_DEL-BOM_6E_2026-09-10_T+7_1788701812234_xopb,DEL-BOM,EaseMyTrip,6E,6E-257,2026-09-10,T+7,8999,1975,10974,2026-09-03T02:31:53.921Z,FALSE,"",12:15,FALSE
fare_DEL-BOM_AI_2026-09-10_T+7_1788701812234_vly9,DEL-BOM,EaseMyTrip,AI,AI-9757,2026-09-10,T+7,9551,2097,11648,2026-09-03T02:31:53.921Z,FALSE,"",11:50,FALSE
fare_DEL-BOM_6E_2026-09-10_T+7_1788701812234_w3z2,DEL-BOM,EaseMyTrip,6E,6E-379,2026-09-10,T+7,9420,2068,11488,2026-09-03T02:31:53.921Z,FALSE,"",10:00,FALSE
fare_DEL-BOM_6E_2026-09-10_T+7_1788701812234_n130,DEL-BOM,EaseMyTrip,6E,6E-218,2026-09-10,T+7,9420,2068,11488,2026-09-03T02:31:53.921Z,FALSE,"",10:00,FALSE
fare_DEL-BOM_6E_2026-09-10_T+7_1788701812234_8sqi,DEL-BOM,EaseMyTrip,6E,6E-2341,2026-09-10,T+7,10348,2272,12620,2026-09-03T02:31:53.921Z,FALSE,"",14:50,FALSE
fare_DEL-BOM_6E_2026-09-10_T+7_1788701812234_npb9,DEL-BOM,EaseMyTrip,6E,6E-6601,2026-09-10,T+7,10508,2307,12815,2026-09-03T02:31:53.921Z,FALSE,"",19:45,FALSE
fare_DEL-BOM_AI_2026-09-10_T+7_1788701812234_w2p7,DEL-BOM,EaseMyTrip,AI,AI-2715,2026-09-10,T+7,11186,2455,13641,2026-09-03T02:31:53.921Z,FALSE,"",11:40,FALSE
fare_DEL-BOM_AI_2026-09-10_T+7_1788701812234_ocl3,DEL-BOM,EaseMyTrip,AI,AI-2909,2026-09-10,T+7,11186,2455,13641,2026-09-03T02:31:53.921Z,FALSE,"",22:30,FALSE
fare_DEL-BOM_AI_2026-09-10_T+7_1788701812234_cnnd,DEL-BOM,EaseMyTrip,AI,AI-2545,2026-09-10,T+7,11186,2455,13641,2026-09-03T02:31:53.921Z,FALSE,"",20:30,FALSE
fare_DEL-BOM_AI_2026-09-10_T+7_1788701812234_7t18,DEL-BOM,EaseMyTrip,AI,AI-531,2026-09-10,T+7,11186,2455,13641,2026-09-03T02:31:53.921Z,FALSE,"",19:20,FALSE
fare_DEL-BOM_AI_2026-09-10_T+7_1788701812234_07mk,DEL-BOM,EaseMyTrip,AI,AI-809,2026-09-10,T+7,11186,2455,13641,2026-09-03T02:31:53.921Z,FALSE,"",17:40,FALSE
fare_DEL-BOM_AI_2026-09-10_T+7_1788701812234_bm9j,DEL-BOM,EaseMyTrip,AI,AI-2939,2026-09-10,T+7,11273,2475,13748,2026-09-03T02:31:53.921Z,FALSE,"",16:40,FALSE
fare_DEL-BOM_IX_2026-09-10_T+7_1788701812234_gbyk,DEL-BOM,EaseMyTrip,IX,IX-5975,2026-09-10,T+7,11595,2545,14140,2026-09-03T02:31:53.921Z,FALSE,"",21:00,FALSE
fare_DEL-BOM_IX_2026-09-10_T+7_1788701812234_r3n2,DEL-BOM,EaseMyTrip,IX,IX-1070,2026-09-10,T+7,11595,2545,14140,2026-09-03T02:31:53.921Z,FALSE,"",18:20,FALSE
fare_DEL-BOM_6E_2026-09-10_T+7_1788701812234_gt0a,DEL-BOM,EaseMyTrip,6E,6E-371,2026-09-10,T+7,11414,2506,13920,2026-09-03T02:31:53.921Z,FALSE,"",08:30,FALSE
fare_DEL-BOM_6E_2026-09-10_T+7_1788701812234_o7fl,DEL-BOM,EaseMyTrip,6E,6E-249,2026-09-10,T+7,11414,2506,13920,2026-09-03T02:31:53.921Z,FALSE,"",08:30,FALSE
fare_DEL-BOM_6E_2026-09-10_T+7_1788701812234_0k1x,DEL-BOM,EaseMyTrip,6E,6E-5014,2026-09-10,T+7,11530,2531,14061,2026-09-03T02:31:53.921Z,FALSE,"",18:30,FALSE
fare_DEL-BOM_QP_2026-09-10_T+7_1788701812234_to7u,DEL-BOM,EaseMyTrip,QP,QP-1815,2026-09-10,T+7,11888,2609,14497,2026-09-03T02:31:53.921Z,FALSE,"",14:55,FALSE
fare_DEL-BOM_AI_2026-09-10_T+7_1788701812234_4rl3,DEL-BOM,EaseMyTrip,AI,AI-2761,2026-09-10,T+7,12103,2657,14760,2026-09-03T02:31:53.921Z,FALSE,"",16:25,FALSE
fare_DEL-BOM_QP_2026-09-10_T+7_1788701812234_5u52,DEL-BOM,EaseMyTrip,QP,QP-1812,2026-09-10,T+7,12313,2703,15016,2026-09-03T02:31:53.921Z,FALSE,"",22:55,FALSE
fare_DEL-BOM_AI_2026-09-10_T+7_1788701812234_8idm,DEL-BOM,EaseMyTrip,AI,AI-2907,2026-09-10,T+7,12505,2745,15250,2026-09-03T02:31:53.921Z,FALSE,"",12:00,FALSE
fare_DEL-BOM_AI_2026-09-10_T+7_1788701812234_vfyl,DEL-BOM,EaseMyTrip,AI,AI-1743,2026-09-10,T+7,13065,2868,15933,2026-09-03T02:31:53.921Z,FALSE,"",06:20,FALSE
fare_DEL-BOM_IX_2026-09-10_T+7_1788701812234_0pla,DEL-BOM,EaseMyTrip,IX,IX-1108,2026-09-10,T+7,14746,3237,17983,2026-09-03T02:31:53.921Z,TRUE,"High outlier: ₹17983 > upper fence ₹17093 (Q3: ₹10755, IQR: ₹4225)",05:00,FALSE
fare_DEL-BOM_AI_2026-09-10_T+7_1788701812234_cpzc,DEL-BOM,EaseMyTrip,AI,AI-491,2026-09-10,T+7,14497,3182,17679,2026-09-03T02:31:53.921Z,TRUE,"High outlier: ₹17679 > upper fence ₹17093 (Q3: ₹10755, IQR: ₹4225)",11:15,FALSE
fare_DEL-BOM_AI_2026-09-10_T+7_1788701812234_ihwz,DEL-BOM,EaseMyTrip,AI,AI-1773,2026-09-10,T+7,14497,3182,17679,2026-09-03T02:31:53.921Z,TRUE,"High outlier: ₹17679 > upper fence ₹17093 (Q3: ₹10755, IQR: ₹4225)",10:30,FALSE
fare_DEL-BOM_AI_2026-09-10_T+7_1788701812234_571l,DEL-BOM,EaseMyTrip,AI,AI-9584,2026-09-10,T+7,14501,3183,17684,2026-09-03T02:31:53.921Z,TRUE,"High outlier: ₹17684 > upper fence ₹17093 (Q3: ₹10755, IQR: ₹4225)",11:15,FALSE
fare_DEL-BOM_AI_2026-09-10_T+7_1788701812234_onbo,DEL-BOM,EaseMyTrip,AI,AI-2577,2026-09-10,T+7,14577,3200,17777,2026-09-03T02:31:53.921Z,TRUE,"High outlier: ₹17777 > upper fence ₹17093 (Q3: ₹10755, IQR: ₹4225)",02:00,FALSE
fare_DEL-BOM_AI_2026-09-10_T+7_1788701812234_c0av,DEL-BOM,EaseMyTrip,AI,AI-2859,2026-09-10,T+7,14577,3200,17777,2026-09-03T02:31:53.921Z,TRUE,"High outlier: ₹17777 > upper fence ₹17093 (Q3: ₹10755, IQR: ₹4225)",10:30,FALSE
fare_DEL-BOM_AI_2026-09-10_T+7_1788701812234_9udt,DEL-BOM,EaseMyTrip,AI,AI-2465,2026-09-10,T+7,14880,3266,18146,2026-09-03T02:31:53.921Z,TRUE,"High outlier: ₹18146 > upper fence ₹17093 (Q3: ₹10755, IQR: ₹4225)",14:30,FALSE
fare_DEL-BOM_IX_2026-09-10_T+7_1788701812234_062k,DEL-BOM,EaseMyTrip,IX,IX-1003,2026-09-10,T+7,15856,3481,19337,2026-09-03T02:31:53.921Z,TRUE,"High outlier: ₹19337 > upper fence ₹17093 (Q3: ₹10755, IQR: ₹4225)",19:10,FALSE
fare_DEL-BOM_AI_2026-09-10_T+7_1788701812234_hs6o,DEL-BOM,EaseMyTrip,AI,AI-2803,2026-09-10,T+7,16370,3593,19963,2026-09-03T02:31:53.921Z,TRUE,"High outlier: ₹19963 > upper fence ₹17093 (Q3: ₹10755, IQR: ₹4225)",06:30,FALSE
fare_DEL-BOM_AI_2026-09-10_T+7_1788701812234_nj8u,DEL-BOM,EaseMyTrip,AI,AI-427,2026-09-10,T+7,16494,3621,20115,2026-09-03T02:31:53.921Z,TRUE,"High outlier: ₹20115 > upper fence ₹17093 (Q3: ₹10755, IQR: ₹4225)",08:30,FALSE
fare_DEL-BOM_AI_2026-09-10_T+7_1788701812234_pdpl,DEL-BOM,EaseMyTrip,AI,AI-1739,2026-09-10,T+7,17263,3790,21053,2026-09-03T02:31:53.921Z,TRUE,"High outlier: ₹21053 > upper fence ₹17093 (Q3: ₹10755, IQR: ₹4225)",11:30,FALSE
fare_DEL-BOM_QP_2026-09-10_T+7_1788701812234_r26g,DEL-BOM,EaseMyTrip,QP,QP-1817,2026-09-10,T+7,17425,3825,21250,2026-09-03T02:31:53.921Z,TRUE,"High outlier: ₹21250 > upper fence ₹17093 (Q3: ₹10755, IQR: ₹4225)",10:30,FALSE
fare_DEL-BOM_SG_2026-09-10_T+7_1788701812234_qo2o,DEL-BOM,EaseMyTrip,SG,SG-403,2026-09-10,T+7,18287,4014,22301,2026-09-03T02:31:53.921Z,TRUE,"High outlier: ₹22301 > upper fence ₹17093 (Q3: ₹10755, IQR: ₹4225)",20:10,TRUE
fare_DEL-BOM_SG_2026-09-10_T+7_1788701812234_h5zm,DEL-BOM,EaseMyTrip,SG,SG-499,2026-09-10,T+7,18287,4014,22301,2026-09-03T02:31:53.921Z,TRUE,"High outlier: ₹22301 > upper fence ₹17093 (Q3: ₹10755, IQR: ₹4225)",20:10,TRUE
fare_DEL-BOM_AI_2026-09-10_T+7_1788701812234_q6gt,DEL-BOM,EaseMyTrip,AI,AI-2483,2026-09-10,T+7,18475,4056,22531,2026-09-03T02:31:53.921Z,TRUE,"High outlier: ₹22531 > upper fence ₹17093 (Q3: ₹10755, IQR: ₹4225)",12:20,FALSE
fare_DEL-BOM_AI_2026-09-10_T+7_1788701812234_5p7o,DEL-BOM,EaseMyTrip,AI,AI-2525,2026-09-10,T+7,19433,4266,23699,2026-09-03T02:31:53.921Z,TRUE,"High outlier: ₹23699 > upper fence ₹17093 (Q3: ₹10755, IQR: ₹4225)",06:00,FALSE
fare_DEL-BOM_IX_2026-09-10_T+7_1788701812234_jtfx,DEL-BOM,EaseMyTrip,IX,IX-1068,2026-09-10,T+7,21400,4697,26097,2026-09-03T02:31:53.921Z,TRUE,"High outlier: ₹26097 > upper fence ₹17093 (Q3: ₹10755, IQR: ₹4225)",11:55,FALSE
fare_DEL-BOM_AI_2026-09-10_T+7_1788701812234_1hzc,DEL-BOM,EaseMyTrip,AI,AI-2627,2026-09-10,T+7,34897,7660,42557,2026-09-03T02:31:53.921Z,TRUE,"High outlier: ₹42557 > upper fence ₹17093 (Q3: ₹10755, IQR: ₹4225)",10:45,FALSE
fare_DEL-BOM_SG_2026-09-10_T+7_1788701812234_slpk,DEL-BOM,EaseMyTrip,SG,SG-663,2026-09-10,T+7,5222,1146,6368,2026-09-03T21:13:52.951Z,FALSE,"",22:30,TRUE
fare_DEL-BOM_SG_2026-09-10_T+7_1788701812234_ybny,DEL-BOM,EaseMyTrip,SG,SG-609,2026-09-10,T+7,5222,1146,6368,2026-09-03T21:13:52.951Z,FALSE,"",22:30,TRUE
fare_DEL-BOM_IX_2026-09-10_T+7_1788701812234_c6yj,DEL-BOM,EaseMyTrip,IX,IX-1273,2026-09-10,T+7,5729,1258,6987,2026-09-03T21:13:52.951Z,FALSE,"",12:20,FALSE
fare_DEL-BOM_IX_2026-09-10_T+7_1788701812234_xcne,DEL-BOM,EaseMyTrip,IX,IX-1001,2026-09-10,T+7,5729,1258,6987,2026-09-03T21:13:52.951Z,FALSE,"",09:00,FALSE
fare_DEL-BOM_IX_2026-09-10_T+7_1788701812234_75bz,DEL-BOM,EaseMyTrip,IX,IX-1067,2026-09-10,T+7,5729,1258,6987,2026-09-03T21:13:52.951Z,FALSE,"",06:10,FALSE
fare_DEL-BOM_6E_2026-09-10_T+7_1788701812234_zeg6,DEL-BOM,EaseMyTrip,6E,6E-446,2026-09-10,T+7,5274,1158,6432,2026-09-03T21:13:52.951Z,FALSE,"",02:25,FALSE
fare_DEL-BOM_6E_2026-09-10_T+7_1788701812234_ywy9,DEL-BOM,EaseMyTrip,6E,6E-542,2026-09-10,T+7,5274,1158,6432,2026-09-03T21:13:52.951Z,FALSE,"",02:25,FALSE
fare_DEL-BOM_6E_2026-09-10_T+7_1788701812234_7mfn,DEL-BOM,EaseMyTrip,6E,6E-347,2026-09-10,T+7,5274,1158,6432,2026-09-03T21:13:52.951Z,FALSE,"",23:15,FALSE
fare_DEL-BOM_6E_2026-09-10_T+7_1788701812234_h9ub,DEL-BOM,EaseMyTrip,6E,6E-146,2026-09-10,T+7,5274,1158,6432,2026-09-03T21:13:52.951Z,FALSE,"",23:15,FALSE
fare_DEL-BOM_6E_2026-09-10_T+7_1788701812234_afgz,DEL-BOM,EaseMyTrip,6E,6E-434,2026-09-10,T+7,5338,1172,6510,2026-09-03T21:13:52.951Z,FALSE,"",19:30,FALSE
fare_DEL-BOM_6E_2026-09-10_T+7_1788701812234_k4v2,DEL-BOM,EaseMyTrip,6E,6E-609,2026-09-10,T+7,5338,1172,6510,2026-09-03T21:13:52.951Z,FALSE,"",19:30,FALSE
fare_DEL-BOM_6E_2026-09-10_T+7_1788701812234_j49i,DEL-BOM,EaseMyTrip,6E,6E-778,2026-09-10,T+7,5355,1175,6530,2026-09-03T21:13:52.951Z,FALSE,"",05:00,TRUE
fare_DEL-BOM_6E_2026-09-10_T+7_1788701812234_fwvs,DEL-BOM,EaseMyTrip,6E,6E-543,2026-09-10,T+7,5355,1175,6530,2026-09-03T21:13:52.951Z,FALSE,"",05:00,TRUE
fare_DEL-BOM_6E_2026-09-10_T+7_1788701812234_69t0,DEL-BOM,EaseMyTrip,6E,6E-646,2026-09-10,T+7,5355,1175,6530,2026-09-03T21:13:52.951Z,FALSE,"",23:30,TRUE
fare_DEL-BOM_6E_2026-09-10_T+7_1788701812234_5c58,DEL-BOM,EaseMyTrip,6E,6E-429,2026-09-10,T+7,5355,1175,6530,2026-09-03T21:13:52.951Z,FALSE,"",23:30,TRUE
fare_DEL-BOM_6E_2026-09-10_T+7_1788701812234_w6dy,DEL-BOM,EaseMyTrip,6E,6E-163,2026-09-10,T+7,5355,1175,6530,2026-09-03T21:13:52.951Z,FALSE,"",16:15,TRUE
fare_DEL-BOM_6E_2026-09-10_T+7_1788701812234_l2tq,DEL-BOM,EaseMyTrip,6E,6E-521,2026-09-10,T+7,5355,1175,6530,2026-09-03T21:13:52.951Z,FALSE,"",16:15,TRUE
fare_DEL-BOM_6E_2026-09-10_T+7_1788701812234_q91y,DEL-BOM,EaseMyTrip,6E,6E-119,2026-09-10,T+7,5355,1175,6530,2026-09-03T21:13:52.951Z,FALSE,"",15:30,TRUE
fare_DEL-BOM_6E_2026-09-10_T+7_1788701812234_ek6p,DEL-BOM,EaseMyTrip,6E,6E-759,2026-09-10,T+7,5355,1175,6530,2026-09-03T21:13:52.951Z,FALSE,"",15:30,TRUE
fare_DEL-BOM_6E_2026-09-10_T+7_1788701812234_5jcp,DEL-BOM,EaseMyTrip,6E,6E-199,2026-09-10,T+7,5355,1175,6530,2026-09-03T21:13:52.951Z,FALSE,"",08:45,TRUE
fare_DEL-BOM_6E_2026-09-10_T+7_1788701812234_eb9k,DEL-BOM,EaseMyTrip,6E,6E-220,2026-09-10,T+7,5355,1175,6530,2026-09-03T21:13:52.951Z,FALSE,"",08:45,TRUE
fare_DEL-BOM_6E_2026-09-10_T+7_1788701812234_se9u,DEL-BOM,EaseMyTrip,6E,6E-305,2026-09-10,T+7,5355,1175,6530,2026-09-03T21:13:52.951Z,FALSE,"",13:00,TRUE
fare_DEL-BOM_6E_2026-09-10_T+7_1788701812234_55di,DEL-BOM,EaseMyTrip,6E,6E-534,2026-09-10,T+7,5355,1175,6530,2026-09-03T21:13:52.951Z,FALSE,"",13:00,TRUE
fare_DEL-BOM_6E_2026-09-10_T+7_1788701812234_h6a8,DEL-BOM,EaseMyTrip,6E,6E-673,2026-09-10,T+7,5484,1204,6688,2026-09-03T21:13:52.951Z,FALSE,"",21:45,TRUE
fare_DEL-BOM_6E_2026-09-10_T+7_1788701812234_3j82,DEL-BOM,EaseMyTrip,6E,6E-191,2026-09-10,T+7,5484,1204,6688,2026-09-03T21:13:52.951Z,FALSE,"",21:45,TRUE
fare_DEL-BOM_6E_2026-09-10_T+7_1788701812234_cuyg,DEL-BOM,EaseMyTrip,6E,6E-891,2026-09-10,T+7,5484,1204,6688,2026-09-03T21:13:52.951Z,FALSE,"",18:00,TRUE
fare_DEL-BOM_6E_2026-09-10_T+7_1788701812234_sx9o,DEL-BOM,EaseMyTrip,6E,6E-685,2026-09-10,T+7,5484,1204,6688,2026-09-03T21:13:52.951Z,FALSE,"",18:00,TRUE
fare_DEL-BOM_6E_2026-09-10_T+7_1788701812234_3a3w,DEL-BOM,EaseMyTrip,6E,6E-939,2026-09-10,T+7,5656,1242,6898,2026-09-03T21:13:52.951Z,FALSE,"",20:00,TRUE
fare_DEL-BOM_6E_2026-09-10_T+7_1788701812234_0q2i,DEL-BOM,EaseMyTrip,6E,6E-518,2026-09-10,T+7,5656,1242,6898,2026-09-03T21:13:52.951Z,FALSE,"",20:00,TRUE
fare_DEL-BOM_6E_2026-09-10_T+7_1788701812234_ufxe,DEL-BOM,EaseMyTrip,6E,6E-388,2026-09-10,T+7,5656,1242,6898,2026-09-03T21:13:52.951Z,FALSE,"",19:00,TRUE
fare_DEL-BOM_6E_2026-09-10_T+7_1788701812234_7cz0,DEL-BOM,EaseMyTrip,6E,6E-248,2026-09-10,T+7,5656,1242,6898,2026-09-03T21:13:52.951Z,FALSE,"",19:00,TRUE
fare_DEL-BOM_6E_2026-09-10_T+7_1788701812234_0ui7,DEL-BOM,EaseMyTrip,6E,6E-339,2026-09-10,T+7,5656,1242,6898,2026-09-03T21:13:52.951Z,FALSE,"",20:45,TRUE
fare_DEL-BOM_6E_2026-09-10_T+7_1788701812234_7cqf,DEL-BOM,EaseMyTrip,6E,6E-386,2026-09-10,T+7,5656,1242,6898,2026-09-03T21:13:52.951Z,FALSE,"",08:00,TRUE
fare_DEL-BOM_6E_2026-09-10_T+7_1788701812234_hwyu,DEL-BOM,EaseMyTrip,6E,6E-688,2026-09-10,T+7,5656,1242,6898,2026-09-03T21:13:52.951Z,FALSE,"",08:00,TRUE
fare_DEL-BOM_6E_2026-09-10_T+7_1788701812234_1t6x,DEL-BOM,EaseMyTrip,6E,6E-753,2026-09-10,T+7,5698,1251,6949,2026-09-03T21:13:52.951Z,FALSE,"",20:20,TRUE
fare_DEL-BOM_6E_2026-09-10_T+7_1788701812234_6jgy,DEL-BOM,EaseMyTrip,6E,6E-699,2026-09-10,T+7,5698,1251,6949,2026-09-03T21:13:52.951Z,FALSE,"",20:20,TRUE
fare_DEL-BOM_6E_2026-09-10_T+7_1788701812234_5258,DEL-BOM,EaseMyTrip,6E,6E-444,2026-09-10,T+7,5978,1312,7290,2026-09-03T21:13:52.951Z,FALSE,"",16:10,FALSE
fare_DEL-BOM_6E_2026-09-10_T+7_1788701812234_frhn,DEL-BOM,EaseMyTrip,6E,6E-551,2026-09-10,T+7,5978,1312,7290,2026-09-03T21:13:52.951Z,FALSE,"",16:10,FALSE
fare_DEL-BOM_SG_2026-09-10_T+7_1788701812234_cv4t,DEL-BOM,EaseMyTrip,SG,SG-566,2026-09-10,T+7,7256,1593,8849,2026-09-03T21:13:52.951Z,FALSE,"",20:10,TRUE
fare_DEL-BOM_SG_2026-09-10_T+7_1788701812234_8f9t,DEL-BOM,EaseMyTrip,SG,SG-605,2026-09-10,T+7,7256,1593,8849,2026-09-03T21:13:52.951Z,FALSE,"",20:10,TRUE
fare_DEL-BOM_6E_2026-09-10_T+7_1788701812234_c19k,DEL-BOM,EaseMyTrip,6E,6E-212,2026-09-10,T+7,8999,1975,10974,2026-09-03T21:13:52.951Z,FALSE,"",12:15,FALSE
fare_DEL-BOM_6E_2026-09-10_T+7_1788701812234_wie4,DEL-BOM,EaseMyTrip,6E,6E-421,2026-09-10,T+7,8999,1975,10974,2026-09-03T21:13:52.951Z,FALSE,"",12:15,FALSE
fare_DEL-BOM_6E_2026-09-10_T+7_1788701812234_gv0h,DEL-BOM,EaseMyTrip,6E,6E-114,2026-09-10,T+7,9071,1991,11062,2026-09-03T21:13:52.951Z,FALSE,"",19:35,FALSE
fare_DEL-BOM_6E_2026-09-10_T+7_1788701812234_tj8g,DEL-BOM,EaseMyTrip,6E,6E-131,2026-09-10,T+7,9071,1991,11062,2026-09-03T21:13:52.951Z,FALSE,"",19:35,FALSE
fare_DEL-BOM_IX_2026-09-10_T+7_1788701812234_z70b,DEL-BOM,EaseMyTrip,IX,IX-1812,2026-09-10,T+7,9783,2147,11930,2026-09-03T21:13:52.951Z,FALSE,"",11:15,FALSE
fare_DEL-BOM_IX_2026-09-10_T+7_1788701812234_wuyy,DEL-BOM,EaseMyTrip,IX,IX-1811,2026-09-10,T+7,9783,2147,11930,2026-09-03T21:13:52.951Z,FALSE,"",06:50,FALSE
fare_DEL-BOM_AI_2026-09-10_T+7_1788701812234_u04t,DEL-BOM,EaseMyTrip,AI,AI-9759,2026-09-10,T+7,9551,2097,11648,2026-09-03T21:13:52.951Z,FALSE,"",05:45,FALSE
fare_DEL-BOM_6E_2026-09-10_T+7_1788701812234_72nu,DEL-BOM,EaseMyTrip,6E,6E-883,2026-09-10,T+7,11936,2620,14556,2026-09-03T21:13:52.951Z,FALSE,"",08:30,FALSE
fare_DEL-BOM_AI_2026-09-10_T+7_1788701812234_n8z6,DEL-BOM,EaseMyTrip,AI,AI-1757,2026-09-10,T+7,12505,2745,15250,2026-09-03T21:13:52.951Z,FALSE,"",15:40,FALSE
fare_DEL-BOM_6E_2026-09-10_T+7_1788701812234_24wb,DEL-BOM,EaseMyTrip,6E,6E-310,2026-09-10,T+7,12864,2824,15688,2026-09-03T21:13:52.951Z,FALSE,"",10:00,FALSE
fare_DEL-BOM_IX_2026-09-10_T+7_1788701812234_ze2m,DEL-BOM,EaseMyTrip,IX,IX-1815,2026-09-10,T+7,14603,3205,17808,2026-09-03T21:13:52.951Z,TRUE,"High outlier: ₹17808 > upper fence ₹17093 (Q3: ₹10755, IQR: ₹4225)",19:05,FALSE
fare_DEL-BOM_AI_2026-09-10_T+7_1788701812234_xv9f,DEL-BOM,EaseMyTrip,AI,AI-2535,2026-09-10,T+7,17451,3831,21282,2026-09-03T21:13:52.951Z,TRUE,"High outlier: ₹21282 > upper fence ₹17093 (Q3: ₹10755, IQR: ₹4225)",06:40,FALSE
fare_DEL-BOM_AI_2026-09-10_T+7_1788701812234_1p4r,DEL-BOM,EaseMyTrip,AI,AI-2473,2026-09-10,T+7,33217,7292,40509,2026-09-03T21:13:52.951Z,TRUE,"High outlier: ₹40509 > upper fence ₹17093 (Q3: ₹10755, IQR: ₹4225)",15:25,FALSE