id,route_id,source,carrier,flight_number,flight_date,booking_window,base_fare,taxes,total_fare,scraped_at,is_outlier,outlier_reason,departure_time,is_nonstop
fare_BOM-DEL_SG_2026-09-10_T+15_1788701811767_g0eh,BOM-DEL,EaseMyTrip,SG,SG-557,2026-09-10,T+15,5231,1148,6379,2026-08-26T00:57:18.728Z,FALSE,"",01:50,TRUE
fare_BOM-DEL_SG_2026-09-10_T+15_1788701811767_uixi,BOM-DEL,EaseMyTrip,SG,SG-427,2026-09-10,T+15,5231,1148,6379,2026-08-26T00:57:18.728Z,FALSE,"",01:50,TRUE
fare_BOM-DEL_SG_2026-09-10_T+15_1788701811767_m4s9,BOM-DEL,EaseMyTrip,SG,SG-239,2026-09-10,T+15,5231,1148,6379,2026-08-26T00:57:18.728Z,FALSE,"",06:25,TRUE
fare_BOM-DEL_SG_2026-09-10_T+15_1788701811767_26at,BOM-DEL,EaseMyTrip,SG,SG-364,2026-09-10,T+15,5231,1148,6379,2026-08-26T00:57:18.728Z,FALSE,"",06:25,TRUE
fare_BOM-DEL_SG_2026-09-10_T+15_1788701811767_wmd9,BOM-DEL,EaseMyTrip,SG,SG-9401,2026-09-10,T+15,5231,1148,6379,2026-08-26T00:57:18.728Z,FALSE,"",09:50,TRUE
fare_BOM-DEL_SG_2026-09-10_T+15_1788701811767_4c8u,BOM-DEL,EaseMyTrip,SG,SG-556,2026-09-10,T+15,5231,1148,6379,2026-08-26T00:57:18.728Z,FALSE,"",17:55,TRUE
fare_BOM-DEL_SG_2026-09-10_T+15_1788701811767_l0d0,BOM-DEL,EaseMyTrip,SG,SG-862,2026-09-10,T+15,5231,1148,6379,2026-08-26T00:57:18.728Z,FALSE,"",17:55,TRUE
fare_BOM-DEL_SG_2026-09-10_T+15_1788701811767_s8ro,BOM-DEL,EaseMyTrip,SG,SG-749,2026-09-10,T+15,5231,1148,6379,2026-08-26T00:57:18.728Z,FALSE,"",23:25,TRUE
fare_BOM-DEL_SG_2026-09-10_T+15_1788701811767_mcg9,BOM-DEL,EaseMyTrip,SG,SG-850,2026-09-10,T+15,5231,1148,6379,2026-08-26T00:57:18.728Z,FALSE,"",23:25,TRUE
fare_BOM-DEL_6E_2026-09-10_T+15_1788701811767_896m,BOM-DEL,EaseMyTrip,6E,6E-6599,2026-09-10,T+15,5145,1129,6274,2026-08-26T00:57:18.728Z,FALSE,"",16:50,FALSE
fare_BOM-DEL_6E_2026-09-10_T+15_1788701811767_jczi,BOM-DEL,EaseMyTrip,6E,6E-5164,2026-09-10,T+15,5145,1129,6274,2026-08-26T00:57:18.728Z,FALSE,"",20:35,FALSE
fare_BOM-DEL_6E_2026-09-10_T+15_1788701811767_meme,BOM-DEL,EaseMyTrip,6E,6E-5147,2026-09-10,T+15,5145,1129,6274,2026-08-26T00:57:18.728Z,FALSE,"",18:35,FALSE
fare_BOM-DEL_6E_2026-09-10_T+15_1788701811767_9okn,BOM-DEL,EaseMyTrip,6E,6E-6058,2026-09-10,T+15,5145,1129,6274,2026-08-26T00:57:18.728Z,FALSE,"",08:05,FALSE
fare_BOM-DEL_6E_2026-09-10_T+15_1788701811767_742h,BOM-DEL,EaseMyTrip,6E,6E-5181,2026-09-10,T+15,5145,1129,6274,2026-08-26T00:57:18.728Z,FALSE,"",10:25,FALSE
fare_BOM-DEL_6E_2026-09-10_T+15_1788701811767_h2z9,BOM-DEL,EaseMyTrip,6E,6E-5131,2026-09-10,T+15,5145,1129,6274,2026-08-26T00:57:18.728Z,FALSE,"",15:50,FALSE
fare_BOM-DEL_6E_2026-09-10_T+15_1788701811767_lzuj,BOM-DEL,EaseMyTrip,6E,6E-6122,2026-09-10,T+15,5145,1129,6274,2026-08-26T00:57:18.728Z,FALSE,"",12:25,FALSE
fare_BOM-DEL_6E_2026-09-10_T+15_1788701811767_ana6,BOM-DEL,EaseMyTrip,6E,6E-5345,2026-09-10,T+15,5145,1129,6274,2026-08-26T00:57:18.728Z,FALSE,"",14:25,FALSE
fare_BOM-DEL_IX_2026-09-10_T+15_1788701811767_6w7v,BOM-DEL,EaseMyTrip,IX,IX-1050,2026-09-10,T+15,5380,1181,6561,2026-08-26T00:57:18.728Z,FALSE,"",08:55,TRUE
fare_BOM-DEL_IX_2026-09-10_T+15_1788701811767_msov,BOM-DEL,EaseMyTrip,IX,IX-1671,2026-09-10,T+15,5380,1181,6561,2026-08-26T00:57:18.728Z,FALSE,"",16:45,TRUE
fare_BOM-DEL_IX_2026-09-10_T+15_1788701811767_3m6s,BOM-DEL,EaseMyTrip,IX,IX-1809,2026-09-10,T+15,5380,1181,6561,2026-08-26T00:57:18.728Z,FALSE,"",07:30,FALSE
fare_BOM-DEL_IX_2026-09-10_T+15_1788701811767_fyyn,BOM-DEL,EaseMyTrip,IX,IX-2153,2026-09-10,T+15,5381,1181,6562,2026-08-26T00:57:18.728Z,FALSE,"",20:25,TRUE
fare_BOM-DEL_IX_2026-09-10_T+15_1788701811767_al4f,BOM-DEL,EaseMyTrip,IX,IX-1364,2026-09-10,T+15,5381,1181,6562,2026-08-26T00:57:18.728Z,FALSE,"",21:55,TRUE
fare_BOM-DEL_IX_2026-09-10_T+15_1788701811767_l1b5,BOM-DEL,EaseMyTrip,IX,IX-1787,2026-09-10,T+15,5595,1228,6823,2026-08-26T00:57:18.728Z,FALSE,"",13:10,FALSE
fare_BOM-DEL_6E_2026-09-10_T+15_1788701811767_ylaq,BOM-DEL,EaseMyTrip,6E,6E-5028,2026-09-10,T+15,5209,1143,6352,2026-08-26T00:57:18.728Z,FALSE,"",19:35,FALSE
fare_BOM-DEL_6E_2026-09-10_T+15_1788701811767_s0uk,BOM-DEL,EaseMyTrip,6E,6E-698,2026-09-10,T+15,5209,1143,6352,2026-08-26T00:57:18.728Z,FALSE,"",19:20,FALSE
fare_BOM-DEL_6E_2026-09-10_T+15_1788701811767_o6t6,BOM-DEL,EaseMyTrip,6E,6E-873,2026-09-10,T+15,5209,1143,6352,2026-08-26T00:57:18.728Z,FALSE,"",19:20,FALSE
fare_BOM-DEL_6E_2026-09-10_T+15_1788701811767_nhhj,BOM-DEL,EaseMyTrip,6E,6E-395,2026-09-10,T+15,5209,1143,6352,2026-08-26T00:57:18.728Z,FALSE,"",04:30,FALSE
fare_BOM-DEL_6E_2026-09-10_T+15_1788701811767_lwvn,BOM-DEL,EaseMyTrip,6E,6E-696,2026-09-10,T+15,5209,1143,6352,2026-08-26T00:57:18.728Z,FALSE,"",04:30,FALSE
fare_BOM-DEL_6E_2026-09-10_T+15_1788701811767_d3qn,BOM-DEL,EaseMyTrip,6E,6E-352,2026-09-10,T+15,5317,1167,6484,2026-08-26T00:57:18.728Z,FALSE,"",17:45,FALSE
fare_BOM-DEL_6E_2026-09-10_T+15_1788701811767_z9q7,BOM-DEL,EaseMyTrip,6E,6E-708,2026-09-10,T+15,5317,1167,6484,2026-08-26T00:57:18.728Z,FALSE,"",17:45,FALSE
fare_BOM-DEL_6E_2026-09-10_T+15_1788701811767_v9cf,BOM-DEL,EaseMyTrip,6E,6E-5056,2026-09-10,T+15,5317,1167,6484,2026-08-26T00:57:18.728Z,FALSE,"",21:10,FALSE
fare_BOM-DEL_6E_2026-09-10_T+15_1788701811767_1mzg,BOM-DEL,EaseMyTrip,6E,6E-6543,2026-09-10,T+15,5317,1167,6484,2026-08-26T00:57:18.728Z,FALSE,"",07:50,FALSE
fare_BOM-DEL_6E_2026-09-10_T+15_1788701811767_kscu,BOM-DEL,EaseMyTrip,6E,6E-5318,2026-09-10,T+15,5317,1167,6484,2026-08-26T00:57:18.728Z,FALSE,"",10:15,FALSE
fare_BOM-DEL_6E_2026-09-10_T+15_1788701811767_1eqk,BOM-DEL,EaseMyTrip,6E,6E-6195,2026-09-10,T+15,5317,1167,6484,2026-08-26T00:57:18.728Z,FALSE,"",23:00,FALSE
fare_BOM-DEL_6E_2026-09-10_T+15_1788701811767_d8j3,BOM-DEL,EaseMyTrip,6E,6E-5326,2026-09-10,T+15,5317,1167,6484,2026-08-26T00:57:18.728Z,FALSE,"",19:40,FALSE
fare_BOM-DEL_6E_2026-09-10_T+15_1788701811767_pwe6,BOM-DEL,EaseMyTrip,6E,6E-2024,2026-09-10,T+15,5317,1167,6484,2026-08-26T00:57:18.728Z,FALSE,"",09:15,FALSE
fare_BOM-DEL_6E_2026-09-10_T+15_1788701811767_3nij,BOM-DEL,EaseMyTrip,6E,6E-2090,2026-09-10,T+15,5380,1181,6561,2026-08-26T00:57:18.728Z,FALSE,"",06:25,TRUE
fare_BOM-DEL_QP_2026-09-10_T+15_1788701811767_mzce,BOM-DEL,EaseMyTrip,QP,QP-1109,2026-09-10,T+15,5381,1181,6562,2026-08-26T00:57:18.728Z,FALSE,"",07:00,TRUE
fare_BOM-DEL_QP_2026-09-10_T+15_1788701811767_e0bu,BOM-DEL,EaseMyTrip,QP,QP-1127,2026-09-10,T+15,5381,1181,6562,2026-08-26T00:57:18.728Z,FALSE,"",13:00,TRUE
fare_BOM-DEL_QP_2026-09-10_T+15_1788701811767_98qm,BOM-DEL,EaseMyTrip,QP,QP-1819,2026-09-10,T+15,5381,1181,6562,2026-08-26T00:57:18.728Z,FALSE,"",14:30,TRUE
fare_BOM-DEL_QP_2026-09-10_T+15_1788701811767_1yxd,BOM-DEL,EaseMyTrip,QP,QP-1834,2026-09-10,T+15,5381,1181,6562,2026-08-26T00:57:18.728Z,FALSE,"",10:20,TRUE
fare_BOM-DEL_QP_2026-09-10_T+15_1788701811767_2pj6,BOM-DEL,EaseMyTrip,QP,QP-1825,2026-09-10,T+15,5381,1181,6562,2026-08-26T00:57:18.728Z,FALSE,"",16:50,TRUE
fare_BOM-DEL_QP_2026-09-10_T+15_1788701811767_qwrk,BOM-DEL,EaseMyTrip,QP,QP-1111,2026-09-10,T+15,5381,1181,6562,2026-08-26T00:57:18.728Z,FALSE,"",05:10,TRUE
fare_BOM-DEL_QP_2026-09-10_T+15_1788701811767_o9ah,BOM-DEL,EaseMyTrip,QP,QP-1835,2026-09-10,T+15,5381,1181,6562,2026-08-26T00:57:18.728Z,FALSE,"",11:50,TRUE
fare_BOM-DEL_QP_2026-09-10_T+15_1788701811767_sm3w,BOM-DEL,EaseMyTrip,QP,QP-1120,2026-09-10,T+15,5381,1181,6562,2026-08-26T00:57:18.728Z,FALSE,"",18:45,TRUE
fare_BOM-DEL_6E_2026-09-10_T+15_1788701811767_2arm,BOM-DEL,EaseMyTrip,6E,6E-255,2026-09-10,T+15,5381,1181,6562,2026-08-26T00:57:18.728Z,FALSE,"",17:20,TRUE
fare_BOM-DEL_6E_2026-09-10_T+15_1788701811767_gjin,BOM-DEL,EaseMyTrip,6E,6E-730,2026-09-10,T+15,5381,1181,6562,2026-08-26T00:57:18.728Z,FALSE,"",17:20,TRUE
fare_BOM-DEL_6E_2026-09-10_T+15_1788701811767_3jgi,BOM-DEL,EaseMyTrip,6E,6E-6082,2026-09-10,T+15,5381,1181,6562,2026-08-26T00:57:18.728Z,FALSE,"",16:45,TRUE
fare_BOM-DEL_6E_2026-09-10_T+15_1788701811767_zdp6,BOM-DEL,EaseMyTrip,6E,6E-535,2026-09-10,T+15,5381,1181,6562,2026-08-26T00:57:18.728Z,FALSE,"",16:00,TRUE
fare_BOM-DEL_6E_2026-09-10_T+15_1788701811767_u630,BOM-DEL,EaseMyTrip,6E,6E-118,2026-09-10,T+15,5381,1181,6562,2026-08-26T00:57:18.728Z,FALSE,"",16:00,TRUE
fare_BOM-DEL_6E_2026-09-10_T+15_1788701811767_zu6a,BOM-DEL,EaseMyTrip,6E,6E-597,2026-09-10,T+15,5381,1181,6562,2026-08-26T00:57:18.728Z,FALSE,"",15:00,TRUE
fare_BOM-DEL_6E_2026-09-10_T+15_1788701811767_iv8y,BOM-DEL,EaseMyTrip,6E,6E-251,2026-09-10,T+15,5381,1181,6562,2026-08-26T00:57:18.728Z,FALSE,"",15:00,TRUE
fare_BOM-DEL_6E_2026-09-10_T+15_1788701811767_d7p7,BOM-DEL,EaseMyTrip,6E,6E-205,2026-09-10,T+15,5381,1181,6562,2026-08-26T00:57:18.728Z,FALSE,"",13:00,TRUE
fare_BOM-DEL_6E_2026-09-10_T+15_1788701811767_g5jz,BOM-DEL,EaseMyTrip,6E,6E-851,2026-09-10,T+15,5381,1181,6562,2026-08-26T00:57:18.728Z,FALSE,"",13:00,TRUE
fare_BOM-DEL_6E_2026-09-10_T+15_1788701811767_4527,BOM-DEL,EaseMyTrip,6E,6E-6704,2026-09-10,T+15,5381,1181,6562,2026-08-26T00:57:18.728Z,FALSE,"",14:00,TRUE
fare_BOM-DEL_6E_2026-09-10_T+15_1788701811767_yxst,BOM-DEL,EaseMyTrip,6E,6E-6052,2026-09-10,T+15,5381,1181,6562,2026-08-26T00:57:18.728Z,FALSE,"",10:00,TRUE
fare_BOM-DEL_6E_2026-09-10_T+15_1788701811767_6cxr,BOM-DEL,EaseMyTrip,6E,6E-992,2026-09-10,T+15,5381,1181,6562,2026-08-26T00:57:18.728Z,FALSE,"",10:35,TRUE
fare_BOM-DEL_6E_2026-09-10_T+15_1788701811767_ki6e,BOM-DEL,EaseMyTrip,6E,6E-540,2026-09-10,T+15,5381,1181,6562,2026-08-26T00:57:18.728Z,FALSE,"",10:35,TRUE
fare_BOM-DEL_6E_2026-09-10_T+15_1788701811767_9fhc,BOM-DEL,EaseMyTrip,6E,6E-6827,2026-09-10,T+15,5381,1181,6562,2026-08-26T00:57:18.728Z,FALSE,"",11:30,TRUE
fare_BOM-DEL_6E_2026-09-10_T+15_1788701811767_5p69,BOM-DEL,EaseMyTrip,6E,6E-6028,2026-09-10,T+15,5381,1181,6562,2026-08-26T00:57:18.728Z,FALSE,"",12:15,TRUE
fare_BOM-DEL_6E_2026-09-10_T+15_1788701811767_a0ea,BOM-DEL,EaseMyTrip,6E,6E-6361,2026-09-10,T+15,5381,1181,6562,2026-08-26T00:57:18.728Z,FALSE,"",05:00,FALSE
fare_BOM-DEL_QP_2026-09-10_T+15_1788701811767_bjfv,BOM-DEL,EaseMyTrip,QP,QP-1939,2026-09-10,T+15,5423,1191,6614,2026-08-26T00:57:18.728Z,FALSE,"",10:10,TRUE
fare_BOM-DEL_6E_2026-09-10_T+15_1788701811767_dgmk,BOM-DEL,EaseMyTrip,6E,6E-5197,2026-09-10,T+15,5423,1191,6614,2026-08-26T00:57:18.728Z,FALSE,"",06:40,TRUE
fare_BOM-DEL_6E_2026-09-10_T+15_1788701811767_nfp1,BOM-DEL,EaseMyTrip,6E,6E-5059,2026-09-10,T+15,5425,1191,6616,2026-08-26T00:57:18.728Z,FALSE,"",05:45,FALSE
fare_BOM-DEL_6E_2026-09-10_T+15_1788701811767_e9eg,BOM-DEL,EaseMyTrip,6E,6E-805,2026-09-10,T+15,5425,1191,6616,2026-08-26T00:57:18.728Z,FALSE,"",01:30,FALSE
fare_BOM-DEL_6E_2026-09-10_T+15_1788701811767_8wbd,BOM-DEL,EaseMyTrip,6E,6E-750,2026-09-10,T+15,5425,1191,6616,2026-08-26T00:57:18.728Z,FALSE,"",01:30,FALSE
fare_BOM-DEL_6E_2026-09-10_T+15_1788701811767_h7yb,BOM-DEL,EaseMyTrip,6E,6E-5107,2026-09-10,T+15,5425,1191,6616,2026-08-26T00:57:18.728Z,FALSE,"",20:00,FALSE
fare_BOM-DEL_6E_2026-09-10_T+15_1788701811767_symx,BOM-DEL,EaseMyTrip,6E,6E-357,2026-09-10,T+15,5510,1210,6720,2026-08-26T00:57:18.728Z,FALSE,"",05:00,TRUE
fare_BOM-DEL_6E_2026-09-10_T+15_1788701811767_sb76,BOM-DEL,EaseMyTrip,6E,6E-466,2026-09-10,T+15,5510,1210,6720,2026-08-26T00:57:18.728Z,FALSE,"",23:45,TRUE
fare_BOM-DEL_6E_2026-09-10_T+15_1788701811767_x4xf,BOM-DEL,EaseMyTrip,6E,6E-103,2026-09-10,T+15,5510,1210,6720,2026-08-26T00:57:18.728Z,FALSE,"",23:45,TRUE
fare_BOM-DEL_6E_2026-09-10_T+15_1788701811767_4q1v,BOM-DEL,EaseMyTrip,6E,6E-728,2026-09-10,T+15,5510,1210,6720,2026-08-26T00:57:18.728Z,FALSE,"",22:15,TRUE
fare_BOM-DEL_6E_2026-09-10_T+15_1788701811767_av3o,BOM-DEL,EaseMyTrip,6E,6E-120,2026-09-10,T+15,5510,1210,6720,2026-08-26T00:57:18.728Z,FALSE,"",22:15,TRUE
fare_BOM-DEL_6E_2026-09-10_T+15_1788701811767_ihlz,BOM-DEL,EaseMyTrip,6E,6E-869,2026-09-10,T+15,5510,1210,6720,2026-08-26T00:57:18.728Z,FALSE,"",06:00,TRUE
fare_BOM-DEL_6E_2026-09-10_T+15_1788701811767_mmfb,BOM-DEL,EaseMyTrip,6E,6E-353,2026-09-10,T+15,5510,1210,6720,2026-08-26T00:57:18.728Z,FALSE,"",06:00,TRUE
fare_BOM-DEL_6E_2026-09-10_T+15_1788701811767_zhj8,BOM-DEL,EaseMyTrip,6E,6E-402,2026-09-10,T+15,5510,1210,6720,2026-08-26T00:57:18.728Z,FALSE,"",09:00,TRUE
fare_BOM-DEL_6E_2026-09-10_T+15_1788701811767_shsc,BOM-DEL,EaseMyTrip,6E,6E-516,2026-09-10,T+15,5510,1210,6720,2026-08-26T00:57:18.728Z,FALSE,"",09:00,TRUE
fare_BOM-DEL_IX_2026-09-10_T+15_1788701811767_fj5z,BOM-DEL,EaseMyTrip,IX,IX-1026,2026-09-10,T+15,5930,1302,7232,2026-08-26T00:57:18.728Z,FALSE,"",05:45,FALSE
fare_BOM-DEL_AI_2026-09-10_T+15_1788701811767_wm4r,BOM-DEL,EaseMyTrip,AI,AI-2928,2026-09-10,T+15,5766,1266,7032,2026-08-26T00:57:18.728Z,FALSE,"",06:30,TRUE
fare_BOM-DEL_AI_2026-09-10_T+15_1788701811767_efku,BOM-DEL,EaseMyTrip,AI,AI-2677,2026-09-10,T+15,5766,1266,7032,2026-08-26T00:57:18.728Z,FALSE,"",13:00,TRUE
fare_BOM-DEL_AI_2026-09-10_T+15_1788701811767_la6a,BOM-DEL,EaseMyTrip,AI,AI-2422,2026-09-10,T+15,5766,1266,7032,2026-08-26T00:57:18.728Z,FALSE,"",01:00,TRUE
fare_BOM-DEL_AI_2026-09-10_T+15_1788701811767_k2ci,BOM-DEL,EaseMyTrip,AI,AI-2970,2026-09-10,T+15,5766,1266,7032,2026-08-26T00:57:18.728Z,FALSE,"",08:30,TRUE
fare_BOM-DEL_AI_2026-09-10_T+15_1788701811767_idli,BOM-DEL,EaseMyTrip,AI,AI-2432,2026-09-10,T+15,5766,1266,7032,2026-08-26T00:57:18.728Z,FALSE,"",09:30,TRUE
fare_BOM-DEL_AI_2026-09-10_T+15_1788701811767_navm,BOM-DEL,EaseMyTrip,AI,AI-2430,2026-09-10,T+15,5766,1266,7032,2026-08-26T00:57:18.728Z,FALSE,"",10:00,TRUE
fare_BOM-DEL_AI_2026-09-10_T+15_1788701811767_2wpv,BOM-DEL,EaseMyTrip,AI,AI-2952,2026-09-10,T+15,5766,1266,7032,2026-08-26T00:57:18.728Z,FALSE,"",11:25,TRUE
fare_BOM-DEL_AI_2026-09-10_T+15_1788701811767_6ffq,BOM-DEL,EaseMyTrip,AI,AI-2419,2026-09-10,T+15,5766,1266,7032,2026-08-26T00:57:18.728Z,FALSE,"",12:00,TRUE
fare_BOM-DEL_AI_2026-09-10_T+15_1788701811767_ivgu,BOM-DEL,EaseMyTrip,AI,AI-864,2026-09-10,T+15,5766,1266,7032,2026-08-26T00:57:18.728Z,FALSE,"",13:30,TRUE
fare_BOM-DEL_AI_2026-09-10_T+15_1788701811767_eelx,BOM-DEL,EaseMyTrip,AI,AI-2960,2026-09-10,T+15,5766,1266,7032,2026-08-26T00:57:18.728Z,FALSE,"",14:05,TRUE
fare_BOM-DEL_AI_2026-09-10_T+15_1788701811767_bxbp,BOM-DEL,EaseMyTrip,AI,AI-2944,2026-09-10,T+15,5766,1266,7032,2026-08-26T00:57:18.728Z,FALSE,"",14:35,TRUE
fare_BOM-DEL_AI_2026-09-10_T+15_1788701811767_6m0j,BOM-DEL,EaseMyTrip,AI,AI-1851,2026-09-10,T+15,5766,1266,7032,2026-08-26T00:57:18.728Z,FALSE,"",15:30,TRUE
fare_BOM-DEL_AI_2026-09-10_T+15_1788701811767_3zs4,BOM-DEL,EaseMyTrip,AI,AI-2687,2026-09-10,T+15,5766,1266,7032,2026-08-26T00:57:18.728Z,FALSE,"",16:40,TRUE
fare_BOM-DEL_AI_2026-09-10_T+15_1788701811767_ewom,BOM-DEL,EaseMyTrip,AI,AI-1882,2026-09-10,T+15,5766,1266,7032,2026-08-26T00:57:18.728Z,FALSE,"",23:55,TRUE
fare_BOM-DEL_AI_2026-09-10_T+15_1788701811767_j5hh,BOM-DEL,EaseMyTrip,AI,AI-2986,2026-09-10,T+15,5766,1266,7032,2026-08-26T00:57:18.728Z,FALSE,"",22:35,TRUE
fare_BOM-DEL_SG_2026-09-10_T+15_1788701811767_ootd,BOM-DEL,EaseMyTrip,SG,SG-856,2026-09-10,T+15,5785,1270,7055,2026-08-26T00:57:18.728Z,FALSE,"",15:55,TRUE
fare_BOM-DEL_SG_2026-09-10_T+15_1788701811767_wvhu,BOM-DEL,EaseMyTrip,SG,SG-772,2026-09-10,T+15,5785,1270,7055,2026-08-26T00:57:18.728Z,FALSE,"",15:55,TRUE
fare_BOM-DEL_6E_2026-09-10_T+15_1788701811767_wofy,BOM-DEL,EaseMyTrip,6E,6E-979,2026-09-10,T+15,5683,1247,6930,2026-08-26T00:57:18.728Z,FALSE,"",19:00,TRUE
fare_BOM-DEL_6E_2026-09-10_T+15_1788701811767_pbuc,BOM-DEL,EaseMyTrip,6E,6E-877,2026-09-10,T+15,5683,1247,6930,2026-08-26T00:57:18.728Z,FALSE,"",19:00,TRUE
fare_BOM-DEL_6E_2026-09-10_T+15_1788701811767_6p2j,BOM-DEL,EaseMyTrip,6E,6E-6613,2026-09-10,T+15,5683,1247,6930,2026-08-26T00:57:18.728Z,FALSE,"",18:15,TRUE
fare_BOM-DEL_6E_2026-09-10_T+15_1788701811767_lmod,BOM-DEL,EaseMyTrip,6E,6E-727,2026-09-10,T+15,5683,1247,6930,2026-08-26T00:57:18.728Z,FALSE,"",07:00,TRUE
fare_BOM-DEL_6E_2026-09-10_T+15_1788701811767_vqzk,BOM-DEL,EaseMyTrip,6E,6E-572,2026-09-10,T+15,5683,1247,6930,2026-08-26T00:57:18.728Z,FALSE,"",07:00,TRUE
fare_BOM-DEL_6E_2026-09-10_T+15_1788701811767_p16t,BOM-DEL,EaseMyTrip,6E,6E-365,2026-09-10,T+15,5683,1247,6930,2026-08-26T00:57:18.728Z,FALSE,"",08:00,TRUE
fare_BOM-DEL_6E_2026-09-10_T+15_1788701811767_ljak,BOM-DEL,EaseMyTrip,6E,6E-962,2026-09-10,T+15,5683,1247,6930,2026-08-26T00:57:18.728Z,FALSE,"",08:00,TRUE
fare_BOM-DEL_6E_2026-09-10_T+15_1788701811767_s8wb,BOM-DEL,EaseMyTrip,6E,6E-771,2026-09-10,T+15,5724,1257,6981,2026-08-26T00:57:18.728Z,FALSE,"",17:20,TRUE
fare_BOM-DEL_6E_2026-09-10_T+15_1788701811767_ixoy,BOM-DEL,EaseMyTrip,6E,6E-233,2026-09-10,T+15,5724,1257,6981,2026-08-26T00:57:18.728Z,FALSE,"",17:20,TRUE
fare_BOM-DEL_AI_2026-09-10_T+15_1788701811767_1eex,BOM-DEL,EaseMyTrip,AI,AI-2424,2026-09-10,T+15,5897,1294,7191,2026-08-26T00:57:18.728Z,FALSE,"",07:00,TRUE
fare_BOM-DEL_AI_2026-09-10_T+15_1788701811767_8yrk,BOM-DEL,EaseMyTrip,AI,AI-2930,2026-09-10,T+15,5897,1294,7191,2026-08-26T00:57:18.728Z,FALSE,"",07:30,TRUE
fare_BOM-DEL_AI_2026-09-10_T+15_1788701811767_in3o,BOM-DEL,EaseMyTrip,AI,AI-2408,2026-09-10,T+15,5897,1294,7191,2026-08-26T00:57:18.728Z,FALSE,"",19:30,TRUE
fare_BOM-DEL_AI_2026-09-10_T+15_1788701811767_xl1j,BOM-DEL,EaseMyTrip,AI,AI-2428,2026-09-10,T+15,5897,1294,7191,2026-08-26T00:57:18.728Z,FALSE,"",08:00,TRUE
fare_BOM-DEL_AI_2026-09-10_T+15_1788701811767_elxh,BOM-DEL,EaseMyTrip,AI,AI-2440,2026-09-10,T+15,5897,1294,7191,2026-08-26T00:57:18.728Z,FALSE,"",18:00,TRUE
fare_BOM-DEL_6E_2026-09-10_T+15_1788701811767_wpxu,BOM-DEL,EaseMyTrip,6E,6E-2237,2026-09-10,T+15,5852,1284,7136,2026-08-26T00:57:18.728Z,FALSE,"",18:40,FALSE
fare_BOM-DEL_6E_2026-09-10_T+15_1788701811767_efql,BOM-DEL,EaseMyTrip,6E,6E-198,2026-09-10,T+15,5852,1284,7136,2026-08-26T00:57:18.728Z,FALSE,"",04:00,FALSE
fare_BOM-DEL_6E_2026-09-10_T+15_1788701811767_9rlg,BOM-DEL,EaseMyTrip,6E,6E-477,2026-09-10,T+15,5852,1284,7136,2026-08-26T00:57:18.728Z,FALSE,"",04:00,FALSE
fare_BOM-DEL_6E_2026-09-10_T+15_1788701811767_4zrs,BOM-DEL,EaseMyTrip,6E,6E-5144,2026-09-10,T+15,5852,1284,7136,2026-08-26T00:57:18.728Z,FALSE,"",06:10,FALSE
fare_BOM-DEL_6E_2026-09-10_T+15_1788701811767_smjf,BOM-DEL,EaseMyTrip,6E,6E-2347,2026-09-10,T+15,5852,1284,7136,2026-08-26T00:57:18.728Z,FALSE,"",08:50,FALSE
fare_BOM-DEL_6E_2026-09-10_T+15_1788701811767_cyf5,BOM-DEL,EaseMyTrip,6E,6E-6049,2026-09-10,T+15,5897,1295,7192,2026-08-26T00:57:18.728Z,FALSE,"",19:45,TRUE
fare_BOM-DEL_AI_2026-09-10_T+15_1788701811767_6pl3,BOM-DEL,EaseMyTrip,AI,AI-816,2026-09-10,T+15,6069,1332,7401,2026-08-26T00:57:18.728Z,FALSE,"",21:00,TRUE
fare_BOM-DEL_AI_2026-09-10_T+15_1788701811767_vddi,BOM-DEL,EaseMyTrip,AI,AI-1895,2026-09-10,T+15,6069,1332,7401,2026-08-26T00:57:18.728Z,FALSE,"",21:30,TRUE
fare_BOM-DEL_6E_2026-09-10_T+15_1788701811767_qky4,BOM-DEL,EaseMyTrip,6E,6E-5135,2026-09-10,T+15,6001,1317,7318,2026-08-26T00:57:18.728Z,FALSE,"",23:20,FALSE
fare_BOM-DEL_AI_2026-09-10_T+15_1788701811767_lw06,BOM-DEL,EaseMyTrip,AI,AI-2940,2026-09-10,T+15,6220,1365,7585,2026-08-26T00:57:18.728Z,FALSE,"",20:00,TRUE
fare_BOM-DEL_AI_2026-09-10_T+15_1788701811767_ucrj,BOM-DEL,EaseMyTrip,AI,AI-2988,2026-09-10,T+15,6283,1379,7662,2026-08-26T00:57:18.728Z,FALSE,"",20:30,TRUE
fare_BOM-DEL_6E_2026-09-10_T+15_1788701811767_g3qr,BOM-DEL,EaseMyTrip,6E,6E-408,2026-09-10,T+15,6156,1351,7507,2026-08-26T00:57:18.728Z,FALSE,"",21:15,TRUE
fare_BOM-DEL_6E_2026-09-10_T+15_1788701811767_kl5g,BOM-DEL,EaseMyTrip,6E,6E-611,2026-09-10,T+15,6156,1351,7507,2026-08-26T00:57:18.728Z,FALSE,"",21:15,TRUE
fare_BOM-DEL_6E_2026-09-10_T+15_1788701811767_1ruc,BOM-DEL,EaseMyTrip,6E,6E-305,2026-09-10,T+15,6156,1351,7507,2026-08-26T00:57:18.728Z,FALSE,"",20:20,TRUE
fare_BOM-DEL_6E_2026-09-10_T+15_1788701811767_bh6m,BOM-DEL,EaseMyTrip,6E,6E-453,2026-09-10,T+15,6156,1351,7507,2026-08-26T00:57:18.728Z,FALSE,"",20:20,TRUE
fare_BOM-DEL_IX_2026-09-10_T+15_1788701811767_nqw4,BOM-DEL,EaseMyTrip,IX,IX-1237,2026-09-10,T+15,6857,1505,8362,2026-08-26T00:57:18.728Z,FALSE,"",05:55,FALSE
fare_BOM-DEL_6E_2026-09-10_T+15_1788701811767_ubnx,BOM-DEL,EaseMyTrip,6E,6E-5101,2026-09-10,T+15,6470,1420,7890,2026-08-26T00:57:18.728Z,FALSE,"",10:20,FALSE
fare_BOM-DEL_6E_2026-09-10_T+15_1788701811767_r3b1,BOM-DEL,EaseMyTrip,6E,6E-5386,2026-09-10,T+15,6600,1449,8049,2026-08-26T00:57:18.728Z,FALSE,"",15:10,FALSE
fare_BOM-DEL_AI_2026-09-10_T+15_1788701811767_lypg,BOM-DEL,EaseMyTrip,AI,AI-1891,2026-09-10,T+15,7560,1660,9220,2026-08-26T00:57:18.728Z,FALSE,"",08:10,TRUE
fare_BOM-DEL_6E_2026-09-10_T+15_1788701811767_009y,BOM-DEL,EaseMyTrip,6E,6E-7017,2026-09-10,T+15,7492,1644,9136,2026-08-26T00:57:18.728Z,FALSE,"",21:30,FALSE
fare_BOM-DEL_6E_2026-09-10_T+15_1788701811767_qpv8,BOM-DEL,EaseMyTrip,6E,6E-6802,2026-09-10,T+15,7510,1649,9159,2026-08-26T00:57:18.728Z,FALSE,"",16:55,FALSE
fare_BOM-DEL_6E_2026-09-10_T+15_1788701811767_3f8r,BOM-DEL,EaseMyTrip,6E,6E-5273,2026-09-10,T+15,7510,1649,9159,2026-08-26T00:57:18.728Z,FALSE,"",18:35,FALSE
fare_BOM-DEL_6E_2026-09-10_T+15_1788701811767_dymg,BOM-DEL,EaseMyTrip,6E,6E-5178,2026-09-10,T+15,8645,1898,10543,2026-08-26T00:57:18.728Z,FALSE,"",11:45,FALSE
fare_BOM-DEL_6E_2026-09-10_T+15_1788701811767_t4ag,BOM-DEL,EaseMyTrip,6E,6E-5246,2026-09-10,T+15,9000,1976,10976,2026-08-26T00:57:18.728Z,FALSE,"",07:15,FALSE
fare_BOM-DEL_AI_2026-09-10_T+15_1788701811767_j2ej,BOM-DEL,EaseMyTrip,AI,AI-9753,2026-09-10,T+15,9577,2102,11679,2026-08-26T00:57:18.728Z,TRUE,"High outlier: ₹11679 > upper fence ₹11547 (Q3: ₹8556, IQR: ₹1994)",05:45,FALSE
fare_BOM-DEL_6E_2026-09-10_T+15_1788701811767_ijab,BOM-DEL,EaseMyTrip,6E,6E-5281,2026-09-10,T+15,9531,2092,11623,2026-08-26T00:57:18.728Z,TRUE,"High outlier: ₹11623 > upper fence ₹11547 (Q3: ₹8556, IQR: ₹1994)",08:40,FALSE
fare_BOM-DEL_AI_2026-09-10_T+15_1788701811767_jgeu,BOM-DEL,EaseMyTrip,AI,AI-9891,2026-09-10,T+15,9966,2188,12154,2026-08-26T00:57:18.728Z,TRUE,"High outlier: ₹12154 > upper fence ₹11547 (Q3: ₹8556, IQR: ₹1994)",13:10,FALSE
fare_BOM-DEL_6E_2026-09-10_T+15_1788701811767_7mkd,BOM-DEL,EaseMyTrip,6E,6E-5228,2026-09-10,T+15,9847,2161,12008,2026-08-26T00:57:18.728Z,TRUE,"High outlier: ₹12008 > upper fence ₹11547 (Q3: ₹8556, IQR: ₹1994)",16:45,FALSE
fare_BOM-DEL_IX_2026-09-10_T+15_1788701811767_1mwg,BOM-DEL,EaseMyTrip,IX,IX-1347,2026-09-10,T+15,10304,2262,12566,2026-08-26T00:57:18.728Z,TRUE,"High outlier: ₹12566 > upper fence ₹11547 (Q3: ₹8556, IQR: ₹1994)",06:00,FALSE
fare_BOM-DEL_6E_2026-09-10_T+15_1788701811767_set6,BOM-DEL,EaseMyTrip,6E,6E-5154,2026-09-10,T+15,10399,2283,12682,2026-08-26T00:57:18.728Z,TRUE,"High outlier: ₹12682 > upper fence ₹11547 (Q3: ₹8556, IQR: ₹1994)",15:45,FALSE
fare_BOM-DEL_AI_2026-09-10_T+15_1788701811767_47ov,BOM-DEL,EaseMyTrip,AI,AI-2493,2026-09-10,T+15,11126,2442,13568,2026-08-26T00:57:18.728Z,TRUE,"High outlier: ₹13568 > upper fence ₹11547 (Q3: ₹8556, IQR: ₹1994)",18:25,FALSE
fare_BOM-DEL_AI_2026-09-10_T+15_1788701811767_xfu9,BOM-DEL,EaseMyTrip,AI,AI-2919,2026-09-10,T+15,11126,2442,13568,2026-08-26T00:57:18.728Z,TRUE,"High outlier: ₹13568 > upper fence ₹11547 (Q3: ₹8556, IQR: ₹1994)",21:35,FALSE
fare_BOM-DEL_AI_2026-09-10_T+15_1788701811767_04vu,BOM-DEL,EaseMyTrip,AI,AI-2915,2026-09-10,T+15,11126,2442,13568,2026-08-26T00:57:18.728Z,TRUE,"High outlier: ₹13568 > upper fence ₹11547 (Q3: ₹8556, IQR: ₹1994)",15:30,FALSE
fare_BOM-DEL_AI_2026-09-10_T+15_1788701811767_kkhs,BOM-DEL,EaseMyTrip,AI,AI-2847,2026-09-10,T+15,11214,2461,13675,2026-08-26T00:57:18.728Z,TRUE,"High outlier: ₹13675 > upper fence ₹11547 (Q3: ₹8556, IQR: ₹1994)",10:00,FALSE
fare_BOM-DEL_AI_2026-09-10_T+15_1788701811767_rzdq,BOM-DEL,EaseMyTrip,AI,AI-2503,2026-09-10,T+15,11399,2502,13901,2026-08-26T00:57:18.728Z,TRUE,"High outlier: ₹13901 > upper fence ₹11547 (Q3: ₹8556, IQR: ₹1994)",12:55,FALSE
fare_BOM-DEL_6E_2026-09-10_T+15_1788701811767_l1dt,BOM-DEL,EaseMyTrip,6E,6E-6027,2026-09-10,T+15,11309,2483,13792,2026-08-26T00:57:18.728Z,TRUE,"High outlier: ₹13792 > upper fence ₹11547 (Q3: ₹8556, IQR: ₹1994)",17:35,FALSE
fare_BOM-DEL_IX_2026-09-10_T+15_1788701811767_9zj0,BOM-DEL,EaseMyTrip,IX,IX-1163,2026-09-10,T+15,12102,2657,14759,2026-08-26T00:57:18.728Z,TRUE,"High outlier: ₹14759 > upper fence ₹11547 (Q3: ₹8556, IQR: ₹1994)",20:45,FALSE
fare_BOM-DEL_AI_2026-09-10_T+15_1788701811767_8lyl,BOM-DEL,EaseMyTrip,AI,AI-9558,2026-09-10,T+15,12071,2650,14721,2026-08-26T00:57:18.728Z,TRUE,"High outlier: ₹14721 > upper fence ₹11547 (Q3: ₹8556, IQR: ₹1994)",07:30,FALSE
fare_BOM-DEL_6E_2026-09-10_T+15_1788701811767_blo0,BOM-DEL,EaseMyTrip,6E,6E-396,2026-09-10,T+15,12053,2646,14699,2026-08-26T00:57:18.728Z,TRUE,"High outlier: ₹14699 > upper fence ₹11547 (Q3: ₹8556, IQR: ₹1994)",12:40,FALSE
fare_BOM-DEL_6E_2026-09-10_T+15_1788701811767_3rdg,BOM-DEL,EaseMyTrip,6E,6E-248,2026-09-10,T+15,12053,2646,14699,2026-08-26T00:57:18.728Z,TRUE,"High outlier: ₹14699 > upper fence ₹11547 (Q3: ₹8556, IQR: ₹1994)",12:40,FALSE
fare_BOM-DEL_AI_2026-09-10_T+15_1788701811767_tbqo,BOM-DEL,EaseMyTrip,AI,AI-603,2026-09-10,T+15,12591,2764,15355,2026-08-26T00:57:18.728Z,TRUE,"High outlier: ₹15355 > upper fence ₹11547 (Q3: ₹8556, IQR: ₹1994)",05:10,FALSE
fare_BOM-DEL_AI_2026-09-10_T+15_1788701811767_kitg,BOM-DEL,EaseMyTrip,AI,AI-2785,2026-09-10,T+15,12656,2778,15434,2026-08-26T00:57:18.728Z,TRUE,"High outlier: ₹15434 > upper fence ₹11547 (Q3: ₹8556, IQR: ₹1994)",06:40,FALSE
fare_BOM-DEL_6E_2026-09-10_T+15_1788701811767_knlm,BOM-DEL,EaseMyTrip,6E,6E-935,2026-09-10,T+15,12546,2754,15300,2026-08-26T00:57:18.728Z,TRUE,"High outlier: ₹15300 > upper fence ₹11547 (Q3: ₹8556, IQR: ₹1994)",11:20,FALSE
fare_BOM-DEL_6E_2026-09-10_T+15_1788701811767_6sqm,BOM-DEL,EaseMyTrip,6E,6E-675,2026-09-10,T+15,12546,2754,15300,2026-08-26T00:57:18.728Z,TRUE,"High outlier: ₹15300 > upper fence ₹11547 (Q3: ₹8556, IQR: ₹1994)",11:20,FALSE
fare_BOM-DEL_IX_2026-09-10_T+15_1788701811767_toic,BOM-DEL,EaseMyTrip,IX,IX-1283,2026-09-10,T+15,12891,2830,15721,2026-08-26T00:57:18.728Z,TRUE,"High outlier: ₹15721 > upper fence ₹11547 (Q3: ₹8556, IQR: ₹1994)",09:05,FALSE
fare_BOM-DEL_6E_2026-09-10_T+15_1788701811767_lqtw,BOM-DEL,EaseMyTrip,6E,6E-637,2026-09-10,T+15,12721,2793,15514,2026-08-26T00:57:18.728Z,TRUE,"High outlier: ₹15514 > upper fence ₹11547 (Q3: ₹8556, IQR: ₹1994)",14:40,FALSE
fare_BOM-DEL_6E_2026-09-10_T+15_1788701811767_dil4,BOM-DEL,EaseMyTrip,6E,6E-721,2026-09-10,T+15,12721,2793,15514,2026-08-26T00:57:18.728Z,TRUE,"High outlier: ₹15514 > upper fence ₹11547 (Q3: ₹8556, IQR: ₹1994)",14:40,FALSE
fare_BOM-DEL_AI_2026-09-10_T+15_1788701811767_3ei3,BOM-DEL,EaseMyTrip,AI,AI-2730,2026-09-10,T+15,13136,2884,16020,2026-08-26T00:57:18.728Z,TRUE,"High outlier: ₹16020 > upper fence ₹11547 (Q3: ₹8556, IQR: ₹1994)",16:00,FALSE
fare_BOM-DEL_AI_2026-09-10_T+15_1788701811767_75ik,BOM-DEL,EaseMyTrip,AI,AI-2659,2026-09-10,T+15,13311,2922,16233,2026-08-26T00:57:18.728Z,TRUE,"High outlier: ₹16233 > upper fence ₹11547 (Q3: ₹8556, IQR: ₹1994)",14:35,FALSE
fare_BOM-DEL_AI_2026-09-10_T+15_1788701811767_7zxc,BOM-DEL,EaseMyTrip,AI,AI-9533,2026-09-10,T+15,13478,2958,16436,2026-08-26T00:57:18.728Z,TRUE,"High outlier: ₹16436 > upper fence ₹11547 (Q3: ₹8556, IQR: ₹1994)",16:30,FALSE
fare_BOM-DEL_AI_2026-09-10_T+15_1788701811767_plz9,BOM-DEL,EaseMyTrip,AI,AI-2753,2026-09-10,T+15,13595,2984,16579,2026-08-26T00:57:18.728Z,TRUE,"High outlier: ₹16579 > upper fence ₹11547 (Q3: ₹8556, IQR: ₹1994)",13:50,FALSE
fare_BOM-DEL_AI_2026-09-10_T+15_1788701811767_oin5,BOM-DEL,EaseMyTrip,AI,AI-2741,2026-09-10,T+15,13953,3063,17016,2026-08-26T00:57:18.728Z,TRUE,"High outlier: ₹17016 > upper fence ₹11547 (Q3: ₹8556, IQR: ₹1994)",07:40,FALSE
fare_BOM-DEL_AI_2026-09-10_T+15_1788701811767_oviu,BOM-DEL,EaseMyTrip,AI,AI-2749,2026-09-10,T+15,14173,3111,17284,2026-08-26T00:57:18.728Z,TRUE,"High outlier: ₹17284 > upper fence ₹11547 (Q3: ₹8556, IQR: ₹1994)",17:35,FALSE
fare_BOM-DEL_AI_2026-09-10_T+15_1788701811767_5kbc,BOM-DEL,EaseMyTrip,AI,AI-2728,2026-09-10,T+15,14523,3188,17711,2026-08-26T00:57:18.728Z,TRUE,"High outlier: ₹17711 > upper fence ₹11547 (Q3: ₹8556, IQR: ₹1994)",05:20,FALSE
fare_BOM-DEL_AI_2026-09-10_T+15_1788701811767_2iy5,BOM-DEL,EaseMyTrip,AI,AI-2444,2026-09-10,T+15,14603,3206,17809,2026-08-26T00:57:18.728Z,TRUE,"High outlier: ₹17809 > upper fence ₹11547 (Q3: ₹8556, IQR: ₹1994)",10:50,FALSE
fare_BOM-DEL_AI_2026-09-10_T+15_1788701811767_cz8q,BOM-DEL,EaseMyTrip,AI,AI-2531,2026-09-10,T+15,14755,3239,17994,2026-08-26T00:57:18.728Z,TRUE,"High outlier: ₹17994 > upper fence ₹11547 (Q3: ₹8556, IQR: ₹1994)",15:05,FALSE
fare_BOM-DEL_AI_2026-09-10_T+15_1788701811767_zw4z,BOM-DEL,EaseMyTrip,AI,AI-2625,2026-09-10,T+15,14755,3239,17994,2026-08-26T00:57:18.728Z,TRUE,"High outlier: ₹17994 > upper fence ₹11547 (Q3: ₹8556, IQR: ₹1994)",06:00,FALSE
fare_BOM-DEL_IX_2026-09-10_T+15_1788701811767_8imq,BOM-DEL,EaseMyTrip,IX,IX-1238,2026-09-10,T+15,16754,3678,20432,2026-08-26T00:57:18.728Z,TRUE,"High outlier: ₹20432 > upper fence ₹11547 (Q3: ₹8556, IQR: ₹1994)",12:25,FALSE
fare_BOM-DEL_AI_2026-09-10_T+15_1788701811767_ihrc,BOM-DEL,EaseMyTrip,AI,AI-2579,2026-09-10,T+15,23058,5062,28120,2026-08-26T00:57:18.728Z,TRUE,"High outlier: ₹28120 > upper fence ₹11547 (Q3: ₹8556, IQR: ₹1994)",10:35,FALSE
fare_BOM-DEL_AI_2026-09-10_T+15_1788701811767_bfx6,BOM-DEL,EaseMyTrip,AI,AI-2781,2026-09-10,T+15,24252,5324,29576,2026-08-26T00:57:18.728Z,TRUE,"High outlier: ₹29576 > upper fence ₹11547 (Q3: ₹8556, IQR: ₹1994)",10:50,FALSE
fare_BOM-DEL_6E_2026-09-25_T+30_1788701811767_ez8f,BOM-DEL,EaseMyTrip,6E,6E-5095,2026-09-25,T+30,5014,1101,6115,2026-08-26T00:57:24.533Z,FALSE,"",09:20,TRUE
fare_BOM-DEL_SG_2026-09-25_T+30_1788701811767_wtl4,BOM-DEL,EaseMyTrip,SG,SG-719,2026-09-25,T+30,5231,1148,6379,2026-08-26T00:57:24.533Z,FALSE,"",01:50,TRUE
fare_BOM-DEL_SG_2026-09-25_T+30_1788701811767_h2km,BOM-DEL,EaseMyTrip,SG,SG-407,2026-09-25,T+30,5231,1148,6379,2026-08-26T00:57:24.533Z,FALSE,"",01:50,TRUE
fare_BOM-DEL_SG_2026-09-25_T+30_1788701811767_e088,BOM-DEL,EaseMyTrip,SG,SG-219,2026-09-25,T+30,5231,1148,6379,2026-08-26T00:57:24.533Z,FALSE,"",22:30,TRUE
fare_BOM-DEL_SG_2026-09-25_T+30_1788701811767_vjkd,BOM-DEL,EaseMyTrip,SG,SG-590,2026-09-25,T+30,5231,1148,6379,2026-08-26T00:57:24.533Z,FALSE,"",22:30,TRUE
fare_BOM-DEL_SG_2026-09-25_T+30_1788701811767_3qd5,BOM-DEL,EaseMyTrip,SG,SG-831,2026-09-25,T+30,5231,1148,6379,2026-08-26T00:57:24.533Z,FALSE,"",23:25,TRUE
fare_BOM-DEL_SG_2026-09-25_T+30_1788701811767_lei4,BOM-DEL,EaseMyTrip,SG,SG-257,2026-09-25,T+30,5231,1148,6379,2026-08-26T00:57:24.533Z,FALSE,"",23:25,TRUE
fare_BOM-DEL_IX_2026-09-25_T+30_1788701811767_nrw7,BOM-DEL,EaseMyTrip,IX,IX-1050,2026-09-25,T+30,5380,1181,6561,2026-08-26T00:57:24.533Z,FALSE,"",08:55,TRUE
fare_BOM-DEL_IX_2026-09-25_T+30_1788701811767_zsdh,BOM-DEL,EaseMyTrip,IX,IX-1787,2026-09-25,T+30,5595,1228,6823,2026-08-26T00:57:24.533Z,FALSE,"",13:10,FALSE
fare_BOM-DEL_SG_2026-09-25_T+30_1788701811767_us04,BOM-DEL,EaseMyTrip,SG,SG-765,2026-09-25,T+30,5502,1208,6710,2026-08-26T00:57:24.533Z,FALSE,"",17:55,TRUE
fare_BOM-DEL_SG_2026-09-25_T+30_1788701811767_eacj,BOM-DEL,EaseMyTrip,SG,SG-266,2026-09-25,T+30,5502,1208,6710,2026-08-26T00:57:24.533Z,FALSE,"",17:55,TRUE
fare_BOM-DEL_SG_2026-09-25_T+30_1788701811767_4111,BOM-DEL,EaseMyTrip,SG,SG-689,2026-09-25,T+30,5502,1208,6710,2026-08-26T00:57:24.533Z,FALSE,"",23:55,TRUE
fare_BOM-DEL_SG_2026-09-25_T+30_1788701811767_8bpb,BOM-DEL,EaseMyTrip,SG,SG-226,2026-09-25,T+30,5502,1208,6710,2026-08-26T00:57:24.533Z,FALSE,"",23:55,TRUE
fare_BOM-DEL_QP_2026-09-25_T+30_1788701811767_12y7,BOM-DEL,EaseMyTrip,QP,QP-1109,2026-09-25,T+30,5381,1181,6562,2026-08-26T00:57:24.533Z,FALSE,"",07:00,TRUE
fare_BOM-DEL_QP_2026-09-25_T+30_1788701811767_4enu,BOM-DEL,EaseMyTrip,QP,QP-1127,2026-09-25,T+30,5381,1181,6562,2026-08-26T00:57:24.533Z,FALSE,"",13:00,TRUE
fare_BOM-DEL_QP_2026-09-25_T+30_1788701811767_3j0l,BOM-DEL,EaseMyTrip,QP,QP-1819,2026-09-25,T+30,5381,1181,6562,2026-08-26T00:57:24.533Z,FALSE,"",14:30,TRUE
fare_BOM-DEL_QP_2026-09-25_T+30_1788701811767_wvhl,BOM-DEL,EaseMyTrip,QP,QP-1834,2026-09-25,T+30,5381,1181,6562,2026-08-26T00:57:24.533Z,FALSE,"",10:20,TRUE
fare_BOM-DEL_QP_2026-09-25_T+30_1788701811767_weki,BOM-DEL,EaseMyTrip,QP,QP-1825,2026-09-25,T+30,5381,1181,6562,2026-08-26T00:57:24.533Z,FALSE,"",16:50,TRUE
fare_BOM-DEL_QP_2026-09-25_T+30_1788701811767_dtxa,BOM-DEL,EaseMyTrip,QP,QP-1111,2026-09-25,T+30,5381,1181,6562,2026-08-26T00:57:24.533Z,FALSE,"",05:10,TRUE
fare_BOM-DEL_QP_2026-09-25_T+30_1788701811767_he4t,BOM-DEL,EaseMyTrip,QP,QP-1835,2026-09-25,T+30,5381,1181,6562,2026-08-26T00:57:24.533Z,FALSE,"",11:50,TRUE
fare_BOM-DEL_6E_2026-09-25_T+30_1788701811767_oeut,BOM-DEL,EaseMyTrip,6E,6E-649,2026-09-25,T+30,5381,1181,6562,2026-08-26T00:57:24.533Z,FALSE,"",16:00,TRUE
fare_BOM-DEL_6E_2026-09-25_T+30_1788701811767_6dnr,BOM-DEL,EaseMyTrip,6E,6E-361,2026-09-25,T+30,5381,1181,6562,2026-08-26T00:57:24.533Z,FALSE,"",16:00,TRUE
fare_BOM-DEL_6E_2026-09-25_T+30_1788701811767_vz3j,BOM-DEL,EaseMyTrip,6E,6E-6704,2026-09-25,T+30,5381,1181,6562,2026-08-26T00:57:24.533Z,FALSE,"",14:00,TRUE
fare_BOM-DEL_6E_2026-09-25_T+30_1788701811767_wm1h,BOM-DEL,EaseMyTrip,6E,6E-6028,2026-09-25,T+30,5381,1181,6562,2026-08-26T00:57:24.533Z,FALSE,"",12:15,TRUE
fare_BOM-DEL_6E_2026-09-25_T+30_1788701811767_oblo,BOM-DEL,EaseMyTrip,6E,6E-420,2026-09-25,T+30,5381,1181,6562,2026-08-26T00:57:24.533Z,FALSE,"",13:00,TRUE
fare_BOM-DEL_6E_2026-09-25_T+30_1788701811767_81pj,BOM-DEL,EaseMyTrip,6E,6E-737,2026-09-25,T+30,5381,1181,6562,2026-08-26T00:57:24.533Z,FALSE,"",13:00,TRUE
fare_BOM-DEL_6E_2026-09-25_T+30_1788701811767_5ip8,BOM-DEL,EaseMyTrip,6E,6E-6052,2026-09-25,T+30,5381,1181,6562,2026-08-26T00:57:24.533Z,FALSE,"",10:00,TRUE
fare_BOM-DEL_6E_2026-09-25_T+30_1788701811767_jk9k,BOM-DEL,EaseMyTrip,6E,6E-417,2026-09-25,T+30,5381,1181,6562,2026-08-26T00:57:24.533Z,FALSE,"",10:35,TRUE
fare_BOM-DEL_6E_2026-09-25_T+30_1788701811767_k37z,BOM-DEL,EaseMyTrip,6E,6E-363,2026-09-25,T+30,5381,1181,6562,2026-08-26T00:57:24.533Z,FALSE,"",10:35,TRUE
fare_BOM-DEL_QP_2026-09-25_T+30_1788701811767_y2iy,BOM-DEL,EaseMyTrip,QP,QP-1939,2026-09-25,T+30,5423,1191,6614,2026-08-26T00:57:24.533Z,FALSE,"",10:10,TRUE
fare_BOM-DEL_IX_2026-09-25_T+30_1788701811767_ibzs,BOM-DEL,EaseMyTrip,IX,IX-1671,2026-09-25,T+30,5682,1247,6929,2026-08-26T00:57:24.533Z,FALSE,"",16:45,TRUE
fare_BOM-DEL_6E_2026-09-25_T+30_1788701811767_pxup,BOM-DEL,EaseMyTrip,6E,6E-874,2026-09-25,T+30,5510,1210,6720,2026-08-26T00:57:24.533Z,FALSE,"",23:45,TRUE
fare_BOM-DEL_6E_2026-09-25_T+30_1788701811767_p6kl,BOM-DEL,EaseMyTrip,6E,6E-921,2026-09-25,T+30,5510,1210,6720,2026-08-26T00:57:24.533Z,FALSE,"",23:45,TRUE
fare_BOM-DEL_6E_2026-09-25_T+30_1788701811767_n8sg,BOM-DEL,EaseMyTrip,6E,6E-6082,2026-09-25,T+30,5510,1210,6720,2026-08-26T00:57:24.533Z,FALSE,"",16:45,TRUE
fare_BOM-DEL_6E_2026-09-25_T+30_1788701811767_yu1m,BOM-DEL,EaseMyTrip,6E,6E-673,2026-09-25,T+30,5510,1210,6720,2026-08-26T00:57:24.533Z,FALSE,"",06:00,TRUE
fare_BOM-DEL_6E_2026-09-25_T+30_1788701811767_l7ah,BOM-DEL,EaseMyTrip,6E,6E-296,2026-09-25,T+30,5510,1210,6720,2026-08-26T00:57:24.533Z,FALSE,"",06:00,TRUE
fare_BOM-DEL_6E_2026-09-25_T+30_1788701811767_e1p6,BOM-DEL,EaseMyTrip,6E,6E-186,2026-09-25,T+30,5510,1210,6720,2026-08-26T00:57:24.533Z,FALSE,"",09:00,TRUE
fare_BOM-DEL_6E_2026-09-25_T+30_1788701811767_cgow,BOM-DEL,EaseMyTrip,6E,6E-376,2026-09-25,T+30,5510,1210,6720,2026-08-26T00:57:24.533Z,FALSE,"",09:00,TRUE
fare_BOM-DEL_IX_2026-09-25_T+30_1788701811767_yrlu,BOM-DEL,EaseMyTrip,IX,IX-1026,2026-09-25,T+30,5930,1302,7232,2026-08-26T00:57:24.533Z,FALSE,"",05:45,FALSE
fare_BOM-DEL_IX_2026-09-25_T+30_1788701811767_29iz,BOM-DEL,EaseMyTrip,IX,IX-1364,2026-09-25,T+30,5769,1266,7035,2026-08-26T00:57:24.533Z,FALSE,"",21:55,TRUE
fare_BOM-DEL_6E_2026-09-25_T+30_1788701811767_we09,BOM-DEL,EaseMyTrip,6E,6E-2090,2026-09-25,T+30,5552,1219,6771,2026-08-26T00:57:24.533Z,FALSE,"",06:25,TRUE
fare_BOM-DEL_QP_2026-09-25_T+30_1788701811767_39oe,BOM-DEL,EaseMyTrip,QP,QP-2071,2026-09-25,T+30,5560,1221,6781,2026-08-26T00:57:24.533Z,FALSE,"",06:05,TRUE
fare_BOM-DEL_QP_2026-09-25_T+30_1788701811767_354z,BOM-DEL,EaseMyTrip,QP,QP-1120,2026-09-25,T+30,5578,1224,6802,2026-08-26T00:57:24.533Z,FALSE,"",18:45,TRUE
fare_BOM-DEL_AI_2026-09-25_T+30_1788701811767_5wb7,BOM-DEL,EaseMyTrip,AI,AI-2928,2026-09-25,T+30,5766,1266,7032,2026-08-26T00:57:24.533Z,FALSE,"",06:30,TRUE
fare_BOM-DEL_AI_2026-09-25_T+30_1788701811767_xxhe,BOM-DEL,EaseMyTrip,AI,AI-2677,2026-09-25,T+30,5766,1266,7032,2026-08-26T00:57:24.533Z,FALSE,"",13:00,TRUE
fare_BOM-DEL_AI_2026-09-25_T+30_1788701811767_yjvx,BOM-DEL,EaseMyTrip,AI,AI-2422,2026-09-25,T+30,5766,1266,7032,2026-08-26T00:57:24.533Z,FALSE,"",01:00,TRUE
fare_BOM-DEL_AI_2026-09-25_T+30_1788701811767_8b53,BOM-DEL,EaseMyTrip,AI,AI-2419,2026-09-25,T+30,5766,1266,7032,2026-08-26T00:57:24.533Z,FALSE,"",12:00,TRUE
fare_BOM-DEL_AI_2026-09-25_T+30_1788701811767_xbxm,BOM-DEL,EaseMyTrip,AI,AI-1851,2026-09-25,T+30,5766,1266,7032,2026-08-26T00:57:24.533Z,FALSE,"",15:30,TRUE
fare_BOM-DEL_AI_2026-09-25_T+30_1788701811767_4y9f,BOM-DEL,EaseMyTrip,AI,AI-1882,2026-09-25,T+30,5766,1266,7032,2026-08-26T00:57:24.533Z,FALSE,"",23:55,TRUE
fare_BOM-DEL_SG_2026-09-25_T+30_1788701811767_f7wi,BOM-DEL,EaseMyTrip,SG,SG-932,2026-09-25,T+30,5785,1270,7055,2026-08-26T00:57:24.533Z,FALSE,"",06:25,TRUE
fare_BOM-DEL_SG_2026-09-25_T+30_1788701811767_oap8,BOM-DEL,EaseMyTrip,SG,SG-405,2026-09-25,T+30,5785,1270,7055,2026-08-26T00:57:24.533Z,FALSE,"",06:25,TRUE
fare_BOM-DEL_SG_2026-09-25_T+30_1788701811767_vq7q,BOM-DEL,EaseMyTrip,SG,SG-398,2026-09-25,T+30,5785,1270,7055,2026-08-26T00:57:24.533Z,FALSE,"",15:55,TRUE
fare_BOM-DEL_SG_2026-09-25_T+30_1788701811767_hfch,BOM-DEL,EaseMyTrip,SG,SG-500,2026-09-25,T+30,5785,1270,7055,2026-08-26T00:57:24.533Z,FALSE,"",15:55,TRUE
fare_BOM-DEL_6E_2026-09-25_T+30_1788701811767_jkj6,BOM-DEL,EaseMyTrip,6E,6E-472,2026-09-25,T+30,5683,1247,6930,2026-08-26T00:57:24.533Z,FALSE,"",22:15,TRUE
fare_BOM-DEL_6E_2026-09-25_T+30_1788701811767_ud8c,BOM-DEL,EaseMyTrip,6E,6E-586,2026-09-25,T+30,5683,1247,6930,2026-08-26T00:57:24.533Z,FALSE,"",17:20,TRUE
fare_BOM-DEL_6E_2026-09-25_T+30_1788701811767_zia9,BOM-DEL,EaseMyTrip,6E,6E-146,2026-09-25,T+30,5683,1247,6930,2026-08-26T00:57:24.533Z,FALSE,"",17:20,TRUE
fare_BOM-DEL_6E_2026-09-25_T+30_1788701811767_4jkm,BOM-DEL,EaseMyTrip,6E,6E-927,2026-09-25,T+30,5683,1247,6930,2026-08-26T00:57:24.533Z,FALSE,"",15:00,TRUE
fare_BOM-DEL_6E_2026-09-25_T+30_1788701811767_ceya,BOM-DEL,EaseMyTrip,6E,6E-662,2026-09-25,T+30,5683,1247,6930,2026-08-26T00:57:24.533Z,FALSE,"",15:00,TRUE
fare_BOM-DEL_6E_2026-09-25_T+30_1788701811767_a2kt,BOM-DEL,EaseMyTrip,6E,6E-566,2026-09-25,T+30,5683,1247,6930,2026-08-26T00:57:24.533Z,FALSE,"",07:00,TRUE
fare_BOM-DEL_6E_2026-09-25_T+30_1788701811767_kh20,BOM-DEL,EaseMyTrip,6E,6E-743,2026-09-25,T+30,5683,1247,6930,2026-08-26T00:57:24.533Z,FALSE,"",07:00,TRUE
fare_BOM-DEL_6E_2026-09-25_T+30_1788701811767_tl7v,BOM-DEL,EaseMyTrip,6E,6E-677,2026-09-25,T+30,5683,1247,6930,2026-08-26T00:57:24.533Z,FALSE,"",08:00,TRUE
fare_BOM-DEL_6E_2026-09-25_T+30_1788701811767_6smm,BOM-DEL,EaseMyTrip,6E,6E-365,2026-09-25,T+30,5683,1247,6930,2026-08-26T00:57:24.533Z,FALSE,"",08:00,TRUE
fare_BOM-DEL_6E_2026-09-25_T+30_1788701811767_ellp,BOM-DEL,EaseMyTrip,6E,6E-6827,2026-09-25,T+30,5683,1247,6930,2026-08-26T00:57:24.533Z,FALSE,"",11:30,TRUE
fare_BOM-DEL_6E_2026-09-25_T+30_1788701811767_3kqe,BOM-DEL,EaseMyTrip,6E,6E-970,2026-09-25,T+30,5724,1257,6981,2026-08-26T00:57:24.533Z,FALSE,"",17:20,TRUE
fare_BOM-DEL_6E_2026-09-25_T+30_1788701811767_1mu2,BOM-DEL,EaseMyTrip,6E,6E-745,2026-09-25,T+30,5724,1257,6981,2026-08-26T00:57:24.533Z,FALSE,"",17:20,TRUE
fare_BOM-DEL_AI_2026-09-25_T+30_1788701811767_vwcq,BOM-DEL,EaseMyTrip,AI,AI-2424,2026-09-25,T+30,5897,1294,7191,2026-08-26T00:57:24.533Z,FALSE,"",07:00,TRUE
fare_BOM-DEL_AI_2026-09-25_T+30_1788701811767_u7vk,BOM-DEL,EaseMyTrip,AI,AI-2930,2026-09-25,T+30,5897,1294,7191,2026-08-26T00:57:24.533Z,FALSE,"",07:30,TRUE
fare_BOM-DEL_AI_2026-09-25_T+30_1788701811767_ul4u,BOM-DEL,EaseMyTrip,AI,AI-2428,2026-09-25,T+30,5897,1294,7191,2026-08-26T00:57:24.533Z,FALSE,"",08:00,TRUE
fare_BOM-DEL_AI_2026-09-25_T+30_1788701811767_u1m0,BOM-DEL,EaseMyTrip,AI,AI-2970,2026-09-25,T+30,5897,1294,7191,2026-08-26T00:57:24.533Z,FALSE,"",08:30,TRUE
fare_BOM-DEL_AI_2026-09-25_T+30_1788701811767_ld8u,BOM-DEL,EaseMyTrip,AI,AI-2952,2026-09-25,T+30,5897,1294,7191,2026-08-26T00:57:24.533Z,FALSE,"",11:25,TRUE
fare_BOM-DEL_AI_2026-09-25_T+30_1788701811767_5elw,BOM-DEL,EaseMyTrip,AI,AI-2944,2026-09-25,T+30,5897,1294,7191,2026-08-26T00:57:24.533Z,FALSE,"",14:35,TRUE
fare_BOM-DEL_AI_2026-09-25_T+30_1788701811767_de5b,BOM-DEL,EaseMyTrip,AI,AI-2442,2026-09-25,T+30,5897,1294,7191,2026-08-26T00:57:24.533Z,FALSE,"",15:00,TRUE
fare_BOM-DEL_AI_2026-09-25_T+30_1788701811767_11g2,BOM-DEL,EaseMyTrip,AI,AI-2687,2026-09-25,T+30,5897,1294,7191,2026-08-26T00:57:24.533Z,FALSE,"",11:30,TRUE
fare_BOM-DEL_6E_2026-09-25_T+30_1788701811767_g41y,BOM-DEL,EaseMyTrip,6E,6E-2237,2026-09-25,T+30,5739,1260,6999,2026-08-26T00:57:24.533Z,FALSE,"",18:40,FALSE
fare_BOM-DEL_6E_2026-09-25_T+30_1788701811767_sgwd,BOM-DEL,EaseMyTrip,6E,6E-5059,2026-09-25,T+30,5739,1260,6999,2026-08-26T00:57:24.533Z,FALSE,"",05:45,FALSE
fare_BOM-DEL_6E_2026-09-25_T+30_1788701811767_d8o3,BOM-DEL,EaseMyTrip,6E,6E-192,2026-09-25,T+30,5739,1260,6999,2026-08-26T00:57:24.533Z,FALSE,"",14:40,FALSE
fare_BOM-DEL_6E_2026-09-25_T+30_1788701811767_z5m9,BOM-DEL,EaseMyTrip,6E,6E-598,2026-09-25,T+30,5739,1260,6999,2026-08-26T00:57:24.533Z,FALSE,"",14:40,FALSE
fare_BOM-DEL_6E_2026-09-25_T+30_1788701811767_1rz5,BOM-DEL,EaseMyTrip,6E,6E-910,2026-09-25,T+30,5739,1260,6999,2026-08-26T00:57:24.533Z,FALSE,"",01:30,FALSE
fare_BOM-DEL_6E_2026-09-25_T+30_1788701811767_rtgt,BOM-DEL,EaseMyTrip,6E,6E-894,2026-09-25,T+30,5739,1260,6999,2026-08-26T00:57:24.533Z,FALSE,"",01:30,FALSE
fare_BOM-DEL_6E_2026-09-25_T+30_1788701811767_b7z2,BOM-DEL,EaseMyTrip,6E,6E-919,2026-09-25,T+30,5739,1260,6999,2026-08-26T00:57:24.533Z,FALSE,"",04:00,FALSE
fare_BOM-DEL_6E_2026-09-25_T+30_1788701811767_ef8p,BOM-DEL,EaseMyTrip,6E,6E-962,2026-09-25,T+30,5739,1260,6999,2026-08-26T00:57:24.533Z,FALSE,"",04:00,FALSE
fare_BOM-DEL_6E_2026-09-25_T+30_1788701811767_elil,BOM-DEL,EaseMyTrip,6E,6E-2347,2026-09-25,T+30,5739,1260,6999,2026-08-26T00:57:24.533Z,FALSE,"",08:50,FALSE
fare_BOM-DEL_6E_2026-09-25_T+30_1788701811767_6d2n,BOM-DEL,EaseMyTrip,6E,6E-5107,2026-09-25,T+30,5739,1260,6999,2026-08-26T00:57:24.533Z,FALSE,"",20:00,FALSE
fare_BOM-DEL_6E_2026-09-25_T+30_1788701811767_aoa0,BOM-DEL,EaseMyTrip,6E,6E-5201,2026-09-25,T+30,5739,1260,6999,2026-08-26T00:57:24.533Z,FALSE,"",14:55,FALSE
fare_BOM-DEL_6E_2026-09-25_T+30_1788701811767_tdzb,BOM-DEL,EaseMyTrip,6E,6E-6599,2026-09-25,T+30,5847,1283,7130,2026-08-26T00:57:24.533Z,FALSE,"",16:50,FALSE
fare_BOM-DEL_6E_2026-09-25_T+30_1788701811767_05a6,BOM-DEL,EaseMyTrip,6E,6E-5147,2026-09-25,T+30,5847,1283,7130,2026-08-26T00:57:24.533Z,FALSE,"",18:35,FALSE
fare_BOM-DEL_6E_2026-09-25_T+30_1788701811767_juwc,BOM-DEL,EaseMyTrip,6E,6E-5164,2026-09-25,T+30,5847,1283,7130,2026-08-26T00:57:24.533Z,FALSE,"",20:20,FALSE
fare_BOM-DEL_6E_2026-09-25_T+30_1788701811767_0brp,BOM-DEL,EaseMyTrip,6E,6E-5131,2026-09-25,T+30,5847,1283,7130,2026-08-26T00:57:24.533Z,FALSE,"",15:50,FALSE
fare_BOM-DEL_6E_2026-09-25_T+30_1788701811767_ryyo,BOM-DEL,EaseMyTrip,6E,6E-6802,2026-09-25,T+30,5847,1283,7130,2026-08-26T00:57:24.533Z,FALSE,"",16:55,FALSE
fare_BOM-DEL_6E_2026-09-25_T+30_1788701811767_uvvj,BOM-DEL,EaseMyTrip,6E,6E-5273,2026-09-25,T+30,5847,1283,7130,2026-08-26T00:57:24.533Z,FALSE,"",18:35,FALSE
fare_BOM-DEL_6E_2026-09-25_T+30_1788701811767_0ogi,BOM-DEL,EaseMyTrip,6E,6E-6122,2026-09-25,T+30,5847,1283,7130,2026-08-26T00:57:24.533Z,FALSE,"",12:25,FALSE
fare_BOM-DEL_6E_2026-09-25_T+30_1788701811767_opon,BOM-DEL,EaseMyTrip,6E,6E-5345,2026-09-25,T+30,5847,1283,7130,2026-08-26T00:57:24.533Z,FALSE,"",14:25,FALSE
fare_BOM-DEL_6E_2026-09-25_T+30_1788701811767_5fvl,BOM-DEL,EaseMyTrip,6E,6E-5135,2026-09-25,T+30,5888,1293,7181,2026-08-26T00:57:24.533Z,FALSE,"",23:20,FALSE
fare_BOM-DEL_6E_2026-09-25_T+30_1788701811767_zetr,BOM-DEL,EaseMyTrip,6E,6E-6049,2026-09-25,T+30,5897,1295,7192,2026-08-26T00:57:24.533Z,FALSE,"",19:45,TRUE
fare_BOM-DEL_6E_2026-09-25_T+30_1788701811767_vdll,BOM-DEL,EaseMyTrip,6E,6E-107,2026-09-25,T+30,5897,1295,7192,2026-08-26T00:57:24.533Z,FALSE,"",19:00,TRUE
fare_BOM-DEL_6E_2026-09-25_T+30_1788701811767_w8zs,BOM-DEL,EaseMyTrip,6E,6E-204,2026-09-25,T+30,5897,1295,7192,2026-08-26T00:57:24.533Z,FALSE,"",19:00,TRUE
fare_BOM-DEL_6E_2026-09-25_T+30_1788701811767_y11b,BOM-DEL,EaseMyTrip,6E,6E-6613,2026-09-25,T+30,5897,1295,7192,2026-08-26T00:57:24.533Z,FALSE,"",18:15,TRUE
fare_BOM-DEL_AI_2026-09-25_T+30_1788701811767_kryz,BOM-DEL,EaseMyTrip,AI,AI-1895,2026-09-25,T+30,6069,1332,7401,2026-08-26T00:57:24.533Z,FALSE,"",21:30,TRUE
fare_BOM-DEL_AI_2026-09-25_T+30_1788701811767_9jtt,BOM-DEL,EaseMyTrip,AI,AI-2452,2026-09-25,T+30,6069,1332,7401,2026-08-26T00:57:24.533Z,FALSE,"",03:05,TRUE
fare_BOM-DEL_AI_2026-09-25_T+30_1788701811767_m81o,BOM-DEL,EaseMyTrip,AI,AI-2430,2026-09-25,T+30,6069,1332,7401,2026-08-26T00:57:24.533Z,FALSE,"",10:00,TRUE
fare_BOM-DEL_6E_2026-09-25_T+30_1788701811767_ulc2,BOM-DEL,EaseMyTrip,6E,6E-7017,2026-09-25,T+30,5907,1297,7204,2026-08-26T00:57:24.533Z,FALSE,"",21:30,FALSE
fare_BOM-DEL_6E_2026-09-25_T+30_1788701811767_y0pl,BOM-DEL,EaseMyTrip,6E,6E-2138,2026-09-25,T+30,5907,1297,7204,2026-08-26T00:57:24.533Z,FALSE,"",16:20,FALSE
fare_BOM-DEL_6E_2026-09-25_T+30_1788701811767_7v5z,BOM-DEL,EaseMyTrip,6E,6E-5238,2026-09-25,T+30,5907,1297,7204,2026-08-26T00:57:24.533Z,FALSE,"",18:25,FALSE
fare_BOM-DEL_6E_2026-09-25_T+30_1788701811767_isr1,BOM-DEL,EaseMyTrip,6E,6E-5028,2026-09-25,T+30,5911,1298,7209,2026-08-26T00:57:24.533Z,FALSE,"",19:35,FALSE
fare_BOM-DEL_6E_2026-09-25_T+30_1788701811767_6bjj,BOM-DEL,EaseMyTrip,6E,6E-852,2026-09-25,T+30,5911,1298,7209,2026-08-26T00:57:24.533Z,FALSE,"",19:20,FALSE
fare_BOM-DEL_6E_2026-09-25_T+30_1788701811767_61tz,BOM-DEL,EaseMyTrip,6E,6E-128,2026-09-25,T+30,5911,1298,7209,2026-08-26T00:57:24.533Z,FALSE,"",19:20,FALSE
fare_BOM-DEL_6E_2026-09-25_T+30_1788701811767_odd7,BOM-DEL,EaseMyTrip,6E,6E-863,2026-09-25,T+30,5911,1298,7209,2026-08-26T00:57:24.533Z,FALSE,"",04:30,FALSE
fare_BOM-DEL_6E_2026-09-25_T+30_1788701811767_bry6,BOM-DEL,EaseMyTrip,6E,6E-606,2026-09-25,T+30,5911,1298,7209,2026-08-26T00:57:24.533Z,FALSE,"",04:30,FALSE
fare_BOM-DEL_6E_2026-09-25_T+30_1788701811767_14lb,BOM-DEL,EaseMyTrip,6E,6E-5197,2026-09-25,T+30,5940,1304,7244,2026-08-26T00:57:24.533Z,FALSE,"",06:40,TRUE
fare_BOM-DEL_6E_2026-09-25_T+30_1788701811767_suqs,BOM-DEL,EaseMyTrip,6E,6E-6543,2026-09-25,T+30,5965,1309,7274,2026-08-26T00:57:24.533Z,FALSE,"",07:50,FALSE
fare_BOM-DEL_6E_2026-09-25_T+30_1788701811767_u8dk,BOM-DEL,EaseMyTrip,6E,6E-5386,2026-09-25,T+30,6019,1321,7340,2026-08-26T00:57:24.533Z,FALSE,"",15:10,FALSE
fare_BOM-DEL_6E_2026-09-25_T+30_1788701811767_9tio,BOM-DEL,EaseMyTrip,6E,6E-5318,2026-09-25,T+30,6019,1321,7340,2026-08-26T00:57:24.533Z,FALSE,"",10:15,FALSE
fare_BOM-DEL_6E_2026-09-25_T+30_1788701811767_01ph,BOM-DEL,EaseMyTrip,6E,6E-6195,2026-09-25,T+30,6019,1321,7340,2026-08-26T00:57:24.533Z,FALSE,"",23:00,FALSE
fare_BOM-DEL_6E_2026-09-25_T+30_1788701811767_gybg,BOM-DEL,EaseMyTrip,6E,6E-5326,2026-09-25,T+30,6019,1321,7340,2026-08-26T00:57:24.533Z,FALSE,"",19:40,FALSE
fare_BOM-DEL_AI_2026-09-25_T+30_1788701811767_5lpx,BOM-DEL,EaseMyTrip,AI,AI-816,2026-09-25,T+30,6220,1365,7585,2026-08-26T00:57:24.533Z,FALSE,"",21:00,TRUE
fare_BOM-DEL_AI_2026-09-25_T+30_1788701811767_jn45,BOM-DEL,EaseMyTrip,AI,AI-2988,2026-09-25,T+30,6220,1365,7585,2026-08-26T00:57:24.533Z,FALSE,"",20:30,TRUE
fare_BOM-DEL_AI_2026-09-25_T+30_1788701811767_suc0,BOM-DEL,EaseMyTrip,AI,AI-2408,2026-09-25,T+30,6270,1376,7646,2026-08-26T00:57:24.533Z,FALSE,"",19:30,TRUE
fare_BOM-DEL_AI_2026-09-25_T+30_1788701811767_sjld,BOM-DEL,EaseMyTrip,AI,AI-2426,2026-09-25,T+30,6270,1376,7646,2026-08-26T00:57:24.533Z,FALSE,"",19:00,TRUE
fare_BOM-DEL_AI_2026-09-25_T+30_1788701811767_p8mm,BOM-DEL,EaseMyTrip,AI,AI-2432,2026-09-25,T+30,6283,1379,7662,2026-08-26T00:57:24.533Z,FALSE,"",09:30,TRUE
fare_BOM-DEL_AI_2026-09-25_T+30_1788701811767_kuhj,BOM-DEL,EaseMyTrip,AI,AI-2960,2026-09-25,T+30,6283,1379,7662,2026-08-26T00:57:24.533Z,FALSE,"",14:05,TRUE
fare_BOM-DEL_AI_2026-09-25_T+30_1788701811767_3jl1,BOM-DEL,EaseMyTrip,AI,AI-2986,2026-09-25,T+30,6283,1379,7662,2026-08-26T00:57:24.533Z,FALSE,"",22:35,TRUE
fare_BOM-DEL_6E_2026-09-25_T+30_1788701811767_akm2,BOM-DEL,EaseMyTrip,6E,6E-505,2026-09-25,T+30,6156,1351,7507,2026-08-26T00:57:24.533Z,FALSE,"",05:00,TRUE
fare_BOM-DEL_6E_2026-09-25_T+30_1788701811767_7o8l,BOM-DEL,EaseMyTrip,6E,6E-600,2026-09-25,T+30,6156,1351,7507,2026-08-26T00:57:24.533Z,FALSE,"",05:00,TRUE
fare_BOM-DEL_6E_2026-09-25_T+30_1788701811767_pzpp,BOM-DEL,EaseMyTrip,6E,6E-255,2026-09-25,T+30,6156,1351,7507,2026-08-26T00:57:24.533Z,FALSE,"",21:15,TRUE
fare_BOM-DEL_6E_2026-09-25_T+30_1788701811767_nc45,BOM-DEL,EaseMyTrip,6E,6E-455,2026-09-25,T+30,6156,1351,7507,2026-08-26T00:57:24.533Z,FALSE,"",21:15,TRUE
fare_BOM-DEL_6E_2026-09-25_T+30_1788701811767_rp8c,BOM-DEL,EaseMyTrip,6E,6E-364,2026-09-25,T+30,6156,1351,7507,2026-08-26T00:57:24.533Z,FALSE,"",20:20,TRUE
fare_BOM-DEL_6E_2026-09-25_T+30_1788701811767_m6wv,BOM-DEL,EaseMyTrip,6E,6E-385,2026-09-25,T+30,6156,1351,7507,2026-08-26T00:57:24.533Z,FALSE,"",20:20,TRUE
fare_BOM-DEL_AI_2026-09-25_T+30_1788701811767_0cln,BOM-DEL,EaseMyTrip,AI,AI-2940,2026-09-25,T+30,6440,1414,7854,2026-08-26T00:57:24.533Z,FALSE,"",20:00,TRUE
fare_BOM-DEL_6E_2026-09-25_T+30_1788701811767_5bqb,BOM-DEL,EaseMyTrip,6E,6E-6058,2026-09-25,T+30,6305,1384,7689,2026-08-26T00:57:24.533Z,FALSE,"",08:05,FALSE
fare_BOM-DEL_AI_2026-09-25_T+30_1788701811767_pub1,BOM-DEL,EaseMyTrip,AI,AI-2440,2026-09-25,T+30,6493,1425,7918,2026-08-26T00:57:24.533Z,FALSE,"",18:00,TRUE
fare_BOM-DEL_IX_2026-09-25_T+30_1788701811767_qprr,BOM-DEL,EaseMyTrip,IX,IX-1237,2026-09-25,T+30,6857,1505,8362,2026-08-26T00:57:24.533Z,FALSE,"",05:55,FALSE
fare_BOM-DEL_IX_2026-09-25_T+30_1788701811767_wq97,BOM-DEL,EaseMyTrip,IX,IX-2153,2026-09-25,T+30,6646,1459,8105,2026-08-26T00:57:24.533Z,FALSE,"",20:25,TRUE
fare_BOM-DEL_6E_2026-09-25_T+30_1788701811767_qj5a,BOM-DEL,EaseMyTrip,6E,6E-5181,2026-09-25,T+30,6808,1494,8302,2026-08-26T00:57:24.533Z,FALSE,"",10:25,FALSE
fare_BOM-DEL_6E_2026-09-25_T+30_1788701811767_z5iu,BOM-DEL,EaseMyTrip,6E,6E-2703,2026-09-25,T+30,6862,1506,8368,2026-08-26T00:57:24.533Z,FALSE,"",10:20,FALSE
fare_BOM-DEL_6E_2026-09-25_T+30_1788701811767_unzj,BOM-DEL,EaseMyTrip,6E,6E-2024,2026-09-25,T+30,6980,1532,8512,2026-08-26T00:57:24.533Z,FALSE,"",09:15,FALSE
fare_BOM-DEL_6E_2026-09-25_T+30_1788701811767_51nm,BOM-DEL,EaseMyTrip,6E,6E-5144,2026-09-25,T+30,6990,1534,8524,2026-08-26T00:57:24.533Z,FALSE,"",06:10,FALSE
fare_BOM-DEL_IX_2026-09-25_T+30_1788701811767_m0m3,BOM-DEL,EaseMyTrip,IX,IX-1163,2026-09-25,T+30,7512,1649,9161,2026-08-26T00:57:24.533Z,FALSE,"",20:45,FALSE
fare_BOM-DEL_AI_2026-09-25_T+30_1788701811767_sqkg,BOM-DEL,EaseMyTrip,AI,AI-1891,2026-09-25,T+30,7314,1606,8920,2026-08-26T00:57:24.533Z,FALSE,"",08:10,TRUE
fare_BOM-DEL_IX_2026-09-25_T+30_1788701811767_7j3l,BOM-DEL,EaseMyTrip,IX,IX-1023,2026-09-25,T+30,7466,1639,9105,2026-08-26T00:57:24.533Z,FALSE,"",11:25,FALSE
fare_BOM-DEL_IX_2026-09-25_T+30_1788701811767_9eyr,BOM-DEL,EaseMyTrip,IX,IX-1809,2026-09-25,T+30,7466,1639,9105,2026-08-26T00:57:24.533Z,FALSE,"",07:30,FALSE
fare_BOM-DEL_6E_2026-09-25_T+30_1788701811767_d2yi,BOM-DEL,EaseMyTrip,6E,6E-5178,2026-09-25,T+30,9238,2028,11266,2026-08-26T00:57:24.533Z,TRUE,"High outlier: ₹11266 > upper fence ₹10915 (Q3: ₹8524, IQR: ₹1594)",11:45,FALSE
fare_BOM-DEL_AI_2026-09-25_T+30_1788701811767_vkrm,BOM-DEL,EaseMyTrip,AI,AI-9753,2026-09-25,T+30,9577,2102,11679,2026-08-26T00:57:24.533Z,TRUE,"High outlier: ₹11679 > upper fence ₹10915 (Q3: ₹8524, IQR: ₹1594)",05:45,FALSE
fare_BOM-DEL_6E_2026-09-25_T+30_1788701811767_283w,BOM-DEL,EaseMyTrip,6E,6E-5056,2026-09-25,T+30,9715,2133,11848,2026-08-26T00:57:24.533Z,TRUE,"High outlier: ₹11848 > upper fence ₹10915 (Q3: ₹8524, IQR: ₹1594)",21:10,FALSE
fare_BOM-DEL_6E_2026-09-25_T+30_1788701811767_so7n,BOM-DEL,EaseMyTrip,6E,6E-486,2026-09-25,T+30,9804,2152,11956,2026-08-26T00:57:24.533Z,TRUE,"High outlier: ₹11956 > upper fence ₹10915 (Q3: ₹8524, IQR: ₹1594)",12:40,FALSE
fare_BOM-DEL_6E_2026-09-25_T+30_1788701811767_cfx0,BOM-DEL,EaseMyTrip,6E,6E-802,2026-09-25,T+30,9804,2152,11956,2026-08-26T00:57:24.533Z,TRUE,"High outlier: ₹11956 > upper fence ₹10915 (Q3: ₹8524, IQR: ₹1594)",12:40,FALSE
fare_BOM-DEL_AI_2026-09-25_T+30_1788701811767_qtwr,BOM-DEL,EaseMyTrip,AI,AI-2491,2026-09-25,T+30,10251,2250,12501,2026-08-26T00:57:24.533Z,TRUE,"High outlier: ₹12501 > upper fence ₹10915 (Q3: ₹8524, IQR: ₹1594)",11:15,FALSE
fare_BOM-DEL_IX_2026-09-25_T+30_1788701811767_6z8p,BOM-DEL,EaseMyTrip,IX,IX-1347,2026-09-25,T+30,10350,2272,12622,2026-08-26T00:57:24.533Z,TRUE,"High outlier: ₹12622 > upper fence ₹10915 (Q3: ₹8524, IQR: ₹1594)",06:00,FALSE
fare_BOM-DEL_6E_2026-09-25_T+30_1788701811767_4p9x,BOM-DEL,EaseMyTrip,6E,6E-5154,2026-09-25,T+30,10181,2235,12416,2026-08-26T00:57:24.533Z,TRUE,"High outlier: ₹12416 > upper fence ₹10915 (Q3: ₹8524, IQR: ₹1594)",15:45,FALSE
fare_BOM-DEL_IX_2026-09-25_T+30_1788701811767_m19i,BOM-DEL,EaseMyTrip,IX,IX-1626,2026-09-25,T+30,10514,2308,12822,2026-08-26T00:57:24.533Z,TRUE,"High outlier: ₹12822 > upper fence ₹10915 (Q3: ₹8524, IQR: ₹1594)",12:00,FALSE
fare_BOM-DEL_6E_2026-09-25_T+30_1788701811767_gw3k,BOM-DEL,EaseMyTrip,6E,6E-5246,2026-09-25,T+30,10869,2386,13255,2026-08-26T00:57:24.533Z,TRUE,"High outlier: ₹13255 > upper fence ₹10915 (Q3: ₹8524, IQR: ₹1594)",07:15,FALSE
fare_BOM-DEL_AI_2026-09-25_T+30_1788701811767_6fq6,BOM-DEL,EaseMyTrip,AI,AI-2847,2026-09-25,T+30,11214,2461,13675,2026-08-26T00:57:24.533Z,TRUE,"High outlier: ₹13675 > upper fence ₹10915 (Q3: ₹8524, IQR: ₹1594)",10:00,FALSE
fare_BOM-DEL_AI_2026-09-25_T+30_1788701811767_5wsp,BOM-DEL,EaseMyTrip,AI,AI-2493,2026-09-25,T+30,11214,2461,13675,2026-08-26T00:57:24.533Z,TRUE,"High outlier: ₹13675 > upper fence ₹10915 (Q3: ₹8524, IQR: ₹1594)",18:25,FALSE
fare_BOM-DEL_AI_2026-09-25_T+30_1788701811767_xjj0,BOM-DEL,EaseMyTrip,AI,AI-2915,2026-09-25,T+30,11236,2466,13702,2026-08-26T00:57:24.533Z,TRUE,"High outlier: ₹13702 > upper fence ₹10915 (Q3: ₹8524, IQR: ₹1594)",15:30,FALSE
fare_BOM-DEL_AI_2026-09-25_T+30_1788701811767_7zl0,BOM-DEL,EaseMyTrip,AI,AI-2919,2026-09-25,T+30,11236,2466,13702,2026-08-26T00:57:24.533Z,TRUE,"High outlier: ₹13702 > upper fence ₹10915 (Q3: ₹8524, IQR: ₹1594)",21:35,FALSE
fare_BOM-DEL_AI_2026-09-25_T+30_1788701811767_pvub,BOM-DEL,EaseMyTrip,AI,AI-493,2026-09-25,T+30,11399,2502,13901,2026-08-26T00:57:24.533Z,TRUE,"High outlier: ₹13901 > upper fence ₹10915 (Q3: ₹8524, IQR: ₹1594)",06:40,FALSE
fare_BOM-DEL_AI_2026-09-25_T+30_1788701811767_p9si,BOM-DEL,EaseMyTrip,AI,AI-2503,2026-09-25,T+30,11399,2502,13901,2026-08-26T00:57:24.533Z,TRUE,"High outlier: ₹13901 > upper fence ₹10915 (Q3: ₹8524, IQR: ₹1594)",12:55,FALSE
fare_BOM-DEL_6E_2026-09-25_T+30_1788701811767_enly,BOM-DEL,EaseMyTrip,6E,6E-6027,2026-09-25,T+30,12046,2644,14690,2026-08-26T00:57:24.533Z,TRUE,"High outlier: ₹14690 > upper fence ₹10915 (Q3: ₹8524, IQR: ₹1594)",17:35,FALSE
fare_BOM-DEL_AI_2026-09-25_T+30_1788701811767_9q4o,BOM-DEL,EaseMyTrip,AI,AI-2931,2026-09-25,T+30,12254,2690,14944,2026-08-26T00:57:24.533Z,TRUE,"High outlier: ₹14944 > upper fence ₹10915 (Q3: ₹8524, IQR: ₹1594)",04:30,FALSE
fare_BOM-DEL_IX_2026-09-25_T+30_1788701811767_iy1x,BOM-DEL,EaseMyTrip,IX,IX-1164,2026-09-25,T+30,12630,2773,15403,2026-08-26T00:57:24.533Z,TRUE,"High outlier: ₹15403 > upper fence ₹10915 (Q3: ₹8524, IQR: ₹1594)",17:35,FALSE
fare_BOM-DEL_AI_2026-09-25_T+30_1788701811767_p34z,BOM-DEL,EaseMyTrip,AI,AI-2785,2026-09-25,T+30,12656,2778,15434,2026-08-26T00:57:24.533Z,TRUE,"High outlier: ₹15434 > upper fence ₹10915 (Q3: ₹8524, IQR: ₹1594)",06:40,FALSE
fare_BOM-DEL_6E_2026-09-25_T+30_1788701811767_an3n,BOM-DEL,EaseMyTrip,6E,6E-6361,2026-09-25,T+30,12850,2821,15671,2026-08-26T00:57:24.533Z,TRUE,"High outlier: ₹15671 > upper fence ₹10915 (Q3: ₹8524, IQR: ₹1594)",05:00,FALSE
fare_BOM-DEL_AI_2026-09-25_T+30_1788701811767_5ew0,BOM-DEL,EaseMyTrip,AI,AI-2659,2026-09-25,T+30,13091,2874,15965,2026-08-26T00:57:24.533Z,TRUE,"High outlier: ₹15965 > upper fence ₹10915 (Q3: ₹8524, IQR: ₹1594)",14:35,FALSE
fare_BOM-DEL_IX_2026-09-25_T+30_1788701811767_o1k6,BOM-DEL,EaseMyTrip,IX,IX-1640,2026-09-25,T+30,13168,2891,16059,2026-08-26T00:57:24.533Z,TRUE,"High outlier: ₹16059 > upper fence ₹10915 (Q3: ₹8524, IQR: ₹1594)",21:10,FALSE
fare_BOM-DEL_AI_2026-09-25_T+30_1788701811767_dm3k,BOM-DEL,EaseMyTrip,AI,AI-2753,2026-09-25,T+30,13595,2984,16579,2026-08-26T00:57:24.533Z,TRUE,"High outlier: ₹16579 > upper fence ₹10915 (Q3: ₹8524, IQR: ₹1594)",13:50,FALSE
fare_BOM-DEL_AI_2026-09-25_T+30_1788701811767_owr1,BOM-DEL,EaseMyTrip,AI,AI-9558,2026-09-25,T+30,13722,3012,16734,2026-08-26T00:57:24.533Z,TRUE,"High outlier: ₹16734 > upper fence ₹10915 (Q3: ₹8524, IQR: ₹1594)",07:30,FALSE
fare_BOM-DEL_AI_2026-09-25_T+30_1788701811767_sgr3,BOM-DEL,EaseMyTrip,AI,AI-9891,2026-09-25,T+30,13751,3018,16769,2026-08-26T00:57:24.533Z,TRUE,"High outlier: ₹16769 > upper fence ₹10915 (Q3: ₹8524, IQR: ₹1594)",13:10,FALSE
fare_BOM-DEL_AI_2026-09-25_T+30_1788701811767_wpaa,BOM-DEL,EaseMyTrip,AI,AI-2749,2026-09-25,T+30,14173,3111,17284,2026-08-26T00:57:24.533Z,TRUE,"High outlier: ₹17284 > upper fence ₹10915 (Q3: ₹8524, IQR: ₹1594)",17:35,FALSE
fare_BOM-DEL_AI_2026-09-25_T+30_1788701811767_epmf,BOM-DEL,EaseMyTrip,AI,AI-2741,2026-09-25,T+30,14403,3162,17565,2026-08-26T00:57:24.533Z,TRUE,"High outlier: ₹17565 > upper fence ₹10915 (Q3: ₹8524, IQR: ₹1594)",07:40,FALSE
fare_BOM-DEL_6E_2026-09-25_T+30_1788701811767_lec4,BOM-DEL,EaseMyTrip,6E,6E-5281,2026-09-25,T+30,14342,3148,17490,2026-08-26T00:57:24.533Z,TRUE,"High outlier: ₹17490 > upper fence ₹10915 (Q3: ₹8524, IQR: ₹1594)",08:40,FALSE
fare_BOM-DEL_AI_2026-09-25_T+30_1788701811767_sh95,BOM-DEL,EaseMyTrip,AI,AI-2728,2026-09-25,T+30,14523,3188,17711,2026-08-26T00:57:24.533Z,TRUE,"High outlier: ₹17711 > upper fence ₹10915 (Q3: ₹8524, IQR: ₹1594)",05:20,FALSE
fare_BOM-DEL_AI_2026-09-25_T+30_1788701811767_wb7a,BOM-DEL,EaseMyTrip,AI,AI-2875,2026-09-25,T+30,14603,3206,17809,2026-08-26T00:57:24.533Z,TRUE,"High outlier: ₹17809 > upper fence ₹10915 (Q3: ₹8524, IQR: ₹1594)",19:35,FALSE
fare_BOM-DEL_AI_2026-09-25_T+30_1788701811767_9t4i,BOM-DEL,EaseMyTrip,AI,AI-2625,2026-09-25,T+30,14755,3239,17994,2026-08-26T00:57:24.533Z,TRUE,"High outlier: ₹17994 > upper fence ₹10915 (Q3: ₹8524, IQR: ₹1594)",06:00,FALSE
fare_BOM-DEL_AI_2026-09-25_T+30_1788701811767_jofm,BOM-DEL,EaseMyTrip,AI,AI-2444,2026-09-25,T+30,14881,3266,18147,2026-08-26T00:57:24.533Z,TRUE,"High outlier: ₹18147 > upper fence ₹10915 (Q3: ₹8524, IQR: ₹1594)",10:50,FALSE
fare_BOM-DEL_AI_2026-09-25_T+30_1788701811767_mshl,BOM-DEL,EaseMyTrip,AI,AI-2869,2026-09-25,T+30,14881,3266,18147,2026-08-26T00:57:24.533Z,TRUE,"High outlier: ₹18147 > upper fence ₹10915 (Q3: ₹8524, IQR: ₹1594)",21:25,FALSE
fare_BOM-DEL_AI_2026-09-25_T+30_1788701811767_3si3,BOM-DEL,EaseMyTrip,AI,AI-2997,2026-09-25,T+30,14958,3283,18241,2026-08-26T00:57:24.533Z,TRUE,"High outlier: ₹18241 > upper fence ₹10915 (Q3: ₹8524, IQR: ₹1594)",10:10,FALSE
fare_BOM-DEL_AI_2026-09-25_T+30_1788701811767_pbti,BOM-DEL,EaseMyTrip,AI,AI-2531,2026-09-25,T+30,15132,3322,18454,2026-08-26T00:57:24.533Z,TRUE,"High outlier: ₹18454 > upper fence ₹10915 (Q3: ₹8524, IQR: ₹1594)",15:05,FALSE
fare_BOM-DEL_IX_2026-09-25_T+30_1788701811767_o4s6,BOM-DEL,EaseMyTrip,IX,IX-1283,2026-09-25,T+30,15646,3435,19081,2026-08-26T00:57:24.533Z,TRUE,"High outlier: ₹19081 > upper fence ₹10915 (Q3: ₹8524, IQR: ₹1594)",09:05,FALSE
fare_BOM-DEL_AI_2026-09-25_T+30_1788701811767_44lu,BOM-DEL,EaseMyTrip,AI,AI-2853,2026-09-25,T+30,16972,3725,20697,2026-08-26T00:57:24.533Z,TRUE,"High outlier: ₹20697 > upper fence ₹10915 (Q3: ₹8524, IQR: ₹1594)",15:25,FALSE
fare_BOM-DEL_AI_2026-09-25_T+30_1788701811767_p9d8,BOM-DEL,EaseMyTrip,AI,AI-2781,2026-09-25,T+30,20541,4509,25050,2026-08-26T00:57:24.533Z,TRUE,"High outlier: ₹25050 > upper fence ₹10915 (Q3: ₹8524, IQR: ₹1594)",10:50,FALSE
fare_BOM-DEL_IX_2026-09-25_T+30_1788701811767_ysg9,BOM-DEL,EaseMyTrip,IX,IX-1238,2026-09-25,T+30,25907,5687,31594,2026-08-26T00:57:24.533Z,TRUE,"High outlier: ₹31594 > upper fence ₹10915 (Q3: ₹8524, IQR: ₹1594)",12:25,FALSE
fare_BOM-DEL_AI_2026-09-25_T+30_1788701811767_dks6,BOM-DEL,EaseMyTrip,AI,AI-2579,2026-09-25,T+30,31627,6943,38570,2026-08-26T00:57:24.533Z,TRUE,"High outlier: ₹38570 > upper fence ₹10915 (Q3: ₹8524, IQR: ₹1594)",10:35,FALSE
fare_BOM-DEL_6E_2026-09-02_T+7_1788701811768_4o3x,BOM-DEL,EaseMyTrip,6E,6E-5095,2026-09-02,T+7,5014,1101,6115,2026-08-26T00:57:12.806Z,FALSE,"",09:20,TRUE
fare_BOM-DEL_SG_2026-09-02_T+7_1788701811768_u7e4,BOM-DEL,EaseMyTrip,SG,SG-296,2026-09-02,T+7,5188,1139,6327,2026-08-26T00:57:12.806Z,FALSE,"",01:50,TRUE
fare_BOM-DEL_SG_2026-09-02_T+7_1788701811768_q4p3,BOM-DEL,EaseMyTrip,SG,SG-901,2026-09-02,T+7,5188,1139,6327,2026-08-26T00:57:12.806Z,FALSE,"",01:50,TRUE
fare_BOM-DEL_SG_2026-09-02_T+7_1788701811768_l6b2,BOM-DEL,EaseMyTrip,SG,SG-350,2026-09-02,T+7,5188,1139,6327,2026-08-26T00:57:12.806Z,FALSE,"",23:55,TRUE
fare_BOM-DEL_SG_2026-09-02_T+7_1788701811768_n77s,BOM-DEL,EaseMyTrip,SG,SG-981,2026-09-02,T+7,5188,1139,6327,2026-08-26T00:57:12.806Z,FALSE,"",23:55,TRUE
fare_BOM-DEL_6E_2026-09-02_T+7_1788701811768_19dh,BOM-DEL,EaseMyTrip,6E,6E-6027,2026-09-02,T+7,5145,1129,6274,2026-08-26T00:57:12.806Z,FALSE,"",17:35,FALSE
fare_BOM-DEL_6E_2026-09-02_T+7_1788701811768_d0pg,BOM-DEL,EaseMyTrip,6E,6E-5147,2026-09-02,T+7,5145,1129,6274,2026-08-26T00:57:12.806Z,FALSE,"",18:35,FALSE
fare_BOM-DEL_6E_2026-09-02_T+7_1788701811768_mzmg,BOM-DEL,EaseMyTrip,6E,6E-5164,2026-09-02,T+7,5145,1129,6274,2026-08-26T00:57:12.806Z,FALSE,"",20:20,FALSE
fare_BOM-DEL_6E_2026-09-02_T+7_1788701811768_fdkw,BOM-DEL,EaseMyTrip,6E,6E-6058,2026-09-02,T+7,5145,1129,6274,2026-08-26T00:57:12.806Z,FALSE,"",08:05,FALSE
fare_BOM-DEL_6E_2026-09-02_T+7_1788701811768_f9mm,BOM-DEL,EaseMyTrip,6E,6E-5154,2026-09-02,T+7,5145,1129,6274,2026-08-26T00:57:12.806Z,FALSE,"",15:45,FALSE
fare_BOM-DEL_6E_2026-09-02_T+7_1788701811768_0524,BOM-DEL,EaseMyTrip,6E,6E-5131,2026-09-02,T+7,5145,1129,6274,2026-08-26T00:57:12.806Z,FALSE,"",15:50,FALSE
fare_BOM-DEL_6E_2026-09-02_T+7_1788701811768_5ypz,BOM-DEL,EaseMyTrip,6E,6E-6122,2026-09-02,T+7,5145,1129,6274,2026-08-26T00:57:12.806Z,FALSE,"",12:25,FALSE
fare_BOM-DEL_6E_2026-09-02_T+7_1788701811768_f289,BOM-DEL,EaseMyTrip,6E,6E-5345,2026-09-02,T+7,5145,1129,6274,2026-08-26T00:57:12.806Z,FALSE,"",14:25,FALSE
fare_BOM-DEL_IX_2026-09-02_T+7_1788701811768_3d2w,BOM-DEL,EaseMyTrip,IX,IX-1050,2026-09-02,T+7,5380,1181,6561,2026-08-26T00:57:12.806Z,FALSE,"",08:55,TRUE
fare_BOM-DEL_IX_2026-09-02_T+7_1788701811768_bdh4,BOM-DEL,EaseMyTrip,IX,IX-1364,2026-09-02,T+7,5380,1181,6561,2026-08-26T00:57:12.806Z,FALSE,"",21:55,TRUE
fare_BOM-DEL_IX_2026-09-02_T+7_1788701811768_dtre,BOM-DEL,EaseMyTrip,IX,IX-2153,2026-09-02,T+7,5381,1181,6562,2026-08-26T00:57:12.806Z,FALSE,"",20:25,TRUE
fare_BOM-DEL_IX_2026-09-02_T+7_1788701811768_82i7,BOM-DEL,EaseMyTrip,IX,IX-1163,2026-09-02,T+7,5595,1228,6823,2026-08-26T00:57:12.806Z,FALSE,"",20:45,FALSE
fare_BOM-DEL_IX_2026-09-02_T+7_1788701811768_qino,BOM-DEL,EaseMyTrip,IX,IX-1787,2026-09-02,T+7,5595,1228,6823,2026-08-26T00:57:12.806Z,FALSE,"",13:10,FALSE
fare_BOM-DEL_6E_2026-09-02_T+7_1788701811768_pxgs,BOM-DEL,EaseMyTrip,6E,6E-5028,2026-09-02,T+7,5209,1143,6352,2026-08-26T00:57:12.806Z,FALSE,"",19:35,FALSE
fare_BOM-DEL_6E_2026-09-02_T+7_1788701811768_f2a2,BOM-DEL,EaseMyTrip,6E,6E-405,2026-09-02,T+7,5209,1143,6352,2026-08-26T00:57:12.806Z,FALSE,"",19:20,FALSE
fare_BOM-DEL_6E_2026-09-02_T+7_1788701811768_s332,BOM-DEL,EaseMyTrip,6E,6E-617,2026-09-02,T+7,5209,1143,6352,2026-08-26T00:57:12.806Z,FALSE,"",19:20,FALSE
fare_BOM-DEL_6E_2026-09-02_T+7_1788701811768_4xby,BOM-DEL,EaseMyTrip,6E,6E-544,2026-09-02,T+7,5209,1143,6352,2026-08-26T00:57:12.806Z,FALSE,"",04:45,FALSE
fare_BOM-DEL_6E_2026-09-02_T+7_1788701811768_pp8t,BOM-DEL,EaseMyTrip,6E,6E-444,2026-09-02,T+7,5209,1143,6352,2026-08-26T00:57:12.806Z,FALSE,"",04:45,FALSE
fare_BOM-DEL_6E_2026-09-02_T+7_1788701811768_9xsn,BOM-DEL,EaseMyTrip,6E,6E-2138,2026-09-02,T+7,5238,1150,6388,2026-08-26T00:57:12.806Z,FALSE,"",16:20,FALSE
fare_BOM-DEL_6E_2026-09-02_T+7_1788701811768_9yhn,BOM-DEL,EaseMyTrip,6E,6E-5238,2026-09-02,T+7,5238,1150,6388,2026-08-26T00:57:12.806Z,FALSE,"",18:25,FALSE
fare_BOM-DEL_6E_2026-09-02_T+7_1788701811768_j690,BOM-DEL,EaseMyTrip,6E,6E-6543,2026-09-02,T+7,5263,1155,6418,2026-08-26T00:57:12.806Z,FALSE,"",07:50,FALSE
fare_BOM-DEL_6E_2026-09-02_T+7_1788701811768_78qt,BOM-DEL,EaseMyTrip,6E,6E-640,2026-09-02,T+7,5317,1167,6484,2026-08-26T00:57:12.806Z,FALSE,"",17:45,FALSE
fare_BOM-DEL_6E_2026-09-02_T+7_1788701811768_gmjy,BOM-DEL,EaseMyTrip,6E,6E-943,2026-09-02,T+7,5317,1167,6484,2026-08-26T00:57:12.806Z,FALSE,"",17:45,FALSE
fare_BOM-DEL_6E_2026-09-02_T+7_1788701811768_32x2,BOM-DEL,EaseMyTrip,6E,6E-5056,2026-09-02,T+7,5317,1167,6484,2026-08-26T00:57:12.806Z,FALSE,"",21:10,FALSE
fare_BOM-DEL_6E_2026-09-02_T+7_1788701811768_ey3l,BOM-DEL,EaseMyTrip,6E,6E-5386,2026-09-02,T+7,5317,1167,6484,2026-08-26T00:57:12.806Z,FALSE,"",15:10,FALSE
fare_BOM-DEL_6E_2026-09-02_T+7_1788701811768_qfhg,BOM-DEL,EaseMyTrip,6E,6E-5318,2026-09-02,T+7,5317,1167,6484,2026-08-26T00:57:12.806Z,FALSE,"",10:15,FALSE
fare_BOM-DEL_6E_2026-09-02_T+7_1788701811768_662n,BOM-DEL,EaseMyTrip,6E,6E-5326,2026-09-02,T+7,5317,1167,6484,2026-08-26T00:57:12.806Z,FALSE,"",19:40,FALSE
fare_BOM-DEL_6E_2026-09-02_T+7_1788701811768_fl2p,BOM-DEL,EaseMyTrip,6E,6E-364,2026-09-02,T+7,5380,1181,6561,2026-08-26T00:57:12.806Z,FALSE,"",17:20,TRUE
fare_BOM-DEL_6E_2026-09-02_T+7_1788701811768_jn09,BOM-DEL,EaseMyTrip,6E,6E-109,2026-09-02,T+7,5380,1181,6561,2026-08-26T00:57:12.806Z,FALSE,"",17:20,TRUE
fare_BOM-DEL_6E_2026-09-02_T+7_1788701811768_zusc,BOM-DEL,EaseMyTrip,6E,6E-2243,2026-09-02,T+7,5380,1181,6561,2026-08-26T00:57:12.806Z,FALSE,"",14:15,TRUE
fare_BOM-DEL_6E_2026-09-02_T+7_1788701811768_shjr,BOM-DEL,EaseMyTrip,6E,6E-2090,2026-09-02,T+7,5380,1181,6561,2026-08-26T00:57:12.806Z,FALSE,"",06:25,TRUE
fare_BOM-DEL_QP_2026-09-02_T+7_1788701811768_tcc1,BOM-DEL,EaseMyTrip,QP,QP-1109,2026-09-02,T+7,5381,1181,6562,2026-08-26T00:57:12.806Z,FALSE,"",07:00,TRUE
fare_BOM-DEL_QP_2026-09-02_T+7_1788701811768_4t37,BOM-DEL,EaseMyTrip,QP,QP-1127,2026-09-02,T+7,5381,1181,6562,2026-08-26T00:57:12.806Z,FALSE,"",13:00,TRUE
fare_BOM-DEL_QP_2026-09-02_T+7_1788701811768_85df,BOM-DEL,EaseMyTrip,QP,QP-1819,2026-09-02,T+7,5381,1181,6562,2026-08-26T00:57:12.806Z,FALSE,"",14:30,TRUE
fare_BOM-DEL_QP_2026-09-02_T+7_1788701811768_1fae,BOM-DEL,EaseMyTrip,QP,QP-1834,2026-09-02,T+7,5381,1181,6562,2026-08-26T00:57:12.806Z,FALSE,"",10:20,TRUE
fare_BOM-DEL_QP_2026-09-02_T+7_1788701811768_v3oz,BOM-DEL,EaseMyTrip,QP,QP-1825,2026-09-02,T+7,5381,1181,6562,2026-08-26T00:57:12.806Z,FALSE,"",16:50,TRUE
fare_BOM-DEL_QP_2026-09-02_T+7_1788701811768_wxu2,BOM-DEL,EaseMyTrip,QP,QP-1111,2026-09-02,T+7,5381,1181,6562,2026-08-26T00:57:12.806Z,FALSE,"",05:10,TRUE
fare_BOM-DEL_QP_2026-09-02_T+7_1788701811768_cs7p,BOM-DEL,EaseMyTrip,QP,QP-1835,2026-09-02,T+7,5381,1181,6562,2026-08-26T00:57:12.806Z,FALSE,"",11:50,TRUE
fare_BOM-DEL_6E_2026-09-02_T+7_1788701811768_8t7o,BOM-DEL,EaseMyTrip,6E,6E-140,2026-09-02,T+7,5381,1181,6562,2026-08-26T00:57:12.806Z,FALSE,"",17:20,TRUE
fare_BOM-DEL_6E_2026-09-02_T+7_1788701811768_e2fv,BOM-DEL,EaseMyTrip,6E,6E-873,2026-09-02,T+7,5381,1181,6562,2026-08-26T00:57:12.806Z,FALSE,"",17:20,TRUE
fare_BOM-DEL_6E_2026-09-02_T+7_1788701811768_yjub,BOM-DEL,EaseMyTrip,6E,6E-6082,2026-09-02,T+7,5381,1181,6562,2026-08-26T00:57:12.806Z,FALSE,"",16:45,TRUE
fare_BOM-DEL_6E_2026-09-02_T+7_1788701811768_q0dy,BOM-DEL,EaseMyTrip,6E,6E-321,2026-09-02,T+7,5381,1181,6562,2026-08-26T00:57:12.806Z,FALSE,"",16:00,TRUE
fare_BOM-DEL_6E_2026-09-02_T+7_1788701811768_u9gn,BOM-DEL,EaseMyTrip,6E,6E-952,2026-09-02,T+7,5381,1181,6562,2026-08-26T00:57:12.806Z,FALSE,"",16:00,TRUE
fare_BOM-DEL_6E_2026-09-02_T+7_1788701811768_voz6,BOM-DEL,EaseMyTrip,6E,6E-253,2026-09-02,T+7,5381,1181,6562,2026-08-26T00:57:12.806Z,FALSE,"",15:00,TRUE
fare_BOM-DEL_6E_2026-09-02_T+7_1788701811768_p5zq,BOM-DEL,EaseMyTrip,6E,6E-758,2026-09-02,T+7,5381,1181,6562,2026-08-26T00:57:12.806Z,FALSE,"",15:00,TRUE
fare_BOM-DEL_6E_2026-09-02_T+7_1788701811768_kp1x,BOM-DEL,EaseMyTrip,6E,6E-6704,2026-09-02,T+7,5381,1181,6562,2026-08-26T00:57:12.806Z,FALSE,"",14:00,TRUE
fare_BOM-DEL_6E_2026-09-02_T+7_1788701811768_chfx,BOM-DEL,EaseMyTrip,6E,6E-6052,2026-09-02,T+7,5381,1181,6562,2026-08-26T00:57:12.806Z,FALSE,"",10:00,TRUE
fare_BOM-DEL_6E_2026-09-02_T+7_1788701811768_dgul,BOM-DEL,EaseMyTrip,6E,6E-669,2026-09-02,T+7,5381,1181,6562,2026-08-26T00:57:12.806Z,FALSE,"",10:35,TRUE
fare_BOM-DEL_6E_2026-09-02_T+7_1788701811768_0fnl,BOM-DEL,EaseMyTrip,6E,6E-257,2026-09-02,T+7,5381,1181,6562,2026-08-26T00:57:12.806Z,FALSE,"",10:35,TRUE
fare_BOM-DEL_6E_2026-09-02_T+7_1788701811768_pgau,BOM-DEL,EaseMyTrip,6E,6E-6827,2026-09-02,T+7,5381,1181,6562,2026-08-26T00:57:12.806Z,FALSE,"",11:30,TRUE
fare_BOM-DEL_6E_2026-09-02_T+7_1788701811768_nd6z,BOM-DEL,EaseMyTrip,6E,6E-6028,2026-09-02,T+7,5381,1181,6562,2026-08-26T00:57:12.806Z,FALSE,"",12:15,TRUE
fare_BOM-DEL_QP_2026-09-02_T+7_1788701811768_xn30,BOM-DEL,EaseMyTrip,QP,QP-1939,2026-09-02,T+7,5423,1191,6614,2026-08-26T00:57:12.806Z,FALSE,"",10:10,TRUE
fare_BOM-DEL_6E_2026-09-02_T+7_1788701811768_cw72,BOM-DEL,EaseMyTrip,6E,6E-2237,2026-09-02,T+7,5425,1191,6616,2026-08-26T00:57:12.806Z,FALSE,"",18:40,FALSE
fare_BOM-DEL_6E_2026-09-02_T+7_1788701811768_e4rx,BOM-DEL,EaseMyTrip,6E,6E-629,2026-09-02,T+7,5510,1210,6720,2026-08-26T00:57:12.806Z,FALSE,"",05:00,TRUE
fare_BOM-DEL_6E_2026-09-02_T+7_1788701811768_ju44,BOM-DEL,EaseMyTrip,6E,6E-691,2026-09-02,T+7,5510,1210,6720,2026-08-26T00:57:12.806Z,FALSE,"",05:00,TRUE
fare_BOM-DEL_6E_2026-09-02_T+7_1788701811768_ouro,BOM-DEL,EaseMyTrip,6E,6E-360,2026-09-02,T+7,5510,1210,6720,2026-08-26T00:57:12.806Z,FALSE,"",23:45,TRUE
fare_BOM-DEL_6E_2026-09-02_T+7_1788701811768_chwr,BOM-DEL,EaseMyTrip,6E,6E-459,2026-09-02,T+7,5510,1210,6720,2026-08-26T00:57:12.806Z,FALSE,"",23:45,TRUE
fare_BOM-DEL_6E_2026-09-02_T+7_1788701811768_5xn0,BOM-DEL,EaseMyTrip,6E,6E-915,2026-09-02,T+7,5510,1210,6720,2026-08-26T00:57:12.806Z,FALSE,"",13:00,TRUE
fare_BOM-DEL_6E_2026-09-02_T+7_1788701811768_yczm,BOM-DEL,EaseMyTrip,6E,6E-468,2026-09-02,T+7,5510,1210,6720,2026-08-26T00:57:12.806Z,FALSE,"",13:00,TRUE
fare_BOM-DEL_6E_2026-09-02_T+7_1788701811768_sepm,BOM-DEL,EaseMyTrip,6E,6E-634,2026-09-02,T+7,5510,1210,6720,2026-08-26T00:57:12.806Z,FALSE,"",06:00,TRUE
fare_BOM-DEL_6E_2026-09-02_T+7_1788701811768_7jie,BOM-DEL,EaseMyTrip,6E,6E-909,2026-09-02,T+7,5510,1210,6720,2026-08-26T00:57:12.806Z,FALSE,"",06:00,TRUE
fare_BOM-DEL_6E_2026-09-02_T+7_1788701811768_8qf6,BOM-DEL,EaseMyTrip,6E,6E-729,2026-09-02,T+7,5510,1210,6720,2026-08-26T00:57:12.806Z,FALSE,"",09:00,TRUE
fare_BOM-DEL_6E_2026-09-02_T+7_1788701811768_lcgn,BOM-DEL,EaseMyTrip,6E,6E-962,2026-09-02,T+7,5510,1210,6720,2026-08-26T00:57:12.806Z,FALSE,"",09:00,TRUE
fare_BOM-DEL_6E_2026-09-02_T+7_1788701811768_wjj3,BOM-DEL,EaseMyTrip,6E,6E-6599,2026-09-02,T+7,5533,1214,6747,2026-08-26T00:57:12.806Z,FALSE,"",16:50,FALSE
fare_BOM-DEL_IX_2026-09-02_T+7_1788701811768_pc2b,BOM-DEL,EaseMyTrip,IX,IX-1026,2026-09-02,T+7,5930,1302,7232,2026-08-26T00:57:12.806Z,FALSE,"",05:45,FALSE
fare_BOM-DEL_QP_2026-09-02_T+7_1788701811768_4yqm,BOM-DEL,EaseMyTrip,QP,QP-2071,2026-09-02,T+7,5560,1221,6781,2026-08-26T00:57:12.806Z,FALSE,"",05:45,TRUE
fare_BOM-DEL_AI_2026-09-02_T+7_1788701811768_gkhp,BOM-DEL,EaseMyTrip,AI,AI-2677,2026-09-02,T+7,5766,1266,7032,2026-08-26T00:57:12.806Z,FALSE,"",13:00,TRUE
fare_BOM-DEL_AI_2026-09-02_T+7_1788701811768_hbbb,BOM-DEL,EaseMyTrip,AI,AI-2422,2026-09-02,T+7,5766,1266,7032,2026-08-26T00:57:12.806Z,FALSE,"",01:00,TRUE
fare_BOM-DEL_AI_2026-09-02_T+7_1788701811768_y0wv,BOM-DEL,EaseMyTrip,AI,AI-2432,2026-09-02,T+7,5766,1266,7032,2026-08-26T00:57:12.806Z,FALSE,"",09:30,TRUE
fare_BOM-DEL_AI_2026-09-02_T+7_1788701811768_ften,BOM-DEL,EaseMyTrip,AI,AI-2430,2026-09-02,T+7,5766,1266,7032,2026-08-26T00:57:12.806Z,FALSE,"",10:00,TRUE
fare_BOM-DEL_AI_2026-09-02_T+7_1788701811768_7u40,BOM-DEL,EaseMyTrip,AI,AI-2952,2026-09-02,T+7,5766,1266,7032,2026-08-26T00:57:12.806Z,FALSE,"",11:25,TRUE
fare_BOM-DEL_AI_2026-09-02_T+7_1788701811768_tcqs,BOM-DEL,EaseMyTrip,AI,AI-2419,2026-09-02,T+7,5766,1266,7032,2026-08-26T00:57:12.806Z,FALSE,"",12:00,TRUE
fare_BOM-DEL_AI_2026-09-02_T+7_1788701811768_9drj,BOM-DEL,EaseMyTrip,AI,AI-2944,2026-09-02,T+7,5766,1266,7032,2026-08-26T00:57:12.806Z,FALSE,"",14:35,TRUE
fare_BOM-DEL_AI_2026-09-02_T+7_1788701811768_yvkx,BOM-DEL,EaseMyTrip,AI,AI-2442,2026-09-02,T+7,5766,1266,7032,2026-08-26T00:57:12.806Z,FALSE,"",15:00,TRUE
fare_BOM-DEL_AI_2026-09-02_T+7_1788701811768_xb4p,BOM-DEL,EaseMyTrip,AI,AI-1851,2026-09-02,T+7,5766,1266,7032,2026-08-26T00:57:12.806Z,FALSE,"",15:30,TRUE
fare_BOM-DEL_AI_2026-09-02_T+7_1788701811768_sv4u,BOM-DEL,EaseMyTrip,AI,AI-1882,2026-09-02,T+7,5766,1266,7032,2026-08-26T00:57:12.806Z,FALSE,"",23:55,TRUE
fare_BOM-DEL_IX_2026-09-02_T+7_1788701811768_jko0,BOM-DEL,EaseMyTrip,IX,IX-1671,2026-09-02,T+7,5897,1294,7191,2026-08-26T00:57:12.806Z,FALSE,"",16:45,TRUE
fare_BOM-DEL_QP_2026-09-02_T+7_1788701811768_7tgz,BOM-DEL,EaseMyTrip,QP,QP-1120,2026-09-02,T+7,5679,1246,6925,2026-08-26T00:57:12.806Z,FALSE,"",18:45,TRUE
fare_BOM-DEL_6E_2026-09-02_T+7_1788701811768_9eev,BOM-DEL,EaseMyTrip,6E,6E-399,2026-09-02,T+7,5683,1247,6930,2026-08-26T00:57:12.806Z,FALSE,"",22:15,TRUE
fare_BOM-DEL_6E_2026-09-02_T+7_1788701811768_wguc,BOM-DEL,EaseMyTrip,6E,6E-583,2026-09-02,T+7,5683,1247,6930,2026-08-26T00:57:12.806Z,FALSE,"",22:15,TRUE
fare_BOM-DEL_6E_2026-09-02_T+7_1788701811768_zbkm,BOM-DEL,EaseMyTrip,6E,6E-334,2026-09-02,T+7,5683,1247,6930,2026-08-26T00:57:12.806Z,FALSE,"",21:15,TRUE
fare_BOM-DEL_6E_2026-09-02_T+7_1788701811768_9hnd,BOM-DEL,EaseMyTrip,6E,6E-523,2026-09-02,T+7,5683,1247,6930,2026-08-26T00:57:12.806Z,FALSE,"",21:15,TRUE
fare_BOM-DEL_6E_2026-09-02_T+7_1788701811768_lm0u,BOM-DEL,EaseMyTrip,6E,6E-245,2026-09-02,T+7,5683,1247,6930,2026-08-26T00:57:12.806Z,FALSE,"",20:20,TRUE
fare_BOM-DEL_6E_2026-09-02_T+7_1788701811768_mtvk,BOM-DEL,EaseMyTrip,6E,6E-508,2026-09-02,T+7,5683,1247,6930,2026-08-26T00:57:12.806Z,FALSE,"",20:20,TRUE
fare_BOM-DEL_6E_2026-09-02_T+7_1788701811768_oqjd,BOM-DEL,EaseMyTrip,6E,6E-529,2026-09-02,T+7,5683,1247,6930,2026-08-26T00:57:12.806Z,FALSE,"",19:00,TRUE
fare_BOM-DEL_6E_2026-09-02_T+7_1788701811768_3awp,BOM-DEL,EaseMyTrip,6E,6E-430,2026-09-02,T+7,5683,1247,6930,2026-08-26T00:57:12.806Z,FALSE,"",19:00,TRUE
fare_BOM-DEL_6E_2026-09-02_T+7_1788701811768_ylq3,BOM-DEL,EaseMyTrip,6E,6E-6049,2026-09-02,T+7,5683,1247,6930,2026-08-26T00:57:12.806Z,FALSE,"",19:45,TRUE
fare_BOM-DEL_6E_2026-09-02_T+7_1788701811768_9sps,BOM-DEL,EaseMyTrip,6E,6E-145,2026-09-02,T+7,5683,1247,6930,2026-08-26T00:57:12.806Z,FALSE,"",07:00,TRUE
fare_BOM-DEL_6E_2026-09-02_T+7_1788701811768_260q,BOM-DEL,EaseMyTrip,6E,6E-611,2026-09-02,T+7,5683,1247,6930,2026-08-26T00:57:12.806Z,FALSE,"",07:00,TRUE
fare_BOM-DEL_6E_2026-09-02_T+7_1788701811768_zayp,BOM-DEL,EaseMyTrip,6E,6E-736,2026-09-02,T+7,5683,1247,6930,2026-08-26T00:57:12.806Z,FALSE,"",08:00,TRUE
fare_BOM-DEL_6E_2026-09-02_T+7_1788701811768_yit8,BOM-DEL,EaseMyTrip,6E,6E-137,2026-09-02,T+7,5683,1247,6930,2026-08-26T00:57:12.806Z,FALSE,"",08:00,TRUE
fare_BOM-DEL_6E_2026-09-02_T+7_1788701811768_7l2e,BOM-DEL,EaseMyTrip,6E,6E-5197,2026-09-02,T+7,5725,1257,6982,2026-08-26T00:57:12.806Z,FALSE,"",06:40,TRUE
fare_BOM-DEL_AI_2026-09-02_T+7_1788701811768_lh3f,BOM-DEL,EaseMyTrip,AI,AI-2930,2026-09-02,T+7,5897,1294,7191,2026-08-26T00:57:12.806Z,FALSE,"",07:30,TRUE
fare_BOM-DEL_AI_2026-09-02_T+7_1788701811768_pwgo,BOM-DEL,EaseMyTrip,AI,AI-2408,2026-09-02,T+7,5897,1294,7191,2026-08-26T00:57:12.806Z,FALSE,"",19:30,TRUE
fare_BOM-DEL_AI_2026-09-02_T+7_1788701811768_j2e5,BOM-DEL,EaseMyTrip,AI,AI-816,2026-09-02,T+7,5897,1294,7191,2026-08-26T00:57:12.806Z,FALSE,"",21:00,TRUE
fare_BOM-DEL_AI_2026-09-02_T+7_1788701811768_u8mj,BOM-DEL,EaseMyTrip,AI,AI-1895,2026-09-02,T+7,5897,1294,7191,2026-08-26T00:57:12.806Z,FALSE,"",21:30,TRUE
fare_BOM-DEL_AI_2026-09-02_T+7_1788701811768_7spn,BOM-DEL,EaseMyTrip,AI,AI-2428,2026-09-02,T+7,5897,1294,7191,2026-08-26T00:57:12.806Z,FALSE,"",08:00,TRUE
fare_BOM-DEL_AI_2026-09-02_T+7_1788701811768_f1lc,BOM-DEL,EaseMyTrip,AI,AI-2970,2026-09-02,T+7,5897,1294,7191,2026-08-26T00:57:12.806Z,FALSE,"",08:30,TRUE
fare_BOM-DEL_AI_2026-09-02_T+7_1788701811768_rgyb,BOM-DEL,EaseMyTrip,AI,AI-2687,2026-09-02,T+7,5897,1294,7191,2026-08-26T00:57:12.806Z,FALSE,"",16:40,TRUE
fare_BOM-DEL_AI_2026-09-02_T+7_1788701811768_1gis,BOM-DEL,EaseMyTrip,AI,AI-2940,2026-09-02,T+7,5897,1294,7191,2026-08-26T00:57:12.806Z,FALSE,"",20:00,TRUE
fare_BOM-DEL_AI_2026-09-02_T+7_1788701811768_t4tc,BOM-DEL,EaseMyTrip,AI,AI-2986,2026-09-02,T+7,5897,1294,7191,2026-08-26T00:57:12.806Z,FALSE,"",22:35,TRUE
fare_BOM-DEL_AI_2026-09-02_T+7_1788701811768_vb58,BOM-DEL,EaseMyTrip,AI,AI-2988,2026-09-02,T+7,6069,1332,7401,2026-08-26T00:57:12.806Z,FALSE,"",20:30,TRUE
fare_BOM-DEL_6E_2026-09-02_T+7_1788701811768_qfq9,BOM-DEL,EaseMyTrip,6E,6E-5181,2026-09-02,T+7,5959,1308,7267,2026-08-26T00:57:12.806Z,FALSE,"",10:25,FALSE
fare_BOM-DEL_6E_2026-09-02_T+7_1788701811768_uyoa,BOM-DEL,EaseMyTrip,6E,6E-5135,2026-09-02,T+7,6001,1317,7318,2026-08-26T00:57:12.806Z,FALSE,"",23:20,FALSE
fare_BOM-DEL_6E_2026-09-02_T+7_1788701811768_zs38,BOM-DEL,EaseMyTrip,6E,6E-5178,2026-09-02,T+7,6131,1346,7477,2026-08-26T00:57:12.806Z,FALSE,"",11:45,FALSE
fare_BOM-DEL_6E_2026-09-02_T+7_1788701811768_nxoc,BOM-DEL,EaseMyTrip,6E,6E-6195,2026-09-02,T+7,6131,1346,7477,2026-08-26T00:57:12.806Z,FALSE,"",23:00,FALSE
fare_BOM-DEL_6E_2026-09-02_T+7_1788701811768_cwt0,BOM-DEL,EaseMyTrip,6E,6E-6613,2026-09-02,T+7,6156,1351,7507,2026-08-26T00:57:12.806Z,FALSE,"",18:15,TRUE
fare_BOM-DEL_AI_2026-09-02_T+7_1788701811768_btlc,BOM-DEL,EaseMyTrip,AI,AI-2928,2026-09-02,T+7,6440,1414,7854,2026-08-26T00:57:12.806Z,FALSE,"",06:30,TRUE
fare_BOM-DEL_6E_2026-09-02_T+7_1788701811768_o2ai,BOM-DEL,EaseMyTrip,6E,6E-5107,2026-09-02,T+7,6321,1387,7708,2026-08-26T00:57:12.806Z,FALSE,"",20:00,FALSE
fare_BOM-DEL_AI_2026-09-02_T+7_1788701811768_h00a,BOM-DEL,EaseMyTrip,AI,AI-2424,2026-09-02,T+7,6493,1425,7918,2026-08-26T00:57:12.806Z,FALSE,"",07:00,TRUE
fare_BOM-DEL_IX_2026-09-02_T+7_1788701811768_fsxf,BOM-DEL,EaseMyTrip,IX,IX-1237,2026-09-02,T+7,6857,1505,8362,2026-08-26T00:57:12.806Z,FALSE,"",05:55,FALSE
fare_BOM-DEL_6E_2026-09-02_T+7_1788701811768_a8j8,BOM-DEL,EaseMyTrip,6E,6E-7017,2026-09-02,T+7,6461,1418,7879,2026-08-26T00:57:12.806Z,FALSE,"",21:30,FALSE
fare_BOM-DEL_6E_2026-09-02_T+7_1788701811768_wag9,BOM-DEL,EaseMyTrip,6E,6E-995,2026-09-02,T+7,6836,1501,8337,2026-08-26T00:57:12.806Z,FALSE,"",14:40,FALSE
fare_BOM-DEL_6E_2026-09-02_T+7_1788701811768_62yo,BOM-DEL,EaseMyTrip,6E,6E-727,2026-09-02,T+7,6836,1501,8337,2026-08-26T00:57:12.806Z,FALSE,"",14:40,FALSE
fare_BOM-DEL_6E_2026-09-02_T+7_1788701811768_ed5l,BOM-DEL,EaseMyTrip,6E,6E-5201,2026-09-02,T+7,7068,1552,8620,2026-08-26T00:57:12.806Z,FALSE,"",14:55,FALSE
fare_BOM-DEL_IX_2026-09-02_T+7_1788701811768_make,BOM-DEL,EaseMyTrip,IX,IX-1809,2026-09-02,T+7,7466,1639,9105,2026-08-26T00:57:12.806Z,FALSE,"",07:30,FALSE
fare_BOM-DEL_6E_2026-09-02_T+7_1788701811768_3xzn,BOM-DEL,EaseMyTrip,6E,6E-6802,2026-09-02,T+7,7510,1649,9159,2026-08-26T00:57:12.806Z,FALSE,"",16:55,FALSE
fare_BOM-DEL_6E_2026-09-02_T+7_1788701811768_oah6,BOM-DEL,EaseMyTrip,6E,6E-5273,2026-09-02,T+7,7510,1649,9159,2026-08-26T00:57:12.806Z,FALSE,"",18:35,FALSE
fare_BOM-DEL_6E_2026-09-02_T+7_1788701811768_k87g,BOM-DEL,EaseMyTrip,6E,6E-5281,2026-09-02,T+7,7552,1658,9210,2026-08-26T00:57:12.806Z,FALSE,"",08:40,FALSE
fare_BOM-DEL_IX_2026-09-02_T+7_1788701811768_4v8f,BOM-DEL,EaseMyTrip,IX,IX-1283,2026-09-02,T+7,8168,1793,9961,2026-08-26T00:57:12.806Z,FALSE,"",09:05,FALSE
fare_BOM-DEL_AI_2026-09-02_T+7_1788701811768_66no,BOM-DEL,EaseMyTrip,AI,AI-1891,2026-09-02,T+7,7888,1732,9620,2026-08-26T00:57:12.806Z,FALSE,"",08:10,TRUE
fare_BOM-DEL_6E_2026-09-02_T+7_1788701811768_4flz,BOM-DEL,EaseMyTrip,6E,6E-6361,2026-09-02,T+7,7747,1701,9448,2026-08-26T00:57:12.806Z,FALSE,"",05:00,FALSE
fare_BOM-DEL_AI_2026-09-02_T+7_1788701811768_4vb6,BOM-DEL,EaseMyTrip,AI,AI-2440,2026-09-02,T+7,8163,1792,9955,2026-08-26T00:57:12.806Z,FALSE,"",18:00,TRUE
fare_BOM-DEL_6E_2026-09-02_T+7_1788701811768_6hux,BOM-DEL,EaseMyTrip,6E,6E-522,2026-09-02,T+7,8026,1762,9788,2026-08-26T00:57:12.806Z,FALSE,"",01:30,FALSE
fare_BOM-DEL_6E_2026-09-02_T+7_1788701811768_9vpy,BOM-DEL,EaseMyTrip,6E,6E-967,2026-09-02,T+7,8026,1762,9788,2026-08-26T00:57:12.806Z,FALSE,"",01:30,FALSE
fare_BOM-DEL_6E_2026-09-02_T+7_1788701811768_0wej,BOM-DEL,EaseMyTrip,6E,6E-981,2026-09-02,T+7,8026,1762,9788,2026-08-26T00:57:12.806Z,FALSE,"",04:00,FALSE
fare_BOM-DEL_6E_2026-09-02_T+7_1788701811768_x2am,BOM-DEL,EaseMyTrip,6E,6E-120,2026-09-02,T+7,8026,1762,9788,2026-08-26T00:57:12.806Z,FALSE,"",04:00,FALSE
fare_BOM-DEL_6E_2026-09-02_T+7_1788701811768_ckc2,BOM-DEL,EaseMyTrip,6E,6E-5144,2026-09-02,T+7,8026,1762,9788,2026-08-26T00:57:12.806Z,FALSE,"",06:10,FALSE
fare_BOM-DEL_6E_2026-09-02_T+7_1788701811768_0qse,BOM-DEL,EaseMyTrip,6E,6E-5059,2026-09-02,T+7,8711,1912,10623,2026-08-26T00:57:12.806Z,FALSE,"",05:45,FALSE
fare_BOM-DEL_AI_2026-09-02_T+7_1788701811768_r85v,BOM-DEL,EaseMyTrip,AI,AI-9753,2026-09-02,T+7,9577,2102,11679,2026-08-26T00:57:12.806Z,FALSE,"",05:45,FALSE
fare_BOM-DEL_6E_2026-09-02_T+7_1788701811768_8kp2,BOM-DEL,EaseMyTrip,6E,6E-2024,2026-09-02,T+7,9744,2139,11883,2026-08-26T00:57:12.806Z,FALSE,"",09:15,FALSE
fare_BOM-DEL_IX_2026-09-02_T+7_1788701811768_e7c2,BOM-DEL,EaseMyTrip,IX,IX-1626,2026-09-02,T+7,10139,2226,12365,2026-08-26T00:57:12.806Z,FALSE,"",12:00,FALSE
fare_BOM-DEL_IX_2026-09-02_T+7_1788701811768_pesu,BOM-DEL,EaseMyTrip,IX,IX-1347,2026-09-02,T+7,10139,2226,12365,2026-08-26T00:57:12.806Z,FALSE,"",06:00,FALSE
fare_BOM-DEL_AI_2026-09-02_T+7_1788701811768_bimc,BOM-DEL,EaseMyTrip,AI,AI-2493,2026-09-02,T+7,11126,2442,13568,2026-08-26T00:57:12.806Z,TRUE,"High outlier: ₹13568 > upper fence ₹13087 (Q3: ₹9172, IQR: ₹2610)",18:25,FALSE
fare_BOM-DEL_AI_2026-09-02_T+7_1788701811768_93yv,BOM-DEL,EaseMyTrip,AI,AI-2915,2026-09-02,T+7,11126,2442,13568,2026-08-26T00:57:12.806Z,TRUE,"High outlier: ₹13568 > upper fence ₹13087 (Q3: ₹9172, IQR: ₹2610)",15:30,FALSE
fare_BOM-DEL_AI_2026-09-02_T+7_1788701811768_mumf,BOM-DEL,EaseMyTrip,AI,AI-2503,2026-09-02,T+7,11126,2442,13568,2026-08-26T00:57:12.806Z,TRUE,"High outlier: ₹13568 > upper fence ₹13087 (Q3: ₹9172, IQR: ₹2610)",13:50,FALSE
fare_BOM-DEL_AI_2026-09-02_T+7_1788701811768_ky1r,BOM-DEL,EaseMyTrip,AI,AI-493,2026-09-02,T+7,11214,2461,13675,2026-08-26T00:57:12.806Z,TRUE,"High outlier: ₹13675 > upper fence ₹13087 (Q3: ₹9172, IQR: ₹2610)",06:40,FALSE
fare_BOM-DEL_6E_2026-09-02_T+7_1788701811768_lrp6,BOM-DEL,EaseMyTrip,6E,6E-5246,2026-09-02,T+7,11056,2427,13483,2026-08-26T00:57:12.806Z,TRUE,"High outlier: ₹13483 > upper fence ₹13087 (Q3: ₹9172, IQR: ₹2610)",07:15,FALSE
fare_BOM-DEL_AI_2026-09-02_T+7_1788701811768_9ylk,BOM-DEL,EaseMyTrip,AI,AI-2847,2026-09-02,T+7,11236,2466,13702,2026-08-26T00:57:12.806Z,TRUE,"High outlier: ₹13702 > upper fence ₹13087 (Q3: ₹9172, IQR: ₹2610)",09:25,FALSE
fare_BOM-DEL_IX_2026-09-02_T+7_1788701811768_1cpx,BOM-DEL,EaseMyTrip,IX,IX-1640,2026-09-02,T+7,11784,2587,14371,2026-08-26T00:57:12.806Z,TRUE,"High outlier: ₹14371 > upper fence ₹13087 (Q3: ₹9172, IQR: ₹2610)",21:10,FALSE
fare_BOM-DEL_AI_2026-09-02_T+7_1788701811768_je4b,BOM-DEL,EaseMyTrip,AI,AI-9558,2026-09-02,T+7,12382,2718,15100,2026-08-26T00:57:12.806Z,TRUE,"High outlier: ₹15100 > upper fence ₹13087 (Q3: ₹9172, IQR: ₹2610)",07:30,FALSE
fare_BOM-DEL_AI_2026-09-02_T+7_1788701811768_tkke,BOM-DEL,EaseMyTrip,AI,AI-2781,2026-09-02,T+7,12440,2731,15171,2026-08-26T00:57:12.806Z,TRUE,"High outlier: ₹15171 > upper fence ₹13087 (Q3: ₹9172, IQR: ₹2610)",10:50,FALSE
fare_BOM-DEL_AI_2026-09-02_T+7_1788701811768_8y3y,BOM-DEL,EaseMyTrip,AI,AI-2491,2026-09-02,T+7,12856,2822,15678,2026-08-26T00:57:12.806Z,TRUE,"High outlier: ₹15678 > upper fence ₹13087 (Q3: ₹9172, IQR: ₹2610)",11:15,FALSE
fare_BOM-DEL_AI_2026-09-02_T+7_1788701811768_5a7p,BOM-DEL,EaseMyTrip,AI,AI-2659,2026-09-02,T+7,13091,2874,15965,2026-08-26T00:57:12.806Z,TRUE,"High outlier: ₹15965 > upper fence ₹13087 (Q3: ₹9172, IQR: ₹2610)",14:35,FALSE
fare_BOM-DEL_AI_2026-09-02_T+7_1788701811768_pjp8,BOM-DEL,EaseMyTrip,AI,AI-2753,2026-09-02,T+7,13595,2984,16579,2026-08-26T00:57:12.806Z,TRUE,"High outlier: ₹16579 > upper fence ₹13087 (Q3: ₹9172, IQR: ₹2610)",13:50,FALSE
fare_BOM-DEL_AI_2026-09-02_T+7_1788701811768_hsen,BOM-DEL,EaseMyTrip,AI,AI-2741,2026-09-02,T+7,13953,3063,17016,2026-08-26T00:57:12.806Z,TRUE,"High outlier: ₹17016 > upper fence ₹13087 (Q3: ₹9172, IQR: ₹2610)",07:40,FALSE
fare_BOM-DEL_AI_2026-09-02_T+7_1788701811768_1x94,BOM-DEL,EaseMyTrip,AI,AI-2749,2026-09-02,T+7,14173,3111,17284,2026-08-26T00:57:12.806Z,TRUE,"High outlier: ₹17284 > upper fence ₹13087 (Q3: ₹9172, IQR: ₹2610)",17:35,FALSE
fare_BOM-DEL_6E_2026-09-02_T+7_1788701811768_fnsv,BOM-DEL,EaseMyTrip,6E,6E-161,2026-09-02,T+7,14266,3131,17397,2026-08-26T00:57:12.806Z,TRUE,"High outlier: ₹17397 > upper fence ₹13087 (Q3: ₹9172, IQR: ₹2610)",12:40,FALSE
fare_BOM-DEL_6E_2026-09-02_T+7_1788701811768_yhg7,BOM-DEL,EaseMyTrip,6E,6E-340,2026-09-02,T+7,14266,3131,17397,2026-08-26T00:57:12.806Z,TRUE,"High outlier: ₹17397 > upper fence ₹13087 (Q3: ₹9172, IQR: ₹2610)",12:40,FALSE
fare_BOM-DEL_AI_2026-09-02_T+7_1788701811768_j6h7,BOM-DEL,EaseMyTrip,AI,AI-2997,2026-09-02,T+7,14523,3188,17711,2026-08-26T00:57:12.806Z,TRUE,"High outlier: ₹17711 > upper fence ₹13087 (Q3: ₹9172, IQR: ₹2610)",10:10,FALSE
fare_BOM-DEL_AI_2026-09-02_T+7_1788701811768_5d1u,BOM-DEL,EaseMyTrip,AI,AI-2444,2026-09-02,T+7,14603,3206,17809,2026-08-26T00:57:12.806Z,TRUE,"High outlier: ₹17809 > upper fence ₹13087 (Q3: ₹9172, IQR: ₹2610)",10:50,FALSE
fare_BOM-DEL_AI_2026-09-02_T+7_1788701811768_2aul,BOM-DEL,EaseMyTrip,AI,AI-2531,2026-09-02,T+7,14755,3239,17994,2026-08-26T00:57:12.806Z,TRUE,"High outlier: ₹17994 > upper fence ₹13087 (Q3: ₹9172, IQR: ₹2610)",15:05,FALSE
fare_BOM-DEL_AI_2026-09-02_T+7_1788701811768_cv96,BOM-DEL,EaseMyTrip,AI,AI-2625,2026-09-02,T+7,14755,3239,17994,2026-08-26T00:57:12.806Z,TRUE,"High outlier: ₹17994 > upper fence ₹13087 (Q3: ₹9172, IQR: ₹2610)",06:00,FALSE
fare_BOM-DEL_AI_2026-09-02_T+7_1788701811768_oino,BOM-DEL,EaseMyTrip,AI,AI-9533,2026-09-02,T+7,15692,3444,19136,2026-08-26T00:57:12.806Z,TRUE,"High outlier: ₹19136 > upper fence ₹13087 (Q3: ₹9172, IQR: ₹2610)",16:30,FALSE
fare_BOM-DEL_AI_2026-09-02_T+7_1788701811768_ms9j,BOM-DEL,EaseMyTrip,AI,AI-2579,2026-09-02,T+7,16841,3697,20538,2026-08-26T00:57:12.806Z,TRUE,"High outlier: ₹20538 > upper fence ₹13087 (Q3: ₹9172, IQR: ₹2610)",10:35,FALSE
fare_BOM-DEL_AI_2026-09-02_T+7_1788701811768_cg3p,BOM-DEL,EaseMyTrip,AI,AI-1726,2026-09-02,T+7,19073,4187,23260,2026-08-26T00:57:12.806Z,TRUE,"High outlier: ₹23260 > upper fence ₹13087 (Q3: ₹9172, IQR: ₹2610)",19:25,FALSE
fare_BOM-DEL_IX_2026-09-02_T+7_1788701811768_azpd,BOM-DEL,EaseMyTrip,IX,IX-1238,2026-09-02,T+7,21081,4628,25709,2026-08-26T00:57:12.806Z,TRUE,"High outlier: ₹25709 > upper fence ₹13087 (Q3: ₹9172, IQR: ₹2610)",12:25,FALSE
fare_BOM-DEL_AI_2026-09-02_T+7_1788701811768_9uqr,BOM-DEL,EaseMyTrip,AI,AI-2663,2026-09-02,T+7,26033,5715,31748,2026-08-26T00:57:12.806Z,TRUE,"High outlier: ₹31748 > upper fence ₹13087 (Q3: ₹9172, IQR: ₹2610)",10:25,FALSE
fare_BOM-DEL_AI_2026-09-02_T+7_1788701811768_73n3,BOM-DEL,EaseMyTrip,AI,AI-2785,2026-09-02,T+7,26437,5803,32240,2026-08-26T00:57:12.806Z,TRUE,"High outlier: ₹32240 > upper fence ₹13087 (Q3: ₹9172, IQR: ₹2610)",06:40,FALSE
fare_DEL-BOM_SG_2026-09-10_T+15_1788701811770_304m,DEL-BOM,EaseMyTrip,SG,SG-934,2026-09-10,T+15,5186,1138,6324,2026-08-26T00:56:48.985Z,FALSE,"",04:00,TRUE
fare_DEL-BOM_SG_2026-09-10_T+15_1788701811770_11db,DEL-BOM,EaseMyTrip,SG,SG-179,2026-09-10,T+15,5186,1138,6324,2026-08-26T00:56:48.985Z,FALSE,"",04:00,TRUE
fare_DEL-BOM_SG_2026-09-10_T+15_1788701811770_jk5e,DEL-BOM,EaseMyTrip,SG,SG-794,2026-09-10,T+15,5186,1138,6324,2026-08-26T00:56:48.985Z,FALSE,"",14:30,TRUE
fare_DEL-BOM_SG_2026-09-10_T+15_1788701811770_k5tn,DEL-BOM,EaseMyTrip,SG,SG-334,2026-09-10,T+15,5186,1138,6324,2026-08-26T00:56:48.985Z,FALSE,"",14:30,TRUE
fare_DEL-BOM_SG_2026-09-10_T+15_1788701811770_5bcd,DEL-BOM,EaseMyTrip,SG,SG-887,2026-09-10,T+15,5186,1138,6324,2026-08-26T00:56:48.985Z,FALSE,"",18:35,TRUE
fare_DEL-BOM_SG_2026-09-10_T+15_1788701811770_493z,DEL-BOM,EaseMyTrip,SG,SG-112,2026-09-10,T+15,5186,1138,6324,2026-08-26T00:56:48.985Z,FALSE,"",18:35,TRUE
fare_DEL-BOM_SG_2026-09-10_T+15_1788701811770_s9m2,DEL-BOM,EaseMyTrip,SG,SG-399,2026-09-10,T+15,5186,1138,6324,2026-08-26T00:56:48.985Z,FALSE,"",20:10,TRUE
fare_DEL-BOM_SG_2026-09-10_T+15_1788701811770_054o,DEL-BOM,EaseMyTrip,SG,SG-691,2026-09-10,T+15,5186,1138,6324,2026-08-26T00:56:48.985Z,FALSE,"",20:10,TRUE
fare_DEL-BOM_SG_2026-09-10_T+15_1788701811770_f58v,DEL-BOM,EaseMyTrip,SG,SG-368,2026-09-10,T+15,5186,1138,6324,2026-08-26T00:56:48.985Z,FALSE,"",22:30,TRUE
fare_DEL-BOM_SG_2026-09-10_T+15_1788701811770_zvuh,DEL-BOM,EaseMyTrip,SG,SG-804,2026-09-10,T+15,5186,1138,6324,2026-08-26T00:56:48.985Z,FALSE,"",22:30,TRUE
fare_DEL-BOM_6E_2026-09-10_T+15_1788701811770_pzg9,DEL-BOM,EaseMyTrip,6E,6E-667,2026-09-10,T+15,5067,1112,6179,2026-08-26T00:56:48.985Z,FALSE,"",19:35,FALSE
fare_DEL-BOM_6E_2026-09-10_T+15_1788701811770_0bsk,DEL-BOM,EaseMyTrip,6E,6E-775,2026-09-10,T+15,5067,1112,6179,2026-08-26T00:56:48.985Z,FALSE,"",19:35,FALSE
fare_DEL-BOM_6E_2026-09-10_T+15_1788701811770_ur6s,DEL-BOM,EaseMyTrip,6E,6E-2076,2026-09-10,T+15,5067,1112,6179,2026-08-26T00:56:48.985Z,FALSE,"",07:30,FALSE
fare_DEL-BOM_6E_2026-09-10_T+15_1788701811770_ydzq,DEL-BOM,EaseMyTrip,6E,6E-6983,2026-09-10,T+15,5067,1112,6179,2026-08-26T00:56:48.985Z,FALSE,"",15:35,FALSE
fare_DEL-BOM_6E_2026-09-10_T+15_1788701811770_icop,DEL-BOM,EaseMyTrip,6E,6E-5073,2026-09-10,T+15,5067,1112,6179,2026-08-26T00:56:48.985Z,FALSE,"",17:05,FALSE
fare_DEL-BOM_6E_2026-09-10_T+15_1788701811770_3xtv,DEL-BOM,EaseMyTrip,6E,6E-6261,2026-09-10,T+15,5067,1112,6179,2026-08-26T00:56:48.985Z,FALSE,"",00:15,FALSE
fare_DEL-BOM_6E_2026-09-10_T+15_1788701811770_aifz,DEL-BOM,EaseMyTrip,6E,6E-5119,2026-09-10,T+15,5067,1112,6179,2026-08-26T00:56:48.985Z,FALSE,"",05:10,FALSE
fare_DEL-BOM_6E_2026-09-10_T+15_1788701811770_tjgo,DEL-BOM,EaseMyTrip,6E,6E-2013,2026-09-10,T+15,5067,1112,6179,2026-08-26T00:56:48.985Z,FALSE,"",21:50,FALSE
fare_DEL-BOM_6E_2026-09-10_T+15_1788701811770_6uln,DEL-BOM,EaseMyTrip,6E,6E-6190,2026-09-10,T+15,5067,1112,6179,2026-08-26T00:56:48.985Z,FALSE,"",07:40,FALSE
fare_DEL-BOM_6E_2026-09-10_T+15_1788701811770_y2ub,DEL-BOM,EaseMyTrip,6E,6E-2331,2026-09-10,T+15,5067,1112,6179,2026-08-26T00:56:48.985Z,FALSE,"",12:20,FALSE
fare_DEL-BOM_IX_2026-09-10_T+15_1788701811770_cy4q,DEL-BOM,EaseMyTrip,IX,IX-1235,2026-09-10,T+15,5354,1175,6529,2026-08-26T00:56:48.985Z,FALSE,"",23:25,TRUE
fare_DEL-BOM_IX_2026-09-10_T+15_1788701811770_67wi,DEL-BOM,EaseMyTrip,IX,IX-1080,2026-09-10,T+15,5354,1175,6529,2026-08-26T00:56:48.985Z,FALSE,"",18:40,TRUE
fare_DEL-BOM_IX_2026-09-10_T+15_1788701811770_fle4,DEL-BOM,EaseMyTrip,IX,IX-1165,2026-09-10,T+15,5354,1175,6529,2026-08-26T00:56:48.985Z,FALSE,"",06:00,FALSE
fare_DEL-BOM_6E_2026-09-10_T+15_1788701811770_6qn2,DEL-BOM,EaseMyTrip,6E,6E-2249,2026-09-10,T+15,5174,1136,6310,2026-08-26T00:56:48.985Z,FALSE,"",15:00,FALSE
fare_DEL-BOM_6E_2026-09-10_T+15_1788701811770_e6s1,DEL-BOM,EaseMyTrip,6E,6E-2169,2026-09-10,T+15,5174,1136,6310,2026-08-26T00:56:48.985Z,FALSE,"",19:40,FALSE
fare_DEL-BOM_6E_2026-09-10_T+15_1788701811770_l2ph,DEL-BOM,EaseMyTrip,6E,6E-6829,2026-09-10,T+15,5174,1136,6310,2026-08-26T00:56:48.985Z,FALSE,"",17:20,FALSE
fare_DEL-BOM_6E_2026-09-10_T+15_1788701811770_zh7o,DEL-BOM,EaseMyTrip,6E,6E-6443,2026-09-10,T+15,5174,1136,6310,2026-08-26T00:56:48.985Z,FALSE,"",09:00,FALSE
fare_DEL-BOM_6E_2026-09-10_T+15_1788701811770_7sgj,DEL-BOM,EaseMyTrip,6E,6E-6433,2026-09-10,T+15,5174,1136,6310,2026-08-26T00:56:48.985Z,FALSE,"",16:30,FALSE
fare_DEL-BOM_6E_2026-09-10_T+15_1788701811770_xn68,DEL-BOM,EaseMyTrip,6E,6E-5138,2026-09-10,T+15,5174,1136,6310,2026-08-26T00:56:48.985Z,FALSE,"",19:10,FALSE
fare_DEL-BOM_6E_2026-09-10_T+15_1788701811770_cpry,DEL-BOM,EaseMyTrip,6E,6E-6490,2026-09-10,T+15,5174,1136,6310,2026-08-26T00:56:48.985Z,FALSE,"",04:55,FALSE
fare_DEL-BOM_6E_2026-09-10_T+15_1788701811770_ndl5,DEL-BOM,EaseMyTrip,6E,6E-6459,2026-09-10,T+15,5174,1136,6310,2026-08-26T00:56:48.985Z,FALSE,"",05:55,FALSE
fare_DEL-BOM_6E_2026-09-10_T+15_1788701811770_2dkg,DEL-BOM,EaseMyTrip,6E,6E-745,2026-09-10,T+15,5239,1150,6389,2026-08-26T00:56:48.985Z,FALSE,"",16:30,FALSE
fare_DEL-BOM_6E_2026-09-10_T+15_1788701811770_t3s5,DEL-BOM,EaseMyTrip,6E,6E-977,2026-09-10,T+15,5239,1150,6389,2026-08-26T00:56:48.985Z,FALSE,"",16:30,FALSE
fare_DEL-BOM_6E_2026-09-10_T+15_1788701811770_x0bi,DEL-BOM,EaseMyTrip,6E,6E-6479,2026-09-10,T+15,5239,1150,6389,2026-08-26T00:56:48.985Z,FALSE,"",21:25,FALSE
fare_DEL-BOM_6E_2026-09-10_T+15_1788701811770_1tcy,DEL-BOM,EaseMyTrip,6E,6E-5298,2026-09-10,T+15,5239,1150,6389,2026-08-26T00:56:48.985Z,FALSE,"",09:00,FALSE
fare_DEL-BOM_6E_2026-09-10_T+15_1788701811770_eyv3,DEL-BOM,EaseMyTrip,6E,6E-5038,2026-09-10,T+15,5239,1150,6389,2026-08-26T00:56:48.985Z,FALSE,"",14:00,FALSE
fare_DEL-BOM_6E_2026-09-10_T+15_1788701811770_hzue,DEL-BOM,EaseMyTrip,6E,6E-6050,2026-09-10,T+15,5239,1150,6389,2026-08-26T00:56:48.985Z,FALSE,"",08:15,FALSE
fare_DEL-BOM_IX_2026-09-10_T+15_1788701811770_8l6t,DEL-BOM,EaseMyTrip,IX,IX-1056,2026-09-10,T+15,5483,1204,6687,2026-08-26T00:56:48.985Z,FALSE,"",05:45,TRUE
fare_DEL-BOM_6E_2026-09-10_T+15_1788701811770_rl0w,DEL-BOM,EaseMyTrip,6E,6E-6601,2026-09-10,T+15,5346,1174,6520,2026-08-26T00:56:48.985Z,FALSE,"",19:45,FALSE
fare_DEL-BOM_6E_2026-09-10_T+15_1788701811770_7kkv,DEL-BOM,EaseMyTrip,6E,6E-6282,2026-09-10,T+15,5346,1174,6520,2026-08-26T00:56:48.985Z,FALSE,"",13:30,FALSE
fare_DEL-BOM_6E_2026-09-10_T+15_1788701811770_5140,DEL-BOM,EaseMyTrip,6E,6E-933,2026-09-10,T+15,5346,1174,6520,2026-08-26T00:56:48.985Z,FALSE,"",02:25,FALSE
fare_DEL-BOM_6E_2026-09-10_T+15_1788701811770_pllr,DEL-BOM,EaseMyTrip,6E,6E-422,2026-09-10,T+15,5346,1174,6520,2026-08-26T00:56:48.985Z,FALSE,"",02:25,FALSE
fare_DEL-BOM_6E_2026-09-10_T+15_1788701811770_pst9,DEL-BOM,EaseMyTrip,6E,6E-637,2026-09-10,T+15,5346,1174,6520,2026-08-26T00:56:48.985Z,FALSE,"",23:15,FALSE
fare_DEL-BOM_6E_2026-09-10_T+15_1788701811770_khqi,DEL-BOM,EaseMyTrip,6E,6E-309,2026-09-10,T+15,5346,1174,6520,2026-08-26T00:56:48.985Z,FALSE,"",23:15,FALSE
fare_DEL-BOM_6E_2026-09-10_T+15_1788701811770_zqgy,DEL-BOM,EaseMyTrip,6E,6E-6293,2026-09-10,T+15,5346,1174,6520,2026-08-26T00:56:48.985Z,FALSE,"",09:55,FALSE
fare_DEL-BOM_6E_2026-09-10_T+15_1788701811770_3c3l,DEL-BOM,EaseMyTrip,6E,6E-6470,2026-09-10,T+15,5354,1175,6529,2026-08-26T00:56:48.985Z,FALSE,"",06:55,TRUE
fare_DEL-BOM_QP_2026-09-10_T+15_1788701811770_epok,DEL-BOM,EaseMyTrip,QP,QP-1833,2026-09-10,T+15,5355,1175,6530,2026-08-26T00:56:48.985Z,FALSE,"",06:50,TRUE
fare_DEL-BOM_QP_2026-09-10_T+15_1788701811770_b0pz,DEL-BOM,EaseMyTrip,QP,QP-1112,2026-09-10,T+15,5355,1175,6530,2026-08-26T00:56:48.985Z,FALSE,"",09:20,TRUE
fare_DEL-BOM_QP_2026-09-10_T+15_1788701811770_fn23,DEL-BOM,EaseMyTrip,QP,QP-1836,2026-09-10,T+15,5355,1175,6530,2026-08-26T00:56:48.985Z,FALSE,"",12:30,TRUE
fare_DEL-BOM_QP_2026-09-10_T+15_1788701811770_qbkl,DEL-BOM,EaseMyTrip,QP,QP-1128,2026-09-10,T+15,5355,1175,6530,2026-08-26T00:56:48.985Z,FALSE,"",16:00,TRUE
fare_DEL-BOM_QP_2026-09-10_T+15_1788701811770_6iv5,DEL-BOM,EaseMyTrip,QP,QP-1820,2026-09-10,T+15,5355,1175,6530,2026-08-26T00:56:48.985Z,FALSE,"",17:30,TRUE
fare_DEL-BOM_QP_2026-09-10_T+15_1788701811770_mk8o,DEL-BOM,EaseMyTrip,QP,QP-1119,2026-09-10,T+15,5355,1175,6530,2026-08-26T00:56:48.985Z,FALSE,"",08:40,TRUE
fare_DEL-BOM_QP_2026-09-10_T+15_1788701811770_hh5t,DEL-BOM,EaseMyTrip,QP,QP-1110,2026-09-10,T+15,5355,1175,6530,2026-08-26T00:56:48.985Z,FALSE,"",10:30,TRUE
fare_DEL-BOM_QP_2026-09-10_T+15_1788701811770_y42r,DEL-BOM,EaseMyTrip,QP,QP-1826,2026-09-10,T+15,5355,1175,6530,2026-08-26T00:56:48.985Z,FALSE,"",19:55,TRUE
fare_DEL-BOM_6E_2026-09-10_T+15_1788701811770_dv5p,DEL-BOM,EaseMyTrip,6E,6E-6706,2026-09-10,T+15,5355,1175,6530,2026-08-26T00:56:48.985Z,FALSE,"",17:00,TRUE
fare_DEL-BOM_6E_2026-09-10_T+15_1788701811770_2b8d,DEL-BOM,EaseMyTrip,6E,6E-355,2026-09-10,T+15,5355,1175,6530,2026-08-26T00:56:48.985Z,FALSE,"",16:15,TRUE
fare_DEL-BOM_6E_2026-09-10_T+15_1788701811770_2dkb,DEL-BOM,EaseMyTrip,6E,6E-889,2026-09-10,T+15,5355,1175,6530,2026-08-26T00:56:48.985Z,FALSE,"",16:15,TRUE
fare_DEL-BOM_6E_2026-09-10_T+15_1788701811770_5hx1,DEL-BOM,EaseMyTrip,6E,6E-219,2026-09-10,T+15,5355,1175,6530,2026-08-26T00:56:48.985Z,FALSE,"",15:30,TRUE
fare_DEL-BOM_6E_2026-09-10_T+15_1788701811770_a7tt,DEL-BOM,EaseMyTrip,6E,6E-766,2026-09-10,T+15,5355,1175,6530,2026-08-26T00:56:48.985Z,FALSE,"",15:30,TRUE
fare_DEL-BOM_6E_2026-09-10_T+15_1788701811770_ft1x,DEL-BOM,EaseMyTrip,6E,6E-6022,2026-09-10,T+15,5355,1175,6530,2026-08-26T00:56:48.985Z,FALSE,"",14:00,TRUE
fare_DEL-BOM_6E_2026-09-10_T+15_1788701811770_72n9,DEL-BOM,EaseMyTrip,6E,6E-6318,2026-09-10,T+15,5355,1175,6530,2026-08-26T00:56:48.985Z,FALSE,"",14:45,TRUE
fare_DEL-BOM_6E_2026-09-10_T+15_1788701811770_uyvf,DEL-BOM,EaseMyTrip,6E,6E-6328,2026-09-10,T+15,5355,1175,6530,2026-08-26T00:56:48.985Z,FALSE,"",10:15,TRUE
fare_DEL-BOM_6E_2026-09-10_T+15_1788701811770_qag5,DEL-BOM,EaseMyTrip,6E,6E-6047,2026-09-10,T+15,5355,1175,6530,2026-08-26T00:56:48.985Z,FALSE,"",11:00,TRUE
fare_DEL-BOM_6E_2026-09-10_T+15_1788701811770_b0zx,DEL-BOM,EaseMyTrip,6E,6E-6676,2026-09-10,T+15,5355,1175,6530,2026-08-26T00:56:48.985Z,FALSE,"",12:00,TRUE
fare_DEL-BOM_6E_2026-09-10_T+15_1788701811770_ti2v,DEL-BOM,EaseMyTrip,6E,6E-231,2026-09-10,T+15,5355,1175,6530,2026-08-26T00:56:48.985Z,FALSE,"",13:00,TRUE
fare_DEL-BOM_6E_2026-09-10_T+15_1788701811770_mc72,DEL-BOM,EaseMyTrip,6E,6E-230,2026-09-10,T+15,5355,1175,6530,2026-08-26T00:56:48.985Z,FALSE,"",13:00,TRUE
fare_DEL-BOM_6E_2026-09-10_T+15_1788701811770_p2ib,DEL-BOM,EaseMyTrip,6E,6E-6107,2026-09-10,T+15,5355,1175,6530,2026-08-26T00:56:48.985Z,FALSE,"",09:30,TRUE
fare_DEL-BOM_QP_2026-09-10_T+15_1788701811770_lec1,DEL-BOM,EaseMyTrip,QP,QP-1940,2026-09-10,T+15,5427,1191,6618,2026-08-26T00:56:48.985Z,FALSE,"",14:00,TRUE
fare_DEL-BOM_6E_2026-09-10_T+15_1788701811770_2l7v,DEL-BOM,EaseMyTrip,6E,6E-5198,2026-09-10,T+15,5427,1191,6618,2026-08-26T00:56:48.985Z,FALSE,"",15:00,TRUE
fare_DEL-BOM_IX_2026-09-10_T+15_1788701811770_o4if,DEL-BOM,EaseMyTrip,IX,IX-1038,2026-09-10,T+15,5690,1249,6939,2026-08-26T00:56:48.985Z,FALSE,"",17:35,TRUE
fare_DEL-BOM_6E_2026-09-10_T+15_1788701811770_w73b,DEL-BOM,EaseMyTrip,6E,6E-358,2026-09-10,T+15,5484,1204,6688,2026-08-26T00:56:48.985Z,FALSE,"",05:00,TRUE
fare_DEL-BOM_6E_2026-09-10_T+15_1788701811770_pmpg,DEL-BOM,EaseMyTrip,6E,6E-425,2026-09-10,T+15,5484,1204,6688,2026-08-26T00:56:48.985Z,FALSE,"",05:00,TRUE
fare_DEL-BOM_6E_2026-09-10_T+15_1788701811770_itcn,DEL-BOM,EaseMyTrip,6E,6E-468,2026-09-10,T+15,5484,1204,6688,2026-08-26T00:56:48.985Z,FALSE,"",23:30,TRUE
fare_DEL-BOM_6E_2026-09-10_T+15_1788701811770_o3c9,DEL-BOM,EaseMyTrip,6E,6E-187,2026-09-10,T+15,5484,1204,6688,2026-08-26T00:56:48.985Z,FALSE,"",23:30,TRUE
fare_DEL-BOM_6E_2026-09-10_T+15_1788701811770_ea0t,DEL-BOM,EaseMyTrip,6E,6E-6114,2026-09-10,T+15,5484,1204,6688,2026-08-26T00:56:48.985Z,FALSE,"",22:45,TRUE
fare_DEL-BOM_6E_2026-09-10_T+15_1788701811770_3ltb,DEL-BOM,EaseMyTrip,6E,6E-6218,2026-09-10,T+15,5484,1204,6688,2026-08-26T00:56:48.985Z,FALSE,"",06:05,TRUE
fare_DEL-BOM_6E_2026-09-10_T+15_1788701811770_dtmh,DEL-BOM,EaseMyTrip,6E,6E-475,2026-09-10,T+15,5484,1204,6688,2026-08-26T00:56:48.985Z,FALSE,"",08:45,TRUE
fare_DEL-BOM_6E_2026-09-10_T+15_1788701811770_weky,DEL-BOM,EaseMyTrip,6E,6E-770,2026-09-10,T+15,5484,1204,6688,2026-08-26T00:56:48.985Z,FALSE,"",08:45,TRUE
fare_DEL-BOM_6E_2026-09-10_T+15_1788701811770_sovv,DEL-BOM,EaseMyTrip,6E,6E-993,2026-09-10,T+15,5526,1213,6739,2026-08-26T00:56:48.985Z,FALSE,"",20:20,TRUE
fare_DEL-BOM_6E_2026-09-10_T+15_1788701811770_3bwa,DEL-BOM,EaseMyTrip,6E,6E-506,2026-09-10,T+15,5526,1213,6739,2026-08-26T00:56:48.985Z,FALSE,"",20:20,TRUE
fare_DEL-BOM_AI_2026-09-10_T+15_1788701811770_ufv6,DEL-BOM,EaseMyTrip,AI,AI-2678,2026-09-10,T+15,5740,1260,7000,2026-08-26T00:56:48.985Z,FALSE,"",08:30,TRUE
fare_DEL-BOM_AI_2026-09-10_T+15_1788701811770_w4hs,DEL-BOM,EaseMyTrip,AI,AI-2963,2026-09-10,T+15,5740,1260,7000,2026-08-26T00:56:48.985Z,FALSE,"",09:00,TRUE
fare_DEL-BOM_AI_2026-09-10_T+15_1788701811770_7emr,DEL-BOM,EaseMyTrip,AI,AI-2975,2026-09-10,T+15,5740,1260,7000,2026-08-26T00:56:48.985Z,FALSE,"",06:30,TRUE
fare_DEL-BOM_AI_2026-09-10_T+15_1788701811770_eoac,DEL-BOM,EaseMyTrip,AI,AI-2425,2026-09-10,T+15,5740,1260,7000,2026-08-26T00:56:48.985Z,FALSE,"",10:30,TRUE
fare_DEL-BOM_AI_2026-09-10_T+15_1788701811770_dz0i,DEL-BOM,EaseMyTrip,AI,AI-2941,2026-09-10,T+15,5740,1260,7000,2026-08-26T00:56:48.985Z,FALSE,"",16:30,TRUE
fare_DEL-BOM_AI_2026-09-10_T+15_1788701811770_m3w2,DEL-BOM,EaseMyTrip,AI,AI-887,2026-09-10,T+15,5740,1260,7000,2026-08-26T00:56:48.985Z,FALSE,"",21:00,TRUE
fare_DEL-BOM_AI_2026-09-10_T+15_1788701811770_ujx3,DEL-BOM,EaseMyTrip,AI,AI-2981,2026-09-10,T+15,5740,1260,7000,2026-08-26T00:56:48.985Z,FALSE,"",21:00,TRUE
fare_DEL-BOM_AI_2026-09-10_T+15_1788701811770_ic0x,DEL-BOM,EaseMyTrip,AI,AI-1745,2026-09-10,T+15,5740,1260,7000,2026-08-26T00:56:48.985Z,FALSE,"",05:00,TRUE
fare_DEL-BOM_AI_2026-09-10_T+15_1788701811770_j39z,DEL-BOM,EaseMyTrip,AI,AI-2429,2026-09-10,T+15,5740,1260,7000,2026-08-26T00:56:48.985Z,FALSE,"",07:00,TRUE
fare_DEL-BOM_AI_2026-09-10_T+15_1788701811770_x94z,DEL-BOM,EaseMyTrip,AI,AI-2943,2026-09-10,T+15,5740,1260,7000,2026-08-26T00:56:48.985Z,FALSE,"",07:30,TRUE
fare_DEL-BOM_AI_2026-09-10_T+15_1788701811770_26a7,DEL-BOM,EaseMyTrip,AI,AI-2995,2026-09-10,T+15,5740,1260,7000,2026-08-26T00:56:48.985Z,FALSE,"",10:00,TRUE
fare_DEL-BOM_AI_2026-09-10_T+15_1788701811770_jhzf,DEL-BOM,EaseMyTrip,AI,AI-2945,2026-09-10,T+15,5740,1260,7000,2026-08-26T00:56:48.985Z,FALSE,"",11:00,TRUE
fare_DEL-BOM_AI_2026-09-10_T+15_1788701811770_lrhs,DEL-BOM,EaseMyTrip,AI,AI-1785,2026-09-10,T+15,5740,1260,7000,2026-08-26T00:56:48.985Z,FALSE,"",12:00,TRUE
fare_DEL-BOM_AI_2026-09-10_T+15_1788701811770_61hx,DEL-BOM,EaseMyTrip,AI,AI-2933,2026-09-10,T+15,5740,1260,7000,2026-08-26T00:56:48.985Z,FALSE,"",15:30,TRUE
fare_DEL-BOM_AI_2026-09-10_T+15_1788701811770_hrp7,DEL-BOM,EaseMyTrip,AI,AI-1777,2026-09-10,T+15,5740,1260,7000,2026-08-26T00:56:48.985Z,FALSE,"",16:00,TRUE
fare_DEL-BOM_AI_2026-09-10_T+15_1788701811770_78fi,DEL-BOM,EaseMyTrip,AI,AI-441,2026-09-10,T+15,5740,1260,7000,2026-08-26T00:56:48.985Z,FALSE,"",17:00,TRUE
fare_DEL-BOM_AI_2026-09-10_T+15_1788701811770_e8j0,DEL-BOM,EaseMyTrip,AI,AI-2955,2026-09-10,T+15,5740,1260,7000,2026-08-26T00:56:48.985Z,FALSE,"",18:00,TRUE
fare_DEL-BOM_AI_2026-09-10_T+15_1788701811770_j7qr,DEL-BOM,EaseMyTrip,AI,AI-2977,2026-09-10,T+15,5740,1260,7000,2026-08-26T00:56:48.985Z,FALSE,"",19:00,TRUE
fare_DEL-BOM_AI_2026-09-10_T+15_1788701811770_zf04,DEL-BOM,EaseMyTrip,AI,AI-2985,2026-09-10,T+15,5740,1260,7000,2026-08-26T00:56:48.985Z,FALSE,"",19:30,TRUE
fare_DEL-BOM_AI_2026-09-10_T+15_1788701811770_fm3a,DEL-BOM,EaseMyTrip,AI,AI-2805,2026-09-10,T+15,5740,1260,7000,2026-08-26T00:56:48.985Z,FALSE,"",20:00,TRUE
fare_DEL-BOM_AI_2026-09-10_T+15_1788701811770_ds2q,DEL-BOM,EaseMyTrip,AI,AI-2433,2026-09-10,T+15,5740,1260,7000,2026-08-26T00:56:48.985Z,FALSE,"",21:30,TRUE
fare_DEL-BOM_AI_2026-09-10_T+15_1788701811770_bonb,DEL-BOM,EaseMyTrip,AI,AI-2439,2026-09-10,T+15,5740,1260,7000,2026-08-26T00:56:48.985Z,FALSE,"",23:00,TRUE
fare_DEL-BOM_AI_2026-09-10_T+15_1788701811770_qvqz,DEL-BOM,EaseMyTrip,AI,AI-2927,2026-09-10,T+15,5740,1260,7000,2026-08-26T00:56:48.985Z,FALSE,"",09:30,TRUE
fare_DEL-BOM_AI_2026-09-10_T+15_1788701811770_ui6t,DEL-BOM,EaseMyTrip,AI,AI-2957,2026-09-10,T+15,5740,1260,7000,2026-08-26T00:56:48.985Z,FALSE,"",20:30,TRUE
fare_DEL-BOM_6E_2026-09-10_T+15_1788701811770_i3af,DEL-BOM,EaseMyTrip,6E,6E-5206,2026-09-10,T+15,5633,1236,6869,2026-08-26T00:56:48.985Z,FALSE,"",13:20,FALSE
fare_DEL-BOM_SG_2026-09-10_T+15_1788701811770_y6yk,DEL-BOM,EaseMyTrip,SG,SG-520,2026-09-10,T+15,5810,1275,7085,2026-08-26T00:56:48.985Z,FALSE,"",09:15,TRUE
fare_DEL-BOM_SG_2026-09-10_T+15_1788701811770_0v6u,DEL-BOM,EaseMyTrip,SG,SG-415,2026-09-10,T+15,5810,1275,7085,2026-08-26T00:56:48.985Z,FALSE,"",09:15,TRUE
fare_DEL-BOM_6E_2026-09-10_T+15_1788701811770_ikgp,DEL-BOM,EaseMyTrip,6E,6E-327,2026-09-10,T+15,5656,1242,6898,2026-08-26T00:56:48.985Z,FALSE,"",21:45,TRUE
fare_DEL-BOM_6E_2026-09-10_T+15_1788701811770_76ns,DEL-BOM,EaseMyTrip,6E,6E-172,2026-09-10,T+15,5656,1242,6898,2026-08-26T00:56:48.985Z,FALSE,"",21:45,TRUE
fare_DEL-BOM_6E_2026-09-10_T+15_1788701811770_nhzj,DEL-BOM,EaseMyTrip,6E,6E-156,2026-09-10,T+15,5656,1242,6898,2026-08-26T00:56:48.985Z,FALSE,"",20:00,TRUE
fare_DEL-BOM_6E_2026-09-10_T+15_1788701811770_wo1o,DEL-BOM,EaseMyTrip,6E,6E-344,2026-09-10,T+15,5656,1242,6898,2026-08-26T00:56:48.985Z,FALSE,"",20:00,TRUE
fare_DEL-BOM_6E_2026-09-10_T+15_1788701811770_ba63,DEL-BOM,EaseMyTrip,6E,6E-912,2026-09-10,T+15,5656,1242,6898,2026-08-26T00:56:48.985Z,FALSE,"",19:00,TRUE
fare_DEL-BOM_6E_2026-09-10_T+15_1788701811770_vipk,DEL-BOM,EaseMyTrip,6E,6E-641,2026-09-10,T+15,5656,1242,6898,2026-08-26T00:56:48.985Z,FALSE,"",19:00,TRUE
fare_DEL-BOM_6E_2026-09-10_T+15_1788701811770_l8sk,DEL-BOM,EaseMyTrip,6E,6E-377,2026-09-10,T+15,5656,1242,6898,2026-08-26T00:56:48.985Z,FALSE,"",18:00,TRUE
fare_DEL-BOM_6E_2026-09-10_T+15_1788701811770_pq4b,DEL-BOM,EaseMyTrip,6E,6E-297,2026-09-10,T+15,5656,1242,6898,2026-08-26T00:56:48.985Z,FALSE,"",18:00,TRUE
fare_DEL-BOM_6E_2026-09-10_T+15_1788701811770_m704,DEL-BOM,EaseMyTrip,6E,6E-473,2026-09-10,T+15,5656,1242,6898,2026-08-26T00:56:48.985Z,FALSE,"",20:45,TRUE
fare_DEL-BOM_6E_2026-09-10_T+15_1788701811770_kqxu,DEL-BOM,EaseMyTrip,6E,6E-6814,2026-09-10,T+15,5656,1242,6898,2026-08-26T00:56:48.985Z,FALSE,"",07:15,TRUE
fare_DEL-BOM_6E_2026-09-10_T+15_1788701811770_l885,DEL-BOM,EaseMyTrip,6E,6E-296,2026-09-10,T+15,5871,1289,7160,2026-08-26T00:56:48.985Z,FALSE,"",08:00,TRUE
fare_DEL-BOM_6E_2026-09-10_T+15_1788701811770_vj9p,DEL-BOM,EaseMyTrip,6E,6E-396,2026-09-10,T+15,5871,1289,7160,2026-08-26T00:56:48.985Z,FALSE,"",08:00,TRUE
fare_DEL-BOM_AI_2026-09-10_T+15_1788701811770_0cn2,DEL-BOM,EaseMyTrip,AI,AI-2951,2026-09-10,T+15,6043,1326,7369,2026-08-26T00:56:48.985Z,FALSE,"",13:30,TRUE
fare_DEL-BOM_6E_2026-09-10_T+15_1788701811770_6mqh,DEL-BOM,EaseMyTrip,6E,6E-6171,2026-09-10,T+15,5893,1294,7187,2026-08-26T00:56:48.985Z,FALSE,"",05:40,FALSE
fare_DEL-BOM_IX_2026-09-10_T+15_1788701811770_6s5o,DEL-BOM,EaseMyTrip,IX,IX-1051,2026-09-10,T+15,6339,1391,7730,2026-08-26T00:56:48.985Z,FALSE,"",19:05,FALSE
fare_DEL-BOM_6E_2026-09-10_T+15_1788701811770_l6b3,DEL-BOM,EaseMyTrip,6E,6E-7646,2026-09-10,T+15,6202,1362,7564,2026-08-26T00:56:48.985Z,FALSE,"",06:15,FALSE
fare_DEL-BOM_6E_2026-09-10_T+15_1788701811770_kdtv,DEL-BOM,EaseMyTrip,6E,6E-2341,2026-09-10,T+15,6619,1453,8072,2026-08-26T00:56:48.985Z,FALSE,"",14:50,FALSE
fare_DEL-BOM_6E_2026-09-10_T+15_1788701811770_ea7p,DEL-BOM,EaseMyTrip,6E,6E-803,2026-09-10,T+15,6713,1474,8187,2026-08-26T00:56:48.985Z,FALSE,"",19:30,FALSE
fare_DEL-BOM_6E_2026-09-10_T+15_1788701811770_53rg,DEL-BOM,EaseMyTrip,6E,6E-206,2026-09-10,T+15,6713,1474,8187,2026-08-26T00:56:48.985Z,FALSE,"",19:30,FALSE
fare_DEL-BOM_6E_2026-09-10_T+15_1788701811770_6jcm,DEL-BOM,EaseMyTrip,6E,6E-6497,2026-09-10,T+15,7172,1574,8746,2026-08-26T00:56:48.985Z,FALSE,"",18:45,FALSE
fare_DEL-BOM_6E_2026-09-10_T+15_1788701811770_bgi3,DEL-BOM,EaseMyTrip,6E,6E-2349,2026-09-10,T+15,7526,1652,9178,2026-08-26T00:56:48.985Z,FALSE,"",10:55,FALSE
fare_DEL-BOM_6E_2026-09-10_T+15_1788701811770_lr2l,DEL-BOM,EaseMyTrip,6E,6E-7642,2026-09-10,T+15,7624,1673,9297,2026-08-26T00:56:48.985Z,FALSE,"",15:45,FALSE
fare_DEL-BOM_6E_2026-09-10_T+15_1788701811770_73zy,DEL-BOM,EaseMyTrip,6E,6E-252,2026-09-10,T+15,7811,1715,9526,2026-08-26T00:56:48.985Z,FALSE,"",12:15,FALSE
fare_DEL-BOM_6E_2026-09-10_T+15_1788701811770_ny94,DEL-BOM,EaseMyTrip,6E,6E-339,2026-09-10,T+15,7811,1715,9526,2026-08-26T00:56:48.985Z,FALSE,"",12:15,FALSE
fare_DEL-BOM_AI_2026-09-10_T+15_1788701811770_7lug,DEL-BOM,EaseMyTrip,AI,AI-1780,2026-09-10,T+15,8518,1870,10388,2026-08-26T00:56:48.985Z,TRUE,"High outlier: ₹10388 > upper fence ₹10387 (Q3: ₹8072, IQR: ₹1543)",16:10,TRUE
fare_DEL-BOM_6E_2026-09-10_T+15_1788701811770_gbgt,DEL-BOM,EaseMyTrip,6E,6E-2381,2026-09-10,T+15,8379,1839,10218,2026-08-26T00:56:48.985Z,FALSE,"",13:45,FALSE
fare_DEL-BOM_AI_2026-09-10_T+15_1788701811770_zah5,DEL-BOM,EaseMyTrip,AI,AI-1705,2026-09-10,T+15,8895,1952,10847,2026-08-26T00:56:48.985Z,TRUE,"High outlier: ₹10847 > upper fence ₹10387 (Q3: ₹8072, IQR: ₹1543)",06:30,FALSE
fare_DEL-BOM_6E_2026-09-10_T+15_1788701811770_xqzr,DEL-BOM,EaseMyTrip,6E,6E-952,2026-09-10,T+15,8877,1948,10825,2026-08-26T00:56:48.985Z,TRUE,"High outlier: ₹10825 > upper fence ₹10387 (Q3: ₹8072, IQR: ₹1543)",08:30,FALSE
fare_DEL-BOM_6E_2026-09-10_T+15_1788701811770_p6bh,DEL-BOM,EaseMyTrip,6E,6E-935,2026-09-10,T+15,8877,1948,10825,2026-08-26T00:56:48.985Z,TRUE,"High outlier: ₹10825 > upper fence ₹10387 (Q3: ₹8072, IQR: ₹1543)",08:30,FALSE
fare_DEL-BOM_AI_2026-09-10_T+15_1788701811770_be52,DEL-BOM,EaseMyTrip,AI,AI-2761,2026-09-10,T+15,9043,1985,11028,2026-08-26T00:56:48.985Z,TRUE,"High outlier: ₹11028 > upper fence ₹10387 (Q3: ₹8072, IQR: ₹1543)",16:25,FALSE
fare_DEL-BOM_AI_2026-09-10_T+15_1788701811770_kasc,DEL-BOM,EaseMyTrip,AI,AI-2569,2026-09-10,T+15,9335,2049,11384,2026-08-26T00:56:48.985Z,TRUE,"High outlier: ₹11384 > upper fence ₹10387 (Q3: ₹8072, IQR: ₹1543)",20:30,FALSE
fare_DEL-BOM_6E_2026-09-10_T+15_1788701811770_5ixf,DEL-BOM,EaseMyTrip,6E,6E-2496,2026-09-10,T+15,9332,2048,11380,2026-08-26T00:56:48.985Z,TRUE,"High outlier: ₹11380 > upper fence ₹10387 (Q3: ₹8072, IQR: ₹1543)",12:40,FALSE
fare_DEL-BOM_IX_2026-09-10_T+15_1788701811770_30de,DEL-BOM,EaseMyTrip,IX,IX-1049,2026-09-10,T+15,9783,2147,11930,2026-08-26T00:56:48.985Z,TRUE,"High outlier: ₹11930 > upper fence ₹10387 (Q3: ₹8072, IQR: ₹1543)",18:40,FALSE
fare_DEL-BOM_AI_2026-09-10_T+15_1788701811770_p0nh,DEL-BOM,EaseMyTrip,AI,AI-1717,2026-09-10,T+15,9810,2154,11964,2026-08-26T00:56:48.985Z,TRUE,"High outlier: ₹11964 > upper fence ₹10387 (Q3: ₹8072, IQR: ₹1543)",14:20,FALSE
fare_DEL-BOM_AI_2026-09-10_T+15_1788701811770_jx5h,DEL-BOM,EaseMyTrip,AI,AI-9757,2026-09-10,T+15,10111,2220,12331,2026-08-26T00:56:48.985Z,TRUE,"High outlier: ₹12331 > upper fence ₹10387 (Q3: ₹8072, IQR: ₹1543)",11:50,FALSE
fare_DEL-BOM_AI_2026-09-10_T+15_1788701811770_w83r,DEL-BOM,EaseMyTrip,AI,AI-9759,2026-09-10,T+15,10111,2220,12331,2026-08-26T00:56:48.985Z,TRUE,"High outlier: ₹12331 > upper fence ₹10387 (Q3: ₹8072, IQR: ₹1543)",06:00,FALSE
fare_DEL-BOM_AI_2026-09-10_T+15_1788701811770_mv0o,DEL-BOM,EaseMyTrip,AI,AI-1710,2026-09-10,T+15,10585,2324,12909,2026-08-26T00:56:48.985Z,TRUE,"High outlier: ₹12909 > upper fence ₹10387 (Q3: ₹8072, IQR: ₹1543)",18:35,FALSE
fare_DEL-BOM_AI_2026-09-10_T+15_1788701811770_j60e,DEL-BOM,EaseMyTrip,AI,AI-2715,2026-09-10,T+15,11186,2455,13641,2026-08-26T00:56:48.985Z,TRUE,"High outlier: ₹13641 > upper fence ₹10387 (Q3: ₹8072, IQR: ₹1543)",11:40,FALSE
fare_DEL-BOM_AI_2026-09-10_T+15_1788701811770_3fzb,DEL-BOM,EaseMyTrip,AI,AI-2545,2026-09-10,T+15,11186,2455,13641,2026-08-26T00:56:48.985Z,TRUE,"High outlier: ₹13641 > upper fence ₹10387 (Q3: ₹8072, IQR: ₹1543)",20:30,FALSE
fare_DEL-BOM_AI_2026-09-10_T+15_1788701811770_d2qo,DEL-BOM,EaseMyTrip,AI,AI-531,2026-09-10,T+15,11186,2455,13641,2026-08-26T00:56:48.985Z,TRUE,"High outlier: ₹13641 > upper fence ₹10387 (Q3: ₹8072, IQR: ₹1543)",19:20,FALSE
fare_DEL-BOM_AI_2026-09-10_T+15_1788701811770_wja3,DEL-BOM,EaseMyTrip,AI,AI-809,2026-09-10,T+15,11273,2475,13748,2026-08-26T00:56:48.985Z,TRUE,"High outlier: ₹13748 > upper fence ₹10387 (Q3: ₹8072, IQR: ₹1543)",17:40,FALSE
fare_DEL-BOM_AI_2026-09-10_T+15_1788701811770_0hyd,DEL-BOM,EaseMyTrip,AI,AI-423,2026-09-10,T+15,11273,2475,13748,2026-08-26T00:56:48.985Z,TRUE,"High outlier: ₹13748 > upper fence ₹10387 (Q3: ₹8072, IQR: ₹1543)",09:30,FALSE
fare_DEL-BOM_AI_2026-09-10_T+15_1788701811770_594h,DEL-BOM,EaseMyTrip,AI,AI-2909,2026-09-10,T+15,11273,2475,13748,2026-08-26T00:56:48.985Z,TRUE,"High outlier: ₹13748 > upper fence ₹10387 (Q3: ₹8072, IQR: ₹1543)",22:30,FALSE
fare_DEL-BOM_AI_2026-09-10_T+15_1788701811770_u4sp,DEL-BOM,EaseMyTrip,AI,AI-817,2026-09-10,T+15,11463,2516,13979,2026-08-26T00:56:48.985Z,TRUE,"High outlier: ₹13979 > upper fence ₹10387 (Q3: ₹8072, IQR: ₹1543)",05:55,FALSE
fare_DEL-BOM_6E_2026-09-10_T+15_1788701811770_zejr,DEL-BOM,EaseMyTrip,6E,6E-5014,2026-09-10,T+15,11321,2485,13806,2026-08-26T00:56:48.985Z,TRUE,"High outlier: ₹13806 > upper fence ₹10387 (Q3: ₹8072, IQR: ₹1543)",18:30,FALSE
fare_DEL-BOM_IX_2026-09-10_T+15_1788701811770_iloi,DEL-BOM,EaseMyTrip,IX,IX-1108,2026-09-10,T+15,11560,2537,14097,2026-08-26T00:56:48.985Z,TRUE,"High outlier: ₹14097 > upper fence ₹10387 (Q3: ₹8072, IQR: ₹1543)",05:00,FALSE
fare_DEL-BOM_AI_2026-09-10_T+15_1788701811770_fvg2,DEL-BOM,EaseMyTrip,AI,AI-2509,2026-09-10,T+15,11694,2567,14261,2026-08-26T00:56:48.985Z,TRUE,"High outlier: ₹14261 > upper fence ₹10387 (Q3: ₹8072, IQR: ₹1543)",07:00,FALSE
fare_DEL-BOM_AI_2026-09-10_T+15_1788701811770_rvc3,DEL-BOM,EaseMyTrip,AI,AI-1743,2026-09-10,T+15,13065,2868,15933,2026-08-26T00:56:48.985Z,TRUE,"High outlier: ₹15933 > upper fence ₹10387 (Q3: ₹8072, IQR: ₹1543)",06:15,FALSE
fare_DEL-BOM_IX_2026-09-10_T+15_1788701811770_77k1,DEL-BOM,EaseMyTrip,IX,IX-1003,2026-09-10,T+15,13618,2989,16607,2026-08-26T00:56:48.985Z,TRUE,"High outlier: ₹16607 > upper fence ₹10387 (Q3: ₹8072, IQR: ₹1543)",19:10,FALSE
fare_DEL-BOM_AI_2026-09-10_T+15_1788701811770_29vc,DEL-BOM,EaseMyTrip,AI,AI-2907,2026-09-10,T+15,13927,3057,16984,2026-08-26T00:56:48.985Z,TRUE,"High outlier: ₹16984 > upper fence ₹10387 (Q3: ₹8072, IQR: ₹1543)",12:00,FALSE
fare_DEL-BOM_AI_2026-09-10_T+15_1788701811770_t3go,DEL-BOM,EaseMyTrip,AI,AI-491,2026-09-10,T+15,14497,3182,17679,2026-08-26T00:56:48.985Z,TRUE,"High outlier: ₹17679 > upper fence ₹10387 (Q3: ₹8072, IQR: ₹1543)",11:15,FALSE
fare_DEL-BOM_AI_2026-09-10_T+15_1788701811770_qdz2,DEL-BOM,EaseMyTrip,AI,AI-2465,2026-09-10,T+15,14880,3266,18146,2026-08-26T00:56:48.985Z,TRUE,"High outlier: ₹18146 > upper fence ₹10387 (Q3: ₹8072, IQR: ₹1543)",14:30,FALSE
fare_DEL-BOM_AI_2026-09-10_T+15_1788701811770_u408,DEL-BOM,EaseMyTrip,AI,AI-9584,2026-09-10,T+15,15190,3334,18524,2026-08-26T00:56:48.985Z,TRUE,"High outlier: ₹18524 > upper fence ₹10387 (Q3: ₹8072, IQR: ₹1543)",11:15,FALSE
fare_DEL-BOM_IX_2026-09-10_T+15_1788701811770_5c2n,DEL-BOM,EaseMyTrip,IX,IX-1068,2026-09-10,T+15,16128,3540,19668,2026-08-26T00:56:48.985Z,TRUE,"High outlier: ₹19668 > upper fence ₹10387 (Q3: ₹8072, IQR: ₹1543)",11:55,FALSE
fare_DEL-BOM_AI_2026-09-10_T+15_1788701811770_37lj,DEL-BOM,EaseMyTrip,AI,AI-2803,2026-09-10,T+15,16370,3593,19963,2026-08-26T00:56:48.985Z,TRUE,"High outlier: ₹19963 > upper fence ₹10387 (Q3: ₹8072, IQR: ₹1543)",06:30,FALSE
fare_DEL-BOM_AI_2026-09-10_T+15_1788701811770_igdk,DEL-BOM,EaseMyTrip,AI,AI-1739,2026-09-10,T+15,17408,3821,21229,2026-08-26T00:56:48.985Z,TRUE,"High outlier: ₹21229 > upper fence ₹10387 (Q3: ₹8072, IQR: ₹1543)",11:30,FALSE
fare_DEL-BOM_AI_2026-09-10_T+15_1788701811770_ranb,DEL-BOM,EaseMyTrip,AI,AI-2525,2026-09-10,T+15,19433,4266,23699,2026-08-26T00:56:48.985Z,TRUE,"High outlier: ₹23699 > upper fence ₹10387 (Q3: ₹8072, IQR: ₹1543)",06:00,FALSE
fare_DEL-BOM_AI_2026-09-10_T+15_1788701811770_ldwr,DEL-BOM,EaseMyTrip,AI,AI-2627,2026-09-10,T+15,27957,6137,34094,2026-08-26T00:56:48.985Z,TRUE,"High outlier: ₹34094 > upper fence ₹10387 (Q3: ₹8072, IQR: ₹1543)",10:45,FALSE
fare_DEL-BOM_IX_2026-08-27_T+1_1788701811771_tz9w,DEL-BOM,EaseMyTrip,IX,IX-1605,2026-08-27,T+1,5354,1175,6529,2026-08-26T00:56:36.576Z,FALSE,"",06:00,TRUE
fare_DEL-BOM_IX_2026-08-27_T+1_1788701811771_8c8u,DEL-BOM,EaseMyTrip,IX,IX-1056,2026-08-27,T+1,5483,1204,6687,2026-08-26T00:56:36.576Z,FALSE,"",17:50,TRUE
fare_DEL-BOM_6E_2026-08-27_T+1_1788701811771_xkkm,DEL-BOM,EaseMyTrip,6E,6E-5096,2026-08-27,T+1,5282,1160,6442,2026-08-26T00:56:36.576Z,FALSE,"",17:00,TRUE
fare_DEL-BOM_6E_2026-08-27_T+1_1788701811771_yf1x,DEL-BOM,EaseMyTrip,6E,6E-6470,2026-08-27,T+1,5354,1175,6529,2026-08-26T00:56:36.576Z,FALSE,"",06:55,TRUE
fare_DEL-BOM_QP_2026-08-27_T+1_1788701811771_j741,DEL-BOM,EaseMyTrip,QP,QP-1110,2026-08-27,T+1,5355,1175,6530,2026-08-26T00:56:36.576Z,FALSE,"",10:30,TRUE
fare_DEL-BOM_QP_2026-08-27_T+1_1788701811771_7kd4,DEL-BOM,EaseMyTrip,QP,QP-1833,2026-08-27,T+1,5355,1175,6530,2026-08-26T00:56:36.576Z,FALSE,"",06:50,TRUE
fare_DEL-BOM_QP_2026-08-27_T+1_1788701811771_zco5,DEL-BOM,EaseMyTrip,QP,QP-1119,2026-08-27,T+1,5355,1175,6530,2026-08-26T00:56:36.576Z,FALSE,"",08:40,TRUE
fare_DEL-BOM_QP_2026-08-27_T+1_1788701811771_giie,DEL-BOM,EaseMyTrip,QP,QP-1128,2026-08-27,T+1,5355,1175,6530,2026-08-26T00:56:36.576Z,FALSE,"",16:00,TRUE
fare_DEL-BOM_QP_2026-08-27_T+1_1788701811771_d12k,DEL-BOM,EaseMyTrip,QP,QP-1112,2026-08-27,T+1,5355,1175,6530,2026-08-26T00:56:36.576Z,FALSE,"",09:20,TRUE
fare_DEL-BOM_QP_2026-08-27_T+1_1788701811771_anbv,DEL-BOM,EaseMyTrip,QP,QP-1836,2026-08-27,T+1,5355,1175,6530,2026-08-26T00:56:36.576Z,FALSE,"",12:05,TRUE
fare_DEL-BOM_6E_2026-08-27_T+1_1788701811771_sr75,DEL-BOM,EaseMyTrip,6E,6E-504,2026-08-27,T+1,5355,1175,6530,2026-08-26T00:56:36.576Z,FALSE,"",05:00,TRUE
fare_DEL-BOM_6E_2026-08-27_T+1_1788701811771_9ulp,DEL-BOM,EaseMyTrip,6E,6E-997,2026-08-27,T+1,5355,1175,6530,2026-08-26T00:56:36.576Z,FALSE,"",05:00,TRUE
fare_DEL-BOM_6E_2026-08-27_T+1_1788701811771_ji3a,DEL-BOM,EaseMyTrip,6E,6E-794,2026-08-27,T+1,5355,1175,6530,2026-08-26T00:56:36.576Z,FALSE,"",23:30,TRUE
fare_DEL-BOM_6E_2026-08-27_T+1_1788701811771_qiec,DEL-BOM,EaseMyTrip,6E,6E-514,2026-08-27,T+1,5355,1175,6530,2026-08-26T00:56:36.576Z,FALSE,"",23:30,TRUE
fare_DEL-BOM_6E_2026-08-27_T+1_1788701811771_thts,DEL-BOM,EaseMyTrip,6E,6E-399,2026-08-27,T+1,5355,1175,6530,2026-08-26T00:56:36.576Z,FALSE,"",16:15,TRUE
fare_DEL-BOM_6E_2026-08-27_T+1_1788701811771_6lmj,DEL-BOM,EaseMyTrip,6E,6E-324,2026-08-27,T+1,5355,1175,6530,2026-08-26T00:56:36.576Z,FALSE,"",16:15,TRUE
fare_DEL-BOM_6E_2026-08-27_T+1_1788701811771_nxp4,DEL-BOM,EaseMyTrip,6E,6E-223,2026-08-27,T+1,5355,1175,6530,2026-08-26T00:56:36.576Z,FALSE,"",15:30,TRUE
fare_DEL-BOM_6E_2026-08-27_T+1_1788701811771_mvg8,DEL-BOM,EaseMyTrip,6E,6E-829,2026-08-27,T+1,5355,1175,6530,2026-08-26T00:56:36.576Z,FALSE,"",15:30,TRUE
fare_DEL-BOM_6E_2026-08-27_T+1_1788701811771_150o,DEL-BOM,EaseMyTrip,6E,6E-6022,2026-08-27,T+1,5355,1175,6530,2026-08-26T00:56:36.576Z,FALSE,"",14:00,TRUE
fare_DEL-BOM_6E_2026-08-27_T+1_1788701811771_w8ya,DEL-BOM,EaseMyTrip,6E,6E-6318,2026-08-27,T+1,5355,1175,6530,2026-08-26T00:56:36.576Z,FALSE,"",14:45,TRUE
fare_DEL-BOM_6E_2026-08-27_T+1_1788701811771_63ny,DEL-BOM,EaseMyTrip,6E,6E-6218,2026-08-27,T+1,5355,1175,6530,2026-08-26T00:56:36.576Z,FALSE,"",06:05,TRUE
fare_DEL-BOM_6E_2026-08-27_T+1_1788701811771_mun9,DEL-BOM,EaseMyTrip,6E,6E-500,2026-08-27,T+1,5355,1175,6530,2026-08-26T00:56:36.576Z,FALSE,"",08:00,TRUE
fare_DEL-BOM_6E_2026-08-27_T+1_1788701811771_x8ms,DEL-BOM,EaseMyTrip,6E,6E-950,2026-08-27,T+1,5355,1175,6530,2026-08-26T00:56:36.576Z,FALSE,"",08:00,TRUE
fare_DEL-BOM_6E_2026-08-27_T+1_1788701811771_3vr5,DEL-BOM,EaseMyTrip,6E,6E-650,2026-08-27,T+1,5355,1175,6530,2026-08-26T00:56:36.576Z,FALSE,"",08:45,TRUE
fare_DEL-BOM_6E_2026-08-27_T+1_1788701811771_0dz9,DEL-BOM,EaseMyTrip,6E,6E-203,2026-08-27,T+1,5355,1175,6530,2026-08-26T00:56:36.576Z,FALSE,"",08:45,TRUE
fare_DEL-BOM_6E_2026-08-27_T+1_1788701811771_brjh,DEL-BOM,EaseMyTrip,6E,6E-6814,2026-08-27,T+1,5355,1175,6530,2026-08-26T00:56:36.576Z,FALSE,"",07:15,TRUE
fare_DEL-BOM_6E_2026-08-27_T+1_1788701811771_4j17,DEL-BOM,EaseMyTrip,6E,6E-6328,2026-08-27,T+1,5355,1175,6530,2026-08-26T00:56:36.576Z,FALSE,"",10:15,TRUE
fare_DEL-BOM_6E_2026-08-27_T+1_1788701811771_lsm0,DEL-BOM,EaseMyTrip,6E,6E-6047,2026-08-27,T+1,5355,1175,6530,2026-08-26T00:56:36.576Z,FALSE,"",11:00,TRUE
fare_DEL-BOM_6E_2026-08-27_T+1_1788701811771_od70,DEL-BOM,EaseMyTrip,6E,6E-6676,2026-08-27,T+1,5355,1175,6530,2026-08-26T00:56:36.576Z,FALSE,"",12:00,TRUE
fare_DEL-BOM_6E_2026-08-27_T+1_1788701811771_bunk,DEL-BOM,EaseMyTrip,6E,6E-967,2026-08-27,T+1,5355,1175,6530,2026-08-26T00:56:36.576Z,FALSE,"",13:00,TRUE
fare_DEL-BOM_6E_2026-08-27_T+1_1788701811771_fbdl,DEL-BOM,EaseMyTrip,6E,6E-141,2026-08-27,T+1,5355,1175,6530,2026-08-26T00:56:36.576Z,FALSE,"",13:00,TRUE
fare_DEL-BOM_6E_2026-08-27_T+1_1788701811771_ygox,DEL-BOM,EaseMyTrip,6E,6E-6107,2026-08-27,T+1,5355,1175,6530,2026-08-26T00:56:36.576Z,FALSE,"",09:30,TRUE
fare_DEL-BOM_QP_2026-08-27_T+1_1788701811771_7de7,DEL-BOM,EaseMyTrip,QP,QP-1940,2026-08-27,T+1,5427,1191,6618,2026-08-26T00:56:36.576Z,FALSE,"",14:10,TRUE
fare_DEL-BOM_QP_2026-08-27_T+1_1788701811771_g852,DEL-BOM,EaseMyTrip,QP,QP-1942,2026-08-27,T+1,5427,1191,6618,2026-08-26T00:56:36.576Z,FALSE,"",21:05,TRUE
fare_DEL-BOM_6E_2026-08-27_T+1_1788701811771_s7cv,DEL-BOM,EaseMyTrip,6E,6E-5198,2026-08-27,T+1,5427,1191,6618,2026-08-26T00:56:36.576Z,FALSE,"",15:00,TRUE
fare_DEL-BOM_6E_2026-08-27_T+1_1788701811771_mt2g,DEL-BOM,EaseMyTrip,6E,6E-6114,2026-08-27,T+1,5484,1204,6688,2026-08-26T00:56:36.576Z,FALSE,"",22:45,TRUE
fare_DEL-BOM_AI_2026-08-27_T+1_1788701811771_cxin,DEL-BOM,EaseMyTrip,AI,AI-2678,2026-08-27,T+1,5740,1260,7000,2026-08-26T00:56:36.576Z,FALSE,"",08:30,TRUE
fare_DEL-BOM_AI_2026-08-27_T+1_1788701811771_ge68,DEL-BOM,EaseMyTrip,AI,AI-2963,2026-08-27,T+1,5740,1260,7000,2026-08-26T00:56:36.576Z,FALSE,"",09:00,TRUE
fare_DEL-BOM_AI_2026-08-27_T+1_1788701811771_tao8,DEL-BOM,EaseMyTrip,AI,AI-2975,2026-08-27,T+1,5740,1260,7000,2026-08-26T00:56:36.576Z,FALSE,"",06:30,TRUE
fare_DEL-BOM_AI_2026-08-27_T+1_1788701811771_2mk7,DEL-BOM,EaseMyTrip,AI,AI-2425,2026-08-27,T+1,5740,1260,7000,2026-08-26T00:56:36.576Z,FALSE,"",10:30,TRUE
fare_DEL-BOM_AI_2026-08-27_T+1_1788701811771_z4v3,DEL-BOM,EaseMyTrip,AI,AI-2941,2026-08-27,T+1,5740,1260,7000,2026-08-26T00:56:36.576Z,FALSE,"",16:30,TRUE
fare_DEL-BOM_AI_2026-08-27_T+1_1788701811771_01t8,DEL-BOM,EaseMyTrip,AI,AI-1745,2026-08-27,T+1,5740,1260,7000,2026-08-26T00:56:36.576Z,FALSE,"",05:30,TRUE
fare_DEL-BOM_AI_2026-08-27_T+1_1788701811771_esws,DEL-BOM,EaseMyTrip,AI,AI-2429,2026-08-27,T+1,5740,1260,7000,2026-08-26T00:56:36.576Z,FALSE,"",07:00,TRUE
fare_DEL-BOM_AI_2026-08-27_T+1_1788701811771_1tmj,DEL-BOM,EaseMyTrip,AI,AI-2943,2026-08-27,T+1,5740,1260,7000,2026-08-26T00:56:36.576Z,FALSE,"",07:30,TRUE
fare_DEL-BOM_AI_2026-08-27_T+1_1788701811771_l3dh,DEL-BOM,EaseMyTrip,AI,AI-2945,2026-08-27,T+1,5740,1260,7000,2026-08-26T00:56:36.576Z,FALSE,"",11:00,TRUE
fare_DEL-BOM_AI_2026-08-27_T+1_1788701811771_i6gh,DEL-BOM,EaseMyTrip,AI,AI-1785,2026-08-27,T+1,5740,1260,7000,2026-08-26T00:56:36.576Z,FALSE,"",12:00,TRUE
fare_DEL-BOM_AI_2026-08-27_T+1_1788701811771_4hmo,DEL-BOM,EaseMyTrip,AI,AI-1777,2026-08-27,T+1,5740,1260,7000,2026-08-26T00:56:36.576Z,FALSE,"",16:00,TRUE
fare_DEL-BOM_AI_2026-08-27_T+1_1788701811771_be9y,DEL-BOM,EaseMyTrip,AI,AI-441,2026-08-27,T+1,5740,1260,7000,2026-08-26T00:56:36.576Z,FALSE,"",17:00,TRUE
fare_DEL-BOM_AI_2026-08-27_T+1_1788701811771_uw0y,DEL-BOM,EaseMyTrip,AI,AI-2751,2026-08-27,T+1,5740,1260,7000,2026-08-26T00:56:36.576Z,FALSE,"",17:30,TRUE
fare_DEL-BOM_AI_2026-08-27_T+1_1788701811771_izhk,DEL-BOM,EaseMyTrip,AI,AI-2955,2026-08-27,T+1,5740,1260,7000,2026-08-26T00:56:36.576Z,FALSE,"",18:00,TRUE
fare_DEL-BOM_AI_2026-08-27_T+1_1788701811771_f4iw,DEL-BOM,EaseMyTrip,AI,AI-2999,2026-08-27,T+1,5740,1260,7000,2026-08-26T00:56:36.576Z,FALSE,"",22:00,TRUE
fare_DEL-BOM_AI_2026-08-27_T+1_1788701811771_83iq,DEL-BOM,EaseMyTrip,AI,AI-2437,2026-08-27,T+1,5740,1260,7000,2026-08-26T00:56:36.576Z,FALSE,"",22:30,TRUE
fare_DEL-BOM_AI_2026-08-27_T+1_1788701811771_rlng,DEL-BOM,EaseMyTrip,AI,AI-2439,2026-08-27,T+1,5740,1260,7000,2026-08-26T00:56:36.576Z,FALSE,"",23:00,TRUE
fare_DEL-BOM_AI_2026-08-27_T+1_1788701811771_4xsz,DEL-BOM,EaseMyTrip,AI,AI-2615,2026-08-27,T+1,5740,1260,7000,2026-08-26T00:56:36.576Z,FALSE,"",02:45,TRUE
fare_DEL-BOM_AI_2026-08-27_T+1_1788701811771_yhff,DEL-BOM,EaseMyTrip,AI,AI-2927,2026-08-27,T+1,5740,1260,7000,2026-08-26T00:56:36.576Z,FALSE,"",09:30,TRUE
fare_DEL-BOM_6E_2026-08-27_T+1_1788701811771_82aw,DEL-BOM,EaseMyTrip,6E,6E-6706,2026-08-27,T+1,5656,1242,6898,2026-08-26T00:56:36.576Z,FALSE,"",17:00,TRUE
fare_DEL-BOM_AI_2026-08-27_T+1_1788701811771_jhno,DEL-BOM,EaseMyTrip,AI,AI-2933,2026-08-27,T+1,5870,1289,7159,2026-08-26T00:56:36.576Z,FALSE,"",15:30,TRUE
fare_DEL-BOM_AI_2026-08-27_T+1_1788701811771_s52d,DEL-BOM,EaseMyTrip,AI,AI-2441,2026-08-27,T+1,5870,1289,7159,2026-08-26T00:56:36.576Z,FALSE,"",18:25,TRUE
fare_DEL-BOM_AI_2026-08-27_T+1_1788701811771_7dc8,DEL-BOM,EaseMyTrip,AI,AI-1780,2026-08-27,T+1,5870,1289,7159,2026-08-26T00:56:36.576Z,FALSE,"",14:30,TRUE
fare_DEL-BOM_QP_2026-08-27_T+1_1788701811771_vu5u,DEL-BOM,EaseMyTrip,QP,QP-1820,2026-08-27,T+1,5756,1263,7019,2026-08-26T00:56:36.576Z,FALSE,"",17:30,TRUE
fare_DEL-BOM_6E_2026-08-27_T+1_1788701811771_py6x,DEL-BOM,EaseMyTrip,6E,6E-558,2026-08-27,T+1,5871,1289,7160,2026-08-26T00:56:36.576Z,FALSE,"",21:45,TRUE
fare_DEL-BOM_6E_2026-08-27_T+1_1788701811771_gvsk,DEL-BOM,EaseMyTrip,6E,6E-6171,2026-08-27,T+1,5963,1309,7272,2026-08-26T00:56:36.576Z,FALSE,"",05:40,FALSE
fare_DEL-BOM_QP_2026-08-27_T+1_1788701811771_ok8h,DEL-BOM,EaseMyTrip,QP,QP-1826,2026-08-27,T+1,5968,1310,7278,2026-08-26T00:56:36.576Z,FALSE,"",19:55,TRUE
fare_DEL-BOM_6E_2026-08-27_T+1_1788701811771_76fl,DEL-BOM,EaseMyTrip,6E,6E-6490,2026-08-27,T+1,6027,1323,7350,2026-08-26T00:56:36.576Z,FALSE,"",04:55,FALSE
fare_DEL-BOM_6E_2026-08-27_T+1_1788701811771_t9w4,DEL-BOM,EaseMyTrip,6E,6E-6443,2026-08-27,T+1,6070,1333,7403,2026-08-26T00:56:36.576Z,FALSE,"",09:00,FALSE
fare_DEL-BOM_6E_2026-08-27_T+1_1788701811771_dhc5,DEL-BOM,EaseMyTrip,6E,6E-5298,2026-08-27,T+1,6135,1347,7482,2026-08-26T00:56:36.576Z,FALSE,"",09:00,FALSE
fare_DEL-BOM_6E_2026-08-27_T+1_1788701811771_cbs8,DEL-BOM,EaseMyTrip,6E,6E-5038,2026-08-27,T+1,6135,1347,7482,2026-08-26T00:56:36.576Z,FALSE,"",14:00,FALSE
fare_DEL-BOM_6E_2026-08-27_T+1_1788701811771_5y8v,DEL-BOM,EaseMyTrip,6E,6E-6050,2026-08-27,T+1,6135,1347,7482,2026-08-26T00:56:36.576Z,FALSE,"",08:15,FALSE
fare_DEL-BOM_6E_2026-08-27_T+1_1788701811771_0p9e,DEL-BOM,EaseMyTrip,6E,6E-787,2026-08-27,T+1,6243,1370,7613,2026-08-26T00:56:36.576Z,FALSE,"",02:25,FALSE
fare_DEL-BOM_6E_2026-08-27_T+1_1788701811771_ct9r,DEL-BOM,EaseMyTrip,6E,6E-581,2026-08-27,T+1,6243,1370,7613,2026-08-26T00:56:36.576Z,FALSE,"",02:25,FALSE
fare_DEL-BOM_6E_2026-08-27_T+1_1788701811771_p0ia,DEL-BOM,EaseMyTrip,6E,6E-970,2026-08-27,T+1,6243,1370,7613,2026-08-26T00:56:36.576Z,FALSE,"",08:30,FALSE
fare_DEL-BOM_6E_2026-08-27_T+1_1788701811771_bcyu,DEL-BOM,EaseMyTrip,6E,6E-767,2026-08-27,T+1,6243,1370,7613,2026-08-26T00:56:36.576Z,FALSE,"",08:30,FALSE
fare_DEL-BOM_6E_2026-08-27_T+1_1788701811771_hiwq,DEL-BOM,EaseMyTrip,6E,6E-153,2026-08-27,T+1,6243,1370,7613,2026-08-26T00:56:36.576Z,FALSE,"",23:15,FALSE
fare_DEL-BOM_6E_2026-08-27_T+1_1788701811771_i7ke,DEL-BOM,EaseMyTrip,6E,6E-593,2026-08-27,T+1,6243,1370,7613,2026-08-26T00:56:36.576Z,FALSE,"",23:15,FALSE
fare_DEL-BOM_6E_2026-08-27_T+1_1788701811771_gtf1,DEL-BOM,EaseMyTrip,6E,6E-6293,2026-08-27,T+1,6243,1370,7613,2026-08-26T00:56:36.576Z,FALSE,"",09:55,FALSE
fare_DEL-BOM_AI_2026-08-27_T+1_1788701811771_0tf2,DEL-BOM,EaseMyTrip,AI,AI-2433,2026-08-27,T+1,6414,1408,7822,2026-08-26T00:56:36.576Z,FALSE,"",21:30,TRUE
fare_DEL-BOM_6E_2026-08-27_T+1_1788701811771_fs72,DEL-BOM,EaseMyTrip,6E,6E-371,2026-08-27,T+1,6307,1385,7692,2026-08-26T00:56:36.576Z,FALSE,"",19:30,FALSE
fare_DEL-BOM_6E_2026-08-27_T+1_1788701811771_jdoc,DEL-BOM,EaseMyTrip,6E,6E-709,2026-08-27,T+1,6307,1385,7692,2026-08-26T00:56:36.576Z,FALSE,"",19:30,FALSE
fare_DEL-BOM_6E_2026-08-27_T+1_1788701811771_wbyh,DEL-BOM,EaseMyTrip,6E,6E-665,2026-08-27,T+1,6307,1385,7692,2026-08-26T00:56:36.576Z,FALSE,"",12:15,FALSE
fare_DEL-BOM_6E_2026-08-27_T+1_1788701811771_igt0,DEL-BOM,EaseMyTrip,6E,6E-768,2026-08-27,T+1,6307,1385,7692,2026-08-26T00:56:36.576Z,FALSE,"",12:15,FALSE
fare_DEL-BOM_6E_2026-08-27_T+1_1788701811771_texq,DEL-BOM,EaseMyTrip,6E,6E-706,2026-08-27,T+1,6388,1402,7790,2026-08-26T00:56:36.576Z,FALSE,"",20:00,TRUE
fare_DEL-BOM_6E_2026-08-27_T+1_1788701811771_lohc,DEL-BOM,EaseMyTrip,6E,6E-351,2026-08-27,T+1,6388,1402,7790,2026-08-26T00:56:36.576Z,FALSE,"",20:00,TRUE
fare_DEL-BOM_6E_2026-08-27_T+1_1788701811771_0pn8,DEL-BOM,EaseMyTrip,6E,6E-5138,2026-08-27,T+1,6553,1438,7991,2026-08-26T00:56:36.576Z,FALSE,"",19:10,FALSE
fare_DEL-BOM_6E_2026-08-27_T+1_1788701811771_lnvs,DEL-BOM,EaseMyTrip,6E,6E-2169,2026-08-27,T+1,6553,1438,7991,2026-08-26T00:56:36.576Z,FALSE,"",19:40,FALSE
fare_DEL-BOM_IX_2026-08-27_T+1_1788701811771_1mqb,DEL-BOM,EaseMyTrip,IX,IX-1395,2026-08-27,T+1,6884,1511,8395,2026-08-26T00:56:36.576Z,FALSE,"",19:15,TRUE
fare_DEL-BOM_AI_2026-08-27_T+1_1788701811771_wihh,DEL-BOM,EaseMyTrip,AI,AI-2981,2026-08-27,T+1,6836,1500,8336,2026-08-26T00:56:36.576Z,FALSE,"",21:00,TRUE
fare_DEL-BOM_6E_2026-08-27_T+1_1788701811771_4noa,DEL-BOM,EaseMyTrip,6E,6E-778,2026-08-27,T+1,6690,1468,8158,2026-08-26T00:56:36.576Z,FALSE,"",19:00,TRUE
fare_DEL-BOM_6E_2026-08-27_T+1_1788701811771_idhv,DEL-BOM,EaseMyTrip,6E,6E-350,2026-08-27,T+1,6690,1468,8158,2026-08-26T00:56:36.576Z,FALSE,"",19:00,TRUE
fare_DEL-BOM_6E_2026-08-27_T+1_1788701811771_wiu6,DEL-BOM,EaseMyTrip,6E,6E-6497,2026-08-27,T+1,6725,1476,8201,2026-08-26T00:56:36.576Z,FALSE,"",18:45,FALSE
fare_DEL-BOM_6E_2026-08-27_T+1_1788701811771_q3dn,DEL-BOM,EaseMyTrip,6E,6E-7646,2026-08-27,T+1,6729,1477,8206,2026-08-26T00:56:36.576Z,FALSE,"",06:15,FALSE
fare_DEL-BOM_AI_2026-08-27_T+1_1788701811771_zpgf,DEL-BOM,EaseMyTrip,AI,AI-2805,2026-08-27,T+1,7068,1552,8620,2026-08-26T00:56:36.576Z,FALSE,"",20:00,TRUE
fare_DEL-BOM_AI_2026-08-27_T+1_1788701811771_42v1,DEL-BOM,EaseMyTrip,AI,AI-2977,2026-08-27,T+1,7127,1565,8692,2026-08-26T00:56:36.576Z,FALSE,"",19:00,TRUE
fare_DEL-BOM_6E_2026-08-27_T+1_1788701811771_74sy,DEL-BOM,EaseMyTrip,6E,6E-979,2026-08-27,T+1,7034,1544,8578,2026-08-26T00:56:36.576Z,FALSE,"",18:00,TRUE
fare_DEL-BOM_6E_2026-08-27_T+1_1788701811771_gy5m,DEL-BOM,EaseMyTrip,6E,6E-136,2026-08-27,T+1,7034,1544,8578,2026-08-26T00:56:36.576Z,FALSE,"",18:00,TRUE
fare_DEL-BOM_6E_2026-08-27_T+1_1788701811771_ayhv,DEL-BOM,EaseMyTrip,6E,6E-6312,2026-08-27,T+1,7084,1555,8639,2026-08-26T00:56:36.576Z,FALSE,"",14:25,FALSE
fare_DEL-BOM_6E_2026-08-27_T+1_1788701811771_et91,DEL-BOM,EaseMyTrip,6E,6E-6459,2026-08-27,T+1,7084,1555,8639,2026-08-26T00:56:36.576Z,FALSE,"",05:55,FALSE
fare_DEL-BOM_6E_2026-08-27_T+1_1788701811771_q9qj,DEL-BOM,EaseMyTrip,6E,6E-6488,2026-08-27,T+1,7084,1555,8639,2026-08-26T00:56:36.576Z,FALSE,"",11:20,FALSE
fare_DEL-BOM_6E_2026-08-27_T+1_1788701811771_p5f5,DEL-BOM,EaseMyTrip,6E,6E-6479,2026-08-27,T+1,7148,1569,8717,2026-08-26T00:56:36.576Z,FALSE,"",21:25,FALSE
fare_DEL-BOM_AI_2026-08-27_T+1_1788701811771_f9uq,DEL-BOM,EaseMyTrip,AI,AI-2957,2026-08-27,T+1,7534,1654,9188,2026-08-26T00:56:36.576Z,FALSE,"",20:30,TRUE
fare_DEL-BOM_6E_2026-08-27_T+1_1788701811771_m6v9,DEL-BOM,EaseMyTrip,6E,6E-6190,2026-08-27,T+1,7440,1633,9073,2026-08-26T00:56:36.576Z,FALSE,"",07:40,FALSE
fare_DEL-BOM_IX_2026-08-27_T+1_1788701811771_p4ae,DEL-BOM,EaseMyTrip,IX,IX-1038,2026-08-27,T+1,7856,1725,9581,2026-08-26T00:56:36.576Z,FALSE,"",18:40,TRUE
fare_DEL-BOM_IX_2026-08-27_T+1_1788701811771_rw30,DEL-BOM,EaseMyTrip,IX,IX-2820,2026-08-27,T+1,7875,1729,9604,2026-08-26T00:56:36.576Z,FALSE,"",21:00,FALSE
fare_DEL-BOM_AI_2026-08-27_T+1_1788701811771_wkvb,DEL-BOM,EaseMyTrip,AI,AI-2985,2026-08-27,T+1,7862,1726,9588,2026-08-26T00:56:36.576Z,FALSE,"",19:30,TRUE
fare_DEL-BOM_6E_2026-08-27_T+1_1788701811771_60jh,DEL-BOM,EaseMyTrip,6E,6E-543,2026-08-27,T+1,7765,1704,9469,2026-08-26T00:56:36.576Z,FALSE,"",20:20,TRUE
fare_DEL-BOM_6E_2026-08-27_T+1_1788701811771_jluf,DEL-BOM,EaseMyTrip,6E,6E-151,2026-08-27,T+1,7765,1704,9469,2026-08-26T00:56:36.576Z,FALSE,"",20:20,TRUE
fare_DEL-BOM_6E_2026-08-27_T+1_1788701811771_37op,DEL-BOM,EaseMyTrip,6E,6E-2496,2026-08-27,T+1,8097,1778,9875,2026-08-26T00:56:36.576Z,FALSE,"",12:40,FALSE
fare_DEL-BOM_6E_2026-08-27_T+1_1788701811771_dt1o,DEL-BOM,EaseMyTrip,6E,6E-236,2026-08-27,T+1,8584,1884,10468,2026-08-26T00:56:36.576Z,FALSE,"",20:45,TRUE
fare_DEL-BOM_6E_2026-08-27_T+1_1788701811771_fuf6,DEL-BOM,EaseMyTrip,6E,6E-213,2026-08-27,T+1,8584,1884,10468,2026-08-26T00:56:36.576Z,FALSE,"",20:45,TRUE
fare_DEL-BOM_6E_2026-08-27_T+1_1788701811771_7io3,DEL-BOM,EaseMyTrip,6E,6E-2571,2026-08-27,T+1,8646,1898,10544,2026-08-26T00:56:36.576Z,FALSE,"",12:30,FALSE
fare_DEL-BOM_IX_2026-08-27_T+1_1788701811771_x4gl,DEL-BOM,EaseMyTrip,IX,IX-1108,2026-08-27,T+1,9329,2048,11377,2026-08-26T00:56:36.576Z,FALSE,"",05:00,FALSE
fare_DEL-BOM_AI_2026-08-27_T+1_1788701811771_pl66,DEL-BOM,EaseMyTrip,AI,AI-9920,2026-08-27,T+1,9329,2048,11377,2026-08-26T00:56:36.576Z,FALSE,"",10:30,FALSE
fare_DEL-BOM_IX_2026-08-27_T+1_1788701811771_wquj,DEL-BOM,EaseMyTrip,IX,IX-1789,2026-08-27,T+1,9429,2070,11499,2026-08-26T00:56:36.576Z,FALSE,"",10:40,FALSE
fare_DEL-BOM_6E_2026-08-27_T+1_1788701811771_2t6o,DEL-BOM,EaseMyTrip,6E,6E-6261,2026-08-27,T+1,9638,2116,11754,2026-08-26T00:56:36.576Z,FALSE,"",00:15,FALSE
fare_DEL-BOM_AI_2026-08-27_T+1_1788701811771_y4r0,DEL-BOM,EaseMyTrip,AI,AI-9540,2026-08-27,T+1,9909,2175,12084,2026-08-26T00:56:36.576Z,FALSE,"",05:00,FALSE
fare_DEL-BOM_6E_2026-08-27_T+1_1788701811771_ua9l,DEL-BOM,EaseMyTrip,6E,6E-6433,2026-08-27,T+1,9788,2149,11937,2026-08-26T00:56:36.576Z,FALSE,"",16:30,FALSE
fare_DEL-BOM_IX_2026-08-27_T+1_1788701811771_g9am,DEL-BOM,EaseMyTrip,IX,IX-1068,2026-08-27,T+1,10871,2386,13257,2026-08-26T00:56:36.576Z,FALSE,"",12:00,FALSE
fare_DEL-BOM_6E_2026-08-27_T+1_1788701811771_5r6k,DEL-BOM,EaseMyTrip,6E,6E-6983,2026-08-27,T+1,10830,2377,13207,2026-08-26T00:56:36.576Z,FALSE,"",15:35,FALSE
fare_DEL-BOM_AI_2026-08-27_T+1_1788701811771_pgk4,DEL-BOM,EaseMyTrip,AI,AI-9418,2026-08-27,T+1,11403,2503,13906,2026-08-26T00:56:36.576Z,FALSE,"",13:10,FALSE
fare_DEL-BOM_IX_2026-08-27_T+1_1788701811771_whgu,DEL-BOM,EaseMyTrip,IX,IX-2146,2026-08-27,T+1,12131,2663,14794,2026-08-26T00:56:36.576Z,FALSE,"",06:20,FALSE
fare_DEL-BOM_6E_2026-08-27_T+1_1788701811771_p77g,DEL-BOM,EaseMyTrip,6E,6E-6829,2026-08-27,T+1,12174,2672,14846,2026-08-26T00:56:36.576Z,FALSE,"",17:20,FALSE
fare_DEL-BOM_IX_2026-08-27_T+1_1788701811771_zfmx,DEL-BOM,EaseMyTrip,IX,IX-1057,2026-08-27,T+1,12615,2769,15384,2026-08-26T00:56:36.576Z,FALSE,"",05:25,FALSE
fare_DEL-BOM_IX_2026-08-27_T+1_1788701811771_qb7c,DEL-BOM,EaseMyTrip,IX,IX-1003,2026-08-27,T+1,12671,2782,15453,2026-08-26T00:56:36.576Z,FALSE,"",19:10,FALSE
fare_DEL-BOM_6E_2026-08-27_T+1_1788701811771_segf,DEL-BOM,EaseMyTrip,6E,6E-2249,2026-08-27,T+1,12635,2774,15409,2026-08-26T00:56:36.576Z,FALSE,"",15:00,FALSE
fare_DEL-BOM_AI_2026-08-27_T+1_1788701811771_mngi,DEL-BOM,EaseMyTrip,AI,AI-1743,2026-08-27,T+1,13065,2868,15933,2026-08-26T00:56:36.576Z,FALSE,"",06:50,FALSE
fare_DEL-BOM_AI_2026-08-27_T+1_1788701811771_c1ia,DEL-BOM,EaseMyTrip,AI,AI-2627,2026-08-27,T+1,13166,2890,16056,2026-08-26T00:56:36.576Z,FALSE,"",10:45,FALSE
fare_DEL-BOM_6E_2026-08-27_T+1_1788701811771_h58s,DEL-BOM,EaseMyTrip,6E,6E-5206,2026-08-27,T+1,13018,2857,15875,2026-08-26T00:56:36.576Z,FALSE,"",13:20,FALSE
fare_DEL-BOM_IX_2026-08-27_T+1_1788701811771_wi8l,DEL-BOM,EaseMyTrip,IX,IX-1617,2026-08-27,T+1,13949,3062,17011,2026-08-26T00:56:36.576Z,FALSE,"",11:50,FALSE
fare_DEL-BOM_6E_2026-08-27_T+1_1788701811771_jt9g,DEL-BOM,EaseMyTrip,6E,6E-5119,2026-08-27,T+1,13746,3017,16763,2026-08-26T00:56:36.576Z,FALSE,"",05:10,FALSE
fare_DEL-BOM_6E_2026-08-27_T+1_1788701811771_bnl0,DEL-BOM,EaseMyTrip,6E,6E-2076,2026-08-27,T+1,13746,3017,16763,2026-08-26T00:56:36.576Z,FALSE,"",07:30,FALSE
fare_DEL-BOM_AI_2026-08-27_T+1_1788701811771_074c,DEL-BOM,EaseMyTrip,AI,AI-2907,2026-08-27,T+1,13927,3057,16984,2026-08-26T00:56:36.576Z,FALSE,"",11:55,FALSE
fare_DEL-BOM_6E_2026-08-27_T+1_1788701811771_bgdj,DEL-BOM,EaseMyTrip,6E,6E-2349,2026-08-27,T+1,13794,3028,16822,2026-08-26T00:56:36.576Z,FALSE,"",10:55,FALSE
fare_DEL-BOM_AI_2026-08-27_T+1_1788701811771_d8u6,DEL-BOM,EaseMyTrip,AI,AI-9757,2026-08-27,T+1,14311,3141,17452,2026-08-26T00:56:36.576Z,FALSE,"",11:50,FALSE
fare_DEL-BOM_6E_2026-08-27_T+1_1788701811771_6d2z,DEL-BOM,EaseMyTrip,6E,6E-7642,2026-08-27,T+1,14149,3106,17255,2026-08-26T00:56:36.576Z,FALSE,"",15:45,FALSE
fare_DEL-BOM_AI_2026-08-27_T+1_1788701811771_r1wj,DEL-BOM,EaseMyTrip,AI,AI-491,2026-08-27,T+1,14497,3182,17679,2026-08-26T00:56:36.576Z,FALSE,"",11:15,FALSE
fare_DEL-BOM_AI_2026-08-27_T+1_1788701811771_uvg3,DEL-BOM,EaseMyTrip,AI,AI-1711,2026-08-27,T+1,14497,3182,17679,2026-08-26T00:56:36.576Z,FALSE,"",10:25,FALSE
fare_DEL-BOM_AI_2026-08-27_T+1_1788701811771_ubwl,DEL-BOM,EaseMyTrip,AI,AI-2577,2026-08-27,T+1,14577,3200,17777,2026-08-26T00:56:36.576Z,FALSE,"",02:00,FALSE
fare_DEL-BOM_6E_2026-08-27_T+1_1788701811771_lxjg,DEL-BOM,EaseMyTrip,6E,6E-6601,2026-08-27,T+1,14467,3176,17643,2026-08-26T00:56:36.576Z,FALSE,"",19:45,FALSE
fare_DEL-BOM_AI_2026-08-27_T+1_1788701811771_qo52,DEL-BOM,EaseMyTrip,AI,AI-9584,2026-08-27,T+1,15104,3316,18420,2026-08-26T00:56:36.576Z,FALSE,"",11:20,FALSE
fare_DEL-BOM_6E_2026-08-27_T+1_1788701811771_quu0,DEL-BOM,EaseMyTrip,6E,6E-6282,2026-08-27,T+1,15254,3349,18603,2026-08-26T00:56:36.576Z,FALSE,"",13:30,FALSE
fare_DEL-BOM_AI_2026-08-27_T+1_1788701811771_a2qi,DEL-BOM,EaseMyTrip,AI,AI-1705,2026-08-27,T+1,15909,3492,19401,2026-08-26T00:56:36.576Z,FALSE,"",06:30,FALSE
fare_DEL-BOM_AI_2026-08-27_T+1_1788701811771_lqxv,DEL-BOM,EaseMyTrip,AI,AI-1737,2026-08-27,T+1,16144,3544,19688,2026-08-26T00:56:36.576Z,FALSE,"",11:50,FALSE
fare_DEL-BOM_AI_2026-08-27_T+1_1788701811771_yxmh,DEL-BOM,EaseMyTrip,AI,AI-9722,2026-08-27,T+1,16245,3566,19811,2026-08-26T00:56:36.576Z,FALSE,"",12:00,FALSE
fare_DEL-BOM_AI_2026-08-27_T+1_1788701811771_arhv,DEL-BOM,EaseMyTrip,AI,AI-2417,2026-08-27,T+1,16618,3648,20266,2026-08-26T00:56:36.576Z,FALSE,"",13:00,FALSE
fare_DEL-BOM_AI_2026-08-27_T+1_1788701811771_o5nf,DEL-BOM,EaseMyTrip,AI,AI-423,2026-08-27,T+1,16619,3648,20267,2026-08-26T00:56:36.576Z,FALSE,"",09:50,FALSE
fare_DEL-BOM_IX_2026-08-27_T+1_1788701811771_ijo5,DEL-BOM,EaseMyTrip,IX,IX-1482,2026-08-27,T+1,17123,3759,20882,2026-08-26T00:56:36.576Z,FALSE,"",08:30,FALSE
fare_DEL-BOM_6E_2026-08-27_T+1_1788701811771_k5wd,DEL-BOM,EaseMyTrip,6E,6E-2331,2026-08-27,T+1,16976,3726,20702,2026-08-26T00:56:36.576Z,FALSE,"",12:20,FALSE
fare_DEL-BOM_AI_2026-08-27_T+1_1788701811771_bhpq,DEL-BOM,EaseMyTrip,AI,AI-1739,2026-08-27,T+1,17408,3821,21229,2026-08-26T00:56:36.576Z,FALSE,"",11:30,FALSE
fare_DEL-BOM_6E_2026-08-27_T+1_1788701811771_awrl,DEL-BOM,EaseMyTrip,6E,6E-773,2026-08-27,T+1,17537,3850,21387,2026-08-26T00:56:36.576Z,FALSE,"",17:55,FALSE
fare_DEL-BOM_6E_2026-08-27_T+1_1788701811771_sowm,DEL-BOM,EaseMyTrip,6E,6E-858,2026-08-27,T+1,17537,3850,21387,2026-08-26T00:56:36.576Z,FALSE,"",17:55,FALSE
fare_DEL-BOM_AI_2026-08-27_T+1_1788701811771_boz3,DEL-BOM,EaseMyTrip,AI,AI-2465,2026-08-27,T+1,17792,3905,21697,2026-08-26T00:56:36.576Z,FALSE,"",14:30,FALSE
fare_DEL-BOM_SG_2026-08-27_T+1_1788701811771_47b2,DEL-BOM,EaseMyTrip,SG,SG-451,2026-08-27,T+1,18287,4014,22301,2026-08-26T00:56:36.576Z,FALSE,"",22:30,TRUE
fare_DEL-BOM_SG_2026-08-27_T+1_1788701811771_s787,DEL-BOM,EaseMyTrip,SG,SG-264,2026-08-27,T+1,18287,4014,22301,2026-08-26T00:56:36.576Z,FALSE,"",22:30,TRUE
fare_DEL-BOM_6E_2026-08-27_T+1_1788701811771_yeef,DEL-BOM,EaseMyTrip,6E,6E-2013,2026-08-27,T+1,18612,4085,22697,2026-08-26T00:56:36.576Z,FALSE,"",21:50,FALSE
fare_DEL-BOM_6E_2026-08-27_T+1_1788701811771_cxmo,DEL-BOM,EaseMyTrip,6E,6E-362,2026-08-27,T+1,22818,5009,27827,2026-08-26T00:56:36.576Z,TRUE,"High outlier: ₹27827 > upper fence ₹26953 (Q3: ₹14981, IQR: ₹7981)",19:35,FALSE
fare_DEL-BOM_6E_2026-08-27_T+1_1788701811771_ihac,DEL-BOM,EaseMyTrip,6E,6E-119,2026-08-27,T+1,22818,5009,27827,2026-08-26T00:56:36.576Z,TRUE,"High outlier: ₹27827 > upper fence ₹26953 (Q3: ₹14981, IQR: ₹7981)",19:35,FALSE
fare_DEL-BOM_6E_2026-08-27_T+1_1788701811771_jgjb,DEL-BOM,EaseMyTrip,6E,6E-2381,2026-08-27,T+1,23146,5081,28227,2026-08-26T00:56:36.576Z,TRUE,"High outlier: ₹28227 > upper fence ₹26953 (Q3: ₹14981, IQR: ₹7981)",13:45,FALSE
fare_DEL-BOM_6E_2026-08-27_T+1_1788701811771_rpij,DEL-BOM,EaseMyTrip,6E,6E-5014,2026-08-27,T+1,23450,5148,28598,2026-08-26T00:56:36.576Z,TRUE,"High outlier: ₹28598 > upper fence ₹26953 (Q3: ₹14981, IQR: ₹7981)",18:30,FALSE
fare_DEL-BOM_6E_2026-08-27_T+1_1788701811771_wdnv,DEL-BOM,EaseMyTrip,6E,6E-5073,2026-08-27,T+1,26024,5712,31736,2026-08-26T00:56:36.576Z,TRUE,"High outlier: ₹31736 > upper fence ₹26953 (Q3: ₹14981, IQR: ₹7981)",17:05,FALSE
fare_DEL-BOM_AI_2026-08-27_T+1_1788701811771_l3ia,DEL-BOM,EaseMyTrip,AI,AI-2653,2026-08-27,T+1,26736,5869,32605,2026-08-26T00:56:36.576Z,TRUE,"High outlier: ₹32605 > upper fence ₹26953 (Q3: ₹14981, IQR: ₹7981)",04:30,FALSE
fare_DEL-BOM_AI_2026-08-27_T+1_1788701811771_fw4o,DEL-BOM,EaseMyTrip,AI,AI-429,2026-08-27,T+1,28331,6219,34550,2026-08-26T00:56:36.576Z,TRUE,"High outlier: ₹34550 > upper fence ₹26953 (Q3: ₹14981, IQR: ₹7981)",10:20,FALSE
fare_DEL-BOM_SG_2026-09-25_T+30_1788701811772_8698,DEL-BOM,EaseMyTrip,SG,SG-827,2026-09-25,T+30,5186,1138,6324,2026-08-26T00:56:54.906Z,FALSE,"",04:00,TRUE
fare_DEL-BOM_SG_2026-09-25_T+30_1788701811772_1q65,DEL-BOM,EaseMyTrip,SG,SG-802,2026-09-25,T+30,5186,1138,6324,2026-08-26T00:56:54.906Z,FALSE,"",04:00,TRUE
fare_DEL-BOM_SG_2026-09-25_T+30_1788701811772_6xqj,DEL-BOM,EaseMyTrip,SG,SG-338,2026-09-25,T+30,5186,1138,6324,2026-08-26T00:56:54.906Z,FALSE,"",09:15,TRUE
fare_DEL-BOM_SG_2026-09-25_T+30_1788701811772_embg,DEL-BOM,EaseMyTrip,SG,SG-259,2026-09-25,T+30,5186,1138,6324,2026-08-26T00:56:54.906Z,FALSE,"",09:15,TRUE
fare_DEL-BOM_SG_2026-09-25_T+30_1788701811772_o582,DEL-BOM,EaseMyTrip,SG,SG-965,2026-09-25,T+30,5186,1138,6324,2026-08-26T00:56:54.906Z,FALSE,"",14:30,TRUE
fare_DEL-BOM_SG_2026-09-25_T+30_1788701811772_xxzp,DEL-BOM,EaseMyTrip,SG,SG-547,2026-09-25,T+30,5186,1138,6324,2026-08-26T00:56:54.906Z,FALSE,"",14:30,TRUE
fare_DEL-BOM_SG_2026-09-25_T+30_1788701811772_zj0h,DEL-BOM,EaseMyTrip,SG,SG-529,2026-09-25,T+30,5186,1138,6324,2026-08-26T00:56:54.906Z,FALSE,"",18:35,TRUE
fare_DEL-BOM_SG_2026-09-25_T+30_1788701811772_wkcz,DEL-BOM,EaseMyTrip,SG,SG-211,2026-09-25,T+30,5186,1138,6324,2026-08-26T00:56:54.906Z,FALSE,"",18:35,TRUE
fare_DEL-BOM_SG_2026-09-25_T+30_1788701811772_6wns,DEL-BOM,EaseMyTrip,SG,SG-272,2026-09-25,T+30,5186,1138,6324,2026-08-26T00:56:54.906Z,FALSE,"",20:10,TRUE
fare_DEL-BOM_SG_2026-09-25_T+30_1788701811772_37pf,DEL-BOM,EaseMyTrip,SG,SG-277,2026-09-25,T+30,5186,1138,6324,2026-08-26T00:56:54.906Z,FALSE,"",20:10,TRUE
fare_DEL-BOM_SG_2026-09-25_T+30_1788701811772_5nuo,DEL-BOM,EaseMyTrip,SG,SG-416,2026-09-25,T+30,5186,1138,6324,2026-08-26T00:56:54.906Z,FALSE,"",21:00,TRUE
fare_DEL-BOM_SG_2026-09-25_T+30_1788701811772_9ed2,DEL-BOM,EaseMyTrip,SG,SG-853,2026-09-25,T+30,5186,1138,6324,2026-08-26T00:56:54.906Z,FALSE,"",21:00,TRUE
fare_DEL-BOM_SG_2026-09-25_T+30_1788701811772_lx3p,DEL-BOM,EaseMyTrip,SG,SG-828,2026-09-25,T+30,5186,1138,6324,2026-08-26T00:56:54.906Z,FALSE,"",22:30,TRUE
fare_DEL-BOM_SG_2026-09-25_T+30_1788701811772_fekx,DEL-BOM,EaseMyTrip,SG,SG-916,2026-09-25,T+30,5186,1138,6324,2026-08-26T00:56:54.906Z,FALSE,"",22:30,TRUE
fare_DEL-BOM_IX_2026-09-25_T+30_1788701811772_ubhm,DEL-BOM,EaseMyTrip,IX,IX-1056,2026-09-25,T+30,5354,1175,6529,2026-08-26T00:56:54.906Z,FALSE,"",05:45,TRUE
fare_DEL-BOM_IX_2026-09-25_T+30_1788701811772_tfo2,DEL-BOM,EaseMyTrip,IX,IX-1235,2026-09-25,T+30,5354,1175,6529,2026-08-26T00:56:54.906Z,FALSE,"",23:25,TRUE
fare_DEL-BOM_IX_2026-09-25_T+30_1788701811772_b2wa,DEL-BOM,EaseMyTrip,IX,IX-1038,2026-09-25,T+30,5354,1175,6529,2026-08-26T00:56:54.906Z,FALSE,"",17:35,TRUE
fare_DEL-BOM_IX_2026-09-25_T+30_1788701811772_8z0n,DEL-BOM,EaseMyTrip,IX,IX-1080,2026-09-25,T+30,5354,1175,6529,2026-08-26T00:56:54.906Z,FALSE,"",18:40,TRUE
fare_DEL-BOM_IX_2026-09-25_T+30_1788701811772_u0rg,DEL-BOM,EaseMyTrip,IX,IX-1165,2026-09-25,T+30,5354,1175,6529,2026-08-26T00:56:54.906Z,FALSE,"",06:00,FALSE
fare_DEL-BOM_6E_2026-09-25_T+30_1788701811772_d15m,DEL-BOM,EaseMyTrip,6E,6E-5096,2026-09-25,T+30,5282,1160,6442,2026-08-26T00:56:54.906Z,FALSE,"",17:00,TRUE
fare_DEL-BOM_6E_2026-09-25_T+30_1788701811772_qtl3,DEL-BOM,EaseMyTrip,6E,6E-6470,2026-09-25,T+30,5354,1175,6529,2026-08-26T00:56:54.906Z,FALSE,"",06:55,TRUE
fare_DEL-BOM_QP_2026-09-25_T+30_1788701811772_sd6n,DEL-BOM,EaseMyTrip,QP,QP-1833,2026-09-25,T+30,5355,1175,6530,2026-08-26T00:56:54.906Z,FALSE,"",06:50,TRUE
fare_DEL-BOM_QP_2026-09-25_T+30_1788701811772_a0kl,DEL-BOM,EaseMyTrip,QP,QP-1112,2026-09-25,T+30,5355,1175,6530,2026-08-26T00:56:54.906Z,FALSE,"",09:20,TRUE
fare_DEL-BOM_QP_2026-09-25_T+30_1788701811772_pvhv,DEL-BOM,EaseMyTrip,QP,QP-1836,2026-09-25,T+30,5355,1175,6530,2026-08-26T00:56:54.906Z,FALSE,"",12:30,TRUE
fare_DEL-BOM_QP_2026-09-25_T+30_1788701811772_5n3u,DEL-BOM,EaseMyTrip,QP,QP-1128,2026-09-25,T+30,5355,1175,6530,2026-08-26T00:56:54.906Z,FALSE,"",16:00,TRUE
fare_DEL-BOM_QP_2026-09-25_T+30_1788701811772_fwgc,DEL-BOM,EaseMyTrip,QP,QP-1820,2026-09-25,T+30,5355,1175,6530,2026-08-26T00:56:54.906Z,FALSE,"",17:30,TRUE
fare_DEL-BOM_QP_2026-09-25_T+30_1788701811772_y1uj,DEL-BOM,EaseMyTrip,QP,QP-1119,2026-09-25,T+30,5355,1175,6530,2026-08-26T00:56:54.906Z,FALSE,"",08:40,TRUE
fare_DEL-BOM_QP_2026-09-25_T+30_1788701811772_yk25,DEL-BOM,EaseMyTrip,QP,QP-1110,2026-09-25,T+30,5355,1175,6530,2026-08-26T00:56:54.906Z,FALSE,"",10:30,TRUE
fare_DEL-BOM_QP_2026-09-25_T+30_1788701811772_dikb,DEL-BOM,EaseMyTrip,QP,QP-1826,2026-09-25,T+30,5355,1175,6530,2026-08-26T00:56:54.906Z,FALSE,"",19:55,TRUE
fare_DEL-BOM_6E_2026-09-25_T+30_1788701811772_22hu,DEL-BOM,EaseMyTrip,6E,6E-804,2026-09-25,T+30,5355,1175,6530,2026-08-26T00:56:54.906Z,FALSE,"",15:30,TRUE
fare_DEL-BOM_6E_2026-09-25_T+30_1788701811772_qply,DEL-BOM,EaseMyTrip,6E,6E-422,2026-09-25,T+30,5355,1175,6530,2026-08-26T00:56:54.906Z,FALSE,"",15:30,TRUE
fare_DEL-BOM_6E_2026-09-25_T+30_1788701811772_mj51,DEL-BOM,EaseMyTrip,6E,6E-6022,2026-09-25,T+30,5355,1175,6530,2026-08-26T00:56:54.906Z,FALSE,"",14:00,TRUE
fare_DEL-BOM_6E_2026-09-25_T+30_1788701811772_bbkf,DEL-BOM,EaseMyTrip,6E,6E-6318,2026-09-25,T+30,5355,1175,6530,2026-08-26T00:56:54.906Z,FALSE,"",14:45,TRUE
fare_DEL-BOM_6E_2026-09-25_T+30_1788701811772_bpy9,DEL-BOM,EaseMyTrip,6E,6E-6047,2026-09-25,T+30,5355,1175,6530,2026-08-26T00:56:54.906Z,FALSE,"",11:00,TRUE
fare_DEL-BOM_6E_2026-09-25_T+30_1788701811772_b53u,DEL-BOM,EaseMyTrip,6E,6E-6676,2026-09-25,T+30,5355,1175,6530,2026-08-26T00:56:54.906Z,FALSE,"",12:00,TRUE
fare_DEL-BOM_QP_2026-09-25_T+30_1788701811772_rdmw,DEL-BOM,EaseMyTrip,QP,QP-2074,2026-09-25,T+30,5416,1189,6605,2026-08-26T00:56:54.906Z,FALSE,"",14:10,TRUE
fare_DEL-BOM_QP_2026-09-25_T+30_1788701811772_h6cq,DEL-BOM,EaseMyTrip,QP,QP-1940,2026-09-25,T+30,5427,1191,6618,2026-08-26T00:56:54.906Z,FALSE,"",14:00,TRUE
fare_DEL-BOM_6E_2026-09-25_T+30_1788701811772_xb53,DEL-BOM,EaseMyTrip,6E,6E-5198,2026-09-25,T+30,5427,1191,6618,2026-08-26T00:56:54.906Z,FALSE,"",15:00,TRUE
fare_DEL-BOM_6E_2026-09-25_T+30_1788701811772_25vd,DEL-BOM,EaseMyTrip,6E,6E-523,2026-09-25,T+30,5484,1204,6688,2026-08-26T00:56:54.906Z,FALSE,"",05:00,TRUE
fare_DEL-BOM_6E_2026-09-25_T+30_1788701811772_slv4,DEL-BOM,EaseMyTrip,6E,6E-101,2026-09-25,T+30,5484,1204,6688,2026-08-26T00:56:54.906Z,FALSE,"",05:00,TRUE
fare_DEL-BOM_6E_2026-09-25_T+30_1788701811772_4p3t,DEL-BOM,EaseMyTrip,6E,6E-909,2026-09-25,T+30,5484,1204,6688,2026-08-26T00:56:54.906Z,FALSE,"",23:30,TRUE
fare_DEL-BOM_6E_2026-09-25_T+30_1788701811772_n1tb,DEL-BOM,EaseMyTrip,6E,6E-949,2026-09-25,T+30,5484,1204,6688,2026-08-26T00:56:54.906Z,FALSE,"",23:30,TRUE
fare_DEL-BOM_6E_2026-09-25_T+30_1788701811772_zjmv,DEL-BOM,EaseMyTrip,6E,6E-665,2026-09-25,T+30,5484,1204,6688,2026-08-26T00:56:54.906Z,FALSE,"",16:15,TRUE
fare_DEL-BOM_6E_2026-09-25_T+30_1788701811772_a4c5,DEL-BOM,EaseMyTrip,6E,6E-362,2026-09-25,T+30,5484,1204,6688,2026-08-26T00:56:54.906Z,FALSE,"",16:15,TRUE
fare_DEL-BOM_6E_2026-09-25_T+30_1788701811772_mol1,DEL-BOM,EaseMyTrip,6E,6E-6218,2026-09-25,T+30,5484,1204,6688,2026-08-26T00:56:54.906Z,FALSE,"",06:05,TRUE
fare_DEL-BOM_6E_2026-09-25_T+30_1788701811772_779n,DEL-BOM,EaseMyTrip,6E,6E-885,2026-09-25,T+30,5484,1204,6688,2026-08-26T00:56:54.906Z,FALSE,"",08:45,TRUE
fare_DEL-BOM_6E_2026-09-25_T+30_1788701811772_n3r8,DEL-BOM,EaseMyTrip,6E,6E-481,2026-09-25,T+30,5484,1204,6688,2026-08-26T00:56:54.906Z,FALSE,"",08:45,TRUE
fare_DEL-BOM_6E_2026-09-25_T+30_1788701811772_8121,DEL-BOM,EaseMyTrip,6E,6E-589,2026-09-25,T+30,5484,1204,6688,2026-08-26T00:56:54.906Z,FALSE,"",13:00,TRUE
fare_DEL-BOM_6E_2026-09-25_T+30_1788701811772_jr85,DEL-BOM,EaseMyTrip,6E,6E-165,2026-09-25,T+30,5484,1204,6688,2026-08-26T00:56:54.906Z,FALSE,"",13:00,TRUE
fare_DEL-BOM_AI_2026-09-25_T+30_1788701811772_cpvj,DEL-BOM,EaseMyTrip,AI,AI-2678,2026-09-25,T+30,5740,1260,7000,2026-08-26T00:56:54.906Z,FALSE,"",08:30,TRUE
fare_DEL-BOM_AI_2026-09-25_T+30_1788701811772_h52q,DEL-BOM,EaseMyTrip,AI,AI-2975,2026-09-25,T+30,5740,1260,7000,2026-08-26T00:56:54.906Z,FALSE,"",06:30,TRUE
fare_DEL-BOM_AI_2026-09-25_T+30_1788701811772_kezu,DEL-BOM,EaseMyTrip,AI,AI-2425,2026-09-25,T+30,5740,1260,7000,2026-08-26T00:56:54.906Z,FALSE,"",10:30,TRUE
fare_DEL-BOM_AI_2026-09-25_T+30_1788701811772_xhe7,DEL-BOM,EaseMyTrip,AI,AI-2951,2026-09-25,T+30,5740,1260,7000,2026-08-26T00:56:54.906Z,FALSE,"",13:30,TRUE
fare_DEL-BOM_AI_2026-09-25_T+30_1788701811772_ch6h,DEL-BOM,EaseMyTrip,AI,AI-2941,2026-09-25,T+30,5740,1260,7000,2026-08-26T00:56:54.906Z,FALSE,"",16:30,TRUE
fare_DEL-BOM_AI_2026-09-25_T+30_1788701811772_y1j0,DEL-BOM,EaseMyTrip,AI,AI-1745,2026-09-25,T+30,5740,1260,7000,2026-08-26T00:56:54.906Z,FALSE,"",05:00,TRUE
fare_DEL-BOM_AI_2026-09-25_T+30_1788701811772_524w,DEL-BOM,EaseMyTrip,AI,AI-2429,2026-09-25,T+30,5740,1260,7000,2026-08-26T00:56:54.906Z,FALSE,"",07:00,TRUE
fare_DEL-BOM_AI_2026-09-25_T+30_1788701811772_i7p1,DEL-BOM,EaseMyTrip,AI,AI-2943,2026-09-25,T+30,5740,1260,7000,2026-08-26T00:56:54.906Z,FALSE,"",07:30,TRUE
fare_DEL-BOM_AI_2026-09-25_T+30_1788701811772_8e5n,DEL-BOM,EaseMyTrip,AI,AI-2995,2026-09-25,T+30,5740,1260,7000,2026-08-26T00:56:54.906Z,FALSE,"",10:00,TRUE
fare_DEL-BOM_AI_2026-09-25_T+30_1788701811772_5e6f,DEL-BOM,EaseMyTrip,AI,AI-2945,2026-09-25,T+30,5740,1260,7000,2026-08-26T00:56:54.906Z,FALSE,"",11:00,TRUE
fare_DEL-BOM_AI_2026-09-25_T+30_1788701811772_etbi,DEL-BOM,EaseMyTrip,AI,AI-1785,2026-09-25,T+30,5740,1260,7000,2026-08-26T00:56:54.906Z,FALSE,"",12:00,TRUE
fare_DEL-BOM_AI_2026-09-25_T+30_1788701811772_i68v,DEL-BOM,EaseMyTrip,AI,AI-2441,2026-09-25,T+30,5740,1260,7000,2026-08-26T00:56:54.906Z,FALSE,"",14:10,TRUE
fare_DEL-BOM_AI_2026-09-25_T+30_1788701811772_jkp1,DEL-BOM,EaseMyTrip,AI,AI-2933,2026-09-25,T+30,5740,1260,7000,2026-08-26T00:56:54.906Z,FALSE,"",15:30,TRUE
fare_DEL-BOM_AI_2026-09-25_T+30_1788701811772_z8u2,DEL-BOM,EaseMyTrip,AI,AI-1777,2026-09-25,T+30,5740,1260,7000,2026-08-26T00:56:54.906Z,FALSE,"",16:00,TRUE
fare_DEL-BOM_AI_2026-09-25_T+30_1788701811772_5h39,DEL-BOM,EaseMyTrip,AI,AI-441,2026-09-25,T+30,5740,1260,7000,2026-08-26T00:56:54.906Z,FALSE,"",17:00,TRUE
fare_DEL-BOM_AI_2026-09-25_T+30_1788701811772_vq4e,DEL-BOM,EaseMyTrip,AI,AI-2433,2026-09-25,T+30,5740,1260,7000,2026-08-26T00:56:54.906Z,FALSE,"",21:30,TRUE
fare_DEL-BOM_6E_2026-09-25_T+30_1788701811772_0wh1,DEL-BOM,EaseMyTrip,6E,6E-6114,2026-09-25,T+30,5656,1242,6898,2026-08-26T00:56:54.906Z,FALSE,"",22:45,TRUE
fare_DEL-BOM_6E_2026-09-25_T+30_1788701811772_ru9i,DEL-BOM,EaseMyTrip,6E,6E-878,2026-09-25,T+30,5656,1242,6898,2026-08-26T00:56:54.906Z,FALSE,"",21:45,TRUE
fare_DEL-BOM_6E_2026-09-25_T+30_1788701811772_cerl,DEL-BOM,EaseMyTrip,6E,6E-938,2026-09-25,T+30,5656,1242,6898,2026-08-26T00:56:54.906Z,FALSE,"",21:45,TRUE
fare_DEL-BOM_6E_2026-09-25_T+30_1788701811772_1lgs,DEL-BOM,EaseMyTrip,6E,6E-6706,2026-09-25,T+30,5656,1242,6898,2026-08-26T00:56:54.906Z,FALSE,"",17:00,TRUE
fare_DEL-BOM_6E_2026-09-25_T+30_1788701811772_e3a0,DEL-BOM,EaseMyTrip,6E,6E-6814,2026-09-25,T+30,5656,1242,6898,2026-08-26T00:56:54.906Z,FALSE,"",07:15,TRUE
fare_DEL-BOM_6E_2026-09-25_T+30_1788701811772_1b0j,DEL-BOM,EaseMyTrip,6E,6E-6328,2026-09-25,T+30,5656,1242,6898,2026-08-26T00:56:54.906Z,FALSE,"",10:15,TRUE
fare_DEL-BOM_6E_2026-09-25_T+30_1788701811772_ectu,DEL-BOM,EaseMyTrip,6E,6E-516,2026-09-25,T+30,5698,1251,6949,2026-08-26T00:56:54.906Z,FALSE,"",20:20,TRUE
fare_DEL-BOM_6E_2026-09-25_T+30_1788701811772_qjum,DEL-BOM,EaseMyTrip,6E,6E-336,2026-09-25,T+30,5698,1251,6949,2026-08-26T00:56:54.906Z,FALSE,"",20:20,TRUE
fare_DEL-BOM_AI_2026-09-25_T+30_1788701811772_b2wv,DEL-BOM,EaseMyTrip,AI,AI-2439,2026-09-25,T+30,5870,1289,7159,2026-08-26T00:56:54.906Z,FALSE,"",23:00,TRUE
fare_DEL-BOM_6E_2026-09-25_T+30_1788701811772_r4r9,DEL-BOM,EaseMyTrip,6E,6E-341,2026-09-25,T+30,5871,1289,7160,2026-08-26T00:56:54.906Z,FALSE,"",20:00,TRUE
fare_DEL-BOM_6E_2026-09-25_T+30_1788701811772_uxgb,DEL-BOM,EaseMyTrip,6E,6E-792,2026-09-25,T+30,5871,1289,7160,2026-08-26T00:56:54.906Z,FALSE,"",20:00,TRUE
fare_DEL-BOM_6E_2026-09-25_T+30_1788701811772_nium,DEL-BOM,EaseMyTrip,6E,6E-427,2026-09-25,T+30,5871,1289,7160,2026-08-26T00:56:54.906Z,FALSE,"",19:00,TRUE
fare_DEL-BOM_6E_2026-09-25_T+30_1788701811772_sm7e,DEL-BOM,EaseMyTrip,6E,6E-603,2026-09-25,T+30,5871,1289,7160,2026-08-26T00:56:54.906Z,FALSE,"",19:00,TRUE
fare_DEL-BOM_6E_2026-09-25_T+30_1788701811772_w8hv,DEL-BOM,EaseMyTrip,6E,6E-316,2026-09-25,T+30,5871,1289,7160,2026-08-26T00:56:54.906Z,FALSE,"",18:00,TRUE
fare_DEL-BOM_6E_2026-09-25_T+30_1788701811772_9fff,DEL-BOM,EaseMyTrip,6E,6E-492,2026-09-25,T+30,5871,1289,7160,2026-08-26T00:56:54.906Z,FALSE,"",18:00,TRUE
fare_DEL-BOM_6E_2026-09-25_T+30_1788701811772_6wwz,DEL-BOM,EaseMyTrip,6E,6E-919,2026-09-25,T+30,5871,1289,7160,2026-08-26T00:56:54.906Z,FALSE,"",20:45,TRUE
fare_DEL-BOM_6E_2026-09-25_T+30_1788701811772_y1qn,DEL-BOM,EaseMyTrip,6E,6E-531,2026-09-25,T+30,5871,1289,7160,2026-08-26T00:56:54.906Z,FALSE,"",20:45,TRUE
fare_DEL-BOM_6E_2026-09-25_T+30_1788701811772_wpet,DEL-BOM,EaseMyTrip,6E,6E-6107,2026-09-25,T+30,5871,1289,7160,2026-08-26T00:56:54.906Z,FALSE,"",09:30,TRUE
fare_DEL-BOM_AI_2026-09-25_T+30_1788701811772_os4w,DEL-BOM,EaseMyTrip,AI,AI-2981,2026-09-25,T+30,6043,1326,7369,2026-08-26T00:56:54.906Z,FALSE,"",21:00,TRUE
fare_DEL-BOM_AI_2026-09-25_T+30_1788701811772_jpx2,DEL-BOM,EaseMyTrip,AI,AI-2957,2026-09-25,T+30,6043,1326,7369,2026-08-26T00:56:54.906Z,FALSE,"",20:30,TRUE
fare_DEL-BOM_6E_2026-09-25_T+30_1788701811772_g2rt,DEL-BOM,EaseMyTrip,6E,6E-6190,2026-09-25,T+30,5920,1299,7219,2026-08-26T00:56:54.906Z,FALSE,"",07:40,FALSE
fare_DEL-BOM_6E_2026-09-25_T+30_1788701811772_rsk8,DEL-BOM,EaseMyTrip,6E,6E-2341,2026-09-25,T+30,5920,1299,7219,2026-08-26T00:56:54.906Z,FALSE,"",14:50,FALSE
fare_DEL-BOM_6E_2026-09-25_T+30_1788701811772_l4jv,DEL-BOM,EaseMyTrip,6E,6E-2331,2026-09-25,T+30,5920,1299,7219,2026-08-26T00:56:54.906Z,FALSE,"",12:20,FALSE
fare_DEL-BOM_6E_2026-09-25_T+30_1788701811772_ka3k,DEL-BOM,EaseMyTrip,6E,6E-5014,2026-09-25,T+30,5963,1309,7272,2026-08-26T00:56:54.906Z,FALSE,"",18:30,FALSE
fare_DEL-BOM_6E_2026-09-25_T+30_1788701811772_unjw,DEL-BOM,EaseMyTrip,6E,6E-5073,2026-09-25,T+30,5963,1309,7272,2026-08-26T00:56:54.906Z,FALSE,"",17:05,FALSE
fare_DEL-BOM_6E_2026-09-25_T+30_1788701811772_o79v,DEL-BOM,EaseMyTrip,6E,6E-702,2026-09-25,T+30,5963,1309,7272,2026-08-26T00:56:54.906Z,FALSE,"",19:35,FALSE
fare_DEL-BOM_6E_2026-09-25_T+30_1788701811772_m8bp,DEL-BOM,EaseMyTrip,6E,6E-735,2026-09-25,T+30,5963,1309,7272,2026-08-26T00:56:54.906Z,FALSE,"",19:35,FALSE
fare_DEL-BOM_6E_2026-09-25_T+30_1788701811772_pvrl,DEL-BOM,EaseMyTrip,6E,6E-5119,2026-09-25,T+30,5963,1309,7272,2026-08-26T00:56:54.906Z,FALSE,"",05:10,FALSE
fare_DEL-BOM_6E_2026-09-25_T+30_1788701811772_a44y,DEL-BOM,EaseMyTrip,6E,6E-6171,2026-09-25,T+30,5963,1309,7272,2026-08-26T00:56:54.906Z,FALSE,"",05:40,FALSE
fare_DEL-BOM_6E_2026-09-25_T+30_1788701811772_si1s,DEL-BOM,EaseMyTrip,6E,6E-2076,2026-09-25,T+30,5963,1309,7272,2026-08-26T00:56:54.906Z,FALSE,"",07:30,FALSE
fare_DEL-BOM_6E_2026-09-25_T+30_1788701811772_fl32,DEL-BOM,EaseMyTrip,6E,6E-6983,2026-09-25,T+30,5963,1309,7272,2026-08-26T00:56:54.906Z,FALSE,"",15:35,FALSE
fare_DEL-BOM_6E_2026-09-25_T+30_1788701811772_3baz,DEL-BOM,EaseMyTrip,6E,6E-6261,2026-09-25,T+30,5963,1309,7272,2026-08-26T00:56:54.906Z,FALSE,"",00:15,FALSE
fare_DEL-BOM_6E_2026-09-25_T+30_1788701811772_v568,DEL-BOM,EaseMyTrip,6E,6E-2013,2026-09-25,T+30,5963,1309,7272,2026-08-26T00:56:54.906Z,FALSE,"",21:50,FALSE
fare_DEL-BOM_6E_2026-09-25_T+30_1788701811772_da5x,DEL-BOM,EaseMyTrip,6E,6E-6490,2026-09-25,T+30,6027,1323,7350,2026-08-26T00:56:54.906Z,FALSE,"",04:55,FALSE
fare_DEL-BOM_6E_2026-09-25_T+30_1788701811772_20nt,DEL-BOM,EaseMyTrip,6E,6E-2249,2026-09-25,T+30,6070,1333,7403,2026-08-26T00:56:54.906Z,FALSE,"",15:00,FALSE
fare_DEL-BOM_6E_2026-09-25_T+30_1788701811772_g47p,DEL-BOM,EaseMyTrip,6E,6E-2169,2026-09-25,T+30,6070,1333,7403,2026-08-26T00:56:54.906Z,FALSE,"",19:40,FALSE
fare_DEL-BOM_6E_2026-09-25_T+30_1788701811772_0vco,DEL-BOM,EaseMyTrip,6E,6E-6829,2026-09-25,T+30,6070,1333,7403,2026-08-26T00:56:54.906Z,FALSE,"",17:20,FALSE
fare_DEL-BOM_6E_2026-09-25_T+30_1788701811772_yfq4,DEL-BOM,EaseMyTrip,6E,6E-6443,2026-09-25,T+30,6070,1333,7403,2026-08-26T00:56:54.906Z,FALSE,"",09:00,FALSE
fare_DEL-BOM_6E_2026-09-25_T+30_1788701811772_pkvl,DEL-BOM,EaseMyTrip,6E,6E-6433,2026-09-25,T+30,6070,1333,7403,2026-08-26T00:56:54.906Z,FALSE,"",16:30,FALSE
fare_DEL-BOM_6E_2026-09-25_T+30_1788701811772_9i4c,DEL-BOM,EaseMyTrip,6E,6E-5138,2026-09-25,T+30,6070,1333,7403,2026-08-26T00:56:54.906Z,FALSE,"",19:10,FALSE
fare_DEL-BOM_6E_2026-09-25_T+30_1788701811772_mn6j,DEL-BOM,EaseMyTrip,6E,6E-6459,2026-09-25,T+30,6070,1333,7403,2026-08-26T00:56:54.906Z,FALSE,"",05:55,FALSE
fare_DEL-BOM_6E_2026-09-25_T+30_1788701811772_qvld,DEL-BOM,EaseMyTrip,6E,6E-6569,2026-09-25,T+30,6070,1333,7403,2026-08-26T00:56:54.906Z,FALSE,"",05:00,FALSE
fare_DEL-BOM_AI_2026-09-25_T+30_1788701811772_te0n,DEL-BOM,EaseMyTrip,AI,AI-2985,2026-09-25,T+30,6243,1371,7614,2026-08-26T00:56:54.906Z,FALSE,"",19:30,TRUE
fare_DEL-BOM_AI_2026-09-25_T+30_1788701811772_nbbk,DEL-BOM,EaseMyTrip,AI,AI-2927,2026-09-25,T+30,6257,1373,7630,2026-08-26T00:56:54.906Z,FALSE,"",09:30,TRUE
fare_DEL-BOM_IX_2026-09-25_T+30_1788701811772_841q,DEL-BOM,EaseMyTrip,IX,IX-1051,2026-09-25,T+30,6339,1391,7730,2026-08-26T00:56:54.906Z,FALSE,"",19:05,FALSE
fare_DEL-BOM_6E_2026-09-25_T+30_1788701811772_6zt4,DEL-BOM,EaseMyTrip,6E,6E-345,2026-09-25,T+30,6130,1345,7475,2026-08-26T00:56:54.906Z,FALSE,"",08:00,TRUE
fare_DEL-BOM_6E_2026-09-25_T+30_1788701811772_3xv8,DEL-BOM,EaseMyTrip,6E,6E-431,2026-09-25,T+30,6130,1345,7475,2026-08-26T00:56:54.906Z,FALSE,"",08:00,TRUE
fare_DEL-BOM_6E_2026-09-25_T+30_1788701811772_x2h1,DEL-BOM,EaseMyTrip,6E,6E-6479,2026-09-25,T+30,6135,1347,7482,2026-08-26T00:56:54.906Z,FALSE,"",21:25,FALSE
fare_DEL-BOM_6E_2026-09-25_T+30_1788701811772_7x01,DEL-BOM,EaseMyTrip,6E,6E-5038,2026-09-25,T+30,6135,1347,7482,2026-08-26T00:56:54.906Z,FALSE,"",14:00,FALSE
fare_DEL-BOM_6E_2026-09-25_T+30_1788701811772_uvwg,DEL-BOM,EaseMyTrip,6E,6E-6050,2026-09-25,T+30,6135,1347,7482,2026-08-26T00:56:54.906Z,FALSE,"",08:15,FALSE
fare_DEL-BOM_6E_2026-09-25_T+30_1788701811772_ezt8,DEL-BOM,EaseMyTrip,6E,6E-6601,2026-09-25,T+30,6243,1370,7613,2026-08-26T00:56:54.906Z,FALSE,"",19:45,FALSE
fare_DEL-BOM_6E_2026-09-25_T+30_1788701811772_2zcp,DEL-BOM,EaseMyTrip,6E,6E-2381,2026-09-25,T+30,6243,1370,7613,2026-08-26T00:56:54.906Z,FALSE,"",13:45,FALSE
fare_DEL-BOM_6E_2026-09-25_T+30_1788701811772_n5lt,DEL-BOM,EaseMyTrip,6E,6E-6282,2026-09-25,T+30,6243,1370,7613,2026-08-26T00:56:54.906Z,FALSE,"",13:30,FALSE
fare_DEL-BOM_6E_2026-09-25_T+30_1788701811772_0oc6,DEL-BOM,EaseMyTrip,6E,6E-858,2026-09-25,T+30,6243,1370,7613,2026-08-26T00:56:54.906Z,FALSE,"",08:30,FALSE
fare_DEL-BOM_6E_2026-09-25_T+30_1788701811772_r59c,DEL-BOM,EaseMyTrip,6E,6E-727,2026-09-25,T+30,6243,1370,7613,2026-08-26T00:56:54.906Z,FALSE,"",08:30,FALSE
fare_DEL-BOM_6E_2026-09-25_T+30_1788701811772_0t63,DEL-BOM,EaseMyTrip,6E,6E-828,2026-09-25,T+30,6243,1370,7613,2026-08-26T00:56:54.906Z,FALSE,"",23:15,FALSE
fare_DEL-BOM_6E_2026-09-25_T+30_1788701811772_088g,DEL-BOM,EaseMyTrip,6E,6E-767,2026-09-25,T+30,6243,1370,7613,2026-08-26T00:56:54.906Z,FALSE,"",23:15,FALSE
fare_DEL-BOM_6E_2026-09-25_T+30_1788701811772_ptrc,DEL-BOM,EaseMyTrip,6E,6E-7646,2026-09-25,T+30,6269,1376,7645,2026-08-26T00:56:54.906Z,FALSE,"",06:15,FALSE
fare_DEL-BOM_AI_2026-09-25_T+30_1788701811772_bb2q,DEL-BOM,EaseMyTrip,AI,AI-2977,2026-09-25,T+30,6446,1415,7861,2026-08-26T00:56:54.906Z,FALSE,"",19:00,TRUE
fare_DEL-BOM_AI_2026-09-25_T+30_1788701811772_raox,DEL-BOM,EaseMyTrip,AI,AI-2955,2026-09-25,T+30,6446,1415,7861,2026-08-26T00:56:54.906Z,FALSE,"",18:00,TRUE
fare_DEL-BOM_6E_2026-09-25_T+30_1788701811772_fv66,DEL-BOM,EaseMyTrip,6E,6E-176,2026-09-25,T+30,6307,1385,7692,2026-08-26T00:56:54.906Z,FALSE,"",19:30,FALSE
fare_DEL-BOM_6E_2026-09-25_T+30_1788701811772_r7zp,DEL-BOM,EaseMyTrip,6E,6E-141,2026-09-25,T+30,6307,1385,7692,2026-08-26T00:56:54.906Z,FALSE,"",12:15,FALSE
fare_DEL-BOM_6E_2026-09-25_T+30_1788701811772_hyru,DEL-BOM,EaseMyTrip,6E,6E-344,2026-09-25,T+30,6307,1385,7692,2026-08-26T00:56:54.906Z,FALSE,"",12:15,FALSE
fare_DEL-BOM_6E_2026-09-25_T+30_1788701811772_ly3w,DEL-BOM,EaseMyTrip,6E,6E-7642,2026-09-25,T+30,6312,1386,7698,2026-08-26T00:56:54.906Z,FALSE,"",15:45,FALSE
fare_DEL-BOM_6E_2026-09-25_T+30_1788701811772_i6jd,DEL-BOM,EaseMyTrip,6E,6E-2496,2026-09-25,T+30,6501,1427,7928,2026-08-26T00:56:54.906Z,FALSE,"",12:40,FALSE
fare_DEL-BOM_6E_2026-09-25_T+30_1788701811772_uoss,DEL-BOM,EaseMyTrip,6E,6E-5206,2026-09-25,T+30,6617,1453,8070,2026-08-26T00:56:54.906Z,FALSE,"",13:20,FALSE
fare_DEL-BOM_AI_2026-09-25_T+30_1788701811772_e542,DEL-BOM,EaseMyTrip,AI,AI-2963,2026-09-25,T+30,6836,1500,8336,2026-08-26T00:56:54.906Z,FALSE,"",09:00,TRUE
fare_DEL-BOM_6E_2026-09-25_T+30_1788701811772_509c,DEL-BOM,EaseMyTrip,6E,6E-6497,2026-09-25,T+30,6725,1476,8201,2026-08-26T00:56:54.906Z,FALSE,"",18:45,FALSE
fare_DEL-BOM_6E_2026-09-25_T+30_1788701811772_tzjp,DEL-BOM,EaseMyTrip,6E,6E-2571,2026-09-25,T+30,6831,1500,8331,2026-08-26T00:56:54.906Z,FALSE,"",12:30,FALSE
fare_DEL-BOM_6E_2026-09-25_T+30_1788701811772_2u9g,DEL-BOM,EaseMyTrip,6E,6E-440,2026-09-25,T+30,6885,1511,8396,2026-08-26T00:56:54.906Z,FALSE,"",10:00,FALSE
fare_DEL-BOM_6E_2026-09-25_T+30_1788701811772_eon5,DEL-BOM,EaseMyTrip,6E,6E-476,2026-09-25,T+30,6885,1511,8396,2026-08-26T00:56:54.906Z,FALSE,"",10:00,FALSE
fare_DEL-BOM_6E_2026-09-25_T+30_1788701811772_hb66,DEL-BOM,EaseMyTrip,6E,6E-5298,2026-09-25,T+30,7148,1569,8717,2026-08-26T00:56:54.906Z,FALSE,"",09:00,FALSE
fare_DEL-BOM_6E_2026-09-25_T+30_1788701811772_h3g4,DEL-BOM,EaseMyTrip,6E,6E-2349,2026-09-25,T+30,7594,1667,9261,2026-08-26T00:56:54.906Z,FALSE,"",10:55,FALSE
fare_DEL-BOM_IX_2026-09-25_T+30_1788701811772_7z6s,DEL-BOM,EaseMyTrip,IX,IX-1059,2026-09-25,T+30,8142,1787,9929,2026-08-26T00:56:54.906Z,FALSE,"",12:15,FALSE
fare_DEL-BOM_AI_2026-09-25_T+30_1788701811772_pwwb,DEL-BOM,EaseMyTrip,AI,AI-1780,2026-09-25,T+30,8190,1798,9988,2026-08-26T00:56:54.906Z,FALSE,"",16:10,TRUE
fare_DEL-BOM_AI_2026-09-25_T+30_1788701811772_1gpe,DEL-BOM,EaseMyTrip,AI,AI-2499,2026-09-25,T+30,8646,1898,10544,2026-08-26T00:56:54.906Z,FALSE,"",06:00,FALSE
fare_DEL-BOM_AI_2026-09-25_T+30_1788701811772_gkd9,DEL-BOM,EaseMyTrip,AI,AI-1705,2026-09-25,T+30,8895,1952,10847,2026-08-26T00:56:54.906Z,TRUE,"High outlier: ₹10847 > upper fence ₹10806 (Q3: ₹8335, IQR: ₹1647)",06:30,FALSE
fare_DEL-BOM_AI_2026-09-25_T+30_1788701811772_80rf,DEL-BOM,EaseMyTrip,AI,AI-1719,2026-09-25,T+30,9146,2008,11154,2026-08-26T00:56:54.906Z,TRUE,"High outlier: ₹11154 > upper fence ₹10806 (Q3: ₹8335, IQR: ₹1647)",11:55,FALSE
fare_DEL-BOM_IX_2026-09-25_T+30_1788701811772_3qb1,DEL-BOM,EaseMyTrip,IX,IX-1392,2026-09-25,T+30,9581,2103,11684,2026-08-26T00:56:54.906Z,TRUE,"High outlier: ₹11684 > upper fence ₹10806 (Q3: ₹8335, IQR: ₹1647)",23:25,FALSE
fare_DEL-BOM_AI_2026-09-25_T+30_1788701811772_mmf6,DEL-BOM,EaseMyTrip,AI,AI-2509,2026-09-25,T+30,9615,2111,11726,2026-08-26T00:56:54.906Z,TRUE,"High outlier: ₹11726 > upper fence ₹10806 (Q3: ₹8335, IQR: ₹1647)",07:00,FALSE
fare_DEL-BOM_6E_2026-09-25_T+30_1788701811772_ejir,DEL-BOM,EaseMyTrip,6E,6E-6293,2026-09-25,T+30,9727,2135,11862,2026-08-26T00:56:54.906Z,TRUE,"High outlier: ₹11862 > upper fence ₹10806 (Q3: ₹8335, IQR: ₹1647)",09:55,FALSE
fare_DEL-BOM_AI_2026-09-25_T+30_1788701811772_9g3l,DEL-BOM,EaseMyTrip,AI,AI-9674,2026-09-25,T+30,10171,2233,12404,2026-08-26T00:56:54.906Z,TRUE,"High outlier: ₹12404 > upper fence ₹10806 (Q3: ₹8335, IQR: ₹1647)",16:40,FALSE
fare_DEL-BOM_6E_2026-09-25_T+30_1788701811772_25l4,DEL-BOM,EaseMyTrip,6E,6E-6212,2026-09-25,T+30,10304,2262,12566,2026-08-26T00:56:54.906Z,TRUE,"High outlier: ₹12566 > upper fence ₹10806 (Q3: ₹8335, IQR: ₹1647)",14:45,FALSE
fare_DEL-BOM_IX_2026-09-25_T+30_1788701811772_u3x7,DEL-BOM,EaseMyTrip,IX,IX-1082,2026-09-25,T+30,10699,2348,13047,2026-08-26T00:56:54.906Z,TRUE,"High outlier: ₹13047 > upper fence ₹10806 (Q3: ₹8335, IQR: ₹1647)",21:25,FALSE
fare_DEL-BOM_AI_2026-09-25_T+30_1788701811772_b6nj,DEL-BOM,EaseMyTrip,AI,AI-2715,2026-09-25,T+30,11186,2455,13641,2026-08-26T00:56:54.906Z,TRUE,"High outlier: ₹13641 > upper fence ₹10806 (Q3: ₹8335, IQR: ₹1647)",11:40,FALSE
fare_DEL-BOM_AI_2026-09-25_T+30_1788701811772_mrdn,DEL-BOM,EaseMyTrip,AI,AI-2909,2026-09-25,T+30,11186,2455,13641,2026-08-26T00:56:54.906Z,TRUE,"High outlier: ₹13641 > upper fence ₹10806 (Q3: ₹8335, IQR: ₹1647)",22:30,FALSE
fare_DEL-BOM_AI_2026-09-25_T+30_1788701811772_aej7,DEL-BOM,EaseMyTrip,AI,AI-2959,2026-09-25,T+30,11186,2455,13641,2026-08-26T00:56:54.906Z,TRUE,"High outlier: ₹13641 > upper fence ₹10806 (Q3: ₹8335, IQR: ₹1647)",07:10,FALSE
fare_DEL-BOM_AI_2026-09-25_T+30_1788701811772_pdok,DEL-BOM,EaseMyTrip,AI,AI-2545,2026-09-25,T+30,11186,2455,13641,2026-08-26T00:56:54.906Z,TRUE,"High outlier: ₹13641 > upper fence ₹10806 (Q3: ₹8335, IQR: ₹1647)",20:30,FALSE
fare_DEL-BOM_AI_2026-09-25_T+30_1788701811772_igui,DEL-BOM,EaseMyTrip,AI,AI-531,2026-09-25,T+30,11186,2455,13641,2026-08-26T00:56:54.906Z,TRUE,"High outlier: ₹13641 > upper fence ₹10806 (Q3: ₹8335, IQR: ₹1647)",19:20,FALSE
fare_DEL-BOM_AI_2026-09-25_T+30_1788701811772_g0jv,DEL-BOM,EaseMyTrip,AI,AI-2939,2026-09-25,T+30,11273,2475,13748,2026-08-26T00:56:54.906Z,TRUE,"High outlier: ₹13748 > upper fence ₹10806 (Q3: ₹8335, IQR: ₹1647)",16:40,FALSE
fare_DEL-BOM_AI_2026-09-25_T+30_1788701811772_kytw,DEL-BOM,EaseMyTrip,AI,AI-881,2026-09-25,T+30,11273,2475,13748,2026-08-26T00:56:54.906Z,TRUE,"High outlier: ₹13748 > upper fence ₹10806 (Q3: ₹8335, IQR: ₹1647)",13:35,FALSE
fare_DEL-BOM_AI_2026-09-25_T+30_1788701811772_ygc5,DEL-BOM,EaseMyTrip,AI,AI-9584,2026-09-25,T+30,12090,2654,14744,2026-08-26T00:56:54.906Z,TRUE,"High outlier: ₹14744 > upper fence ₹10806 (Q3: ₹8335, IQR: ₹1647)",11:15,FALSE
fare_DEL-BOM_AI_2026-09-25_T+30_1788701811772_sxhs,DEL-BOM,EaseMyTrip,AI,AI-2761,2026-09-25,T+30,12103,2657,14760,2026-08-26T00:56:54.906Z,TRUE,"High outlier: ₹14760 > upper fence ₹10806 (Q3: ₹8335, IQR: ₹1647)",16:25,FALSE
fare_DEL-BOM_IX_2026-09-25_T+30_1788701811772_9zxm,DEL-BOM,EaseMyTrip,IX,IX-1108,2026-09-25,T+30,12335,2708,15043,2026-08-26T00:56:54.906Z,TRUE,"High outlier: ₹15043 > upper fence ₹10806 (Q3: ₹8335, IQR: ₹1647)",05:00,FALSE
fare_DEL-BOM_IX_2026-09-25_T+30_1788701811772_1mn7,DEL-BOM,EaseMyTrip,IX,IX-1003,2026-09-25,T+30,12671,2782,15453,2026-08-26T00:56:54.906Z,TRUE,"High outlier: ₹15453 > upper fence ₹10806 (Q3: ₹8335, IQR: ₹1647)",19:10,FALSE
fare_DEL-BOM_AI_2026-09-25_T+30_1788701811772_2prn,DEL-BOM,EaseMyTrip,AI,AI-1743,2026-09-25,T+30,13065,2868,15933,2026-08-26T00:56:54.906Z,TRUE,"High outlier: ₹15933 > upper fence ₹10806 (Q3: ₹8335, IQR: ₹1647)",06:15,FALSE
fare_DEL-BOM_AI_2026-09-25_T+30_1788701811772_coex,DEL-BOM,EaseMyTrip,AI,AI-2601,2026-09-25,T+30,13065,2868,15933,2026-08-26T00:56:54.906Z,TRUE,"High outlier: ₹15933 > upper fence ₹10806 (Q3: ₹8335, IQR: ₹1647)",17:00,FALSE
fare_DEL-BOM_IX_2026-09-25_T+30_1788701811772_2y7q,DEL-BOM,EaseMyTrip,IX,IX-1068,2026-09-25,T+30,13626,2991,16617,2026-08-26T00:56:54.906Z,TRUE,"High outlier: ₹16617 > upper fence ₹10806 (Q3: ₹8335, IQR: ₹1647)",11:55,FALSE
fare_DEL-BOM_AI_2026-09-25_T+30_1788701811772_qbxf,DEL-BOM,EaseMyTrip,AI,AI-2907,2026-09-25,T+30,14034,3081,17115,2026-08-26T00:56:54.906Z,TRUE,"High outlier: ₹17115 > upper fence ₹10806 (Q3: ₹8335, IQR: ₹1647)",12:00,FALSE
fare_DEL-BOM_IX_2026-09-25_T+30_1788701811772_qxq2,DEL-BOM,EaseMyTrip,IX,IX-1049,2026-09-25,T+30,14111,3098,17209,2026-08-26T00:56:54.906Z,TRUE,"High outlier: ₹17209 > upper fence ₹10806 (Q3: ₹8335, IQR: ₹1647)",18:40,FALSE
fare_DEL-BOM_AI_2026-09-25_T+30_1788701811772_aoe0,DEL-BOM,EaseMyTrip,AI,AI-1773,2026-09-25,T+30,14497,3182,17679,2026-08-26T00:56:54.906Z,TRUE,"High outlier: ₹17679 > upper fence ₹10806 (Q3: ₹8335, IQR: ₹1647)",10:30,FALSE
fare_DEL-BOM_AI_2026-09-25_T+30_1788701811772_zgrd,DEL-BOM,EaseMyTrip,AI,AI-1703,2026-09-25,T+30,14497,3182,17679,2026-08-26T00:56:54.906Z,TRUE,"High outlier: ₹17679 > upper fence ₹10806 (Q3: ₹8335, IQR: ₹1647)",05:10,FALSE
fare_DEL-BOM_IX_2026-09-25_T+30_1788701811772_lr85,DEL-BOM,EaseMyTrip,IX,IX-1783,2026-09-25,T+30,14566,3197,17763,2026-08-26T00:56:54.906Z,TRUE,"High outlier: ₹17763 > upper fence ₹10806 (Q3: ₹8335, IQR: ₹1647)",07:20,FALSE
fare_DEL-BOM_AI_2026-09-25_T+30_1788701811772_6106,DEL-BOM,EaseMyTrip,AI,AI-2577,2026-09-25,T+30,14577,3200,17777,2026-08-26T00:56:54.906Z,TRUE,"High outlier: ₹17777 > upper fence ₹10806 (Q3: ₹8335, IQR: ₹1647)",02:00,FALSE
fare_DEL-BOM_AI_2026-09-25_T+30_1788701811772_3t76,DEL-BOM,EaseMyTrip,AI,AI-2859,2026-09-25,T+30,14854,3261,18115,2026-08-26T00:56:54.906Z,TRUE,"High outlier: ₹18115 > upper fence ₹10806 (Q3: ₹8335, IQR: ₹1647)",10:30,FALSE
fare_DEL-BOM_AI_2026-09-25_T+30_1788701811772_x1h2,DEL-BOM,EaseMyTrip,AI,AI-2803,2026-09-25,T+30,16370,3593,19963,2026-08-26T00:56:54.906Z,TRUE,"High outlier: ₹19963 > upper fence ₹10806 (Q3: ₹8335, IQR: ₹1647)",06:30,FALSE
fare_DEL-BOM_IX_2026-09-25_T+30_1788701811772_1jvm,DEL-BOM,EaseMyTrip,IX,IX-1817,2026-09-25,T+30,17080,3749,20829,2026-08-26T00:56:54.906Z,TRUE,"High outlier: ₹20829 > upper fence ₹10806 (Q3: ₹8335, IQR: ₹1647)",19:30,FALSE
fare_DEL-BOM_AI_2026-09-25_T+30_1788701811772_7jgf,DEL-BOM,EaseMyTrip,AI,AI-1739,2026-09-25,T+30,17408,3821,21229,2026-08-26T00:56:54.906Z,TRUE,"High outlier: ₹21229 > upper fence ₹10806 (Q3: ₹8335, IQR: ₹1647)",11:30,FALSE
fare_DEL-BOM_AI_2026-09-25_T+30_1788701811772_tr9p,DEL-BOM,EaseMyTrip,AI,AI-2465,2026-09-25,T+30,17792,3905,21697,2026-08-26T00:56:54.906Z,TRUE,"High outlier: ₹21697 > upper fence ₹10806 (Q3: ₹8335, IQR: ₹1647)",14:30,FALSE
fare_DEL-BOM_AI_2026-09-25_T+30_1788701811772_7gij,DEL-BOM,EaseMyTrip,AI,AI-2525,2026-09-25,T+30,18475,4056,22531,2026-08-26T00:56:54.906Z,TRUE,"High outlier: ₹22531 > upper fence ₹10806 (Q3: ₹8335, IQR: ₹1647)",06:00,FALSE
fare_DEL-BOM_AI_2026-09-25_T+30_1788701811772_ohip,DEL-BOM,EaseMyTrip,AI,AI-9757,2026-09-25,T+30,18728,4111,22839,2026-08-26T00:56:54.906Z,TRUE,"High outlier: ₹22839 > upper fence ₹10806 (Q3: ₹8335, IQR: ₹1647)",11:50,FALSE
fare_DEL-BOM_AI_2026-09-25_T+30_1788701811772_ebzo,DEL-BOM,EaseMyTrip,AI,AI-2483,2026-09-25,T+30,18767,4120,22887,2026-08-26T00:56:54.906Z,TRUE,"High outlier: ₹22887 > upper fence ₹10806 (Q3: ₹8335, IQR: ₹1647)",12:20,FALSE
fare_DEL-BOM_AI_2026-09-25_T+30_1788701811772_o8nn,DEL-BOM,EaseMyTrip,AI,AI-2627,2026-09-25,T+30,23105,5072,28177,2026-08-26T00:56:54.906Z,TRUE,"High outlier: ₹28177 > upper fence ₹10806 (Q3: ₹8335, IQR: ₹1647)",10:45,FALSE
fare_DEL-BOM_6E_2026-10-10_T+45_1788701811773_n5id,DEL-BOM,EaseMyTrip,6E,6E-481,2026-10-10,T+45,4985,1094,6079,2026-08-26T00:57:01.004Z,FALSE,"",23:30,TRUE
fare_DEL-BOM_6E_2026-10-10_T+45_1788701811773_h57c,DEL-BOM,EaseMyTrip,6E,6E-248,2026-10-10,T+45,4985,1094,6079,2026-08-26T00:57:01.004Z,FALSE,"",23:30,TRUE
fare_DEL-BOM_6E_2026-10-10_T+45_1788701811773_jbio,DEL-BOM,EaseMyTrip,6E,6E-773,2026-10-10,T+45,4985,1094,6079,2026-08-26T00:57:01.004Z,FALSE,"",19:00,TRUE
fare_DEL-BOM_6E_2026-10-10_T+45_1788701811773_e3hd,DEL-BOM,EaseMyTrip,6E,6E-127,2026-10-10,T+45,4985,1094,6079,2026-08-26T00:57:01.004Z,FALSE,"",19:00,TRUE
fare_DEL-BOM_6E_2026-10-10_T+45_1788701811773_1dwn,DEL-BOM,EaseMyTrip,6E,6E-672,2026-10-10,T+45,4985,1094,6079,2026-08-26T00:57:01.004Z,FALSE,"",18:00,TRUE
fare_DEL-BOM_6E_2026-10-10_T+45_1788701811773_igfw,DEL-BOM,EaseMyTrip,6E,6E-846,2026-10-10,T+45,4985,1094,6079,2026-08-26T00:57:01.004Z,FALSE,"",18:00,TRUE
fare_DEL-BOM_6E_2026-10-10_T+45_1788701811773_jntw,DEL-BOM,EaseMyTrip,6E,6E-6706,2026-10-10,T+45,4985,1094,6079,2026-08-26T00:57:01.004Z,FALSE,"",17:00,TRUE
fare_DEL-BOM_6E_2026-10-10_T+45_1788701811773_boku,DEL-BOM,EaseMyTrip,6E,6E-617,2026-10-10,T+45,4985,1094,6079,2026-08-26T00:57:01.004Z,FALSE,"",16:15,TRUE
fare_DEL-BOM_6E_2026-10-10_T+45_1788701811773_3txv,DEL-BOM,EaseMyTrip,6E,6E-635,2026-10-10,T+45,4985,1094,6079,2026-08-26T00:57:01.004Z,FALSE,"",16:15,TRUE
fare_DEL-BOM_6E_2026-10-10_T+45_1788701811773_b7ys,DEL-BOM,EaseMyTrip,6E,6E-323,2026-10-10,T+45,4985,1094,6079,2026-08-26T00:57:01.004Z,FALSE,"",15:30,TRUE
fare_DEL-BOM_6E_2026-10-10_T+45_1788701811773_4nv2,DEL-BOM,EaseMyTrip,6E,6E-605,2026-10-10,T+45,4985,1094,6079,2026-08-26T00:57:01.004Z,FALSE,"",15:30,TRUE
fare_DEL-BOM_6E_2026-10-10_T+45_1788701811773_1tu5,DEL-BOM,EaseMyTrip,6E,6E-6328,2026-10-10,T+45,4985,1094,6079,2026-08-26T00:57:01.004Z,FALSE,"",10:15,TRUE
fare_DEL-BOM_6E_2026-10-10_T+45_1788701811773_bry9,DEL-BOM,EaseMyTrip,6E,6E-266,2026-10-10,T+45,4985,1094,6079,2026-08-26T00:57:01.004Z,FALSE,"",08:45,TRUE
fare_DEL-BOM_6E_2026-10-10_T+45_1788701811773_wy42,DEL-BOM,EaseMyTrip,6E,6E-309,2026-10-10,T+45,4985,1094,6079,2026-08-26T00:57:01.004Z,FALSE,"",08:45,TRUE
fare_DEL-BOM_6E_2026-10-10_T+45_1788701811773_aaqd,DEL-BOM,EaseMyTrip,6E,6E-918,2026-10-10,T+45,5114,1122,6236,2026-08-26T00:57:01.004Z,FALSE,"",03:00,TRUE
fare_DEL-BOM_6E_2026-10-10_T+45_1788701811773_9b53,DEL-BOM,EaseMyTrip,6E,6E-369,2026-10-10,T+45,5114,1122,6236,2026-08-26T00:57:01.004Z,FALSE,"",03:00,TRUE
fare_DEL-BOM_6E_2026-10-10_T+45_1788701811773_trk2,DEL-BOM,EaseMyTrip,6E,6E-6114,2026-10-10,T+45,5114,1122,6236,2026-08-26T00:57:01.004Z,FALSE,"",22:45,TRUE
fare_DEL-BOM_6E_2026-10-10_T+45_1788701811773_78he,DEL-BOM,EaseMyTrip,6E,6E-293,2026-10-10,T+45,5114,1122,6236,2026-08-26T00:57:01.004Z,FALSE,"",21:45,TRUE
fare_DEL-BOM_6E_2026-10-10_T+45_1788701811773_isz3,DEL-BOM,EaseMyTrip,6E,6E-418,2026-10-10,T+45,5114,1122,6236,2026-08-26T00:57:01.004Z,FALSE,"",21:45,TRUE
fare_DEL-BOM_6E_2026-10-10_T+45_1788701811773_cf9p,DEL-BOM,EaseMyTrip,6E,6E-349,2026-10-10,T+45,5114,1122,6236,2026-08-26T00:57:01.004Z,FALSE,"",20:45,TRUE
fare_DEL-BOM_6E_2026-10-10_T+45_1788701811773_7l1y,DEL-BOM,EaseMyTrip,6E,6E-329,2026-10-10,T+45,5114,1122,6236,2026-08-26T00:57:01.004Z,FALSE,"",20:45,TRUE
fare_DEL-BOM_6E_2026-10-10_T+45_1788701811773_j3go,DEL-BOM,EaseMyTrip,6E,6E-6022,2026-10-10,T+45,5114,1122,6236,2026-08-26T00:57:01.004Z,FALSE,"",14:00,TRUE
fare_DEL-BOM_6E_2026-10-10_T+45_1788701811773_ztg5,DEL-BOM,EaseMyTrip,6E,6E-6318,2026-10-10,T+45,5114,1122,6236,2026-08-26T00:57:01.004Z,FALSE,"",14:45,TRUE
fare_DEL-BOM_6E_2026-10-10_T+45_1788701811773_neyo,DEL-BOM,EaseMyTrip,6E,6E-264,2026-10-10,T+45,5114,1122,6236,2026-08-26T00:57:01.004Z,FALSE,"",05:00,TRUE
fare_DEL-BOM_6E_2026-10-10_T+45_1788701811773_8vil,DEL-BOM,EaseMyTrip,6E,6E-852,2026-10-10,T+45,5114,1122,6236,2026-08-26T00:57:01.004Z,FALSE,"",05:00,TRUE
fare_DEL-BOM_6E_2026-10-10_T+45_1788701811773_292h,DEL-BOM,EaseMyTrip,6E,6E-6218,2026-10-10,T+45,5114,1122,6236,2026-08-26T00:57:01.004Z,FALSE,"",06:05,TRUE
fare_DEL-BOM_6E_2026-10-10_T+45_1788701811773_nqfj,DEL-BOM,EaseMyTrip,6E,6E-6814,2026-10-10,T+45,5114,1122,6236,2026-08-26T00:57:01.004Z,FALSE,"",07:15,TRUE
fare_DEL-BOM_6E_2026-10-10_T+45_1788701811773_mlct,DEL-BOM,EaseMyTrip,6E,6E-355,2026-10-10,T+45,5114,1122,6236,2026-08-26T00:57:01.004Z,FALSE,"",08:00,TRUE
fare_DEL-BOM_6E_2026-10-10_T+45_1788701811773_4euj,DEL-BOM,EaseMyTrip,6E,6E-356,2026-10-10,T+45,5114,1122,6236,2026-08-26T00:57:01.004Z,FALSE,"",08:00,TRUE
fare_DEL-BOM_6E_2026-10-10_T+45_1788701811773_v9ir,DEL-BOM,EaseMyTrip,6E,6E-6107,2026-10-10,T+45,5114,1122,6236,2026-08-26T00:57:01.004Z,FALSE,"",09:30,TRUE
fare_DEL-BOM_6E_2026-10-10_T+45_1788701811773_vr56,DEL-BOM,EaseMyTrip,6E,6E-6047,2026-10-10,T+45,5114,1122,6236,2026-08-26T00:57:01.004Z,FALSE,"",11:00,TRUE
fare_DEL-BOM_6E_2026-10-10_T+45_1788701811773_5aw4,DEL-BOM,EaseMyTrip,6E,6E-6676,2026-10-10,T+45,5114,1122,6236,2026-08-26T00:57:01.004Z,FALSE,"",12:00,TRUE
fare_DEL-BOM_6E_2026-10-10_T+45_1788701811773_yjy9,DEL-BOM,EaseMyTrip,6E,6E-664,2026-10-10,T+45,5114,1122,6236,2026-08-26T00:57:01.004Z,FALSE,"",13:00,TRUE
fare_DEL-BOM_6E_2026-10-10_T+45_1788701811773_e59u,DEL-BOM,EaseMyTrip,6E,6E-993,2026-10-10,T+45,5114,1122,6236,2026-08-26T00:57:01.004Z,FALSE,"",13:00,TRUE
fare_DEL-BOM_IX_2026-10-10_T+45_1788701811773_wiw2,DEL-BOM,EaseMyTrip,IX,IX-1463,2026-10-10,T+45,5355,1175,6530,2026-08-26T00:57:01.004Z,FALSE,"",11:15,TRUE
fare_DEL-BOM_IX_2026-10-10_T+45_1788701811773_tetc,DEL-BOM,EaseMyTrip,IX,IX-1038,2026-10-10,T+45,5355,1175,6530,2026-08-26T00:57:01.004Z,FALSE,"",17:35,TRUE
fare_DEL-BOM_IX_2026-10-10_T+45_1788701811773_3t3x,DEL-BOM,EaseMyTrip,IX,IX-1024,2026-10-10,T+45,5355,1175,6530,2026-08-26T00:57:01.004Z,FALSE,"",18:40,TRUE
fare_DEL-BOM_IX_2026-10-10_T+45_1788701811773_5n8w,DEL-BOM,EaseMyTrip,IX,IX-1165,2026-10-10,T+45,5400,1185,6585,2026-08-26T00:57:01.004Z,FALSE,"",06:00,FALSE
fare_DEL-BOM_SG_2026-10-10_T+45_1788701811773_7n22,DEL-BOM,EaseMyTrip,SG,SG-807,2026-10-10,T+45,5353,1175,6528,2026-08-26T00:57:01.004Z,FALSE,"",04:00,TRUE
fare_DEL-BOM_SG_2026-10-10_T+45_1788701811773_zlqt,DEL-BOM,EaseMyTrip,SG,SG-674,2026-10-10,T+45,5353,1175,6528,2026-08-26T00:57:01.004Z,FALSE,"",04:00,TRUE
fare_DEL-BOM_SG_2026-10-10_T+45_1788701811773_v3c5,DEL-BOM,EaseMyTrip,SG,SG-426,2026-10-10,T+45,5353,1175,6528,2026-08-26T00:57:01.004Z,FALSE,"",09:15,TRUE
fare_DEL-BOM_SG_2026-10-10_T+45_1788701811773_e76q,DEL-BOM,EaseMyTrip,SG,SG-429,2026-10-10,T+45,5353,1175,6528,2026-08-26T00:57:01.004Z,FALSE,"",09:15,TRUE
fare_DEL-BOM_SG_2026-10-10_T+45_1788701811773_dwzg,DEL-BOM,EaseMyTrip,SG,SG-196,2026-10-10,T+45,5353,1175,6528,2026-08-26T00:57:01.004Z,FALSE,"",14:45,TRUE
fare_DEL-BOM_SG_2026-10-10_T+45_1788701811773_3p6j,DEL-BOM,EaseMyTrip,SG,SG-475,2026-10-10,T+45,5353,1175,6528,2026-08-26T00:57:01.004Z,FALSE,"",14:45,TRUE
fare_DEL-BOM_SG_2026-10-10_T+45_1788701811773_p7o1,DEL-BOM,EaseMyTrip,SG,SG-762,2026-10-10,T+45,5353,1175,6528,2026-08-26T00:57:01.004Z,FALSE,"",18:35,TRUE
fare_DEL-BOM_SG_2026-10-10_T+45_1788701811773_a7j8,DEL-BOM,EaseMyTrip,SG,SG-665,2026-10-10,T+45,5353,1175,6528,2026-08-26T00:57:01.004Z,FALSE,"",18:35,TRUE
fare_DEL-BOM_SG_2026-10-10_T+45_1788701811773_7b4q,DEL-BOM,EaseMyTrip,SG,SG-602,2026-10-10,T+45,5353,1175,6528,2026-08-26T00:57:01.004Z,FALSE,"",20:10,TRUE
fare_DEL-BOM_SG_2026-10-10_T+45_1788701811773_67by,DEL-BOM,EaseMyTrip,SG,SG-799,2026-10-10,T+45,5353,1175,6528,2026-08-26T00:57:01.004Z,FALSE,"",20:10,TRUE
fare_DEL-BOM_SG_2026-10-10_T+45_1788701811773_627z,DEL-BOM,EaseMyTrip,SG,SG-541,2026-10-10,T+45,5353,1175,6528,2026-08-26T00:57:01.004Z,FALSE,"",22:30,TRUE
fare_DEL-BOM_SG_2026-10-10_T+45_1788701811773_xibj,DEL-BOM,EaseMyTrip,SG,SG-205,2026-10-10,T+45,5353,1175,6528,2026-08-26T00:57:01.004Z,FALSE,"",22:30,TRUE
fare_DEL-BOM_6E_2026-10-10_T+45_1788701811773_sphc,DEL-BOM,EaseMyTrip,6E,6E-5096,2026-10-10,T+45,5282,1160,6442,2026-08-26T00:57:01.004Z,FALSE,"",17:00,TRUE
fare_DEL-BOM_6E_2026-10-10_T+45_1788701811773_4psw,DEL-BOM,EaseMyTrip,6E,6E-987,2026-10-10,T+45,5286,1160,6446,2026-08-26T00:57:01.004Z,FALSE,"",20:00,TRUE
fare_DEL-BOM_6E_2026-10-10_T+45_1788701811773_qdy8,DEL-BOM,EaseMyTrip,6E,6E-807,2026-10-10,T+45,5286,1160,6446,2026-08-26T00:57:01.004Z,FALSE,"",20:00,TRUE
fare_DEL-BOM_6E_2026-10-10_T+45_1788701811773_vzbz,DEL-BOM,EaseMyTrip,6E,6E-574,2026-10-10,T+45,5354,1175,6529,2026-08-26T00:57:01.004Z,FALSE,"",20:20,TRUE
fare_DEL-BOM_6E_2026-10-10_T+45_1788701811773_ojbu,DEL-BOM,EaseMyTrip,6E,6E-724,2026-10-10,T+45,5354,1175,6529,2026-08-26T00:57:01.004Z,FALSE,"",20:20,TRUE
fare_DEL-BOM_6E_2026-10-10_T+45_1788701811773_2t0a,DEL-BOM,EaseMyTrip,6E,6E-6470,2026-10-10,T+45,5354,1175,6529,2026-08-26T00:57:01.004Z,FALSE,"",06:55,TRUE
fare_DEL-BOM_QP_2026-10-10_T+45_1788701811773_ldbd,DEL-BOM,EaseMyTrip,QP,QP-1833,2026-10-10,T+45,5355,1175,6530,2026-08-26T00:57:01.004Z,FALSE,"",06:50,TRUE
fare_DEL-BOM_QP_2026-10-10_T+45_1788701811773_rdqf,DEL-BOM,EaseMyTrip,QP,QP-1110,2026-10-10,T+45,5355,1175,6530,2026-08-26T00:57:01.004Z,FALSE,"",10:00,TRUE
fare_DEL-BOM_QP_2026-10-10_T+45_1788701811773_opz6,DEL-BOM,EaseMyTrip,QP,QP-1128,2026-10-10,T+45,5355,1175,6530,2026-08-26T00:57:01.004Z,FALSE,"",16:00,TRUE
fare_DEL-BOM_QP_2026-10-10_T+45_1788701811773_3mv8,DEL-BOM,EaseMyTrip,QP,QP-1820,2026-10-10,T+45,5355,1175,6530,2026-08-26T00:57:01.004Z,FALSE,"",17:30,TRUE
fare_DEL-BOM_QP_2026-10-10_T+45_1788701811773_35fm,DEL-BOM,EaseMyTrip,QP,QP-1119,2026-10-10,T+45,5355,1175,6530,2026-08-26T00:57:01.004Z,FALSE,"",08:40,TRUE
fare_DEL-BOM_QP_2026-10-10_T+45_1788701811773_7kl4,DEL-BOM,EaseMyTrip,QP,QP-1826,2026-10-10,T+45,5355,1175,6530,2026-08-26T00:57:01.004Z,FALSE,"",19:55,TRUE
fare_DEL-BOM_QP_2026-10-10_T+45_1788701811773_ybq2,DEL-BOM,EaseMyTrip,QP,QP-2012,2026-10-10,T+45,5416,1189,6605,2026-08-26T00:57:01.004Z,FALSE,"",08:55,TRUE
fare_DEL-BOM_6E_2026-10-10_T+45_1788701811773_shpr,DEL-BOM,EaseMyTrip,6E,6E-5198,2026-10-10,T+45,5427,1191,6618,2026-08-26T00:57:01.004Z,FALSE,"",15:00,TRUE
fare_DEL-BOM_AI_2026-10-10_T+45_1788701811773_pmw1,DEL-BOM,EaseMyTrip,AI,AI-2678,2026-10-10,T+45,5740,1260,7000,2026-08-26T00:57:01.004Z,FALSE,"",08:30,TRUE
fare_DEL-BOM_AI_2026-10-10_T+45_1788701811773_j8ef,DEL-BOM,EaseMyTrip,AI,AI-2963,2026-10-10,T+45,5740,1260,7000,2026-08-26T00:57:01.004Z,FALSE,"",09:00,TRUE
fare_DEL-BOM_AI_2026-10-10_T+45_1788701811773_qpq3,DEL-BOM,EaseMyTrip,AI,AI-2975,2026-10-10,T+45,5740,1260,7000,2026-08-26T00:57:01.004Z,FALSE,"",06:30,TRUE
fare_DEL-BOM_AI_2026-10-10_T+45_1788701811773_ysm2,DEL-BOM,EaseMyTrip,AI,AI-2425,2026-10-10,T+45,5740,1260,7000,2026-08-26T00:57:01.004Z,FALSE,"",10:30,TRUE
fare_DEL-BOM_AI_2026-10-10_T+45_1788701811773_n7hf,DEL-BOM,EaseMyTrip,AI,AI-2981,2026-10-10,T+45,5740,1260,7000,2026-08-26T00:57:01.004Z,FALSE,"",21:00,TRUE
fare_DEL-BOM_AI_2026-10-10_T+45_1788701811773_vo6h,DEL-BOM,EaseMyTrip,AI,AI-1745,2026-10-10,T+45,5740,1260,7000,2026-08-26T00:57:01.004Z,FALSE,"",05:00,TRUE
fare_DEL-BOM_AI_2026-10-10_T+45_1788701811773_8sfl,DEL-BOM,EaseMyTrip,AI,AI-2429,2026-10-10,T+45,5740,1260,7000,2026-08-26T00:57:01.004Z,FALSE,"",07:00,TRUE
fare_DEL-BOM_AI_2026-10-10_T+45_1788701811773_o33t,DEL-BOM,EaseMyTrip,AI,AI-2995,2026-10-10,T+45,5740,1260,7000,2026-08-26T00:57:01.004Z,FALSE,"",10:00,TRUE
fare_DEL-BOM_AI_2026-10-10_T+45_1788701811773_l1ny,DEL-BOM,EaseMyTrip,AI,AI-2945,2026-10-10,T+45,5740,1260,7000,2026-08-26T00:57:01.004Z,FALSE,"",11:00,TRUE
fare_DEL-BOM_AI_2026-10-10_T+45_1788701811773_jpip,DEL-BOM,EaseMyTrip,AI,AI-2441,2026-10-10,T+45,5740,1260,7000,2026-08-26T00:57:01.004Z,FALSE,"",14:10,TRUE
fare_DEL-BOM_AI_2026-10-10_T+45_1788701811773_r1gl,DEL-BOM,EaseMyTrip,AI,AI-2933,2026-10-10,T+45,5740,1260,7000,2026-08-26T00:57:01.004Z,FALSE,"",15:30,TRUE
fare_DEL-BOM_AI_2026-10-10_T+45_1788701811773_d9fu,DEL-BOM,EaseMyTrip,AI,AI-441,2026-10-10,T+45,5740,1260,7000,2026-08-26T00:57:01.004Z,FALSE,"",17:00,TRUE
fare_DEL-BOM_AI_2026-10-10_T+45_1788701811773_ulko,DEL-BOM,EaseMyTrip,AI,AI-2927,2026-10-10,T+45,5740,1260,7000,2026-08-26T00:57:01.004Z,FALSE,"",09:30,TRUE
fare_DEL-BOM_AI_2026-10-10_T+45_1788701811773_i4nq,DEL-BOM,EaseMyTrip,AI,AI-2957,2026-10-10,T+45,5740,1260,7000,2026-08-26T00:57:01.004Z,FALSE,"",20:30,TRUE
fare_DEL-BOM_AI_2026-10-10_T+45_1788701811773_a6v9,DEL-BOM,EaseMyTrip,AI,AI-1780,2026-10-10,T+45,5740,1260,7000,2026-08-26T00:57:01.004Z,FALSE,"",14:30,TRUE
fare_DEL-BOM_IX_2026-10-10_T+45_1788701811773_ruab,DEL-BOM,EaseMyTrip,IX,IX-1235,2026-10-10,T+45,5928,1301,7229,2026-08-26T00:57:01.004Z,FALSE,"",23:25,TRUE
fare_DEL-BOM_AI_2026-10-10_T+45_1788701811773_5xf7,DEL-BOM,EaseMyTrip,AI,AI-2951,2026-10-10,T+45,5870,1289,7159,2026-08-26T00:57:01.004Z,FALSE,"",13:30,TRUE
fare_DEL-BOM_AI_2026-10-10_T+45_1788701811773_6v0g,DEL-BOM,EaseMyTrip,AI,AI-2985,2026-10-10,T+45,5882,1291,7173,2026-08-26T00:57:01.004Z,FALSE,"",19:30,TRUE
fare_DEL-BOM_AI_2026-10-10_T+45_1788701811773_b0p6,DEL-BOM,EaseMyTrip,AI,AI-1777,2026-10-10,T+45,5882,1291,7173,2026-08-26T00:57:01.004Z,FALSE,"",16:00,TRUE
fare_DEL-BOM_AI_2026-10-10_T+45_1788701811773_oc8x,DEL-BOM,EaseMyTrip,AI,AI-2943,2026-10-10,T+45,5882,1291,7173,2026-08-26T00:57:01.004Z,FALSE,"",07:30,TRUE
fare_DEL-BOM_AI_2026-10-10_T+45_1788701811773_gb9z,DEL-BOM,EaseMyTrip,AI,AI-1785,2026-10-10,T+45,5882,1291,7173,2026-08-26T00:57:01.004Z,FALSE,"",12:00,TRUE
fare_DEL-BOM_AI_2026-10-10_T+45_1788701811773_nlsx,DEL-BOM,EaseMyTrip,AI,AI-2433,2026-10-10,T+45,5882,1291,7173,2026-08-26T00:57:01.004Z,FALSE,"",21:30,TRUE
fare_DEL-BOM_AI_2026-10-10_T+45_1788701811773_widp,DEL-BOM,EaseMyTrip,AI,AI-2439,2026-10-10,T+45,5977,1312,7289,2026-08-26T00:57:01.004Z,FALSE,"",23:00,TRUE
fare_DEL-BOM_AI_2026-10-10_T+45_1788701811773_5s3x,DEL-BOM,EaseMyTrip,AI,AI-2977,2026-10-10,T+45,6025,1322,7347,2026-08-26T00:57:01.004Z,FALSE,"",19:00,TRUE
fare_DEL-BOM_AI_2026-10-10_T+45_1788701811773_b64v,DEL-BOM,EaseMyTrip,AI,AI-2955,2026-10-10,T+45,6025,1322,7347,2026-08-26T00:57:01.004Z,FALSE,"",18:00,TRUE
fare_DEL-BOM_6E_2026-10-10_T+45_1788701811773_fm43,DEL-BOM,EaseMyTrip,6E,6E-150,2026-10-10,T+45,5920,1299,7219,2026-08-26T00:57:01.004Z,FALSE,"",14:50,FALSE
fare_DEL-BOM_6E_2026-10-10_T+45_1788701811773_fmx1,DEL-BOM,EaseMyTrip,6E,6E-263,2026-10-10,T+45,5920,1299,7219,2026-08-26T00:57:01.004Z,FALSE,"",14:50,FALSE
fare_DEL-BOM_6E_2026-10-10_T+45_1788701811773_gkxn,DEL-BOM,EaseMyTrip,6E,6E-5119,2026-10-10,T+45,5920,1299,7219,2026-08-26T00:57:01.004Z,FALSE,"",05:10,FALSE
fare_DEL-BOM_6E_2026-10-10_T+45_1788701811773_5ql1,DEL-BOM,EaseMyTrip,6E,6E-6190,2026-10-10,T+45,5920,1299,7219,2026-08-26T00:57:01.004Z,FALSE,"",07:40,FALSE
fare_DEL-BOM_6E_2026-10-10_T+45_1788701811773_d19s,DEL-BOM,EaseMyTrip,6E,6E-104,2026-10-10,T+45,5920,1299,7219,2026-08-26T00:57:01.004Z,FALSE,"",10:00,FALSE
fare_DEL-BOM_6E_2026-10-10_T+45_1788701811773_lwh7,DEL-BOM,EaseMyTrip,6E,6E-767,2026-10-10,T+45,5920,1299,7219,2026-08-26T00:57:01.004Z,FALSE,"",10:00,FALSE
fare_DEL-BOM_6E_2026-10-10_T+45_1788701811773_16n3,DEL-BOM,EaseMyTrip,6E,6E-2341,2026-10-10,T+45,5920,1299,7219,2026-08-26T00:57:01.004Z,FALSE,"",14:50,FALSE
fare_DEL-BOM_6E_2026-10-10_T+45_1788701811773_xju3,DEL-BOM,EaseMyTrip,6E,6E-2037,2026-10-10,T+45,5920,1299,7219,2026-08-26T00:57:01.004Z,FALSE,"",10:55,FALSE
fare_DEL-BOM_6E_2026-10-10_T+45_1788701811773_3b66,DEL-BOM,EaseMyTrip,6E,6E-2076,2026-10-10,T+45,5920,1299,7219,2026-08-26T00:57:01.004Z,FALSE,"",07:30,FALSE
fare_DEL-BOM_6E_2026-10-10_T+45_1788701811773_u6wh,DEL-BOM,EaseMyTrip,6E,6E-2331,2026-10-10,T+45,5920,1299,7219,2026-08-26T00:57:01.004Z,FALSE,"",12:20,FALSE
fare_DEL-BOM_6E_2026-10-10_T+45_1788701811773_xxkk,DEL-BOM,EaseMyTrip,6E,6E-6261,2026-10-10,T+45,5920,1299,7219,2026-08-26T00:57:01.004Z,FALSE,"",00:15,FALSE
fare_DEL-BOM_6E_2026-10-10_T+45_1788701811773_rh0x,DEL-BOM,EaseMyTrip,6E,6E-440,2026-10-10,T+45,5920,1299,7219,2026-08-26T00:57:01.004Z,FALSE,"",10:00,FALSE
fare_DEL-BOM_6E_2026-10-10_T+45_1788701811773_3iuo,DEL-BOM,EaseMyTrip,6E,6E-326,2026-10-10,T+45,5920,1299,7219,2026-08-26T00:57:01.004Z,FALSE,"",10:00,FALSE
fare_DEL-BOM_6E_2026-10-10_T+45_1788701811773_s488,DEL-BOM,EaseMyTrip,6E,6E-5014,2026-10-10,T+45,5963,1309,7272,2026-08-26T00:57:01.004Z,FALSE,"",18:30,FALSE
fare_DEL-BOM_6E_2026-10-10_T+45_1788701811773_deeh,DEL-BOM,EaseMyTrip,6E,6E-6454,2026-10-10,T+45,5963,1309,7272,2026-08-26T00:57:01.004Z,FALSE,"",13:50,FALSE
fare_DEL-BOM_6E_2026-10-10_T+45_1788701811773_pzfq,DEL-BOM,EaseMyTrip,6E,6E-5073,2026-10-10,T+45,5963,1309,7272,2026-08-26T00:57:01.004Z,FALSE,"",17:05,FALSE
fare_DEL-BOM_6E_2026-10-10_T+45_1788701811773_8o3q,DEL-BOM,EaseMyTrip,6E,6E-6171,2026-10-10,T+45,5963,1309,7272,2026-08-26T00:57:01.004Z,FALSE,"",05:40,FALSE
fare_DEL-BOM_6E_2026-10-10_T+45_1788701811773_hk68,DEL-BOM,EaseMyTrip,6E,6E-6983,2026-10-10,T+45,5963,1309,7272,2026-08-26T00:57:01.004Z,FALSE,"",15:35,FALSE
fare_DEL-BOM_6E_2026-10-10_T+45_1788701811773_0y2t,DEL-BOM,EaseMyTrip,6E,6E-560,2026-10-10,T+45,5963,1309,7272,2026-08-26T00:57:01.004Z,FALSE,"",19:30,FALSE
fare_DEL-BOM_6E_2026-10-10_T+45_1788701811773_o9g7,DEL-BOM,EaseMyTrip,6E,6E-2013,2026-10-10,T+45,5963,1309,7272,2026-08-26T00:57:01.004Z,FALSE,"",21:50,FALSE
fare_DEL-BOM_6E_2026-10-10_T+45_1788701811773_vv0g,DEL-BOM,EaseMyTrip,6E,6E-6490,2026-10-10,T+45,6027,1323,7350,2026-08-26T00:57:01.004Z,FALSE,"",04:55,FALSE
fare_DEL-BOM_6E_2026-10-10_T+45_1788701811773_e3ja,DEL-BOM,EaseMyTrip,6E,6E-2249,2026-10-10,T+45,6027,1323,7350,2026-08-26T00:57:01.004Z,FALSE,"",15:00,FALSE
fare_DEL-BOM_6E_2026-10-10_T+45_1788701811773_silm,DEL-BOM,EaseMyTrip,6E,6E-2169,2026-10-10,T+45,6070,1333,7403,2026-08-26T00:57:01.004Z,FALSE,"",19:40,FALSE
fare_DEL-BOM_6E_2026-10-10_T+45_1788701811773_30vw,DEL-BOM,EaseMyTrip,6E,6E-6829,2026-10-10,T+45,6070,1333,7403,2026-08-26T00:57:01.004Z,FALSE,"",17:20,FALSE
fare_DEL-BOM_6E_2026-10-10_T+45_1788701811773_11y7,DEL-BOM,EaseMyTrip,6E,6E-6443,2026-10-10,T+45,6070,1333,7403,2026-08-26T00:57:01.004Z,FALSE,"",09:00,FALSE
fare_DEL-BOM_6E_2026-10-10_T+45_1788701811773_562t,DEL-BOM,EaseMyTrip,6E,6E-6433,2026-10-10,T+45,6070,1333,7403,2026-08-26T00:57:01.004Z,FALSE,"",16:30,FALSE
fare_DEL-BOM_6E_2026-10-10_T+45_1788701811773_58k8,DEL-BOM,EaseMyTrip,6E,6E-5138,2026-10-10,T+45,6070,1333,7403,2026-08-26T00:57:01.004Z,FALSE,"",19:10,FALSE
fare_DEL-BOM_6E_2026-10-10_T+45_1788701811773_v6c0,DEL-BOM,EaseMyTrip,6E,6E-6459,2026-10-10,T+45,6070,1333,7403,2026-08-26T00:57:01.004Z,FALSE,"",05:55,FALSE
fare_DEL-BOM_6E_2026-10-10_T+45_1788701811773_y3hf,DEL-BOM,EaseMyTrip,6E,6E-115,2026-10-10,T+45,6135,1347,7482,2026-08-26T00:57:01.004Z,FALSE,"",16:30,FALSE
fare_DEL-BOM_6E_2026-10-10_T+45_1788701811773_144p,DEL-BOM,EaseMyTrip,6E,6E-952,2026-10-10,T+45,6135,1347,7482,2026-08-26T00:57:01.004Z,FALSE,"",16:30,FALSE
fare_DEL-BOM_6E_2026-10-10_T+45_1788701811773_xwbg,DEL-BOM,EaseMyTrip,6E,6E-6479,2026-10-10,T+45,6135,1347,7482,2026-08-26T00:57:01.004Z,FALSE,"",21:25,FALSE
fare_DEL-BOM_6E_2026-10-10_T+45_1788701811773_mxfz,DEL-BOM,EaseMyTrip,6E,6E-2113,2026-10-10,T+45,6135,1347,7482,2026-08-26T00:57:01.004Z,FALSE,"",13:20,FALSE
fare_DEL-BOM_6E_2026-10-10_T+45_1788701811773_wcil,DEL-BOM,EaseMyTrip,6E,6E-6050,2026-10-10,T+45,6135,1347,7482,2026-08-26T00:57:01.004Z,FALSE,"",08:15,FALSE
fare_DEL-BOM_6E_2026-10-10_T+45_1788701811773_o0l7,DEL-BOM,EaseMyTrip,6E,6E-2147,2026-10-10,T+45,6135,1347,7482,2026-08-26T00:57:01.004Z,FALSE,"",11:10,FALSE
fare_DEL-BOM_6E_2026-10-10_T+45_1788701811773_ko61,DEL-BOM,EaseMyTrip,6E,6E-6212,2026-10-10,T+45,6243,1370,7613,2026-08-26T00:57:01.004Z,FALSE,"",14:45,FALSE
fare_DEL-BOM_6E_2026-10-10_T+45_1788701811773_pf6c,DEL-BOM,EaseMyTrip,6E,6E-6601,2026-10-10,T+45,6243,1370,7613,2026-08-26T00:57:01.004Z,FALSE,"",19:45,FALSE
fare_DEL-BOM_6E_2026-10-10_T+45_1788701811773_404t,DEL-BOM,EaseMyTrip,6E,6E-6282,2026-10-10,T+45,6243,1370,7613,2026-08-26T00:57:01.004Z,FALSE,"",13:30,FALSE
fare_DEL-BOM_6E_2026-10-10_T+45_1788701811773_f9eo,DEL-BOM,EaseMyTrip,6E,6E-158,2026-10-10,T+45,6243,1370,7613,2026-08-26T00:57:01.004Z,FALSE,"",23:15,FALSE
fare_DEL-BOM_6E_2026-10-10_T+45_1788701811773_8sem,DEL-BOM,EaseMyTrip,6E,6E-627,2026-10-10,T+45,6243,1370,7613,2026-08-26T00:57:01.004Z,FALSE,"",23:15,FALSE
fare_DEL-BOM_6E_2026-10-10_T+45_1788701811773_jitz,DEL-BOM,EaseMyTrip,6E,6E-7646,2026-10-10,T+45,6269,1376,7645,2026-08-26T00:57:01.004Z,FALSE,"",06:15,FALSE
fare_DEL-BOM_6E_2026-10-10_T+45_1788701811773_2wgq,DEL-BOM,EaseMyTrip,6E,6E-7642,2026-10-10,T+45,6312,1386,7698,2026-08-26T00:57:01.004Z,FALSE,"",15:45,FALSE
fare_DEL-BOM_6E_2026-10-10_T+45_1788701811773_5eh5,DEL-BOM,EaseMyTrip,6E,6E-5038,2026-10-10,T+45,6617,1453,8070,2026-08-26T00:57:01.004Z,FALSE,"",14:00,FALSE
fare_DEL-BOM_6E_2026-10-10_T+45_1788701811773_wo8x,DEL-BOM,EaseMyTrip,6E,6E-382,2026-10-10,T+45,6725,1476,8201,2026-08-26T00:57:01.004Z,FALSE,"",17:55,FALSE
fare_DEL-BOM_6E_2026-10-10_T+45_1788701811773_by39,DEL-BOM,EaseMyTrip,6E,6E-261,2026-10-10,T+45,6725,1476,8201,2026-08-26T00:57:01.004Z,FALSE,"",17:55,FALSE
fare_DEL-BOM_6E_2026-10-10_T+45_1788701811773_awt2,DEL-BOM,EaseMyTrip,6E,6E-6026,2026-10-10,T+45,6725,1476,8201,2026-08-26T00:57:01.004Z,FALSE,"",05:30,FALSE
fare_DEL-BOM_6E_2026-10-10_T+45_1788701811773_i139,DEL-BOM,EaseMyTrip,6E,6E-377,2026-10-10,T+45,6725,1476,8201,2026-08-26T00:57:01.004Z,FALSE,"",02:25,FALSE
fare_DEL-BOM_6E_2026-10-10_T+45_1788701811773_ouu9,DEL-BOM,EaseMyTrip,6E,6E-502,2026-10-10,T+45,6725,1476,8201,2026-08-26T00:57:01.004Z,FALSE,"",02:25,FALSE
fare_DEL-BOM_6E_2026-10-10_T+45_1788701811773_yuod,DEL-BOM,EaseMyTrip,6E,6E-2571,2026-10-10,T+45,6831,1500,8331,2026-08-26T00:57:01.004Z,FALSE,"",12:30,FALSE
fare_DEL-BOM_6E_2026-10-10_T+45_1788701811773_wvmy,DEL-BOM,EaseMyTrip,6E,6E-2381,2026-10-10,T+45,7256,1593,8849,2026-08-26T00:57:01.004Z,FALSE,"",13:45,FALSE
fare_DEL-BOM_IX_2026-10-10_T+45_1788701811773_8whd,DEL-BOM,EaseMyTrip,IX,IX-1051,2026-10-10,T+45,7532,1653,9185,2026-08-26T00:57:01.004Z,FALSE,"",19:05,FALSE
fare_DEL-BOM_IX_2026-10-10_T+45_1788701811773_awbq,DEL-BOM,EaseMyTrip,IX,IX-1056,2026-10-10,T+45,7650,1679,9329,2026-08-26T00:57:01.004Z,FALSE,"",17:50,TRUE
fare_DEL-BOM_6E_2026-10-10_T+45_1788701811773_qwhg,DEL-BOM,EaseMyTrip,6E,6E-5298,2026-10-10,T+45,8373,1838,10211,2026-08-26T00:57:01.004Z,FALSE,"",09:00,FALSE
fare_DEL-BOM_AI_2026-10-10_T+45_1788701811773_8gtk,DEL-BOM,EaseMyTrip,AI,AI-2761,2026-10-10,T+45,8673,1904,10577,2026-08-26T00:57:01.004Z,FALSE,"",16:25,FALSE
fare_DEL-BOM_AI_2026-10-10_T+45_1788701811773_b7h4,DEL-BOM,EaseMyTrip,AI,AI-1705,2026-10-10,T+45,8895,1952,10847,2026-08-26T00:57:01.004Z,FALSE,"",06:30,FALSE
fare_DEL-BOM_IX_2026-10-10_T+45_1788701811773_untq,DEL-BOM,EaseMyTrip,IX,IX-1049,2026-10-10,T+45,9008,1977,10985,2026-08-26T00:57:01.004Z,FALSE,"",18:40,FALSE
fare_DEL-BOM_AI_2026-10-10_T+45_1788701811773_mnxq,DEL-BOM,EaseMyTrip,AI,AI-2569,2026-10-10,T+45,9122,2002,11124,2026-08-26T00:57:01.004Z,FALSE,"",20:30,FALSE
fare_DEL-BOM_AI_2026-10-10_T+45_1788701811773_5b9z,DEL-BOM,EaseMyTrip,AI,AI-1710,2026-10-10,T+45,9447,2074,11521,2026-08-26T00:57:01.004Z,FALSE,"",18:35,FALSE
fare_DEL-BOM_IX_2026-10-10_T+45_1788701811773_2mi7,DEL-BOM,EaseMyTrip,IX,IX-1068,2026-10-10,T+45,9828,2157,11985,2026-08-26T00:57:01.004Z,FALSE,"",11:55,FALSE
fare_DEL-BOM_6E_2026-10-10_T+45_1788701811773_jslk,DEL-BOM,EaseMyTrip,6E,6E-346,2026-10-10,T+45,9619,2111,11730,2026-08-26T00:57:01.004Z,FALSE,"",12:10,FALSE
fare_DEL-BOM_6E_2026-10-10_T+45_1788701811773_hhwl,DEL-BOM,EaseMyTrip,6E,6E-898,2026-10-10,T+45,9619,2111,11730,2026-08-26T00:57:01.004Z,FALSE,"",12:10,FALSE
fare_DEL-BOM_AI_2026-10-10_T+45_1788701811773_hn2h,DEL-BOM,EaseMyTrip,AI,AI-2715,2026-10-10,T+45,11186,2455,13641,2026-08-26T00:57:01.004Z,FALSE,"",11:40,FALSE
fare_DEL-BOM_AI_2026-10-10_T+45_1788701811773_n675,DEL-BOM,EaseMyTrip,AI,AI-2959,2026-10-10,T+45,11186,2455,13641,2026-08-26T00:57:01.004Z,FALSE,"",07:10,FALSE
fare_DEL-BOM_AI_2026-10-10_T+45_1788701811773_wtfn,DEL-BOM,EaseMyTrip,AI,AI-423,2026-10-10,T+45,11186,2455,13641,2026-08-26T00:57:01.004Z,FALSE,"",09:50,FALSE
fare_DEL-BOM_AI_2026-10-10_T+45_1788701811773_vq56,DEL-BOM,EaseMyTrip,AI,AI-2909,2026-10-10,T+45,11186,2455,13641,2026-08-26T00:57:01.004Z,FALSE,"",22:30,FALSE
fare_DEL-BOM_AI_2026-10-10_T+45_1788701811773_gq1w,DEL-BOM,EaseMyTrip,AI,AI-809,2026-10-10,T+45,11273,2475,13748,2026-08-26T00:57:01.004Z,FALSE,"",17:40,FALSE
fare_DEL-BOM_AI_2026-10-10_T+45_1788701811773_6taz,DEL-BOM,EaseMyTrip,AI,AI-2939,2026-10-10,T+45,11273,2475,13748,2026-08-26T00:57:01.004Z,FALSE,"",16:40,FALSE
fare_DEL-BOM_AI_2026-10-10_T+45_1788701811773_k68w,DEL-BOM,EaseMyTrip,AI,AI-881,2026-10-10,T+45,11273,2475,13748,2026-08-26T00:57:01.004Z,FALSE,"",13:35,FALSE
fare_DEL-BOM_AI_2026-10-10_T+45_1788701811773_jn92,DEL-BOM,EaseMyTrip,AI,AI-817,2026-10-10,T+45,11463,2516,13979,2026-08-26T00:57:01.004Z,FALSE,"",05:55,FALSE
fare_DEL-BOM_AI_2026-10-10_T+45_1788701811773_21qv,DEL-BOM,EaseMyTrip,AI,AI-2499,2026-10-10,T+45,11660,2559,14219,2026-08-26T00:57:01.004Z,FALSE,"",06:00,FALSE
fare_DEL-BOM_QP_2026-10-10_T+45_1788701811773_h37d,DEL-BOM,EaseMyTrip,QP,QP-1526,2026-10-10,T+45,11642,2555,14197,2026-08-26T00:57:01.004Z,FALSE,"",16:30,FALSE
fare_DEL-BOM_IX_2026-10-10_T+45_1788701811773_ahvn,DEL-BOM,EaseMyTrip,IX,IX-1059,2026-10-10,T+45,12412,2725,15137,2026-08-26T00:57:01.004Z,TRUE,"High outlier: ₹15137 > upper fence ₹14633 (Q3: ₹9770, IQR: ₹3242)",12:15,FALSE
fare_DEL-BOM_IX_2026-10-10_T+45_1788701811773_rdbt,DEL-BOM,EaseMyTrip,IX,IX-1064,2026-10-10,T+45,12412,2725,15137,2026-08-26T00:57:01.004Z,TRUE,"High outlier: ₹15137 > upper fence ₹14633 (Q3: ₹9770, IQR: ₹3242)",19:10,FALSE
fare_DEL-BOM_IX_2026-10-10_T+45_1788701811773_ozob,DEL-BOM,EaseMyTrip,IX,IX-1783,2026-10-10,T+45,12412,2725,15137,2026-08-26T00:57:01.004Z,TRUE,"High outlier: ₹15137 > upper fence ₹14633 (Q3: ₹9770, IQR: ₹3242)",07:20,FALSE
fare_DEL-BOM_IX_2026-10-10_T+45_1788701811773_kwvu,DEL-BOM,EaseMyTrip,IX,IX-1057,2026-10-10,T+45,12412,2725,15137,2026-08-26T00:57:01.004Z,TRUE,"High outlier: ₹15137 > upper fence ₹14633 (Q3: ₹9770, IQR: ₹3242)",06:20,FALSE
fare_DEL-BOM_AI_2026-10-10_T+45_1788701811773_9vr0,DEL-BOM,EaseMyTrip,AI,AI-9757,2026-10-10,T+45,12393,2720,15113,2026-08-26T00:57:01.004Z,TRUE,"High outlier: ₹15113 > upper fence ₹14633 (Q3: ₹9770, IQR: ₹3242)",11:50,FALSE
fare_DEL-BOM_AI_2026-10-10_T+45_1788701811773_gafh,DEL-BOM,EaseMyTrip,AI,AI-9759,2026-10-10,T+45,12393,2720,15113,2026-08-26T00:57:01.004Z,TRUE,"High outlier: ₹15113 > upper fence ₹14633 (Q3: ₹9770, IQR: ₹3242)",06:00,FALSE
fare_DEL-BOM_AI_2026-10-10_T+45_1788701811773_431p,DEL-BOM,EaseMyTrip,AI,AI-9584,2026-10-10,T+45,12607,2767,15374,2026-08-26T00:57:01.004Z,TRUE,"High outlier: ₹15374 > upper fence ₹14633 (Q3: ₹9770, IQR: ₹3242)",11:15,FALSE
fare_DEL-BOM_IX_2026-10-10_T+45_1788701811773_rna4,DEL-BOM,EaseMyTrip,IX,IX-2749,2026-10-10,T+45,12731,2795,15526,2026-08-26T00:57:01.004Z,TRUE,"High outlier: ₹15526 > upper fence ₹14633 (Q3: ₹9770, IQR: ₹3242)",10:25,FALSE
fare_DEL-BOM_AI_2026-10-10_T+45_1788701811773_rgbw,DEL-BOM,EaseMyTrip,AI,AI-1743,2026-10-10,T+45,13065,2868,15933,2026-08-26T00:57:01.004Z,TRUE,"High outlier: ₹15933 > upper fence ₹14633 (Q3: ₹9770, IQR: ₹3242)",06:15,FALSE
fare_DEL-BOM_AI_2026-10-10_T+45_1788701811773_q21w,DEL-BOM,EaseMyTrip,AI,AI-9418,2026-10-10,T+45,13079,2871,15950,2026-08-26T00:57:01.004Z,TRUE,"High outlier: ₹15950 > upper fence ₹14633 (Q3: ₹9770, IQR: ₹3242)",13:10,FALSE
fare_DEL-BOM_IX_2026-10-10_T+45_1788701811773_iljk,DEL-BOM,EaseMyTrip,IX,IX-1082,2026-10-10,T+45,13329,2926,16255,2026-08-26T00:57:01.004Z,TRUE,"High outlier: ₹16255 > upper fence ₹14633 (Q3: ₹9770, IQR: ₹3242)",21:25,FALSE
fare_DEL-BOM_AI_2026-10-10_T+45_1788701811773_jc1p,DEL-BOM,EaseMyTrip,AI,AI-9920,2026-10-10,T+45,14060,3086,17146,2026-08-26T00:57:01.004Z,TRUE,"High outlier: ₹17146 > upper fence ₹14633 (Q3: ₹9770, IQR: ₹3242)",10:50,FALSE
fare_DEL-BOM_IX_2026-10-10_T+45_1788701811773_qwo1,DEL-BOM,EaseMyTrip,IX,IX-1817,2026-10-10,T+45,14473,3177,17650,2026-08-26T00:57:01.004Z,TRUE,"High outlier: ₹17650 > upper fence ₹14633 (Q3: ₹9770, IQR: ₹3242)",19:30,FALSE
fare_DEL-BOM_AI_2026-10-10_T+45_1788701811773_jwfy,DEL-BOM,EaseMyTrip,AI,AI-1773,2026-10-10,T+45,14497,3182,17679,2026-08-26T00:57:01.004Z,TRUE,"High outlier: ₹17679 > upper fence ₹14633 (Q3: ₹9770, IQR: ₹3242)",10:30,FALSE
fare_DEL-BOM_AI_2026-10-10_T+45_1788701811773_1vvm,DEL-BOM,EaseMyTrip,AI,AI-2577,2026-10-10,T+45,14577,3200,17777,2026-08-26T00:57:01.004Z,TRUE,"High outlier: ₹17777 > upper fence ₹14633 (Q3: ₹9770, IQR: ₹3242)",02:00,FALSE
fare_DEL-BOM_AI_2026-10-10_T+45_1788701811773_vp0u,DEL-BOM,EaseMyTrip,AI,AI-2859,2026-10-10,T+45,14577,3200,17777,2026-08-26T00:57:01.004Z,TRUE,"High outlier: ₹17777 > upper fence ₹14633 (Q3: ₹9770, IQR: ₹3242)",10:30,FALSE
fare_DEL-BOM_AI_2026-10-10_T+45_1788701811773_4xq4,DEL-BOM,EaseMyTrip,AI,AI-2465,2026-10-10,T+45,14880,3266,18146,2026-08-26T00:57:01.004Z,TRUE,"High outlier: ₹18146 > upper fence ₹14633 (Q3: ₹9770, IQR: ₹3242)",14:30,FALSE
fare_DEL-BOM_AI_2026-10-10_T+45_1788701811773_yta3,DEL-BOM,EaseMyTrip,AI,AI-1703,2026-10-10,T+45,15809,3470,19279,2026-08-26T00:57:01.004Z,TRUE,"High outlier: ₹19279 > upper fence ₹14633 (Q3: ₹9770, IQR: ₹3242)",05:10,FALSE
fare_DEL-BOM_IX_2026-10-10_T+45_1788701811773_cw2e,DEL-BOM,EaseMyTrip,IX,IX-1070,2026-10-10,T+45,16361,3592,19953,2026-08-26T00:57:01.004Z,TRUE,"High outlier: ₹19953 > upper fence ₹14633 (Q3: ₹9770, IQR: ₹3242)",21:15,FALSE
fare_DEL-BOM_AI_2026-10-10_T+45_1788701811773_48j7,DEL-BOM,EaseMyTrip,AI,AI-2803,2026-10-10,T+45,16672,3660,20332,2026-08-26T00:57:01.004Z,TRUE,"High outlier: ₹20332 > upper fence ₹14633 (Q3: ₹9770, IQR: ₹3242)",06:30,FALSE
fare_DEL-BOM_AI_2026-10-10_T+45_1788701811773_f2tw,DEL-BOM,EaseMyTrip,AI,AI-2819,2026-10-10,T+45,16735,3674,20409,2026-08-26T00:57:01.004Z,TRUE,"High outlier: ₹20409 > upper fence ₹14633 (Q3: ₹9770, IQR: ₹3242)",15:00,FALSE
fare_DEL-BOM_AI_2026-10-10_T+45_1788701811773_6i2u,DEL-BOM,EaseMyTrip,AI,AI-1779,2026-10-10,T+45,17065,3746,20811,2026-08-26T00:57:01.004Z,TRUE,"High outlier: ₹20811 > upper fence ₹14633 (Q3: ₹9770, IQR: ₹3242)",13:45,FALSE
fare_DEL-BOM_AI_2026-10-10_T+45_1788701811773_666e,DEL-BOM,EaseMyTrip,AI,AI-1739,2026-10-10,T+45,17408,3821,21229,2026-08-26T00:57:01.004Z,TRUE,"High outlier: ₹21229 > upper fence ₹14633 (Q3: ₹9770, IQR: ₹3242)",11:30,FALSE
fare_DEL-BOM_AI_2026-10-10_T+45_1788701811773_4ua0,DEL-BOM,EaseMyTrip,AI,AI-427,2026-10-10,T+45,17909,3931,21840,2026-08-26T00:57:01.004Z,TRUE,"High outlier: ₹21840 > upper fence ₹14633 (Q3: ₹9770, IQR: ₹3242)",08:30,FALSE
fare_DEL-BOM_AI_2026-10-10_T+45_1788701811773_7vg3,DEL-BOM,EaseMyTrip,AI,AI-2483,2026-10-10,T+45,18662,4097,22759,2026-08-26T00:57:01.004Z,TRUE,"High outlier: ₹22759 > upper fence ₹14633 (Q3: ₹9770, IQR: ₹3242)",12:20,FALSE
fare_DEL-BOM_AI_2026-10-10_T+45_1788701811773_as8c,DEL-BOM,EaseMyTrip,AI,AI-2907,2026-10-10,T+45,19068,4186,23254,2026-08-26T00:57:01.004Z,TRUE,"High outlier: ₹23254 > upper fence ₹14633 (Q3: ₹9770, IQR: ₹3242)",12:00,FALSE
fare_DEL-BOM_AI_2026-10-10_T+45_1788701811773_4wgw,DEL-BOM,EaseMyTrip,AI,AI-2509,2026-10-10,T+45,20903,4589,25492,2026-08-26T00:57:01.004Z,TRUE,"High outlier: ₹25492 > upper fence ₹14633 (Q3: ₹9770, IQR: ₹3242)",07:00,FALSE
fare_DEL-BOM_AI_2026-10-10_T+45_1788701811773_fh8v,DEL-BOM,EaseMyTrip,AI,AI-2627,2026-10-10,T+45,34897,7660,42557,2026-08-26T00:57:01.004Z,TRUE,"High outlier: ₹42557 > upper fence ₹14633 (Q3: ₹9770, IQR: ₹3242)",10:45,FALSE
fare_DEL-BOM_SG_2026-09-02_T+7_1788701811773_yku5,DEL-BOM,EaseMyTrip,SG,SG-9091,2026-09-02,T+7,5168,1134,6302,2026-08-26T00:56:42.828Z,FALSE,"",05:30,TRUE
fare_DEL-BOM_6E_2026-09-02_T+7_1788701811773_2z0z,DEL-BOM,EaseMyTrip,6E,6E-264,2026-09-02,T+7,5067,1112,6179,2026-08-26T00:56:42.828Z,FALSE,"",19:35,FALSE
fare_DEL-BOM_6E_2026-09-02_T+7_1788701811773_9dha,DEL-BOM,EaseMyTrip,6E,6E-741,2026-09-02,T+7,5067,1112,6179,2026-08-26T00:56:42.828Z,FALSE,"",19:35,FALSE
fare_DEL-BOM_6E_2026-09-02_T+7_1788701811773_pmfq,DEL-BOM,EaseMyTrip,6E,6E-6190,2026-09-02,T+7,5067,1112,6179,2026-08-26T00:56:42.828Z,FALSE,"",07:40,FALSE
fare_DEL-BOM_SG_2026-09-02_T+7_1788701811773_p0on,DEL-BOM,EaseMyTrip,SG,SG-508,2026-09-02,T+7,5242,1151,6393,2026-08-26T00:56:42.828Z,FALSE,"",21:00,TRUE
fare_DEL-BOM_SG_2026-09-02_T+7_1788701811773_h5pi,DEL-BOM,EaseMyTrip,SG,SG-672,2026-09-02,T+7,5242,1151,6393,2026-08-26T00:56:42.828Z,FALSE,"",21:00,TRUE
fare_DEL-BOM_SG_2026-09-02_T+7_1788701811773_f1at,DEL-BOM,EaseMyTrip,SG,SG-443,2026-09-02,T+7,5242,1151,6393,2026-08-26T00:56:42.828Z,FALSE,"",22:30,TRUE
fare_DEL-BOM_SG_2026-09-02_T+7_1788701811773_v2gv,DEL-BOM,EaseMyTrip,SG,SG-594,2026-09-02,T+7,5242,1151,6393,2026-08-26T00:56:42.828Z,FALSE,"",22:30,TRUE
fare_DEL-BOM_IX_2026-09-02_T+7_1788701811773_yl94,DEL-BOM,EaseMyTrip,IX,IX-1056,2026-09-02,T+7,5354,1175,6529,2026-08-26T00:56:42.828Z,FALSE,"",05:45,TRUE
fare_DEL-BOM_IX_2026-09-02_T+7_1788701811774_fiqs,DEL-BOM,EaseMyTrip,IX,IX-1235,2026-09-02,T+7,5354,1175,6529,2026-08-26T00:56:42.828Z,FALSE,"",23:25,TRUE
fare_DEL-BOM_IX_2026-09-02_T+7_1788701811774_v0xg,DEL-BOM,EaseMyTrip,IX,IX-1038,2026-09-02,T+7,5354,1175,6529,2026-08-26T00:56:42.828Z,FALSE,"",17:35,TRUE
fare_DEL-BOM_IX_2026-09-02_T+7_1788701811774_br1g,DEL-BOM,EaseMyTrip,IX,IX-1080,2026-09-02,T+7,5354,1175,6529,2026-08-26T00:56:42.828Z,FALSE,"",18:40,TRUE
fare_DEL-BOM_IX_2026-09-02_T+7_1788701811774_6qp5,DEL-BOM,EaseMyTrip,IX,IX-1392,2026-09-02,T+7,5354,1175,6529,2026-08-26T00:56:42.828Z,FALSE,"",23:25,FALSE
fare_DEL-BOM_6E_2026-09-02_T+7_1788701811774_sybf,DEL-BOM,EaseMyTrip,6E,6E-2249,2026-09-02,T+7,5174,1136,6310,2026-08-26T00:56:42.828Z,FALSE,"",15:00,FALSE
fare_DEL-BOM_6E_2026-09-02_T+7_1788701811774_odhz,DEL-BOM,EaseMyTrip,6E,6E-2169,2026-09-02,T+7,5174,1136,6310,2026-08-26T00:56:42.828Z,FALSE,"",19:40,FALSE
fare_DEL-BOM_6E_2026-09-02_T+7_1788701811774_rzo8,DEL-BOM,EaseMyTrip,6E,6E-6829,2026-09-02,T+7,5174,1136,6310,2026-08-26T00:56:42.828Z,FALSE,"",17:20,FALSE
fare_DEL-BOM_6E_2026-09-02_T+7_1788701811774_n5xp,DEL-BOM,EaseMyTrip,6E,6E-6443,2026-09-02,T+7,5174,1136,6310,2026-08-26T00:56:42.828Z,FALSE,"",09:00,FALSE
fare_DEL-BOM_6E_2026-09-02_T+7_1788701811774_p5zd,DEL-BOM,EaseMyTrip,6E,6E-6433,2026-09-02,T+7,5174,1136,6310,2026-08-26T00:56:42.828Z,FALSE,"",16:30,FALSE
fare_DEL-BOM_6E_2026-09-02_T+7_1788701811774_35at,DEL-BOM,EaseMyTrip,6E,6E-5138,2026-09-02,T+7,5174,1136,6310,2026-08-26T00:56:42.828Z,FALSE,"",19:10,FALSE
fare_DEL-BOM_6E_2026-09-02_T+7_1788701811774_xug2,DEL-BOM,EaseMyTrip,6E,6E-6490,2026-09-02,T+7,5174,1136,6310,2026-08-26T00:56:42.828Z,FALSE,"",04:55,FALSE
fare_DEL-BOM_6E_2026-09-02_T+7_1788701811774_tgzm,DEL-BOM,EaseMyTrip,6E,6E-2345,2026-09-02,T+7,5174,1136,6310,2026-08-26T00:56:42.828Z,FALSE,"",05:55,FALSE
fare_DEL-BOM_6E_2026-09-02_T+7_1788701811774_pr5u,DEL-BOM,EaseMyTrip,6E,6E-5298,2026-09-02,T+7,5239,1150,6389,2026-08-26T00:56:42.828Z,FALSE,"",09:00,FALSE
fare_DEL-BOM_6E_2026-09-02_T+7_1788701811774_4off,DEL-BOM,EaseMyTrip,6E,6E-5038,2026-09-02,T+7,5239,1150,6389,2026-08-26T00:56:42.828Z,FALSE,"",14:00,FALSE
fare_DEL-BOM_6E_2026-09-02_T+7_1788701811774_c0wh,DEL-BOM,EaseMyTrip,6E,6E-6050,2026-09-02,T+7,5239,1150,6389,2026-08-26T00:56:42.828Z,FALSE,"",08:15,FALSE
fare_DEL-BOM_6E_2026-09-02_T+7_1788701811774_l7yf,DEL-BOM,EaseMyTrip,6E,6E-5096,2026-09-02,T+7,5282,1160,6442,2026-08-26T00:56:42.828Z,FALSE,"",17:00,TRUE
fare_DEL-BOM_6E_2026-09-02_T+7_1788701811774_ovyq,DEL-BOM,EaseMyTrip,6E,6E-6601,2026-09-02,T+7,5346,1174,6520,2026-08-26T00:56:42.828Z,FALSE,"",19:45,FALSE
fare_DEL-BOM_6E_2026-09-02_T+7_1788701811774_l10g,DEL-BOM,EaseMyTrip,6E,6E-6282,2026-09-02,T+7,5346,1174,6520,2026-08-26T00:56:42.828Z,FALSE,"",13:30,FALSE
fare_DEL-BOM_6E_2026-09-02_T+7_1788701811774_1di2,DEL-BOM,EaseMyTrip,6E,6E-569,2026-09-02,T+7,5346,1174,6520,2026-08-26T00:56:42.828Z,FALSE,"",08:30,FALSE
fare_DEL-BOM_6E_2026-09-02_T+7_1788701811774_k9f7,DEL-BOM,EaseMyTrip,6E,6E-478,2026-09-02,T+7,5346,1174,6520,2026-08-26T00:56:42.828Z,FALSE,"",08:30,FALSE
fare_DEL-BOM_6E_2026-09-02_T+7_1788701811774_b5y5,DEL-BOM,EaseMyTrip,6E,6E-150,2026-09-02,T+7,5346,1174,6520,2026-08-26T00:56:42.828Z,FALSE,"",23:15,FALSE
fare_DEL-BOM_6E_2026-09-02_T+7_1788701811774_4fo4,DEL-BOM,EaseMyTrip,6E,6E-735,2026-09-02,T+7,5346,1174,6520,2026-08-26T00:56:42.828Z,FALSE,"",23:15,FALSE
fare_DEL-BOM_6E_2026-09-02_T+7_1788701811774_n82e,DEL-BOM,EaseMyTrip,6E,6E-6497,2026-09-02,T+7,5346,1174,6520,2026-08-26T00:56:42.828Z,FALSE,"",18:45,FALSE
fare_DEL-BOM_6E_2026-09-02_T+7_1788701811774_0jl2,DEL-BOM,EaseMyTrip,6E,6E-6293,2026-09-02,T+7,5346,1174,6520,2026-08-26T00:56:42.828Z,FALSE,"",09:55,FALSE
fare_DEL-BOM_6E_2026-09-02_T+7_1788701811774_mf0f,DEL-BOM,EaseMyTrip,6E,6E-6470,2026-09-02,T+7,5354,1175,6529,2026-08-26T00:56:42.828Z,FALSE,"",06:55,TRUE
fare_DEL-BOM_6E_2026-09-02_T+7_1788701811774_zrdz,DEL-BOM,EaseMyTrip,6E,6E-2721,2026-09-02,T+7,5354,1175,6529,2026-08-26T00:56:42.828Z,FALSE,"",09:55,TRUE
fare_DEL-BOM_QP_2026-09-02_T+7_1788701811774_kq0y,DEL-BOM,EaseMyTrip,QP,QP-1833,2026-09-02,T+7,5355,1175,6530,2026-08-26T00:56:42.828Z,FALSE,"",06:50,TRUE
fare_DEL-BOM_QP_2026-09-02_T+7_1788701811774_k8if,DEL-BOM,EaseMyTrip,QP,QP-1112,2026-09-02,T+7,5355,1175,6530,2026-08-26T00:56:42.828Z,FALSE,"",09:20,TRUE
fare_DEL-BOM_QP_2026-09-02_T+7_1788701811774_dykh,DEL-BOM,EaseMyTrip,QP,QP-1836,2026-09-02,T+7,5355,1175,6530,2026-08-26T00:56:42.828Z,FALSE,"",12:30,TRUE
fare_DEL-BOM_QP_2026-09-02_T+7_1788701811774_67yh,DEL-BOM,EaseMyTrip,QP,QP-1128,2026-09-02,T+7,5355,1175,6530,2026-08-26T00:56:42.828Z,FALSE,"",16:00,TRUE
fare_DEL-BOM_QP_2026-09-02_T+7_1788701811774_m7x1,DEL-BOM,EaseMyTrip,QP,QP-1820,2026-09-02,T+7,5355,1175,6530,2026-08-26T00:56:42.828Z,FALSE,"",17:30,TRUE
fare_DEL-BOM_QP_2026-09-02_T+7_1788701811774_lo4l,DEL-BOM,EaseMyTrip,QP,QP-1119,2026-09-02,T+7,5355,1175,6530,2026-08-26T00:56:42.828Z,FALSE,"",08:40,TRUE
fare_DEL-BOM_QP_2026-09-02_T+7_1788701811774_vbcq,DEL-BOM,EaseMyTrip,QP,QP-1110,2026-09-02,T+7,5355,1175,6530,2026-08-26T00:56:42.828Z,FALSE,"",10:30,TRUE
fare_DEL-BOM_QP_2026-09-02_T+7_1788701811774_3kjj,DEL-BOM,EaseMyTrip,QP,QP-1826,2026-09-02,T+7,5355,1175,6530,2026-08-26T00:56:42.828Z,FALSE,"",19:55,TRUE
fare_DEL-BOM_6E_2026-09-02_T+7_1788701811774_edth,DEL-BOM,EaseMyTrip,6E,6E-6706,2026-09-02,T+7,5355,1175,6530,2026-08-26T00:56:42.828Z,FALSE,"",17:00,TRUE
fare_DEL-BOM_6E_2026-09-02_T+7_1788701811774_fm24,DEL-BOM,EaseMyTrip,6E,6E-149,2026-09-02,T+7,5355,1175,6530,2026-08-26T00:56:42.828Z,FALSE,"",16:15,TRUE
fare_DEL-BOM_6E_2026-09-02_T+7_1788701811774_bmny,DEL-BOM,EaseMyTrip,6E,6E-916,2026-09-02,T+7,5355,1175,6530,2026-08-26T00:56:42.828Z,FALSE,"",16:15,TRUE
fare_DEL-BOM_6E_2026-09-02_T+7_1788701811774_jpzb,DEL-BOM,EaseMyTrip,6E,6E-189,2026-09-02,T+7,5355,1175,6530,2026-08-26T00:56:42.828Z,FALSE,"",15:30,TRUE
fare_DEL-BOM_6E_2026-09-02_T+7_1788701811774_xpjr,DEL-BOM,EaseMyTrip,6E,6E-938,2026-09-02,T+7,5355,1175,6530,2026-08-26T00:56:42.828Z,FALSE,"",15:30,TRUE
fare_DEL-BOM_6E_2026-09-02_T+7_1788701811774_bdeq,DEL-BOM,EaseMyTrip,6E,6E-6022,2026-09-02,T+7,5355,1175,6530,2026-08-26T00:56:42.828Z,FALSE,"",14:00,TRUE
fare_DEL-BOM_6E_2026-09-02_T+7_1788701811774_9peb,DEL-BOM,EaseMyTrip,6E,6E-6318,2026-09-02,T+7,5355,1175,6530,2026-08-26T00:56:42.828Z,FALSE,"",14:45,TRUE
fare_DEL-BOM_6E_2026-09-02_T+7_1788701811774_ws25,DEL-BOM,EaseMyTrip,6E,6E-6328,2026-09-02,T+7,5355,1175,6530,2026-08-26T00:56:42.828Z,FALSE,"",10:15,TRUE
fare_DEL-BOM_6E_2026-09-02_T+7_1788701811774_7sxm,DEL-BOM,EaseMyTrip,6E,6E-6047,2026-09-02,T+7,5355,1175,6530,2026-08-26T00:56:42.828Z,FALSE,"",11:00,TRUE
fare_DEL-BOM_6E_2026-09-02_T+7_1788701811774_0jfx,DEL-BOM,EaseMyTrip,6E,6E-6676,2026-09-02,T+7,5355,1175,6530,2026-08-26T00:56:42.828Z,FALSE,"",12:00,TRUE
fare_DEL-BOM_6E_2026-09-02_T+7_1788701811774_teno,DEL-BOM,EaseMyTrip,6E,6E-492,2026-09-02,T+7,5355,1175,6530,2026-08-26T00:56:42.828Z,FALSE,"",13:00,TRUE
fare_DEL-BOM_6E_2026-09-02_T+7_1788701811774_sve7,DEL-BOM,EaseMyTrip,6E,6E-126,2026-09-02,T+7,5355,1175,6530,2026-08-26T00:56:42.828Z,FALSE,"",13:00,TRUE
fare_DEL-BOM_6E_2026-09-02_T+7_1788701811774_slym,DEL-BOM,EaseMyTrip,6E,6E-6107,2026-09-02,T+7,5355,1175,6530,2026-08-26T00:56:42.828Z,FALSE,"",09:30,TRUE
fare_DEL-BOM_QP_2026-09-02_T+7_1788701811774_15gf,DEL-BOM,EaseMyTrip,QP,QP-2074,2026-09-02,T+7,5416,1189,6605,2026-08-26T00:56:42.828Z,FALSE,"",09:20,TRUE
fare_DEL-BOM_QP_2026-09-02_T+7_1788701811774_gl2h,DEL-BOM,EaseMyTrip,QP,QP-1940,2026-09-02,T+7,5427,1191,6618,2026-08-26T00:56:42.828Z,FALSE,"",14:00,TRUE
fare_DEL-BOM_6E_2026-09-02_T+7_1788701811774_v5n3,DEL-BOM,EaseMyTrip,6E,6E-5198,2026-09-02,T+7,5427,1191,6618,2026-08-26T00:56:42.828Z,FALSE,"",15:00,TRUE
fare_DEL-BOM_6E_2026-09-02_T+7_1788701811774_58p0,DEL-BOM,EaseMyTrip,6E,6E-177,2026-09-02,T+7,5484,1204,6688,2026-08-26T00:56:42.828Z,FALSE,"",05:00,TRUE
fare_DEL-BOM_6E_2026-09-02_T+7_1788701811774_lbw6,DEL-BOM,EaseMyTrip,6E,6E-775,2026-09-02,T+7,5484,1204,6688,2026-08-26T00:56:42.828Z,FALSE,"",05:00,TRUE
fare_DEL-BOM_6E_2026-09-02_T+7_1788701811774_kzcl,DEL-BOM,EaseMyTrip,6E,6E-240,2026-09-02,T+7,5484,1204,6688,2026-08-26T00:56:42.828Z,FALSE,"",23:30,TRUE
fare_DEL-BOM_6E_2026-09-02_T+7_1788701811774_y79g,DEL-BOM,EaseMyTrip,6E,6E-673,2026-09-02,T+7,5484,1204,6688,2026-08-26T00:56:42.828Z,FALSE,"",23:30,TRUE
fare_DEL-BOM_6E_2026-09-02_T+7_1788701811774_vmxp,DEL-BOM,EaseMyTrip,6E,6E-6114,2026-09-02,T+7,5484,1204,6688,2026-08-26T00:56:42.828Z,FALSE,"",22:45,TRUE
fare_DEL-BOM_6E_2026-09-02_T+7_1788701811774_j4nv,DEL-BOM,EaseMyTrip,6E,6E-6218,2026-09-02,T+7,5484,1204,6688,2026-08-26T00:56:42.828Z,FALSE,"",06:05,TRUE
fare_DEL-BOM_6E_2026-09-02_T+7_1788701811774_p5j5,DEL-BOM,EaseMyTrip,6E,6E-929,2026-09-02,T+7,5484,1204,6688,2026-08-26T00:56:42.828Z,FALSE,"",08:45,TRUE
fare_DEL-BOM_6E_2026-09-02_T+7_1788701811774_jgq6,DEL-BOM,EaseMyTrip,6E,6E-114,2026-09-02,T+7,5484,1204,6688,2026-08-26T00:56:42.828Z,FALSE,"",08:45,TRUE
fare_DEL-BOM_6E_2026-09-02_T+7_1788701811774_dh0k,DEL-BOM,EaseMyTrip,6E,6E-285,2026-09-02,T+7,5526,1213,6739,2026-08-26T00:56:42.828Z,FALSE,"",20:20,TRUE
fare_DEL-BOM_6E_2026-09-02_T+7_1788701811774_otp3,DEL-BOM,EaseMyTrip,6E,6E-395,2026-09-02,T+7,5526,1213,6739,2026-08-26T00:56:42.828Z,FALSE,"",20:20,TRUE
fare_DEL-BOM_AI_2026-09-02_T+7_1788701811774_tcgy,DEL-BOM,EaseMyTrip,AI,AI-2678,2026-09-02,T+7,5740,1260,7000,2026-08-26T00:56:42.828Z,FALSE,"",08:30,TRUE
fare_DEL-BOM_AI_2026-09-02_T+7_1788701811774_ogob,DEL-BOM,EaseMyTrip,AI,AI-2963,2026-09-02,T+7,5740,1260,7000,2026-08-26T00:56:42.828Z,FALSE,"",09:00,TRUE
fare_DEL-BOM_AI_2026-09-02_T+7_1788701811774_us0e,DEL-BOM,EaseMyTrip,AI,AI-2975,2026-09-02,T+7,5740,1260,7000,2026-08-26T00:56:42.828Z,FALSE,"",06:30,TRUE
fare_DEL-BOM_AI_2026-09-02_T+7_1788701811774_5zke,DEL-BOM,EaseMyTrip,AI,AI-865,2026-09-02,T+7,5740,1260,7000,2026-08-26T00:56:42.828Z,FALSE,"",09:00,TRUE
fare_DEL-BOM_AI_2026-09-02_T+7_1788701811774_ul1f,DEL-BOM,EaseMyTrip,AI,AI-2425,2026-09-02,T+7,5740,1260,7000,2026-08-26T00:56:42.828Z,FALSE,"",10:30,TRUE
fare_DEL-BOM_AI_2026-09-02_T+7_1788701811774_ricx,DEL-BOM,EaseMyTrip,AI,AI-2951,2026-09-02,T+7,5740,1260,7000,2026-08-26T00:56:42.828Z,FALSE,"",13:30,TRUE
fare_DEL-BOM_AI_2026-09-02_T+7_1788701811774_b629,DEL-BOM,EaseMyTrip,AI,AI-2941,2026-09-02,T+7,5740,1260,7000,2026-08-26T00:56:42.828Z,FALSE,"",16:30,TRUE
fare_DEL-BOM_AI_2026-09-02_T+7_1788701811774_g30i,DEL-BOM,EaseMyTrip,AI,AI-2981,2026-09-02,T+7,5740,1260,7000,2026-08-26T00:56:42.828Z,FALSE,"",21:00,TRUE
fare_DEL-BOM_AI_2026-09-02_T+7_1788701811774_7idb,DEL-BOM,EaseMyTrip,AI,AI-1745,2026-09-02,T+7,5740,1260,7000,2026-08-26T00:56:42.828Z,FALSE,"",05:00,TRUE
fare_DEL-BOM_AI_2026-09-02_T+7_1788701811774_wqdf,DEL-BOM,EaseMyTrip,AI,AI-2429,2026-09-02,T+7,5740,1260,7000,2026-08-26T00:56:42.828Z,FALSE,"",07:00,TRUE
fare_DEL-BOM_AI_2026-09-02_T+7_1788701811774_84bq,DEL-BOM,EaseMyTrip,AI,AI-2943,2026-09-02,T+7,5740,1260,7000,2026-08-26T00:56:42.828Z,FALSE,"",07:30,TRUE
fare_DEL-BOM_AI_2026-09-02_T+7_1788701811774_dic9,DEL-BOM,EaseMyTrip,AI,AI-2995,2026-09-02,T+7,5740,1260,7000,2026-08-26T00:56:42.828Z,FALSE,"",10:00,TRUE
fare_DEL-BOM_AI_2026-09-02_T+7_1788701811774_zw5w,DEL-BOM,EaseMyTrip,AI,AI-2945,2026-09-02,T+7,5740,1260,7000,2026-08-26T00:56:42.828Z,FALSE,"",11:00,TRUE
fare_DEL-BOM_AI_2026-09-02_T+7_1788701811774_nw9q,DEL-BOM,EaseMyTrip,AI,AI-1785,2026-09-02,T+7,5740,1260,7000,2026-08-26T00:56:42.828Z,FALSE,"",12:00,TRUE
fare_DEL-BOM_AI_2026-09-02_T+7_1788701811774_284p,DEL-BOM,EaseMyTrip,AI,AI-2933,2026-09-02,T+7,5740,1260,7000,2026-08-26T00:56:42.828Z,FALSE,"",15:30,TRUE
fare_DEL-BOM_AI_2026-09-02_T+7_1788701811774_lzo5,DEL-BOM,EaseMyTrip,AI,AI-1777,2026-09-02,T+7,5740,1260,7000,2026-08-26T00:56:42.828Z,FALSE,"",16:00,TRUE
fare_DEL-BOM_AI_2026-09-02_T+7_1788701811774_wvi2,DEL-BOM,EaseMyTrip,AI,AI-441,2026-09-02,T+7,5740,1260,7000,2026-08-26T00:56:42.828Z,FALSE,"",17:00,TRUE
fare_DEL-BOM_AI_2026-09-02_T+7_1788701811774_xkat,DEL-BOM,EaseMyTrip,AI,AI-2955,2026-09-02,T+7,5740,1260,7000,2026-08-26T00:56:42.828Z,FALSE,"",18:00,TRUE
fare_DEL-BOM_AI_2026-09-02_T+7_1788701811774_uxzu,DEL-BOM,EaseMyTrip,AI,AI-2985,2026-09-02,T+7,5740,1260,7000,2026-08-26T00:56:42.828Z,FALSE,"",19:30,TRUE
fare_DEL-BOM_AI_2026-09-02_T+7_1788701811774_3c0f,DEL-BOM,EaseMyTrip,AI,AI-2805,2026-09-02,T+7,5740,1260,7000,2026-08-26T00:56:42.828Z,FALSE,"",20:00,TRUE
fare_DEL-BOM_AI_2026-09-02_T+7_1788701811774_doga,DEL-BOM,EaseMyTrip,AI,AI-2433,2026-09-02,T+7,5740,1260,7000,2026-08-26T00:56:42.828Z,FALSE,"",21:30,TRUE
fare_DEL-BOM_AI_2026-09-02_T+7_1788701811774_tubr,DEL-BOM,EaseMyTrip,AI,AI-2439,2026-09-02,T+7,5740,1260,7000,2026-08-26T00:56:42.828Z,FALSE,"",23:00,TRUE
fare_DEL-BOM_AI_2026-09-02_T+7_1788701811774_1uuo,DEL-BOM,EaseMyTrip,AI,AI-2927,2026-09-02,T+7,5740,1260,7000,2026-08-26T00:56:42.828Z,FALSE,"",09:30,TRUE
fare_DEL-BOM_AI_2026-09-02_T+7_1788701811774_z9bt,DEL-BOM,EaseMyTrip,AI,AI-2957,2026-09-02,T+7,5740,1260,7000,2026-08-26T00:56:42.828Z,FALSE,"",20:30,TRUE
fare_DEL-BOM_6E_2026-09-02_T+7_1788701811774_0isp,DEL-BOM,EaseMyTrip,6E,6E-679,2026-09-02,T+7,5656,1242,6898,2026-08-26T00:56:42.828Z,FALSE,"",21:45,TRUE
fare_DEL-BOM_6E_2026-09-02_T+7_1788701811774_nu4m,DEL-BOM,EaseMyTrip,6E,6E-573,2026-09-02,T+7,5656,1242,6898,2026-08-26T00:56:42.828Z,FALSE,"",21:45,TRUE
fare_DEL-BOM_6E_2026-09-02_T+7_1788701811774_ek3m,DEL-BOM,EaseMyTrip,6E,6E-325,2026-09-02,T+7,5656,1242,6898,2026-08-26T00:56:42.828Z,FALSE,"",20:45,TRUE
fare_DEL-BOM_6E_2026-09-02_T+7_1788701811774_8vq6,DEL-BOM,EaseMyTrip,6E,6E-768,2026-09-02,T+7,5656,1242,6898,2026-08-26T00:56:42.828Z,FALSE,"",20:45,TRUE
fare_DEL-BOM_6E_2026-09-02_T+7_1788701811774_bbh1,DEL-BOM,EaseMyTrip,6E,6E-230,2026-09-02,T+7,5656,1242,6898,2026-08-26T00:56:42.828Z,FALSE,"",20:00,TRUE
fare_DEL-BOM_6E_2026-09-02_T+7_1788701811774_j8td,DEL-BOM,EaseMyTrip,6E,6E-867,2026-09-02,T+7,5656,1242,6898,2026-08-26T00:56:42.828Z,FALSE,"",20:00,TRUE
fare_DEL-BOM_6E_2026-09-02_T+7_1788701811774_xnq9,DEL-BOM,EaseMyTrip,6E,6E-702,2026-09-02,T+7,5656,1242,6898,2026-08-26T00:56:42.828Z,FALSE,"",19:00,TRUE
fare_DEL-BOM_6E_2026-09-02_T+7_1788701811774_4o9l,DEL-BOM,EaseMyTrip,6E,6E-869,2026-09-02,T+7,5656,1242,6898,2026-08-26T00:56:42.828Z,FALSE,"",19:00,TRUE
fare_DEL-BOM_6E_2026-09-02_T+7_1788701811774_z893,DEL-BOM,EaseMyTrip,6E,6E-145,2026-09-02,T+7,5656,1242,6898,2026-08-26T00:56:42.828Z,FALSE,"",18:00,TRUE
fare_DEL-BOM_6E_2026-09-02_T+7_1788701811774_enxy,DEL-BOM,EaseMyTrip,6E,6E-756,2026-09-02,T+7,5656,1242,6898,2026-08-26T00:56:42.828Z,FALSE,"",18:00,TRUE
fare_DEL-BOM_6E_2026-09-02_T+7_1788701811774_yoko,DEL-BOM,EaseMyTrip,6E,6E-996,2026-09-02,T+7,5656,1242,6898,2026-08-26T00:56:42.828Z,FALSE,"",08:00,TRUE
fare_DEL-BOM_6E_2026-09-02_T+7_1788701811774_5vsq,DEL-BOM,EaseMyTrip,6E,6E-801,2026-09-02,T+7,5656,1242,6898,2026-08-26T00:56:42.828Z,FALSE,"",08:00,TRUE
fare_DEL-BOM_6E_2026-09-02_T+7_1788701811774_libj,DEL-BOM,EaseMyTrip,6E,6E-6814,2026-09-02,T+7,5656,1242,6898,2026-08-26T00:56:42.828Z,FALSE,"",07:15,TRUE
fare_DEL-BOM_6E_2026-09-02_T+7_1788701811774_ll1x,DEL-BOM,EaseMyTrip,6E,6E-2341,2026-09-02,T+7,5853,1285,7138,2026-08-26T00:56:42.828Z,FALSE,"",14:50,FALSE
fare_DEL-BOM_6E_2026-09-02_T+7_1788701811774_ptla,DEL-BOM,EaseMyTrip,6E,6E-2571,2026-09-02,T+7,5935,1303,7238,2026-08-26T00:56:42.828Z,FALSE,"",12:30,FALSE
fare_DEL-BOM_6E_2026-09-02_T+7_1788701811774_vojo,DEL-BOM,EaseMyTrip,6E,6E-6479,2026-09-02,T+7,6066,1331,7397,2026-08-26T00:56:42.828Z,FALSE,"",21:25,FALSE
fare_DEL-BOM_IX_2026-09-02_T+7_1788701811774_fo0j,DEL-BOM,EaseMyTrip,IX,IX-1051,2026-09-02,T+7,6339,1391,7730,2026-08-26T00:56:42.828Z,FALSE,"",19:05,FALSE
fare_DEL-BOM_6E_2026-09-02_T+7_1788701811774_8snd,DEL-BOM,EaseMyTrip,6E,6E-6212,2026-09-02,T+7,6173,1355,7528,2026-08-26T00:56:42.828Z,FALSE,"",14:45,FALSE
fare_DEL-BOM_6E_2026-09-02_T+7_1788701811774_4vmu,DEL-BOM,EaseMyTrip,6E,6E-7646,2026-09-02,T+7,6202,1362,7564,2026-08-26T00:56:42.828Z,FALSE,"",06:15,FALSE
fare_DEL-BOM_AI_2026-09-02_T+7_1788701811774_dizg,DEL-BOM,EaseMyTrip,AI,AI-2977,2026-09-02,T+7,6395,1404,7799,2026-08-26T00:56:42.828Z,FALSE,"",19:00,TRUE
fare_DEL-BOM_6E_2026-09-02_T+7_1788701811774_7r97,DEL-BOM,EaseMyTrip,6E,6E-384,2026-09-02,T+7,6238,1369,7607,2026-08-26T00:56:42.828Z,FALSE,"",19:30,FALSE
fare_DEL-BOM_6E_2026-09-02_T+7_1788701811774_wma7,DEL-BOM,EaseMyTrip,6E,6E-931,2026-09-02,T+7,6238,1369,7607,2026-08-26T00:56:42.828Z,FALSE,"",19:30,FALSE
fare_DEL-BOM_6E_2026-09-02_T+7_1788701811774_10ns,DEL-BOM,EaseMyTrip,6E,6E-5206,2026-09-02,T+7,7064,1551,8615,2026-08-26T00:56:42.828Z,FALSE,"",13:20,FALSE
fare_DEL-BOM_6E_2026-09-02_T+7_1788701811774_cspm,DEL-BOM,EaseMyTrip,6E,6E-835,2026-09-02,T+7,7237,1588,8825,2026-08-26T00:56:42.828Z,FALSE,"",12:15,FALSE
fare_DEL-BOM_6E_2026-09-02_T+7_1788701811774_zi3s,DEL-BOM,EaseMyTrip,6E,6E-626,2026-09-02,T+7,7237,1588,8825,2026-08-26T00:56:42.828Z,FALSE,"",12:15,FALSE
fare_DEL-BOM_6E_2026-09-02_T+7_1788701811774_6uec,DEL-BOM,EaseMyTrip,6E,6E-6488,2026-09-02,T+7,7574,1663,9237,2026-08-26T00:56:42.828Z,FALSE,"",11:20,FALSE
fare_DEL-BOM_6E_2026-09-02_T+7_1788701811774_uyza,DEL-BOM,EaseMyTrip,6E,6E-7642,2026-09-02,T+7,7624,1673,9297,2026-08-26T00:56:42.828Z,FALSE,"",15:45,FALSE
fare_DEL-BOM_IX_2026-09-02_T+7_1788701811774_c2dg,DEL-BOM,EaseMyTrip,IX,IX-1049,2026-09-02,T+7,8142,1787,9929,2026-08-26T00:56:42.828Z,FALSE,"",18:40,FALSE
fare_DEL-BOM_AI_2026-09-02_T+7_1788701811774_6s1g,DEL-BOM,EaseMyTrip,AI,AI-2761,2026-09-02,T+7,8307,1823,10130,2026-08-26T00:56:42.828Z,FALSE,"",16:25,FALSE
fare_DEL-BOM_6E_2026-09-02_T+7_1788701811774_l0p3,DEL-BOM,EaseMyTrip,6E,6E-5073,2026-09-02,T+7,8192,1798,9990,2026-08-26T00:56:42.828Z,FALSE,"",17:05,FALSE
fare_DEL-BOM_IX_2026-09-02_T+7_1788701811774_qmi2,DEL-BOM,EaseMyTrip,IX,IX-1003,2026-09-02,T+7,8963,1967,10930,2026-08-26T00:56:42.828Z,FALSE,"",19:10,FALSE
fare_DEL-BOM_AI_2026-09-02_T+7_1788701811774_72f1,DEL-BOM,EaseMyTrip,AI,AI-2509,2026-09-02,T+7,8817,1935,10752,2026-08-26T00:56:42.828Z,FALSE,"",07:00,FALSE
fare_DEL-BOM_6E_2026-09-02_T+7_1788701811774_mqvz,DEL-BOM,EaseMyTrip,6E,6E-6983,2026-09-02,T+7,8794,1930,10724,2026-08-26T00:56:42.828Z,FALSE,"",15:35,FALSE
fare_DEL-BOM_AI_2026-09-02_T+7_1788701811774_uol4,DEL-BOM,EaseMyTrip,AI,AI-2569,2026-09-02,T+7,8990,1974,10964,2026-08-26T00:56:42.828Z,FALSE,"",20:30,FALSE
fare_DEL-BOM_AI_2026-09-02_T+7_1788701811774_z7un,DEL-BOM,EaseMyTrip,AI,AI-1719,2026-09-02,T+7,9210,2022,11232,2026-08-26T00:56:42.828Z,FALSE,"",11:55,FALSE
fare_DEL-BOM_6E_2026-09-02_T+7_1788701811774_7st5,DEL-BOM,EaseMyTrip,6E,6E-2381,2026-09-02,T+7,9073,1992,11065,2026-08-26T00:56:42.828Z,FALSE,"",13:45,FALSE
fare_DEL-BOM_6E_2026-09-02_T+7_1788701811774_0zxp,DEL-BOM,EaseMyTrip,6E,6E-2496,2026-09-02,T+7,9332,2048,11380,2026-08-26T00:56:42.828Z,FALSE,"",12:40,FALSE
fare_DEL-BOM_IX_2026-09-02_T+7_1788701811774_ogr0,DEL-BOM,EaseMyTrip,IX,IX-1068,2026-09-02,T+7,9828,2157,11985,2026-08-26T00:56:42.828Z,FALSE,"",11:55,FALSE
fare_DEL-BOM_AI_2026-09-02_T+7_1788701811774_g9bv,DEL-BOM,EaseMyTrip,AI,AI-9757,2026-09-02,T+7,10244,2249,12493,2026-08-26T00:56:42.828Z,FALSE,"",11:50,FALSE
fare_DEL-BOM_IX_2026-09-02_T+7_1788701811774_tso8,DEL-BOM,EaseMyTrip,IX,IX-1108,2026-09-02,T+7,10319,2265,12584,2026-08-26T00:56:42.828Z,FALSE,"",05:00,FALSE
fare_DEL-BOM_6E_2026-09-02_T+7_1788701811774_2bw5,DEL-BOM,EaseMyTrip,6E,6E-5119,2026-09-02,T+7,10398,2282,12680,2026-08-26T00:56:42.828Z,FALSE,"",05:10,FALSE
fare_DEL-BOM_AI_2026-09-02_T+7_1788701811774_l7wo,DEL-BOM,EaseMyTrip,AI,AI-1780,2026-09-02,T+7,10912,2395,13307,2026-08-26T00:56:42.828Z,FALSE,"",16:10,TRUE
fare_DEL-BOM_AI_2026-09-02_T+7_1788701811774_20si,DEL-BOM,EaseMyTrip,AI,AI-9722,2026-09-02,T+7,10928,2399,13327,2026-08-26T00:56:42.828Z,FALSE,"",11:55,FALSE
fare_DEL-BOM_AI_2026-09-02_T+7_1788701811774_rmid,DEL-BOM,EaseMyTrip,AI,AI-1705,2026-09-02,T+7,11131,2443,13574,2026-08-26T00:56:42.828Z,FALSE,"",06:30,FALSE
fare_DEL-BOM_6E_2026-09-02_T+7_1788701811774_xsn8,DEL-BOM,EaseMyTrip,6E,6E-6261,2026-09-02,T+7,11321,2485,13806,2026-08-26T00:56:42.828Z,FALSE,"",00:15,FALSE
fare_DEL-BOM_AI_2026-09-02_T+7_1788701811774_qgwr,DEL-BOM,EaseMyTrip,AI,AI-9674,2026-09-02,T+7,11769,2583,14352,2026-08-26T00:56:42.828Z,FALSE,"",16:40,FALSE
fare_DEL-BOM_IX_2026-09-02_T+7_1788701811774_3b8h,DEL-BOM,EaseMyTrip,IX,IX-1165,2026-09-02,T+7,12421,2727,15148,2026-08-26T00:56:42.828Z,TRUE,"High outlier: ₹15148 > upper fence ₹14633 (Q3: ₹9771, IQR: ₹3241)",06:00,FALSE
fare_DEL-BOM_6E_2026-09-02_T+7_1788701811774_sc00,DEL-BOM,EaseMyTrip,6E,6E-5014,2026-09-02,T+7,12724,2793,15517,2026-08-26T00:56:42.828Z,TRUE,"High outlier: ₹15517 > upper fence ₹14633 (Q3: ₹9771, IQR: ₹3241)",18:30,FALSE
fare_DEL-BOM_6E_2026-09-02_T+7_1788701811774_albj,DEL-BOM,EaseMyTrip,6E,6E-2076,2026-09-02,T+7,12828,2816,15644,2026-08-26T00:56:42.828Z,TRUE,"High outlier: ₹15644 > upper fence ₹14633 (Q3: ₹9771, IQR: ₹3241)",07:30,FALSE
fare_DEL-BOM_AI_2026-09-02_T+7_1788701811774_po5i,DEL-BOM,EaseMyTrip,AI,AI-1743,2026-09-02,T+7,13065,2868,15933,2026-08-26T00:56:42.828Z,TRUE,"High outlier: ₹15933 > upper fence ₹14633 (Q3: ₹9771, IQR: ₹3241)",06:15,FALSE
fare_DEL-BOM_AI_2026-09-02_T+7_1788701811774_8gqi,DEL-BOM,EaseMyTrip,AI,AI-2601,2026-09-02,T+7,13065,2868,15933,2026-08-26T00:56:42.828Z,TRUE,"High outlier: ₹15933 > upper fence ₹14633 (Q3: ₹9771, IQR: ₹3241)",17:00,FALSE
fare_DEL-BOM_AI_2026-09-02_T+7_1788701811774_oc5b,DEL-BOM,EaseMyTrip,AI,AI-9584,2026-09-02,T+7,13382,2937,16319,2026-08-26T00:56:42.828Z,TRUE,"High outlier: ₹16319 > upper fence ₹14633 (Q3: ₹9771, IQR: ₹3241)",11:15,FALSE
fare_DEL-BOM_AI_2026-09-02_T+7_1788701811774_mlve,DEL-BOM,EaseMyTrip,AI,AI-2499,2026-09-02,T+7,13554,2975,16529,2026-08-26T00:56:42.828Z,TRUE,"High outlier: ₹16529 > upper fence ₹14633 (Q3: ₹9771, IQR: ₹3241)",06:00,FALSE
fare_DEL-BOM_AI_2026-09-02_T+7_1788701811774_anrq,DEL-BOM,EaseMyTrip,AI,AI-2907,2026-09-02,T+7,13927,3057,16984,2026-08-26T00:56:42.828Z,TRUE,"High outlier: ₹16984 > upper fence ₹14633 (Q3: ₹9771, IQR: ₹3241)",12:00,FALSE
fare_DEL-BOM_AI_2026-09-02_T+7_1788701811774_3bu1,DEL-BOM,EaseMyTrip,AI,AI-491,2026-09-02,T+7,14497,3182,17679,2026-08-26T00:56:42.828Z,TRUE,"High outlier: ₹17679 > upper fence ₹14633 (Q3: ₹9771, IQR: ₹3241)",11:15,FALSE
fare_DEL-BOM_AI_2026-09-02_T+7_1788701811774_w6ga,DEL-BOM,EaseMyTrip,AI,AI-1773,2026-09-02,T+7,14497,3182,17679,2026-08-26T00:56:42.828Z,TRUE,"High outlier: ₹17679 > upper fence ₹14633 (Q3: ₹9771, IQR: ₹3241)",10:30,FALSE
fare_DEL-BOM_6E_2026-09-02_T+7_1788701811774_7ohv,DEL-BOM,EaseMyTrip,6E,6E-6171,2026-09-02,T+7,14678,3222,17900,2026-08-26T00:56:42.828Z,TRUE,"High outlier: ₹17900 > upper fence ₹14633 (Q3: ₹9771, IQR: ₹3241)",05:40,FALSE
fare_DEL-BOM_AI_2026-09-02_T+7_1788701811774_sar9,DEL-BOM,EaseMyTrip,AI,AI-2465,2026-09-02,T+7,14880,3266,18146,2026-08-26T00:56:42.828Z,TRUE,"High outlier: ₹18146 > upper fence ₹14633 (Q3: ₹9771, IQR: ₹3241)",14:30,FALSE
fare_DEL-BOM_6E_2026-09-02_T+7_1788701811774_6o3w,DEL-BOM,EaseMyTrip,6E,6E-2013,2026-09-02,T+7,15696,3445,19141,2026-08-26T00:56:42.828Z,TRUE,"High outlier: ₹19141 > upper fence ₹14633 (Q3: ₹9771, IQR: ₹3241)",21:50,FALSE
fare_DEL-BOM_AI_2026-09-02_T+7_1788701811774_a8um,DEL-BOM,EaseMyTrip,AI,AI-1779,2026-09-02,T+7,16489,3619,20108,2026-08-26T00:56:42.828Z,TRUE,"High outlier: ₹20108 > upper fence ₹14633 (Q3: ₹9771, IQR: ₹3241)",13:45,FALSE
fare_DEL-BOM_AI_2026-09-02_T+7_1788701811774_moyx,DEL-BOM,EaseMyTrip,AI,AI-1739,2026-09-02,T+7,17408,3821,21229,2026-08-26T00:56:42.828Z,TRUE,"High outlier: ₹21229 > upper fence ₹14633 (Q3: ₹9771, IQR: ₹3241)",11:30,FALSE
fare_DEL-BOM_AI_2026-09-02_T+7_1788701811774_o21r,DEL-BOM,EaseMyTrip,AI,AI-2525,2026-09-02,T+7,18475,4056,22531,2026-08-26T00:56:42.828Z,TRUE,"High outlier: ₹22531 > upper fence ₹14633 (Q3: ₹9771, IQR: ₹3241)",06:00,FALSE
fare_DEL-BOM_AI_2026-09-02_T+7_1788701811774_clsu,DEL-BOM,EaseMyTrip,AI,AI-809,2026-09-02,T+7,24944,5476,30420,2026-08-26T00:56:42.828Z,TRUE,"High outlier: ₹30420 > upper fence ₹14633 (Q3: ₹9771, IQR: ₹3241)",17:40,FALSE
fare_DEL-BOM_SG_2026-09-02_T+7_1788701811774_mq27,DEL-BOM,EaseMyTrip,SG,SG-613,2026-09-02,T+7,5255,1153,6408,2026-08-26T20:35:34.029Z,FALSE,"",21:00,TRUE
fare_DEL-BOM_SG_2026-09-02_T+7_1788701811774_9q3c,DEL-BOM,EaseMyTrip,SG,SG-428,2026-09-02,T+7,5255,1153,6408,2026-08-26T20:35:34.029Z,FALSE,"",21:00,TRUE
fare_DEL-BOM_SG_2026-09-02_T+7_1788701811774_ztr5,DEL-BOM,EaseMyTrip,SG,SG-936,2026-09-02,T+7,5255,1153,6408,2026-08-26T20:35:34.029Z,FALSE,"",22:30,TRUE
fare_DEL-BOM_SG_2026-09-02_T+7_1788701811774_bhpx,DEL-BOM,EaseMyTrip,SG,SG-513,2026-09-02,T+7,5255,1153,6408,2026-08-26T20:35:34.029Z,FALSE,"",22:30,TRUE
fare_DEL-BOM_IX_2026-09-02_T+7_1788701811774_7fea,DEL-BOM,EaseMyTrip,IX,IX-1081,2026-09-02,T+7,5729,1258,6987,2026-08-26T20:35:34.029Z,FALSE,"",15:25,FALSE
fare_DEL-BOM_IX_2026-09-02_T+7_1788701811774_7w5i,DEL-BOM,EaseMyTrip,IX,IX-1001,2026-09-02,T+7,5729,1258,6987,2026-08-26T20:35:34.029Z,FALSE,"",09:00,FALSE
fare_DEL-BOM_6E_2026-09-02_T+7_1788701811774_ktfj,DEL-BOM,EaseMyTrip,6E,6E-2021,2026-09-02,T+7,5174,1136,6310,2026-08-26T20:35:34.029Z,FALSE,"",12:10,FALSE
fare_DEL-BOM_6E_2026-09-02_T+7_1788701811774_owob,DEL-BOM,EaseMyTrip,6E,6E-2151,2026-09-02,T+7,5239,1150,6389,2026-08-26T20:35:34.029Z,FALSE,"",19:45,FALSE
fare_DEL-BOM_6E_2026-09-02_T+7_1788701811774_6vda,DEL-BOM,EaseMyTrip,6E,6E-886,2026-09-02,T+7,5346,1174,6520,2026-08-26T20:35:34.029Z,FALSE,"",23:15,FALSE
fare_DEL-BOM_6E_2026-09-02_T+7_1788701811774_8dz3,DEL-BOM,EaseMyTrip,6E,6E-340,2026-09-02,T+7,5346,1174,6520,2026-08-26T20:35:34.029Z,FALSE,"",23:15,FALSE
fare_DEL-BOM_6E_2026-09-02_T+7_1788701811774_px2g,DEL-BOM,EaseMyTrip,6E,6E-227,2026-09-02,T+7,5355,1175,6530,2026-08-26T20:35:34.029Z,FALSE,"",05:00,TRUE
fare_DEL-BOM_6E_2026-09-02_T+7_1788701811774_quxw,DEL-BOM,EaseMyTrip,6E,6E-179,2026-09-02,T+7,5355,1175,6530,2026-08-26T20:35:34.029Z,FALSE,"",05:00,TRUE
fare_DEL-BOM_6E_2026-09-02_T+7_1788701811774_1zsz,DEL-BOM,EaseMyTrip,6E,6E-343,2026-09-02,T+7,5355,1175,6530,2026-08-26T20:35:34.029Z,FALSE,"",23:30,TRUE
fare_DEL-BOM_6E_2026-09-02_T+7_1788701811774_8cck,DEL-BOM,EaseMyTrip,6E,6E-623,2026-09-02,T+7,5355,1175,6530,2026-08-26T20:35:34.029Z,FALSE,"",23:30,TRUE
fare_DEL-BOM_6E_2026-09-02_T+7_1788701811774_g28b,DEL-BOM,EaseMyTrip,6E,6E-140,2026-09-02,T+7,5355,1175,6530,2026-08-26T20:35:34.029Z,FALSE,"",20:00,TRUE
fare_DEL-BOM_6E_2026-09-02_T+7_1788701811774_8hd2,DEL-BOM,EaseMyTrip,6E,6E-303,2026-09-02,T+7,5355,1175,6530,2026-08-26T20:35:34.029Z,FALSE,"",18:00,TRUE
fare_DEL-BOM_6E_2026-09-02_T+7_1788701811774_h5ix,DEL-BOM,EaseMyTrip,6E,6E-788,2026-09-02,T+7,5355,1175,6530,2026-08-26T20:35:34.029Z,FALSE,"",18:00,TRUE
fare_DEL-BOM_6E_2026-09-02_T+7_1788701811774_qory,DEL-BOM,EaseMyTrip,6E,6E-903,2026-09-02,T+7,5355,1175,6530,2026-08-26T20:35:34.029Z,FALSE,"",16:15,TRUE
fare_DEL-BOM_6E_2026-09-02_T+7_1788701811774_giyc,DEL-BOM,EaseMyTrip,6E,6E-570,2026-09-02,T+7,5355,1175,6530,2026-08-26T20:35:34.029Z,FALSE,"",16:15,TRUE
fare_DEL-BOM_6E_2026-09-02_T+7_1788701811774_ibw1,DEL-BOM,EaseMyTrip,6E,6E-789,2026-09-02,T+7,5355,1175,6530,2026-08-26T20:35:34.029Z,FALSE,"",15:30,TRUE
fare_DEL-BOM_6E_2026-09-02_T+7_1788701811774_wu3i,DEL-BOM,EaseMyTrip,6E,6E-396,2026-09-02,T+7,5355,1175,6530,2026-08-26T20:35:34.029Z,FALSE,"",15:30,TRUE
fare_DEL-BOM_6E_2026-09-02_T+7_1788701811774_4tj1,DEL-BOM,EaseMyTrip,6E,6E-604,2026-09-02,T+7,5355,1175,6530,2026-08-26T20:35:34.029Z,FALSE,"",08:45,TRUE
fare_DEL-BOM_6E_2026-09-02_T+7_1788701811774_427y,DEL-BOM,EaseMyTrip,6E,6E-932,2026-09-02,T+7,5355,1175,6530,2026-08-26T20:35:34.029Z,FALSE,"",08:45,TRUE
fare_DEL-BOM_6E_2026-09-02_T+7_1788701811774_anha,DEL-BOM,EaseMyTrip,6E,6E-180,2026-09-02,T+7,5355,1175,6530,2026-08-26T20:35:34.029Z,FALSE,"",13:00,TRUE
fare_DEL-BOM_6E_2026-09-02_T+7_1788701811774_uj1j,DEL-BOM,EaseMyTrip,6E,6E-158,2026-09-02,T+7,5355,1175,6530,2026-08-26T20:35:34.029Z,FALSE,"",13:00,TRUE
fare_DEL-BOM_6E_2026-09-02_T+7_1788701811774_6d1w,DEL-BOM,EaseMyTrip,6E,6E-2298,2026-09-02,T+7,5460,1199,6659,2026-08-26T20:35:34.029Z,FALSE,"",09:45,FALSE
fare_DEL-BOM_6E_2026-09-02_T+7_1788701811774_j8b3,DEL-BOM,EaseMyTrip,6E,6E-659,2026-09-02,T+7,5484,1204,6688,2026-08-26T20:35:34.029Z,FALSE,"",21:45,TRUE
fare_DEL-BOM_6E_2026-09-02_T+7_1788701811774_tcq6,DEL-BOM,EaseMyTrip,6E,6E-125,2026-09-02,T+7,5484,1204,6688,2026-08-26T20:35:34.029Z,FALSE,"",21:45,TRUE
fare_DEL-BOM_6E_2026-09-02_T+7_1788701811774_j3xh,DEL-BOM,EaseMyTrip,6E,6E-171,2026-09-02,T+7,5484,1204,6688,2026-08-26T20:35:34.029Z,FALSE,"",20:45,TRUE
fare_DEL-BOM_6E_2026-09-02_T+7_1788701811774_pdea,DEL-BOM,EaseMyTrip,6E,6E-591,2026-09-02,T+7,5484,1204,6688,2026-08-26T20:35:34.029Z,FALSE,"",20:45,TRUE
fare_DEL-BOM_6E_2026-09-02_T+7_1788701811774_72mb,DEL-BOM,EaseMyTrip,6E,6E-473,2026-09-02,T+7,5484,1204,6688,2026-08-26T20:35:34.029Z,FALSE,"",08:00,TRUE
fare_DEL-BOM_6E_2026-09-02_T+7_1788701811774_1jfr,DEL-BOM,EaseMyTrip,6E,6E-863,2026-09-02,T+7,5484,1204,6688,2026-08-26T20:35:34.029Z,FALSE,"",08:00,TRUE
fare_DEL-BOM_6E_2026-09-02_T+7_1788701811774_0jff,DEL-BOM,EaseMyTrip,6E,6E-734,2026-09-02,T+7,5526,1213,6739,2026-08-26T20:35:34.029Z,FALSE,"",20:20,TRUE
fare_DEL-BOM_6E_2026-09-02_T+7_1788701811774_ub9o,DEL-BOM,EaseMyTrip,6E,6E-357,2026-09-02,T+7,5526,1213,6739,2026-08-26T20:35:34.029Z,FALSE,"",20:20,TRUE
fare_DEL-BOM_IX_2026-09-02_T+7_1788701811774_iemo,DEL-BOM,EaseMyTrip,IX,IX-1273,2026-09-02,T+7,6166,1354,7520,2026-08-26T20:35:34.029Z,FALSE,"",12:20,FALSE
fare_DEL-BOM_6E_2026-09-02_T+7_1788701811774_6a0m,DEL-BOM,EaseMyTrip,6E,6E-387,2026-09-02,T+7,5656,1242,6898,2026-08-26T20:35:34.029Z,FALSE,"",19:00,TRUE
fare_DEL-BOM_6E_2026-09-02_T+7_1788701811774_m8l0,DEL-BOM,EaseMyTrip,6E,6E-633,2026-09-02,T+7,5656,1242,6898,2026-08-26T20:35:34.029Z,FALSE,"",19:00,TRUE
fare_DEL-BOM_IX_2026-09-02_T+7_1788701811774_bsja,DEL-BOM,EaseMyTrip,IX,IX-1067,2026-09-02,T+7,6658,1462,8120,2026-08-26T20:35:34.029Z,FALSE,"",06:10,FALSE
fare_DEL-BOM_6E_2026-09-02_T+7_1788701811774_ex7y,DEL-BOM,EaseMyTrip,6E,6E-791,2026-09-02,T+7,7467,1639,9106,2026-08-26T20:35:34.029Z,FALSE,"",19:35,FALSE
fare_DEL-BOM_6E_2026-09-02_T+7_1788701811774_ni6m,DEL-BOM,EaseMyTrip,6E,6E-204,2026-09-02,T+7,7467,1639,9106,2026-08-26T20:35:34.029Z,FALSE,"",19:35,FALSE
fare_DEL-BOM_6E_2026-09-02_T+7_1788701811774_3zmi,DEL-BOM,EaseMyTrip,6E,6E-5033,2026-09-02,T+7,8845,1941,10786,2026-08-26T20:35:34.029Z,FALSE,"",15:50,FALSE
fare_DEL-BOM_6E_2026-09-02_T+7_1788701811774_i7q4,DEL-BOM,EaseMyTrip,6E,6E-351,2026-09-02,T+7,9816,2155,11971,2026-08-26T20:35:34.029Z,FALSE,"",08:30,FALSE
fare_DEL-BOM_6E_2026-09-02_T+7_1788701811774_b42r,DEL-BOM,EaseMyTrip,6E,6E-594,2026-09-02,T+7,9902,2174,12076,2026-08-26T20:35:34.029Z,FALSE,"",12:15,FALSE
fare_DEL-BOM_6E_2026-09-02_T+7_1788701811774_zior,DEL-BOM,EaseMyTrip,6E,6E-491,2026-09-02,T+7,9902,2174,12076,2026-08-26T20:35:34.029Z,FALSE,"",12:15,FALSE
fare_DEL-BOM_QP_2026-09-02_T+7_1788701811774_76xv,DEL-BOM,EaseMyTrip,QP,QP-1813,2026-09-02,T+7,11433,2510,13943,2026-08-26T20:35:34.029Z,FALSE,"",08:20,FALSE
fare_DEL-BOM_QP_2026-09-02_T+7_1788701811774_bqmg,DEL-BOM,EaseMyTrip,QP,QP-1817,2026-09-02,T+7,11906,2613,14519,2026-08-26T20:35:34.029Z,FALSE,"",10:30,FALSE
fare_DEL-BOM_6E_2026-09-02_T+7_1788701811774_9op5,DEL-BOM,EaseMyTrip,6E,6E-582,2026-09-02,T+7,12041,2643,14684,2026-08-26T20:35:34.029Z,TRUE,"High outlier: ₹14684 > upper fence ₹14633 (Q3: ₹9771, IQR: ₹3241)",19:30,FALSE
fare_DEL-BOM_AI_2026-09-02_T+7_1788701811774_ajga,DEL-BOM,EaseMyTrip,AI,AI-2532,2026-09-02,T+7,13065,2868,15933,2026-08-26T20:35:34.029Z,TRUE,"High outlier: ₹15933 > upper fence ₹14633 (Q3: ₹9771, IQR: ₹3241)",11:20,FALSE
fare_DEL-BOM_QP_2026-09-02_T+7_1788701811774_i8j3,DEL-BOM,EaseMyTrip,QP,QP-1822,2026-09-02,T+7,13308,2921,16229,2026-08-26T20:35:34.029Z,TRUE,"High outlier: ₹16229 > upper fence ₹14633 (Q3: ₹9771, IQR: ₹3241)",16:40,FALSE
fare_DEL-BOM_AI_2026-09-02_T+7_1788701811774_v3fe,DEL-BOM,EaseMyTrip,AI,AI-437,2026-09-02,T+7,13927,3057,16984,2026-08-26T20:35:34.029Z,TRUE,"High outlier: ₹16984 > upper fence ₹14633 (Q3: ₹9771, IQR: ₹3241)",09:20,FALSE
fare_DEL-BOM_AI_2026-09-02_T+7_1788701811774_z2e4,DEL-BOM,EaseMyTrip,AI,AI-1757,2026-09-02,T+7,13927,3057,16984,2026-08-26T20:35:34.029Z,TRUE,"High outlier: ₹16984 > upper fence ₹14633 (Q3: ₹9771, IQR: ₹3241)",15:40,FALSE
fare_DEL-BOM_AI_2026-09-02_T+7_1788701811774_siip,DEL-BOM,EaseMyTrip,AI,AI-2577,2026-09-02,T+7,14577,3200,17777,2026-08-26T20:35:34.029Z,TRUE,"High outlier: ₹17777 > upper fence ₹14633 (Q3: ₹9771, IQR: ₹3241)",02:00,FALSE
fare_DEL-BOM_AI_2026-09-02_T+7_1788701811774_vvrh,DEL-BOM,EaseMyTrip,AI,AI-2859,2026-09-02,T+7,14577,3200,17777,2026-08-26T20:35:34.029Z,TRUE,"High outlier: ₹17777 > upper fence ₹14633 (Q3: ₹9771, IQR: ₹3241)",10:30,FALSE
fare_DEL-BOM_IX_2026-09-02_T+7_1788701811774_t4w9,DEL-BOM,EaseMyTrip,IX,IX-1815,2026-09-02,T+7,16620,3648,20268,2026-08-26T20:35:34.029Z,TRUE,"High outlier: ₹20268 > upper fence ₹14633 (Q3: ₹9771, IQR: ₹3241)",19:05,FALSE
fare_DEL-BOM_AI_2026-09-02_T+7_1788701811774_hxu1,DEL-BOM,EaseMyTrip,AI,AI-2803,2026-09-02,T+7,16370,3593,19963,2026-08-26T20:35:34.029Z,TRUE,"High outlier: ₹19963 > upper fence ₹14633 (Q3: ₹9771, IQR: ₹3241)",06:30,FALSE
fare_DEL-BOM_AI_2026-09-02_T+7_1788701811774_8g75,DEL-BOM,EaseMyTrip,AI,AI-2627,2026-09-02,T+7,23105,5072,28177,2026-08-26T20:35:34.029Z,TRUE,"High outlier: ₹28177 > upper fence ₹14633 (Q3: ₹9771, IQR: ₹3241)",10:45,FALSE
fare_DEL-BOM_IX_2026-09-02_T+7_1788701811774_uum2,DEL-BOM,EaseMyTrip,IX,IX-1812,2026-09-02,T+7,28402,6235,34637,2026-08-26T20:35:34.029Z,TRUE,"High outlier: ₹34637 > upper fence ₹14633 (Q3: ₹9771, IQR: ₹3241)",11:15,FALSE
fare_DEL-BOM_IX_2026-09-02_T+7_1788701811774_y437,DEL-BOM,EaseMyTrip,IX,IX-1811,2026-09-02,T+7,33782,7416,41198,2026-08-26T20:35:34.029Z,TRUE,"High outlier: ₹41198 > upper fence ₹14633 (Q3: ₹9771, IQR: ₹3241)",06:50,FALSE