id,route_id,source,carrier,flight_number,flight_date,booking_window,base_fare,taxes,total_fare,scraped_at,is_outlier,outlier_reason,departure_time,is_nonstop
fare_DEL-BOM_IX_2026-09-15_T+15_1788701812023_xy8u,DEL-BOM,EaseMyTrip,IX,IX-1165,2026-09-15,T+15,5354,1175,6529,2026-08-31T02:56:47.263Z,FALSE,"",05:45,FALSE
fare_DEL-BOM_IX_2026-09-15_T+15_1788701812023_g37m,DEL-BOM,EaseMyTrip,IX,IX-1235,2026-09-15,T+15,5354,1175,6529,2026-08-31T02:56:47.263Z,FALSE,"",23:25,TRUE
fare_DEL-BOM_IX_2026-09-15_T+15_1788701812023_mtx2,DEL-BOM,EaseMyTrip,IX,IX-1056,2026-09-15,T+15,5354,1175,6529,2026-08-31T02:56:47.263Z,FALSE,"",05:35,TRUE
fare_DEL-BOM_IX_2026-09-15_T+15_1788701812023_mjcu,DEL-BOM,EaseMyTrip,IX,IX-1038,2026-09-15,T+15,5354,1175,6529,2026-08-31T02:56:47.263Z,FALSE,"",17:35,TRUE
fare_DEL-BOM_IX_2026-09-15_T+15_1788701812023_08dp,DEL-BOM,EaseMyTrip,IX,IX-1080,2026-09-15,T+15,5354,1175,6529,2026-08-31T02:56:47.263Z,FALSE,"",18:40,TRUE
fare_DEL-BOM_6E_2026-09-15_T+15_1788701812023_1yz0,DEL-BOM,EaseMyTrip,6E,6E-186,2026-09-15,T+15,5354,1175,6529,2026-08-31T02:56:47.263Z,FALSE,"",20:20,TRUE
fare_DEL-BOM_6E_2026-09-15_T+15_1788701812023_kb86,DEL-BOM,EaseMyTrip,6E,6E-889,2026-09-15,T+15,5354,1175,6529,2026-08-31T02:56:47.263Z,FALSE,"",20:20,TRUE
fare_DEL-BOM_6E_2026-09-15_T+15_1788701812023_nu1d,DEL-BOM,EaseMyTrip,6E,6E-6470,2026-09-15,T+15,5354,1175,6529,2026-08-31T02:56:47.263Z,FALSE,"",06:55,TRUE
fare_DEL-BOM_QP_2026-09-15_T+15_1788701812023_6ddk,DEL-BOM,EaseMyTrip,QP,QP-1119,2026-09-15,T+15,5355,1175,6530,2026-08-31T02:56:47.263Z,FALSE,"",08:40,TRUE
fare_DEL-BOM_QP_2026-09-15_T+15_1788701812023_c6jd,DEL-BOM,EaseMyTrip,QP,QP-1110,2026-09-15,T+15,5355,1175,6530,2026-08-31T02:56:47.263Z,FALSE,"",10:30,TRUE
fare_DEL-BOM_QP_2026-09-15_T+15_1788701812023_211e,DEL-BOM,EaseMyTrip,QP,QP-1807,2026-09-15,T+15,5355,1175,6530,2026-08-31T02:56:47.263Z,FALSE,"",13:40,TRUE
fare_DEL-BOM_QP_2026-09-15_T+15_1788701812023_w0io,DEL-BOM,EaseMyTrip,QP,QP-1820,2026-09-15,T+15,5355,1175,6530,2026-08-31T02:56:47.263Z,FALSE,"",17:30,TRUE
fare_DEL-BOM_QP_2026-09-15_T+15_1788701812023_o2r5,DEL-BOM,EaseMyTrip,QP,QP-1833,2026-09-15,T+15,5355,1175,6530,2026-08-31T02:56:47.263Z,FALSE,"",06:50,TRUE
fare_DEL-BOM_QP_2026-09-15_T+15_1788701812023_rs2d,DEL-BOM,EaseMyTrip,QP,QP-1112,2026-09-15,T+15,5355,1175,6530,2026-08-31T02:56:47.263Z,FALSE,"",09:20,TRUE
fare_DEL-BOM_QP_2026-09-15_T+15_1788701812023_g7nr,DEL-BOM,EaseMyTrip,QP,QP-1128,2026-09-15,T+15,5355,1175,6530,2026-08-31T02:56:47.263Z,FALSE,"",16:00,TRUE
fare_DEL-BOM_QP_2026-09-15_T+15_1788701812023_fmpn,DEL-BOM,EaseMyTrip,QP,QP-1836,2026-09-15,T+15,5355,1175,6530,2026-08-31T02:56:47.263Z,FALSE,"",12:30,TRUE
fare_DEL-BOM_QP_2026-09-15_T+15_1788701812023_2ijv,DEL-BOM,EaseMyTrip,QP,QP-1826,2026-09-15,T+15,5355,1175,6530,2026-08-31T02:56:47.263Z,FALSE,"",19:55,TRUE
fare_DEL-BOM_6E_2026-09-15_T+15_1788701812023_pr94,DEL-BOM,EaseMyTrip,6E,6E-742,2026-09-15,T+15,5355,1175,6530,2026-08-31T02:56:47.263Z,FALSE,"",23:30,TRUE
fare_DEL-BOM_6E_2026-09-15_T+15_1788701812023_1hdv,DEL-BOM,EaseMyTrip,6E,6E-862,2026-09-15,T+15,5355,1175,6530,2026-08-31T02:56:47.263Z,FALSE,"",23:30,TRUE
fare_DEL-BOM_6E_2026-09-15_T+15_1788701812023_fiuc,DEL-BOM,EaseMyTrip,6E,6E-6706,2026-09-15,T+15,5355,1175,6530,2026-08-31T02:56:47.263Z,FALSE,"",17:00,TRUE
fare_DEL-BOM_6E_2026-09-15_T+15_1788701812023_ch46,DEL-BOM,EaseMyTrip,6E,6E-295,2026-09-15,T+15,5355,1175,6530,2026-08-31T02:56:47.263Z,FALSE,"",16:15,TRUE
fare_DEL-BOM_6E_2026-09-15_T+15_1788701812023_wod4,DEL-BOM,EaseMyTrip,6E,6E-720,2026-09-15,T+15,5355,1175,6530,2026-08-31T02:56:47.263Z,FALSE,"",16:15,TRUE
fare_DEL-BOM_6E_2026-09-15_T+15_1788701812023_hzqd,DEL-BOM,EaseMyTrip,6E,6E-458,2026-09-15,T+15,5355,1175,6530,2026-08-31T02:56:47.263Z,FALSE,"",15:30,TRUE
fare_DEL-BOM_6E_2026-09-15_T+15_1788701812023_qeui,DEL-BOM,EaseMyTrip,6E,6E-971,2026-09-15,T+15,5355,1175,6530,2026-08-31T02:56:47.263Z,FALSE,"",15:30,TRUE
fare_DEL-BOM_6E_2026-09-15_T+15_1788701812023_4lw5,DEL-BOM,EaseMyTrip,6E,6E-6318,2026-09-15,T+15,5355,1175,6530,2026-08-31T02:56:47.263Z,FALSE,"",14:45,TRUE
fare_DEL-BOM_6E_2026-09-15_T+15_1788701812023_q8nj,DEL-BOM,EaseMyTrip,6E,6E-476,2026-09-15,T+15,5355,1175,6530,2026-08-31T02:56:47.263Z,FALSE,"",13:00,TRUE
fare_DEL-BOM_6E_2026-09-15_T+15_1788701812023_6brp,DEL-BOM,EaseMyTrip,6E,6E-176,2026-09-15,T+15,5355,1175,6530,2026-08-31T02:56:47.263Z,FALSE,"",13:00,TRUE
fare_DEL-BOM_6E_2026-09-15_T+15_1788701812023_xine,DEL-BOM,EaseMyTrip,6E,6E-6022,2026-09-15,T+15,5355,1175,6530,2026-08-31T02:56:47.263Z,FALSE,"",14:00,TRUE
fare_DEL-BOM_6E_2026-09-15_T+15_1788701812023_kuzg,DEL-BOM,EaseMyTrip,6E,6E-6107,2026-09-15,T+15,5355,1175,6530,2026-08-31T02:56:47.263Z,FALSE,"",09:30,TRUE
fare_DEL-BOM_6E_2026-09-15_T+15_1788701812023_3sbw,DEL-BOM,EaseMyTrip,6E,6E-6328,2026-09-15,T+15,5355,1175,6530,2026-08-31T02:56:47.263Z,FALSE,"",10:15,TRUE
fare_DEL-BOM_6E_2026-09-15_T+15_1788701812023_5plq,DEL-BOM,EaseMyTrip,6E,6E-6047,2026-09-15,T+15,5355,1175,6530,2026-08-31T02:56:47.263Z,FALSE,"",11:00,TRUE
fare_DEL-BOM_6E_2026-09-15_T+15_1788701812023_nx3m,DEL-BOM,EaseMyTrip,6E,6E-6676,2026-09-15,T+15,5355,1175,6530,2026-08-31T02:56:47.263Z,FALSE,"",12:00,TRUE
fare_DEL-BOM_QP_2026-09-15_T+15_1788701812023_77sy,DEL-BOM,EaseMyTrip,QP,QP-1940,2026-09-15,T+15,5427,1191,6618,2026-08-31T02:56:47.263Z,FALSE,"",14:00,TRUE
fare_DEL-BOM_6E_2026-09-15_T+15_1788701812023_9ym2,DEL-BOM,EaseMyTrip,6E,6E-5198,2026-09-15,T+15,5427,1191,6618,2026-08-31T02:56:47.263Z,FALSE,"",15:00,TRUE
fare_DEL-BOM_6E_2026-09-15_T+15_1788701812023_s5fm,DEL-BOM,EaseMyTrip,6E,6E-837,2026-09-15,T+15,5484,1204,6688,2026-08-31T02:56:47.263Z,FALSE,"",05:00,TRUE
fare_DEL-BOM_6E_2026-09-15_T+15_1788701812023_z35z,DEL-BOM,EaseMyTrip,6E,6E-996,2026-09-15,T+15,5484,1204,6688,2026-08-31T02:56:47.263Z,FALSE,"",05:00,TRUE
fare_DEL-BOM_6E_2026-09-15_T+15_1788701812023_fvjn,DEL-BOM,EaseMyTrip,6E,6E-6114,2026-09-15,T+15,5484,1204,6688,2026-08-31T02:56:47.263Z,FALSE,"",22:45,TRUE
fare_DEL-BOM_6E_2026-09-15_T+15_1788701812023_acvk,DEL-BOM,EaseMyTrip,6E,6E-6218,2026-09-15,T+15,5484,1204,6688,2026-08-31T02:56:47.263Z,FALSE,"",06:05,TRUE
fare_DEL-BOM_6E_2026-09-15_T+15_1788701812023_25fx,DEL-BOM,EaseMyTrip,6E,6E-814,2026-09-15,T+15,5484,1204,6688,2026-08-31T02:56:47.263Z,FALSE,"",08:45,TRUE
fare_DEL-BOM_6E_2026-09-15_T+15_1788701812023_dtkg,DEL-BOM,EaseMyTrip,6E,6E-571,2026-09-15,T+15,5484,1204,6688,2026-08-31T02:56:47.263Z,FALSE,"",08:45,TRUE
fare_DEL-BOM_AI_2026-09-15_T+15_1788701812023_bmqd,DEL-BOM,EaseMyTrip,AI,AI-2963,2026-09-15,T+15,5740,1260,7000,2026-08-31T02:56:47.263Z,FALSE,"",09:00,TRUE
fare_DEL-BOM_AI_2026-09-15_T+15_1788701812023_3wh4,DEL-BOM,EaseMyTrip,AI,AI-2425,2026-09-15,T+15,5740,1260,7000,2026-08-31T02:56:47.263Z,FALSE,"",10:30,TRUE
fare_DEL-BOM_AI_2026-09-15_T+15_1788701812023_ebav,DEL-BOM,EaseMyTrip,AI,AI-2951,2026-09-15,T+15,5740,1260,7000,2026-08-31T02:56:47.263Z,FALSE,"",13:30,TRUE
fare_DEL-BOM_AI_2026-09-15_T+15_1788701812023_kmgo,DEL-BOM,EaseMyTrip,AI,AI-2941,2026-09-15,T+15,5740,1260,7000,2026-08-31T02:56:47.263Z,FALSE,"",16:30,TRUE
fare_DEL-BOM_AI_2026-09-15_T+15_1788701812023_7v5b,DEL-BOM,EaseMyTrip,AI,AI-2981,2026-09-15,T+15,5740,1260,7000,2026-08-31T02:56:47.263Z,FALSE,"",21:00,TRUE
fare_DEL-BOM_AI_2026-09-15_T+15_1788701812023_l295,DEL-BOM,EaseMyTrip,AI,AI-2995,2026-09-15,T+15,5740,1260,7000,2026-08-31T02:56:47.263Z,FALSE,"",10:00,TRUE
fare_DEL-BOM_AI_2026-09-15_T+15_1788701812023_bnc4,DEL-BOM,EaseMyTrip,AI,AI-2945,2026-09-15,T+15,5740,1260,7000,2026-08-31T02:56:47.263Z,FALSE,"",11:00,TRUE
fare_DEL-BOM_AI_2026-09-15_T+15_1788701812023_11oq,DEL-BOM,EaseMyTrip,AI,AI-1785,2026-09-15,T+15,5740,1260,7000,2026-08-31T02:56:47.263Z,FALSE,"",12:00,TRUE
fare_DEL-BOM_AI_2026-09-15_T+15_1788701812023_6wx2,DEL-BOM,EaseMyTrip,AI,AI-2933,2026-09-15,T+15,5740,1260,7000,2026-08-31T02:56:47.263Z,FALSE,"",15:30,TRUE
fare_DEL-BOM_AI_2026-09-15_T+15_1788701812023_q3vd,DEL-BOM,EaseMyTrip,AI,AI-1777,2026-09-15,T+15,5740,1260,7000,2026-08-31T02:56:47.263Z,FALSE,"",16:00,TRUE
fare_DEL-BOM_AI_2026-09-15_T+15_1788701812023_gtp7,DEL-BOM,EaseMyTrip,AI,AI-441,2026-09-15,T+15,5740,1260,7000,2026-08-31T02:56:47.263Z,FALSE,"",17:00,TRUE
fare_DEL-BOM_AI_2026-09-15_T+15_1788701812023_kuuz,DEL-BOM,EaseMyTrip,AI,AI-2439,2026-09-15,T+15,5740,1260,7000,2026-08-31T02:56:47.263Z,FALSE,"",23:00,TRUE
fare_DEL-BOM_AI_2026-09-15_T+15_1788701812023_jxj8,DEL-BOM,EaseMyTrip,AI,AI-2927,2026-09-15,T+15,5740,1260,7000,2026-08-31T02:56:47.263Z,FALSE,"",09:30,TRUE
fare_DEL-BOM_6E_2026-09-15_T+15_1788701812023_2kdp,DEL-BOM,EaseMyTrip,6E,6E-555,2026-09-15,T+15,5656,1242,6898,2026-08-31T02:56:47.263Z,FALSE,"",20:00,TRUE
fare_DEL-BOM_6E_2026-09-15_T+15_1788701812023_ij5b,DEL-BOM,EaseMyTrip,6E,6E-468,2026-09-15,T+15,5656,1242,6898,2026-08-31T02:56:47.263Z,FALSE,"",20:00,TRUE
fare_DEL-BOM_6E_2026-09-15_T+15_1788701812023_chbj,DEL-BOM,EaseMyTrip,6E,6E-240,2026-09-15,T+15,5656,1242,6898,2026-08-31T02:56:47.263Z,FALSE,"",19:00,TRUE
fare_DEL-BOM_6E_2026-09-15_T+15_1788701812023_fqux,DEL-BOM,EaseMyTrip,6E,6E-501,2026-09-15,T+15,5656,1242,6898,2026-08-31T02:56:47.263Z,FALSE,"",19:00,TRUE
fare_DEL-BOM_6E_2026-09-15_T+15_1788701812023_3vug,DEL-BOM,EaseMyTrip,6E,6E-104,2026-09-15,T+15,5656,1242,6898,2026-08-31T02:56:47.263Z,FALSE,"",18:00,TRUE
fare_DEL-BOM_6E_2026-09-15_T+15_1788701812023_9bjn,DEL-BOM,EaseMyTrip,6E,6E-749,2026-09-15,T+15,5656,1242,6898,2026-08-31T02:56:47.263Z,FALSE,"",18:00,TRUE
fare_DEL-BOM_6E_2026-09-15_T+15_1788701812023_ny86,DEL-BOM,EaseMyTrip,6E,6E-400,2026-09-15,T+15,5656,1242,6898,2026-08-31T02:56:47.263Z,FALSE,"",21:45,TRUE
fare_DEL-BOM_6E_2026-09-15_T+15_1788701812023_2n34,DEL-BOM,EaseMyTrip,6E,6E-851,2026-09-15,T+15,5656,1242,6898,2026-08-31T02:56:47.263Z,FALSE,"",21:45,TRUE
fare_DEL-BOM_6E_2026-09-15_T+15_1788701812023_4ntf,DEL-BOM,EaseMyTrip,6E,6E-6814,2026-09-15,T+15,5656,1242,6898,2026-08-31T02:56:47.263Z,FALSE,"",07:15,TRUE
fare_DEL-BOM_6E_2026-09-15_T+15_1788701812023_7ews,DEL-BOM,EaseMyTrip,6E,6E-572,2026-09-15,T+15,5656,1242,6898,2026-08-31T02:56:47.263Z,FALSE,"",08:00,TRUE
fare_DEL-BOM_6E_2026-09-15_T+15_1788701812023_9yjm,DEL-BOM,EaseMyTrip,6E,6E-706,2026-09-15,T+15,5656,1242,6898,2026-08-31T02:56:47.263Z,FALSE,"",08:00,TRUE
fare_DEL-BOM_AI_2026-09-15_T+15_1788701812023_5ikf,DEL-BOM,EaseMyTrip,AI,AI-2678,2026-09-15,T+15,5870,1289,7159,2026-08-31T02:56:47.263Z,FALSE,"",08:30,TRUE
fare_DEL-BOM_AI_2026-09-15_T+15_1788701812023_sw6a,DEL-BOM,EaseMyTrip,AI,AI-1745,2026-09-15,T+15,5870,1289,7159,2026-08-31T02:56:47.263Z,FALSE,"",05:00,TRUE
fare_DEL-BOM_AI_2026-09-15_T+15_1788701812023_thc1,DEL-BOM,EaseMyTrip,AI,AI-2975,2026-09-15,T+15,5870,1289,7159,2026-08-31T02:56:47.263Z,FALSE,"",06:30,TRUE
fare_DEL-BOM_IX_2026-09-15_T+15_1788701812023_e6ph,DEL-BOM,EaseMyTrip,IX,IX-1108,2026-09-15,T+15,6339,1391,7730,2026-08-31T02:56:47.263Z,FALSE,"",05:00,FALSE
fare_DEL-BOM_IX_2026-09-15_T+15_1788701812023_yjws,DEL-BOM,EaseMyTrip,IX,IX-1051,2026-09-15,T+15,6339,1391,7730,2026-08-31T02:56:47.263Z,FALSE,"",19:05,FALSE
fare_DEL-BOM_AI_2026-09-15_T+15_1788701812023_z41b,DEL-BOM,EaseMyTrip,AI,AI-2429,2026-09-15,T+15,6043,1326,7369,2026-08-31T02:56:47.263Z,FALSE,"",07:00,TRUE
fare_DEL-BOM_AI_2026-09-15_T+15_1788701812023_bvbx,DEL-BOM,EaseMyTrip,AI,AI-2943,2026-09-15,T+15,6043,1326,7369,2026-08-31T02:56:47.263Z,FALSE,"",07:30,TRUE
fare_DEL-BOM_AI_2026-09-15_T+15_1788701812023_hxbl,DEL-BOM,EaseMyTrip,AI,AI-2433,2026-09-15,T+15,6043,1326,7369,2026-08-31T02:56:47.263Z,FALSE,"",21:30,TRUE
fare_DEL-BOM_AI_2026-09-15_T+15_1788701812023_5dmm,DEL-BOM,EaseMyTrip,AI,AI-2957,2026-09-15,T+15,6043,1326,7369,2026-08-31T02:56:47.263Z,FALSE,"",20:30,TRUE
fare_DEL-BOM_6E_2026-09-15_T+15_1788701812023_lz8w,DEL-BOM,EaseMyTrip,6E,6E-6190,2026-09-15,T+15,5920,1299,7219,2026-08-31T02:56:47.263Z,FALSE,"",07:40,FALSE
fare_DEL-BOM_6E_2026-09-15_T+15_1788701812023_u8pe,DEL-BOM,EaseMyTrip,6E,6E-5014,2026-09-15,T+15,5963,1309,7272,2026-08-31T02:56:47.263Z,FALSE,"",18:30,FALSE
fare_DEL-BOM_6E_2026-09-15_T+15_1788701812023_ciyj,DEL-BOM,EaseMyTrip,6E,6E-5073,2026-09-15,T+15,5963,1309,7272,2026-08-31T02:56:47.263Z,FALSE,"",17:05,FALSE
fare_DEL-BOM_6E_2026-09-15_T+15_1788701812023_m9a3,DEL-BOM,EaseMyTrip,6E,6E-2076,2026-09-15,T+15,5963,1309,7272,2026-08-31T02:56:47.263Z,FALSE,"",07:30,FALSE
fare_DEL-BOM_6E_2026-09-15_T+15_1788701812023_fw9w,DEL-BOM,EaseMyTrip,6E,6E-5119,2026-09-15,T+15,5963,1309,7272,2026-08-31T02:56:47.263Z,FALSE,"",05:10,FALSE
fare_DEL-BOM_6E_2026-09-15_T+15_1788701812023_dmh4,DEL-BOM,EaseMyTrip,6E,6E-6983,2026-09-15,T+15,5963,1309,7272,2026-08-31T02:56:47.263Z,FALSE,"",15:35,FALSE
fare_DEL-BOM_6E_2026-09-15_T+15_1788701812023_scve,DEL-BOM,EaseMyTrip,6E,6E-6261,2026-09-15,T+15,5963,1309,7272,2026-08-31T02:56:47.263Z,FALSE,"",00:15,FALSE
fare_DEL-BOM_6E_2026-09-15_T+15_1788701812023_p4e6,DEL-BOM,EaseMyTrip,6E,6E-2013,2026-09-15,T+15,5963,1309,7272,2026-08-31T02:56:47.263Z,FALSE,"",21:50,FALSE
fare_DEL-BOM_6E_2026-09-15_T+15_1788701812023_6iul,DEL-BOM,EaseMyTrip,6E,6E-2331,2026-09-15,T+15,5963,1309,7272,2026-08-31T02:56:47.263Z,FALSE,"",12:20,FALSE
fare_DEL-BOM_6E_2026-09-15_T+15_1788701812023_7blc,DEL-BOM,EaseMyTrip,6E,6E-6490,2026-09-15,T+15,6027,1323,7350,2026-08-31T02:56:47.263Z,FALSE,"",04:55,FALSE
fare_DEL-BOM_AI_2026-09-15_T+15_1788701812023_jxu3,DEL-BOM,EaseMyTrip,AI,AI-2985,2026-09-15,T+15,6193,1360,7553,2026-08-31T02:56:47.263Z,FALSE,"",19:30,TRUE
fare_DEL-BOM_6E_2026-09-15_T+15_1788701812023_xyrm,DEL-BOM,EaseMyTrip,6E,6E-2249,2026-09-15,T+15,6070,1333,7403,2026-08-31T02:56:47.263Z,FALSE,"",15:00,FALSE
fare_DEL-BOM_6E_2026-09-15_T+15_1788701812023_94ao,DEL-BOM,EaseMyTrip,6E,6E-2169,2026-09-15,T+15,6070,1333,7403,2026-08-31T02:56:47.263Z,FALSE,"",19:40,FALSE
fare_DEL-BOM_6E_2026-09-15_T+15_1788701812023_5sxu,DEL-BOM,EaseMyTrip,6E,6E-6829,2026-09-15,T+15,6070,1333,7403,2026-08-31T02:56:47.263Z,FALSE,"",17:20,FALSE
fare_DEL-BOM_6E_2026-09-15_T+15_1788701812023_yb5i,DEL-BOM,EaseMyTrip,6E,6E-6443,2026-09-15,T+15,6070,1333,7403,2026-08-31T02:56:47.263Z,FALSE,"",09:00,FALSE
fare_DEL-BOM_6E_2026-09-15_T+15_1788701812023_9yt1,DEL-BOM,EaseMyTrip,6E,6E-6433,2026-09-15,T+15,6070,1333,7403,2026-08-31T02:56:47.263Z,FALSE,"",16:30,FALSE
fare_DEL-BOM_6E_2026-09-15_T+15_1788701812023_xzmf,DEL-BOM,EaseMyTrip,6E,6E-5138,2026-09-15,T+15,6070,1333,7403,2026-08-31T02:56:47.263Z,FALSE,"",19:10,FALSE
fare_DEL-BOM_6E_2026-09-15_T+15_1788701812023_qzjl,DEL-BOM,EaseMyTrip,6E,6E-6459,2026-09-15,T+15,6070,1333,7403,2026-08-31T02:56:47.263Z,FALSE,"",05:55,FALSE
fare_DEL-BOM_6E_2026-09-15_T+15_1788701812023_69o8,DEL-BOM,EaseMyTrip,6E,6E-960,2026-09-15,T+15,6135,1347,7482,2026-08-31T02:56:47.263Z,FALSE,"",16:30,FALSE
fare_DEL-BOM_6E_2026-09-15_T+15_1788701812023_60iz,DEL-BOM,EaseMyTrip,6E,6E-865,2026-09-15,T+15,6135,1347,7482,2026-08-31T02:56:47.263Z,FALSE,"",16:30,FALSE
fare_DEL-BOM_6E_2026-09-15_T+15_1788701812023_ius4,DEL-BOM,EaseMyTrip,6E,6E-6479,2026-09-15,T+15,6135,1347,7482,2026-08-31T02:56:47.263Z,FALSE,"",21:25,FALSE
fare_DEL-BOM_6E_2026-09-15_T+15_1788701812023_w395,DEL-BOM,EaseMyTrip,6E,6E-5298,2026-09-15,T+15,6135,1347,7482,2026-08-31T02:56:47.263Z,FALSE,"",09:00,FALSE
fare_DEL-BOM_6E_2026-09-15_T+15_1788701812023_0avd,DEL-BOM,EaseMyTrip,6E,6E-5038,2026-09-15,T+15,6135,1347,7482,2026-08-31T02:56:47.263Z,FALSE,"",14:00,FALSE
fare_DEL-BOM_6E_2026-09-15_T+15_1788701812023_ybtc,DEL-BOM,EaseMyTrip,6E,6E-6050,2026-09-15,T+15,6135,1347,7482,2026-08-31T02:56:47.263Z,FALSE,"",08:15,FALSE
fare_DEL-BOM_6E_2026-09-15_T+15_1788701812023_m0kt,DEL-BOM,EaseMyTrip,6E,6E-5206,2026-09-15,T+15,6135,1347,7482,2026-08-31T02:56:47.263Z,FALSE,"",13:20,FALSE
fare_DEL-BOM_AI_2026-09-15_T+15_1788701812023_po71,DEL-BOM,EaseMyTrip,AI,AI-2977,2026-09-15,T+15,6395,1404,7799,2026-08-31T02:56:47.263Z,FALSE,"",19:00,TRUE
fare_DEL-BOM_AI_2026-09-15_T+15_1788701812023_gdy9,DEL-BOM,EaseMyTrip,AI,AI-2955,2026-09-15,T+15,6395,1404,7799,2026-08-31T02:56:47.263Z,FALSE,"",18:00,TRUE
fare_DEL-BOM_6E_2026-09-15_T+15_1788701812023_19vh,DEL-BOM,EaseMyTrip,6E,6E-6601,2026-09-15,T+15,6243,1370,7613,2026-08-31T02:56:47.263Z,FALSE,"",19:45,FALSE
fare_DEL-BOM_6E_2026-09-15_T+15_1788701812023_o22x,DEL-BOM,EaseMyTrip,6E,6E-2381,2026-09-15,T+15,6243,1370,7613,2026-08-31T02:56:47.263Z,FALSE,"",13:45,FALSE
fare_DEL-BOM_6E_2026-09-15_T+15_1788701812023_9t5o,DEL-BOM,EaseMyTrip,6E,6E-6282,2026-09-15,T+15,6243,1370,7613,2026-08-31T02:56:47.263Z,FALSE,"",13:30,FALSE
fare_DEL-BOM_6E_2026-09-15_T+15_1788701812023_5j4u,DEL-BOM,EaseMyTrip,6E,6E-700,2026-09-15,T+15,6243,1370,7613,2026-08-31T02:56:47.263Z,FALSE,"",02:25,FALSE
fare_DEL-BOM_6E_2026-09-15_T+15_1788701812023_9uyj,DEL-BOM,EaseMyTrip,6E,6E-502,2026-09-15,T+15,6243,1370,7613,2026-08-31T02:56:47.263Z,FALSE,"",02:25,FALSE
fare_DEL-BOM_6E_2026-09-15_T+15_1788701812023_yr2u,DEL-BOM,EaseMyTrip,6E,6E-842,2026-09-15,T+15,6243,1370,7613,2026-08-31T02:56:47.263Z,FALSE,"",08:30,FALSE
fare_DEL-BOM_6E_2026-09-15_T+15_1788701812023_rz4w,DEL-BOM,EaseMyTrip,6E,6E-641,2026-09-15,T+15,6243,1370,7613,2026-08-31T02:56:47.263Z,FALSE,"",08:30,FALSE
fare_DEL-BOM_6E_2026-09-15_T+15_1788701812023_woa1,DEL-BOM,EaseMyTrip,6E,6E-771,2026-09-15,T+15,6243,1370,7613,2026-08-31T02:56:47.263Z,FALSE,"",23:15,FALSE
fare_DEL-BOM_6E_2026-09-15_T+15_1788701812023_ti0v,DEL-BOM,EaseMyTrip,6E,6E-424,2026-09-15,T+15,6243,1370,7613,2026-08-31T02:56:47.263Z,FALSE,"",23:15,FALSE
fare_DEL-BOM_6E_2026-09-15_T+15_1788701812023_p6tn,DEL-BOM,EaseMyTrip,6E,6E-6497,2026-09-15,T+15,6243,1370,7613,2026-08-31T02:56:47.263Z,FALSE,"",18:40,FALSE
fare_DEL-BOM_6E_2026-09-15_T+15_1788701812023_zncs,DEL-BOM,EaseMyTrip,6E,6E-6293,2026-09-15,T+15,6243,1370,7613,2026-08-31T02:56:47.263Z,FALSE,"",09:55,FALSE
fare_DEL-BOM_IX_2026-09-15_T+15_1788701812023_w5gv,DEL-BOM,EaseMyTrip,IX,IX-1049,2026-09-15,T+15,6831,1499,8330,2026-08-31T02:56:47.263Z,FALSE,"",18:40,FALSE
fare_DEL-BOM_6E_2026-09-15_T+15_1788701812023_ywfr,DEL-BOM,EaseMyTrip,6E,6E-419,2026-09-15,T+15,6307,1385,7692,2026-08-31T02:56:47.263Z,FALSE,"",19:30,FALSE
fare_DEL-BOM_6E_2026-09-15_T+15_1788701812023_0d19,DEL-BOM,EaseMyTrip,6E,6E-160,2026-09-15,T+15,6307,1385,7692,2026-08-31T02:56:47.263Z,FALSE,"",19:30,FALSE
fare_DEL-BOM_6E_2026-09-15_T+15_1788701812023_k8v0,DEL-BOM,EaseMyTrip,6E,6E-480,2026-09-15,T+15,6307,1385,7692,2026-08-31T02:56:47.263Z,FALSE,"",12:15,FALSE
fare_DEL-BOM_6E_2026-09-15_T+15_1788701812023_bnda,DEL-BOM,EaseMyTrip,6E,6E-456,2026-09-15,T+15,6307,1385,7692,2026-08-31T02:56:47.263Z,FALSE,"",12:15,FALSE
fare_DEL-BOM_SG_2026-09-15_T+15_1788701812023_9ir2,DEL-BOM,EaseMyTrip,SG,SG-731,2026-09-15,T+15,7164,1572,8736,2026-08-31T02:56:47.263Z,FALSE,"",19:55,TRUE
fare_DEL-BOM_SG_2026-09-15_T+15_1788701812023_87js,DEL-BOM,EaseMyTrip,SG,SG-450,2026-09-15,T+15,7164,1572,8736,2026-08-31T02:56:47.263Z,FALSE,"",19:55,TRUE
fare_DEL-BOM_6E_2026-09-15_T+15_1788701812023_2sfo,DEL-BOM,EaseMyTrip,6E,6E-2341,2026-09-15,T+15,6380,1400,7780,2026-08-31T02:56:47.263Z,FALSE,"",14:50,FALSE
fare_DEL-BOM_6E_2026-09-15_T+15_1788701812023_ps80,DEL-BOM,EaseMyTrip,6E,6E-204,2026-09-15,T+15,6380,1400,7780,2026-08-31T02:56:47.263Z,FALSE,"",10:00,FALSE
fare_DEL-BOM_6E_2026-09-15_T+15_1788701812023_w1j2,DEL-BOM,EaseMyTrip,6E,6E-758,2026-09-15,T+15,6380,1400,7780,2026-08-31T02:56:47.263Z,FALSE,"",10:00,FALSE
fare_DEL-BOM_6E_2026-09-15_T+15_1788701812023_r10i,DEL-BOM,EaseMyTrip,6E,6E-5137,2026-09-15,T+15,6380,1400,7780,2026-08-31T02:56:47.263Z,FALSE,"",10:50,FALSE
fare_DEL-BOM_6E_2026-09-15_T+15_1788701812023_mbno,DEL-BOM,EaseMyTrip,6E,6E-6171,2026-09-15,T+15,6445,1415,7860,2026-08-31T02:56:47.263Z,FALSE,"",05:40,FALSE
fare_DEL-BOM_6E_2026-09-15_T+15_1788701812023_055z,DEL-BOM,EaseMyTrip,6E,6E-6010,2026-09-15,T+15,6501,1427,7928,2026-08-31T02:56:47.263Z,FALSE,"",11:20,FALSE
fare_DEL-BOM_AI_2026-09-15_T+15_1788701812023_rzlg,DEL-BOM,EaseMyTrip,AI,AI-1780,2026-09-15,T+15,6836,1500,8336,2026-08-31T02:56:47.263Z,FALSE,"",16:10,TRUE
fare_DEL-BOM_6E_2026-09-15_T+15_1788701812023_b2ip,DEL-BOM,EaseMyTrip,6E,6E-7646,2026-09-15,T+15,6729,1477,8206,2026-08-31T02:56:47.263Z,FALSE,"",06:15,FALSE
fare_DEL-BOM_6E_2026-09-15_T+15_1788701812023_cj8f,DEL-BOM,EaseMyTrip,6E,6E-7642,2026-09-15,T+15,6795,1491,8286,2026-08-31T02:56:47.263Z,FALSE,"",15:45,FALSE
fare_DEL-BOM_6E_2026-09-15_T+15_1788701812023_axzq,DEL-BOM,EaseMyTrip,6E,6E-721,2026-09-15,T+15,6825,1498,8323,2026-08-31T02:56:47.263Z,FALSE,"",19:35,FALSE
fare_DEL-BOM_6E_2026-09-15_T+15_1788701812023_kkux,DEL-BOM,EaseMyTrip,6E,6E-575,2026-09-15,T+15,6825,1498,8323,2026-08-31T02:56:47.263Z,FALSE,"",19:35,FALSE
fare_DEL-BOM_SG_2026-09-15_T+15_1788701812023_j1tf,DEL-BOM,EaseMyTrip,SG,SG-566,2026-09-15,T+15,8184,1796,9980,2026-08-31T02:56:47.263Z,TRUE,"High outlier: ₹9980 > upper fence ₹9386 (Q3: ₹7799, IQR: ₹1058)",22:30,TRUE
fare_DEL-BOM_6E_2026-09-15_T+15_1788701812023_bnpu,DEL-BOM,EaseMyTrip,6E,6E-2349,2026-09-15,T+15,7682,1686,9368,2026-08-31T02:56:47.263Z,FALSE,"",10:55,FALSE
fare_DEL-BOM_AI_2026-09-15_T+15_1788701812023_v36r,DEL-BOM,EaseMyTrip,AI,AI-2509,2026-09-15,T+15,8225,1805,10030,2026-08-31T02:56:47.263Z,TRUE,"High outlier: ₹10030 > upper fence ₹9386 (Q3: ₹7799, IQR: ₹1058)",06:55,FALSE
fare_DEL-BOM_AI_2026-09-15_T+15_1788701812023_0poc,DEL-BOM,EaseMyTrip,AI,AI-1705,2026-09-15,T+15,8895,1952,10847,2026-08-31T02:56:47.263Z,TRUE,"High outlier: ₹10847 > upper fence ₹9386 (Q3: ₹7799, IQR: ₹1058)",06:30,FALSE
fare_DEL-BOM_AI_2026-09-15_T+15_1788701812023_zzqi,DEL-BOM,EaseMyTrip,AI,AI-2499,2026-09-15,T+15,9122,2002,11124,2026-08-31T02:56:47.263Z,TRUE,"High outlier: ₹11124 > upper fence ₹9386 (Q3: ₹7799, IQR: ₹1058)",05:55,FALSE
fare_DEL-BOM_AI_2026-09-15_T+15_1788701812023_bjhv,DEL-BOM,EaseMyTrip,AI,AI-9757,2026-09-15,T+15,9684,2126,11810,2026-08-31T02:56:47.263Z,TRUE,"High outlier: ₹11810 > upper fence ₹9386 (Q3: ₹7799, IQR: ₹1058)",11:50,FALSE
fare_DEL-BOM_QP_2026-09-15_T+15_1788701812023_f4vk,DEL-BOM,EaseMyTrip,QP,QP-1815,2026-09-15,T+15,10321,2265,12586,2026-08-31T02:56:47.263Z,TRUE,"High outlier: ₹12586 > upper fence ₹9386 (Q3: ₹7799, IQR: ₹1058)",14:55,FALSE
fare_DEL-BOM_IX_2026-09-15_T+15_1788701812023_v4e9,DEL-BOM,EaseMyTrip,IX,IX-1003,2026-09-15,T+15,11012,2417,13429,2026-08-31T02:56:47.263Z,TRUE,"High outlier: ₹13429 > upper fence ₹9386 (Q3: ₹7799, IQR: ₹1058)",19:10,FALSE
fare_DEL-BOM_QP_2026-09-15_T+15_1788701812023_xrsh,DEL-BOM,EaseMyTrip,QP,QP-1812,2026-09-15,T+15,10783,2367,13150,2026-08-31T02:56:47.263Z,TRUE,"High outlier: ₹13150 > upper fence ₹9386 (Q3: ₹7799, IQR: ₹1058)",22:55,FALSE
fare_DEL-BOM_AI_2026-09-15_T+15_1788701812023_n4m6,DEL-BOM,EaseMyTrip,AI,AI-2715,2026-09-15,T+15,11186,2455,13641,2026-08-31T02:56:47.263Z,TRUE,"High outlier: ₹13641 > upper fence ₹9386 (Q3: ₹7799, IQR: ₹1058)",11:40,FALSE
fare_DEL-BOM_AI_2026-09-15_T+15_1788701812023_vpis,DEL-BOM,EaseMyTrip,AI,AI-809,2026-09-15,T+15,11273,2475,13748,2026-08-31T02:56:47.263Z,TRUE,"High outlier: ₹13748 > upper fence ₹9386 (Q3: ₹7799, IQR: ₹1058)",17:40,FALSE
fare_DEL-BOM_AI_2026-09-15_T+15_1788701812023_ygv7,DEL-BOM,EaseMyTrip,AI,AI-2939,2026-09-15,T+15,11273,2475,13748,2026-08-31T02:56:47.263Z,TRUE,"High outlier: ₹13748 > upper fence ₹9386 (Q3: ₹7799, IQR: ₹1058)",16:40,FALSE
fare_DEL-BOM_IX_2026-09-15_T+15_1788701812023_2yeu,DEL-BOM,EaseMyTrip,IX,IX-1082,2026-09-15,T+15,12412,2725,15137,2026-08-31T02:56:47.263Z,TRUE,"High outlier: ₹15137 > upper fence ₹9386 (Q3: ₹7799, IQR: ₹1058)",21:25,FALSE
fare_DEL-BOM_AI_2026-09-15_T+15_1788701812023_x1cd,DEL-BOM,EaseMyTrip,AI,AI-2761,2026-09-15,T+15,12103,2657,14760,2026-08-31T02:56:47.263Z,TRUE,"High outlier: ₹14760 > upper fence ₹9386 (Q3: ₹7799, IQR: ₹1058)",16:25,FALSE
fare_DEL-BOM_IX_2026-09-15_T+15_1788701812023_ltla,DEL-BOM,EaseMyTrip,IX,IX-1817,2026-09-15,T+15,12612,2768,15380,2026-08-31T02:56:47.263Z,TRUE,"High outlier: ₹15380 > upper fence ₹9386 (Q3: ₹7799, IQR: ₹1058)",19:30,FALSE
fare_DEL-BOM_IX_2026-09-15_T+15_1788701812023_9ttm,DEL-BOM,EaseMyTrip,IX,IX-1068,2026-09-15,T+15,12680,2783,15463,2026-08-31T02:56:47.263Z,TRUE,"High outlier: ₹15463 > upper fence ₹9386 (Q3: ₹7799, IQR: ₹1058)",11:55,FALSE
fare_DEL-BOM_QP_2026-09-15_T+15_1788701812023_x6bu,DEL-BOM,EaseMyTrip,QP,QP-1817,2026-09-15,T+15,12795,2809,15604,2026-08-31T02:56:47.263Z,TRUE,"High outlier: ₹15604 > upper fence ₹9386 (Q3: ₹7799, IQR: ₹1058)",10:30,FALSE
fare_DEL-BOM_AI_2026-09-15_T+15_1788701812023_aws0,DEL-BOM,EaseMyTrip,AI,AI-1743,2026-09-15,T+15,13065,2868,15933,2026-08-31T02:56:47.263Z,TRUE,"High outlier: ₹15933 > upper fence ₹9386 (Q3: ₹7799, IQR: ₹1058)",06:20,FALSE
fare_DEL-BOM_AI_2026-09-15_T+15_1788701812023_x1ny,DEL-BOM,EaseMyTrip,AI,AI-9920,2026-09-15,T+15,13220,2902,16122,2026-08-31T02:56:47.263Z,TRUE,"High outlier: ₹16122 > upper fence ₹9386 (Q3: ₹7799, IQR: ₹1058)",10:50,FALSE
fare_DEL-BOM_AI_2026-09-15_T+15_1788701812023_oqxj,DEL-BOM,EaseMyTrip,AI,AI-2907,2026-09-15,T+15,13927,3057,16984,2026-08-31T02:56:47.263Z,TRUE,"High outlier: ₹16984 > upper fence ₹9386 (Q3: ₹7799, IQR: ₹1058)",11:55,FALSE
fare_DEL-BOM_AI_2026-09-15_T+15_1788701812023_3ylw,DEL-BOM,EaseMyTrip,AI,AI-1773,2026-09-15,T+15,14497,3182,17679,2026-08-31T02:56:47.263Z,TRUE,"High outlier: ₹17679 > upper fence ₹9386 (Q3: ₹7799, IQR: ₹1058)",10:30,FALSE
fare_DEL-BOM_AI_2026-09-15_T+15_1788701812023_7ecw,DEL-BOM,EaseMyTrip,AI,AI-9584,2026-09-15,T+15,14501,3183,17684,2026-08-31T02:56:47.263Z,TRUE,"High outlier: ₹17684 > upper fence ₹9386 (Q3: ₹7799, IQR: ₹1058)",11:15,FALSE
fare_DEL-BOM_AI_2026-09-15_T+15_1788701812023_8np5,DEL-BOM,EaseMyTrip,AI,AI-2577,2026-09-15,T+15,14577,3200,17777,2026-08-31T02:56:47.263Z,TRUE,"High outlier: ₹17777 > upper fence ₹9386 (Q3: ₹7799, IQR: ₹1058)",02:00,FALSE
fare_DEL-BOM_AI_2026-09-15_T+15_1788701812023_1s36,DEL-BOM,EaseMyTrip,AI,AI-2859,2026-09-15,T+15,14577,3200,17777,2026-08-31T02:56:47.263Z,TRUE,"High outlier: ₹17777 > upper fence ₹9386 (Q3: ₹7799, IQR: ₹1058)",10:30,FALSE
fare_DEL-BOM_AI_2026-09-15_T+15_1788701812023_b3sz,DEL-BOM,EaseMyTrip,AI,AI-2465,2026-09-15,T+15,14880,3266,18146,2026-08-31T02:56:47.263Z,TRUE,"High outlier: ₹18146 > upper fence ₹9386 (Q3: ₹7799, IQR: ₹1058)",14:30,FALSE
fare_DEL-BOM_AI_2026-09-15_T+15_1788701812023_jqo7,DEL-BOM,EaseMyTrip,AI,AI-427,2026-09-15,T+15,16370,3593,19963,2026-08-31T02:56:47.263Z,TRUE,"High outlier: ₹19963 > upper fence ₹9386 (Q3: ₹7799, IQR: ₹1058)",08:30,FALSE
fare_DEL-BOM_AI_2026-09-15_T+15_1788701812023_qkds,DEL-BOM,EaseMyTrip,AI,AI-1779,2026-09-15,T+15,16661,3657,20318,2026-08-31T02:56:47.263Z,TRUE,"High outlier: ₹20318 > upper fence ₹9386 (Q3: ₹7799, IQR: ₹1058)",13:50,FALSE
fare_DEL-BOM_AI_2026-09-15_T+15_1788701812023_6hld,DEL-BOM,EaseMyTrip,AI,AI-1739,2026-09-15,T+15,17347,3808,21155,2026-08-31T02:56:47.263Z,TRUE,"High outlier: ₹21155 > upper fence ₹9386 (Q3: ₹7799, IQR: ₹1058)",11:30,FALSE
fare_DEL-BOM_AI_2026-09-15_T+15_1788701812023_8uua,DEL-BOM,EaseMyTrip,AI,AI-2627,2026-09-15,T+15,19944,4378,24322,2026-08-31T02:56:47.263Z,TRUE,"High outlier: ₹24322 > upper fence ₹9386 (Q3: ₹7799, IQR: ₹1058)",10:45,FALSE
fare_DEL-BOM_IX_2026-09-01_T+1_1788701812023_bqur,DEL-BOM,EaseMyTrip,IX,IX-1235,2026-09-01,T+1,5354,1175,6529,2026-08-31T02:56:35.224Z,FALSE,"",23:25,TRUE
fare_DEL-BOM_6E_2026-09-01_T+1_1788701812023_kltc,DEL-BOM,EaseMyTrip,6E,6E-6433,2026-09-01,T+1,5174,1136,6310,2026-08-31T02:56:35.224Z,FALSE,"",16:30,FALSE
fare_DEL-BOM_6E_2026-09-01_T+1_1788701812023_y297,DEL-BOM,EaseMyTrip,6E,6E-6479,2026-09-01,T+1,5239,1150,6389,2026-08-31T02:56:35.224Z,FALSE,"",21:25,FALSE
fare_DEL-BOM_6E_2026-09-01_T+1_1788701812023_lw5r,DEL-BOM,EaseMyTrip,6E,6E-5298,2026-09-01,T+1,5239,1150,6389,2026-08-31T02:56:35.224Z,FALSE,"",09:00,FALSE
fare_DEL-BOM_6E_2026-09-01_T+1_1788701812023_xcr9,DEL-BOM,EaseMyTrip,6E,6E-5206,2026-09-01,T+1,5239,1150,6389,2026-08-31T02:56:35.224Z,FALSE,"",13:20,FALSE
fare_DEL-BOM_6E_2026-09-01_T+1_1788701812023_xxue,DEL-BOM,EaseMyTrip,6E,6E-6050,2026-09-01,T+1,5239,1150,6389,2026-08-31T02:56:35.224Z,FALSE,"",08:15,FALSE
fare_DEL-BOM_SG_2026-09-01_T+1_1788701812023_24os,DEL-BOM,EaseMyTrip,SG,SG-968,2026-09-01,T+1,5525,1213,6738,2026-08-31T02:56:35.224Z,FALSE,"",22:30,TRUE
fare_DEL-BOM_SG_2026-09-01_T+1_1788701812023_jbiz,DEL-BOM,EaseMyTrip,SG,SG-772,2026-09-01,T+1,5525,1213,6738,2026-08-31T02:56:35.224Z,FALSE,"",22:30,TRUE
fare_DEL-BOM_6E_2026-09-01_T+1_1788701812023_il5c,DEL-BOM,EaseMyTrip,6E,6E-6601,2026-09-01,T+1,5346,1174,6520,2026-08-31T02:56:35.224Z,FALSE,"",19:45,FALSE
fare_DEL-BOM_6E_2026-09-01_T+1_1788701812023_bneq,DEL-BOM,EaseMyTrip,6E,6E-6282,2026-09-01,T+1,5346,1174,6520,2026-08-31T02:56:35.224Z,FALSE,"",13:30,FALSE
fare_DEL-BOM_6E_2026-09-01_T+1_1788701812023_2jlp,DEL-BOM,EaseMyTrip,6E,6E-535,2026-09-01,T+1,5346,1174,6520,2026-08-31T02:56:35.224Z,FALSE,"",23:15,FALSE
fare_DEL-BOM_6E_2026-09-01_T+1_1788701812023_13aj,DEL-BOM,EaseMyTrip,6E,6E-387,2026-09-01,T+1,5346,1174,6520,2026-08-31T02:56:35.224Z,FALSE,"",23:15,FALSE
fare_DEL-BOM_6E_2026-09-01_T+1_1788701812023_e231,DEL-BOM,EaseMyTrip,6E,6E-6497,2026-09-01,T+1,5346,1174,6520,2026-08-31T02:56:35.224Z,FALSE,"",18:40,FALSE
fare_DEL-BOM_QP_2026-09-01_T+1_1788701812023_m4bi,DEL-BOM,EaseMyTrip,QP,QP-1110,2026-09-01,T+1,5355,1175,6530,2026-08-31T02:56:35.224Z,FALSE,"",10:30,TRUE
fare_DEL-BOM_QP_2026-09-01_T+1_1788701812023_56vw,DEL-BOM,EaseMyTrip,QP,QP-1807,2026-09-01,T+1,5355,1175,6530,2026-08-31T02:56:35.224Z,FALSE,"",13:40,TRUE
fare_DEL-BOM_QP_2026-09-01_T+1_1788701812023_q37k,DEL-BOM,EaseMyTrip,QP,QP-1820,2026-09-01,T+1,5355,1175,6530,2026-08-31T02:56:35.224Z,FALSE,"",17:30,TRUE
fare_DEL-BOM_QP_2026-09-01_T+1_1788701812023_tjdi,DEL-BOM,EaseMyTrip,QP,QP-1112,2026-09-01,T+1,5355,1175,6530,2026-08-31T02:56:35.224Z,FALSE,"",09:20,TRUE
fare_DEL-BOM_QP_2026-09-01_T+1_1788701812023_o4lz,DEL-BOM,EaseMyTrip,QP,QP-1128,2026-09-01,T+1,5355,1175,6530,2026-08-31T02:56:35.224Z,FALSE,"",16:00,TRUE
fare_DEL-BOM_QP_2026-09-01_T+1_1788701812023_435q,DEL-BOM,EaseMyTrip,QP,QP-1836,2026-09-01,T+1,5355,1175,6530,2026-08-31T02:56:35.224Z,FALSE,"",12:30,TRUE
fare_DEL-BOM_6E_2026-09-01_T+1_1788701812023_g715,DEL-BOM,EaseMyTrip,6E,6E-119,2026-09-01,T+1,5355,1175,6530,2026-08-31T02:56:35.224Z,FALSE,"",23:30,TRUE
fare_DEL-BOM_6E_2026-09-01_T+1_1788701812023_6nvm,DEL-BOM,EaseMyTrip,6E,6E-750,2026-09-01,T+1,5355,1175,6530,2026-08-31T02:56:35.224Z,FALSE,"",23:30,TRUE
fare_DEL-BOM_6E_2026-09-01_T+1_1788701812023_71vc,DEL-BOM,EaseMyTrip,6E,6E-6114,2026-09-01,T+1,5355,1175,6530,2026-08-31T02:56:35.224Z,FALSE,"",22:45,TRUE
fare_DEL-BOM_6E_2026-09-01_T+1_1788701812023_0k9s,DEL-BOM,EaseMyTrip,6E,6E-700,2026-09-01,T+1,5355,1175,6530,2026-08-31T02:56:35.224Z,FALSE,"",16:15,TRUE
fare_DEL-BOM_6E_2026-09-01_T+1_1788701812023_ohxq,DEL-BOM,EaseMyTrip,6E,6E-661,2026-09-01,T+1,5355,1175,6530,2026-08-31T02:56:35.224Z,FALSE,"",16:15,TRUE
fare_DEL-BOM_6E_2026-09-01_T+1_1788701812023_wyr9,DEL-BOM,EaseMyTrip,6E,6E-630,2026-09-01,T+1,5355,1175,6530,2026-08-31T02:56:35.224Z,FALSE,"",15:30,TRUE
fare_DEL-BOM_6E_2026-09-01_T+1_1788701812023_e47z,DEL-BOM,EaseMyTrip,6E,6E-530,2026-09-01,T+1,5355,1175,6530,2026-08-31T02:56:35.224Z,FALSE,"",15:30,TRUE
fare_DEL-BOM_6E_2026-09-01_T+1_1788701812023_vfpx,DEL-BOM,EaseMyTrip,6E,6E-6318,2026-09-01,T+1,5355,1175,6530,2026-08-31T02:56:35.224Z,FALSE,"",14:45,TRUE
fare_DEL-BOM_6E_2026-09-01_T+1_1788701812023_f7sm,DEL-BOM,EaseMyTrip,6E,6E-817,2026-09-01,T+1,5355,1175,6530,2026-08-31T02:56:35.224Z,FALSE,"",21:45,TRUE
fare_DEL-BOM_6E_2026-09-01_T+1_1788701812023_yysq,DEL-BOM,EaseMyTrip,6E,6E-808,2026-09-01,T+1,5355,1175,6530,2026-08-31T02:56:35.224Z,FALSE,"",21:45,TRUE
fare_DEL-BOM_6E_2026-09-01_T+1_1788701812023_s55y,DEL-BOM,EaseMyTrip,6E,6E-749,2026-09-01,T+1,5355,1175,6530,2026-08-31T02:56:35.224Z,FALSE,"",13:00,TRUE
fare_DEL-BOM_6E_2026-09-01_T+1_1788701812023_1drk,DEL-BOM,EaseMyTrip,6E,6E-911,2026-09-01,T+1,5355,1175,6530,2026-08-31T02:56:35.224Z,FALSE,"",13:00,TRUE
fare_DEL-BOM_6E_2026-09-01_T+1_1788701812023_5zcm,DEL-BOM,EaseMyTrip,6E,6E-6022,2026-09-01,T+1,5355,1175,6530,2026-08-31T02:56:35.224Z,FALSE,"",14:00,TRUE
fare_DEL-BOM_6E_2026-09-01_T+1_1788701812023_p6v3,DEL-BOM,EaseMyTrip,6E,6E-6328,2026-09-01,T+1,5355,1175,6530,2026-08-31T02:56:35.224Z,FALSE,"",10:15,TRUE
fare_DEL-BOM_6E_2026-09-01_T+1_1788701812023_e1y7,DEL-BOM,EaseMyTrip,6E,6E-6047,2026-09-01,T+1,5355,1175,6530,2026-08-31T02:56:35.224Z,FALSE,"",11:00,TRUE
fare_DEL-BOM_6E_2026-09-01_T+1_1788701812023_lcyj,DEL-BOM,EaseMyTrip,6E,6E-6676,2026-09-01,T+1,5355,1175,6530,2026-08-31T02:56:35.224Z,FALSE,"",12:00,TRUE
fare_DEL-BOM_QP_2026-09-01_T+1_1788701812023_05dv,DEL-BOM,EaseMyTrip,QP,QP-1940,2026-09-01,T+1,5427,1191,6618,2026-08-31T02:56:35.224Z,FALSE,"",14:00,TRUE
fare_DEL-BOM_6E_2026-09-01_T+1_1788701812023_5iup,DEL-BOM,EaseMyTrip,6E,6E-5198,2026-09-01,T+1,5427,1191,6618,2026-08-31T02:56:35.224Z,FALSE,"",15:00,TRUE
fare_DEL-BOM_QP_2026-09-01_T+1_1788701812023_8o5d,DEL-BOM,EaseMyTrip,QP,QP-1826,2026-09-01,T+1,5452,1197,6649,2026-08-31T02:56:35.224Z,FALSE,"",19:55,TRUE
fare_DEL-BOM_6E_2026-09-01_T+1_1788701812023_hk53,DEL-BOM,EaseMyTrip,6E,6E-5014,2026-09-01,T+1,5460,1199,6659,2026-08-31T02:56:35.224Z,FALSE,"",18:30,FALSE
fare_DEL-BOM_6E_2026-09-01_T+1_1788701812023_jsim,DEL-BOM,EaseMyTrip,6E,6E-6706,2026-09-01,T+1,5484,1204,6688,2026-08-31T02:56:35.224Z,FALSE,"",17:00,TRUE
fare_DEL-BOM_6E_2026-09-01_T+1_1788701812023_cc9z,DEL-BOM,EaseMyTrip,6E,6E-6107,2026-09-01,T+1,5484,1204,6688,2026-08-31T02:56:35.224Z,FALSE,"",09:30,TRUE
fare_DEL-BOM_6E_2026-09-01_T+1_1788701812023_v77w,DEL-BOM,EaseMyTrip,6E,6E-6490,2026-09-01,T+1,5550,1218,6768,2026-08-31T02:56:35.224Z,FALSE,"",04:55,FALSE
fare_DEL-BOM_6E_2026-09-01_T+1_1788701812023_qq9i,DEL-BOM,EaseMyTrip,6E,6E-2169,2026-09-01,T+1,5569,1222,6791,2026-08-31T02:56:35.224Z,FALSE,"",19:40,FALSE
fare_DEL-BOM_AI_2026-09-01_T+1_1788701812023_b5hs,DEL-BOM,EaseMyTrip,AI,AI-2951,2026-09-01,T+1,5740,1260,7000,2026-08-31T02:56:35.224Z,FALSE,"",13:30,TRUE
fare_DEL-BOM_AI_2026-09-01_T+1_1788701812023_lb1w,DEL-BOM,EaseMyTrip,AI,AI-2941,2026-09-01,T+1,5740,1260,7000,2026-08-31T02:56:35.224Z,FALSE,"",16:30,TRUE
fare_DEL-BOM_AI_2026-09-01_T+1_1788701812023_g1x9,DEL-BOM,EaseMyTrip,AI,AI-2943,2026-09-01,T+1,5740,1260,7000,2026-08-31T02:56:35.224Z,FALSE,"",07:30,TRUE
fare_DEL-BOM_AI_2026-09-01_T+1_1788701812023_bsto,DEL-BOM,EaseMyTrip,AI,AI-2995,2026-09-01,T+1,5740,1260,7000,2026-08-31T02:56:35.224Z,FALSE,"",10:00,TRUE
fare_DEL-BOM_AI_2026-09-01_T+1_1788701812023_rtaq,DEL-BOM,EaseMyTrip,AI,AI-2945,2026-09-01,T+1,5740,1260,7000,2026-08-31T02:56:35.224Z,FALSE,"",11:00,TRUE
fare_DEL-BOM_AI_2026-09-01_T+1_1788701812023_w637,DEL-BOM,EaseMyTrip,AI,AI-1785,2026-09-01,T+1,5740,1260,7000,2026-08-31T02:56:35.224Z,FALSE,"",12:00,TRUE
fare_DEL-BOM_AI_2026-09-01_T+1_1788701812023_tyn6,DEL-BOM,EaseMyTrip,AI,AI-2933,2026-09-01,T+1,5740,1260,7000,2026-08-31T02:56:35.224Z,FALSE,"",15:30,TRUE
fare_DEL-BOM_AI_2026-09-01_T+1_1788701812023_o4p3,DEL-BOM,EaseMyTrip,AI,AI-1777,2026-09-01,T+1,5740,1260,7000,2026-08-31T02:56:35.224Z,FALSE,"",16:00,TRUE
fare_DEL-BOM_AI_2026-09-01_T+1_1788701812023_ydq6,DEL-BOM,EaseMyTrip,AI,AI-441,2026-09-01,T+1,5740,1260,7000,2026-08-31T02:56:35.224Z,FALSE,"",17:00,TRUE
fare_DEL-BOM_AI_2026-09-01_T+1_1788701812023_w98f,DEL-BOM,EaseMyTrip,AI,AI-2985,2026-09-01,T+1,5740,1260,7000,2026-08-31T02:56:35.224Z,FALSE,"",19:30,TRUE
fare_DEL-BOM_AI_2026-09-01_T+1_1788701812023_lukn,DEL-BOM,EaseMyTrip,AI,AI-2439,2026-09-01,T+1,5740,1260,7000,2026-08-31T02:56:35.224Z,FALSE,"",23:00,TRUE
fare_DEL-BOM_AI_2026-09-01_T+1_1788701812023_bivx,DEL-BOM,EaseMyTrip,AI,AI-2927,2026-09-01,T+1,5740,1260,7000,2026-08-31T02:56:35.224Z,FALSE,"",09:30,TRUE
fare_DEL-BOM_6E_2026-09-01_T+1_1788701812023_wfxr,DEL-BOM,EaseMyTrip,6E,6E-6010,2026-09-01,T+1,5605,1230,6835,2026-08-31T02:56:35.224Z,FALSE,"",11:20,FALSE
fare_DEL-BOM_QP_2026-09-01_T+1_1788701812023_grjl,DEL-BOM,EaseMyTrip,QP,QP-1833,2026-09-01,T+1,5652,1241,6893,2026-08-31T02:56:35.224Z,FALSE,"",06:50,TRUE
fare_DEL-BOM_6E_2026-09-01_T+1_1788701812023_3mkm,DEL-BOM,EaseMyTrip,6E,6E-401,2026-09-01,T+1,5656,1242,6898,2026-08-31T02:56:35.224Z,FALSE,"",19:00,TRUE
fare_DEL-BOM_6E_2026-09-01_T+1_1788701812023_i563,DEL-BOM,EaseMyTrip,6E,6E-360,2026-09-01,T+1,5656,1242,6898,2026-08-31T02:56:35.224Z,FALSE,"",19:00,TRUE
fare_DEL-BOM_6E_2026-09-01_T+1_1788701812023_yz0w,DEL-BOM,EaseMyTrip,6E,6E-282,2026-09-01,T+1,5656,1242,6898,2026-08-31T02:56:35.224Z,FALSE,"",18:00,TRUE
fare_DEL-BOM_6E_2026-09-01_T+1_1788701812023_vpov,DEL-BOM,EaseMyTrip,6E,6E-140,2026-09-01,T+1,5656,1242,6898,2026-08-31T02:56:35.224Z,FALSE,"",18:00,TRUE
fare_DEL-BOM_6E_2026-09-01_T+1_1788701812023_lu71,DEL-BOM,EaseMyTrip,6E,6E-6218,2026-09-01,T+1,5656,1242,6898,2026-08-31T02:56:35.224Z,FALSE,"",06:05,TRUE
fare_DEL-BOM_6E_2026-09-01_T+1_1788701812023_8vqb,DEL-BOM,EaseMyTrip,6E,6E-380,2026-09-01,T+1,5656,1242,6898,2026-08-31T02:56:35.224Z,FALSE,"",08:00,TRUE
fare_DEL-BOM_6E_2026-09-01_T+1_1788701812023_4lv9,DEL-BOM,EaseMyTrip,6E,6E-513,2026-09-01,T+1,5656,1242,6898,2026-08-31T02:56:35.224Z,FALSE,"",08:00,TRUE
fare_DEL-BOM_6E_2026-09-01_T+1_1788701812023_rfwv,DEL-BOM,EaseMyTrip,6E,6E-984,2026-09-01,T+1,5656,1242,6898,2026-08-31T02:56:35.224Z,FALSE,"",08:45,TRUE
fare_DEL-BOM_6E_2026-09-01_T+1_1788701812023_65r6,DEL-BOM,EaseMyTrip,6E,6E-691,2026-09-01,T+1,5656,1242,6898,2026-08-31T02:56:35.224Z,FALSE,"",08:45,TRUE
fare_DEL-BOM_AI_2026-09-01_T+1_1788701812023_8mf5,DEL-BOM,EaseMyTrip,AI,AI-2981,2026-09-01,T+1,5870,1289,7159,2026-08-31T02:56:35.224Z,FALSE,"",21:00,TRUE
fare_DEL-BOM_AI_2026-09-01_T+1_1788701812023_4wzv,DEL-BOM,EaseMyTrip,AI,AI-2433,2026-09-01,T+1,5870,1289,7159,2026-08-31T02:56:35.224Z,FALSE,"",21:30,TRUE
fare_DEL-BOM_AI_2026-09-01_T+1_1788701812023_whnw,DEL-BOM,EaseMyTrip,AI,AI-1780,2026-09-01,T+1,5870,1289,7159,2026-08-31T02:56:35.224Z,FALSE,"",16:10,TRUE
fare_DEL-BOM_6E_2026-09-01_T+1_1788701812023_n0vu,DEL-BOM,EaseMyTrip,6E,6E-243,2026-09-01,T+1,5805,1274,7079,2026-08-31T02:56:35.224Z,FALSE,"",19:30,FALSE
fare_DEL-BOM_6E_2026-09-01_T+1_1788701812023_7y7o,DEL-BOM,EaseMyTrip,6E,6E-260,2026-09-01,T+1,5805,1274,7079,2026-08-31T02:56:35.224Z,FALSE,"",19:30,FALSE
fare_DEL-BOM_AI_2026-09-01_T+1_1788701812023_ci12,DEL-BOM,EaseMyTrip,AI,AI-1745,2026-09-01,T+1,6043,1326,7369,2026-08-31T02:56:35.224Z,FALSE,"",05:00,TRUE
fare_DEL-BOM_AI_2026-09-01_T+1_1788701812023_nodn,DEL-BOM,EaseMyTrip,AI,AI-2510,2026-09-01,T+1,6043,1326,7369,2026-08-31T02:56:35.224Z,FALSE,"",02:45,TRUE
fare_DEL-BOM_6E_2026-09-01_T+1_1788701812023_ycd1,DEL-BOM,EaseMyTrip,6E,6E-5038,2026-09-01,T+1,6066,1331,7397,2026-08-31T02:56:35.224Z,FALSE,"",14:00,FALSE
fare_DEL-BOM_AI_2026-09-01_T+1_1788701812023_c11e,DEL-BOM,EaseMyTrip,AI,AI-2963,2026-09-01,T+1,6257,1373,7630,2026-08-31T02:56:35.224Z,FALSE,"",09:00,TRUE
fare_DEL-BOM_AI_2026-09-01_T+1_1788701812023_fi4o,DEL-BOM,EaseMyTrip,AI,AI-2429,2026-09-01,T+1,6257,1373,7630,2026-08-31T02:56:35.224Z,FALSE,"",07:00,TRUE
fare_DEL-BOM_6E_2026-09-01_T+1_1788701812023_madf,DEL-BOM,EaseMyTrip,6E,6E-6470,2026-09-01,T+1,6172,1355,7527,2026-08-31T02:56:35.224Z,FALSE,"",06:55,TRUE
fare_DEL-BOM_AI_2026-09-01_T+1_1788701812023_6ct6,DEL-BOM,EaseMyTrip,AI,AI-2977,2026-09-01,T+1,6395,1404,7799,2026-08-31T02:56:35.224Z,FALSE,"",19:00,TRUE
fare_DEL-BOM_AI_2026-09-01_T+1_1788701812023_o9cu,DEL-BOM,EaseMyTrip,AI,AI-2678,2026-09-01,T+1,6414,1408,7822,2026-08-31T02:56:35.224Z,FALSE,"",08:30,TRUE
fare_DEL-BOM_6E_2026-09-01_T+1_1788701812023_prxs,DEL-BOM,EaseMyTrip,6E,6E-813,2026-09-01,T+1,6388,1402,7790,2026-08-31T02:56:35.224Z,FALSE,"",05:00,TRUE
fare_DEL-BOM_6E_2026-09-01_T+1_1788701812023_7kki,DEL-BOM,EaseMyTrip,6E,6E-6814,2026-09-01,T+1,6388,1402,7790,2026-08-31T02:56:35.224Z,FALSE,"",07:15,TRUE
fare_DEL-BOM_AI_2026-09-01_T+1_1788701812023_9bki,DEL-BOM,EaseMyTrip,AI,AI-2955,2026-09-01,T+1,6624,1454,8078,2026-08-31T02:56:35.224Z,FALSE,"",18:00,TRUE
fare_DEL-BOM_6E_2026-09-01_T+1_1788701812023_6vny,DEL-BOM,EaseMyTrip,6E,6E-578,2026-09-01,T+1,6473,1421,7894,2026-08-31T02:56:35.224Z,FALSE,"",20:20,TRUE
fare_DEL-BOM_6E_2026-09-01_T+1_1788701812023_ey1g,DEL-BOM,EaseMyTrip,6E,6E-585,2026-09-01,T+1,6473,1421,7894,2026-08-31T02:56:35.224Z,FALSE,"",20:20,TRUE
fare_DEL-BOM_6E_2026-09-01_T+1_1788701812023_omwj,DEL-BOM,EaseMyTrip,6E,6E-6443,2026-09-01,T+1,6476,1422,7898,2026-08-31T02:56:35.224Z,FALSE,"",09:00,FALSE
fare_DEL-BOM_IX_2026-09-01_T+1_1788701812023_x56f,DEL-BOM,EaseMyTrip,IX,IX-1038,2026-09-01,T+1,6846,1503,8349,2026-08-31T02:56:35.224Z,FALSE,"",17:35,TRUE
fare_DEL-BOM_QP_2026-09-01_T+1_1788701812023_klez,DEL-BOM,EaseMyTrip,QP,QP-1119,2026-09-01,T+1,6536,1435,7971,2026-08-31T02:56:35.224Z,FALSE,"",08:40,TRUE
fare_DEL-BOM_6E_2026-09-01_T+1_1788701812023_3j4k,DEL-BOM,EaseMyTrip,6E,6E-886,2026-09-01,T+1,6541,1436,7977,2026-08-31T02:56:35.224Z,FALSE,"",16:30,FALSE
fare_DEL-BOM_6E_2026-09-01_T+1_1788701812023_1ih3,DEL-BOM,EaseMyTrip,6E,6E-656,2026-09-01,T+1,6541,1436,7977,2026-08-31T02:56:35.224Z,FALSE,"",16:30,FALSE
fare_DEL-BOM_AI_2026-09-01_T+1_1788701812023_lj45,DEL-BOM,EaseMyTrip,AI,AI-2957,2026-09-01,T+1,6836,1500,8336,2026-08-31T02:56:35.224Z,FALSE,"",20:30,TRUE
fare_DEL-BOM_6E_2026-09-01_T+1_1788701812023_4kph,DEL-BOM,EaseMyTrip,6E,6E-444,2026-09-01,T+1,6690,1468,8158,2026-08-31T02:56:35.224Z,FALSE,"",20:00,TRUE
fare_DEL-BOM_6E_2026-09-01_T+1_1788701812023_r3gy,DEL-BOM,EaseMyTrip,6E,6E-531,2026-09-01,T+1,6690,1468,8158,2026-08-31T02:56:35.224Z,FALSE,"",20:00,TRUE
fare_DEL-BOM_IX_2026-09-01_T+1_1788701812023_zx52,DEL-BOM,EaseMyTrip,IX,IX-5970,2026-09-01,T+1,7032,1543,8575,2026-08-31T02:56:35.224Z,FALSE,"",00:30,TRUE
fare_DEL-BOM_6E_2026-09-01_T+1_1788701812023_1vfm,DEL-BOM,EaseMyTrip,6E,6E-6190,2026-09-01,T+1,6805,1494,8299,2026-08-31T02:56:35.224Z,FALSE,"",07:40,FALSE
fare_DEL-BOM_6E_2026-09-01_T+1_1788701812023_m02q,DEL-BOM,EaseMyTrip,6E,6E-6171,2026-09-01,T+1,6892,1513,8405,2026-08-31T02:56:35.224Z,FALSE,"",05:40,FALSE
fare_DEL-BOM_6E_2026-09-01_T+1_1788701812023_775q,DEL-BOM,EaseMyTrip,6E,6E-104,2026-09-01,T+1,7237,1588,8825,2026-08-31T02:56:35.224Z,FALSE,"",12:15,FALSE
fare_DEL-BOM_6E_2026-09-01_T+1_1788701812023_ad46,DEL-BOM,EaseMyTrip,6E,6E-641,2026-09-01,T+1,7237,1588,8825,2026-08-31T02:56:35.224Z,FALSE,"",12:15,FALSE
fare_DEL-BOM_IX_2026-09-01_T+1_1788701812023_3yyb,DEL-BOM,EaseMyTrip,IX,IX-1108,2026-09-01,T+1,8002,1757,9759,2026-08-31T02:56:35.224Z,FALSE,"",05:00,FALSE
fare_DEL-BOM_IX_2026-09-01_T+1_1788701812023_s2bm,DEL-BOM,EaseMyTrip,IX,IX-1003,2026-09-01,T+1,8002,1757,9759,2026-08-31T02:56:35.224Z,FALSE,"",19:10,FALSE
fare_DEL-BOM_IX_2026-09-01_T+1_1788701812023_yb85,DEL-BOM,EaseMyTrip,IX,IX-1051,2026-09-01,T+1,8002,1757,9759,2026-08-31T02:56:35.224Z,FALSE,"",19:05,FALSE
fare_DEL-BOM_6E_2026-09-01_T+1_1788701812023_k8oo,DEL-BOM,EaseMyTrip,6E,6E-6983,2026-09-01,T+1,8099,1778,9877,2026-08-31T02:56:35.224Z,FALSE,"",15:35,FALSE
fare_DEL-BOM_IX_2026-09-01_T+1_1788701812023_w0q8,DEL-BOM,EaseMyTrip,IX,IX-1165,2026-09-01,T+1,8845,1941,10786,2026-08-31T02:56:35.224Z,FALSE,"",05:45,FALSE
fare_DEL-BOM_IX_2026-09-01_T+1_1788701812023_jy52,DEL-BOM,EaseMyTrip,IX,IX-1049,2026-09-01,T+1,9168,2012,11180,2026-08-31T02:56:35.224Z,FALSE,"",18:40,FALSE
fare_DEL-BOM_6E_2026-09-01_T+1_1788701812023_mgc9,DEL-BOM,EaseMyTrip,6E,6E-6293,2026-09-01,T+1,9173,2014,11187,2026-08-31T02:56:35.224Z,FALSE,"",09:55,FALSE
fare_DEL-BOM_AI_2026-09-01_T+1_1788701812023_tzqi,DEL-BOM,EaseMyTrip,AI,AI-2569,2026-09-01,T+1,9466,2078,11544,2026-08-31T02:56:35.224Z,FALSE,"",20:25,FALSE
fare_DEL-BOM_AI_2026-09-01_T+1_1788701812023_npw2,DEL-BOM,EaseMyTrip,AI,AI-1710,2026-09-01,T+1,9466,2078,11544,2026-08-31T02:56:35.224Z,FALSE,"",18:35,FALSE
fare_DEL-BOM_AI_2026-09-01_T+1_1788701812023_47kj,DEL-BOM,EaseMyTrip,AI,AI-1717,2026-09-01,T+1,9466,2078,11544,2026-08-31T02:56:35.224Z,FALSE,"",14:20,FALSE
fare_DEL-BOM_AI_2026-09-01_T+1_1788701812023_ztcp,DEL-BOM,EaseMyTrip,AI,AI-9759,2026-09-01,T+1,9551,2097,11648,2026-08-31T02:56:35.224Z,FALSE,"",05:45,FALSE
fare_DEL-BOM_AI_2026-09-01_T+1_1788701812023_u5zm,DEL-BOM,EaseMyTrip,AI,AI-9757,2026-09-01,T+1,9684,2126,11810,2026-08-31T02:56:35.224Z,FALSE,"",11:50,FALSE
fare_DEL-BOM_IX_2026-09-01_T+1_1788701812023_riji,DEL-BOM,EaseMyTrip,IX,IX-1068,2026-09-01,T+1,10015,2199,12214,2026-08-31T02:56:35.224Z,FALSE,"",11:55,FALSE
fare_DEL-BOM_QP_2026-09-01_T+1_1788701812023_cfd9,DEL-BOM,EaseMyTrip,QP,QP-1815,2026-09-01,T+1,9671,2123,11794,2026-08-31T02:56:35.224Z,FALSE,"",14:55,FALSE
fare_DEL-BOM_6E_2026-09-01_T+1_1788701812023_sn7o,DEL-BOM,EaseMyTrip,6E,6E-7646,2026-09-01,T+1,9693,2128,11821,2026-08-31T02:56:35.224Z,FALSE,"",06:15,FALSE
fare_DEL-BOM_QP_2026-09-01_T+1_1788701812023_bj1k,DEL-BOM,EaseMyTrip,QP,QP-1817,2026-09-01,T+1,9774,2145,11919,2026-08-31T02:56:35.224Z,FALSE,"",10:30,FALSE
fare_DEL-BOM_6E_2026-09-01_T+1_1788701812023_geoc,DEL-BOM,EaseMyTrip,6E,6E-2381,2026-09-01,T+1,9838,2160,11998,2026-08-31T02:56:35.224Z,FALSE,"",13:45,FALSE
fare_DEL-BOM_AI_2026-09-01_T+1_1788701812023_xwin,DEL-BOM,EaseMyTrip,AI,AI-2499,2026-09-01,T+1,10069,2210,12279,2026-08-31T02:56:35.224Z,FALSE,"",06:00,FALSE
fare_DEL-BOM_6E_2026-09-01_T+1_1788701812023_zlzk,DEL-BOM,EaseMyTrip,6E,6E-6829,2026-09-01,T+1,10197,2238,12435,2026-08-31T02:56:35.224Z,FALSE,"",17:20,FALSE
fare_DEL-BOM_6E_2026-09-01_T+1_1788701812023_prpj,DEL-BOM,EaseMyTrip,6E,6E-474,2026-09-01,T+1,10700,2349,13049,2026-08-31T02:56:35.224Z,FALSE,"",02:25,FALSE
fare_DEL-BOM_6E_2026-09-01_T+1_1788701812023_tnt1,DEL-BOM,EaseMyTrip,6E,6E-931,2026-09-01,T+1,10700,2349,13049,2026-08-31T02:56:35.224Z,FALSE,"",02:25,FALSE
fare_DEL-BOM_AI_2026-09-01_T+1_1788701812023_np8a,DEL-BOM,EaseMyTrip,AI,AI-2975,2026-09-01,T+1,10912,2395,13307,2026-08-31T02:56:35.224Z,FALSE,"",06:30,TRUE
fare_DEL-BOM_AI_2026-09-01_T+1_1788701812023_fz2r,DEL-BOM,EaseMyTrip,AI,AI-9722,2026-09-01,T+1,10965,2407,13372,2026-08-31T02:56:35.224Z,FALSE,"",11:55,FALSE
fare_DEL-BOM_6E_2026-09-01_T+1_1788701812023_zry8,DEL-BOM,EaseMyTrip,6E,6E-2349,2026-09-01,T+1,11615,2550,14165,2026-08-31T02:56:35.224Z,FALSE,"",10:55,FALSE
fare_DEL-BOM_6E_2026-09-01_T+1_1788701812023_eqn9,DEL-BOM,EaseMyTrip,6E,6E-6261,2026-09-01,T+1,11618,2550,14168,2026-08-31T02:56:35.224Z,FALSE,"",00:15,FALSE
fare_DEL-BOM_AI_2026-09-01_T+1_1788701812023_h1dp,DEL-BOM,EaseMyTrip,AI,AI-1719,2026-09-01,T+1,12103,2657,14760,2026-08-31T02:56:35.224Z,FALSE,"",11:55,FALSE
fare_DEL-BOM_AI_2026-09-01_T+1_1788701812023_ncub,DEL-BOM,EaseMyTrip,AI,AI-2545,2026-09-01,T+1,12336,2708,15044,2026-08-31T02:56:35.224Z,FALSE,"",20:30,FALSE
fare_DEL-BOM_AI_2026-09-01_T+1_1788701812023_la6x,DEL-BOM,EaseMyTrip,AI,AI-1705,2026-09-01,T+1,12483,2740,15223,2026-08-31T02:56:35.224Z,FALSE,"",06:30,FALSE
fare_DEL-BOM_6E_2026-09-01_T+1_1788701812023_qj4f,DEL-BOM,EaseMyTrip,6E,6E-7642,2026-09-01,T+1,12685,2785,15470,2026-08-31T02:56:35.224Z,FALSE,"",15:45,FALSE
fare_DEL-BOM_AI_2026-09-01_T+1_1788701812023_q7fm,DEL-BOM,EaseMyTrip,AI,AI-1743,2026-09-01,T+1,13065,2868,15933,2026-08-31T02:56:35.224Z,FALSE,"",06:20,FALSE
fare_DEL-BOM_AI_2026-09-01_T+1_1788701812023_1vjj,DEL-BOM,EaseMyTrip,AI,AI-2627,2026-09-01,T+1,13166,2890,16056,2026-08-31T02:56:35.224Z,FALSE,"",10:45,FALSE
fare_DEL-BOM_IX_2026-09-01_T+1_1788701812023_7312,DEL-BOM,EaseMyTrip,IX,IX-1070,2026-09-01,T+1,13774,3024,16798,2026-08-31T02:56:35.224Z,FALSE,"",18:20,FALSE
fare_DEL-BOM_AI_2026-09-01_T+1_1788701812023_mke6,DEL-BOM,EaseMyTrip,AI,AI-2907,2026-09-01,T+1,13927,3057,16984,2026-08-31T02:56:35.224Z,FALSE,"",12:00,FALSE
fare_DEL-BOM_6E_2026-09-01_T+1_1788701812023_onz2,DEL-BOM,EaseMyTrip,6E,6E-5138,2026-09-01,T+1,13853,3041,16894,2026-08-31T02:56:35.224Z,FALSE,"",19:10,FALSE
fare_DEL-BOM_QP_2026-09-01_T+1_1788701812023_o4di,DEL-BOM,EaseMyTrip,QP,QP-1812,2026-09-01,T+1,13982,3069,17051,2026-08-31T02:56:35.224Z,FALSE,"",22:55,FALSE
fare_DEL-BOM_6E_2026-09-01_T+1_1788701812023_nmpm,DEL-BOM,EaseMyTrip,6E,6E-333,2026-09-01,T+1,14208,3119,17327,2026-08-31T02:56:35.224Z,FALSE,"",19:35,FALSE
fare_DEL-BOM_6E_2026-09-01_T+1_1788701812023_0x1i,DEL-BOM,EaseMyTrip,6E,6E-224,2026-09-01,T+1,14208,3119,17327,2026-08-31T02:56:35.224Z,FALSE,"",19:35,FALSE
fare_DEL-BOM_AI_2026-09-01_T+1_1788701812023_d1xn,DEL-BOM,EaseMyTrip,AI,AI-491,2026-09-01,T+1,14497,3182,17679,2026-08-31T02:56:35.224Z,FALSE,"",11:15,FALSE
fare_DEL-BOM_AI_2026-09-01_T+1_1788701812023_mus7,DEL-BOM,EaseMyTrip,AI,AI-1773,2026-09-01,T+1,14497,3182,17679,2026-08-31T02:56:35.224Z,FALSE,"",10:30,FALSE
fare_DEL-BOM_AI_2026-09-01_T+1_1788701812023_2pwd,DEL-BOM,EaseMyTrip,AI,AI-2577,2026-09-01,T+1,14577,3200,17777,2026-08-31T02:56:35.224Z,FALSE,"",02:00,FALSE
fare_DEL-BOM_AI_2026-09-01_T+1_1788701812023_v0fs,DEL-BOM,EaseMyTrip,AI,AI-2859,2026-09-01,T+1,14577,3200,17777,2026-08-31T02:56:35.224Z,FALSE,"",10:30,FALSE
fare_DEL-BOM_6E_2026-09-01_T+1_1788701812023_8pqx,DEL-BOM,EaseMyTrip,6E,6E-2013,2026-09-01,T+1,14678,3222,17900,2026-08-31T02:56:35.224Z,FALSE,"",21:50,FALSE
fare_DEL-BOM_AI_2026-09-01_T+1_1788701812023_vusr,DEL-BOM,EaseMyTrip,AI,AI-2465,2026-09-01,T+1,14880,3266,18146,2026-08-31T02:56:35.224Z,FALSE,"",14:30,FALSE
fare_DEL-BOM_6E_2026-09-01_T+1_1788701812023_n24r,DEL-BOM,EaseMyTrip,6E,6E-2249,2026-09-01,T+1,14785,3246,18031,2026-08-31T02:56:35.224Z,FALSE,"",15:00,FALSE
fare_DEL-BOM_AI_2026-09-01_T+1_1788701812023_vgob,DEL-BOM,EaseMyTrip,AI,AI-2509,2026-09-01,T+1,15198,3336,18534,2026-08-31T02:56:35.224Z,FALSE,"",06:55,FALSE
fare_DEL-BOM_6E_2026-09-01_T+1_1788701812023_v9eu,DEL-BOM,EaseMyTrip,6E,6E-2331,2026-09-01,T+1,15956,3503,19459,2026-08-31T02:56:35.224Z,FALSE,"",12:20,FALSE
fare_DEL-BOM_6E_2026-09-01_T+1_1788701812023_fary,DEL-BOM,EaseMyTrip,6E,6E-5073,2026-09-01,T+1,16025,3518,19543,2026-08-31T02:56:35.224Z,FALSE,"",17:05,FALSE
fare_DEL-BOM_6E_2026-09-01_T+1_1788701812023_ow2e,DEL-BOM,EaseMyTrip,6E,6E-2341,2026-09-01,T+1,16316,3582,19898,2026-08-31T02:56:35.224Z,FALSE,"",14:50,FALSE
fare_DEL-BOM_AI_2026-09-01_T+1_1788701812023_tsrf,DEL-BOM,EaseMyTrip,AI,AI-2715,2026-09-01,T+1,16619,3648,20267,2026-08-31T02:56:35.224Z,FALSE,"",11:40,FALSE
fare_DEL-BOM_AI_2026-09-01_T+1_1788701812023_veca,DEL-BOM,EaseMyTrip,AI,AI-1779,2026-09-01,T+1,16661,3657,20318,2026-08-31T02:56:35.224Z,FALSE,"",13:50,FALSE
fare_DEL-BOM_AI_2026-09-01_T+1_1788701812023_dsfx,DEL-BOM,EaseMyTrip,AI,AI-809,2026-09-01,T+1,16758,3679,20437,2026-08-31T02:56:35.224Z,FALSE,"",17:40,FALSE
fare_DEL-BOM_6E_2026-09-01_T+1_1788701812023_fpc2,DEL-BOM,EaseMyTrip,6E,6E-5137,2026-09-01,T+1,16712,3668,20380,2026-08-31T02:56:35.224Z,FALSE,"",10:50,FALSE
fare_DEL-BOM_6E_2026-09-01_T+1_1788701812023_yme4,DEL-BOM,EaseMyTrip,6E,6E-126,2026-09-01,T+1,17624,3869,21493,2026-08-31T02:56:35.224Z,FALSE,"",10:00,FALSE
fare_DEL-BOM_6E_2026-09-01_T+1_1788701812023_e5a5,DEL-BOM,EaseMyTrip,6E,6E-5119,2026-09-01,T+1,17988,3949,21937,2026-08-31T02:56:35.224Z,FALSE,"",05:10,FALSE
fare_DEL-BOM_6E_2026-09-01_T+1_1788701812023_e7v8,DEL-BOM,EaseMyTrip,6E,6E-220,2026-09-01,T+1,18262,4009,22271,2026-08-31T02:56:35.224Z,FALSE,"",08:30,FALSE
fare_DEL-BOM_6E_2026-09-01_T+1_1788701812023_so6n,DEL-BOM,EaseMyTrip,6E,6E-627,2026-09-01,T+1,18262,4009,22271,2026-08-31T02:56:35.224Z,FALSE,"",08:30,FALSE
fare_DEL-BOM_AI_2026-09-01_T+1_1788701812023_ki2v,DEL-BOM,EaseMyTrip,AI,AI-2761,2026-09-01,T+1,20515,4503,25018,2026-08-31T02:56:35.224Z,TRUE,"High outlier: ₹25018 > upper fence ₹23243 (Q3: ₹13340, IQR: ₹6602)",16:25,FALSE
fare_DEL-BOM_6E_2026-09-01_T+1_1788701812023_bkm7,DEL-BOM,EaseMyTrip,6E,6E-2076,2026-09-01,T+1,22035,4837,26872,2026-08-31T02:56:35.224Z,TRUE,"High outlier: ₹26872 > upper fence ₹23243 (Q3: ₹13340, IQR: ₹6602)",07:30,FALSE
fare_DEL-BOM_AI_2026-09-01_T+1_1788701812023_f1bj,DEL-BOM,EaseMyTrip,AI,AI-9920,2026-09-01,T+1,22730,4990,27720,2026-08-31T02:56:35.224Z,TRUE,"High outlier: ₹27720 > upper fence ₹23243 (Q3: ₹13340, IQR: ₹6602)",10:50,FALSE
fare_DEL-BOM_AI_2026-09-01_T+1_1788701812023_rc89,DEL-BOM,EaseMyTrip,AI,AI-9584,2026-09-01,T+1,26172,5745,31917,2026-08-31T02:56:35.224Z,TRUE,"High outlier: ₹31917 > upper fence ₹23243 (Q3: ₹13340, IQR: ₹6602)",11:15,FALSE
fare_DEL-BOM_AI_2026-09-01_T+1_1788701812023_0n2d,DEL-BOM,EaseMyTrip,AI,AI-1739,2026-09-01,T+1,30488,6693,37181,2026-08-31T02:56:35.224Z,TRUE,"High outlier: ₹37181 > upper fence ₹23243 (Q3: ₹13340, IQR: ₹6602)",11:30,FALSE
fare_DEL-BOM_AI_2026-09-01_T+1_1788701812023_j5kr,DEL-BOM,EaseMyTrip,AI,AI-427,2026-09-01,T+1,35845,7869,43714,2026-08-31T02:56:35.224Z,TRUE,"High outlier: ₹43714 > upper fence ₹23243 (Q3: ₹13340, IQR: ₹6602)",08:30,FALSE
fare_DEL-BOM_IX_2026-09-30_T+30_1788701812024_dvix,DEL-BOM,EaseMyTrip,IX,IX-1165,2026-09-30,T+30,5354,1175,6529,2026-08-31T02:56:52.819Z,FALSE,"",05:45,FALSE
fare_DEL-BOM_IX_2026-09-30_T+30_1788701812024_96op,DEL-BOM,EaseMyTrip,IX,IX-1392,2026-09-30,T+30,5354,1175,6529,2026-08-31T02:56:52.819Z,FALSE,"",23:25,FALSE
fare_DEL-BOM_IX_2026-09-30_T+30_1788701812024_jfl4,DEL-BOM,EaseMyTrip,IX,IX-1235,2026-09-30,T+30,5354,1175,6529,2026-08-31T02:56:52.819Z,FALSE,"",23:25,TRUE
fare_DEL-BOM_IX_2026-09-30_T+30_1788701812024_ou8j,DEL-BOM,EaseMyTrip,IX,IX-1056,2026-09-30,T+30,5354,1175,6529,2026-08-31T02:56:52.819Z,FALSE,"",05:35,TRUE
fare_DEL-BOM_IX_2026-09-30_T+30_1788701812024_rel5,DEL-BOM,EaseMyTrip,IX,IX-1038,2026-09-30,T+30,5354,1175,6529,2026-08-31T02:56:52.819Z,FALSE,"",17:35,TRUE
fare_DEL-BOM_IX_2026-09-30_T+30_1788701812024_22ni,DEL-BOM,EaseMyTrip,IX,IX-1080,2026-09-30,T+30,5354,1175,6529,2026-08-31T02:56:52.819Z,FALSE,"",18:40,TRUE
fare_DEL-BOM_6E_2026-09-30_T+30_1788701812024_f5yb,DEL-BOM,EaseMyTrip,6E,6E-5096,2026-09-30,T+30,5282,1160,6442,2026-08-31T02:56:52.819Z,FALSE,"",17:00,TRUE
fare_DEL-BOM_QP_2026-09-30_T+30_1788701812024_3nwj,DEL-BOM,EaseMyTrip,QP,QP-2074,2026-09-30,T+30,5330,1170,6500,2026-08-31T02:56:52.819Z,FALSE,"",09:20,TRUE
fare_DEL-BOM_6E_2026-09-30_T+30_1788701812024_mdfk,DEL-BOM,EaseMyTrip,6E,6E-2721,2026-09-30,T+30,5354,1175,6529,2026-08-31T02:56:52.819Z,FALSE,"",09:55,TRUE
fare_DEL-BOM_QP_2026-09-30_T+30_1788701812024_1uen,DEL-BOM,EaseMyTrip,QP,QP-1119,2026-09-30,T+30,5355,1175,6530,2026-08-31T02:56:52.819Z,FALSE,"",08:40,TRUE
fare_DEL-BOM_QP_2026-09-30_T+30_1788701812024_mxk2,DEL-BOM,EaseMyTrip,QP,QP-1110,2026-09-30,T+30,5355,1175,6530,2026-08-31T02:56:52.819Z,FALSE,"",10:30,TRUE
fare_DEL-BOM_QP_2026-09-30_T+30_1788701812024_x0p1,DEL-BOM,EaseMyTrip,QP,QP-1820,2026-09-30,T+30,5355,1175,6530,2026-08-31T02:56:52.819Z,FALSE,"",17:30,TRUE
fare_DEL-BOM_QP_2026-09-30_T+30_1788701812024_q25j,DEL-BOM,EaseMyTrip,QP,QP-1833,2026-09-30,T+30,5355,1175,6530,2026-08-31T02:56:52.819Z,FALSE,"",06:50,TRUE
fare_DEL-BOM_QP_2026-09-30_T+30_1788701812024_gy35,DEL-BOM,EaseMyTrip,QP,QP-1112,2026-09-30,T+30,5355,1175,6530,2026-08-31T02:56:52.819Z,FALSE,"",09:20,TRUE
fare_DEL-BOM_QP_2026-09-30_T+30_1788701812024_8053,DEL-BOM,EaseMyTrip,QP,QP-1836,2026-09-30,T+30,5355,1175,6530,2026-08-31T02:56:52.819Z,FALSE,"",12:30,TRUE
fare_DEL-BOM_QP_2026-09-30_T+30_1788701812024_rqwa,DEL-BOM,EaseMyTrip,QP,QP-1826,2026-09-30,T+30,5355,1175,6530,2026-08-31T02:56:52.819Z,FALSE,"",19:55,TRUE
fare_DEL-BOM_6E_2026-09-30_T+30_1788701812024_p35i,DEL-BOM,EaseMyTrip,6E,6E-6706,2026-09-30,T+30,5355,1175,6530,2026-08-31T02:56:52.819Z,FALSE,"",17:00,TRUE
fare_DEL-BOM_6E_2026-09-30_T+30_1788701812024_40fp,DEL-BOM,EaseMyTrip,6E,6E-686,2026-09-30,T+30,5355,1175,6530,2026-08-31T02:56:52.819Z,FALSE,"",16:15,TRUE
fare_DEL-BOM_6E_2026-09-30_T+30_1788701812024_4sv8,DEL-BOM,EaseMyTrip,6E,6E-877,2026-09-30,T+30,5355,1175,6530,2026-08-31T02:56:52.819Z,FALSE,"",16:15,TRUE
fare_DEL-BOM_6E_2026-09-30_T+30_1788701812024_d5dd,DEL-BOM,EaseMyTrip,6E,6E-593,2026-09-30,T+30,5355,1175,6530,2026-08-31T02:56:52.819Z,FALSE,"",15:30,TRUE
fare_DEL-BOM_6E_2026-09-30_T+30_1788701812024_utwt,DEL-BOM,EaseMyTrip,6E,6E-419,2026-09-30,T+30,5355,1175,6530,2026-08-31T02:56:52.819Z,FALSE,"",15:30,TRUE
fare_DEL-BOM_6E_2026-09-30_T+30_1788701812024_uhsp,DEL-BOM,EaseMyTrip,6E,6E-6318,2026-09-30,T+30,5355,1175,6530,2026-08-31T02:56:52.819Z,FALSE,"",14:45,TRUE
fare_DEL-BOM_6E_2026-09-30_T+30_1788701812024_tc17,DEL-BOM,EaseMyTrip,6E,6E-113,2026-09-30,T+30,5355,1175,6530,2026-08-31T02:56:52.819Z,FALSE,"",13:00,TRUE
fare_DEL-BOM_6E_2026-09-30_T+30_1788701812024_w5ji,DEL-BOM,EaseMyTrip,6E,6E-664,2026-09-30,T+30,5355,1175,6530,2026-08-31T02:56:52.819Z,FALSE,"",13:00,TRUE
fare_DEL-BOM_6E_2026-09-30_T+30_1788701812024_w7ip,DEL-BOM,EaseMyTrip,6E,6E-6022,2026-09-30,T+30,5355,1175,6530,2026-08-31T02:56:52.819Z,FALSE,"",14:00,TRUE
fare_DEL-BOM_6E_2026-09-30_T+30_1788701812024_edes,DEL-BOM,EaseMyTrip,6E,6E-6328,2026-09-30,T+30,5355,1175,6530,2026-08-31T02:56:52.819Z,FALSE,"",10:15,TRUE
fare_DEL-BOM_6E_2026-09-30_T+30_1788701812024_qki4,DEL-BOM,EaseMyTrip,6E,6E-6047,2026-09-30,T+30,5355,1175,6530,2026-08-31T02:56:52.819Z,FALSE,"",11:00,TRUE
fare_DEL-BOM_6E_2026-09-30_T+30_1788701812024_pl93,DEL-BOM,EaseMyTrip,6E,6E-6676,2026-09-30,T+30,5355,1175,6530,2026-08-31T02:56:52.819Z,FALSE,"",12:00,TRUE
fare_DEL-BOM_6E_2026-09-30_T+30_1788701812024_igst,DEL-BOM,EaseMyTrip,6E,6E-6107,2026-09-30,T+30,5355,1175,6530,2026-08-31T02:56:52.819Z,FALSE,"",09:30,TRUE
fare_DEL-BOM_QP_2026-09-30_T+30_1788701812024_v9ly,DEL-BOM,EaseMyTrip,QP,QP-1940,2026-09-30,T+30,5427,1191,6618,2026-08-31T02:56:52.819Z,FALSE,"",14:00,TRUE
fare_DEL-BOM_6E_2026-09-30_T+30_1788701812024_mdx3,DEL-BOM,EaseMyTrip,6E,6E-860,2026-09-30,T+30,5484,1204,6688,2026-08-31T02:56:52.819Z,FALSE,"",05:00,TRUE
fare_DEL-BOM_6E_2026-09-30_T+30_1788701812024_wh6t,DEL-BOM,EaseMyTrip,6E,6E-222,2026-09-30,T+30,5484,1204,6688,2026-08-31T02:56:52.819Z,FALSE,"",05:00,TRUE
fare_DEL-BOM_6E_2026-09-30_T+30_1788701812024_84gv,DEL-BOM,EaseMyTrip,6E,6E-6114,2026-09-30,T+30,5484,1204,6688,2026-08-31T02:56:52.819Z,FALSE,"",22:45,TRUE
fare_DEL-BOM_6E_2026-09-30_T+30_1788701812024_8zvs,DEL-BOM,EaseMyTrip,6E,6E-6218,2026-09-30,T+30,5484,1204,6688,2026-08-31T02:56:52.819Z,FALSE,"",06:05,TRUE
fare_DEL-BOM_6E_2026-09-30_T+30_1788701812024_fy89,DEL-BOM,EaseMyTrip,6E,6E-687,2026-09-30,T+30,5484,1204,6688,2026-08-31T02:56:52.819Z,FALSE,"",08:45,TRUE
fare_DEL-BOM_6E_2026-09-30_T+30_1788701812024_eu7z,DEL-BOM,EaseMyTrip,6E,6E-596,2026-09-30,T+30,5484,1204,6688,2026-08-31T02:56:52.819Z,FALSE,"",08:45,TRUE
fare_DEL-BOM_6E_2026-09-30_T+30_1788701812024_z1v4,DEL-BOM,EaseMyTrip,6E,6E-6470,2026-09-30,T+30,5526,1213,6739,2026-08-31T02:56:52.819Z,FALSE,"",06:55,TRUE
fare_DEL-BOM_6E_2026-09-30_T+30_1788701812024_zyjl,DEL-BOM,EaseMyTrip,6E,6E-5198,2026-09-30,T+30,5556,1220,6776,2026-08-31T02:56:52.819Z,FALSE,"",15:00,TRUE
fare_DEL-BOM_AI_2026-09-30_T+30_1788701812024_h9p5,DEL-BOM,EaseMyTrip,AI,AI-2963,2026-09-30,T+30,5740,1260,7000,2026-08-31T02:56:52.819Z,FALSE,"",09:00,TRUE
fare_DEL-BOM_AI_2026-09-30_T+30_1788701812024_5e4u,DEL-BOM,EaseMyTrip,AI,AI-2425,2026-09-30,T+30,5740,1260,7000,2026-08-31T02:56:52.819Z,FALSE,"",10:30,TRUE
fare_DEL-BOM_AI_2026-09-30_T+30_1788701812024_p4d3,DEL-BOM,EaseMyTrip,AI,AI-2941,2026-09-30,T+30,5740,1260,7000,2026-08-31T02:56:52.819Z,FALSE,"",16:30,TRUE
fare_DEL-BOM_AI_2026-09-30_T+30_1788701812024_yajk,DEL-BOM,EaseMyTrip,AI,AI-2995,2026-09-30,T+30,5740,1260,7000,2026-08-31T02:56:52.819Z,FALSE,"",10:00,TRUE
fare_DEL-BOM_AI_2026-09-30_T+30_1788701812024_2hpq,DEL-BOM,EaseMyTrip,AI,AI-1785,2026-09-30,T+30,5740,1260,7000,2026-08-31T02:56:52.819Z,FALSE,"",12:00,TRUE
fare_DEL-BOM_AI_2026-09-30_T+30_1788701812024_a6o4,DEL-BOM,EaseMyTrip,AI,AI-1777,2026-09-30,T+30,5740,1260,7000,2026-08-31T02:56:52.819Z,FALSE,"",16:00,TRUE
fare_DEL-BOM_AI_2026-09-30_T+30_1788701812024_ea3t,DEL-BOM,EaseMyTrip,AI,AI-441,2026-09-30,T+30,5740,1260,7000,2026-08-31T02:56:52.819Z,FALSE,"",17:00,TRUE
fare_DEL-BOM_AI_2026-09-30_T+30_1788701812024_xcz4,DEL-BOM,EaseMyTrip,AI,AI-2927,2026-09-30,T+30,5740,1260,7000,2026-08-31T02:56:52.819Z,FALSE,"",09:30,TRUE
fare_DEL-BOM_SG_2026-09-30_T+30_1788701812024_riij,DEL-BOM,EaseMyTrip,SG,SG-9091,2026-09-30,T+30,6378,1400,7778,2026-08-31T02:56:52.819Z,FALSE,"",05:30,TRUE
fare_DEL-BOM_6E_2026-09-30_T+30_1788701812024_rtts,DEL-BOM,EaseMyTrip,6E,6E-183,2026-09-30,T+30,5656,1242,6898,2026-08-31T02:56:52.819Z,FALSE,"",21:45,TRUE
fare_DEL-BOM_6E_2026-09-30_T+30_1788701812024_pt5j,DEL-BOM,EaseMyTrip,6E,6E-650,2026-09-30,T+30,5656,1242,6898,2026-08-31T02:56:52.819Z,FALSE,"",21:45,TRUE
fare_DEL-BOM_6E_2026-09-30_T+30_1788701812024_f6cw,DEL-BOM,EaseMyTrip,6E,6E-643,2026-09-30,T+30,5656,1242,6898,2026-08-31T02:56:52.819Z,FALSE,"",20:00,TRUE
fare_DEL-BOM_6E_2026-09-30_T+30_1788701812024_xe80,DEL-BOM,EaseMyTrip,6E,6E-990,2026-09-30,T+30,5656,1242,6898,2026-08-31T02:56:52.819Z,FALSE,"",20:00,TRUE
fare_DEL-BOM_6E_2026-09-30_T+30_1788701812024_uq29,DEL-BOM,EaseMyTrip,6E,6E-185,2026-09-30,T+30,5656,1242,6898,2026-08-31T02:56:52.819Z,FALSE,"",19:00,TRUE
fare_DEL-BOM_6E_2026-09-30_T+30_1788701812024_znt3,DEL-BOM,EaseMyTrip,6E,6E-618,2026-09-30,T+30,5656,1242,6898,2026-08-31T02:56:52.819Z,FALSE,"",19:00,TRUE
fare_DEL-BOM_6E_2026-09-30_T+30_1788701812024_oaa6,DEL-BOM,EaseMyTrip,6E,6E-878,2026-09-30,T+30,5656,1242,6898,2026-08-31T02:56:52.819Z,FALSE,"",18:00,TRUE
fare_DEL-BOM_6E_2026-09-30_T+30_1788701812024_2d46,DEL-BOM,EaseMyTrip,6E,6E-287,2026-09-30,T+30,5656,1242,6898,2026-08-31T02:56:52.819Z,FALSE,"",18:00,TRUE
fare_DEL-BOM_6E_2026-09-30_T+30_1788701812024_r188,DEL-BOM,EaseMyTrip,6E,6E-866,2026-09-30,T+30,5656,1242,6898,2026-08-31T02:56:52.819Z,FALSE,"",20:45,TRUE
fare_DEL-BOM_6E_2026-09-30_T+30_1788701812024_zj1k,DEL-BOM,EaseMyTrip,6E,6E-277,2026-09-30,T+30,5656,1242,6898,2026-08-31T02:56:52.819Z,FALSE,"",20:45,TRUE
fare_DEL-BOM_6E_2026-09-30_T+30_1788701812024_0sk0,DEL-BOM,EaseMyTrip,6E,6E-851,2026-09-30,T+30,5656,1242,6898,2026-08-31T02:56:52.819Z,FALSE,"",08:00,TRUE
fare_DEL-BOM_6E_2026-09-30_T+30_1788701812024_l80a,DEL-BOM,EaseMyTrip,6E,6E-413,2026-09-30,T+30,5656,1242,6898,2026-08-31T02:56:52.819Z,FALSE,"",08:00,TRUE
fare_DEL-BOM_6E_2026-09-30_T+30_1788701812024_4ow5,DEL-BOM,EaseMyTrip,6E,6E-6814,2026-09-30,T+30,5656,1242,6898,2026-08-31T02:56:52.819Z,FALSE,"",07:15,TRUE
fare_DEL-BOM_AI_2026-09-30_T+30_1788701812024_vpay,DEL-BOM,EaseMyTrip,AI,AI-2678,2026-09-30,T+30,5870,1289,7159,2026-08-31T02:56:52.819Z,FALSE,"",08:30,TRUE
fare_DEL-BOM_AI_2026-09-30_T+30_1788701812024_tu7i,DEL-BOM,EaseMyTrip,AI,AI-1745,2026-09-30,T+30,5870,1289,7159,2026-08-31T02:56:52.819Z,FALSE,"",05:00,TRUE
fare_DEL-BOM_AI_2026-09-30_T+30_1788701812024_4pbs,DEL-BOM,EaseMyTrip,AI,AI-2975,2026-09-30,T+30,5870,1289,7159,2026-08-31T02:56:52.819Z,FALSE,"",06:30,TRUE
fare_DEL-BOM_AI_2026-09-30_T+30_1788701812024_47w4,DEL-BOM,EaseMyTrip,AI,AI-2933,2026-09-30,T+30,5870,1289,7159,2026-08-31T02:56:52.819Z,FALSE,"",15:30,TRUE
fare_DEL-BOM_AI_2026-09-30_T+30_1788701812024_kyby,DEL-BOM,EaseMyTrip,AI,AI-2439,2026-09-30,T+30,5870,1289,7159,2026-08-31T02:56:52.819Z,FALSE,"",23:00,TRUE
fare_DEL-BOM_6E_2026-09-30_T+30_1788701812024_guqa,DEL-BOM,EaseMyTrip,6E,6E-6261,2026-09-30,T+30,5710,1254,6964,2026-08-31T02:56:52.819Z,FALSE,"",00:15,FALSE
fare_DEL-BOM_6E_2026-09-30_T+30_1788701812024_y7df,DEL-BOM,EaseMyTrip,6E,6E-328,2026-09-30,T+30,5871,1289,7160,2026-08-31T02:56:52.819Z,FALSE,"",23:30,TRUE
fare_DEL-BOM_6E_2026-09-30_T+30_1788701812024_ihxw,DEL-BOM,EaseMyTrip,6E,6E-476,2026-09-30,T+30,5871,1289,7160,2026-08-31T02:56:52.819Z,FALSE,"",23:30,TRUE
fare_DEL-BOM_AI_2026-09-30_T+30_1788701812024_i9hq,DEL-BOM,EaseMyTrip,AI,AI-2981,2026-09-30,T+30,6043,1326,7369,2026-08-31T02:56:52.819Z,FALSE,"",21:00,TRUE
fare_DEL-BOM_AI_2026-09-30_T+30_1788701812024_f2su,DEL-BOM,EaseMyTrip,AI,AI-2943,2026-09-30,T+30,6043,1326,7369,2026-08-31T02:56:52.819Z,FALSE,"",07:30,TRUE
fare_DEL-BOM_AI_2026-09-30_T+30_1788701812024_m97e,DEL-BOM,EaseMyTrip,AI,AI-2985,2026-09-30,T+30,6043,1326,7369,2026-08-31T02:56:52.819Z,FALSE,"",19:30,TRUE
fare_DEL-BOM_AI_2026-09-30_T+30_1788701812024_kz8d,DEL-BOM,EaseMyTrip,AI,AI-2433,2026-09-30,T+30,6043,1326,7369,2026-08-31T02:56:52.819Z,FALSE,"",21:30,TRUE
fare_DEL-BOM_AI_2026-09-30_T+30_1788701812024_p7lt,DEL-BOM,EaseMyTrip,AI,AI-2957,2026-09-30,T+30,6043,1326,7369,2026-08-31T02:56:52.819Z,FALSE,"",20:30,TRUE
fare_DEL-BOM_6E_2026-09-30_T+30_1788701812024_6xke,DEL-BOM,EaseMyTrip,6E,6E-6190,2026-09-30,T+30,5920,1299,7219,2026-08-31T02:56:52.819Z,FALSE,"",07:40,FALSE
fare_DEL-BOM_6E_2026-09-30_T+30_1788701812024_pb82,DEL-BOM,EaseMyTrip,6E,6E-5014,2026-09-30,T+30,5963,1309,7272,2026-08-31T02:56:52.819Z,FALSE,"",18:30,FALSE
fare_DEL-BOM_6E_2026-09-30_T+30_1788701812024_cdvl,DEL-BOM,EaseMyTrip,6E,6E-2037,2026-09-30,T+30,5963,1309,7272,2026-08-31T02:56:52.819Z,FALSE,"",11:10,FALSE
fare_DEL-BOM_6E_2026-09-30_T+30_1788701812024_0rng,DEL-BOM,EaseMyTrip,6E,6E-5073,2026-09-30,T+30,5963,1309,7272,2026-08-31T02:56:52.819Z,FALSE,"",17:05,FALSE
fare_DEL-BOM_6E_2026-09-30_T+30_1788701812024_8zhx,DEL-BOM,EaseMyTrip,6E,6E-947,2026-09-30,T+30,5963,1309,7272,2026-08-31T02:56:52.819Z,FALSE,"",19:35,FALSE
fare_DEL-BOM_6E_2026-09-30_T+30_1788701812024_18o6,DEL-BOM,EaseMyTrip,6E,6E-2076,2026-09-30,T+30,5963,1309,7272,2026-08-31T02:56:52.819Z,FALSE,"",07:30,FALSE
fare_DEL-BOM_6E_2026-09-30_T+30_1788701812024_47un,DEL-BOM,EaseMyTrip,6E,6E-5119,2026-09-30,T+30,5963,1309,7272,2026-08-31T02:56:52.819Z,FALSE,"",05:10,FALSE
fare_DEL-BOM_6E_2026-09-30_T+30_1788701812024_3eh4,DEL-BOM,EaseMyTrip,6E,6E-6171,2026-09-30,T+30,5963,1309,7272,2026-08-31T02:56:52.819Z,FALSE,"",05:40,FALSE
fare_DEL-BOM_6E_2026-09-30_T+30_1788701812024_g0rp,DEL-BOM,EaseMyTrip,6E,6E-6983,2026-09-30,T+30,5963,1309,7272,2026-08-31T02:56:52.819Z,FALSE,"",15:35,FALSE
fare_DEL-BOM_6E_2026-09-30_T+30_1788701812024_g822,DEL-BOM,EaseMyTrip,6E,6E-2013,2026-09-30,T+30,5963,1309,7272,2026-08-31T02:56:52.819Z,FALSE,"",21:50,FALSE
fare_DEL-BOM_6E_2026-09-30_T+30_1788701812024_i55q,DEL-BOM,EaseMyTrip,6E,6E-2341,2026-09-30,T+30,5963,1309,7272,2026-08-31T02:56:52.819Z,FALSE,"",14:50,FALSE
fare_DEL-BOM_6E_2026-09-30_T+30_1788701812024_1lk9,DEL-BOM,EaseMyTrip,6E,6E-6490,2026-09-30,T+30,6027,1323,7350,2026-08-31T02:56:52.819Z,FALSE,"",04:55,FALSE
fare_DEL-BOM_6E_2026-09-30_T+30_1788701812024_5or0,DEL-BOM,EaseMyTrip,6E,6E-2249,2026-09-30,T+30,6070,1333,7403,2026-08-31T02:56:52.819Z,FALSE,"",15:00,FALSE
fare_DEL-BOM_6E_2026-09-30_T+30_1788701812024_88qs,DEL-BOM,EaseMyTrip,6E,6E-2169,2026-09-30,T+30,6070,1333,7403,2026-08-31T02:56:52.819Z,FALSE,"",19:40,FALSE
fare_DEL-BOM_6E_2026-09-30_T+30_1788701812024_6i11,DEL-BOM,EaseMyTrip,6E,6E-6829,2026-09-30,T+30,6070,1333,7403,2026-08-31T02:56:52.819Z,FALSE,"",17:20,FALSE
fare_DEL-BOM_6E_2026-09-30_T+30_1788701812024_n53e,DEL-BOM,EaseMyTrip,6E,6E-6443,2026-09-30,T+30,6070,1333,7403,2026-08-31T02:56:52.819Z,FALSE,"",09:00,FALSE
fare_DEL-BOM_6E_2026-09-30_T+30_1788701812024_j0qp,DEL-BOM,EaseMyTrip,6E,6E-6433,2026-09-30,T+30,6070,1333,7403,2026-08-31T02:56:52.819Z,FALSE,"",16:30,FALSE
fare_DEL-BOM_6E_2026-09-30_T+30_1788701812024_jbbp,DEL-BOM,EaseMyTrip,6E,6E-5138,2026-09-30,T+30,6070,1333,7403,2026-08-31T02:56:52.819Z,FALSE,"",19:10,FALSE
fare_DEL-BOM_6E_2026-09-30_T+30_1788701812024_h9cp,DEL-BOM,EaseMyTrip,6E,6E-2345,2026-09-30,T+30,6070,1333,7403,2026-08-31T02:56:52.819Z,FALSE,"",05:55,FALSE
fare_DEL-BOM_6E_2026-09-30_T+30_1788701812024_injm,DEL-BOM,EaseMyTrip,6E,6E-6488,2026-09-30,T+30,6070,1333,7403,2026-08-31T02:56:52.819Z,FALSE,"",11:20,FALSE
fare_DEL-BOM_AI_2026-09-30_T+30_1788701812024_40e6,DEL-BOM,EaseMyTrip,AI,AI-2805,2026-09-30,T+30,6243,1371,7614,2026-08-31T02:56:52.819Z,FALSE,"",20:00,TRUE
fare_DEL-BOM_AI_2026-09-30_T+30_1788701812024_vlnl,DEL-BOM,EaseMyTrip,AI,AI-2429,2026-09-30,T+30,6257,1373,7630,2026-08-31T02:56:52.819Z,FALSE,"",07:00,TRUE
fare_DEL-BOM_6E_2026-09-30_T+30_1788701812024_1wty,DEL-BOM,EaseMyTrip,6E,6E-6479,2026-09-30,T+30,6135,1347,7482,2026-08-31T02:56:52.819Z,FALSE,"",21:25,FALSE
fare_DEL-BOM_6E_2026-09-30_T+30_1788701812024_kl9h,DEL-BOM,EaseMyTrip,6E,6E-5206,2026-09-30,T+30,6135,1347,7482,2026-08-31T02:56:52.819Z,FALSE,"",13:20,FALSE
fare_DEL-BOM_6E_2026-09-30_T+30_1788701812024_dgq5,DEL-BOM,EaseMyTrip,6E,6E-6050,2026-09-30,T+30,6135,1347,7482,2026-08-31T02:56:52.819Z,FALSE,"",08:15,FALSE
fare_DEL-BOM_AI_2026-09-30_T+30_1788701812024_uugd,DEL-BOM,EaseMyTrip,AI,AI-2977,2026-09-30,T+30,6395,1404,7799,2026-08-31T02:56:52.819Z,FALSE,"",19:00,TRUE
fare_DEL-BOM_AI_2026-09-30_T+30_1788701812024_hsso,DEL-BOM,EaseMyTrip,AI,AI-2955,2026-09-30,T+30,6395,1404,7799,2026-08-31T02:56:52.819Z,FALSE,"",18:00,TRUE
fare_DEL-BOM_6E_2026-09-30_T+30_1788701812024_qoee,DEL-BOM,EaseMyTrip,6E,6E-6601,2026-09-30,T+30,6243,1370,7613,2026-08-31T02:56:52.819Z,FALSE,"",19:45,FALSE
fare_DEL-BOM_6E_2026-09-30_T+30_1788701812024_l0uw,DEL-BOM,EaseMyTrip,6E,6E-6282,2026-09-30,T+30,6243,1370,7613,2026-08-31T02:56:52.819Z,FALSE,"",13:30,FALSE
fare_DEL-BOM_6E_2026-09-30_T+30_1788701812024_hv4n,DEL-BOM,EaseMyTrip,6E,6E-759,2026-09-30,T+30,6243,1370,7613,2026-08-31T02:56:52.819Z,FALSE,"",23:15,FALSE
fare_DEL-BOM_6E_2026-09-30_T+30_1788701812024_lh5h,DEL-BOM,EaseMyTrip,6E,6E-813,2026-09-30,T+30,6243,1370,7613,2026-08-31T02:56:52.819Z,FALSE,"",23:15,FALSE
fare_DEL-BOM_6E_2026-09-30_T+30_1788701812024_odhv,DEL-BOM,EaseMyTrip,6E,6E-7646,2026-09-30,T+30,6269,1376,7645,2026-08-31T02:56:52.819Z,FALSE,"",06:15,FALSE
fare_DEL-BOM_IX_2026-09-30_T+30_1788701812024_cn9f,DEL-BOM,EaseMyTrip,IX,IX-1051,2026-09-30,T+30,6831,1499,8330,2026-08-31T02:56:52.819Z,FALSE,"",19:05,FALSE
fare_DEL-BOM_6E_2026-09-30_T+30_1788701812024_ybu9,DEL-BOM,EaseMyTrip,6E,6E-148,2026-09-30,T+30,6307,1385,7692,2026-08-31T02:56:52.819Z,FALSE,"",12:15,FALSE
fare_DEL-BOM_6E_2026-09-30_T+30_1788701812024_o4wc,DEL-BOM,EaseMyTrip,6E,6E-770,2026-09-30,T+30,6307,1385,7692,2026-08-31T02:56:52.819Z,FALSE,"",12:15,FALSE
fare_DEL-BOM_6E_2026-09-30_T+30_1788701812024_v4lp,DEL-BOM,EaseMyTrip,6E,6E-7642,2026-09-30,T+30,6312,1386,7698,2026-08-31T02:56:52.819Z,FALSE,"",15:45,FALSE
fare_DEL-BOM_AI_2026-09-30_T+30_1788701812024_jlrc,DEL-BOM,EaseMyTrip,AI,AI-2951,2026-09-30,T+30,6836,1500,8336,2026-08-31T02:56:52.819Z,FALSE,"",13:30,TRUE
fare_DEL-BOM_6E_2026-09-30_T+30_1788701812024_zb0o,DEL-BOM,EaseMyTrip,6E,6E-6497,2026-09-30,T+30,6725,1476,8201,2026-08-31T02:56:52.819Z,FALSE,"",18:40,FALSE
fare_DEL-BOM_6E_2026-09-30_T+30_1788701812024_kgyr,DEL-BOM,EaseMyTrip,6E,6E-2381,2026-09-30,T+30,7256,1593,8849,2026-08-31T02:56:52.819Z,FALSE,"",13:45,FALSE
fare_DEL-BOM_IX_2026-09-30_T+30_1788701812024_4rry,DEL-BOM,EaseMyTrip,IX,IX-1003,2026-09-30,T+30,8142,1787,9929,2026-08-31T02:56:52.819Z,FALSE,"",19:10,FALSE
fare_DEL-BOM_6E_2026-09-30_T+30_1788701812024_qu31,DEL-BOM,EaseMyTrip,6E,6E-5298,2026-09-30,T+30,7731,1697,9428,2026-08-31T02:56:52.819Z,FALSE,"",09:00,FALSE
fare_DEL-BOM_IX_2026-09-30_T+30_1788701812024_lw3b,DEL-BOM,EaseMyTrip,IX,IX-1059,2026-09-30,T+30,8963,1967,10930,2026-08-31T02:56:52.819Z,FALSE,"",12:15,FALSE
fare_DEL-BOM_IX_2026-09-30_T+30_1788701812024_cf0d,DEL-BOM,EaseMyTrip,IX,IX-1783,2026-09-30,T+30,8963,1967,10930,2026-08-31T02:56:52.819Z,FALSE,"",07:20,FALSE
fare_DEL-BOM_AI_2026-09-30_T+30_1788701812024_qhda,DEL-BOM,EaseMyTrip,AI,AI-1780,2026-09-30,T+30,8518,1870,10388,2026-08-31T02:56:52.819Z,FALSE,"",16:10,TRUE
fare_DEL-BOM_6E_2026-09-30_T+30_1788701812024_xwtt,DEL-BOM,EaseMyTrip,6E,6E-5038,2026-09-30,T+30,8373,1838,10211,2026-08-31T02:56:52.819Z,FALSE,"",14:00,FALSE
fare_DEL-BOM_AI_2026-09-30_T+30_1788701812024_obqi,DEL-BOM,EaseMyTrip,AI,AI-2569,2026-09-30,T+30,8777,1927,10704,2026-08-31T02:56:52.819Z,FALSE,"",20:25,FALSE
fare_DEL-BOM_AI_2026-09-30_T+30_1788701812024_pct2,DEL-BOM,EaseMyTrip,AI,AI-1710,2026-09-30,T+30,8777,1927,10704,2026-08-31T02:56:52.819Z,FALSE,"",18:35,FALSE
fare_DEL-BOM_AI_2026-09-30_T+30_1788701812024_260e,DEL-BOM,EaseMyTrip,AI,AI-1705,2026-09-30,T+30,8895,1952,10847,2026-08-31T02:56:52.819Z,FALSE,"",06:30,FALSE
fare_DEL-BOM_6E_2026-09-30_T+30_1788701812024_iaa5,DEL-BOM,EaseMyTrip,6E,6E-506,2026-09-30,T+30,9250,2030,11280,2026-08-31T02:56:52.819Z,FALSE,"",19:30,FALSE
fare_DEL-BOM_6E_2026-09-30_T+30_1788701812024_3o8u,DEL-BOM,EaseMyTrip,6E,6E-730,2026-09-30,T+30,9250,2030,11280,2026-08-31T02:56:52.819Z,FALSE,"",19:30,FALSE
fare_DEL-BOM_AI_2026-09-30_T+30_1788701812024_ackc,DEL-BOM,EaseMyTrip,AI,AI-1717,2026-09-30,T+30,9447,2074,11521,2026-08-31T02:56:52.819Z,FALSE,"",14:20,FALSE
fare_DEL-BOM_6E_2026-09-30_T+30_1788701812024_cj5v,DEL-BOM,EaseMyTrip,6E,6E-6212,2026-09-30,T+30,9384,2060,11444,2026-08-31T02:56:52.819Z,FALSE,"",14:45,FALSE
fare_DEL-BOM_AI_2026-09-30_T+30_1788701812024_frnu,DEL-BOM,EaseMyTrip,AI,AI-9759,2026-09-30,T+30,9551,2097,11648,2026-08-31T02:56:52.819Z,FALSE,"",05:45,FALSE
fare_DEL-BOM_AI_2026-09-30_T+30_1788701812024_b7hx,DEL-BOM,EaseMyTrip,AI,AI-2761,2026-09-30,T+30,10020,2199,12219,2026-08-31T02:56:52.819Z,FALSE,"",16:25,FALSE
fare_DEL-BOM_6E_2026-09-30_T+30_1788701812024_lxui,DEL-BOM,EaseMyTrip,6E,6E-2571,2026-09-30,T+30,9896,2172,12068,2026-08-31T02:56:52.819Z,FALSE,"",12:30,FALSE
fare_DEL-BOM_6E_2026-09-30_T+30_1788701812024_mbs9,DEL-BOM,EaseMyTrip,6E,6E-289,2026-09-30,T+30,10010,2197,12207,2026-08-31T02:56:52.819Z,FALSE,"",08:30,FALSE
fare_DEL-BOM_6E_2026-09-30_T+30_1788701812024_mpah,DEL-BOM,EaseMyTrip,6E,6E-849,2026-09-30,T+30,10010,2197,12207,2026-08-31T02:56:52.819Z,FALSE,"",08:30,FALSE
fare_DEL-BOM_6E_2026-09-30_T+30_1788701812024_7enr,DEL-BOM,EaseMyTrip,6E,6E-6293,2026-09-30,T+30,10010,2197,12207,2026-08-31T02:56:52.819Z,FALSE,"",09:55,FALSE
fare_DEL-BOM_AI_2026-09-30_T+30_1788701812024_pvwd,DEL-BOM,EaseMyTrip,AI,AI-9447,2026-09-30,T+30,10456,2295,12751,2026-08-31T02:56:52.819Z,FALSE,"",23:25,FALSE
fare_DEL-BOM_SG_2026-09-30_T+30_1788701812024_ytex,DEL-BOM,EaseMyTrip,SG,SG-114,2026-09-30,T+30,12051,2645,14696,2026-08-31T02:56:52.819Z,FALSE,"",21:00,TRUE
fare_DEL-BOM_SG_2026-09-30_T+30_1788701812024_rgbc,DEL-BOM,EaseMyTrip,SG,SG-968,2026-09-30,T+30,12051,2645,14696,2026-08-31T02:56:52.819Z,FALSE,"",21:00,TRUE
fare_DEL-BOM_SG_2026-09-30_T+30_1788701812024_q604,DEL-BOM,EaseMyTrip,SG,SG-600,2026-09-30,T+30,12051,2645,14696,2026-08-31T02:56:52.819Z,FALSE,"",22:30,TRUE
fare_DEL-BOM_SG_2026-09-30_T+30_1788701812024_ouxt,DEL-BOM,EaseMyTrip,SG,SG-273,2026-09-30,T+30,12051,2645,14696,2026-08-31T02:56:52.819Z,FALSE,"",22:30,TRUE
fare_DEL-BOM_IX_2026-09-30_T+30_1788701812024_crop,DEL-BOM,EaseMyTrip,IX,IX-5975,2026-09-30,T+30,10838,2379,13217,2026-08-31T02:56:52.819Z,FALSE,"",21:00,FALSE
fare_DEL-BOM_IX_2026-09-30_T+30_1788701812024_lhim,DEL-BOM,EaseMyTrip,IX,IX-1070,2026-09-30,T+30,10838,2379,13217,2026-08-31T02:56:52.819Z,FALSE,"",18:20,FALSE
fare_DEL-BOM_AI_2026-09-30_T+30_1788701812024_lpi0,DEL-BOM,EaseMyTrip,AI,AI-1719,2026-09-30,T+30,10758,2362,13120,2026-08-31T02:56:52.819Z,FALSE,"",11:55,FALSE
fare_DEL-BOM_AI_2026-09-30_T+30_1788701812024_cb7d,DEL-BOM,EaseMyTrip,AI,AI-2545,2026-09-30,T+30,11186,2455,13641,2026-08-31T02:56:52.819Z,FALSE,"",20:30,FALSE
fare_DEL-BOM_AI_2026-09-30_T+30_1788701812024_pept,DEL-BOM,EaseMyTrip,AI,AI-809,2026-09-30,T+30,11273,2475,13748,2026-08-31T02:56:52.819Z,FALSE,"",17:40,FALSE
fare_DEL-BOM_AI_2026-09-30_T+30_1788701812024_nfje,DEL-BOM,EaseMyTrip,AI,AI-2909,2026-09-30,T+30,11273,2475,13748,2026-08-31T02:56:52.819Z,FALSE,"",22:30,FALSE
fare_DEL-BOM_AI_2026-09-30_T+30_1788701812024_hvo4,DEL-BOM,EaseMyTrip,AI,AI-531,2026-09-30,T+30,11273,2475,13748,2026-08-31T02:56:52.819Z,FALSE,"",19:20,FALSE
fare_DEL-BOM_AI_2026-09-30_T+30_1788701812024_9vw9,DEL-BOM,EaseMyTrip,AI,AI-2509,2026-09-30,T+30,11556,2537,14093,2026-08-31T02:56:52.819Z,FALSE,"",06:55,FALSE
fare_DEL-BOM_IX_2026-09-30_T+30_1788701812024_swhu,DEL-BOM,EaseMyTrip,IX,IX-1049,2026-09-30,T+30,12242,2687,14929,2026-08-31T02:56:52.819Z,FALSE,"",18:40,FALSE
fare_DEL-BOM_AI_2026-09-30_T+30_1788701812024_mgv5,DEL-BOM,EaseMyTrip,AI,AI-9584,2026-09-30,T+30,12090,2654,14744,2026-08-31T02:56:52.819Z,FALSE,"",11:15,FALSE
fare_DEL-BOM_QP_2026-09-30_T+30_1788701812024_aa9r,DEL-BOM,EaseMyTrip,QP,QP-1803,2026-09-30,T+30,12444,2731,15175,2026-08-31T02:56:52.819Z,FALSE,"",17:05,FALSE
fare_DEL-BOM_AI_2026-09-30_T+30_1788701812024_l6y8,DEL-BOM,EaseMyTrip,AI,AI-2499,2026-09-30,T+30,12830,2816,15646,2026-08-31T02:56:52.819Z,FALSE,"",05:55,FALSE
fare_DEL-BOM_AI_2026-09-30_T+30_1788701812024_e42j,DEL-BOM,EaseMyTrip,AI,AI-1743,2026-09-30,T+30,13065,2868,15933,2026-08-31T02:56:52.819Z,FALSE,"",06:20,FALSE
fare_DEL-BOM_AI_2026-09-30_T+30_1788701812024_2lsf,DEL-BOM,EaseMyTrip,AI,AI-2601,2026-09-30,T+30,13065,2868,15933,2026-08-31T02:56:52.819Z,FALSE,"",17:00,FALSE
fare_DEL-BOM_AI_2026-09-30_T+30_1788701812024_hnh3,DEL-BOM,EaseMyTrip,AI,AI-9674,2026-09-30,T+30,13407,2943,16350,2026-08-31T02:56:52.819Z,FALSE,"",16:40,FALSE
fare_DEL-BOM_AI_2026-09-30_T+30_1788701812024_z4u0,DEL-BOM,EaseMyTrip,AI,AI-2907,2026-09-30,T+30,13927,3057,16984,2026-08-31T02:56:52.819Z,FALSE,"",12:00,FALSE
fare_DEL-BOM_AI_2026-09-30_T+30_1788701812024_qnax,DEL-BOM,EaseMyTrip,AI,AI-1773,2026-09-30,T+30,14497,3182,17679,2026-08-31T02:56:52.819Z,FALSE,"",10:30,FALSE
fare_DEL-BOM_AI_2026-09-30_T+30_1788701812024_weto,DEL-BOM,EaseMyTrip,AI,AI-2577,2026-09-30,T+30,14577,3200,17777,2026-08-31T02:56:52.819Z,FALSE,"",02:00,FALSE
fare_DEL-BOM_IX_2026-09-30_T+30_1788701812024_8u6a,DEL-BOM,EaseMyTrip,IX,IX-1108,2026-09-30,T+30,16298,3578,19876,2026-08-31T02:56:52.819Z,TRUE,"High outlier: ₹19876 > upper fence ₹18616 (Q3: ₹11585, IQR: ₹4687)",05:00,FALSE
fare_DEL-BOM_IX_2026-09-30_T+30_1788701812024_kj1k,DEL-BOM,EaseMyTrip,IX,IX-1082,2026-09-30,T+30,16634,3651,20285,2026-08-31T02:56:52.819Z,TRUE,"High outlier: ₹20285 > upper fence ₹18616 (Q3: ₹11585, IQR: ₹4687)",21:25,FALSE
fare_DEL-BOM_AI_2026-09-30_T+30_1788701812024_6u5b,DEL-BOM,EaseMyTrip,AI,AI-427,2026-09-30,T+30,16370,3593,19963,2026-08-31T02:56:52.819Z,TRUE,"High outlier: ₹19963 > upper fence ₹18616 (Q3: ₹11585, IQR: ₹4687)",08:30,FALSE
fare_DEL-BOM_IX_2026-09-30_T+30_1788701812024_lc2f,DEL-BOM,EaseMyTrip,IX,IX-1068,2026-09-30,T+30,17680,3881,21561,2026-08-31T02:56:52.819Z,TRUE,"High outlier: ₹21561 > upper fence ₹18616 (Q3: ₹11585, IQR: ₹4687)",11:55,FALSE
fare_DEL-BOM_IX_2026-09-30_T+30_1788701812024_kyk5,DEL-BOM,EaseMyTrip,IX,IX-1817,2026-09-30,T+30,18273,4011,22284,2026-08-31T02:56:52.819Z,TRUE,"High outlier: ₹22284 > upper fence ₹18616 (Q3: ₹11585, IQR: ₹4687)",19:30,FALSE
fare_DEL-BOM_QP_2026-09-30_T+30_1788701812024_boug,DEL-BOM,EaseMyTrip,QP,QP-1817,2026-09-30,T+30,17960,3943,21903,2026-08-31T02:56:52.819Z,TRUE,"High outlier: ₹21903 > upper fence ₹18616 (Q3: ₹11585, IQR: ₹4687)",10:30,FALSE
fare_DEL-BOM_6E_2026-09-30_T+30_1788701812024_h1c8,DEL-BOM,EaseMyTrip,6E,6E-2496,2026-09-30,T+30,18283,4013,22296,2026-08-31T02:56:52.819Z,TRUE,"High outlier: ₹22296 > upper fence ₹18616 (Q3: ₹11585, IQR: ₹4687)",12:40,FALSE
fare_DEL-BOM_QP_2026-09-30_T+30_1788701812024_5ded,DEL-BOM,EaseMyTrip,QP,QP-1813,2026-09-30,T+30,18875,4143,23018,2026-08-31T02:56:52.819Z,TRUE,"High outlier: ₹23018 > upper fence ₹18616 (Q3: ₹11585, IQR: ₹4687)",08:20,FALSE
fare_DEL-BOM_AI_2026-09-30_T+30_1788701812024_qyza,DEL-BOM,EaseMyTrip,AI,AI-2465,2026-09-30,T+30,20634,4530,25164,2026-08-31T02:56:52.819Z,TRUE,"High outlier: ₹25164 > upper fence ₹18616 (Q3: ₹11585, IQR: ₹4687)",14:30,FALSE
fare_DEL-BOM_AI_2026-09-30_T+30_1788701812024_xe02,DEL-BOM,EaseMyTrip,AI,AI-1779,2026-09-30,T+30,21138,4640,25778,2026-08-31T02:56:52.819Z,TRUE,"High outlier: ₹25778 > upper fence ₹18616 (Q3: ₹11585, IQR: ₹4687)",13:50,FALSE
fare_DEL-BOM_AI_2026-09-30_T+30_1788701812024_6jr1,DEL-BOM,EaseMyTrip,AI,AI-2525,2026-09-30,T+30,21537,4728,26265,2026-08-31T02:56:52.819Z,TRUE,"High outlier: ₹26265 > upper fence ₹18616 (Q3: ₹11585, IQR: ₹4687)",06:00,FALSE
fare_DEL-BOM_AI_2026-09-30_T+30_1788701812024_068l,DEL-BOM,EaseMyTrip,AI,AI-1739,2026-09-30,T+30,21636,4749,26385,2026-08-31T02:56:52.819Z,TRUE,"High outlier: ₹26385 > upper fence ₹18616 (Q3: ₹11585, IQR: ₹4687)",11:30,FALSE
fare_DEL-BOM_AI_2026-09-30_T+30_1788701812024_8d5r,DEL-BOM,EaseMyTrip,AI,AI-2627,2026-09-30,T+30,27957,6137,34094,2026-08-31T02:56:52.819Z,TRUE,"High outlier: ₹34094 > upper fence ₹18616 (Q3: ₹11585, IQR: ₹4687)",10:45,FALSE
fare_DEL-BOM_6E_2026-10-15_T+45_1788701812024_086t,DEL-BOM,EaseMyTrip,6E,6E-5119,2026-10-15,T+45,5067,1112,6179,2026-08-31T02:56:58.352Z,FALSE,"",05:10,FALSE
fare_DEL-BOM_6E_2026-10-15_T+45_1788701812024_lb92,DEL-BOM,EaseMyTrip,6E,6E-6454,2026-10-15,T+45,5067,1112,6179,2026-08-31T02:56:58.352Z,FALSE,"",13:50,FALSE
fare_DEL-BOM_6E_2026-10-15_T+45_1788701812024_bcan,DEL-BOM,EaseMyTrip,6E,6E-6171,2026-10-15,T+45,5067,1112,6179,2026-08-31T02:56:58.352Z,FALSE,"",05:40,FALSE
fare_DEL-BOM_6E_2026-10-15_T+45_1788701812024_6r1i,DEL-BOM,EaseMyTrip,6E,6E-6190,2026-10-15,T+45,5067,1112,6179,2026-08-31T02:56:58.352Z,FALSE,"",07:40,FALSE
fare_DEL-BOM_6E_2026-10-15_T+45_1788701812024_4ebo,DEL-BOM,EaseMyTrip,6E,6E-6983,2026-10-15,T+45,5067,1112,6179,2026-08-31T02:56:58.352Z,FALSE,"",15:35,FALSE
fare_DEL-BOM_6E_2026-10-15_T+45_1788701812024_0wg9,DEL-BOM,EaseMyTrip,6E,6E-2013,2026-10-15,T+45,5067,1112,6179,2026-08-31T02:56:58.352Z,FALSE,"",21:50,FALSE
fare_DEL-BOM_6E_2026-10-15_T+45_1788701812024_dd7g,DEL-BOM,EaseMyTrip,6E,6E-2341,2026-10-15,T+45,5067,1112,6179,2026-08-31T02:56:58.352Z,FALSE,"",14:50,FALSE
fare_DEL-BOM_6E_2026-10-15_T+45_1788701812024_1t9e,DEL-BOM,EaseMyTrip,6E,6E-2331,2026-10-15,T+45,5067,1112,6179,2026-08-31T02:56:58.352Z,FALSE,"",12:20,FALSE
fare_DEL-BOM_6E_2026-10-15_T+45_1788701812024_o8sw,DEL-BOM,EaseMyTrip,6E,6E-6261,2026-10-15,T+45,5067,1112,6179,2026-08-31T02:56:58.352Z,FALSE,"",00:15,FALSE
fare_DEL-BOM_6E_2026-10-15_T+45_1788701812024_lv8r,DEL-BOM,EaseMyTrip,6E,6E-199,2026-10-15,T+45,5067,1112,6179,2026-08-31T02:56:58.352Z,FALSE,"",10:00,FALSE
fare_DEL-BOM_6E_2026-10-15_T+45_1788701812024_lpsy,DEL-BOM,EaseMyTrip,6E,6E-586,2026-10-15,T+45,5067,1112,6179,2026-08-31T02:56:58.352Z,FALSE,"",10:00,FALSE
fare_DEL-BOM_IX_2026-10-15_T+45_1788701812024_7t79,DEL-BOM,EaseMyTrip,IX,IX-1038,2026-10-15,T+45,5354,1175,6529,2026-08-31T02:56:58.352Z,FALSE,"",17:35,TRUE
fare_DEL-BOM_6E_2026-10-15_T+45_1788701812024_ilya,DEL-BOM,EaseMyTrip,6E,6E-2249,2026-10-15,T+45,5174,1136,6310,2026-08-31T02:56:58.352Z,FALSE,"",15:00,FALSE
fare_DEL-BOM_6E_2026-10-15_T+45_1788701812024_sx3f,DEL-BOM,EaseMyTrip,6E,6E-6490,2026-10-15,T+45,5174,1136,6310,2026-08-31T02:56:58.352Z,FALSE,"",04:55,FALSE
fare_DEL-BOM_6E_2026-10-15_T+45_1788701812024_vlgs,DEL-BOM,EaseMyTrip,6E,6E-882,2026-10-15,T+45,5239,1150,6389,2026-08-31T02:56:58.352Z,FALSE,"",16:30,FALSE
fare_DEL-BOM_6E_2026-10-15_T+45_1788701812024_1ep5,DEL-BOM,EaseMyTrip,6E,6E-885,2026-10-15,T+45,5239,1150,6389,2026-08-31T02:56:58.352Z,FALSE,"",16:30,FALSE
fare_DEL-BOM_6E_2026-10-15_T+45_1788701812024_q3fg,DEL-BOM,EaseMyTrip,6E,6E-6479,2026-10-15,T+45,5239,1150,6389,2026-08-31T02:56:58.352Z,FALSE,"",21:25,FALSE
fare_DEL-BOM_6E_2026-10-15_T+45_1788701812024_1l54,DEL-BOM,EaseMyTrip,6E,6E-2113,2026-10-15,T+45,5239,1150,6389,2026-08-31T02:56:58.352Z,FALSE,"",13:20,FALSE
fare_DEL-BOM_6E_2026-10-15_T+45_1788701812024_qdjg,DEL-BOM,EaseMyTrip,6E,6E-5096,2026-10-15,T+45,5282,1160,6442,2026-08-31T02:56:58.352Z,FALSE,"",17:00,TRUE
fare_DEL-BOM_QP_2026-10-15_T+45_1788701812024_rrlj,DEL-BOM,EaseMyTrip,QP,QP-2012,2026-10-15,T+45,5330,1170,6500,2026-08-31T02:56:58.352Z,FALSE,"",08:55,TRUE
fare_DEL-BOM_6E_2026-10-15_T+45_1788701812024_awfa,DEL-BOM,EaseMyTrip,6E,6E-6470,2026-10-15,T+45,5354,1175,6529,2026-08-31T02:56:58.352Z,FALSE,"",06:50,TRUE
fare_DEL-BOM_6E_2026-10-15_T+45_1788701812024_t6ha,DEL-BOM,EaseMyTrip,6E,6E-739,2026-10-15,T+45,5354,1175,6529,2026-08-31T02:56:58.352Z,FALSE,"",20:20,TRUE
fare_DEL-BOM_6E_2026-10-15_T+45_1788701812024_1kyf,DEL-BOM,EaseMyTrip,6E,6E-646,2026-10-15,T+45,5354,1175,6529,2026-08-31T02:56:58.352Z,FALSE,"",20:20,TRUE
fare_DEL-BOM_QP_2026-10-15_T+45_1788701812024_pvja,DEL-BOM,EaseMyTrip,QP,QP-1833,2026-10-15,T+45,5355,1175,6530,2026-08-31T02:56:58.352Z,FALSE,"",06:50,TRUE
fare_DEL-BOM_QP_2026-10-15_T+45_1788701812024_nsyc,DEL-BOM,EaseMyTrip,QP,QP-1110,2026-10-15,T+45,5355,1175,6530,2026-08-31T02:56:58.352Z,FALSE,"",10:00,TRUE
fare_DEL-BOM_QP_2026-10-15_T+45_1788701812024_jz4v,DEL-BOM,EaseMyTrip,QP,QP-1128,2026-10-15,T+45,5355,1175,6530,2026-08-31T02:56:58.352Z,FALSE,"",16:00,TRUE
fare_DEL-BOM_QP_2026-10-15_T+45_1788701812024_03r8,DEL-BOM,EaseMyTrip,QP,QP-1820,2026-10-15,T+45,5355,1175,6530,2026-08-31T02:56:58.352Z,FALSE,"",17:30,TRUE
fare_DEL-BOM_QP_2026-10-15_T+45_1788701812024_z0op,DEL-BOM,EaseMyTrip,QP,QP-1119,2026-10-15,T+45,5355,1175,6530,2026-08-31T02:56:58.352Z,FALSE,"",08:40,TRUE
fare_DEL-BOM_6E_2026-10-15_T+45_1788701812024_mm7g,DEL-BOM,EaseMyTrip,6E,6E-756,2026-10-15,T+45,5355,1175,6530,2026-08-31T02:56:58.352Z,FALSE,"",23:30,TRUE
fare_DEL-BOM_6E_2026-10-15_T+45_1788701812024_15ob,DEL-BOM,EaseMyTrip,6E,6E-917,2026-10-15,T+45,5355,1175,6530,2026-08-31T02:56:58.352Z,FALSE,"",23:30,TRUE
fare_DEL-BOM_6E_2026-10-15_T+45_1788701812024_flq9,DEL-BOM,EaseMyTrip,6E,6E-6706,2026-10-15,T+45,5355,1175,6530,2026-08-31T02:56:58.352Z,FALSE,"",17:00,TRUE
fare_DEL-BOM_6E_2026-10-15_T+45_1788701812024_ewj7,DEL-BOM,EaseMyTrip,6E,6E-176,2026-10-15,T+45,5355,1175,6530,2026-08-31T02:56:58.352Z,FALSE,"",16:15,TRUE
fare_DEL-BOM_6E_2026-10-15_T+45_1788701812024_1hxe,DEL-BOM,EaseMyTrip,6E,6E-380,2026-10-15,T+45,5355,1175,6530,2026-08-31T02:56:58.352Z,FALSE,"",16:15,TRUE
fare_DEL-BOM_6E_2026-10-15_T+45_1788701812024_bm7n,DEL-BOM,EaseMyTrip,6E,6E-286,2026-10-15,T+45,5355,1175,6530,2026-08-31T02:56:58.352Z,FALSE,"",15:30,TRUE
fare_DEL-BOM_6E_2026-10-15_T+45_1788701812024_cmjx,DEL-BOM,EaseMyTrip,6E,6E-548,2026-10-15,T+45,5355,1175,6530,2026-08-31T02:56:58.352Z,FALSE,"",15:30,TRUE
fare_DEL-BOM_6E_2026-10-15_T+45_1788701812024_t7q0,DEL-BOM,EaseMyTrip,6E,6E-6328,2026-10-15,T+45,5355,1175,6530,2026-08-31T02:56:58.352Z,FALSE,"",10:15,TRUE
fare_DEL-BOM_6E_2026-10-15_T+45_1788701812024_lcbt,DEL-BOM,EaseMyTrip,6E,6E-260,2026-10-15,T+45,5355,1175,6530,2026-08-31T02:56:58.352Z,FALSE,"",08:45,TRUE
fare_DEL-BOM_6E_2026-10-15_T+45_1788701812024_r9b3,DEL-BOM,EaseMyTrip,6E,6E-579,2026-10-15,T+45,5355,1175,6530,2026-08-31T02:56:58.352Z,FALSE,"",08:45,TRUE
fare_DEL-BOM_IX_2026-10-15_T+45_1788701812024_dvbo,DEL-BOM,EaseMyTrip,IX,IX-1056,2026-10-15,T+45,5656,1242,6898,2026-08-31T02:56:58.352Z,FALSE,"",17:50,TRUE
fare_DEL-BOM_IX_2026-10-15_T+45_1788701812024_jfk1,DEL-BOM,EaseMyTrip,IX,IX-1235,2026-10-15,T+45,5656,1242,6898,2026-08-31T02:56:58.352Z,FALSE,"",23:25,TRUE
fare_DEL-BOM_6E_2026-10-15_T+45_1788701812024_xmpd,DEL-BOM,EaseMyTrip,6E,6E-7646,2026-10-15,T+45,5416,1189,6605,2026-08-31T02:56:58.352Z,FALSE,"",06:15,FALSE
fare_DEL-BOM_6E_2026-10-15_T+45_1788701812024_8cbt,DEL-BOM,EaseMyTrip,6E,6E-5198,2026-10-15,T+45,5427,1191,6618,2026-08-31T02:56:58.352Z,FALSE,"",15:00,TRUE
fare_DEL-BOM_6E_2026-10-15_T+45_1788701812024_7h8a,DEL-BOM,EaseMyTrip,6E,6E-5014,2026-10-15,T+45,5460,1199,6659,2026-08-31T02:56:58.352Z,FALSE,"",18:30,FALSE
fare_DEL-BOM_6E_2026-10-15_T+45_1788701812024_92km,DEL-BOM,EaseMyTrip,6E,6E-5073,2026-10-15,T+45,5460,1199,6659,2026-08-31T02:56:58.352Z,FALSE,"",17:05,FALSE
fare_DEL-BOM_6E_2026-10-15_T+45_1788701812024_1yzl,DEL-BOM,EaseMyTrip,6E,6E-2076,2026-10-15,T+45,5460,1199,6659,2026-08-31T02:56:58.352Z,FALSE,"",07:30,FALSE
fare_DEL-BOM_6E_2026-10-15_T+45_1788701812024_3kwt,DEL-BOM,EaseMyTrip,6E,6E-698,2026-10-15,T+45,5460,1199,6659,2026-08-31T02:56:58.352Z,FALSE,"",19:30,FALSE
fare_DEL-BOM_6E_2026-10-15_T+45_1788701812024_4xx8,DEL-BOM,EaseMyTrip,6E,6E-989,2026-10-15,T+45,5460,1199,6659,2026-08-31T02:56:58.352Z,FALSE,"",19:30,FALSE
fare_DEL-BOM_6E_2026-10-15_T+45_1788701812024_b3cw,DEL-BOM,EaseMyTrip,6E,6E-7653,2026-10-15,T+45,5524,1212,6736,2026-08-31T02:56:58.352Z,FALSE,"",17:20,FALSE
fare_DEL-BOM_6E_2026-10-15_T+45_1788701812024_clv8,DEL-BOM,EaseMyTrip,6E,6E-2169,2026-10-15,T+45,5569,1222,6791,2026-08-31T02:56:58.352Z,FALSE,"",19:40,FALSE
fare_DEL-BOM_6E_2026-10-15_T+45_1788701812024_7xdl,DEL-BOM,EaseMyTrip,6E,6E-6829,2026-10-15,T+45,5569,1222,6791,2026-08-31T02:56:58.352Z,FALSE,"",17:20,FALSE
fare_DEL-BOM_6E_2026-10-15_T+45_1788701812024_d7il,DEL-BOM,EaseMyTrip,6E,6E-6443,2026-10-15,T+45,5569,1222,6791,2026-08-31T02:56:58.352Z,FALSE,"",09:00,FALSE
fare_DEL-BOM_6E_2026-10-15_T+45_1788701812024_5o0q,DEL-BOM,EaseMyTrip,6E,6E-6433,2026-10-15,T+45,5569,1222,6791,2026-08-31T02:56:58.352Z,FALSE,"",16:30,FALSE
fare_DEL-BOM_6E_2026-10-15_T+45_1788701812024_bt8w,DEL-BOM,EaseMyTrip,6E,6E-5138,2026-10-15,T+45,5569,1222,6791,2026-08-31T02:56:58.352Z,FALSE,"",19:10,FALSE
fare_DEL-BOM_6E_2026-10-15_T+45_1788701812024_aint,DEL-BOM,EaseMyTrip,6E,6E-6459,2026-10-15,T+45,5569,1222,6791,2026-08-31T02:56:58.352Z,FALSE,"",05:55,FALSE
fare_DEL-BOM_AI_2026-10-15_T+45_1788701812024_soca,DEL-BOM,EaseMyTrip,AI,AI-2963,2026-10-15,T+45,5740,1260,7000,2026-08-31T02:56:58.352Z,FALSE,"",09:00,TRUE
fare_DEL-BOM_AI_2026-10-15_T+45_1788701812024_h9i9,DEL-BOM,EaseMyTrip,AI,AI-2425,2026-10-15,T+45,5740,1260,7000,2026-08-31T02:56:58.352Z,FALSE,"",10:30,TRUE
fare_DEL-BOM_AI_2026-10-15_T+45_1788701812024_cvvy,DEL-BOM,EaseMyTrip,AI,AI-2995,2026-10-15,T+45,5740,1260,7000,2026-08-31T02:56:58.352Z,FALSE,"",10:00,TRUE
fare_DEL-BOM_AI_2026-10-15_T+45_1788701812024_u24f,DEL-BOM,EaseMyTrip,AI,AI-2933,2026-10-15,T+45,5740,1260,7000,2026-08-31T02:56:58.352Z,FALSE,"",15:30,TRUE
fare_DEL-BOM_AI_2026-10-15_T+45_1788701812024_9o6o,DEL-BOM,EaseMyTrip,AI,AI-441,2026-10-15,T+45,5740,1260,7000,2026-08-31T02:56:58.352Z,FALSE,"",17:00,TRUE
fare_DEL-BOM_6E_2026-10-15_T+45_1788701812024_tek0,DEL-BOM,EaseMyTrip,6E,6E-925,2026-10-15,T+45,5656,1242,6898,2026-08-31T02:56:58.352Z,FALSE,"",03:00,TRUE
fare_DEL-BOM_6E_2026-10-15_T+45_1788701812024_ultw,DEL-BOM,EaseMyTrip,6E,6E-521,2026-10-15,T+45,5656,1242,6898,2026-08-31T02:56:58.352Z,FALSE,"",03:00,TRUE
fare_DEL-BOM_6E_2026-10-15_T+45_1788701812024_yoj9,DEL-BOM,EaseMyTrip,6E,6E-6114,2026-10-15,T+45,5656,1242,6898,2026-08-31T02:56:58.352Z,FALSE,"",22:45,TRUE
fare_DEL-BOM_6E_2026-10-15_T+45_1788701812024_m9dc,DEL-BOM,EaseMyTrip,6E,6E-414,2026-10-15,T+45,5656,1242,6898,2026-08-31T02:56:58.352Z,FALSE,"",21:45,TRUE
fare_DEL-BOM_6E_2026-10-15_T+45_1788701812024_1di5,DEL-BOM,EaseMyTrip,6E,6E-962,2026-10-15,T+45,5656,1242,6898,2026-08-31T02:56:58.352Z,FALSE,"",21:45,TRUE
fare_DEL-BOM_6E_2026-10-15_T+45_1788701812024_zdf4,DEL-BOM,EaseMyTrip,6E,6E-350,2026-10-15,T+45,5656,1242,6898,2026-08-31T02:56:58.352Z,FALSE,"",20:45,TRUE
fare_DEL-BOM_6E_2026-10-15_T+45_1788701812024_ejak,DEL-BOM,EaseMyTrip,6E,6E-728,2026-10-15,T+45,5656,1242,6898,2026-08-31T02:56:58.352Z,FALSE,"",20:45,TRUE
fare_DEL-BOM_6E_2026-10-15_T+45_1788701812024_5kie,DEL-BOM,EaseMyTrip,6E,6E-223,2026-10-15,T+45,5656,1242,6898,2026-08-31T02:56:58.352Z,FALSE,"",20:00,TRUE
fare_DEL-BOM_6E_2026-10-15_T+45_1788701812024_5sja,DEL-BOM,EaseMyTrip,6E,6E-775,2026-10-15,T+45,5656,1242,6898,2026-08-31T02:56:58.352Z,FALSE,"",20:00,TRUE
fare_DEL-BOM_6E_2026-10-15_T+45_1788701812024_yf76,DEL-BOM,EaseMyTrip,6E,6E-389,2026-10-15,T+45,5656,1242,6898,2026-08-31T02:56:58.352Z,FALSE,"",19:00,TRUE
fare_DEL-BOM_6E_2026-10-15_T+45_1788701812024_sadw,DEL-BOM,EaseMyTrip,6E,6E-107,2026-10-15,T+45,5656,1242,6898,2026-08-31T02:56:58.352Z,FALSE,"",19:00,TRUE
fare_DEL-BOM_6E_2026-10-15_T+45_1788701812024_phca,DEL-BOM,EaseMyTrip,6E,6E-473,2026-10-15,T+45,5656,1242,6898,2026-08-31T02:56:58.352Z,FALSE,"",18:00,TRUE
fare_DEL-BOM_6E_2026-10-15_T+45_1788701812024_2g6n,DEL-BOM,EaseMyTrip,6E,6E-112,2026-10-15,T+45,5656,1242,6898,2026-08-31T02:56:58.352Z,FALSE,"",18:00,TRUE
fare_DEL-BOM_6E_2026-10-15_T+45_1788701812024_jy3m,DEL-BOM,EaseMyTrip,6E,6E-6022,2026-10-15,T+45,5656,1242,6898,2026-08-31T02:56:58.352Z,FALSE,"",14:00,TRUE
fare_DEL-BOM_6E_2026-10-15_T+45_1788701812024_wo7r,DEL-BOM,EaseMyTrip,6E,6E-6318,2026-10-15,T+45,5656,1242,6898,2026-08-31T02:56:58.352Z,FALSE,"",14:45,TRUE
fare_DEL-BOM_6E_2026-10-15_T+45_1788701812024_t0vl,DEL-BOM,EaseMyTrip,6E,6E-627,2026-10-15,T+45,5656,1242,6898,2026-08-31T02:56:58.352Z,FALSE,"",05:00,TRUE
fare_DEL-BOM_6E_2026-10-15_T+45_1788701812024_uu1r,DEL-BOM,EaseMyTrip,6E,6E-543,2026-10-15,T+45,5656,1242,6898,2026-08-31T02:56:58.352Z,FALSE,"",05:00,TRUE
fare_DEL-BOM_6E_2026-10-15_T+45_1788701812024_743f,DEL-BOM,EaseMyTrip,6E,6E-6218,2026-10-15,T+45,5656,1242,6898,2026-08-31T02:56:58.352Z,FALSE,"",06:05,TRUE
fare_DEL-BOM_6E_2026-10-15_T+45_1788701812024_3j0a,DEL-BOM,EaseMyTrip,6E,6E-6814,2026-10-15,T+45,5656,1242,6898,2026-08-31T02:56:58.352Z,FALSE,"",07:15,TRUE
fare_DEL-BOM_6E_2026-10-15_T+45_1788701812024_4ctp,DEL-BOM,EaseMyTrip,6E,6E-464,2026-10-15,T+45,5656,1242,6898,2026-08-31T02:56:58.352Z,FALSE,"",08:00,TRUE
fare_DEL-BOM_6E_2026-10-15_T+45_1788701812024_pfl0,DEL-BOM,EaseMyTrip,6E,6E-663,2026-10-15,T+45,5656,1242,6898,2026-08-31T02:56:58.352Z,FALSE,"",08:00,TRUE
fare_DEL-BOM_6E_2026-10-15_T+45_1788701812024_6js4,DEL-BOM,EaseMyTrip,6E,6E-6107,2026-10-15,T+45,5656,1242,6898,2026-08-31T02:56:58.352Z,FALSE,"",09:30,TRUE
fare_DEL-BOM_6E_2026-10-15_T+45_1788701812024_wgk1,DEL-BOM,EaseMyTrip,6E,6E-6047,2026-10-15,T+45,5656,1242,6898,2026-08-31T02:56:58.352Z,FALSE,"",11:00,TRUE
fare_DEL-BOM_6E_2026-10-15_T+45_1788701812024_jre5,DEL-BOM,EaseMyTrip,6E,6E-6676,2026-10-15,T+45,5656,1242,6898,2026-08-31T02:56:58.352Z,FALSE,"",12:00,TRUE
fare_DEL-BOM_6E_2026-10-15_T+45_1788701812024_kjgq,DEL-BOM,EaseMyTrip,6E,6E-607,2026-10-15,T+45,5656,1242,6898,2026-08-31T02:56:58.352Z,FALSE,"",13:00,TRUE
fare_DEL-BOM_6E_2026-10-15_T+45_1788701812024_1tpu,DEL-BOM,EaseMyTrip,6E,6E-485,2026-10-15,T+45,5656,1242,6898,2026-08-31T02:56:58.352Z,FALSE,"",13:00,TRUE
fare_DEL-BOM_IX_2026-10-15_T+45_1788701812024_36fz,DEL-BOM,EaseMyTrip,IX,IX-1463,2026-10-15,T+45,5939,1304,7243,2026-08-31T02:56:58.352Z,FALSE,"",11:15,TRUE
fare_DEL-BOM_IX_2026-10-15_T+45_1788701812024_0nl9,DEL-BOM,EaseMyTrip,IX,IX-1024,2026-10-15,T+45,5939,1304,7243,2026-08-31T02:56:58.352Z,FALSE,"",18:40,TRUE
fare_DEL-BOM_AI_2026-10-15_T+45_1788701812024_bzht,DEL-BOM,EaseMyTrip,AI,AI-2678,2026-10-15,T+45,5835,1281,7116,2026-08-31T02:56:58.352Z,FALSE,"",08:30,TRUE
fare_DEL-BOM_AI_2026-10-15_T+45_1788701812024_jl3j,DEL-BOM,EaseMyTrip,AI,AI-1777,2026-10-15,T+45,5882,1291,7173,2026-08-31T02:56:58.352Z,FALSE,"",16:00,TRUE
fare_DEL-BOM_QP_2026-10-15_T+45_1788701812024_v84s,DEL-BOM,EaseMyTrip,QP,QP-1826,2026-10-15,T+45,5756,1263,7019,2026-08-31T02:56:58.352Z,FALSE,"",19:55,TRUE
fare_DEL-BOM_6E_2026-10-15_T+45_1788701812024_keta,DEL-BOM,EaseMyTrip,6E,6E-7642,2026-10-15,T+45,5810,1275,7085,2026-08-31T02:56:58.352Z,FALSE,"",15:45,FALSE
fare_DEL-BOM_AI_2026-10-15_T+45_1788701812024_4jys,DEL-BOM,EaseMyTrip,AI,AI-2439,2026-10-15,T+45,5977,1312,7289,2026-08-31T02:56:58.352Z,FALSE,"",23:00,TRUE
fare_DEL-BOM_AI_2026-10-15_T+45_1788701812024_5rs6,DEL-BOM,EaseMyTrip,AI,AI-2975,2026-10-15,T+45,6043,1326,7369,2026-08-31T02:56:58.352Z,FALSE,"",06:30,TRUE
fare_DEL-BOM_AI_2026-10-15_T+45_1788701812024_pfr8,DEL-BOM,EaseMyTrip,AI,AI-2951,2026-10-15,T+45,6043,1326,7369,2026-08-31T02:56:58.352Z,FALSE,"",13:30,TRUE
fare_DEL-BOM_AI_2026-10-15_T+45_1788701812024_o765,DEL-BOM,EaseMyTrip,AI,AI-2981,2026-10-15,T+45,6043,1326,7369,2026-08-31T02:56:58.352Z,FALSE,"",21:00,TRUE
fare_DEL-BOM_AI_2026-10-15_T+45_1788701812024_2fjk,DEL-BOM,EaseMyTrip,AI,AI-1745,2026-10-15,T+45,6043,1326,7369,2026-08-31T02:56:58.352Z,FALSE,"",05:00,TRUE
fare_DEL-BOM_AI_2026-10-15_T+45_1788701812024_pvzn,DEL-BOM,EaseMyTrip,AI,AI-2945,2026-10-15,T+45,6043,1326,7369,2026-08-31T02:56:58.352Z,FALSE,"",11:00,TRUE
fare_DEL-BOM_AI_2026-10-15_T+45_1788701812024_131q,DEL-BOM,EaseMyTrip,AI,AI-1785,2026-10-15,T+45,6043,1326,7369,2026-08-31T02:56:58.352Z,FALSE,"",12:00,TRUE
fare_DEL-BOM_AI_2026-10-15_T+45_1788701812024_5qw7,DEL-BOM,EaseMyTrip,AI,AI-2441,2026-10-15,T+45,6043,1326,7369,2026-08-31T02:56:58.352Z,FALSE,"",14:10,TRUE
fare_DEL-BOM_AI_2026-10-15_T+45_1788701812024_dmv8,DEL-BOM,EaseMyTrip,AI,AI-2999,2026-10-15,T+45,6043,1326,7369,2026-08-31T02:56:58.352Z,FALSE,"",22:00,TRUE
fare_DEL-BOM_AI_2026-10-15_T+45_1788701812024_m85z,DEL-BOM,EaseMyTrip,AI,AI-2927,2026-10-15,T+45,6043,1326,7369,2026-08-31T02:56:58.352Z,FALSE,"",09:30,TRUE
fare_DEL-BOM_AI_2026-10-15_T+45_1788701812024_8r59,DEL-BOM,EaseMyTrip,AI,AI-1780,2026-10-15,T+45,6043,1326,7369,2026-08-31T02:56:58.352Z,FALSE,"",14:30,TRUE
fare_DEL-BOM_AI_2026-10-15_T+45_1788701812024_f0nn,DEL-BOM,EaseMyTrip,AI,AI-2957,2026-10-15,T+45,6143,1348,7491,2026-08-31T02:56:58.352Z,FALSE,"",20:30,TRUE
fare_DEL-BOM_AI_2026-10-15_T+45_1788701812024_dnuv,DEL-BOM,EaseMyTrip,AI,AI-2433,2026-10-15,T+45,6193,1360,7553,2026-08-31T02:56:58.352Z,FALSE,"",21:30,TRUE
fare_DEL-BOM_AI_2026-10-15_T+45_1788701812024_v2fy,DEL-BOM,EaseMyTrip,AI,AI-2943,2026-10-15,T+45,6193,1360,7553,2026-08-31T02:56:58.352Z,FALSE,"",07:30,TRUE
fare_DEL-BOM_AI_2026-10-15_T+45_1788701812024_4ghg,DEL-BOM,EaseMyTrip,AI,AI-2985,2026-10-15,T+45,6193,1360,7553,2026-08-31T02:56:58.352Z,FALSE,"",19:30,TRUE
fare_DEL-BOM_6E_2026-10-15_T+45_1788701812024_i85o,DEL-BOM,EaseMyTrip,6E,6E-5038,2026-10-15,T+45,6066,1331,7397,2026-08-31T02:56:58.352Z,FALSE,"",14:00,FALSE
fare_DEL-BOM_6E_2026-10-15_T+45_1788701812024_xzbs,DEL-BOM,EaseMyTrip,6E,6E-6050,2026-10-15,T+45,6066,1331,7397,2026-08-31T02:56:58.352Z,FALSE,"",08:15,FALSE
fare_DEL-BOM_AI_2026-10-15_T+45_1788701812024_o4or,DEL-BOM,EaseMyTrip,AI,AI-2805,2026-10-15,T+45,6294,1382,7676,2026-08-31T02:56:58.352Z,FALSE,"",20:00,TRUE
fare_DEL-BOM_AI_2026-10-15_T+45_1788701812024_m560,DEL-BOM,EaseMyTrip,AI,AI-2429,2026-10-15,T+45,6294,1382,7676,2026-08-31T02:56:58.352Z,FALSE,"",07:00,TRUE
fare_DEL-BOM_6E_2026-10-15_T+45_1788701812024_8psg,DEL-BOM,EaseMyTrip,6E,6E-6601,2026-10-15,T+45,6173,1355,7528,2026-08-31T02:56:58.352Z,FALSE,"",19:45,FALSE
fare_DEL-BOM_6E_2026-10-15_T+45_1788701812024_nhez,DEL-BOM,EaseMyTrip,6E,6E-661,2026-10-15,T+45,6173,1355,7528,2026-08-31T02:56:58.352Z,FALSE,"",02:25,FALSE
fare_DEL-BOM_6E_2026-10-15_T+45_1788701812024_v421,DEL-BOM,EaseMyTrip,6E,6E-376,2026-10-15,T+45,6173,1355,7528,2026-08-31T02:56:58.352Z,FALSE,"",02:25,FALSE
fare_DEL-BOM_6E_2026-10-15_T+45_1788701812024_qra0,DEL-BOM,EaseMyTrip,6E,6E-2381,2026-10-15,T+45,6173,1355,7528,2026-08-31T02:56:58.352Z,FALSE,"",13:45,FALSE
fare_DEL-BOM_6E_2026-10-15_T+45_1788701812024_ijpd,DEL-BOM,EaseMyTrip,6E,6E-450,2026-10-15,T+45,6173,1355,7528,2026-08-31T02:56:58.352Z,FALSE,"",23:15,FALSE
fare_DEL-BOM_6E_2026-10-15_T+45_1788701812024_jgbs,DEL-BOM,EaseMyTrip,6E,6E-875,2026-10-15,T+45,6173,1355,7528,2026-08-31T02:56:58.352Z,FALSE,"",23:15,FALSE
fare_DEL-BOM_AI_2026-10-15_T+45_1788701812024_s8v4,DEL-BOM,EaseMyTrip,AI,AI-2977,2026-10-15,T+45,6345,1393,7738,2026-08-31T02:56:58.352Z,FALSE,"",19:00,TRUE
fare_DEL-BOM_AI_2026-10-15_T+45_1788701812024_fnlf,DEL-BOM,EaseMyTrip,AI,AI-2955,2026-10-15,T+45,6446,1415,7861,2026-08-31T02:56:58.352Z,FALSE,"",18:00,TRUE
fare_DEL-BOM_6E_2026-10-15_T+45_1788701812024_6p15,DEL-BOM,EaseMyTrip,6E,6E-6212,2026-10-15,T+45,6649,1459,8108,2026-08-31T02:56:58.352Z,FALSE,"",14:45,FALSE
fare_DEL-BOM_6E_2026-10-15_T+45_1788701812024_bhpu,DEL-BOM,EaseMyTrip,6E,6E-6026,2026-10-15,T+45,6649,1459,8108,2026-08-31T02:56:58.352Z,FALSE,"",05:30,FALSE
fare_DEL-BOM_6E_2026-10-15_T+45_1788701812024_kn01,DEL-BOM,EaseMyTrip,6E,6E-6282,2026-10-15,T+45,6649,1459,8108,2026-08-31T02:56:58.352Z,FALSE,"",13:30,FALSE
fare_DEL-BOM_SG_2026-10-15_T+45_1788701812024_doop,DEL-BOM,EaseMyTrip,SG,SG-498,2026-10-15,T+45,6856,1505,8361,2026-08-31T02:56:58.352Z,FALSE,"",20:10,TRUE
fare_DEL-BOM_SG_2026-10-15_T+45_1788701812024_b0s9,DEL-BOM,EaseMyTrip,SG,SG-945,2026-10-15,T+45,6856,1505,8361,2026-08-31T02:56:58.352Z,FALSE,"",20:10,TRUE
fare_DEL-BOM_SG_2026-10-15_T+45_1788701812024_0ett,DEL-BOM,EaseMyTrip,SG,SG-936,2026-10-15,T+45,6856,1505,8361,2026-08-31T02:56:58.352Z,FALSE,"",22:30,TRUE
fare_DEL-BOM_SG_2026-10-15_T+45_1788701812024_kfk3,DEL-BOM,EaseMyTrip,SG,SG-198,2026-10-15,T+45,6856,1505,8361,2026-08-31T02:56:58.352Z,FALSE,"",22:30,TRUE
fare_DEL-BOM_6E_2026-10-15_T+45_1788701812024_96ty,DEL-BOM,EaseMyTrip,6E,6E-2571,2026-10-15,T+45,7238,1589,8827,2026-08-31T02:56:58.352Z,FALSE,"",12:30,FALSE
fare_DEL-BOM_6E_2026-10-15_T+45_1788701812024_26g3,DEL-BOM,EaseMyTrip,6E,6E-2349,2026-10-15,T+45,7526,1652,9178,2026-08-31T02:56:58.352Z,FALSE,"",10:55,FALSE
fare_DEL-BOM_IX_2026-10-15_T+45_1788701812024_wrzr,DEL-BOM,EaseMyTrip,IX,IX-1165,2026-10-15,T+45,7897,1734,9631,2026-08-31T02:56:58.352Z,FALSE,"",06:00,FALSE
fare_DEL-BOM_6E_2026-10-15_T+45_1788701812024_osu4,DEL-BOM,EaseMyTrip,6E,6E-5298,2026-10-15,T+45,7639,1677,9316,2026-08-31T02:56:58.352Z,FALSE,"",09:00,FALSE
fare_DEL-BOM_6E_2026-10-15_T+45_1788701812024_h3c6,DEL-BOM,EaseMyTrip,6E,6E-827,2026-10-15,T+45,7842,1721,9563,2026-08-31T02:56:58.352Z,FALSE,"",12:10,FALSE
fare_DEL-BOM_6E_2026-10-15_T+45_1788701812024_7x37,DEL-BOM,EaseMyTrip,6E,6E-310,2026-10-15,T+45,7842,1721,9563,2026-08-31T02:56:58.352Z,FALSE,"",12:10,FALSE
fare_DEL-BOM_6E_2026-10-15_T+45_1788701812024_z4hl,DEL-BOM,EaseMyTrip,6E,6E-556,2026-10-15,T+45,7870,1728,9598,2026-08-31T02:56:58.352Z,FALSE,"",19:30,FALSE
fare_DEL-BOM_6E_2026-10-15_T+45_1788701812024_vacy,DEL-BOM,EaseMyTrip,6E,6E-338,2026-10-15,T+45,7870,1728,9598,2026-08-31T02:56:58.352Z,FALSE,"",19:30,FALSE
fare_DEL-BOM_AI_2026-10-15_T+45_1788701812024_7p5x,DEL-BOM,EaseMyTrip,AI,AI-2499,2026-10-15,T+45,8777,1927,10704,2026-08-31T02:56:58.352Z,FALSE,"",06:00,FALSE
fare_DEL-BOM_AI_2026-10-15_T+45_1788701812024_prcp,DEL-BOM,EaseMyTrip,AI,AI-2569,2026-10-15,T+45,8777,1927,10704,2026-08-31T02:56:58.352Z,FALSE,"",20:30,FALSE
fare_DEL-BOM_AI_2026-10-15_T+45_1788701812024_7kv9,DEL-BOM,EaseMyTrip,AI,AI-1710,2026-10-15,T+45,8777,1927,10704,2026-08-31T02:56:58.352Z,FALSE,"",18:35,FALSE
fare_DEL-BOM_AI_2026-10-15_T+45_1788701812024_w2aq,DEL-BOM,EaseMyTrip,AI,AI-1717,2026-10-15,T+45,8777,1927,10704,2026-08-31T02:56:58.352Z,FALSE,"",14:20,FALSE
fare_DEL-BOM_AI_2026-10-15_T+45_1788701812024_hiks,DEL-BOM,EaseMyTrip,AI,AI-1719,2026-10-15,T+45,9905,2174,12079,2026-08-31T02:56:58.352Z,FALSE,"",11:55,FALSE
fare_DEL-BOM_AI_2026-10-15_T+45_1788701812024_uifh,DEL-BOM,EaseMyTrip,AI,AI-1705,2026-10-15,T+45,10490,2303,12793,2026-08-31T02:56:58.352Z,FALSE,"",06:30,FALSE
fare_DEL-BOM_6E_2026-10-15_T+45_1788701812024_8v95,DEL-BOM,EaseMyTrip,6E,6E-674,2026-10-15,T+45,10677,2344,13021,2026-08-31T02:56:58.352Z,FALSE,"",17:55,FALSE
fare_DEL-BOM_6E_2026-10-15_T+45_1788701812024_okzd,DEL-BOM,EaseMyTrip,6E,6E-173,2026-10-15,T+45,10677,2344,13021,2026-08-31T02:56:58.352Z,FALSE,"",17:55,FALSE
fare_DEL-BOM_AI_2026-10-15_T+45_1788701812024_rlcw,DEL-BOM,EaseMyTrip,AI,AI-2715,2026-10-15,T+45,11186,2455,13641,2026-08-31T02:56:58.352Z,FALSE,"",11:40,FALSE
fare_DEL-BOM_AI_2026-10-15_T+45_1788701812024_2ixi,DEL-BOM,EaseMyTrip,AI,AI-2959,2026-10-15,T+45,11186,2455,13641,2026-08-31T02:56:58.352Z,FALSE,"",07:10,FALSE
fare_DEL-BOM_AI_2026-10-15_T+45_1788701812024_usv7,DEL-BOM,EaseMyTrip,AI,AI-423,2026-10-15,T+45,11186,2455,13641,2026-08-31T02:56:58.352Z,FALSE,"",09:50,FALSE
fare_DEL-BOM_IX_2026-10-15_T+45_1788701812024_55ed,DEL-BOM,EaseMyTrip,IX,IX-1082,2026-10-15,T+45,11502,2525,14027,2026-08-31T02:56:58.352Z,FALSE,"",21:25,FALSE
fare_DEL-BOM_IX_2026-10-15_T+45_1788701812024_z1kb,DEL-BOM,EaseMyTrip,IX,IX-1817,2026-10-15,T+45,11502,2525,14027,2026-08-31T02:56:58.352Z,FALSE,"",19:30,FALSE
fare_DEL-BOM_IX_2026-10-15_T+45_1788701812024_rlu5,DEL-BOM,EaseMyTrip,IX,IX-1049,2026-10-15,T+45,11502,2525,14027,2026-08-31T02:56:58.352Z,FALSE,"",18:40,FALSE
fare_DEL-BOM_AI_2026-10-15_T+45_1788701812024_g40v,DEL-BOM,EaseMyTrip,AI,AI-809,2026-10-15,T+45,11273,2475,13748,2026-08-31T02:56:58.352Z,FALSE,"",17:40,FALSE
fare_DEL-BOM_AI_2026-10-15_T+45_1788701812024_25kh,DEL-BOM,EaseMyTrip,AI,AI-2939,2026-10-15,T+45,11273,2475,13748,2026-08-31T02:56:58.352Z,FALSE,"",16:40,FALSE
fare_DEL-BOM_AI_2026-10-15_T+45_1788701812024_pu97,DEL-BOM,EaseMyTrip,AI,AI-881,2026-10-15,T+45,11273,2475,13748,2026-08-31T02:56:58.352Z,FALSE,"",13:35,FALSE
fare_DEL-BOM_AI_2026-10-15_T+45_1788701812024_47kh,DEL-BOM,EaseMyTrip,AI,AI-817,2026-10-15,T+45,11463,2516,13979,2026-08-31T02:56:58.352Z,FALSE,"",05:55,FALSE
fare_DEL-BOM_IX_2026-10-15_T+45_1788701812024_f0vm,DEL-BOM,EaseMyTrip,IX,IX-1068,2026-10-15,T+45,12101,2656,14757,2026-08-31T02:56:58.352Z,FALSE,"",11:55,FALSE
fare_DEL-BOM_QP_2026-10-15_T+45_1788701812024_7cp9,DEL-BOM,EaseMyTrip,QP,QP-1817,2026-10-15,T+45,11898,2612,14510,2026-08-31T02:56:58.352Z,FALSE,"",10:30,FALSE
fare_DEL-BOM_AI_2026-10-15_T+45_1788701812024_iwiv,DEL-BOM,EaseMyTrip,AI,AI-2761,2026-10-15,T+45,12103,2657,14760,2026-08-31T02:56:58.352Z,FALSE,"",16:25,FALSE
fare_DEL-BOM_IX_2026-10-15_T+45_1788701812024_c8pi,DEL-BOM,EaseMyTrip,IX,IX-1057,2026-10-15,T+45,12615,2769,15384,2026-08-31T02:56:58.352Z,FALSE,"",06:20,FALSE
fare_DEL-BOM_IX_2026-10-15_T+45_1788701812024_kksb,DEL-BOM,EaseMyTrip,IX,IX-1108,2026-10-15,T+45,12754,2800,15554,2026-08-31T02:56:58.352Z,FALSE,"",05:00,FALSE
fare_DEL-BOM_IX_2026-10-15_T+45_1788701812024_l555,DEL-BOM,EaseMyTrip,IX,IX-5975,2026-10-15,T+45,12778,2805,15583,2026-08-31T02:56:58.352Z,FALSE,"",21:00,FALSE
fare_DEL-BOM_AI_2026-10-15_T+45_1788701812024_u05w,DEL-BOM,EaseMyTrip,AI,AI-9418,2026-10-15,T+45,12594,2765,15359,2026-08-31T02:56:58.352Z,FALSE,"",13:10,FALSE
fare_DEL-BOM_AI_2026-10-15_T+45_1788701812024_nj7r,DEL-BOM,EaseMyTrip,AI,AI-9584,2026-10-15,T+45,13037,2862,15899,2026-08-31T02:56:58.352Z,FALSE,"",11:15,FALSE
fare_DEL-BOM_AI_2026-10-15_T+45_1788701812024_23ok,DEL-BOM,EaseMyTrip,AI,AI-1743,2026-10-15,T+45,13065,2868,15933,2026-08-31T02:56:58.352Z,FALSE,"",06:15,FALSE
fare_DEL-BOM_QP_2026-10-15_T+45_1788701812024_fgr7,DEL-BOM,EaseMyTrip,QP,QP-1815,2026-10-15,T+45,12989,2851,15840,2026-08-31T02:56:58.352Z,FALSE,"",14:55,FALSE
fare_DEL-BOM_IX_2026-10-15_T+45_1788701812024_gk91,DEL-BOM,EaseMyTrip,IX,IX-1783,2026-10-15,T+45,13476,2958,16434,2026-08-31T02:56:58.352Z,FALSE,"",07:20,FALSE
fare_DEL-BOM_IX_2026-10-15_T+45_1788701812024_asu0,DEL-BOM,EaseMyTrip,IX,IX-2749,2026-10-15,T+45,13594,2984,16578,2026-08-31T02:56:58.352Z,FALSE,"",10:25,FALSE
fare_DEL-BOM_AI_2026-10-15_T+45_1788701812024_lbsb,DEL-BOM,EaseMyTrip,AI,AI-9920,2026-10-15,T+45,13368,2935,16303,2026-08-31T02:56:58.352Z,FALSE,"",10:50,FALSE
fare_DEL-BOM_QP_2026-10-15_T+45_1788701812024_ugt5,DEL-BOM,EaseMyTrip,QP,QP-1822,2026-10-15,T+45,13411,2944,16355,2026-08-31T02:56:58.352Z,FALSE,"",16:40,FALSE
fare_DEL-BOM_AI_2026-10-15_T+45_1788701812024_9117,DEL-BOM,EaseMyTrip,AI,AI-2907,2026-10-15,T+45,13927,3057,16984,2026-08-31T02:56:58.352Z,TRUE,"High outlier: ₹16984 > upper fence ₹16635 (Q3: ₹10704, IQR: ₹3954)",12:00,FALSE
fare_DEL-BOM_AI_2026-10-15_T+45_1788701812024_133h,DEL-BOM,EaseMyTrip,AI,AI-9757,2026-10-15,T+45,13942,3060,17002,2026-08-31T02:56:58.352Z,TRUE,"High outlier: ₹17002 > upper fence ₹16635 (Q3: ₹10704, IQR: ₹3954)",11:50,FALSE
fare_DEL-BOM_IX_2026-10-15_T+45_1788701812024_omqo,DEL-BOM,EaseMyTrip,IX,IX-1070,2026-10-15,T+45,14718,3231,17949,2026-08-31T02:56:58.352Z,TRUE,"High outlier: ₹17949 > upper fence ₹16635 (Q3: ₹10704, IQR: ₹3954)",21:15,FALSE
fare_DEL-BOM_IX_2026-10-15_T+45_1788701812024_80oi,DEL-BOM,EaseMyTrip,IX,IX-1059,2026-10-15,T+45,14767,3241,18008,2026-08-31T02:56:58.352Z,TRUE,"High outlier: ₹18008 > upper fence ₹16635 (Q3: ₹10704, IQR: ₹3954)",12:15,FALSE
fare_DEL-BOM_AI_2026-10-15_T+45_1788701812024_w79z,DEL-BOM,EaseMyTrip,AI,AI-1773,2026-10-15,T+45,14497,3182,17679,2026-08-31T02:56:58.352Z,TRUE,"High outlier: ₹17679 > upper fence ₹16635 (Q3: ₹10704, IQR: ₹3954)",10:30,FALSE
fare_DEL-BOM_AI_2026-10-15_T+45_1788701812024_w4lq,DEL-BOM,EaseMyTrip,AI,AI-2577,2026-10-15,T+45,14577,3200,17777,2026-08-31T02:56:58.352Z,TRUE,"High outlier: ₹17777 > upper fence ₹16635 (Q3: ₹10704, IQR: ₹3954)",02:00,FALSE
fare_DEL-BOM_AI_2026-10-15_T+45_1788701812024_v805,DEL-BOM,EaseMyTrip,AI,AI-2859,2026-10-15,T+45,14577,3200,17777,2026-08-31T02:56:58.352Z,TRUE,"High outlier: ₹17777 > upper fence ₹16635 (Q3: ₹10704, IQR: ₹3954)",10:30,FALSE
fare_DEL-BOM_IX_2026-10-15_T+45_1788701812024_ooma,DEL-BOM,EaseMyTrip,IX,IX-1051,2026-10-15,T+45,15139,3323,18462,2026-08-31T02:56:58.352Z,TRUE,"High outlier: ₹18462 > upper fence ₹16635 (Q3: ₹10704, IQR: ₹3954)",19:05,FALSE
fare_DEL-BOM_AI_2026-10-15_T+45_1788701812024_surl,DEL-BOM,EaseMyTrip,AI,AI-2465,2026-10-15,T+45,14880,3266,18146,2026-08-31T02:56:58.352Z,TRUE,"High outlier: ₹18146 > upper fence ₹16635 (Q3: ₹10704, IQR: ₹3954)",14:30,FALSE
fare_DEL-BOM_IX_2026-10-15_T+45_1788701812024_nlwz,DEL-BOM,EaseMyTrip,IX,IX-1064,2026-10-15,T+45,15684,3443,19127,2026-08-31T02:56:58.352Z,TRUE,"High outlier: ₹19127 > upper fence ₹16635 (Q3: ₹10704, IQR: ₹3954)",19:10,FALSE
fare_DEL-BOM_AI_2026-10-15_T+45_1788701812024_qrbz,DEL-BOM,EaseMyTrip,AI,AI-427,2026-10-15,T+45,16845,3698,20543,2026-08-31T02:56:58.352Z,TRUE,"High outlier: ₹20543 > upper fence ₹16635 (Q3: ₹10704, IQR: ₹3954)",08:30,FALSE
fare_DEL-BOM_AI_2026-10-15_T+45_1788701812024_nenw,DEL-BOM,EaseMyTrip,AI,AI-2653,2026-10-15,T+45,17098,3753,20851,2026-08-31T02:56:58.352Z,TRUE,"High outlier: ₹20851 > upper fence ₹16635 (Q3: ₹10704, IQR: ₹3954)",04:30,FALSE
fare_DEL-BOM_AI_2026-10-15_T+45_1788701812024_sg6i,DEL-BOM,EaseMyTrip,AI,AI-2525,2026-10-15,T+45,18475,4056,22531,2026-08-31T02:56:58.352Z,TRUE,"High outlier: ₹22531 > upper fence ₹16635 (Q3: ₹10704, IQR: ₹3954)",06:00,FALSE
fare_DEL-BOM_AI_2026-10-15_T+45_1788701812024_jnb1,DEL-BOM,EaseMyTrip,AI,AI-2627,2026-10-15,T+45,19944,4378,24322,2026-08-31T02:56:58.352Z,TRUE,"High outlier: ₹24322 > upper fence ₹16635 (Q3: ₹10704, IQR: ₹3954)",10:45,FALSE
fare_DEL-BOM_AI_2026-10-15_T+45_1788701812024_rtrq,DEL-BOM,EaseMyTrip,AI,AI-2509,2026-10-15,T+45,20701,4544,25245,2026-08-31T02:56:58.352Z,TRUE,"High outlier: ₹25245 > upper fence ₹16635 (Q3: ₹10704, IQR: ₹3954)",07:00,FALSE
fare_DEL-BOM_AI_2026-10-15_T+45_1788701812024_rszc,DEL-BOM,EaseMyTrip,AI,AI-2513,2026-10-15,T+45,24666,5415,30081,2026-08-31T02:56:58.352Z,TRUE,"High outlier: ₹30081 > upper fence ₹16635 (Q3: ₹10704, IQR: ₹3954)",12:10,FALSE
fare_DEL-BOM_AI_2026-10-15_T+45_1788701812024_bsz4,DEL-BOM,EaseMyTrip,AI,AI-1739,2026-10-15,T+45,25397,5575,30972,2026-08-31T02:56:58.352Z,TRUE,"High outlier: ₹30972 > upper fence ₹16635 (Q3: ₹10704, IQR: ₹3954)",11:30,FALSE
fare_DEL-BOM_IX_2026-09-07_T+7_1788701812024_z1gz,DEL-BOM,EaseMyTrip,IX,IX-1392,2026-09-07,T+7,5354,1175,6529,2026-08-31T02:56:41.703Z,FALSE,"",23:25,FALSE
fare_DEL-BOM_6E_2026-09-07_T+7_1788701812024_4mm6,DEL-BOM,EaseMyTrip,6E,6E-5014,2026-09-07,T+7,5067,1112,6179,2026-08-31T02:56:41.703Z,FALSE,"",18:30,FALSE
fare_DEL-BOM_6E_2026-09-07_T+7_1788701812024_bw48,DEL-BOM,EaseMyTrip,6E,6E-559,2026-09-07,T+7,5067,1112,6179,2026-08-31T02:56:41.703Z,FALSE,"",19:35,FALSE
fare_DEL-BOM_6E_2026-09-07_T+7_1788701812024_0uqf,DEL-BOM,EaseMyTrip,6E,6E-395,2026-09-07,T+7,5067,1112,6179,2026-08-31T02:56:41.703Z,FALSE,"",19:35,FALSE
fare_DEL-BOM_6E_2026-09-07_T+7_1788701812024_1koi,DEL-BOM,EaseMyTrip,6E,6E-6261,2026-09-07,T+7,5067,1112,6179,2026-08-31T02:56:41.703Z,FALSE,"",00:15,FALSE
fare_DEL-BOM_6E_2026-09-07_T+7_1788701812024_u94d,DEL-BOM,EaseMyTrip,6E,6E-2013,2026-09-07,T+7,5067,1112,6179,2026-08-31T02:56:41.703Z,FALSE,"",21:50,FALSE
fare_DEL-BOM_6E_2026-09-07_T+7_1788701812024_b66i,DEL-BOM,EaseMyTrip,6E,6E-6190,2026-09-07,T+7,5067,1112,6179,2026-08-31T02:56:41.703Z,FALSE,"",07:40,FALSE
fare_DEL-BOM_IX_2026-09-07_T+7_1788701812024_jv82,DEL-BOM,EaseMyTrip,IX,IX-1235,2026-09-07,T+7,5354,1175,6529,2026-08-31T02:56:41.703Z,FALSE,"",23:25,TRUE
fare_DEL-BOM_IX_2026-09-07_T+7_1788701812024_5xdp,DEL-BOM,EaseMyTrip,IX,IX-1056,2026-09-07,T+7,5354,1175,6529,2026-08-31T02:56:41.703Z,FALSE,"",05:35,TRUE
fare_DEL-BOM_IX_2026-09-07_T+7_1788701812025_wxwk,DEL-BOM,EaseMyTrip,IX,IX-1038,2026-09-07,T+7,5354,1175,6529,2026-08-31T02:56:41.703Z,FALSE,"",17:35,TRUE
fare_DEL-BOM_6E_2026-09-07_T+7_1788701812025_a2hl,DEL-BOM,EaseMyTrip,6E,6E-2249,2026-09-07,T+7,5174,1136,6310,2026-08-31T02:56:41.703Z,FALSE,"",15:00,FALSE
fare_DEL-BOM_6E_2026-09-07_T+7_1788701812025_x4f4,DEL-BOM,EaseMyTrip,6E,6E-2169,2026-09-07,T+7,5174,1136,6310,2026-08-31T02:56:41.703Z,FALSE,"",19:40,FALSE
fare_DEL-BOM_6E_2026-09-07_T+7_1788701812025_og2c,DEL-BOM,EaseMyTrip,6E,6E-6829,2026-09-07,T+7,5174,1136,6310,2026-08-31T02:56:41.703Z,FALSE,"",17:20,FALSE
fare_DEL-BOM_6E_2026-09-07_T+7_1788701812025_hqtn,DEL-BOM,EaseMyTrip,6E,6E-6443,2026-09-07,T+7,5174,1136,6310,2026-08-31T02:56:41.703Z,FALSE,"",09:00,FALSE
fare_DEL-BOM_6E_2026-09-07_T+7_1788701812025_u9o5,DEL-BOM,EaseMyTrip,6E,6E-6433,2026-09-07,T+7,5174,1136,6310,2026-08-31T02:56:41.703Z,FALSE,"",16:30,FALSE
fare_DEL-BOM_6E_2026-09-07_T+7_1788701812025_xw7u,DEL-BOM,EaseMyTrip,6E,6E-5138,2026-09-07,T+7,5174,1136,6310,2026-08-31T02:56:41.703Z,FALSE,"",19:10,FALSE
fare_DEL-BOM_6E_2026-09-07_T+7_1788701812025_uymz,DEL-BOM,EaseMyTrip,6E,6E-6490,2026-09-07,T+7,5174,1136,6310,2026-08-31T02:56:41.703Z,FALSE,"",04:55,FALSE
fare_DEL-BOM_6E_2026-09-07_T+7_1788701812025_19jy,DEL-BOM,EaseMyTrip,6E,6E-6459,2026-09-07,T+7,5174,1136,6310,2026-08-31T02:56:41.703Z,FALSE,"",05:55,FALSE
fare_DEL-BOM_6E_2026-09-07_T+7_1788701812025_ihy5,DEL-BOM,EaseMyTrip,6E,6E-6479,2026-09-07,T+7,5239,1150,6389,2026-08-31T02:56:41.703Z,FALSE,"",21:25,FALSE
fare_DEL-BOM_6E_2026-09-07_T+7_1788701812025_zopz,DEL-BOM,EaseMyTrip,6E,6E-5298,2026-09-07,T+7,5239,1150,6389,2026-08-31T02:56:41.703Z,FALSE,"",09:00,FALSE
fare_DEL-BOM_6E_2026-09-07_T+7_1788701812025_amz0,DEL-BOM,EaseMyTrip,6E,6E-5038,2026-09-07,T+7,5239,1150,6389,2026-08-31T02:56:41.703Z,FALSE,"",14:00,FALSE
fare_DEL-BOM_6E_2026-09-07_T+7_1788701812025_uy8a,DEL-BOM,EaseMyTrip,6E,6E-5206,2026-09-07,T+7,5239,1150,6389,2026-08-31T02:56:41.703Z,FALSE,"",13:20,FALSE
fare_DEL-BOM_6E_2026-09-07_T+7_1788701812025_kywj,DEL-BOM,EaseMyTrip,6E,6E-6050,2026-09-07,T+7,5239,1150,6389,2026-08-31T02:56:41.703Z,FALSE,"",08:15,FALSE
fare_DEL-BOM_6E_2026-09-07_T+7_1788701812025_5xit,DEL-BOM,EaseMyTrip,6E,6E-5096,2026-09-07,T+7,5282,1160,6442,2026-08-31T02:56:41.703Z,FALSE,"",17:00,TRUE
fare_DEL-BOM_QP_2026-09-07_T+7_1788701812025_pnzf,DEL-BOM,EaseMyTrip,QP,QP-2074,2026-09-07,T+7,5330,1170,6500,2026-08-31T02:56:41.703Z,FALSE,"",14:10,TRUE
fare_DEL-BOM_6E_2026-09-07_T+7_1788701812025_v1zy,DEL-BOM,EaseMyTrip,6E,6E-6212,2026-09-07,T+7,5346,1174,6520,2026-08-31T02:56:41.703Z,FALSE,"",14:45,FALSE
fare_DEL-BOM_6E_2026-09-07_T+7_1788701812025_6z29,DEL-BOM,EaseMyTrip,6E,6E-6282,2026-09-07,T+7,5346,1174,6520,2026-08-31T02:56:41.703Z,FALSE,"",13:30,FALSE
fare_DEL-BOM_6E_2026-09-07_T+7_1788701812025_t0zx,DEL-BOM,EaseMyTrip,6E,6E-258,2026-09-07,T+7,5346,1174,6520,2026-08-31T02:56:41.703Z,FALSE,"",23:15,FALSE
fare_DEL-BOM_6E_2026-09-07_T+7_1788701812025_vc9z,DEL-BOM,EaseMyTrip,6E,6E-934,2026-09-07,T+7,5346,1174,6520,2026-08-31T02:56:41.703Z,FALSE,"",23:15,FALSE
fare_DEL-BOM_6E_2026-09-07_T+7_1788701812025_hnjl,DEL-BOM,EaseMyTrip,6E,6E-6497,2026-09-07,T+7,5346,1174,6520,2026-08-31T02:56:41.703Z,FALSE,"",18:40,FALSE
fare_DEL-BOM_QP_2026-09-07_T+7_1788701812025_f5tp,DEL-BOM,EaseMyTrip,QP,QP-1119,2026-09-07,T+7,5355,1175,6530,2026-08-31T02:56:41.703Z,FALSE,"",08:40,TRUE
fare_DEL-BOM_QP_2026-09-07_T+7_1788701812025_jiec,DEL-BOM,EaseMyTrip,QP,QP-1110,2026-09-07,T+7,5355,1175,6530,2026-08-31T02:56:41.703Z,FALSE,"",10:30,TRUE
fare_DEL-BOM_QP_2026-09-07_T+7_1788701812025_e9lb,DEL-BOM,EaseMyTrip,QP,QP-1820,2026-09-07,T+7,5355,1175,6530,2026-08-31T02:56:41.703Z,FALSE,"",17:30,TRUE
fare_DEL-BOM_QP_2026-09-07_T+7_1788701812025_gy1o,DEL-BOM,EaseMyTrip,QP,QP-1833,2026-09-07,T+7,5355,1175,6530,2026-08-31T02:56:41.703Z,FALSE,"",06:50,TRUE
fare_DEL-BOM_QP_2026-09-07_T+7_1788701812025_s0v0,DEL-BOM,EaseMyTrip,QP,QP-1112,2026-09-07,T+7,5355,1175,6530,2026-08-31T02:56:41.703Z,FALSE,"",09:20,TRUE
fare_DEL-BOM_QP_2026-09-07_T+7_1788701812025_cev0,DEL-BOM,EaseMyTrip,QP,QP-1128,2026-09-07,T+7,5355,1175,6530,2026-08-31T02:56:41.703Z,FALSE,"",16:00,TRUE
fare_DEL-BOM_QP_2026-09-07_T+7_1788701812025_c9nq,DEL-BOM,EaseMyTrip,QP,QP-1836,2026-09-07,T+7,5355,1175,6530,2026-08-31T02:56:41.703Z,FALSE,"",12:30,TRUE
fare_DEL-BOM_QP_2026-09-07_T+7_1788701812025_bnbh,DEL-BOM,EaseMyTrip,QP,QP-1826,2026-09-07,T+7,5355,1175,6530,2026-08-31T02:56:41.703Z,FALSE,"",19:55,TRUE
fare_DEL-BOM_6E_2026-09-07_T+7_1788701812025_874w,DEL-BOM,EaseMyTrip,6E,6E-739,2026-09-07,T+7,5355,1175,6530,2026-08-31T02:56:41.703Z,FALSE,"",23:30,TRUE
fare_DEL-BOM_6E_2026-09-07_T+7_1788701812025_fq4r,DEL-BOM,EaseMyTrip,6E,6E-272,2026-09-07,T+7,5355,1175,6530,2026-08-31T02:56:41.703Z,FALSE,"",23:30,TRUE
fare_DEL-BOM_6E_2026-09-07_T+7_1788701812025_defp,DEL-BOM,EaseMyTrip,6E,6E-653,2026-09-07,T+7,5355,1175,6530,2026-08-31T02:56:41.703Z,FALSE,"",19:00,TRUE
fare_DEL-BOM_6E_2026-09-07_T+7_1788701812025_ji23,DEL-BOM,EaseMyTrip,6E,6E-409,2026-09-07,T+7,5355,1175,6530,2026-08-31T02:56:41.703Z,FALSE,"",19:00,TRUE
fare_DEL-BOM_6E_2026-09-07_T+7_1788701812025_edxo,DEL-BOM,EaseMyTrip,6E,6E-298,2026-09-07,T+7,5355,1175,6530,2026-08-31T02:56:41.703Z,FALSE,"",18:00,TRUE
fare_DEL-BOM_6E_2026-09-07_T+7_1788701812025_9z0a,DEL-BOM,EaseMyTrip,6E,6E-282,2026-09-07,T+7,5355,1175,6530,2026-08-31T02:56:41.703Z,FALSE,"",18:00,TRUE
fare_DEL-BOM_6E_2026-09-07_T+7_1788701812025_nars,DEL-BOM,EaseMyTrip,6E,6E-6706,2026-09-07,T+7,5355,1175,6530,2026-08-31T02:56:41.703Z,FALSE,"",17:00,TRUE
fare_DEL-BOM_6E_2026-09-07_T+7_1788701812025_o6c3,DEL-BOM,EaseMyTrip,6E,6E-443,2026-09-07,T+7,5355,1175,6530,2026-08-31T02:56:41.703Z,FALSE,"",16:15,TRUE
fare_DEL-BOM_6E_2026-09-07_T+7_1788701812025_h8e5,DEL-BOM,EaseMyTrip,6E,6E-130,2026-09-07,T+7,5355,1175,6530,2026-08-31T02:56:41.703Z,FALSE,"",16:15,TRUE
fare_DEL-BOM_6E_2026-09-07_T+7_1788701812025_yjuf,DEL-BOM,EaseMyTrip,6E,6E-762,2026-09-07,T+7,5355,1175,6530,2026-08-31T02:56:41.703Z,FALSE,"",15:30,TRUE
fare_DEL-BOM_6E_2026-09-07_T+7_1788701812025_4qj4,DEL-BOM,EaseMyTrip,6E,6E-806,2026-09-07,T+7,5355,1175,6530,2026-08-31T02:56:41.703Z,FALSE,"",15:30,TRUE
fare_DEL-BOM_6E_2026-09-07_T+7_1788701812025_uwvc,DEL-BOM,EaseMyTrip,6E,6E-6022,2026-09-07,T+7,5355,1175,6530,2026-08-31T02:56:41.703Z,FALSE,"",14:00,TRUE
fare_DEL-BOM_6E_2026-09-07_T+7_1788701812025_njrx,DEL-BOM,EaseMyTrip,6E,6E-6318,2026-09-07,T+7,5355,1175,6530,2026-08-31T02:56:41.703Z,FALSE,"",14:45,TRUE
fare_DEL-BOM_6E_2026-09-07_T+7_1788701812025_0vfy,DEL-BOM,EaseMyTrip,6E,6E-6047,2026-09-07,T+7,5355,1175,6530,2026-08-31T02:56:41.703Z,FALSE,"",11:00,TRUE
fare_DEL-BOM_6E_2026-09-07_T+7_1788701812025_wirf,DEL-BOM,EaseMyTrip,6E,6E-6676,2026-09-07,T+7,5355,1175,6530,2026-08-31T02:56:41.703Z,FALSE,"",12:00,TRUE
fare_DEL-BOM_6E_2026-09-07_T+7_1788701812025_zzpr,DEL-BOM,EaseMyTrip,6E,6E-796,2026-09-07,T+7,5355,1175,6530,2026-08-31T02:56:41.703Z,FALSE,"",13:00,TRUE
fare_DEL-BOM_6E_2026-09-07_T+7_1788701812025_kdax,DEL-BOM,EaseMyTrip,6E,6E-353,2026-09-07,T+7,5355,1175,6530,2026-08-31T02:56:41.703Z,FALSE,"",13:00,TRUE
fare_DEL-BOM_6E_2026-09-07_T+7_1788701812025_51ah,DEL-BOM,EaseMyTrip,6E,6E-725,2026-09-07,T+7,5411,1188,6599,2026-08-31T02:56:41.703Z,FALSE,"",19:30,FALSE
fare_DEL-BOM_6E_2026-09-07_T+7_1788701812025_sw4w,DEL-BOM,EaseMyTrip,6E,6E-876,2026-09-07,T+7,5411,1188,6599,2026-08-31T02:56:41.703Z,FALSE,"",19:30,FALSE
fare_DEL-BOM_6E_2026-09-07_T+7_1788701812025_w3fx,DEL-BOM,EaseMyTrip,6E,6E-384,2026-09-07,T+7,5411,1188,6599,2026-08-31T02:56:41.703Z,FALSE,"",12:15,FALSE
fare_DEL-BOM_6E_2026-09-07_T+7_1788701812025_4weh,DEL-BOM,EaseMyTrip,6E,6E-445,2026-09-07,T+7,5411,1188,6599,2026-08-31T02:56:41.703Z,FALSE,"",12:15,FALSE
fare_DEL-BOM_QP_2026-09-07_T+7_1788701812025_6t2n,DEL-BOM,EaseMyTrip,QP,QP-1940,2026-09-07,T+7,5427,1191,6618,2026-08-31T02:56:41.703Z,FALSE,"",14:00,TRUE
fare_DEL-BOM_6E_2026-09-07_T+7_1788701812025_wvc7,DEL-BOM,EaseMyTrip,6E,6E-5198,2026-09-07,T+7,5427,1191,6618,2026-08-31T02:56:41.703Z,FALSE,"",15:00,TRUE
fare_DEL-BOM_6E_2026-09-07_T+7_1788701812025_owu3,DEL-BOM,EaseMyTrip,6E,6E-2076,2026-09-07,T+7,5460,1199,6659,2026-08-31T02:56:41.703Z,FALSE,"",07:30,FALSE
fare_DEL-BOM_6E_2026-09-07_T+7_1788701812025_6qc2,DEL-BOM,EaseMyTrip,6E,6E-6114,2026-09-07,T+7,5484,1204,6688,2026-08-31T02:56:41.703Z,FALSE,"",22:45,TRUE
fare_DEL-BOM_6E_2026-09-07_T+7_1788701812025_h6bd,DEL-BOM,EaseMyTrip,6E,6E-6328,2026-09-07,T+7,5484,1204,6688,2026-08-31T02:56:41.703Z,FALSE,"",10:15,TRUE
fare_DEL-BOM_6E_2026-09-07_T+7_1788701812025_0y6t,DEL-BOM,EaseMyTrip,6E,6E-522,2026-09-07,T+7,5526,1213,6739,2026-08-31T02:56:41.703Z,FALSE,"",20:20,TRUE
fare_DEL-BOM_6E_2026-09-07_T+7_1788701812025_t2pl,DEL-BOM,EaseMyTrip,6E,6E-6470,2026-09-07,T+7,5526,1213,6739,2026-08-31T02:56:41.703Z,FALSE,"",06:55,TRUE
fare_DEL-BOM_AI_2026-09-07_T+7_1788701812025_xu1w,DEL-BOM,EaseMyTrip,AI,AI-2425,2026-09-07,T+7,5740,1260,7000,2026-08-31T02:56:41.703Z,FALSE,"",10:30,TRUE
fare_DEL-BOM_AI_2026-09-07_T+7_1788701812025_90y0,DEL-BOM,EaseMyTrip,AI,AI-2941,2026-09-07,T+7,5740,1260,7000,2026-08-31T02:56:41.703Z,FALSE,"",16:30,TRUE
fare_DEL-BOM_AI_2026-09-07_T+7_1788701812025_r3b9,DEL-BOM,EaseMyTrip,AI,AI-2945,2026-09-07,T+7,5740,1260,7000,2026-08-31T02:56:41.703Z,FALSE,"",11:00,TRUE
fare_DEL-BOM_AI_2026-09-07_T+7_1788701812025_0gde,DEL-BOM,EaseMyTrip,AI,AI-2933,2026-09-07,T+7,5740,1260,7000,2026-08-31T02:56:41.703Z,FALSE,"",15:30,TRUE
fare_DEL-BOM_AI_2026-09-07_T+7_1788701812025_cmpm,DEL-BOM,EaseMyTrip,AI,AI-1777,2026-09-07,T+7,5740,1260,7000,2026-08-31T02:56:41.703Z,FALSE,"",16:00,TRUE
fare_DEL-BOM_AI_2026-09-07_T+7_1788701812025_6ut1,DEL-BOM,EaseMyTrip,AI,AI-441,2026-09-07,T+7,5740,1260,7000,2026-08-31T02:56:41.703Z,FALSE,"",17:00,TRUE
fare_DEL-BOM_AI_2026-09-07_T+7_1788701812025_oqay,DEL-BOM,EaseMyTrip,AI,AI-2955,2026-09-07,T+7,5740,1260,7000,2026-08-31T02:56:41.703Z,FALSE,"",18:00,TRUE
fare_DEL-BOM_AI_2026-09-07_T+7_1788701812025_hwjn,DEL-BOM,EaseMyTrip,AI,AI-2977,2026-09-07,T+7,5740,1260,7000,2026-08-31T02:56:41.703Z,FALSE,"",19:00,TRUE
fare_DEL-BOM_AI_2026-09-07_T+7_1788701812025_20cf,DEL-BOM,EaseMyTrip,AI,AI-2985,2026-09-07,T+7,5740,1260,7000,2026-08-31T02:56:41.703Z,FALSE,"",19:30,TRUE
fare_DEL-BOM_AI_2026-09-07_T+7_1788701812025_j7de,DEL-BOM,EaseMyTrip,AI,AI-2439,2026-09-07,T+7,5740,1260,7000,2026-08-31T02:56:41.703Z,FALSE,"",23:00,TRUE
fare_DEL-BOM_6E_2026-09-07_T+7_1788701812025_ymf8,DEL-BOM,EaseMyTrip,6E,6E-346,2026-09-07,T+7,5656,1242,6898,2026-08-31T02:56:41.703Z,FALSE,"",05:00,TRUE
fare_DEL-BOM_6E_2026-09-07_T+7_1788701812025_j41r,DEL-BOM,EaseMyTrip,6E,6E-692,2026-09-07,T+7,5656,1242,6898,2026-08-31T02:56:41.703Z,FALSE,"",05:00,TRUE
fare_DEL-BOM_6E_2026-09-07_T+7_1788701812025_d6jw,DEL-BOM,EaseMyTrip,6E,6E-186,2026-09-07,T+7,5656,1242,6898,2026-08-31T02:56:41.703Z,FALSE,"",21:45,TRUE
fare_DEL-BOM_6E_2026-09-07_T+7_1788701812025_sxpo,DEL-BOM,EaseMyTrip,6E,6E-305,2026-09-07,T+7,5656,1242,6898,2026-08-31T02:56:41.703Z,FALSE,"",21:45,TRUE
fare_DEL-BOM_6E_2026-09-07_T+7_1788701812025_db3p,DEL-BOM,EaseMyTrip,6E,6E-619,2026-09-07,T+7,5656,1242,6898,2026-08-31T02:56:41.703Z,FALSE,"",20:00,TRUE
fare_DEL-BOM_6E_2026-09-07_T+7_1788701812025_p7hn,DEL-BOM,EaseMyTrip,6E,6E-485,2026-09-07,T+7,5656,1242,6898,2026-08-31T02:56:41.703Z,FALSE,"",20:00,TRUE
fare_DEL-BOM_6E_2026-09-07_T+7_1788701812025_vg0p,DEL-BOM,EaseMyTrip,6E,6E-925,2026-09-07,T+7,5656,1242,6898,2026-08-31T02:56:41.703Z,FALSE,"",20:45,TRUE
fare_DEL-BOM_6E_2026-09-07_T+7_1788701812025_wj6m,DEL-BOM,EaseMyTrip,6E,6E-271,2026-09-07,T+7,5656,1242,6898,2026-08-31T02:56:41.703Z,FALSE,"",20:45,TRUE
fare_DEL-BOM_6E_2026-09-07_T+7_1788701812025_0w2w,DEL-BOM,EaseMyTrip,6E,6E-6218,2026-09-07,T+7,5656,1242,6898,2026-08-31T02:56:41.703Z,FALSE,"",06:05,TRUE
fare_DEL-BOM_6E_2026-09-07_T+7_1788701812025_qdi0,DEL-BOM,EaseMyTrip,6E,6E-794,2026-09-07,T+7,5656,1242,6898,2026-08-31T02:56:41.703Z,FALSE,"",08:45,TRUE
fare_DEL-BOM_6E_2026-09-07_T+7_1788701812025_i6uo,DEL-BOM,EaseMyTrip,6E,6E-375,2026-09-07,T+7,5656,1242,6898,2026-08-31T02:56:41.703Z,FALSE,"",08:45,TRUE
fare_DEL-BOM_6E_2026-09-07_T+7_1788701812025_b1r6,DEL-BOM,EaseMyTrip,6E,6E-6107,2026-09-07,T+7,5656,1242,6898,2026-08-31T02:56:41.703Z,FALSE,"",09:30,TRUE
fare_DEL-BOM_AI_2026-09-07_T+7_1788701812025_euwl,DEL-BOM,EaseMyTrip,AI,AI-2951,2026-09-07,T+7,5870,1289,7159,2026-08-31T02:56:41.703Z,FALSE,"",13:30,TRUE
fare_DEL-BOM_AI_2026-09-07_T+7_1788701812025_m16a,DEL-BOM,EaseMyTrip,AI,AI-2995,2026-09-07,T+7,5870,1289,7159,2026-08-31T02:56:41.703Z,FALSE,"",10:00,TRUE
fare_DEL-BOM_6E_2026-09-07_T+7_1788701812025_1nwz,DEL-BOM,EaseMyTrip,6E,6E-2341,2026-09-07,T+7,5853,1285,7138,2026-08-31T02:56:41.703Z,FALSE,"",14:50,FALSE
fare_DEL-BOM_AI_2026-09-07_T+7_1788701812025_y6p2,DEL-BOM,EaseMyTrip,AI,AI-1745,2026-09-07,T+7,6043,1326,7369,2026-08-31T02:56:41.703Z,FALSE,"",05:00,TRUE
fare_DEL-BOM_AI_2026-09-07_T+7_1788701812025_aayg,DEL-BOM,EaseMyTrip,AI,AI-2981,2026-09-07,T+7,6043,1326,7369,2026-08-31T02:56:41.703Z,FALSE,"",21:00,TRUE
fare_DEL-BOM_AI_2026-09-07_T+7_1788701812025_i93i,DEL-BOM,EaseMyTrip,AI,AI-2805,2026-09-07,T+7,6043,1326,7369,2026-08-31T02:56:41.703Z,FALSE,"",20:00,TRUE
fare_DEL-BOM_AI_2026-09-07_T+7_1788701812025_l7bp,DEL-BOM,EaseMyTrip,AI,AI-2433,2026-09-07,T+7,6043,1326,7369,2026-08-31T02:56:41.703Z,FALSE,"",21:30,TRUE
fare_DEL-BOM_AI_2026-09-07_T+7_1788701812025_13oz,DEL-BOM,EaseMyTrip,AI,AI-2927,2026-09-07,T+7,6043,1326,7369,2026-08-31T02:56:41.703Z,FALSE,"",09:30,TRUE
fare_DEL-BOM_AI_2026-09-07_T+7_1788701812025_h2m0,DEL-BOM,EaseMyTrip,AI,AI-2957,2026-09-07,T+7,6043,1326,7369,2026-08-31T02:56:41.703Z,FALSE,"",20:30,TRUE
fare_DEL-BOM_6E_2026-09-07_T+7_1788701812025_19hu,DEL-BOM,EaseMyTrip,6E,6E-2571,2026-09-07,T+7,5935,1303,7238,2026-08-31T02:56:41.703Z,FALSE,"",12:30,FALSE
fare_DEL-BOM_6E_2026-09-07_T+7_1788701812025_co15,DEL-BOM,EaseMyTrip,6E,6E-6569,2026-09-07,T+7,6001,1317,7318,2026-08-31T02:56:41.703Z,FALSE,"",05:00,FALSE
fare_DEL-BOM_6E_2026-09-07_T+7_1788701812025_0qyw,DEL-BOM,EaseMyTrip,6E,6E-596,2026-09-07,T+7,6130,1345,7475,2026-08-31T02:56:41.703Z,FALSE,"",08:00,TRUE
fare_DEL-BOM_6E_2026-09-07_T+7_1788701812025_34re,DEL-BOM,EaseMyTrip,6E,6E-749,2026-09-07,T+7,6130,1345,7475,2026-08-31T02:56:41.703Z,FALSE,"",08:00,TRUE
fare_DEL-BOM_6E_2026-09-07_T+7_1788701812025_wfwx,DEL-BOM,EaseMyTrip,6E,6E-6814,2026-09-07,T+7,6130,1345,7475,2026-08-31T02:56:41.703Z,FALSE,"",07:15,TRUE
fare_DEL-BOM_6E_2026-09-07_T+7_1788701812025_g4p5,DEL-BOM,EaseMyTrip,6E,6E-7646,2026-09-07,T+7,6202,1362,7564,2026-08-31T02:56:41.703Z,FALSE,"",06:15,FALSE
fare_DEL-BOM_AI_2026-09-07_T+7_1788701812025_qejv,DEL-BOM,EaseMyTrip,AI,AI-2963,2026-09-07,T+7,6467,1419,7886,2026-08-31T02:56:41.703Z,FALSE,"",09:00,TRUE
fare_DEL-BOM_AI_2026-09-07_T+7_1788701812025_lbnb,DEL-BOM,EaseMyTrip,AI,AI-2975,2026-09-07,T+7,6836,1500,8336,2026-08-31T02:56:41.703Z,FALSE,"",06:30,TRUE
fare_DEL-BOM_AI_2026-09-07_T+7_1788701812025_p6co,DEL-BOM,EaseMyTrip,AI,AI-2943,2026-09-07,T+7,7010,1539,8549,2026-08-31T02:56:41.703Z,FALSE,"",07:30,TRUE
fare_DEL-BOM_6E_2026-09-07_T+7_1788701812025_x56q,DEL-BOM,EaseMyTrip,6E,6E-2383,2026-09-07,T+7,6892,1513,8405,2026-08-31T02:56:41.703Z,FALSE,"",05:40,FALSE
fare_DEL-BOM_AI_2026-09-07_T+7_1788701812025_gyoc,DEL-BOM,EaseMyTrip,AI,AI-2678,2026-09-07,T+7,7068,1552,8620,2026-08-31T02:56:41.703Z,FALSE,"",08:30,TRUE
fare_DEL-BOM_IX_2026-09-07_T+7_1788701812025_0fk2,DEL-BOM,EaseMyTrip,IX,IX-1108,2026-09-07,T+7,7486,1643,9129,2026-08-31T02:56:41.703Z,FALSE,"",05:00,FALSE
fare_DEL-BOM_SG_2026-09-07_T+7_1788701812025_cwii,DEL-BOM,EaseMyTrip,SG,SG-860,2026-09-07,T+7,7164,1572,8736,2026-08-31T02:56:41.703Z,FALSE,"",19:55,TRUE
fare_DEL-BOM_SG_2026-09-07_T+7_1788701812025_ht2p,DEL-BOM,EaseMyTrip,SG,SG-291,2026-09-07,T+7,7164,1572,8736,2026-08-31T02:56:41.703Z,FALSE,"",19:55,TRUE
fare_DEL-BOM_SG_2026-09-07_T+7_1788701812025_v34r,DEL-BOM,EaseMyTrip,SG,SG-990,2026-09-07,T+7,7256,1593,8849,2026-08-31T02:56:41.703Z,FALSE,"",22:30,TRUE
fare_DEL-BOM_SG_2026-09-07_T+7_1788701812025_x7ax,DEL-BOM,EaseMyTrip,SG,SG-896,2026-09-07,T+7,7256,1593,8849,2026-08-31T02:56:41.703Z,FALSE,"",22:30,TRUE
fare_DEL-BOM_6E_2026-09-07_T+7_1788701812025_w25n,DEL-BOM,EaseMyTrip,6E,6E-5073,2026-09-07,T+7,7527,1652,9179,2026-08-31T02:56:41.703Z,FALSE,"",17:05,FALSE
fare_DEL-BOM_6E_2026-09-07_T+7_1788701812025_68ql,DEL-BOM,EaseMyTrip,6E,6E-2381,2026-09-07,T+7,7747,1700,9447,2026-08-31T02:56:41.703Z,FALSE,"",13:45,FALSE
fare_DEL-BOM_6E_2026-09-07_T+7_1788701812025_97oo,DEL-BOM,EaseMyTrip,6E,6E-7642,2026-09-07,T+7,7816,1716,9532,2026-08-31T02:56:41.703Z,FALSE,"",15:45,FALSE
fare_DEL-BOM_AI_2026-09-07_T+7_1788701812025_52ul,DEL-BOM,EaseMyTrip,AI,AI-2429,2026-09-07,T+7,8008,1758,9766,2026-08-31T02:56:41.703Z,FALSE,"",07:00,TRUE
fare_DEL-BOM_IX_2026-09-07_T+7_1788701812025_5oj2,DEL-BOM,EaseMyTrip,IX,IX-1165,2026-09-07,T+7,8243,1809,10052,2026-08-31T02:56:41.703Z,FALSE,"",05:45,FALSE
fare_DEL-BOM_6E_2026-09-07_T+7_1788701812025_exii,DEL-BOM,EaseMyTrip,6E,6E-2331,2026-09-07,T+7,8048,1767,9815,2026-08-31T02:56:41.703Z,FALSE,"",12:20,FALSE
fare_DEL-BOM_6E_2026-09-07_T+7_1788701812025_makq,DEL-BOM,EaseMyTrip,6E,6E-680,2026-09-07,T+7,8048,1767,9815,2026-08-31T02:56:41.703Z,FALSE,"",10:00,FALSE
fare_DEL-BOM_6E_2026-09-07_T+7_1788701812025_2gfe,DEL-BOM,EaseMyTrip,6E,6E-501,2026-09-07,T+7,8048,1767,9815,2026-08-31T02:56:41.703Z,FALSE,"",10:00,FALSE
fare_DEL-BOM_AI_2026-09-07_T+7_1788701812025_6jkh,DEL-BOM,EaseMyTrip,AI,AI-1780,2026-09-07,T+7,8518,1870,10388,2026-08-31T02:56:41.703Z,FALSE,"",16:10,TRUE
fare_DEL-BOM_AI_2026-09-07_T+7_1788701812025_9lfs,DEL-BOM,EaseMyTrip,AI,AI-2509,2026-09-07,T+7,8817,1935,10752,2026-08-31T02:56:41.703Z,FALSE,"",06:55,FALSE
fare_DEL-BOM_AI_2026-09-07_T+7_1788701812025_9qq0,DEL-BOM,EaseMyTrip,AI,AI-1705,2026-09-07,T+7,8895,1952,10847,2026-08-31T02:56:41.703Z,FALSE,"",06:30,FALSE
fare_DEL-BOM_IX_2026-09-07_T+7_1788701812025_m84q,DEL-BOM,EaseMyTrip,IX,IX-1049,2026-09-07,T+7,9069,1991,11060,2026-08-31T02:56:41.703Z,FALSE,"",18:40,FALSE
fare_DEL-BOM_6E_2026-09-07_T+7_1788701812025_ggzn,DEL-BOM,EaseMyTrip,6E,6E-5119,2026-09-07,T+7,8867,1946,10813,2026-08-31T02:56:41.703Z,FALSE,"",05:10,FALSE
fare_DEL-BOM_AI_2026-09-07_T+7_1788701812025_x43k,DEL-BOM,EaseMyTrip,AI,AI-2499,2026-09-07,T+7,9122,2002,11124,2026-08-31T02:56:41.703Z,FALSE,"",05:55,FALSE
fare_DEL-BOM_6E_2026-09-07_T+7_1788701812025_2qy1,DEL-BOM,EaseMyTrip,6E,6E-6601,2026-09-07,T+7,9173,2014,11187,2026-08-31T02:56:41.703Z,FALSE,"",19:45,FALSE
fare_DEL-BOM_AI_2026-09-07_T+7_1788701812025_iajb,DEL-BOM,EaseMyTrip,AI,AI-9757,2026-09-07,T+7,9551,2097,11648,2026-08-31T02:56:41.703Z,FALSE,"",11:50,FALSE
fare_DEL-BOM_AI_2026-09-07_T+7_1788701812025_ke20,DEL-BOM,EaseMyTrip,AI,AI-9759,2026-09-07,T+7,9551,2097,11648,2026-08-31T02:56:41.703Z,FALSE,"",05:45,FALSE
fare_DEL-BOM_6E_2026-09-07_T+7_1788701812025_ilbu,DEL-BOM,EaseMyTrip,6E,6E-6983,2026-09-07,T+7,9558,2098,11656,2026-08-31T02:56:41.703Z,FALSE,"",15:35,FALSE
fare_DEL-BOM_QP_2026-09-07_T+7_1788701812025_imv5,DEL-BOM,EaseMyTrip,QP,QP-1812,2026-09-07,T+7,9947,2184,12131,2026-08-31T02:56:41.703Z,FALSE,"",22:55,FALSE
fare_DEL-BOM_AI_2026-09-07_T+7_1788701812025_weh1,DEL-BOM,EaseMyTrip,AI,AI-9674,2026-09-07,T+7,10452,2294,12746,2026-08-31T02:56:41.703Z,FALSE,"",16:40,FALSE
fare_DEL-BOM_6E_2026-09-07_T+7_1788701812025_o3gj,DEL-BOM,EaseMyTrip,6E,6E-6293,2026-09-07,T+7,10357,2274,12631,2026-08-31T02:56:41.703Z,FALSE,"",09:55,FALSE
fare_DEL-BOM_IX_2026-09-07_T+7_1788701812025_o4mz,DEL-BOM,EaseMyTrip,IX,IX-1051,2026-09-07,T+7,11184,2455,13639,2026-08-31T02:56:41.703Z,FALSE,"",19:05,FALSE
fare_DEL-BOM_IX_2026-09-07_T+7_1788701812025_q3py,DEL-BOM,EaseMyTrip,IX,IX-1068,2026-09-07,T+7,11281,2476,13757,2026-08-31T02:56:41.703Z,FALSE,"",11:55,FALSE
fare_DEL-BOM_AI_2026-09-07_T+7_1788701812025_1gm6,DEL-BOM,EaseMyTrip,AI,AI-2715,2026-09-07,T+7,11186,2455,13641,2026-08-31T02:56:41.703Z,FALSE,"",11:40,FALSE
fare_DEL-BOM_AI_2026-09-07_T+7_1788701812025_seoi,DEL-BOM,EaseMyTrip,AI,AI-809,2026-09-07,T+7,11273,2475,13748,2026-08-31T02:56:41.703Z,FALSE,"",17:40,FALSE
fare_DEL-BOM_6E_2026-09-07_T+7_1788701812025_vxsj,DEL-BOM,EaseMyTrip,6E,6E-943,2026-09-07,T+7,11339,2489,13828,2026-08-31T02:56:41.703Z,FALSE,"",02:25,FALSE
fare_DEL-BOM_6E_2026-09-07_T+7_1788701812025_4qtm,DEL-BOM,EaseMyTrip,6E,6E-511,2026-09-07,T+7,11339,2489,13828,2026-08-31T02:56:41.703Z,FALSE,"",02:25,FALSE
fare_DEL-BOM_6E_2026-09-07_T+7_1788701812025_zg6j,DEL-BOM,EaseMyTrip,6E,6E-566,2026-09-07,T+7,11605,2548,14153,2026-08-31T02:56:41.703Z,FALSE,"",08:30,FALSE
fare_DEL-BOM_6E_2026-09-07_T+7_1788701812025_g704,DEL-BOM,EaseMyTrip,6E,6E-411,2026-09-07,T+7,11605,2548,14153,2026-08-31T02:56:41.703Z,FALSE,"",08:30,FALSE
fare_DEL-BOM_AI_2026-09-07_T+7_1788701812025_51v4,DEL-BOM,EaseMyTrip,AI,AI-2761,2026-09-07,T+7,12103,2657,14760,2026-08-31T02:56:41.703Z,TRUE,"High outlier: ₹14760 > upper fence ₹14743 (Q3: ₹9815, IQR: ₹3285)",16:25,FALSE
fare_DEL-BOM_IX_2026-09-07_T+7_1788701812025_8qh0,DEL-BOM,EaseMyTrip,IX,IX-1003,2026-09-07,T+7,12929,2838,15767,2026-08-31T02:56:41.703Z,TRUE,"High outlier: ₹15767 > upper fence ₹14743 (Q3: ₹9815, IQR: ₹3285)",19:10,FALSE
fare_DEL-BOM_AI_2026-09-07_T+7_1788701812025_jsvt,DEL-BOM,EaseMyTrip,AI,AI-1743,2026-09-07,T+7,13065,2868,15933,2026-08-31T02:56:41.703Z,TRUE,"High outlier: ₹15933 > upper fence ₹14743 (Q3: ₹9815, IQR: ₹3285)",06:20,FALSE
fare_DEL-BOM_AI_2026-09-07_T+7_1788701812025_kzaq,DEL-BOM,EaseMyTrip,AI,AI-2601,2026-09-07,T+7,13065,2868,15933,2026-08-31T02:56:41.703Z,TRUE,"High outlier: ₹15933 > upper fence ₹14743 (Q3: ₹9815, IQR: ₹3285)",17:00,FALSE
fare_DEL-BOM_QP_2026-09-07_T+7_1788701812025_r81p,DEL-BOM,EaseMyTrip,QP,QP-1822,2026-09-07,T+7,12935,2839,15774,2026-08-31T02:56:41.703Z,TRUE,"High outlier: ₹15774 > upper fence ₹14743 (Q3: ₹9815, IQR: ₹3285)",16:40,FALSE
fare_DEL-BOM_AI_2026-09-07_T+7_1788701812025_930w,DEL-BOM,EaseMyTrip,AI,AI-9584,2026-09-07,T+7,13382,2937,16319,2026-08-31T02:56:41.703Z,TRUE,"High outlier: ₹16319 > upper fence ₹14743 (Q3: ₹9815, IQR: ₹3285)",11:15,FALSE
fare_DEL-BOM_AI_2026-09-07_T+7_1788701812025_uvco,DEL-BOM,EaseMyTrip,AI,AI-2907,2026-09-07,T+7,14197,3117,17314,2026-08-31T02:56:41.703Z,TRUE,"High outlier: ₹17314 > upper fence ₹14743 (Q3: ₹9815, IQR: ₹3285)",11:55,FALSE
fare_DEL-BOM_AI_2026-09-07_T+7_1788701812025_ah3c,DEL-BOM,EaseMyTrip,AI,AI-491,2026-09-07,T+7,14497,3182,17679,2026-08-31T02:56:41.703Z,TRUE,"High outlier: ₹17679 > upper fence ₹14743 (Q3: ₹9815, IQR: ₹3285)",11:15,FALSE
fare_DEL-BOM_AI_2026-09-07_T+7_1788701812025_cko8,DEL-BOM,EaseMyTrip,AI,AI-1773,2026-09-07,T+7,14497,3182,17679,2026-08-31T02:56:41.703Z,TRUE,"High outlier: ₹17679 > upper fence ₹14743 (Q3: ₹9815, IQR: ₹3285)",10:30,FALSE
fare_DEL-BOM_AI_2026-09-07_T+7_1788701812025_zaqf,DEL-BOM,EaseMyTrip,AI,AI-2577,2026-09-07,T+7,14577,3200,17777,2026-08-31T02:56:41.703Z,TRUE,"High outlier: ₹17777 > upper fence ₹14743 (Q3: ₹9815, IQR: ₹3285)",02:00,FALSE
fare_DEL-BOM_AI_2026-09-07_T+7_1788701812025_1n71,DEL-BOM,EaseMyTrip,AI,AI-2465,2026-09-07,T+7,14880,3266,18146,2026-08-31T02:56:41.703Z,TRUE,"High outlier: ₹18146 > upper fence ₹14743 (Q3: ₹9815, IQR: ₹3285)",14:30,FALSE
fare_DEL-BOM_AI_2026-09-07_T+7_1788701812025_imbp,DEL-BOM,EaseMyTrip,AI,AI-1779,2026-09-07,T+7,17073,3748,20821,2026-08-31T02:56:41.703Z,TRUE,"High outlier: ₹20821 > upper fence ₹14743 (Q3: ₹9815, IQR: ₹3285)",13:50,FALSE
fare_DEL-BOM_AI_2026-09-07_T+7_1788701812025_489s,DEL-BOM,EaseMyTrip,AI,AI-1739,2026-09-07,T+7,17347,3808,21155,2026-08-31T02:56:41.703Z,TRUE,"High outlier: ₹21155 > upper fence ₹14743 (Q3: ₹9815, IQR: ₹3285)",11:30,FALSE
fare_DEL-BOM_AI_2026-09-07_T+7_1788701812025_70ck,DEL-BOM,EaseMyTrip,AI,AI-2627,2026-09-07,T+7,35828,7865,43693,2026-08-31T02:56:41.703Z,TRUE,"High outlier: ₹43693 > upper fence ₹14743 (Q3: ₹9815, IQR: ₹3285)",10:45,FALSE
fare_DEL-BOM_AI_2026-09-07_T+7_1788701812025_8pqo,DEL-BOM,EaseMyTrip,AI,AI-427,2026-09-07,T+7,35845,7869,43714,2026-08-31T02:56:41.703Z,TRUE,"High outlier: ₹43714 > upper fence ₹14743 (Q3: ₹9815, IQR: ₹3285)",08:30,FALSE
fare_DEL-BOM_SG_2026-09-07_T+7_1788701812025_b0jd,DEL-BOM,EaseMyTrip,SG,SG-507,2026-09-07,T+7,5287,1160,6447,2026-08-31T22:59:08.810Z,FALSE,"",22:30,TRUE
fare_DEL-BOM_SG_2026-09-07_T+7_1788701812025_fse9,DEL-BOM,EaseMyTrip,SG,SG-909,2026-09-07,T+7,5287,1160,6447,2026-08-31T22:59:08.810Z,FALSE,"",22:30,TRUE
fare_DEL-BOM_6E_2026-09-07_T+7_1788701812025_llv6,DEL-BOM,EaseMyTrip,6E,6E-774,2026-09-07,T+7,5067,1112,6179,2026-08-31T22:59:08.810Z,FALSE,"",19:35,FALSE
fare_DEL-BOM_6E_2026-09-07_T+7_1788701812025_zp2w,DEL-BOM,EaseMyTrip,6E,6E-534,2026-09-07,T+7,5067,1112,6179,2026-08-31T22:59:08.810Z,FALSE,"",19:35,FALSE
fare_DEL-BOM_SG_2026-09-07_T+7_1788701812025_zssk,DEL-BOM,EaseMyTrip,SG,SG-265,2026-09-07,T+7,5438,1194,6632,2026-08-31T22:59:08.810Z,FALSE,"",19:55,TRUE
fare_DEL-BOM_SG_2026-09-07_T+7_1788701812025_6n7s,DEL-BOM,EaseMyTrip,SG,SG-758,2026-09-07,T+7,5438,1194,6632,2026-08-31T22:59:08.810Z,FALSE,"",19:55,TRUE
fare_DEL-BOM_6E_2026-09-07_T+7_1788701812025_qpnb,DEL-BOM,EaseMyTrip,6E,6E-508,2026-09-07,T+7,5346,1174,6520,2026-08-31T22:59:08.810Z,FALSE,"",23:15,FALSE
fare_DEL-BOM_6E_2026-09-07_T+7_1788701812025_sc61,DEL-BOM,EaseMyTrip,6E,6E-854,2026-09-07,T+7,5346,1174,6520,2026-08-31T22:59:08.810Z,FALSE,"",23:15,FALSE
fare_DEL-BOM_6E_2026-09-07_T+7_1788701812025_rknx,DEL-BOM,EaseMyTrip,6E,6E-219,2026-09-07,T+7,5354,1175,6529,2026-08-31T22:59:08.810Z,FALSE,"",20:20,TRUE
fare_DEL-BOM_6E_2026-09-07_T+7_1788701812025_7vzm,DEL-BOM,EaseMyTrip,6E,6E-580,2026-09-07,T+7,5354,1175,6529,2026-08-31T22:59:08.810Z,FALSE,"",20:20,TRUE
fare_DEL-BOM_6E_2026-09-07_T+7_1788701812025_570u,DEL-BOM,EaseMyTrip,6E,6E-132,2026-09-07,T+7,5355,1175,6530,2026-08-31T22:59:08.810Z,FALSE,"",23:30,TRUE
fare_DEL-BOM_6E_2026-09-07_T+7_1788701812025_ag7q,DEL-BOM,EaseMyTrip,6E,6E-246,2026-09-07,T+7,5355,1175,6530,2026-08-31T22:59:08.810Z,FALSE,"",23:30,TRUE
fare_DEL-BOM_6E_2026-09-07_T+7_1788701812025_lr1c,DEL-BOM,EaseMyTrip,6E,6E-773,2026-09-07,T+7,5355,1175,6530,2026-08-31T22:59:08.810Z,FALSE,"",19:00,TRUE
fare_DEL-BOM_6E_2026-09-07_T+7_1788701812025_nxzj,DEL-BOM,EaseMyTrip,6E,6E-569,2026-09-07,T+7,5355,1175,6530,2026-08-31T22:59:08.810Z,FALSE,"",19:00,TRUE
fare_DEL-BOM_6E_2026-09-07_T+7_1788701812025_jkll,DEL-BOM,EaseMyTrip,6E,6E-816,2026-09-07,T+7,5355,1175,6530,2026-08-31T22:59:08.810Z,FALSE,"",18:00,TRUE
fare_DEL-BOM_6E_2026-09-07_T+7_1788701812025_3wcd,DEL-BOM,EaseMyTrip,6E,6E-780,2026-09-07,T+7,5355,1175,6530,2026-08-31T22:59:08.810Z,FALSE,"",18:00,TRUE
fare_DEL-BOM_6E_2026-09-07_T+7_1788701812025_jf7x,DEL-BOM,EaseMyTrip,6E,6E-301,2026-09-07,T+7,5355,1175,6530,2026-08-31T22:59:08.810Z,FALSE,"",16:15,TRUE
fare_DEL-BOM_6E_2026-09-07_T+7_1788701812025_w9q9,DEL-BOM,EaseMyTrip,6E,6E-245,2026-09-07,T+7,5355,1175,6530,2026-08-31T22:59:08.810Z,FALSE,"",16:15,TRUE
fare_DEL-BOM_6E_2026-09-07_T+7_1788701812025_3fnb,DEL-BOM,EaseMyTrip,6E,6E-820,2026-09-07,T+7,5355,1175,6530,2026-08-31T22:59:08.810Z,FALSE,"",15:30,TRUE
fare_DEL-BOM_6E_2026-09-07_T+7_1788701812025_xf6q,DEL-BOM,EaseMyTrip,6E,6E-415,2026-09-07,T+7,5355,1175,6530,2026-08-31T22:59:08.810Z,FALSE,"",15:30,TRUE
fare_DEL-BOM_6E_2026-09-07_T+7_1788701812025_nmnl,DEL-BOM,EaseMyTrip,6E,6E-898,2026-09-07,T+7,5355,1175,6530,2026-08-31T22:59:08.810Z,FALSE,"",13:00,TRUE
fare_DEL-BOM_6E_2026-09-07_T+7_1788701812025_uyq3,DEL-BOM,EaseMyTrip,6E,6E-737,2026-09-07,T+7,5355,1175,6530,2026-08-31T22:59:08.810Z,FALSE,"",13:00,TRUE
fare_DEL-BOM_6E_2026-09-07_T+7_1788701812025_fqy8,DEL-BOM,EaseMyTrip,6E,6E-189,2026-09-07,T+7,5411,1188,6599,2026-08-31T22:59:08.810Z,FALSE,"",19:30,FALSE
fare_DEL-BOM_6E_2026-09-07_T+7_1788701812025_xwu9,DEL-BOM,EaseMyTrip,6E,6E-903,2026-09-07,T+7,5411,1188,6599,2026-08-31T22:59:08.810Z,FALSE,"",12:15,FALSE
fare_DEL-BOM_6E_2026-09-07_T+7_1788701812025_ls0h,DEL-BOM,EaseMyTrip,6E,6E-745,2026-09-07,T+7,5411,1188,6599,2026-08-31T22:59:08.810Z,FALSE,"",12:15,FALSE
fare_DEL-BOM_6E_2026-09-07_T+7_1788701812025_qlkb,DEL-BOM,EaseMyTrip,6E,6E-782,2026-09-07,T+7,5656,1242,6898,2026-08-31T22:59:08.810Z,FALSE,"",05:00,TRUE
fare_DEL-BOM_6E_2026-09-07_T+7_1788701812025_922h,DEL-BOM,EaseMyTrip,6E,6E-942,2026-09-07,T+7,5656,1242,6898,2026-08-31T22:59:08.810Z,FALSE,"",05:00,TRUE
fare_DEL-BOM_6E_2026-09-07_T+7_1788701812025_xut5,DEL-BOM,EaseMyTrip,6E,6E-555,2026-09-07,T+7,5656,1242,6898,2026-08-31T22:59:08.810Z,FALSE,"",21:45,TRUE
fare_DEL-BOM_6E_2026-09-07_T+7_1788701812025_62ax,DEL-BOM,EaseMyTrip,6E,6E-456,2026-09-07,T+7,5656,1242,6898,2026-08-31T22:59:08.810Z,FALSE,"",21:45,TRUE
fare_DEL-BOM_6E_2026-09-07_T+7_1788701812025_7pqa,DEL-BOM,EaseMyTrip,6E,6E-978,2026-09-07,T+7,5656,1242,6898,2026-08-31T22:59:08.810Z,FALSE,"",20:00,TRUE
fare_DEL-BOM_6E_2026-09-07_T+7_1788701812025_up1x,DEL-BOM,EaseMyTrip,6E,6E-937,2026-09-07,T+7,5656,1242,6898,2026-08-31T22:59:08.810Z,FALSE,"",20:00,TRUE
fare_DEL-BOM_6E_2026-09-07_T+7_1788701812025_3ip9,DEL-BOM,EaseMyTrip,6E,6E-861,2026-09-07,T+7,5656,1242,6898,2026-08-31T22:59:08.810Z,FALSE,"",20:45,TRUE
fare_DEL-BOM_6E_2026-09-07_T+7_1788701812025_9b27,DEL-BOM,EaseMyTrip,6E,6E-285,2026-09-07,T+7,5656,1242,6898,2026-08-31T22:59:08.810Z,FALSE,"",20:45,TRUE
fare_DEL-BOM_6E_2026-09-07_T+7_1788701812025_3jbx,DEL-BOM,EaseMyTrip,6E,6E-173,2026-09-07,T+7,5656,1242,6898,2026-08-31T22:59:08.810Z,FALSE,"",08:45,TRUE
fare_DEL-BOM_6E_2026-09-07_T+7_1788701812025_2auz,DEL-BOM,EaseMyTrip,6E,6E-499,2026-09-07,T+7,5656,1242,6898,2026-08-31T22:59:08.810Z,FALSE,"",08:45,TRUE
fare_DEL-BOM_6E_2026-09-07_T+7_1788701812025_s2g1,DEL-BOM,EaseMyTrip,6E,6E-769,2026-09-07,T+7,5853,1285,7138,2026-08-31T22:59:08.810Z,FALSE,"",10:00,FALSE
fare_DEL-BOM_6E_2026-09-07_T+7_1788701812025_ru86,DEL-BOM,EaseMyTrip,6E,6E-788,2026-09-07,T+7,5853,1285,7138,2026-08-31T22:59:08.810Z,FALSE,"",10:00,FALSE
fare_DEL-BOM_6E_2026-09-07_T+7_1788701812025_3viv,DEL-BOM,EaseMyTrip,6E,6E-359,2026-09-07,T+7,6388,1402,7790,2026-08-31T22:59:08.810Z,FALSE,"",08:00,TRUE
fare_DEL-BOM_6E_2026-09-07_T+7_1788701812025_ewyq,DEL-BOM,EaseMyTrip,6E,6E-256,2026-09-07,T+7,6388,1402,7790,2026-08-31T22:59:08.810Z,FALSE,"",08:00,TRUE
fare_DEL-BOM_AI_2026-09-07_T+7_1788701812025_4uew,DEL-BOM,EaseMyTrip,AI,AI-2569,2026-09-07,T+7,8735,1917,10652,2026-08-31T22:59:08.810Z,FALSE,"",20:25,FALSE
fare_DEL-BOM_AI_2026-09-07_T+7_1788701812025_l85g,DEL-BOM,EaseMyTrip,AI,AI-1710,2026-09-07,T+7,8735,1917,10652,2026-08-31T22:59:08.810Z,FALSE,"",18:35,FALSE
fare_DEL-BOM_AI_2026-09-07_T+7_1788701812025_zuyb,DEL-BOM,EaseMyTrip,AI,AI-1717,2026-09-07,T+7,9405,2064,11469,2026-08-31T22:59:08.810Z,FALSE,"",14:20,FALSE
fare_DEL-BOM_AI_2026-09-07_T+7_1788701812025_r5pe,DEL-BOM,EaseMyTrip,AI,AI-9447,2026-09-07,T+7,9509,2087,11596,2026-08-31T22:59:08.810Z,FALSE,"",23:25,FALSE
fare_DEL-BOM_AI_2026-09-07_T+7_1788701812025_vkw8,DEL-BOM,EaseMyTrip,AI,AI-2909,2026-09-07,T+7,11186,2455,13641,2026-08-31T22:59:08.810Z,FALSE,"",22:30,FALSE
fare_DEL-BOM_AI_2026-09-07_T+7_1788701812025_bh27,DEL-BOM,EaseMyTrip,AI,AI-2545,2026-09-07,T+7,11186,2455,13641,2026-08-31T22:59:08.810Z,FALSE,"",20:30,FALSE
fare_DEL-BOM_AI_2026-09-07_T+7_1788701812025_nxlr,DEL-BOM,EaseMyTrip,AI,AI-531,2026-09-07,T+7,11186,2455,13641,2026-08-31T22:59:08.810Z,FALSE,"",19:20,FALSE
fare_DEL-BOM_AI_2026-09-07_T+7_1788701812025_2gz5,DEL-BOM,EaseMyTrip,AI,AI-2939,2026-09-07,T+7,11186,2455,13641,2026-08-31T22:59:08.810Z,FALSE,"",16:40,FALSE
fare_DEL-BOM_6E_2026-09-07_T+7_1788701812025_g9mz,DEL-BOM,EaseMyTrip,6E,6E-646,2026-09-07,T+7,11733,2576,14309,2026-08-31T22:59:08.810Z,FALSE,"",02:25,FALSE
fare_DEL-BOM_6E_2026-09-07_T+7_1788701812025_3gf4,DEL-BOM,EaseMyTrip,6E,6E-101,2026-09-07,T+7,11733,2576,14309,2026-08-31T22:59:08.810Z,FALSE,"",02:25,FALSE
fare_DEL-BOM_AI_2026-09-07_T+7_1788701812025_ddb8,DEL-BOM,EaseMyTrip,AI,AI-1757,2026-09-07,T+7,13927,3057,16984,2026-08-31T22:59:08.810Z,TRUE,"High outlier: ₹16984 > upper fence ₹14743 (Q3: ₹9815, IQR: ₹3285)",15:40,FALSE
fare_DEL-BOM_6E_2026-09-07_T+7_1788701812025_bo9d,DEL-BOM,EaseMyTrip,6E,6E-896,2026-09-07,T+7,17281,3793,21074,2026-08-31T22:59:08.810Z,TRUE,"High outlier: ₹21074 > upper fence ₹14743 (Q3: ₹9815, IQR: ₹3285)",08:30,FALSE
fare_DEL-BOM_6E_2026-09-07_T+7_1788701812025_xwk6,DEL-BOM,EaseMyTrip,6E,6E-459,2026-09-07,T+7,17281,3793,21074,2026-08-31T22:59:08.810Z,TRUE,"High outlier: ₹21074 > upper fence ₹14743 (Q3: ₹9815, IQR: ₹3285)",08:30,FALSE