id,route_id,source,carrier,flight_number,flight_date,booking_window,base_fare,taxes,total_fare,scraped_at,is_outlier,outlier_reason,departure_time,is_nonstop
fare_BLR-BOM_6E_2026-09-09_T+1_1788903777286_ioji,BLR-BOM,EaseMyTrip,6E,6E-303,2026-09-09,T+1,7632,1675,9307,2026-09-08T21:22:52.623Z,FALSE,"",17:55,FALSE
fare_BLR-BOM_6E_2026-09-09_T+1_1788903777286_fs80,BLR-BOM,EaseMyTrip,6E,6E-207,2026-09-09,T+1,7632,1675,9307,2026-09-08T21:22:52.623Z,FALSE,"",17:55,FALSE
fare_BLR-BOM_6E_2026-09-09_T+1_1788903777286_ub7h,BLR-BOM,EaseMyTrip,6E,6E-6168,2026-09-09,T+1,7639,1677,9316,2026-09-08T21:22:52.623Z,FALSE,"",17:40,FALSE
fare_BLR-BOM_IX_2026-09-09_T+1_1788903777286_3gsi,BLR-BOM,EaseMyTrip,IX,IX-1581,2026-09-09,T+1,9539,2094,11633,2026-09-08T21:22:52.623Z,FALSE,"",18:40,TRUE
fare_BLR-BOM_6E_2026-09-09_T+1_1788903777286_d6h2,BLR-BOM,EaseMyTrip,6E,6E-7162,2026-09-09,T+1,7847,1723,9570,2026-09-08T21:22:52.623Z,FALSE,"",15:20,FALSE
fare_BLR-BOM_6E_2026-09-09_T+1_1788903777286_8sc5,BLR-BOM,EaseMyTrip,6E,6E-664,2026-09-09,T+1,7956,1746,9702,2026-09-08T21:22:52.623Z,FALSE,"",17:00,FALSE
fare_BLR-BOM_6E_2026-09-09_T+1_1788903777286_qkvb,BLR-BOM,EaseMyTrip,6E,6E-869,2026-09-09,T+1,7956,1746,9702,2026-09-08T21:22:52.623Z,FALSE,"",17:00,FALSE
fare_BLR-BOM_6E_2026-09-09_T+1_1788903777286_0dj7,BLR-BOM,EaseMyTrip,6E,6E-6554,2026-09-09,T+1,8539,1874,10413,2026-09-08T21:22:52.623Z,FALSE,"",19:15,FALSE
fare_BLR-BOM_6E_2026-09-09_T+1_1788903777286_g0tl,BLR-BOM,EaseMyTrip,6E,6E-6753,2026-09-09,T+1,8539,1874,10413,2026-09-08T21:22:52.623Z,FALSE,"",15:15,FALSE
fare_BLR-BOM_QP_2026-09-09_T+1_1788903777286_hd4f,BLR-BOM,EaseMyTrip,QP,QP-1134,2026-09-09,T+1,8612,1891,10503,2026-09-08T21:22:52.623Z,FALSE,"",22:55,TRUE
fare_BLR-BOM_AI_2026-09-09_T+1_1788903777286_m3up,BLR-BOM,EaseMyTrip,AI,AI-2642,2026-09-09,T+1,9039,1984,11023,2026-09-08T21:22:52.623Z,FALSE,"",21:30,TRUE
fare_BLR-BOM_IX_2026-09-09_T+1_1788903777286_lnih,BLR-BOM,EaseMyTrip,IX,IX-2924,2026-09-09,T+1,9445,2073,11518,2026-09-08T21:22:52.623Z,FALSE,"",08:30,FALSE
fare_BLR-BOM_6E_2026-09-09_T+1_1788903777286_5zo2,BLR-BOM,EaseMyTrip,6E,6E-6653,2026-09-09,T+1,9063,1990,11053,2026-09-08T21:22:52.623Z,FALSE,"",12:35,FALSE
fare_BLR-BOM_6E_2026-09-09_T+1_1788903777286_da84,BLR-BOM,EaseMyTrip,6E,6E-6162,2026-09-09,T+1,9350,2053,11403,2026-09-08T21:22:52.623Z,FALSE,"",18:50,FALSE
fare_BLR-BOM_AI_2026-09-09_T+1_1788903777286_lgxn,BLR-BOM,EaseMyTrip,AI,AI-9524,2026-09-09,T+1,10420,2287,12707,2026-09-08T21:22:52.623Z,FALSE,"",17:00,FALSE
fare_BLR-BOM_6E_2026-09-09_T+1_1788903777286_vcbr,BLR-BOM,EaseMyTrip,6E,6E-7445,2026-09-09,T+1,10601,2327,12928,2026-09-08T21:22:52.623Z,FALSE,"",15:20,FALSE
fare_BLR-BOM_AI_2026-09-09_T+1_1788903777286_lr8t,BLR-BOM,EaseMyTrip,AI,AI-2811,2026-09-09,T+1,10808,2372,13180,2026-09-08T21:22:52.623Z,FALSE,"",23:40,TRUE
fare_BLR-BOM_AI_2026-09-09_T+1_1788903777286_dmt1,BLR-BOM,EaseMyTrip,AI,AI-9605,2026-09-09,T+1,11086,2434,13520,2026-09-08T21:22:52.623Z,FALSE,"",14:25,FALSE
fare_BLR-BOM_AI_2026-09-09_T+1_1788903777286_iyf2,BLR-BOM,EaseMyTrip,AI,AI-2840,2026-09-09,T+1,11982,2630,14612,2026-09-08T21:22:52.623Z,FALSE,"",22:30,TRUE
fare_BLR-BOM_IX_2026-09-09_T+1_1788903777286_75zk,BLR-BOM,EaseMyTrip,IX,IX-2678,2026-09-09,T+1,12473,2738,15211,2026-09-08T21:22:52.623Z,FALSE,"",05:30,FALSE
fare_BLR-BOM_AI_2026-09-09_T+1_1788903777286_6w0s,BLR-BOM,EaseMyTrip,AI,AI-9547,2026-09-09,T+1,12474,2738,15212,2026-09-08T21:22:52.623Z,FALSE,"",19:05,FALSE
fare_BLR-BOM_AI_2026-09-09_T+1_1788903777286_2v6u,BLR-BOM,EaseMyTrip,AI,AI-9475,2026-09-09,T+1,12474,2738,15212,2026-09-08T21:22:52.623Z,FALSE,"",11:45,FALSE
fare_BLR-BOM_6E_2026-09-09_T+1_1788903777286_af23,BLR-BOM,EaseMyTrip,6E,6E-6784,2026-09-09,T+1,13071,2869,15940,2026-09-08T21:22:52.623Z,FALSE,"",21:30,FALSE
fare_BLR-BOM_IX_2026-09-09_T+1_1788903777286_uzgf,BLR-BOM,EaseMyTrip,IX,IX-2608,2026-09-09,T+1,13664,2999,16663,2026-09-08T21:22:52.623Z,FALSE,"",16:15,FALSE
fare_BLR-BOM_IX_2026-09-09_T+1_1788903777286_3gxm,BLR-BOM,EaseMyTrip,IX,IX-1893,2026-09-09,T+1,14050,3084,17134,2026-09-08T21:22:52.623Z,FALSE,"",08:40,FALSE
fare_BLR-BOM_6E_2026-09-09_T+1_1788903777286_si4j,BLR-BOM,EaseMyTrip,6E,6E-6562,2026-09-09,T+1,13866,3044,16910,2026-09-08T21:22:52.623Z,FALSE,"",21:50,FALSE
fare_BLR-BOM_IX_2026-09-09_T+1_1788903777286_nl08,BLR-BOM,EaseMyTrip,IX,IX-2116,2026-09-09,T+1,14480,3178,17658,2026-09-08T21:22:52.623Z,FALSE,"",21:00,FALSE
fare_BLR-BOM_6E_2026-09-09_T+1_1788903777286_9f9j,BLR-BOM,EaseMyTrip,6E,6E-6542,2026-09-09,T+1,14198,3117,17315,2026-09-08T21:22:52.623Z,FALSE,"",13:10,FALSE
fare_BLR-BOM_QP_2026-09-09_T+1_1788903777286_t3rn,BLR-BOM,EaseMyTrip,QP,QP-1150,2026-09-09,T+1,14268,3132,17400,2026-09-08T21:22:52.623Z,FALSE,"",16:05,TRUE
fare_BLR-BOM_AI_2026-09-09_T+1_1788903777286_nzz6,BLR-BOM,EaseMyTrip,AI,AI-2486,2026-09-09,T+1,14768,3242,18010,2026-09-08T21:22:52.623Z,FALSE,"",14:00,FALSE
fare_BLR-BOM_AI_2026-09-09_T+1_1788903777286_cjq9,BLR-BOM,EaseMyTrip,AI,AI-9457,2026-09-09,T+1,14783,3245,18028,2026-09-08T21:22:52.623Z,FALSE,"",16:15,FALSE
fare_BLR-BOM_6E_2026-09-09_T+1_1788903777286_uder,BLR-BOM,EaseMyTrip,6E,6E-5031,2026-09-09,T+1,14938,3279,18217,2026-09-08T21:22:52.623Z,FALSE,"",16:00,TRUE
fare_BLR-BOM_6E_2026-09-09_T+1_1788903777286_ozrc,BLR-BOM,EaseMyTrip,6E,6E-5255,2026-09-09,T+1,14938,3279,18217,2026-09-08T21:22:52.623Z,FALSE,"",17:25,TRUE
fare_BLR-BOM_6E_2026-09-09_T+1_1788903777286_5bhc,BLR-BOM,EaseMyTrip,6E,6E-6445,2026-09-09,T+1,15201,3337,18538,2026-09-08T21:22:52.623Z,FALSE,"",10:25,FALSE
fare_BLR-BOM_IX_2026-09-09_T+1_1788903777286_ipnz,BLR-BOM,EaseMyTrip,IX,IX-1360,2026-09-09,T+1,17166,3768,20934,2026-09-08T21:22:52.623Z,FALSE,"",20:55,TRUE
fare_BLR-BOM_AI_2026-09-09_T+1_1788903777286_2y41,BLR-BOM,EaseMyTrip,AI,AI-2406,2026-09-09,T+1,15851,3480,19331,2026-09-08T21:22:52.623Z,FALSE,"",11:00,FALSE
fare_BLR-BOM_AI_2026-09-09_T+1_1788903777286_e2x9,BLR-BOM,EaseMyTrip,AI,AI-2804,2026-09-09,T+1,15851,3480,19331,2026-09-08T21:22:52.623Z,FALSE,"",10:00,FALSE
fare_BLR-BOM_6E_2026-09-09_T+1_1788903777286_tqam,BLR-BOM,EaseMyTrip,6E,6E-6423,2026-09-09,T+1,15704,3447,19151,2026-09-08T21:22:52.623Z,FALSE,"",20:00,FALSE
fare_BLR-BOM_6E_2026-09-09_T+1_1788903777286_033n,BLR-BOM,EaseMyTrip,6E,6E-6208,2026-09-09,T+1,15827,3474,19301,2026-09-08T21:22:52.623Z,FALSE,"",12:45,FALSE
fare_BLR-BOM_6E_2026-09-09_T+1_1788903777286_pdg7,BLR-BOM,EaseMyTrip,6E,6E-468,2026-09-09,T+1,16081,3530,19611,2026-09-08T21:22:52.623Z,FALSE,"",17:15,FALSE
fare_BLR-BOM_6E_2026-09-09_T+1_1788903777286_r0h7,BLR-BOM,EaseMyTrip,6E,6E-920,2026-09-09,T+1,16081,3530,19611,2026-09-08T21:22:52.623Z,FALSE,"",17:15,FALSE
fare_BLR-BOM_AI_2026-09-09_T+1_1788903777286_m1e8,BLR-BOM,EaseMyTrip,AI,AI-2604,2026-09-09,T+1,16268,3571,19839,2026-09-08T21:22:52.623Z,FALSE,"",09:15,TRUE
fare_BLR-BOM_QP_2026-09-09_T+1_1788903777286_yx5g,BLR-BOM,EaseMyTrip,QP,QP-1515,2026-09-09,T+1,16225,3561,19786,2026-09-08T21:22:52.623Z,FALSE,"",06:20,TRUE
fare_BLR-BOM_QP_2026-09-09_T+1_1788903777286_ybsn,BLR-BOM,EaseMyTrip,QP,QP-1528,2026-09-09,T+1,16225,3561,19786,2026-09-08T21:22:52.623Z,FALSE,"",10:20,TRUE
fare_BLR-BOM_6E_2026-09-09_T+1_1788903777286_u6b2,BLR-BOM,EaseMyTrip,6E,6E-6017,2026-09-09,T+1,16361,3591,19952,2026-09-08T21:22:52.623Z,FALSE,"",18:15,FALSE
fare_BLR-BOM_6E_2026-09-09_T+1_1788903777286_2qsj,BLR-BOM,EaseMyTrip,6E,6E-5089,2026-09-09,T+1,16485,3619,20104,2026-09-08T21:22:52.623Z,FALSE,"",05:30,TRUE
fare_BLR-BOM_6E_2026-09-09_T+1_1788903777286_4bs9,BLR-BOM,EaseMyTrip,6E,6E-5069,2026-09-09,T+1,16485,3619,20104,2026-09-08T21:22:52.623Z,FALSE,"",11:30,TRUE
fare_BLR-BOM_6E_2026-09-09_T+1_1788903777286_gzbp,BLR-BOM,EaseMyTrip,6E,6E-5351,2026-09-09,T+1,16485,3619,20104,2026-09-08T21:22:52.623Z,FALSE,"",14:20,TRUE
fare_BLR-BOM_6E_2026-09-09_T+1_1788903777286_igs3,BLR-BOM,EaseMyTrip,6E,6E-6283,2026-09-09,T+1,16485,3619,20104,2026-09-08T21:22:52.623Z,FALSE,"",19:05,TRUE
fare_BLR-BOM_6E_2026-09-09_T+1_1788903777286_8v01,BLR-BOM,EaseMyTrip,6E,6E-5376,2026-09-09,T+1,16485,3619,20104,2026-09-08T21:22:52.623Z,FALSE,"",20:15,TRUE
fare_BLR-BOM_6E_2026-09-09_T+1_1788903777286_rqfb,BLR-BOM,EaseMyTrip,6E,6E-5094,2026-09-09,T+1,16485,3619,20104,2026-09-08T21:22:52.623Z,FALSE,"",22:20,TRUE
fare_BLR-BOM_AI_2026-09-09_T+1_1788903777286_8g7g,BLR-BOM,EaseMyTrip,AI,AI-9455,2026-09-09,T+1,16708,3668,20376,2026-09-08T21:22:52.623Z,FALSE,"",08:40,FALSE
fare_BLR-BOM_AI_2026-09-09_T+1_1788903777286_pzyc,BLR-BOM,EaseMyTrip,AI,AI-2610,2026-09-09,T+1,16717,3669,20386,2026-09-08T21:22:52.623Z,FALSE,"",19:00,TRUE
fare_BLR-BOM_6E_2026-09-09_T+1_1788903777286_d4vx,BLR-BOM,EaseMyTrip,6E,6E-6030,2026-09-09,T+1,16674,3660,20334,2026-09-08T21:22:52.623Z,FALSE,"",15:00,TRUE
fare_BLR-BOM_AI_2026-09-09_T+1_1788903777286_k2bg,BLR-BOM,EaseMyTrip,AI,AI-2854,2026-09-09,T+1,17014,3735,20749,2026-09-08T21:22:52.623Z,FALSE,"",18:05,TRUE
fare_BLR-BOM_6E_2026-09-09_T+1_1788903777286_eb5b,BLR-BOM,EaseMyTrip,6E,6E-709,2026-09-09,T+1,16868,3703,20571,2026-09-08T21:22:52.623Z,FALSE,"",07:05,FALSE
fare_BLR-BOM_6E_2026-09-09_T+1_1788903777286_q87o,BLR-BOM,EaseMyTrip,6E,6E-985,2026-09-09,T+1,16868,3703,20571,2026-09-08T21:22:52.623Z,FALSE,"",07:05,FALSE
fare_BLR-BOM_IX_2026-09-09_T+1_1788903777286_eijo,BLR-BOM,EaseMyTrip,IX,IX-1386,2026-09-09,T+1,17561,3855,21416,2026-09-08T21:22:52.623Z,FALSE,"",13:05,FALSE
fare_BLR-BOM_AI_2026-09-09_T+1_1788903777286_inac,BLR-BOM,EaseMyTrip,AI,AI-9970,2026-09-09,T+1,17395,3819,21214,2026-09-08T21:22:52.623Z,FALSE,"",14:45,FALSE
fare_BLR-BOM_AI_2026-09-09_T+1_1788903777286_n3j2,BLR-BOM,EaseMyTrip,AI,AI-9520,2026-09-09,T+1,17874,3924,21798,2026-09-08T21:22:52.623Z,FALSE,"",13:05,FALSE
fare_BLR-BOM_QP_2026-09-09_T+1_1788903777286_fk0n,BLR-BOM,EaseMyTrip,QP,QP-1130,2026-09-09,T+1,18637,4091,22728,2026-09-08T21:22:52.623Z,FALSE,"",11:20,TRUE
fare_BLR-BOM_QP_2026-09-09_T+1_1788903777286_xsks,BLR-BOM,EaseMyTrip,QP,QP-1381,2026-09-09,T+1,18637,4091,22728,2026-09-08T21:22:52.623Z,FALSE,"",04:50,TRUE
fare_BLR-BOM_AI_2026-09-09_T+1_1788903777286_1c55,BLR-BOM,EaseMyTrip,AI,AI-2418,2026-09-09,T+1,19422,4263,23685,2026-09-08T21:22:52.623Z,FALSE,"",16:30,FALSE
fare_BLR-BOM_6E_2026-09-09_T+1_1788903777286_5anx,BLR-BOM,EaseMyTrip,6E,6E-7005,2026-09-09,T+1,19568,4296,23864,2026-09-08T21:22:52.623Z,FALSE,"",08:05,FALSE
fare_BLR-BOM_6E_2026-09-09_T+1_1788903777286_vr7e,BLR-BOM,EaseMyTrip,6E,6E-731,2026-09-09,T+1,19749,4335,24084,2026-09-08T21:22:52.623Z,FALSE,"",17:15,FALSE
fare_BLR-BOM_6E_2026-09-09_T+1_1788903777286_vpgq,BLR-BOM,EaseMyTrip,6E,6E-776,2026-09-09,T+1,19749,4335,24084,2026-09-08T21:22:52.623Z,FALSE,"",17:15,FALSE
fare_BLR-BOM_6E_2026-09-09_T+1_1788903777286_yozn,BLR-BOM,EaseMyTrip,6E,6E-6077,2026-09-09,T+1,20515,4503,25018,2026-09-08T21:22:52.623Z,FALSE,"",20:20,FALSE
fare_BLR-BOM_6E_2026-09-09_T+1_1788903777286_omll,BLR-BOM,EaseMyTrip,6E,6E-476,2026-09-09,T+1,21816,4789,26605,2026-09-08T21:22:52.623Z,FALSE,"",10:15,FALSE
fare_BLR-BOM_6E_2026-09-09_T+1_1788903777286_wlr6,BLR-BOM,EaseMyTrip,6E,6E-239,2026-09-09,T+1,21816,4789,26605,2026-09-08T21:22:52.623Z,FALSE,"",10:15,FALSE
fare_BLR-BOM_6E_2026-09-09_T+1_1788903777286_a99t,BLR-BOM,EaseMyTrip,6E,6E-881,2026-09-09,T+1,21816,4789,26605,2026-09-08T21:22:52.623Z,FALSE,"",09:15,FALSE
fare_BLR-BOM_6E_2026-09-09_T+1_1788903777286_1ar3,BLR-BOM,EaseMyTrip,6E,6E-649,2026-09-09,T+1,21816,4789,26605,2026-09-08T21:22:52.623Z,FALSE,"",09:15,FALSE
fare_BLR-BOM_6E_2026-09-09_T+1_1788903777286_s9ki,BLR-BOM,EaseMyTrip,6E,6E-545,2026-09-09,T+1,21816,4789,26605,2026-09-08T21:22:52.623Z,FALSE,"",08:15,FALSE
fare_BLR-BOM_6E_2026-09-09_T+1_1788903777286_yg6f,BLR-BOM,EaseMyTrip,6E,6E-360,2026-09-09,T+1,21816,4789,26605,2026-09-08T21:22:52.623Z,FALSE,"",08:15,FALSE
fare_BLR-BOM_6E_2026-09-09_T+1_1788903777286_9pjo,BLR-BOM,EaseMyTrip,6E,6E-315,2026-09-09,T+1,22062,4843,26905,2026-09-08T21:22:52.623Z,FALSE,"",16:50,FALSE
fare_BLR-BOM_6E_2026-09-09_T+1_1788903777286_91kh,BLR-BOM,EaseMyTrip,6E,6E-665,2026-09-09,T+1,22062,4843,26905,2026-09-08T21:22:52.623Z,FALSE,"",16:50,FALSE
fare_BLR-BOM_AI_2026-09-09_T+1_1788903777286_mfdc,BLR-BOM,EaseMyTrip,AI,AI-9426,2026-09-09,T+1,22850,5016,27866,2026-09-08T21:22:52.623Z,FALSE,"",12:40,FALSE
fare_BLR-BOM_QP_2026-09-09_T+1_1788903777286_4wce,BLR-BOM,EaseMyTrip,QP,QP-1517,2026-09-09,T+1,22973,5043,28016,2026-09-08T21:22:52.623Z,FALSE,"",07:40,TRUE
fare_BLR-BOM_6E_2026-09-09_T+1_1788903777286_ktn1,BLR-BOM,EaseMyTrip,6E,6E-124,2026-09-09,T+1,23194,5091,28285,2026-09-08T21:22:52.623Z,FALSE,"",19:45,FALSE
fare_BLR-BOM_6E_2026-09-09_T+1_1788903777286_lt7j,BLR-BOM,EaseMyTrip,6E,6E-525,2026-09-09,T+1,23194,5091,28285,2026-09-08T21:22:52.623Z,FALSE,"",19:45,FALSE
fare_BLR-BOM_6E_2026-09-09_T+1_1788903777286_otzw,BLR-BOM,EaseMyTrip,6E,6E-530,2026-09-09,T+1,23194,5091,28285,2026-09-08T21:22:52.623Z,FALSE,"",18:35,FALSE
fare_BLR-BOM_6E_2026-09-09_T+1_1788903777286_veqo,BLR-BOM,EaseMyTrip,6E,6E-725,2026-09-09,T+1,23194,5091,28285,2026-09-08T21:22:52.623Z,FALSE,"",18:35,FALSE
fare_BLR-BOM_6E_2026-09-09_T+1_1788903777286_a3yp,BLR-BOM,EaseMyTrip,6E,6E-6595,2026-09-09,T+1,24473,5372,29845,2026-09-08T21:22:52.623Z,FALSE,"",13:55,FALSE
fare_BLR-BOM_6E_2026-09-09_T+1_1788903777286_x5hl,BLR-BOM,EaseMyTrip,6E,6E-451,2026-09-09,T+1,24678,5417,30095,2026-09-08T21:22:52.623Z,FALSE,"",10:45,FALSE
fare_BLR-BOM_6E_2026-09-09_T+1_1788903777286_xah9,BLR-BOM,EaseMyTrip,6E,6E-179,2026-09-09,T+1,24678,5417,30095,2026-09-08T21:22:52.623Z,FALSE,"",10:45,FALSE
fare_BLR-BOM_6E_2026-09-09_T+1_1788903777286_h7kj,BLR-BOM,EaseMyTrip,6E,6E-6067,2026-09-09,T+1,24794,5443,30237,2026-09-08T21:22:52.623Z,FALSE,"",16:30,FALSE
fare_BLR-BOM_AI_2026-09-09_T+1_1788903777286_flxj,BLR-BOM,EaseMyTrip,AI,AI-2511,2026-09-09,T+1,25179,5527,30706,2026-09-08T21:22:52.623Z,FALSE,"",15:00,FALSE
fare_BLR-BOM_6E_2026-09-09_T+1_1788903777286_dn9x,BLR-BOM,EaseMyTrip,6E,6E-722,2026-09-09,T+1,25562,5611,31173,2026-09-08T21:22:52.623Z,FALSE,"",10:45,FALSE
fare_BLR-BOM_6E_2026-09-09_T+1_1788903777286_vomh,BLR-BOM,EaseMyTrip,6E,6E-884,2026-09-09,T+1,25562,5611,31173,2026-09-08T21:22:52.623Z,FALSE,"",10:45,FALSE
fare_BLR-BOM_6E_2026-09-09_T+1_1788903777286_ihsc,BLR-BOM,EaseMyTrip,6E,6E-6178,2026-09-09,T+1,27671,6074,33745,2026-09-08T21:22:52.623Z,FALSE,"",06:25,FALSE
fare_BLR-BOM_AI_2026-09-09_T+1_1788903777286_bedt,BLR-BOM,EaseMyTrip,AI,AI-9568,2026-09-09,T+1,30481,6691,37172,2026-09-08T21:22:52.623Z,FALSE,"",17:15,FALSE
fare_BLR-BOM_AI_2026-09-09_T+1_1788903777286_hum8,BLR-BOM,EaseMyTrip,AI,AI-9602,2026-09-09,T+1,31288,6868,38156,2026-09-08T21:22:52.623Z,FALSE,"",09:15,FALSE
fare_BLR-BOM_AI_2026-09-09_T+1_1788903777286_4ueg,BLR-BOM,EaseMyTrip,AI,AI-9437,2026-09-09,T+1,31363,6884,38247,2026-09-08T21:22:52.623Z,FALSE,"",07:05,FALSE
fare_BLR-BOM_AI_2026-09-09_T+1_1788903777286_gscg,BLR-BOM,EaseMyTrip,AI,AI-9898,2026-09-09,T+1,34923,7666,42589,2026-09-08T21:22:52.623Z,TRUE,"High outlier: ₹42589 > upper fence ₹41518 (Q3: ₹26605, IQR: ₹9942)",10:20,FALSE
fare_BLR-BOM_IX_2026-10-23_T+45_1788903777287_yghx,BLR-BOM,EaseMyTrip,IX,IX-1360,2026-10-23,T+45,3501,768,4269,2026-09-08T21:23:16.557Z,TRUE,"Low outlier: ₹4269 < lower fence ₹5188 (Q1: ₹7297, IQR: ₹1406)",20:55,TRUE
fare_BLR-BOM_6E_2026-10-23_T+45_1788903777287_f19z,BLR-BOM,EaseMyTrip,6E,6E-5293,2026-10-23,T+45,3501,768,4269,2026-09-08T21:23:16.557Z,TRUE,"Low outlier: ₹4269 < lower fence ₹5188 (Q1: ₹7297, IQR: ₹1406)",01:00,TRUE
fare_BLR-BOM_6E_2026-10-23_T+45_1788903777287_8jxr,BLR-BOM,EaseMyTrip,6E,6E-359,2026-10-23,T+45,3501,768,4269,2026-09-08T21:23:16.557Z,TRUE,"Low outlier: ₹4269 < lower fence ₹5188 (Q1: ₹7297, IQR: ₹1406)",21:10,TRUE
fare_BLR-BOM_6E_2026-10-23_T+45_1788903777287_7gk2,BLR-BOM,EaseMyTrip,6E,6E-898,2026-10-23,T+45,3501,768,4269,2026-09-08T21:23:16.557Z,TRUE,"Low outlier: ₹4269 < lower fence ₹5188 (Q1: ₹7297, IQR: ₹1406)",21:10,TRUE
fare_BLR-BOM_6E_2026-10-23_T+45_1788903777287_79pe,BLR-BOM,EaseMyTrip,6E,6E-5089,2026-10-23,T+45,3501,768,4269,2026-09-08T21:23:16.557Z,TRUE,"Low outlier: ₹4269 < lower fence ₹5188 (Q1: ₹7297, IQR: ₹1406)",05:30,TRUE
fare_BLR-BOM_6E_2026-10-23_T+45_1788903777287_0arr,BLR-BOM,EaseMyTrip,6E,6E-5205,2026-10-23,T+45,3501,768,4269,2026-09-08T21:23:16.557Z,TRUE,"Low outlier: ₹4269 < lower fence ₹5188 (Q1: ₹7297, IQR: ₹1406)",03:45,TRUE
fare_BLR-BOM_QP_2026-10-23_T+45_1788903777287_kioz,BLR-BOM,EaseMyTrip,QP,QP-2002,2026-10-23,T+45,3557,781,4338,2026-09-08T21:23:16.557Z,TRUE,"Low outlier: ₹4338 < lower fence ₹5188 (Q1: ₹7297, IQR: ₹1406)",21:15,TRUE
fare_BLR-BOM_QP_2026-10-23_T+45_1788903777287_fbsi,BLR-BOM,EaseMyTrip,QP,QP-2006,2026-10-23,T+45,3557,781,4338,2026-09-08T21:23:16.557Z,TRUE,"Low outlier: ₹4338 < lower fence ₹5188 (Q1: ₹7297, IQR: ₹1406)",15:00,TRUE
fare_BLR-BOM_QP_2026-10-23_T+45_1788903777287_03ak,BLR-BOM,EaseMyTrip,QP,QP-2008,2026-10-23,T+45,3557,781,4338,2026-09-08T21:23:16.557Z,TRUE,"Low outlier: ₹4338 < lower fence ₹5188 (Q1: ₹7297, IQR: ₹1406)",20:00,TRUE
fare_BLR-BOM_IX_2026-10-23_T+45_1788903777287_bj8r,BLR-BOM,EaseMyTrip,IX,IX-1581,2026-10-23,T+45,3845,844,4689,2026-09-08T21:23:16.557Z,TRUE,"Low outlier: ₹4689 < lower fence ₹5188 (Q1: ₹7297, IQR: ₹1406)",18:45,TRUE
fare_BLR-BOM_AI_2026-10-23_T+45_1788903777287_9jfm,BLR-BOM,EaseMyTrip,AI,AI-2858,2026-10-23,T+45,3801,834,4635,2026-09-08T21:23:16.557Z,TRUE,"Low outlier: ₹4635 < lower fence ₹5188 (Q1: ₹7297, IQR: ₹1406)",02:20,TRUE
fare_BLR-BOM_AI_2026-10-23_T+45_1788903777287_besu,BLR-BOM,EaseMyTrip,AI,AI-2811,2026-10-23,T+45,4145,910,5055,2026-09-08T21:23:16.557Z,TRUE,"Low outlier: ₹5055 < lower fence ₹5188 (Q1: ₹7297, IQR: ₹1406)",23:40,TRUE
fare_BLR-BOM_6E_2026-10-23_T+45_1788903777287_euzi,BLR-BOM,EaseMyTrip,6E,6E-2086,2026-10-23,T+45,4082,896,4978,2026-09-08T21:23:16.557Z,TRUE,"Low outlier: ₹4978 < lower fence ₹5188 (Q1: ₹7297, IQR: ₹1406)",09:25,TRUE
fare_BLR-BOM_QP_2026-10-23_T+45_1788903777287_35dm,BLR-BOM,EaseMyTrip,QP,QP-1515,2026-10-23,T+45,4213,925,5138,2026-09-08T21:23:16.557Z,TRUE,"Low outlier: ₹5138 < lower fence ₹5188 (Q1: ₹7297, IQR: ₹1406)",06:00,TRUE
fare_BLR-BOM_QP_2026-10-23_T+45_1788903777287_416o,BLR-BOM,EaseMyTrip,QP,QP-1517,2026-10-23,T+45,4213,925,5138,2026-09-08T21:23:16.557Z,TRUE,"Low outlier: ₹5138 < lower fence ₹5188 (Q1: ₹7297, IQR: ₹1406)",05:00,TRUE
fare_BLR-BOM_SG_2026-10-23_T+45_1788903777287_wxdn,BLR-BOM,EaseMyTrip,SG,SG-118,2026-10-23,T+45,5491,1205,6696,2026-09-08T21:23:16.557Z,FALSE,"",22:00,TRUE
fare_BLR-BOM_SG_2026-10-23_T+45_1788903777287_w89m,BLR-BOM,EaseMyTrip,SG,SG-380,2026-10-23,T+45,5491,1205,6696,2026-09-08T21:23:16.557Z,FALSE,"",22:00,TRUE
fare_BLR-BOM_SG_2026-10-23_T+45_1788903777287_wh95,BLR-BOM,EaseMyTrip,SG,SG-893,2026-10-23,T+45,5491,1205,6696,2026-09-08T21:23:16.557Z,FALSE,"",06:10,TRUE
fare_BLR-BOM_SG_2026-10-23_T+45_1788903777287_3yvj,BLR-BOM,EaseMyTrip,SG,SG-538,2026-10-23,T+45,5491,1205,6696,2026-09-08T21:23:16.557Z,FALSE,"",06:10,TRUE
fare_BLR-BOM_SG_2026-10-23_T+45_1788903777287_nt3o,BLR-BOM,EaseMyTrip,SG,SG-211,2026-10-23,T+45,5491,1205,6696,2026-09-08T21:23:16.557Z,FALSE,"",23:20,TRUE
fare_BLR-BOM_SG_2026-10-23_T+45_1788903777287_gp45,BLR-BOM,EaseMyTrip,SG,SG-622,2026-10-23,T+45,5491,1205,6696,2026-09-08T21:23:16.557Z,FALSE,"",23:20,TRUE
fare_BLR-BOM_6E_2026-10-23_T+45_1788903777287_ujgg,BLR-BOM,EaseMyTrip,6E,6E-166,2026-10-23,T+45,5394,1184,6578,2026-09-08T21:23:16.557Z,FALSE,"",16:40,FALSE
fare_BLR-BOM_6E_2026-10-23_T+45_1788903777287_hscp,BLR-BOM,EaseMyTrip,6E,6E-907,2026-10-23,T+45,5394,1184,6578,2026-09-08T21:23:16.557Z,FALSE,"",16:40,FALSE
fare_BLR-BOM_QP_2026-10-23_T+45_1788903777287_n0p1,BLR-BOM,EaseMyTrip,QP,QP-1134,2026-10-23,T+45,5520,1212,6732,2026-09-08T21:23:16.557Z,FALSE,"",22:55,TRUE
fare_BLR-BOM_6E_2026-10-23_T+45_1788903777287_jfvx,BLR-BOM,EaseMyTrip,6E,6E-861,2026-10-23,T+45,5583,1225,6808,2026-09-08T21:23:16.557Z,FALSE,"",16:40,FALSE
fare_BLR-BOM_6E_2026-10-23_T+45_1788903777287_k97o,BLR-BOM,EaseMyTrip,6E,6E-216,2026-10-23,T+45,5583,1225,6808,2026-09-08T21:23:16.557Z,FALSE,"",16:40,FALSE
fare_BLR-BOM_AI_2026-10-23_T+45_1788903777287_fs2c,BLR-BOM,EaseMyTrip,AI,AI-2840,2026-10-23,T+45,5904,1296,7200,2026-09-08T21:23:16.557Z,FALSE,"",22:30,TRUE
fare_BLR-BOM_6E_2026-10-23_T+45_1788903777287_fp77,BLR-BOM,EaseMyTrip,6E,6E-6554,2026-10-23,T+45,5849,1284,7133,2026-09-08T21:23:16.557Z,FALSE,"",19:15,FALSE
fare_BLR-BOM_6E_2026-10-23_T+45_1788903777287_vkqw,BLR-BOM,EaseMyTrip,6E,6E-6653,2026-10-23,T+45,5961,1309,7270,2026-09-08T21:23:16.557Z,FALSE,"",12:35,FALSE
fare_BLR-BOM_6E_2026-10-23_T+45_1788903777287_y5yo,BLR-BOM,EaseMyTrip,6E,6E-6753,2026-10-23,T+45,5961,1309,7270,2026-09-08T21:23:16.557Z,FALSE,"",15:15,FALSE
fare_BLR-BOM_6E_2026-10-23_T+45_1788903777287_wlic,BLR-BOM,EaseMyTrip,6E,6E-5051,2026-10-23,T+45,5984,1313,7297,2026-09-08T21:23:16.557Z,FALSE,"",08:30,TRUE
fare_BLR-BOM_6E_2026-10-23_T+45_1788903777287_93er,BLR-BOM,EaseMyTrip,6E,6E-5216,2026-10-23,T+45,5984,1313,7297,2026-09-08T21:23:16.557Z,FALSE,"",07:25,TRUE
fare_BLR-BOM_6E_2026-10-23_T+45_1788903777287_28dd,BLR-BOM,EaseMyTrip,6E,6E-5069,2026-10-23,T+45,5984,1313,7297,2026-09-08T21:23:16.557Z,FALSE,"",11:30,TRUE
fare_BLR-BOM_6E_2026-10-23_T+45_1788903777287_0tm2,BLR-BOM,EaseMyTrip,6E,6E-7162,2026-10-23,T+45,5993,1315,7308,2026-09-08T21:23:16.557Z,FALSE,"",15:20,FALSE
fare_BLR-BOM_6E_2026-10-23_T+45_1788903777287_ieu6,BLR-BOM,EaseMyTrip,6E,6E-7445,2026-10-23,T+45,6069,1332,7401,2026-09-08T21:23:16.557Z,FALSE,"",15:20,FALSE
fare_BLR-BOM_IX_2026-10-23_T+45_1788903777287_hn5t,BLR-BOM,EaseMyTrip,IX,IX-2678,2026-10-23,T+45,6636,1457,8093,2026-09-08T21:23:16.557Z,FALSE,"",05:30,FALSE
fare_BLR-BOM_IX_2026-10-23_T+45_1788903777287_hbv6,BLR-BOM,EaseMyTrip,IX,IX-1893,2026-10-23,T+45,6636,1457,8093,2026-09-08T21:23:16.557Z,FALSE,"",08:40,FALSE
fare_BLR-BOM_6E_2026-10-23_T+45_1788903777287_kjlh,BLR-BOM,EaseMyTrip,6E,6E-6067,2026-10-23,T+45,6100,1339,7439,2026-09-08T21:23:16.557Z,FALSE,"",16:30,FALSE
fare_BLR-BOM_6E_2026-10-23_T+45_1788903777287_tmxj,BLR-BOM,EaseMyTrip,6E,6E-231,2026-10-23,T+45,6100,1339,7439,2026-09-08T21:23:16.557Z,FALSE,"",18:35,FALSE
fare_BLR-BOM_6E_2026-10-23_T+45_1788903777287_ykl4,BLR-BOM,EaseMyTrip,6E,6E-596,2026-10-23,T+45,6100,1339,7439,2026-09-08T21:23:16.557Z,FALSE,"",18:35,FALSE
fare_BLR-BOM_6E_2026-10-23_T+45_1788903777287_w7ct,BLR-BOM,EaseMyTrip,6E,6E-6162,2026-10-23,T+45,6100,1339,7439,2026-09-08T21:23:16.557Z,FALSE,"",18:50,FALSE
fare_BLR-BOM_6E_2026-10-23_T+45_1788903777287_bjyq,BLR-BOM,EaseMyTrip,6E,6E-6178,2026-10-23,T+45,6100,1339,7439,2026-09-08T21:23:16.557Z,FALSE,"",06:10,FALSE
fare_BLR-BOM_6E_2026-10-23_T+45_1788903777287_p7ft,BLR-BOM,EaseMyTrip,6E,6E-6404,2026-10-23,T+45,6100,1339,7439,2026-09-08T21:23:16.557Z,FALSE,"",11:35,FALSE
fare_BLR-BOM_6E_2026-10-23_T+45_1788903777287_s985,BLR-BOM,EaseMyTrip,6E,6E-880,2026-10-23,T+45,6100,1339,7439,2026-09-08T21:23:16.557Z,FALSE,"",17:00,FALSE
fare_BLR-BOM_6E_2026-10-23_T+45_1788903777287_83g3,BLR-BOM,EaseMyTrip,6E,6E-796,2026-10-23,T+45,6100,1339,7439,2026-09-08T21:23:16.557Z,FALSE,"",17:00,FALSE
fare_BLR-BOM_6E_2026-10-23_T+45_1788903777287_rovo,BLR-BOM,EaseMyTrip,6E,6E-899,2026-10-23,T+45,6100,1339,7439,2026-09-08T21:23:16.557Z,FALSE,"",19:45,FALSE
fare_BLR-BOM_6E_2026-10-23_T+45_1788903777287_0e29,BLR-BOM,EaseMyTrip,6E,6E-158,2026-10-23,T+45,6100,1339,7439,2026-09-08T21:23:16.557Z,FALSE,"",09:15,FALSE
fare_BLR-BOM_6E_2026-10-23_T+45_1788903777287_q452,BLR-BOM,EaseMyTrip,6E,6E-818,2026-10-23,T+45,6100,1339,7439,2026-09-08T21:23:16.557Z,FALSE,"",09:15,FALSE
fare_BLR-BOM_6E_2026-10-23_T+45_1788903777287_rqfg,BLR-BOM,EaseMyTrip,6E,6E-534,2026-10-23,T+45,6100,1339,7439,2026-09-08T21:23:16.557Z,FALSE,"",18:35,FALSE
fare_BLR-BOM_6E_2026-10-23_T+45_1788903777287_7xyi,BLR-BOM,EaseMyTrip,6E,6E-932,2026-10-23,T+45,6100,1339,7439,2026-09-08T21:23:16.557Z,FALSE,"",18:35,FALSE
fare_BLR-BOM_6E_2026-10-23_T+45_1788903777287_qau9,BLR-BOM,EaseMyTrip,6E,6E-326,2026-10-23,T+45,6100,1339,7439,2026-09-08T21:23:16.557Z,FALSE,"",08:15,FALSE
fare_BLR-BOM_6E_2026-10-23_T+45_1788903777287_wg1p,BLR-BOM,EaseMyTrip,6E,6E-774,2026-10-23,T+45,6100,1339,7439,2026-09-08T21:23:16.557Z,FALSE,"",08:15,FALSE
fare_BLR-BOM_AI_2026-10-23_T+45_1788903777287_kjn1,BLR-BOM,EaseMyTrip,AI,AI-2402,2026-10-23,T+45,6283,1379,7662,2026-09-08T21:23:16.557Z,FALSE,"",06:35,TRUE
fare_BLR-BOM_6E_2026-10-23_T+45_1788903777287_2b9n,BLR-BOM,EaseMyTrip,6E,6E-6003,2026-10-23,T+45,6207,1363,7570,2026-09-08T21:23:16.557Z,FALSE,"",15:35,FALSE
fare_BLR-BOM_6E_2026-10-23_T+45_1788903777287_0cwc,BLR-BOM,EaseMyTrip,6E,6E-6891,2026-10-23,T+45,6207,1363,7570,2026-09-08T21:23:16.557Z,FALSE,"",17:15,FALSE
fare_BLR-BOM_6E_2026-10-23_T+45_1788903777287_6veo,BLR-BOM,EaseMyTrip,6E,6E-6863,2026-10-23,T+45,6207,1363,7570,2026-09-08T21:23:16.557Z,FALSE,"",08:20,FALSE
fare_BLR-BOM_AI_2026-10-23_T+45_1788903777287_spdp,BLR-BOM,EaseMyTrip,AI,AI-2630,2026-10-23,T+45,6388,1402,7790,2026-09-08T21:23:16.557Z,FALSE,"",12:05,TRUE
fare_BLR-BOM_6E_2026-10-23_T+45_1788903777287_ckpj,BLR-BOM,EaseMyTrip,6E,6E-5094,2026-10-23,T+45,6242,1370,7612,2026-09-08T21:23:16.557Z,FALSE,"",22:20,TRUE
fare_BLR-BOM_6E_2026-10-23_T+45_1788903777287_cwmv,BLR-BOM,EaseMyTrip,6E,6E-5376,2026-10-23,T+45,6242,1370,7612,2026-09-08T21:23:16.557Z,FALSE,"",20:15,TRUE
fare_BLR-BOM_6E_2026-10-23_T+45_1788903777287_i51r,BLR-BOM,EaseMyTrip,6E,6E-6283,2026-10-23,T+45,6242,1370,7612,2026-09-08T21:23:16.557Z,FALSE,"",19:05,TRUE
fare_BLR-BOM_6E_2026-10-23_T+45_1788903777287_55qe,BLR-BOM,EaseMyTrip,6E,6E-5031,2026-10-23,T+45,6242,1370,7612,2026-09-08T21:23:16.557Z,FALSE,"",16:00,TRUE
fare_BLR-BOM_6E_2026-10-23_T+45_1788903777287_qgfx,BLR-BOM,EaseMyTrip,6E,6E-5351,2026-10-23,T+45,6242,1370,7612,2026-09-08T21:23:16.557Z,FALSE,"",14:20,TRUE
fare_BLR-BOM_6E_2026-10-23_T+45_1788903777287_eczx,BLR-BOM,EaseMyTrip,6E,6E-5218,2026-10-23,T+45,6242,1370,7612,2026-09-08T21:23:16.557Z,FALSE,"",13:00,TRUE
fare_BLR-BOM_6E_2026-10-23_T+45_1788903777287_ne8r,BLR-BOM,EaseMyTrip,6E,6E-5255,2026-10-23,T+45,6242,1370,7612,2026-09-08T21:23:16.557Z,FALSE,"",17:25,TRUE
fare_BLR-BOM_6E_2026-10-23_T+45_1788903777287_dwaq,BLR-BOM,EaseMyTrip,6E,6E-5237,2026-10-23,T+45,6242,1370,7612,2026-09-08T21:23:16.557Z,FALSE,"",10:15,TRUE
fare_BLR-BOM_6E_2026-10-23_T+45_1788903777287_zwfw,BLR-BOM,EaseMyTrip,6E,6E-6017,2026-10-23,T+45,6272,1377,7649,2026-09-08T21:23:16.557Z,FALSE,"",18:15,FALSE
fare_BLR-BOM_6E_2026-10-23_T+45_1788903777287_zjeu,BLR-BOM,EaseMyTrip,6E,6E-7005,2026-10-23,T+45,6272,1377,7649,2026-09-08T21:23:16.557Z,FALSE,"",08:05,FALSE
fare_BLR-BOM_6E_2026-10-23_T+45_1788903777287_jwng,BLR-BOM,EaseMyTrip,6E,6E-815,2026-10-23,T+45,6272,1377,7649,2026-09-08T21:23:16.557Z,FALSE,"",10:45,FALSE
fare_BLR-BOM_6E_2026-10-23_T+45_1788903777287_jq0s,BLR-BOM,EaseMyTrip,6E,6E-189,2026-10-23,T+45,6272,1377,7649,2026-09-08T21:23:16.557Z,FALSE,"",10:45,FALSE
fare_BLR-BOM_6E_2026-10-23_T+45_1788903777287_k607,BLR-BOM,EaseMyTrip,6E,6E-6077,2026-10-23,T+45,6272,1377,7649,2026-09-08T21:23:16.557Z,FALSE,"",20:20,FALSE
fare_BLR-BOM_6E_2026-10-23_T+45_1788903777287_7u0i,BLR-BOM,EaseMyTrip,6E,6E-6507,2026-10-23,T+45,6272,1377,7649,2026-09-08T21:23:16.557Z,FALSE,"",13:15,FALSE
fare_BLR-BOM_6E_2026-10-23_T+45_1788903777287_izvs,BLR-BOM,EaseMyTrip,6E,6E-6595,2026-10-23,T+45,6272,1377,7649,2026-09-08T21:23:16.557Z,FALSE,"",13:55,FALSE
fare_BLR-BOM_6E_2026-10-23_T+45_1788903777287_gzxr,BLR-BOM,EaseMyTrip,6E,6E-130,2026-10-23,T+45,6272,1377,7649,2026-09-08T21:23:16.557Z,FALSE,"",17:15,FALSE
fare_BLR-BOM_6E_2026-10-23_T+45_1788903777287_5u6x,BLR-BOM,EaseMyTrip,6E,6E-108,2026-10-23,T+45,6272,1377,7649,2026-09-08T21:23:16.557Z,FALSE,"",17:15,FALSE
fare_BLR-BOM_6E_2026-10-23_T+45_1788903777287_7gzv,BLR-BOM,EaseMyTrip,6E,6E-900,2026-10-23,T+45,6272,1377,7649,2026-09-08T21:23:16.557Z,FALSE,"",07:10,FALSE
fare_BLR-BOM_6E_2026-10-23_T+45_1788903777287_jkqf,BLR-BOM,EaseMyTrip,6E,6E-284,2026-10-23,T+45,6272,1377,7649,2026-09-08T21:23:16.557Z,FALSE,"",07:10,FALSE
fare_BLR-BOM_6E_2026-10-23_T+45_1788903777287_euhp,BLR-BOM,EaseMyTrip,6E,6E-6269,2026-10-23,T+45,6272,1377,7649,2026-09-08T21:23:16.557Z,FALSE,"",07:15,FALSE
fare_BLR-BOM_6E_2026-10-23_T+45_1788903777287_72f3,BLR-BOM,EaseMyTrip,6E,6E-385,2026-10-23,T+45,6272,1377,7649,2026-09-08T21:23:16.557Z,FALSE,"",10:45,FALSE
fare_BLR-BOM_6E_2026-10-23_T+45_1788903777287_8vqf,BLR-BOM,EaseMyTrip,6E,6E-343,2026-10-23,T+45,6272,1377,7649,2026-09-08T21:23:16.557Z,FALSE,"",10:45,FALSE
fare_BLR-BOM_6E_2026-10-23_T+45_1788903777287_vhgw,BLR-BOM,EaseMyTrip,6E,6E-6208,2026-10-23,T+45,6272,1377,7649,2026-09-08T21:23:16.557Z,FALSE,"",12:45,FALSE
fare_BLR-BOM_6E_2026-10-23_T+45_1788903777287_vq2b,BLR-BOM,EaseMyTrip,6E,6E-6423,2026-10-23,T+45,6272,1377,7649,2026-09-08T21:23:16.557Z,FALSE,"",21:05,FALSE
fare_BLR-BOM_6E_2026-10-23_T+45_1788903777287_r7vi,BLR-BOM,EaseMyTrip,6E,6E-912,2026-10-23,T+45,6272,1377,7649,2026-09-08T21:23:16.557Z,FALSE,"",16:50,FALSE
fare_BLR-BOM_6E_2026-10-23_T+45_1788903777287_asii,BLR-BOM,EaseMyTrip,6E,6E-187,2026-10-23,T+45,6272,1377,7649,2026-09-08T21:23:16.557Z,FALSE,"",16:50,FALSE
fare_BLR-BOM_6E_2026-10-23_T+45_1788903777287_g0uv,BLR-BOM,EaseMyTrip,6E,6E-558,2026-10-23,T+45,6380,1400,7780,2026-09-08T21:23:16.557Z,FALSE,"",17:55,FALSE
fare_BLR-BOM_6E_2026-10-23_T+45_1788903777287_8ykc,BLR-BOM,EaseMyTrip,6E,6E-209,2026-10-23,T+45,6380,1400,7780,2026-09-08T21:23:16.557Z,FALSE,"",17:55,FALSE
fare_BLR-BOM_AI_2026-10-23_T+45_1788903777287_lw0j,BLR-BOM,EaseMyTrip,AI,AI-2852,2026-10-23,T+45,6692,1469,8161,2026-09-08T21:23:16.557Z,FALSE,"",10:30,TRUE
fare_BLR-BOM_6E_2026-10-23_T+45_1788903777287_ohjp,BLR-BOM,EaseMyTrip,6E,6E-869,2026-10-23,T+45,6544,1437,7981,2026-09-08T21:23:16.557Z,FALSE,"",19:45,FALSE
fare_BLR-BOM_6E_2026-10-23_T+45_1788903777287_bm4z,BLR-BOM,EaseMyTrip,6E,6E-726,2026-10-23,T+45,6544,1437,7981,2026-09-08T21:23:16.557Z,FALSE,"",19:45,FALSE
fare_BLR-BOM_AI_2026-10-23_T+45_1788903777287_bkpd,BLR-BOM,EaseMyTrip,AI,AI-2642,2026-10-23,T+45,6802,1493,8295,2026-09-08T21:23:16.557Z,FALSE,"",21:30,TRUE
fare_BLR-BOM_6E_2026-10-23_T+45_1788903777287_5i3x,BLR-BOM,EaseMyTrip,6E,6E-919,2026-10-23,T+45,6717,1474,8191,2026-09-08T21:23:16.557Z,FALSE,"",05:10,FALSE
fare_BLR-BOM_6E_2026-10-23_T+45_1788903777287_xqh0,BLR-BOM,EaseMyTrip,6E,6E-888,2026-10-23,T+45,6717,1474,8191,2026-09-08T21:23:16.557Z,FALSE,"",05:10,FALSE
fare_BLR-BOM_AI_2026-10-23_T+45_1788903777287_tkwo,BLR-BOM,EaseMyTrip,AI,AI-2854,2026-10-23,T+45,6968,1530,8498,2026-09-08T21:23:16.557Z,FALSE,"",18:05,TRUE
fare_BLR-BOM_AI_2026-10-23_T+45_1788903777287_gbl9,BLR-BOM,EaseMyTrip,AI,AI-2850,2026-10-23,T+45,7305,1603,8908,2026-09-08T21:23:16.557Z,FALSE,"",20:30,TRUE
fare_BLR-BOM_AI_2026-10-23_T+45_1788903777287_ovhk,BLR-BOM,EaseMyTrip,AI,AI-2604,2026-10-23,T+45,7897,1734,9631,2026-09-08T21:23:16.557Z,FALSE,"",09:15,TRUE
fare_BLR-BOM_AI_2026-10-23_T+45_1788903777287_zxum,BLR-BOM,EaseMyTrip,AI,AI-9840,2026-10-23,T+45,8510,1868,10378,2026-09-08T21:23:16.557Z,FALSE,"",06:10,FALSE
fare_BLR-BOM_IX_2026-10-23_T+45_1788903777287_9bzk,BLR-BOM,EaseMyTrip,IX,IX-2116,2026-10-23,T+45,9606,2109,11715,2026-09-08T21:23:16.557Z,TRUE,"High outlier: ₹11715 > upper fence ₹10812 (Q3: ₹8703, IQR: ₹1406)",21:00,FALSE
fare_BLR-BOM_AI_2026-10-23_T+45_1788903777287_zagl,BLR-BOM,EaseMyTrip,AI,AI-9566,2026-10-23,T+45,9565,2100,11665,2026-09-08T21:23:16.557Z,TRUE,"High outlier: ₹11665 > upper fence ₹10812 (Q3: ₹8703, IQR: ₹1406)",19:10,FALSE
fare_BLR-BOM_AI_2026-10-23_T+45_1788903777287_68hh,BLR-BOM,EaseMyTrip,AI,AI-9568,2026-10-23,T+45,9565,2100,11665,2026-09-08T21:23:16.557Z,TRUE,"High outlier: ₹11665 > upper fence ₹10812 (Q3: ₹8703, IQR: ₹1406)",17:15,FALSE
fare_BLR-BOM_AI_2026-10-23_T+45_1788903777287_lcvp,BLR-BOM,EaseMyTrip,AI,AI-9564,2026-10-23,T+45,9565,2100,11665,2026-09-08T21:23:16.557Z,TRUE,"High outlier: ₹11665 > upper fence ₹10812 (Q3: ₹8703, IQR: ₹1406)",14:55,FALSE
fare_BLR-BOM_AI_2026-10-23_T+45_1788903777287_weep,BLR-BOM,EaseMyTrip,AI,AI-9572,2026-10-23,T+45,9565,2100,11665,2026-09-08T21:23:16.557Z,TRUE,"High outlier: ₹11665 > upper fence ₹10812 (Q3: ₹8703, IQR: ₹1406)",12:30,FALSE
fare_BLR-BOM_AI_2026-10-23_T+45_1788903777287_ygb1,BLR-BOM,EaseMyTrip,AI,AI-9524,2026-10-23,T+45,9810,2154,11964,2026-09-08T21:23:16.557Z,TRUE,"High outlier: ₹11964 > upper fence ₹10812 (Q3: ₹8703, IQR: ₹1406)",17:15,FALSE
fare_BLR-BOM_AI_2026-10-23_T+45_1788903777287_07v4,BLR-BOM,EaseMyTrip,AI,AI-9478,2026-10-23,T+45,10029,2201,12230,2026-09-08T21:23:16.557Z,TRUE,"High outlier: ₹12230 > upper fence ₹10812 (Q3: ₹8703, IQR: ₹1406)",22:10,FALSE
fare_BLR-BOM_AI_2026-10-23_T+45_1788903777287_swly,BLR-BOM,EaseMyTrip,AI,AI-9482,2026-10-23,T+45,10029,2201,12230,2026-09-08T21:23:16.557Z,TRUE,"High outlier: ₹12230 > upper fence ₹10812 (Q3: ₹8703, IQR: ₹1406)",19:40,FALSE
fare_BLR-BOM_AI_2026-10-23_T+45_1788903777287_ojmp,BLR-BOM,EaseMyTrip,AI,AI-9970,2026-10-23,T+45,10029,2201,12230,2026-09-08T21:23:16.557Z,TRUE,"High outlier: ₹12230 > upper fence ₹10812 (Q3: ₹8703, IQR: ₹1406)",14:35,FALSE
fare_BLR-BOM_AI_2026-10-23_T+45_1788903777287_0dld,BLR-BOM,EaseMyTrip,AI,AI-9426,2026-10-23,T+45,10241,2248,12489,2026-09-08T21:23:16.557Z,TRUE,"High outlier: ₹12489 > upper fence ₹10812 (Q3: ₹8703, IQR: ₹1406)",12:40,FALSE
fare_BLR-BOM_AI_2026-10-23_T+45_1788903777287_qmad,BLR-BOM,EaseMyTrip,AI,AI-9480,2026-10-23,T+45,10241,2248,12489,2026-09-08T21:23:16.557Z,TRUE,"High outlier: ₹12489 > upper fence ₹10812 (Q3: ₹8703, IQR: ₹1406)",08:40,FALSE
fare_BLR-BOM_AI_2026-10-23_T+45_1788903777287_dw4v,BLR-BOM,EaseMyTrip,AI,AI-9762,2026-10-23,T+45,10488,2302,12790,2026-09-08T21:23:16.557Z,TRUE,"High outlier: ₹12790 > upper fence ₹10812 (Q3: ₹8703, IQR: ₹1406)",07:05,FALSE
fare_BLR-BOM_AI_2026-10-23_T+45_1788903777287_sbym,BLR-BOM,EaseMyTrip,AI,AI-9852,2026-10-23,T+45,10661,2340,13001,2026-09-08T21:23:16.557Z,TRUE,"High outlier: ₹13001 > upper fence ₹10812 (Q3: ₹8703, IQR: ₹1406)",18:40,FALSE
fare_BLR-BOM_AI_2026-10-23_T+45_1788903777287_4gmp,BLR-BOM,EaseMyTrip,AI,AI-9455,2026-10-23,T+45,10792,2369,13161,2026-09-08T21:23:16.557Z,TRUE,"High outlier: ₹13161 > upper fence ₹10812 (Q3: ₹8703, IQR: ₹1406)",08:40,FALSE
fare_BLR-BOM_IX_2026-10-23_T+45_1788903777287_6dz3,BLR-BOM,EaseMyTrip,IX,IX-1386,2026-10-23,T+45,11551,2535,14086,2026-09-08T21:23:16.557Z,TRUE,"High outlier: ₹14086 > upper fence ₹10812 (Q3: ₹8703, IQR: ₹1406)",13:05,FALSE
fare_BLR-BOM_AI_2026-10-23_T+45_1788903777287_ekka,BLR-BOM,EaseMyTrip,AI,AI-9520,2026-10-23,T+45,11574,2541,14115,2026-09-08T21:23:16.557Z,TRUE,"High outlier: ₹14115 > upper fence ₹10812 (Q3: ₹8703, IQR: ₹1406)",13:05,FALSE
fare_BLR-BOM_AI_2026-10-23_T+45_1788903777287_n26y,BLR-BOM,EaseMyTrip,AI,AI-9778,2026-10-23,T+45,12338,2708,15046,2026-09-08T21:23:16.557Z,TRUE,"High outlier: ₹15046 > upper fence ₹10812 (Q3: ₹8703, IQR: ₹1406)",08:40,FALSE
fare_BLR-BOM_AI_2026-10-23_T+45_1788903777287_rm0z,BLR-BOM,EaseMyTrip,AI,AI-9605,2026-10-23,T+45,13359,2932,16291,2026-09-08T21:23:16.557Z,TRUE,"High outlier: ₹16291 > upper fence ₹10812 (Q3: ₹8703, IQR: ₹1406)",14:25,FALSE
fare_BLR-BOM_AI_2026-10-23_T+45_1788903777287_xrxp,BLR-BOM,EaseMyTrip,AI,AI-2810,2026-10-23,T+45,14278,3134,17412,2026-09-08T21:23:16.557Z,TRUE,"High outlier: ₹17412 > upper fence ₹10812 (Q3: ₹8703, IQR: ₹1406)",06:00,FALSE
fare_BLR-BOM_AI_2026-10-23_T+45_1788903777287_224d,BLR-BOM,EaseMyTrip,AI,AI-2414,2026-10-23,T+45,14422,3166,17588,2026-09-08T21:23:16.557Z,TRUE,"High outlier: ₹17588 > upper fence ₹10812 (Q3: ₹8703, IQR: ₹1406)",05:30,FALSE
fare_BLR-BOM_AI_2026-10-23_T+45_1788903777287_7p48,BLR-BOM,EaseMyTrip,AI,AI-428,2026-10-23,T+45,14812,3252,18064,2026-09-08T21:23:16.557Z,TRUE,"High outlier: ₹18064 > upper fence ₹10812 (Q3: ₹8703, IQR: ₹1406)",15:30,FALSE
fare_BLR-BOM_AI_2026-10-23_T+45_1788903777287_zr7z,BLR-BOM,EaseMyTrip,AI,AI-2511,2026-10-23,T+45,15088,3312,18400,2026-09-08T21:23:16.557Z,TRUE,"High outlier: ₹18400 > upper fence ₹10812 (Q3: ₹8703, IQR: ₹1406)",15:00,FALSE
fare_BLR-BOM_AI_2026-10-23_T+45_1788903777287_a2va,BLR-BOM,EaseMyTrip,AI,AI-2486,2026-10-23,T+45,15303,3359,18662,2026-09-08T21:23:16.557Z,TRUE,"High outlier: ₹18662 > upper fence ₹10812 (Q3: ₹8703, IQR: ₹1406)",14:00,FALSE
fare_BLR-BOM_AI_2026-10-23_T+45_1788903777287_r9kb,BLR-BOM,EaseMyTrip,AI,AI-2654,2026-10-23,T+45,15350,3370,18720,2026-09-08T21:23:16.557Z,TRUE,"High outlier: ₹18720 > upper fence ₹10812 (Q3: ₹8703, IQR: ₹1406)",07:00,FALSE
fare_BLR-BOM_AI_2026-10-23_T+45_1788903777287_7llx,BLR-BOM,EaseMyTrip,AI,AI-9898,2026-10-23,T+45,16767,3681,20448,2026-09-08T21:23:16.557Z,TRUE,"High outlier: ₹20448 > upper fence ₹10812 (Q3: ₹8703, IQR: ₹1406)",10:20,FALSE
fare_BLR-BOM_AI_2026-10-23_T+45_1788903777287_mpmy,BLR-BOM,EaseMyTrip,AI,AI-9708,2026-10-23,T+45,19204,4215,23419,2026-09-08T21:23:16.557Z,TRUE,"High outlier: ₹23419 > upper fence ₹10812 (Q3: ₹8703, IQR: ₹1406)",10:05,FALSE
fare_BLR-BOM_AI_2026-10-23_T+45_1788903777287_4t3j,BLR-BOM,EaseMyTrip,AI,AI-9602,2026-10-23,T+45,21675,4758,26433,2026-09-08T21:23:16.557Z,TRUE,"High outlier: ₹26433 > upper fence ₹10812 (Q3: ₹8703, IQR: ₹1406)",09:10,FALSE
fare_BLR-BOM_AI_2026-10-23_T+45_1788903777287_ha65,BLR-BOM,EaseMyTrip,AI,AI-9437,2026-10-23,T+45,21964,4821,26785,2026-09-08T21:23:16.557Z,TRUE,"High outlier: ₹26785 > upper fence ₹10812 (Q3: ₹8703, IQR: ₹1406)",07:05,FALSE
fare_BLR-COK_QP_2026-10-08_T+30_1788903777287_p8kz,BLR-COK,EaseMyTrip,QP,QP-1579,2026-10-08,T+30,2627,577,3204,2026-09-08T21:27:15.446Z,FALSE,"",17:00,TRUE
fare_BLR-COK_QP_2026-10-08_T+30_1788903777287_usfw,BLR-COK,EaseMyTrip,QP,QP-1361,2026-10-08,T+30,2872,631,3503,2026-09-08T21:27:15.446Z,FALSE,"",14:55,TRUE
fare_BLR-COK_IX_2026-10-08_T+30_1788903777287_6x6e,BLR-COK,EaseMyTrip,IX,IX-2116,2026-10-08,T+30,3190,700,3890,2026-09-08T21:27:15.446Z,FALSE,"",21:00,TRUE
fare_BLR-COK_IX_2026-10-08_T+30_1788903777287_1i0t,BLR-COK,EaseMyTrip,IX,IX-2678,2026-10-08,T+30,3190,700,3890,2026-09-08T21:27:15.446Z,FALSE,"",05:30,TRUE
fare_BLR-COK_IX_2026-10-08_T+30_1788903777287_m3uw,BLR-COK,EaseMyTrip,IX,IX-1893,2026-10-08,T+30,3190,700,3890,2026-09-08T21:27:15.446Z,FALSE,"",08:40,TRUE
fare_BLR-COK_IX_2026-10-08_T+30_1788903777287_35nk,BLR-COK,EaseMyTrip,IX,IX-2608,2026-10-08,T+30,3190,700,3890,2026-09-08T21:27:15.446Z,FALSE,"",16:15,TRUE
fare_BLR-COK_6E_2026-10-08_T+30_1788903777287_pyuz,BLR-COK,EaseMyTrip,6E,6E-491,2026-10-08,T+30,2955,649,3604,2026-09-08T21:27:15.446Z,FALSE,"",07:05,TRUE
fare_BLR-COK_6E_2026-10-08_T+30_1788903777287_lszs,BLR-COK,EaseMyTrip,6E,6E-176,2026-10-08,T+30,2955,649,3604,2026-09-08T21:27:15.446Z,FALSE,"",07:05,TRUE
fare_BLR-COK_6E_2026-10-08_T+30_1788903777287_wj9r,BLR-COK,EaseMyTrip,6E,6E-882,2026-10-08,T+30,3190,700,3890,2026-09-08T21:27:15.446Z,FALSE,"",07:10,TRUE
fare_BLR-COK_6E_2026-10-08_T+30_1788903777287_8lln,BLR-COK,EaseMyTrip,6E,6E-316,2026-10-08,T+30,3190,700,3890,2026-09-08T21:27:15.446Z,FALSE,"",07:10,TRUE
fare_BLR-COK_6E_2026-10-08_T+30_1788903777287_x28n,BLR-COK,EaseMyTrip,6E,6E-7005,2026-10-08,T+30,3190,700,3890,2026-09-08T21:27:15.446Z,FALSE,"",08:05,TRUE
fare_BLR-COK_6E_2026-10-08_T+30_1788903777287_klmd,BLR-COK,EaseMyTrip,6E,6E-943,2026-10-08,T+30,3190,700,3890,2026-09-08T21:27:15.446Z,FALSE,"",14:25,TRUE
fare_BLR-COK_6E_2026-10-08_T+30_1788903777287_valp,BLR-COK,EaseMyTrip,6E,6E-802,2026-10-08,T+30,3190,700,3890,2026-09-08T21:27:15.446Z,FALSE,"",14:25,TRUE
fare_BLR-COK_6E_2026-10-08_T+30_1788903777287_ikdd,BLR-COK,EaseMyTrip,6E,6E-2138,2026-10-08,T+30,3190,700,3890,2026-09-08T21:27:15.446Z,FALSE,"",15:50,TRUE
fare_BLR-COK_6E_2026-10-08_T+30_1788903777287_9xkq,BLR-COK,EaseMyTrip,6E,6E-650,2026-10-08,T+30,3190,700,3890,2026-09-08T21:27:15.446Z,FALSE,"",18:00,TRUE
fare_BLR-COK_6E_2026-10-08_T+30_1788903777287_k4yu,BLR-COK,EaseMyTrip,6E,6E-923,2026-10-08,T+30,3190,700,3890,2026-09-08T21:27:15.446Z,FALSE,"",18:00,TRUE
fare_BLR-COK_6E_2026-10-08_T+30_1788903777287_dgta,BLR-COK,EaseMyTrip,6E,6E-516,2026-10-08,T+30,3449,757,4206,2026-09-08T21:27:15.446Z,FALSE,"",20:25,TRUE
fare_BLR-COK_6E_2026-10-08_T+30_1788903777287_ls12,BLR-COK,EaseMyTrip,6E,6E-822,2026-10-08,T+30,3449,757,4206,2026-09-08T21:27:15.446Z,FALSE,"",20:25,TRUE
fare_BLR-COK_6E_2026-10-08_T+30_1788903777287_bzlt,BLR-COK,EaseMyTrip,6E,6E-6445,2026-10-08,T+30,3737,820,4557,2026-09-08T21:27:15.446Z,FALSE,"",10:25,TRUE
fare_BLR-COK_6E_2026-10-08_T+30_1788903777287_mtwc,BLR-COK,EaseMyTrip,6E,6E-746,2026-10-08,T+30,3737,820,4557,2026-09-08T21:27:15.446Z,FALSE,"",12:55,TRUE
fare_BLR-COK_6E_2026-10-08_T+30_1788903777287_hwrr,BLR-COK,EaseMyTrip,6E,6E-539,2026-10-08,T+30,3737,820,4557,2026-09-08T21:27:15.446Z,FALSE,"",12:55,TRUE
fare_BLR-COK_QP_2026-10-08_T+30_1788903777287_kyqp,BLR-COK,EaseMyTrip,QP,QP-1515,2026-10-08,T+30,5754,1263,7017,2026-09-08T21:27:15.446Z,FALSE,"",06:00,FALSE
fare_BLR-COK_QP_2026-10-08_T+30_1788903777287_u5kf,BLR-COK,EaseMyTrip,QP,QP-1517,2026-10-08,T+30,5754,1263,7017,2026-09-08T21:27:15.446Z,FALSE,"",05:00,FALSE
fare_BLR-COK_AI_2026-10-08_T+30_1788903777287_g88l,BLR-COK,EaseMyTrip,AI,AI-2858,2026-10-08,T+30,9564,2100,11664,2026-09-08T21:27:15.446Z,FALSE,"",02:20,FALSE
fare_BLR-COK_AI_2026-10-08_T+30_1788903777287_iolm,BLR-COK,EaseMyTrip,AI,AI-2811,2026-10-08,T+30,9909,2175,12084,2026-09-08T21:27:15.446Z,FALSE,"",23:40,FALSE
fare_BLR-COK_AI_2026-10-08_T+30_1788903777287_z9tw,BLR-COK,EaseMyTrip,AI,AI-2642,2026-10-08,T+30,12187,2675,14862,2026-09-08T21:27:15.446Z,FALSE,"",21:30,FALSE
fare_BLR-COK_AI_2026-10-08_T+30_1788903777287_jn63,BLR-COK,EaseMyTrip,AI,AI-2854,2026-10-08,T+30,12187,2675,14862,2026-09-08T21:27:15.446Z,FALSE,"",18:05,FALSE
fare_BLR-COK_AI_2026-10-08_T+30_1788903777287_5xzp,BLR-COK,EaseMyTrip,AI,AI-2610,2026-10-08,T+30,12218,2682,14900,2026-09-08T21:27:15.446Z,FALSE,"",19:00,FALSE
fare_BLR-COK_AI_2026-10-08_T+30_1788903777287_5u8e,BLR-COK,EaseMyTrip,AI,AI-2852,2026-10-08,T+30,12826,2816,15642,2026-09-08T21:27:15.446Z,FALSE,"",10:30,FALSE
fare_BLR-COK_AI_2026-10-08_T+30_1788903777287_wqc7,BLR-COK,EaseMyTrip,AI,AI-2604,2026-10-08,T+30,12926,2838,15764,2026-09-08T21:27:15.446Z,FALSE,"",09:15,FALSE
fare_BLR-COK_AI_2026-10-08_T+30_1788903777287_d52a,BLR-COK,EaseMyTrip,AI,AI-2630,2026-10-08,T+30,12926,2838,15764,2026-09-08T21:27:15.446Z,FALSE,"",12:05,FALSE
fare_BLR-COK_AI_2026-10-08_T+30_1788903777287_rqec,BLR-COK,EaseMyTrip,AI,AI-2402,2026-10-08,T+30,12940,2841,15781,2026-09-08T21:27:15.446Z,FALSE,"",06:35,FALSE
fare_BLR-COK_AI_2026-10-08_T+30_1788903777287_xw3m,BLR-COK,EaseMyTrip,AI,AI-2846,2026-10-08,T+30,13027,2859,15886,2026-09-08T21:27:15.446Z,FALSE,"",08:20,FALSE
fare_BLR-COK_AI_2026-10-08_T+30_1788903777287_ofiv,BLR-COK,EaseMyTrip,AI,AI-2850,2026-10-08,T+30,13131,2882,16013,2026-09-08T21:27:15.446Z,FALSE,"",20:30,FALSE
fare_BLR-COK_AI_2026-10-08_T+30_1788903777287_ixfx,BLR-COK,EaseMyTrip,AI,AI-9570,2026-10-08,T+30,14748,3237,17985,2026-09-08T21:27:15.446Z,FALSE,"",06:05,FALSE
fare_BLR-COK_AI_2026-10-08_T+30_1788903777287_m2c9,BLR-COK,EaseMyTrip,AI,AI-9568,2026-10-08,T+30,14941,3280,18221,2026-09-08T21:27:15.446Z,FALSE,"",17:15,FALSE
fare_BLR-COK_AI_2026-10-08_T+30_1788903777287_1pct,BLR-COK,EaseMyTrip,AI,AI-9564,2026-10-08,T+30,14941,3280,18221,2026-09-08T21:27:15.446Z,FALSE,"",14:55,FALSE
fare_BLR-COK_AI_2026-10-08_T+30_1788903777287_qyb9,BLR-COK,EaseMyTrip,AI,AI-9572,2026-10-08,T+30,15145,3324,18469,2026-09-08T21:27:15.446Z,FALSE,"",12:30,FALSE
fare_BLR-COK_AI_2026-10-08_T+30_1788903777287_ygdw,BLR-COK,EaseMyTrip,AI,AI-9566,2026-10-08,T+30,15728,3452,19180,2026-09-08T21:27:15.446Z,FALSE,"",19:10,FALSE
fare_BLR-COK_6E_2026-10-23_T+45_1788903777287_rx4z,BLR-COK,EaseMyTrip,6E,6E-900,2026-10-23,T+45,3190,700,3890,2026-09-08T21:27:21.610Z,FALSE,"",18:00,TRUE
fare_BLR-COK_6E_2026-10-23_T+45_1788903777287_0oqt,BLR-COK,EaseMyTrip,6E,6E-844,2026-10-23,T+45,3190,700,3890,2026-09-08T21:27:21.610Z,FALSE,"",18:00,TRUE
fare_BLR-COK_IX_2026-10-23_T+45_1788903777287_k3br,BLR-COK,EaseMyTrip,IX,IX-2678,2026-10-23,T+45,3733,820,4553,2026-09-08T21:27:21.610Z,FALSE,"",05:30,TRUE
fare_BLR-COK_IX_2026-10-23_T+45_1788903777287_z7do,BLR-COK,EaseMyTrip,IX,IX-1893,2026-10-23,T+45,3733,820,4553,2026-09-08T21:27:21.610Z,FALSE,"",08:40,TRUE
fare_BLR-COK_6E_2026-10-23_T+45_1788903777287_t2l6,BLR-COK,EaseMyTrip,6E,6E-776,2026-10-23,T+45,3300,724,4024,2026-09-08T21:27:21.610Z,FALSE,"",07:05,TRUE
fare_BLR-COK_6E_2026-10-23_T+45_1788903777287_5v4t,BLR-COK,EaseMyTrip,6E,6E-192,2026-10-23,T+45,3300,724,4024,2026-09-08T21:27:21.610Z,FALSE,"",07:05,TRUE
fare_BLR-COK_6E_2026-10-23_T+45_1788903777287_q0nu,BLR-COK,EaseMyTrip,6E,6E-531,2026-10-23,T+45,3737,820,4557,2026-09-08T21:27:21.610Z,FALSE,"",07:10,TRUE
fare_BLR-COK_6E_2026-10-23_T+45_1788903777287_q5qj,BLR-COK,EaseMyTrip,6E,6E-106,2026-10-23,T+45,3737,820,4557,2026-09-08T21:27:21.610Z,FALSE,"",07:10,TRUE
fare_BLR-COK_6E_2026-10-23_T+45_1788903777287_fvt8,BLR-COK,EaseMyTrip,6E,6E-950,2026-10-23,T+45,3737,820,4557,2026-09-08T21:27:21.610Z,FALSE,"",20:25,TRUE
fare_BLR-COK_6E_2026-10-23_T+45_1788903777287_nxl8,BLR-COK,EaseMyTrip,6E,6E-238,2026-10-23,T+45,3737,820,4557,2026-09-08T21:27:21.610Z,FALSE,"",20:25,TRUE
fare_BLR-COK_6E_2026-10-23_T+45_1788903777287_z26b,BLR-COK,EaseMyTrip,6E,6E-353,2026-10-23,T+45,4055,890,4945,2026-09-08T21:27:21.610Z,FALSE,"",12:55,TRUE
fare_BLR-COK_6E_2026-10-23_T+45_1788903777287_w3ma,BLR-COK,EaseMyTrip,6E,6E-365,2026-10-23,T+45,4055,890,4945,2026-09-08T21:27:21.610Z,FALSE,"",12:55,TRUE
fare_BLR-COK_IX_2026-10-23_T+45_1788903777287_iq2v,BLR-COK,EaseMyTrip,IX,IX-2116,2026-10-23,T+45,4404,967,5371,2026-09-08T21:27:21.610Z,FALSE,"",21:00,TRUE
fare_BLR-COK_6E_2026-10-23_T+45_1788903777288_cy44,BLR-COK,EaseMyTrip,6E,6E-6445,2026-10-23,T+45,4408,968,5376,2026-09-08T21:27:21.610Z,FALSE,"",10:25,TRUE
fare_BLR-COK_6E_2026-10-23_T+45_1788903777288_hbpx,BLR-COK,EaseMyTrip,6E,6E-651,2026-10-23,T+45,4408,968,5376,2026-09-08T21:27:21.610Z,FALSE,"",14:25,TRUE
fare_BLR-COK_6E_2026-10-23_T+45_1788903777288_19nv,BLR-COK,EaseMyTrip,6E,6E-288,2026-10-23,T+45,4408,968,5376,2026-09-08T21:27:21.610Z,FALSE,"",14:25,TRUE
fare_BLR-COK_6E_2026-10-23_T+45_1788903777288_6oh8,BLR-COK,EaseMyTrip,6E,6E-7005,2026-10-23,T+45,5234,1149,6383,2026-09-08T21:27:21.610Z,FALSE,"",08:05,TRUE
fare_BLR-COK_QP_2026-10-23_T+45_1788903777288_sr1i,BLR-COK,EaseMyTrip,QP,QP-1515,2026-10-23,T+45,5754,1263,7017,2026-09-08T21:27:21.610Z,FALSE,"",06:00,FALSE
fare_BLR-COK_QP_2026-10-23_T+45_1788903777288_tnas,BLR-COK,EaseMyTrip,QP,QP-1517,2026-10-23,T+45,5754,1263,7017,2026-09-08T21:27:21.610Z,FALSE,"",05:00,FALSE
fare_BLR-COK_AI_2026-10-23_T+45_1788903777288_bjgo,BLR-COK,EaseMyTrip,AI,AI-2858,2026-10-23,T+45,10772,2365,13137,2026-09-08T21:27:21.610Z,FALSE,"",02:20,FALSE
fare_BLR-COK_AI_2026-10-23_T+45_1788903777288_uxtr,BLR-COK,EaseMyTrip,AI,AI-2811,2026-10-23,T+45,12202,2678,14880,2026-09-08T21:27:21.610Z,FALSE,"",23:40,FALSE
fare_BLR-COK_AI_2026-10-23_T+45_1788903777288_vx7p,BLR-COK,EaseMyTrip,AI,AI-2402,2026-10-23,T+45,13085,2872,15957,2026-09-08T21:27:21.610Z,FALSE,"",06:35,FALSE
fare_BLR-COK_AI_2026-10-23_T+45_1788903777288_v50x,BLR-COK,EaseMyTrip,AI,AI-2630,2026-10-23,T+45,13190,2895,16085,2026-09-08T21:27:21.610Z,FALSE,"",12:05,FALSE
fare_BLR-COK_AI_2026-10-23_T+45_1788903777288_zw14,BLR-COK,EaseMyTrip,AI,AI-2852,2026-10-23,T+45,13494,2962,16456,2026-09-08T21:27:21.610Z,FALSE,"",10:30,FALSE
fare_BLR-COK_AI_2026-10-23_T+45_1788903777288_cge4,BLR-COK,EaseMyTrip,AI,AI-2642,2026-10-23,T+45,13604,2986,16590,2026-09-08T21:27:21.610Z,FALSE,"",21:30,FALSE
fare_BLR-COK_AI_2026-10-23_T+45_1788903777288_edjm,BLR-COK,EaseMyTrip,AI,AI-2840,2026-10-23,T+45,13751,3019,16770,2026-09-08T21:27:21.610Z,FALSE,"",22:30,FALSE
fare_BLR-COK_AI_2026-10-23_T+45_1788903777288_hgsl,BLR-COK,EaseMyTrip,AI,AI-2854,2026-10-23,T+45,13770,3023,16793,2026-09-08T21:27:21.610Z,FALSE,"",18:05,FALSE
fare_BLR-COK_AI_2026-10-23_T+45_1788903777288_kpd3,BLR-COK,EaseMyTrip,AI,AI-2850,2026-10-23,T+45,14106,3097,17203,2026-09-08T21:27:21.610Z,FALSE,"",20:30,FALSE
fare_BLR-COK_AI_2026-10-23_T+45_1788903777288_x8zn,BLR-COK,EaseMyTrip,AI,AI-2604,2026-10-23,T+45,14699,3227,17926,2026-09-08T21:27:21.610Z,FALSE,"",09:15,FALSE
fare_BLR-DEL_IX_2026-09-09_T+1_1788903777288_m03y,BLR-DEL,EaseMyTrip,IX,IX-1040,2026-09-09,T+1,6858,1506,8364,2026-09-08T21:21:50.439Z,FALSE,"",14:40,TRUE
fare_BLR-DEL_6E_2026-09-09_T+1_1788903777288_x3xr,BLR-DEL,EaseMyTrip,6E,6E-6558,2026-09-09,T+1,6817,1497,8314,2026-09-08T21:21:50.439Z,FALSE,"",09:05,FALSE
fare_BLR-DEL_6E_2026-09-09_T+1_1788903777288_nt69,BLR-DEL,EaseMyTrip,6E,6E-301,2026-09-09,T+1,6858,1506,8364,2026-09-08T21:21:50.439Z,FALSE,"",13:55,TRUE
fare_BLR-DEL_6E_2026-09-09_T+1_1788903777288_47c2,BLR-DEL,EaseMyTrip,6E,6E-615,2026-09-09,T+1,6858,1506,8364,2026-09-08T21:21:50.439Z,FALSE,"",13:55,TRUE
fare_BLR-DEL_6E_2026-09-09_T+1_1788903777288_jy2i,BLR-DEL,EaseMyTrip,6E,6E-279,2026-09-09,T+1,6858,1506,8364,2026-09-08T21:21:50.439Z,FALSE,"",13:10,TRUE
fare_BLR-DEL_6E_2026-09-09_T+1_1788903777288_zv5f,BLR-DEL,EaseMyTrip,6E,6E-278,2026-09-09,T+1,6858,1506,8364,2026-09-08T21:21:50.439Z,FALSE,"",13:10,TRUE
fare_BLR-DEL_6E_2026-09-09_T+1_1788903777288_usmt,BLR-DEL,EaseMyTrip,6E,6E-2518,2026-09-09,T+1,6858,1506,8364,2026-09-08T21:21:50.439Z,FALSE,"",09:20,TRUE
fare_BLR-DEL_6E_2026-09-09_T+1_1788903777288_mbpg,BLR-DEL,EaseMyTrip,6E,6E-462,2026-09-09,T+1,6872,1508,8380,2026-09-08T21:21:50.439Z,FALSE,"",20:40,FALSE
fare_BLR-DEL_6E_2026-09-09_T+1_1788903777288_q6d9,BLR-DEL,EaseMyTrip,6E,6E-166,2026-09-09,T+1,6872,1508,8380,2026-09-08T21:21:50.439Z,FALSE,"",20:40,FALSE
fare_BLR-DEL_6E_2026-09-09_T+1_1788903777288_v3ek,BLR-DEL,EaseMyTrip,6E,6E-6423,2026-09-09,T+1,6872,1508,8380,2026-09-08T21:21:50.439Z,FALSE,"",20:00,FALSE
fare_BLR-DEL_6E_2026-09-09_T+1_1788903777288_yk0h,BLR-DEL,EaseMyTrip,6E,6E-944,2026-09-09,T+1,6872,1508,8380,2026-09-08T21:21:50.439Z,FALSE,"",21:40,FALSE
fare_BLR-DEL_6E_2026-09-09_T+1_1788903777288_pas4,BLR-DEL,EaseMyTrip,6E,6E-551,2026-09-09,T+1,6872,1508,8380,2026-09-08T21:21:50.439Z,FALSE,"",21:40,FALSE
fare_BLR-DEL_6E_2026-09-09_T+1_1788903777288_sfj1,BLR-DEL,EaseMyTrip,6E,6E-6712,2026-09-09,T+1,6936,1523,8459,2026-09-08T21:21:50.439Z,FALSE,"",12:35,FALSE
fare_BLR-DEL_6E_2026-09-09_T+1_1788903777288_qwfl,BLR-DEL,EaseMyTrip,6E,6E-6141,2026-09-09,T+1,6936,1523,8459,2026-09-08T21:21:50.439Z,FALSE,"",18:20,FALSE
fare_BLR-DEL_6E_2026-09-09_T+1_1788903777288_zz0f,BLR-DEL,EaseMyTrip,6E,6E-559,2026-09-09,T+1,6936,1523,8459,2026-09-08T21:21:50.439Z,FALSE,"",19:10,FALSE
fare_BLR-DEL_6E_2026-09-09_T+1_1788903777288_4btz,BLR-DEL,EaseMyTrip,6E,6E-687,2026-09-09,T+1,6936,1523,8459,2026-09-08T21:21:50.439Z,FALSE,"",19:10,FALSE
fare_BLR-DEL_6E_2026-09-09_T+1_1788903777288_42tm,BLR-DEL,EaseMyTrip,6E,6E-6875,2026-09-09,T+1,6936,1523,8459,2026-09-08T21:21:50.439Z,FALSE,"",19:55,FALSE
fare_BLR-DEL_6E_2026-09-09_T+1_1788903777288_55sh,BLR-DEL,EaseMyTrip,6E,6E-533,2026-09-09,T+1,6936,1523,8459,2026-09-08T21:21:50.439Z,FALSE,"",15:10,FALSE
fare_BLR-DEL_6E_2026-09-09_T+1_1788903777288_emn6,BLR-DEL,EaseMyTrip,6E,6E-857,2026-09-09,T+1,6936,1523,8459,2026-09-08T21:21:50.439Z,FALSE,"",15:10,FALSE
fare_BLR-DEL_QP_2026-09-09_T+1_1788903777288_2nip,BLR-DEL,EaseMyTrip,QP,QP-1359,2026-09-09,T+1,6974,1531,8505,2026-09-08T21:21:50.439Z,FALSE,"",05:00,TRUE
fare_BLR-DEL_6E_2026-09-09_T+1_1788903777288_mucy,BLR-DEL,EaseMyTrip,6E,6E-6451,2026-09-09,T+1,7044,1546,8590,2026-09-08T21:21:50.439Z,FALSE,"",16:45,FALSE
fare_BLR-DEL_AI_2026-09-09_T+1_1788903777288_qrxk,BLR-DEL,EaseMyTrip,AI,AI-2804,2026-09-09,T+1,7245,1590,8835,2026-09-08T21:21:50.439Z,FALSE,"",10:00,TRUE
fare_BLR-DEL_AI_2026-09-09_T+1_1788903777288_r4j0,BLR-DEL,EaseMyTrip,AI,AI-2406,2026-09-09,T+1,7245,1590,8835,2026-09-08T21:21:50.439Z,FALSE,"",11:00,TRUE
fare_BLR-DEL_6E_2026-09-09_T+1_1788903777288_9409,BLR-DEL,EaseMyTrip,6E,6E-2455,2026-09-09,T+1,7232,1587,8819,2026-09-08T21:21:50.439Z,FALSE,"",06:25,TRUE
fare_BLR-DEL_IX_2026-09-09_T+1_1788903777288_y4p2,BLR-DEL,EaseMyTrip,IX,IX-1540,2026-09-09,T+1,7631,1675,9306,2026-09-08T21:21:50.439Z,FALSE,"",15:25,FALSE
fare_BLR-DEL_IX_2026-09-09_T+1_1788903777288_f0yu,BLR-DEL,EaseMyTrip,IX,IX-1239,2026-09-09,T+1,7631,1675,9306,2026-09-08T21:21:50.439Z,FALSE,"",06:35,FALSE
fare_BLR-DEL_IX_2026-09-09_T+1_1788903777288_zxn4,BLR-DEL,EaseMyTrip,IX,IX-1541,2026-09-09,T+1,7631,1675,9306,2026-09-08T21:21:50.439Z,FALSE,"",19:05,FALSE
fare_BLR-DEL_IX_2026-09-09_T+1_1788903777288_61tq,BLR-DEL,EaseMyTrip,IX,IX-5201,2026-09-09,T+1,7631,1675,9306,2026-09-08T21:21:50.439Z,FALSE,"",21:30,FALSE
fare_BLR-DEL_QP_2026-09-09_T+1_1788903777288_9ihi,BLR-DEL,EaseMyTrip,QP,QP-1821,2026-09-09,T+1,7338,1611,8949,2026-09-08T21:21:50.439Z,FALSE,"",13:10,TRUE
fare_BLR-DEL_6E_2026-09-09_T+1_1788903777288_erl2,BLR-DEL,EaseMyTrip,6E,6E-690,2026-09-09,T+1,7403,1625,9028,2026-09-08T21:21:50.439Z,FALSE,"",21:40,FALSE
fare_BLR-DEL_6E_2026-09-09_T+1_1788903777288_2gq6,BLR-DEL,EaseMyTrip,6E,6E-637,2026-09-09,T+1,7403,1625,9028,2026-09-08T21:21:50.439Z,FALSE,"",21:40,FALSE
fare_BLR-DEL_6E_2026-09-09_T+1_1788903777288_z5xm,BLR-DEL,EaseMyTrip,6E,6E-298,2026-09-09,T+1,7403,1625,9028,2026-09-08T21:21:50.439Z,FALSE,"",19:00,FALSE
fare_BLR-DEL_IX_2026-09-09_T+1_1788903777288_46hg,BLR-DEL,EaseMyTrip,IX,IX-2053,2026-09-09,T+1,8205,1801,10006,2026-09-08T21:21:50.439Z,FALSE,"",16:50,FALSE
fare_BLR-DEL_6E_2026-09-09_T+1_1788903777288_os6c,BLR-DEL,EaseMyTrip,6E,6E-230,2026-09-09,T+1,7605,1669,9274,2026-09-08T21:21:50.439Z,FALSE,"",16:20,FALSE
fare_BLR-DEL_6E_2026-09-09_T+1_1788903777288_8fjo,BLR-DEL,EaseMyTrip,6E,6E-892,2026-09-09,T+1,7605,1669,9274,2026-09-08T21:21:50.439Z,FALSE,"",16:20,FALSE
fare_BLR-DEL_6E_2026-09-09_T+1_1788903777288_ugro,BLR-DEL,EaseMyTrip,6E,6E-800,2026-09-09,T+1,7605,1669,9274,2026-09-08T21:21:50.439Z,FALSE,"",09:35,FALSE
fare_BLR-DEL_6E_2026-09-09_T+1_1788903777288_ug9n,BLR-DEL,EaseMyTrip,6E,6E-304,2026-09-09,T+1,7605,1669,9274,2026-09-08T21:21:50.439Z,FALSE,"",09:35,FALSE
fare_BLR-DEL_6E_2026-09-09_T+1_1788903777288_zvkd,BLR-DEL,EaseMyTrip,6E,6E-238,2026-09-09,T+1,7631,1675,9306,2026-09-08T21:21:50.439Z,FALSE,"",12:00,TRUE
fare_BLR-DEL_6E_2026-09-09_T+1_1788903777288_9hhd,BLR-DEL,EaseMyTrip,6E,6E-500,2026-09-09,T+1,7631,1675,9306,2026-09-08T21:21:50.439Z,FALSE,"",12:00,TRUE
fare_BLR-DEL_AI_2026-09-09_T+1_1788903777288_2o0v,BLR-DEL,EaseMyTrip,AI,AI-2486,2026-09-09,T+1,8017,1760,9777,2026-09-08T21:21:50.439Z,FALSE,"",14:00,TRUE
fare_BLR-DEL_6E_2026-09-09_T+1_1788903777288_desu,BLR-DEL,EaseMyTrip,6E,6E-746,2026-09-09,T+1,7986,1753,9739,2026-09-08T21:21:50.439Z,FALSE,"",17:30,FALSE
fare_BLR-DEL_6E_2026-09-09_T+1_1788903777288_sbuz,BLR-DEL,EaseMyTrip,6E,6E-275,2026-09-09,T+1,7986,1753,9739,2026-09-08T21:21:50.439Z,FALSE,"",17:30,FALSE
fare_BLR-DEL_6E_2026-09-09_T+1_1788903777288_q8pl,BLR-DEL,EaseMyTrip,6E,6E-771,2026-09-09,T+1,8056,1769,9825,2026-09-08T21:21:50.439Z,FALSE,"",05:05,TRUE
fare_BLR-DEL_6E_2026-09-09_T+1_1788903777288_02bz,BLR-DEL,EaseMyTrip,6E,6E-531,2026-09-09,T+1,8056,1769,9825,2026-09-08T21:21:50.439Z,FALSE,"",05:05,TRUE
fare_BLR-DEL_6E_2026-09-09_T+1_1788903777288_9tz7,BLR-DEL,EaseMyTrip,6E,6E-366,2026-09-09,T+1,8056,1769,9825,2026-09-08T21:21:50.439Z,FALSE,"",10:45,TRUE
fare_BLR-DEL_6E_2026-09-09_T+1_1788903777288_1kvb,BLR-DEL,EaseMyTrip,6E,6E-233,2026-09-09,T+1,8056,1769,9825,2026-09-08T21:21:50.439Z,FALSE,"",10:45,TRUE
fare_BLR-DEL_6E_2026-09-09_T+1_1788903777288_9nsm,BLR-DEL,EaseMyTrip,6E,6E-6277,2026-09-09,T+1,8158,1791,9949,2026-09-08T21:21:50.439Z,FALSE,"",14:45,FALSE
fare_BLR-DEL_QP_2026-09-09_T+1_1788903777288_7z52,BLR-DEL,EaseMyTrip,QP,QP-1823,2026-09-09,T+1,8183,1796,9979,2026-09-08T21:21:50.439Z,FALSE,"",06:05,TRUE
fare_BLR-DEL_IX_2026-09-09_T+1_1788903777288_l8m2,BLR-DEL,EaseMyTrip,IX,IX-1405,2026-09-09,T+1,8503,1867,10370,2026-09-08T21:21:50.439Z,FALSE,"",11:45,FALSE
fare_BLR-DEL_AI_2026-09-09_T+1_1788903777288_t0gd,BLR-DEL,EaseMyTrip,AI,AI-2418,2026-09-09,T+1,8442,1853,10295,2026-09-08T21:21:50.439Z,FALSE,"",16:30,TRUE
fare_BLR-DEL_IX_2026-09-09_T+1_1788903777288_cyfx,BLR-DEL,EaseMyTrip,IX,IX-2786,2026-09-09,T+1,9107,1999,11106,2026-09-08T21:21:50.439Z,FALSE,"",09:20,FALSE
fare_BLR-DEL_IX_2026-09-09_T+1_1788903777288_whiw,BLR-DEL,EaseMyTrip,IX,IX-2924,2026-09-09,T+1,9107,1999,11106,2026-09-08T21:21:50.439Z,FALSE,"",08:30,FALSE
fare_BLR-DEL_6E_2026-09-09_T+1_1788903777288_11m8,BLR-DEL,EaseMyTrip,6E,6E-395,2026-09-09,T+1,8510,1868,10378,2026-09-08T21:21:50.439Z,FALSE,"",15:45,TRUE
fare_BLR-DEL_6E_2026-09-09_T+1_1788903777288_1n2m,BLR-DEL,EaseMyTrip,6E,6E-999,2026-09-09,T+1,8510,1868,10378,2026-09-08T21:21:50.439Z,FALSE,"",15:45,TRUE
fare_BLR-DEL_QP_2026-09-09_T+1_1788903777288_z08v,BLR-DEL,EaseMyTrip,QP,QP-1307,2026-09-09,T+1,8644,1897,10541,2026-09-08T21:21:50.439Z,FALSE,"",17:20,TRUE
fare_BLR-DEL_6E_2026-09-09_T+1_1788903777288_n2au,BLR-DEL,EaseMyTrip,6E,6E-6653,2026-09-09,T+1,8692,1908,10600,2026-09-08T21:21:50.439Z,FALSE,"",12:35,FALSE
fare_BLR-DEL_6E_2026-09-09_T+1_1788903777288_p7b2,BLR-DEL,EaseMyTrip,6E,6E-6353,2026-09-09,T+1,8799,1931,10730,2026-09-08T21:21:50.439Z,FALSE,"",07:10,FALSE
fare_BLR-DEL_6E_2026-09-09_T+1_1788903777288_xm2t,BLR-DEL,EaseMyTrip,6E,6E-2313,2026-09-09,T+1,8995,1974,10969,2026-09-08T21:21:50.439Z,FALSE,"",23:30,TRUE
fare_BLR-DEL_6E_2026-09-09_T+1_1788903777288_z4in,BLR-DEL,EaseMyTrip,6E,6E-584,2026-09-09,T+1,8995,1974,10969,2026-09-08T21:21:50.439Z,FALSE,"",09:30,TRUE
fare_BLR-DEL_6E_2026-09-09_T+1_1788903777288_x23j,BLR-DEL,EaseMyTrip,6E,6E-926,2026-09-09,T+1,8995,1974,10969,2026-09-08T21:21:50.439Z,FALSE,"",09:30,TRUE
fare_BLR-DEL_AI_2026-09-09_T+1_1788903777288_d3sy,BLR-DEL,EaseMyTrip,AI,AI-2488,2026-09-09,T+1,9381,2059,11440,2026-09-08T21:21:50.439Z,FALSE,"",22:30,TRUE
fare_BLR-DEL_AI_2026-09-09_T+1_1788903777288_f43p,BLR-DEL,EaseMyTrip,AI,AI-9475,2026-09-09,T+1,9485,2082,11567,2026-09-08T21:21:50.439Z,FALSE,"",11:45,FALSE
fare_BLR-DEL_AI_2026-09-09_T+1_1788903777288_d9m4,BLR-DEL,EaseMyTrip,AI,AI-9547,2026-09-09,T+1,9485,2082,11567,2026-09-08T21:21:50.439Z,FALSE,"",19:05,FALSE
fare_BLR-DEL_6E_2026-09-09_T+1_1788903777288_p0vh,BLR-DEL,EaseMyTrip,6E,6E-768,2026-09-09,T+1,10064,2209,12273,2026-09-08T21:21:50.439Z,FALSE,"",08:15,TRUE
fare_BLR-DEL_6E_2026-09-09_T+1_1788903777288_zvnq,BLR-DEL,EaseMyTrip,6E,6E-251,2026-09-09,T+1,10064,2209,12273,2026-09-08T21:21:50.439Z,FALSE,"",08:15,TRUE
fare_BLR-DEL_6E_2026-09-09_T+1_1788903777288_b8g3,BLR-DEL,EaseMyTrip,6E,6E-6465,2026-09-09,T+1,10107,2219,12326,2026-09-08T21:21:50.439Z,FALSE,"",17:15,FALSE
fare_BLR-DEL_6E_2026-09-09_T+1_1788903777288_wzgf,BLR-DEL,EaseMyTrip,6E,6E-6162,2026-09-09,T+1,10171,2233,12404,2026-09-08T21:21:50.439Z,FALSE,"",18:50,FALSE
fare_BLR-DEL_AI_2026-09-09_T+1_1788903777288_y57g,BLR-DEL,EaseMyTrip,AI,AI-9903,2026-09-09,T+1,10392,2281,12673,2026-09-08T21:21:50.439Z,FALSE,"",15:25,FALSE
fare_BLR-DEL_AI_2026-09-09_T+1_1788903777288_a8n0,BLR-DEL,EaseMyTrip,AI,AI-2665,2026-09-09,T+1,10449,2294,12743,2026-09-08T21:21:50.439Z,FALSE,"",19:40,TRUE
fare_BLR-DEL_AI_2026-09-09_T+1_1788903777288_4fb2,BLR-DEL,EaseMyTrip,AI,AI-2820,2026-09-09,T+1,10449,2294,12743,2026-09-08T21:21:50.439Z,FALSE,"",17:25,TRUE
fare_BLR-DEL_6E_2026-09-09_T+1_1788903777288_h3u9,BLR-DEL,EaseMyTrip,6E,6E-919,2026-09-09,T+1,10653,2338,12991,2026-09-08T21:21:50.439Z,FALSE,"",07:00,TRUE
fare_BLR-DEL_6E_2026-09-09_T+1_1788903777288_ta20,BLR-DEL,EaseMyTrip,6E,6E-154,2026-09-09,T+1,10653,2338,12991,2026-09-08T21:21:50.439Z,FALSE,"",07:00,TRUE
fare_BLR-DEL_6E_2026-09-09_T+1_1788903777288_fyyy,BLR-DEL,EaseMyTrip,6E,6E-6554,2026-09-09,T+1,10832,2378,13210,2026-09-08T21:21:50.439Z,FALSE,"",19:15,FALSE
fare_BLR-DEL_6E_2026-09-09_T+1_1788903777288_bxkg,BLR-DEL,EaseMyTrip,6E,6E-466,2026-09-09,T+1,10851,2382,13233,2026-09-08T21:21:50.439Z,FALSE,"",09:15,FALSE
fare_BLR-DEL_6E_2026-09-09_T+1_1788903777288_w24d,BLR-DEL,EaseMyTrip,6E,6E-573,2026-09-09,T+1,10851,2382,13233,2026-09-08T21:21:50.439Z,FALSE,"",09:15,FALSE
fare_BLR-DEL_AI_2026-09-09_T+1_1788903777288_z44m,BLR-DEL,EaseMyTrip,AI,AI-2802,2026-09-09,T+1,11038,2423,13461,2026-09-08T21:21:50.439Z,FALSE,"",18:20,TRUE
fare_BLR-DEL_AI_2026-09-09_T+1_1788903777288_mjwm,BLR-DEL,EaseMyTrip,AI,AI-2511,2026-09-09,T+1,11038,2423,13461,2026-09-08T21:21:50.439Z,FALSE,"",15:00,TRUE
fare_BLR-DEL_IX_2026-09-09_T+1_1788903777288_5j3x,BLR-DEL,EaseMyTrip,IX,IX-1893,2026-09-09,T+1,12059,2647,14706,2026-09-08T21:21:50.439Z,FALSE,"",08:40,FALSE
fare_BLR-DEL_AI_2026-09-09_T+1_1788903777288_4spw,BLR-DEL,EaseMyTrip,AI,AI-9970,2026-09-09,T+1,11377,2497,13874,2026-09-08T21:21:50.439Z,FALSE,"",14:45,FALSE
fare_BLR-DEL_6E_2026-09-09_T+1_1788903777288_buos,BLR-DEL,EaseMyTrip,6E,6E-6034,2026-09-09,T+1,11282,2476,13758,2026-09-08T21:21:50.439Z,FALSE,"",18:15,TRUE
fare_BLR-DEL_6E_2026-09-09_T+1_1788903777288_xgoz,BLR-DEL,EaseMyTrip,6E,6E-213,2026-09-09,T+1,11303,2481,13784,2026-09-08T21:21:50.439Z,FALSE,"",08:10,FALSE
fare_BLR-DEL_6E_2026-09-09_T+1_1788903777288_6cuy,BLR-DEL,EaseMyTrip,6E,6E-876,2026-09-09,T+1,11303,2481,13784,2026-09-08T21:21:50.439Z,FALSE,"",08:10,FALSE
fare_BLR-DEL_6E_2026-09-09_T+1_1788903777288_glm7,BLR-DEL,EaseMyTrip,6E,6E-676,2026-09-09,T+1,11539,2533,14072,2026-09-08T21:21:50.439Z,FALSE,"",09:35,FALSE
fare_BLR-DEL_IX_2026-09-09_T+1_1788903777288_pqkb,BLR-DEL,EaseMyTrip,IX,IX-2816,2026-09-09,T+1,11970,2627,14597,2026-09-08T21:21:50.439Z,FALSE,"",10:20,FALSE
fare_BLR-DEL_6E_2026-09-09_T+1_1788903777288_mej3,BLR-DEL,EaseMyTrip,6E,6E-6784,2026-09-09,T+1,11788,2587,14375,2026-09-08T21:21:50.439Z,FALSE,"",21:30,FALSE
fare_BLR-DEL_6E_2026-09-09_T+1_1788903777288_68d6,BLR-DEL,EaseMyTrip,6E,6E-640,2026-09-09,T+1,11788,2587,14375,2026-09-08T21:21:50.439Z,FALSE,"",10:15,FALSE
fare_BLR-DEL_6E_2026-09-09_T+1_1788903777288_9d1i,BLR-DEL,EaseMyTrip,6E,6E-336,2026-09-09,T+1,11788,2587,14375,2026-09-08T21:21:50.439Z,FALSE,"",10:15,FALSE
fare_BLR-DEL_AI_2026-09-09_T+1_1788903777288_mz86,BLR-DEL,EaseMyTrip,AI,AI-2642,2026-09-09,T+1,11953,2624,14577,2026-09-08T21:21:50.439Z,FALSE,"",21:30,FALSE
fare_BLR-DEL_IX_2026-09-09_T+1_1788903777288_ucej,BLR-DEL,EaseMyTrip,IX,IX-2678,2026-09-09,T+1,13288,2917,16205,2026-09-08T21:21:50.439Z,FALSE,"",05:30,FALSE
fare_BLR-DEL_6E_2026-09-09_T+1_1788903777288_9v1u,BLR-DEL,EaseMyTrip,6E,6E-327,2026-09-09,T+1,12186,2675,14861,2026-09-08T21:21:50.439Z,FALSE,"",08:10,FALSE
fare_BLR-DEL_6E_2026-09-09_T+1_1788903777288_m62p,BLR-DEL,EaseMyTrip,6E,6E-580,2026-09-09,T+1,12186,2675,14861,2026-09-08T21:21:50.439Z,FALSE,"",08:10,FALSE
fare_BLR-DEL_AI_2026-09-09_T+1_1788903777288_rgkr,BLR-DEL,EaseMyTrip,AI,AI-9478,2026-09-09,T+1,12437,2730,15167,2026-09-08T21:21:50.439Z,FALSE,"",22:10,FALSE
fare_BLR-DEL_AI_2026-09-09_T+1_1788903777288_stte,BLR-DEL,EaseMyTrip,AI,AI-2810,2026-09-09,T+1,12827,2816,15643,2026-09-08T21:21:50.439Z,FALSE,"",06:00,TRUE
fare_BLR-DEL_AI_2026-09-09_T+1_1788903777288_wrq0,BLR-DEL,EaseMyTrip,AI,AI-2414,2026-09-09,T+1,12827,2816,15643,2026-09-08T21:21:50.439Z,FALSE,"",05:30,TRUE
fare_BLR-DEL_6E_2026-09-09_T+1_1788903777288_bx4g,BLR-DEL,EaseMyTrip,6E,6E-858,2026-09-09,T+1,12670,2781,15451,2026-09-08T21:21:50.439Z,FALSE,"",20:40,TRUE
fare_BLR-DEL_6E_2026-09-09_T+1_1788903777288_lqm4,BLR-DEL,EaseMyTrip,6E,6E-564,2026-09-09,T+1,12670,2781,15451,2026-09-08T21:21:50.439Z,FALSE,"",20:40,TRUE
fare_BLR-DEL_IX_2026-09-09_T+1_1788903777288_uxy0,BLR-DEL,EaseMyTrip,IX,IX-2608,2026-09-09,T+1,13306,2921,16227,2026-09-08T21:21:50.439Z,FALSE,"",16:15,FALSE
fare_BLR-DEL_AI_2026-09-09_T+1_1788903777288_q0mv,BLR-DEL,EaseMyTrip,AI,AI-2818,2026-09-09,T+1,13057,2866,15923,2026-09-08T21:21:50.439Z,FALSE,"",20:00,TRUE
fare_BLR-DEL_IX_2026-09-09_T+1_1788903777288_lsa2,BLR-DEL,EaseMyTrip,IX,IX-2116,2026-09-09,T+1,14122,3100,17222,2026-09-08T21:21:50.439Z,FALSE,"",21:00,FALSE
fare_BLR-DEL_6E_2026-09-09_T+1_1788903777288_4y83,BLR-DEL,EaseMyTrip,6E,6E-6067,2026-09-09,T+1,14573,3199,17772,2026-09-08T21:21:50.439Z,FALSE,"",16:30,FALSE
fare_BLR-DEL_AI_2026-09-09_T+1_1788903777288_87bi,BLR-DEL,EaseMyTrip,AI,AI-2854,2026-09-09,T+1,15348,3369,18717,2026-09-08T21:21:50.439Z,FALSE,"",18:05,FALSE
fare_BLR-DEL_IX_2026-09-09_T+1_1788903777288_hrje,BLR-DEL,EaseMyTrip,IX,IX-1971,2026-09-09,T+1,17634,3871,21505,2026-09-08T21:21:50.439Z,FALSE,"",12:45,FALSE
fare_BLR-DEL_IX_2026-09-09_T+1_1788903777288_no3t,BLR-DEL,EaseMyTrip,IX,IX-2052,2026-09-09,T+1,16848,3698,20546,2026-09-08T21:21:50.439Z,FALSE,"",16:10,FALSE
fare_BLR-DEL_IX_2026-09-09_T+1_1788903777288_0zky,BLR-DEL,EaseMyTrip,IX,IX-1385,2026-09-09,T+1,16919,3714,20633,2026-09-08T21:21:50.439Z,FALSE,"",10:55,FALSE
fare_BLR-DEL_6E_2026-09-09_T+1_1788903777288_js0z,BLR-DEL,EaseMyTrip,6E,6E-6595,2026-09-09,T+1,17315,3801,21116,2026-09-08T21:21:50.439Z,FALSE,"",13:55,FALSE
fare_BLR-DEL_6E_2026-09-09_T+1_1788903777288_o5sa,BLR-DEL,EaseMyTrip,6E,6E-539,2026-09-09,T+1,17450,3830,21280,2026-09-08T21:21:50.439Z,FALSE,"",18:35,FALSE
fare_BLR-DEL_6E_2026-09-09_T+1_1788903777288_bk5e,BLR-DEL,EaseMyTrip,6E,6E-538,2026-09-09,T+1,17450,3830,21280,2026-09-08T21:21:50.439Z,FALSE,"",09:15,FALSE
fare_BLR-DEL_6E_2026-09-09_T+1_1788903777288_jss4,BLR-DEL,EaseMyTrip,6E,6E-883,2026-09-09,T+1,17450,3830,21280,2026-09-08T21:21:50.439Z,FALSE,"",09:15,FALSE
fare_BLR-DEL_6E_2026-09-09_T+1_1788903777288_o4jt,BLR-DEL,EaseMyTrip,6E,6E-257,2026-09-09,T+1,17450,3830,21280,2026-09-08T21:21:50.439Z,FALSE,"",08:15,FALSE
fare_BLR-DEL_6E_2026-09-09_T+1_1788903777288_vsfe,BLR-DEL,EaseMyTrip,6E,6E-469,2026-09-09,T+1,17450,3830,21280,2026-09-08T21:21:50.439Z,FALSE,"",08:15,FALSE
fare_BLR-DEL_AI_2026-09-09_T+1_1788903777288_gwjq,BLR-DEL,EaseMyTrip,AI,AI-9804,2026-09-09,T+1,18055,3963,22018,2026-09-08T21:21:50.439Z,FALSE,"",12:45,FALSE
fare_BLR-DEL_AI_2026-09-09_T+1_1788903777288_l6gz,BLR-DEL,EaseMyTrip,AI,AI-9806,2026-09-09,T+1,18055,3963,22018,2026-09-08T21:21:50.439Z,FALSE,"",17:25,FALSE
fare_BLR-DEL_6E_2026-09-09_T+1_1788903777288_r8m2,BLR-DEL,EaseMyTrip,6E,6E-6178,2026-09-09,T+1,18366,4031,22397,2026-09-08T21:21:50.439Z,FALSE,"",06:25,FALSE
fare_BLR-DEL_IX_2026-09-09_T+1_1788903777288_264y,BLR-DEL,EaseMyTrip,IX,IX-1536,2026-09-09,T+1,19298,4236,23534,2026-09-08T21:21:50.439Z,FALSE,"",15:00,FALSE
fare_BLR-DEL_6E_2026-09-09_T+1_1788903777288_raku,BLR-DEL,EaseMyTrip,6E,6E-460,2026-09-09,T+1,19048,4181,23229,2026-09-08T21:21:50.439Z,FALSE,"",10:45,FALSE
fare_BLR-DEL_6E_2026-09-09_T+1_1788903777288_m18l,BLR-DEL,EaseMyTrip,6E,6E-430,2026-09-09,T+1,19048,4181,23229,2026-09-08T21:21:50.439Z,FALSE,"",10:45,FALSE
fare_BLR-DEL_6E_2026-09-09_T+1_1788903777288_qwh3,BLR-DEL,EaseMyTrip,6E,6E-6104,2026-09-09,T+1,19824,4351,24175,2026-09-08T21:21:50.439Z,FALSE,"",11:40,FALSE
fare_BLR-DEL_IX_2026-09-09_T+1_1788903777288_548z,BLR-DEL,EaseMyTrip,IX,IX-2680,2026-09-09,T+1,21791,4783,26574,2026-09-08T21:21:50.439Z,FALSE,"",21:50,FALSE
fare_BLR-DEL_6E_2026-09-09_T+1_1788903777288_9e90,BLR-DEL,EaseMyTrip,6E,6E-351,2026-09-09,T+1,20017,4394,24411,2026-09-08T21:21:50.439Z,FALSE,"",18:00,FALSE
fare_BLR-DEL_AI_2026-09-09_T+1_1788903777288_n5ps,BLR-DEL,EaseMyTrip,AI,AI-2654,2026-09-09,T+1,20580,4518,25098,2026-09-08T21:21:50.439Z,FALSE,"",07:00,TRUE
fare_BLR-DEL_AI_2026-09-09_T+1_1788903777288_n8mf,BLR-DEL,EaseMyTrip,AI,AI-9810,2026-09-09,T+1,21171,4647,25818,2026-09-08T21:21:50.439Z,FALSE,"",21:50,FALSE
fare_BLR-DEL_QP_2026-09-09_T+1_1788903777288_2fb4,BLR-DEL,EaseMyTrip,QP,QP-1515,2026-09-09,T+1,21147,4642,25789,2026-09-08T21:21:50.439Z,FALSE,"",06:20,FALSE
fare_BLR-DEL_6E_2026-09-09_T+1_1788903777288_ktml,BLR-DEL,EaseMyTrip,6E,6E-6269,2026-09-09,T+1,21207,4655,25862,2026-09-08T21:21:50.439Z,FALSE,"",07:15,FALSE
fare_BLR-DEL_6E_2026-09-09_T+1_1788903777288_3los,BLR-DEL,EaseMyTrip,6E,6E-6283,2026-09-09,T+1,21459,4711,26170,2026-09-08T21:21:50.439Z,FALSE,"",19:05,FALSE
fare_BLR-DEL_6E_2026-09-09_T+1_1788903777288_i0b4,BLR-DEL,EaseMyTrip,6E,6E-5255,2026-09-09,T+1,21518,4724,26242,2026-09-08T21:21:50.439Z,FALSE,"",17:25,FALSE
fare_BLR-DEL_AI_2026-09-09_T+1_1788903777288_2qdf,BLR-DEL,EaseMyTrip,AI,AI-9568,2026-09-09,T+1,22050,4840,26890,2026-09-08T21:21:50.439Z,FALSE,"",17:15,FALSE
fare_BLR-DEL_6E_2026-09-09_T+1_1788903777288_9odn,BLR-DEL,EaseMyTrip,6E,6E-5351,2026-09-09,T+1,23066,5063,28129,2026-09-08T21:21:50.439Z,FALSE,"",14:20,FALSE
fare_BLR-DEL_AI_2026-09-09_T+1_1788903777288_1n5z,BLR-DEL,EaseMyTrip,AI,AI-9457,2026-09-09,T+1,23248,5103,28351,2026-09-08T21:21:50.439Z,FALSE,"",16:15,FALSE
fare_BLR-DEL_QP_2026-09-09_T+1_1788903777288_h285,BLR-DEL,EaseMyTrip,QP,QP-1381,2026-09-09,T+1,23559,5172,28731,2026-09-08T21:21:50.439Z,FALSE,"",04:50,FALSE
fare_BLR-DEL_AI_2026-09-09_T+1_1788903777288_8a6u,BLR-DEL,EaseMyTrip,AI,AI-9602,2026-09-09,T+1,25400,5575,30975,2026-09-08T21:21:50.439Z,FALSE,"",09:15,FALSE
fare_BLR-DEL_6E_2026-09-09_T+1_1788903777288_cjp7,BLR-DEL,EaseMyTrip,6E,6E-5031,2026-09-09,T+1,25651,5631,31282,2026-09-08T21:21:50.439Z,FALSE,"",16:00,FALSE
fare_BLR-DEL_AI_2026-09-09_T+1_1788903777288_rnlp,BLR-DEL,EaseMyTrip,AI,AI-9840,2026-09-09,T+1,26860,5896,32756,2026-09-08T21:21:50.439Z,TRUE,"High outlier: ₹32756 > upper fence ₹32244 (Q3: ₹18481, IQR: ₹9175)",06:10,FALSE
fare_BLR-DEL_AI_2026-09-09_T+1_1788903777288_dqw7,BLR-DEL,EaseMyTrip,AI,AI-9437,2026-09-09,T+1,27650,6069,33719,2026-09-08T21:21:50.439Z,TRUE,"High outlier: ₹33719 > upper fence ₹32244 (Q3: ₹18481, IQR: ₹9175)",07:05,FALSE
fare_BLR-DEL_AI_2026-09-09_T+1_1788903777288_3o59,BLR-DEL,EaseMyTrip,AI,AI-9898,2026-09-09,T+1,29010,6368,35378,2026-09-08T21:21:50.439Z,TRUE,"High outlier: ₹35378 > upper fence ₹32244 (Q3: ₹18481, IQR: ₹9175)",10:20,FALSE
fare_BLR-DEL_IX_2026-10-23_T+45_1788903777290_5vzw,BLR-DEL,EaseMyTrip,IX,IX-1581,2026-10-23,T+45,7319,1606,8925,2026-09-08T21:22:14.142Z,FALSE,"",18:45,FALSE
fare_BLR-DEL_IX_2026-10-23_T+45_1788903777290_s1pm,BLR-DEL,EaseMyTrip,IX,IX-2052,2026-10-23,T+45,7876,1729,9605,2026-09-08T21:22:14.142Z,FALSE,"",16:10,FALSE
fare_BLR-DEL_IX_2026-10-23_T+45_1788903777290_69ex,BLR-DEL,EaseMyTrip,IX,IX-1971,2026-10-23,T+45,7876,1729,9605,2026-09-08T21:22:14.142Z,FALSE,"",12:45,FALSE
fare_BLR-DEL_SG_2026-10-23_T+45_1788903777290_chjj,BLR-DEL,EaseMyTrip,SG,SG-330,2026-10-23,T+45,7762,1704,9466,2026-09-08T21:22:14.142Z,FALSE,"",06:05,TRUE
fare_BLR-DEL_SG_2026-10-23_T+45_1788903777290_zepl,BLR-DEL,EaseMyTrip,SG,SG-837,2026-10-23,T+45,7762,1704,9466,2026-09-08T21:22:14.142Z,FALSE,"",06:05,TRUE
fare_BLR-DEL_SG_2026-10-23_T+45_1788903777290_rke0,BLR-DEL,EaseMyTrip,SG,SG-276,2026-10-23,T+45,7762,1704,9466,2026-09-08T21:22:14.142Z,FALSE,"",21:15,TRUE
fare_BLR-DEL_SG_2026-10-23_T+45_1788903777290_z40v,BLR-DEL,EaseMyTrip,SG,SG-320,2026-10-23,T+45,7762,1704,9466,2026-09-08T21:22:14.142Z,FALSE,"",21:15,TRUE
fare_BLR-DEL_QP_2026-10-23_T+45_1788903777290_zpwh,BLR-DEL,EaseMyTrip,QP,QP-1571,2026-10-23,T+45,7747,1701,9448,2026-09-08T21:22:14.142Z,FALSE,"",05:30,TRUE
fare_BLR-DEL_6E_2026-10-23_T+45_1788903777290_gmxf,BLR-DEL,EaseMyTrip,6E,6E-2518,2026-10-23,T+45,7876,1729,9605,2026-09-08T21:22:14.142Z,FALSE,"",09:20,TRUE
fare_BLR-DEL_6E_2026-10-23_T+45_1788903777290_8370,BLR-DEL,EaseMyTrip,6E,6E-540,2026-10-23,T+45,7876,1729,9605,2026-09-08T21:22:14.142Z,FALSE,"",15:45,TRUE
fare_BLR-DEL_6E_2026-10-23_T+45_1788903777290_o089,BLR-DEL,EaseMyTrip,6E,6E-692,2026-10-23,T+45,7876,1729,9605,2026-09-08T21:22:14.142Z,FALSE,"",15:45,TRUE
fare_BLR-DEL_6E_2026-10-23_T+45_1788903777290_03mf,BLR-DEL,EaseMyTrip,6E,6E-162,2026-10-23,T+45,7876,1729,9605,2026-09-08T21:22:14.142Z,FALSE,"",05:05,TRUE
fare_BLR-DEL_6E_2026-10-23_T+45_1788903777290_6ra1,BLR-DEL,EaseMyTrip,6E,6E-954,2026-10-23,T+45,7876,1729,9605,2026-09-08T21:22:14.142Z,FALSE,"",05:05,TRUE
fare_BLR-DEL_6E_2026-10-23_T+45_1788903777290_nl6u,BLR-DEL,EaseMyTrip,6E,6E-965,2026-10-23,T+45,7876,1729,9605,2026-09-08T21:22:14.142Z,FALSE,"",03:00,TRUE
fare_BLR-DEL_6E_2026-10-23_T+45_1788903777290_ru7p,BLR-DEL,EaseMyTrip,6E,6E-887,2026-10-23,T+45,7876,1729,9605,2026-09-08T21:22:14.142Z,FALSE,"",03:00,TRUE
fare_BLR-DEL_IX_2026-10-23_T+45_1788903777290_jzwg,BLR-DEL,EaseMyTrip,IX,IX-1540,2026-10-23,T+45,8615,1891,10506,2026-09-08T21:22:14.142Z,FALSE,"",15:25,FALSE
fare_BLR-DEL_SG_2026-10-23_T+45_1788903777290_4uw2,BLR-DEL,EaseMyTrip,SG,SG-829,2026-10-23,T+45,8180,1796,9976,2026-09-08T21:22:14.142Z,FALSE,"",10:45,TRUE
fare_BLR-DEL_SG_2026-10-23_T+45_1788903777290_0ecj,BLR-DEL,EaseMyTrip,SG,SG-770,2026-10-23,T+45,8180,1796,9976,2026-09-08T21:22:14.142Z,FALSE,"",10:45,TRUE
fare_BLR-DEL_QP_2026-10-23_T+45_1788903777290_7oin,BLR-DEL,EaseMyTrip,QP,QP-1823,2026-10-23,T+45,8036,1764,9800,2026-09-08T21:22:14.142Z,FALSE,"",06:05,TRUE
fare_BLR-DEL_QP_2026-10-23_T+45_1788903777290_7qio,BLR-DEL,EaseMyTrip,QP,QP-1359,2026-10-23,T+45,8036,1764,9800,2026-09-08T21:22:14.142Z,FALSE,"",05:00,TRUE
fare_BLR-DEL_QP_2026-10-23_T+45_1788903777290_espc,BLR-DEL,EaseMyTrip,QP,QP-1811,2026-10-23,T+45,8036,1764,9800,2026-09-08T21:22:14.142Z,FALSE,"",03:55,TRUE
fare_BLR-DEL_6E_2026-10-23_T+45_1788903777290_99yq,BLR-DEL,EaseMyTrip,6E,6E-6003,2026-10-23,T+45,8060,1769,9829,2026-09-08T21:22:14.142Z,FALSE,"",15:35,FALSE
fare_BLR-DEL_6E_2026-10-23_T+45_1788903777290_mtpj,BLR-DEL,EaseMyTrip,6E,6E-6863,2026-10-23,T+45,8060,1769,9829,2026-09-08T21:22:14.142Z,FALSE,"",08:20,FALSE
fare_BLR-DEL_6E_2026-10-23_T+45_1788903777290_29yh,BLR-DEL,EaseMyTrip,6E,6E-6891,2026-10-23,T+45,8060,1769,9829,2026-09-08T21:22:14.142Z,FALSE,"",17:15,FALSE
fare_BLR-DEL_QP_2026-10-23_T+45_1788903777290_qda4,BLR-DEL,EaseMyTrip,QP,QP-1525,2026-10-23,T+45,8114,1781,9895,2026-09-08T21:22:14.142Z,FALSE,"",07:00,TRUE
fare_BLR-DEL_6E_2026-10-23_T+45_1788903777290_x0uv,BLR-DEL,EaseMyTrip,6E,6E-411,2026-10-23,T+45,8124,1783,9907,2026-09-08T21:22:14.142Z,FALSE,"",01:00,TRUE
fare_BLR-DEL_6E_2026-10-23_T+45_1788903777290_kuiy,BLR-DEL,EaseMyTrip,6E,6E-456,2026-10-23,T+45,8124,1783,9907,2026-09-08T21:22:14.142Z,FALSE,"",01:00,TRUE
fare_BLR-DEL_6E_2026-10-23_T+45_1788903777290_vud1,BLR-DEL,EaseMyTrip,6E,6E-6034,2026-10-23,T+45,8124,1783,9907,2026-09-08T21:22:14.142Z,FALSE,"",18:15,TRUE
fare_BLR-DEL_6E_2026-10-23_T+45_1788903777290_iudy,BLR-DEL,EaseMyTrip,6E,6E-6039,2026-10-23,T+45,8124,1783,9907,2026-09-08T21:22:14.142Z,FALSE,"",17:00,TRUE
fare_BLR-DEL_6E_2026-10-23_T+45_1788903777290_sziv,BLR-DEL,EaseMyTrip,6E,6E-988,2026-10-23,T+45,8124,1783,9907,2026-09-08T21:22:14.142Z,FALSE,"",13:55,TRUE
fare_BLR-DEL_6E_2026-10-23_T+45_1788903777290_8e3i,BLR-DEL,EaseMyTrip,6E,6E-388,2026-10-23,T+45,8124,1783,9907,2026-09-08T21:22:14.142Z,FALSE,"",13:55,TRUE
fare_BLR-DEL_6E_2026-10-23_T+45_1788903777290_i2ys,BLR-DEL,EaseMyTrip,6E,6E-944,2026-10-23,T+45,8125,1783,9908,2026-09-08T21:22:14.142Z,FALSE,"",18:35,FALSE
fare_BLR-DEL_6E_2026-10-23_T+45_1788903777290_iung,BLR-DEL,EaseMyTrip,6E,6E-813,2026-10-23,T+45,8125,1783,9908,2026-09-08T21:22:14.142Z,FALSE,"",18:35,FALSE
fare_BLR-DEL_6E_2026-10-23_T+45_1788903777290_ainr,BLR-DEL,EaseMyTrip,6E,6E-6784,2026-10-23,T+45,8125,1783,9908,2026-09-08T21:22:14.142Z,FALSE,"",21:25,FALSE
fare_BLR-DEL_6E_2026-10-23_T+45_1788903777290_fv8e,BLR-DEL,EaseMyTrip,6E,6E-945,2026-10-23,T+45,8125,1783,9908,2026-09-08T21:22:14.142Z,FALSE,"",09:15,FALSE
fare_BLR-DEL_6E_2026-10-23_T+45_1788903777290_m4qo,BLR-DEL,EaseMyTrip,6E,6E-614,2026-10-23,T+45,8125,1783,9908,2026-09-08T21:22:14.142Z,FALSE,"",09:15,FALSE
fare_BLR-DEL_6E_2026-10-23_T+45_1788903777290_8brs,BLR-DEL,EaseMyTrip,6E,6E-6067,2026-10-23,T+45,8125,1783,9908,2026-09-08T21:22:14.142Z,FALSE,"",16:30,FALSE
fare_BLR-DEL_6E_2026-10-23_T+45_1788903777290_rm8y,BLR-DEL,EaseMyTrip,6E,6E-810,2026-10-23,T+45,8125,1783,9908,2026-09-08T21:22:14.142Z,FALSE,"",08:15,FALSE
fare_BLR-DEL_6E_2026-10-23_T+45_1788903777290_4cjp,BLR-DEL,EaseMyTrip,6E,6E-714,2026-10-23,T+45,8125,1783,9908,2026-09-08T21:22:14.142Z,FALSE,"",08:15,FALSE
fare_BLR-DEL_6E_2026-10-23_T+45_1788903777290_clcv,BLR-DEL,EaseMyTrip,6E,6E-981,2026-10-23,T+45,8125,1783,9908,2026-09-08T21:22:14.142Z,FALSE,"",10:15,FALSE
fare_BLR-DEL_6E_2026-10-23_T+45_1788903777290_e62w,BLR-DEL,EaseMyTrip,6E,6E-772,2026-10-23,T+45,8125,1783,9908,2026-09-08T21:22:14.142Z,FALSE,"",10:15,FALSE
fare_BLR-DEL_6E_2026-10-23_T+45_1788903777290_ixvx,BLR-DEL,EaseMyTrip,6E,6E-6404,2026-10-23,T+45,8125,1783,9908,2026-09-08T21:22:14.142Z,FALSE,"",11:35,FALSE
fare_BLR-DEL_6E_2026-10-23_T+45_1788903777290_e434,BLR-DEL,EaseMyTrip,6E,6E-6558,2026-10-23,T+45,8178,1795,9973,2026-09-08T21:22:14.142Z,FALSE,"",09:05,FALSE
fare_BLR-DEL_6E_2026-10-23_T+45_1788903777290_axrt,BLR-DEL,EaseMyTrip,6E,6E-6595,2026-10-23,T+45,8232,1807,10039,2026-09-08T21:22:14.142Z,FALSE,"",13:55,FALSE
fare_BLR-DEL_6E_2026-10-23_T+45_1788903777290_dlor,BLR-DEL,EaseMyTrip,6E,6E-6876,2026-10-23,T+45,8232,1807,10039,2026-09-08T21:22:14.142Z,FALSE,"",02:40,FALSE
fare_BLR-DEL_6E_2026-10-23_T+45_1788903777290_6mr1,BLR-DEL,EaseMyTrip,6E,6E-150,2026-10-23,T+45,8232,1807,10039,2026-09-08T21:22:14.142Z,FALSE,"",21:40,FALSE
fare_BLR-DEL_6E_2026-10-23_T+45_1788903777290_4eho,BLR-DEL,EaseMyTrip,6E,6E-347,2026-10-23,T+45,8232,1807,10039,2026-09-08T21:22:14.142Z,FALSE,"",21:40,FALSE
fare_BLR-DEL_6E_2026-10-23_T+45_1788903777290_v50n,BLR-DEL,EaseMyTrip,6E,6E-682,2026-10-23,T+45,8232,1807,10039,2026-09-08T21:22:14.142Z,FALSE,"",23:05,FALSE
fare_BLR-DEL_6E_2026-10-23_T+45_1788903777290_5jr3,BLR-DEL,EaseMyTrip,6E,6E-208,2026-10-23,T+45,8232,1807,10039,2026-09-08T21:22:14.142Z,FALSE,"",23:05,FALSE
fare_BLR-DEL_6E_2026-10-23_T+45_1788903777290_x01b,BLR-DEL,EaseMyTrip,6E,6E-5031,2026-10-23,T+45,8232,1807,10039,2026-09-08T21:22:14.142Z,FALSE,"",16:00,FALSE
fare_BLR-DEL_6E_2026-10-23_T+45_1788903777290_xwjp,BLR-DEL,EaseMyTrip,6E,6E-900,2026-10-23,T+45,8232,1807,10039,2026-09-08T21:22:14.142Z,FALSE,"",17:30,FALSE
fare_BLR-DEL_6E_2026-10-23_T+45_1788903777290_jwsv,BLR-DEL,EaseMyTrip,6E,6E-268,2026-10-23,T+45,8232,1807,10039,2026-09-08T21:22:14.142Z,FALSE,"",17:30,FALSE
fare_BLR-DEL_6E_2026-10-23_T+45_1788903777290_grok,BLR-DEL,EaseMyTrip,6E,6E-6283,2026-10-23,T+45,8232,1807,10039,2026-09-08T21:22:14.142Z,FALSE,"",19:05,FALSE
fare_BLR-DEL_6E_2026-10-23_T+45_1788903777290_azql,BLR-DEL,EaseMyTrip,6E,6E-994,2026-10-23,T+45,8232,1807,10039,2026-09-08T21:22:14.142Z,FALSE,"",20:40,FALSE
fare_BLR-DEL_6E_2026-10-23_T+45_1788903777290_fdle,BLR-DEL,EaseMyTrip,6E,6E-833,2026-10-23,T+45,8232,1807,10039,2026-09-08T21:22:14.142Z,FALSE,"",20:40,FALSE
fare_BLR-DEL_6E_2026-10-23_T+45_1788903777290_sb80,BLR-DEL,EaseMyTrip,6E,6E-6779,2026-10-23,T+45,8232,1807,10039,2026-09-08T21:22:14.142Z,FALSE,"",01:10,FALSE
fare_BLR-DEL_6E_2026-10-23_T+45_1788903777290_3tu4,BLR-DEL,EaseMyTrip,6E,6E-857,2026-10-23,T+45,8232,1807,10039,2026-09-08T21:22:14.142Z,FALSE,"",04:30,FALSE
fare_BLR-DEL_6E_2026-10-23_T+45_1788903777290_liu9,BLR-DEL,EaseMyTrip,6E,6E-5051,2026-10-23,T+45,8232,1807,10039,2026-09-08T21:22:14.142Z,FALSE,"",08:30,FALSE
fare_BLR-DEL_6E_2026-10-23_T+45_1788903777290_ogbe,BLR-DEL,EaseMyTrip,6E,6E-6104,2026-10-23,T+45,8232,1807,10039,2026-09-08T21:22:14.142Z,FALSE,"",11:40,FALSE
fare_BLR-DEL_6E_2026-10-23_T+45_1788903777290_hlsv,BLR-DEL,EaseMyTrip,6E,6E-667,2026-10-23,T+45,8232,1807,10039,2026-09-08T21:22:14.142Z,FALSE,"",19:00,FALSE
fare_BLR-DEL_6E_2026-10-23_T+45_1788903777290_y8fj,BLR-DEL,EaseMyTrip,6E,6E-964,2026-10-23,T+45,8232,1807,10039,2026-09-08T21:22:14.142Z,FALSE,"",19:00,FALSE
fare_BLR-DEL_6E_2026-10-23_T+45_1788903777290_fpzu,BLR-DEL,EaseMyTrip,6E,6E-6162,2026-10-23,T+45,8297,1821,10118,2026-09-08T21:22:14.142Z,FALSE,"",18:50,FALSE
fare_BLR-DEL_6E_2026-10-23_T+45_1788903777290_smtr,BLR-DEL,EaseMyTrip,6E,6E-6269,2026-10-23,T+45,8297,1821,10118,2026-09-08T21:22:14.142Z,FALSE,"",07:15,FALSE
fare_BLR-DEL_6E_2026-10-23_T+45_1788903777290_a6j9,BLR-DEL,EaseMyTrip,6E,6E-6168,2026-10-23,T+45,8297,1821,10118,2026-09-08T21:22:14.142Z,FALSE,"",17:20,FALSE
fare_BLR-DEL_6E_2026-10-23_T+45_1788903777290_lw2p,BLR-DEL,EaseMyTrip,6E,6E-6554,2026-10-23,T+45,8297,1821,10118,2026-09-08T21:22:14.142Z,FALSE,"",19:15,FALSE
fare_BLR-DEL_6E_2026-10-23_T+45_1788903777290_r8zs,BLR-DEL,EaseMyTrip,6E,6E-6141,2026-10-23,T+45,8297,1821,10118,2026-09-08T21:22:14.142Z,FALSE,"",18:20,FALSE
fare_BLR-DEL_6E_2026-10-23_T+45_1788903777290_h5is,BLR-DEL,EaseMyTrip,6E,6E-585,2026-10-23,T+45,8297,1821,10118,2026-09-08T21:22:14.142Z,FALSE,"",05:30,FALSE
fare_BLR-DEL_6E_2026-10-23_T+45_1788903777290_h0mg,BLR-DEL,EaseMyTrip,6E,6E-138,2026-10-23,T+45,8297,1821,10118,2026-09-08T21:22:14.142Z,FALSE,"",05:30,FALSE
fare_BLR-DEL_6E_2026-10-23_T+45_1788903777290_l3k0,BLR-DEL,EaseMyTrip,6E,6E-612,2026-10-23,T+45,8297,1821,10118,2026-09-08T21:22:14.142Z,FALSE,"",10:45,FALSE
fare_BLR-DEL_6E_2026-10-23_T+45_1788903777290_akab,BLR-DEL,EaseMyTrip,6E,6E-214,2026-10-23,T+45,8297,1821,10118,2026-09-08T21:22:14.142Z,FALSE,"",10:45,FALSE
fare_BLR-DEL_6E_2026-10-23_T+45_1788903777290_o427,BLR-DEL,EaseMyTrip,6E,6E-6875,2026-10-23,T+45,8297,1821,10118,2026-09-08T21:22:14.142Z,FALSE,"",19:55,FALSE
fare_BLR-DEL_6E_2026-10-23_T+45_1788903777290_lemh,BLR-DEL,EaseMyTrip,6E,6E-720,2026-10-23,T+45,8297,1821,10118,2026-09-08T21:22:14.142Z,FALSE,"",13:55,FALSE
fare_BLR-DEL_6E_2026-10-23_T+45_1788903777290_16be,BLR-DEL,EaseMyTrip,6E,6E-974,2026-10-23,T+45,8297,1821,10118,2026-09-08T21:22:14.142Z,FALSE,"",13:55,FALSE
fare_BLR-DEL_AI_2026-10-23_T+45_1788903777290_spcr,BLR-DEL,EaseMyTrip,AI,AI-2810,2026-10-23,T+45,8509,1868,10377,2026-09-08T21:22:14.142Z,FALSE,"",06:00,TRUE
fare_BLR-DEL_AI_2026-10-23_T+45_1788903777290_9b7j,BLR-DEL,EaseMyTrip,AI,AI-428,2026-10-23,T+45,8509,1868,10377,2026-09-08T21:22:14.142Z,FALSE,"",15:30,TRUE
fare_BLR-DEL_AI_2026-10-23_T+45_1788903777290_h7o1,BLR-DEL,EaseMyTrip,AI,AI-2758,2026-10-23,T+45,8509,1868,10377,2026-09-08T21:22:14.142Z,FALSE,"",00:15,TRUE
fare_BLR-DEL_6E_2026-10-23_T+45_1788903777290_wnsw,BLR-DEL,EaseMyTrip,6E,6E-6406,2026-10-23,T+45,8400,1844,10244,2026-09-08T21:22:14.142Z,FALSE,"",22:00,TRUE
fare_BLR-DEL_6E_2026-10-23_T+45_1788903777290_6mx4,BLR-DEL,EaseMyTrip,6E,6E-701,2026-10-23,T+45,8400,1844,10244,2026-09-08T21:22:14.142Z,FALSE,"",20:40,TRUE
fare_BLR-DEL_6E_2026-10-23_T+45_1788903777290_eu8s,BLR-DEL,EaseMyTrip,6E,6E-993,2026-10-23,T+45,8400,1844,10244,2026-09-08T21:22:14.142Z,FALSE,"",20:40,TRUE
fare_BLR-DEL_6E_2026-10-23_T+45_1788903777290_8ds3,BLR-DEL,EaseMyTrip,6E,6E-788,2026-10-23,T+45,8400,1844,10244,2026-09-08T21:22:14.142Z,FALSE,"",19:30,TRUE
fare_BLR-DEL_6E_2026-10-23_T+45_1788903777290_lzui,BLR-DEL,EaseMyTrip,6E,6E-911,2026-10-23,T+45,8400,1844,10244,2026-09-08T21:22:14.142Z,FALSE,"",19:30,TRUE
fare_BLR-DEL_6E_2026-10-23_T+45_1788903777290_832s,BLR-DEL,EaseMyTrip,6E,6E-450,2026-10-23,T+45,8400,1844,10244,2026-09-08T21:22:14.142Z,FALSE,"",13:10,TRUE
fare_BLR-DEL_6E_2026-10-23_T+45_1788903777290_yba4,BLR-DEL,EaseMyTrip,6E,6E-535,2026-10-23,T+45,8400,1844,10244,2026-09-08T21:22:14.142Z,FALSE,"",13:10,TRUE
fare_BLR-DEL_6E_2026-10-23_T+45_1788903777290_0ef6,BLR-DEL,EaseMyTrip,6E,6E-2313,2026-10-23,T+45,8400,1844,10244,2026-09-08T21:22:14.142Z,FALSE,"",23:30,TRUE
fare_BLR-DEL_6E_2026-10-23_T+45_1788903777290_h6bs,BLR-DEL,EaseMyTrip,6E,6E-985,2026-10-23,T+45,8400,1844,10244,2026-09-08T21:22:14.142Z,FALSE,"",10:45,TRUE
fare_BLR-DEL_6E_2026-10-23_T+45_1788903777290_pnsn,BLR-DEL,EaseMyTrip,6E,6E-635,2026-10-23,T+45,8400,1844,10244,2026-09-08T21:22:14.142Z,FALSE,"",10:45,TRUE
fare_BLR-DEL_6E_2026-10-23_T+45_1788903777290_irm6,BLR-DEL,EaseMyTrip,6E,6E-797,2026-10-23,T+45,8400,1844,10244,2026-09-08T21:22:14.142Z,FALSE,"",12:00,TRUE
fare_BLR-DEL_6E_2026-10-23_T+45_1788903777290_su06,BLR-DEL,EaseMyTrip,6E,6E-601,2026-10-23,T+45,8400,1844,10244,2026-09-08T21:22:14.142Z,FALSE,"",12:00,TRUE
fare_BLR-DEL_6E_2026-10-23_T+45_1788903777290_7gpm,BLR-DEL,EaseMyTrip,6E,6E-909,2026-10-23,T+45,8400,1844,10244,2026-09-08T21:22:14.142Z,FALSE,"",09:30,TRUE
fare_BLR-DEL_6E_2026-10-23_T+45_1788903777290_s728,BLR-DEL,EaseMyTrip,6E,6E-252,2026-10-23,T+45,8400,1844,10244,2026-09-08T21:22:14.142Z,FALSE,"",09:30,TRUE
fare_BLR-DEL_6E_2026-10-23_T+45_1788903777290_kazw,BLR-DEL,EaseMyTrip,6E,6E-6451,2026-10-23,T+45,8404,1845,10249,2026-09-08T21:22:14.142Z,FALSE,"",16:45,FALSE
fare_BLR-DEL_6E_2026-10-23_T+45_1788903777290_vj8s,BLR-DEL,EaseMyTrip,6E,6E-6277,2026-10-23,T+45,8404,1845,10249,2026-09-08T21:22:14.142Z,FALSE,"",14:45,FALSE
fare_BLR-DEL_6E_2026-10-23_T+45_1788903777290_6u1e,BLR-DEL,EaseMyTrip,6E,6E-636,2026-10-23,T+45,8446,1854,10300,2026-09-08T21:22:14.142Z,FALSE,"",16:20,FALSE
fare_BLR-DEL_6E_2026-10-23_T+45_1788903777290_9sxe,BLR-DEL,EaseMyTrip,6E,6E-623,2026-10-23,T+45,8446,1854,10300,2026-09-08T21:22:14.142Z,FALSE,"",16:20,FALSE
fare_BLR-DEL_6E_2026-10-23_T+45_1788903777290_b6zc,BLR-DEL,EaseMyTrip,6E,6E-293,2026-10-23,T+45,8446,1854,10300,2026-09-08T21:22:14.142Z,FALSE,"",09:35,FALSE
fare_BLR-DEL_6E_2026-10-23_T+45_1788903777290_otsu,BLR-DEL,EaseMyTrip,6E,6E-333,2026-10-23,T+45,8446,1854,10300,2026-09-08T21:22:14.142Z,FALSE,"",09:35,FALSE
fare_BLR-DEL_6E_2026-10-23_T+45_1788903777290_ozia,BLR-DEL,EaseMyTrip,6E,6E-913,2026-10-23,T+45,8446,1854,10300,2026-09-08T21:22:14.142Z,FALSE,"",13:55,FALSE
fare_BLR-DEL_6E_2026-10-23_T+45_1788903777290_qz97,BLR-DEL,EaseMyTrip,6E,6E-762,2026-10-23,T+45,8446,1854,10300,2026-09-08T21:22:14.142Z,FALSE,"",13:55,FALSE
fare_BLR-DEL_6E_2026-10-23_T+45_1788903777290_0pem,BLR-DEL,EaseMyTrip,6E,6E-240,2026-10-23,T+45,8446,1854,10300,2026-09-08T21:22:14.142Z,FALSE,"",22:40,FALSE
fare_BLR-DEL_6E_2026-10-23_T+45_1788903777290_qn6b,BLR-DEL,EaseMyTrip,6E,6E-225,2026-10-23,T+45,8446,1854,10300,2026-09-08T21:22:14.142Z,FALSE,"",22:40,FALSE
fare_BLR-DEL_IX_2026-10-23_T+45_1788903777290_k7iu,BLR-DEL,EaseMyTrip,IX,IX-2873,2026-10-23,T+45,9107,1999,11106,2026-09-08T21:22:14.142Z,FALSE,"",04:00,FALSE
fare_BLR-DEL_AI_2026-10-23_T+45_1788903777290_xt6f,BLR-DEL,EaseMyTrip,AI,AI-2414,2026-10-23,T+45,8653,1900,10553,2026-09-08T21:22:14.142Z,FALSE,"",05:30,TRUE
fare_BLR-DEL_IX_2026-10-23_T+45_1788903777290_cz40,BLR-DEL,EaseMyTrip,IX,IX-1040,2026-10-23,T+45,8995,1974,10969,2026-09-08T21:22:14.142Z,FALSE,"",17:35,TRUE
fare_BLR-DEL_AI_2026-10-23_T+45_1788903777290_0xh3,BLR-DEL,EaseMyTrip,AI,AI-2511,2026-10-23,T+45,8868,1947,10815,2026-09-08T21:22:14.142Z,FALSE,"",15:00,TRUE
fare_BLR-DEL_AI_2026-10-23_T+45_1788903777290_zwpu,BLR-DEL,EaseMyTrip,AI,AI-2406,2026-10-23,T+45,8872,1947,10819,2026-09-08T21:22:14.142Z,FALSE,"",11:00,TRUE
fare_BLR-DEL_6E_2026-10-23_T+45_1788903777290_kz7g,BLR-DEL,EaseMyTrip,6E,6E-847,2026-10-23,T+45,8819,1936,10755,2026-09-08T21:22:14.142Z,FALSE,"",08:15,TRUE
fare_BLR-DEL_6E_2026-10-23_T+45_1788903777290_3c6u,BLR-DEL,EaseMyTrip,6E,6E-107,2026-10-23,T+45,8819,1936,10755,2026-09-08T21:22:14.142Z,FALSE,"",08:15,TRUE
fare_BLR-DEL_6E_2026-10-23_T+45_1788903777290_d77k,BLR-DEL,EaseMyTrip,6E,6E-6653,2026-10-23,T+45,8927,1959,10886,2026-09-08T21:22:14.142Z,FALSE,"",12:35,FALSE
fare_BLR-DEL_AI_2026-10-23_T+45_1788903777290_toeo,BLR-DEL,EaseMyTrip,AI,AI-2868,2026-10-23,T+45,9094,1996,11090,2026-09-08T21:22:14.142Z,FALSE,"",09:00,TRUE
fare_BLR-DEL_AI_2026-10-23_T+45_1788903777290_09fs,BLR-DEL,EaseMyTrip,AI,AI-2814,2026-10-23,T+45,9168,2013,11181,2026-09-08T21:22:14.142Z,FALSE,"",22:00,TRUE
fare_BLR-DEL_AI_2026-10-23_T+45_1788903777290_p7ri,BLR-DEL,EaseMyTrip,AI,AI-2486,2026-10-23,T+45,9200,2019,11219,2026-09-08T21:22:14.142Z,FALSE,"",14:00,TRUE
fare_BLR-DEL_AI_2026-10-23_T+45_1788903777290_6ijf,BLR-DEL,EaseMyTrip,AI,AI-2804,2026-10-23,T+45,9200,2019,11219,2026-09-08T21:22:14.142Z,FALSE,"",10:00,TRUE
fare_BLR-DEL_QP_2026-10-23_T+45_1788903777290_m2us,BLR-DEL,EaseMyTrip,QP,QP-1821,2026-10-23,T+45,9133,2005,11138,2026-09-08T21:22:14.142Z,FALSE,"",13:05,TRUE
fare_BLR-DEL_6E_2026-10-23_T+45_1788903777290_5xt0,BLR-DEL,EaseMyTrip,6E,6E-674,2026-10-23,T+45,9264,2033,11297,2026-09-08T21:22:14.142Z,FALSE,"",07:00,TRUE
fare_BLR-DEL_6E_2026-10-23_T+45_1788903777290_4zvx,BLR-DEL,EaseMyTrip,6E,6E-202,2026-10-23,T+45,9264,2033,11297,2026-09-08T21:22:14.142Z,FALSE,"",07:00,TRUE
fare_BLR-DEL_AI_2026-10-23_T+45_1788903777290_dgq8,BLR-DEL,EaseMyTrip,AI,AI-2418,2026-10-23,T+45,9583,2103,11686,2026-09-08T21:22:14.142Z,FALSE,"",16:30,TRUE
fare_BLR-DEL_AI_2026-10-23_T+45_1788903777290_gvpb,BLR-DEL,EaseMyTrip,AI,AI-2820,2026-10-23,T+45,9583,2103,11686,2026-09-08T21:22:14.142Z,FALSE,"",17:25,TRUE
fare_BLR-DEL_AI_2026-10-23_T+45_1788903777290_r1np,BLR-DEL,EaseMyTrip,AI,AI-2654,2026-10-23,T+45,9583,2103,11686,2026-09-08T21:22:14.142Z,FALSE,"",07:00,TRUE
fare_BLR-DEL_IX_2026-10-23_T+45_1788903777290_hupl,BLR-DEL,EaseMyTrip,IX,IX-1893,2026-10-23,T+45,10419,2287,12706,2026-09-08T21:22:14.142Z,FALSE,"",08:40,FALSE
fare_BLR-DEL_IX_2026-10-23_T+45_1788903777290_8n4g,BLR-DEL,EaseMyTrip,IX,IX-2678,2026-10-23,T+45,10419,2287,12706,2026-09-08T21:22:14.142Z,FALSE,"",05:30,FALSE
fare_BLR-DEL_AI_2026-10-23_T+45_1788903777290_74he,BLR-DEL,EaseMyTrip,AI,AI-2802,2026-10-23,T+45,10005,2196,12201,2026-09-08T21:22:14.142Z,FALSE,"",18:20,TRUE
fare_BLR-DEL_AI_2026-10-23_T+45_1788903777290_lerr,BLR-DEL,EaseMyTrip,AI,AI-2665,2026-10-23,T+45,10005,2196,12201,2026-09-08T21:22:14.142Z,FALSE,"",19:40,TRUE
fare_BLR-DEL_SG_2026-10-23_T+45_1788903777290_22wd,BLR-DEL,EaseMyTrip,SG,SG-985,2026-10-23,T+45,10235,2247,12482,2026-09-08T21:22:14.142Z,FALSE,"",22:00,FALSE
fare_BLR-DEL_SG_2026-10-23_T+45_1788903777290_9lza,BLR-DEL,EaseMyTrip,SG,SG-686,2026-10-23,T+45,10235,2247,12482,2026-09-08T21:22:14.142Z,FALSE,"",22:00,FALSE
fare_BLR-DEL_SG_2026-10-23_T+45_1788903777290_yx0l,BLR-DEL,EaseMyTrip,SG,SG-131,2026-10-23,T+45,10235,2247,12482,2026-09-08T21:22:14.142Z,FALSE,"",23:20,FALSE
fare_BLR-DEL_SG_2026-10-23_T+45_1788903777290_8xpc,BLR-DEL,EaseMyTrip,SG,SG-812,2026-10-23,T+45,10235,2247,12482,2026-09-08T21:22:14.142Z,FALSE,"",23:20,FALSE
fare_BLR-DEL_SG_2026-10-23_T+45_1788903777290_a3qp,BLR-DEL,EaseMyTrip,SG,SG-802,2026-10-23,T+45,10235,2247,12482,2026-09-08T21:22:14.142Z,FALSE,"",22:00,FALSE
fare_BLR-DEL_SG_2026-10-23_T+45_1788903777290_ms8g,BLR-DEL,EaseMyTrip,SG,SG-666,2026-10-23,T+45,10235,2247,12482,2026-09-08T21:22:14.142Z,FALSE,"",22:00,FALSE
fare_BLR-DEL_SG_2026-10-23_T+45_1788903777290_50ge,BLR-DEL,EaseMyTrip,SG,SG-590,2026-10-23,T+45,10235,2247,12482,2026-09-08T21:22:14.142Z,FALSE,"",06:10,FALSE
fare_BLR-DEL_SG_2026-10-23_T+45_1788903777290_jpry,BLR-DEL,EaseMyTrip,SG,SG-907,2026-10-23,T+45,10235,2247,12482,2026-09-08T21:22:14.142Z,FALSE,"",06:10,FALSE
fare_BLR-DEL_SG_2026-10-23_T+45_1788903777290_j0mr,BLR-DEL,EaseMyTrip,SG,SG-224,2026-10-23,T+45,10235,2247,12482,2026-09-08T21:22:14.142Z,FALSE,"",06:10,FALSE
fare_BLR-DEL_SG_2026-10-23_T+45_1788903777290_qog4,BLR-DEL,EaseMyTrip,SG,SG-762,2026-10-23,T+45,10235,2247,12482,2026-09-08T21:22:14.142Z,FALSE,"",06:10,FALSE
fare_BLR-DEL_SG_2026-10-23_T+45_1788903777290_iht4,BLR-DEL,EaseMyTrip,SG,SG-798,2026-10-23,T+45,10235,2247,12482,2026-09-08T21:22:14.142Z,FALSE,"",06:10,FALSE
fare_BLR-DEL_SG_2026-10-23_T+45_1788903777290_aumw,BLR-DEL,EaseMyTrip,SG,SG-303,2026-10-23,T+45,10235,2247,12482,2026-09-08T21:22:14.142Z,FALSE,"",06:10,FALSE
fare_BLR-DEL_IX_2026-10-23_T+45_1788903777290_dtqc,BLR-DEL,EaseMyTrip,IX,IX-1385,2026-10-23,T+45,11067,2429,13496,2026-09-08T21:22:14.142Z,FALSE,"",10:55,FALSE
fare_BLR-DEL_6E_2026-10-23_T+45_1788903777290_ez9i,BLR-DEL,EaseMyTrip,6E,6E-6465,2026-10-23,T+45,10307,2262,12569,2026-09-08T21:22:14.142Z,FALSE,"",17:15,FALSE
fare_BLR-DEL_6E_2026-10-23_T+45_1788903777290_ix9x,BLR-DEL,EaseMyTrip,6E,6E-387,2026-10-23,T+45,10371,2277,12648,2026-09-08T21:22:14.142Z,FALSE,"",15:10,FALSE
fare_BLR-DEL_6E_2026-10-23_T+45_1788903777290_j012,BLR-DEL,EaseMyTrip,6E,6E-597,2026-10-23,T+45,10371,2277,12648,2026-09-08T21:22:14.142Z,FALSE,"",15:10,FALSE
fare_BLR-DEL_AI_2026-10-23_T+45_1788903777290_4rue,BLR-DEL,EaseMyTrip,AI,AI-2818,2026-10-23,T+45,10620,2331,12951,2026-09-08T21:22:14.142Z,FALSE,"",20:00,TRUE
fare_BLR-DEL_IX_2026-10-23_T+45_1788903777290_pnc1,BLR-DEL,EaseMyTrip,IX,IX-5976,2026-10-23,T+45,11052,2426,13478,2026-09-08T21:22:14.142Z,FALSE,"",01:15,TRUE
fare_BLR-DEL_6E_2026-10-23_T+45_1788903777290_fqs9,BLR-DEL,EaseMyTrip,6E,6E-2455,2026-10-23,T+45,10960,2406,13366,2026-09-08T21:22:14.142Z,FALSE,"",06:15,TRUE
fare_BLR-DEL_AI_2026-10-23_T+45_1788903777290_kp7d,BLR-DEL,EaseMyTrip,AI,AI-9840,2026-10-23,T+45,11239,2467,13706,2026-09-08T21:22:14.142Z,FALSE,"",06:10,FALSE
fare_BLR-DEL_IX_2026-10-23_T+45_1788903777290_ntho,BLR-DEL,EaseMyTrip,IX,IX-2680,2026-10-23,T+45,11597,2546,14143,2026-09-08T21:22:14.142Z,FALSE,"",21:50,FALSE
fare_BLR-DEL_SG_2026-10-23_T+45_1788903777290_cgdv,BLR-DEL,EaseMyTrip,SG,SG-119,2026-10-23,T+45,11769,2584,14353,2026-09-08T21:22:14.142Z,FALSE,"",14:00,FALSE
fare_BLR-DEL_SG_2026-10-23_T+45_1788903777290_8y24,BLR-DEL,EaseMyTrip,SG,SG-602,2026-10-23,T+45,11769,2584,14353,2026-09-08T21:22:14.142Z,FALSE,"",14:00,FALSE
fare_BLR-DEL_AI_2026-10-23_T+45_1788903777290_sp6s,BLR-DEL,EaseMyTrip,AI,AI-9566,2026-10-23,T+45,11818,2594,14412,2026-09-08T21:22:14.142Z,FALSE,"",19:10,FALSE
fare_BLR-DEL_AI_2026-10-23_T+45_1788903777290_s28x,BLR-DEL,EaseMyTrip,AI,AI-9568,2026-10-23,T+45,11818,2594,14412,2026-09-08T21:22:14.142Z,FALSE,"",17:15,FALSE
fare_BLR-DEL_AI_2026-10-23_T+45_1788903777290_5726,BLR-DEL,EaseMyTrip,AI,AI-9564,2026-10-23,T+45,11818,2594,14412,2026-09-08T21:22:14.142Z,FALSE,"",14:55,FALSE
fare_BLR-DEL_AI_2026-10-23_T+45_1788903777290_qo45,BLR-DEL,EaseMyTrip,AI,AI-9572,2026-10-23,T+45,11818,2594,14412,2026-09-08T21:22:14.142Z,FALSE,"",12:30,FALSE
fare_BLR-DEL_AI_2026-10-23_T+45_1788903777290_kclk,BLR-DEL,EaseMyTrip,AI,AI-9810,2026-10-23,T+45,12032,2641,14673,2026-09-08T21:22:14.142Z,FALSE,"",21:50,FALSE
fare_BLR-DEL_AI_2026-10-23_T+45_1788903777290_ii18,BLR-DEL,EaseMyTrip,AI,AI-9808,2026-10-23,T+45,12032,2641,14673,2026-09-08T21:22:14.142Z,FALSE,"",04:00,FALSE
fare_BLR-DEL_6E_2026-10-23_T+45_1788903777290_ak4o,BLR-DEL,EaseMyTrip,6E,6E-6178,2026-10-23,T+45,11929,2619,14548,2026-09-08T21:22:14.142Z,FALSE,"",06:10,FALSE
fare_BLR-DEL_IX_2026-10-23_T+45_1788903777290_yolh,BLR-DEL,EaseMyTrip,IX,IX-2116,2026-10-23,T+45,12433,2729,15162,2026-09-08T21:22:14.142Z,FALSE,"",21:00,FALSE
fare_BLR-DEL_IX_2026-10-23_T+45_1788903777290_3720,BLR-DEL,EaseMyTrip,IX,IX-1479,2026-10-23,T+45,12464,2736,15200,2026-09-08T21:22:14.142Z,FALSE,"",06:10,FALSE
fare_BLR-DEL_AI_2026-10-23_T+45_1788903777290_bn0l,BLR-DEL,EaseMyTrip,AI,AI-9570,2026-10-23,T+45,12214,2681,14895,2026-09-08T21:22:14.142Z,FALSE,"",06:05,FALSE
fare_BLR-DEL_IX_2026-10-23_T+45_1788903777290_oekn,BLR-DEL,EaseMyTrip,IX,IX-1239,2026-10-23,T+45,12562,2757,15319,2026-09-08T21:22:14.142Z,FALSE,"",06:35,FALSE
fare_BLR-DEL_AI_2026-10-23_T+45_1788903777290_75wz,BLR-DEL,EaseMyTrip,AI,AI-9708,2026-10-23,T+45,12539,2753,15292,2026-09-08T21:22:14.142Z,FALSE,"",10:05,FALSE
fare_BLR-DEL_AI_2026-10-23_T+45_1788903777290_lqon,BLR-DEL,EaseMyTrip,AI,AI-9806,2026-10-23,T+45,12565,2758,15323,2026-09-08T21:22:14.142Z,FALSE,"",17:25,FALSE
fare_BLR-DEL_AI_2026-10-23_T+45_1788903777290_rrcr,BLR-DEL,EaseMyTrip,AI,AI-9762,2026-10-23,T+45,12612,2768,15380,2026-09-08T21:22:14.142Z,FALSE,"",07:05,FALSE
fare_BLR-DEL_IX_2026-10-23_T+45_1788903777290_lndl,BLR-DEL,EaseMyTrip,IX,IX-2786,2026-10-23,T+45,13484,2960,16444,2026-09-08T21:22:14.142Z,FALSE,"",09:20,FALSE
fare_BLR-DEL_IX_2026-10-23_T+45_1788903777290_kuev,BLR-DEL,EaseMyTrip,IX,IX-1536,2026-10-23,T+45,13701,3007,16708,2026-09-08T21:22:14.142Z,TRUE,"High outlier: ₹16708 > upper fence ₹16599 (Q3: ₹12663, IQR: ₹2624)",15:00,FALSE
fare_BLR-DEL_IX_2026-10-23_T+45_1788903777290_vb6v,BLR-DEL,EaseMyTrip,IX,IX-2816,2026-10-23,T+45,13777,3024,16801,2026-09-08T21:22:14.142Z,TRUE,"High outlier: ₹16801 > upper fence ₹16599 (Q3: ₹12663, IQR: ₹2624)",10:20,FALSE
fare_BLR-DEL_AI_2026-10-23_T+45_1788903777290_kbh0,BLR-DEL,EaseMyTrip,AI,AI-9778,2026-10-23,T+45,14048,3084,17132,2026-09-08T21:22:14.142Z,TRUE,"High outlier: ₹17132 > upper fence ₹16599 (Q3: ₹12663, IQR: ₹2624)",08:40,FALSE
fare_BLR-DEL_AI_2026-10-23_T+45_1788903777290_79d5,BLR-DEL,EaseMyTrip,AI,AI-2630,2026-10-23,T+45,14462,3174,17636,2026-09-08T21:22:14.142Z,TRUE,"High outlier: ₹17636 > upper fence ₹16599 (Q3: ₹12663, IQR: ₹2624)",12:05,FALSE
fare_BLR-DEL_AI_2026-10-23_T+45_1788903777290_xr3y,BLR-DEL,EaseMyTrip,AI,AI-2402,2026-10-23,T+45,14547,3193,17740,2026-09-08T21:22:14.142Z,TRUE,"High outlier: ₹17740 > upper fence ₹16599 (Q3: ₹12663, IQR: ₹2624)",06:35,FALSE
fare_BLR-DEL_AI_2026-10-23_T+45_1788903777290_b58d,BLR-DEL,EaseMyTrip,AI,AI-9804,2026-10-23,T+45,14548,3194,17742,2026-09-08T21:22:14.142Z,TRUE,"High outlier: ₹17742 > upper fence ₹16599 (Q3: ₹12663, IQR: ₹2624)",12:45,FALSE
fare_BLR-DEL_AI_2026-10-23_T+45_1788903777290_50e7,BLR-DEL,EaseMyTrip,AI,AI-2642,2026-10-23,T+45,14580,3200,17780,2026-09-08T21:22:14.142Z,TRUE,"High outlier: ₹17780 > upper fence ₹16599 (Q3: ₹12663, IQR: ₹2624)",21:30,FALSE
fare_BLR-DEL_AI_2026-10-23_T+45_1788903777290_shoa,BLR-DEL,EaseMyTrip,AI,AI-2854,2026-10-23,T+45,14757,3239,17996,2026-09-08T21:22:14.142Z,TRUE,"High outlier: ₹17996 > upper fence ₹16599 (Q3: ₹12663, IQR: ₹2624)",18:05,FALSE
fare_BLR-DEL_AI_2026-10-23_T+45_1788903777290_8ich,BLR-DEL,EaseMyTrip,AI,AI-9898,2026-10-23,T+45,14772,3243,18015,2026-09-08T21:22:14.142Z,TRUE,"High outlier: ₹18015 > upper fence ₹16599 (Q3: ₹12663, IQR: ₹2624)",10:20,FALSE
fare_BLR-DEL_AI_2026-10-23_T+45_1788903777290_lrmr,BLR-DEL,EaseMyTrip,AI,AI-2604,2026-10-23,T+45,15678,3441,19119,2026-09-08T21:22:14.142Z,TRUE,"High outlier: ₹19119 > upper fence ₹16599 (Q3: ₹12663, IQR: ₹2624)",09:15,FALSE
fare_BLR-DEL_AI_2026-10-23_T+45_1788903777290_buxl,BLR-DEL,EaseMyTrip,AI,AI-9602,2026-10-23,T+45,15993,3511,19504,2026-09-08T21:22:14.142Z,TRUE,"High outlier: ₹19504 > upper fence ₹16599 (Q3: ₹12663, IQR: ₹2624)",09:10,FALSE
fare_BLR-DEL_AI_2026-10-23_T+45_1788903777290_cxpc,BLR-DEL,EaseMyTrip,AI,AI-9490,2026-10-23,T+45,16334,3585,19919,2026-09-08T21:22:14.142Z,TRUE,"High outlier: ₹19919 > upper fence ₹16599 (Q3: ₹12663, IQR: ₹2624)",10:40,FALSE
fare_BLR-DEL_6E_2026-10-23_T+45_1788903777290_1afn,BLR-DEL,EaseMyTrip,6E,6E-6439,2026-10-23,T+45,16176,3551,19727,2026-09-08T21:22:14.142Z,TRUE,"High outlier: ₹19727 > upper fence ₹16599 (Q3: ₹12663, IQR: ₹2624)",06:30,FALSE
fare_BLR-DEL_6E_2026-10-23_T+45_1788903777290_kjvw,BLR-DEL,EaseMyTrip,6E,6E-687,2026-10-23,T+45,16176,3551,19727,2026-09-08T21:22:14.142Z,TRUE,"High outlier: ₹19727 > upper fence ₹16599 (Q3: ₹12663, IQR: ₹2624)",05:00,FALSE
fare_BLR-DEL_6E_2026-10-23_T+45_1788903777290_c9rf,BLR-DEL,EaseMyTrip,6E,6E-893,2026-10-23,T+45,16176,3551,19727,2026-09-08T21:22:14.142Z,TRUE,"High outlier: ₹19727 > upper fence ₹16599 (Q3: ₹12663, IQR: ₹2624)",05:00,FALSE
fare_BLR-DEL_IX_2026-10-23_T+45_1788903777290_wo57,BLR-DEL,EaseMyTrip,IX,IX-1131,2026-10-23,T+45,17377,3814,21191,2026-09-08T21:22:14.142Z,TRUE,"High outlier: ₹21191 > upper fence ₹16599 (Q3: ₹12663, IQR: ₹2624)",07:05,FALSE
fare_BLR-DEL_IX_2026-10-23_T+45_1788903777290_wh8l,BLR-DEL,EaseMyTrip,IX,IX-1537,2026-10-23,T+45,17979,3946,21925,2026-09-08T21:22:14.142Z,TRUE,"High outlier: ₹21925 > upper fence ₹16599 (Q3: ₹12663, IQR: ₹2624)",12:00,FALSE
fare_BLR-DEL_6E_2026-10-23_T+45_1788903777290_1e2y,BLR-DEL,EaseMyTrip,6E,6E-642,2026-10-23,T+45,17123,3759,20882,2026-09-08T21:22:14.142Z,TRUE,"High outlier: ₹20882 > upper fence ₹16599 (Q3: ₹12663, IQR: ₹2624)",08:10,FALSE
fare_BLR-DEL_6E_2026-10-23_T+45_1788903777290_lbwe,BLR-DEL,EaseMyTrip,6E,6E-275,2026-10-23,T+45,17123,3759,20882,2026-09-08T21:22:14.142Z,TRUE,"High outlier: ₹20882 > upper fence ₹16599 (Q3: ₹12663, IQR: ₹2624)",08:10,FALSE
fare_BLR-DEL_AI_2026-10-23_T+45_1788903777290_mfjm,BLR-DEL,EaseMyTrip,AI,AI-9437,2026-10-23,T+45,19802,4347,24149,2026-09-08T21:22:14.142Z,TRUE,"High outlier: ₹24149 > upper fence ₹16599 (Q3: ₹12663, IQR: ₹2624)",07:05,FALSE
fare_BLR-HYD_6E_2026-09-23_T+15_1788903777291_hvqm,BLR-HYD,EaseMyTrip,6E,6E-670,2026-09-23,T+15,3341,733,4074,2026-09-08T21:24:37.953Z,FALSE,"",17:55,TRUE
fare_BLR-HYD_6E_2026-09-23_T+15_1788903777291_5o9g,BLR-HYD,EaseMyTrip,6E,6E-786,2026-09-23,T+15,3341,733,4074,2026-09-08T21:24:37.953Z,FALSE,"",17:55,TRUE
fare_BLR-HYD_IX_2026-09-23_T+15_1788903777291_iyrq,BLR-HYD,EaseMyTrip,IX,IX-2506,2026-09-23,T+15,3765,827,4592,2026-09-08T21:24:37.953Z,FALSE,"",17:15,TRUE
fare_BLR-HYD_6E_2026-09-23_T+15_1788903777291_kacz,BLR-HYD,EaseMyTrip,6E,6E-649,2026-09-23,T+15,3733,820,4553,2026-09-08T21:24:37.953Z,FALSE,"",12:55,FALSE
fare_BLR-HYD_6E_2026-09-23_T+15_1788903777291_ssp6,BLR-HYD,EaseMyTrip,6E,6E-227,2026-09-23,T+15,3733,820,4553,2026-09-08T21:24:37.953Z,FALSE,"",12:55,FALSE
fare_BLR-HYD_6E_2026-09-23_T+15_1788903777291_r9nx,BLR-HYD,EaseMyTrip,6E,6E-6168,2026-09-23,T+15,3733,820,4553,2026-09-08T21:24:37.953Z,FALSE,"",17:40,FALSE
fare_BLR-HYD_6E_2026-09-23_T+15_1788903777291_jnwr,BLR-HYD,EaseMyTrip,6E,6E-6554,2026-09-23,T+15,3733,820,4553,2026-09-08T21:24:37.953Z,FALSE,"",19:15,FALSE
fare_BLR-HYD_6E_2026-09-23_T+15_1788903777291_389p,BLR-HYD,EaseMyTrip,6E,6E-242,2026-09-23,T+15,3733,820,4553,2026-09-08T21:24:37.953Z,FALSE,"",07:05,FALSE
fare_BLR-HYD_6E_2026-09-23_T+15_1788903777291_doey,BLR-HYD,EaseMyTrip,6E,6E-6208,2026-09-23,T+15,3733,820,4553,2026-09-08T21:24:37.953Z,FALSE,"",12:45,FALSE
fare_BLR-HYD_6E_2026-09-23_T+15_1788903777291_mv3o,BLR-HYD,EaseMyTrip,6E,6E-437,2026-09-23,T+15,3733,820,4553,2026-09-08T21:24:37.953Z,FALSE,"",12:55,FALSE
fare_BLR-HYD_6E_2026-09-23_T+15_1788903777291_c44p,BLR-HYD,EaseMyTrip,6E,6E-765,2026-09-23,T+15,3733,820,4553,2026-09-08T21:24:37.953Z,FALSE,"",12:55,FALSE
fare_BLR-HYD_6E_2026-09-23_T+15_1788903777291_ht54,BLR-HYD,EaseMyTrip,6E,6E-6542,2026-09-23,T+15,3733,820,4553,2026-09-08T21:24:37.953Z,FALSE,"",13:10,FALSE
fare_BLR-HYD_6E_2026-09-23_T+15_1788903777291_ouzz,BLR-HYD,EaseMyTrip,6E,6E-186,2026-09-23,T+15,3733,820,4553,2026-09-08T21:24:37.953Z,FALSE,"",15:30,FALSE
fare_BLR-HYD_6E_2026-09-23_T+15_1788903777291_p6ps,BLR-HYD,EaseMyTrip,6E,6E-6017,2026-09-23,T+15,3733,820,4553,2026-09-08T21:24:37.953Z,FALSE,"",18:15,FALSE
fare_BLR-HYD_6E_2026-09-23_T+15_1788903777291_yhdo,BLR-HYD,EaseMyTrip,6E,6E-953,2026-09-23,T+15,3733,820,4553,2026-09-08T21:24:37.953Z,FALSE,"",18:50,FALSE
fare_BLR-HYD_6E_2026-09-23_T+15_1788903777291_zndd,BLR-HYD,EaseMyTrip,6E,6E-745,2026-09-23,T+15,3733,820,4553,2026-09-08T21:24:37.953Z,FALSE,"",18:50,FALSE
fare_BLR-HYD_6E_2026-09-23_T+15_1788903777291_w8f9,BLR-HYD,EaseMyTrip,6E,6E-746,2026-09-23,T+15,3733,820,4553,2026-09-08T21:24:37.953Z,FALSE,"",17:15,FALSE
fare_BLR-HYD_6E_2026-09-23_T+15_1788903777291_gf7i,BLR-HYD,EaseMyTrip,6E,6E-993,2026-09-23,T+15,3733,820,4553,2026-09-08T21:24:37.953Z,FALSE,"",17:15,FALSE
fare_BLR-HYD_6E_2026-09-23_T+15_1788903777291_zxgo,BLR-HYD,EaseMyTrip,6E,6E-609,2026-09-23,T+15,3733,820,4553,2026-09-08T21:24:37.953Z,FALSE,"",07:05,FALSE
fare_BLR-HYD_6E_2026-09-23_T+15_1788903777291_k3z0,BLR-HYD,EaseMyTrip,6E,6E-116,2026-09-23,T+15,3733,820,4553,2026-09-08T21:24:37.953Z,FALSE,"",07:05,FALSE
fare_BLR-HYD_6E_2026-09-23_T+15_1788903777291_t4xc,BLR-HYD,EaseMyTrip,6E,6E-345,2026-09-23,T+15,3733,820,4553,2026-09-08T21:24:37.953Z,FALSE,"",23:05,FALSE
fare_BLR-HYD_6E_2026-09-23_T+15_1788903777291_k93s,BLR-HYD,EaseMyTrip,6E,6E-457,2026-09-23,T+15,3733,820,4553,2026-09-08T21:24:37.953Z,FALSE,"",23:05,FALSE
fare_BLR-HYD_6E_2026-09-23_T+15_1788903777291_gr3d,BLR-HYD,EaseMyTrip,6E,6E-6445,2026-09-23,T+15,3733,820,4553,2026-09-08T21:24:37.953Z,FALSE,"",10:25,FALSE
fare_BLR-HYD_6E_2026-09-23_T+15_1788903777291_odht,BLR-HYD,EaseMyTrip,6E,6E-529,2026-09-23,T+15,3733,820,4553,2026-09-08T21:24:37.953Z,FALSE,"",20:40,FALSE
fare_BLR-HYD_6E_2026-09-23_T+15_1788903777291_b6hx,BLR-HYD,EaseMyTrip,6E,6E-888,2026-09-23,T+15,3733,820,4553,2026-09-08T21:24:37.953Z,FALSE,"",20:40,FALSE
fare_BLR-HYD_6E_2026-09-23_T+15_1788903777291_kigi,BLR-HYD,EaseMyTrip,6E,6E-325,2026-09-23,T+15,3733,820,4553,2026-09-08T21:24:37.953Z,FALSE,"",07:05,FALSE
fare_BLR-HYD_6E_2026-09-23_T+15_1788903777291_fjro,BLR-HYD,EaseMyTrip,6E,6E-564,2026-09-23,T+15,3733,820,4553,2026-09-08T21:24:37.953Z,FALSE,"",07:05,FALSE
fare_BLR-HYD_6E_2026-09-23_T+15_1788903777291_dfov,BLR-HYD,EaseMyTrip,6E,6E-154,2026-09-23,T+15,3733,820,4553,2026-09-08T21:24:37.953Z,FALSE,"",07:05,FALSE
fare_BLR-HYD_6E_2026-09-23_T+15_1788903777291_bpj3,BLR-HYD,EaseMyTrip,6E,6E-792,2026-09-23,T+15,3733,820,4553,2026-09-08T21:24:37.953Z,FALSE,"",07:05,FALSE
fare_BLR-HYD_6E_2026-09-23_T+15_1788903777291_eohf,BLR-HYD,EaseMyTrip,6E,6E-6269,2026-09-23,T+15,3733,820,4553,2026-09-08T21:24:37.953Z,FALSE,"",07:15,FALSE
fare_BLR-HYD_6E_2026-09-23_T+15_1788903777291_dz7d,BLR-HYD,EaseMyTrip,6E,6E-6336,2026-09-23,T+15,3842,843,4685,2026-09-08T21:24:37.953Z,FALSE,"",12:40,FALSE
fare_BLR-HYD_IX_2026-09-23_T+15_1788903777291_u8kd,BLR-HYD,EaseMyTrip,IX,IX-2875,2026-09-23,T+15,4318,948,5266,2026-09-08T21:24:37.953Z,FALSE,"",06:10,FALSE
fare_BLR-HYD_6E_2026-09-23_T+15_1788903777291_82np,BLR-HYD,EaseMyTrip,6E,6E-6067,2026-09-23,T+15,3869,849,4718,2026-09-08T21:24:37.953Z,FALSE,"",16:30,TRUE
fare_BLR-HYD_6E_2026-09-23_T+15_1788903777291_cyk0,BLR-HYD,EaseMyTrip,6E,6E-6104,2026-09-23,T+15,3966,870,4836,2026-09-08T21:24:37.953Z,FALSE,"",11:40,FALSE
fare_BLR-HYD_6E_2026-09-23_T+15_1788903777291_ijym,BLR-HYD,EaseMyTrip,6E,6E-982,2026-09-23,T+15,3966,870,4836,2026-09-08T21:24:37.953Z,FALSE,"",21:40,FALSE
fare_BLR-HYD_6E_2026-09-23_T+15_1788903777291_l6jb,BLR-HYD,EaseMyTrip,6E,6E-739,2026-09-23,T+15,3966,870,4836,2026-09-08T21:24:37.953Z,FALSE,"",21:40,FALSE
fare_BLR-HYD_IX_2026-09-23_T+15_1788903777291_8vlq,BLR-HYD,EaseMyTrip,IX,IX-2926,2026-09-23,T+15,4491,986,5477,2026-09-08T21:24:37.953Z,FALSE,"",08:40,FALSE
fare_BLR-HYD_IX_2026-09-23_T+15_1788903777291_vu88,BLR-HYD,EaseMyTrip,IX,IX-1250,2026-09-23,T+15,4414,969,5383,2026-09-08T21:24:37.953Z,FALSE,"",19:15,TRUE
fare_BLR-HYD_6E_2026-09-23_T+15_1788903777291_obae,BLR-HYD,EaseMyTrip,6E,6E-6891,2026-09-23,T+15,4220,926,5146,2026-09-08T21:24:37.953Z,FALSE,"",17:15,FALSE
fare_BLR-HYD_6E_2026-09-23_T+15_1788903777291_vmy5,BLR-HYD,EaseMyTrip,6E,6E-6162,2026-09-23,T+15,4220,926,5146,2026-09-08T21:24:37.953Z,FALSE,"",18:50,FALSE
fare_BLR-HYD_6E_2026-09-23_T+15_1788903777291_4fsf,BLR-HYD,EaseMyTrip,6E,6E-7005,2026-09-23,T+15,4220,926,5146,2026-09-08T21:24:37.953Z,FALSE,"",08:05,FALSE
fare_BLR-HYD_6E_2026-09-23_T+15_1788903777291_pzr9,BLR-HYD,EaseMyTrip,6E,6E-453,2026-09-23,T+15,4220,926,5146,2026-09-08T21:24:37.953Z,FALSE,"",17:00,FALSE
fare_BLR-HYD_6E_2026-09-23_T+15_1788903777291_49b1,BLR-HYD,EaseMyTrip,6E,6E-268,2026-09-23,T+15,4220,926,5146,2026-09-08T21:24:37.953Z,FALSE,"",17:00,FALSE
fare_BLR-HYD_6E_2026-09-23_T+15_1788903777291_ghil,BLR-HYD,EaseMyTrip,6E,6E-281,2026-09-23,T+15,4490,985,5475,2026-09-08T21:24:37.953Z,FALSE,"",18:35,TRUE
fare_BLR-HYD_6E_2026-09-23_T+15_1788903777291_llwk,BLR-HYD,EaseMyTrip,6E,6E-6784,2026-09-23,T+15,4490,985,5475,2026-09-08T21:24:37.953Z,FALSE,"",21:30,TRUE
fare_BLR-HYD_IX_2026-09-23_T+15_1788903777291_h0us,BLR-HYD,EaseMyTrip,IX,IX-1472,2026-09-23,T+15,5142,1129,6271,2026-09-08T21:24:37.953Z,FALSE,"",07:05,FALSE
fare_BLR-HYD_6E_2026-09-23_T+15_1788903777291_x5lj,BLR-HYD,EaseMyTrip,6E,6E-7227,2026-09-23,T+15,4698,1031,5729,2026-09-08T21:24:37.953Z,FALSE,"",06:25,FALSE
fare_BLR-HYD_6E_2026-09-23_T+15_1788903777291_0tw4,BLR-HYD,EaseMyTrip,6E,6E-7204,2026-09-23,T+15,4806,1055,5861,2026-09-08T21:24:37.953Z,FALSE,"",06:50,FALSE
fare_BLR-HYD_IX_2026-09-23_T+15_1788903777291_kga4,BLR-HYD,EaseMyTrip,IX,IX-2018,2026-09-23,T+15,5151,1131,6282,2026-09-08T21:24:37.953Z,FALSE,"",06:05,TRUE
fare_BLR-HYD_6E_2026-09-23_T+15_1788903777291_0a92,BLR-HYD,EaseMyTrip,6E,6E-6178,2026-09-23,T+15,5245,1151,6396,2026-09-08T21:24:37.953Z,FALSE,"",06:25,TRUE
fare_BLR-HYD_IX_2026-09-23_T+15_1788903777291_j36e,BLR-HYD,EaseMyTrip,IX,IX-2819,2026-09-23,T+15,5644,1239,6883,2026-09-08T21:24:37.953Z,FALSE,"",12:30,TRUE
fare_BLR-HYD_6E_2026-09-23_T+15_1788903777291_n9du,BLR-HYD,EaseMyTrip,6E,6E-6876,2026-09-23,T+15,5514,1210,6724,2026-09-08T21:24:37.953Z,FALSE,"",02:40,FALSE
fare_BLR-HYD_6E_2026-09-23_T+15_1788903777291_6tm8,BLR-HYD,EaseMyTrip,6E,6E-6563,2026-09-23,T+15,5514,1210,6724,2026-09-08T21:24:37.953Z,FALSE,"",01:05,FALSE
fare_BLR-HYD_6E_2026-09-23_T+15_1788903777291_5q2j,BLR-HYD,EaseMyTrip,6E,6E-686,2026-09-23,T+15,5621,1234,6855,2026-09-08T21:24:37.953Z,FALSE,"",11:05,FALSE
fare_BLR-HYD_6E_2026-09-23_T+15_1788903777291_t9f1,BLR-HYD,EaseMyTrip,6E,6E-754,2026-09-23,T+15,5621,1234,6855,2026-09-08T21:24:37.953Z,FALSE,"",11:05,FALSE
fare_BLR-HYD_6E_2026-09-23_T+15_1788903777291_f858,BLR-HYD,EaseMyTrip,6E,6E-6404,2026-09-23,T+15,5683,1247,6930,2026-09-08T21:24:37.953Z,FALSE,"",11:35,TRUE
fare_BLR-HYD_6E_2026-09-23_T+15_1788903777291_j148,BLR-HYD,EaseMyTrip,6E,6E-6753,2026-09-23,T+15,5921,1300,7221,2026-09-08T21:24:37.953Z,FALSE,"",15:15,FALSE
fare_BLR-HYD_6E_2026-09-23_T+15_1788903777291_rvby,BLR-HYD,EaseMyTrip,6E,6E-370,2026-09-23,T+15,6166,1353,7519,2026-09-08T21:24:37.953Z,FALSE,"",19:45,TRUE
fare_BLR-HYD_6E_2026-09-23_T+15_1788903777291_4ahn,BLR-HYD,EaseMyTrip,6E,6E-898,2026-09-23,T+15,6166,1353,7519,2026-09-08T21:24:37.953Z,FALSE,"",19:45,TRUE
fare_BLR-HYD_6E_2026-09-23_T+15_1788903777291_l5dl,BLR-HYD,EaseMyTrip,6E,6E-6583,2026-09-23,T+15,6477,1422,7899,2026-09-08T21:24:37.953Z,FALSE,"",10:40,FALSE
fare_BLR-HYD_6E_2026-09-23_T+15_1788903777291_z0gg,BLR-HYD,EaseMyTrip,6E,6E-788,2026-09-23,T+15,6775,1487,8262,2026-09-08T21:24:37.953Z,FALSE,"",17:15,FALSE
fare_BLR-HYD_6E_2026-09-23_T+15_1788903777291_cjwi,BLR-HYD,EaseMyTrip,6E,6E-276,2026-09-23,T+15,6775,1487,8262,2026-09-08T21:24:37.953Z,FALSE,"",17:15,FALSE
fare_BLR-HYD_6E_2026-09-23_T+15_1788903777291_rehl,BLR-HYD,EaseMyTrip,6E,6E-399,2026-09-23,T+15,6867,1507,8374,2026-09-08T21:24:37.953Z,FALSE,"",10:45,FALSE
fare_BLR-HYD_6E_2026-09-23_T+15_1788903777291_7mww,BLR-HYD,EaseMyTrip,6E,6E-313,2026-09-23,T+15,6867,1507,8374,2026-09-08T21:24:37.953Z,FALSE,"",10:45,FALSE
fare_BLR-HYD_6E_2026-09-23_T+15_1788903777291_mrv5,BLR-HYD,EaseMyTrip,6E,6E-210,2026-09-23,T+15,7286,1599,8885,2026-09-08T21:24:37.953Z,FALSE,"",09:15,TRUE
fare_BLR-HYD_6E_2026-09-23_T+15_1788903777291_ln3m,BLR-HYD,EaseMyTrip,6E,6E-724,2026-09-23,T+15,7286,1599,8885,2026-09-08T21:24:37.953Z,FALSE,"",09:15,TRUE
fare_BLR-HYD_6E_2026-09-23_T+15_1788903777291_cjlp,BLR-HYD,EaseMyTrip,6E,6E-7285,2026-09-23,T+15,7583,1664,9247,2026-09-08T21:24:37.953Z,FALSE,"",06:50,FALSE
fare_BLR-HYD_6E_2026-09-23_T+15_1788903777291_mdzo,BLR-HYD,EaseMyTrip,6E,6E-305,2026-09-23,T+15,7933,1742,9675,2026-09-08T21:24:37.953Z,FALSE,"",10:15,TRUE
fare_BLR-HYD_6E_2026-09-23_T+15_1788903777291_8bdb,BLR-HYD,EaseMyTrip,6E,6E-741,2026-09-23,T+15,7933,1742,9675,2026-09-08T21:24:37.953Z,FALSE,"",10:15,TRUE
fare_BLR-HYD_6E_2026-09-23_T+15_1788903777291_zoxz,BLR-HYD,EaseMyTrip,6E,6E-608,2026-09-23,T+15,8649,1899,10548,2026-09-08T21:24:37.953Z,FALSE,"",08:15,TRUE
fare_BLR-HYD_6E_2026-09-23_T+15_1788903777291_n0sd,BLR-HYD,EaseMyTrip,6E,6E-310,2026-09-23,T+15,8649,1899,10548,2026-09-08T21:24:37.953Z,FALSE,"",08:15,TRUE
fare_BLR-HYD_AI_2026-09-23_T+15_1788903777291_91z4,BLR-HYD,EaseMyTrip,AI,AI-2858,2026-09-23,T+15,9019,1980,10999,2026-09-08T21:24:37.953Z,FALSE,"",02:20,FALSE
fare_BLR-HYD_AI_2026-09-23_T+15_1788903777291_ybsg,BLR-HYD,EaseMyTrip,AI,AI-2854,2026-09-23,T+15,10989,2412,13401,2026-09-08T21:24:37.953Z,FALSE,"",18:05,FALSE
fare_BLR-HYD_AI_2026-09-23_T+15_1788903777291_ksb3,BLR-HYD,EaseMyTrip,AI,AI-2604,2026-09-23,T+15,11169,2452,13621,2026-09-08T21:24:37.953Z,FALSE,"",09:15,FALSE
fare_BLR-HYD_AI_2026-09-23_T+15_1788903777291_zqmz,BLR-HYD,EaseMyTrip,AI,AI-2630,2026-09-23,T+15,11178,2454,13632,2026-09-08T21:24:37.953Z,FALSE,"",12:05,FALSE
fare_BLR-HYD_AI_2026-09-23_T+15_1788903777291_8pqr,BLR-HYD,EaseMyTrip,AI,AI-2402,2026-09-23,T+15,11373,2496,13869,2026-09-08T21:24:37.953Z,FALSE,"",06:35,FALSE
fare_BLR-HYD_AI_2026-09-23_T+15_1788903777291_f384,BLR-HYD,EaseMyTrip,AI,AI-2852,2026-09-23,T+15,11416,2506,13922,2026-09-08T21:24:37.953Z,FALSE,"",10:30,FALSE
fare_BLR-HYD_QP_2026-09-23_T+15_1788903777291_g09j,BLR-HYD,EaseMyTrip,QP,QP-1823,2026-09-23,T+15,13299,2919,16218,2026-09-08T21:24:37.953Z,FALSE,"",06:05,FALSE
fare_BLR-HYD_QP_2026-09-23_T+15_1788903777291_bvg8,BLR-HYD,EaseMyTrip,QP,QP-1359,2026-09-23,T+15,13299,2919,16218,2026-09-08T21:24:37.953Z,FALSE,"",05:00,FALSE
fare_BLR-HYD_QP_2026-09-23_T+15_1788903777291_6w3b,BLR-HYD,EaseMyTrip,QP,QP-1811,2026-09-23,T+15,13299,2919,16218,2026-09-08T21:24:37.953Z,FALSE,"",04:10,FALSE
fare_BLR-HYD_6E_2026-09-23_T+15_1788903777291_b7mr,BLR-HYD,EaseMyTrip,6E,6E-6653,2026-09-23,T+15,13328,2926,16254,2026-09-08T21:24:37.953Z,FALSE,"",12:35,FALSE
fare_BLR-HYD_AI_2026-09-23_T+15_1788903777291_7qrq,BLR-HYD,EaseMyTrip,AI,AI-9455,2026-09-23,T+15,13843,3039,16882,2026-09-08T21:24:37.953Z,FALSE,"",08:40,FALSE
fare_BLR-HYD_AI_2026-09-23_T+15_1788903777291_2jpz,BLR-HYD,EaseMyTrip,AI,AI-9451,2026-09-23,T+15,13843,3039,16882,2026-09-08T21:24:37.953Z,FALSE,"",05:30,FALSE
fare_BLR-HYD_AI_2026-09-23_T+15_1788903777291_qjtw,BLR-HYD,EaseMyTrip,AI,AI-9400,2026-09-23,T+15,14232,3124,17356,2026-09-08T21:24:37.953Z,FALSE,"",14:40,FALSE
fare_BLR-HYD_AI_2026-09-23_T+15_1788903777291_j7sd,BLR-HYD,EaseMyTrip,AI,AI-2758,2026-09-23,T+15,14236,3125,17361,2026-09-08T21:24:37.953Z,FALSE,"",00:15,FALSE
fare_BLR-HYD_AI_2026-09-23_T+15_1788903777291_r2bn,BLR-HYD,EaseMyTrip,AI,AI-9453,2026-09-23,T+15,14401,3161,17562,2026-09-08T21:24:37.953Z,FALSE,"",21:00,FALSE
fare_BLR-HYD_AI_2026-09-23_T+15_1788903777291_922q,BLR-HYD,EaseMyTrip,AI,AI-2414,2026-09-23,T+15,14457,3173,17630,2026-09-08T21:24:37.953Z,FALSE,"",05:30,FALSE
fare_BLR-HYD_AI_2026-09-23_T+15_1788903777291_pljs,BLR-HYD,EaseMyTrip,AI,AI-9457,2026-09-23,T+15,14496,3182,17678,2026-09-08T21:24:37.953Z,FALSE,"",16:15,FALSE
fare_BLR-HYD_AI_2026-09-23_T+15_1788903777291_bl7b,BLR-HYD,EaseMyTrip,AI,AI-2810,2026-09-23,T+15,14580,3201,17781,2026-09-08T21:24:37.953Z,FALSE,"",06:00,FALSE
fare_BLR-HYD_AI_2026-09-23_T+15_1788903777291_lhhz,BLR-HYD,EaseMyTrip,AI,AI-2486,2026-09-23,T+15,14580,3201,17781,2026-09-08T21:24:37.953Z,FALSE,"",14:00,FALSE
fare_BLR-HYD_AI_2026-09-23_T+15_1788903777291_fokm,BLR-HYD,EaseMyTrip,AI,AI-2418,2026-09-23,T+15,14580,3201,17781,2026-09-08T21:24:37.953Z,FALSE,"",16:30,FALSE
fare_BLR-HYD_AI_2026-09-23_T+15_1788903777291_ph1t,BLR-HYD,EaseMyTrip,AI,AI-2511,2026-09-23,T+15,14580,3201,17781,2026-09-08T21:24:37.953Z,FALSE,"",15:00,FALSE
fare_BLR-HYD_AI_2026-09-23_T+15_1788903777291_o17b,BLR-HYD,EaseMyTrip,AI,AI-428,2026-09-23,T+15,14580,3201,17781,2026-09-08T21:24:37.953Z,FALSE,"",15:30,FALSE
fare_BLR-HYD_AI_2026-09-23_T+15_1788903777291_de17,BLR-HYD,EaseMyTrip,AI,AI-2818,2026-09-23,T+15,14732,3234,17966,2026-09-08T21:24:37.953Z,FALSE,"",20:00,FALSE
fare_BLR-HYD_AI_2026-09-23_T+15_1788903777291_6ep7,BLR-HYD,EaseMyTrip,AI,AI-2804,2026-09-23,T+15,15352,3370,18722,2026-09-08T21:24:37.953Z,FALSE,"",10:00,FALSE
fare_BLR-HYD_AI_2026-09-23_T+15_1788903777291_bljh,BLR-HYD,EaseMyTrip,AI,AI-2406,2026-09-23,T+15,15352,3370,18722,2026-09-08T21:24:37.953Z,FALSE,"",11:00,FALSE
fare_BLR-HYD_AI_2026-09-23_T+15_1788903777291_eqeg,BLR-HYD,EaseMyTrip,AI,AI-2868,2026-09-23,T+15,15487,3399,18886,2026-09-08T21:24:37.953Z,FALSE,"",09:00,FALSE
fare_BLR-HYD_6E_2026-09-23_T+15_1788903777291_ecuw,BLR-HYD,EaseMyTrip,6E,6E-7737,2026-09-23,T+15,15531,3409,18940,2026-09-08T21:24:37.953Z,FALSE,"",10:50,FALSE
fare_BLR-HYD_AI_2026-09-23_T+15_1788903777291_dw19,BLR-HYD,EaseMyTrip,AI,AI-2654,2026-09-23,T+15,16717,3669,20386,2026-09-08T21:24:37.953Z,FALSE,"",07:00,FALSE
fare_BLR-HYD_IX_2026-10-08_T+30_1788903777292_p9np,BLR-HYD,EaseMyTrip,IX,IX-2018,2026-10-08,T+30,3601,791,4392,2026-09-08T21:24:45.033Z,FALSE,"",06:05,TRUE
fare_BLR-HYD_IX_2026-10-08_T+30_1788903777292_d6es,BLR-HYD,EaseMyTrip,IX,IX-2051,2026-10-08,T+30,3955,868,4823,2026-09-08T21:24:45.033Z,FALSE,"",14:55,TRUE
fare_BLR-HYD_IX_2026-10-08_T+30_1788903777292_e1tw,BLR-HYD,EaseMyTrip,IX,IX-2819,2026-10-08,T+30,3955,868,4823,2026-09-08T21:24:45.033Z,FALSE,"",12:30,TRUE
fare_BLR-HYD_IX_2026-10-08_T+30_1788903777292_odz2,BLR-HYD,EaseMyTrip,IX,IX-2506,2026-10-08,T+30,3955,868,4823,2026-09-08T21:24:45.033Z,FALSE,"",17:15,TRUE
fare_BLR-HYD_6E_2026-10-08_T+30_1788903777292_x4nf,BLR-HYD,EaseMyTrip,6E,6E-6168,2026-10-08,T+30,3733,820,4553,2026-09-08T21:24:45.033Z,FALSE,"",17:40,FALSE
fare_BLR-HYD_6E_2026-10-08_T+30_1788903777292_vwv3,BLR-HYD,EaseMyTrip,6E,6E-6554,2026-10-08,T+30,3733,820,4553,2026-09-08T21:24:45.033Z,FALSE,"",19:15,FALSE
fare_BLR-HYD_6E_2026-10-08_T+30_1788903777292_mg8o,BLR-HYD,EaseMyTrip,6E,6E-959,2026-10-08,T+30,3733,820,4553,2026-09-08T21:24:45.033Z,FALSE,"",07:05,FALSE
fare_BLR-HYD_6E_2026-10-08_T+30_1788903777292_q996,BLR-HYD,EaseMyTrip,6E,6E-709,2026-10-08,T+30,3733,820,4553,2026-09-08T21:24:45.033Z,FALSE,"",07:05,FALSE
fare_BLR-HYD_6E_2026-10-08_T+30_1788903777292_lifh,BLR-HYD,EaseMyTrip,6E,6E-6269,2026-10-08,T+30,3733,820,4553,2026-09-08T21:24:45.033Z,FALSE,"",07:15,FALSE
fare_BLR-HYD_6E_2026-10-08_T+30_1788903777292_alpk,BLR-HYD,EaseMyTrip,6E,6E-6017,2026-10-08,T+30,3733,820,4553,2026-09-08T21:24:45.033Z,FALSE,"",18:15,FALSE
fare_BLR-HYD_6E_2026-10-08_T+30_1788903777292_x8m0,BLR-HYD,EaseMyTrip,6E,6E-422,2026-10-08,T+30,3733,820,4553,2026-09-08T21:24:45.033Z,FALSE,"",18:50,FALSE
fare_BLR-HYD_6E_2026-10-08_T+30_1788903777292_47u0,BLR-HYD,EaseMyTrip,6E,6E-498,2026-10-08,T+30,3733,820,4553,2026-09-08T21:24:45.033Z,FALSE,"",18:50,FALSE
fare_BLR-HYD_6E_2026-10-08_T+30_1788903777292_oebe,BLR-HYD,EaseMyTrip,6E,6E-708,2026-10-08,T+30,3733,820,4553,2026-09-08T21:24:45.033Z,FALSE,"",17:15,FALSE
fare_BLR-HYD_6E_2026-10-08_T+30_1788903777292_un3d,BLR-HYD,EaseMyTrip,6E,6E-579,2026-10-08,T+30,3733,820,4553,2026-09-08T21:24:45.033Z,FALSE,"",17:15,FALSE
fare_BLR-HYD_6E_2026-10-08_T+30_1788903777292_jzp8,BLR-HYD,EaseMyTrip,6E,6E-6876,2026-10-08,T+30,3733,820,4553,2026-09-08T21:24:45.033Z,FALSE,"",02:40,FALSE
fare_BLR-HYD_6E_2026-10-08_T+30_1788903777292_er5n,BLR-HYD,EaseMyTrip,6E,6E-6104,2026-10-08,T+30,3733,820,4553,2026-09-08T21:24:45.033Z,FALSE,"",11:40,FALSE
fare_BLR-HYD_6E_2026-10-08_T+30_1788903777292_gxem,BLR-HYD,EaseMyTrip,6E,6E-229,2026-10-08,T+30,3733,820,4553,2026-09-08T21:24:45.033Z,FALSE,"",17:15,FALSE
fare_BLR-HYD_6E_2026-10-08_T+30_1788903777292_bed0,BLR-HYD,EaseMyTrip,6E,6E-227,2026-10-08,T+30,3733,820,4553,2026-09-08T21:24:45.033Z,FALSE,"",17:15,FALSE
fare_BLR-HYD_6E_2026-10-08_T+30_1788903777292_9b8s,BLR-HYD,EaseMyTrip,6E,6E-6445,2026-10-08,T+30,3733,820,4553,2026-09-08T21:24:45.033Z,FALSE,"",10:25,FALSE
fare_BLR-HYD_6E_2026-10-08_T+30_1788903777292_cbxr,BLR-HYD,EaseMyTrip,6E,6E-6753,2026-10-08,T+30,3733,820,4553,2026-09-08T21:24:45.033Z,FALSE,"",15:15,FALSE
fare_BLR-HYD_6E_2026-10-08_T+30_1788903777292_igag,BLR-HYD,EaseMyTrip,6E,6E-6563,2026-10-08,T+30,3733,820,4553,2026-09-08T21:24:45.033Z,FALSE,"",01:05,FALSE
fare_BLR-HYD_6E_2026-10-08_T+30_1788903777292_ll1j,BLR-HYD,EaseMyTrip,6E,6E-638,2026-10-08,T+30,3733,820,4553,2026-09-08T21:24:45.033Z,FALSE,"",07:05,FALSE
fare_BLR-HYD_6E_2026-10-08_T+30_1788903777292_g5rd,BLR-HYD,EaseMyTrip,6E,6E-988,2026-10-08,T+30,3733,820,4553,2026-09-08T21:24:45.033Z,FALSE,"",07:05,FALSE
fare_BLR-HYD_6E_2026-10-08_T+30_1788903777292_732p,BLR-HYD,EaseMyTrip,6E,6E-163,2026-10-08,T+30,3733,820,4553,2026-09-08T21:24:45.033Z,FALSE,"",07:10,FALSE
fare_BLR-HYD_6E_2026-10-08_T+30_1788903777292_p7nv,BLR-HYD,EaseMyTrip,6E,6E-749,2026-10-08,T+30,3733,820,4553,2026-09-08T21:24:45.033Z,FALSE,"",07:10,FALSE
fare_BLR-HYD_6E_2026-10-08_T+30_1788903777292_xbw4,BLR-HYD,EaseMyTrip,6E,6E-581,2026-10-08,T+30,3733,820,4553,2026-09-08T21:24:45.033Z,FALSE,"",10:50,FALSE
fare_BLR-HYD_6E_2026-10-08_T+30_1788903777292_mxm1,BLR-HYD,EaseMyTrip,6E,6E-165,2026-10-08,T+30,3733,820,4553,2026-09-08T21:24:45.033Z,FALSE,"",10:50,FALSE
fare_BLR-HYD_6E_2026-10-08_T+30_1788903777292_l4de,BLR-HYD,EaseMyTrip,6E,6E-6583,2026-10-08,T+30,3842,843,4685,2026-09-08T21:24:45.033Z,FALSE,"",10:40,FALSE
fare_BLR-HYD_6E_2026-10-08_T+30_1788903777292_dn9e,BLR-HYD,EaseMyTrip,6E,6E-6336,2026-10-08,T+30,3842,843,4685,2026-09-08T21:24:45.033Z,FALSE,"",12:40,FALSE
fare_BLR-HYD_6E_2026-10-08_T+30_1788903777292_95d1,BLR-HYD,EaseMyTrip,6E,6E-6784,2026-10-08,T+30,3869,849,4718,2026-09-08T21:24:45.033Z,FALSE,"",21:25,TRUE
fare_BLR-HYD_IX_2026-10-08_T+30_1788903777292_hbd0,BLR-HYD,EaseMyTrip,IX,IX-1250,2026-10-08,T+30,4414,969,5383,2026-09-08T21:24:45.033Z,FALSE,"",19:10,TRUE
fare_BLR-HYD_6E_2026-10-08_T+30_1788903777292_5xqa,BLR-HYD,EaseMyTrip,6E,6E-396,2026-10-08,T+30,4164,914,5078,2026-09-08T21:24:45.033Z,FALSE,"",19:45,TRUE
fare_BLR-HYD_6E_2026-10-08_T+30_1788903777292_5swr,BLR-HYD,EaseMyTrip,6E,6E-817,2026-10-08,T+30,4164,914,5078,2026-09-08T21:24:45.033Z,FALSE,"",19:45,TRUE
fare_BLR-HYD_6E_2026-10-08_T+30_1788903777292_ntbp,BLR-HYD,EaseMyTrip,6E,6E-6162,2026-10-08,T+30,4220,926,5146,2026-09-08T21:24:45.033Z,FALSE,"",18:50,FALSE
fare_BLR-HYD_6E_2026-10-08_T+30_1788903777292_ifbo,BLR-HYD,EaseMyTrip,6E,6E-7005,2026-10-08,T+30,4220,926,5146,2026-09-08T21:24:45.033Z,FALSE,"",08:05,FALSE
fare_BLR-HYD_6E_2026-10-08_T+30_1788903777292_ioc4,BLR-HYD,EaseMyTrip,6E,6E-6003,2026-10-08,T+30,4220,926,5146,2026-09-08T21:24:45.033Z,FALSE,"",15:35,FALSE
fare_BLR-HYD_6E_2026-10-08_T+30_1788903777292_x66g,BLR-HYD,EaseMyTrip,6E,6E-864,2026-10-08,T+30,4220,926,5146,2026-09-08T21:24:45.033Z,FALSE,"",17:00,FALSE
fare_BLR-HYD_6E_2026-10-08_T+30_1788903777292_x6ur,BLR-HYD,EaseMyTrip,6E,6E-966,2026-10-08,T+30,4220,926,5146,2026-09-08T21:24:45.033Z,FALSE,"",17:00,FALSE
fare_BLR-HYD_6E_2026-10-08_T+30_1788903777292_35s5,BLR-HYD,EaseMyTrip,6E,6E-275,2026-10-08,T+30,4490,985,5475,2026-09-08T21:24:45.033Z,FALSE,"",18:35,TRUE
fare_BLR-HYD_6E_2026-10-08_T+30_1788903777292_5d5u,BLR-HYD,EaseMyTrip,6E,6E-447,2026-10-08,T+30,4490,985,5475,2026-09-08T21:24:45.033Z,FALSE,"",18:35,TRUE
fare_BLR-HYD_6E_2026-10-08_T+30_1788903777292_mokj,BLR-HYD,EaseMyTrip,6E,6E-6067,2026-10-08,T+30,4490,985,5475,2026-09-08T21:24:45.033Z,FALSE,"",16:30,TRUE
fare_BLR-HYD_6E_2026-10-08_T+30_1788903777292_ehgs,BLR-HYD,EaseMyTrip,6E,6E-603,2026-10-08,T+30,4490,985,5475,2026-09-08T21:24:45.033Z,FALSE,"",09:15,TRUE
fare_BLR-HYD_6E_2026-10-08_T+30_1788903777292_8h6r,BLR-HYD,EaseMyTrip,6E,6E-513,2026-10-08,T+30,4490,985,5475,2026-09-08T21:24:45.033Z,FALSE,"",09:15,TRUE
fare_BLR-HYD_6E_2026-10-08_T+30_1788903777292_7ikm,BLR-HYD,EaseMyTrip,6E,6E-269,2026-10-08,T+30,4490,985,5475,2026-09-08T21:24:45.033Z,FALSE,"",08:15,TRUE
fare_BLR-HYD_6E_2026-10-08_T+30_1788903777292_0e40,BLR-HYD,EaseMyTrip,6E,6E-965,2026-10-08,T+30,4490,985,5475,2026-09-08T21:24:45.033Z,FALSE,"",08:15,TRUE
fare_BLR-HYD_6E_2026-10-08_T+30_1788903777292_yd3w,BLR-HYD,EaseMyTrip,6E,6E-713,2026-10-08,T+30,4499,987,5486,2026-09-08T21:24:45.033Z,FALSE,"",07:10,FALSE
fare_BLR-HYD_6E_2026-10-08_T+30_1788903777292_9krj,BLR-HYD,EaseMyTrip,6E,6E-322,2026-10-08,T+30,4499,987,5486,2026-09-08T21:24:45.033Z,FALSE,"",07:10,FALSE
fare_BLR-HYD_6E_2026-10-08_T+30_1788903777292_5hs0,BLR-HYD,EaseMyTrip,6E,6E-6208,2026-10-08,T+30,4499,987,5486,2026-09-08T21:24:45.033Z,FALSE,"",12:45,FALSE
fare_BLR-HYD_IX_2026-10-08_T+30_1788903777292_v0wy,BLR-HYD,EaseMyTrip,IX,IX-2926,2026-10-08,T+30,5142,1129,6271,2026-09-08T21:24:45.033Z,FALSE,"",08:40,FALSE
fare_BLR-HYD_IX_2026-10-08_T+30_1788903777292_g762,BLR-HYD,EaseMyTrip,IX,IX-1472,2026-10-08,T+30,5142,1129,6271,2026-09-08T21:24:45.033Z,FALSE,"",07:05,FALSE
fare_BLR-HYD_6E_2026-10-08_T+30_1788903777292_l7ko,BLR-HYD,EaseMyTrip,6E,6E-7227,2026-10-08,T+30,4698,1031,5729,2026-09-08T21:24:45.033Z,FALSE,"",06:25,FALSE
fare_BLR-HYD_6E_2026-10-08_T+30_1788903777292_n0hu,BLR-HYD,EaseMyTrip,6E,6E-254,2026-10-08,T+30,4806,1055,5861,2026-09-08T21:24:45.033Z,FALSE,"",12:55,FALSE
fare_BLR-HYD_6E_2026-10-08_T+30_1788903777292_wtu1,BLR-HYD,EaseMyTrip,6E,6E-653,2026-10-08,T+30,4806,1055,5861,2026-09-08T21:24:45.033Z,FALSE,"",12:55,FALSE
fare_BLR-HYD_6E_2026-10-08_T+30_1788903777292_cdxk,BLR-HYD,EaseMyTrip,6E,6E-7223,2026-10-08,T+30,4806,1055,5861,2026-09-08T21:24:45.033Z,FALSE,"",15:30,FALSE
fare_BLR-HYD_6E_2026-10-08_T+30_1788903777292_cowh,BLR-HYD,EaseMyTrip,6E,6E-730,2026-10-08,T+30,4849,1064,5913,2026-09-08T21:24:45.033Z,FALSE,"",10:15,TRUE
fare_BLR-HYD_6E_2026-10-08_T+30_1788903777292_ge3a,BLR-HYD,EaseMyTrip,6E,6E-744,2026-10-08,T+30,4849,1064,5913,2026-09-08T21:24:45.033Z,FALSE,"",10:15,TRUE
fare_BLR-HYD_6E_2026-10-08_T+30_1788903777292_4wli,BLR-HYD,EaseMyTrip,6E,6E-399,2026-10-08,T+30,4718,1036,5754,2026-09-08T21:24:45.033Z,FALSE,"",20:50,TRUE
fare_BLR-HYD_6E_2026-10-08_T+30_1788903777292_yqnp,BLR-HYD,EaseMyTrip,6E,6E-832,2026-10-08,T+30,4718,1036,5754,2026-09-08T21:24:45.033Z,FALSE,"",20:50,TRUE
fare_BLR-HYD_6E_2026-10-08_T+30_1788903777292_ytbg,BLR-HYD,EaseMyTrip,6E,6E-6653,2026-10-08,T+30,5142,1129,6271,2026-09-08T21:24:45.033Z,FALSE,"",12:35,FALSE
fare_BLR-HYD_6E_2026-10-08_T+30_1788903777292_qx6g,BLR-HYD,EaseMyTrip,6E,6E-883,2026-10-08,T+30,5250,1152,6402,2026-09-08T21:24:45.033Z,FALSE,"",11:05,FALSE
fare_BLR-HYD_6E_2026-10-08_T+30_1788903777292_icq8,BLR-HYD,EaseMyTrip,6E,6E-742,2026-10-08,T+30,5250,1152,6402,2026-09-08T21:24:45.033Z,FALSE,"",11:05,FALSE
fare_BLR-HYD_6E_2026-10-08_T+30_1788903777292_oqrh,BLR-HYD,EaseMyTrip,6E,6E-7204,2026-10-08,T+30,5514,1210,6724,2026-09-08T21:24:45.033Z,FALSE,"",06:50,FALSE
fare_BLR-HYD_6E_2026-10-08_T+30_1788903777292_8wu5,BLR-HYD,EaseMyTrip,6E,6E-6404,2026-10-08,T+30,7286,1599,8885,2026-09-08T21:24:45.033Z,FALSE,"",11:35,TRUE
fare_BLR-HYD_6E_2026-10-08_T+30_1788903777292_krv1,BLR-HYD,EaseMyTrip,6E,6E-820,2026-10-08,T+30,7422,1629,9051,2026-09-08T21:24:45.033Z,FALSE,"",23:05,FALSE
fare_BLR-HYD_6E_2026-10-08_T+30_1788903777292_bqay,BLR-HYD,EaseMyTrip,6E,6E-750,2026-10-08,T+30,7422,1629,9051,2026-09-08T21:24:45.033Z,FALSE,"",23:05,FALSE
fare_BLR-HYD_6E_2026-10-08_T+30_1788903777292_x9yz,BLR-HYD,EaseMyTrip,6E,6E-472,2026-10-08,T+30,7422,1629,9051,2026-09-08T21:24:45.033Z,FALSE,"",21:40,FALSE
fare_BLR-HYD_6E_2026-10-08_T+30_1788903777292_diqb,BLR-HYD,EaseMyTrip,6E,6E-408,2026-10-08,T+30,7422,1629,9051,2026-09-08T21:24:45.033Z,FALSE,"",21:40,FALSE
fare_BLR-HYD_6E_2026-10-08_T+30_1788903777292_7guy,BLR-HYD,EaseMyTrip,6E,6E-367,2026-10-08,T+30,7963,1748,9711,2026-09-08T21:24:45.033Z,FALSE,"",20:40,FALSE
fare_BLR-HYD_6E_2026-10-08_T+30_1788903777292_16mg,BLR-HYD,EaseMyTrip,6E,6E-192,2026-10-08,T+30,7963,1748,9711,2026-09-08T21:24:45.033Z,FALSE,"",20:40,FALSE
fare_BLR-HYD_AI_2026-10-08_T+30_1788903777292_ixzm,BLR-HYD,EaseMyTrip,AI,AI-2858,2026-10-08,T+30,8536,1874,10410,2026-09-08T21:24:45.033Z,FALSE,"",02:20,FALSE
fare_BLR-HYD_AI_2026-10-08_T+30_1788903777292_96zo,BLR-HYD,EaseMyTrip,AI,AI-2811,2026-10-08,T+30,8845,1942,10787,2026-09-08T21:24:45.033Z,FALSE,"",23:40,FALSE
fare_BLR-HYD_6E_2026-10-08_T+30_1788903777292_o3x0,BLR-HYD,EaseMyTrip,6E,6E-7285,2026-10-08,T+30,10283,2257,12540,2026-09-08T21:24:45.033Z,FALSE,"",06:50,FALSE
fare_BLR-HYD_AI_2026-10-08_T+30_1788903777292_y6yp,BLR-HYD,EaseMyTrip,AI,AI-2854,2026-10-08,T+30,11090,2434,13524,2026-09-08T21:24:45.033Z,FALSE,"",18:05,FALSE
fare_BLR-HYD_AI_2026-10-08_T+30_1788903777292_fapa,BLR-HYD,EaseMyTrip,AI,AI-2630,2026-10-08,T+30,11169,2452,13621,2026-09-08T21:24:45.033Z,FALSE,"",12:05,FALSE
fare_BLR-HYD_6E_2026-10-08_T+30_1788903777292_2bib,BLR-HYD,EaseMyTrip,6E,6E-6178,2026-10-08,T+30,11272,2474,13746,2026-09-08T21:24:45.033Z,FALSE,"",06:10,TRUE
fare_BLR-HYD_AI_2026-10-08_T+30_1788903777292_b1kk,BLR-HYD,EaseMyTrip,AI,AI-2852,2026-10-08,T+30,11468,2517,13985,2026-09-08T21:24:45.033Z,FALSE,"",10:30,FALSE
fare_BLR-HYD_AI_2026-10-08_T+30_1788903777292_lig1,BLR-HYD,EaseMyTrip,AI,AI-2604,2026-10-08,T+30,11473,2518,13991,2026-09-08T21:24:45.033Z,FALSE,"",09:15,FALSE
fare_BLR-HYD_AI_2026-10-08_T+30_1788903777292_jygb,BLR-HYD,EaseMyTrip,AI,AI-2846,2026-10-08,T+30,11573,2540,14113,2026-09-08T21:24:45.033Z,FALSE,"",08:20,FALSE
fare_BLR-HYD_AI_2026-10-08_T+30_1788903777292_xw3r,BLR-HYD,EaseMyTrip,AI,AI-9528,2026-10-08,T+30,11919,2616,14535,2026-09-08T21:24:45.033Z,FALSE,"",05:20,FALSE
fare_BLR-HYD_AI_2026-10-08_T+30_1788903777292_4gew,BLR-HYD,EaseMyTrip,AI,AI-2402,2026-10-08,T+30,11930,2619,14549,2026-09-08T21:24:45.033Z,FALSE,"",06:35,FALSE
fare_BLR-HYD_QP_2026-10-08_T+30_1788903777292_5xxu,BLR-HYD,EaseMyTrip,QP,QP-1821,2026-10-08,T+30,12938,2840,15778,2026-09-08T21:24:45.033Z,FALSE,"",13:05,FALSE
fare_BLR-HYD_QP_2026-10-08_T+30_1788903777292_ppqi,BLR-HYD,EaseMyTrip,QP,QP-1823,2026-10-08,T+30,13423,2946,16369,2026-09-08T21:24:45.033Z,FALSE,"",06:05,FALSE
fare_BLR-HYD_QP_2026-10-08_T+30_1788903777292_nnga,BLR-HYD,EaseMyTrip,QP,QP-1359,2026-10-08,T+30,13423,2946,16369,2026-09-08T21:24:45.033Z,FALSE,"",05:00,FALSE
fare_BLR-HYD_AI_2026-10-08_T+30_1788903777292_q7wm,BLR-HYD,EaseMyTrip,AI,AI-9524,2026-10-08,T+30,13664,2999,16663,2026-09-08T21:24:45.033Z,FALSE,"",17:15,FALSE
fare_BLR-HYD_AI_2026-10-08_T+30_1788903777292_1bps,BLR-HYD,EaseMyTrip,AI,AI-2758,2026-10-08,T+30,14363,3153,17516,2026-09-08T21:24:45.033Z,FALSE,"",00:15,FALSE
fare_BLR-HYD_AI_2026-10-08_T+30_1788903777292_qm53,BLR-HYD,EaseMyTrip,AI,AI-2486,2026-10-08,T+30,14580,3201,17781,2026-09-08T21:24:45.033Z,FALSE,"",14:00,FALSE
fare_BLR-HYD_AI_2026-10-08_T+30_1788903777292_16mj,BLR-HYD,EaseMyTrip,AI,AI-2810,2026-10-08,T+30,14580,3201,17781,2026-09-08T21:24:45.033Z,FALSE,"",06:00,FALSE
fare_BLR-HYD_AI_2026-10-08_T+30_1788903777292_kqne,BLR-HYD,EaseMyTrip,AI,AI-2804,2026-10-08,T+30,14843,3258,18101,2026-09-08T21:24:45.033Z,FALSE,"",10:00,FALSE
fare_BLR-HYD_AI_2026-10-08_T+30_1788903777292_50ml,BLR-HYD,EaseMyTrip,AI,AI-2868,2026-10-08,T+30,14843,3258,18101,2026-09-08T21:24:45.033Z,FALSE,"",09:00,FALSE
fare_BLR-HYD_AI_2026-10-08_T+30_1788903777292_plpq,BLR-HYD,EaseMyTrip,AI,AI-2665,2026-10-08,T+30,14961,3284,18245,2026-09-08T21:24:45.033Z,FALSE,"",19:40,FALSE
fare_BLR-HYD_AI_2026-10-08_T+30_1788903777292_6pjz,BLR-HYD,EaseMyTrip,AI,AI-2406,2026-10-08,T+30,14970,3286,18256,2026-09-08T21:24:45.033Z,FALSE,"",11:00,FALSE
fare_BLR-HYD_AI_2026-10-08_T+30_1788903777292_pl61,BLR-HYD,EaseMyTrip,AI,AI-428,2026-10-08,T+30,14970,3286,18256,2026-09-08T21:24:45.033Z,FALSE,"",15:30,FALSE
fare_BLR-HYD_AI_2026-10-08_T+30_1788903777292_0gom,BLR-HYD,EaseMyTrip,AI,AI-2511,2026-10-08,T+30,14970,3286,18256,2026-09-08T21:24:45.033Z,FALSE,"",15:00,FALSE
fare_BLR-HYD_AI_2026-10-08_T+30_1788903777292_0z96,BLR-HYD,EaseMyTrip,AI,AI-2418,2026-10-08,T+30,15149,3325,18474,2026-09-08T21:24:45.033Z,FALSE,"",16:30,FALSE
fare_BLR-HYD_AI_2026-10-08_T+30_1788903777292_s94e,BLR-HYD,EaseMyTrip,AI,AI-9772,2026-10-08,T+30,16151,3545,19696,2026-09-08T21:24:45.033Z,FALSE,"",06:40,FALSE
fare_BLR-HYD_AI_2026-10-08_T+30_1788903777292_xdbs,BLR-HYD,EaseMyTrip,AI,AI-2818,2026-10-08,T+30,16538,3630,20168,2026-09-08T21:24:45.033Z,FALSE,"",20:00,FALSE
fare_BLR-HYD_AI_2026-10-08_T+30_1788903777292_k0s5,BLR-HYD,EaseMyTrip,AI,AI-9430,2026-10-08,T+30,16595,3643,20238,2026-09-08T21:24:45.033Z,FALSE,"",01:15,FALSE
fare_BLR-HYD_6E_2026-10-23_T+45_1788903777292_nuxd,BLR-HYD,EaseMyTrip,6E,6E-6784,2026-10-23,T+45,3602,791,4393,2026-09-08T21:24:51.855Z,FALSE,"",21:25,TRUE
fare_BLR-HYD_6E_2026-10-23_T+45_1788903777292_e0ky,BLR-HYD,EaseMyTrip,6E,6E-510,2026-10-23,T+45,3513,771,4284,2026-09-08T21:24:51.855Z,FALSE,"",21:50,TRUE
fare_BLR-HYD_6E_2026-10-23_T+45_1788903777292_8hex,BLR-HYD,EaseMyTrip,6E,6E-719,2026-10-23,T+45,3513,771,4284,2026-09-08T21:24:51.855Z,FALSE,"",21:50,TRUE
fare_BLR-HYD_IX_2026-10-23_T+45_1788903777292_awy9,BLR-HYD,EaseMyTrip,IX,IX-2051,2026-10-23,T+45,4164,914,5078,2026-09-08T21:24:51.855Z,FALSE,"",14:55,TRUE
fare_BLR-HYD_IX_2026-10-23_T+45_1788903777292_nef5,BLR-HYD,EaseMyTrip,IX,IX-1250,2026-10-23,T+45,4164,914,5078,2026-09-08T21:24:51.855Z,FALSE,"",19:10,TRUE
fare_BLR-HYD_IX_2026-10-23_T+45_1788903777292_txv6,BLR-HYD,EaseMyTrip,IX,IX-2819,2026-10-23,T+45,4164,914,5078,2026-09-08T21:24:51.855Z,FALSE,"",12:30,TRUE
fare_BLR-HYD_IX_2026-10-23_T+45_1788903777292_x4b0,BLR-HYD,EaseMyTrip,IX,IX-2506,2026-10-23,T+45,4164,914,5078,2026-09-08T21:24:51.855Z,FALSE,"",17:15,TRUE
fare_BLR-HYD_IX_2026-10-23_T+45_1788903777292_sj3i,BLR-HYD,EaseMyTrip,IX,IX-2018,2026-10-23,T+45,4414,969,5383,2026-09-08T21:24:51.855Z,FALSE,"",06:05,TRUE
fare_BLR-HYD_6E_2026-10-23_T+45_1788903777292_5z9n,BLR-HYD,EaseMyTrip,6E,6E-482,2026-10-23,T+45,4164,914,5078,2026-09-08T21:24:51.855Z,FALSE,"",19:45,TRUE
fare_BLR-HYD_6E_2026-10-23_T+45_1788903777292_ki99,BLR-HYD,EaseMyTrip,6E,6E-968,2026-10-23,T+45,4164,914,5078,2026-09-08T21:24:51.855Z,FALSE,"",19:45,TRUE
fare_BLR-HYD_6E_2026-10-23_T+45_1788903777292_il9e,BLR-HYD,EaseMyTrip,6E,6E-268,2026-10-23,T+45,4164,914,5078,2026-09-08T21:24:51.855Z,FALSE,"",18:35,TRUE
fare_BLR-HYD_6E_2026-10-23_T+45_1788903777292_s7dp,BLR-HYD,EaseMyTrip,6E,6E-654,2026-10-23,T+45,4164,914,5078,2026-09-08T21:24:51.855Z,FALSE,"",18:35,TRUE
fare_BLR-HYD_6E_2026-10-23_T+45_1788903777292_aoy7,BLR-HYD,EaseMyTrip,6E,6E-6067,2026-10-23,T+45,4164,914,5078,2026-09-08T21:24:51.855Z,FALSE,"",16:30,TRUE
fare_BLR-HYD_6E_2026-10-23_T+45_1788903777292_eqnm,BLR-HYD,EaseMyTrip,6E,6E-6404,2026-10-23,T+45,4164,914,5078,2026-09-08T21:24:51.855Z,FALSE,"",11:35,TRUE
fare_BLR-HYD_6E_2026-10-23_T+45_1788903777292_wvy4,BLR-HYD,EaseMyTrip,6E,6E-7227,2026-10-23,T+45,4371,960,5331,2026-09-08T21:24:51.855Z,FALSE,"",06:25,FALSE
fare_BLR-HYD_6E_2026-10-23_T+45_1788903777292_zygk,BLR-HYD,EaseMyTrip,6E,6E-7737,2026-10-23,T+45,4371,960,5331,2026-09-08T21:24:51.855Z,FALSE,"",10:50,FALSE
fare_BLR-HYD_6E_2026-10-23_T+45_1788903777292_ywli,BLR-HYD,EaseMyTrip,6E,6E-6554,2026-10-23,T+45,4480,983,5463,2026-09-08T21:24:51.855Z,FALSE,"",19:15,FALSE
fare_BLR-HYD_6E_2026-10-23_T+45_1788903777292_7jhc,BLR-HYD,EaseMyTrip,6E,6E-260,2026-10-23,T+45,4480,983,5463,2026-09-08T21:24:51.855Z,FALSE,"",07:05,FALSE
fare_BLR-HYD_6E_2026-10-23_T+45_1788903777292_sdbw,BLR-HYD,EaseMyTrip,6E,6E-759,2026-10-23,T+45,4480,983,5463,2026-09-08T21:24:51.855Z,FALSE,"",07:05,FALSE
fare_BLR-HYD_6E_2026-10-23_T+45_1788903777292_vy2u,BLR-HYD,EaseMyTrip,6E,6E-892,2026-10-23,T+45,4480,983,5463,2026-09-08T21:24:51.855Z,FALSE,"",07:10,FALSE
fare_BLR-HYD_6E_2026-10-23_T+45_1788903777292_rs3c,BLR-HYD,EaseMyTrip,6E,6E-802,2026-10-23,T+45,4480,983,5463,2026-09-08T21:24:51.855Z,FALSE,"",07:10,FALSE
fare_BLR-HYD_6E_2026-10-23_T+45_1788903777292_lxf4,BLR-HYD,EaseMyTrip,6E,6E-6269,2026-10-23,T+45,4480,983,5463,2026-09-08T21:24:51.855Z,FALSE,"",07:15,FALSE
fare_BLR-HYD_6E_2026-10-23_T+45_1788903777292_92qy,BLR-HYD,EaseMyTrip,6E,6E-6208,2026-10-23,T+45,4480,983,5463,2026-09-08T21:24:51.855Z,FALSE,"",12:45,FALSE
fare_BLR-HYD_6E_2026-10-23_T+45_1788903777292_9wok,BLR-HYD,EaseMyTrip,6E,6E-6162,2026-10-23,T+45,4480,983,5463,2026-09-08T21:24:51.855Z,FALSE,"",18:50,FALSE
fare_BLR-HYD_6E_2026-10-23_T+45_1788903777292_a7t9,BLR-HYD,EaseMyTrip,6E,6E-925,2026-10-23,T+45,4480,983,5463,2026-09-08T21:24:51.855Z,FALSE,"",17:15,FALSE
fare_BLR-HYD_6E_2026-10-23_T+45_1788903777292_cwsx,BLR-HYD,EaseMyTrip,6E,6E-819,2026-10-23,T+45,4480,983,5463,2026-09-08T21:24:51.855Z,FALSE,"",17:15,FALSE
fare_BLR-HYD_6E_2026-10-23_T+45_1788903777292_edse,BLR-HYD,EaseMyTrip,6E,6E-6017,2026-10-23,T+45,4480,983,5463,2026-09-08T21:24:51.855Z,FALSE,"",18:15,FALSE
fare_BLR-HYD_6E_2026-10-23_T+45_1788903777292_w6lz,BLR-HYD,EaseMyTrip,6E,6E-321,2026-10-23,T+45,4480,983,5463,2026-09-08T21:24:51.855Z,FALSE,"",18:50,FALSE
fare_BLR-HYD_6E_2026-10-23_T+45_1788903777292_3t3p,BLR-HYD,EaseMyTrip,6E,6E-459,2026-10-23,T+45,4480,983,5463,2026-09-08T21:24:51.855Z,FALSE,"",18:50,FALSE
fare_BLR-HYD_6E_2026-10-23_T+45_1788903777292_vrac,BLR-HYD,EaseMyTrip,6E,6E-6876,2026-10-23,T+45,4480,983,5463,2026-09-08T21:24:51.855Z,FALSE,"",02:40,FALSE
fare_BLR-HYD_6E_2026-10-23_T+45_1788903777292_0dpv,BLR-HYD,EaseMyTrip,6E,6E-7204,2026-10-23,T+45,4480,983,5463,2026-09-08T21:24:51.855Z,FALSE,"",06:50,FALSE
fare_BLR-HYD_6E_2026-10-23_T+45_1788903777292_4p1d,BLR-HYD,EaseMyTrip,6E,6E-6104,2026-10-23,T+45,4480,983,5463,2026-09-08T21:24:51.855Z,FALSE,"",11:40,FALSE
fare_BLR-HYD_6E_2026-10-23_T+45_1788903777292_3fc1,BLR-HYD,EaseMyTrip,6E,6E-801,2026-10-23,T+45,4480,983,5463,2026-09-08T21:24:51.855Z,FALSE,"",17:15,FALSE
fare_BLR-HYD_6E_2026-10-23_T+45_1788903777292_2nae,BLR-HYD,EaseMyTrip,6E,6E-767,2026-10-23,T+45,4480,983,5463,2026-09-08T21:24:51.855Z,FALSE,"",17:15,FALSE
fare_BLR-HYD_6E_2026-10-23_T+45_1788903777292_fy4h,BLR-HYD,EaseMyTrip,6E,6E-6875,2026-10-23,T+45,4480,983,5463,2026-09-08T21:24:51.855Z,FALSE,"",19:55,FALSE
fare_BLR-HYD_6E_2026-10-23_T+45_1788903777292_4bk1,BLR-HYD,EaseMyTrip,6E,6E-7005,2026-10-23,T+45,4480,983,5463,2026-09-08T21:24:51.855Z,FALSE,"",08:05,FALSE
fare_BLR-HYD_6E_2026-10-23_T+45_1788903777292_pmgu,BLR-HYD,EaseMyTrip,6E,6E-7223,2026-10-23,T+45,4480,983,5463,2026-09-08T21:24:51.855Z,FALSE,"",15:30,FALSE
fare_BLR-HYD_6E_2026-10-23_T+45_1788903777292_mpqg,BLR-HYD,EaseMyTrip,6E,6E-765,2026-10-23,T+45,4480,983,5463,2026-09-08T21:24:51.855Z,FALSE,"",17:00,FALSE
fare_BLR-HYD_6E_2026-10-23_T+45_1788903777292_jlgj,BLR-HYD,EaseMyTrip,6E,6E-955,2026-10-23,T+45,4480,983,5463,2026-09-08T21:24:51.855Z,FALSE,"",17:00,FALSE
fare_BLR-HYD_6E_2026-10-23_T+45_1788903777292_6scq,BLR-HYD,EaseMyTrip,6E,6E-6563,2026-10-23,T+45,4480,983,5463,2026-09-08T21:24:51.855Z,FALSE,"",01:05,FALSE
fare_BLR-HYD_6E_2026-10-23_T+45_1788903777292_hiy1,BLR-HYD,EaseMyTrip,6E,6E-890,2026-10-23,T+45,4480,983,5463,2026-09-08T21:24:51.855Z,FALSE,"",07:05,FALSE
fare_BLR-HYD_6E_2026-10-23_T+45_1788903777292_du50,BLR-HYD,EaseMyTrip,6E,6E-659,2026-10-23,T+45,4480,983,5463,2026-09-08T21:24:51.855Z,FALSE,"",07:05,FALSE
fare_BLR-HYD_6E_2026-10-23_T+45_1788903777292_82pc,BLR-HYD,EaseMyTrip,6E,6E-116,2026-10-23,T+45,4480,983,5463,2026-09-08T21:24:51.855Z,FALSE,"",07:10,FALSE
fare_BLR-HYD_6E_2026-10-23_T+45_1788903777292_b1df,BLR-HYD,EaseMyTrip,6E,6E-441,2026-10-23,T+45,4480,983,5463,2026-09-08T21:24:51.855Z,FALSE,"",07:10,FALSE
fare_BLR-HYD_6E_2026-10-23_T+45_1788903777292_ddxq,BLR-HYD,EaseMyTrip,6E,6E-160,2026-10-23,T+45,4480,983,5463,2026-09-08T21:24:51.855Z,FALSE,"",10:45,FALSE
fare_BLR-HYD_6E_2026-10-23_T+45_1788903777292_74hf,BLR-HYD,EaseMyTrip,6E,6E-666,2026-10-23,T+45,4480,983,5463,2026-09-08T21:24:51.855Z,FALSE,"",10:45,FALSE
fare_BLR-HYD_6E_2026-10-23_T+45_1788903777292_jhvv,BLR-HYD,EaseMyTrip,6E,6E-6178,2026-10-23,T+45,4490,985,5475,2026-09-08T21:24:51.855Z,FALSE,"",06:10,TRUE
fare_BLR-HYD_6E_2026-10-23_T+45_1788903777292_zgwj,BLR-HYD,EaseMyTrip,6E,6E-502,2026-10-23,T+45,4490,985,5475,2026-09-08T21:24:51.855Z,FALSE,"",08:15,TRUE
fare_BLR-HYD_6E_2026-10-23_T+45_1788903777292_72nc,BLR-HYD,EaseMyTrip,6E,6E-962,2026-10-23,T+45,4490,985,5475,2026-09-08T21:24:51.855Z,FALSE,"",08:15,TRUE
fare_BLR-HYD_6E_2026-10-23_T+45_1788903777292_xkbz,BLR-HYD,EaseMyTrip,6E,6E-6583,2026-10-23,T+45,4587,1007,5594,2026-09-08T21:24:51.855Z,FALSE,"",10:40,FALSE
fare_BLR-HYD_6E_2026-10-23_T+45_1788903777292_hla3,BLR-HYD,EaseMyTrip,6E,6E-6336,2026-10-23,T+45,4587,1007,5594,2026-09-08T21:24:51.855Z,FALSE,"",12:40,FALSE
fare_BLR-HYD_IX_2026-10-23_T+45_1788903777292_ija9,BLR-HYD,EaseMyTrip,IX,IX-2926,2026-10-23,T+45,5142,1129,6271,2026-09-08T21:24:51.855Z,FALSE,"",08:40,FALSE
fare_BLR-HYD_IX_2026-10-23_T+45_1788903777292_w3hx,BLR-HYD,EaseMyTrip,IX,IX-1472,2026-10-23,T+45,5142,1129,6271,2026-09-08T21:24:51.855Z,FALSE,"",07:05,FALSE
fare_BLR-HYD_6E_2026-10-23_T+45_1788903777292_2rp5,BLR-HYD,EaseMyTrip,6E,6E-6891,2026-10-23,T+45,4750,1043,5793,2026-09-08T21:24:51.855Z,FALSE,"",17:15,FALSE
fare_BLR-HYD_6E_2026-10-23_T+45_1788903777292_whz0,BLR-HYD,EaseMyTrip,6E,6E-6003,2026-10-23,T+45,4750,1043,5793,2026-09-08T21:24:51.855Z,FALSE,"",15:35,FALSE
fare_BLR-HYD_6E_2026-10-23_T+45_1788903777292_gqil,BLR-HYD,EaseMyTrip,6E,6E-6753,2026-10-23,T+45,5045,1108,6153,2026-09-08T21:24:51.855Z,FALSE,"",15:15,FALSE
fare_BLR-HYD_6E_2026-10-23_T+45_1788903777292_ypvz,BLR-HYD,EaseMyTrip,6E,6E-6653,2026-10-23,T+45,5045,1108,6153,2026-09-08T21:24:51.855Z,FALSE,"",12:35,FALSE
fare_BLR-HYD_6E_2026-10-23_T+45_1788903777292_fhm5,BLR-HYD,EaseMyTrip,6E,6E-868,2026-10-23,T+45,5153,1131,6284,2026-09-08T21:24:51.855Z,FALSE,"",11:05,FALSE
fare_BLR-HYD_6E_2026-10-23_T+45_1788903777292_4fzr,BLR-HYD,EaseMyTrip,6E,6E-908,2026-10-23,T+45,5153,1131,6284,2026-09-08T21:24:51.855Z,FALSE,"",11:05,FALSE
fare_BLR-HYD_6E_2026-10-23_T+45_1788903777292_od6u,BLR-HYD,EaseMyTrip,6E,6E-461,2026-10-23,T+45,5245,1151,6396,2026-09-08T21:24:51.855Z,FALSE,"",10:15,TRUE
fare_BLR-HYD_6E_2026-10-23_T+45_1788903777292_u7n2,BLR-HYD,EaseMyTrip,6E,6E-601,2026-10-23,T+45,5245,1151,6396,2026-09-08T21:24:51.855Z,FALSE,"",10:15,TRUE
fare_BLR-HYD_6E_2026-10-23_T+45_1788903777292_xvle,BLR-HYD,EaseMyTrip,6E,6E-572,2026-10-23,T+45,5245,1151,6396,2026-09-08T21:24:51.855Z,FALSE,"",09:15,TRUE
fare_BLR-HYD_6E_2026-10-23_T+45_1788903777292_2asd,BLR-HYD,EaseMyTrip,6E,6E-273,2026-10-23,T+45,5245,1151,6396,2026-09-08T21:24:51.855Z,FALSE,"",09:15,TRUE
fare_BLR-HYD_6E_2026-10-23_T+45_1788903777292_2ch1,BLR-HYD,EaseMyTrip,6E,6E-6445,2026-10-23,T+45,5365,1178,6543,2026-09-08T21:24:51.855Z,FALSE,"",10:25,FALSE
fare_BLR-HYD_6E_2026-10-23_T+45_1788903777292_0e54,BLR-HYD,EaseMyTrip,6E,6E-603,2026-10-23,T+45,5365,1178,6543,2026-09-08T21:24:51.855Z,FALSE,"",21:40,FALSE
fare_BLR-HYD_6E_2026-10-23_T+45_1788903777292_4aqp,BLR-HYD,EaseMyTrip,6E,6E-506,2026-10-23,T+45,5365,1178,6543,2026-09-08T21:24:51.855Z,FALSE,"",21:40,FALSE
fare_BLR-HYD_6E_2026-10-23_T+45_1788903777292_zmp4,BLR-HYD,EaseMyTrip,6E,6E-667,2026-10-23,T+45,5365,1178,6543,2026-09-08T21:24:51.855Z,FALSE,"",20:40,FALSE
fare_BLR-HYD_6E_2026-10-23_T+45_1788903777292_j5j2,BLR-HYD,EaseMyTrip,6E,6E-977,2026-10-23,T+45,5365,1178,6543,2026-09-08T21:24:51.855Z,FALSE,"",20:40,FALSE
fare_BLR-HYD_6E_2026-10-23_T+45_1788903777292_3uqa,BLR-HYD,EaseMyTrip,6E,6E-812,2026-10-23,T+45,5715,1254,6969,2026-09-08T21:24:51.855Z,FALSE,"",12:55,FALSE
fare_BLR-HYD_6E_2026-10-23_T+45_1788903777292_im23,BLR-HYD,EaseMyTrip,6E,6E-833,2026-10-23,T+45,5715,1254,6969,2026-09-08T21:24:51.855Z,FALSE,"",12:55,FALSE
fare_BLR-HYD_6E_2026-10-23_T+45_1788903777292_35qu,BLR-HYD,EaseMyTrip,6E,6E-863,2026-10-23,T+45,7446,1635,9081,2026-09-08T21:24:51.855Z,FALSE,"",23:05,FALSE
fare_BLR-HYD_6E_2026-10-23_T+45_1788903777292_na2c,BLR-HYD,EaseMyTrip,6E,6E-733,2026-10-23,T+45,7446,1635,9081,2026-09-08T21:24:51.855Z,FALSE,"",23:05,FALSE
fare_BLR-HYD_6E_2026-10-23_T+45_1788903777292_dsai,BLR-HYD,EaseMyTrip,6E,6E-7285,2026-10-23,T+45,8634,1895,10529,2026-09-08T21:24:51.855Z,FALSE,"",06:50,FALSE
fare_BLR-HYD_AI_2026-10-23_T+45_1788903777292_0p9l,BLR-HYD,EaseMyTrip,AI,AI-2858,2026-10-23,T+45,9066,1990,11056,2026-09-08T21:24:51.855Z,FALSE,"",02:20,FALSE
fare_BLR-HYD_AI_2026-10-23_T+45_1788903777292_bzi7,BLR-HYD,EaseMyTrip,AI,AI-2811,2026-10-23,T+45,9190,2017,11207,2026-09-08T21:24:51.855Z,FALSE,"",23:40,FALSE
fare_BLR-HYD_AI_2026-10-23_T+45_1788903777292_jir1,BLR-HYD,EaseMyTrip,AI,AI-2840,2026-10-23,T+45,10949,2403,13352,2026-09-08T21:24:51.855Z,TRUE,"High outlier: ₹13352 > upper fence ₹13188 (Q3: ₹8553, IQR: ₹3090)",22:30,FALSE
fare_BLR-HYD_AI_2026-10-23_T+45_1788903777292_mnpy,BLR-HYD,EaseMyTrip,AI,AI-2402,2026-10-23,T+45,11726,2574,14300,2026-09-08T21:24:51.855Z,TRUE,"High outlier: ₹14300 > upper fence ₹13188 (Q3: ₹8553, IQR: ₹3090)",06:35,FALSE
fare_BLR-HYD_AI_2026-10-23_T+45_1788903777292_je6d,BLR-HYD,EaseMyTrip,AI,AI-2630,2026-10-23,T+45,11736,2576,14312,2026-09-08T21:24:51.855Z,TRUE,"High outlier: ₹14312 > upper fence ₹13188 (Q3: ₹8553, IQR: ₹3090)",12:05,FALSE
fare_BLR-HYD_AI_2026-10-23_T+45_1788903777292_ek68,BLR-HYD,EaseMyTrip,AI,AI-2854,2026-10-23,T+45,12013,2637,14650,2026-09-08T21:24:51.855Z,TRUE,"High outlier: ₹14650 > upper fence ₹13188 (Q3: ₹8553, IQR: ₹3090)",18:05,FALSE
fare_BLR-HYD_AI_2026-10-23_T+45_1788903777292_6p5o,BLR-HYD,EaseMyTrip,AI,AI-2852,2026-10-23,T+45,12040,2643,14683,2026-09-08T21:24:51.855Z,TRUE,"High outlier: ₹14683 > upper fence ₹13188 (Q3: ₹8553, IQR: ₹3090)",10:30,FALSE
fare_BLR-HYD_AI_2026-10-23_T+45_1788903777292_4d0a,BLR-HYD,EaseMyTrip,AI,AI-2604,2026-10-23,T+45,13245,2908,16153,2026-09-08T21:24:51.855Z,TRUE,"High outlier: ₹16153 > upper fence ₹13188 (Q3: ₹8553, IQR: ₹3090)",09:15,FALSE
fare_BLR-HYD_QP_2026-10-23_T+45_1788903777292_fr04,BLR-HYD,EaseMyTrip,QP,QP-1571,2026-10-23,T+45,14186,3114,17300,2026-09-08T21:24:51.855Z,TRUE,"High outlier: ₹17300 > upper fence ₹13188 (Q3: ₹8553, IQR: ₹3090)",05:30,FALSE
fare_BLR-HYD_QP_2026-10-23_T+45_1788903777292_b5yn,BLR-HYD,EaseMyTrip,QP,QP-1823,2026-10-23,T+45,14475,3177,17652,2026-09-08T21:24:51.855Z,TRUE,"High outlier: ₹17652 > upper fence ₹13188 (Q3: ₹8553, IQR: ₹3090)",06:05,FALSE
fare_BLR-HYD_AI_2026-10-23_T+45_1788903777292_wmyl,BLR-HYD,EaseMyTrip,AI,AI-428,2026-10-23,T+45,15845,3478,19323,2026-09-08T21:24:51.855Z,TRUE,"High outlier: ₹19323 > upper fence ₹13188 (Q3: ₹8553, IQR: ₹3090)",15:30,FALSE
fare_BLR-HYD_QP_2026-10-23_T+45_1788903777292_kd9l,BLR-HYD,EaseMyTrip,QP,QP-1821,2026-10-23,T+45,15697,3446,19143,2026-09-08T21:24:51.855Z,TRUE,"High outlier: ₹19143 > upper fence ₹13188 (Q3: ₹8553, IQR: ₹3090)",13:05,FALSE
fare_BLR-HYD_AI_2026-10-23_T+45_1788903777292_xuo1,BLR-HYD,EaseMyTrip,AI,AI-2511,2026-10-23,T+45,16204,3557,19761,2026-09-08T21:24:51.855Z,TRUE,"High outlier: ₹19761 > upper fence ₹13188 (Q3: ₹8553, IQR: ₹3090)",15:00,FALSE
fare_BLR-HYD_AI_2026-10-23_T+45_1788903777292_gw46,BLR-HYD,EaseMyTrip,AI,AI-2406,2026-10-23,T+45,16207,3558,19765,2026-09-08T21:24:51.855Z,TRUE,"High outlier: ₹19765 > upper fence ₹13188 (Q3: ₹8553, IQR: ₹3090)",11:00,FALSE
fare_BLR-HYD_AI_2026-10-23_T+45_1788903777292_uh3i,BLR-HYD,EaseMyTrip,AI,AI-2758,2026-10-23,T+45,16375,3594,19969,2026-09-08T21:24:51.855Z,TRUE,"High outlier: ₹19969 > upper fence ₹13188 (Q3: ₹8553, IQR: ₹3090)",00:15,FALSE
fare_BLR-HYD_AI_2026-10-23_T+45_1788903777292_4bf1,BLR-HYD,EaseMyTrip,AI,AI-2868,2026-10-23,T+45,16430,3606,20036,2026-09-08T21:24:51.855Z,TRUE,"High outlier: ₹20036 > upper fence ₹13188 (Q3: ₹8553, IQR: ₹3090)",09:00,FALSE
fare_BLR-HYD_AI_2026-10-23_T+45_1788903777292_013q,BLR-HYD,EaseMyTrip,AI,AI-2486,2026-10-23,T+45,16535,3630,20165,2026-09-08T21:24:51.855Z,TRUE,"High outlier: ₹20165 > upper fence ₹13188 (Q3: ₹8553, IQR: ₹3090)",14:00,FALSE
fare_BLR-HYD_AI_2026-10-23_T+45_1788903777292_rsb7,BLR-HYD,EaseMyTrip,AI,AI-2804,2026-10-23,T+45,16535,3630,20165,2026-09-08T21:24:51.855Z,TRUE,"High outlier: ₹20165 > upper fence ₹13188 (Q3: ₹8553, IQR: ₹3090)",10:00,FALSE
fare_BLR-HYD_AI_2026-10-23_T+45_1788903777292_dxeg,BLR-HYD,EaseMyTrip,AI,AI-2418,2026-10-23,T+45,16917,3714,20631,2026-09-08T21:24:51.855Z,TRUE,"High outlier: ₹20631 > upper fence ₹13188 (Q3: ₹8553, IQR: ₹3090)",16:30,FALSE
fare_BLR-HYD_AI_2026-10-23_T+45_1788903777292_kric,BLR-HYD,EaseMyTrip,AI,AI-2665,2026-10-23,T+45,18586,4080,22666,2026-09-08T21:24:51.855Z,TRUE,"High outlier: ₹22666 > upper fence ₹13188 (Q3: ₹8553, IQR: ₹3090)",19:40,FALSE
fare_BLR-HYD_AI_2026-10-23_T+45_1788903777292_ofcf,BLR-HYD,EaseMyTrip,AI,AI-2818,2026-10-23,T+45,19201,4215,23416,2026-09-08T21:24:51.855Z,TRUE,"High outlier: ₹23416 > upper fence ₹13188 (Q3: ₹8553, IQR: ₹3090)",20:00,FALSE
fare_BLR-HYD_IX_2026-09-15_T+7_1788903777293_z54q,BLR-HYD,EaseMyTrip,IX,IX-2506,2026-09-15,T+7,4164,914,5078,2026-09-08T21:24:31.462Z,FALSE,"",17:15,TRUE
fare_BLR-HYD_IX_2026-09-15_T+7_1788903777293_00go,BLR-HYD,EaseMyTrip,IX,IX-1723,2026-09-15,T+7,4414,969,5383,2026-09-08T21:24:31.462Z,FALSE,"",22:40,TRUE
fare_BLR-HYD_6E_2026-09-15_T+7_1788903777293_n6ux,BLR-HYD,EaseMyTrip,6E,6E-876,2026-09-15,T+7,4164,914,5078,2026-09-08T21:24:31.462Z,FALSE,"",18:35,TRUE
fare_BLR-HYD_6E_2026-09-15_T+7_1788903777293_c5yw,BLR-HYD,EaseMyTrip,6E,6E-592,2026-09-15,T+7,4164,914,5078,2026-09-08T21:24:31.462Z,FALSE,"",18:35,TRUE
fare_BLR-HYD_6E_2026-09-15_T+7_1788903777293_o5or,BLR-HYD,EaseMyTrip,6E,6E-899,2026-09-15,T+7,4029,885,4914,2026-09-08T21:24:31.462Z,FALSE,"",20:50,TRUE
fare_BLR-HYD_6E_2026-09-15_T+7_1788903777293_wx0i,BLR-HYD,EaseMyTrip,6E,6E-834,2026-09-15,T+7,4029,885,4914,2026-09-08T21:24:31.462Z,FALSE,"",20:50,TRUE
fare_BLR-HYD_IX_2026-09-15_T+7_1788903777293_azqd,BLR-HYD,EaseMyTrip,IX,IX-2819,2026-09-15,T+7,4741,1041,5782,2026-09-08T21:24:31.462Z,FALSE,"",12:30,TRUE
fare_BLR-HYD_6E_2026-09-15_T+7_1788903777293_i0sn,BLR-HYD,EaseMyTrip,6E,6E-6168,2026-09-15,T+7,4480,983,5463,2026-09-08T21:24:31.462Z,FALSE,"",17:40,FALSE
fare_BLR-HYD_6E_2026-09-15_T+7_1788903777293_axnv,BLR-HYD,EaseMyTrip,6E,6E-6554,2026-09-15,T+7,4480,983,5463,2026-09-08T21:24:31.462Z,FALSE,"",19:15,FALSE
fare_BLR-HYD_6E_2026-09-15_T+7_1788903777293_98oh,BLR-HYD,EaseMyTrip,6E,6E-458,2026-09-15,T+7,4480,983,5463,2026-09-08T21:24:31.462Z,FALSE,"",07:05,FALSE
fare_BLR-HYD_6E_2026-09-15_T+7_1788903777293_d7s9,BLR-HYD,EaseMyTrip,6E,6E-210,2026-09-15,T+7,4480,983,5463,2026-09-08T21:24:31.462Z,FALSE,"",07:05,FALSE
fare_BLR-HYD_6E_2026-09-15_T+7_1788903777293_1u67,BLR-HYD,EaseMyTrip,6E,6E-606,2026-09-15,T+7,4480,983,5463,2026-09-08T21:24:31.462Z,FALSE,"",15:00,FALSE
fare_BLR-HYD_6E_2026-09-15_T+7_1788903777293_s0at,BLR-HYD,EaseMyTrip,6E,6E-579,2026-09-15,T+7,4480,983,5463,2026-09-08T21:24:31.462Z,FALSE,"",15:00,FALSE
fare_BLR-HYD_6E_2026-09-15_T+7_1788903777293_foru,BLR-HYD,EaseMyTrip,6E,6E-6017,2026-09-15,T+7,4480,983,5463,2026-09-08T21:24:31.462Z,FALSE,"",18:15,FALSE
fare_BLR-HYD_6E_2026-09-15_T+7_1788903777293_9092,BLR-HYD,EaseMyTrip,6E,6E-6542,2026-09-15,T+7,4480,983,5463,2026-09-08T21:24:31.462Z,FALSE,"",13:10,FALSE
fare_BLR-HYD_6E_2026-09-15_T+7_1788903777293_d4ja,BLR-HYD,EaseMyTrip,6E,6E-326,2026-09-15,T+7,4480,983,5463,2026-09-08T21:24:31.462Z,FALSE,"",18:50,FALSE
fare_BLR-HYD_6E_2026-09-15_T+7_1788903777293_lt1w,BLR-HYD,EaseMyTrip,6E,6E-484,2026-09-15,T+7,4480,983,5463,2026-09-08T21:24:31.462Z,FALSE,"",18:50,FALSE
fare_BLR-HYD_6E_2026-09-15_T+7_1788903777293_i9ng,BLR-HYD,EaseMyTrip,6E,6E-676,2026-09-15,T+7,4480,983,5463,2026-09-08T21:24:31.462Z,FALSE,"",17:15,FALSE
fare_BLR-HYD_6E_2026-09-15_T+7_1788903777293_v58x,BLR-HYD,EaseMyTrip,6E,6E-411,2026-09-15,T+7,4480,983,5463,2026-09-08T21:24:31.462Z,FALSE,"",17:15,FALSE
fare_BLR-HYD_6E_2026-09-15_T+7_1788903777293_jfg9,BLR-HYD,EaseMyTrip,6E,6E-257,2026-09-15,T+7,4480,983,5463,2026-09-08T21:24:31.462Z,FALSE,"",23:05,FALSE
fare_BLR-HYD_6E_2026-09-15_T+7_1788903777293_45dh,BLR-HYD,EaseMyTrip,6E,6E-265,2026-09-15,T+7,4480,983,5463,2026-09-08T21:24:31.462Z,FALSE,"",23:05,FALSE
fare_BLR-HYD_6E_2026-09-15_T+7_1788903777293_nyu4,BLR-HYD,EaseMyTrip,6E,6E-201,2026-09-15,T+7,4480,983,5463,2026-09-08T21:24:31.462Z,FALSE,"",17:15,FALSE
fare_BLR-HYD_6E_2026-09-15_T+7_1788903777293_ablp,BLR-HYD,EaseMyTrip,6E,6E-598,2026-09-15,T+7,4480,983,5463,2026-09-08T21:24:31.462Z,FALSE,"",17:15,FALSE
fare_BLR-HYD_6E_2026-09-15_T+7_1788903777293_pvnt,BLR-HYD,EaseMyTrip,6E,6E-864,2026-09-15,T+7,4480,983,5463,2026-09-08T21:24:31.462Z,FALSE,"",21:40,FALSE
fare_BLR-HYD_6E_2026-09-15_T+7_1788903777293_bsof,BLR-HYD,EaseMyTrip,6E,6E-109,2026-09-15,T+7,4480,983,5463,2026-09-08T21:24:31.462Z,FALSE,"",21:40,FALSE
fare_BLR-HYD_6E_2026-09-15_T+7_1788903777293_zsew,BLR-HYD,EaseMyTrip,6E,6E-700,2026-09-15,T+7,4480,983,5463,2026-09-08T21:24:31.462Z,FALSE,"",15:00,FALSE
fare_BLR-HYD_6E_2026-09-15_T+7_1788903777293_mu94,BLR-HYD,EaseMyTrip,6E,6E-559,2026-09-15,T+7,4480,983,5463,2026-09-08T21:24:31.462Z,FALSE,"",15:00,FALSE
fare_BLR-HYD_6E_2026-09-15_T+7_1788903777293_kk4e,BLR-HYD,EaseMyTrip,6E,6E-6753,2026-09-15,T+7,4480,983,5463,2026-09-08T21:24:31.462Z,FALSE,"",15:15,FALSE
fare_BLR-HYD_6E_2026-09-15_T+7_1788903777293_l58x,BLR-HYD,EaseMyTrip,6E,6E-448,2026-09-15,T+7,4480,983,5463,2026-09-08T21:24:31.462Z,FALSE,"",20:40,FALSE
fare_BLR-HYD_6E_2026-09-15_T+7_1788903777293_hy88,BLR-HYD,EaseMyTrip,6E,6E-628,2026-09-15,T+7,4480,983,5463,2026-09-08T21:24:31.462Z,FALSE,"",20:40,FALSE
fare_BLR-HYD_6E_2026-09-15_T+7_1788903777293_evar,BLR-HYD,EaseMyTrip,6E,6E-839,2026-09-15,T+7,4480,983,5463,2026-09-08T21:24:31.462Z,FALSE,"",07:05,FALSE
fare_BLR-HYD_6E_2026-09-15_T+7_1788903777293_si52,BLR-HYD,EaseMyTrip,6E,6E-678,2026-09-15,T+7,4480,983,5463,2026-09-08T21:24:31.462Z,FALSE,"",07:05,FALSE
fare_BLR-HYD_6E_2026-09-15_T+7_1788903777293_ceu3,BLR-HYD,EaseMyTrip,6E,6E-6208,2026-09-15,T+7,4480,983,5463,2026-09-08T21:24:31.462Z,FALSE,"",12:50,FALSE
fare_BLR-HYD_6E_2026-09-15_T+7_1788903777293_klz3,BLR-HYD,EaseMyTrip,6E,6E-443,2026-09-15,T+7,4480,983,5463,2026-09-08T21:24:31.462Z,FALSE,"",14:40,FALSE
fare_BLR-HYD_6E_2026-09-15_T+7_1788903777293_ui2z,BLR-HYD,EaseMyTrip,6E,6E-550,2026-09-15,T+7,4480,983,5463,2026-09-08T21:24:31.462Z,FALSE,"",14:40,FALSE
fare_BLR-HYD_6E_2026-09-15_T+7_1788903777293_uxd2,BLR-HYD,EaseMyTrip,6E,6E-544,2026-09-15,T+7,4480,983,5463,2026-09-08T21:24:31.462Z,FALSE,"",15:00,FALSE
fare_BLR-HYD_6E_2026-09-15_T+7_1788903777293_hq2w,BLR-HYD,EaseMyTrip,6E,6E-733,2026-09-15,T+7,4480,983,5463,2026-09-08T21:24:31.462Z,FALSE,"",15:00,FALSE
fare_BLR-HYD_6E_2026-09-15_T+7_1788903777293_6qjx,BLR-HYD,EaseMyTrip,6E,6E-6784,2026-09-15,T+7,4490,985,5475,2026-09-08T21:24:31.462Z,FALSE,"",21:30,TRUE
fare_BLR-HYD_6E_2026-09-15_T+7_1788903777293_ztl9,BLR-HYD,EaseMyTrip,6E,6E-6336,2026-09-15,T+7,4587,1007,5594,2026-09-08T21:24:31.462Z,FALSE,"",12:40,FALSE
fare_BLR-HYD_IX_2026-09-15_T+7_1788903777293_duzp,BLR-HYD,EaseMyTrip,IX,IX-2926,2026-09-15,T+7,5142,1129,6271,2026-09-08T21:24:31.462Z,FALSE,"",08:40,FALSE
fare_BLR-HYD_6E_2026-09-15_T+7_1788903777293_btt1,BLR-HYD,EaseMyTrip,6E,6E-6104,2026-09-15,T+7,4750,1043,5793,2026-09-08T21:24:31.462Z,FALSE,"",11:40,FALSE
fare_BLR-HYD_6E_2026-09-15_T+7_1788903777293_w9i3,BLR-HYD,EaseMyTrip,6E,6E-6404,2026-09-15,T+7,4849,1064,5913,2026-09-08T21:24:31.462Z,FALSE,"",11:35,TRUE
fare_BLR-HYD_6E_2026-09-15_T+7_1788903777293_6644,BLR-HYD,EaseMyTrip,6E,6E-6583,2026-09-15,T+7,4859,1066,5925,2026-09-08T21:24:31.462Z,FALSE,"",10:40,FALSE
fare_BLR-HYD_6E_2026-09-15_T+7_1788903777293_ajm7,BLR-HYD,EaseMyTrip,6E,6E-6891,2026-09-15,T+7,5045,1108,6153,2026-09-08T21:24:31.462Z,FALSE,"",17:15,FALSE
fare_BLR-HYD_6E_2026-09-15_T+7_1788903777293_ia6c,BLR-HYD,EaseMyTrip,6E,6E-7071,2026-09-15,T+7,5045,1108,6153,2026-09-08T21:24:31.462Z,FALSE,"",10:55,FALSE
fare_BLR-HYD_6E_2026-09-15_T+7_1788903777293_ecrh,BLR-HYD,EaseMyTrip,6E,6E-765,2026-09-15,T+7,5153,1131,6284,2026-09-08T21:24:31.462Z,FALSE,"",11:05,FALSE
fare_BLR-HYD_6E_2026-09-15_T+7_1788903777293_6pmm,BLR-HYD,EaseMyTrip,6E,6E-117,2026-09-15,T+7,5153,1131,6284,2026-09-08T21:24:31.462Z,FALSE,"",11:05,FALSE
fare_BLR-HYD_6E_2026-09-15_T+7_1788903777293_xi8o,BLR-HYD,EaseMyTrip,6E,6E-595,2026-09-15,T+7,5245,1151,6396,2026-09-08T21:24:31.462Z,FALSE,"",19:45,TRUE
fare_BLR-HYD_6E_2026-09-15_T+7_1788903777293_9l89,BLR-HYD,EaseMyTrip,6E,6E-428,2026-09-15,T+7,5245,1151,6396,2026-09-08T21:24:31.462Z,FALSE,"",19:45,TRUE
fare_BLR-HYD_6E_2026-09-15_T+7_1788903777293_mnhr,BLR-HYD,EaseMyTrip,6E,6E-6067,2026-09-15,T+7,5245,1151,6396,2026-09-08T21:24:31.462Z,FALSE,"",16:30,TRUE
fare_BLR-HYD_6E_2026-09-15_T+7_1788903777293_f79x,BLR-HYD,EaseMyTrip,6E,6E-7227,2026-09-15,T+7,5258,1154,6412,2026-09-08T21:24:31.462Z,FALSE,"",06:25,FALSE
fare_BLR-HYD_6E_2026-09-15_T+7_1788903777293_2otl,BLR-HYD,EaseMyTrip,6E,6E-6876,2026-09-15,T+7,5365,1178,6543,2026-09-08T21:24:31.462Z,FALSE,"",02:40,FALSE
fare_BLR-HYD_6E_2026-09-15_T+7_1788903777293_ypvd,BLR-HYD,EaseMyTrip,6E,6E-6653,2026-09-15,T+7,5365,1178,6543,2026-09-08T21:24:31.462Z,FALSE,"",12:35,FALSE
fare_BLR-HYD_6E_2026-09-15_T+7_1788903777293_rwow,BLR-HYD,EaseMyTrip,6E,6E-6162,2026-09-15,T+7,5715,1254,6969,2026-09-08T21:24:31.462Z,FALSE,"",18:50,FALSE
fare_BLR-HYD_6E_2026-09-15_T+7_1788903777293_5fhl,BLR-HYD,EaseMyTrip,6E,6E-966,2026-09-15,T+7,5715,1254,6969,2026-09-08T21:24:31.462Z,FALSE,"",17:00,FALSE
fare_BLR-HYD_6E_2026-09-15_T+7_1788903777293_hvae,BLR-HYD,EaseMyTrip,6E,6E-631,2026-09-15,T+7,5715,1254,6969,2026-09-08T21:24:31.462Z,FALSE,"",17:00,FALSE
fare_BLR-HYD_6E_2026-09-15_T+7_1788903777293_c35x,BLR-HYD,EaseMyTrip,6E,6E-6563,2026-09-15,T+7,6094,1338,7432,2026-09-08T21:24:31.462Z,FALSE,"",01:05,FALSE
fare_BLR-HYD_IX_2026-09-15_T+7_1788903777293_ow7h,BLR-HYD,EaseMyTrip,IX,IX-1472,2026-09-15,T+7,7738,1699,9437,2026-09-08T21:24:31.462Z,FALSE,"",07:05,FALSE
fare_BLR-HYD_6E_2026-09-15_T+7_1788903777293_i6y6,BLR-HYD,EaseMyTrip,6E,6E-127,2026-09-15,T+7,6507,1428,7935,2026-09-08T21:24:31.462Z,FALSE,"",10:50,FALSE
fare_BLR-HYD_6E_2026-09-15_T+7_1788903777293_n5ax,BLR-HYD,EaseMyTrip,6E,6E-815,2026-09-15,T+7,6697,1470,8167,2026-09-08T21:24:31.462Z,FALSE,"",10:15,TRUE
fare_BLR-HYD_6E_2026-09-15_T+7_1788903777293_9dhv,BLR-HYD,EaseMyTrip,6E,6E-341,2026-09-15,T+7,6697,1470,8167,2026-09-08T21:24:31.462Z,FALSE,"",10:15,TRUE
fare_BLR-HYD_IX_2026-09-15_T+7_1788903777293_bnm4,BLR-HYD,EaseMyTrip,IX,IX-2018,2026-09-15,T+7,7612,1671,9283,2026-09-08T21:24:31.462Z,FALSE,"",06:05,TRUE
fare_BLR-HYD_6E_2026-09-15_T+7_1788903777293_t8qb,BLR-HYD,EaseMyTrip,6E,6E-651,2026-09-15,T+7,6957,1527,8484,2026-09-08T21:24:31.462Z,FALSE,"",07:05,FALSE
fare_BLR-HYD_6E_2026-09-15_T+7_1788903777293_2cdg,BLR-HYD,EaseMyTrip,6E,6E-529,2026-09-15,T+7,6957,1527,8484,2026-09-08T21:24:31.462Z,FALSE,"",07:05,FALSE
fare_BLR-HYD_6E_2026-09-15_T+7_1788903777293_qvnf,BLR-HYD,EaseMyTrip,6E,6E-797,2026-09-15,T+7,6957,1527,8484,2026-09-08T21:24:31.462Z,FALSE,"",07:05,FALSE
fare_BLR-HYD_6E_2026-09-15_T+7_1788903777293_2vjf,BLR-HYD,EaseMyTrip,6E,6E-486,2026-09-15,T+7,6957,1527,8484,2026-09-08T21:24:31.462Z,FALSE,"",07:05,FALSE
fare_BLR-HYD_6E_2026-09-15_T+7_1788903777293_s9bg,BLR-HYD,EaseMyTrip,6E,6E-450,2026-09-15,T+7,7933,1742,9675,2026-09-08T21:24:31.462Z,FALSE,"",08:15,TRUE
fare_BLR-HYD_6E_2026-09-15_T+7_1788903777293_co6r,BLR-HYD,EaseMyTrip,6E,6E-828,2026-09-15,T+7,7933,1742,9675,2026-09-08T21:24:31.462Z,FALSE,"",08:15,TRUE
fare_BLR-HYD_6E_2026-09-15_T+7_1788903777293_8063,BLR-HYD,EaseMyTrip,6E,6E-6178,2026-09-15,T+7,8649,1899,10548,2026-09-08T21:24:31.462Z,FALSE,"",06:25,TRUE
fare_BLR-HYD_6E_2026-09-15_T+7_1788903777293_bhqi,BLR-HYD,EaseMyTrip,6E,6E-6269,2026-09-15,T+7,8993,1974,10967,2026-09-08T21:24:31.462Z,FALSE,"",07:15,FALSE
fare_BLR-HYD_6E_2026-09-15_T+7_1788903777293_eea6,BLR-HYD,EaseMyTrip,6E,6E-7204,2026-09-15,T+7,9257,2032,11289,2026-09-08T21:24:31.462Z,FALSE,"",06:50,FALSE
fare_BLR-HYD_AI_2026-09-15_T+7_1788903777293_2txn,BLR-HYD,EaseMyTrip,AI,AI-2811,2026-09-15,T+7,10202,2239,12441,2026-09-08T21:24:31.462Z,FALSE,"",23:40,FALSE
fare_BLR-HYD_AI_2026-09-15_T+7_1788903777293_ktza,BLR-HYD,EaseMyTrip,AI,AI-2630,2026-09-15,T+7,10336,2269,12605,2026-09-08T21:24:31.462Z,FALSE,"",12:05,FALSE
fare_BLR-HYD_AI_2026-09-15_T+7_1788903777293_iesm,BLR-HYD,EaseMyTrip,AI,AI-2852,2026-09-15,T+7,10336,2269,12605,2026-09-08T21:24:31.462Z,FALSE,"",10:30,FALSE
fare_BLR-HYD_AI_2026-09-15_T+7_1788903777293_8k9z,BLR-HYD,EaseMyTrip,AI,AI-2604,2026-09-15,T+7,10740,2357,13097,2026-09-08T21:24:31.462Z,FALSE,"",09:15,FALSE
fare_BLR-HYD_AI_2026-09-15_T+7_1788903777293_tmcn,BLR-HYD,EaseMyTrip,AI,AI-2854,2026-09-15,T+7,10839,2379,13218,2026-09-08T21:24:31.462Z,FALSE,"",18:05,FALSE
fare_BLR-HYD_AI_2026-09-15_T+7_1788903777293_tw74,BLR-HYD,EaseMyTrip,AI,AI-2642,2026-09-15,T+7,10915,2396,13311,2026-09-08T21:24:31.462Z,FALSE,"",21:30,FALSE
fare_BLR-HYD_6E_2026-09-15_T+7_1788903777293_t9rv,BLR-HYD,EaseMyTrip,6E,6E-202,2026-09-15,T+7,11272,2474,13746,2026-09-08T21:24:31.462Z,FALSE,"",09:15,TRUE
fare_BLR-HYD_6E_2026-09-15_T+7_1788903777293_ilyn,BLR-HYD,EaseMyTrip,6E,6E-500,2026-09-15,T+7,11272,2474,13746,2026-09-08T21:24:31.462Z,FALSE,"",09:15,TRUE
fare_BLR-HYD_AI_2026-09-15_T+7_1788903777293_d5ss,BLR-HYD,EaseMyTrip,AI,AI-2402,2026-09-15,T+7,12020,2639,14659,2026-09-08T21:24:31.462Z,FALSE,"",06:35,FALSE
fare_BLR-HYD_AI_2026-09-15_T+7_1788903777293_zl60,BLR-HYD,EaseMyTrip,AI,AI-2858,2026-09-15,T+7,12451,2733,15184,2026-09-08T21:24:31.462Z,FALSE,"",02:20,FALSE
fare_BLR-HYD_QP_2026-09-15_T+7_1788903777293_nt40,BLR-HYD,EaseMyTrip,QP,QP-1359,2026-09-15,T+7,13299,2919,16218,2026-09-08T21:24:31.462Z,FALSE,"",05:00,FALSE
fare_BLR-HYD_QP_2026-09-15_T+7_1788903777293_lith,BLR-HYD,EaseMyTrip,QP,QP-1823,2026-09-15,T+7,13777,3024,16801,2026-09-08T21:24:31.462Z,FALSE,"",06:05,FALSE
fare_BLR-HYD_QP_2026-09-15_T+7_1788903777293_dg8c,BLR-HYD,EaseMyTrip,QP,QP-1821,2026-09-15,T+7,14029,3079,17108,2026-09-08T21:24:31.462Z,FALSE,"",13:10,FALSE
fare_BLR-HYD_AI_2026-09-15_T+7_1788903777293_wydh,BLR-HYD,EaseMyTrip,AI,AI-2414,2026-09-15,T+7,14457,3173,17630,2026-09-08T21:24:31.462Z,FALSE,"",05:30,FALSE
fare_BLR-HYD_AI_2026-09-15_T+7_1788903777293_zkoi,BLR-HYD,EaseMyTrip,AI,AI-2418,2026-09-15,T+7,14580,3201,17781,2026-09-08T21:24:31.462Z,FALSE,"",16:30,FALSE
fare_BLR-HYD_AI_2026-09-15_T+7_1788903777293_a901,BLR-HYD,EaseMyTrip,AI,AI-2804,2026-09-15,T+7,14580,3201,17781,2026-09-08T21:24:31.462Z,FALSE,"",10:00,FALSE
fare_BLR-HYD_AI_2026-09-15_T+7_1788903777293_z18p,BLR-HYD,EaseMyTrip,AI,AI-2511,2026-09-15,T+7,14580,3201,17781,2026-09-08T21:24:31.462Z,FALSE,"",15:00,FALSE
fare_BLR-HYD_AI_2026-09-15_T+7_1788903777293_z80q,BLR-HYD,EaseMyTrip,AI,AI-2406,2026-09-15,T+7,14580,3201,17781,2026-09-08T21:24:31.462Z,FALSE,"",11:00,FALSE
fare_BLR-HYD_AI_2026-09-15_T+7_1788903777293_j0vk,BLR-HYD,EaseMyTrip,AI,AI-428,2026-09-15,T+7,14580,3201,17781,2026-09-08T21:24:31.462Z,FALSE,"",15:30,FALSE
fare_BLR-HYD_AI_2026-09-15_T+7_1788903777293_0s84,BLR-HYD,EaseMyTrip,AI,AI-2486,2026-09-15,T+7,14580,3201,17781,2026-09-08T21:24:31.462Z,FALSE,"",14:00,FALSE
fare_BLR-HYD_AI_2026-09-15_T+7_1788903777293_7x5j,BLR-HYD,EaseMyTrip,AI,AI-2758,2026-09-15,T+7,15273,3353,18626,2026-09-08T21:24:31.462Z,FALSE,"",00:15,FALSE
fare_BLR-HYD_6E_2026-09-15_T+7_1788903777293_xnqc,BLR-HYD,EaseMyTrip,6E,6E-7005,2026-09-15,T+7,15399,3380,18779,2026-09-08T21:24:31.462Z,FALSE,"",08:05,FALSE
fare_BLR-HYD_AI_2026-09-15_T+7_1788903777293_m53k,BLR-HYD,EaseMyTrip,AI,AI-2868,2026-09-15,T+7,15920,3495,19415,2026-09-08T21:24:31.462Z,FALSE,"",09:00,FALSE
fare_BLR-HYD_AI_2026-09-15_T+7_1788903777293_ckbr,BLR-HYD,EaseMyTrip,AI,AI-2810,2026-09-15,T+7,17233,3783,21016,2026-09-08T21:24:31.462Z,FALSE,"",06:00,FALSE
fare_BLR-HYD_AI_2026-09-15_T+7_1788903777293_109q,BLR-HYD,EaseMyTrip,AI,AI-2654,2026-09-15,T+7,17785,3904,21689,2026-09-08T21:24:31.462Z,FALSE,"",07:00,FALSE
fare_BLR-HYD_AI_2026-09-15_T+7_1788903777293_nnlz,BLR-HYD,EaseMyTrip,AI,AI-9400,2026-09-15,T+7,27935,6132,34067,2026-09-08T21:24:31.462Z,TRUE,"High outlier: ₹34067 > upper fence ₹23318 (Q3: ₹12605, IQR: ₹7142)",14:40,FALSE
fare_BOM-BLR_QP_2026-09-23_T+15_1788903777294_382q,BOM-BLR,EaseMyTrip,QP,QP-1516,2026-09-23,T+15,4141,909,5050,2026-09-08T21:22:34.298Z,FALSE,"",00:35,TRUE
fare_BOM-BLR_6E_2026-09-23_T+15_1788903777294_nj7k,BOM-BLR,EaseMyTrip,6E,6E-5323,2026-09-23,T+15,4141,909,5050,2026-09-08T21:22:34.298Z,FALSE,"",01:10,TRUE
fare_BOM-BLR_6E_2026-09-23_T+15_1788903777294_vgfa,BOM-BLR,EaseMyTrip,6E,6E-5294,2026-09-23,T+15,4141,909,5050,2026-09-08T21:22:34.298Z,FALSE,"",04:30,TRUE
fare_BOM-BLR_AI_2026-09-23_T+15_1788903777294_x5rr,BOM-BLR,EaseMyTrip,AI,AI-2812,2026-09-23,T+15,4314,947,5261,2026-09-08T21:22:34.298Z,FALSE,"",02:05,TRUE
fare_BOM-BLR_AI_2026-09-23_T+15_1788903777294_7whz,BOM-BLR,EaseMyTrip,AI,AI-2857,2026-09-23,T+15,4314,947,5261,2026-09-08T21:22:34.298Z,FALSE,"",23:30,TRUE
fare_BOM-BLR_6E_2026-09-23_T+15_1788903777294_e4xw,BOM-BLR,EaseMyTrip,6E,6E-5241,2026-09-23,T+15,4200,922,5122,2026-09-08T21:22:34.298Z,FALSE,"",16:40,FALSE
fare_BOM-BLR_6E_2026-09-23_T+15_1788903777294_a088,BOM-BLR,EaseMyTrip,6E,6E-6361,2026-09-23,T+15,4200,922,5122,2026-09-08T21:22:34.298Z,FALSE,"",05:00,FALSE
fare_BOM-BLR_IX_2026-09-23_T+15_1788903777294_l5c1,BOM-BLR,EaseMyTrip,IX,IX-1347,2026-09-23,T+15,4562,1002,5564,2026-09-08T21:22:34.298Z,FALSE,"",06:00,TRUE
fare_BOM-BLR_IX_2026-09-23_T+15_1788903777294_rkv1,BOM-BLR,EaseMyTrip,IX,IX-1626,2026-09-23,T+15,4562,1002,5564,2026-09-08T21:22:34.298Z,FALSE,"",12:00,TRUE
fare_BOM-BLR_6E_2026-09-23_T+15_1788903777294_5ci4,BOM-BLR,EaseMyTrip,6E,6E-5228,2026-09-23,T+15,4307,946,5253,2026-09-08T21:22:34.298Z,FALSE,"",16:45,FALSE
fare_BOM-BLR_6E_2026-09-23_T+15_1788903777294_bgdb,BOM-BLR,EaseMyTrip,6E,6E-5386,2026-09-23,T+15,4307,946,5253,2026-09-08T21:22:34.298Z,FALSE,"",15:10,FALSE
fare_BOM-BLR_6E_2026-09-23_T+15_1788903777294_lezt,BOM-BLR,EaseMyTrip,6E,6E-6802,2026-09-23,T+15,4415,969,5384,2026-09-08T21:22:34.298Z,FALSE,"",16:55,FALSE
fare_BOM-BLR_6E_2026-09-23_T+15_1788903777294_2my0,BOM-BLR,EaseMyTrip,6E,6E-5196,2026-09-23,T+15,4480,983,5463,2026-09-08T21:22:34.298Z,FALSE,"",15:25,FALSE
fare_BOM-BLR_6E_2026-09-23_T+15_1788903777294_ws8k,BOM-BLR,EaseMyTrip,6E,6E-5126,2026-09-23,T+15,4480,983,5463,2026-09-08T21:22:34.298Z,FALSE,"",18:15,FALSE
fare_BOM-BLR_6E_2026-09-23_T+15_1788903777294_zpat,BOM-BLR,EaseMyTrip,6E,6E-295,2026-09-23,T+15,4480,983,5463,2026-09-08T21:22:34.298Z,FALSE,"",17:10,FALSE
fare_BOM-BLR_6E_2026-09-23_T+15_1788903777294_kfu7,BOM-BLR,EaseMyTrip,6E,6E-708,2026-09-23,T+15,4480,983,5463,2026-09-08T21:22:34.298Z,FALSE,"",17:10,FALSE
fare_BOM-BLR_6E_2026-09-23_T+15_1788903777294_ryqr,BOM-BLR,EaseMyTrip,6E,6E-5048,2026-09-23,T+15,4480,983,5463,2026-09-08T21:22:34.298Z,FALSE,"",17:25,FALSE
fare_BOM-BLR_6E_2026-09-23_T+15_1788903777294_0y7p,BOM-BLR,EaseMyTrip,6E,6E-6701,2026-09-23,T+15,4480,983,5463,2026-09-08T21:22:34.298Z,FALSE,"",05:35,FALSE
fare_BOM-BLR_6E_2026-09-23_T+15_1788903777294_sfvu,BOM-BLR,EaseMyTrip,6E,6E-5188,2026-09-23,T+15,4480,983,5463,2026-09-08T21:22:34.298Z,FALSE,"",06:15,FALSE
fare_BOM-BLR_6E_2026-09-23_T+15_1788903777294_r46l,BOM-BLR,EaseMyTrip,6E,6E-5313,2026-09-23,T+15,4480,983,5463,2026-09-08T21:22:34.298Z,FALSE,"",09:50,FALSE
fare_BOM-BLR_6E_2026-09-23_T+15_1788903777294_0hhh,BOM-BLR,EaseMyTrip,6E,6E-6349,2026-09-23,T+15,4480,983,5463,2026-09-08T21:22:34.298Z,FALSE,"",11:40,FALSE
fare_BOM-BLR_6E_2026-09-23_T+15_1788903777294_yae3,BOM-BLR,EaseMyTrip,6E,6E-5107,2026-09-23,T+15,4480,983,5463,2026-09-08T21:22:34.298Z,FALSE,"",20:00,FALSE
fare_BOM-BLR_6E_2026-09-23_T+15_1788903777294_zilz,BOM-BLR,EaseMyTrip,6E,6E-237,2026-09-23,T+15,4480,983,5463,2026-09-08T21:22:34.298Z,FALSE,"",15:45,FALSE
fare_BOM-BLR_6E_2026-09-23_T+15_1788903777294_rf38,BOM-BLR,EaseMyTrip,6E,6E-871,2026-09-23,T+15,4480,983,5463,2026-09-08T21:22:34.298Z,FALSE,"",15:45,FALSE
fare_BOM-BLR_6E_2026-09-23_T+15_1788903777294_5ywb,BOM-BLR,EaseMyTrip,6E,6E-5109,2026-09-23,T+15,4480,983,5463,2026-09-08T21:22:34.298Z,FALSE,"",09:35,FALSE
fare_BOM-BLR_6E_2026-09-23_T+15_1788903777294_g7si,BOM-BLR,EaseMyTrip,6E,6E-5337,2026-09-23,T+15,4480,983,5463,2026-09-08T21:22:34.298Z,FALSE,"",13:45,FALSE
fare_BOM-BLR_6E_2026-09-23_T+15_1788903777294_laql,BOM-BLR,EaseMyTrip,6E,6E-5201,2026-09-23,T+15,4480,983,5463,2026-09-08T21:22:34.298Z,FALSE,"",14:55,FALSE
fare_BOM-BLR_6E_2026-09-23_T+15_1788903777294_zihc,BOM-BLR,EaseMyTrip,6E,6E-2085,2026-09-23,T+15,4558,1000,5558,2026-09-08T21:22:34.298Z,FALSE,"",07:05,TRUE
fare_BOM-BLR_6E_2026-09-23_T+15_1788903777294_11ud,BOM-BLR,EaseMyTrip,6E,6E-6029,2026-09-23,T+15,4558,1000,5558,2026-09-08T21:22:34.298Z,FALSE,"",11:25,TRUE
fare_BOM-BLR_6E_2026-09-23_T+15_1788903777294_vvjv,BOM-BLR,EaseMyTrip,6E,6E-6599,2026-09-23,T+15,4587,1007,5594,2026-09-08T21:22:34.298Z,FALSE,"",16:50,FALSE
fare_BOM-BLR_6E_2026-09-23_T+15_1788903777294_nmiq,BOM-BLR,EaseMyTrip,6E,6E-5318,2026-09-23,T+15,4617,1013,5630,2026-09-08T21:22:34.298Z,FALSE,"",10:15,FALSE
fare_BOM-BLR_6E_2026-09-23_T+15_1788903777294_yb2a,BOM-BLR,EaseMyTrip,6E,6E-5082,2026-09-23,T+15,4849,1064,5913,2026-09-08T21:22:34.298Z,FALSE,"",18:05,FALSE
fare_BOM-BLR_IX_2026-09-23_T+15_1788903777294_7x35,BOM-BLR,EaseMyTrip,IX,IX-1640,2026-09-23,T+15,5164,1134,6298,2026-09-08T21:22:34.298Z,FALSE,"",21:10,TRUE
fare_BOM-BLR_6E_2026-09-23_T+15_1788903777294_4uma,BOM-BLR,EaseMyTrip,6E,6E-6362,2026-09-23,T+15,4957,1088,6045,2026-09-08T21:22:34.298Z,FALSE,"",05:45,FALSE
fare_BOM-BLR_6E_2026-09-23_T+15_1788903777294_7ros,BOM-BLR,EaseMyTrip,6E,6E-5178,2026-09-23,T+15,4957,1088,6045,2026-09-08T21:22:34.298Z,FALSE,"",11:45,FALSE
fare_BOM-BLR_6E_2026-09-23_T+15_1788903777294_2w9m,BOM-BLR,EaseMyTrip,6E,6E-755,2026-09-23,T+15,5129,1126,6255,2026-09-08T21:22:34.298Z,FALSE,"",12:30,FALSE
fare_BOM-BLR_6E_2026-09-23_T+15_1788903777294_kzlx,BOM-BLR,EaseMyTrip,6E,6E-898,2026-09-23,T+15,5129,1126,6255,2026-09-08T21:22:34.298Z,FALSE,"",12:30,FALSE
fare_BOM-BLR_AI_2026-09-23_T+15_1788903777294_o6t6,BOM-BLR,EaseMyTrip,AI,AI-2401,2026-09-23,T+15,5649,1240,6889,2026-09-08T21:22:34.298Z,FALSE,"",20:45,TRUE
fare_BOM-BLR_6E_2026-09-23_T+15_1788903777294_wxjx,BOM-BLR,EaseMyTrip,6E,6E-5071,2026-09-23,T+15,5791,1271,7062,2026-09-08T21:22:34.298Z,FALSE,"",15:35,TRUE
fare_BOM-BLR_6E_2026-09-23_T+15_1788903777294_wjnd,BOM-BLR,EaseMyTrip,6E,6E-5382,2026-09-23,T+15,5791,1271,7062,2026-09-08T21:22:34.298Z,FALSE,"",14:30,TRUE
fare_BOM-BLR_6E_2026-09-23_T+15_1788903777294_me9z,BOM-BLR,EaseMyTrip,6E,6E-5184,2026-09-23,T+15,5791,1271,7062,2026-09-08T21:22:34.298Z,FALSE,"",12:30,TRUE
fare_BOM-BLR_6E_2026-09-23_T+15_1788903777294_kht4,BOM-BLR,EaseMyTrip,6E,6E-5221,2026-09-23,T+15,5791,1271,7062,2026-09-08T21:22:34.298Z,FALSE,"",17:00,TRUE
fare_BOM-BLR_6E_2026-09-23_T+15_1788903777294_x65c,BOM-BLR,EaseMyTrip,6E,6E-5217,2026-09-23,T+15,5791,1271,7062,2026-09-08T21:22:34.298Z,FALSE,"",11:00,TRUE
fare_BOM-BLR_6E_2026-09-23_T+15_1788903777294_irtc,BOM-BLR,EaseMyTrip,6E,6E-5193,2026-09-23,T+15,5791,1271,7062,2026-09-08T21:22:34.298Z,FALSE,"",08:05,TRUE
fare_BOM-BLR_6E_2026-09-23_T+15_1788903777294_jyq5,BOM-BLR,EaseMyTrip,6E,6E-5296,2026-09-23,T+15,5791,1271,7062,2026-09-08T21:22:34.298Z,FALSE,"",06:30,TRUE
fare_BOM-BLR_6E_2026-09-23_T+15_1788903777294_mlsp,BOM-BLR,EaseMyTrip,6E,6E-5388,2026-09-23,T+15,5791,1271,7062,2026-09-08T21:22:34.298Z,FALSE,"",22:20,TRUE
fare_BOM-BLR_6E_2026-09-23_T+15_1788903777294_3fzj,BOM-BLR,EaseMyTrip,6E,6E-5092,2026-09-23,T+15,5791,1271,7062,2026-09-08T21:22:34.298Z,FALSE,"",09:50,TRUE
fare_BOM-BLR_6E_2026-09-23_T+15_1788903777294_zgok,BOM-BLR,EaseMyTrip,6E,6E-6188,2026-09-23,T+15,6049,1328,7377,2026-09-08T21:22:34.298Z,FALSE,"",21:30,TRUE
fare_BOM-BLR_6E_2026-09-23_T+15_1788903777294_15j1,BOM-BLR,EaseMyTrip,6E,6E-675,2026-09-23,T+15,6084,1336,7420,2026-09-08T21:22:34.298Z,FALSE,"",11:20,FALSE
fare_BOM-BLR_6E_2026-09-23_T+15_1788903777294_o7dh,BOM-BLR,EaseMyTrip,6E,6E-461,2026-09-23,T+15,6084,1336,7420,2026-09-08T21:22:34.298Z,FALSE,"",11:20,FALSE
fare_BOM-BLR_AI_2026-09-23_T+15_1788903777294_qgf3,BOM-BLR,EaseMyTrip,AI,AI-2853,2026-09-23,T+15,6348,1394,7742,2026-09-08T21:22:34.298Z,FALSE,"",15:25,TRUE
fare_BOM-BLR_6E_2026-09-23_T+15_1788903777294_hvnm,BOM-BLR,EaseMyTrip,6E,6E-6057,2026-09-23,T+15,6192,1359,7551,2026-09-08T21:22:34.298Z,FALSE,"",09:15,FALSE
fare_BOM-BLR_6E_2026-09-23_T+15_1788903777294_ibmg,BOM-BLR,EaseMyTrip,6E,6E-5032,2026-09-23,T+15,6307,1385,7692,2026-09-08T21:22:34.298Z,FALSE,"",19:55,TRUE
fare_BOM-BLR_6E_2026-09-23_T+15_1788903777294_o0jf,BOM-BLR,EaseMyTrip,6E,6E-5047,2026-09-23,T+15,6307,1385,7692,2026-09-08T21:22:34.298Z,FALSE,"",18:30,TRUE
fare_BOM-BLR_IX_2026-09-23_T+15_1788903777294_v3a4,BOM-BLR,EaseMyTrip,IX,IX-1810,2026-09-23,T+15,6697,1470,8167,2026-09-08T21:22:34.298Z,FALSE,"",13:40,FALSE
fare_BOM-BLR_IX_2026-09-23_T+15_1788903777294_kr48,BOM-BLR,EaseMyTrip,IX,IX-1797,2026-09-23,T+15,6697,1470,8167,2026-09-08T21:22:34.298Z,FALSE,"",05:05,FALSE
fare_BOM-BLR_IX_2026-09-23_T+15_1788903777294_fbdi,BOM-BLR,EaseMyTrip,IX,IX-1801,2026-09-23,T+15,6697,1470,8167,2026-09-08T21:22:34.298Z,FALSE,"",20:20,FALSE
fare_BOM-BLR_AI_2026-09-23_T+15_1788903777294_pr5s,BOM-BLR,EaseMyTrip,AI,AI-2603,2026-09-23,T+15,6563,1441,8004,2026-09-08T21:22:34.298Z,FALSE,"",06:35,TRUE
fare_BOM-BLR_AI_2026-09-23_T+15_1788903777294_twhe,BOM-BLR,EaseMyTrip,AI,AI-2849,2026-09-23,T+15,6563,1441,8004,2026-09-08T21:22:34.298Z,FALSE,"",17:30,TRUE
fare_BOM-BLR_AI_2026-09-23_T+15_1788903777294_g6xg,BOM-BLR,EaseMyTrip,AI,AI-2863,2026-09-23,T+15,6563,1441,8004,2026-09-08T21:22:34.298Z,FALSE,"",10:00,TRUE
fare_BOM-BLR_AI_2026-09-23_T+15_1788903777294_f97q,BOM-BLR,EaseMyTrip,AI,AI-2865,2026-09-23,T+15,6617,1453,8070,2026-09-08T21:22:34.298Z,FALSE,"",19:45,TRUE
fare_BOM-BLR_AI_2026-09-23_T+15_1788903777294_bncp,BOM-BLR,EaseMyTrip,AI,AI-2851,2026-09-23,T+15,6672,1464,8136,2026-09-08T21:22:34.298Z,FALSE,"",07:55,TRUE
fare_BOM-BLR_6E_2026-09-23_T+15_1788903777294_hppo,BOM-BLR,EaseMyTrip,6E,6E-7037,2026-09-23,T+15,6706,1472,8178,2026-09-08T21:22:34.298Z,FALSE,"",11:05,FALSE
fare_BOM-BLR_AI_2026-09-23_T+15_1788903777294_lc8g,BOM-BLR,EaseMyTrip,AI,AI-603,2026-09-23,T+15,6898,1514,8412,2026-09-08T21:22:34.298Z,FALSE,"",05:10,FALSE
fare_BOM-BLR_AI_2026-09-23_T+15_1788903777294_3kke,BOM-BLR,EaseMyTrip,AI,AI-2641,2026-09-23,T+15,6945,1525,8470,2026-09-08T21:22:34.298Z,FALSE,"",18:30,TRUE
fare_BOM-BLR_AI_2026-09-23_T+15_1788903777294_pyb7,BOM-BLR,EaseMyTrip,AI,AI-2632,2026-09-23,T+15,6951,1526,8477,2026-09-08T21:22:34.298Z,FALSE,"",12:00,TRUE
fare_BOM-BLR_6E_2026-09-23_T+15_1788903777294_r1bj,BOM-BLR,EaseMyTrip,6E,6E-960,2026-09-23,T+15,6860,1506,8366,2026-09-08T21:22:34.298Z,FALSE,"",04:00,FALSE
fare_BOM-BLR_6E_2026-09-23_T+15_1788903777294_tsec,BOM-BLR,EaseMyTrip,6E,6E-616,2026-09-23,T+15,6860,1506,8366,2026-09-08T21:22:34.298Z,FALSE,"",04:00,FALSE
fare_BOM-BLR_IX_2026-09-23_T+15_1788903777294_d5xg,BOM-BLR,EaseMyTrip,IX,IX-1242,2026-09-23,T+15,7609,1670,9279,2026-09-08T21:22:34.298Z,FALSE,"",16:30,FALSE
fare_BOM-BLR_IX_2026-09-23_T+15_1788903777294_ar1c,BOM-BLR,EaseMyTrip,IX,IX-1238,2026-09-23,T+15,8710,1912,10622,2026-09-08T21:22:34.298Z,FALSE,"",12:25,FALSE
fare_BOM-BLR_AI_2026-09-23_T+15_1788903777294_rlql,BOM-BLR,EaseMyTrip,AI,AI-2869,2026-09-23,T+15,8703,1911,10614,2026-09-08T21:22:34.298Z,FALSE,"",21:25,FALSE
fare_BOM-BLR_AI_2026-09-23_T+15_1788903777294_7nwu,BOM-BLR,EaseMyTrip,AI,AI-2875,2026-09-23,T+15,8703,1911,10614,2026-09-08T21:22:34.298Z,FALSE,"",19:35,FALSE
fare_BOM-BLR_AI_2026-09-23_T+15_1788903777294_6aq5,BOM-BLR,EaseMyTrip,AI,AI-2619,2026-09-23,T+15,8703,1911,10614,2026-09-08T21:22:34.298Z,FALSE,"",18:00,FALSE
fare_BOM-BLR_6E_2026-09-23_T+15_1788903777294_numh,BOM-BLR,EaseMyTrip,6E,6E-2237,2026-09-23,T+15,8664,1902,10566,2026-09-08T21:22:34.298Z,FALSE,"",18:40,FALSE
fare_BOM-BLR_AI_2026-09-23_T+15_1788903777294_06vl,BOM-BLR,EaseMyTrip,AI,AI-2821,2026-09-23,T+15,8877,1948,10825,2026-09-08T21:22:34.298Z,FALSE,"",06:40,FALSE
fare_BOM-BLR_AI_2026-09-23_T+15_1788903777294_r6kl,BOM-BLR,EaseMyTrip,AI,AI-639,2026-09-23,T+15,8877,1948,10825,2026-09-08T21:22:34.298Z,FALSE,"",22:55,FALSE
fare_BOM-BLR_AI_2026-09-23_T+15_1788903777294_o6a7,BOM-BLR,EaseMyTrip,AI,AI-2827,2026-09-23,T+15,8877,1948,10825,2026-09-08T21:22:34.298Z,FALSE,"",20:30,FALSE
fare_BOM-BLR_AI_2026-09-23_T+15_1788903777294_l9yf,BOM-BLR,EaseMyTrip,AI,AI-435,2026-09-23,T+15,8998,1975,10973,2026-09-08T21:22:34.298Z,FALSE,"",18:10,FALSE
fare_BOM-BLR_AI_2026-09-23_T+15_1788903777294_3n10,BOM-BLR,EaseMyTrip,AI,AI-2787,2026-09-23,T+15,9198,2019,11217,2026-09-08T21:22:34.298Z,FALSE,"",06:35,FALSE
fare_BOM-BLR_AI_2026-09-23_T+15_1788903777294_4dys,BOM-BLR,EaseMyTrip,AI,AI-2855,2026-09-23,T+15,9460,2076,11536,2026-09-08T21:22:34.298Z,FALSE,"",10:05,FALSE
fare_BOM-BLR_AI_2026-09-23_T+15_1788903777294_wy1g,BOM-BLR,EaseMyTrip,AI,AI-2745,2026-09-23,T+15,9601,2108,11709,2026-09-08T21:22:34.298Z,FALSE,"",15:30,FALSE
fare_BOM-BLR_AI_2026-09-23_T+15_1788903777294_dehy,BOM-BLR,EaseMyTrip,AI,AI-2625,2026-09-23,T+15,9809,2153,11962,2026-09-08T21:22:34.298Z,FALSE,"",06:00,FALSE
fare_BOM-BLR_6E_2026-09-23_T+15_1788903777294_9lzv,BOM-BLR,EaseMyTrip,6E,6E-589,2026-09-23,T+15,10841,2380,13221,2026-09-08T21:22:34.298Z,FALSE,"",13:55,FALSE
fare_BOM-BLR_6E_2026-09-23_T+15_1788903777294_68fz,BOM-BLR,EaseMyTrip,6E,6E-147,2026-09-23,T+15,10841,2380,13221,2026-09-08T21:22:34.298Z,FALSE,"",13:55,FALSE
fare_BOM-BLR_AI_2026-09-23_T+15_1788903777294_ybn5,BOM-BLR,EaseMyTrip,AI,AI-2531,2026-09-23,T+15,12062,2648,14710,2026-09-08T21:22:34.298Z,FALSE,"",15:05,FALSE
fare_BOM-BLR_AI_2026-09-23_T+15_1788903777294_q6ny,BOM-BLR,EaseMyTrip,AI,AI-2422,2026-09-23,T+15,12798,2809,15607,2026-09-08T21:22:34.298Z,FALSE,"",01:00,FALSE
fare_BOM-BLR_AI_2026-09-23_T+15_1788903777294_zld2,BOM-BLR,EaseMyTrip,AI,AI-2677,2026-09-23,T+15,13019,2858,15877,2026-09-08T21:22:34.298Z,FALSE,"",13:00,FALSE
fare_BOM-BLR_AI_2026-09-23_T+15_1788903777294_ejqq,BOM-BLR,EaseMyTrip,AI,AI-2928,2026-09-23,T+15,13150,2886,16036,2026-09-08T21:22:34.298Z,FALSE,"",06:30,FALSE
fare_BOM-BLR_AI_2026-09-23_T+15_1788903777294_v2aj,BOM-BLR,EaseMyTrip,AI,AI-816,2026-09-23,T+15,13199,2897,16096,2026-09-08T21:22:34.298Z,FALSE,"",21:00,FALSE
fare_BOM-BLR_AI_2026-09-23_T+15_1788903777294_df64,BOM-BLR,EaseMyTrip,AI,AI-2930,2026-09-23,T+15,13322,2924,16246,2026-09-08T21:22:34.298Z,FALSE,"",07:30,FALSE
fare_BOM-BLR_AI_2026-09-23_T+15_1788903777294_e9ww,BOM-BLR,EaseMyTrip,AI,AI-2432,2026-09-23,T+15,13473,2958,16431,2026-09-08T21:22:34.298Z,FALSE,"",09:30,FALSE
fare_BOM-BLR_AI_2026-09-23_T+15_1788903777294_bfgr,BOM-BLR,EaseMyTrip,AI,AI-2424,2026-09-23,T+15,13523,2969,16492,2026-09-08T21:22:34.298Z,FALSE,"",07:00,FALSE
fare_BOM-BLR_AI_2026-09-23_T+15_1788903777294_jzol,BOM-BLR,EaseMyTrip,AI,AI-2471,2026-09-23,T+15,15494,3401,18895,2026-09-08T21:22:34.298Z,TRUE,"High outlier: ₹18895 > upper fence ₹18341 (Q3: ₹10614, IQR: ₹5151)",11:30,FALSE
fare_BOM-BLR_AI_2026-09-23_T+15_1788903777294_1lqq,BOM-BLR,EaseMyTrip,AI,AI-2741,2026-09-23,T+15,15822,3473,19295,2026-09-08T21:22:34.298Z,TRUE,"High outlier: ₹19295 > upper fence ₹18341 (Q3: ₹10614, IQR: ₹5151)",07:40,FALSE
fare_BOM-BLR_AI_2026-09-23_T+15_1788903777294_b767,BOM-BLR,EaseMyTrip,AI,AI-2663,2026-09-23,T+15,23792,5223,29015,2026-09-08T21:22:34.298Z,TRUE,"High outlier: ₹29015 > upper fence ₹18341 (Q3: ₹10614, IQR: ₹5151)",10:25,FALSE
fare_BOM-BLR_IX_2026-09-09_T+1_1788903777295_lhwn,BOM-BLR,EaseMyTrip,IX,IX-1347,2026-09-09,T+1,4303,945,5248,2026-09-08T21:22:20.627Z,FALSE,"",06:00,TRUE
fare_BOM-BLR_IX_2026-09-09_T+1_1788903777295_poan,BOM-BLR,EaseMyTrip,IX,IX-1640,2026-09-09,T+1,4303,945,5248,2026-09-08T21:22:20.627Z,FALSE,"",21:10,TRUE
fare_BOM-BLR_QP_2026-09-09_T+1_1788903777295_9ybd,BOM-BLR,EaseMyTrip,QP,QP-1149,2026-09-09,T+1,4141,909,5050,2026-09-08T21:22:20.627Z,FALSE,"",05:30,TRUE
fare_BOM-BLR_6E_2026-09-09_T+1_1788903777295_n964,BOM-BLR,EaseMyTrip,6E,6E-5294,2026-09-09,T+1,4141,909,5050,2026-09-08T21:22:20.627Z,FALSE,"",04:30,TRUE
fare_BOM-BLR_AI_2026-09-09_T+1_1788903777295_jdnm,BOM-BLR,EaseMyTrip,AI,AI-2857,2026-09-09,T+1,4314,947,5261,2026-09-08T21:22:20.627Z,FALSE,"",23:30,TRUE
fare_BOM-BLR_QP_2026-09-09_T+1_1788903777295_xa8w,BOM-BLR,EaseMyTrip,QP,QP-1384,2026-09-09,T+1,4304,945,5249,2026-09-08T21:22:20.627Z,FALSE,"",23:10,TRUE
fare_BOM-BLR_IX_2026-09-09_T+1_1788903777295_qmyn,BOM-BLR,EaseMyTrip,IX,IX-1626,2026-09-09,T+1,5164,1134,6298,2026-09-08T21:22:20.627Z,FALSE,"",12:00,TRUE
fare_BOM-BLR_6E_2026-09-09_T+1_1788903777295_knci,BOM-BLR,EaseMyTrip,6E,6E-6029,2026-09-09,T+1,5214,1144,6358,2026-09-08T21:22:20.627Z,FALSE,"",11:25,TRUE
fare_BOM-BLR_QP_2026-09-09_T+1_1788903777295_ptij,BOM-BLR,EaseMyTrip,QP,QP-1985,2026-09-09,T+1,5669,1245,6914,2026-09-08T21:22:20.627Z,FALSE,"",23:20,TRUE
fare_BOM-BLR_QP_2026-09-09_T+1_1788903777295_jy3y,BOM-BLR,EaseMyTrip,QP,QP-1129,2026-09-09,T+1,5669,1245,6914,2026-09-08T21:22:20.627Z,FALSE,"",08:45,TRUE
fare_BOM-BLR_6E_2026-09-09_T+1_1788903777295_6elp,BOM-BLR,EaseMyTrip,6E,6E-5071,2026-09-09,T+1,5791,1271,7062,2026-09-08T21:22:20.627Z,FALSE,"",15:35,TRUE
fare_BOM-BLR_6E_2026-09-09_T+1_1788903777295_rec2,BOM-BLR,EaseMyTrip,6E,6E-5382,2026-09-09,T+1,5791,1271,7062,2026-09-08T21:22:20.627Z,FALSE,"",14:30,TRUE
fare_BOM-BLR_6E_2026-09-09_T+1_1788903777295_pl60,BOM-BLR,EaseMyTrip,6E,6E-5217,2026-09-09,T+1,5791,1271,7062,2026-09-08T21:22:20.627Z,FALSE,"",11:00,TRUE
fare_BOM-BLR_6E_2026-09-09_T+1_1788903777295_pu40,BOM-BLR,EaseMyTrip,6E,6E-5184,2026-09-09,T+1,5791,1271,7062,2026-09-08T21:22:20.627Z,FALSE,"",12:30,TRUE
fare_BOM-BLR_6E_2026-09-09_T+1_1788903777295_bkyj,BOM-BLR,EaseMyTrip,6E,6E-5388,2026-09-09,T+1,5791,1271,7062,2026-09-08T21:22:20.627Z,FALSE,"",22:20,TRUE
fare_BOM-BLR_6E_2026-09-09_T+1_1788903777295_h99s,BOM-BLR,EaseMyTrip,6E,6E-5092,2026-09-09,T+1,5791,1271,7062,2026-09-08T21:22:20.627Z,FALSE,"",09:50,TRUE
fare_BOM-BLR_QP_2026-09-09_T+1_1788903777295_akp8,BOM-BLR,EaseMyTrip,QP,QP-1518,2026-09-09,T+1,5903,1296,7199,2026-09-08T21:22:20.627Z,FALSE,"",21:45,TRUE
fare_BOM-BLR_6E_2026-09-09_T+1_1788903777295_ujbh,BOM-BLR,EaseMyTrip,6E,6E-5201,2026-09-09,T+1,5912,1298,7210,2026-09-08T21:22:20.627Z,FALSE,"",14:55,FALSE
fare_BOM-BLR_6E_2026-09-09_T+1_1788903777295_h2km,BOM-BLR,EaseMyTrip,6E,6E-2085,2026-09-09,T+1,6001,1317,7318,2026-09-08T21:22:20.627Z,FALSE,"",07:05,TRUE
fare_BOM-BLR_6E_2026-09-09_T+1_1788903777295_8s63,BOM-BLR,EaseMyTrip,6E,6E-5296,2026-09-09,T+1,6049,1328,7377,2026-09-08T21:22:20.627Z,FALSE,"",06:30,TRUE
fare_BOM-BLR_AI_2026-09-09_T+1_1788903777295_xir6,BOM-BLR,EaseMyTrip,AI,AI-2632,2026-09-09,T+1,6348,1394,7742,2026-09-08T21:22:20.627Z,FALSE,"",12:00,TRUE
fare_BOM-BLR_AI_2026-09-09_T+1_1788903777295_bveh,BOM-BLR,EaseMyTrip,AI,AI-2853,2026-09-09,T+1,6348,1394,7742,2026-09-08T21:22:20.627Z,FALSE,"",15:25,TRUE
fare_BOM-BLR_6E_2026-09-09_T+1_1788903777295_2jxq,BOM-BLR,EaseMyTrip,6E,6E-5123,2026-09-09,T+1,6300,1383,7683,2026-09-08T21:22:20.627Z,FALSE,"",14:40,FALSE
fare_BOM-BLR_6E_2026-09-09_T+1_1788903777295_izzk,BOM-BLR,EaseMyTrip,6E,6E-5221,2026-09-09,T+1,6307,1385,7692,2026-09-08T21:22:20.627Z,FALSE,"",17:00,TRUE
fare_BOM-BLR_6E_2026-09-09_T+1_1788903777295_vm68,BOM-BLR,EaseMyTrip,6E,6E-488,2026-09-09,T+1,6364,1397,7761,2026-09-08T21:22:20.627Z,FALSE,"",12:30,FALSE
fare_BOM-BLR_6E_2026-09-09_T+1_1788903777295_a9ye,BOM-BLR,EaseMyTrip,6E,6E-503,2026-09-09,T+1,6364,1397,7761,2026-09-08T21:22:20.627Z,FALSE,"",12:30,FALSE
fare_BOM-BLR_6E_2026-09-09_T+1_1788903777295_5g7c,BOM-BLR,EaseMyTrip,6E,6E-507,2026-09-09,T+1,6364,1397,7761,2026-09-08T21:22:20.627Z,FALSE,"",17:10,FALSE
fare_BOM-BLR_6E_2026-09-09_T+1_1788903777295_3oga,BOM-BLR,EaseMyTrip,6E,6E-924,2026-09-09,T+1,6364,1397,7761,2026-09-08T21:22:20.627Z,FALSE,"",17:10,FALSE
fare_BOM-BLR_IX_2026-09-09_T+1_1788903777295_7uos,BOM-BLR,EaseMyTrip,IX,IX-1027,2026-09-09,T+1,6697,1470,8167,2026-09-08T21:22:20.627Z,FALSE,"",12:00,FALSE
fare_BOM-BLR_AI_2026-09-09_T+1_1788903777295_58h6,BOM-BLR,EaseMyTrip,AI,AI-2863,2026-09-09,T+1,6563,1441,8004,2026-09-08T21:22:20.627Z,FALSE,"",10:00,TRUE
fare_BOM-BLR_AI_2026-09-09_T+1_1788903777295_xfvi,BOM-BLR,EaseMyTrip,AI,AI-2401,2026-09-09,T+1,6617,1453,8070,2026-09-08T21:22:20.627Z,FALSE,"",20:45,TRUE
fare_BOM-BLR_AI_2026-09-09_T+1_1788903777295_9gnq,BOM-BLR,EaseMyTrip,AI,AI-2851,2026-09-09,T+1,6672,1464,8136,2026-09-08T21:22:20.627Z,FALSE,"",07:55,TRUE
fare_BOM-BLR_AI_2026-09-09_T+1_1788903777295_e4vi,BOM-BLR,EaseMyTrip,AI,AI-2849,2026-09-09,T+1,6832,1500,8332,2026-09-08T21:22:20.627Z,FALSE,"",17:30,TRUE
fare_BOM-BLR_6E_2026-09-09_T+1_1788903777295_28yv,BOM-BLR,EaseMyTrip,6E,6E-6802,2026-09-09,T+1,6796,1492,8288,2026-09-08T21:22:20.627Z,FALSE,"",16:55,FALSE
fare_BOM-BLR_6E_2026-09-09_T+1_1788903777295_j4kg,BOM-BLR,EaseMyTrip,6E,6E-6701,2026-09-09,T+1,6860,1506,8366,2026-09-08T21:22:20.627Z,FALSE,"",05:35,FALSE
fare_BOM-BLR_QP_2026-09-09_T+1_1788903777295_jaed,BOM-BLR,EaseMyTrip,QP,QP-1133,2026-09-09,T+1,7237,1588,8825,2026-09-08T21:22:20.627Z,FALSE,"",19:40,TRUE
fare_BOM-BLR_6E_2026-09-09_T+1_1788903777295_8iz3,BOM-BLR,EaseMyTrip,6E,6E-5126,2026-09-09,T+1,7405,1626,9031,2026-09-08T21:22:20.627Z,FALSE,"",18:15,FALSE
fare_BOM-BLR_6E_2026-09-09_T+1_1788903777295_do9l,BOM-BLR,EaseMyTrip,6E,6E-5047,2026-09-09,T+1,7427,1630,9057,2026-09-08T21:22:20.627Z,FALSE,"",18:30,TRUE
fare_BOM-BLR_6E_2026-09-09_T+1_1788903777295_mzl8,BOM-BLR,EaseMyTrip,6E,6E-6599,2026-09-09,T+1,7513,1649,9162,2026-09-08T21:22:20.627Z,FALSE,"",16:50,FALSE
fare_BOM-BLR_QP_2026-09-09_T+1_1788903777295_cckx,BOM-BLR,EaseMyTrip,QP,QP-1382,2026-09-09,T+1,7859,1725,9584,2026-09-08T21:22:20.627Z,FALSE,"",18:20,TRUE
fare_BOM-BLR_IX_2026-09-09_T+1_1788903777295_vrp3,BOM-BLR,EaseMyTrip,IX,IX-1797,2026-09-09,T+1,8402,1844,10246,2026-09-08T21:22:20.627Z,FALSE,"",05:05,FALSE
fare_BOM-BLR_6E_2026-09-09_T+1_1788903777295_uh12,BOM-BLR,EaseMyTrip,6E,6E-5193,2026-09-09,T+1,8288,1819,10107,2026-09-08T21:22:20.627Z,FALSE,"",08:05,TRUE
fare_BOM-BLR_AI_2026-09-09_T+1_1788903777295_hiuq,BOM-BLR,EaseMyTrip,AI,AI-598,2026-09-09,T+1,8480,1861,10341,2026-09-08T21:22:20.627Z,FALSE,"",15:35,FALSE
fare_BOM-BLR_AI_2026-09-09_T+1_1788903777295_b85y,BOM-BLR,EaseMyTrip,AI,AI-2745,2026-09-09,T+1,8611,1890,10501,2026-09-08T21:22:20.627Z,FALSE,"",15:30,FALSE
fare_BOM-BLR_6E_2026-09-09_T+1_1788903777295_arlh,BOM-BLR,EaseMyTrip,6E,6E-6188,2026-09-09,T+1,8804,1933,10737,2026-09-08T21:22:20.627Z,FALSE,"",21:30,TRUE
fare_BOM-BLR_AI_2026-09-09_T+1_1788903777295_pojp,BOM-BLR,EaseMyTrip,AI,AI-2865,2026-09-09,T+1,9202,2020,11222,2026-09-08T21:22:20.627Z,FALSE,"",19:45,TRUE
fare_BOM-BLR_AI_2026-09-09_T+1_1788903777295_1gi0,BOM-BLR,EaseMyTrip,AI,AI-2477,2026-09-09,T+1,9214,2022,11236,2026-09-08T21:22:20.627Z,FALSE,"",13:05,FALSE
fare_BOM-BLR_AI_2026-09-09_T+1_1788903777295_1z9f,BOM-BLR,EaseMyTrip,AI,AI-639,2026-09-09,T+1,9215,2023,11238,2026-09-08T21:22:20.627Z,FALSE,"",22:55,FALSE
fare_BOM-BLR_AI_2026-09-09_T+1_1788903777295_5udw,BOM-BLR,EaseMyTrip,AI,AI-2821,2026-09-09,T+1,9215,2023,11238,2026-09-08T21:22:20.627Z,FALSE,"",06:40,FALSE
fare_BOM-BLR_AI_2026-09-09_T+1_1788903777295_haku,BOM-BLR,EaseMyTrip,AI,AI-2641,2026-09-09,T+1,9280,2037,11317,2026-09-08T21:22:20.627Z,FALSE,"",18:30,TRUE
fare_BOM-BLR_6E_2026-09-09_T+1_1788903777295_5f9p,BOM-BLR,EaseMyTrip,6E,6E-5032,2026-09-09,T+1,9321,2046,11367,2026-09-08T21:22:20.627Z,FALSE,"",19:55,TRUE
fare_BOM-BLR_6E_2026-09-09_T+1_1788903777295_mk7e,BOM-BLR,EaseMyTrip,6E,6E-5196,2026-09-09,T+1,9389,2061,11450,2026-09-08T21:22:20.627Z,FALSE,"",15:25,FALSE
fare_BOM-BLR_6E_2026-09-09_T+1_1788903777295_blzt,BOM-BLR,EaseMyTrip,6E,6E-275,2026-09-09,T+1,9857,2164,12021,2026-09-08T21:22:20.627Z,FALSE,"",13:55,FALSE
fare_BOM-BLR_6E_2026-09-09_T+1_1788903777295_jscg,BOM-BLR,EaseMyTrip,6E,6E-722,2026-09-09,T+1,9857,2164,12021,2026-09-08T21:22:20.627Z,FALSE,"",13:55,FALSE
fare_BOM-BLR_QP_2026-09-09_T+1_1788903777295_dbrv,BOM-BLR,EaseMyTrip,QP,QP-1527,2026-09-09,T+1,10099,2217,12316,2026-09-08T21:22:20.627Z,FALSE,"",07:35,TRUE
fare_BOM-BLR_6E_2026-09-09_T+1_1788903777295_x94f,BOM-BLR,EaseMyTrip,6E,6E-436,2026-09-09,T+1,10185,2236,12421,2026-09-08T21:22:20.627Z,FALSE,"",15:45,FALSE
fare_BOM-BLR_6E_2026-09-09_T+1_1788903777295_93cy,BOM-BLR,EaseMyTrip,6E,6E-505,2026-09-09,T+1,10185,2236,12421,2026-09-08T21:22:20.627Z,FALSE,"",15:45,FALSE
fare_BOM-BLR_6E_2026-09-09_T+1_1788903777295_afnd,BOM-BLR,EaseMyTrip,6E,6E-5241,2026-09-09,T+1,10189,2237,12426,2026-09-08T21:22:20.627Z,FALSE,"",16:40,FALSE
fare_BOM-BLR_6E_2026-09-09_T+1_1788903777295_nt3o,BOM-BLR,EaseMyTrip,6E,6E-5188,2026-09-09,T+1,10242,2248,12490,2026-09-08T21:22:20.627Z,FALSE,"",06:15,FALSE
fare_BOM-BLR_AI_2026-09-09_T+1_1788903777295_1p1y,BOM-BLR,EaseMyTrip,AI,AI-2741,2026-09-09,T+1,11516,2528,14044,2026-09-08T21:22:20.627Z,FALSE,"",07:40,FALSE
fare_BOM-BLR_AI_2026-09-09_T+1_1788903777295_pze8,BOM-BLR,EaseMyTrip,AI,AI-2869,2026-09-09,T+1,11719,2573,14292,2026-09-08T21:22:20.627Z,FALSE,"",21:25,FALSE
fare_BOM-BLR_6E_2026-09-09_T+1_1788903777295_fgl2,BOM-BLR,EaseMyTrip,6E,6E-6349,2026-09-09,T+1,11976,2629,14605,2026-09-08T21:22:20.627Z,FALSE,"",11:40,FALSE
fare_BOM-BLR_6E_2026-09-09_T+1_1788903777295_f3ok,BOM-BLR,EaseMyTrip,6E,6E-5109,2026-09-09,T+1,12024,2639,14663,2026-09-08T21:22:20.627Z,FALSE,"",09:35,FALSE
fare_BOM-BLR_IX_2026-09-09_T+1_1788903777295_hvw9,BOM-BLR,EaseMyTrip,IX,IX-1238,2026-09-09,T+1,12557,2757,15314,2026-09-08T21:22:20.627Z,FALSE,"",12:25,FALSE
fare_BOM-BLR_AI_2026-09-09_T+1_1788903777295_55h9,BOM-BLR,EaseMyTrip,AI,AI-2787,2026-09-09,T+1,12266,2692,14958,2026-09-08T21:22:20.627Z,FALSE,"",06:35,FALSE
fare_BOM-BLR_AI_2026-09-09_T+1_1788903777295_fjaa,BOM-BLR,EaseMyTrip,AI,AI-2603,2026-09-09,T+1,12347,2710,15057,2026-09-08T21:22:20.627Z,FALSE,"",06:35,TRUE
fare_BOM-BLR_6E_2026-09-09_T+1_1788903777295_nqi0,BOM-BLR,EaseMyTrip,6E,6E-6674,2026-09-09,T+1,12311,2703,15014,2026-09-08T21:22:20.627Z,FALSE,"",09:05,FALSE
fare_BOM-BLR_6E_2026-09-09_T+1_1788903777295_hbr0,BOM-BLR,EaseMyTrip,6E,6E-7037,2026-09-09,T+1,12632,2773,15405,2026-09-08T21:22:20.627Z,FALSE,"",11:05,FALSE
fare_BOM-BLR_AI_2026-09-09_T+1_1788903777295_92pv,BOM-BLR,EaseMyTrip,AI,AI-2780,2026-09-09,T+1,12905,2833,15738,2026-09-08T21:22:20.627Z,FALSE,"",14:00,FALSE
fare_BOM-BLR_AI_2026-09-09_T+1_1788903777295_qe8n,BOM-BLR,EaseMyTrip,AI,AI-2875,2026-09-09,T+1,12926,2837,15763,2026-09-08T21:22:20.627Z,FALSE,"",19:35,FALSE
fare_BOM-BLR_AI_2026-09-09_T+1_1788903777295_j7g5,BOM-BLR,EaseMyTrip,AI,AI-2677,2026-09-09,T+1,13394,2940,16334,2026-09-08T21:22:20.627Z,FALSE,"",13:00,FALSE
fare_BOM-BLR_AI_2026-09-09_T+1_1788903777295_kxi3,BOM-BLR,EaseMyTrip,AI,AI-816,2026-09-09,T+1,13413,2944,16357,2026-09-08T21:22:20.627Z,FALSE,"",21:00,FALSE
fare_BOM-BLR_6E_2026-09-09_T+1_1788903777295_1ad8,BOM-BLR,EaseMyTrip,6E,6E-5313,2026-09-09,T+1,13280,2915,16195,2026-09-08T21:22:20.627Z,FALSE,"",09:50,FALSE
fare_BOM-BLR_AI_2026-09-09_T+1_1788903777295_und5,BOM-BLR,EaseMyTrip,AI,AI-2855,2026-09-09,T+1,13510,2966,16476,2026-09-08T21:22:20.627Z,FALSE,"",10:05,FALSE
fare_BOM-BLR_AI_2026-09-09_T+1_1788903777295_0m9l,BOM-BLR,EaseMyTrip,AI,AI-2952,2026-09-09,T+1,13530,2970,16500,2026-09-08T21:22:20.627Z,FALSE,"",11:25,FALSE
fare_BOM-BLR_AI_2026-09-09_T+1_1788903777295_myr5,BOM-BLR,EaseMyTrip,AI,AI-2442,2026-09-09,T+1,13792,3027,16819,2026-09-08T21:22:20.627Z,FALSE,"",15:00,FALSE
fare_BOM-BLR_IX_2026-09-09_T+1_1788903777295_7lqq,BOM-BLR,EaseMyTrip,IX,IX-1801,2026-09-09,T+1,14203,3118,17321,2026-09-08T21:22:20.627Z,FALSE,"",20:20,FALSE
fare_BOM-BLR_IX_2026-09-09_T+1_1788903777295_1oa6,BOM-BLR,EaseMyTrip,IX,IX-1242,2026-09-09,T+1,14235,3125,17360,2026-09-08T21:22:20.627Z,FALSE,"",16:30,FALSE
fare_BOM-BLR_IX_2026-09-09_T+1_1788903777295_4gh1,BOM-BLR,EaseMyTrip,IX,IX-1810,2026-09-09,T+1,15093,3313,18406,2026-09-08T21:22:20.627Z,FALSE,"",13:40,FALSE
fare_BOM-BLR_6E_2026-09-09_T+1_1788903777295_m8ud,BOM-BLR,EaseMyTrip,6E,6E-5082,2026-09-09,T+1,14608,3207,17815,2026-09-08T21:22:20.627Z,FALSE,"",18:05,FALSE
fare_BOM-BLR_AI_2026-09-09_T+1_1788903777295_ime1,BOM-BLR,EaseMyTrip,AI,AI-2988,2026-09-09,T+1,15675,3441,19116,2026-09-08T21:22:20.627Z,FALSE,"",20:30,FALSE
fare_BOM-BLR_6E_2026-09-09_T+1_1788903777295_g0tj,BOM-BLR,EaseMyTrip,6E,6E-5386,2026-09-09,T+1,16304,3579,19883,2026-09-08T21:22:20.627Z,FALSE,"",15:10,FALSE
fare_BOM-BLR_AI_2026-09-09_T+1_1788903777295_xwov,BOM-BLR,EaseMyTrip,AI,AI-2505,2026-09-09,T+1,16618,3648,20266,2026-09-08T21:22:20.627Z,FALSE,"",19:20,FALSE
fare_BOM-BLR_6E_2026-09-09_T+1_1788903777295_8j7u,BOM-BLR,EaseMyTrip,6E,6E-5228,2026-09-09,T+1,16672,3660,20332,2026-09-08T21:22:20.627Z,FALSE,"",16:45,FALSE
fare_BOM-BLR_AI_2026-09-09_T+1_1788903777295_au1g,BOM-BLR,EaseMyTrip,AI,AI-2432,2026-09-09,T+1,17162,3767,20929,2026-09-08T21:22:20.627Z,FALSE,"",09:30,FALSE
fare_BOM-BLR_6E_2026-09-09_T+1_1788903777295_7yo8,BOM-BLR,EaseMyTrip,6E,6E-5107,2026-09-09,T+1,17070,3747,20817,2026-09-08T21:22:20.627Z,FALSE,"",20:00,FALSE
fare_BOM-BLR_6E_2026-09-09_T+1_1788903777295_93nr,BOM-BLR,EaseMyTrip,6E,6E-6057,2026-09-09,T+1,17160,3767,20927,2026-09-08T21:22:20.627Z,FALSE,"",09:15,FALSE
fare_BOM-BLR_6E_2026-09-09_T+1_1788903777295_g46k,BOM-BLR,EaseMyTrip,6E,6E-5337,2026-09-09,T+1,17347,3808,21155,2026-09-08T21:22:20.627Z,FALSE,"",13:45,FALSE
fare_BOM-BLR_6E_2026-09-09_T+1_1788903777295_oap4,BOM-BLR,EaseMyTrip,6E,6E-5178,2026-09-09,T+1,17742,3894,21636,2026-09-08T21:22:20.627Z,FALSE,"",11:45,FALSE
fare_BOM-BLR_6E_2026-09-09_T+1_1788903777295_hh5x,BOM-BLR,EaseMyTrip,6E,6E-5048,2026-09-09,T+1,18619,4087,22706,2026-09-08T21:22:20.627Z,FALSE,"",17:25,FALSE
fare_BOM-BLR_AI_2026-09-09_T+1_1788903777295_e5ks,BOM-BLR,EaseMyTrip,AI,AI-2471,2026-09-09,T+1,19514,4283,23797,2026-09-08T21:22:20.627Z,FALSE,"",11:30,FALSE
fare_BOM-BLR_6E_2026-09-09_T+1_1788903777295_yx3c,BOM-BLR,EaseMyTrip,6E,6E-2237,2026-09-09,T+1,19354,4249,23603,2026-09-08T21:22:20.627Z,FALSE,"",18:40,FALSE
fare_BOM-BLR_AI_2026-09-09_T+1_1788903777295_sveg,BOM-BLR,EaseMyTrip,AI,AI-2531,2026-09-09,T+1,19851,4358,24209,2026-09-08T21:22:20.627Z,FALSE,"",15:05,FALSE
fare_BOM-BLR_AI_2026-09-09_T+1_1788903777295_dks5,BOM-BLR,EaseMyTrip,AI,AI-2663,2026-09-09,T+1,19988,4388,24376,2026-09-08T21:22:20.627Z,FALSE,"",10:25,FALSE
fare_BOM-BLR_AI_2026-09-09_T+1_1788903777295_0vuz,BOM-BLR,EaseMyTrip,AI,AI-2491,2026-09-09,T+1,20024,4395,24419,2026-09-08T21:22:20.627Z,FALSE,"",11:15,FALSE
fare_BOM-BLR_AI_2026-09-09_T+1_1788903777295_55wq,BOM-BLR,EaseMyTrip,AI,AI-2619,2026-09-09,T+1,20822,4571,25393,2026-09-08T21:22:20.627Z,FALSE,"",18:00,FALSE
fare_BOM-BLR_AI_2026-09-09_T+1_1788903777295_udjs,BOM-BLR,EaseMyTrip,AI,AI-2424,2026-09-09,T+1,22509,4941,27450,2026-09-08T21:22:20.627Z,FALSE,"",07:00,FALSE
fare_BOM-BLR_6E_2026-09-09_T+1_1788903777295_7kyb,BOM-BLR,EaseMyTrip,6E,6E-5318,2026-09-09,T+1,23424,5142,28566,2026-09-08T21:22:20.627Z,FALSE,"",10:15,FALSE
fare_BOM-BLR_AI_2026-09-09_T+1_1788903777295_5pam,BOM-BLR,EaseMyTrip,AI,AI-435,2026-09-09,T+1,24083,5286,29369,2026-09-08T21:22:20.627Z,FALSE,"",18:10,FALSE
fare_BOM-BLR_AI_2026-09-09_T+1_1788903777295_7uu6,BOM-BLR,EaseMyTrip,AI,AI-2625,2026-09-09,T+1,24124,5295,29419,2026-09-08T21:22:20.627Z,FALSE,"",06:00,FALSE
fare_BOM-BLR_AI_2026-09-09_T+1_1788903777295_dtsu,BOM-BLR,EaseMyTrip,AI,AI-2928,2026-09-09,T+1,28511,6259,34770,2026-09-08T21:22:20.627Z,TRUE,"High outlier: ₹34770 > upper fence ₹30406 (Q3: ₹16819, IQR: ₹9058)",06:30,FALSE
fare_BOM-BLR_QP_2026-10-08_T+30_1788903777295_hogr,BOM-BLR,EaseMyTrip,QP,QP-2001,2026-10-08,T+30,3727,818,4545,2026-09-08T21:22:40.382Z,FALSE,"",18:45,TRUE
fare_BOM-BLR_6E_2026-10-08_T+30_1788903777295_4m8d,BOM-BLR,EaseMyTrip,6E,6E-2085,2026-10-08,T+30,3972,872,4844,2026-09-08T21:22:40.382Z,FALSE,"",07:10,TRUE
fare_BOM-BLR_6E_2026-10-08_T+30_1788903777295_4ewg,BOM-BLR,EaseMyTrip,6E,6E-6029,2026-10-08,T+30,3972,872,4844,2026-09-08T21:22:40.382Z,FALSE,"",12:05,TRUE
fare_BOM-BLR_IX_2026-10-08_T+30_1788903777295_w8un,BOM-BLR,EaseMyTrip,IX,IX-1347,2026-10-08,T+30,4303,945,5248,2026-09-08T21:22:40.382Z,FALSE,"",06:20,TRUE
fare_BOM-BLR_QP_2026-10-08_T+30_1788903777295_nsjy,BOM-BLR,EaseMyTrip,QP,QP-1133,2026-10-08,T+30,4141,909,5050,2026-09-08T21:22:40.382Z,FALSE,"",20:05,TRUE
fare_BOM-BLR_QP_2026-10-08_T+30_1788903777295_bij0,BOM-BLR,EaseMyTrip,QP,QP-1149,2026-10-08,T+30,4141,909,5050,2026-09-08T21:22:40.382Z,FALSE,"",05:35,TRUE
fare_BOM-BLR_QP_2026-10-08_T+30_1788903777295_vfjj,BOM-BLR,EaseMyTrip,QP,QP-1518,2026-10-08,T+30,4141,909,5050,2026-09-08T21:22:40.382Z,FALSE,"",21:45,TRUE
fare_BOM-BLR_QP_2026-10-08_T+30_1788903777295_zftm,BOM-BLR,EaseMyTrip,QP,QP-1516,2026-10-08,T+30,4141,909,5050,2026-09-08T21:22:40.382Z,FALSE,"",00:40,TRUE
fare_BOM-BLR_QP_2026-10-08_T+30_1788903777295_ctvj,BOM-BLR,EaseMyTrip,QP,QP-1153,2026-10-08,T+30,4141,909,5050,2026-09-08T21:22:40.382Z,FALSE,"",09:30,TRUE
fare_BOM-BLR_6E_2026-10-08_T+30_1788903777295_8czy,BOM-BLR,EaseMyTrip,6E,6E-5323,2026-10-08,T+30,4141,909,5050,2026-09-08T21:22:40.382Z,FALSE,"",01:10,TRUE
fare_BOM-BLR_6E_2026-10-08_T+30_1788903777295_wii5,BOM-BLR,EaseMyTrip,6E,6E-5294,2026-10-08,T+30,4141,909,5050,2026-09-08T21:22:40.382Z,FALSE,"",04:30,TRUE
fare_BOM-BLR_AI_2026-10-08_T+30_1788903777295_hti5,BOM-BLR,EaseMyTrip,AI,AI-2812,2026-10-08,T+30,4314,947,5261,2026-09-08T21:22:40.382Z,FALSE,"",02:05,TRUE
fare_BOM-BLR_AI_2026-10-08_T+30_1788903777295_m7rr,BOM-BLR,EaseMyTrip,AI,AI-2845,2026-10-08,T+30,4440,975,5415,2026-09-08T21:22:40.382Z,FALSE,"",05:30,TRUE
fare_BOM-BLR_IX_2026-10-08_T+30_1788903777295_vcp9,BOM-BLR,EaseMyTrip,IX,IX-1242,2026-10-08,T+30,4745,1042,5787,2026-09-08T21:22:40.382Z,FALSE,"",16:30,FALSE
fare_BOM-BLR_6E_2026-10-08_T+30_1788903777295_qrra,BOM-BLR,EaseMyTrip,6E,6E-584,2026-10-08,T+30,4480,983,5463,2026-09-08T21:22:40.382Z,FALSE,"",12:30,FALSE
fare_BOM-BLR_6E_2026-10-08_T+30_1788903777295_18wr,BOM-BLR,EaseMyTrip,6E,6E-775,2026-10-08,T+30,4480,983,5463,2026-09-08T21:22:40.382Z,FALSE,"",12:30,FALSE
fare_BOM-BLR_6E_2026-10-08_T+30_1788903777295_832j,BOM-BLR,EaseMyTrip,6E,6E-5196,2026-10-08,T+30,4480,983,5463,2026-09-08T21:22:40.382Z,FALSE,"",15:25,FALSE
fare_BOM-BLR_6E_2026-10-08_T+30_1788903777295_d5xl,BOM-BLR,EaseMyTrip,6E,6E-450,2026-10-08,T+30,4480,983,5463,2026-09-08T21:22:40.382Z,FALSE,"",04:05,FALSE
fare_BOM-BLR_6E_2026-10-08_T+30_1788903777295_dmaf,BOM-BLR,EaseMyTrip,6E,6E-950,2026-10-08,T+30,4480,983,5463,2026-09-08T21:22:40.382Z,FALSE,"",04:05,FALSE
fare_BOM-BLR_6E_2026-10-08_T+30_1788903777295_gjrz,BOM-BLR,EaseMyTrip,6E,6E-5337,2026-10-08,T+30,4480,983,5463,2026-09-08T21:22:40.382Z,FALSE,"",13:45,FALSE
fare_BOM-BLR_6E_2026-10-08_T+30_1788903777295_8abd,BOM-BLR,EaseMyTrip,6E,6E-597,2026-10-08,T+30,4480,983,5463,2026-09-08T21:22:40.382Z,FALSE,"",17:10,FALSE
fare_BOM-BLR_6E_2026-10-08_T+30_1788903777295_n7xj,BOM-BLR,EaseMyTrip,6E,6E-987,2026-10-08,T+30,4480,983,5463,2026-09-08T21:22:40.382Z,FALSE,"",17:10,FALSE
fare_BOM-BLR_6E_2026-10-08_T+30_1788903777295_utu3,BOM-BLR,EaseMyTrip,6E,6E-5048,2026-10-08,T+30,4480,983,5463,2026-09-08T21:22:40.382Z,FALSE,"",17:25,FALSE
fare_BOM-BLR_6E_2026-10-08_T+30_1788903777295_s9r4,BOM-BLR,EaseMyTrip,6E,6E-6349,2026-10-08,T+30,4480,983,5463,2026-09-08T21:22:40.382Z,FALSE,"",11:40,FALSE
fare_BOM-BLR_6E_2026-10-08_T+30_1788903777295_yijv,BOM-BLR,EaseMyTrip,6E,6E-866,2026-10-08,T+30,4480,983,5463,2026-09-08T21:22:40.382Z,FALSE,"",01:30,FALSE
fare_BOM-BLR_6E_2026-10-08_T+30_1788903777295_ov5s,BOM-BLR,EaseMyTrip,6E,6E-579,2026-10-08,T+30,4480,983,5463,2026-09-08T21:22:40.382Z,FALSE,"",01:30,FALSE
fare_BOM-BLR_6E_2026-10-08_T+30_1788903777295_aurj,BOM-BLR,EaseMyTrip,6E,6E-6701,2026-10-08,T+30,4480,983,5463,2026-09-08T21:22:40.382Z,FALSE,"",05:35,FALSE
fare_BOM-BLR_6E_2026-10-08_T+30_1788903777295_rlp4,BOM-BLR,EaseMyTrip,6E,6E-5188,2026-10-08,T+30,4480,983,5463,2026-09-08T21:22:40.382Z,FALSE,"",06:15,FALSE
fare_BOM-BLR_6E_2026-10-08_T+30_1788903777295_o6rv,BOM-BLR,EaseMyTrip,6E,6E-5313,2026-10-08,T+30,4480,983,5463,2026-09-08T21:22:40.382Z,FALSE,"",09:50,FALSE
fare_BOM-BLR_6E_2026-10-08_T+30_1788903777295_p2zu,BOM-BLR,EaseMyTrip,6E,6E-669,2026-10-08,T+30,4480,983,5463,2026-09-08T21:22:40.382Z,FALSE,"",15:45,FALSE
fare_BOM-BLR_6E_2026-10-08_T+30_1788903777295_gv8f,BOM-BLR,EaseMyTrip,6E,6E-115,2026-10-08,T+30,4480,983,5463,2026-09-08T21:22:40.382Z,FALSE,"",15:45,FALSE
fare_BOM-BLR_6E_2026-10-08_T+30_1788903777295_ubjn,BOM-BLR,EaseMyTrip,6E,6E-2284,2026-10-08,T+30,4480,983,5463,2026-09-08T21:22:40.382Z,FALSE,"",12:05,FALSE
fare_BOM-BLR_6E_2026-10-08_T+30_1788903777295_rb5q,BOM-BLR,EaseMyTrip,6E,6E-5109,2026-10-08,T+30,4480,983,5463,2026-09-08T21:22:40.382Z,FALSE,"",09:35,FALSE
fare_BOM-BLR_6E_2026-10-08_T+30_1788903777295_vylk,BOM-BLR,EaseMyTrip,6E,6E-975,2026-10-08,T+30,4480,983,5463,2026-09-08T21:22:40.382Z,FALSE,"",04:05,FALSE
fare_BOM-BLR_6E_2026-10-08_T+30_1788903777295_glli,BOM-BLR,EaseMyTrip,6E,6E-446,2026-10-08,T+30,4480,983,5463,2026-09-08T21:22:40.382Z,FALSE,"",04:05,FALSE
fare_BOM-BLR_6E_2026-10-08_T+30_1788903777295_wi9k,BOM-BLR,EaseMyTrip,6E,6E-380,2026-10-08,T+30,4547,998,5545,2026-09-08T21:22:40.382Z,FALSE,"",10:40,FALSE
fare_BOM-BLR_6E_2026-10-08_T+30_1788903777295_gbzm,BOM-BLR,EaseMyTrip,6E,6E-152,2026-10-08,T+30,4547,998,5545,2026-09-08T21:22:40.382Z,FALSE,"",10:40,FALSE
fare_BOM-BLR_6E_2026-10-08_T+30_1788903777295_uf8b,BOM-BLR,EaseMyTrip,6E,6E-239,2026-10-08,T+30,4547,998,5545,2026-09-08T21:22:40.382Z,FALSE,"",10:40,FALSE
fare_BOM-BLR_6E_2026-10-08_T+30_1788903777295_i4bh,BOM-BLR,EaseMyTrip,6E,6E-381,2026-10-08,T+30,4547,998,5545,2026-09-08T21:22:40.382Z,FALSE,"",10:40,FALSE
fare_BOM-BLR_6E_2026-10-08_T+30_1788903777295_3vvv,BOM-BLR,EaseMyTrip,6E,6E-5181,2026-10-08,T+30,4587,1007,5594,2026-09-08T21:22:40.382Z,FALSE,"",10:25,FALSE
fare_BOM-BLR_6E_2026-10-08_T+30_1788903777295_k7p6,BOM-BLR,EaseMyTrip,6E,6E-5228,2026-10-08,T+30,4617,1013,5630,2026-09-08T21:22:40.382Z,FALSE,"",16:45,FALSE
fare_BOM-BLR_6E_2026-10-08_T+30_1788903777295_v1ih,BOM-BLR,EaseMyTrip,6E,6E-6057,2026-10-08,T+30,4617,1013,5630,2026-09-08T21:22:40.382Z,FALSE,"",09:15,FALSE
fare_BOM-BLR_6E_2026-10-08_T+30_1788903777295_dj93,BOM-BLR,EaseMyTrip,6E,6E-5318,2026-10-08,T+30,4617,1013,5630,2026-09-08T21:22:40.382Z,FALSE,"",10:15,FALSE
fare_BOM-BLR_6E_2026-10-08_T+30_1788903777295_ycxh,BOM-BLR,EaseMyTrip,6E,6E-5386,2026-10-08,T+30,4617,1013,5630,2026-09-08T21:22:40.382Z,FALSE,"",15:10,FALSE
fare_BOM-BLR_6E_2026-10-08_T+30_1788903777295_8aah,BOM-BLR,EaseMyTrip,6E,6E-5241,2026-10-08,T+30,4849,1064,5913,2026-09-08T21:22:40.382Z,FALSE,"",16:40,FALSE
fare_BOM-BLR_6E_2026-10-08_T+30_1788903777295_ljt5,BOM-BLR,EaseMyTrip,6E,6E-5179,2026-10-08,T+30,4957,1088,6045,2026-09-08T21:22:40.382Z,FALSE,"",02:45,FALSE
fare_BOM-BLR_6E_2026-10-08_T+30_1788903777295_dus3,BOM-BLR,EaseMyTrip,6E,6E-5178,2026-10-08,T+30,4957,1088,6045,2026-09-08T21:22:40.382Z,FALSE,"",11:45,FALSE
fare_BOM-BLR_6E_2026-10-08_T+30_1788903777295_heu2,BOM-BLR,EaseMyTrip,6E,6E-7037,2026-10-08,T+30,5058,1110,6168,2026-09-08T21:22:40.382Z,FALSE,"",11:05,FALSE
fare_BOM-BLR_6E_2026-10-08_T+30_1788903777295_gayd,BOM-BLR,EaseMyTrip,6E,6E-2016,2026-10-08,T+30,5129,1126,6255,2026-09-08T21:22:40.382Z,FALSE,"",13:35,FALSE
fare_BOM-BLR_6E_2026-10-08_T+30_1788903777295_sm01,BOM-BLR,EaseMyTrip,6E,6E-5082,2026-10-08,T+30,5223,1146,6369,2026-09-08T21:22:40.382Z,FALSE,"",18:05,FALSE
fare_BOM-BLR_6E_2026-10-08_T+30_1788903777295_sb16,BOM-BLR,EaseMyTrip,6E,6E-963,2026-10-08,T+30,5223,1146,6369,2026-09-08T21:22:40.382Z,FALSE,"",11:20,FALSE
fare_BOM-BLR_6E_2026-10-08_T+30_1788903777295_5dxp,BOM-BLR,EaseMyTrip,6E,6E-503,2026-10-08,T+30,5223,1146,6369,2026-09-08T21:22:40.382Z,FALSE,"",11:20,FALSE
fare_BOM-BLR_IX_2026-10-08_T+30_1788903777295_bkrn,BOM-BLR,EaseMyTrip,IX,IX-1238,2026-10-08,T+30,5535,1215,6750,2026-09-08T21:22:40.382Z,FALSE,"",12:25,FALSE
fare_BOM-BLR_6E_2026-10-08_T+30_1788903777295_lyim,BOM-BLR,EaseMyTrip,6E,6E-6361,2026-10-08,T+30,5414,1188,6602,2026-09-08T21:22:40.382Z,FALSE,"",05:00,FALSE
fare_BOM-BLR_AI_2026-10-08_T+30_1788903777295_mmje,BOM-BLR,EaseMyTrip,AI,AI-2857,2026-10-08,T+30,5686,1248,6934,2026-09-08T21:22:40.382Z,FALSE,"",23:30,TRUE
fare_BOM-BLR_IX_2026-10-08_T+30_1788903777295_tf32,BOM-BLR,EaseMyTrip,IX,IX-5986,2026-10-08,T+30,6049,1328,7377,2026-09-08T21:22:40.382Z,FALSE,"",08:40,TRUE
fare_BOM-BLR_6E_2026-10-08_T+30_1788903777295_qgz9,BOM-BLR,EaseMyTrip,6E,6E-5032,2026-10-08,T+30,5791,1271,7062,2026-09-08T21:22:40.382Z,FALSE,"",19:50,TRUE
fare_BOM-BLR_6E_2026-10-08_T+30_1788903777295_w9zm,BOM-BLR,EaseMyTrip,6E,6E-5071,2026-10-08,T+30,5791,1271,7062,2026-09-08T21:22:40.382Z,FALSE,"",15:35,TRUE
fare_BOM-BLR_6E_2026-10-08_T+30_1788903777295_nxru,BOM-BLR,EaseMyTrip,6E,6E-5382,2026-10-08,T+30,5791,1271,7062,2026-09-08T21:22:40.382Z,FALSE,"",14:30,TRUE
fare_BOM-BLR_6E_2026-10-08_T+30_1788903777295_l4qd,BOM-BLR,EaseMyTrip,6E,6E-5184,2026-10-08,T+30,5791,1271,7062,2026-09-08T21:22:40.382Z,FALSE,"",12:30,TRUE
fare_BOM-BLR_6E_2026-10-08_T+30_1788903777295_0vxb,BOM-BLR,EaseMyTrip,6E,6E-5221,2026-10-08,T+30,5791,1271,7062,2026-09-08T21:22:40.382Z,FALSE,"",17:00,TRUE
fare_BOM-BLR_6E_2026-10-08_T+30_1788903777295_cee0,BOM-BLR,EaseMyTrip,6E,6E-5217,2026-10-08,T+30,5791,1271,7062,2026-09-08T21:22:40.382Z,FALSE,"",11:00,TRUE
fare_BOM-BLR_6E_2026-10-08_T+30_1788903777295_b8gv,BOM-BLR,EaseMyTrip,6E,6E-5296,2026-10-08,T+30,5791,1271,7062,2026-09-08T21:22:40.382Z,FALSE,"",06:15,TRUE
fare_BOM-BLR_6E_2026-10-08_T+30_1788903777295_wslt,BOM-BLR,EaseMyTrip,6E,6E-5388,2026-10-08,T+30,5791,1271,7062,2026-09-08T21:22:40.382Z,FALSE,"",22:20,TRUE
fare_BOM-BLR_6E_2026-10-08_T+30_1788903777295_1slg,BOM-BLR,EaseMyTrip,6E,6E-5092,2026-10-08,T+30,5791,1271,7062,2026-09-08T21:22:40.382Z,FALSE,"",09:50,TRUE
fare_BOM-BLR_6E_2026-10-08_T+30_1788903777295_55zk,BOM-BLR,EaseMyTrip,6E,6E-5193,2026-10-08,T+30,5791,1271,7062,2026-09-08T21:22:40.382Z,FALSE,"",07:45,TRUE
fare_BOM-BLR_6E_2026-10-08_T+30_1788903777295_sbm6,BOM-BLR,EaseMyTrip,6E,6E-7077,2026-10-08,T+30,5804,1274,7078,2026-09-08T21:22:40.382Z,FALSE,"",13:15,FALSE
fare_BOM-BLR_6E_2026-10-08_T+30_1788903777295_50ve,BOM-BLR,EaseMyTrip,6E,6E-5126,2026-10-08,T+30,5912,1298,7210,2026-09-08T21:22:40.382Z,FALSE,"",18:15,FALSE
fare_BOM-BLR_6E_2026-10-08_T+30_1788903777295_t0os,BOM-BLR,EaseMyTrip,6E,6E-6188,2026-10-08,T+30,6049,1328,7377,2026-09-08T21:22:40.382Z,FALSE,"",21:30,TRUE
fare_BOM-BLR_6E_2026-10-08_T+30_1788903777295_5yov,BOM-BLR,EaseMyTrip,6E,6E-5047,2026-10-08,T+30,6049,1328,7377,2026-09-08T21:22:40.382Z,FALSE,"",18:30,TRUE
fare_BOM-BLR_6E_2026-10-08_T+30_1788903777295_2zfo,BOM-BLR,EaseMyTrip,6E,6E-501,2026-10-08,T+30,6084,1336,7420,2026-09-08T21:22:40.382Z,FALSE,"",13:55,FALSE
fare_BOM-BLR_6E_2026-10-08_T+30_1788903777295_rlum,BOM-BLR,EaseMyTrip,6E,6E-451,2026-10-08,T+30,6084,1336,7420,2026-09-08T21:22:40.382Z,FALSE,"",13:55,FALSE
fare_BOM-BLR_AI_2026-10-08_T+30_1788903777295_e9ky,BOM-BLR,EaseMyTrip,AI,AI-2401,2026-10-08,T+30,6346,1393,7739,2026-09-08T21:22:40.382Z,FALSE,"",20:45,TRUE
fare_BOM-BLR_AI_2026-10-08_T+30_1788903777295_pvak,BOM-BLR,EaseMyTrip,AI,AI-2865,2026-10-08,T+30,6348,1394,7742,2026-09-08T21:22:40.382Z,FALSE,"",19:45,TRUE
fare_BOM-BLR_AI_2026-10-08_T+30_1788903777295_hck6,BOM-BLR,EaseMyTrip,AI,AI-2853,2026-10-08,T+30,6348,1394,7742,2026-09-08T21:22:40.382Z,FALSE,"",15:25,TRUE
fare_BOM-BLR_IX_2026-10-08_T+30_1788903777295_lcjy,BOM-BLR,EaseMyTrip,IX,IX-1810,2026-10-08,T+30,6697,1470,8167,2026-09-08T21:22:40.382Z,FALSE,"",13:40,FALSE
fare_BOM-BLR_IX_2026-10-08_T+30_1788903777295_5lo6,BOM-BLR,EaseMyTrip,IX,IX-1797,2026-10-08,T+30,6697,1470,8167,2026-09-08T21:22:40.382Z,FALSE,"",05:05,FALSE
fare_BOM-BLR_IX_2026-10-08_T+30_1788903777295_a8lu,BOM-BLR,EaseMyTrip,IX,IX-1801,2026-10-08,T+30,6697,1470,8167,2026-09-08T21:22:40.382Z,FALSE,"",20:20,FALSE
fare_BOM-BLR_AI_2026-10-08_T+30_1788903777295_465o,BOM-BLR,EaseMyTrip,AI,AI-2603,2026-10-08,T+30,6563,1441,8004,2026-09-08T21:22:40.382Z,FALSE,"",06:35,TRUE
fare_BOM-BLR_AI_2026-10-08_T+30_1788903777295_2rjj,BOM-BLR,EaseMyTrip,AI,AI-2849,2026-10-08,T+30,6563,1441,8004,2026-09-08T21:22:40.382Z,FALSE,"",17:30,TRUE
fare_BOM-BLR_AI_2026-10-08_T+30_1788903777295_swn8,BOM-BLR,EaseMyTrip,AI,AI-2863,2026-10-08,T+30,6563,1441,8004,2026-09-08T21:22:40.382Z,FALSE,"",10:00,TRUE
fare_BOM-BLR_AI_2026-10-08_T+30_1788903777295_8ev8,BOM-BLR,EaseMyTrip,AI,AI-2632,2026-10-08,T+30,6607,1450,8057,2026-09-08T21:22:40.382Z,FALSE,"",12:00,TRUE
fare_BOM-BLR_AI_2026-10-08_T+30_1788903777295_xphz,BOM-BLR,EaseMyTrip,AI,AI-2851,2026-10-08,T+30,6672,1464,8136,2026-09-08T21:22:40.382Z,FALSE,"",07:55,TRUE
fare_BOM-BLR_AI_2026-10-08_T+30_1788903777295_tnmi,BOM-BLR,EaseMyTrip,AI,AI-2641,2026-10-08,T+30,6672,1464,8136,2026-09-08T21:22:40.382Z,FALSE,"",18:30,TRUE
fare_BOM-BLR_6E_2026-10-08_T+30_1788903777295_xl5r,BOM-BLR,EaseMyTrip,6E,6E-5107,2026-10-08,T+30,6860,1506,8366,2026-09-08T21:22:40.382Z,FALSE,"",20:00,FALSE
fare_BOM-BLR_6E_2026-10-08_T+30_1788903777295_vr1w,BOM-BLR,EaseMyTrip,6E,6E-2237,2026-10-08,T+30,6860,1506,8366,2026-09-08T21:22:40.382Z,FALSE,"",18:40,FALSE
fare_BOM-BLR_6E_2026-10-08_T+30_1788903777295_7vh3,BOM-BLR,EaseMyTrip,6E,6E-6674,2026-10-08,T+30,7233,1588,8821,2026-09-08T21:22:40.382Z,FALSE,"",09:05,FALSE
fare_BOM-BLR_6E_2026-10-08_T+30_1788903777295_10z5,BOM-BLR,EaseMyTrip,6E,6E-635,2026-10-08,T+30,7405,1626,9031,2026-09-08T21:22:40.382Z,FALSE,"",04:00,FALSE
fare_BOM-BLR_6E_2026-10-08_T+30_1788903777295_o4o4,BOM-BLR,EaseMyTrip,6E,6E-157,2026-10-08,T+30,7405,1626,9031,2026-09-08T21:22:40.382Z,FALSE,"",04:00,FALSE
fare_BOM-BLR_AI_2026-10-08_T+30_1788903777295_a10z,BOM-BLR,EaseMyTrip,AI,AI-2869,2026-10-08,T+30,8513,1869,10382,2026-09-08T21:22:40.382Z,FALSE,"",21:25,FALSE
fare_BOM-BLR_AI_2026-10-08_T+30_1788903777295_tx0x,BOM-BLR,EaseMyTrip,AI,AI-2875,2026-10-08,T+30,8513,1869,10382,2026-09-08T21:22:40.382Z,FALSE,"",19:35,FALSE
fare_BOM-BLR_AI_2026-10-08_T+30_1788903777295_rfuo,BOM-BLR,EaseMyTrip,AI,AI-2619,2026-10-08,T+30,8602,1888,10490,2026-09-08T21:22:40.382Z,FALSE,"",18:00,FALSE
fare_BOM-BLR_AI_2026-10-08_T+30_1788903777295_yvcn,BOM-BLR,EaseMyTrip,AI,AI-2531,2026-10-08,T+30,8912,1956,10868,2026-09-08T21:22:40.382Z,FALSE,"",15:05,FALSE
fare_BOM-BLR_AI_2026-10-08_T+30_1788903777295_cdw4,BOM-BLR,EaseMyTrip,AI,AI-2444,2026-10-08,T+30,8914,1957,10871,2026-09-08T21:22:40.382Z,FALSE,"",10:50,FALSE
fare_BOM-BLR_AI_2026-10-08_T+30_1788903777295_ixal,BOM-BLR,EaseMyTrip,AI,AI-2625,2026-10-08,T+30,8914,1957,10871,2026-09-08T21:22:40.382Z,FALSE,"",06:00,FALSE
fare_BOM-BLR_AI_2026-10-08_T+30_1788903777295_hq8n,BOM-BLR,EaseMyTrip,AI,AI-603,2026-10-08,T+30,9499,2085,11584,2026-09-08T21:22:40.382Z,FALSE,"",05:10,FALSE
fare_BOM-BLR_AI_2026-10-08_T+30_1788903777295_9mjp,BOM-BLR,EaseMyTrip,AI,AI-639,2026-10-08,T+30,9538,2094,11632,2026-09-08T21:22:40.382Z,FALSE,"",22:55,FALSE
fare_BOM-BLR_AI_2026-10-08_T+30_1788903777295_atqj,BOM-BLR,EaseMyTrip,AI,AI-2827,2026-10-08,T+30,9538,2094,11632,2026-09-08T21:22:40.382Z,FALSE,"",20:30,FALSE
fare_BOM-BLR_AI_2026-10-08_T+30_1788903777295_cbxm,BOM-BLR,EaseMyTrip,AI,AI-2739,2026-10-08,T+30,9685,2126,11811,2026-09-08T21:22:40.382Z,FALSE,"",09:00,FALSE
fare_BOM-BLR_AI_2026-10-08_T+30_1788903777295_amfq,BOM-BLR,EaseMyTrip,AI,AI-435,2026-10-08,T+30,10034,2202,12236,2026-09-08T21:22:40.382Z,TRUE,"High outlier: ₹12236 > upper fence ₹12223 (Q3: ₹8167, IQR: ₹2704)",18:10,FALSE
fare_BOM-BLR_AI_2026-10-08_T+30_1788903777295_iso5,BOM-BLR,EaseMyTrip,AI,AI-2787,2026-10-08,T+30,10097,2217,12314,2026-09-08T21:22:40.382Z,TRUE,"High outlier: ₹12314 > upper fence ₹12223 (Q3: ₹8167, IQR: ₹2704)",06:35,FALSE
fare_BOM-BLR_AI_2026-10-08_T+30_1788903777295_f0ay,BOM-BLR,EaseMyTrip,AI,AI-2821,2026-10-08,T+30,10138,2225,12363,2026-09-08T21:22:40.382Z,TRUE,"High outlier: ₹12363 > upper fence ₹12223 (Q3: ₹8167, IQR: ₹2704)",06:40,FALSE
fare_BOM-BLR_AI_2026-10-08_T+30_1788903777295_foae,BOM-BLR,EaseMyTrip,AI,AI-2855,2026-10-08,T+30,10258,2252,12510,2026-09-08T21:22:40.382Z,TRUE,"High outlier: ₹12510 > upper fence ₹12223 (Q3: ₹8167, IQR: ₹2704)",10:00,FALSE
fare_BOM-BLR_AI_2026-10-08_T+30_1788903777295_unir,BOM-BLR,EaseMyTrip,AI,AI-2841,2026-10-08,T+30,12738,2796,15534,2026-09-08T21:22:40.382Z,TRUE,"High outlier: ₹15534 > upper fence ₹12223 (Q3: ₹8167, IQR: ₹2704)",11:20,FALSE
fare_BOM-BLR_AI_2026-10-08_T+30_1788903777295_miyd,BOM-BLR,EaseMyTrip,AI,AI-816,2026-10-08,T+30,13400,2942,16342,2026-09-08T21:22:40.382Z,TRUE,"High outlier: ₹16342 > upper fence ₹12223 (Q3: ₹8167, IQR: ₹2704)",21:00,FALSE
fare_BOM-BLR_AI_2026-10-08_T+30_1788903777295_qn40,BOM-BLR,EaseMyTrip,AI,AI-2988,2026-10-08,T+30,13573,2979,16552,2026-09-08T21:22:40.382Z,TRUE,"High outlier: ₹16552 > upper fence ₹12223 (Q3: ₹8167, IQR: ₹2704)",20:30,FALSE
fare_BOM-BLR_AI_2026-10-08_T+30_1788903777295_s7ph,BOM-BLR,EaseMyTrip,AI,AI-2471,2026-10-08,T+30,15458,3393,18851,2026-09-08T21:22:40.382Z,TRUE,"High outlier: ₹18851 > upper fence ₹12223 (Q3: ₹8167, IQR: ₹2704)",11:30,FALSE
fare_BOM-BLR_AI_2026-10-08_T+30_1788903777295_q5ey,BOM-BLR,EaseMyTrip,AI,AI-2741,2026-10-08,T+30,16813,3691,20504,2026-09-08T21:22:40.382Z,TRUE,"High outlier: ₹20504 > upper fence ₹12223 (Q3: ₹8167, IQR: ₹2704)",07:40,FALSE
fare_BOM-BLR_AI_2026-10-08_T+30_1788903777295_p4sv,BOM-BLR,EaseMyTrip,AI,AI-2663,2026-10-08,T+30,16975,3726,20701,2026-09-08T21:22:40.382Z,TRUE,"High outlier: ₹20701 > upper fence ₹12223 (Q3: ₹8167, IQR: ₹2704)",10:25,FALSE
fare_BOM-BLR_AI_2026-09-15_T+7_1788903777296_kh1n,BOM-BLR,EaseMyTrip,AI,AI-2857,2026-09-15,T+7,4314,947,5261,2026-09-08T21:22:27.490Z,FALSE,"",23:30,TRUE
fare_BOM-BLR_IX_2026-09-15_T+7_1788903777296_mw9q,BOM-BLR,EaseMyTrip,IX,IX-1347,2026-09-15,T+7,4562,1002,5564,2026-09-08T21:22:27.490Z,FALSE,"",06:00,TRUE
fare_BOM-BLR_QP_2026-09-15_T+7_1788903777296_7fxu,BOM-BLR,EaseMyTrip,QP,QP-1518,2026-09-15,T+7,4474,982,5456,2026-09-08T21:22:27.490Z,FALSE,"",21:45,TRUE
fare_BOM-BLR_QP_2026-09-15_T+7_1788903777296_80t3,BOM-BLR,EaseMyTrip,QP,QP-1516,2026-09-15,T+7,4652,1021,5673,2026-09-08T21:22:27.490Z,FALSE,"",00:35,TRUE
fare_BOM-BLR_6E_2026-09-15_T+7_1788903777296_9h8m,BOM-BLR,EaseMyTrip,6E,6E-5323,2026-09-15,T+7,4795,1053,5848,2026-09-08T21:22:27.490Z,FALSE,"",01:10,TRUE
fare_BOM-BLR_IX_2026-09-15_T+7_1788903777296_amp4,BOM-BLR,EaseMyTrip,IX,IX-1027,2026-09-15,T+7,5125,1125,6250,2026-09-08T21:22:27.490Z,FALSE,"",12:00,FALSE
fare_BOM-BLR_AI_2026-09-15_T+7_1788903777296_ji59,BOM-BLR,EaseMyTrip,AI,AI-2812,2026-09-15,T+7,5335,1171,6506,2026-09-08T21:22:27.490Z,FALSE,"",02:05,TRUE
fare_BOM-BLR_6E_2026-09-15_T+7_1788903777296_1bcw,BOM-BLR,EaseMyTrip,6E,6E-6029,2026-09-15,T+7,5214,1144,6358,2026-09-08T21:22:27.490Z,FALSE,"",11:25,TRUE
fare_BOM-BLR_QP_2026-09-15_T+7_1788903777296_q4zl,BOM-BLR,EaseMyTrip,QP,QP-1382,2026-09-15,T+7,5448,1196,6644,2026-09-08T21:22:27.490Z,FALSE,"",18:25,TRUE
fare_BOM-BLR_IX_2026-09-15_T+7_1788903777296_0ilr,BOM-BLR,EaseMyTrip,IX,IX-1801,2026-09-15,T+7,6089,1336,7425,2026-09-08T21:22:27.490Z,FALSE,"",20:20,FALSE
fare_BOM-BLR_6E_2026-09-15_T+7_1788903777296_hcnx,BOM-BLR,EaseMyTrip,6E,6E-6188,2026-09-15,T+7,5791,1271,7062,2026-09-08T21:22:27.490Z,FALSE,"",21:30,TRUE
fare_BOM-BLR_6E_2026-09-15_T+7_1788903777296_8kcn,BOM-BLR,EaseMyTrip,6E,6E-5382,2026-09-15,T+7,5791,1271,7062,2026-09-08T21:22:27.490Z,FALSE,"",14:30,TRUE
fare_BOM-BLR_6E_2026-09-15_T+7_1788903777296_3v34,BOM-BLR,EaseMyTrip,6E,6E-5184,2026-09-15,T+7,5791,1271,7062,2026-09-08T21:22:27.490Z,FALSE,"",12:30,TRUE
fare_BOM-BLR_6E_2026-09-15_T+7_1788903777296_pv5s,BOM-BLR,EaseMyTrip,6E,6E-5217,2026-09-15,T+7,5791,1271,7062,2026-09-08T21:22:27.490Z,FALSE,"",11:00,TRUE
fare_BOM-BLR_6E_2026-09-15_T+7_1788903777296_x0sv,BOM-BLR,EaseMyTrip,6E,6E-5296,2026-09-15,T+7,5791,1271,7062,2026-09-08T21:22:27.490Z,FALSE,"",06:30,TRUE
fare_BOM-BLR_6E_2026-09-15_T+7_1788903777296_yjbz,BOM-BLR,EaseMyTrip,6E,6E-5388,2026-09-15,T+7,5791,1271,7062,2026-09-08T21:22:27.490Z,FALSE,"",22:20,TRUE
fare_BOM-BLR_QP_2026-09-15_T+7_1788903777296_epv9,BOM-BLR,EaseMyTrip,QP,QP-1131,2026-09-15,T+7,5903,1296,7199,2026-09-08T21:22:27.490Z,FALSE,"",10:15,TRUE
fare_BOM-BLR_6E_2026-09-15_T+7_1788903777296_jbqw,BOM-BLR,EaseMyTrip,6E,6E-5241,2026-09-15,T+7,5939,1304,7243,2026-09-08T21:22:27.490Z,FALSE,"",16:40,FALSE
fare_BOM-BLR_6E_2026-09-15_T+7_1788903777296_kuk5,BOM-BLR,EaseMyTrip,6E,6E-6361,2026-09-15,T+7,5939,1304,7243,2026-09-08T21:22:27.490Z,FALSE,"",05:00,FALSE
fare_BOM-BLR_6E_2026-09-15_T+7_1788903777296_zrwr,BOM-BLR,EaseMyTrip,6E,6E-324,2026-09-15,T+7,5939,1304,7243,2026-09-08T21:22:27.490Z,FALSE,"",11:20,FALSE
fare_BOM-BLR_6E_2026-09-15_T+7_1788903777296_70a2,BOM-BLR,EaseMyTrip,6E,6E-194,2026-09-15,T+7,5939,1304,7243,2026-09-08T21:22:27.490Z,FALSE,"",11:20,FALSE
fare_BOM-BLR_6E_2026-09-15_T+7_1788903777296_s4qb,BOM-BLR,EaseMyTrip,6E,6E-419,2026-09-15,T+7,5939,1304,7243,2026-09-08T21:22:27.490Z,FALSE,"",13:55,FALSE
fare_BOM-BLR_6E_2026-09-15_T+7_1788903777296_tydz,BOM-BLR,EaseMyTrip,6E,6E-265,2026-09-15,T+7,5939,1304,7243,2026-09-08T21:22:27.490Z,FALSE,"",13:55,FALSE
fare_BOM-BLR_6E_2026-09-15_T+7_1788903777296_e2w6,BOM-BLR,EaseMyTrip,6E,6E-5386,2026-09-15,T+7,6047,1327,7374,2026-09-08T21:22:27.490Z,FALSE,"",15:10,FALSE
fare_BOM-BLR_6E_2026-09-15_T+7_1788903777296_dv7l,BOM-BLR,EaseMyTrip,6E,6E-5228,2026-09-15,T+7,6047,1327,7374,2026-09-08T21:22:27.490Z,FALSE,"",16:45,FALSE
fare_BOM-BLR_6E_2026-09-15_T+7_1788903777296_rkas,BOM-BLR,EaseMyTrip,6E,6E-700,2026-09-15,T+7,6047,1327,7374,2026-09-08T21:22:27.490Z,FALSE,"",12:30,FALSE
fare_BOM-BLR_6E_2026-09-15_T+7_1788903777296_sfw2,BOM-BLR,EaseMyTrip,6E,6E-468,2026-09-15,T+7,6047,1327,7374,2026-09-08T21:22:27.490Z,FALSE,"",12:30,FALSE
fare_BOM-BLR_6E_2026-09-15_T+7_1788903777296_grsv,BOM-BLR,EaseMyTrip,6E,6E-818,2026-09-15,T+7,6047,1327,7374,2026-09-08T21:22:27.490Z,FALSE,"",12:30,FALSE
fare_BOM-BLR_6E_2026-09-15_T+7_1788903777296_7ips,BOM-BLR,EaseMyTrip,6E,6E-978,2026-09-15,T+7,6047,1327,7374,2026-09-08T21:22:27.490Z,FALSE,"",12:30,FALSE
fare_BOM-BLR_6E_2026-09-15_T+7_1788903777296_yy9h,BOM-BLR,EaseMyTrip,6E,6E-5071,2026-09-15,T+7,6049,1328,7377,2026-09-08T21:22:27.490Z,FALSE,"",15:35,TRUE
fare_BOM-BLR_6E_2026-09-15_T+7_1788903777296_ybvj,BOM-BLR,EaseMyTrip,6E,6E-5221,2026-09-15,T+7,6049,1328,7377,2026-09-08T21:22:27.490Z,FALSE,"",17:00,TRUE
fare_BOM-BLR_QP_2026-09-15_T+7_1788903777296_05kz,BOM-BLR,EaseMyTrip,QP,QP-1149,2026-09-15,T+7,6146,1349,7495,2026-09-08T21:22:27.490Z,FALSE,"",05:30,TRUE
fare_BOM-BLR_AI_2026-09-15_T+7_1788903777296_cb41,BOM-BLR,EaseMyTrip,AI,AI-2865,2026-09-15,T+7,6348,1394,7742,2026-09-08T21:22:27.490Z,FALSE,"",19:45,TRUE
fare_BOM-BLR_AI_2026-09-15_T+7_1788903777296_tcav,BOM-BLR,EaseMyTrip,AI,AI-2853,2026-09-15,T+7,6348,1394,7742,2026-09-08T21:22:27.490Z,FALSE,"",15:25,TRUE
fare_BOM-BLR_6E_2026-09-15_T+7_1788903777296_qi37,BOM-BLR,EaseMyTrip,6E,6E-312,2026-09-15,T+7,6203,1362,7565,2026-09-08T21:22:27.490Z,FALSE,"",10:40,FALSE
fare_BOM-BLR_6E_2026-09-15_T+7_1788903777296_vilh,BOM-BLR,EaseMyTrip,6E,6E-429,2026-09-15,T+7,6203,1362,7565,2026-09-08T21:22:27.490Z,FALSE,"",10:40,FALSE
fare_BOM-BLR_6E_2026-09-15_T+7_1788903777296_ykcn,BOM-BLR,EaseMyTrip,6E,6E-957,2026-09-15,T+7,6219,1365,7584,2026-09-08T21:22:27.490Z,FALSE,"",17:10,FALSE
fare_BOM-BLR_6E_2026-09-15_T+7_1788903777296_uiwu,BOM-BLR,EaseMyTrip,6E,6E-239,2026-09-15,T+7,6219,1365,7584,2026-09-08T21:22:27.490Z,FALSE,"",17:10,FALSE
fare_BOM-BLR_6E_2026-09-15_T+7_1788903777296_tiuf,BOM-BLR,EaseMyTrip,6E,6E-5048,2026-09-15,T+7,6219,1365,7584,2026-09-08T21:22:27.490Z,FALSE,"",17:25,FALSE
fare_BOM-BLR_6E_2026-09-15_T+7_1788903777296_8cws,BOM-BLR,EaseMyTrip,6E,6E-5337,2026-09-15,T+7,6219,1365,7584,2026-09-08T21:22:27.490Z,FALSE,"",13:45,FALSE
fare_BOM-BLR_6E_2026-09-15_T+7_1788903777296_qnll,BOM-BLR,EaseMyTrip,6E,6E-6701,2026-09-15,T+7,6219,1365,7584,2026-09-08T21:22:27.490Z,FALSE,"",05:35,FALSE
fare_BOM-BLR_6E_2026-09-15_T+7_1788903777296_j29w,BOM-BLR,EaseMyTrip,6E,6E-5188,2026-09-15,T+7,6219,1365,7584,2026-09-08T21:22:27.490Z,FALSE,"",06:15,FALSE
fare_BOM-BLR_6E_2026-09-15_T+7_1788903777296_u91w,BOM-BLR,EaseMyTrip,6E,6E-5313,2026-09-15,T+7,6219,1365,7584,2026-09-08T21:22:27.490Z,FALSE,"",09:50,FALSE
fare_BOM-BLR_6E_2026-09-15_T+7_1788903777296_bn61,BOM-BLR,EaseMyTrip,6E,6E-6349,2026-09-15,T+7,6219,1365,7584,2026-09-08T21:22:27.490Z,FALSE,"",11:40,FALSE
fare_BOM-BLR_6E_2026-09-15_T+7_1788903777296_vk7g,BOM-BLR,EaseMyTrip,6E,6E-261,2026-09-15,T+7,6219,1365,7584,2026-09-08T21:22:27.490Z,FALSE,"",15:45,FALSE
fare_BOM-BLR_6E_2026-09-15_T+7_1788903777296_i0xi,BOM-BLR,EaseMyTrip,6E,6E-393,2026-09-15,T+7,6219,1365,7584,2026-09-08T21:22:27.490Z,FALSE,"",15:45,FALSE
fare_BOM-BLR_6E_2026-09-15_T+7_1788903777296_yaad,BOM-BLR,EaseMyTrip,6E,6E-5109,2026-09-15,T+7,6219,1365,7584,2026-09-08T21:22:27.490Z,FALSE,"",09:35,FALSE
fare_BOM-BLR_6E_2026-09-15_T+7_1788903777296_ysw7,BOM-BLR,EaseMyTrip,6E,6E-2237,2026-09-15,T+7,6219,1365,7584,2026-09-08T21:22:27.490Z,FALSE,"",18:40,FALSE
fare_BOM-BLR_6E_2026-09-15_T+7_1788903777296_jt7k,BOM-BLR,EaseMyTrip,6E,6E-2284,2026-09-15,T+7,6219,1365,7584,2026-09-08T21:22:27.490Z,FALSE,"",12:05,FALSE
fare_BOM-BLR_6E_2026-09-15_T+7_1788903777296_iujp,BOM-BLR,EaseMyTrip,6E,6E-5201,2026-09-15,T+7,6219,1365,7584,2026-09-08T21:22:27.490Z,FALSE,"",14:55,FALSE
fare_BOM-BLR_6E_2026-09-15_T+7_1788903777296_8ep0,BOM-BLR,EaseMyTrip,6E,6E-5047,2026-09-15,T+7,6307,1385,7692,2026-09-08T21:22:27.490Z,FALSE,"",18:30,TRUE
fare_BOM-BLR_6E_2026-09-15_T+7_1788903777296_77es,BOM-BLR,EaseMyTrip,6E,6E-5092,2026-09-15,T+7,6307,1385,7692,2026-09-08T21:22:27.490Z,FALSE,"",09:50,TRUE
fare_BOM-BLR_6E_2026-09-15_T+7_1788903777296_6do4,BOM-BLR,EaseMyTrip,6E,6E-6599,2026-09-15,T+7,6326,1389,7715,2026-09-08T21:22:27.490Z,FALSE,"",16:50,FALSE
fare_BOM-BLR_6E_2026-09-15_T+7_1788903777296_b8s3,BOM-BLR,EaseMyTrip,6E,6E-5082,2026-09-15,T+7,6384,1401,7785,2026-09-08T21:22:27.490Z,FALSE,"",18:05,FALSE
fare_BOM-BLR_AI_2026-09-15_T+7_1788903777296_mska,BOM-BLR,EaseMyTrip,AI,AI-2603,2026-09-15,T+7,6563,1441,8004,2026-09-08T21:22:27.490Z,FALSE,"",06:35,TRUE
fare_BOM-BLR_AI_2026-09-15_T+7_1788903777296_1n01,BOM-BLR,EaseMyTrip,AI,AI-2849,2026-09-15,T+7,6563,1441,8004,2026-09-08T21:22:27.490Z,FALSE,"",17:30,TRUE
fare_BOM-BLR_AI_2026-09-15_T+7_1788903777296_0xkv,BOM-BLR,EaseMyTrip,AI,AI-2863,2026-09-15,T+7,6563,1441,8004,2026-09-08T21:22:27.490Z,FALSE,"",10:00,TRUE
fare_BOM-BLR_AI_2026-09-15_T+7_1788903777296_le25,BOM-BLR,EaseMyTrip,AI,AI-2632,2026-09-15,T+7,6607,1450,8057,2026-09-08T21:22:27.490Z,FALSE,"",12:00,TRUE
fare_BOM-BLR_6E_2026-09-15_T+7_1788903777296_fth9,BOM-BLR,EaseMyTrip,6E,6E-2085,2026-09-15,T+7,6453,1417,7870,2026-09-08T21:22:27.490Z,FALSE,"",07:05,TRUE
fare_BOM-BLR_AI_2026-09-15_T+7_1788903777296_v2lk,BOM-BLR,EaseMyTrip,AI,AI-2401,2026-09-15,T+7,6617,1453,8070,2026-09-08T21:22:27.490Z,FALSE,"",20:45,TRUE
fare_BOM-BLR_AI_2026-09-15_T+7_1788903777296_utm2,BOM-BLR,EaseMyTrip,AI,AI-2851,2026-09-15,T+7,6672,1464,8136,2026-09-08T21:22:27.490Z,FALSE,"",07:55,TRUE
fare_BOM-BLR_6E_2026-09-15_T+7_1788903777296_6u1m,BOM-BLR,EaseMyTrip,6E,6E-7037,2026-09-15,T+7,6533,1434,7967,2026-09-08T21:22:27.490Z,FALSE,"",11:05,FALSE
fare_BOM-BLR_6E_2026-09-15_T+7_1788903777296_k48b,BOM-BLR,EaseMyTrip,6E,6E-5193,2026-09-15,T+7,6652,1460,8112,2026-09-08T21:22:27.490Z,FALSE,"",08:05,TRUE
fare_BOM-BLR_6E_2026-09-15_T+7_1788903777296_9kky,BOM-BLR,EaseMyTrip,6E,6E-2016,2026-09-15,T+7,6663,1463,8126,2026-09-08T21:22:27.490Z,FALSE,"",13:35,FALSE
fare_BOM-BLR_QP_2026-09-15_T+7_1788903777296_61zi,BOM-BLR,EaseMyTrip,QP,QP-1527,2026-09-15,T+7,6667,1463,8130,2026-09-08T21:22:27.490Z,FALSE,"",07:35,TRUE
fare_BOM-BLR_QP_2026-09-15_T+7_1788903777296_slcg,BOM-BLR,EaseMyTrip,QP,QP-1133,2026-09-15,T+7,6667,1463,8130,2026-09-08T21:22:27.490Z,FALSE,"",19:40,TRUE
fare_BOM-BLR_AI_2026-09-15_T+7_1788903777296_myhu,BOM-BLR,EaseMyTrip,AI,AI-2641,2026-09-15,T+7,6832,1500,8332,2026-09-08T21:22:27.490Z,FALSE,"",18:30,TRUE
fare_BOM-BLR_AI_2026-09-15_T+7_1788903777296_g9s7,BOM-BLR,EaseMyTrip,AI,AI-2505,2026-09-15,T+7,6902,1515,8417,2026-09-08T21:22:27.490Z,FALSE,"",19:20,FALSE
fare_BOM-BLR_6E_2026-09-15_T+7_1788903777296_xomg,BOM-BLR,EaseMyTrip,6E,6E-7015,2026-09-15,T+7,7013,1539,8552,2026-09-08T21:22:27.490Z,FALSE,"",10:20,FALSE
fare_BOM-BLR_6E_2026-09-15_T+7_1788903777296_1tx2,BOM-BLR,EaseMyTrip,6E,6E-5294,2026-09-15,T+7,7073,1552,8625,2026-09-08T21:22:27.490Z,FALSE,"",04:30,TRUE
fare_BOM-BLR_6E_2026-09-15_T+7_1788903777296_fxwm,BOM-BLR,EaseMyTrip,6E,6E-5107,2026-09-15,T+7,7149,1569,8718,2026-09-08T21:22:27.490Z,FALSE,"",20:00,FALSE
fare_BOM-BLR_6E_2026-09-15_T+7_1788903777296_wsix,BOM-BLR,EaseMyTrip,6E,6E-6057,2026-09-15,T+7,7313,1605,8918,2026-09-08T21:22:27.490Z,FALSE,"",09:15,FALSE
fare_BOM-BLR_6E_2026-09-15_T+7_1788903777296_2tgb,BOM-BLR,EaseMyTrip,6E,6E-5126,2026-09-15,T+7,7678,1686,9364,2026-09-08T21:22:27.490Z,FALSE,"",18:15,FALSE
fare_BOM-BLR_IX_2026-09-15_T+7_1788903777296_3h2a,BOM-BLR,EaseMyTrip,IX,IX-1242,2026-09-15,T+7,8437,1852,10289,2026-09-08T21:22:27.490Z,FALSE,"",16:30,FALSE
fare_BOM-BLR_6E_2026-09-15_T+7_1788903777296_2zum,BOM-BLR,EaseMyTrip,6E,6E-217,2026-09-15,T+7,8256,1812,10068,2026-09-08T21:22:27.490Z,FALSE,"",04:00,FALSE
fare_BOM-BLR_6E_2026-09-15_T+7_1788903777296_bghr,BOM-BLR,EaseMyTrip,6E,6E-935,2026-09-15,T+7,8256,1812,10068,2026-09-08T21:22:27.490Z,FALSE,"",04:00,FALSE
fare_BOM-BLR_AI_2026-09-15_T+7_1788903777296_8g4p,BOM-BLR,EaseMyTrip,AI,AI-603,2026-09-15,T+7,8808,1933,10741,2026-09-08T21:22:27.490Z,FALSE,"",05:10,FALSE
fare_BOM-BLR_AI_2026-09-15_T+7_1788903777296_ufs2,BOM-BLR,EaseMyTrip,AI,AI-639,2026-09-15,T+7,8877,1948,10825,2026-09-08T21:22:27.490Z,FALSE,"",22:55,FALSE
fare_BOM-BLR_6E_2026-09-15_T+7_1788903777296_8z8u,BOM-BLR,EaseMyTrip,6E,6E-5196,2026-09-15,T+7,8887,1951,10838,2026-09-08T21:22:27.490Z,FALSE,"",15:25,FALSE
fare_BOM-BLR_AI_2026-09-15_T+7_1788903777296_hitd,BOM-BLR,EaseMyTrip,AI,AI-435,2026-09-15,T+7,9215,2023,11238,2026-09-08T21:22:27.490Z,FALSE,"",18:10,FALSE
fare_BOM-BLR_AI_2026-09-15_T+7_1788903777296_ouyk,BOM-BLR,EaseMyTrip,AI,AI-2739,2026-09-15,T+7,9215,2023,11238,2026-09-08T21:22:27.490Z,FALSE,"",09:00,FALSE
fare_BOM-BLR_AI_2026-09-15_T+7_1788903777296_zxbq,BOM-BLR,EaseMyTrip,AI,AI-2827,2026-09-15,T+7,9215,2023,11238,2026-09-08T21:22:27.490Z,FALSE,"",20:30,FALSE
fare_BOM-BLR_AI_2026-09-15_T+7_1788903777296_09n4,BOM-BLR,EaseMyTrip,AI,AI-2619,2026-09-15,T+7,9282,2037,11319,2026-09-08T21:22:27.490Z,FALSE,"",18:00,FALSE
fare_BOM-BLR_AI_2026-09-15_T+7_1788903777296_s2fy,BOM-BLR,EaseMyTrip,AI,AI-2531,2026-09-15,T+7,9282,2037,11319,2026-09-08T21:22:27.490Z,FALSE,"",15:05,FALSE
fare_BOM-BLR_AI_2026-09-15_T+7_1788903777296_9jdd,BOM-BLR,EaseMyTrip,AI,AI-2444,2026-09-15,T+7,9282,2037,11319,2026-09-08T21:22:27.490Z,FALSE,"",10:50,FALSE
fare_BOM-BLR_AI_2026-09-15_T+7_1788903777296_d6rs,BOM-BLR,EaseMyTrip,AI,AI-2625,2026-09-15,T+7,9282,2037,11319,2026-09-08T21:22:27.490Z,FALSE,"",06:00,FALSE
fare_BOM-BLR_AI_2026-09-15_T+7_1788903777296_qy25,BOM-BLR,EaseMyTrip,AI,AI-681,2026-09-15,T+7,9460,2076,11536,2026-09-08T21:22:27.490Z,FALSE,"",16:55,FALSE
fare_BOM-BLR_AI_2026-09-15_T+7_1788903777296_wbkj,BOM-BLR,EaseMyTrip,AI,AI-2745,2026-09-15,T+7,9673,2123,11796,2026-09-08T21:22:27.490Z,FALSE,"",15:30,FALSE
fare_BOM-BLR_IX_2026-09-15_T+7_1788903777296_xu36,BOM-BLR,EaseMyTrip,IX,IX-1238,2026-09-15,T+7,10349,2272,12621,2026-09-08T21:22:27.490Z,FALSE,"",12:25,FALSE
fare_BOM-BLR_AI_2026-09-15_T+7_1788903777296_60dc,BOM-BLR,EaseMyTrip,AI,AI-2821,2026-09-15,T+7,10477,2300,12777,2026-09-08T21:22:27.490Z,FALSE,"",06:40,FALSE
fare_BOM-BLR_6E_2026-09-15_T+7_1788903777296_9339,BOM-BLR,EaseMyTrip,6E,6E-5178,2026-09-15,T+7,10520,2309,12829,2026-09-08T21:22:27.490Z,FALSE,"",11:40,FALSE
fare_BOM-BLR_6E_2026-09-15_T+7_1788903777296_aqjz,BOM-BLR,EaseMyTrip,6E,6E-6802,2026-09-15,T+7,10772,2365,13137,2026-09-08T21:22:27.490Z,FALSE,"",16:55,FALSE
fare_BOM-BLR_6E_2026-09-15_T+7_1788903777296_pu25,BOM-BLR,EaseMyTrip,6E,6E-6362,2026-09-15,T+7,12243,2687,14930,2026-09-08T21:22:27.490Z,FALSE,"",05:45,FALSE
fare_BOM-BLR_AI_2026-09-15_T+7_1788903777296_e9ze,BOM-BLR,EaseMyTrip,AI,AI-2741,2026-09-15,T+7,12558,2757,15315,2026-09-08T21:22:27.490Z,FALSE,"",07:40,FALSE
fare_BOM-BLR_6E_2026-09-15_T+7_1788903777296_rhwk,BOM-BLR,EaseMyTrip,6E,6E-5181,2026-09-15,T+7,12445,2732,15177,2026-09-08T21:22:27.490Z,FALSE,"",10:25,FALSE
fare_BOM-BLR_AI_2026-09-15_T+7_1788903777296_5wdz,BOM-BLR,EaseMyTrip,AI,AI-2988,2026-09-15,T+7,13027,2859,15886,2026-09-08T21:22:27.490Z,FALSE,"",20:30,FALSE
fare_BOM-BLR_6E_2026-09-15_T+7_1788903777296_z1mf,BOM-BLR,EaseMyTrip,6E,6E-5318,2026-09-15,T+7,12890,2830,15720,2026-09-08T21:22:27.490Z,FALSE,"",10:15,FALSE
fare_BOM-BLR_AI_2026-09-15_T+7_1788903777296_xdj3,BOM-BLR,EaseMyTrip,AI,AI-816,2026-09-15,T+7,13199,2897,16096,2026-09-08T21:22:27.490Z,TRUE,"High outlier: ₹16096 > upper fence ₹16009 (Q3: ₹10828, IQR: ₹3454)",21:00,FALSE
fare_BOM-BLR_IX_2026-09-15_T+7_1788903777296_as9b,BOM-BLR,EaseMyTrip,IX,IX-1797,2026-09-15,T+7,14203,3118,17321,2026-09-08T21:22:27.490Z,TRUE,"High outlier: ₹17321 > upper fence ₹16009 (Q3: ₹10828, IQR: ₹3454)",05:05,FALSE
fare_BOM-BLR_AI_2026-09-15_T+7_1788903777296_aj5i,BOM-BLR,EaseMyTrip,AI,AI-2771,2026-09-15,T+7,14891,3269,18160,2026-09-08T21:22:27.490Z,TRUE,"High outlier: ₹18160 > upper fence ₹16009 (Q3: ₹10828, IQR: ₹3454)",06:55,FALSE
fare_BOM-BLR_AI_2026-09-15_T+7_1788903777296_l1db,BOM-BLR,EaseMyTrip,AI,AI-2855,2026-09-15,T+7,15036,3301,18337,2026-09-08T21:22:27.490Z,TRUE,"High outlier: ₹18337 > upper fence ₹16009 (Q3: ₹10828, IQR: ₹3454)",10:00,FALSE
fare_BOM-BLR_AI_2026-09-15_T+7_1788903777296_wjnj,BOM-BLR,EaseMyTrip,AI,AI-2471,2026-09-15,T+7,15186,3334,18520,2026-09-08T21:22:27.490Z,TRUE,"High outlier: ₹18520 > upper fence ₹16009 (Q3: ₹10828, IQR: ₹3454)",11:30,FALSE
fare_BOM-BLR_AI_2026-09-15_T+7_1788903777296_view,BOM-BLR,EaseMyTrip,AI,AI-2663,2026-09-15,T+7,17541,3851,21392,2026-09-08T21:22:27.490Z,TRUE,"High outlier: ₹21392 > upper fence ₹16009 (Q3: ₹10828, IQR: ₹3454)",10:25,FALSE
fare_BOM-BLR_AI_2026-09-15_T+7_1788903777296_u7m3,BOM-BLR,EaseMyTrip,AI,AI-2787,2026-09-15,T+7,22142,4861,27003,2026-09-08T21:22:27.490Z,TRUE,"High outlier: ₹27003 > upper fence ₹16009 (Q3: ₹10828, IQR: ₹3454)",06:35,FALSE
fare_BOM-DEL_IX_2026-09-09_T+1_1788903777296_7wq5,BOM-DEL,EaseMyTrip,IX,IX-1787,2026-09-09,T+1,4744,1041,5785,2026-09-08T21:20:47.394Z,FALSE,"",13:10,FALSE
fare_BOM-DEL_6E_2026-09-09_T+1_1788903777296_1dc9,BOM-DEL,EaseMyTrip,6E,6E-6027,2026-09-09,T+1,4904,1076,5980,2026-09-08T21:20:47.394Z,FALSE,"",17:35,FALSE
fare_BOM-DEL_6E_2026-09-09_T+1_1788903777296_f2ga,BOM-DEL,EaseMyTrip,6E,6E-5147,2026-09-09,T+1,4904,1076,5980,2026-09-08T21:20:47.394Z,FALSE,"",18:35,FALSE
fare_BOM-DEL_6E_2026-09-09_T+1_1788903777296_qor8,BOM-DEL,EaseMyTrip,6E,6E-5164,2026-09-09,T+1,4904,1076,5980,2026-09-08T21:20:47.394Z,FALSE,"",20:20,FALSE
fare_BOM-DEL_6E_2026-09-09_T+1_1788903777296_8mag,BOM-DEL,EaseMyTrip,6E,6E-5154,2026-09-09,T+1,4904,1076,5980,2026-09-08T21:20:47.394Z,FALSE,"",15:45,FALSE
fare_BOM-DEL_6E_2026-09-09_T+1_1788903777296_t1ch,BOM-DEL,EaseMyTrip,6E,6E-5273,2026-09-09,T+1,4904,1076,5980,2026-09-08T21:20:47.394Z,FALSE,"",18:35,FALSE
fare_BOM-DEL_6E_2026-09-09_T+1_1788903777296_nm2o,BOM-DEL,EaseMyTrip,6E,6E-6802,2026-09-09,T+1,4904,1076,5980,2026-09-08T21:20:47.394Z,FALSE,"",16:55,FALSE
fare_BOM-DEL_6E_2026-09-09_T+1_1788903777296_0wop,BOM-DEL,EaseMyTrip,6E,6E-5345,2026-09-09,T+1,4904,1076,5980,2026-09-08T21:20:47.394Z,FALSE,"",14:25,FALSE
fare_BOM-DEL_6E_2026-09-09_T+1_1788903777296_l18a,BOM-DEL,EaseMyTrip,6E,6E-5028,2026-09-09,T+1,4968,1090,6058,2026-09-08T21:20:47.394Z,FALSE,"",19:35,FALSE
fare_BOM-DEL_6E_2026-09-09_T+1_1788903777296_lic7,BOM-DEL,EaseMyTrip,6E,6E-999,2026-09-09,T+1,4968,1090,6058,2026-09-08T21:20:47.394Z,FALSE,"",19:20,FALSE
fare_BOM-DEL_6E_2026-09-09_T+1_1788903777296_lg6z,BOM-DEL,EaseMyTrip,6E,6E-414,2026-09-09,T+1,4968,1090,6058,2026-09-08T21:20:47.394Z,FALSE,"",19:20,FALSE
fare_BOM-DEL_6E_2026-09-09_T+1_1788903777296_j8g7,BOM-DEL,EaseMyTrip,6E,6E-5238,2026-09-09,T+1,5009,1100,6109,2026-09-08T21:20:47.394Z,FALSE,"",18:25,FALSE
fare_BOM-DEL_6E_2026-09-09_T+1_1788903777296_3pdm,BOM-DEL,EaseMyTrip,6E,6E-5095,2026-09-09,T+1,5014,1101,6115,2026-09-08T21:20:47.394Z,FALSE,"",09:20,TRUE
fare_BOM-DEL_6E_2026-09-09_T+1_1788903777296_fknq,BOM-DEL,EaseMyTrip,6E,6E-6195,2026-09-09,T+1,5076,1114,6190,2026-09-08T21:20:47.394Z,FALSE,"",23:00,FALSE
fare_BOM-DEL_IX_2026-09-09_T+1_1788903777296_rkdf,BOM-DEL,EaseMyTrip,IX,IX-1671,2026-09-09,T+1,5380,1181,6561,2026-09-08T21:20:47.394Z,FALSE,"",16:45,TRUE
fare_BOM-DEL_IX_2026-09-09_T+1_1788903777296_wd89,BOM-DEL,EaseMyTrip,IX,IX-1163,2026-09-09,T+1,5930,1302,7232,2026-09-08T21:20:47.394Z,FALSE,"",20:45,FALSE
fare_BOM-DEL_IX_2026-09-09_T+1_1788903777296_9p8o,BOM-DEL,EaseMyTrip,IX,IX-1026,2026-09-09,T+1,5930,1302,7232,2026-09-08T21:20:47.394Z,FALSE,"",05:45,FALSE
fare_BOM-DEL_SG_2026-09-09_T+1_1788903777296_maic,BOM-DEL,EaseMyTrip,SG,SG-554,2026-09-09,T+1,5546,1217,6763,2026-09-08T21:20:47.394Z,FALSE,"",23:25,TRUE
fare_BOM-DEL_SG_2026-09-09_T+1_1788903777296_6gv8,BOM-DEL,EaseMyTrip,SG,SG-603,2026-09-09,T+1,5546,1217,6763,2026-09-08T21:20:47.394Z,FALSE,"",23:25,TRUE
fare_BOM-DEL_QP_2026-09-09_T+1_1788903777296_zrdf,BOM-DEL,EaseMyTrip,QP,QP-1834,2026-09-09,T+1,5349,1174,6523,2026-09-08T21:20:47.394Z,FALSE,"",10:20,TRUE
fare_BOM-DEL_6E_2026-09-09_T+1_1788903777296_dzhi,BOM-DEL,EaseMyTrip,6E,6E-2243,2026-09-09,T+1,5380,1181,6561,2026-09-08T21:20:47.394Z,FALSE,"",14:15,TRUE
fare_BOM-DEL_6E_2026-09-09_T+1_1788903777296_j5yn,BOM-DEL,EaseMyTrip,6E,6E-644,2026-09-09,T+1,5381,1181,6562,2026-09-08T21:20:47.394Z,FALSE,"",05:00,TRUE
fare_BOM-DEL_6E_2026-09-09_T+1_1788903777296_u15u,BOM-DEL,EaseMyTrip,6E,6E-959,2026-09-09,T+1,5381,1181,6562,2026-09-08T21:20:47.394Z,FALSE,"",05:00,TRUE
fare_BOM-DEL_6E_2026-09-09_T+1_1788903777296_t7jh,BOM-DEL,EaseMyTrip,6E,6E-950,2026-09-09,T+1,5381,1181,6562,2026-09-08T21:20:47.394Z,FALSE,"",23:45,TRUE
fare_BOM-DEL_6E_2026-09-09_T+1_1788903777296_1ksk,BOM-DEL,EaseMyTrip,6E,6E-108,2026-09-09,T+1,5381,1181,6562,2026-09-08T21:20:47.394Z,FALSE,"",23:45,TRUE
fare_BOM-DEL_6E_2026-09-09_T+1_1788903777296_ct56,BOM-DEL,EaseMyTrip,6E,6E-867,2026-09-09,T+1,5381,1181,6562,2026-09-08T21:20:47.394Z,FALSE,"",17:20,TRUE
fare_BOM-DEL_6E_2026-09-09_T+1_1788903777296_5x71,BOM-DEL,EaseMyTrip,6E,6E-686,2026-09-09,T+1,5381,1181,6562,2026-09-08T21:20:47.394Z,FALSE,"",17:20,TRUE
fare_BOM-DEL_6E_2026-09-09_T+1_1788903777296_y8db,BOM-DEL,EaseMyTrip,6E,6E-6082,2026-09-09,T+1,5381,1181,6562,2026-09-08T21:20:47.394Z,FALSE,"",16:45,TRUE
fare_BOM-DEL_6E_2026-09-09_T+1_1788903777296_b34x,BOM-DEL,EaseMyTrip,6E,6E-533,2026-09-09,T+1,5381,1181,6562,2026-09-08T21:20:47.394Z,FALSE,"",16:00,TRUE
fare_BOM-DEL_6E_2026-09-09_T+1_1788903777296_i2a1,BOM-DEL,EaseMyTrip,6E,6E-491,2026-09-09,T+1,5381,1181,6562,2026-09-08T21:20:47.394Z,FALSE,"",16:00,TRUE
fare_BOM-DEL_6E_2026-09-09_T+1_1788903777296_cv90,BOM-DEL,EaseMyTrip,6E,6E-435,2026-09-09,T+1,5381,1181,6562,2026-09-08T21:20:47.394Z,FALSE,"",15:00,TRUE
fare_BOM-DEL_6E_2026-09-09_T+1_1788903777296_zjo1,BOM-DEL,EaseMyTrip,6E,6E-427,2026-09-09,T+1,5381,1181,6562,2026-09-08T21:20:47.394Z,FALSE,"",15:00,TRUE
fare_BOM-DEL_6E_2026-09-09_T+1_1788903777296_2r2b,BOM-DEL,EaseMyTrip,6E,6E-6704,2026-09-09,T+1,5381,1181,6562,2026-09-08T21:20:47.394Z,FALSE,"",14:00,TRUE
fare_BOM-DEL_6E_2026-09-09_T+1_1788903777296_34nd,BOM-DEL,EaseMyTrip,6E,6E-630,2026-09-09,T+1,5381,1181,6562,2026-09-08T21:20:47.394Z,FALSE,"",10:35,TRUE
fare_BOM-DEL_6E_2026-09-09_T+1_1788903777296_7dt6,BOM-DEL,EaseMyTrip,6E,6E-808,2026-09-09,T+1,5381,1181,6562,2026-09-08T21:20:47.394Z,FALSE,"",10:35,TRUE
fare_BOM-DEL_6E_2026-09-09_T+1_1788903777296_smwp,BOM-DEL,EaseMyTrip,6E,6E-6827,2026-09-09,T+1,5381,1181,6562,2026-09-08T21:20:47.394Z,FALSE,"",11:30,TRUE
fare_BOM-DEL_6E_2026-09-09_T+1_1788903777296_w197,BOM-DEL,EaseMyTrip,6E,6E-6028,2026-09-09,T+1,5381,1181,6562,2026-09-08T21:20:47.394Z,FALSE,"",12:15,TRUE
fare_BOM-DEL_6E_2026-09-09_T+1_1788903777296_pe3q,BOM-DEL,EaseMyTrip,6E,6E-240,2026-09-09,T+1,5381,1181,6562,2026-09-08T21:20:47.394Z,FALSE,"",13:00,TRUE
fare_BOM-DEL_6E_2026-09-09_T+1_1788903777296_9c5z,BOM-DEL,EaseMyTrip,6E,6E-378,2026-09-09,T+1,5381,1181,6562,2026-09-08T21:20:47.394Z,FALSE,"",13:00,TRUE
fare_BOM-DEL_6E_2026-09-09_T+1_1788903777296_c018,BOM-DEL,EaseMyTrip,6E,6E-6052,2026-09-09,T+1,5381,1181,6562,2026-09-08T21:20:47.394Z,FALSE,"",10:00,TRUE
fare_BOM-DEL_AI_2026-09-09_T+1_1788903777296_l39a,BOM-DEL,EaseMyTrip,AI,AI-1882,2026-09-09,T+1,5545,1217,6762,2026-09-08T21:20:47.394Z,FALSE,"",23:55,TRUE
fare_BOM-DEL_6E_2026-09-09_T+1_1788903777296_ndmr,BOM-DEL,EaseMyTrip,6E,6E-5197,2026-09-09,T+1,5423,1191,6614,2026-09-08T21:20:47.394Z,FALSE,"",06:40,TRUE
fare_BOM-DEL_AI_2026-09-09_T+1_1788903777296_6u9r,BOM-DEL,EaseMyTrip,AI,AI-2677,2026-09-09,T+1,5766,1266,7032,2026-09-08T21:20:47.394Z,FALSE,"",13:00,TRUE
fare_BOM-DEL_AI_2026-09-09_T+1_1788903777296_yxir,BOM-DEL,EaseMyTrip,AI,AI-2952,2026-09-09,T+1,5766,1266,7032,2026-09-08T21:20:47.394Z,FALSE,"",11:25,TRUE
fare_BOM-DEL_AI_2026-09-09_T+1_1788903777296_t73w,BOM-DEL,EaseMyTrip,AI,AI-2419,2026-09-09,T+1,5766,1266,7032,2026-09-08T21:20:47.394Z,FALSE,"",12:00,TRUE
fare_BOM-DEL_AI_2026-09-09_T+1_1788903777296_x68g,BOM-DEL,EaseMyTrip,AI,AI-2944,2026-09-09,T+1,5766,1266,7032,2026-09-08T21:20:47.394Z,FALSE,"",14:35,TRUE
fare_BOM-DEL_AI_2026-09-09_T+1_1788903777296_6fps,BOM-DEL,EaseMyTrip,AI,AI-2442,2026-09-09,T+1,5766,1266,7032,2026-09-08T21:20:47.394Z,FALSE,"",15:00,TRUE
fare_BOM-DEL_AI_2026-09-09_T+1_1788903777296_j1hr,BOM-DEL,EaseMyTrip,AI,AI-1851,2026-09-09,T+1,5766,1266,7032,2026-09-08T21:20:47.394Z,FALSE,"",15:30,TRUE
fare_BOM-DEL_6E_2026-09-09_T+1_1788903777296_zbio,BOM-DEL,EaseMyTrip,6E,6E-5131,2026-09-09,T+1,5669,1244,6913,2026-09-08T21:20:47.394Z,FALSE,"",15:50,FALSE
fare_BOM-DEL_6E_2026-09-09_T+1_1788903777296_yzg7,BOM-DEL,EaseMyTrip,6E,6E-700,2026-09-09,T+1,5683,1247,6930,2026-09-08T21:20:47.394Z,FALSE,"",22:15,TRUE
fare_BOM-DEL_6E_2026-09-09_T+1_1788903777296_fyyr,BOM-DEL,EaseMyTrip,6E,6E-720,2026-09-09,T+1,5683,1247,6930,2026-09-08T21:20:47.394Z,FALSE,"",22:15,TRUE
fare_BOM-DEL_6E_2026-09-09_T+1_1788903777296_8226,BOM-DEL,EaseMyTrip,6E,6E-2090,2026-09-09,T+1,5724,1257,6981,2026-09-08T21:20:47.394Z,FALSE,"",06:25,TRUE
fare_BOM-DEL_AI_2026-09-09_T+1_1788903777296_grb1,BOM-DEL,EaseMyTrip,AI,AI-2986,2026-09-09,T+1,5897,1294,7191,2026-09-08T21:20:47.394Z,FALSE,"",22:35,TRUE
fare_BOM-DEL_IX_2026-09-09_T+1_1788903777296_2168,BOM-DEL,EaseMyTrip,IX,IX-2153,2026-09-09,T+1,6309,1385,7694,2026-09-08T21:20:47.394Z,FALSE,"",20:25,TRUE
fare_BOM-DEL_6E_2026-09-09_T+1_1788903777296_8mx5,BOM-DEL,EaseMyTrip,6E,6E-511,2026-09-09,T+1,5897,1295,7192,2026-09-08T21:20:47.394Z,FALSE,"",09:00,TRUE
fare_BOM-DEL_6E_2026-09-09_T+1_1788903777296_t4yv,BOM-DEL,EaseMyTrip,6E,6E-990,2026-09-09,T+1,5897,1295,7192,2026-09-08T21:20:47.394Z,FALSE,"",09:00,TRUE
fare_BOM-DEL_6E_2026-09-09_T+1_1788903777296_x8h8,BOM-DEL,EaseMyTrip,6E,6E-119,2026-09-09,T+1,5940,1304,7244,2026-09-08T21:20:47.394Z,FALSE,"",17:20,TRUE
fare_BOM-DEL_6E_2026-09-09_T+1_1788903777296_8g18,BOM-DEL,EaseMyTrip,6E,6E-637,2026-09-09,T+1,5940,1304,7244,2026-09-08T21:20:47.394Z,FALSE,"",17:20,TRUE
fare_BOM-DEL_AI_2026-09-09_T+1_1788903777296_39ea,BOM-DEL,EaseMyTrip,AI,AI-2687,2026-09-09,T+1,6220,1365,7585,2026-09-08T21:20:47.394Z,FALSE,"",16:35,TRUE
fare_BOM-DEL_6E_2026-09-09_T+1_1788903777296_zy8p,BOM-DEL,EaseMyTrip,6E,6E-601,2026-09-09,T+1,6058,1330,7388,2026-09-08T21:20:47.394Z,FALSE,"",17:30,FALSE
fare_BOM-DEL_6E_2026-09-09_T+1_1788903777296_j3x1,BOM-DEL,EaseMyTrip,6E,6E-6599,2026-09-09,T+1,6109,1341,7450,2026-09-08T21:20:47.394Z,FALSE,"",16:50,FALSE
fare_BOM-DEL_AI_2026-09-09_T+1_1788903777296_xr8t,BOM-DEL,EaseMyTrip,AI,AI-816,2026-09-09,T+1,6283,1379,7662,2026-09-08T21:20:47.394Z,FALSE,"",21:00,TRUE
fare_BOM-DEL_AI_2026-09-09_T+1_1788903777296_hv43,BOM-DEL,EaseMyTrip,AI,AI-1895,2026-09-09,T+1,6283,1379,7662,2026-09-08T21:20:47.394Z,FALSE,"",21:30,TRUE
fare_BOM-DEL_AI_2026-09-09_T+1_1788903777296_sns8,BOM-DEL,EaseMyTrip,AI,AI-2430,2026-09-09,T+1,6799,1493,8292,2026-09-08T21:20:47.394Z,FALSE,"",10:00,TRUE
fare_BOM-DEL_6E_2026-09-09_T+1_1788903777296_q4q2,BOM-DEL,EaseMyTrip,6E,6E-5201,2026-09-09,T+1,7017,1540,8557,2026-09-08T21:20:47.394Z,FALSE,"",14:55,FALSE
fare_BOM-DEL_6E_2026-09-09_T+1_1788903777296_m3e5,BOM-DEL,EaseMyTrip,6E,6E-553,2026-09-09,T+1,7060,1550,8610,2026-09-08T21:20:47.394Z,FALSE,"",21:15,TRUE
fare_BOM-DEL_6E_2026-09-09_T+1_1788903777296_15tr,BOM-DEL,EaseMyTrip,6E,6E-273,2026-09-09,T+1,7060,1550,8610,2026-09-08T21:20:47.394Z,FALSE,"",21:15,TRUE
fare_BOM-DEL_6E_2026-09-09_T+1_1788903777296_h33a,BOM-DEL,EaseMyTrip,6E,6E-6613,2026-09-09,T+1,7060,1550,8610,2026-09-08T21:20:47.394Z,FALSE,"",18:15,TRUE
fare_BOM-DEL_6E_2026-09-09_T+1_1788903777296_t7tr,BOM-DEL,EaseMyTrip,6E,6E-391,2026-09-09,T+1,7060,1550,8610,2026-09-08T21:20:47.394Z,FALSE,"",07:00,TRUE
fare_BOM-DEL_6E_2026-09-09_T+1_1788903777296_u2su,BOM-DEL,EaseMyTrip,6E,6E-921,2026-09-09,T+1,7060,1550,8610,2026-09-08T21:20:47.394Z,FALSE,"",07:00,TRUE
fare_BOM-DEL_AI_2026-09-09_T+1_1788903777296_hpp5,BOM-DEL,EaseMyTrip,AI,AI-2432,2026-09-09,T+1,7284,1599,8883,2026-09-08T21:20:47.394Z,FALSE,"",09:30,TRUE
fare_BOM-DEL_6E_2026-09-09_T+1_1788903777296_sid7,BOM-DEL,EaseMyTrip,6E,6E-210,2026-09-09,T+1,7297,1602,8899,2026-09-08T21:20:47.394Z,FALSE,"",17:45,FALSE
fare_BOM-DEL_6E_2026-09-09_T+1_1788903777296_9dx9,BOM-DEL,EaseMyTrip,6E,6E-351,2026-09-09,T+1,7297,1602,8899,2026-09-08T21:20:47.394Z,FALSE,"",17:45,FALSE
fare_BOM-DEL_6E_2026-09-09_T+1_1788903777296_opnw,BOM-DEL,EaseMyTrip,6E,6E-5056,2026-09-09,T+1,7297,1602,8899,2026-09-08T21:20:47.394Z,FALSE,"",21:10,FALSE
fare_BOM-DEL_IX_2026-09-09_T+1_1788903777296_lt3a,BOM-DEL,EaseMyTrip,IX,IX-1809,2026-09-09,T+1,8094,1777,9871,2026-09-08T21:20:47.394Z,FALSE,"",07:30,FALSE
fare_BOM-DEL_6E_2026-09-09_T+1_1788903777296_le3w,BOM-DEL,EaseMyTrip,6E,6E-688,2026-09-09,T+1,7601,1669,9270,2026-09-08T21:20:47.394Z,FALSE,"",14:40,FALSE
fare_BOM-DEL_6E_2026-09-09_T+1_1788903777296_5tpq,BOM-DEL,EaseMyTrip,6E,6E-500,2026-09-09,T+1,7601,1669,9270,2026-09-08T21:20:47.394Z,FALSE,"",14:40,FALSE
fare_BOM-DEL_6E_2026-09-09_T+1_1788903777296_sfri,BOM-DEL,EaseMyTrip,6E,6E-6122,2026-09-09,T+1,7709,1692,9401,2026-09-08T21:20:47.394Z,FALSE,"",12:25,FALSE
fare_BOM-DEL_6E_2026-09-09_T+1_1788903777296_o059,BOM-DEL,EaseMyTrip,6E,6E-5135,2026-09-09,T+1,7727,1696,9423,2026-09-08T21:20:47.394Z,FALSE,"",23:20,FALSE
fare_BOM-DEL_6E_2026-09-09_T+1_1788903777296_lwaw,BOM-DEL,EaseMyTrip,6E,6E-2138,2026-09-09,T+1,8293,1820,10113,2026-09-08T21:20:47.394Z,FALSE,"",16:20,FALSE
fare_BOM-DEL_6E_2026-09-09_T+1_1788903777296_5z93,BOM-DEL,EaseMyTrip,6E,6E-5181,2026-09-09,T+1,8353,1833,10186,2026-09-08T21:20:47.394Z,FALSE,"",10:25,FALSE
fare_BOM-DEL_AI_2026-09-09_T+1_1788903777296_mzuh,BOM-DEL,EaseMyTrip,AI,AI-2988,2026-09-09,T+1,8544,1876,10420,2026-09-08T21:20:47.394Z,FALSE,"",20:30,TRUE
fare_BOM-DEL_AI_2026-09-09_T+1_1788903777296_1o37,BOM-DEL,EaseMyTrip,AI,AI-2940,2026-09-09,T+1,8770,1925,10695,2026-09-08T21:20:47.394Z,FALSE,"",20:00,TRUE
fare_BOM-DEL_AI_2026-09-09_T+1_1788903777296_kggs,BOM-DEL,EaseMyTrip,AI,AI-9716,2026-09-09,T+1,8772,1925,10697,2026-09-08T21:20:47.394Z,FALSE,"",06:05,FALSE
fare_BOM-DEL_IX_2026-09-09_T+1_1788903777296_zdsn,BOM-DEL,EaseMyTrip,IX,IX-1347,2026-09-09,T+1,9976,2190,12166,2026-09-08T21:20:47.394Z,FALSE,"",06:00,FALSE
fare_BOM-DEL_6E_2026-09-09_T+1_1788903777296_nb5w,BOM-DEL,EaseMyTrip,6E,6E-7017,2026-09-09,T+1,8966,1968,10934,2026-09-08T21:20:47.394Z,FALSE,"",21:30,FALSE
fare_BOM-DEL_6E_2026-09-09_T+1_1788903777296_zyc6,BOM-DEL,EaseMyTrip,6E,6E-5107,2026-09-09,T+1,9728,2136,11864,2026-09-08T21:20:47.394Z,FALSE,"",20:00,FALSE
fare_BOM-DEL_6E_2026-09-09_T+1_1788903777296_zbs8,BOM-DEL,EaseMyTrip,6E,6E-5386,2026-09-09,T+1,9872,2167,12039,2026-09-08T21:20:47.394Z,FALSE,"",15:10,FALSE
fare_BOM-DEL_6E_2026-09-09_T+1_1788903777296_k70h,BOM-DEL,EaseMyTrip,6E,6E-5281,2026-09-09,T+1,9878,2168,12046,2026-09-08T21:20:47.394Z,FALSE,"",08:40,FALSE
fare_BOM-DEL_6E_2026-09-09_T+1_1788903777296_t6m0,BOM-DEL,EaseMyTrip,6E,6E-866,2026-09-09,T+1,9901,2173,12074,2026-09-08T21:20:47.394Z,FALSE,"",04:30,FALSE
fare_BOM-DEL_6E_2026-09-09_T+1_1788903777296_m9n2,BOM-DEL,EaseMyTrip,6E,6E-112,2026-09-09,T+1,9901,2173,12074,2026-09-08T21:20:47.394Z,FALSE,"",04:30,FALSE
fare_BOM-DEL_AI_2026-09-09_T+1_1788903777296_uq76,BOM-DEL,EaseMyTrip,AI,AI-9753,2026-09-09,T+1,10095,2216,12311,2026-09-08T21:20:47.394Z,FALSE,"",05:45,FALSE
fare_BOM-DEL_IX_2026-09-09_T+1_1788903777296_yq31,BOM-DEL,EaseMyTrip,IX,IX-1640,2026-09-09,T+1,10351,2272,12623,2026-09-08T21:20:47.394Z,FALSE,"",21:10,FALSE
fare_BOM-DEL_6E_2026-09-09_T+1_1788903777296_lxyu,BOM-DEL,EaseMyTrip,6E,6E-5326,2026-09-09,T+1,10008,2197,12205,2026-09-08T21:20:47.394Z,FALSE,"",19:40,FALSE
fare_BOM-DEL_6E_2026-09-09_T+1_1788903777296_qnxb,BOM-DEL,EaseMyTrip,6E,6E-2024,2026-09-09,T+1,10008,2197,12205,2026-09-08T21:20:47.394Z,FALSE,"",09:15,FALSE
fare_BOM-DEL_AI_2026-09-09_T+1_1788903777296_1yr2,BOM-DEL,EaseMyTrip,AI,AI-9558,2026-09-09,T+1,10606,2328,12934,2026-09-08T21:20:47.394Z,FALSE,"",07:30,FALSE
fare_BOM-DEL_IX_2026-09-09_T+1_1788903777296_rlhm,BOM-DEL,EaseMyTrip,IX,IX-1626,2026-09-09,T+1,10837,2379,13216,2026-09-08T21:20:47.394Z,FALSE,"",12:00,FALSE
fare_BOM-DEL_IX_2026-09-09_T+1_1788903777296_bf9t,BOM-DEL,EaseMyTrip,IX,IX-1238,2026-09-09,T+1,11051,2426,13477,2026-09-08T21:20:47.394Z,FALSE,"",12:25,FALSE
fare_BOM-DEL_AI_2026-09-09_T+1_1788903777296_s8yp,BOM-DEL,EaseMyTrip,AI,AI-1891,2026-09-09,T+1,10938,2401,13339,2026-09-08T21:20:47.394Z,FALSE,"",08:10,TRUE
fare_BOM-DEL_AI_2026-09-09_T+1_1788903777296_e61g,BOM-DEL,EaseMyTrip,AI,AI-2440,2026-09-09,T+1,11334,2488,13822,2026-09-08T21:20:47.394Z,FALSE,"",18:00,TRUE
fare_BOM-DEL_6E_2026-09-09_T+1_1788903777296_4ul0,BOM-DEL,EaseMyTrip,6E,6E-6049,2026-09-09,T+1,11193,2457,13650,2026-09-08T21:20:47.394Z,FALSE,"",19:45,TRUE
fare_BOM-DEL_6E_2026-09-09_T+1_1788903777296_lc6i,BOM-DEL,EaseMyTrip,6E,6E-416,2026-09-09,T+1,11193,2457,13650,2026-09-08T21:20:47.394Z,FALSE,"",19:00,TRUE
fare_BOM-DEL_6E_2026-09-09_T+1_1788903777296_f7sl,BOM-DEL,EaseMyTrip,6E,6E-975,2026-09-09,T+1,11193,2457,13650,2026-09-08T21:20:47.394Z,FALSE,"",19:00,TRUE
fare_BOM-DEL_6E_2026-09-09_T+1_1788903777296_rk8t,BOM-DEL,EaseMyTrip,6E,6E-777,2026-09-09,T+1,11193,2457,13650,2026-09-08T21:20:47.394Z,FALSE,"",20:20,TRUE
fare_BOM-DEL_6E_2026-09-09_T+1_1788903777296_8k64,BOM-DEL,EaseMyTrip,6E,6E-389,2026-09-09,T+1,11193,2457,13650,2026-09-08T21:20:47.394Z,FALSE,"",20:20,TRUE
fare_BOM-DEL_AI_2026-09-09_T+1_1788903777296_2w5i,BOM-DEL,EaseMyTrip,AI,AI-2931,2026-09-09,T+1,11911,2614,14525,2026-09-08T21:20:47.394Z,FALSE,"",04:30,FALSE
fare_BOM-DEL_6E_2026-09-09_T+1_1788903777296_zrrq,BOM-DEL,EaseMyTrip,6E,6E-5318,2026-09-09,T+1,11801,2590,14391,2026-09-08T21:20:47.394Z,FALSE,"",10:15,FALSE
fare_BOM-DEL_AI_2026-09-09_T+1_1788903777296_ae7u,BOM-DEL,EaseMyTrip,AI,AI-2915,2026-09-09,T+1,12276,2695,14971,2026-09-08T21:20:47.394Z,FALSE,"",15:30,FALSE
fare_BOM-DEL_AI_2026-09-09_T+1_1788903777296_86zx,BOM-DEL,EaseMyTrip,AI,AI-2781,2026-09-09,T+1,12440,2731,15171,2026-09-08T21:20:47.394Z,FALSE,"",10:45,FALSE
fare_BOM-DEL_AI_2026-09-09_T+1_1788903777296_q07p,BOM-DEL,EaseMyTrip,AI,AI-2785,2026-09-09,T+1,12656,2778,15434,2026-09-08T21:20:47.394Z,FALSE,"",06:40,FALSE
fare_BOM-DEL_6E_2026-09-09_T+1_1788903777296_wfl3,BOM-DEL,EaseMyTrip,6E,6E-5178,2026-09-09,T+1,12743,2797,15540,2026-09-08T21:20:47.394Z,FALSE,"",11:45,FALSE
fare_BOM-DEL_AI_2026-09-09_T+1_1788903777296_lbjv,BOM-DEL,EaseMyTrip,AI,AI-2659,2026-09-09,T+1,13091,2874,15965,2026-09-08T21:20:47.394Z,FALSE,"",14:35,FALSE
fare_BOM-DEL_6E_2026-09-09_T+1_1788903777296_kkwe,BOM-DEL,EaseMyTrip,6E,6E-2237,2026-09-09,T+1,13687,3005,16692,2026-09-08T21:20:47.394Z,FALSE,"",18:40,FALSE
fare_BOM-DEL_6E_2026-09-09_T+1_1788903777296_dkn1,BOM-DEL,EaseMyTrip,6E,6E-5059,2026-09-09,T+1,13687,3005,16692,2026-09-08T21:20:47.394Z,FALSE,"",05:45,FALSE
fare_BOM-DEL_AI_2026-09-09_T+1_1788903777296_as1k,BOM-DEL,EaseMyTrip,AI,AI-2741,2026-09-09,T+1,13953,3063,17016,2026-09-08T21:20:47.394Z,FALSE,"",07:40,FALSE
fare_BOM-DEL_AI_2026-09-09_T+1_1788903777296_eylj,BOM-DEL,EaseMyTrip,AI,AI-2408,2026-09-09,T+1,13966,3066,17032,2026-09-08T21:20:47.394Z,FALSE,"",19:30,TRUE
fare_BOM-DEL_AI_2026-09-09_T+1_1788903777296_l356,BOM-DEL,EaseMyTrip,AI,AI-2749,2026-09-09,T+1,14173,3111,17284,2026-09-08T21:20:47.394Z,FALSE,"",17:35,FALSE
fare_BOM-DEL_AI_2026-09-09_T+1_1788903777296_uk95,BOM-DEL,EaseMyTrip,AI,AI-2970,2026-09-09,T+1,14355,3151,17506,2026-09-08T21:20:47.394Z,FALSE,"",08:30,TRUE
fare_BOM-DEL_AI_2026-09-09_T+1_1788903777296_7a93,BOM-DEL,EaseMyTrip,AI,AI-2424,2026-09-09,T+1,14484,3179,17663,2026-09-08T21:20:47.394Z,FALSE,"",07:00,TRUE
fare_BOM-DEL_6E_2026-09-09_T+1_1788903777296_o94k,BOM-DEL,EaseMyTrip,6E,6E-948,2026-09-09,T+1,15509,3405,18914,2026-09-08T21:20:47.394Z,FALSE,"",12:40,FALSE
fare_BOM-DEL_6E_2026-09-09_T+1_1788903777296_93eu,BOM-DEL,EaseMyTrip,6E,6E-130,2026-09-09,T+1,15509,3405,18914,2026-09-08T21:20:47.394Z,FALSE,"",12:40,FALSE
fare_BOM-DEL_AI_2026-09-09_T+1_1788903777296_mxcr,BOM-DEL,EaseMyTrip,AI,AI-2531,2026-09-09,T+1,16214,3559,19773,2026-09-08T21:20:47.394Z,FALSE,"",15:05,FALSE
fare_BOM-DEL_AI_2026-09-09_T+1_1788903777296_qhi5,BOM-DEL,EaseMyTrip,AI,AI-2663,2026-09-09,T+1,16498,3622,20120,2026-09-08T21:20:47.394Z,FALSE,"",10:25,FALSE
fare_BOM-DEL_AI_2026-09-09_T+1_1788903777296_ykx8,BOM-DEL,EaseMyTrip,AI,AI-2493,2026-09-09,T+1,16645,3654,20299,2026-09-08T21:20:47.394Z,FALSE,"",18:25,FALSE
fare_BOM-DEL_AI_2026-09-09_T+1_1788903777296_2v9m,BOM-DEL,EaseMyTrip,AI,AI-2919,2026-09-09,T+1,16645,3654,20299,2026-09-08T21:20:47.394Z,FALSE,"",21:35,FALSE
fare_BOM-DEL_IX_2026-09-09_T+1_1788903777296_g2v9,BOM-DEL,EaseMyTrip,IX,IX-1283,2026-09-09,T+1,17283,3794,21077,2026-09-08T21:20:47.394Z,FALSE,"",09:05,FALSE
fare_BOM-DEL_AI_2026-09-09_T+1_1788903777297_cnj0,BOM-DEL,EaseMyTrip,AI,AI-603,2026-09-09,T+1,17437,3828,21265,2026-09-08T21:20:47.394Z,FALSE,"",05:10,FALSE
fare_BOM-DEL_IX_2026-09-09_T+1_1788903777297_mbyh,BOM-DEL,EaseMyTrip,IX,IX-1050,2026-09-09,T+1,20516,4504,25020,2026-09-08T21:20:47.394Z,TRUE,"High outlier: ₹25020 > upper fence ₹24282 (Q3: ₹13650, IQR: ₹7088)",08:55,TRUE
fare_BOM-DEL_AI_2026-09-09_T+1_1788903777297_d2ul,BOM-DEL,EaseMyTrip,AI,AI-9533,2026-09-09,T+1,18833,4134,22967,2026-09-08T21:20:47.394Z,FALSE,"",16:30,FALSE
fare_BOM-DEL_AI_2026-09-09_T+1_1788903777297_j7fn,BOM-DEL,EaseMyTrip,AI,AI-2853,2026-09-09,T+1,19243,4224,23467,2026-09-08T21:20:47.394Z,FALSE,"",15:25,FALSE
fare_BOM-DEL_6E_2026-09-09_T+1_1788903777297_n91w,BOM-DEL,EaseMyTrip,6E,6E-5144,2026-09-09,T+1,19841,4355,24196,2026-09-08T21:20:47.394Z,FALSE,"",06:10,FALSE
fare_BOM-DEL_AI_2026-09-09_T+1_1788903777297_mvyh,BOM-DEL,EaseMyTrip,AI,AI-9891,2026-09-09,T+1,20364,4470,24834,2026-09-08T21:20:47.394Z,TRUE,"High outlier: ₹24834 > upper fence ₹24282 (Q3: ₹13650, IQR: ₹7088)",13:10,FALSE
fare_BOM-DEL_AI_2026-09-09_T+1_1788903777297_j0vg,BOM-DEL,EaseMyTrip,AI,AI-2928,2026-09-09,T+1,20486,4497,24983,2026-09-08T21:20:47.394Z,TRUE,"High outlier: ₹24983 > upper fence ₹24282 (Q3: ₹13650, IQR: ₹7088)",06:30,TRUE
fare_BOM-DEL_AI_2026-09-09_T+1_1788903777297_ozls,BOM-DEL,EaseMyTrip,AI,AI-2753,2026-09-09,T+1,20489,4498,24987,2026-09-08T21:20:47.394Z,TRUE,"High outlier: ₹24987 > upper fence ₹24282 (Q3: ₹13650, IQR: ₹7088)",13:50,FALSE
fare_BOM-DEL_AI_2026-09-09_T+1_1788903777297_qy9g,BOM-DEL,EaseMyTrip,AI,AI-2491,2026-09-09,T+1,20646,4532,25178,2026-09-08T21:20:47.394Z,TRUE,"High outlier: ₹25178 > upper fence ₹24282 (Q3: ₹13650, IQR: ₹7088)",11:15,FALSE
fare_BOM-DEL_AI_2026-09-09_T+1_1788903777297_h66l,BOM-DEL,EaseMyTrip,AI,AI-2625,2026-09-09,T+1,20753,4555,25308,2026-09-08T21:20:47.394Z,TRUE,"High outlier: ₹25308 > upper fence ₹24282 (Q3: ₹13650, IQR: ₹7088)",06:00,FALSE
fare_BOM-DEL_6E_2026-09-09_T+1_1788903777297_vf90,BOM-DEL,EaseMyTrip,6E,6E-5246,2026-09-09,T+1,21489,4717,26206,2026-09-08T21:20:47.394Z,TRUE,"High outlier: ₹26206 > upper fence ₹24282 (Q3: ₹13650, IQR: ₹7088)",07:15,FALSE
fare_BOM-DEL_AI_2026-09-09_T+1_1788903777297_ub3p,BOM-DEL,EaseMyTrip,AI,AI-2444,2026-09-09,T+1,34217,7511,41728,2026-09-08T21:20:47.394Z,TRUE,"High outlier: ₹41728 > upper fence ₹24282 (Q3: ₹13650, IQR: ₹7088)",10:50,FALSE
fare_BOM-DEL_IX_2026-10-23_T+45_1788903777297_4l1q,BOM-DEL,EaseMyTrip,IX,IX-1787,2026-10-23,T+45,5595,1228,6823,2026-09-08T21:21:13.055Z,FALSE,"",13:10,FALSE
fare_BOM-DEL_SG_2026-10-23_T+45_1788903777297_hxb0,BOM-DEL,EaseMyTrip,SG,SG-523,2026-10-23,T+45,5379,1181,6560,2026-09-08T21:21:13.055Z,FALSE,"",01:50,TRUE
fare_BOM-DEL_SG_2026-10-23_T+45_1788903777297_smca,BOM-DEL,EaseMyTrip,SG,SG-669,2026-10-23,T+45,5379,1181,6560,2026-09-08T21:21:13.055Z,FALSE,"",01:50,TRUE
fare_BOM-DEL_SG_2026-10-23_T+45_1788903777297_6be4,BOM-DEL,EaseMyTrip,SG,SG-960,2026-10-23,T+45,5379,1181,6560,2026-09-08T21:21:13.055Z,FALSE,"",23:25,TRUE
fare_BOM-DEL_SG_2026-10-23_T+45_1788903777297_f4hp,BOM-DEL,EaseMyTrip,SG,SG-705,2026-10-23,T+45,5379,1181,6560,2026-09-08T21:21:13.055Z,FALSE,"",23:25,TRUE
fare_BOM-DEL_QP_2026-10-23_T+45_1788903777297_k06m,BOM-DEL,EaseMyTrip,QP,QP-2011,2026-10-23,T+45,5330,1170,6500,2026-09-08T21:21:13.055Z,FALSE,"",05:35,TRUE
fare_BOM-DEL_IX_2026-10-23_T+45_1788903777297_4fv5,BOM-DEL,EaseMyTrip,IX,IX-1364,2026-10-23,T+45,5953,1307,7260,2026-09-08T21:21:13.055Z,FALSE,"",21:55,TRUE
fare_BOM-DEL_6E_2026-10-23_T+45_1788903777297_d9an,BOM-DEL,EaseMyTrip,6E,6E-5095,2026-10-23,T+45,5618,1233,6851,2026-09-08T21:21:13.055Z,FALSE,"",07:20,TRUE
fare_BOM-DEL_IX_2026-10-23_T+45_1788903777297_7yog,BOM-DEL,EaseMyTrip,IX,IX-1050,2026-10-23,T+45,6308,1385,7693,2026-09-08T21:21:13.055Z,FALSE,"",14:45,TRUE
fare_BOM-DEL_IX_2026-10-23_T+45_1788903777297_mii9,BOM-DEL,EaseMyTrip,IX,IX-1671,2026-10-23,T+45,6308,1385,7693,2026-09-08T21:21:13.055Z,FALSE,"",16:45,TRUE
fare_BOM-DEL_QP_2026-10-23_T+45_1788903777297_kgru,BOM-DEL,EaseMyTrip,QP,QP-1825,2026-10-23,T+45,5747,1262,7009,2026-09-08T21:21:13.055Z,FALSE,"",17:00,TRUE
fare_BOM-DEL_QP_2026-10-23_T+45_1788903777297_qixl,BOM-DEL,EaseMyTrip,QP,QP-1834,2026-10-23,T+45,5747,1262,7009,2026-09-08T21:21:13.055Z,FALSE,"",10:05,TRUE
fare_BOM-DEL_QP_2026-10-23_T+45_1788903777297_lh9q,BOM-DEL,EaseMyTrip,QP,QP-1127,2026-10-23,T+45,5747,1262,7009,2026-09-08T21:21:13.055Z,FALSE,"",13:00,TRUE
fare_BOM-DEL_6E_2026-10-23_T+45_1788903777297_9jod,BOM-DEL,EaseMyTrip,6E,6E-6045,2026-10-23,T+45,5782,1269,7051,2026-09-08T21:21:13.055Z,FALSE,"",03:00,TRUE
fare_BOM-DEL_6E_2026-10-23_T+45_1788903777297_lgxu,BOM-DEL,EaseMyTrip,6E,6E-297,2026-10-23,T+45,5782,1269,7051,2026-09-08T21:21:13.055Z,FALSE,"",23:45,TRUE
fare_BOM-DEL_6E_2026-10-23_T+45_1788903777297_1at2,BOM-DEL,EaseMyTrip,6E,6E-873,2026-10-23,T+45,5782,1269,7051,2026-09-08T21:21:13.055Z,FALSE,"",23:45,TRUE
fare_BOM-DEL_6E_2026-10-23_T+45_1788903777297_t2yx,BOM-DEL,EaseMyTrip,6E,6E-788,2026-10-23,T+45,5782,1269,7051,2026-09-08T21:21:13.055Z,FALSE,"",22:15,TRUE
fare_BOM-DEL_6E_2026-10-23_T+45_1788903777297_zpd2,BOM-DEL,EaseMyTrip,6E,6E-334,2026-10-23,T+45,5782,1269,7051,2026-09-08T21:21:13.055Z,FALSE,"",22:15,TRUE
fare_BOM-DEL_6E_2026-10-23_T+45_1788903777297_b2tq,BOM-DEL,EaseMyTrip,6E,6E-973,2026-10-23,T+45,5782,1269,7051,2026-09-08T21:21:13.055Z,FALSE,"",21:15,TRUE
fare_BOM-DEL_6E_2026-10-23_T+45_1788903777297_2ii4,BOM-DEL,EaseMyTrip,6E,6E-423,2026-10-23,T+45,5782,1269,7051,2026-09-08T21:21:13.055Z,FALSE,"",21:15,TRUE
fare_BOM-DEL_6E_2026-10-23_T+45_1788903777297_e4n3,BOM-DEL,EaseMyTrip,6E,6E-988,2026-10-23,T+45,5782,1269,7051,2026-09-08T21:21:13.055Z,FALSE,"",17:20,TRUE
fare_BOM-DEL_6E_2026-10-23_T+45_1788903777297_o2tj,BOM-DEL,EaseMyTrip,6E,6E-576,2026-10-23,T+45,5782,1269,7051,2026-09-08T21:21:13.055Z,FALSE,"",17:20,TRUE
fare_BOM-DEL_6E_2026-10-23_T+45_1788903777297_oaoy,BOM-DEL,EaseMyTrip,6E,6E-6082,2026-10-23,T+45,5782,1269,7051,2026-09-08T21:21:13.055Z,FALSE,"",16:45,TRUE
fare_BOM-DEL_6E_2026-10-23_T+45_1788903777297_tymj,BOM-DEL,EaseMyTrip,6E,6E-908,2026-10-23,T+45,5782,1269,7051,2026-09-08T21:21:13.055Z,FALSE,"",16:00,TRUE
fare_BOM-DEL_6E_2026-10-23_T+45_1788903777297_18bv,BOM-DEL,EaseMyTrip,6E,6E-921,2026-10-23,T+45,5782,1269,7051,2026-09-08T21:21:13.055Z,FALSE,"",16:00,TRUE
fare_BOM-DEL_6E_2026-10-23_T+45_1788903777297_qv01,BOM-DEL,EaseMyTrip,6E,6E-492,2026-10-23,T+45,5782,1269,7051,2026-09-08T21:21:13.055Z,FALSE,"",15:00,TRUE
fare_BOM-DEL_6E_2026-10-23_T+45_1788903777297_h150,BOM-DEL,EaseMyTrip,6E,6E-581,2026-10-23,T+45,5782,1269,7051,2026-09-08T21:21:13.055Z,FALSE,"",15:00,TRUE
fare_BOM-DEL_6E_2026-10-23_T+45_1788903777297_fedn,BOM-DEL,EaseMyTrip,6E,6E-6704,2026-10-23,T+45,5782,1269,7051,2026-09-08T21:21:13.055Z,FALSE,"",14:00,TRUE
fare_BOM-DEL_6E_2026-10-23_T+45_1788903777297_079m,BOM-DEL,EaseMyTrip,6E,6E-6028,2026-10-23,T+45,5782,1269,7051,2026-09-08T21:21:13.055Z,FALSE,"",12:15,TRUE
fare_BOM-DEL_6E_2026-10-23_T+45_1788903777297_436r,BOM-DEL,EaseMyTrip,6E,6E-229,2026-10-23,T+45,5782,1269,7051,2026-09-08T21:21:13.055Z,FALSE,"",13:00,TRUE
fare_BOM-DEL_6E_2026-10-23_T+45_1788903777297_1141,BOM-DEL,EaseMyTrip,6E,6E-311,2026-10-23,T+45,5782,1269,7051,2026-09-08T21:21:13.055Z,FALSE,"",13:00,TRUE
fare_BOM-DEL_6E_2026-10-23_T+45_1788903777297_df5w,BOM-DEL,EaseMyTrip,6E,6E-545,2026-10-23,T+45,5782,1269,7051,2026-09-08T21:21:13.055Z,FALSE,"",05:00,TRUE
fare_BOM-DEL_6E_2026-10-23_T+45_1788903777297_rci9,BOM-DEL,EaseMyTrip,6E,6E-475,2026-10-23,T+45,5782,1269,7051,2026-09-08T21:21:13.055Z,FALSE,"",05:00,TRUE
fare_BOM-DEL_6E_2026-10-23_T+45_1788903777297_fac8,BOM-DEL,EaseMyTrip,6E,6E-357,2026-10-23,T+45,5782,1269,7051,2026-09-08T21:21:13.055Z,FALSE,"",06:00,TRUE
fare_BOM-DEL_6E_2026-10-23_T+45_1788903777297_01b9,BOM-DEL,EaseMyTrip,6E,6E-557,2026-10-23,T+45,5782,1269,7051,2026-09-08T21:21:13.055Z,FALSE,"",06:00,TRUE
fare_BOM-DEL_6E_2026-10-23_T+45_1788903777297_izqa,BOM-DEL,EaseMyTrip,6E,6E-2090,2026-10-23,T+45,5782,1269,7051,2026-09-08T21:21:13.055Z,FALSE,"",06:25,TRUE
fare_BOM-DEL_6E_2026-10-23_T+45_1788903777297_27ut,BOM-DEL,EaseMyTrip,6E,6E-249,2026-10-23,T+45,5782,1269,7051,2026-09-08T21:21:13.055Z,FALSE,"",09:00,TRUE
fare_BOM-DEL_6E_2026-10-23_T+45_1788903777297_28xq,BOM-DEL,EaseMyTrip,6E,6E-983,2026-10-23,T+45,5782,1269,7051,2026-09-08T21:21:13.055Z,FALSE,"",09:00,TRUE
fare_BOM-DEL_6E_2026-10-23_T+45_1788903777297_351n,BOM-DEL,EaseMyTrip,6E,6E-236,2026-10-23,T+45,5782,1269,7051,2026-09-08T21:21:13.055Z,FALSE,"",10:35,TRUE
fare_BOM-DEL_6E_2026-10-23_T+45_1788903777297_ed9r,BOM-DEL,EaseMyTrip,6E,6E-502,2026-10-23,T+45,5782,1269,7051,2026-09-08T21:21:13.055Z,FALSE,"",10:35,TRUE
fare_BOM-DEL_6E_2026-10-23_T+45_1788903777297_ez3t,BOM-DEL,EaseMyTrip,6E,6E-6827,2026-10-23,T+45,5782,1269,7051,2026-09-08T21:21:13.055Z,FALSE,"",11:30,TRUE
fare_BOM-DEL_QP_2026-10-23_T+45_1788903777297_q6a3,BOM-DEL,EaseMyTrip,QP,QP-1120,2026-10-23,T+45,5851,1284,7135,2026-09-08T21:21:13.055Z,FALSE,"",19:00,TRUE
fare_BOM-DEL_QP_2026-10-23_T+45_1788903777297_dhgc,BOM-DEL,EaseMyTrip,QP,QP-1109,2026-10-23,T+45,5851,1284,7135,2026-09-08T21:21:13.055Z,FALSE,"",07:00,TRUE
fare_BOM-DEL_QP_2026-10-23_T+45_1788903777297_81t1,BOM-DEL,EaseMyTrip,QP,QP-1819,2026-10-23,T+45,5851,1284,7135,2026-09-08T21:21:13.055Z,FALSE,"",14:30,TRUE
fare_BOM-DEL_6E_2026-10-23_T+45_1788903777297_qq79,BOM-DEL,EaseMyTrip,6E,6E-2237,2026-10-23,T+45,5870,1288,7158,2026-09-08T21:21:13.055Z,FALSE,"",18:40,FALSE
fare_BOM-DEL_6E_2026-10-23_T+45_1788903777297_22rm,BOM-DEL,EaseMyTrip,6E,6E-5059,2026-10-23,T+45,5870,1288,7158,2026-09-08T21:21:13.055Z,FALSE,"",05:45,FALSE
fare_BOM-DEL_6E_2026-10-23_T+45_1788903777297_n9h4,BOM-DEL,EaseMyTrip,6E,6E-847,2026-10-23,T+45,5870,1288,7158,2026-09-08T21:21:13.055Z,FALSE,"",14:40,FALSE
fare_BOM-DEL_6E_2026-10-23_T+45_1788903777297_o9y7,BOM-DEL,EaseMyTrip,6E,6E-237,2026-10-23,T+45,5870,1288,7158,2026-09-08T21:21:13.055Z,FALSE,"",14:40,FALSE
fare_BOM-DEL_6E_2026-10-23_T+45_1788903777297_eopw,BOM-DEL,EaseMyTrip,6E,6E-797,2026-10-23,T+45,5870,1288,7158,2026-09-08T21:21:13.055Z,FALSE,"",01:30,FALSE
fare_BOM-DEL_6E_2026-10-23_T+45_1788903777297_xbd5,BOM-DEL,EaseMyTrip,6E,6E-798,2026-10-23,T+45,5870,1288,7158,2026-09-08T21:21:13.055Z,FALSE,"",01:30,FALSE
fare_BOM-DEL_6E_2026-10-23_T+45_1788903777297_7vqn,BOM-DEL,EaseMyTrip,6E,6E-5107,2026-10-23,T+45,5870,1288,7158,2026-09-08T21:21:13.055Z,FALSE,"",20:00,FALSE
fare_BOM-DEL_6E_2026-10-23_T+45_1788903777297_8qrv,BOM-DEL,EaseMyTrip,6E,6E-6052,2026-10-23,T+45,5905,1296,7201,2026-09-08T21:21:13.055Z,FALSE,"",10:00,TRUE
fare_BOM-DEL_6E_2026-10-23_T+45_1788903777297_ah4v,BOM-DEL,EaseMyTrip,6E,6E-5147,2026-10-23,T+45,5977,1312,7289,2026-09-08T21:21:13.055Z,FALSE,"",18:35,FALSE
fare_BOM-DEL_6E_2026-10-23_T+45_1788903777297_1tr3,BOM-DEL,EaseMyTrip,6E,6E-6802,2026-10-23,T+45,5977,1312,7289,2026-09-08T21:21:13.055Z,FALSE,"",16:55,FALSE
fare_BOM-DEL_AI_2026-10-23_T+45_1788903777297_a5bl,BOM-DEL,EaseMyTrip,AI,AI-2928,2026-10-23,T+45,6167,1354,7521,2026-09-08T21:21:13.055Z,FALSE,"",06:30,TRUE
fare_BOM-DEL_AI_2026-10-23_T+45_1788903777297_cyff,BOM-DEL,EaseMyTrip,AI,AI-816,2026-10-23,T+45,6167,1354,7521,2026-09-08T21:21:13.055Z,FALSE,"",21:00,TRUE
fare_BOM-DEL_AI_2026-10-23_T+45_1788903777297_l6r2,BOM-DEL,EaseMyTrip,AI,AI-1895,2026-10-23,T+45,6167,1354,7521,2026-09-08T21:21:13.055Z,FALSE,"",21:30,TRUE
fare_BOM-DEL_AI_2026-10-23_T+45_1788903777297_ixdl,BOM-DEL,EaseMyTrip,AI,AI-2422,2026-10-23,T+45,6167,1354,7521,2026-09-08T21:21:13.055Z,FALSE,"",01:00,TRUE
fare_BOM-DEL_AI_2026-10-23_T+45_1788903777297_kxwq,BOM-DEL,EaseMyTrip,AI,AI-2452,2026-10-23,T+45,6167,1354,7521,2026-09-08T21:21:13.055Z,FALSE,"",03:05,TRUE
fare_BOM-DEL_AI_2026-10-23_T+45_1788903777297_0e9h,BOM-DEL,EaseMyTrip,AI,AI-2952,2026-10-23,T+45,6167,1354,7521,2026-09-08T21:21:13.055Z,FALSE,"",11:25,TRUE
fare_BOM-DEL_AI_2026-10-23_T+45_1788903777297_3aja,BOM-DEL,EaseMyTrip,AI,AI-2944,2026-10-23,T+45,6167,1354,7521,2026-09-08T21:21:13.055Z,FALSE,"",14:35,TRUE
fare_BOM-DEL_AI_2026-10-23_T+45_1788903777297_6pdq,BOM-DEL,EaseMyTrip,AI,AI-2442,2026-10-23,T+45,6167,1354,7521,2026-09-08T21:21:13.055Z,FALSE,"",15:00,TRUE
fare_BOM-DEL_AI_2026-10-23_T+45_1788903777297_0dc4,BOM-DEL,EaseMyTrip,AI,AI-1851,2026-10-23,T+45,6167,1354,7521,2026-09-08T21:21:13.055Z,FALSE,"",15:30,TRUE
fare_BOM-DEL_AI_2026-10-23_T+45_1788903777297_zip1,BOM-DEL,EaseMyTrip,AI,AI-1882,2026-10-23,T+45,6167,1354,7521,2026-09-08T21:21:13.055Z,FALSE,"",23:55,TRUE
fare_BOM-DEL_6E_2026-10-23_T+45_1788903777297_3vl1,BOM-DEL,EaseMyTrip,6E,6E-152,2026-10-23,T+45,6031,1324,7355,2026-09-08T21:21:13.055Z,FALSE,"",13:35,FALSE
fare_BOM-DEL_6E_2026-10-23_T+45_1788903777297_sych,BOM-DEL,EaseMyTrip,6E,6E-247,2026-10-23,T+45,6031,1324,7355,2026-09-08T21:21:13.055Z,FALSE,"",13:35,FALSE
fare_BOM-DEL_6E_2026-10-23_T+45_1788903777297_ajr6,BOM-DEL,EaseMyTrip,6E,6E-7017,2026-10-23,T+45,6031,1324,7355,2026-09-08T21:21:13.055Z,FALSE,"",21:30,FALSE
fare_BOM-DEL_6E_2026-10-23_T+45_1788903777297_0bp9,BOM-DEL,EaseMyTrip,6E,6E-395,2026-10-23,T+45,6031,1324,7355,2026-09-08T21:21:13.055Z,FALSE,"",07:05,FALSE
fare_BOM-DEL_6E_2026-10-23_T+45_1788903777297_25uh,BOM-DEL,EaseMyTrip,6E,6E-763,2026-10-23,T+45,6031,1324,7355,2026-09-08T21:21:13.055Z,FALSE,"",07:05,FALSE
fare_BOM-DEL_6E_2026-10-23_T+45_1788903777297_tdfp,BOM-DEL,EaseMyTrip,6E,6E-2138,2026-10-23,T+45,6031,1324,7355,2026-09-08T21:21:13.055Z,FALSE,"",16:20,FALSE
fare_BOM-DEL_6E_2026-10-23_T+45_1788903777297_j7km,BOM-DEL,EaseMyTrip,6E,6E-5238,2026-10-23,T+45,6031,1324,7355,2026-09-08T21:21:13.055Z,FALSE,"",18:25,FALSE
fare_BOM-DEL_6E_2026-10-23_T+45_1788903777297_ls7c,BOM-DEL,EaseMyTrip,6E,6E-540,2026-10-23,T+45,6031,1324,7355,2026-09-08T21:21:13.055Z,FALSE,"",07:05,FALSE
fare_BOM-DEL_6E_2026-10-23_T+45_1788903777297_17q1,BOM-DEL,EaseMyTrip,6E,6E-701,2026-10-23,T+45,6031,1324,7355,2026-09-08T21:21:13.055Z,FALSE,"",07:05,FALSE
fare_BOM-DEL_6E_2026-10-23_T+45_1788903777297_k0qv,BOM-DEL,EaseMyTrip,6E,6E-265,2026-10-23,T+45,6031,1324,7355,2026-09-08T21:21:13.055Z,FALSE,"",07:05,FALSE
fare_BOM-DEL_6E_2026-10-23_T+45_1788903777297_duqk,BOM-DEL,EaseMyTrip,6E,6E-627,2026-10-23,T+45,6031,1324,7355,2026-09-08T21:21:13.055Z,FALSE,"",13:35,FALSE
fare_BOM-DEL_6E_2026-10-23_T+45_1788903777297_mu55,BOM-DEL,EaseMyTrip,6E,6E-751,2026-10-23,T+45,6031,1324,7355,2026-09-08T21:21:13.055Z,FALSE,"",13:35,FALSE
fare_BOM-DEL_6E_2026-10-23_T+45_1788903777297_b73e,BOM-DEL,EaseMyTrip,6E,6E-321,2026-10-23,T+45,6042,1326,7368,2026-09-08T21:21:13.055Z,FALSE,"",19:20,FALSE
fare_BOM-DEL_6E_2026-10-23_T+45_1788903777297_atgf,BOM-DEL,EaseMyTrip,6E,6E-832,2026-10-23,T+45,6042,1326,7368,2026-09-08T21:21:13.055Z,FALSE,"",19:20,FALSE
fare_BOM-DEL_6E_2026-10-23_T+45_1788903777297_nvno,BOM-DEL,EaseMyTrip,6E,6E-5197,2026-10-23,T+45,6044,1327,7371,2026-09-08T21:21:13.055Z,FALSE,"",06:40,TRUE
fare_BOM-DEL_6E_2026-10-23_T+45_1788903777297_njtg,BOM-DEL,EaseMyTrip,6E,6E-5281,2026-10-23,T+45,6057,1330,7387,2026-09-08T21:21:13.055Z,FALSE,"",08:40,FALSE
fare_BOM-DEL_6E_2026-10-23_T+45_1788903777297_ui6p,BOM-DEL,EaseMyTrip,6E,6E-5135,2026-10-23,T+45,6057,1330,7387,2026-09-08T21:21:13.055Z,FALSE,"",23:20,FALSE
fare_BOM-DEL_6E_2026-10-23_T+45_1788903777297_gpsq,BOM-DEL,EaseMyTrip,6E,6E-354,2026-10-23,T+45,6126,1345,7471,2026-09-08T21:21:13.055Z,FALSE,"",17:20,TRUE
fare_BOM-DEL_6E_2026-10-23_T+45_1788903777297_fz1j,BOM-DEL,EaseMyTrip,6E,6E-853,2026-10-23,T+45,6126,1345,7471,2026-09-08T21:21:13.055Z,FALSE,"",17:20,TRUE
fare_BOM-DEL_6E_2026-10-23_T+45_1788903777297_jm74,BOM-DEL,EaseMyTrip,6E,6E-5178,2026-10-23,T+45,6149,1350,7499,2026-09-08T21:21:13.055Z,FALSE,"",11:45,FALSE
fare_BOM-DEL_6E_2026-10-23_T+45_1788903777297_itjf,BOM-DEL,EaseMyTrip,6E,6E-5246,2026-10-23,T+45,6149,1350,7499,2026-09-08T21:21:13.055Z,FALSE,"",07:15,FALSE
fare_BOM-DEL_6E_2026-10-23_T+45_1788903777297_pi3c,BOM-DEL,EaseMyTrip,6E,6E-5318,2026-10-23,T+45,6149,1350,7499,2026-09-08T21:21:13.055Z,FALSE,"",10:15,FALSE
fare_BOM-DEL_6E_2026-10-23_T+45_1788903777297_miqg,BOM-DEL,EaseMyTrip,6E,6E-817,2026-10-23,T+45,6151,1350,7501,2026-09-08T21:21:13.055Z,FALSE,"",20:20,TRUE
fare_BOM-DEL_6E_2026-10-23_T+45_1788903777297_555t,BOM-DEL,EaseMyTrip,6E,6E-812,2026-10-23,T+45,6151,1350,7501,2026-09-08T21:21:13.055Z,FALSE,"",20:20,TRUE
fare_BOM-DEL_6E_2026-10-23_T+45_1788903777297_1dy0,BOM-DEL,EaseMyTrip,6E,6E-738,2026-10-23,T+45,6151,1350,7501,2026-09-08T21:21:13.055Z,FALSE,"",19:00,TRUE
fare_BOM-DEL_6E_2026-10-23_T+45_1788903777297_eqf5,BOM-DEL,EaseMyTrip,6E,6E-367,2026-10-23,T+45,6151,1350,7501,2026-09-08T21:21:13.055Z,FALSE,"",19:00,TRUE
fare_BOM-DEL_6E_2026-10-23_T+45_1788903777297_h0r3,BOM-DEL,EaseMyTrip,6E,6E-6613,2026-10-23,T+45,6151,1350,7501,2026-09-08T21:21:13.055Z,FALSE,"",18:15,TRUE
fare_BOM-DEL_6E_2026-10-23_T+45_1788903777297_kanw,BOM-DEL,EaseMyTrip,6E,6E-6049,2026-10-23,T+45,6151,1350,7501,2026-09-08T21:21:13.055Z,FALSE,"",19:45,TRUE
fare_BOM-DEL_6E_2026-10-23_T+45_1788903777297_v8ey,BOM-DEL,EaseMyTrip,6E,6E-697,2026-10-23,T+45,6151,1350,7501,2026-09-08T21:21:13.055Z,FALSE,"",07:00,TRUE
fare_BOM-DEL_6E_2026-10-23_T+45_1788903777297_zg3b,BOM-DEL,EaseMyTrip,6E,6E-664,2026-10-23,T+45,6151,1350,7501,2026-09-08T21:21:13.055Z,FALSE,"",08:00,TRUE
fare_BOM-DEL_6E_2026-10-23_T+45_1788903777297_4tb8,BOM-DEL,EaseMyTrip,6E,6E-758,2026-10-23,T+45,6151,1350,7501,2026-09-08T21:21:13.055Z,FALSE,"",08:00,TRUE
fare_BOM-DEL_AI_2026-10-23_T+45_1788903777297_buue,BOM-DEL,EaseMyTrip,AI,AI-2970,2026-10-23,T+45,6321,1388,7709,2026-09-08T21:21:13.055Z,FALSE,"",08:30,TRUE
fare_BOM-DEL_AI_2026-10-23_T+45_1788903777297_0kf7,BOM-DEL,EaseMyTrip,AI,AI-2432,2026-10-23,T+45,6321,1388,7709,2026-09-08T21:21:13.055Z,FALSE,"",09:30,TRUE
fare_BOM-DEL_6E_2026-10-23_T+45_1788903777297_2vog,BOM-DEL,EaseMyTrip,6E,6E-5131,2026-10-23,T+45,6165,1353,7518,2026-09-08T21:21:13.055Z,FALSE,"",15:50,FALSE
fare_BOM-DEL_6E_2026-10-23_T+45_1788903777297_u1kw,BOM-DEL,EaseMyTrip,6E,6E-273,2026-10-23,T+45,6180,1357,7537,2026-09-08T21:21:13.055Z,FALSE,"",13:35,FALSE
fare_BOM-DEL_6E_2026-10-23_T+45_1788903777297_37du,BOM-DEL,EaseMyTrip,6E,6E-148,2026-10-23,T+45,6180,1357,7537,2026-09-08T21:21:13.055Z,FALSE,"",13:35,FALSE
fare_BOM-DEL_AI_2026-10-23_T+45_1788903777297_e9w8,BOM-DEL,EaseMyTrip,AI,AI-2986,2026-10-23,T+45,6424,1410,7834,2026-09-08T21:21:13.055Z,FALSE,"",22:35,TRUE
fare_BOM-DEL_AI_2026-10-23_T+45_1788903777297_792t,BOM-DEL,EaseMyTrip,AI,AI-2687,2026-10-23,T+45,6424,1410,7834,2026-09-08T21:21:13.055Z,FALSE,"",16:30,TRUE
fare_BOM-DEL_IX_2026-10-23_T+45_1788903777297_nc51,BOM-DEL,EaseMyTrip,IX,IX-2153,2026-10-23,T+45,7090,1556,8646,2026-09-08T21:21:13.055Z,FALSE,"",20:25,TRUE
fare_BOM-DEL_AI_2026-10-23_T+45_1788903777297_rro2,BOM-DEL,EaseMyTrip,AI,AI-2677,2026-10-23,T+45,6537,1435,7972,2026-09-08T21:21:13.055Z,FALSE,"",13:00,TRUE
fare_BOM-DEL_6E_2026-10-23_T+45_1788903777297_ispe,BOM-DEL,EaseMyTrip,6E,6E-6599,2026-10-23,T+45,6448,1415,7863,2026-09-08T21:21:13.055Z,FALSE,"",16:50,FALSE
fare_BOM-DEL_6E_2026-10-23_T+45_1788903777297_dqna,BOM-DEL,EaseMyTrip,6E,6E-5177,2026-10-23,T+45,6512,1430,7942,2026-09-08T21:21:13.055Z,FALSE,"",19:10,FALSE
fare_BOM-DEL_AI_2026-10-23_T+45_1788903777297_j0pz,BOM-DEL,EaseMyTrip,AI,AI-2930,2026-10-23,T+45,6702,1471,8173,2026-09-08T21:21:13.055Z,FALSE,"",07:30,TRUE
fare_BOM-DEL_AI_2026-10-23_T+45_1788903777297_46jc,BOM-DEL,EaseMyTrip,AI,AI-2428,2026-10-23,T+45,6702,1471,8173,2026-09-08T21:21:13.055Z,FALSE,"",08:00,TRUE
fare_BOM-DEL_AI_2026-10-23_T+45_1788903777297_p044,BOM-DEL,EaseMyTrip,AI,AI-2430,2026-10-23,T+45,6702,1471,8173,2026-09-08T21:21:13.055Z,FALSE,"",10:00,TRUE
fare_BOM-DEL_AI_2026-10-23_T+45_1788903777297_nncx,BOM-DEL,EaseMyTrip,AI,AI-2940,2026-10-23,T+45,6758,1483,8241,2026-09-08T21:21:13.055Z,FALSE,"",20:00,TRUE
fare_BOM-DEL_6E_2026-10-23_T+45_1788903777297_gpjj,BOM-DEL,EaseMyTrip,6E,6E-5056,2026-10-23,T+45,6620,1453,8073,2026-09-08T21:21:13.055Z,FALSE,"",21:10,FALSE
fare_BOM-DEL_AI_2026-10-23_T+45_1788903777297_dplt,BOM-DEL,EaseMyTrip,AI,AI-2988,2026-10-23,T+45,6813,1495,8308,2026-09-08T21:21:13.055Z,FALSE,"",20:30,TRUE
fare_BOM-DEL_AI_2026-10-23_T+45_1788903777297_9oz5,BOM-DEL,EaseMyTrip,AI,AI-2424,2026-10-23,T+45,6813,1495,8308,2026-09-08T21:21:13.055Z,FALSE,"",07:00,TRUE
fare_BOM-DEL_6E_2026-10-23_T+45_1788903777297_ldmz,BOM-DEL,EaseMyTrip,6E,6E-6361,2026-10-23,T+45,6685,1467,8152,2026-09-08T21:21:13.055Z,FALSE,"",05:00,FALSE
fare_BOM-DEL_AI_2026-10-23_T+45_1788903777297_0dbd,BOM-DEL,EaseMyTrip,AI,AI-2996,2026-10-23,T+45,6868,1507,8375,2026-09-08T21:21:13.055Z,FALSE,"",18:30,TRUE
fare_BOM-DEL_IX_2026-10-23_T+45_1788903777297_6sh4,BOM-DEL,EaseMyTrip,IX,IX-1026,2026-10-23,T+45,7512,1649,9161,2026-09-08T21:21:13.055Z,FALSE,"",05:45,FALSE
fare_BOM-DEL_6E_2026-10-23_T+45_1788903777297_v9s9,BOM-DEL,EaseMyTrip,6E,6E-224,2026-10-23,T+45,6858,1505,8363,2026-09-08T21:21:13.055Z,FALSE,"",04:00,FALSE
fare_BOM-DEL_6E_2026-10-23_T+45_1788903777297_5imf,BOM-DEL,EaseMyTrip,6E,6E-775,2026-10-23,T+45,6858,1505,8363,2026-09-08T21:21:13.055Z,FALSE,"",04:00,FALSE
fare_BOM-DEL_6E_2026-10-23_T+45_1788903777297_qyhy,BOM-DEL,EaseMyTrip,6E,6E-5144,2026-10-23,T+45,6858,1505,8363,2026-09-08T21:21:13.055Z,FALSE,"",06:10,FALSE
fare_BOM-DEL_6E_2026-10-23_T+45_1788903777297_pxgu,BOM-DEL,EaseMyTrip,6E,6E-2347,2026-10-23,T+45,6858,1505,8363,2026-09-08T21:21:13.055Z,FALSE,"",08:50,FALSE
fare_BOM-DEL_6E_2026-10-23_T+45_1788903777297_9vpc,BOM-DEL,EaseMyTrip,6E,6E-5164,2026-10-23,T+45,6965,1529,8494,2026-09-08T21:21:13.055Z,FALSE,"",20:00,FALSE
fare_BOM-DEL_6E_2026-10-23_T+45_1788903777297_yq88,BOM-DEL,EaseMyTrip,6E,6E-5181,2026-10-23,T+45,6965,1529,8494,2026-09-08T21:21:13.055Z,FALSE,"",10:25,FALSE
fare_BOM-DEL_AI_2026-10-23_T+45_1788903777297_8dxp,BOM-DEL,EaseMyTrip,AI,AI-1891,2026-10-23,T+45,7250,1591,8841,2026-09-08T21:21:13.055Z,FALSE,"",08:10,TRUE
fare_BOM-DEL_6E_2026-10-23_T+45_1788903777297_spo2,BOM-DEL,EaseMyTrip,6E,6E-5386,2026-10-23,T+45,7137,1567,8704,2026-09-08T21:21:13.055Z,FALSE,"",15:10,FALSE
fare_BOM-DEL_6E_2026-10-23_T+45_1788903777297_bz9i,BOM-DEL,EaseMyTrip,6E,6E-6027,2026-10-23,T+45,7534,1654,9188,2026-09-08T21:21:13.055Z,FALSE,"",17:35,FALSE
fare_BOM-DEL_6E_2026-10-23_T+45_1788903777297_6ls3,BOM-DEL,EaseMyTrip,6E,6E-6362,2026-10-23,T+45,7706,1692,9398,2026-09-08T21:21:13.055Z,FALSE,"",05:45,FALSE
fare_BOM-DEL_IX_2026-10-23_T+45_1788903777297_phew,BOM-DEL,EaseMyTrip,IX,IX-1238,2026-10-23,T+45,8989,1973,10962,2026-09-08T21:21:13.055Z,FALSE,"",12:25,FALSE
fare_BOM-DEL_AI_2026-10-23_T+45_1788903777297_m7ir,BOM-DEL,EaseMyTrip,AI,AI-2408,2026-10-23,T+45,8351,1833,10184,2026-09-08T21:21:13.055Z,FALSE,"",19:30,TRUE
fare_BOM-DEL_AI_2026-10-23_T+45_1788903777297_8nzh,BOM-DEL,EaseMyTrip,AI,AI-2440,2026-10-23,T+45,8421,1848,10269,2026-09-08T21:21:13.055Z,FALSE,"",18:00,TRUE
fare_BOM-DEL_6E_2026-10-23_T+45_1788903777297_za4z,BOM-DEL,EaseMyTrip,6E,6E-6195,2026-10-23,T+45,8333,1829,10162,2026-09-08T21:21:13.055Z,FALSE,"",23:00,FALSE
fare_BOM-DEL_6E_2026-10-23_T+45_1788903777297_v94r,BOM-DEL,EaseMyTrip,6E,6E-2024,2026-10-23,T+45,8333,1829,10162,2026-09-08T21:21:13.055Z,FALSE,"",09:15,FALSE
fare_BOM-DEL_6E_2026-10-23_T+45_1788903777297_t3pt,BOM-DEL,EaseMyTrip,6E,6E-5154,2026-10-23,T+45,8848,1942,10790,2026-09-08T21:21:13.055Z,FALSE,"",15:45,FALSE
fare_BOM-DEL_6E_2026-10-23_T+45_1788903777297_f3pu,BOM-DEL,EaseMyTrip,6E,6E-378,2026-10-23,T+45,8912,1956,10868,2026-09-08T21:21:13.055Z,FALSE,"",04:30,FALSE
fare_BOM-DEL_6E_2026-10-23_T+45_1788903777297_65ro,BOM-DEL,EaseMyTrip,6E,6E-764,2026-10-23,T+45,8912,1956,10868,2026-09-08T21:21:13.055Z,FALSE,"",04:30,FALSE
fare_BOM-DEL_6E_2026-10-23_T+45_1788903777297_0nkj,BOM-DEL,EaseMyTrip,6E,6E-5179,2026-10-23,T+45,9020,1980,11000,2026-09-08T21:21:13.055Z,FALSE,"",02:45,FALSE
fare_BOM-DEL_6E_2026-10-23_T+45_1788903777297_11hz,BOM-DEL,EaseMyTrip,6E,6E-6543,2026-10-23,T+45,9020,1980,11000,2026-09-08T21:21:13.055Z,FALSE,"",07:50,FALSE
fare_BOM-DEL_IX_2026-10-23_T+45_1788903777297_nhg0,BOM-DEL,EaseMyTrip,IX,IX-1023,2026-10-23,T+45,10915,2396,13311,2026-09-08T21:21:13.055Z,FALSE,"",11:25,FALSE
fare_BOM-DEL_6E_2026-10-23_T+45_1788903777297_t5kr,BOM-DEL,EaseMyTrip,6E,6E-5028,2026-10-23,T+45,9668,2122,11790,2026-09-08T21:21:13.055Z,FALSE,"",19:35,FALSE
fare_BOM-DEL_6E_2026-10-23_T+45_1788903777297_tykt,BOM-DEL,EaseMyTrip,6E,6E-608,2026-10-23,T+45,9668,2122,11790,2026-09-08T21:21:13.055Z,FALSE,"",08:40,FALSE
fare_BOM-DEL_6E_2026-10-23_T+45_1788903777297_omfw,BOM-DEL,EaseMyTrip,6E,6E-593,2026-10-23,T+45,9668,2122,11790,2026-09-08T21:21:13.055Z,FALSE,"",08:40,FALSE
fare_BOM-DEL_AI_2026-10-23_T+45_1788903777297_nfjj,BOM-DEL,EaseMyTrip,AI,AI-2491,2026-10-23,T+45,9864,2165,12029,2026-09-08T21:21:13.055Z,FALSE,"",11:15,FALSE
fare_BOM-DEL_6E_2026-10-23_T+45_1788903777297_cj9o,BOM-DEL,EaseMyTrip,6E,6E-443,2026-10-23,T+45,10034,2202,12236,2026-09-08T21:21:13.055Z,FALSE,"",12:40,FALSE
fare_BOM-DEL_6E_2026-10-23_T+45_1788903777297_3nx5,BOM-DEL,EaseMyTrip,6E,6E-839,2026-10-23,T+45,10034,2202,12236,2026-09-08T21:21:13.055Z,FALSE,"",12:40,FALSE
fare_BOM-DEL_IX_2026-10-23_T+45_1788903777297_rg6f,BOM-DEL,EaseMyTrip,IX,IX-1163,2026-10-23,T+45,10435,2290,12725,2026-09-08T21:21:13.055Z,FALSE,"",20:45,FALSE
fare_BOM-DEL_AI_2026-10-23_T+45_1788903777297_dt8v,BOM-DEL,EaseMyTrip,AI,AI-2915,2026-10-23,T+45,11126,2442,13568,2026-09-08T21:21:13.055Z,FALSE,"",15:30,FALSE
fare_BOM-DEL_AI_2026-10-23_T+45_1788903777297_vjcw,BOM-DEL,EaseMyTrip,AI,AI-2919,2026-10-23,T+45,11126,2442,13568,2026-09-08T21:21:13.055Z,FALSE,"",21:35,FALSE
fare_BOM-DEL_AI_2026-10-23_T+45_1788903777297_zqbb,BOM-DEL,EaseMyTrip,AI,AI-493,2026-10-23,T+45,11214,2461,13675,2026-09-08T21:21:13.055Z,FALSE,"",06:40,FALSE
fare_BOM-DEL_AI_2026-10-23_T+45_1788903777297_k300,BOM-DEL,EaseMyTrip,AI,AI-2503,2026-10-23,T+45,11214,2461,13675,2026-09-08T21:21:13.055Z,FALSE,"",12:55,FALSE
fare_BOM-DEL_AI_2026-10-23_T+45_1788903777298_1ahb,BOM-DEL,EaseMyTrip,AI,AI-2847,2026-10-23,T+45,11214,2461,13675,2026-09-08T21:21:13.055Z,FALSE,"",10:00,FALSE
fare_BOM-DEL_AI_2026-10-23_T+45_1788903777298_756m,BOM-DEL,EaseMyTrip,AI,AI-2493,2026-10-23,T+45,11214,2461,13675,2026-09-08T21:21:13.055Z,FALSE,"",18:25,FALSE
fare_BOM-DEL_IX_2026-10-23_T+45_1788903777298_o2et,BOM-DEL,EaseMyTrip,IX,IX-1237,2026-10-23,T+45,11445,2512,13957,2026-09-08T21:21:13.055Z,FALSE,"",05:55,FALSE
fare_BOM-DEL_QP_2026-10-23_T+45_1788903777298_4ktj,BOM-DEL,EaseMyTrip,QP,QP-2001,2026-10-23,T+45,11351,2492,13843,2026-09-08T21:21:13.055Z,FALSE,"",18:45,FALSE
fare_BOM-DEL_IX_2026-10-23_T+45_1788903777298_cyo5,BOM-DEL,EaseMyTrip,IX,IX-1809,2026-10-23,T+45,13374,2936,16310,2026-09-08T21:21:13.055Z,FALSE,"",07:30,FALSE
fare_BOM-DEL_AI_2026-10-23_T+45_1788903777298_pyov,BOM-DEL,EaseMyTrip,AI,AI-2931,2026-10-23,T+45,11694,2567,14261,2026-09-08T21:21:13.055Z,FALSE,"",04:30,FALSE
fare_BOM-DEL_IX_2026-10-23_T+45_1788903777298_bl0g,BOM-DEL,EaseMyTrip,IX,IX-1347,2026-10-23,T+45,12112,2659,14771,2026-09-08T21:21:13.055Z,FALSE,"",06:20,FALSE
fare_BOM-DEL_AI_2026-10-23_T+45_1788903777298_j1az,BOM-DEL,EaseMyTrip,AI,AI-9891,2026-10-23,T+45,12007,2636,14643,2026-09-08T21:21:13.055Z,FALSE,"",13:10,FALSE
fare_BOM-DEL_IX_2026-10-23_T+45_1788903777298_e78o,BOM-DEL,EaseMyTrip,IX,IX-1626,2026-10-23,T+45,12629,2772,15401,2026-09-08T21:21:13.055Z,FALSE,"",12:00,FALSE
fare_BOM-DEL_AI_2026-10-23_T+45_1788903777298_5pho,BOM-DEL,EaseMyTrip,AI,AI-603,2026-10-23,T+45,12379,2717,15096,2026-09-08T21:21:13.055Z,FALSE,"",05:10,FALSE
fare_BOM-DEL_AI_2026-10-23_T+45_1788903777298_3z3m,BOM-DEL,EaseMyTrip,AI,AI-2785,2026-10-23,T+45,12656,2778,15434,2026-09-08T21:21:13.055Z,FALSE,"",06:40,FALSE
fare_BOM-DEL_QP_2026-10-23_T+45_1788903777298_1cfl,BOM-DEL,EaseMyTrip,QP,QP-2005,2026-10-23,T+45,12589,2764,15353,2026-09-08T21:21:13.055Z,FALSE,"",06:00,FALSE
fare_BOM-DEL_AI_2026-10-23_T+45_1788903777298_togx,BOM-DEL,EaseMyTrip,AI,AI-2730,2026-10-23,T+45,12787,2807,15594,2026-09-08T21:21:13.055Z,FALSE,"",16:00,FALSE
fare_BOM-DEL_IX_2026-10-23_T+45_1788903777298_pftf,BOM-DEL,EaseMyTrip,IX,IX-1640,2026-10-23,T+45,13351,2931,16282,2026-09-08T21:21:13.055Z,FALSE,"",21:05,FALSE
fare_BOM-DEL_AI_2026-10-23_T+45_1788903777298_zsoz,BOM-DEL,EaseMyTrip,AI,AI-2659,2026-10-23,T+45,13091,2874,15965,2026-09-08T21:21:13.055Z,FALSE,"",14:35,FALSE
fare_BOM-DEL_IX_2026-10-23_T+45_1788903777298_c7yt,BOM-DEL,EaseMyTrip,IX,IX-1164,2026-10-23,T+45,13667,3000,16667,2026-09-08T21:21:13.055Z,FALSE,"",17:35,FALSE
fare_BOM-DEL_IX_2026-10-23_T+45_1788903777298_xknt,BOM-DEL,EaseMyTrip,IX,IX-5938,2026-10-23,T+45,13856,3042,16898,2026-09-08T21:21:13.055Z,TRUE,"High outlier: ₹16898 > upper fence ₹16716 (Q3: ₹10981, IQR: ₹3823)",04:30,FALSE
fare_BOM-DEL_AI_2026-10-23_T+45_1788903777298_0gin,BOM-DEL,EaseMyTrip,AI,AI-2753,2026-10-23,T+45,13595,2984,16579,2026-09-08T21:21:13.055Z,FALSE,"",13:50,FALSE
fare_BOM-DEL_AI_2026-10-23_T+45_1788903777298_i7y0,BOM-DEL,EaseMyTrip,AI,AI-2728,2026-10-23,T+45,14015,3077,17092,2026-09-08T21:21:13.055Z,TRUE,"High outlier: ₹17092 > upper fence ₹16716 (Q3: ₹10981, IQR: ₹3823)",05:20,FALSE
fare_BOM-DEL_AI_2026-10-23_T+45_1788903777298_bhoo,BOM-DEL,EaseMyTrip,AI,AI-2749,2026-10-23,T+45,14173,3111,17284,2026-09-08T21:21:13.055Z,TRUE,"High outlier: ₹17284 > upper fence ₹16716 (Q3: ₹10981, IQR: ₹3823)",17:35,FALSE
fare_BOM-DEL_AI_2026-10-23_T+45_1788903777298_4rcu,BOM-DEL,EaseMyTrip,AI,AI-2741,2026-10-23,T+45,14403,3162,17565,2026-09-08T21:21:13.055Z,TRUE,"High outlier: ₹17565 > upper fence ₹16716 (Q3: ₹10981, IQR: ₹3823)",07:40,FALSE
fare_BOM-DEL_IX_2026-10-23_T+45_1788903777298_wtp4,BOM-DEL,EaseMyTrip,IX,IX-1283,2026-10-23,T+45,15045,3302,18347,2026-09-08T21:21:13.055Z,TRUE,"High outlier: ₹18347 > upper fence ₹16716 (Q3: ₹10981, IQR: ₹3823)",09:05,FALSE
fare_BOM-DEL_AI_2026-10-23_T+45_1788903777298_738h,BOM-DEL,EaseMyTrip,AI,AI-2997,2026-10-23,T+45,14670,3220,17890,2026-09-08T21:21:13.055Z,TRUE,"High outlier: ₹17890 > upper fence ₹16716 (Q3: ₹10981, IQR: ₹3823)",10:10,FALSE
fare_BOM-DEL_AI_2026-10-23_T+45_1788903777298_iolo,BOM-DEL,EaseMyTrip,AI,AI-2625,2026-10-23,T+45,16273,3572,19845,2026-09-08T21:21:13.055Z,TRUE,"High outlier: ₹19845 > upper fence ₹16716 (Q3: ₹10981, IQR: ₹3823)",06:00,FALSE
fare_BOM-DEL_AI_2026-10-23_T+45_1788903777298_vpmi,BOM-DEL,EaseMyTrip,AI,AI-9533,2026-10-23,T+45,16352,3590,19942,2026-09-08T21:21:13.055Z,TRUE,"High outlier: ₹19942 > upper fence ₹16716 (Q3: ₹10981, IQR: ₹3823)",16:30,FALSE
fare_BOM-DEL_AI_2026-10-23_T+45_1788903777298_eyc2,BOM-DEL,EaseMyTrip,AI,AI-2444,2026-10-23,T+45,16388,3597,19985,2026-09-08T21:21:13.055Z,TRUE,"High outlier: ₹19985 > upper fence ₹16716 (Q3: ₹10981, IQR: ₹3823)",10:50,FALSE
fare_BOM-DEL_AI_2026-10-23_T+45_1788903777298_1i8k,BOM-DEL,EaseMyTrip,AI,AI-2619,2026-10-23,T+45,16504,3623,20127,2026-09-08T21:21:13.055Z,TRUE,"High outlier: ₹20127 > upper fence ₹16716 (Q3: ₹10981, IQR: ₹3823)",18:00,FALSE
fare_BOM-DEL_AI_2026-10-23_T+45_1788903777298_8l1m,BOM-DEL,EaseMyTrip,AI,AI-2531,2026-10-23,T+45,16536,3630,20166,2026-09-08T21:21:13.055Z,TRUE,"High outlier: ₹20166 > upper fence ₹16716 (Q3: ₹10981, IQR: ₹3823)",15:05,FALSE
fare_BOM-DEL_AI_2026-10-23_T+45_1788903777298_f241,BOM-DEL,EaseMyTrip,AI,AI-2853,2026-10-23,T+45,17453,3831,21284,2026-09-08T21:21:13.055Z,TRUE,"High outlier: ₹21284 > upper fence ₹16716 (Q3: ₹10981, IQR: ₹3823)",15:25,FALSE
fare_BOM-DEL_AI_2026-10-23_T+45_1788903777298_oo2h,BOM-DEL,EaseMyTrip,AI,AI-2781,2026-10-23,T+45,17471,3835,21306,2026-09-08T21:21:13.055Z,TRUE,"High outlier: ₹21306 > upper fence ₹16716 (Q3: ₹10981, IQR: ₹3823)",10:50,FALSE
fare_BOM-DEL_AI_2026-10-23_T+45_1788903777298_iyxz,BOM-DEL,EaseMyTrip,AI,AI-2579,2026-10-23,T+45,19676,4319,23995,2026-09-08T21:21:13.055Z,TRUE,"High outlier: ₹23995 > upper fence ₹16716 (Q3: ₹10981, IQR: ₹3823)",10:35,FALSE
fare_BOM-GOI_QP_2026-10-23_T+45_1788903777298_j0nn,BOM-GOI,EaseMyTrip,QP,QP-1175,2026-10-23,T+45,3840,843,4683,2026-09-08T21:26:22.879Z,FALSE,"",18:25,TRUE
fare_BOM-GOI_IX_2026-10-23_T+45_1788903777298_ordr,BOM-GOI,EaseMyTrip,IX,IX-1163,2026-10-23,T+45,4234,930,5164,2026-09-08T21:26:22.879Z,FALSE,"",20:45,TRUE
fare_BOM-GOI_6E_2026-10-23_T+45_1788903777298_x3oe,BOM-GOI,EaseMyTrip,6E,6E-5177,2026-10-23,T+45,4280,940,5220,2026-09-08T21:26:22.879Z,FALSE,"",19:10,TRUE
fare_BOM-GOI_AI_2026-10-23_T+45_1788903777298_glje,BOM-GOI,EaseMyTrip,AI,AI-603,2026-10-23,T+45,4562,1001,5563,2026-09-08T21:26:22.879Z,FALSE,"",05:10,TRUE
fare_BOM-GOI_6E_2026-10-23_T+45_1788903777298_aj04,BOM-GOI,EaseMyTrip,6E,6E-5106,2026-10-23,T+45,4412,969,5381,2026-09-08T21:26:22.879Z,FALSE,"",22:15,TRUE
fare_BOM-GOI_AI_2026-10-23_T+45_1788903777298_psm9,BOM-GOI,EaseMyTrip,AI,AI-2505,2026-10-23,T+45,5480,1203,6683,2026-09-08T21:26:22.879Z,FALSE,"",19:25,TRUE
fare_BOM-GOI_6E_2026-10-23_T+45_1788903777298_thfb,BOM-GOI,EaseMyTrip,6E,6E-2070,2026-10-23,T+45,5344,1173,6517,2026-09-08T21:26:22.879Z,FALSE,"",20:25,TRUE
fare_BOM-GOI_6E_2026-10-23_T+45_1788903777298_fxw3,BOM-GOI,EaseMyTrip,6E,6E-5284,2026-10-23,T+45,5344,1173,6517,2026-09-08T21:26:22.879Z,FALSE,"",06:55,TRUE
fare_BOM-GOI_6E_2026-10-23_T+45_1788903777298_sufx,BOM-GOI,EaseMyTrip,6E,6E-2282,2026-10-23,T+45,5378,1181,6559,2026-09-08T21:26:22.879Z,FALSE,"",20:00,TRUE
fare_BOM-GOI_IX_2026-10-23_T+45_1788903777298_1s02,BOM-GOI,EaseMyTrip,IX,IX-1242,2026-10-23,T+45,6111,1341,7452,2026-09-08T21:26:22.879Z,FALSE,"",16:30,TRUE
fare_BOM-GOI_6E_2026-10-23_T+45_1788903777298_oho9,BOM-GOI,EaseMyTrip,6E,6E-6361,2026-10-23,T+45,5852,1285,7137,2026-09-08T21:26:22.879Z,FALSE,"",05:00,TRUE
fare_BOM-GOI_6E_2026-10-23_T+45_1788903777298_9ojc,BOM-GOI,EaseMyTrip,6E,6E-5241,2026-10-23,T+45,5852,1285,7137,2026-09-08T21:26:22.879Z,FALSE,"",16:40,TRUE
fare_BOM-GOI_6E_2026-10-23_T+45_1788903777298_mm0y,BOM-GOI,EaseMyTrip,6E,6E-351,2026-10-23,T+45,5861,1286,7147,2026-09-08T21:26:22.879Z,FALSE,"",10:40,TRUE
fare_BOM-GOI_6E_2026-10-23_T+45_1788903777298_e4md,BOM-GOI,EaseMyTrip,6E,6E-958,2026-10-23,T+45,5861,1286,7147,2026-09-08T21:26:22.879Z,FALSE,"",10:40,TRUE
fare_BOM-GOI_AI_2026-10-23_T+45_1788903777298_9rby,BOM-GOI,EaseMyTrip,AI,AI-2745,2026-10-23,T+45,6279,1378,7657,2026-09-08T21:26:22.879Z,FALSE,"",15:30,TRUE
fare_BOM-GOI_6E_2026-10-23_T+45_1788903777298_xuht,BOM-GOI,EaseMyTrip,6E,6E-5386,2026-10-23,T+45,6131,1346,7477,2026-09-08T21:26:22.879Z,FALSE,"",15:10,FALSE
fare_BOM-GOI_6E_2026-10-23_T+45_1788903777298_cn8t,BOM-GOI,EaseMyTrip,6E,6E-5228,2026-10-23,T+45,6131,1346,7477,2026-09-08T21:26:22.879Z,FALSE,"",16:45,FALSE
fare_BOM-GOI_6E_2026-10-23_T+45_1788903777298_f0lf,BOM-GOI,EaseMyTrip,6E,6E-5178,2026-10-23,T+45,6131,1346,7477,2026-09-08T21:26:22.879Z,FALSE,"",11:45,FALSE
fare_BOM-GOI_6E_2026-10-23_T+45_1788903777298_jf6x,BOM-GOI,EaseMyTrip,6E,6E-5318,2026-10-23,T+45,6131,1346,7477,2026-09-08T21:26:22.879Z,FALSE,"",10:15,FALSE
fare_BOM-GOI_6E_2026-10-23_T+45_1788903777298_ucl7,BOM-GOI,EaseMyTrip,6E,6E-5246,2026-10-23,T+45,6131,1346,7477,2026-09-08T21:26:22.879Z,FALSE,"",07:15,FALSE
fare_BOM-GOI_IX_2026-10-23_T+45_1788903777298_cxb1,BOM-GOI,EaseMyTrip,IX,IX-2367,2026-10-23,T+45,6421,1409,7830,2026-09-08T21:26:22.879Z,FALSE,"",07:20,TRUE
fare_BOM-GOI_6E_2026-10-23_T+45_1788903777298_ua7f,BOM-GOI,EaseMyTrip,6E,6E-6057,2026-10-23,T+45,6421,1409,7830,2026-09-08T21:26:22.879Z,FALSE,"",09:15,TRUE
fare_BOM-GOI_6E_2026-10-23_T+45_1788903777298_26o4,BOM-GOI,EaseMyTrip,6E,6E-6362,2026-10-23,T+45,6508,1429,7937,2026-09-08T21:26:22.879Z,FALSE,"",05:45,FALSE
fare_BOM-GOI_6E_2026-10-23_T+45_1788903777298_6pgb,BOM-GOI,EaseMyTrip,6E,6E-5179,2026-10-23,T+45,6508,1429,7937,2026-09-08T21:26:22.879Z,FALSE,"",02:45,FALSE
fare_BOM-GOI_6E_2026-10-23_T+45_1788903777298_bci5,BOM-GOI,EaseMyTrip,6E,6E-6187,2026-10-23,T+45,6508,1429,7937,2026-09-08T21:26:22.879Z,FALSE,"",00:30,FALSE
fare_BOM-GOI_6E_2026-10-23_T+45_1788903777298_z026,BOM-GOI,EaseMyTrip,6E,6E-6195,2026-10-23,T+45,6508,1429,7937,2026-09-08T21:26:22.879Z,FALSE,"",23:00,FALSE
fare_BOM-GOI_QP_2026-10-23_T+45_1788903777298_fpl8,BOM-GOI,EaseMyTrip,QP,QP-1105,2026-10-23,T+45,6924,1520,8444,2026-09-08T21:26:22.879Z,FALSE,"",13:25,TRUE
fare_BOM-GOI_6E_2026-10-23_T+45_1788903777298_k3zw,BOM-GOI,EaseMyTrip,6E,6E-697,2026-10-23,T+45,6972,1530,8502,2026-09-08T21:26:22.879Z,FALSE,"",13:55,TRUE
fare_BOM-GOI_6E_2026-10-23_T+45_1788903777298_xv02,BOM-GOI,EaseMyTrip,6E,6E-207,2026-10-23,T+45,6972,1530,8502,2026-09-08T21:26:22.879Z,FALSE,"",13:55,TRUE
fare_BOM-GOI_IX_2026-10-23_T+45_1788903777298_346x,BOM-GOI,EaseMyTrip,IX,IX-1238,2026-10-23,T+45,7660,1682,9342,2026-09-08T21:26:22.879Z,FALSE,"",12:25,TRUE
fare_BOM-GOI_6E_2026-10-23_T+45_1788903777298_cufv,BOM-GOI,EaseMyTrip,6E,6E-463,2026-10-23,T+45,8005,1757,9762,2026-09-08T21:26:22.879Z,FALSE,"",11:20,TRUE
fare_BOM-GOI_6E_2026-10-23_T+45_1788903777298_uwrw,BOM-GOI,EaseMyTrip,6E,6E-449,2026-10-23,T+45,8005,1757,9762,2026-09-08T21:26:22.879Z,FALSE,"",11:20,TRUE
fare_BOM-GOI_IX_2026-10-23_T+45_1788903777298_4lqk,BOM-GOI,EaseMyTrip,IX,IX-5938,2026-10-23,T+45,9173,2014,11187,2026-09-08T21:26:22.879Z,FALSE,"",04:30,FALSE
fare_BOM-GOI_AI_2026-10-23_T+45_1788903777298_l48m,BOM-GOI,EaseMyTrip,AI,AI-2477,2026-10-23,T+45,9073,1992,11065,2026-09-08T21:26:22.879Z,FALSE,"",13:05,TRUE
fare_BOM-GOI_AI_2026-10-23_T+45_1788903777298_a1gl,BOM-GOI,EaseMyTrip,AI,AI-2869,2026-10-23,T+45,9348,2052,11400,2026-09-08T21:26:22.879Z,FALSE,"",21:25,FALSE
fare_BOM-GOI_AI_2026-10-23_T+45_1788903777298_c409,BOM-GOI,EaseMyTrip,AI,AI-2531,2026-10-23,T+45,9526,2091,11617,2026-09-08T21:26:22.879Z,FALSE,"",15:05,FALSE
fare_BOM-GOI_AI_2026-10-23_T+45_1788903777298_l0qg,BOM-GOI,EaseMyTrip,AI,AI-2444,2026-10-23,T+45,9667,2122,11789,2026-09-08T21:26:22.879Z,FALSE,"",10:50,FALSE
fare_BOM-GOI_AI_2026-10-23_T+45_1788903777298_2ht2,BOM-GOI,EaseMyTrip,AI,AI-2625,2026-10-23,T+45,10221,2244,12465,2026-09-08T21:26:22.879Z,FALSE,"",06:00,FALSE
fare_BOM-GOI_AI_2026-10-23_T+45_1788903777298_uvxz,BOM-GOI,EaseMyTrip,AI,AI-2619,2026-10-23,T+45,10456,2295,12751,2026-09-08T21:26:22.879Z,FALSE,"",18:00,FALSE
fare_BOM-GOI_AI_2026-10-23_T+45_1788903777298_p6uv,BOM-GOI,EaseMyTrip,AI,AI-2812,2026-10-23,T+45,10729,2355,13084,2026-09-08T21:26:22.879Z,FALSE,"",02:05,FALSE
fare_BOM-GOI_6E_2026-10-23_T+45_1788903777298_xa1f,BOM-GOI,EaseMyTrip,6E,6E-7077,2026-10-23,T+45,10975,2409,13384,2026-09-08T21:26:22.879Z,FALSE,"",13:15,TRUE
fare_BOM-GOI_AI_2026-10-23_T+45_1788903777298_nj51,BOM-GOI,EaseMyTrip,AI,AI-2603,2026-10-23,T+45,11588,2544,14132,2026-09-08T21:26:22.879Z,FALSE,"",06:35,FALSE
fare_BOM-GOI_AI_2026-10-23_T+45_1788903777298_nkq5,BOM-GOI,EaseMyTrip,AI,AI-2875,2026-10-23,T+45,11596,2546,14142,2026-09-08T21:26:22.879Z,FALSE,"",19:35,FALSE
fare_BOM-GOI_AI_2026-10-23_T+45_1788903777298_6v8w,BOM-GOI,EaseMyTrip,AI,AI-2863,2026-10-23,T+45,11810,2592,14402,2026-09-08T21:26:22.879Z,FALSE,"",10:00,FALSE
fare_BOM-GOI_AI_2026-10-23_T+45_1788903777298_74yp,BOM-GOI,EaseMyTrip,AI,AI-2851,2026-10-23,T+45,11921,2617,14538,2026-09-08T21:26:22.879Z,FALSE,"",07:55,FALSE
fare_BOM-GOI_AI_2026-10-23_T+45_1788903777298_d8wn,BOM-GOI,EaseMyTrip,AI,AI-2857,2026-10-23,T+45,12076,2651,14727,2026-09-08T21:26:22.879Z,FALSE,"",23:30,FALSE
fare_BOM-GOI_AI_2026-10-23_T+45_1788903777298_qnq5,BOM-GOI,EaseMyTrip,AI,AI-2632,2026-10-23,T+45,12771,2803,15574,2026-09-08T21:26:22.879Z,FALSE,"",12:00,FALSE
fare_BOM-GOI_AI_2026-10-23_T+45_1788903777298_flh0,BOM-GOI,EaseMyTrip,AI,AI-1851,2026-10-23,T+45,13004,2855,15859,2026-09-08T21:26:22.879Z,FALSE,"",15:30,FALSE
fare_BOM-GOI_AI_2026-10-23_T+45_1788903777298_ehxz,BOM-GOI,EaseMyTrip,AI,AI-2442,2026-10-23,T+45,13004,2855,15859,2026-09-08T21:26:22.879Z,FALSE,"",15:00,FALSE
fare_BOM-GOI_AI_2026-10-23_T+45_1788903777298_nv0y,BOM-GOI,EaseMyTrip,AI,AI-2944,2026-10-23,T+45,13004,2855,15859,2026-09-08T21:26:22.879Z,FALSE,"",14:35,FALSE
fare_BOM-GOI_AI_2026-10-23_T+45_1788903777298_kq4c,BOM-GOI,EaseMyTrip,AI,AI-2687,2026-10-23,T+45,13260,2911,16171,2026-09-08T21:26:22.879Z,FALSE,"",16:30,FALSE
fare_BOM-GOI_AI_2026-10-23_T+45_1788903777298_0cy4,BOM-GOI,EaseMyTrip,AI,AI-2952,2026-10-23,T+45,13384,2938,16322,2026-09-08T21:26:22.879Z,FALSE,"",11:25,FALSE
fare_BOM-GOI_AI_2026-10-23_T+45_1788903777298_nyu9,BOM-GOI,EaseMyTrip,AI,AI-2432,2026-10-23,T+45,13538,2972,16510,2026-09-08T21:26:22.879Z,FALSE,"",09:30,FALSE
fare_BOM-GOI_AI_2026-10-23_T+45_1788903777298_an6k,BOM-GOI,EaseMyTrip,AI,AI-2677,2026-10-23,T+45,13753,3019,16772,2026-09-08T21:26:22.879Z,FALSE,"",13:00,FALSE
fare_BOM-GOI_AI_2026-10-23_T+45_1788903777298_cq1o,BOM-GOI,EaseMyTrip,AI,AI-2970,2026-10-23,T+45,13887,3048,16935,2026-09-08T21:26:22.879Z,FALSE,"",08:30,FALSE
fare_BOM-GOI_AI_2026-10-23_T+45_1788903777298_tcmv,BOM-GOI,EaseMyTrip,AI,AI-2928,2026-10-23,T+45,13887,3048,16935,2026-09-08T21:26:22.879Z,FALSE,"",06:30,FALSE
fare_BOM-GOI_AI_2026-10-23_T+45_1788903777298_0ydu,BOM-GOI,EaseMyTrip,AI,AI-2430,2026-10-23,T+45,13919,3055,16974,2026-09-08T21:26:22.879Z,FALSE,"",10:00,FALSE
fare_BOM-GOI_AI_2026-10-23_T+45_1788903777298_weyi,BOM-GOI,EaseMyTrip,AI,AI-2865,2026-10-23,T+45,14233,3124,17357,2026-09-08T21:26:22.879Z,FALSE,"",19:45,FALSE
fare_BOM-GOI_AI_2026-10-23_T+45_1788903777298_5xgk,BOM-GOI,EaseMyTrip,AI,AI-2428,2026-10-23,T+45,14256,3129,17385,2026-09-08T21:26:22.879Z,FALSE,"",08:00,FALSE
fare_BOM-GOI_AI_2026-10-23_T+45_1788903777298_u3lc,BOM-GOI,EaseMyTrip,AI,AI-2930,2026-10-23,T+45,14256,3129,17385,2026-09-08T21:26:22.879Z,FALSE,"",07:30,FALSE
fare_BOM-GOI_AI_2026-10-23_T+45_1788903777298_e5j0,BOM-GOI,EaseMyTrip,AI,AI-2424,2026-10-23,T+45,14327,3145,17472,2026-09-08T21:26:22.879Z,FALSE,"",07:00,FALSE
fare_BOM-GOI_AI_2026-10-23_T+45_1788903777298_wokq,BOM-GOI,EaseMyTrip,AI,AI-2452,2026-10-23,T+45,14374,3155,17529,2026-09-08T21:26:22.879Z,FALSE,"",03:05,FALSE
fare_BOM-GOI_6E_2026-10-23_T+45_1788903777298_oto5,BOM-GOI,EaseMyTrip,6E,6E-7037,2026-10-23,T+45,14247,3127,17374,2026-09-08T21:26:22.879Z,FALSE,"",11:05,TRUE
fare_BOM-GOI_AI_2026-10-23_T+45_1788903777298_e8ad,BOM-GOI,EaseMyTrip,AI,AI-2401,2026-10-23,T+45,14646,3215,17861,2026-09-08T21:26:22.879Z,FALSE,"",20:45,FALSE
fare_BOM-GOI_AI_2026-10-23_T+45_1788903777298_69pj,BOM-GOI,EaseMyTrip,AI,AI-2641,2026-10-23,T+45,14709,3229,17938,2026-09-08T21:26:22.879Z,FALSE,"",18:30,FALSE
fare_BOM-GOI_AI_2026-10-23_T+45_1788903777298_t9hd,BOM-GOI,EaseMyTrip,AI,AI-2422,2026-10-23,T+45,20514,4503,25017,2026-09-08T21:26:22.879Z,FALSE,"",01:00,FALSE
fare_BOM-PNQ_AI_2026-10-08_T+30_1788903777298_lyw3,BOM-PNQ,EaseMyTrip,AI,AI-2845,2026-10-08,T+30,8568,1881,10449,2026-09-08T21:28:16.033Z,TRUE,"Low outlier: ₹10449 < lower fence ₹10568 (Q1: ₹11663, IQR: ₹730)",05:30,FALSE
fare_BOM-PNQ_AI_2026-10-08_T+30_1788903777298_f84g,BOM-PNQ,EaseMyTrip,AI,AI-2812,2026-10-08,T+30,8568,1881,10449,2026-09-08T21:28:16.033Z,TRUE,"Low outlier: ₹10449 < lower fence ₹10568 (Q1: ₹11663, IQR: ₹730)",02:05,FALSE
fare_BOM-PNQ_AI_2026-10-08_T+30_1788903777298_k9ge,BOM-PNQ,EaseMyTrip,AI,AI-2857,2026-10-08,T+30,9293,2040,11333,2026-09-08T21:28:16.033Z,FALSE,"",23:30,FALSE
fare_BOM-PNQ_AI_2026-10-08_T+30_1788903777298_j16r,BOM-PNQ,EaseMyTrip,AI,AI-2853,2026-10-08,T+30,9428,2069,11497,2026-09-08T21:28:16.033Z,FALSE,"",15:25,FALSE
fare_BOM-PNQ_AI_2026-10-08_T+30_1788903777298_p2r7,BOM-PNQ,EaseMyTrip,AI,AI-2401,2026-10-08,T+30,9555,2097,11652,2026-09-08T21:28:16.033Z,FALSE,"",20:45,FALSE
fare_BOM-PNQ_AI_2026-10-08_T+30_1788903777298_azj6,BOM-PNQ,EaseMyTrip,AI,AI-2865,2026-10-08,T+30,9591,2105,11696,2026-09-08T21:28:16.033Z,FALSE,"",19:45,FALSE
fare_BOM-PNQ_AI_2026-10-08_T+30_1788903777298_ilbr,BOM-PNQ,EaseMyTrip,AI,AI-2849,2026-10-08,T+30,9649,2118,11767,2026-09-08T21:28:16.033Z,FALSE,"",17:30,FALSE
fare_BOM-PNQ_AI_2026-10-08_T+30_1788903777298_a8wg,BOM-PNQ,EaseMyTrip,AI,AI-2603,2026-10-08,T+30,9649,2118,11767,2026-09-08T21:28:16.033Z,FALSE,"",06:35,FALSE
fare_BOM-PNQ_AI_2026-10-08_T+30_1788903777298_3r7w,BOM-PNQ,EaseMyTrip,AI,AI-2863,2026-10-08,T+30,9649,2118,11767,2026-09-08T21:28:16.033Z,FALSE,"",10:00,FALSE
fare_BOM-PNQ_AI_2026-10-08_T+30_1788903777298_axmr,BOM-PNQ,EaseMyTrip,AI,AI-2641,2026-10-08,T+30,9760,2142,11902,2026-09-08T21:28:16.033Z,FALSE,"",18:30,FALSE
fare_BOM-PNQ_AI_2026-10-08_T+30_1788903777298_2iy0,BOM-PNQ,EaseMyTrip,AI,AI-2851,2026-10-08,T+30,9760,2142,11902,2026-09-08T21:28:16.033Z,FALSE,"",07:55,FALSE
fare_BOM-PNQ_AI_2026-10-08_T+30_1788903777298_21zy,BOM-PNQ,EaseMyTrip,AI,AI-2632,2026-10-08,T+30,9796,2150,11946,2026-09-08T21:28:16.033Z,FALSE,"",12:00,FALSE
fare_BOM-PNQ_AI_2026-10-08_T+30_1788903777298_ozl3,BOM-PNQ,EaseMyTrip,AI,AI-1891,2026-10-08,T+30,10162,2231,12393,2026-09-08T21:28:16.033Z,FALSE,"",08:10,FALSE
fare_BOM-PNQ_AI_2026-10-08_T+30_1788903777298_khx9,BOM-PNQ,EaseMyTrip,AI,AI-2749,2026-10-08,T+30,10162,2231,12393,2026-09-08T21:28:16.033Z,FALSE,"",17:35,FALSE
fare_BOM-PNQ_AI_2026-10-08_T+30_1788903777298_l6e7,BOM-PNQ,EaseMyTrip,AI,AI-2944,2026-10-08,T+30,14166,3109,17275,2026-09-08T21:28:16.033Z,TRUE,"High outlier: ₹17275 > upper fence ₹13488 (Q3: ₹12393, IQR: ₹730)",14:35,FALSE
fare_BOM-PNQ_AI_2026-10-08_T+30_1788903777298_m1bd,BOM-PNQ,EaseMyTrip,AI,AI-2677,2026-10-08,T+30,14322,3144,17466,2026-09-08T21:28:16.033Z,TRUE,"High outlier: ₹17466 > upper fence ₹13488 (Q3: ₹12393, IQR: ₹730)",13:00,FALSE
fare_BOM-PNQ_AI_2026-10-08_T+30_1788903777298_m7i7,BOM-PNQ,EaseMyTrip,AI,AI-2910,2026-10-08,T+30,15161,3328,18489,2026-09-08T21:28:16.033Z,TRUE,"High outlier: ₹18489 > upper fence ₹13488 (Q3: ₹12393, IQR: ₹730)",17:30,FALSE
fare_BOM-PNQ_AI_2026-10-08_T+30_1788903777298_obiw,BOM-PNQ,EaseMyTrip,AI,AI-2988,2026-10-08,T+30,17830,3914,21744,2026-09-08T21:28:16.033Z,TRUE,"High outlier: ₹21744 > upper fence ₹13488 (Q3: ₹12393, IQR: ₹730)",20:30,FALSE
fare_BOM-PNQ_AI_2026-10-23_T+45_1788903777298_znl7,BOM-PNQ,EaseMyTrip,AI,AI-2812,2026-10-23,T+45,8568,1881,10449,2026-09-08T21:28:21.956Z,FALSE,"",02:05,FALSE
fare_BOM-PNQ_AI_2026-10-23_T+45_1788903777298_hadw,BOM-PNQ,EaseMyTrip,AI,AI-2853,2026-10-23,T+45,9428,2069,11497,2026-09-08T21:28:21.956Z,FALSE,"",15:25,FALSE
fare_BOM-PNQ_AI_2026-10-23_T+45_1788903777298_ejrh,BOM-PNQ,EaseMyTrip,AI,AI-2603,2026-10-23,T+45,9428,2069,11497,2026-09-08T21:28:21.956Z,FALSE,"",06:35,FALSE
fare_BOM-PNQ_AI_2026-10-23_T+45_1788903777298_4n81,BOM-PNQ,EaseMyTrip,AI,AI-2863,2026-10-23,T+45,9649,2118,11767,2026-09-08T21:28:21.956Z,FALSE,"",10:00,FALSE
fare_BOM-PNQ_AI_2026-10-23_T+45_1788903777298_16ya,BOM-PNQ,EaseMyTrip,AI,AI-2851,2026-10-23,T+45,9760,2142,11902,2026-09-08T21:28:21.956Z,FALSE,"",07:55,FALSE
fare_BOM-PNQ_AI_2026-10-23_T+45_1788903777298_lwxq,BOM-PNQ,EaseMyTrip,AI,AI-2857,2026-10-23,T+45,9915,2176,12091,2026-09-08T21:28:21.956Z,FALSE,"",23:30,FALSE
fare_BOM-PNQ_AI_2026-10-23_T+45_1788903777298_eodf,BOM-PNQ,EaseMyTrip,AI,AI-2780,2026-10-23,T+45,9943,2183,12126,2026-09-08T21:28:21.956Z,FALSE,"",14:00,FALSE
fare_BOM-PNQ_AI_2026-10-23_T+45_1788903777298_8e2o,BOM-PNQ,EaseMyTrip,AI,AI-2739,2026-10-23,T+45,9943,2183,12126,2026-09-08T21:28:21.956Z,FALSE,"",09:00,FALSE
fare_BOM-PNQ_AI_2026-10-23_T+45_1788903777298_rkbi,BOM-PNQ,EaseMyTrip,AI,AI-2849,2026-10-23,T+45,10033,2202,12235,2026-09-08T21:28:21.956Z,FALSE,"",17:30,FALSE
fare_BOM-PNQ_AI_2026-10-23_T+45_1788903777298_7xg5,BOM-PNQ,EaseMyTrip,AI,AI-2865,2026-10-23,T+45,10091,2215,12306,2026-09-08T21:28:21.956Z,FALSE,"",19:45,FALSE
fare_BOM-PNQ_AI_2026-10-23_T+45_1788903777298_1d2h,BOM-PNQ,EaseMyTrip,AI,AI-435,2026-10-23,T+45,10186,2236,12422,2026-09-08T21:28:21.956Z,FALSE,"",18:10,FALSE
fare_BOM-PNQ_AI_2026-10-23_T+45_1788903777298_hyrk,BOM-PNQ,EaseMyTrip,AI,AI-2401,2026-10-23,T+45,10504,2306,12810,2026-09-08T21:28:21.956Z,FALSE,"",20:45,FALSE
fare_BOM-PNQ_AI_2026-10-23_T+45_1788903777298_dtem,BOM-PNQ,EaseMyTrip,AI,AI-2641,2026-10-23,T+45,10568,2320,12888,2026-09-08T21:28:21.956Z,FALSE,"",18:30,FALSE
fare_BOM-PNQ_AI_2026-10-23_T+45_1788903777299_3y2g,BOM-PNQ,EaseMyTrip,AI,AI-1891,2026-10-23,T+45,10981,2410,13391,2026-09-08T21:28:21.956Z,FALSE,"",08:10,FALSE
fare_BOM-PNQ_AI_2026-10-23_T+45_1788903777299_6t8s,BOM-PNQ,EaseMyTrip,AI,AI-2749,2026-10-23,T+45,11325,2486,13811,2026-09-08T21:28:21.956Z,FALSE,"",17:35,FALSE
fare_BOM-PNQ_AI_2026-10-23_T+45_1788903777299_76ue,BOM-PNQ,EaseMyTrip,AI,AI-2986,2026-10-23,T+45,13031,2860,15891,2026-09-08T21:28:21.956Z,FALSE,"",22:35,FALSE
fare_BOM-PNQ_AI_2026-10-23_T+45_1788903777299_9g25,BOM-PNQ,EaseMyTrip,AI,AI-2944,2026-10-23,T+45,13295,2919,16214,2026-09-08T21:28:21.956Z,TRUE,"High outlier: ₹16214 > upper fence ₹16007 (Q3: ₹13601, IQR: ₹1604)",14:35,FALSE
fare_BOM-PNQ_AI_2026-10-23_T+45_1788903777299_0149,BOM-PNQ,EaseMyTrip,AI,AI-2677,2026-10-23,T+45,14507,3185,17692,2026-09-08T21:28:21.956Z,TRUE,"High outlier: ₹17692 > upper fence ₹16007 (Q3: ₹13601, IQR: ₹1604)",13:00,FALSE
fare_BOM-PNQ_AI_2026-10-23_T+45_1788903777299_2scu,BOM-PNQ,EaseMyTrip,AI,AI-2988,2026-10-23,T+45,14637,3213,17850,2026-09-08T21:28:21.956Z,TRUE,"High outlier: ₹17850 > upper fence ₹16007 (Q3: ₹13601, IQR: ₹1604)",20:30,FALSE
fare_CCU-DEL_IX_2026-09-09_T+1_1788903777299_0nui,CCU-DEL,EaseMyTrip,IX,IX-1514,2026-09-09,T+1,7083,1555,8638,2026-09-08T21:23:56.358Z,FALSE,"",14:05,FALSE
fare_CCU-DEL_IX_2026-09-09_T+1_1788903777299_4ps1,CCU-DEL,EaseMyTrip,IX,IX-1248,2026-09-09,T+1,7083,1555,8638,2026-09-08T21:23:56.358Z,FALSE,"",07:45,FALSE
fare_CCU-DEL_6E_2026-09-09_T+1_1788903777299_oy2t,CCU-DEL,EaseMyTrip,6E,6E-268,2026-09-09,T+1,7048,1547,8595,2026-09-08T21:23:56.358Z,FALSE,"",09:45,FALSE
fare_CCU-DEL_6E_2026-09-09_T+1_1788903777299_3p59,CCU-DEL,EaseMyTrip,6E,6E-483,2026-09-09,T+1,7048,1547,8595,2026-09-08T21:23:56.358Z,FALSE,"",09:45,FALSE
fare_CCU-DEL_6E_2026-09-09_T+1_1788903777299_kb1f,CCU-DEL,EaseMyTrip,6E,6E-621,2026-09-09,T+1,7048,1547,8595,2026-09-08T21:23:56.358Z,FALSE,"",09:45,FALSE
fare_CCU-DEL_6E_2026-09-09_T+1_1788903777299_fn5b,CCU-DEL,EaseMyTrip,6E,6E-654,2026-09-09,T+1,7048,1547,8595,2026-09-08T21:23:56.358Z,FALSE,"",09:45,FALSE
fare_CCU-DEL_6E_2026-09-09_T+1_1788903777299_km8m,CCU-DEL,EaseMyTrip,6E,6E-6134,2026-09-09,T+1,7058,1549,8607,2026-09-08T21:23:56.358Z,FALSE,"",16:30,FALSE
fare_CCU-DEL_6E_2026-09-09_T+1_1788903777299_wi2x,CCU-DEL,EaseMyTrip,6E,6E-462,2026-09-09,T+1,7134,1566,8700,2026-09-08T21:23:56.358Z,FALSE,"",12:40,FALSE
fare_CCU-DEL_6E_2026-09-09_T+1_1788903777299_mcvb,CCU-DEL,EaseMyTrip,6E,6E-251,2026-09-09,T+1,7134,1566,8700,2026-09-08T21:23:56.358Z,FALSE,"",12:40,FALSE
fare_CCU-DEL_6E_2026-09-09_T+1_1788903777299_z0jt,CCU-DEL,EaseMyTrip,6E,6E-922,2026-09-09,T+1,7134,1566,8700,2026-09-08T21:23:56.358Z,FALSE,"",11:30,FALSE
fare_CCU-DEL_6E_2026-09-09_T+1_1788903777299_lkz3,CCU-DEL,EaseMyTrip,6E,6E-937,2026-09-09,T+1,7134,1566,8700,2026-09-08T21:23:56.358Z,FALSE,"",11:30,FALSE
fare_CCU-DEL_QP_2026-09-09_T+1_1788903777299_7w8s,CCU-DEL,EaseMyTrip,QP,QP-1804,2026-09-09,T+1,7188,1578,8766,2026-09-08T21:23:56.358Z,FALSE,"",20:05,TRUE
fare_CCU-DEL_6E_2026-09-09_T+1_1788903777299_6gt7,CCU-DEL,EaseMyTrip,6E,6E-2588,2026-09-09,T+1,7202,1581,8783,2026-09-08T21:23:56.358Z,FALSE,"",11:45,TRUE
fare_CCU-DEL_6E_2026-09-09_T+1_1788903777299_9hxw,CCU-DEL,EaseMyTrip,6E,6E-5190,2026-09-09,T+1,7256,1593,8849,2026-09-08T21:23:56.358Z,FALSE,"",22:30,TRUE
fare_CCU-DEL_6E_2026-09-09_T+1_1788903777299_cs3h,CCU-DEL,EaseMyTrip,6E,6E-359,2026-09-09,T+1,7256,1593,8849,2026-09-08T21:23:56.358Z,FALSE,"",21:00,TRUE
fare_CCU-DEL_6E_2026-09-09_T+1_1788903777299_5ccl,CCU-DEL,EaseMyTrip,6E,6E-596,2026-09-09,T+1,7256,1593,8849,2026-09-08T21:23:56.358Z,FALSE,"",21:00,TRUE
fare_CCU-DEL_6E_2026-09-09_T+1_1788903777299_c5q6,CCU-DEL,EaseMyTrip,6E,6E-684,2026-09-09,T+1,7306,1604,8910,2026-09-08T21:23:56.358Z,FALSE,"",14:00,FALSE
fare_CCU-DEL_6E_2026-09-09_T+1_1788903777299_755k,CCU-DEL,EaseMyTrip,6E,6E-885,2026-09-09,T+1,7306,1604,8910,2026-09-08T21:23:56.358Z,FALSE,"",14:00,FALSE
fare_CCU-DEL_6E_2026-09-09_T+1_1788903777299_k5zt,CCU-DEL,EaseMyTrip,6E,6E-982,2026-09-09,T+1,7306,1604,8910,2026-09-08T21:23:56.358Z,FALSE,"",12:50,FALSE
fare_CCU-DEL_6E_2026-09-09_T+1_1788903777299_i7qj,CCU-DEL,EaseMyTrip,6E,6E-213,2026-09-09,T+1,7306,1604,8910,2026-09-08T21:23:56.358Z,FALSE,"",12:50,FALSE
fare_CCU-DEL_AI_2026-09-09_T+1_1788903777299_t92c,CCU-DEL,EaseMyTrip,AI,AI-2710,2026-09-09,T+1,7485,1643,9128,2026-09-08T21:23:56.358Z,FALSE,"",22:30,TRUE
fare_CCU-DEL_QP_2026-09-09_T+1_1788903777299_qmb1,CCU-DEL,EaseMyTrip,QP,QP-1802,2026-09-09,T+1,7442,1634,9076,2026-09-08T21:23:56.358Z,FALSE,"",09:05,TRUE
fare_CCU-DEL_AI_2026-09-09_T+1_1788903777299_91nx,CCU-DEL,EaseMyTrip,AI,AI-2704,2026-09-09,T+1,7642,1677,9319,2026-09-08T21:23:56.358Z,FALSE,"",10:30,TRUE
fare_CCU-DEL_AI_2026-09-09_T+1_1788903777299_yx8q,CCU-DEL,EaseMyTrip,AI,AI-2708,2026-09-09,T+1,7642,1677,9319,2026-09-08T21:23:56.358Z,FALSE,"",21:00,TRUE
fare_CCU-DEL_AI_2026-09-09_T+1_1788903777299_5q2u,CCU-DEL,EaseMyTrip,AI,AI-2536,2026-09-09,T+1,7642,1677,9319,2026-09-08T21:23:56.358Z,FALSE,"",09:55,TRUE
fare_CCU-DEL_6E_2026-09-09_T+1_1788903777299_9xuf,CCU-DEL,EaseMyTrip,6E,6E-7317,2026-09-09,T+1,7583,1664,9247,2026-09-08T21:23:56.358Z,FALSE,"",14:05,FALSE
fare_CCU-DEL_6E_2026-09-09_T+1_1788903777299_ghpt,CCU-DEL,EaseMyTrip,6E,6E-7325,2026-09-09,T+1,7583,1664,9247,2026-09-08T21:23:56.358Z,FALSE,"",16:20,FALSE
fare_CCU-DEL_AI_2026-09-09_T+1_1788903777299_q0y5,CCU-DEL,EaseMyTrip,AI,AI-2768,2026-09-09,T+1,7766,1705,9471,2026-09-08T21:23:56.358Z,FALSE,"",16:10,TRUE
fare_CCU-DEL_AI_2026-09-09_T+1_1788903777299_c0s3,CCU-DEL,EaseMyTrip,AI,AI-1874,2026-09-09,T+1,7766,1705,9471,2026-09-08T21:23:56.358Z,FALSE,"",12:55,TRUE
fare_CCU-DEL_6E_2026-09-09_T+1_1788903777299_vlet,CCU-DEL,EaseMyTrip,6E,6E-112,2026-09-09,T+1,7730,1697,9427,2026-09-08T21:23:56.358Z,FALSE,"",05:20,TRUE
fare_CCU-DEL_6E_2026-09-09_T+1_1788903777299_jwcb,CCU-DEL,EaseMyTrip,6E,6E-338,2026-09-09,T+1,7730,1697,9427,2026-09-08T21:23:56.358Z,FALSE,"",05:20,TRUE
fare_CCU-DEL_6E_2026-09-09_T+1_1788903777299_eq6g,CCU-DEL,EaseMyTrip,6E,6E-454,2026-09-09,T+1,7863,1726,9589,2026-09-08T21:23:56.358Z,FALSE,"",06:00,FALSE
fare_CCU-DEL_6E_2026-09-09_T+1_1788903777299_7bgs,CCU-DEL,EaseMyTrip,6E,6E-833,2026-09-09,T+1,7863,1726,9589,2026-09-08T21:23:56.358Z,FALSE,"",06:00,FALSE
fare_CCU-DEL_6E_2026-09-09_T+1_1788903777299_3obt,CCU-DEL,EaseMyTrip,6E,6E-6154,2026-09-09,T+1,7863,1726,9589,2026-09-08T21:23:56.358Z,FALSE,"",20:45,FALSE
fare_CCU-DEL_AI_2026-09-09_T+1_1788903777299_9atv,CCU-DEL,EaseMyTrip,AI,AI-1863,2026-09-09,T+1,8064,1770,9834,2026-09-08T21:23:56.358Z,FALSE,"",19:15,TRUE
fare_CCU-DEL_6E_2026-09-09_T+1_1788903777299_ymrb,CCU-DEL,EaseMyTrip,6E,6E-6516,2026-09-09,T+1,8075,1772,9847,2026-09-08T21:23:56.358Z,FALSE,"",16:10,TRUE
fare_CCU-DEL_6E_2026-09-09_T+1_1788903777299_9zx5,CCU-DEL,EaseMyTrip,6E,6E-2275,2026-09-09,T+1,8075,1772,9847,2026-09-08T21:23:56.358Z,FALSE,"",14:00,TRUE
fare_CCU-DEL_6E_2026-09-09_T+1_1788903777299_adu0,CCU-DEL,EaseMyTrip,6E,6E-132,2026-09-09,T+1,8075,1772,9847,2026-09-08T21:23:56.358Z,FALSE,"",10:15,TRUE
fare_CCU-DEL_6E_2026-09-09_T+1_1788903777299_3ftv,CCU-DEL,EaseMyTrip,6E,6E-296,2026-09-09,T+1,8075,1772,9847,2026-09-08T21:23:56.358Z,FALSE,"",10:15,TRUE
fare_CCU-DEL_6E_2026-09-09_T+1_1788903777299_mqfn,CCU-DEL,EaseMyTrip,6E,6E-102,2026-09-09,T+1,8075,1772,9847,2026-09-08T21:23:56.358Z,FALSE,"",08:25,TRUE
fare_CCU-DEL_6E_2026-09-09_T+1_1788903777299_npo2,CCU-DEL,EaseMyTrip,6E,6E-113,2026-09-09,T+1,8075,1772,9847,2026-09-08T21:23:56.358Z,FALSE,"",08:25,TRUE
fare_CCU-DEL_6E_2026-09-09_T+1_1788903777299_24v9,CCU-DEL,EaseMyTrip,6E,6E-6358,2026-09-09,T+1,8075,1772,9847,2026-09-08T21:23:56.358Z,FALSE,"",12:00,TRUE
fare_CCU-DEL_6E_2026-09-09_T+1_1788903777299_6lek,CCU-DEL,EaseMyTrip,6E,6E-6513,2026-09-09,T+1,8451,1855,10306,2026-09-08T21:23:56.358Z,FALSE,"",08:40,FALSE
fare_CCU-DEL_6E_2026-09-09_T+1_1788903777299_tvdi,CCU-DEL,EaseMyTrip,6E,6E-504,2026-09-09,T+1,8462,1857,10319,2026-09-08T21:23:56.358Z,FALSE,"",19:15,TRUE
fare_CCU-DEL_6E_2026-09-09_T+1_1788903777299_by5y,CCU-DEL,EaseMyTrip,6E,6E-914,2026-09-09,T+1,8462,1857,10319,2026-09-08T21:23:56.358Z,FALSE,"",19:15,TRUE
fare_CCU-DEL_6E_2026-09-09_T+1_1788903777299_0fwj,CCU-DEL,EaseMyTrip,6E,6E-285,2026-09-09,T+1,8462,1857,10319,2026-09-08T21:23:56.358Z,FALSE,"",07:00,TRUE
fare_CCU-DEL_6E_2026-09-09_T+1_1788903777299_lbmd,CCU-DEL,EaseMyTrip,6E,6E-199,2026-09-09,T+1,8462,1857,10319,2026-09-08T21:23:56.358Z,FALSE,"",07:00,TRUE
fare_CCU-DEL_6E_2026-09-09_T+1_1788903777299_if6f,CCU-DEL,EaseMyTrip,6E,6E-543,2026-09-09,T+1,8817,1936,10753,2026-09-08T21:23:56.358Z,FALSE,"",16:05,FALSE
fare_CCU-DEL_6E_2026-09-09_T+1_1788903777299_fqhh,CCU-DEL,EaseMyTrip,6E,6E-664,2026-09-09,T+1,8817,1936,10753,2026-09-08T21:23:56.358Z,FALSE,"",16:05,FALSE
fare_CCU-DEL_6E_2026-09-09_T+1_1788903777299_12lr,CCU-DEL,EaseMyTrip,6E,6E-6851,2026-09-09,T+1,8817,1936,10753,2026-09-08T21:23:56.358Z,FALSE,"",11:15,FALSE
fare_CCU-DEL_6E_2026-09-09_T+1_1788903777299_u7u2,CCU-DEL,EaseMyTrip,6E,6E-6183,2026-09-09,T+1,8849,1943,10792,2026-09-08T21:23:56.358Z,FALSE,"",17:30,TRUE
fare_CCU-DEL_6E_2026-09-09_T+1_1788903777299_rhb5,CCU-DEL,EaseMyTrip,6E,6E-431,2026-09-09,T+1,8904,1954,10858,2026-09-08T21:23:56.358Z,FALSE,"",06:05,FALSE
fare_CCU-DEL_6E_2026-09-09_T+1_1788903777299_bky6,CCU-DEL,EaseMyTrip,6E,6E-590,2026-09-09,T+1,8904,1954,10858,2026-09-08T21:23:56.358Z,FALSE,"",06:05,FALSE
fare_CCU-DEL_6E_2026-09-09_T+1_1788903777299_pvyi,CCU-DEL,EaseMyTrip,6E,6E-231,2026-09-09,T+1,9356,2054,11410,2026-09-08T21:23:56.358Z,FALSE,"",10:45,FALSE
fare_CCU-DEL_6E_2026-09-09_T+1_1788903777299_sxyz,CCU-DEL,EaseMyTrip,6E,6E-312,2026-09-09,T+1,9356,2054,11410,2026-09-08T21:23:56.358Z,FALSE,"",10:45,FALSE
fare_CCU-DEL_AI_2026-09-09_T+1_1788903777299_nogh,CCU-DEL,EaseMyTrip,AI,AI-2720,2026-09-09,T+1,9736,2137,11873,2026-09-08T21:23:56.358Z,FALSE,"",07:00,TRUE
fare_CCU-DEL_6E_2026-09-09_T+1_1788903777299_a1oo,CCU-DEL,EaseMyTrip,6E,6E-6785,2026-09-09,T+1,9773,2145,11918,2026-09-08T21:23:56.358Z,FALSE,"",07:55,FALSE
fare_CCU-DEL_6E_2026-09-09_T+1_1788903777299_csm6,CCU-DEL,EaseMyTrip,6E,6E-807,2026-09-09,T+1,9809,2153,11962,2026-09-08T21:23:56.358Z,FALSE,"",13:30,FALSE
fare_CCU-DEL_IX_2026-09-09_T+1_1788903777299_x20v,CCU-DEL,EaseMyTrip,IX,IX-1517,2026-09-09,T+1,10312,2264,12576,2026-09-08T21:23:56.358Z,FALSE,"",07:20,FALSE
fare_CCU-DEL_6E_2026-09-09_T+1_1788903777299_z8n6,CCU-DEL,EaseMyTrip,6E,6E-586,2026-09-09,T+1,10138,2226,12364,2026-09-08T21:23:56.358Z,FALSE,"",18:05,FALSE
fare_CCU-DEL_6E_2026-09-09_T+1_1788903777299_c96b,CCU-DEL,EaseMyTrip,6E,6E-724,2026-09-09,T+1,10138,2226,12364,2026-09-08T21:23:56.358Z,FALSE,"",18:05,FALSE
fare_CCU-DEL_6E_2026-09-09_T+1_1788903777299_s499,CCU-DEL,EaseMyTrip,6E,6E-6185,2026-09-09,T+1,10311,2263,12574,2026-09-08T21:23:56.358Z,FALSE,"",07:05,FALSE
fare_CCU-DEL_6E_2026-09-09_T+1_1788903777299_xfrm,CCU-DEL,EaseMyTrip,6E,6E-476,2026-09-09,T+1,10418,2287,12705,2026-09-08T21:23:56.358Z,FALSE,"",18:55,FALSE
fare_CCU-DEL_6E_2026-09-09_T+1_1788903777299_gqza,CCU-DEL,EaseMyTrip,6E,6E-601,2026-09-09,T+1,10418,2287,12705,2026-09-08T21:23:56.358Z,FALSE,"",17:45,FALSE
fare_CCU-DEL_6E_2026-09-09_T+1_1788903777299_7q1x,CCU-DEL,EaseMyTrip,6E,6E-821,2026-09-09,T+1,10418,2287,12705,2026-09-08T21:23:56.358Z,FALSE,"",17:45,FALSE
fare_CCU-DEL_6E_2026-09-09_T+1_1788903777299_6jmm,CCU-DEL,EaseMyTrip,6E,6E-282,2026-09-09,T+1,10590,2325,12915,2026-09-08T21:23:56.358Z,FALSE,"",16:05,FALSE
fare_CCU-DEL_6E_2026-09-09_T+1_1788903777299_yhrm,CCU-DEL,EaseMyTrip,6E,6E-880,2026-09-09,T+1,10590,2325,12915,2026-09-08T21:23:56.358Z,FALSE,"",16:05,FALSE
fare_CCU-DEL_6E_2026-09-09_T+1_1788903777299_ta81,CCU-DEL,EaseMyTrip,6E,6E-7924,2026-09-09,T+1,10743,2358,13101,2026-09-08T21:23:56.358Z,FALSE,"",09:55,FALSE
fare_CCU-DEL_AI_2026-09-09_T+1_1788903777299_iyre,CCU-DEL,EaseMyTrip,AI,AI-9503,2026-09-09,T+1,11083,2433,13516,2026-09-08T21:23:56.358Z,FALSE,"",07:20,FALSE
fare_CCU-DEL_6E_2026-09-09_T+1_1788903777299_voh8,CCU-DEL,EaseMyTrip,6E,6E-764,2026-09-09,T+1,11104,2438,13542,2026-09-08T21:23:56.358Z,FALSE,"",17:05,FALSE
fare_CCU-DEL_6E_2026-09-09_T+1_1788903777299_uurw,CCU-DEL,EaseMyTrip,6E,6E-737,2026-09-09,T+1,11104,2438,13542,2026-09-08T21:23:56.358Z,FALSE,"",17:05,FALSE
fare_CCU-DEL_AI_2026-09-09_T+1_1788903777299_yt5f,CCU-DEL,EaseMyTrip,AI,AI-9501,2026-09-09,T+1,11991,2632,14623,2026-09-08T21:23:56.358Z,FALSE,"",14:05,FALSE
fare_CCU-DEL_6E_2026-09-09_T+1_1788903777299_0h1a,CCU-DEL,EaseMyTrip,6E,6E-7215,2026-09-09,T+1,12049,2645,14694,2026-09-08T21:23:56.358Z,FALSE,"",18:00,FALSE
fare_CCU-DEL_6E_2026-09-09_T+1_1788903777299_fwss,CCU-DEL,EaseMyTrip,6E,6E-6717,2026-09-09,T+1,12113,2659,14772,2026-09-08T21:23:56.358Z,FALSE,"",18:35,FALSE
fare_CCU-DEL_6E_2026-09-09_T+1_1788903777299_n3kw,CCU-DEL,EaseMyTrip,6E,6E-593,2026-09-09,T+1,12475,2739,15214,2026-09-08T21:23:56.358Z,FALSE,"",13:30,FALSE
fare_CCU-DEL_6E_2026-09-09_T+1_1788903777299_f4hh,CCU-DEL,EaseMyTrip,6E,6E-800,2026-09-09,T+1,12475,2739,15214,2026-09-08T21:23:56.358Z,FALSE,"",13:30,FALSE
fare_CCU-DEL_AI_2026-09-09_T+1_1788903777299_4whv,CCU-DEL,EaseMyTrip,AI,AI-2644,2026-09-09,T+1,12711,2790,15501,2026-09-08T21:23:56.358Z,FALSE,"",06:55,FALSE
fare_CCU-DEL_6E_2026-09-09_T+1_1788903777299_22ja,CCU-DEL,EaseMyTrip,6E,6E-7583,2026-09-09,T+1,13152,2887,16039,2026-09-08T21:23:56.358Z,FALSE,"",18:30,FALSE
fare_CCU-DEL_6E_2026-09-09_T+1_1788903777299_irfb,CCU-DEL,EaseMyTrip,6E,6E-6749,2026-09-09,T+1,13331,2926,16257,2026-09-08T21:23:56.358Z,FALSE,"",12:30,FALSE
fare_CCU-DEL_QP_2026-09-09_T+1_1788903777299_35hh,CCU-DEL,EaseMyTrip,QP,QP-1136,2026-09-09,T+1,14036,3081,17117,2026-09-08T21:23:56.358Z,FALSE,"",05:10,FALSE
fare_CCU-DEL_6E_2026-09-09_T+1_1788903777299_pqrw,CCU-DEL,EaseMyTrip,6E,6E-6528,2026-09-09,T+1,14342,3148,17490,2026-09-08T21:23:56.358Z,FALSE,"",17:00,FALSE
fare_CCU-DEL_6E_2026-09-09_T+1_1788903777299_c67j,CCU-DEL,EaseMyTrip,6E,6E-115,2026-09-09,T+1,14342,3148,17490,2026-09-08T21:23:56.358Z,FALSE,"",10:55,FALSE
fare_CCU-DEL_6E_2026-09-09_T+1_1788903777299_b480,CCU-DEL,EaseMyTrip,6E,6E-187,2026-09-09,T+1,14342,3148,17490,2026-09-08T21:23:56.358Z,FALSE,"",10:55,FALSE
fare_CCU-DEL_6E_2026-09-09_T+1_1788903777299_h8zb,CCU-DEL,EaseMyTrip,6E,6E-828,2026-09-09,T+1,14777,3244,18021,2026-09-08T21:23:56.358Z,FALSE,"",10:55,FALSE
fare_CCU-DEL_AI_2026-09-09_T+1_1788903777299_hdue,CCU-DEL,EaseMyTrip,AI,AI-2482,2026-09-09,T+1,14995,3291,18286,2026-09-08T21:23:56.358Z,FALSE,"",20:35,FALSE
fare_CCU-DEL_6E_2026-09-09_T+1_1788903777299_giol,CCU-DEL,EaseMyTrip,6E,6E-6908,2026-09-09,T+1,15031,3299,18330,2026-09-08T21:23:56.358Z,FALSE,"",15:00,FALSE
fare_CCU-DEL_6E_2026-09-09_T+1_1788903777299_9jaj,CCU-DEL,EaseMyTrip,6E,6E-6623,2026-09-09,T+1,15128,3321,18449,2026-09-08T21:23:56.358Z,FALSE,"",05:20,FALSE
fare_CCU-DEL_6E_2026-09-09_T+1_1788903777299_oi31,CCU-DEL,EaseMyTrip,6E,6E-553,2026-09-09,T+1,15159,3327,18486,2026-09-08T21:23:56.358Z,FALSE,"",11:40,FALSE
fare_CCU-DEL_6E_2026-09-09_T+1_1788903777299_ydng,CCU-DEL,EaseMyTrip,6E,6E-489,2026-09-09,T+1,15159,3327,18486,2026-09-08T21:23:56.358Z,FALSE,"",11:40,FALSE
fare_CCU-DEL_6E_2026-09-09_T+1_1788903777299_kl0q,CCU-DEL,EaseMyTrip,6E,6E-451,2026-09-09,T+1,15159,3327,18486,2026-09-08T21:23:56.358Z,FALSE,"",11:40,FALSE
fare_CCU-DEL_6E_2026-09-09_T+1_1788903777299_m74y,CCU-DEL,EaseMyTrip,6E,6E-116,2026-09-09,T+1,15159,3327,18486,2026-09-08T21:23:56.358Z,FALSE,"",11:40,FALSE
fare_CCU-DEL_IX_2026-09-09_T+1_1788903777299_d06z,CCU-DEL,EaseMyTrip,IX,IX-1371,2026-09-09,T+1,16261,3570,19831,2026-09-08T21:23:56.358Z,FALSE,"",18:50,FALSE
fare_CCU-DEL_6E_2026-09-09_T+1_1788903777299_mxvm,CCU-DEL,EaseMyTrip,6E,6E-118,2026-09-09,T+1,16411,3603,20014,2026-09-08T21:23:56.358Z,FALSE,"",10:45,FALSE
fare_CCU-DEL_6E_2026-09-09_T+1_1788903777299_pjsy,CCU-DEL,EaseMyTrip,6E,6E-990,2026-09-09,T+1,16411,3603,20014,2026-09-08T21:23:56.358Z,FALSE,"",10:45,FALSE
fare_CCU-DEL_IX_2026-09-09_T+1_1788903777299_i62b,CCU-DEL,EaseMyTrip,IX,IX-1543,2026-09-09,T+1,17266,3790,21056,2026-09-08T21:23:56.358Z,FALSE,"",15:15,FALSE
fare_CCU-DEL_AI_2026-09-09_T+1_1788903777299_la97,CCU-DEL,EaseMyTrip,AI,AI-9436,2026-09-09,T+1,19647,4313,23960,2026-09-08T21:23:56.358Z,FALSE,"",18:50,FALSE
fare_CCU-DEL_6E_2026-09-09_T+1_1788903777299_smbm,CCU-DEL,EaseMyTrip,6E,6E-7623,2026-09-09,T+1,19983,4387,24370,2026-09-08T21:23:56.358Z,FALSE,"",07:50,FALSE
fare_CCU-DEL_AI_2026-09-09_T+1_1788903777299_ybkl,CCU-DEL,EaseMyTrip,AI,AI-9784,2026-09-09,T+1,21183,4650,25833,2026-09-08T21:23:56.358Z,TRUE,"High outlier: ₹25833 > upper fence ₹24594 (Q3: ₹15429, IQR: ₹6110)",06:30,FALSE
fare_CCU-DEL_IX_2026-09-09_T+1_1788903777299_s5w1,CCU-DEL,EaseMyTrip,IX,IX-1496,2026-09-09,T+1,22432,4924,27356,2026-09-08T21:23:56.358Z,TRUE,"High outlier: ₹27356 > upper fence ₹24594 (Q3: ₹15429, IQR: ₹6110)",11:15,FALSE
fare_CCU-DEL_AI_2026-09-09_T+1_1788903777299_nji9,CCU-DEL,EaseMyTrip,AI,AI-9440,2026-09-09,T+1,22479,4934,27413,2026-09-08T21:23:56.358Z,TRUE,"High outlier: ₹27413 > upper fence ₹24594 (Q3: ₹15429, IQR: ₹6110)",15:15,FALSE
fare_CCU-DEL_AI_2026-09-09_T+1_1788903777299_ofm1,CCU-DEL,EaseMyTrip,AI,AI-9782,2026-09-09,T+1,22605,4962,27567,2026-09-08T21:23:56.358Z,TRUE,"High outlier: ₹27567 > upper fence ₹24594 (Q3: ₹15429, IQR: ₹6110)",16:35,FALSE
fare_CCU-DEL_AI_2026-09-09_T+1_1788903777299_jtv2,CCU-DEL,EaseMyTrip,AI,AI-9438,2026-09-09,T+1,30989,6802,37791,2026-09-08T21:23:56.358Z,TRUE,"High outlier: ₹37791 > upper fence ₹24594 (Q3: ₹15429, IQR: ₹6110)",11:15,FALSE
fare_CCU-DEL_IX_2026-10-08_T+30_1788903777299_dxaj,CCU-DEL,EaseMyTrip,IX,IX-1248,2026-10-08,T+30,7083,1555,8638,2026-09-08T21:24:13.365Z,FALSE,"",07:45,FALSE
fare_CCU-DEL_IX_2026-10-08_T+30_1788903777299_5tbr,CCU-DEL,EaseMyTrip,IX,IX-1525,2026-10-08,T+30,7255,1593,8848,2026-09-08T21:24:13.365Z,FALSE,"",19:45,TRUE
fare_CCU-DEL_QP_2026-10-08_T+30_1788903777299_2fdh,CCU-DEL,EaseMyTrip,QP,QP-1570,2026-10-08,T+30,5943,1304,7247,2026-09-08T21:24:13.365Z,FALSE,"",13:30,TRUE
fare_CCU-DEL_6E_2026-10-08_T+30_1788903777299_5j2y,CCU-DEL,EaseMyTrip,6E,6E-691,2026-10-08,T+30,5999,1317,7316,2026-09-08T21:24:13.365Z,FALSE,"",07:10,FALSE
fare_CCU-DEL_6E_2026-10-08_T+30_1788903777299_42sv,CCU-DEL,EaseMyTrip,6E,6E-626,2026-10-08,T+30,5999,1317,7316,2026-09-08T21:24:13.365Z,FALSE,"",07:10,FALSE
fare_CCU-DEL_6E_2026-10-08_T+30_1788903777299_d4ga,CCU-DEL,EaseMyTrip,6E,6E-6501,2026-10-08,T+30,6053,1329,7382,2026-09-08T21:24:13.365Z,FALSE,"",14:15,FALSE
fare_CCU-DEL_6E_2026-10-08_T+30_1788903777299_0e0f,CCU-DEL,EaseMyTrip,6E,6E-447,2026-10-08,T+30,6053,1329,7382,2026-09-08T21:24:13.365Z,FALSE,"",17:00,FALSE
fare_CCU-DEL_6E_2026-10-08_T+30_1788903777299_r621,CCU-DEL,EaseMyTrip,6E,6E-938,2026-10-08,T+30,6053,1329,7382,2026-09-08T21:24:13.365Z,FALSE,"",17:00,FALSE
fare_CCU-DEL_6E_2026-10-08_T+30_1788903777299_znwd,CCU-DEL,EaseMyTrip,6E,6E-639,2026-10-08,T+30,6053,1329,7382,2026-09-08T21:24:13.365Z,FALSE,"",07:10,FALSE
fare_CCU-DEL_6E_2026-10-08_T+30_1788903777299_gnl6,CCU-DEL,EaseMyTrip,6E,6E-176,2026-10-08,T+30,6053,1329,7382,2026-09-08T21:24:13.365Z,FALSE,"",07:10,FALSE
fare_CCU-DEL_6E_2026-10-08_T+30_1788903777299_ivgc,CCU-DEL,EaseMyTrip,6E,6E-699,2026-10-08,T+30,6118,1343,7461,2026-09-08T21:24:13.365Z,FALSE,"",11:35,FALSE
fare_CCU-DEL_6E_2026-10-08_T+30_1788903777299_qjs7,CCU-DEL,EaseMyTrip,6E,6E-259,2026-10-08,T+30,6118,1343,7461,2026-09-08T21:24:13.365Z,FALSE,"",11:35,FALSE
fare_CCU-DEL_6E_2026-10-08_T+30_1788903777299_pvyn,CCU-DEL,EaseMyTrip,6E,6E-6717,2026-10-08,T+30,6118,1343,7461,2026-09-08T21:24:13.365Z,FALSE,"",18:35,FALSE
fare_CCU-DEL_6E_2026-10-08_T+30_1788903777299_5w4b,CCU-DEL,EaseMyTrip,6E,6E-646,2026-10-08,T+30,6118,1343,7461,2026-09-08T21:24:13.365Z,FALSE,"",16:05,FALSE
fare_CCU-DEL_6E_2026-10-08_T+30_1788903777299_p8mq,CCU-DEL,EaseMyTrip,6E,6E-788,2026-10-08,T+30,6118,1343,7461,2026-09-08T21:24:13.365Z,FALSE,"",16:05,FALSE
fare_CCU-DEL_6E_2026-10-08_T+30_1788903777299_mxnt,CCU-DEL,EaseMyTrip,6E,6E-6851,2026-10-08,T+30,6118,1343,7461,2026-09-08T21:24:13.365Z,FALSE,"",11:15,FALSE
fare_CCU-DEL_SG_2026-10-08_T+30_1788903777299_5y47,CCU-DEL,EaseMyTrip,SG,SG-946,2026-10-08,T+30,6323,1388,7711,2026-09-08T21:24:13.365Z,FALSE,"",23:20,TRUE
fare_CCU-DEL_SG_2026-10-08_T+30_1788903777299_5zrs,CCU-DEL,EaseMyTrip,SG,SG-425,2026-10-08,T+30,6323,1388,7711,2026-09-08T21:24:13.365Z,FALSE,"",23:20,TRUE
fare_CCU-DEL_IX_2026-10-08_T+30_1788903777299_2eba,CCU-DEL,EaseMyTrip,IX,IX-1514,2026-10-08,T+30,8068,1771,9839,2026-09-08T21:24:13.365Z,FALSE,"",11:50,FALSE
fare_CCU-DEL_6E_2026-10-08_T+30_1788903777299_gt0a,CCU-DEL,EaseMyTrip,6E,6E-6785,2026-10-08,T+30,6204,1362,7566,2026-09-08T21:24:13.365Z,FALSE,"",07:55,FALSE
fare_CCU-DEL_6E_2026-10-08_T+30_1788903777299_zozr,CCU-DEL,EaseMyTrip,6E,6E-495,2026-10-08,T+30,6204,1362,7566,2026-09-08T21:24:13.365Z,FALSE,"",16:10,FALSE
fare_CCU-DEL_6E_2026-10-08_T+30_1788903777299_u595,CCU-DEL,EaseMyTrip,6E,6E-852,2026-10-08,T+30,6204,1362,7566,2026-09-08T21:24:13.365Z,FALSE,"",16:10,FALSE
fare_CCU-DEL_6E_2026-10-08_T+30_1788903777299_k5pr,CCU-DEL,EaseMyTrip,6E,6E-6344,2026-10-08,T+30,6204,1362,7566,2026-09-08T21:24:13.365Z,FALSE,"",16:15,FALSE
fare_CCU-DEL_6E_2026-10-08_T+30_1788903777299_r72t,CCU-DEL,EaseMyTrip,6E,6E-264,2026-10-08,T+30,6204,1362,7566,2026-09-08T21:24:13.365Z,FALSE,"",12:40,FALSE
fare_CCU-DEL_6E_2026-10-08_T+30_1788903777299_edr3,CCU-DEL,EaseMyTrip,6E,6E-677,2026-10-08,T+30,6204,1362,7566,2026-09-08T21:24:13.365Z,FALSE,"",12:40,FALSE
fare_CCU-DEL_6E_2026-10-08_T+30_1788903777299_vxut,CCU-DEL,EaseMyTrip,6E,6E-943,2026-10-08,T+30,6204,1362,7566,2026-09-08T21:24:13.365Z,FALSE,"",06:05,FALSE
fare_CCU-DEL_6E_2026-10-08_T+30_1788903777299_i0ry,CCU-DEL,EaseMyTrip,6E,6E-963,2026-10-08,T+30,6204,1362,7566,2026-09-08T21:24:13.365Z,FALSE,"",06:05,FALSE
fare_CCU-DEL_6E_2026-10-08_T+30_1788903777299_zv5q,CCU-DEL,EaseMyTrip,6E,6E-696,2026-10-08,T+30,6225,1367,7592,2026-09-08T21:24:13.365Z,FALSE,"",18:55,FALSE
fare_CCU-DEL_6E_2026-10-08_T+30_1788903777299_46p9,CCU-DEL,EaseMyTrip,6E,6E-333,2026-10-08,T+30,6225,1367,7592,2026-09-08T21:24:13.365Z,FALSE,"",18:55,FALSE
fare_CCU-DEL_6E_2026-10-08_T+30_1788903777299_jit2,CCU-DEL,EaseMyTrip,6E,6E-313,2026-10-08,T+30,6225,1367,7592,2026-09-08T21:24:13.365Z,FALSE,"",17:45,FALSE
fare_CCU-DEL_6E_2026-10-08_T+30_1788903777299_8z11,CCU-DEL,EaseMyTrip,6E,6E-217,2026-10-08,T+30,6225,1367,7592,2026-09-08T21:24:13.365Z,FALSE,"",17:45,FALSE
fare_CCU-DEL_6E_2026-10-08_T+30_1788903777299_kve4,CCU-DEL,EaseMyTrip,6E,6E-237,2026-10-08,T+30,6376,1400,7776,2026-09-08T21:24:13.365Z,FALSE,"",14:00,FALSE
fare_CCU-DEL_6E_2026-10-08_T+30_1788903777299_94ua,CCU-DEL,EaseMyTrip,6E,6E-858,2026-10-08,T+30,6376,1400,7776,2026-09-08T21:24:13.365Z,FALSE,"",14:00,FALSE
fare_CCU-DEL_6E_2026-10-08_T+30_1788903777299_8olb,CCU-DEL,EaseMyTrip,6E,6E-711,2026-10-08,T+30,6376,1400,7776,2026-09-08T21:24:13.365Z,FALSE,"",12:50,FALSE
fare_CCU-DEL_6E_2026-10-08_T+30_1788903777299_jd04,CCU-DEL,EaseMyTrip,6E,6E-640,2026-10-08,T+30,6376,1400,7776,2026-09-08T21:24:13.365Z,FALSE,"",12:50,FALSE
fare_CCU-DEL_6E_2026-10-08_T+30_1788903777299_5wfc,CCU-DEL,EaseMyTrip,6E,6E-6068,2026-10-08,T+30,6376,1400,7776,2026-09-08T21:24:13.365Z,FALSE,"",09:20,FALSE
fare_CCU-DEL_6E_2026-10-08_T+30_1788903777299_4ydu,CCU-DEL,EaseMyTrip,6E,6E-443,2026-10-08,T+30,6389,1402,7791,2026-09-08T21:24:13.365Z,FALSE,"",18:05,FALSE
fare_CCU-DEL_6E_2026-10-08_T+30_1788903777299_41tu,CCU-DEL,EaseMyTrip,6E,6E-466,2026-10-08,T+30,6389,1402,7791,2026-09-08T21:24:13.365Z,FALSE,"",18:05,FALSE
fare_CCU-DEL_6E_2026-10-08_T+30_1788903777299_zxfm,CCU-DEL,EaseMyTrip,6E,6E-6139,2026-10-08,T+30,6389,1402,7791,2026-09-08T21:24:13.365Z,FALSE,"",07:10,FALSE
fare_CCU-DEL_6E_2026-10-08_T+30_1788903777299_z2q1,CCU-DEL,EaseMyTrip,6E,6E-287,2026-10-08,T+30,6389,1402,7791,2026-09-08T21:24:13.365Z,FALSE,"",10:45,FALSE
fare_CCU-DEL_6E_2026-10-08_T+30_1788903777299_2ds5,CCU-DEL,EaseMyTrip,6E,6E-945,2026-10-08,T+30,6389,1402,7791,2026-09-08T21:24:13.365Z,FALSE,"",10:45,FALSE
fare_CCU-DEL_6E_2026-10-08_T+30_1788903777299_rxvc,CCU-DEL,EaseMyTrip,6E,6E-883,2026-10-08,T+30,6389,1402,7791,2026-09-08T21:24:13.365Z,FALSE,"",18:05,FALSE
fare_CCU-DEL_6E_2026-10-08_T+30_1788903777299_huh9,CCU-DEL,EaseMyTrip,6E,6E-481,2026-10-08,T+30,6389,1402,7791,2026-09-08T21:24:13.365Z,FALSE,"",18:05,FALSE
fare_CCU-DEL_6E_2026-10-08_T+30_1788903777299_0bsk,CCU-DEL,EaseMyTrip,6E,6E-584,2026-10-08,T+30,6389,1402,7791,2026-09-08T21:24:13.365Z,FALSE,"",18:00,FALSE
fare_CCU-DEL_6E_2026-10-08_T+30_1788903777299_iklv,CCU-DEL,EaseMyTrip,6E,6E-750,2026-10-08,T+30,6389,1402,7791,2026-09-08T21:24:13.365Z,FALSE,"",18:00,FALSE
fare_CCU-DEL_6E_2026-10-08_T+30_1788903777299_try8,CCU-DEL,EaseMyTrip,6E,6E-307,2026-10-08,T+30,6389,1402,7791,2026-09-08T21:24:13.365Z,FALSE,"",10:45,FALSE
fare_CCU-DEL_6E_2026-10-08_T+30_1788903777299_3yve,CCU-DEL,EaseMyTrip,6E,6E-950,2026-10-08,T+30,6389,1402,7791,2026-09-08T21:24:13.365Z,FALSE,"",10:45,FALSE
fare_CCU-DEL_6E_2026-10-08_T+30_1788903777299_z6sn,CCU-DEL,EaseMyTrip,6E,6E-623,2026-10-08,T+30,6398,1404,7802,2026-09-08T21:24:13.365Z,FALSE,"",13:30,FALSE
fare_CCU-DEL_6E_2026-10-08_T+30_1788903777299_tygl,CCU-DEL,EaseMyTrip,6E,6E-900,2026-10-08,T+30,6398,1404,7802,2026-09-08T21:24:13.365Z,FALSE,"",13:30,FALSE
fare_CCU-DEL_6E_2026-10-08_T+30_1788903777299_e7p7,CCU-DEL,EaseMyTrip,6E,6E-6623,2026-10-08,T+30,6398,1404,7802,2026-09-08T21:24:13.365Z,FALSE,"",05:20,FALSE
fare_CCU-DEL_6E_2026-10-08_T+30_1788903777299_7u4z,CCU-DEL,EaseMyTrip,6E,6E-258,2026-10-08,T+30,6398,1404,7802,2026-09-08T21:24:13.365Z,FALSE,"",06:00,FALSE
fare_CCU-DEL_6E_2026-10-08_T+30_1788903777299_tz5m,CCU-DEL,EaseMyTrip,6E,6E-949,2026-10-08,T+30,6398,1404,7802,2026-09-08T21:24:13.365Z,FALSE,"",06:00,FALSE
fare_CCU-DEL_6E_2026-10-08_T+30_1788903777299_itsg,CCU-DEL,EaseMyTrip,6E,6E-6908,2026-10-08,T+30,6398,1404,7802,2026-09-08T21:24:13.365Z,FALSE,"",15:00,FALSE
fare_CCU-DEL_6E_2026-10-08_T+30_1788903777299_gtuz,CCU-DEL,EaseMyTrip,6E,6E-6513,2026-10-08,T+30,6398,1404,7802,2026-09-08T21:24:13.365Z,FALSE,"",08:40,FALSE
fare_CCU-DEL_6E_2026-10-08_T+30_1788903777299_c7h3,CCU-DEL,EaseMyTrip,6E,6E-2256,2026-10-08,T+30,6398,1404,7802,2026-09-08T21:24:13.365Z,FALSE,"",19:20,FALSE
fare_CCU-DEL_6E_2026-10-08_T+30_1788903777299_6x3z,CCU-DEL,EaseMyTrip,6E,6E-133,2026-10-08,T+30,6398,1404,7802,2026-09-08T21:24:13.365Z,FALSE,"",16:05,FALSE
fare_CCU-DEL_6E_2026-10-08_T+30_1788903777299_n824,CCU-DEL,EaseMyTrip,6E,6E-593,2026-10-08,T+30,6398,1404,7802,2026-09-08T21:24:13.365Z,FALSE,"",16:05,FALSE
fare_CCU-DEL_6E_2026-10-08_T+30_1788903777299_oa4b,CCU-DEL,EaseMyTrip,6E,6E-7215,2026-10-08,T+30,6496,1426,7922,2026-09-08T21:24:13.365Z,FALSE,"",18:00,FALSE
fare_CCU-DEL_6E_2026-10-08_T+30_1788903777299_rn8f,CCU-DEL,EaseMyTrip,6E,6E-7325,2026-10-08,T+30,6561,1440,8001,2026-09-08T21:24:13.365Z,FALSE,"",16:20,FALSE
fare_CCU-DEL_6E_2026-10-08_T+30_1788903777299_2m22,CCU-DEL,EaseMyTrip,6E,6E-7924,2026-10-08,T+30,6675,1465,8140,2026-09-08T21:24:13.365Z,FALSE,"",09:55,FALSE
fare_CCU-DEL_IX_2026-10-08_T+30_1788903777299_bxig,CCU-DEL,EaseMyTrip,IX,IX-1517,2026-10-08,T+30,8560,1879,10439,2026-09-08T21:24:13.365Z,FALSE,"",07:20,FALSE
fare_CCU-DEL_QP_2026-10-08_T+30_1788903777299_p7yc,CCU-DEL,EaseMyTrip,QP,QP-1802,2026-10-08,T+30,7188,1578,8766,2026-09-08T21:24:13.365Z,FALSE,"",09:05,TRUE
fare_CCU-DEL_QP_2026-10-08_T+30_1788903777299_ghmi,CCU-DEL,EaseMyTrip,QP,QP-1804,2026-10-08,T+30,7188,1578,8766,2026-09-08T21:24:13.365Z,FALSE,"",19:55,TRUE
fare_CCU-DEL_6E_2026-10-08_T+30_1788903777299_dte8,CCU-DEL,EaseMyTrip,6E,6E-2588,2026-10-08,T+30,7202,1581,8783,2026-09-08T21:24:13.365Z,FALSE,"",11:45,TRUE
fare_CCU-DEL_6E_2026-10-08_T+30_1788903777299_c2xf,CCU-DEL,EaseMyTrip,6E,6E-424,2026-10-08,T+30,7256,1593,8849,2026-09-08T21:24:13.365Z,FALSE,"",03:00,TRUE
fare_CCU-DEL_6E_2026-10-08_T+30_1788903777299_ngdq,CCU-DEL,EaseMyTrip,6E,6E-615,2026-10-08,T+30,7256,1593,8849,2026-09-08T21:24:13.365Z,FALSE,"",03:00,TRUE
fare_CCU-DEL_6E_2026-10-08_T+30_1788903777299_ojwq,CCU-DEL,EaseMyTrip,6E,6E-5190,2026-10-08,T+30,7256,1593,8849,2026-09-08T21:24:13.365Z,FALSE,"",22:30,TRUE
fare_CCU-DEL_6E_2026-10-08_T+30_1788903777299_k9pi,CCU-DEL,EaseMyTrip,6E,6E-717,2026-10-08,T+30,7256,1593,8849,2026-09-08T21:24:13.365Z,FALSE,"",21:00,TRUE
fare_CCU-DEL_6E_2026-10-08_T+30_1788903777299_qwve,CCU-DEL,EaseMyTrip,6E,6E-151,2026-10-08,T+30,7256,1593,8849,2026-09-08T21:24:13.365Z,FALSE,"",21:00,TRUE
fare_CCU-DEL_6E_2026-10-08_T+30_1788903777299_hte1,CCU-DEL,EaseMyTrip,6E,6E-6183,2026-10-08,T+30,7256,1593,8849,2026-09-08T21:24:13.365Z,FALSE,"",17:30,TRUE
fare_CCU-DEL_6E_2026-10-08_T+30_1788903777299_g6ny,CCU-DEL,EaseMyTrip,6E,6E-2275,2026-10-08,T+30,7256,1593,8849,2026-09-08T21:24:13.365Z,FALSE,"",14:00,TRUE
fare_CCU-DEL_6E_2026-10-08_T+30_1788903777300_ga35,CCU-DEL,EaseMyTrip,6E,6E-439,2026-10-08,T+30,7256,1593,8849,2026-09-08T21:24:13.365Z,FALSE,"",10:15,TRUE
fare_CCU-DEL_6E_2026-10-08_T+30_1788903777300_xdw3,CCU-DEL,EaseMyTrip,6E,6E-912,2026-10-08,T+30,7256,1593,8849,2026-09-08T21:24:13.365Z,FALSE,"",10:15,TRUE
fare_CCU-DEL_6E_2026-10-08_T+30_1788903777300_chkk,CCU-DEL,EaseMyTrip,6E,6E-354,2026-10-08,T+30,7256,1593,8849,2026-09-08T21:24:13.365Z,FALSE,"",08:25,TRUE
fare_CCU-DEL_6E_2026-10-08_T+30_1788903777300_taoy,CCU-DEL,EaseMyTrip,6E,6E-159,2026-10-08,T+30,7256,1593,8849,2026-09-08T21:24:13.365Z,FALSE,"",08:25,TRUE
fare_CCU-DEL_6E_2026-10-08_T+30_1788903777300_rog4,CCU-DEL,EaseMyTrip,6E,6E-462,2026-10-08,T+30,7256,1593,8849,2026-09-08T21:24:13.365Z,FALSE,"",07:05,TRUE
fare_CCU-DEL_6E_2026-10-08_T+30_1788903777300_ybu2,CCU-DEL,EaseMyTrip,6E,6E-414,2026-10-08,T+30,7256,1593,8849,2026-09-08T21:24:13.365Z,FALSE,"",07:05,TRUE
fare_CCU-DEL_6E_2026-10-08_T+30_1788903777300_wdm5,CCU-DEL,EaseMyTrip,6E,6E-955,2026-10-08,T+30,7256,1593,8849,2026-09-08T21:24:13.365Z,FALSE,"",05:20,TRUE
fare_CCU-DEL_6E_2026-10-08_T+30_1788903777300_yc5o,CCU-DEL,EaseMyTrip,6E,6E-194,2026-10-08,T+30,7256,1593,8849,2026-09-08T21:24:13.365Z,FALSE,"",05:20,TRUE
fare_CCU-DEL_AI_2026-10-08_T+30_1788903777300_qilj,CCU-DEL,EaseMyTrip,AI,AI-1832,2026-10-08,T+30,7485,1643,9128,2026-09-08T21:24:13.365Z,FALSE,"",00:30,TRUE
fare_CCU-DEL_AI_2026-10-08_T+30_1788903777300_55v9,CCU-DEL,EaseMyTrip,AI,AI-2710,2026-10-08,T+30,7485,1643,9128,2026-09-08T21:24:13.365Z,FALSE,"",22:30,TRUE
fare_CCU-DEL_6E_2026-10-08_T+30_1788903777300_vnsa,CCU-DEL,EaseMyTrip,6E,6E-6528,2026-10-08,T+30,7328,1608,8936,2026-09-08T21:24:13.365Z,FALSE,"",17:00,FALSE
fare_CCU-DEL_6E_2026-10-08_T+30_1788903777300_tfy6,CCU-DEL,EaseMyTrip,6E,6E-613,2026-10-08,T+30,7328,1608,8936,2026-09-08T21:24:13.365Z,FALSE,"",10:55,FALSE
fare_CCU-DEL_6E_2026-10-08_T+30_1788903777300_iynm,CCU-DEL,EaseMyTrip,6E,6E-877,2026-10-08,T+30,7328,1608,8936,2026-09-08T21:24:13.365Z,FALSE,"",10:55,FALSE
fare_CCU-DEL_6E_2026-10-08_T+30_1788903777300_06jz,CCU-DEL,EaseMyTrip,6E,6E-773,2026-10-08,T+30,7472,1640,9112,2026-09-08T21:24:13.365Z,FALSE,"",19:15,TRUE
fare_CCU-DEL_6E_2026-10-08_T+30_1788903777300_kwsb,CCU-DEL,EaseMyTrip,6E,6E-728,2026-10-08,T+30,7472,1640,9112,2026-09-08T21:24:13.365Z,FALSE,"",19:15,TRUE
fare_CCU-DEL_AI_2026-10-08_T+30_1788903777300_uv59,CCU-DEL,EaseMyTrip,AI,AI-2708,2026-10-08,T+30,7642,1677,9319,2026-09-08T21:24:13.365Z,FALSE,"",21:00,TRUE
fare_CCU-DEL_AI_2026-10-08_T+30_1788903777300_sf0d,CCU-DEL,EaseMyTrip,AI,AI-2720,2026-10-08,T+30,7829,1719,9548,2026-09-08T21:24:13.365Z,FALSE,"",07:00,TRUE
fare_CCU-DEL_6E_2026-10-08_T+30_1788903777300_3p6j,CCU-DEL,EaseMyTrip,6E,6E-6516,2026-10-08,T+30,7730,1697,9427,2026-09-08T21:24:13.365Z,FALSE,"",16:10,TRUE
fare_CCU-DEL_6E_2026-10-08_T+30_1788903777300_zs87,CCU-DEL,EaseMyTrip,6E,6E-6358,2026-10-08,T+30,7730,1697,9427,2026-09-08T21:24:13.365Z,FALSE,"",12:00,TRUE
fare_CCU-DEL_6E_2026-10-08_T+30_1788903777300_6k4r,CCU-DEL,EaseMyTrip,6E,6E-119,2026-10-08,T+30,8148,1788,9936,2026-09-08T21:24:13.365Z,FALSE,"",18:00,FALSE
fare_CCU-DEL_6E_2026-10-08_T+30_1788903777300_mevk,CCU-DEL,EaseMyTrip,6E,6E-126,2026-10-08,T+30,8148,1788,9936,2026-09-08T21:24:13.365Z,FALSE,"",18:00,FALSE
fare_CCU-DEL_AI_2026-10-08_T+30_1788903777300_kaqi,CCU-DEL,EaseMyTrip,AI,AI-1863,2026-10-08,T+30,8450,1855,10305,2026-09-08T21:24:13.365Z,FALSE,"",19:15,TRUE
fare_CCU-DEL_AI_2026-10-08_T+30_1788903777300_8s1a,CCU-DEL,EaseMyTrip,AI,AI-2514,2026-10-08,T+30,8450,1855,10305,2026-09-08T21:24:13.365Z,FALSE,"",15:10,TRUE
fare_CCU-DEL_AI_2026-10-08_T+30_1788903777300_gph7,CCU-DEL,EaseMyTrip,AI,AI-2704,2026-10-08,T+30,8450,1855,10305,2026-09-08T21:24:13.365Z,FALSE,"",10:30,TRUE
fare_CCU-DEL_AI_2026-10-08_T+30_1788903777300_bra1,CCU-DEL,EaseMyTrip,AI,AI-1874,2026-10-08,T+30,8662,1901,10563,2026-09-08T21:24:13.365Z,FALSE,"",12:55,TRUE
fare_CCU-DEL_6E_2026-10-08_T+30_1788903777300_s4ec,CCU-DEL,EaseMyTrip,6E,6E-7623,2026-10-08,T+30,8817,1936,10753,2026-09-08T21:24:13.365Z,FALSE,"",07:50,FALSE
fare_CCU-DEL_AI_2026-10-08_T+30_1788903777300_5z7h,CCU-DEL,EaseMyTrip,AI,AI-2768,2026-10-08,T+30,9297,2041,11338,2026-09-08T21:24:13.365Z,FALSE,"",16:10,TRUE
fare_CCU-DEL_6E_2026-10-08_T+30_1788903777300_dvfa,CCU-DEL,EaseMyTrip,6E,6E-607,2026-10-08,T+30,9393,2062,11455,2026-09-08T21:24:13.365Z,FALSE,"",11:25,FALSE
fare_CCU-DEL_6E_2026-10-08_T+30_1788903777300_sj1i,CCU-DEL,EaseMyTrip,6E,6E-130,2026-10-08,T+30,9393,2062,11455,2026-09-08T21:24:13.365Z,FALSE,"",11:25,FALSE
fare_CCU-DEL_AI_2026-10-08_T+30_1788903777300_91vq,CCU-DEL,EaseMyTrip,AI,AI-9503,2026-10-08,T+30,12278,2695,14973,2026-09-08T21:24:13.365Z,TRUE,"High outlier: ₹14973 > upper fence ₹11979 (Q3: ₹9457, IQR: ₹1681)",07:20,FALSE
fare_CCU-DEL_AI_2026-10-08_T+30_1788903777300_drmf,CCU-DEL,EaseMyTrip,AI,AI-9501,2026-10-08,T+30,12376,2717,15093,2026-09-08T21:24:13.365Z,TRUE,"High outlier: ₹15093 > upper fence ₹11979 (Q3: ₹9457, IQR: ₹1681)",11:50,FALSE
fare_CCU-DEL_AI_2026-10-08_T+30_1788903777300_s926,CCU-DEL,EaseMyTrip,AI,AI-9436,2026-10-08,T+30,12714,2791,15505,2026-09-08T21:24:13.365Z,TRUE,"High outlier: ₹15505 > upper fence ₹11979 (Q3: ₹9457, IQR: ₹1681)",18:55,FALSE
fare_CCU-DEL_IX_2026-10-08_T+30_1788903777300_vli8,CCU-DEL,EaseMyTrip,IX,IX-1371,2026-10-08,T+30,13345,2929,16274,2026-09-08T21:24:13.365Z,TRUE,"High outlier: ₹16274 > upper fence ₹11979 (Q3: ₹9457, IQR: ₹1681)",18:55,FALSE
fare_CCU-DEL_IX_2026-10-08_T+30_1788903777300_h5u6,CCU-DEL,EaseMyTrip,IX,IX-1543,2026-10-08,T+30,13602,2986,16588,2026-09-08T21:24:13.365Z,TRUE,"High outlier: ₹16588 > upper fence ₹11979 (Q3: ₹9457, IQR: ₹1681)",15:15,FALSE
fare_CCU-DEL_AI_2026-10-08_T+30_1788903777300_y7a2,CCU-DEL,EaseMyTrip,AI,AI-9784,2026-10-08,T+30,13223,2902,16125,2026-09-08T21:24:13.365Z,TRUE,"High outlier: ₹16125 > upper fence ₹11979 (Q3: ₹9457, IQR: ₹1681)",06:30,FALSE
fare_CCU-DEL_AI_2026-10-08_T+30_1788903777300_hw78,CCU-DEL,EaseMyTrip,AI,AI-9440,2026-10-08,T+30,13444,2951,16395,2026-09-08T21:24:13.365Z,TRUE,"High outlier: ₹16395 > upper fence ₹11979 (Q3: ₹9457, IQR: ₹1681)",15:15,FALSE
fare_CCU-DEL_AI_2026-10-08_T+30_1788903777300_e9l6,CCU-DEL,EaseMyTrip,AI,AI-2644,2026-10-08,T+30,14002,3073,17075,2026-09-08T21:24:13.365Z,TRUE,"High outlier: ₹17075 > upper fence ₹11979 (Q3: ₹9457, IQR: ₹1681)",06:55,FALSE
fare_CCU-DEL_AI_2026-10-08_T+30_1788903777300_x2ck,CCU-DEL,EaseMyTrip,AI,AI-9782,2026-10-08,T+30,14006,3075,17081,2026-09-08T21:24:13.365Z,TRUE,"High outlier: ₹17081 > upper fence ₹11979 (Q3: ₹9457, IQR: ₹1681)",16:35,FALSE
fare_CCU-DEL_AI_2026-10-08_T+30_1788903777300_c6i9,CCU-DEL,EaseMyTrip,AI,AI-2472,2026-10-08,T+30,14995,3291,18286,2026-09-08T21:24:13.365Z,TRUE,"High outlier: ₹18286 > upper fence ₹11979 (Q3: ₹9457, IQR: ₹1681)",15:10,FALSE
fare_CCU-DEL_AI_2026-10-08_T+30_1788903777300_nqcy,CCU-DEL,EaseMyTrip,AI,AI-2482,2026-10-08,T+30,15728,3452,19180,2026-09-08T21:24:13.365Z,TRUE,"High outlier: ₹19180 > upper fence ₹11979 (Q3: ₹9457, IQR: ₹1681)",20:35,FALSE
fare_CCU-DEL_IX_2026-10-08_T+30_1788903777300_43cq,CCU-DEL,EaseMyTrip,IX,IX-1496,2026-10-08,T+30,17056,3744,20800,2026-09-08T21:24:13.365Z,TRUE,"High outlier: ₹20800 > upper fence ₹11979 (Q3: ₹9457, IQR: ₹1681)",11:15,FALSE
fare_CCU-DEL_AI_2026-10-08_T+30_1788903777300_whaz,CCU-DEL,EaseMyTrip,AI,AI-2774,2026-10-08,T+30,19464,4272,23736,2026-09-08T21:24:13.365Z,TRUE,"High outlier: ₹23736 > upper fence ₹11979 (Q3: ₹9457, IQR: ₹1681)",17:40,FALSE
fare_CCU-DEL_AI_2026-10-08_T+30_1788903777300_c6bi,CCU-DEL,EaseMyTrip,AI,AI-9438,2026-10-08,T+30,20821,4571,25392,2026-09-08T21:24:13.365Z,TRUE,"High outlier: ₹25392 > upper fence ₹11979 (Q3: ₹9457, IQR: ₹1681)",11:15,FALSE
fare_CCU-DEL_AI_2026-10-08_T+30_1788903777300_wejh,CCU-DEL,EaseMyTrip,AI,AI-9944,2026-10-08,T+30,22247,4884,27131,2026-09-08T21:24:13.365Z,TRUE,"High outlier: ₹27131 > upper fence ₹11979 (Q3: ₹9457, IQR: ₹1681)",06:10,FALSE
fare_CCU-DEL_AI_2026-10-08_T+30_1788903777300_2gur,CCU-DEL,EaseMyTrip,AI,AI-2772,2026-10-08,T+30,24158,5303,29461,2026-09-08T21:24:13.365Z,TRUE,"High outlier: ₹29461 > upper fence ₹11979 (Q3: ₹9457, IQR: ₹1681)",10:30,FALSE
fare_CCU-DEL_IX_2026-10-23_T+45_1788903777300_3x7h,CCU-DEL,EaseMyTrip,IX,IX-1248,2026-10-23,T+45,7329,1609,8938,2026-09-08T21:24:19.174Z,FALSE,"",07:45,FALSE
fare_CCU-DEL_6E_2026-10-23_T+45_1788903777300_c3si,CCU-DEL,EaseMyTrip,6E,6E-6851,2026-10-23,T+45,6430,1412,7842,2026-09-08T21:24:19.174Z,FALSE,"",11:15,FALSE
fare_CCU-DEL_6E_2026-10-23_T+45_1788903777300_5xko,CCU-DEL,EaseMyTrip,6E,6E-6785,2026-10-23,T+45,6517,1430,7947,2026-09-08T21:24:19.174Z,FALSE,"",07:55,FALSE
fare_CCU-DEL_6E_2026-10-23_T+45_1788903777300_ijjk,CCU-DEL,EaseMyTrip,6E,6E-237,2026-10-23,T+45,6689,1468,8157,2026-09-08T21:24:19.174Z,FALSE,"",12:50,FALSE
fare_CCU-DEL_6E_2026-10-23_T+45_1788903777300_o0kk,CCU-DEL,EaseMyTrip,6E,6E-638,2026-10-23,T+45,6689,1468,8157,2026-09-08T21:24:19.174Z,FALSE,"",12:50,FALSE
fare_CCU-DEL_6E_2026-10-23_T+45_1788903777300_dw6c,CCU-DEL,EaseMyTrip,6E,6E-7215,2026-10-23,T+45,6840,1501,8341,2026-09-08T21:24:19.174Z,FALSE,"",18:00,FALSE
fare_CCU-DEL_6E_2026-10-23_T+45_1788903777300_irek,CCU-DEL,EaseMyTrip,6E,6E-6134,2026-10-23,T+45,6991,1534,8525,2026-09-08T21:24:19.174Z,FALSE,"",16:30,FALSE
fare_CCU-DEL_6E_2026-10-23_T+45_1788903777300_lvth,CCU-DEL,EaseMyTrip,6E,6E-389,2026-10-23,T+45,6991,1534,8525,2026-09-08T21:24:19.174Z,FALSE,"",12:40,FALSE
fare_CCU-DEL_6E_2026-10-23_T+45_1788903777300_7q1j,CCU-DEL,EaseMyTrip,6E,6E-755,2026-10-23,T+45,6991,1534,8525,2026-09-08T21:24:19.174Z,FALSE,"",12:40,FALSE
fare_CCU-DEL_6E_2026-10-23_T+45_1788903777300_p163,CCU-DEL,EaseMyTrip,6E,6E-201,2026-10-23,T+45,7012,1539,8551,2026-09-08T21:24:19.174Z,FALSE,"",18:55,FALSE
fare_CCU-DEL_6E_2026-10-23_T+45_1788903777300_nevw,CCU-DEL,EaseMyTrip,6E,6E-869,2026-10-23,T+45,7012,1539,8551,2026-09-08T21:24:19.174Z,FALSE,"",18:55,FALSE
fare_CCU-DEL_6E_2026-10-23_T+45_1788903777300_z4s2,CCU-DEL,EaseMyTrip,6E,6E-7924,2026-10-23,T+45,7076,1553,8629,2026-09-08T21:24:19.174Z,FALSE,"",09:55,FALSE
fare_CCU-DEL_IX_2026-10-23_T+45_1788903777300_1iqt,CCU-DEL,EaseMyTrip,IX,IX-1514,2026-10-23,T+45,9215,2023,11238,2026-09-08T21:24:19.174Z,FALSE,"",11:50,FALSE
fare_CCU-DEL_6E_2026-10-23_T+45_1788903777300_6qsj,CCU-DEL,EaseMyTrip,6E,6E-993,2026-10-23,T+45,7360,1616,8976,2026-09-08T21:24:19.174Z,FALSE,"",17:05,FALSE
fare_CCU-DEL_6E_2026-10-23_T+45_1788903777300_mknc,CCU-DEL,EaseMyTrip,6E,6E-884,2026-10-23,T+45,7360,1616,8976,2026-09-08T21:24:19.174Z,FALSE,"",17:05,FALSE
fare_CCU-DEL_6E_2026-10-23_T+45_1788903777300_920r,CCU-DEL,EaseMyTrip,6E,6E-565,2026-10-23,T+45,7511,1649,9160,2026-09-08T21:24:19.174Z,FALSE,"",16:10,FALSE
fare_CCU-DEL_6E_2026-10-23_T+45_1788903777300_1d0i,CCU-DEL,EaseMyTrip,6E,6E-345,2026-10-23,T+45,7511,1649,9160,2026-09-08T21:24:19.174Z,FALSE,"",16:10,FALSE
fare_CCU-DEL_6E_2026-10-23_T+45_1788903777300_zshj,CCU-DEL,EaseMyTrip,6E,6E-373,2026-10-23,T+45,7683,1687,9370,2026-09-08T21:24:19.174Z,FALSE,"",14:00,FALSE
fare_CCU-DEL_6E_2026-10-23_T+45_1788903777300_51ry,CCU-DEL,EaseMyTrip,6E,6E-655,2026-10-23,T+45,7683,1687,9370,2026-09-08T21:24:19.174Z,FALSE,"",14:00,FALSE
fare_CCU-DEL_6E_2026-10-23_T+45_1788903777300_m7g7,CCU-DEL,EaseMyTrip,6E,6E-962,2026-10-23,T+45,7705,1691,9396,2026-09-08T21:24:19.174Z,FALSE,"",06:00,FALSE
fare_CCU-DEL_6E_2026-10-23_T+45_1788903777300_drrr,CCU-DEL,EaseMyTrip,6E,6E-538,2026-10-23,T+45,7705,1691,9396,2026-09-08T21:24:19.174Z,FALSE,"",06:00,FALSE
fare_CCU-DEL_6E_2026-10-23_T+45_1788903777300_ji6d,CCU-DEL,EaseMyTrip,6E,6E-138,2026-10-23,T+45,7825,1718,9543,2026-09-08T21:24:19.174Z,FALSE,"",18:00,FALSE
fare_CCU-DEL_6E_2026-10-23_T+45_1788903777300_jhs2,CCU-DEL,EaseMyTrip,6E,6E-861,2026-10-23,T+45,7825,1718,9543,2026-09-08T21:24:19.174Z,FALSE,"",18:00,FALSE
fare_CCU-DEL_6E_2026-10-23_T+45_1788903777300_iftm,CCU-DEL,EaseMyTrip,6E,6E-348,2026-10-23,T+45,7974,1751,9725,2026-09-08T21:24:19.174Z,FALSE,"",18:00,FALSE
fare_CCU-DEL_6E_2026-10-23_T+45_1788903777300_bxqc,CCU-DEL,EaseMyTrip,6E,6E-731,2026-10-23,T+45,7974,1751,9725,2026-09-08T21:24:19.174Z,FALSE,"",18:00,FALSE
fare_CCU-DEL_6E_2026-10-23_T+45_1788903777300_x4la,CCU-DEL,EaseMyTrip,6E,6E-227,2026-10-23,T+45,8380,1839,10219,2026-09-08T21:24:19.174Z,FALSE,"",18:15,FALSE
fare_CCU-DEL_6E_2026-10-23_T+45_1788903777300_qohq,CCU-DEL,EaseMyTrip,6E,6E-601,2026-10-23,T+45,8380,1839,10219,2026-09-08T21:24:19.174Z,FALSE,"",18:15,FALSE
fare_CCU-DEL_6E_2026-10-23_T+45_1788903777300_aibf,CCU-DEL,EaseMyTrip,6E,6E-482,2026-10-23,T+45,8380,1839,10219,2026-09-08T21:24:19.174Z,FALSE,"",18:15,FALSE
fare_CCU-DEL_6E_2026-10-23_T+45_1788903777300_bbnf,CCU-DEL,EaseMyTrip,6E,6E-159,2026-10-23,T+45,8380,1839,10219,2026-09-08T21:24:19.174Z,FALSE,"",18:15,FALSE
fare_CCU-DEL_6E_2026-10-23_T+45_1788903777300_tyii,CCU-DEL,EaseMyTrip,6E,6E-6139,2026-10-23,T+45,8455,1856,10311,2026-09-08T21:24:19.174Z,FALSE,"",07:10,FALSE
fare_CCU-DEL_QP_2026-10-23_T+45_1788903777300_npis,CCU-DEL,EaseMyTrip,QP,QP-1570,2026-10-23,T+45,8460,1857,10317,2026-09-08T21:24:19.174Z,FALSE,"",13:30,TRUE
fare_CCU-DEL_6E_2026-10-23_T+45_1788903777300_24dp,CCU-DEL,EaseMyTrip,6E,6E-971,2026-10-23,T+45,8627,1894,10521,2026-09-08T21:24:19.174Z,FALSE,"",09:45,FALSE
fare_CCU-DEL_6E_2026-10-23_T+45_1788903777300_umoi,CCU-DEL,EaseMyTrip,6E,6E-6917,2026-10-23,T+45,8896,1953,10849,2026-09-08T21:24:19.174Z,FALSE,"",15:10,FALSE
fare_CCU-DEL_6E_2026-10-23_T+45_1788903777300_d2o4,CCU-DEL,EaseMyTrip,6E,6E-460,2026-10-23,T+45,8907,1955,10862,2026-09-08T21:24:19.174Z,FALSE,"",13:30,FALSE
fare_CCU-DEL_6E_2026-10-23_T+45_1788903777300_llrm,CCU-DEL,EaseMyTrip,6E,6E-119,2026-10-23,T+45,8907,1955,10862,2026-09-08T21:24:19.174Z,FALSE,"",13:30,FALSE
fare_CCU-DEL_SG_2026-10-23_T+45_1788903777300_n0pw,CCU-DEL,EaseMyTrip,SG,SG-648,2026-10-23,T+45,9431,2070,11501,2026-09-08T21:24:19.174Z,FALSE,"",17:10,TRUE
fare_CCU-DEL_SG_2026-10-23_T+45_1788903777300_ykfj,CCU-DEL,EaseMyTrip,SG,SG-122,2026-10-23,T+45,9431,2070,11501,2026-09-08T21:24:19.174Z,FALSE,"",17:10,TRUE
fare_CCU-DEL_SG_2026-10-23_T+45_1788903777300_djww,CCU-DEL,EaseMyTrip,SG,SG-501,2026-10-23,T+45,9431,2070,11501,2026-09-08T21:24:19.174Z,FALSE,"",23:20,TRUE
fare_CCU-DEL_SG_2026-10-23_T+45_1788903777300_l4mb,CCU-DEL,EaseMyTrip,SG,SG-418,2026-10-23,T+45,9431,2070,11501,2026-09-08T21:24:19.174Z,FALSE,"",23:20,TRUE
fare_CCU-DEL_6E_2026-10-23_T+45_1788903777300_w3dl,CCU-DEL,EaseMyTrip,6E,6E-169,2026-10-23,T+45,9283,2038,11321,2026-09-08T21:24:19.174Z,FALSE,"",10:45,FALSE
fare_CCU-DEL_6E_2026-10-23_T+45_1788903777300_1lo6,CCU-DEL,EaseMyTrip,6E,6E-801,2026-10-23,T+45,9283,2038,11321,2026-09-08T21:24:19.174Z,FALSE,"",10:45,FALSE
fare_CCU-DEL_6E_2026-10-23_T+45_1788903777300_0agc,CCU-DEL,EaseMyTrip,6E,6E-653,2026-10-23,T+45,9283,2038,11321,2026-09-08T21:24:19.174Z,FALSE,"",10:45,FALSE
fare_CCU-DEL_6E_2026-10-23_T+45_1788903777300_f83o,CCU-DEL,EaseMyTrip,6E,6E-926,2026-10-23,T+45,9283,2038,11321,2026-09-08T21:24:19.174Z,FALSE,"",10:45,FALSE
fare_CCU-DEL_6E_2026-10-23_T+45_1788903777300_hyh9,CCU-DEL,EaseMyTrip,6E,6E-592,2026-10-23,T+45,9319,2046,11365,2026-09-08T21:24:19.174Z,FALSE,"",09:45,FALSE
fare_CCU-DEL_6E_2026-10-23_T+45_1788903777300_iriv,CCU-DEL,EaseMyTrip,6E,6E-509,2026-10-23,T+45,9319,2046,11365,2026-09-08T21:24:19.174Z,FALSE,"",09:45,FALSE
fare_CCU-DEL_6E_2026-10-23_T+45_1788903777300_yu07,CCU-DEL,EaseMyTrip,6E,6E-414,2026-10-23,T+45,9469,2078,11547,2026-09-08T21:24:19.174Z,FALSE,"",09:45,FALSE
fare_CCU-DEL_6E_2026-10-23_T+45_1788903777300_fjxu,CCU-DEL,EaseMyTrip,6E,6E-259,2026-10-23,T+45,9469,2078,11547,2026-09-08T21:24:19.174Z,FALSE,"",09:45,FALSE
fare_CCU-DEL_6E_2026-10-23_T+45_1788903777300_wz5a,CCU-DEL,EaseMyTrip,6E,6E-2588,2026-10-23,T+45,9742,2139,11881,2026-09-08T21:24:19.174Z,FALSE,"",12:45,TRUE
fare_CCU-DEL_6E_2026-10-23_T+45_1788903777300_k3el,CCU-DEL,EaseMyTrip,6E,6E-717,2026-10-23,T+45,9797,2150,11947,2026-09-08T21:24:19.174Z,FALSE,"",05:20,TRUE
fare_CCU-DEL_6E_2026-10-23_T+45_1788903777300_4pr8,CCU-DEL,EaseMyTrip,6E,6E-616,2026-10-23,T+45,9797,2150,11947,2026-09-08T21:24:19.174Z,FALSE,"",05:20,TRUE
fare_CCU-DEL_6E_2026-10-23_T+45_1788903777300_4bl7,CCU-DEL,EaseMyTrip,6E,6E-329,2026-10-23,T+45,10127,2223,12350,2026-09-08T21:24:19.174Z,FALSE,"",07:10,FALSE
fare_CCU-DEL_6E_2026-10-23_T+45_1788903777300_4bo4,CCU-DEL,EaseMyTrip,6E,6E-779,2026-10-23,T+45,10127,2223,12350,2026-09-08T21:24:19.174Z,FALSE,"",07:10,FALSE
fare_CCU-DEL_IX_2026-10-23_T+45_1788903777300_qtbx,CCU-DEL,EaseMyTrip,IX,IX-1525,2026-10-23,T+45,10723,2354,13077,2026-09-08T21:24:19.174Z,FALSE,"",19:45,TRUE
fare_CCU-DEL_6E_2026-10-23_T+45_1788903777300_o0qy,CCU-DEL,EaseMyTrip,6E,6E-7325,2026-10-23,T+45,10355,2273,12628,2026-09-08T21:24:19.174Z,FALSE,"",16:20,FALSE
fare_CCU-DEL_QP_2026-10-23_T+45_1788903777300_jdys,CCU-DEL,EaseMyTrip,QP,QP-1804,2026-10-23,T+45,10439,2291,12730,2026-09-08T21:24:19.174Z,FALSE,"",19:55,TRUE
fare_CCU-DEL_QP_2026-10-23_T+45_1788903777300_wzvo,CCU-DEL,EaseMyTrip,QP,QP-1802,2026-10-23,T+45,11024,2420,13444,2026-09-08T21:24:19.174Z,FALSE,"",09:05,TRUE
fare_CCU-DEL_6E_2026-10-23_T+45_1788903777300_t64n,CCU-DEL,EaseMyTrip,6E,6E-827,2026-10-23,T+45,11088,2434,13522,2026-09-08T21:24:19.174Z,FALSE,"",03:00,TRUE
fare_CCU-DEL_6E_2026-10-23_T+45_1788903777300_m06h,CCU-DEL,EaseMyTrip,6E,6E-935,2026-10-23,T+45,11088,2434,13522,2026-09-08T21:24:19.174Z,FALSE,"",03:00,TRUE
fare_CCU-DEL_6E_2026-10-23_T+45_1788903777300_bn2o,CCU-DEL,EaseMyTrip,6E,6E-5190,2026-10-23,T+45,11088,2434,13522,2026-09-08T21:24:19.174Z,FALSE,"",22:30,TRUE
fare_CCU-DEL_6E_2026-10-23_T+45_1788903777300_7fdn,CCU-DEL,EaseMyTrip,6E,6E-6183,2026-10-23,T+45,11088,2434,13522,2026-09-08T21:24:19.174Z,FALSE,"",17:30,TRUE
fare_CCU-DEL_6E_2026-10-23_T+45_1788903777300_r2i9,CCU-DEL,EaseMyTrip,6E,6E-445,2026-10-23,T+45,11088,2434,13522,2026-09-08T21:24:19.174Z,FALSE,"",19:15,TRUE
fare_CCU-DEL_6E_2026-10-23_T+45_1788903777300_995h,CCU-DEL,EaseMyTrip,6E,6E-728,2026-10-23,T+45,11088,2434,13522,2026-09-08T21:24:19.174Z,FALSE,"",10:15,TRUE
fare_CCU-DEL_6E_2026-10-23_T+45_1788903777300_brtg,CCU-DEL,EaseMyTrip,6E,6E-873,2026-10-23,T+45,11088,2434,13522,2026-09-08T21:24:19.174Z,FALSE,"",07:05,TRUE
fare_CCU-DEL_6E_2026-10-23_T+45_1788903777300_dmc3,CCU-DEL,EaseMyTrip,6E,6E-221,2026-10-23,T+45,11088,2434,13522,2026-09-08T21:24:19.174Z,FALSE,"",07:05,TRUE
fare_CCU-DEL_SG_2026-10-23_T+45_1788903777300_8g2z,CCU-DEL,EaseMyTrip,SG,SG-565,2026-10-23,T+45,11621,2551,14172,2026-09-08T21:24:19.174Z,FALSE,"",08:25,TRUE
fare_CCU-DEL_SG_2026-10-23_T+45_1788903777300_eylu,CCU-DEL,EaseMyTrip,SG,SG-507,2026-10-23,T+45,11621,2551,14172,2026-09-08T21:24:19.174Z,FALSE,"",08:25,TRUE
fare_CCU-DEL_6E_2026-10-23_T+45_1788903777300_8o46,CCU-DEL,EaseMyTrip,6E,6E-946,2026-10-23,T+45,11863,2604,14467,2026-09-08T21:24:19.174Z,FALSE,"",21:00,TRUE
fare_CCU-DEL_6E_2026-10-23_T+45_1788903777300_j1n1,CCU-DEL,EaseMyTrip,6E,6E-326,2026-10-23,T+45,11863,2604,14467,2026-09-08T21:24:19.174Z,FALSE,"",21:00,TRUE
fare_CCU-DEL_6E_2026-10-23_T+45_1788903777300_nbx7,CCU-DEL,EaseMyTrip,6E,6E-6516,2026-10-23,T+45,11863,2604,14467,2026-09-08T21:24:19.174Z,FALSE,"",16:10,TRUE
fare_CCU-DEL_6E_2026-10-23_T+45_1788903777300_h9ts,CCU-DEL,EaseMyTrip,6E,6E-2275,2026-10-23,T+45,11863,2604,14467,2026-09-08T21:24:19.174Z,FALSE,"",14:00,TRUE
fare_CCU-DEL_6E_2026-10-23_T+45_1788903777300_mg5j,CCU-DEL,EaseMyTrip,6E,6E-6358,2026-10-23,T+45,11863,2604,14467,2026-09-08T21:24:19.174Z,FALSE,"",12:00,TRUE
fare_CCU-DEL_6E_2026-10-23_T+45_1788903777300_mijh,CCU-DEL,EaseMyTrip,6E,6E-686,2026-10-23,T+45,11863,2604,14467,2026-09-08T21:24:19.174Z,FALSE,"",08:25,TRUE
fare_CCU-DEL_AI_2026-10-23_T+45_1788903777300_8mec,CCU-DEL,EaseMyTrip,AI,AI-1832,2026-10-23,T+45,12099,2656,14755,2026-09-08T21:24:19.174Z,FALSE,"",00:30,TRUE
fare_CCU-DEL_AI_2026-10-23_T+45_1788903777300_fpgf,CCU-DEL,EaseMyTrip,AI,AI-2704,2026-10-23,T+45,12099,2656,14755,2026-09-08T21:24:19.174Z,FALSE,"",10:30,TRUE
fare_CCU-DEL_AI_2026-10-23_T+45_1788903777300_i3ez,CCU-DEL,EaseMyTrip,AI,AI-2710,2026-10-23,T+45,12099,2656,14755,2026-09-08T21:24:19.174Z,FALSE,"",22:30,TRUE
fare_CCU-DEL_AI_2026-10-23_T+45_1788903777300_5z6g,CCU-DEL,EaseMyTrip,AI,AI-2536,2026-10-23,T+45,12099,2656,14755,2026-09-08T21:24:19.174Z,FALSE,"",09:55,TRUE
fare_CCU-DEL_AI_2026-10-23_T+45_1788903777300_k1qd,CCU-DEL,EaseMyTrip,AI,AI-1863,2026-10-23,T+45,12303,2701,15004,2026-09-08T21:24:19.174Z,FALSE,"",19:15,TRUE
fare_CCU-DEL_AI_2026-10-23_T+45_1788903777300_pt1o,CCU-DEL,EaseMyTrip,AI,AI-2514,2026-10-23,T+45,12416,2726,15142,2026-09-08T21:24:19.174Z,FALSE,"",15:10,TRUE
fare_CCU-DEL_IX_2026-10-23_T+45_1788903777300_b6vt,CCU-DEL,EaseMyTrip,IX,IX-1517,2026-10-23,T+45,12828,2816,15644,2026-09-08T21:24:19.174Z,FALSE,"",07:20,FALSE
fare_CCU-DEL_6E_2026-10-23_T+45_1788903777300_8elc,CCU-DEL,EaseMyTrip,6E,6E-404,2026-10-23,T+45,12591,2764,15355,2026-09-08T21:24:19.174Z,FALSE,"",07:10,FALSE
fare_CCU-DEL_6E_2026-10-23_T+45_1788903777300_pee0,CCU-DEL,EaseMyTrip,6E,6E-486,2026-10-23,T+45,12591,2764,15355,2026-09-08T21:24:19.174Z,FALSE,"",07:10,FALSE
fare_CCU-DEL_6E_2026-10-23_T+45_1788903777300_uqq4,CCU-DEL,EaseMyTrip,6E,6E-6717,2026-10-23,T+45,12665,2780,15445,2026-09-08T21:24:19.174Z,FALSE,"",18:35,FALSE
fare_CCU-DEL_AI_2026-10-23_T+45_1788903777300_8wvx,CCU-DEL,EaseMyTrip,AI,AI-2768,2026-10-23,T+45,13188,2895,16083,2026-09-08T21:24:19.174Z,FALSE,"",16:10,TRUE
fare_CCU-DEL_AI_2026-10-23_T+45_1788903777300_uspz,CCU-DEL,EaseMyTrip,AI,AI-2720,2026-10-23,T+45,13188,2895,16083,2026-09-08T21:24:19.174Z,FALSE,"",07:00,TRUE
fare_CCU-DEL_AI_2026-10-23_T+45_1788903777300_mmlq,CCU-DEL,EaseMyTrip,AI,AI-1874,2026-10-23,T+45,13188,2895,16083,2026-09-08T21:24:19.174Z,FALSE,"",12:55,TRUE
fare_CCU-DEL_AI_2026-10-23_T+45_1788903777300_vuw1,CCU-DEL,EaseMyTrip,AI,AI-2708,2026-10-23,T+45,13188,2895,16083,2026-09-08T21:24:19.174Z,FALSE,"",21:00,TRUE
fare_CCU-DEL_SG_2026-10-23_T+45_1788903777300_fhw5,CCU-DEL,EaseMyTrip,SG,SG-846,2026-10-23,T+45,13447,2952,16399,2026-09-08T21:24:19.174Z,FALSE,"",16:45,TRUE
fare_CCU-DEL_SG_2026-10-23_T+45_1788903777300_tpa7,CCU-DEL,EaseMyTrip,SG,SG-201,2026-10-23,T+45,13447,2952,16399,2026-09-08T21:24:19.174Z,FALSE,"",16:45,TRUE
fare_CCU-DEL_6E_2026-10-23_T+45_1788903777300_h2rx,CCU-DEL,EaseMyTrip,6E,6E-6528,2026-10-23,T+45,13382,2938,16320,2026-09-08T21:24:19.174Z,FALSE,"",17:00,FALSE
fare_CCU-DEL_6E_2026-10-23_T+45_1788903777300_yn0r,CCU-DEL,EaseMyTrip,6E,6E-2256,2026-10-23,T+45,13382,2938,16320,2026-09-08T21:24:19.174Z,FALSE,"",19:20,FALSE
fare_CCU-DEL_6E_2026-10-23_T+45_1788903777300_250g,CCU-DEL,EaseMyTrip,6E,6E-751,2026-10-23,T+45,13923,3056,16979,2026-09-08T21:24:19.174Z,FALSE,"",13:00,FALSE
fare_CCU-DEL_6E_2026-10-23_T+45_1788903777300_nmzo,CCU-DEL,EaseMyTrip,6E,6E-770,2026-10-23,T+45,13923,3056,16979,2026-09-08T21:24:19.174Z,FALSE,"",13:00,FALSE
fare_CCU-DEL_6E_2026-10-23_T+45_1788903777300_ejv2,CCU-DEL,EaseMyTrip,6E,6E-316,2026-10-23,T+45,13923,3056,16979,2026-09-08T21:24:19.174Z,FALSE,"",06:05,FALSE
fare_CCU-DEL_6E_2026-10-23_T+45_1788903777300_dli6,CCU-DEL,EaseMyTrip,6E,6E-205,2026-10-23,T+45,13923,3056,16979,2026-09-08T21:24:19.174Z,FALSE,"",06:05,FALSE
fare_CCU-DEL_6E_2026-10-23_T+45_1788903777300_v6nb,CCU-DEL,EaseMyTrip,6E,6E-6513,2026-10-23,T+45,13985,3070,17055,2026-09-08T21:24:19.174Z,FALSE,"",08:40,FALSE
fare_CCU-DEL_AI_2026-10-23_T+45_1788903777300_5xk7,CCU-DEL,EaseMyTrip,AI,AI-9503,2026-10-23,T+45,14430,3168,17598,2026-09-08T21:24:19.174Z,FALSE,"",07:20,FALSE
fare_CCU-DEL_6E_2026-10-23_T+45_1788903777300_kbn5,CCU-DEL,EaseMyTrip,6E,6E-6344,2026-10-23,T+45,14439,3170,17609,2026-09-08T21:24:19.174Z,FALSE,"",16:15,FALSE
fare_CCU-DEL_6E_2026-10-23_T+45_1788903777300_yacr,CCU-DEL,EaseMyTrip,6E,6E-7707,2026-10-23,T+45,14439,3170,17609,2026-09-08T21:24:19.174Z,FALSE,"",07:15,FALSE
fare_CCU-DEL_6E_2026-10-23_T+45_1788903777300_81tr,CCU-DEL,EaseMyTrip,6E,6E-6908,2026-10-23,T+45,14588,3202,17790,2026-09-08T21:24:19.174Z,FALSE,"",15:00,FALSE
fare_CCU-DEL_6E_2026-10-23_T+45_1788903777300_dg1a,CCU-DEL,EaseMyTrip,6E,6E-685,2026-10-23,T+45,14908,3272,18180,2026-09-08T21:24:19.174Z,FALSE,"",10:55,FALSE
fare_CCU-DEL_6E_2026-10-23_T+45_1788903777300_6j6k,CCU-DEL,EaseMyTrip,6E,6E-317,2026-10-23,T+45,14908,3272,18180,2026-09-08T21:24:19.174Z,FALSE,"",10:55,FALSE
fare_CCU-DEL_AI_2026-10-23_T+45_1788903777300_dhk4,CCU-DEL,EaseMyTrip,AI,AI-9501,2026-10-23,T+45,15713,3449,19162,2026-09-08T21:24:19.174Z,FALSE,"",11:50,FALSE
fare_CCU-DEL_6E_2026-10-23_T+45_1788903777300_84io,CCU-DEL,EaseMyTrip,6E,6E-511,2026-10-23,T+45,17022,3736,20758,2026-09-08T21:24:19.174Z,FALSE,"",11:35,FALSE
fare_CCU-DEL_6E_2026-10-23_T+45_1788903777300_6tmn,CCU-DEL,EaseMyTrip,6E,6E-130,2026-10-23,T+45,17022,3736,20758,2026-09-08T21:24:19.174Z,FALSE,"",11:35,FALSE
fare_CCU-DEL_6E_2026-10-23_T+45_1788903777300_o64k,CCU-DEL,EaseMyTrip,6E,6E-6623,2026-10-23,T+45,17160,3767,20927,2026-09-08T21:24:19.174Z,FALSE,"",05:20,FALSE
fare_CCU-DEL_AI_2026-10-23_T+45_1788903777300_ytgt,CCU-DEL,EaseMyTrip,AI,AI-2644,2026-10-23,T+45,17618,3867,21485,2026-09-08T21:24:19.174Z,FALSE,"",06:55,FALSE
fare_CCU-DEL_AI_2026-10-23_T+45_1788903777300_1jxv,CCU-DEL,EaseMyTrip,AI,AI-9784,2026-10-23,T+45,20489,4497,24986,2026-09-08T21:24:19.174Z,FALSE,"",06:30,FALSE
fare_CCU-DEL_IX_2026-10-23_T+45_1788903777300_e5de,CCU-DEL,EaseMyTrip,IX,IX-1496,2026-10-23,T+45,22050,4840,26890,2026-09-08T21:24:19.174Z,TRUE,"High outlier: ₹26890 > upper fence ₹25396 (Q3: ₹16379, IQR: ₹6011)",11:15,FALSE
fare_CCU-DEL_AI_2026-10-23_T+45_1788903777300_hyuh,CCU-DEL,EaseMyTrip,AI,AI-9782,2026-10-23,T+45,24428,5362,29790,2026-09-08T21:24:19.174Z,TRUE,"High outlier: ₹29790 > upper fence ₹25396 (Q3: ₹16379, IQR: ₹6011)",16:35,FALSE
fare_CCU-DEL_IX_2026-10-23_T+45_1788903777300_vl3n,CCU-DEL,EaseMyTrip,IX,IX-1371,2026-10-23,T+45,27935,6132,34067,2026-09-08T21:24:19.174Z,TRUE,"High outlier: ₹34067 > upper fence ₹25396 (Q3: ₹16379, IQR: ₹6011)",18:55,FALSE
fare_CCU-DEL_AI_2026-10-23_T+45_1788903777300_7ii1,CCU-DEL,EaseMyTrip,AI,AI-2772,2026-10-23,T+45,27565,6051,33616,2026-09-08T21:24:19.174Z,TRUE,"High outlier: ₹33616 > upper fence ₹25396 (Q3: ₹16379, IQR: ₹6011)",10:30,FALSE
fare_CCU-DEL_AI_2026-10-23_T+45_1788903777300_vd6m,CCU-DEL,EaseMyTrip,AI,AI-2472,2026-10-23,T+45,31074,6821,37895,2026-09-08T21:24:19.174Z,TRUE,"High outlier: ₹37895 > upper fence ₹25396 (Q3: ₹16379, IQR: ₹6011)",15:10,FALSE
fare_CCU-DEL_AI_2026-10-23_T+45_1788903777300_eval,CCU-DEL,EaseMyTrip,AI,AI-2774,2026-10-23,T+45,31074,6821,37895,2026-09-08T21:24:19.174Z,TRUE,"High outlier: ₹37895 > upper fence ₹25396 (Q3: ₹16379, IQR: ₹6011)",17:40,FALSE
fare_CCU-DEL_AI_2026-10-23_T+45_1788903777300_qrtu,CCU-DEL,EaseMyTrip,AI,AI-9438,2026-10-23,T+45,32291,7088,39379,2026-09-08T21:24:19.174Z,TRUE,"High outlier: ₹39379 > upper fence ₹25396 (Q3: ₹16379, IQR: ₹6011)",11:15,FALSE
fare_CCU-DEL_AI_2026-10-23_T+45_1788903777300_h4u9,CCU-DEL,EaseMyTrip,AI,AI-9436,2026-10-23,T+45,32650,7167,39817,2026-09-08T21:24:19.174Z,TRUE,"High outlier: ₹39817 > upper fence ₹25396 (Q3: ₹16379, IQR: ₹6011)",18:55,FALSE
fare_CCU-DEL_AI_2026-10-23_T+45_1788903777300_c0bu,CCU-DEL,EaseMyTrip,AI,AI-9440,2026-10-23,T+45,35192,7725,42917,2026-09-08T21:24:19.174Z,TRUE,"High outlier: ₹42917 > upper fence ₹25396 (Q3: ₹16379, IQR: ₹6011)",15:15,FALSE
fare_CCU-DEL_AI_2026-10-23_T+45_1788903777300_xa85,CCU-DEL,EaseMyTrip,AI,AI-2482,2026-10-23,T+45,38175,8380,46555,2026-09-08T21:24:19.174Z,TRUE,"High outlier: ₹46555 > upper fence ₹25396 (Q3: ₹16379, IQR: ₹6011)",20:35,FALSE
fare_CCU-DEL_AI_2026-10-23_T+45_1788903777300_w7ch,CCU-DEL,EaseMyTrip,AI,AI-9944,2026-10-23,T+45,61623,13527,75150,2026-09-08T21:24:19.174Z,TRUE,"High outlier: ₹75150 > upper fence ₹25396 (Q3: ₹16379, IQR: ₹6011)",06:10,FALSE
fare_DEL-BLR_6E_2026-09-23_T+15_1788903777301_fdeh,DEL-BLR,EaseMyTrip,6E,6E-6433,2026-09-23,T+15,6790,1491,8281,2026-09-08T21:21:32.154Z,FALSE,"",16:30,FALSE
fare_DEL-BLR_6E_2026-09-23_T+15_1788903777301_e2oy,DEL-BLR,EaseMyTrip,6E,6E-910,2026-09-23,T+15,6855,1505,8360,2026-09-08T21:21:32.154Z,FALSE,"",17:55,FALSE
fare_DEL-BLR_6E_2026-09-23_T+15_1788903777301_o9mz,DEL-BLR,EaseMyTrip,6E,6E-233,2026-09-23,T+15,6855,1505,8360,2026-09-08T21:21:32.154Z,FALSE,"",17:55,FALSE
fare_DEL-BLR_6E_2026-09-23_T+15_1788903777301_8lmo,DEL-BLR,EaseMyTrip,6E,6E-6217,2026-09-23,T+15,6855,1505,8360,2026-09-08T21:21:32.154Z,FALSE,"",16:15,FALSE
fare_DEL-BLR_6E_2026-09-23_T+15_1788903777301_micf,DEL-BLR,EaseMyTrip,6E,6E-6293,2026-09-23,T+15,6855,1505,8360,2026-09-08T21:21:32.154Z,FALSE,"",09:55,FALSE
fare_DEL-BLR_6E_2026-09-23_T+15_1788903777301_xmn5,DEL-BLR,EaseMyTrip,6E,6E-6282,2026-09-23,T+15,6855,1505,8360,2026-09-08T21:21:32.154Z,FALSE,"",13:30,FALSE
fare_DEL-BLR_6E_2026-09-23_T+15_1788903777301_hdc1,DEL-BLR,EaseMyTrip,6E,6E-6212,2026-09-23,T+15,6855,1505,8360,2026-09-08T21:21:32.154Z,FALSE,"",14:45,FALSE
fare_DEL-BLR_6E_2026-09-23_T+15_1788903777301_o21e,DEL-BLR,EaseMyTrip,6E,6E-438,2026-09-23,T+15,6855,1505,8360,2026-09-08T21:21:32.154Z,FALSE,"",11:45,FALSE
fare_DEL-BLR_6E_2026-09-23_T+15_1788903777301_6gq6,DEL-BLR,EaseMyTrip,6E,6E-785,2026-09-23,T+15,6855,1505,8360,2026-09-08T21:21:32.154Z,FALSE,"",11:45,FALSE
fare_DEL-BLR_IX_2026-09-23_T+15_1788903777301_dcp9,DEL-BLR,EaseMyTrip,IX,IX-5975,2026-09-23,T+15,7239,1589,8828,2026-09-08T21:21:32.154Z,FALSE,"",21:00,TRUE
fare_DEL-BLR_6E_2026-09-23_T+15_1788903777301_7qxb,DEL-BLR,EaseMyTrip,6E,6E-5073,2026-09-23,T+15,6963,1528,8491,2026-09-08T21:21:32.154Z,FALSE,"",17:05,FALSE
fare_DEL-BLR_6E_2026-09-23_T+15_1788903777301_s6pu,DEL-BLR,EaseMyTrip,6E,6E-689,2026-09-23,T+15,6963,1528,8491,2026-09-08T21:21:32.154Z,FALSE,"",16:20,FALSE
fare_DEL-BLR_6E_2026-09-23_T+15_1788903777301_edvo,DEL-BLR,EaseMyTrip,6E,6E-692,2026-09-23,T+15,6963,1528,8491,2026-09-08T21:21:32.154Z,FALSE,"",16:20,FALSE
fare_DEL-BLR_6E_2026-09-23_T+15_1788903777301_232v,DEL-BLR,EaseMyTrip,6E,6E-256,2026-09-23,T+15,6963,1528,8491,2026-09-08T21:21:32.154Z,FALSE,"",18:00,FALSE
fare_DEL-BLR_6E_2026-09-23_T+15_1788903777301_w3nf,DEL-BLR,EaseMyTrip,6E,6E-402,2026-09-23,T+15,6963,1528,8491,2026-09-08T21:21:32.154Z,FALSE,"",18:00,FALSE
fare_DEL-BLR_6E_2026-09-23_T+15_1788903777301_oq7t,DEL-BLR,EaseMyTrip,6E,6E-542,2026-09-23,T+15,6963,1528,8491,2026-09-08T21:21:32.154Z,FALSE,"",19:35,FALSE
fare_DEL-BLR_6E_2026-09-23_T+15_1788903777301_h8ad,DEL-BLR,EaseMyTrip,6E,6E-138,2026-09-23,T+15,6963,1528,8491,2026-09-08T21:21:32.154Z,FALSE,"",19:35,FALSE
fare_DEL-BLR_6E_2026-09-23_T+15_1788903777301_bz3i,DEL-BLR,EaseMyTrip,6E,6E-5119,2026-09-23,T+15,6963,1528,8491,2026-09-08T21:21:32.154Z,FALSE,"",05:10,FALSE
fare_DEL-BLR_6E_2026-09-23_T+15_1788903777301_tjez,DEL-BLR,EaseMyTrip,6E,6E-2345,2026-09-23,T+15,6963,1528,8491,2026-09-08T21:21:32.154Z,FALSE,"",05:55,FALSE
fare_DEL-BLR_6E_2026-09-23_T+15_1788903777301_8a0m,DEL-BLR,EaseMyTrip,6E,6E-6673,2026-09-23,T+15,6963,1528,8491,2026-09-08T21:21:32.154Z,FALSE,"",21:15,FALSE
fare_DEL-BLR_6E_2026-09-23_T+15_1788903777301_aata,DEL-BLR,EaseMyTrip,6E,6E-2618,2026-09-23,T+15,6963,1528,8491,2026-09-08T21:21:32.154Z,FALSE,"",23:00,FALSE
fare_DEL-BLR_6E_2026-09-23_T+15_1788903777301_eqlg,DEL-BLR,EaseMyTrip,6E,6E-209,2026-09-23,T+15,6963,1528,8491,2026-09-08T21:21:32.154Z,FALSE,"",15:30,FALSE
fare_DEL-BLR_6E_2026-09-23_T+15_1788903777301_8ciu,DEL-BLR,EaseMyTrip,6E,6E-375,2026-09-23,T+15,6963,1528,8491,2026-09-08T21:21:32.154Z,FALSE,"",15:30,FALSE
fare_DEL-BLR_6E_2026-09-23_T+15_1788903777301_lw0i,DEL-BLR,EaseMyTrip,6E,6E-2343,2026-09-23,T+15,6963,1528,8491,2026-09-08T21:21:32.154Z,FALSE,"",02:20,FALSE
fare_DEL-BLR_6E_2026-09-23_T+15_1788903777301_05za,DEL-BLR,EaseMyTrip,6E,6E-6470,2026-09-23,T+15,6963,1528,8491,2026-09-08T21:21:32.154Z,FALSE,"",06:55,FALSE
fare_DEL-BLR_6E_2026-09-23_T+15_1788903777301_i3xb,DEL-BLR,EaseMyTrip,6E,6E-365,2026-09-23,T+15,7027,1543,8570,2026-09-08T21:21:32.154Z,FALSE,"",18:15,FALSE
fare_DEL-BLR_6E_2026-09-23_T+15_1788903777301_kbyp,DEL-BLR,EaseMyTrip,6E,6E-880,2026-09-23,T+15,7027,1543,8570,2026-09-08T21:21:32.154Z,FALSE,"",18:15,FALSE
fare_DEL-BLR_6E_2026-09-23_T+15_1788903777301_wc45,DEL-BLR,EaseMyTrip,6E,6E-6091,2026-09-23,T+15,7027,1543,8570,2026-09-08T21:21:32.154Z,FALSE,"",15:15,FALSE
fare_DEL-BLR_6E_2026-09-23_T+15_1788903777301_e8pp,DEL-BLR,EaseMyTrip,6E,6E-5033,2026-09-23,T+15,7027,1543,8570,2026-09-08T21:21:32.154Z,FALSE,"",15:50,FALSE
fare_DEL-BLR_6E_2026-09-23_T+15_1788903777301_vfpk,DEL-BLR,EaseMyTrip,6E,6E-2151,2026-09-23,T+15,7027,1543,8570,2026-09-08T21:21:32.154Z,FALSE,"",19:45,FALSE
fare_DEL-BLR_6E_2026-09-23_T+15_1788903777301_iyqy,DEL-BLR,EaseMyTrip,6E,6E-6632,2026-09-23,T+15,7027,1543,8570,2026-09-08T21:21:32.154Z,FALSE,"",17:50,FALSE
fare_DEL-BLR_6E_2026-09-23_T+15_1788903777301_jg09,DEL-BLR,EaseMyTrip,6E,6E-6190,2026-09-23,T+15,7027,1543,8570,2026-09-08T21:21:32.154Z,FALSE,"",07:40,FALSE
fare_DEL-BLR_6E_2026-09-23_T+15_1788903777301_9pm9,DEL-BLR,EaseMyTrip,6E,6E-5038,2026-09-23,T+15,7027,1543,8570,2026-09-08T21:21:32.154Z,FALSE,"",14:00,FALSE
fare_DEL-BLR_IX_2026-09-23_T+15_1788903777301_tr4a,DEL-BLR,EaseMyTrip,IX,IX-1070,2026-09-23,T+15,7403,1625,9028,2026-09-08T21:21:32.154Z,FALSE,"",18:20,TRUE
fare_DEL-BLR_6E_2026-09-23_T+15_1788903777301_mvbx,DEL-BLR,EaseMyTrip,6E,6E-6497,2026-09-23,T+15,7135,1566,8701,2026-09-08T21:21:32.154Z,FALSE,"",18:40,FALSE
fare_DEL-BLR_6E_2026-09-23_T+15_1788903777301_laov,DEL-BLR,EaseMyTrip,6E,6E-2491,2026-09-23,T+15,7205,1581,8786,2026-09-08T21:21:32.154Z,FALSE,"",15:15,FALSE
fare_DEL-BLR_QP_2026-09-23_T+15_1788903777301_w118,DEL-BLR,EaseMyTrip,QP,QP-1308,2026-09-23,T+15,7240,1589,8829,2026-09-08T21:21:32.154Z,FALSE,"",20:55,TRUE
fare_DEL-BLR_QP_2026-09-23_T+15_1788903777301_61mq,DEL-BLR,EaseMyTrip,QP,QP-1350,2026-09-23,T+15,7240,1589,8829,2026-09-08T21:21:32.154Z,FALSE,"",21:55,TRUE
fare_DEL-BLR_6E_2026-09-23_T+15_1788903777301_sbcz,DEL-BLR,EaseMyTrip,6E,6E-6515,2026-09-23,T+15,7240,1589,8829,2026-09-08T21:21:32.154Z,FALSE,"",20:45,TRUE
fare_DEL-BLR_6E_2026-09-23_T+15_1788903777301_sgyh,DEL-BLR,EaseMyTrip,6E,6E-412,2026-09-23,T+15,7240,1589,8829,2026-09-08T21:21:32.154Z,FALSE,"",15:45,TRUE
fare_DEL-BLR_6E_2026-09-23_T+15_1788903777301_7ry1,DEL-BLR,EaseMyTrip,6E,6E-348,2026-09-23,T+15,7240,1589,8829,2026-09-08T21:21:32.154Z,FALSE,"",15:45,TRUE
fare_DEL-BLR_6E_2026-09-23_T+15_1788903777301_ms0d,DEL-BLR,EaseMyTrip,6E,6E-609,2026-09-23,T+15,7240,1589,8829,2026-09-08T21:21:32.154Z,FALSE,"",14:30,TRUE
fare_DEL-BLR_6E_2026-09-23_T+15_1788903777301_ac3z,DEL-BLR,EaseMyTrip,6E,6E-601,2026-09-23,T+15,7240,1589,8829,2026-09-08T21:21:32.154Z,FALSE,"",14:30,TRUE
fare_DEL-BLR_6E_2026-09-23_T+15_1788903777301_267c,DEL-BLR,EaseMyTrip,6E,6E-111,2026-09-23,T+15,7240,1589,8829,2026-09-08T21:21:32.154Z,FALSE,"",09:30,TRUE
fare_DEL-BLR_6E_2026-09-23_T+15_1788903777301_0lg0,DEL-BLR,EaseMyTrip,6E,6E-355,2026-09-23,T+15,7240,1589,8829,2026-09-08T21:21:32.154Z,FALSE,"",09:30,TRUE
fare_DEL-BLR_6E_2026-09-23_T+15_1788903777301_v9ym,DEL-BLR,EaseMyTrip,6E,6E-157,2026-09-23,T+15,7240,1589,8829,2026-09-08T21:21:32.154Z,FALSE,"",07:05,TRUE
fare_DEL-BLR_6E_2026-09-23_T+15_1788903777301_f78t,DEL-BLR,EaseMyTrip,6E,6E-491,2026-09-23,T+15,7240,1589,8829,2026-09-08T21:21:32.154Z,FALSE,"",07:05,TRUE
fare_DEL-BLR_6E_2026-09-23_T+15_1788903777302_og8j,DEL-BLR,EaseMyTrip,6E,6E-2314,2026-09-23,T+15,7240,1589,8829,2026-09-08T21:21:32.154Z,FALSE,"",05:45,TRUE
fare_DEL-BLR_6E_2026-09-23_T+15_1788903777302_ut9y,DEL-BLR,EaseMyTrip,6E,6E-460,2026-09-23,T+15,7240,1589,8829,2026-09-08T21:21:32.154Z,FALSE,"",13:15,TRUE
fare_DEL-BLR_QP_2026-09-23_T+15_1788903777302_cwit,DEL-BLR,EaseMyTrip,QP,QP-1912,2026-09-23,T+15,7240,1589,8829,2026-09-08T21:21:32.154Z,FALSE,"",14:55,TRUE
fare_DEL-BLR_QP_2026-09-23_T+15_1788903777302_fvjm,DEL-BLR,EaseMyTrip,QP,QP-1824,2026-09-23,T+15,7240,1589,8829,2026-09-08T21:21:32.154Z,FALSE,"",20:10,TRUE
fare_DEL-BLR_6E_2026-09-23_T+15_1788903777302_emkb,DEL-BLR,EaseMyTrip,6E,6E-2519,2026-09-23,T+15,7240,1589,8829,2026-09-08T21:21:32.154Z,FALSE,"",13:00,TRUE
fare_DEL-BLR_6E_2026-09-23_T+15_1788903777302_89xx,DEL-BLR,EaseMyTrip,6E,6E-508,2026-09-23,T+15,7240,1589,8829,2026-09-08T21:21:32.154Z,FALSE,"",12:20,TRUE
fare_DEL-BLR_6E_2026-09-23_T+15_1788903777302_ispt,DEL-BLR,EaseMyTrip,6E,6E-325,2026-09-23,T+15,7240,1589,8829,2026-09-08T21:21:32.154Z,FALSE,"",12:20,TRUE
fare_DEL-BLR_6E_2026-09-23_T+15_1788903777302_0svw,DEL-BLR,EaseMyTrip,6E,6E-678,2026-09-23,T+15,7307,1604,8911,2026-09-08T21:21:32.154Z,FALSE,"",08:30,FALSE
fare_DEL-BLR_6E_2026-09-23_T+15_1788903777302_gz6i,DEL-BLR,EaseMyTrip,6E,6E-397,2026-09-23,T+15,7307,1604,8911,2026-09-08T21:21:32.154Z,FALSE,"",08:30,FALSE
fare_DEL-BLR_IX_2026-09-23_T+15_1788903777302_x6s9,DEL-BLR,EaseMyTrip,IX,IX-1054,2026-09-23,T+15,8031,1763,9794,2026-09-08T21:21:32.154Z,FALSE,"",12:05,FALSE
fare_DEL-BLR_IX_2026-09-23_T+15_1788903777302_y1bi,DEL-BLR,EaseMyTrip,IX,IX-1392,2026-09-23,T+15,8031,1763,9794,2026-09-08T21:21:32.154Z,FALSE,"",23:25,FALSE
fare_DEL-BLR_AI_2026-09-23_T+15_1788903777302_u3f0,DEL-BLR,EaseMyTrip,AI,AI-2757,2026-09-23,T+15,7503,1647,9150,2026-09-08T21:21:32.154Z,FALSE,"",00:15,TRUE
fare_DEL-BLR_6E_2026-09-23_T+15_1788903777302_lzdw,DEL-BLR,EaseMyTrip,6E,6E-7646,2026-09-23,T+15,7373,1618,8991,2026-09-08T21:21:32.154Z,FALSE,"",06:15,FALSE
fare_DEL-BLR_AI_2026-09-23_T+15_1788903777302_l183,DEL-BLR,EaseMyTrip,AI,AI-2817,2026-09-23,T+15,7626,1674,9300,2026-09-08T21:21:32.154Z,FALSE,"",16:30,TRUE
fare_DEL-BLR_AI_2026-09-23_T+15_1788903777302_m5vg,DEL-BLR,EaseMyTrip,AI,AI-2653,2026-09-23,T+15,7626,1674,9300,2026-09-08T21:21:32.154Z,FALSE,"",04:30,TRUE
fare_DEL-BLR_AI_2026-09-23_T+15_1788903777302_khc7,DEL-BLR,EaseMyTrip,AI,AI-427,2026-09-23,T+15,7626,1674,9300,2026-09-08T21:21:32.154Z,FALSE,"",08:30,TRUE
fare_DEL-BLR_AI_2026-09-23_T+15_1788903777302_lwb9,DEL-BLR,EaseMyTrip,AI,AI-2485,2026-09-23,T+15,7626,1674,9300,2026-09-08T21:21:32.154Z,FALSE,"",10:30,TRUE
fare_DEL-BLR_AI_2026-09-23_T+15_1788903777302_dmzn,DEL-BLR,EaseMyTrip,AI,AI-2409,2026-09-23,T+15,7626,1674,9300,2026-09-08T21:21:32.154Z,FALSE,"",06:00,TRUE
fare_DEL-BLR_AI_2026-09-23_T+15_1788903777302_nnyf,DEL-BLR,EaseMyTrip,AI,AI-2803,2026-09-23,T+15,7626,1674,9300,2026-09-08T21:21:32.154Z,FALSE,"",06:30,TRUE
fare_DEL-BLR_AI_2026-09-23_T+15_1788903777302_79q8,DEL-BLR,EaseMyTrip,AI,AI-2815,2026-09-23,T+15,7626,1674,9300,2026-09-08T21:21:32.154Z,FALSE,"",07:00,TRUE
fare_DEL-BLR_AI_2026-09-23_T+15_1788903777302_3nn8,DEL-BLR,EaseMyTrip,AI,AI-2415,2026-09-23,T+15,7626,1674,9300,2026-09-08T21:21:32.154Z,FALSE,"",09:30,TRUE
fare_DEL-BLR_AI_2026-09-23_T+15_1788903777302_y409,DEL-BLR,EaseMyTrip,AI,AI-2417,2026-09-23,T+15,7626,1674,9300,2026-09-08T21:21:32.154Z,FALSE,"",13:00,TRUE
fare_DEL-BLR_AI_2026-09-23_T+15_1788903777302_ph8q,DEL-BLR,EaseMyTrip,AI,AI-2819,2026-09-23,T+15,7626,1674,9300,2026-09-08T21:21:32.154Z,FALSE,"",15:00,TRUE
fare_DEL-BLR_AI_2026-09-23_T+15_1788903777302_cu9b,DEL-BLR,EaseMyTrip,AI,AI-2664,2026-09-23,T+15,7626,1674,9300,2026-09-08T21:21:32.154Z,FALSE,"",15:50,TRUE
fare_DEL-BLR_AI_2026-09-23_T+15_1788903777302_c7xw,DEL-BLR,EaseMyTrip,AI,AI-2412,2026-09-23,T+15,7626,1674,9300,2026-09-08T21:21:32.154Z,FALSE,"",21:30,TRUE
fare_DEL-BLR_IX_2026-09-23_T+15_1788903777302_98eb,DEL-BLR,EaseMyTrip,IX,IX-1074,2026-09-23,T+15,8433,1851,10284,2026-09-08T21:21:32.154Z,FALSE,"",11:00,FALSE
fare_DEL-BLR_6E_2026-09-23_T+15_1788903777302_677t,DEL-BLR,EaseMyTrip,6E,6E-2571,2026-09-23,T+15,7551,1658,9209,2026-09-08T21:21:32.154Z,FALSE,"",12:30,FALSE
fare_DEL-BLR_6E_2026-09-23_T+15_1788903777302_o02a,DEL-BLR,EaseMyTrip,6E,6E-442,2026-09-23,T+15,7615,1671,9286,2026-09-08T21:21:32.154Z,FALSE,"",03:00,TRUE
fare_DEL-BLR_6E_2026-09-23_T+15_1788903777302_7tdl,DEL-BLR,EaseMyTrip,6E,6E-969,2026-09-23,T+15,7615,1671,9286,2026-09-08T21:21:32.154Z,FALSE,"",03:00,TRUE
fare_DEL-BLR_6E_2026-09-23_T+15_1788903777302_u0s7,DEL-BLR,EaseMyTrip,6E,6E-545,2026-09-23,T+15,7615,1671,9286,2026-09-08T21:21:32.154Z,FALSE,"",10:45,TRUE
fare_DEL-BLR_6E_2026-09-23_T+15_1788903777302_uz5r,DEL-BLR,EaseMyTrip,6E,6E-420,2026-09-23,T+15,7615,1671,9286,2026-09-08T21:21:32.154Z,FALSE,"",10:45,TRUE
fare_DEL-BLR_6E_2026-09-23_T+15_1788903777302_ggio,DEL-BLR,EaseMyTrip,6E,6E-874,2026-09-23,T+15,7615,1671,9286,2026-09-08T21:21:32.154Z,FALSE,"",08:20,TRUE
fare_DEL-BLR_6E_2026-09-23_T+15_1788903777302_hspd,DEL-BLR,EaseMyTrip,6E,6E-426,2026-09-23,T+15,7615,1671,9286,2026-09-08T21:21:32.154Z,FALSE,"",08:20,TRUE
fare_DEL-BLR_6E_2026-09-23_T+15_1788903777302_d1jw,DEL-BLR,EaseMyTrip,6E,6E-5001,2026-09-23,T+15,7706,1691,9397,2026-09-08T21:21:32.154Z,FALSE,"",17:10,FALSE
fare_DEL-BLR_6E_2026-09-23_T+15_1788903777302_32rr,DEL-BLR,EaseMyTrip,6E,6E-2364,2026-09-23,T+15,7706,1691,9397,2026-09-08T21:21:32.154Z,FALSE,"",04:50,FALSE
fare_DEL-BLR_6E_2026-09-23_T+15_1788903777302_t94k,DEL-BLR,EaseMyTrip,6E,6E-7642,2026-09-23,T+15,7717,1694,9411,2026-09-08T21:21:32.154Z,FALSE,"",15:45,FALSE
fare_DEL-BLR_IX_2026-09-23_T+15_1788903777302_c92u,DEL-BLR,EaseMyTrip,IX,IX-1617,2026-09-23,T+15,8605,1889,10494,2026-09-08T21:21:32.154Z,FALSE,"",11:50,FALSE
fare_DEL-BLR_6E_2026-09-23_T+15_1788903777302_6t97,DEL-BLR,EaseMyTrip,6E,6E-7653,2026-09-23,T+15,7837,1720,9557,2026-09-08T21:21:32.154Z,FALSE,"",17:20,FALSE
fare_DEL-BLR_IX_2026-09-23_T+15_1788903777302_tf6v,DEL-BLR,EaseMyTrip,IX,IX-1165,2026-09-23,T+15,8036,1764,9800,2026-09-08T21:21:32.154Z,FALSE,"",05:45,FALSE
fare_DEL-BLR_6E_2026-09-23_T+15_1788903777302_og4f,DEL-BLR,EaseMyTrip,6E,6E-5191,2026-09-23,T+15,7856,1725,9581,2026-09-08T21:21:32.154Z,FALSE,"",05:00,FALSE
fare_DEL-BLR_6E_2026-09-23_T+15_1788903777302_uyzh,DEL-BLR,EaseMyTrip,6E,6E-7624,2026-09-23,T+15,7902,1734,9636,2026-09-08T21:21:32.154Z,FALSE,"",05:50,FALSE
fare_DEL-BLR_6E_2026-09-23_T+15_1788903777302_44vx,DEL-BLR,EaseMyTrip,6E,6E-7628,2026-09-23,T+15,7902,1734,9636,2026-09-08T21:21:32.154Z,FALSE,"",15:05,FALSE
fare_DEL-BLR_6E_2026-09-23_T+15_1788903777302_do7w,DEL-BLR,EaseMyTrip,6E,6E-2456,2026-09-23,T+15,8011,1759,9770,2026-09-08T21:21:32.154Z,FALSE,"",14:55,TRUE
fare_DEL-BLR_6E_2026-09-23_T+15_1788903777302_6a1w,DEL-BLR,EaseMyTrip,6E,6E-326,2026-09-23,T+15,8012,1759,9771,2026-09-08T21:21:32.154Z,FALSE,"",22:00,TRUE
fare_DEL-BLR_6E_2026-09-23_T+15_1788903777302_a5yd,DEL-BLR,EaseMyTrip,6E,6E-702,2026-09-23,T+15,8012,1759,9771,2026-09-08T21:21:32.154Z,FALSE,"",22:00,TRUE
fare_DEL-BLR_6E_2026-09-23_T+15_1788903777302_c1yh,DEL-BLR,EaseMyTrip,6E,6E-671,2026-09-23,T+15,8012,1759,9771,2026-09-08T21:21:32.154Z,FALSE,"",19:30,TRUE
fare_DEL-BLR_6E_2026-09-23_T+15_1788903777302_8vvi,DEL-BLR,EaseMyTrip,6E,6E-626,2026-09-23,T+15,8012,1759,9771,2026-09-08T21:21:32.154Z,FALSE,"",19:30,TRUE
fare_DEL-BLR_6E_2026-09-23_T+15_1788903777302_cyvc,DEL-BLR,EaseMyTrip,6E,6E-826,2026-09-23,T+15,8012,1759,9771,2026-09-08T21:21:32.154Z,FALSE,"",18:20,TRUE
fare_DEL-BLR_6E_2026-09-23_T+15_1788903777302_yx3w,DEL-BLR,EaseMyTrip,6E,6E-823,2026-09-23,T+15,8012,1759,9771,2026-09-08T21:21:32.154Z,FALSE,"",18:20,TRUE
fare_DEL-BLR_IX_2026-09-23_T+15_1788903777302_zdro,DEL-BLR,EaseMyTrip,IX,IX-1046,2026-09-23,T+15,9015,1979,10994,2026-09-08T21:21:32.154Z,FALSE,"",06:25,FALSE
fare_DEL-BLR_AI_2026-09-23_T+15_1788903777302_19zh,DEL-BLR,EaseMyTrip,AI,AI-2809,2026-09-23,T+15,8398,1844,10242,2026-09-08T21:21:32.154Z,FALSE,"",19:30,TRUE
fare_DEL-BLR_AI_2026-09-23_T+15_1788903777302_xuej,DEL-BLR,EaseMyTrip,AI,AI-2487,2026-09-23,T+15,8398,1844,10242,2026-09-08T21:21:32.154Z,FALSE,"",18:30,TRUE
fare_DEL-BLR_AI_2026-09-23_T+15_1788903777302_xfta,DEL-BLR,EaseMyTrip,AI,AI-2512,2026-09-23,T+15,8398,1844,10242,2026-09-08T21:21:32.154Z,FALSE,"",19:00,TRUE
fare_DEL-BLR_IX_2026-09-23_T+15_1788903777302_wlh8,DEL-BLR,EaseMyTrip,IX,IX-1980,2026-09-23,T+15,9335,2049,11384,2026-09-08T21:21:32.154Z,FALSE,"",09:55,FALSE
fare_DEL-BLR_IX_2026-09-23_T+15_1788903777302_j5xz,DEL-BLR,EaseMyTrip,IX,IX-1012,2026-09-23,T+15,9335,2049,11384,2026-09-08T21:21:32.154Z,FALSE,"",06:40,FALSE
fare_DEL-BLR_6E_2026-09-23_T+15_1788903777302_pyvz,DEL-BLR,EaseMyTrip,6E,6E-902,2026-09-23,T+15,8434,1851,10285,2026-09-08T21:21:32.154Z,FALSE,"",17:00,TRUE
fare_DEL-BLR_6E_2026-09-23_T+15_1788903777302_vrxo,DEL-BLR,EaseMyTrip,6E,6E-351,2026-09-23,T+15,8434,1851,10285,2026-09-08T21:21:32.154Z,FALSE,"",17:00,TRUE
fare_DEL-BLR_IX_2026-09-23_T+15_1788903777302_uj1y,DEL-BLR,EaseMyTrip,IX,IX-1815,2026-09-23,T+15,9507,2087,11594,2026-09-08T21:21:32.154Z,FALSE,"",19:20,FALSE
fare_DEL-BLR_IX_2026-09-23_T+15_1788903777302_2qyf,DEL-BLR,EaseMyTrip,IX,IX-1038,2026-09-23,T+15,9198,2019,11217,2026-09-08T21:21:32.154Z,FALSE,"",17:35,FALSE
fare_DEL-BLR_AI_2026-09-23_T+15_1788903777302_uwfc,DEL-BLR,EaseMyTrip,AI,AI-2499,2026-09-23,T+15,8699,1910,10609,2026-09-08T21:21:32.154Z,FALSE,"",05:55,FALSE
fare_DEL-BLR_AI_2026-09-23_T+15_1788903777302_h98y,DEL-BLR,EaseMyTrip,AI,AI-2569,2026-09-23,T+15,8699,1910,10609,2026-09-08T21:21:32.154Z,FALSE,"",20:25,FALSE
fare_DEL-BLR_AI_2026-09-23_T+15_1788903777302_plcf,DEL-BLR,EaseMyTrip,AI,AI-1710,2026-09-23,T+15,8699,1910,10609,2026-09-08T21:21:32.154Z,FALSE,"",18:35,FALSE
fare_DEL-BLR_AI_2026-09-23_T+15_1788903777302_zd0k,DEL-BLR,EaseMyTrip,AI,AI-1717,2026-09-23,T+15,8699,1910,10609,2026-09-08T21:21:32.154Z,FALSE,"",14:20,FALSE
fare_DEL-BLR_6E_2026-09-23_T+15_1788903777302_aokb,DEL-BLR,EaseMyTrip,6E,6E-2277,2026-09-23,T+15,8845,1941,10786,2026-09-08T21:21:32.154Z,FALSE,"",10:25,FALSE
fare_DEL-BLR_QP_2026-09-23_T+15_1788903777302_7gq4,DEL-BLR,EaseMyTrip,QP,QP-1940,2026-09-23,T+15,9067,1990,11057,2026-09-08T21:21:32.154Z,FALSE,"",14:05,FALSE
fare_DEL-BLR_AI_2026-09-23_T+15_1788903777302_jbky,DEL-BLR,EaseMyTrip,AI,AI-437,2026-09-23,T+15,9339,2050,11389,2026-09-08T21:21:32.154Z,FALSE,"",09:20,FALSE
fare_DEL-BLR_IX_2026-09-23_T+15_1788903777302_5avv,DEL-BLR,EaseMyTrip,IX,IX-1230,2026-09-23,T+15,9391,2061,11452,2026-09-08T21:21:32.154Z,FALSE,"",04:40,FALSE
fare_DEL-BLR_AI_2026-09-23_T+15_1788903777302_dhx5,DEL-BLR,EaseMyTrip,AI,AI-2532,2026-09-23,T+15,9510,2088,11598,2026-09-08T21:21:32.154Z,FALSE,"",11:20,FALSE
fare_DEL-BLR_AI_2026-09-23_T+15_1788903777302_18sh,DEL-BLR,EaseMyTrip,AI,AI-1743,2026-09-23,T+15,9510,2088,11598,2026-09-08T21:21:32.154Z,FALSE,"",06:20,FALSE
fare_DEL-BLR_6E_2026-09-23_T+15_1788903777302_241x,DEL-BLR,EaseMyTrip,6E,6E-6437,2026-09-23,T+15,9510,2088,11598,2026-09-08T21:21:32.154Z,FALSE,"",16:25,FALSE
fare_DEL-BLR_IX_2026-09-23_T+15_1788903777302_py1a,DEL-BLR,EaseMyTrip,IX,IX-1461,2026-09-23,T+15,11467,2517,13984,2026-09-08T21:21:32.154Z,FALSE,"",05:35,FALSE
fare_DEL-BLR_IX_2026-09-23_T+15_1788903777302_2gok,DEL-BLR,EaseMyTrip,IX,IX-1812,2026-09-23,T+15,11639,2555,14194,2026-09-08T21:21:32.154Z,FALSE,"",11:15,FALSE
fare_DEL-BLR_IX_2026-09-23_T+15_1788903777302_oosx,DEL-BLR,EaseMyTrip,IX,IX-1108,2026-09-23,T+15,10666,2341,13007,2026-09-08T21:21:32.154Z,FALSE,"",05:00,FALSE
fare_DEL-BLR_IX_2026-09-23_T+15_1788903777302_kp6x,DEL-BLR,EaseMyTrip,IX,IX-1090,2026-09-23,T+15,10784,2367,13151,2026-09-08T21:21:32.154Z,FALSE,"",13:10,FALSE
fare_DEL-BLR_AI_2026-09-23_T+15_1788903777302_2m6c,DEL-BLR,EaseMyTrip,AI,AI-2973,2026-09-23,T+15,10813,2373,13186,2026-09-08T21:21:32.154Z,FALSE,"",20:50,FALSE
fare_DEL-BLR_AI_2026-09-23_T+15_1788903777302_fsf5,DEL-BLR,EaseMyTrip,AI,AI-1793,2026-09-23,T+15,11404,2503,13907,2026-09-08T21:21:32.154Z,FALSE,"",06:00,FALSE
fare_DEL-BLR_AI_2026-09-23_T+15_1788903777302_pz4m,DEL-BLR,EaseMyTrip,AI,AI-2711,2026-09-23,T+15,11439,2511,13950,2026-09-08T21:21:32.154Z,FALSE,"",02:00,FALSE
fare_DEL-BLR_IX_2026-09-23_T+15_1788903777302_sggu,DEL-BLR,EaseMyTrip,IX,IX-1346,2026-09-23,T+15,11799,2590,14389,2026-09-08T21:21:32.154Z,FALSE,"",06:10,FALSE
fare_DEL-BLR_IX_2026-09-23_T+15_1788903777302_exv1,DEL-BLR,EaseMyTrip,IX,IX-1067,2026-09-23,T+15,11627,2552,14179,2026-09-08T21:21:32.154Z,FALSE,"",06:10,FALSE
fare_DEL-BLR_AI_2026-09-23_T+15_1788903777302_yhcu,DEL-BLR,EaseMyTrip,AI,AI-2483,2026-09-23,T+15,11628,2552,14180,2026-09-08T21:21:32.154Z,FALSE,"",12:20,FALSE
fare_DEL-BLR_AI_2026-09-23_T+15_1788903777302_lgnw,DEL-BLR,EaseMyTrip,AI,AI-2525,2026-09-23,T+15,11628,2552,14180,2026-09-08T21:21:32.154Z,FALSE,"",06:00,FALSE
fare_DEL-BLR_AI_2026-09-23_T+15_1788903777302_qvs8,DEL-BLR,EaseMyTrip,AI,AI-2879,2026-09-23,T+15,11763,2582,14345,2026-09-08T21:21:32.154Z,FALSE,"",18:00,FALSE
fare_DEL-BLR_IX_2026-09-23_T+15_1788903777302_por1,DEL-BLR,EaseMyTrip,IX,IX-1001,2026-09-23,T+15,12015,2637,14652,2026-09-08T21:21:32.154Z,FALSE,"",09:00,FALSE
fare_DEL-BLR_6E_2026-09-23_T+15_1788903777302_v98n,DEL-BLR,EaseMyTrip,6E,6E-2557,2026-09-23,T+15,11953,2624,14577,2026-09-08T21:21:32.154Z,FALSE,"",15:20,FALSE
fare_DEL-BLR_AI_2026-09-23_T+15_1788903777302_44rn,DEL-BLR,EaseMyTrip,AI,AI-2458,2026-09-23,T+15,12127,2662,14789,2026-09-08T21:21:32.154Z,FALSE,"",12:10,FALSE
fare_DEL-BLR_6E_2026-09-23_T+15_1788903777302_ob59,DEL-BLR,EaseMyTrip,6E,6E-6179,2026-09-23,T+15,12164,2670,14834,2026-09-08T21:21:32.154Z,FALSE,"",18:30,FALSE
fare_DEL-BLR_AI_2026-09-23_T+15_1788903777302_srz9,DEL-BLR,EaseMyTrip,AI,AI-1702,2026-09-23,T+15,12336,2708,15044,2026-09-08T21:21:32.154Z,FALSE,"",18:30,FALSE
fare_DEL-BLR_IX_2026-09-23_T+15_1788903777302_xwbs,DEL-BLR,EaseMyTrip,IX,IX-1032,2026-09-23,T+15,12799,2809,15608,2026-09-08T21:21:32.154Z,FALSE,"",05:45,FALSE
fare_DEL-BLR_AI_2026-09-23_T+15_1788903777302_7un0,DEL-BLR,EaseMyTrip,AI,AI-1785,2026-09-23,T+15,12944,2841,15785,2026-09-08T21:21:32.154Z,TRUE,"High outlier: ₹15785 > upper fence ₹15752 (Q3: ₹11598, IQR: ₹2769)",12:00,FALSE
fare_DEL-BLR_AI_2026-09-23_T+15_1788903777302_4arc,DEL-BLR,EaseMyTrip,AI,AI-2963,2026-09-23,T+15,13117,2879,15996,2026-09-08T21:21:32.154Z,TRUE,"High outlier: ₹15996 > upper fence ₹15752 (Q3: ₹11598, IQR: ₹2769)",09:00,FALSE
fare_DEL-BLR_AI_2026-09-23_T+15_1788903777302_x59h,DEL-BLR,EaseMyTrip,AI,AI-2678,2026-09-23,T+15,13117,2879,15996,2026-09-08T21:21:32.154Z,TRUE,"High outlier: ₹15996 > upper fence ₹15752 (Q3: ₹11598, IQR: ₹2769)",08:30,FALSE
fare_DEL-BLR_AI_2026-09-23_T+15_1788903777302_s73c,DEL-BLR,EaseMyTrip,AI,AI-2975,2026-09-23,T+15,13169,2891,16060,2026-09-08T21:21:32.154Z,TRUE,"High outlier: ₹16060 > upper fence ₹15752 (Q3: ₹11598, IQR: ₹2769)",06:30,FALSE
fare_DEL-BLR_AI_2026-09-23_T+15_1788903777302_a3z5,DEL-BLR,EaseMyTrip,AI,AI-2951,2026-09-23,T+15,13169,2891,16060,2026-09-08T21:21:32.154Z,TRUE,"High outlier: ₹16060 > upper fence ₹15752 (Q3: ₹11598, IQR: ₹2769)",13:30,FALSE
fare_DEL-BLR_AI_2026-09-23_T+15_1788903777302_a14c,DEL-BLR,EaseMyTrip,AI,AI-2941,2026-09-23,T+15,13225,2903,16128,2026-09-08T21:21:32.154Z,TRUE,"High outlier: ₹16128 > upper fence ₹15752 (Q3: ₹11598, IQR: ₹2769)",16:30,FALSE
fare_DEL-BLR_AI_2026-09-23_T+15_1788903777302_m33o,DEL-BLR,EaseMyTrip,AI,AI-1777,2026-09-23,T+15,13225,2903,16128,2026-09-08T21:21:32.154Z,TRUE,"High outlier: ₹16128 > upper fence ₹15752 (Q3: ₹11598, IQR: ₹2769)",16:00,FALSE
fare_DEL-BLR_AI_2026-09-23_T+15_1788903777302_j5j5,DEL-BLR,EaseMyTrip,AI,AI-441,2026-09-23,T+15,13225,2903,16128,2026-09-08T21:21:32.154Z,TRUE,"High outlier: ₹16128 > upper fence ₹15752 (Q3: ₹11598, IQR: ₹2769)",17:00,FALSE
fare_DEL-BLR_AI_2026-09-23_T+15_1788903777302_xqd7,DEL-BLR,EaseMyTrip,AI,AI-2705,2026-09-23,T+15,13323,2925,16248,2026-09-08T21:21:32.154Z,TRUE,"High outlier: ₹16248 > upper fence ₹15752 (Q3: ₹11598, IQR: ₹2769)",07:30,FALSE
fare_DEL-BLR_IX_2026-09-23_T+15_1788903777302_eqef,DEL-BLR,EaseMyTrip,IX,IX-1783,2026-09-23,T+15,13655,2997,16652,2026-09-08T21:21:32.154Z,TRUE,"High outlier: ₹16652 > upper fence ₹15752 (Q3: ₹11598, IQR: ₹2769)",07:20,FALSE
fare_DEL-BLR_IX_2026-09-23_T+15_1788903777302_qb7n,DEL-BLR,EaseMyTrip,IX,IX-1085,2026-09-23,T+15,14081,3091,17172,2026-09-08T21:21:32.154Z,TRUE,"High outlier: ₹17172 > upper fence ₹15752 (Q3: ₹11598, IQR: ₹2769)",12:55,FALSE
fare_DEL-BLR_AI_2026-09-23_T+15_1788903777302_e8mp,DEL-BLR,EaseMyTrip,AI,AI-809,2026-09-23,T+15,13939,3060,16999,2026-09-08T21:21:32.154Z,TRUE,"High outlier: ₹16999 > upper fence ₹15752 (Q3: ₹11598, IQR: ₹2769)",17:40,FALSE
fare_DEL-BLR_AI_2026-09-23_T+15_1788903777302_1g7x,DEL-BLR,EaseMyTrip,AI,AI-2939,2026-09-23,T+15,13939,3060,16999,2026-09-08T21:21:32.154Z,TRUE,"High outlier: ₹16999 > upper fence ₹15752 (Q3: ₹11598, IQR: ₹2769)",16:40,FALSE
fare_DEL-BLR_AI_2026-09-23_T+15_1788903777302_2wkt,DEL-BLR,EaseMyTrip,AI,AI-544,2026-09-23,T+15,14201,3117,17318,2026-09-08T21:21:32.154Z,TRUE,"High outlier: ₹17318 > upper fence ₹15752 (Q3: ₹11598, IQR: ₹2769)",15:30,FALSE
fare_DEL-BLR_IX_2026-09-23_T+15_1788903777302_dd4d,DEL-BLR,EaseMyTrip,IX,IX-1068,2026-09-23,T+15,16110,3536,19646,2026-09-08T21:21:32.154Z,TRUE,"High outlier: ₹19646 > upper fence ₹15752 (Q3: ₹11598, IQR: ₹2769)",11:55,FALSE
fare_DEL-BLR_AI_2026-09-23_T+15_1788903777302_brz1,DEL-BLR,EaseMyTrip,AI,AI-2627,2026-09-23,T+15,16052,3524,19576,2026-09-08T21:21:32.154Z,TRUE,"High outlier: ₹19576 > upper fence ₹15752 (Q3: ₹11598, IQR: ₹2769)",10:45,FALSE
fare_DEL-BLR_IX_2026-09-23_T+15_1788903777302_3t43,DEL-BLR,EaseMyTrip,IX,IX-1811,2026-09-23,T+15,17422,3824,21246,2026-09-08T21:21:32.154Z,TRUE,"High outlier: ₹21246 > upper fence ₹15752 (Q3: ₹11598, IQR: ₹2769)",06:50,FALSE
fare_DEL-BLR_AI_2026-09-23_T+15_1788903777302_rbed,DEL-BLR,EaseMyTrip,AI,AI-1739,2026-09-23,T+15,24514,5381,29895,2026-09-08T21:21:32.154Z,TRUE,"High outlier: ₹29895 > upper fence ₹15752 (Q3: ₹11598, IQR: ₹2769)",11:30,FALSE
fare_DEL-BLR_6E_2026-10-08_T+30_1788903777303_pd0n,DEL-BLR,EaseMyTrip,6E,6E-356,2026-10-08,T+30,6855,1505,8360,2026-09-08T21:21:38.218Z,FALSE,"",17:55,FALSE
fare_DEL-BLR_6E_2026-10-08_T+30_1788903777303_8kfs,DEL-BLR,EaseMyTrip,6E,6E-627,2026-10-08,T+30,6855,1505,8360,2026-09-08T21:21:38.218Z,FALSE,"",17:55,FALSE
fare_DEL-BLR_6E_2026-10-08_T+30_1788903777303_f00e,DEL-BLR,EaseMyTrip,6E,6E-6217,2026-10-08,T+30,6855,1505,8360,2026-09-08T21:21:38.218Z,FALSE,"",16:15,FALSE
fare_DEL-BLR_6E_2026-10-08_T+30_1788903777303_sqlj,DEL-BLR,EaseMyTrip,6E,6E-875,2026-10-08,T+30,6855,1505,8360,2026-09-08T21:21:38.218Z,FALSE,"",02:25,FALSE
fare_DEL-BLR_6E_2026-10-08_T+30_1788903777303_3zcb,DEL-BLR,EaseMyTrip,6E,6E-334,2026-10-08,T+30,6855,1505,8360,2026-09-08T21:21:38.218Z,FALSE,"",02:25,FALSE
fare_DEL-BLR_6E_2026-10-08_T+30_1788903777303_a60i,DEL-BLR,EaseMyTrip,6E,6E-6293,2026-10-08,T+30,6855,1505,8360,2026-09-08T21:21:38.218Z,FALSE,"",09:55,FALSE
fare_DEL-BLR_6E_2026-10-08_T+30_1788903777303_j7o0,DEL-BLR,EaseMyTrip,6E,6E-6282,2026-10-08,T+30,6855,1505,8360,2026-09-08T21:21:38.218Z,FALSE,"",13:30,FALSE
fare_DEL-BLR_6E_2026-10-08_T+30_1788903777303_hxw2,DEL-BLR,EaseMyTrip,6E,6E-6212,2026-10-08,T+30,6855,1505,8360,2026-09-08T21:21:38.218Z,FALSE,"",14:45,FALSE
fare_DEL-BLR_6E_2026-10-08_T+30_1788903777303_qfmo,DEL-BLR,EaseMyTrip,6E,6E-650,2026-10-08,T+30,6855,1505,8360,2026-09-08T21:21:38.218Z,FALSE,"",11:45,FALSE
fare_DEL-BLR_6E_2026-10-08_T+30_1788903777303_y6fr,DEL-BLR,EaseMyTrip,6E,6E-454,2026-10-08,T+30,6855,1505,8360,2026-09-08T21:21:38.218Z,FALSE,"",11:45,FALSE
fare_DEL-BLR_IX_2026-10-08_T+30_1788903777303_kw9k,DEL-BLR,EaseMyTrip,IX,IX-2749,2026-10-08,T+30,7239,1589,8828,2026-09-08T21:21:38.218Z,FALSE,"",10:25,TRUE
fare_DEL-BLR_IX_2026-10-08_T+30_1788903777303_4ers,DEL-BLR,EaseMyTrip,IX,IX-1070,2026-10-08,T+30,7239,1589,8828,2026-09-08T21:21:38.218Z,FALSE,"",22:00,TRUE
fare_DEL-BLR_IX_2026-10-08_T+30_1788903777303_ucqy,DEL-BLR,EaseMyTrip,IX,IX-5978,2026-10-08,T+30,7239,1589,8828,2026-09-08T21:21:38.218Z,FALSE,"",21:00,TRUE
fare_DEL-BLR_6E_2026-10-08_T+30_1788903777303_tkog,DEL-BLR,EaseMyTrip,6E,6E-521,2026-10-08,T+30,6963,1528,8491,2026-09-08T21:21:38.218Z,FALSE,"",16:20,FALSE
fare_DEL-BLR_6E_2026-10-08_T+30_1788903777303_csvx,DEL-BLR,EaseMyTrip,6E,6E-660,2026-10-08,T+30,6963,1528,8491,2026-09-08T21:21:38.218Z,FALSE,"",16:20,FALSE
fare_DEL-BLR_6E_2026-10-08_T+30_1788903777303_mbt5,DEL-BLR,EaseMyTrip,6E,6E-2557,2026-10-08,T+30,6963,1528,8491,2026-09-08T21:21:38.218Z,FALSE,"",15:20,FALSE
fare_DEL-BLR_6E_2026-10-08_T+30_1788903777303_arli,DEL-BLR,EaseMyTrip,6E,6E-6179,2026-10-08,T+30,6963,1528,8491,2026-09-08T21:21:38.218Z,FALSE,"",18:30,FALSE
fare_DEL-BLR_6E_2026-10-08_T+30_1788903777303_9g6z,DEL-BLR,EaseMyTrip,6E,6E-369,2026-10-08,T+30,6963,1528,8491,2026-09-08T21:21:38.218Z,FALSE,"",14:50,FALSE
fare_DEL-BLR_6E_2026-10-08_T+30_1788903777303_pl6q,DEL-BLR,EaseMyTrip,6E,6E-958,2026-10-08,T+30,6963,1528,8491,2026-09-08T21:21:38.218Z,FALSE,"",14:50,FALSE
fare_DEL-BLR_6E_2026-10-08_T+30_1788903777303_93e0,DEL-BLR,EaseMyTrip,6E,6E-6569,2026-10-08,T+30,6963,1528,8491,2026-09-08T21:21:38.218Z,FALSE,"",05:00,FALSE
fare_DEL-BLR_6E_2026-10-08_T+30_1788903777303_wex1,DEL-BLR,EaseMyTrip,6E,6E-5119,2026-10-08,T+30,6963,1528,8491,2026-09-08T21:21:38.218Z,FALSE,"",05:10,FALSE
fare_DEL-BLR_6E_2026-10-08_T+30_1788903777303_fqbd,DEL-BLR,EaseMyTrip,6E,6E-6459,2026-10-08,T+30,6963,1528,8491,2026-09-08T21:21:38.218Z,FALSE,"",05:55,FALSE
fare_DEL-BLR_6E_2026-10-08_T+30_1788903777303_7i4a,DEL-BLR,EaseMyTrip,6E,6E-6488,2026-10-08,T+30,6963,1528,8491,2026-09-08T21:21:38.218Z,FALSE,"",11:20,FALSE
fare_DEL-BLR_6E_2026-10-08_T+30_1788903777303_kefq,DEL-BLR,EaseMyTrip,6E,6E-2361,2026-10-08,T+30,6963,1528,8491,2026-09-08T21:21:38.218Z,FALSE,"",14:35,FALSE
fare_DEL-BLR_6E_2026-10-08_T+30_1788903777303_qao9,DEL-BLR,EaseMyTrip,6E,6E-247,2026-10-08,T+30,7027,1543,8570,2026-09-08T21:21:38.218Z,FALSE,"",18:15,FALSE
fare_DEL-BLR_6E_2026-10-08_T+30_1788903777303_gtxr,DEL-BLR,EaseMyTrip,6E,6E-373,2026-10-08,T+30,7027,1543,8570,2026-09-08T21:21:38.218Z,FALSE,"",18:15,FALSE
fare_DEL-BLR_6E_2026-10-08_T+30_1788903777303_igxs,DEL-BLR,EaseMyTrip,6E,6E-6091,2026-10-08,T+30,7027,1543,8570,2026-09-08T21:21:38.218Z,FALSE,"",15:15,FALSE
fare_DEL-BLR_6E_2026-10-08_T+30_1788903777303_l04g,DEL-BLR,EaseMyTrip,6E,6E-5033,2026-10-08,T+30,7027,1543,8570,2026-09-08T21:21:38.218Z,FALSE,"",15:50,FALSE
fare_DEL-BLR_6E_2026-10-08_T+30_1788903777303_7a8q,DEL-BLR,EaseMyTrip,6E,6E-2150,2026-10-08,T+30,7027,1543,8570,2026-09-08T21:21:38.218Z,FALSE,"",16:55,FALSE
fare_DEL-BLR_6E_2026-10-08_T+30_1788903777303_l2ja,DEL-BLR,EaseMyTrip,6E,6E-6632,2026-10-08,T+30,7027,1543,8570,2026-09-08T21:21:38.218Z,FALSE,"",17:50,FALSE
fare_DEL-BLR_6E_2026-10-08_T+30_1788903777303_s0v4,DEL-BLR,EaseMyTrip,6E,6E-2277,2026-10-08,T+30,7027,1543,8570,2026-09-08T21:21:38.218Z,FALSE,"",10:25,FALSE
fare_DEL-BLR_6E_2026-10-08_T+30_1788903777303_091n,DEL-BLR,EaseMyTrip,6E,6E-338,2026-10-08,T+30,7027,1543,8570,2026-09-08T21:21:38.218Z,FALSE,"",02:55,FALSE
fare_DEL-BLR_6E_2026-10-08_T+30_1788903777303_fyym,DEL-BLR,EaseMyTrip,6E,6E-623,2026-10-08,T+30,7027,1543,8570,2026-09-08T21:21:38.218Z,FALSE,"",02:55,FALSE
fare_DEL-BLR_6E_2026-10-08_T+30_1788903777303_f53m,DEL-BLR,EaseMyTrip,6E,6E-2147,2026-10-08,T+30,7027,1543,8570,2026-09-08T21:21:38.218Z,FALSE,"",11:10,FALSE
fare_DEL-BLR_6E_2026-10-08_T+30_1788903777303_hfn7,DEL-BLR,EaseMyTrip,6E,6E-6115,2026-10-08,T+30,7027,1543,8570,2026-09-08T21:21:38.218Z,FALSE,"",13:10,FALSE
fare_DEL-BLR_6E_2026-10-08_T+30_1788903777303_r4rx,DEL-BLR,EaseMyTrip,6E,6E-5038,2026-10-08,T+30,7027,1543,8570,2026-09-08T21:21:38.218Z,FALSE,"",14:00,FALSE
fare_DEL-BLR_6E_2026-10-08_T+30_1788903777303_bwq1,DEL-BLR,EaseMyTrip,6E,6E-6476,2026-10-08,T+30,7027,1543,8570,2026-09-08T21:21:38.218Z,FALSE,"",07:05,FALSE
fare_DEL-BLR_6E_2026-10-08_T+30_1788903777303_ahma,DEL-BLR,EaseMyTrip,6E,6E-6497,2026-10-08,T+30,7135,1566,8701,2026-09-08T21:21:38.218Z,FALSE,"",18:40,FALSE
fare_DEL-BLR_6E_2026-10-08_T+30_1788903777303_x05n,DEL-BLR,EaseMyTrip,6E,6E-2769,2026-10-08,T+30,7135,1566,8701,2026-09-08T21:21:38.218Z,FALSE,"",08:10,FALSE
fare_DEL-BLR_6E_2026-10-08_T+30_1788903777303_vy7t,DEL-BLR,EaseMyTrip,6E,6E-2482,2026-10-08,T+30,7135,1566,8701,2026-09-08T21:21:38.218Z,FALSE,"",19:55,FALSE
fare_DEL-BLR_IX_2026-10-08_T+30_1788903777303_llaz,DEL-BLR,EaseMyTrip,IX,IX-1076,2026-10-08,T+30,7859,1725,9584,2026-09-08T21:21:38.218Z,FALSE,"",09:00,FALSE
fare_DEL-BLR_IX_2026-10-08_T+30_1788903777303_ql43,DEL-BLR,EaseMyTrip,IX,IX-1074,2026-10-08,T+30,7859,1725,9584,2026-09-08T21:21:38.218Z,FALSE,"",11:00,FALSE
fare_DEL-BLR_IX_2026-10-08_T+30_1788903777303_ievz,DEL-BLR,EaseMyTrip,IX,IX-1273,2026-10-08,T+30,7859,1725,9584,2026-09-08T21:21:38.218Z,FALSE,"",12:05,FALSE
fare_DEL-BLR_IX_2026-10-08_T+30_1788903777303_muq9,DEL-BLR,EaseMyTrip,IX,IX-1067,2026-10-08,T+30,7859,1725,9584,2026-09-08T21:21:38.218Z,FALSE,"",06:10,FALSE
fare_DEL-BLR_6E_2026-10-08_T+30_1788903777303_igkc,DEL-BLR,EaseMyTrip,6E,6E-999,2026-10-08,T+30,7156,1571,8727,2026-09-08T21:21:38.218Z,FALSE,"",17:10,FALSE
fare_DEL-BLR_6E_2026-10-08_T+30_1788903777303_foxw,DEL-BLR,EaseMyTrip,6E,6E-472,2026-10-08,T+30,7156,1571,8727,2026-09-08T21:21:38.218Z,FALSE,"",17:10,FALSE
fare_DEL-BLR_QP_2026-10-08_T+30_1788903777303_ddbp,DEL-BLR,EaseMyTrip,QP,QP-1350,2026-10-08,T+30,7240,1589,8829,2026-09-08T21:21:38.218Z,FALSE,"",21:55,TRUE
fare_DEL-BLR_6E_2026-10-08_T+30_1788903777303_idkg,DEL-BLR,EaseMyTrip,6E,6E-6054,2026-10-08,T+30,7240,1589,8829,2026-09-08T21:21:38.218Z,FALSE,"",01:05,TRUE
fare_DEL-BLR_6E_2026-10-08_T+30_1788903777303_ahac,DEL-BLR,EaseMyTrip,6E,6E-6515,2026-10-08,T+30,7240,1589,8829,2026-09-08T21:21:38.218Z,FALSE,"",20:45,TRUE
fare_DEL-BLR_6E_2026-10-08_T+30_1788903777303_hcj2,DEL-BLR,EaseMyTrip,6E,6E-815,2026-10-08,T+30,7240,1589,8829,2026-09-08T21:21:38.218Z,FALSE,"",19:30,TRUE
fare_DEL-BLR_6E_2026-10-08_T+30_1788903777303_3jz5,DEL-BLR,EaseMyTrip,6E,6E-986,2026-10-08,T+30,7240,1589,8829,2026-09-08T21:21:38.218Z,FALSE,"",19:30,TRUE
fare_DEL-BLR_6E_2026-10-08_T+30_1788903777303_xthu,DEL-BLR,EaseMyTrip,6E,6E-995,2026-10-08,T+30,7240,1589,8829,2026-09-08T21:21:38.218Z,FALSE,"",15:45,TRUE
fare_DEL-BLR_6E_2026-10-08_T+30_1788903777303_nyv5,DEL-BLR,EaseMyTrip,6E,6E-714,2026-10-08,T+30,7240,1589,8829,2026-09-08T21:21:38.218Z,FALSE,"",15:45,TRUE
fare_DEL-BLR_6E_2026-10-08_T+30_1788903777303_w1af,DEL-BLR,EaseMyTrip,6E,6E-2456,2026-10-08,T+30,7240,1589,8829,2026-09-08T21:21:38.218Z,FALSE,"",14:55,TRUE
fare_DEL-BLR_6E_2026-10-08_T+30_1788903777303_qjfj,DEL-BLR,EaseMyTrip,6E,6E-789,2026-10-08,T+30,7240,1589,8829,2026-09-08T21:21:38.218Z,FALSE,"",14:30,TRUE
fare_DEL-BLR_6E_2026-10-08_T+30_1788903777303_iwko,DEL-BLR,EaseMyTrip,6E,6E-131,2026-10-08,T+30,7240,1589,8829,2026-09-08T21:21:38.218Z,FALSE,"",14:30,TRUE
fare_DEL-BLR_6E_2026-10-08_T+30_1788903777303_kv54,DEL-BLR,EaseMyTrip,6E,6E-647,2026-10-08,T+30,7240,1589,8829,2026-09-08T21:21:38.218Z,FALSE,"",23:30,TRUE
fare_DEL-BLR_6E_2026-10-08_T+30_1788903777303_5x40,DEL-BLR,EaseMyTrip,6E,6E-265,2026-10-08,T+30,7240,1589,8829,2026-09-08T21:21:38.218Z,FALSE,"",23:30,TRUE
fare_DEL-BLR_6E_2026-10-08_T+30_1788903777303_9ahq,DEL-BLR,EaseMyTrip,6E,6E-310,2026-10-08,T+30,7240,1589,8829,2026-09-08T21:21:38.218Z,FALSE,"",10:45,TRUE
fare_DEL-BLR_6E_2026-10-08_T+30_1788903777303_p57h,DEL-BLR,EaseMyTrip,6E,6E-924,2026-10-08,T+30,7240,1589,8829,2026-09-08T21:21:38.218Z,FALSE,"",10:45,TRUE
fare_DEL-BLR_6E_2026-10-08_T+30_1788903777303_4882,DEL-BLR,EaseMyTrip,6E,6E-884,2026-10-08,T+30,7240,1589,8829,2026-09-08T21:21:38.218Z,FALSE,"",09:30,TRUE
fare_DEL-BLR_6E_2026-10-08_T+30_1788903777303_zl90,DEL-BLR,EaseMyTrip,6E,6E-275,2026-10-08,T+30,7240,1589,8829,2026-09-08T21:21:38.218Z,FALSE,"",09:30,TRUE
fare_DEL-BLR_6E_2026-10-08_T+30_1788903777303_vy2r,DEL-BLR,EaseMyTrip,6E,6E-473,2026-10-08,T+30,7240,1589,8829,2026-09-08T21:21:38.218Z,FALSE,"",08:20,TRUE
fare_DEL-BLR_6E_2026-10-08_T+30_1788903777303_ae1q,DEL-BLR,EaseMyTrip,6E,6E-639,2026-10-08,T+30,7240,1589,8829,2026-09-08T21:21:38.218Z,FALSE,"",08:20,TRUE
fare_DEL-BLR_6E_2026-10-08_T+30_1788903777303_uyjd,DEL-BLR,EaseMyTrip,6E,6E-105,2026-10-08,T+30,7240,1589,8829,2026-09-08T21:21:38.218Z,FALSE,"",07:05,TRUE
fare_DEL-BLR_6E_2026-10-08_T+30_1788903777303_1bvv,DEL-BLR,EaseMyTrip,6E,6E-175,2026-10-08,T+30,7240,1589,8829,2026-09-08T21:21:38.218Z,FALSE,"",07:05,TRUE
fare_DEL-BLR_6E_2026-10-08_T+30_1788903777303_ilbx,DEL-BLR,EaseMyTrip,6E,6E-2314,2026-10-08,T+30,7240,1589,8829,2026-09-08T21:21:38.218Z,FALSE,"",05:45,TRUE
fare_DEL-BLR_6E_2026-10-08_T+30_1788903777303_wux8,DEL-BLR,EaseMyTrip,6E,6E-358,2026-10-08,T+30,7240,1589,8829,2026-09-08T21:21:38.218Z,FALSE,"",03:00,TRUE
fare_DEL-BLR_6E_2026-10-08_T+30_1788903777303_0pb5,DEL-BLR,EaseMyTrip,6E,6E-404,2026-10-08,T+30,7240,1589,8829,2026-09-08T21:21:38.218Z,FALSE,"",03:00,TRUE
fare_DEL-BLR_6E_2026-10-08_T+30_1788903777303_6rbh,DEL-BLR,EaseMyTrip,6E,6E-478,2026-10-08,T+30,7240,1589,8829,2026-09-08T21:21:38.218Z,FALSE,"",13:15,TRUE
fare_DEL-BLR_QP_2026-10-08_T+30_1788903777303_30wj,DEL-BLR,EaseMyTrip,QP,QP-1812,2026-10-08,T+30,7240,1589,8829,2026-09-08T21:21:38.218Z,FALSE,"",22:55,TRUE
fare_DEL-BLR_6E_2026-10-08_T+30_1788903777303_ucuw,DEL-BLR,EaseMyTrip,6E,6E-2519,2026-10-08,T+30,7240,1589,8829,2026-09-08T21:21:38.218Z,FALSE,"",13:00,TRUE
fare_DEL-BLR_6E_2026-10-08_T+30_1788903777303_oiyt,DEL-BLR,EaseMyTrip,6E,6E-157,2026-10-08,T+30,7240,1589,8829,2026-09-08T21:21:38.218Z,FALSE,"",12:15,TRUE
fare_DEL-BLR_6E_2026-10-08_T+30_1788903777303_23jp,DEL-BLR,EaseMyTrip,6E,6E-873,2026-10-08,T+30,7240,1589,8829,2026-09-08T21:21:38.218Z,FALSE,"",12:15,TRUE
fare_DEL-BLR_IX_2026-10-08_T+30_1788903777303_khp8,DEL-BLR,EaseMyTrip,IX,IX-1165,2026-10-08,T+30,7777,1707,9484,2026-09-08T21:21:38.218Z,FALSE,"",06:00,FALSE
fare_DEL-BLR_6E_2026-10-08_T+30_1788903777303_wvic,DEL-BLR,EaseMyTrip,6E,6E-5191,2026-10-08,T+30,7307,1604,8911,2026-09-08T21:21:38.218Z,FALSE,"",05:00,FALSE
fare_DEL-BLR_IX_2026-10-08_T+30_1788903777303_3l7f,DEL-BLR,EaseMyTrip,IX,IX-1046,2026-10-08,T+30,8031,1763,9794,2026-09-08T21:21:38.218Z,FALSE,"",06:30,FALSE
fare_DEL-BLR_IX_2026-10-08_T+30_1788903777303_0oj3,DEL-BLR,EaseMyTrip,IX,IX-1783,2026-10-08,T+30,8031,1763,9794,2026-09-08T21:21:38.218Z,FALSE,"",07:20,FALSE
fare_DEL-BLR_IX_2026-10-08_T+30_1788903777303_iqkp,DEL-BLR,EaseMyTrip,IX,IX-1057,2026-10-08,T+30,8031,1763,9794,2026-09-08T21:21:38.218Z,FALSE,"",06:20,FALSE
fare_DEL-BLR_IX_2026-10-08_T+30_1788903777303_e7v2,DEL-BLR,EaseMyTrip,IX,IX-1617,2026-10-08,T+30,8031,1763,9794,2026-09-08T21:21:38.218Z,FALSE,"",11:50,FALSE
fare_DEL-BLR_IX_2026-10-08_T+30_1788903777303_e8by,DEL-BLR,EaseMyTrip,IX,IX-1054,2026-10-08,T+30,8031,1763,9794,2026-09-08T21:21:38.218Z,FALSE,"",12:05,FALSE
fare_DEL-BLR_IX_2026-10-08_T+30_1788903777303_5me7,DEL-BLR,EaseMyTrip,IX,IX-1108,2026-10-08,T+30,8031,1763,9794,2026-09-08T21:21:38.218Z,FALSE,"",05:00,FALSE
fare_DEL-BLR_IX_2026-10-08_T+30_1788903777303_srmf,DEL-BLR,EaseMyTrip,IX,IX-1230,2026-10-08,T+30,8031,1763,9794,2026-09-08T21:21:38.218Z,FALSE,"",04:40,FALSE
fare_DEL-BLR_IX_2026-10-08_T+30_1788903777303_etpu,DEL-BLR,EaseMyTrip,IX,IX-1346,2026-10-08,T+30,8278,1817,10095,2026-09-08T21:21:38.218Z,FALSE,"",06:10,FALSE
fare_DEL-BLR_IX_2026-10-08_T+30_1788903777303_wnq2,DEL-BLR,EaseMyTrip,IX,IX-1056,2026-10-08,T+30,8278,1817,10095,2026-09-08T21:21:38.218Z,FALSE,"",17:50,FALSE
fare_DEL-BLR_AI_2026-10-08_T+30_1788903777303_tw6u,DEL-BLR,EaseMyTrip,AI,AI-2757,2026-10-08,T+30,7503,1647,9150,2026-09-08T21:21:38.218Z,FALSE,"",00:15,TRUE
fare_DEL-BLR_6E_2026-10-08_T+30_1788903777303_cl8y,DEL-BLR,EaseMyTrip,6E,6E-226,2026-10-08,T+30,7404,1625,9029,2026-09-08T21:21:38.218Z,FALSE,"",16:10,FALSE
fare_DEL-BLR_QP_2026-10-08_T+30_1788903777303_1nja,DEL-BLR,EaseMyTrip,QP,QP-1526,2026-10-08,T+30,7410,1627,9037,2026-09-08T21:21:38.218Z,FALSE,"",16:30,TRUE
fare_DEL-BLR_AI_2026-10-08_T+30_1788903777303_xpvp,DEL-BLR,EaseMyTrip,AI,AI-2653,2026-10-08,T+30,7626,1674,9300,2026-09-08T21:21:38.218Z,FALSE,"",04:30,TRUE
fare_DEL-BLR_AI_2026-10-08_T+30_1788903777303_j1g5,DEL-BLR,EaseMyTrip,AI,AI-427,2026-10-08,T+30,7626,1674,9300,2026-09-08T21:21:38.218Z,FALSE,"",08:30,TRUE
fare_DEL-BLR_AI_2026-10-08_T+30_1788903777303_pg8t,DEL-BLR,EaseMyTrip,AI,AI-2485,2026-10-08,T+30,7626,1674,9300,2026-09-08T21:21:38.218Z,FALSE,"",10:30,TRUE
fare_DEL-BLR_AI_2026-10-08_T+30_1788903777303_m4rq,DEL-BLR,EaseMyTrip,AI,AI-2809,2026-10-08,T+30,7626,1674,9300,2026-09-08T21:21:38.218Z,FALSE,"",19:30,TRUE
fare_DEL-BLR_AI_2026-10-08_T+30_1788903777303_bqhu,DEL-BLR,EaseMyTrip,AI,AI-2803,2026-10-08,T+30,7626,1674,9300,2026-09-08T21:21:38.218Z,FALSE,"",06:30,TRUE
fare_DEL-BLR_AI_2026-10-08_T+30_1788903777303_c70b,DEL-BLR,EaseMyTrip,AI,AI-2815,2026-10-08,T+30,7626,1674,9300,2026-09-08T21:21:38.218Z,FALSE,"",07:00,TRUE
fare_DEL-BLR_AI_2026-10-08_T+30_1788903777303_yl9x,DEL-BLR,EaseMyTrip,AI,AI-2415,2026-10-08,T+30,7626,1674,9300,2026-09-08T21:21:38.218Z,FALSE,"",09:30,TRUE
fare_DEL-BLR_AI_2026-10-08_T+30_1788903777303_hdnr,DEL-BLR,EaseMyTrip,AI,AI-2487,2026-10-08,T+30,7626,1674,9300,2026-09-08T21:21:38.218Z,FALSE,"",18:30,TRUE
fare_DEL-BLR_AI_2026-10-08_T+30_1788903777303_cuy2,DEL-BLR,EaseMyTrip,AI,AI-2512,2026-10-08,T+30,7626,1674,9300,2026-09-08T21:21:38.218Z,FALSE,"",19:00,TRUE
fare_DEL-BLR_AI_2026-10-08_T+30_1788903777303_6hxc,DEL-BLR,EaseMyTrip,AI,AI-2412,2026-10-08,T+30,7626,1674,9300,2026-09-08T21:21:38.218Z,FALSE,"",21:30,TRUE
fare_DEL-BLR_QP_2026-10-08_T+30_1788903777303_xena,DEL-BLR,EaseMyTrip,QP,QP-1822,2026-10-08,T+30,7510,1648,9158,2026-09-08T21:21:38.218Z,FALSE,"",16:40,TRUE
fare_DEL-BLR_QP_2026-10-08_T+30_1788903777303_rx5n,DEL-BLR,EaseMyTrip,QP,QP-1824,2026-10-08,T+30,7510,1648,9158,2026-09-08T21:21:38.218Z,FALSE,"",20:50,TRUE
fare_DEL-BLR_6E_2026-10-08_T+30_1788903777303_1rmx,DEL-BLR,EaseMyTrip,6E,6E-5073,2026-10-08,T+30,7512,1649,9161,2026-09-08T21:21:38.218Z,FALSE,"",17:05,FALSE
fare_DEL-BLR_6E_2026-10-08_T+30_1788903777303_q7y1,DEL-BLR,EaseMyTrip,6E,6E-592,2026-10-08,T+30,7512,1649,9161,2026-09-08T21:21:38.218Z,FALSE,"",18:00,FALSE
fare_DEL-BLR_6E_2026-10-08_T+30_1788903777303_0fdd,DEL-BLR,EaseMyTrip,6E,6E-2571,2026-10-08,T+30,7551,1658,9209,2026-09-08T21:21:38.218Z,FALSE,"",12:30,FALSE
fare_DEL-BLR_AI_2026-10-08_T+30_1788903777303_rul7,DEL-BLR,EaseMyTrip,AI,AI-2819,2026-10-08,T+30,7754,1702,9456,2026-09-08T21:21:38.218Z,FALSE,"",15:00,TRUE
fare_DEL-BLR_6E_2026-10-08_T+30_1788903777303_ecb0,DEL-BLR,EaseMyTrip,6E,6E-849,2026-10-08,T+30,7615,1671,9286,2026-09-08T21:21:38.218Z,FALSE,"",18:20,TRUE
fare_DEL-BLR_6E_2026-10-08_T+30_1788903777303_si8m,DEL-BLR,EaseMyTrip,6E,6E-132,2026-10-08,T+30,7615,1671,9286,2026-09-08T21:21:38.218Z,FALSE,"",17:00,TRUE
fare_DEL-BLR_6E_2026-10-08_T+30_1788903777303_u9j9,DEL-BLR,EaseMyTrip,6E,6E-474,2026-10-08,T+30,7615,1671,9286,2026-09-08T21:21:38.218Z,FALSE,"",17:00,TRUE
fare_DEL-BLR_6E_2026-10-08_T+30_1788903777303_j838,DEL-BLR,EaseMyTrip,6E,6E-7624,2026-10-08,T+30,7682,1686,9368,2026-09-08T21:21:38.218Z,FALSE,"",05:50,FALSE
fare_DEL-BLR_AI_2026-10-08_T+30_1788903777303_cwgk,DEL-BLR,EaseMyTrip,AI,AI-2817,2026-10-08,T+30,8000,1756,9756,2026-09-08T21:21:38.218Z,FALSE,"",16:30,TRUE
fare_DEL-BLR_AI_2026-10-08_T+30_1788903777303_yg7h,DEL-BLR,EaseMyTrip,AI,AI-2664,2026-10-08,T+30,8000,1756,9756,2026-09-08T21:21:38.218Z,FALSE,"",15:50,TRUE
fare_DEL-BLR_AI_2026-10-08_T+30_1788903777303_9t4y,DEL-BLR,EaseMyTrip,AI,AI-2813,2026-10-08,T+30,8000,1756,9756,2026-09-08T21:21:38.218Z,FALSE,"",18:00,TRUE
fare_DEL-BLR_IX_2026-10-08_T+30_1788903777303_tk04,DEL-BLR,EaseMyTrip,IX,IX-1085,2026-10-08,T+30,8843,1941,10784,2026-09-08T21:21:38.218Z,FALSE,"",12:55,FALSE
fare_DEL-BLR_IX_2026-10-08_T+30_1788903777303_6qnx,DEL-BLR,EaseMyTrip,IX,IX-1461,2026-10-08,T+30,8843,1941,10784,2026-09-08T21:21:38.218Z,FALSE,"",05:35,FALSE
fare_DEL-BLR_IX_2026-10-08_T+30_1788903777303_aol8,DEL-BLR,EaseMyTrip,IX,IX-1069,2026-10-08,T+30,8843,1941,10784,2026-09-08T21:21:38.218Z,FALSE,"",10:45,FALSE
fare_DEL-BLR_6E_2026-10-08_T+30_1788903777303_ybsc,DEL-BLR,EaseMyTrip,6E,6E-7642,2026-10-08,T+30,7902,1734,9636,2026-09-08T21:21:38.218Z,FALSE,"",15:45,FALSE
fare_DEL-BLR_6E_2026-10-08_T+30_1788903777303_3ieo,DEL-BLR,EaseMyTrip,6E,6E-7646,2026-10-08,T+30,7902,1734,9636,2026-09-08T21:21:38.218Z,FALSE,"",06:15,FALSE
fare_DEL-BLR_6E_2026-10-08_T+30_1788903777303_1sww,DEL-BLR,EaseMyTrip,6E,6E-893,2026-10-08,T+30,8116,1782,9898,2026-09-08T21:21:38.218Z,FALSE,"",19:30,FALSE
fare_DEL-BLR_6E_2026-10-08_T+30_1788903777303_7ct8,DEL-BLR,EaseMyTrip,6E,6E-494,2026-10-08,T+30,8116,1782,9898,2026-09-08T21:21:38.218Z,FALSE,"",19:30,FALSE
fare_DEL-BLR_6E_2026-10-08_T+30_1788903777303_0uut,DEL-BLR,EaseMyTrip,6E,6E-481,2026-10-08,T+30,8461,1857,10318,2026-09-08T21:21:38.218Z,FALSE,"",08:30,FALSE
fare_DEL-BLR_6E_2026-10-08_T+30_1788903777303_hv89,DEL-BLR,EaseMyTrip,6E,6E-236,2026-10-08,T+30,8461,1857,10318,2026-09-08T21:21:38.218Z,FALSE,"",08:30,FALSE
fare_DEL-BLR_AI_2026-10-08_T+30_1788903777303_u2dg,DEL-BLR,EaseMyTrip,AI,AI-2499,2026-10-08,T+30,8743,1919,10662,2026-09-08T21:21:38.218Z,FALSE,"",06:00,FALSE
fare_DEL-BLR_AI_2026-10-08_T+30_1788903777303_8z7s,DEL-BLR,EaseMyTrip,AI,AI-2569,2026-10-08,T+30,8743,1919,10662,2026-09-08T21:21:38.218Z,FALSE,"",20:30,FALSE
fare_DEL-BLR_AI_2026-10-08_T+30_1788903777303_90q9,DEL-BLR,EaseMyTrip,AI,AI-1710,2026-10-08,T+30,8743,1919,10662,2026-09-08T21:21:38.218Z,FALSE,"",18:35,FALSE
fare_DEL-BLR_AI_2026-10-08_T+30_1788903777303_8bl9,DEL-BLR,EaseMyTrip,AI,AI-1717,2026-10-08,T+30,8743,1919,10662,2026-09-08T21:21:38.218Z,FALSE,"",14:20,FALSE
fare_DEL-BLR_IX_2026-10-08_T+30_1788903777303_cbgs,DEL-BLR,EaseMyTrip,IX,IX-1035,2026-10-08,T+30,9991,2193,12184,2026-09-08T21:21:38.218Z,FALSE,"",08:10,FALSE
fare_DEL-BLR_IX_2026-10-08_T+30_1788903777303_nfmy,DEL-BLR,EaseMyTrip,IX,IX-1257,2026-10-08,T+30,10163,2231,12394,2026-09-08T21:21:38.218Z,FALSE,"",22:25,FALSE
fare_DEL-BLR_AI_2026-10-08_T+30_1788903777303_3160,DEL-BLR,EaseMyTrip,AI,AI-2469,2026-10-08,T+30,9309,2043,11352,2026-09-08T21:21:38.218Z,FALSE,"",04:45,FALSE
fare_DEL-BLR_AI_2026-10-08_T+30_1788903777303_8orf,DEL-BLR,EaseMyTrip,AI,AI-2417,2026-10-08,T+30,9428,2070,11498,2026-09-08T21:21:38.218Z,FALSE,"",13:00,TRUE
fare_DEL-BLR_AI_2026-10-08_T+30_1788903777303_jt6k,DEL-BLR,EaseMyTrip,AI,AI-1735,2026-10-08,T+30,9466,2078,11544,2026-09-08T21:21:38.218Z,FALSE,"",13:00,FALSE
fare_DEL-BLR_IX_2026-10-08_T+30_1788903777303_8oz0,DEL-BLR,EaseMyTrip,IX,IX-1980,2026-10-08,T+30,10647,2337,12984,2026-09-08T21:21:38.218Z,FALSE,"",09:55,FALSE
fare_DEL-BLR_IX_2026-10-08_T+30_1788903777303_axfc,DEL-BLR,EaseMyTrip,IX,IX-1012,2026-10-08,T+30,10647,2337,12984,2026-09-08T21:21:38.218Z,FALSE,"",06:50,FALSE
fare_DEL-BLR_AI_2026-10-08_T+30_1788903777303_125a,DEL-BLR,EaseMyTrip,AI,AI-1797,2026-10-08,T+30,9705,2130,11835,2026-09-08T21:21:38.218Z,FALSE,"",05:45,FALSE
fare_DEL-BLR_IX_2026-10-08_T+30_1788903777303_e3t3,DEL-BLR,EaseMyTrip,IX,IX-1812,2026-10-08,T+30,10819,2375,13194,2026-09-08T21:21:38.218Z,FALSE,"",11:15,FALSE
fare_DEL-BLR_IX_2026-10-08_T+30_1788903777303_7cj7,DEL-BLR,EaseMyTrip,IX,IX-1068,2026-10-08,T+30,10106,2218,12324,2026-09-08T21:21:38.218Z,FALSE,"",11:55,FALSE
fare_DEL-BLR_6E_2026-10-08_T+30_1788903777303_r7zp,DEL-BLR,EaseMyTrip,6E,6E-506,2026-10-08,T+30,9865,2165,12030,2026-09-08T21:21:38.218Z,FALSE,"",22:00,TRUE
fare_DEL-BLR_6E_2026-10-08_T+30_1788903777303_62u8,DEL-BLR,EaseMyTrip,6E,6E-162,2026-10-08,T+30,9865,2165,12030,2026-09-08T21:21:38.218Z,FALSE,"",22:00,TRUE
fare_DEL-BLR_AI_2026-10-08_T+30_1788903777303_2b8u,DEL-BLR,EaseMyTrip,AI,AI-817,2026-10-08,T+30,10560,2318,12878,2026-09-08T21:21:38.218Z,FALSE,"",05:55,FALSE
fare_DEL-BLR_AI_2026-10-08_T+30_1788903777303_05u5,DEL-BLR,EaseMyTrip,AI,AI-1743,2026-10-08,T+30,10596,2326,12922,2026-09-08T21:21:38.218Z,FALSE,"",06:15,FALSE
fare_DEL-BLR_IX_2026-10-08_T+30_1788903777303_pk5a,DEL-BLR,EaseMyTrip,IX,IX-1235,2026-10-08,T+30,10861,2384,13245,2026-09-08T21:21:38.218Z,FALSE,"",23:25,FALSE
fare_DEL-BLR_AI_2026-10-08_T+30_1788903777303_dpwu,DEL-BLR,EaseMyTrip,AI,AI-2577,2026-10-08,T+30,10740,2358,13098,2026-09-08T21:21:38.218Z,FALSE,"",02:00,FALSE
fare_DEL-BLR_IX_2026-10-08_T+30_1788903777303_wfsf,DEL-BLR,EaseMyTrip,IX,IX-1090,2026-10-08,T+30,11084,2433,13517,2026-09-08T21:21:38.218Z,FALSE,"",13:10,FALSE
fare_DEL-BLR_AI_2026-10-08_T+30_1788903777303_nymf,DEL-BLR,EaseMyTrip,AI,AI-2899,2026-10-08,T+30,11141,2446,13587,2026-09-08T21:21:38.218Z,FALSE,"",12:30,FALSE
fare_DEL-BLR_AI_2026-10-08_T+30_1788903777303_0apz,DEL-BLR,EaseMyTrip,AI,AI-1780,2026-10-08,T+30,11665,2561,14226,2026-09-08T21:21:38.218Z,FALSE,"",14:30,FALSE
fare_DEL-BLR_AI_2026-10-08_T+30_1788903777303_pzjd,DEL-BLR,EaseMyTrip,AI,AI-2879,2026-10-08,T+30,11719,2573,14292,2026-09-08T21:21:38.218Z,FALSE,"",18:00,FALSE
fare_DEL-BLR_IX_2026-10-08_T+30_1788903777303_pkiq,DEL-BLR,EaseMyTrip,IX,IX-1811,2026-10-08,T+30,11982,2630,14612,2026-09-08T21:21:38.218Z,FALSE,"",06:50,FALSE
fare_DEL-BLR_AI_2026-10-08_T+30_1788903777303_o8fs,DEL-BLR,EaseMyTrip,AI,AI-2971,2026-10-08,T+30,12083,2652,14735,2026-09-08T21:21:38.218Z,FALSE,"",16:00,FALSE
fare_DEL-BLR_AI_2026-10-08_T+30_1788903777303_mjls,DEL-BLR,EaseMyTrip,AI,AI-2519,2026-10-08,T+30,12110,2658,14768,2026-09-08T21:21:38.218Z,FALSE,"",15:30,FALSE
fare_DEL-BLR_6E_2026-10-08_T+30_1788903777303_84s0,DEL-BLR,EaseMyTrip,6E,6E-6673,2026-10-08,T+30,12030,2641,14671,2026-09-08T21:21:38.218Z,FALSE,"",21:15,FALSE
fare_DEL-BLR_AI_2026-10-08_T+30_1788903777303_7xwq,DEL-BLR,EaseMyTrip,AI,AI-2483,2026-10-08,T+30,12290,2698,14988,2026-09-08T21:21:38.218Z,FALSE,"",12:20,FALSE
fare_DEL-BLR_AI_2026-10-08_T+30_1788903777303_hnb1,DEL-BLR,EaseMyTrip,AI,AI-1702,2026-10-08,T+30,12293,2699,14992,2026-09-08T21:21:38.218Z,FALSE,"",18:30,FALSE
fare_DEL-BLR_IX_2026-10-08_T+30_1788903777303_2zkv,DEL-BLR,EaseMyTrip,IX,IX-1032,2026-10-08,T+30,12933,2839,15772,2026-09-08T21:21:38.218Z,TRUE,"High outlier: ₹15772 > upper fence ₹15319 (Q3: ₹11425, IQR: ₹2596)",05:45,FALSE
fare_DEL-BLR_AI_2026-10-08_T+30_1788903777303_8m2r,DEL-BLR,EaseMyTrip,AI,AI-2973,2026-10-08,T+30,12921,2836,15757,2026-09-08T21:21:38.218Z,TRUE,"High outlier: ₹15757 > upper fence ₹15319 (Q3: ₹11425, IQR: ₹2596)",20:50,FALSE
fare_DEL-BLR_AI_2026-10-08_T+30_1788903777303_w9b1,DEL-BLR,EaseMyTrip,AI,AI-2963,2026-10-08,T+30,12944,2841,15785,2026-09-08T21:21:38.218Z,TRUE,"High outlier: ₹15785 > upper fence ₹15319 (Q3: ₹11425, IQR: ₹2596)",09:00,FALSE
fare_DEL-BLR_AI_2026-10-08_T+30_1788903777303_bo8r,DEL-BLR,EaseMyTrip,AI,AI-2678,2026-10-08,T+30,12944,2841,15785,2026-09-08T21:21:38.218Z,TRUE,"High outlier: ₹15785 > upper fence ₹15319 (Q3: ₹11425, IQR: ₹2596)",08:30,FALSE
fare_DEL-BLR_AI_2026-10-08_T+30_1788903777303_xu0u,DEL-BLR,EaseMyTrip,AI,AI-1785,2026-10-08,T+30,12944,2841,15785,2026-09-08T21:21:38.218Z,TRUE,"High outlier: ₹15785 > upper fence ₹15319 (Q3: ₹11425, IQR: ₹2596)",12:00,FALSE
fare_DEL-BLR_AI_2026-10-08_T+30_1788903777303_pnbc,DEL-BLR,EaseMyTrip,AI,AI-1777,2026-10-08,T+30,12944,2841,15785,2026-09-08T21:21:38.218Z,TRUE,"High outlier: ₹15785 > upper fence ₹15319 (Q3: ₹11425, IQR: ₹2596)",16:00,FALSE
fare_DEL-BLR_AI_2026-10-08_T+30_1788903777303_wjnd,DEL-BLR,EaseMyTrip,AI,AI-2975,2026-10-08,T+30,13169,2891,16060,2026-09-08T21:21:38.218Z,TRUE,"High outlier: ₹16060 > upper fence ₹15319 (Q3: ₹11425, IQR: ₹2596)",06:30,FALSE
fare_DEL-BLR_AI_2026-10-08_T+30_1788903777303_gxny,DEL-BLR,EaseMyTrip,AI,AI-2441,2026-10-08,T+30,13169,2891,16060,2026-09-08T21:21:38.218Z,TRUE,"High outlier: ₹16060 > upper fence ₹15319 (Q3: ₹11425, IQR: ₹2596)",14:10,FALSE
fare_DEL-BLR_AI_2026-10-08_T+30_1788903777303_orp3,DEL-BLR,EaseMyTrip,AI,AI-437,2026-10-08,T+30,13204,2899,16103,2026-09-08T21:21:38.218Z,TRUE,"High outlier: ₹16103 > upper fence ₹15319 (Q3: ₹11425, IQR: ₹2596)",09:20,FALSE
fare_DEL-BLR_AI_2026-10-08_T+30_1788903777303_d7oh,DEL-BLR,EaseMyTrip,AI,AI-441,2026-10-08,T+30,13225,2903,16128,2026-09-08T21:21:38.218Z,TRUE,"High outlier: ₹16128 > upper fence ₹15319 (Q3: ₹11425, IQR: ₹2596)",17:00,FALSE
fare_DEL-BLR_AI_2026-10-08_T+30_1788903777303_8xpb,DEL-BLR,EaseMyTrip,AI,AI-809,2026-10-08,T+30,14270,3133,17403,2026-09-08T21:21:38.218Z,TRUE,"High outlier: ₹17403 > upper fence ₹15319 (Q3: ₹11425, IQR: ₹2596)",17:40,FALSE
fare_DEL-BLR_AI_2026-10-08_T+30_1788903777303_mtyh,DEL-BLR,EaseMyTrip,AI,AI-2939,2026-10-08,T+30,14270,3133,17403,2026-09-08T21:21:38.218Z,TRUE,"High outlier: ₹17403 > upper fence ₹15319 (Q3: ₹11425, IQR: ₹2596)",16:40,FALSE
fare_DEL-BLR_AI_2026-10-08_T+30_1788903777303_scpr,DEL-BLR,EaseMyTrip,AI,AI-2458,2026-10-08,T+30,15312,3361,18673,2026-09-08T21:21:38.218Z,TRUE,"High outlier: ₹18673 > upper fence ₹15319 (Q3: ₹11425, IQR: ₹2596)",12:10,FALSE
fare_DEL-BLR_AI_2026-10-08_T+30_1788903777303_t8az,DEL-BLR,EaseMyTrip,AI,AI-2627,2026-10-08,T+30,15936,3498,19434,2026-09-08T21:21:38.218Z,TRUE,"High outlier: ₹19434 > upper fence ₹15319 (Q3: ₹11425, IQR: ₹2596)",10:45,FALSE
fare_DEL-BLR_AI_2026-10-08_T+30_1788903777303_uft4,DEL-BLR,EaseMyTrip,AI,AI-9757,2026-10-08,T+30,16644,3653,20297,2026-09-08T21:21:38.218Z,TRUE,"High outlier: ₹20297 > upper fence ₹15319 (Q3: ₹11425, IQR: ₹2596)",11:50,FALSE
fare_DEL-BLR_6E_2026-10-08_T+30_1788903777303_qaht,DEL-BLR,EaseMyTrip,6E,6E-2618,2026-10-08,T+30,16606,3645,20251,2026-09-08T21:21:38.218Z,TRUE,"High outlier: ₹20251 > upper fence ₹15319 (Q3: ₹11425, IQR: ₹2596)",23:00,FALSE
fare_DEL-BLR_AI_2026-10-08_T+30_1788903777303_x3y7,DEL-BLR,EaseMyTrip,AI,AI-2513,2026-10-08,T+30,18038,3960,21998,2026-09-08T21:21:38.218Z,TRUE,"High outlier: ₹21998 > upper fence ₹15319 (Q3: ₹11425, IQR: ₹2596)",12:10,FALSE
fare_DEL-BLR_IX_2026-10-23_T+45_1788903777304_hyo3,DEL-BLR,EaseMyTrip,IX,IX-1038,2026-10-23,T+45,7326,1608,8934,2026-09-08T21:21:44.285Z,FALSE,"",17:35,FALSE
fare_DEL-BLR_IX_2026-10-23_T+45_1788903777304_hvi5,DEL-BLR,EaseMyTrip,IX,IX-1024,2026-10-23,T+45,7326,1608,8934,2026-09-08T21:21:44.285Z,FALSE,"",18:40,FALSE
fare_DEL-BLR_IX_2026-10-23_T+45_1788903777304_c3e3,DEL-BLR,EaseMyTrip,IX,IX-1165,2026-10-23,T+45,7948,1745,9693,2026-09-08T21:21:44.285Z,FALSE,"",06:00,FALSE
fare_DEL-BLR_IX_2026-10-23_T+45_1788903777304_b61s,DEL-BLR,EaseMyTrip,IX,IX-1230,2026-10-23,T+45,8278,1817,10095,2026-09-08T21:21:44.285Z,FALSE,"",04:40,FALSE
fare_DEL-BLR_SG_2026-10-23_T+45_1788903777304_fm57,DEL-BLR,EaseMyTrip,SG,SG-225,2026-10-23,T+45,7660,1682,9342,2026-09-08T21:21:44.285Z,FALSE,"",06:30,TRUE
fare_DEL-BLR_SG_2026-10-23_T+45_1788903777304_l4hm,DEL-BLR,EaseMyTrip,SG,SG-735,2026-10-23,T+45,7660,1682,9342,2026-09-08T21:21:44.285Z,FALSE,"",06:30,TRUE
fare_DEL-BLR_IX_2026-10-23_T+45_1788903777304_0jt1,DEL-BLR,EaseMyTrip,IX,IX-1783,2026-10-23,T+45,8278,1817,10095,2026-09-08T21:21:44.285Z,FALSE,"",07:20,FALSE
fare_DEL-BLR_IX_2026-10-23_T+45_1788903777304_32kh,DEL-BLR,EaseMyTrip,IX,IX-1346,2026-10-23,T+45,8278,1817,10095,2026-09-08T21:21:44.285Z,FALSE,"",06:10,FALSE
fare_DEL-BLR_IX_2026-10-23_T+45_1788903777304_tgbl,DEL-BLR,EaseMyTrip,IX,IX-1392,2026-10-23,T+45,8278,1817,10095,2026-09-08T21:21:44.285Z,FALSE,"",23:25,FALSE
fare_DEL-BLR_IX_2026-10-23_T+45_1788903777304_bx23,DEL-BLR,EaseMyTrip,IX,IX-1617,2026-10-23,T+45,8605,1889,10494,2026-09-08T21:21:44.285Z,FALSE,"",11:50,FALSE
fare_DEL-BLR_SG_2026-10-23_T+45_1788903777304_5p7j,DEL-BLR,EaseMyTrip,SG,SG-402,2026-10-23,T+45,8025,1761,9786,2026-09-08T21:21:44.285Z,FALSE,"",20:50,TRUE
fare_DEL-BLR_SG_2026-10-23_T+45_1788903777304_02b8,DEL-BLR,EaseMyTrip,SG,SG-180,2026-10-23,T+45,8025,1761,9786,2026-09-08T21:21:44.285Z,FALSE,"",20:50,TRUE
fare_DEL-BLR_IX_2026-10-23_T+45_1788903777304_znrd,DEL-BLR,EaseMyTrip,IX,IX-1054,2026-10-23,T+45,9015,1979,10994,2026-09-08T21:21:44.285Z,FALSE,"",12:05,FALSE
fare_DEL-BLR_6E_2026-10-23_T+45_1788903777304_inj0,DEL-BLR,EaseMyTrip,6E,6E-2147,2026-10-23,T+45,8056,1769,9825,2026-09-08T21:21:44.285Z,FALSE,"",11:10,FALSE
fare_DEL-BLR_6E_2026-10-23_T+45_1788903777304_3aqm,DEL-BLR,EaseMyTrip,6E,6E-7624,2026-10-23,T+45,8056,1769,9825,2026-09-08T21:21:44.285Z,FALSE,"",05:50,FALSE
fare_DEL-BLR_6E_2026-10-23_T+45_1788903777304_yx4u,DEL-BLR,EaseMyTrip,6E,6E-6433,2026-10-23,T+45,8091,1776,9867,2026-09-08T21:21:44.285Z,FALSE,"",16:30,FALSE
fare_DEL-BLR_6E_2026-10-23_T+45_1788903777304_vp22,DEL-BLR,EaseMyTrip,6E,6E-397,2026-10-23,T+45,8156,1790,9946,2026-09-08T21:21:44.285Z,FALSE,"",17:55,FALSE
fare_DEL-BLR_6E_2026-10-23_T+45_1788903777304_mqf7,DEL-BLR,EaseMyTrip,6E,6E-204,2026-10-23,T+45,8156,1790,9946,2026-09-08T21:21:44.285Z,FALSE,"",17:55,FALSE
fare_DEL-BLR_6E_2026-10-23_T+45_1788903777304_0lzr,DEL-BLR,EaseMyTrip,6E,6E-6217,2026-10-23,T+45,8156,1790,9946,2026-09-08T21:21:44.285Z,FALSE,"",16:15,FALSE
fare_DEL-BLR_6E_2026-10-23_T+45_1788903777304_kuio,DEL-BLR,EaseMyTrip,6E,6E-589,2026-10-23,T+45,8156,1790,9946,2026-09-08T21:21:44.285Z,FALSE,"",16:10,FALSE
fare_DEL-BLR_6E_2026-10-23_T+45_1788903777304_ni56,DEL-BLR,EaseMyTrip,6E,6E-741,2026-10-23,T+45,8156,1790,9946,2026-09-08T21:21:44.285Z,FALSE,"",16:10,FALSE
fare_DEL-BLR_6E_2026-10-23_T+45_1788903777304_a91n,DEL-BLR,EaseMyTrip,6E,6E-196,2026-10-23,T+45,8156,1790,9946,2026-09-08T21:21:44.285Z,FALSE,"",02:25,FALSE
fare_DEL-BLR_6E_2026-10-23_T+45_1788903777304_qxn7,DEL-BLR,EaseMyTrip,6E,6E-572,2026-10-23,T+45,8156,1790,9946,2026-09-08T21:21:44.285Z,FALSE,"",02:25,FALSE
fare_DEL-BLR_6E_2026-10-23_T+45_1788903777304_z8do,DEL-BLR,EaseMyTrip,6E,6E-6026,2026-10-23,T+45,8156,1790,9946,2026-09-08T21:21:44.285Z,FALSE,"",05:30,FALSE
fare_DEL-BLR_6E_2026-10-23_T+45_1788903777304_t4ph,DEL-BLR,EaseMyTrip,6E,6E-6293,2026-10-23,T+45,8156,1790,9946,2026-09-08T21:21:44.285Z,FALSE,"",09:55,FALSE
fare_DEL-BLR_6E_2026-10-23_T+45_1788903777304_hnnx,DEL-BLR,EaseMyTrip,6E,6E-6282,2026-10-23,T+45,8156,1790,9946,2026-09-08T21:21:44.285Z,FALSE,"",13:30,FALSE
fare_DEL-BLR_6E_2026-10-23_T+45_1788903777304_c9hp,DEL-BLR,EaseMyTrip,6E,6E-6212,2026-10-23,T+45,8156,1790,9946,2026-09-08T21:21:44.285Z,FALSE,"",14:45,FALSE
fare_DEL-BLR_SG_2026-10-23_T+45_1788903777304_yn7y,DEL-BLR,EaseMyTrip,SG,SG-583,2026-10-23,T+45,8453,1856,10309,2026-09-08T21:21:44.285Z,FALSE,"",13:20,TRUE
fare_DEL-BLR_SG_2026-10-23_T+45_1788903777304_r012,DEL-BLR,EaseMyTrip,SG,SG-974,2026-10-23,T+45,8453,1856,10309,2026-09-08T21:21:44.285Z,FALSE,"",13:20,TRUE
fare_DEL-BLR_6E_2026-10-23_T+45_1788903777304_77rc,DEL-BLR,EaseMyTrip,6E,6E-135,2026-10-23,T+45,8239,1809,10048,2026-09-08T21:21:44.285Z,FALSE,"",23:30,TRUE
fare_DEL-BLR_6E_2026-10-23_T+45_1788903777304_5z4k,DEL-BLR,EaseMyTrip,6E,6E-141,2026-10-23,T+45,8239,1809,10048,2026-09-08T21:21:44.285Z,FALSE,"",23:30,TRUE
fare_DEL-BLR_6E_2026-10-23_T+45_1788903777304_go9t,DEL-BLR,EaseMyTrip,6E,6E-2519,2026-10-23,T+45,8239,1809,10048,2026-09-08T21:21:44.285Z,FALSE,"",13:00,TRUE
fare_DEL-BLR_6E_2026-10-23_T+45_1788903777304_2gzg,DEL-BLR,EaseMyTrip,6E,6E-444,2026-10-23,T+45,8263,1814,10077,2026-09-08T21:21:44.285Z,FALSE,"",20:20,FALSE
fare_DEL-BLR_6E_2026-10-23_T+45_1788903777304_78bb,DEL-BLR,EaseMyTrip,6E,6E-120,2026-10-23,T+45,8263,1814,10077,2026-09-08T21:21:44.285Z,FALSE,"",20:20,FALSE
fare_DEL-BLR_6E_2026-10-23_T+45_1788903777304_ypyx,DEL-BLR,EaseMyTrip,6E,6E-5073,2026-10-23,T+45,8263,1814,10077,2026-09-08T21:21:44.285Z,FALSE,"",17:05,FALSE
fare_DEL-BLR_6E_2026-10-23_T+45_1788903777304_6l2s,DEL-BLR,EaseMyTrip,6E,6E-476,2026-10-23,T+45,8263,1814,10077,2026-09-08T21:21:44.285Z,FALSE,"",16:20,FALSE
fare_DEL-BLR_6E_2026-10-23_T+45_1788903777304_5ndd,DEL-BLR,EaseMyTrip,6E,6E-146,2026-10-23,T+45,8263,1814,10077,2026-09-08T21:21:44.285Z,FALSE,"",16:20,FALSE
fare_DEL-BLR_6E_2026-10-23_T+45_1788903777304_7sgc,DEL-BLR,EaseMyTrip,6E,6E-293,2026-10-23,T+45,8263,1814,10077,2026-09-08T21:21:44.285Z,FALSE,"",18:00,FALSE
fare_DEL-BLR_6E_2026-10-23_T+45_1788903777304_3hxi,DEL-BLR,EaseMyTrip,6E,6E-403,2026-10-23,T+45,8263,1814,10077,2026-09-08T21:21:44.285Z,FALSE,"",18:00,FALSE
fare_DEL-BLR_6E_2026-10-23_T+45_1788903777304_ez9x,DEL-BLR,EaseMyTrip,6E,6E-6179,2026-10-23,T+45,8263,1814,10077,2026-09-08T21:21:44.285Z,FALSE,"",18:30,FALSE
fare_DEL-BLR_6E_2026-10-23_T+45_1788903777304_wen1,DEL-BLR,EaseMyTrip,6E,6E-2557,2026-10-23,T+45,8263,1814,10077,2026-09-08T21:21:44.285Z,FALSE,"",15:20,FALSE
fare_DEL-BLR_6E_2026-10-23_T+45_1788903777304_zjlr,DEL-BLR,EaseMyTrip,6E,6E-651,2026-10-23,T+45,8263,1814,10077,2026-09-08T21:21:44.285Z,FALSE,"",14:50,FALSE
fare_DEL-BLR_6E_2026-10-23_T+45_1788903777304_ghax,DEL-BLR,EaseMyTrip,6E,6E-663,2026-10-23,T+45,8263,1814,10077,2026-09-08T21:21:44.285Z,FALSE,"",14:50,FALSE
fare_DEL-BLR_6E_2026-10-23_T+45_1788903777304_i8yk,DEL-BLR,EaseMyTrip,6E,6E-6569,2026-10-23,T+45,8263,1814,10077,2026-09-08T21:21:44.285Z,FALSE,"",05:00,FALSE
fare_DEL-BLR_6E_2026-10-23_T+45_1788903777304_evgl,DEL-BLR,EaseMyTrip,6E,6E-5119,2026-10-23,T+45,8263,1814,10077,2026-09-08T21:21:44.285Z,FALSE,"",05:10,FALSE
fare_DEL-BLR_6E_2026-10-23_T+45_1788903777304_oq1q,DEL-BLR,EaseMyTrip,6E,6E-6459,2026-10-23,T+45,8263,1814,10077,2026-09-08T21:21:44.285Z,FALSE,"",05:55,FALSE
fare_DEL-BLR_6E_2026-10-23_T+45_1788903777304_k3fz,DEL-BLR,EaseMyTrip,6E,6E-6673,2026-10-23,T+45,8263,1814,10077,2026-09-08T21:21:44.285Z,FALSE,"",21:15,FALSE
fare_DEL-BLR_6E_2026-10-23_T+45_1788903777304_w8ap,DEL-BLR,EaseMyTrip,6E,6E-6488,2026-10-23,T+45,8263,1814,10077,2026-09-08T21:21:44.285Z,FALSE,"",11:20,FALSE
fare_DEL-BLR_6E_2026-10-23_T+45_1788903777304_qgvg,DEL-BLR,EaseMyTrip,6E,6E-2618,2026-10-23,T+45,8263,1814,10077,2026-09-08T21:21:44.285Z,FALSE,"",23:00,FALSE
fare_DEL-BLR_6E_2026-10-23_T+45_1788903777304_9qf3,DEL-BLR,EaseMyTrip,6E,6E-226,2026-10-23,T+45,8328,1828,10156,2026-09-08T21:21:44.285Z,FALSE,"",18:15,FALSE
fare_DEL-BLR_6E_2026-10-23_T+45_1788903777304_xls6,DEL-BLR,EaseMyTrip,6E,6E-583,2026-10-23,T+45,8328,1828,10156,2026-09-08T21:21:44.285Z,FALSE,"",18:15,FALSE
fare_DEL-BLR_6E_2026-10-23_T+45_1788903777304_fx5n,DEL-BLR,EaseMyTrip,6E,6E-6091,2026-10-23,T+45,8328,1828,10156,2026-09-08T21:21:44.285Z,FALSE,"",15:15,FALSE
fare_DEL-BLR_6E_2026-10-23_T+45_1788903777304_md47,DEL-BLR,EaseMyTrip,6E,6E-2150,2026-10-23,T+45,8328,1828,10156,2026-09-08T21:21:44.285Z,FALSE,"",16:55,FALSE
fare_DEL-BLR_6E_2026-10-23_T+45_1788903777304_n8ty,DEL-BLR,EaseMyTrip,6E,6E-5033,2026-10-23,T+45,8328,1828,10156,2026-09-08T21:21:44.285Z,FALSE,"",15:50,FALSE
fare_DEL-BLR_6E_2026-10-23_T+45_1788903777304_xphd,DEL-BLR,EaseMyTrip,6E,6E-6632,2026-10-23,T+45,8328,1828,10156,2026-09-08T21:21:44.285Z,FALSE,"",17:50,FALSE
fare_DEL-BLR_6E_2026-10-23_T+45_1788903777304_891k,DEL-BLR,EaseMyTrip,6E,6E-748,2026-10-23,T+45,8328,1828,10156,2026-09-08T21:21:44.285Z,FALSE,"",19:30,FALSE
fare_DEL-BLR_6E_2026-10-23_T+45_1788903777304_9txt,DEL-BLR,EaseMyTrip,6E,6E-588,2026-10-23,T+45,8328,1828,10156,2026-09-08T21:21:44.285Z,FALSE,"",19:30,FALSE
fare_DEL-BLR_6E_2026-10-23_T+45_1788903777304_zg3f,DEL-BLR,EaseMyTrip,6E,6E-474,2026-10-23,T+45,8328,1828,10156,2026-09-08T21:21:44.285Z,FALSE,"",02:55,FALSE
fare_DEL-BLR_6E_2026-10-23_T+45_1788903777304_0udy,DEL-BLR,EaseMyTrip,6E,6E-910,2026-10-23,T+45,8328,1828,10156,2026-09-08T21:21:44.285Z,FALSE,"",02:55,FALSE
fare_DEL-BLR_6E_2026-10-23_T+45_1788903777304_ec4y,DEL-BLR,EaseMyTrip,6E,6E-5038,2026-10-23,T+45,8328,1828,10156,2026-09-08T21:21:44.285Z,FALSE,"",14:00,FALSE
fare_DEL-BLR_6E_2026-10-23_T+45_1788903777304_w4ku,DEL-BLR,EaseMyTrip,6E,6E-6497,2026-10-23,T+45,8435,1852,10287,2026-09-08T21:21:44.285Z,FALSE,"",18:40,FALSE
fare_DEL-BLR_6E_2026-10-23_T+45_1788903777304_zfwa,DEL-BLR,EaseMyTrip,6E,6E-2769,2026-10-23,T+45,8435,1852,10287,2026-09-08T21:21:44.285Z,FALSE,"",08:10,FALSE
fare_DEL-BLR_6E_2026-10-23_T+45_1788903777304_dy3g,DEL-BLR,EaseMyTrip,6E,6E-2456,2026-10-23,T+45,8486,1863,10349,2026-09-08T21:21:44.285Z,FALSE,"",14:55,TRUE
fare_DEL-BLR_6E_2026-10-23_T+45_1788903777304_3xez,DEL-BLR,EaseMyTrip,6E,6E-5096,2026-10-23,T+45,8508,1868,10376,2026-09-08T21:21:44.285Z,FALSE,"",15:05,FALSE
fare_DEL-BLR_IX_2026-10-23_T+45_1788903777304_mzb0,DEL-BLR,EaseMyTrip,IX,IX-1070,2026-10-23,T+45,8881,1950,10831,2026-09-08T21:21:44.285Z,FALSE,"",22:00,TRUE
fare_DEL-BLR_AI_2026-10-23_T+45_1788903777304_xym6,DEL-BLR,EaseMyTrip,AI,AI-2499,2026-10-23,T+45,8743,1919,10662,2026-09-08T21:21:44.285Z,FALSE,"",06:00,FALSE
fare_DEL-BLR_6E_2026-10-23_T+45_1788903777304_g1ib,DEL-BLR,EaseMyTrip,6E,6E-7653,2026-10-23,T+45,8612,1891,10503,2026-09-08T21:21:44.285Z,FALSE,"",17:20,FALSE
fare_DEL-BLR_6E_2026-10-23_T+45_1788903777304_e6vf,DEL-BLR,EaseMyTrip,6E,6E-7642,2026-10-23,T+45,8677,1905,10582,2026-09-08T21:21:44.285Z,FALSE,"",15:45,FALSE
fare_DEL-BLR_6E_2026-10-23_T+45_1788903777304_gp8w,DEL-BLR,EaseMyTrip,6E,6E-7646,2026-10-23,T+45,8677,1905,10582,2026-09-08T21:21:44.285Z,FALSE,"",06:15,FALSE
fare_DEL-BLR_QP_2026-10-23_T+45_1788903777304_w4ua,DEL-BLR,EaseMyTrip,QP,QP-1812,2026-10-23,T+45,8706,1911,10617,2026-09-08T21:21:44.285Z,FALSE,"",22:55,TRUE
fare_DEL-BLR_AI_2026-10-23_T+45_1788903777304_f5kq,DEL-BLR,EaseMyTrip,AI,AI-2757,2026-10-23,T+45,8872,1947,10819,2026-09-08T21:21:44.285Z,FALSE,"",00:15,TRUE
fare_DEL-BLR_QP_2026-10-23_T+45_1788903777304_eilo,DEL-BLR,EaseMyTrip,QP,QP-1526,2026-10-23,T+45,8806,1933,10739,2026-09-08T21:21:44.285Z,FALSE,"",16:30,TRUE
fare_DEL-BLR_6E_2026-10-23_T+45_1788903777304_34k2,DEL-BLR,EaseMyTrip,6E,6E-2571,2026-10-23,T+45,8853,1943,10796,2026-09-08T21:21:44.285Z,FALSE,"",10:30,FALSE
fare_DEL-BLR_QP_2026-10-23_T+45_1788903777304_bcqs,DEL-BLR,EaseMyTrip,QP,QP-1350,2026-10-23,T+45,8869,1947,10816,2026-09-08T21:21:44.285Z,FALSE,"",21:55,TRUE
fare_DEL-BLR_6E_2026-10-23_T+45_1788903777304_l4s5,DEL-BLR,EaseMyTrip,6E,6E-563,2026-10-23,T+45,8877,1949,10826,2026-09-08T21:21:44.285Z,FALSE,"",18:20,TRUE
fare_DEL-BLR_6E_2026-10-23_T+45_1788903777304_1gxr,DEL-BLR,EaseMyTrip,6E,6E-243,2026-10-23,T+45,8877,1949,10826,2026-09-08T21:21:44.285Z,FALSE,"",18:20,TRUE
fare_DEL-BLR_IX_2026-10-23_T+45_1788903777304_hyfc,DEL-BLR,EaseMyTrip,IX,IX-1108,2026-10-23,T+45,10163,2231,12394,2026-09-08T21:21:44.285Z,FALSE,"",05:00,FALSE
fare_DEL-BLR_QP_2026-10-23_T+45_1788903777304_xcji,DEL-BLR,EaseMyTrip,QP,QP-1822,2026-10-23,T+45,9205,2020,11225,2026-09-08T21:21:44.285Z,FALSE,"",16:40,TRUE
fare_DEL-BLR_6E_2026-10-23_T+45_1788903777304_mqx9,DEL-BLR,EaseMyTrip,6E,6E-6054,2026-10-23,T+45,9289,2039,11328,2026-09-08T21:21:44.285Z,FALSE,"",01:05,TRUE
fare_DEL-BLR_6E_2026-10-23_T+45_1788903777304_r768,DEL-BLR,EaseMyTrip,6E,6E-6515,2026-10-23,T+45,9289,2039,11328,2026-09-08T21:21:44.285Z,FALSE,"",20:45,TRUE
fare_DEL-BLR_6E_2026-10-23_T+45_1788903777304_m7c3,DEL-BLR,EaseMyTrip,6E,6E-319,2026-10-23,T+45,9289,2039,11328,2026-09-08T21:21:44.285Z,FALSE,"",17:00,TRUE
fare_DEL-BLR_6E_2026-10-23_T+45_1788903777304_7xd3,DEL-BLR,EaseMyTrip,6E,6E-976,2026-10-23,T+45,9289,2039,11328,2026-09-08T21:21:44.285Z,FALSE,"",17:00,TRUE
fare_DEL-BLR_6E_2026-10-23_T+45_1788903777304_0cfa,DEL-BLR,EaseMyTrip,6E,6E-990,2026-10-23,T+45,9289,2039,11328,2026-09-08T21:21:44.285Z,FALSE,"",15:45,TRUE
fare_DEL-BLR_6E_2026-10-23_T+45_1788903777304_yik6,DEL-BLR,EaseMyTrip,6E,6E-548,2026-10-23,T+45,9289,2039,11328,2026-09-08T21:21:44.285Z,FALSE,"",15:45,TRUE
fare_DEL-BLR_6E_2026-10-23_T+45_1788903777304_bpoq,DEL-BLR,EaseMyTrip,6E,6E-984,2026-10-23,T+45,9289,2039,11328,2026-09-08T21:21:44.285Z,FALSE,"",14:30,TRUE
fare_DEL-BLR_6E_2026-10-23_T+45_1788903777304_q1c9,DEL-BLR,EaseMyTrip,6E,6E-286,2026-10-23,T+45,9289,2039,11328,2026-09-08T21:21:44.285Z,FALSE,"",14:30,TRUE
fare_DEL-BLR_6E_2026-10-23_T+45_1788903777304_k8mm,DEL-BLR,EaseMyTrip,6E,6E-751,2026-10-23,T+45,9289,2039,11328,2026-09-08T21:21:44.285Z,FALSE,"",10:45,TRUE
fare_DEL-BLR_6E_2026-10-23_T+45_1788903777304_d9mq,DEL-BLR,EaseMyTrip,6E,6E-348,2026-10-23,T+45,9289,2039,11328,2026-09-08T21:21:44.285Z,FALSE,"",10:45,TRUE
fare_DEL-BLR_6E_2026-10-23_T+45_1788903777304_bp9d,DEL-BLR,EaseMyTrip,6E,6E-179,2026-10-23,T+45,9289,2039,11328,2026-09-08T21:21:44.285Z,FALSE,"",09:30,TRUE
fare_DEL-BLR_6E_2026-10-23_T+45_1788903777304_jexa,DEL-BLR,EaseMyTrip,6E,6E-952,2026-10-23,T+45,9289,2039,11328,2026-09-08T21:21:44.285Z,FALSE,"",08:20,TRUE
fare_DEL-BLR_6E_2026-10-23_T+45_1788903777304_el6i,DEL-BLR,EaseMyTrip,6E,6E-933,2026-10-23,T+45,9289,2039,11328,2026-09-08T21:21:44.285Z,FALSE,"",08:20,TRUE
fare_DEL-BLR_6E_2026-10-23_T+45_1788903777304_ll5g,DEL-BLR,EaseMyTrip,6E,6E-515,2026-10-23,T+45,9289,2039,11328,2026-09-08T21:21:44.285Z,FALSE,"",07:05,TRUE
fare_DEL-BLR_6E_2026-10-23_T+45_1788903777304_5hdb,DEL-BLR,EaseMyTrip,6E,6E-266,2026-10-23,T+45,9289,2039,11328,2026-09-08T21:21:44.285Z,FALSE,"",07:05,TRUE
fare_DEL-BLR_6E_2026-10-23_T+45_1788903777304_v5d7,DEL-BLR,EaseMyTrip,6E,6E-2314,2026-10-23,T+45,9289,2039,11328,2026-09-08T21:21:44.285Z,FALSE,"",05:45,TRUE
fare_DEL-BLR_6E_2026-10-23_T+45_1788903777304_skts,DEL-BLR,EaseMyTrip,6E,6E-298,2026-10-23,T+45,9289,2039,11328,2026-09-08T21:21:44.285Z,FALSE,"",03:00,TRUE
fare_DEL-BLR_6E_2026-10-23_T+45_1788903777304_m1i2,DEL-BLR,EaseMyTrip,6E,6E-646,2026-10-23,T+45,9289,2039,11328,2026-09-08T21:21:44.285Z,FALSE,"",03:00,TRUE
fare_DEL-BLR_6E_2026-10-23_T+45_1788903777304_er9y,DEL-BLR,EaseMyTrip,6E,6E-966,2026-10-23,T+45,9289,2039,11328,2026-09-08T21:21:44.285Z,FALSE,"",13:15,TRUE
fare_DEL-BLR_6E_2026-10-23_T+45_1788903777304_3w0l,DEL-BLR,EaseMyTrip,6E,6E-566,2026-10-23,T+45,9289,2039,11328,2026-09-08T21:21:44.285Z,FALSE,"",13:15,TRUE
fare_DEL-BLR_6E_2026-10-23_T+45_1788903777304_bxlg,DEL-BLR,EaseMyTrip,6E,6E-205,2026-10-23,T+45,9289,2039,11328,2026-09-08T21:21:44.285Z,FALSE,"",12:15,TRUE
fare_DEL-BLR_6E_2026-10-23_T+45_1788903777304_5kp7,DEL-BLR,EaseMyTrip,6E,6E-770,2026-10-23,T+45,9289,2039,11328,2026-09-08T21:21:44.285Z,FALSE,"",12:15,TRUE
fare_DEL-BLR_QP_2026-10-23_T+45_1788903777304_5h70,DEL-BLR,EaseMyTrip,QP,QP-1574,2026-10-23,T+45,9378,2058,11436,2026-09-08T21:21:44.285Z,FALSE,"",14:10,TRUE
fare_DEL-BLR_SG_2026-10-23_T+45_1788903777304_95m8,DEL-BLR,EaseMyTrip,SG,SG-619,2026-10-23,T+45,9760,2142,11902,2026-09-08T21:21:44.285Z,FALSE,"",19:55,FALSE
fare_DEL-BLR_SG_2026-10-23_T+45_1788903777304_j139,DEL-BLR,EaseMyTrip,SG,SG-692,2026-10-23,T+45,9760,2142,11902,2026-09-08T21:21:44.285Z,FALSE,"",19:55,FALSE
fare_DEL-BLR_SG_2026-10-23_T+45_1788903777304_2zfj,DEL-BLR,EaseMyTrip,SG,SG-408,2026-10-23,T+45,9760,2142,11902,2026-09-08T21:21:44.285Z,FALSE,"",22:30,FALSE
fare_DEL-BLR_SG_2026-10-23_T+45_1788903777304_wqrx,DEL-BLR,EaseMyTrip,SG,SG-393,2026-10-23,T+45,9760,2142,11902,2026-09-08T21:21:44.285Z,FALSE,"",22:30,FALSE
fare_DEL-BLR_SG_2026-10-23_T+45_1788903777304_wku0,DEL-BLR,EaseMyTrip,SG,SG-366,2026-10-23,T+45,9760,2142,11902,2026-09-08T21:21:44.285Z,FALSE,"",19:55,FALSE
fare_DEL-BLR_SG_2026-10-23_T+45_1788903777304_2p77,DEL-BLR,EaseMyTrip,SG,SG-712,2026-10-23,T+45,9760,2142,11902,2026-09-08T21:21:44.285Z,FALSE,"",19:55,FALSE
fare_DEL-BLR_SG_2026-10-23_T+45_1788903777304_jo9s,DEL-BLR,EaseMyTrip,SG,SG-744,2026-10-23,T+45,9760,2142,11902,2026-09-08T21:21:44.285Z,FALSE,"",22:30,FALSE
fare_DEL-BLR_SG_2026-10-23_T+45_1788903777304_skzu,DEL-BLR,EaseMyTrip,SG,SG-810,2026-10-23,T+45,9760,2142,11902,2026-09-08T21:21:44.285Z,FALSE,"",22:30,FALSE
fare_DEL-BLR_SG_2026-10-23_T+45_1788903777304_iacn,DEL-BLR,EaseMyTrip,SG,SG-912,2026-10-23,T+45,9760,2142,11902,2026-09-08T21:21:44.285Z,FALSE,"",19:55,FALSE
fare_DEL-BLR_SG_2026-10-23_T+45_1788903777304_mnj2,DEL-BLR,EaseMyTrip,SG,SG-255,2026-10-23,T+45,9760,2142,11902,2026-09-08T21:21:44.285Z,FALSE,"",19:55,FALSE
fare_DEL-BLR_AI_2026-10-23_T+45_1788903777304_q3xz,DEL-BLR,EaseMyTrip,AI,AI-2653,2026-10-23,T+45,9675,2124,11799,2026-09-08T21:21:44.285Z,FALSE,"",04:30,TRUE
fare_DEL-BLR_AI_2026-10-23_T+45_1788903777304_r3th,DEL-BLR,EaseMyTrip,AI,AI-427,2026-10-23,T+45,9675,2124,11799,2026-09-08T21:21:44.285Z,FALSE,"",08:30,TRUE
fare_DEL-BLR_AI_2026-10-23_T+45_1788903777304_swdg,DEL-BLR,EaseMyTrip,AI,AI-2485,2026-10-23,T+45,9675,2124,11799,2026-09-08T21:21:44.285Z,FALSE,"",10:30,TRUE
fare_DEL-BLR_AI_2026-10-23_T+45_1788903777304_r91f,DEL-BLR,EaseMyTrip,AI,AI-2409,2026-10-23,T+45,9675,2124,11799,2026-09-08T21:21:44.285Z,FALSE,"",06:00,TRUE
fare_DEL-BLR_AI_2026-10-23_T+45_1788903777304_lkbt,DEL-BLR,EaseMyTrip,AI,AI-2803,2026-10-23,T+45,9675,2124,11799,2026-09-08T21:21:44.285Z,FALSE,"",06:30,TRUE
fare_DEL-BLR_AI_2026-10-23_T+45_1788903777304_cb1h,DEL-BLR,EaseMyTrip,AI,AI-2815,2026-10-23,T+45,9675,2124,11799,2026-09-08T21:21:44.285Z,FALSE,"",07:00,TRUE
fare_DEL-BLR_AI_2026-10-23_T+45_1788903777304_o6pg,DEL-BLR,EaseMyTrip,AI,AI-2415,2026-10-23,T+45,9675,2124,11799,2026-09-08T21:21:44.285Z,FALSE,"",09:30,TRUE
fare_DEL-BLR_AI_2026-10-23_T+45_1788903777304_pbho,DEL-BLR,EaseMyTrip,AI,AI-2664,2026-10-23,T+45,9675,2124,11799,2026-09-08T21:21:44.285Z,FALSE,"",15:50,TRUE
fare_DEL-BLR_AI_2026-10-23_T+45_1788903777304_vxhd,DEL-BLR,EaseMyTrip,AI,AI-2512,2026-10-23,T+45,9675,2124,11799,2026-09-08T21:21:44.285Z,FALSE,"",19:00,TRUE
fare_DEL-BLR_IX_2026-10-23_T+45_1788903777304_zvli,DEL-BLR,EaseMyTrip,IX,IX-1046,2026-10-23,T+45,10819,2375,13194,2026-09-08T21:21:44.285Z,FALSE,"",06:30,FALSE
fare_DEL-BLR_6E_2026-10-23_T+45_1788903777304_5lgc,DEL-BLR,EaseMyTrip,6E,6E-2349,2026-10-23,T+45,9612,2110,11722,2026-09-08T21:21:44.285Z,FALSE,"",10:55,FALSE
fare_DEL-BLR_6E_2026-10-23_T+45_1788903777304_5gu9,DEL-BLR,EaseMyTrip,6E,6E-467,2026-10-23,T+45,9722,2134,11856,2026-09-08T21:21:44.285Z,FALSE,"",19:30,TRUE
fare_DEL-BLR_6E_2026-10-23_T+45_1788903777304_4ace,DEL-BLR,EaseMyTrip,6E,6E-264,2026-10-23,T+45,9722,2134,11856,2026-09-08T21:21:44.285Z,FALSE,"",19:30,TRUE
fare_DEL-BLR_QP_2026-10-23_T+45_1788903777304_abix,DEL-BLR,EaseMyTrip,QP,QP-1824,2026-10-23,T+45,9735,2137,11872,2026-09-08T21:21:44.285Z,FALSE,"",20:50,TRUE
fare_DEL-BLR_AI_2026-10-23_T+45_1788903777304_qt28,DEL-BLR,EaseMyTrip,AI,AI-2813,2026-10-23,T+45,10108,2219,12327,2026-09-08T21:21:44.285Z,FALSE,"",18:00,TRUE
fare_DEL-BLR_AI_2026-10-23_T+45_1788903777304_r9a8,DEL-BLR,EaseMyTrip,AI,AI-2819,2026-10-23,T+45,10286,2258,12544,2026-09-08T21:21:44.285Z,FALSE,"",15:00,TRUE
fare_DEL-BLR_AI_2026-10-23_T+45_1788903777304_cyub,DEL-BLR,EaseMyTrip,AI,AI-2809,2026-10-23,T+45,10286,2258,12544,2026-09-08T21:21:44.285Z,FALSE,"",19:30,TRUE
fare_DEL-BLR_6E_2026-10-23_T+45_1788903777304_wr6w,DEL-BLR,EaseMyTrip,6E,6E-409,2026-10-23,T+45,10179,2234,12413,2026-09-08T21:21:44.285Z,FALSE,"",22:00,TRUE
fare_DEL-BLR_AI_2026-10-23_T+45_1788903777304_vcgl,DEL-BLR,EaseMyTrip,AI,AI-2412,2026-10-23,T+45,10375,2277,12652,2026-09-08T21:21:44.285Z,FALSE,"",21:30,TRUE
fare_DEL-BLR_AI_2026-10-23_T+45_1788903777304_kleg,DEL-BLR,EaseMyTrip,AI,AI-1797,2026-10-23,T+45,10488,2302,12790,2026-09-08T21:21:44.285Z,FALSE,"",05:45,FALSE
fare_DEL-BLR_AI_2026-10-23_T+45_1788903777304_a8v7,DEL-BLR,EaseMyTrip,AI,AI-2469,2026-10-23,T+45,10488,2302,12790,2026-09-08T21:21:44.285Z,FALSE,"",04:45,FALSE
fare_DEL-BLR_AI_2026-10-23_T+45_1788903777304_662x,DEL-BLR,EaseMyTrip,AI,AI-817,2026-10-23,T+45,10560,2318,12878,2026-09-08T21:21:44.285Z,FALSE,"",05:55,FALSE
fare_DEL-BLR_AI_2026-10-23_T+45_1788903777304_aq5g,DEL-BLR,EaseMyTrip,AI,AI-2817,2026-10-23,T+45,10564,2319,12883,2026-09-08T21:21:44.285Z,FALSE,"",16:30,TRUE
fare_DEL-BLR_6E_2026-10-23_T+45_1788903777304_xf6n,DEL-BLR,EaseMyTrip,6E,6E-2277,2026-10-23,T+45,10413,2286,12699,2026-09-08T21:21:44.285Z,FALSE,"",10:25,FALSE
fare_DEL-BLR_AI_2026-10-23_T+45_1788903777304_zd9t,DEL-BLR,EaseMyTrip,AI,AI-2711,2026-10-23,T+45,10675,2343,13018,2026-09-08T21:21:44.285Z,FALSE,"",02:00,FALSE
fare_DEL-BLR_6E_2026-10-23_T+45_1788903777304_cihh,DEL-BLR,EaseMyTrip,6E,6E-511,2026-10-23,T+45,10543,2314,12857,2026-09-08T21:21:44.285Z,FALSE,"",17:10,FALSE
fare_DEL-BLR_6E_2026-10-23_T+45_1788903777304_t7ll,DEL-BLR,EaseMyTrip,6E,6E-800,2026-10-23,T+45,10543,2314,12857,2026-09-08T21:21:44.285Z,FALSE,"",17:10,FALSE
fare_DEL-BLR_AI_2026-10-23_T+45_1788903777304_yidj,DEL-BLR,EaseMyTrip,AI,AI-2417,2026-10-23,T+45,10751,2360,13111,2026-09-08T21:21:44.285Z,FALSE,"",13:00,TRUE
fare_DEL-BLR_AI_2026-10-23_T+45_1788903777304_s03x,DEL-BLR,EaseMyTrip,AI,AI-2959,2026-10-23,T+45,10871,2386,13257,2026-09-08T21:21:44.285Z,FALSE,"",07:10,FALSE
fare_DEL-BLR_AI_2026-10-23_T+45_1788903777304_8l0x,DEL-BLR,EaseMyTrip,AI,AI-2547,2026-10-23,T+45,11009,2417,13426,2026-09-08T21:21:44.285Z,FALSE,"",17:40,FALSE
fare_DEL-BLR_IX_2026-10-23_T+45_1788903777304_shm6,DEL-BLR,EaseMyTrip,IX,IX-1074,2026-10-23,T+45,12287,2697,14984,2026-09-08T21:21:44.285Z,FALSE,"",11:00,FALSE
fare_DEL-BLR_AI_2026-10-23_T+45_1788903777304_3d1o,DEL-BLR,EaseMyTrip,AI,AI-1735,2026-10-23,T+45,11207,2460,13667,2026-09-08T21:21:44.285Z,FALSE,"",13:00,FALSE
fare_DEL-BLR_IX_2026-10-23_T+45_1788903777304_fvfs,DEL-BLR,EaseMyTrip,IX,IX-1090,2026-10-23,T+45,11481,2520,14001,2026-09-08T21:21:44.285Z,FALSE,"",13:10,FALSE
fare_DEL-BLR_IX_2026-10-23_T+45_1788903777304_qirh,DEL-BLR,EaseMyTrip,IX,IX-1068,2026-10-23,T+45,11483,2521,14004,2026-09-08T21:21:44.285Z,FALSE,"",11:55,FALSE
fare_DEL-BLR_AI_2026-10-23_T+45_1788903777304_96tl,DEL-BLR,EaseMyTrip,AI,AI-1743,2026-10-23,T+45,11368,2495,13863,2026-09-08T21:21:44.285Z,FALSE,"",06:15,FALSE
fare_DEL-BLR_AI_2026-10-23_T+45_1788903777304_skk9,DEL-BLR,EaseMyTrip,AI,AI-465,2026-10-23,T+45,11386,2499,13885,2026-09-08T21:21:44.285Z,FALSE,"",16:20,FALSE
fare_DEL-BLR_AI_2026-10-23_T+45_1788903777304_c39x,DEL-BLR,EaseMyTrip,AI,AI-2973,2026-10-23,T+45,11640,2555,14195,2026-09-08T21:21:44.285Z,FALSE,"",20:50,FALSE
fare_DEL-BLR_IX_2026-10-23_T+45_1788903777304_mizz,DEL-BLR,EaseMyTrip,IX,IX-1811,2026-10-23,T+45,11982,2630,14612,2026-09-08T21:21:44.285Z,FALSE,"",06:50,FALSE
fare_DEL-BLR_AI_2026-10-23_T+45_1788903777304_lk1m,DEL-BLR,EaseMyTrip,AI,AI-2609,2026-10-23,T+45,11893,2611,14504,2026-09-08T21:21:44.285Z,FALSE,"",23:50,FALSE
fare_DEL-BLR_SG_2026-10-23_T+45_1788903777304_a6i1,DEL-BLR,EaseMyTrip,SG,SG-383,2026-10-23,T+45,12020,2639,14659,2026-09-08T21:21:44.285Z,FALSE,"",20:10,FALSE
fare_DEL-BLR_SG_2026-10-23_T+45_1788903777304_qcz1,DEL-BLR,EaseMyTrip,SG,SG-526,2026-10-23,T+45,12020,2639,14659,2026-09-08T21:21:44.285Z,FALSE,"",20:10,FALSE
fare_DEL-BLR_IX_2026-10-23_T+45_1788903777304_q4i5,DEL-BLR,EaseMyTrip,IX,IX-1812,2026-10-23,T+45,13690,3005,16695,2026-09-08T21:21:44.285Z,FALSE,"",11:15,FALSE
fare_DEL-BLR_AI_2026-10-23_T+45_1788903777304_n0yc,DEL-BLR,EaseMyTrip,AI,AI-2483,2026-10-23,T+45,12290,2698,14988,2026-09-08T21:21:44.285Z,FALSE,"",12:20,FALSE
fare_DEL-BLR_AI_2026-10-23_T+45_1788903777304_jybl,DEL-BLR,EaseMyTrip,AI,AI-2525,2026-10-23,T+45,12742,2797,15539,2026-09-08T21:21:44.285Z,FALSE,"",06:00,FALSE
fare_DEL-BLR_AI_2026-10-23_T+45_1788903777304_ng5x,DEL-BLR,EaseMyTrip,AI,AI-1780,2026-10-23,T+45,12886,2829,15715,2026-09-08T21:21:44.285Z,FALSE,"",14:30,FALSE
fare_DEL-BLR_AI_2026-10-23_T+45_1788903777304_vmvi,DEL-BLR,EaseMyTrip,AI,AI-1702,2026-10-23,T+45,13069,2869,15938,2026-09-08T21:21:44.285Z,FALSE,"",18:30,FALSE
fare_DEL-BLR_AI_2026-10-23_T+45_1788903777304_w03t,DEL-BLR,EaseMyTrip,AI,AI-2879,2026-10-23,T+45,13092,2874,15966,2026-09-08T21:21:44.285Z,FALSE,"",18:00,FALSE
fare_DEL-BLR_AI_2026-10-23_T+45_1788903777304_tryf,DEL-BLR,EaseMyTrip,AI,AI-2899,2026-10-23,T+45,13314,2922,16236,2026-09-08T21:21:44.285Z,FALSE,"",12:30,FALSE
fare_DEL-BLR_AI_2026-10-23_T+45_1788903777304_oegk,DEL-BLR,EaseMyTrip,AI,AI-2577,2026-10-23,T+45,13314,2922,16236,2026-09-08T21:21:44.285Z,FALSE,"",02:00,FALSE
fare_DEL-BLR_AI_2026-10-23_T+45_1788903777304_3jep,DEL-BLR,EaseMyTrip,AI,AI-1785,2026-10-23,T+45,14141,3104,17245,2026-09-08T21:21:44.285Z,FALSE,"",12:00,FALSE
fare_DEL-BLR_IX_2026-10-23_T+45_1788903777304_0xqh,DEL-BLR,EaseMyTrip,IX,IX-1057,2026-10-23,T+45,14516,3186,17702,2026-09-08T21:21:44.285Z,FALSE,"",06:20,FALSE
fare_DEL-BLR_AI_2026-10-23_T+45_1788903777304_ehlq,DEL-BLR,EaseMyTrip,AI,AI-2441,2026-10-23,T+45,14374,3155,17529,2026-09-08T21:21:44.285Z,FALSE,"",14:10,FALSE
fare_DEL-BLR_AI_2026-10-23_T+45_1788903777304_zed7,DEL-BLR,EaseMyTrip,AI,AI-2975,2026-10-23,T+45,14374,3155,17529,2026-09-08T21:21:44.285Z,FALSE,"",06:30,FALSE
fare_DEL-BLR_AI_2026-10-23_T+45_1788903777304_omju,DEL-BLR,EaseMyTrip,AI,AI-2951,2026-10-23,T+45,14374,3155,17529,2026-09-08T21:21:44.285Z,FALSE,"",13:30,FALSE
fare_DEL-BLR_AI_2026-10-23_T+45_1788903777304_lcf5,DEL-BLR,EaseMyTrip,AI,AI-1777,2026-10-23,T+45,14431,3168,17599,2026-09-08T21:21:44.285Z,FALSE,"",16:00,FALSE
fare_DEL-BLR_AI_2026-10-23_T+45_1788903777304_rllq,DEL-BLR,EaseMyTrip,AI,AI-441,2026-10-23,T+45,14481,3179,17660,2026-09-08T21:21:44.285Z,FALSE,"",17:00,FALSE
fare_DEL-BLR_AI_2026-10-23_T+45_1788903777304_62z0,DEL-BLR,EaseMyTrip,AI,AI-2519,2026-10-23,T+45,14634,3212,17846,2026-09-08T21:21:44.285Z,FALSE,"",15:30,FALSE
fare_DEL-BLR_AI_2026-10-23_T+45_1788903777304_sncv,DEL-BLR,EaseMyTrip,AI,AI-2678,2026-10-23,T+45,14680,3222,17902,2026-09-08T21:21:44.285Z,FALSE,"",08:30,FALSE
fare_DEL-BLR_AI_2026-10-23_T+45_1788903777304_ixgf,DEL-BLR,EaseMyTrip,AI,AI-437,2026-10-23,T+45,14840,3258,18098,2026-09-08T21:21:44.285Z,FALSE,"",09:20,FALSE
fare_DEL-BLR_IX_2026-10-23_T+45_1788903777304_qumo,DEL-BLR,EaseMyTrip,IX,IX-1461,2026-10-23,T+45,17864,3921,21785,2026-09-08T21:21:44.285Z,TRUE,"High outlier: ₹21785 > upper fence ₹18121 (Q3: ₹13342, IQR: ₹3186)",05:35,FALSE
fare_DEL-BLR_AI_2026-10-23_T+45_1788903777304_77yw,DEL-BLR,EaseMyTrip,AI,AI-2458,2026-10-23,T+45,18320,4022,22342,2026-09-08T21:21:44.285Z,TRUE,"High outlier: ₹22342 > upper fence ₹18121 (Q3: ₹13342, IQR: ₹3186)",12:10,FALSE
fare_DEL-BLR_AI_2026-10-23_T+45_1788903777304_159a,DEL-BLR,EaseMyTrip,AI,AI-2627,2026-10-23,T+45,19976,4385,24361,2026-09-08T21:21:44.285Z,TRUE,"High outlier: ₹24361 > upper fence ₹18121 (Q3: ₹13342, IQR: ₹3186)",10:45,FALSE
fare_DEL-BLR_IX_2026-10-23_T+45_1788903777304_symn,DEL-BLR,EaseMyTrip,IX,IX-1980,2026-10-23,T+45,21184,4650,25834,2026-09-08T21:21:44.285Z,TRUE,"High outlier: ₹25834 > upper fence ₹18121 (Q3: ₹13342, IQR: ₹3186)",09:55,FALSE
fare_DEL-BLR_IX_2026-10-23_T+45_1788903777304_4c6m,DEL-BLR,EaseMyTrip,IX,IX-1012,2026-10-23,T+45,21443,4707,26150,2026-09-08T21:21:44.285Z,TRUE,"High outlier: ₹26150 > upper fence ₹18121 (Q3: ₹13342, IQR: ₹3186)",06:50,FALSE
fare_DEL-BLR_IX_2026-10-23_T+45_1788903777304_irpy,DEL-BLR,EaseMyTrip,IX,IX-1032,2026-10-23,T+45,21707,4765,26472,2026-09-08T21:21:44.285Z,TRUE,"High outlier: ₹26472 > upper fence ₹18121 (Q3: ₹13342, IQR: ₹3186)",05:45,FALSE
fare_DEL-BLR_6E_2026-10-23_T+45_1788903777304_ku94,DEL-BLR,EaseMyTrip,6E,6E-121,2026-10-23,T+45,22721,4987,27708,2026-09-08T21:21:44.285Z,TRUE,"High outlier: ₹27708 > upper fence ₹18121 (Q3: ₹13342, IQR: ₹3186)",08:30,FALSE
fare_DEL-BLR_6E_2026-10-23_T+45_1788903777304_wa3w,DEL-BLR,EaseMyTrip,6E,6E-759,2026-10-23,T+45,22721,4987,27708,2026-09-08T21:21:44.285Z,TRUE,"High outlier: ₹27708 > upper fence ₹18121 (Q3: ₹13342, IQR: ₹3186)",08:30,FALSE
fare_DEL-BLR_IX_2026-10-23_T+45_1788903777304_i3t6,DEL-BLR,EaseMyTrip,IX,IX-1076,2026-10-23,T+45,23812,5227,29039,2026-09-08T21:21:44.285Z,TRUE,"High outlier: ₹29039 > upper fence ₹18121 (Q3: ₹13342, IQR: ₹3186)",09:00,FALSE
fare_DEL-BLR_IX_2026-10-23_T+45_1788903777304_6573,DEL-BLR,EaseMyTrip,IX,IX-1085,2026-10-23,T+45,24092,5288,29380,2026-09-08T21:21:44.285Z,TRUE,"High outlier: ₹29380 > upper fence ₹18121 (Q3: ₹13342, IQR: ₹3186)",12:55,FALSE
fare_DEL-BLR_IX_2026-10-23_T+45_1788903777304_b0wr,DEL-BLR,EaseMyTrip,IX,IX-1069,2026-10-23,T+45,24092,5288,29380,2026-09-08T21:21:44.285Z,TRUE,"High outlier: ₹29380 > upper fence ₹18121 (Q3: ₹13342, IQR: ₹3186)",10:45,FALSE
fare_DEL-BLR_IX_2026-10-23_T+45_1788903777304_git0,DEL-BLR,EaseMyTrip,IX,IX-1067,2026-10-23,T+45,25060,5501,30561,2026-09-08T21:21:44.285Z,TRUE,"High outlier: ₹30561 > upper fence ₹18121 (Q3: ₹13342, IQR: ₹3186)",06:10,FALSE
fare_DEL-BLR_IX_2026-10-23_T+45_1788903777304_5m1c,DEL-BLR,EaseMyTrip,IX,IX-1035,2026-10-23,T+45,25830,5670,31500,2026-09-08T21:21:44.285Z,TRUE,"High outlier: ₹31500 > upper fence ₹18121 (Q3: ₹13342, IQR: ₹3186)",07:30,FALSE
fare_DEL-BLR_6E_2026-10-23_T+45_1788903777304_6oke,DEL-BLR,EaseMyTrip,6E,6E-5191,2026-10-23,T+45,25992,5706,31698,2026-09-08T21:21:44.285Z,TRUE,"High outlier: ₹31698 > upper fence ₹18121 (Q3: ₹13342, IQR: ₹3186)",05:00,FALSE
fare_DEL-BLR_IX_2026-10-23_T+45_1788903777304_c1ff,DEL-BLR,EaseMyTrip,IX,IX-1273,2026-10-23,T+45,28289,6210,34499,2026-09-08T21:21:44.285Z,TRUE,"High outlier: ₹34499 > upper fence ₹18121 (Q3: ₹13342, IQR: ₹3186)",12:05,FALSE
fare_DEL-BLR_AI_2026-10-23_T+45_1788903777304_ozwc,DEL-BLR,EaseMyTrip,AI,AI-2513,2026-10-23,T+45,35621,7819,43440,2026-09-08T21:21:44.285Z,TRUE,"High outlier: ₹43440 > upper fence ₹18121 (Q3: ₹13342, IQR: ₹3186)",12:10,FALSE
fare_DEL-BLR_AI_2026-10-23_T+45_1788903777304_vmqt,DEL-BLR,EaseMyTrip,AI,AI-2705,2026-10-23,T+45,43484,9545,53029,2026-09-08T21:21:44.285Z,TRUE,"High outlier: ₹53029 > upper fence ₹18121 (Q3: ₹13342, IQR: ₹3186)",07:30,FALSE
fare_DEL-BLR_IX_2026-09-15_T+7_1788903777305_32mn,DEL-BLR,EaseMyTrip,IX,IX-1035,2026-09-15,T+7,7859,1725,9584,2026-09-08T21:21:25.768Z,FALSE,"",08:10,FALSE
fare_DEL-BLR_IX_2026-09-15_T+7_1788903777305_ivpm,DEL-BLR,EaseMyTrip,IX,IX-1041,2026-09-15,T+7,7859,1725,9584,2026-09-08T21:21:25.768Z,FALSE,"",08:45,FALSE
fare_DEL-BLR_IX_2026-09-15_T+7_1788903777305_9pj1,DEL-BLR,EaseMyTrip,IX,IX-1032,2026-09-15,T+7,7859,1725,9584,2026-09-08T21:21:25.768Z,FALSE,"",05:45,FALSE
fare_DEL-BLR_IX_2026-09-15_T+7_1788903777305_fa91,DEL-BLR,EaseMyTrip,IX,IX-1069,2026-09-15,T+7,7859,1725,9584,2026-09-08T21:21:25.768Z,FALSE,"",10:40,FALSE
fare_DEL-BLR_QP_2026-09-15_T+7_1788903777305_9szw,DEL-BLR,EaseMyTrip,QP,QP-1812,2026-09-15,T+7,7240,1589,8829,2026-09-08T21:21:25.768Z,FALSE,"",22:55,TRUE
fare_DEL-BLR_QP_2026-09-15_T+7_1788903777305_6ezc,DEL-BLR,EaseMyTrip,QP,QP-1350,2026-09-15,T+7,7240,1589,8829,2026-09-08T21:21:25.768Z,FALSE,"",21:55,TRUE
fare_DEL-BLR_6E_2026-09-15_T+7_1788903777305_i1sj,DEL-BLR,EaseMyTrip,6E,6E-2456,2026-09-15,T+7,7240,1589,8829,2026-09-08T21:21:25.768Z,FALSE,"",14:55,TRUE
fare_DEL-BLR_6E_2026-09-15_T+7_1788903777305_iwt8,DEL-BLR,EaseMyTrip,6E,6E-913,2026-09-15,T+7,7240,1589,8829,2026-09-08T21:21:25.768Z,FALSE,"",23:30,TRUE
fare_DEL-BLR_6E_2026-09-15_T+7_1788903777305_6hwr,DEL-BLR,EaseMyTrip,6E,6E-747,2026-09-15,T+7,7240,1589,8829,2026-09-08T21:21:25.768Z,FALSE,"",23:30,TRUE
fare_DEL-BLR_6E_2026-09-15_T+7_1788903777305_djdp,DEL-BLR,EaseMyTrip,6E,6E-353,2026-09-15,T+7,7240,1589,8829,2026-09-08T21:21:25.768Z,FALSE,"",22:00,TRUE
fare_DEL-BLR_6E_2026-09-15_T+7_1788903777305_7lxn,DEL-BLR,EaseMyTrip,6E,6E-692,2026-09-15,T+7,7240,1589,8829,2026-09-08T21:21:25.768Z,FALSE,"",22:00,TRUE
fare_DEL-BLR_6E_2026-09-15_T+7_1788903777305_q79v,DEL-BLR,EaseMyTrip,6E,6E-6515,2026-09-15,T+7,7240,1589,8829,2026-09-08T21:21:25.768Z,FALSE,"",20:45,TRUE
fare_DEL-BLR_6E_2026-09-15_T+7_1788903777305_scej,DEL-BLR,EaseMyTrip,6E,6E-152,2026-09-15,T+7,7240,1589,8829,2026-09-08T21:21:25.768Z,FALSE,"",19:30,TRUE
fare_DEL-BLR_6E_2026-09-15_T+7_1788903777305_q4td,DEL-BLR,EaseMyTrip,6E,6E-465,2026-09-15,T+7,7240,1589,8829,2026-09-08T21:21:25.768Z,FALSE,"",19:30,TRUE
fare_DEL-BLR_QP_2026-09-15_T+7_1788903777305_vkwc,DEL-BLR,EaseMyTrip,QP,QP-1824,2026-09-15,T+7,7240,1589,8829,2026-09-08T21:21:25.768Z,FALSE,"",20:10,TRUE
fare_DEL-BLR_IX_2026-09-15_T+7_1788903777305_c0fb,DEL-BLR,EaseMyTrip,IX,IX-1070,2026-09-15,T+7,7614,1671,9285,2026-09-08T21:21:25.768Z,FALSE,"",18:20,TRUE
fare_DEL-BLR_IX_2026-09-15_T+7_1788903777305_2ifp,DEL-BLR,EaseMyTrip,IX,IX-1090,2026-09-15,T+7,8031,1763,9794,2026-09-08T21:21:25.768Z,FALSE,"",13:10,FALSE
fare_DEL-BLR_IX_2026-09-15_T+7_1788903777305_taja,DEL-BLR,EaseMyTrip,IX,IX-1046,2026-09-15,T+7,8031,1763,9794,2026-09-08T21:21:25.768Z,FALSE,"",06:25,FALSE
fare_DEL-BLR_IX_2026-09-15_T+7_1788903777305_t0c8,DEL-BLR,EaseMyTrip,IX,IX-1054,2026-09-15,T+7,8031,1763,9794,2026-09-08T21:21:25.768Z,FALSE,"",12:05,FALSE
fare_DEL-BLR_IX_2026-09-15_T+7_1788903777305_3xkg,DEL-BLR,EaseMyTrip,IX,IX-1230,2026-09-15,T+7,8031,1763,9794,2026-09-08T21:21:25.768Z,FALSE,"",03:55,FALSE
fare_DEL-BLR_IX_2026-09-15_T+7_1788903777305_hxhw,DEL-BLR,EaseMyTrip,IX,IX-1292,2026-09-15,T+7,8031,1763,9794,2026-09-08T21:21:25.768Z,FALSE,"",06:00,FALSE
fare_DEL-BLR_AI_2026-09-15_T+7_1788903777305_xqnb,DEL-BLR,EaseMyTrip,AI,AI-2757,2026-09-15,T+7,7503,1647,9150,2026-09-08T21:21:25.768Z,FALSE,"",00:15,TRUE
fare_DEL-BLR_6E_2026-09-15_T+7_1788903777305_9xa4,DEL-BLR,EaseMyTrip,6E,6E-7646,2026-09-15,T+7,7373,1618,8991,2026-09-08T21:21:25.768Z,FALSE,"",06:15,FALSE
fare_DEL-BLR_AI_2026-09-15_T+7_1788903777305_do7w,DEL-BLR,EaseMyTrip,AI,AI-2809,2026-09-15,T+7,7626,1674,9300,2026-09-08T21:21:25.768Z,FALSE,"",19:30,TRUE
fare_DEL-BLR_AI_2026-09-15_T+7_1788903777305_rjd1,DEL-BLR,EaseMyTrip,AI,AI-2409,2026-09-15,T+7,7626,1674,9300,2026-09-08T21:21:25.768Z,FALSE,"",06:00,TRUE
fare_DEL-BLR_AI_2026-09-15_T+7_1788903777305_7xo6,DEL-BLR,EaseMyTrip,AI,AI-2412,2026-09-15,T+7,7626,1674,9300,2026-09-08T21:21:25.768Z,FALSE,"",21:30,TRUE
fare_DEL-BLR_IX_2026-09-15_T+7_1788903777305_fa02,DEL-BLR,EaseMyTrip,IX,IX-1815,2026-09-15,T+7,8278,1817,10095,2026-09-08T21:21:25.768Z,FALSE,"",19:20,FALSE
fare_DEL-BLR_QP_2026-09-15_T+7_1788903777305_gqja,DEL-BLR,EaseMyTrip,QP,QP-1308,2026-09-15,T+7,7510,1648,9158,2026-09-08T21:21:25.768Z,FALSE,"",20:55,TRUE
fare_DEL-BLR_IX_2026-09-15_T+7_1788903777305_5hi6,DEL-BLR,EaseMyTrip,IX,IX-1012,2026-09-15,T+7,8433,1851,10284,2026-09-08T21:21:25.768Z,FALSE,"",06:35,FALSE
fare_DEL-BLR_6E_2026-09-15_T+7_1788903777305_iq7n,DEL-BLR,EaseMyTrip,6E,6E-2519,2026-09-15,T+7,7613,1671,9284,2026-09-08T21:21:25.768Z,FALSE,"",13:00,TRUE
fare_DEL-BLR_6E_2026-09-15_T+7_1788903777305_ucfu,DEL-BLR,EaseMyTrip,6E,6E-198,2026-09-15,T+7,7615,1671,9286,2026-09-08T21:21:25.768Z,FALSE,"",17:00,TRUE
fare_DEL-BLR_6E_2026-09-15_T+7_1788903777305_s7dl,DEL-BLR,EaseMyTrip,6E,6E-617,2026-09-15,T+7,7615,1671,9286,2026-09-08T21:21:25.768Z,FALSE,"",17:00,TRUE
fare_DEL-BLR_6E_2026-09-15_T+7_1788903777305_hfkx,DEL-BLR,EaseMyTrip,6E,6E-758,2026-09-15,T+7,7615,1671,9286,2026-09-08T21:21:25.768Z,FALSE,"",15:45,TRUE
fare_DEL-BLR_6E_2026-09-15_T+7_1788903777305_ci97,DEL-BLR,EaseMyTrip,6E,6E-354,2026-09-15,T+7,7615,1671,9286,2026-09-08T21:21:25.768Z,FALSE,"",15:45,TRUE
fare_DEL-BLR_6E_2026-09-15_T+7_1788903777305_eg5r,DEL-BLR,EaseMyTrip,6E,6E-910,2026-09-15,T+7,7615,1671,9286,2026-09-08T21:21:25.768Z,FALSE,"",18:20,TRUE
fare_DEL-BLR_6E_2026-09-15_T+7_1788903777305_ewp2,DEL-BLR,EaseMyTrip,6E,6E-128,2026-09-15,T+7,7615,1671,9286,2026-09-08T21:21:25.768Z,FALSE,"",18:20,TRUE
fare_DEL-BLR_6E_2026-09-15_T+7_1788903777305_oybk,DEL-BLR,EaseMyTrip,6E,6E-811,2026-09-15,T+7,7615,1671,9286,2026-09-08T21:21:25.768Z,FALSE,"",10:45,TRUE
fare_DEL-BLR_6E_2026-09-15_T+7_1788903777305_badb,DEL-BLR,EaseMyTrip,6E,6E-103,2026-09-15,T+7,7615,1671,9286,2026-09-08T21:21:25.768Z,FALSE,"",10:45,TRUE
fare_DEL-BLR_6E_2026-09-15_T+7_1788903777305_som9,DEL-BLR,EaseMyTrip,6E,6E-495,2026-09-15,T+7,7615,1671,9286,2026-09-08T21:21:25.768Z,FALSE,"",09:30,TRUE
fare_DEL-BLR_6E_2026-09-15_T+7_1788903777305_hrm4,DEL-BLR,EaseMyTrip,6E,6E-163,2026-09-15,T+7,7615,1671,9286,2026-09-08T21:21:25.768Z,FALSE,"",09:30,TRUE
fare_DEL-BLR_6E_2026-09-15_T+7_1788903777305_4dxg,DEL-BLR,EaseMyTrip,6E,6E-346,2026-09-15,T+7,7615,1671,9286,2026-09-08T21:21:25.768Z,FALSE,"",08:20,TRUE
fare_DEL-BLR_6E_2026-09-15_T+7_1788903777305_975n,DEL-BLR,EaseMyTrip,6E,6E-850,2026-09-15,T+7,7615,1671,9286,2026-09-08T21:21:25.768Z,FALSE,"",07:05,TRUE
fare_DEL-BLR_6E_2026-09-15_T+7_1788903777305_r3ag,DEL-BLR,EaseMyTrip,6E,6E-389,2026-09-15,T+7,7615,1671,9286,2026-09-08T21:21:25.768Z,FALSE,"",07:05,TRUE
fare_DEL-BLR_6E_2026-09-15_T+7_1788903777305_ilzz,DEL-BLR,EaseMyTrip,6E,6E-2314,2026-09-15,T+7,7615,1671,9286,2026-09-08T21:21:25.768Z,FALSE,"",05:45,TRUE
fare_DEL-BLR_6E_2026-09-15_T+7_1788903777305_x10y,DEL-BLR,EaseMyTrip,6E,6E-242,2026-09-15,T+7,7615,1671,9286,2026-09-08T21:21:25.768Z,FALSE,"",12:20,TRUE
fare_DEL-BLR_6E_2026-09-15_T+7_1788903777305_t1ih,DEL-BLR,EaseMyTrip,6E,6E-757,2026-09-15,T+7,7615,1671,9286,2026-09-08T21:21:25.768Z,FALSE,"",12:20,TRUE
fare_DEL-BLR_AI_2026-09-15_T+7_1788903777305_i3de,DEL-BLR,EaseMyTrip,AI,AI-2653,2026-09-15,T+7,8000,1756,9756,2026-09-08T21:21:25.768Z,FALSE,"",04:30,TRUE
fare_DEL-BLR_AI_2026-09-15_T+7_1788903777305_sbhl,DEL-BLR,EaseMyTrip,AI,AI-427,2026-09-15,T+7,8000,1756,9756,2026-09-08T21:21:25.768Z,FALSE,"",08:30,TRUE
fare_DEL-BLR_AI_2026-09-15_T+7_1788903777305_4i3e,DEL-BLR,EaseMyTrip,AI,AI-2803,2026-09-15,T+7,8000,1756,9756,2026-09-08T21:21:25.768Z,FALSE,"",06:30,TRUE
fare_DEL-BLR_AI_2026-09-15_T+7_1788903777305_qrv9,DEL-BLR,EaseMyTrip,AI,AI-2664,2026-09-15,T+7,8000,1756,9756,2026-09-08T21:21:25.768Z,FALSE,"",15:50,TRUE
fare_DEL-BLR_AI_2026-09-15_T+7_1788903777305_0fyu,DEL-BLR,EaseMyTrip,AI,AI-2512,2026-09-15,T+7,8000,1756,9756,2026-09-08T21:21:25.768Z,FALSE,"",19:00,TRUE
fare_DEL-BLR_QP_2026-09-15_T+7_1788903777305_7fkp,DEL-BLR,EaseMyTrip,QP,QP-1822,2026-09-15,T+7,7938,1742,9680,2026-09-08T21:21:25.768Z,FALSE,"",16:40,TRUE
fare_DEL-BLR_6E_2026-09-15_T+7_1788903777305_o0jv,DEL-BLR,EaseMyTrip,6E,6E-802,2026-09-15,T+7,8012,1759,9771,2026-09-08T21:21:25.768Z,FALSE,"",03:00,TRUE
fare_DEL-BLR_6E_2026-09-15_T+7_1788903777305_1nbe,DEL-BLR,EaseMyTrip,6E,6E-804,2026-09-15,T+7,8012,1759,9771,2026-09-08T21:21:25.768Z,FALSE,"",03:00,TRUE
fare_DEL-BLR_6E_2026-09-15_T+7_1788903777305_kn5t,DEL-BLR,EaseMyTrip,6E,6E-907,2026-09-15,T+7,8012,1759,9771,2026-09-08T21:21:25.768Z,FALSE,"",14:30,TRUE
fare_DEL-BLR_6E_2026-09-15_T+7_1788903777305_7v8o,DEL-BLR,EaseMyTrip,6E,6E-524,2026-09-15,T+7,8012,1759,9771,2026-09-08T21:21:25.768Z,FALSE,"",14:30,TRUE
fare_DEL-BLR_6E_2026-09-15_T+7_1788903777305_7bir,DEL-BLR,EaseMyTrip,6E,6E-6433,2026-09-15,T+7,8091,1776,9867,2026-09-08T21:21:25.768Z,FALSE,"",16:30,FALSE
fare_DEL-BLR_6E_2026-09-15_T+7_1788903777305_hj8k,DEL-BLR,EaseMyTrip,6E,6E-375,2026-09-15,T+7,8156,1790,9946,2026-09-08T21:21:25.768Z,FALSE,"",17:55,FALSE
fare_DEL-BLR_6E_2026-09-15_T+7_1788903777305_4t2y,DEL-BLR,EaseMyTrip,6E,6E-6217,2026-09-15,T+7,8156,1790,9946,2026-09-08T21:21:25.768Z,FALSE,"",16:15,FALSE
fare_DEL-BLR_6E_2026-09-15_T+7_1788903777305_35hy,DEL-BLR,EaseMyTrip,6E,6E-6293,2026-09-15,T+7,8156,1790,9946,2026-09-08T21:21:25.768Z,FALSE,"",09:55,FALSE
fare_DEL-BLR_6E_2026-09-15_T+7_1788903777305_q7k1,DEL-BLR,EaseMyTrip,6E,6E-6282,2026-09-15,T+7,8156,1790,9946,2026-09-08T21:21:25.768Z,FALSE,"",13:30,FALSE
fare_DEL-BLR_6E_2026-09-15_T+7_1788903777305_z1tq,DEL-BLR,EaseMyTrip,6E,6E-297,2026-09-15,T+7,8156,1790,9946,2026-09-08T21:21:25.768Z,FALSE,"",11:45,FALSE
fare_DEL-BLR_6E_2026-09-15_T+7_1788903777305_kvds,DEL-BLR,EaseMyTrip,6E,6E-740,2026-09-15,T+7,8156,1790,9946,2026-09-08T21:21:25.768Z,FALSE,"",11:45,FALSE
fare_DEL-BLR_AI_2026-09-15_T+7_1788903777305_yf72,DEL-BLR,EaseMyTrip,AI,AI-2815,2026-09-15,T+7,8398,1844,10242,2026-09-08T21:21:25.768Z,FALSE,"",07:00,TRUE
fare_DEL-BLR_6E_2026-09-15_T+7_1788903777305_d4ku,DEL-BLR,EaseMyTrip,6E,6E-2557,2026-09-15,T+7,8263,1814,10077,2026-09-08T21:21:25.768Z,FALSE,"",15:20,FALSE
fare_DEL-BLR_6E_2026-09-15_T+7_1788903777305_gk4f,DEL-BLR,EaseMyTrip,6E,6E-335,2026-09-15,T+7,8263,1814,10077,2026-09-08T21:21:25.768Z,FALSE,"",16:20,FALSE
fare_DEL-BLR_6E_2026-09-15_T+7_1788903777305_8g21,DEL-BLR,EaseMyTrip,6E,6E-461,2026-09-15,T+7,8263,1814,10077,2026-09-08T21:21:25.768Z,FALSE,"",16:20,FALSE
fare_DEL-BLR_6E_2026-09-15_T+7_1788903777305_fhc5,DEL-BLR,EaseMyTrip,6E,6E-593,2026-09-15,T+7,8263,1814,10077,2026-09-08T21:21:25.768Z,FALSE,"",19:35,FALSE
fare_DEL-BLR_6E_2026-09-15_T+7_1788903777305_jpo7,DEL-BLR,EaseMyTrip,6E,6E-439,2026-09-15,T+7,8263,1814,10077,2026-09-08T21:21:25.768Z,FALSE,"",19:35,FALSE
fare_DEL-BLR_6E_2026-09-15_T+7_1788903777305_pldv,DEL-BLR,EaseMyTrip,6E,6E-5073,2026-09-15,T+7,8263,1814,10077,2026-09-08T21:21:25.768Z,FALSE,"",17:05,FALSE
fare_DEL-BLR_6E_2026-09-15_T+7_1788903777305_tty0,DEL-BLR,EaseMyTrip,6E,6E-5119,2026-09-15,T+7,8263,1814,10077,2026-09-08T21:21:25.768Z,FALSE,"",05:10,FALSE
fare_DEL-BLR_6E_2026-09-15_T+7_1788903777305_8t2a,DEL-BLR,EaseMyTrip,6E,6E-6459,2026-09-15,T+7,8263,1814,10077,2026-09-08T21:21:25.768Z,FALSE,"",05:55,FALSE
fare_DEL-BLR_6E_2026-09-15_T+7_1788903777305_dobq,DEL-BLR,EaseMyTrip,6E,6E-6673,2026-09-15,T+7,8263,1814,10077,2026-09-08T21:21:25.768Z,FALSE,"",21:15,FALSE
fare_DEL-BLR_6E_2026-09-15_T+7_1788903777305_whf3,DEL-BLR,EaseMyTrip,6E,6E-2618,2026-09-15,T+7,8263,1814,10077,2026-09-08T21:21:25.768Z,FALSE,"",23:00,FALSE
fare_DEL-BLR_6E_2026-09-15_T+7_1788903777305_ho89,DEL-BLR,EaseMyTrip,6E,6E-247,2026-09-15,T+7,8328,1828,10156,2026-09-08T21:21:25.768Z,FALSE,"",18:15,FALSE
fare_DEL-BLR_6E_2026-09-15_T+7_1788903777305_dwlz,DEL-BLR,EaseMyTrip,6E,6E-6091,2026-09-15,T+7,8328,1828,10156,2026-09-08T21:21:25.768Z,FALSE,"",15:15,FALSE
fare_DEL-BLR_6E_2026-09-15_T+7_1788903777305_jbw3,DEL-BLR,EaseMyTrip,6E,6E-5033,2026-09-15,T+7,8328,1828,10156,2026-09-08T21:21:25.768Z,FALSE,"",15:50,FALSE
fare_DEL-BLR_6E_2026-09-15_T+7_1788903777305_yetu,DEL-BLR,EaseMyTrip,6E,6E-2151,2026-09-15,T+7,8328,1828,10156,2026-09-08T21:21:25.768Z,FALSE,"",19:45,FALSE
fare_DEL-BLR_6E_2026-09-15_T+7_1788903777305_z97q,DEL-BLR,EaseMyTrip,6E,6E-6632,2026-09-15,T+7,8328,1828,10156,2026-09-08T21:21:25.768Z,FALSE,"",17:50,FALSE
fare_DEL-BLR_6E_2026-09-15_T+7_1788903777305_olye,DEL-BLR,EaseMyTrip,6E,6E-6115,2026-09-15,T+7,8328,1828,10156,2026-09-08T21:21:25.768Z,FALSE,"",13:10,FALSE
fare_DEL-BLR_6E_2026-09-15_T+7_1788903777305_pp80,DEL-BLR,EaseMyTrip,6E,6E-5038,2026-09-15,T+7,8328,1828,10156,2026-09-08T21:21:25.768Z,FALSE,"",14:00,FALSE
fare_DEL-BLR_6E_2026-09-15_T+7_1788903777305_ujax,DEL-BLR,EaseMyTrip,6E,6E-6476,2026-09-15,T+7,8328,1828,10156,2026-09-08T21:21:25.768Z,FALSE,"",07:05,FALSE
fare_DEL-BLR_6E_2026-09-15_T+7_1788903777305_8rt0,DEL-BLR,EaseMyTrip,6E,6E-2319,2026-09-15,T+7,8328,1828,10156,2026-09-08T21:21:25.768Z,FALSE,"",09:55,FALSE
fare_DEL-BLR_AI_2026-09-15_T+7_1788903777305_dgu1,DEL-BLR,EaseMyTrip,AI,AI-2819,2026-09-15,T+7,8542,1875,10417,2026-09-08T21:21:25.768Z,FALSE,"",15:00,TRUE
fare_DEL-BLR_6E_2026-09-15_T+7_1788903777305_9j48,DEL-BLR,EaseMyTrip,6E,6E-6497,2026-09-15,T+7,8435,1852,10287,2026-09-08T21:21:25.768Z,FALSE,"",18:40,FALSE
fare_DEL-BLR_6E_2026-09-15_T+7_1788903777305_qkjd,DEL-BLR,EaseMyTrip,6E,6E-5001,2026-09-15,T+7,8457,1857,10314,2026-09-08T21:21:25.768Z,FALSE,"",17:10,FALSE
fare_DEL-BLR_6E_2026-09-15_T+7_1788903777305_2cw1,DEL-BLR,EaseMyTrip,6E,6E-2491,2026-09-15,T+7,8505,1867,10372,2026-09-08T21:21:25.768Z,FALSE,"",15:15,FALSE
fare_DEL-BLR_IX_2026-09-15_T+7_1788903777305_f8uq,DEL-BLR,EaseMyTrip,IX,IX-1080,2026-09-15,T+7,9285,2038,11323,2026-09-08T21:21:25.768Z,FALSE,"",18:40,FALSE
fare_DEL-BLR_6E_2026-09-15_T+7_1788903777305_y4s7,DEL-BLR,EaseMyTrip,6E,6E-7642,2026-09-15,T+7,8578,1883,10461,2026-09-08T21:21:25.768Z,FALSE,"",15:45,FALSE
fare_DEL-BLR_6E_2026-09-15_T+7_1788903777305_d7mi,DEL-BLR,EaseMyTrip,6E,6E-876,2026-09-15,T+7,8608,1889,10497,2026-09-08T21:21:25.768Z,FALSE,"",08:30,FALSE
fare_DEL-BLR_6E_2026-09-15_T+7_1788903777305_34gw,DEL-BLR,EaseMyTrip,6E,6E-796,2026-09-15,T+7,8608,1889,10497,2026-09-08T21:21:25.768Z,FALSE,"",08:30,FALSE
fare_DEL-BLR_6E_2026-09-15_T+7_1788903777305_wibt,DEL-BLR,EaseMyTrip,6E,6E-5191,2026-09-15,T+7,8608,1889,10497,2026-09-08T21:21:25.768Z,FALSE,"",05:00,FALSE
fare_DEL-BLR_IX_2026-09-15_T+7_1788903777305_yq2f,DEL-BLR,EaseMyTrip,IX,IX-1038,2026-09-15,T+7,9457,2076,11533,2026-09-08T21:21:25.768Z,FALSE,"",17:35,FALSE
fare_DEL-BLR_6E_2026-09-15_T+7_1788903777305_hdk2,DEL-BLR,EaseMyTrip,6E,6E-756,2026-09-15,T+7,8790,1930,10720,2026-09-08T21:21:25.768Z,FALSE,"",16:10,FALSE
fare_DEL-BLR_6E_2026-09-15_T+7_1788903777305_lmnw,DEL-BLR,EaseMyTrip,6E,6E-267,2026-09-15,T+7,8790,1930,10720,2026-09-08T21:21:25.768Z,FALSE,"",16:10,FALSE
fare_DEL-BLR_AI_2026-09-15_T+7_1788903777305_rk2r,DEL-BLR,EaseMyTrip,AI,AI-437,2026-09-15,T+7,8995,1974,10969,2026-09-08T21:21:25.768Z,FALSE,"",09:20,FALSE
fare_DEL-BLR_AI_2026-09-15_T+7_1788903777305_29h8,DEL-BLR,EaseMyTrip,AI,AI-2907,2026-09-15,T+7,8995,1974,10969,2026-09-08T21:21:25.768Z,FALSE,"",12:00,FALSE
fare_DEL-BLR_6E_2026-09-15_T+7_1788903777305_11uu,DEL-BLR,EaseMyTrip,6E,6E-2579,2026-09-15,T+7,8918,1957,10875,2026-09-08T21:21:25.768Z,FALSE,"",14:10,FALSE
fare_DEL-BLR_IX_2026-09-15_T+7_1788903777305_1oji,DEL-BLR,EaseMyTrip,IX,IX-1782,2026-09-15,T+7,10155,2229,12384,2026-09-08T21:21:25.768Z,FALSE,"",13:35,FALSE
fare_DEL-BLR_AI_2026-09-15_T+7_1788903777305_rhh0,DEL-BLR,EaseMyTrip,AI,AI-2817,2026-09-15,T+7,9268,2034,11302,2026-09-08T21:21:25.768Z,FALSE,"",16:30,TRUE
fare_DEL-BLR_AI_2026-09-15_T+7_1788903777305_e8yl,DEL-BLR,EaseMyTrip,AI,AI-1757,2026-09-15,T+7,9339,2050,11389,2026-09-08T21:21:25.768Z,FALSE,"",15:40,FALSE
fare_DEL-BLR_6E_2026-09-15_T+7_1788903777305_a2ke,DEL-BLR,EaseMyTrip,6E,6E-7624,2026-09-15,T+7,9233,2027,11260,2026-09-08T21:21:25.768Z,FALSE,"",05:50,FALSE
fare_DEL-BLR_6E_2026-09-15_T+7_1788903777305_6xs3,DEL-BLR,EaseMyTrip,6E,6E-7628,2026-09-15,T+7,9233,2027,11260,2026-09-08T21:21:25.768Z,FALSE,"",15:05,FALSE
fare_DEL-BLR_AI_2026-09-15_T+7_1788903777305_s5y4,DEL-BLR,EaseMyTrip,AI,AI-2415,2026-09-15,T+7,9428,2070,11498,2026-09-08T21:21:25.768Z,FALSE,"",09:30,TRUE
fare_DEL-BLR_AI_2026-09-15_T+7_1788903777305_kek9,DEL-BLR,EaseMyTrip,AI,AI-1742,2026-09-15,T+7,9510,2088,11598,2026-09-08T21:21:25.768Z,FALSE,"",20:00,FALSE
fare_DEL-BLR_AI_2026-09-15_T+7_1788903777305_vy4q,DEL-BLR,EaseMyTrip,AI,AI-2601,2026-09-15,T+7,9510,2088,11598,2026-09-08T21:21:25.768Z,FALSE,"",17:00,FALSE
fare_DEL-BLR_QP_2026-09-15_T+7_1788903777305_l3fy,DEL-BLR,EaseMyTrip,QP,QP-1940,2026-09-15,T+7,9400,2063,11463,2026-09-08T21:21:25.768Z,FALSE,"",14:05,FALSE
fare_DEL-BLR_IX_2026-09-15_T+7_1788903777305_839b,DEL-BLR,EaseMyTrip,IX,IX-1257,2026-09-15,T+7,9759,2142,11901,2026-09-08T21:21:25.768Z,FALSE,"",22:25,FALSE
fare_DEL-BLR_AI_2026-09-15_T+7_1788903777305_1h7e,DEL-BLR,EaseMyTrip,AI,AI-2485,2026-09-15,T+7,9746,2139,11885,2026-09-08T21:21:25.768Z,FALSE,"",10:30,TRUE
fare_DEL-BLR_6E_2026-09-15_T+7_1788903777305_d40n,DEL-BLR,EaseMyTrip,6E,6E-6470,2026-09-15,T+7,9591,2105,11696,2026-09-08T21:21:25.768Z,FALSE,"",06:55,FALSE
fare_DEL-BLR_AI_2026-09-15_T+7_1788903777305_5cvw,DEL-BLR,EaseMyTrip,AI,AI-2547,2026-09-15,T+7,9806,2153,11959,2026-09-08T21:21:25.768Z,FALSE,"",17:40,FALSE
fare_DEL-BLR_AI_2026-09-15_T+7_1788903777305_5v1g,DEL-BLR,EaseMyTrip,AI,AI-2971,2026-09-15,T+7,9806,2153,11959,2026-09-08T21:21:25.768Z,FALSE,"",16:00,FALSE
fare_DEL-BLR_AI_2026-09-15_T+7_1788903777305_fnsr,DEL-BLR,EaseMyTrip,AI,AI-2469,2026-09-15,T+7,9806,2153,11959,2026-09-08T21:21:25.768Z,FALSE,"",04:45,FALSE
fare_DEL-BLR_AI_2026-09-15_T+7_1788903777305_0mbe,DEL-BLR,EaseMyTrip,AI,AI-2417,2026-09-15,T+7,9916,2177,12093,2026-09-08T21:21:25.768Z,FALSE,"",13:00,TRUE
fare_DEL-BLR_IX_2026-09-15_T+7_1788903777305_nuvc,DEL-BLR,EaseMyTrip,IX,IX-1235,2026-09-15,T+7,10191,2237,12428,2026-09-08T21:21:25.768Z,FALSE,"",23:25,FALSE
fare_DEL-BLR_AI_2026-09-15_T+7_1788903777305_w8z3,DEL-BLR,EaseMyTrip,AI,AI-2973,2026-09-15,T+7,10202,2240,12442,2026-09-08T21:21:25.768Z,FALSE,"",20:50,FALSE
fare_DEL-BLR_AI_2026-09-15_T+7_1788903777305_8s7u,DEL-BLR,EaseMyTrip,AI,AI-1730,2026-09-15,T+7,10202,2240,12442,2026-09-08T21:21:25.768Z,FALSE,"",19:10,FALSE
fare_DEL-BLR_AI_2026-09-15_T+7_1788903777305_iv73,DEL-BLR,EaseMyTrip,AI,AI-2487,2026-09-15,T+7,10250,2250,12500,2026-09-08T21:21:25.768Z,FALSE,"",18:30,TRUE
fare_DEL-BLR_6E_2026-09-15_T+7_1788903777305_dqhm,DEL-BLR,EaseMyTrip,6E,6E-6437,2026-09-15,T+7,10087,2214,12301,2026-09-08T21:21:25.768Z,FALSE,"",16:25,FALSE
fare_DEL-BLR_AI_2026-09-15_T+7_1788903777305_scv7,DEL-BLR,EaseMyTrip,AI,AI-2609,2026-09-15,T+7,10564,2319,12883,2026-09-08T21:21:25.768Z,FALSE,"",23:50,FALSE
fare_DEL-BLR_6E_2026-09-15_T+7_1788903777305_iy36,DEL-BLR,EaseMyTrip,6E,6E-2277,2026-09-15,T+7,10413,2286,12699,2026-09-08T21:21:25.768Z,FALSE,"",10:25,FALSE
fare_DEL-BLR_6E_2026-09-15_T+7_1788903777305_5012,DEL-BLR,EaseMyTrip,6E,6E-348,2026-09-15,T+7,10607,2328,12935,2026-09-08T21:21:25.768Z,FALSE,"",18:00,FALSE
fare_DEL-BLR_6E_2026-09-15_T+7_1788903777305_4nol,DEL-BLR,EaseMyTrip,6E,6E-702,2026-09-15,T+7,10607,2328,12935,2026-09-08T21:21:25.768Z,FALSE,"",18:00,FALSE
fare_DEL-BLR_IX_2026-09-15_T+7_1788903777305_g6e1,DEL-BLR,EaseMyTrip,IX,IX-1108,2026-09-15,T+7,11107,2438,13545,2026-09-08T21:21:25.768Z,FALSE,"",05:00,FALSE
fare_DEL-BLR_AI_2026-09-15_T+7_1788903777305_km3l,DEL-BLR,EaseMyTrip,AI,AI-2532,2026-09-15,T+7,10949,2403,13352,2026-09-08T21:21:25.768Z,FALSE,"",11:20,FALSE
fare_DEL-BLR_IX_2026-09-15_T+7_1788903777305_40ge,DEL-BLR,EaseMyTrip,IX,IX-1067,2026-09-15,T+7,11309,2482,13791,2026-09-08T21:21:25.768Z,FALSE,"",06:10,FALSE
fare_DEL-BLR_6E_2026-09-15_T+7_1788903777305_6hz7,DEL-BLR,EaseMyTrip,6E,6E-2343,2026-09-15,T+7,11177,2454,13631,2026-09-08T21:21:25.768Z,FALSE,"",02:20,FALSE
fare_DEL-BLR_AI_2026-09-15_T+7_1788903777305_1jat,DEL-BLR,EaseMyTrip,AI,AI-2519,2026-09-15,T+7,11763,2582,14345,2026-09-08T21:21:25.768Z,FALSE,"",15:30,FALSE
fare_DEL-BLR_IX_2026-09-15_T+7_1788903777305_xjsz,DEL-BLR,EaseMyTrip,IX,IX-1617,2026-09-15,T+7,13690,3005,16695,2026-09-08T21:21:25.768Z,TRUE,"High outlier: ₹16695 > upper fence ₹16640 (Q3: ₹12435, IQR: ₹2803)",11:50,FALSE
fare_DEL-BLR_AI_2026-09-15_T+7_1788903777305_xr8j,DEL-BLR,EaseMyTrip,AI,AI-2483,2026-09-15,T+7,12186,2675,14861,2026-09-08T21:21:25.768Z,FALSE,"",12:20,FALSE
fare_DEL-BLR_IX_2026-09-15_T+7_1788903777305_f3r2,DEL-BLR,EaseMyTrip,IX,IX-1085,2026-09-15,T+7,12626,2772,15398,2026-09-08T21:21:25.768Z,FALSE,"",12:55,FALSE
fare_DEL-BLR_AI_2026-09-15_T+7_1788903777305_4lan,DEL-BLR,EaseMyTrip,AI,AI-2525,2026-09-15,T+7,12611,2768,15379,2026-09-08T21:21:25.768Z,FALSE,"",06:00,FALSE
fare_DEL-BLR_AI_2026-09-15_T+7_1788903777305_qg8p,DEL-BLR,EaseMyTrip,AI,AI-1702,2026-09-15,T+7,12627,2772,15399,2026-09-08T21:21:25.768Z,FALSE,"",18:30,FALSE
fare_DEL-BLR_AI_2026-09-15_T+7_1788903777305_sdl6,DEL-BLR,EaseMyTrip,AI,AI-2963,2026-09-15,T+7,12944,2841,15785,2026-09-08T21:21:25.768Z,FALSE,"",09:00,FALSE
fare_DEL-BLR_AI_2026-09-15_T+7_1788903777305_c28q,DEL-BLR,EaseMyTrip,AI,AI-2941,2026-09-15,T+7,12944,2841,15785,2026-09-08T21:21:25.768Z,FALSE,"",16:30,FALSE
fare_DEL-BLR_AI_2026-09-15_T+7_1788903777305_mfzr,DEL-BLR,EaseMyTrip,AI,AI-1785,2026-09-15,T+7,12944,2841,15785,2026-09-08T21:21:25.768Z,FALSE,"",12:00,FALSE
fare_DEL-BLR_AI_2026-09-15_T+7_1788903777305_y93q,DEL-BLR,EaseMyTrip,AI,AI-1777,2026-09-15,T+7,12944,2841,15785,2026-09-08T21:21:25.768Z,FALSE,"",16:00,FALSE
fare_DEL-BLR_AI_2026-09-15_T+7_1788903777305_9kzl,DEL-BLR,EaseMyTrip,AI,AI-2678,2026-09-15,T+7,13117,2879,15996,2026-09-08T21:21:25.768Z,FALSE,"",08:30,FALSE
fare_DEL-BLR_AI_2026-09-15_T+7_1788903777305_tasd,DEL-BLR,EaseMyTrip,AI,AI-2975,2026-09-15,T+7,13169,2891,16060,2026-09-08T21:21:25.768Z,FALSE,"",06:30,FALSE
fare_DEL-BLR_AI_2026-09-15_T+7_1788903777305_ebnz,DEL-BLR,EaseMyTrip,AI,AI-441,2026-09-15,T+7,13225,2903,16128,2026-09-08T21:21:25.768Z,FALSE,"",17:00,FALSE
fare_DEL-BLR_AI_2026-09-15_T+7_1788903777305_6plb,DEL-BLR,EaseMyTrip,AI,AI-2951,2026-09-15,T+7,13829,3036,16865,2026-09-08T21:21:25.768Z,TRUE,"High outlier: ₹16865 > upper fence ₹16640 (Q3: ₹12435, IQR: ₹2803)",13:30,FALSE
fare_DEL-BLR_AI_2026-09-15_T+7_1788903777305_1x9a,DEL-BLR,EaseMyTrip,AI,AI-2577,2026-09-15,T+7,14201,3117,17318,2026-09-08T21:21:25.768Z,TRUE,"High outlier: ₹17318 > upper fence ₹16640 (Q3: ₹12435, IQR: ₹2803)",02:00,FALSE
fare_DEL-BLR_6E_2026-09-15_T+7_1788903777305_18h8,DEL-BLR,EaseMyTrip,6E,6E-782,2026-09-15,T+7,14044,3083,17127,2026-09-08T21:21:25.768Z,TRUE,"High outlier: ₹17127 > upper fence ₹16640 (Q3: ₹12435, IQR: ₹2803)",02:25,FALSE
fare_DEL-BLR_6E_2026-09-15_T+7_1788903777305_y03g,DEL-BLR,EaseMyTrip,6E,6E-288,2026-09-15,T+7,14044,3083,17127,2026-09-08T21:21:25.768Z,TRUE,"High outlier: ₹17127 > upper fence ₹16640 (Q3: ₹12435, IQR: ₹2803)",02:25,FALSE
fare_DEL-BLR_IX_2026-09-15_T+7_1788903777305_vs9d,DEL-BLR,EaseMyTrip,IX,IX-1461,2026-09-15,T+7,16223,3561,19784,2026-09-08T21:21:25.768Z,TRUE,"High outlier: ₹19784 > upper fence ₹16640 (Q3: ₹12435, IQR: ₹2803)",05:35,FALSE
fare_DEL-BLR_6E_2026-09-15_T+7_1788903777305_gdgx,DEL-BLR,EaseMyTrip,6E,6E-6488,2026-09-15,T+7,14419,3165,17584,2026-09-08T21:21:25.768Z,TRUE,"High outlier: ₹17584 > upper fence ₹16640 (Q3: ₹12435, IQR: ₹2803)",11:20,FALSE
fare_DEL-BLR_IX_2026-09-15_T+7_1788903777305_8rxw,DEL-BLR,EaseMyTrip,IX,IX-1980,2026-09-15,T+7,15063,3307,18370,2026-09-08T21:21:25.768Z,TRUE,"High outlier: ₹18370 > upper fence ₹16640 (Q3: ₹12435, IQR: ₹2803)",09:55,FALSE
fare_DEL-BLR_AI_2026-09-15_T+7_1788903777305_iqq1,DEL-BLR,EaseMyTrip,AI,AI-2705,2026-09-15,T+7,15126,3320,18446,2026-09-08T21:21:25.768Z,TRUE,"High outlier: ₹18446 > upper fence ₹16640 (Q3: ₹12435, IQR: ₹2803)",07:30,FALSE
fare_DEL-BLR_IX_2026-09-15_T+7_1788903777305_xm33,DEL-BLR,EaseMyTrip,IX,IX-1068,2026-09-15,T+7,16180,3552,19732,2026-09-08T21:21:25.768Z,TRUE,"High outlier: ₹19732 > upper fence ₹16640 (Q3: ₹12435, IQR: ₹2803)",11:55,FALSE
fare_DEL-BLR_IX_2026-09-15_T+7_1788903777305_srbw,DEL-BLR,EaseMyTrip,IX,IX-1346,2026-09-15,T+7,17089,3751,20840,2026-09-08T21:21:25.768Z,TRUE,"High outlier: ₹20840 > upper fence ₹16640 (Q3: ₹12435, IQR: ₹2803)",06:10,FALSE
fare_DEL-BLR_IX_2026-09-15_T+7_1788903777305_90jx,DEL-BLR,EaseMyTrip,IX,IX-1783,2026-09-15,T+7,17698,3885,21583,2026-09-08T21:21:25.768Z,TRUE,"High outlier: ₹21583 > upper fence ₹16640 (Q3: ₹12435, IQR: ₹2803)",07:20,FALSE
fare_DEL-BLR_AI_2026-09-15_T+7_1788903777305_xrau,DEL-BLR,EaseMyTrip,AI,AI-1749,2026-09-15,T+7,17794,3906,21700,2026-09-08T21:21:25.768Z,TRUE,"High outlier: ₹21700 > upper fence ₹16640 (Q3: ₹12435, IQR: ₹2803)",08:00,FALSE
fare_DEL-BLR_AI_2026-09-15_T+7_1788903777305_sjxq,DEL-BLR,EaseMyTrip,AI,AI-1739,2026-09-15,T+7,19965,4382,24347,2026-09-08T21:21:25.768Z,TRUE,"High outlier: ₹24347 > upper fence ₹16640 (Q3: ₹12435, IQR: ₹2803)",11:30,FALSE
fare_DEL-BLR_AI_2026-09-15_T+7_1788903777305_g4on,DEL-BLR,EaseMyTrip,AI,AI-2627,2026-09-15,T+7,22013,4832,26845,2026-09-08T21:21:25.768Z,TRUE,"High outlier: ₹26845 > upper fence ₹16640 (Q3: ₹12435, IQR: ₹2803)",10:45,FALSE
fare_DEL-BLR_IX_2026-09-15_T+7_1788903777305_l8zf,DEL-BLR,EaseMyTrip,IX,IX-1074,2026-09-15,T+7,28523,6261,34784,2026-09-08T21:21:25.768Z,TRUE,"High outlier: ₹34784 > upper fence ₹16640 (Q3: ₹12435, IQR: ₹2803)",11:00,FALSE
fare_DEL-BOM_6E_2026-09-23_T+15_1788903777305_zwr7,DEL-BOM,EaseMyTrip,6E,6E-193,2026-09-23,T+15,4994,1096,6090,2026-09-08T21:20:25.758Z,FALSE,"",19:35,FALSE
fare_DEL-BOM_6E_2026-09-23_T+15_1788903777305_anrk,DEL-BOM,EaseMyTrip,6E,6E-801,2026-09-23,T+15,4994,1096,6090,2026-09-08T21:20:25.758Z,FALSE,"",19:35,FALSE
fare_DEL-BOM_6E_2026-09-23_T+15_1788903777305_gkgn,DEL-BOM,EaseMyTrip,6E,6E-2076,2026-09-23,T+15,4994,1096,6090,2026-09-08T21:20:25.758Z,FALSE,"",07:30,FALSE
fare_DEL-BOM_6E_2026-09-23_T+15_1788903777305_yugm,DEL-BOM,EaseMyTrip,6E,6E-5119,2026-09-23,T+15,4994,1096,6090,2026-09-08T21:20:25.758Z,FALSE,"",05:10,FALSE
fare_DEL-BOM_6E_2026-09-23_T+15_1788903777305_dezm,DEL-BOM,EaseMyTrip,6E,6E-6171,2026-09-23,T+15,4994,1096,6090,2026-09-08T21:20:25.758Z,FALSE,"",05:40,FALSE
fare_DEL-BOM_6E_2026-09-23_T+15_1788903777305_rcz2,DEL-BOM,EaseMyTrip,6E,6E-5073,2026-09-23,T+15,4994,1096,6090,2026-09-08T21:20:25.758Z,FALSE,"",17:05,FALSE
fare_DEL-BOM_6E_2026-09-23_T+15_1788903777305_t41l,DEL-BOM,EaseMyTrip,6E,6E-6261,2026-09-23,T+15,4994,1096,6090,2026-09-08T21:20:25.758Z,FALSE,"",00:15,FALSE
fare_DEL-BOM_6E_2026-09-23_T+15_1788903777306_l1tb,DEL-BOM,EaseMyTrip,6E,6E-2341,2026-09-23,T+15,4994,1096,6090,2026-09-08T21:20:25.758Z,FALSE,"",14:50,FALSE
fare_DEL-BOM_6E_2026-09-23_T+15_1788903777306_7ckl,DEL-BOM,EaseMyTrip,6E,6E-6190,2026-09-23,T+15,4998,1097,6095,2026-09-08T21:20:25.758Z,FALSE,"",07:40,FALSE
fare_DEL-BOM_SG_2026-09-23_T+15_1788903777306_qwqe,DEL-BOM,EaseMyTrip,SG,SG-9091,2026-09-23,T+15,5287,1160,6447,2026-09-08T21:20:25.758Z,FALSE,"",05:30,TRUE
fare_DEL-BOM_IX_2026-09-23_T+15_1788903777306_yog3,DEL-BOM,EaseMyTrip,IX,IX-1165,2026-09-23,T+15,5354,1175,6529,2026-09-08T21:20:25.758Z,FALSE,"",05:45,FALSE
fare_DEL-BOM_IX_2026-09-23_T+15_1788903777306_ffhj,DEL-BOM,EaseMyTrip,IX,IX-1392,2026-09-23,T+15,5354,1175,6529,2026-09-08T21:20:25.758Z,FALSE,"",23:25,FALSE
fare_DEL-BOM_IX_2026-09-23_T+15_1788903777306_chnc,DEL-BOM,EaseMyTrip,IX,IX-1235,2026-09-23,T+15,5354,1175,6529,2026-09-08T21:20:25.758Z,FALSE,"",23:25,TRUE
fare_DEL-BOM_IX_2026-09-23_T+15_1788903777306_60oq,DEL-BOM,EaseMyTrip,IX,IX-1056,2026-09-23,T+15,5354,1175,6529,2026-09-08T21:20:25.758Z,FALSE,"",05:35,TRUE
fare_DEL-BOM_6E_2026-09-23_T+15_1788903777306_gdt0,DEL-BOM,EaseMyTrip,6E,6E-2249,2026-09-23,T+15,5102,1120,6222,2026-09-08T21:20:25.758Z,FALSE,"",15:00,FALSE
fare_DEL-BOM_6E_2026-09-23_T+15_1788903777306_msbn,DEL-BOM,EaseMyTrip,6E,6E-2169,2026-09-23,T+15,5102,1120,6222,2026-09-08T21:20:25.758Z,FALSE,"",19:40,FALSE
fare_DEL-BOM_6E_2026-09-23_T+15_1788903777306_d5b9,DEL-BOM,EaseMyTrip,6E,6E-6829,2026-09-23,T+15,5102,1120,6222,2026-09-08T21:20:25.758Z,FALSE,"",17:20,FALSE
fare_DEL-BOM_6E_2026-09-23_T+15_1788903777306_l741,DEL-BOM,EaseMyTrip,6E,6E-6443,2026-09-23,T+15,5102,1120,6222,2026-09-08T21:20:25.758Z,FALSE,"",09:00,FALSE
fare_DEL-BOM_6E_2026-09-23_T+15_1788903777306_a5tm,DEL-BOM,EaseMyTrip,6E,6E-6433,2026-09-23,T+15,5102,1120,6222,2026-09-08T21:20:25.758Z,FALSE,"",16:30,FALSE
fare_DEL-BOM_6E_2026-09-23_T+15_1788903777306_11gw,DEL-BOM,EaseMyTrip,6E,6E-2345,2026-09-23,T+15,5102,1120,6222,2026-09-08T21:20:25.758Z,FALSE,"",05:55,FALSE
fare_DEL-BOM_6E_2026-09-23_T+15_1788903777306_bx7d,DEL-BOM,EaseMyTrip,6E,6E-6488,2026-09-23,T+15,5102,1120,6222,2026-09-08T21:20:25.758Z,FALSE,"",11:20,FALSE
fare_DEL-BOM_6E_2026-09-23_T+15_1788903777306_h04f,DEL-BOM,EaseMyTrip,6E,6E-6490,2026-09-23,T+15,5105,1121,6226,2026-09-08T21:20:25.758Z,FALSE,"",04:55,FALSE
fare_DEL-BOM_6E_2026-09-23_T+15_1788903777306_2i5p,DEL-BOM,EaseMyTrip,6E,6E-6479,2026-09-23,T+15,5166,1134,6300,2026-09-08T21:20:25.758Z,FALSE,"",21:25,FALSE
fare_DEL-BOM_6E_2026-09-23_T+15_1788903777306_b12w,DEL-BOM,EaseMyTrip,6E,6E-5298,2026-09-23,T+15,5166,1134,6300,2026-09-08T21:20:25.758Z,FALSE,"",09:00,FALSE
fare_DEL-BOM_6E_2026-09-23_T+15_1788903777306_iyax,DEL-BOM,EaseMyTrip,6E,6E-5206,2026-09-23,T+15,5166,1134,6300,2026-09-08T21:20:25.758Z,FALSE,"",13:20,FALSE
fare_DEL-BOM_6E_2026-09-23_T+15_1788903777306_znbn,DEL-BOM,EaseMyTrip,6E,6E-6050,2026-09-23,T+15,5166,1134,6300,2026-09-08T21:20:25.758Z,FALSE,"",08:15,FALSE
fare_DEL-BOM_6E_2026-09-23_T+15_1788903777306_figy,DEL-BOM,EaseMyTrip,6E,6E-6212,2026-09-23,T+15,5274,1158,6432,2026-09-08T21:20:25.758Z,FALSE,"",14:45,FALSE
fare_DEL-BOM_6E_2026-09-23_T+15_1788903777306_u05q,DEL-BOM,EaseMyTrip,6E,6E-6601,2026-09-23,T+15,5274,1158,6432,2026-09-08T21:20:25.758Z,FALSE,"",19:45,FALSE
fare_DEL-BOM_6E_2026-09-23_T+15_1788903777306_d5ho,DEL-BOM,EaseMyTrip,6E,6E-302,2026-09-23,T+15,5274,1158,6432,2026-09-08T21:20:25.758Z,FALSE,"",08:30,FALSE
fare_DEL-BOM_6E_2026-09-23_T+15_1788903777306_nlrw,DEL-BOM,EaseMyTrip,6E,6E-947,2026-09-23,T+15,5274,1158,6432,2026-09-08T21:20:25.758Z,FALSE,"",08:30,FALSE
fare_DEL-BOM_6E_2026-09-23_T+15_1788903777306_0bfa,DEL-BOM,EaseMyTrip,6E,6E-6282,2026-09-23,T+15,5274,1158,6432,2026-09-08T21:20:25.758Z,FALSE,"",13:30,FALSE
fare_DEL-BOM_6E_2026-09-23_T+15_1788903777306_umns,DEL-BOM,EaseMyTrip,6E,6E-146,2026-09-23,T+15,5274,1158,6432,2026-09-08T21:20:25.758Z,FALSE,"",23:15,FALSE
fare_DEL-BOM_6E_2026-09-23_T+15_1788903777306_ip4r,DEL-BOM,EaseMyTrip,6E,6E-622,2026-09-23,T+15,5274,1158,6432,2026-09-08T21:20:25.758Z,FALSE,"",23:15,FALSE
fare_DEL-BOM_6E_2026-09-23_T+15_1788903777306_wt6e,DEL-BOM,EaseMyTrip,6E,6E-6293,2026-09-23,T+15,5274,1158,6432,2026-09-08T21:20:25.758Z,FALSE,"",09:55,FALSE
fare_DEL-BOM_6E_2026-09-23_T+15_1788903777306_np8q,DEL-BOM,EaseMyTrip,6E,6E-5096,2026-09-23,T+15,5282,1160,6442,2026-09-08T21:20:25.758Z,FALSE,"",17:00,TRUE
fare_DEL-BOM_IX_2026-09-23_T+15_1788903777306_1aj1,DEL-BOM,EaseMyTrip,IX,IX-1038,2026-09-23,T+15,5927,1301,7228,2026-09-08T21:20:25.758Z,FALSE,"",17:35,TRUE
fare_DEL-BOM_QP_2026-09-23_T+15_1788903777306_eqqe,DEL-BOM,EaseMyTrip,QP,QP-2074,2026-09-23,T+15,5330,1170,6500,2026-09-08T21:20:25.758Z,FALSE,"",09:20,TRUE
fare_DEL-BOM_QP_2026-09-23_T+15_1788903777306_2cey,DEL-BOM,EaseMyTrip,QP,QP-1119,2026-09-23,T+15,5355,1175,6530,2026-09-08T21:20:25.758Z,FALSE,"",08:40,TRUE
fare_DEL-BOM_QP_2026-09-23_T+15_1788903777306_fmwg,DEL-BOM,EaseMyTrip,QP,QP-1110,2026-09-23,T+15,5355,1175,6530,2026-09-08T21:20:25.758Z,FALSE,"",10:30,TRUE
fare_DEL-BOM_QP_2026-09-23_T+15_1788903777306_gbvf,DEL-BOM,EaseMyTrip,QP,QP-1820,2026-09-23,T+15,5355,1175,6530,2026-09-08T21:20:25.758Z,FALSE,"",17:30,TRUE
fare_DEL-BOM_QP_2026-09-23_T+15_1788903777306_tywc,DEL-BOM,EaseMyTrip,QP,QP-1833,2026-09-23,T+15,5355,1175,6530,2026-09-08T21:20:25.758Z,FALSE,"",06:50,TRUE
fare_DEL-BOM_QP_2026-09-23_T+15_1788903777306_8n8q,DEL-BOM,EaseMyTrip,QP,QP-1112,2026-09-23,T+15,5355,1175,6530,2026-09-08T21:20:25.758Z,FALSE,"",09:20,TRUE
fare_DEL-BOM_QP_2026-09-23_T+15_1788903777306_ayw4,DEL-BOM,EaseMyTrip,QP,QP-1836,2026-09-23,T+15,5355,1175,6530,2026-09-08T21:20:25.758Z,FALSE,"",12:30,TRUE
fare_DEL-BOM_QP_2026-09-23_T+15_1788903777306_4u2n,DEL-BOM,EaseMyTrip,QP,QP-1826,2026-09-23,T+15,5355,1175,6530,2026-09-08T21:20:25.758Z,FALSE,"",19:55,TRUE
fare_DEL-BOM_6E_2026-09-23_T+15_1788903777306_5msp,DEL-BOM,EaseMyTrip,6E,6E-940,2026-09-23,T+15,5355,1175,6530,2026-09-08T21:20:25.758Z,FALSE,"",05:00,TRUE
fare_DEL-BOM_6E_2026-09-23_T+15_1788903777306_e80d,DEL-BOM,EaseMyTrip,6E,6E-445,2026-09-23,T+15,5355,1175,6530,2026-09-08T21:20:25.758Z,FALSE,"",05:00,TRUE
fare_DEL-BOM_6E_2026-09-23_T+15_1788903777306_4cbi,DEL-BOM,EaseMyTrip,6E,6E-800,2026-09-23,T+15,5355,1175,6530,2026-09-08T21:20:25.758Z,FALSE,"",23:30,TRUE
fare_DEL-BOM_6E_2026-09-23_T+15_1788903777306_w3cv,DEL-BOM,EaseMyTrip,6E,6E-386,2026-09-23,T+15,5355,1175,6530,2026-09-08T21:20:25.758Z,FALSE,"",23:30,TRUE
fare_DEL-BOM_6E_2026-09-23_T+15_1788903777306_fqrc,DEL-BOM,EaseMyTrip,6E,6E-6114,2026-09-23,T+15,5355,1175,6530,2026-09-08T21:20:25.758Z,FALSE,"",22:45,TRUE
fare_DEL-BOM_6E_2026-09-23_T+15_1788903777306_6ey5,DEL-BOM,EaseMyTrip,6E,6E-6706,2026-09-23,T+15,5355,1175,6530,2026-09-08T21:20:25.758Z,FALSE,"",17:00,TRUE
fare_DEL-BOM_6E_2026-09-23_T+15_1788903777306_ksnp,DEL-BOM,EaseMyTrip,6E,6E-794,2026-09-23,T+15,5355,1175,6530,2026-09-08T21:20:25.758Z,FALSE,"",16:15,TRUE
fare_DEL-BOM_6E_2026-09-23_T+15_1788903777306_sd7n,DEL-BOM,EaseMyTrip,6E,6E-427,2026-09-23,T+15,5355,1175,6530,2026-09-08T21:20:25.758Z,FALSE,"",16:15,TRUE
fare_DEL-BOM_6E_2026-09-23_T+15_1788903777306_fddj,DEL-BOM,EaseMyTrip,6E,6E-650,2026-09-23,T+15,5355,1175,6530,2026-09-08T21:20:25.758Z,FALSE,"",15:30,TRUE
fare_DEL-BOM_6E_2026-09-23_T+15_1788903777306_d58e,DEL-BOM,EaseMyTrip,6E,6E-210,2026-09-23,T+15,5355,1175,6530,2026-09-08T21:20:25.758Z,FALSE,"",15:30,TRUE
fare_DEL-BOM_6E_2026-09-23_T+15_1788903777306_bijc,DEL-BOM,EaseMyTrip,6E,6E-6022,2026-09-23,T+15,5355,1175,6530,2026-09-08T21:20:25.758Z,FALSE,"",14:00,TRUE
fare_DEL-BOM_6E_2026-09-23_T+15_1788903777306_xc0k,DEL-BOM,EaseMyTrip,6E,6E-6318,2026-09-23,T+15,5355,1175,6530,2026-09-08T21:20:25.758Z,FALSE,"",14:45,TRUE
fare_DEL-BOM_6E_2026-09-23_T+15_1788903777306_qfut,DEL-BOM,EaseMyTrip,6E,6E-829,2026-09-23,T+15,5355,1175,6530,2026-09-08T21:20:25.758Z,FALSE,"",08:45,TRUE
fare_DEL-BOM_6E_2026-09-23_T+15_1788903777306_phm3,DEL-BOM,EaseMyTrip,6E,6E-872,2026-09-23,T+15,5355,1175,6530,2026-09-08T21:20:25.758Z,FALSE,"",08:45,TRUE
fare_DEL-BOM_6E_2026-09-23_T+15_1788903777306_mx5w,DEL-BOM,EaseMyTrip,6E,6E-6328,2026-09-23,T+15,5355,1175,6530,2026-09-08T21:20:25.758Z,FALSE,"",10:15,TRUE
fare_DEL-BOM_6E_2026-09-23_T+15_1788903777306_yzjd,DEL-BOM,EaseMyTrip,6E,6E-6047,2026-09-23,T+15,5355,1175,6530,2026-09-08T21:20:25.758Z,FALSE,"",11:00,TRUE
fare_DEL-BOM_6E_2026-09-23_T+15_1788903777306_moe4,DEL-BOM,EaseMyTrip,6E,6E-6676,2026-09-23,T+15,5355,1175,6530,2026-09-08T21:20:25.758Z,FALSE,"",12:00,TRUE
fare_DEL-BOM_6E_2026-09-23_T+15_1788903777306_3q08,DEL-BOM,EaseMyTrip,6E,6E-187,2026-09-23,T+15,5355,1175,6530,2026-09-08T21:20:25.758Z,FALSE,"",13:00,TRUE
fare_DEL-BOM_6E_2026-09-23_T+15_1788903777306_o7tn,DEL-BOM,EaseMyTrip,6E,6E-925,2026-09-23,T+15,5355,1175,6530,2026-09-08T21:20:25.758Z,FALSE,"",13:00,TRUE
fare_DEL-BOM_6E_2026-09-23_T+15_1788903777306_87y3,DEL-BOM,EaseMyTrip,6E,6E-6107,2026-09-23,T+15,5355,1175,6530,2026-09-08T21:20:25.758Z,FALSE,"",09:30,TRUE
fare_DEL-BOM_AI_2026-09-23_T+15_1788903777306_rc8y,DEL-BOM,EaseMyTrip,AI,AI-1745,2026-09-23,T+15,5519,1211,6730,2026-09-08T21:20:25.758Z,FALSE,"",05:00,TRUE
fare_DEL-BOM_AI_2026-09-23_T+15_1788903777306_7f4k,DEL-BOM,EaseMyTrip,AI,AI-2439,2026-09-23,T+15,5519,1211,6730,2026-09-08T21:20:25.758Z,FALSE,"",23:00,TRUE
fare_DEL-BOM_6E_2026-09-23_T+15_1788903777306_d0hq,DEL-BOM,EaseMyTrip,6E,6E-2013,2026-09-23,T+15,5381,1181,6562,2026-09-08T21:20:25.758Z,FALSE,"",21:50,FALSE
fare_DEL-BOM_QP_2026-09-23_T+15_1788903777306_uw56,DEL-BOM,EaseMyTrip,QP,QP-1940,2026-09-23,T+15,5427,1191,6618,2026-09-08T21:20:25.758Z,FALSE,"",14:05,TRUE
fare_DEL-BOM_6E_2026-09-23_T+15_1788903777306_wphb,DEL-BOM,EaseMyTrip,6E,6E-5198,2026-09-23,T+15,5427,1191,6618,2026-09-08T21:20:25.758Z,FALSE,"",15:00,TRUE
fare_DEL-BOM_6E_2026-09-23_T+15_1788903777306_lkgt,DEL-BOM,EaseMyTrip,6E,6E-6218,2026-09-23,T+15,5484,1204,6688,2026-09-08T21:20:25.758Z,FALSE,"",06:05,TRUE
fare_DEL-BOM_6E_2026-09-23_T+15_1788903777306_7r4y,DEL-BOM,EaseMyTrip,6E,6E-634,2026-09-23,T+15,5526,1213,6739,2026-09-08T21:20:25.758Z,FALSE,"",20:20,TRUE
fare_DEL-BOM_6E_2026-09-23_T+15_1788903777306_hyxt,DEL-BOM,EaseMyTrip,6E,6E-274,2026-09-23,T+15,5526,1213,6739,2026-09-08T21:20:25.758Z,FALSE,"",20:20,TRUE
fare_DEL-BOM_6E_2026-09-23_T+15_1788903777306_vsqu,DEL-BOM,EaseMyTrip,6E,6E-6470,2026-09-23,T+15,5526,1213,6739,2026-09-08T21:20:25.758Z,FALSE,"",06:55,TRUE
fare_DEL-BOM_6E_2026-09-23_T+15_1788903777306_gsi1,DEL-BOM,EaseMyTrip,6E,6E-2721,2026-09-23,T+15,5526,1213,6739,2026-09-08T21:20:25.758Z,FALSE,"",09:55,TRUE
fare_DEL-BOM_AI_2026-09-23_T+15_1788903777306_p83g,DEL-BOM,EaseMyTrip,AI,AI-2678,2026-09-23,T+15,5740,1260,7000,2026-09-08T21:20:25.758Z,FALSE,"",08:30,TRUE
fare_DEL-BOM_AI_2026-09-23_T+15_1788903777306_uo09,DEL-BOM,EaseMyTrip,AI,AI-2963,2026-09-23,T+15,5740,1260,7000,2026-09-08T21:20:25.758Z,FALSE,"",09:00,TRUE
fare_DEL-BOM_AI_2026-09-23_T+15_1788903777306_ihu0,DEL-BOM,EaseMyTrip,AI,AI-2425,2026-09-23,T+15,5740,1260,7000,2026-09-08T21:20:25.758Z,FALSE,"",10:30,TRUE
fare_DEL-BOM_AI_2026-09-23_T+15_1788903777306_pexr,DEL-BOM,EaseMyTrip,AI,AI-2941,2026-09-23,T+15,5740,1260,7000,2026-09-08T21:20:25.758Z,FALSE,"",16:30,TRUE
fare_DEL-BOM_AI_2026-09-23_T+15_1788903777306_3jnj,DEL-BOM,EaseMyTrip,AI,AI-2995,2026-09-23,T+15,5740,1260,7000,2026-09-08T21:20:25.758Z,FALSE,"",10:00,TRUE
fare_DEL-BOM_AI_2026-09-23_T+15_1788903777306_66k0,DEL-BOM,EaseMyTrip,AI,AI-2945,2026-09-23,T+15,5740,1260,7000,2026-09-08T21:20:25.758Z,FALSE,"",11:00,TRUE
fare_DEL-BOM_AI_2026-09-23_T+15_1788903777306_m4qd,DEL-BOM,EaseMyTrip,AI,AI-1785,2026-09-23,T+15,5740,1260,7000,2026-09-08T21:20:25.758Z,FALSE,"",12:00,TRUE
fare_DEL-BOM_AI_2026-09-23_T+15_1788903777306_xt1z,DEL-BOM,EaseMyTrip,AI,AI-2933,2026-09-23,T+15,5740,1260,7000,2026-09-08T21:20:25.758Z,FALSE,"",15:30,TRUE
fare_DEL-BOM_AI_2026-09-23_T+15_1788903777306_2qus,DEL-BOM,EaseMyTrip,AI,AI-1777,2026-09-23,T+15,5740,1260,7000,2026-09-08T21:20:25.758Z,FALSE,"",16:00,TRUE
fare_DEL-BOM_AI_2026-09-23_T+15_1788903777306_zqa1,DEL-BOM,EaseMyTrip,AI,AI-441,2026-09-23,T+15,5740,1260,7000,2026-09-08T21:20:25.758Z,FALSE,"",17:00,TRUE
fare_DEL-BOM_AI_2026-09-23_T+15_1788903777306_890z,DEL-BOM,EaseMyTrip,AI,AI-2927,2026-09-23,T+15,5740,1260,7000,2026-09-08T21:20:25.758Z,FALSE,"",09:30,TRUE
fare_DEL-BOM_AI_2026-09-23_T+15_1788903777306_7vc0,DEL-BOM,EaseMyTrip,AI,AI-1780,2026-09-23,T+15,5740,1260,7000,2026-09-08T21:20:25.758Z,FALSE,"",16:10,TRUE
fare_DEL-BOM_6E_2026-09-23_T+15_1788903777306_88am,DEL-BOM,EaseMyTrip,6E,6E-366,2026-09-23,T+15,5656,1242,6898,2026-09-08T21:20:25.758Z,FALSE,"",21:45,TRUE
fare_DEL-BOM_6E_2026-09-23_T+15_1788903777306_k6iw,DEL-BOM,EaseMyTrip,6E,6E-279,2026-09-23,T+15,5656,1242,6898,2026-09-08T21:20:25.758Z,FALSE,"",21:45,TRUE
fare_DEL-BOM_6E_2026-09-23_T+15_1788903777306_ren9,DEL-BOM,EaseMyTrip,6E,6E-198,2026-09-23,T+15,5656,1242,6898,2026-09-08T21:20:25.758Z,FALSE,"",19:00,TRUE
fare_DEL-BOM_6E_2026-09-23_T+15_1788903777306_0pb2,DEL-BOM,EaseMyTrip,6E,6E-624,2026-09-23,T+15,5656,1242,6898,2026-09-08T21:20:25.758Z,FALSE,"",19:00,TRUE
fare_DEL-BOM_6E_2026-09-23_T+15_1788903777306_egzs,DEL-BOM,EaseMyTrip,6E,6E-558,2026-09-23,T+15,5656,1242,6898,2026-09-08T21:20:25.758Z,FALSE,"",18:00,TRUE
fare_DEL-BOM_6E_2026-09-23_T+15_1788903777306_mlud,DEL-BOM,EaseMyTrip,6E,6E-626,2026-09-23,T+15,5656,1242,6898,2026-09-08T21:20:25.758Z,FALSE,"",08:00,TRUE
fare_DEL-BOM_6E_2026-09-23_T+15_1788903777306_gbhi,DEL-BOM,EaseMyTrip,6E,6E-733,2026-09-23,T+15,5656,1242,6898,2026-09-08T21:20:25.758Z,FALSE,"",08:00,TRUE
fare_DEL-BOM_6E_2026-09-23_T+15_1788903777306_1spc,DEL-BOM,EaseMyTrip,6E,6E-6814,2026-09-23,T+15,5656,1242,6898,2026-09-08T21:20:25.758Z,FALSE,"",07:15,TRUE
fare_DEL-BOM_6E_2026-09-23_T+15_1788903777306_twtg,DEL-BOM,EaseMyTrip,6E,6E-2381,2026-09-23,T+15,5660,1243,6903,2026-09-08T21:20:25.758Z,FALSE,"",13:45,FALSE
fare_DEL-BOM_AI_2026-09-23_T+15_1788903777306_8rax,DEL-BOM,EaseMyTrip,AI,AI-2975,2026-09-23,T+15,5870,1289,7159,2026-09-08T21:20:25.758Z,FALSE,"",06:30,TRUE
fare_DEL-BOM_6E_2026-09-23_T+15_1788903777306_26u1,DEL-BOM,EaseMyTrip,6E,6E-936,2026-09-23,T+15,5725,1257,6982,2026-09-08T21:20:25.758Z,FALSE,"",19:30,FALSE
fare_DEL-BOM_6E_2026-09-23_T+15_1788903777306_lzvv,DEL-BOM,EaseMyTrip,6E,6E-242,2026-09-23,T+15,5725,1257,6982,2026-09-08T21:20:25.758Z,FALSE,"",19:30,FALSE
fare_DEL-BOM_6E_2026-09-23_T+15_1788903777306_fdgx,DEL-BOM,EaseMyTrip,6E,6E-2571,2026-09-23,T+15,5863,1287,7150,2026-09-08T21:20:25.758Z,FALSE,"",12:30,FALSE
fare_DEL-BOM_6E_2026-09-23_T+15_1788903777306_izhq,DEL-BOM,EaseMyTrip,6E,6E-147,2026-09-23,T+15,5871,1289,7160,2026-09-08T21:20:25.758Z,FALSE,"",20:45,TRUE
fare_DEL-BOM_6E_2026-09-23_T+15_1788903777306_dshs,DEL-BOM,EaseMyTrip,6E,6E-961,2026-09-23,T+15,5871,1289,7160,2026-09-08T21:20:25.758Z,FALSE,"",20:45,TRUE
fare_DEL-BOM_6E_2026-09-23_T+15_1788903777306_7634,DEL-BOM,EaseMyTrip,6E,6E-307,2026-09-23,T+15,5871,1289,7160,2026-09-08T21:20:25.758Z,FALSE,"",20:00,TRUE
fare_DEL-BOM_6E_2026-09-23_T+15_1788903777306_csx1,DEL-BOM,EaseMyTrip,6E,6E-896,2026-09-23,T+15,5871,1289,7160,2026-09-08T21:20:25.758Z,FALSE,"",20:00,TRUE
fare_DEL-BOM_AI_2026-09-23_T+15_1788903777306_uw8h,DEL-BOM,EaseMyTrip,AI,AI-2981,2026-09-23,T+15,6043,1326,7369,2026-09-08T21:20:25.758Z,FALSE,"",21:00,TRUE
fare_DEL-BOM_AI_2026-09-23_T+15_1788903777306_qt1p,DEL-BOM,EaseMyTrip,AI,AI-2429,2026-09-23,T+15,6043,1326,7369,2026-09-08T21:20:25.758Z,FALSE,"",07:00,TRUE
fare_DEL-BOM_AI_2026-09-23_T+15_1788903777306_5c6o,DEL-BOM,EaseMyTrip,AI,AI-2943,2026-09-23,T+15,6043,1326,7369,2026-09-08T21:20:25.758Z,FALSE,"",07:30,TRUE
fare_DEL-BOM_AI_2026-09-23_T+15_1788903777306_ozv5,DEL-BOM,EaseMyTrip,AI,AI-2985,2026-09-23,T+15,6043,1326,7369,2026-09-08T21:20:25.758Z,FALSE,"",19:30,TRUE
fare_DEL-BOM_AI_2026-09-23_T+15_1788903777306_zwc4,DEL-BOM,EaseMyTrip,AI,AI-2433,2026-09-23,T+15,6043,1326,7369,2026-09-08T21:20:25.758Z,FALSE,"",21:30,TRUE
fare_DEL-BOM_AI_2026-09-23_T+15_1788903777306_65lo,DEL-BOM,EaseMyTrip,AI,AI-2957,2026-09-23,T+15,6043,1326,7369,2026-09-08T21:20:25.758Z,FALSE,"",20:30,TRUE
fare_DEL-BOM_6E_2026-09-23_T+15_1788903777306_45hy,DEL-BOM,EaseMyTrip,6E,6E-5138,2026-09-23,T+15,5914,1298,7212,2026-09-08T21:20:25.758Z,FALSE,"",19:10,FALSE
fare_DEL-BOM_6E_2026-09-23_T+15_1788903777306_51b5,DEL-BOM,EaseMyTrip,6E,6E-5038,2026-09-23,T+15,5978,1312,7290,2026-09-08T21:20:25.758Z,FALSE,"",14:00,FALSE
fare_DEL-BOM_AI_2026-09-23_T+15_1788903777306_sm57,DEL-BOM,EaseMyTrip,AI,AI-2805,2026-09-23,T+15,6243,1371,7614,2026-09-08T21:20:25.758Z,FALSE,"",20:00,TRUE
fare_DEL-BOM_AI_2026-09-23_T+15_1788903777306_u8om,DEL-BOM,EaseMyTrip,AI,AI-2951,2026-09-23,T+15,6257,1373,7630,2026-09-08T21:20:25.758Z,FALSE,"",13:30,TRUE
fare_DEL-BOM_6E_2026-09-23_T+15_1788903777306_kfz0,DEL-BOM,EaseMyTrip,6E,6E-7646,2026-09-23,T+15,6120,1343,7463,2026-09-08T21:20:25.758Z,FALSE,"",06:15,FALSE
fare_DEL-BOM_AI_2026-09-23_T+15_1788903777306_fws5,DEL-BOM,EaseMyTrip,AI,AI-2977,2026-09-23,T+15,6395,1404,7799,2026-09-08T21:20:25.758Z,FALSE,"",19:00,TRUE
fare_DEL-BOM_AI_2026-09-23_T+15_1788903777306_q0aq,DEL-BOM,EaseMyTrip,AI,AI-2955,2026-09-23,T+15,6395,1404,7799,2026-09-08T21:20:25.758Z,FALSE,"",18:00,TRUE
fare_DEL-BOM_6E_2026-09-23_T+15_1788903777306_1fdk,DEL-BOM,EaseMyTrip,6E,6E-6983,2026-09-23,T+15,6273,1377,7650,2026-09-08T21:20:25.758Z,FALSE,"",15:35,FALSE
fare_DEL-BOM_6E_2026-09-23_T+15_1788903777306_4k4v,DEL-BOM,EaseMyTrip,6E,6E-2037,2026-09-23,T+15,6786,1490,8276,2026-09-08T21:20:25.758Z,FALSE,"",11:10,FALSE
fare_DEL-BOM_AI_2026-09-23_T+15_1788903777306_vxfx,DEL-BOM,EaseMyTrip,AI,AI-1719,2026-09-23,T+15,7483,1643,9126,2026-09-08T21:20:25.758Z,FALSE,"",11:55,FALSE
fare_DEL-BOM_IX_2026-09-23_T+15_1788903777306_ga3o,DEL-BOM,EaseMyTrip,IX,IX-1059,2026-09-23,T+15,8142,1787,9929,2026-09-08T21:20:25.758Z,FALSE,"",12:15,FALSE
fare_DEL-BOM_IX_2026-09-23_T+15_1788903777306_mr61,DEL-BOM,EaseMyTrip,IX,IX-1003,2026-09-23,T+15,8142,1787,9929,2026-09-08T21:20:25.758Z,FALSE,"",19:10,FALSE
fare_DEL-BOM_IX_2026-09-23_T+15_1788903777306_fi7n,DEL-BOM,EaseMyTrip,IX,IX-1783,2026-09-23,T+15,8142,1787,9929,2026-09-08T21:20:25.758Z,FALSE,"",07:20,FALSE
fare_DEL-BOM_6E_2026-09-23_T+15_1788903777306_6sdd,DEL-BOM,EaseMyTrip,6E,6E-6497,2026-09-23,T+15,7630,1675,9305,2026-09-08T21:20:25.758Z,FALSE,"",18:40,FALSE
fare_DEL-BOM_AI_2026-09-23_T+15_1788903777306_752x,DEL-BOM,EaseMyTrip,AI,AI-2499,2026-09-23,T+15,8261,1813,10074,2026-09-08T21:20:25.758Z,FALSE,"",05:55,FALSE
fare_DEL-BOM_AI_2026-09-23_T+15_1788903777306_9fvt,DEL-BOM,EaseMyTrip,AI,AI-2569,2026-09-23,T+15,8261,1813,10074,2026-09-08T21:20:25.758Z,FALSE,"",20:25,FALSE
fare_DEL-BOM_AI_2026-09-23_T+15_1788903777306_1ill,DEL-BOM,EaseMyTrip,AI,AI-1717,2026-09-23,T+15,8261,1813,10074,2026-09-08T21:20:25.758Z,FALSE,"",14:20,FALSE
fare_DEL-BOM_AI_2026-09-23_T+15_1788903777306_7tkn,DEL-BOM,EaseMyTrip,AI,AI-2761,2026-09-23,T+15,8303,1823,10126,2026-09-08T21:20:25.758Z,FALSE,"",16:25,FALSE
fare_DEL-BOM_6E_2026-09-23_T+15_1788903777306_8ss3,DEL-BOM,EaseMyTrip,6E,6E-7642,2026-09-23,T+15,8321,1826,10147,2026-09-08T21:20:25.758Z,FALSE,"",15:45,FALSE
fare_DEL-BOM_IX_2026-09-23_T+15_1788903777306_jd0l,DEL-BOM,EaseMyTrip,IX,IX-1049,2026-09-23,T+15,8963,1967,10930,2026-09-08T21:20:25.758Z,FALSE,"",18:40,FALSE
fare_DEL-BOM_AI_2026-09-23_T+15_1788903777306_n3rj,DEL-BOM,EaseMyTrip,AI,AI-1710,2026-09-23,T+15,8605,1889,10494,2026-09-08T21:20:25.758Z,FALSE,"",18:35,FALSE
fare_DEL-BOM_AI_2026-09-23_T+15_1788903777306_6tpo,DEL-BOM,EaseMyTrip,AI,AI-1705,2026-09-23,T+15,8895,1952,10847,2026-09-08T21:20:25.758Z,FALSE,"",06:30,FALSE
fare_DEL-BOM_AI_2026-09-23_T+15_1788903777306_at5x,DEL-BOM,EaseMyTrip,AI,AI-9757,2026-09-23,T+15,9551,2097,11648,2026-09-08T21:20:25.758Z,FALSE,"",11:50,FALSE
fare_DEL-BOM_AI_2026-09-23_T+15_1788903777306_tqr8,DEL-BOM,EaseMyTrip,AI,AI-9674,2026-09-23,T+15,10116,2220,12336,2026-09-08T21:20:25.758Z,FALSE,"",16:35,FALSE
fare_DEL-BOM_AI_2026-09-23_T+15_1788903777306_47pz,DEL-BOM,EaseMyTrip,AI,AI-9418,2026-09-23,T+15,10116,2220,12336,2026-09-08T21:20:25.758Z,FALSE,"",13:10,FALSE
fare_DEL-BOM_IX_2026-09-23_T+15_1788903777306_7gjh,DEL-BOM,EaseMyTrip,IX,IX-1817,2026-09-23,T+15,10938,2401,13339,2026-09-08T21:20:25.758Z,FALSE,"",19:30,FALSE
fare_DEL-BOM_AI_2026-09-23_T+15_1788903777306_6std,DEL-BOM,EaseMyTrip,AI,AI-809,2026-09-23,T+15,11273,2475,13748,2026-09-08T21:20:25.758Z,FALSE,"",17:40,FALSE
fare_DEL-BOM_6E_2026-09-23_T+15_1788903777306_kf1z,DEL-BOM,EaseMyTrip,6E,6E-5014,2026-09-23,T+15,11135,2444,13579,2026-09-08T21:20:25.758Z,FALSE,"",18:30,FALSE
fare_DEL-BOM_AI_2026-09-23_T+15_1788903777306_g471,DEL-BOM,EaseMyTrip,AI,AI-817,2026-09-23,T+15,11463,2516,13979,2026-09-08T21:20:25.758Z,FALSE,"",05:55,FALSE
fare_DEL-BOM_AI_2026-09-23_T+15_1788903777306_y3tb,DEL-BOM,EaseMyTrip,AI,AI-2509,2026-09-23,T+15,11776,2585,14361,2026-09-08T21:20:25.758Z,FALSE,"",06:55,FALSE
fare_DEL-BOM_IX_2026-09-23_T+15_1788903777306_ltmz,DEL-BOM,EaseMyTrip,IX,IX-1210,2026-09-23,T+15,12111,2658,14769,2026-09-08T21:20:25.758Z,FALSE,"",22:25,FALSE
fare_DEL-BOM_AI_2026-09-23_T+15_1788903777306_x21e,DEL-BOM,EaseMyTrip,AI,AI-9584,2026-09-23,T+15,12348,2711,15059,2026-09-08T21:20:25.758Z,FALSE,"",11:15,FALSE
fare_DEL-BOM_AI_2026-09-23_T+15_1788903777306_pp18,DEL-BOM,EaseMyTrip,AI,AI-2907,2026-09-23,T+15,12505,2745,15250,2026-09-08T21:20:25.758Z,FALSE,"",12:00,FALSE
fare_DEL-BOM_AI_2026-09-23_T+15_1788903777306_eeq1,DEL-BOM,EaseMyTrip,AI,AI-1757,2026-09-23,T+15,12505,2745,15250,2026-09-08T21:20:25.758Z,FALSE,"",15:40,FALSE
fare_DEL-BOM_IX_2026-09-23_T+15_1788903777306_wbsb,DEL-BOM,EaseMyTrip,IX,IX-1108,2026-09-23,T+15,12833,2817,15650,2026-09-08T21:20:25.758Z,TRUE,"High outlier: ₹15650 > upper fence ₹15390 (Q3: ₹10074, IQR: ₹3544)",05:00,FALSE
fare_DEL-BOM_AI_2026-09-23_T+15_1788903777306_x899,DEL-BOM,EaseMyTrip,AI,AI-2537,2026-09-23,T+15,12630,2772,15402,2026-09-08T21:20:25.758Z,TRUE,"High outlier: ₹15402 > upper fence ₹15390 (Q3: ₹10074, IQR: ₹3544)",17:30,FALSE
fare_DEL-BOM_AI_2026-09-23_T+15_1788903777306_vla9,DEL-BOM,EaseMyTrip,AI,AI-885,2026-09-23,T+15,12761,2801,15562,2026-09-08T21:20:25.758Z,TRUE,"High outlier: ₹15562 > upper fence ₹15390 (Q3: ₹10074, IQR: ₹3544)",07:25,FALSE
fare_DEL-BOM_AI_2026-09-23_T+15_1788903777306_2mik,DEL-BOM,EaseMyTrip,AI,AI-1743,2026-09-23,T+15,13065,2868,15933,2026-09-08T21:20:25.758Z,TRUE,"High outlier: ₹15933 > upper fence ₹15390 (Q3: ₹10074, IQR: ₹3544)",06:20,FALSE
fare_DEL-BOM_AI_2026-09-23_T+15_1788903777306_op65,DEL-BOM,EaseMyTrip,AI,AI-2601,2026-09-23,T+15,13065,2868,15933,2026-09-08T21:20:25.758Z,TRUE,"High outlier: ₹15933 > upper fence ₹15390 (Q3: ₹10074, IQR: ₹3544)",17:00,FALSE
fare_DEL-BOM_AI_2026-09-23_T+15_1788903777306_1wk4,DEL-BOM,EaseMyTrip,AI,AI-2515,2026-09-23,T+15,14147,3105,17252,2026-09-08T21:20:25.758Z,TRUE,"High outlier: ₹17252 > upper fence ₹15390 (Q3: ₹10074, IQR: ₹3544)",12:10,FALSE
fare_DEL-BOM_AI_2026-09-23_T+15_1788903777306_qyds,DEL-BOM,EaseMyTrip,AI,AI-1773,2026-09-23,T+15,14497,3182,17679,2026-09-08T21:20:25.758Z,TRUE,"High outlier: ₹17679 > upper fence ₹15390 (Q3: ₹10074, IQR: ₹3544)",10:30,FALSE
fare_DEL-BOM_SG_2026-09-23_T+15_1788903777306_2vi8,DEL-BOM,EaseMyTrip,SG,SG-499,2026-09-23,T+15,14799,3248,18047,2026-09-08T21:20:25.758Z,TRUE,"High outlier: ₹18047 > upper fence ₹15390 (Q3: ₹10074, IQR: ₹3544)",19:55,TRUE
fare_DEL-BOM_SG_2026-09-23_T+15_1788903777306_tkzp,DEL-BOM,EaseMyTrip,SG,SG-881,2026-09-23,T+15,14799,3248,18047,2026-09-08T21:20:25.758Z,TRUE,"High outlier: ₹18047 > upper fence ₹15390 (Q3: ₹10074, IQR: ₹3544)",19:55,TRUE
fare_DEL-BOM_SG_2026-09-23_T+15_1788903777306_qi4w,DEL-BOM,EaseMyTrip,SG,SG-2802,2026-09-23,T+15,15869,3484,19353,2026-09-08T21:20:25.758Z,TRUE,"High outlier: ₹19353 > upper fence ₹15390 (Q3: ₹10074, IQR: ₹3544)",22:45,TRUE
fare_DEL-BOM_AI_2026-09-23_T+15_1788903777306_wokr,DEL-BOM,EaseMyTrip,AI,AI-2577,2026-09-23,T+15,16071,3528,19599,2026-09-08T21:20:25.758Z,TRUE,"High outlier: ₹19599 > upper fence ₹15390 (Q3: ₹10074, IQR: ₹3544)",02:00,FALSE
fare_DEL-BOM_AI_2026-09-23_T+15_1788903777306_4a7q,DEL-BOM,EaseMyTrip,AI,AI-2859,2026-09-23,T+15,16071,3528,19599,2026-09-08T21:20:25.758Z,TRUE,"High outlier: ₹19599 > upper fence ₹15390 (Q3: ₹10074, IQR: ₹3544)",10:30,FALSE
fare_DEL-BOM_AI_2026-09-23_T+15_1788903777306_rbda,DEL-BOM,EaseMyTrip,AI,AI-2465,2026-09-23,T+15,16422,3605,20027,2026-09-08T21:20:25.758Z,TRUE,"High outlier: ₹20027 > upper fence ₹15390 (Q3: ₹10074, IQR: ₹3544)",14:30,FALSE
fare_DEL-BOM_AI_2026-09-23_T+15_1788903777306_c0jb,DEL-BOM,EaseMyTrip,AI,AI-427,2026-09-23,T+15,16494,3621,20115,2026-09-08T21:20:25.758Z,TRUE,"High outlier: ₹20115 > upper fence ₹15390 (Q3: ₹10074, IQR: ₹3544)",08:30,FALSE
fare_DEL-BOM_AI_2026-09-23_T+15_1788903777306_0rno,DEL-BOM,EaseMyTrip,AI,AI-1779,2026-09-23,T+15,16661,3657,20318,2026-09-08T21:20:25.758Z,TRUE,"High outlier: ₹20318 > upper fence ₹15390 (Q3: ₹10074, IQR: ₹3544)",13:50,FALSE
fare_DEL-BOM_IX_2026-09-23_T+15_1788903777306_2oan,DEL-BOM,EaseMyTrip,IX,IX-1068,2026-09-23,T+15,18090,3971,22061,2026-09-08T21:20:25.758Z,TRUE,"High outlier: ₹22061 > upper fence ₹15390 (Q3: ₹10074, IQR: ₹3544)",11:55,FALSE
fare_DEL-BOM_AI_2026-09-23_T+15_1788903777306_8deu,DEL-BOM,EaseMyTrip,AI,AI-2525,2026-09-23,T+15,18475,4056,22531,2026-09-08T21:20:25.758Z,TRUE,"High outlier: ₹22531 > upper fence ₹15390 (Q3: ₹10074, IQR: ₹3544)",06:00,FALSE
fare_DEL-BOM_AI_2026-09-23_T+15_1788903777306_oj3h,DEL-BOM,EaseMyTrip,AI,AI-2483,2026-09-23,T+15,18475,4056,22531,2026-09-08T21:20:25.758Z,TRUE,"High outlier: ₹22531 > upper fence ₹15390 (Q3: ₹10074, IQR: ₹3544)",12:20,FALSE
fare_DEL-BOM_AI_2026-09-23_T+15_1788903777306_2uc3,DEL-BOM,EaseMyTrip,AI,AI-1739,2026-09-23,T+15,21636,4749,26385,2026-09-08T21:20:25.758Z,TRUE,"High outlier: ₹26385 > upper fence ₹15390 (Q3: ₹10074, IQR: ₹3544)",11:30,FALSE
fare_DEL-BOM_6E_2026-09-23_T+15_1788903777306_got0,DEL-BOM,EaseMyTrip,6E,6E-2496,2026-09-23,T+15,21787,4783,26570,2026-09-08T21:20:25.758Z,TRUE,"High outlier: ₹26570 > upper fence ₹15390 (Q3: ₹10074, IQR: ₹3544)",12:40,FALSE
fare_DEL-BOM_6E_2026-09-23_T+15_1788903777306_u0xr,DEL-BOM,EaseMyTrip,6E,6E-324,2026-09-23,T+15,22160,4864,27024,2026-09-08T21:20:25.758Z,TRUE,"High outlier: ₹27024 > upper fence ₹15390 (Q3: ₹10074, IQR: ₹3544)",12:15,FALSE
fare_DEL-BOM_6E_2026-09-23_T+15_1788903777306_9y8z,DEL-BOM,EaseMyTrip,6E,6E-986,2026-09-23,T+15,22160,4864,27024,2026-09-08T21:20:25.758Z,TRUE,"High outlier: ₹27024 > upper fence ₹15390 (Q3: ₹10074, IQR: ₹3544)",12:15,FALSE
fare_DEL-BOM_AI_2026-09-23_T+15_1788903777306_q8kv,DEL-BOM,EaseMyTrip,AI,AI-2627,2026-09-23,T+15,23105,5072,28177,2026-09-08T21:20:25.758Z,TRUE,"High outlier: ₹28177 > upper fence ₹15390 (Q3: ₹10074, IQR: ₹3544)",10:45,FALSE
fare_DEL-BOM_IX_2026-09-09_T+1_1788903777306_alhm,DEL-BOM,EaseMyTrip,IX,IX-1392,2026-09-09,T+1,5354,1175,6529,2026-09-08T21:20:12.192Z,FALSE,"",23:25,FALSE
fare_DEL-BOM_6E_2026-09-09_T+1_1788903777306_w9qm,DEL-BOM,EaseMyTrip,6E,6E-5298,2026-09-09,T+1,5166,1134,6300,2026-09-08T21:20:12.192Z,FALSE,"",09:00,FALSE
fare_DEL-BOM_6E_2026-09-09_T+1_1788903777306_c7tu,DEL-BOM,EaseMyTrip,6E,6E-5096,2026-09-09,T+1,5282,1160,6442,2026-09-08T21:20:12.192Z,FALSE,"",17:00,TRUE
fare_DEL-BOM_QP_2026-09-09_T+1_1788903777306_0c4c,DEL-BOM,EaseMyTrip,QP,QP-1836,2026-09-09,T+1,5355,1175,6530,2026-09-08T21:20:12.192Z,FALSE,"",12:30,TRUE
fare_DEL-BOM_6E_2026-09-09_T+1_1788903777306_ixi0,DEL-BOM,EaseMyTrip,6E,6E-6318,2026-09-09,T+1,5355,1175,6530,2026-09-08T21:20:12.192Z,FALSE,"",14:45,TRUE
fare_DEL-BOM_6E_2026-09-09_T+1_1788903777306_4gd5,DEL-BOM,EaseMyTrip,6E,6E-6022,2026-09-09,T+1,5355,1175,6530,2026-09-08T21:20:12.192Z,FALSE,"",14:00,TRUE
fare_DEL-BOM_6E_2026-09-09_T+1_1788903777306_x8zr,DEL-BOM,EaseMyTrip,6E,6E-6190,2026-09-09,T+1,5366,1178,6544,2026-09-08T21:20:12.192Z,FALSE,"",07:40,FALSE
fare_DEL-BOM_6E_2026-09-09_T+1_1788903777306_o4t8,DEL-BOM,EaseMyTrip,6E,6E-2298,2026-09-09,T+1,5381,1181,6562,2026-09-08T21:20:12.192Z,FALSE,"",09:45,FALSE
fare_DEL-BOM_QP_2026-09-09_T+1_1788903777306_0lgq,DEL-BOM,EaseMyTrip,QP,QP-1940,2026-09-09,T+1,5427,1191,6618,2026-09-08T21:20:12.192Z,FALSE,"",14:05,TRUE
fare_DEL-BOM_6E_2026-09-09_T+1_1788903777306_ubpl,DEL-BOM,EaseMyTrip,6E,6E-5198,2026-09-09,T+1,5427,1191,6618,2026-09-08T21:20:12.192Z,FALSE,"",15:00,TRUE
fare_DEL-BOM_6E_2026-09-09_T+1_1788903777306_0iax,DEL-BOM,EaseMyTrip,6E,6E-171,2026-09-09,T+1,5484,1204,6688,2026-09-08T21:20:12.192Z,FALSE,"",15:30,TRUE
fare_DEL-BOM_6E_2026-09-09_T+1_1788903777306_zgva,DEL-BOM,EaseMyTrip,6E,6E-590,2026-09-09,T+1,5484,1204,6688,2026-09-08T21:20:12.192Z,FALSE,"",15:30,TRUE
fare_DEL-BOM_6E_2026-09-09_T+1_1788903777306_sxqv,DEL-BOM,EaseMyTrip,6E,6E-6829,2026-09-09,T+1,5488,1205,6693,2026-09-08T21:20:12.192Z,FALSE,"",17:20,FALSE
fare_DEL-BOM_AI_2026-09-09_T+1_1788903777306_1pxu,DEL-BOM,EaseMyTrip,AI,AI-2933,2026-09-09,T+1,5870,1289,7159,2026-09-08T21:20:12.192Z,FALSE,"",15:30,TRUE
fare_DEL-BOM_AI_2026-09-09_T+1_1788903777306_arv2,DEL-BOM,EaseMyTrip,AI,AI-1777,2026-09-09,T+1,5870,1289,7159,2026-09-08T21:20:12.192Z,FALSE,"",16:00,TRUE
fare_DEL-BOM_AI_2026-09-09_T+1_1788903777306_db2h,DEL-BOM,EaseMyTrip,AI,AI-1780,2026-09-09,T+1,5870,1289,7159,2026-09-08T21:20:12.192Z,FALSE,"",16:10,TRUE
fare_DEL-BOM_6E_2026-09-09_T+1_1788903777306_sr9e,DEL-BOM,EaseMyTrip,6E,6E-786,2026-09-09,T+1,5871,1289,7160,2026-09-08T21:20:12.192Z,FALSE,"",23:30,TRUE
fare_DEL-BOM_6E_2026-09-09_T+1_1788903777306_9lfd,DEL-BOM,EaseMyTrip,6E,6E-122,2026-09-09,T+1,5871,1289,7160,2026-09-08T21:20:12.192Z,FALSE,"",23:30,TRUE
fare_DEL-BOM_AI_2026-09-09_T+1_1788903777306_81lt,DEL-BOM,EaseMyTrip,AI,AI-1785,2026-09-09,T+1,6043,1326,7369,2026-09-08T21:20:12.192Z,FALSE,"",12:00,TRUE
fare_DEL-BOM_6E_2026-09-09_T+1_1788903777306_gwit,DEL-BOM,EaseMyTrip,6E,6E-6433,2026-09-09,T+1,5914,1298,7212,2026-09-08T21:20:12.192Z,FALSE,"",16:30,FALSE
fare_DEL-BOM_6E_2026-09-09_T+1_1788903777306_jejs,DEL-BOM,EaseMyTrip,6E,6E-6114,2026-09-09,T+1,6130,1345,7475,2026-09-08T21:20:12.192Z,FALSE,"",22:45,TRUE
fare_DEL-BOM_6E_2026-09-09_T+1_1788903777306_8mtd,DEL-BOM,EaseMyTrip,6E,6E-290,2026-09-09,T+1,6130,1345,7475,2026-09-08T21:20:12.192Z,FALSE,"",13:00,TRUE
fare_DEL-BOM_6E_2026-09-09_T+1_1788903777306_s1rg,DEL-BOM,EaseMyTrip,6E,6E-722,2026-09-09,T+1,6130,1345,7475,2026-09-08T21:20:12.192Z,FALSE,"",13:00,TRUE
fare_DEL-BOM_IX_2026-09-09_T+1_1788903777306_x3sr,DEL-BOM,EaseMyTrip,IX,IX-1235,2026-09-09,T+1,6528,1433,7961,2026-09-08T21:20:12.192Z,FALSE,"",23:25,TRUE
fare_DEL-BOM_QP_2026-09-09_T+1_1788903777306_kqxd,DEL-BOM,EaseMyTrip,QP,QP-1128,2026-09-09,T+1,6263,1375,7638,2026-09-08T21:20:12.192Z,FALSE,"",16:00,TRUE
fare_DEL-BOM_AI_2026-09-09_T+1_1788903777306_ffe2,DEL-BOM,EaseMyTrip,AI,AI-2439,2026-09-09,T+1,6515,1430,7945,2026-09-08T21:20:12.192Z,FALSE,"",23:00,TRUE
fare_DEL-BOM_6E_2026-09-09_T+1_1788903777306_yvkg,DEL-BOM,EaseMyTrip,6E,6E-2169,2026-09-09,T+1,6380,1401,7781,2026-09-08T21:20:12.192Z,FALSE,"",19:40,FALSE
fare_DEL-BOM_6E_2026-09-09_T+1_1788903777306_fhc2,DEL-BOM,EaseMyTrip,6E,6E-327,2026-09-09,T+1,6388,1402,7790,2026-09-08T21:20:12.192Z,FALSE,"",16:15,TRUE
fare_DEL-BOM_6E_2026-09-09_T+1_1788903777306_qsd5,DEL-BOM,EaseMyTrip,6E,6E-680,2026-09-09,T+1,6388,1402,7790,2026-09-08T21:20:12.192Z,FALSE,"",16:15,TRUE
fare_DEL-BOM_6E_2026-09-09_T+1_1788903777306_w7jn,DEL-BOM,EaseMyTrip,6E,6E-625,2026-09-09,T+1,6617,1453,8070,2026-09-08T21:20:12.192Z,FALSE,"",19:30,FALSE
fare_DEL-BOM_6E_2026-09-09_T+1_1788903777306_d8z1,DEL-BOM,EaseMyTrip,6E,6E-250,2026-09-09,T+1,6617,1453,8070,2026-09-08T21:20:12.192Z,FALSE,"",19:30,FALSE
fare_DEL-BOM_6E_2026-09-09_T+1_1788903777306_gv3p,DEL-BOM,EaseMyTrip,6E,6E-5033,2026-09-09,T+1,6786,1490,8276,2026-09-08T21:20:12.192Z,FALSE,"",15:50,FALSE
fare_DEL-BOM_6E_2026-09-09_T+1_1788903777306_50wo,DEL-BOM,EaseMyTrip,6E,6E-6490,2026-09-09,T+1,6812,1495,8307,2026-09-08T21:20:12.192Z,FALSE,"",04:55,FALSE
fare_DEL-BOM_AI_2026-09-09_T+1_1788903777306_j31r,DEL-BOM,EaseMyTrip,AI,AI-2941,2026-09-09,T+1,7076,1553,8629,2026-09-08T21:20:12.192Z,FALSE,"",16:30,TRUE
fare_DEL-BOM_IX_2026-09-09_T+1_1788903777306_e55j,DEL-BOM,EaseMyTrip,IX,IX-1108,2026-09-09,T+1,7486,1643,9129,2026-09-08T21:20:12.192Z,FALSE,"",05:00,FALSE
fare_DEL-BOM_SG_2026-09-09_T+1_1788903777306_ydxa,DEL-BOM,EaseMyTrip,SG,SG-171,2026-09-09,T+1,7256,1593,8849,2026-09-08T21:20:12.192Z,FALSE,"",22:30,TRUE
fare_DEL-BOM_SG_2026-09-09_T+1_1788903777306_yq5b,DEL-BOM,EaseMyTrip,SG,SG-176,2026-09-09,T+1,7256,1593,8849,2026-09-08T21:20:12.192Z,FALSE,"",22:30,TRUE
fare_DEL-BOM_IX_2026-09-09_T+1_1788903777306_m6de,DEL-BOM,EaseMyTrip,IX,IX-1038,2026-09-09,T+1,7752,1702,9454,2026-09-08T21:20:12.192Z,FALSE,"",17:35,TRUE
fare_DEL-BOM_QP_2026-09-09_T+1_1788903777306_em9z,DEL-BOM,EaseMyTrip,QP,QP-1110,2026-09-09,T+1,7388,1622,9010,2026-09-08T21:20:12.192Z,FALSE,"",10:30,TRUE
fare_DEL-BOM_6E_2026-09-09_T+1_1788903777306_ged7,DEL-BOM,EaseMyTrip,6E,6E-6706,2026-09-09,T+1,7464,1639,9103,2026-09-08T21:20:12.192Z,FALSE,"",17:00,TRUE
fare_DEL-BOM_6E_2026-09-09_T+1_1788903777306_ears,DEL-BOM,EaseMyTrip,6E,6E-5038,2026-09-09,T+1,7523,1651,9174,2026-09-08T21:20:12.192Z,FALSE,"",14:00,FALSE
fare_DEL-BOM_6E_2026-09-09_T+1_1788903777306_fttv,DEL-BOM,EaseMyTrip,6E,6E-6497,2026-09-09,T+1,7630,1675,9305,2026-09-08T21:20:12.192Z,FALSE,"",18:40,FALSE
fare_DEL-BOM_6E_2026-09-09_T+1_1788903777306_11ur,DEL-BOM,EaseMyTrip,6E,6E-7646,2026-09-09,T+1,7965,1749,9714,2026-09-08T21:20:12.192Z,FALSE,"",06:15,FALSE
fare_DEL-BOM_6E_2026-09-09_T+1_1788903777306_udgc,DEL-BOM,EaseMyTrip,6E,6E-6328,2026-09-09,T+1,7981,1752,9733,2026-09-08T21:20:12.192Z,FALSE,"",10:15,TRUE
fare_DEL-BOM_AI_2026-09-09_T+1_1788903777306_wekx,DEL-BOM,EaseMyTrip,AI,AI-441,2026-09-09,T+1,8190,1798,9988,2026-09-08T21:20:12.192Z,FALSE,"",17:00,TRUE
fare_DEL-BOM_6E_2026-09-09_T+1_1788903777306_ce9i,DEL-BOM,EaseMyTrip,6E,6E-5138,2026-09-09,T+1,8079,1773,9852,2026-09-08T21:20:12.192Z,FALSE,"",19:10,FALSE
fare_DEL-BOM_6E_2026-09-09_T+1_1788903777306_7vy7,DEL-BOM,EaseMyTrip,6E,6E-2345,2026-09-09,T+1,8079,1773,9852,2026-09-08T21:20:12.192Z,FALSE,"",05:55,FALSE
fare_DEL-BOM_6E_2026-09-09_T+1_1788903777306_w3uk,DEL-BOM,EaseMyTrip,6E,6E-6282,2026-09-09,T+1,8251,1811,10062,2026-09-08T21:20:12.192Z,FALSE,"",13:30,FALSE
fare_DEL-BOM_6E_2026-09-09_T+1_1788903777306_yc19,DEL-BOM,EaseMyTrip,6E,6E-7642,2026-09-09,T+1,8321,1826,10147,2026-09-08T21:20:12.192Z,FALSE,"",15:45,FALSE
fare_DEL-BOM_AI_2026-09-09_T+1_1788903777306_n37n,DEL-BOM,EaseMyTrip,AI,AI-1710,2026-09-09,T+1,8605,1889,10494,2026-09-08T21:20:12.192Z,FALSE,"",18:35,FALSE
fare_DEL-BOM_6E_2026-09-09_T+1_1788903777306_br5g,DEL-BOM,EaseMyTrip,6E,6E-643,2026-09-09,T+1,8584,1884,10468,2026-09-08T21:20:12.192Z,FALSE,"",18:00,TRUE
fare_DEL-BOM_6E_2026-09-09_T+1_1788903777306_b6u4,DEL-BOM,EaseMyTrip,6E,6E-642,2026-09-09,T+1,8584,1884,10468,2026-09-08T21:20:12.192Z,FALSE,"",18:00,TRUE
fare_DEL-BOM_AI_2026-09-09_T+1_1788903777306_fi4s,DEL-BOM,EaseMyTrip,AI,AI-2761,2026-09-09,T+1,9000,1976,10976,2026-09-08T21:20:12.192Z,FALSE,"",16:25,FALSE
fare_DEL-BOM_6E_2026-09-09_T+1_1788903777306_1lkt,DEL-BOM,EaseMyTrip,6E,6E-107,2026-09-09,T+1,8999,1975,10974,2026-09-08T21:20:12.192Z,FALSE,"",12:15,FALSE
fare_DEL-BOM_6E_2026-09-09_T+1_1788903777306_9k2o,DEL-BOM,EaseMyTrip,6E,6E-546,2026-09-09,T+1,8999,1975,10974,2026-09-08T21:20:12.192Z,FALSE,"",12:15,FALSE
fare_DEL-BOM_6E_2026-09-09_T+1_1788903777306_gurc,DEL-BOM,EaseMyTrip,6E,6E-720,2026-09-09,T+1,9273,2035,11308,2026-09-08T21:20:12.192Z,FALSE,"",21:45,TRUE
fare_DEL-BOM_6E_2026-09-09_T+1_1788903777306_uuko,DEL-BOM,EaseMyTrip,6E,6E-218,2026-09-09,T+1,9273,2035,11308,2026-09-08T21:20:12.192Z,FALSE,"",21:45,TRUE
fare_DEL-BOM_6E_2026-09-09_T+1_1788903777306_jc2k,DEL-BOM,EaseMyTrip,6E,6E-2151,2026-09-09,T+1,9665,2122,11787,2026-09-08T21:20:12.192Z,FALSE,"",19:45,FALSE
fare_DEL-BOM_QP_2026-09-09_T+1_1788903777306_y5ni,DEL-BOM,EaseMyTrip,QP,QP-2074,2026-09-09,T+1,9685,2126,11811,2026-09-08T21:20:12.192Z,FALSE,"",09:20,TRUE
fare_DEL-BOM_QP_2026-09-09_T+1_1788903777306_6sma,DEL-BOM,EaseMyTrip,QP,QP-1820,2026-09-09,T+1,9770,2145,11915,2026-09-08T21:20:12.192Z,FALSE,"",17:30,TRUE
fare_DEL-BOM_AI_2026-09-09_T+1_1788903777306_k4wu,DEL-BOM,EaseMyTrip,AI,AI-1705,2026-09-09,T+1,10038,2203,12241,2026-09-08T21:20:12.192Z,FALSE,"",06:30,FALSE
fare_DEL-BOM_6E_2026-09-09_T+1_1788903777306_dczj,DEL-BOM,EaseMyTrip,6E,6E-2013,2026-09-09,T+1,10228,2245,12473,2026-09-08T21:20:12.192Z,FALSE,"",21:50,FALSE
fare_DEL-BOM_AI_2026-09-09_T+1_1788903777306_hdt3,DEL-BOM,EaseMyTrip,AI,AI-9674,2026-09-09,T+1,10452,2294,12746,2026-09-08T21:20:12.192Z,FALSE,"",16:40,FALSE
fare_DEL-BOM_AI_2026-09-09_T+1_1788903777306_hcpv,DEL-BOM,EaseMyTrip,AI,AI-1719,2026-09-09,T+1,10492,2303,12795,2026-09-08T21:20:12.192Z,FALSE,"",11:55,FALSE
fare_DEL-BOM_6E_2026-09-09_T+1_1788903777306_b5qi,DEL-BOM,EaseMyTrip,6E,6E-6443,2026-09-09,T+1,10336,2269,12605,2026-09-08T21:20:12.192Z,FALSE,"",09:00,FALSE
fare_DEL-BOM_AI_2026-09-09_T+1_1788903777306_nm9m,DEL-BOM,EaseMyTrip,AI,AI-2951,2026-09-09,T+1,10912,2395,13307,2026-09-08T21:20:12.192Z,FALSE,"",13:30,TRUE
fare_DEL-BOM_AI_2026-09-09_T+1_1788903777306_wypv,DEL-BOM,EaseMyTrip,AI,AI-2433,2026-09-09,T+1,10912,2395,13307,2026-09-08T21:20:12.192Z,FALSE,"",21:30,TRUE
fare_DEL-BOM_6E_2026-09-09_T+1_1788903777306_he0r,DEL-BOM,EaseMyTrip,6E,6E-706,2026-09-09,T+1,10751,2360,13111,2026-09-08T21:20:12.192Z,FALSE,"",23:15,FALSE
fare_DEL-BOM_6E_2026-09-09_T+1_1788903777306_obgz,DEL-BOM,EaseMyTrip,6E,6E-942,2026-09-09,T+1,10751,2360,13111,2026-09-08T21:20:12.192Z,FALSE,"",23:15,FALSE
fare_DEL-BOM_6E_2026-09-09_T+1_1788903777306_sna6,DEL-BOM,EaseMyTrip,6E,6E-6488,2026-09-09,T+1,10943,2402,13345,2026-09-08T21:20:12.192Z,FALSE,"",11:20,FALSE
fare_DEL-BOM_AI_2026-09-09_T+1_1788903777306_g9pd,DEL-BOM,EaseMyTrip,AI,AI-2909,2026-09-09,T+1,11186,2455,13641,2026-09-08T21:20:12.192Z,FALSE,"",22:30,FALSE
fare_DEL-BOM_6E_2026-09-09_T+1_1788903777306_zmec,DEL-BOM,EaseMyTrip,6E,6E-2571,2026-09-09,T+1,11097,2436,13533,2026-09-08T21:20:12.192Z,FALSE,"",12:30,FALSE
fare_DEL-BOM_6E_2026-09-09_T+1_1788903777306_lju6,DEL-BOM,EaseMyTrip,6E,6E-827,2026-09-09,T+1,11167,2451,13618,2026-09-08T21:20:12.192Z,FALSE,"",20:45,TRUE
fare_DEL-BOM_6E_2026-09-09_T+1_1788903777306_hblf,DEL-BOM,EaseMyTrip,6E,6E-300,2026-09-09,T+1,11167,2451,13618,2026-09-08T21:20:12.192Z,FALSE,"",20:45,TRUE
fare_DEL-BOM_6E_2026-09-09_T+1_1788903777306_jh0n,DEL-BOM,EaseMyTrip,6E,6E-6212,2026-09-09,T+1,11414,2506,13920,2026-09-08T21:20:12.192Z,FALSE,"",14:45,FALSE
fare_DEL-BOM_AI_2026-09-09_T+1_1788903777306_mxca,DEL-BOM,EaseMyTrip,AI,AI-1717,2026-09-09,T+1,11660,2559,14219,2026-09-08T21:20:12.192Z,FALSE,"",14:20,FALSE
fare_DEL-BOM_6E_2026-09-09_T+1_1788903777306_csuy,DEL-BOM,EaseMyTrip,6E,6E-6050,2026-09-09,T+1,11505,2526,14031,2026-09-08T21:20:12.192Z,FALSE,"",08:15,FALSE
fare_DEL-BOM_AI_2026-09-09_T+1_1788903777306_parg,DEL-BOM,EaseMyTrip,AI,AI-2545,2026-09-09,T+1,12336,2708,15044,2026-09-08T21:20:12.192Z,FALSE,"",20:30,FALSE
fare_DEL-BOM_AI_2026-09-09_T+1_1788903777306_t6if,DEL-BOM,EaseMyTrip,AI,AI-531,2026-09-09,T+1,12336,2708,15044,2026-09-08T21:20:12.192Z,FALSE,"",19:20,FALSE
fare_DEL-BOM_AI_2026-09-09_T+1_1788903777306_zx2c,DEL-BOM,EaseMyTrip,AI,AI-2907,2026-09-09,T+1,12505,2745,15250,2026-09-08T21:20:12.192Z,FALSE,"",12:00,FALSE
fare_DEL-BOM_6E_2026-09-09_T+1_1788903777306_w28o,DEL-BOM,EaseMyTrip,6E,6E-378,2026-09-09,T+1,12458,2735,15193,2026-09-08T21:20:12.192Z,FALSE,"",20:00,TRUE
fare_DEL-BOM_6E_2026-09-09_T+1_1788903777306_b3rx,DEL-BOM,EaseMyTrip,6E,6E-941,2026-09-09,T+1,12458,2735,15193,2026-09-08T21:20:12.192Z,FALSE,"",20:00,TRUE
fare_DEL-BOM_QP_2026-09-09_T+1_1788903777306_eaut,DEL-BOM,EaseMyTrip,QP,QP-1833,2026-09-09,T+1,12959,2845,15804,2026-09-08T21:20:12.192Z,FALSE,"",06:50,TRUE
fare_DEL-BOM_QP_2026-09-09_T+1_1788903777306_84zg,DEL-BOM,EaseMyTrip,QP,QP-1826,2026-09-09,T+1,12959,2845,15804,2026-09-08T21:20:12.192Z,FALSE,"",19:55,TRUE
fare_DEL-BOM_AI_2026-09-09_T+1_1788903777306_0d6m,DEL-BOM,EaseMyTrip,AI,AI-2627,2026-09-09,T+1,13166,2890,16056,2026-09-08T21:20:12.192Z,FALSE,"",10:45,FALSE
fare_DEL-BOM_6E_2026-09-09_T+1_1788903777306_46qk,DEL-BOM,EaseMyTrip,6E,6E-2249,2026-09-09,T+1,13477,2958,16435,2026-09-08T21:20:12.192Z,FALSE,"",15:00,FALSE
fare_DEL-BOM_AI_2026-09-09_T+1_1788903777306_5pht,DEL-BOM,EaseMyTrip,AI,AI-865,2026-09-09,T+1,13940,3060,17000,2026-09-08T21:20:12.192Z,FALSE,"",08:55,TRUE
fare_DEL-BOM_AI_2026-09-09_T+1_1788903777306_jxjc,DEL-BOM,EaseMyTrip,AI,AI-2975,2026-09-09,T+1,13940,3060,17000,2026-09-08T21:20:12.192Z,FALSE,"",06:30,TRUE
fare_DEL-BOM_AI_2026-09-09_T+1_1788903777306_3qob,DEL-BOM,EaseMyTrip,AI,AI-2981,2026-09-09,T+1,13940,3060,17000,2026-09-08T21:20:12.192Z,FALSE,"",21:00,TRUE
fare_DEL-BOM_AI_2026-09-09_T+1_1788903777306_bbrx,DEL-BOM,EaseMyTrip,AI,AI-2429,2026-09-09,T+1,13940,3060,17000,2026-09-08T21:20:12.192Z,FALSE,"",07:00,TRUE
fare_DEL-BOM_AI_2026-09-09_T+1_1788903777306_90s3,DEL-BOM,EaseMyTrip,AI,AI-2995,2026-09-09,T+1,13940,3060,17000,2026-09-08T21:20:12.192Z,FALSE,"",10:00,TRUE
fare_DEL-BOM_AI_2026-09-09_T+1_1788903777306_jkez,DEL-BOM,EaseMyTrip,AI,AI-2985,2026-09-09,T+1,13940,3060,17000,2026-09-08T21:20:12.192Z,FALSE,"",19:30,TRUE
fare_DEL-BOM_AI_2026-09-09_T+1_1788903777306_8y8d,DEL-BOM,EaseMyTrip,AI,AI-2927,2026-09-09,T+1,13940,3060,17000,2026-09-08T21:20:12.192Z,FALSE,"",09:30,TRUE
fare_DEL-BOM_AI_2026-09-09_T+1_1788903777306_ppwu,DEL-BOM,EaseMyTrip,AI,AI-2957,2026-09-09,T+1,13940,3060,17000,2026-09-08T21:20:12.192Z,FALSE,"",20:30,TRUE
fare_DEL-BOM_6E_2026-09-09_T+1_1788903777306_095j,DEL-BOM,EaseMyTrip,6E,6E-6479,2026-09-09,T+1,13899,3051,16950,2026-09-08T21:20:12.192Z,FALSE,"",21:25,FALSE
fare_DEL-BOM_AI_2026-09-09_T+1_1788903777306_ib6p,DEL-BOM,EaseMyTrip,AI,AI-1725,2026-09-09,T+1,14147,3105,17252,2026-09-08T21:20:12.192Z,FALSE,"",05:20,FALSE
fare_DEL-BOM_AI_2026-09-09_T+1_1788903777306_mhle,DEL-BOM,EaseMyTrip,AI,AI-2565,2026-09-09,T+1,14147,3105,17252,2026-09-08T21:20:12.192Z,FALSE,"",18:40,FALSE
fare_DEL-BOM_6E_2026-09-09_T+1_1788903777306_63mm,DEL-BOM,EaseMyTrip,6E,6E-105,2026-09-09,T+1,14094,3094,17188,2026-09-08T21:20:12.192Z,FALSE,"",08:45,TRUE
fare_DEL-BOM_6E_2026-09-09_T+1_1788903777306_uofr,DEL-BOM,EaseMyTrip,6E,6E-980,2026-09-09,T+1,14094,3094,17188,2026-09-08T21:20:12.192Z,FALSE,"",08:45,TRUE
fare_DEL-BOM_AI_2026-09-09_T+1_1788903777306_11kf,DEL-BOM,EaseMyTrip,AI,AI-2963,2026-09-09,T+1,14329,3145,17474,2026-09-08T21:20:12.192Z,FALSE,"",09:00,TRUE
fare_DEL-BOM_AI_2026-09-09_T+1_1788903777306_d8f1,DEL-BOM,EaseMyTrip,AI,AI-2678,2026-09-09,T+1,14329,3145,17474,2026-09-08T21:20:12.192Z,FALSE,"",08:30,TRUE
fare_DEL-BOM_QP_2026-09-09_T+1_1788903777306_0f83,DEL-BOM,EaseMyTrip,QP,QP-1119,2026-09-09,T+1,14192,3115,17307,2026-09-08T21:20:12.192Z,FALSE,"",08:40,TRUE
fare_DEL-BOM_QP_2026-09-09_T+1_1788903777306_wodd,DEL-BOM,EaseMyTrip,QP,QP-1112,2026-09-09,T+1,14192,3115,17307,2026-09-08T21:20:12.192Z,FALSE,"",09:20,TRUE
fare_DEL-BOM_AI_2026-09-09_T+1_1788903777306_ca4q,DEL-BOM,EaseMyTrip,AI,AI-2601,2026-09-09,T+1,14443,3170,17613,2026-09-08T21:20:12.192Z,FALSE,"",17:00,FALSE
fare_DEL-BOM_AI_2026-09-09_T+1_1788903777306_arnp,DEL-BOM,EaseMyTrip,AI,AI-2805,2026-09-09,T+1,14457,3174,17631,2026-09-08T21:20:12.192Z,FALSE,"",20:00,TRUE
fare_DEL-BOM_AI_2026-09-09_T+1_1788903777306_ls3o,DEL-BOM,EaseMyTrip,AI,AI-2955,2026-09-09,T+1,14457,3174,17631,2026-09-08T21:20:12.192Z,FALSE,"",18:00,TRUE
fare_DEL-BOM_AI_2026-09-09_T+1_1788903777306_5jbb,DEL-BOM,EaseMyTrip,AI,AI-2977,2026-09-09,T+1,14457,3174,17631,2026-09-08T21:20:12.192Z,FALSE,"",19:00,TRUE
fare_DEL-BOM_AI_2026-09-09_T+1_1788903777306_mpwz,DEL-BOM,EaseMyTrip,AI,AI-1703,2026-09-09,T+1,14497,3182,17679,2026-09-08T21:20:12.192Z,FALSE,"",05:10,FALSE
fare_DEL-BOM_AI_2026-09-09_T+1_1788903777306_tthd,DEL-BOM,EaseMyTrip,AI,AI-9757,2026-09-09,T+1,14592,3203,17795,2026-09-08T21:20:12.192Z,FALSE,"",11:50,FALSE
fare_DEL-BOM_6E_2026-09-09_T+1_1788903777306_c4r4,DEL-BOM,EaseMyTrip,6E,6E-2496,2026-09-09,T+1,14529,3189,17718,2026-09-08T21:20:12.192Z,FALSE,"",12:40,FALSE
fare_DEL-BOM_IX_2026-09-09_T+1_1788903777306_xx2e,DEL-BOM,EaseMyTrip,IX,IX-1049,2026-09-09,T+1,15610,3427,19037,2026-09-08T21:20:12.192Z,FALSE,"",18:40,FALSE
fare_DEL-BOM_IX_2026-09-09_T+1_1788903777306_dwef,DEL-BOM,EaseMyTrip,IX,IX-1068,2026-09-09,T+1,15804,3469,19273,2026-09-08T21:20:12.192Z,FALSE,"",11:55,FALSE
fare_DEL-BOM_6E_2026-09-09_T+1_1788903777306_u4da,DEL-BOM,EaseMyTrip,6E,6E-225,2026-09-09,T+1,15944,3500,19444,2026-09-08T21:20:12.192Z,FALSE,"",20:20,TRUE
fare_DEL-BOM_6E_2026-09-09_T+1_1788903777306_4p6y,DEL-BOM,EaseMyTrip,6E,6E-457,2026-09-09,T+1,15944,3500,19444,2026-09-08T21:20:12.192Z,FALSE,"",20:20,TRUE
fare_DEL-BOM_6E_2026-09-09_T+1_1788903777306_4zte,DEL-BOM,EaseMyTrip,6E,6E-6814,2026-09-09,T+1,16074,3529,19603,2026-09-08T21:20:12.192Z,FALSE,"",07:15,TRUE
fare_DEL-BOM_6E_2026-09-09_T+1_1788903777306_c8bu,DEL-BOM,EaseMyTrip,6E,6E-177,2026-09-09,T+1,16074,3529,19603,2026-09-08T21:20:12.192Z,FALSE,"",19:00,TRUE
fare_DEL-BOM_6E_2026-09-09_T+1_1788903777306_l3nm,DEL-BOM,EaseMyTrip,6E,6E-476,2026-09-09,T+1,16074,3529,19603,2026-09-08T21:20:12.192Z,FALSE,"",08:00,TRUE
fare_DEL-BOM_6E_2026-09-09_T+1_1788903777306_w5d3,DEL-BOM,EaseMyTrip,6E,6E-966,2026-09-09,T+1,16074,3529,19603,2026-09-08T21:20:12.192Z,FALSE,"",08:00,TRUE
fare_DEL-BOM_IX_2026-09-09_T+1_1788903777306_psp3,DEL-BOM,EaseMyTrip,IX,IX-1056,2026-09-09,T+1,18083,3969,22052,2026-09-08T21:20:12.192Z,FALSE,"",05:35,TRUE
fare_DEL-BOM_AI_2026-09-09_T+1_1788903777306_4r3y,DEL-BOM,EaseMyTrip,AI,AI-2465,2026-09-09,T+1,16422,3605,20027,2026-09-08T21:20:12.192Z,FALSE,"",14:30,FALSE
fare_DEL-BOM_AI_2026-09-09_T+1_1788903777306_4kh1,DEL-BOM,EaseMyTrip,AI,AI-1779,2026-09-09,T+1,16661,3657,20318,2026-09-08T21:20:12.192Z,FALSE,"",13:50,FALSE
fare_DEL-BOM_AI_2026-09-09_T+1_1788903777306_q1ka,DEL-BOM,EaseMyTrip,AI,AI-9584,2026-09-09,T+1,16697,3665,20362,2026-09-08T21:20:12.192Z,FALSE,"",11:15,FALSE
fare_DEL-BOM_AI_2026-09-09_T+1_1788903777306_ui1q,DEL-BOM,EaseMyTrip,AI,AI-1739,2026-09-09,T+1,17263,3790,21053,2026-09-08T21:20:12.192Z,FALSE,"",11:30,FALSE
fare_DEL-BOM_6E_2026-09-09_T+1_1788903777306_2gik,DEL-BOM,EaseMyTrip,6E,6E-5014,2026-09-09,T+1,17209,3777,20986,2026-09-08T21:20:12.192Z,FALSE,"",18:30,FALSE
fare_DEL-BOM_IX_2026-09-09_T+1_1788903777306_wwyd,DEL-BOM,EaseMyTrip,IX,IX-1003,2026-09-09,T+1,17923,3934,21857,2026-09-08T21:20:12.192Z,FALSE,"",19:10,FALSE
fare_DEL-BOM_6E_2026-09-09_T+1_1788903777306_nuhw,DEL-BOM,EaseMyTrip,6E,6E-6601,2026-09-09,T+1,18575,4077,22652,2026-09-08T21:20:12.192Z,FALSE,"",19:45,FALSE
fare_DEL-BOM_6E_2026-09-09_T+1_1788903777306_2prz,DEL-BOM,EaseMyTrip,6E,6E-6983,2026-09-09,T+1,19578,4298,23876,2026-09-08T21:20:12.192Z,FALSE,"",15:35,FALSE
fare_DEL-BOM_AI_2026-09-09_T+1_1788903777306_ckkj,DEL-BOM,EaseMyTrip,AI,AI-1745,2026-09-09,T+1,19893,4367,24260,2026-09-08T21:20:12.192Z,FALSE,"",05:00,TRUE
fare_DEL-BOM_AI_2026-09-09_T+1_1788903777306_tfz7,DEL-BOM,EaseMyTrip,AI,AI-809,2026-09-09,T+1,20388,4475,24863,2026-09-08T21:20:12.192Z,FALSE,"",17:40,FALSE
fare_DEL-BOM_6E_2026-09-09_T+1_1788903777306_uefk,DEL-BOM,EaseMyTrip,6E,6E-422,2026-09-09,T+1,23063,5062,28125,2026-09-08T21:20:12.192Z,FALSE,"",19:35,FALSE
fare_DEL-BOM_6E_2026-09-09_T+1_1788903777306_90pi,DEL-BOM,EaseMyTrip,6E,6E-128,2026-09-09,T+1,23063,5062,28125,2026-09-08T21:20:12.192Z,FALSE,"",19:35,FALSE
fare_DEL-BOM_6E_2026-09-09_T+1_1788903777306_813d,DEL-BOM,EaseMyTrip,6E,6E-2381,2026-09-09,T+1,24113,5293,29406,2026-09-08T21:20:12.192Z,FALSE,"",13:45,FALSE
fare_DEL-BOM_6E_2026-09-09_T+1_1788903777306_mb2s,DEL-BOM,EaseMyTrip,6E,6E-5073,2026-09-09,T+1,25256,5544,30800,2026-09-08T21:20:12.192Z,TRUE,"High outlier: ₹30800 > upper fence ₹30369 (Q3: ₹17391, IQR: ₹8652)",17:05,FALSE
fare_DEL-BOM_6E_2026-09-09_T+1_1788903777306_juvr,DEL-BOM,EaseMyTrip,6E,6E-2341,2026-09-09,T+1,28602,6278,34880,2026-09-08T21:20:12.192Z,TRUE,"High outlier: ₹34880 > upper fence ₹30369 (Q3: ₹17391, IQR: ₹8652)",14:50,FALSE
fare_DEL-BOM_AI_2026-09-09_T+1_1788903777306_rvqr,DEL-BOM,EaseMyTrip,AI,AI-491,2026-09-09,T+1,30053,6597,36650,2026-09-08T21:20:12.192Z,TRUE,"High outlier: ₹36650 > upper fence ₹30369 (Q3: ₹17391, IQR: ₹8652)",11:15,FALSE
fare_DEL-BOM_SG_2026-10-08_T+30_1788903777307_vkso,DEL-BOM,EaseMyTrip,SG,SG-492,2026-10-08,T+30,5222,1146,6368,2026-09-08T21:20:32.644Z,FALSE,"",19:55,TRUE
fare_DEL-BOM_SG_2026-10-08_T+30_1788903777307_6zgz,DEL-BOM,EaseMyTrip,SG,SG-880,2026-10-08,T+30,5222,1146,6368,2026-09-08T21:20:32.644Z,FALSE,"",19:55,TRUE
fare_DEL-BOM_SG_2026-10-08_T+30_1788903777307_w6a6,DEL-BOM,EaseMyTrip,SG,SG-691,2026-10-08,T+30,5222,1146,6368,2026-09-08T21:20:32.644Z,FALSE,"",22:30,TRUE
fare_DEL-BOM_SG_2026-10-08_T+30_1788903777307_oc4q,DEL-BOM,EaseMyTrip,SG,SG-480,2026-10-08,T+30,5222,1146,6368,2026-09-08T21:20:32.644Z,FALSE,"",22:30,TRUE
fare_DEL-BOM_6E_2026-10-08_T+30_1788903777307_ftg8,DEL-BOM,EaseMyTrip,6E,6E-5014,2026-10-08,T+30,4994,1096,6090,2026-09-08T21:20:32.644Z,FALSE,"",18:30,FALSE
fare_DEL-BOM_6E_2026-10-08_T+30_1788903777307_d2mk,DEL-BOM,EaseMyTrip,6E,6E-6454,2026-10-08,T+30,4994,1096,6090,2026-09-08T21:20:32.644Z,FALSE,"",13:50,FALSE
fare_DEL-BOM_6E_2026-10-08_T+30_1788903777307_g3ts,DEL-BOM,EaseMyTrip,6E,6E-6171,2026-10-08,T+30,4994,1096,6090,2026-09-08T21:20:32.644Z,FALSE,"",05:40,FALSE
fare_DEL-BOM_6E_2026-10-08_T+30_1788903777307_q3m7,DEL-BOM,EaseMyTrip,6E,6E-5119,2026-10-08,T+30,4994,1096,6090,2026-09-08T21:20:32.644Z,FALSE,"",05:10,FALSE
fare_DEL-BOM_6E_2026-10-08_T+30_1788903777307_flgz,DEL-BOM,EaseMyTrip,6E,6E-2076,2026-10-08,T+30,4994,1096,6090,2026-09-08T21:20:32.644Z,FALSE,"",07:30,FALSE
fare_DEL-BOM_6E_2026-10-08_T+30_1788903777307_28i0,DEL-BOM,EaseMyTrip,6E,6E-6983,2026-10-08,T+30,4994,1096,6090,2026-09-08T21:20:32.644Z,FALSE,"",15:35,FALSE
fare_DEL-BOM_6E_2026-10-08_T+30_1788903777307_jbnb,DEL-BOM,EaseMyTrip,6E,6E-5073,2026-10-08,T+30,4994,1096,6090,2026-09-08T21:20:32.644Z,FALSE,"",17:05,FALSE
fare_DEL-BOM_6E_2026-10-08_T+30_1788903777307_vu7t,DEL-BOM,EaseMyTrip,6E,6E-472,2026-10-08,T+30,4994,1096,6090,2026-09-08T21:20:32.644Z,FALSE,"",19:30,FALSE
fare_DEL-BOM_6E_2026-10-08_T+30_1788903777307_wmq6,DEL-BOM,EaseMyTrip,6E,6E-849,2026-10-08,T+30,4994,1096,6090,2026-09-08T21:20:32.644Z,FALSE,"",19:30,FALSE
fare_DEL-BOM_6E_2026-10-08_T+30_1788903777307_8ffa,DEL-BOM,EaseMyTrip,6E,6E-6261,2026-10-08,T+30,4994,1096,6090,2026-09-08T21:20:32.644Z,FALSE,"",00:15,FALSE
fare_DEL-BOM_6E_2026-10-08_T+30_1788903777307_rbg4,DEL-BOM,EaseMyTrip,6E,6E-6190,2026-10-08,T+30,4998,1097,6095,2026-09-08T21:20:32.644Z,FALSE,"",07:40,FALSE
fare_DEL-BOM_IX_2026-10-08_T+30_1788903777307_d4js,DEL-BOM,EaseMyTrip,IX,IX-1165,2026-10-08,T+30,5354,1175,6529,2026-09-08T21:20:32.644Z,FALSE,"",06:00,FALSE
fare_DEL-BOM_IX_2026-10-08_T+30_1788903777307_60bp,DEL-BOM,EaseMyTrip,IX,IX-1056,2026-10-08,T+30,5354,1175,6529,2026-09-08T21:20:32.644Z,FALSE,"",17:50,TRUE
fare_DEL-BOM_6E_2026-10-08_T+30_1788903777307_wpqm,DEL-BOM,EaseMyTrip,6E,6E-2249,2026-10-08,T+30,5102,1120,6222,2026-09-08T21:20:32.644Z,FALSE,"",15:00,FALSE
fare_DEL-BOM_6E_2026-10-08_T+30_1788903777307_s44e,DEL-BOM,EaseMyTrip,6E,6E-2169,2026-10-08,T+30,5102,1120,6222,2026-09-08T21:20:32.644Z,FALSE,"",19:20,FALSE
fare_DEL-BOM_6E_2026-10-08_T+30_1788903777307_kfe2,DEL-BOM,EaseMyTrip,6E,6E-6829,2026-10-08,T+30,5102,1120,6222,2026-09-08T21:20:32.644Z,FALSE,"",17:20,FALSE
fare_DEL-BOM_6E_2026-10-08_T+30_1788903777307_8ht9,DEL-BOM,EaseMyTrip,6E,6E-6443,2026-10-08,T+30,5102,1120,6222,2026-09-08T21:20:32.644Z,FALSE,"",09:00,FALSE
fare_DEL-BOM_6E_2026-10-08_T+30_1788903777307_lygs,DEL-BOM,EaseMyTrip,6E,6E-6433,2026-10-08,T+30,5102,1120,6222,2026-09-08T21:20:32.644Z,FALSE,"",16:30,FALSE
fare_DEL-BOM_6E_2026-10-08_T+30_1788903777307_zx29,DEL-BOM,EaseMyTrip,6E,6E-5138,2026-10-08,T+30,5102,1120,6222,2026-09-08T21:20:32.644Z,FALSE,"",19:10,FALSE
fare_DEL-BOM_6E_2026-10-08_T+30_1788903777307_udxi,DEL-BOM,EaseMyTrip,6E,6E-6459,2026-10-08,T+30,5102,1120,6222,2026-09-08T21:20:32.644Z,FALSE,"",05:55,FALSE
fare_DEL-BOM_6E_2026-10-08_T+30_1788903777307_amfs,DEL-BOM,EaseMyTrip,6E,6E-6490,2026-10-08,T+30,5105,1121,6226,2026-09-08T21:20:32.644Z,FALSE,"",04:55,FALSE
fare_DEL-BOM_IX_2026-10-08_T+30_1788903777307_ctyi,DEL-BOM,EaseMyTrip,IX,IX-1038,2026-10-08,T+30,5755,1263,7018,2026-09-08T21:20:32.644Z,FALSE,"",17:35,TRUE
fare_DEL-BOM_IX_2026-10-08_T+30_1788903777307_w1mw,DEL-BOM,EaseMyTrip,IX,IX-1024,2026-10-08,T+30,5755,1263,7018,2026-09-08T21:20:32.644Z,FALSE,"",18:40,TRUE
fare_DEL-BOM_6E_2026-10-08_T+30_1788903777307_opu4,DEL-BOM,EaseMyTrip,6E,6E-6479,2026-10-08,T+30,5166,1134,6300,2026-09-08T21:20:32.644Z,FALSE,"",21:25,FALSE
fare_DEL-BOM_6E_2026-10-08_T+30_1788903777307_n35q,DEL-BOM,EaseMyTrip,6E,6E-216,2026-10-08,T+30,5166,1134,6300,2026-09-08T21:20:32.644Z,FALSE,"",16:10,FALSE
fare_DEL-BOM_6E_2026-10-08_T+30_1788903777307_fw7m,DEL-BOM,EaseMyTrip,6E,6E-839,2026-10-08,T+30,5166,1134,6300,2026-09-08T21:20:32.644Z,FALSE,"",16:10,FALSE
fare_DEL-BOM_6E_2026-10-08_T+30_1788903777307_lhtk,DEL-BOM,EaseMyTrip,6E,6E-6050,2026-10-08,T+30,5166,1134,6300,2026-09-08T21:20:32.644Z,FALSE,"",08:15,FALSE
fare_DEL-BOM_6E_2026-10-08_T+30_1788903777307_wd92,DEL-BOM,EaseMyTrip,6E,6E-2113,2026-10-08,T+30,5166,1134,6300,2026-09-08T21:20:32.644Z,FALSE,"",13:20,FALSE
fare_DEL-BOM_IX_2026-10-08_T+30_1788903777307_7lx9,DEL-BOM,EaseMyTrip,IX,IX-1235,2026-10-08,T+30,5484,1204,6688,2026-09-08T21:20:32.644Z,FALSE,"",23:25,TRUE
fare_DEL-BOM_6E_2026-10-08_T+30_1788903777307_2vw8,DEL-BOM,EaseMyTrip,6E,6E-6212,2026-10-08,T+30,5274,1158,6432,2026-09-08T21:20:32.644Z,FALSE,"",14:45,FALSE
fare_DEL-BOM_6E_2026-10-08_T+30_1788903777307_5clj,DEL-BOM,EaseMyTrip,6E,6E-875,2026-10-08,T+30,5274,1158,6432,2026-09-08T21:20:32.644Z,FALSE,"",17:55,FALSE
fare_DEL-BOM_6E_2026-10-08_T+30_1788903777307_l4gq,DEL-BOM,EaseMyTrip,6E,6E-564,2026-10-08,T+30,5274,1158,6432,2026-09-08T21:20:32.644Z,FALSE,"",17:55,FALSE
fare_DEL-BOM_6E_2026-10-08_T+30_1788903777307_9vrt,DEL-BOM,EaseMyTrip,6E,6E-6601,2026-10-08,T+30,5274,1158,6432,2026-09-08T21:20:32.644Z,FALSE,"",19:45,FALSE
fare_DEL-BOM_6E_2026-10-08_T+30_1788903777307_d5km,DEL-BOM,EaseMyTrip,6E,6E-6282,2026-10-08,T+30,5274,1158,6432,2026-09-08T21:20:32.644Z,FALSE,"",13:30,FALSE
fare_DEL-BOM_6E_2026-10-08_T+30_1788903777307_blp8,DEL-BOM,EaseMyTrip,6E,6E-173,2026-10-08,T+30,5274,1158,6432,2026-09-08T21:20:32.644Z,FALSE,"",02:25,FALSE
fare_DEL-BOM_6E_2026-10-08_T+30_1788903777307_8zsy,DEL-BOM,EaseMyTrip,6E,6E-398,2026-10-08,T+30,5274,1158,6432,2026-09-08T21:20:32.644Z,FALSE,"",02:25,FALSE
fare_DEL-BOM_6E_2026-10-08_T+30_1788903777307_4txs,DEL-BOM,EaseMyTrip,6E,6E-976,2026-10-08,T+30,5274,1158,6432,2026-09-08T21:20:32.644Z,FALSE,"",08:30,FALSE
fare_DEL-BOM_6E_2026-10-08_T+30_1788903777307_6hiz,DEL-BOM,EaseMyTrip,6E,6E-470,2026-10-08,T+30,5274,1158,6432,2026-09-08T21:20:32.644Z,FALSE,"",08:30,FALSE
fare_DEL-BOM_6E_2026-10-08_T+30_1788903777307_mmsx,DEL-BOM,EaseMyTrip,6E,6E-2381,2026-10-08,T+30,5274,1158,6432,2026-09-08T21:20:32.644Z,FALSE,"",13:45,FALSE
fare_DEL-BOM_6E_2026-10-08_T+30_1788903777307_uynr,DEL-BOM,EaseMyTrip,6E,6E-5096,2026-10-08,T+30,5282,1160,6442,2026-09-08T21:20:32.644Z,FALSE,"",17:00,TRUE
fare_DEL-BOM_QP_2026-10-08_T+30_1788903777307_jmd4,DEL-BOM,EaseMyTrip,QP,QP-2012,2026-10-08,T+30,5330,1170,6500,2026-09-08T21:20:32.644Z,FALSE,"",08:55,TRUE
fare_DEL-BOM_IX_2026-10-08_T+30_1788903777307_3xti,DEL-BOM,EaseMyTrip,IX,IX-1049,2026-10-08,T+30,5902,1295,7197,2026-09-08T21:20:32.644Z,FALSE,"",18:40,FALSE
fare_DEL-BOM_IX_2026-10-08_T+30_1788903777307_a9ua,DEL-BOM,EaseMyTrip,IX,IX-1082,2026-10-08,T+30,5902,1295,7197,2026-09-08T21:20:32.644Z,FALSE,"",21:25,FALSE
fare_DEL-BOM_IX_2026-10-08_T+30_1788903777307_kr1c,DEL-BOM,EaseMyTrip,IX,IX-1817,2026-10-08,T+30,5902,1295,7197,2026-09-08T21:20:32.644Z,FALSE,"",19:30,FALSE
fare_DEL-BOM_6E_2026-10-08_T+30_1788903777307_mayi,DEL-BOM,EaseMyTrip,6E,6E-6470,2026-10-08,T+30,5354,1175,6529,2026-09-08T21:20:32.644Z,FALSE,"",06:55,TRUE
fare_DEL-BOM_QP_2026-10-08_T+30_1788903777307_wfa0,DEL-BOM,EaseMyTrip,QP,QP-1833,2026-10-08,T+30,5355,1175,6530,2026-09-08T21:20:32.644Z,FALSE,"",06:50,TRUE
fare_DEL-BOM_QP_2026-10-08_T+30_1788903777307_18vi,DEL-BOM,EaseMyTrip,QP,QP-1110,2026-10-08,T+30,5355,1175,6530,2026-09-08T21:20:32.644Z,FALSE,"",10:00,TRUE
fare_DEL-BOM_QP_2026-10-08_T+30_1788903777307_19t8,DEL-BOM,EaseMyTrip,QP,QP-1128,2026-10-08,T+30,5355,1175,6530,2026-09-08T21:20:32.644Z,FALSE,"",16:00,TRUE
fare_DEL-BOM_QP_2026-10-08_T+30_1788903777307_yi0f,DEL-BOM,EaseMyTrip,QP,QP-1820,2026-10-08,T+30,5355,1175,6530,2026-09-08T21:20:32.644Z,FALSE,"",17:30,TRUE
fare_DEL-BOM_QP_2026-10-08_T+30_1788903777307_qbfb,DEL-BOM,EaseMyTrip,QP,QP-1119,2026-10-08,T+30,5355,1175,6530,2026-09-08T21:20:32.644Z,FALSE,"",08:40,TRUE
fare_DEL-BOM_QP_2026-10-08_T+30_1788903777307_vyme,DEL-BOM,EaseMyTrip,QP,QP-1826,2026-10-08,T+30,5355,1175,6530,2026-09-08T21:20:32.644Z,FALSE,"",19:55,TRUE
fare_DEL-BOM_6E_2026-10-08_T+30_1788903777307_1o01,DEL-BOM,EaseMyTrip,6E,6E-688,2026-10-08,T+30,5355,1175,6530,2026-09-08T21:20:32.644Z,FALSE,"",03:00,TRUE
fare_DEL-BOM_6E_2026-10-08_T+30_1788903777307_5nnb,DEL-BOM,EaseMyTrip,6E,6E-808,2026-10-08,T+30,5355,1175,6530,2026-09-08T21:20:32.644Z,FALSE,"",03:00,TRUE
fare_DEL-BOM_6E_2026-10-08_T+30_1788903777307_2a0g,DEL-BOM,EaseMyTrip,6E,6E-140,2026-10-08,T+30,5355,1175,6530,2026-09-08T21:20:32.644Z,FALSE,"",23:30,TRUE
fare_DEL-BOM_6E_2026-10-08_T+30_1788903777307_ipvz,DEL-BOM,EaseMyTrip,6E,6E-6706,2026-10-08,T+30,5355,1175,6530,2026-09-08T21:20:32.644Z,FALSE,"",17:00,TRUE
fare_DEL-BOM_6E_2026-10-08_T+30_1788903777307_imdc,DEL-BOM,EaseMyTrip,6E,6E-352,2026-10-08,T+30,5355,1175,6530,2026-09-08T21:20:32.644Z,FALSE,"",15:30,TRUE
fare_DEL-BOM_6E_2026-10-08_T+30_1788903777307_i9l3,DEL-BOM,EaseMyTrip,6E,6E-667,2026-10-08,T+30,5355,1175,6530,2026-09-08T21:20:32.644Z,FALSE,"",15:30,TRUE
fare_DEL-BOM_6E_2026-10-08_T+30_1788903777307_cv1i,DEL-BOM,EaseMyTrip,6E,6E-6022,2026-10-08,T+30,5355,1175,6530,2026-09-08T21:20:32.644Z,FALSE,"",14:00,TRUE
fare_DEL-BOM_6E_2026-10-08_T+30_1788903777307_owue,DEL-BOM,EaseMyTrip,6E,6E-6318,2026-10-08,T+30,5355,1175,6530,2026-09-08T21:20:32.644Z,FALSE,"",14:45,TRUE
fare_DEL-BOM_6E_2026-10-08_T+30_1788903777307_oc1w,DEL-BOM,EaseMyTrip,6E,6E-556,2026-10-08,T+30,5355,1175,6530,2026-09-08T21:20:32.644Z,FALSE,"",05:00,TRUE
fare_DEL-BOM_6E_2026-10-08_T+30_1788903777307_5bay,DEL-BOM,EaseMyTrip,6E,6E-318,2026-10-08,T+30,5355,1175,6530,2026-09-08T21:20:32.644Z,FALSE,"",05:00,TRUE
fare_DEL-BOM_6E_2026-10-08_T+30_1788903777307_3d7c,DEL-BOM,EaseMyTrip,6E,6E-6107,2026-10-08,T+30,5355,1175,6530,2026-09-08T21:20:32.644Z,FALSE,"",09:30,TRUE
fare_DEL-BOM_6E_2026-10-08_T+30_1788903777307_99cz,DEL-BOM,EaseMyTrip,6E,6E-6328,2026-10-08,T+30,5355,1175,6530,2026-09-08T21:20:32.644Z,FALSE,"",10:15,TRUE
fare_DEL-BOM_6E_2026-10-08_T+30_1788903777307_73ua,DEL-BOM,EaseMyTrip,6E,6E-6047,2026-10-08,T+30,5355,1175,6530,2026-09-08T21:20:32.644Z,FALSE,"",11:00,TRUE
fare_DEL-BOM_6E_2026-10-08_T+30_1788903777307_9ao0,DEL-BOM,EaseMyTrip,6E,6E-6676,2026-10-08,T+30,5355,1175,6530,2026-09-08T21:20:32.644Z,FALSE,"",12:00,TRUE
fare_DEL-BOM_6E_2026-10-08_T+30_1788903777307_t53l,DEL-BOM,EaseMyTrip,6E,6E-827,2026-10-08,T+30,5355,1175,6530,2026-09-08T21:20:32.644Z,FALSE,"",13:00,TRUE
fare_DEL-BOM_6E_2026-10-08_T+30_1788903777307_od3c,DEL-BOM,EaseMyTrip,6E,6E-476,2026-10-08,T+30,5355,1175,6530,2026-09-08T21:20:32.644Z,FALSE,"",13:00,TRUE
fare_DEL-BOM_6E_2026-10-08_T+30_1788903777307_1q1r,DEL-BOM,EaseMyTrip,6E,6E-617,2026-10-08,T+30,5355,1175,6530,2026-09-08T21:20:32.644Z,FALSE,"",08:45,TRUE
fare_DEL-BOM_6E_2026-10-08_T+30_1788903777307_ub3s,DEL-BOM,EaseMyTrip,6E,6E-832,2026-10-08,T+30,5355,1175,6530,2026-09-08T21:20:32.644Z,FALSE,"",08:45,TRUE
fare_DEL-BOM_QP_2026-10-08_T+30_1788903777307_x42m,DEL-BOM,EaseMyTrip,QP,QP-2018,2026-10-08,T+30,5451,1197,6648,2026-09-08T21:20:32.644Z,FALSE,"",11:00,TRUE
fare_DEL-BOM_6E_2026-10-08_T+30_1788903777307_n2ke,DEL-BOM,EaseMyTrip,6E,6E-6218,2026-10-08,T+30,5484,1204,6688,2026-09-08T21:20:32.644Z,FALSE,"",06:05,TRUE
fare_DEL-BOM_AI_2026-10-08_T+30_1788903777307_hkx5,DEL-BOM,EaseMyTrip,AI,AI-2678,2026-10-08,T+30,5740,1260,7000,2026-09-08T21:20:32.644Z,FALSE,"",08:30,TRUE
fare_DEL-BOM_AI_2026-10-08_T+30_1788903777307_devn,DEL-BOM,EaseMyTrip,AI,AI-2963,2026-10-08,T+30,5740,1260,7000,2026-09-08T21:20:32.644Z,FALSE,"",09:00,TRUE
fare_DEL-BOM_AI_2026-10-08_T+30_1788903777307_k1c5,DEL-BOM,EaseMyTrip,AI,AI-2425,2026-10-08,T+30,5740,1260,7000,2026-09-08T21:20:32.644Z,FALSE,"",10:30,TRUE
fare_DEL-BOM_AI_2026-10-08_T+30_1788903777307_2l6j,DEL-BOM,EaseMyTrip,AI,AI-2951,2026-10-08,T+30,5740,1260,7000,2026-09-08T21:20:32.644Z,FALSE,"",13:30,TRUE
fare_DEL-BOM_AI_2026-10-08_T+30_1788903777307_fras,DEL-BOM,EaseMyTrip,AI,AI-2995,2026-10-08,T+30,5740,1260,7000,2026-09-08T21:20:32.644Z,FALSE,"",10:00,TRUE
fare_DEL-BOM_AI_2026-10-08_T+30_1788903777307_0bwc,DEL-BOM,EaseMyTrip,AI,AI-2945,2026-10-08,T+30,5740,1260,7000,2026-09-08T21:20:32.644Z,FALSE,"",11:00,TRUE
fare_DEL-BOM_AI_2026-10-08_T+30_1788903777307_tcda,DEL-BOM,EaseMyTrip,AI,AI-2441,2026-10-08,T+30,5740,1260,7000,2026-09-08T21:20:32.644Z,FALSE,"",14:10,TRUE
fare_DEL-BOM_AI_2026-10-08_T+30_1788903777307_sgaa,DEL-BOM,EaseMyTrip,AI,AI-2933,2026-10-08,T+30,5740,1260,7000,2026-09-08T21:20:32.644Z,FALSE,"",15:30,TRUE
fare_DEL-BOM_AI_2026-10-08_T+30_1788903777307_nlkt,DEL-BOM,EaseMyTrip,AI,AI-441,2026-10-08,T+30,5740,1260,7000,2026-09-08T21:20:32.644Z,FALSE,"",17:00,TRUE
fare_DEL-BOM_AI_2026-10-08_T+30_1788903777307_wx1v,DEL-BOM,EaseMyTrip,AI,AI-2927,2026-10-08,T+30,5740,1260,7000,2026-09-08T21:20:32.644Z,FALSE,"",09:30,TRUE
fare_DEL-BOM_AI_2026-10-08_T+30_1788903777307_bl53,DEL-BOM,EaseMyTrip,AI,AI-1780,2026-10-08,T+30,5740,1260,7000,2026-09-08T21:20:32.644Z,FALSE,"",14:30,TRUE
fare_DEL-BOM_AI_2026-10-08_T+30_1788903777307_z7c3,DEL-BOM,EaseMyTrip,AI,AI-2439,2026-10-08,T+30,5744,1261,7005,2026-09-08T21:20:32.644Z,FALSE,"",23:00,TRUE
fare_DEL-BOM_6E_2026-10-08_T+30_1788903777307_8ryw,DEL-BOM,EaseMyTrip,6E,6E-6114,2026-10-08,T+30,5656,1242,6898,2026-09-08T21:20:32.644Z,FALSE,"",22:45,TRUE
fare_DEL-BOM_6E_2026-10-08_T+30_1788903777307_lz49,DEL-BOM,EaseMyTrip,6E,6E-628,2026-10-08,T+30,5656,1242,6898,2026-09-08T21:20:32.644Z,FALSE,"",21:45,TRUE
fare_DEL-BOM_6E_2026-10-08_T+30_1788903777307_7n9i,DEL-BOM,EaseMyTrip,6E,6E-707,2026-10-08,T+30,5656,1242,6898,2026-09-08T21:20:32.644Z,FALSE,"",21:45,TRUE
fare_DEL-BOM_6E_2026-10-08_T+30_1788903777307_m8f0,DEL-BOM,EaseMyTrip,6E,6E-330,2026-10-08,T+30,5656,1242,6898,2026-09-08T21:20:32.644Z,FALSE,"",20:45,TRUE
fare_DEL-BOM_6E_2026-10-08_T+30_1788903777307_z4oc,DEL-BOM,EaseMyTrip,6E,6E-226,2026-10-08,T+30,5656,1242,6898,2026-09-08T21:20:32.644Z,FALSE,"",20:45,TRUE
fare_DEL-BOM_6E_2026-10-08_T+30_1788903777307_uo1w,DEL-BOM,EaseMyTrip,6E,6E-869,2026-10-08,T+30,5656,1242,6898,2026-09-08T21:20:32.644Z,FALSE,"",20:00,TRUE
fare_DEL-BOM_6E_2026-10-08_T+30_1788903777307_ijux,DEL-BOM,EaseMyTrip,6E,6E-894,2026-10-08,T+30,5656,1242,6898,2026-09-08T21:20:32.644Z,FALSE,"",20:00,TRUE
fare_DEL-BOM_6E_2026-10-08_T+30_1788903777307_bre2,DEL-BOM,EaseMyTrip,6E,6E-599,2026-10-08,T+30,5656,1242,6898,2026-09-08T21:20:32.644Z,FALSE,"",18:00,TRUE
fare_DEL-BOM_6E_2026-10-08_T+30_1788903777307_r98m,DEL-BOM,EaseMyTrip,6E,6E-208,2026-10-08,T+30,5656,1242,6898,2026-09-08T21:20:32.644Z,FALSE,"",18:00,TRUE
fare_DEL-BOM_6E_2026-10-08_T+30_1788903777307_ij85,DEL-BOM,EaseMyTrip,6E,6E-251,2026-10-08,T+30,5656,1242,6898,2026-09-08T21:20:32.644Z,FALSE,"",16:15,TRUE
fare_DEL-BOM_6E_2026-10-08_T+30_1788903777307_vfuq,DEL-BOM,EaseMyTrip,6E,6E-198,2026-10-08,T+30,5656,1242,6898,2026-09-08T21:20:32.644Z,FALSE,"",16:15,TRUE
fare_DEL-BOM_6E_2026-10-08_T+30_1788903777307_1vl9,DEL-BOM,EaseMyTrip,6E,6E-6814,2026-10-08,T+30,5656,1242,6898,2026-09-08T21:20:32.644Z,FALSE,"",07:15,TRUE
fare_DEL-BOM_6E_2026-10-08_T+30_1788903777307_n81w,DEL-BOM,EaseMyTrip,6E,6E-112,2026-10-08,T+30,5656,1242,6898,2026-09-08T21:20:32.644Z,FALSE,"",08:00,TRUE
fare_DEL-BOM_6E_2026-10-08_T+30_1788903777307_7rhr,DEL-BOM,EaseMyTrip,6E,6E-301,2026-10-08,T+30,5656,1242,6898,2026-09-08T21:20:32.644Z,FALSE,"",08:00,TRUE
fare_DEL-BOM_6E_2026-10-08_T+30_1788903777307_3gbd,DEL-BOM,EaseMyTrip,6E,6E-167,2026-10-08,T+30,5698,1251,6949,2026-09-08T21:20:32.644Z,FALSE,"",20:20,TRUE
fare_DEL-BOM_6E_2026-10-08_T+30_1788903777307_8ih7,DEL-BOM,EaseMyTrip,6E,6E-185,2026-10-08,T+30,5698,1251,6949,2026-09-08T21:20:32.644Z,FALSE,"",20:20,TRUE
fare_DEL-BOM_AI_2026-10-08_T+30_1788903777307_xx3r,DEL-BOM,EaseMyTrip,AI,AI-2975,2026-10-08,T+30,5870,1289,7159,2026-09-08T21:20:32.644Z,FALSE,"",06:30,TRUE
fare_DEL-BOM_AI_2026-10-08_T+30_1788903777307_3cmc,DEL-BOM,EaseMyTrip,AI,AI-1785,2026-10-08,T+30,5882,1291,7173,2026-09-08T21:20:32.644Z,FALSE,"",12:00,TRUE
fare_DEL-BOM_AI_2026-10-08_T+30_1788903777307_mxnd,DEL-BOM,EaseMyTrip,AI,AI-1777,2026-10-08,T+30,5882,1291,7173,2026-09-08T21:20:32.644Z,FALSE,"",16:00,TRUE
fare_DEL-BOM_6E_2026-10-08_T+30_1788903777307_isj5,DEL-BOM,EaseMyTrip,6E,6E-2341,2026-10-08,T+30,5770,1267,7037,2026-09-08T21:20:32.644Z,FALSE,"",14:50,FALSE
fare_DEL-BOM_6E_2026-10-08_T+30_1788903777307_01sc,DEL-BOM,EaseMyTrip,6E,6E-2331,2026-10-08,T+30,5770,1267,7037,2026-09-08T21:20:32.644Z,FALSE,"",12:20,FALSE
fare_DEL-BOM_6E_2026-10-08_T+30_1788903777307_xvwj,DEL-BOM,EaseMyTrip,6E,6E-379,2026-10-08,T+30,5770,1267,7037,2026-09-08T21:20:32.644Z,FALSE,"",10:00,FALSE
fare_DEL-BOM_6E_2026-10-08_T+30_1788903777307_8vzt,DEL-BOM,EaseMyTrip,6E,6E-259,2026-10-08,T+30,5770,1267,7037,2026-09-08T21:20:32.644Z,FALSE,"",10:00,FALSE
fare_DEL-BOM_6E_2026-10-08_T+30_1788903777307_9uzl,DEL-BOM,EaseMyTrip,6E,6E-2571,2026-10-08,T+30,5863,1287,7150,2026-09-08T21:20:32.644Z,FALSE,"",12:30,FALSE
fare_DEL-BOM_6E_2026-10-08_T+30_1788903777307_3knr,DEL-BOM,EaseMyTrip,6E,6E-819,2026-10-08,T+30,5871,1289,7160,2026-09-08T21:20:32.644Z,FALSE,"",19:00,TRUE
fare_DEL-BOM_6E_2026-10-08_T+30_1788903777307_hhr2,DEL-BOM,EaseMyTrip,6E,6E-903,2026-10-08,T+30,5871,1289,7160,2026-09-08T21:20:32.644Z,FALSE,"",19:00,TRUE
fare_DEL-BOM_AI_2026-10-08_T+30_1788903777307_5v5o,DEL-BOM,EaseMyTrip,AI,AI-2981,2026-10-08,T+30,6043,1326,7369,2026-09-08T21:20:32.644Z,FALSE,"",21:00,TRUE
fare_DEL-BOM_AI_2026-10-08_T+30_1788903777307_vb3d,DEL-BOM,EaseMyTrip,AI,AI-2429,2026-10-08,T+30,6043,1326,7369,2026-09-08T21:20:32.644Z,FALSE,"",07:00,TRUE
fare_DEL-BOM_AI_2026-10-08_T+30_1788903777307_pwx7,DEL-BOM,EaseMyTrip,AI,AI-2943,2026-10-08,T+30,6043,1326,7369,2026-09-08T21:20:32.644Z,FALSE,"",07:30,TRUE
fare_DEL-BOM_AI_2026-10-08_T+30_1788903777307_zqyk,DEL-BOM,EaseMyTrip,AI,AI-2999,2026-10-08,T+30,6043,1326,7369,2026-09-08T21:20:32.644Z,FALSE,"",22:00,TRUE
fare_DEL-BOM_AI_2026-10-08_T+30_1788903777307_miz1,DEL-BOM,EaseMyTrip,AI,AI-2957,2026-10-08,T+30,6043,1326,7369,2026-09-08T21:20:32.644Z,FALSE,"",20:30,TRUE
fare_DEL-BOM_AI_2026-10-08_T+30_1788903777307_bl10,DEL-BOM,EaseMyTrip,AI,AI-2433,2026-10-08,T+30,6193,1360,7553,2026-09-08T21:20:32.644Z,FALSE,"",21:30,TRUE
fare_DEL-BOM_AI_2026-10-08_T+30_1788903777307_5kqr,DEL-BOM,EaseMyTrip,AI,AI-2805,2026-10-08,T+30,6243,1371,7614,2026-09-08T21:20:32.644Z,FALSE,"",20:00,TRUE
fare_DEL-BOM_6E_2026-10-08_T+30_1788903777307_fjgi,DEL-BOM,EaseMyTrip,6E,6E-7642,2026-10-08,T+30,6155,1351,7506,2026-09-08T21:20:32.644Z,FALSE,"",15:45,FALSE
fare_DEL-BOM_AI_2026-10-08_T+30_1788903777307_ctjr,DEL-BOM,EaseMyTrip,AI,AI-2977,2026-10-08,T+30,6547,1437,7984,2026-09-08T21:20:32.644Z,FALSE,"",19:00,TRUE
fare_DEL-BOM_6E_2026-10-08_T+30_1788903777307_46u2,DEL-BOM,EaseMyTrip,6E,6E-5038,2026-10-08,T+30,6445,1415,7860,2026-09-08T21:20:32.644Z,FALSE,"",14:00,FALSE
fare_DEL-BOM_AI_2026-10-08_T+30_1788903777307_29c5,DEL-BOM,EaseMyTrip,AI,AI-2955,2026-10-08,T+30,6648,1459,8107,2026-09-08T21:20:32.644Z,FALSE,"",18:00,TRUE
fare_DEL-BOM_6E_2026-10-08_T+30_1788903777307_0887,DEL-BOM,EaseMyTrip,6E,6E-5198,2026-10-08,T+30,6503,1428,7931,2026-09-08T21:20:32.644Z,FALSE,"",15:00,TRUE
fare_DEL-BOM_6E_2026-10-08_T+30_1788903777307_ytps,DEL-BOM,EaseMyTrip,6E,6E-7646,2026-10-08,T+30,6564,1441,8005,2026-09-08T21:20:32.644Z,FALSE,"",06:15,FALSE
fare_DEL-BOM_6E_2026-10-08_T+30_1788903777307_nzkc,DEL-BOM,EaseMyTrip,6E,6E-2013,2026-10-08,T+30,6582,1445,8027,2026-09-08T21:20:32.644Z,FALSE,"",21:50,FALSE
fare_DEL-BOM_6E_2026-10-08_T+30_1788903777307_p8ng,DEL-BOM,EaseMyTrip,6E,6E-975,2026-10-08,T+30,6617,1453,8070,2026-09-08T21:20:32.644Z,FALSE,"",12:10,FALSE
fare_DEL-BOM_IX_2026-10-08_T+30_1788903777307_5q3v,DEL-BOM,EaseMyTrip,IX,IX-1108,2026-10-08,T+30,7486,1643,9129,2026-09-08T21:20:32.644Z,FALSE,"",05:00,FALSE
fare_DEL-BOM_IX_2026-10-08_T+30_1788903777307_nllo,DEL-BOM,EaseMyTrip,IX,IX-2749,2026-10-08,T+30,7486,1643,9129,2026-09-08T21:20:32.644Z,FALSE,"",10:25,FALSE
fare_DEL-BOM_6E_2026-10-08_T+30_1788903777307_tfku,DEL-BOM,EaseMyTrip,6E,6E-679,2026-10-08,T+30,7436,1632,9068,2026-09-08T21:20:32.644Z,FALSE,"",19:30,FALSE
fare_DEL-BOM_6E_2026-10-08_T+30_1788903777307_9kpg,DEL-BOM,EaseMyTrip,6E,6E-838,2026-10-08,T+30,7436,1632,9068,2026-09-08T21:20:32.644Z,FALSE,"",19:30,FALSE
fare_DEL-BOM_IX_2026-10-08_T+30_1788903777307_7ei8,DEL-BOM,EaseMyTrip,IX,IX-1059,2026-10-08,T+30,8142,1787,9929,2026-09-08T21:20:32.644Z,FALSE,"",12:15,FALSE
fare_DEL-BOM_IX_2026-10-08_T+30_1788903777307_q63r,DEL-BOM,EaseMyTrip,IX,IX-1064,2026-10-08,T+30,8142,1787,9929,2026-09-08T21:20:32.644Z,FALSE,"",19:10,FALSE
fare_DEL-BOM_IX_2026-10-08_T+30_1788903777307_fw0k,DEL-BOM,EaseMyTrip,IX,IX-1783,2026-10-08,T+30,8142,1787,9929,2026-09-08T21:20:32.644Z,FALSE,"",07:20,FALSE
fare_DEL-BOM_IX_2026-10-08_T+30_1788903777307_80zo,DEL-BOM,EaseMyTrip,IX,IX-1057,2026-10-08,T+30,8142,1787,9929,2026-09-08T21:20:32.644Z,FALSE,"",06:20,FALSE
fare_DEL-BOM_6E_2026-10-08_T+30_1788903777307_16ay,DEL-BOM,EaseMyTrip,6E,6E-2349,2026-10-08,T+30,7637,1677,9314,2026-09-08T21:20:32.644Z,FALSE,"",10:55,FALSE
fare_DEL-BOM_AI_2026-10-08_T+30_1788903777307_t8pk,DEL-BOM,EaseMyTrip,AI,AI-1745,2026-10-08,T+30,8190,1798,9988,2026-09-08T21:20:32.644Z,FALSE,"",05:00,TRUE
fare_DEL-BOM_AI_2026-10-08_T+30_1788903777307_5gzp,DEL-BOM,EaseMyTrip,AI,AI-2499,2026-10-08,T+30,8562,1880,10442,2026-09-08T21:20:32.644Z,FALSE,"",06:00,FALSE
fare_DEL-BOM_AI_2026-10-08_T+30_1788903777307_2sh1,DEL-BOM,EaseMyTrip,AI,AI-2569,2026-10-08,T+30,8562,1880,10442,2026-09-08T21:20:32.644Z,FALSE,"",20:30,FALSE
fare_DEL-BOM_AI_2026-10-08_T+30_1788903777307_oq28,DEL-BOM,EaseMyTrip,AI,AI-1710,2026-10-08,T+30,8562,1880,10442,2026-09-08T21:20:32.644Z,FALSE,"",18:35,FALSE
fare_DEL-BOM_AI_2026-10-08_T+30_1788903777307_gv1f,DEL-BOM,EaseMyTrip,AI,AI-1717,2026-10-08,T+30,8562,1880,10442,2026-09-08T21:20:32.644Z,FALSE,"",14:20,FALSE
fare_DEL-BOM_AI_2026-10-08_T+30_1788903777307_bpby,DEL-BOM,EaseMyTrip,AI,AI-1705,2026-10-08,T+30,8852,1943,10795,2026-09-08T21:20:32.644Z,FALSE,"",06:30,FALSE
fare_DEL-BOM_AI_2026-10-08_T+30_1788903777307_aq4f,DEL-BOM,EaseMyTrip,AI,AI-2761,2026-10-08,T+30,9190,2017,11207,2026-09-08T21:20:32.644Z,FALSE,"",16:25,FALSE
fare_DEL-BOM_AI_2026-10-08_T+30_1788903777307_xzjw,DEL-BOM,EaseMyTrip,AI,AI-9920,2026-10-08,T+30,9790,2149,11939,2026-09-08T21:20:32.644Z,FALSE,"",10:50,FALSE
fare_DEL-BOM_AI_2026-10-08_T+30_1788903777307_9o5x,DEL-BOM,EaseMyTrip,AI,AI-9757,2026-10-08,T+30,9895,2172,12067,2026-09-08T21:20:32.644Z,FALSE,"",11:50,FALSE
fare_DEL-BOM_AI_2026-10-08_T+30_1788903777307_ufzs,DEL-BOM,EaseMyTrip,AI,AI-9759,2026-10-08,T+30,9895,2172,12067,2026-09-08T21:20:32.644Z,FALSE,"",06:00,FALSE
fare_DEL-BOM_AI_2026-10-08_T+30_1788903777307_2m91,DEL-BOM,EaseMyTrip,AI,AI-2509,2026-10-08,T+30,10243,2249,12492,2026-09-08T21:20:32.644Z,FALSE,"",07:00,FALSE
fare_DEL-BOM_QP_2026-10-08_T+30_1788903777307_ewww,DEL-BOM,EaseMyTrip,QP,QP-1822,2026-10-08,T+30,10397,2282,12679,2026-09-08T21:20:32.644Z,FALSE,"",16:40,FALSE
fare_DEL-BOM_IX_2026-10-08_T+30_1788903777307_6jk7,DEL-BOM,EaseMyTrip,IX,IX-1068,2026-10-08,T+30,10871,2386,13257,2026-09-08T21:20:32.644Z,TRUE,"High outlier: ₹13257 > upper fence ₹12875 (Q3: ₹9068, IQR: ₹2538)",11:55,FALSE
fare_DEL-BOM_6E_2026-10-08_T+30_1788903777307_8blp,DEL-BOM,EaseMyTrip,6E,6E-942,2026-10-08,T+30,10492,2303,12795,2026-09-08T21:20:32.644Z,FALSE,"",23:15,FALSE
fare_DEL-BOM_6E_2026-10-08_T+30_1788903777307_yw4d,DEL-BOM,EaseMyTrip,6E,6E-600,2026-10-08,T+30,10492,2303,12795,2026-09-08T21:20:32.644Z,FALSE,"",23:15,FALSE
fare_DEL-BOM_AI_2026-10-08_T+30_1788903777307_67sg,DEL-BOM,EaseMyTrip,AI,AI-2715,2026-10-08,T+30,11186,2455,13641,2026-09-08T21:20:32.644Z,TRUE,"High outlier: ₹13641 > upper fence ₹12875 (Q3: ₹9068, IQR: ₹2538)",11:40,FALSE
fare_DEL-BOM_AI_2026-10-08_T+30_1788903777307_kfss,DEL-BOM,EaseMyTrip,AI,AI-2959,2026-10-08,T+30,11186,2455,13641,2026-09-08T21:20:32.644Z,TRUE,"High outlier: ₹13641 > upper fence ₹12875 (Q3: ₹9068, IQR: ₹2538)",07:10,FALSE
fare_DEL-BOM_AI_2026-10-08_T+30_1788903777307_hkgy,DEL-BOM,EaseMyTrip,AI,AI-2545,2026-10-08,T+30,11186,2455,13641,2026-09-08T21:20:32.644Z,TRUE,"High outlier: ₹13641 > upper fence ₹12875 (Q3: ₹9068, IQR: ₹2538)",20:30,FALSE
fare_DEL-BOM_AI_2026-10-08_T+30_1788903777307_vwib,DEL-BOM,EaseMyTrip,AI,AI-809,2026-10-08,T+30,11273,2475,13748,2026-09-08T21:20:32.644Z,TRUE,"High outlier: ₹13748 > upper fence ₹12875 (Q3: ₹9068, IQR: ₹2538)",17:40,FALSE
fare_DEL-BOM_AI_2026-10-08_T+30_1788903777307_69dw,DEL-BOM,EaseMyTrip,AI,AI-423,2026-10-08,T+30,11273,2475,13748,2026-09-08T21:20:32.644Z,TRUE,"High outlier: ₹13748 > upper fence ₹12875 (Q3: ₹9068, IQR: ₹2538)",09:50,FALSE
fare_DEL-BOM_AI_2026-10-08_T+30_1788903777307_u2a6,DEL-BOM,EaseMyTrip,AI,AI-2909,2026-10-08,T+30,11273,2475,13748,2026-09-08T21:20:32.644Z,TRUE,"High outlier: ₹13748 > upper fence ₹12875 (Q3: ₹9068, IQR: ₹2538)",22:30,FALSE
fare_DEL-BOM_AI_2026-10-08_T+30_1788903777307_jsyw,DEL-BOM,EaseMyTrip,AI,AI-9540,2026-10-08,T+30,11377,2497,13874,2026-09-08T21:20:32.644Z,TRUE,"High outlier: ₹13874 > upper fence ₹12875 (Q3: ₹9068, IQR: ₹2538)",05:00,FALSE
fare_DEL-BOM_AI_2026-10-08_T+30_1788903777307_e14u,DEL-BOM,EaseMyTrip,AI,AI-9418,2026-10-08,T+30,11407,2504,13911,2026-09-08T21:20:32.644Z,TRUE,"High outlier: ₹13911 > upper fence ₹12875 (Q3: ₹9068, IQR: ₹2538)",13:10,FALSE
fare_DEL-BOM_AI_2026-10-08_T+30_1788903777307_2s2z,DEL-BOM,EaseMyTrip,AI,AI-817,2026-10-08,T+30,11463,2516,13979,2026-09-08T21:20:32.644Z,TRUE,"High outlier: ₹13979 > upper fence ₹12875 (Q3: ₹9068, IQR: ₹2538)",05:55,FALSE
fare_DEL-BOM_AI_2026-10-08_T+30_1788903777307_8uf9,DEL-BOM,EaseMyTrip,AI,AI-9584,2026-10-08,T+30,12047,2644,14691,2026-09-08T21:20:32.644Z,TRUE,"High outlier: ₹14691 > upper fence ₹12875 (Q3: ₹9068, IQR: ₹2538)",11:15,FALSE
fare_DEL-BOM_6E_2026-10-08_T+30_1788903777307_4odc,DEL-BOM,EaseMyTrip,6E,6E-5298,2026-10-08,T+30,12303,2701,15004,2026-09-08T21:20:32.644Z,TRUE,"High outlier: ₹15004 > upper fence ₹12875 (Q3: ₹9068, IQR: ₹2538)",09:00,FALSE
fare_DEL-BOM_AI_2026-10-08_T+30_1788903777307_qwl7,DEL-BOM,EaseMyTrip,AI,AI-885,2026-10-08,T+30,12761,2801,15562,2026-09-08T21:20:32.644Z,TRUE,"High outlier: ₹15562 > upper fence ₹12875 (Q3: ₹9068, IQR: ₹2538)",07:25,FALSE
fare_DEL-BOM_AI_2026-10-08_T+30_1788903777307_cwvd,DEL-BOM,EaseMyTrip,AI,AI-1743,2026-10-08,T+30,13065,2868,15933,2026-09-08T21:20:32.644Z,TRUE,"High outlier: ₹15933 > upper fence ₹12875 (Q3: ₹9068, IQR: ₹2538)",06:15,FALSE
fare_DEL-BOM_AI_2026-10-08_T+30_1788903777307_42bb,DEL-BOM,EaseMyTrip,AI,AI-487,2026-10-08,T+30,13099,2875,15974,2026-09-08T21:20:32.644Z,TRUE,"High outlier: ₹15974 > upper fence ₹12875 (Q3: ₹9068, IQR: ₹2538)",16:00,FALSE
fare_DEL-BOM_AI_2026-10-08_T+30_1788903777307_c84o,DEL-BOM,EaseMyTrip,AI,AI-2907,2026-10-08,T+30,13927,3057,16984,2026-09-08T21:20:32.644Z,TRUE,"High outlier: ₹16984 > upper fence ₹12875 (Q3: ₹9068, IQR: ₹2538)",12:00,FALSE
fare_DEL-BOM_AI_2026-10-08_T+30_1788903777307_4h6u,DEL-BOM,EaseMyTrip,AI,AI-1773,2026-10-08,T+30,14497,3182,17679,2026-09-08T21:20:32.644Z,TRUE,"High outlier: ₹17679 > upper fence ₹12875 (Q3: ₹9068, IQR: ₹2538)",10:30,FALSE
fare_DEL-BOM_AI_2026-10-08_T+30_1788903777307_vjsg,DEL-BOM,EaseMyTrip,AI,AI-1703,2026-10-08,T+30,14497,3182,17679,2026-09-08T21:20:32.644Z,TRUE,"High outlier: ₹17679 > upper fence ₹12875 (Q3: ₹9068, IQR: ₹2538)",05:10,FALSE
fare_DEL-BOM_AI_2026-10-08_T+30_1788903777307_zz3w,DEL-BOM,EaseMyTrip,AI,AI-2577,2026-10-08,T+30,16071,3528,19599,2026-09-08T21:20:32.644Z,TRUE,"High outlier: ₹19599 > upper fence ₹12875 (Q3: ₹9068, IQR: ₹2538)",02:00,FALSE
fare_DEL-BOM_AI_2026-10-08_T+30_1788903777307_8od2,DEL-BOM,EaseMyTrip,AI,AI-2465,2026-10-08,T+30,16422,3605,20027,2026-09-08T21:20:32.644Z,TRUE,"High outlier: ₹20027 > upper fence ₹12875 (Q3: ₹9068, IQR: ₹2538)",14:30,FALSE
fare_DEL-BOM_AI_2026-10-08_T+30_1788903777307_gd29,DEL-BOM,EaseMyTrip,AI,AI-1739,2026-10-08,T+30,17263,3790,21053,2026-09-08T21:20:32.644Z,TRUE,"High outlier: ₹21053 > upper fence ₹12875 (Q3: ₹9068, IQR: ₹2538)",11:30,FALSE
fare_DEL-BOM_AI_2026-10-08_T+30_1788903777307_zgcp,DEL-BOM,EaseMyTrip,AI,AI-2525,2026-10-08,T+30,18475,4056,22531,2026-09-08T21:20:32.644Z,TRUE,"High outlier: ₹22531 > upper fence ₹12875 (Q3: ₹9068, IQR: ₹2538)",06:00,FALSE
fare_DEL-BOM_IX_2026-10-23_T+45_1788903777309_1q66,DEL-BOM,EaseMyTrip,IX,IX-1165,2026-10-23,T+45,5568,1222,6790,2026-09-08T21:20:41.198Z,FALSE,"",06:00,FALSE
fare_DEL-BOM_IX_2026-10-23_T+45_1788903777309_s5tf,DEL-BOM,EaseMyTrip,IX,IX-1392,2026-10-23,T+45,5568,1222,6790,2026-09-08T21:20:41.198Z,FALSE,"",23:25,FALSE
fare_DEL-BOM_IX_2026-10-23_T+45_1788903777309_j16b,DEL-BOM,EaseMyTrip,IX,IX-1024,2026-10-23,T+45,5755,1263,7018,2026-09-08T21:20:41.198Z,FALSE,"",18:40,TRUE
fare_DEL-BOM_SG_2026-10-23_T+45_1788903777309_hacs,DEL-BOM,EaseMyTrip,SG,SG-745,2026-10-23,T+45,5353,1175,6528,2026-09-08T21:20:41.198Z,FALSE,"",19:55,TRUE
fare_DEL-BOM_SG_2026-10-23_T+45_1788903777309_apw6,DEL-BOM,EaseMyTrip,SG,SG-880,2026-10-23,T+45,5353,1175,6528,2026-09-08T21:20:41.198Z,FALSE,"",19:55,TRUE
fare_DEL-BOM_SG_2026-10-23_T+45_1788903777309_oglb,DEL-BOM,EaseMyTrip,SG,SG-242,2026-10-23,T+45,5353,1175,6528,2026-09-08T21:20:41.198Z,FALSE,"",22:30,TRUE
fare_DEL-BOM_SG_2026-10-23_T+45_1788903777309_gb2b,DEL-BOM,EaseMyTrip,SG,SG-874,2026-10-23,T+45,5353,1175,6528,2026-09-08T21:20:41.198Z,FALSE,"",22:30,TRUE
fare_DEL-BOM_QP_2026-10-23_T+45_1788903777309_uprz,DEL-BOM,EaseMyTrip,QP,QP-2012,2026-10-23,T+45,5330,1170,6500,2026-09-08T21:20:41.198Z,FALSE,"",08:55,TRUE
fare_DEL-BOM_IX_2026-10-23_T+45_1788903777309_rq5m,DEL-BOM,EaseMyTrip,IX,IX-1049,2026-10-23,T+45,5902,1295,7197,2026-09-08T21:20:41.198Z,FALSE,"",18:40,FALSE
fare_DEL-BOM_6E_2026-10-23_T+45_1788903777309_xcay,DEL-BOM,EaseMyTrip,6E,6E-5096,2026-10-23,T+45,5592,1227,6819,2026-09-08T21:20:41.198Z,FALSE,"",15:05,TRUE
fare_DEL-BOM_IX_2026-10-23_T+45_1788903777309_05aq,DEL-BOM,EaseMyTrip,IX,IX-1056,2026-10-23,T+45,5878,1290,7168,2026-09-08T21:20:41.198Z,FALSE,"",17:50,TRUE
fare_DEL-BOM_IX_2026-10-23_T+45_1788903777309_9mau,DEL-BOM,EaseMyTrip,IX,IX-1235,2026-10-23,T+45,5878,1290,7168,2026-09-08T21:20:41.198Z,FALSE,"",23:25,TRUE
fare_DEL-BOM_QP_2026-10-23_T+45_1788903777309_tiws,DEL-BOM,EaseMyTrip,QP,QP-1833,2026-10-23,T+45,5721,1256,6977,2026-09-08T21:20:41.198Z,FALSE,"",06:50,TRUE
fare_DEL-BOM_QP_2026-10-23_T+45_1788903777309_5ucn,DEL-BOM,EaseMyTrip,QP,QP-1128,2026-10-23,T+45,5721,1256,6977,2026-09-08T21:20:41.198Z,FALSE,"",16:00,TRUE
fare_DEL-BOM_IX_2026-10-23_T+45_1788903777309_y9nz,DEL-BOM,EaseMyTrip,IX,IX-1038,2026-10-23,T+45,6370,1398,7768,2026-09-08T21:20:41.198Z,FALSE,"",17:35,TRUE
fare_DEL-BOM_6E_2026-10-23_T+45_1788903777309_fa3h,DEL-BOM,EaseMyTrip,6E,6E-476,2026-10-23,T+45,5756,1263,7019,2026-09-08T21:20:41.198Z,FALSE,"",03:00,TRUE
fare_DEL-BOM_6E_2026-10-23_T+45_1788903777309_l8wz,DEL-BOM,EaseMyTrip,6E,6E-321,2026-10-23,T+45,5756,1263,7019,2026-09-08T21:20:41.198Z,FALSE,"",03:00,TRUE
fare_DEL-BOM_6E_2026-10-23_T+45_1788903777309_wrbf,DEL-BOM,EaseMyTrip,6E,6E-569,2026-10-23,T+45,5756,1263,7019,2026-09-08T21:20:41.198Z,FALSE,"",23:30,TRUE
fare_DEL-BOM_6E_2026-10-23_T+45_1788903777309_ex9d,DEL-BOM,EaseMyTrip,6E,6E-145,2026-10-23,T+45,5756,1263,7019,2026-09-08T21:20:41.198Z,FALSE,"",23:30,TRUE
fare_DEL-BOM_6E_2026-10-23_T+45_1788903777309_cqrp,DEL-BOM,EaseMyTrip,6E,6E-6114,2026-10-23,T+45,5756,1263,7019,2026-09-08T21:20:41.198Z,FALSE,"",22:45,TRUE
fare_DEL-BOM_6E_2026-10-23_T+45_1788903777309_f5da,DEL-BOM,EaseMyTrip,6E,6E-501,2026-10-23,T+45,5756,1263,7019,2026-09-08T21:20:41.198Z,FALSE,"",21:45,TRUE
fare_DEL-BOM_6E_2026-10-23_T+45_1788903777309_8mk0,DEL-BOM,EaseMyTrip,6E,6E-104,2026-10-23,T+45,5756,1263,7019,2026-09-08T21:20:41.198Z,FALSE,"",21:45,TRUE
fare_DEL-BOM_6E_2026-10-23_T+45_1788903777309_7q6z,DEL-BOM,EaseMyTrip,6E,6E-6706,2026-10-23,T+45,5756,1263,7019,2026-09-08T21:20:41.198Z,FALSE,"",17:00,TRUE
fare_DEL-BOM_6E_2026-10-23_T+45_1788903777309_kmkd,DEL-BOM,EaseMyTrip,6E,6E-557,2026-10-23,T+45,5756,1263,7019,2026-09-08T21:20:41.198Z,FALSE,"",16:15,TRUE
fare_DEL-BOM_6E_2026-10-23_T+45_1788903777309_v2mi,DEL-BOM,EaseMyTrip,6E,6E-605,2026-10-23,T+45,5756,1263,7019,2026-09-08T21:20:41.198Z,FALSE,"",16:15,TRUE
fare_DEL-BOM_6E_2026-10-23_T+45_1788903777309_87lv,DEL-BOM,EaseMyTrip,6E,6E-178,2026-10-23,T+45,5756,1263,7019,2026-09-08T21:20:41.198Z,FALSE,"",15:30,TRUE
fare_DEL-BOM_6E_2026-10-23_T+45_1788903777309_8ci4,DEL-BOM,EaseMyTrip,6E,6E-470,2026-10-23,T+45,5756,1263,7019,2026-09-08T21:20:41.198Z,FALSE,"",15:30,TRUE
fare_DEL-BOM_6E_2026-10-23_T+45_1788903777309_zloq,DEL-BOM,EaseMyTrip,6E,6E-6022,2026-10-23,T+45,5756,1263,7019,2026-09-08T21:20:41.198Z,FALSE,"",14:00,TRUE
fare_DEL-BOM_6E_2026-10-23_T+45_1788903777309_bd9r,DEL-BOM,EaseMyTrip,6E,6E-6318,2026-10-23,T+45,5756,1263,7019,2026-09-08T21:20:41.198Z,FALSE,"",14:45,TRUE
fare_DEL-BOM_6E_2026-10-23_T+45_1788903777309_3knr,DEL-BOM,EaseMyTrip,6E,6E-853,2026-10-23,T+45,5756,1263,7019,2026-09-08T21:20:41.198Z,FALSE,"",05:00,TRUE
fare_DEL-BOM_6E_2026-10-23_T+45_1788903777309_y9pi,DEL-BOM,EaseMyTrip,6E,6E-971,2026-10-23,T+45,5756,1263,7019,2026-09-08T21:20:41.198Z,FALSE,"",05:00,TRUE
fare_DEL-BOM_6E_2026-10-23_T+45_1788903777309_62u8,DEL-BOM,EaseMyTrip,6E,6E-6218,2026-10-23,T+45,5756,1263,7019,2026-09-08T21:20:41.198Z,FALSE,"",06:05,TRUE
fare_DEL-BOM_6E_2026-10-23_T+45_1788903777309_1is6,DEL-BOM,EaseMyTrip,6E,6E-760,2026-10-23,T+45,5756,1263,7019,2026-09-08T21:20:41.198Z,FALSE,"",08:00,TRUE
fare_DEL-BOM_6E_2026-10-23_T+45_1788903777309_9stu,DEL-BOM,EaseMyTrip,6E,6E-765,2026-10-23,T+45,5756,1263,7019,2026-09-08T21:20:41.198Z,FALSE,"",08:00,TRUE
fare_DEL-BOM_6E_2026-10-23_T+45_1788903777309_dcuu,DEL-BOM,EaseMyTrip,6E,6E-6107,2026-10-23,T+45,5756,1263,7019,2026-09-08T21:20:41.198Z,FALSE,"",09:30,TRUE
fare_DEL-BOM_6E_2026-10-23_T+45_1788903777309_v3ob,DEL-BOM,EaseMyTrip,6E,6E-6328,2026-10-23,T+45,5756,1263,7019,2026-09-08T21:20:41.198Z,FALSE,"",10:15,TRUE
fare_DEL-BOM_6E_2026-10-23_T+45_1788903777309_14mu,DEL-BOM,EaseMyTrip,6E,6E-6047,2026-10-23,T+45,5756,1263,7019,2026-09-08T21:20:41.198Z,FALSE,"",11:00,TRUE
fare_DEL-BOM_6E_2026-10-23_T+45_1788903777309_geim,DEL-BOM,EaseMyTrip,6E,6E-6676,2026-10-23,T+45,5756,1263,7019,2026-09-08T21:20:41.198Z,FALSE,"",12:00,TRUE
fare_DEL-BOM_6E_2026-10-23_T+45_1788903777309_lbhu,DEL-BOM,EaseMyTrip,6E,6E-653,2026-10-23,T+45,5756,1263,7019,2026-09-08T21:20:41.198Z,FALSE,"",13:00,TRUE
fare_DEL-BOM_6E_2026-10-23_T+45_1788903777309_42km,DEL-BOM,EaseMyTrip,6E,6E-770,2026-10-23,T+45,5756,1263,7019,2026-09-08T21:20:41.198Z,FALSE,"",13:00,TRUE
fare_DEL-BOM_IX_2026-10-23_T+45_1788903777309_juh9,DEL-BOM,EaseMyTrip,IX,IX-1082,2026-10-23,T+45,6339,1391,7730,2026-09-08T21:20:41.198Z,FALSE,"",21:25,FALSE
fare_DEL-BOM_6E_2026-10-23_T+45_1788903777309_zy1o,DEL-BOM,EaseMyTrip,6E,6E-837,2026-10-23,T+45,5802,1273,7075,2026-09-08T21:20:41.198Z,FALSE,"",14:50,FALSE
fare_DEL-BOM_6E_2026-10-23_T+45_1788903777309_ltcm,DEL-BOM,EaseMyTrip,6E,6E-340,2026-10-23,T+45,5802,1273,7075,2026-09-08T21:20:41.198Z,FALSE,"",14:50,FALSE
fare_DEL-BOM_6E_2026-10-23_T+45_1788903777309_e5sw,DEL-BOM,EaseMyTrip,6E,6E-5119,2026-10-23,T+45,5802,1273,7075,2026-09-08T21:20:41.198Z,FALSE,"",05:10,FALSE
fare_DEL-BOM_6E_2026-10-23_T+45_1788903777309_etmo,DEL-BOM,EaseMyTrip,6E,6E-6190,2026-10-23,T+45,5802,1273,7075,2026-09-08T21:20:41.198Z,FALSE,"",07:40,FALSE
fare_DEL-BOM_6E_2026-10-23_T+45_1788903777309_4noa,DEL-BOM,EaseMyTrip,6E,6E-2341,2026-10-23,T+45,5802,1273,7075,2026-09-08T21:20:41.198Z,FALSE,"",14:50,FALSE
fare_DEL-BOM_6E_2026-10-23_T+45_1788903777309_snsk,DEL-BOM,EaseMyTrip,6E,6E-2331,2026-10-23,T+45,5802,1273,7075,2026-09-08T21:20:41.198Z,FALSE,"",12:20,FALSE
fare_DEL-BOM_6E_2026-10-23_T+45_1788903777309_swqj,DEL-BOM,EaseMyTrip,6E,6E-6261,2026-10-23,T+45,5802,1273,7075,2026-09-08T21:20:41.198Z,FALSE,"",00:15,FALSE
fare_DEL-BOM_6E_2026-10-23_T+45_1788903777309_eu7n,DEL-BOM,EaseMyTrip,6E,6E-886,2026-10-23,T+45,5802,1273,7075,2026-09-08T21:20:41.198Z,FALSE,"",10:00,FALSE
fare_DEL-BOM_6E_2026-10-23_T+45_1788903777309_q7en,DEL-BOM,EaseMyTrip,6E,6E-429,2026-10-23,T+45,5802,1273,7075,2026-09-08T21:20:41.198Z,FALSE,"",10:00,FALSE
fare_DEL-BOM_QP_2026-10-23_T+45_1788903777309_782o,DEL-BOM,EaseMyTrip,QP,QP-1110,2026-10-23,T+45,5824,1279,7103,2026-09-08T21:20:41.198Z,FALSE,"",10:00,TRUE
fare_DEL-BOM_QP_2026-10-23_T+45_1788903777309_0kvh,DEL-BOM,EaseMyTrip,QP,QP-1820,2026-10-23,T+45,5824,1279,7103,2026-09-08T21:20:41.198Z,FALSE,"",17:30,TRUE
fare_DEL-BOM_QP_2026-10-23_T+45_1788903777309_douo,DEL-BOM,EaseMyTrip,QP,QP-1119,2026-10-23,T+45,5824,1279,7103,2026-09-08T21:20:41.198Z,FALSE,"",08:40,TRUE
fare_DEL-BOM_6E_2026-10-23_T+45_1788903777309_k5s3,DEL-BOM,EaseMyTrip,6E,6E-5014,2026-10-23,T+45,5838,1282,7120,2026-09-08T21:20:41.198Z,FALSE,"",18:30,FALSE
fare_DEL-BOM_6E_2026-10-23_T+45_1788903777309_tkw0,DEL-BOM,EaseMyTrip,6E,6E-5073,2026-10-23,T+45,5838,1282,7120,2026-09-08T21:20:41.198Z,FALSE,"",17:05,FALSE
fare_DEL-BOM_6E_2026-10-23_T+45_1788903777309_mdb8,DEL-BOM,EaseMyTrip,6E,6E-6171,2026-10-23,T+45,5838,1282,7120,2026-09-08T21:20:41.198Z,FALSE,"",05:40,FALSE
fare_DEL-BOM_6E_2026-10-23_T+45_1788903777309_x5za,DEL-BOM,EaseMyTrip,6E,6E-2076,2026-10-23,T+45,5838,1282,7120,2026-09-08T21:20:41.198Z,FALSE,"",07:30,FALSE
fare_DEL-BOM_6E_2026-10-23_T+45_1788903777309_v93i,DEL-BOM,EaseMyTrip,6E,6E-6983,2026-10-23,T+45,5838,1282,7120,2026-09-08T21:20:41.198Z,FALSE,"",15:35,FALSE
fare_DEL-BOM_6E_2026-10-23_T+45_1788903777309_9cy7,DEL-BOM,EaseMyTrip,6E,6E-503,2026-10-23,T+45,5838,1282,7120,2026-09-08T21:20:41.198Z,FALSE,"",19:30,FALSE
fare_DEL-BOM_6E_2026-10-23_T+45_1788903777309_wpir,DEL-BOM,EaseMyTrip,6E,6E-507,2026-10-23,T+45,5838,1282,7120,2026-09-08T21:20:41.198Z,FALSE,"",19:30,FALSE
fare_DEL-BOM_6E_2026-10-23_T+45_1788903777309_l8s1,DEL-BOM,EaseMyTrip,6E,6E-2013,2026-10-23,T+45,5838,1282,7120,2026-09-08T21:20:41.198Z,FALSE,"",21:50,FALSE
fare_DEL-BOM_6E_2026-10-23_T+45_1788903777309_2qqi,DEL-BOM,EaseMyTrip,6E,6E-961,2026-10-23,T+45,5879,1290,7169,2026-09-08T21:20:41.198Z,FALSE,"",20:45,TRUE
fare_DEL-BOM_6E_2026-10-23_T+45_1788903777309_a014,DEL-BOM,EaseMyTrip,6E,6E-198,2026-10-23,T+45,5879,1290,7169,2026-09-08T21:20:41.198Z,FALSE,"",20:45,TRUE
fare_DEL-BOM_6E_2026-10-23_T+45_1788903777309_g8wl,DEL-BOM,EaseMyTrip,6E,6E-260,2026-10-23,T+45,5879,1290,7169,2026-09-08T21:20:41.198Z,FALSE,"",08:45,TRUE
fare_DEL-BOM_6E_2026-10-23_T+45_1788903777309_jpt7,DEL-BOM,EaseMyTrip,6E,6E-571,2026-10-23,T+45,5879,1290,7169,2026-09-08T21:20:41.198Z,FALSE,"",08:45,TRUE
fare_DEL-BOM_6E_2026-10-23_T+45_1788903777309_jsu3,DEL-BOM,EaseMyTrip,6E,6E-6490,2026-10-23,T+45,5910,1297,7207,2026-09-08T21:20:41.198Z,FALSE,"",04:55,FALSE
fare_DEL-BOM_6E_2026-10-23_T+45_1788903777309_ueeh,DEL-BOM,EaseMyTrip,6E,6E-2249,2026-10-23,T+45,5910,1297,7207,2026-09-08T21:20:41.198Z,FALSE,"",15:00,FALSE
fare_DEL-BOM_6E_2026-10-23_T+45_1788903777309_mc44,DEL-BOM,EaseMyTrip,6E,6E-2169,2026-10-23,T+45,5947,1305,7252,2026-09-08T21:20:41.198Z,FALSE,"",19:20,FALSE
fare_DEL-BOM_6E_2026-10-23_T+45_1788903777309_hd4t,DEL-BOM,EaseMyTrip,6E,6E-6829,2026-10-23,T+45,5947,1305,7252,2026-09-08T21:20:41.198Z,FALSE,"",17:20,FALSE
fare_DEL-BOM_6E_2026-10-23_T+45_1788903777309_d4yc,DEL-BOM,EaseMyTrip,6E,6E-6443,2026-10-23,T+45,5947,1305,7252,2026-09-08T21:20:41.198Z,FALSE,"",09:00,FALSE
fare_DEL-BOM_6E_2026-10-23_T+45_1788903777309_39rp,DEL-BOM,EaseMyTrip,6E,6E-6433,2026-10-23,T+45,5947,1305,7252,2026-09-08T21:20:41.198Z,FALSE,"",16:30,FALSE
fare_DEL-BOM_6E_2026-10-23_T+45_1788903777309_t0wl,DEL-BOM,EaseMyTrip,6E,6E-5138,2026-10-23,T+45,5947,1305,7252,2026-09-08T21:20:41.198Z,FALSE,"",19:10,FALSE
fare_DEL-BOM_6E_2026-10-23_T+45_1788903777309_dkx3,DEL-BOM,EaseMyTrip,6E,6E-6459,2026-10-23,T+45,5947,1305,7252,2026-09-08T21:20:41.198Z,FALSE,"",05:55,FALSE
fare_DEL-BOM_AI_2026-10-23_T+45_1788903777309_nl3z,DEL-BOM,EaseMyTrip,AI,AI-2678,2026-10-23,T+45,6141,1348,7489,2026-09-08T21:20:41.198Z,FALSE,"",08:30,TRUE
fare_DEL-BOM_AI_2026-10-23_T+45_1788903777309_8try,DEL-BOM,EaseMyTrip,AI,AI-2975,2026-10-23,T+45,6141,1348,7489,2026-09-08T21:20:41.198Z,FALSE,"",06:30,TRUE
fare_DEL-BOM_AI_2026-10-23_T+45_1788903777309_3vyh,DEL-BOM,EaseMyTrip,AI,AI-2425,2026-10-23,T+45,6141,1348,7489,2026-09-08T21:20:41.198Z,FALSE,"",10:30,TRUE
fare_DEL-BOM_AI_2026-10-23_T+45_1788903777309_50kh,DEL-BOM,EaseMyTrip,AI,AI-2951,2026-10-23,T+45,6141,1348,7489,2026-09-08T21:20:41.198Z,FALSE,"",13:30,TRUE
fare_DEL-BOM_AI_2026-10-23_T+45_1788903777309_fqrn,DEL-BOM,EaseMyTrip,AI,AI-1745,2026-10-23,T+45,6141,1348,7489,2026-09-08T21:20:41.198Z,FALSE,"",05:00,TRUE
fare_DEL-BOM_AI_2026-10-23_T+45_1788903777309_78fu,DEL-BOM,EaseMyTrip,AI,AI-2995,2026-10-23,T+45,6141,1348,7489,2026-09-08T21:20:41.198Z,FALSE,"",10:00,TRUE
fare_DEL-BOM_AI_2026-10-23_T+45_1788903777309_1bu3,DEL-BOM,EaseMyTrip,AI,AI-2945,2026-10-23,T+45,6141,1348,7489,2026-09-08T21:20:41.198Z,FALSE,"",11:00,TRUE
fare_DEL-BOM_AI_2026-10-23_T+45_1788903777309_e5sy,DEL-BOM,EaseMyTrip,AI,AI-2441,2026-10-23,T+45,6141,1348,7489,2026-09-08T21:20:41.198Z,FALSE,"",14:10,TRUE
fare_DEL-BOM_AI_2026-10-23_T+45_1788903777309_3pyz,DEL-BOM,EaseMyTrip,AI,AI-2933,2026-10-23,T+45,6141,1348,7489,2026-09-08T21:20:41.198Z,FALSE,"",15:30,TRUE
fare_DEL-BOM_AI_2026-10-23_T+45_1788903777309_zdqb,DEL-BOM,EaseMyTrip,AI,AI-2927,2026-10-23,T+45,6141,1348,7489,2026-09-08T21:20:41.198Z,FALSE,"",09:30,TRUE
fare_DEL-BOM_6E_2026-10-23_T+45_1788903777309_w8mm,DEL-BOM,EaseMyTrip,6E,6E-6479,2026-10-23,T+45,6011,1319,7330,2026-09-08T21:20:41.198Z,FALSE,"",21:25,FALSE
fare_DEL-BOM_6E_2026-10-23_T+45_1788903777309_tktz,DEL-BOM,EaseMyTrip,6E,6E-6050,2026-10-23,T+45,6011,1319,7330,2026-09-08T21:20:41.198Z,FALSE,"",08:15,FALSE
fare_DEL-BOM_6E_2026-10-23_T+45_1788903777309_gwmk,DEL-BOM,EaseMyTrip,6E,6E-2113,2026-10-23,T+45,6011,1319,7330,2026-09-08T21:20:41.198Z,FALSE,"",13:20,FALSE
fare_DEL-BOM_6E_2026-10-23_T+45_1788903777309_1u4k,DEL-BOM,EaseMyTrip,6E,6E-762,2026-10-23,T+45,6100,1339,7439,2026-09-08T21:20:41.198Z,FALSE,"",20:20,TRUE
fare_DEL-BOM_6E_2026-10-23_T+45_1788903777309_33zk,DEL-BOM,EaseMyTrip,6E,6E-216,2026-10-23,T+45,6100,1339,7439,2026-09-08T21:20:41.198Z,FALSE,"",20:20,TRUE
fare_DEL-BOM_6E_2026-10-23_T+45_1788903777309_a9nj,DEL-BOM,EaseMyTrip,6E,6E-6470,2026-10-23,T+45,6100,1339,7439,2026-09-08T21:20:41.198Z,FALSE,"",06:55,TRUE
fare_DEL-BOM_6E_2026-10-23_T+45_1788903777309_12q9,DEL-BOM,EaseMyTrip,6E,6E-619,2026-10-23,T+45,6119,1343,7462,2026-09-08T21:20:41.198Z,FALSE,"",17:55,FALSE
fare_DEL-BOM_6E_2026-10-23_T+45_1788903777309_0ha0,DEL-BOM,EaseMyTrip,6E,6E-928,2026-10-23,T+45,6119,1343,7462,2026-09-08T21:20:41.198Z,FALSE,"",17:55,FALSE
fare_DEL-BOM_6E_2026-10-23_T+45_1788903777309_bzns,DEL-BOM,EaseMyTrip,6E,6E-389,2026-10-23,T+45,6125,1344,7469,2026-09-08T21:20:41.198Z,FALSE,"",20:00,TRUE
fare_DEL-BOM_6E_2026-10-23_T+45_1788903777309_d7es,DEL-BOM,EaseMyTrip,6E,6E-747,2026-10-23,T+45,6125,1344,7469,2026-09-08T21:20:41.198Z,FALSE,"",20:00,TRUE
fare_DEL-BOM_6E_2026-10-23_T+45_1788903777309_cnbv,DEL-BOM,EaseMyTrip,6E,6E-520,2026-10-23,T+45,6125,1344,7469,2026-09-08T21:20:41.198Z,FALSE,"",19:00,TRUE
fare_DEL-BOM_6E_2026-10-23_T+45_1788903777309_plol,DEL-BOM,EaseMyTrip,6E,6E-200,2026-10-23,T+45,6125,1344,7469,2026-09-08T21:20:41.198Z,FALSE,"",19:00,TRUE
fare_DEL-BOM_6E_2026-10-23_T+45_1788903777309_2g4z,DEL-BOM,EaseMyTrip,6E,6E-457,2026-10-23,T+45,6125,1344,7469,2026-09-08T21:20:41.198Z,FALSE,"",18:00,TRUE
fare_DEL-BOM_6E_2026-10-23_T+45_1788903777309_9yls,DEL-BOM,EaseMyTrip,6E,6E-161,2026-10-23,T+45,6125,1344,7469,2026-09-08T21:20:41.198Z,FALSE,"",18:00,TRUE
fare_DEL-BOM_6E_2026-10-23_T+45_1788903777309_anfv,DEL-BOM,EaseMyTrip,6E,6E-6814,2026-10-23,T+45,6125,1344,7469,2026-09-08T21:20:41.198Z,FALSE,"",07:15,TRUE
fare_DEL-BOM_AI_2026-10-23_T+45_1788903777309_d52y,DEL-BOM,EaseMyTrip,AI,AI-2943,2026-10-23,T+45,6295,1382,7677,2026-09-08T21:20:41.198Z,FALSE,"",07:30,TRUE
fare_DEL-BOM_AI_2026-10-23_T+45_1788903777309_2ix6,DEL-BOM,EaseMyTrip,AI,AI-1777,2026-10-23,T+45,6295,1382,7677,2026-09-08T21:20:41.198Z,FALSE,"",16:00,TRUE
fare_DEL-BOM_AI_2026-10-23_T+45_1788903777309_2dbg,DEL-BOM,EaseMyTrip,AI,AI-1785,2026-10-23,T+45,6295,1382,7677,2026-09-08T21:20:41.198Z,FALSE,"",12:00,TRUE
fare_DEL-BOM_QP_2026-10-23_T+45_1788903777309_48p3,DEL-BOM,EaseMyTrip,QP,QP-1826,2026-10-23,T+45,6151,1350,7501,2026-09-08T21:20:41.198Z,FALSE,"",19:55,TRUE
fare_DEL-BOM_6E_2026-10-23_T+45_1788903777309_bbag,DEL-BOM,EaseMyTrip,6E,6E-7646,2026-10-23,T+45,6151,1350,7501,2026-09-08T21:20:41.198Z,FALSE,"",06:15,FALSE
fare_DEL-BOM_6E_2026-10-23_T+45_1788903777309_3cbk,DEL-BOM,EaseMyTrip,6E,6E-458,2026-10-23,T+45,6183,1357,7540,2026-09-08T21:20:41.198Z,FALSE,"",19:30,FALSE
fare_DEL-BOM_6E_2026-10-23_T+45_1788903777309_hmmx,DEL-BOM,EaseMyTrip,6E,6E-637,2026-10-23,T+45,6183,1357,7540,2026-09-08T21:20:41.198Z,FALSE,"",19:30,FALSE
fare_DEL-BOM_AI_2026-10-23_T+45_1788903777309_9y7j,DEL-BOM,EaseMyTrip,AI,AI-441,2026-10-23,T+45,6398,1404,7802,2026-09-08T21:20:41.198Z,FALSE,"",17:00,TRUE
fare_DEL-BOM_AI_2026-10-23_T+45_1788903777309_o6pj,DEL-BOM,EaseMyTrip,AI,AI-2439,2026-10-23,T+45,6398,1404,7802,2026-09-08T21:20:41.198Z,FALSE,"",23:00,TRUE
fare_DEL-BOM_6E_2026-10-23_T+45_1788903777309_2w40,DEL-BOM,EaseMyTrip,6E,6E-7653,2026-10-23,T+45,6259,1374,7633,2026-09-08T21:20:41.198Z,FALSE,"",17:20,FALSE
fare_DEL-BOM_IX_2026-10-23_T+45_1788903777309_ez0y,DEL-BOM,EaseMyTrip,IX,IX-1817,2026-10-23,T+45,6831,1499,8330,2026-09-08T21:20:41.198Z,FALSE,"",19:30,FALSE
fare_DEL-BOM_AI_2026-10-23_T+45_1788903777309_t3zh,DEL-BOM,EaseMyTrip,AI,AI-2433,2026-10-23,T+45,6449,1416,7865,2026-09-08T21:20:41.198Z,FALSE,"",21:30,TRUE
fare_DEL-BOM_6E_2026-10-23_T+45_1788903777309_z2yx,DEL-BOM,EaseMyTrip,6E,6E-7626,2026-10-23,T+45,6323,1388,7711,2026-09-08T21:20:41.198Z,FALSE,"",10:30,FALSE
fare_DEL-BOM_AI_2026-10-23_T+45_1788903777309_dscj,DEL-BOM,EaseMyTrip,AI,AI-2429,2026-10-23,T+45,6511,1429,7940,2026-09-08T21:20:41.198Z,FALSE,"",07:00,TRUE
fare_DEL-BOM_AI_2026-10-23_T+45_1788903777309_rbfr,DEL-BOM,EaseMyTrip,AI,AI-1780,2026-10-23,T+45,6511,1429,7940,2026-09-08T21:20:41.198Z,FALSE,"",14:30,TRUE
fare_DEL-BOM_6E_2026-10-23_T+45_1788903777309_uai1,DEL-BOM,EaseMyTrip,6E,6E-5198,2026-10-23,T+45,6449,1416,7865,2026-09-08T21:20:41.198Z,FALSE,"",15:00,TRUE
fare_DEL-BOM_AI_2026-10-23_T+45_1788903777309_xnzq,DEL-BOM,EaseMyTrip,AI,AI-2985,2026-10-23,T+45,6676,1465,8141,2026-09-08T21:20:41.198Z,FALSE,"",19:30,TRUE
fare_DEL-BOM_6E_2026-10-23_T+45_1788903777309_n1fy,DEL-BOM,EaseMyTrip,6E,6E-6026,2026-10-23,T+45,6590,1446,8036,2026-09-08T21:20:41.198Z,FALSE,"",05:30,FALSE
fare_DEL-BOM_6E_2026-10-23_T+45_1788903777309_s0ur,DEL-BOM,EaseMyTrip,6E,6E-2381,2026-10-23,T+45,6590,1446,8036,2026-09-08T21:20:41.198Z,FALSE,"",13:45,FALSE
fare_DEL-BOM_6E_2026-10-23_T+45_1788903777309_eg6c,DEL-BOM,EaseMyTrip,6E,6E-192,2026-10-23,T+45,6590,1446,8036,2026-09-08T21:20:41.198Z,FALSE,"",23:15,FALSE
fare_DEL-BOM_6E_2026-10-23_T+45_1788903777309_zy1y,DEL-BOM,EaseMyTrip,6E,6E-472,2026-10-23,T+45,6590,1446,8036,2026-09-08T21:20:41.198Z,FALSE,"",23:15,FALSE
fare_DEL-BOM_AI_2026-10-23_T+45_1788903777309_k18l,DEL-BOM,EaseMyTrip,AI,AI-2957,2026-10-23,T+45,6786,1490,8276,2026-09-08T21:20:41.198Z,FALSE,"",20:30,TRUE
fare_DEL-BOM_AI_2026-10-23_T+45_1788903777309_i959,DEL-BOM,EaseMyTrip,AI,AI-2805,2026-10-23,T+45,6786,1490,8276,2026-09-08T21:20:41.198Z,FALSE,"",20:00,TRUE
fare_DEL-BOM_AI_2026-10-23_T+45_1788903777309_7xju,DEL-BOM,EaseMyTrip,AI,AI-2981,2026-10-23,T+45,6841,1502,8343,2026-09-08T21:20:41.198Z,FALSE,"",21:00,TRUE
fare_DEL-BOM_AI_2026-10-23_T+45_1788903777309_7tnm,DEL-BOM,EaseMyTrip,AI,AI-2977,2026-10-23,T+45,6951,1526,8477,2026-09-08T21:20:41.198Z,FALSE,"",19:00,TRUE
fare_DEL-BOM_AI_2026-10-23_T+45_1788903777309_0gcr,DEL-BOM,EaseMyTrip,AI,AI-2955,2026-10-23,T+45,6951,1526,8477,2026-09-08T21:20:41.198Z,FALSE,"",18:00,TRUE
fare_DEL-BOM_6E_2026-10-23_T+45_1788903777309_42m6,DEL-BOM,EaseMyTrip,6E,6E-2571,2026-10-23,T+45,6979,1532,8511,2026-09-08T21:20:41.198Z,FALSE,"",10:30,FALSE
fare_DEL-BOM_6E_2026-10-23_T+45_1788903777309_ij53,DEL-BOM,EaseMyTrip,6E,6E-258,2026-10-23,T+45,6999,1536,8535,2026-09-08T21:20:41.198Z,FALSE,"",16:10,FALSE
fare_DEL-BOM_6E_2026-10-23_T+45_1788903777309_0wej,DEL-BOM,EaseMyTrip,6E,6E-6601,2026-10-23,T+45,7106,1560,8666,2026-09-08T21:20:41.198Z,FALSE,"",19:45,FALSE
fare_DEL-BOM_6E_2026-10-23_T+45_1788903777309_n4g6,DEL-BOM,EaseMyTrip,6E,6E-6212,2026-10-23,T+45,7106,1560,8666,2026-09-08T21:20:41.198Z,FALSE,"",14:45,FALSE
fare_DEL-BOM_6E_2026-10-23_T+45_1788903777309_m772,DEL-BOM,EaseMyTrip,6E,6E-6282,2026-10-23,T+45,7106,1560,8666,2026-09-08T21:20:41.198Z,FALSE,"",13:30,FALSE
fare_DEL-BOM_6E_2026-10-23_T+45_1788903777309_xthr,DEL-BOM,EaseMyTrip,6E,6E-233,2026-10-23,T+45,7106,1560,8666,2026-09-08T21:20:41.198Z,FALSE,"",02:25,FALSE
fare_DEL-BOM_6E_2026-10-23_T+45_1788903777309_whzy,DEL-BOM,EaseMyTrip,6E,6E-786,2026-10-23,T+45,7106,1560,8666,2026-09-08T21:20:41.198Z,FALSE,"",02:25,FALSE
fare_DEL-BOM_6E_2026-10-23_T+45_1788903777309_a8i6,DEL-BOM,EaseMyTrip,6E,6E-7642,2026-10-23,T+45,7223,1585,8808,2026-09-08T21:20:41.198Z,FALSE,"",15:45,FALSE
fare_DEL-BOM_6E_2026-10-23_T+45_1788903777309_qz9d,DEL-BOM,EaseMyTrip,6E,6E-5298,2026-10-23,T+45,7568,1661,9229,2026-09-08T21:20:41.198Z,FALSE,"",09:00,FALSE
fare_DEL-BOM_6E_2026-10-23_T+45_1788903777309_jk19,DEL-BOM,EaseMyTrip,6E,6E-5038,2026-10-23,T+45,7568,1661,9229,2026-09-08T21:20:41.198Z,FALSE,"",14:00,FALSE
fare_DEL-BOM_IX_2026-10-23_T+45_1788903777309_z15s,DEL-BOM,EaseMyTrip,IX,IX-1783,2026-10-23,T+45,8142,1787,9929,2026-09-08T21:20:41.198Z,FALSE,"",07:20,FALSE
fare_DEL-BOM_6E_2026-10-23_T+45_1788903777309_lxdi,DEL-BOM,EaseMyTrip,6E,6E-2349,2026-10-23,T+45,7687,1687,9374,2026-09-08T21:20:41.198Z,FALSE,"",10:55,FALSE
fare_DEL-BOM_6E_2026-10-23_T+45_1788903777309_wwb1,DEL-BOM,EaseMyTrip,6E,6E-324,2026-10-23,T+45,7740,1699,9439,2026-09-08T21:20:41.198Z,FALSE,"",12:10,FALSE
fare_DEL-BOM_6E_2026-10-23_T+45_1788903777309_npit,DEL-BOM,EaseMyTrip,6E,6E-969,2026-10-23,T+45,7740,1699,9439,2026-09-08T21:20:41.198Z,FALSE,"",12:10,FALSE
fare_DEL-BOM_AI_2026-10-23_T+45_1788903777309_d3n1,DEL-BOM,EaseMyTrip,AI,AI-1719,2026-10-23,T+45,8097,1778,9875,2026-09-08T21:20:41.198Z,FALSE,"",11:55,FALSE
fare_DEL-BOM_AI_2026-10-23_T+45_1788903777309_c2gx,DEL-BOM,EaseMyTrip,AI,AI-2499,2026-10-23,T+45,8562,1880,10442,2026-09-08T21:20:41.198Z,FALSE,"",06:00,FALSE
fare_DEL-BOM_AI_2026-10-23_T+45_1788903777309_yeu9,DEL-BOM,EaseMyTrip,AI,AI-2569,2026-10-23,T+45,8562,1880,10442,2026-09-08T21:20:41.198Z,FALSE,"",20:30,FALSE
fare_DEL-BOM_AI_2026-10-23_T+45_1788903777309_bhvx,DEL-BOM,EaseMyTrip,AI,AI-1710,2026-10-23,T+45,8562,1880,10442,2026-09-08T21:20:41.198Z,FALSE,"",18:35,FALSE
fare_DEL-BOM_AI_2026-10-23_T+45_1788903777309_ful4,DEL-BOM,EaseMyTrip,AI,AI-2761,2026-10-23,T+45,8692,1908,10600,2026-09-08T21:20:41.198Z,FALSE,"",16:25,FALSE
fare_DEL-BOM_AI_2026-10-23_T+45_1788903777309_yny6,DEL-BOM,EaseMyTrip,AI,AI-1705,2026-10-23,T+45,8852,1943,10795,2026-09-08T21:20:41.198Z,FALSE,"",06:30,FALSE
fare_DEL-BOM_AI_2026-10-23_T+45_1788903777309_8s1r,DEL-BOM,EaseMyTrip,AI,AI-1717,2026-10-23,T+45,8907,1955,10862,2026-09-08T21:20:41.198Z,FALSE,"",14:20,FALSE
fare_DEL-BOM_IX_2026-10-23_T+45_1788903777309_okyb,DEL-BOM,EaseMyTrip,IX,IX-1782,2026-10-23,T+45,9783,2147,11930,2026-09-08T21:20:41.198Z,FALSE,"",09:35,FALSE
fare_DEL-BOM_IX_2026-10-23_T+45_1788903777309_jy1b,DEL-BOM,EaseMyTrip,IX,IX-1108,2026-10-23,T+45,9783,2147,11930,2026-09-08T21:20:41.198Z,FALSE,"",05:00,FALSE
fare_DEL-BOM_AI_2026-10-23_T+45_1788903777309_epsi,DEL-BOM,EaseMyTrip,AI,AI-2715,2026-10-23,T+45,11186,2455,13641,2026-09-08T21:20:41.198Z,TRUE,"High outlier: ₹13641 > upper fence ₹12831 (Q3: ₹9390, IQR: ₹2294)",11:40,FALSE
fare_DEL-BOM_AI_2026-10-23_T+45_1788903777309_j2eq,DEL-BOM,EaseMyTrip,AI,AI-2959,2026-10-23,T+45,11186,2455,13641,2026-09-08T21:20:41.198Z,TRUE,"High outlier: ₹13641 > upper fence ₹12831 (Q3: ₹9390, IQR: ₹2294)",07:10,FALSE
fare_DEL-BOM_AI_2026-10-23_T+45_1788903777309_zol8,DEL-BOM,EaseMyTrip,AI,AI-2909,2026-10-23,T+45,11186,2455,13641,2026-09-08T21:20:41.198Z,TRUE,"High outlier: ₹13641 > upper fence ₹12831 (Q3: ₹9390, IQR: ₹2294)",22:30,FALSE
fare_DEL-BOM_AI_2026-10-23_T+45_1788903777309_buua,DEL-BOM,EaseMyTrip,AI,AI-2545,2026-10-23,T+45,11186,2455,13641,2026-09-08T21:20:41.198Z,TRUE,"High outlier: ₹13641 > upper fence ₹12831 (Q3: ₹9390, IQR: ₹2294)",20:30,FALSE
fare_DEL-BOM_AI_2026-10-23_T+45_1788903777309_els9,DEL-BOM,EaseMyTrip,AI,AI-531,2026-10-23,T+45,11186,2455,13641,2026-09-08T21:20:41.198Z,TRUE,"High outlier: ₹13641 > upper fence ₹12831 (Q3: ₹9390, IQR: ₹2294)",19:20,FALSE
fare_DEL-BOM_AI_2026-10-23_T+45_1788903777309_dprk,DEL-BOM,EaseMyTrip,AI,AI-2939,2026-10-23,T+45,11273,2475,13748,2026-09-08T21:20:41.198Z,TRUE,"High outlier: ₹13748 > upper fence ₹12831 (Q3: ₹9390, IQR: ₹2294)",16:40,FALSE
fare_DEL-BOM_AI_2026-10-23_T+45_1788903777309_eii1,DEL-BOM,EaseMyTrip,AI,AI-9418,2026-10-23,T+45,11407,2504,13911,2026-09-08T21:20:41.198Z,TRUE,"High outlier: ₹13911 > upper fence ₹12831 (Q3: ₹9390, IQR: ₹2294)",13:10,FALSE
fare_DEL-BOM_AI_2026-10-23_T+45_1788903777309_9429,DEL-BOM,EaseMyTrip,AI,AI-817,2026-10-23,T+45,11463,2516,13979,2026-09-08T21:20:41.198Z,TRUE,"High outlier: ₹13979 > upper fence ₹12831 (Q3: ₹9390, IQR: ₹2294)",05:55,FALSE
fare_DEL-BOM_AI_2026-10-23_T+45_1788903777309_ecyp,DEL-BOM,EaseMyTrip,AI,AI-9674,2026-10-23,T+45,11604,2547,14151,2026-09-08T21:20:41.198Z,TRUE,"High outlier: ₹14151 > upper fence ₹12831 (Q3: ₹9390, IQR: ₹2294)",16:40,FALSE
fare_DEL-BOM_IX_2026-10-23_T+45_1788903777309_dle5,DEL-BOM,EaseMyTrip,IX,IX-1064,2026-10-23,T+45,12242,2687,14929,2026-09-08T21:20:41.198Z,TRUE,"High outlier: ₹14929 > upper fence ₹12831 (Q3: ₹9390, IQR: ₹2294)",19:10,FALSE
fare_DEL-BOM_IX_2026-10-23_T+45_1788903777309_7jy2,DEL-BOM,EaseMyTrip,IX,IX-1068,2026-10-23,T+45,12163,2670,14833,2026-09-08T21:20:41.198Z,TRUE,"High outlier: ₹14833 > upper fence ₹12831 (Q3: ₹9390, IQR: ₹2294)",11:55,FALSE
fare_DEL-BOM_QP_2026-10-23_T+45_1788903777309_01qo,DEL-BOM,EaseMyTrip,QP,QP-1822,2026-10-23,T+45,12092,2654,14746,2026-09-08T21:20:41.198Z,TRUE,"High outlier: ₹14746 > upper fence ₹12831 (Q3: ₹9390, IQR: ₹2294)",16:40,FALSE
fare_DEL-BOM_QP_2026-10-23_T+45_1788903777309_vrlq,DEL-BOM,EaseMyTrip,QP,QP-1574,2026-10-23,T+45,12265,2692,14957,2026-09-08T21:20:41.198Z,TRUE,"High outlier: ₹14957 > upper fence ₹12831 (Q3: ₹9390, IQR: ₹2294)",14:10,FALSE
fare_DEL-BOM_IX_2026-10-23_T+45_1788903777309_naup,DEL-BOM,EaseMyTrip,IX,IX-1059,2026-10-23,T+45,12872,2826,15698,2026-09-08T21:20:41.198Z,TRUE,"High outlier: ₹15698 > upper fence ₹12831 (Q3: ₹9390, IQR: ₹2294)",14:10,FALSE
fare_DEL-BOM_IX_2026-10-23_T+45_1788903777309_9toh,DEL-BOM,EaseMyTrip,IX,IX-1057,2026-10-23,T+45,12872,2826,15698,2026-09-08T21:20:41.198Z,TRUE,"High outlier: ₹15698 > upper fence ₹12831 (Q3: ₹9390, IQR: ₹2294)",06:20,FALSE
fare_DEL-BOM_AI_2026-10-23_T+45_1788903777309_86l3,DEL-BOM,EaseMyTrip,AI,AI-1743,2026-10-23,T+45,13065,2868,15933,2026-09-08T21:20:41.198Z,TRUE,"High outlier: ₹15933 > upper fence ₹12831 (Q3: ₹9390, IQR: ₹2294)",06:15,FALSE
fare_DEL-BOM_AI_2026-10-23_T+45_1788903777309_puf9,DEL-BOM,EaseMyTrip,AI,AI-2601,2026-10-23,T+45,13065,2868,15933,2026-09-08T21:20:41.198Z,TRUE,"High outlier: ₹15933 > upper fence ₹12831 (Q3: ₹9390, IQR: ₹2294)",17:00,FALSE
fare_DEL-BOM_AI_2026-10-23_T+45_1788903777309_ooxd,DEL-BOM,EaseMyTrip,AI,AI-9584,2026-10-23,T+45,13338,2928,16266,2026-09-08T21:20:41.198Z,TRUE,"High outlier: ₹16266 > upper fence ₹12831 (Q3: ₹9390, IQR: ₹2294)",11:15,FALSE
fare_DEL-BOM_AI_2026-10-23_T+45_1788903777309_9hdb,DEL-BOM,EaseMyTrip,AI,AI-9424,2026-10-23,T+45,13815,3033,16848,2026-09-08T21:20:41.198Z,TRUE,"High outlier: ₹16848 > upper fence ₹12831 (Q3: ₹9390, IQR: ₹2294)",12:15,FALSE
fare_DEL-BOM_AI_2026-10-23_T+45_1788903777309_5vod,DEL-BOM,EaseMyTrip,AI,AI-9447,2026-10-23,T+45,13899,3051,16950,2026-09-08T21:20:41.198Z,TRUE,"High outlier: ₹16950 > upper fence ₹12831 (Q3: ₹9390, IQR: ₹2294)",23:25,FALSE
fare_DEL-BOM_AI_2026-10-23_T+45_1788903777309_4df9,DEL-BOM,EaseMyTrip,AI,AI-1773,2026-10-23,T+45,14497,3182,17679,2026-09-08T21:20:41.198Z,TRUE,"High outlier: ₹17679 > upper fence ₹12831 (Q3: ₹9390, IQR: ₹2294)",10:30,FALSE
fare_DEL-BOM_AI_2026-10-23_T+45_1788903777309_lyf6,DEL-BOM,EaseMyTrip,AI,AI-2509,2026-10-23,T+45,16051,3523,19574,2026-09-08T21:20:41.198Z,TRUE,"High outlier: ₹19574 > upper fence ₹12831 (Q3: ₹9390, IQR: ₹2294)",07:00,FALSE
fare_DEL-BOM_AI_2026-10-23_T+45_1788903777309_8vbq,DEL-BOM,EaseMyTrip,AI,AI-2577,2026-10-23,T+45,16071,3528,19599,2026-09-08T21:20:41.198Z,TRUE,"High outlier: ₹19599 > upper fence ₹12831 (Q3: ₹9390, IQR: ₹2294)",02:00,FALSE
fare_DEL-BOM_AI_2026-10-23_T+45_1788903777309_3z7r,DEL-BOM,EaseMyTrip,AI,AI-2859,2026-10-23,T+45,16361,3592,19953,2026-09-08T21:20:41.198Z,TRUE,"High outlier: ₹19953 > upper fence ₹12831 (Q3: ₹9390, IQR: ₹2294)",10:30,FALSE
fare_DEL-BOM_AI_2026-10-23_T+45_1788903777309_wgqk,DEL-BOM,EaseMyTrip,AI,AI-2465,2026-10-23,T+45,16422,3605,20027,2026-09-08T21:20:41.198Z,TRUE,"High outlier: ₹20027 > upper fence ₹12831 (Q3: ₹9390, IQR: ₹2294)",14:30,FALSE
fare_DEL-BOM_AI_2026-10-23_T+45_1788903777309_0lgu,DEL-BOM,EaseMyTrip,AI,AI-2907,2026-10-23,T+45,16747,3676,20423,2026-09-08T21:20:41.198Z,TRUE,"High outlier: ₹20423 > upper fence ₹12831 (Q3: ₹9390, IQR: ₹2294)",12:00,FALSE
fare_DEL-BOM_AI_2026-10-23_T+45_1788903777309_rto5,DEL-BOM,EaseMyTrip,AI,AI-427,2026-10-23,T+45,16972,3725,20697,2026-09-08T21:20:41.198Z,TRUE,"High outlier: ₹20697 > upper fence ₹12831 (Q3: ₹9390, IQR: ₹2294)",08:30,FALSE
fare_DEL-BOM_AI_2026-10-23_T+45_1788903777309_t4i2,DEL-BOM,EaseMyTrip,AI,AI-1779,2026-10-23,T+45,17073,3748,20821,2026-09-08T21:20:41.198Z,TRUE,"High outlier: ₹20821 > upper fence ₹12831 (Q3: ₹9390, IQR: ₹2294)",13:45,FALSE
fare_DEL-BOM_AI_2026-10-23_T+45_1788903777309_yczz,DEL-BOM,EaseMyTrip,AI,AI-1739,2026-10-23,T+45,17263,3790,21053,2026-09-08T21:20:41.198Z,TRUE,"High outlier: ₹21053 > upper fence ₹12831 (Q3: ₹9390, IQR: ₹2294)",11:30,FALSE
fare_DEL-BOM_AI_2026-10-23_T+45_1788903777309_6v9x,DEL-BOM,EaseMyTrip,AI,AI-2525,2026-10-23,T+45,18475,4056,22531,2026-09-08T21:20:41.198Z,TRUE,"High outlier: ₹22531 > upper fence ₹12831 (Q3: ₹9390, IQR: ₹2294)",06:00,FALSE
fare_DEL-BOM_AI_2026-10-23_T+45_1788903777309_tr85,DEL-BOM,EaseMyTrip,AI,AI-2483,2026-10-23,T+45,18767,4120,22887,2026-09-08T21:20:41.198Z,TRUE,"High outlier: ₹22887 > upper fence ₹12831 (Q3: ₹9390, IQR: ₹2294)",12:20,FALSE
fare_DEL-BOM_AI_2026-10-23_T+45_1788903777309_s7ox,DEL-BOM,EaseMyTrip,AI,AI-2627,2026-10-23,T+45,19944,4378,24322,2026-09-08T21:20:41.198Z,TRUE,"High outlier: ₹24322 > upper fence ₹12831 (Q3: ₹9390, IQR: ₹2294)",10:45,FALSE
fare_DEL-BOM_AI_2026-10-23_T+45_1788903777309_t3pr,DEL-BOM,EaseMyTrip,AI,AI-2513,2026-10-23,T+45,24666,5415,30081,2026-09-08T21:20:41.198Z,TRUE,"High outlier: ₹30081 > upper fence ₹12831 (Q3: ₹9390, IQR: ₹2294)",12:10,FALSE
fare_DEL-CCU_IX_2026-09-09_T+1_1788903777310_4mbq,DEL-CCU,EaseMyTrip,IX,IX-1081,2026-09-09,T+1,6979,1532,8511,2026-09-08T21:23:22.671Z,FALSE,"",15:25,FALSE
fare_DEL-CCU_IX_2026-09-09_T+1_1788903777310_rmqi,DEL-CCU,EaseMyTrip,IX,IX-1032,2026-09-09,T+1,6979,1532,8511,2026-09-08T21:23:22.671Z,FALSE,"",05:45,FALSE
fare_DEL-CCU_IX_2026-09-09_T+1_1788903777310_jyl4,DEL-CCU,EaseMyTrip,IX,IX-1671,2026-09-09,T+1,7226,1586,8812,2026-09-08T21:23:22.671Z,FALSE,"",20:00,FALSE
fare_DEL-CCU_6E_2026-09-09_T+1_1788903777310_idlr,DEL-CCU,EaseMyTrip,6E,6E-6190,2026-09-09,T+1,6214,1364,7578,2026-09-08T21:23:22.671Z,FALSE,"",07:40,FALSE
fare_DEL-CCU_6E_2026-09-09_T+1_1788903777310_uiyj,DEL-CCU,EaseMyTrip,6E,6E-5041,2026-09-09,T+1,6300,1383,7683,2026-09-08T21:23:22.671Z,FALSE,"",15:10,FALSE
fare_DEL-CCU_6E_2026-09-09_T+1_1788903777310_4cxp,DEL-CCU,EaseMyTrip,6E,6E-6829,2026-09-09,T+1,6322,1388,7710,2026-09-08T21:23:22.671Z,FALSE,"",17:20,FALSE
fare_DEL-CCU_6E_2026-09-09_T+1_1788903777310_u2ct,DEL-CCU,EaseMyTrip,6E,6E-6212,2026-09-09,T+1,6494,1426,7920,2026-09-08T21:23:22.671Z,FALSE,"",14:45,FALSE
fare_DEL-CCU_6E_2026-09-09_T+1_1788903777310_qtqv,DEL-CCU,EaseMyTrip,6E,6E-6371,2026-09-09,T+1,6581,1444,8025,2026-09-08T21:23:22.671Z,FALSE,"",06:20,FALSE
fare_DEL-CCU_6E_2026-09-09_T+1_1788903777310_ngcd,DEL-CCU,EaseMyTrip,6E,6E-2259,2026-09-09,T+1,6712,1473,8185,2026-09-08T21:23:22.671Z,FALSE,"",12:20,FALSE
fare_DEL-CCU_6E_2026-09-09_T+1_1788903777310_pxax,DEL-CCU,EaseMyTrip,6E,6E-5298,2026-09-09,T+1,6712,1473,8185,2026-09-08T21:23:22.671Z,FALSE,"",09:00,FALSE
fare_DEL-CCU_6E_2026-09-09_T+1_1788903777310_qdvv,DEL-CCU,EaseMyTrip,6E,6E-2614,2026-09-09,T+1,6712,1473,8185,2026-09-08T21:23:22.671Z,FALSE,"",14:40,FALSE
fare_DEL-CCU_6E_2026-09-09_T+1_1788903777310_4dx2,DEL-CCU,EaseMyTrip,6E,6E-2571,2026-09-09,T+1,6739,1479,8218,2026-09-08T21:23:22.671Z,FALSE,"",12:30,FALSE
fare_DEL-CCU_6E_2026-09-09_T+1_1788903777310_1arb,DEL-CCU,EaseMyTrip,6E,6E-6124,2026-09-09,T+1,6798,1492,8290,2026-09-08T21:23:22.671Z,FALSE,"",07:30,FALSE
fare_DEL-CCU_QP_2026-09-09_T+1_1788903777310_0e5v,DEL-CCU,EaseMyTrip,QP,QP-1801,2026-09-09,T+1,6984,1533,8517,2026-09-08T21:23:22.671Z,FALSE,"",05:55,TRUE
fare_DEL-CCU_QP_2026-09-09_T+1_1788903777310_1z6h,DEL-CCU,EaseMyTrip,QP,QP-1803,2026-09-09,T+1,7116,1562,8678,2026-09-08T21:23:22.671Z,FALSE,"",17:05,TRUE
fare_DEL-CCU_6E_2026-09-09_T+1_1788903777310_8h3s,DEL-CCU,EaseMyTrip,6E,6E-2361,2026-09-09,T+1,7195,1579,8774,2026-09-08T21:23:22.671Z,FALSE,"",14:35,FALSE
fare_DEL-CCU_6E_2026-09-09_T+1_1788903777310_ivnm,DEL-CCU,EaseMyTrip,6E,6E-6312,2026-09-09,T+1,7195,1579,8774,2026-09-08T21:23:22.671Z,FALSE,"",14:25,FALSE
fare_DEL-CCU_6E_2026-09-09_T+1_1788903777310_2rkg,DEL-CCU,EaseMyTrip,6E,6E-5033,2026-09-09,T+1,7259,1594,8853,2026-09-08T21:23:22.671Z,FALSE,"",15:50,FALSE
fare_DEL-CCU_6E_2026-09-09_T+1_1788903777310_m8ko,DEL-CCU,EaseMyTrip,6E,6E-235,2026-09-09,T+1,7316,1606,8922,2026-09-08T21:23:22.671Z,FALSE,"",23:30,TRUE
fare_DEL-CCU_6E_2026-09-09_T+1_1788903777310_fxu4,DEL-CCU,EaseMyTrip,6E,6E-814,2026-09-09,T+1,7316,1606,8922,2026-09-08T21:23:22.671Z,FALSE,"",23:30,TRUE
fare_DEL-CCU_6E_2026-09-09_T+1_1788903777310_7fma,DEL-CCU,EaseMyTrip,6E,6E-865,2026-09-09,T+1,7316,1606,8922,2026-09-08T21:23:22.671Z,FALSE,"",21:50,TRUE
fare_DEL-CCU_6E_2026-09-09_T+1_1788903777310_b86t,DEL-CCU,EaseMyTrip,6E,6E-759,2026-09-09,T+1,7316,1606,8922,2026-09-08T21:23:22.671Z,FALSE,"",21:50,TRUE
fare_DEL-CCU_6E_2026-09-09_T+1_1788903777310_1dg2,DEL-CCU,EaseMyTrip,6E,6E-2276,2026-09-09,T+1,7316,1606,8922,2026-09-08T21:23:22.671Z,FALSE,"",17:55,TRUE
fare_DEL-CCU_IX_2026-09-09_T+1_1788903777310_llmk,DEL-CCU,EaseMyTrip,IX,IX-1273,2026-09-09,T+1,7587,1665,9252,2026-09-08T21:23:22.671Z,FALSE,"",12:20,FALSE
fare_DEL-CCU_6E_2026-09-09_T+1_1788903777310_06w9,DEL-CCU,EaseMyTrip,6E,6E-5191,2026-09-09,T+1,7532,1653,9185,2026-09-08T21:23:22.671Z,FALSE,"",05:00,TRUE
fare_DEL-CCU_6E_2026-09-09_T+1_1788903777310_a6z2,DEL-CCU,EaseMyTrip,6E,6E-6517,2026-09-09,T+1,7532,1653,9185,2026-09-08T21:23:22.671Z,FALSE,"",19:30,TRUE
fare_DEL-CCU_6E_2026-09-09_T+1_1788903777310_6xjy,DEL-CCU,EaseMyTrip,6E,6E-452,2026-09-09,T+1,7532,1653,9185,2026-09-08T21:23:22.671Z,FALSE,"",12:45,TRUE
fare_DEL-CCU_6E_2026-09-09_T+1_1788903777310_5vp8,DEL-CCU,EaseMyTrip,6E,6E-545,2026-09-09,T+1,7532,1653,9185,2026-09-08T21:23:22.671Z,FALSE,"",12:45,TRUE
fare_DEL-CCU_6E_2026-09-09_T+1_1788903777310_xq8t,DEL-CCU,EaseMyTrip,6E,6E-612,2026-09-09,T+1,7532,1653,9185,2026-09-08T21:23:22.671Z,FALSE,"",14:25,TRUE
fare_DEL-CCU_6E_2026-09-09_T+1_1788903777310_kchc,DEL-CCU,EaseMyTrip,6E,6E-775,2026-09-09,T+1,7532,1653,9185,2026-09-08T21:23:22.671Z,FALSE,"",14:25,TRUE
fare_DEL-CCU_AI_2026-09-09_T+1_1788903777310_7q9c,DEL-CCU,EaseMyTrip,AI,AI-2535,2026-09-09,T+1,7701,1691,9392,2026-09-08T21:23:22.671Z,FALSE,"",06:40,TRUE
fare_DEL-CCU_AI_2026-09-09_T+1_1788903777310_aqy4,DEL-CCU,EaseMyTrip,AI,AI-1733,2026-09-09,T+1,7701,1691,9392,2026-09-08T21:23:22.671Z,FALSE,"",16:15,TRUE
fare_DEL-CCU_AI_2026-09-09_T+1_1788903777310_i8mg,DEL-CCU,EaseMyTrip,AI,AI-2707,2026-09-09,T+1,7701,1691,9392,2026-09-08T21:23:22.671Z,FALSE,"",18:00,TRUE
fare_DEL-CCU_AI_2026-09-09_T+1_1788903777310_nrap,DEL-CCU,EaseMyTrip,AI,AI-1714,2026-09-09,T+1,7701,1691,9392,2026-09-08T21:23:22.671Z,FALSE,"",21:00,TRUE
fare_DEL-CCU_6E_2026-09-09_T+1_1788903777310_qsjy,DEL-CCU,EaseMyTrip,6E,6E-6551,2026-09-09,T+1,7625,1674,9299,2026-09-08T21:23:22.671Z,FALSE,"",12:00,FALSE
fare_DEL-CCU_AI_2026-09-09_T+1_1788903777310_zmzn,DEL-CCU,EaseMyTrip,AI,AI-2709,2026-09-09,T+1,7838,1720,9558,2026-09-08T21:23:22.671Z,FALSE,"",19:40,TRUE
fare_DEL-CCU_AI_2026-09-09_T+1_1788903777310_0n1m,DEL-CCU,EaseMyTrip,AI,AI-2705,2026-09-09,T+1,7838,1720,9558,2026-09-08T21:23:22.671Z,FALSE,"",07:30,TRUE
fare_DEL-CCU_IX_2026-09-09_T+1_1788903777310_pi3f,DEL-CCU,EaseMyTrip,IX,IX-1001,2026-09-09,T+1,7932,1741,9673,2026-09-08T21:23:22.671Z,FALSE,"",09:00,FALSE
fare_DEL-CCU_6E_2026-09-09_T+1_1788903777310_gfoz,DEL-CCU,EaseMyTrip,6E,6E-6415,2026-09-09,T+1,7790,1710,9500,2026-09-08T21:23:22.671Z,FALSE,"",16:00,TRUE
fare_DEL-CCU_6E_2026-09-09_T+1_1788903777310_rygj,DEL-CCU,EaseMyTrip,6E,6E-2589,2026-09-09,T+1,7906,1735,9641,2026-09-08T21:23:22.671Z,FALSE,"",15:05,TRUE
fare_DEL-CCU_6E_2026-09-09_T+1_1788903777310_ebqk,DEL-CCU,EaseMyTrip,6E,6E-6282,2026-09-09,T+1,8141,1787,9928,2026-09-08T21:23:22.671Z,FALSE,"",13:30,FALSE
fare_DEL-CCU_6E_2026-09-09_T+1_1788903777310_ay70,DEL-CCU,EaseMyTrip,6E,6E-899,2026-09-09,T+1,8141,1787,9928,2026-09-08T21:23:22.671Z,FALSE,"",11:45,FALSE
fare_DEL-CCU_6E_2026-09-09_T+1_1788903777310_yc8u,DEL-CCU,EaseMyTrip,6E,6E-342,2026-09-09,T+1,8141,1787,9928,2026-09-08T21:23:22.671Z,FALSE,"",11:45,FALSE
fare_DEL-CCU_6E_2026-09-09_T+1_1788903777310_fmcg,DEL-CCU,EaseMyTrip,6E,6E-859,2026-09-09,T+1,8177,1795,9972,2026-09-08T21:23:22.671Z,FALSE,"",07:20,TRUE
fare_DEL-CCU_6E_2026-09-09_T+1_1788903777310_uezk,DEL-CCU,EaseMyTrip,6E,6E-669,2026-09-09,T+1,8177,1795,9972,2026-09-08T21:23:22.671Z,FALSE,"",07:20,TRUE
fare_DEL-CCU_6E_2026-09-09_T+1_1788903777310_vaj1,DEL-CCU,EaseMyTrip,6E,6E-2453,2026-09-09,T+1,8350,1833,10183,2026-09-08T21:23:22.671Z,FALSE,"",13:35,FALSE
fare_DEL-CCU_6E_2026-09-09_T+1_1788903777310_38rt,DEL-CCU,EaseMyTrip,6E,6E-406,2026-09-09,T+1,8458,1857,10315,2026-09-08T21:23:22.671Z,FALSE,"",16:20,FALSE
fare_DEL-CCU_6E_2026-09-09_T+1_1788903777310_szt7,DEL-CCU,EaseMyTrip,6E,6E-403,2026-09-09,T+1,8458,1857,10315,2026-09-08T21:23:22.671Z,FALSE,"",16:20,FALSE
fare_DEL-CCU_6E_2026-09-09_T+1_1788903777310_vmyi,DEL-CCU,EaseMyTrip,6E,6E-2296,2026-09-09,T+1,8522,1871,10393,2026-09-08T21:23:22.671Z,FALSE,"",09:20,FALSE
fare_DEL-CCU_AI_2026-09-09_T+1_1788903777310_6v0c,DEL-CCU,EaseMyTrip,AI,AI-2767,2026-09-09,T+1,8762,1923,10685,2026-09-08T21:23:22.671Z,FALSE,"",13:00,TRUE
fare_DEL-CCU_6E_2026-09-09_T+1_1788903777310_m0fs,DEL-CCU,EaseMyTrip,6E,6E-5307,2026-09-09,T+1,8788,1929,10717,2026-09-08T21:23:22.671Z,FALSE,"",10:50,FALSE
fare_DEL-CCU_6E_2026-09-09_T+1_1788903777310_epil,DEL-CCU,EaseMyTrip,6E,6E-811,2026-09-09,T+1,9124,2003,11127,2026-09-08T21:23:22.671Z,FALSE,"",10:15,TRUE
fare_DEL-CCU_6E_2026-09-09_T+1_1788903777310_28f2,DEL-CCU,EaseMyTrip,6E,6E-851,2026-09-09,T+1,9124,2003,11127,2026-09-08T21:23:22.671Z,FALSE,"",10:15,TRUE
fare_DEL-CCU_6E_2026-09-09_T+1_1788903777310_loxo,DEL-CCU,EaseMyTrip,6E,6E-6073,2026-09-09,T+1,9250,2030,11280,2026-09-08T21:23:22.671Z,FALSE,"",05:00,FALSE
fare_DEL-CCU_6E_2026-09-09_T+1_1788903777310_sb14,DEL-CCU,EaseMyTrip,6E,6E-359,2026-09-09,T+1,10373,2277,12650,2026-09-08T21:23:22.671Z,FALSE,"",08:30,TRUE
fare_DEL-CCU_6E_2026-09-09_T+1_1788903777310_zy2i,DEL-CCU,EaseMyTrip,6E,6E-329,2026-09-09,T+1,10373,2277,12650,2026-09-08T21:23:22.671Z,FALSE,"",08:30,TRUE
fare_DEL-CCU_AI_2026-09-09_T+1_1788903777310_gdqe,DEL-CCU,EaseMyTrip,AI,AI-879,2026-09-09,T+1,10558,2318,12876,2026-09-08T21:23:22.671Z,FALSE,"",06:40,FALSE
fare_DEL-CCU_AI_2026-09-09_T+1_1788903777310_cfhp,DEL-CCU,EaseMyTrip,AI,AI-441,2026-09-09,T+1,10888,2390,13278,2026-09-08T21:23:22.671Z,FALSE,"",17:00,FALSE
fare_DEL-CCU_AI_2026-09-09_T+1_1788903777310_6oji,DEL-CCU,EaseMyTrip,AI,AI-1777,2026-09-09,T+1,10888,2390,13278,2026-09-08T21:23:22.671Z,FALSE,"",16:00,FALSE
fare_DEL-CCU_AI_2026-09-09_T+1_1788903777310_6obu,DEL-CCU,EaseMyTrip,AI,AI-2439,2026-09-09,T+1,10888,2390,13278,2026-09-08T21:23:22.671Z,FALSE,"",23:00,FALSE
fare_DEL-CCU_QP_2026-09-09_T+1_1788903777310_icoj,DEL-CCU,EaseMyTrip,QP,QP-1940,2026-09-09,T+1,11378,2498,13876,2026-09-08T21:23:22.671Z,FALSE,"",14:05,FALSE
fare_DEL-CCU_AI_2026-09-09_T+1_1788903777310_otpf,DEL-CCU,EaseMyTrip,AI,AI-1791,2026-09-09,T+1,11957,2625,14582,2026-09-08T21:23:22.671Z,FALSE,"",09:55,TRUE
fare_DEL-CCU_AI_2026-09-09_T+1_1788903777310_76ya,DEL-CCU,EaseMyTrip,AI,AI-1755,2026-09-09,T+1,12005,2635,14640,2026-09-08T21:23:22.671Z,FALSE,"",14:30,FALSE
fare_DEL-CCU_6E_2026-09-09_T+1_1788903777310_nog0,DEL-CCU,EaseMyTrip,6E,6E-5038,2026-09-09,T+1,11893,2611,14504,2026-09-08T21:23:22.671Z,FALSE,"",14:00,FALSE
fare_DEL-CCU_6E_2026-09-09_T+1_1788903777310_s8vi,DEL-CCU,EaseMyTrip,6E,6E-5073,2026-09-09,T+1,12173,2672,14845,2026-09-08T21:23:22.671Z,FALSE,"",17:05,FALSE
fare_DEL-CCU_6E_2026-09-09_T+1_1788903777310_hnnw,DEL-CCU,EaseMyTrip,6E,6E-6245,2026-09-09,T+1,13149,2886,16035,2026-09-08T21:23:22.671Z,FALSE,"",06:20,FALSE
fare_DEL-CCU_AI_2026-09-09_T+1_1788903777310_z3a4,DEL-CCU,EaseMyTrip,AI,AI-9484,2026-09-09,T+1,13744,3017,16761,2026-09-08T21:23:22.671Z,FALSE,"",23:25,FALSE
fare_DEL-CCU_6E_2026-09-09_T+1_1788903777310_sms8,DEL-CCU,EaseMyTrip,6E,6E-959,2026-09-09,T+1,13653,2997,16650,2026-09-08T21:23:22.671Z,FALSE,"",23:15,FALSE
fare_DEL-CCU_6E_2026-09-09_T+1_1788903777310_riso,DEL-CCU,EaseMyTrip,6E,6E-743,2026-09-09,T+1,13653,2997,16650,2026-09-08T21:23:22.671Z,FALSE,"",23:15,FALSE
fare_DEL-CCU_AI_2026-09-09_T+1_1788903777310_z9ch,DEL-CCU,EaseMyTrip,AI,AI-2933,2026-09-09,T+1,13933,3058,16991,2026-09-08T21:23:22.671Z,FALSE,"",15:30,FALSE
fare_DEL-CCU_AI_2026-09-09_T+1_1788903777310_1fgq,DEL-CCU,EaseMyTrip,AI,AI-1780,2026-09-09,T+1,13933,3058,16991,2026-09-08T21:23:22.671Z,FALSE,"",16:10,FALSE
fare_DEL-CCU_6E_2026-09-09_T+1_1788903777310_ztux,DEL-CCU,EaseMyTrip,6E,6E-6503,2026-09-09,T+1,13995,3072,17067,2026-09-08T21:23:22.671Z,FALSE,"",13:25,FALSE
fare_DEL-CCU_6E_2026-09-09_T+1_1788903777310_fia0,DEL-CCU,EaseMyTrip,6E,6E-5215,2026-09-09,T+1,14208,3119,17327,2026-09-08T21:23:22.671Z,FALSE,"",07:45,FALSE
fare_DEL-CCU_6E_2026-09-09_T+1_1788903777310_6nkr,DEL-CCU,EaseMyTrip,6E,6E-6217,2026-09-09,T+1,14218,3121,17339,2026-09-08T21:23:22.671Z,FALSE,"",16:15,FALSE
fare_DEL-CCU_IX_2026-09-09_T+1_1788903777310_ouxx,DEL-CCU,EaseMyTrip,IX,IX-5975,2026-09-09,T+1,15152,3326,18478,2026-09-08T21:23:22.671Z,FALSE,"",21:00,FALSE
fare_DEL-CCU_6E_2026-09-09_T+1_1788903777310_x2d8,DEL-CCU,EaseMyTrip,6E,6E-6293,2026-09-09,T+1,14402,3161,17563,2026-09-08T21:23:22.671Z,FALSE,"",09:55,FALSE
fare_DEL-CCU_AI_2026-09-09_T+1_1788903777310_cluv,DEL-CCU,EaseMyTrip,AI,AI-2678,2026-09-09,T+1,14887,3268,18155,2026-09-08T21:23:22.671Z,FALSE,"",08:30,FALSE
fare_DEL-CCU_6E_2026-09-09_T+1_1788903777310_aigz,DEL-CCU,EaseMyTrip,6E,6E-448,2026-09-09,T+1,14839,3257,18096,2026-09-08T21:23:22.671Z,FALSE,"",17:55,FALSE
fare_DEL-CCU_6E_2026-09-09_T+1_1788903777310_27o5,DEL-CCU,EaseMyTrip,6E,6E-477,2026-09-09,T+1,14839,3257,18096,2026-09-08T21:23:22.671Z,FALSE,"",17:55,FALSE
fare_DEL-CCU_IX_2026-09-09_T+1_1788903777310_gc3v,DEL-CCU,EaseMyTrip,IX,IX-1070,2026-09-09,T+1,16364,3592,19956,2026-09-08T21:23:22.671Z,FALSE,"",18:20,FALSE
fare_DEL-CCU_AI_2026-09-09_T+1_1788903777310_iz5u,DEL-CCU,EaseMyTrip,AI,AI-1785,2026-09-09,T+1,16813,3691,20504,2026-09-08T21:23:22.671Z,FALSE,"",12:00,FALSE
fare_DEL-CCU_AI_2026-09-09_T+1_1788903777310_lozu,DEL-CCU,EaseMyTrip,AI,AI-2483,2026-09-09,T+1,20337,4464,24801,2026-09-08T21:23:22.671Z,FALSE,"",12:20,FALSE
fare_DEL-CCU_AI_2026-09-09_T+1_1788903777310_nqcm,DEL-CCU,EaseMyTrip,AI,AI-537,2026-09-09,T+1,20762,4558,25320,2026-09-08T21:23:22.671Z,FALSE,"",15:45,FALSE
fare_DEL-CCU_AI_2026-09-09_T+1_1788903777310_gkjt,DEL-CCU,EaseMyTrip,AI,AI-2525,2026-09-09,T+1,22634,4969,27603,2026-09-08T21:23:22.671Z,FALSE,"",06:00,FALSE
fare_DEL-CCU_AI_2026-09-09_T+1_1788903777310_220i,DEL-CCU,EaseMyTrip,AI,AI-2467,2026-09-09,T+1,24848,5455,30303,2026-09-08T21:23:22.671Z,TRUE,"High outlier: ₹30303 > upper fence ₹29053 (Q3: ₹17132, IQR: ₹7947)",10:00,FALSE
fare_DEL-CCU_AI_2026-09-09_T+1_1788903777310_qs50,DEL-CCU,EaseMyTrip,AI,AI-9486,2026-09-09,T+1,25740,5650,31390,2026-09-08T21:23:22.671Z,TRUE,"High outlier: ₹31390 > upper fence ₹29053 (Q3: ₹17132, IQR: ₹7947)",05:35,FALSE
fare_DEL-CCU_AI_2026-09-09_T+1_1788903777310_42h6,DEL-CCU,EaseMyTrip,AI,AI-2409,2026-09-09,T+1,28752,6311,35063,2026-09-08T21:23:22.671Z,TRUE,"High outlier: ₹35063 > upper fence ₹29053 (Q3: ₹17132, IQR: ₹7947)",06:00,FALSE
fare_DEL-CCU_AI_2026-09-09_T+1_1788903777310_i80q,DEL-CCU,EaseMyTrip,AI,AI-2803,2026-09-09,T+1,28998,6365,35363,2026-09-08T21:23:22.671Z,TRUE,"High outlier: ₹35363 > upper fence ₹29053 (Q3: ₹17132, IQR: ₹7947)",06:30,FALSE
fare_DEL-CCU_AI_2026-09-09_T+1_1788903777310_l7df,DEL-CCU,EaseMyTrip,AI,AI-2951,2026-09-09,T+1,29570,6491,36061,2026-09-08T21:23:22.671Z,TRUE,"High outlier: ₹36061 > upper fence ₹29053 (Q3: ₹17132, IQR: ₹7947)",13:30,FALSE
fare_DEL-CCU_AI_2026-09-09_T+1_1788903777310_s6do,DEL-CCU,EaseMyTrip,AI,AI-2429,2026-09-09,T+1,31466,6907,38373,2026-09-08T21:23:22.671Z,TRUE,"High outlier: ₹38373 > upper fence ₹29053 (Q3: ₹17132, IQR: ₹7947)",07:00,FALSE
fare_DEL-CCU_AI_2026-09-09_T+1_1788903777310_7wyp,DEL-CCU,EaseMyTrip,AI,AI-1745,2026-09-09,T+1,35475,7787,43262,2026-09-08T21:23:22.671Z,TRUE,"High outlier: ₹43262 > upper fence ₹29053 (Q3: ₹17132, IQR: ₹7947)",05:00,FALSE
fare_DEL-CCU_AI_2026-09-09_T+1_1788903777310_hymf,DEL-CCU,EaseMyTrip,AI,AI-2975,2026-09-09,T+1,36426,7996,44422,2026-09-08T21:23:22.671Z,TRUE,"High outlier: ₹44422 > upper fence ₹29053 (Q3: ₹17132, IQR: ₹7947)",06:30,FALSE
fare_DEL-CCU_AI_2026-09-09_T+1_1788903777310_d1un,DEL-CCU,EaseMyTrip,AI,AI-2995,2026-09-09,T+1,36426,7996,44422,2026-09-08T21:23:22.671Z,TRUE,"High outlier: ₹44422 > upper fence ₹29053 (Q3: ₹17132, IQR: ₹7947)",10:00,FALSE
fare_DEL-CCU_AI_2026-09-09_T+1_1788903777310_e19r,DEL-CCU,EaseMyTrip,AI,AI-2927,2026-09-09,T+1,36426,7996,44422,2026-09-08T21:23:22.671Z,TRUE,"High outlier: ₹44422 > upper fence ₹29053 (Q3: ₹17132, IQR: ₹7947)",09:30,FALSE
fare_DEL-CCU_AI_2026-09-09_T+1_1788903777310_hsif,DEL-CCU,EaseMyTrip,AI,AI-2963,2026-09-09,T+1,36915,8103,45018,2026-09-08T21:23:22.671Z,TRUE,"High outlier: ₹45018 > upper fence ₹29053 (Q3: ₹17132, IQR: ₹7947)",09:00,FALSE
fare_DEL-CCU_AI_2026-09-09_T+1_1788903777310_kcec,DEL-CCU,EaseMyTrip,AI,AI-2815,2026-09-09,T+1,40608,8914,49522,2026-09-08T21:23:22.671Z,TRUE,"High outlier: ₹49522 > upper fence ₹29053 (Q3: ₹17132, IQR: ₹7947)",07:00,FALSE
fare_DEL-CCU_IX_2026-10-08_T+30_1788903777310_n3vr,DEL-CCU,EaseMyTrip,IX,IX-1081,2026-10-08,T+30,6979,1532,8511,2026-09-08T21:23:41.987Z,FALSE,"",15:25,FALSE
fare_DEL-CCU_IX_2026-10-08_T+30_1788903777310_g9u3,DEL-CCU,EaseMyTrip,IX,IX-1273,2026-10-08,T+30,6979,1532,8511,2026-09-08T21:23:41.987Z,FALSE,"",12:05,FALSE
fare_DEL-CCU_IX_2026-10-08_T+30_1788903777310_6f23,DEL-CCU,EaseMyTrip,IX,IX-1067,2026-10-08,T+30,6979,1532,8511,2026-09-08T21:23:41.987Z,FALSE,"",06:10,FALSE
fare_DEL-CCU_IX_2026-10-08_T+30_1788903777310_b9hi,DEL-CCU,EaseMyTrip,IX,IX-1671,2026-10-08,T+30,6979,1532,8511,2026-09-08T21:23:41.987Z,FALSE,"",19:55,FALSE
fare_DEL-CCU_IX_2026-10-08_T+30_1788903777310_4eb6,DEL-CCU,EaseMyTrip,IX,IX-1524,2026-10-08,T+30,7151,1570,8721,2026-09-08T21:23:41.987Z,FALSE,"",16:35,TRUE
fare_DEL-CCU_IX_2026-10-08_T+30_1788903777310_mdbs,DEL-CCU,EaseMyTrip,IX,IX-1076,2026-10-08,T+30,7226,1586,8812,2026-09-08T21:23:41.987Z,FALSE,"",09:00,FALSE
fare_DEL-CCU_IX_2026-10-08_T+30_1788903777310_9fob,DEL-CCU,EaseMyTrip,IX,IX-1035,2026-10-08,T+30,7226,1586,8812,2026-09-08T21:23:41.987Z,FALSE,"",08:10,FALSE
fare_DEL-CCU_IX_2026-10-08_T+30_1788903777310_5hxi,DEL-CCU,EaseMyTrip,IX,IX-1069,2026-10-08,T+30,7553,1658,9211,2026-09-08T21:23:41.987Z,FALSE,"",10:45,FALSE
fare_DEL-CCU_6E_2026-10-08_T+30_1788903777310_hube,DEL-CCU,EaseMyTrip,6E,6E-2331,2026-10-08,T+30,6494,1426,7920,2026-09-08T21:23:41.987Z,FALSE,"",12:20,FALSE
fare_DEL-CCU_6E_2026-10-08_T+30_1788903777310_3xad,DEL-CCU,EaseMyTrip,6E,6E-2453,2026-10-08,T+30,6540,1435,7975,2026-09-08T21:23:41.987Z,FALSE,"",13:35,FALSE
fare_DEL-CCU_6E_2026-10-08_T+30_1788903777310_1261,DEL-CCU,EaseMyTrip,6E,6E-6245,2026-10-08,T+30,6540,1435,7975,2026-09-08T21:23:41.987Z,FALSE,"",06:20,FALSE
fare_DEL-CCU_QP_2026-10-08_T+30_1788903777310_4hhb,DEL-CCU,EaseMyTrip,QP,QP-1569,2026-10-08,T+30,6567,1442,8009,2026-09-08T21:23:41.987Z,FALSE,"",10:30,TRUE
fare_DEL-CCU_6E_2026-10-08_T+30_1788903777310_2ahx,DEL-CCU,EaseMyTrip,6E,6E-6459,2026-10-08,T+30,6648,1459,8107,2026-09-08T21:23:41.987Z,FALSE,"",05:55,FALSE
fare_DEL-CCU_6E_2026-10-08_T+30_1788903777310_povs,DEL-CCU,EaseMyTrip,6E,6E-5033,2026-10-08,T+30,6712,1473,8185,2026-09-08T21:23:41.987Z,FALSE,"",15:50,FALSE
fare_DEL-CCU_6E_2026-10-08_T+30_1788903777310_4ybw,DEL-CCU,EaseMyTrip,6E,6E-6190,2026-10-08,T+30,6712,1473,8185,2026-09-08T21:23:41.987Z,FALSE,"",07:40,FALSE
fare_DEL-CCU_6E_2026-10-08_T+30_1788903777310_de9n,DEL-CCU,EaseMyTrip,6E,6E-2571,2026-10-08,T+30,6739,1479,8218,2026-09-08T21:23:41.987Z,FALSE,"",12:30,FALSE
fare_DEL-CCU_6E_2026-10-08_T+30_1788903777310_cpcj,DEL-CCU,EaseMyTrip,6E,6E-2316,2026-10-08,T+30,6798,1492,8290,2026-09-08T21:23:41.987Z,FALSE,"",17:30,FALSE
fare_DEL-CCU_6E_2026-10-08_T+30_1788903777310_qq35,DEL-CCU,EaseMyTrip,6E,6E-5307,2026-10-08,T+30,6798,1492,8290,2026-09-08T21:23:41.987Z,FALSE,"",10:50,FALSE
fare_DEL-CCU_6E_2026-10-08_T+30_1788903777310_ke3u,DEL-CCU,EaseMyTrip,6E,6E-5041,2026-10-08,T+30,6798,1492,8290,2026-09-08T21:23:41.987Z,FALSE,"",15:10,FALSE
fare_DEL-CCU_6E_2026-10-08_T+30_1788903777310_p645,DEL-CCU,EaseMyTrip,6E,6E-5215,2026-10-08,T+30,6798,1492,8290,2026-09-08T21:23:41.987Z,FALSE,"",07:40,FALSE
fare_DEL-CCU_6E_2026-10-08_T+30_1788903777310_pusl,DEL-CCU,EaseMyTrip,6E,6E-6829,2026-10-08,T+30,6820,1497,8317,2026-09-08T21:23:41.987Z,FALSE,"",17:20,FALSE
fare_DEL-CCU_6E_2026-10-08_T+30_1788903777310_ar6z,DEL-CCU,EaseMyTrip,6E,6E-6503,2026-10-08,T+30,6970,1530,8500,2026-09-08T21:23:41.987Z,FALSE,"",13:25,FALSE
fare_DEL-CCU_6E_2026-10-08_T+30_1788903777310_57bo,DEL-CCU,EaseMyTrip,6E,6E-6211,2026-10-08,T+30,6970,1530,8500,2026-09-08T21:23:41.987Z,FALSE,"",09:10,FALSE
fare_DEL-CCU_6E_2026-10-08_T+30_1788903777310_zjjs,DEL-CCU,EaseMyTrip,6E,6E-5119,2026-10-08,T+30,6992,1535,8527,2026-09-08T21:23:41.987Z,FALSE,"",05:10,FALSE
fare_DEL-CCU_6E_2026-10-08_T+30_1788903777310_q94p,DEL-CCU,EaseMyTrip,6E,6E-6551,2026-10-08,T+30,7078,1554,8632,2026-09-08T21:23:41.987Z,FALSE,"",12:00,FALSE
fare_DEL-CCU_6E_2026-10-08_T+30_1788903777310_xrul,DEL-CCU,EaseMyTrip,6E,6E-6371,2026-10-08,T+30,7078,1554,8632,2026-09-08T21:23:41.987Z,FALSE,"",06:20,FALSE
fare_DEL-CCU_6E_2026-10-08_T+30_1788903777310_cmbb,DEL-CCU,EaseMyTrip,6E,6E-6236,2026-10-08,T+30,7087,1556,8643,2026-09-08T21:23:41.987Z,FALSE,"",16:20,FALSE
fare_DEL-CCU_6E_2026-10-08_T+30_1788903777310_6ls5,DEL-CCU,EaseMyTrip,6E,6E-2769,2026-10-08,T+30,7087,1556,8643,2026-09-08T21:23:41.987Z,FALSE,"",08:10,FALSE
fare_DEL-CCU_6E_2026-10-08_T+30_1788903777310_x8w2,DEL-CCU,EaseMyTrip,6E,6E-6246,2026-10-08,T+30,7195,1579,8774,2026-09-08T21:23:41.987Z,FALSE,"",05:25,FALSE
fare_DEL-CCU_6E_2026-10-08_T+30_1788903777310_o37d,DEL-CCU,EaseMyTrip,6E,6E-5036,2026-10-08,T+30,7195,1579,8774,2026-09-08T21:23:41.987Z,FALSE,"",08:00,FALSE
fare_DEL-CCU_6E_2026-10-08_T+30_1788903777310_uv1s,DEL-CCU,EaseMyTrip,6E,6E-2614,2026-10-08,T+30,7259,1594,8853,2026-09-08T21:23:41.987Z,FALSE,"",14:40,FALSE
fare_DEL-CCU_6E_2026-10-08_T+30_1788903777310_meac,DEL-CCU,EaseMyTrip,6E,6E-2259,2026-10-08,T+30,7259,1594,8853,2026-09-08T21:23:41.987Z,FALSE,"",12:20,FALSE
fare_DEL-CCU_SG_2026-10-08_T+30_1788903777310_fwhi,DEL-CCU,EaseMyTrip,SG,SG-421,2026-10-08,T+30,7529,1653,9182,2026-09-08T21:23:41.987Z,FALSE,"",20:10,TRUE
fare_DEL-CCU_SG_2026-10-08_T+30_1788903777310_nuki,DEL-CCU,EaseMyTrip,SG,SG-219,2026-10-08,T+30,7529,1653,9182,2026-09-08T21:23:41.987Z,FALSE,"",20:10,TRUE
fare_DEL-CCU_6E_2026-10-08_T+30_1788903777310_fp8l,DEL-CCU,EaseMyTrip,6E,6E-615,2026-10-08,T+30,7790,1710,9500,2026-09-08T21:23:41.987Z,FALSE,"",21:50,TRUE
fare_DEL-CCU_6E_2026-10-08_T+30_1788903777310_ihpa,DEL-CCU,EaseMyTrip,6E,6E-650,2026-10-08,T+30,7790,1710,9500,2026-09-08T21:23:41.987Z,FALSE,"",21:50,TRUE
fare_DEL-CCU_6E_2026-10-08_T+30_1788903777310_ik39,DEL-CCU,EaseMyTrip,6E,6E-770,2026-10-08,T+30,7790,1710,9500,2026-09-08T21:23:41.987Z,FALSE,"",10:15,TRUE
fare_DEL-CCU_6E_2026-10-08_T+30_1788903777310_und5,DEL-CCU,EaseMyTrip,6E,6E-193,2026-10-08,T+30,7790,1710,9500,2026-09-08T21:23:41.987Z,FALSE,"",10:15,TRUE
fare_DEL-CCU_6E_2026-10-08_T+30_1788903777310_zi4t,DEL-CCU,EaseMyTrip,6E,6E-758,2026-10-08,T+30,7790,1710,9500,2026-09-08T21:23:41.987Z,FALSE,"",08:30,TRUE
fare_DEL-CCU_6E_2026-10-08_T+30_1788903777310_d87u,DEL-CCU,EaseMyTrip,6E,6E-593,2026-10-08,T+30,7790,1710,9500,2026-09-08T21:23:41.987Z,FALSE,"",08:30,TRUE
fare_DEL-CCU_6E_2026-10-08_T+30_1788903777310_n0m3,DEL-CCU,EaseMyTrip,6E,6E-540,2026-10-08,T+30,7790,1710,9500,2026-09-08T21:23:41.987Z,FALSE,"",07:20,TRUE
fare_DEL-CCU_6E_2026-10-08_T+30_1788903777310_rl22,DEL-CCU,EaseMyTrip,6E,6E-825,2026-10-08,T+30,7790,1710,9500,2026-09-08T21:23:41.987Z,FALSE,"",07:20,TRUE
fare_DEL-CCU_6E_2026-10-08_T+30_1788903777310_qaz6,DEL-CCU,EaseMyTrip,6E,6E-705,2026-10-08,T+30,7790,1710,9500,2026-09-08T21:23:41.987Z,FALSE,"",14:25,TRUE
fare_DEL-CCU_6E_2026-10-08_T+30_1788903777310_063e,DEL-CCU,EaseMyTrip,6E,6E-419,2026-10-08,T+30,7790,1710,9500,2026-09-08T21:23:41.987Z,FALSE,"",14:25,TRUE
fare_DEL-CCU_6E_2026-10-08_T+30_1788903777310_rcs7,DEL-CCU,EaseMyTrip,6E,6E-6312,2026-10-08,T+30,7797,1711,9508,2026-09-08T21:23:41.987Z,FALSE,"",14:25,FALSE
fare_DEL-CCU_QP_2026-10-08_T+30_1788903777310_g3va,DEL-CCU,EaseMyTrip,QP,QP-1803,2026-10-08,T+30,7811,1715,9526,2026-09-08T21:23:41.987Z,FALSE,"",17:00,TRUE
fare_DEL-CCU_6E_2026-10-08_T+30_1788903777310_fkk1,DEL-CCU,EaseMyTrip,6E,6E-2589,2026-10-08,T+30,7906,1735,9641,2026-09-08T21:23:41.987Z,FALSE,"",15:05,TRUE
fare_DEL-CCU_6E_2026-10-08_T+30_1788903777310_5cen,DEL-CCU,EaseMyTrip,6E,6E-7624,2026-10-08,T+30,7948,1745,9693,2026-09-08T21:23:41.987Z,FALSE,"",05:50,FALSE
fare_DEL-CCU_QP_2026-10-08_T+30_1788903777310_p7fh,DEL-CCU,EaseMyTrip,QP,QP-1801,2026-10-08,T+30,8111,1780,9891,2026-09-08T21:23:41.987Z,FALSE,"",05:55,TRUE
fare_DEL-CCU_6E_2026-10-08_T+30_1788903777310_4hju,DEL-CCU,EaseMyTrip,6E,6E-6415,2026-10-08,T+30,8177,1795,9972,2026-09-08T21:23:41.987Z,FALSE,"",16:00,TRUE
fare_DEL-CCU_6E_2026-10-08_T+30_1788903777310_z0ix,DEL-CCU,EaseMyTrip,6E,6E-5038,2026-10-08,T+30,9250,2030,11280,2026-09-08T21:23:41.987Z,FALSE,"",14:00,FALSE
fare_DEL-CCU_IX_2026-10-08_T+30_1788903777310_mfpo,DEL-CCU,EaseMyTrip,IX,IX-1085,2026-10-08,T+30,9870,2166,12036,2026-09-08T21:23:41.987Z,FALSE,"",12:55,FALSE
fare_DEL-CCU_IX_2026-10-08_T+30_1788903777310_1h2t,DEL-CCU,EaseMyTrip,IX,IX-1032,2026-10-08,T+30,9870,2166,12036,2026-09-08T21:23:41.987Z,FALSE,"",05:45,FALSE
fare_DEL-CCU_6E_2026-10-08_T+30_1788903777310_u54b,DEL-CCU,EaseMyTrip,6E,6E-2317,2026-10-08,T+30,9854,2163,12017,2026-09-08T21:23:41.987Z,FALSE,"",11:00,FALSE
fare_DEL-CCU_AI_2026-10-08_T+30_1788903777310_11ia,DEL-CCU,EaseMyTrip,AI,AI-1791,2026-10-08,T+30,10639,2335,12974,2026-09-08T21:23:41.987Z,FALSE,"",09:55,TRUE
fare_DEL-CCU_AI_2026-10-08_T+30_1788903777310_2460,DEL-CCU,EaseMyTrip,AI,AI-2943,2026-10-08,T+30,10888,2390,13278,2026-09-08T21:23:41.987Z,FALSE,"",07:30,FALSE
fare_DEL-CCU_AI_2026-10-08_T+30_1788903777310_dpky,DEL-CCU,EaseMyTrip,AI,AI-441,2026-10-08,T+30,10888,2390,13278,2026-09-08T21:23:41.987Z,FALSE,"",17:00,FALSE
fare_DEL-CCU_AI_2026-10-08_T+30_1788903777310_o8jo,DEL-CCU,EaseMyTrip,AI,AI-2429,2026-10-08,T+30,10888,2390,13278,2026-09-08T21:23:41.987Z,FALSE,"",07:00,FALSE
fare_DEL-CCU_AI_2026-10-08_T+30_1788903777310_vn5q,DEL-CCU,EaseMyTrip,AI,AI-1777,2026-10-08,T+30,10888,2390,13278,2026-09-08T21:23:41.987Z,FALSE,"",16:00,FALSE
fare_DEL-CCU_AI_2026-10-08_T+30_1788903777310_ol4l,DEL-CCU,EaseMyTrip,AI,AI-879,2026-10-08,T+30,11213,2461,13674,2026-09-08T21:23:41.987Z,FALSE,"",06:40,FALSE
fare_DEL-CCU_AI_2026-10-08_T+30_1788903777310_0tax,DEL-CCU,EaseMyTrip,AI,AI-1755,2026-10-08,T+30,11629,2553,14182,2026-09-08T21:23:41.987Z,FALSE,"",14:30,FALSE
fare_DEL-CCU_6E_2026-10-08_T+30_1788903777310_zoaz,DEL-CCU,EaseMyTrip,6E,6E-837,2026-10-08,T+30,11707,2570,14277,2026-09-08T21:23:41.987Z,FALSE,"",02:45,TRUE
fare_DEL-CCU_6E_2026-10-08_T+30_1788903777310_ki6a,DEL-CCU,EaseMyTrip,6E,6E-648,2026-10-08,T+30,11707,2570,14277,2026-09-08T21:23:41.987Z,FALSE,"",02:45,TRUE
fare_DEL-CCU_6E_2026-10-08_T+30_1788903777310_fe1n,DEL-CCU,EaseMyTrip,6E,6E-884,2026-10-08,T+30,11707,2570,14277,2026-09-08T21:23:41.987Z,FALSE,"",23:30,TRUE
fare_DEL-CCU_6E_2026-10-08_T+30_1788903777310_d2xm,DEL-CCU,EaseMyTrip,6E,6E-328,2026-10-08,T+30,11707,2570,14277,2026-09-08T21:23:41.987Z,FALSE,"",23:30,TRUE
fare_DEL-CCU_6E_2026-10-08_T+30_1788903777310_b9z6,DEL-CCU,EaseMyTrip,6E,6E-2276,2026-10-08,T+30,11707,2570,14277,2026-09-08T21:23:41.987Z,FALSE,"",17:55,TRUE
fare_DEL-CCU_6E_2026-10-08_T+30_1788903777310_30sd,DEL-CCU,EaseMyTrip,6E,6E-6517,2026-10-08,T+30,11707,2570,14277,2026-09-08T21:23:41.987Z,FALSE,"",19:30,TRUE
fare_DEL-CCU_6E_2026-10-08_T+30_1788903777310_zdgk,DEL-CCU,EaseMyTrip,6E,6E-496,2026-10-08,T+30,11707,2570,14277,2026-09-08T21:23:41.987Z,FALSE,"",12:45,TRUE
fare_DEL-CCU_6E_2026-10-08_T+30_1788903777310_x7l7,DEL-CCU,EaseMyTrip,6E,6E-175,2026-10-08,T+30,11707,2570,14277,2026-09-08T21:23:41.987Z,FALSE,"",12:45,TRUE
fare_DEL-CCU_6E_2026-10-08_T+30_1788903777310_b6i3,DEL-CCU,EaseMyTrip,6E,6E-5191,2026-10-08,T+30,11707,2570,14277,2026-09-08T21:23:41.987Z,FALSE,"",05:00,TRUE
fare_DEL-CCU_AI_2026-10-08_T+30_1788903777310_ym2z,DEL-CCU,EaseMyTrip,AI,AI-2535,2026-10-08,T+30,11957,2625,14582,2026-09-08T21:23:41.987Z,FALSE,"",06:40,TRUE
fare_DEL-CCU_AI_2026-10-08_T+30_1788903777310_eldj,DEL-CCU,EaseMyTrip,AI,AI-2709,2026-10-08,T+30,11957,2625,14582,2026-09-08T21:23:41.987Z,FALSE,"",19:40,TRUE
fare_DEL-CCU_AI_2026-10-08_T+30_1788903777310_g7j0,DEL-CCU,EaseMyTrip,AI,AI-2513,2026-10-08,T+30,11957,2625,14582,2026-09-08T21:23:41.987Z,FALSE,"",12:10,TRUE
fare_DEL-CCU_AI_2026-10-08_T+30_1788903777310_wy56,DEL-CCU,EaseMyTrip,AI,AI-2702,2026-10-08,T+30,11957,2625,14582,2026-09-08T21:23:41.987Z,FALSE,"",02:30,TRUE
fare_DEL-CCU_AI_2026-10-08_T+30_1788903777310_ll4b,DEL-CCU,EaseMyTrip,AI,AI-2707,2026-10-08,T+30,11957,2625,14582,2026-09-08T21:23:41.987Z,FALSE,"",18:00,TRUE
fare_DEL-CCU_AI_2026-10-08_T+30_1788903777310_tjnr,DEL-CCU,EaseMyTrip,AI,AI-1714,2026-10-08,T+30,11957,2625,14582,2026-09-08T21:23:41.987Z,FALSE,"",21:00,TRUE
fare_DEL-CCU_6E_2026-10-08_T+30_1788903777310_wrq0,DEL-CCU,EaseMyTrip,6E,6E-6053,2026-10-08,T+30,11893,2611,14504,2026-09-08T21:23:41.987Z,FALSE,"",13:05,FALSE
fare_DEL-CCU_6E_2026-10-08_T+30_1788903777310_qwc8,DEL-CCU,EaseMyTrip,6E,6E-774,2026-10-08,T+30,12106,2658,14764,2026-09-08T21:23:41.987Z,FALSE,"",02:25,FALSE
fare_DEL-CCU_6E_2026-10-08_T+30_1788903777310_sgnc,DEL-CCU,EaseMyTrip,6E,6E-752,2026-10-08,T+30,12106,2658,14764,2026-09-08T21:23:41.987Z,FALSE,"",02:25,FALSE
fare_DEL-CCU_6E_2026-10-08_T+30_1788903777310_krw4,DEL-CCU,EaseMyTrip,6E,6E-6282,2026-10-08,T+30,12365,2714,15079,2026-09-08T21:23:41.987Z,FALSE,"",13:30,FALSE
fare_DEL-CCU_AI_2026-10-08_T+30_1788903777310_4wuj,DEL-CCU,EaseMyTrip,AI,AI-1733,2026-10-08,T+30,12729,2794,15523,2026-09-08T21:23:41.987Z,FALSE,"",16:15,TRUE
fare_DEL-CCU_6E_2026-10-08_T+30_1788903777310_4cnm,DEL-CCU,EaseMyTrip,6E,6E-975,2026-10-08,T+30,12881,2828,15709,2026-09-08T21:23:41.987Z,FALSE,"",08:30,FALSE
fare_DEL-CCU_6E_2026-10-08_T+30_1788903777310_lpy1,DEL-CCU,EaseMyTrip,6E,6E-326,2026-10-08,T+30,12881,2828,15709,2026-09-08T21:23:41.987Z,FALSE,"",08:30,FALSE
fare_DEL-CCU_6E_2026-10-08_T+30_1788903777310_xbf4,DEL-CCU,EaseMyTrip,6E,6E-6293,2026-10-08,T+30,12881,2828,15709,2026-09-08T21:23:41.987Z,FALSE,"",09:55,FALSE
fare_DEL-CCU_6E_2026-10-08_T+30_1788903777310_4y7j,DEL-CCU,EaseMyTrip,6E,6E-922,2026-10-08,T+30,12881,2828,15709,2026-09-08T21:23:41.987Z,FALSE,"",07:10,FALSE
fare_DEL-CCU_6E_2026-10-08_T+30_1788903777310_4gxa,DEL-CCU,EaseMyTrip,6E,6E-105,2026-10-08,T+30,12881,2828,15709,2026-09-08T21:23:41.987Z,FALSE,"",07:10,FALSE
fare_DEL-CCU_6E_2026-10-08_T+30_1788903777310_k6ru,DEL-CCU,EaseMyTrip,6E,6E-764,2026-10-08,T+30,13140,2884,16024,2026-09-08T21:23:41.987Z,FALSE,"",17:55,FALSE
fare_DEL-CCU_6E_2026-10-08_T+30_1788903777310_fei7,DEL-CCU,EaseMyTrip,6E,6E-840,2026-10-08,T+30,13140,2884,16024,2026-09-08T21:23:41.987Z,FALSE,"",17:55,FALSE
fare_DEL-CCU_6E_2026-10-08_T+30_1788903777310_segt,DEL-CCU,EaseMyTrip,6E,6E-514,2026-10-08,T+30,13140,2884,16024,2026-09-08T21:23:41.987Z,FALSE,"",17:55,FALSE
fare_DEL-CCU_6E_2026-10-08_T+30_1788903777310_rr3z,DEL-CCU,EaseMyTrip,6E,6E-136,2026-10-08,T+30,13140,2884,16024,2026-09-08T21:23:41.987Z,FALSE,"",17:55,FALSE
fare_DEL-CCU_6E_2026-10-08_T+30_1788903777310_p0ug,DEL-CCU,EaseMyTrip,6E,6E-7628,2026-10-08,T+30,13419,2946,16365,2026-09-08T21:23:41.987Z,FALSE,"",15:05,FALSE
fare_DEL-CCU_6E_2026-10-08_T+30_1788903777310_1gd4,DEL-CCU,EaseMyTrip,6E,6E-6217,2026-10-08,T+30,13653,2997,16650,2026-09-08T21:23:41.987Z,FALSE,"",16:15,FALSE
fare_DEL-CCU_AI_2026-10-08_T+30_1788903777310_qthf,DEL-CCU,EaseMyTrip,AI,AI-9486,2026-10-08,T+30,13973,3067,17040,2026-09-08T21:23:41.987Z,FALSE,"",17:50,FALSE
fare_DEL-CCU_AI_2026-10-08_T+30_1788903777310_zky4,DEL-CCU,EaseMyTrip,AI,AI-2678,2026-10-08,T+30,14202,3117,17319,2026-09-08T21:23:41.987Z,FALSE,"",08:30,FALSE
fare_DEL-CCU_AI_2026-10-08_T+30_1788903777310_fzmg,DEL-CCU,EaseMyTrip,AI,AI-2975,2026-10-08,T+30,14202,3117,17319,2026-09-08T21:23:41.987Z,FALSE,"",06:30,FALSE
fare_DEL-CCU_6E_2026-10-08_T+30_1788903777310_bi3f,DEL-CCU,EaseMyTrip,6E,6E-647,2026-10-08,T+30,14057,3086,17143,2026-09-08T21:23:41.987Z,FALSE,"",16:20,FALSE
fare_DEL-CCU_6E_2026-10-08_T+30_1788903777310_lmaj,DEL-CCU,EaseMyTrip,6E,6E-134,2026-10-08,T+30,14057,3086,17143,2026-09-08T21:23:41.987Z,FALSE,"",16:20,FALSE
fare_DEL-CCU_AI_2026-10-08_T+30_1788903777310_sxbd,DEL-CCU,EaseMyTrip,AI,AI-2767,2026-10-08,T+30,15357,3371,18728,2026-09-08T21:23:41.987Z,FALSE,"",13:00,TRUE
fare_DEL-CCU_AI_2026-10-08_T+30_1788903777310_449m,DEL-CCU,EaseMyTrip,AI,AI-537,2026-10-08,T+30,15871,3484,19355,2026-09-08T21:23:41.987Z,FALSE,"",15:45,FALSE
fare_DEL-CCU_AI_2026-10-08_T+30_1788903777310_id04,DEL-CCU,EaseMyTrip,AI,AI-2483,2026-10-08,T+30,15871,3484,19355,2026-09-08T21:23:41.987Z,FALSE,"",12:20,FALSE
fare_DEL-CCU_IX_2026-10-08_T+30_1788903777310_kivq,DEL-CCU,EaseMyTrip,IX,IX-1070,2026-10-08,T+30,16913,3713,20626,2026-09-08T21:23:41.987Z,FALSE,"",22:00,FALSE
fare_DEL-CCU_IX_2026-10-08_T+30_1788903777310_p1o7,DEL-CCU,EaseMyTrip,IX,IX-5978,2026-10-08,T+30,16913,3713,20626,2026-09-08T21:23:41.987Z,FALSE,"",21:00,FALSE
fare_DEL-CCU_IX_2026-10-08_T+30_1788903777310_yt9c,DEL-CCU,EaseMyTrip,IX,IX-2749,2026-10-08,T+30,16913,3713,20626,2026-09-08T21:23:41.987Z,FALSE,"",10:25,FALSE
fare_DEL-CCU_AI_2026-10-08_T+30_1788903777310_imum,DEL-CCU,EaseMyTrip,AI,AI-2525,2026-10-08,T+30,16503,3622,20125,2026-09-08T21:23:41.987Z,FALSE,"",06:00,FALSE
fare_DEL-CCU_6E_2026-10-08_T+30_1788903777310_y6hi,DEL-CCU,EaseMyTrip,6E,6E-6073,2026-10-08,T+30,17882,3925,21807,2026-09-08T21:23:41.987Z,FALSE,"",05:00,FALSE
fare_DEL-CCU_AI_2026-10-08_T+30_1788903777310_vxnm,DEL-CCU,EaseMyTrip,AI,AI-2815,2026-10-08,T+30,18661,4096,22757,2026-09-08T21:23:41.987Z,FALSE,"",07:00,FALSE
fare_DEL-CCU_AI_2026-10-08_T+30_1788903777310_h63o,DEL-CCU,EaseMyTrip,AI,AI-2803,2026-10-08,T+30,18661,4096,22757,2026-09-08T21:23:41.987Z,FALSE,"",06:30,FALSE
fare_DEL-CCU_AI_2026-10-08_T+30_1788903777310_vvil,DEL-CCU,EaseMyTrip,AI,AI-2757,2026-10-08,T+30,18661,4096,22757,2026-09-08T21:23:41.987Z,FALSE,"",00:15,FALSE
fare_DEL-CCU_AI_2026-10-08_T+30_1788903777310_q46u,DEL-CCU,EaseMyTrip,AI,AI-2653,2026-10-08,T+30,18661,4096,22757,2026-09-08T21:23:41.987Z,FALSE,"",04:30,FALSE
fare_DEL-CCU_6E_2026-10-08_T+30_1788903777310_3iqi,DEL-CCU,EaseMyTrip,6E,6E-2296,2026-10-08,T+30,18972,4164,23136,2026-09-08T21:23:41.987Z,FALSE,"",09:20,FALSE
fare_DEL-CCU_AI_2026-10-08_T+30_1788903777310_cwzw,DEL-CCU,EaseMyTrip,AI,AI-1745,2026-10-08,T+30,21706,4765,26471,2026-09-08T21:23:41.987Z,FALSE,"",05:00,FALSE
fare_DEL-CCU_AI_2026-10-08_T+30_1788903777310_2pf9,DEL-CCU,EaseMyTrip,AI,AI-2425,2026-10-08,T+30,29570,6491,36061,2026-09-08T21:23:41.987Z,TRUE,"High outlier: ₹36061 > upper fence ₹26781 (Q3: ₹16024, IQR: ₹7171)",10:30,FALSE
fare_DEL-CCU_AI_2026-10-08_T+30_1788903777310_kn0j,DEL-CCU,EaseMyTrip,AI,AI-2951,2026-10-08,T+30,29570,6491,36061,2026-09-08T21:23:41.987Z,TRUE,"High outlier: ₹36061 > upper fence ₹26781 (Q3: ₹16024, IQR: ₹7171)",13:30,FALSE
fare_DEL-CCU_AI_2026-10-08_T+30_1788903777310_9xnt,DEL-CCU,EaseMyTrip,AI,AI-2927,2026-10-08,T+30,29570,6491,36061,2026-09-08T21:23:41.987Z,TRUE,"High outlier: ₹36061 > upper fence ₹26781 (Q3: ₹16024, IQR: ₹7171)",09:30,FALSE
fare_DEL-CCU_AI_2026-10-08_T+30_1788903777310_pif4,DEL-CCU,EaseMyTrip,AI,AI-2963,2026-10-08,T+30,29570,6491,36061,2026-09-08T21:23:41.987Z,TRUE,"High outlier: ₹36061 > upper fence ₹26781 (Q3: ₹16024, IQR: ₹7171)",09:00,FALSE
fare_DEL-CCU_AI_2026-10-08_T+30_1788903777310_h1fp,DEL-CCU,EaseMyTrip,AI,AI-2945,2026-10-08,T+30,31466,6907,38373,2026-09-08T21:23:41.987Z,TRUE,"High outlier: ₹38373 > upper fence ₹26781 (Q3: ₹16024, IQR: ₹7171)",11:00,FALSE
fare_DEL-CCU_AI_2026-10-08_T+30_1788903777310_g2hc,DEL-CCU,EaseMyTrip,AI,AI-2995,2026-10-08,T+30,36426,7996,44422,2026-09-08T21:23:41.987Z,TRUE,"High outlier: ₹44422 > upper fence ₹26781 (Q3: ₹16024, IQR: ₹7171)",10:00,FALSE
fare_DEL-CCU_AI_2026-10-08_T+30_1788903777310_pza7,DEL-CCU,EaseMyTrip,AI,AI-1785,2026-10-08,T+30,36426,7996,44422,2026-09-08T21:23:41.987Z,TRUE,"High outlier: ₹44422 > upper fence ₹26781 (Q3: ₹16024, IQR: ₹7171)",12:00,FALSE
fare_DEL-CCU_6E_2026-10-23_T+45_1788903777310_z3o4,DEL-CCU,EaseMyTrip,6E,6E-6459,2026-10-23,T+45,6654,1461,8115,2026-09-08T21:23:49.620Z,FALSE,"",05:55,FALSE
fare_DEL-CCU_IX_2026-10-23_T+45_1788903777310_zppv,DEL-CCU,EaseMyTrip,IX,IX-1076,2026-10-23,T+45,9111,2000,11111,2026-09-08T21:23:49.620Z,FALSE,"",09:00,FALSE
fare_DEL-CCU_IX_2026-10-23_T+45_1788903777310_xayy,DEL-CCU,EaseMyTrip,IX,IX-1067,2026-10-23,T+45,9111,2000,11111,2026-09-08T21:23:49.620Z,FALSE,"",06:10,FALSE
fare_DEL-CCU_6E_2026-10-23_T+45_1788903777310_b93n,DEL-CCU,EaseMyTrip,6E,6E-6053,2026-10-23,T+45,7267,1595,8862,2026-09-08T21:23:49.620Z,FALSE,"",13:05,FALSE
fare_DEL-CCU_6E_2026-10-23_T+45_1788903777310_9fwq,DEL-CCU,EaseMyTrip,6E,6E-6503,2026-10-23,T+45,7525,1652,9177,2026-09-08T21:23:49.620Z,FALSE,"",13:25,FALSE
fare_DEL-CCU_6E_2026-10-23_T+45_1788903777310_e4en,DEL-CCU,EaseMyTrip,6E,6E-5036,2026-10-23,T+45,7805,1713,9518,2026-09-08T21:23:49.620Z,FALSE,"",08:00,FALSE
fare_DEL-CCU_SG_2026-10-23_T+45_1788903777310_t5kv,DEL-CCU,EaseMyTrip,SG,SG-632,2026-10-23,T+45,8056,1769,9825,2026-09-08T21:23:49.620Z,FALSE,"",20:10,TRUE
fare_DEL-CCU_SG_2026-10-23_T+45_1788903777310_htp6,DEL-CCU,EaseMyTrip,SG,SG-184,2026-10-23,T+45,8056,1769,9825,2026-09-08T21:23:49.620Z,FALSE,"",20:10,TRUE
fare_DEL-CCU_QP_2026-10-23_T+45_1788903777310_6l5m,DEL-CCU,EaseMyTrip,QP,QP-1569,2026-10-23,T+45,7900,1734,9634,2026-09-08T21:23:49.620Z,FALSE,"",10:30,TRUE
fare_DEL-CCU_6E_2026-10-23_T+45_1788903777310_x6i2,DEL-CCU,EaseMyTrip,6E,6E-5119,2026-10-23,T+45,8149,1789,9938,2026-09-08T21:23:49.620Z,FALSE,"",05:10,FALSE
fare_DEL-CCU_6E_2026-10-23_T+45_1788903777310_mo20,DEL-CCU,EaseMyTrip,6E,6E-6371,2026-10-23,T+45,8235,1808,10043,2026-09-08T21:23:49.620Z,FALSE,"",06:20,FALSE
fare_DEL-CCU_SG_2026-10-23_T+45_1788903777310_1uub,DEL-CCU,EaseMyTrip,SG,SG-120,2026-10-23,T+45,8613,1891,10504,2026-09-08T21:23:49.620Z,FALSE,"",20:10,TRUE
fare_DEL-CCU_SG_2026-10-23_T+45_1788903777310_ct5t,DEL-CCU,EaseMyTrip,SG,SG-665,2026-10-23,T+45,8613,1891,10504,2026-09-08T21:23:49.620Z,FALSE,"",20:10,TRUE
fare_DEL-CCU_6E_2026-10-23_T+45_1788903777310_grg0,DEL-CCU,EaseMyTrip,6E,6E-2614,2026-10-23,T+45,8955,1966,10921,2026-09-08T21:23:49.620Z,FALSE,"",14:40,FALSE
fare_DEL-CCU_6E_2026-10-23_T+45_1788903777310_2jao,DEL-CCU,EaseMyTrip,6E,6E-2259,2026-10-23,T+45,8955,1966,10921,2026-09-08T21:23:49.620Z,FALSE,"",12:20,FALSE
fare_DEL-CCU_6E_2026-10-23_T+45_1788903777310_9stq,DEL-CCU,EaseMyTrip,6E,6E-6190,2026-10-23,T+45,9259,2032,11291,2026-09-08T21:23:49.620Z,FALSE,"",07:40,FALSE
fare_DEL-CCU_6E_2026-10-23_T+45_1788903777310_qbg5,DEL-CCU,EaseMyTrip,6E,6E-6236,2026-10-23,T+45,9423,2069,11492,2026-09-08T21:23:49.620Z,FALSE,"",16:20,FALSE
fare_DEL-CCU_6E_2026-10-23_T+45_1788903777310_6v6p,DEL-CCU,EaseMyTrip,6E,6E-6245,2026-10-23,T+45,9553,2097,11650,2026-09-08T21:23:49.620Z,FALSE,"",06:20,FALSE
fare_DEL-CCU_6E_2026-10-23_T+45_1788903777310_9fz0,DEL-CCU,EaseMyTrip,6E,6E-6551,2026-10-23,T+45,9624,2113,11737,2026-09-08T21:23:49.620Z,FALSE,"",12:00,FALSE
fare_DEL-CCU_6E_2026-10-23_T+45_1788903777310_526o,DEL-CCU,EaseMyTrip,6E,6E-516,2026-10-23,T+45,9727,2135,11862,2026-09-08T21:23:49.620Z,FALSE,"",02:45,TRUE
fare_DEL-CCU_6E_2026-10-23_T+45_1788903777310_9gj9,DEL-CCU,EaseMyTrip,6E,6E-490,2026-10-23,T+45,9727,2135,11862,2026-09-08T21:23:49.620Z,FALSE,"",02:45,TRUE
fare_DEL-CCU_6E_2026-10-23_T+45_1788903777310_6lni,DEL-CCU,EaseMyTrip,6E,6E-2453,2026-10-23,T+45,9768,2144,11912,2026-09-08T21:23:49.620Z,FALSE,"",13:35,FALSE
fare_DEL-CCU_AI_2026-10-23_T+45_1788903777310_c7e9,DEL-CCU,EaseMyTrip,AI,AI-2513,2026-10-23,T+45,10355,2273,12628,2026-09-08T21:23:49.620Z,FALSE,"",12:10,TRUE
fare_DEL-CCU_6E_2026-10-23_T+45_1788903777310_8d72,DEL-CCU,EaseMyTrip,6E,6E-2769,2026-10-23,T+45,10585,2324,12909,2026-09-08T21:23:49.620Z,FALSE,"",08:10,FALSE
fare_DEL-CCU_IX_2026-10-23_T+45_1788903777310_hab3,DEL-CCU,EaseMyTrip,IX,IX-1081,2026-10-23,T+45,12638,2774,15412,2026-09-08T21:23:49.620Z,FALSE,"",15:25,FALSE
fare_DEL-CCU_6E_2026-10-23_T+45_1788903777310_b0at,DEL-CCU,EaseMyTrip,6E,6E-6312,2026-10-23,T+45,10874,2387,13261,2026-09-08T21:23:49.620Z,FALSE,"",14:25,FALSE
fare_DEL-CCU_6E_2026-10-23_T+45_1788903777310_mqod,DEL-CCU,EaseMyTrip,6E,6E-2373,2026-10-23,T+45,10887,2390,13277,2026-09-08T21:23:49.620Z,FALSE,"",11:10,FALSE
fare_DEL-CCU_6E_2026-10-23_T+45_1788903777310_7987,DEL-CCU,EaseMyTrip,6E,6E-2589,2026-10-23,T+45,10962,2406,13368,2026-09-08T21:23:49.620Z,FALSE,"",16:10,TRUE
fare_DEL-CCU_6E_2026-10-23_T+45_1788903777310_pq42,DEL-CCU,EaseMyTrip,6E,6E-7624,2026-10-23,T+45,11164,2451,13615,2026-09-08T21:23:49.620Z,FALSE,"",05:50,FALSE
fare_DEL-CCU_SG_2026-10-23_T+45_1788903777310_f89l,DEL-CCU,EaseMyTrip,SG,SG-732,2026-10-23,T+45,11409,2504,13913,2026-09-08T21:23:49.620Z,FALSE,"",05:20,TRUE
fare_DEL-CCU_SG_2026-10-23_T+45_1788903777310_xhk9,DEL-CCU,EaseMyTrip,SG,SG-384,2026-10-23,T+45,11409,2504,13913,2026-09-08T21:23:49.620Z,FALSE,"",05:20,TRUE
fare_DEL-CCU_IX_2026-10-23_T+45_1788903777310_oasw,DEL-CCU,EaseMyTrip,IX,IX-1524,2026-10-23,T+45,11674,2563,14237,2026-09-08T21:23:49.620Z,FALSE,"",16:35,TRUE
fare_DEL-CCU_6E_2026-10-23_T+45_1788903777310_6cqh,DEL-CCU,EaseMyTrip,6E,6E-507,2026-10-23,T+45,11590,2544,14134,2026-09-08T21:23:49.620Z,FALSE,"",08:30,FALSE
fare_DEL-CCU_6E_2026-10-23_T+45_1788903777310_43te,DEL-CCU,EaseMyTrip,6E,6E-820,2026-10-23,T+45,11590,2544,14134,2026-09-08T21:23:49.620Z,FALSE,"",08:30,FALSE
fare_DEL-CCU_6E_2026-10-23_T+45_1788903777310_bajl,DEL-CCU,EaseMyTrip,6E,6E-657,2026-10-23,T+45,11590,2544,14134,2026-09-08T21:23:49.620Z,FALSE,"",17:55,FALSE
fare_DEL-CCU_6E_2026-10-23_T+45_1788903777310_tl32,DEL-CCU,EaseMyTrip,6E,6E-227,2026-10-23,T+45,11590,2544,14134,2026-09-08T21:23:49.620Z,FALSE,"",17:55,FALSE
fare_DEL-CCU_6E_2026-10-23_T+45_1788903777310_ryfv,DEL-CCU,EaseMyTrip,6E,6E-411,2026-10-23,T+45,11590,2544,14134,2026-09-08T21:23:49.620Z,FALSE,"",07:10,FALSE
fare_DEL-CCU_6E_2026-10-23_T+45_1788903777310_9zn2,DEL-CCU,EaseMyTrip,6E,6E-194,2026-10-23,T+45,11590,2544,14134,2026-09-08T21:23:49.620Z,FALSE,"",07:10,FALSE
fare_DEL-CCU_6E_2026-10-23_T+45_1788903777310_9ks0,DEL-CCU,EaseMyTrip,6E,6E-106,2026-10-23,T+45,11707,2570,14277,2026-09-08T21:23:49.620Z,FALSE,"",23:30,TRUE
fare_DEL-CCU_6E_2026-10-23_T+45_1788903777310_i3l4,DEL-CCU,EaseMyTrip,6E,6E-212,2026-10-23,T+45,11707,2570,14277,2026-09-08T21:23:49.620Z,FALSE,"",23:30,TRUE
fare_DEL-CCU_6E_2026-10-23_T+45_1788903777310_cgc8,DEL-CCU,EaseMyTrip,6E,6E-498,2026-10-23,T+45,11707,2570,14277,2026-09-08T21:23:49.620Z,FALSE,"",10:15,TRUE
fare_DEL-CCU_6E_2026-10-23_T+45_1788903777310_whfb,DEL-CCU,EaseMyTrip,6E,6E-671,2026-10-23,T+45,11707,2570,14277,2026-09-08T21:23:49.620Z,FALSE,"",10:15,TRUE
fare_DEL-CCU_6E_2026-10-23_T+45_1788903777310_lozm,DEL-CCU,EaseMyTrip,6E,6E-774,2026-10-23,T+45,11707,2570,14277,2026-09-08T21:23:49.620Z,FALSE,"",08:30,TRUE
fare_DEL-CCU_6E_2026-10-23_T+45_1788903777310_l5ru,DEL-CCU,EaseMyTrip,6E,6E-409,2026-10-23,T+45,11707,2570,14277,2026-09-08T21:23:49.620Z,FALSE,"",08:30,TRUE
fare_DEL-CCU_AI_2026-10-23_T+45_1788903777310_ik3h,DEL-CCU,EaseMyTrip,AI,AI-1791,2026-10-23,T+45,11957,2625,14582,2026-09-08T21:23:49.620Z,FALSE,"",09:55,TRUE
fare_DEL-CCU_QP_2026-10-23_T+45_1788903777310_encj,DEL-CCU,EaseMyTrip,QP,QP-1803,2026-10-23,T+45,11812,2593,14405,2026-09-08T21:23:49.620Z,FALSE,"",17:00,TRUE
fare_DEL-CCU_6E_2026-10-23_T+45_1788903777310_uqbn,DEL-CCU,EaseMyTrip,6E,6E-143,2026-10-23,T+45,11842,2599,14441,2026-09-08T21:23:49.620Z,FALSE,"",16:20,FALSE
fare_DEL-CCU_6E_2026-10-23_T+45_1788903777310_1l7c,DEL-CCU,EaseMyTrip,6E,6E-816,2026-10-23,T+45,11842,2599,14441,2026-09-08T21:23:49.620Z,FALSE,"",16:20,FALSE
fare_DEL-CCU_6E_2026-10-23_T+45_1788903777310_xm3x,DEL-CCU,EaseMyTrip,6E,6E-6282,2026-10-23,T+45,11934,2620,14554,2026-09-08T21:23:49.620Z,FALSE,"",13:30,FALSE
fare_DEL-CCU_6E_2026-10-23_T+45_1788903777310_a9b0,DEL-CCU,EaseMyTrip,6E,6E-6378,2026-10-23,T+45,11993,2632,14625,2026-09-08T21:23:49.620Z,FALSE,"",14:40,FALSE
fare_DEL-CCU_6E_2026-10-23_T+45_1788903777310_ml1r,DEL-CCU,EaseMyTrip,6E,6E-5307,2026-10-23,T+45,11993,2632,14625,2026-09-08T21:23:49.620Z,FALSE,"",10:50,FALSE
fare_DEL-CCU_IX_2026-10-23_T+45_1788903777310_cgox,DEL-CCU,EaseMyTrip,IX,IX-1273,2026-10-23,T+45,13867,3044,16911,2026-09-08T21:23:49.620Z,FALSE,"",12:05,FALSE
fare_DEL-CCU_6E_2026-10-23_T+45_1788903777310_y4tg,DEL-CCU,EaseMyTrip,6E,6E-580,2026-10-23,T+45,12106,2658,14764,2026-09-08T21:23:49.620Z,FALSE,"",17:55,FALSE
fare_DEL-CCU_6E_2026-10-23_T+45_1788903777310_75jg,DEL-CCU,EaseMyTrip,6E,6E-894,2026-10-23,T+45,12106,2658,14764,2026-09-08T21:23:49.620Z,FALSE,"",17:55,FALSE
fare_DEL-CCU_6E_2026-10-23_T+45_1788903777310_m97m,DEL-CCU,EaseMyTrip,6E,6E-6217,2026-10-23,T+45,12106,2658,14764,2026-09-08T21:23:49.620Z,FALSE,"",16:15,FALSE
fare_DEL-CCU_6E_2026-10-23_T+45_1788903777310_c651,DEL-CCU,EaseMyTrip,6E,6E-6246,2026-10-23,T+45,12170,2671,14841,2026-09-08T21:23:49.620Z,FALSE,"",05:25,FALSE
fare_DEL-CCU_6E_2026-10-23_T+45_1788903777310_jptt,DEL-CCU,EaseMyTrip,6E,6E-415,2026-10-23,T+45,12439,2731,15170,2026-09-08T21:23:49.620Z,FALSE,"",14:25,TRUE
fare_DEL-CCU_6E_2026-10-23_T+45_1788903777310_axow,DEL-CCU,EaseMyTrip,6E,6E-245,2026-10-23,T+45,12439,2731,15170,2026-09-08T21:23:49.620Z,FALSE,"",14:25,TRUE
fare_DEL-CCU_6E_2026-10-23_T+45_1788903777310_qdpy,DEL-CCU,EaseMyTrip,6E,6E-932,2026-10-23,T+45,12772,2804,15576,2026-09-08T21:23:49.620Z,FALSE,"",02:25,FALSE
fare_DEL-CCU_6E_2026-10-23_T+45_1788903777310_fyaw,DEL-CCU,EaseMyTrip,6E,6E-292,2026-10-23,T+45,12772,2804,15576,2026-09-08T21:23:49.620Z,FALSE,"",02:25,FALSE
fare_DEL-CCU_6E_2026-10-23_T+45_1788903777310_xsz3,DEL-CCU,EaseMyTrip,6E,6E-7628,2026-10-23,T+45,12800,2810,15610,2026-09-08T21:23:49.620Z,FALSE,"",15:05,FALSE
fare_DEL-CCU_6E_2026-10-23_T+45_1788903777310_e0vx,DEL-CCU,EaseMyTrip,6E,6E-5033,2026-10-23,T+45,12969,2847,15816,2026-09-08T21:23:49.620Z,FALSE,"",15:50,FALSE
fare_DEL-CCU_SG_2026-10-23_T+45_1788903777310_lgci,DEL-CCU,EaseMyTrip,SG,SG-597,2026-10-23,T+45,13224,2903,16127,2026-09-08T21:23:49.620Z,FALSE,"",06:45,TRUE
fare_DEL-CCU_SG_2026-10-23_T+45_1788903777310_o94a,DEL-CCU,EaseMyTrip,SG,SG-145,2026-10-23,T+45,13224,2903,16127,2026-09-08T21:23:49.620Z,FALSE,"",06:45,TRUE
fare_DEL-CCU_6E_2026-10-23_T+45_1788903777310_mqpe,DEL-CCU,EaseMyTrip,6E,6E-6073,2026-10-23,T+45,13633,2993,16626,2026-09-08T21:23:49.620Z,FALSE,"",05:00,FALSE
fare_DEL-CCU_6E_2026-10-23_T+45_1788903777310_m1m9,DEL-CCU,EaseMyTrip,6E,6E-6293,2026-10-23,T+45,13633,2993,16626,2026-09-08T21:23:49.620Z,FALSE,"",09:55,FALSE
fare_DEL-CCU_6E_2026-10-23_T+45_1788903777310_05vg,DEL-CCU,EaseMyTrip,6E,6E-5298,2026-10-23,T+45,14138,3103,17241,2026-09-08T21:23:49.620Z,FALSE,"",09:00,FALSE
fare_DEL-CCU_AI_2026-10-23_T+45_1788903777310_lo2t,DEL-CCU,EaseMyTrip,AI,AI-2705,2026-10-23,T+45,14413,3164,17577,2026-09-08T21:23:49.620Z,FALSE,"",07:30,TRUE
fare_DEL-CCU_6E_2026-10-23_T+45_1788903777310_tvex,DEL-CCU,EaseMyTrip,6E,6E-255,2026-10-23,T+45,14807,3250,18057,2026-09-08T21:23:49.620Z,FALSE,"",21:50,TRUE
fare_DEL-CCU_6E_2026-10-23_T+45_1788903777310_tdts,DEL-CCU,EaseMyTrip,6E,6E-373,2026-10-23,T+45,14807,3250,18057,2026-09-08T21:23:49.620Z,FALSE,"",21:50,TRUE
fare_DEL-CCU_6E_2026-10-23_T+45_1788903777310_f3ss,DEL-CCU,EaseMyTrip,6E,6E-954,2026-10-23,T+45,14807,3250,18057,2026-09-08T21:23:49.620Z,FALSE,"",12:45,TRUE
fare_DEL-CCU_6E_2026-10-23_T+45_1788903777310_khrz,DEL-CCU,EaseMyTrip,6E,6E-741,2026-10-23,T+45,14807,3250,18057,2026-09-08T21:23:49.620Z,FALSE,"",12:45,TRUE
fare_DEL-CCU_6E_2026-10-23_T+45_1788903777310_6cpz,DEL-CCU,EaseMyTrip,6E,6E-679,2026-10-23,T+45,14807,3250,18057,2026-09-08T21:23:49.620Z,FALSE,"",07:20,TRUE
fare_DEL-CCU_6E_2026-10-23_T+45_1788903777310_sd1f,DEL-CCU,EaseMyTrip,6E,6E-276,2026-10-23,T+45,14807,3250,18057,2026-09-08T21:23:49.620Z,FALSE,"",07:20,TRUE
fare_DEL-CCU_QP_2026-10-23_T+45_1788903777310_z3cb,DEL-CCU,EaseMyTrip,QP,QP-1801,2026-10-23,T+45,14892,3269,18161,2026-09-08T21:23:49.620Z,FALSE,"",05:55,TRUE
fare_DEL-CCU_AI_2026-10-23_T+45_1788903777310_ub38,DEL-CCU,EaseMyTrip,AI,AI-2702,2026-10-23,T+45,15357,3371,18728,2026-09-08T21:23:49.620Z,FALSE,"",02:30,TRUE
fare_DEL-CCU_6E_2026-10-23_T+45_1788903777310_o72z,DEL-CCU,EaseMyTrip,6E,6E-6829,2026-10-23,T+45,15278,3354,18632,2026-09-08T21:23:49.620Z,FALSE,"",17:20,FALSE
fare_DEL-CCU_AI_2026-10-23_T+45_1788903777310_bnhf,DEL-CCU,EaseMyTrip,AI,AI-2525,2026-10-23,T+45,15871,3484,19355,2026-09-08T21:23:49.620Z,FALSE,"",06:00,FALSE
fare_DEL-CCU_6E_2026-10-23_T+45_1788903777310_1c9b,DEL-CCU,EaseMyTrip,6E,6E-2276,2026-10-23,T+45,15754,3458,19212,2026-09-08T21:23:49.620Z,FALSE,"",17:55,TRUE
fare_DEL-CCU_6E_2026-10-23_T+45_1788903777310_4fl1,DEL-CCU,EaseMyTrip,6E,6E-6415,2026-10-23,T+45,15754,3458,19212,2026-09-08T21:23:49.620Z,FALSE,"",16:00,TRUE
fare_DEL-CCU_6E_2026-10-23_T+45_1788903777310_2f8d,DEL-CCU,EaseMyTrip,6E,6E-5191,2026-10-23,T+45,15754,3458,19212,2026-09-08T21:23:49.620Z,FALSE,"",05:00,TRUE
fare_DEL-CCU_IX_2026-10-23_T+45_1788903777310_1xph,DEL-CCU,EaseMyTrip,IX,IX-1070,2026-10-23,T+45,16649,3655,20304,2026-09-08T21:23:49.620Z,FALSE,"",22:00,FALSE
fare_DEL-CCU_IX_2026-10-23_T+45_1788903777310_hid2,DEL-CCU,EaseMyTrip,IX,IX-1671,2026-10-23,T+45,16603,3645,20248,2026-09-08T21:23:49.620Z,FALSE,"",19:55,FALSE
fare_DEL-CCU_AI_2026-10-23_T+45_1788903777310_nzyc,DEL-CCU,EaseMyTrip,AI,AI-2757,2026-10-23,T+45,16693,3664,20357,2026-09-08T21:23:49.620Z,FALSE,"",00:15,FALSE
fare_DEL-CCU_6E_2026-10-23_T+45_1788903777310_12vq,DEL-CCU,EaseMyTrip,6E,6E-6517,2026-10-23,T+45,16787,3685,20472,2026-09-08T21:23:49.620Z,FALSE,"",19:30,TRUE
fare_DEL-CCU_6E_2026-10-23_T+45_1788903777310_m7l4,DEL-CCU,EaseMyTrip,6E,6E-5215,2026-10-23,T+45,17029,3738,20767,2026-09-08T21:23:49.620Z,FALSE,"",07:40,FALSE
fare_DEL-CCU_AI_2026-10-23_T+45_1788903777310_yxep,DEL-CCU,EaseMyTrip,AI,AI-879,2026-10-23,T+45,17726,3891,21617,2026-09-08T21:23:49.620Z,FALSE,"",06:40,FALSE
fare_DEL-CCU_IX_2026-10-23_T+45_1788903777310_6uoz,DEL-CCU,EaseMyTrip,IX,IX-1032,2026-10-23,T+45,18548,4072,22620,2026-09-08T21:23:49.620Z,FALSE,"",05:45,FALSE
fare_DEL-CCU_AI_2026-10-23_T+45_1788903777310_k88b,DEL-CCU,EaseMyTrip,AI,AI-1755,2026-10-23,T+45,19044,4180,23224,2026-09-08T21:23:49.620Z,FALSE,"",14:30,FALSE
fare_DEL-CCU_AI_2026-10-23_T+45_1788903777310_ep6g,DEL-CCU,EaseMyTrip,AI,AI-1714,2026-10-23,T+45,19820,4351,24171,2026-09-08T21:23:49.620Z,FALSE,"",21:00,TRUE
fare_DEL-CCU_AI_2026-10-23_T+45_1788903777310_fg71,DEL-CCU,EaseMyTrip,AI,AI-2815,2026-10-23,T+45,19924,4374,24298,2026-09-08T21:23:49.620Z,FALSE,"",07:00,FALSE
fare_DEL-CCU_AI_2026-10-23_T+45_1788903777310_yqj5,DEL-CCU,EaseMyTrip,AI,AI-2803,2026-10-23,T+45,19924,4374,24298,2026-09-08T21:23:49.620Z,FALSE,"",06:30,FALSE
fare_DEL-CCU_AI_2026-10-23_T+45_1788903777310_bze4,DEL-CCU,EaseMyTrip,AI,AI-2409,2026-10-23,T+45,19924,4374,24298,2026-09-08T21:23:49.620Z,FALSE,"",06:00,FALSE
fare_DEL-CCU_AI_2026-10-23_T+45_1788903777310_nghq,DEL-CCU,EaseMyTrip,AI,AI-427,2026-10-23,T+45,19924,4374,24298,2026-09-08T21:23:49.620Z,FALSE,"",08:30,FALSE
fare_DEL-CCU_6E_2026-10-23_T+45_1788903777311_2yfy,DEL-CCU,EaseMyTrip,6E,6E-5041,2026-10-23,T+45,20129,4418,24547,2026-09-08T21:23:49.620Z,FALSE,"",15:10,FALSE
fare_DEL-CCU_AI_2026-10-23_T+45_1788903777311_atwp,DEL-CCU,EaseMyTrip,AI,AI-2415,2026-10-23,T+45,20357,4469,24826,2026-09-08T21:23:49.620Z,FALSE,"",09:30,FALSE
fare_DEL-CCU_IX_2026-10-23_T+45_1788903777311_diug,DEL-CCU,EaseMyTrip,IX,IX-1085,2026-10-23,T+45,20951,4599,25550,2026-09-08T21:23:49.620Z,FALSE,"",12:55,FALSE
fare_DEL-CCU_IX_2026-10-23_T+45_1788903777311_vygc,DEL-CCU,EaseMyTrip,IX,IX-1069,2026-10-23,T+45,20951,4599,25550,2026-09-08T21:23:49.620Z,FALSE,"",10:45,FALSE
fare_DEL-CCU_AI_2026-10-23_T+45_1788903777311_t9kq,DEL-CCU,EaseMyTrip,AI,AI-537,2026-10-23,T+45,20456,4490,24946,2026-09-08T21:23:49.620Z,FALSE,"",15:45,FALSE
fare_DEL-CCU_AI_2026-10-23_T+45_1788903777311_qjpw,DEL-CCU,EaseMyTrip,AI,AI-2483,2026-10-23,T+45,20456,4490,24946,2026-09-08T21:23:49.620Z,FALSE,"",12:20,FALSE
fare_DEL-CCU_AI_2026-10-23_T+45_1788903777311_o32e,DEL-CCU,EaseMyTrip,AI,AI-2512,2026-10-23,T+45,20814,4569,25383,2026-09-08T21:23:49.620Z,FALSE,"",19:00,FALSE
fare_DEL-CCU_AI_2026-10-23_T+45_1788903777311_ngkf,DEL-CCU,EaseMyTrip,AI,AI-2664,2026-10-23,T+45,20814,4569,25383,2026-09-08T21:23:49.620Z,FALSE,"",15:50,FALSE
fare_DEL-CCU_AI_2026-10-23_T+45_1788903777311_44ry,DEL-CCU,EaseMyTrip,AI,AI-2485,2026-10-23,T+45,20814,4569,25383,2026-09-08T21:23:49.620Z,FALSE,"",10:30,FALSE
fare_DEL-CCU_AI_2026-10-23_T+45_1788903777311_9yvp,DEL-CCU,EaseMyTrip,AI,AI-2809,2026-10-23,T+45,21000,4610,25610,2026-09-08T21:23:49.620Z,FALSE,"",19:30,FALSE
fare_DEL-CCU_AI_2026-10-23_T+45_1788903777311_0bqe,DEL-CCU,EaseMyTrip,AI,AI-2535,2026-10-23,T+45,21143,4641,25784,2026-09-08T21:23:49.620Z,FALSE,"",06:40,TRUE
fare_DEL-CCU_AI_2026-10-23_T+45_1788903777311_h756,DEL-CCU,EaseMyTrip,AI,AI-2709,2026-10-23,T+45,21143,4641,25784,2026-09-08T21:23:49.620Z,FALSE,"",19:40,TRUE
fare_DEL-CCU_AI_2026-10-23_T+45_1788903777311_2af5,DEL-CCU,EaseMyTrip,AI,AI-2707,2026-10-23,T+45,21143,4641,25784,2026-09-08T21:23:49.620Z,FALSE,"",18:00,TRUE
fare_DEL-CCU_AI_2026-10-23_T+45_1788903777311_j7i3,DEL-CCU,EaseMyTrip,AI,AI-2767,2026-10-23,T+45,21143,4641,25784,2026-09-08T21:23:49.620Z,FALSE,"",13:00,TRUE
fare_DEL-CCU_AI_2026-10-23_T+45_1788903777311_swmt,DEL-CCU,EaseMyTrip,AI,AI-1733,2026-10-23,T+45,21143,4641,25784,2026-09-08T21:23:49.620Z,FALSE,"",16:15,TRUE
fare_DEL-CCU_6E_2026-10-23_T+45_1788903777311_qnc1,DEL-CCU,EaseMyTrip,6E,6E-5038,2026-10-23,T+45,21500,4719,26219,2026-09-08T21:23:49.620Z,FALSE,"",14:00,FALSE
fare_DEL-CCU_IX_2026-10-23_T+45_1788903777311_0d6s,DEL-CCU,EaseMyTrip,IX,IX-1035,2026-10-23,T+45,22673,4977,27650,2026-09-08T21:23:49.620Z,FALSE,"",07:30,FALSE
fare_DEL-CCU_AI_2026-10-23_T+45_1788903777311_lpki,DEL-CCU,EaseMyTrip,AI,AI-2951,2026-10-23,T+45,24302,5335,29637,2026-09-08T21:23:49.620Z,FALSE,"",13:30,FALSE
fare_DEL-CCU_AI_2026-10-23_T+45_1788903777311_v7kk,DEL-CCU,EaseMyTrip,AI,AI-1785,2026-10-23,T+45,24302,5335,29637,2026-09-08T21:23:49.620Z,FALSE,"",12:00,FALSE
fare_DEL-CCU_AI_2026-10-23_T+45_1788903777311_izib,DEL-CCU,EaseMyTrip,AI,AI-2945,2026-10-23,T+45,24302,5335,29637,2026-09-08T21:23:49.620Z,FALSE,"",11:00,FALSE
fare_DEL-CCU_AI_2026-10-23_T+45_1788903777311_zr9y,DEL-CCU,EaseMyTrip,AI,AI-2425,2026-10-23,T+45,24302,5335,29637,2026-09-08T21:23:49.620Z,FALSE,"",10:30,FALSE
fare_DEL-CCU_AI_2026-10-23_T+45_1788903777311_w67n,DEL-CCU,EaseMyTrip,AI,AI-2995,2026-10-23,T+45,24302,5335,29637,2026-09-08T21:23:49.620Z,FALSE,"",10:00,FALSE
fare_DEL-CCU_6E_2026-10-23_T+45_1788903777311_0ufq,DEL-CCU,EaseMyTrip,6E,6E-2316,2026-10-23,T+45,25208,5534,30742,2026-09-08T21:23:49.620Z,FALSE,"",17:30,FALSE
fare_DEL-CCU_AI_2026-10-23_T+45_1788903777311_4zaj,DEL-CCU,EaseMyTrip,AI,AI-2927,2026-10-23,T+45,30615,6720,37335,2026-09-08T21:23:49.620Z,FALSE,"",09:30,FALSE
fare_DEL-CCU_AI_2026-10-23_T+45_1788903777311_e69l,DEL-CCU,EaseMyTrip,AI,AI-2678,2026-10-23,T+45,37716,8279,45995,2026-09-08T21:23:49.620Z,TRUE,"High outlier: ₹45995 > upper fence ₹39544 (Q3: ₹24298, IQR: ₹10164)",08:30,FALSE
fare_DEL-CCU_AI_2026-10-23_T+45_1788903777311_2jd1,DEL-CCU,EaseMyTrip,AI,AI-2943,2026-10-23,T+45,37716,8279,45995,2026-09-08T21:23:49.620Z,TRUE,"High outlier: ₹45995 > upper fence ₹39544 (Q3: ₹24298, IQR: ₹10164)",07:30,FALSE
fare_DEL-CCU_AI_2026-10-23_T+45_1788903777311_8mcf,DEL-CCU,EaseMyTrip,AI,AI-2429,2026-10-23,T+45,37716,8279,45995,2026-09-08T21:23:49.620Z,TRUE,"High outlier: ₹45995 > upper fence ₹39544 (Q3: ₹24298, IQR: ₹10164)",07:00,FALSE
fare_DEL-CCU_AI_2026-10-23_T+45_1788903777311_6hx7,DEL-CCU,EaseMyTrip,AI,AI-2975,2026-10-23,T+45,44970,9871,54841,2026-09-08T21:23:49.620Z,TRUE,"High outlier: ₹54841 > upper fence ₹39544 (Q3: ₹24298, IQR: ₹10164)",06:30,FALSE
fare_DEL-CCU_AI_2026-10-23_T+45_1788903777311_gccp,DEL-CCU,EaseMyTrip,AI,AI-1745,2026-10-23,T+45,44970,9871,54841,2026-09-08T21:23:49.620Z,TRUE,"High outlier: ₹54841 > upper fence ₹39544 (Q3: ₹24298, IQR: ₹10164)",05:00,FALSE
fare_DEL-CCU_IX_2026-09-15_T+7_1788903777311_szh4,DEL-CCU,EaseMyTrip,IX,IX-1069,2026-09-15,T+7,6979,1532,8511,2026-09-08T21:23:28.885Z,FALSE,"",10:40,FALSE
fare_DEL-CCU_IX_2026-09-15_T+7_1788903777311_h0lo,DEL-CCU,EaseMyTrip,IX,IX-1041,2026-09-15,T+7,6979,1532,8511,2026-09-08T21:23:28.885Z,FALSE,"",08:45,FALSE
fare_DEL-CCU_IX_2026-09-15_T+7_1788903777311_b1b4,DEL-CCU,EaseMyTrip,IX,IX-1035,2026-09-15,T+7,6979,1532,8511,2026-09-08T21:23:28.885Z,FALSE,"",08:10,FALSE
fare_DEL-CCU_IX_2026-09-15_T+7_1788903777311_6zr8,DEL-CCU,EaseMyTrip,IX,IX-1671,2026-09-15,T+7,6979,1532,8511,2026-09-08T21:23:28.885Z,FALSE,"",20:00,FALSE
fare_DEL-CCU_IX_2026-09-15_T+7_1788903777311_3cfp,DEL-CCU,EaseMyTrip,IX,IX-1067,2026-09-15,T+7,6979,1532,8511,2026-09-08T21:23:28.885Z,FALSE,"",06:10,FALSE
fare_DEL-CCU_IX_2026-09-15_T+7_1788903777311_aaa0,DEL-CCU,EaseMyTrip,IX,IX-1032,2026-09-15,T+7,6979,1532,8511,2026-09-08T21:23:28.885Z,FALSE,"",05:45,FALSE
fare_DEL-CCU_6E_2026-09-15_T+7_1788903777311_0j24,DEL-CCU,EaseMyTrip,6E,6E-6440,2026-09-15,T+7,6048,1328,7376,2026-09-08T21:23:28.885Z,FALSE,"",16:40,FALSE
fare_DEL-CCU_6E_2026-09-15_T+7_1788903777311_vsrg,DEL-CCU,EaseMyTrip,6E,6E-6245,2026-09-15,T+7,6048,1328,7376,2026-09-08T21:23:28.885Z,FALSE,"",06:20,FALSE
fare_DEL-CCU_6E_2026-09-15_T+7_1788903777311_eovn,DEL-CCU,EaseMyTrip,6E,6E-5206,2026-09-15,T+7,6048,1328,7376,2026-09-08T21:23:28.885Z,FALSE,"",13:20,FALSE
fare_DEL-CCU_6E_2026-09-15_T+7_1788903777311_3atd,DEL-CCU,EaseMyTrip,6E,6E-2361,2026-09-15,T+7,6156,1351,7507,2026-09-08T21:23:28.885Z,FALSE,"",14:35,FALSE
fare_DEL-CCU_6E_2026-09-15_T+7_1788903777311_otes,DEL-CCU,EaseMyTrip,6E,6E-6190,2026-09-15,T+7,6221,1365,7586,2026-09-08T21:23:28.885Z,FALSE,"",07:40,FALSE
fare_DEL-CCU_6E_2026-09-15_T+7_1788903777311_p0kx,DEL-CCU,EaseMyTrip,6E,6E-6073,2026-09-15,T+7,6221,1365,7586,2026-09-08T21:23:28.885Z,FALSE,"",05:00,FALSE
fare_DEL-CCU_6E_2026-09-15_T+7_1788903777311_s06v,DEL-CCU,EaseMyTrip,6E,6E-5038,2026-09-15,T+7,6221,1365,7586,2026-09-08T21:23:28.885Z,FALSE,"",14:00,FALSE
fare_DEL-CCU_6E_2026-09-15_T+7_1788903777311_nfla,DEL-CCU,EaseMyTrip,6E,6E-5041,2026-09-15,T+7,6307,1384,7691,2026-09-08T21:23:28.885Z,FALSE,"",15:10,FALSE
fare_DEL-CCU_6E_2026-09-15_T+7_1788903777311_ppsk,DEL-CCU,EaseMyTrip,6E,6E-5215,2026-09-15,T+7,6307,1384,7691,2026-09-08T21:23:28.885Z,FALSE,"",07:45,FALSE
fare_DEL-CCU_6E_2026-09-15_T+7_1788903777311_yqjs,DEL-CCU,EaseMyTrip,6E,6E-6829,2026-09-15,T+7,6328,1389,7717,2026-09-08T21:23:28.885Z,FALSE,"",17:20,FALSE
fare_DEL-CCU_6E_2026-09-15_T+7_1788903777311_xwlj,DEL-CCU,EaseMyTrip,6E,6E-6503,2026-09-15,T+7,6479,1422,7901,2026-09-08T21:23:28.885Z,FALSE,"",13:25,FALSE
fare_DEL-CCU_QP_2026-09-15_T+7_1788903777311_fc79,DEL-CCU,EaseMyTrip,QP,QP-1801,2026-09-15,T+7,6485,1424,7909,2026-09-08T21:23:28.885Z,FALSE,"",05:55,TRUE
fare_DEL-CCU_6E_2026-09-15_T+7_1788903777311_br1w,DEL-CCU,EaseMyTrip,6E,6E-471,2026-09-15,T+7,6500,1427,7927,2026-09-08T21:23:28.885Z,FALSE,"",02:25,FALSE
fare_DEL-CCU_6E_2026-09-15_T+7_1788903777311_a3kl,DEL-CCU,EaseMyTrip,6E,6E-451,2026-09-15,T+7,6500,1427,7927,2026-09-08T21:23:28.885Z,FALSE,"",02:25,FALSE
fare_DEL-CCU_6E_2026-09-15_T+7_1788903777311_wrim,DEL-CCU,EaseMyTrip,6E,6E-6282,2026-09-15,T+7,6500,1427,7927,2026-09-08T21:23:28.885Z,FALSE,"",13:30,FALSE
fare_DEL-CCU_6E_2026-09-15_T+7_1788903777311_yvee,DEL-CCU,EaseMyTrip,6E,6E-5119,2026-09-15,T+7,6500,1427,7927,2026-09-08T21:23:28.885Z,FALSE,"",05:10,FALSE
fare_DEL-CCU_6E_2026-09-15_T+7_1788903777311_e4p9,DEL-CCU,EaseMyTrip,6E,6E-6217,2026-09-15,T+7,6500,1427,7927,2026-09-08T21:23:28.885Z,FALSE,"",16:15,FALSE
fare_DEL-CCU_6E_2026-09-15_T+7_1788903777311_fbfp,DEL-CCU,EaseMyTrip,6E,6E-5073,2026-09-15,T+7,6500,1427,7927,2026-09-08T21:23:28.885Z,FALSE,"",17:05,FALSE
fare_DEL-CCU_6E_2026-09-15_T+7_1788903777311_lmta,DEL-CCU,EaseMyTrip,6E,6E-2331,2026-09-15,T+7,6500,1427,7927,2026-09-08T21:23:28.885Z,FALSE,"",12:20,FALSE
fare_DEL-CCU_6E_2026-09-15_T+7_1788903777311_wj2v,DEL-CCU,EaseMyTrip,6E,6E-294,2026-09-15,T+7,6500,1427,7927,2026-09-08T21:23:28.885Z,FALSE,"",11:45,FALSE
fare_DEL-CCU_6E_2026-09-15_T+7_1788903777311_ltuy,DEL-CCU,EaseMyTrip,6E,6E-690,2026-09-15,T+7,6500,1427,7927,2026-09-08T21:23:28.885Z,FALSE,"",11:45,FALSE
fare_DEL-CCU_6E_2026-09-15_T+7_1788903777311_32oz,DEL-CCU,EaseMyTrip,6E,6E-698,2026-09-15,T+7,6500,1427,7927,2026-09-08T21:23:28.885Z,FALSE,"",23:15,FALSE
fare_DEL-CCU_6E_2026-09-15_T+7_1788903777311_jgc9,DEL-CCU,EaseMyTrip,6E,6E-710,2026-09-15,T+7,6500,1427,7927,2026-09-08T21:23:28.885Z,FALSE,"",23:15,FALSE
fare_DEL-CCU_6E_2026-09-15_T+7_1788903777311_bhr6,DEL-CCU,EaseMyTrip,6E,6E-5137,2026-09-15,T+7,6500,1427,7927,2026-09-08T21:23:28.885Z,FALSE,"",10:50,FALSE
fare_DEL-CCU_6E_2026-09-15_T+7_1788903777311_4zbx,DEL-CCU,EaseMyTrip,6E,6E-6371,2026-09-15,T+7,6586,1446,8032,2026-09-08T21:23:28.885Z,FALSE,"",06:20,FALSE
fare_DEL-CCU_QP_2026-09-15_T+7_1788903777311_r4u8,DEL-CCU,EaseMyTrip,QP,QP-1803,2026-09-15,T+7,6606,1450,8056,2026-09-08T21:23:28.885Z,FALSE,"",17:05,TRUE
fare_DEL-CCU_6E_2026-09-15_T+7_1788903777311_rvrc,DEL-CCU,EaseMyTrip,6E,6E-769,2026-09-15,T+7,6654,1461,8115,2026-09-08T21:23:28.885Z,FALSE,"",16:20,FALSE
fare_DEL-CCU_6E_2026-09-15_T+7_1788903777311_tfgq,DEL-CCU,EaseMyTrip,6E,6E-748,2026-09-15,T+7,6654,1461,8115,2026-09-08T21:23:28.885Z,FALSE,"",16:20,FALSE
fare_DEL-CCU_6E_2026-09-15_T+7_1788903777311_wjst,DEL-CCU,EaseMyTrip,6E,6E-6459,2026-09-15,T+7,6654,1461,8115,2026-09-08T21:23:28.885Z,FALSE,"",05:55,FALSE
fare_DEL-CCU_6E_2026-09-15_T+7_1788903777311_doqo,DEL-CCU,EaseMyTrip,6E,6E-6312,2026-09-15,T+7,6654,1461,8115,2026-09-08T21:23:28.885Z,FALSE,"",14:25,FALSE
fare_DEL-CCU_6E_2026-09-15_T+7_1788903777311_9pl9,DEL-CCU,EaseMyTrip,6E,6E-6053,2026-09-15,T+7,6719,1475,8194,2026-09-08T21:23:28.885Z,FALSE,"",13:05,FALSE
fare_DEL-CCU_6E_2026-09-15_T+7_1788903777311_ehgw,DEL-CCU,EaseMyTrip,6E,6E-2614,2026-09-15,T+7,6719,1475,8194,2026-09-08T21:23:28.885Z,FALSE,"",14:40,FALSE
fare_DEL-CCU_6E_2026-09-15_T+7_1788903777311_81v7,DEL-CCU,EaseMyTrip,6E,6E-2259,2026-09-15,T+7,6719,1475,8194,2026-09-08T21:23:28.885Z,FALSE,"",12:20,FALSE
fare_DEL-CCU_6E_2026-09-15_T+7_1788903777311_v0wz,DEL-CCU,EaseMyTrip,6E,6E-6130,2026-09-15,T+7,6719,1475,8194,2026-09-08T21:23:28.885Z,FALSE,"",12:55,FALSE
fare_DEL-CCU_6E_2026-09-15_T+7_1788903777311_6fvm,DEL-CCU,EaseMyTrip,6E,6E-2296,2026-09-15,T+7,7267,1595,8862,2026-09-08T21:23:28.885Z,FALSE,"",09:20,FALSE
fare_DEL-CCU_6E_2026-09-15_T+7_1788903777311_8l1a,DEL-CCU,EaseMyTrip,6E,6E-5191,2026-09-15,T+7,7316,1606,8922,2026-09-08T21:23:28.885Z,FALSE,"",05:00,TRUE
fare_DEL-CCU_6E_2026-09-15_T+7_1788903777311_z6o2,DEL-CCU,EaseMyTrip,6E,6E-128,2026-09-15,T+7,7316,1606,8922,2026-09-08T21:23:28.885Z,FALSE,"",23:30,TRUE
fare_DEL-CCU_6E_2026-09-15_T+7_1788903777311_yvvu,DEL-CCU,EaseMyTrip,6E,6E-905,2026-09-15,T+7,7316,1606,8922,2026-09-08T21:23:28.885Z,FALSE,"",23:30,TRUE
fare_DEL-CCU_6E_2026-09-15_T+7_1788903777311_kyss,DEL-CCU,EaseMyTrip,6E,6E-2276,2026-09-15,T+7,7316,1606,8922,2026-09-08T21:23:28.885Z,FALSE,"",17:55,TRUE
fare_DEL-CCU_6E_2026-09-15_T+7_1788903777311_k2fx,DEL-CCU,EaseMyTrip,6E,6E-6415,2026-09-15,T+7,7316,1606,8922,2026-09-08T21:23:28.885Z,FALSE,"",16:00,TRUE
fare_DEL-CCU_6E_2026-09-15_T+7_1788903777311_0no0,DEL-CCU,EaseMyTrip,6E,6E-442,2026-09-15,T+7,7316,1606,8922,2026-09-08T21:23:28.885Z,FALSE,"",21:50,TRUE
fare_DEL-CCU_6E_2026-09-15_T+7_1788903777311_nzvv,DEL-CCU,EaseMyTrip,6E,6E-385,2026-09-15,T+7,7316,1606,8922,2026-09-08T21:23:28.885Z,FALSE,"",21:50,TRUE
fare_DEL-CCU_6E_2026-09-15_T+7_1788903777311_zfgh,DEL-CCU,EaseMyTrip,6E,6E-500,2026-09-15,T+7,7316,1606,8922,2026-09-08T21:23:28.885Z,FALSE,"",12:45,TRUE
fare_DEL-CCU_6E_2026-09-15_T+7_1788903777311_gh3f,DEL-CCU,EaseMyTrip,6E,6E-746,2026-09-15,T+7,7316,1606,8922,2026-09-08T21:23:28.885Z,FALSE,"",12:45,TRUE
fare_DEL-CCU_6E_2026-09-15_T+7_1788903777311_9oz8,DEL-CCU,EaseMyTrip,6E,6E-704,2026-09-15,T+7,7316,1606,8922,2026-09-08T21:23:28.885Z,FALSE,"",10:15,TRUE
fare_DEL-CCU_6E_2026-09-15_T+7_1788903777311_112s,DEL-CCU,EaseMyTrip,6E,6E-784,2026-09-15,T+7,7316,1606,8922,2026-09-08T21:23:28.885Z,FALSE,"",10:15,TRUE
fare_DEL-CCU_6E_2026-09-15_T+7_1788903777311_zehg,DEL-CCU,EaseMyTrip,6E,6E-627,2026-09-15,T+7,7316,1606,8922,2026-09-08T21:23:28.885Z,FALSE,"",08:30,TRUE
fare_DEL-CCU_6E_2026-09-15_T+7_1788903777311_82uk,DEL-CCU,EaseMyTrip,6E,6E-450,2026-09-15,T+7,7316,1606,8922,2026-09-08T21:23:28.885Z,FALSE,"",08:30,TRUE
fare_DEL-CCU_6E_2026-09-15_T+7_1788903777311_eji4,DEL-CCU,EaseMyTrip,6E,6E-476,2026-09-15,T+7,7316,1606,8922,2026-09-08T21:23:28.885Z,FALSE,"",07:20,TRUE
fare_DEL-CCU_6E_2026-09-15_T+7_1788903777311_wsmj,DEL-CCU,EaseMyTrip,6E,6E-244,2026-09-15,T+7,7316,1606,8922,2026-09-08T21:23:28.885Z,FALSE,"",07:20,TRUE
fare_DEL-CCU_6E_2026-09-15_T+7_1788903777311_9sxp,DEL-CCU,EaseMyTrip,6E,6E-263,2026-09-15,T+7,7316,1606,8922,2026-09-08T21:23:28.885Z,FALSE,"",14:25,TRUE
fare_DEL-CCU_6E_2026-09-15_T+7_1788903777311_zuh9,DEL-CCU,EaseMyTrip,6E,6E-782,2026-09-15,T+7,7316,1606,8922,2026-09-08T21:23:28.885Z,FALSE,"",14:25,TRUE
fare_DEL-CCU_AI_2026-09-15_T+7_1788903777311_hs6z,DEL-CCU,EaseMyTrip,AI,AI-2702,2026-09-15,T+7,7496,1646,9142,2026-09-08T21:23:28.885Z,FALSE,"",02:30,TRUE
fare_DEL-CCU_6E_2026-09-15_T+7_1788903777311_bkm1,DEL-CCU,EaseMyTrip,6E,6E-6517,2026-09-15,T+7,7532,1653,9185,2026-09-08T21:23:28.885Z,FALSE,"",19:30,TRUE
fare_DEL-CCU_AI_2026-09-15_T+7_1788903777311_qcr7,DEL-CCU,EaseMyTrip,AI,AI-2535,2026-09-15,T+7,7701,1691,9392,2026-09-08T21:23:28.885Z,FALSE,"",06:40,TRUE
fare_DEL-CCU_AI_2026-09-15_T+7_1788903777311_czcy,DEL-CCU,EaseMyTrip,AI,AI-1733,2026-09-15,T+7,7701,1691,9392,2026-09-08T21:23:28.885Z,FALSE,"",16:15,TRUE
fare_DEL-CCU_AI_2026-09-15_T+7_1788903777311_nule,DEL-CCU,EaseMyTrip,AI,AI-2707,2026-09-15,T+7,7701,1691,9392,2026-09-08T21:23:28.885Z,FALSE,"",18:00,TRUE
fare_DEL-CCU_AI_2026-09-15_T+7_1788903777311_2h3n,DEL-CCU,EaseMyTrip,AI,AI-1714,2026-09-15,T+7,7701,1691,9392,2026-09-08T21:23:28.885Z,FALSE,"",21:00,TRUE
fare_DEL-CCU_6E_2026-09-15_T+7_1788903777311_2j6l,DEL-CCU,EaseMyTrip,6E,6E-828,2026-09-15,T+7,7546,1657,9203,2026-09-08T21:23:28.885Z,FALSE,"",17:55,FALSE
fare_DEL-CCU_6E_2026-09-15_T+7_1788903777311_6stz,DEL-CCU,EaseMyTrip,6E,6E-472,2026-09-15,T+7,7546,1657,9203,2026-09-08T21:23:28.885Z,FALSE,"",17:55,FALSE
fare_DEL-CCU_AI_2026-09-15_T+7_1788903777311_ohdw,DEL-CCU,EaseMyTrip,AI,AI-2705,2026-09-15,T+7,7838,1720,9558,2026-09-08T21:23:28.885Z,FALSE,"",07:30,TRUE
fare_DEL-CCU_AI_2026-09-15_T+7_1788903777311_e9yf,DEL-CCU,EaseMyTrip,AI,AI-1791,2026-09-15,T+7,7838,1720,9558,2026-09-08T21:23:28.885Z,FALSE,"",09:55,TRUE
fare_DEL-CCU_AI_2026-09-15_T+7_1788903777311_z8x0,DEL-CCU,EaseMyTrip,AI,AI-2767,2026-09-15,T+7,7838,1720,9558,2026-09-08T21:23:28.885Z,FALSE,"",13:00,TRUE
fare_DEL-CCU_IX_2026-09-15_T+7_1788903777311_gq35,DEL-CCU,EaseMyTrip,IX,IX-1001,2026-09-15,T+7,8019,1760,9779,2026-09-08T21:23:28.885Z,FALSE,"",09:00,FALSE
fare_DEL-CCU_6E_2026-09-15_T+7_1788903777311_0kdu,DEL-CCU,EaseMyTrip,6E,6E-7624,2026-09-15,T+7,7806,1714,9520,2026-09-08T21:23:28.885Z,FALSE,"",05:50,FALSE
fare_DEL-CCU_AI_2026-09-15_T+7_1788903777311_4dx7,DEL-CCU,EaseMyTrip,AI,AI-2709,2026-09-15,T+7,8058,1769,9827,2026-09-08T21:23:28.885Z,FALSE,"",19:40,TRUE
fare_DEL-CCU_6E_2026-09-15_T+7_1788903777311_mcja,DEL-CCU,EaseMyTrip,6E,6E-7628,2026-09-15,T+7,8047,1766,9813,2026-09-08T21:23:28.885Z,FALSE,"",15:05,FALSE
fare_DEL-CCU_IX_2026-09-15_T+7_1788903777311_9qxs,DEL-CCU,EaseMyTrip,IX,IX-1085,2026-09-15,T+7,9835,2159,11994,2026-09-08T21:23:28.885Z,FALSE,"",12:55,FALSE
fare_DEL-CCU_AI_2026-09-15_T+7_1788903777311_z1o2,DEL-CCU,EaseMyTrip,AI,AI-1755,2026-09-15,T+7,10447,2293,12740,2026-09-08T21:23:28.885Z,FALSE,"",14:30,FALSE
fare_DEL-CCU_AI_2026-09-15_T+7_1788903777311_ev9c,DEL-CCU,EaseMyTrip,AI,AI-879,2026-09-15,T+7,10447,2293,12740,2026-09-08T21:23:28.885Z,FALSE,"",06:40,FALSE
fare_DEL-CCU_AI_2026-09-15_T+7_1788903777311_63nk,DEL-CCU,EaseMyTrip,AI,AI-2943,2026-09-15,T+7,10888,2390,13278,2026-09-08T21:23:28.885Z,FALSE,"",07:30,FALSE
fare_DEL-CCU_AI_2026-09-15_T+7_1788903777311_dqt8,DEL-CCU,EaseMyTrip,AI,AI-2429,2026-09-15,T+7,10888,2390,13278,2026-09-08T21:23:28.885Z,FALSE,"",07:00,FALSE
fare_DEL-CCU_AI_2026-09-15_T+7_1788903777311_v8sr,DEL-CCU,EaseMyTrip,AI,AI-2945,2026-09-15,T+7,10888,2390,13278,2026-09-08T21:23:28.885Z,FALSE,"",11:00,FALSE
fare_DEL-CCU_AI_2026-09-15_T+7_1788903777311_2sif,DEL-CCU,EaseMyTrip,AI,AI-1745,2026-09-15,T+7,10888,2390,13278,2026-09-08T21:23:28.885Z,FALSE,"",05:00,FALSE
fare_DEL-CCU_AI_2026-09-15_T+7_1788903777311_dese,DEL-CCU,EaseMyTrip,AI,AI-2433,2026-09-15,T+7,10888,2390,13278,2026-09-08T21:23:28.885Z,FALSE,"",21:30,FALSE
fare_DEL-CCU_IX_2026-09-15_T+7_1788903777311_cwnn,DEL-CCU,EaseMyTrip,IX,IX-1070,2026-09-15,T+7,11488,2522,14010,2026-09-08T21:23:28.885Z,FALSE,"",18:20,FALSE
fare_DEL-CCU_QP_2026-09-15_T+7_1788903777311_nmre,DEL-CCU,EaseMyTrip,QP,QP-1940,2026-09-15,T+7,11033,2422,13455,2026-09-08T21:23:28.885Z,FALSE,"",14:05,FALSE
fare_DEL-CCU_AI_2026-09-15_T+7_1788903777311_9xl7,DEL-CCU,EaseMyTrip,AI,AI-9486,2026-09-15,T+7,12334,2708,15042,2026-09-08T21:23:28.885Z,FALSE,"",05:35,FALSE
fare_DEL-CCU_AI_2026-09-15_T+7_1788903777311_4dge,DEL-CCU,EaseMyTrip,AI,AI-537,2026-09-15,T+7,13174,2892,16066,2026-09-08T21:23:28.885Z,FALSE,"",15:45,FALSE
fare_DEL-CCU_AI_2026-09-15_T+7_1788903777311_lrlw,DEL-CCU,EaseMyTrip,AI,AI-2409,2026-09-15,T+7,13279,2915,16194,2026-09-08T21:23:28.885Z,FALSE,"",06:00,FALSE
fare_DEL-CCU_6E_2026-09-15_T+7_1788903777311_dvtn,DEL-CCU,EaseMyTrip,6E,6E-894,2026-09-15,T+7,13249,2908,16157,2026-09-08T21:23:28.885Z,FALSE,"",02:25,FALSE
fare_DEL-CCU_6E_2026-09-15_T+7_1788903777311_cf9o,DEL-CCU,EaseMyTrip,6E,6E-193,2026-09-15,T+7,13249,2908,16157,2026-09-08T21:23:28.885Z,FALSE,"",02:25,FALSE
fare_DEL-CCU_AI_2026-09-15_T+7_1788903777311_o07f,DEL-CCU,EaseMyTrip,AI,AI-2664,2026-09-15,T+7,13494,2962,16456,2026-09-08T21:23:28.885Z,FALSE,"",15:50,FALSE
fare_DEL-CCU_AI_2026-09-15_T+7_1788903777311_ygnk,DEL-CCU,EaseMyTrip,AI,AI-2803,2026-09-15,T+7,13494,2962,16456,2026-09-08T21:23:28.885Z,FALSE,"",06:30,FALSE
fare_DEL-CCU_AI_2026-09-15_T+7_1788903777311_fcbp,DEL-CCU,EaseMyTrip,AI,AI-2951,2026-09-15,T+7,13933,3058,16991,2026-09-08T21:23:28.885Z,FALSE,"",13:30,FALSE
fare_DEL-CCU_AI_2026-09-15_T+7_1788903777311_0wug,DEL-CCU,EaseMyTrip,AI,AI-2975,2026-09-15,T+7,13933,3058,16991,2026-09-08T21:23:28.885Z,FALSE,"",06:30,FALSE
fare_DEL-CCU_AI_2026-09-15_T+7_1788903777311_98is,DEL-CCU,EaseMyTrip,AI,AI-1785,2026-09-15,T+7,13933,3058,16991,2026-09-08T21:23:28.885Z,FALSE,"",12:00,FALSE
fare_DEL-CCU_AI_2026-09-15_T+7_1788903777311_8fod,DEL-CCU,EaseMyTrip,AI,AI-2678,2026-09-15,T+7,14098,3095,17193,2026-09-08T21:23:28.885Z,FALSE,"",08:30,FALSE
fare_DEL-CCU_AI_2026-09-15_T+7_1788903777311_n51b,DEL-CCU,EaseMyTrip,AI,AI-2483,2026-09-15,T+7,14157,3108,17265,2026-09-08T21:23:28.885Z,FALSE,"",12:20,FALSE
fare_DEL-CCU_AI_2026-09-15_T+7_1788903777311_5c2q,DEL-CCU,EaseMyTrip,AI,AI-2439,2026-09-15,T+7,14267,3132,17399,2026-09-08T21:23:28.885Z,FALSE,"",23:00,FALSE
fare_DEL-CCU_AI_2026-09-15_T+7_1788903777311_8nky,DEL-CCU,EaseMyTrip,AI,AI-441,2026-09-15,T+7,14267,3132,17399,2026-09-08T21:23:28.885Z,FALSE,"",17:00,FALSE
fare_DEL-CCU_AI_2026-09-15_T+7_1788903777311_ptkv,DEL-CCU,EaseMyTrip,AI,AI-2757,2026-09-15,T+7,14312,3142,17454,2026-09-08T21:23:28.885Z,FALSE,"",00:15,FALSE
fare_DEL-CCU_AI_2026-09-15_T+7_1788903777311_xz4i,DEL-CCU,EaseMyTrip,AI,AI-2412,2026-09-15,T+7,14312,3142,17454,2026-09-08T21:23:28.885Z,FALSE,"",21:30,FALSE
fare_DEL-CCU_AI_2026-09-15_T+7_1788903777311_kukw,DEL-CCU,EaseMyTrip,AI,AI-2525,2026-09-15,T+7,15855,3480,19335,2026-09-08T21:23:28.885Z,FALSE,"",06:00,FALSE
fare_DEL-CCU_AI_2026-09-15_T+7_1788903777311_smfb,DEL-CCU,EaseMyTrip,AI,AI-2815,2026-09-15,T+7,16977,3727,20704,2026-09-08T21:23:28.885Z,FALSE,"",07:00,FALSE
fare_DEL-CCU_6E_2026-09-15_T+7_1788903777311_8jsk,DEL-CCU,EaseMyTrip,6E,6E-949,2026-09-15,T+7,19901,4368,24269,2026-09-08T21:23:28.885Z,TRUE,"High outlier: ₹24269 > upper fence ₹21023 (Q3: ₹13278, IQR: ₹5163)",08:30,FALSE
fare_DEL-CCU_6E_2026-09-15_T+7_1788903777311_1vax,DEL-CCU,EaseMyTrip,6E,6E-247,2026-09-15,T+7,19901,4368,24269,2026-09-08T21:23:28.885Z,TRUE,"High outlier: ₹24269 > upper fence ₹21023 (Q3: ₹13278, IQR: ₹5163)",08:30,FALSE
fare_DEL-CCU_6E_2026-09-15_T+7_1788903777311_augf,DEL-CCU,EaseMyTrip,6E,6E-736,2026-09-15,T+7,20521,4505,25026,2026-09-08T21:23:28.885Z,TRUE,"High outlier: ₹25026 > upper fence ₹21023 (Q3: ₹13278, IQR: ₹5163)",07:10,FALSE
fare_DEL-CCU_6E_2026-09-15_T+7_1788903777311_rz3t,DEL-CCU,EaseMyTrip,6E,6E-538,2026-09-15,T+7,20521,4505,25026,2026-09-08T21:23:28.885Z,TRUE,"High outlier: ₹25026 > upper fence ₹21023 (Q3: ₹13278, IQR: ₹5163)",07:10,FALSE
fare_DEL-GAU_6E_2026-09-23_T+15_1788903777311_s7tw,DEL-GAU,EaseMyTrip,6E,6E-6415,2026-09-23,T+15,6277,1378,7655,2026-09-08T21:25:40.690Z,FALSE,"",16:00,FALSE
fare_DEL-GAU_6E_2026-09-23_T+15_1788903777311_gsnu,DEL-GAU,EaseMyTrip,6E,6E-988,2026-09-23,T+15,6277,1378,7655,2026-09-08T21:25:40.690Z,FALSE,"",07:20,FALSE
fare_DEL-GAU_6E_2026-09-23_T+15_1788903777311_a9s1,DEL-GAU,EaseMyTrip,6E,6E-753,2026-09-23,T+15,6277,1378,7655,2026-09-08T21:25:40.690Z,FALSE,"",07:20,FALSE
fare_DEL-GAU_6E_2026-09-23_T+15_1788903777311_e4lt,DEL-GAU,EaseMyTrip,6E,6E-5191,2026-09-23,T+15,6277,1378,7655,2026-09-08T21:25:40.690Z,FALSE,"",05:00,FALSE
fare_DEL-GAU_6E_2026-09-23_T+15_1788903777311_mfs2,DEL-GAU,EaseMyTrip,6E,6E-670,2026-09-23,T+15,6277,1378,7655,2026-09-08T21:25:40.690Z,FALSE,"",14:25,FALSE
fare_DEL-GAU_6E_2026-09-23_T+15_1788903777311_z74g,DEL-GAU,EaseMyTrip,6E,6E-415,2026-09-23,T+15,6277,1378,7655,2026-09-08T21:25:40.690Z,FALSE,"",14:25,FALSE
fare_DEL-GAU_6E_2026-09-23_T+15_1788903777311_fz1g,DEL-GAU,EaseMyTrip,6E,6E-814,2026-09-23,T+15,6277,1378,7655,2026-09-08T21:25:40.690Z,FALSE,"",12:45,FALSE
fare_DEL-GAU_6E_2026-09-23_T+15_1788903777311_dcb9,DEL-GAU,EaseMyTrip,6E,6E-295,2026-09-23,T+15,6277,1378,7655,2026-09-08T21:25:40.690Z,FALSE,"",12:45,FALSE
fare_DEL-GAU_6E_2026-09-23_T+15_1788903777311_crsr,DEL-GAU,EaseMyTrip,6E,6E-116,2026-09-23,T+15,6277,1378,7655,2026-09-08T21:25:40.690Z,FALSE,"",10:15,FALSE
fare_DEL-GAU_6E_2026-09-23_T+15_1788903777311_7rcb,DEL-GAU,EaseMyTrip,6E,6E-395,2026-09-23,T+15,6277,1378,7655,2026-09-08T21:25:40.690Z,FALSE,"",10:15,FALSE
fare_DEL-GAU_6E_2026-09-23_T+15_1788903777311_csbn,DEL-GAU,EaseMyTrip,6E,6E-517,2026-09-23,T+15,6277,1378,7655,2026-09-08T21:25:40.690Z,FALSE,"",23:30,FALSE
fare_DEL-GAU_6E_2026-09-23_T+15_1788903777311_88f5,DEL-GAU,EaseMyTrip,6E,6E-788,2026-09-23,T+15,6277,1378,7655,2026-09-08T21:25:40.690Z,FALSE,"",23:30,FALSE
fare_DEL-GAU_IX_2026-09-23_T+15_1788903777311_lrea,DEL-GAU,EaseMyTrip,IX,IX-1671,2026-09-23,T+15,6740,1480,8220,2026-09-08T21:25:40.690Z,FALSE,"",20:00,TRUE
fare_DEL-GAU_IX_2026-09-23_T+15_1788903777311_w42z,DEL-GAU,EaseMyTrip,IX,IX-1032,2026-09-23,T+15,6904,1516,8420,2026-09-08T21:25:40.690Z,FALSE,"",05:45,TRUE
fare_DEL-GAU_6E_2026-09-23_T+15_1788903777311_ubtz,DEL-GAU,EaseMyTrip,6E,6E-2203,2026-09-23,T+15,6740,1480,8220,2026-09-08T21:25:40.690Z,FALSE,"",04:45,TRUE
fare_DEL-GAU_6E_2026-09-23_T+15_1788903777311_3zoa,DEL-GAU,EaseMyTrip,6E,6E-5215,2026-09-23,T+15,6740,1480,8220,2026-09-08T21:25:40.690Z,FALSE,"",07:45,TRUE
fare_DEL-GAU_6E_2026-09-23_T+15_1788903777311_z1h3,DEL-GAU,EaseMyTrip,6E,6E-6048,2026-09-23,T+15,6740,1480,8220,2026-09-08T21:25:40.690Z,FALSE,"",20:00,TRUE
fare_DEL-GAU_AI_2026-09-23_T+15_1788903777311_3371,DEL-GAU,EaseMyTrip,AI,AI-879,2026-09-23,T+15,6904,1516,8420,2026-09-08T21:25:40.690Z,FALSE,"",06:40,TRUE
fare_DEL-GAU_IX_2026-09-23_T+15_1788903777311_gi7g,DEL-GAU,EaseMyTrip,IX,IX-1041,2026-09-23,T+15,7060,1550,8610,2026-09-08T21:25:40.690Z,FALSE,"",18:10,TRUE
fare_DEL-GAU_6E_2026-09-23_T+15_1788903777311_y566,DEL-GAU,EaseMyTrip,6E,6E-2589,2026-09-23,T+15,6868,1508,8376,2026-09-08T21:25:40.690Z,FALSE,"",15:05,FALSE
fare_DEL-GAU_IX_2026-09-23_T+15_1788903777311_w1aw,DEL-GAU,EaseMyTrip,IX,IX-1461,2026-09-23,T+15,7405,1626,9031,2026-09-08T21:25:40.690Z,FALSE,"",05:35,FALSE
fare_DEL-GAU_QP_2026-09-23_T+15_1788903777311_7xfv,DEL-GAU,EaseMyTrip,QP,QP-1112,2026-09-23,T+15,7311,1605,8916,2026-09-08T21:25:40.690Z,FALSE,"",09:20,FALSE
fare_DEL-GAU_QP_2026-09-23_T+15_1788903777311_b1k7,DEL-GAU,EaseMyTrip,QP,QP-1119,2026-09-23,T+15,7311,1605,8916,2026-09-08T21:25:40.690Z,FALSE,"",08:40,FALSE
fare_DEL-GAU_QP_2026-09-23_T+15_1788903777311_aa32,DEL-GAU,EaseMyTrip,QP,QP-1833,2026-09-23,T+15,7311,1605,8916,2026-09-08T21:25:40.690Z,FALSE,"",06:50,FALSE
fare_DEL-GAU_IX_2026-09-23_T+15_1788903777311_phil,DEL-GAU,EaseMyTrip,IX,IX-1085,2026-09-23,T+15,7634,1676,9310,2026-09-08T21:25:40.690Z,FALSE,"",12:55,TRUE
fare_DEL-GAU_6E_2026-09-23_T+15_1788903777311_munb,DEL-GAU,EaseMyTrip,6E,6E-5041,2026-09-23,T+15,7642,1678,9320,2026-09-08T21:25:40.690Z,FALSE,"",15:10,TRUE
fare_DEL-GAU_AI_2026-09-23_T+15_1788903777311_07q7,DEL-GAU,EaseMyTrip,AI,AI-2761,2026-09-23,T+15,8061,1770,9831,2026-09-08T21:25:40.690Z,FALSE,"",16:25,FALSE
fare_DEL-GAU_AI_2026-09-23_T+15_1788903777311_vsts,DEL-GAU,EaseMyTrip,AI,AI-1755,2026-09-23,T+15,8080,1774,9854,2026-09-08T21:25:40.690Z,FALSE,"",14:30,TRUE
fare_DEL-GAU_6E_2026-09-23_T+15_1788903777311_jx3e,DEL-GAU,EaseMyTrip,6E,6E-984,2026-09-23,T+15,9973,2189,12162,2026-09-08T21:25:40.690Z,FALSE,"",10:15,FALSE
fare_DEL-GAU_6E_2026-09-23_T+15_1788903777311_9348,DEL-GAU,EaseMyTrip,6E,6E-146,2026-09-23,T+15,9973,2189,12162,2026-09-08T21:25:40.690Z,FALSE,"",10:15,FALSE
fare_DEL-GAU_6E_2026-09-23_T+15_1788903777311_j1wb,DEL-GAU,EaseMyTrip,6E,6E-861,2026-09-23,T+15,9973,2189,12162,2026-09-08T21:25:40.690Z,FALSE,"",08:30,FALSE
fare_DEL-GAU_6E_2026-09-23_T+15_1788903777311_zpff,DEL-GAU,EaseMyTrip,6E,6E-352,2026-09-23,T+15,9973,2189,12162,2026-09-08T21:25:40.690Z,FALSE,"",08:30,FALSE
fare_DEL-GAU_6E_2026-09-23_T+15_1788903777311_po9v,DEL-GAU,EaseMyTrip,6E,6E-975,2026-09-23,T+15,9973,2189,12162,2026-09-08T21:25:40.690Z,FALSE,"",07:20,FALSE
fare_DEL-GAU_6E_2026-09-23_T+15_1788903777311_4z8y,DEL-GAU,EaseMyTrip,6E,6E-873,2026-09-23,T+15,9973,2189,12162,2026-09-08T21:25:40.690Z,FALSE,"",07:20,FALSE
fare_DEL-GAU_AI_2026-09-23_T+15_1788903777311_5bgj,DEL-GAU,EaseMyTrip,AI,AI-2702,2026-09-23,T+15,10575,2321,12896,2026-09-08T21:25:40.690Z,FALSE,"",02:30,FALSE
fare_DEL-GAU_AI_2026-09-23_T+15_1788903777311_sapq,DEL-GAU,EaseMyTrip,AI,AI-1714,2026-09-23,T+15,10575,2321,12896,2026-09-08T21:25:40.690Z,FALSE,"",21:00,FALSE
fare_DEL-GAU_AI_2026-09-23_T+15_1788903777311_o2mr,DEL-GAU,EaseMyTrip,AI,AI-2707,2026-09-23,T+15,10575,2321,12896,2026-09-08T21:25:40.690Z,FALSE,"",18:00,FALSE
fare_DEL-GAU_AI_2026-09-23_T+15_1788903777311_3k64,DEL-GAU,EaseMyTrip,AI,AI-1733,2026-09-23,T+15,10575,2321,12896,2026-09-08T21:25:40.690Z,FALSE,"",16:15,FALSE
fare_DEL-GAU_AI_2026-09-23_T+15_1788903777311_v06v,DEL-GAU,EaseMyTrip,AI,AI-2767,2026-09-23,T+15,10704,2350,13054,2026-09-08T21:25:40.690Z,FALSE,"",13:00,FALSE
fare_DEL-GAU_AI_2026-09-23_T+15_1788903777311_r36v,DEL-GAU,EaseMyTrip,AI,AI-1791,2026-09-23,T+15,10704,2350,13054,2026-09-08T21:25:40.690Z,FALSE,"",09:55,FALSE
fare_DEL-GAU_6E_2026-09-23_T+15_1788903777311_ch25,DEL-GAU,EaseMyTrip,6E,6E-206,2026-09-23,T+15,10820,2375,13195,2026-09-08T21:25:40.690Z,FALSE,"",12:45,FALSE
fare_DEL-GAU_6E_2026-09-23_T+15_1788903777311_ngh9,DEL-GAU,EaseMyTrip,6E,6E-354,2026-09-23,T+15,10820,2375,13195,2026-09-08T21:25:40.690Z,FALSE,"",12:45,FALSE
fare_DEL-GAU_AI_2026-09-23_T+15_1788903777311_b7gs,DEL-GAU,EaseMyTrip,AI,AI-2535,2026-09-23,T+15,11316,2484,13800,2026-09-08T21:25:40.690Z,FALSE,"",06:40,FALSE
fare_DEL-GAU_AI_2026-09-23_T+15_1788903777311_p1dc,DEL-GAU,EaseMyTrip,AI,AI-2705,2026-09-23,T+15,11446,2512,13958,2026-09-08T21:25:40.690Z,FALSE,"",07:30,FALSE
fare_DEL-GAU_IX_2026-09-23_T+15_1788903777311_ffzs,DEL-GAU,EaseMyTrip,IX,IX-1001,2026-09-23,T+15,13063,2868,15931,2026-09-08T21:25:40.690Z,FALSE,"",09:00,FALSE
fare_DEL-GAU_AI_2026-09-23_T+15_1788903777311_qgeb,DEL-GAU,EaseMyTrip,AI,AI-2709,2026-09-23,T+15,12658,2778,15436,2026-09-08T21:25:40.690Z,FALSE,"",19:40,FALSE
fare_DEL-GAU_AI_2026-09-23_T+15_1788903777311_rd5b,DEL-GAU,EaseMyTrip,AI,AI-2412,2026-09-23,T+15,13646,2995,16641,2026-09-08T21:25:40.690Z,FALSE,"",21:30,FALSE
fare_DEL-GAU_AI_2026-09-23_T+15_1788903777311_rwsf,DEL-GAU,EaseMyTrip,AI,AI-2817,2026-09-23,T+15,13646,2995,16641,2026-09-08T21:25:40.690Z,FALSE,"",16:30,FALSE
fare_DEL-GAU_AI_2026-09-23_T+15_1788903777311_r0m3,DEL-GAU,EaseMyTrip,AI,AI-2664,2026-09-23,T+15,13646,2995,16641,2026-09-08T21:25:40.690Z,FALSE,"",15:50,FALSE
fare_DEL-GAU_AI_2026-09-23_T+15_1788903777311_0jak,DEL-GAU,EaseMyTrip,AI,AI-2819,2026-09-23,T+15,13646,2995,16641,2026-09-08T21:25:40.690Z,FALSE,"",15:00,FALSE
fare_DEL-GAU_AI_2026-09-23_T+15_1788903777311_rk14,DEL-GAU,EaseMyTrip,AI,AI-2417,2026-09-23,T+15,13991,3071,17062,2026-09-08T21:25:40.690Z,FALSE,"",13:00,FALSE
fare_DEL-GAU_AI_2026-09-23_T+15_1788903777311_iyt1,DEL-GAU,EaseMyTrip,AI,AI-2809,2026-09-23,T+15,14084,3092,17176,2026-09-08T21:25:40.690Z,FALSE,"",19:30,FALSE
fare_DEL-GAU_AI_2026-09-23_T+15_1788903777311_4l9g,DEL-GAU,EaseMyTrip,AI,AI-2512,2026-09-23,T+15,14084,3092,17176,2026-09-08T21:25:40.690Z,FALSE,"",19:00,FALSE
fare_DEL-GAU_AI_2026-09-23_T+15_1788903777311_aozs,DEL-GAU,EaseMyTrip,AI,AI-2487,2026-09-23,T+15,14084,3092,17176,2026-09-08T21:25:40.690Z,FALSE,"",18:30,FALSE
fare_DEL-GAU_AI_2026-09-23_T+15_1788903777311_i1yw,DEL-GAU,EaseMyTrip,AI,AI-2757,2026-09-23,T+15,14261,3130,17391,2026-09-08T21:25:40.690Z,FALSE,"",00:15,FALSE
fare_DEL-GAU_AI_2026-09-23_T+15_1788903777311_ysn3,DEL-GAU,EaseMyTrip,AI,AI-2485,2026-09-23,T+15,14261,3130,17391,2026-09-08T21:25:40.690Z,FALSE,"",10:30,FALSE
fare_DEL-GAU_AI_2026-09-23_T+15_1788903777311_6pyp,DEL-GAU,EaseMyTrip,AI,AI-2415,2026-09-23,T+15,14261,3130,17391,2026-09-08T21:25:40.690Z,FALSE,"",09:30,FALSE
fare_DEL-GAU_AI_2026-09-23_T+15_1788903777311_gmhq,DEL-GAU,EaseMyTrip,AI,AI-427,2026-09-23,T+15,14261,3130,17391,2026-09-08T21:25:40.690Z,FALSE,"",08:30,FALSE
fare_DEL-GAU_AI_2026-09-23_T+15_1788903777311_lng5,DEL-GAU,EaseMyTrip,AI,AI-2815,2026-09-23,T+15,14261,3130,17391,2026-09-08T21:25:40.690Z,FALSE,"",07:00,FALSE
fare_DEL-GAU_AI_2026-09-23_T+15_1788903777311_x1jw,DEL-GAU,EaseMyTrip,AI,AI-2803,2026-09-23,T+15,14261,3130,17391,2026-09-08T21:25:40.690Z,FALSE,"",06:30,FALSE
fare_DEL-GAU_AI_2026-09-23_T+15_1788903777311_nwwv,DEL-GAU,EaseMyTrip,AI,AI-2409,2026-09-23,T+15,14261,3130,17391,2026-09-08T21:25:40.690Z,FALSE,"",06:00,FALSE
fare_DEL-GAU_AI_2026-09-23_T+15_1788903777311_djt6,DEL-GAU,EaseMyTrip,AI,AI-2653,2026-09-23,T+15,14261,3130,17391,2026-09-08T21:25:40.690Z,FALSE,"",04:30,FALSE
fare_DEL-GAU_AI_2026-09-23_T+15_1788903777311_6kgz,DEL-GAU,EaseMyTrip,AI,AI-2467,2026-09-23,T+15,15283,3355,18638,2026-09-08T21:25:40.690Z,FALSE,"",10:00,FALSE
fare_DEL-GAU_AI_2026-09-23_T+15_1788903777311_7acd,DEL-GAU,EaseMyTrip,AI,AI-2833,2026-09-23,T+15,15283,3355,18638,2026-09-08T21:25:40.690Z,FALSE,"",07:30,FALSE
fare_DEL-GAU_AI_2026-09-23_T+15_1788903777311_p31w,DEL-GAU,EaseMyTrip,AI,AI-2525,2026-09-23,T+15,15283,3355,18638,2026-09-08T21:25:40.690Z,FALSE,"",06:00,FALSE
fare_DEL-GAU_IX_2026-10-08_T+30_1788903777312_g5g5,DEL-GAU,EaseMyTrip,IX,IX-1035,2026-10-08,T+30,6740,1480,8220,2026-09-08T21:25:46.478Z,FALSE,"",08:10,TRUE
fare_DEL-GAU_IX_2026-10-08_T+30_1788903777312_fnq3,DEL-GAU,EaseMyTrip,IX,IX-1041,2026-10-08,T+30,6740,1480,8220,2026-09-08T21:25:46.478Z,FALSE,"",18:15,TRUE
fare_DEL-GAU_IX_2026-10-08_T+30_1788903777312_3fwu,DEL-GAU,EaseMyTrip,IX,IX-1671,2026-10-08,T+30,6740,1480,8220,2026-09-08T21:25:46.478Z,FALSE,"",19:55,TRUE
fare_DEL-GAU_IX_2026-10-08_T+30_1788903777312_t0n4,DEL-GAU,EaseMyTrip,IX,IX-1069,2026-10-08,T+30,6740,1480,8220,2026-09-08T21:25:46.478Z,FALSE,"",10:45,TRUE
fare_DEL-GAU_IX_2026-10-08_T+30_1788903777312_r7fp,DEL-GAU,EaseMyTrip,IX,IX-1085,2026-10-08,T+30,6740,1480,8220,2026-09-08T21:25:46.478Z,FALSE,"",12:55,TRUE
fare_DEL-GAU_IX_2026-10-08_T+30_1788903777312_jq0f,DEL-GAU,EaseMyTrip,IX,IX-1032,2026-10-08,T+30,6740,1480,8220,2026-09-08T21:25:46.478Z,FALSE,"",05:45,TRUE
fare_DEL-GAU_6E_2026-10-08_T+30_1788903777312_gvsy,DEL-GAU,EaseMyTrip,6E,6E-6211,2026-10-08,T+30,6523,1432,7955,2026-09-08T21:25:46.478Z,FALSE,"",09:10,FALSE
fare_DEL-GAU_6E_2026-10-08_T+30_1788903777312_1qrf,DEL-GAU,EaseMyTrip,6E,6E-2203,2026-10-08,T+30,6740,1480,8220,2026-09-08T21:25:46.478Z,FALSE,"",04:45,TRUE
fare_DEL-GAU_6E_2026-10-08_T+30_1788903777312_ecpz,DEL-GAU,EaseMyTrip,6E,6E-5215,2026-10-08,T+30,6740,1480,8220,2026-09-08T21:25:46.478Z,FALSE,"",07:40,TRUE
fare_DEL-GAU_6E_2026-10-08_T+30_1788903777312_simx,DEL-GAU,EaseMyTrip,6E,6E-5041,2026-10-08,T+30,6740,1480,8220,2026-09-08T21:25:46.478Z,FALSE,"",15:10,TRUE
fare_DEL-GAU_6E_2026-10-08_T+30_1788903777312_znbm,DEL-GAU,EaseMyTrip,6E,6E-2316,2026-10-08,T+30,6740,1480,8220,2026-09-08T21:25:46.478Z,FALSE,"",17:30,TRUE
fare_DEL-GAU_6E_2026-10-08_T+30_1788903777312_2so3,DEL-GAU,EaseMyTrip,6E,6E-6048,2026-10-08,T+30,6740,1480,8220,2026-09-08T21:25:46.478Z,FALSE,"",20:00,TRUE
fare_DEL-GAU_QP_2026-10-08_T+30_1788903777312_u1qb,DEL-GAU,EaseMyTrip,QP,QP-1110,2026-10-08,T+30,6751,1482,8233,2026-09-08T21:25:46.478Z,FALSE,"",10:00,FALSE
fare_DEL-GAU_QP_2026-10-08_T+30_1788903777312_p3f6,DEL-GAU,EaseMyTrip,QP,QP-1119,2026-10-08,T+30,6751,1482,8233,2026-09-08T21:25:46.478Z,FALSE,"",08:40,FALSE
fare_DEL-GAU_6E_2026-10-08_T+30_1788903777312_d53y,DEL-GAU,EaseMyTrip,6E,6E-327,2026-10-08,T+30,6757,1483,8240,2026-09-08T21:25:46.478Z,FALSE,"",07:20,FALSE
fare_DEL-GAU_6E_2026-10-08_T+30_1788903777312_rl86,DEL-GAU,EaseMyTrip,6E,6E-837,2026-10-08,T+30,6757,1483,8240,2026-09-08T21:25:46.478Z,FALSE,"",07:20,FALSE
fare_DEL-GAU_6E_2026-10-08_T+30_1788903777312_5v10,DEL-GAU,EaseMyTrip,6E,6E-202,2026-10-08,T+30,6757,1483,8240,2026-09-08T21:25:46.478Z,FALSE,"",10:15,FALSE
fare_DEL-GAU_6E_2026-10-08_T+30_1788903777312_pjly,DEL-GAU,EaseMyTrip,6E,6E-838,2026-10-08,T+30,6757,1483,8240,2026-09-08T21:25:46.478Z,FALSE,"",10:15,FALSE
fare_DEL-GAU_6E_2026-10-08_T+30_1788903777312_ejat,DEL-GAU,EaseMyTrip,6E,6E-683,2026-10-08,T+30,6757,1483,8240,2026-09-08T21:25:46.478Z,FALSE,"",08:30,FALSE
fare_DEL-GAU_6E_2026-10-08_T+30_1788903777312_u1nf,DEL-GAU,EaseMyTrip,6E,6E-899,2026-10-08,T+30,6757,1483,8240,2026-09-08T21:25:46.478Z,FALSE,"",08:30,FALSE
fare_DEL-GAU_6E_2026-10-08_T+30_1788903777312_zrgl,DEL-GAU,EaseMyTrip,6E,6E-610,2026-10-08,T+30,6757,1483,8240,2026-09-08T21:25:46.478Z,FALSE,"",07:20,FALSE
fare_DEL-GAU_6E_2026-10-08_T+30_1788903777312_j4j9,DEL-GAU,EaseMyTrip,6E,6E-181,2026-10-08,T+30,6757,1483,8240,2026-09-08T21:25:46.478Z,FALSE,"",07:20,FALSE
fare_DEL-GAU_6E_2026-10-08_T+30_1788903777312_v6vi,DEL-GAU,EaseMyTrip,6E,6E-2589,2026-10-08,T+30,6868,1508,8376,2026-09-08T21:25:46.478Z,FALSE,"",15:05,FALSE
fare_DEL-GAU_6E_2026-10-08_T+30_1788903777312_0q1k,DEL-GAU,EaseMyTrip,6E,6E-857,2026-10-08,T+30,7284,1599,8883,2026-09-08T21:25:46.478Z,FALSE,"",14:25,FALSE
fare_DEL-GAU_6E_2026-10-08_T+30_1788903777312_hf8m,DEL-GAU,EaseMyTrip,6E,6E-502,2026-10-08,T+30,7284,1599,8883,2026-09-08T21:25:46.478Z,FALSE,"",14:25,FALSE
fare_DEL-GAU_6E_2026-10-08_T+30_1788903777312_am9d,DEL-GAU,EaseMyTrip,6E,6E-101,2026-10-08,T+30,7284,1599,8883,2026-09-08T21:25:46.478Z,FALSE,"",10:15,FALSE
fare_DEL-GAU_6E_2026-10-08_T+30_1788903777312_rmc2,DEL-GAU,EaseMyTrip,6E,6E-231,2026-10-08,T+30,7284,1599,8883,2026-09-08T21:25:46.478Z,FALSE,"",10:15,FALSE
fare_DEL-GAU_AI_2026-10-08_T+30_1788903777312_rnta,DEL-GAU,EaseMyTrip,AI,AI-879,2026-10-08,T+30,7683,1687,9370,2026-09-08T21:25:46.478Z,FALSE,"",06:40,TRUE
fare_DEL-GAU_AI_2026-10-08_T+30_1788903777312_ezs4,DEL-GAU,EaseMyTrip,AI,AI-1755,2026-10-08,T+30,7749,1701,9450,2026-09-08T21:25:46.478Z,FALSE,"",14:30,TRUE
fare_DEL-GAU_IX_2026-10-08_T+30_1788903777312_3qjf,DEL-GAU,EaseMyTrip,IX,IX-1076,2026-10-08,T+30,8389,1842,10231,2026-09-08T21:25:46.478Z,FALSE,"",09:00,FALSE
fare_DEL-GAU_6E_2026-10-08_T+30_1788903777312_8w37,DEL-GAU,EaseMyTrip,6E,6E-6415,2026-10-08,T+30,7864,1726,9590,2026-09-08T21:25:46.478Z,FALSE,"",16:00,FALSE
fare_DEL-GAU_AI_2026-10-08_T+30_1788903777312_qizn,DEL-GAU,EaseMyTrip,AI,AI-2761,2026-10-08,T+30,8286,1819,10105,2026-09-08T21:25:46.478Z,FALSE,"",16:25,FALSE
fare_DEL-GAU_6E_2026-10-08_T+30_1788903777312_t9m2,DEL-GAU,EaseMyTrip,6E,6E-5191,2026-10-08,T+30,8502,1866,10368,2026-09-08T21:25:46.478Z,FALSE,"",05:00,FALSE
fare_DEL-GAU_6E_2026-10-08_T+30_1788903777312_rww2,DEL-GAU,EaseMyTrip,6E,6E-648,2026-10-08,T+30,8502,1866,10368,2026-09-08T21:25:46.478Z,FALSE,"",02:45,FALSE
fare_DEL-GAU_6E_2026-10-08_T+30_1788903777312_134n,DEL-GAU,EaseMyTrip,6E,6E-907,2026-10-08,T+30,8502,1866,10368,2026-09-08T21:25:46.478Z,FALSE,"",02:45,FALSE
fare_DEL-GAU_IX_2026-10-08_T+30_1788903777312_nlme,DEL-GAU,EaseMyTrip,IX,IX-1461,2026-10-08,T+30,9307,2043,11350,2026-09-08T21:25:46.478Z,FALSE,"",05:35,FALSE
fare_DEL-GAU_6E_2026-10-08_T+30_1788903777312_0y0r,DEL-GAU,EaseMyTrip,6E,6E-873,2026-10-08,T+30,9202,2020,11222,2026-09-08T21:25:46.478Z,FALSE,"",12:45,FALSE
fare_DEL-GAU_6E_2026-10-08_T+30_1788903777312_94d7,DEL-GAU,EaseMyTrip,6E,6E-655,2026-10-08,T+30,9202,2020,11222,2026-09-08T21:25:46.478Z,FALSE,"",12:45,FALSE
fare_DEL-GAU_6E_2026-10-08_T+30_1788903777312_k6fr,DEL-GAU,EaseMyTrip,6E,6E-347,2026-10-08,T+30,9202,2020,11222,2026-09-08T21:25:46.478Z,FALSE,"",02:45,FALSE
fare_DEL-GAU_6E_2026-10-08_T+30_1788903777312_x54a,DEL-GAU,EaseMyTrip,6E,6E-978,2026-10-08,T+30,9202,2020,11222,2026-09-08T21:25:46.478Z,FALSE,"",02:45,FALSE
fare_DEL-GAU_6E_2026-10-08_T+30_1788903777312_z8sv,DEL-GAU,EaseMyTrip,6E,6E-700,2026-10-08,T+30,9973,2189,12162,2026-09-08T21:25:46.478Z,FALSE,"",12:45,FALSE
fare_DEL-GAU_6E_2026-10-08_T+30_1788903777312_inix,DEL-GAU,EaseMyTrip,6E,6E-493,2026-10-08,T+30,9973,2189,12162,2026-09-08T21:25:46.478Z,FALSE,"",12:45,FALSE
fare_DEL-GAU_6E_2026-10-08_T+30_1788903777312_hvij,DEL-GAU,EaseMyTrip,6E,6E-258,2026-10-08,T+30,9973,2189,12162,2026-09-08T21:25:46.478Z,FALSE,"",02:45,FALSE
fare_DEL-GAU_6E_2026-10-08_T+30_1788903777312_qifa,DEL-GAU,EaseMyTrip,6E,6E-694,2026-10-08,T+30,9973,2189,12162,2026-09-08T21:25:46.478Z,FALSE,"",02:45,FALSE
fare_DEL-GAU_AI_2026-10-08_T+30_1788903777312_zt5w,DEL-GAU,EaseMyTrip,AI,AI-1719,2026-10-08,T+30,10362,2274,12636,2026-09-08T21:25:46.478Z,FALSE,"",11:55,FALSE
fare_DEL-GAU_6E_2026-10-08_T+30_1788903777312_a9hy,DEL-GAU,EaseMyTrip,6E,6E-316,2026-10-08,T+30,10412,2286,12698,2026-09-08T21:25:46.478Z,FALSE,"",21:50,FALSE
fare_DEL-GAU_6E_2026-10-08_T+30_1788903777312_h360,DEL-GAU,EaseMyTrip,6E,6E-580,2026-10-08,T+30,10412,2286,12698,2026-09-08T21:25:46.478Z,FALSE,"",21:50,FALSE
fare_DEL-GAU_6E_2026-10-08_T+30_1788903777312_2ccd,DEL-GAU,EaseMyTrip,6E,6E-993,2026-10-08,T+30,10412,2286,12698,2026-09-08T21:25:46.478Z,FALSE,"",21:50,FALSE
fare_DEL-GAU_AI_2026-10-08_T+30_1788903777312_mirt,DEL-GAU,EaseMyTrip,AI,AI-1791,2026-10-08,T+30,13752,3019,16771,2026-09-08T21:25:46.478Z,FALSE,"",09:55,FALSE
fare_DEL-GAU_AI_2026-10-08_T+30_1788903777312_14ur,DEL-GAU,EaseMyTrip,AI,AI-2535,2026-10-08,T+30,14917,3274,18191,2026-09-08T21:25:46.478Z,FALSE,"",06:40,FALSE
fare_DEL-GAU_AI_2026-10-08_T+30_1788903777312_4hj5,DEL-GAU,EaseMyTrip,AI,AI-2702,2026-10-08,T+30,14917,3274,18191,2026-09-08T21:25:46.478Z,FALSE,"",02:30,FALSE
fare_DEL-GAU_AI_2026-10-08_T+30_1788903777312_4qt0,DEL-GAU,EaseMyTrip,AI,AI-1714,2026-10-08,T+30,15008,3295,18303,2026-09-08T21:25:46.478Z,FALSE,"",21:00,FALSE
fare_DEL-GAU_AI_2026-10-08_T+30_1788903777312_fr0t,DEL-GAU,EaseMyTrip,AI,AI-2709,2026-10-08,T+30,15008,3295,18303,2026-09-08T21:25:46.478Z,FALSE,"",19:40,FALSE
fare_DEL-GAU_AI_2026-10-08_T+30_1788903777312_v9zx,DEL-GAU,EaseMyTrip,AI,AI-2707,2026-10-08,T+30,15008,3295,18303,2026-09-08T21:25:46.478Z,FALSE,"",18:00,FALSE
fare_DEL-GAU_6E_2026-10-08_T+30_1788903777312_h2e1,DEL-GAU,EaseMyTrip,6E,6E-219,2026-10-08,T+30,14915,3274,18189,2026-09-08T21:25:46.478Z,FALSE,"",23:30,FALSE
fare_DEL-GAU_6E_2026-10-08_T+30_1788903777312_zv5y,DEL-GAU,EaseMyTrip,6E,6E-542,2026-10-08,T+30,14915,3274,18189,2026-09-08T21:25:46.478Z,FALSE,"",23:30,FALSE
fare_DEL-GAU_6E_2026-10-08_T+30_1788903777312_wryv,DEL-GAU,EaseMyTrip,6E,6E-512,2026-10-08,T+30,14915,3274,18189,2026-09-08T21:25:46.478Z,FALSE,"",23:30,FALSE
fare_DEL-GAU_6E_2026-10-08_T+30_1788903777312_4gmq,DEL-GAU,EaseMyTrip,6E,6E-632,2026-10-08,T+30,14915,3274,18189,2026-09-08T21:25:46.478Z,FALSE,"",23:30,FALSE
fare_DEL-GAU_AI_2026-10-08_T+30_1788903777312_emea,DEL-GAU,EaseMyTrip,AI,AI-2513,2026-10-08,T+30,15164,3329,18493,2026-09-08T21:25:46.478Z,FALSE,"",12:10,FALSE
fare_DEL-GAU_6E_2026-10-08_T+30_1788903777312_t7xe,DEL-GAU,EaseMyTrip,6E,6E-164,2026-10-08,T+30,15120,3319,18439,2026-09-08T21:25:46.478Z,FALSE,"",23:30,FALSE
fare_DEL-GAU_6E_2026-10-08_T+30_1788903777312_k3m5,DEL-GAU,EaseMyTrip,6E,6E-426,2026-10-08,T+30,15120,3319,18439,2026-09-08T21:25:46.478Z,FALSE,"",23:30,FALSE
fare_DEL-GAU_AI_2026-10-08_T+30_1788903777312_4dyn,DEL-GAU,EaseMyTrip,AI,AI-1733,2026-10-08,T+30,18246,4005,22251,2026-09-08T21:25:46.478Z,FALSE,"",16:15,FALSE
fare_DEL-GAU_AI_2026-10-08_T+30_1788903777312_a3oj,DEL-GAU,EaseMyTrip,AI,AI-2767,2026-10-08,T+30,18246,4005,22251,2026-09-08T21:25:46.478Z,FALSE,"",13:00,FALSE
fare_DEL-GAU_AI_2026-10-08_T+30_1788903777312_1zzw,DEL-GAU,EaseMyTrip,AI,AI-2653,2026-10-08,T+30,18403,4040,22443,2026-09-08T21:25:46.478Z,FALSE,"",04:30,FALSE
fare_DEL-GAU_AI_2026-10-08_T+30_1788903777312_lmc9,DEL-GAU,EaseMyTrip,AI,AI-2757,2026-10-08,T+30,18403,4040,22443,2026-09-08T21:25:46.478Z,FALSE,"",00:15,FALSE
fare_DEL-GAU_AI_2026-10-08_T+30_1788903777312_e45k,DEL-GAU,EaseMyTrip,AI,AI-2485,2026-10-08,T+30,18403,4040,22443,2026-09-08T21:25:46.478Z,FALSE,"",10:30,FALSE
fare_DEL-GAU_AI_2026-10-08_T+30_1788903777312_qn3d,DEL-GAU,EaseMyTrip,AI,AI-2415,2026-10-08,T+30,18403,4040,22443,2026-09-08T21:25:46.478Z,FALSE,"",09:30,FALSE
fare_DEL-GAU_AI_2026-10-08_T+30_1788903777312_imip,DEL-GAU,EaseMyTrip,AI,AI-427,2026-10-08,T+30,18403,4040,22443,2026-09-08T21:25:46.478Z,FALSE,"",08:30,FALSE
fare_DEL-GAU_AI_2026-10-08_T+30_1788903777312_0ilx,DEL-GAU,EaseMyTrip,AI,AI-2815,2026-10-08,T+30,18403,4040,22443,2026-09-08T21:25:46.478Z,FALSE,"",07:00,FALSE
fare_DEL-GAU_AI_2026-10-08_T+30_1788903777312_pj58,DEL-GAU,EaseMyTrip,AI,AI-2803,2026-10-08,T+30,18403,4040,22443,2026-09-08T21:25:46.478Z,FALSE,"",06:30,FALSE
fare_DEL-GAU_AI_2026-10-08_T+30_1788903777312_yoa8,DEL-GAU,EaseMyTrip,AI,AI-2833,2026-10-08,T+30,18434,4047,22481,2026-09-08T21:25:46.478Z,FALSE,"",07:30,FALSE
fare_DEL-GAU_AI_2026-10-08_T+30_1788903777312_i908,DEL-GAU,EaseMyTrip,AI,AI-2525,2026-10-08,T+30,18434,4047,22481,2026-09-08T21:25:46.478Z,FALSE,"",06:00,FALSE
fare_DEL-GAU_AI_2026-10-08_T+30_1788903777312_jdoa,DEL-GAU,EaseMyTrip,AI,AI-2837,2026-10-08,T+30,22584,4958,27542,2026-09-08T21:25:46.478Z,FALSE,"",18:00,FALSE
fare_DEL-GAU_QP_2026-10-08_T+30_1788903777312_wnix,DEL-GAU,EaseMyTrip,QP,QP-1812,2026-10-08,T+30,22604,4962,27566,2026-09-08T21:25:46.478Z,FALSE,"",22:55,FALSE
fare_DEL-GAU_AI_2026-10-08_T+30_1788903777312_aeyn,DEL-GAU,EaseMyTrip,AI,AI-2835,2026-10-08,T+30,25579,5615,31194,2026-09-08T21:25:46.478Z,FALSE,"",19:30,FALSE
fare_DEL-GAU_AI_2026-10-08_T+30_1788903777312_xdd9,DEL-GAU,EaseMyTrip,AI,AI-2809,2026-10-08,T+30,26322,5778,32100,2026-09-08T21:25:46.478Z,FALSE,"",19:30,FALSE
fare_DEL-GAU_AI_2026-10-08_T+30_1788903777312_hhcw,DEL-GAU,EaseMyTrip,AI,AI-2512,2026-10-08,T+30,26322,5778,32100,2026-09-08T21:25:46.478Z,FALSE,"",19:00,FALSE
fare_DEL-GAU_AI_2026-10-08_T+30_1788903777312_5mf9,DEL-GAU,EaseMyTrip,AI,AI-2467,2026-10-08,T+30,26385,5792,32177,2026-09-08T21:25:46.478Z,FALSE,"",10:00,FALSE
fare_DEL-GAU_AI_2026-10-08_T+30_1788903777312_j449,DEL-GAU,EaseMyTrip,AI,AI-2487,2026-10-08,T+30,26526,5823,32349,2026-09-08T21:25:46.478Z,FALSE,"",18:30,FALSE
fare_DEL-GAU_AI_2026-10-08_T+30_1788903777312_g1ks,DEL-GAU,EaseMyTrip,AI,AI-2813,2026-10-08,T+30,26526,5823,32349,2026-09-08T21:25:46.478Z,FALSE,"",18:00,FALSE
fare_DEL-GAU_AI_2026-10-08_T+30_1788903777312_9ihs,DEL-GAU,EaseMyTrip,AI,AI-2664,2026-10-08,T+30,26526,5823,32349,2026-09-08T21:25:46.478Z,FALSE,"",15:50,FALSE
fare_DEL-GAU_AI_2026-10-08_T+30_1788903777312_duzj,DEL-GAU,EaseMyTrip,AI,AI-2819,2026-10-08,T+30,26667,5854,32521,2026-09-08T21:25:46.478Z,FALSE,"",15:00,FALSE
fare_DEL-GAU_AI_2026-10-08_T+30_1788903777312_392t,DEL-GAU,EaseMyTrip,AI,AI-2817,2026-10-08,T+30,27134,5956,33090,2026-09-08T21:25:46.478Z,FALSE,"",16:30,FALSE
fare_DEL-GAU_AI_2026-10-08_T+30_1788903777312_oxij,DEL-GAU,EaseMyTrip,AI,AI-2417,2026-10-08,T+30,29295,6431,35726,2026-09-08T21:25:46.478Z,FALSE,"",13:00,FALSE
fare_DEL-GAU_IX_2026-10-23_T+45_1788903777312_5i7c,DEL-GAU,EaseMyTrip,IX,IX-1032,2026-10-23,T+45,8044,1766,9810,2026-09-08T21:25:52.629Z,FALSE,"",05:45,TRUE
fare_DEL-GAU_IX_2026-10-23_T+45_1788903777312_2cu8,DEL-GAU,EaseMyTrip,IX,IX-1041,2026-10-23,T+45,8487,1863,10350,2026-09-08T21:25:52.629Z,FALSE,"",18:15,TRUE
fare_DEL-GAU_IX_2026-10-23_T+45_1788903777312_c57k,DEL-GAU,EaseMyTrip,IX,IX-1671,2026-10-23,T+45,8487,1863,10350,2026-09-08T21:25:52.629Z,FALSE,"",19:55,TRUE
fare_DEL-GAU_6E_2026-10-23_T+45_1788903777312_kfy7,DEL-GAU,EaseMyTrip,6E,6E-5215,2026-10-23,T+45,9036,1984,11020,2026-09-08T21:25:52.629Z,FALSE,"",07:40,TRUE
fare_DEL-GAU_6E_2026-10-23_T+45_1788903777312_srvq,DEL-GAU,EaseMyTrip,6E,6E-5041,2026-10-23,T+45,9036,1984,11020,2026-09-08T21:25:52.629Z,FALSE,"",15:10,TRUE
fare_DEL-GAU_IX_2026-10-23_T+45_1788903777312_2uil,DEL-GAU,EaseMyTrip,IX,IX-1461,2026-10-23,T+45,9307,2043,11350,2026-09-08T21:25:52.629Z,FALSE,"",05:35,FALSE
fare_DEL-GAU_AI_2026-10-23_T+45_1788903777312_ln6b,DEL-GAU,EaseMyTrip,AI,AI-879,2026-10-23,T+45,9221,2024,11245,2026-09-08T21:25:52.629Z,FALSE,"",06:40,TRUE
fare_DEL-GAU_AI_2026-10-23_T+45_1788903777312_wgnk,DEL-GAU,EaseMyTrip,AI,AI-1755,2026-10-23,T+45,9462,2077,11539,2026-09-08T21:25:52.629Z,FALSE,"",14:30,TRUE
fare_DEL-GAU_IX_2026-10-23_T+45_1788903777312_yph5,DEL-GAU,EaseMyTrip,IX,IX-1069,2026-10-23,T+45,10332,2268,12600,2026-09-08T21:25:52.629Z,FALSE,"",10:45,TRUE
fare_DEL-GAU_IX_2026-10-23_T+45_1788903777312_fj7m,DEL-GAU,EaseMyTrip,IX,IX-1085,2026-10-23,T+45,10332,2268,12600,2026-09-08T21:25:52.629Z,FALSE,"",12:55,TRUE
fare_DEL-GAU_IX_2026-10-23_T+45_1788903777312_nj3a,DEL-GAU,EaseMyTrip,IX,IX-1076,2026-10-23,T+45,11833,2598,14431,2026-09-08T21:25:52.629Z,FALSE,"",09:00,FALSE
fare_DEL-GAU_6E_2026-10-23_T+45_1788903777312_v5n0,DEL-GAU,EaseMyTrip,6E,6E-2203,2026-10-23,T+45,11168,2452,13620,2026-09-08T21:25:52.629Z,FALSE,"",04:45,TRUE
fare_DEL-GAU_IX_2026-10-23_T+45_1788903777312_3x13,DEL-GAU,EaseMyTrip,IX,IX-1035,2026-10-23,T+45,11972,2628,14600,2026-09-08T21:25:52.629Z,FALSE,"",07:30,TRUE
fare_DEL-GAU_6E_2026-10-23_T+45_1788903777312_fjkt,DEL-GAU,EaseMyTrip,6E,6E-2316,2026-10-23,T+45,12070,2650,14720,2026-09-08T21:25:52.629Z,FALSE,"",17:30,TRUE
fare_DEL-GAU_6E_2026-10-23_T+45_1788903777312_ev6o,DEL-GAU,EaseMyTrip,6E,6E-6048,2026-10-23,T+45,14120,3100,17220,2026-09-08T21:25:52.629Z,FALSE,"",20:00,TRUE
fare_DEL-GAU_6E_2026-10-23_T+45_1788903777312_76mt,DEL-GAU,EaseMyTrip,6E,6E-552,2026-10-23,T+45,14751,3238,17989,2026-09-08T21:25:52.629Z,FALSE,"",02:45,FALSE
fare_DEL-GAU_6E_2026-10-23_T+45_1788903777312_5dp2,DEL-GAU,EaseMyTrip,6E,6E-763,2026-10-23,T+45,14751,3238,17989,2026-09-08T21:25:52.629Z,FALSE,"",02:45,FALSE
fare_DEL-GAU_6E_2026-10-23_T+45_1788903777312_3fx0,DEL-GAU,EaseMyTrip,6E,6E-637,2026-10-23,T+45,14751,3238,17989,2026-09-08T21:25:52.629Z,FALSE,"",02:45,FALSE
fare_DEL-GAU_6E_2026-10-23_T+45_1788903777312_eb0w,DEL-GAU,EaseMyTrip,6E,6E-898,2026-10-23,T+45,14751,3238,17989,2026-09-08T21:25:52.629Z,FALSE,"",02:45,FALSE
fare_DEL-GAU_6E_2026-10-23_T+45_1788903777312_qm8w,DEL-GAU,EaseMyTrip,6E,6E-551,2026-10-23,T+45,15243,3346,18589,2026-09-08T21:25:52.629Z,FALSE,"",02:45,FALSE
fare_DEL-GAU_6E_2026-10-23_T+45_1788903777312_7ig6,DEL-GAU,EaseMyTrip,6E,6E-518,2026-10-23,T+45,15243,3346,18589,2026-09-08T21:25:52.629Z,FALSE,"",02:45,FALSE
fare_DEL-GAU_6E_2026-10-23_T+45_1788903777312_qsyj,DEL-GAU,EaseMyTrip,6E,6E-158,2026-10-23,T+45,15243,3346,18589,2026-09-08T21:25:52.629Z,FALSE,"",02:45,FALSE
fare_DEL-GAU_6E_2026-10-23_T+45_1788903777312_nhmb,DEL-GAU,EaseMyTrip,6E,6E-555,2026-10-23,T+45,15243,3346,18589,2026-09-08T21:25:52.629Z,FALSE,"",02:45,FALSE
fare_DEL-GAU_6E_2026-10-23_T+45_1788903777312_hc0r,DEL-GAU,EaseMyTrip,6E,6E-235,2026-10-23,T+45,15981,3508,19489,2026-09-08T21:25:52.629Z,FALSE,"",02:45,FALSE
fare_DEL-GAU_6E_2026-10-23_T+45_1788903777312_n4t2,DEL-GAU,EaseMyTrip,6E,6E-762,2026-10-23,T+45,15981,3508,19489,2026-09-08T21:25:52.629Z,FALSE,"",02:45,FALSE
fare_DEL-GAU_AI_2026-10-23_T+45_1788903777312_x13l,DEL-GAU,EaseMyTrip,AI,AI-2513,2026-10-23,T+45,16426,3606,20032,2026-09-08T21:25:52.629Z,FALSE,"",12:10,FALSE
fare_DEL-GAU_6E_2026-10-23_T+45_1788903777312_n1rm,DEL-GAU,EaseMyTrip,6E,6E-2589,2026-10-23,T+45,16449,3611,20060,2026-09-08T21:25:52.629Z,FALSE,"",16:10,FALSE
fare_DEL-GAU_6E_2026-10-23_T+45_1788903777312_z6ju,DEL-GAU,EaseMyTrip,6E,6E-489,2026-10-23,T+45,16637,3652,20289,2026-09-08T21:25:52.629Z,FALSE,"",08:30,FALSE
fare_DEL-GAU_6E_2026-10-23_T+45_1788903777312_rdfd,DEL-GAU,EaseMyTrip,6E,6E-590,2026-10-23,T+45,16637,3652,20289,2026-09-08T21:25:52.629Z,FALSE,"",08:30,FALSE
fare_DEL-GAU_AI_2026-10-23_T+45_1788903777312_h2mb,DEL-GAU,EaseMyTrip,AI,AI-1791,2026-10-23,T+45,17214,3779,20993,2026-09-08T21:25:52.629Z,FALSE,"",09:55,FALSE
fare_DEL-GAU_6E_2026-10-23_T+45_1788903777312_aqzm,DEL-GAU,EaseMyTrip,6E,6E-918,2026-10-23,T+45,17129,3760,20889,2026-09-08T21:25:52.629Z,FALSE,"",10:15,FALSE
fare_DEL-GAU_6E_2026-10-23_T+45_1788903777312_7ol1,DEL-GAU,EaseMyTrip,6E,6E-936,2026-10-23,T+45,17129,3760,20889,2026-09-08T21:25:52.629Z,FALSE,"",10:15,FALSE
fare_DEL-GAU_6E_2026-10-23_T+45_1788903777312_shk2,DEL-GAU,EaseMyTrip,6E,6E-746,2026-10-23,T+45,17129,3760,20889,2026-09-08T21:25:52.629Z,FALSE,"",23:30,FALSE
fare_DEL-GAU_6E_2026-10-23_T+45_1788903777312_z1iq,DEL-GAU,EaseMyTrip,6E,6E-115,2026-10-23,T+45,17129,3760,20889,2026-09-08T21:25:52.629Z,FALSE,"",23:30,FALSE
fare_DEL-GAU_6E_2026-10-23_T+45_1788903777312_wy91,DEL-GAU,EaseMyTrip,6E,6E-250,2026-10-23,T+45,17129,3760,20889,2026-09-08T21:25:52.629Z,FALSE,"",08:30,FALSE
fare_DEL-GAU_6E_2026-10-23_T+45_1788903777312_tssg,DEL-GAU,EaseMyTrip,6E,6E-987,2026-10-23,T+45,17129,3760,20889,2026-09-08T21:25:52.629Z,FALSE,"",08:30,FALSE
fare_DEL-GAU_6E_2026-10-23_T+45_1788903777312_96gu,DEL-GAU,EaseMyTrip,6E,6E-559,2026-10-23,T+45,17129,3760,20889,2026-09-08T21:25:52.629Z,FALSE,"",10:15,FALSE
fare_DEL-GAU_6E_2026-10-23_T+45_1788903777312_w6w0,DEL-GAU,EaseMyTrip,6E,6E-506,2026-10-23,T+45,17129,3760,20889,2026-09-08T21:25:52.629Z,FALSE,"",10:15,FALSE
fare_DEL-GAU_6E_2026-10-23_T+45_1788903777312_8rbn,DEL-GAU,EaseMyTrip,6E,6E-183,2026-10-23,T+45,17662,3877,21539,2026-09-08T21:25:52.629Z,FALSE,"",23:30,FALSE
fare_DEL-GAU_6E_2026-10-23_T+45_1788903777312_p6q6,DEL-GAU,EaseMyTrip,6E,6E-739,2026-10-23,T+45,17826,3913,21739,2026-09-08T21:25:52.629Z,FALSE,"",14:25,FALSE
fare_DEL-GAU_6E_2026-10-23_T+45_1788903777312_dq3s,DEL-GAU,EaseMyTrip,6E,6E-167,2026-10-23,T+45,17826,3913,21739,2026-09-08T21:25:52.629Z,FALSE,"",14:25,FALSE
fare_DEL-GAU_AI_2026-10-23_T+45_1788903777312_n0l7,DEL-GAU,EaseMyTrip,AI,AI-1719,2026-10-23,T+45,18648,4094,22742,2026-09-08T21:25:52.629Z,FALSE,"",11:55,FALSE
fare_DEL-GAU_AI_2026-10-23_T+45_1788903777312_7wnp,DEL-GAU,EaseMyTrip,AI,AI-2705,2026-10-23,T+45,19553,4292,23845,2026-09-08T21:25:52.629Z,FALSE,"",07:30,FALSE
fare_DEL-GAU_6E_2026-10-23_T+45_1788903777312_kly6,DEL-GAU,EaseMyTrip,6E,6E-723,2026-10-23,T+45,19589,4300,23889,2026-09-08T21:25:52.629Z,FALSE,"",07:20,FALSE
fare_DEL-GAU_AI_2026-10-23_T+45_1788903777312_o4gp,DEL-GAU,EaseMyTrip,AI,AI-2525,2026-10-23,T+45,20238,4443,24681,2026-09-08T21:25:52.629Z,FALSE,"",06:00,FALSE
fare_DEL-GAU_6E_2026-10-23_T+45_1788903777312_7qyy,DEL-GAU,EaseMyTrip,6E,6E-949,2026-10-23,T+45,20081,4408,24489,2026-09-08T21:25:52.629Z,FALSE,"",12:45,FALSE
fare_DEL-GAU_6E_2026-10-23_T+45_1788903777312_ln7o,DEL-GAU,EaseMyTrip,6E,6E-861,2026-10-23,T+45,20081,4408,24489,2026-09-08T21:25:52.629Z,FALSE,"",12:45,FALSE
fare_DEL-GAU_6E_2026-10-23_T+45_1788903777312_pi2d,DEL-GAU,EaseMyTrip,6E,6E-473,2026-10-23,T+45,20081,4408,24489,2026-09-08T21:25:52.629Z,FALSE,"",12:45,FALSE
fare_DEL-GAU_6E_2026-10-23_T+45_1788903777312_03jo,DEL-GAU,EaseMyTrip,6E,6E-956,2026-10-23,T+45,20081,4408,24489,2026-09-08T21:25:52.629Z,FALSE,"",12:45,FALSE
fare_DEL-GAU_6E_2026-10-23_T+45_1788903777312_zqdi,DEL-GAU,EaseMyTrip,6E,6E-799,2026-10-23,T+45,20081,4408,24489,2026-09-08T21:25:52.629Z,FALSE,"",21:50,FALSE
fare_DEL-GAU_6E_2026-10-23_T+45_1788903777312_z3nd,DEL-GAU,EaseMyTrip,6E,6E-657,2026-10-23,T+45,20081,4408,24489,2026-09-08T21:25:52.629Z,FALSE,"",21:50,FALSE
fare_DEL-GAU_6E_2026-10-23_T+45_1788903777312_ojkr,DEL-GAU,EaseMyTrip,6E,6E-920,2026-10-23,T+45,20081,4408,24489,2026-09-08T21:25:52.629Z,FALSE,"",07:20,FALSE
fare_DEL-GAU_6E_2026-10-23_T+45_1788903777312_ic3o,DEL-GAU,EaseMyTrip,6E,6E-507,2026-10-23,T+45,20081,4408,24489,2026-09-08T21:25:52.629Z,FALSE,"",07:20,FALSE
fare_DEL-GAU_QP_2026-10-23_T+45_1788903777312_wxct,DEL-GAU,EaseMyTrip,QP,QP-1110,2026-10-23,T+45,20228,4440,24668,2026-09-08T21:25:52.629Z,FALSE,"",10:00,FALSE
fare_DEL-GAU_QP_2026-10-23_T+45_1788903777312_is22,DEL-GAU,EaseMyTrip,QP,QP-1119,2026-10-23,T+45,20228,4440,24668,2026-09-08T21:25:52.629Z,FALSE,"",08:40,FALSE
fare_DEL-GAU_QP_2026-10-23_T+45_1788903777312_0ktx,DEL-GAU,EaseMyTrip,QP,QP-1833,2026-10-23,T+45,20228,4440,24668,2026-09-08T21:25:52.629Z,FALSE,"",06:50,FALSE
fare_DEL-GAU_AI_2026-10-23_T+45_1788903777312_cqqc,DEL-GAU,EaseMyTrip,AI,AI-2702,2026-10-23,T+45,20452,4489,24941,2026-09-08T21:25:52.629Z,FALSE,"",02:30,FALSE
fare_DEL-GAU_6E_2026-10-23_T+45_1788903777312_ctpr,DEL-GAU,EaseMyTrip,6E,6E-5191,2026-10-23,T+45,20491,4498,24989,2026-09-08T21:25:52.629Z,FALSE,"",05:00,FALSE
fare_DEL-GAU_AI_2026-10-23_T+45_1788903777312_up2i,DEL-GAU,EaseMyTrip,AI,AI-2757,2026-10-23,T+45,20901,4588,25489,2026-09-08T21:25:52.629Z,FALSE,"",00:15,FALSE
fare_DEL-GAU_6E_2026-10-23_T+45_1788903777312_o27y,DEL-GAU,EaseMyTrip,6E,6E-154,2026-10-23,T+45,20819,4570,25389,2026-09-08T21:25:52.629Z,FALSE,"",07:20,FALSE
fare_DEL-GAU_6E_2026-10-23_T+45_1788903777312_bysn,DEL-GAU,EaseMyTrip,6E,6E-6415,2026-10-23,T+45,20983,4606,25589,2026-09-08T21:25:52.629Z,FALSE,"",16:00,FALSE
fare_DEL-GAU_AI_2026-10-23_T+45_1788903777312_z4qm,DEL-GAU,EaseMyTrip,AI,AI-2653,2026-10-23,T+45,22079,4846,26925,2026-09-08T21:25:52.629Z,FALSE,"",04:30,FALSE
fare_DEL-GAU_AI_2026-10-23_T+45_1788903777312_qzj5,DEL-GAU,EaseMyTrip,AI,AI-2761,2026-10-23,T+45,22662,4974,27636,2026-09-08T21:25:52.629Z,FALSE,"",16:25,FALSE
fare_DEL-GAU_AI_2026-10-23_T+45_1788903777312_r0jh,DEL-GAU,EaseMyTrip,AI,AI-2467,2026-10-23,T+45,23447,5147,28594,2026-09-08T21:25:52.629Z,FALSE,"",10:00,FALSE
fare_DEL-GAU_AI_2026-10-23_T+45_1788903777312_qwcd,DEL-GAU,EaseMyTrip,AI,AI-1714,2026-10-23,T+45,24703,5422,30125,2026-09-08T21:25:52.629Z,FALSE,"",21:00,FALSE
fare_DEL-GAU_AI_2026-10-23_T+45_1788903777312_izl9,DEL-GAU,EaseMyTrip,AI,AI-2535,2026-10-23,T+45,25962,5699,31661,2026-09-08T21:25:52.629Z,FALSE,"",06:40,FALSE
fare_DEL-GAU_AI_2026-10-23_T+45_1788903777312_q2o4,DEL-GAU,EaseMyTrip,AI,AI-2709,2026-10-23,T+45,25962,5699,31661,2026-09-08T21:25:52.629Z,FALSE,"",19:40,FALSE
fare_DEL-GAU_AI_2026-10-23_T+45_1788903777312_yzxs,DEL-GAU,EaseMyTrip,AI,AI-2707,2026-10-23,T+45,25962,5699,31661,2026-09-08T21:25:52.629Z,FALSE,"",18:00,FALSE
fare_DEL-GAU_AI_2026-10-23_T+45_1788903777312_6aec,DEL-GAU,EaseMyTrip,AI,AI-1733,2026-10-23,T+45,25962,5699,31661,2026-09-08T21:25:52.629Z,FALSE,"",16:15,FALSE
fare_DEL-GAU_AI_2026-10-23_T+45_1788903777312_u89x,DEL-GAU,EaseMyTrip,AI,AI-2767,2026-10-23,T+45,25962,5699,31661,2026-09-08T21:25:52.629Z,FALSE,"",13:00,FALSE
fare_DEL-GAU_AI_2026-10-23_T+45_1788903777312_wo4b,DEL-GAU,EaseMyTrip,AI,AI-2835,2026-10-23,T+45,28000,6146,34146,2026-09-08T21:25:52.629Z,FALSE,"",19:30,FALSE
fare_DEL-GAU_AI_2026-10-23_T+45_1788903777312_byo1,DEL-GAU,EaseMyTrip,AI,AI-2837,2026-10-23,T+45,28405,6235,34640,2026-09-08T21:25:52.629Z,FALSE,"",18:00,FALSE
fare_DEL-GAU_AI_2026-10-23_T+45_1788903777312_89qq,DEL-GAU,EaseMyTrip,AI,AI-427,2026-10-23,T+45,33186,7285,40471,2026-09-08T21:25:52.629Z,FALSE,"",08:30,FALSE
fare_DEL-GAU_AI_2026-10-23_T+45_1788903777312_cm2e,DEL-GAU,EaseMyTrip,AI,AI-2815,2026-10-23,T+45,33186,7285,40471,2026-09-08T21:25:52.629Z,FALSE,"",07:00,FALSE
fare_DEL-GAU_AI_2026-10-23_T+45_1788903777312_4twt,DEL-GAU,EaseMyTrip,AI,AI-2803,2026-10-23,T+45,33186,7285,40471,2026-09-08T21:25:52.629Z,FALSE,"",06:30,FALSE
fare_DEL-GAU_AI_2026-10-23_T+45_1788903777312_la9g,DEL-GAU,EaseMyTrip,AI,AI-2409,2026-10-23,T+45,33186,7285,40471,2026-09-08T21:25:52.629Z,FALSE,"",06:00,FALSE
fare_DEL-GAU_AI_2026-10-23_T+45_1788903777312_wz6e,DEL-GAU,EaseMyTrip,AI,AI-2415,2026-10-23,T+45,33599,7375,40974,2026-09-08T21:25:52.629Z,FALSE,"",09:30,FALSE
fare_DEL-GAU_AI_2026-10-23_T+45_1788903777312_b4vo,DEL-GAU,EaseMyTrip,AI,AI-2485,2026-10-23,T+45,34033,7471,41504,2026-09-08T21:25:52.629Z,FALSE,"",10:30,FALSE
fare_DEL-GAU_AI_2026-10-23_T+45_1788903777312_pnki,DEL-GAU,EaseMyTrip,AI,AI-2512,2026-10-23,T+45,34033,7471,41504,2026-09-08T21:25:52.629Z,FALSE,"",19:00,FALSE
fare_DEL-GAU_AI_2026-10-23_T+45_1788903777312_a99v,DEL-GAU,EaseMyTrip,AI,AI-2664,2026-10-23,T+45,34033,7471,41504,2026-09-08T21:25:52.629Z,FALSE,"",15:50,FALSE
fare_DEL-GAU_AI_2026-10-23_T+45_1788903777312_t3zt,DEL-GAU,EaseMyTrip,AI,AI-2809,2026-10-23,T+45,34211,7510,41721,2026-09-08T21:25:52.629Z,FALSE,"",19:30,FALSE
fare_DEL-GAU_AI_2026-10-23_T+45_1788903777312_dorf,DEL-GAU,EaseMyTrip,AI,AI-2813,2026-10-23,T+45,34763,7631,42394,2026-09-08T21:25:52.629Z,FALSE,"",18:00,FALSE
fare_DEL-GAU_AI_2026-10-23_T+45_1788903777312_6ujp,DEL-GAU,EaseMyTrip,AI,AI-2819,2026-10-23,T+45,34956,7673,42629,2026-09-08T21:25:52.629Z,FALSE,"",15:00,FALSE
fare_DEL-GAU_AI_2026-10-23_T+45_1788903777312_90vj,DEL-GAU,EaseMyTrip,AI,AI-2817,2026-10-23,T+45,36095,7923,44018,2026-09-08T21:25:52.629Z,TRUE,"High outlier: ₹44018 > upper fence ₹43602 (Q3: ₹28594, IQR: ₹10005)",16:30,FALSE
fare_DEL-GAU_AI_2026-10-23_T+45_1788903777312_ta91,DEL-GAU,EaseMyTrip,AI,AI-2417,2026-10-23,T+45,36314,7971,44285,2026-09-08T21:25:52.629Z,TRUE,"High outlier: ₹44285 > upper fence ₹43602 (Q3: ₹28594, IQR: ₹10005)",13:00,FALSE
fare_DEL-GAU_QP_2026-09-15_T+7_1788903777313_xplw,DEL-GAU,EaseMyTrip,QP,QP-1112,2026-09-15,T+7,5988,1314,7302,2026-09-08T21:25:34.000Z,FALSE,"",09:20,FALSE
fare_DEL-GAU_QP_2026-09-15_T+7_1788903777313_yf6h,DEL-GAU,EaseMyTrip,QP,QP-1119,2026-09-15,T+7,5988,1314,7302,2026-09-08T21:25:34.000Z,FALSE,"",08:40,FALSE
fare_DEL-GAU_IX_2026-09-15_T+7_1788903777313_ks2o,DEL-GAU,EaseMyTrip,IX,IX-1035,2026-09-15,T+7,6740,1480,8220,2026-09-08T21:25:34.000Z,FALSE,"",08:10,TRUE
fare_DEL-GAU_IX_2026-09-15_T+7_1788903777313_b7yt,DEL-GAU,EaseMyTrip,IX,IX-1041,2026-09-15,T+7,6740,1480,8220,2026-09-08T21:25:34.000Z,FALSE,"",08:45,TRUE
fare_DEL-GAU_IX_2026-09-15_T+7_1788903777313_0m9r,DEL-GAU,EaseMyTrip,IX,IX-1671,2026-09-15,T+7,6740,1480,8220,2026-09-08T21:25:34.000Z,FALSE,"",20:00,TRUE
fare_DEL-GAU_IX_2026-09-15_T+7_1788903777313_ij7r,DEL-GAU,EaseMyTrip,IX,IX-1069,2026-09-15,T+7,6740,1480,8220,2026-09-08T21:25:34.000Z,FALSE,"",10:40,TRUE
fare_DEL-GAU_IX_2026-09-15_T+7_1788903777313_ds7t,DEL-GAU,EaseMyTrip,IX,IX-1032,2026-09-15,T+7,6740,1480,8220,2026-09-08T21:25:34.000Z,FALSE,"",05:45,TRUE
fare_DEL-GAU_IX_2026-09-15_T+7_1788903777313_14oz,DEL-GAU,EaseMyTrip,IX,IX-1085,2026-09-15,T+7,6904,1516,8420,2026-09-08T21:25:34.000Z,FALSE,"",12:55,TRUE
fare_DEL-GAU_6E_2026-09-15_T+7_1788903777313_zw0v,DEL-GAU,EaseMyTrip,6E,6E-6415,2026-09-15,T+7,6715,1474,8189,2026-09-08T21:25:34.000Z,FALSE,"",16:00,FALSE
fare_DEL-GAU_6E_2026-09-15_T+7_1788903777313_4hsv,DEL-GAU,EaseMyTrip,6E,6E-899,2026-09-15,T+7,6715,1474,8189,2026-09-08T21:25:34.000Z,FALSE,"",07:20,FALSE
fare_DEL-GAU_6E_2026-09-15_T+7_1788903777313_o0su,DEL-GAU,EaseMyTrip,6E,6E-566,2026-09-15,T+7,6715,1474,8189,2026-09-08T21:25:34.000Z,FALSE,"",07:20,FALSE
fare_DEL-GAU_6E_2026-09-15_T+7_1788903777313_sd41,DEL-GAU,EaseMyTrip,6E,6E-5191,2026-09-15,T+7,6715,1474,8189,2026-09-08T21:25:34.000Z,FALSE,"",05:00,FALSE
fare_DEL-GAU_6E_2026-09-15_T+7_1788903777313_i8xp,DEL-GAU,EaseMyTrip,6E,6E-845,2026-09-15,T+7,6715,1474,8189,2026-09-08T21:25:34.000Z,FALSE,"",14:25,FALSE
fare_DEL-GAU_6E_2026-09-15_T+7_1788903777313_u4ko,DEL-GAU,EaseMyTrip,6E,6E-766,2026-09-15,T+7,6715,1474,8189,2026-09-08T21:25:34.000Z,FALSE,"",14:25,FALSE
fare_DEL-GAU_6E_2026-09-15_T+7_1788903777313_yy0y,DEL-GAU,EaseMyTrip,6E,6E-273,2026-09-15,T+7,6715,1474,8189,2026-09-08T21:25:34.000Z,FALSE,"",12:45,FALSE
fare_DEL-GAU_6E_2026-09-15_T+7_1788903777313_k1ad,DEL-GAU,EaseMyTrip,6E,6E-208,2026-09-15,T+7,6715,1474,8189,2026-09-08T21:25:34.000Z,FALSE,"",12:45,FALSE
fare_DEL-GAU_6E_2026-09-15_T+7_1788903777313_mnbm,DEL-GAU,EaseMyTrip,6E,6E-500,2026-09-15,T+7,6715,1474,8189,2026-09-08T21:25:34.000Z,FALSE,"",23:30,FALSE
fare_DEL-GAU_6E_2026-09-15_T+7_1788903777313_vgpu,DEL-GAU,EaseMyTrip,6E,6E-308,2026-09-15,T+7,6715,1474,8189,2026-09-08T21:25:34.000Z,FALSE,"",23:30,FALSE
fare_DEL-GAU_6E_2026-09-15_T+7_1788903777313_nymo,DEL-GAU,EaseMyTrip,6E,6E-470,2026-09-15,T+7,6715,1474,8189,2026-09-08T21:25:34.000Z,FALSE,"",10:15,FALSE
fare_DEL-GAU_6E_2026-09-15_T+7_1788903777313_fnom,DEL-GAU,EaseMyTrip,6E,6E-791,2026-09-15,T+7,6715,1474,8189,2026-09-08T21:25:34.000Z,FALSE,"",10:15,FALSE
fare_DEL-GAU_6E_2026-09-15_T+7_1788903777313_bj9r,DEL-GAU,EaseMyTrip,6E,6E-900,2026-09-15,T+7,6715,1474,8189,2026-09-08T21:25:34.000Z,FALSE,"",21:50,FALSE
fare_DEL-GAU_6E_2026-09-15_T+7_1788903777313_d233,DEL-GAU,EaseMyTrip,6E,6E-961,2026-09-15,T+7,6715,1474,8189,2026-09-08T21:25:34.000Z,FALSE,"",21:50,FALSE
fare_DEL-GAU_6E_2026-09-15_T+7_1788903777313_dox7,DEL-GAU,EaseMyTrip,6E,6E-204,2026-09-15,T+7,6715,1474,8189,2026-09-08T21:25:34.000Z,FALSE,"",08:30,FALSE
fare_DEL-GAU_6E_2026-09-15_T+7_1788903777313_eqr2,DEL-GAU,EaseMyTrip,6E,6E-481,2026-09-15,T+7,6715,1474,8189,2026-09-08T21:25:34.000Z,FALSE,"",08:30,FALSE
fare_DEL-GAU_6E_2026-09-15_T+7_1788903777313_ugwt,DEL-GAU,EaseMyTrip,6E,6E-706,2026-09-15,T+7,6715,1474,8189,2026-09-08T21:25:34.000Z,FALSE,"",10:15,FALSE
fare_DEL-GAU_6E_2026-09-15_T+7_1788903777313_w0nz,DEL-GAU,EaseMyTrip,6E,6E-476,2026-09-15,T+7,6715,1474,8189,2026-09-08T21:25:34.000Z,FALSE,"",10:15,FALSE
fare_DEL-GAU_6E_2026-09-15_T+7_1788903777313_6ox5,DEL-GAU,EaseMyTrip,6E,6E-357,2026-09-15,T+7,6715,1474,8189,2026-09-08T21:25:34.000Z,FALSE,"",07:20,FALSE
fare_DEL-GAU_6E_2026-09-15_T+7_1788903777313_igyo,DEL-GAU,EaseMyTrip,6E,6E-544,2026-09-15,T+7,6715,1474,8189,2026-09-08T21:25:34.000Z,FALSE,"",07:20,FALSE
fare_DEL-GAU_6E_2026-09-15_T+7_1788903777313_142n,DEL-GAU,EaseMyTrip,6E,6E-503,2026-09-15,T+7,6715,1474,8189,2026-09-08T21:25:34.000Z,FALSE,"",23:30,FALSE
fare_DEL-GAU_6E_2026-09-15_T+7_1788903777313_pzv4,DEL-GAU,EaseMyTrip,6E,6E-198,2026-09-15,T+7,6715,1474,8189,2026-09-08T21:25:34.000Z,FALSE,"",23:30,FALSE
fare_DEL-GAU_6E_2026-09-15_T+7_1788903777313_kbgo,DEL-GAU,EaseMyTrip,6E,6E-2203,2026-09-15,T+7,6740,1480,8220,2026-09-08T21:25:34.000Z,FALSE,"",04:45,TRUE
fare_DEL-GAU_6E_2026-09-15_T+7_1788903777313_kirl,DEL-GAU,EaseMyTrip,6E,6E-5215,2026-09-15,T+7,6740,1480,8220,2026-09-08T21:25:34.000Z,FALSE,"",07:45,TRUE
fare_DEL-GAU_6E_2026-09-15_T+7_1788903777313_t00o,DEL-GAU,EaseMyTrip,6E,6E-5041,2026-09-15,T+7,6740,1480,8220,2026-09-08T21:25:34.000Z,FALSE,"",15:10,TRUE
fare_DEL-GAU_6E_2026-09-15_T+7_1788903777313_uspx,DEL-GAU,EaseMyTrip,6E,6E-6048,2026-09-15,T+7,6740,1480,8220,2026-09-08T21:25:34.000Z,FALSE,"",20:00,TRUE
fare_DEL-GAU_AI_2026-09-15_T+7_1788903777313_lotg,DEL-GAU,EaseMyTrip,AI,AI-879,2026-09-15,T+7,6904,1516,8420,2026-09-08T21:25:34.000Z,FALSE,"",06:40,TRUE
fare_DEL-GAU_AI_2026-09-15_T+7_1788903777313_wde1,DEL-GAU,EaseMyTrip,AI,AI-1755,2026-09-15,T+7,7109,1561,8670,2026-09-08T21:25:34.000Z,FALSE,"",14:30,TRUE
fare_DEL-GAU_6E_2026-09-15_T+7_1788903777313_l7ac,DEL-GAU,EaseMyTrip,6E,6E-643,2026-09-15,T+7,7214,1584,8798,2026-09-08T21:25:34.000Z,FALSE,"",12:45,FALSE
fare_DEL-GAU_6E_2026-09-15_T+7_1788903777313_t2va,DEL-GAU,EaseMyTrip,6E,6E-147,2026-09-15,T+7,7214,1584,8798,2026-09-08T21:25:34.000Z,FALSE,"",12:45,FALSE
fare_DEL-GAU_AI_2026-09-15_T+7_1788903777313_dgfw,DEL-GAU,EaseMyTrip,AI,AI-1719,2026-09-15,T+7,7437,1632,9069,2026-09-08T21:25:34.000Z,FALSE,"",11:55,FALSE
fare_DEL-GAU_IX_2026-09-15_T+7_1788903777313_gu9a,DEL-GAU,EaseMyTrip,IX,IX-1461,2026-09-15,T+7,10049,2206,12255,2026-09-08T21:25:34.000Z,FALSE,"",05:35,FALSE
fare_DEL-GAU_AI_2026-09-15_T+7_1788903777313_hz4g,DEL-GAU,EaseMyTrip,AI,AI-2535,2026-09-15,T+7,10575,2321,12896,2026-09-08T21:25:34.000Z,FALSE,"",06:40,FALSE
fare_DEL-GAU_AI_2026-09-15_T+7_1788903777313_w85p,DEL-GAU,EaseMyTrip,AI,AI-2702,2026-09-15,T+7,10575,2321,12896,2026-09-08T21:25:34.000Z,FALSE,"",02:30,FALSE
fare_DEL-GAU_AI_2026-09-15_T+7_1788903777313_ek14,DEL-GAU,EaseMyTrip,AI,AI-1714,2026-09-15,T+7,10575,2321,12896,2026-09-08T21:25:34.000Z,FALSE,"",21:00,FALSE
fare_DEL-GAU_AI_2026-09-15_T+7_1788903777313_zyjt,DEL-GAU,EaseMyTrip,AI,AI-2707,2026-09-15,T+7,10575,2321,12896,2026-09-08T21:25:34.000Z,FALSE,"",18:00,FALSE
fare_DEL-GAU_AI_2026-09-15_T+7_1788903777313_iccv,DEL-GAU,EaseMyTrip,AI,AI-1733,2026-09-15,T+7,10575,2321,12896,2026-09-08T21:25:34.000Z,FALSE,"",16:15,FALSE
fare_DEL-GAU_AI_2026-09-15_T+7_1788903777313_zmex,DEL-GAU,EaseMyTrip,AI,AI-2705,2026-09-15,T+7,10704,2350,13054,2026-09-08T21:25:34.000Z,FALSE,"",07:30,FALSE
fare_DEL-GAU_AI_2026-09-15_T+7_1788903777313_k4om,DEL-GAU,EaseMyTrip,AI,AI-2767,2026-09-15,T+7,10704,2350,13054,2026-09-08T21:25:34.000Z,FALSE,"",13:00,FALSE
fare_DEL-GAU_AI_2026-09-15_T+7_1788903777313_iemy,DEL-GAU,EaseMyTrip,AI,AI-1791,2026-09-15,T+7,10704,2350,13054,2026-09-08T21:25:34.000Z,FALSE,"",09:55,FALSE
fare_DEL-GAU_AI_2026-09-15_T+7_1788903777313_3i39,DEL-GAU,EaseMyTrip,AI,AI-2709,2026-09-15,T+7,10914,2396,13310,2026-09-08T21:25:34.000Z,FALSE,"",19:40,FALSE
fare_DEL-GAU_QP_2026-09-15_T+7_1788903777313_fmgz,DEL-GAU,EaseMyTrip,QP,QP-1812,2026-09-15,T+7,11283,2477,13760,2026-09-08T21:25:34.000Z,FALSE,"",22:55,FALSE
fare_DEL-GAU_AI_2026-09-15_T+7_1788903777313_f1y1,DEL-GAU,EaseMyTrip,AI,AI-2757,2026-09-15,T+7,14261,3130,17391,2026-09-08T21:25:34.000Z,FALSE,"",00:15,FALSE
fare_DEL-GAU_AI_2026-09-15_T+7_1788903777313_udbv,DEL-GAU,EaseMyTrip,AI,AI-2409,2026-09-15,T+7,14261,3130,17391,2026-09-08T21:25:34.000Z,FALSE,"",06:00,FALSE
fare_DEL-GAU_AI_2026-09-15_T+7_1788903777313_81jg,DEL-GAU,EaseMyTrip,AI,AI-2467,2026-09-15,T+7,14381,3157,17538,2026-09-08T21:25:34.000Z,FALSE,"",10:00,FALSE
fare_DEL-GAU_AI_2026-09-15_T+7_1788903777313_wl9g,DEL-GAU,EaseMyTrip,AI,AI-2833,2026-09-15,T+7,14381,3157,17538,2026-09-08T21:25:34.000Z,FALSE,"",07:30,FALSE
fare_DEL-GAU_AI_2026-09-15_T+7_1788903777313_0lz4,DEL-GAU,EaseMyTrip,AI,AI-2803,2026-09-15,T+7,14465,3175,17640,2026-09-08T21:25:34.000Z,FALSE,"",06:30,FALSE
fare_DEL-GAU_AI_2026-09-15_T+7_1788903777313_ccy8,DEL-GAU,EaseMyTrip,AI,AI-2653,2026-09-15,T+7,14465,3175,17640,2026-09-08T21:25:34.000Z,FALSE,"",04:30,FALSE
fare_DEL-GAU_AI_2026-09-15_T+7_1788903777313_2jjb,DEL-GAU,EaseMyTrip,AI,AI-2809,2026-09-15,T+7,14834,3256,18090,2026-09-08T21:25:34.000Z,FALSE,"",19:30,FALSE
fare_DEL-GAU_AI_2026-09-15_T+7_1788903777313_8bxd,DEL-GAU,EaseMyTrip,AI,AI-2664,2026-09-15,T+7,14834,3256,18090,2026-09-08T21:25:34.000Z,FALSE,"",15:50,FALSE
fare_DEL-GAU_AI_2026-09-15_T+7_1788903777313_16wb,DEL-GAU,EaseMyTrip,AI,AI-427,2026-09-15,T+7,15072,3309,18381,2026-09-08T21:25:34.000Z,FALSE,"",08:30,FALSE
fare_DEL-GAU_AI_2026-09-15_T+7_1788903777313_v9ox,DEL-GAU,EaseMyTrip,AI,AI-2512,2026-09-15,T+7,15441,3390,18831,2026-09-08T21:25:34.000Z,FALSE,"",19:00,FALSE
fare_DEL-GAU_AI_2026-09-15_T+7_1788903777313_dx85,DEL-GAU,EaseMyTrip,AI,AI-2433,2026-09-15,T+7,15580,3420,19000,2026-09-08T21:25:34.000Z,FALSE,"",21:30,FALSE
fare_DEL-GAU_AI_2026-09-15_T+7_1788903777313_7z7c,DEL-GAU,EaseMyTrip,AI,AI-2943,2026-09-15,T+7,15580,3420,19000,2026-09-08T21:25:34.000Z,FALSE,"",07:30,FALSE
fare_DEL-GAU_AI_2026-09-15_T+7_1788903777313_yvhi,DEL-GAU,EaseMyTrip,AI,AI-2815,2026-09-15,T+7,15877,3485,19362,2026-09-08T21:25:34.000Z,FALSE,"",07:00,FALSE
fare_DEL-GAU_AI_2026-09-15_T+7_1788903777313_rgeh,DEL-GAU,EaseMyTrip,AI,AI-2525,2026-09-15,T+7,16196,3555,19751,2026-09-08T21:25:34.000Z,FALSE,"",06:00,FALSE
fare_DEL-GAU_AI_2026-09-15_T+7_1788903777313_612c,DEL-GAU,EaseMyTrip,AI,AI-2819,2026-09-15,T+7,16416,3603,20019,2026-09-08T21:25:34.000Z,FALSE,"",15:00,FALSE
fare_DEL-GAU_AI_2026-09-15_T+7_1788903777313_yvtn,DEL-GAU,EaseMyTrip,AI,AI-2415,2026-09-15,T+7,17234,3783,21017,2026-09-08T21:25:34.000Z,FALSE,"",09:30,FALSE
fare_DEL-GAU_AI_2026-09-15_T+7_1788903777313_6153,DEL-GAU,EaseMyTrip,AI,AI-2485,2026-09-15,T+7,18373,4033,22406,2026-09-08T21:25:34.000Z,FALSE,"",10:30,FALSE
fare_DEL-GAU_AI_2026-09-15_T+7_1788903777313_80wm,DEL-GAU,EaseMyTrip,AI,AI-2817,2026-09-15,T+7,18742,4114,22856,2026-09-08T21:25:34.000Z,FALSE,"",16:30,FALSE
fare_DEL-GAU_AI_2026-09-15_T+7_1788903777313_60fk,DEL-GAU,EaseMyTrip,AI,AI-2417,2026-09-15,T+7,18961,4162,23123,2026-09-08T21:25:34.000Z,FALSE,"",13:00,FALSE
fare_DEL-GAU_AI_2026-09-15_T+7_1788903777313_elej,DEL-GAU,EaseMyTrip,AI,AI-2487,2026-09-15,T+7,20831,4573,25404,2026-09-08T21:25:34.000Z,FALSE,"",18:30,FALSE
fare_DEL-IXC_6E_2026-09-23_T+15_1788903777313_x543,DEL-IXC,EaseMyTrip,6E,6E-6050,2026-09-23,T+15,3731,819,4550,2026-09-08T21:27:39.631Z,TRUE,"Low outlier: ₹4550 < lower fence ₹12292 (Q1: ₹14300, IQR: ₹1339)",08:15,TRUE
fare_DEL-IXC_AI_2026-09-23_T+15_1788903777313_91a9,DEL-IXC,EaseMyTrip,AI,AI-1742,2026-09-23,T+15,3944,866,4810,2026-09-08T21:27:39.631Z,TRUE,"Low outlier: ₹4810 < lower fence ₹12292 (Q1: ₹14300, IQR: ₹1339)",20:00,TRUE
fare_DEL-IXC_AI_2026-09-23_T+15_1788903777313_6knn,DEL-IXC,EaseMyTrip,AI,AI-1743,2026-09-23,T+15,3944,866,4810,2026-09-08T21:27:39.631Z,TRUE,"Low outlier: ₹4810 < lower fence ₹12292 (Q1: ₹14300, IQR: ₹1339)",06:20,TRUE
fare_DEL-IXC_AI_2026-09-23_T+15_1788903777313_b9ge,DEL-IXC,EaseMyTrip,AI,AI-2532,2026-09-23,T+15,3944,866,4810,2026-09-08T21:27:39.631Z,TRUE,"Low outlier: ₹4810 < lower fence ₹12292 (Q1: ₹14300, IQR: ₹1339)",11:20,TRUE
fare_DEL-IXC_6E_2026-09-23_T+15_1788903777313_vxhl,DEL-IXC,EaseMyTrip,6E,6E-5038,2026-09-23,T+15,4085,897,4982,2026-09-08T21:27:39.631Z,TRUE,"Low outlier: ₹4982 < lower fence ₹12292 (Q1: ₹14300, IQR: ₹1339)",14:00,TRUE
fare_DEL-IXC_AI_2026-09-23_T+15_1788903777313_6jlr,DEL-IXC,EaseMyTrip,AI,AI-2706,2026-09-23,T+15,4279,939,5218,2026-09-08T21:27:39.631Z,TRUE,"Low outlier: ₹5218 < lower fence ₹12292 (Q1: ₹14300, IQR: ₹1339)",14:10,TRUE
fare_DEL-IXC_6E_2026-09-23_T+15_1788903777313_v3iz,DEL-IXC,EaseMyTrip,6E,6E-6632,2026-09-23,T+15,4257,935,5192,2026-09-08T21:27:39.631Z,TRUE,"Low outlier: ₹5192 < lower fence ₹12292 (Q1: ₹14300, IQR: ₹1339)",17:50,TRUE
fare_DEL-IXC_AI_2026-09-23_T+15_1788903777313_bwj4,DEL-IXC,EaseMyTrip,AI,AI-2601,2026-09-23,T+15,4427,972,5399,2026-09-08T21:27:39.631Z,TRUE,"Low outlier: ₹5399 < lower fence ₹12292 (Q1: ₹14300, IQR: ₹1339)",17:00,TRUE
fare_DEL-IXC_AI_2026-09-23_T+15_1788903777313_70fb,DEL-IXC,EaseMyTrip,AI,AI-1735,2026-09-23,T+15,11386,2499,13885,2026-09-08T21:27:39.631Z,FALSE,"",13:00,FALSE
fare_DEL-IXC_AI_2026-09-23_T+15_1788903777313_31vj,DEL-IXC,EaseMyTrip,AI,AI-9486,2026-09-23,T+15,11707,2570,14277,2026-09-08T21:27:39.631Z,FALSE,"",05:35,FALSE
fare_DEL-IXC_AI_2026-09-23_T+15_1788903777313_4j2h,DEL-IXC,EaseMyTrip,AI,AI-2609,2026-09-23,T+15,11782,2586,14368,2026-09-08T21:27:39.631Z,FALSE,"",23:50,FALSE
fare_DEL-IXC_AI_2026-09-23_T+15_1788903777313_pd97,DEL-IXC,EaseMyTrip,AI,AI-1730,2026-09-23,T+15,11782,2586,14368,2026-09-08T21:27:39.631Z,FALSE,"",19:10,FALSE
fare_DEL-IXC_AI_2026-09-23_T+15_1788903777313_se4m,DEL-IXC,EaseMyTrip,AI,AI-2547,2026-09-23,T+15,11782,2586,14368,2026-09-08T21:27:39.631Z,FALSE,"",17:40,FALSE
fare_DEL-IXC_AI_2026-09-23_T+15_1788903777313_j1zq,DEL-IXC,EaseMyTrip,AI,AI-1745,2026-09-23,T+15,11833,2597,14430,2026-09-08T21:27:39.631Z,FALSE,"",05:00,FALSE
fare_DEL-IXC_AI_2026-09-23_T+15_1788903777313_nrqi,DEL-IXC,EaseMyTrip,AI,AI-2945,2026-09-23,T+15,12054,2646,14700,2026-09-08T21:27:39.631Z,FALSE,"",11:00,FALSE
fare_DEL-IXC_AI_2026-09-23_T+15_1788903777313_zg5v,DEL-IXC,EaseMyTrip,AI,AI-2425,2026-09-23,T+15,12054,2646,14700,2026-09-08T21:27:39.631Z,FALSE,"",10:30,FALSE
fare_DEL-IXC_AI_2026-09-23_T+15_1788903777313_6cp2,DEL-IXC,EaseMyTrip,AI,AI-1785,2026-09-23,T+15,12054,2646,14700,2026-09-08T21:27:39.631Z,FALSE,"",12:00,FALSE
fare_DEL-IXC_AI_2026-09-23_T+15_1788903777313_9m25,DEL-IXC,EaseMyTrip,AI,AI-2995,2026-09-23,T+15,12054,2646,14700,2026-09-08T21:27:39.631Z,FALSE,"",10:00,FALSE
fare_DEL-IXC_AI_2026-09-23_T+15_1788903777313_clfd,DEL-IXC,EaseMyTrip,AI,AI-2927,2026-09-23,T+15,12054,2646,14700,2026-09-08T21:27:39.631Z,FALSE,"",09:30,FALSE
fare_DEL-IXC_AI_2026-09-23_T+15_1788903777313_sto0,DEL-IXC,EaseMyTrip,AI,AI-2963,2026-09-23,T+15,12054,2646,14700,2026-09-08T21:27:39.631Z,FALSE,"",09:00,FALSE
fare_DEL-IXC_AI_2026-09-23_T+15_1788903777313_p8go,DEL-IXC,EaseMyTrip,AI,AI-2678,2026-09-23,T+15,12054,2646,14700,2026-09-08T21:27:39.631Z,FALSE,"",08:30,FALSE
fare_DEL-IXC_AI_2026-09-23_T+15_1788903777313_k9nk,DEL-IXC,EaseMyTrip,AI,AI-2975,2026-09-23,T+15,12184,2674,14858,2026-09-08T21:27:39.631Z,FALSE,"",06:30,FALSE
fare_DEL-IXC_AI_2026-09-23_T+15_1788903777313_86d5,DEL-IXC,EaseMyTrip,AI,AI-2971,2026-09-23,T+15,12331,2707,15038,2026-09-08T21:27:39.631Z,FALSE,"",16:00,FALSE
fare_DEL-IXC_AI_2026-09-23_T+15_1788903777313_xvqo,DEL-IXC,EaseMyTrip,AI,AI-2943,2026-09-23,T+15,12356,2712,15068,2026-09-08T21:27:39.631Z,FALSE,"",07:30,FALSE
fare_DEL-IXC_AI_2026-09-23_T+15_1788903777313_vtg4,DEL-IXC,EaseMyTrip,AI,AI-2429,2026-09-23,T+15,12356,2712,15068,2026-09-08T21:27:39.631Z,FALSE,"",07:00,FALSE
fare_DEL-IXC_AI_2026-09-23_T+15_1788903777313_0dau,DEL-IXC,EaseMyTrip,AI,AI-2973,2026-09-23,T+15,12392,2720,15112,2026-09-08T21:27:39.631Z,FALSE,"",20:50,FALSE
fare_DEL-IXC_AI_2026-09-23_T+15_1788903777313_21ur,DEL-IXC,EaseMyTrip,AI,AI-2951,2026-09-23,T+15,12571,2759,15330,2026-09-08T21:27:39.631Z,FALSE,"",13:30,FALSE
fare_DEL-IXC_AI_2026-09-23_T+15_1788903777313_m939,DEL-IXC,EaseMyTrip,AI,AI-441,2026-09-23,T+15,12597,2765,15362,2026-09-08T21:27:39.631Z,FALSE,"",17:00,FALSE
fare_DEL-IXC_AI_2026-09-23_T+15_1788903777313_i4q0,DEL-IXC,EaseMyTrip,AI,AI-2433,2026-09-23,T+15,12899,2832,15731,2026-09-08T21:27:39.631Z,FALSE,"",21:30,FALSE
fare_DEL-IXC_AI_2026-09-23_T+15_1788903777313_fcj1,DEL-IXC,EaseMyTrip,AI,AI-2981,2026-09-23,T+15,12899,2832,15731,2026-09-08T21:27:39.631Z,FALSE,"",21:00,FALSE
fare_DEL-IXC_AI_2026-09-23_T+15_1788903777313_ul84,DEL-IXC,EaseMyTrip,AI,AI-2957,2026-09-23,T+15,12899,2832,15731,2026-09-08T21:27:39.631Z,FALSE,"",20:30,FALSE
fare_DEL-IXC_AI_2026-09-23_T+15_1788903777313_avj2,DEL-IXC,EaseMyTrip,AI,AI-2985,2026-09-23,T+15,12899,2832,15731,2026-09-08T21:27:39.631Z,FALSE,"",19:30,FALSE
fare_DEL-IXC_AI_2026-09-23_T+15_1788903777313_hzfp,DEL-IXC,EaseMyTrip,AI,AI-2805,2026-09-23,T+15,12917,2835,15752,2026-09-08T21:27:39.631Z,FALSE,"",20:00,FALSE
fare_DEL-IXC_AI_2026-09-23_T+15_1788903777313_u91y,DEL-IXC,EaseMyTrip,AI,AI-2977,2026-09-23,T+15,13068,2869,15937,2026-09-08T21:27:39.631Z,FALSE,"",19:00,FALSE
fare_DEL-IXC_AI_2026-09-23_T+15_1788903777313_zisk,DEL-IXC,EaseMyTrip,AI,AI-2955,2026-09-23,T+15,13068,2869,15937,2026-09-08T21:27:39.631Z,FALSE,"",18:00,FALSE
fare_DEL-IXC_AI_2026-09-23_T+15_1788903777313_fv9h,DEL-IXC,EaseMyTrip,AI,AI-2941,2026-09-23,T+15,14878,3266,18144,2026-09-08T21:27:39.631Z,TRUE,"High outlier: ₹18144 > upper fence ₹17648 (Q3: ₹15639, IQR: ₹1339)",16:30,FALSE
fare_DEL-IXC_AI_2026-09-23_T+15_1788903777313_yk3j,DEL-IXC,EaseMyTrip,AI,AI-1777,2026-09-23,T+15,14878,3266,18144,2026-09-08T21:27:39.631Z,TRUE,"High outlier: ₹18144 > upper fence ₹17648 (Q3: ₹15639, IQR: ₹1339)",16:00,FALSE
fare_DEL-IXC_AI_2026-09-23_T+15_1788903777313_54l3,DEL-IXC,EaseMyTrip,AI,AI-2933,2026-09-23,T+15,14878,3266,18144,2026-09-08T21:27:39.631Z,TRUE,"High outlier: ₹18144 > upper fence ₹17648 (Q3: ₹15639, IQR: ₹1339)",15:30,FALSE
fare_DEL-IXC_6E_2026-10-08_T+30_1788903777313_a7y0,DEL-IXC,EaseMyTrip,6E,6E-6050,2026-10-08,T+30,4279,939,5218,2026-09-08T21:27:45.905Z,TRUE,"Low outlier: ₹5218 < lower fence ₹12872 (Q1: ₹14769, IQR: ₹1265)",08:15,TRUE
fare_DEL-IXC_6E_2026-10-08_T+30_1788903777313_p5oc,DEL-IXC,EaseMyTrip,6E,6E-6632,2026-10-08,T+30,4430,972,5402,2026-09-08T21:27:45.905Z,TRUE,"Low outlier: ₹5402 < lower fence ₹12872 (Q1: ₹14769, IQR: ₹1265)",17:50,TRUE
fare_DEL-IXC_6E_2026-10-08_T+30_1788903777313_qeux,DEL-IXC,EaseMyTrip,6E,6E-5038,2026-10-08,T+30,4430,972,5402,2026-09-08T21:27:45.905Z,TRUE,"Low outlier: ₹5402 < lower fence ₹12872 (Q1: ₹14769, IQR: ₹1265)",14:00,TRUE
fare_DEL-IXC_AI_2026-10-08_T+30_1788903777313_bfwp,DEL-IXC,EaseMyTrip,AI,AI-1743,2026-10-08,T+30,4599,1010,5609,2026-09-08T21:27:45.905Z,TRUE,"Low outlier: ₹5609 < lower fence ₹12872 (Q1: ₹14769, IQR: ₹1265)",06:15,TRUE
fare_DEL-IXC_AI_2026-10-08_T+30_1788903777313_wiym,DEL-IXC,EaseMyTrip,AI,AI-2532,2026-10-08,T+30,5073,1114,6187,2026-09-08T21:27:45.905Z,TRUE,"Low outlier: ₹6187 < lower fence ₹12872 (Q1: ₹14769, IQR: ₹1265)",11:20,TRUE
fare_DEL-IXC_AI_2026-10-08_T+30_1788903777313_qbcz,DEL-IXC,EaseMyTrip,AI,AI-1742,2026-10-08,T+30,5410,1187,6597,2026-09-08T21:27:45.905Z,TRUE,"Low outlier: ₹6597 < lower fence ₹12872 (Q1: ₹14769, IQR: ₹1265)",20:00,TRUE
fare_DEL-IXC_AI_2026-10-08_T+30_1788903777313_dbf8,DEL-IXC,EaseMyTrip,AI,AI-2601,2026-10-08,T+30,5845,1283,7128,2026-09-08T21:27:45.905Z,TRUE,"Low outlier: ₹7128 < lower fence ₹12872 (Q1: ₹14769, IQR: ₹1265)",17:00,TRUE
fare_DEL-IXC_AI_2026-10-08_T+30_1788903777313_udaq,DEL-IXC,EaseMyTrip,AI,AI-2706,2026-10-08,T+30,6581,1445,8026,2026-09-08T21:27:45.905Z,TRUE,"Low outlier: ₹8026 < lower fence ₹12872 (Q1: ₹14769, IQR: ₹1265)",14:10,TRUE
fare_DEL-IXC_6E_2026-10-08_T+30_1788903777313_f7hy,DEL-IXC,EaseMyTrip,6E,6E-7671,2026-10-08,T+30,10453,2295,12748,2026-09-08T21:27:45.905Z,TRUE,"Low outlier: ₹12748 < lower fence ₹12872 (Q1: ₹14769, IQR: ₹1265)",09:55,FALSE
fare_DEL-IXC_6E_2026-10-08_T+30_1788903777313_42cv,DEL-IXC,EaseMyTrip,6E,6E-7483,2026-10-08,T+30,11811,2593,14404,2026-09-08T21:27:45.905Z,FALSE,"",07:20,FALSE
fare_DEL-IXC_AI_2026-10-08_T+30_1788903777313_3ov3,DEL-IXC,EaseMyTrip,AI,AI-2469,2026-10-08,T+30,12032,2641,14673,2026-09-08T21:27:45.905Z,FALSE,"",04:45,FALSE
fare_DEL-IXC_AI_2026-10-08_T+30_1788903777313_eln0,DEL-IXC,EaseMyTrip,AI,AI-1735,2026-10-08,T+30,12188,2676,14864,2026-09-08T21:27:45.905Z,FALSE,"",13:00,FALSE
fare_DEL-IXC_AI_2026-10-08_T+30_1788903777313_i11v,DEL-IXC,EaseMyTrip,AI,AI-1797,2026-10-08,T+30,12428,2728,15156,2026-09-08T21:27:45.905Z,FALSE,"",05:45,FALSE
fare_DEL-IXC_AI_2026-10-08_T+30_1788903777313_6clv,DEL-IXC,EaseMyTrip,AI,AI-9486,2026-10-08,T+30,12475,2739,15214,2026-09-08T21:27:45.905Z,FALSE,"",17:50,FALSE
fare_DEL-IXC_AI_2026-10-08_T+30_1788903777313_yk9c,DEL-IXC,EaseMyTrip,AI,AI-2439,2026-10-08,T+30,12678,2783,15461,2026-09-08T21:27:45.905Z,FALSE,"",23:00,FALSE
fare_DEL-IXC_AI_2026-10-08_T+30_1788903777313_wif0,DEL-IXC,EaseMyTrip,AI,AI-9484,2026-10-08,T+30,12778,2805,15583,2026-09-08T21:27:45.905Z,FALSE,"",23:25,FALSE
fare_DEL-IXC_AI_2026-10-08_T+30_1788903777313_9znq,DEL-IXC,EaseMyTrip,AI,AI-2945,2026-10-08,T+30,12866,2824,15690,2026-09-08T21:27:45.905Z,FALSE,"",11:00,FALSE
fare_DEL-IXC_AI_2026-10-08_T+30_1788903777313_xevq,DEL-IXC,EaseMyTrip,AI,AI-2425,2026-10-08,T+30,12866,2824,15690,2026-09-08T21:27:45.905Z,FALSE,"",10:30,FALSE
fare_DEL-IXC_AI_2026-10-08_T+30_1788903777313_fvcv,DEL-IXC,EaseMyTrip,AI,AI-2995,2026-10-08,T+30,12866,2824,15690,2026-09-08T21:27:45.905Z,FALSE,"",10:00,FALSE
fare_DEL-IXC_AI_2026-10-08_T+30_1788903777313_lg4c,DEL-IXC,EaseMyTrip,AI,AI-2927,2026-10-08,T+30,12866,2824,15690,2026-09-08T21:27:45.905Z,FALSE,"",09:30,FALSE
fare_DEL-IXC_AI_2026-10-08_T+30_1788903777313_uxho,DEL-IXC,EaseMyTrip,AI,AI-2963,2026-10-08,T+30,12866,2824,15690,2026-09-08T21:27:45.905Z,FALSE,"",09:00,FALSE
fare_DEL-IXC_AI_2026-10-08_T+30_1788903777313_f6sp,DEL-IXC,EaseMyTrip,AI,AI-2678,2026-10-08,T+30,12866,2824,15690,2026-09-08T21:27:45.905Z,FALSE,"",08:30,FALSE
fare_DEL-IXC_AI_2026-10-08_T+30_1788903777313_pbw1,DEL-IXC,EaseMyTrip,AI,AI-441,2026-10-08,T+30,12866,2824,15690,2026-09-08T21:27:45.905Z,FALSE,"",17:00,FALSE
fare_DEL-IXC_AI_2026-10-08_T+30_1788903777313_jim5,DEL-IXC,EaseMyTrip,AI,AI-2933,2026-10-08,T+30,12866,2824,15690,2026-09-08T21:27:45.905Z,FALSE,"",15:30,FALSE
fare_DEL-IXC_AI_2026-10-08_T+30_1788903777313_gkr2,DEL-IXC,EaseMyTrip,AI,AI-1777,2026-10-08,T+30,12866,2824,15690,2026-09-08T21:27:45.905Z,FALSE,"",16:00,FALSE
fare_DEL-IXC_AI_2026-10-08_T+30_1788903777313_gzlc,DEL-IXC,EaseMyTrip,AI,AI-2441,2026-10-08,T+30,12866,2824,15690,2026-09-08T21:27:45.905Z,FALSE,"",14:10,FALSE
fare_DEL-IXC_AI_2026-10-08_T+30_1788903777313_75fx,DEL-IXC,EaseMyTrip,AI,AI-2951,2026-10-08,T+30,12866,2824,15690,2026-09-08T21:27:45.905Z,FALSE,"",13:30,FALSE
fare_DEL-IXC_AI_2026-10-08_T+30_1788903777313_3scj,DEL-IXC,EaseMyTrip,AI,AI-1785,2026-10-08,T+30,12866,2824,15690,2026-09-08T21:27:45.905Z,FALSE,"",12:00,FALSE
fare_DEL-IXC_AI_2026-10-08_T+30_1788903777313_yiwn,DEL-IXC,EaseMyTrip,AI,AI-2981,2026-10-08,T+30,12976,2848,15824,2026-09-08T21:27:45.905Z,FALSE,"",21:00,FALSE
fare_DEL-IXC_AI_2026-10-08_T+30_1788903777313_ldly,DEL-IXC,EaseMyTrip,AI,AI-2957,2026-10-08,T+30,12976,2848,15824,2026-09-08T21:27:45.905Z,FALSE,"",20:30,FALSE
fare_DEL-IXC_AI_2026-10-08_T+30_1788903777313_xrqi,DEL-IXC,EaseMyTrip,AI,AI-2975,2026-10-08,T+30,12996,2853,15849,2026-09-08T21:27:45.905Z,FALSE,"",06:30,FALSE
fare_DEL-IXC_AI_2026-10-08_T+30_1788903777313_ollb,DEL-IXC,EaseMyTrip,AI,AI-2433,2026-10-08,T+30,13127,2882,16009,2026-09-08T21:27:45.905Z,FALSE,"",21:30,FALSE
fare_DEL-IXC_AI_2026-10-08_T+30_1788903777313_4uym,DEL-IXC,EaseMyTrip,AI,AI-2943,2026-10-08,T+30,13168,2891,16059,2026-09-08T21:27:45.905Z,FALSE,"",07:30,FALSE
fare_DEL-IXC_AI_2026-10-08_T+30_1788903777313_dp02,DEL-IXC,EaseMyTrip,AI,AI-2429,2026-10-08,T+30,13168,2891,16059,2026-09-08T21:27:45.905Z,FALSE,"",07:00,FALSE
fare_DEL-IXC_AI_2026-10-08_T+30_1788903777313_qash,DEL-IXC,EaseMyTrip,AI,AI-2999,2026-10-08,T+30,13168,2891,16059,2026-09-08T21:27:45.905Z,FALSE,"",22:00,FALSE
fare_DEL-IXC_AI_2026-10-08_T+30_1788903777313_wvek,DEL-IXC,EaseMyTrip,AI,AI-2805,2026-10-08,T+30,13177,2893,16070,2026-09-08T21:27:45.905Z,FALSE,"",20:00,FALSE
fare_DEL-IXC_AI_2026-10-08_T+30_1788903777313_ex5k,DEL-IXC,EaseMyTrip,AI,AI-2547,2026-10-08,T+30,14648,3216,17864,2026-09-08T21:27:45.905Z,FALSE,"",17:40,FALSE
fare_DEL-IXC_AI_2026-10-08_T+30_1788903777313_dcxr,DEL-IXC,EaseMyTrip,AI,AI-2971,2026-10-08,T+30,14805,3250,18055,2026-09-08T21:27:45.905Z,TRUE,"High outlier: ₹18055 > upper fence ₹17932 (Q3: ₹16034, IQR: ₹1265)",16:00,FALSE
fare_DEL-IXC_AI_2026-10-08_T+30_1788903777313_1ilh,DEL-IXC,EaseMyTrip,AI,AI-1730,2026-10-08,T+30,14883,3267,18150,2026-09-08T21:27:45.905Z,TRUE,"High outlier: ₹18150 > upper fence ₹17932 (Q3: ₹16034, IQR: ₹1265)",19:10,FALSE
fare_DEL-IXC_AI_2026-10-08_T+30_1788903777313_c3tb,DEL-IXC,EaseMyTrip,AI,AI-1745,2026-10-08,T+30,15316,3362,18678,2026-09-08T21:27:45.905Z,TRUE,"High outlier: ₹18678 > upper fence ₹17932 (Q3: ₹16034, IQR: ₹1265)",05:00,FALSE
fare_DEL-IXC_AI_2026-10-08_T+30_1788903777313_ibxh,DEL-IXC,EaseMyTrip,AI,AI-2973,2026-10-08,T+30,15643,3434,19077,2026-09-08T21:27:45.905Z,TRUE,"High outlier: ₹19077 > upper fence ₹17932 (Q3: ₹16034, IQR: ₹1265)",20:50,FALSE
fare_DEL-IXC_AI_2026-10-08_T+30_1788903777313_ruwu,DEL-IXC,EaseMyTrip,AI,AI-2959,2026-10-08,T+30,17407,3821,21228,2026-09-08T21:27:45.905Z,TRUE,"High outlier: ₹21228 > upper fence ₹17932 (Q3: ₹16034, IQR: ₹1265)",07:10,FALSE
fare_DEL-IXC_AI_2026-10-08_T+30_1788903777313_ob1x,DEL-IXC,EaseMyTrip,AI,AI-817,2026-10-08,T+30,17684,3882,21566,2026-09-08T21:27:45.905Z,TRUE,"High outlier: ₹21566 > upper fence ₹17932 (Q3: ₹16034, IQR: ₹1265)",05:55,FALSE
fare_DEL-IXC_6E_2026-10-23_T+45_1788903777314_82fe,DEL-IXC,EaseMyTrip,6E,6E-791,2026-10-23,T+45,2262,496,2758,2026-09-08T21:27:51.915Z,TRUE,"Low outlier: ₹2758 < lower fence ₹6949 (Q1: ₹13607, IQR: ₹4439)",07:50,TRUE
fare_DEL-IXC_6E_2026-10-23_T+45_1788903777314_dtjd,DEL-IXC,EaseMyTrip,6E,6E-808,2026-10-23,T+45,2262,496,2758,2026-09-08T21:27:51.915Z,TRUE,"Low outlier: ₹2758 < lower fence ₹6949 (Q1: ₹13607, IQR: ₹4439)",07:50,TRUE
fare_DEL-IXC_6E_2026-10-23_T+45_1788903777314_sg3c,DEL-IXC,EaseMyTrip,6E,6E-7655,2026-10-23,T+45,3936,864,4800,2026-09-08T21:27:51.915Z,TRUE,"Low outlier: ₹4800 < lower fence ₹6949 (Q1: ₹13607, IQR: ₹4439)",06:10,TRUE
fare_DEL-IXC_6E_2026-10-23_T+45_1788903777314_1v32,DEL-IXC,EaseMyTrip,6E,6E-6050,2026-10-23,T+45,4430,972,5402,2026-09-08T21:27:51.915Z,TRUE,"Low outlier: ₹5402 < lower fence ₹6949 (Q1: ₹13607, IQR: ₹4439)",08:15,TRUE
fare_DEL-IXC_6E_2026-10-23_T+45_1788903777314_zv0k,DEL-IXC,EaseMyTrip,6E,6E-6632,2026-10-23,T+45,4430,972,5402,2026-09-08T21:27:51.915Z,TRUE,"Low outlier: ₹5402 < lower fence ₹6949 (Q1: ₹13607, IQR: ₹4439)",17:50,TRUE
fare_DEL-IXC_6E_2026-10-23_T+45_1788903777314_3w71,DEL-IXC,EaseMyTrip,6E,6E-5038,2026-10-23,T+45,4602,1010,5612,2026-09-08T21:27:51.915Z,TRUE,"Low outlier: ₹5612 < lower fence ₹6949 (Q1: ₹13607, IQR: ₹4439)",14:00,TRUE
fare_DEL-IXC_AI_2026-10-23_T+45_1788903777314_3x1a,DEL-IXC,EaseMyTrip,AI,AI-1743,2026-10-23,T+45,5073,1114,6187,2026-09-08T21:27:51.915Z,TRUE,"Low outlier: ₹6187 < lower fence ₹6949 (Q1: ₹13607, IQR: ₹4439)",06:15,TRUE
fare_DEL-IXC_AI_2026-10-23_T+45_1788903777314_none,DEL-IXC,EaseMyTrip,AI,AI-2532,2026-10-23,T+45,5410,1187,6597,2026-09-08T21:27:51.915Z,TRUE,"Low outlier: ₹6597 < lower fence ₹6949 (Q1: ₹13607, IQR: ₹4439)",11:20,TRUE
fare_DEL-IXC_AI_2026-10-23_T+45_1788903777314_691x,DEL-IXC,EaseMyTrip,AI,AI-1742,2026-10-23,T+45,5845,1283,7128,2026-09-08T21:27:51.915Z,FALSE,"",20:00,TRUE
fare_DEL-IXC_AI_2026-10-23_T+45_1788903777314_2o4y,DEL-IXC,EaseMyTrip,AI,AI-2706,2026-10-23,T+45,6581,1445,8026,2026-09-08T21:27:51.915Z,FALSE,"",14:10,TRUE
fare_DEL-IXC_AI_2026-10-23_T+45_1788903777314_0yho,DEL-IXC,EaseMyTrip,AI,AI-2601,2026-10-23,T+45,6581,1445,8026,2026-09-08T21:27:51.915Z,FALSE,"",17:00,TRUE
fare_DEL-IXC_AI_2026-10-23_T+45_1788903777314_r11g,DEL-IXC,EaseMyTrip,AI,AI-2454,2026-10-23,T+45,11158,2449,13607,2026-09-08T21:27:51.915Z,FALSE,"",08:00,FALSE
fare_DEL-IXC_AI_2026-10-23_T+45_1788903777314_k198,DEL-IXC,EaseMyTrip,AI,AI-2951,2026-10-23,T+45,13075,2870,15945,2026-09-08T21:27:51.915Z,FALSE,"",13:30,FALSE
fare_DEL-IXC_AI_2026-10-23_T+45_1788903777314_d2s8,DEL-IXC,EaseMyTrip,AI,AI-2945,2026-10-23,T+45,13075,2870,15945,2026-09-08T21:27:51.915Z,FALSE,"",11:00,FALSE
fare_DEL-IXC_AI_2026-10-23_T+45_1788903777314_vt7x,DEL-IXC,EaseMyTrip,AI,AI-2425,2026-10-23,T+45,13075,2870,15945,2026-09-08T21:27:51.915Z,FALSE,"",10:30,FALSE
fare_DEL-IXC_AI_2026-10-23_T+45_1788903777314_fqhe,DEL-IXC,EaseMyTrip,AI,AI-2995,2026-10-23,T+45,13075,2870,15945,2026-09-08T21:27:51.915Z,FALSE,"",10:00,FALSE
fare_DEL-IXC_AI_2026-10-23_T+45_1788903777314_x919,DEL-IXC,EaseMyTrip,AI,AI-2927,2026-10-23,T+45,13075,2870,15945,2026-09-08T21:27:51.915Z,FALSE,"",09:30,FALSE
fare_DEL-IXC_AI_2026-10-23_T+45_1788903777314_ive9,DEL-IXC,EaseMyTrip,AI,AI-2678,2026-10-23,T+45,13075,2870,15945,2026-09-08T21:27:51.915Z,FALSE,"",08:30,FALSE
fare_DEL-IXC_AI_2026-10-23_T+45_1788903777314_3hpm,DEL-IXC,EaseMyTrip,AI,AI-2975,2026-10-23,T+45,13075,2870,15945,2026-09-08T21:27:51.915Z,FALSE,"",06:30,FALSE
fare_DEL-IXC_AI_2026-10-23_T+45_1788903777314_j02c,DEL-IXC,EaseMyTrip,AI,AI-1745,2026-10-23,T+45,13075,2870,15945,2026-09-08T21:27:51.915Z,FALSE,"",05:00,FALSE
fare_DEL-IXC_AI_2026-10-23_T+45_1788903777314_qip3,DEL-IXC,EaseMyTrip,AI,AI-1785,2026-10-23,T+45,13229,2904,16133,2026-09-08T21:27:51.915Z,FALSE,"",12:00,FALSE
fare_DEL-IXC_AI_2026-10-23_T+45_1788903777314_2kwz,DEL-IXC,EaseMyTrip,AI,AI-2943,2026-10-23,T+45,13229,2904,16133,2026-09-08T21:27:51.915Z,FALSE,"",07:30,FALSE
fare_DEL-IXC_AI_2026-10-23_T+45_1788903777314_vhqh,DEL-IXC,EaseMyTrip,AI,AI-2429,2026-10-23,T+45,13445,2951,16396,2026-09-08T21:27:51.915Z,FALSE,"",07:00,FALSE
fare_DEL-IXC_AI_2026-10-23_T+45_1788903777314_tfad,DEL-IXC,EaseMyTrip,AI,AI-2439,2026-10-23,T+45,13728,3013,16741,2026-09-08T21:27:51.915Z,FALSE,"",23:00,FALSE
fare_DEL-IXC_AI_2026-10-23_T+45_1788903777314_1q1j,DEL-IXC,EaseMyTrip,AI,AI-2433,2026-10-23,T+45,13779,3025,16804,2026-09-08T21:27:51.915Z,FALSE,"",21:30,FALSE
fare_DEL-IXC_AI_2026-10-23_T+45_1788903777314_9nhv,DEL-IXC,EaseMyTrip,AI,AI-2985,2026-10-23,T+45,14045,3083,17128,2026-09-08T21:27:51.915Z,FALSE,"",19:30,FALSE
fare_DEL-IXC_AI_2026-10-23_T+45_1788903777314_hw4y,DEL-IXC,EaseMyTrip,AI,AI-2957,2026-10-23,T+45,14116,3099,17215,2026-09-08T21:27:51.915Z,FALSE,"",20:30,FALSE
fare_DEL-IXC_AI_2026-10-23_T+45_1788903777314_3z3z,DEL-IXC,EaseMyTrip,AI,AI-2805,2026-10-23,T+45,14116,3099,17215,2026-09-08T21:27:51.915Z,FALSE,"",20:00,FALSE
fare_DEL-IXC_AI_2026-10-23_T+45_1788903777314_q2xz,DEL-IXC,EaseMyTrip,AI,AI-2981,2026-10-23,T+45,14171,3111,17282,2026-09-08T21:27:51.915Z,FALSE,"",21:00,FALSE
fare_DEL-IXC_AI_2026-10-23_T+45_1788903777314_y30l,DEL-IXC,EaseMyTrip,AI,AI-9484,2026-10-23,T+45,14212,3120,17332,2026-09-08T21:27:51.915Z,FALSE,"",23:25,FALSE
fare_DEL-IXC_AI_2026-10-23_T+45_1788903777314_sxgl,DEL-IXC,EaseMyTrip,AI,AI-9486,2026-10-23,T+45,14212,3120,17332,2026-09-08T21:27:51.915Z,FALSE,"",17:50,FALSE
fare_DEL-IXC_AI_2026-10-23_T+45_1788903777314_ogco,DEL-IXC,EaseMyTrip,AI,AI-2977,2026-10-23,T+45,14281,3135,17416,2026-09-08T21:27:51.915Z,FALSE,"",19:00,FALSE
fare_DEL-IXC_AI_2026-10-23_T+45_1788903777314_nic8,DEL-IXC,EaseMyTrip,AI,AI-2955,2026-10-23,T+45,14281,3135,17416,2026-09-08T21:27:51.915Z,FALSE,"",18:00,FALSE
fare_DEL-IXC_AI_2026-10-23_T+45_1788903777314_f2mg,DEL-IXC,EaseMyTrip,AI,AI-2547,2026-10-23,T+45,14798,3248,18046,2026-09-08T21:27:51.915Z,FALSE,"",17:40,FALSE
fare_DEL-IXC_AI_2026-10-23_T+45_1788903777314_oa0j,DEL-IXC,EaseMyTrip,AI,AI-1735,2026-10-23,T+45,14995,3292,18287,2026-09-08T21:27:51.915Z,FALSE,"",13:00,FALSE
fare_DEL-IXC_AI_2026-10-23_T+45_1788903777314_48vr,DEL-IXC,EaseMyTrip,AI,AI-2973,2026-10-23,T+45,15127,3320,18447,2026-09-08T21:27:51.915Z,FALSE,"",20:50,FALSE
fare_DEL-IXC_AI_2026-10-23_T+45_1788903777314_pavd,DEL-IXC,EaseMyTrip,AI,AI-2609,2026-10-23,T+45,15495,3401,18896,2026-09-08T21:27:51.915Z,FALSE,"",23:50,FALSE
fare_DEL-IXC_AI_2026-10-23_T+45_1788903777314_6w7v,DEL-IXC,EaseMyTrip,AI,AI-2971,2026-10-23,T+45,15640,3433,19073,2026-09-08T21:27:51.915Z,FALSE,"",16:00,FALSE
fare_DEL-IXC_AI_2026-10-23_T+45_1788903777314_7n2y,DEL-IXC,EaseMyTrip,AI,AI-1730,2026-10-23,T+45,15712,3449,19161,2026-09-08T21:27:51.915Z,FALSE,"",19:10,FALSE
fare_DEL-IXC_AI_2026-10-23_T+45_1788903777314_7r98,DEL-IXC,EaseMyTrip,AI,AI-441,2026-10-23,T+45,18776,4122,22898,2026-09-08T21:27:51.915Z,FALSE,"",17:00,FALSE
fare_DEL-IXC_AI_2026-10-23_T+45_1788903777314_f479,DEL-IXC,EaseMyTrip,AI,AI-2933,2026-10-23,T+45,18776,4122,22898,2026-09-08T21:27:51.915Z,FALSE,"",15:30,FALSE
fare_DEL-IXC_AI_2026-10-23_T+45_1788903777314_6rnq,DEL-IXC,EaseMyTrip,AI,AI-1777,2026-10-23,T+45,18776,4122,22898,2026-09-08T21:27:51.915Z,FALSE,"",16:00,FALSE
fare_DEL-IXC_AI_2026-10-23_T+45_1788903777314_w2fs,DEL-IXC,EaseMyTrip,AI,AI-2441,2026-10-23,T+45,18776,4122,22898,2026-09-08T21:27:51.915Z,FALSE,"",14:10,FALSE
fare_DEL-IXC_6E_2026-10-23_T+45_1788903777314_vrr5,DEL-IXC,EaseMyTrip,6E,6E-7483,2026-10-23,T+45,18959,4162,23121,2026-09-08T21:27:51.915Z,FALSE,"",07:20,FALSE
fare_DEL-IXC_6E_2026-10-23_T+45_1788903777314_dvx0,DEL-IXC,EaseMyTrip,6E,6E-7671,2026-10-23,T+45,20686,4541,25227,2026-09-08T21:27:51.915Z,TRUE,"High outlier: ₹25227 > upper fence ₹24705 (Q3: ₹18046, IQR: ₹4439)",09:55,FALSE
fare_DEL-PAT_IX_2026-09-23_T+15_1788903777314_12zy,DEL-PAT,EaseMyTrip,IX,IX-1510,2026-09-23,T+15,5269,1156,6425,2026-09-08T21:26:40.957Z,FALSE,"",11:15,TRUE
fare_DEL-PAT_IX_2026-09-23_T+15_1788903777314_mu8n,DEL-PAT,EaseMyTrip,IX,IX-1346,2026-09-23,T+15,5269,1156,6425,2026-09-08T21:26:40.957Z,FALSE,"",06:10,TRUE
fare_DEL-PAT_IX_2026-09-23_T+15_1788903777314_lzk7,DEL-PAT,EaseMyTrip,IX,IX-1825,2026-09-23,T+15,5269,1156,6425,2026-09-08T21:26:40.957Z,FALSE,"",14:40,TRUE
fare_DEL-PAT_IX_2026-09-23_T+15_1788903777314_5buq,DEL-PAT,EaseMyTrip,IX,IX-1197,2026-09-23,T+15,5269,1156,6425,2026-09-08T21:26:40.957Z,FALSE,"",18:55,TRUE
fare_DEL-PAT_6E_2026-09-23_T+15_1788903777316_w6l6,DEL-PAT,EaseMyTrip,6E,6E-5206,2026-09-23,T+15,5030,1104,6134,2026-09-08T21:26:40.957Z,FALSE,"",13:20,FALSE
fare_DEL-PAT_SG_2026-09-23_T+15_1788903777316_xhpc,DEL-PAT,EaseMyTrip,SG,SG-2473,2026-09-23,T+15,5337,1172,6509,2026-09-08T21:26:40.957Z,FALSE,"",19:00,TRUE
fare_DEL-PAT_6E_2026-09-23_T+15_1788903777316_miv4,DEL-PAT,EaseMyTrip,6E,6E-6245,2026-09-23,T+15,5269,1157,6426,2026-09-08T21:26:40.957Z,FALSE,"",06:20,TRUE
fare_DEL-PAT_6E_2026-09-23_T+15_1788903777316_gmf8,DEL-PAT,EaseMyTrip,6E,6E-6236,2026-09-23,T+15,5269,1157,6426,2026-09-08T21:26:40.957Z,FALSE,"",16:20,TRUE
fare_DEL-PAT_6E_2026-09-23_T+15_1788903777316_uzdx,DEL-PAT,EaseMyTrip,6E,6E-6370,2026-09-23,T+15,5310,1165,6475,2026-09-08T21:26:40.957Z,FALSE,"",06:40,FALSE
fare_DEL-PAT_AI_2026-09-23_T+15_1788903777316_h78k,DEL-PAT,EaseMyTrip,AI,AI-1749,2026-09-23,T+15,5569,1222,6791,2026-09-08T21:26:40.957Z,FALSE,"",08:00,TRUE
fare_DEL-PAT_AI_2026-09-23_T+15_1788903777316_sccp,DEL-PAT,EaseMyTrip,AI,AI-2645,2026-09-23,T+15,5569,1222,6791,2026-09-08T21:26:40.957Z,FALSE,"",13:05,TRUE
fare_DEL-PAT_AI_2026-09-23_T+15_1788903777316_awgk,DEL-PAT,EaseMyTrip,AI,AI-2549,2026-09-23,T+15,5569,1222,6791,2026-09-08T21:26:40.957Z,FALSE,"",16:45,TRUE
fare_DEL-PAT_6E_2026-09-23_T+15_1788903777316_vinz,DEL-PAT,EaseMyTrip,6E,6E-2453,2026-09-23,T+15,5442,1194,6636,2026-09-08T21:26:40.957Z,FALSE,"",13:35,TRUE
fare_DEL-PAT_6E_2026-09-23_T+15_1788903777316_j1ac,DEL-PAT,EaseMyTrip,6E,6E-2482,2026-09-23,T+15,5442,1194,6636,2026-09-08T21:26:40.957Z,FALSE,"",19:55,TRUE
fare_DEL-PAT_6E_2026-09-23_T+15_1788903777316_oj2x,DEL-PAT,EaseMyTrip,6E,6E-2373,2026-09-23,T+15,5700,1251,6951,2026-09-08T21:26:40.957Z,FALSE,"",11:10,TRUE
fare_DEL-PAT_6E_2026-09-23_T+15_1788903777316_4ea4,DEL-PAT,EaseMyTrip,6E,6E-6497,2026-09-23,T+15,6389,1402,7791,2026-09-08T21:26:40.957Z,FALSE,"",18:40,TRUE
fare_DEL-PAT_AI_2026-09-23_T+15_1788903777316_459z,DEL-PAT,EaseMyTrip,AI,AI-2909,2026-09-23,T+15,10779,2366,13145,2026-09-08T21:26:40.957Z,FALSE,"",22:30,FALSE
fare_DEL-PAT_AI_2026-09-23_T+15_1788903777316_inip,DEL-PAT,EaseMyTrip,AI,AI-2545,2026-09-23,T+15,11123,2442,13565,2026-09-08T21:26:40.957Z,FALSE,"",20:30,FALSE
fare_DEL-PAT_AI_2026-09-23_T+15_1788903777316_zqx2,DEL-PAT,EaseMyTrip,AI,AI-531,2026-09-23,T+15,11123,2442,13565,2026-09-08T21:26:40.957Z,FALSE,"",19:20,FALSE
fare_DEL-PAT_AI_2026-09-23_T+15_1788903777316_jxxc,DEL-PAT,EaseMyTrip,AI,AI-2439,2026-09-23,T+15,11888,2610,14498,2026-09-08T21:26:40.957Z,FALSE,"",23:00,FALSE
fare_DEL-PAT_AI_2026-09-23_T+15_1788903777316_v9q1,DEL-PAT,EaseMyTrip,AI,AI-9484,2026-09-23,T+15,11984,2631,14615,2026-09-08T21:26:40.957Z,FALSE,"",23:25,FALSE
fare_DEL-PAT_AI_2026-09-23_T+15_1788903777316_179w,DEL-PAT,EaseMyTrip,AI,AI-441,2026-09-23,T+15,12110,2658,14768,2026-09-08T21:26:40.957Z,FALSE,"",17:00,FALSE
fare_DEL-PAT_AI_2026-09-23_T+15_1788903777316_h3xu,DEL-PAT,EaseMyTrip,AI,AI-2941,2026-09-23,T+15,12110,2658,14768,2026-09-08T21:26:40.957Z,FALSE,"",16:30,FALSE
fare_DEL-PAT_AI_2026-09-23_T+15_1788903777316_1wbt,DEL-PAT,EaseMyTrip,AI,AI-1780,2026-09-23,T+15,12110,2658,14768,2026-09-08T21:26:40.957Z,FALSE,"",16:10,FALSE
fare_DEL-PAT_AI_2026-09-23_T+15_1788903777316_v7mb,DEL-PAT,EaseMyTrip,AI,AI-1777,2026-09-23,T+15,12110,2658,14768,2026-09-08T21:26:40.957Z,FALSE,"",16:00,FALSE
fare_DEL-PAT_AI_2026-09-23_T+15_1788903777316_rd9l,DEL-PAT,EaseMyTrip,AI,AI-2933,2026-09-23,T+15,12110,2658,14768,2026-09-08T21:26:40.957Z,FALSE,"",15:30,FALSE
fare_DEL-PAT_AI_2026-09-23_T+15_1788903777316_mw2w,DEL-PAT,EaseMyTrip,AI,AI-1785,2026-09-23,T+15,12110,2658,14768,2026-09-08T21:26:40.957Z,FALSE,"",12:00,FALSE
fare_DEL-PAT_AI_2026-09-23_T+15_1788903777316_pxnp,DEL-PAT,EaseMyTrip,AI,AI-2945,2026-09-23,T+15,12110,2658,14768,2026-09-08T21:26:40.957Z,FALSE,"",11:00,FALSE
fare_DEL-PAT_AI_2026-09-23_T+15_1788903777316_onv5,DEL-PAT,EaseMyTrip,AI,AI-2425,2026-09-23,T+15,12110,2658,14768,2026-09-08T21:26:40.957Z,FALSE,"",10:30,FALSE
fare_DEL-PAT_AI_2026-09-23_T+15_1788903777316_e9h5,DEL-PAT,EaseMyTrip,AI,AI-2995,2026-09-23,T+15,12110,2658,14768,2026-09-08T21:26:40.957Z,FALSE,"",10:00,FALSE
fare_DEL-PAT_AI_2026-09-23_T+15_1788903777316_7t09,DEL-PAT,EaseMyTrip,AI,AI-9486,2026-09-23,T+15,12243,2687,14930,2026-09-08T21:26:40.957Z,FALSE,"",05:35,FALSE
fare_DEL-PAT_AI_2026-09-23_T+15_1788903777316_8hac,DEL-PAT,EaseMyTrip,AI,AI-1745,2026-09-23,T+15,12368,2715,15083,2026-09-08T21:26:40.957Z,FALSE,"",05:00,FALSE
fare_DEL-PAT_AI_2026-09-23_T+15_1788903777316_yvhm,DEL-PAT,EaseMyTrip,AI,AI-2433,2026-09-23,T+15,12412,2725,15137,2026-09-08T21:26:40.957Z,FALSE,"",21:30,FALSE
fare_DEL-PAT_AI_2026-09-23_T+15_1788903777316_2pzs,DEL-PAT,EaseMyTrip,AI,AI-2981,2026-09-23,T+15,12412,2725,15137,2026-09-08T21:26:40.957Z,FALSE,"",21:00,FALSE
fare_DEL-PAT_AI_2026-09-23_T+15_1788903777316_4n6i,DEL-PAT,EaseMyTrip,AI,AI-2957,2026-09-23,T+15,12412,2725,15137,2026-09-08T21:26:40.957Z,FALSE,"",20:30,FALSE
fare_DEL-PAT_AI_2026-09-23_T+15_1788903777316_ce8a,DEL-PAT,EaseMyTrip,AI,AI-2985,2026-09-23,T+15,12412,2725,15137,2026-09-08T21:26:40.957Z,FALSE,"",19:30,FALSE
fare_DEL-PAT_AI_2026-09-23_T+15_1788903777316_8n36,DEL-PAT,EaseMyTrip,AI,AI-2805,2026-09-23,T+15,12613,2769,15382,2026-09-08T21:26:40.957Z,FALSE,"",20:00,FALSE
fare_DEL-PAT_AI_2026-09-23_T+15_1788903777316_qnme,DEL-PAT,EaseMyTrip,AI,AI-2951,2026-09-23,T+15,12626,2772,15398,2026-09-08T21:26:40.957Z,FALSE,"",13:30,FALSE
fare_DEL-PAT_AI_2026-09-23_T+15_1788903777316_kz80,DEL-PAT,EaseMyTrip,AI,AI-2975,2026-09-23,T+15,12720,2792,15512,2026-09-08T21:26:40.957Z,FALSE,"",06:30,FALSE
fare_DEL-PAT_AI_2026-09-23_T+15_1788903777316_p0y9,DEL-PAT,EaseMyTrip,AI,AI-2977,2026-09-23,T+15,12765,2802,15567,2026-09-08T21:26:40.957Z,FALSE,"",19:00,FALSE
fare_DEL-PAT_AI_2026-09-23_T+15_1788903777316_plt9,DEL-PAT,EaseMyTrip,AI,AI-2955,2026-09-23,T+15,12765,2802,15567,2026-09-08T21:26:40.957Z,FALSE,"",18:00,FALSE
fare_DEL-PAT_AI_2026-09-23_T+15_1788903777316_f7ps,DEL-PAT,EaseMyTrip,AI,AI-2943,2026-09-23,T+15,12892,2830,15722,2026-09-08T21:26:40.957Z,FALSE,"",07:30,FALSE
fare_DEL-PAT_AI_2026-09-23_T+15_1788903777316_d338,DEL-PAT,EaseMyTrip,AI,AI-2429,2026-09-23,T+15,12892,2830,15722,2026-09-08T21:26:40.957Z,FALSE,"",07:00,FALSE
fare_DEL-PAT_AI_2026-09-23_T+15_1788903777316_l15t,DEL-PAT,EaseMyTrip,AI,AI-2803,2026-09-23,T+15,14214,3120,17334,2026-09-08T21:26:40.957Z,FALSE,"",06:30,FALSE
fare_DEL-PAT_AI_2026-09-23_T+15_1788903777316_roco,DEL-PAT,EaseMyTrip,AI,AI-2409,2026-09-23,T+15,14214,3120,17334,2026-09-08T21:26:40.957Z,FALSE,"",06:00,FALSE
fare_DEL-PAT_AI_2026-09-23_T+15_1788903777316_7yba,DEL-PAT,EaseMyTrip,AI,AI-2653,2026-09-23,T+15,14214,3120,17334,2026-09-08T21:26:40.957Z,FALSE,"",04:30,FALSE
fare_DEL-PAT_AI_2026-09-23_T+15_1788903777316_t1qi,DEL-PAT,EaseMyTrip,AI,AI-2757,2026-09-23,T+15,14214,3120,17334,2026-09-08T21:26:40.957Z,FALSE,"",00:15,FALSE
fare_DEL-PAT_AI_2026-09-23_T+15_1788903777316_4q9n,DEL-PAT,EaseMyTrip,AI,AI-2817,2026-09-23,T+15,14734,3234,17968,2026-09-08T21:26:40.957Z,FALSE,"",16:30,FALSE
fare_DEL-PAT_AI_2026-09-23_T+15_1788903777316_p5g3,DEL-PAT,EaseMyTrip,AI,AI-2809,2026-09-23,T+15,15194,3335,18529,2026-09-08T21:26:40.957Z,FALSE,"",19:30,FALSE
fare_DEL-PAT_AI_2026-09-23_T+15_1788903777316_x4hc,DEL-PAT,EaseMyTrip,AI,AI-2512,2026-09-23,T+15,15194,3335,18529,2026-09-08T21:26:40.957Z,FALSE,"",19:00,FALSE
fare_DEL-PAT_AI_2026-09-23_T+15_1788903777316_ghwy,DEL-PAT,EaseMyTrip,AI,AI-2487,2026-09-23,T+15,15194,3335,18529,2026-09-08T21:26:40.957Z,FALSE,"",18:30,FALSE
fare_DEL-PAT_AI_2026-09-23_T+15_1788903777316_v2yi,DEL-PAT,EaseMyTrip,AI,AI-9418,2026-09-23,T+15,16707,3667,20374,2026-09-08T21:26:40.957Z,FALSE,"",13:10,FALSE
fare_DEL-PAT_AI_2026-09-23_T+15_1788903777316_aebc,DEL-PAT,EaseMyTrip,AI,AI-2515,2026-09-23,T+15,19060,4184,23244,2026-09-08T21:26:40.957Z,FALSE,"",12:10,FALSE
fare_DEL-PAT_SG_2026-10-08_T+30_1788903777317_3z3u,DEL-PAT,EaseMyTrip,SG,SG-2473,2026-10-08,T+30,5034,1105,6139,2026-09-08T21:26:47.018Z,FALSE,"",19:00,TRUE
fare_DEL-PAT_6E_2026-10-08_T+30_1788903777317_7t0q,DEL-PAT,EaseMyTrip,6E,6E-2319,2026-10-08,T+30,4966,1090,6056,2026-09-08T21:26:47.018Z,FALSE,"",09:55,FALSE
fare_DEL-PAT_IX_2026-10-08_T+30_1788903777317_z5h5,DEL-PAT,EaseMyTrip,IX,IX-1825,2026-10-08,T+30,5269,1156,6425,2026-09-08T21:26:47.018Z,FALSE,"",14:50,TRUE
fare_DEL-PAT_IX_2026-10-08_T+30_1788903777317_tvzo,DEL-PAT,EaseMyTrip,IX,IX-1510,2026-10-08,T+30,5269,1156,6425,2026-09-08T21:26:47.018Z,FALSE,"",11:15,TRUE
fare_DEL-PAT_IX_2026-10-08_T+30_1788903777317_qnwe,DEL-PAT,EaseMyTrip,IX,IX-1346,2026-10-08,T+30,5269,1156,6425,2026-09-08T21:26:47.018Z,FALSE,"",06:10,TRUE
fare_DEL-PAT_IX_2026-10-08_T+30_1788903777317_jnjq,DEL-PAT,EaseMyTrip,IX,IX-1197,2026-10-08,T+30,5269,1156,6425,2026-09-08T21:26:47.018Z,FALSE,"",19:00,TRUE
fare_DEL-PAT_6E_2026-10-08_T+30_1788903777317_tdac,DEL-PAT,EaseMyTrip,6E,6E-2113,2026-10-08,T+30,5030,1104,6134,2026-09-08T21:26:47.018Z,FALSE,"",13:20,FALSE
fare_DEL-PAT_6E_2026-10-08_T+30_1788903777317_9jr2,DEL-PAT,EaseMyTrip,6E,6E-2147,2026-10-08,T+30,5030,1104,6134,2026-09-08T21:26:47.018Z,FALSE,"",11:10,FALSE
fare_DEL-PAT_6E_2026-10-08_T+30_1788903777317_tjys,DEL-PAT,EaseMyTrip,6E,6E-6245,2026-10-08,T+30,5269,1157,6426,2026-09-08T21:26:47.018Z,FALSE,"",06:20,TRUE
fare_DEL-PAT_6E_2026-10-08_T+30_1788903777317_f0q7,DEL-PAT,EaseMyTrip,6E,6E-2453,2026-10-08,T+30,5269,1157,6426,2026-09-08T21:26:47.018Z,FALSE,"",13:35,TRUE
fare_DEL-PAT_6E_2026-10-08_T+30_1788903777317_mx3f,DEL-PAT,EaseMyTrip,6E,6E-6236,2026-10-08,T+30,5269,1157,6426,2026-09-08T21:26:47.018Z,FALSE,"",16:20,TRUE
fare_DEL-PAT_6E_2026-10-08_T+30_1788903777317_vfvg,DEL-PAT,EaseMyTrip,6E,6E-6370,2026-10-08,T+30,5310,1165,6475,2026-09-08T21:26:47.018Z,FALSE,"",06:40,FALSE
fare_DEL-PAT_AI_2026-10-08_T+30_1788903777317_iajs,DEL-PAT,EaseMyTrip,AI,AI-2645,2026-10-08,T+30,5569,1222,6791,2026-09-08T21:26:47.018Z,FALSE,"",13:05,TRUE
fare_DEL-PAT_AI_2026-10-08_T+30_1788903777317_tuog,DEL-PAT,EaseMyTrip,AI,AI-2549,2026-10-08,T+30,5569,1222,6791,2026-09-08T21:26:47.018Z,FALSE,"",16:45,TRUE
fare_DEL-PAT_6E_2026-10-08_T+30_1788903777317_f47w,DEL-PAT,EaseMyTrip,6E,6E-2769,2026-10-08,T+30,5442,1194,6636,2026-09-08T21:26:47.018Z,FALSE,"",08:10,TRUE
fare_DEL-PAT_6E_2026-10-08_T+30_1788903777317_fc6u,DEL-PAT,EaseMyTrip,6E,6E-2373,2026-10-08,T+30,5442,1194,6636,2026-09-08T21:26:47.018Z,FALSE,"",11:10,TRUE
fare_DEL-PAT_6E_2026-10-08_T+30_1788903777317_k0tf,DEL-PAT,EaseMyTrip,6E,6E-2482,2026-10-08,T+30,5700,1251,6951,2026-09-08T21:26:47.018Z,FALSE,"",19:55,TRUE
fare_DEL-PAT_AI_2026-10-08_T+30_1788903777317_u9oj,DEL-PAT,EaseMyTrip,AI,AI-1749,2026-10-08,T+30,5889,1293,7182,2026-09-08T21:26:47.018Z,FALSE,"",08:40,TRUE
fare_DEL-PAT_6E_2026-10-08_T+30_1788903777317_0js4,DEL-PAT,EaseMyTrip,6E,6E-6497,2026-10-08,T+30,6044,1327,7371,2026-09-08T21:26:47.018Z,FALSE,"",18:40,TRUE
fare_DEL-PAT_AI_2026-10-08_T+30_1788903777317_ed8o,DEL-PAT,EaseMyTrip,AI,AI-2715,2026-10-08,T+30,11256,2471,13727,2026-09-08T21:26:47.018Z,FALSE,"",11:40,FALSE
fare_DEL-PAT_AI_2026-10-08_T+30_1788903777317_yukn,DEL-PAT,EaseMyTrip,AI,AI-423,2026-10-08,T+30,11428,2509,13937,2026-09-08T21:26:47.018Z,FALSE,"",09:50,FALSE
fare_DEL-PAT_AI_2026-10-08_T+30_1788903777317_fvye,DEL-PAT,EaseMyTrip,AI,AI-2959,2026-10-08,T+30,11428,2509,13937,2026-09-08T21:26:47.018Z,FALSE,"",07:10,FALSE
fare_DEL-PAT_AI_2026-10-08_T+30_1788903777317_jgbc,DEL-PAT,EaseMyTrip,AI,AI-817,2026-10-08,T+30,11462,2516,13978,2026-09-08T21:26:47.018Z,FALSE,"",05:55,FALSE
fare_DEL-PAT_AI_2026-10-08_T+30_1788903777317_h7qw,DEL-PAT,EaseMyTrip,AI,AI-9486,2026-10-08,T+30,11941,2621,14562,2026-09-08T21:26:47.018Z,FALSE,"",17:50,FALSE
fare_DEL-PAT_AI_2026-10-08_T+30_1788903777317_se5p,DEL-PAT,EaseMyTrip,AI,AI-441,2026-10-08,T+30,12110,2658,14768,2026-09-08T21:26:47.018Z,FALSE,"",17:00,FALSE
fare_DEL-PAT_AI_2026-10-08_T+30_1788903777317_5un7,DEL-PAT,EaseMyTrip,AI,AI-2933,2026-10-08,T+30,12110,2658,14768,2026-09-08T21:26:47.018Z,FALSE,"",15:30,FALSE
fare_DEL-PAT_AI_2026-10-08_T+30_1788903777317_pbaz,DEL-PAT,EaseMyTrip,AI,AI-2441,2026-10-08,T+30,12110,2658,14768,2026-09-08T21:26:47.018Z,FALSE,"",14:10,FALSE
fare_DEL-PAT_AI_2026-10-08_T+30_1788903777317_t49p,DEL-PAT,EaseMyTrip,AI,AI-2951,2026-10-08,T+30,12110,2658,14768,2026-09-08T21:26:47.018Z,FALSE,"",13:30,FALSE
fare_DEL-PAT_AI_2026-10-08_T+30_1788903777317_2bz1,DEL-PAT,EaseMyTrip,AI,AI-2945,2026-10-08,T+30,12110,2658,14768,2026-09-08T21:26:47.018Z,FALSE,"",11:00,FALSE
fare_DEL-PAT_AI_2026-10-08_T+30_1788903777317_ysbj,DEL-PAT,EaseMyTrip,AI,AI-2425,2026-10-08,T+30,12110,2658,14768,2026-09-08T21:26:47.018Z,FALSE,"",10:30,FALSE
fare_DEL-PAT_AI_2026-10-08_T+30_1788903777317_orof,DEL-PAT,EaseMyTrip,AI,AI-2995,2026-10-08,T+30,12110,2658,14768,2026-09-08T21:26:47.018Z,FALSE,"",10:00,FALSE
fare_DEL-PAT_AI_2026-10-08_T+30_1788903777317_n9p1,DEL-PAT,EaseMyTrip,AI,AI-2927,2026-10-08,T+30,12110,2658,14768,2026-09-08T21:26:47.018Z,FALSE,"",09:30,FALSE
fare_DEL-PAT_AI_2026-10-08_T+30_1788903777317_cspz,DEL-PAT,EaseMyTrip,AI,AI-2439,2026-10-08,T+30,12114,2659,14773,2026-09-08T21:26:47.018Z,FALSE,"",23:00,FALSE
fare_DEL-PAT_AI_2026-10-08_T+30_1788903777317_yu6c,DEL-PAT,EaseMyTrip,AI,AI-9484,2026-10-08,T+30,12243,2688,14931,2026-09-08T21:26:47.018Z,FALSE,"",23:25,FALSE
fare_DEL-PAT_AI_2026-10-08_T+30_1788903777317_tjht,DEL-PAT,EaseMyTrip,AI,AI-1777,2026-10-08,T+30,12252,2689,14941,2026-09-08T21:26:47.018Z,FALSE,"",16:00,FALSE
fare_DEL-PAT_AI_2026-10-08_T+30_1788903777317_xscj,DEL-PAT,EaseMyTrip,AI,AI-1785,2026-10-08,T+30,12252,2689,14941,2026-09-08T21:26:47.018Z,FALSE,"",12:00,FALSE
fare_DEL-PAT_AI_2026-10-08_T+30_1788903777317_3068,DEL-PAT,EaseMyTrip,AI,AI-2909,2026-10-08,T+30,12314,2703,15017,2026-09-08T21:26:47.018Z,FALSE,"",22:30,FALSE
fare_DEL-PAT_AI_2026-10-08_T+30_1788903777317_m4ju,DEL-PAT,EaseMyTrip,AI,AI-2999,2026-10-08,T+30,12412,2725,15137,2026-09-08T21:26:47.018Z,FALSE,"",22:00,FALSE
fare_DEL-PAT_AI_2026-10-08_T+30_1788903777317_5dsx,DEL-PAT,EaseMyTrip,AI,AI-2981,2026-10-08,T+30,12412,2725,15137,2026-09-08T21:26:47.018Z,FALSE,"",21:00,FALSE
fare_DEL-PAT_AI_2026-10-08_T+30_1788903777317_cjys,DEL-PAT,EaseMyTrip,AI,AI-2957,2026-10-08,T+30,12412,2725,15137,2026-09-08T21:26:47.018Z,FALSE,"",20:30,FALSE
fare_DEL-PAT_AI_2026-10-08_T+30_1788903777317_g4rb,DEL-PAT,EaseMyTrip,AI,AI-2433,2026-10-08,T+30,12564,2758,15322,2026-09-08T21:26:47.018Z,FALSE,"",21:30,FALSE
fare_DEL-PAT_AI_2026-10-08_T+30_1788903777317_20yw,DEL-PAT,EaseMyTrip,AI,AI-2805,2026-10-08,T+30,12613,2769,15382,2026-09-08T21:26:47.018Z,FALSE,"",20:00,FALSE
fare_DEL-PAT_AI_2026-10-08_T+30_1788903777317_71c8,DEL-PAT,EaseMyTrip,AI,AI-2977,2026-10-08,T+30,12917,2835,15752,2026-09-08T21:26:47.018Z,FALSE,"",19:00,FALSE
fare_DEL-PAT_AI_2026-10-08_T+30_1788903777317_7p9b,DEL-PAT,EaseMyTrip,AI,AI-2955,2026-10-08,T+30,13018,2857,15875,2026-09-08T21:26:47.018Z,FALSE,"",18:00,FALSE
fare_DEL-PAT_AI_2026-10-08_T+30_1788903777317_t05a,DEL-PAT,EaseMyTrip,AI,AI-2975,2026-10-08,T+30,14315,3142,17457,2026-09-08T21:26:47.018Z,FALSE,"",06:30,FALSE
fare_DEL-PAT_AI_2026-10-08_T+30_1788903777317_z6sb,DEL-PAT,EaseMyTrip,AI,AI-2943,2026-10-08,T+30,14487,3180,17667,2026-09-08T21:26:47.018Z,FALSE,"",07:30,FALSE
fare_DEL-PAT_AI_2026-10-08_T+30_1788903777317_mzqs,DEL-PAT,EaseMyTrip,AI,AI-2429,2026-10-08,T+30,14487,3180,17667,2026-09-08T21:26:47.018Z,FALSE,"",07:00,FALSE
fare_DEL-PAT_AI_2026-10-08_T+30_1788903777317_pfdl,DEL-PAT,EaseMyTrip,AI,AI-2803,2026-10-08,T+30,15465,3395,18860,2026-09-08T21:26:47.018Z,FALSE,"",06:30,FALSE
fare_DEL-PAT_AI_2026-10-08_T+30_1788903777317_qw8y,DEL-PAT,EaseMyTrip,AI,AI-2653,2026-10-08,T+30,15465,3395,18860,2026-09-08T21:26:47.018Z,FALSE,"",04:30,FALSE
fare_DEL-PAT_AI_2026-10-08_T+30_1788903777317_n670,DEL-PAT,EaseMyTrip,AI,AI-2757,2026-10-08,T+30,15465,3395,18860,2026-09-08T21:26:47.018Z,FALSE,"",00:15,FALSE
fare_DEL-PAT_AI_2026-10-08_T+30_1788903777317_qkx6,DEL-PAT,EaseMyTrip,AI,AI-2809,2026-10-08,T+30,15982,3508,19490,2026-09-08T21:26:47.018Z,FALSE,"",19:30,FALSE
fare_DEL-PAT_AI_2026-10-08_T+30_1788903777317_b6tr,DEL-PAT,EaseMyTrip,AI,AI-2512,2026-10-08,T+30,15982,3508,19490,2026-09-08T21:26:47.018Z,FALSE,"",19:00,FALSE
fare_DEL-PAT_AI_2026-10-08_T+30_1788903777317_5vza,DEL-PAT,EaseMyTrip,AI,AI-2487,2026-10-08,T+30,15982,3508,19490,2026-09-08T21:26:47.018Z,FALSE,"",18:30,FALSE
fare_DEL-PAT_AI_2026-10-08_T+30_1788903777317_irvd,DEL-PAT,EaseMyTrip,AI,AI-2813,2026-10-08,T+30,16196,3555,19751,2026-09-08T21:26:47.018Z,FALSE,"",18:00,FALSE
fare_DEL-PAT_AI_2026-10-08_T+30_1788903777317_gx9a,DEL-PAT,EaseMyTrip,AI,AI-2817,2026-10-08,T+30,16196,3555,19751,2026-09-08T21:26:47.018Z,FALSE,"",16:30,FALSE
fare_DEL-PAT_AI_2026-10-08_T+30_1788903777317_kbp2,DEL-PAT,EaseMyTrip,AI,AI-2664,2026-10-08,T+30,16196,3555,19751,2026-09-08T21:26:47.018Z,FALSE,"",15:50,FALSE
fare_DEL-PAT_AI_2026-10-08_T+30_1788903777317_199a,DEL-PAT,EaseMyTrip,AI,AI-1745,2026-10-08,T+30,16635,3652,20287,2026-09-08T21:26:47.018Z,FALSE,"",05:00,FALSE
fare_DEL-PAT_IX_2026-10-23_T+45_1788903777317_03zi,DEL-PAT,EaseMyTrip,IX,IX-1346,2026-10-23,T+45,5269,1156,6425,2026-09-08T21:26:53.069Z,FALSE,"",06:10,TRUE
fare_DEL-PAT_IX_2026-10-23_T+45_1788903777317_x5o0,DEL-PAT,EaseMyTrip,IX,IX-1197,2026-10-23,T+45,5269,1156,6425,2026-09-08T21:26:53.069Z,FALSE,"",19:00,TRUE
fare_DEL-PAT_SG_2026-10-23_T+45_1788903777317_6qm3,DEL-PAT,EaseMyTrip,SG,SG-2473,2026-10-23,T+45,5209,1143,6352,2026-09-08T21:26:53.069Z,FALSE,"",19:00,TRUE
fare_DEL-PAT_6E_2026-10-23_T+45_1788903777317_sttm,DEL-PAT,EaseMyTrip,6E,6E-2113,2026-10-23,T+45,5184,1138,6322,2026-09-08T21:26:53.069Z,FALSE,"",13:20,FALSE
fare_DEL-PAT_6E_2026-10-23_T+45_1788903777317_xk7g,DEL-PAT,EaseMyTrip,6E,6E-2147,2026-10-23,T+45,5184,1138,6322,2026-09-08T21:26:53.069Z,FALSE,"",11:10,FALSE
fare_DEL-PAT_6E_2026-10-23_T+45_1788903777317_j0yo,DEL-PAT,EaseMyTrip,6E,6E-2319,2026-10-23,T+45,5184,1138,6322,2026-09-08T21:26:53.069Z,FALSE,"",09:55,FALSE
fare_DEL-PAT_6E_2026-10-23_T+45_1788903777317_louj,DEL-PAT,EaseMyTrip,6E,6E-6245,2026-10-23,T+45,5269,1157,6426,2026-09-08T21:26:53.069Z,FALSE,"",06:20,TRUE
fare_DEL-PAT_6E_2026-10-23_T+45_1788903777317_01bb,DEL-PAT,EaseMyTrip,6E,6E-2482,2026-10-23,T+45,5269,1157,6426,2026-09-08T21:26:53.069Z,FALSE,"",19:55,TRUE
fare_DEL-PAT_IX_2026-10-23_T+45_1788903777317_uc2f,DEL-PAT,EaseMyTrip,IX,IX-1825,2026-10-23,T+45,5698,1251,6949,2026-09-08T21:26:53.069Z,FALSE,"",14:50,TRUE
fare_DEL-PAT_6E_2026-10-23_T+45_1788903777317_td4x,DEL-PAT,EaseMyTrip,6E,6E-6497,2026-10-23,T+45,5442,1194,6636,2026-09-08T21:26:53.069Z,FALSE,"",18:40,TRUE
fare_DEL-PAT_6E_2026-10-23_T+45_1788903777317_5vgr,DEL-PAT,EaseMyTrip,6E,6E-6370,2026-10-23,T+45,5464,1199,6663,2026-09-08T21:26:53.069Z,FALSE,"",06:40,FALSE
fare_DEL-PAT_IX_2026-10-23_T+45_1788903777317_8is2,DEL-PAT,EaseMyTrip,IX,IX-1510,2026-10-23,T+45,6043,1326,7369,2026-09-08T21:26:53.069Z,FALSE,"",11:15,TRUE
fare_DEL-PAT_6E_2026-10-23_T+45_1788903777317_osjs,DEL-PAT,EaseMyTrip,6E,6E-2769,2026-10-23,T+45,6044,1327,7371,2026-09-08T21:26:53.069Z,FALSE,"",08:10,TRUE
fare_DEL-PAT_6E_2026-10-23_T+45_1788903777317_3sy1,DEL-PAT,EaseMyTrip,6E,6E-6236,2026-10-23,T+45,6044,1327,7371,2026-09-08T21:26:53.069Z,FALSE,"",16:20,TRUE
fare_DEL-PAT_AI_2026-10-23_T+45_1788903777317_capf,DEL-PAT,EaseMyTrip,AI,AI-2549,2026-10-23,T+45,6344,1392,7736,2026-09-08T21:26:53.069Z,FALSE,"",16:45,TRUE
fare_DEL-PAT_AI_2026-10-23_T+45_1788903777317_rd9k,DEL-PAT,EaseMyTrip,AI,AI-1749,2026-10-23,T+45,6510,1429,7939,2026-09-08T21:26:53.069Z,FALSE,"",08:40,TRUE
fare_DEL-PAT_6E_2026-10-23_T+45_1788903777317_ilo0,DEL-PAT,EaseMyTrip,6E,6E-2453,2026-10-23,T+45,6389,1402,7791,2026-09-08T21:26:53.069Z,FALSE,"",13:35,TRUE
fare_DEL-PAT_AI_2026-10-23_T+45_1788903777317_kkg6,DEL-PAT,EaseMyTrip,AI,AI-2645,2026-10-23,T+45,6865,1507,8372,2026-09-08T21:26:53.069Z,FALSE,"",13:05,TRUE
fare_DEL-PAT_6E_2026-10-23_T+45_1788903777317_m3h9,DEL-PAT,EaseMyTrip,6E,6E-2373,2026-10-23,T+45,7336,1610,8946,2026-09-08T21:26:53.069Z,FALSE,"",11:10,TRUE
fare_DEL-PAT_AI_2026-10-23_T+45_1788903777317_xsy1,DEL-PAT,EaseMyTrip,AI,AI-2933,2026-10-23,T+45,12732,2795,15527,2026-09-08T21:26:53.069Z,FALSE,"",15:30,FALSE
fare_DEL-PAT_AI_2026-10-23_T+45_1788903777317_4bd8,DEL-PAT,EaseMyTrip,AI,AI-2441,2026-10-23,T+45,12732,2795,15527,2026-09-08T21:26:53.069Z,FALSE,"",14:10,FALSE
fare_DEL-PAT_AI_2026-10-23_T+45_1788903777317_ib9z,DEL-PAT,EaseMyTrip,AI,AI-2951,2026-10-23,T+45,12732,2795,15527,2026-09-08T21:26:53.069Z,FALSE,"",13:30,FALSE
fare_DEL-PAT_AI_2026-10-23_T+45_1788903777317_wc2m,DEL-PAT,EaseMyTrip,AI,AI-2945,2026-10-23,T+45,12732,2795,15527,2026-09-08T21:26:53.069Z,FALSE,"",11:00,FALSE
fare_DEL-PAT_AI_2026-10-23_T+45_1788903777317_n7j6,DEL-PAT,EaseMyTrip,AI,AI-2425,2026-10-23,T+45,12732,2795,15527,2026-09-08T21:26:53.069Z,FALSE,"",10:30,FALSE
fare_DEL-PAT_AI_2026-10-23_T+45_1788903777317_o03x,DEL-PAT,EaseMyTrip,AI,AI-2995,2026-10-23,T+45,12732,2795,15527,2026-09-08T21:26:53.069Z,FALSE,"",10:00,FALSE
fare_DEL-PAT_AI_2026-10-23_T+45_1788903777317_vunt,DEL-PAT,EaseMyTrip,AI,AI-2927,2026-10-23,T+45,12732,2795,15527,2026-09-08T21:26:53.069Z,FALSE,"",09:30,FALSE
fare_DEL-PAT_AI_2026-10-23_T+45_1788903777317_isxl,DEL-PAT,EaseMyTrip,AI,AI-2678,2026-10-23,T+45,12732,2795,15527,2026-09-08T21:26:53.069Z,FALSE,"",08:30,FALSE
fare_DEL-PAT_AI_2026-10-23_T+45_1788903777317_ef81,DEL-PAT,EaseMyTrip,AI,AI-2975,2026-10-23,T+45,12732,2795,15527,2026-09-08T21:26:53.069Z,FALSE,"",06:30,FALSE
fare_DEL-PAT_AI_2026-10-23_T+45_1788903777317_vbcv,DEL-PAT,EaseMyTrip,AI,AI-1777,2026-10-23,T+45,12886,2829,15715,2026-09-08T21:26:53.069Z,FALSE,"",16:00,FALSE
fare_DEL-PAT_AI_2026-10-23_T+45_1788903777317_rmqi,DEL-PAT,EaseMyTrip,AI,AI-1785,2026-10-23,T+45,12886,2829,15715,2026-09-08T21:26:53.069Z,FALSE,"",12:00,FALSE
fare_DEL-PAT_AI_2026-10-23_T+45_1788903777317_mqx7,DEL-PAT,EaseMyTrip,AI,AI-2943,2026-10-23,T+45,12886,2829,15715,2026-09-08T21:26:53.069Z,FALSE,"",07:30,FALSE
fare_DEL-PAT_AI_2026-10-23_T+45_1788903777317_apiv,DEL-PAT,EaseMyTrip,AI,AI-2439,2026-10-23,T+45,12989,2851,15840,2026-09-08T21:26:53.069Z,FALSE,"",23:00,FALSE
fare_DEL-PAT_AI_2026-10-23_T+45_1788903777317_j2y0,DEL-PAT,EaseMyTrip,AI,AI-441,2026-10-23,T+45,12989,2851,15840,2026-09-08T21:26:53.069Z,FALSE,"",17:00,FALSE
fare_DEL-PAT_AI_2026-10-23_T+45_1788903777317_qdzg,DEL-PAT,EaseMyTrip,AI,AI-2433,2026-10-23,T+45,13040,2863,15903,2026-09-08T21:26:53.069Z,FALSE,"",21:30,FALSE
fare_DEL-PAT_AI_2026-10-23_T+45_1788903777317_i4cg,DEL-PAT,EaseMyTrip,AI,AI-2985,2026-10-23,T+45,13267,2912,16179,2026-09-08T21:26:53.069Z,FALSE,"",19:30,FALSE
fare_DEL-PAT_AI_2026-10-23_T+45_1788903777317_wdey,DEL-PAT,EaseMyTrip,AI,AI-9484,2026-10-23,T+45,13270,2913,16183,2026-09-08T21:26:53.069Z,FALSE,"",23:25,FALSE
fare_DEL-PAT_AI_2026-10-23_T+45_1788903777317_9f9v,DEL-PAT,EaseMyTrip,AI,AI-9486,2026-10-23,T+45,13270,2913,16183,2026-09-08T21:26:53.069Z,FALSE,"",17:50,FALSE
fare_DEL-PAT_AI_2026-10-23_T+45_1788903777317_jal9,DEL-PAT,EaseMyTrip,AI,AI-2957,2026-10-23,T+45,13377,2937,16314,2026-09-08T21:26:53.069Z,FALSE,"",20:30,FALSE
fare_DEL-PAT_AI_2026-10-23_T+45_1788903777317_yvlk,DEL-PAT,EaseMyTrip,AI,AI-2805,2026-10-23,T+45,13377,2937,16314,2026-09-08T21:26:53.069Z,FALSE,"",20:00,FALSE
fare_DEL-PAT_AI_2026-10-23_T+45_1788903777317_zbet,DEL-PAT,EaseMyTrip,AI,AI-2981,2026-10-23,T+45,13432,2949,16381,2026-09-08T21:26:53.069Z,FALSE,"",21:00,FALSE
fare_DEL-PAT_AI_2026-10-23_T+45_1788903777317_4uun,DEL-PAT,EaseMyTrip,AI,AI-2977,2026-10-23,T+45,13542,2973,16515,2026-09-08T21:26:53.069Z,FALSE,"",19:00,FALSE
fare_DEL-PAT_AI_2026-10-23_T+45_1788903777317_b6k7,DEL-PAT,EaseMyTrip,AI,AI-1745,2026-10-23,T+45,14586,3202,17788,2026-09-08T21:26:53.069Z,FALSE,"",05:00,FALSE
fare_DEL-PAT_AI_2026-10-23_T+45_1788903777317_gfjd,DEL-PAT,EaseMyTrip,AI,AI-2429,2026-10-23,T+45,14955,3283,18238,2026-09-08T21:26:53.069Z,FALSE,"",07:00,FALSE
fare_DEL-PAT_AI_2026-10-23_T+45_1788903777317_wcvr,DEL-PAT,EaseMyTrip,AI,AI-2757,2026-10-23,T+45,17734,3893,21627,2026-09-08T21:26:53.069Z,FALSE,"",00:15,FALSE
fare_DEL-PAT_AI_2026-10-23_T+45_1788903777317_uvza,DEL-PAT,EaseMyTrip,AI,AI-2803,2026-10-23,T+45,18537,4069,22606,2026-09-08T21:26:53.069Z,FALSE,"",06:30,FALSE
fare_DEL-PAT_AI_2026-10-23_T+45_1788903777317_k3oc,DEL-PAT,EaseMyTrip,AI,AI-2409,2026-10-23,T+45,18537,4069,22606,2026-09-08T21:26:53.069Z,FALSE,"",06:00,FALSE
fare_DEL-PAT_AI_2026-10-23_T+45_1788903777317_tnls,DEL-PAT,EaseMyTrip,AI,AI-2653,2026-10-23,T+45,18537,4069,22606,2026-09-08T21:26:53.069Z,FALSE,"",04:30,FALSE
fare_DEL-PAT_AI_2026-10-23_T+45_1788903777317_0d3e,DEL-PAT,EaseMyTrip,AI,AI-2512,2026-10-23,T+45,19312,4239,23551,2026-09-08T21:26:53.069Z,FALSE,"",19:00,FALSE
fare_DEL-PAT_AI_2026-10-23_T+45_1788903777317_yyi0,DEL-PAT,EaseMyTrip,AI,AI-2664,2026-10-23,T+45,19312,4239,23551,2026-09-08T21:26:53.069Z,FALSE,"",15:50,FALSE
fare_DEL-PAT_AI_2026-10-23_T+45_1788903777317_5jv2,DEL-PAT,EaseMyTrip,AI,AI-2813,2026-10-23,T+45,19746,4334,24080,2026-09-08T21:26:53.069Z,FALSE,"",18:00,FALSE
fare_DEL-PAT_AI_2026-10-23_T+45_1788903777317_e2h1,DEL-PAT,EaseMyTrip,AI,AI-2809,2026-10-23,T+45,19924,4373,24297,2026-09-08T21:26:53.069Z,FALSE,"",19:30,FALSE
fare_DEL-PAT_AI_2026-10-23_T+45_1788903777317_dsk1,DEL-PAT,EaseMyTrip,AI,AI-2819,2026-10-23,T+45,19924,4373,24297,2026-09-08T21:26:53.069Z,FALSE,"",15:00,FALSE
fare_DEL-PAT_AI_2026-10-23_T+45_1788903777317_0qje,DEL-PAT,EaseMyTrip,AI,AI-2817,2026-10-23,T+45,20202,4434,24636,2026-09-08T21:26:53.069Z,FALSE,"",16:30,FALSE
fare_DEL-PAT_SG_2026-09-15_T+7_1788903777317_zvm2,DEL-PAT,EaseMyTrip,SG,SG-2473,2026-09-15,T+7,4947,1086,6033,2026-09-08T21:26:34.800Z,FALSE,"",19:00,TRUE
fare_DEL-PAT_IX_2026-09-15_T+7_1788903777317_g3ue,DEL-PAT,EaseMyTrip,IX,IX-1510,2026-09-15,T+7,5269,1156,6425,2026-09-08T21:26:34.800Z,FALSE,"",11:15,TRUE
fare_DEL-PAT_IX_2026-09-15_T+7_1788903777317_3dih,DEL-PAT,EaseMyTrip,IX,IX-1346,2026-09-15,T+7,5269,1156,6425,2026-09-08T21:26:34.800Z,FALSE,"",06:10,TRUE
fare_DEL-PAT_IX_2026-09-15_T+7_1788903777317_b8kc,DEL-PAT,EaseMyTrip,IX,IX-1825,2026-09-15,T+7,5269,1156,6425,2026-09-08T21:26:34.800Z,FALSE,"",14:40,TRUE
fare_DEL-PAT_IX_2026-09-15_T+7_1788903777317_yiqv,DEL-PAT,EaseMyTrip,IX,IX-1197,2026-09-15,T+7,5269,1156,6425,2026-09-08T21:26:34.800Z,FALSE,"",18:55,TRUE
fare_DEL-PAT_6E_2026-09-15_T+7_1788903777317_k6d5,DEL-PAT,EaseMyTrip,6E,6E-5206,2026-09-15,T+7,5184,1138,6322,2026-09-08T21:26:34.800Z,FALSE,"",13:20,FALSE
fare_DEL-PAT_6E_2026-09-15_T+7_1788903777317_qv8n,DEL-PAT,EaseMyTrip,6E,6E-2147,2026-09-15,T+7,5184,1138,6322,2026-09-08T21:26:34.800Z,FALSE,"",11:10,FALSE
fare_DEL-PAT_6E_2026-09-15_T+7_1788903777317_ummf,DEL-PAT,EaseMyTrip,6E,6E-2319,2026-09-15,T+7,5184,1138,6322,2026-09-08T21:26:34.800Z,FALSE,"",09:55,FALSE
fare_DEL-PAT_6E_2026-09-15_T+7_1788903777317_zlh4,DEL-PAT,EaseMyTrip,6E,6E-6245,2026-09-15,T+7,5269,1157,6426,2026-09-08T21:26:34.800Z,FALSE,"",06:20,TRUE
fare_DEL-PAT_6E_2026-09-15_T+7_1788903777317_ny0u,DEL-PAT,EaseMyTrip,6E,6E-2373,2026-09-15,T+7,5269,1157,6426,2026-09-08T21:26:34.800Z,FALSE,"",11:10,TRUE
fare_DEL-PAT_6E_2026-09-15_T+7_1788903777317_fr4n,DEL-PAT,EaseMyTrip,6E,6E-2453,2026-09-15,T+7,5269,1157,6426,2026-09-08T21:26:34.800Z,FALSE,"",13:35,TRUE
fare_DEL-PAT_6E_2026-09-15_T+7_1788903777317_owr3,DEL-PAT,EaseMyTrip,6E,6E-6236,2026-09-15,T+7,5269,1157,6426,2026-09-08T21:26:34.800Z,FALSE,"",16:20,TRUE
fare_DEL-PAT_6E_2026-09-15_T+7_1788903777317_nwfx,DEL-PAT,EaseMyTrip,6E,6E-6497,2026-09-15,T+7,5269,1157,6426,2026-09-08T21:26:34.800Z,FALSE,"",18:40,TRUE
fare_DEL-PAT_6E_2026-09-15_T+7_1788903777317_hfbk,DEL-PAT,EaseMyTrip,6E,6E-2482,2026-09-15,T+7,5269,1157,6426,2026-09-08T21:26:34.800Z,FALSE,"",19:55,TRUE
fare_DEL-PAT_AI_2026-09-15_T+7_1788903777317_vqxs,DEL-PAT,EaseMyTrip,AI,AI-1749,2026-09-15,T+7,5569,1222,6791,2026-09-08T21:26:34.800Z,FALSE,"",08:00,TRUE
fare_DEL-PAT_AI_2026-09-15_T+7_1788903777317_lmfw,DEL-PAT,EaseMyTrip,AI,AI-2645,2026-09-15,T+7,5569,1222,6791,2026-09-08T21:26:34.800Z,FALSE,"",13:05,TRUE
fare_DEL-PAT_AI_2026-09-15_T+7_1788903777317_cmov,DEL-PAT,EaseMyTrip,AI,AI-2549,2026-09-15,T+7,5569,1222,6791,2026-09-08T21:26:34.800Z,FALSE,"",16:45,TRUE
fare_DEL-PAT_6E_2026-09-15_T+7_1788903777317_3ssi,DEL-PAT,EaseMyTrip,6E,6E-6370,2026-09-15,T+7,5464,1199,6663,2026-09-08T21:26:34.800Z,FALSE,"",06:40,FALSE
fare_DEL-PAT_AI_2026-09-15_T+7_1788903777317_6bqn,DEL-PAT,EaseMyTrip,AI,AI-2909,2026-09-15,T+7,11160,2450,13610,2026-09-08T21:26:34.800Z,FALSE,"",22:30,FALSE
fare_DEL-PAT_AI_2026-09-15_T+7_1788903777317_yhoq,DEL-PAT,EaseMyTrip,AI,AI-2545,2026-09-15,T+7,11849,2601,14450,2026-09-08T21:26:34.800Z,FALSE,"",20:30,FALSE
fare_DEL-PAT_AI_2026-09-15_T+7_1788903777317_myom,DEL-PAT,EaseMyTrip,AI,AI-531,2026-09-15,T+7,11849,2601,14450,2026-09-08T21:26:34.800Z,FALSE,"",19:20,FALSE
fare_DEL-PAT_AI_2026-09-15_T+7_1788903777317_peuh,DEL-PAT,EaseMyTrip,AI,AI-2439,2026-09-15,T+7,11888,2610,14498,2026-09-08T21:26:34.800Z,FALSE,"",23:00,FALSE
fare_DEL-PAT_AI_2026-09-15_T+7_1788903777317_3w4x,DEL-PAT,EaseMyTrip,AI,AI-9484,2026-09-15,T+7,11984,2631,14615,2026-09-08T21:26:34.800Z,FALSE,"",23:25,FALSE
fare_DEL-PAT_AI_2026-09-15_T+7_1788903777317_o0we,DEL-PAT,EaseMyTrip,AI,AI-9486,2026-09-15,T+7,11984,2631,14615,2026-09-08T21:26:34.800Z,FALSE,"",05:35,FALSE
fare_DEL-PAT_AI_2026-09-15_T+7_1788903777317_hftc,DEL-PAT,EaseMyTrip,AI,AI-1745,2026-09-15,T+7,12110,2658,14768,2026-09-08T21:26:34.800Z,FALSE,"",05:00,FALSE
fare_DEL-PAT_AI_2026-09-15_T+7_1788903777317_9ups,DEL-PAT,EaseMyTrip,AI,AI-2433,2026-09-15,T+7,12110,2658,14768,2026-09-08T21:26:34.800Z,FALSE,"",21:30,FALSE
fare_DEL-PAT_AI_2026-09-15_T+7_1788903777317_lh5y,DEL-PAT,EaseMyTrip,AI,AI-2981,2026-09-15,T+7,12110,2658,14768,2026-09-08T21:26:34.800Z,FALSE,"",21:00,FALSE
fare_DEL-PAT_AI_2026-09-15_T+7_1788903777317_nmff,DEL-PAT,EaseMyTrip,AI,AI-2957,2026-09-15,T+7,12110,2658,14768,2026-09-08T21:26:34.800Z,FALSE,"",20:30,FALSE
fare_DEL-PAT_AI_2026-09-15_T+7_1788903777317_gwkt,DEL-PAT,EaseMyTrip,AI,AI-2985,2026-09-15,T+7,12110,2658,14768,2026-09-08T21:26:34.800Z,FALSE,"",19:30,FALSE
fare_DEL-PAT_AI_2026-09-15_T+7_1788903777317_g60v,DEL-PAT,EaseMyTrip,AI,AI-2977,2026-09-15,T+7,12110,2658,14768,2026-09-08T21:26:34.800Z,FALSE,"",19:00,FALSE
fare_DEL-PAT_AI_2026-09-15_T+7_1788903777317_rep6,DEL-PAT,EaseMyTrip,AI,AI-2955,2026-09-15,T+7,12110,2658,14768,2026-09-08T21:26:34.800Z,FALSE,"",18:00,FALSE
fare_DEL-PAT_AI_2026-09-15_T+7_1788903777317_xgxb,DEL-PAT,EaseMyTrip,AI,AI-2941,2026-09-15,T+7,12110,2658,14768,2026-09-08T21:26:34.800Z,FALSE,"",16:30,FALSE
fare_DEL-PAT_AI_2026-09-15_T+7_1788903777317_ob8g,DEL-PAT,EaseMyTrip,AI,AI-1777,2026-09-15,T+7,12110,2658,14768,2026-09-08T21:26:34.800Z,FALSE,"",16:00,FALSE
fare_DEL-PAT_AI_2026-09-15_T+7_1788903777317_b2y2,DEL-PAT,EaseMyTrip,AI,AI-2933,2026-09-15,T+7,12110,2658,14768,2026-09-08T21:26:34.800Z,FALSE,"",15:30,FALSE
fare_DEL-PAT_AI_2026-09-15_T+7_1788903777317_ts2d,DEL-PAT,EaseMyTrip,AI,AI-1785,2026-09-15,T+7,12110,2658,14768,2026-09-08T21:26:34.800Z,FALSE,"",12:00,FALSE
fare_DEL-PAT_AI_2026-09-15_T+7_1788903777317_xzqx,DEL-PAT,EaseMyTrip,AI,AI-2995,2026-09-15,T+7,12110,2658,14768,2026-09-08T21:26:34.800Z,FALSE,"",10:00,FALSE
fare_DEL-PAT_AI_2026-09-15_T+7_1788903777317_3kjy,DEL-PAT,EaseMyTrip,AI,AI-2927,2026-09-15,T+7,12110,2658,14768,2026-09-08T21:26:34.800Z,FALSE,"",09:30,FALSE
fare_DEL-PAT_AI_2026-09-15_T+7_1788903777317_42m1,DEL-PAT,EaseMyTrip,AI,AI-441,2026-09-15,T+7,12240,2687,14927,2026-09-08T21:26:34.800Z,FALSE,"",17:00,FALSE
fare_DEL-PAT_AI_2026-09-15_T+7_1788903777317_vtfu,DEL-PAT,EaseMyTrip,AI,AI-2945,2026-09-15,T+7,12626,2772,15398,2026-09-08T21:26:34.800Z,FALSE,"",11:00,FALSE
fare_DEL-PAT_AI_2026-09-15_T+7_1788903777317_ghxn,DEL-PAT,EaseMyTrip,AI,AI-2943,2026-09-15,T+7,12634,2773,15407,2026-09-08T21:26:34.800Z,FALSE,"",07:30,FALSE
fare_DEL-PAT_AI_2026-09-15_T+7_1788903777317_it2n,DEL-PAT,EaseMyTrip,AI,AI-2429,2026-09-15,T+7,12848,2820,15668,2026-09-08T21:26:34.800Z,FALSE,"",07:00,FALSE
fare_DEL-PAT_AI_2026-09-15_T+7_1788903777317_uk0d,DEL-PAT,EaseMyTrip,AI,AI-2975,2026-09-15,T+7,12848,2820,15668,2026-09-08T21:26:34.800Z,FALSE,"",06:30,FALSE
fare_DEL-PAT_AI_2026-09-15_T+7_1788903777317_jdbz,DEL-PAT,EaseMyTrip,AI,AI-2951,2026-09-15,T+7,13143,2885,16028,2026-09-08T21:26:34.800Z,FALSE,"",13:30,FALSE
fare_DEL-PAT_AI_2026-09-15_T+7_1788903777317_hiy9,DEL-PAT,EaseMyTrip,AI,AI-2409,2026-09-15,T+7,14214,3120,17334,2026-09-08T21:26:34.800Z,FALSE,"",06:00,FALSE
fare_DEL-PAT_AI_2026-09-15_T+7_1788903777317_vhh9,DEL-PAT,EaseMyTrip,AI,AI-2757,2026-09-15,T+7,14214,3120,17334,2026-09-08T21:26:34.800Z,FALSE,"",00:15,FALSE
fare_DEL-PAT_AI_2026-09-15_T+7_1788903777317_ng9t,DEL-PAT,EaseMyTrip,AI,AI-2803,2026-09-15,T+7,14429,3167,17596,2026-09-08T21:26:34.800Z,FALSE,"",06:30,FALSE
fare_DEL-PAT_AI_2026-09-15_T+7_1788903777317_4mjp,DEL-PAT,EaseMyTrip,AI,AI-2653,2026-09-15,T+7,14429,3167,17596,2026-09-08T21:26:34.800Z,FALSE,"",04:30,FALSE
fare_DEL-PAT_AI_2026-09-15_T+7_1788903777317_n8l5,DEL-PAT,EaseMyTrip,AI,AI-2809,2026-09-15,T+7,14475,3178,17653,2026-09-08T21:26:34.800Z,FALSE,"",19:30,FALSE
fare_DEL-PAT_AI_2026-09-15_T+7_1788903777317_6xp0,DEL-PAT,EaseMyTrip,AI,AI-2512,2026-09-15,T+7,14689,3225,17914,2026-09-08T21:26:34.800Z,FALSE,"",19:00,FALSE
fare_DEL-PAT_AI_2026-09-15_T+7_1788903777317_sj3g,DEL-PAT,EaseMyTrip,AI,AI-2664,2026-09-15,T+7,14689,3225,17914,2026-09-08T21:26:34.800Z,FALSE,"",15:50,FALSE
fare_DEL-PAT_AI_2026-09-15_T+7_1788903777317_6yjb,DEL-PAT,EaseMyTrip,AI,AI-2819,2026-09-15,T+7,15089,3312,18401,2026-09-08T21:26:34.800Z,FALSE,"",15:00,FALSE
fare_DEL-PAT_AI_2026-09-15_T+7_1788903777317_2fir,DEL-PAT,EaseMyTrip,AI,AI-2817,2026-09-15,T+7,15739,3455,19194,2026-09-08T21:26:34.800Z,FALSE,"",16:30,FALSE
fare_DEL-PAT_AI_2026-09-15_T+7_1788903777317_3llh,DEL-PAT,EaseMyTrip,AI,AI-2487,2026-09-15,T+7,16629,3650,20279,2026-09-08T21:26:34.800Z,FALSE,"",18:30,FALSE
fare_DEL-PAT_AI_2026-09-15_T+7_1788903777317_cc6x,DEL-PAT,EaseMyTrip,AI,AI-809,2026-09-15,T+7,17100,3754,20854,2026-09-08T21:26:34.800Z,FALSE,"",17:40,FALSE
fare_DEL-PAT_AI_2026-09-15_T+7_1788903777317_r2bl,DEL-PAT,EaseMyTrip,AI,AI-2939,2026-09-15,T+7,17100,3754,20854,2026-09-08T21:26:34.800Z,FALSE,"",16:40,FALSE
fare_DEL-PAT_AI_2026-09-15_T+7_1788903777317_f2iw,DEL-PAT,EaseMyTrip,AI,AI-881,2026-09-15,T+7,17100,3754,20854,2026-09-08T21:26:34.800Z,FALSE,"",13:35,FALSE
fare_MAA-DEL_IX_2026-10-08_T+30_1788903777318_zmls,MAA-DEL,EaseMyTrip,IX,IX-1385,2026-10-08,T+30,8146,1788,9934,2026-09-08T21:25:15.747Z,FALSE,"",08:55,FALSE
fare_MAA-DEL_IX_2026-10-08_T+30_1788903777318_087h,MAA-DEL,EaseMyTrip,IX,IX-2661,2026-10-08,T+30,8318,1826,10144,2026-09-08T21:25:15.747Z,FALSE,"",22:05,FALSE
fare_MAA-DEL_6E_2026-10-08_T+30_1788903777318_8cda,MAA-DEL,EaseMyTrip,6E,6E-311,2026-10-08,T+30,7268,1596,8864,2026-09-08T21:25:15.747Z,FALSE,"",08:10,FALSE
fare_MAA-DEL_6E_2026-10-08_T+30_1788903777318_6psw,MAA-DEL,EaseMyTrip,6E,6E-834,2026-10-08,T+30,7268,1596,8864,2026-09-08T21:25:15.747Z,FALSE,"",08:10,FALSE
fare_MAA-DEL_6E_2026-10-08_T+30_1788903777318_nazh,MAA-DEL,EaseMyTrip,6E,6E-6081,2026-10-08,T+30,7333,1610,8943,2026-09-08T21:25:15.747Z,FALSE,"",07:05,FALSE
fare_MAA-DEL_6E_2026-10-08_T+30_1788903777318_y3l6,MAA-DEL,EaseMyTrip,6E,6E-2369,2026-10-08,T+30,8323,1827,10150,2026-09-08T21:25:15.747Z,FALSE,"",23:45,TRUE
fare_MAA-DEL_6E_2026-10-08_T+30_1788903777318_ijt0,MAA-DEL,EaseMyTrip,6E,6E-117,2026-10-08,T+30,8323,1827,10150,2026-09-08T21:25:15.747Z,FALSE,"",19:00,TRUE
fare_MAA-DEL_6E_2026-10-08_T+30_1788903777318_ylx9,MAA-DEL,EaseMyTrip,6E,6E-601,2026-10-08,T+30,8323,1827,10150,2026-09-08T21:25:15.747Z,FALSE,"",19:00,TRUE
fare_MAA-DEL_6E_2026-10-08_T+30_1788903777318_dd2k,MAA-DEL,EaseMyTrip,6E,6E-607,2026-10-08,T+30,8323,1827,10150,2026-09-08T21:25:15.747Z,FALSE,"",21:50,TRUE
fare_MAA-DEL_6E_2026-10-08_T+30_1788903777318_ecbd,MAA-DEL,EaseMyTrip,6E,6E-227,2026-10-08,T+30,8323,1827,10150,2026-09-08T21:25:15.747Z,FALSE,"",21:50,TRUE
fare_MAA-DEL_6E_2026-10-08_T+30_1788903777318_6wrd,MAA-DEL,EaseMyTrip,6E,6E-6002,2026-10-08,T+30,8323,1827,10150,2026-09-08T21:25:15.747Z,FALSE,"",11:10,TRUE
fare_MAA-DEL_6E_2026-10-08_T+30_1788903777318_evy9,MAA-DEL,EaseMyTrip,6E,6E-878,2026-10-08,T+30,8323,1827,10150,2026-09-08T21:25:15.747Z,FALSE,"",09:15,TRUE
fare_MAA-DEL_6E_2026-10-08_T+30_1788903777318_6gzz,MAA-DEL,EaseMyTrip,6E,6E-676,2026-10-08,T+30,8323,1827,10150,2026-09-08T21:25:15.747Z,FALSE,"",09:15,TRUE
fare_MAA-DEL_6E_2026-10-08_T+30_1788903777318_8lo8,MAA-DEL,EaseMyTrip,6E,6E-411,2026-10-08,T+30,8323,1827,10150,2026-09-08T21:25:15.747Z,FALSE,"",06:30,TRUE
fare_MAA-DEL_6E_2026-10-08_T+30_1788903777318_l2s3,MAA-DEL,EaseMyTrip,6E,6E-364,2026-10-08,T+30,8323,1827,10150,2026-09-08T21:25:15.747Z,FALSE,"",06:30,TRUE
fare_MAA-DEL_6E_2026-10-08_T+30_1788903777318_0ylj,MAA-DEL,EaseMyTrip,6E,6E-378,2026-10-08,T+30,8323,1827,10150,2026-09-08T21:25:15.747Z,FALSE,"",13:00,TRUE
fare_MAA-DEL_6E_2026-10-08_T+30_1788903777318_a3ko,MAA-DEL,EaseMyTrip,6E,6E-110,2026-10-08,T+30,8323,1827,10150,2026-09-08T21:25:15.747Z,FALSE,"",13:00,TRUE
fare_MAA-DEL_6E_2026-10-08_T+30_1788903777318_rhc8,MAA-DEL,EaseMyTrip,6E,6E-164,2026-10-08,T+30,8323,1827,10150,2026-09-08T21:25:15.747Z,FALSE,"",14:30,TRUE
fare_MAA-DEL_6E_2026-10-08_T+30_1788903777318_przw,MAA-DEL,EaseMyTrip,6E,6E-543,2026-10-08,T+30,8323,1827,10150,2026-09-08T21:25:15.747Z,FALSE,"",14:30,TRUE
fare_MAA-DEL_6E_2026-10-08_T+30_1788903777318_4rca,MAA-DEL,EaseMyTrip,6E,6E-6797,2026-10-08,T+30,8336,1830,10166,2026-09-08T21:25:15.747Z,FALSE,"",13:10,FALSE
fare_MAA-DEL_6E_2026-10-08_T+30_1788903777318_vcl4,MAA-DEL,EaseMyTrip,6E,6E-6925,2026-10-08,T+30,8508,1868,10376,2026-09-08T21:25:15.747Z,FALSE,"",12:00,FALSE
fare_MAA-DEL_6E_2026-10-08_T+30_1788903777318_rf39,MAA-DEL,EaseMyTrip,6E,6E-6487,2026-10-08,T+30,8508,1868,10376,2026-09-08T21:25:15.747Z,FALSE,"",21:25,FALSE
fare_MAA-DEL_6E_2026-10-08_T+30_1788903777318_eqrn,MAA-DEL,EaseMyTrip,6E,6E-6158,2026-10-08,T+30,8508,1868,10376,2026-09-08T21:25:15.747Z,FALSE,"",16:10,FALSE
fare_MAA-DEL_6E_2026-10-08_T+30_1788903777318_20na,MAA-DEL,EaseMyTrip,6E,6E-772,2026-10-08,T+30,8508,1868,10376,2026-09-08T21:25:15.747Z,FALSE,"",18:20,FALSE
fare_MAA-DEL_6E_2026-10-08_T+30_1788903777318_jm33,MAA-DEL,EaseMyTrip,6E,6E-555,2026-10-08,T+30,8508,1868,10376,2026-09-08T21:25:15.747Z,FALSE,"",18:20,FALSE
fare_MAA-DEL_6E_2026-10-08_T+30_1788903777318_cypp,MAA-DEL,EaseMyTrip,6E,6E-153,2026-10-08,T+30,8508,1868,10376,2026-09-08T21:25:15.747Z,FALSE,"",17:50,FALSE
fare_MAA-DEL_6E_2026-10-08_T+30_1788903777318_4jri,MAA-DEL,EaseMyTrip,6E,6E-299,2026-10-08,T+30,8508,1868,10376,2026-09-08T21:25:15.747Z,FALSE,"",17:50,FALSE
fare_MAA-DEL_6E_2026-10-08_T+30_1788903777318_9yuq,MAA-DEL,EaseMyTrip,6E,6E-588,2026-10-08,T+30,8508,1868,10376,2026-09-08T21:25:15.747Z,FALSE,"",11:10,FALSE
fare_MAA-DEL_6E_2026-10-08_T+30_1788903777318_xg0t,MAA-DEL,EaseMyTrip,6E,6E-898,2026-10-08,T+30,8508,1868,10376,2026-09-08T21:25:15.747Z,FALSE,"",11:10,FALSE
fare_MAA-DEL_6E_2026-10-08_T+30_1788903777318_0nii,MAA-DEL,EaseMyTrip,6E,6E-295,2026-10-08,T+30,8508,1868,10376,2026-09-08T21:25:15.747Z,FALSE,"",09:55,FALSE
fare_MAA-DEL_6E_2026-10-08_T+30_1788903777318_1m3h,MAA-DEL,EaseMyTrip,6E,6E-396,2026-10-08,T+30,8508,1868,10376,2026-09-08T21:25:15.747Z,FALSE,"",09:55,FALSE
fare_MAA-DEL_6E_2026-10-08_T+30_1788903777318_fbqw,MAA-DEL,EaseMyTrip,6E,6E-897,2026-10-08,T+30,8508,1868,10376,2026-09-08T21:25:15.747Z,FALSE,"",03:55,FALSE
fare_MAA-DEL_6E_2026-10-08_T+30_1788903777318_cyia,MAA-DEL,EaseMyTrip,6E,6E-537,2026-10-08,T+30,8508,1868,10376,2026-09-08T21:25:15.747Z,FALSE,"",03:55,FALSE
fare_MAA-DEL_6E_2026-10-08_T+30_1788903777318_y5wd,MAA-DEL,EaseMyTrip,6E,6E-800,2026-10-08,T+30,8508,1868,10376,2026-09-08T21:25:15.747Z,FALSE,"",05:40,FALSE
fare_MAA-DEL_6E_2026-10-08_T+30_1788903777318_c3jw,MAA-DEL,EaseMyTrip,6E,6E-446,2026-10-08,T+30,8508,1868,10376,2026-09-08T21:25:15.747Z,FALSE,"",05:40,FALSE
fare_MAA-DEL_6E_2026-10-08_T+30_1788903777318_je05,MAA-DEL,EaseMyTrip,6E,6E-286,2026-10-08,T+30,8508,1868,10376,2026-09-08T21:25:15.747Z,FALSE,"",07:10,FALSE
fare_MAA-DEL_6E_2026-10-08_T+30_1788903777318_772a,MAA-DEL,EaseMyTrip,6E,6E-811,2026-10-08,T+30,8508,1868,10376,2026-09-08T21:25:15.747Z,FALSE,"",07:10,FALSE
fare_MAA-DEL_6E_2026-10-08_T+30_1788903777318_ikzy,MAA-DEL,EaseMyTrip,6E,6E-886,2026-10-08,T+30,8508,1868,10376,2026-09-08T21:25:15.747Z,FALSE,"",08:10,FALSE
fare_MAA-DEL_6E_2026-10-08_T+30_1788903777318_431q,MAA-DEL,EaseMyTrip,6E,6E-103,2026-10-08,T+30,8508,1868,10376,2026-09-08T21:25:15.747Z,FALSE,"",08:10,FALSE
fare_MAA-DEL_6E_2026-10-08_T+30_1788903777318_slzo,MAA-DEL,EaseMyTrip,6E,6E-613,2026-10-08,T+30,8508,1868,10376,2026-09-08T21:25:15.747Z,FALSE,"",09:30,FALSE
fare_MAA-DEL_6E_2026-10-08_T+30_1788903777318_fovy,MAA-DEL,EaseMyTrip,6E,6E-995,2026-10-08,T+30,8508,1868,10376,2026-09-08T21:25:15.747Z,FALSE,"",11:55,FALSE
fare_MAA-DEL_6E_2026-10-08_T+30_1788903777318_p2e5,MAA-DEL,EaseMyTrip,6E,6E-249,2026-10-08,T+30,8508,1868,10376,2026-09-08T21:25:15.747Z,FALSE,"",11:55,FALSE
fare_MAA-DEL_6E_2026-10-08_T+30_1788903777318_52df,MAA-DEL,EaseMyTrip,6E,6E-691,2026-10-08,T+30,8508,1868,10376,2026-09-08T21:25:15.747Z,FALSE,"",11:25,FALSE
fare_MAA-DEL_6E_2026-10-08_T+30_1788903777318_7lbf,MAA-DEL,EaseMyTrip,6E,6E-495,2026-10-08,T+30,8508,1868,10376,2026-09-08T21:25:15.747Z,FALSE,"",11:25,FALSE
fare_MAA-DEL_6E_2026-10-08_T+30_1788903777318_yqpr,MAA-DEL,EaseMyTrip,6E,6E-207,2026-10-08,T+30,8508,1868,10376,2026-09-08T21:25:15.747Z,FALSE,"",20:00,FALSE
fare_MAA-DEL_6E_2026-10-08_T+30_1788903777318_7w3a,MAA-DEL,EaseMyTrip,6E,6E-429,2026-10-08,T+30,8508,1868,10376,2026-09-08T21:25:15.747Z,FALSE,"",20:00,FALSE
fare_MAA-DEL_6E_2026-10-08_T+30_1788903777318_enmi,MAA-DEL,EaseMyTrip,6E,6E-6079,2026-10-08,T+30,8508,1868,10376,2026-09-08T21:25:15.747Z,FALSE,"",10:15,FALSE
fare_MAA-DEL_AI_2026-10-08_T+30_1788903777318_5iqo,MAA-DEL,EaseMyTrip,AI,AI-2832,2026-10-08,T+30,8692,1908,10600,2026-09-08T21:25:15.747Z,FALSE,"",06:55,TRUE
fare_MAA-DEL_AI_2026-10-08_T+30_1788903777318_o7q6,MAA-DEL,EaseMyTrip,AI,AI-2526,2026-10-08,T+30,8692,1908,10600,2026-09-08T21:25:15.747Z,FALSE,"",09:50,TRUE
fare_MAA-DEL_AI_2026-10-08_T+30_1788903777318_cleo,MAA-DEL,EaseMyTrip,AI,AI-2468,2026-10-08,T+30,8692,1908,10600,2026-09-08T21:25:15.747Z,FALSE,"",14:00,TRUE
fare_MAA-DEL_AI_2026-10-08_T+30_1788903777318_yvmn,MAA-DEL,EaseMyTrip,AI,AI-2886,2026-10-08,T+30,8692,1908,10600,2026-09-08T21:25:15.747Z,FALSE,"",08:05,TRUE
fare_MAA-DEL_AI_2026-10-08_T+30_1788903777318_pnzh,MAA-DEL,EaseMyTrip,AI,AI-2836,2026-10-08,T+30,8692,1908,10600,2026-09-08T21:25:15.747Z,FALSE,"",11:00,TRUE
fare_MAA-DEL_AI_2026-10-08_T+30_1788903777318_sraz,MAA-DEL,EaseMyTrip,AI,AI-2484,2026-10-08,T+30,8692,1908,10600,2026-09-08T21:25:15.747Z,FALSE,"",16:20,TRUE
fare_MAA-DEL_AI_2026-10-08_T+30_1788903777318_67ws,MAA-DEL,EaseMyTrip,AI,AI-2838,2026-10-08,T+30,8692,1908,10600,2026-09-08T21:25:15.747Z,FALSE,"",21:40,TRUE
fare_MAA-DEL_6E_2026-10-08_T+30_1788903777318_i10a,MAA-DEL,EaseMyTrip,6E,6E-6209,2026-10-08,T+30,8572,1882,10454,2026-09-08T21:25:15.747Z,FALSE,"",14:35,FALSE
fare_MAA-DEL_6E_2026-10-08_T+30_1788903777318_xq2j,MAA-DEL,EaseMyTrip,6E,6E-116,2026-10-08,T+30,8572,1882,10454,2026-09-08T21:25:15.747Z,FALSE,"",17:45,FALSE
fare_MAA-DEL_6E_2026-10-08_T+30_1788903777318_e18v,MAA-DEL,EaseMyTrip,6E,6E-426,2026-10-08,T+30,8572,1882,10454,2026-09-08T21:25:15.747Z,FALSE,"",17:45,FALSE
fare_MAA-DEL_6E_2026-10-08_T+30_1788903777318_1yt8,MAA-DEL,EaseMyTrip,6E,6E-968,2026-10-08,T+30,8572,1882,10454,2026-09-08T21:25:15.747Z,FALSE,"",19:05,FALSE
fare_MAA-DEL_6E_2026-10-08_T+30_1788903777318_ktad,MAA-DEL,EaseMyTrip,6E,6E-872,2026-10-08,T+30,8572,1882,10454,2026-09-08T21:25:15.747Z,FALSE,"",19:05,FALSE
fare_MAA-DEL_6E_2026-10-08_T+30_1788903777318_zwi8,MAA-DEL,EaseMyTrip,6E,6E-6892,2026-10-08,T+30,8572,1882,10454,2026-09-08T21:25:15.747Z,FALSE,"",10:55,FALSE
fare_MAA-DEL_6E_2026-10-08_T+30_1788903777318_bsin,MAA-DEL,EaseMyTrip,6E,6E-6815,2026-10-08,T+30,8572,1882,10454,2026-09-08T21:25:15.747Z,FALSE,"",08:55,FALSE
fare_MAA-DEL_6E_2026-10-08_T+30_1788903777318_mm0d,MAA-DEL,EaseMyTrip,6E,6E-663,2026-10-08,T+30,8572,1882,10454,2026-09-08T21:25:15.747Z,FALSE,"",16:15,FALSE
fare_MAA-DEL_6E_2026-10-08_T+30_1788903777318_n5zs,MAA-DEL,EaseMyTrip,6E,6E-981,2026-10-08,T+30,8572,1882,10454,2026-09-08T21:25:15.747Z,FALSE,"",16:15,FALSE
fare_MAA-DEL_6E_2026-10-08_T+30_1788903777318_jey9,MAA-DEL,EaseMyTrip,6E,6E-6812,2026-10-08,T+30,8572,1882,10454,2026-09-08T21:25:15.747Z,FALSE,"",20:00,FALSE
fare_MAA-DEL_6E_2026-10-08_T+30_1788903777318_1r2q,MAA-DEL,EaseMyTrip,6E,6E-6113,2026-10-08,T+30,8681,1905,10586,2026-09-08T21:25:15.747Z,FALSE,"",17:00,FALSE
fare_MAA-DEL_6E_2026-10-08_T+30_1788903777318_lz69,MAA-DEL,EaseMyTrip,6E,6E-6140,2026-10-08,T+30,8681,1905,10586,2026-09-08T21:25:15.747Z,FALSE,"",02:30,FALSE
fare_MAA-DEL_6E_2026-10-08_T+30_1788903777318_za7i,MAA-DEL,EaseMyTrip,6E,6E-6348,2026-10-08,T+30,8681,1905,10586,2026-09-08T21:25:15.747Z,FALSE,"",09:00,FALSE
fare_MAA-DEL_6E_2026-10-08_T+30_1788903777318_xf1z,MAA-DEL,EaseMyTrip,6E,6E-5258,2026-10-08,T+30,8681,1905,10586,2026-09-08T21:25:15.747Z,FALSE,"",12:45,FALSE
fare_MAA-DEL_6E_2026-10-08_T+30_1788903777318_ykuz,MAA-DEL,EaseMyTrip,6E,6E-5367,2026-10-08,T+30,8681,1905,10586,2026-09-08T21:25:15.747Z,FALSE,"",18:15,FALSE
fare_MAA-DEL_6E_2026-10-08_T+30_1788903777318_1egx,MAA-DEL,EaseMyTrip,6E,6E-381,2026-10-08,T+30,8681,1905,10586,2026-09-08T21:25:15.747Z,FALSE,"",08:20,FALSE
fare_MAA-DEL_6E_2026-10-08_T+30_1788903777318_c4c5,MAA-DEL,EaseMyTrip,6E,6E-5214,2026-10-08,T+30,8681,1905,10586,2026-09-08T21:25:15.747Z,FALSE,"",11:00,FALSE
fare_MAA-DEL_6E_2026-10-08_T+30_1788903777318_6wdz,MAA-DEL,EaseMyTrip,6E,6E-454,2026-10-08,T+30,8704,1911,10615,2026-09-08T21:25:15.747Z,FALSE,"",02:45,TRUE
fare_MAA-DEL_6E_2026-10-08_T+30_1788903777318_fdvx,MAA-DEL,EaseMyTrip,6E,6E-491,2026-10-08,T+30,8704,1911,10615,2026-09-08T21:25:15.747Z,FALSE,"",16:45,TRUE
fare_MAA-DEL_6E_2026-10-08_T+30_1788903777318_2ys1,MAA-DEL,EaseMyTrip,6E,6E-409,2026-10-08,T+30,8704,1911,10615,2026-09-08T21:25:15.747Z,FALSE,"",16:45,TRUE
fare_MAA-DEL_AI_2026-10-08_T+30_1788903777318_tvq8,MAA-DEL,EaseMyTrip,AI,AI-538,2026-10-08,T+30,9274,2036,11310,2026-09-08T21:25:15.747Z,FALSE,"",20:10,TRUE
fare_MAA-DEL_QP_2026-10-08_T+30_1788903777318_pxkz,MAA-DEL,EaseMyTrip,QP,QP-1146,2026-10-08,T+30,9173,2014,11187,2026-09-08T21:25:15.747Z,FALSE,"",13:35,FALSE
fare_MAA-DEL_6E_2026-10-08_T+30_1788903777318_uafp,MAA-DEL,EaseMyTrip,6E,6E-763,2026-10-08,T+30,9191,2017,11208,2026-09-08T21:25:15.747Z,FALSE,"",09:05,FALSE
fare_MAA-DEL_6E_2026-10-08_T+30_1788903777318_6q68,MAA-DEL,EaseMyTrip,6E,6E-893,2026-10-08,T+30,9191,2017,11208,2026-09-08T21:25:15.747Z,FALSE,"",09:05,FALSE
fare_MAA-DEL_IX_2026-10-08_T+30_1788903777318_ni8r,MAA-DEL,EaseMyTrip,IX,IX-2971,2026-10-08,T+30,9701,2129,11830,2026-09-08T21:25:15.747Z,FALSE,"",10:45,FALSE
fare_MAA-DEL_IX_2026-10-08_T+30_1788903777318_qzcd,MAA-DEL,EaseMyTrip,IX,IX-2786,2026-10-08,T+30,9701,2129,11830,2026-09-08T21:25:15.747Z,FALSE,"",07:25,FALSE
fare_MAA-DEL_IX_2026-10-08_T+30_1788903777318_9l8b,MAA-DEL,EaseMyTrip,IX,IX-2975,2026-10-08,T+30,9701,2129,11830,2026-09-08T21:25:15.747Z,FALSE,"",06:30,FALSE
fare_MAA-DEL_6E_2026-10-08_T+30_1788903777318_avjf,MAA-DEL,EaseMyTrip,6E,6E-914,2026-10-08,T+30,9363,2055,11418,2026-09-08T21:25:15.747Z,FALSE,"",17:40,FALSE
fare_MAA-DEL_6E_2026-10-08_T+30_1788903777318_75p6,MAA-DEL,EaseMyTrip,6E,6E-899,2026-10-08,T+30,9363,2055,11418,2026-09-08T21:25:15.747Z,FALSE,"",17:40,FALSE
fare_MAA-DEL_6E_2026-10-08_T+30_1788903777318_gf79,MAA-DEL,EaseMyTrip,6E,6E-382,2026-10-08,T+30,9770,2145,11915,2026-09-08T21:25:15.747Z,FALSE,"",12:30,FALSE
fare_MAA-DEL_6E_2026-10-08_T+30_1788903777318_dy5u,MAA-DEL,EaseMyTrip,6E,6E-285,2026-10-08,T+30,9770,2145,11915,2026-09-08T21:25:15.747Z,FALSE,"",12:30,FALSE
fare_MAA-DEL_6E_2026-10-08_T+30_1788903777318_cxhs,MAA-DEL,EaseMyTrip,6E,6E-425,2026-10-08,T+30,10175,2233,12408,2026-09-08T21:25:15.747Z,FALSE,"",22:00,FALSE
fare_MAA-DEL_6E_2026-10-08_T+30_1788903777318_j2y3,MAA-DEL,EaseMyTrip,6E,6E-515,2026-10-08,T+30,10175,2233,12408,2026-09-08T21:25:15.747Z,FALSE,"",22:00,FALSE
fare_MAA-DEL_AI_2026-10-08_T+30_1788903777318_0zel,MAA-DEL,EaseMyTrip,AI,AI-9763,2026-10-08,T+30,10929,2399,13328,2026-09-08T21:25:15.747Z,FALSE,"",08:55,FALSE
fare_MAA-DEL_AI_2026-10-08_T+30_1788903777318_ejvp,MAA-DEL,EaseMyTrip,AI,AI-9483,2026-10-08,T+30,10929,2399,13328,2026-09-08T21:25:15.747Z,FALSE,"",07:25,FALSE
fare_MAA-DEL_AI_2026-10-08_T+30_1788903777318_j7b1,MAA-DEL,EaseMyTrip,AI,AI-9481,2026-10-08,T+30,10929,2399,13328,2026-09-08T21:25:15.747Z,FALSE,"",10:45,FALSE
fare_MAA-DEL_AI_2026-10-08_T+30_1788903777318_spoc,MAA-DEL,EaseMyTrip,AI,AI-9427,2026-10-08,T+30,10929,2399,13328,2026-09-08T21:25:15.747Z,FALSE,"",06:30,FALSE
fare_MAA-DEL_AI_2026-10-08_T+30_1788903777318_oxl2,MAA-DEL,EaseMyTrip,AI,AI-9971,2026-10-08,T+30,10929,2399,13328,2026-09-08T21:25:15.747Z,FALSE,"",16:30,FALSE
fare_MAA-DEL_AI_2026-10-08_T+30_1788903777318_uq6r,MAA-DEL,EaseMyTrip,AI,AI-9552,2026-10-08,T+30,10981,2411,13392,2026-09-08T21:25:15.747Z,FALSE,"",22:05,FALSE
fare_MAA-DEL_AI_2026-10-08_T+30_1788903777318_q0r8,MAA-DEL,EaseMyTrip,AI,AI-9479,2026-10-08,T+30,11302,2481,13783,2026-09-08T21:25:15.747Z,FALSE,"",21:25,FALSE
fare_MAA-DEL_IX_2026-10-08_T+30_1788903777318_uqko,MAA-DEL,EaseMyTrip,IX,IX-2662,2026-10-08,T+30,11672,2562,14234,2026-09-08T21:25:15.747Z,TRUE,"High outlier: ₹14234 > upper fence ₹14011 (Q3: ₹11830, IQR: ₹1454)",21:25,FALSE
fare_MAA-DEL_IX_2026-10-08_T+30_1788903777318_kiv5,MAA-DEL,EaseMyTrip,IX,IX-2507,2026-10-08,T+30,11672,2562,14234,2026-09-08T21:25:15.747Z,TRUE,"High outlier: ₹14234 > upper fence ₹14011 (Q3: ₹11830, IQR: ₹1454)",16:30,FALSE
fare_MAA-DEL_AI_2026-10-08_T+30_1788903777318_c03b,MAA-DEL,EaseMyTrip,AI,AI-2822,2026-10-08,T+30,11852,2602,14454,2026-09-08T21:25:15.747Z,TRUE,"High outlier: ₹14454 > upper fence ₹14011 (Q3: ₹11830, IQR: ₹1454)",09:35,FALSE
fare_MAA-DEL_IX_2026-10-08_T+30_1788903777318_i62i,MAA-DEL,EaseMyTrip,IX,IX-1256,2026-10-08,T+30,14371,3155,17526,2026-09-08T21:25:15.747Z,TRUE,"High outlier: ₹17526 > upper fence ₹14011 (Q3: ₹11830, IQR: ₹1454)",09:40,FALSE
fare_MAA-DEL_AI_2026-10-08_T+30_1788903777318_zq69,MAA-DEL,EaseMyTrip,AI,AI-9775,2026-10-08,T+30,13253,2909,16162,2026-09-08T21:25:15.747Z,TRUE,"High outlier: ₹16162 > upper fence ₹14011 (Q3: ₹11830, IQR: ₹1454)",13:45,FALSE
fare_MAA-DEL_6E_2026-10-08_T+30_1788903777318_aamw,MAA-DEL,EaseMyTrip,6E,6E-7084,2026-10-08,T+30,13657,2998,16655,2026-09-08T21:25:15.747Z,TRUE,"High outlier: ₹16655 > upper fence ₹14011 (Q3: ₹11830, IQR: ₹1454)",07:20,FALSE
fare_MAA-DEL_AI_2026-10-08_T+30_1788903777318_ekv9,MAA-DEL,EaseMyTrip,AI,AI-9783,2026-10-08,T+30,15210,3339,18549,2026-09-08T21:25:15.747Z,TRUE,"High outlier: ₹18549 > upper fence ₹14011 (Q3: ₹11830, IQR: ₹1454)",19:40,FALSE
fare_MAA-DEL_AI_2026-10-08_T+30_1788903777318_y07n,MAA-DEL,EaseMyTrip,AI,AI-2740,2026-10-08,T+30,15235,3344,18579,2026-09-08T21:25:15.747Z,TRUE,"High outlier: ₹18579 > upper fence ₹14011 (Q3: ₹11830, IQR: ₹1454)",16:00,FALSE
fare_MAA-DEL_AI_2026-10-08_T+30_1788903777318_s3o8,MAA-DEL,EaseMyTrip,AI,AI-2828,2026-10-08,T+30,15235,3344,18579,2026-09-08T21:25:15.747Z,TRUE,"High outlier: ₹18579 > upper fence ₹14011 (Q3: ₹11830, IQR: ₹1454)",05:55,FALSE
fare_MAA-DEL_AI_2026-10-08_T+30_1788903777318_j6hi,MAA-DEL,EaseMyTrip,AI,AI-640,2026-10-08,T+30,15381,3376,18757,2026-09-08T21:25:15.747Z,TRUE,"High outlier: ₹18757 > upper fence ₹14011 (Q3: ₹11830, IQR: ₹1454)",17:00,FALSE
fare_MAA-DEL_AI_2026-10-08_T+30_1788903777318_p5gd,MAA-DEL,EaseMyTrip,AI,AI-2779,2026-10-08,T+30,15527,3408,18935,2026-09-08T21:25:15.747Z,TRUE,"High outlier: ₹18935 > upper fence ₹14011 (Q3: ₹11830, IQR: ₹1454)",07:00,FALSE
fare_MAA-DEL_AI_2026-10-08_T+30_1788903777318_m99k,MAA-DEL,EaseMyTrip,AI,AI-436,2026-10-08,T+30,15672,3440,19112,2026-09-08T21:25:15.747Z,TRUE,"High outlier: ₹19112 > upper fence ₹14011 (Q3: ₹11830, IQR: ₹1454)",21:05,FALSE
fare_MAA-DEL_AI_2026-10-08_T+30_1788903777318_maio,MAA-DEL,EaseMyTrip,AI,AI-9785,2026-10-08,T+30,16229,3562,19791,2026-09-08T21:25:15.747Z,TRUE,"High outlier: ₹19791 > upper fence ₹14011 (Q3: ₹11830, IQR: ₹1454)",09:40,FALSE
fare_MAA-DEL_IX_2026-10-08_T+30_1788903777318_03eg,MAA-DEL,EaseMyTrip,IX,IX-1354,2026-10-08,T+30,17461,3833,21294,2026-09-08T21:25:15.747Z,TRUE,"High outlier: ₹21294 > upper fence ₹14011 (Q3: ₹11830, IQR: ₹1454)",14:40,FALSE
fare_MAA-DEL_IX_2026-10-23_T+45_1788903777318_8az2,MAA-DEL,EaseMyTrip,IX,IX-1385,2026-10-23,T+45,8392,1842,10234,2026-09-08T21:25:21.720Z,FALSE,"",08:55,FALSE
fare_MAA-DEL_IX_2026-10-23_T+45_1788903777318_899m,MAA-DEL,EaseMyTrip,IX,IX-2661,2026-10-23,T+45,8564,1880,10444,2026-09-08T21:25:21.720Z,FALSE,"",22:05,FALSE
fare_MAA-DEL_6E_2026-10-23_T+45_1788903777318_34wt,MAA-DEL,EaseMyTrip,6E,6E-6797,2026-10-23,T+45,7846,1722,9568,2026-09-08T21:25:21.720Z,FALSE,"",13:10,FALSE
fare_MAA-DEL_6E_2026-10-23_T+45_1788903777318_bben,MAA-DEL,EaseMyTrip,6E,6E-6925,2026-10-23,T+45,8018,1760,9778,2026-09-08T21:25:21.720Z,FALSE,"",12:00,FALSE
fare_MAA-DEL_6E_2026-10-23_T+45_1788903777318_1ynk,MAA-DEL,EaseMyTrip,6E,6E-6487,2026-10-23,T+45,8018,1760,9778,2026-09-08T21:25:21.720Z,FALSE,"",21:25,FALSE
fare_MAA-DEL_6E_2026-10-23_T+45_1788903777318_laud,MAA-DEL,EaseMyTrip,6E,6E-493,2026-10-23,T+45,8018,1760,9778,2026-09-08T21:25:21.720Z,FALSE,"",09:05,FALSE
fare_MAA-DEL_6E_2026-10-23_T+45_1788903777318_n21i,MAA-DEL,EaseMyTrip,6E,6E-914,2026-10-23,T+45,8018,1760,9778,2026-09-08T21:25:21.720Z,FALSE,"",09:05,FALSE
fare_MAA-DEL_6E_2026-10-23_T+45_1788903777318_d6qe,MAA-DEL,EaseMyTrip,6E,6E-6158,2026-10-23,T+45,8018,1760,9778,2026-09-08T21:25:21.720Z,FALSE,"",16:10,FALSE
fare_MAA-DEL_6E_2026-10-23_T+45_1788903777318_49g2,MAA-DEL,EaseMyTrip,6E,6E-638,2026-10-23,T+45,8018,1760,9778,2026-09-08T21:25:21.720Z,FALSE,"",18:20,FALSE
fare_MAA-DEL_6E_2026-10-23_T+45_1788903777318_bvod,MAA-DEL,EaseMyTrip,6E,6E-795,2026-10-23,T+45,8018,1760,9778,2026-09-08T21:25:21.720Z,FALSE,"",18:20,FALSE
fare_MAA-DEL_6E_2026-10-23_T+45_1788903777318_kkcd,MAA-DEL,EaseMyTrip,6E,6E-133,2026-10-23,T+45,8018,1760,9778,2026-09-08T21:25:21.720Z,FALSE,"",11:10,FALSE
fare_MAA-DEL_6E_2026-10-23_T+45_1788903777318_tu40,MAA-DEL,EaseMyTrip,6E,6E-457,2026-10-23,T+45,8018,1760,9778,2026-09-08T21:25:21.720Z,FALSE,"",11:10,FALSE
fare_MAA-DEL_6E_2026-10-23_T+45_1788903777318_p3bn,MAA-DEL,EaseMyTrip,6E,6E-330,2026-10-23,T+45,8018,1760,9778,2026-09-08T21:25:21.720Z,FALSE,"",05:40,FALSE
fare_MAA-DEL_6E_2026-10-23_T+45_1788903777318_nxb3,MAA-DEL,EaseMyTrip,6E,6E-941,2026-10-23,T+45,8018,1760,9778,2026-09-08T21:25:21.720Z,FALSE,"",05:40,FALSE
fare_MAA-DEL_6E_2026-10-23_T+45_1788903777318_hxpo,MAA-DEL,EaseMyTrip,6E,6E-852,2026-10-23,T+45,8018,1760,9778,2026-09-08T21:25:21.720Z,FALSE,"",07:10,FALSE
fare_MAA-DEL_6E_2026-10-23_T+45_1788903777318_uzri,MAA-DEL,EaseMyTrip,6E,6E-102,2026-10-23,T+45,8018,1760,9778,2026-09-08T21:25:21.720Z,FALSE,"",07:10,FALSE
fare_MAA-DEL_6E_2026-10-23_T+45_1788903777318_axiw,MAA-DEL,EaseMyTrip,6E,6E-504,2026-10-23,T+45,8018,1760,9778,2026-09-08T21:25:21.720Z,FALSE,"",22:20,FALSE
fare_MAA-DEL_6E_2026-10-23_T+45_1788903777318_gyc9,MAA-DEL,EaseMyTrip,6E,6E-832,2026-10-23,T+45,8018,1760,9778,2026-09-08T21:25:21.720Z,FALSE,"",22:20,FALSE
fare_MAA-DEL_6E_2026-10-23_T+45_1788903777318_gyfu,MAA-DEL,EaseMyTrip,6E,6E-764,2026-10-23,T+45,8018,1760,9778,2026-09-08T21:25:21.720Z,FALSE,"",09:55,FALSE
fare_MAA-DEL_6E_2026-10-23_T+45_1788903777318_phxi,MAA-DEL,EaseMyTrip,6E,6E-154,2026-10-23,T+45,8018,1760,9778,2026-09-08T21:25:21.720Z,FALSE,"",09:55,FALSE
fare_MAA-DEL_6E_2026-10-23_T+45_1788903777318_ye5n,MAA-DEL,EaseMyTrip,6E,6E-996,2026-10-23,T+45,8018,1760,9778,2026-09-08T21:25:21.720Z,FALSE,"",20:00,FALSE
fare_MAA-DEL_6E_2026-10-23_T+45_1788903777318_l4fv,MAA-DEL,EaseMyTrip,6E,6E-972,2026-10-23,T+45,8018,1760,9778,2026-09-08T21:25:21.720Z,FALSE,"",20:00,FALSE
fare_MAA-DEL_6E_2026-10-23_T+45_1788903777318_jiam,MAA-DEL,EaseMyTrip,6E,6E-295,2026-10-23,T+45,8018,1760,9778,2026-09-08T21:25:21.720Z,FALSE,"",09:05,FALSE
fare_MAA-DEL_6E_2026-10-23_T+45_1788903777318_sr9h,MAA-DEL,EaseMyTrip,6E,6E-456,2026-10-23,T+45,8018,1760,9778,2026-09-08T21:25:21.720Z,FALSE,"",09:05,FALSE
fare_MAA-DEL_6E_2026-10-23_T+45_1788903777318_4cku,MAA-DEL,EaseMyTrip,6E,6E-6081,2026-10-23,T+45,8029,1762,9791,2026-09-08T21:25:21.720Z,FALSE,"",07:05,FALSE
fare_MAA-DEL_6E_2026-10-23_T+45_1788903777318_4q06,MAA-DEL,EaseMyTrip,6E,6E-6209,2026-10-23,T+45,8083,1774,9857,2026-09-08T21:25:21.720Z,FALSE,"",14:35,FALSE
fare_MAA-DEL_6E_2026-10-23_T+45_1788903777318_08fu,MAA-DEL,EaseMyTrip,6E,6E-990,2026-10-23,T+45,8083,1774,9857,2026-09-08T21:25:21.720Z,FALSE,"",19:05,FALSE
fare_MAA-DEL_6E_2026-10-23_T+45_1788903777318_u4n0,MAA-DEL,EaseMyTrip,6E,6E-509,2026-10-23,T+45,8083,1774,9857,2026-09-08T21:25:21.720Z,FALSE,"",19:05,FALSE
fare_MAA-DEL_6E_2026-10-23_T+45_1788903777318_9j69,MAA-DEL,EaseMyTrip,6E,6E-6815,2026-10-23,T+45,8083,1774,9857,2026-09-08T21:25:21.720Z,FALSE,"",08:55,FALSE
fare_MAA-DEL_6E_2026-10-23_T+45_1788903777318_swa5,MAA-DEL,EaseMyTrip,6E,6E-519,2026-10-23,T+45,8083,1774,9857,2026-09-08T21:25:21.720Z,FALSE,"",16:15,FALSE
fare_MAA-DEL_6E_2026-10-23_T+45_1788903777318_sw88,MAA-DEL,EaseMyTrip,6E,6E-358,2026-10-23,T+45,8083,1774,9857,2026-09-08T21:25:21.720Z,FALSE,"",16:15,FALSE
fare_MAA-DEL_6E_2026-10-23_T+45_1788903777318_mqo5,MAA-DEL,EaseMyTrip,6E,6E-6812,2026-10-23,T+45,8083,1774,9857,2026-09-08T21:25:21.720Z,FALSE,"",20:00,FALSE
fare_MAA-DEL_6E_2026-10-23_T+45_1788903777318_sahk,MAA-DEL,EaseMyTrip,6E,6E-117,2026-10-23,T+45,8190,1798,9988,2026-09-08T21:25:21.720Z,FALSE,"",17:40,FALSE
fare_MAA-DEL_6E_2026-10-23_T+45_1788903777318_8kvb,MAA-DEL,EaseMyTrip,6E,6E-214,2026-10-23,T+45,8190,1798,9988,2026-09-08T21:25:21.720Z,FALSE,"",17:40,FALSE
fare_MAA-DEL_6E_2026-10-23_T+45_1788903777318_tzxj,MAA-DEL,EaseMyTrip,6E,6E-6113,2026-10-23,T+45,8190,1798,9988,2026-09-08T21:25:21.720Z,FALSE,"",17:00,FALSE
fare_MAA-DEL_6E_2026-10-23_T+45_1788903777318_i5e7,MAA-DEL,EaseMyTrip,6E,6E-6140,2026-10-23,T+45,8190,1798,9988,2026-09-08T21:25:21.720Z,FALSE,"",02:30,FALSE
fare_MAA-DEL_6E_2026-10-23_T+45_1788903777318_s8co,MAA-DEL,EaseMyTrip,6E,6E-6348,2026-10-23,T+45,8190,1798,9988,2026-09-08T21:25:21.720Z,FALSE,"",09:00,FALSE
fare_MAA-DEL_6E_2026-10-23_T+45_1788903777318_3284,MAA-DEL,EaseMyTrip,6E,6E-5258,2026-10-23,T+45,8190,1798,9988,2026-09-08T21:25:21.720Z,FALSE,"",12:45,FALSE
fare_MAA-DEL_6E_2026-10-23_T+45_1788903777318_trsq,MAA-DEL,EaseMyTrip,6E,6E-5367,2026-10-23,T+45,8190,1798,9988,2026-09-08T21:25:21.720Z,FALSE,"",18:15,FALSE
fare_MAA-DEL_6E_2026-10-23_T+45_1788903777318_a6b4,MAA-DEL,EaseMyTrip,6E,6E-5214,2026-10-23,T+45,8190,1798,9988,2026-09-08T21:25:21.720Z,FALSE,"",11:00,FALSE
fare_MAA-DEL_6E_2026-10-23_T+45_1788903777318_qs9z,MAA-DEL,EaseMyTrip,6E,6E-346,2026-10-23,T+45,8232,1807,10039,2026-09-08T21:25:21.720Z,FALSE,"",12:30,FALSE
fare_MAA-DEL_6E_2026-10-23_T+45_1788903777318_xvqi,MAA-DEL,EaseMyTrip,6E,6E-349,2026-10-23,T+45,8232,1807,10039,2026-09-08T21:25:21.720Z,FALSE,"",12:30,FALSE
fare_MAA-DEL_6E_2026-10-23_T+45_1788903777318_zusu,MAA-DEL,EaseMyTrip,6E,6E-271,2026-10-23,T+45,8323,1827,10150,2026-09-08T21:25:21.720Z,FALSE,"",02:45,TRUE
fare_MAA-DEL_6E_2026-10-23_T+45_1788903777318_kzid,MAA-DEL,EaseMyTrip,6E,6E-774,2026-10-23,T+45,8323,1827,10150,2026-09-08T21:25:21.720Z,FALSE,"",02:45,TRUE
fare_MAA-DEL_6E_2026-10-23_T+45_1788903777318_xtsk,MAA-DEL,EaseMyTrip,6E,6E-2369,2026-10-23,T+45,8323,1827,10150,2026-09-08T21:25:21.720Z,FALSE,"",23:45,TRUE
fare_MAA-DEL_6E_2026-10-23_T+45_1788903777318_rexe,MAA-DEL,EaseMyTrip,6E,6E-833,2026-10-23,T+45,8323,1827,10150,2026-09-08T21:25:21.720Z,FALSE,"",19:00,TRUE
fare_MAA-DEL_6E_2026-10-23_T+45_1788903777318_hgnr,MAA-DEL,EaseMyTrip,6E,6E-817,2026-10-23,T+45,8323,1827,10150,2026-09-08T21:25:21.720Z,FALSE,"",19:00,TRUE
fare_MAA-DEL_6E_2026-10-23_T+45_1788903777318_c268,MAA-DEL,EaseMyTrip,6E,6E-149,2026-10-23,T+45,8323,1827,10150,2026-09-08T21:25:21.720Z,FALSE,"",16:45,TRUE
fare_MAA-DEL_6E_2026-10-23_T+45_1788903777318_azak,MAA-DEL,EaseMyTrip,6E,6E-137,2026-10-23,T+45,8323,1827,10150,2026-09-08T21:25:21.720Z,FALSE,"",16:45,TRUE
fare_MAA-DEL_6E_2026-10-23_T+45_1788903777318_7zul,MAA-DEL,EaseMyTrip,6E,6E-110,2026-10-23,T+45,8323,1827,10150,2026-09-08T21:25:21.720Z,FALSE,"",21:50,TRUE
fare_MAA-DEL_6E_2026-10-23_T+45_1788903777318_fasm,MAA-DEL,EaseMyTrip,6E,6E-635,2026-10-23,T+45,8323,1827,10150,2026-09-08T21:25:21.720Z,FALSE,"",21:50,TRUE
fare_MAA-DEL_6E_2026-10-23_T+45_1788903777318_b6qp,MAA-DEL,EaseMyTrip,6E,6E-6002,2026-10-23,T+45,8323,1827,10150,2026-09-08T21:25:21.720Z,FALSE,"",11:10,TRUE
fare_MAA-DEL_6E_2026-10-23_T+45_1788903777318_mla0,MAA-DEL,EaseMyTrip,6E,6E-459,2026-10-23,T+45,8323,1827,10150,2026-09-08T21:25:21.720Z,FALSE,"",06:30,TRUE
fare_MAA-DEL_6E_2026-10-23_T+45_1788903777318_6232,MAA-DEL,EaseMyTrip,6E,6E-903,2026-10-23,T+45,8323,1827,10150,2026-09-08T21:25:21.720Z,FALSE,"",06:30,TRUE
fare_MAA-DEL_6E_2026-10-23_T+45_1788903777318_j5bt,MAA-DEL,EaseMyTrip,6E,6E-728,2026-10-23,T+45,8323,1827,10150,2026-09-08T21:25:21.720Z,FALSE,"",14:30,TRUE
fare_MAA-DEL_6E_2026-10-23_T+45_1788903777318_os5g,MAA-DEL,EaseMyTrip,6E,6E-989,2026-10-23,T+45,8323,1827,10150,2026-09-08T21:25:21.720Z,FALSE,"",14:30,TRUE
fare_MAA-DEL_AI_2026-10-23_T+45_1788903777318_vdkg,MAA-DEL,EaseMyTrip,AI,AI-2832,2026-10-23,T+45,8692,1908,10600,2026-09-08T21:25:21.720Z,FALSE,"",06:55,TRUE
fare_MAA-DEL_AI_2026-10-23_T+45_1788903777318_obml,MAA-DEL,EaseMyTrip,AI,AI-2526,2026-10-23,T+45,8692,1908,10600,2026-09-08T21:25:21.720Z,FALSE,"",09:50,TRUE
fare_MAA-DEL_AI_2026-10-23_T+45_1788903777318_ywl7,MAA-DEL,EaseMyTrip,AI,AI-2468,2026-10-23,T+45,8692,1908,10600,2026-09-08T21:25:21.720Z,FALSE,"",14:00,TRUE
fare_MAA-DEL_AI_2026-10-23_T+45_1788903777318_cdpz,MAA-DEL,EaseMyTrip,AI,AI-2886,2026-10-23,T+45,8692,1908,10600,2026-09-08T21:25:21.720Z,FALSE,"",08:05,TRUE
fare_MAA-DEL_6E_2026-10-23_T+45_1788903777318_ajzv,MAA-DEL,EaseMyTrip,6E,6E-748,2026-10-23,T+45,8585,1884,10469,2026-09-08T21:25:21.720Z,FALSE,"",08:10,FALSE
fare_MAA-DEL_6E_2026-10-23_T+45_1788903777318_6gch,MAA-DEL,EaseMyTrip,6E,6E-543,2026-10-23,T+45,8585,1884,10469,2026-09-08T21:25:21.720Z,FALSE,"",08:10,FALSE
fare_MAA-DEL_6E_2026-10-23_T+45_1788903777318_itsz,MAA-DEL,EaseMyTrip,6E,6E-6892,2026-10-23,T+45,8703,1911,10614,2026-09-08T21:25:21.720Z,FALSE,"",10:55,FALSE
fare_MAA-DEL_6E_2026-10-23_T+45_1788903777318_o265,MAA-DEL,EaseMyTrip,6E,6E-948,2026-10-23,T+45,8704,1911,10615,2026-09-08T21:25:21.720Z,FALSE,"",09:15,TRUE
fare_MAA-DEL_6E_2026-10-23_T+45_1788903777318_eie2,MAA-DEL,EaseMyTrip,6E,6E-933,2026-10-23,T+45,8704,1911,10615,2026-09-08T21:25:21.720Z,FALSE,"",09:15,TRUE
fare_MAA-DEL_AI_2026-10-23_T+45_1788903777318_sguh,MAA-DEL,EaseMyTrip,AI,AI-538,2026-10-23,T+45,9055,1988,11043,2026-09-08T21:25:21.720Z,FALSE,"",20:10,TRUE
fare_MAA-DEL_AI_2026-10-23_T+45_1788903777318_y5iu,MAA-DEL,EaseMyTrip,AI,AI-2484,2026-10-23,T+45,9055,1988,11043,2026-09-08T21:25:21.720Z,FALSE,"",16:20,TRUE
fare_MAA-DEL_QP_2026-10-23_T+45_1788903777318_ggn0,MAA-DEL,EaseMyTrip,QP,QP-1146,2026-10-23,T+45,9173,2014,11187,2026-09-08T21:25:21.720Z,FALSE,"",14:00,FALSE
fare_MAA-DEL_6E_2026-10-23_T+45_1788903777318_h6k4,MAA-DEL,EaseMyTrip,6E,6E-336,2026-10-23,T+45,9320,2046,11366,2026-09-08T21:25:21.720Z,FALSE,"",08:10,FALSE
fare_MAA-DEL_6E_2026-10-23_T+45_1788903777318_x0gz,MAA-DEL,EaseMyTrip,6E,6E-773,2026-10-23,T+45,9320,2046,11366,2026-09-08T21:25:21.720Z,FALSE,"",08:10,FALSE
fare_MAA-DEL_AI_2026-10-23_T+45_1788903777318_l2c9,MAA-DEL,EaseMyTrip,AI,AI-2838,2026-10-23,T+45,9509,2087,11596,2026-09-08T21:25:21.720Z,FALSE,"",21:40,TRUE
fare_MAA-DEL_6E_2026-10-23_T+45_1788903777318_xe7x,MAA-DEL,EaseMyTrip,6E,6E-248,2026-10-23,T+45,9531,2092,11623,2026-09-08T21:25:21.720Z,FALSE,"",13:00,TRUE
fare_MAA-DEL_6E_2026-10-23_T+45_1788903777318_tnx9,MAA-DEL,EaseMyTrip,6E,6E-787,2026-10-23,T+45,9531,2092,11623,2026-09-08T21:25:21.720Z,FALSE,"",13:00,TRUE
fare_MAA-DEL_6E_2026-10-23_T+45_1788903777318_dx02,MAA-DEL,EaseMyTrip,6E,6E-704,2026-10-23,T+45,9952,2185,12137,2026-09-08T21:25:21.720Z,FALSE,"",17:50,FALSE
fare_MAA-DEL_6E_2026-10-23_T+45_1788903777318_4itj,MAA-DEL,EaseMyTrip,6E,6E-548,2026-10-23,T+45,9952,2185,12137,2026-09-08T21:25:21.720Z,FALSE,"",17:50,FALSE
fare_MAA-DEL_6E_2026-10-23_T+45_1788903777318_8z80,MAA-DEL,EaseMyTrip,6E,6E-6079,2026-10-23,T+45,10211,2241,12452,2026-09-08T21:25:21.720Z,FALSE,"",10:15,FALSE
fare_MAA-DEL_6E_2026-10-23_T+45_1788903777318_u3qx,MAA-DEL,EaseMyTrip,6E,6E-765,2026-10-23,T+45,10887,2390,13277,2026-09-08T21:25:21.720Z,FALSE,"",11:25,FALSE
fare_MAA-DEL_6E_2026-10-23_T+45_1788903777318_em7m,MAA-DEL,EaseMyTrip,6E,6E-122,2026-10-23,T+45,10887,2390,13277,2026-09-08T21:25:21.720Z,FALSE,"",11:25,FALSE
fare_MAA-DEL_6E_2026-10-23_T+45_1788903777318_2eas,MAA-DEL,EaseMyTrip,6E,6E-244,2026-10-23,T+45,10887,2390,13277,2026-09-08T21:25:21.720Z,FALSE,"",11:55,FALSE
fare_MAA-DEL_6E_2026-10-23_T+45_1788903777318_bxba,MAA-DEL,EaseMyTrip,6E,6E-850,2026-10-23,T+45,10887,2390,13277,2026-09-08T21:25:21.720Z,FALSE,"",11:55,FALSE
fare_MAA-DEL_IX_2026-10-23_T+45_1788903777318_cdmc,MAA-DEL,EaseMyTrip,IX,IX-2786,2026-10-23,T+45,11672,2562,14234,2026-09-08T21:25:21.720Z,FALSE,"",07:25,FALSE
fare_MAA-DEL_IX_2026-10-23_T+45_1788903777318_3df0,MAA-DEL,EaseMyTrip,IX,IX-2975,2026-10-23,T+45,11672,2562,14234,2026-09-08T21:25:21.720Z,FALSE,"",06:30,FALSE
fare_MAA-DEL_6E_2026-10-23_T+45_1788903777318_3yqn,MAA-DEL,EaseMyTrip,6E,6E-5093,2026-10-23,T+45,11464,2517,13981,2026-09-08T21:25:21.720Z,FALSE,"",05:00,FALSE
fare_MAA-DEL_IX_2026-10-23_T+45_1788903777318_8dur,MAA-DEL,EaseMyTrip,IX,IX-2971,2026-10-23,T+45,12024,2640,14664,2026-09-08T21:25:21.720Z,FALSE,"",10:45,FALSE
fare_MAA-DEL_6E_2026-10-23_T+45_1788903777318_0fzu,MAA-DEL,EaseMyTrip,6E,6E-999,2026-10-23,T+45,11751,2580,14331,2026-09-08T21:25:21.720Z,FALSE,"",03:55,FALSE
fare_MAA-DEL_6E_2026-10-23_T+45_1788903777318_a4iq,MAA-DEL,EaseMyTrip,6E,6E-920,2026-10-23,T+45,11751,2580,14331,2026-09-08T21:25:21.720Z,FALSE,"",03:55,FALSE
fare_MAA-DEL_AI_2026-10-23_T+45_1788903777318_dih3,MAA-DEL,EaseMyTrip,AI,AI-9483,2026-10-23,T+45,12193,2677,14870,2026-09-08T21:25:21.720Z,FALSE,"",07:25,FALSE
fare_MAA-DEL_AI_2026-10-23_T+45_1788903777318_6mof,MAA-DEL,EaseMyTrip,AI,AI-9427,2026-10-23,T+45,12193,2677,14870,2026-09-08T21:25:21.720Z,FALSE,"",06:30,FALSE
fare_MAA-DEL_AI_2026-10-23_T+45_1788903777318_w0ds,MAA-DEL,EaseMyTrip,AI,AI-9479,2026-10-23,T+45,12553,2755,15308,2026-09-08T21:25:21.720Z,FALSE,"",21:25,FALSE
fare_MAA-DEL_AI_2026-10-23_T+45_1788903777318_l87d,MAA-DEL,EaseMyTrip,AI,AI-9971,2026-10-23,T+45,12553,2755,15308,2026-09-08T21:25:21.720Z,FALSE,"",16:30,FALSE
fare_MAA-DEL_AI_2026-10-23_T+45_1788903777318_ijfn,MAA-DEL,EaseMyTrip,AI,AI-9763,2026-10-23,T+45,12556,2756,15312,2026-09-08T21:25:21.720Z,FALSE,"",08:55,FALSE
fare_MAA-DEL_IX_2026-10-23_T+45_1788903777318_5hkh,MAA-DEL,EaseMyTrip,IX,IX-2662,2026-10-23,T+45,12911,2834,15745,2026-09-08T21:25:21.720Z,FALSE,"",21:25,FALSE
fare_MAA-DEL_AI_2026-10-23_T+45_1788903777318_3qeg,MAA-DEL,EaseMyTrip,AI,AI-9481,2026-10-23,T+45,13004,2855,15859,2026-09-08T21:25:21.720Z,FALSE,"",10:45,FALSE
fare_MAA-DEL_AI_2026-10-23_T+45_1788903777318_e4d6,MAA-DEL,EaseMyTrip,AI,AI-9775,2026-10-23,T+45,13121,2880,16001,2026-09-08T21:25:21.720Z,FALSE,"",13:45,FALSE
fare_MAA-DEL_AI_2026-10-23_T+45_1788903777318_9pcc,MAA-DEL,EaseMyTrip,AI,AI-9552,2026-10-23,T+45,13939,3060,16999,2026-09-08T21:25:21.720Z,FALSE,"",22:05,FALSE
fare_MAA-DEL_AI_2026-10-23_T+45_1788903777318_ma6y,MAA-DEL,EaseMyTrip,AI,AI-2822,2026-10-23,T+45,16135,3542,19677,2026-09-08T21:25:21.720Z,FALSE,"",09:35,FALSE
fare_MAA-DEL_AI_2026-10-23_T+45_1788903777318_2q37,MAA-DEL,EaseMyTrip,AI,AI-2779,2026-10-23,T+45,16135,3542,19677,2026-09-08T21:25:21.720Z,FALSE,"",07:00,FALSE
fare_MAA-DEL_AI_2026-10-23_T+45_1788903777318_n8rk,MAA-DEL,EaseMyTrip,AI,AI-2828,2026-10-23,T+45,16344,3588,19932,2026-09-08T21:25:21.720Z,FALSE,"",05:55,FALSE
fare_MAA-DEL_AI_2026-10-23_T+45_1788903777318_40jy,MAA-DEL,EaseMyTrip,AI,AI-2740,2026-10-23,T+45,16427,3606,20033,2026-09-08T21:25:21.720Z,FALSE,"",16:00,FALSE
fare_MAA-DEL_AI_2026-10-23_T+45_1788903777318_i11a,MAA-DEL,EaseMyTrip,AI,AI-640,2026-10-23,T+45,16427,3606,20033,2026-09-08T21:25:21.720Z,FALSE,"",17:00,FALSE
fare_MAA-DEL_IX_2026-10-23_T+45_1788903777318_5t2n,MAA-DEL,EaseMyTrip,IX,IX-1256,2026-10-23,T+45,17264,3790,21054,2026-09-08T21:25:21.720Z,TRUE,"High outlier: ₹21054 > upper fence ₹20325 (Q3: ₹14044, IQR: ₹4187)",09:40,FALSE
fare_MAA-DEL_AI_2026-10-23_T+45_1788903777318_8cv0,MAA-DEL,EaseMyTrip,AI,AI-436,2026-10-23,T+45,16572,3638,20210,2026-09-08T21:25:21.720Z,FALSE,"",21:05,FALSE
fare_MAA-DEL_IX_2026-10-23_T+45_1788903777318_329e,MAA-DEL,EaseMyTrip,IX,IX-1354,2026-10-23,T+45,18366,4032,22398,2026-09-08T21:25:21.720Z,TRUE,"High outlier: ₹22398 > upper fence ₹20325 (Q3: ₹14044, IQR: ₹4187)",14:40,FALSE
fare_MAA-DEL_6E_2026-10-23_T+45_1788903777318_1vyb,MAA-DEL,EaseMyTrip,6E,6E-524,2026-10-23,T+45,19004,4172,23176,2026-09-08T21:25:21.720Z,TRUE,"High outlier: ₹23176 > upper fence ₹20325 (Q3: ₹14044, IQR: ₹4187)",08:20,FALSE
fare_MAA-DEL_6E_2026-10-23_T+45_1788903777318_5yrm,MAA-DEL,EaseMyTrip,6E,6E-415,2026-10-23,T+45,19004,4172,23176,2026-09-08T21:25:21.720Z,TRUE,"High outlier: ₹23176 > upper fence ₹20325 (Q3: ₹14044, IQR: ₹4187)",08:20,FALSE
fare_MAA-DEL_AI_2026-10-23_T+45_1788903777318_hbga,MAA-DEL,EaseMyTrip,AI,AI-9785,2026-10-23,T+45,20335,4464,24799,2026-09-08T21:25:21.720Z,TRUE,"High outlier: ₹24799 > upper fence ₹20325 (Q3: ₹14044, IQR: ₹4187)",09:40,FALSE
fare_MAA-DEL_6E_2026-10-23_T+45_1788903777318_i642,MAA-DEL,EaseMyTrip,6E,6E-831,2026-10-23,T+45,22707,4984,27691,2026-09-08T21:25:21.720Z,TRUE,"High outlier: ₹27691 > upper fence ₹20325 (Q3: ₹14044, IQR: ₹4187)",23:20,FALSE
fare_MAA-DEL_6E_2026-10-23_T+45_1788903777318_8lj2,MAA-DEL,EaseMyTrip,6E,6E-199,2026-10-23,T+45,22707,4984,27691,2026-09-08T21:25:21.720Z,TRUE,"High outlier: ₹27691 > upper fence ₹20325 (Q3: ₹14044, IQR: ₹4187)",23:20,FALSE