id,route_id,source,carrier,flight_number,flight_date,booking_window,base_fare,taxes,total_fare,scraped_at,is_outlier,outlier_reason,departure_time,is_nonstop
fare_BLR-BOM_6E_2026-10-01_T+15_1789528445681_z4p1,BLR-BOM,EaseMyTrip,6E,6E-5205,2026-10-01,T+15,3845,844,4689,2026-09-16T02:54:26.101Z,FALSE,"",03:45,TRUE
fare_BLR-BOM_6E_2026-10-01_T+15_1789528445681_9027,BLR-BOM,EaseMyTrip,6E,6E-2086,2026-10-01,T+15,4082,896,4978,2026-09-16T02:54:26.101Z,FALSE,"",09:25,TRUE
fare_BLR-BOM_6E_2026-10-01_T+15_1789528445681_1csc,BLR-BOM,EaseMyTrip,6E,6E-6030,2026-10-01,T+15,4082,896,4978,2026-09-16T02:54:26.101Z,FALSE,"",15:00,TRUE
fare_BLR-BOM_6E_2026-10-01_T+15_1789528445681_5yyw,BLR-BOM,EaseMyTrip,6E,6E-5089,2026-10-01,T+15,4189,920,5109,2026-09-16T02:54:26.101Z,FALSE,"",05:30,TRUE
fare_BLR-BOM_6E_2026-10-01_T+15_1789528445681_ln41,BLR-BOM,EaseMyTrip,6E,6E-5293,2026-10-01,T+15,4189,920,5109,2026-09-16T02:54:26.101Z,FALSE,"",01:00,TRUE
fare_BLR-BOM_AI_2026-10-01_T+15_1789528445681_0s83,BLR-BOM,EaseMyTrip,AI,AI-2858,2026-10-01,T+15,4359,957,5316,2026-09-16T02:54:26.101Z,FALSE,"",02:20,TRUE
fare_BLR-BOM_IX_2026-10-01_T+15_1789528445681_0hgo,BLR-BOM,EaseMyTrip,IX,IX-5889,2026-10-01,T+15,4419,970,5389,2026-09-16T02:54:26.101Z,FALSE,"",04:30,TRUE
fare_BLR-BOM_AI_2026-10-01_T+15_1789528445681_spe9,BLR-BOM,EaseMyTrip,AI,AI-2811,2026-10-01,T+15,4538,996,5534,2026-09-16T02:54:26.101Z,FALSE,"",23:40,TRUE
fare_BLR-BOM_IX_2026-10-01_T+15_1789528445681_pieg,BLR-BOM,EaseMyTrip,IX,IX-5937,2026-10-01,T+15,4663,1024,5687,2026-09-16T02:54:26.101Z,FALSE,"",23:50,TRUE
fare_BLR-BOM_QP_2026-10-01_T+15_1789528445681_7rzy,BLR-BOM,EaseMyTrip,QP,QP-1154,2026-10-01,T+15,4909,1078,5987,2026-09-16T02:54:26.101Z,FALSE,"",12:05,TRUE
fare_BLR-BOM_QP_2026-10-01_T+15_1789528445681_2ul2,BLR-BOM,EaseMyTrip,QP,QP-1150,2026-10-01,T+15,4909,1078,5987,2026-09-16T02:54:26.101Z,FALSE,"",16:05,TRUE
fare_BLR-BOM_QP_2026-10-01_T+15_1789528445681_flg8,BLR-BOM,EaseMyTrip,QP,QP-1517,2026-10-01,T+15,5308,1165,6473,2026-09-16T02:54:26.101Z,FALSE,"",05:00,TRUE
fare_BLR-BOM_QP_2026-10-01_T+15_1789528445681_c69d,BLR-BOM,EaseMyTrip,QP,QP-1134,2026-10-01,T+15,5308,1165,6473,2026-09-16T02:54:26.101Z,FALSE,"",22:55,TRUE
fare_BLR-BOM_QP_2026-10-01_T+15_1789528445681_tv4t,BLR-BOM,EaseMyTrip,QP,QP-2002,2026-10-01,T+15,5326,1169,6495,2026-09-16T02:54:26.101Z,FALSE,"",21:15,TRUE
fare_BLR-BOM_6E_2026-10-01_T+15_1789528445681_pyno,BLR-BOM,EaseMyTrip,6E,6E-5255,2026-10-01,T+15,5725,1257,6982,2026-09-16T02:54:26.101Z,FALSE,"",17:25,TRUE
fare_BLR-BOM_6E_2026-10-01_T+15_1789528445681_dyoj,BLR-BOM,EaseMyTrip,6E,6E-5351,2026-10-01,T+15,5725,1257,6982,2026-09-16T02:54:26.101Z,FALSE,"",14:20,TRUE
fare_BLR-BOM_6E_2026-10-01_T+15_1789528445681_mvz5,BLR-BOM,EaseMyTrip,6E,6E-5031,2026-10-01,T+15,5725,1257,6982,2026-09-16T02:54:26.101Z,FALSE,"",16:00,TRUE
fare_BLR-BOM_6E_2026-10-01_T+15_1789528445681_iiha,BLR-BOM,EaseMyTrip,6E,6E-5051,2026-10-01,T+15,5725,1257,6982,2026-09-16T02:54:26.101Z,FALSE,"",08:30,TRUE
fare_BLR-BOM_6E_2026-10-01_T+15_1789528445681_ebzb,BLR-BOM,EaseMyTrip,6E,6E-5216,2026-10-01,T+15,5725,1257,6982,2026-09-16T02:54:26.101Z,FALSE,"",07:25,TRUE
fare_BLR-BOM_6E_2026-10-01_T+15_1789528445681_ij08,BLR-BOM,EaseMyTrip,6E,6E-5218,2026-10-01,T+15,5725,1257,6982,2026-09-16T02:54:26.101Z,FALSE,"",13:00,TRUE
fare_BLR-BOM_6E_2026-10-01_T+15_1789528445681_lv4x,BLR-BOM,EaseMyTrip,6E,6E-5237,2026-10-01,T+15,5725,1257,6982,2026-09-16T02:54:26.101Z,FALSE,"",10:15,TRUE
fare_BLR-BOM_6E_2026-10-01_T+15_1789528445681_s4z8,BLR-BOM,EaseMyTrip,6E,6E-5069,2026-10-01,T+15,5725,1257,6982,2026-09-16T02:54:26.101Z,FALSE,"",11:30,TRUE
fare_BLR-BOM_QP_2026-10-01_T+15_1789528445681_8rv4,BLR-BOM,EaseMyTrip,QP,QP-1515,2026-10-01,T+15,5742,1260,7002,2026-09-16T02:54:26.101Z,FALSE,"",06:00,TRUE
fare_BLR-BOM_QP_2026-10-01_T+15_1789528445681_2tf7,BLR-BOM,EaseMyTrip,QP,QP-1986,2026-10-01,T+15,5742,1260,7002,2026-09-16T02:54:26.101Z,FALSE,"",17:45,TRUE
fare_BLR-BOM_AI_2026-10-01_T+15_1789528445681_cjsb,BLR-BOM,EaseMyTrip,AI,AI-2402,2026-10-01,T+15,5938,1304,7242,2026-09-16T02:54:26.101Z,FALSE,"",06:35,TRUE
fare_BLR-BOM_AI_2026-10-01_T+15_1789528445681_21jt,BLR-BOM,EaseMyTrip,AI,AI-2852,2026-10-01,T+15,5938,1304,7242,2026-09-16T02:54:26.101Z,FALSE,"",10:30,TRUE
fare_BLR-BOM_IX_2026-10-01_T+15_1789528445681_o1z4,BLR-BOM,EaseMyTrip,IX,IX-1581,2026-10-01,T+15,6061,1330,7391,2026-09-16T02:54:26.101Z,FALSE,"",18:40,TRUE
fare_BLR-BOM_IX_2026-10-01_T+15_1789528445681_kfle,BLR-BOM,EaseMyTrip,IX,IX-1360,2026-10-01,T+15,6061,1330,7391,2026-09-16T02:54:26.101Z,FALSE,"",20:55,TRUE
fare_BLR-BOM_AI_2026-10-01_T+15_1789528445681_s0d2,BLR-BOM,EaseMyTrip,AI,AI-2630,2026-10-01,T+15,6037,1325,7362,2026-09-16T02:54:26.101Z,FALSE,"",12:05,TRUE
fare_BLR-BOM_AI_2026-10-01_T+15_1789528445681_xrk1,BLR-BOM,EaseMyTrip,AI,AI-2604,2026-10-01,T+15,6037,1325,7362,2026-09-16T02:54:26.101Z,FALSE,"",09:15,TRUE
fare_BLR-BOM_AI_2026-10-01_T+15_1789528445681_rv1r,BLR-BOM,EaseMyTrip,AI,AI-2642,2026-10-01,T+15,6037,1325,7362,2026-09-16T02:54:26.101Z,FALSE,"",21:30,TRUE
fare_BLR-BOM_6E_2026-10-01_T+15_1789528445681_vhca,BLR-BOM,EaseMyTrip,6E,6E-6168,2026-10-01,T+15,5961,1309,7270,2026-09-16T02:54:26.101Z,FALSE,"",17:40,FALSE
fare_BLR-BOM_6E_2026-10-01_T+15_1789528445681_u8k4,BLR-BOM,EaseMyTrip,6E,6E-6753,2026-10-01,T+15,5961,1309,7270,2026-09-16T02:54:26.101Z,FALSE,"",15:15,FALSE
fare_BLR-BOM_6E_2026-10-01_T+15_1789528445681_rtfe,BLR-BOM,EaseMyTrip,6E,6E-6653,2026-10-01,T+15,5961,1309,7270,2026-09-16T02:54:26.101Z,FALSE,"",12:35,FALSE
fare_BLR-BOM_AI_2026-10-01_T+15_1789528445681_7vo8,BLR-BOM,EaseMyTrip,AI,AI-2846,2026-10-01,T+15,6134,1347,7481,2026-09-16T02:54:26.101Z,FALSE,"",08:20,TRUE
fare_BLR-BOM_AI_2026-10-01_T+15_1789528445681_w8gy,BLR-BOM,EaseMyTrip,AI,AI-2854,2026-10-01,T+15,6134,1347,7481,2026-09-16T02:54:26.101Z,FALSE,"",18:05,TRUE
fare_BLR-BOM_6E_2026-10-01_T+15_1789528445681_0cap,BLR-BOM,EaseMyTrip,6E,6E-5094,2026-10-01,T+15,5984,1313,7297,2026-09-16T02:54:26.101Z,FALSE,"",22:20,TRUE
fare_BLR-BOM_6E_2026-10-01_T+15_1789528445681_vnys,BLR-BOM,EaseMyTrip,6E,6E-368,2026-10-01,T+15,5993,1315,7308,2026-09-16T02:54:26.101Z,FALSE,"",21:45,FALSE
fare_BLR-BOM_6E_2026-10-01_T+15_1789528445681_xl9t,BLR-BOM,EaseMyTrip,6E,6E-881,2026-10-01,T+15,5993,1315,7308,2026-09-16T02:54:26.101Z,FALSE,"",21:45,FALSE
fare_BLR-BOM_6E_2026-10-01_T+15_1789528445681_b53l,BLR-BOM,EaseMyTrip,6E,6E-6554,2026-10-01,T+15,5993,1315,7308,2026-09-16T02:54:26.101Z,FALSE,"",19:15,FALSE
fare_BLR-BOM_6E_2026-10-01_T+15_1789528445681_64vu,BLR-BOM,EaseMyTrip,6E,6E-121,2026-10-01,T+15,6061,1331,7392,2026-09-16T02:54:26.101Z,FALSE,"",16:40,FALSE
fare_BLR-BOM_6E_2026-10-01_T+15_1789528445681_xna5,BLR-BOM,EaseMyTrip,6E,6E-351,2026-10-01,T+15,6061,1331,7392,2026-09-16T02:54:26.101Z,FALSE,"",16:40,FALSE
fare_BLR-BOM_AI_2026-10-01_T+15_1789528445681_5yhy,BLR-BOM,EaseMyTrip,AI,AI-2850,2026-10-01,T+15,6233,1368,7601,2026-09-16T02:54:26.101Z,FALSE,"",20:30,TRUE
fare_BLR-BOM_6E_2026-10-01_T+15_1789528445681_obr9,BLR-BOM,EaseMyTrip,6E,6E-6067,2026-10-01,T+15,6100,1339,7439,2026-09-16T02:54:26.101Z,FALSE,"",16:30,FALSE
fare_BLR-BOM_6E_2026-10-01_T+15_1789528445681_cr0v,BLR-BOM,EaseMyTrip,6E,6E-244,2026-10-01,T+15,6100,1339,7439,2026-09-16T02:54:26.101Z,FALSE,"",10:15,FALSE
fare_BLR-BOM_6E_2026-10-01_T+15_1789528445681_yn5e,BLR-BOM,EaseMyTrip,6E,6E-675,2026-10-01,T+15,6100,1339,7439,2026-09-16T02:54:26.101Z,FALSE,"",10:15,FALSE
fare_BLR-BOM_6E_2026-10-01_T+15_1789528445681_86tc,BLR-BOM,EaseMyTrip,6E,6E-6404,2026-10-01,T+15,6100,1339,7439,2026-09-16T02:54:26.101Z,FALSE,"",11:35,FALSE
fare_BLR-BOM_6E_2026-10-01_T+15_1789528445682_tqz6,BLR-BOM,EaseMyTrip,6E,6E-673,2026-10-01,T+15,6100,1339,7439,2026-09-16T02:54:26.101Z,FALSE,"",18:35,FALSE
fare_BLR-BOM_6E_2026-10-01_T+15_1789528445682_ddmc,BLR-BOM,EaseMyTrip,6E,6E-440,2026-10-01,T+15,6100,1339,7439,2026-09-16T02:54:26.101Z,FALSE,"",18:35,FALSE
fare_BLR-BOM_6E_2026-10-01_T+15_1789528445682_p2a8,BLR-BOM,EaseMyTrip,6E,6E-703,2026-10-01,T+15,6100,1339,7439,2026-09-16T02:54:26.101Z,FALSE,"",09:15,FALSE
fare_BLR-BOM_6E_2026-10-01_T+15_1789528445682_lmyb,BLR-BOM,EaseMyTrip,6E,6E-979,2026-10-01,T+15,6100,1339,7439,2026-09-16T02:54:26.101Z,FALSE,"",09:15,FALSE
fare_BLR-BOM_6E_2026-10-01_T+15_1789528445682_uxvt,BLR-BOM,EaseMyTrip,6E,6E-826,2026-10-01,T+15,6100,1339,7439,2026-09-16T02:54:26.101Z,FALSE,"",19:45,FALSE
fare_BLR-BOM_6E_2026-10-01_T+15_1789528445682_c6ym,BLR-BOM,EaseMyTrip,6E,6E-305,2026-10-01,T+15,6100,1339,7439,2026-09-16T02:54:26.101Z,FALSE,"",19:45,FALSE
fare_BLR-BOM_6E_2026-10-01_T+15_1789528445682_s6ul,BLR-BOM,EaseMyTrip,6E,6E-593,2026-10-01,T+15,6100,1339,7439,2026-09-16T02:54:26.101Z,FALSE,"",16:40,FALSE
fare_BLR-BOM_6E_2026-10-01_T+15_1789528445682_0su3,BLR-BOM,EaseMyTrip,6E,6E-910,2026-10-01,T+15,6100,1339,7439,2026-09-16T02:54:26.101Z,FALSE,"",16:40,FALSE
fare_BLR-BOM_6E_2026-10-01_T+15_1789528445682_lycg,BLR-BOM,EaseMyTrip,6E,6E-513,2026-10-01,T+15,6100,1339,7439,2026-09-16T02:54:26.101Z,FALSE,"",10:15,FALSE
fare_BLR-BOM_6E_2026-10-01_T+15_1789528445682_7gee,BLR-BOM,EaseMyTrip,6E,6E-188,2026-10-01,T+15,6100,1339,7439,2026-09-16T02:54:26.101Z,FALSE,"",10:15,FALSE
fare_BLR-BOM_6E_2026-10-01_T+15_1789528445682_p343,BLR-BOM,EaseMyTrip,6E,6E-847,2026-10-01,T+15,6100,1339,7439,2026-09-16T02:54:26.101Z,FALSE,"",08:15,FALSE
fare_BLR-BOM_6E_2026-10-01_T+15_1789528445682_adeh,BLR-BOM,EaseMyTrip,6E,6E-678,2026-10-01,T+15,6100,1339,7439,2026-09-16T02:54:26.101Z,FALSE,"",08:15,FALSE
fare_BLR-BOM_AI_2026-10-01_T+15_1789528445682_bqae,BLR-BOM,EaseMyTrip,AI,AI-2840,2026-10-01,T+15,6266,1376,7642,2026-09-16T02:54:26.101Z,FALSE,"",22:30,TRUE
fare_BLR-BOM_6E_2026-10-01_T+15_1789528445682_uv8p,BLR-BOM,EaseMyTrip,6E,6E-6003,2026-10-01,T+15,6207,1363,7570,2026-09-16T02:54:26.101Z,FALSE,"",15:35,FALSE
fare_BLR-BOM_6E_2026-10-01_T+15_1789528445682_7gl4,BLR-BOM,EaseMyTrip,6E,6E-6863,2026-10-01,T+15,6207,1363,7570,2026-09-16T02:54:26.101Z,FALSE,"",08:20,FALSE
fare_BLR-BOM_6E_2026-10-01_T+15_1789528445682_1g8i,BLR-BOM,EaseMyTrip,6E,6E-6283,2026-10-01,T+15,6242,1370,7612,2026-09-16T02:54:26.101Z,FALSE,"",19:05,TRUE
fare_BLR-BOM_6E_2026-10-01_T+15_1789528445682_z8wy,BLR-BOM,EaseMyTrip,6E,6E-5376,2026-10-01,T+15,6242,1370,7612,2026-09-16T02:54:26.101Z,FALSE,"",20:15,TRUE
fare_BLR-BOM_6E_2026-10-01_T+15_1789528445682_9hn9,BLR-BOM,EaseMyTrip,6E,6E-879,2026-10-01,T+15,6272,1377,7649,2026-09-16T02:54:26.101Z,FALSE,"",10:50,FALSE
fare_BLR-BOM_6E_2026-10-01_T+15_1789528445682_xwof,BLR-BOM,EaseMyTrip,6E,6E-691,2026-10-01,T+15,6272,1377,7649,2026-09-16T02:54:26.101Z,FALSE,"",10:50,FALSE
fare_BLR-BOM_6E_2026-10-01_T+15_1789528445682_xrws,BLR-BOM,EaseMyTrip,6E,6E-6017,2026-10-01,T+15,6272,1377,7649,2026-09-16T02:54:26.101Z,FALSE,"",18:15,FALSE
fare_BLR-BOM_6E_2026-10-01_T+15_1789528445682_xt6b,BLR-BOM,EaseMyTrip,6E,6E-6077,2026-10-01,T+15,6272,1377,7649,2026-09-16T02:54:26.101Z,FALSE,"",20:20,FALSE
fare_BLR-BOM_6E_2026-10-01_T+15_1789528445682_rd0r,BLR-BOM,EaseMyTrip,6E,6E-6423,2026-10-01,T+15,6272,1377,7649,2026-09-16T02:54:26.101Z,FALSE,"",20:00,FALSE
fare_BLR-BOM_6E_2026-10-01_T+15_1789528445682_y0wu,BLR-BOM,EaseMyTrip,6E,6E-6595,2026-10-01,T+15,6272,1377,7649,2026-09-16T02:54:26.101Z,FALSE,"",13:55,FALSE
fare_BLR-BOM_6E_2026-10-01_T+15_1789528445682_wdjg,BLR-BOM,EaseMyTrip,6E,6E-994,2026-10-01,T+15,6272,1377,7649,2026-09-16T02:54:26.101Z,FALSE,"",17:15,FALSE
fare_BLR-BOM_6E_2026-10-01_T+15_1789528445682_25q6,BLR-BOM,EaseMyTrip,6E,6E-865,2026-10-01,T+15,6272,1377,7649,2026-09-16T02:54:26.101Z,FALSE,"",17:15,FALSE
fare_BLR-BOM_6E_2026-10-01_T+15_1789528445682_rujf,BLR-BOM,EaseMyTrip,6E,6E-6012,2026-10-01,T+15,6272,1377,7649,2026-09-16T02:54:26.101Z,FALSE,"",19:30,FALSE
fare_BLR-BOM_6E_2026-10-01_T+15_1789528445682_fizg,BLR-BOM,EaseMyTrip,6E,6E-534,2026-10-01,T+15,6272,1377,7649,2026-09-16T02:54:26.101Z,FALSE,"",05:10,FALSE
fare_BLR-BOM_6E_2026-10-01_T+15_1789528445682_g3vx,BLR-BOM,EaseMyTrip,6E,6E-156,2026-10-01,T+15,6272,1377,7649,2026-09-16T02:54:26.101Z,FALSE,"",05:10,FALSE
fare_BLR-BOM_6E_2026-10-01_T+15_1789528445682_xpu8,BLR-BOM,EaseMyTrip,6E,6E-625,2026-10-01,T+15,6272,1377,7649,2026-09-16T02:54:26.101Z,FALSE,"",07:10,FALSE
fare_BLR-BOM_6E_2026-10-01_T+15_1789528445682_m5pv,BLR-BOM,EaseMyTrip,6E,6E-587,2026-10-01,T+15,6272,1377,7649,2026-09-16T02:54:26.101Z,FALSE,"",07:10,FALSE
fare_BLR-BOM_6E_2026-10-01_T+15_1789528445682_68s2,BLR-BOM,EaseMyTrip,6E,6E-6269,2026-10-01,T+15,6272,1377,7649,2026-09-16T02:54:26.101Z,FALSE,"",07:15,FALSE
fare_BLR-BOM_6E_2026-10-01_T+15_1789528445682_rq2n,BLR-BOM,EaseMyTrip,6E,6E-506,2026-10-01,T+15,6272,1377,7649,2026-09-16T02:54:26.101Z,FALSE,"",10:50,FALSE
fare_BLR-BOM_6E_2026-10-01_T+15_1789528445682_8pk0,BLR-BOM,EaseMyTrip,6E,6E-652,2026-10-01,T+15,6272,1377,7649,2026-09-16T02:54:26.101Z,FALSE,"",10:50,FALSE
fare_BLR-BOM_6E_2026-10-01_T+15_1789528445682_vmst,BLR-BOM,EaseMyTrip,6E,6E-6208,2026-10-01,T+15,6272,1377,7649,2026-09-16T02:54:26.101Z,FALSE,"",12:45,FALSE
fare_BLR-BOM_6E_2026-10-01_T+15_1789528445682_t2zr,BLR-BOM,EaseMyTrip,6E,6E-697,2026-10-01,T+15,6272,1377,7649,2026-09-16T02:54:26.101Z,FALSE,"",16:50,FALSE
fare_BLR-BOM_6E_2026-10-01_T+15_1789528445682_w1gi,BLR-BOM,EaseMyTrip,6E,6E-734,2026-10-01,T+15,6272,1377,7649,2026-09-16T02:54:26.101Z,FALSE,"",16:50,FALSE
fare_BLR-BOM_6E_2026-10-01_T+15_1789528445682_nw9i,BLR-BOM,EaseMyTrip,6E,6E-2138,2026-10-01,T+15,6272,1377,7649,2026-09-16T02:54:26.101Z,FALSE,"",15:50,FALSE
fare_BLR-BOM_6E_2026-10-01_T+15_1789528445682_plec,BLR-BOM,EaseMyTrip,6E,6E-986,2026-10-01,T+15,6380,1400,7780,2026-09-16T02:54:26.101Z,FALSE,"",17:55,FALSE
fare_BLR-BOM_6E_2026-10-01_T+15_1789528445682_s8ny,BLR-BOM,EaseMyTrip,6E,6E-782,2026-10-01,T+15,6380,1400,7780,2026-09-16T02:54:26.101Z,FALSE,"",17:55,FALSE
fare_BLR-BOM_AI_2026-10-01_T+15_1789528445682_tj78,BLR-BOM,EaseMyTrip,AI,AI-2610,2026-10-01,T+15,6781,1488,8269,2026-09-16T02:54:26.101Z,FALSE,"",19:00,TRUE
fare_BLR-BOM_6E_2026-10-01_T+15_1789528445682_7kxg,BLR-BOM,EaseMyTrip,6E,6E-7005,2026-10-01,T+15,6717,1474,8191,2026-09-16T02:54:26.101Z,FALSE,"",08:05,FALSE
fare_BLR-BOM_6E_2026-10-01_T+15_1789528445682_fp5s,BLR-BOM,EaseMyTrip,6E,6E-7445,2026-10-01,T+15,7510,1649,9159,2026-09-16T02:54:26.101Z,FALSE,"",15:20,FALSE
fare_BLR-BOM_6E_2026-10-01_T+15_1789528445682_r8mn,BLR-BOM,EaseMyTrip,6E,6E-6507,2026-10-01,T+15,7730,1697,9427,2026-09-16T02:54:26.101Z,FALSE,"",13:15,FALSE
fare_BLR-BOM_IX_2026-10-01_T+15_1789528445682_aevh,BLR-BOM,EaseMyTrip,IX,IX-2678,2026-10-01,T+15,7936,1742,9678,2026-09-16T02:54:26.101Z,FALSE,"",05:30,FALSE
fare_BLR-BOM_IX_2026-10-01_T+15_1789528445682_bbuf,BLR-BOM,EaseMyTrip,IX,IX-1893,2026-10-01,T+15,7936,1742,9678,2026-09-16T02:54:26.101Z,FALSE,"",08:40,FALSE
fare_BLR-BOM_6E_2026-10-01_T+15_1789528445682_n4ew,BLR-BOM,EaseMyTrip,6E,6E-6178,2026-10-01,T+15,8767,1924,10691,2026-09-16T02:54:26.101Z,FALSE,"",06:10,FALSE
fare_BLR-BOM_AI_2026-10-01_T+15_1789528445682_tv1x,BLR-BOM,EaseMyTrip,AI,AI-9426,2026-10-01,T+15,9124,2003,11127,2026-09-16T02:54:26.101Z,FALSE,"",12:40,FALSE
fare_BLR-BOM_AI_2026-10-01_T+15_1789528445682_jnzd,BLR-BOM,EaseMyTrip,AI,AI-9480,2026-10-01,T+15,9124,2003,11127,2026-09-16T02:54:26.101Z,FALSE,"",08:40,FALSE
fare_BLR-BOM_AI_2026-10-01_T+15_1789528445682_11wp,BLR-BOM,EaseMyTrip,AI,AI-9478,2026-10-01,T+15,9124,2003,11127,2026-09-16T02:54:26.101Z,FALSE,"",22:10,FALSE
fare_BLR-BOM_AI_2026-10-01_T+15_1789528445682_zg1m,BLR-BOM,EaseMyTrip,AI,AI-9762,2026-10-01,T+15,9124,2003,11127,2026-09-16T02:54:26.101Z,FALSE,"",07:05,FALSE
fare_BLR-BOM_AI_2026-10-01_T+15_1789528445682_9wwq,BLR-BOM,EaseMyTrip,AI,AI-9482,2026-10-01,T+15,9124,2003,11127,2026-09-16T02:54:26.101Z,FALSE,"",19:40,FALSE
fare_BLR-BOM_AI_2026-10-01_T+15_1789528445682_98zs,BLR-BOM,EaseMyTrip,AI,AI-9970,2026-10-01,T+15,9124,2003,11127,2026-09-16T02:54:26.101Z,FALSE,"",14:45,FALSE
fare_BLR-BOM_AI_2026-10-01_T+15_1789528445682_oims,BLR-BOM,EaseMyTrip,AI,AI-9570,2026-10-01,T+15,9173,2014,11187,2026-09-16T02:54:26.101Z,FALSE,"",06:05,FALSE
fare_BLR-BOM_AI_2026-10-01_T+15_1789528445682_4ofq,BLR-BOM,EaseMyTrip,AI,AI-9572,2026-10-01,T+15,9173,2014,11187,2026-09-16T02:54:26.101Z,FALSE,"",12:30,FALSE
fare_BLR-BOM_6E_2026-10-01_T+15_1789528445682_wnnd,BLR-BOM,EaseMyTrip,6E,6E-6162,2026-10-01,T+15,9282,2038,11320,2026-09-16T02:54:26.101Z,FALSE,"",18:50,FALSE
fare_BLR-BOM_6E_2026-10-01_T+15_1789528445682_p6ey,BLR-BOM,EaseMyTrip,6E,6E-114,2026-10-01,T+15,9576,2102,11678,2026-09-16T02:54:26.101Z,FALSE,"",17:00,FALSE
fare_BLR-BOM_6E_2026-10-01_T+15_1789528445682_4ojf,BLR-BOM,EaseMyTrip,6E,6E-568,2026-10-01,T+15,9576,2102,11678,2026-09-16T02:54:26.101Z,FALSE,"",17:00,FALSE
fare_BLR-BOM_IX_2026-10-01_T+15_1789528445682_gj0c,BLR-BOM,EaseMyTrip,IX,IX-1539,2026-10-01,T+15,9892,2172,12064,2026-09-16T02:54:26.101Z,FALSE,"",05:20,FALSE
fare_BLR-BOM_IX_2026-10-01_T+15_1789528445682_nkxb,BLR-BOM,EaseMyTrip,IX,IX-1386,2026-10-01,T+15,10575,2321,12896,2026-09-16T02:54:26.101Z,FALSE,"",13:05,FALSE
fare_BLR-BOM_IX_2026-10-01_T+15_1789528445682_kw0v,BLR-BOM,EaseMyTrip,IX,IX-2608,2026-10-01,T+15,10687,2346,13033,2026-09-16T02:54:26.101Z,FALSE,"",16:15,FALSE
fare_BLR-BOM_IX_2026-10-01_T+15_1789528445682_dm67,BLR-BOM,EaseMyTrip,IX,IX-2931,2026-10-01,T+15,10845,2381,13226,2026-09-16T02:54:26.101Z,FALSE,"",08:45,FALSE
fare_BLR-BOM_AI_2026-10-01_T+15_1789528445682_5fen,BLR-BOM,EaseMyTrip,AI,AI-9455,2026-10-01,T+15,10905,2394,13299,2026-09-16T02:54:26.101Z,FALSE,"",08:40,FALSE
fare_BLR-BOM_AI_2026-10-01_T+15_1789528445682_7jou,BLR-BOM,EaseMyTrip,AI,AI-9852,2026-10-01,T+15,11019,2419,13438,2026-09-16T02:54:26.101Z,FALSE,"",18:40,FALSE
fare_BLR-BOM_IX_2026-10-01_T+15_1789528445682_z2ux,BLR-BOM,EaseMyTrip,IX,IX-2116,2026-10-01,T+15,11121,2441,13562,2026-09-16T02:54:26.101Z,FALSE,"",21:00,FALSE
fare_BLR-BOM_AI_2026-10-01_T+15_1789528445682_zmly,BLR-BOM,EaseMyTrip,AI,AI-9457,2026-10-01,T+15,11115,2440,13555,2026-09-16T02:54:26.101Z,FALSE,"",16:15,FALSE
fare_BLR-BOM_6E_2026-10-01_T+15_1789528445682_g1cr,BLR-BOM,EaseMyTrip,6E,6E-955,2026-10-01,T+15,11539,2533,14072,2026-09-16T02:54:26.101Z,FALSE,"",19:45,FALSE
fare_BLR-BOM_6E_2026-10-01_T+15_1789528445682_ob7o,BLR-BOM,EaseMyTrip,6E,6E-690,2026-10-01,T+15,11539,2533,14072,2026-09-16T02:54:26.101Z,FALSE,"",19:45,FALSE
fare_BLR-BOM_AI_2026-10-01_T+15_1789528445682_7r9c,BLR-BOM,EaseMyTrip,AI,AI-9564,2026-10-01,T+15,12032,2641,14673,2026-09-16T02:54:26.101Z,FALSE,"",14:55,FALSE
fare_BLR-BOM_IX_2026-10-01_T+15_1789528445682_f7x2,BLR-BOM,EaseMyTrip,IX,IX-2881,2026-10-01,T+15,12076,2651,14727,2026-09-16T02:54:26.101Z,FALSE,"",05:50,FALSE
fare_BLR-BOM_AI_2026-10-01_T+15_1789528445682_ark9,BLR-BOM,EaseMyTrip,AI,AI-9568,2026-10-01,T+15,13213,2900,16113,2026-09-16T02:54:26.101Z,TRUE,"High outlier: ₹16113 > upper fence ₹16038 (Q3: ₹10800, IQR: ₹3492)",17:15,FALSE
fare_BLR-BOM_AI_2026-10-01_T+15_1789528445682_8zue,BLR-BOM,EaseMyTrip,AI,AI-9524,2026-10-01,T+15,14519,3187,17706,2026-09-16T02:54:26.101Z,TRUE,"High outlier: ₹17706 > upper fence ₹16038 (Q3: ₹10800, IQR: ₹3492)",17:15,FALSE
fare_BLR-BOM_AI_2026-10-01_T+15_1789528445682_pvff,BLR-BOM,EaseMyTrip,AI,AI-9605,2026-10-01,T+15,15133,3322,18455,2026-09-16T02:54:26.101Z,TRUE,"High outlier: ₹18455 > upper fence ₹16038 (Q3: ₹10800, IQR: ₹3492)",14:25,FALSE
fare_BLR-BOM_AI_2026-10-01_T+15_1789528445682_jm6h,BLR-BOM,EaseMyTrip,AI,AI-9898,2026-10-01,T+15,17154,3766,20920,2026-09-16T02:54:26.101Z,TRUE,"High outlier: ₹20920 > upper fence ₹16038 (Q3: ₹10800, IQR: ₹3492)",10:20,FALSE
fare_BLR-BOM_AI_2026-10-01_T+15_1789528445682_z30s,BLR-BOM,EaseMyTrip,AI,AI-9708,2026-10-01,T+15,19733,4332,24065,2026-09-16T02:54:26.101Z,TRUE,"High outlier: ₹24065 > upper fence ₹16038 (Q3: ₹10800, IQR: ₹3492)",10:05,FALSE
fare_BLR-BOM_AI_2026-10-01_T+15_1789528445682_7z6m,BLR-BOM,EaseMyTrip,AI,AI-9778,2026-10-01,T+15,21802,4786,26588,2026-09-16T02:54:26.101Z,TRUE,"High outlier: ₹26588 > upper fence ₹16038 (Q3: ₹10800, IQR: ₹3492)",06:10,FALSE
fare_BLR-BOM_AI_2026-10-01_T+15_1789528445682_a5qh,BLR-BOM,EaseMyTrip,AI,AI-9437,2026-10-01,T+15,22843,5014,27857,2026-09-16T02:54:26.101Z,TRUE,"High outlier: ₹27857 > upper fence ₹16038 (Q3: ₹10800, IQR: ₹3492)",07:05,FALSE
fare_BLR-BOM_AI_2026-10-01_T+15_1789528445682_3mgv,BLR-BOM,EaseMyTrip,AI,AI-9602,2026-10-01,T+15,23195,5092,28287,2026-09-16T02:54:26.101Z,TRUE,"High outlier: ₹28287 > upper fence ₹16038 (Q3: ₹10800, IQR: ₹3492)",09:15,FALSE
fare_BLR-BOM_IX_2026-09-23_T+7_1789528445683_15yk,BLR-BOM,EaseMyTrip,IX,IX-5986,2026-09-23,T+7,3500,768,4268,2026-09-16T02:54:20.458Z,FALSE,"",02:45,TRUE
fare_BLR-BOM_6E_2026-09-23_T+7_1789528445683_8s2g,BLR-BOM,EaseMyTrip,6E,6E-2086,2026-09-23,T+7,3501,768,4269,2026-09-16T02:54:20.458Z,FALSE,"",09:20,TRUE
fare_BLR-BOM_6E_2026-09-23_T+7_1789528445683_q1zm,BLR-BOM,EaseMyTrip,6E,6E-6030,2026-09-23,T+7,3501,768,4269,2026-09-16T02:54:20.458Z,FALSE,"",15:00,TRUE
fare_BLR-BOM_6E_2026-09-23_T+7_1789528445683_5u7h,BLR-BOM,EaseMyTrip,6E,6E-5089,2026-09-23,T+7,3501,768,4269,2026-09-16T02:54:20.458Z,FALSE,"",05:30,TRUE
fare_BLR-BOM_6E_2026-09-23_T+7_1789528445683_r460,BLR-BOM,EaseMyTrip,6E,6E-5205,2026-09-23,T+7,3501,768,4269,2026-09-16T02:54:20.458Z,FALSE,"",03:45,TRUE
fare_BLR-BOM_6E_2026-09-23_T+7_1789528445683_dhm3,BLR-BOM,EaseMyTrip,6E,6E-5293,2026-09-23,T+7,3501,768,4269,2026-09-16T02:54:20.458Z,FALSE,"",01:00,TRUE
fare_BLR-BOM_AI_2026-09-23_T+7_1789528445683_rwpl,BLR-BOM,EaseMyTrip,AI,AI-2858,2026-09-23,T+7,3670,806,4476,2026-09-16T02:54:20.458Z,FALSE,"",02:20,TRUE
fare_BLR-BOM_QP_2026-09-23_T+7_1789528445683_qydb,BLR-BOM,EaseMyTrip,QP,QP-1515,2026-09-23,T+7,3631,797,4428,2026-09-16T02:54:20.458Z,FALSE,"",06:20,TRUE
fare_BLR-BOM_QP_2026-09-23_T+7_1789528445683_2c4m,BLR-BOM,EaseMyTrip,QP,QP-1130,2026-09-23,T+7,3631,797,4428,2026-09-16T02:54:20.458Z,FALSE,"",11:20,TRUE
fare_BLR-BOM_QP_2026-09-23_T+7_1789528445683_xatu,BLR-BOM,EaseMyTrip,QP,QP-1381,2026-09-23,T+7,3631,797,4428,2026-09-16T02:54:20.458Z,FALSE,"",04:50,TRUE
fare_BLR-BOM_IX_2026-09-23_T+7_1789528445683_msx6,BLR-BOM,EaseMyTrip,IX,IX-1360,2026-09-23,T+7,4082,896,4978,2026-09-16T02:54:20.458Z,FALSE,"",20:55,TRUE
fare_BLR-BOM_AI_2026-09-23_T+7_1789528445683_z13a,BLR-BOM,EaseMyTrip,AI,AI-2811,2026-09-23,T+7,4059,891,4950,2026-09-16T02:54:20.458Z,FALSE,"",23:40,TRUE
fare_BLR-BOM_QP_2026-09-23_T+7_1789528445683_3om7,BLR-BOM,EaseMyTrip,QP,QP-1134,2026-09-23,T+7,4059,891,4950,2026-09-16T02:54:20.458Z,FALSE,"",22:55,TRUE
fare_BLR-BOM_6E_2026-09-23_T+7_1789528445683_0hp2,BLR-BOM,EaseMyTrip,6E,6E-6753,2026-09-23,T+7,4295,943,5238,2026-09-16T02:54:20.458Z,FALSE,"",15:15,FALSE
fare_BLR-BOM_6E_2026-09-23_T+7_1789528445683_ma5f,BLR-BOM,EaseMyTrip,6E,6E-6653,2026-09-23,T+7,4295,943,5238,2026-09-16T02:54:20.458Z,FALSE,"",12:35,FALSE
fare_BLR-BOM_6E_2026-09-23_T+7_1789528445683_sl6w,BLR-BOM,EaseMyTrip,6E,6E-6554,2026-09-23,T+7,4295,943,5238,2026-09-16T02:54:20.458Z,FALSE,"",19:15,FALSE
fare_BLR-BOM_6E_2026-09-23_T+7_1789528445683_iui4,BLR-BOM,EaseMyTrip,6E,6E-6168,2026-09-23,T+7,4342,953,5295,2026-09-16T02:54:20.458Z,FALSE,"",17:40,FALSE
fare_BLR-BOM_6E_2026-09-23_T+7_1789528445683_wysx,BLR-BOM,EaseMyTrip,6E,6E-6404,2026-09-23,T+7,4403,966,5369,2026-09-16T02:54:20.458Z,FALSE,"",11:35,FALSE
fare_BLR-BOM_6E_2026-09-23_T+7_1789528445683_3apb,BLR-BOM,EaseMyTrip,6E,6E-362,2026-09-23,T+7,4403,966,5369,2026-09-16T02:54:20.458Z,FALSE,"",17:00,FALSE
fare_BLR-BOM_6E_2026-09-23_T+7_1789528445683_uh0x,BLR-BOM,EaseMyTrip,6E,6E-690,2026-09-23,T+7,4403,966,5369,2026-09-16T02:54:20.458Z,FALSE,"",17:00,FALSE
fare_BLR-BOM_6E_2026-09-23_T+7_1789528445683_jx27,BLR-BOM,EaseMyTrip,6E,6E-6891,2026-09-23,T+7,4511,990,5501,2026-09-16T02:54:20.458Z,FALSE,"",17:15,FALSE
fare_BLR-BOM_6E_2026-09-23_T+7_1789528445683_tqp0,BLR-BOM,EaseMyTrip,6E,6E-6863,2026-09-23,T+7,4511,990,5501,2026-09-16T02:54:20.458Z,FALSE,"",08:20,FALSE
fare_BLR-BOM_QP_2026-09-23_T+7_1789528445683_pi2i,BLR-BOM,EaseMyTrip,QP,QP-1517,2026-09-23,T+7,4546,998,5544,2026-09-16T02:54:20.458Z,FALSE,"",07:40,TRUE
fare_BLR-BOM_6E_2026-09-23_T+7_1789528445683_0yyw,BLR-BOM,EaseMyTrip,6E,6E-722,2026-09-23,T+7,4575,1004,5579,2026-09-16T02:54:20.458Z,FALSE,"",10:45,FALSE
fare_BLR-BOM_6E_2026-09-23_T+7_1789528445683_8emj,BLR-BOM,EaseMyTrip,6E,6E-490,2026-09-23,T+7,4575,1004,5579,2026-09-16T02:54:20.458Z,FALSE,"",10:45,FALSE
fare_BLR-BOM_6E_2026-09-23_T+7_1789528445683_i1ur,BLR-BOM,EaseMyTrip,6E,6E-6077,2026-09-23,T+7,4575,1004,5579,2026-09-16T02:54:20.458Z,FALSE,"",20:20,FALSE
fare_BLR-BOM_6E_2026-09-23_T+7_1789528445683_0e2k,BLR-BOM,EaseMyTrip,6E,6E-238,2026-09-23,T+7,4575,1004,5579,2026-09-16T02:54:20.458Z,FALSE,"",07:05,FALSE
fare_BLR-BOM_6E_2026-09-23_T+7_1789528445683_nm3y,BLR-BOM,EaseMyTrip,6E,6E-663,2026-09-23,T+7,4575,1004,5579,2026-09-16T02:54:20.458Z,FALSE,"",07:05,FALSE
fare_BLR-BOM_6E_2026-09-23_T+7_1789528445683_mb5m,BLR-BOM,EaseMyTrip,6E,6E-6269,2026-09-23,T+7,4575,1004,5579,2026-09-16T02:54:20.458Z,FALSE,"",07:15,FALSE
fare_BLR-BOM_6E_2026-09-23_T+7_1789528445683_og93,BLR-BOM,EaseMyTrip,6E,6E-6208,2026-09-23,T+7,4575,1004,5579,2026-09-16T02:54:20.458Z,FALSE,"",12:45,FALSE
fare_BLR-BOM_6E_2026-09-23_T+7_1789528445683_ruh6,BLR-BOM,EaseMyTrip,6E,6E-635,2026-09-23,T+7,4575,1004,5579,2026-09-16T02:54:20.458Z,FALSE,"",10:45,FALSE
fare_BLR-BOM_6E_2026-09-23_T+7_1789528445683_fup8,BLR-BOM,EaseMyTrip,6E,6E-658,2026-09-23,T+7,4575,1004,5579,2026-09-16T02:54:20.458Z,FALSE,"",10:45,FALSE
fare_BLR-BOM_6E_2026-09-23_T+7_1789528445683_k8fe,BLR-BOM,EaseMyTrip,6E,6E-6017,2026-09-23,T+7,4575,1004,5579,2026-09-16T02:54:20.458Z,FALSE,"",18:15,FALSE
fare_BLR-BOM_6E_2026-09-23_T+7_1789528445683_sf43,BLR-BOM,EaseMyTrip,6E,6E-6445,2026-09-23,T+7,4575,1004,5579,2026-09-16T02:54:20.458Z,FALSE,"",10:25,FALSE
fare_BLR-BOM_6E_2026-09-23_T+7_1789528445683_bj6p,BLR-BOM,EaseMyTrip,6E,6E-6562,2026-09-23,T+7,4575,1004,5579,2026-09-16T02:54:20.458Z,FALSE,"",21:50,FALSE
fare_BLR-BOM_6E_2026-09-23_T+7_1789528445683_1bha,BLR-BOM,EaseMyTrip,6E,6E-401,2026-09-23,T+7,4683,1028,5711,2026-09-16T02:54:20.458Z,FALSE,"",17:55,FALSE
fare_BLR-BOM_6E_2026-09-23_T+7_1789528445683_j4pe,BLR-BOM,EaseMyTrip,6E,6E-706,2026-09-23,T+7,4683,1028,5711,2026-09-16T02:54:20.458Z,FALSE,"",17:55,FALSE
fare_BLR-BOM_QP_2026-09-23_T+7_1789528445683_xtvs,BLR-BOM,EaseMyTrip,QP,QP-1528,2026-09-23,T+7,4909,1078,5987,2026-09-16T02:54:20.458Z,FALSE,"",10:20,TRUE
fare_BLR-BOM_QP_2026-09-23_T+7_1789528445683_0z5p,BLR-BOM,EaseMyTrip,QP,QP-1150,2026-09-23,T+7,4909,1078,5987,2026-09-16T02:54:20.458Z,FALSE,"",16:05,TRUE
fare_BLR-BOM_6E_2026-09-23_T+7_1789528445683_yxk8,BLR-BOM,EaseMyTrip,6E,6E-7162,2026-09-23,T+7,4950,1086,6036,2026-09-16T02:54:20.458Z,FALSE,"",15:20,FALSE
fare_BLR-BOM_IX_2026-09-23_T+7_1789528445683_2o22,BLR-BOM,EaseMyTrip,IX,IX-2924,2026-09-23,T+7,5140,1128,6268,2026-09-16T02:54:20.458Z,FALSE,"",10:30,FALSE
fare_BLR-BOM_6E_2026-09-23_T+7_1789528445683_fr4v,BLR-BOM,EaseMyTrip,6E,6E-384,2026-09-23,T+7,5057,1110,6167,2026-09-16T02:54:20.458Z,FALSE,"",18:35,FALSE
fare_BLR-BOM_6E_2026-09-23_T+7_1789528445683_2lds,BLR-BOM,EaseMyTrip,6E,6E-133,2026-09-23,T+7,5057,1110,6167,2026-09-16T02:54:20.458Z,FALSE,"",18:35,FALSE
fare_BLR-BOM_IX_2026-09-23_T+7_1789528445683_3zn2,BLR-BOM,EaseMyTrip,IX,IX-1581,2026-09-23,T+7,5287,1160,6447,2026-09-16T02:54:20.458Z,FALSE,"",18:40,TRUE
fare_BLR-BOM_6E_2026-09-23_T+7_1789528445683_xylg,BLR-BOM,EaseMyTrip,6E,6E-7005,2026-09-23,T+7,5229,1148,6377,2026-09-16T02:54:20.458Z,FALSE,"",08:05,FALSE
fare_BLR-BOM_6E_2026-09-23_T+7_1789528445683_p08u,BLR-BOM,EaseMyTrip,6E,6E-7445,2026-09-23,T+7,5433,1192,6625,2026-09-16T02:54:20.458Z,FALSE,"",15:20,FALSE
fare_BLR-BOM_6E_2026-09-23_T+7_1789528445683_rav2,BLR-BOM,EaseMyTrip,6E,6E-6178,2026-09-23,T+7,5433,1193,6626,2026-09-16T02:54:20.458Z,FALSE,"",06:25,FALSE
fare_BLR-BOM_AI_2026-09-23_T+7_1789528445683_y7vx,BLR-BOM,EaseMyTrip,AI,AI-2840,2026-09-23,T+7,5774,1267,7041,2026-09-16T02:54:20.458Z,FALSE,"",22:30,TRUE
fare_BLR-BOM_6E_2026-09-23_T+7_1789528445683_9wdf,BLR-BOM,EaseMyTrip,6E,6E-5255,2026-09-23,T+7,5725,1257,6982,2026-09-16T02:54:20.458Z,FALSE,"",17:25,TRUE
fare_BLR-BOM_6E_2026-09-23_T+7_1789528445683_i4ea,BLR-BOM,EaseMyTrip,6E,6E-5094,2026-09-23,T+7,5725,1257,6982,2026-09-16T02:54:20.458Z,FALSE,"",22:20,TRUE
fare_BLR-BOM_6E_2026-09-23_T+7_1789528445683_ch60,BLR-BOM,EaseMyTrip,6E,6E-5351,2026-09-23,T+7,5725,1257,6982,2026-09-16T02:54:20.458Z,FALSE,"",14:20,TRUE
fare_BLR-BOM_6E_2026-09-23_T+7_1789528445683_7zg8,BLR-BOM,EaseMyTrip,6E,6E-5031,2026-09-23,T+7,5725,1257,6982,2026-09-16T02:54:20.458Z,FALSE,"",16:00,TRUE
fare_BLR-BOM_6E_2026-09-23_T+7_1789528445683_t46f,BLR-BOM,EaseMyTrip,6E,6E-5051,2026-09-23,T+7,5725,1257,6982,2026-09-16T02:54:20.458Z,FALSE,"",08:30,TRUE
fare_BLR-BOM_6E_2026-09-23_T+7_1789528445683_hv5y,BLR-BOM,EaseMyTrip,6E,6E-5216,2026-09-23,T+7,5725,1257,6982,2026-09-16T02:54:20.458Z,FALSE,"",07:25,TRUE
fare_BLR-BOM_6E_2026-09-23_T+7_1789528445683_yaxx,BLR-BOM,EaseMyTrip,6E,6E-5218,2026-09-23,T+7,5725,1257,6982,2026-09-16T02:54:20.458Z,FALSE,"",13:00,TRUE
fare_BLR-BOM_6E_2026-09-23_T+7_1789528445683_l5im,BLR-BOM,EaseMyTrip,6E,6E-5237,2026-09-23,T+7,5725,1257,6982,2026-09-16T02:54:20.458Z,FALSE,"",10:15,TRUE
fare_BLR-BOM_6E_2026-09-23_T+7_1789528445683_9ca6,BLR-BOM,EaseMyTrip,6E,6E-5069,2026-09-23,T+7,5725,1257,6982,2026-09-16T02:54:20.458Z,FALSE,"",11:30,TRUE
fare_BLR-BOM_AI_2026-09-23_T+7_1789528445683_kjs3,BLR-BOM,EaseMyTrip,AI,AI-2852,2026-09-23,T+7,5938,1304,7242,2026-09-16T02:54:20.458Z,FALSE,"",10:30,TRUE
fare_BLR-BOM_6E_2026-09-23_T+7_1789528445683_r649,BLR-BOM,EaseMyTrip,6E,6E-6162,2026-09-23,T+7,5847,1283,7130,2026-09-16T02:54:20.458Z,FALSE,"",18:50,FALSE
fare_BLR-BOM_6E_2026-09-23_T+7_1789528445683_q1w7,BLR-BOM,EaseMyTrip,6E,6E-703,2026-09-23,T+7,5847,1283,7130,2026-09-16T02:54:20.458Z,FALSE,"",10:15,FALSE
fare_BLR-BOM_6E_2026-09-23_T+7_1789528445683_fepw,BLR-BOM,EaseMyTrip,6E,6E-728,2026-09-23,T+7,5847,1283,7130,2026-09-16T02:54:20.458Z,FALSE,"",10:15,FALSE
fare_BLR-BOM_6E_2026-09-23_T+7_1789528445683_m300,BLR-BOM,EaseMyTrip,6E,6E-662,2026-09-23,T+7,5847,1283,7130,2026-09-16T02:54:20.458Z,FALSE,"",10:15,FALSE
fare_BLR-BOM_6E_2026-09-23_T+7_1789528445683_jtdg,BLR-BOM,EaseMyTrip,6E,6E-179,2026-09-23,T+7,5847,1283,7130,2026-09-16T02:54:20.458Z,FALSE,"",10:15,FALSE
fare_BLR-BOM_AI_2026-09-23_T+7_1789528445683_i131,BLR-BOM,EaseMyTrip,AI,AI-2604,2026-09-23,T+7,6037,1325,7362,2026-09-16T02:54:20.458Z,FALSE,"",09:15,TRUE
fare_BLR-BOM_AI_2026-09-23_T+7_1789528445683_2br8,BLR-BOM,EaseMyTrip,AI,AI-2642,2026-09-23,T+7,6037,1325,7362,2026-09-16T02:54:20.458Z,FALSE,"",21:30,TRUE
fare_BLR-BOM_6E_2026-09-23_T+7_1789528445683_27gh,BLR-BOM,EaseMyTrip,6E,6E-6423,2026-09-23,T+7,6019,1321,7340,2026-09-16T02:54:20.458Z,FALSE,"",20:00,FALSE
fare_BLR-BOM_AI_2026-09-23_T+7_1789528445683_u8ty,BLR-BOM,EaseMyTrip,AI,AI-2402,2026-09-23,T+7,6197,1360,7557,2026-09-16T02:54:20.458Z,FALSE,"",06:35,TRUE
fare_BLR-BOM_IX_2026-09-23_T+7_1789528445683_judf,BLR-BOM,EaseMyTrip,IX,IX-2678,2026-09-23,T+7,6305,1384,7689,2026-09-16T02:54:20.458Z,FALSE,"",05:30,FALSE
fare_BLR-BOM_IX_2026-09-23_T+7_1789528445683_t1pg,BLR-BOM,EaseMyTrip,IX,IX-2608,2026-09-23,T+7,6305,1384,7689,2026-09-16T02:54:20.458Z,FALSE,"",16:15,FALSE
fare_BLR-BOM_IX_2026-09-23_T+7_1789528445683_o9d0,BLR-BOM,EaseMyTrip,IX,IX-1893,2026-09-23,T+7,6305,1384,7689,2026-09-16T02:54:20.458Z,FALSE,"",08:40,FALSE
fare_BLR-BOM_IX_2026-09-23_T+7_1789528445683_60px,BLR-BOM,EaseMyTrip,IX,IX-2116,2026-09-23,T+7,6305,1384,7689,2026-09-16T02:54:20.458Z,FALSE,"",21:00,FALSE
fare_BLR-BOM_AI_2026-09-23_T+7_1789528445683_keep,BLR-BOM,EaseMyTrip,AI,AI-2854,2026-09-23,T+7,6282,1379,7661,2026-09-16T02:54:20.458Z,FALSE,"",18:05,TRUE
fare_BLR-BOM_AI_2026-09-23_T+7_1789528445683_q0wb,BLR-BOM,EaseMyTrip,AI,AI-2630,2026-09-23,T+7,6300,1383,7683,2026-09-16T02:54:20.458Z,FALSE,"",12:05,TRUE
fare_BLR-BOM_6E_2026-09-23_T+7_1789528445683_p61u,BLR-BOM,EaseMyTrip,6E,6E-500,2026-09-23,T+7,6303,1383,7686,2026-09-16T02:54:20.458Z,FALSE,"",09:15,FALSE
fare_BLR-BOM_6E_2026-09-23_T+7_1789528445683_zrom,BLR-BOM,EaseMyTrip,6E,6E-965,2026-09-23,T+7,6303,1383,7686,2026-09-16T02:54:20.458Z,FALSE,"",09:15,FALSE
fare_BLR-BOM_6E_2026-09-23_T+7_1789528445683_9ih6,BLR-BOM,EaseMyTrip,6E,6E-276,2026-09-23,T+7,6303,1383,7686,2026-09-16T02:54:20.458Z,FALSE,"",19:45,FALSE
fare_BLR-BOM_6E_2026-09-23_T+7_1789528445683_9536,BLR-BOM,EaseMyTrip,6E,6E-833,2026-09-23,T+7,6303,1383,7686,2026-09-16T02:54:20.458Z,FALSE,"",19:45,FALSE
fare_BLR-BOM_6E_2026-09-23_T+7_1789528445683_ej3v,BLR-BOM,EaseMyTrip,6E,6E-674,2026-09-23,T+7,6303,1383,7686,2026-09-16T02:54:20.458Z,FALSE,"",09:15,FALSE
fare_BLR-BOM_6E_2026-09-23_T+7_1789528445683_eh63,BLR-BOM,EaseMyTrip,6E,6E-835,2026-09-23,T+7,6303,1383,7686,2026-09-16T02:54:20.458Z,FALSE,"",09:15,FALSE
fare_BLR-BOM_6E_2026-09-23_T+7_1789528445683_v66c,BLR-BOM,EaseMyTrip,6E,6E-240,2026-09-23,T+7,6475,1421,7896,2026-09-16T02:54:20.458Z,FALSE,"",05:10,FALSE
fare_BLR-BOM_6E_2026-09-23_T+7_1789528445683_wr81,BLR-BOM,EaseMyTrip,6E,6E-110,2026-09-23,T+7,6475,1421,7896,2026-09-16T02:54:20.458Z,FALSE,"",05:10,FALSE
fare_BLR-BOM_6E_2026-09-23_T+7_1789528445683_5e10,BLR-BOM,EaseMyTrip,6E,6E-6283,2026-09-23,T+7,6586,1446,8032,2026-09-16T02:54:20.458Z,FALSE,"",19:05,TRUE
fare_BLR-BOM_6E_2026-09-23_T+7_1789528445683_oqy7,BLR-BOM,EaseMyTrip,6E,6E-464,2026-09-23,T+7,6802,1493,8295,2026-09-16T02:54:20.458Z,FALSE,"",08:15,FALSE
fare_BLR-BOM_6E_2026-09-23_T+7_1789528445683_30fk,BLR-BOM,EaseMyTrip,6E,6E-106,2026-09-23,T+7,6802,1493,8295,2026-09-16T02:54:20.458Z,FALSE,"",08:15,FALSE
fare_BLR-BOM_AI_2026-09-23_T+7_1789528445683_c8ky,BLR-BOM,EaseMyTrip,AI,AI-2610,2026-09-23,T+7,7088,1556,8644,2026-09-16T02:54:20.458Z,FALSE,"",19:00,TRUE
fare_BLR-BOM_6E_2026-09-23_T+7_1789528445683_j53l,BLR-BOM,EaseMyTrip,6E,6E-5376,2026-09-23,T+7,6931,1521,8452,2026-09-16T02:54:20.458Z,FALSE,"",20:15,TRUE
fare_BLR-BOM_6E_2026-09-23_T+7_1789528445683_z3ae,BLR-BOM,EaseMyTrip,6E,6E-6595,2026-09-23,T+7,6974,1531,8505,2026-09-16T02:54:20.458Z,FALSE,"",13:55,FALSE
fare_BLR-BOM_6E_2026-09-23_T+7_1789528445683_lteu,BLR-BOM,EaseMyTrip,6E,6E-641,2026-09-23,T+7,6974,1531,8505,2026-09-16T02:54:20.458Z,FALSE,"",16:50,FALSE
fare_BLR-BOM_6E_2026-09-23_T+7_1789528445683_t0to,BLR-BOM,EaseMyTrip,6E,6E-209,2026-09-23,T+7,6974,1531,8505,2026-09-16T02:54:20.458Z,FALSE,"",16:50,FALSE
fare_BLR-BOM_AI_2026-09-23_T+7_1789528445683_h3ah,BLR-BOM,EaseMyTrip,AI,AI-2850,2026-09-23,T+7,7510,1649,9159,2026-09-16T02:54:20.458Z,FALSE,"",20:30,TRUE
fare_BLR-BOM_AI_2026-09-23_T+7_1789528445683_q89b,BLR-BOM,EaseMyTrip,AI,AI-9840,2026-09-23,T+7,8037,1764,9801,2026-09-16T02:54:20.458Z,FALSE,"",06:10,FALSE
fare_BLR-BOM_AI_2026-09-23_T+7_1789528445683_tqfb,BLR-BOM,EaseMyTrip,AI,AI-9568,2026-09-23,T+7,8908,1956,10864,2026-09-16T02:54:20.458Z,FALSE,"",17:15,FALSE
fare_BLR-BOM_AI_2026-09-23_T+7_1789528445683_z6rd,BLR-BOM,EaseMyTrip,AI,AI-9455,2026-09-23,T+7,8923,1959,10882,2026-09-16T02:54:20.458Z,FALSE,"",08:40,FALSE
fare_BLR-BOM_AI_2026-09-23_T+7_1789528445683_ni8d,BLR-BOM,EaseMyTrip,AI,AI-9451,2026-09-23,T+7,8923,1959,10882,2026-09-16T02:54:20.458Z,FALSE,"",05:30,FALSE
fare_BLR-BOM_AI_2026-09-23_T+7_1789528445683_c169,BLR-BOM,EaseMyTrip,AI,AI-9453,2026-09-23,T+7,8923,1959,10882,2026-09-16T02:54:20.458Z,FALSE,"",21:00,FALSE
fare_BLR-BOM_AI_2026-09-23_T+7_1789528445683_wa9j,BLR-BOM,EaseMyTrip,AI,AI-9970,2026-09-23,T+7,9124,2003,11127,2026-09-16T02:54:20.458Z,FALSE,"",14:45,FALSE
fare_BLR-BOM_AI_2026-09-23_T+7_1789528445683_rtbd,BLR-BOM,EaseMyTrip,AI,AI-9762,2026-09-23,T+7,9124,2003,11127,2026-09-16T02:54:20.458Z,FALSE,"",07:05,FALSE
fare_BLR-BOM_AI_2026-09-23_T+7_1789528445683_klrn,BLR-BOM,EaseMyTrip,AI,AI-9426,2026-09-23,T+7,9124,2003,11127,2026-09-16T02:54:20.458Z,FALSE,"",12:40,FALSE
fare_BLR-BOM_AI_2026-09-23_T+7_1789528445683_mdyn,BLR-BOM,EaseMyTrip,AI,AI-9478,2026-09-23,T+7,9124,2003,11127,2026-09-16T02:54:20.458Z,FALSE,"",22:10,FALSE
fare_BLR-BOM_AI_2026-09-23_T+7_1789528445683_kgk8,BLR-BOM,EaseMyTrip,AI,AI-9570,2026-09-23,T+7,9268,2034,11302,2026-09-16T02:54:20.458Z,FALSE,"",06:05,FALSE
fare_BLR-BOM_6E_2026-09-23_T+7_1789528445683_9xmi,BLR-BOM,EaseMyTrip,6E,6E-6067,2026-09-23,T+7,9350,2053,11403,2026-09-16T02:54:20.458Z,FALSE,"",16:30,FALSE
fare_BLR-BOM_AI_2026-09-23_T+7_1789528445683_io9z,BLR-BOM,EaseMyTrip,AI,AI-9605,2026-09-23,T+7,10731,2356,13087,2026-09-16T02:54:20.458Z,TRUE,"High outlier: ₹13087 > upper fence ₹12762 (Q3: ₹8452, IQR: ₹2873)",14:25,FALSE
fare_BLR-BOM_AI_2026-09-23_T+7_1789528445683_49s4,BLR-BOM,EaseMyTrip,AI,AI-9524,2026-09-23,T+7,11337,2489,13826,2026-09-16T02:54:20.458Z,TRUE,"High outlier: ₹13826 > upper fence ₹12762 (Q3: ₹8452, IQR: ₹2873)",17:15,FALSE
fare_BLR-BOM_AI_2026-09-23_T+7_1789528445683_5gez,BLR-BOM,EaseMyTrip,AI,AI-9434,2026-09-23,T+7,11340,2489,13829,2026-09-16T02:54:20.458Z,TRUE,"High outlier: ₹13829 > upper fence ₹12762 (Q3: ₹8452, IQR: ₹2873)",06:15,FALSE
fare_BLR-BOM_6E_2026-09-23_T+7_1789528445683_k8jw,BLR-BOM,EaseMyTrip,6E,6E-880,2026-09-23,T+7,11279,2476,13755,2026-09-16T02:54:20.458Z,TRUE,"High outlier: ₹13755 > upper fence ₹12762 (Q3: ₹8452, IQR: ₹2873)",17:15,FALSE
fare_BLR-BOM_6E_2026-09-23_T+7_1789528445683_378m,BLR-BOM,EaseMyTrip,6E,6E-612,2026-09-23,T+7,11279,2476,13755,2026-09-16T02:54:20.458Z,TRUE,"High outlier: ₹13755 > upper fence ₹12762 (Q3: ₹8452, IQR: ₹2873)",17:15,FALSE
fare_BLR-BOM_AI_2026-09-23_T+7_1789528445683_h9av,BLR-BOM,EaseMyTrip,AI,AI-9457,2026-09-23,T+7,13072,2870,15942,2026-09-16T02:54:20.458Z,TRUE,"High outlier: ₹15942 > upper fence ₹12762 (Q3: ₹8452, IQR: ₹2873)",16:15,FALSE
fare_BLR-BOM_AI_2026-09-23_T+7_1789528445683_bgz1,BLR-BOM,EaseMyTrip,AI,AI-9437,2026-09-23,T+7,13437,2950,16387,2026-09-16T02:54:20.458Z,TRUE,"High outlier: ₹16387 > upper fence ₹12762 (Q3: ₹8452, IQR: ₹2873)",07:05,FALSE
fare_BLR-BOM_AI_2026-09-23_T+7_1789528445683_7i25,BLR-BOM,EaseMyTrip,AI,AI-9898,2026-09-23,T+7,14184,3114,17298,2026-09-16T02:54:20.458Z,TRUE,"High outlier: ₹17298 > upper fence ₹12762 (Q3: ₹8452, IQR: ₹2873)",10:20,FALSE
fare_BLR-BOM_IX_2026-09-23_T+7_1789528445683_pp5x,BLR-BOM,EaseMyTrip,IX,IX-1386,2026-09-23,T+7,16177,3551,19728,2026-09-16T02:54:20.458Z,TRUE,"High outlier: ₹19728 > upper fence ₹12762 (Q3: ₹8452, IQR: ₹2873)",13:05,FALSE
fare_BLR-BOM_AI_2026-09-23_T+7_1789528445683_lsqr,BLR-BOM,EaseMyTrip,AI,AI-9602,2026-09-23,T+7,16738,3674,20412,2026-09-16T02:54:20.458Z,TRUE,"High outlier: ₹20412 > upper fence ₹12762 (Q3: ₹8452, IQR: ₹2873)",09:15,FALSE
fare_BLR-BOM_AI_2026-09-23_T+7_1789528445683_go72,BLR-BOM,EaseMyTrip,AI,AI-9708,2026-09-23,T+7,18163,3987,22150,2026-09-16T02:54:20.458Z,TRUE,"High outlier: ₹22150 > upper fence ₹12762 (Q3: ₹8452, IQR: ₹2873)",10:05,FALSE
fare_BLR-BOM_AI_2026-09-23_T+7_1789528445683_nw37,BLR-BOM,EaseMyTrip,AI,AI-9520,2026-09-23,T+7,18388,4036,22424,2026-09-16T02:54:20.458Z,TRUE,"High outlier: ₹22424 > upper fence ₹12762 (Q3: ₹8452, IQR: ₹2873)",13:05,FALSE
fare_BLR-COK_IX_2026-10-01_T+15_1789528445684_w0kt,BLR-COK,EaseMyTrip,IX,IX-2678,2026-10-01,T+15,4796,1053,5849,2026-09-16T02:58:21.397Z,FALSE,"",05:30,TRUE
fare_BLR-COK_IX_2026-10-01_T+15_1789528445684_yozy,BLR-COK,EaseMyTrip,IX,IX-1893,2026-10-01,T+15,4796,1053,5849,2026-09-16T02:58:21.397Z,FALSE,"",08:40,TRUE
fare_BLR-COK_IX_2026-10-01_T+15_1789528445684_0bl5,BLR-COK,EaseMyTrip,IX,IX-2608,2026-10-01,T+15,4796,1053,5849,2026-09-16T02:58:21.397Z,FALSE,"",16:15,TRUE
fare_BLR-COK_QP_2026-10-01_T+15_1789528445684_hxq9,BLR-COK,EaseMyTrip,QP,QP-1361,2026-10-01,T+15,4621,1014,5635,2026-09-16T02:58:21.397Z,FALSE,"",14:55,TRUE
fare_BLR-COK_6E_2026-10-01_T+15_1789528445684_dqai,BLR-COK,EaseMyTrip,6E,6E-2138,2026-10-01,T+15,4800,1054,5854,2026-09-16T02:58:21.397Z,FALSE,"",15:50,TRUE
fare_BLR-COK_6E_2026-10-01_T+15_1789528445684_u922,BLR-COK,EaseMyTrip,6E,6E-572,2026-10-01,T+15,4800,1054,5854,2026-09-16T02:58:21.397Z,FALSE,"",18:00,TRUE
fare_BLR-COK_6E_2026-10-01_T+15_1789528445684_8qba,BLR-COK,EaseMyTrip,6E,6E-412,2026-10-01,T+15,4800,1054,5854,2026-09-16T02:58:21.397Z,FALSE,"",18:00,TRUE
fare_BLR-COK_6E_2026-10-01_T+15_1789528445684_1dk0,BLR-COK,EaseMyTrip,6E,6E-626,2026-10-01,T+15,4800,1054,5854,2026-09-16T02:58:21.397Z,FALSE,"",20:25,TRUE
fare_BLR-COK_6E_2026-10-01_T+15_1789528445684_zbdo,BLR-COK,EaseMyTrip,6E,6E-872,2026-10-01,T+15,4800,1054,5854,2026-09-16T02:58:21.397Z,FALSE,"",20:25,TRUE
fare_BLR-COK_6E_2026-10-01_T+15_1789528445684_o5v8,BLR-COK,EaseMyTrip,6E,6E-689,2026-10-01,T+15,4800,1054,5854,2026-09-16T02:58:21.397Z,FALSE,"",14:25,TRUE
fare_BLR-COK_6E_2026-10-01_T+15_1789528445684_p233,BLR-COK,EaseMyTrip,6E,6E-500,2026-10-01,T+15,4800,1054,5854,2026-09-16T02:58:21.397Z,FALSE,"",14:25,TRUE
fare_BLR-COK_6E_2026-10-01_T+15_1789528445684_aye9,BLR-COK,EaseMyTrip,6E,6E-498,2026-10-01,T+15,4677,1027,5704,2026-09-16T02:58:21.397Z,FALSE,"",07:05,TRUE
fare_BLR-COK_6E_2026-10-01_T+15_1789528445684_fame,BLR-COK,EaseMyTrip,6E,6E-200,2026-10-01,T+15,4677,1027,5704,2026-09-16T02:58:21.397Z,FALSE,"",07:05,TRUE
fare_BLR-COK_IX_2026-10-01_T+15_1789528445684_5zj6,BLR-COK,EaseMyTrip,IX,IX-2116,2026-10-01,T+15,5230,1148,6378,2026-09-16T02:58:21.397Z,FALSE,"",21:00,TRUE
fare_BLR-COK_6E_2026-10-01_T+15_1789528445684_8m4c,BLR-COK,EaseMyTrip,6E,6E-7005,2026-10-01,T+15,5234,1149,6383,2026-09-16T02:58:21.397Z,FALSE,"",08:05,TRUE
fare_BLR-COK_QP_2026-10-01_T+15_1789528445684_gxsw,BLR-COK,EaseMyTrip,QP,QP-1515,2026-10-01,T+15,6820,1497,8317,2026-09-16T02:58:21.397Z,FALSE,"",06:00,FALSE
fare_BLR-COK_QP_2026-10-01_T+15_1789528445684_4r6p,BLR-COK,EaseMyTrip,QP,QP-1517,2026-10-01,T+15,6820,1497,8317,2026-09-16T02:58:21.397Z,FALSE,"",05:00,FALSE
fare_BLR-COK_6E_2026-10-01_T+15_1789528445684_zntu,BLR-COK,EaseMyTrip,6E,6E-547,2026-10-01,T+15,8225,1805,10030,2026-09-16T02:58:21.397Z,FALSE,"",12:55,TRUE
fare_BLR-COK_6E_2026-10-01_T+15_1789528445684_mg1a,BLR-COK,EaseMyTrip,6E,6E-775,2026-10-01,T+15,8225,1805,10030,2026-09-16T02:58:21.397Z,FALSE,"",12:55,TRUE
fare_BLR-COK_6E_2026-10-01_T+15_1789528445684_m8dw,BLR-COK,EaseMyTrip,6E,6E-215,2026-10-01,T+15,9924,2179,12103,2026-09-16T02:58:21.397Z,FALSE,"",07:10,TRUE
fare_BLR-COK_6E_2026-10-01_T+15_1789528445684_bryq,BLR-COK,EaseMyTrip,6E,6E-476,2026-10-01,T+15,9924,2179,12103,2026-09-16T02:58:21.397Z,FALSE,"",07:10,TRUE
fare_BLR-COK_6E_2026-10-01_T+15_1789528445684_1czz,BLR-COK,EaseMyTrip,6E,6E-6445,2026-10-01,T+15,9924,2179,12103,2026-09-16T02:58:21.397Z,FALSE,"",10:25,TRUE
fare_BLR-COK_AI_2026-10-01_T+15_1789528445684_vcax,BLR-COK,EaseMyTrip,AI,AI-2811,2026-10-01,T+15,10177,2234,12411,2026-09-16T02:58:21.397Z,FALSE,"",23:40,FALSE
fare_BLR-COK_AI_2026-10-01_T+15_1789528445684_b8rb,BLR-COK,EaseMyTrip,AI,AI-2642,2026-10-01,T+15,11712,2571,14283,2026-09-16T02:58:21.397Z,FALSE,"",21:30,FALSE
fare_BLR-COK_AI_2026-10-01_T+15_1789528445684_fzdq,BLR-COK,EaseMyTrip,AI,AI-2854,2026-10-01,T+15,11712,2571,14283,2026-09-16T02:58:21.397Z,FALSE,"",18:05,FALSE
fare_BLR-COK_AI_2026-10-01_T+15_1789528445684_4kam,BLR-COK,EaseMyTrip,AI,AI-2850,2026-10-01,T+15,11806,2591,14397,2026-09-16T02:58:21.397Z,FALSE,"",20:30,FALSE
fare_BLR-COK_AI_2026-10-01_T+15_1789528445684_xpiw,BLR-COK,EaseMyTrip,AI,AI-2840,2026-10-01,T+15,12041,2643,14684,2026-09-16T02:58:21.397Z,FALSE,"",22:30,FALSE
fare_BLR-COK_AI_2026-10-01_T+15_1789528445684_yosf,BLR-COK,EaseMyTrip,AI,AI-2610,2026-10-01,T+15,12353,2712,15065,2026-09-16T02:58:21.397Z,FALSE,"",19:00,FALSE
fare_BLR-COK_AI_2026-10-01_T+15_1789528445684_ji5b,BLR-COK,EaseMyTrip,AI,AI-2858,2026-10-01,T+15,12471,2738,15209,2026-09-16T02:58:21.397Z,FALSE,"",02:20,FALSE
fare_BLR-COK_AI_2026-10-01_T+15_1789528445684_bwyb,BLR-COK,EaseMyTrip,AI,AI-9995,2026-10-01,T+15,13330,2926,16256,2026-09-16T02:58:21.397Z,FALSE,"",23:50,FALSE
fare_BLR-COK_AI_2026-10-01_T+15_1789528445684_291r,BLR-COK,EaseMyTrip,AI,AI-2852,2026-10-01,T+15,14050,3084,17134,2026-09-16T02:58:21.397Z,FALSE,"",10:30,FALSE
fare_BLR-COK_AI_2026-10-01_T+15_1789528445684_q67t,BLR-COK,EaseMyTrip,AI,AI-2402,2026-10-01,T+15,14050,3084,17134,2026-09-16T02:58:21.397Z,FALSE,"",06:35,FALSE
fare_BLR-COK_AI_2026-10-01_T+15_1789528445684_3o65,BLR-COK,EaseMyTrip,AI,AI-2630,2026-10-01,T+15,14148,3106,17254,2026-09-16T02:58:21.397Z,FALSE,"",12:05,FALSE
fare_BLR-COK_AI_2026-10-01_T+15_1789528445684_m5l0,BLR-COK,EaseMyTrip,AI,AI-2604,2026-10-01,T+15,14148,3106,17254,2026-09-16T02:58:21.397Z,FALSE,"",09:15,FALSE
fare_BLR-COK_AI_2026-10-01_T+15_1789528445684_qbx7,BLR-COK,EaseMyTrip,AI,AI-2846,2026-10-01,T+15,14247,3127,17374,2026-09-16T02:58:21.397Z,FALSE,"",08:20,FALSE
fare_BLR-COK_AI_2026-10-01_T+15_1789528445684_k28w,BLR-COK,EaseMyTrip,AI,AI-9993,2026-10-01,T+15,15038,3301,18339,2026-09-16T02:58:21.397Z,FALSE,"",04:30,FALSE
fare_BLR-COK_6E_2026-09-17_T+1_1789528445684_3guy,BLR-COK,EaseMyTrip,6E,6E-724,2026-09-17,T+1,2525,554,3079,2026-09-16T02:58:08.704Z,FALSE,"",07:05,TRUE
fare_BLR-COK_6E_2026-09-17_T+1_1789528445684_3vc1,BLR-COK,EaseMyTrip,6E,6E-890,2026-09-17,T+1,2525,554,3079,2026-09-16T02:58:08.704Z,FALSE,"",07:05,TRUE
fare_BLR-COK_IX_2026-09-17_T+1_1789528445684_9unc,BLR-COK,EaseMyTrip,IX,IX-2678,2026-09-17,T+1,3018,662,3680,2026-09-16T02:58:08.704Z,FALSE,"",05:30,TRUE
fare_BLR-COK_IX_2026-09-17_T+1_1789528445684_k202,BLR-COK,EaseMyTrip,IX,IX-1893,2026-09-17,T+1,3018,662,3680,2026-09-16T02:58:08.704Z,FALSE,"",08:40,TRUE
fare_BLR-COK_6E_2026-09-17_T+1_1789528445684_xdea,BLR-COK,EaseMyTrip,6E,6E-6445,2026-09-17,T+1,3269,718,3987,2026-09-16T02:58:08.704Z,FALSE,"",10:25,TRUE
fare_BLR-COK_IX_2026-09-17_T+1_1789528445684_e3ts,BLR-COK,EaseMyTrip,IX,IX-2608,2026-09-17,T+1,3548,779,4327,2026-09-16T02:58:08.704Z,FALSE,"",16:15,TRUE
fare_BLR-COK_6E_2026-09-17_T+1_1789528445684_78es,BLR-COK,EaseMyTrip,6E,6E-387,2026-09-17,T+1,3549,779,4328,2026-09-16T02:58:08.704Z,FALSE,"",07:05,TRUE
fare_BLR-COK_6E_2026-09-17_T+1_1789528445684_h648,BLR-COK,EaseMyTrip,6E,6E-173,2026-09-17,T+1,3549,779,4328,2026-09-16T02:58:08.704Z,FALSE,"",07:05,TRUE
fare_BLR-COK_6E_2026-09-17_T+1_1789528445684_s2iu,BLR-COK,EaseMyTrip,6E,6E-2138,2026-09-17,T+1,3549,779,4328,2026-09-16T02:58:08.704Z,FALSE,"",15:50,TRUE
fare_BLR-COK_6E_2026-09-17_T+1_1789528445684_yca6,BLR-COK,EaseMyTrip,6E,6E-993,2026-09-17,T+1,3549,779,4328,2026-09-16T02:58:08.704Z,FALSE,"",12:55,TRUE
fare_BLR-COK_6E_2026-09-17_T+1_1789528445684_smay,BLR-COK,EaseMyTrip,6E,6E-114,2026-09-17,T+1,3549,779,4328,2026-09-16T02:58:08.704Z,FALSE,"",12:55,TRUE
fare_BLR-COK_IX_2026-09-17_T+1_1789528445684_b7ke,BLR-COK,EaseMyTrip,IX,IX-2116,2026-09-17,T+1,3860,847,4707,2026-09-16T02:58:08.704Z,FALSE,"",21:00,TRUE
fare_BLR-COK_6E_2026-09-17_T+1_1789528445684_pp1y,BLR-COK,EaseMyTrip,6E,6E-141,2026-09-17,T+1,3861,847,4708,2026-09-16T02:58:08.704Z,FALSE,"",18:00,TRUE
fare_BLR-COK_6E_2026-09-17_T+1_1789528445684_jvbk,BLR-COK,EaseMyTrip,6E,6E-336,2026-09-17,T+1,3861,847,4708,2026-09-16T02:58:08.704Z,FALSE,"",18:00,TRUE
fare_BLR-COK_6E_2026-09-17_T+1_1789528445684_4g77,BLR-COK,EaseMyTrip,6E,6E-751,2026-09-17,T+1,3861,847,4708,2026-09-16T02:58:08.704Z,FALSE,"",14:25,TRUE
fare_BLR-COK_6E_2026-09-17_T+1_1789528445684_zwlj,BLR-COK,EaseMyTrip,6E,6E-294,2026-09-17,T+1,3861,847,4708,2026-09-16T02:58:08.704Z,FALSE,"",14:25,TRUE
fare_BLR-COK_6E_2026-09-17_T+1_1789528445684_1ydg,BLR-COK,EaseMyTrip,6E,6E-7005,2026-09-17,T+1,4594,1009,5603,2026-09-16T02:58:08.704Z,FALSE,"",08:05,TRUE
fare_BLR-COK_6E_2026-09-17_T+1_1789528445684_e1gb,BLR-COK,EaseMyTrip,6E,6E-837,2026-09-17,T+1,5025,1103,6128,2026-09-16T02:58:08.704Z,FALSE,"",20:25,TRUE
fare_BLR-COK_6E_2026-09-17_T+1_1789528445684_xttz,BLR-COK,EaseMyTrip,6E,6E-832,2026-09-17,T+1,5025,1103,6128,2026-09-16T02:58:08.704Z,FALSE,"",20:25,TRUE
fare_BLR-COK_QP_2026-09-17_T+1_1789528445684_hcky,BLR-COK,EaseMyTrip,QP,QP-1383,2026-09-17,T+1,6266,1375,7641,2026-09-16T02:58:08.704Z,FALSE,"",05:25,FALSE
fare_BLR-COK_QP_2026-09-17_T+1_1789528445684_floo,BLR-COK,EaseMyTrip,QP,QP-1381,2026-09-17,T+1,6266,1375,7641,2026-09-16T02:58:08.704Z,FALSE,"",04:50,FALSE
fare_BLR-COK_AI_2026-09-17_T+1_1789528445684_wffi,BLR-COK,EaseMyTrip,AI,AI-2858,2026-09-17,T+1,11538,2533,14071,2026-09-16T02:58:08.704Z,FALSE,"",02:20,FALSE
fare_BLR-COK_AI_2026-09-17_T+1_1789528445684_bh7u,BLR-COK,EaseMyTrip,AI,AI-2811,2026-09-17,T+1,11774,2584,14358,2026-09-16T02:58:08.704Z,FALSE,"",23:40,FALSE
fare_BLR-COK_AI_2026-09-17_T+1_1789528445684_26bl,BLR-COK,EaseMyTrip,AI,AI-2630,2026-09-17,T+1,11803,2591,14394,2026-09-16T02:58:08.704Z,FALSE,"",12:05,FALSE
fare_BLR-COK_AI_2026-09-17_T+1_1789528445684_401y,BLR-COK,EaseMyTrip,AI,AI-2854,2026-09-17,T+1,11906,2614,14520,2026-09-16T02:58:08.704Z,FALSE,"",18:05,FALSE
fare_BLR-COK_AI_2026-09-17_T+1_1789528445684_8y5x,BLR-COK,EaseMyTrip,AI,AI-2610,2026-09-17,T+1,12649,2776,15425,2026-09-16T02:58:08.704Z,FALSE,"",19:00,FALSE
fare_BLR-COK_AI_2026-09-17_T+1_1789528445684_bpnq,BLR-COK,EaseMyTrip,AI,AI-2852,2026-09-17,T+1,13077,2871,15948,2026-09-16T02:58:08.704Z,FALSE,"",10:30,FALSE
fare_BLR-COK_AI_2026-09-17_T+1_1789528445684_u18f,BLR-COK,EaseMyTrip,AI,AI-2840,2026-09-17,T+1,13077,2871,15948,2026-09-16T02:58:08.704Z,FALSE,"",22:30,FALSE
fare_BLR-COK_AI_2026-09-17_T+1_1789528445684_n2n2,BLR-COK,EaseMyTrip,AI,AI-2642,2026-09-17,T+1,13208,2899,16107,2026-09-16T02:58:08.704Z,FALSE,"",21:30,FALSE
fare_BLR-COK_AI_2026-09-17_T+1_1789528445684_z8n9,BLR-COK,EaseMyTrip,AI,AI-2850,2026-09-17,T+1,13469,2957,16426,2026-09-16T02:58:08.704Z,FALSE,"",20:30,FALSE
fare_BLR-COK_AI_2026-09-17_T+1_1789528445684_vehy,BLR-COK,EaseMyTrip,AI,AI-2402,2026-09-17,T+1,14385,3158,17543,2026-09-16T02:58:08.704Z,FALSE,"",06:35,FALSE
fare_BLR-COK_AI_2026-09-17_T+1_1789528445684_46uw,BLR-COK,EaseMyTrip,AI,AI-2604,2026-09-17,T+1,16123,3539,19662,2026-09-16T02:58:08.704Z,FALSE,"",09:15,FALSE
fare_BLR-COK_6E_2026-10-16_T+30_1789528445684_61sx,BLR-COK,EaseMyTrip,6E,6E-286,2026-10-16,T+30,4247,932,5179,2026-09-16T02:58:27.712Z,FALSE,"",07:05,TRUE
fare_BLR-COK_6E_2026-10-16_T+30_1789528445684_alga,BLR-COK,EaseMyTrip,6E,6E-582,2026-10-16,T+30,4247,932,5179,2026-09-16T02:58:27.712Z,FALSE,"",07:05,TRUE
fare_BLR-COK_QP_2026-10-16_T+30_1789528445684_h54y,BLR-COK,EaseMyTrip,QP,QP-1515,2026-10-16,T+30,6535,1435,7970,2026-09-16T02:58:27.712Z,FALSE,"",06:00,FALSE
fare_BLR-COK_QP_2026-10-16_T+30_1789528445684_9033,BLR-COK,EaseMyTrip,QP,QP-1517,2026-10-16,T+30,6535,1435,7970,2026-09-16T02:58:27.712Z,FALSE,"",05:00,FALSE
fare_BLR-COK_6E_2026-10-16_T+30_1789528445684_enjl,BLR-COK,EaseMyTrip,6E,6E-501,2026-10-16,T+30,7496,1646,9142,2026-09-16T02:58:27.712Z,FALSE,"",07:10,TRUE
fare_BLR-COK_6E_2026-10-16_T+30_1789528445684_j7vw,BLR-COK,EaseMyTrip,6E,6E-911,2026-10-16,T+30,7496,1646,9142,2026-09-16T02:58:27.712Z,FALSE,"",07:10,TRUE
fare_BLR-COK_6E_2026-10-16_T+30_1789528445684_4qve,BLR-COK,EaseMyTrip,6E,6E-7005,2026-10-16,T+30,7496,1646,9142,2026-09-16T02:58:27.712Z,FALSE,"",08:05,TRUE
fare_BLR-COK_IX_2026-10-16_T+30_1789528445684_cu7b,BLR-COK,EaseMyTrip,IX,IX-2678,2026-10-16,T+30,8221,1805,10026,2026-09-16T02:58:27.712Z,FALSE,"",05:30,TRUE
fare_BLR-COK_IX_2026-10-16_T+30_1789528445684_8xuy,BLR-COK,EaseMyTrip,IX,IX-1893,2026-10-16,T+30,8221,1805,10026,2026-09-16T02:58:27.712Z,FALSE,"",08:40,TRUE
fare_BLR-COK_6E_2026-10-16_T+30_1789528445684_3a3h,BLR-COK,EaseMyTrip,6E,6E-6445,2026-10-16,T+30,8225,1805,10030,2026-09-16T02:58:27.712Z,FALSE,"",10:25,TRUE
fare_BLR-COK_6E_2026-10-16_T+30_1789528445684_lkkw,BLR-COK,EaseMyTrip,6E,6E-128,2026-10-16,T+30,8225,1805,10030,2026-09-16T02:58:27.712Z,FALSE,"",14:25,TRUE
fare_BLR-COK_6E_2026-10-16_T+30_1789528445684_9ajh,BLR-COK,EaseMyTrip,6E,6E-931,2026-10-16,T+30,8225,1805,10030,2026-09-16T02:58:27.712Z,FALSE,"",14:25,TRUE
fare_BLR-COK_IX_2026-10-16_T+30_1789528445684_9u7d,BLR-COK,EaseMyTrip,IX,IX-2116,2026-10-16,T+30,9920,2178,12098,2026-09-16T02:58:27.712Z,FALSE,"",21:00,TRUE
fare_BLR-COK_6E_2026-10-16_T+30_1789528445684_qqey,BLR-COK,EaseMyTrip,6E,6E-770,2026-10-16,T+30,9924,2179,12103,2026-09-16T02:58:27.712Z,FALSE,"",18:00,TRUE
fare_BLR-COK_6E_2026-10-16_T+30_1789528445684_re27,BLR-COK,EaseMyTrip,6E,6E-491,2026-10-16,T+30,9924,2179,12103,2026-09-16T02:58:27.712Z,FALSE,"",18:00,TRUE
fare_BLR-COK_6E_2026-10-16_T+30_1789528445684_ny8d,BLR-COK,EaseMyTrip,6E,6E-378,2026-10-16,T+30,9924,2179,12103,2026-09-16T02:58:27.712Z,FALSE,"",20:25,TRUE
fare_BLR-COK_6E_2026-10-16_T+30_1789528445684_wd0f,BLR-COK,EaseMyTrip,6E,6E-319,2026-10-16,T+30,9924,2179,12103,2026-09-16T02:58:27.712Z,FALSE,"",20:25,TRUE
fare_BLR-COK_AI_2026-10-16_T+30_1789528445684_ius5,BLR-COK,EaseMyTrip,AI,AI-2811,2026-10-16,T+30,12444,2732,15176,2026-09-16T02:58:27.712Z,FALSE,"",23:40,FALSE
fare_BLR-COK_AI_2026-10-16_T+30_1789528445684_tq3c,BLR-COK,EaseMyTrip,AI,AI-2402,2026-10-16,T+30,12468,2737,15205,2026-09-16T02:58:27.712Z,FALSE,"",06:35,FALSE
fare_BLR-COK_AI_2026-10-16_T+30_1789528445684_941q,BLR-COK,EaseMyTrip,AI,AI-2852,2026-10-16,T+30,12837,2818,15655,2026-09-16T02:58:27.712Z,FALSE,"",10:30,FALSE
fare_BLR-COK_AI_2026-10-16_T+30_1789528445684_uvrq,BLR-COK,EaseMyTrip,AI,AI-2854,2026-10-16,T+30,13036,2861,15897,2026-09-16T02:58:27.712Z,FALSE,"",18:05,FALSE
fare_BLR-COK_AI_2026-10-16_T+30_1789528445684_3rq8,BLR-COK,EaseMyTrip,AI,AI-2610,2026-10-16,T+30,13395,2940,16335,2026-09-16T02:58:27.712Z,FALSE,"",19:00,FALSE
fare_BLR-COK_AI_2026-10-16_T+30_1789528445684_7irf,BLR-COK,EaseMyTrip,AI,AI-2630,2026-10-16,T+30,13651,2996,16647,2026-09-16T02:58:27.712Z,FALSE,"",12:05,FALSE
fare_BLR-COK_AI_2026-10-16_T+30_1789528445684_6e09,BLR-COK,EaseMyTrip,AI,AI-2858,2026-10-16,T+30,13651,2996,16647,2026-09-16T02:58:27.712Z,FALSE,"",02:20,FALSE
fare_BLR-COK_AI_2026-10-16_T+30_1789528445684_pusy,BLR-COK,EaseMyTrip,AI,AI-2840,2026-10-16,T+30,13651,2996,16647,2026-09-16T02:58:27.712Z,FALSE,"",22:30,FALSE
fare_BLR-COK_AI_2026-10-16_T+30_1789528445684_yxo8,BLR-COK,EaseMyTrip,AI,AI-2642,2026-10-16,T+30,13706,3009,16715,2026-09-16T02:58:27.712Z,FALSE,"",21:30,FALSE
fare_BLR-COK_AI_2026-10-16_T+30_1789528445684_s8c6,BLR-COK,EaseMyTrip,AI,AI-9993,2026-10-16,T+30,14708,3228,17936,2026-09-16T02:58:27.712Z,FALSE,"",23:50,FALSE
fare_BLR-COK_6E_2026-10-16_T+30_1789528445684_px96,BLR-COK,EaseMyTrip,6E,6E-871,2026-10-16,T+30,14583,3201,17784,2026-09-16T02:58:27.712Z,FALSE,"",12:55,TRUE
fare_BLR-COK_6E_2026-10-16_T+30_1789528445684_jhni,BLR-COK,EaseMyTrip,6E,6E-187,2026-10-16,T+30,14583,3201,17784,2026-09-16T02:58:27.712Z,FALSE,"",12:55,TRUE
fare_BLR-COK_AI_2026-10-16_T+30_1789528445684_h3m9,BLR-COK,EaseMyTrip,AI,AI-2604,2026-10-16,T+30,14856,3261,18117,2026-09-16T02:58:27.712Z,FALSE,"",09:15,FALSE
fare_BLR-COK_AI_2026-10-16_T+30_1789528445684_7ahb,BLR-COK,EaseMyTrip,AI,AI-2850,2026-10-16,T+30,15117,3318,18435,2026-09-16T02:58:27.712Z,FALSE,"",20:30,FALSE
fare_BLR-COK_6E_2026-09-23_T+7_1789528445685_1z09,BLR-COK,EaseMyTrip,6E,6E-494,2026-09-23,T+7,2525,554,3079,2026-09-16T02:58:15.568Z,FALSE,"",07:05,TRUE
fare_BLR-COK_6E_2026-09-23_T+7_1789528445685_l193,BLR-COK,EaseMyTrip,6E,6E-671,2026-09-23,T+7,2525,554,3079,2026-09-16T02:58:15.568Z,FALSE,"",07:05,TRUE
fare_BLR-COK_IX_2026-09-23_T+7_1789528445685_amwe,BLR-COK,EaseMyTrip,IX,IX-2116,2026-09-23,T+7,3018,662,3680,2026-09-16T02:58:15.568Z,FALSE,"",21:00,TRUE
fare_BLR-COK_IX_2026-09-23_T+7_1789528445685_rha6,BLR-COK,EaseMyTrip,IX,IX-2678,2026-09-23,T+7,3018,662,3680,2026-09-16T02:58:15.568Z,FALSE,"",05:30,TRUE
fare_BLR-COK_IX_2026-09-23_T+7_1789528445685_m4gg,BLR-COK,EaseMyTrip,IX,IX-1893,2026-09-23,T+7,3018,662,3680,2026-09-16T02:58:15.568Z,FALSE,"",08:40,TRUE
fare_BLR-COK_IX_2026-09-23_T+7_1789528445685_qe50,BLR-COK,EaseMyTrip,IX,IX-2608,2026-09-23,T+7,3018,662,3680,2026-09-16T02:58:15.568Z,FALSE,"",16:15,TRUE
fare_BLR-COK_6E_2026-09-23_T+7_1789528445685_liun,BLR-COK,EaseMyTrip,6E,6E-941,2026-09-23,T+7,3018,662,3680,2026-09-16T02:58:15.568Z,FALSE,"",07:05,TRUE
fare_BLR-COK_6E_2026-09-23_T+7_1789528445685_m6tk,BLR-COK,EaseMyTrip,6E,6E-233,2026-09-23,T+7,3018,662,3680,2026-09-16T02:58:15.568Z,FALSE,"",07:05,TRUE
fare_BLR-COK_6E_2026-09-23_T+7_1789528445685_d2ou,BLR-COK,EaseMyTrip,6E,6E-7005,2026-09-23,T+7,3018,662,3680,2026-09-16T02:58:15.568Z,FALSE,"",08:05,TRUE
fare_BLR-COK_6E_2026-09-23_T+7_1789528445685_w5ba,BLR-COK,EaseMyTrip,6E,6E-6445,2026-09-23,T+7,3549,779,4328,2026-09-16T02:58:15.568Z,FALSE,"",10:25,TRUE
fare_BLR-COK_6E_2026-09-23_T+7_1789528445685_ryx5,BLR-COK,EaseMyTrip,6E,6E-697,2026-09-23,T+7,3549,779,4328,2026-09-16T02:58:15.568Z,FALSE,"",18:00,TRUE
fare_BLR-COK_6E_2026-09-23_T+7_1789528445685_y9g1,BLR-COK,EaseMyTrip,6E,6E-993,2026-09-23,T+7,3549,779,4328,2026-09-16T02:58:15.568Z,FALSE,"",18:00,TRUE
fare_BLR-COK_6E_2026-09-23_T+7_1789528445685_ujo3,BLR-COK,EaseMyTrip,6E,6E-817,2026-09-23,T+7,3549,779,4328,2026-09-16T02:58:15.568Z,FALSE,"",14:25,TRUE
fare_BLR-COK_6E_2026-09-23_T+7_1789528445685_vqg0,BLR-COK,EaseMyTrip,6E,6E-109,2026-09-23,T+7,3549,779,4328,2026-09-16T02:58:15.568Z,FALSE,"",14:25,TRUE
fare_BLR-COK_6E_2026-09-23_T+7_1789528445685_fb2b,BLR-COK,EaseMyTrip,6E,6E-968,2026-09-23,T+7,3861,847,4708,2026-09-16T02:58:15.568Z,FALSE,"",12:55,TRUE
fare_BLR-COK_6E_2026-09-23_T+7_1789528445685_ls41,BLR-COK,EaseMyTrip,6E,6E-964,2026-09-23,T+7,3861,847,4708,2026-09-16T02:58:15.568Z,FALSE,"",12:55,TRUE
fare_BLR-COK_6E_2026-09-23_T+7_1789528445685_p4th,BLR-COK,EaseMyTrip,6E,6E-117,2026-09-23,T+7,3861,847,4708,2026-09-16T02:58:15.568Z,FALSE,"",20:25,TRUE
fare_BLR-COK_6E_2026-09-23_T+7_1789528445685_9c8g,BLR-COK,EaseMyTrip,6E,6E-983,2026-09-23,T+7,3861,847,4708,2026-09-16T02:58:15.568Z,FALSE,"",20:25,TRUE
fare_BLR-COK_QP_2026-09-23_T+7_1789528445685_p7eg,BLR-COK,EaseMyTrip,QP,QP-1381,2026-09-23,T+7,6004,1318,7322,2026-09-16T02:58:15.568Z,FALSE,"",04:50,FALSE
fare_BLR-COK_AI_2026-09-23_T+7_1789528445685_8gjs,BLR-COK,EaseMyTrip,AI,AI-9993,2026-09-23,T+7,9261,2033,11294,2026-09-16T02:58:15.568Z,FALSE,"",02:45,FALSE
fare_BLR-COK_AI_2026-09-23_T+7_1789528445685_eqin,BLR-COK,EaseMyTrip,AI,AI-2858,2026-09-23,T+7,9435,2071,11506,2026-09-16T02:58:15.568Z,FALSE,"",02:20,FALSE
fare_BLR-COK_AI_2026-09-23_T+7_1789528445685_4zmc,BLR-COK,EaseMyTrip,AI,AI-2811,2026-09-23,T+7,9824,2156,11980,2026-09-16T02:58:15.568Z,FALSE,"",23:40,FALSE
fare_BLR-COK_AI_2026-09-23_T+7_1789528445685_p5wc,BLR-COK,EaseMyTrip,AI,AI-2852,2026-09-23,T+7,11441,2512,13953,2026-09-16T02:58:15.568Z,FALSE,"",10:30,FALSE
fare_BLR-COK_AI_2026-09-23_T+7_1789528445685_mhwu,BLR-COK,EaseMyTrip,AI,AI-2604,2026-09-23,T+7,11539,2533,14072,2026-09-16T02:58:15.568Z,FALSE,"",09:15,FALSE
fare_BLR-COK_AI_2026-09-23_T+7_1789528445685_ftre,BLR-COK,EaseMyTrip,AI,AI-2642,2026-09-23,T+7,11539,2533,14072,2026-09-16T02:58:15.568Z,FALSE,"",21:30,FALSE
fare_BLR-COK_AI_2026-09-23_T+7_1789528445685_exy9,BLR-COK,EaseMyTrip,AI,AI-2402,2026-09-23,T+7,11700,2568,14268,2026-09-16T02:58:15.568Z,FALSE,"",06:35,FALSE
fare_BLR-COK_AI_2026-09-23_T+7_1789528445685_qqpt,BLR-COK,EaseMyTrip,AI,AI-2854,2026-09-23,T+7,11785,2587,14372,2026-09-16T02:58:15.568Z,FALSE,"",18:05,FALSE
fare_BLR-COK_AI_2026-09-23_T+7_1789528445685_hjed,BLR-COK,EaseMyTrip,AI,AI-2630,2026-09-23,T+7,11803,2591,14394,2026-09-16T02:58:15.568Z,FALSE,"",12:05,FALSE
fare_BLR-COK_AI_2026-09-23_T+7_1789528445685_3v58,BLR-COK,EaseMyTrip,AI,AI-2610,2026-09-23,T+7,12590,2764,15354,2026-09-16T02:58:15.568Z,FALSE,"",19:00,FALSE
fare_BLR-COK_AI_2026-09-23_T+7_1789528445685_yv13,BLR-COK,EaseMyTrip,AI,AI-2850,2026-09-23,T+7,13013,2857,15870,2026-09-16T02:58:15.568Z,FALSE,"",20:30,FALSE
fare_BLR-COK_AI_2026-09-23_T+7_1789528445685_onto,BLR-COK,EaseMyTrip,AI,AI-9570,2026-09-23,T+7,15032,3300,18332,2026-09-16T02:58:15.568Z,FALSE,"",06:05,FALSE
fare_BLR-COK_AI_2026-09-23_T+7_1789528445685_zuz0,BLR-COK,EaseMyTrip,AI,AI-9568,2026-09-23,T+7,15072,3309,18381,2026-09-16T02:58:15.568Z,FALSE,"",17:15,FALSE
fare_BLR-DEL_IX_2026-10-01_T+15_1789528445685_tn7h,BLR-DEL,EaseMyTrip,IX,IX-1581,2026-10-01,T+15,6944,1524,8468,2026-09-16T02:53:26.362Z,FALSE,"",18:40,FALSE
fare_BLR-DEL_IX_2026-10-01_T+15_1789528445685_rpy2,BLR-DEL,EaseMyTrip,IX,IX-1479,2026-10-01,T+15,7010,1539,8549,2026-09-16T02:53:26.362Z,FALSE,"",06:20,FALSE
fare_BLR-DEL_IX_2026-10-01_T+15_1789528445685_7loc,BLR-DEL,EaseMyTrip,IX,IX-2924,2026-10-01,T+15,7526,1652,9178,2026-09-16T02:53:26.362Z,FALSE,"",16:40,FALSE
fare_BLR-DEL_IX_2026-10-01_T+15_1789528445685_85u7,BLR-DEL,EaseMyTrip,IX,IX-5976,2026-10-01,T+15,7765,1705,9470,2026-09-16T02:53:26.362Z,FALSE,"",01:15,TRUE
fare_BLR-DEL_6E_2026-10-01_T+15_1789528445685_t56h,BLR-DEL,EaseMyTrip,6E,6E-2518,2026-10-01,T+15,7631,1675,9306,2026-09-16T02:53:26.362Z,FALSE,"",09:20,TRUE
fare_BLR-DEL_IX_2026-10-01_T+15_1789528445685_pu6k,BLR-DEL,EaseMyTrip,IX,IX-1239,2026-10-01,T+15,7895,1733,9628,2026-09-16T02:53:26.362Z,FALSE,"",06:35,FALSE
fare_BLR-DEL_QP_2026-10-01_T+15_1789528445685_yw50,BLR-DEL,EaseMyTrip,QP,QP-1525,2026-10-01,T+15,7833,1720,9553,2026-09-16T02:53:26.362Z,FALSE,"",07:00,TRUE
fare_BLR-DEL_6E_2026-10-01_T+15_1789528445685_akzz,BLR-DEL,EaseMyTrip,6E,6E-6863,2026-10-01,T+15,8060,1769,9829,2026-09-16T02:53:26.362Z,FALSE,"",08:20,FALSE
fare_BLR-DEL_6E_2026-10-01_T+15_1789528445685_obcb,BLR-DEL,EaseMyTrip,6E,6E-6003,2026-10-01,T+15,8060,1769,9829,2026-09-16T02:53:26.362Z,FALSE,"",15:35,FALSE
fare_BLR-DEL_6E_2026-10-01_T+15_1789528445685_6yvl,BLR-DEL,EaseMyTrip,6E,6E-625,2026-10-01,T+15,8125,1783,9908,2026-09-16T02:53:26.362Z,FALSE,"",09:15,FALSE
fare_BLR-DEL_6E_2026-10-01_T+15_1789528445685_v53q,BLR-DEL,EaseMyTrip,6E,6E-406,2026-10-01,T+15,8125,1783,9908,2026-09-16T02:53:26.362Z,FALSE,"",09:15,FALSE
fare_BLR-DEL_6E_2026-10-01_T+15_1789528445685_bteb,BLR-DEL,EaseMyTrip,6E,6E-6178,2026-10-01,T+15,8125,1783,9908,2026-09-16T02:53:26.362Z,FALSE,"",06:10,FALSE
fare_BLR-DEL_6E_2026-10-01_T+15_1789528445685_g3q9,BLR-DEL,EaseMyTrip,6E,6E-673,2026-10-01,T+15,8125,1783,9908,2026-09-16T02:53:26.362Z,FALSE,"",18:35,FALSE
fare_BLR-DEL_6E_2026-10-01_T+15_1789528445685_oz6l,BLR-DEL,EaseMyTrip,6E,6E-368,2026-10-01,T+15,8125,1783,9908,2026-09-16T02:53:26.362Z,FALSE,"",18:35,FALSE
fare_BLR-DEL_6E_2026-10-01_T+15_1789528445685_mrgj,BLR-DEL,EaseMyTrip,6E,6E-6067,2026-10-01,T+15,8125,1783,9908,2026-09-16T02:53:26.362Z,FALSE,"",16:30,FALSE
fare_BLR-DEL_6E_2026-10-01_T+15_1789528445685_iqab,BLR-DEL,EaseMyTrip,6E,6E-832,2026-10-01,T+15,8125,1783,9908,2026-09-16T02:53:26.362Z,FALSE,"",10:15,FALSE
fare_BLR-DEL_6E_2026-10-01_T+15_1789528445685_1wvs,BLR-DEL,EaseMyTrip,6E,6E-722,2026-10-01,T+15,8125,1783,9908,2026-09-16T02:53:26.362Z,FALSE,"",10:15,FALSE
fare_BLR-DEL_6E_2026-10-01_T+15_1789528445685_o277,BLR-DEL,EaseMyTrip,6E,6E-981,2026-10-01,T+15,8125,1783,9908,2026-09-16T02:53:26.362Z,FALSE,"",08:15,FALSE
fare_BLR-DEL_6E_2026-10-01_T+15_1789528445685_nvqb,BLR-DEL,EaseMyTrip,6E,6E-769,2026-10-01,T+15,8125,1783,9908,2026-09-16T02:53:26.362Z,FALSE,"",08:15,FALSE
fare_BLR-DEL_IX_2026-10-01_T+15_1789528445685_ygrw,BLR-DEL,EaseMyTrip,IX,IX-1971,2026-10-01,T+15,8337,1830,10167,2026-09-16T02:53:26.362Z,FALSE,"",12:45,FALSE
fare_BLR-DEL_AI_2026-10-01_T+15_1789528445685_94gk,BLR-DEL,EaseMyTrip,AI,AI-2758,2026-10-01,T+15,8313,1825,10138,2026-09-16T02:53:26.362Z,FALSE,"",00:15,TRUE
fare_BLR-DEL_AI_2026-10-01_T+15_1789528445685_cp22,BLR-DEL,EaseMyTrip,AI,AI-2804,2026-10-01,T+15,8313,1825,10138,2026-09-16T02:53:26.362Z,FALSE,"",10:00,TRUE
fare_BLR-DEL_6E_2026-10-01_T+15_1789528445685_e51q,BLR-DEL,EaseMyTrip,6E,6E-6558,2026-10-01,T+15,8178,1795,9973,2026-09-16T02:53:26.362Z,FALSE,"",09:05,FALSE
fare_BLR-DEL_IX_2026-10-01_T+15_1789528445685_89gw,BLR-DEL,EaseMyTrip,IX,IX-2542,2026-10-01,T+15,8509,1868,10377,2026-09-16T02:53:26.362Z,FALSE,"",06:40,TRUE
fare_BLR-DEL_6E_2026-10-01_T+15_1789528445685_fegq,BLR-DEL,EaseMyTrip,6E,6E-6876,2026-10-01,T+15,8232,1807,10039,2026-09-16T02:53:26.362Z,FALSE,"",02:40,FALSE
fare_BLR-DEL_6E_2026-10-01_T+15_1789528445685_biq7,BLR-DEL,EaseMyTrip,6E,6E-6595,2026-10-01,T+15,8232,1807,10039,2026-09-16T02:53:26.362Z,FALSE,"",13:55,FALSE
fare_BLR-DEL_6E_2026-10-01_T+15_1789528445685_m5i6,BLR-DEL,EaseMyTrip,6E,6E-6465,2026-10-01,T+15,8232,1807,10039,2026-09-16T02:53:26.362Z,FALSE,"",17:15,FALSE
fare_BLR-DEL_6E_2026-10-01_T+15_1789528445685_elfe,BLR-DEL,EaseMyTrip,6E,6E-6104,2026-10-01,T+15,8232,1807,10039,2026-09-16T02:53:26.362Z,FALSE,"",11:40,FALSE
fare_BLR-DEL_6E_2026-10-01_T+15_1789528445685_gtu4,BLR-DEL,EaseMyTrip,6E,6E-6779,2026-10-01,T+15,8232,1807,10039,2026-09-16T02:53:26.362Z,FALSE,"",01:10,FALSE
fare_BLR-DEL_6E_2026-10-01_T+15_1789528445685_i22z,BLR-DEL,EaseMyTrip,6E,6E-550,2026-10-01,T+15,8232,1807,10039,2026-09-16T02:53:26.362Z,FALSE,"",17:30,FALSE
fare_BLR-DEL_6E_2026-10-01_T+15_1789528445685_61cd,BLR-DEL,EaseMyTrip,6E,6E-532,2026-10-01,T+15,8232,1807,10039,2026-09-16T02:53:26.362Z,FALSE,"",17:30,FALSE
fare_BLR-DEL_6E_2026-10-01_T+15_1789528445685_a9qg,BLR-DEL,EaseMyTrip,6E,6E-5031,2026-10-01,T+15,8232,1807,10039,2026-09-16T02:53:26.362Z,FALSE,"",16:00,FALSE
fare_BLR-DEL_6E_2026-10-01_T+15_1789528445685_6cmj,BLR-DEL,EaseMyTrip,6E,6E-5051,2026-10-01,T+15,8232,1807,10039,2026-09-16T02:53:26.362Z,FALSE,"",08:30,FALSE
fare_BLR-DEL_6E_2026-10-01_T+15_1789528445685_ixbm,BLR-DEL,EaseMyTrip,6E,6E-6423,2026-10-01,T+15,8232,1807,10039,2026-09-16T02:53:26.362Z,FALSE,"",20:00,FALSE
fare_BLR-DEL_6E_2026-10-01_T+15_1789528445685_3zkr,BLR-DEL,EaseMyTrip,6E,6E-6269,2026-10-01,T+15,8297,1821,10118,2026-09-16T02:53:26.362Z,FALSE,"",07:15,FALSE
fare_BLR-DEL_6E_2026-10-01_T+15_1789528445685_uo2a,BLR-DEL,EaseMyTrip,6E,6E-6141,2026-10-01,T+15,8297,1821,10118,2026-09-16T02:53:26.362Z,FALSE,"",18:20,FALSE
fare_BLR-DEL_6E_2026-10-01_T+15_1789528445685_0ekh,BLR-DEL,EaseMyTrip,6E,6E-6012,2026-10-01,T+15,8297,1821,10118,2026-09-16T02:53:26.362Z,FALSE,"",19:30,FALSE
fare_BLR-DEL_6E_2026-10-01_T+15_1789528445685_psco,BLR-DEL,EaseMyTrip,6E,6E-990,2026-10-01,T+15,8297,1821,10118,2026-09-16T02:53:26.362Z,FALSE,"",05:40,FALSE
fare_BLR-DEL_6E_2026-10-01_T+15_1789528445685_enxm,BLR-DEL,EaseMyTrip,6E,6E-315,2026-10-01,T+15,8297,1821,10118,2026-09-16T02:53:26.362Z,FALSE,"",05:40,FALSE
fare_BLR-DEL_6E_2026-10-01_T+15_1789528445685_qbvu,BLR-DEL,EaseMyTrip,6E,6E-704,2026-10-01,T+15,8297,1821,10118,2026-09-16T02:53:26.362Z,FALSE,"",10:50,FALSE
fare_BLR-DEL_6E_2026-10-01_T+15_1789528445685_vs01,BLR-DEL,EaseMyTrip,6E,6E-6653,2026-10-01,T+15,8297,1821,10118,2026-09-16T02:53:26.362Z,FALSE,"",12:35,FALSE
fare_BLR-DEL_6E_2026-10-01_T+15_1789528445685_vjnm,BLR-DEL,EaseMyTrip,6E,6E-6554,2026-10-01,T+15,8297,1821,10118,2026-09-16T02:53:26.362Z,FALSE,"",19:15,FALSE
fare_BLR-DEL_6E_2026-10-01_T+15_1789528445685_bip1,BLR-DEL,EaseMyTrip,6E,6E-6875,2026-10-01,T+15,8297,1821,10118,2026-09-16T02:53:26.362Z,FALSE,"",19:55,FALSE
fare_BLR-DEL_QP_2026-10-01_T+15_1789528445685_2otl,BLR-DEL,EaseMyTrip,QP,QP-1823,2026-10-01,T+15,8333,1829,10162,2026-09-16T02:53:26.362Z,FALSE,"",06:05,TRUE
fare_BLR-DEL_QP_2026-10-01_T+15_1789528445685_cz18,BLR-DEL,EaseMyTrip,QP,QP-1359,2026-10-01,T+15,8333,1829,10162,2026-09-16T02:53:26.362Z,FALSE,"",05:00,TRUE
fare_BLR-DEL_QP_2026-10-01_T+15_1789528445685_m7gt,BLR-DEL,EaseMyTrip,QP,QP-1811,2026-10-01,T+15,8333,1829,10162,2026-09-16T02:53:26.362Z,FALSE,"",03:55,TRUE
fare_BLR-DEL_6E_2026-10-01_T+15_1789528445685_yeco,BLR-DEL,EaseMyTrip,6E,6E-6451,2026-10-01,T+15,8404,1845,10249,2026-09-16T02:53:26.362Z,FALSE,"",16:45,FALSE
fare_BLR-DEL_QP_2026-10-01_T+15_1789528445685_f1dt,BLR-DEL,EaseMyTrip,QP,QP-1821,2026-10-01,T+15,8488,1863,10351,2026-09-16T02:53:26.362Z,FALSE,"",13:05,TRUE
fare_BLR-DEL_6E_2026-10-01_T+15_1789528445685_1dj8,BLR-DEL,EaseMyTrip,6E,6E-500,2026-10-01,T+15,8510,1868,10378,2026-09-16T02:53:26.362Z,FALSE,"",01:00,TRUE
fare_BLR-DEL_6E_2026-10-01_T+15_1789528445685_rimq,BLR-DEL,EaseMyTrip,6E,6E-376,2026-10-01,T+15,8510,1868,10378,2026-09-16T02:53:26.362Z,FALSE,"",01:00,TRUE
fare_BLR-DEL_6E_2026-10-01_T+15_1789528445685_9cg4,BLR-DEL,EaseMyTrip,6E,6E-421,2026-10-01,T+15,8510,1868,10378,2026-09-16T02:53:26.362Z,FALSE,"",10:45,TRUE
fare_BLR-DEL_6E_2026-10-01_T+15_1789528445685_76zm,BLR-DEL,EaseMyTrip,6E,6E-910,2026-10-01,T+15,8510,1868,10378,2026-09-16T02:53:26.362Z,FALSE,"",10:45,TRUE
fare_BLR-DEL_6E_2026-10-01_T+15_1789528445685_21hj,BLR-DEL,EaseMyTrip,6E,6E-609,2026-10-01,T+15,8510,1868,10378,2026-09-16T02:53:26.362Z,FALSE,"",07:00,TRUE
fare_BLR-DEL_6E_2026-10-01_T+15_1789528445685_j5r3,BLR-DEL,EaseMyTrip,6E,6E-826,2026-10-01,T+15,8510,1868,10378,2026-09-16T02:53:26.362Z,FALSE,"",07:00,TRUE
fare_BLR-DEL_6E_2026-10-01_T+15_1789528445685_4joy,BLR-DEL,EaseMyTrip,6E,6E-452,2026-10-01,T+15,8510,1868,10378,2026-09-16T02:53:26.362Z,FALSE,"",13:10,TRUE
fare_BLR-DEL_6E_2026-10-01_T+15_1789528445685_n71r,BLR-DEL,EaseMyTrip,6E,6E-599,2026-10-01,T+15,8510,1868,10378,2026-09-16T02:53:26.362Z,FALSE,"",13:10,TRUE
fare_BLR-DEL_6E_2026-10-01_T+15_1789528445685_jty8,BLR-DEL,EaseMyTrip,6E,6E-894,2026-10-01,T+15,8510,1868,10378,2026-09-16T02:53:26.362Z,FALSE,"",09:30,TRUE
fare_BLR-DEL_6E_2026-10-01_T+15_1789528445685_vyqk,BLR-DEL,EaseMyTrip,6E,6E-548,2026-10-01,T+15,8510,1868,10378,2026-09-16T02:53:26.362Z,FALSE,"",09:30,TRUE
fare_BLR-DEL_6E_2026-10-01_T+15_1789528445685_1z7h,BLR-DEL,EaseMyTrip,6E,6E-505,2026-10-01,T+15,8522,1871,10393,2026-09-16T02:53:26.362Z,FALSE,"",08:10,FALSE
fare_BLR-DEL_6E_2026-10-01_T+15_1789528445685_yth7,BLR-DEL,EaseMyTrip,6E,6E-873,2026-10-01,T+15,8522,1871,10393,2026-09-16T02:53:26.362Z,FALSE,"",08:10,FALSE
fare_BLR-DEL_AI_2026-10-01_T+15_1789528445685_hpaq,BLR-DEL,EaseMyTrip,AI,AI-2810,2026-10-01,T+15,8767,1924,10691,2026-09-16T02:53:26.362Z,FALSE,"",06:00,TRUE
fare_BLR-DEL_AI_2026-10-01_T+15_1789528445685_orpp,BLR-DEL,EaseMyTrip,AI,AI-2486,2026-10-01,T+15,8767,1924,10691,2026-09-16T02:53:26.362Z,FALSE,"",14:00,TRUE
fare_BLR-DEL_AI_2026-10-01_T+15_1789528445685_8kh4,BLR-DEL,EaseMyTrip,AI,AI-2414,2026-10-01,T+15,8767,1924,10691,2026-09-16T02:53:26.362Z,FALSE,"",05:30,TRUE
fare_BLR-DEL_AI_2026-10-01_T+15_1789528445685_z28a,BLR-DEL,EaseMyTrip,AI,AI-2511,2026-10-01,T+15,8767,1924,10691,2026-09-16T02:53:26.362Z,FALSE,"",15:00,TRUE
fare_BLR-DEL_IX_2026-10-01_T+15_1789528445685_rer7,BLR-DEL,EaseMyTrip,IX,IX-1040,2026-10-01,T+15,8995,1974,10969,2026-09-16T02:53:26.362Z,FALSE,"",17:35,TRUE
fare_BLR-DEL_6E_2026-10-01_T+15_1789528445685_bspi,BLR-DEL,EaseMyTrip,6E,6E-6404,2026-10-01,T+15,8754,1922,10676,2026-09-16T02:53:26.362Z,FALSE,"",11:35,FALSE
fare_BLR-DEL_6E_2026-10-01_T+15_1789528445685_7sle,BLR-DEL,EaseMyTrip,6E,6E-7204,2026-10-01,T+15,8862,1945,10807,2026-09-16T02:53:26.362Z,FALSE,"",06:50,FALSE
fare_BLR-DEL_IX_2026-10-01_T+15_1789528445685_7va8,BLR-DEL,EaseMyTrip,IX,IX-5889,2026-10-01,T+15,9308,2043,11351,2026-09-16T02:53:26.362Z,FALSE,"",04:30,FALSE
fare_BLR-DEL_6E_2026-10-01_T+15_1789528445685_i45w,BLR-DEL,EaseMyTrip,6E,6E-950,2026-10-01,T+15,8927,1959,10886,2026-09-16T02:53:26.362Z,FALSE,"",10:35,FALSE
fare_BLR-DEL_6E_2026-10-01_T+15_1789528445685_tnnu,BLR-DEL,EaseMyTrip,6E,6E-267,2026-10-01,T+15,8927,1959,10886,2026-09-16T02:53:26.362Z,FALSE,"",10:35,FALSE
fare_BLR-DEL_6E_2026-10-01_T+15_1789528445685_9fps,BLR-DEL,EaseMyTrip,6E,6E-884,2026-10-01,T+15,8995,1974,10969,2026-09-16T02:53:26.362Z,FALSE,"",15:45,TRUE
fare_BLR-DEL_6E_2026-10-01_T+15_1789528445685_iy5x,BLR-DEL,EaseMyTrip,6E,6E-272,2026-10-01,T+15,8995,1974,10969,2026-09-16T02:53:26.362Z,FALSE,"",15:45,TRUE
fare_BLR-DEL_6E_2026-10-01_T+15_1789528445685_4dci,BLR-DEL,EaseMyTrip,6E,6E-418,2026-10-01,T+15,8995,1974,10969,2026-09-16T02:53:26.362Z,FALSE,"",05:05,TRUE
fare_BLR-DEL_6E_2026-10-01_T+15_1789528445685_fpf0,BLR-DEL,EaseMyTrip,6E,6E-709,2026-10-01,T+15,8995,1974,10969,2026-09-16T02:53:26.362Z,FALSE,"",05:05,TRUE
fare_BLR-DEL_6E_2026-10-01_T+15_1789528445685_fxsn,BLR-DEL,EaseMyTrip,6E,6E-476,2026-10-01,T+15,8995,1974,10969,2026-09-16T02:53:26.362Z,FALSE,"",03:00,TRUE
fare_BLR-DEL_6E_2026-10-01_T+15_1789528445685_ft3z,BLR-DEL,EaseMyTrip,6E,6E-765,2026-10-01,T+15,8995,1974,10969,2026-09-16T02:53:26.362Z,FALSE,"",03:00,TRUE
fare_BLR-DEL_6E_2026-10-01_T+15_1789528445685_5mth,BLR-DEL,EaseMyTrip,6E,6E-901,2026-10-01,T+15,8995,1974,10969,2026-09-16T02:53:26.362Z,FALSE,"",12:00,TRUE
fare_BLR-DEL_6E_2026-10-01_T+15_1789528445685_aluj,BLR-DEL,EaseMyTrip,6E,6E-522,2026-10-01,T+15,8995,1974,10969,2026-09-16T02:53:26.362Z,FALSE,"",12:00,TRUE
fare_BLR-DEL_6E_2026-10-01_T+15_1789528445685_w9zk,BLR-DEL,EaseMyTrip,6E,6E-474,2026-10-01,T+15,9000,1975,10975,2026-09-16T02:53:26.362Z,FALSE,"",16:20,FALSE
fare_BLR-DEL_6E_2026-10-01_T+15_1789528445685_lrjt,BLR-DEL,EaseMyTrip,6E,6E-289,2026-10-01,T+15,9000,1975,10975,2026-09-16T02:53:26.362Z,FALSE,"",16:20,FALSE
fare_BLR-DEL_6E_2026-10-01_T+15_1789528445685_83sd,BLR-DEL,EaseMyTrip,6E,6E-794,2026-10-01,T+15,9000,1975,10975,2026-09-16T02:53:26.362Z,FALSE,"",09:35,FALSE
fare_BLR-DEL_6E_2026-10-01_T+15_1789528445685_pk9h,BLR-DEL,EaseMyTrip,6E,6E-480,2026-10-01,T+15,9000,1975,10975,2026-09-16T02:53:26.362Z,FALSE,"",09:35,FALSE
fare_BLR-DEL_6E_2026-10-01_T+15_1789528445685_f3fo,BLR-DEL,EaseMyTrip,6E,6E-887,2026-10-01,T+15,9000,1975,10975,2026-09-16T02:53:26.362Z,FALSE,"",13:55,FALSE
fare_BLR-DEL_6E_2026-10-01_T+15_1789528445685_upkv,BLR-DEL,EaseMyTrip,6E,6E-597,2026-10-01,T+15,9000,1975,10975,2026-09-16T02:53:26.362Z,FALSE,"",13:55,FALSE
fare_BLR-DEL_6E_2026-10-01_T+15_1789528445685_1wpj,BLR-DEL,EaseMyTrip,6E,6E-776,2026-10-01,T+15,9000,1975,10975,2026-09-16T02:53:26.362Z,FALSE,"",22:40,FALSE
fare_BLR-DEL_6E_2026-10-01_T+15_1789528445685_jilx,BLR-DEL,EaseMyTrip,6E,6E-234,2026-10-01,T+15,9000,1975,10975,2026-09-16T02:53:26.362Z,FALSE,"",22:40,FALSE
fare_BLR-DEL_AI_2026-10-01_T+15_1789528445685_g06s,BLR-DEL,EaseMyTrip,AI,AI-428,2026-10-01,T+15,9251,2031,11282,2026-09-16T02:53:26.362Z,FALSE,"",15:30,TRUE
fare_BLR-DEL_AI_2026-10-01_T+15_1789528445685_sgvn,BLR-DEL,EaseMyTrip,AI,AI-2406,2026-10-01,T+15,9251,2031,11282,2026-09-16T02:53:26.362Z,FALSE,"",11:00,TRUE
fare_BLR-DEL_AI_2026-10-01_T+15_1789528445685_2f08,BLR-DEL,EaseMyTrip,AI,AI-2820,2026-10-01,T+15,9251,2031,11282,2026-09-16T02:53:26.362Z,FALSE,"",17:25,TRUE
fare_BLR-DEL_AI_2026-10-01_T+15_1789528445685_xvdx,BLR-DEL,EaseMyTrip,AI,AI-2418,2026-10-01,T+15,9489,2083,11572,2026-09-16T02:53:26.362Z,FALSE,"",16:30,TRUE
fare_BLR-DEL_IX_2026-10-01_T+15_1789528445685_uaph,BLR-DEL,EaseMyTrip,IX,IX-2052,2026-10-01,T+15,9851,2163,12014,2026-09-16T02:53:26.362Z,FALSE,"",16:10,FALSE
fare_BLR-DEL_6E_2026-10-01_T+15_1789528445685_lhle,BLR-DEL,EaseMyTrip,6E,6E-6034,2026-10-01,T+15,9511,2088,11599,2026-09-16T02:53:26.362Z,FALSE,"",18:15,TRUE
fare_BLR-DEL_6E_2026-10-01_T+15_1789528445685_qcqe,BLR-DEL,EaseMyTrip,6E,6E-663,2026-10-01,T+15,9511,2088,11599,2026-09-16T02:53:26.362Z,FALSE,"",08:15,TRUE
fare_BLR-DEL_6E_2026-10-01_T+15_1789528445685_39jy,BLR-DEL,EaseMyTrip,6E,6E-241,2026-10-01,T+15,9511,2088,11599,2026-09-16T02:53:26.362Z,FALSE,"",08:15,TRUE
fare_BLR-DEL_AI_2026-10-01_T+15_1789528445685_zhzm,BLR-DEL,EaseMyTrip,AI,AI-2802,2026-10-01,T+15,9937,2181,12118,2026-09-16T02:53:26.362Z,FALSE,"",18:20,TRUE
fare_BLR-DEL_AI_2026-10-01_T+15_1789528445685_949z,BLR-DEL,EaseMyTrip,AI,AI-2488,2026-10-01,T+15,9937,2181,12118,2026-09-16T02:53:26.362Z,FALSE,"",22:30,TRUE
fare_BLR-DEL_6E_2026-10-01_T+15_1789528445685_hjih,BLR-DEL,EaseMyTrip,6E,6E-6406,2026-10-01,T+15,10064,2209,12273,2026-09-16T02:53:26.362Z,FALSE,"",22:00,TRUE
fare_BLR-DEL_6E_2026-10-01_T+15_1789528445685_wy2g,BLR-DEL,EaseMyTrip,6E,6E-6039,2026-10-01,T+15,10064,2209,12273,2026-09-16T02:53:26.362Z,FALSE,"",17:00,TRUE
fare_BLR-DEL_6E_2026-10-01_T+15_1789528445685_8m6q,BLR-DEL,EaseMyTrip,6E,6E-513,2026-10-01,T+15,10064,2209,12273,2026-09-16T02:53:26.362Z,FALSE,"",13:55,TRUE
fare_BLR-DEL_6E_2026-10-01_T+15_1789528445685_ag7q,BLR-DEL,EaseMyTrip,6E,6E-527,2026-10-01,T+15,10064,2209,12273,2026-09-16T02:53:26.362Z,FALSE,"",13:55,TRUE
fare_BLR-DEL_6E_2026-10-01_T+15_1789528445685_cpws,BLR-DEL,EaseMyTrip,6E,6E-2313,2026-10-01,T+15,10064,2209,12273,2026-09-16T02:53:26.362Z,FALSE,"",23:30,TRUE
fare_BLR-DEL_6E_2026-10-01_T+15_1789528445685_m7mk,BLR-DEL,EaseMyTrip,6E,6E-2455,2026-10-01,T+15,10074,2211,12285,2026-09-16T02:53:26.362Z,FALSE,"",06:15,TRUE
fare_BLR-DEL_AI_2026-10-01_T+15_1789528445685_83cu,BLR-DEL,EaseMyTrip,AI,AI-2654,2026-10-01,T+15,10320,2265,12585,2026-09-16T02:53:26.362Z,FALSE,"",07:00,TRUE
fare_BLR-DEL_AI_2026-10-01_T+15_1789528445685_p479,BLR-DEL,EaseMyTrip,AI,AI-2665,2026-10-01,T+15,10500,2305,12805,2026-09-16T02:53:26.362Z,FALSE,"",19:40,TRUE
fare_BLR-DEL_6E_2026-10-01_T+15_1789528445685_9a79,BLR-DEL,EaseMyTrip,6E,6E-369,2026-10-01,T+15,10371,2277,12648,2026-09-16T02:53:26.362Z,FALSE,"",15:10,FALSE
fare_BLR-DEL_6E_2026-10-01_T+15_1789528445685_tnhq,BLR-DEL,EaseMyTrip,6E,6E-6277,2026-10-01,T+15,10479,2300,12779,2026-09-16T02:53:26.362Z,FALSE,"",14:45,FALSE
fare_BLR-DEL_IX_2026-10-01_T+15_1789528445685_u0g3,BLR-DEL,EaseMyTrip,IX,IX-1385,2026-10-01,T+15,10822,2376,13198,2026-09-16T02:53:26.362Z,FALSE,"",10:55,FALSE
fare_BLR-DEL_AI_2026-10-01_T+15_1789528445685_cwxb,BLR-DEL,EaseMyTrip,AI,AI-2814,2026-10-01,T+15,10909,2395,13304,2026-09-16T02:53:26.362Z,FALSE,"",22:00,TRUE
fare_BLR-DEL_IX_2026-10-01_T+15_1789528445685_bikj,BLR-DEL,EaseMyTrip,IX,IX-1540,2026-10-01,T+15,10995,2413,13408,2026-09-16T02:53:26.362Z,FALSE,"",15:25,FALSE
fare_BLR-DEL_IX_2026-10-01_T+15_1789528445685_x97r,BLR-DEL,EaseMyTrip,IX,IX-1539,2026-10-01,T+15,10995,2413,13408,2026-09-16T02:53:26.362Z,FALSE,"",05:20,FALSE
fare_BLR-DEL_IX_2026-10-01_T+15_1789528445685_nwj7,BLR-DEL,EaseMyTrip,IX,IX-2786,2026-10-01,T+15,12209,2680,14889,2026-09-16T02:53:26.362Z,FALSE,"",09:20,FALSE
fare_BLR-DEL_AI_2026-10-01_T+15_1789528445685_d931,BLR-DEL,EaseMyTrip,AI,AI-9840,2026-10-01,T+15,11153,2448,13601,2026-09-16T02:53:26.362Z,FALSE,"",06:10,FALSE
fare_BLR-DEL_6E_2026-10-01_T+15_1789528445685_ai0d,BLR-DEL,EaseMyTrip,6E,6E-731,2026-10-01,T+15,11282,2476,13758,2026-09-16T02:53:26.362Z,FALSE,"",19:30,TRUE
fare_BLR-DEL_6E_2026-10-01_T+15_1789528445685_yx55,BLR-DEL,EaseMyTrip,6E,6E-874,2026-10-01,T+15,11282,2476,13758,2026-09-16T02:53:26.362Z,FALSE,"",19:30,TRUE
fare_BLR-DEL_6E_2026-10-01_T+15_1789528445685_nmo0,BLR-DEL,EaseMyTrip,6E,6E-775,2026-10-01,T+15,11282,2476,13758,2026-09-16T02:53:26.362Z,FALSE,"",20:40,TRUE
fare_BLR-DEL_6E_2026-10-01_T+15_1789528445685_ajpg,BLR-DEL,EaseMyTrip,6E,6E-838,2026-10-01,T+15,11282,2476,13758,2026-09-16T02:53:26.362Z,FALSE,"",20:40,TRUE
fare_BLR-DEL_6E_2026-10-01_T+15_1789528445685_9zlj,BLR-DEL,EaseMyTrip,6E,6E-6162,2026-10-01,T+15,11406,2504,13910,2026-09-16T02:53:26.362Z,FALSE,"",18:50,FALSE
fare_BLR-DEL_AI_2026-10-01_T+15_1789528445686_f48c,BLR-DEL,EaseMyTrip,AI,AI-2818,2026-10-01,T+15,11581,2542,14123,2026-09-16T02:53:26.362Z,FALSE,"",20:00,TRUE
fare_BLR-DEL_6E_2026-10-01_T+15_1789528445686_eb07,BLR-DEL,EaseMyTrip,6E,6E-6439,2026-10-01,T+15,11423,2507,13930,2026-09-16T02:53:26.362Z,FALSE,"",06:30,FALSE
fare_BLR-DEL_AI_2026-10-01_T+15_1789528445686_p9gq,BLR-DEL,EaseMyTrip,AI,AI-9570,2026-10-01,T+15,11774,2584,14358,2026-09-16T02:53:26.362Z,FALSE,"",06:05,FALSE
fare_BLR-DEL_AI_2026-10-01_T+15_1789528445686_o25j,BLR-DEL,EaseMyTrip,AI,AI-9490,2026-10-01,T+15,11937,2620,14557,2026-09-16T02:53:26.362Z,FALSE,"",10:40,FALSE
fare_BLR-DEL_AI_2026-10-01_T+15_1789528445686_1guo,BLR-DEL,EaseMyTrip,AI,AI-9426,2026-10-01,T+15,12031,2641,14672,2026-09-16T02:53:26.362Z,FALSE,"",12:40,FALSE
fare_BLR-DEL_AI_2026-10-01_T+15_1789528445686_9svm,BLR-DEL,EaseMyTrip,AI,AI-9480,2026-10-01,T+15,12031,2641,14672,2026-09-16T02:53:26.362Z,FALSE,"",08:40,FALSE
fare_BLR-DEL_IX_2026-10-01_T+15_1789528445686_qiuf,BLR-DEL,EaseMyTrip,IX,IX-1893,2026-10-01,T+15,12102,2657,14759,2026-09-16T02:53:26.362Z,FALSE,"",08:40,FALSE
fare_BLR-DEL_IX_2026-10-01_T+15_1789528445686_mclf,BLR-DEL,EaseMyTrip,IX,IX-2873,2026-10-01,T+15,12102,2657,14759,2026-09-16T02:53:26.362Z,FALSE,"",04:00,FALSE
fare_BLR-DEL_IX_2026-10-01_T+15_1789528445686_2pir,BLR-DEL,EaseMyTrip,IX,IX-2678,2026-10-01,T+15,12102,2657,14759,2026-09-16T02:53:26.362Z,FALSE,"",05:30,FALSE
fare_BLR-DEL_IX_2026-10-01_T+15_1789528445686_248f,BLR-DEL,EaseMyTrip,IX,IX-1537,2026-10-01,T+15,12102,2657,14759,2026-09-16T02:53:26.362Z,FALSE,"",12:00,FALSE
fare_BLR-DEL_IX_2026-10-01_T+15_1789528445686_hmj8,BLR-DEL,EaseMyTrip,IX,IX-2680,2026-10-01,T+15,12102,2657,14759,2026-09-16T02:53:26.362Z,FALSE,"",21:50,FALSE
fare_BLR-DEL_AI_2026-10-01_T+15_1789528445686_mog2,BLR-DEL,EaseMyTrip,AI,AI-9708,2026-10-01,T+15,12372,2716,15088,2026-09-16T02:53:26.362Z,FALSE,"",10:05,FALSE
fare_BLR-DEL_6E_2026-10-01_T+15_1789528445686_eva7,BLR-DEL,EaseMyTrip,6E,6E-6168,2026-10-01,T+15,12708,2789,15497,2026-09-16T02:53:26.362Z,FALSE,"",17:40,FALSE
fare_BLR-DEL_6E_2026-10-01_T+15_1789528445686_2bod,BLR-DEL,EaseMyTrip,6E,6E-6784,2026-10-01,T+15,12732,2795,15527,2026-09-16T02:53:26.362Z,FALSE,"",21:25,FALSE
fare_BLR-DEL_IX_2026-10-01_T+15_1789528445686_g4bv,BLR-DEL,EaseMyTrip,IX,IX-1131,2026-10-01,T+15,13209,2900,16109,2026-09-16T02:53:26.362Z,FALSE,"",07:05,FALSE
fare_BLR-DEL_6E_2026-10-01_T+15_1789528445686_csr1,BLR-DEL,EaseMyTrip,6E,6E-171,2026-10-01,T+15,13068,2868,15936,2026-09-16T02:53:26.362Z,FALSE,"",04:30,FALSE
fare_BLR-DEL_6E_2026-10-01_T+15_1789528445686_41kl,BLR-DEL,EaseMyTrip,6E,6E-770,2026-10-01,T+15,13068,2868,15936,2026-09-16T02:53:26.362Z,FALSE,"",04:30,FALSE
fare_BLR-DEL_6E_2026-10-01_T+15_1789528445686_0oxa,BLR-DEL,EaseMyTrip,6E,6E-6283,2026-10-01,T+15,13253,2909,16162,2026-09-16T02:53:26.362Z,FALSE,"",19:05,FALSE
fare_BLR-DEL_AI_2026-10-01_T+15_1789528445686_eogt,BLR-DEL,EaseMyTrip,AI,AI-9568,2026-10-01,T+15,13860,3042,16902,2026-09-16T02:53:26.362Z,FALSE,"",17:15,FALSE
fare_BLR-DEL_AI_2026-10-01_T+15_1789528445686_8qw2,BLR-DEL,EaseMyTrip,AI,AI-9804,2026-10-01,T+15,13915,3055,16970,2026-09-16T02:53:26.362Z,FALSE,"",12:45,FALSE
fare_BLR-DEL_6E_2026-10-01_T+15_1789528445686_e0q7,BLR-DEL,EaseMyTrip,6E,6E-555,2026-10-01,T+15,14062,3087,17149,2026-09-16T02:53:26.362Z,FALSE,"",23:05,FALSE
fare_BLR-DEL_6E_2026-10-01_T+15_1789528445686_73ch,BLR-DEL,EaseMyTrip,6E,6E-736,2026-10-01,T+15,14062,3087,17149,2026-09-16T02:53:26.362Z,FALSE,"",23:05,FALSE
fare_BLR-DEL_IX_2026-10-01_T+15_1789528445686_v522,BLR-DEL,EaseMyTrip,IX,IX-2816,2026-10-01,T+15,14553,3194,17747,2026-09-16T02:53:26.362Z,FALSE,"",10:20,FALSE
fare_BLR-DEL_6E_2026-10-01_T+15_1789528445686_sb0x,BLR-DEL,EaseMyTrip,6E,6E-420,2026-10-01,T+15,14794,3248,18042,2026-09-16T02:53:26.362Z,FALSE,"",21:40,FALSE
fare_BLR-DEL_6E_2026-10-01_T+15_1789528445686_c1px,BLR-DEL,EaseMyTrip,6E,6E-375,2026-10-01,T+15,14794,3248,18042,2026-09-16T02:53:26.362Z,FALSE,"",21:40,FALSE
fare_BLR-DEL_6E_2026-10-01_T+15_1789528445686_ba1a,BLR-DEL,EaseMyTrip,6E,6E-968,2026-10-01,T+15,14794,3248,18042,2026-09-16T02:53:26.362Z,FALSE,"",20:40,FALSE
fare_BLR-DEL_6E_2026-10-01_T+15_1789528445686_zd4c,BLR-DEL,EaseMyTrip,6E,6E-620,2026-10-01,T+15,14794,3248,18042,2026-09-16T02:53:26.362Z,FALSE,"",20:40,FALSE
fare_BLR-DEL_IX_2026-10-01_T+15_1789528445686_h9ss,BLR-DEL,EaseMyTrip,IX,IX-2608,2026-10-01,T+15,15788,3466,19254,2026-09-16T02:53:26.362Z,TRUE,"High outlier: ₹19254 > upper fence ₹19218 (Q3: ₹13758, IQR: ₹3640)",16:15,FALSE
fare_BLR-DEL_AI_2026-10-01_T+15_1789528445686_jjz3,BLR-DEL,EaseMyTrip,AI,AI-9898,2026-10-01,T+15,15461,3394,18855,2026-09-16T02:53:26.362Z,FALSE,"",10:20,FALSE
fare_BLR-DEL_IX_2026-10-01_T+15_1789528445686_284v,BLR-DEL,EaseMyTrip,IX,IX-2116,2026-10-01,T+15,16220,3561,19781,2026-09-16T02:53:26.362Z,TRUE,"High outlier: ₹19781 > upper fence ₹19218 (Q3: ₹13758, IQR: ₹3640)",21:00,FALSE
fare_BLR-DEL_AI_2026-10-01_T+15_1789528445686_unr0,BLR-DEL,EaseMyTrip,AI,AI-9602,2026-10-01,T+15,17249,3786,21035,2026-09-16T02:53:26.362Z,TRUE,"High outlier: ₹21035 > upper fence ₹19218 (Q3: ₹13758, IQR: ₹3640)",09:15,FALSE
fare_BLR-DEL_AI_2026-10-01_T+15_1789528445686_rsad,BLR-DEL,EaseMyTrip,AI,AI-9457,2026-10-01,T+15,17765,3900,21665,2026-09-16T02:53:26.362Z,TRUE,"High outlier: ₹21665 > upper fence ₹19218 (Q3: ₹13758, IQR: ₹3640)",16:15,FALSE
fare_BLR-DEL_AI_2026-10-01_T+15_1789528445686_f8ly,BLR-DEL,EaseMyTrip,AI,AI-9437,2026-10-01,T+15,21723,4769,26492,2026-09-16T02:53:26.362Z,TRUE,"High outlier: ₹26492 > upper fence ₹19218 (Q3: ₹13758, IQR: ₹3640)",07:05,FALSE
fare_BLR-DEL_IX_2026-10-01_T+15_1789528445686_7slk,BLR-DEL,EaseMyTrip,IX,IX-1536,2026-10-01,T+15,24619,5404,30023,2026-09-16T02:53:26.362Z,TRUE,"High outlier: ₹30023 > upper fence ₹19218 (Q3: ₹13758, IQR: ₹3640)",15:00,FALSE
fare_BLR-DEL_IX_2026-09-17_T+1_1789528445686_dnq8,BLR-DEL,EaseMyTrip,IX,IX-2053,2026-09-17,T+1,7010,1539,8549,2026-09-16T02:53:14.084Z,FALSE,"",16:50,FALSE
fare_BLR-DEL_IX_2026-09-17_T+1_1789528445686_qfx0,BLR-DEL,EaseMyTrip,IX,IX-2873,2026-09-17,T+1,7010,1539,8549,2026-09-16T02:53:14.084Z,FALSE,"",04:00,FALSE
fare_BLR-DEL_IX_2026-09-17_T+1_1789528445686_3cxi,BLR-DEL,EaseMyTrip,IX,IX-5201,2026-09-17,T+1,7010,1539,8549,2026-09-16T02:53:14.084Z,FALSE,"",21:30,FALSE
fare_BLR-DEL_IX_2026-09-17_T+1_1789528445686_07ks,BLR-DEL,EaseMyTrip,IX,IX-2924,2026-09-17,T+1,7010,1539,8549,2026-09-16T02:53:14.084Z,FALSE,"",16:40,FALSE
fare_BLR-DEL_IX_2026-09-17_T+1_1789528445686_7n1g,BLR-DEL,EaseMyTrip,IX,IX-1541,2026-09-17,T+1,7230,1587,8817,2026-09-16T02:53:14.084Z,FALSE,"",19:15,FALSE
fare_BLR-DEL_IX_2026-09-17_T+1_1789528445686_il6a,BLR-DEL,EaseMyTrip,IX,IX-2680,2026-09-17,T+1,7230,1587,8817,2026-09-16T02:53:14.084Z,FALSE,"",21:50,FALSE
fare_BLR-DEL_IX_2026-09-17_T+1_1789528445686_erao,BLR-DEL,EaseMyTrip,IX,IX-1971,2026-09-17,T+1,7526,1652,9178,2026-09-16T02:53:14.084Z,FALSE,"",12:45,FALSE
fare_BLR-DEL_IX_2026-09-17_T+1_1789528445686_ornw,BLR-DEL,EaseMyTrip,IX,IX-1040,2026-09-17,T+1,7765,1705,9470,2026-09-16T02:53:14.084Z,FALSE,"",14:40,TRUE
fare_BLR-DEL_6E_2026-09-17_T+1_1789528445686_l16x,BLR-DEL,EaseMyTrip,6E,6E-573,2026-09-17,T+1,8125,1783,9908,2026-09-16T02:53:14.084Z,FALSE,"",09:15,FALSE
fare_BLR-DEL_6E_2026-09-17_T+1_1789528445686_q6p2,BLR-DEL,EaseMyTrip,6E,6E-895,2026-09-17,T+1,8125,1783,9908,2026-09-16T02:53:14.084Z,FALSE,"",09:15,FALSE
fare_BLR-DEL_6E_2026-09-17_T+1_1789528445686_hs08,BLR-DEL,EaseMyTrip,6E,6E-6404,2026-09-17,T+1,8125,1783,9908,2026-09-16T02:53:14.084Z,FALSE,"",11:35,FALSE
fare_BLR-DEL_6E_2026-09-17_T+1_1789528445686_0ig8,BLR-DEL,EaseMyTrip,6E,6E-655,2026-09-17,T+1,8125,1783,9908,2026-09-16T02:53:14.084Z,FALSE,"",09:15,FALSE
fare_BLR-DEL_6E_2026-09-17_T+1_1789528445686_nmp1,BLR-DEL,EaseMyTrip,6E,6E-580,2026-09-17,T+1,8125,1783,9908,2026-09-16T02:53:14.084Z,FALSE,"",09:15,FALSE
fare_BLR-DEL_AI_2026-09-17_T+1_1789528445686_8295,BLR-DEL,EaseMyTrip,AI,AI-2486,2026-09-17,T+1,8313,1825,10138,2026-09-16T02:53:14.084Z,FALSE,"",14:00,TRUE
fare_BLR-DEL_AI_2026-09-17_T+1_1789528445686_5z1x,BLR-DEL,EaseMyTrip,AI,AI-428,2026-09-17,T+1,8313,1825,10138,2026-09-16T02:53:14.084Z,FALSE,"",15:30,TRUE
fare_BLR-DEL_AI_2026-09-17_T+1_1789528445686_ihjp,BLR-DEL,EaseMyTrip,AI,AI-2511,2026-09-17,T+1,8313,1825,10138,2026-09-16T02:53:14.084Z,FALSE,"",15:00,TRUE
fare_BLR-DEL_IX_2026-09-17_T+1_1789528445686_35sc,BLR-DEL,EaseMyTrip,IX,IX-1480,2026-09-17,T+1,8503,1867,10370,2026-09-16T02:53:14.084Z,FALSE,"",12:50,FALSE
fare_BLR-DEL_IX_2026-09-17_T+1_1789528445686_sbuk,BLR-DEL,EaseMyTrip,IX,IX-1479,2026-09-17,T+1,8503,1867,10370,2026-09-16T02:53:14.084Z,FALSE,"",06:20,FALSE
fare_BLR-DEL_IX_2026-09-17_T+1_1789528445686_yfhw,BLR-DEL,EaseMyTrip,IX,IX-5976,2026-09-17,T+1,8509,1868,10377,2026-09-16T02:53:14.084Z,FALSE,"",01:15,TRUE
fare_BLR-DEL_6E_2026-09-17_T+1_1789528445686_2gv0,BLR-DEL,EaseMyTrip,6E,6E-157,2026-09-17,T+1,8216,1804,10020,2026-09-16T02:53:14.084Z,FALSE,"",19:10,FALSE
fare_BLR-DEL_6E_2026-09-17_T+1_1789528445686_tajj,BLR-DEL,EaseMyTrip,6E,6E-355,2026-09-17,T+1,8216,1804,10020,2026-09-16T02:53:14.084Z,FALSE,"",19:10,FALSE
fare_BLR-DEL_6E_2026-09-17_T+1_1789528445686_uh0c,BLR-DEL,EaseMyTrip,6E,6E-6876,2026-09-17,T+1,8232,1807,10039,2026-09-16T02:53:14.084Z,FALSE,"",02:40,FALSE
fare_BLR-DEL_6E_2026-09-17_T+1_1789528445686_d94i,BLR-DEL,EaseMyTrip,6E,6E-364,2026-09-17,T+1,8232,1807,10039,2026-09-16T02:53:14.084Z,FALSE,"",21:40,FALSE
fare_BLR-DEL_6E_2026-09-17_T+1_1789528445686_hp2z,BLR-DEL,EaseMyTrip,6E,6E-932,2026-09-17,T+1,8232,1807,10039,2026-09-16T02:53:14.084Z,FALSE,"",21:40,FALSE
fare_BLR-DEL_6E_2026-09-17_T+1_1789528445686_y57p,BLR-DEL,EaseMyTrip,6E,6E-6595,2026-09-17,T+1,8232,1807,10039,2026-09-16T02:53:14.084Z,FALSE,"",13:55,FALSE
fare_BLR-DEL_6E_2026-09-17_T+1_1789528445686_pr9g,BLR-DEL,EaseMyTrip,6E,6E-924,2026-09-17,T+1,8232,1807,10039,2026-09-16T02:53:14.084Z,FALSE,"",23:05,FALSE
fare_BLR-DEL_6E_2026-09-17_T+1_1789528445686_sknq,BLR-DEL,EaseMyTrip,6E,6E-564,2026-09-17,T+1,8232,1807,10039,2026-09-16T02:53:14.084Z,FALSE,"",23:05,FALSE
fare_BLR-DEL_6E_2026-09-17_T+1_1789528445686_maak,BLR-DEL,EaseMyTrip,6E,6E-644,2026-09-17,T+1,8232,1807,10039,2026-09-16T02:53:14.084Z,FALSE,"",16:25,FALSE
fare_BLR-DEL_6E_2026-09-17_T+1_1789528445686_viig,BLR-DEL,EaseMyTrip,6E,6E-616,2026-09-17,T+1,8232,1807,10039,2026-09-16T02:53:14.084Z,FALSE,"",16:25,FALSE
fare_BLR-DEL_6E_2026-09-17_T+1_1789528445686_rktp,BLR-DEL,EaseMyTrip,6E,6E-6465,2026-09-17,T+1,8232,1807,10039,2026-09-16T02:53:14.084Z,FALSE,"",17:15,FALSE
fare_BLR-DEL_6E_2026-09-17_T+1_1789528445686_do3y,BLR-DEL,EaseMyTrip,6E,6E-411,2026-09-17,T+1,8232,1807,10039,2026-09-16T02:53:14.084Z,FALSE,"",04:30,FALSE
fare_BLR-DEL_6E_2026-09-17_T+1_1789528445686_15dt,BLR-DEL,EaseMyTrip,6E,6E-419,2026-09-17,T+1,8232,1807,10039,2026-09-16T02:53:14.084Z,FALSE,"",04:30,FALSE
fare_BLR-DEL_6E_2026-09-17_T+1_1789528445686_pod8,BLR-DEL,EaseMyTrip,6E,6E-6104,2026-09-17,T+1,8232,1807,10039,2026-09-16T02:53:14.084Z,FALSE,"",11:40,FALSE
fare_BLR-DEL_6E_2026-09-17_T+1_1789528445686_cb06,BLR-DEL,EaseMyTrip,6E,6E-524,2026-09-17,T+1,8232,1807,10039,2026-09-16T02:53:14.084Z,FALSE,"",20:40,FALSE
fare_BLR-DEL_6E_2026-09-17_T+1_1789528445686_2tus,BLR-DEL,EaseMyTrip,6E,6E-798,2026-09-17,T+1,8232,1807,10039,2026-09-16T02:53:14.084Z,FALSE,"",20:40,FALSE
fare_BLR-DEL_6E_2026-09-17_T+1_1789528445686_pri4,BLR-DEL,EaseMyTrip,6E,6E-738,2026-09-17,T+1,8232,1807,10039,2026-09-16T02:53:14.084Z,FALSE,"",17:30,FALSE
fare_BLR-DEL_6E_2026-09-17_T+1_1789528445686_yl6h,BLR-DEL,EaseMyTrip,6E,6E-608,2026-09-17,T+1,8232,1807,10039,2026-09-16T02:53:14.084Z,FALSE,"",17:30,FALSE
fare_BLR-DEL_6E_2026-09-17_T+1_1789528445686_3rfb,BLR-DEL,EaseMyTrip,6E,6E-5031,2026-09-17,T+1,8232,1807,10039,2026-09-16T02:53:14.084Z,FALSE,"",16:00,FALSE
fare_BLR-DEL_6E_2026-09-17_T+1_1789528445686_iwt8,BLR-DEL,EaseMyTrip,6E,6E-5051,2026-09-17,T+1,8232,1807,10039,2026-09-16T02:53:14.084Z,FALSE,"",08:30,FALSE
fare_BLR-DEL_6E_2026-09-17_T+1_1789528445686_cymu,BLR-DEL,EaseMyTrip,6E,6E-6423,2026-09-17,T+1,8232,1807,10039,2026-09-16T02:53:14.084Z,FALSE,"",20:00,FALSE
fare_BLR-DEL_6E_2026-09-17_T+1_1789528445686_yit5,BLR-DEL,EaseMyTrip,6E,6E-5255,2026-09-17,T+1,8232,1807,10039,2026-09-16T02:53:14.084Z,FALSE,"",17:25,FALSE
fare_BLR-DEL_6E_2026-09-17_T+1_1789528445686_dx0u,BLR-DEL,EaseMyTrip,6E,6E-6269,2026-09-17,T+1,8243,1809,10052,2026-09-16T02:53:14.084Z,FALSE,"",07:15,FALSE
fare_BLR-DEL_6E_2026-09-17_T+1_1789528445686_8xep,BLR-DEL,EaseMyTrip,6E,6E-6162,2026-09-17,T+1,8297,1821,10118,2026-09-16T02:53:14.084Z,FALSE,"",18:50,FALSE
fare_BLR-DEL_6E_2026-09-17_T+1_1789528445687_ybyw,BLR-DEL,EaseMyTrip,6E,6E-6875,2026-09-17,T+1,8297,1821,10118,2026-09-16T02:53:14.084Z,FALSE,"",19:55,FALSE
fare_BLR-DEL_6E_2026-09-17_T+1_1789528445687_kehr,BLR-DEL,EaseMyTrip,6E,6E-6012,2026-09-17,T+1,8297,1821,10118,2026-09-16T02:53:14.084Z,FALSE,"",19:30,FALSE
fare_BLR-DEL_6E_2026-09-17_T+1_1789528445687_0fmq,BLR-DEL,EaseMyTrip,6E,6E-722,2026-09-17,T+1,8297,1821,10118,2026-09-16T02:53:14.084Z,FALSE,"",10:50,FALSE
fare_BLR-DEL_6E_2026-09-17_T+1_1789528445687_7pfv,BLR-DEL,EaseMyTrip,6E,6E-944,2026-09-17,T+1,8297,1821,10118,2026-09-16T02:53:14.084Z,FALSE,"",10:50,FALSE
fare_BLR-DEL_6E_2026-09-17_T+1_1789528445687_5uqh,BLR-DEL,EaseMyTrip,6E,6E-6554,2026-09-17,T+1,8297,1821,10118,2026-09-16T02:53:14.084Z,FALSE,"",19:15,FALSE
fare_BLR-DEL_6E_2026-09-17_T+1_1789528445687_y127,BLR-DEL,EaseMyTrip,6E,6E-408,2026-09-17,T+1,8366,1836,10202,2026-09-16T02:53:14.084Z,FALSE,"",11:40,FALSE
fare_BLR-DEL_6E_2026-09-17_T+1_1789528445687_huae,BLR-DEL,EaseMyTrip,6E,6E-774,2026-09-17,T+1,8366,1836,10202,2026-09-16T02:53:14.084Z,FALSE,"",11:40,FALSE
fare_BLR-DEL_6E_2026-09-17_T+1_1789528445687_s9yz,BLR-DEL,EaseMyTrip,6E,6E-6277,2026-09-17,T+1,8404,1845,10249,2026-09-16T02:53:14.084Z,FALSE,"",14:45,FALSE
fare_BLR-DEL_6E_2026-09-17_T+1_1789528445687_9es3,BLR-DEL,EaseMyTrip,6E,6E-6451,2026-09-17,T+1,8404,1845,10249,2026-09-16T02:53:14.084Z,FALSE,"",16:45,FALSE
fare_BLR-DEL_6E_2026-09-17_T+1_1789528445687_i4hq,BLR-DEL,EaseMyTrip,6E,6E-156,2026-09-17,T+1,8510,1868,10378,2026-09-16T02:53:14.084Z,FALSE,"",15:45,TRUE
fare_BLR-DEL_6E_2026-09-17_T+1_1789528445687_2ue5,BLR-DEL,EaseMyTrip,6E,6E-893,2026-09-17,T+1,8510,1868,10378,2026-09-16T02:53:14.084Z,FALSE,"",15:45,TRUE
fare_BLR-DEL_6E_2026-09-17_T+1_1789528445687_jy3k,BLR-DEL,EaseMyTrip,6E,6E-916,2026-09-17,T+1,8510,1868,10378,2026-09-16T02:53:14.084Z,FALSE,"",13:55,TRUE
fare_BLR-DEL_6E_2026-09-17_T+1_1789528445687_czl9,BLR-DEL,EaseMyTrip,6E,6E-845,2026-09-17,T+1,8510,1868,10378,2026-09-16T02:53:14.084Z,FALSE,"",13:55,TRUE
fare_BLR-DEL_6E_2026-09-17_T+1_1789528445687_f9zh,BLR-DEL,EaseMyTrip,6E,6E-526,2026-09-17,T+1,8510,1868,10378,2026-09-16T02:53:14.084Z,FALSE,"",12:00,TRUE
fare_BLR-DEL_6E_2026-09-17_T+1_1789528445687_hqc6,BLR-DEL,EaseMyTrip,6E,6E-781,2026-09-17,T+1,8510,1868,10378,2026-09-16T02:53:14.084Z,FALSE,"",12:00,TRUE
fare_BLR-DEL_6E_2026-09-17_T+1_1789528445687_hzbn,BLR-DEL,EaseMyTrip,6E,6E-396,2026-09-17,T+1,8510,1868,10378,2026-09-16T02:53:14.084Z,FALSE,"",13:10,TRUE
fare_BLR-DEL_6E_2026-09-17_T+1_1789528445687_cizv,BLR-DEL,EaseMyTrip,6E,6E-555,2026-09-17,T+1,8510,1868,10378,2026-09-16T02:53:14.084Z,FALSE,"",13:10,TRUE
fare_BLR-DEL_6E_2026-09-17_T+1_1789528445687_b7pe,BLR-DEL,EaseMyTrip,6E,6E-6439,2026-09-17,T+1,8576,1883,10459,2026-09-16T02:53:14.084Z,FALSE,"",06:30,FALSE
fare_BLR-DEL_AI_2026-09-17_T+1_1789528445687_jmyv,BLR-DEL,EaseMyTrip,AI,AI-2758,2026-09-17,T+1,8767,1924,10691,2026-09-16T02:53:14.084Z,FALSE,"",00:15,TRUE
fare_BLR-DEL_6E_2026-09-17_T+1_1789528445687_0ary,BLR-DEL,EaseMyTrip,6E,6E-6891,2026-09-17,T+1,8690,1907,10597,2026-09-16T02:53:14.084Z,FALSE,"",17:15,FALSE
fare_BLR-DEL_6E_2026-09-17_T+1_1789528445687_a2f1,BLR-DEL,EaseMyTrip,6E,6E-6784,2026-09-17,T+1,8754,1922,10676,2026-09-16T02:53:14.084Z,FALSE,"",21:30,FALSE
fare_BLR-DEL_6E_2026-09-17_T+1_1789528445687_szey,BLR-DEL,EaseMyTrip,6E,6E-183,2026-09-17,T+1,8754,1922,10676,2026-09-16T02:53:14.084Z,FALSE,"",10:15,FALSE
fare_BLR-DEL_6E_2026-09-17_T+1_1789528445687_ry3i,BLR-DEL,EaseMyTrip,6E,6E-742,2026-09-17,T+1,8754,1922,10676,2026-09-16T02:53:14.084Z,FALSE,"",10:15,FALSE
fare_BLR-DEL_6E_2026-09-17_T+1_1789528445687_5p1i,BLR-DEL,EaseMyTrip,6E,6E-7204,2026-09-17,T+1,8862,1945,10807,2026-09-16T02:53:14.084Z,FALSE,"",06:50,FALSE
fare_BLR-DEL_6E_2026-09-17_T+1_1789528445687_z1o0,BLR-DEL,EaseMyTrip,6E,6E-831,2026-09-17,T+1,8927,1959,10886,2026-09-16T02:53:14.084Z,FALSE,"",10:35,FALSE
fare_BLR-DEL_6E_2026-09-17_T+1_1789528445687_d5ml,BLR-DEL,EaseMyTrip,6E,6E-472,2026-09-17,T+1,8927,1959,10886,2026-09-16T02:53:14.084Z,FALSE,"",10:35,FALSE
fare_BLR-DEL_6E_2026-09-17_T+1_1789528445687_cu0z,BLR-DEL,EaseMyTrip,6E,6E-362,2026-09-17,T+1,8979,1971,10950,2026-09-16T02:53:14.084Z,FALSE,"",09:35,FALSE
fare_BLR-DEL_6E_2026-09-17_T+1_1789528445687_3wzr,BLR-DEL,EaseMyTrip,6E,6E-286,2026-09-17,T+1,8979,1971,10950,2026-09-16T02:53:14.084Z,FALSE,"",09:35,FALSE
fare_BLR-DEL_6E_2026-09-17_T+1_1789528445687_3hr1,BLR-DEL,EaseMyTrip,6E,6E-2455,2026-09-17,T+1,8998,1975,10973,2026-09-16T02:53:14.084Z,FALSE,"",06:25,TRUE
fare_BLR-DEL_IX_2026-09-17_T+1_1789528445687_bi30,BLR-DEL,EaseMyTrip,IX,IX-1581,2026-09-17,T+1,9774,2145,11919,2026-09-16T02:53:14.084Z,FALSE,"",18:40,FALSE
fare_BLR-DEL_AI_2026-09-17_T+1_1789528445687_er1g,BLR-DEL,EaseMyTrip,AI,AI-9475,2026-09-17,T+1,9493,2084,11577,2026-09-16T02:53:14.084Z,FALSE,"",12:50,FALSE
fare_BLR-DEL_AI_2026-09-17_T+1_1789528445687_0ocs,BLR-DEL,EaseMyTrip,AI,AI-9749,2026-09-17,T+1,9493,2084,11577,2026-09-16T02:53:14.084Z,FALSE,"",06:20,FALSE
fare_BLR-DEL_AI_2026-09-17_T+1_1789528445687_e6kk,BLR-DEL,EaseMyTrip,AI,AI-9547,2026-09-17,T+1,9493,2084,11577,2026-09-16T02:53:14.084Z,FALSE,"",19:15,FALSE
fare_BLR-DEL_QP_2026-09-17_T+1_1789528445687_5qo2,BLR-DEL,EaseMyTrip,QP,QP-1811,2026-09-17,T+1,9476,2080,11556,2026-09-16T02:53:14.084Z,FALSE,"",04:10,TRUE
fare_BLR-DEL_6E_2026-09-17_T+1_1789528445687_4o0r,BLR-DEL,EaseMyTrip,6E,6E-2518,2026-09-17,T+1,9510,2087,11597,2026-09-16T02:53:14.084Z,FALSE,"",09:20,TRUE
fare_BLR-DEL_IX_2026-09-17_T+1_1789528445687_q9e8,BLR-DEL,EaseMyTrip,IX,IX-2786,2026-09-17,T+1,11467,2517,13984,2026-09-16T02:53:14.084Z,FALSE,"",09:20,FALSE
fare_BLR-DEL_AI_2026-09-17_T+1_1789528445687_xa7l,BLR-DEL,EaseMyTrip,AI,AI-9808,2026-09-17,T+1,10177,2234,12411,2026-09-16T02:53:14.084Z,FALSE,"",04:00,FALSE
fare_BLR-DEL_IX_2026-09-17_T+1_1789528445687_wdlw,BLR-DEL,EaseMyTrip,IX,IX-1239,2026-09-17,T+1,11305,2481,13786,2026-09-16T02:53:14.084Z,FALSE,"",06:35,FALSE
fare_BLR-DEL_AI_2026-09-17_T+1_1789528445687_m0ey,BLR-DEL,EaseMyTrip,AI,AI-2414,2026-09-17,T+1,10320,2265,12585,2026-09-16T02:53:14.084Z,FALSE,"",05:30,TRUE
fare_BLR-DEL_AI_2026-09-17_T+1_1789528445687_ej0a,BLR-DEL,EaseMyTrip,AI,AI-9810,2026-09-17,T+1,10326,2267,12593,2026-09-16T02:53:14.084Z,FALSE,"",21:50,FALSE
fare_BLR-DEL_AI_2026-09-17_T+1_1789528445687_po27,BLR-DEL,EaseMyTrip,AI,AI-9806,2026-09-17,T+1,10326,2267,12593,2026-09-16T02:53:14.084Z,FALSE,"",17:25,FALSE
fare_BLR-DEL_IX_2026-09-17_T+1_1789528445687_mt4q,BLR-DEL,EaseMyTrip,IX,IX-1539,2026-09-17,T+1,10520,2309,12829,2026-09-16T02:53:14.084Z,FALSE,"",05:20,FALSE
fare_BLR-DEL_AI_2026-09-17_T+1_1789528445687_ljh0,BLR-DEL,EaseMyTrip,AI,AI-9804,2026-09-17,T+1,10626,2333,12959,2026-09-16T02:53:14.084Z,FALSE,"",12:45,FALSE
fare_BLR-DEL_AI_2026-09-17_T+1_1789528445687_688o,BLR-DEL,EaseMyTrip,AI,AI-9840,2026-09-17,T+1,10722,2354,13076,2026-09-16T02:53:14.084Z,FALSE,"",06:10,FALSE
fare_BLR-DEL_QP_2026-09-17_T+1_1789528445687_l0v9,BLR-DEL,EaseMyTrip,QP,QP-1383,2026-09-17,T+1,10664,2341,13005,2026-09-16T02:53:14.084Z,FALSE,"",05:25,FALSE
fare_BLR-DEL_QP_2026-09-17_T+1_1789528445687_datw,BLR-DEL,EaseMyTrip,QP,QP-1381,2026-09-17,T+1,10664,2341,13005,2026-09-16T02:53:14.084Z,FALSE,"",04:50,FALSE
fare_BLR-DEL_AI_2026-09-17_T+1_1789528445687_kfuk,BLR-DEL,EaseMyTrip,AI,AI-2406,2026-09-17,T+1,10909,2395,13304,2026-09-16T02:53:14.084Z,FALSE,"",11:00,TRUE
fare_BLR-DEL_6E_2026-09-17_T+1_1789528445687_sbxp,BLR-DEL,EaseMyTrip,6E,6E-6863,2026-09-17,T+1,10960,2406,13366,2026-09-16T02:53:14.084Z,FALSE,"",08:20,FALSE
fare_BLR-DEL_IX_2026-09-17_T+1_1789528445687_5u4k,BLR-DEL,EaseMyTrip,IX,IX-2816,2026-09-17,T+1,11538,2533,14071,2026-09-16T02:53:14.084Z,FALSE,"",10:20,FALSE
fare_BLR-DEL_6E_2026-09-17_T+1_1789528445687_hzjq,BLR-DEL,EaseMyTrip,6E,6E-2313,2026-09-17,T+1,11282,2476,13758,2026-09-16T02:53:14.084Z,FALSE,"",23:30,TRUE
fare_BLR-DEL_6E_2026-09-17_T+1_1789528445687_xifn,BLR-DEL,EaseMyTrip,6E,6E-6283,2026-09-17,T+1,11617,2550,14167,2026-09-16T02:53:14.084Z,FALSE,"",19:05,FALSE
fare_BLR-DEL_AI_2026-09-17_T+1_1789528445687_xn08,BLR-DEL,EaseMyTrip,AI,AI-9708,2026-09-17,T+1,11950,2623,14573,2026-09-16T02:53:14.084Z,FALSE,"",10:05,FALSE
fare_BLR-DEL_IX_2026-09-17_T+1_1789528445687_h4zz,BLR-DEL,EaseMyTrip,IX,IX-1893,2026-09-17,T+1,12102,2657,14759,2026-09-16T02:53:14.084Z,FALSE,"",08:40,FALSE
fare_BLR-DEL_IX_2026-09-17_T+1_1789528445687_h6tf,BLR-DEL,EaseMyTrip,IX,IX-2678,2026-09-17,T+1,12102,2657,14759,2026-09-16T02:53:14.084Z,FALSE,"",05:30,FALSE
fare_BLR-DEL_6E_2026-09-17_T+1_1789528445687_519c,BLR-DEL,EaseMyTrip,6E,6E-699,2026-09-17,T+1,11929,2619,14548,2026-09-16T02:53:14.084Z,FALSE,"",08:15,FALSE
fare_BLR-DEL_6E_2026-09-17_T+1_1789528445687_mjgz,BLR-DEL,EaseMyTrip,6E,6E-6039,2026-09-17,T+1,11953,2624,14577,2026-09-16T02:53:14.084Z,FALSE,"",17:00,TRUE
fare_BLR-DEL_6E_2026-09-17_T+1_1789528445687_dy2q,BLR-DEL,EaseMyTrip,6E,6E-223,2026-09-17,T+1,11953,2624,14577,2026-09-16T02:53:14.084Z,FALSE,"",08:15,TRUE
fare_BLR-DEL_6E_2026-09-17_T+1_1789528445687_nt6n,BLR-DEL,EaseMyTrip,6E,6E-921,2026-09-17,T+1,11953,2624,14577,2026-09-16T02:53:14.084Z,FALSE,"",08:15,TRUE
fare_BLR-DEL_AI_2026-09-17_T+1_1789528445687_y0sr,BLR-DEL,EaseMyTrip,AI,AI-9568,2026-09-17,T+1,12128,2662,14790,2026-09-16T02:53:14.084Z,FALSE,"",17:15,FALSE
fare_BLR-DEL_6E_2026-09-17_T+1_1789528445687_n5sr,BLR-DEL,EaseMyTrip,6E,6E-6653,2026-09-17,T+1,12064,2648,14712,2026-09-16T02:53:14.084Z,FALSE,"",12:35,FALSE
fare_BLR-DEL_AI_2026-09-17_T+1_1789528445687_3u91,BLR-DEL,EaseMyTrip,AI,AI-9898,2026-09-17,T+1,12491,2742,15233,2026-09-16T02:53:14.084Z,FALSE,"",10:20,FALSE
fare_BLR-DEL_AI_2026-09-17_T+1_1789528445687_hfwl,BLR-DEL,EaseMyTrip,AI,AI-9490,2026-09-17,T+1,12745,2798,15543,2026-09-16T02:53:14.084Z,FALSE,"",10:40,FALSE
fare_BLR-DEL_AI_2026-09-17_T+1_1789528445687_asl1,BLR-DEL,EaseMyTrip,AI,AI-2810,2026-09-17,T+1,12827,2816,15643,2026-09-16T02:53:14.084Z,FALSE,"",06:00,TRUE
fare_BLR-DEL_AI_2026-09-17_T+1_1789528445687_7k9e,BLR-DEL,EaseMyTrip,AI,AI-2804,2026-09-17,T+1,12827,2816,15643,2026-09-16T02:53:14.084Z,FALSE,"",10:00,TRUE
fare_BLR-DEL_IX_2026-09-17_T+1_1789528445687_chu1,BLR-DEL,EaseMyTrip,IX,IX-2608,2026-09-17,T+1,13236,2906,16142,2026-09-16T02:53:14.084Z,FALSE,"",16:15,FALSE
fare_BLR-DEL_AI_2026-09-17_T+1_1789528445687_naju,BLR-DEL,EaseMyTrip,AI,AI-2418,2026-09-17,T+1,13172,2892,16064,2026-09-16T02:53:14.084Z,FALSE,"",16:30,TRUE
fare_BLR-DEL_IX_2026-09-17_T+1_1789528445687_iwz9,BLR-DEL,EaseMyTrip,IX,IX-2116,2026-09-17,T+1,13548,2974,16522,2026-09-16T02:53:14.084Z,FALSE,"",21:00,FALSE
fare_BLR-DEL_IX_2026-09-17_T+1_1789528445687_5j25,BLR-DEL,EaseMyTrip,IX,IX-1536,2026-09-17,T+1,13701,3007,16708,2026-09-16T02:53:14.084Z,FALSE,"",15:00,FALSE
fare_BLR-DEL_IX_2026-09-17_T+1_1789528445687_vyr9,BLR-DEL,EaseMyTrip,IX,IX-2052,2026-09-17,T+1,13640,2994,16634,2026-09-16T02:53:14.084Z,FALSE,"",16:10,FALSE
fare_BLR-DEL_QP_2026-09-17_T+1_1789528445687_8lpe,BLR-DEL,EaseMyTrip,QP,QP-1307,2026-09-17,T+1,13259,2910,16169,2026-09-16T02:53:14.084Z,FALSE,"",17:20,TRUE
fare_BLR-DEL_AI_2026-09-17_T+1_1789528445687_lze4,BLR-DEL,EaseMyTrip,AI,AI-9566,2026-09-17,T+1,13645,2995,16640,2026-09-16T02:53:14.084Z,FALSE,"",19:15,FALSE
fare_BLR-DEL_6E_2026-09-17_T+1_1789528445687_cenv,BLR-DEL,EaseMyTrip,6E,6E-6406,2026-09-17,T+1,14250,3128,17378,2026-09-16T02:53:14.084Z,FALSE,"",22:00,TRUE
fare_BLR-DEL_QP_2026-09-17_T+1_1789528445687_sw1u,BLR-DEL,EaseMyTrip,QP,QP-1515,2026-09-17,T+1,14678,3222,17900,2026-09-16T02:53:14.084Z,FALSE,"",06:20,FALSE
fare_BLR-DEL_QP_2026-09-17_T+1_1789528445687_shpq,BLR-DEL,EaseMyTrip,QP,QP-1823,2026-09-17,T+1,14849,3260,18109,2026-09-16T02:53:14.084Z,FALSE,"",06:05,TRUE
fare_BLR-DEL_AI_2026-09-17_T+1_1789528445687_47pk,BLR-DEL,EaseMyTrip,AI,AI-2488,2026-09-17,T+1,15021,3297,18318,2026-09-16T02:53:14.084Z,FALSE,"",22:30,TRUE
fare_BLR-DEL_AI_2026-09-17_T+1_1789528445687_7jqo,BLR-DEL,EaseMyTrip,AI,AI-2868,2026-09-17,T+1,15021,3297,18318,2026-09-16T02:53:14.084Z,FALSE,"",09:00,TRUE
fare_BLR-DEL_IX_2026-09-17_T+1_1789528445687_pdbv,BLR-DEL,EaseMyTrip,IX,IX-1385,2026-09-17,T+1,15483,3399,18882,2026-09-16T02:53:14.084Z,FALSE,"",10:55,FALSE
fare_BLR-DEL_AI_2026-09-17_T+1_1789528445687_xe1e,BLR-DEL,EaseMyTrip,AI,AI-9437,2026-09-17,T+1,15116,3318,18434,2026-09-16T02:53:14.084Z,FALSE,"",07:05,FALSE
fare_BLR-DEL_6E_2026-09-17_T+1_1789528445687_o3ly,BLR-DEL,EaseMyTrip,6E,6E-214,2026-09-17,T+1,15138,3323,18461,2026-09-16T02:53:14.084Z,FALSE,"",18:35,FALSE
fare_BLR-DEL_6E_2026-09-17_T+1_1789528445687_75dj,BLR-DEL,EaseMyTrip,6E,6E-259,2026-09-17,T+1,15138,3323,18461,2026-09-16T02:53:14.084Z,FALSE,"",18:35,FALSE
fare_BLR-DEL_6E_2026-09-17_T+1_1789528445687_2xep,BLR-DEL,EaseMyTrip,6E,6E-6067,2026-09-17,T+1,15878,3485,19363,2026-09-16T02:53:14.084Z,FALSE,"",16:30,FALSE
fare_BLR-DEL_AI_2026-09-17_T+1_1789528445687_6awp,BLR-DEL,EaseMyTrip,AI,AI-2820,2026-09-17,T+1,17407,3821,21228,2026-09-16T02:53:14.084Z,FALSE,"",17:25,TRUE
fare_BLR-DEL_6E_2026-09-17_T+1_1789528445687_dfz2,BLR-DEL,EaseMyTrip,6E,6E-6178,2026-09-17,T+1,17893,3928,21821,2026-09-16T02:53:14.084Z,FALSE,"",06:25,FALSE
fare_BLR-DEL_AI_2026-09-17_T+1_1789528445687_pjk0,BLR-DEL,EaseMyTrip,AI,AI-9602,2026-09-17,T+1,20578,4517,25095,2026-09-16T02:53:14.084Z,TRUE,"High outlier: ₹25095 > upper fence ₹21839 (Q3: ₹14759, IQR: ₹4720)",09:15,FALSE
fare_BLR-DEL_AI_2026-09-17_T+1_1789528445687_py3j,BLR-DEL,EaseMyTrip,AI,AI-2818,2026-09-17,T+1,20580,4518,25098,2026-09-16T02:53:14.084Z,TRUE,"High outlier: ₹25098 > upper fence ₹21839 (Q3: ₹14759, IQR: ₹4720)",20:00,TRUE
fare_BLR-DEL_AI_2026-09-17_T+1_1789528445687_1ftm,BLR-DEL,EaseMyTrip,AI,AI-2802,2026-09-17,T+1,20580,4518,25098,2026-09-16T02:53:14.084Z,TRUE,"High outlier: ₹25098 > upper fence ₹21839 (Q3: ₹14759, IQR: ₹4720)",18:20,TRUE
fare_BLR-DEL_AI_2026-09-17_T+1_1789528445687_btfb,BLR-DEL,EaseMyTrip,AI,AI-2654,2026-09-17,T+1,20580,4518,25098,2026-09-16T02:53:14.084Z,TRUE,"High outlier: ₹25098 > upper fence ₹21839 (Q3: ₹14759, IQR: ₹4720)",07:00,TRUE
fare_BLR-DEL_AI_2026-09-17_T+1_1789528445687_5l2c,BLR-DEL,EaseMyTrip,AI,AI-2665,2026-09-17,T+1,20580,4518,25098,2026-09-16T02:53:14.084Z,TRUE,"High outlier: ₹25098 > upper fence ₹21839 (Q3: ₹14759, IQR: ₹4720)",19:40,TRUE
fare_BLR-DEL_QP_2026-09-17_T+1_1789528445687_f4oa,BLR-DEL,EaseMyTrip,QP,QP-1359,2026-09-17,T+1,21892,4806,26698,2026-09-16T02:53:14.084Z,TRUE,"High outlier: ₹26698 > upper fence ₹21839 (Q3: ₹14759, IQR: ₹4720)",05:00,TRUE
fare_BLR-DEL_AI_2026-09-17_T+1_1789528445687_54d2,BLR-DEL,EaseMyTrip,AI,AI-9457,2026-09-17,T+1,22204,4874,27078,2026-09-16T02:53:14.084Z,TRUE,"High outlier: ₹27078 > upper fence ₹21839 (Q3: ₹14759, IQR: ₹4720)",16:15,FALSE
fare_BLR-DEL_AI_2026-09-17_T+1_1789528445687_xke4,BLR-DEL,EaseMyTrip,AI,AI-9570,2026-09-17,T+1,22220,4878,27098,2026-09-16T02:53:14.084Z,TRUE,"High outlier: ₹27098 > upper fence ₹21839 (Q3: ₹14759, IQR: ₹4720)",06:05,FALSE
fare_BLR-DEL_AI_2026-09-17_T+1_1789528445687_rlrx,BLR-DEL,EaseMyTrip,AI,AI-9762,2026-09-17,T+1,23404,5138,28542,2026-09-16T02:53:14.084Z,TRUE,"High outlier: ₹28542 > upper fence ₹21839 (Q3: ₹14759, IQR: ₹4720)",07:05,FALSE
fare_BLR-DEL_IX_2026-09-23_T+7_1789528445688_mcc8,BLR-DEL,EaseMyTrip,IX,IX-1040,2026-09-23,T+7,6858,1506,8364,2026-09-16T02:53:19.781Z,FALSE,"",14:40,TRUE
fare_BLR-DEL_6E_2026-09-23_T+7_1789528445688_q71r,BLR-DEL,EaseMyTrip,6E,6E-6863,2026-09-23,T+7,6699,1471,8170,2026-09-16T02:53:19.781Z,FALSE,"",08:20,FALSE
fare_BLR-DEL_6E_2026-09-23_T+7_1789528445688_scq1,BLR-DEL,EaseMyTrip,6E,6E-6891,2026-09-23,T+7,6699,1471,8170,2026-09-16T02:53:19.781Z,FALSE,"",17:15,FALSE
fare_BLR-DEL_6E_2026-09-23_T+7_1789528445688_v4au,BLR-DEL,EaseMyTrip,6E,6E-251,2026-09-23,T+7,6764,1485,8249,2026-09-16T02:53:19.781Z,FALSE,"",18:35,FALSE
fare_BLR-DEL_6E_2026-09-23_T+7_1789528445688_xdcg,BLR-DEL,EaseMyTrip,6E,6E-536,2026-09-23,T+7,6764,1485,8249,2026-09-16T02:53:19.781Z,FALSE,"",18:35,FALSE
fare_BLR-DEL_6E_2026-09-23_T+7_1789528445688_aq6d,BLR-DEL,EaseMyTrip,6E,6E-6404,2026-09-23,T+7,6764,1485,8249,2026-09-16T02:53:19.781Z,FALSE,"",11:35,FALSE
fare_BLR-DEL_IX_2026-09-23_T+7_1789528445688_2w9s,BLR-DEL,EaseMyTrip,IX,IX-2873,2026-09-23,T+7,7010,1539,8549,2026-09-16T02:53:19.781Z,FALSE,"",04:00,FALSE
fare_BLR-DEL_IX_2026-09-23_T+7_1789528445688_9q7q,BLR-DEL,EaseMyTrip,IX,IX-2053,2026-09-23,T+7,7010,1539,8549,2026-09-16T02:53:19.781Z,FALSE,"",16:50,FALSE
fare_BLR-DEL_IX_2026-09-23_T+7_1789528445688_jpow,BLR-DEL,EaseMyTrip,IX,IX-2786,2026-09-23,T+7,7010,1539,8549,2026-09-16T02:53:19.781Z,FALSE,"",09:20,FALSE
fare_BLR-DEL_IX_2026-09-23_T+7_1789528445688_s0jk,BLR-DEL,EaseMyTrip,IX,IX-1971,2026-09-23,T+7,7010,1539,8549,2026-09-16T02:53:19.781Z,FALSE,"",12:45,FALSE
fare_BLR-DEL_IX_2026-09-23_T+7_1789528445688_3ngx,BLR-DEL,EaseMyTrip,IX,IX-1479,2026-09-23,T+7,7010,1539,8549,2026-09-16T02:53:19.781Z,FALSE,"",06:20,FALSE
fare_BLR-DEL_6E_2026-09-23_T+7_1789528445688_lokb,BLR-DEL,EaseMyTrip,6E,6E-2455,2026-09-23,T+7,6858,1506,8364,2026-09-16T02:53:19.781Z,FALSE,"",06:25,TRUE
fare_BLR-DEL_QP_2026-09-23_T+7_1789528445688_f6se,BLR-DEL,EaseMyTrip,QP,QP-1811,2026-09-23,T+7,6858,1506,8364,2026-09-16T02:53:19.781Z,FALSE,"",04:10,TRUE
fare_BLR-DEL_QP_2026-09-23_T+7_1789528445688_14ed,BLR-DEL,EaseMyTrip,QP,QP-1359,2026-09-23,T+7,6858,1506,8364,2026-09-16T02:53:19.781Z,FALSE,"",05:00,TRUE
fare_BLR-DEL_6E_2026-09-23_T+7_1789528445688_353f,BLR-DEL,EaseMyTrip,6E,6E-423,2026-09-23,T+7,6858,1506,8364,2026-09-16T02:53:19.781Z,FALSE,"",03:00,TRUE
fare_BLR-DEL_6E_2026-09-23_T+7_1789528445688_4838,BLR-DEL,EaseMyTrip,6E,6E-883,2026-09-23,T+7,6858,1506,8364,2026-09-16T02:53:19.781Z,FALSE,"",03:00,TRUE
fare_BLR-DEL_6E_2026-09-23_T+7_1789528445688_0c4q,BLR-DEL,EaseMyTrip,6E,6E-2313,2026-09-23,T+7,6858,1506,8364,2026-09-16T02:53:19.781Z,FALSE,"",23:30,TRUE
fare_BLR-DEL_6E_2026-09-23_T+7_1789528445688_5s8e,BLR-DEL,EaseMyTrip,6E,6E-816,2026-09-23,T+7,6858,1506,8364,2026-09-16T02:53:19.781Z,FALSE,"",15:45,TRUE
fare_BLR-DEL_6E_2026-09-23_T+7_1789528445688_yv2t,BLR-DEL,EaseMyTrip,6E,6E-387,2026-09-23,T+7,6858,1506,8364,2026-09-16T02:53:19.781Z,FALSE,"",15:45,TRUE
fare_BLR-DEL_6E_2026-09-23_T+7_1789528445688_ok0l,BLR-DEL,EaseMyTrip,6E,6E-119,2026-09-23,T+7,6858,1506,8364,2026-09-16T02:53:19.781Z,FALSE,"",13:55,TRUE
fare_BLR-DEL_6E_2026-09-23_T+7_1789528445688_f13n,BLR-DEL,EaseMyTrip,6E,6E-424,2026-09-23,T+7,6858,1506,8364,2026-09-16T02:53:19.781Z,FALSE,"",13:55,TRUE
fare_BLR-DEL_6E_2026-09-23_T+7_1789528445688_lkgw,BLR-DEL,EaseMyTrip,6E,6E-209,2026-09-23,T+7,6858,1506,8364,2026-09-16T02:53:19.781Z,FALSE,"",10:45,TRUE
fare_BLR-DEL_6E_2026-09-23_T+7_1789528445688_b71o,BLR-DEL,EaseMyTrip,6E,6E-279,2026-09-23,T+7,6858,1506,8364,2026-09-16T02:53:19.781Z,FALSE,"",10:45,TRUE
fare_BLR-DEL_6E_2026-09-23_T+7_1789528445688_yih9,BLR-DEL,EaseMyTrip,6E,6E-2518,2026-09-23,T+7,6858,1506,8364,2026-09-16T02:53:19.781Z,FALSE,"",09:20,TRUE
fare_BLR-DEL_6E_2026-09-23_T+7_1789528445688_pbcy,BLR-DEL,EaseMyTrip,6E,6E-533,2026-09-23,T+7,6858,1506,8364,2026-09-16T02:53:19.781Z,FALSE,"",08:15,TRUE
fare_BLR-DEL_6E_2026-09-23_T+7_1789528445688_2vhu,BLR-DEL,EaseMyTrip,6E,6E-227,2026-09-23,T+7,6858,1506,8364,2026-09-16T02:53:19.781Z,FALSE,"",08:15,TRUE
fare_BLR-DEL_6E_2026-09-23_T+7_1789528445688_pihw,BLR-DEL,EaseMyTrip,6E,6E-679,2026-09-23,T+7,6858,1506,8364,2026-09-16T02:53:19.781Z,FALSE,"",07:00,TRUE
fare_BLR-DEL_6E_2026-09-23_T+7_1789528445688_1kr8,BLR-DEL,EaseMyTrip,6E,6E-480,2026-09-23,T+7,6858,1506,8364,2026-09-16T02:53:19.781Z,FALSE,"",07:00,TRUE
fare_BLR-DEL_6E_2026-09-23_T+7_1789528445688_909j,BLR-DEL,EaseMyTrip,6E,6E-266,2026-09-23,T+7,6858,1506,8364,2026-09-16T02:53:19.781Z,FALSE,"",05:05,TRUE
fare_BLR-DEL_6E_2026-09-23_T+7_1789528445688_0n5p,BLR-DEL,EaseMyTrip,6E,6E-381,2026-09-23,T+7,6858,1506,8364,2026-09-16T02:53:19.781Z,FALSE,"",05:05,TRUE
fare_BLR-DEL_6E_2026-09-23_T+7_1789528445688_fhwg,BLR-DEL,EaseMyTrip,6E,6E-719,2026-09-23,T+7,6858,1506,8364,2026-09-16T02:53:19.781Z,FALSE,"",12:00,TRUE
fare_BLR-DEL_6E_2026-09-23_T+7_1789528445688_bkm1,BLR-DEL,EaseMyTrip,6E,6E-863,2026-09-23,T+7,6858,1506,8364,2026-09-16T02:53:19.781Z,FALSE,"",12:00,TRUE
fare_BLR-DEL_6E_2026-09-23_T+7_1789528445688_u75e,BLR-DEL,EaseMyTrip,6E,6E-615,2026-09-23,T+7,6858,1506,8364,2026-09-16T02:53:19.781Z,FALSE,"",13:10,TRUE
fare_BLR-DEL_6E_2026-09-23_T+7_1789528445688_8x4w,BLR-DEL,EaseMyTrip,6E,6E-936,2026-09-23,T+7,6858,1506,8364,2026-09-16T02:53:19.781Z,FALSE,"",13:10,TRUE
fare_BLR-DEL_6E_2026-09-23_T+7_1789528445688_1bz5,BLR-DEL,EaseMyTrip,6E,6E-738,2026-09-23,T+7,6858,1506,8364,2026-09-16T02:53:19.781Z,FALSE,"",09:30,TRUE
fare_BLR-DEL_6E_2026-09-23_T+7_1789528445688_x9h5,BLR-DEL,EaseMyTrip,6E,6E-743,2026-09-23,T+7,6858,1506,8364,2026-09-16T02:53:19.781Z,FALSE,"",09:30,TRUE
fare_BLR-DEL_6E_2026-09-23_T+7_1789528445688_baep,BLR-DEL,EaseMyTrip,6E,6E-6876,2026-09-23,T+7,6872,1508,8380,2026-09-16T02:53:19.781Z,FALSE,"",02:40,FALSE
fare_BLR-DEL_6E_2026-09-23_T+7_1789528445688_wewe,BLR-DEL,EaseMyTrip,6E,6E-676,2026-09-23,T+7,6872,1508,8380,2026-09-16T02:53:19.781Z,FALSE,"",21:40,FALSE
fare_BLR-DEL_6E_2026-09-23_T+7_1789528445688_5tu1,BLR-DEL,EaseMyTrip,6E,6E-461,2026-09-23,T+7,6872,1508,8380,2026-09-16T02:53:19.781Z,FALSE,"",21:40,FALSE
fare_BLR-DEL_6E_2026-09-23_T+7_1789528445688_97zw,BLR-DEL,EaseMyTrip,6E,6E-6595,2026-09-23,T+7,6872,1508,8380,2026-09-16T02:53:19.781Z,FALSE,"",13:55,FALSE
fare_BLR-DEL_6E_2026-09-23_T+7_1789528445688_asdh,BLR-DEL,EaseMyTrip,6E,6E-640,2026-09-23,T+7,6872,1508,8380,2026-09-16T02:53:19.781Z,FALSE,"",23:05,FALSE
fare_BLR-DEL_6E_2026-09-23_T+7_1789528445688_geub,BLR-DEL,EaseMyTrip,6E,6E-511,2026-09-23,T+7,6872,1508,8380,2026-09-16T02:53:19.781Z,FALSE,"",23:05,FALSE
fare_BLR-DEL_6E_2026-09-23_T+7_1789528445688_xexz,BLR-DEL,EaseMyTrip,6E,6E-6465,2026-09-23,T+7,6872,1508,8380,2026-09-16T02:53:19.781Z,FALSE,"",17:15,FALSE
fare_BLR-DEL_6E_2026-09-23_T+7_1789528445688_s9b5,BLR-DEL,EaseMyTrip,6E,6E-805,2026-09-23,T+7,6872,1508,8380,2026-09-16T02:53:19.781Z,FALSE,"",04:30,FALSE
fare_BLR-DEL_6E_2026-09-23_T+7_1789528445688_sjxr,BLR-DEL,EaseMyTrip,6E,6E-289,2026-09-23,T+7,6872,1508,8380,2026-09-16T02:53:19.781Z,FALSE,"",04:30,FALSE
fare_BLR-DEL_6E_2026-09-23_T+7_1789528445688_1scf,BLR-DEL,EaseMyTrip,6E,6E-6104,2026-09-23,T+7,6872,1508,8380,2026-09-16T02:53:19.781Z,FALSE,"",11:40,FALSE
fare_BLR-DEL_6E_2026-09-23_T+7_1789528445688_x0u4,BLR-DEL,EaseMyTrip,6E,6E-6283,2026-09-23,T+7,6872,1508,8380,2026-09-16T02:53:19.781Z,FALSE,"",19:05,FALSE
fare_BLR-DEL_6E_2026-09-23_T+7_1789528445688_0tdv,BLR-DEL,EaseMyTrip,6E,6E-185,2026-09-23,T+7,6872,1508,8380,2026-09-16T02:53:19.781Z,FALSE,"",20:40,FALSE
fare_BLR-DEL_6E_2026-09-23_T+7_1789528445688_xx64,BLR-DEL,EaseMyTrip,6E,6E-413,2026-09-23,T+7,6872,1508,8380,2026-09-16T02:53:19.781Z,FALSE,"",20:40,FALSE
fare_BLR-DEL_6E_2026-09-23_T+7_1789528445688_ld2s,BLR-DEL,EaseMyTrip,6E,6E-157,2026-09-23,T+7,6872,1508,8380,2026-09-16T02:53:19.781Z,FALSE,"",17:30,FALSE
fare_BLR-DEL_6E_2026-09-23_T+7_1789528445688_cmml,BLR-DEL,EaseMyTrip,6E,6E-833,2026-09-23,T+7,6872,1508,8380,2026-09-16T02:53:19.781Z,FALSE,"",17:30,FALSE
fare_BLR-DEL_6E_2026-09-23_T+7_1789528445688_bzeb,BLR-DEL,EaseMyTrip,6E,6E-5031,2026-09-23,T+7,6872,1508,8380,2026-09-16T02:53:19.781Z,FALSE,"",16:00,FALSE
fare_BLR-DEL_6E_2026-09-23_T+7_1789528445688_vo3w,BLR-DEL,EaseMyTrip,6E,6E-656,2026-09-23,T+7,6872,1508,8380,2026-09-16T02:53:19.781Z,FALSE,"",15:30,FALSE
fare_BLR-DEL_6E_2026-09-23_T+7_1789528445688_wz4p,BLR-DEL,EaseMyTrip,6E,6E-126,2026-09-23,T+7,6872,1508,8380,2026-09-16T02:53:19.781Z,FALSE,"",15:30,FALSE
fare_BLR-DEL_6E_2026-09-23_T+7_1789528445688_11zj,BLR-DEL,EaseMyTrip,6E,6E-5051,2026-09-23,T+7,6872,1508,8380,2026-09-16T02:53:19.781Z,FALSE,"",08:30,FALSE
fare_BLR-DEL_6E_2026-09-23_T+7_1789528445688_2p5o,BLR-DEL,EaseMyTrip,6E,6E-6423,2026-09-23,T+7,6872,1508,8380,2026-09-16T02:53:19.781Z,FALSE,"",20:00,FALSE
fare_BLR-DEL_6E_2026-09-23_T+7_1789528445688_4jl7,BLR-DEL,EaseMyTrip,6E,6E-5255,2026-09-23,T+7,6872,1508,8380,2026-09-16T02:53:19.781Z,FALSE,"",17:25,FALSE
fare_BLR-DEL_6E_2026-09-23_T+7_1789528445688_x0n7,BLR-DEL,EaseMyTrip,6E,6E-6784,2026-09-23,T+7,6913,1518,8431,2026-09-16T02:53:19.781Z,FALSE,"",21:30,FALSE
fare_BLR-DEL_6E_2026-09-23_T+7_1789528445688_2qrp,BLR-DEL,EaseMyTrip,6E,6E-543,2026-09-23,T+7,6936,1523,8459,2026-09-16T02:53:19.781Z,FALSE,"",09:35,FALSE
fare_BLR-DEL_6E_2026-09-23_T+7_1789528445688_6n1u,BLR-DEL,EaseMyTrip,6E,6E-240,2026-09-23,T+7,6936,1523,8459,2026-09-16T02:53:19.781Z,FALSE,"",09:35,FALSE
fare_BLR-DEL_6E_2026-09-23_T+7_1789528445688_fcn9,BLR-DEL,EaseMyTrip,6E,6E-6162,2026-09-23,T+7,6936,1523,8459,2026-09-16T02:53:19.781Z,FALSE,"",18:50,FALSE
fare_BLR-DEL_6E_2026-09-23_T+7_1789528445688_rdzb,BLR-DEL,EaseMyTrip,6E,6E-6269,2026-09-23,T+7,6936,1523,8459,2026-09-16T02:53:19.781Z,FALSE,"",07:15,FALSE
fare_BLR-DEL_6E_2026-09-23_T+7_1789528445688_tv62,BLR-DEL,EaseMyTrip,6E,6E-6712,2026-09-23,T+7,6936,1523,8459,2026-09-16T02:53:19.781Z,FALSE,"",12:35,FALSE
fare_BLR-DEL_6E_2026-09-23_T+7_1789528445688_39xc,BLR-DEL,EaseMyTrip,6E,6E-6141,2026-09-23,T+7,6936,1523,8459,2026-09-16T02:53:19.781Z,FALSE,"",18:20,FALSE
fare_BLR-DEL_6E_2026-09-23_T+7_1789528445688_otyj,BLR-DEL,EaseMyTrip,6E,6E-156,2026-09-23,T+7,6936,1523,8459,2026-09-16T02:53:19.781Z,FALSE,"",10:45,FALSE
fare_BLR-DEL_6E_2026-09-23_T+7_1789528445688_9e3l,BLR-DEL,EaseMyTrip,6E,6E-812,2026-09-23,T+7,6936,1523,8459,2026-09-16T02:53:19.781Z,FALSE,"",10:45,FALSE
fare_BLR-DEL_6E_2026-09-23_T+7_1789528445688_e3z4,BLR-DEL,EaseMyTrip,6E,6E-302,2026-09-23,T+7,6936,1523,8459,2026-09-16T02:53:19.781Z,FALSE,"",19:10,FALSE
fare_BLR-DEL_6E_2026-09-23_T+7_1789528445688_tem1,BLR-DEL,EaseMyTrip,6E,6E-831,2026-09-23,T+7,6936,1523,8459,2026-09-16T02:53:19.781Z,FALSE,"",19:10,FALSE
fare_BLR-DEL_6E_2026-09-23_T+7_1789528445688_v7at,BLR-DEL,EaseMyTrip,6E,6E-6653,2026-09-23,T+7,6936,1523,8459,2026-09-16T02:53:19.781Z,FALSE,"",12:35,FALSE
fare_BLR-DEL_6E_2026-09-23_T+7_1789528445688_l9p7,BLR-DEL,EaseMyTrip,6E,6E-190,2026-09-23,T+7,6936,1523,8459,2026-09-16T02:53:19.781Z,FALSE,"",15:10,FALSE
fare_BLR-DEL_6E_2026-09-23_T+7_1789528445688_6wpq,BLR-DEL,EaseMyTrip,6E,6E-834,2026-09-23,T+7,6936,1523,8459,2026-09-16T02:53:19.781Z,FALSE,"",15:10,FALSE
fare_BLR-DEL_6E_2026-09-23_T+7_1789528445688_y9gk,BLR-DEL,EaseMyTrip,6E,6E-6554,2026-09-23,T+7,6936,1523,8459,2026-09-16T02:53:19.781Z,FALSE,"",19:15,FALSE
fare_BLR-DEL_6E_2026-09-23_T+7_1789528445688_a4xy,BLR-DEL,EaseMyTrip,6E,6E-6875,2026-09-23,T+7,6936,1523,8459,2026-09-16T02:53:19.781Z,FALSE,"",19:55,FALSE
fare_BLR-DEL_AI_2026-09-23_T+7_1789528445688_npfi,BLR-DEL,EaseMyTrip,AI,AI-2810,2026-09-23,T+7,7115,1562,8677,2026-09-16T02:53:19.781Z,FALSE,"",06:00,TRUE
fare_BLR-DEL_AI_2026-09-23_T+7_1789528445688_d8tm,BLR-DEL,EaseMyTrip,AI,AI-2486,2026-09-23,T+7,7115,1562,8677,2026-09-16T02:53:19.781Z,FALSE,"",14:00,TRUE
fare_BLR-DEL_AI_2026-09-23_T+7_1789528445688_mz1q,BLR-DEL,EaseMyTrip,AI,AI-428,2026-09-23,T+7,7115,1562,8677,2026-09-16T02:53:19.781Z,FALSE,"",15:30,TRUE
fare_BLR-DEL_AI_2026-09-23_T+7_1789528445688_ekn7,BLR-DEL,EaseMyTrip,AI,AI-2758,2026-09-23,T+7,7115,1562,8677,2026-09-16T02:53:19.781Z,FALSE,"",00:15,TRUE
fare_BLR-DEL_AI_2026-09-23_T+7_1789528445688_blfk,BLR-DEL,EaseMyTrip,AI,AI-2414,2026-09-23,T+7,7115,1562,8677,2026-09-16T02:53:19.781Z,FALSE,"",05:30,TRUE
fare_BLR-DEL_AI_2026-09-23_T+7_1789528445688_wfco,BLR-DEL,EaseMyTrip,AI,AI-2418,2026-09-23,T+7,7115,1562,8677,2026-09-16T02:53:19.781Z,FALSE,"",16:30,TRUE
fare_BLR-DEL_AI_2026-09-23_T+7_1789528445688_f2nl,BLR-DEL,EaseMyTrip,AI,AI-2488,2026-09-23,T+7,7115,1562,8677,2026-09-16T02:53:19.781Z,FALSE,"",22:30,TRUE
fare_BLR-DEL_AI_2026-09-23_T+7_1789528445688_40kh,BLR-DEL,EaseMyTrip,AI,AI-2804,2026-09-23,T+7,7115,1562,8677,2026-09-16T02:53:19.781Z,FALSE,"",10:00,TRUE
fare_BLR-DEL_AI_2026-09-23_T+7_1789528445688_5ezc,BLR-DEL,EaseMyTrip,AI,AI-2406,2026-09-23,T+7,7115,1562,8677,2026-09-16T02:53:19.781Z,FALSE,"",11:00,TRUE
fare_BLR-DEL_AI_2026-09-23_T+7_1789528445688_4pup,BLR-DEL,EaseMyTrip,AI,AI-2511,2026-09-23,T+7,7115,1562,8677,2026-09-16T02:53:19.781Z,FALSE,"",15:00,TRUE
fare_BLR-DEL_IX_2026-09-23_T+7_1789528445688_8n7u,BLR-DEL,EaseMyTrip,IX,IX-2924,2026-09-23,T+7,7230,1587,8817,2026-09-16T02:53:19.781Z,FALSE,"",10:30,FALSE
fare_BLR-DEL_IX_2026-09-23_T+7_1789528445688_0trx,BLR-DEL,EaseMyTrip,IX,IX-2680,2026-09-23,T+7,7230,1587,8817,2026-09-16T02:53:19.781Z,FALSE,"",21:50,FALSE
fare_BLR-DEL_6E_2026-09-23_T+7_1789528445688_rlny,BLR-DEL,EaseMyTrip,6E,6E-6277,2026-09-23,T+7,7044,1546,8590,2026-09-16T02:53:19.781Z,FALSE,"",14:45,FALSE
fare_BLR-DEL_6E_2026-09-23_T+7_1789528445688_ua90,BLR-DEL,EaseMyTrip,6E,6E-6451,2026-09-23,T+7,7044,1546,8590,2026-09-16T02:53:19.781Z,FALSE,"",16:45,FALSE
fare_BLR-DEL_6E_2026-09-23_T+7_1789528445688_weqs,BLR-DEL,EaseMyTrip,6E,6E-624,2026-09-23,T+7,7162,1572,8734,2026-09-16T02:53:19.781Z,FALSE,"",08:10,FALSE
fare_BLR-DEL_6E_2026-09-23_T+7_1789528445688_qah0,BLR-DEL,EaseMyTrip,6E,6E-873,2026-09-23,T+7,7162,1572,8734,2026-09-16T02:53:19.781Z,FALSE,"",08:10,FALSE
fare_BLR-DEL_6E_2026-09-23_T+7_1789528445688_r3rc,BLR-DEL,EaseMyTrip,6E,6E-6439,2026-09-23,T+7,7162,1572,8734,2026-09-16T02:53:19.781Z,FALSE,"",06:30,FALSE
fare_BLR-DEL_6E_2026-09-23_T+7_1789528445688_o2lz,BLR-DEL,EaseMyTrip,6E,6E-512,2026-09-23,T+7,7232,1588,8820,2026-09-16T02:53:19.781Z,FALSE,"",20:40,TRUE
fare_BLR-DEL_6E_2026-09-23_T+7_1789528445688_c3oz,BLR-DEL,EaseMyTrip,6E,6E-164,2026-09-23,T+7,7232,1588,8820,2026-09-16T02:53:19.781Z,FALSE,"",20:40,TRUE
fare_BLR-DEL_6E_2026-09-23_T+7_1789528445688_63er,BLR-DEL,EaseMyTrip,6E,6E-6039,2026-09-23,T+7,7232,1588,8820,2026-09-16T02:53:19.781Z,FALSE,"",17:00,TRUE
fare_BLR-DEL_6E_2026-09-23_T+7_1789528445688_xjyj,BLR-DEL,EaseMyTrip,6E,6E-6178,2026-09-23,T+7,7295,1601,8896,2026-09-16T02:53:19.781Z,FALSE,"",06:25,FALSE
fare_BLR-DEL_AI_2026-09-23_T+7_1789528445688_l07z,BLR-DEL,EaseMyTrip,AI,AI-2868,2026-09-23,T+7,7489,1644,9133,2026-09-16T02:53:19.781Z,FALSE,"",09:00,TRUE
fare_BLR-DEL_AI_2026-09-23_T+7_1789528445688_rdc3,BLR-DEL,EaseMyTrip,AI,AI-2820,2026-09-23,T+7,7489,1644,9133,2026-09-16T02:53:19.781Z,FALSE,"",17:25,TRUE
fare_BLR-DEL_6E_2026-09-23_T+7_1789528445688_fdr6,BLR-DEL,EaseMyTrip,6E,6E-6558,2026-09-23,T+7,7349,1613,8962,2026-09-16T02:53:19.781Z,FALSE,"",09:05,FALSE
fare_BLR-DEL_6E_2026-09-23_T+7_1789528445688_s2gy,BLR-DEL,EaseMyTrip,6E,6E-988,2026-09-23,T+7,7403,1625,9028,2026-09-16T02:53:19.781Z,FALSE,"",19:00,FALSE
fare_BLR-DEL_6E_2026-09-23_T+7_1789528445688_inzy,BLR-DEL,EaseMyTrip,6E,6E-742,2026-09-23,T+7,7403,1625,9028,2026-09-16T02:53:19.781Z,FALSE,"",19:00,FALSE
fare_BLR-DEL_QP_2026-09-23_T+7_1789528445688_k4mc,BLR-DEL,EaseMyTrip,QP,QP-1823,2026-09-23,T+7,7472,1640,9112,2026-09-16T02:53:19.781Z,FALSE,"",06:05,TRUE
fare_BLR-DEL_6E_2026-09-23_T+7_1789528445688_hh5w,BLR-DEL,EaseMyTrip,6E,6E-712,2026-09-23,T+7,7605,1669,9274,2026-09-16T02:53:19.781Z,FALSE,"",16:20,FALSE
fare_BLR-DEL_6E_2026-09-23_T+7_1789528445688_sxcx,BLR-DEL,EaseMyTrip,6E,6E-859,2026-09-23,T+7,7605,1669,9274,2026-09-16T02:53:19.781Z,FALSE,"",16:20,FALSE
fare_BLR-DEL_6E_2026-09-23_T+7_1789528445688_953k,BLR-DEL,EaseMyTrip,6E,6E-683,2026-09-23,T+7,7605,1669,9274,2026-09-16T02:53:19.781Z,FALSE,"",09:35,FALSE
fare_BLR-DEL_6E_2026-09-23_T+7_1789528445688_g1fr,BLR-DEL,EaseMyTrip,6E,6E-950,2026-09-23,T+7,7605,1669,9274,2026-09-16T02:53:19.781Z,FALSE,"",09:35,FALSE
fare_BLR-DEL_6E_2026-09-23_T+7_1789528445688_nzsf,BLR-DEL,EaseMyTrip,6E,6E-6353,2026-09-23,T+7,7605,1669,9274,2026-09-16T02:53:19.781Z,FALSE,"",07:10,FALSE
fare_BLR-DEL_IX_2026-09-23_T+7_1789528445688_ikgi,BLR-DEL,EaseMyTrip,IX,IX-1409,2026-09-23,T+7,7895,1733,9628,2026-09-16T02:53:19.781Z,FALSE,"",12:50,FALSE
fare_BLR-DEL_AI_2026-09-23_T+7_1789528445688_jhsg,BLR-DEL,EaseMyTrip,AI,AI-2665,2026-09-23,T+7,7888,1731,9619,2026-09-16T02:53:19.781Z,FALSE,"",19:40,TRUE
fare_BLR-DEL_IX_2026-09-23_T+7_1789528445688_ay1e,BLR-DEL,EaseMyTrip,IX,IX-5986,2026-09-23,T+7,8339,1831,10170,2026-09-16T02:53:19.781Z,FALSE,"",02:45,FALSE
fare_BLR-DEL_AI_2026-09-23_T+7_1789528445688_43fv,BLR-DEL,EaseMyTrip,AI,AI-2818,2026-09-23,T+7,8020,1760,9780,2026-09-16T02:53:19.781Z,FALSE,"",20:00,TRUE
fare_BLR-DEL_QP_2026-09-23_T+7_1789528445688_v9dw,BLR-DEL,EaseMyTrip,QP,QP-1307,2026-09-23,T+7,7889,1732,9621,2026-09-16T02:53:19.781Z,FALSE,"",17:20,TRUE
fare_BLR-DEL_6E_2026-09-23_T+7_1789528445688_mwqp,BLR-DEL,EaseMyTrip,6E,6E-649,2026-09-23,T+7,8056,1769,9825,2026-09-16T02:53:19.781Z,FALSE,"",19:30,TRUE
fare_BLR-DEL_6E_2026-09-23_T+7_1789528445688_i7dx,BLR-DEL,EaseMyTrip,6E,6E-854,2026-09-23,T+7,8056,1769,9825,2026-09-16T02:53:19.781Z,FALSE,"",19:30,TRUE
fare_BLR-DEL_6E_2026-09-23_T+7_1789528445688_i3nw,BLR-DEL,EaseMyTrip,6E,6E-6034,2026-09-23,T+7,8510,1868,10378,2026-09-16T02:53:19.781Z,FALSE,"",18:15,TRUE
fare_BLR-DEL_QP_2026-09-23_T+7_1789528445688_k8mr,BLR-DEL,EaseMyTrip,QP,QP-1515,2026-09-23,T+7,8553,1878,10431,2026-09-16T02:53:19.781Z,FALSE,"",06:20,FALSE
fare_BLR-DEL_QP_2026-09-23_T+7_1789528445688_bfot,BLR-DEL,EaseMyTrip,QP,QP-1381,2026-09-23,T+7,8553,1878,10431,2026-09-16T02:53:19.781Z,FALSE,"",04:50,FALSE
fare_BLR-DEL_IX_2026-09-23_T+7_1789528445688_ei8p,BLR-DEL,EaseMyTrip,IX,IX-1540,2026-09-23,T+7,9658,2120,11778,2026-09-16T02:53:19.781Z,FALSE,"",15:25,FALSE
fare_BLR-DEL_6E_2026-09-23_T+7_1789528445688_ahsb,BLR-DEL,EaseMyTrip,6E,6E-494,2026-09-23,T+7,9224,2025,11249,2026-09-16T02:53:19.781Z,FALSE,"",09:15,FALSE
fare_BLR-DEL_6E_2026-09-23_T+7_1789528445688_w1ep,BLR-DEL,EaseMyTrip,6E,6E-802,2026-09-23,T+7,9224,2025,11249,2026-09-16T02:53:19.781Z,FALSE,"",09:15,FALSE
fare_BLR-DEL_IX_2026-09-23_T+7_1789528445688_e2ya,BLR-DEL,EaseMyTrip,IX,IX-2678,2026-09-23,T+7,9519,2090,11609,2026-09-16T02:53:19.781Z,FALSE,"",05:30,FALSE
fare_BLR-DEL_IX_2026-09-23_T+7_1789528445688_h807,BLR-DEL,EaseMyTrip,IX,IX-1893,2026-09-23,T+7,9519,2090,11609,2026-09-16T02:53:19.781Z,FALSE,"",08:40,FALSE
fare_BLR-DEL_AI_2026-09-23_T+7_1789528445688_ejiv,BLR-DEL,EaseMyTrip,AI,AI-9808,2026-09-23,T+7,10177,2234,12411,2026-09-16T02:53:19.781Z,FALSE,"",04:00,FALSE
fare_BLR-DEL_IX_2026-09-23_T+7_1789528445688_r4jv,BLR-DEL,EaseMyTrip,IX,IX-1541,2026-09-23,T+7,10485,2301,12786,2026-09-16T02:53:19.781Z,FALSE,"",19:15,FALSE
fare_BLR-DEL_6E_2026-09-23_T+7_1789528445688_7v2c,BLR-DEL,EaseMyTrip,6E,6E-6067,2026-09-23,T+7,10130,2224,12354,2026-09-16T02:53:19.781Z,FALSE,"",16:30,FALSE
fare_BLR-DEL_AI_2026-09-23_T+7_1789528445688_fqhu,BLR-DEL,EaseMyTrip,AI,AI-9810,2026-09-23,T+7,10326,2267,12593,2026-09-16T02:53:19.781Z,FALSE,"",21:50,FALSE
fare_BLR-DEL_AI_2026-09-23_T+7_1789528445688_sp2e,BLR-DEL,EaseMyTrip,AI,AI-9804,2026-09-23,T+7,10326,2267,12593,2026-09-16T02:53:19.781Z,FALSE,"",12:45,FALSE
fare_BLR-DEL_AI_2026-09-23_T+7_1789528445688_tzhr,BLR-DEL,EaseMyTrip,AI,AI-9806,2026-09-23,T+7,10326,2267,12593,2026-09-16T02:53:19.781Z,FALSE,"",17:25,FALSE
fare_BLR-DEL_IX_2026-09-23_T+7_1789528445688_6c58,BLR-DEL,EaseMyTrip,IX,IX-2816,2026-09-23,T+7,10936,2401,13337,2026-09-16T02:53:19.781Z,TRUE,"High outlier: ₹13337 > upper fence ₹12855 (Q3: ₹10170, IQR: ₹1790)",10:20,FALSE
fare_BLR-DEL_AI_2026-09-23_T+7_1789528445688_k4k0,BLR-DEL,EaseMyTrip,AI,AI-9840,2026-09-23,T+7,10722,2354,13076,2026-09-16T02:53:19.781Z,TRUE,"High outlier: ₹13076 > upper fence ₹12855 (Q3: ₹10170, IQR: ₹1790)",06:10,FALSE
fare_BLR-DEL_AI_2026-09-23_T+7_1789528445688_8le6,BLR-DEL,EaseMyTrip,AI,AI-9708,2026-09-23,T+7,10801,2371,13172,2026-09-16T02:53:19.781Z,TRUE,"High outlier: ₹13172 > upper fence ₹12855 (Q3: ₹10170, IQR: ₹1790)",10:05,FALSE
fare_BLR-DEL_IX_2026-09-23_T+7_1789528445688_avkm,BLR-DEL,EaseMyTrip,IX,IX-2116,2026-09-23,T+7,11046,2425,13471,2026-09-16T02:53:19.781Z,TRUE,"High outlier: ₹13471 > upper fence ₹12855 (Q3: ₹10170, IQR: ₹1790)",21:00,FALSE
fare_BLR-DEL_IX_2026-09-23_T+7_1789528445688_truf,BLR-DEL,EaseMyTrip,IX,IX-2608,2026-09-23,T+7,11046,2425,13471,2026-09-16T02:53:19.781Z,TRUE,"High outlier: ₹13471 > upper fence ₹12855 (Q3: ₹10170, IQR: ₹1790)",16:15,FALSE
fare_BLR-DEL_AI_2026-09-23_T+7_1789528445688_9h3u,BLR-DEL,EaseMyTrip,AI,AI-2654,2026-09-23,T+7,10909,2395,13304,2026-09-16T02:53:19.781Z,TRUE,"High outlier: ₹13304 > upper fence ₹12855 (Q3: ₹10170, IQR: ₹1790)",07:00,TRUE
fare_BLR-DEL_6E_2026-09-23_T+7_1789528445688_mof3,BLR-DEL,EaseMyTrip,6E,6E-745,2026-09-23,T+7,10778,2366,13144,2026-09-16T02:53:19.781Z,TRUE,"High outlier: ₹13144 > upper fence ₹12855 (Q3: ₹10170, IQR: ₹1790)",10:15,FALSE
fare_BLR-DEL_6E_2026-09-23_T+7_1789528445688_bbks,BLR-DEL,EaseMyTrip,6E,6E-274,2026-09-23,T+7,10778,2366,13144,2026-09-16T02:53:19.781Z,TRUE,"High outlier: ₹13144 > upper fence ₹12855 (Q3: ₹10170, IQR: ₹1790)",10:15,FALSE
fare_BLR-DEL_AI_2026-09-23_T+7_1789528445688_tndt,BLR-DEL,EaseMyTrip,AI,AI-9490,2026-09-23,T+7,11098,2436,13534,2026-09-16T02:53:19.781Z,TRUE,"High outlier: ₹13534 > upper fence ₹12855 (Q3: ₹10170, IQR: ₹1790)",10:40,FALSE
fare_BLR-DEL_AI_2026-09-23_T+7_1789528445688_iah3,BLR-DEL,EaseMyTrip,AI,AI-9762,2026-09-23,T+7,11247,2469,13716,2026-09-16T02:53:19.781Z,TRUE,"High outlier: ₹13716 > upper fence ₹12855 (Q3: ₹10170, IQR: ₹1790)",07:05,FALSE
fare_BLR-DEL_AI_2026-09-23_T+7_1789528445688_3zmq,BLR-DEL,EaseMyTrip,AI,AI-9568,2026-09-23,T+7,11763,2582,14345,2026-09-16T02:53:19.781Z,TRUE,"High outlier: ₹14345 > upper fence ₹12855 (Q3: ₹10170, IQR: ₹1790)",17:15,FALSE
fare_BLR-DEL_AI_2026-09-23_T+7_1789528445688_i2yi,BLR-DEL,EaseMyTrip,AI,AI-9898,2026-09-23,T+7,11888,2610,14498,2026-09-16T02:53:19.781Z,TRUE,"High outlier: ₹14498 > upper fence ₹12855 (Q3: ₹10170, IQR: ₹1790)",10:20,FALSE
fare_BLR-DEL_6E_2026-09-23_T+7_1789528445688_1lku,BLR-DEL,EaseMyTrip,6E,6E-781,2026-09-23,T+7,11788,2587,14375,2026-09-16T02:53:19.781Z,TRUE,"High outlier: ₹14375 > upper fence ₹12855 (Q3: ₹10170, IQR: ₹1790)",08:15,FALSE
fare_BLR-DEL_6E_2026-09-23_T+7_1789528445688_m2md,BLR-DEL,EaseMyTrip,6E,6E-128,2026-09-23,T+7,11788,2587,14375,2026-09-16T02:53:19.781Z,TRUE,"High outlier: ₹14375 > upper fence ₹12855 (Q3: ₹10170, IQR: ₹1790)",08:15,FALSE
fare_BLR-DEL_IX_2026-09-23_T+7_1789528445688_ay3f,BLR-DEL,EaseMyTrip,IX,IX-2052,2026-09-23,T+7,12521,2749,15270,2026-09-16T02:53:19.781Z,TRUE,"High outlier: ₹15270 > upper fence ₹12855 (Q3: ₹10170, IQR: ₹1790)",16:10,FALSE
fare_BLR-DEL_AI_2026-09-23_T+7_1789528445688_uogj,BLR-DEL,EaseMyTrip,AI,AI-9570,2026-09-23,T+7,12685,2784,15469,2026-09-16T02:53:19.781Z,TRUE,"High outlier: ₹15469 > upper fence ₹12855 (Q3: ₹10170, IQR: ₹1790)",06:05,FALSE
fare_BLR-DEL_AI_2026-09-23_T+7_1789528445688_tegl,BLR-DEL,EaseMyTrip,AI,AI-9602,2026-09-23,T+7,12703,2789,15492,2026-09-16T02:53:19.781Z,TRUE,"High outlier: ₹15492 > upper fence ₹12855 (Q3: ₹10170, IQR: ₹1790)",09:15,FALSE
fare_BLR-DEL_AI_2026-09-23_T+7_1789528445688_6i33,BLR-DEL,EaseMyTrip,AI,AI-2802,2026-09-23,T+7,12827,2816,15643,2026-09-16T02:53:19.781Z,TRUE,"High outlier: ₹15643 > upper fence ₹12855 (Q3: ₹10170, IQR: ₹1790)",18:20,TRUE
fare_BLR-DEL_AI_2026-09-23_T+7_1789528445688_v3f6,BLR-DEL,EaseMyTrip,AI,AI-9437,2026-09-23,T+7,13222,2902,16124,2026-09-16T02:53:19.781Z,TRUE,"High outlier: ₹16124 > upper fence ₹12855 (Q3: ₹10170, IQR: ₹1790)",07:05,FALSE
fare_BLR-DEL_IX_2026-09-23_T+7_1789528445688_c5pz,BLR-DEL,EaseMyTrip,IX,IX-1536,2026-09-23,T+7,13701,3007,16708,2026-09-16T02:53:19.781Z,TRUE,"High outlier: ₹16708 > upper fence ₹12855 (Q3: ₹10170, IQR: ₹1790)",15:00,FALSE
fare_BLR-DEL_AI_2026-09-23_T+7_1789528445688_mgu5,BLR-DEL,EaseMyTrip,AI,AI-9566,2026-09-23,T+7,14284,3136,17420,2026-09-16T02:53:19.781Z,TRUE,"High outlier: ₹17420 > upper fence ₹12855 (Q3: ₹10170, IQR: ₹1790)",19:15,FALSE
fare_BLR-DEL_IX_2026-09-23_T+7_1789528445688_4rds,BLR-DEL,EaseMyTrip,IX,IX-1385,2026-09-23,T+7,14621,3210,17831,2026-09-16T02:53:19.781Z,TRUE,"High outlier: ₹17831 > upper fence ₹12855 (Q3: ₹10170, IQR: ₹1790)",10:55,FALSE
fare_BLR-DEL_AI_2026-09-23_T+7_1789528445688_op5q,BLR-DEL,EaseMyTrip,AI,AI-9457,2026-09-23,T+7,14369,3154,17523,2026-09-16T02:53:19.781Z,TRUE,"High outlier: ₹17523 > upper fence ₹12855 (Q3: ₹10170, IQR: ₹1790)",16:15,FALSE
fare_BLR-HYD_IX_2026-10-01_T+15_1789528445689_5xn8,BLR-HYD,EaseMyTrip,IX,IX-2819,2026-10-01,T+15,4489,985,5474,2026-09-16T02:55:48.899Z,FALSE,"",12:30,TRUE
fare_BLR-HYD_IX_2026-10-01_T+15_1789528445689_qemi,BLR-HYD,EaseMyTrip,IX,IX-2018,2026-10-01,T+15,4489,985,5474,2026-09-16T02:55:48.899Z,FALSE,"",06:05,TRUE
fare_BLR-HYD_6E_2026-10-01_T+15_1789528445689_39np,BLR-HYD,EaseMyTrip,6E,6E-6168,2026-10-01,T+15,4480,983,5463,2026-09-16T02:55:48.899Z,FALSE,"",17:40,FALSE
fare_BLR-HYD_6E_2026-10-01_T+15_1789528445689_9a9z,BLR-HYD,EaseMyTrip,6E,6E-715,2026-10-01,T+15,4480,983,5463,2026-09-16T02:55:48.899Z,FALSE,"",07:05,FALSE
fare_BLR-HYD_6E_2026-10-01_T+15_1789528445689_yvdo,BLR-HYD,EaseMyTrip,6E,6E-341,2026-10-01,T+15,4480,983,5463,2026-09-16T02:55:48.899Z,FALSE,"",07:05,FALSE
fare_BLR-HYD_6E_2026-10-01_T+15_1789528445689_27fl,BLR-HYD,EaseMyTrip,6E,6E-6269,2026-10-01,T+15,4480,983,5463,2026-09-16T02:55:48.899Z,FALSE,"",07:15,FALSE
fare_BLR-HYD_6E_2026-10-01_T+15_1789528445689_bkn2,BLR-HYD,EaseMyTrip,6E,6E-401,2026-10-01,T+15,4480,983,5463,2026-09-16T02:55:48.899Z,FALSE,"",17:15,FALSE
fare_BLR-HYD_6E_2026-10-01_T+15_1789528445689_999i,BLR-HYD,EaseMyTrip,6E,6E-939,2026-10-01,T+15,4480,983,5463,2026-09-16T02:55:48.899Z,FALSE,"",17:15,FALSE
fare_BLR-HYD_6E_2026-10-01_T+15_1789528445689_j5fp,BLR-HYD,EaseMyTrip,6E,6E-6017,2026-10-01,T+15,4480,983,5463,2026-09-16T02:55:48.899Z,FALSE,"",18:15,FALSE
fare_BLR-HYD_6E_2026-10-01_T+15_1789528445689_cwgw,BLR-HYD,EaseMyTrip,6E,6E-6104,2026-10-01,T+15,4480,983,5463,2026-09-16T02:55:48.899Z,FALSE,"",11:40,FALSE
fare_BLR-HYD_6E_2026-10-01_T+15_1789528445689_2a1h,BLR-HYD,EaseMyTrip,6E,6E-6208,2026-10-01,T+15,4480,983,5463,2026-09-16T02:55:48.899Z,FALSE,"",12:45,FALSE
fare_BLR-HYD_6E_2026-10-01_T+15_1789528445689_71dt,BLR-HYD,EaseMyTrip,6E,6E-521,2026-10-01,T+15,4480,983,5463,2026-09-16T02:55:48.899Z,FALSE,"",12:55,FALSE
fare_BLR-HYD_6E_2026-10-01_T+15_1789528445689_313i,BLR-HYD,EaseMyTrip,6E,6E-118,2026-10-01,T+15,4480,983,5463,2026-09-16T02:55:48.899Z,FALSE,"",12:55,FALSE
fare_BLR-HYD_6E_2026-10-01_T+15_1789528445689_vpn0,BLR-HYD,EaseMyTrip,6E,6E-6876,2026-10-01,T+15,4480,983,5463,2026-09-16T02:55:48.899Z,FALSE,"",02:40,FALSE
fare_BLR-HYD_6E_2026-10-01_T+15_1789528445689_276s,BLR-HYD,EaseMyTrip,6E,6E-6445,2026-10-01,T+15,4480,983,5463,2026-09-16T02:55:48.899Z,FALSE,"",10:25,FALSE
fare_BLR-HYD_6E_2026-10-01_T+15_1789528445689_of8y,BLR-HYD,EaseMyTrip,6E,6E-6653,2026-10-01,T+15,4480,983,5463,2026-09-16T02:55:48.899Z,FALSE,"",12:35,FALSE
fare_BLR-HYD_6E_2026-10-01_T+15_1789528445689_ijuk,BLR-HYD,EaseMyTrip,6E,6E-285,2026-10-01,T+15,4480,983,5463,2026-09-16T02:55:48.899Z,FALSE,"",17:15,FALSE
fare_BLR-HYD_6E_2026-10-01_T+15_1789528445689_4h70,BLR-HYD,EaseMyTrip,6E,6E-126,2026-10-01,T+15,4480,983,5463,2026-09-16T02:55:48.899Z,FALSE,"",17:15,FALSE
fare_BLR-HYD_6E_2026-10-01_T+15_1789528445689_hspj,BLR-HYD,EaseMyTrip,6E,6E-6753,2026-10-01,T+15,4480,983,5463,2026-09-16T02:55:48.899Z,FALSE,"",15:15,FALSE
fare_BLR-HYD_6E_2026-10-01_T+15_1789528445689_hc7c,BLR-HYD,EaseMyTrip,6E,6E-6563,2026-10-01,T+15,4480,983,5463,2026-09-16T02:55:48.899Z,FALSE,"",01:05,FALSE
fare_BLR-HYD_6E_2026-10-01_T+15_1789528445689_sw7a,BLR-HYD,EaseMyTrip,6E,6E-149,2026-10-01,T+15,4480,983,5463,2026-09-16T02:55:48.899Z,FALSE,"",07:05,FALSE
fare_BLR-HYD_6E_2026-10-01_T+15_1789528445689_cecr,BLR-HYD,EaseMyTrip,6E,6E-434,2026-10-01,T+15,4480,983,5463,2026-09-16T02:55:48.899Z,FALSE,"",07:05,FALSE
fare_BLR-HYD_6E_2026-10-01_T+15_1789528445689_5o8t,BLR-HYD,EaseMyTrip,6E,6E-249,2026-10-01,T+15,4480,983,5463,2026-09-16T02:55:48.899Z,FALSE,"",10:50,FALSE
fare_BLR-HYD_6E_2026-10-01_T+15_1789528445689_00dw,BLR-HYD,EaseMyTrip,6E,6E-334,2026-10-01,T+15,4480,983,5463,2026-09-16T02:55:48.899Z,FALSE,"",10:50,FALSE
fare_BLR-HYD_6E_2026-10-01_T+15_1789528445689_ft7y,BLR-HYD,EaseMyTrip,6E,6E-987,2026-10-01,T+15,4490,985,5475,2026-09-16T02:55:48.899Z,FALSE,"",09:15,TRUE
fare_BLR-HYD_6E_2026-10-01_T+15_1789528445689_xevu,BLR-HYD,EaseMyTrip,6E,6E-756,2026-10-01,T+15,4490,985,5475,2026-09-16T02:55:48.899Z,FALSE,"",09:15,TRUE
fare_BLR-HYD_6E_2026-10-01_T+15_1789528445689_ar3g,BLR-HYD,EaseMyTrip,6E,6E-6583,2026-10-01,T+15,4587,1007,5594,2026-09-16T02:55:48.899Z,FALSE,"",10:40,FALSE
fare_BLR-HYD_6E_2026-10-01_T+15_1789528445689_0mtw,BLR-HYD,EaseMyTrip,6E,6E-6336,2026-10-01,T+15,4587,1007,5594,2026-09-16T02:55:48.899Z,FALSE,"",12:25,FALSE
fare_BLR-HYD_6E_2026-10-01_T+15_1789528445689_4q1i,BLR-HYD,EaseMyTrip,6E,6E-103,2026-10-01,T+15,4750,1043,5793,2026-09-16T02:55:48.899Z,FALSE,"",18:50,FALSE
fare_BLR-HYD_6E_2026-10-01_T+15_1789528445689_sabw,BLR-HYD,EaseMyTrip,6E,6E-241,2026-10-01,T+15,4750,1043,5793,2026-09-16T02:55:48.899Z,FALSE,"",18:50,FALSE
fare_BLR-HYD_6E_2026-10-01_T+15_1789528445689_66e8,BLR-HYD,EaseMyTrip,6E,6E-6178,2026-10-01,T+15,4849,1064,5913,2026-09-16T02:55:48.899Z,FALSE,"",06:10,TRUE
fare_BLR-HYD_IX_2026-10-01_T+15_1789528445689_r775,BLR-HYD,EaseMyTrip,IX,IX-2051,2026-10-01,T+15,5244,1151,6395,2026-09-16T02:55:48.899Z,FALSE,"",14:55,TRUE
fare_BLR-HYD_6E_2026-10-01_T+15_1789528445689_oiwg,BLR-HYD,EaseMyTrip,6E,6E-7176,2026-10-01,T+15,4974,1092,6066,2026-09-16T02:55:48.899Z,FALSE,"",10:10,FALSE
fare_BLR-HYD_IX_2026-10-01_T+15_1789528445689_moha,BLR-HYD,EaseMyTrip,IX,IX-2926,2026-10-01,T+15,5210,1144,6354,2026-09-16T02:55:48.899Z,FALSE,"",08:40,FALSE
fare_BLR-HYD_IX_2026-10-01_T+15_1789528445689_jj85,BLR-HYD,EaseMyTrip,IX,IX-1472,2026-10-01,T+15,5210,1144,6354,2026-09-16T02:55:48.899Z,FALSE,"",07:05,FALSE
fare_BLR-HYD_6E_2026-10-01_T+15_1789528445689_fkd7,BLR-HYD,EaseMyTrip,6E,6E-7005,2026-10-01,T+15,5045,1108,6153,2026-09-16T02:55:48.899Z,FALSE,"",08:05,FALSE
fare_BLR-HYD_6E_2026-10-01_T+15_1789528445689_4fyh,BLR-HYD,EaseMyTrip,6E,6E-810,2026-10-01,T+15,5245,1151,6396,2026-09-16T02:55:48.899Z,FALSE,"",10:15,TRUE
fare_BLR-HYD_6E_2026-10-01_T+15_1789528445689_5adh,BLR-HYD,EaseMyTrip,6E,6E-227,2026-10-01,T+15,5245,1151,6396,2026-09-16T02:55:48.899Z,FALSE,"",10:15,TRUE
fare_BLR-HYD_6E_2026-10-01_T+15_1789528445689_2we2,BLR-HYD,EaseMyTrip,6E,6E-7227,2026-10-01,T+15,5258,1154,6412,2026-09-16T02:55:48.899Z,FALSE,"",06:25,FALSE
fare_BLR-HYD_6E_2026-10-01_T+15_1789528445689_wjuu,BLR-HYD,EaseMyTrip,6E,6E-7223,2026-10-01,T+15,5365,1178,6543,2026-09-16T02:55:48.899Z,FALSE,"",15:30,FALSE
fare_BLR-HYD_IX_2026-10-01_T+15_1789528445689_n7tc,BLR-HYD,EaseMyTrip,IX,IX-2506,2026-10-01,T+15,5683,1247,6930,2026-09-16T02:55:48.899Z,FALSE,"",17:15,TRUE
fare_BLR-HYD_6E_2026-10-01_T+15_1789528445689_yno5,BLR-HYD,EaseMyTrip,6E,6E-179,2026-10-01,T+15,5407,1187,6594,2026-09-16T02:55:48.899Z,FALSE,"",20:50,TRUE
fare_BLR-HYD_6E_2026-10-01_T+15_1789528445689_xjl8,BLR-HYD,EaseMyTrip,6E,6E-938,2026-10-01,T+15,5407,1187,6594,2026-09-16T02:55:48.899Z,FALSE,"",20:50,TRUE
fare_BLR-HYD_6E_2026-10-01_T+15_1789528445689_huw0,BLR-HYD,EaseMyTrip,6E,6E-168,2026-10-01,T+15,5683,1247,6930,2026-09-16T02:55:48.899Z,FALSE,"",18:35,TRUE
fare_BLR-HYD_6E_2026-10-01_T+15_1789528445689_owb1,BLR-HYD,EaseMyTrip,6E,6E-906,2026-10-01,T+15,5683,1247,6930,2026-09-16T02:55:48.899Z,FALSE,"",18:35,TRUE
fare_BLR-HYD_6E_2026-10-01_T+15_1789528445689_qk24,BLR-HYD,EaseMyTrip,6E,6E-365,2026-10-01,T+15,5683,1247,6930,2026-09-16T02:55:48.899Z,FALSE,"",08:15,TRUE
fare_BLR-HYD_6E_2026-10-01_T+15_1789528445689_hjxm,BLR-HYD,EaseMyTrip,6E,6E-988,2026-10-01,T+15,5683,1247,6930,2026-09-16T02:55:48.899Z,FALSE,"",08:15,TRUE
fare_BLR-HYD_6E_2026-10-01_T+15_1789528445689_kjwu,BLR-HYD,EaseMyTrip,6E,6E-6404,2026-10-01,T+15,5683,1247,6930,2026-09-16T02:55:48.899Z,FALSE,"",11:35,TRUE
fare_BLR-HYD_6E_2026-10-01_T+15_1789528445689_08en,BLR-HYD,EaseMyTrip,6E,6E-6554,2026-10-01,T+15,5715,1254,6969,2026-09-16T02:55:48.899Z,FALSE,"",19:15,FALSE
fare_BLR-HYD_IX_2026-10-01_T+15_1789528445689_yya6,BLR-HYD,EaseMyTrip,IX,IX-1250,2026-10-01,T+15,6166,1353,7519,2026-09-16T02:55:48.899Z,FALSE,"",19:05,TRUE
fare_BLR-HYD_6E_2026-10-01_T+15_1789528445689_5nes,BLR-HYD,EaseMyTrip,6E,6E-812,2026-10-01,T+15,6094,1338,7432,2026-09-16T02:55:48.899Z,FALSE,"",07:10,FALSE
fare_BLR-HYD_6E_2026-10-01_T+15_1789528445689_2yua,BLR-HYD,EaseMyTrip,6E,6E-134,2026-10-01,T+15,6094,1338,7432,2026-09-16T02:55:48.899Z,FALSE,"",07:10,FALSE
fare_BLR-HYD_6E_2026-10-01_T+15_1789528445689_4r24,BLR-HYD,EaseMyTrip,6E,6E-342,2026-10-01,T+15,6166,1353,7519,2026-09-16T02:55:48.899Z,FALSE,"",19:45,TRUE
fare_BLR-HYD_6E_2026-10-01_T+15_1789528445689_7530,BLR-HYD,EaseMyTrip,6E,6E-540,2026-10-01,T+15,6166,1353,7519,2026-09-16T02:55:48.899Z,FALSE,"",19:45,TRUE
fare_BLR-HYD_6E_2026-10-01_T+15_1789528445689_upls,BLR-HYD,EaseMyTrip,6E,6E-6784,2026-10-01,T+15,6166,1353,7519,2026-09-16T02:55:48.899Z,FALSE,"",21:25,TRUE
fare_BLR-HYD_6E_2026-10-01_T+15_1789528445689_g0j4,BLR-HYD,EaseMyTrip,6E,6E-6067,2026-10-01,T+15,7286,1599,8885,2026-09-16T02:55:48.899Z,FALSE,"",16:30,TRUE
fare_BLR-HYD_6E_2026-10-01_T+15_1789528445689_f5rf,BLR-HYD,EaseMyTrip,6E,6E-7285,2026-10-01,T+15,8105,1779,9884,2026-09-16T02:55:48.899Z,FALSE,"",06:50,FALSE
fare_BLR-HYD_6E_2026-10-01_T+15_1789528445689_o4yb,BLR-HYD,EaseMyTrip,6E,6E-479,2026-10-01,T+15,8848,1942,10790,2026-09-16T02:55:48.899Z,FALSE,"",23:05,FALSE
fare_BLR-HYD_6E_2026-10-01_T+15_1789528445689_s515,BLR-HYD,EaseMyTrip,6E,6E-474,2026-10-01,T+15,8848,1942,10790,2026-09-16T02:55:48.899Z,FALSE,"",23:05,FALSE
fare_BLR-HYD_AI_2026-10-01_T+15_1789528445689_axwt,BLR-HYD,EaseMyTrip,AI,AI-2858,2026-10-01,T+15,9225,2025,11250,2026-09-16T02:55:48.899Z,FALSE,"",02:20,FALSE
fare_BLR-HYD_AI_2026-10-01_T+15_1789528445689_6p3q,BLR-HYD,EaseMyTrip,AI,AI-2811,2026-10-01,T+15,9480,2081,11561,2026-09-16T02:55:48.899Z,FALSE,"",23:40,FALSE
fare_BLR-HYD_6E_2026-10-01_T+15_1789528445689_zcpa,BLR-HYD,EaseMyTrip,6E,6E-324,2026-10-01,T+15,10419,2287,12706,2026-09-16T02:55:48.899Z,FALSE,"",21:40,FALSE
fare_BLR-HYD_6E_2026-10-01_T+15_1789528445689_9i3h,BLR-HYD,EaseMyTrip,6E,6E-586,2026-10-01,T+15,10419,2287,12706,2026-09-16T02:55:48.899Z,FALSE,"",21:40,FALSE
fare_BLR-HYD_6E_2026-10-01_T+15_1789528445689_tgvy,BLR-HYD,EaseMyTrip,6E,6E-214,2026-10-01,T+15,10419,2287,12706,2026-09-16T02:55:48.899Z,FALSE,"",20:40,FALSE
fare_BLR-HYD_6E_2026-10-01_T+15_1789528445689_fmpq,BLR-HYD,EaseMyTrip,6E,6E-255,2026-10-01,T+15,10419,2287,12706,2026-09-16T02:55:48.899Z,FALSE,"",20:40,FALSE
fare_BLR-HYD_AI_2026-10-01_T+15_1789528445689_32ge,BLR-HYD,EaseMyTrip,AI,AI-2852,2026-10-01,T+15,10804,2371,13175,2026-09-16T02:55:48.899Z,FALSE,"",10:30,FALSE
fare_BLR-HYD_AI_2026-10-01_T+15_1789528445689_o96e,BLR-HYD,EaseMyTrip,AI,AI-2402,2026-10-01,T+15,10804,2371,13175,2026-09-16T02:55:48.899Z,FALSE,"",06:35,FALSE
fare_BLR-HYD_AI_2026-10-01_T+15_1789528445689_mf8j,BLR-HYD,EaseMyTrip,AI,AI-2630,2026-10-01,T+15,10902,2393,13295,2026-09-16T02:55:48.899Z,FALSE,"",12:05,FALSE
fare_BLR-HYD_AI_2026-10-01_T+15_1789528445689_l8yx,BLR-HYD,EaseMyTrip,AI,AI-2642,2026-10-01,T+15,10995,2413,13408,2026-09-16T02:55:48.899Z,FALSE,"",21:30,FALSE
fare_BLR-HYD_AI_2026-10-01_T+15_1789528445689_8klx,BLR-HYD,EaseMyTrip,AI,AI-2854,2026-10-01,T+15,11000,2415,13415,2026-09-16T02:55:48.899Z,FALSE,"",18:05,FALSE
fare_BLR-HYD_AI_2026-10-01_T+15_1789528445689_gy1k,BLR-HYD,EaseMyTrip,AI,AI-2850,2026-10-01,T+15,11191,2457,13648,2026-09-16T02:55:48.899Z,FALSE,"",20:30,FALSE
fare_BLR-HYD_AI_2026-10-01_T+15_1789528445689_3utl,BLR-HYD,EaseMyTrip,AI,AI-2604,2026-10-01,T+15,11628,2553,14181,2026-09-16T02:55:48.899Z,FALSE,"",09:15,FALSE
fare_BLR-HYD_AI_2026-10-01_T+15_1789528445689_gjz1,BLR-HYD,EaseMyTrip,AI,AI-2846,2026-10-01,T+15,11725,2574,14299,2026-09-16T02:55:48.899Z,FALSE,"",08:20,FALSE
fare_BLR-HYD_6E_2026-10-01_T+15_1789528445689_59cs,BLR-HYD,EaseMyTrip,6E,6E-497,2026-10-01,T+15,12315,2703,15018,2026-09-16T02:55:48.899Z,FALSE,"",07:10,FALSE
fare_BLR-HYD_6E_2026-10-01_T+15_1789528445689_ve65,BLR-HYD,EaseMyTrip,6E,6E-453,2026-10-01,T+15,12315,2703,15018,2026-09-16T02:55:48.899Z,FALSE,"",07:10,FALSE
fare_BLR-HYD_AI_2026-10-01_T+15_1789528445689_d8oz,BLR-HYD,EaseMyTrip,AI,AI-9993,2026-10-01,T+15,12836,2818,15654,2026-09-16T02:55:48.899Z,FALSE,"",04:30,FALSE
fare_BLR-HYD_QP_2026-10-01_T+15_1789528445689_dfqu,BLR-HYD,EaseMyTrip,QP,QP-1823,2026-10-01,T+15,15421,3385,18806,2026-09-16T02:55:48.899Z,FALSE,"",06:05,FALSE
fare_BLR-HYD_QP_2026-10-01_T+15_1789528445689_do06,BLR-HYD,EaseMyTrip,QP,QP-1359,2026-10-01,T+15,15421,3385,18806,2026-09-16T02:55:48.899Z,FALSE,"",05:00,FALSE
fare_BLR-HYD_AI_2026-10-01_T+15_1789528445689_ib81,BLR-HYD,EaseMyTrip,AI,AI-2804,2026-10-01,T+15,15777,3463,19240,2026-09-16T02:55:48.899Z,FALSE,"",10:00,FALSE
fare_BLR-HYD_QP_2026-10-01_T+15_1789528445689_3lbf,BLR-HYD,EaseMyTrip,QP,QP-1821,2026-10-01,T+15,15714,3449,19163,2026-09-16T02:55:48.899Z,FALSE,"",13:05,FALSE
fare_BLR-HYD_6E_2026-10-01_T+15_1789528445689_8hmb,BLR-HYD,EaseMyTrip,6E,6E-6162,2026-10-01,T+15,16594,3643,20237,2026-09-16T02:55:48.899Z,FALSE,"",18:50,FALSE
fare_BLR-HYD_AI_2026-10-01_T+15_1789528445689_xsbm,BLR-HYD,EaseMyTrip,AI,AI-2486,2026-10-01,T+15,16780,3684,20464,2026-09-16T02:55:48.899Z,FALSE,"",14:00,FALSE
fare_BLR-HYD_AI_2026-10-01_T+15_1789528445689_ygvl,BLR-HYD,EaseMyTrip,AI,AI-2511,2026-10-01,T+15,16780,3684,20464,2026-09-16T02:55:48.899Z,FALSE,"",15:00,FALSE
fare_BLR-HYD_AI_2026-10-01_T+15_1789528445689_e9en,BLR-HYD,EaseMyTrip,AI,AI-2406,2026-10-01,T+15,16848,3698,20546,2026-09-16T02:55:48.899Z,FALSE,"",11:00,FALSE
fare_BLR-HYD_AI_2026-10-01_T+15_1789528445689_2vez,BLR-HYD,EaseMyTrip,AI,AI-2758,2026-10-01,T+15,16895,3709,20604,2026-09-16T02:55:48.899Z,FALSE,"",00:15,FALSE
fare_BLR-HYD_6E_2026-10-01_T+15_1789528445689_argz,BLR-HYD,EaseMyTrip,6E,6E-646,2026-10-01,T+15,16888,3707,20595,2026-09-16T02:55:48.899Z,FALSE,"",17:00,FALSE
fare_BLR-HYD_6E_2026-10-01_T+15_1789528445689_t2h9,BLR-HYD,EaseMyTrip,6E,6E-115,2026-10-01,T+15,16888,3707,20595,2026-09-16T02:55:48.899Z,FALSE,"",17:00,FALSE
fare_BLR-HYD_AI_2026-10-01_T+15_1789528445689_e8m5,BLR-HYD,EaseMyTrip,AI,AI-2810,2026-10-01,T+15,17219,3780,20999,2026-09-16T02:55:48.899Z,FALSE,"",06:00,FALSE
fare_BLR-HYD_AI_2026-10-01_T+15_1789528445689_fm1a,BLR-HYD,EaseMyTrip,AI,AI-2414,2026-10-01,T+15,17219,3780,20999,2026-09-16T02:55:48.899Z,FALSE,"",05:30,FALSE
fare_BLR-HYD_AI_2026-10-01_T+15_1789528445689_zqim,BLR-HYD,EaseMyTrip,AI,AI-428,2026-10-01,T+15,17266,3790,21056,2026-09-16T02:55:48.899Z,FALSE,"",15:30,FALSE
fare_BLR-HYD_AI_2026-10-01_T+15_1789528445689_6tkj,BLR-HYD,EaseMyTrip,AI,AI-2418,2026-10-01,T+15,17503,3842,21345,2026-09-16T02:55:48.899Z,FALSE,"",16:30,FALSE
fare_BLR-HYD_AI_2026-10-01_T+15_1789528445689_87mf,BLR-HYD,EaseMyTrip,AI,AI-9772,2026-10-01,T+15,18243,4004,22247,2026-09-16T02:55:48.899Z,FALSE,"",06:40,FALSE
fare_BLR-HYD_AI_2026-10-01_T+15_1789528445689_h80c,BLR-HYD,EaseMyTrip,AI,AI-2654,2026-10-01,T+15,18334,4025,22359,2026-09-16T02:55:48.899Z,FALSE,"",07:00,FALSE
fare_BLR-HYD_6E_2026-10-16_T+30_1789528445691_2ixx,BLR-HYD,EaseMyTrip,6E,6E-7227,2026-10-16,T+30,4371,960,5331,2026-09-16T02:55:54.508Z,FALSE,"",06:25,FALSE
fare_BLR-HYD_6E_2026-10-16_T+30_1789528445691_wzrf,BLR-HYD,EaseMyTrip,6E,6E-7737,2026-10-16,T+30,4371,960,5331,2026-09-16T02:55:54.508Z,FALSE,"",10:50,FALSE
fare_BLR-HYD_6E_2026-10-16_T+30_1789528445691_tw8q,BLR-HYD,EaseMyTrip,6E,6E-807,2026-10-16,T+30,4480,983,5463,2026-09-16T02:55:54.508Z,FALSE,"",07:05,FALSE
fare_BLR-HYD_6E_2026-10-16_T+30_1789528445691_tlz3,BLR-HYD,EaseMyTrip,6E,6E-344,2026-10-16,T+30,4480,983,5463,2026-09-16T02:55:54.508Z,FALSE,"",07:05,FALSE
fare_BLR-HYD_6E_2026-10-16_T+30_1789528445691_pm3v,BLR-HYD,EaseMyTrip,6E,6E-6269,2026-10-16,T+30,4480,983,5463,2026-09-16T02:55:54.508Z,FALSE,"",07:15,FALSE
fare_BLR-HYD_6E_2026-10-16_T+30_1789528445691_gzy7,BLR-HYD,EaseMyTrip,6E,6E-459,2026-10-16,T+30,4480,983,5463,2026-09-16T02:55:54.508Z,FALSE,"",23:05,FALSE
fare_BLR-HYD_6E_2026-10-16_T+30_1789528445691_5aj6,BLR-HYD,EaseMyTrip,6E,6E-349,2026-10-16,T+30,4480,983,5463,2026-09-16T02:55:54.508Z,FALSE,"",23:05,FALSE
fare_BLR-HYD_6E_2026-10-16_T+30_1789528445691_gyf5,BLR-HYD,EaseMyTrip,6E,6E-6162,2026-10-16,T+30,4480,983,5463,2026-09-16T02:55:54.508Z,FALSE,"",18:50,FALSE
fare_BLR-HYD_6E_2026-10-16_T+30_1789528445692_sdzk,BLR-HYD,EaseMyTrip,6E,6E-6017,2026-10-16,T+30,4480,983,5463,2026-09-16T02:55:54.508Z,FALSE,"",18:15,FALSE
fare_BLR-HYD_6E_2026-10-16_T+30_1789528445692_ecwf,BLR-HYD,EaseMyTrip,6E,6E-6104,2026-10-16,T+30,4480,983,5463,2026-09-16T02:55:54.508Z,FALSE,"",11:40,FALSE
fare_BLR-HYD_6E_2026-10-16_T+30_1789528445692_af7s,BLR-HYD,EaseMyTrip,6E,6E-6876,2026-10-16,T+30,4480,983,5463,2026-09-16T02:55:54.508Z,FALSE,"",02:40,FALSE
fare_BLR-HYD_6E_2026-10-16_T+30_1789528445692_sy9t,BLR-HYD,EaseMyTrip,6E,6E-6168,2026-10-16,T+30,4480,983,5463,2026-09-16T02:55:54.508Z,FALSE,"",17:20,FALSE
fare_BLR-HYD_6E_2026-10-16_T+30_1789528445692_wa6c,BLR-HYD,EaseMyTrip,6E,6E-7223,2026-10-16,T+30,4480,983,5463,2026-09-16T02:55:54.508Z,FALSE,"",15:30,FALSE
fare_BLR-HYD_6E_2026-10-16_T+30_1789528445692_ii01,BLR-HYD,EaseMyTrip,6E,6E-6563,2026-10-16,T+30,4480,983,5463,2026-09-16T02:55:54.508Z,FALSE,"",01:05,FALSE
fare_BLR-HYD_6E_2026-10-16_T+30_1789528445692_md9x,BLR-HYD,EaseMyTrip,6E,6E-907,2026-10-16,T+30,4480,983,5463,2026-09-16T02:55:54.508Z,FALSE,"",07:05,FALSE
fare_BLR-HYD_6E_2026-10-16_T+30_1789528445692_ucvz,BLR-HYD,EaseMyTrip,6E,6E-750,2026-10-16,T+30,4480,983,5463,2026-09-16T02:55:54.508Z,FALSE,"",07:05,FALSE
fare_BLR-HYD_6E_2026-10-16_T+30_1789528445692_7z1w,BLR-HYD,EaseMyTrip,6E,6E-626,2026-10-16,T+30,4750,1043,5793,2026-09-16T02:55:54.508Z,FALSE,"",17:15,FALSE
fare_BLR-HYD_6E_2026-10-16_T+30_1789528445692_vwr3,BLR-HYD,EaseMyTrip,6E,6E-989,2026-10-16,T+30,4750,1043,5793,2026-09-16T02:55:54.508Z,FALSE,"",17:15,FALSE
fare_BLR-HYD_IX_2026-10-16_T+30_1789528445692_rfb9,BLR-HYD,EaseMyTrip,IX,IX-2926,2026-10-16,T+30,5210,1144,6354,2026-09-16T02:55:54.508Z,FALSE,"",08:40,FALSE
fare_BLR-HYD_IX_2026-10-16_T+30_1789528445692_8wpg,BLR-HYD,EaseMyTrip,IX,IX-1472,2026-10-16,T+30,5210,1144,6354,2026-09-16T02:55:54.508Z,FALSE,"",07:05,FALSE
fare_BLR-HYD_6E_2026-10-16_T+30_1789528445692_bzy1,BLR-HYD,EaseMyTrip,6E,6E-6554,2026-10-16,T+30,5045,1108,6153,2026-09-16T02:55:54.508Z,FALSE,"",19:15,FALSE
fare_BLR-HYD_6E_2026-10-16_T+30_1789528445692_mttl,BLR-HYD,EaseMyTrip,6E,6E-6875,2026-10-16,T+30,5045,1108,6153,2026-09-16T02:55:54.508Z,FALSE,"",19:55,FALSE
fare_BLR-HYD_6E_2026-10-16_T+30_1789528445692_4u15,BLR-HYD,EaseMyTrip,6E,6E-549,2026-10-16,T+30,5715,1254,6969,2026-09-16T02:55:54.508Z,FALSE,"",17:15,FALSE
fare_BLR-HYD_6E_2026-10-16_T+30_1789528445692_sooj,BLR-HYD,EaseMyTrip,6E,6E-210,2026-10-16,T+30,5715,1254,6969,2026-09-16T02:55:54.508Z,FALSE,"",17:15,FALSE
fare_BLR-HYD_6E_2026-10-16_T+30_1789528445692_cent,BLR-HYD,EaseMyTrip,6E,6E-6753,2026-10-16,T+30,5715,1254,6969,2026-09-16T02:55:54.508Z,FALSE,"",15:15,FALSE
fare_BLR-HYD_6E_2026-10-16_T+30_1789528445692_qjvt,BLR-HYD,EaseMyTrip,6E,6E-6583,2026-10-16,T+30,5823,1278,7101,2026-09-16T02:55:54.508Z,FALSE,"",10:40,FALSE
fare_BLR-HYD_6E_2026-10-16_T+30_1789528445692_7goz,BLR-HYD,EaseMyTrip,6E,6E-538,2026-10-16,T+30,6094,1338,7432,2026-09-16T02:55:54.508Z,FALSE,"",18:50,FALSE
fare_BLR-HYD_6E_2026-10-16_T+30_1789528445692_g56y,BLR-HYD,EaseMyTrip,6E,6E-915,2026-10-16,T+30,6094,1338,7432,2026-09-16T02:55:54.508Z,FALSE,"",18:50,FALSE
fare_BLR-HYD_6E_2026-10-16_T+30_1789528445692_xcoe,BLR-HYD,EaseMyTrip,6E,6E-647,2026-10-16,T+30,6094,1338,7432,2026-09-16T02:55:54.508Z,FALSE,"",21:40,FALSE
fare_BLR-HYD_6E_2026-10-16_T+30_1789528445692_bj6u,BLR-HYD,EaseMyTrip,6E,6E-334,2026-10-16,T+30,6094,1338,7432,2026-09-16T02:55:54.508Z,FALSE,"",21:40,FALSE
fare_BLR-HYD_6E_2026-10-16_T+30_1789528445692_i57s,BLR-HYD,EaseMyTrip,6E,6E-406,2026-10-16,T+30,6094,1338,7432,2026-09-16T02:55:54.508Z,FALSE,"",20:40,FALSE
fare_BLR-HYD_6E_2026-10-16_T+30_1789528445692_mdj8,BLR-HYD,EaseMyTrip,6E,6E-147,2026-10-16,T+30,6094,1338,7432,2026-09-16T02:55:54.508Z,FALSE,"",20:40,FALSE
fare_BLR-HYD_6E_2026-10-16_T+30_1789528445692_apne,BLR-HYD,EaseMyTrip,6E,6E-6208,2026-10-16,T+30,6094,1338,7432,2026-09-16T02:55:54.508Z,FALSE,"",12:45,FALSE
fare_BLR-HYD_6E_2026-10-16_T+30_1789528445692_csmg,BLR-HYD,EaseMyTrip,6E,6E-6336,2026-10-16,T+30,6202,1362,7564,2026-09-16T02:55:54.508Z,FALSE,"",12:25,FALSE
fare_BLR-HYD_6E_2026-10-16_T+30_1789528445692_oox4,BLR-HYD,EaseMyTrip,6E,6E-721,2026-10-16,T+30,6268,1376,7644,2026-09-16T02:55:54.508Z,FALSE,"",21:50,TRUE
fare_BLR-HYD_6E_2026-10-16_T+30_1789528445692_hsz5,BLR-HYD,EaseMyTrip,6E,6E-285,2026-10-16,T+30,6268,1376,7644,2026-09-16T02:55:54.508Z,FALSE,"",21:50,TRUE
fare_BLR-HYD_6E_2026-10-16_T+30_1789528445692_p3y6,BLR-HYD,EaseMyTrip,6E,6E-6653,2026-10-16,T+30,6507,1428,7935,2026-09-16T02:55:54.508Z,FALSE,"",12:35,FALSE
fare_BLR-HYD_6E_2026-10-16_T+30_1789528445692_afv0,BLR-HYD,EaseMyTrip,6E,6E-830,2026-10-16,T+30,6507,1428,7935,2026-09-16T02:55:54.508Z,FALSE,"",17:00,FALSE
fare_BLR-HYD_6E_2026-10-16_T+30_1789528445692_krbd,BLR-HYD,EaseMyTrip,6E,6E-719,2026-10-16,T+30,6507,1428,7935,2026-09-16T02:55:54.508Z,FALSE,"",17:00,FALSE
fare_BLR-HYD_6E_2026-10-16_T+30_1789528445692_o641,BLR-HYD,EaseMyTrip,6E,6E-299,2026-10-16,T+30,6957,1527,8484,2026-09-16T02:55:54.508Z,FALSE,"",07:10,FALSE
fare_BLR-HYD_6E_2026-10-16_T+30_1789528445692_0ltr,BLR-HYD,EaseMyTrip,6E,6E-217,2026-10-16,T+30,7933,1742,9675,2026-09-16T02:55:54.508Z,FALSE,"",08:15,TRUE
fare_BLR-HYD_6E_2026-10-16_T+30_1789528445692_qy89,BLR-HYD,EaseMyTrip,6E,6E-155,2026-10-16,T+30,7933,1742,9675,2026-09-16T02:55:54.508Z,FALSE,"",08:15,TRUE
fare_BLR-HYD_IX_2026-10-16_T+30_1789528445692_wl3a,BLR-HYD,EaseMyTrip,IX,IX-2018,2026-10-16,T+30,8886,1950,10836,2026-09-16T02:55:54.508Z,FALSE,"",06:05,TRUE
fare_BLR-HYD_6E_2026-10-16_T+30_1789528445692_n4lz,BLR-HYD,EaseMyTrip,6E,6E-7285,2026-10-16,T+30,8640,1896,10536,2026-09-16T02:55:54.508Z,FALSE,"",06:50,FALSE
fare_BLR-HYD_6E_2026-10-16_T+30_1789528445692_77xh,BLR-HYD,EaseMyTrip,6E,6E-6178,2026-10-16,T+30,8649,1899,10548,2026-09-16T02:55:54.508Z,FALSE,"",06:10,TRUE
fare_BLR-HYD_6E_2026-10-16_T+30_1789528445692_l1zq,BLR-HYD,EaseMyTrip,6E,6E-291,2026-10-16,T+30,8649,1899,10548,2026-09-16T02:55:54.508Z,FALSE,"",19:45,TRUE
fare_BLR-HYD_6E_2026-10-16_T+30_1789528445692_ca9s,BLR-HYD,EaseMyTrip,6E,6E-432,2026-10-16,T+30,8649,1899,10548,2026-09-16T02:55:54.508Z,FALSE,"",19:45,TRUE
fare_BLR-HYD_6E_2026-10-16_T+30_1789528445692_lxm6,BLR-HYD,EaseMyTrip,6E,6E-156,2026-10-16,T+30,8649,1899,10548,2026-09-16T02:55:54.508Z,FALSE,"",10:15,TRUE
fare_BLR-HYD_6E_2026-10-16_T+30_1789528445692_n4a1,BLR-HYD,EaseMyTrip,6E,6E-796,2026-10-16,T+30,8649,1899,10548,2026-09-16T02:55:54.508Z,FALSE,"",10:15,TRUE
fare_BLR-HYD_6E_2026-10-16_T+30_1789528445692_cutq,BLR-HYD,EaseMyTrip,6E,6E-655,2026-10-16,T+30,9187,2017,11204,2026-09-16T02:55:54.508Z,FALSE,"",10:45,FALSE
fare_BLR-HYD_6E_2026-10-16_T+30_1789528445692_kdy4,BLR-HYD,EaseMyTrip,6E,6E-482,2026-10-16,T+30,9187,2017,11204,2026-09-16T02:55:54.508Z,FALSE,"",10:45,FALSE
fare_BLR-HYD_IX_2026-10-16_T+30_1789528445692_09di,BLR-HYD,EaseMyTrip,IX,IX-1250,2026-10-16,T+30,10129,2224,12353,2026-09-16T02:55:54.508Z,FALSE,"",19:10,TRUE
fare_BLR-HYD_IX_2026-10-16_T+30_1789528445692_w249,BLR-HYD,EaseMyTrip,IX,IX-2819,2026-10-16,T+30,10129,2224,12353,2026-09-16T02:55:54.508Z,FALSE,"",12:30,TRUE
fare_BLR-HYD_6E_2026-10-16_T+30_1789528445692_dej1,BLR-HYD,EaseMyTrip,6E,6E-640,2026-10-16,T+30,11272,2474,13746,2026-09-16T02:55:54.508Z,FALSE,"",09:15,TRUE
fare_BLR-HYD_6E_2026-10-16_T+30_1789528445692_e3c9,BLR-HYD,EaseMyTrip,6E,6E-435,2026-10-16,T+30,11272,2474,13746,2026-09-16T02:55:54.508Z,FALSE,"",09:15,TRUE
fare_BLR-HYD_6E_2026-10-16_T+30_1789528445692_sce0,BLR-HYD,EaseMyTrip,6E,6E-6404,2026-10-16,T+30,11272,2474,13746,2026-09-16T02:55:54.508Z,FALSE,"",11:35,TRUE
fare_BLR-HYD_AI_2026-10-16_T+30_1789528445692_74zy,BLR-HYD,EaseMyTrip,AI,AI-2811,2026-10-16,T+30,11638,2555,14193,2026-09-16T02:55:54.508Z,FALSE,"",23:40,FALSE
fare_BLR-HYD_AI_2026-10-16_T+30_1789528445692_7aqk,BLR-HYD,EaseMyTrip,AI,AI-2402,2026-10-16,T+30,11850,2601,14451,2026-09-16T02:55:54.508Z,FALSE,"",06:35,FALSE
fare_BLR-HYD_AI_2026-10-16_T+30_1789528445692_8gkj,BLR-HYD,EaseMyTrip,AI,AI-2852,2026-10-16,T+30,12243,2687,14930,2026-09-16T02:55:54.508Z,FALSE,"",10:30,FALSE
fare_BLR-HYD_6E_2026-10-16_T+30_1789528445692_jnll,BLR-HYD,EaseMyTrip,6E,6E-220,2026-10-16,T+30,12333,2707,15040,2026-09-16T02:55:54.508Z,FALSE,"",18:35,TRUE
fare_BLR-HYD_6E_2026-10-16_T+30_1789528445692_aa50,BLR-HYD,EaseMyTrip,6E,6E-826,2026-10-16,T+30,12333,2707,15040,2026-09-16T02:55:54.508Z,FALSE,"",18:35,TRUE
fare_BLR-HYD_AI_2026-10-16_T+30_1789528445692_h5d7,BLR-HYD,EaseMyTrip,AI,AI-2854,2026-10-16,T+30,12534,2751,15285,2026-09-16T02:55:54.508Z,FALSE,"",18:05,FALSE
fare_BLR-HYD_AI_2026-10-16_T+30_1789528445692_3lpq,BLR-HYD,EaseMyTrip,AI,AI-2858,2026-10-16,T+30,12635,2774,15409,2026-09-16T02:55:54.508Z,FALSE,"",02:20,FALSE
fare_BLR-HYD_AI_2026-10-16_T+30_1789528445692_icaj,BLR-HYD,EaseMyTrip,AI,AI-2610,2026-10-16,T+30,12893,2830,15723,2026-09-16T02:55:54.508Z,FALSE,"",19:00,FALSE
fare_BLR-HYD_AI_2026-10-16_T+30_1789528445692_krjw,BLR-HYD,EaseMyTrip,AI,AI-2630,2026-10-16,T+30,13072,2869,15941,2026-09-16T02:55:54.508Z,FALSE,"",12:05,FALSE
fare_BLR-HYD_IX_2026-10-16_T+30_1789528445692_tqve,BLR-HYD,EaseMyTrip,IX,IX-2051,2026-10-16,T+30,13504,2964,16468,2026-09-16T02:55:54.508Z,FALSE,"",14:55,TRUE
fare_BLR-HYD_IX_2026-10-16_T+30_1789528445692_fqgn,BLR-HYD,EaseMyTrip,IX,IX-2506,2026-10-16,T+30,13504,2964,16468,2026-09-16T02:55:54.508Z,FALSE,"",17:15,TRUE
fare_BLR-HYD_6E_2026-10-16_T+30_1789528445692_ulfc,BLR-HYD,EaseMyTrip,6E,6E-6067,2026-10-16,T+30,13504,2964,16468,2026-09-16T02:55:54.508Z,FALSE,"",16:30,TRUE
fare_BLR-HYD_AI_2026-10-16_T+30_1789528445692_00gc,BLR-HYD,EaseMyTrip,AI,AI-2604,2026-10-16,T+30,14301,3139,17440,2026-09-16T02:55:54.508Z,FALSE,"",09:15,FALSE
fare_BLR-HYD_6E_2026-10-16_T+30_1789528445692_ae2w,BLR-HYD,EaseMyTrip,6E,6E-6784,2026-10-16,T+30,14796,3248,18044,2026-09-16T02:55:54.508Z,FALSE,"",21:25,TRUE
fare_BLR-HYD_6E_2026-10-16_T+30_1789528445692_66r7,BLR-HYD,EaseMyTrip,6E,6E-7005,2026-10-16,T+30,16535,3630,20165,2026-09-16T02:55:54.508Z,FALSE,"",08:05,FALSE
fare_BLR-HYD_6E_2026-10-16_T+30_1789528445692_mwka,BLR-HYD,EaseMyTrip,6E,6E-804,2026-10-16,T+30,16535,3630,20165,2026-09-16T02:55:54.508Z,FALSE,"",07:10,FALSE
fare_BLR-HYD_6E_2026-10-16_T+30_1789528445692_ot0m,BLR-HYD,EaseMyTrip,6E,6E-539,2026-10-16,T+30,16535,3630,20165,2026-09-16T02:55:54.508Z,FALSE,"",07:10,FALSE
fare_BLR-HYD_QP_2026-10-16_T+30_1789528445692_fdom,BLR-HYD,EaseMyTrip,QP,QP-1571,2026-10-16,T+30,18017,3955,21972,2026-09-16T02:55:54.508Z,FALSE,"",05:30,FALSE
fare_BLR-HYD_QP_2026-10-16_T+30_1789528445692_ul2j,BLR-HYD,EaseMyTrip,QP,QP-1823,2026-10-16,T+30,18425,4044,22469,2026-09-16T02:55:54.508Z,FALSE,"",06:05,FALSE
fare_BLR-HYD_6E_2026-10-16_T+30_1789528445692_ljgc,BLR-HYD,EaseMyTrip,6E,6E-6445,2026-10-16,T+30,19415,4262,23677,2026-09-16T02:55:54.508Z,FALSE,"",10:25,FALSE
fare_BLR-HYD_AI_2026-10-16_T+30_1789528445692_tmlv,BLR-HYD,EaseMyTrip,AI,AI-2758,2026-10-16,T+30,20379,4473,24852,2026-09-16T02:55:54.508Z,FALSE,"",00:15,FALSE
fare_BLR-HYD_AI_2026-10-16_T+30_1789528445692_xkgj,BLR-HYD,EaseMyTrip,AI,AI-9430,2026-10-16,T+30,20406,4479,24885,2026-09-16T02:55:54.508Z,FALSE,"",01:15,FALSE
fare_BLR-HYD_QP_2026-10-16_T+30_1789528445692_zb9l,BLR-HYD,EaseMyTrip,QP,QP-1821,2026-10-16,T+30,20435,4486,24921,2026-09-16T02:55:54.508Z,FALSE,"",13:05,FALSE
fare_BLR-HYD_AI_2026-10-16_T+30_1789528445692_hqud,BLR-HYD,EaseMyTrip,AI,AI-2810,2026-10-16,T+30,20769,4559,25328,2026-09-16T02:55:54.508Z,FALSE,"",06:00,FALSE
fare_BLR-HYD_AI_2026-10-16_T+30_1789528445692_7g0p,BLR-HYD,EaseMyTrip,AI,AI-2414,2026-10-16,T+30,20999,4609,25608,2026-09-16T02:55:54.508Z,FALSE,"",05:30,FALSE
fare_BLR-HYD_AI_2026-10-16_T+30_1789528445692_qk15,BLR-HYD,EaseMyTrip,AI,AI-2804,2026-10-16,T+30,21186,4651,25837,2026-09-16T02:55:54.508Z,FALSE,"",10:00,FALSE
fare_BLR-HYD_AI_2026-10-16_T+30_1789528445692_z9ux,BLR-HYD,EaseMyTrip,AI,AI-2868,2026-10-16,T+30,21646,4752,26398,2026-09-16T02:55:54.508Z,FALSE,"",09:00,FALSE
fare_BLR-HYD_AI_2026-10-16_T+30_1789528445692_eh5i,BLR-HYD,EaseMyTrip,AI,AI-2654,2026-10-16,T+30,21762,4777,26539,2026-09-16T02:55:54.508Z,FALSE,"",07:00,FALSE
fare_BLR-HYD_6E_2026-10-16_T+30_1789528445692_nijh,BLR-HYD,EaseMyTrip,6E,6E-815,2026-10-16,T+30,24912,5469,30381,2026-09-16T02:55:54.508Z,FALSE,"",12:55,FALSE
fare_BLR-HYD_6E_2026-10-16_T+30_1789528445692_rt3y,BLR-HYD,EaseMyTrip,6E,6E-467,2026-10-16,T+30,24912,5469,30381,2026-09-16T02:55:54.508Z,FALSE,"",12:55,FALSE
fare_BLR-HYD_AI_2026-10-16_T+30_1789528445692_1k5z,BLR-HYD,EaseMyTrip,AI,AI-2818,2026-10-16,T+30,28648,6289,34937,2026-09-16T02:55:54.508Z,TRUE,"High outlier: ₹34937 > upper fence ₹30717 (Q3: ₹16468, IQR: ₹9499)",20:00,FALSE
fare_BLR-HYD_AI_2026-10-16_T+30_1789528445692_owt0,BLR-HYD,EaseMyTrip,AI,AI-2665,2026-10-16,T+30,28648,6289,34937,2026-09-16T02:55:54.508Z,TRUE,"High outlier: ₹34937 > upper fence ₹30717 (Q3: ₹16468, IQR: ₹9499)",19:40,FALSE
fare_BLR-HYD_AI_2026-10-16_T+30_1789528445692_g2gn,BLR-HYD,EaseMyTrip,AI,AI-2802,2026-10-16,T+30,28648,6289,34937,2026-09-16T02:55:54.508Z,TRUE,"High outlier: ₹34937 > upper fence ₹30717 (Q3: ₹16468, IQR: ₹9499)",18:20,FALSE
fare_BOM-BLR_IX_2026-10-01_T+15_1789528445692_8owo,BOM-BLR,EaseMyTrip,IX,IX-1347,2026-10-01,T+15,3972,872,4844,2026-09-16T02:53:57.395Z,FALSE,"",06:20,TRUE
fare_BOM-BLR_QP_2026-10-01_T+15_1789528445692_eo4c,BOM-BLR,EaseMyTrip,QP,QP-1516,2026-10-01,T+15,4141,909,5050,2026-09-16T02:53:57.395Z,FALSE,"",00:40,TRUE
fare_BOM-BLR_6E_2026-10-01_T+15_1789528445692_zy7h,BOM-BLR,EaseMyTrip,6E,6E-5323,2026-10-01,T+15,4141,909,5050,2026-09-16T02:53:57.395Z,FALSE,"",01:10,TRUE
fare_BOM-BLR_AI_2026-10-01_T+15_1789528445692_zj93,BOM-BLR,EaseMyTrip,AI,AI-2812,2026-10-01,T+15,4314,947,5261,2026-09-16T02:53:57.395Z,FALSE,"",02:05,TRUE
fare_BOM-BLR_AI_2026-10-01_T+15_1789528445692_l5tv,BOM-BLR,EaseMyTrip,AI,AI-2845,2026-10-01,T+15,4354,956,5310,2026-09-16T02:53:57.395Z,FALSE,"",05:30,TRUE
fare_BOM-BLR_6E_2026-10-01_T+15_1789528445692_ndj2,BOM-BLR,EaseMyTrip,6E,6E-6029,2026-10-01,T+15,4262,936,5198,2026-09-16T02:53:57.395Z,FALSE,"",12:05,TRUE
fare_BOM-BLR_6E_2026-10-01_T+15_1789528445692_2isq,BOM-BLR,EaseMyTrip,6E,6E-2085,2026-10-01,T+15,4585,1007,5592,2026-09-16T02:53:57.395Z,FALSE,"",07:10,TRUE
fare_BOM-BLR_AI_2026-10-01_T+15_1789528445692_tfqj,BOM-BLR,EaseMyTrip,AI,AI-2857,2026-10-01,T+15,5686,1248,6934,2026-09-16T02:53:57.395Z,FALSE,"",23:30,TRUE
fare_BOM-BLR_6E_2026-10-01_T+15_1789528445692_3hkm,BOM-BLR,EaseMyTrip,6E,6E-5294,2026-10-01,T+15,5583,1225,6808,2026-09-16T02:53:57.395Z,FALSE,"",04:30,TRUE
fare_BOM-BLR_6E_2026-10-01_T+15_1789528445692_g1y9,BOM-BLR,EaseMyTrip,6E,6E-5296,2026-10-01,T+15,5791,1271,7062,2026-09-16T02:53:57.395Z,FALSE,"",06:15,TRUE
fare_BOM-BLR_6E_2026-10-01_T+15_1789528445692_wz9j,BOM-BLR,EaseMyTrip,6E,6E-5184,2026-10-01,T+15,5791,1271,7062,2026-09-16T02:53:57.395Z,FALSE,"",12:30,TRUE
fare_BOM-BLR_AI_2026-10-01_T+15_1789528445692_bso2,BOM-BLR,EaseMyTrip,AI,AI-2632,2026-10-01,T+15,6004,1318,7322,2026-09-16T02:53:57.395Z,FALSE,"",12:00,TRUE
fare_BOM-BLR_AI_2026-10-01_T+15_1789528445692_rjaa,BOM-BLR,EaseMyTrip,AI,AI-2603,2026-10-01,T+15,6062,1331,7393,2026-09-16T02:53:57.395Z,FALSE,"",06:35,TRUE
fare_BOM-BLR_QP_2026-10-01_T+15_1789528445692_xe95,BOM-BLR,EaseMyTrip,QP,QP-2001,2026-10-01,T+15,5924,1300,7224,2026-09-16T02:53:57.395Z,FALSE,"",18:45,TRUE
fare_BOM-BLR_6E_2026-10-01_T+15_1789528445692_z51c,BOM-BLR,EaseMyTrip,6E,6E-6361,2026-10-01,T+15,5939,1304,7243,2026-09-16T02:53:57.395Z,FALSE,"",05:00,FALSE
fare_BOM-BLR_6E_2026-10-01_T+15_1789528445692_n0tz,BOM-BLR,EaseMyTrip,6E,6E-5241,2026-10-01,T+15,5939,1304,7243,2026-09-16T02:53:57.395Z,FALSE,"",16:40,FALSE
fare_BOM-BLR_AI_2026-10-01_T+15_1789528445692_lo9l,BOM-BLR,EaseMyTrip,AI,AI-2863,2026-10-01,T+15,6206,1362,7568,2026-09-16T02:53:57.395Z,FALSE,"",10:00,TRUE
fare_BOM-BLR_6E_2026-10-01_T+15_1789528445692_1kjz,BOM-BLR,EaseMyTrip,6E,6E-5386,2026-10-01,T+15,6047,1327,7374,2026-09-16T02:53:57.395Z,FALSE,"",15:10,FALSE
fare_BOM-BLR_6E_2026-10-01_T+15_1789528445692_jyg4,BOM-BLR,EaseMyTrip,6E,6E-6057,2026-10-01,T+15,6047,1327,7374,2026-09-16T02:53:57.395Z,FALSE,"",09:15,FALSE
fare_BOM-BLR_6E_2026-10-01_T+15_1789528445692_1r4o,BOM-BLR,EaseMyTrip,6E,6E-5178,2026-10-01,T+15,6047,1327,7374,2026-09-16T02:53:57.395Z,FALSE,"",11:45,FALSE
fare_BOM-BLR_6E_2026-10-01_T+15_1789528445692_lfj3,BOM-BLR,EaseMyTrip,6E,6E-5382,2026-10-01,T+15,6049,1328,7377,2026-09-16T02:53:57.395Z,FALSE,"",14:30,TRUE
fare_BOM-BLR_6E_2026-10-01_T+15_1789528445692_chji,BOM-BLR,EaseMyTrip,6E,6E-5217,2026-10-01,T+15,6049,1328,7377,2026-09-16T02:53:57.395Z,FALSE,"",11:00,TRUE
fare_BOM-BLR_6E_2026-10-01_T+15_1789528445692_8atj,BOM-BLR,EaseMyTrip,6E,6E-5092,2026-10-01,T+15,6049,1328,7377,2026-09-16T02:53:57.395Z,FALSE,"",09:50,TRUE
fare_BOM-BLR_6E_2026-10-01_T+15_1789528445692_koiz,BOM-BLR,EaseMyTrip,6E,6E-2282,2026-10-01,T+15,6096,1338,7434,2026-09-16T02:53:57.395Z,FALSE,"",20:00,FALSE
fare_BOM-BLR_AI_2026-10-01_T+15_1789528445692_qa7b,BOM-BLR,EaseMyTrip,AI,AI-2853,2026-10-01,T+15,6262,1375,7637,2026-09-16T02:53:57.395Z,FALSE,"",15:25,TRUE
fare_BOM-BLR_QP_2026-10-01_T+15_1789528445692_5hek,BOM-BLR,EaseMyTrip,QP,QP-1153,2026-10-01,T+15,6146,1349,7495,2026-09-16T02:53:57.395Z,FALSE,"",09:30,TRUE
fare_BOM-BLR_6E_2026-10-01_T+15_1789528445692_uj7w,BOM-BLR,EaseMyTrip,6E,6E-918,2026-10-01,T+15,6219,1365,7584,2026-09-16T02:53:57.395Z,FALSE,"",04:05,FALSE
fare_BOM-BLR_6E_2026-10-01_T+15_1789528445692_00d4,BOM-BLR,EaseMyTrip,6E,6E-430,2026-10-01,T+15,6219,1365,7584,2026-09-16T02:53:57.395Z,FALSE,"",04:05,FALSE
fare_BOM-BLR_6E_2026-10-01_T+15_1789528445692_q7ca,BOM-BLR,EaseMyTrip,6E,6E-5196,2026-10-01,T+15,6219,1365,7584,2026-09-16T02:53:57.395Z,FALSE,"",15:25,FALSE
fare_BOM-BLR_6E_2026-10-01_T+15_1789528445692_azec,BOM-BLR,EaseMyTrip,6E,6E-5337,2026-10-01,T+15,6219,1365,7584,2026-09-16T02:53:57.395Z,FALSE,"",13:45,FALSE
fare_BOM-BLR_6E_2026-10-01_T+15_1789528445692_9be7,BOM-BLR,EaseMyTrip,6E,6E-747,2026-10-01,T+15,6219,1365,7584,2026-09-16T02:53:57.395Z,FALSE,"",01:30,FALSE
fare_BOM-BLR_6E_2026-10-01_T+15_1789528445692_kskx,BOM-BLR,EaseMyTrip,6E,6E-133,2026-10-01,T+15,6219,1365,7584,2026-09-16T02:53:57.395Z,FALSE,"",01:30,FALSE
fare_BOM-BLR_6E_2026-10-01_T+15_1789528445692_62an,BOM-BLR,EaseMyTrip,6E,6E-5107,2026-10-01,T+15,6219,1365,7584,2026-09-16T02:53:57.395Z,FALSE,"",20:00,FALSE
fare_BOM-BLR_6E_2026-10-01_T+15_1789528445692_8wtu,BOM-BLR,EaseMyTrip,6E,6E-6701,2026-10-01,T+15,6219,1365,7584,2026-09-16T02:53:57.395Z,FALSE,"",05:35,FALSE
fare_BOM-BLR_6E_2026-10-01_T+15_1789528445692_zote,BOM-BLR,EaseMyTrip,6E,6E-5048,2026-10-01,T+15,6219,1365,7584,2026-09-16T02:53:57.395Z,FALSE,"",17:25,FALSE
fare_BOM-BLR_6E_2026-10-01_T+15_1789528445692_shw0,BOM-BLR,EaseMyTrip,6E,6E-738,2026-10-01,T+15,6219,1365,7584,2026-09-16T02:53:57.395Z,FALSE,"",17:10,FALSE
fare_BOM-BLR_6E_2026-10-01_T+15_1789528445692_obc4,BOM-BLR,EaseMyTrip,6E,6E-232,2026-10-01,T+15,6219,1365,7584,2026-09-16T02:53:57.395Z,FALSE,"",17:10,FALSE
fare_BOM-BLR_6E_2026-10-01_T+15_1789528445692_r36b,BOM-BLR,EaseMyTrip,6E,6E-6349,2026-10-01,T+15,6219,1365,7584,2026-09-16T02:53:57.395Z,FALSE,"",11:40,FALSE
fare_BOM-BLR_6E_2026-10-01_T+15_1789528445692_rzbs,BOM-BLR,EaseMyTrip,6E,6E-5188,2026-10-01,T+15,6219,1365,7584,2026-09-16T02:53:57.395Z,FALSE,"",06:15,FALSE
fare_BOM-BLR_6E_2026-10-01_T+15_1789528445692_vhm7,BOM-BLR,EaseMyTrip,6E,6E-5313,2026-10-01,T+15,6219,1365,7584,2026-09-16T02:53:57.395Z,FALSE,"",09:50,FALSE
fare_BOM-BLR_6E_2026-10-01_T+15_1789528445692_pio2,BOM-BLR,EaseMyTrip,6E,6E-418,2026-10-01,T+15,6219,1365,7584,2026-09-16T02:53:57.395Z,FALSE,"",04:05,FALSE
fare_BOM-BLR_6E_2026-10-01_T+15_1789528445692_ja0t,BOM-BLR,EaseMyTrip,6E,6E-148,2026-10-01,T+15,6219,1365,7584,2026-09-16T02:53:57.395Z,FALSE,"",04:05,FALSE
fare_BOM-BLR_6E_2026-10-01_T+15_1789528445692_06sy,BOM-BLR,EaseMyTrip,6E,6E-2284,2026-10-01,T+15,6219,1365,7584,2026-09-16T02:53:57.395Z,FALSE,"",12:05,FALSE
fare_BOM-BLR_6E_2026-10-01_T+15_1789528445692_gzfa,BOM-BLR,EaseMyTrip,6E,6E-5109,2026-10-01,T+15,6219,1365,7584,2026-09-16T02:53:57.395Z,FALSE,"",09:35,FALSE
fare_BOM-BLR_6E_2026-10-01_T+15_1789528445692_blfe,BOM-BLR,EaseMyTrip,6E,6E-2237,2026-10-01,T+15,6219,1365,7584,2026-09-16T02:53:57.395Z,FALSE,"",18:40,FALSE
fare_BOM-BLR_6E_2026-10-01_T+15_1789528445692_a3b2,BOM-BLR,EaseMyTrip,6E,6E-5221,2026-10-01,T+15,6307,1385,7692,2026-09-16T02:53:57.395Z,FALSE,"",17:00,TRUE
fare_BOM-BLR_6E_2026-10-01_T+15_1789528445692_adsv,BOM-BLR,EaseMyTrip,6E,6E-5388,2026-10-01,T+15,6307,1385,7692,2026-09-16T02:53:57.395Z,FALSE,"",22:20,TRUE
fare_BOM-BLR_6E_2026-10-01_T+15_1789528445692_8aa0,BOM-BLR,EaseMyTrip,6E,6E-5193,2026-10-01,T+15,6307,1385,7692,2026-09-16T02:53:57.395Z,FALSE,"",07:45,TRUE
fare_BOM-BLR_6E_2026-10-01_T+15_1789528445692_qrcv,BOM-BLR,EaseMyTrip,6E,6E-5181,2026-10-01,T+15,6326,1389,7715,2026-09-16T02:53:57.395Z,FALSE,"",10:25,FALSE
fare_BOM-BLR_6E_2026-10-01_T+15_1789528445692_6sg1,BOM-BLR,EaseMyTrip,6E,6E-366,2026-10-01,T+15,6384,1401,7785,2026-09-16T02:53:57.395Z,FALSE,"",11:20,FALSE
fare_BOM-BLR_6E_2026-10-01_T+15_1789528445692_p6gn,BOM-BLR,EaseMyTrip,6E,6E-373,2026-10-01,T+15,6384,1401,7785,2026-09-16T02:53:57.395Z,FALSE,"",11:20,FALSE
fare_BOM-BLR_6E_2026-10-01_T+15_1789528445692_c791,BOM-BLR,EaseMyTrip,6E,6E-7037,2026-10-01,T+15,6533,1434,7967,2026-09-16T02:53:57.395Z,FALSE,"",11:05,FALSE
fare_BOM-BLR_6E_2026-10-01_T+15_1789528445692_n5b5,BOM-BLR,EaseMyTrip,6E,6E-7077,2026-10-01,T+15,6533,1434,7967,2026-09-16T02:53:57.395Z,FALSE,"",13:15,FALSE
fare_BOM-BLR_AI_2026-10-01_T+15_1789528445692_0iza,BOM-BLR,EaseMyTrip,AI,AI-2849,2026-10-01,T+15,6743,1480,8223,2026-09-16T02:53:57.395Z,FALSE,"",17:30,TRUE
fare_BOM-BLR_6E_2026-10-01_T+15_1789528445692_shzo,BOM-BLR,EaseMyTrip,6E,6E-5123,2026-10-01,T+15,6599,1448,8047,2026-09-16T02:53:57.395Z,FALSE,"",14:40,FALSE
fare_BOM-BLR_6E_2026-10-01_T+15_1789528445692_x2jj,BOM-BLR,EaseMyTrip,6E,6E-5047,2026-10-01,T+15,6652,1460,8112,2026-09-16T02:53:57.395Z,FALSE,"",18:30,TRUE
fare_BOM-BLR_6E_2026-10-01_T+15_1789528445692_8gq0,BOM-BLR,EaseMyTrip,6E,6E-2016,2026-10-01,T+15,6663,1463,8126,2026-09-16T02:53:57.395Z,FALSE,"",13:35,FALSE
fare_BOM-BLR_6E_2026-10-01_T+15_1789528445692_jdtn,BOM-BLR,EaseMyTrip,6E,6E-891,2026-10-01,T+15,6663,1463,8126,2026-09-16T02:53:57.395Z,FALSE,"",04:00,FALSE
fare_BOM-BLR_6E_2026-10-01_T+15_1789528445692_arjh,BOM-BLR,EaseMyTrip,6E,6E-677,2026-10-01,T+15,6663,1463,8126,2026-09-16T02:53:57.395Z,FALSE,"",04:00,FALSE
fare_BOM-BLR_QP_2026-10-01_T+15_1789528445692_z47n,BOM-BLR,EaseMyTrip,QP,QP-1518,2026-10-01,T+15,6667,1463,8130,2026-09-16T02:53:57.395Z,FALSE,"",21:45,TRUE
fare_BOM-BLR_AI_2026-10-01_T+15_1789528445692_2co7,BOM-BLR,EaseMyTrip,AI,AI-2851,2026-10-01,T+15,6854,1504,8358,2026-09-16T02:53:57.395Z,FALSE,"",07:55,TRUE
fare_BOM-BLR_AI_2026-10-01_T+15_1789528445692_bepe,BOM-BLR,EaseMyTrip,AI,AI-2865,2026-10-01,T+15,6865,1507,8372,2026-09-16T02:53:57.395Z,FALSE,"",19:45,TRUE
fare_BOM-BLR_6E_2026-10-01_T+15_1789528445692_egt5,BOM-BLR,EaseMyTrip,6E,6E-6674,2026-10-01,T+15,6977,1531,8508,2026-09-16T02:53:57.395Z,FALSE,"",09:05,FALSE
fare_BOM-BLR_AI_2026-10-01_T+15_1789528445692_omn8,BOM-BLR,EaseMyTrip,AI,AI-2641,2026-10-01,T+15,7218,1585,8803,2026-09-16T02:53:57.395Z,FALSE,"",18:30,TRUE
fare_BOM-BLR_IX_2026-10-01_T+15_1789528445692_1c6b,BOM-BLR,EaseMyTrip,IX,IX-1797,2026-10-01,T+15,7378,1620,8998,2026-09-16T02:53:57.395Z,FALSE,"",05:05,FALSE
fare_BOM-BLR_6E_2026-10-01_T+15_1789528445692_9t1q,BOM-BLR,EaseMyTrip,6E,6E-5071,2026-10-01,T+15,7427,1630,9057,2026-09-16T02:53:57.395Z,FALSE,"",15:35,TRUE
fare_BOM-BLR_QP_2026-10-01_T+15_1789528445692_py9c,BOM-BLR,EaseMyTrip,QP,QP-1133,2026-10-01,T+15,7541,1655,9196,2026-09-16T02:53:57.395Z,FALSE,"",20:05,TRUE
fare_BOM-BLR_6E_2026-10-01_T+15_1789528445692_vruk,BOM-BLR,EaseMyTrip,6E,6E-6188,2026-10-01,T+15,7857,1725,9582,2026-09-16T02:53:57.395Z,FALSE,"",21:30,TRUE
fare_BOM-BLR_6E_2026-10-01_T+15_1789528445692_k3wp,BOM-BLR,EaseMyTrip,6E,6E-5032,2026-10-01,T+15,7857,1725,9582,2026-09-16T02:53:57.395Z,FALSE,"",19:50,TRUE
fare_BOM-BLR_AI_2026-10-01_T+15_1789528445692_bab5,BOM-BLR,EaseMyTrip,AI,AI-2869,2026-10-01,T+15,8204,1801,10005,2026-09-16T02:53:57.395Z,FALSE,"",21:25,FALSE
fare_BOM-BLR_6E_2026-10-01_T+15_1789528445692_dh76,BOM-BLR,EaseMyTrip,6E,6E-556,2026-10-01,T+15,8219,1804,10023,2026-09-16T02:53:57.395Z,FALSE,"",10:40,FALSE
fare_BOM-BLR_6E_2026-10-01_T+15_1789528445692_c26k,BOM-BLR,EaseMyTrip,6E,6E-560,2026-10-01,T+15,8219,1804,10023,2026-09-16T02:53:57.395Z,FALSE,"",10:40,FALSE
fare_BOM-BLR_6E_2026-10-01_T+15_1789528445692_n89s,BOM-BLR,EaseMyTrip,6E,6E-780,2026-10-01,T+15,8219,1804,10023,2026-09-16T02:53:57.395Z,FALSE,"",10:40,FALSE
fare_BOM-BLR_6E_2026-10-01_T+15_1789528445692_v6b4,BOM-BLR,EaseMyTrip,6E,6E-779,2026-10-01,T+15,8219,1804,10023,2026-09-16T02:53:57.395Z,FALSE,"",10:40,FALSE
fare_BOM-BLR_6E_2026-10-01_T+15_1789528445692_92df,BOM-BLR,EaseMyTrip,6E,6E-5126,2026-10-01,T+15,8256,1812,10068,2026-09-16T02:53:57.395Z,FALSE,"",18:15,FALSE
fare_BOM-BLR_6E_2026-10-01_T+15_1789528445692_ftu4,BOM-BLR,EaseMyTrip,6E,6E-5082,2026-10-01,T+15,8330,1828,10158,2026-09-16T02:53:57.395Z,FALSE,"",18:05,FALSE
fare_BOM-BLR_AI_2026-10-01_T+15_1789528445692_5jrd,BOM-BLR,EaseMyTrip,AI,AI-2780,2026-10-01,T+15,8747,1920,10667,2026-09-16T02:53:57.395Z,FALSE,"",14:00,FALSE
fare_BOM-BLR_AI_2026-10-01_T+15_1789528445692_ms5n,BOM-BLR,EaseMyTrip,AI,AI-2739,2026-10-01,T+15,8889,1951,10840,2026-09-16T02:53:57.395Z,FALSE,"",09:00,FALSE
fare_BOM-BLR_AI_2026-10-01_T+15_1789528445692_tpqi,BOM-BLR,EaseMyTrip,AI,AI-2531,2026-10-01,T+15,8936,1961,10897,2026-09-16T02:53:57.395Z,FALSE,"",15:05,FALSE
fare_BOM-BLR_AI_2026-10-01_T+15_1789528445692_d4wo,BOM-BLR,EaseMyTrip,AI,AI-2821,2026-10-01,T+15,8936,1962,10898,2026-09-16T02:53:57.395Z,FALSE,"",06:40,FALSE
fare_BOM-BLR_IX_2026-10-01_T+15_1789528445692_c8ot,BOM-BLR,EaseMyTrip,IX,IX-1810,2026-10-01,T+15,9369,2057,11426,2026-09-16T02:53:57.395Z,FALSE,"",13:40,FALSE
fare_BOM-BLR_AI_2026-10-01_T+15_1789528445692_cox7,BOM-BLR,EaseMyTrip,AI,AI-2875,2026-10-01,T+15,9156,2010,11166,2026-09-16T02:53:57.395Z,FALSE,"",19:35,FALSE
fare_BOM-BLR_AI_2026-10-01_T+15_1789528445692_32xu,BOM-BLR,EaseMyTrip,AI,AI-2401,2026-10-01,T+15,9202,2020,11222,2026-09-16T02:53:57.395Z,FALSE,"",20:45,TRUE
fare_BOM-BLR_AI_2026-10-01_T+15_1789528445692_f8yt,BOM-BLR,EaseMyTrip,AI,AI-2619,2026-10-01,T+15,9262,2033,11295,2026-09-16T02:53:57.395Z,FALSE,"",18:00,FALSE
fare_BOM-BLR_IX_2026-10-01_T+15_1789528445692_757j,BOM-BLR,EaseMyTrip,IX,IX-1801,2026-10-01,T+15,9838,2159,11997,2026-09-16T02:53:57.395Z,FALSE,"",20:20,FALSE
fare_BOM-BLR_IX_2026-10-01_T+15_1789528445692_x9cn,BOM-BLR,EaseMyTrip,IX,IX-1238,2026-10-01,T+15,9724,2135,11859,2026-09-16T02:53:57.395Z,FALSE,"",12:25,FALSE
fare_BOM-BLR_6E_2026-10-01_T+15_1789528445692_fn3g,BOM-BLR,EaseMyTrip,6E,6E-510,2026-10-01,T+15,9576,2102,11678,2026-09-16T02:53:57.395Z,FALSE,"",15:45,FALSE
fare_BOM-BLR_AI_2026-10-01_T+15_1789528445692_qmkc,BOM-BLR,EaseMyTrip,AI,AI-435,2026-10-01,T+15,10137,2225,12362,2026-09-16T02:53:57.395Z,FALSE,"",18:10,FALSE
fare_BOM-BLR_AI_2026-10-01_T+15_1789528445692_xhh0,BOM-BLR,EaseMyTrip,AI,AI-2827,2026-10-01,T+15,10283,2257,12540,2026-09-16T02:53:57.395Z,FALSE,"",20:30,FALSE
fare_BOM-BLR_6E_2026-10-01_T+15_1789528445692_i89s,BOM-BLR,EaseMyTrip,6E,6E-5228,2026-10-01,T+15,10156,2229,12385,2026-09-16T02:53:57.395Z,FALSE,"",16:45,FALSE
fare_BOM-BLR_6E_2026-10-01_T+15_1789528445692_gxtm,BOM-BLR,EaseMyTrip,6E,6E-877,2026-10-01,T+15,10328,2267,12595,2026-09-16T02:53:57.395Z,FALSE,"",12:35,FALSE
fare_BOM-BLR_6E_2026-10-01_T+15_1789528445692_9sz9,BOM-BLR,EaseMyTrip,6E,6E-906,2026-10-01,T+15,10328,2267,12595,2026-09-16T02:53:57.395Z,FALSE,"",12:35,FALSE
fare_BOM-BLR_6E_2026-10-01_T+15_1789528445692_kebz,BOM-BLR,EaseMyTrip,6E,6E-5318,2026-10-01,T+15,10977,2409,13386,2026-09-16T02:53:57.395Z,FALSE,"",10:15,FALSE
fare_BOM-BLR_AI_2026-10-01_T+15_1789528445692_8b8j,BOM-BLR,EaseMyTrip,AI,AI-2787,2026-10-01,T+15,12359,2713,15072,2026-09-16T02:53:57.395Z,FALSE,"",06:35,FALSE
fare_BOM-BLR_IX_2026-10-01_T+15_1789528445692_qz8o,BOM-BLR,EaseMyTrip,IX,IX-1242,2026-10-01,T+15,12837,2818,15655,2026-09-16T02:53:57.395Z,FALSE,"",16:30,FALSE
fare_BOM-BLR_AI_2026-10-01_T+15_1789528445692_72av,BOM-BLR,EaseMyTrip,AI,AI-2952,2026-10-01,T+15,13674,3002,16676,2026-09-16T02:53:57.395Z,TRUE,"High outlier: ₹16676 > upper fence ₹16574 (Q3: ₹11180, IQR: ₹3596)",11:25,FALSE
fare_BOM-BLR_AI_2026-10-01_T+15_1789528445692_zph5,BOM-BLR,EaseMyTrip,AI,AI-2677,2026-10-01,T+15,13955,3063,17018,2026-09-16T02:53:57.395Z,TRUE,"High outlier: ₹17018 > upper fence ₹16574 (Q3: ₹11180, IQR: ₹3596)",13:00,FALSE
fare_BOM-BLR_AI_2026-10-01_T+15_1789528445692_035e,BOM-BLR,EaseMyTrip,AI,AI-2419,2026-10-01,T+15,13955,3063,17018,2026-09-16T02:53:57.395Z,TRUE,"High outlier: ₹17018 > upper fence ₹16574 (Q3: ₹11180, IQR: ₹3596)",12:00,FALSE
fare_BOM-BLR_AI_2026-10-01_T+15_1789528445692_swl8,BOM-BLR,EaseMyTrip,AI,AI-2988,2026-10-01,T+15,14655,3217,17872,2026-09-16T02:53:57.395Z,TRUE,"High outlier: ₹17872 > upper fence ₹16574 (Q3: ₹11180, IQR: ₹3596)",20:30,FALSE
fare_BOM-BLR_AI_2026-10-01_T+15_1789528445692_eb00,BOM-BLR,EaseMyTrip,AI,AI-2855,2026-10-01,T+15,14905,3272,18177,2026-09-16T02:53:57.395Z,TRUE,"High outlier: ₹18177 > upper fence ₹16574 (Q3: ₹11180, IQR: ₹3596)",10:00,FALSE
fare_BOM-BLR_AI_2026-10-01_T+15_1789528445692_ot9p,BOM-BLR,EaseMyTrip,AI,AI-2944,2026-10-01,T+15,15290,3356,18646,2026-09-16T02:53:57.395Z,TRUE,"High outlier: ₹18646 > upper fence ₹16574 (Q3: ₹11180, IQR: ₹3596)",14:35,FALSE
fare_BOM-BLR_AI_2026-10-01_T+15_1789528445692_su26,BOM-BLR,EaseMyTrip,AI,AI-2432,2026-10-01,T+15,15340,3367,18707,2026-09-16T02:53:57.395Z,TRUE,"High outlier: ₹18707 > upper fence ₹16574 (Q3: ₹11180, IQR: ₹3596)",09:30,FALSE
fare_BOM-BLR_AI_2026-10-01_T+15_1789528445692_872y,BOM-BLR,EaseMyTrip,AI,AI-816,2026-10-01,T+15,15669,3439,19108,2026-09-16T02:53:57.395Z,TRUE,"High outlier: ₹19108 > upper fence ₹16574 (Q3: ₹11180, IQR: ₹3596)",21:00,FALSE
fare_BOM-BLR_AI_2026-10-01_T+15_1789528445692_6h8o,BOM-BLR,EaseMyTrip,AI,AI-2841,2026-10-01,T+15,15869,3483,19352,2026-09-16T02:53:57.395Z,TRUE,"High outlier: ₹19352 > upper fence ₹16574 (Q3: ₹11180, IQR: ₹3596)",11:20,FALSE
fare_BOM-BLR_AI_2026-10-01_T+15_1789528445692_of56,BOM-BLR,EaseMyTrip,AI,AI-2424,2026-10-01,T+15,16741,3675,20416,2026-09-16T02:53:57.395Z,TRUE,"High outlier: ₹20416 > upper fence ₹16574 (Q3: ₹11180, IQR: ₹3596)",07:00,FALSE
fare_BOM-BLR_AI_2026-10-01_T+15_1789528445692_ci7e,BOM-BLR,EaseMyTrip,AI,AI-2471,2026-10-01,T+15,18302,4018,22320,2026-09-16T02:53:57.395Z,TRUE,"High outlier: ₹22320 > upper fence ₹16574 (Q3: ₹11180, IQR: ₹3596)",11:30,FALSE
fare_BOM-BLR_AI_2026-10-01_T+15_1789528445692_0x7u,BOM-BLR,EaseMyTrip,AI,AI-2663,2026-10-01,T+15,21372,4692,26064,2026-09-16T02:53:57.395Z,TRUE,"High outlier: ₹26064 > upper fence ₹16574 (Q3: ₹11180, IQR: ₹3596)",10:25,FALSE
fare_BOM-BLR_AI_2026-10-01_T+15_1789528445692_uaje,BOM-BLR,EaseMyTrip,AI,AI-2741,2026-10-01,T+15,22621,4965,27586,2026-09-16T02:53:57.395Z,TRUE,"High outlier: ₹27586 > upper fence ₹16574 (Q3: ₹11180, IQR: ₹3596)",07:40,FALSE
fare_BOM-BLR_IX_2026-10-16_T+30_1789528445693_tkye,BOM-BLR,EaseMyTrip,IX,IX-1347,2026-10-16,T+30,3972,872,4844,2026-09-16T02:54:03.056Z,TRUE,"Low outlier: ₹4844 < lower fence ₹5769 (Q1: ₹7243, IQR: ₹983)",06:20,TRUE
fare_BOM-BLR_IX_2026-10-16_T+30_1789528445693_wkdh,BOM-BLR,EaseMyTrip,IX,IX-5938,2026-10-16,T+30,4140,909,5049,2026-09-16T02:54:03.056Z,TRUE,"Low outlier: ₹5049 < lower fence ₹5769 (Q1: ₹7243, IQR: ₹983)",04:30,TRUE
fare_BOM-BLR_6E_2026-10-16_T+30_1789528445693_ttod,BOM-BLR,EaseMyTrip,6E,6E-2085,2026-10-16,T+30,3972,872,4844,2026-09-16T02:54:03.056Z,TRUE,"Low outlier: ₹4844 < lower fence ₹5769 (Q1: ₹7243, IQR: ₹983)",07:10,TRUE
fare_BOM-BLR_6E_2026-10-16_T+30_1789528445693_uzvv,BOM-BLR,EaseMyTrip,6E,6E-294,2026-10-16,T+30,3972,872,4844,2026-09-16T02:54:03.056Z,TRUE,"Low outlier: ₹4844 < lower fence ₹5769 (Q1: ₹7243, IQR: ₹983)",23:25,TRUE
fare_BOM-BLR_6E_2026-10-16_T+30_1789528445693_9qdu,BOM-BLR,EaseMyTrip,6E,6E-938,2026-10-16,T+30,3972,872,4844,2026-09-16T02:54:03.056Z,TRUE,"Low outlier: ₹4844 < lower fence ₹5769 (Q1: ₹7243, IQR: ₹983)",23:25,TRUE
fare_BOM-BLR_IX_2026-10-16_T+30_1789528445693_rinp,BOM-BLR,EaseMyTrip,IX,IX-1242,2026-10-16,T+30,4215,925,5140,2026-09-16T02:54:03.056Z,TRUE,"Low outlier: ₹5140 < lower fence ₹5769 (Q1: ₹7243, IQR: ₹983)",16:30,FALSE
fare_BOM-BLR_QP_2026-10-16_T+30_1789528445693_lvnb,BOM-BLR,EaseMyTrip,QP,QP-2005,2026-10-16,T+30,4125,905,5030,2026-09-16T02:54:03.056Z,TRUE,"Low outlier: ₹5030 < lower fence ₹5769 (Q1: ₹7243, IQR: ₹983)",06:00,TRUE
fare_BOM-BLR_QP_2026-10-16_T+30_1789528445693_kbeh,BOM-BLR,EaseMyTrip,QP,QP-2007,2026-10-16,T+30,4125,905,5030,2026-09-16T02:54:03.056Z,TRUE,"Low outlier: ₹5030 < lower fence ₹5769 (Q1: ₹7243, IQR: ₹983)",17:30,TRUE
fare_BOM-BLR_6E_2026-10-16_T+30_1789528445693_yek6,BOM-BLR,EaseMyTrip,6E,6E-5323,2026-10-16,T+30,4141,909,5050,2026-09-16T02:54:03.056Z,TRUE,"Low outlier: ₹5050 < lower fence ₹5769 (Q1: ₹7243, IQR: ₹983)",01:10,TRUE
fare_BOM-BLR_6E_2026-10-16_T+30_1789528445693_eeux,BOM-BLR,EaseMyTrip,6E,6E-5294,2026-10-16,T+30,4141,909,5050,2026-09-16T02:54:03.056Z,TRUE,"Low outlier: ₹5050 < lower fence ₹5769 (Q1: ₹7243, IQR: ₹983)",04:30,TRUE
fare_BOM-BLR_AI_2026-10-16_T+30_1789528445693_wha1,BOM-BLR,EaseMyTrip,AI,AI-2812,2026-10-16,T+30,4354,956,5310,2026-09-16T02:54:03.056Z,TRUE,"Low outlier: ₹5310 < lower fence ₹5769 (Q1: ₹7243, IQR: ₹983)",02:05,TRUE
fare_BOM-BLR_QP_2026-10-16_T+30_1789528445693_051b,BOM-BLR,EaseMyTrip,QP,QP-1516,2026-10-16,T+30,4304,945,5249,2026-09-16T02:54:03.056Z,TRUE,"Low outlier: ₹5249 < lower fence ₹5769 (Q1: ₹7243, IQR: ₹983)",00:40,TRUE
fare_BOM-BLR_QP_2026-10-16_T+30_1789528445693_5n1j,BOM-BLR,EaseMyTrip,QP,QP-2001,2026-10-16,T+30,4422,971,5393,2026-09-16T02:54:03.056Z,TRUE,"Low outlier: ₹5393 < lower fence ₹5769 (Q1: ₹7243, IQR: ₹983)",18:45,TRUE
fare_BOM-BLR_AI_2026-10-16_T+30_1789528445693_9xgd,BOM-BLR,EaseMyTrip,AI,AI-2857,2026-10-16,T+30,4666,1024,5690,2026-09-16T02:54:03.056Z,TRUE,"Low outlier: ₹5690 < lower fence ₹5769 (Q1: ₹7243, IQR: ₹983)",23:30,TRUE
fare_BOM-BLR_IX_2026-10-16_T+30_1789528445693_ltba,BOM-BLR,EaseMyTrip,IX,IX-1626,2026-10-16,T+30,5583,1225,6808,2026-09-16T02:54:03.056Z,FALSE,"",12:00,TRUE
fare_BOM-BLR_QP_2026-10-16_T+30_1789528445693_kk42,BOM-BLR,EaseMyTrip,QP,QP-1518,2026-10-16,T+30,5448,1196,6644,2026-09-16T02:54:03.056Z,FALSE,"",21:45,TRUE
fare_BOM-BLR_IX_2026-10-16_T+30_1789528445693_t122,BOM-BLR,EaseMyTrip,IX,IX-1238,2026-10-16,T+30,5904,1296,7200,2026-09-16T02:54:03.056Z,FALSE,"",12:25,FALSE
fare_BOM-BLR_6E_2026-10-16_T+30_1789528445693_0kzh,BOM-BLR,EaseMyTrip,6E,6E-5296,2026-10-16,T+30,5791,1271,7062,2026-09-16T02:54:03.056Z,FALSE,"",06:15,TRUE
fare_BOM-BLR_AI_2026-10-16_T+30_1789528445693_hl9v,BOM-BLR,EaseMyTrip,AI,AI-2603,2026-10-16,T+30,6020,1322,7342,2026-09-16T02:54:03.056Z,FALSE,"",06:35,TRUE
fare_BOM-BLR_QP_2026-10-16_T+30_1789528445693_yjyc,BOM-BLR,EaseMyTrip,QP,QP-1133,2026-10-16,T+30,5903,1296,7199,2026-09-16T02:54:03.056Z,FALSE,"",20:05,TRUE
fare_BOM-BLR_6E_2026-10-16_T+30_1789528445693_70mm,BOM-BLR,EaseMyTrip,6E,6E-6361,2026-10-16,T+30,5939,1304,7243,2026-09-16T02:54:03.056Z,FALSE,"",05:00,FALSE
fare_BOM-BLR_6E_2026-10-16_T+30_1789528445693_7m7x,BOM-BLR,EaseMyTrip,6E,6E-5082,2026-10-16,T+30,5939,1304,7243,2026-09-16T02:54:03.056Z,FALSE,"",17:55,FALSE
fare_BOM-BLR_6E_2026-10-16_T+30_1789528445693_u3jk,BOM-BLR,EaseMyTrip,6E,6E-740,2026-10-16,T+30,5939,1304,7243,2026-09-16T02:54:03.056Z,FALSE,"",13:55,FALSE
fare_BOM-BLR_6E_2026-10-16_T+30_1789528445693_gq9a,BOM-BLR,EaseMyTrip,6E,6E-799,2026-10-16,T+30,5939,1304,7243,2026-09-16T02:54:03.056Z,FALSE,"",13:55,FALSE
fare_BOM-BLR_6E_2026-10-16_T+30_1789528445693_w1cx,BOM-BLR,EaseMyTrip,6E,6E-236,2026-10-16,T+30,5939,1304,7243,2026-09-16T02:54:03.056Z,FALSE,"",11:20,FALSE
fare_BOM-BLR_6E_2026-10-16_T+30_1789528445693_zfwr,BOM-BLR,EaseMyTrip,6E,6E-726,2026-10-16,T+30,5939,1304,7243,2026-09-16T02:54:03.056Z,FALSE,"",11:20,FALSE
fare_BOM-BLR_6E_2026-10-16_T+30_1789528445693_5gab,BOM-BLR,EaseMyTrip,6E,6E-5241,2026-10-16,T+30,5939,1304,7243,2026-09-16T02:54:03.056Z,FALSE,"",16:40,FALSE
fare_BOM-BLR_6E_2026-10-16_T+30_1789528445693_ge75,BOM-BLR,EaseMyTrip,6E,6E-560,2026-10-16,T+30,5939,1304,7243,2026-09-16T02:54:03.056Z,FALSE,"",11:20,FALSE
fare_BOM-BLR_6E_2026-10-16_T+30_1789528445693_z4c0,BOM-BLR,EaseMyTrip,6E,6E-940,2026-10-16,T+30,5939,1304,7243,2026-09-16T02:54:03.056Z,FALSE,"",11:20,FALSE
fare_BOM-BLR_6E_2026-10-16_T+30_1789528445693_zhx6,BOM-BLR,EaseMyTrip,6E,6E-5178,2026-10-16,T+30,6047,1327,7374,2026-09-16T02:54:03.056Z,FALSE,"",11:45,FALSE
fare_BOM-BLR_6E_2026-10-16_T+30_1789528445693_udrz,BOM-BLR,EaseMyTrip,6E,6E-6057,2026-10-16,T+30,6047,1327,7374,2026-09-16T02:54:03.056Z,FALSE,"",09:15,FALSE
fare_BOM-BLR_6E_2026-10-16_T+30_1789528445693_nh67,BOM-BLR,EaseMyTrip,6E,6E-5228,2026-10-16,T+30,6047,1327,7374,2026-09-16T02:54:03.056Z,FALSE,"",16:45,FALSE
fare_BOM-BLR_6E_2026-10-16_T+30_1789528445693_p99n,BOM-BLR,EaseMyTrip,6E,6E-5386,2026-10-16,T+30,6047,1327,7374,2026-09-16T02:54:03.056Z,FALSE,"",15:10,FALSE
fare_BOM-BLR_6E_2026-10-16_T+30_1789528445693_nvo2,BOM-BLR,EaseMyTrip,6E,6E-5179,2026-10-16,T+30,6047,1327,7374,2026-09-16T02:54:03.056Z,FALSE,"",02:45,FALSE
fare_BOM-BLR_6E_2026-10-16_T+30_1789528445693_83dj,BOM-BLR,EaseMyTrip,6E,6E-5318,2026-10-16,T+30,6047,1327,7374,2026-09-16T02:54:03.056Z,FALSE,"",10:15,FALSE
fare_BOM-BLR_6E_2026-10-16_T+30_1789528445693_jdb6,BOM-BLR,EaseMyTrip,6E,6E-5388,2026-10-16,T+30,6049,1328,7377,2026-09-16T02:54:03.056Z,FALSE,"",22:20,TRUE
fare_BOM-BLR_6E_2026-10-16_T+30_1789528445693_k48p,BOM-BLR,EaseMyTrip,6E,6E-7037,2026-10-16,T+30,6096,1338,7434,2026-09-16T02:54:03.056Z,FALSE,"",11:05,FALSE
fare_BOM-BLR_6E_2026-10-16_T+30_1789528445693_tetb,BOM-BLR,EaseMyTrip,6E,6E-2282,2026-10-16,T+30,6096,1338,7434,2026-09-16T02:54:03.056Z,FALSE,"",20:00,FALSE
fare_BOM-BLR_6E_2026-10-16_T+30_1789528445693_odxw,BOM-BLR,EaseMyTrip,6E,6E-7077,2026-10-16,T+30,6096,1338,7434,2026-09-16T02:54:03.056Z,FALSE,"",13:15,FALSE
fare_BOM-BLR_6E_2026-10-16_T+30_1789528445693_uly5,BOM-BLR,EaseMyTrip,6E,6E-7015,2026-10-16,T+30,6096,1338,7434,2026-09-16T02:54:03.056Z,FALSE,"",10:20,FALSE
fare_BOM-BLR_6E_2026-10-16_T+30_1789528445693_y8rs,BOM-BLR,EaseMyTrip,6E,6E-6802,2026-10-16,T+30,6154,1351,7505,2026-09-16T02:54:03.056Z,FALSE,"",16:55,FALSE
fare_BOM-BLR_6E_2026-10-16_T+30_1789528445693_pw35,BOM-BLR,EaseMyTrip,6E,6E-5284,2026-10-16,T+30,6203,1362,7565,2026-09-16T02:54:03.056Z,FALSE,"",06:55,FALSE
fare_BOM-BLR_6E_2026-10-16_T+30_1789528445693_qcm2,BOM-BLR,EaseMyTrip,6E,6E-908,2026-10-16,T+30,6203,1362,7565,2026-09-16T02:54:03.056Z,FALSE,"",10:40,FALSE
fare_BOM-BLR_6E_2026-10-16_T+30_1789528445693_5v2y,BOM-BLR,EaseMyTrip,6E,6E-723,2026-10-16,T+30,6203,1362,7565,2026-09-16T02:54:03.056Z,FALSE,"",10:40,FALSE
fare_BOM-BLR_6E_2026-10-16_T+30_1789528445693_shth,BOM-BLR,EaseMyTrip,6E,6E-775,2026-10-16,T+30,6203,1362,7565,2026-09-16T02:54:03.056Z,FALSE,"",10:40,FALSE
fare_BOM-BLR_6E_2026-10-16_T+30_1789528445693_lyuh,BOM-BLR,EaseMyTrip,6E,6E-991,2026-10-16,T+30,6203,1362,7565,2026-09-16T02:54:03.056Z,FALSE,"",10:40,FALSE
fare_BOM-BLR_6E_2026-10-16_T+30_1789528445693_2lly,BOM-BLR,EaseMyTrip,6E,6E-5126,2026-10-16,T+30,6219,1365,7584,2026-09-16T02:54:03.056Z,FALSE,"",18:15,FALSE
fare_BOM-BLR_6E_2026-10-16_T+30_1789528445693_mezm,BOM-BLR,EaseMyTrip,6E,6E-5196,2026-10-16,T+30,6219,1365,7584,2026-09-16T02:54:03.056Z,FALSE,"",15:25,FALSE
fare_BOM-BLR_6E_2026-10-16_T+30_1789528445693_yesx,BOM-BLR,EaseMyTrip,6E,6E-234,2026-10-16,T+30,6219,1365,7584,2026-09-16T02:54:03.056Z,FALSE,"",01:30,FALSE
fare_BOM-BLR_6E_2026-10-16_T+30_1789528445693_d6g1,BOM-BLR,EaseMyTrip,6E,6E-171,2026-10-16,T+30,6219,1365,7584,2026-09-16T02:54:03.056Z,FALSE,"",01:30,FALSE
fare_BOM-BLR_6E_2026-10-16_T+30_1789528445693_fvfx,BOM-BLR,EaseMyTrip,6E,6E-6701,2026-10-16,T+30,6219,1365,7584,2026-09-16T02:54:03.056Z,FALSE,"",05:35,FALSE
fare_BOM-BLR_6E_2026-10-16_T+30_1789528445693_lkyp,BOM-BLR,EaseMyTrip,6E,6E-5048,2026-10-16,T+30,6219,1365,7584,2026-09-16T02:54:03.056Z,FALSE,"",17:25,FALSE
fare_BOM-BLR_6E_2026-10-16_T+30_1789528445693_q5t1,BOM-BLR,EaseMyTrip,6E,6E-822,2026-10-16,T+30,6219,1365,7584,2026-09-16T02:54:03.056Z,FALSE,"",17:10,FALSE
fare_BOM-BLR_6E_2026-10-16_T+30_1789528445693_yawm,BOM-BLR,EaseMyTrip,6E,6E-140,2026-10-16,T+30,6219,1365,7584,2026-09-16T02:54:03.056Z,FALSE,"",17:10,FALSE
fare_BOM-BLR_6E_2026-10-16_T+30_1789528445693_0div,BOM-BLR,EaseMyTrip,6E,6E-6349,2026-10-16,T+30,6219,1365,7584,2026-09-16T02:54:03.056Z,FALSE,"",11:40,FALSE
fare_BOM-BLR_6E_2026-10-16_T+30_1789528445693_j84z,BOM-BLR,EaseMyTrip,6E,6E-5188,2026-10-16,T+30,6219,1365,7584,2026-09-16T02:54:03.056Z,FALSE,"",06:15,FALSE
fare_BOM-BLR_6E_2026-10-16_T+30_1789528445693_9lc4,BOM-BLR,EaseMyTrip,6E,6E-5313,2026-10-16,T+30,6219,1365,7584,2026-09-16T02:54:03.056Z,FALSE,"",09:50,FALSE
fare_BOM-BLR_6E_2026-10-16_T+30_1789528445693_veo5,BOM-BLR,EaseMyTrip,6E,6E-2284,2026-10-16,T+30,6219,1365,7584,2026-09-16T02:54:03.056Z,FALSE,"",12:05,FALSE
fare_BOM-BLR_6E_2026-10-16_T+30_1789528445693_f41w,BOM-BLR,EaseMyTrip,6E,6E-5109,2026-10-16,T+30,6219,1365,7584,2026-09-16T02:54:03.056Z,FALSE,"",09:35,FALSE
fare_BOM-BLR_6E_2026-10-16_T+30_1789528445693_uo4e,BOM-BLR,EaseMyTrip,6E,6E-5337,2026-10-16,T+30,6219,1365,7584,2026-09-16T02:54:03.056Z,FALSE,"",13:45,FALSE
fare_BOM-BLR_6E_2026-10-16_T+30_1789528445693_ifeo,BOM-BLR,EaseMyTrip,6E,6E-650,2026-10-16,T+30,6219,1365,7584,2026-09-16T02:54:03.056Z,FALSE,"",15:45,FALSE
fare_BOM-BLR_6E_2026-10-16_T+30_1789528445693_7xh0,BOM-BLR,EaseMyTrip,6E,6E-304,2026-10-16,T+30,6219,1365,7584,2026-09-16T02:54:03.056Z,FALSE,"",15:45,FALSE
fare_BOM-BLR_6E_2026-10-16_T+30_1789528445693_glxi,BOM-BLR,EaseMyTrip,6E,6E-5071,2026-10-16,T+30,6307,1385,7692,2026-09-16T02:54:03.056Z,FALSE,"",15:35,TRUE
fare_BOM-BLR_6E_2026-10-16_T+30_1789528445693_22vd,BOM-BLR,EaseMyTrip,6E,6E-6188,2026-10-16,T+30,6307,1385,7692,2026-09-16T02:54:03.056Z,FALSE,"",21:30,TRUE
fare_BOM-BLR_6E_2026-10-16_T+30_1789528445693_ksv2,BOM-BLR,EaseMyTrip,6E,6E-5032,2026-10-16,T+30,6307,1385,7692,2026-09-16T02:54:03.056Z,FALSE,"",19:50,TRUE
fare_BOM-BLR_6E_2026-10-16_T+30_1789528445693_pk06,BOM-BLR,EaseMyTrip,6E,6E-5221,2026-10-16,T+30,6307,1385,7692,2026-09-16T02:54:03.056Z,FALSE,"",17:00,TRUE
fare_BOM-BLR_6E_2026-10-16_T+30_1789528445693_hmqr,BOM-BLR,EaseMyTrip,6E,6E-5217,2026-10-16,T+30,6307,1385,7692,2026-09-16T02:54:03.056Z,FALSE,"",11:00,TRUE
fare_BOM-BLR_6E_2026-10-16_T+30_1789528445693_cog3,BOM-BLR,EaseMyTrip,6E,6E-5184,2026-10-16,T+30,6307,1385,7692,2026-09-16T02:54:03.056Z,FALSE,"",12:30,TRUE
fare_BOM-BLR_6E_2026-10-16_T+30_1789528445693_k42w,BOM-BLR,EaseMyTrip,6E,6E-5193,2026-10-16,T+30,6307,1385,7692,2026-09-16T02:54:03.056Z,FALSE,"",07:45,TRUE
fare_BOM-BLR_6E_2026-10-16_T+30_1789528445693_asln,BOM-BLR,EaseMyTrip,6E,6E-5092,2026-10-16,T+30,6307,1385,7692,2026-09-16T02:54:03.056Z,FALSE,"",09:50,TRUE
fare_BOM-BLR_6E_2026-10-16_T+30_1789528445693_xgdu,BOM-BLR,EaseMyTrip,6E,6E-5181,2026-10-16,T+30,6326,1389,7715,2026-09-16T02:54:03.056Z,FALSE,"",10:25,FALSE
fare_BOM-BLR_IX_2026-10-16_T+30_1789528445693_9h8k,BOM-BLR,EaseMyTrip,IX,IX-1640,2026-10-16,T+30,6529,1433,7962,2026-09-16T02:54:03.056Z,FALSE,"",21:05,TRUE
fare_BOM-BLR_IX_2026-10-16_T+30_1789528445693_9jhz,BOM-BLR,EaseMyTrip,IX,IX-1810,2026-10-16,T+30,6601,1449,8050,2026-09-16T02:54:03.056Z,FALSE,"",13:40,FALSE
fare_BOM-BLR_IX_2026-10-16_T+30_1789528445693_7561,BOM-BLR,EaseMyTrip,IX,IX-1797,2026-10-16,T+30,6601,1449,8050,2026-09-16T02:54:03.056Z,FALSE,"",05:05,FALSE
fare_BOM-BLR_IX_2026-10-16_T+30_1789528445693_keac,BOM-BLR,EaseMyTrip,IX,IX-1801,2026-10-16,T+30,6601,1449,8050,2026-09-16T02:54:03.056Z,FALSE,"",20:20,FALSE
fare_BOM-BLR_AI_2026-10-16_T+30_1789528445693_8gyu,BOM-BLR,EaseMyTrip,AI,AI-2632,2026-10-16,T+30,6688,1468,8156,2026-09-16T02:54:03.056Z,FALSE,"",12:00,TRUE
fare_BOM-BLR_AI_2026-10-16_T+30_1789528445693_o92r,BOM-BLR,EaseMyTrip,AI,AI-2853,2026-10-16,T+30,6688,1468,8156,2026-09-16T02:54:03.056Z,FALSE,"",15:25,TRUE
fare_BOM-BLR_6E_2026-10-16_T+30_1789528445693_diew,BOM-BLR,EaseMyTrip,6E,6E-5047,2026-10-16,T+30,6652,1460,8112,2026-09-16T02:54:03.056Z,FALSE,"",18:30,TRUE
fare_BOM-BLR_6E_2026-10-16_T+30_1789528445693_jz83,BOM-BLR,EaseMyTrip,6E,6E-5382,2026-10-16,T+30,6652,1460,8112,2026-09-16T02:54:03.056Z,FALSE,"",14:30,TRUE
fare_BOM-BLR_6E_2026-10-16_T+30_1789528445693_60qd,BOM-BLR,EaseMyTrip,6E,6E-120,2026-10-16,T+30,6663,1463,8126,2026-09-16T02:54:03.056Z,FALSE,"",12:35,FALSE
fare_BOM-BLR_6E_2026-10-16_T+30_1789528445693_zfjr,BOM-BLR,EaseMyTrip,6E,6E-824,2026-10-16,T+30,6663,1463,8126,2026-09-16T02:54:03.056Z,FALSE,"",12:35,FALSE
fare_BOM-BLR_AI_2026-10-16_T+30_1789528445693_plb7,BOM-BLR,EaseMyTrip,AI,AI-2863,2026-10-16,T+30,6917,1518,8435,2026-09-16T02:54:03.056Z,FALSE,"",10:00,TRUE
fare_BOM-BLR_AI_2026-10-16_T+30_1789528445693_pmpq,BOM-BLR,EaseMyTrip,AI,AI-2849,2026-10-16,T+30,6917,1518,8435,2026-09-16T02:54:03.056Z,FALSE,"",17:30,TRUE
fare_BOM-BLR_AI_2026-10-16_T+30_1789528445693_f5lw,BOM-BLR,EaseMyTrip,AI,AI-2401,2026-10-16,T+30,6973,1531,8504,2026-09-16T02:54:03.056Z,FALSE,"",20:45,TRUE
fare_BOM-BLR_AI_2026-10-16_T+30_1789528445693_5un5,BOM-BLR,EaseMyTrip,AI,AI-2865,2026-10-16,T+30,6973,1531,8504,2026-09-16T02:54:03.056Z,FALSE,"",19:45,TRUE
fare_BOM-BLR_AI_2026-10-16_T+30_1789528445693_s3wu,BOM-BLR,EaseMyTrip,AI,AI-2851,2026-10-16,T+30,7032,1543,8575,2026-09-16T02:54:03.056Z,FALSE,"",07:55,TRUE
fare_BOM-BLR_6E_2026-10-16_T+30_1789528445693_dyr4,BOM-BLR,EaseMyTrip,6E,6E-5107,2026-10-16,T+30,7149,1569,8718,2026-09-16T02:54:03.056Z,FALSE,"",20:00,FALSE
fare_BOM-BLR_AI_2026-10-16_T+30_1789528445693_s29p,BOM-BLR,EaseMyTrip,AI,AI-2641,2026-10-16,T+30,7420,1629,9049,2026-09-16T02:54:03.056Z,FALSE,"",18:30,TRUE
fare_BOM-BLR_AI_2026-10-16_T+30_1789528445693_m8ff,BOM-BLR,EaseMyTrip,AI,AI-2625,2026-10-16,T+30,8347,1832,10179,2026-09-16T02:54:03.056Z,TRUE,"High outlier: ₹10179 > upper fence ₹9701 (Q3: ₹8226, IQR: ₹983)",06:00,FALSE
fare_BOM-BLR_6E_2026-10-16_T+30_1789528445693_ca39,BOM-BLR,EaseMyTrip,6E,6E-519,2026-10-16,T+30,8256,1812,10068,2026-09-16T02:54:03.056Z,TRUE,"High outlier: ₹10068 > upper fence ₹9701 (Q3: ₹8226, IQR: ₹983)",04:00,FALSE
fare_BOM-BLR_6E_2026-10-16_T+30_1789528445693_aymk,BOM-BLR,EaseMyTrip,6E,6E-313,2026-10-16,T+30,8256,1812,10068,2026-09-16T02:54:03.056Z,TRUE,"High outlier: ₹10068 > upper fence ₹9701 (Q3: ₹8226, IQR: ₹983)",04:00,FALSE
fare_BOM-BLR_6E_2026-10-16_T+30_1789528445693_rpdn,BOM-BLR,EaseMyTrip,6E,6E-5201,2026-10-16,T+30,8256,1812,10068,2026-09-16T02:54:03.056Z,TRUE,"High outlier: ₹10068 > upper fence ₹9701 (Q3: ₹8226, IQR: ₹983)",14:55,FALSE
fare_BOM-BLR_AI_2026-10-16_T+30_1789528445693_hocp,BOM-BLR,EaseMyTrip,AI,AI-417,2026-10-16,T+30,8434,1851,10285,2026-09-16T02:54:03.056Z,TRUE,"High outlier: ₹10285 > upper fence ₹9701 (Q3: ₹8226, IQR: ₹983)",08:55,FALSE
fare_BOM-BLR_AI_2026-10-16_T+30_1789528445693_8ikg,BOM-BLR,EaseMyTrip,AI,AI-2531,2026-10-16,T+30,8601,1888,10489,2026-09-16T02:54:03.056Z,TRUE,"High outlier: ₹10489 > upper fence ₹9701 (Q3: ₹8226, IQR: ₹983)",15:05,FALSE
fare_BOM-BLR_AI_2026-10-16_T+30_1789528445693_tibi,BOM-BLR,EaseMyTrip,AI,AI-2780,2026-10-16,T+30,8747,1920,10667,2026-09-16T02:54:03.056Z,TRUE,"High outlier: ₹10667 > upper fence ₹9701 (Q3: ₹8226, IQR: ₹983)",14:00,FALSE
fare_BOM-BLR_AI_2026-10-16_T+30_1789528445693_s8vc,BOM-BLR,EaseMyTrip,AI,AI-639,2026-10-16,T+30,8842,1941,10783,2026-09-16T02:54:03.056Z,TRUE,"High outlier: ₹10783 > upper fence ₹9701 (Q3: ₹8226, IQR: ₹983)",22:55,FALSE
fare_BOM-BLR_AI_2026-10-16_T+30_1789528445693_b0wm,BOM-BLR,EaseMyTrip,AI,AI-2444,2026-10-16,T+30,8882,1950,10832,2026-09-16T02:54:03.056Z,TRUE,"High outlier: ₹10832 > upper fence ₹9701 (Q3: ₹8226, IQR: ₹983)",10:50,FALSE
fare_BOM-BLR_AI_2026-10-16_T+30_1789528445693_ht6x,BOM-BLR,EaseMyTrip,AI,AI-2739,2026-10-16,T+30,8889,1951,10840,2026-09-16T02:54:03.056Z,TRUE,"High outlier: ₹10840 > upper fence ₹9701 (Q3: ₹8226, IQR: ₹983)",09:00,FALSE
fare_BOM-BLR_AI_2026-10-16_T+30_1789528445693_6bx6,BOM-BLR,EaseMyTrip,AI,AI-2821,2026-10-16,T+30,8936,1962,10898,2026-09-16T02:54:03.056Z,TRUE,"High outlier: ₹10898 > upper fence ₹9701 (Q3: ₹8226, IQR: ₹983)",06:40,FALSE
fare_BOM-BLR_AI_2026-10-16_T+30_1789528445693_bd7i,BOM-BLR,EaseMyTrip,AI,AI-2827,2026-10-16,T+30,9239,2028,11267,2026-09-16T02:54:03.056Z,TRUE,"High outlier: ₹11267 > upper fence ₹9701 (Q3: ₹8226, IQR: ₹983)",20:30,FALSE
fare_BOM-BLR_AI_2026-10-16_T+30_1789528445693_xntn,BOM-BLR,EaseMyTrip,AI,AI-435,2026-10-16,T+30,9341,2050,11391,2026-09-16T02:54:03.056Z,TRUE,"High outlier: ₹11391 > upper fence ₹9701 (Q3: ₹8226, IQR: ₹983)",18:10,FALSE
fare_BOM-BLR_AI_2026-10-16_T+30_1789528445693_smns,BOM-BLR,EaseMyTrip,AI,AI-2869,2026-10-16,T+30,9420,2068,11488,2026-09-16T02:54:03.056Z,TRUE,"High outlier: ₹11488 > upper fence ₹9701 (Q3: ₹8226, IQR: ₹983)",21:25,FALSE
fare_BOM-BLR_AI_2026-10-16_T+30_1789528445693_emy2,BOM-BLR,EaseMyTrip,AI,AI-2745,2026-10-16,T+30,10722,2354,13076,2026-09-16T02:54:03.056Z,TRUE,"High outlier: ₹13076 > upper fence ₹9701 (Q3: ₹8226, IQR: ₹983)",15:30,FALSE
fare_BOM-BLR_AI_2026-10-16_T+30_1789528445693_uk7k,BOM-BLR,EaseMyTrip,AI,AI-2619,2026-10-16,T+30,11309,2483,13792,2026-09-16T02:54:03.056Z,TRUE,"High outlier: ₹13792 > upper fence ₹9701 (Q3: ₹8226, IQR: ₹983)",18:00,FALSE
fare_BOM-BLR_AI_2026-10-16_T+30_1789528445693_i7cd,BOM-BLR,EaseMyTrip,AI,AI-2787,2026-10-16,T+30,12948,2842,15790,2026-09-16T02:54:03.056Z,TRUE,"High outlier: ₹15790 > upper fence ₹9701 (Q3: ₹8226, IQR: ₹983)",06:35,FALSE
fare_BOM-BLR_AI_2026-10-16_T+30_1789528445693_ssp8,BOM-BLR,EaseMyTrip,AI,AI-2741,2026-10-16,T+30,17307,3799,21106,2026-09-16T02:54:03.056Z,TRUE,"High outlier: ₹21106 > upper fence ₹9701 (Q3: ₹8226, IQR: ₹983)",07:40,FALSE
fare_BOM-BLR_AI_2026-10-16_T+30_1789528445693_kyhx,BOM-BLR,EaseMyTrip,AI,AI-2663,2026-10-16,T+30,21372,4692,26064,2026-09-16T02:54:03.056Z,TRUE,"High outlier: ₹26064 > upper fence ₹9701 (Q3: ₹8226, IQR: ₹983)",10:25,FALSE
fare_BOM-BLR_AI_2026-10-16_T+30_1789528445693_zh1a,BOM-BLR,EaseMyTrip,AI,AI-2471,2026-10-16,T+30,36945,8110,45055,2026-09-16T02:54:03.056Z,TRUE,"High outlier: ₹45055 > upper fence ₹9701 (Q3: ₹8226, IQR: ₹983)",11:30,FALSE
fare_BOM-BLR_SG_2026-10-31_T+45_1789528445693_sy7v,BOM-BLR,EaseMyTrip,SG,SG-718,2026-10-31,T+45,4435,973,5408,2026-09-16T02:54:09.263Z,FALSE,"",23:15,TRUE
fare_BOM-BLR_SG_2026-10-31_T+45_1789528445693_qjmy,BOM-BLR,EaseMyTrip,SG,SG-900,2026-10-31,T+45,4435,973,5408,2026-09-16T02:54:09.263Z,FALSE,"",23:15,TRUE
fare_BOM-BLR_SG_2026-10-31_T+45_1789528445693_jlku,BOM-BLR,EaseMyTrip,SG,SG-111,2026-10-31,T+45,4435,973,5408,2026-09-16T02:54:09.263Z,FALSE,"",05:45,TRUE
fare_BOM-BLR_SG_2026-10-31_T+45_1789528445693_2wl0,BOM-BLR,EaseMyTrip,SG,SG-328,2026-10-31,T+45,4435,973,5408,2026-09-16T02:54:09.263Z,FALSE,"",05:45,TRUE
fare_BOM-BLR_SG_2026-10-31_T+45_1789528445693_vxwm,BOM-BLR,EaseMyTrip,SG,SG-909,2026-10-31,T+45,4435,973,5408,2026-09-16T02:54:09.263Z,FALSE,"",18:20,TRUE
fare_BOM-BLR_SG_2026-10-31_T+45_1789528445693_blhq,BOM-BLR,EaseMyTrip,SG,SG-974,2026-10-31,T+45,4435,973,5408,2026-09-16T02:54:09.263Z,FALSE,"",18:20,TRUE
fare_BOM-BLR_IX_2026-10-31_T+45_1789528445693_8y2i,BOM-BLR,EaseMyTrip,IX,IX-1519,2026-10-31,T+45,4968,1090,6058,2026-09-16T02:54:09.263Z,FALSE,"",11:45,FALSE
fare_BOM-BLR_QP_2026-10-31_T+45_1789528445693_varg,BOM-BLR,EaseMyTrip,QP,QP-1336,2026-10-31,T+45,4837,1062,5899,2026-09-16T02:54:09.263Z,FALSE,"",22:45,TRUE
fare_BOM-BLR_IX_2026-10-31_T+45_1789528445693_rna4,BOM-BLR,EaseMyTrip,IX,IX-1640,2026-10-31,T+45,5583,1225,6808,2026-09-16T02:54:09.263Z,FALSE,"",08:25,TRUE
fare_BOM-BLR_6E_2026-10-31_T+45_1789528445693_o1ka,BOM-BLR,EaseMyTrip,6E,6E-2085,2026-10-31,T+45,5718,1255,6973,2026-09-16T02:54:09.263Z,FALSE,"",22:15,TRUE
fare_BOM-BLR_IX_2026-10-31_T+45_1789528445693_oy65,BOM-BLR,EaseMyTrip,IX,IX-1347,2026-10-31,T+45,6034,1324,7358,2026-09-16T02:54:09.263Z,FALSE,"",17:30,TRUE
fare_BOM-BLR_6E_2026-10-31_T+45_1789528445693_0jx5,BOM-BLR,EaseMyTrip,6E,6E-6361,2026-10-31,T+45,5850,1284,7134,2026-09-16T02:54:09.263Z,FALSE,"",04:30,FALSE
fare_BOM-BLR_QP_2026-10-31_T+45_1789528445693_5ouj,BOM-BLR,EaseMyTrip,QP,QP-2001,2026-10-31,T+45,5924,1300,7224,2026-09-16T02:54:09.263Z,FALSE,"",06:00,TRUE
fare_BOM-BLR_6E_2026-10-31_T+45_1789528445693_eg52,BOM-BLR,EaseMyTrip,6E,6E-763,2026-10-31,T+45,5939,1304,7243,2026-09-16T02:54:09.263Z,FALSE,"",11:35,FALSE
fare_BOM-BLR_6E_2026-10-31_T+45_1789528445693_ollz,BOM-BLR,EaseMyTrip,6E,6E-741,2026-10-31,T+45,5939,1304,7243,2026-09-16T02:54:09.263Z,FALSE,"",11:35,FALSE
fare_BOM-BLR_6E_2026-10-31_T+45_1789528445693_z6ds,BOM-BLR,EaseMyTrip,6E,6E-5011,2026-10-31,T+45,5939,1304,7243,2026-09-16T02:54:09.263Z,FALSE,"",13:55,FALSE
fare_BOM-BLR_6E_2026-10-31_T+45_1789528445693_fpsg,BOM-BLR,EaseMyTrip,6E,6E-6549,2026-10-31,T+45,6047,1327,7374,2026-09-16T02:54:09.263Z,FALSE,"",19:05,FALSE
fare_BOM-BLR_6E_2026-10-31_T+45_1789528445693_cino,BOM-BLR,EaseMyTrip,6E,6E-6674,2026-10-31,T+45,6047,1327,7374,2026-09-16T02:54:09.263Z,FALSE,"",09:10,FALSE
fare_BOM-BLR_6E_2026-10-31_T+45_1789528445693_w4u6,BOM-BLR,EaseMyTrip,6E,6E-558,2026-10-31,T+45,6047,1327,7374,2026-09-16T02:54:09.263Z,FALSE,"",15:10,FALSE
fare_BOM-BLR_6E_2026-10-31_T+45_1789528445693_dor3,BOM-BLR,EaseMyTrip,6E,6E-309,2026-10-31,T+45,6047,1327,7374,2026-09-16T02:54:09.263Z,FALSE,"",15:10,FALSE
fare_BOM-BLR_6E_2026-10-31_T+45_1789528445693_ef9l,BOM-BLR,EaseMyTrip,6E,6E-6362,2026-10-31,T+45,6047,1327,7374,2026-09-16T02:54:09.263Z,FALSE,"",05:30,FALSE
fare_BOM-BLR_6E_2026-10-31_T+45_1789528445693_5lk2,BOM-BLR,EaseMyTrip,6E,6E-5228,2026-10-31,T+45,6047,1327,7374,2026-09-16T02:54:09.263Z,FALSE,"",16:40,FALSE
fare_BOM-BLR_6E_2026-10-31_T+45_1789528445693_6kz3,BOM-BLR,EaseMyTrip,6E,6E-5386,2026-10-31,T+45,6047,1327,7374,2026-09-16T02:54:09.263Z,FALSE,"",15:05,FALSE
fare_BOM-BLR_6E_2026-10-31_T+45_1789528445693_rozm,BOM-BLR,EaseMyTrip,6E,6E-5318,2026-10-31,T+45,6047,1327,7374,2026-09-16T02:54:09.263Z,FALSE,"",10:15,FALSE
fare_BOM-BLR_6E_2026-10-31_T+45_1789528445693_g4hk,BOM-BLR,EaseMyTrip,6E,6E-5246,2026-10-31,T+45,6047,1327,7374,2026-09-16T02:54:09.263Z,FALSE,"",07:20,FALSE
fare_BOM-BLR_6E_2026-10-31_T+45_1789528445693_9e38,BOM-BLR,EaseMyTrip,6E,6E-5179,2026-10-31,T+45,6047,1327,7374,2026-09-16T02:54:09.263Z,FALSE,"",02:35,FALSE
fare_BOM-BLR_6E_2026-10-31_T+45_1789528445693_hnlw,BOM-BLR,EaseMyTrip,6E,6E-6064,2026-10-31,T+45,6069,1332,7401,2026-09-16T02:54:09.263Z,FALSE,"",17:20,FALSE
fare_BOM-BLR_6E_2026-10-31_T+45_1789528445693_0xbx,BOM-BLR,EaseMyTrip,6E,6E-5177,2026-10-31,T+45,6096,1338,7434,2026-09-16T02:54:09.263Z,FALSE,"",11:15,FALSE
fare_BOM-BLR_6E_2026-10-31_T+45_1789528445693_hixm,BOM-BLR,EaseMyTrip,6E,6E-2070,2026-10-31,T+45,6096,1338,7434,2026-09-16T02:54:09.263Z,FALSE,"",17:30,FALSE
fare_BOM-BLR_6E_2026-10-31_T+45_1789528445693_ttx6,BOM-BLR,EaseMyTrip,6E,6E-5147,2026-10-31,T+45,6154,1351,7505,2026-09-16T02:54:09.263Z,FALSE,"",18:40,FALSE
fare_BOM-BLR_6E_2026-10-31_T+45_1789528445693_55u7,BOM-BLR,EaseMyTrip,6E,6E-871,2026-10-31,T+45,6166,1353,7519,2026-09-16T02:54:09.263Z,FALSE,"",09:35,TRUE
fare_BOM-BLR_6E_2026-10-31_T+45_1789528445693_ki2c,BOM-BLR,EaseMyTrip,6E,6E-424,2026-10-31,T+45,6166,1353,7519,2026-09-16T02:54:09.263Z,FALSE,"",09:35,TRUE
fare_BOM-BLR_6E_2026-10-31_T+45_1789528445693_a2n0,BOM-BLR,EaseMyTrip,6E,6E-7041,2026-10-31,T+45,6203,1362,7565,2026-09-16T02:54:09.263Z,FALSE,"",06:55,FALSE
fare_BOM-BLR_6E_2026-10-31_T+45_1789528445693_7pkb,BOM-BLR,EaseMyTrip,6E,6E-5196,2026-10-31,T+45,6219,1365,7584,2026-09-16T02:54:09.263Z,FALSE,"",16:30,FALSE
fare_BOM-BLR_6E_2026-10-31_T+45_1789528445693_mpq1,BOM-BLR,EaseMyTrip,6E,6E-5188,2026-10-31,T+45,6219,1365,7584,2026-09-16T02:54:09.263Z,FALSE,"",07:05,FALSE
fare_BOM-BLR_6E_2026-10-31_T+45_1789528445693_v1o0,BOM-BLR,EaseMyTrip,6E,6E-5085,2026-10-31,T+45,6219,1365,7584,2026-09-16T02:54:09.263Z,FALSE,"",13:00,FALSE
fare_BOM-BLR_6E_2026-10-31_T+45_1789528445693_s8ep,BOM-BLR,EaseMyTrip,6E,6E-987,2026-10-31,T+45,6219,1365,7584,2026-09-16T02:54:09.263Z,FALSE,"",19:15,FALSE
fare_BOM-BLR_6E_2026-10-31_T+45_1789528445693_q2nk,BOM-BLR,EaseMyTrip,6E,6E-605,2026-10-31,T+45,6219,1365,7584,2026-09-16T02:54:09.263Z,FALSE,"",19:15,FALSE
fare_BOM-BLR_6E_2026-10-31_T+45_1789528445693_5lxu,BOM-BLR,EaseMyTrip,6E,6E-865,2026-10-31,T+45,6219,1365,7584,2026-09-16T02:54:09.263Z,FALSE,"",05:00,FALSE
fare_BOM-BLR_6E_2026-10-31_T+45_1789528445693_r794,BOM-BLR,EaseMyTrip,6E,6E-361,2026-10-31,T+45,6219,1365,7584,2026-09-16T02:54:09.263Z,FALSE,"",05:00,FALSE
fare_BOM-BLR_6E_2026-10-31_T+45_1789528445693_vj7n,BOM-BLR,EaseMyTrip,6E,6E-5059,2026-10-31,T+45,6219,1365,7584,2026-09-16T02:54:09.263Z,FALSE,"",16:45,FALSE
fare_BOM-BLR_6E_2026-10-31_T+45_1789528445693_la9v,BOM-BLR,EaseMyTrip,6E,6E-5313,2026-10-31,T+45,6219,1365,7584,2026-09-16T02:54:09.263Z,FALSE,"",10:55,FALSE
fare_BOM-BLR_6E_2026-10-31_T+45_1789528445693_y8iz,BOM-BLR,EaseMyTrip,6E,6E-5337,2026-10-31,T+45,6219,1365,7584,2026-09-16T02:54:09.263Z,FALSE,"",14:30,FALSE
fare_BOM-BLR_6E_2026-10-31_T+45_1789528445693_nh0z,BOM-BLR,EaseMyTrip,6E,6E-5183,2026-10-31,T+45,6219,1365,7584,2026-09-16T02:54:09.263Z,FALSE,"",15:45,FALSE
fare_BOM-BLR_6E_2026-10-31_T+45_1789528445693_1fl2,BOM-BLR,EaseMyTrip,6E,6E-6352,2026-10-31,T+45,6219,1365,7584,2026-09-16T02:54:09.263Z,FALSE,"",15:40,FALSE
fare_BOM-BLR_6E_2026-10-31_T+45_1789528445693_iust,BOM-BLR,EaseMyTrip,6E,6E-6701,2026-10-31,T+45,6219,1365,7584,2026-09-16T02:54:09.263Z,FALSE,"",12:30,FALSE
fare_BOM-BLR_6E_2026-10-31_T+45_1789528445693_e5jn,BOM-BLR,EaseMyTrip,6E,6E-2049,2026-10-31,T+45,6219,1365,7584,2026-09-16T02:54:09.263Z,FALSE,"",07:10,FALSE
fare_BOM-BLR_6E_2026-10-31_T+45_1789528445693_ly8k,BOM-BLR,EaseMyTrip,6E,6E-926,2026-10-31,T+45,6326,1389,7715,2026-09-16T02:54:09.263Z,FALSE,"",07:20,FALSE
fare_BOM-BLR_6E_2026-10-31_T+45_1789528445693_stkq,BOM-BLR,EaseMyTrip,6E,6E-724,2026-10-31,T+45,6326,1389,7715,2026-09-16T02:54:09.263Z,FALSE,"",07:20,FALSE
fare_BOM-BLR_IX_2026-10-31_T+45_1789528445693_6h8d,BOM-BLR,EaseMyTrip,IX,IX-1549,2026-10-31,T+45,6530,1433,7963,2026-09-16T02:54:09.263Z,FALSE,"",14:25,TRUE
fare_BOM-BLR_QP_2026-10-31_T+45_1789528445693_0e0z,BOM-BLR,EaseMyTrip,QP,QP-2003,2026-10-31,T+45,6394,1404,7798,2026-09-16T02:54:09.263Z,FALSE,"",17:30,TRUE
fare_BOM-BLR_QP_2026-10-31_T+45_1789528445693_b1ng,BOM-BLR,EaseMyTrip,QP,QP-1133,2026-10-31,T+45,6402,1405,7807,2026-09-16T02:54:09.263Z,FALSE,"",18:50,TRUE
fare_BOM-BLR_6E_2026-10-31_T+45_1789528445693_wnub,BOM-BLR,EaseMyTrip,6E,6E-6365,2026-10-31,T+45,6491,1425,7916,2026-09-16T02:54:09.263Z,FALSE,"",12:00,FALSE
fare_BOM-BLR_IX_2026-10-31_T+45_1789528445693_u4zd,BOM-BLR,EaseMyTrip,IX,IX-2213,2026-10-31,T+45,8467,1858,10325,2026-09-16T02:54:09.263Z,FALSE,"",19:40,FALSE
fare_BOM-BLR_6E_2026-10-31_T+45_1789528445693_sah3,BOM-BLR,EaseMyTrip,6E,6E-5323,2026-10-31,T+45,6996,1536,8532,2026-09-16T02:54:09.263Z,FALSE,"",00:45,TRUE
fare_BOM-BLR_6E_2026-10-31_T+45_1789528445693_2v4z,BOM-BLR,EaseMyTrip,6E,6E-5388,2026-10-31,T+45,6996,1536,8532,2026-09-16T02:54:09.263Z,FALSE,"",22:55,TRUE
fare_BOM-BLR_6E_2026-10-31_T+45_1789528445693_0wcd,BOM-BLR,EaseMyTrip,6E,6E-5083,2026-10-31,T+45,6996,1536,8532,2026-09-16T02:54:09.263Z,FALSE,"",21:45,TRUE
fare_BOM-BLR_6E_2026-10-31_T+45_1789528445693_l329,BOM-BLR,EaseMyTrip,6E,6E-5032,2026-10-31,T+45,6996,1536,8532,2026-09-16T02:54:09.263Z,FALSE,"",20:15,TRUE
fare_BOM-BLR_6E_2026-10-31_T+45_1789528445693_ny3d,BOM-BLR,EaseMyTrip,6E,6E-5221,2026-10-31,T+45,6996,1536,8532,2026-09-16T02:54:09.263Z,FALSE,"",17:45,TRUE
fare_BOM-BLR_6E_2026-10-31_T+45_1789528445693_2t3e,BOM-BLR,EaseMyTrip,6E,6E-5382,2026-10-31,T+45,6996,1536,8532,2026-09-16T02:54:09.263Z,FALSE,"",15:00,TRUE
fare_BOM-BLR_6E_2026-10-31_T+45_1789528445693_ffyw,BOM-BLR,EaseMyTrip,6E,6E-5047,2026-10-31,T+45,6996,1536,8532,2026-09-16T02:54:09.263Z,FALSE,"",19:00,TRUE
fare_BOM-BLR_6E_2026-10-31_T+45_1789528445693_e84r,BOM-BLR,EaseMyTrip,6E,6E-5217,2026-10-31,T+45,6996,1536,8532,2026-09-16T02:54:09.263Z,FALSE,"",11:05,TRUE
fare_BOM-BLR_6E_2026-10-31_T+45_1789528445693_jvv9,BOM-BLR,EaseMyTrip,6E,6E-6335,2026-10-31,T+45,6996,1536,8532,2026-09-16T02:54:09.263Z,FALSE,"",04:30,TRUE
fare_BOM-BLR_6E_2026-10-31_T+45_1789528445693_1slt,BOM-BLR,EaseMyTrip,6E,6E-6284,2026-10-31,T+45,6996,1536,8532,2026-09-16T02:54:09.263Z,FALSE,"",02:15,TRUE
fare_BOM-BLR_6E_2026-10-31_T+45_1789528445693_gu8r,BOM-BLR,EaseMyTrip,6E,6E-5257,2026-10-31,T+45,6996,1536,8532,2026-09-16T02:54:09.263Z,FALSE,"",12:30,TRUE
fare_BOM-BLR_AI_2026-10-31_T+45_1789528445693_2z5r,BOM-BLR,EaseMyTrip,AI,AI-2812,2026-10-31,T+45,7448,1635,9083,2026-09-16T02:54:09.263Z,FALSE,"",02:05,TRUE
fare_BOM-BLR_AI_2026-10-31_T+45_1789528445693_2c86,BOM-BLR,EaseMyTrip,AI,AI-2632,2026-10-31,T+45,7578,1663,9241,2026-09-16T02:54:09.263Z,FALSE,"",12:00,TRUE
fare_BOM-BLR_AI_2026-10-31_T+45_1789528445693_phip,BOM-BLR,EaseMyTrip,AI,AI-2853,2026-10-31,T+45,7578,1663,9241,2026-09-16T02:54:09.263Z,FALSE,"",15:35,TRUE
fare_BOM-BLR_AI_2026-10-31_T+45_1789528445693_5f92,BOM-BLR,EaseMyTrip,AI,AI-2623,2026-10-31,T+45,7605,1669,9274,2026-09-16T02:54:09.263Z,FALSE,"",11:00,TRUE
fare_BOM-BLR_AI_2026-10-31_T+45_1789528445693_ab4j,BOM-BLR,EaseMyTrip,AI,AI-2621,2026-10-31,T+45,7605,1669,9274,2026-09-16T02:54:09.263Z,FALSE,"",13:45,TRUE
fare_BOM-BLR_AI_2026-10-31_T+45_1789528445693_f1g9,BOM-BLR,EaseMyTrip,AI,AI-2484,2026-10-31,T+45,7605,1669,9274,2026-09-16T02:54:09.263Z,FALSE,"",18:00,TRUE
fare_BOM-BLR_AI_2026-10-31_T+45_1789528445693_8mpm,BOM-BLR,EaseMyTrip,AI,AI-2849,2026-10-31,T+45,7707,1692,9399,2026-09-16T02:54:09.263Z,FALSE,"",17:30,TRUE
fare_BOM-BLR_AI_2026-10-31_T+45_1789528445693_qkgx,BOM-BLR,EaseMyTrip,AI,AI-2641,2026-10-31,T+45,7707,1692,9399,2026-09-16T02:54:09.263Z,FALSE,"",19:15,TRUE
fare_BOM-BLR_6E_2026-10-31_T+45_1789528445694_5adi,BOM-BLR,EaseMyTrip,6E,6E-6280,2026-10-31,T+45,7678,1686,9364,2026-09-16T02:54:09.263Z,FALSE,"",05:30,FALSE
fare_BOM-BLR_6E_2026-10-31_T+45_1789528445694_o3sq,BOM-BLR,EaseMyTrip,6E,6E-5204,2026-10-31,T+45,7678,1686,9364,2026-09-16T02:54:09.263Z,FALSE,"",08:30,FALSE
fare_BOM-BLR_AI_2026-10-31_T+45_1789528445694_bugg,BOM-BLR,EaseMyTrip,AI,AI-2869,2026-10-31,T+45,7950,1745,9695,2026-09-16T02:54:09.263Z,FALSE,"",21:30,FALSE
fare_BOM-BLR_6E_2026-10-31_T+45_1789528445694_3zx9,BOM-BLR,EaseMyTrip,6E,6E-5071,2026-10-31,T+45,7857,1725,9582,2026-09-16T02:54:09.263Z,FALSE,"",16:20,TRUE
fare_BOM-BLR_AI_2026-10-31_T+45_1789528445694_q6wd,BOM-BLR,EaseMyTrip,AI,AI-2875,2026-10-31,T+45,8204,1801,10005,2026-09-16T02:54:09.263Z,FALSE,"",19:10,FALSE
fare_BOM-BLR_AI_2026-10-31_T+45_1789528445694_56g9,BOM-BLR,EaseMyTrip,AI,AI-2625,2026-10-31,T+45,8204,1801,10005,2026-09-16T02:54:09.263Z,FALSE,"",06:30,FALSE
fare_BOM-BLR_AI_2026-10-31_T+45_1789528445694_oztg,BOM-BLR,EaseMyTrip,AI,AI-417,2026-10-31,T+45,8291,1820,10111,2026-09-16T02:54:09.263Z,FALSE,"",08:55,FALSE
fare_BOM-BLR_QP_2026-10-31_T+45_1789528445694_gnq7,BOM-BLR,EaseMyTrip,QP,QP-1332,2026-10-31,T+45,8193,1798,9991,2026-09-16T02:54:09.263Z,FALSE,"",08:40,TRUE
fare_BOM-BLR_6E_2026-10-31_T+45_1789528445694_oed6,BOM-BLR,EaseMyTrip,6E,6E-5092,2026-10-31,T+45,8288,1819,10107,2026-09-16T02:54:09.263Z,FALSE,"",09:40,TRUE
fare_BOM-BLR_IX_2026-10-31_T+45_1789528445694_usz9,BOM-BLR,EaseMyTrip,IX,IX-2205,2026-10-31,T+45,8703,1911,10614,2026-09-16T02:54:09.263Z,FALSE,"",19:35,FALSE
fare_BOM-BLR_AI_2026-10-31_T+45_1789528445694_vlmp,BOM-BLR,EaseMyTrip,AI,AI-2531,2026-10-31,T+45,8601,1888,10489,2026-09-16T02:54:09.263Z,FALSE,"",15:05,FALSE
fare_BOM-BLR_AI_2026-10-31_T+45_1789528445694_hu46,BOM-BLR,EaseMyTrip,AI,AI-2821,2026-10-31,T+45,8747,1920,10667,2026-09-16T02:54:09.263Z,FALSE,"",06:40,FALSE
fare_BOM-BLR_AI_2026-10-31_T+45_1789528445694_ygt8,BOM-BLR,EaseMyTrip,AI,AI-2780,2026-10-31,T+45,8747,1920,10667,2026-09-16T02:54:09.263Z,FALSE,"",13:05,FALSE
fare_BOM-BLR_AI_2026-10-31_T+45_1789528445694_2pln,BOM-BLR,EaseMyTrip,AI,AI-639,2026-10-31,T+45,8747,1920,10667,2026-09-16T02:54:09.263Z,FALSE,"",21:50,FALSE
fare_BOM-BLR_AI_2026-10-31_T+45_1789528445694_mzsw,BOM-BLR,EaseMyTrip,AI,AI-435,2026-10-31,T+45,8747,1920,10667,2026-09-16T02:54:09.263Z,FALSE,"",18:10,FALSE
fare_BOM-BLR_AI_2026-10-31_T+45_1789528445694_tcu5,BOM-BLR,EaseMyTrip,AI,AI-2603,2026-10-31,T+45,8810,1934,10744,2026-09-16T02:54:09.263Z,FALSE,"",06:35,TRUE
fare_BOM-BLR_AI_2026-10-31_T+45_1789528445694_9pnv,BOM-BLR,EaseMyTrip,AI,AI-2617,2026-10-31,T+45,8836,1939,10775,2026-09-16T02:54:09.263Z,FALSE,"",11:35,FALSE
fare_BOM-BLR_AI_2026-10-31_T+45_1789528445694_m6si,BOM-BLR,EaseMyTrip,AI,AI-2739,2026-10-31,T+45,8889,1951,10840,2026-09-16T02:54:09.263Z,FALSE,"",08:00,FALSE
fare_BOM-BLR_6E_2026-10-31_T+45_1789528445694_pioh,BOM-BLR,EaseMyTrip,6E,6E-5296,2026-10-31,T+45,8804,1933,10737,2026-09-16T02:54:09.263Z,FALSE,"",06:00,TRUE
fare_BOM-BLR_AI_2026-10-31_T+45_1789528445694_wb3i,BOM-BLR,EaseMyTrip,AI,AI-2863,2026-10-31,T+45,9123,2003,11126,2026-09-16T02:54:09.263Z,FALSE,"",10:00,TRUE
fare_BOM-BLR_AI_2026-10-31_T+45_1789528445694_4q0i,BOM-BLR,EaseMyTrip,AI,AI-2851,2026-10-31,T+45,9280,2037,11317,2026-09-16T02:54:09.263Z,FALSE,"",07:55,TRUE
fare_BOM-BLR_6E_2026-10-31_T+45_1789528445694_ioqw,BOM-BLR,EaseMyTrip,6E,6E-5193,2026-10-31,T+45,9321,2046,11367,2026-09-16T02:54:09.263Z,FALSE,"",07:25,TRUE
fare_BOM-BLR_IX_2026-10-31_T+45_1789528445694_tyu9,BOM-BLR,EaseMyTrip,IX,IX-2201,2026-10-31,T+45,9838,2159,11997,2026-09-16T02:54:09.263Z,FALSE,"",05:15,FALSE
fare_BOM-BLR_IX_2026-10-31_T+45_1789528445694_zkzs,BOM-BLR,EaseMyTrip,IX,IX-1361,2026-10-31,T+45,9957,2186,12143,2026-09-16T02:54:09.263Z,FALSE,"",17:30,FALSE
fare_BOM-BLR_IX_2026-10-31_T+45_1789528445694_uhag,BOM-BLR,EaseMyTrip,IX,IX-1051,2026-10-31,T+45,11851,2602,14453,2026-09-16T02:54:09.263Z,FALSE,"",20:35,FALSE
fare_BOM-BLR_IX_2026-10-31_T+45_1789528445694_dxus,BOM-BLR,EaseMyTrip,IX,IX-1283,2026-10-31,T+45,12244,2688,14932,2026-09-16T02:54:09.263Z,FALSE,"",06:05,FALSE
fare_BOM-BLR_AI_2026-10-31_T+45_1789528445694_oex0,BOM-BLR,EaseMyTrip,AI,AI-603,2026-10-31,T+45,12009,2636,14645,2026-09-16T02:54:09.263Z,FALSE,"",05:00,FALSE
fare_BOM-BLR_AI_2026-10-31_T+45_1789528445694_1c69,BOM-BLR,EaseMyTrip,AI,AI-2591,2026-10-31,T+45,12899,2831,15730,2026-09-16T02:54:09.263Z,TRUE,"High outlier: ₹15730 > upper fence ₹14969 (Q3: ₹10448, IQR: ₹3014)",06:00,FALSE
fare_BOM-BLR_AI_2026-10-31_T+45_1789528445694_qcto,BOM-BLR,EaseMyTrip,AI,AI-2605,2026-10-31,T+45,13516,2967,16483,2026-09-16T02:54:09.263Z,TRUE,"High outlier: ₹16483 > upper fence ₹14969 (Q3: ₹10448, IQR: ₹3014)",06:30,FALSE
fare_BOM-BLR_AI_2026-10-31_T+45_1789528445694_xbve,BOM-BLR,EaseMyTrip,AI,AI-2681,2026-10-31,T+45,13678,3002,16680,2026-09-16T02:54:09.263Z,TRUE,"High outlier: ₹16680 > upper fence ₹14969 (Q3: ₹10448, IQR: ₹3014)",11:20,FALSE
fare_BOM-BLR_AI_2026-10-31_T+45_1789528445694_1wr3,BOM-BLR,EaseMyTrip,AI,AI-2745,2026-10-31,T+45,14148,3106,17254,2026-09-16T02:54:09.263Z,TRUE,"High outlier: ₹17254 > upper fence ₹14969 (Q3: ₹10448, IQR: ₹3014)",15:25,FALSE
fare_BOM-BLR_AI_2026-10-31_T+45_1789528445694_jwi2,BOM-BLR,EaseMyTrip,AI,AI-2841,2026-10-31,T+45,15613,3427,19040,2026-09-16T02:54:09.263Z,TRUE,"High outlier: ₹19040 > upper fence ₹14969 (Q3: ₹10448, IQR: ₹3014)",11:30,FALSE
fare_BOM-BLR_AI_2026-10-31_T+45_1789528445694_ga66,BOM-BLR,EaseMyTrip,AI,AI-2639,2026-10-31,T+45,17254,3788,21042,2026-09-16T02:54:09.263Z,TRUE,"High outlier: ₹21042 > upper fence ₹14969 (Q3: ₹10448, IQR: ₹3014)",06:10,FALSE
fare_BOM-BLR_AI_2026-10-31_T+45_1789528445694_91bz,BOM-BLR,EaseMyTrip,AI,AI-2787,2026-10-31,T+45,18394,4038,22432,2026-09-16T02:54:09.263Z,TRUE,"High outlier: ₹22432 > upper fence ₹14969 (Q3: ₹10448, IQR: ₹3014)",06:35,FALSE
fare_BOM-BLR_AI_2026-10-31_T+45_1789528445694_s7a9,BOM-BLR,EaseMyTrip,AI,AI-2527,2026-10-31,T+45,19392,4257,23649,2026-09-16T02:54:09.263Z,TRUE,"High outlier: ₹23649 > upper fence ₹14969 (Q3: ₹10448, IQR: ₹3014)",17:00,FALSE
fare_BOM-BLR_AI_2026-10-31_T+45_1789528445694_mour,BOM-BLR,EaseMyTrip,AI,AI-2741,2026-10-31,T+45,19503,4281,23784,2026-09-16T02:54:09.263Z,TRUE,"High outlier: ₹23784 > upper fence ₹14969 (Q3: ₹10448, IQR: ₹3014)",07:40,FALSE
fare_BOM-BLR_AI_2026-10-31_T+45_1789528445694_5f1k,BOM-BLR,EaseMyTrip,AI,AI-2789,2026-10-31,T+45,22880,5023,27903,2026-09-16T02:54:09.263Z,TRUE,"High outlier: ₹27903 > upper fence ₹14969 (Q3: ₹10448, IQR: ₹3014)",10:55,FALSE
fare_BOM-BLR_IX_2026-09-23_T+7_1789528445694_5b2x,BOM-BLR,EaseMyTrip,IX,IX-1347,2026-09-23,T+7,3972,872,4844,2026-09-16T02:53:50.609Z,FALSE,"",06:00,TRUE
fare_BOM-BLR_IX_2026-09-23_T+7_1789528445694_7pez,BOM-BLR,EaseMyTrip,IX,IX-1626,2026-09-23,T+7,3972,872,4844,2026-09-16T02:53:50.609Z,FALSE,"",12:00,TRUE
fare_BOM-BLR_6E_2026-09-23_T+7_1789528445694_sp19,BOM-BLR,EaseMyTrip,6E,6E-2085,2026-09-23,T+7,3972,872,4844,2026-09-16T02:53:50.609Z,FALSE,"",07:05,TRUE
fare_BOM-BLR_6E_2026-09-23_T+7_1789528445694_54ho,BOM-BLR,EaseMyTrip,6E,6E-6029,2026-09-23,T+7,3972,872,4844,2026-09-16T02:53:50.609Z,FALSE,"",11:25,TRUE
fare_BOM-BLR_QP_2026-09-23_T+7_1789528445694_nf31,BOM-BLR,EaseMyTrip,QP,QP-1985,2026-09-23,T+7,4141,909,5050,2026-09-16T02:53:50.609Z,FALSE,"",23:20,TRUE
fare_BOM-BLR_QP_2026-09-23_T+7_1789528445694_lw1t,BOM-BLR,EaseMyTrip,QP,QP-1149,2026-09-23,T+7,4141,909,5050,2026-09-16T02:53:50.609Z,FALSE,"",05:30,TRUE
fare_BOM-BLR_6E_2026-09-23_T+7_1789528445694_mkgd,BOM-BLR,EaseMyTrip,6E,6E-5323,2026-09-23,T+7,4141,909,5050,2026-09-16T02:53:50.609Z,FALSE,"",01:10,TRUE
fare_BOM-BLR_6E_2026-09-23_T+7_1789528445694_r8a0,BOM-BLR,EaseMyTrip,6E,6E-5294,2026-09-23,T+7,4141,909,5050,2026-09-16T02:53:50.609Z,FALSE,"",04:30,TRUE
fare_BOM-BLR_AI_2026-09-23_T+7_1789528445694_qete,BOM-BLR,EaseMyTrip,AI,AI-2812,2026-09-23,T+7,4314,947,5261,2026-09-16T02:53:50.609Z,FALSE,"",02:05,TRUE
fare_BOM-BLR_AI_2026-09-23_T+7_1789528445694_5fiv,BOM-BLR,EaseMyTrip,AI,AI-2857,2026-09-23,T+7,4314,947,5261,2026-09-16T02:53:50.609Z,FALSE,"",23:30,TRUE
fare_BOM-BLR_6E_2026-09-23_T+7_1789528445694_vj49,BOM-BLR,EaseMyTrip,6E,6E-6361,2026-09-23,T+7,4200,922,5122,2026-09-16T02:53:50.609Z,FALSE,"",05:00,FALSE
fare_BOM-BLR_6E_2026-09-23_T+7_1789528445694_751u,BOM-BLR,EaseMyTrip,6E,6E-6057,2026-09-23,T+7,4307,946,5253,2026-09-16T02:53:50.609Z,FALSE,"",09:15,FALSE
fare_BOM-BLR_6E_2026-09-23_T+7_1789528445694_17q2,BOM-BLR,EaseMyTrip,6E,6E-6362,2026-09-23,T+7,4307,946,5253,2026-09-16T02:53:50.609Z,FALSE,"",05:45,FALSE
fare_BOM-BLR_6E_2026-09-23_T+7_1789528445694_gptl,BOM-BLR,EaseMyTrip,6E,6E-6802,2026-09-23,T+7,4415,969,5384,2026-09-16T02:53:50.609Z,FALSE,"",16:55,FALSE
fare_BOM-BLR_QP_2026-09-23_T+7_1789528445694_50cx,BOM-BLR,EaseMyTrip,QP,QP-1516,2026-09-23,T+7,4474,982,5456,2026-09-16T02:53:50.609Z,FALSE,"",00:35,TRUE
fare_BOM-BLR_6E_2026-09-23_T+7_1789528445694_grp7,BOM-BLR,EaseMyTrip,6E,6E-6701,2026-09-23,T+7,4480,983,5463,2026-09-16T02:53:50.609Z,FALSE,"",05:35,FALSE
fare_BOM-BLR_6E_2026-09-23_T+7_1789528445694_kjzv,BOM-BLR,EaseMyTrip,6E,6E-5048,2026-09-23,T+7,4480,983,5463,2026-09-16T02:53:50.609Z,FALSE,"",17:25,FALSE
fare_BOM-BLR_6E_2026-09-23_T+7_1789528445694_anv9,BOM-BLR,EaseMyTrip,6E,6E-446,2026-09-23,T+7,4480,983,5463,2026-09-16T02:53:50.609Z,FALSE,"",17:10,FALSE
fare_BOM-BLR_6E_2026-09-23_T+7_1789528445694_fwnv,BOM-BLR,EaseMyTrip,6E,6E-106,2026-09-23,T+7,4480,983,5463,2026-09-16T02:53:50.609Z,FALSE,"",17:10,FALSE
fare_BOM-BLR_6E_2026-09-23_T+7_1789528445694_l2ft,BOM-BLR,EaseMyTrip,6E,6E-6349,2026-09-23,T+7,4480,983,5463,2026-09-16T02:53:50.609Z,FALSE,"",11:40,FALSE
fare_BOM-BLR_6E_2026-09-23_T+7_1789528445694_5shw,BOM-BLR,EaseMyTrip,6E,6E-5188,2026-09-23,T+7,4480,983,5463,2026-09-16T02:53:50.609Z,FALSE,"",06:15,FALSE
fare_BOM-BLR_6E_2026-09-23_T+7_1789528445694_wbtw,BOM-BLR,EaseMyTrip,6E,6E-5313,2026-09-23,T+7,4480,983,5463,2026-09-16T02:53:50.609Z,FALSE,"",09:50,FALSE
fare_BOM-BLR_6E_2026-09-23_T+7_1789528445694_49lu,BOM-BLR,EaseMyTrip,6E,6E-794,2026-09-23,T+7,4480,983,5463,2026-09-16T02:53:50.609Z,FALSE,"",15:45,FALSE
fare_BOM-BLR_6E_2026-09-23_T+7_1789528445694_5mzu,BOM-BLR,EaseMyTrip,6E,6E-474,2026-09-23,T+7,4480,983,5463,2026-09-16T02:53:50.609Z,FALSE,"",15:45,FALSE
fare_BOM-BLR_6E_2026-09-23_T+7_1789528445694_xxtt,BOM-BLR,EaseMyTrip,6E,6E-5196,2026-09-23,T+7,4480,983,5463,2026-09-16T02:53:50.609Z,FALSE,"",15:25,FALSE
fare_BOM-BLR_6E_2026-09-23_T+7_1789528445694_sklv,BOM-BLR,EaseMyTrip,6E,6E-6599,2026-09-23,T+7,4587,1007,5594,2026-09-16T02:53:50.609Z,FALSE,"",16:50,FALSE
fare_BOM-BLR_6E_2026-09-23_T+7_1789528445694_nll3,BOM-BLR,EaseMyTrip,6E,6E-5228,2026-09-23,T+7,4617,1013,5630,2026-09-16T02:53:50.609Z,FALSE,"",16:45,FALSE
fare_BOM-BLR_QP_2026-09-23_T+7_1789528445694_lu3v,BOM-BLR,EaseMyTrip,QP,QP-1384,2026-09-23,T+7,4652,1021,5673,2026-09-16T02:53:50.609Z,FALSE,"",23:10,TRUE
fare_BOM-BLR_6E_2026-09-23_T+7_1789528445694_7m0b,BOM-BLR,EaseMyTrip,6E,6E-5082,2026-09-23,T+7,4849,1064,5913,2026-09-16T02:53:50.609Z,FALSE,"",18:05,FALSE
fare_BOM-BLR_6E_2026-09-23_T+7_1789528445694_5s7v,BOM-BLR,EaseMyTrip,6E,6E-5386,2026-09-23,T+7,4957,1088,6045,2026-09-16T02:53:50.609Z,FALSE,"",15:10,FALSE
fare_BOM-BLR_QP_2026-09-23_T+7_1789528445694_2p0g,BOM-BLR,EaseMyTrip,QP,QP-1382,2026-09-23,T+7,5032,1105,6137,2026-09-16T02:53:50.609Z,FALSE,"",18:25,TRUE
fare_BOM-BLR_6E_2026-09-23_T+7_1789528445694_2cyz,BOM-BLR,EaseMyTrip,6E,6E-787,2026-09-23,T+7,5129,1126,6255,2026-09-16T02:53:50.609Z,FALSE,"",12:35,FALSE
fare_BOM-BLR_6E_2026-09-23_T+7_1789528445694_f0aq,BOM-BLR,EaseMyTrip,6E,6E-836,2026-09-23,T+7,5129,1126,6255,2026-09-16T02:53:50.609Z,FALSE,"",12:35,FALSE
fare_BOM-BLR_6E_2026-09-23_T+7_1789528445694_0omw,BOM-BLR,EaseMyTrip,6E,6E-5126,2026-09-23,T+7,5129,1126,6255,2026-09-16T02:53:50.609Z,FALSE,"",18:15,FALSE
fare_BOM-BLR_6E_2026-09-23_T+7_1789528445694_z9lt,BOM-BLR,EaseMyTrip,6E,6E-5337,2026-09-23,T+7,5129,1126,6255,2026-09-16T02:53:50.609Z,FALSE,"",13:45,FALSE
fare_BOM-BLR_IX_2026-09-23_T+7_1789528445694_kns7,BOM-BLR,EaseMyTrip,IX,IX-1640,2026-09-23,T+7,5583,1225,6808,2026-09-16T02:53:50.609Z,FALSE,"",21:10,TRUE
fare_BOM-BLR_6E_2026-09-23_T+7_1789528445694_whet,BOM-BLR,EaseMyTrip,6E,6E-5109,2026-09-23,T+7,5502,1208,6710,2026-09-16T02:53:50.609Z,FALSE,"",09:35,FALSE
fare_BOM-BLR_6E_2026-09-23_T+7_1789528445694_8a4b,BOM-BLR,EaseMyTrip,6E,6E-2237,2026-09-23,T+7,5502,1208,6710,2026-09-16T02:53:50.609Z,FALSE,"",18:40,FALSE
fare_BOM-BLR_QP_2026-09-23_T+7_1789528445694_08t9,BOM-BLR,EaseMyTrip,QP,QP-1129,2026-09-23,T+7,5669,1245,6914,2026-09-16T02:53:50.609Z,FALSE,"",08:45,TRUE
fare_BOM-BLR_QP_2026-09-23_T+7_1789528445694_nxx8,BOM-BLR,EaseMyTrip,QP,QP-1518,2026-09-23,T+7,5669,1245,6914,2026-09-16T02:53:50.609Z,FALSE,"",21:45,TRUE
fare_BOM-BLR_QP_2026-09-23_T+7_1789528445694_ktiy,BOM-BLR,EaseMyTrip,QP,QP-1133,2026-09-23,T+7,5669,1245,6914,2026-09-16T02:53:50.609Z,FALSE,"",19:40,TRUE
fare_BOM-BLR_6E_2026-09-23_T+7_1789528445694_yry5,BOM-BLR,EaseMyTrip,6E,6E-5071,2026-09-23,T+7,5791,1271,7062,2026-09-16T02:53:50.609Z,FALSE,"",15:35,TRUE
fare_BOM-BLR_6E_2026-09-23_T+7_1789528445694_5o4m,BOM-BLR,EaseMyTrip,6E,6E-6188,2026-09-23,T+7,5791,1271,7062,2026-09-16T02:53:50.609Z,FALSE,"",21:30,TRUE
fare_BOM-BLR_6E_2026-09-23_T+7_1789528445694_ibt5,BOM-BLR,EaseMyTrip,6E,6E-5382,2026-09-23,T+7,5791,1271,7062,2026-09-16T02:53:50.609Z,FALSE,"",14:30,TRUE
fare_BOM-BLR_6E_2026-09-23_T+7_1789528445694_jka3,BOM-BLR,EaseMyTrip,6E,6E-5184,2026-09-23,T+7,5791,1271,7062,2026-09-16T02:53:50.609Z,FALSE,"",12:30,TRUE
fare_BOM-BLR_6E_2026-09-23_T+7_1789528445694_llds,BOM-BLR,EaseMyTrip,6E,6E-5221,2026-09-23,T+7,5791,1271,7062,2026-09-16T02:53:50.609Z,FALSE,"",17:00,TRUE
fare_BOM-BLR_6E_2026-09-23_T+7_1789528445694_syc8,BOM-BLR,EaseMyTrip,6E,6E-5217,2026-09-23,T+7,5791,1271,7062,2026-09-16T02:53:50.609Z,FALSE,"",11:00,TRUE
fare_BOM-BLR_6E_2026-09-23_T+7_1789528445694_b98f,BOM-BLR,EaseMyTrip,6E,6E-5296,2026-09-23,T+7,5791,1271,7062,2026-09-16T02:53:50.609Z,FALSE,"",06:30,TRUE
fare_BOM-BLR_6E_2026-09-23_T+7_1789528445694_kozi,BOM-BLR,EaseMyTrip,6E,6E-5388,2026-09-23,T+7,5791,1271,7062,2026-09-16T02:53:50.609Z,FALSE,"",22:20,TRUE
fare_BOM-BLR_AI_2026-09-23_T+7_1789528445694_p5x1,BOM-BLR,EaseMyTrip,AI,AI-2853,2026-09-23,T+7,6004,1318,7322,2026-09-16T02:53:50.609Z,FALSE,"",15:25,TRUE
fare_BOM-BLR_6E_2026-09-23_T+7_1789528445694_49ol,BOM-BLR,EaseMyTrip,6E,6E-5201,2026-09-23,T+7,5912,1298,7210,2026-09-16T02:53:50.609Z,FALSE,"",14:55,FALSE
fare_BOM-BLR_AI_2026-09-23_T+7_1789528445694_z4eu,BOM-BLR,EaseMyTrip,AI,AI-2603,2026-09-23,T+7,6206,1362,7568,2026-09-16T02:53:50.609Z,FALSE,"",06:35,TRUE
fare_BOM-BLR_AI_2026-09-23_T+7_1789528445694_axws,BOM-BLR,EaseMyTrip,AI,AI-2849,2026-09-23,T+7,6206,1362,7568,2026-09-16T02:53:50.609Z,FALSE,"",17:30,TRUE
fare_BOM-BLR_6E_2026-09-23_T+7_1789528445694_k95q,BOM-BLR,EaseMyTrip,6E,6E-5032,2026-09-23,T+7,6049,1328,7377,2026-09-16T02:53:50.609Z,FALSE,"",19:55,TRUE
fare_BOM-BLR_6E_2026-09-23_T+7_1789528445694_p0i8,BOM-BLR,EaseMyTrip,6E,6E-5047,2026-09-23,T+7,6049,1328,7377,2026-09-16T02:53:50.609Z,FALSE,"",18:30,TRUE
fare_BOM-BLR_6E_2026-09-23_T+7_1789528445694_jnv4,BOM-BLR,EaseMyTrip,6E,6E-5092,2026-09-23,T+7,6049,1328,7377,2026-09-16T02:53:50.609Z,FALSE,"",09:50,TRUE
fare_BOM-BLR_AI_2026-09-23_T+7_1789528445694_5z6d,BOM-BLR,EaseMyTrip,AI,AI-2401,2026-09-23,T+7,6256,1373,7629,2026-09-16T02:53:50.609Z,FALSE,"",20:45,TRUE
fare_BOM-BLR_AI_2026-09-23_T+7_1789528445694_s5ex,BOM-BLR,EaseMyTrip,AI,AI-2632,2026-09-23,T+7,6262,1375,7637,2026-09-16T02:53:50.609Z,FALSE,"",12:00,TRUE
fare_BOM-BLR_6E_2026-09-23_T+7_1789528445694_9rh2,BOM-BLR,EaseMyTrip,6E,6E-5193,2026-09-23,T+7,6307,1385,7692,2026-09-16T02:53:50.609Z,FALSE,"",08:05,TRUE
fare_BOM-BLR_AI_2026-09-23_T+7_1789528445694_sobr,BOM-BLR,EaseMyTrip,AI,AI-2863,2026-09-23,T+7,6474,1421,7895,2026-09-16T02:53:50.609Z,FALSE,"",10:00,TRUE
fare_BOM-BLR_AI_2026-09-23_T+7_1789528445694_3bxi,BOM-BLR,EaseMyTrip,AI,AI-2865,2026-09-23,T+7,6526,1433,7959,2026-09-16T02:53:50.609Z,FALSE,"",19:45,TRUE
fare_BOM-BLR_6E_2026-09-23_T+7_1789528445694_8ulm,BOM-BLR,EaseMyTrip,6E,6E-5107,2026-09-23,T+7,6364,1397,7761,2026-09-16T02:53:50.609Z,FALSE,"",20:00,FALSE
fare_BOM-BLR_IX_2026-09-23_T+7_1789528445694_5vsv,BOM-BLR,EaseMyTrip,IX,IX-1810,2026-09-23,T+7,6601,1449,8050,2026-09-16T02:53:50.609Z,FALSE,"",13:40,FALSE
fare_BOM-BLR_IX_2026-09-23_T+7_1789528445694_31r3,BOM-BLR,EaseMyTrip,IX,IX-1797,2026-09-23,T+7,6601,1449,8050,2026-09-16T02:53:50.609Z,FALSE,"",05:05,FALSE
fare_BOM-BLR_AI_2026-09-23_T+7_1789528445694_drtk,BOM-BLR,EaseMyTrip,AI,AI-2641,2026-09-23,T+7,6580,1444,8024,2026-09-16T02:53:50.609Z,FALSE,"",18:30,TRUE
fare_BOM-BLR_AI_2026-09-23_T+7_1789528445694_vghj,BOM-BLR,EaseMyTrip,AI,AI-2851,2026-09-23,T+7,6854,1504,8358,2026-09-16T02:53:50.609Z,FALSE,"",07:55,TRUE
fare_BOM-BLR_QP_2026-09-23_T+7_1789528445694_u5x5,BOM-BLR,EaseMyTrip,QP,QP-1527,2026-09-23,T+7,6945,1524,8469,2026-09-16T02:53:50.609Z,FALSE,"",07:35,TRUE
fare_BOM-BLR_6E_2026-09-23_T+7_1789528445694_e65a,BOM-BLR,EaseMyTrip,6E,6E-5241,2026-09-23,T+7,7205,1581,8786,2026-09-16T02:53:50.609Z,FALSE,"",16:40,FALSE
fare_BOM-BLR_AI_2026-09-23_T+7_1789528445694_9kdc,BOM-BLR,EaseMyTrip,AI,AI-2745,2026-09-23,T+7,7482,1642,9124,2026-09-16T02:53:50.609Z,FALSE,"",15:30,FALSE
fare_BOM-BLR_AI_2026-09-23_T+7_1789528445694_8ch0,BOM-BLR,EaseMyTrip,AI,AI-2505,2026-09-23,T+7,7999,1756,9755,2026-09-16T02:53:50.609Z,FALSE,"",19:20,FALSE
fare_BOM-BLR_6E_2026-09-23_T+7_1789528445694_30rq,BOM-BLR,EaseMyTrip,6E,6E-958,2026-09-23,T+7,8006,1757,9763,2026-09-16T02:53:50.609Z,FALSE,"",04:00,FALSE
fare_BOM-BLR_6E_2026-09-23_T+7_1789528445694_8eue,BOM-BLR,EaseMyTrip,6E,6E-123,2026-09-23,T+7,8006,1757,9763,2026-09-16T02:53:50.609Z,FALSE,"",04:00,FALSE
fare_BOM-BLR_IX_2026-09-23_T+7_1789528445694_twe9,BOM-BLR,EaseMyTrip,IX,IX-1801,2026-09-23,T+7,8366,1836,10202,2026-09-16T02:53:50.609Z,FALSE,"",20:20,FALSE
fare_BOM-BLR_IX_2026-09-23_T+7_1789528445694_ybsf,BOM-BLR,EaseMyTrip,IX,IX-1242,2026-09-23,T+7,8427,1850,10277,2026-09-16T02:53:50.609Z,FALSE,"",16:30,FALSE
fare_BOM-BLR_6E_2026-09-23_T+7_1789528445694_fp0b,BOM-BLR,EaseMyTrip,6E,6E-7037,2026-09-23,T+7,8299,1822,10121,2026-09-16T02:53:50.609Z,FALSE,"",11:05,FALSE
fare_BOM-BLR_AI_2026-09-23_T+7_1789528445694_zpho,BOM-BLR,EaseMyTrip,AI,AI-2869,2026-09-23,T+7,8512,1868,10380,2026-09-16T02:53:50.609Z,FALSE,"",21:25,FALSE
fare_BOM-BLR_AI_2026-09-23_T+7_1789528445694_muc2,BOM-BLR,EaseMyTrip,AI,AI-2875,2026-09-23,T+7,8512,1868,10380,2026-09-16T02:53:50.609Z,FALSE,"",19:35,FALSE
fare_BOM-BLR_AI_2026-09-23_T+7_1789528445694_va8g,BOM-BLR,EaseMyTrip,AI,AI-2619,2026-09-23,T+7,8512,1868,10380,2026-09-16T02:53:50.609Z,FALSE,"",18:00,FALSE
fare_BOM-BLR_6E_2026-09-23_T+7_1789528445694_b1i3,BOM-BLR,EaseMyTrip,6E,6E-703,2026-09-23,T+7,8376,1839,10215,2026-09-16T02:53:50.609Z,FALSE,"",13:55,FALSE
fare_BOM-BLR_6E_2026-09-23_T+7_1789528445694_y704,BOM-BLR,EaseMyTrip,6E,6E-192,2026-09-23,T+7,8376,1839,10215,2026-09-16T02:53:50.609Z,FALSE,"",13:55,FALSE
fare_BOM-BLR_IX_2026-09-23_T+7_1789528445694_mnof,BOM-BLR,EaseMyTrip,IX,IX-1238,2026-09-23,T+7,8754,1922,10676,2026-09-16T02:53:50.609Z,FALSE,"",12:25,FALSE
fare_BOM-BLR_AI_2026-09-23_T+7_1789528445694_bz31,BOM-BLR,EaseMyTrip,AI,AI-639,2026-09-23,T+7,8747,1920,10667,2026-09-16T02:53:50.609Z,FALSE,"",22:55,FALSE
fare_BOM-BLR_AI_2026-09-23_T+7_1789528445694_bhy6,BOM-BLR,EaseMyTrip,AI,AI-2787,2026-09-23,T+7,9070,1991,11061,2026-09-16T02:53:50.609Z,FALSE,"",06:35,FALSE
fare_BOM-BLR_AI_2026-09-23_T+7_1789528445694_hzml,BOM-BLR,EaseMyTrip,AI,AI-2855,2026-09-23,T+7,9070,1991,11061,2026-09-16T02:53:50.609Z,FALSE,"",10:05,FALSE
fare_BOM-BLR_AI_2026-09-23_T+7_1789528445694_zz1m,BOM-BLR,EaseMyTrip,AI,AI-435,2026-09-23,T+7,9250,2031,11281,2026-09-16T02:53:50.609Z,FALSE,"",18:10,FALSE
fare_BOM-BLR_AI_2026-09-23_T+7_1789528445694_k40m,BOM-BLR,EaseMyTrip,AI,AI-2821,2026-09-23,T+7,9290,2039,11329,2026-09-16T02:53:50.609Z,FALSE,"",06:40,FALSE
fare_BOM-BLR_6E_2026-09-23_T+7_1789528445694_2oi8,BOM-BLR,EaseMyTrip,6E,6E-5178,2026-09-23,T+7,9547,2096,11643,2026-09-16T02:53:50.609Z,FALSE,"",11:45,FALSE
fare_BOM-BLR_6E_2026-09-23_T+7_1789528445694_opux,BOM-BLR,EaseMyTrip,6E,6E-306,2026-09-23,T+7,9906,2174,12080,2026-09-16T02:53:50.609Z,FALSE,"",11:20,FALSE
fare_BOM-BLR_6E_2026-09-23_T+7_1789528445694_sg4j,BOM-BLR,EaseMyTrip,6E,6E-941,2026-09-23,T+7,9906,2174,12080,2026-09-16T02:53:50.609Z,FALSE,"",11:20,FALSE
fare_BOM-BLR_AI_2026-09-23_T+7_1789528445694_f253,BOM-BLR,EaseMyTrip,AI,AI-2625,2026-09-23,T+7,10284,2257,12541,2026-09-16T02:53:50.609Z,FALSE,"",06:00,FALSE
fare_BOM-BLR_6E_2026-09-23_T+7_1789528445694_4ax8,BOM-BLR,EaseMyTrip,6E,6E-5318,2026-09-23,T+7,10261,2252,12513,2026-09-16T02:53:50.609Z,FALSE,"",10:15,FALSE
fare_BOM-BLR_AI_2026-09-23_T+7_1789528445694_cb17,BOM-BLR,EaseMyTrip,AI,AI-2531,2026-09-23,T+7,11888,2609,14497,2026-09-16T02:53:50.609Z,FALSE,"",15:05,FALSE
fare_BOM-BLR_AI_2026-09-23_T+7_1789528445694_scbe,BOM-BLR,EaseMyTrip,AI,AI-2471,2026-09-23,T+7,14325,3145,17470,2026-09-16T02:53:50.609Z,TRUE,"High outlier: ₹17470 > upper fence ₹16213 (Q3: ₹9763, IQR: ₹4300)",11:30,FALSE
fare_BOM-BLR_AI_2026-09-23_T+7_1789528445694_db0w,BOM-BLR,EaseMyTrip,AI,AI-2741,2026-09-23,T+7,14752,3238,17990,2026-09-16T02:53:50.609Z,TRUE,"High outlier: ₹17990 > upper fence ₹16213 (Q3: ₹9763, IQR: ₹4300)",07:40,FALSE
fare_BOM-BLR_AI_2026-09-23_T+7_1789528445694_evu9,BOM-BLR,EaseMyTrip,AI,AI-2663,2026-09-23,T+7,24488,5376,29864,2026-09-16T02:53:50.609Z,TRUE,"High outlier: ₹29864 > upper fence ₹16213 (Q3: ₹9763, IQR: ₹4300)",10:25,FALSE
fare_BOM-DEL_IX_2026-09-17_T+1_1789528445695_blnf,BOM-DEL,EaseMyTrip,IX,IX-2153,2026-09-17,T+1,5349,1174,6523,2026-09-16T02:52:16.052Z,FALSE,"",20:25,TRUE
fare_BOM-DEL_IX_2026-09-17_T+1_1789528445695_udyn,BOM-DEL,EaseMyTrip,IX,IX-1364,2026-09-17,T+1,5349,1174,6523,2026-09-16T02:52:16.052Z,FALSE,"",21:55,TRUE
fare_BOM-DEL_IX_2026-09-17_T+1_1789528445695_umc7,BOM-DEL,EaseMyTrip,IX,IX-1787,2026-09-17,T+1,5120,1124,6244,2026-09-16T02:52:16.052Z,FALSE,"",13:10,FALSE
fare_BOM-DEL_SG_2026-09-17_T+1_1789528445695_vvnc,BOM-DEL,EaseMyTrip,SG,SG-9401,2026-09-17,T+1,5242,1151,6393,2026-09-16T02:52:16.052Z,FALSE,"",15:05,TRUE
fare_BOM-DEL_SG_2026-09-17_T+1_1789528445695_k9eo,BOM-DEL,EaseMyTrip,SG,SG-639,2026-09-17,T+1,5242,1151,6393,2026-09-16T02:52:16.052Z,FALSE,"",23:25,TRUE
fare_BOM-DEL_SG_2026-09-17_T+1_1789528445695_yiyj,BOM-DEL,EaseMyTrip,SG,SG-858,2026-09-17,T+1,5242,1151,6393,2026-09-16T02:52:16.052Z,FALSE,"",23:25,TRUE
fare_BOM-DEL_SG_2026-09-17_T+1_1789528445695_l0nh,BOM-DEL,EaseMyTrip,SG,SG-2803,2026-09-17,T+1,5242,1151,6393,2026-09-16T02:52:16.052Z,FALSE,"",01:55,TRUE
fare_BOM-DEL_IX_2026-09-17_T+1_1789528445695_hd4b,BOM-DEL,EaseMyTrip,IX,IX-1671,2026-09-17,T+1,5348,1174,6522,2026-09-16T02:52:16.052Z,FALSE,"",16:45,TRUE
fare_BOM-DEL_IX_2026-09-17_T+1_1789528445695_hmdv,BOM-DEL,EaseMyTrip,IX,IX-1050,2026-09-17,T+1,5683,1247,6930,2026-09-16T02:52:16.052Z,FALSE,"",08:55,TRUE
fare_BOM-DEL_6E_2026-09-17_T+1_1789528445695_jkjz,BOM-DEL,EaseMyTrip,6E,6E-554,2026-09-17,T+1,5349,1174,6523,2026-09-16T02:52:16.052Z,FALSE,"",05:00,TRUE
fare_BOM-DEL_6E_2026-09-17_T+1_1789528445695_a6aq,BOM-DEL,EaseMyTrip,6E,6E-560,2026-09-17,T+1,5349,1174,6523,2026-09-16T02:52:16.052Z,FALSE,"",05:00,TRUE
fare_BOM-DEL_6E_2026-09-17_T+1_1789528445695_bu3p,BOM-DEL,EaseMyTrip,6E,6E-6082,2026-09-17,T+1,5349,1174,6523,2026-09-16T02:52:16.052Z,FALSE,"",16:45,TRUE
fare_BOM-DEL_6E_2026-09-17_T+1_1789528445695_va7t,BOM-DEL,EaseMyTrip,6E,6E-6028,2026-09-17,T+1,5349,1174,6523,2026-09-16T02:52:16.052Z,FALSE,"",12:15,TRUE
fare_BOM-DEL_QP_2026-09-17_T+1_1789528445695_d09n,BOM-DEL,EaseMyTrip,QP,QP-1111,2026-09-17,T+1,5349,1174,6523,2026-09-16T02:52:16.052Z,FALSE,"",05:25,TRUE
fare_BOM-DEL_6E_2026-09-17_T+1_1789528445695_sji2,BOM-DEL,EaseMyTrip,6E,6E-973,2026-09-17,T+1,5349,1174,6523,2026-09-16T02:52:16.052Z,FALSE,"",23:45,TRUE
fare_BOM-DEL_6E_2026-09-17_T+1_1789528445695_gjz0,BOM-DEL,EaseMyTrip,6E,6E-622,2026-09-17,T+1,5349,1174,6523,2026-09-16T02:52:16.052Z,FALSE,"",23:45,TRUE
fare_BOM-DEL_6E_2026-09-17_T+1_1789528445695_wk8n,BOM-DEL,EaseMyTrip,6E,6E-149,2026-09-17,T+1,5349,1174,6523,2026-09-16T02:52:16.052Z,FALSE,"",16:00,TRUE
fare_BOM-DEL_6E_2026-09-17_T+1_1789528445695_hrs8,BOM-DEL,EaseMyTrip,6E,6E-965,2026-09-17,T+1,5349,1174,6523,2026-09-16T02:52:16.052Z,FALSE,"",16:00,TRUE
fare_BOM-DEL_6E_2026-09-17_T+1_1789528445695_knbk,BOM-DEL,EaseMyTrip,6E,6E-536,2026-09-17,T+1,5349,1174,6523,2026-09-16T02:52:16.052Z,FALSE,"",15:00,TRUE
fare_BOM-DEL_6E_2026-09-17_T+1_1789528445695_e056,BOM-DEL,EaseMyTrip,6E,6E-148,2026-09-17,T+1,5349,1174,6523,2026-09-16T02:52:16.052Z,FALSE,"",15:00,TRUE
fare_BOM-DEL_6E_2026-09-17_T+1_1789528445695_mwbd,BOM-DEL,EaseMyTrip,6E,6E-627,2026-09-17,T+1,5349,1174,6523,2026-09-16T02:52:16.052Z,FALSE,"",13:00,TRUE
fare_BOM-DEL_6E_2026-09-17_T+1_1789528445695_gbe1,BOM-DEL,EaseMyTrip,6E,6E-867,2026-09-17,T+1,5349,1174,6523,2026-09-16T02:52:16.052Z,FALSE,"",13:00,TRUE
fare_BOM-DEL_6E_2026-09-17_T+1_1789528445695_5hvo,BOM-DEL,EaseMyTrip,6E,6E-6704,2026-09-17,T+1,5349,1174,6523,2026-09-16T02:52:16.052Z,FALSE,"",14:00,TRUE
fare_BOM-DEL_6E_2026-09-17_T+1_1789528445695_jk0g,BOM-DEL,EaseMyTrip,6E,6E-6827,2026-09-17,T+1,5349,1174,6523,2026-09-16T02:52:16.052Z,FALSE,"",11:30,TRUE
fare_BOM-DEL_QP_2026-09-17_T+1_1789528445695_oi0k,BOM-DEL,EaseMyTrip,QP,QP-1127,2026-09-17,T+1,5349,1174,6523,2026-09-16T02:52:16.052Z,FALSE,"",13:00,TRUE
fare_BOM-DEL_QP_2026-09-17_T+1_1789528445695_4jgm,BOM-DEL,EaseMyTrip,QP,QP-1819,2026-09-17,T+1,5349,1174,6523,2026-09-16T02:52:16.052Z,FALSE,"",14:30,TRUE
fare_BOM-DEL_QP_2026-09-17_T+1_1789528445695_5k13,BOM-DEL,EaseMyTrip,QP,QP-1834,2026-09-17,T+1,5349,1174,6523,2026-09-16T02:52:16.052Z,FALSE,"",10:20,TRUE
fare_BOM-DEL_QP_2026-09-17_T+1_1789528445695_p7ob,BOM-DEL,EaseMyTrip,QP,QP-1825,2026-09-17,T+1,5349,1174,6523,2026-09-16T02:52:16.052Z,FALSE,"",16:50,TRUE
fare_BOM-DEL_6E_2026-09-17_T+1_1789528445695_njet,BOM-DEL,EaseMyTrip,6E,6E-990,2026-09-17,T+1,5349,1174,6523,2026-09-16T02:52:16.052Z,FALSE,"",17:20,TRUE
fare_BOM-DEL_6E_2026-09-17_T+1_1789528445695_g4ca,BOM-DEL,EaseMyTrip,6E,6E-170,2026-09-17,T+1,5349,1174,6523,2026-09-16T02:52:16.052Z,FALSE,"",17:20,TRUE
fare_BOM-DEL_6E_2026-09-17_T+1_1789528445695_4ddr,BOM-DEL,EaseMyTrip,6E,6E-354,2026-09-17,T+1,5349,1174,6523,2026-09-16T02:52:16.052Z,FALSE,"",10:35,TRUE
fare_BOM-DEL_6E_2026-09-17_T+1_1789528445695_wl8z,BOM-DEL,EaseMyTrip,6E,6E-126,2026-09-17,T+1,5349,1174,6523,2026-09-16T02:52:16.052Z,FALSE,"",10:35,TRUE
fare_BOM-DEL_QP_2026-09-17_T+1_1789528445695_djqw,BOM-DEL,EaseMyTrip,QP,QP-1835,2026-09-17,T+1,5349,1174,6523,2026-09-16T02:52:16.052Z,FALSE,"",11:50,TRUE
fare_BOM-DEL_AI_2026-09-17_T+1_1789528445695_j4td,BOM-DEL,EaseMyTrip,AI,AI-2422,2026-09-17,T+1,5545,1217,6762,2026-09-16T02:52:16.052Z,FALSE,"",01:00,TRUE
fare_BOM-DEL_AI_2026-09-17_T+1_1789528445695_d0a8,BOM-DEL,EaseMyTrip,AI,AI-1882,2026-09-17,T+1,5545,1217,6762,2026-09-16T02:52:16.052Z,FALSE,"",23:55,TRUE
fare_BOM-DEL_QP_2026-09-17_T+1_1789528445695_47o6,BOM-DEL,EaseMyTrip,QP,QP-1939,2026-09-17,T+1,5423,1191,6614,2026-09-16T02:52:16.052Z,FALSE,"",10:10,TRUE
fare_BOM-DEL_6E_2026-09-17_T+1_1789528445695_pgau,BOM-DEL,EaseMyTrip,6E,6E-863,2026-09-17,T+1,5457,1198,6655,2026-09-16T02:52:16.052Z,FALSE,"",14:40,FALSE
fare_BOM-DEL_6E_2026-09-17_T+1_1789528445695_y7o9,BOM-DEL,EaseMyTrip,6E,6E-288,2026-09-17,T+1,5457,1198,6655,2026-09-16T02:52:16.052Z,FALSE,"",14:40,FALSE
fare_BOM-DEL_6E_2026-09-17_T+1_1789528445695_h2h5,BOM-DEL,EaseMyTrip,6E,6E-5107,2026-09-17,T+1,5457,1198,6655,2026-09-16T02:52:16.052Z,FALSE,"",20:00,FALSE
fare_BOM-DEL_AI_2026-09-17_T+1_1789528445695_w4ei,BOM-DEL,EaseMyTrip,AI,AI-2677,2026-09-17,T+1,5638,1237,6875,2026-09-16T02:52:16.052Z,FALSE,"",13:00,TRUE
fare_BOM-DEL_AI_2026-09-17_T+1_1789528445695_bfkr,BOM-DEL,EaseMyTrip,AI,AI-2952,2026-09-17,T+1,5638,1237,6875,2026-09-16T02:52:16.052Z,FALSE,"",11:25,TRUE
fare_BOM-DEL_AI_2026-09-17_T+1_1789528445695_dfaz,BOM-DEL,EaseMyTrip,AI,AI-2419,2026-09-17,T+1,5638,1237,6875,2026-09-16T02:52:16.052Z,FALSE,"",12:00,TRUE
fare_BOM-DEL_AI_2026-09-17_T+1_1789528445695_n77g,BOM-DEL,EaseMyTrip,AI,AI-2960,2026-09-17,T+1,5638,1237,6875,2026-09-16T02:52:16.052Z,FALSE,"",14:05,TRUE
fare_BOM-DEL_AI_2026-09-17_T+1_1789528445695_l8wt,BOM-DEL,EaseMyTrip,AI,AI-2944,2026-09-17,T+1,5638,1237,6875,2026-09-16T02:52:16.052Z,FALSE,"",14:35,TRUE
fare_BOM-DEL_AI_2026-09-17_T+1_1789528445695_9stk,BOM-DEL,EaseMyTrip,AI,AI-1851,2026-09-17,T+1,5638,1237,6875,2026-09-16T02:52:16.052Z,FALSE,"",15:30,TRUE
fare_BOM-DEL_6E_2026-09-17_T+1_1789528445695_de19,BOM-DEL,EaseMyTrip,6E,6E-279,2026-09-17,T+1,5510,1210,6720,2026-09-16T02:52:16.052Z,FALSE,"",22:15,TRUE
fare_BOM-DEL_6E_2026-09-17_T+1_1789528445695_9p7v,BOM-DEL,EaseMyTrip,6E,6E-410,2026-09-17,T+1,5510,1210,6720,2026-09-16T02:52:16.052Z,FALSE,"",22:15,TRUE
fare_BOM-DEL_6E_2026-09-17_T+1_1789528445695_kusb,BOM-DEL,EaseMyTrip,6E,6E-295,2026-09-17,T+1,5510,1210,6720,2026-09-16T02:52:16.052Z,FALSE,"",21:15,TRUE
fare_BOM-DEL_6E_2026-09-17_T+1_1789528445695_t9wp,BOM-DEL,EaseMyTrip,6E,6E-772,2026-09-17,T+1,5510,1210,6720,2026-09-16T02:52:16.052Z,FALSE,"",21:15,TRUE
fare_BOM-DEL_6E_2026-09-17_T+1_1789528445695_k7r6,BOM-DEL,EaseMyTrip,6E,6E-6613,2026-09-17,T+1,5510,1210,6720,2026-09-16T02:52:16.052Z,FALSE,"",18:15,TRUE
fare_BOM-DEL_6E_2026-09-17_T+1_1789528445695_awgc,BOM-DEL,EaseMyTrip,6E,6E-6052,2026-09-17,T+1,5510,1210,6720,2026-09-16T02:52:16.052Z,FALSE,"",10:00,TRUE
fare_BOM-DEL_QP_2026-09-17_T+1_1789528445695_n0nw,BOM-DEL,EaseMyTrip,QP,QP-1120,2026-09-17,T+1,5544,1217,6761,2026-09-16T02:52:16.052Z,FALSE,"",18:55,TRUE
fare_BOM-DEL_6E_2026-09-17_T+1_1789528445695_its8,BOM-DEL,EaseMyTrip,6E,6E-671,2026-09-17,T+1,5552,1219,6771,2026-09-16T02:52:16.052Z,FALSE,"",17:20,TRUE
fare_BOM-DEL_6E_2026-09-17_T+1_1789528445695_76wq,BOM-DEL,EaseMyTrip,6E,6E-913,2026-09-17,T+1,5552,1219,6771,2026-09-16T02:52:16.052Z,FALSE,"",17:20,TRUE
fare_BOM-DEL_6E_2026-09-17_T+1_1789528445695_ov1r,BOM-DEL,EaseMyTrip,6E,6E-5197,2026-09-17,T+1,5553,1219,6772,2026-09-16T02:52:16.052Z,FALSE,"",06:40,TRUE
fare_BOM-DEL_6E_2026-09-17_T+1_1789528445695_0l5x,BOM-DEL,EaseMyTrip,6E,6E-6027,2026-09-17,T+1,5565,1221,6786,2026-09-16T02:52:16.052Z,FALSE,"",17:35,FALSE
fare_BOM-DEL_6E_2026-09-17_T+1_1789528445695_j8d6,BOM-DEL,EaseMyTrip,6E,6E-6599,2026-09-17,T+1,5565,1221,6786,2026-09-16T02:52:16.052Z,FALSE,"",16:50,FALSE
fare_BOM-DEL_6E_2026-09-17_T+1_1789528445695_5lz8,BOM-DEL,EaseMyTrip,6E,6E-5164,2026-09-17,T+1,5565,1221,6786,2026-09-16T02:52:16.052Z,FALSE,"",20:35,FALSE
fare_BOM-DEL_6E_2026-09-17_T+1_1789528445695_2p4a,BOM-DEL,EaseMyTrip,6E,6E-5147,2026-09-17,T+1,5565,1221,6786,2026-09-16T02:52:16.052Z,FALSE,"",18:35,FALSE
fare_BOM-DEL_6E_2026-09-17_T+1_1789528445695_yuln,BOM-DEL,EaseMyTrip,6E,6E-5181,2026-09-17,T+1,5565,1221,6786,2026-09-16T02:52:16.052Z,FALSE,"",10:25,FALSE
fare_BOM-DEL_6E_2026-09-17_T+1_1789528445695_lfnm,BOM-DEL,EaseMyTrip,6E,6E-6802,2026-09-17,T+1,5565,1221,6786,2026-09-16T02:52:16.052Z,FALSE,"",16:55,FALSE
fare_BOM-DEL_6E_2026-09-17_T+1_1789528445695_e2vj,BOM-DEL,EaseMyTrip,6E,6E-5273,2026-09-17,T+1,5565,1221,6786,2026-09-16T02:52:16.052Z,FALSE,"",18:35,FALSE
fare_BOM-DEL_6E_2026-09-17_T+1_1789528445695_c4nt,BOM-DEL,EaseMyTrip,6E,6E-5345,2026-09-17,T+1,5565,1221,6786,2026-09-16T02:52:16.052Z,FALSE,"",14:25,FALSE
fare_BOM-DEL_6E_2026-09-17_T+1_1789528445695_xbg4,BOM-DEL,EaseMyTrip,6E,6E-6122,2026-09-17,T+1,5565,1221,6786,2026-09-16T02:52:16.052Z,FALSE,"",12:25,FALSE
fare_BOM-DEL_6E_2026-09-17_T+1_1789528445695_3ugm,BOM-DEL,EaseMyTrip,6E,6E-5131,2026-09-17,T+1,5565,1221,6786,2026-09-16T02:52:16.052Z,FALSE,"",15:50,FALSE
fare_BOM-DEL_AI_2026-09-17_T+1_1789528445695_foko,BOM-DEL,EaseMyTrip,AI,AI-2986,2026-09-17,T+1,5766,1266,7032,2026-09-16T02:52:16.052Z,FALSE,"",22:35,TRUE
fare_BOM-DEL_AI_2026-09-17_T+1_1789528445695_morb,BOM-DEL,EaseMyTrip,AI,AI-816,2026-09-17,T+1,5767,1266,7033,2026-09-16T02:52:16.052Z,FALSE,"",21:00,TRUE
fare_BOM-DEL_AI_2026-09-17_T+1_1789528445695_3u50,BOM-DEL,EaseMyTrip,AI,AI-1895,2026-09-17,T+1,5767,1266,7033,2026-09-16T02:52:16.052Z,FALSE,"",21:30,TRUE
fare_BOM-DEL_AI_2026-09-17_T+1_1789528445695_px4z,BOM-DEL,EaseMyTrip,AI,AI-2988,2026-09-17,T+1,5767,1266,7033,2026-09-16T02:52:16.052Z,FALSE,"",20:30,TRUE
fare_BOM-DEL_AI_2026-09-17_T+1_1789528445695_xsxs,BOM-DEL,EaseMyTrip,AI,AI-2687,2026-09-17,T+1,5767,1266,7033,2026-09-16T02:52:16.052Z,FALSE,"",16:35,TRUE
fare_BOM-DEL_AI_2026-09-17_T+1_1789528445695_bcw7,BOM-DEL,EaseMyTrip,AI,AI-2440,2026-09-17,T+1,5767,1266,7033,2026-09-16T02:52:16.052Z,FALSE,"",18:00,TRUE
fare_BOM-DEL_6E_2026-09-17_T+1_1789528445695_bd73,BOM-DEL,EaseMyTrip,6E,6E-5028,2026-09-17,T+1,5629,1236,6865,2026-09-16T02:52:16.052Z,FALSE,"",19:35,FALSE
fare_BOM-DEL_6E_2026-09-17_T+1_1789528445695_qzlo,BOM-DEL,EaseMyTrip,6E,6E-998,2026-09-17,T+1,5629,1236,6865,2026-09-16T02:52:16.052Z,FALSE,"",19:20,FALSE
fare_BOM-DEL_6E_2026-09-17_T+1_1789528445695_frxe,BOM-DEL,EaseMyTrip,6E,6E-651,2026-09-17,T+1,5629,1236,6865,2026-09-16T02:52:16.052Z,FALSE,"",19:20,FALSE
fare_BOM-DEL_6E_2026-09-17_T+1_1789528445695_rz8m,BOM-DEL,EaseMyTrip,6E,6E-6049,2026-09-17,T+1,5683,1247,6930,2026-09-16T02:52:16.052Z,FALSE,"",19:45,TRUE
fare_BOM-DEL_6E_2026-09-17_T+1_1789528445695_3i6m,BOM-DEL,EaseMyTrip,6E,6E-885,2026-09-17,T+1,5683,1247,6930,2026-09-16T02:52:16.052Z,FALSE,"",19:00,TRUE
fare_BOM-DEL_6E_2026-09-17_T+1_1789528445695_8a12,BOM-DEL,EaseMyTrip,6E,6E-249,2026-09-17,T+1,5683,1247,6930,2026-09-16T02:52:16.052Z,FALSE,"",19:00,TRUE
fare_BOM-DEL_6E_2026-09-17_T+1_1789528445695_q2kn,BOM-DEL,EaseMyTrip,6E,6E-525,2026-09-17,T+1,5683,1247,6930,2026-09-16T02:52:16.052Z,FALSE,"",09:00,TRUE
fare_BOM-DEL_6E_2026-09-17_T+1_1789528445695_a8ar,BOM-DEL,EaseMyTrip,6E,6E-606,2026-09-17,T+1,5683,1247,6930,2026-09-16T02:52:16.052Z,FALSE,"",09:00,TRUE
fare_BOM-DEL_6E_2026-09-17_T+1_1789528445695_y40v,BOM-DEL,EaseMyTrip,6E,6E-604,2026-09-17,T+1,5683,1247,6930,2026-09-16T02:52:16.052Z,FALSE,"",20:20,TRUE
fare_BOM-DEL_6E_2026-09-17_T+1_1789528445695_grey,BOM-DEL,EaseMyTrip,6E,6E-435,2026-09-17,T+1,5683,1247,6930,2026-09-16T02:52:16.052Z,FALSE,"",20:20,TRUE
fare_BOM-DEL_6E_2026-09-17_T+1_1789528445695_49en,BOM-DEL,EaseMyTrip,6E,6E-2090,2026-09-17,T+1,5724,1257,6981,2026-09-16T02:52:16.052Z,FALSE,"",06:25,TRUE
fare_BOM-DEL_6E_2026-09-17_T+1_1789528445695_ev55,BOM-DEL,EaseMyTrip,6E,6E-5056,2026-09-17,T+1,5737,1259,6996,2026-09-16T02:52:16.052Z,FALSE,"",21:10,FALSE
fare_BOM-DEL_6E_2026-09-17_T+1_1789528445695_8ouz,BOM-DEL,EaseMyTrip,6E,6E-5178,2026-09-17,T+1,5737,1259,6996,2026-09-16T02:52:16.052Z,FALSE,"",11:45,FALSE
fare_BOM-DEL_6E_2026-09-17_T+1_1789528445695_yzgs,BOM-DEL,EaseMyTrip,6E,6E-6195,2026-09-17,T+1,5737,1259,6996,2026-09-16T02:52:16.052Z,FALSE,"",23:00,FALSE
fare_BOM-DEL_6E_2026-09-17_T+1_1789528445695_89bs,BOM-DEL,EaseMyTrip,6E,6E-5326,2026-09-17,T+1,5737,1259,6996,2026-09-16T02:52:16.052Z,FALSE,"",19:40,FALSE
fare_BOM-DEL_AI_2026-09-17_T+1_1789528445695_o8h9,BOM-DEL,EaseMyTrip,AI,AI-2430,2026-09-17,T+1,5939,1304,7243,2026-09-16T02:52:16.052Z,FALSE,"",10:00,TRUE
fare_BOM-DEL_AI_2026-09-17_T+1_1789528445695_ftgz,BOM-DEL,EaseMyTrip,AI,AI-2928,2026-09-17,T+1,6307,1385,7692,2026-09-16T02:52:16.052Z,FALSE,"",06:30,TRUE
fare_BOM-DEL_6E_2026-09-17_T+1_1789528445695_43nj,BOM-DEL,EaseMyTrip,6E,6E-811,2026-09-17,T+1,6156,1351,7507,2026-09-16T02:52:16.052Z,FALSE,"",06:00,TRUE
fare_BOM-DEL_6E_2026-09-17_T+1_1789528445695_pajh,BOM-DEL,EaseMyTrip,6E,6E-929,2026-09-17,T+1,6156,1351,7507,2026-09-16T02:52:16.052Z,FALSE,"",06:00,TRUE
fare_BOM-DEL_AI_2026-09-17_T+1_1789528445695_tby5,BOM-DEL,EaseMyTrip,AI,AI-2432,2026-09-17,T+1,6574,1443,8017,2026-09-16T02:52:16.052Z,FALSE,"",09:30,TRUE
fare_BOM-DEL_6E_2026-09-17_T+1_1789528445695_am63,BOM-DEL,EaseMyTrip,6E,6E-7017,2026-09-17,T+1,6498,1426,7924,2026-09-16T02:52:16.052Z,FALSE,"",21:30,FALSE
fare_BOM-DEL_AI_2026-09-17_T+1_1789528445695_wulf,BOM-DEL,EaseMyTrip,AI,AI-2940,2026-09-17,T+1,6840,1501,8341,2026-09-16T02:52:16.052Z,FALSE,"",20:00,TRUE
fare_BOM-DEL_AI_2026-09-17_T+1_1789528445695_tjj7,BOM-DEL,EaseMyTrip,AI,AI-2428,2026-09-17,T+1,6896,1514,8410,2026-09-16T02:52:16.052Z,FALSE,"",08:00,TRUE
fare_BOM-DEL_6E_2026-09-17_T+1_1789528445695_budu,BOM-DEL,EaseMyTrip,6E,6E-658,2026-09-17,T+1,6909,1517,8426,2026-09-16T02:52:16.052Z,FALSE,"",17:45,FALSE
fare_BOM-DEL_6E_2026-09-17_T+1_1789528445695_up3x,BOM-DEL,EaseMyTrip,6E,6E-837,2026-09-17,T+1,6909,1517,8426,2026-09-16T02:52:16.052Z,FALSE,"",17:45,FALSE
fare_BOM-DEL_QP_2026-09-17_T+1_1789528445695_0y9o,BOM-DEL,EaseMyTrip,QP,QP-1109,2026-09-17,T+1,7018,1541,8559,2026-09-16T02:52:16.052Z,FALSE,"",07:00,TRUE
fare_BOM-DEL_6E_2026-09-17_T+1_1789528445695_s37u,BOM-DEL,EaseMyTrip,6E,6E-5101,2026-09-17,T+1,7075,1553,8628,2026-09-16T02:52:16.052Z,FALSE,"",10:20,FALSE
fare_BOM-DEL_6E_2026-09-17_T+1_1789528445695_e7fn,BOM-DEL,EaseMyTrip,6E,6E-2024,2026-09-17,T+1,7159,1572,8731,2026-09-16T02:52:16.052Z,FALSE,"",09:15,FALSE
fare_BOM-DEL_AI_2026-09-17_T+1_1789528445695_cgzn,BOM-DEL,EaseMyTrip,AI,AI-2408,2026-09-17,T+1,7532,1653,9185,2026-09-16T02:52:16.052Z,FALSE,"",19:30,TRUE
fare_BOM-DEL_6E_2026-09-17_T+1_1789528445695_qhco,BOM-DEL,EaseMyTrip,6E,6E-5059,2026-09-17,T+1,7450,1635,9085,2026-09-16T02:52:16.052Z,FALSE,"",05:45,FALSE
fare_BOM-DEL_6E_2026-09-17_T+1_1789528445695_c1r1,BOM-DEL,EaseMyTrip,6E,6E-821,2026-09-17,T+1,7491,1644,9135,2026-09-16T02:52:16.052Z,FALSE,"",08:00,TRUE
fare_BOM-DEL_6E_2026-09-17_T+1_1789528445695_yp37,BOM-DEL,EaseMyTrip,6E,6E-341,2026-09-17,T+1,7491,1644,9135,2026-09-16T02:52:16.052Z,FALSE,"",08:00,TRUE
fare_BOM-DEL_AI_2026-09-17_T+1_1789528445695_cr6u,BOM-DEL,EaseMyTrip,AI,AI-2424,2026-09-17,T+1,7792,1710,9502,2026-09-16T02:52:16.052Z,FALSE,"",07:00,TRUE
fare_BOM-DEL_AI_2026-09-17_T+1_1789528445695_2dpb,BOM-DEL,EaseMyTrip,AI,AI-1891,2026-09-17,T+1,7830,1719,9549,2026-09-16T02:52:16.052Z,FALSE,"",08:10,TRUE
fare_BOM-DEL_6E_2026-09-17_T+1_1789528445695_stx3,BOM-DEL,EaseMyTrip,6E,6E-820,2026-09-17,T+1,8007,1758,9765,2026-09-16T02:52:16.052Z,FALSE,"",07:00,TRUE
fare_BOM-DEL_6E_2026-09-17_T+1_1789528445695_26vo,BOM-DEL,EaseMyTrip,6E,6E-722,2026-09-17,T+1,8007,1758,9765,2026-09-16T02:52:16.052Z,FALSE,"",07:00,TRUE
fare_BOM-DEL_6E_2026-09-17_T+1_1789528445695_hs2w,BOM-DEL,EaseMyTrip,6E,6E-734,2026-09-17,T+1,8053,1768,9821,2026-09-16T02:52:16.052Z,FALSE,"",04:30,FALSE
fare_BOM-DEL_6E_2026-09-17_T+1_1789528445695_v6dv,BOM-DEL,EaseMyTrip,6E,6E-819,2026-09-17,T+1,8053,1768,9821,2026-09-16T02:52:16.052Z,FALSE,"",04:30,FALSE
fare_BOM-DEL_IX_2026-09-17_T+1_1789528445695_37es,BOM-DEL,EaseMyTrip,IX,IX-1026,2026-09-17,T+1,8341,1831,10172,2026-09-16T02:52:16.052Z,FALSE,"",05:45,FALSE
fare_BOM-DEL_6E_2026-09-17_T+1_1789528445695_gb3z,BOM-DEL,EaseMyTrip,6E,6E-5228,2026-09-17,T+1,8357,1835,10192,2026-09-16T02:52:16.052Z,FALSE,"",16:45,FALSE
fare_BOM-DEL_6E_2026-09-17_T+1_1789528445695_jqea,BOM-DEL,EaseMyTrip,6E,6E-6361,2026-09-17,T+1,8422,1849,10271,2026-09-16T02:52:16.052Z,FALSE,"",05:00,FALSE
fare_BOM-DEL_AI_2026-09-17_T+1_1789528445695_0ohg,BOM-DEL,EaseMyTrip,AI,AI-2970,2026-09-17,T+1,8770,1925,10695,2026-09-16T02:52:16.052Z,FALSE,"",08:30,TRUE
fare_BOM-DEL_IX_2026-09-17_T+1_1789528445695_9ocr,BOM-DEL,EaseMyTrip,IX,IX-1238,2026-09-17,T+1,8912,1956,10868,2026-09-16T02:52:16.052Z,FALSE,"",12:25,FALSE
fare_BOM-DEL_6E_2026-09-17_T+1_1789528445695_e20i,BOM-DEL,EaseMyTrip,6E,6E-582,2026-09-17,T+1,8768,1925,10693,2026-09-16T02:52:16.052Z,FALSE,"",04:00,FALSE
fare_BOM-DEL_6E_2026-09-17_T+1_1789528445695_37ch,BOM-DEL,EaseMyTrip,6E,6E-948,2026-09-17,T+1,8768,1925,10693,2026-09-16T02:52:16.052Z,FALSE,"",04:00,FALSE
fare_BOM-DEL_AI_2026-09-17_T+1_1789528445695_ogf8,BOM-DEL,EaseMyTrip,AI,AI-2491,2026-09-17,T+1,9175,2014,11189,2026-09-16T02:52:16.052Z,FALSE,"",11:15,FALSE
fare_BOM-DEL_6E_2026-09-17_T+1_1789528445695_d3hd,BOM-DEL,EaseMyTrip,6E,6E-5386,2026-09-17,T+1,9048,1986,11034,2026-09-16T02:52:16.052Z,FALSE,"",15:10,FALSE
fare_BOM-DEL_6E_2026-09-17_T+1_1789528445695_018c,BOM-DEL,EaseMyTrip,6E,6E-2237,2026-09-17,T+1,9306,2043,11349,2026-09-16T02:52:16.052Z,FALSE,"",18:40,FALSE
fare_BOM-DEL_AI_2026-09-17_T+1_1789528445695_2vdi,BOM-DEL,EaseMyTrip,AI,AI-9753,2026-09-17,T+1,9502,2086,11588,2026-09-16T02:52:16.052Z,FALSE,"",05:45,FALSE
fare_BOM-DEL_6E_2026-09-17_T+1_1789528445695_h9xf,BOM-DEL,EaseMyTrip,6E,6E-5154,2026-09-17,T+1,9634,2115,11749,2026-09-16T02:52:16.052Z,FALSE,"",15:45,FALSE
fare_BOM-DEL_6E_2026-09-17_T+1_1789528445695_33k2,BOM-DEL,EaseMyTrip,6E,6E-5318,2026-09-17,T+1,9806,2153,11959,2026-09-16T02:52:16.052Z,FALSE,"",10:15,FALSE
fare_BOM-DEL_IX_2026-09-17_T+1_1789528445695_itmb,BOM-DEL,EaseMyTrip,IX,IX-1163,2026-09-17,T+1,10020,2199,12219,2026-09-16T02:52:16.052Z,FALSE,"",20:45,FALSE
fare_BOM-DEL_IX_2026-09-17_T+1_1789528445695_b2be,BOM-DEL,EaseMyTrip,IX,IX-1237,2026-09-17,T+1,11169,2452,13621,2026-09-16T02:52:16.052Z,FALSE,"",05:55,FALSE
fare_BOM-DEL_6E_2026-09-17_T+1_1789528445695_pvwq,BOM-DEL,EaseMyTrip,6E,6E-332,2026-09-17,T+1,10228,2245,12473,2026-09-16T02:52:16.052Z,FALSE,"",01:30,FALSE
fare_BOM-DEL_6E_2026-09-17_T+1_1789528445695_i7ul,BOM-DEL,EaseMyTrip,6E,6E-950,2026-09-17,T+1,10228,2245,12473,2026-09-16T02:52:16.052Z,FALSE,"",01:30,FALSE
fare_BOM-DEL_AI_2026-09-17_T+1_1789528445695_m03l,BOM-DEL,EaseMyTrip,AI,AI-2930,2026-09-17,T+1,10938,2401,13339,2026-09-16T02:52:16.052Z,FALSE,"",07:30,TRUE
fare_BOM-DEL_IX_2026-09-17_T+1_1789528445695_xya3,BOM-DEL,EaseMyTrip,IX,IX-1347,2026-09-17,T+1,11804,2591,14395,2026-09-16T02:52:16.052Z,FALSE,"",06:00,FALSE
fare_BOM-DEL_6E_2026-09-17_T+1_1789528445695_q0n7,BOM-DEL,EaseMyTrip,6E,6E-5246,2026-09-17,T+1,11558,2537,14095,2026-09-16T02:52:16.052Z,FALSE,"",07:15,FALSE
fare_BOM-DEL_IX_2026-09-17_T+1_1789528445695_iqdy,BOM-DEL,EaseMyTrip,IX,IX-5985,2026-09-17,T+1,12245,2688,14933,2026-09-16T02:52:16.052Z,FALSE,"",15:35,FALSE
fare_BOM-DEL_AI_2026-09-17_T+1_1789528445695_ovwf,BOM-DEL,EaseMyTrip,AI,AI-2785,2026-09-17,T+1,12484,2740,15224,2026-09-16T02:52:16.052Z,TRUE,"High outlier: ₹15224 > upper fence ₹15130 (Q3: ₹10084, IQR: ₹3364)",06:40,FALSE
fare_BOM-DEL_6E_2026-09-17_T+1_1789528445695_w5s1,BOM-DEL,EaseMyTrip,6E,6E-5281,2026-09-17,T+1,12526,2750,15276,2026-09-16T02:52:16.052Z,TRUE,"High outlier: ₹15276 > upper fence ₹15130 (Q3: ₹10084, IQR: ₹3364)",08:40,FALSE
fare_BOM-DEL_6E_2026-09-17_T+1_1789528445695_oqvx,BOM-DEL,EaseMyTrip,6E,6E-6543,2026-09-17,T+1,12638,2774,15412,2026-09-16T02:52:16.052Z,TRUE,"High outlier: ₹15412 > upper fence ₹15130 (Q3: ₹10084, IQR: ₹3364)",07:50,FALSE
fare_BOM-DEL_AI_2026-09-17_T+1_1789528445695_vur1,BOM-DEL,EaseMyTrip,AI,AI-2659,2026-09-17,T+1,12876,2827,15703,2026-09-16T02:52:16.052Z,TRUE,"High outlier: ₹15703 > upper fence ₹15130 (Q3: ₹10084, IQR: ₹3364)",14:35,FALSE
fare_BOM-DEL_AI_2026-09-17_T+1_1789528445695_00of,BOM-DEL,EaseMyTrip,AI,AI-2741,2026-09-17,T+1,13141,2884,16025,2026-09-16T02:52:16.052Z,TRUE,"High outlier: ₹16025 > upper fence ₹15130 (Q3: ₹10084, IQR: ₹3364)",07:40,FALSE
fare_BOM-DEL_AI_2026-09-17_T+1_1789528445695_ay8p,BOM-DEL,EaseMyTrip,AI,AI-2997,2026-09-17,T+1,14203,3118,17321,2026-09-16T02:52:16.052Z,TRUE,"High outlier: ₹17321 > upper fence ₹15130 (Q3: ₹10084, IQR: ₹3364)",10:10,FALSE
fare_BOM-DEL_6E_2026-09-17_T+1_1789528445695_z8a4,BOM-DEL,EaseMyTrip,6E,6E-2347,2026-09-17,T+1,14238,3125,17363,2026-09-16T02:52:16.052Z,TRUE,"High outlier: ₹17363 > upper fence ₹15130 (Q3: ₹10084, IQR: ₹3364)",08:50,FALSE
fare_BOM-DEL_6E_2026-09-17_T+1_1789528445695_7bcc,BOM-DEL,EaseMyTrip,6E,6E-578,2026-09-17,T+1,15240,3345,18585,2026-09-16T02:52:16.052Z,TRUE,"High outlier: ₹18585 > upper fence ₹15130 (Q3: ₹10084, IQR: ₹3364)",11:20,FALSE
fare_BOM-DEL_6E_2026-09-17_T+1_1789528445695_b8uj,BOM-DEL,EaseMyTrip,6E,6E-110,2026-09-17,T+1,15240,3345,18585,2026-09-16T02:52:16.052Z,TRUE,"High outlier: ₹18585 > upper fence ₹15130 (Q3: ₹10084, IQR: ₹3364)",11:20,FALSE
fare_BOM-DEL_IX_2026-09-17_T+1_1789528445695_et6u,BOM-DEL,EaseMyTrip,IX,IX-1164,2026-09-17,T+1,16422,3605,20027,2026-09-16T02:52:16.052Z,TRUE,"High outlier: ₹20027 > upper fence ₹15130 (Q3: ₹10084, IQR: ₹3364)",17:35,FALSE
fare_BOM-DEL_6E_2026-09-17_T+1_1789528445695_t3qq,BOM-DEL,EaseMyTrip,6E,6E-555,2026-09-17,T+1,16489,3619,20108,2026-09-16T02:52:16.052Z,TRUE,"High outlier: ₹20108 > upper fence ₹15130 (Q3: ₹10084, IQR: ₹3364)",12:40,FALSE
fare_BOM-DEL_6E_2026-09-17_T+1_1789528445695_3a29,BOM-DEL,EaseMyTrip,6E,6E-556,2026-09-17,T+1,16489,3619,20108,2026-09-16T02:52:16.052Z,TRUE,"High outlier: ₹20108 > upper fence ₹15130 (Q3: ₹10084, IQR: ₹3364)",12:40,FALSE
fare_BOM-DEL_6E_2026-09-17_T+1_1789528445695_pj4c,BOM-DEL,EaseMyTrip,6E,6E-5144,2026-09-17,T+1,16726,3671,20397,2026-09-16T02:52:16.052Z,TRUE,"High outlier: ₹20397 > upper fence ₹15130 (Q3: ₹10084, IQR: ₹3364)",06:10,FALSE
fare_BOM-DEL_IX_2026-09-17_T+1_1789528445695_mm5t,BOM-DEL,EaseMyTrip,IX,IX-1283,2026-09-17,T+1,17786,3904,21690,2026-09-16T02:52:16.052Z,TRUE,"High outlier: ₹21690 > upper fence ₹15130 (Q3: ₹10084, IQR: ₹3364)",09:05,FALSE
fare_BOM-DEL_AI_2026-09-17_T+1_1789528445695_qq8g,BOM-DEL,EaseMyTrip,AI,AI-9533,2026-09-17,T+1,21249,4665,25914,2026-09-16T02:52:16.052Z,TRUE,"High outlier: ₹25914 > upper fence ₹15130 (Q3: ₹10084, IQR: ₹3364)",16:30,FALSE
fare_BOM-DEL_AI_2026-09-17_T+1_1789528445695_13m8,BOM-DEL,EaseMyTrip,AI,AI-2781,2026-09-17,T+1,28357,6225,34582,2026-09-16T02:52:16.052Z,TRUE,"High outlier: ₹34582 > upper fence ₹15130 (Q3: ₹10084, IQR: ₹3364)",10:45,FALSE
fare_BOM-GOI_6E_2026-10-01_T+15_1789528445695_fy4x,BOM-GOI,EaseMyTrip,6E,6E-2282,2026-10-01,T+15,5120,1124,6244,2026-09-16T02:57:19.891Z,FALSE,"",20:00,TRUE
fare_BOM-GOI_6E_2026-10-01_T+15_1789528445695_4rp8,BOM-GOI,EaseMyTrip,6E,6E-5241,2026-10-01,T+15,5336,1171,6507,2026-09-16T02:57:19.891Z,FALSE,"",16:40,TRUE
fare_BOM-GOI_6E_2026-10-01_T+15_1789528445695_2sas,BOM-GOI,EaseMyTrip,6E,6E-2070,2026-10-01,T+15,5344,1173,6517,2026-09-16T02:57:19.891Z,FALSE,"",20:25,TRUE
fare_BOM-GOI_QP_2026-10-01_T+15_1789528445695_moge,BOM-GOI,EaseMyTrip,QP,QP-1175,2026-10-01,T+15,5646,1239,6885,2026-09-16T02:57:19.891Z,FALSE,"",18:25,TRUE
fare_BOM-GOI_6E_2026-10-01_T+15_1789528445695_mqnj,BOM-GOI,EaseMyTrip,6E,6E-6361,2026-10-01,T+15,5852,1285,7137,2026-09-16T02:57:19.891Z,FALSE,"",05:00,TRUE
fare_BOM-GOI_IX_2026-10-01_T+15_1789528445695_qj4a,BOM-GOI,EaseMyTrip,IX,IX-1163,2026-10-01,T+15,6274,1377,7651,2026-09-16T02:57:19.891Z,FALSE,"",20:45,TRUE
fare_BOM-GOI_IX_2026-10-01_T+15_1789528445695_uae7,BOM-GOI,EaseMyTrip,IX,IX-2367,2026-10-01,T+15,6678,1466,8144,2026-09-16T02:57:19.891Z,FALSE,"",07:20,TRUE
fare_BOM-GOI_6E_2026-10-01_T+15_1789528445695_up17,BOM-GOI,EaseMyTrip,6E,6E-6362,2026-10-01,T+15,6508,1429,7937,2026-09-16T02:57:19.891Z,FALSE,"",05:45,FALSE
fare_BOM-GOI_6E_2026-10-01_T+15_1789528445695_b98w,BOM-GOI,EaseMyTrip,6E,6E-5246,2026-10-01,T+15,6508,1429,7937,2026-09-16T02:57:19.891Z,FALSE,"",07:15,FALSE
fare_BOM-GOI_6E_2026-10-01_T+15_1789528445695_26xx,BOM-GOI,EaseMyTrip,6E,6E-6187,2026-10-01,T+15,6508,1429,7937,2026-09-16T02:57:19.891Z,FALSE,"",00:30,FALSE
fare_BOM-GOI_6E_2026-10-01_T+15_1789528445695_2v6o,BOM-GOI,EaseMyTrip,6E,6E-5106,2026-10-01,T+15,6541,1436,7977,2026-09-16T02:57:19.891Z,FALSE,"",22:10,TRUE
fare_BOM-GOI_QP_2026-10-01_T+15_1789528445695_yce2,BOM-GOI,EaseMyTrip,QP,QP-1105,2026-10-01,T+15,6576,1444,8020,2026-09-16T02:57:19.891Z,FALSE,"",13:25,TRUE
fare_BOM-GOI_AI_2026-10-01_T+15_1789528445695_7w6m,BOM-GOI,EaseMyTrip,AI,AI-603,2026-10-01,T+15,6816,1496,8312,2026-09-16T02:57:19.891Z,FALSE,"",05:10,TRUE
fare_BOM-GOI_AI_2026-10-01_T+15_1789528445695_qdbb,BOM-GOI,EaseMyTrip,AI,AI-2505,2026-10-01,T+15,6816,1496,8312,2026-09-16T02:57:19.891Z,FALSE,"",19:25,TRUE
fare_BOM-GOI_6E_2026-10-01_T+15_1789528445695_k1ig,BOM-GOI,EaseMyTrip,6E,6E-5177,2026-10-01,T+15,7090,1556,8646,2026-09-16T02:57:19.891Z,FALSE,"",19:10,TRUE
fare_BOM-GOI_6E_2026-10-01_T+15_1789528445695_okwh,BOM-GOI,EaseMyTrip,6E,6E-7077,2026-10-01,T+15,7359,1615,8974,2026-09-16T02:57:19.891Z,FALSE,"",13:15,TRUE
fare_BOM-GOI_6E_2026-10-01_T+15_1789528445695_fo3f,BOM-GOI,EaseMyTrip,6E,6E-7037,2026-10-01,T+15,7359,1615,8974,2026-09-16T02:57:19.891Z,FALSE,"",11:05,TRUE
fare_BOM-GOI_6E_2026-10-01_T+15_1789528445695_3a7i,BOM-GOI,EaseMyTrip,6E,6E-196,2026-10-01,T+15,7402,1625,9027,2026-09-16T02:57:19.891Z,FALSE,"",11:20,TRUE
fare_BOM-GOI_6E_2026-10-01_T+15_1789528445695_h0q3,BOM-GOI,EaseMyTrip,6E,6E-670,2026-10-01,T+15,7402,1625,9027,2026-09-16T02:57:19.891Z,FALSE,"",11:20,TRUE
fare_BOM-GOI_6E_2026-10-01_T+15_1789528445695_ca7a,BOM-GOI,EaseMyTrip,6E,6E-478,2026-10-01,T+15,7402,1625,9027,2026-09-16T02:57:19.891Z,FALSE,"",13:55,TRUE
fare_BOM-GOI_6E_2026-10-01_T+15_1789528445695_pyds,BOM-GOI,EaseMyTrip,6E,6E-436,2026-10-01,T+15,7402,1625,9027,2026-09-16T02:57:19.891Z,FALSE,"",13:55,TRUE
fare_BOM-GOI_AI_2026-10-01_T+15_1789528445695_onq8,BOM-GOI,EaseMyTrip,AI,AI-2841,2026-10-01,T+15,7801,1712,9513,2026-09-16T02:57:19.891Z,FALSE,"",11:20,TRUE
fare_BOM-GOI_AI_2026-10-01_T+15_1789528445695_jvla,BOM-GOI,EaseMyTrip,AI,AI-2477,2026-10-01,T+15,7868,1727,9595,2026-09-16T02:57:19.891Z,FALSE,"",13:05,TRUE
fare_BOM-GOI_6E_2026-10-01_T+15_1789528445695_7wov,BOM-GOI,EaseMyTrip,6E,6E-6057,2026-10-01,T+15,7927,1740,9667,2026-09-16T02:57:19.891Z,FALSE,"",09:15,TRUE
fare_BOM-GOI_IX_2026-10-01_T+15_1789528445695_fiyq,BOM-GOI,EaseMyTrip,IX,IX-1238,2026-10-01,T+15,8694,1908,10602,2026-09-16T02:57:19.891Z,FALSE,"",12:25,TRUE
fare_BOM-GOI_6E_2026-10-01_T+15_1789528445695_0909,BOM-GOI,EaseMyTrip,6E,6E-686,2026-10-01,T+15,10252,2250,12502,2026-09-16T02:57:19.891Z,FALSE,"",10:40,TRUE
fare_BOM-GOI_6E_2026-10-01_T+15_1789528445695_patc,BOM-GOI,EaseMyTrip,6E,6E-204,2026-10-01,T+15,10252,2250,12502,2026-09-16T02:57:19.891Z,FALSE,"",10:40,TRUE
fare_BOM-GOI_IX_2026-10-01_T+15_1789528445695_52cg,BOM-GOI,EaseMyTrip,IX,IX-1242,2026-10-01,T+15,11858,2603,14461,2026-09-16T02:57:19.891Z,FALSE,"",16:30,TRUE
fare_BOM-GOI_6E_2026-10-01_T+15_1789528445695_9rza,BOM-GOI,EaseMyTrip,6E,6E-5386,2026-10-01,T+15,11646,2556,14202,2026-09-16T02:57:19.891Z,FALSE,"",15:10,FALSE
fare_BOM-GOI_6E_2026-10-01_T+15_1789528445695_kw68,BOM-GOI,EaseMyTrip,6E,6E-5228,2026-10-01,T+15,12086,2653,14739,2026-09-16T02:57:19.891Z,FALSE,"",16:45,FALSE
fare_BOM-GOI_6E_2026-10-01_T+15_1789528445695_ziis,BOM-GOI,EaseMyTrip,6E,6E-5318,2026-10-01,T+15,12195,2677,14872,2026-09-16T02:57:19.891Z,FALSE,"",10:15,FALSE
fare_BOM-GOI_6E_2026-10-01_T+15_1789528445695_9o9q,BOM-GOI,EaseMyTrip,6E,6E-5178,2026-10-01,T+15,12334,2708,15042,2026-09-16T02:57:19.891Z,FALSE,"",11:45,FALSE
fare_BOM-GOI_6E_2026-10-01_T+15_1789528445695_vdya,BOM-GOI,EaseMyTrip,6E,6E-6195,2026-10-01,T+15,12463,2736,15199,2026-09-16T02:57:19.891Z,FALSE,"",23:00,FALSE
fare_BOM-GOI_AI_2026-10-01_T+15_1789528445695_filb,BOM-GOI,EaseMyTrip,AI,AI-2857,2026-10-01,T+15,13271,2913,16184,2026-09-16T02:57:19.891Z,FALSE,"",23:30,FALSE
fare_BOM-GOI_AI_2026-10-01_T+15_1789528445695_iamd,BOM-GOI,EaseMyTrip,AI,AI-2853,2026-10-01,T+15,13569,2978,16547,2026-09-16T02:57:19.891Z,FALSE,"",15:25,FALSE
fare_BOM-GOI_AI_2026-10-01_T+15_1789528445695_8glt,BOM-GOI,EaseMyTrip,AI,AI-2625,2026-10-01,T+15,13960,3064,17024,2026-09-16T02:57:19.891Z,FALSE,"",06:00,FALSE
fare_BOM-GOI_AI_2026-10-01_T+15_1789528445695_8tsq,BOM-GOI,EaseMyTrip,AI,AI-2849,2026-10-01,T+15,14170,3111,17281,2026-09-16T02:57:19.891Z,FALSE,"",17:30,FALSE
fare_BOM-GOI_AI_2026-10-01_T+15_1789528445695_1ll9,BOM-GOI,EaseMyTrip,AI,AI-2865,2026-10-01,T+15,14331,3146,17477,2026-09-16T02:57:19.891Z,FALSE,"",19:45,FALSE
fare_BOM-GOI_AI_2026-10-01_T+15_1789528445695_lxb2,BOM-GOI,EaseMyTrip,AI,AI-2641,2026-10-01,T+15,14704,3228,17932,2026-09-16T02:57:19.891Z,FALSE,"",18:30,FALSE
fare_BOM-GOI_AI_2026-10-01_T+15_1789528445695_66x7,BOM-GOI,EaseMyTrip,AI,AI-2869,2026-10-01,T+15,15455,3393,18848,2026-09-16T02:57:19.891Z,FALSE,"",21:25,FALSE
fare_BOM-GOI_AI_2026-10-01_T+15_1789528445695_l0v3,BOM-GOI,EaseMyTrip,AI,AI-2812,2026-10-01,T+15,16135,3542,19677,2026-09-16T02:57:19.891Z,FALSE,"",02:05,FALSE
fare_BOM-GOI_AI_2026-10-01_T+15_1789528445695_plfb,BOM-GOI,EaseMyTrip,AI,AI-2845,2026-10-01,T+15,16135,3542,19677,2026-09-16T02:57:19.891Z,FALSE,"",05:30,FALSE
fare_BOM-GOI_AI_2026-10-01_T+15_1789528445695_424f,BOM-GOI,EaseMyTrip,AI,AI-2531,2026-10-01,T+15,16187,3553,19740,2026-09-16T02:57:19.891Z,FALSE,"",15:05,FALSE
fare_BOM-GOI_AI_2026-10-01_T+15_1789528445695_42li,BOM-GOI,EaseMyTrip,AI,AI-2875,2026-10-01,T+15,16407,3602,20009,2026-09-16T02:57:19.891Z,FALSE,"",19:35,FALSE
fare_BOM-GOI_AI_2026-10-01_T+15_1789528445695_9i41,BOM-GOI,EaseMyTrip,AI,AI-2619,2026-10-01,T+15,16513,3625,20138,2026-09-16T02:57:19.891Z,FALSE,"",18:00,FALSE
fare_BOM-GOI_AI_2026-10-01_T+15_1789528445695_06xc,BOM-GOI,EaseMyTrip,AI,AI-2603,2026-10-01,T+15,16635,3651,20286,2026-09-16T02:57:19.891Z,FALSE,"",06:35,FALSE
fare_BOM-GOI_AI_2026-10-01_T+15_1789528445695_qz9v,BOM-GOI,EaseMyTrip,AI,AI-2632,2026-10-01,T+15,16697,3665,20362,2026-09-16T02:57:19.891Z,FALSE,"",12:00,FALSE
fare_BOM-GOI_AI_2026-10-01_T+15_1789528445695_5uip,BOM-GOI,EaseMyTrip,AI,AI-2863,2026-10-01,T+15,16903,3711,20614,2026-09-16T02:57:19.891Z,FALSE,"",10:00,FALSE
fare_BOM-GOI_AI_2026-10-01_T+15_1789528445695_g2jq,BOM-GOI,EaseMyTrip,AI,AI-2851,2026-10-01,T+15,17713,3888,21601,2026-09-16T02:57:19.891Z,FALSE,"",07:55,FALSE
fare_BOM-GOI_AI_2026-10-01_T+15_1789528445695_73q2,BOM-GOI,EaseMyTrip,AI,AI-2677,2026-10-01,T+15,18639,4092,22731,2026-09-16T02:57:19.891Z,FALSE,"",13:00,FALSE
fare_BOM-GOI_AI_2026-10-01_T+15_1789528445695_zttf,BOM-GOI,EaseMyTrip,AI,AI-2419,2026-10-01,T+15,18639,4092,22731,2026-09-16T02:57:19.891Z,FALSE,"",12:00,FALSE
fare_BOM-GOI_AI_2026-10-01_T+15_1789528445695_1a3v,BOM-GOI,EaseMyTrip,AI,AI-2952,2026-10-01,T+15,18639,4092,22731,2026-09-16T02:57:19.891Z,FALSE,"",11:25,FALSE
fare_BOM-GOI_AI_2026-10-01_T+15_1789528445695_usek,BOM-GOI,EaseMyTrip,AI,AI-2970,2026-10-01,T+15,18941,4158,23099,2026-09-16T02:57:19.891Z,FALSE,"",08:30,FALSE
fare_BOM-GOI_AI_2026-10-01_T+15_1789528445695_sb4r,BOM-GOI,EaseMyTrip,AI,AI-2428,2026-10-01,T+15,19156,4205,23361,2026-09-16T02:57:19.891Z,FALSE,"",08:00,FALSE
fare_BOM-GOI_AI_2026-10-01_T+15_1789528445695_0ppa,BOM-GOI,EaseMyTrip,AI,AI-2432,2026-10-01,T+15,19414,4262,23676,2026-09-16T02:57:19.891Z,FALSE,"",09:30,FALSE
fare_BOM-GOI_AI_2026-10-01_T+15_1789528445695_hhut,BOM-GOI,EaseMyTrip,AI,AI-2430,2026-10-01,T+15,21546,4730,26276,2026-09-16T02:57:19.891Z,FALSE,"",10:00,FALSE
fare_BOM-GOI_AI_2026-10-01_T+15_1789528445695_k4eh,BOM-GOI,EaseMyTrip,AI,AI-2944,2026-10-01,T+15,23051,5060,28111,2026-09-16T02:57:19.891Z,FALSE,"",14:35,FALSE
fare_BOM-GOI_AI_2026-10-01_T+15_1789528445695_34tf,BOM-GOI,EaseMyTrip,AI,AI-2424,2026-10-01,T+15,24370,5349,29719,2026-09-16T02:57:19.891Z,FALSE,"",07:00,FALSE
fare_BOM-GOI_QP_2026-10-16_T+30_1789528445696_6kuh,BOM-GOI,EaseMyTrip,QP,QP-1175,2026-10-16,T+30,3354,736,4090,2026-09-16T02:57:25.830Z,FALSE,"",18:25,TRUE
fare_BOM-GOI_6E_2026-10-16_T+30_1789528445696_ayzg,BOM-GOI,EaseMyTrip,6E,6E-5177,2026-10-16,T+30,3506,769,4275,2026-09-16T02:57:25.830Z,FALSE,"",19:10,TRUE
fare_BOM-GOI_IX_2026-10-16_T+30_1789528445696_vojy,BOM-GOI,EaseMyTrip,IX,IX-1163,2026-10-16,T+30,3702,813,4515,2026-09-16T02:57:25.830Z,FALSE,"",20:45,TRUE
fare_BOM-GOI_QP_2026-10-16_T+30_1789528445696_yn5r,BOM-GOI,EaseMyTrip,QP,QP-1105,2026-10-16,T+30,3668,805,4473,2026-09-16T02:57:25.830Z,FALSE,"",13:25,TRUE
fare_BOM-GOI_6E_2026-10-16_T+30_1789528445696_5x8p,BOM-GOI,EaseMyTrip,6E,6E-5106,2026-10-16,T+30,3681,808,4489,2026-09-16T02:57:25.830Z,FALSE,"",22:10,TRUE
fare_BOM-GOI_IX_2026-10-16_T+30_1789528445696_1zgp,BOM-GOI,EaseMyTrip,IX,IX-1242,2026-10-16,T+30,4304,945,5249,2026-09-16T02:57:25.830Z,FALSE,"",16:30,TRUE
fare_BOM-GOI_6E_2026-10-16_T+30_1789528445696_v4v5,BOM-GOI,EaseMyTrip,6E,6E-6361,2026-10-16,T+30,4561,1001,5562,2026-09-16T02:57:25.830Z,FALSE,"",05:00,TRUE
fare_BOM-GOI_6E_2026-10-16_T+30_1789528445696_ccay,BOM-GOI,EaseMyTrip,6E,6E-152,2026-10-16,T+30,4561,1001,5562,2026-09-16T02:57:25.830Z,FALSE,"",13:55,TRUE
fare_BOM-GOI_6E_2026-10-16_T+30_1789528445696_6gpd,BOM-GOI,EaseMyTrip,6E,6E-550,2026-10-16,T+30,4561,1001,5562,2026-09-16T02:57:25.830Z,FALSE,"",13:55,TRUE
fare_BOM-GOI_AI_2026-10-16_T+30_1789528445696_s24o,BOM-GOI,EaseMyTrip,AI,AI-603,2026-10-16,T+30,4852,1065,5917,2026-09-16T02:57:25.830Z,FALSE,"",05:10,TRUE
fare_BOM-GOI_6E_2026-10-16_T+30_1789528445696_t4qi,BOM-GOI,EaseMyTrip,6E,6E-2282,2026-10-16,T+30,4690,1029,5719,2026-09-16T02:57:25.830Z,FALSE,"",20:00,TRUE
fare_BOM-GOI_IX_2026-10-16_T+30_1789528445696_9jfn,BOM-GOI,EaseMyTrip,IX,IX-2367,2026-10-16,T+30,5127,1126,6253,2026-09-16T02:57:25.830Z,FALSE,"",07:20,TRUE
fare_BOM-GOI_6E_2026-10-16_T+30_1789528445696_m6o0,BOM-GOI,EaseMyTrip,6E,6E-7077,2026-10-16,T+30,4862,1067,5929,2026-09-16T02:57:25.830Z,FALSE,"",13:15,TRUE
fare_BOM-GOI_6E_2026-10-16_T+30_1789528445696_2yf9,BOM-GOI,EaseMyTrip,6E,6E-5241,2026-10-16,T+30,5120,1124,6244,2026-09-16T02:57:25.830Z,FALSE,"",16:40,TRUE
fare_BOM-GOI_6E_2026-10-16_T+30_1789528445696_40ek,BOM-GOI,EaseMyTrip,6E,6E-7037,2026-10-16,T+30,5206,1143,6349,2026-09-16T02:57:25.830Z,FALSE,"",11:05,TRUE
fare_BOM-GOI_AI_2026-10-16_T+30_1789528445696_ncsc,BOM-GOI,EaseMyTrip,AI,AI-2745,2026-10-16,T+30,5390,1183,6573,2026-09-16T02:57:25.830Z,FALSE,"",15:30,TRUE
fare_BOM-GOI_AI_2026-10-16_T+30_1789528445696_y59i,BOM-GOI,EaseMyTrip,AI,AI-2505,2026-10-16,T+30,5390,1183,6573,2026-09-16T02:57:25.830Z,FALSE,"",19:25,TRUE
fare_BOM-GOI_IX_2026-10-16_T+30_1789528445696_8rvc,BOM-GOI,EaseMyTrip,IX,IX-1238,2026-10-16,T+30,5594,1228,6822,2026-09-16T02:57:25.830Z,FALSE,"",12:25,TRUE
fare_BOM-GOI_6E_2026-10-16_T+30_1789528445696_7srj,BOM-GOI,EaseMyTrip,6E,6E-2070,2026-10-16,T+30,5344,1173,6517,2026-09-16T02:57:25.830Z,FALSE,"",20:25,TRUE
fare_BOM-GOI_6E_2026-10-16_T+30_1789528445696_ro3h,BOM-GOI,EaseMyTrip,6E,6E-493,2026-10-16,T+30,5344,1173,6517,2026-09-16T02:57:25.830Z,FALSE,"",10:40,TRUE
fare_BOM-GOI_6E_2026-10-16_T+30_1789528445696_3nl8,BOM-GOI,EaseMyTrip,6E,6E-662,2026-10-16,T+30,5344,1173,6517,2026-09-16T02:57:25.830Z,FALSE,"",10:40,TRUE
fare_BOM-GOI_6E_2026-10-16_T+30_1789528445696_fgi0,BOM-GOI,EaseMyTrip,6E,6E-5284,2026-10-16,T+30,5344,1173,6517,2026-09-16T02:57:25.830Z,FALSE,"",06:55,TRUE
fare_BOM-GOI_6E_2026-10-16_T+30_1789528445696_esd6,BOM-GOI,EaseMyTrip,6E,6E-6057,2026-10-16,T+30,5560,1220,6780,2026-09-16T02:57:25.830Z,FALSE,"",09:15,TRUE
fare_BOM-GOI_6E_2026-10-16_T+30_1789528445696_0zt5,BOM-GOI,EaseMyTrip,6E,6E-5228,2026-10-16,T+30,6131,1346,7477,2026-09-16T02:57:25.830Z,FALSE,"",16:45,FALSE
fare_BOM-GOI_6E_2026-10-16_T+30_1789528445696_mo6n,BOM-GOI,EaseMyTrip,6E,6E-5386,2026-10-16,T+30,6131,1346,7477,2026-09-16T02:57:25.830Z,FALSE,"",15:10,FALSE
fare_BOM-GOI_6E_2026-10-16_T+30_1789528445696_ewyh,BOM-GOI,EaseMyTrip,6E,6E-5178,2026-10-16,T+30,6131,1346,7477,2026-09-16T02:57:25.830Z,FALSE,"",11:45,FALSE
fare_BOM-GOI_6E_2026-10-16_T+30_1789528445696_7fpk,BOM-GOI,EaseMyTrip,6E,6E-5318,2026-10-16,T+30,6131,1346,7477,2026-09-16T02:57:25.830Z,FALSE,"",10:15,FALSE
fare_BOM-GOI_6E_2026-10-16_T+30_1789528445696_0d58,BOM-GOI,EaseMyTrip,6E,6E-5246,2026-10-16,T+30,6131,1346,7477,2026-09-16T02:57:25.830Z,FALSE,"",07:15,FALSE
fare_BOM-GOI_6E_2026-10-16_T+30_1789528445696_663z,BOM-GOI,EaseMyTrip,6E,6E-270,2026-10-16,T+30,6197,1360,7557,2026-09-16T02:57:25.830Z,FALSE,"",11:20,TRUE
fare_BOM-GOI_6E_2026-10-16_T+30_1789528445696_63x4,BOM-GOI,EaseMyTrip,6E,6E-987,2026-10-16,T+30,6197,1360,7557,2026-09-16T02:57:25.830Z,FALSE,"",11:20,TRUE
fare_BOM-GOI_IX_2026-10-16_T+30_1789528445696_h2pi,BOM-GOI,EaseMyTrip,IX,IX-5938,2026-10-16,T+30,6544,1436,7980,2026-09-16T02:57:25.830Z,FALSE,"",04:30,FALSE
fare_BOM-GOI_6E_2026-10-16_T+30_1789528445696_3l45,BOM-GOI,EaseMyTrip,6E,6E-6362,2026-10-16,T+30,6418,1409,7827,2026-09-16T02:57:25.830Z,FALSE,"",05:45,FALSE
fare_BOM-GOI_6E_2026-10-16_T+30_1789528445696_i6k9,BOM-GOI,EaseMyTrip,6E,6E-5179,2026-10-16,T+30,6418,1409,7827,2026-09-16T02:57:25.830Z,FALSE,"",02:45,FALSE
fare_BOM-GOI_6E_2026-10-16_T+30_1789528445696_m26z,BOM-GOI,EaseMyTrip,6E,6E-6187,2026-10-16,T+30,6508,1429,7937,2026-09-16T02:57:25.830Z,FALSE,"",00:30,FALSE
fare_BOM-GOI_6E_2026-10-16_T+30_1789528445696_qlvi,BOM-GOI,EaseMyTrip,6E,6E-6195,2026-10-16,T+30,6508,1429,7937,2026-09-16T02:57:25.830Z,FALSE,"",23:00,FALSE
fare_BOM-GOI_AI_2026-10-16_T+30_1789528445696_l0pi,BOM-GOI,EaseMyTrip,AI,AI-2477,2026-10-16,T+30,6873,1509,8382,2026-09-16T02:57:25.830Z,FALSE,"",13:05,TRUE
fare_BOM-GOI_AI_2026-10-16_T+30_1789528445696_jdmb,BOM-GOI,EaseMyTrip,AI,AI-2625,2026-10-16,T+30,12235,2686,14921,2026-09-16T02:57:25.830Z,FALSE,"",06:00,FALSE
fare_BOM-GOI_AI_2026-10-16_T+30_1789528445696_5680,BOM-GOI,EaseMyTrip,AI,AI-2531,2026-10-16,T+30,12632,2773,15405,2026-09-16T02:57:25.830Z,FALSE,"",15:05,FALSE
fare_BOM-GOI_AI_2026-10-16_T+30_1789528445696_5xu7,BOM-GOI,EaseMyTrip,AI,AI-2812,2026-10-16,T+30,12709,2790,15499,2026-09-16T02:57:25.830Z,FALSE,"",02:05,FALSE
fare_BOM-GOI_AI_2026-10-16_T+30_1789528445696_bcz2,BOM-GOI,EaseMyTrip,AI,AI-2875,2026-10-16,T+30,13187,2895,16082,2026-09-16T02:57:25.830Z,FALSE,"",19:35,FALSE
fare_BOM-GOI_AI_2026-10-16_T+30_1789528445696_wh6c,BOM-GOI,EaseMyTrip,AI,AI-2603,2026-10-16,T+30,13271,2913,16184,2026-09-16T02:57:25.830Z,FALSE,"",06:35,FALSE
fare_BOM-GOI_AI_2026-10-16_T+30_1789528445696_55k2,BOM-GOI,EaseMyTrip,AI,AI-2869,2026-10-16,T+30,13452,2953,16405,2026-09-16T02:57:25.830Z,FALSE,"",21:25,FALSE
fare_BOM-GOI_AI_2026-10-16_T+30_1789528445696_ih55,BOM-GOI,EaseMyTrip,AI,AI-2619,2026-10-16,T+30,13558,2976,16534,2026-09-16T02:57:25.830Z,FALSE,"",18:00,FALSE
fare_BOM-GOI_AI_2026-10-16_T+30_1789528445696_dox7,BOM-GOI,EaseMyTrip,AI,AI-2952,2026-10-16,T+30,13623,2991,16614,2026-09-16T02:57:25.830Z,FALSE,"",11:25,FALSE
fare_BOM-GOI_AI_2026-10-16_T+30_1789528445696_rdck,BOM-GOI,EaseMyTrip,AI,AI-2430,2026-10-16,T+30,13623,2991,16614,2026-09-16T02:57:25.830Z,FALSE,"",10:00,FALSE
fare_BOM-GOI_AI_2026-10-16_T+30_1789528445696_a1gr,BOM-GOI,EaseMyTrip,AI,AI-2432,2026-10-16,T+30,13623,2991,16614,2026-09-16T02:57:25.830Z,FALSE,"",09:30,FALSE
fare_BOM-GOI_AI_2026-10-16_T+30_1789528445696_uk49,BOM-GOI,EaseMyTrip,AI,AI-2970,2026-10-16,T+30,13623,2991,16614,2026-09-16T02:57:25.830Z,FALSE,"",08:30,FALSE
fare_BOM-GOI_AI_2026-10-16_T+30_1789528445696_u1uo,BOM-GOI,EaseMyTrip,AI,AI-2452,2026-10-16,T+30,13623,2991,16614,2026-09-16T02:57:25.830Z,FALSE,"",03:05,FALSE
fare_BOM-GOI_AI_2026-10-16_T+30_1789528445696_l2nx,BOM-GOI,EaseMyTrip,AI,AI-2632,2026-10-16,T+30,13938,3059,16997,2026-09-16T02:57:25.830Z,FALSE,"",12:00,FALSE
fare_BOM-GOI_AI_2026-10-16_T+30_1789528445696_topz,BOM-GOI,EaseMyTrip,AI,AI-2428,2026-10-16,T+30,13993,3072,17065,2026-09-16T02:57:25.830Z,FALSE,"",08:00,FALSE
fare_BOM-GOI_AI_2026-10-16_T+30_1789528445696_8u6w,BOM-GOI,EaseMyTrip,AI,AI-2928,2026-10-16,T+30,13993,3072,17065,2026-09-16T02:57:25.830Z,FALSE,"",06:30,FALSE
fare_BOM-GOI_AI_2026-10-16_T+30_1789528445696_5yj1,BOM-GOI,EaseMyTrip,AI,AI-2424,2026-10-16,T+30,14062,3087,17149,2026-09-16T02:57:25.830Z,FALSE,"",07:00,FALSE
fare_BOM-GOI_AI_2026-10-16_T+30_1789528445696_r8d9,BOM-GOI,EaseMyTrip,AI,AI-2930,2026-10-16,T+30,14117,3099,17216,2026-09-16T02:57:25.830Z,FALSE,"",07:30,FALSE
fare_BOM-GOI_AI_2026-10-16_T+30_1789528445696_nawx,BOM-GOI,EaseMyTrip,AI,AI-2863,2026-10-16,T+30,14170,3111,17281,2026-09-16T02:57:25.830Z,FALSE,"",10:00,FALSE
fare_BOM-GOI_AI_2026-10-16_T+30_1789528445696_dlnr,BOM-GOI,EaseMyTrip,AI,AI-2851,2026-10-16,T+30,14287,3136,17423,2026-09-16T02:57:25.830Z,FALSE,"",07:55,FALSE
fare_BOM-GOI_AI_2026-10-16_T+30_1789528445696_nzy3,BOM-GOI,EaseMyTrip,AI,AI-2677,2026-10-16,T+30,14380,3157,17537,2026-09-16T02:57:25.830Z,FALSE,"",13:00,FALSE
fare_BOM-GOI_AI_2026-10-16_T+30_1789528445696_6f7k,BOM-GOI,EaseMyTrip,AI,AI-2857,2026-10-16,T+30,14585,3202,17787,2026-09-16T02:57:25.830Z,FALSE,"",23:30,FALSE
fare_BOM-GOI_AI_2026-10-16_T+30_1789528445696_zyma,BOM-GOI,EaseMyTrip,AI,AI-2401,2026-10-16,T+30,16105,3535,19640,2026-09-16T02:57:25.830Z,FALSE,"",20:45,FALSE
fare_BOM-GOI_AI_2026-10-16_T+30_1789528445696_wacj,BOM-GOI,EaseMyTrip,AI,AI-2865,2026-10-16,T+30,16105,3535,19640,2026-09-16T02:57:25.830Z,FALSE,"",19:45,FALSE
fare_BOM-GOI_AI_2026-10-16_T+30_1789528445696_m4l4,BOM-GOI,EaseMyTrip,AI,AI-2422,2026-10-16,T+30,16530,3629,20159,2026-09-16T02:57:25.830Z,FALSE,"",01:00,FALSE
fare_BOM-GOI_AI_2026-10-16_T+30_1789528445696_f27g,BOM-GOI,EaseMyTrip,AI,AI-2641,2026-10-16,T+30,16580,3640,20220,2026-09-16T02:57:25.830Z,FALSE,"",18:30,FALSE
fare_BOM-GOI_IX_2026-09-23_T+7_1789528445696_p7uh,BOM-GOI,EaseMyTrip,IX,IX-1163,2026-09-23,T+7,3538,777,4315,2026-09-16T02:57:12.949Z,FALSE,"",20:45,TRUE
fare_BOM-GOI_6E_2026-09-23_T+7_1789528445696_z2p1,BOM-GOI,EaseMyTrip,6E,6E-5228,2026-09-23,T+7,3565,783,4348,2026-09-16T02:57:12.949Z,FALSE,"",16:45,FALSE
fare_BOM-GOI_6E_2026-09-23_T+7_1789528445696_wtmg,BOM-GOI,EaseMyTrip,6E,6E-5386,2026-09-23,T+7,3565,783,4348,2026-09-16T02:57:12.949Z,FALSE,"",15:10,FALSE
fare_BOM-GOI_6E_2026-09-23_T+7_1789528445696_m9s6,BOM-GOI,EaseMyTrip,6E,6E-5178,2026-09-23,T+7,3565,783,4348,2026-09-16T02:57:12.949Z,FALSE,"",11:45,FALSE
fare_BOM-GOI_IX_2026-09-23_T+7_1789528445696_8vki,BOM-GOI,EaseMyTrip,IX,IX-2367,2026-09-23,T+7,3813,837,4650,2026-09-16T02:57:12.949Z,FALSE,"",07:20,TRUE
fare_BOM-GOI_6E_2026-09-23_T+7_1789528445696_zl38,BOM-GOI,EaseMyTrip,6E,6E-6361,2026-09-23,T+7,3700,812,4512,2026-09-16T02:57:12.949Z,FALSE,"",05:00,TRUE
fare_BOM-GOI_IX_2026-09-23_T+7_1789528445696_k8si,BOM-GOI,EaseMyTrip,IX,IX-1242,2026-09-23,T+7,3977,873,4850,2026-09-16T02:57:12.949Z,FALSE,"",16:30,TRUE
fare_BOM-GOI_6E_2026-09-23_T+7_1789528445696_f3zl,BOM-GOI,EaseMyTrip,6E,6E-5106,2026-09-23,T+7,3786,831,4617,2026-09-16T02:57:12.949Z,FALSE,"",22:10,TRUE
fare_BOM-GOI_6E_2026-09-23_T+7_1789528445696_xr4b,BOM-GOI,EaseMyTrip,6E,6E-5318,2026-09-23,T+7,3802,835,4637,2026-09-16T02:57:12.949Z,FALSE,"",10:15,FALSE
fare_BOM-GOI_AI_2026-09-23_T+7_1789528445696_o2dn,BOM-GOI,EaseMyTrip,AI,AI-603,2026-09-23,T+7,3980,874,4854,2026-09-16T02:57:12.949Z,FALSE,"",05:10,TRUE
fare_BOM-GOI_6E_2026-09-23_T+7_1789528445696_699c,BOM-GOI,EaseMyTrip,6E,6E-2282,2026-09-23,T+7,3829,840,4669,2026-09-16T02:57:12.949Z,FALSE,"",20:00,TRUE
fare_BOM-GOI_QP_2026-09-23_T+7_1789528445696_48q5,BOM-GOI,EaseMyTrip,QP,QP-1105,2026-09-23,T+7,4021,883,4904,2026-09-16T02:57:12.949Z,FALSE,"",13:05,TRUE
fare_BOM-GOI_QP_2026-09-23_T+7_1789528445696_uqbn,BOM-GOI,EaseMyTrip,QP,QP-1175,2026-09-23,T+7,4021,883,4904,2026-09-16T02:57:12.949Z,FALSE,"",18:25,TRUE
fare_BOM-GOI_IX_2026-09-23_T+7_1789528445696_q7im,BOM-GOI,EaseMyTrip,IX,IX-1238,2026-09-23,T+7,4304,945,5249,2026-09-16T02:57:12.949Z,FALSE,"",12:25,TRUE
fare_BOM-GOI_6E_2026-09-23_T+7_1789528445696_z5ei,BOM-GOI,EaseMyTrip,6E,6E-5241,2026-09-23,T+7,4216,926,5142,2026-09-16T02:57:12.949Z,FALSE,"",16:40,TRUE
fare_BOM-GOI_6E_2026-09-23_T+7_1789528445696_1ayq,BOM-GOI,EaseMyTrip,6E,6E-308,2026-09-23,T+7,4483,984,5467,2026-09-16T02:57:12.949Z,FALSE,"",10:40,TRUE
fare_BOM-GOI_6E_2026-09-23_T+7_1789528445696_af19,BOM-GOI,EaseMyTrip,6E,6E-910,2026-09-23,T+7,4483,984,5467,2026-09-16T02:57:12.949Z,FALSE,"",10:40,TRUE
fare_BOM-GOI_AI_2026-09-23_T+7_1789528445696_vc0x,BOM-GOI,EaseMyTrip,AI,AI-2745,2026-09-23,T+7,4695,1030,5725,2026-09-16T02:57:12.949Z,FALSE,"",15:30,TRUE
fare_BOM-GOI_AI_2026-09-23_T+7_1789528445696_yqwg,BOM-GOI,EaseMyTrip,AI,AI-2505,2026-09-23,T+7,4695,1030,5725,2026-09-16T02:57:12.949Z,FALSE,"",19:20,TRUE
fare_BOM-GOI_6E_2026-09-23_T+7_1789528445696_5vsa,BOM-GOI,EaseMyTrip,6E,6E-5177,2026-09-23,T+7,4871,1069,5940,2026-09-16T02:57:12.949Z,FALSE,"",19:10,TRUE
fare_BOM-GOI_6E_2026-09-23_T+7_1789528445696_vx9g,BOM-GOI,EaseMyTrip,6E,6E-7037,2026-09-23,T+7,5378,1181,6559,2026-09-16T02:57:12.949Z,FALSE,"",11:05,TRUE
fare_BOM-GOI_6E_2026-09-23_T+7_1789528445696_5qnp,BOM-GOI,EaseMyTrip,6E,6E-206,2026-09-23,T+7,5508,1209,6717,2026-09-16T02:57:12.949Z,FALSE,"",11:20,TRUE
fare_BOM-GOI_6E_2026-09-23_T+7_1789528445696_8dgr,BOM-GOI,EaseMyTrip,6E,6E-243,2026-09-23,T+7,5508,1209,6717,2026-09-16T02:57:12.949Z,FALSE,"",11:20,TRUE
fare_BOM-GOI_6E_2026-09-23_T+7_1789528445696_r8zk,BOM-GOI,EaseMyTrip,6E,6E-421,2026-09-23,T+7,5508,1209,6717,2026-09-16T02:57:12.949Z,FALSE,"",13:55,TRUE
fare_BOM-GOI_6E_2026-09-23_T+7_1789528445696_l18e,BOM-GOI,EaseMyTrip,6E,6E-705,2026-09-23,T+7,5508,1209,6717,2026-09-16T02:57:12.949Z,FALSE,"",13:55,TRUE
fare_BOM-GOI_6E_2026-09-23_T+7_1789528445696_ec67,BOM-GOI,EaseMyTrip,6E,6E-6362,2026-09-23,T+7,5806,1275,7081,2026-09-16T02:57:12.949Z,FALSE,"",05:45,FALSE
fare_BOM-GOI_AI_2026-09-23_T+7_1789528445696_mj9w,BOM-GOI,EaseMyTrip,AI,AI-2477,2026-09-23,T+7,7530,1653,9183,2026-09-16T02:57:12.949Z,FALSE,"",13:05,TRUE
fare_BOM-GOI_6E_2026-09-23_T+7_1789528445696_gjr0,BOM-GOI,EaseMyTrip,6E,6E-6057,2026-09-23,T+7,7368,1617,8985,2026-09-16T02:57:12.949Z,FALSE,"",09:15,TRUE
fare_BOM-GOI_AI_2026-09-23_T+7_1789528445696_3g0t,BOM-GOI,EaseMyTrip,AI,AI-2857,2026-09-23,T+7,9868,2166,12034,2026-09-16T02:57:12.949Z,FALSE,"",23:30,FALSE
fare_BOM-GOI_AI_2026-09-23_T+7_1789528445696_gyfl,BOM-GOI,EaseMyTrip,AI,AI-2853,2026-09-23,T+7,10430,2289,12719,2026-09-16T02:57:12.949Z,FALSE,"",15:25,FALSE
fare_BOM-GOI_AI_2026-09-23_T+7_1789528445696_ziin,BOM-GOI,EaseMyTrip,AI,AI-2849,2026-09-23,T+7,10636,2335,12971,2026-09-16T02:57:12.949Z,FALSE,"",17:30,FALSE
fare_BOM-GOI_AI_2026-09-23_T+7_1789528445696_ohw3,BOM-GOI,EaseMyTrip,AI,AI-2401,2026-09-23,T+7,10687,2346,13033,2026-09-16T02:57:12.949Z,FALSE,"",20:45,FALSE
fare_BOM-GOI_AI_2026-09-23_T+7_1789528445696_cgq4,BOM-GOI,EaseMyTrip,AI,AI-2865,2026-09-23,T+7,11000,2415,13415,2026-09-16T02:57:12.949Z,FALSE,"",19:45,FALSE
fare_BOM-GOI_AI_2026-09-23_T+7_1789528445696_a2hr,BOM-GOI,EaseMyTrip,AI,AI-2641,2026-09-23,T+7,11054,2427,13481,2026-09-16T02:57:12.949Z,FALSE,"",18:30,FALSE
fare_BOM-GOI_AI_2026-09-23_T+7_1789528445696_y808,BOM-GOI,EaseMyTrip,AI,AI-2869,2026-09-23,T+7,11068,2430,13498,2026-09-16T02:57:12.949Z,FALSE,"",21:25,FALSE
fare_BOM-GOI_AI_2026-09-23_T+7_1789528445696_0o45,BOM-GOI,EaseMyTrip,AI,AI-2875,2026-09-23,T+7,11068,2430,13498,2026-09-16T02:57:12.949Z,FALSE,"",19:35,FALSE
fare_BOM-GOI_AI_2026-09-23_T+7_1789528445696_dke1,BOM-GOI,EaseMyTrip,AI,AI-2619,2026-09-23,T+7,11068,2430,13498,2026-09-16T02:57:12.949Z,FALSE,"",18:00,FALSE
fare_BOM-GOI_AI_2026-09-23_T+7_1789528445696_jqrm,BOM-GOI,EaseMyTrip,AI,AI-2603,2026-09-23,T+7,11109,2439,13548,2026-09-16T02:57:12.949Z,FALSE,"",06:35,FALSE
fare_BOM-GOI_AI_2026-09-23_T+7_1789528445696_2m25,BOM-GOI,EaseMyTrip,AI,AI-2632,2026-09-23,T+7,11201,2459,13660,2026-09-16T02:57:12.949Z,FALSE,"",12:00,FALSE
fare_BOM-GOI_AI_2026-09-23_T+7_1789528445696_7c88,BOM-GOI,EaseMyTrip,AI,AI-2531,2026-09-23,T+7,11323,2485,13808,2026-09-16T02:57:12.949Z,FALSE,"",15:05,FALSE
fare_BOM-GOI_AI_2026-09-23_T+7_1789528445696_r8bn,BOM-GOI,EaseMyTrip,AI,AI-2863,2026-09-23,T+7,11419,2506,13925,2026-09-16T02:57:12.949Z,FALSE,"",10:00,FALSE
fare_BOM-GOI_6E_2026-09-23_T+7_1789528445696_slaz,BOM-GOI,EaseMyTrip,6E,6E-5246,2026-09-23,T+7,11470,2518,13988,2026-09-16T02:57:12.949Z,FALSE,"",07:15,FALSE
fare_BOM-GOI_AI_2026-09-23_T+7_1789528445696_mgn6,BOM-GOI,EaseMyTrip,AI,AI-2812,2026-09-23,T+7,11892,2610,14502,2026-09-16T02:57:12.949Z,FALSE,"",02:05,FALSE
fare_BOM-GOI_AI_2026-09-23_T+7_1789528445696_qdr1,BOM-GOI,EaseMyTrip,AI,AI-2851,2026-09-23,T+7,13469,2956,16425,2026-09-16T02:57:12.949Z,FALSE,"",07:55,FALSE
fare_BOM-GOI_AI_2026-09-23_T+7_1789528445696_bs3r,BOM-GOI,EaseMyTrip,AI,AI-9487,2026-09-23,T+7,14122,3100,17222,2026-09-16T02:57:12.949Z,FALSE,"",08:55,FALSE
fare_BOM-GOI_AI_2026-09-23_T+7_1789528445696_bfbx,BOM-GOI,EaseMyTrip,AI,AI-2677,2026-09-23,T+7,14253,3129,17382,2026-09-16T02:57:12.949Z,FALSE,"",13:00,FALSE
fare_BOM-GOI_AI_2026-09-23_T+7_1789528445696_gjk2,BOM-GOI,EaseMyTrip,AI,AI-2419,2026-09-23,T+7,14253,3129,17382,2026-09-16T02:57:12.949Z,FALSE,"",12:00,FALSE
fare_BOM-GOI_AI_2026-09-23_T+7_1789528445696_utlx,BOM-GOI,EaseMyTrip,AI,AI-2952,2026-09-23,T+7,14253,3129,17382,2026-09-16T02:57:12.949Z,FALSE,"",11:25,FALSE
fare_BOM-GOI_AI_2026-09-23_T+7_1789528445696_wfqy,BOM-GOI,EaseMyTrip,AI,AI-2430,2026-09-23,T+7,14253,3129,17382,2026-09-16T02:57:12.949Z,FALSE,"",10:00,FALSE
fare_BOM-GOI_AI_2026-09-23_T+7_1789528445696_yzwq,BOM-GOI,EaseMyTrip,AI,AI-2432,2026-09-23,T+7,14253,3129,17382,2026-09-16T02:57:12.949Z,FALSE,"",09:30,FALSE
fare_BOM-GOI_AI_2026-09-23_T+7_1789528445696_yeme,BOM-GOI,EaseMyTrip,AI,AI-2970,2026-09-23,T+7,14253,3129,17382,2026-09-16T02:57:12.949Z,FALSE,"",08:30,FALSE
fare_BOM-GOI_AI_2026-09-23_T+7_1789528445696_5rti,BOM-GOI,EaseMyTrip,AI,AI-2428,2026-09-23,T+7,14752,3238,17990,2026-09-16T02:57:12.949Z,FALSE,"",08:00,FALSE
fare_BOM-GOI_AI_2026-09-23_T+7_1789528445696_pn95,BOM-GOI,EaseMyTrip,AI,AI-2625,2026-09-23,T+7,14767,3241,18008,2026-09-16T02:57:12.949Z,FALSE,"",06:00,FALSE
fare_BOM-GOI_AI_2026-09-23_T+7_1789528445696_gn0q,BOM-GOI,EaseMyTrip,AI,AI-816,2026-09-23,T+7,15737,3455,19192,2026-09-16T02:57:12.949Z,FALSE,"",21:00,FALSE
fare_BOM-GOI_AI_2026-09-23_T+7_1789528445696_65xl,BOM-GOI,EaseMyTrip,AI,AI-2928,2026-09-23,T+7,15868,3483,19351,2026-09-16T02:57:12.949Z,FALSE,"",06:30,FALSE
fare_BOM-GOI_AI_2026-09-23_T+7_1789528445696_r94d,BOM-GOI,EaseMyTrip,AI,AI-1895,2026-09-23,T+7,16040,3521,19561,2026-09-16T02:57:12.949Z,FALSE,"",21:30,FALSE
fare_BOM-GOI_AI_2026-09-23_T+7_1789528445696_wskf,BOM-GOI,EaseMyTrip,AI,AI-2988,2026-09-23,T+7,16040,3521,19561,2026-09-16T02:57:12.949Z,FALSE,"",20:30,FALSE
fare_BOM-GOI_AI_2026-09-23_T+7_1789528445696_o0qg,BOM-GOI,EaseMyTrip,AI,AI-2442,2026-09-23,T+7,16459,3613,20072,2026-09-16T02:57:12.949Z,FALSE,"",15:00,FALSE
fare_BOM-GOI_AI_2026-09-23_T+7_1789528445696_1auq,BOM-GOI,EaseMyTrip,AI,AI-2944,2026-09-23,T+7,16459,3613,20072,2026-09-16T02:57:12.949Z,FALSE,"",14:35,FALSE
fare_BOM-GOI_AI_2026-09-23_T+7_1789528445696_aqkg,BOM-GOI,EaseMyTrip,AI,AI-2424,2026-09-23,T+7,24584,5397,29981,2026-09-16T02:57:12.949Z,FALSE,"",07:00,FALSE
fare_BOM-PNQ_AI_2026-10-16_T+30_1789528445696_sett,BOM-PNQ,EaseMyTrip,AI,AI-2857,2026-10-16,T+30,8491,1864,10355,2026-09-16T02:59:27.345Z,FALSE,"",23:30,FALSE
fare_BOM-PNQ_AI_2026-10-16_T+30_1789528445696_k5zf,BOM-PNQ,EaseMyTrip,AI,AI-2812,2026-10-16,T+30,9881,2169,12050,2026-09-16T02:59:27.345Z,FALSE,"",02:05,FALSE
fare_BOM-PNQ_AI_2026-10-16_T+30_1789528445696_qjdd,BOM-PNQ,EaseMyTrip,AI,AI-2401,2026-10-16,T+30,10011,2197,12208,2026-09-16T02:59:27.345Z,FALSE,"",20:45,FALSE
fare_BOM-PNQ_AI_2026-10-16_T+30_1789528445696_hcj9,BOM-PNQ,EaseMyTrip,AI,AI-2865,2026-10-16,T+30,10011,2197,12208,2026-09-16T02:59:27.345Z,FALSE,"",19:45,FALSE
fare_BOM-PNQ_AI_2026-10-16_T+30_1789528445696_73fi,BOM-PNQ,EaseMyTrip,AI,AI-1891,2026-10-16,T+30,10161,2230,12391,2026-09-16T02:59:27.345Z,FALSE,"",08:10,FALSE
fare_BOM-PNQ_AI_2026-10-16_T+30_1789528445696_9uzw,BOM-PNQ,EaseMyTrip,AI,AI-2603,2026-10-16,T+30,10882,2389,13271,2026-09-16T02:59:27.345Z,FALSE,"",06:35,FALSE
fare_BOM-PNQ_AI_2026-10-16_T+30_1789528445696_e1xz,BOM-PNQ,EaseMyTrip,AI,AI-2853,2026-10-16,T+30,11109,2438,13547,2026-09-16T02:59:27.345Z,FALSE,"",15:25,FALSE
fare_BOM-PNQ_AI_2026-10-16_T+30_1789528445696_g3mm,BOM-PNQ,EaseMyTrip,AI,AI-2749,2026-10-16,T+30,11341,2489,13830,2026-09-16T02:59:27.345Z,FALSE,"",17:35,FALSE
fare_BOM-PNQ_AI_2026-10-16_T+30_1789528445696_9os9,BOM-PNQ,EaseMyTrip,AI,AI-2849,2026-10-16,T+30,11342,2490,13832,2026-09-16T02:59:27.345Z,FALSE,"",17:30,FALSE
fare_BOM-PNQ_AI_2026-10-16_T+30_1789528445696_vyut,BOM-PNQ,EaseMyTrip,AI,AI-2632,2026-10-16,T+30,11549,2535,14084,2026-09-16T02:59:27.345Z,FALSE,"",12:00,FALSE
fare_BOM-PNQ_AI_2026-10-16_T+30_1789528445696_pxt9,BOM-PNQ,EaseMyTrip,AI,AI-2863,2026-10-16,T+30,11782,2586,14368,2026-09-16T02:59:27.345Z,FALSE,"",10:00,FALSE
fare_BOM-PNQ_AI_2026-10-16_T+30_1789528445696_pxv7,BOM-PNQ,EaseMyTrip,AI,AI-2641,2026-10-16,T+30,11876,2607,14483,2026-09-16T02:59:27.345Z,FALSE,"",18:30,FALSE
fare_BOM-PNQ_AI_2026-10-16_T+30_1789528445696_04fz,BOM-PNQ,EaseMyTrip,AI,AI-2851,2026-10-16,T+30,11898,2612,14510,2026-09-16T02:59:27.345Z,FALSE,"",07:55,FALSE
fare_BOM-PNQ_AI_2026-10-16_T+30_1789528445696_69zk,BOM-PNQ,EaseMyTrip,AI,AI-2944,2026-10-16,T+30,13539,2972,16511,2026-09-16T02:59:27.345Z,FALSE,"",14:35,FALSE
fare_BOM-PNQ_AI_2026-10-16_T+30_1789528445696_dy5b,BOM-PNQ,EaseMyTrip,AI,AI-2986,2026-10-16,T+30,14177,3112,17289,2026-09-16T02:59:27.345Z,FALSE,"",22:35,FALSE
fare_BOM-PNQ_AI_2026-10-16_T+30_1789528445696_7j54,BOM-PNQ,EaseMyTrip,AI,AI-2677,2026-10-16,T+30,14435,3169,17604,2026-09-16T02:59:27.345Z,FALSE,"",13:00,FALSE
fare_BOM-PNQ_AI_2026-10-16_T+30_1789528445696_bofa,BOM-PNQ,EaseMyTrip,AI,AI-2988,2026-10-16,T+30,14584,3201,17785,2026-09-16T02:59:27.345Z,TRUE,"High outlier: ₹17785 > upper fence ₹17689 (Q3: ₹14510, IQR: ₹2119)",20:30,FALSE
fare_CCU-DEL_6E_2026-09-17_T+1_1789528445697_5svb,CCU-DEL,EaseMyTrip,6E,6E-6785,2026-09-17,T+1,6204,1362,7566,2026-09-16T02:55:10.431Z,FALSE,"",07:55,FALSE
fare_CCU-DEL_6E_2026-09-17_T+1_1789528445697_oxyj,CCU-DEL,EaseMyTrip,6E,6E-476,2026-09-17,T+1,6204,1362,7566,2026-09-16T02:55:10.431Z,FALSE,"",11:30,FALSE
fare_CCU-DEL_6E_2026-09-17_T+1_1789528445697_fqln,CCU-DEL,EaseMyTrip,6E,6E-962,2026-09-17,T+1,6204,1362,7566,2026-09-16T02:55:10.431Z,FALSE,"",11:30,FALSE
fare_CCU-DEL_IX_2026-09-17_T+1_1789528445697_qolf,CCU-DEL,EaseMyTrip,IX,IX-1248,2026-09-17,T+1,6503,1428,7931,2026-09-16T02:55:10.431Z,FALSE,"",07:45,FALSE
fare_CCU-DEL_6E_2026-09-17_T+1_1789528445697_73ig,CCU-DEL,EaseMyTrip,6E,6E-230,2026-09-17,T+1,6398,1404,7802,2026-09-16T02:55:10.431Z,FALSE,"",06:00,FALSE
fare_CCU-DEL_6E_2026-09-17_T+1_1789528445697_qku9,CCU-DEL,EaseMyTrip,6E,6E-685,2026-09-17,T+1,6398,1404,7802,2026-09-16T02:55:10.431Z,FALSE,"",06:00,FALSE
fare_CCU-DEL_6E_2026-09-17_T+1_1789528445697_983z,CCU-DEL,EaseMyTrip,6E,6E-6501,2026-09-17,T+1,6496,1426,7922,2026-09-16T02:55:10.431Z,FALSE,"",14:15,FALSE
fare_CCU-DEL_6E_2026-09-17_T+1_1789528445697_ukxa,CCU-DEL,EaseMyTrip,6E,6E-981,2026-09-17,T+1,6538,1435,7973,2026-09-16T02:55:10.431Z,FALSE,"",18:00,FALSE
fare_CCU-DEL_6E_2026-09-17_T+1_1789528445697_mu4o,CCU-DEL,EaseMyTrip,6E,6E-223,2026-09-17,T+1,6538,1435,7973,2026-09-16T02:55:10.431Z,FALSE,"",18:00,FALSE
fare_CCU-DEL_QP_2026-09-17_T+1_1789528445697_kzfp,CCU-DEL,EaseMyTrip,QP,QP-1804,2026-09-17,T+1,6594,1448,8042,2026-09-16T02:55:10.431Z,FALSE,"",20:05,TRUE
fare_CCU-DEL_6E_2026-09-17_T+1_1789528445697_ymq3,CCU-DEL,EaseMyTrip,6E,6E-6134,2026-09-17,T+1,6647,1459,8106,2026-09-16T02:55:10.431Z,FALSE,"",16:30,FALSE
fare_CCU-DEL_6E_2026-09-17_T+1_1789528445697_duei,CCU-DEL,EaseMyTrip,6E,6E-735,2026-09-17,T+1,6647,1459,8106,2026-09-16T02:55:10.431Z,FALSE,"",12:40,FALSE
fare_CCU-DEL_6E_2026-09-17_T+1_1789528445697_m1ot,CCU-DEL,EaseMyTrip,6E,6E-103,2026-09-17,T+1,6647,1459,8106,2026-09-16T02:55:10.431Z,FALSE,"",12:40,FALSE
fare_CCU-DEL_6E_2026-09-17_T+1_1789528445697_uhnq,CCU-DEL,EaseMyTrip,6E,6E-619,2026-09-17,T+1,6668,1464,8132,2026-09-16T02:55:10.431Z,FALSE,"",18:55,FALSE
fare_CCU-DEL_6E_2026-09-17_T+1_1789528445697_f2zn,CCU-DEL,EaseMyTrip,6E,6E-573,2026-09-17,T+1,6668,1464,8132,2026-09-16T02:55:10.431Z,FALSE,"",18:55,FALSE
fare_CCU-DEL_6E_2026-09-17_T+1_1789528445697_hkf9,CCU-DEL,EaseMyTrip,6E,6E-409,2026-09-17,T+1,6819,1497,8316,2026-09-16T02:55:10.431Z,FALSE,"",14:00,FALSE
fare_CCU-DEL_6E_2026-09-17_T+1_1789528445697_s9om,CCU-DEL,EaseMyTrip,6E,6E-226,2026-09-17,T+1,6819,1497,8316,2026-09-16T02:55:10.431Z,FALSE,"",14:00,FALSE
fare_CCU-DEL_6E_2026-09-17_T+1_1789528445697_f2vc,CCU-DEL,EaseMyTrip,6E,6E-461,2026-09-17,T+1,6819,1497,8316,2026-09-16T02:55:10.431Z,FALSE,"",12:50,FALSE
fare_CCU-DEL_6E_2026-09-17_T+1_1789528445697_5uxf,CCU-DEL,EaseMyTrip,6E,6E-196,2026-09-17,T+1,6819,1497,8316,2026-09-16T02:55:10.431Z,FALSE,"",12:50,FALSE
fare_CCU-DEL_IX_2026-09-17_T+1_1789528445697_zh4i,CCU-DEL,EaseMyTrip,IX,IX-1517,2026-09-17,T+1,7020,1541,8561,2026-09-16T02:55:10.431Z,FALSE,"",07:20,FALSE
fare_CCU-DEL_IX_2026-09-17_T+1_1789528445697_tqbv,CCU-DEL,EaseMyTrip,IX,IX-1514,2026-09-17,T+1,7020,1541,8561,2026-09-16T02:55:10.431Z,FALSE,"",11:50,FALSE
fare_CCU-DEL_6E_2026-09-17_T+1_1789528445697_grne,CCU-DEL,EaseMyTrip,6E,6E-711,2026-09-17,T+1,6840,1502,8342,2026-09-16T02:55:10.431Z,FALSE,"",13:30,FALSE
fare_CCU-DEL_6E_2026-09-17_T+1_1789528445697_obaz,CCU-DEL,EaseMyTrip,6E,6E-943,2026-09-17,T+1,6840,1502,8342,2026-09-16T02:55:10.431Z,FALSE,"",13:30,FALSE
fare_CCU-DEL_6E_2026-09-17_T+1_1789528445697_xhjw,CCU-DEL,EaseMyTrip,6E,6E-6623,2026-09-17,T+1,6840,1502,8342,2026-09-16T02:55:10.431Z,FALSE,"",05:20,FALSE
fare_CCU-DEL_6E_2026-09-17_T+1_1789528445697_6ki2,CCU-DEL,EaseMyTrip,6E,6E-957,2026-09-17,T+1,6840,1502,8342,2026-09-16T02:55:10.431Z,FALSE,"",16:05,FALSE
fare_CCU-DEL_6E_2026-09-17_T+1_1789528445697_16w8,CCU-DEL,EaseMyTrip,6E,6E-325,2026-09-17,T+1,6840,1502,8342,2026-09-16T02:55:10.431Z,FALSE,"",16:05,FALSE
fare_CCU-DEL_6E_2026-09-17_T+1_1789528445697_0kze,CCU-DEL,EaseMyTrip,6E,6E-392,2026-09-17,T+1,6876,1509,8385,2026-09-16T02:55:10.431Z,FALSE,"",18:05,FALSE
fare_CCU-DEL_6E_2026-09-17_T+1_1789528445697_1b1u,CCU-DEL,EaseMyTrip,6E,6E-341,2026-09-17,T+1,6876,1509,8385,2026-09-16T02:55:10.431Z,FALSE,"",18:05,FALSE
fare_CCU-DEL_6E_2026-09-17_T+1_1789528445697_g1vc,CCU-DEL,EaseMyTrip,6E,6E-225,2026-09-17,T+1,6876,1509,8385,2026-09-16T02:55:10.431Z,FALSE,"",10:45,FALSE
fare_CCU-DEL_6E_2026-09-17_T+1_1789528445697_ytmk,CCU-DEL,EaseMyTrip,6E,6E-719,2026-09-17,T+1,6876,1509,8385,2026-09-16T02:55:10.431Z,FALSE,"",10:45,FALSE
fare_CCU-DEL_6E_2026-09-17_T+1_1789528445697_ollz,CCU-DEL,EaseMyTrip,6E,6E-6139,2026-09-17,T+1,6876,1509,8385,2026-09-16T02:55:10.431Z,FALSE,"",07:10,FALSE
fare_CCU-DEL_6E_2026-09-17_T+1_1789528445697_ljqb,CCU-DEL,EaseMyTrip,6E,6E-183,2026-09-17,T+1,6876,1509,8385,2026-09-16T02:55:10.431Z,FALSE,"",18:00,FALSE
fare_CCU-DEL_6E_2026-09-17_T+1_1789528445697_37rl,CCU-DEL,EaseMyTrip,6E,6E-201,2026-09-17,T+1,6876,1509,8385,2026-09-16T02:55:10.431Z,FALSE,"",18:00,FALSE
fare_CCU-DEL_6E_2026-09-17_T+1_1789528445697_c634,CCU-DEL,EaseMyTrip,6E,6E-116,2026-09-17,T+1,6876,1509,8385,2026-09-16T02:55:10.431Z,FALSE,"",10:45,FALSE
fare_CCU-DEL_6E_2026-09-17_T+1_1789528445697_kgur,CCU-DEL,EaseMyTrip,6E,6E-586,2026-09-17,T+1,6876,1509,8385,2026-09-16T02:55:10.431Z,FALSE,"",10:45,FALSE
fare_CCU-DEL_6E_2026-09-17_T+1_1789528445697_qi8g,CCU-DEL,EaseMyTrip,6E,6E-7325,2026-09-17,T+1,7048,1547,8595,2026-09-16T02:55:10.431Z,FALSE,"",16:20,FALSE
fare_CCU-DEL_6E_2026-09-17_T+1_1789528445697_ndpv,CCU-DEL,EaseMyTrip,6E,6E-606,2026-09-17,T+1,7256,1593,8849,2026-09-16T02:55:10.431Z,FALSE,"",05:20,TRUE
fare_CCU-DEL_6E_2026-09-17_T+1_1789528445697_mwnd,CCU-DEL,EaseMyTrip,6E,6E-334,2026-09-17,T+1,7256,1593,8849,2026-09-16T02:55:10.431Z,FALSE,"",05:20,TRUE
fare_CCU-DEL_6E_2026-09-17_T+1_1789528445697_foj1,CCU-DEL,EaseMyTrip,6E,6E-5190,2026-09-17,T+1,7256,1593,8849,2026-09-16T02:55:10.431Z,FALSE,"",22:30,TRUE
fare_CCU-DEL_6E_2026-09-17_T+1_1789528445697_dj1o,CCU-DEL,EaseMyTrip,6E,6E-876,2026-09-17,T+1,7256,1593,8849,2026-09-16T02:55:10.431Z,FALSE,"",19:15,TRUE
fare_CCU-DEL_6E_2026-09-17_T+1_1789528445697_n3qs,CCU-DEL,EaseMyTrip,6E,6E-881,2026-09-17,T+1,7256,1593,8849,2026-09-16T02:55:10.431Z,FALSE,"",19:15,TRUE
fare_CCU-DEL_6E_2026-09-17_T+1_1789528445697_2mrp,CCU-DEL,EaseMyTrip,6E,6E-628,2026-09-17,T+1,7256,1593,8849,2026-09-16T02:55:10.431Z,FALSE,"",21:00,TRUE
fare_CCU-DEL_6E_2026-09-17_T+1_1789528445697_twfu,CCU-DEL,EaseMyTrip,6E,6E-647,2026-09-17,T+1,7256,1593,8849,2026-09-16T02:55:10.431Z,FALSE,"",21:00,TRUE
fare_CCU-DEL_6E_2026-09-17_T+1_1789528445697_11v7,CCU-DEL,EaseMyTrip,6E,6E-6358,2026-09-17,T+1,7256,1593,8849,2026-09-16T02:55:10.431Z,FALSE,"",12:00,TRUE
fare_CCU-DEL_6E_2026-09-17_T+1_1789528445697_y86k,CCU-DEL,EaseMyTrip,6E,6E-2275,2026-09-17,T+1,7256,1593,8849,2026-09-16T02:55:10.431Z,FALSE,"",14:00,TRUE
fare_CCU-DEL_6E_2026-09-17_T+1_1789528445697_mwr9,CCU-DEL,EaseMyTrip,6E,6E-6183,2026-09-17,T+1,7256,1593,8849,2026-09-16T02:55:10.431Z,FALSE,"",17:30,TRUE
fare_CCU-DEL_QP_2026-09-17_T+1_1789528445697_ervg,CCU-DEL,EaseMyTrip,QP,QP-1802,2026-09-17,T+1,7315,1606,8921,2026-09-16T02:55:10.431Z,FALSE,"",09:05,TRUE
fare_CCU-DEL_AI_2026-09-17_T+1_1789528445697_tsmy,CCU-DEL,EaseMyTrip,AI,AI-1832,2026-09-17,T+1,7485,1643,9128,2026-09-16T02:55:10.431Z,FALSE,"",00:30,TRUE
fare_CCU-DEL_AI_2026-09-17_T+1_1789528445697_sau3,CCU-DEL,EaseMyTrip,AI,AI-2710,2026-09-17,T+1,7485,1643,9128,2026-09-16T02:55:10.431Z,FALSE,"",22:30,TRUE
fare_CCU-DEL_6E_2026-09-17_T+1_1789528445697_5bye,CCU-DEL,EaseMyTrip,6E,6E-6528,2026-09-17,T+1,7328,1608,8936,2026-09-16T02:55:10.431Z,FALSE,"",17:00,FALSE
fare_CCU-DEL_6E_2026-09-17_T+1_1789528445697_1ffy,CCU-DEL,EaseMyTrip,6E,6E-210,2026-09-17,T+1,7328,1608,8936,2026-09-16T02:55:10.431Z,FALSE,"",10:55,FALSE
fare_CCU-DEL_6E_2026-09-17_T+1_1789528445697_go0t,CCU-DEL,EaseMyTrip,6E,6E-612,2026-09-17,T+1,7328,1608,8936,2026-09-16T02:55:10.431Z,FALSE,"",10:55,FALSE
fare_CCU-DEL_6E_2026-09-17_T+1_1789528445697_l4ls,CCU-DEL,EaseMyTrip,6E,6E-6908,2026-09-17,T+1,7328,1608,8936,2026-09-16T02:55:10.431Z,FALSE,"",15:00,FALSE
fare_CCU-DEL_AI_2026-09-17_T+1_1789528445697_cwfc,CCU-DEL,EaseMyTrip,AI,AI-1863,2026-09-17,T+1,7513,1649,9162,2026-09-16T02:55:10.431Z,FALSE,"",19:15,TRUE
fare_CCU-DEL_AI_2026-09-17_T+1_1789528445697_7xzj,CCU-DEL,EaseMyTrip,AI,AI-2704,2026-09-17,T+1,7513,1649,9162,2026-09-16T02:55:10.431Z,FALSE,"",10:30,TRUE
fare_CCU-DEL_AI_2026-09-17_T+1_1789528445697_h3v1,CCU-DEL,EaseMyTrip,AI,AI-2708,2026-09-17,T+1,7513,1649,9162,2026-09-16T02:55:10.431Z,FALSE,"",21:00,TRUE
fare_CCU-DEL_AI_2026-09-17_T+1_1789528445697_uiu8,CCU-DEL,EaseMyTrip,AI,AI-2536,2026-09-17,T+1,7513,1649,9162,2026-09-16T02:55:10.431Z,FALSE,"",09:55,TRUE
fare_CCU-DEL_AI_2026-09-17_T+1_1789528445697_0foa,CCU-DEL,EaseMyTrip,AI,AI-2768,2026-09-17,T+1,7635,1676,9311,2026-09-16T02:55:10.431Z,FALSE,"",16:10,TRUE
fare_CCU-DEL_AI_2026-09-17_T+1_1789528445697_wjr1,CCU-DEL,EaseMyTrip,AI,AI-2720,2026-09-17,T+1,7635,1676,9311,2026-09-16T02:55:10.431Z,FALSE,"",07:00,TRUE
fare_CCU-DEL_AI_2026-09-17_T+1_1789528445697_ypjj,CCU-DEL,EaseMyTrip,AI,AI-1874,2026-09-17,T+1,7635,1676,9311,2026-09-16T02:55:10.431Z,FALSE,"",12:55,TRUE
fare_CCU-DEL_6E_2026-09-17_T+1_1789528445697_r1oi,CCU-DEL,EaseMyTrip,6E,6E-6516,2026-09-17,T+1,7472,1640,9112,2026-09-16T02:55:10.431Z,FALSE,"",16:10,TRUE
fare_CCU-DEL_6E_2026-09-17_T+1_1789528445697_trfq,CCU-DEL,EaseMyTrip,6E,6E-192,2026-09-17,T+1,7472,1640,9112,2026-09-16T02:55:10.431Z,FALSE,"",10:15,TRUE
fare_CCU-DEL_6E_2026-09-17_T+1_1789528445697_vwgt,CCU-DEL,EaseMyTrip,6E,6E-156,2026-09-17,T+1,7472,1640,9112,2026-09-16T02:55:10.431Z,FALSE,"",10:15,TRUE
fare_CCU-DEL_6E_2026-09-17_T+1_1789528445697_wumy,CCU-DEL,EaseMyTrip,6E,6E-500,2026-09-17,T+1,7472,1640,9112,2026-09-16T02:55:10.431Z,FALSE,"",07:00,TRUE
fare_CCU-DEL_6E_2026-09-17_T+1_1789528445697_s87n,CCU-DEL,EaseMyTrip,6E,6E-561,2026-09-17,T+1,7472,1640,9112,2026-09-16T02:55:10.431Z,FALSE,"",07:00,TRUE
fare_CCU-DEL_6E_2026-09-17_T+1_1789528445697_n709,CCU-DEL,EaseMyTrip,6E,6E-6717,2026-09-17,T+1,7583,1664,9247,2026-09-16T02:55:10.431Z,FALSE,"",18:35,FALSE
fare_CCU-DEL_6E_2026-09-17_T+1_1789528445697_f34o,CCU-DEL,EaseMyTrip,6E,6E-281,2026-09-17,T+1,7730,1697,9427,2026-09-16T02:55:10.431Z,FALSE,"",08:25,TRUE
fare_CCU-DEL_6E_2026-09-17_T+1_1789528445697_nwl2,CCU-DEL,EaseMyTrip,6E,6E-630,2026-09-17,T+1,7730,1697,9427,2026-09-16T02:55:10.431Z,FALSE,"",08:25,TRUE
fare_CCU-DEL_6E_2026-09-17_T+1_1789528445697_bfh1,CCU-DEL,EaseMyTrip,6E,6E-651,2026-09-17,T+1,7863,1726,9589,2026-09-16T02:55:10.431Z,FALSE,"",13:30,FALSE
fare_CCU-DEL_6E_2026-09-17_T+1_1789528445697_oyto,CCU-DEL,EaseMyTrip,6E,6E-507,2026-09-17,T+1,7863,1726,9589,2026-09-16T02:55:10.431Z,FALSE,"",13:30,FALSE
fare_CCU-DEL_6E_2026-09-17_T+1_1789528445697_q006,CCU-DEL,EaseMyTrip,6E,6E-6154,2026-09-17,T+1,7863,1726,9589,2026-09-16T02:55:10.431Z,FALSE,"",20:45,FALSE
fare_CCU-DEL_6E_2026-09-17_T+1_1789528445697_b7ez,CCU-DEL,EaseMyTrip,6E,6E-915,2026-09-17,T+1,8451,1855,10306,2026-09-16T02:55:10.431Z,FALSE,"",06:00,FALSE
fare_CCU-DEL_6E_2026-09-17_T+1_1789528445697_988d,CCU-DEL,EaseMyTrip,6E,6E-199,2026-09-17,T+1,8451,1855,10306,2026-09-16T02:55:10.431Z,FALSE,"",06:00,FALSE
fare_CCU-DEL_6E_2026-09-17_T+1_1789528445697_u5sj,CCU-DEL,EaseMyTrip,6E,6E-6185,2026-09-17,T+1,9678,2124,11802,2026-09-16T02:55:10.431Z,FALSE,"",07:05,FALSE
fare_CCU-DEL_6E_2026-09-17_T+1_1789528445697_9bes,CCU-DEL,EaseMyTrip,6E,6E-7924,2026-09-17,T+1,9968,2188,12156,2026-09-16T02:55:10.431Z,FALSE,"",09:55,FALSE
fare_CCU-DEL_6E_2026-09-17_T+1_1789528445697_hxna,CCU-DEL,EaseMyTrip,6E,6E-7623,2026-09-17,T+1,10311,2263,12574,2026-09-16T02:55:10.431Z,TRUE,"High outlier: ₹12574 > upper fence ₹12324 (Q3: ₹9948, IQR: ₹1584)",07:50,FALSE
fare_CCU-DEL_AI_2026-09-17_T+1_1789528445697_ltdh,CCU-DEL,EaseMyTrip,AI,AI-9503,2026-09-17,T+1,10739,2357,13096,2026-09-16T02:55:10.431Z,TRUE,"High outlier: ₹13096 > upper fence ₹12324 (Q3: ₹9948, IQR: ₹1584)",07:20,FALSE
fare_CCU-DEL_AI_2026-09-17_T+1_1789528445697_0e0c,CCU-DEL,EaseMyTrip,AI,AI-9501,2026-09-17,T+1,10739,2357,13096,2026-09-16T02:55:10.431Z,TRUE,"High outlier: ₹13096 > upper fence ₹12324 (Q3: ₹9948, IQR: ₹1584)",11:50,FALSE
fare_CCU-DEL_6E_2026-09-17_T+1_1789528445697_1dh7,CCU-DEL,EaseMyTrip,6E,6E-710,2026-09-17,T+1,10590,2325,12915,2026-09-16T02:55:10.431Z,TRUE,"High outlier: ₹12915 > upper fence ₹12324 (Q3: ₹9948, IQR: ₹1584)",10:55,FALSE
fare_CCU-DEL_6E_2026-09-17_T+1_1789528445697_wj9u,CCU-DEL,EaseMyTrip,6E,6E-6513,2026-09-17,T+1,10590,2325,12915,2026-09-16T02:55:10.431Z,TRUE,"High outlier: ₹12915 > upper fence ₹12324 (Q3: ₹9948, IQR: ₹1584)",08:40,FALSE
fare_CCU-DEL_QP_2026-09-17_T+1_1789528445697_vsu7,CCU-DEL,EaseMyTrip,QP,QP-1136,2026-09-17,T+1,11807,2592,14399,2026-09-16T02:55:10.431Z,TRUE,"High outlier: ₹14399 > upper fence ₹12324 (Q3: ₹9948, IQR: ₹1584)",05:10,FALSE
fare_CCU-DEL_6E_2026-09-17_T+1_1789528445697_7msx,CCU-DEL,EaseMyTrip,6E,6E-7215,2026-09-17,T+1,12049,2645,14694,2026-09-16T02:55:10.431Z,TRUE,"High outlier: ₹14694 > upper fence ₹12324 (Q3: ₹9948, IQR: ₹1584)",18:00,FALSE
fare_CCU-DEL_6E_2026-09-17_T+1_1789528445697_m3vh,CCU-DEL,EaseMyTrip,6E,6E-464,2026-09-17,T+1,13264,2912,16176,2026-09-16T02:55:10.431Z,TRUE,"High outlier: ₹16176 > upper fence ₹12324 (Q3: ₹9948, IQR: ₹1584)",11:40,FALSE
fare_CCU-DEL_6E_2026-09-17_T+1_1789528445697_eehe,CCU-DEL,EaseMyTrip,6E,6E-563,2026-09-17,T+1,13264,2912,16176,2026-09-16T02:55:10.431Z,TRUE,"High outlier: ₹16176 > upper fence ₹12324 (Q3: ₹9948, IQR: ₹1584)",11:40,FALSE
fare_CCU-DEL_IX_2026-09-17_T+1_1789528445697_n8ss,CCU-DEL,EaseMyTrip,IX,IX-1371,2026-09-17,T+1,14369,3154,17523,2026-09-16T02:55:10.431Z,TRUE,"High outlier: ₹17523 > upper fence ₹12324 (Q3: ₹9948, IQR: ₹1584)",18:50,FALSE
fare_CCU-DEL_IX_2026-09-17_T+1_1789528445697_h4os,CCU-DEL,EaseMyTrip,IX,IX-1496,2026-09-17,T+1,14369,3154,17523,2026-09-16T02:55:10.431Z,TRUE,"High outlier: ₹17523 > upper fence ₹12324 (Q3: ₹9948, IQR: ₹1584)",11:15,FALSE
fare_CCU-DEL_6E_2026-09-17_T+1_1789528445697_5j4g,CCU-DEL,EaseMyTrip,6E,6E-562,2026-09-17,T+1,13915,3055,16970,2026-09-16T02:55:10.431Z,TRUE,"High outlier: ₹16970 > upper fence ₹12324 (Q3: ₹9948, IQR: ₹1584)",11:25,FALSE
fare_CCU-DEL_6E_2026-09-17_T+1_1789528445697_4d3r,CCU-DEL,EaseMyTrip,6E,6E-635,2026-09-17,T+1,13915,3055,16970,2026-09-16T02:55:10.431Z,TRUE,"High outlier: ₹16970 > upper fence ₹12324 (Q3: ₹9948, IQR: ₹1584)",11:25,FALSE
fare_CCU-DEL_AI_2026-09-17_T+1_1789528445697_t0xw,CCU-DEL,EaseMyTrip,AI,AI-9784,2026-09-17,T+1,15687,3443,19130,2026-09-16T02:55:10.431Z,TRUE,"High outlier: ₹19130 > upper fence ₹12324 (Q3: ₹9948, IQR: ₹1584)",06:30,FALSE
fare_CCU-DEL_IX_2026-09-17_T+1_1789528445697_t0ll,CCU-DEL,EaseMyTrip,IX,IX-1543,2026-09-17,T+1,16996,3731,20727,2026-09-16T02:55:10.431Z,TRUE,"High outlier: ₹20727 > upper fence ₹12324 (Q3: ₹9948, IQR: ₹1584)",15:15,FALSE
fare_CCU-DEL_AI_2026-09-17_T+1_1789528445697_1iok,CCU-DEL,EaseMyTrip,AI,AI-9438,2026-09-17,T+1,16408,3602,20010,2026-09-16T02:55:10.431Z,TRUE,"High outlier: ₹20010 > upper fence ₹12324 (Q3: ₹9948, IQR: ₹1584)",11:15,FALSE
fare_CCU-DEL_AI_2026-09-17_T+1_1789528445697_vax4,CCU-DEL,EaseMyTrip,AI,AI-9782,2026-09-17,T+1,16886,3707,20593,2026-09-16T02:55:10.431Z,TRUE,"High outlier: ₹20593 > upper fence ₹12324 (Q3: ₹9948, IQR: ₹1584)",16:35,FALSE
fare_CCU-DEL_AI_2026-09-17_T+1_1789528445697_ez6a,CCU-DEL,EaseMyTrip,AI,AI-9436,2026-09-17,T+1,22514,4942,27456,2026-09-16T02:55:10.431Z,TRUE,"High outlier: ₹27456 > upper fence ₹12324 (Q3: ₹9948, IQR: ₹1584)",18:50,FALSE
fare_CCU-DEL_AI_2026-09-17_T+1_1789528445697_n4x2,CCU-DEL,EaseMyTrip,AI,AI-9440,2026-09-17,T+1,30184,6626,36810,2026-09-16T02:55:10.431Z,TRUE,"High outlier: ₹36810 > upper fence ₹12324 (Q3: ₹9948, IQR: ₹1584)",15:15,FALSE
fare_CCU-DEL_AI_2026-09-17_T+1_1789528445697_u31t,CCU-DEL,EaseMyTrip,AI,AI-9944,2026-09-17,T+1,30797,6760,37557,2026-09-16T02:55:10.431Z,TRUE,"High outlier: ₹37557 > upper fence ₹12324 (Q3: ₹9948, IQR: ₹1584)",06:10,FALSE
fare_CCU-DEL_6E_2026-09-23_T+7_1789528445700_rnk8,CCU-DEL,EaseMyTrip,6E,6E-308,2026-09-23,T+7,5946,1305,7251,2026-09-16T02:55:16.088Z,FALSE,"",18:05,FALSE
fare_CCU-DEL_6E_2026-09-23_T+7_1789528445700_wqrp,CCU-DEL,EaseMyTrip,6E,6E-251,2026-09-23,T+7,5946,1305,7251,2026-09-16T02:55:16.088Z,FALSE,"",18:05,FALSE
fare_CCU-DEL_6E_2026-09-23_T+7_1789528445700_ag07,CCU-DEL,EaseMyTrip,6E,6E-107,2026-09-23,T+7,5946,1305,7251,2026-09-16T02:55:16.088Z,FALSE,"",10:45,FALSE
fare_CCU-DEL_6E_2026-09-23_T+7_1789528445700_wa4q,CCU-DEL,EaseMyTrip,6E,6E-404,2026-09-23,T+7,5946,1305,7251,2026-09-16T02:55:16.088Z,FALSE,"",10:45,FALSE
fare_CCU-DEL_6E_2026-09-23_T+7_1789528445700_7hh5,CCU-DEL,EaseMyTrip,6E,6E-445,2026-09-23,T+7,5946,1305,7251,2026-09-16T02:55:16.088Z,FALSE,"",10:45,FALSE
fare_CCU-DEL_6E_2026-09-23_T+7_1789528445700_zug2,CCU-DEL,EaseMyTrip,6E,6E-295,2026-09-23,T+7,5946,1305,7251,2026-09-16T02:55:16.088Z,FALSE,"",10:45,FALSE
fare_CCU-DEL_6E_2026-09-23_T+7_1789528445700_1lfq,CCU-DEL,EaseMyTrip,6E,6E-352,2026-09-23,T+7,6053,1329,7382,2026-09-16T02:55:16.088Z,FALSE,"",17:05,FALSE
fare_CCU-DEL_6E_2026-09-23_T+7_1789528445700_p1sm,CCU-DEL,EaseMyTrip,6E,6E-386,2026-09-23,T+7,6053,1329,7382,2026-09-16T02:55:16.088Z,FALSE,"",17:05,FALSE
fare_CCU-DEL_6E_2026-09-23_T+7_1789528445700_bt6v,CCU-DEL,EaseMyTrip,6E,6E-348,2026-09-23,T+7,6118,1343,7461,2026-09-16T02:55:16.088Z,FALSE,"",11:40,FALSE
fare_CCU-DEL_6E_2026-09-23_T+7_1789528445700_qqai,CCU-DEL,EaseMyTrip,6E,6E-156,2026-09-23,T+7,6118,1343,7461,2026-09-16T02:55:16.088Z,FALSE,"",11:40,FALSE
fare_CCU-DEL_6E_2026-09-23_T+7_1789528445700_tg3v,CCU-DEL,EaseMyTrip,6E,6E-800,2026-09-23,T+7,6118,1343,7461,2026-09-16T02:55:16.088Z,FALSE,"",11:40,FALSE
fare_CCU-DEL_6E_2026-09-23_T+7_1789528445700_3hfu,CCU-DEL,EaseMyTrip,6E,6E-371,2026-09-23,T+7,6118,1343,7461,2026-09-16T02:55:16.088Z,FALSE,"",11:40,FALSE
fare_CCU-DEL_6E_2026-09-23_T+7_1789528445700_h939,CCU-DEL,EaseMyTrip,6E,6E-6717,2026-09-23,T+7,6118,1343,7461,2026-09-16T02:55:16.088Z,FALSE,"",18:35,FALSE
fare_CCU-DEL_6E_2026-09-23_T+7_1789528445700_jmsl,CCU-DEL,EaseMyTrip,6E,6E-6851,2026-09-23,T+7,6118,1343,7461,2026-09-16T02:55:16.088Z,FALSE,"",11:15,FALSE
fare_CCU-DEL_6E_2026-09-23_T+7_1789528445700_wh3u,CCU-DEL,EaseMyTrip,6E,6E-6185,2026-09-23,T+7,6118,1343,7461,2026-09-16T02:55:16.088Z,FALSE,"",07:05,FALSE
fare_CCU-DEL_6E_2026-09-23_T+7_1789528445700_u78d,CCU-DEL,EaseMyTrip,6E,6E-189,2026-09-23,T+7,6118,1343,7461,2026-09-16T02:55:16.088Z,FALSE,"",16:05,FALSE
fare_CCU-DEL_6E_2026-09-23_T+7_1789528445700_d8um,CCU-DEL,EaseMyTrip,6E,6E-651,2026-09-23,T+7,6118,1343,7461,2026-09-16T02:55:16.088Z,FALSE,"",16:05,FALSE
fare_CCU-DEL_6E_2026-09-23_T+7_1789528445700_loxy,CCU-DEL,EaseMyTrip,6E,6E-6785,2026-09-23,T+7,6204,1362,7566,2026-09-16T02:55:16.088Z,FALSE,"",07:55,FALSE
fare_CCU-DEL_6E_2026-09-23_T+7_1789528445700_nt5o,CCU-DEL,EaseMyTrip,6E,6E-6134,2026-09-23,T+7,6204,1362,7566,2026-09-16T02:55:16.088Z,FALSE,"",16:30,FALSE
fare_CCU-DEL_6E_2026-09-23_T+7_1789528445700_458f,CCU-DEL,EaseMyTrip,6E,6E-356,2026-09-23,T+7,6204,1362,7566,2026-09-16T02:55:16.088Z,FALSE,"",12:40,FALSE
fare_CCU-DEL_6E_2026-09-23_T+7_1789528445700_1joo,CCU-DEL,EaseMyTrip,6E,6E-747,2026-09-23,T+7,6204,1362,7566,2026-09-16T02:55:16.088Z,FALSE,"",06:05,FALSE
fare_CCU-DEL_6E_2026-09-23_T+7_1789528445700_nyyb,CCU-DEL,EaseMyTrip,6E,6E-874,2026-09-23,T+7,6204,1362,7566,2026-09-16T02:55:16.088Z,FALSE,"",06:05,FALSE
fare_CCU-DEL_6E_2026-09-23_T+7_1789528445700_kznw,CCU-DEL,EaseMyTrip,6E,6E-243,2026-09-23,T+7,6225,1367,7592,2026-09-16T02:55:16.088Z,FALSE,"",18:55,FALSE
fare_CCU-DEL_6E_2026-09-23_T+7_1789528445700_wsvp,CCU-DEL,EaseMyTrip,6E,6E-539,2026-09-23,T+7,6225,1367,7592,2026-09-16T02:55:16.088Z,FALSE,"",18:55,FALSE
fare_CCU-DEL_6E_2026-09-23_T+7_1789528445700_gef9,CCU-DEL,EaseMyTrip,6E,6E-969,2026-09-23,T+7,6225,1367,7592,2026-09-16T02:55:16.088Z,FALSE,"",17:45,FALSE
fare_CCU-DEL_6E_2026-09-23_T+7_1789528445700_nf32,CCU-DEL,EaseMyTrip,6E,6E-577,2026-09-23,T+7,6225,1367,7592,2026-09-16T02:55:16.088Z,FALSE,"",17:45,FALSE
fare_CCU-DEL_6E_2026-09-23_T+7_1789528445700_2cxu,CCU-DEL,EaseMyTrip,6E,6E-440,2026-09-23,T+7,6376,1400,7776,2026-09-16T02:55:16.088Z,FALSE,"",14:00,FALSE
fare_CCU-DEL_6E_2026-09-23_T+7_1789528445700_avlc,CCU-DEL,EaseMyTrip,6E,6E-152,2026-09-23,T+7,6376,1400,7776,2026-09-16T02:55:16.088Z,FALSE,"",14:00,FALSE
fare_CCU-DEL_6E_2026-09-23_T+7_1789528445700_ynif,CCU-DEL,EaseMyTrip,6E,6E-854,2026-09-23,T+7,6376,1400,7776,2026-09-16T02:55:16.088Z,FALSE,"",12:50,FALSE
fare_CCU-DEL_6E_2026-09-23_T+7_1789528445700_ko5b,CCU-DEL,EaseMyTrip,6E,6E-753,2026-09-23,T+7,6398,1404,7802,2026-09-16T02:55:16.088Z,FALSE,"",13:30,FALSE
fare_CCU-DEL_6E_2026-09-23_T+7_1789528445700_0o8e,CCU-DEL,EaseMyTrip,6E,6E-321,2026-09-23,T+7,6398,1404,7802,2026-09-16T02:55:16.088Z,FALSE,"",13:30,FALSE
fare_CCU-DEL_6E_2026-09-23_T+7_1789528445700_0omy,CCU-DEL,EaseMyTrip,6E,6E-102,2026-09-23,T+7,6398,1404,7802,2026-09-16T02:55:16.088Z,FALSE,"",06:00,FALSE
fare_CCU-DEL_6E_2026-09-23_T+7_1789528445700_43ql,CCU-DEL,EaseMyTrip,6E,6E-458,2026-09-23,T+7,6398,1404,7802,2026-09-16T02:55:16.088Z,FALSE,"",06:00,FALSE
fare_CCU-DEL_6E_2026-09-23_T+7_1789528445700_v6p5,CCU-DEL,EaseMyTrip,6E,6E-104,2026-09-23,T+7,6398,1404,7802,2026-09-16T02:55:16.088Z,FALSE,"",10:55,FALSE
fare_CCU-DEL_6E_2026-09-23_T+7_1789528445700_ot4u,CCU-DEL,EaseMyTrip,6E,6E-550,2026-09-23,T+7,6398,1404,7802,2026-09-16T02:55:16.088Z,FALSE,"",10:55,FALSE
fare_CCU-DEL_6E_2026-09-23_T+7_1789528445700_1qjo,CCU-DEL,EaseMyTrip,6E,6E-6528,2026-09-23,T+7,6398,1404,7802,2026-09-16T02:55:16.088Z,FALSE,"",17:00,FALSE
fare_CCU-DEL_6E_2026-09-23_T+7_1789528445700_i75z,CCU-DEL,EaseMyTrip,6E,6E-6908,2026-09-23,T+7,6398,1404,7802,2026-09-16T02:55:16.088Z,FALSE,"",15:00,FALSE
fare_CCU-DEL_6E_2026-09-23_T+7_1789528445700_6f16,CCU-DEL,EaseMyTrip,6E,6E-6513,2026-09-23,T+7,6398,1404,7802,2026-09-16T02:55:16.088Z,FALSE,"",08:40,FALSE
fare_CCU-DEL_6E_2026-09-23_T+7_1789528445700_ik3u,CCU-DEL,EaseMyTrip,6E,6E-6623,2026-09-23,T+7,6398,1404,7802,2026-09-16T02:55:16.088Z,FALSE,"",05:20,FALSE
fare_CCU-DEL_6E_2026-09-23_T+7_1789528445700_197u,CCU-DEL,EaseMyTrip,6E,6E-621,2026-09-23,T+7,6398,1404,7802,2026-09-16T02:55:16.088Z,FALSE,"",16:05,FALSE
fare_CCU-DEL_6E_2026-09-23_T+7_1789528445700_4wg3,CCU-DEL,EaseMyTrip,6E,6E-752,2026-09-23,T+7,6398,1404,7802,2026-09-16T02:55:16.088Z,FALSE,"",16:05,FALSE
fare_CCU-DEL_6E_2026-09-23_T+7_1789528445700_h6te,CCU-DEL,EaseMyTrip,6E,6E-303,2026-09-23,T+7,6398,1404,7802,2026-09-16T02:55:16.088Z,FALSE,"",13:30,FALSE
fare_CCU-DEL_6E_2026-09-23_T+7_1789528445700_7g11,CCU-DEL,EaseMyTrip,6E,6E-748,2026-09-23,T+7,6398,1404,7802,2026-09-16T02:55:16.088Z,FALSE,"",13:30,FALSE
fare_CCU-DEL_6E_2026-09-23_T+7_1789528445700_cd31,CCU-DEL,EaseMyTrip,6E,6E-515,2026-09-23,T+7,6398,1404,7802,2026-09-16T02:55:16.088Z,FALSE,"",10:55,FALSE
fare_CCU-DEL_6E_2026-09-23_T+7_1789528445700_yhfa,CCU-DEL,EaseMyTrip,6E,6E-654,2026-09-23,T+7,6398,1404,7802,2026-09-16T02:55:16.088Z,FALSE,"",10:55,FALSE
fare_CCU-DEL_6E_2026-09-23_T+7_1789528445700_faun,CCU-DEL,EaseMyTrip,6E,6E-7924,2026-09-23,T+7,6417,1408,7825,2026-09-16T02:55:16.088Z,FALSE,"",09:55,FALSE
fare_CCU-DEL_IX_2026-09-23_T+7_1789528445700_ryjg,CCU-DEL,EaseMyTrip,IX,IX-1248,2026-09-23,T+7,6676,1465,8141,2026-09-16T02:55:16.088Z,FALSE,"",07:45,FALSE
fare_CCU-DEL_6E_2026-09-23_T+7_1789528445700_zbiw,CCU-DEL,EaseMyTrip,6E,6E-7215,2026-09-23,T+7,6496,1426,7922,2026-09-16T02:55:16.088Z,FALSE,"",18:00,FALSE
fare_CCU-DEL_6E_2026-09-23_T+7_1789528445700_5c1k,CCU-DEL,EaseMyTrip,6E,6E-7317,2026-09-23,T+7,6561,1440,8001,2026-09-16T02:55:16.088Z,FALSE,"",14:05,FALSE
fare_CCU-DEL_6E_2026-09-23_T+7_1789528445700_du9n,CCU-DEL,EaseMyTrip,6E,6E-7325,2026-09-23,T+7,6561,1440,8001,2026-09-16T02:55:16.088Z,FALSE,"",16:20,FALSE
fare_CCU-DEL_6E_2026-09-23_T+7_1789528445700_zz6y,CCU-DEL,EaseMyTrip,6E,6E-7583,2026-09-23,T+7,6561,1440,8001,2026-09-16T02:55:16.088Z,FALSE,"",18:30,FALSE
fare_CCU-DEL_QP_2026-09-23_T+7_1789528445700_uc5u,CCU-DEL,EaseMyTrip,QP,QP-1802,2026-09-23,T+7,6594,1448,8042,2026-09-16T02:55:16.088Z,FALSE,"",09:05,TRUE
fare_CCU-DEL_QP_2026-09-23_T+7_1789528445700_ef1o,CCU-DEL,EaseMyTrip,QP,QP-1804,2026-09-23,T+7,6594,1448,8042,2026-09-16T02:55:16.088Z,FALSE,"",20:05,TRUE
fare_CCU-DEL_IX_2026-09-23_T+7_1789528445700_uim4,CCU-DEL,EaseMyTrip,IX,IX-1517,2026-09-23,T+7,7020,1541,8561,2026-09-16T02:55:16.088Z,FALSE,"",07:20,FALSE
fare_CCU-DEL_6E_2026-09-23_T+7_1789528445700_6y0y,CCU-DEL,EaseMyTrip,6E,6E-6154,2026-09-23,T+7,6840,1502,8342,2026-09-16T02:55:16.088Z,FALSE,"",20:45,FALSE
fare_CCU-DEL_6E_2026-09-23_T+7_1789528445700_4g5c,CCU-DEL,EaseMyTrip,6E,6E-7623,2026-09-23,T+7,7048,1547,8595,2026-09-16T02:55:16.088Z,FALSE,"",07:50,FALSE
fare_CCU-DEL_6E_2026-09-23_T+7_1789528445700_g342,CCU-DEL,EaseMyTrip,6E,6E-2588,2026-09-23,T+7,7202,1581,8783,2026-09-16T02:55:16.088Z,FALSE,"",11:45,TRUE
fare_CCU-DEL_6E_2026-09-23_T+7_1789528445700_19q2,CCU-DEL,EaseMyTrip,6E,6E-855,2026-09-23,T+7,7256,1593,8849,2026-09-16T02:55:16.088Z,FALSE,"",08:25,TRUE
fare_CCU-DEL_6E_2026-09-23_T+7_1789528445700_rvwl,CCU-DEL,EaseMyTrip,6E,6E-246,2026-09-23,T+7,7256,1593,8849,2026-09-16T02:55:16.088Z,FALSE,"",08:25,TRUE
fare_CCU-DEL_6E_2026-09-23_T+7_1789528445700_4led,CCU-DEL,EaseMyTrip,6E,6E-262,2026-09-23,T+7,7256,1593,8849,2026-09-16T02:55:16.088Z,FALSE,"",05:20,TRUE
fare_CCU-DEL_6E_2026-09-23_T+7_1789528445700_vh5r,CCU-DEL,EaseMyTrip,6E,6E-485,2026-09-23,T+7,7256,1593,8849,2026-09-16T02:55:16.088Z,FALSE,"",05:20,TRUE
fare_CCU-DEL_6E_2026-09-23_T+7_1789528445700_0hek,CCU-DEL,EaseMyTrip,6E,6E-5190,2026-09-23,T+7,7256,1593,8849,2026-09-16T02:55:16.088Z,FALSE,"",22:30,TRUE
fare_CCU-DEL_6E_2026-09-23_T+7_1789528445700_x70f,CCU-DEL,EaseMyTrip,6E,6E-318,2026-09-23,T+7,7256,1593,8849,2026-09-16T02:55:16.088Z,FALSE,"",21:00,TRUE
fare_CCU-DEL_6E_2026-09-23_T+7_1789528445700_yoz5,CCU-DEL,EaseMyTrip,6E,6E-100,2026-09-23,T+7,7256,1593,8849,2026-09-16T02:55:16.088Z,FALSE,"",21:00,TRUE
fare_CCU-DEL_6E_2026-09-23_T+7_1789528445700_pexr,CCU-DEL,EaseMyTrip,6E,6E-6516,2026-09-23,T+7,7256,1593,8849,2026-09-16T02:55:16.088Z,FALSE,"",16:10,TRUE
fare_CCU-DEL_6E_2026-09-23_T+7_1789528445700_h5md,CCU-DEL,EaseMyTrip,6E,6E-2275,2026-09-23,T+7,7256,1593,8849,2026-09-16T02:55:16.088Z,FALSE,"",14:00,TRUE
fare_CCU-DEL_6E_2026-09-23_T+7_1789528445700_gbvm,CCU-DEL,EaseMyTrip,6E,6E-609,2026-09-23,T+7,7256,1593,8849,2026-09-16T02:55:16.088Z,FALSE,"",19:15,TRUE
fare_CCU-DEL_6E_2026-09-23_T+7_1789528445700_dif1,CCU-DEL,EaseMyTrip,6E,6E-631,2026-09-23,T+7,7256,1593,8849,2026-09-16T02:55:16.088Z,FALSE,"",19:15,TRUE
fare_CCU-DEL_6E_2026-09-23_T+7_1789528445700_gkt7,CCU-DEL,EaseMyTrip,6E,6E-936,2026-09-23,T+7,7256,1593,8849,2026-09-16T02:55:16.088Z,FALSE,"",10:15,TRUE
fare_CCU-DEL_6E_2026-09-23_T+7_1789528445700_gc2q,CCU-DEL,EaseMyTrip,6E,6E-426,2026-09-23,T+7,7256,1593,8849,2026-09-16T02:55:16.088Z,FALSE,"",10:15,TRUE
fare_CCU-DEL_6E_2026-09-23_T+7_1789528445700_21wx,CCU-DEL,EaseMyTrip,6E,6E-6358,2026-09-23,T+7,7256,1593,8849,2026-09-16T02:55:16.088Z,FALSE,"",12:00,TRUE
fare_CCU-DEL_6E_2026-09-23_T+7_1789528445700_2ed5,CCU-DEL,EaseMyTrip,6E,6E-6183,2026-09-23,T+7,7256,1593,8849,2026-09-16T02:55:16.088Z,FALSE,"",17:30,TRUE
fare_CCU-DEL_6E_2026-09-23_T+7_1789528445700_bb7h,CCU-DEL,EaseMyTrip,6E,6E-493,2026-09-23,T+7,7256,1593,8849,2026-09-16T02:55:16.088Z,FALSE,"",07:00,TRUE
fare_CCU-DEL_6E_2026-09-23_T+7_1789528445700_rv2t,CCU-DEL,EaseMyTrip,6E,6E-291,2026-09-23,T+7,7256,1593,8849,2026-09-16T02:55:16.088Z,FALSE,"",07:00,TRUE
fare_CCU-DEL_AI_2026-09-23_T+7_1789528445700_pfla,CCU-DEL,EaseMyTrip,AI,AI-1832,2026-09-23,T+7,7485,1643,9128,2026-09-16T02:55:16.088Z,FALSE,"",00:30,TRUE
fare_CCU-DEL_AI_2026-09-23_T+7_1789528445700_qskv,CCU-DEL,EaseMyTrip,AI,AI-2710,2026-09-23,T+7,7485,1643,9128,2026-09-16T02:55:16.088Z,FALSE,"",22:30,TRUE
fare_CCU-DEL_AI_2026-09-23_T+7_1789528445700_fzng,CCU-DEL,EaseMyTrip,AI,AI-1863,2026-09-23,T+7,7513,1649,9162,2026-09-16T02:55:16.088Z,FALSE,"",19:15,TRUE
fare_CCU-DEL_AI_2026-09-23_T+7_1789528445700_406b,CCU-DEL,EaseMyTrip,AI,AI-2704,2026-09-23,T+7,7513,1649,9162,2026-09-16T02:55:16.088Z,FALSE,"",10:30,TRUE
fare_CCU-DEL_AI_2026-09-23_T+7_1789528445700_t0lz,CCU-DEL,EaseMyTrip,AI,AI-2708,2026-09-23,T+7,7513,1649,9162,2026-09-16T02:55:16.088Z,FALSE,"",21:00,TRUE
fare_CCU-DEL_AI_2026-09-23_T+7_1789528445700_tx7y,CCU-DEL,EaseMyTrip,AI,AI-2536,2026-09-23,T+7,7513,1649,9162,2026-09-16T02:55:16.088Z,FALSE,"",09:55,TRUE
fare_CCU-DEL_AI_2026-09-23_T+7_1789528445700_szvy,CCU-DEL,EaseMyTrip,AI,AI-2720,2026-09-23,T+7,7635,1676,9311,2026-09-16T02:55:16.088Z,FALSE,"",07:00,TRUE
fare_CCU-DEL_AI_2026-09-23_T+7_1789528445700_l91o,CCU-DEL,EaseMyTrip,AI,AI-1874,2026-09-23,T+7,7635,1676,9311,2026-09-16T02:55:16.088Z,FALSE,"",12:55,TRUE
fare_CCU-DEL_6E_2026-09-23_T+7_1789528445700_r3qg,CCU-DEL,EaseMyTrip,6E,6E-903,2026-09-23,T+7,7583,1664,9247,2026-09-16T02:55:16.088Z,FALSE,"",09:45,FALSE
fare_CCU-DEL_6E_2026-09-23_T+7_1789528445700_ft8o,CCU-DEL,EaseMyTrip,6E,6E-278,2026-09-23,T+7,7583,1664,9247,2026-09-16T02:55:16.088Z,FALSE,"",09:45,FALSE
fare_CCU-DEL_AI_2026-09-23_T+7_1789528445700_n8zj,CCU-DEL,EaseMyTrip,AI,AI-2768,2026-09-23,T+7,8066,1770,9836,2026-09-16T02:55:16.088Z,FALSE,"",16:10,TRUE
fare_CCU-DEL_SG_2026-09-23_T+7_1789528445700_yxdo,CCU-DEL,EaseMyTrip,SG,SG-122,2026-09-23,T+7,9969,2188,12157,2026-09-16T02:55:16.088Z,TRUE,"High outlier: ₹12157 > upper fence ₹11310 (Q3: ₹9162, IQR: ₹1432)",23:20,TRUE
fare_CCU-DEL_SG_2026-09-23_T+7_1789528445700_3o5n,CCU-DEL,EaseMyTrip,SG,SG-679,2026-09-23,T+7,9969,2188,12157,2026-09-16T02:55:16.088Z,TRUE,"High outlier: ₹12157 > upper fence ₹11310 (Q3: ₹9162, IQR: ₹1432)",23:20,TRUE
fare_CCU-DEL_AI_2026-09-23_T+7_1789528445700_747b,CCU-DEL,EaseMyTrip,AI,AI-9503,2026-09-23,T+7,10739,2357,13096,2026-09-16T02:55:16.088Z,TRUE,"High outlier: ₹13096 > upper fence ₹11310 (Q3: ₹9162, IQR: ₹1432)",07:20,FALSE
fare_CCU-DEL_IX_2026-09-23_T+7_1789528445700_22pn,CCU-DEL,EaseMyTrip,IX,IX-1496,2026-09-23,T+7,12327,2706,15033,2026-09-16T02:55:16.088Z,TRUE,"High outlier: ₹15033 > upper fence ₹11310 (Q3: ₹9162, IQR: ₹1432)",11:15,FALSE
fare_CCU-DEL_QP_2026-09-23_T+7_1789528445700_pidg,CCU-DEL,EaseMyTrip,QP,QP-1136,2026-09-23,T+7,11689,2566,14255,2026-09-16T02:55:16.088Z,TRUE,"High outlier: ₹14255 > upper fence ₹11310 (Q3: ₹9162, IQR: ₹1432)",05:10,FALSE
fare_CCU-DEL_IX_2026-09-23_T+7_1789528445700_rd9q,CCU-DEL,EaseMyTrip,IX,IX-1514,2026-09-23,T+7,12467,2737,15204,2026-09-16T02:55:16.088Z,TRUE,"High outlier: ₹15204 > upper fence ₹11310 (Q3: ₹9162, IQR: ₹1432)",14:05,FALSE
fare_CCU-DEL_IX_2026-09-23_T+7_1789528445700_fd7s,CCU-DEL,EaseMyTrip,IX,IX-1371,2026-09-23,T+7,12671,2782,15453,2026-09-16T02:55:16.088Z,TRUE,"High outlier: ₹15453 > upper fence ₹11310 (Q3: ₹9162, IQR: ₹1432)",18:50,FALSE
fare_CCU-DEL_IX_2026-09-23_T+7_1789528445700_gvs2,CCU-DEL,EaseMyTrip,IX,IX-1543,2026-09-23,T+7,13103,2876,15979,2026-09-16T02:55:16.088Z,TRUE,"High outlier: ₹15979 > upper fence ₹11310 (Q3: ₹9162, IQR: ₹1432)",15:15,FALSE
fare_CCU-DEL_6E_2026-09-23_T+7_1789528445700_yuhi,CCU-DEL,EaseMyTrip,6E,6E-245,2026-09-23,T+7,13152,2887,16039,2026-09-16T02:55:16.088Z,TRUE,"High outlier: ₹16039 > upper fence ₹11310 (Q3: ₹9162, IQR: ₹1432)",09:45,FALSE
fare_CCU-DEL_6E_2026-09-23_T+7_1789528445700_cr3v,CCU-DEL,EaseMyTrip,6E,6E-496,2026-09-23,T+7,13152,2887,16039,2026-09-16T02:55:16.088Z,TRUE,"High outlier: ₹16039 > upper fence ₹11310 (Q3: ₹9162, IQR: ₹1432)",09:45,FALSE
fare_CCU-DEL_AI_2026-09-23_T+7_1789528445700_6lmx,CCU-DEL,EaseMyTrip,AI,AI-9438,2026-09-23,T+7,13317,2923,16240,2026-09-16T02:55:16.088Z,TRUE,"High outlier: ₹16240 > upper fence ₹11310 (Q3: ₹9162, IQR: ₹1432)",11:15,FALSE
fare_CCU-DEL_AI_2026-09-23_T+7_1789528445700_cipp,CCU-DEL,EaseMyTrip,AI,AI-9784,2026-09-23,T+7,13395,2940,16335,2026-09-16T02:55:16.088Z,TRUE,"High outlier: ₹16335 > upper fence ₹11310 (Q3: ₹9162, IQR: ₹1432)",06:30,FALSE
fare_CCU-DEL_AI_2026-09-23_T+7_1789528445700_xpu7,CCU-DEL,EaseMyTrip,AI,AI-9782,2026-09-23,T+7,14010,3075,17085,2026-09-16T02:55:16.088Z,TRUE,"High outlier: ₹17085 > upper fence ₹11310 (Q3: ₹9162, IQR: ₹1432)",16:35,FALSE
fare_CCU-DEL_AI_2026-09-23_T+7_1789528445700_kst7,CCU-DEL,EaseMyTrip,AI,AI-9501,2026-09-23,T+7,14014,3076,17090,2026-09-16T02:55:16.088Z,TRUE,"High outlier: ₹17090 > upper fence ₹11310 (Q3: ₹9162, IQR: ₹1432)",14:05,FALSE
fare_CCU-DEL_AI_2026-09-23_T+7_1789528445700_62e6,CCU-DEL,EaseMyTrip,AI,AI-2482,2026-09-23,T+7,14134,3102,17236,2026-09-16T02:55:16.088Z,TRUE,"High outlier: ₹17236 > upper fence ₹11310 (Q3: ₹9162, IQR: ₹1432)",20:35,FALSE
fare_CCU-DEL_AI_2026-09-23_T+7_1789528445700_1pet,CCU-DEL,EaseMyTrip,AI,AI-2772,2026-09-23,T+7,14274,3133,17407,2026-09-16T02:55:16.088Z,TRUE,"High outlier: ₹17407 > upper fence ₹11310 (Q3: ₹9162, IQR: ₹1432)",10:30,FALSE
fare_CCU-DEL_AI_2026-09-23_T+7_1789528445700_hqj8,CCU-DEL,EaseMyTrip,AI,AI-9440,2026-09-23,T+7,16228,3562,19790,2026-09-16T02:55:16.088Z,TRUE,"High outlier: ₹19790 > upper fence ₹11310 (Q3: ₹9162, IQR: ₹1432)",15:15,FALSE
fare_CCU-DEL_6E_2026-09-23_T+7_1789528445700_ljyp,CCU-DEL,EaseMyTrip,6E,6E-6749,2026-09-23,T+7,20076,4407,24483,2026-09-16T02:55:16.088Z,TRUE,"High outlier: ₹24483 > upper fence ₹11310 (Q3: ₹9162, IQR: ₹1432)",12:30,FALSE
fare_CCU-DEL_AI_2026-09-23_T+7_1789528445700_bl2d,CCU-DEL,EaseMyTrip,AI,AI-9944,2026-09-23,T+7,29097,6387,35484,2026-09-16T02:55:16.088Z,TRUE,"High outlier: ₹35484 > upper fence ₹11310 (Q3: ₹9162, IQR: ₹1432)",06:10,FALSE
fare_DEL-BLR_QP_2026-10-01_T+15_1789528445700_bgr9,DEL-BLR,EaseMyTrip,QP,QP-1526,2026-10-01,T+15,6694,1470,8164,2026-09-16T02:52:57.125Z,FALSE,"",16:30,TRUE
fare_DEL-BLR_IX_2026-10-01_T+15_1789528445700_3139,DEL-BLR,EaseMyTrip,IX,IX-1070,2026-10-01,T+15,7239,1589,8828,2026-09-16T02:52:57.125Z,FALSE,"",22:00,TRUE
fare_DEL-BLR_IX_2026-10-01_T+15_1789528445700_egwz,DEL-BLR,EaseMyTrip,IX,IX-1076,2026-10-01,T+15,7189,1578,8767,2026-09-16T02:52:57.125Z,FALSE,"",09:00,FALSE
fare_DEL-BLR_IX_2026-10-01_T+15_1789528445700_2i0k,DEL-BLR,EaseMyTrip,IX,IX-1074,2026-10-01,T+15,7189,1578,8767,2026-09-16T02:52:57.125Z,FALSE,"",11:00,FALSE
fare_DEL-BLR_IX_2026-10-01_T+15_1789528445700_kuw8,DEL-BLR,EaseMyTrip,IX,IX-1046,2026-10-01,T+15,7361,1616,8977,2026-09-16T02:52:57.125Z,FALSE,"",06:30,FALSE
fare_DEL-BLR_IX_2026-10-01_T+15_1789528445700_8do6,DEL-BLR,EaseMyTrip,IX,IX-1090,2026-10-01,T+15,7361,1616,8977,2026-09-16T02:52:57.125Z,FALSE,"",13:10,FALSE
fare_DEL-BLR_IX_2026-10-01_T+15_1789528445700_09ae,DEL-BLR,EaseMyTrip,IX,IX-1165,2026-10-01,T+15,7361,1616,8977,2026-09-16T02:52:57.125Z,FALSE,"",06:00,FALSE
fare_DEL-BLR_IX_2026-10-01_T+15_1789528445700_g96v,DEL-BLR,EaseMyTrip,IX,IX-1054,2026-10-01,T+15,7361,1616,8977,2026-09-16T02:52:57.125Z,FALSE,"",12:05,FALSE
fare_DEL-BLR_IX_2026-10-01_T+15_1789528445700_o1ho,DEL-BLR,EaseMyTrip,IX,IX-1230,2026-10-01,T+15,7361,1616,8977,2026-09-16T02:52:57.125Z,FALSE,"",04:40,FALSE
fare_DEL-BLR_IX_2026-10-01_T+15_1789528445700_5gxl,DEL-BLR,EaseMyTrip,IX,IX-1273,2026-10-01,T+15,7409,1626,9035,2026-09-16T02:52:57.125Z,FALSE,"",12:05,FALSE
fare_DEL-BLR_6E_2026-10-01_T+15_1789528445700_mydf,DEL-BLR,EaseMyTrip,6E,6E-3126,2026-10-01,T+15,7240,1589,8829,2026-09-16T02:52:57.125Z,FALSE,"",03:55,TRUE
fare_DEL-BLR_6E_2026-10-01_T+15_1789528445700_21dg,DEL-BLR,EaseMyTrip,6E,6E-2519,2026-10-01,T+15,7240,1589,8829,2026-09-16T02:52:57.125Z,FALSE,"",13:00,TRUE
fare_DEL-BLR_QP_2026-10-01_T+15_1789528445700_cc88,DEL-BLR,EaseMyTrip,QP,QP-1812,2026-10-01,T+15,7240,1589,8829,2026-09-16T02:52:57.125Z,FALSE,"",22:55,TRUE
fare_DEL-BLR_IX_2026-10-01_T+15_1789528445700_dxl1,DEL-BLR,EaseMyTrip,IX,IX-2749,2026-10-01,T+15,7614,1671,9285,2026-09-16T02:52:57.125Z,FALSE,"",10:25,TRUE
fare_DEL-BLR_AI_2026-10-01_T+15_1789528445700_rijd,DEL-BLR,EaseMyTrip,AI,AI-2653,2026-10-01,T+15,7496,1646,9142,2026-09-16T02:52:57.125Z,FALSE,"",04:30,TRUE
fare_DEL-BLR_AI_2026-10-01_T+15_1789528445700_dtw2,DEL-BLR,EaseMyTrip,AI,AI-2803,2026-10-01,T+15,7496,1646,9142,2026-09-16T02:52:57.125Z,FALSE,"",06:30,TRUE
fare_DEL-BLR_IX_2026-10-01_T+15_1789528445700_ci63,DEL-BLR,EaseMyTrip,IX,IX-1346,2026-10-01,T+15,7581,1664,9245,2026-09-16T02:52:57.125Z,FALSE,"",06:10,FALSE
fare_DEL-BLR_IX_2026-10-01_T+15_1789528445700_hji3,DEL-BLR,EaseMyTrip,IX,IX-5975,2026-10-01,T+15,7860,1725,9585,2026-09-16T02:52:57.125Z,FALSE,"",21:00,TRUE
fare_DEL-BLR_6E_2026-10-01_T+15_1789528445700_ybut,DEL-BLR,EaseMyTrip,6E,6E-7624,2026-10-01,T+15,7564,1660,9224,2026-09-16T02:52:57.125Z,FALSE,"",05:50,FALSE
fare_DEL-BLR_6E_2026-10-01_T+15_1789528445700_oseo,DEL-BLR,EaseMyTrip,6E,6E-2147,2026-10-01,T+15,7565,1660,9225,2026-09-16T02:52:57.125Z,FALSE,"",11:10,FALSE
fare_DEL-BLR_6E_2026-10-01_T+15_1789528445700_3998,DEL-BLR,EaseMyTrip,6E,6E-6054,2026-10-01,T+15,7615,1671,9286,2026-09-16T02:52:57.125Z,FALSE,"",01:05,TRUE
fare_DEL-BLR_6E_2026-10-01_T+15_1789528445700_rio1,DEL-BLR,EaseMyTrip,6E,6E-2314,2026-10-01,T+15,7615,1671,9286,2026-09-16T02:52:57.125Z,FALSE,"",05:45,TRUE
fare_DEL-BLR_QP_2026-10-01_T+15_1789528445700_du15,DEL-BLR,EaseMyTrip,QP,QP-1350,2026-10-01,T+15,7649,1679,9328,2026-09-16T02:52:57.125Z,FALSE,"",21:55,TRUE
fare_DEL-BLR_6E_2026-10-01_T+15_1789528445700_yabv,DEL-BLR,EaseMyTrip,6E,6E-6476,2026-10-01,T+15,7694,1689,9383,2026-09-16T02:52:57.125Z,FALSE,"",07:05,FALSE
fare_DEL-BLR_AI_2026-10-01_T+15_1789528445700_1fkb,DEL-BLR,EaseMyTrip,AI,AI-2757,2026-10-01,T+15,7871,1728,9599,2026-09-16T02:52:57.125Z,FALSE,"",00:15,TRUE
fare_DEL-BLR_6E_2026-10-01_T+15_1789528445700_eg92,DEL-BLR,EaseMyTrip,6E,6E-7642,2026-10-01,T+15,7717,1694,9411,2026-09-16T02:52:57.125Z,FALSE,"",15:45,FALSE
fare_DEL-BLR_6E_2026-10-01_T+15_1789528445700_nbw8,DEL-BLR,EaseMyTrip,6E,6E-7646,2026-10-01,T+15,7717,1694,9411,2026-09-16T02:52:57.125Z,FALSE,"",06:15,FALSE
fare_DEL-BLR_6E_2026-10-01_T+15_1789528445700_thgi,DEL-BLR,EaseMyTrip,6E,6E-116,2026-10-01,T+15,8012,1759,9771,2026-09-16T02:52:57.125Z,FALSE,"",08:20,TRUE
fare_DEL-BLR_6E_2026-10-01_T+15_1789528445700_51j0,DEL-BLR,EaseMyTrip,6E,6E-604,2026-10-01,T+15,8012,1759,9771,2026-09-16T02:52:57.125Z,FALSE,"",08:20,TRUE
fare_DEL-BLR_6E_2026-10-01_T+15_1789528445700_jviu,DEL-BLR,EaseMyTrip,6E,6E-217,2026-10-01,T+15,8012,1759,9771,2026-09-16T02:52:57.125Z,FALSE,"",14:30,TRUE
fare_DEL-BLR_6E_2026-10-01_T+15_1789528445700_z1ja,DEL-BLR,EaseMyTrip,6E,6E-295,2026-10-01,T+15,8012,1759,9771,2026-09-16T02:52:57.125Z,FALSE,"",14:30,TRUE
fare_DEL-BLR_6E_2026-10-01_T+15_1789528445700_os4h,DEL-BLR,EaseMyTrip,6E,6E-297,2026-10-01,T+15,8012,1759,9771,2026-09-16T02:52:57.125Z,FALSE,"",23:30,TRUE
fare_DEL-BLR_6E_2026-10-01_T+15_1789528445700_xd4b,DEL-BLR,EaseMyTrip,6E,6E-796,2026-10-01,T+15,8012,1759,9771,2026-09-16T02:52:57.125Z,FALSE,"",23:30,TRUE
fare_DEL-BLR_6E_2026-10-01_T+15_1789528445700_mpzn,DEL-BLR,EaseMyTrip,6E,6E-336,2026-10-01,T+15,8012,1759,9771,2026-09-16T02:52:57.125Z,FALSE,"",03:00,TRUE
fare_DEL-BLR_6E_2026-10-01_T+15_1789528445700_n42s,DEL-BLR,EaseMyTrip,6E,6E-454,2026-10-01,T+15,8012,1759,9771,2026-09-16T02:52:57.125Z,FALSE,"",03:00,TRUE
fare_DEL-BLR_AI_2026-10-01_T+15_1789528445700_gyt0,DEL-BLR,EaseMyTrip,AI,AI-427,2026-10-01,T+15,8269,1815,10084,2026-09-16T02:52:57.125Z,FALSE,"",08:30,TRUE
fare_DEL-BLR_AI_2026-10-01_T+15_1789528445700_b5el,DEL-BLR,EaseMyTrip,AI,AI-2485,2026-10-01,T+15,8269,1815,10084,2026-09-16T02:52:57.125Z,FALSE,"",10:30,TRUE
fare_DEL-BLR_6E_2026-10-01_T+15_1789528445700_mg14,DEL-BLR,EaseMyTrip,6E,6E-171,2026-10-01,T+15,8156,1790,9946,2026-09-16T02:52:57.125Z,FALSE,"",17:55,FALSE
fare_DEL-BLR_6E_2026-10-01_T+15_1789528445700_3yg9,DEL-BLR,EaseMyTrip,6E,6E-211,2026-10-01,T+15,8156,1790,9946,2026-09-16T02:52:57.125Z,FALSE,"",17:55,FALSE
fare_DEL-BLR_6E_2026-10-01_T+15_1789528445700_l79l,DEL-BLR,EaseMyTrip,6E,6E-6217,2026-10-01,T+15,8156,1790,9946,2026-09-16T02:52:57.125Z,FALSE,"",16:15,FALSE
fare_DEL-BLR_6E_2026-10-01_T+15_1789528445700_4thn,DEL-BLR,EaseMyTrip,6E,6E-6212,2026-10-01,T+15,8156,1790,9946,2026-09-16T02:52:57.125Z,FALSE,"",14:45,FALSE
fare_DEL-BLR_6E_2026-10-01_T+15_1789528445700_r1xv,DEL-BLR,EaseMyTrip,6E,6E-358,2026-10-01,T+15,8156,1790,9946,2026-09-16T02:52:57.125Z,FALSE,"",02:25,FALSE
fare_DEL-BLR_6E_2026-10-01_T+15_1789528445700_oiaa,DEL-BLR,EaseMyTrip,6E,6E-411,2026-10-01,T+15,8156,1790,9946,2026-09-16T02:52:57.125Z,FALSE,"",02:25,FALSE
fare_DEL-BLR_6E_2026-10-01_T+15_1789528445700_ynoa,DEL-BLR,EaseMyTrip,6E,6E-6026,2026-10-01,T+15,8156,1790,9946,2026-09-16T02:52:57.125Z,FALSE,"",05:30,FALSE
fare_DEL-BLR_6E_2026-10-01_T+15_1789528445700_mi7p,DEL-BLR,EaseMyTrip,6E,6E-6282,2026-10-01,T+15,8156,1790,9946,2026-09-16T02:52:57.125Z,FALSE,"",13:30,FALSE
fare_DEL-BLR_AI_2026-10-01_T+15_1789528445700_bzl8,DEL-BLR,EaseMyTrip,AI,AI-2819,2026-10-01,T+15,8410,1846,10256,2026-09-16T02:52:57.125Z,FALSE,"",15:00,TRUE
fare_DEL-BLR_6E_2026-10-01_T+15_1789528445700_8yjv,DEL-BLR,EaseMyTrip,6E,6E-5073,2026-10-01,T+15,8263,1814,10077,2026-09-16T02:52:57.125Z,FALSE,"",17:05,FALSE
fare_DEL-BLR_6E_2026-10-01_T+15_1789528445700_9j5n,DEL-BLR,EaseMyTrip,6E,6E-6179,2026-10-01,T+15,8263,1814,10077,2026-09-16T02:52:57.125Z,FALSE,"",18:30,FALSE
fare_DEL-BLR_6E_2026-10-01_T+15_1789528445700_qy25,DEL-BLR,EaseMyTrip,6E,6E-6488,2026-10-01,T+15,8263,1814,10077,2026-09-16T02:52:57.125Z,FALSE,"",11:20,FALSE
fare_DEL-BLR_6E_2026-10-01_T+15_1789528445700_iz1v,DEL-BLR,EaseMyTrip,6E,6E-5119,2026-10-01,T+15,8263,1814,10077,2026-09-16T02:52:57.125Z,FALSE,"",05:10,FALSE
fare_DEL-BLR_6E_2026-10-01_T+15_1789528445700_zk2z,DEL-BLR,EaseMyTrip,6E,6E-274,2026-10-01,T+15,8263,1814,10077,2026-09-16T02:52:57.125Z,FALSE,"",19:30,FALSE
fare_DEL-BLR_6E_2026-10-01_T+15_1789528445700_3t0i,DEL-BLR,EaseMyTrip,6E,6E-967,2026-10-01,T+15,8263,1814,10077,2026-09-16T02:52:57.125Z,FALSE,"",19:30,FALSE
fare_DEL-BLR_6E_2026-10-01_T+15_1789528445700_2g5k,DEL-BLR,EaseMyTrip,6E,6E-6673,2026-10-01,T+15,8263,1814,10077,2026-09-16T02:52:57.125Z,FALSE,"",21:15,FALSE
fare_DEL-BLR_6E_2026-10-01_T+15_1789528445700_3uoq,DEL-BLR,EaseMyTrip,6E,6E-2557,2026-10-01,T+15,8263,1814,10077,2026-09-16T02:52:57.125Z,FALSE,"",15:20,FALSE
fare_DEL-BLR_6E_2026-10-01_T+15_1789528445700_6vz3,DEL-BLR,EaseMyTrip,6E,6E-6569,2026-10-01,T+15,8263,1814,10077,2026-09-16T02:52:57.125Z,FALSE,"",05:00,FALSE
fare_DEL-BLR_6E_2026-10-01_T+15_1789528445700_r8lt,DEL-BLR,EaseMyTrip,6E,6E-559,2026-10-01,T+15,8263,1814,10077,2026-09-16T02:52:57.125Z,FALSE,"",14:50,FALSE
fare_DEL-BLR_6E_2026-10-01_T+15_1789528445700_b901,DEL-BLR,EaseMyTrip,6E,6E-145,2026-10-01,T+15,8263,1814,10077,2026-09-16T02:52:57.125Z,FALSE,"",14:50,FALSE
fare_DEL-BLR_6E_2026-10-01_T+15_1789528445700_viho,DEL-BLR,EaseMyTrip,6E,6E-6459,2026-10-01,T+15,8263,1814,10077,2026-09-16T02:52:57.125Z,FALSE,"",05:55,FALSE
fare_DEL-BLR_6E_2026-10-01_T+15_1789528445700_7fji,DEL-BLR,EaseMyTrip,6E,6E-2618,2026-10-01,T+15,8263,1814,10077,2026-09-16T02:52:57.125Z,FALSE,"",23:00,FALSE
fare_DEL-BLR_6E_2026-10-01_T+15_1789528445700_mdbq,DEL-BLR,EaseMyTrip,6E,6E-543,2026-10-01,T+15,8328,1828,10156,2026-09-16T02:52:57.125Z,FALSE,"",18:15,FALSE
fare_DEL-BLR_6E_2026-10-01_T+15_1789528445700_d2bt,DEL-BLR,EaseMyTrip,6E,6E-450,2026-10-01,T+15,8328,1828,10156,2026-09-16T02:52:57.125Z,FALSE,"",18:15,FALSE
fare_DEL-BLR_6E_2026-10-01_T+15_1789528445700_pdcf,DEL-BLR,EaseMyTrip,6E,6E-6091,2026-10-01,T+15,8328,1828,10156,2026-09-16T02:52:57.125Z,FALSE,"",15:15,FALSE
fare_DEL-BLR_6E_2026-10-01_T+15_1789528445700_nllh,DEL-BLR,EaseMyTrip,6E,6E-6632,2026-10-01,T+15,8328,1828,10156,2026-09-16T02:52:57.125Z,FALSE,"",17:50,FALSE
fare_DEL-BLR_6E_2026-10-01_T+15_1789528445700_6j9y,DEL-BLR,EaseMyTrip,6E,6E-269,2026-10-01,T+15,8328,1828,10156,2026-09-16T02:52:57.125Z,FALSE,"",02:55,FALSE
fare_DEL-BLR_6E_2026-10-01_T+15_1789528445700_0uoq,DEL-BLR,EaseMyTrip,6E,6E-554,2026-10-01,T+15,8328,1828,10156,2026-09-16T02:52:57.125Z,FALSE,"",02:55,FALSE
fare_DEL-BLR_6E_2026-10-01_T+15_1789528445700_attn,DEL-BLR,EaseMyTrip,6E,6E-6115,2026-10-01,T+15,8328,1828,10156,2026-09-16T02:52:57.125Z,FALSE,"",13:10,FALSE
fare_DEL-BLR_6E_2026-10-01_T+15_1789528445700_cv0t,DEL-BLR,EaseMyTrip,6E,6E-5038,2026-10-01,T+15,8328,1828,10156,2026-09-16T02:52:57.125Z,FALSE,"",14:00,FALSE
fare_DEL-BLR_6E_2026-10-01_T+15_1789528445700_tnnf,DEL-BLR,EaseMyTrip,6E,6E-5033,2026-10-01,T+15,8328,1828,10156,2026-09-16T02:52:57.125Z,FALSE,"",15:50,FALSE
fare_DEL-BLR_6E_2026-10-01_T+15_1789528445700_wyzx,DEL-BLR,EaseMyTrip,6E,6E-561,2026-10-01,T+15,8434,1851,10285,2026-09-16T02:52:57.125Z,FALSE,"",17:00,TRUE
fare_DEL-BLR_6E_2026-10-01_T+15_1789528445700_c82b,DEL-BLR,EaseMyTrip,6E,6E-858,2026-10-01,T+15,8434,1851,10285,2026-09-16T02:52:57.125Z,FALSE,"",17:00,TRUE
fare_DEL-BLR_6E_2026-10-01_T+15_1789528445700_m8en,DEL-BLR,EaseMyTrip,6E,6E-602,2026-10-01,T+15,8434,1851,10285,2026-09-16T02:52:57.125Z,FALSE,"",15:45,TRUE
fare_DEL-BLR_6E_2026-10-01_T+15_1789528445700_6slf,DEL-BLR,EaseMyTrip,6E,6E-425,2026-10-01,T+15,8434,1851,10285,2026-09-16T02:52:57.125Z,FALSE,"",15:45,TRUE
fare_DEL-BLR_6E_2026-10-01_T+15_1789528445700_yxcj,DEL-BLR,EaseMyTrip,6E,6E-961,2026-10-01,T+15,8434,1851,10285,2026-09-16T02:52:57.125Z,FALSE,"",10:45,TRUE
fare_DEL-BLR_6E_2026-10-01_T+15_1789528445700_88a0,DEL-BLR,EaseMyTrip,6E,6E-614,2026-10-01,T+15,8434,1851,10285,2026-09-16T02:52:57.125Z,FALSE,"",10:45,TRUE
fare_DEL-BLR_6E_2026-10-01_T+15_1789528445700_ia1s,DEL-BLR,EaseMyTrip,6E,6E-6497,2026-10-01,T+15,8435,1852,10287,2026-09-16T02:52:57.125Z,FALSE,"",18:40,FALSE
fare_DEL-BLR_6E_2026-10-01_T+15_1789528445700_gv4u,DEL-BLR,EaseMyTrip,6E,6E-2769,2026-10-01,T+15,8435,1852,10287,2026-09-16T02:52:57.125Z,FALSE,"",08:10,FALSE
fare_DEL-BLR_6E_2026-10-01_T+15_1789528445700_w8ej,DEL-BLR,EaseMyTrip,6E,6E-2482,2026-10-01,T+15,8435,1852,10287,2026-09-16T02:52:57.125Z,FALSE,"",19:55,FALSE
fare_DEL-BLR_6E_2026-10-01_T+15_1789528445700_89e2,DEL-BLR,EaseMyTrip,6E,6E-509,2026-10-01,T+15,8457,1857,10314,2026-09-16T02:52:57.125Z,FALSE,"",17:10,FALSE
fare_DEL-BLR_6E_2026-10-01_T+15_1789528445700_zzcp,DEL-BLR,EaseMyTrip,6E,6E-927,2026-10-01,T+15,8457,1857,10314,2026-09-16T02:52:57.125Z,FALSE,"",17:10,FALSE
fare_DEL-BLR_AI_2026-10-01_T+15_1789528445700_1ilm,DEL-BLR,EaseMyTrip,AI,AI-2817,2026-10-01,T+15,8690,1908,10598,2026-09-16T02:52:57.125Z,FALSE,"",16:30,TRUE
fare_DEL-BLR_AI_2026-10-01_T+15_1789528445700_xsjc,DEL-BLR,EaseMyTrip,AI,AI-2664,2026-10-01,T+15,8690,1908,10598,2026-09-16T02:52:57.125Z,FALSE,"",15:50,TRUE
fare_DEL-BLR_AI_2026-10-01_T+15_1789528445700_dh7w,DEL-BLR,EaseMyTrip,AI,AI-2813,2026-10-01,T+15,8690,1908,10598,2026-09-16T02:52:57.125Z,FALSE,"",18:00,TRUE
fare_DEL-BLR_6E_2026-10-01_T+15_1789528445700_mmhk,DEL-BLR,EaseMyTrip,6E,6E-578,2026-10-01,T+15,8608,1889,10497,2026-09-16T02:52:57.125Z,FALSE,"",08:30,FALSE
fare_DEL-BLR_6E_2026-10-01_T+15_1789528445700_uah1,DEL-BLR,EaseMyTrip,6E,6E-679,2026-10-01,T+15,8608,1889,10497,2026-09-16T02:52:57.125Z,FALSE,"",08:30,FALSE
fare_DEL-BLR_6E_2026-10-01_T+15_1789528445700_lpof,DEL-BLR,EaseMyTrip,6E,6E-5191,2026-10-01,T+15,8608,1889,10497,2026-09-16T02:52:57.125Z,FALSE,"",05:00,FALSE
fare_DEL-BLR_QP_2026-10-01_T+15_1789528445700_gehz,DEL-BLR,EaseMyTrip,QP,QP-1822,2026-10-01,T+15,8706,1911,10617,2026-09-16T02:52:57.125Z,FALSE,"",16:40,TRUE
fare_DEL-BLR_6E_2026-10-01_T+15_1789528445700_7ugg,DEL-BLR,EaseMyTrip,6E,6E-2571,2026-10-01,T+15,8853,1943,10796,2026-09-16T02:52:57.125Z,FALSE,"",12:30,FALSE
fare_DEL-BLR_6E_2026-10-01_T+15_1789528445700_a40o,DEL-BLR,EaseMyTrip,6E,6E-939,2026-10-01,T+15,8882,1950,10832,2026-09-16T02:52:57.125Z,FALSE,"",13:15,TRUE
fare_DEL-BLR_6E_2026-10-01_T+15_1789528445700_h1yh,DEL-BLR,EaseMyTrip,6E,6E-519,2026-10-01,T+15,8882,1950,10832,2026-09-16T02:52:57.125Z,FALSE,"",13:15,TRUE
fare_DEL-BLR_6E_2026-10-01_T+15_1789528445700_7s03,DEL-BLR,EaseMyTrip,6E,6E-982,2026-10-01,T+15,8882,1950,10832,2026-09-16T02:52:57.125Z,FALSE,"",12:15,TRUE
fare_DEL-BLR_6E_2026-10-01_T+15_1789528445700_ya4y,DEL-BLR,EaseMyTrip,6E,6E-198,2026-10-01,T+15,8882,1950,10832,2026-09-16T02:52:57.125Z,FALSE,"",12:15,TRUE
fare_DEL-BLR_6E_2026-10-01_T+15_1789528445700_zlbh,DEL-BLR,EaseMyTrip,6E,6E-2456,2026-10-01,T+15,8889,1951,10840,2026-09-16T02:52:57.125Z,FALSE,"",14:55,TRUE
fare_DEL-BLR_AI_2026-10-01_T+15_1789528445700_dt8s,DEL-BLR,EaseMyTrip,AI,AI-2469,2026-10-01,T+15,9057,1988,11045,2026-09-16T02:52:57.125Z,FALSE,"",04:45,FALSE
fare_DEL-BLR_AI_2026-10-01_T+15_1789528445700_ei79,DEL-BLR,EaseMyTrip,AI,AI-2761,2026-10-01,T+15,9059,1988,11047,2026-09-16T02:52:57.125Z,FALSE,"",16:25,FALSE
fare_DEL-BLR_AI_2026-10-01_T+15_1789528445700_2z17,DEL-BLR,EaseMyTrip,AI,AI-2569,2026-10-01,T+15,9087,1995,11082,2026-09-16T02:52:57.125Z,FALSE,"",20:30,FALSE
fare_DEL-BLR_AI_2026-10-01_T+15_1789528445700_b2sz,DEL-BLR,EaseMyTrip,AI,AI-1710,2026-10-01,T+15,9087,1995,11082,2026-09-16T02:52:57.125Z,FALSE,"",18:35,FALSE
fare_DEL-BLR_6E_2026-10-01_T+15_1789528445700_td8c,DEL-BLR,EaseMyTrip,6E,6E-557,2026-10-01,T+15,8963,1967,10930,2026-09-16T02:52:57.125Z,FALSE,"",19:30,FALSE
fare_DEL-BLR_6E_2026-10-01_T+15_1789528445700_2ytr,DEL-BLR,EaseMyTrip,6E,6E-506,2026-10-01,T+15,8963,1967,10930,2026-09-16T02:52:57.125Z,FALSE,"",19:30,FALSE
fare_DEL-BLR_AI_2026-10-01_T+15_1789528445700_57z3,DEL-BLR,EaseMyTrip,AI,AI-2417,2026-10-01,T+15,9297,2041,11338,2026-09-16T02:52:57.125Z,FALSE,"",13:00,TRUE
fare_DEL-BLR_6E_2026-10-01_T+15_1789528445700_8a2o,DEL-BLR,EaseMyTrip,6E,6E-2589,2026-10-01,T+15,9197,2019,11216,2026-09-16T02:52:57.125Z,FALSE,"",15:05,FALSE
fare_DEL-BLR_QP_2026-10-01_T+15_1789528445700_c7uz,DEL-BLR,EaseMyTrip,QP,QP-1824,2026-10-01,T+15,9205,2020,11225,2026-09-16T02:52:57.125Z,FALSE,"",20:50,TRUE
fare_DEL-BLR_AI_2026-10-01_T+15_1789528445700_8bvp,DEL-BLR,EaseMyTrip,AI,AI-1797,2026-10-01,T+15,9389,2061,11450,2026-09-16T02:52:57.125Z,FALSE,"",05:45,FALSE
fare_DEL-BLR_AI_2026-10-01_T+15_1789528445700_wz5a,DEL-BLR,EaseMyTrip,AI,AI-1717,2026-10-01,T+15,9440,2072,11512,2026-09-16T02:52:57.125Z,FALSE,"",14:20,FALSE
fare_DEL-BLR_AI_2026-10-01_T+15_1789528445700_uqro,DEL-BLR,EaseMyTrip,AI,AI-2499,2026-10-01,T+15,9518,2089,11607,2026-09-16T02:52:57.125Z,FALSE,"",06:00,FALSE
fare_DEL-BLR_6E_2026-10-01_T+15_1789528445700_2bji,DEL-BLR,EaseMyTrip,6E,6E-350,2026-10-01,T+15,9359,2055,11414,2026-09-16T02:52:57.125Z,FALSE,"",18:20,TRUE
fare_DEL-BLR_6E_2026-10-01_T+15_1789528445700_ipos,DEL-BLR,EaseMyTrip,6E,6E-455,2026-10-01,T+15,9359,2055,11414,2026-09-16T02:52:57.125Z,FALSE,"",18:20,TRUE
fare_DEL-BLR_6E_2026-10-01_T+15_1789528445700_mnni,DEL-BLR,EaseMyTrip,6E,6E-669,2026-10-01,T+15,9359,2055,11414,2026-09-16T02:52:57.125Z,FALSE,"",22:00,TRUE
fare_DEL-BLR_6E_2026-10-01_T+15_1789528445700_n7av,DEL-BLR,EaseMyTrip,6E,6E-571,2026-10-01,T+15,9359,2055,11414,2026-09-16T02:52:57.125Z,FALSE,"",22:00,TRUE
fare_DEL-BLR_6E_2026-10-01_T+15_1789528445700_0zlf,DEL-BLR,EaseMyTrip,6E,6E-197,2026-10-01,T+15,9359,2055,11414,2026-09-16T02:52:57.125Z,FALSE,"",09:30,TRUE
fare_DEL-BLR_6E_2026-10-01_T+15_1789528445700_kiq8,DEL-BLR,EaseMyTrip,6E,6E-159,2026-10-01,T+15,9359,2055,11414,2026-09-16T02:52:57.125Z,FALSE,"",09:30,TRUE
fare_DEL-BLR_6E_2026-10-01_T+15_1789528445700_smpz,DEL-BLR,EaseMyTrip,6E,6E-991,2026-10-01,T+15,9359,2055,11414,2026-09-16T02:52:57.125Z,FALSE,"",07:05,TRUE
fare_DEL-BLR_6E_2026-10-01_T+15_1789528445700_vcko,DEL-BLR,EaseMyTrip,6E,6E-672,2026-10-01,T+15,9359,2055,11414,2026-09-16T02:52:57.125Z,FALSE,"",07:05,TRUE
fare_DEL-BLR_AI_2026-10-01_T+15_1789528445700_q1og,DEL-BLR,EaseMyTrip,AI,AI-2415,2026-10-01,T+15,9616,2111,11727,2026-09-16T02:52:57.125Z,FALSE,"",09:30,TRUE
fare_DEL-BLR_AI_2026-10-01_T+15_1789528445700_adj6,DEL-BLR,EaseMyTrip,AI,AI-2487,2026-10-01,T+15,9616,2111,11727,2026-09-16T02:52:57.125Z,FALSE,"",18:30,TRUE
fare_DEL-BLR_AI_2026-10-01_T+15_1789528445700_q25i,DEL-BLR,EaseMyTrip,AI,AI-2512,2026-10-01,T+15,9616,2111,11727,2026-09-16T02:52:57.125Z,FALSE,"",19:00,TRUE
fare_DEL-BLR_AI_2026-10-01_T+15_1789528445700_qnyh,DEL-BLR,EaseMyTrip,AI,AI-2412,2026-10-01,T+15,9616,2111,11727,2026-09-16T02:52:57.125Z,FALSE,"",21:30,TRUE
fare_DEL-BLR_IX_2026-10-01_T+15_1789528445700_luvk,DEL-BLR,EaseMyTrip,IX,IX-1461,2026-10-01,T+15,9698,2129,11827,2026-09-16T02:52:57.125Z,FALSE,"",05:35,FALSE
fare_DEL-BLR_6E_2026-10-01_T+15_1789528445700_29sm,DEL-BLR,EaseMyTrip,6E,6E-222,2026-10-01,T+15,9591,2105,11696,2026-09-16T02:52:57.125Z,FALSE,"",16:20,FALSE
fare_DEL-BLR_6E_2026-10-01_T+15_1789528445700_h75h,DEL-BLR,EaseMyTrip,6E,6E-576,2026-10-01,T+15,9591,2105,11696,2026-09-16T02:52:57.125Z,FALSE,"",16:20,FALSE
fare_DEL-BLR_AI_2026-10-01_T+15_1789528445700_sqan,DEL-BLR,EaseMyTrip,AI,AI-2532,2026-10-01,T+15,9760,2142,11902,2026-09-16T02:52:57.125Z,FALSE,"",11:20,FALSE
fare_DEL-BLR_AI_2026-10-01_T+15_1789528445700_tm71,DEL-BLR,EaseMyTrip,AI,AI-2971,2026-10-01,T+15,9790,2149,11939,2026-09-16T02:52:57.125Z,FALSE,"",16:00,FALSE
fare_DEL-BLR_AI_2026-10-01_T+15_1789528445700_i1kq,DEL-BLR,EaseMyTrip,AI,AI-1743,2026-10-01,T+15,9907,2175,12082,2026-09-16T02:52:57.125Z,FALSE,"",06:15,FALSE
fare_DEL-BLR_IX_2026-10-01_T+15_1789528445700_vzlg,DEL-BLR,EaseMyTrip,IX,IX-1056,2026-10-01,T+15,10292,2259,12551,2026-09-16T02:52:57.125Z,FALSE,"",17:50,FALSE
fare_DEL-BLR_IX_2026-10-01_T+15_1789528445700_o0xs,DEL-BLR,EaseMyTrip,IX,IX-1235,2026-10-01,T+15,10120,2221,12341,2026-09-16T02:52:57.125Z,FALSE,"",23:25,FALSE
fare_DEL-BLR_AI_2026-10-01_T+15_1789528445700_dbpe,DEL-BLR,EaseMyTrip,AI,AI-2547,2026-10-01,T+15,10107,2218,12325,2026-09-16T02:52:57.125Z,FALSE,"",17:40,FALSE
fare_DEL-BLR_AI_2026-10-01_T+15_1789528445700_8qpf,DEL-BLR,EaseMyTrip,AI,AI-2815,2026-10-01,T+15,10121,2222,12343,2026-09-16T02:52:57.125Z,FALSE,"",07:00,TRUE
fare_DEL-BLR_AI_2026-10-01_T+15_1789528445700_y7u7,DEL-BLR,EaseMyTrip,AI,AI-465,2026-10-01,T+15,10248,2250,12498,2026-09-16T02:52:57.125Z,FALSE,"",16:20,FALSE
fare_DEL-BLR_AI_2026-10-01_T+15_1789528445700_6k0q,DEL-BLR,EaseMyTrip,AI,AI-1730,2026-10-01,T+15,10290,2259,12549,2026-09-16T02:52:57.125Z,FALSE,"",19:10,FALSE
fare_DEL-BLR_AI_2026-10-01_T+15_1789528445700_ibig,DEL-BLR,EaseMyTrip,AI,AI-1735,2026-10-01,T+15,10290,2259,12549,2026-09-16T02:52:57.125Z,FALSE,"",13:00,FALSE
fare_DEL-BLR_6E_2026-10-01_T+15_1789528445700_m1v0,DEL-BLR,EaseMyTrip,6E,6E-860,2026-10-01,T+15,10403,2284,12687,2026-09-16T02:52:57.125Z,FALSE,"",19:30,TRUE
fare_DEL-BLR_6E_2026-10-01_T+15_1789528445700_9yv6,DEL-BLR,EaseMyTrip,6E,6E-147,2026-10-01,T+15,10403,2284,12687,2026-09-16T02:52:57.125Z,FALSE,"",19:30,TRUE
fare_DEL-BLR_6E_2026-10-01_T+15_1789528445700_g6cg,DEL-BLR,EaseMyTrip,6E,6E-2277,2026-10-01,T+15,10413,2286,12699,2026-09-16T02:52:57.125Z,FALSE,"",10:25,FALSE
fare_DEL-BLR_IX_2026-10-01_T+15_1789528445700_sovu,DEL-BLR,EaseMyTrip,IX,IX-1811,2026-10-01,T+15,10608,2328,12936,2026-09-16T02:52:57.125Z,FALSE,"",06:50,FALSE
fare_DEL-BLR_IX_2026-10-01_T+15_1789528445700_79gn,DEL-BLR,EaseMyTrip,IX,IX-1617,2026-10-01,T+15,10608,2328,12936,2026-09-16T02:52:57.125Z,FALSE,"",11:50,FALSE
fare_DEL-BLR_AI_2026-10-01_T+15_1789528445700_hxi0,DEL-BLR,EaseMyTrip,AI,AI-2577,2026-10-01,T+15,10921,2397,13318,2026-09-16T02:52:57.125Z,FALSE,"",02:00,FALSE
fare_DEL-BLR_AI_2026-10-01_T+15_1789528445700_2i1i,DEL-BLR,EaseMyTrip,AI,AI-2809,2026-10-01,T+15,11201,2459,13660,2026-09-16T02:52:57.125Z,FALSE,"",19:30,TRUE
fare_DEL-BLR_6E_2026-10-01_T+15_1789528445700_xjdm,DEL-BLR,EaseMyTrip,6E,6E-2150,2026-10-01,T+15,11241,2468,13709,2026-09-16T02:52:57.125Z,FALSE,"",16:55,FALSE
fare_DEL-BLR_IX_2026-10-01_T+15_1789528445700_wtei,DEL-BLR,EaseMyTrip,IX,IX-1257,2026-10-01,T+15,11660,2560,14220,2026-09-16T02:52:57.125Z,FALSE,"",22:25,FALSE
fare_DEL-BLR_AI_2026-10-01_T+15_1789528445700_18sc,DEL-BLR,EaseMyTrip,AI,AI-2483,2026-10-01,T+15,11499,2524,14023,2026-09-16T02:52:57.125Z,FALSE,"",12:20,FALSE
fare_DEL-BLR_AI_2026-10-01_T+15_1789528445700_u58c,DEL-BLR,EaseMyTrip,AI,AI-2525,2026-10-01,T+15,11499,2524,14023,2026-09-16T02:52:57.125Z,FALSE,"",06:00,FALSE
fare_DEL-BLR_AI_2026-10-01_T+15_1789528445700_skc6,DEL-BLR,EaseMyTrip,AI,AI-1780,2026-10-01,T+15,11577,2541,14118,2026-09-16T02:52:57.125Z,FALSE,"",14:30,FALSE
fare_DEL-BLR_6E_2026-10-01_T+15_1789528445700_a2vs,DEL-BLR,EaseMyTrip,6E,6E-6515,2026-10-01,T+15,11580,2542,14122,2026-09-16T02:52:57.125Z,FALSE,"",20:45,TRUE
fare_DEL-BLR_IX_2026-10-01_T+15_1789528445700_zx7l,DEL-BLR,EaseMyTrip,IX,IX-1067,2026-10-01,T+15,12357,2713,15070,2026-09-16T02:52:57.125Z,FALSE,"",06:10,FALSE
fare_DEL-BLR_AI_2026-10-01_T+15_1789528445700_jgi2,DEL-BLR,EaseMyTrip,AI,AI-1702,2026-10-01,T+15,12207,2680,14887,2026-09-16T02:52:57.125Z,FALSE,"",18:30,FALSE
fare_DEL-BLR_IX_2026-10-01_T+15_1789528445700_mgim,DEL-BLR,EaseMyTrip,IX,IX-1085,2026-10-01,T+15,13105,2877,15982,2026-09-16T02:52:57.125Z,FALSE,"",12:55,FALSE
fare_DEL-BLR_IX_2026-10-01_T+15_1789528445700_q0ku,DEL-BLR,EaseMyTrip,IX,IX-1069,2026-10-01,T+15,13105,2877,15982,2026-09-16T02:52:57.125Z,FALSE,"",10:45,FALSE
fare_DEL-BLR_AI_2026-10-01_T+15_1789528445700_8d3b,DEL-BLR,EaseMyTrip,AI,AI-2899,2026-10-01,T+15,12979,2849,15828,2026-09-16T02:52:57.125Z,FALSE,"",12:30,FALSE
fare_DEL-BLR_6E_2026-10-01_T+15_1789528445700_quv4,DEL-BLR,EaseMyTrip,6E,6E-6293,2026-10-01,T+15,12885,2829,15714,2026-09-16T02:52:57.125Z,FALSE,"",09:55,FALSE
fare_DEL-BLR_6E_2026-10-01_T+15_1789528445700_3hs7,DEL-BLR,EaseMyTrip,6E,6E-279,2026-10-01,T+15,13072,2869,15941,2026-09-16T02:52:57.125Z,FALSE,"",18:00,FALSE
fare_DEL-BLR_6E_2026-10-01_T+15_1789528445700_ayxf,DEL-BLR,EaseMyTrip,6E,6E-934,2026-10-01,T+15,13072,2869,15941,2026-09-16T02:52:57.125Z,FALSE,"",18:00,FALSE
fare_DEL-BLR_IX_2026-10-01_T+15_1789528445700_6ikk,DEL-BLR,EaseMyTrip,IX,IX-1032,2026-10-01,T+15,13699,3007,16706,2026-09-16T02:52:57.125Z,TRUE,"High outlier: ₹16706 > upper fence ₹16134 (Q3: ₹12421, IQR: ₹2475)",05:45,FALSE
fare_DEL-BLR_AI_2026-10-01_T+15_1789528445700_pkfa,DEL-BLR,EaseMyTrip,AI,AI-2519,2026-10-01,T+15,13627,2991,16618,2026-09-16T02:52:57.125Z,TRUE,"High outlier: ₹16618 > upper fence ₹16134 (Q3: ₹12421, IQR: ₹2475)",15:30,FALSE
fare_DEL-BLR_AI_2026-10-01_T+15_1789528445700_707s,DEL-BLR,EaseMyTrip,AI,AI-2973,2026-10-01,T+15,13631,2992,16623,2026-09-16T02:52:57.125Z,TRUE,"High outlier: ₹16623 > upper fence ₹16134 (Q3: ₹12421, IQR: ₹2475)",20:50,FALSE
fare_DEL-BLR_AI_2026-10-01_T+15_1789528445700_szbz,DEL-BLR,EaseMyTrip,AI,AI-2879,2026-10-01,T+15,14044,3083,17127,2026-09-16T02:52:57.125Z,TRUE,"High outlier: ₹17127 > upper fence ₹16134 (Q3: ₹12421, IQR: ₹2475)",18:00,FALSE
fare_DEL-BLR_IX_2026-10-01_T+15_1789528445700_m88x,DEL-BLR,EaseMyTrip,IX,IX-1035,2026-10-01,T+15,14475,3177,17652,2026-09-16T02:52:57.125Z,TRUE,"High outlier: ₹17652 > upper fence ₹16134 (Q3: ₹12421, IQR: ₹2475)",08:10,FALSE
fare_DEL-BLR_IX_2026-10-01_T+15_1789528445700_x6d2,DEL-BLR,EaseMyTrip,IX,IX-1812,2026-10-01,T+15,15140,3323,18463,2026-09-16T02:52:57.125Z,TRUE,"High outlier: ₹18463 > upper fence ₹16134 (Q3: ₹12421, IQR: ₹2475)",11:15,FALSE
fare_DEL-BLR_IX_2026-10-01_T+15_1789528445700_l826,DEL-BLR,EaseMyTrip,IX,IX-1980,2026-10-01,T+15,15702,3447,19149,2026-09-16T02:52:57.125Z,TRUE,"High outlier: ₹19149 > upper fence ₹16134 (Q3: ₹12421, IQR: ₹2475)",09:55,FALSE
fare_DEL-BLR_IX_2026-10-01_T+15_1789528445700_4h1x,DEL-BLR,EaseMyTrip,IX,IX-1012,2026-10-01,T+15,15702,3447,19149,2026-09-16T02:52:57.125Z,TRUE,"High outlier: ₹19149 > upper fence ₹16134 (Q3: ₹12421, IQR: ₹2475)",06:50,FALSE
fare_DEL-BLR_IX_2026-10-01_T+15_1789528445700_qv80,DEL-BLR,EaseMyTrip,IX,IX-1068,2026-10-01,T+15,15874,3484,19358,2026-09-16T02:52:57.125Z,TRUE,"High outlier: ₹19358 > upper fence ₹16134 (Q3: ₹12421, IQR: ₹2475)",11:55,FALSE
fare_DEL-BLR_IX_2026-10-01_T+15_1789528445700_uws4,DEL-BLR,EaseMyTrip,IX,IX-1783,2026-10-01,T+15,16065,3527,19592,2026-09-16T02:52:57.125Z,TRUE,"High outlier: ₹19592 > upper fence ₹16134 (Q3: ₹12421, IQR: ₹2475)",07:20,FALSE
fare_DEL-BLR_IX_2026-10-01_T+15_1789528445700_gijz,DEL-BLR,EaseMyTrip,IX,IX-1057,2026-10-01,T+15,16065,3527,19592,2026-09-16T02:52:57.125Z,TRUE,"High outlier: ₹19592 > upper fence ₹16134 (Q3: ₹12421, IQR: ₹2475)",06:20,FALSE
fare_DEL-BLR_IX_2026-10-01_T+15_1789528445700_go2c,DEL-BLR,EaseMyTrip,IX,IX-1108,2026-10-01,T+15,17271,3791,21062,2026-09-16T02:52:57.125Z,TRUE,"High outlier: ₹21062 > upper fence ₹16134 (Q3: ₹12421, IQR: ₹2475)",05:00,FALSE
fare_DEL-BLR_6E_2026-10-01_T+15_1789528445700_qggy,DEL-BLR,EaseMyTrip,6E,6E-586,2026-10-01,T+15,17260,3789,21049,2026-09-16T02:52:57.125Z,TRUE,"High outlier: ₹21049 > upper fence ₹16134 (Q3: ₹12421, IQR: ₹2475)",16:10,FALSE
fare_DEL-BLR_6E_2026-10-01_T+15_1789528445700_oan0,DEL-BLR,EaseMyTrip,6E,6E-806,2026-10-01,T+15,17260,3789,21049,2026-09-16T02:52:57.125Z,TRUE,"High outlier: ₹21049 > upper fence ₹16134 (Q3: ₹12421, IQR: ₹2475)",16:10,FALSE
fare_DEL-BLR_AI_2026-10-01_T+15_1789528445700_xjnv,DEL-BLR,EaseMyTrip,AI,AI-2513,2026-10-01,T+15,17657,3876,21533,2026-09-16T02:52:57.125Z,TRUE,"High outlier: ₹21533 > upper fence ₹16134 (Q3: ₹12421, IQR: ₹2475)",12:10,FALSE
fare_DEL-BLR_AI_2026-10-01_T+15_1789528445700_wkic,DEL-BLR,EaseMyTrip,AI,AI-437,2026-10-01,T+15,18396,4038,22434,2026-09-16T02:52:57.125Z,TRUE,"High outlier: ₹22434 > upper fence ₹16134 (Q3: ₹12421, IQR: ₹2475)",09:20,FALSE
fare_DEL-BLR_AI_2026-10-01_T+15_1789528445700_ku3j,DEL-BLR,EaseMyTrip,AI,AI-2627,2026-10-01,T+15,27584,6055,33639,2026-09-16T02:52:57.125Z,TRUE,"High outlier: ₹33639 > upper fence ₹16134 (Q3: ₹12421, IQR: ₹2475)",10:45,FALSE
fare_DEL-BLR_IX_2026-10-16_T+30_1789528445701_a6bd,DEL-BLR,EaseMyTrip,IX,IX-1038,2026-10-16,T+30,7326,1608,8934,2026-09-16T02:53:02.746Z,FALSE,"",17:35,FALSE
fare_DEL-BLR_IX_2026-10-16_T+30_1789528445701_hu03,DEL-BLR,EaseMyTrip,IX,IX-1165,2026-10-16,T+30,7361,1616,8977,2026-09-16T02:53:02.746Z,FALSE,"",06:00,FALSE
fare_DEL-BLR_IX_2026-10-16_T+30_1789528445701_tqza,DEL-BLR,EaseMyTrip,IX,IX-1230,2026-10-16,T+30,7361,1616,8977,2026-09-16T02:53:02.746Z,FALSE,"",04:40,FALSE
fare_DEL-BLR_IX_2026-10-16_T+30_1789528445701_fxol,DEL-BLR,EaseMyTrip,IX,IX-1074,2026-10-16,T+30,7409,1626,9035,2026-09-16T02:53:02.746Z,FALSE,"",11:00,FALSE
fare_DEL-BLR_6E_2026-10-16_T+30_1789528445701_bfv5,DEL-BLR,EaseMyTrip,6E,6E-2147,2026-10-16,T+30,7367,1617,8984,2026-09-16T02:53:02.746Z,FALSE,"",11:10,FALSE
fare_DEL-BLR_6E_2026-10-16_T+30_1789528445701_5mng,DEL-BLR,EaseMyTrip,6E,6E-7624,2026-10-16,T+30,7367,1617,8984,2026-09-16T02:53:02.746Z,FALSE,"",05:50,FALSE
fare_DEL-BLR_IX_2026-10-16_T+30_1789528445701_rcmu,DEL-BLR,EaseMyTrip,IX,IX-1346,2026-10-16,T+30,7581,1664,9245,2026-09-16T02:53:02.746Z,FALSE,"",06:10,FALSE
fare_DEL-BLR_IX_2026-10-16_T+30_1789528445701_a7v7,DEL-BLR,EaseMyTrip,IX,IX-1392,2026-10-16,T+30,7581,1664,9245,2026-09-16T02:53:02.746Z,FALSE,"",23:25,FALSE
fare_DEL-BLR_IX_2026-10-16_T+30_1789528445701_6afd,DEL-BLR,EaseMyTrip,IX,IX-1108,2026-10-16,T+30,7877,1729,9606,2026-09-16T02:53:02.746Z,FALSE,"",05:00,FALSE
fare_DEL-BLR_QP_2026-10-16_T+30_1789528445701_4v7q,DEL-BLR,EaseMyTrip,QP,QP-1526,2026-10-16,T+30,7935,1742,9677,2026-09-16T02:53:02.746Z,FALSE,"",16:30,TRUE
fare_DEL-BLR_IX_2026-10-16_T+30_1789528445701_ww4b,DEL-BLR,EaseMyTrip,IX,IX-1046,2026-10-16,T+30,8246,1810,10056,2026-09-16T02:53:02.746Z,FALSE,"",06:30,FALSE
fare_DEL-BLR_QP_2026-10-16_T+30_1789528445701_w0u2,DEL-BLR,EaseMyTrip,QP,QP-1350,2026-10-16,T+30,8084,1775,9859,2026-09-16T02:53:02.746Z,FALSE,"",21:55,TRUE
fare_DEL-BLR_QP_2026-10-16_T+30_1789528445701_5j87,DEL-BLR,EaseMyTrip,QP,QP-1812,2026-10-16,T+30,8084,1775,9859,2026-09-16T02:53:02.746Z,FALSE,"",22:55,TRUE
fare_DEL-BLR_6E_2026-10-16_T+30_1789528445701_4j0o,DEL-BLR,EaseMyTrip,6E,6E-6433,2026-10-16,T+30,8091,1776,9867,2026-09-16T02:53:02.746Z,FALSE,"",16:30,FALSE
fare_DEL-BLR_IX_2026-10-16_T+30_1789528445701_zwvs,DEL-BLR,EaseMyTrip,IX,IX-2749,2026-10-16,T+30,8486,1863,10349,2026-09-16T02:53:02.746Z,FALSE,"",10:25,TRUE
fare_DEL-BLR_6E_2026-10-16_T+30_1789528445701_j1aa,DEL-BLR,EaseMyTrip,6E,6E-6212,2026-10-16,T+30,8156,1790,9946,2026-09-16T02:53:02.746Z,FALSE,"",14:45,FALSE
fare_DEL-BLR_6E_2026-10-16_T+30_1789528445701_i7o3,DEL-BLR,EaseMyTrip,6E,6E-878,2026-10-16,T+30,8156,1790,9946,2026-09-16T02:53:02.746Z,FALSE,"",02:25,FALSE
fare_DEL-BLR_6E_2026-10-16_T+30_1789528445701_sxta,DEL-BLR,EaseMyTrip,6E,6E-496,2026-10-16,T+30,8156,1790,9946,2026-09-16T02:53:02.746Z,FALSE,"",02:25,FALSE
fare_DEL-BLR_6E_2026-10-16_T+30_1789528445701_9me1,DEL-BLR,EaseMyTrip,6E,6E-6026,2026-10-16,T+30,8156,1790,9946,2026-09-16T02:53:02.746Z,FALSE,"",05:30,FALSE
fare_DEL-BLR_6E_2026-10-16_T+30_1789528445701_bkpf,DEL-BLR,EaseMyTrip,6E,6E-6282,2026-10-16,T+30,8156,1790,9946,2026-09-16T02:53:02.746Z,FALSE,"",13:30,FALSE
fare_DEL-BLR_6E_2026-10-16_T+30_1789528445701_xsnk,DEL-BLR,EaseMyTrip,6E,6E-866,2026-10-16,T+30,8156,1790,9946,2026-09-16T02:53:02.746Z,FALSE,"",16:10,FALSE
fare_DEL-BLR_6E_2026-10-16_T+30_1789528445701_dipg,DEL-BLR,EaseMyTrip,6E,6E-733,2026-10-16,T+30,8156,1790,9946,2026-09-16T02:53:02.746Z,FALSE,"",16:10,FALSE
fare_DEL-BLR_6E_2026-10-16_T+30_1789528445701_fzy2,DEL-BLR,EaseMyTrip,6E,6E-6293,2026-10-16,T+30,8156,1790,9946,2026-09-16T02:53:02.746Z,FALSE,"",09:55,FALSE
fare_DEL-BLR_AI_2026-10-16_T+30_1789528445701_z834,DEL-BLR,EaseMyTrip,AI,AI-2499,2026-10-16,T+30,8355,1834,10189,2026-09-16T02:53:02.746Z,FALSE,"",06:00,FALSE
fare_DEL-BLR_QP_2026-10-16_T+30_1789528445701_saru,DEL-BLR,EaseMyTrip,QP,QP-1574,2026-10-16,T+30,8234,1808,10042,2026-09-16T02:53:02.746Z,FALSE,"",14:10,TRUE
fare_DEL-BLR_6E_2026-10-16_T+30_1789528445701_wvoi,DEL-BLR,EaseMyTrip,6E,6E-427,2026-10-16,T+30,8239,1809,10048,2026-09-16T02:53:02.746Z,FALSE,"",08:20,TRUE
fare_DEL-BLR_6E_2026-10-16_T+30_1789528445701_72dh,DEL-BLR,EaseMyTrip,6E,6E-524,2026-10-16,T+30,8239,1809,10048,2026-09-16T02:53:02.746Z,FALSE,"",08:20,TRUE
fare_DEL-BLR_6E_2026-10-16_T+30_1789528445701_msd5,DEL-BLR,EaseMyTrip,6E,6E-6054,2026-10-16,T+30,8239,1809,10048,2026-09-16T02:53:02.746Z,FALSE,"",01:05,TRUE
fare_DEL-BLR_6E_2026-10-16_T+30_1789528445701_xpk5,DEL-BLR,EaseMyTrip,6E,6E-397,2026-10-16,T+30,8239,1809,10048,2026-09-16T02:53:02.746Z,FALSE,"",10:45,TRUE
fare_DEL-BLR_6E_2026-10-16_T+30_1789528445701_2505,DEL-BLR,EaseMyTrip,6E,6E-984,2026-10-16,T+30,8239,1809,10048,2026-09-16T02:53:02.746Z,FALSE,"",10:45,TRUE
fare_DEL-BLR_6E_2026-10-16_T+30_1789528445701_vdmx,DEL-BLR,EaseMyTrip,6E,6E-311,2026-10-16,T+30,8239,1809,10048,2026-09-16T02:53:02.746Z,FALSE,"",09:30,TRUE
fare_DEL-BLR_6E_2026-10-16_T+30_1789528445701_7v4t,DEL-BLR,EaseMyTrip,6E,6E-156,2026-10-16,T+30,8239,1809,10048,2026-09-16T02:53:02.746Z,FALSE,"",09:30,TRUE
fare_DEL-BLR_6E_2026-10-16_T+30_1789528445701_88vs,DEL-BLR,EaseMyTrip,6E,6E-751,2026-10-16,T+30,8239,1809,10048,2026-09-16T02:53:02.746Z,FALSE,"",07:05,TRUE
fare_DEL-BLR_6E_2026-10-16_T+30_1789528445701_89hy,DEL-BLR,EaseMyTrip,6E,6E-766,2026-10-16,T+30,8239,1809,10048,2026-09-16T02:53:02.746Z,FALSE,"",07:05,TRUE
fare_DEL-BLR_6E_2026-10-16_T+30_1789528445701_6hqy,DEL-BLR,EaseMyTrip,6E,6E-2314,2026-10-16,T+30,8239,1809,10048,2026-09-16T02:53:02.746Z,FALSE,"",05:45,TRUE
fare_DEL-BLR_6E_2026-10-16_T+30_1789528445701_wjcn,DEL-BLR,EaseMyTrip,6E,6E-258,2026-10-16,T+30,8239,1809,10048,2026-09-16T02:53:02.746Z,FALSE,"",03:00,TRUE
fare_DEL-BLR_6E_2026-10-16_T+30_1789528445701_w3ka,DEL-BLR,EaseMyTrip,6E,6E-756,2026-10-16,T+30,8239,1809,10048,2026-09-16T02:53:02.746Z,FALSE,"",03:00,TRUE
fare_DEL-BLR_6E_2026-10-16_T+30_1789528445701_wbd0,DEL-BLR,EaseMyTrip,6E,6E-2519,2026-10-16,T+30,8239,1809,10048,2026-09-16T02:53:02.746Z,FALSE,"",13:00,TRUE
fare_DEL-BLR_6E_2026-10-16_T+30_1789528445701_tiwr,DEL-BLR,EaseMyTrip,6E,6E-732,2026-10-16,T+30,8263,1814,10077,2026-09-16T02:53:02.746Z,FALSE,"",20:20,FALSE
fare_DEL-BLR_6E_2026-10-16_T+30_1789528445701_8npo,DEL-BLR,EaseMyTrip,6E,6E-676,2026-10-16,T+30,8263,1814,10077,2026-09-16T02:53:02.746Z,FALSE,"",20:20,FALSE
fare_DEL-BLR_6E_2026-10-16_T+30_1789528445701_m1p7,DEL-BLR,EaseMyTrip,6E,6E-5073,2026-10-16,T+30,8263,1814,10077,2026-09-16T02:53:02.746Z,FALSE,"",17:05,FALSE
fare_DEL-BLR_6E_2026-10-16_T+30_1789528445701_7grh,DEL-BLR,EaseMyTrip,6E,6E-6179,2026-10-16,T+30,8263,1814,10077,2026-09-16T02:53:02.746Z,FALSE,"",18:30,FALSE
fare_DEL-BLR_6E_2026-10-16_T+30_1789528445701_fry3,DEL-BLR,EaseMyTrip,6E,6E-221,2026-10-16,T+30,8263,1814,10077,2026-09-16T02:53:02.746Z,FALSE,"",18:00,FALSE
fare_DEL-BLR_6E_2026-10-16_T+30_1789528445701_im1l,DEL-BLR,EaseMyTrip,6E,6E-189,2026-10-16,T+30,8263,1814,10077,2026-09-16T02:53:02.746Z,FALSE,"",18:00,FALSE
fare_DEL-BLR_6E_2026-10-16_T+30_1789528445701_j8r8,DEL-BLR,EaseMyTrip,6E,6E-6488,2026-10-16,T+30,8263,1814,10077,2026-09-16T02:53:02.746Z,FALSE,"",11:20,FALSE
fare_DEL-BLR_6E_2026-10-16_T+30_1789528445701_7iet,DEL-BLR,EaseMyTrip,6E,6E-378,2026-10-16,T+30,8263,1814,10077,2026-09-16T02:53:02.746Z,FALSE,"",16:20,FALSE
fare_DEL-BLR_6E_2026-10-16_T+30_1789528445701_t0w6,DEL-BLR,EaseMyTrip,6E,6E-940,2026-10-16,T+30,8263,1814,10077,2026-09-16T02:53:02.746Z,FALSE,"",16:20,FALSE
fare_DEL-BLR_6E_2026-10-16_T+30_1789528445701_kcrz,DEL-BLR,EaseMyTrip,6E,6E-5119,2026-10-16,T+30,8263,1814,10077,2026-09-16T02:53:02.746Z,FALSE,"",05:10,FALSE
fare_DEL-BLR_6E_2026-10-16_T+30_1789528445701_l0mn,DEL-BLR,EaseMyTrip,6E,6E-6673,2026-10-16,T+30,8263,1814,10077,2026-09-16T02:53:02.746Z,FALSE,"",21:15,FALSE
fare_DEL-BLR_6E_2026-10-16_T+30_1789528445701_kgnq,DEL-BLR,EaseMyTrip,6E,6E-2557,2026-10-16,T+30,8263,1814,10077,2026-09-16T02:53:02.746Z,FALSE,"",15:20,FALSE
fare_DEL-BLR_6E_2026-10-16_T+30_1789528445701_yoco,DEL-BLR,EaseMyTrip,6E,6E-530,2026-10-16,T+30,8263,1814,10077,2026-09-16T02:53:02.746Z,FALSE,"",14:50,FALSE
fare_DEL-BLR_6E_2026-10-16_T+30_1789528445701_zpbu,DEL-BLR,EaseMyTrip,6E,6E-236,2026-10-16,T+30,8263,1814,10077,2026-09-16T02:53:02.746Z,FALSE,"",14:50,FALSE
fare_DEL-BLR_6E_2026-10-16_T+30_1789528445701_5i43,DEL-BLR,EaseMyTrip,6E,6E-6569,2026-10-16,T+30,8263,1814,10077,2026-09-16T02:53:02.746Z,FALSE,"",05:00,FALSE
fare_DEL-BLR_6E_2026-10-16_T+30_1789528445701_10ck,DEL-BLR,EaseMyTrip,6E,6E-6459,2026-10-16,T+30,8263,1814,10077,2026-09-16T02:53:02.746Z,FALSE,"",05:55,FALSE
fare_DEL-BLR_6E_2026-10-16_T+30_1789528445701_hxw7,DEL-BLR,EaseMyTrip,6E,6E-2618,2026-10-16,T+30,8263,1814,10077,2026-09-16T02:53:02.746Z,FALSE,"",23:00,FALSE
fare_DEL-BLR_6E_2026-10-16_T+30_1789528445701_dh2p,DEL-BLR,EaseMyTrip,6E,6E-131,2026-10-16,T+30,8328,1828,10156,2026-09-16T02:53:02.746Z,FALSE,"",18:15,FALSE
fare_DEL-BLR_6E_2026-10-16_T+30_1789528445701_yzsf,DEL-BLR,EaseMyTrip,6E,6E-797,2026-10-16,T+30,8328,1828,10156,2026-09-16T02:53:02.746Z,FALSE,"",18:15,FALSE
fare_DEL-BLR_6E_2026-10-16_T+30_1789528445701_wply,DEL-BLR,EaseMyTrip,6E,6E-6091,2026-10-16,T+30,8328,1828,10156,2026-09-16T02:53:02.746Z,FALSE,"",15:15,FALSE
fare_DEL-BLR_6E_2026-10-16_T+30_1789528445701_50u1,DEL-BLR,EaseMyTrip,6E,6E-6632,2026-10-16,T+30,8328,1828,10156,2026-09-16T02:53:02.746Z,FALSE,"",17:50,FALSE
fare_DEL-BLR_6E_2026-10-16_T+30_1789528445701_7ilx,DEL-BLR,EaseMyTrip,6E,6E-746,2026-10-16,T+30,8328,1828,10156,2026-09-16T02:53:02.746Z,FALSE,"",02:55,FALSE
fare_DEL-BLR_6E_2026-10-16_T+30_1789528445701_7qyq,DEL-BLR,EaseMyTrip,6E,6E-854,2026-10-16,T+30,8328,1828,10156,2026-09-16T02:53:02.746Z,FALSE,"",02:55,FALSE
fare_DEL-BLR_6E_2026-10-16_T+30_1789528445701_2esg,DEL-BLR,EaseMyTrip,6E,6E-2150,2026-10-16,T+30,8328,1828,10156,2026-09-16T02:53:02.746Z,FALSE,"",16:55,FALSE
fare_DEL-BLR_6E_2026-10-16_T+30_1789528445701_wgd6,DEL-BLR,EaseMyTrip,6E,6E-729,2026-10-16,T+30,8328,1828,10156,2026-09-16T02:53:02.746Z,FALSE,"",19:30,FALSE
fare_DEL-BLR_6E_2026-10-16_T+30_1789528445701_o56g,DEL-BLR,EaseMyTrip,6E,6E-903,2026-10-16,T+30,8328,1828,10156,2026-09-16T02:53:02.746Z,FALSE,"",19:30,FALSE
fare_DEL-BLR_6E_2026-10-16_T+30_1789528445701_daka,DEL-BLR,EaseMyTrip,6E,6E-2277,2026-10-16,T+30,8328,1828,10156,2026-09-16T02:53:02.746Z,FALSE,"",10:25,FALSE
fare_DEL-BLR_6E_2026-10-16_T+30_1789528445701_mpan,DEL-BLR,EaseMyTrip,6E,6E-5033,2026-10-16,T+30,8328,1828,10156,2026-09-16T02:53:02.746Z,FALSE,"",15:50,FALSE
fare_DEL-BLR_AI_2026-10-16_T+30_1789528445701_rq1t,DEL-BLR,EaseMyTrip,AI,AI-2653,2026-10-16,T+30,8496,1865,10361,2026-09-16T02:53:02.746Z,FALSE,"",04:30,TRUE
fare_DEL-BLR_AI_2026-10-16_T+30_1789528445701_55uk,DEL-BLR,EaseMyTrip,AI,AI-427,2026-10-16,T+30,8496,1865,10361,2026-09-16T02:53:02.746Z,FALSE,"",08:30,TRUE
fare_DEL-BLR_AI_2026-10-16_T+30_1789528445701_u0xq,DEL-BLR,EaseMyTrip,AI,AI-2757,2026-10-16,T+30,8496,1865,10361,2026-09-16T02:53:02.746Z,FALSE,"",00:15,TRUE
fare_DEL-BLR_AI_2026-10-16_T+30_1789528445701_5cgz,DEL-BLR,EaseMyTrip,AI,AI-2409,2026-10-16,T+30,8496,1865,10361,2026-09-16T02:53:02.746Z,FALSE,"",06:00,TRUE
fare_DEL-BLR_AI_2026-10-16_T+30_1789528445701_2vzh,DEL-BLR,EaseMyTrip,AI,AI-2803,2026-10-16,T+30,8496,1865,10361,2026-09-16T02:53:02.746Z,FALSE,"",06:30,TRUE
fare_DEL-BLR_AI_2026-10-16_T+30_1789528445701_410b,DEL-BLR,EaseMyTrip,AI,AI-2815,2026-10-16,T+30,8496,1865,10361,2026-09-16T02:53:02.746Z,FALSE,"",07:00,TRUE
fare_DEL-BLR_6E_2026-10-16_T+30_1789528445701_6wfw,DEL-BLR,EaseMyTrip,6E,6E-6497,2026-10-16,T+30,8435,1852,10287,2026-09-16T02:53:02.746Z,FALSE,"",18:40,FALSE
fare_DEL-BLR_6E_2026-10-16_T+30_1789528445701_gjz7,DEL-BLR,EaseMyTrip,6E,6E-2769,2026-10-16,T+30,8435,1852,10287,2026-09-16T02:53:02.746Z,FALSE,"",08:10,FALSE
fare_DEL-BLR_6E_2026-10-16_T+30_1789528445701_s7bw,DEL-BLR,EaseMyTrip,6E,6E-837,2026-10-16,T+30,8486,1863,10349,2026-09-16T02:53:02.746Z,FALSE,"",14:30,TRUE
fare_DEL-BLR_6E_2026-10-16_T+30_1789528445701_1k1n,DEL-BLR,EaseMyTrip,6E,6E-787,2026-10-16,T+30,8486,1863,10349,2026-09-16T02:53:02.746Z,FALSE,"",14:30,TRUE
fare_DEL-BLR_6E_2026-10-16_T+30_1789528445701_xeas,DEL-BLR,EaseMyTrip,6E,6E-692,2026-10-16,T+30,8486,1863,10349,2026-09-16T02:53:02.746Z,FALSE,"",13:15,TRUE
fare_DEL-BLR_6E_2026-10-16_T+30_1789528445701_ny3x,DEL-BLR,EaseMyTrip,6E,6E-605,2026-10-16,T+30,8486,1863,10349,2026-09-16T02:53:02.746Z,FALSE,"",13:15,TRUE
fare_DEL-BLR_6E_2026-10-16_T+30_1789528445701_ulx0,DEL-BLR,EaseMyTrip,6E,6E-7646,2026-10-16,T+30,8578,1883,10461,2026-09-16T02:53:02.746Z,FALSE,"",06:15,FALSE
fare_DEL-BLR_6E_2026-10-16_T+30_1789528445701_2ov9,DEL-BLR,EaseMyTrip,6E,6E-7653,2026-10-16,T+30,8612,1891,10503,2026-09-16T02:53:02.746Z,FALSE,"",17:20,FALSE
fare_DEL-BLR_6E_2026-10-16_T+30_1789528445701_uo2n,DEL-BLR,EaseMyTrip,6E,6E-7642,2026-10-16,T+30,8677,1905,10582,2026-09-16T02:53:02.746Z,FALSE,"",15:45,FALSE
fare_DEL-BLR_6E_2026-10-16_T+30_1789528445701_vxv0,DEL-BLR,EaseMyTrip,6E,6E-6217,2026-10-16,T+30,8790,1930,10720,2026-09-16T02:53:02.746Z,FALSE,"",16:15,FALSE
fare_DEL-BLR_6E_2026-10-16_T+30_1789528445701_e7u7,DEL-BLR,EaseMyTrip,6E,6E-2571,2026-10-16,T+30,8853,1943,10796,2026-09-16T02:53:02.746Z,FALSE,"",12:30,FALSE
fare_DEL-BLR_QP_2026-10-16_T+30_1789528445701_nwe8,DEL-BLR,EaseMyTrip,QP,QP-1822,2026-10-16,T+30,8869,1947,10816,2026-09-16T02:53:02.746Z,FALSE,"",16:40,TRUE
fare_DEL-BLR_QP_2026-10-16_T+30_1789528445701_z0p0,DEL-BLR,EaseMyTrip,QP,QP-1824,2026-10-16,T+30,8869,1947,10816,2026-09-16T02:53:02.746Z,FALSE,"",20:50,TRUE
fare_DEL-BLR_6E_2026-10-16_T+30_1789528445701_nmlr,DEL-BLR,EaseMyTrip,6E,6E-6515,2026-10-16,T+30,8877,1949,10826,2026-09-16T02:53:02.746Z,FALSE,"",20:45,TRUE
fare_DEL-BLR_SG_2026-10-16_T+30_1789528445701_bt3l,DEL-BLR,EaseMyTrip,SG,SG-163,2026-10-16,T+30,9197,2019,11216,2026-09-16T02:53:02.746Z,FALSE,"",22:30,FALSE
fare_DEL-BLR_SG_2026-10-16_T+30_1789528445701_n1k2,DEL-BLR,EaseMyTrip,SG,SG-192,2026-10-16,T+30,9197,2019,11216,2026-09-16T02:53:02.746Z,FALSE,"",22:30,FALSE
fare_DEL-BLR_SG_2026-10-16_T+30_1789528445701_u9mm,DEL-BLR,EaseMyTrip,SG,SG-982,2026-10-16,T+30,9197,2019,11216,2026-09-16T02:53:02.746Z,FALSE,"",19:55,FALSE
fare_DEL-BLR_SG_2026-10-16_T+30_1789528445701_h380,DEL-BLR,EaseMyTrip,SG,SG-183,2026-10-16,T+30,9197,2019,11216,2026-09-16T02:53:02.746Z,FALSE,"",19:55,FALSE
fare_DEL-BLR_6E_2026-10-16_T+30_1789528445701_fiu1,DEL-BLR,EaseMyTrip,6E,6E-5038,2026-10-16,T+30,8963,1967,10930,2026-09-16T02:53:02.746Z,FALSE,"",14:00,FALSE
fare_DEL-BLR_AI_2026-10-16_T+30_1789528445701_q1ku,DEL-BLR,EaseMyTrip,AI,AI-2485,2026-10-16,T+30,9134,2005,11139,2026-09-16T02:53:02.746Z,FALSE,"",10:30,TRUE
fare_DEL-BLR_AI_2026-10-16_T+30_1789528445701_efh3,DEL-BLR,EaseMyTrip,AI,AI-2415,2026-10-16,T+30,9134,2005,11139,2026-09-16T02:53:02.746Z,FALSE,"",09:30,TRUE
fare_DEL-BLR_IX_2026-10-16_T+30_1789528445701_td9w,DEL-BLR,EaseMyTrip,IX,IX-1070,2026-10-16,T+30,9359,2055,11414,2026-09-16T02:53:02.746Z,FALSE,"",22:00,TRUE
fare_DEL-BLR_6E_2026-10-16_T+30_1789528445701_80an,DEL-BLR,EaseMyTrip,6E,6E-889,2026-10-16,T+30,9091,1996,11087,2026-09-16T02:53:02.746Z,FALSE,"",17:10,FALSE
fare_DEL-BLR_6E_2026-10-16_T+30_1789528445701_s2lb,DEL-BLR,EaseMyTrip,6E,6E-722,2026-10-16,T+30,9091,1996,11087,2026-09-16T02:53:02.746Z,FALSE,"",17:10,FALSE
fare_DEL-BLR_6E_2026-10-16_T+30_1789528445701_kpru,DEL-BLR,EaseMyTrip,6E,6E-124,2026-10-16,T+30,9289,2039,11328,2026-09-16T02:53:02.746Z,FALSE,"",18:20,TRUE
fare_DEL-BLR_6E_2026-10-16_T+30_1789528445701_eg93,DEL-BLR,EaseMyTrip,6E,6E-469,2026-10-16,T+30,9289,2039,11328,2026-09-16T02:53:02.746Z,FALSE,"",18:20,TRUE
fare_DEL-BLR_AI_2026-10-16_T+30_1789528445701_nc3k,DEL-BLR,EaseMyTrip,AI,AI-2813,2026-10-16,T+30,9546,2095,11641,2026-09-16T02:53:02.746Z,FALSE,"",18:00,TRUE
fare_DEL-BLR_IX_2026-10-16_T+30_1789528445701_pxci,DEL-BLR,EaseMyTrip,IX,IX-1273,2026-10-16,T+30,9698,2129,11827,2026-09-16T02:53:02.746Z,FALSE,"",12:05,FALSE
fare_DEL-BLR_AI_2026-10-16_T+30_1789528445701_hd48,DEL-BLR,EaseMyTrip,AI,AI-2417,2026-10-16,T+30,9713,2132,11845,2026-09-16T02:53:02.746Z,FALSE,"",13:00,TRUE
fare_DEL-BLR_IX_2026-10-16_T+30_1789528445701_wj7a,DEL-BLR,EaseMyTrip,IX,IX-1617,2026-10-16,T+30,9870,2167,12037,2026-09-16T02:53:02.746Z,FALSE,"",11:50,FALSE
fare_DEL-BLR_6E_2026-10-16_T+30_1789528445701_iizq,DEL-BLR,EaseMyTrip,6E,6E-585,2026-10-16,T+30,9722,2134,11856,2026-09-16T02:53:02.746Z,FALSE,"",19:30,TRUE
fare_DEL-BLR_6E_2026-10-16_T+30_1789528445701_3sy7,DEL-BLR,EaseMyTrip,6E,6E-290,2026-10-16,T+30,9722,2134,11856,2026-09-16T02:53:02.746Z,FALSE,"",19:30,TRUE
fare_DEL-BLR_6E_2026-10-16_T+30_1789528445701_uyfw,DEL-BLR,EaseMyTrip,6E,6E-371,2026-10-16,T+30,9722,2134,11856,2026-09-16T02:53:02.746Z,FALSE,"",17:00,TRUE
fare_DEL-BLR_6E_2026-10-16_T+30_1789528445701_hjgp,DEL-BLR,EaseMyTrip,6E,6E-907,2026-10-16,T+30,9722,2134,11856,2026-09-16T02:53:02.746Z,FALSE,"",17:00,TRUE
fare_DEL-BLR_6E_2026-10-16_T+30_1789528445701_w2ix,DEL-BLR,EaseMyTrip,6E,6E-128,2026-10-16,T+30,9722,2134,11856,2026-09-16T02:53:02.746Z,FALSE,"",15:45,TRUE
fare_DEL-BLR_6E_2026-10-16_T+30_1789528445701_llpm,DEL-BLR,EaseMyTrip,6E,6E-744,2026-10-16,T+30,9722,2134,11856,2026-09-16T02:53:02.746Z,FALSE,"",15:45,TRUE
fare_DEL-BLR_AI_2026-10-16_T+30_1789528445701_hqdw,DEL-BLR,EaseMyTrip,AI,AI-2817,2026-10-16,T+30,9979,2190,12169,2026-09-16T02:53:02.746Z,FALSE,"",16:30,TRUE
fare_DEL-BLR_AI_2026-10-16_T+30_1789528445701_rb85,DEL-BLR,EaseMyTrip,AI,AI-2664,2026-10-16,T+30,9979,2190,12169,2026-09-16T02:53:02.746Z,FALSE,"",15:50,TRUE
fare_DEL-BLR_AI_2026-10-16_T+30_1789528445701_mn6j,DEL-BLR,EaseMyTrip,AI,AI-2487,2026-10-16,T+30,9979,2190,12169,2026-09-16T02:53:02.746Z,FALSE,"",18:30,TRUE
fare_DEL-BLR_AI_2026-10-16_T+30_1789528445701_or4y,DEL-BLR,EaseMyTrip,AI,AI-2512,2026-10-16,T+30,9979,2190,12169,2026-09-16T02:53:02.746Z,FALSE,"",19:00,TRUE
fare_DEL-BLR_6E_2026-10-16_T+30_1789528445701_9903,DEL-BLR,EaseMyTrip,6E,6E-2456,2026-10-16,T+30,9816,2155,11971,2026-09-16T02:53:02.746Z,FALSE,"",14:55,TRUE
fare_DEL-BLR_AI_2026-10-16_T+30_1789528445701_896c,DEL-BLR,EaseMyTrip,AI,AI-2809,2026-10-16,T+30,10155,2229,12384,2026-09-16T02:53:02.746Z,FALSE,"",19:30,TRUE
fare_DEL-BLR_IX_2026-10-16_T+30_1789528445701_gi9y,DEL-BLR,EaseMyTrip,IX,IX-1068,2026-10-16,T+30,10450,2294,12744,2026-09-16T02:53:02.746Z,FALSE,"",11:55,FALSE
fare_DEL-BLR_6E_2026-10-16_T+30_1789528445701_5ji9,DEL-BLR,EaseMyTrip,6E,6E-352,2026-10-16,T+30,10179,2234,12413,2026-09-16T02:53:02.746Z,FALSE,"",22:00,TRUE
fare_DEL-BLR_6E_2026-10-16_T+30_1789528445701_9mmy,DEL-BLR,EaseMyTrip,6E,6E-745,2026-10-16,T+30,10179,2234,12413,2026-09-16T02:53:02.746Z,FALSE,"",22:00,TRUE
fare_DEL-BLR_6E_2026-10-16_T+30_1789528445701_xrbs,DEL-BLR,EaseMyTrip,6E,6E-897,2026-10-16,T+30,10179,2234,12413,2026-09-16T02:53:02.746Z,FALSE,"",12:15,TRUE
fare_DEL-BLR_6E_2026-10-16_T+30_1789528445701_114a,DEL-BLR,EaseMyTrip,6E,6E-158,2026-10-16,T+30,10179,2234,12413,2026-09-16T02:53:02.746Z,FALSE,"",12:15,TRUE
fare_DEL-BLR_AI_2026-10-16_T+30_1789528445701_qv3q,DEL-BLR,EaseMyTrip,AI,AI-2577,2026-10-16,T+30,10388,2280,12668,2026-09-16T02:53:02.746Z,FALSE,"",02:00,FALSE
fare_DEL-BLR_6E_2026-10-16_T+30_1789528445701_c36x,DEL-BLR,EaseMyTrip,6E,6E-211,2026-10-16,T+30,10241,2248,12489,2026-09-16T02:53:02.746Z,FALSE,"",17:55,FALSE
fare_DEL-BLR_6E_2026-10-16_T+30_1789528445701_nc1u,DEL-BLR,EaseMyTrip,6E,6E-902,2026-10-16,T+30,10241,2248,12489,2026-09-16T02:53:02.746Z,FALSE,"",17:55,FALSE
fare_DEL-BLR_IX_2026-10-16_T+30_1789528445701_t0ni,DEL-BLR,EaseMyTrip,IX,IX-1980,2026-10-16,T+30,10435,2291,12726,2026-09-16T02:53:02.746Z,FALSE,"",09:55,FALSE
fare_DEL-BLR_IX_2026-10-16_T+30_1789528445701_l2xa,DEL-BLR,EaseMyTrip,IX,IX-1235,2026-10-16,T+30,10566,2319,12885,2026-09-16T02:53:02.746Z,FALSE,"",23:25,FALSE
fare_DEL-BLR_AI_2026-10-16_T+30_1789528445701_5jkf,DEL-BLR,EaseMyTrip,AI,AI-2560,2026-10-16,T+30,10530,2312,12842,2026-09-16T02:53:02.746Z,FALSE,"",07:00,FALSE
fare_DEL-BLR_AI_2026-10-16_T+30_1789528445701_oqxo,DEL-BLR,EaseMyTrip,AI,AI-2711,2026-10-16,T+30,10609,2329,12938,2026-09-16T02:53:02.746Z,FALSE,"",02:00,FALSE
fare_DEL-BLR_AI_2026-10-16_T+30_1789528445701_qt5q,DEL-BLR,EaseMyTrip,AI,AI-2532,2026-10-16,T+30,10644,2336,12980,2026-09-16T02:53:02.746Z,FALSE,"",11:20,FALSE
fare_DEL-BLR_AI_2026-10-16_T+30_1789528445701_mlsg,DEL-BLR,EaseMyTrip,AI,AI-1793,2026-10-16,T+30,10660,2340,13000,2026-09-16T02:53:02.746Z,FALSE,"",06:00,FALSE
fare_DEL-BLR_AI_2026-10-16_T+30_1789528445701_9sqx,DEL-BLR,EaseMyTrip,AI,AI-2412,2026-10-16,T+30,10712,2351,13063,2026-09-16T02:53:02.746Z,FALSE,"",21:30,TRUE
fare_DEL-BLR_AI_2026-10-16_T+30_1789528445701_pkak,DEL-BLR,EaseMyTrip,AI,AI-2859,2026-10-16,T+30,10921,2397,13318,2026-09-16T02:53:02.746Z,FALSE,"",10:30,FALSE
fare_DEL-BLR_6E_2026-10-16_T+30_1789528445701_5cc7,DEL-BLR,EaseMyTrip,6E,6E-2349,2026-10-16,T+30,10901,2393,13294,2026-09-16T02:53:02.746Z,FALSE,"",10:55,FALSE
fare_DEL-BLR_IX_2026-10-16_T+30_1789528445701_x2mp,DEL-BLR,EaseMyTrip,IX,IX-1461,2026-10-16,T+30,11173,2453,13626,2026-09-16T02:53:02.746Z,FALSE,"",05:35,FALSE
fare_DEL-BLR_6E_2026-10-16_T+30_1789528445701_dmwq,DEL-BLR,EaseMyTrip,6E,6E-985,2026-10-16,T+30,11167,2451,13618,2026-09-16T02:53:02.746Z,FALSE,"",23:30,TRUE
fare_DEL-BLR_6E_2026-10-16_T+30_1789528445701_san2,DEL-BLR,EaseMyTrip,6E,6E-286,2026-10-16,T+30,11167,2451,13618,2026-09-16T02:53:02.746Z,FALSE,"",23:30,TRUE
fare_DEL-BLR_AI_2026-10-16_T+30_1789528445701_2w82,DEL-BLR,EaseMyTrip,AI,AI-465,2026-10-16,T+30,11343,2490,13833,2026-09-16T02:53:02.746Z,FALSE,"",16:20,FALSE
fare_DEL-BLR_AI_2026-10-16_T+30_1789528445701_i5s1,DEL-BLR,EaseMyTrip,AI,AI-2483,2026-10-16,T+30,11499,2524,14023,2026-09-16T02:53:02.746Z,FALSE,"",12:20,FALSE
fare_DEL-BLR_AI_2026-10-16_T+30_1789528445701_lmvz,DEL-BLR,EaseMyTrip,AI,AI-2525,2026-10-16,T+30,11499,2524,14023,2026-09-16T02:53:02.746Z,FALSE,"",06:00,FALSE
fare_DEL-BLR_AI_2026-10-16_T+30_1789528445701_csi2,DEL-BLR,EaseMyTrip,AI,AI-537,2026-10-16,T+30,11499,2524,14023,2026-09-16T02:53:02.746Z,FALSE,"",15:45,FALSE
fare_DEL-BLR_AI_2026-10-16_T+30_1789528445701_iekx,DEL-BLR,EaseMyTrip,AI,AI-2467,2026-10-16,T+30,11499,2524,14023,2026-09-16T02:53:02.746Z,FALSE,"",10:00,FALSE
fare_DEL-BLR_AI_2026-10-16_T+30_1789528445701_y52e,DEL-BLR,EaseMyTrip,AI,AI-2895,2026-10-16,T+30,11499,2524,14023,2026-09-16T02:53:02.746Z,FALSE,"",21:55,FALSE
fare_DEL-BLR_AI_2026-10-16_T+30_1789528445701_ds8z,DEL-BLR,EaseMyTrip,AI,AI-2833,2026-10-16,T+30,11499,2524,14023,2026-09-16T02:53:02.746Z,FALSE,"",07:30,FALSE
fare_DEL-BLR_AI_2026-10-16_T+30_1789528445701_v0hi,DEL-BLR,EaseMyTrip,AI,AI-437,2026-10-16,T+30,11522,2529,14051,2026-09-16T02:53:02.746Z,FALSE,"",09:20,FALSE
fare_DEL-BLR_AI_2026-10-16_T+30_1789528445701_24ad,DEL-BLR,EaseMyTrip,AI,AI-2835,2026-10-16,T+30,11866,2605,14471,2026-09-16T02:53:02.746Z,FALSE,"",19:30,FALSE
fare_DEL-BLR_IX_2026-10-16_T+30_1789528445701_ik9j,DEL-BLR,EaseMyTrip,IX,IX-1090,2026-10-16,T+30,12161,2669,14830,2026-09-16T02:53:02.746Z,FALSE,"",13:10,FALSE
fare_DEL-BLR_AI_2026-10-16_T+30_1789528445701_xkjt,DEL-BLR,EaseMyTrip,AI,AI-1702,2026-10-16,T+30,12207,2680,14887,2026-09-16T02:53:02.746Z,FALSE,"",18:30,FALSE
fare_DEL-BLR_AI_2026-10-16_T+30_1789528445701_aq9x,DEL-BLR,EaseMyTrip,AI,AI-1780,2026-10-16,T+30,12221,2683,14904,2026-09-16T02:53:02.746Z,FALSE,"",14:30,FALSE
fare_DEL-BLR_AI_2026-10-16_T+30_1789528445701_7xdo,DEL-BLR,EaseMyTrip,AI,AI-2899,2026-10-16,T+30,12248,2689,14937,2026-09-16T02:53:02.746Z,FALSE,"",12:30,FALSE
fare_DEL-BLR_IX_2026-10-16_T+30_1789528445701_9v9s,DEL-BLR,EaseMyTrip,IX,IX-1057,2026-10-16,T+30,12453,2734,15187,2026-09-16T02:53:02.746Z,FALSE,"",06:20,FALSE
fare_DEL-BLR_AI_2026-10-16_T+30_1789528445701_pgmn,DEL-BLR,EaseMyTrip,AI,AI-1735,2026-10-16,T+30,12696,2787,15483,2026-09-16T02:53:02.746Z,FALSE,"",13:00,FALSE
fare_DEL-BLR_AI_2026-10-16_T+30_1789528445701_t78a,DEL-BLR,EaseMyTrip,AI,AI-2819,2026-10-16,T+30,12958,2845,15803,2026-09-16T02:53:02.746Z,FALSE,"",15:00,TRUE
fare_DEL-BLR_AI_2026-10-16_T+30_1789528445701_baf8,DEL-BLR,EaseMyTrip,AI,AI-1742,2026-10-16,T+30,13218,2901,16119,2026-09-16T02:53:02.746Z,FALSE,"",20:00,FALSE
fare_DEL-BLR_IX_2026-10-16_T+30_1789528445701_s03x,DEL-BLR,EaseMyTrip,IX,IX-1076,2026-10-16,T+30,13388,2939,16327,2026-09-16T02:53:02.746Z,FALSE,"",09:00,FALSE
fare_DEL-BLR_AI_2026-10-16_T+30_1789528445701_2m0b,DEL-BLR,EaseMyTrip,AI,AI-2973,2026-10-16,T+30,13404,2942,16346,2026-09-16T02:53:02.746Z,FALSE,"",20:50,FALSE
fare_DEL-BLR_IX_2026-10-16_T+30_1789528445701_ti60,DEL-BLR,EaseMyTrip,IX,IX-1783,2026-10-16,T+30,13560,2977,16537,2026-09-16T02:53:02.746Z,FALSE,"",07:20,FALSE
fare_DEL-BLR_AI_2026-10-16_T+30_1789528445701_9ro4,DEL-BLR,EaseMyTrip,AI,AI-2678,2026-10-16,T+30,13537,2971,16508,2026-09-16T02:53:02.746Z,FALSE,"",08:30,FALSE
fare_DEL-BLR_AI_2026-10-16_T+30_1789528445701_b18j,DEL-BLR,EaseMyTrip,AI,AI-1785,2026-10-16,T+30,13537,2971,16508,2026-09-16T02:53:02.746Z,FALSE,"",12:00,FALSE
fare_DEL-BLR_AI_2026-10-16_T+30_1789528445701_2ofe,DEL-BLR,EaseMyTrip,AI,AI-1706,2026-10-16,T+30,13697,3007,16704,2026-09-16T02:53:02.746Z,FALSE,"",23:00,FALSE
fare_DEL-BLR_AI_2026-10-16_T+30_1789528445701_98qs,DEL-BLR,EaseMyTrip,AI,AI-2441,2026-10-16,T+30,13765,3022,16787,2026-09-16T02:53:02.746Z,FALSE,"",14:10,FALSE
fare_DEL-BLR_AI_2026-10-16_T+30_1789528445701_ssza,DEL-BLR,EaseMyTrip,AI,AI-2975,2026-10-16,T+30,13765,3022,16787,2026-09-16T02:53:02.746Z,FALSE,"",06:30,FALSE
fare_DEL-BLR_AI_2026-10-16_T+30_1789528445701_1og7,DEL-BLR,EaseMyTrip,AI,AI-2951,2026-10-16,T+30,13765,3022,16787,2026-09-16T02:53:02.746Z,FALSE,"",13:30,FALSE
fare_DEL-BLR_AI_2026-10-16_T+30_1789528445701_mn8d,DEL-BLR,EaseMyTrip,AI,AI-1777,2026-10-16,T+30,13823,3034,16857,2026-09-16T02:53:02.746Z,FALSE,"",16:00,FALSE
fare_DEL-BLR_AI_2026-10-16_T+30_1789528445701_uv4v,DEL-BLR,EaseMyTrip,AI,AI-441,2026-10-16,T+30,13851,3040,16891,2026-09-16T02:53:02.746Z,FALSE,"",17:00,FALSE
fare_DEL-BLR_IX_2026-10-16_T+30_1789528445701_g4bi,DEL-BLR,EaseMyTrip,IX,IX-1812,2026-10-16,T+30,14424,3166,17590,2026-09-16T02:53:02.746Z,FALSE,"",11:15,FALSE
fare_DEL-BLR_IX_2026-10-16_T+30_1789528445701_guhd,DEL-BLR,EaseMyTrip,IX,IX-1811,2026-10-16,T+30,14424,3166,17590,2026-09-16T02:53:02.746Z,FALSE,"",06:50,FALSE
fare_DEL-BLR_AI_2026-10-16_T+30_1789528445701_yvz7,DEL-BLR,EaseMyTrip,AI,AI-1749,2026-10-16,T+30,14541,3192,17733,2026-09-16T02:53:02.746Z,FALSE,"",08:40,FALSE
fare_DEL-BLR_IX_2026-10-16_T+30_1789528445701_ro0b,DEL-BLR,EaseMyTrip,IX,IX-1067,2026-10-16,T+30,14717,3230,17947,2026-09-16T02:53:02.746Z,FALSE,"",06:10,FALSE
fare_DEL-BLR_AI_2026-10-16_T+30_1789528445701_61ps,DEL-BLR,EaseMyTrip,AI,AI-2627,2026-10-16,T+30,14771,3243,18014,2026-09-16T02:53:02.746Z,FALSE,"",10:45,FALSE
fare_DEL-BLR_6E_2026-10-16_T+30_1789528445701_r28j,DEL-BLR,EaseMyTrip,6E,6E-2589,2026-10-16,T+30,15086,3311,18397,2026-09-16T02:53:02.746Z,FALSE,"",15:05,FALSE
fare_DEL-BLR_IX_2026-10-16_T+30_1789528445701_svhu,DEL-BLR,EaseMyTrip,IX,IX-1012,2026-10-16,T+30,16735,3674,20409,2026-09-16T02:53:02.746Z,TRUE,"High outlier: ₹20409 > upper fence ₹19587 (Q3: ₹13881, IQR: ₹3804)",06:50,FALSE
fare_DEL-BLR_IX_2026-10-16_T+30_1789528445701_8iv6,DEL-BLR,EaseMyTrip,IX,IX-1054,2026-10-16,T+30,18393,4038,22431,2026-09-16T02:53:02.746Z,TRUE,"High outlier: ₹22431 > upper fence ₹19587 (Q3: ₹13881, IQR: ₹3804)",12:05,FALSE
fare_DEL-BLR_AI_2026-10-16_T+30_1789528445701_kfij,DEL-BLR,EaseMyTrip,AI,AI-2519,2026-10-16,T+30,18065,3966,22031,2026-09-16T02:53:02.746Z,TRUE,"High outlier: ₹22031 > upper fence ₹19587 (Q3: ₹13881, IQR: ₹3804)",15:30,FALSE
fare_DEL-BLR_IX_2026-10-16_T+30_1789528445701_ikyu,DEL-BLR,EaseMyTrip,IX,IX-1032,2026-10-16,T+30,18770,4120,22890,2026-09-16T02:53:02.746Z,TRUE,"High outlier: ₹22890 > upper fence ₹19587 (Q3: ₹13881, IQR: ₹3804)",05:45,FALSE
fare_DEL-BLR_AI_2026-10-16_T+30_1789528445701_xdnx,DEL-BLR,EaseMyTrip,AI,AI-2879,2026-10-16,T+30,18592,4081,22673,2026-09-16T02:53:02.746Z,TRUE,"High outlier: ₹22673 > upper fence ₹19587 (Q3: ₹13881, IQR: ₹3804)",18:00,FALSE
fare_DEL-BLR_IX_2026-10-16_T+30_1789528445701_c7ju,DEL-BLR,EaseMyTrip,IX,IX-1085,2026-10-16,T+30,19140,4202,23342,2026-09-16T02:53:02.746Z,TRUE,"High outlier: ₹23342 > upper fence ₹19587 (Q3: ₹13881, IQR: ₹3804)",12:55,FALSE
fare_DEL-BLR_IX_2026-10-16_T+30_1789528445701_a2m6,DEL-BLR,EaseMyTrip,IX,IX-1035,2026-10-16,T+30,19503,4281,23784,2026-09-16T02:53:02.746Z,TRUE,"High outlier: ₹23784 > upper fence ₹19587 (Q3: ₹13881, IQR: ₹3804)",07:30,FALSE
fare_DEL-BLR_IX_2026-10-16_T+30_1789528445701_fnuu,DEL-BLR,EaseMyTrip,IX,IX-1069,2026-10-16,T+30,19700,4324,24024,2026-09-16T02:53:02.746Z,TRUE,"High outlier: ₹24024 > upper fence ₹19587 (Q3: ₹13881, IQR: ₹3804)",10:45,FALSE
fare_DEL-BLR_6E_2026-10-16_T+30_1789528445701_iu0v,DEL-BLR,EaseMyTrip,6E,6E-372,2026-10-16,T+30,26939,5914,32853,2026-09-16T02:53:02.746Z,TRUE,"High outlier: ₹32853 > upper fence ₹19587 (Q3: ₹13881, IQR: ₹3804)",08:30,FALSE
fare_DEL-BLR_6E_2026-10-16_T+30_1789528445701_6t8q,DEL-BLR,EaseMyTrip,6E,6E-730,2026-10-16,T+30,26939,5914,32853,2026-09-16T02:53:02.746Z,TRUE,"High outlier: ₹32853 > upper fence ₹19587 (Q3: ₹13881, IQR: ₹3804)",08:30,FALSE
fare_DEL-BLR_6E_2026-10-16_T+30_1789528445701_fmnj,DEL-BLR,EaseMyTrip,6E,6E-5191,2026-10-16,T+30,28317,6216,34533,2026-09-16T02:53:02.746Z,TRUE,"High outlier: ₹34533 > upper fence ₹19587 (Q3: ₹13881, IQR: ₹3804)",05:00,FALSE
fare_DEL-BLR_AI_2026-10-16_T+30_1789528445701_392a,DEL-BLR,EaseMyTrip,AI,AI-2513,2026-10-16,T+30,34247,7518,41765,2026-09-16T02:53:02.746Z,TRUE,"High outlier: ₹41765 > upper fence ₹19587 (Q3: ₹13881, IQR: ₹3804)",12:10,FALSE
fare_DEL-BLR_IX_2026-10-31_T+45_1789528445701_ij49,DEL-BLR,EaseMyTrip,IX,IX-1392,2026-10-31,T+45,7604,1669,9273,2026-09-16T02:53:08.406Z,FALSE,"",12:30,FALSE
fare_DEL-BLR_SG_2026-10-31_T+45_1789528445701_47kw,DEL-BLR,EaseMyTrip,SG,SG-589,2026-10-31,T+45,7660,1682,9342,2026-09-16T02:53:08.406Z,FALSE,"",20:50,TRUE
fare_DEL-BLR_SG_2026-10-31_T+45_1789528445701_5zce,DEL-BLR,EaseMyTrip,SG,SG-651,2026-10-31,T+45,7660,1682,9342,2026-09-16T02:53:08.406Z,FALSE,"",20:50,TRUE
fare_DEL-BLR_SG_2026-10-31_T+45_1789528445701_08ke,DEL-BLR,EaseMyTrip,SG,SG-307,2026-10-31,T+45,7660,1682,9342,2026-09-16T02:53:08.406Z,FALSE,"",06:30,TRUE
fare_DEL-BLR_SG_2026-10-31_T+45_1789528445701_cagt,DEL-BLR,EaseMyTrip,SG,SG-146,2026-10-31,T+45,7660,1682,9342,2026-09-16T02:53:08.406Z,FALSE,"",06:30,TRUE
fare_DEL-BLR_QP_2026-10-31_T+45_1789528445701_pect,DEL-BLR,EaseMyTrip,QP,QP-1827,2026-10-31,T+45,8084,1775,9859,2026-09-16T02:53:08.406Z,FALSE,"",19:55,TRUE
fare_DEL-BLR_QP_2026-10-31_T+45_1789528445701_bavz,DEL-BLR,EaseMyTrip,QP,QP-1302,2026-10-31,T+45,8084,1775,9859,2026-09-16T02:53:08.406Z,FALSE,"",08:40,TRUE
fare_DEL-BLR_QP_2026-10-31_T+45_1789528445701_vws0,DEL-BLR,EaseMyTrip,QP,QP-1824,2026-10-31,T+45,8084,1775,9859,2026-09-16T02:53:08.406Z,FALSE,"",18:10,TRUE
fare_DEL-BLR_QP_2026-10-31_T+45_1789528445701_l9vp,DEL-BLR,EaseMyTrip,QP,QP-1812,2026-10-31,T+45,8084,1775,9859,2026-09-16T02:53:08.406Z,FALSE,"",22:55,TRUE
fare_DEL-BLR_6E_2026-10-31_T+45_1789528445701_b7cb,DEL-BLR,EaseMyTrip,6E,6E-5116,2026-10-31,T+45,8091,1776,9867,2026-09-16T02:53:08.406Z,FALSE,"",17:15,FALSE
fare_DEL-BLR_6E_2026-10-31_T+45_1789528445701_6w8k,DEL-BLR,EaseMyTrip,6E,6E-2402,2026-10-31,T+45,8091,1776,9867,2026-09-16T02:53:08.406Z,FALSE,"",06:30,FALSE
fare_DEL-BLR_6E_2026-10-31_T+45_1789528445701_j76b,DEL-BLR,EaseMyTrip,6E,6E-2177,2026-10-31,T+45,8091,1776,9867,2026-09-16T02:53:08.406Z,FALSE,"",18:50,FALSE
fare_DEL-BLR_IX_2026-10-31_T+45_1789528445701_qee9,DEL-BLR,EaseMyTrip,IX,IX-1261,2026-10-31,T+45,8486,1863,10349,2026-09-16T02:53:08.406Z,FALSE,"",07:30,TRUE
fare_DEL-BLR_IX_2026-10-31_T+45_1789528445701_wcx9,DEL-BLR,EaseMyTrip,IX,IX-1071,2026-10-31,T+45,8486,1863,10349,2026-09-16T02:53:08.406Z,FALSE,"",20:50,TRUE
fare_DEL-BLR_IX_2026-10-31_T+45_1789528445701_63go,DEL-BLR,EaseMyTrip,IX,IX-1473,2026-10-31,T+45,8312,1825,10137,2026-09-16T02:53:08.406Z,FALSE,"",05:15,FALSE
fare_DEL-BLR_6E_2026-10-31_T+45_1789528445701_63w0,DEL-BLR,EaseMyTrip,6E,6E-7646,2026-10-31,T+45,8148,1788,9936,2026-09-16T02:53:08.406Z,FALSE,"",06:20,FALSE
fare_DEL-BLR_6E_2026-10-31_T+45_1789528445702_vyd3,DEL-BLR,EaseMyTrip,6E,6E-6217,2026-10-31,T+45,8156,1790,9946,2026-09-16T02:53:08.406Z,FALSE,"",16:15,FALSE
fare_DEL-BLR_6E_2026-10-31_T+45_1789528445702_6bo7,DEL-BLR,EaseMyTrip,6E,6E-487,2026-10-31,T+45,8156,1790,9946,2026-09-16T02:53:08.406Z,FALSE,"",18:15,FALSE
fare_DEL-BLR_6E_2026-10-31_T+45_1789528445702_vdd2,DEL-BLR,EaseMyTrip,6E,6E-758,2026-10-31,T+45,8156,1790,9946,2026-09-16T02:53:08.406Z,FALSE,"",18:15,FALSE
fare_DEL-BLR_6E_2026-10-31_T+45_1789528445702_lnrk,DEL-BLR,EaseMyTrip,6E,6E-6293,2026-10-31,T+45,8156,1790,9946,2026-09-16T02:53:08.406Z,FALSE,"",10:00,FALSE
fare_DEL-BLR_6E_2026-10-31_T+45_1789528445702_c6c9,DEL-BLR,EaseMyTrip,6E,6E-2303,2026-10-31,T+45,8156,1790,9946,2026-09-16T02:53:08.406Z,FALSE,"",05:15,FALSE
fare_DEL-BLR_6E_2026-10-31_T+45_1789528445702_mwmf,DEL-BLR,EaseMyTrip,6E,6E-5058,2026-10-31,T+45,8156,1790,9946,2026-09-16T02:53:08.406Z,FALSE,"",13:30,FALSE
fare_DEL-BLR_IX_2026-10-31_T+45_1789528445702_lqzc,DEL-BLR,EaseMyTrip,IX,IX-1371,2026-10-31,T+45,8536,1874,10410,2026-09-16T02:53:08.406Z,FALSE,"",14:55,FALSE
fare_DEL-BLR_6E_2026-10-31_T+45_1789528445702_l3a5,DEL-BLR,EaseMyTrip,6E,6E-894,2026-10-31,T+45,8239,1809,10048,2026-09-16T02:53:08.406Z,FALSE,"",02:45,TRUE
fare_DEL-BLR_6E_2026-10-31_T+45_1789528445702_6bpk,DEL-BLR,EaseMyTrip,6E,6E-211,2026-10-31,T+45,8239,1809,10048,2026-09-16T02:53:08.406Z,FALSE,"",02:45,TRUE
fare_DEL-BLR_6E_2026-10-31_T+45_1789528445702_ohro,DEL-BLR,EaseMyTrip,6E,6E-6515,2026-10-31,T+45,8239,1809,10048,2026-09-16T02:53:08.406Z,FALSE,"",20:45,TRUE
fare_DEL-BLR_6E_2026-10-31_T+45_1789528445702_ti3o,DEL-BLR,EaseMyTrip,6E,6E-289,2026-10-31,T+45,8239,1809,10048,2026-09-16T02:53:08.406Z,FALSE,"",15:45,TRUE
fare_DEL-BLR_6E_2026-10-31_T+45_1789528445702_4w24,DEL-BLR,EaseMyTrip,6E,6E-509,2026-10-31,T+45,8239,1809,10048,2026-09-16T02:53:08.406Z,FALSE,"",15:45,TRUE
fare_DEL-BLR_6E_2026-10-31_T+45_1789528445702_m0z1,DEL-BLR,EaseMyTrip,6E,6E-2329,2026-10-31,T+45,8239,1809,10048,2026-09-16T02:53:08.406Z,FALSE,"",14:30,TRUE
fare_DEL-BLR_6E_2026-10-31_T+45_1789528445702_kvn1,DEL-BLR,EaseMyTrip,6E,6E-784,2026-10-31,T+45,8239,1809,10048,2026-09-16T02:53:08.406Z,FALSE,"",17:00,TRUE
fare_DEL-BLR_6E_2026-10-31_T+45_1789528445702_23u7,DEL-BLR,EaseMyTrip,6E,6E-151,2026-10-31,T+45,8239,1809,10048,2026-09-16T02:53:08.406Z,FALSE,"",17:00,TRUE
fare_DEL-BLR_6E_2026-10-31_T+45_1789528445702_ifn2,DEL-BLR,EaseMyTrip,6E,6E-167,2026-10-31,T+45,8239,1809,10048,2026-09-16T02:53:08.406Z,FALSE,"",12:00,TRUE
fare_DEL-BLR_6E_2026-10-31_T+45_1789528445702_x2u8,DEL-BLR,EaseMyTrip,6E,6E-203,2026-10-31,T+45,8239,1809,10048,2026-09-16T02:53:08.406Z,FALSE,"",12:00,TRUE
fare_DEL-BLR_6E_2026-10-31_T+45_1789528445702_z132,DEL-BLR,EaseMyTrip,6E,6E-929,2026-10-31,T+45,8239,1809,10048,2026-09-16T02:53:08.406Z,FALSE,"",10:45,TRUE
fare_DEL-BLR_6E_2026-10-31_T+45_1789528445702_ghnb,DEL-BLR,EaseMyTrip,6E,6E-918,2026-10-31,T+45,8239,1809,10048,2026-09-16T02:53:08.406Z,FALSE,"",10:45,TRUE
fare_DEL-BLR_6E_2026-10-31_T+45_1789528445702_c2y4,DEL-BLR,EaseMyTrip,6E,6E-2519,2026-10-31,T+45,8239,1809,10048,2026-09-16T02:53:08.406Z,FALSE,"",10:25,TRUE
fare_DEL-BLR_6E_2026-10-31_T+45_1789528445702_2urk,DEL-BLR,EaseMyTrip,6E,6E-179,2026-10-31,T+45,8239,1809,10048,2026-09-16T02:53:08.406Z,FALSE,"",09:30,TRUE
fare_DEL-BLR_6E_2026-10-31_T+45_1789528445702_6a7i,DEL-BLR,EaseMyTrip,6E,6E-397,2026-10-31,T+45,8239,1809,10048,2026-09-16T02:53:08.406Z,FALSE,"",09:30,TRUE
fare_DEL-BLR_6E_2026-10-31_T+45_1789528445702_2eih,DEL-BLR,EaseMyTrip,6E,6E-553,2026-10-31,T+45,8239,1809,10048,2026-09-16T02:53:08.406Z,FALSE,"",08:15,TRUE
fare_DEL-BLR_6E_2026-10-31_T+45_1789528445702_t3gk,DEL-BLR,EaseMyTrip,6E,6E-591,2026-10-31,T+45,8239,1809,10048,2026-09-16T02:53:08.406Z,FALSE,"",08:15,TRUE
fare_DEL-BLR_6E_2026-10-31_T+45_1789528445702_5e4m,DEL-BLR,EaseMyTrip,6E,6E-534,2026-10-31,T+45,8239,1809,10048,2026-09-16T02:53:08.406Z,FALSE,"",06:45,TRUE
fare_DEL-BLR_6E_2026-10-31_T+45_1789528445702_bcbd,DEL-BLR,EaseMyTrip,6E,6E-293,2026-10-31,T+45,8239,1809,10048,2026-09-16T02:53:08.406Z,FALSE,"",06:45,TRUE
fare_DEL-BLR_6E_2026-10-31_T+45_1789528445702_18jy,DEL-BLR,EaseMyTrip,6E,6E-2314,2026-10-31,T+45,8239,1809,10048,2026-09-16T02:53:08.406Z,FALSE,"",05:45,TRUE
fare_DEL-BLR_6E_2026-10-31_T+45_1789528445702_qbr2,DEL-BLR,EaseMyTrip,6E,6E-494,2026-10-31,T+45,8263,1814,10077,2026-09-16T02:53:08.406Z,FALSE,"",07:05,FALSE
fare_DEL-BLR_6E_2026-10-31_T+45_1789528445702_nv6d,DEL-BLR,EaseMyTrip,6E,6E-166,2026-10-31,T+45,8263,1814,10077,2026-09-16T02:53:08.406Z,FALSE,"",07:05,FALSE
fare_DEL-BLR_6E_2026-10-31_T+45_1789528445702_6i61,DEL-BLR,EaseMyTrip,6E,6E-6868,2026-10-31,T+45,8263,1814,10077,2026-09-16T02:53:08.406Z,FALSE,"",12:20,FALSE
fare_DEL-BLR_6E_2026-10-31_T+45_1789528445702_024d,DEL-BLR,EaseMyTrip,6E,6E-6446,2026-10-31,T+45,8263,1814,10077,2026-09-16T02:53:08.406Z,FALSE,"",05:05,FALSE
fare_DEL-BLR_6E_2026-10-31_T+45_1789528445702_tsg2,DEL-BLR,EaseMyTrip,6E,6E-2343,2026-10-31,T+45,8263,1814,10077,2026-09-16T02:53:08.406Z,FALSE,"",02:15,FALSE
fare_DEL-BLR_6E_2026-10-31_T+45_1789528445702_uofn,DEL-BLR,EaseMyTrip,6E,6E-2105,2026-10-31,T+45,8263,1814,10077,2026-09-16T02:53:08.406Z,FALSE,"",05:10,FALSE
fare_DEL-BLR_6E_2026-10-31_T+45_1789528445702_3noh,DEL-BLR,EaseMyTrip,6E,6E-6488,2026-10-31,T+45,8263,1814,10077,2026-09-16T02:53:08.406Z,FALSE,"",12:05,FALSE
fare_DEL-BLR_6E_2026-10-31_T+45_1789528445702_91f7,DEL-BLR,EaseMyTrip,6E,6E-6878,2026-10-31,T+45,8263,1814,10077,2026-09-16T02:53:08.406Z,FALSE,"",07:30,FALSE
fare_DEL-BLR_6E_2026-10-31_T+45_1789528445702_4rqa,DEL-BLR,EaseMyTrip,6E,6E-791,2026-10-31,T+45,8328,1828,10156,2026-09-16T02:53:08.406Z,FALSE,"",06:30,FALSE
fare_DEL-BLR_6E_2026-10-31_T+45_1789528445702_qqpx,DEL-BLR,EaseMyTrip,6E,6E-630,2026-10-31,T+45,8328,1828,10156,2026-09-16T02:53:08.406Z,FALSE,"",06:30,FALSE
fare_DEL-BLR_6E_2026-10-31_T+45_1789528445702_qpyj,DEL-BLR,EaseMyTrip,6E,6E-2150,2026-10-31,T+45,8328,1828,10156,2026-09-16T02:53:08.406Z,FALSE,"",17:05,FALSE
fare_DEL-BLR_6E_2026-10-31_T+45_1789528445702_4j3d,DEL-BLR,EaseMyTrip,6E,6E-6131,2026-10-31,T+45,8328,1828,10156,2026-09-16T02:53:08.406Z,FALSE,"",21:10,FALSE
fare_DEL-BLR_6E_2026-10-31_T+45_1789528445702_dvjw,DEL-BLR,EaseMyTrip,6E,6E-2140,2026-10-31,T+45,8328,1828,10156,2026-09-16T02:53:08.406Z,FALSE,"",17:30,FALSE
fare_DEL-BLR_6E_2026-10-31_T+45_1789528445702_jvmi,DEL-BLR,EaseMyTrip,6E,6E-6115,2026-10-31,T+45,8328,1828,10156,2026-09-16T02:53:08.406Z,FALSE,"",13:00,FALSE
fare_DEL-BLR_6E_2026-10-31_T+45_1789528445702_860g,DEL-BLR,EaseMyTrip,6E,6E-981,2026-10-31,T+45,8328,1828,10156,2026-09-16T02:53:08.406Z,FALSE,"",10:40,FALSE
fare_DEL-BLR_6E_2026-10-31_T+45_1789528445702_m12p,DEL-BLR,EaseMyTrip,6E,6E-461,2026-10-31,T+45,8328,1828,10156,2026-09-16T02:53:08.406Z,FALSE,"",10:40,FALSE
fare_DEL-BLR_6E_2026-10-31_T+45_1789528445702_kmyj,DEL-BLR,EaseMyTrip,6E,6E-2336,2026-10-31,T+45,8328,1828,10156,2026-09-16T02:53:08.406Z,FALSE,"",16:15,FALSE
fare_DEL-BLR_6E_2026-10-31_T+45_1789528445702_h1km,DEL-BLR,EaseMyTrip,6E,6E-6076,2026-10-31,T+45,8328,1828,10156,2026-09-16T02:53:08.406Z,FALSE,"",15:45,FALSE
fare_DEL-BLR_6E_2026-10-31_T+45_1789528445702_cnk0,DEL-BLR,EaseMyTrip,6E,6E-6091,2026-10-31,T+45,8328,1828,10156,2026-09-16T02:53:08.406Z,FALSE,"",15:00,FALSE
fare_DEL-BLR_AI_2026-10-31_T+45_1789528445702_v6wg,DEL-BLR,EaseMyTrip,AI,AI-2757,2026-10-31,T+45,8496,1865,10361,2026-09-16T02:53:08.406Z,FALSE,"",00:15,TRUE
fare_DEL-BLR_AI_2026-10-31_T+45_1789528445702_he0h,DEL-BLR,EaseMyTrip,AI,AI-2409,2026-10-31,T+45,8496,1865,10361,2026-09-16T02:53:08.406Z,FALSE,"",06:00,TRUE
fare_DEL-BLR_AI_2026-10-31_T+45_1789528445702_1vlc,DEL-BLR,EaseMyTrip,AI,AI-2809,2026-10-31,T+45,8496,1865,10361,2026-09-16T02:53:08.406Z,FALSE,"",20:30,TRUE
fare_DEL-BLR_AI_2026-10-31_T+45_1789528445702_cfue,DEL-BLR,EaseMyTrip,AI,AI-2412,2026-10-31,T+45,8496,1865,10361,2026-09-16T02:53:08.406Z,FALSE,"",21:30,TRUE
fare_DEL-BLR_6E_2026-10-31_T+45_1789528445702_19dh,DEL-BLR,EaseMyTrip,6E,6E-2771,2026-10-31,T+45,8435,1852,10287,2026-09-16T02:53:08.406Z,FALSE,"",16:20,FALSE
fare_DEL-BLR_6E_2026-10-31_T+45_1789528445702_t0ld,DEL-BLR,EaseMyTrip,6E,6E-5373,2026-10-31,T+45,8435,1852,10287,2026-09-16T02:53:08.406Z,FALSE,"",20:20,FALSE
fare_DEL-BLR_6E_2026-10-31_T+45_1789528445702_qex1,DEL-BLR,EaseMyTrip,6E,6E-6073,2026-10-31,T+45,8435,1852,10287,2026-09-16T02:53:08.406Z,FALSE,"",05:15,FALSE
fare_DEL-BLR_6E_2026-10-31_T+45_1789528445702_jlcn,DEL-BLR,EaseMyTrip,6E,6E-2296,2026-10-31,T+45,8435,1852,10287,2026-09-16T02:53:08.406Z,FALSE,"",09:30,FALSE
fare_DEL-BLR_6E_2026-10-31_T+45_1789528445702_xj0d,DEL-BLR,EaseMyTrip,6E,6E-6347,2026-10-31,T+45,8435,1852,10287,2026-09-16T02:53:08.406Z,FALSE,"",14:35,FALSE
fare_DEL-BLR_6E_2026-10-31_T+45_1789528445702_k5dw,DEL-BLR,EaseMyTrip,6E,6E-2045,2026-10-31,T+45,8457,1857,10314,2026-09-16T02:53:08.406Z,FALSE,"",20:05,FALSE
fare_DEL-BLR_AI_2026-10-31_T+45_1789528445702_6vb7,DEL-BLR,EaseMyTrip,AI,AI-427,2026-10-31,T+45,8642,1897,10539,2026-09-16T02:53:08.406Z,FALSE,"",08:35,TRUE
fare_DEL-BLR_6E_2026-10-31_T+45_1789528445702_zhxe,DEL-BLR,EaseMyTrip,6E,6E-617,2026-10-31,T+45,8486,1863,10349,2026-09-16T02:53:08.406Z,FALSE,"",23:30,TRUE
fare_DEL-BLR_6E_2026-10-31_T+45_1789528445702_jbbw,DEL-BLR,EaseMyTrip,6E,6E-885,2026-10-31,T+45,8486,1863,10349,2026-09-16T02:53:08.406Z,FALSE,"",23:30,TRUE
fare_DEL-BLR_6E_2026-10-31_T+45_1789528445702_q7eh,DEL-BLR,EaseMyTrip,6E,6E-580,2026-10-31,T+45,8486,1863,10349,2026-09-16T02:53:08.406Z,FALSE,"",22:00,TRUE
fare_DEL-BLR_6E_2026-10-31_T+45_1789528445702_38ly,DEL-BLR,EaseMyTrip,6E,6E-191,2026-10-31,T+45,8486,1863,10349,2026-09-16T02:53:08.406Z,FALSE,"",22:00,TRUE
fare_DEL-BLR_6E_2026-10-31_T+45_1789528445702_qmr6,DEL-BLR,EaseMyTrip,6E,6E-247,2026-10-31,T+45,8486,1863,10349,2026-09-16T02:53:08.406Z,FALSE,"",19:30,TRUE
fare_DEL-BLR_6E_2026-10-31_T+45_1789528445702_rujg,DEL-BLR,EaseMyTrip,6E,6E-775,2026-10-31,T+45,8486,1863,10349,2026-09-16T02:53:08.406Z,FALSE,"",19:30,TRUE
fare_DEL-BLR_6E_2026-10-31_T+45_1789528445702_y0rh,DEL-BLR,EaseMyTrip,6E,6E-408,2026-10-31,T+45,8486,1863,10349,2026-09-16T02:53:08.406Z,FALSE,"",18:15,TRUE
fare_DEL-BLR_6E_2026-10-31_T+45_1789528445702_t8g6,DEL-BLR,EaseMyTrip,6E,6E-751,2026-10-31,T+45,8486,1863,10349,2026-09-16T02:53:08.406Z,FALSE,"",18:15,TRUE
fare_DEL-BLR_6E_2026-10-31_T+45_1789528445702_p01b,DEL-BLR,EaseMyTrip,6E,6E-2591,2026-10-31,T+45,8505,1867,10372,2026-09-16T02:53:08.406Z,FALSE,"",14:35,FALSE
fare_DEL-BLR_6E_2026-10-31_T+45_1789528445702_d7q5,DEL-BLR,EaseMyTrip,6E,6E-7653,2026-10-31,T+45,8560,1879,10439,2026-09-16T02:53:08.406Z,FALSE,"",15:50,FALSE
fare_DEL-BLR_IX_2026-10-31_T+45_1789528445702_ud85,DEL-BLR,EaseMyTrip,IX,IX-1525,2026-10-31,T+45,8881,1950,10831,2026-09-16T02:53:08.406Z,FALSE,"",08:40,TRUE
fare_DEL-BLR_AI_2026-10-31_T+45_1789528445702_18wy,DEL-BLR,EaseMyTrip,AI,AI-2415,2026-10-31,T+45,8743,1919,10662,2026-09-16T02:53:08.406Z,FALSE,"",09:30,TRUE
fare_DEL-BLR_AI_2026-10-31_T+45_1789528445702_cvpb,DEL-BLR,EaseMyTrip,AI,AI-2513,2026-10-31,T+45,8743,1919,10662,2026-09-16T02:53:08.406Z,FALSE,"",13:00,TRUE
fare_DEL-BLR_AI_2026-10-31_T+45_1789528445702_h6ec,DEL-BLR,EaseMyTrip,AI,AI-2512,2026-10-31,T+45,8743,1919,10662,2026-09-16T02:53:08.406Z,FALSE,"",19:30,TRUE
fare_DEL-BLR_AI_2026-10-31_T+45_1789528445702_z05j,DEL-BLR,EaseMyTrip,AI,AI-2515,2026-10-31,T+45,8743,1919,10662,2026-09-16T02:53:08.406Z,FALSE,"",22:00,TRUE
fare_DEL-BLR_6E_2026-10-31_T+45_1789528445702_7c48,DEL-BLR,EaseMyTrip,6E,6E-7643,2026-10-31,T+45,8677,1905,10582,2026-09-16T02:53:08.406Z,FALSE,"",16:45,FALSE
fare_DEL-BLR_AI_2026-10-31_T+45_1789528445702_ur5d,DEL-BLR,EaseMyTrip,AI,AI-2417,2026-10-31,T+45,8860,1945,10805,2026-09-16T02:53:08.406Z,FALSE,"",12:00,TRUE
fare_DEL-BLR_6E_2026-10-31_T+45_1789528445702_b2ua,DEL-BLR,EaseMyTrip,6E,6E-5175,2026-10-31,T+45,8853,1943,10796,2026-09-16T02:53:08.406Z,FALSE,"",12:55,FALSE
fare_DEL-BLR_6E_2026-10-31_T+45_1789528445702_my10,DEL-BLR,EaseMyTrip,6E,6E-2571,2026-10-31,T+45,8853,1943,10796,2026-09-16T02:53:08.406Z,FALSE,"",15:35,FALSE
fare_DEL-BLR_6E_2026-10-31_T+45_1789528445702_mtzq,DEL-BLR,EaseMyTrip,6E,6E-688,2026-10-31,T+45,8877,1949,10826,2026-09-16T02:53:08.406Z,FALSE,"",13:15,TRUE
fare_DEL-BLR_6E_2026-10-31_T+45_1789528445702_5e42,DEL-BLR,EaseMyTrip,6E,6E-822,2026-10-31,T+45,8877,1949,10826,2026-09-16T02:53:08.406Z,FALSE,"",13:15,TRUE
fare_DEL-BLR_AI_2026-10-31_T+45_1789528445702_es18,DEL-BLR,EaseMyTrip,AI,AI-2485,2026-10-31,T+45,9043,1985,11028,2026-09-16T02:53:08.406Z,FALSE,"",11:00,TRUE
fare_DEL-BLR_IX_2026-10-31_T+45_1789528445702_xmw7,DEL-BLR,EaseMyTrip,IX,IX-1196,2026-10-31,T+45,9155,2010,11165,2026-09-16T02:53:08.406Z,FALSE,"",18:35,FALSE
fare_DEL-BLR_SG_2026-10-31_T+45_1789528445702_bffc,DEL-BLR,EaseMyTrip,SG,SG-279,2026-10-31,T+45,9197,2019,11216,2026-09-16T02:53:08.406Z,FALSE,"",19:00,FALSE
fare_DEL-BLR_SG_2026-10-31_T+45_1789528445702_fyix,DEL-BLR,EaseMyTrip,SG,SG-735,2026-10-31,T+45,9197,2019,11216,2026-09-16T02:53:08.406Z,FALSE,"",19:00,FALSE
fare_DEL-BLR_SG_2026-10-31_T+45_1789528445702_ognh,DEL-BLR,EaseMyTrip,SG,SG-538,2026-10-31,T+45,9197,2019,11216,2026-09-16T02:53:08.406Z,FALSE,"",17:10,FALSE
fare_DEL-BLR_SG_2026-10-31_T+45_1789528445702_bpje,DEL-BLR,EaseMyTrip,SG,SG-579,2026-10-31,T+45,9197,2019,11216,2026-09-16T02:53:08.406Z,FALSE,"",17:10,FALSE
fare_DEL-BLR_SG_2026-10-31_T+45_1789528445702_o9uv,DEL-BLR,EaseMyTrip,SG,SG-344,2026-10-31,T+45,9197,2019,11216,2026-09-16T02:53:08.406Z,FALSE,"",09:50,FALSE
fare_DEL-BLR_SG_2026-10-31_T+45_1789528445702_fxys,DEL-BLR,EaseMyTrip,SG,SG-309,2026-10-31,T+45,9197,2019,11216,2026-09-16T02:53:08.406Z,FALSE,"",09:50,FALSE
fare_DEL-BLR_SG_2026-10-31_T+45_1789528445702_z258,DEL-BLR,EaseMyTrip,SG,SG-987,2026-10-31,T+45,9197,2019,11216,2026-09-16T02:53:08.406Z,FALSE,"",06:30,FALSE
fare_DEL-BLR_SG_2026-10-31_T+45_1789528445702_9att,DEL-BLR,EaseMyTrip,SG,SG-224,2026-10-31,T+45,9197,2019,11216,2026-09-16T02:53:08.406Z,FALSE,"",06:30,FALSE
fare_DEL-BLR_SG_2026-10-31_T+45_1789528445702_r5os,DEL-BLR,EaseMyTrip,SG,SG-634,2026-10-31,T+45,9197,2019,11216,2026-09-16T02:53:08.406Z,FALSE,"",05:45,FALSE
fare_DEL-BLR_SG_2026-10-31_T+45_1789528445702_j8r9,DEL-BLR,EaseMyTrip,SG,SG-684,2026-10-31,T+45,9197,2019,11216,2026-09-16T02:53:08.406Z,FALSE,"",05:45,FALSE
fare_DEL-BLR_SG_2026-10-31_T+45_1789528445702_qlay,DEL-BLR,EaseMyTrip,SG,SG-953,2026-10-31,T+45,9197,2019,11216,2026-09-16T02:53:08.406Z,FALSE,"",09:50,FALSE
fare_DEL-BLR_SG_2026-10-31_T+45_1789528445702_wi6s,DEL-BLR,EaseMyTrip,SG,SG-699,2026-10-31,T+45,9197,2019,11216,2026-09-16T02:53:08.406Z,FALSE,"",09:50,FALSE
fare_DEL-BLR_SG_2026-10-31_T+45_1789528445702_mc22,DEL-BLR,EaseMyTrip,SG,SG-653,2026-10-31,T+45,9197,2019,11216,2026-09-16T02:53:08.406Z,FALSE,"",06:30,FALSE
fare_DEL-BLR_SG_2026-10-31_T+45_1789528445702_v7hd,DEL-BLR,EaseMyTrip,SG,SG-585,2026-10-31,T+45,9197,2019,11216,2026-09-16T02:53:08.406Z,FALSE,"",06:30,FALSE
fare_DEL-BLR_SG_2026-10-31_T+45_1789528445702_663g,DEL-BLR,EaseMyTrip,SG,SG-711,2026-10-31,T+45,9197,2019,11216,2026-09-16T02:53:08.406Z,FALSE,"",05:45,FALSE
fare_DEL-BLR_SG_2026-10-31_T+45_1789528445702_yf46,DEL-BLR,EaseMyTrip,SG,SG-259,2026-10-31,T+45,9197,2019,11216,2026-09-16T02:53:08.406Z,FALSE,"",05:45,FALSE
fare_DEL-BLR_6E_2026-10-31_T+45_1789528445702_9nh9,DEL-BLR,EaseMyTrip,6E,6E-2411,2026-10-31,T+45,8963,1967,10930,2026-09-16T02:53:08.406Z,FALSE,"",07:15,FALSE
fare_DEL-BLR_AI_2026-10-31_T+45_1789528445702_4x57,DEL-BLR,EaseMyTrip,AI,AI-2487,2026-10-31,T+45,9134,2005,11139,2026-09-16T02:53:08.406Z,FALSE,"",18:00,TRUE
fare_DEL-BLR_QP_2026-10-31_T+45_1789528445702_s25c,DEL-BLR,EaseMyTrip,QP,QP-1376,2026-10-31,T+45,9118,2002,11120,2026-09-16T02:53:08.406Z,FALSE,"",14:50,TRUE
fare_DEL-BLR_6E_2026-10-31_T+45_1789528445702_owti,DEL-BLR,EaseMyTrip,6E,6E-2589,2026-10-31,T+45,9197,2019,11216,2026-09-16T02:53:08.406Z,FALSE,"",16:35,FALSE
fare_DEL-BLR_6E_2026-10-31_T+45_1789528445702_axrs,DEL-BLR,EaseMyTrip,6E,6E-2456,2026-10-31,T+45,9289,2039,11328,2026-09-16T02:53:08.406Z,FALSE,"",14:30,TRUE
fare_DEL-BLR_AI_2026-10-31_T+45_1789528445702_hnvf,DEL-BLR,EaseMyTrip,AI,AI-2545,2026-10-31,T+45,9698,2129,11827,2026-09-16T02:53:08.406Z,FALSE,"",11:00,FALSE
fare_DEL-BLR_AI_2026-10-31_T+45_1789528445702_qkq4,DEL-BLR,EaseMyTrip,AI,AI-2577,2026-10-31,T+45,9698,2129,11827,2026-09-16T02:53:08.406Z,FALSE,"",06:00,FALSE
fare_DEL-BLR_SG_2026-10-31_T+45_1789528445702_erm2,DEL-BLR,EaseMyTrip,SG,SG-870,2026-10-31,T+45,9985,2192,12177,2026-09-16T02:53:08.406Z,FALSE,"",21:00,FALSE
fare_DEL-BLR_SG_2026-10-31_T+45_1789528445702_mvuq,DEL-BLR,EaseMyTrip,SG,SG-382,2026-10-31,T+45,9985,2192,12177,2026-09-16T02:53:08.406Z,FALSE,"",21:00,FALSE
fare_DEL-BLR_SG_2026-10-31_T+45_1789528445702_9npq,DEL-BLR,EaseMyTrip,SG,SG-199,2026-10-31,T+45,9985,2192,12177,2026-09-16T02:53:08.406Z,FALSE,"",20:00,FALSE
fare_DEL-BLR_SG_2026-10-31_T+45_1789528445702_yr0n,DEL-BLR,EaseMyTrip,SG,SG-333,2026-10-31,T+45,9985,2192,12177,2026-09-16T02:53:08.406Z,FALSE,"",20:00,FALSE
fare_DEL-BLR_SG_2026-10-31_T+45_1789528445702_iqgt,DEL-BLR,EaseMyTrip,SG,SG-169,2026-10-31,T+45,10107,2218,12325,2026-09-16T02:53:08.406Z,FALSE,"",19:00,FALSE
fare_DEL-BLR_SG_2026-10-31_T+45_1789528445702_ndvu,DEL-BLR,EaseMyTrip,SG,SG-458,2026-10-31,T+45,10107,2218,12325,2026-09-16T02:53:08.406Z,FALSE,"",19:00,FALSE
fare_DEL-BLR_SG_2026-10-31_T+45_1789528445702_jjb0,DEL-BLR,EaseMyTrip,SG,SG-352,2026-10-31,T+45,10107,2218,12325,2026-09-16T02:53:08.406Z,FALSE,"",17:10,FALSE
fare_DEL-BLR_SG_2026-10-31_T+45_1789528445702_tirc,DEL-BLR,EaseMyTrip,SG,SG-715,2026-10-31,T+45,10107,2218,12325,2026-09-16T02:53:08.406Z,FALSE,"",17:10,FALSE
fare_DEL-BLR_SG_2026-10-31_T+45_1789528445702_88w6,DEL-BLR,EaseMyTrip,SG,SG-353,2026-10-31,T+45,10107,2218,12325,2026-09-16T02:53:08.406Z,FALSE,"",09:50,FALSE
fare_DEL-BLR_SG_2026-10-31_T+45_1789528445702_42i9,DEL-BLR,EaseMyTrip,SG,SG-854,2026-10-31,T+45,10107,2218,12325,2026-09-16T02:53:08.406Z,FALSE,"",09:50,FALSE
fare_DEL-BLR_SG_2026-10-31_T+45_1789528445702_bzsx,DEL-BLR,EaseMyTrip,SG,SG-650,2026-10-31,T+45,10107,2218,12325,2026-09-16T02:53:08.406Z,FALSE,"",06:30,FALSE
fare_DEL-BLR_SG_2026-10-31_T+45_1789528445702_7bw5,DEL-BLR,EaseMyTrip,SG,SG-744,2026-10-31,T+45,10107,2218,12325,2026-09-16T02:53:08.406Z,FALSE,"",06:30,FALSE
fare_DEL-BLR_SG_2026-10-31_T+45_1789528445702_xmy3,DEL-BLR,EaseMyTrip,SG,SG-663,2026-10-31,T+45,10107,2218,12325,2026-09-16T02:53:08.406Z,FALSE,"",19:00,FALSE
fare_DEL-BLR_SG_2026-10-31_T+45_1789528445702_3day,DEL-BLR,EaseMyTrip,SG,SG-876,2026-10-31,T+45,10107,2218,12325,2026-09-16T02:53:08.406Z,FALSE,"",19:00,FALSE
fare_DEL-BLR_SG_2026-10-31_T+45_1789528445702_jwea,DEL-BLR,EaseMyTrip,SG,SG-179,2026-10-31,T+45,10107,2218,12325,2026-09-16T02:53:08.406Z,FALSE,"",05:45,FALSE
fare_DEL-BLR_SG_2026-10-31_T+45_1789528445702_s6m1,DEL-BLR,EaseMyTrip,SG,SG-117,2026-10-31,T+45,10107,2218,12325,2026-09-16T02:53:08.406Z,FALSE,"",05:45,FALSE
fare_DEL-BLR_SG_2026-10-31_T+45_1789528445702_q345,DEL-BLR,EaseMyTrip,SG,SG-990,2026-10-31,T+45,10107,2218,12325,2026-09-16T02:53:08.406Z,FALSE,"",17:10,FALSE
fare_DEL-BLR_SG_2026-10-31_T+45_1789528445702_v33s,DEL-BLR,EaseMyTrip,SG,SG-558,2026-10-31,T+45,10107,2218,12325,2026-09-16T02:53:08.406Z,FALSE,"",17:10,FALSE
fare_DEL-BLR_AI_2026-10-31_T+45_1789528445702_3uei,DEL-BLR,EaseMyTrip,AI,AI-2643,2026-10-31,T+45,10252,2250,12502,2026-09-16T02:53:08.406Z,FALSE,"",06:00,FALSE
fare_DEL-BLR_AI_2026-10-31_T+45_1789528445702_r0op,DEL-BLR,EaseMyTrip,AI,AI-2819,2026-10-31,T+45,10620,2331,12951,2026-09-16T02:53:08.406Z,FALSE,"",15:00,TRUE
fare_DEL-BLR_AI_2026-10-31_T+45_1789528445702_o3tb,DEL-BLR,EaseMyTrip,AI,AI-2619,2026-10-31,T+45,10736,2357,13093,2026-09-16T02:53:08.406Z,FALSE,"",19:50,FALSE
fare_DEL-BLR_AI_2026-10-31_T+45_1789528445702_biv2,DEL-BLR,EaseMyTrip,AI,AI-531,2026-10-31,T+45,10736,2357,13093,2026-09-16T02:53:08.406Z,FALSE,"",18:00,FALSE
fare_DEL-BLR_AI_2026-10-31_T+45_1789528445702_8ujf,DEL-BLR,EaseMyTrip,AI,AI-2879,2026-10-31,T+45,10778,2366,13144,2026-09-16T02:53:08.406Z,FALSE,"",18:00,FALSE
fare_DEL-BLR_AI_2026-10-31_T+45_1789528445702_mxdk,DEL-BLR,EaseMyTrip,AI,AI-2449,2026-10-31,T+45,10778,2366,13144,2026-09-16T02:53:08.406Z,FALSE,"",22:00,FALSE
fare_DEL-BLR_SG_2026-10-31_T+45_1789528445702_dxb7,DEL-BLR,EaseMyTrip,SG,SG-500,2026-10-31,T+45,11050,2426,13476,2026-09-16T02:53:08.406Z,FALSE,"",19:00,FALSE
fare_DEL-BLR_SG_2026-10-31_T+45_1789528445702_0o49,DEL-BLR,EaseMyTrip,SG,SG-713,2026-10-31,T+45,11050,2426,13476,2026-09-16T02:53:08.406Z,FALSE,"",19:00,FALSE
fare_DEL-BLR_AI_2026-10-31_T+45_1789528445702_ipn2,DEL-BLR,EaseMyTrip,AI,AI-2899,2026-10-31,T+45,11195,2458,13653,2026-09-16T02:53:08.406Z,FALSE,"",12:30,FALSE
fare_DEL-BLR_AI_2026-10-31_T+45_1789528445702_2qr4,DEL-BLR,EaseMyTrip,AI,AI-2859,2026-10-31,T+45,11195,2458,13653,2026-09-16T02:53:08.406Z,FALSE,"",11:00,FALSE
fare_DEL-BLR_AI_2026-10-31_T+45_1789528445702_qnrs,DEL-BLR,EaseMyTrip,AI,AI-2549,2026-10-31,T+45,11195,2458,13653,2026-09-16T02:53:08.406Z,FALSE,"",19:30,FALSE
fare_DEL-BLR_IX_2026-10-31_T+45_1789528445702_btfd,DEL-BLR,EaseMyTrip,IX,IX-2233,2026-10-31,T+45,11465,2517,13982,2026-09-16T02:53:08.406Z,FALSE,"",06:05,FALSE
fare_DEL-BLR_IX_2026-10-31_T+45_1789528445702_8kxr,DEL-BLR,EaseMyTrip,IX,IX-1082,2026-10-31,T+45,11465,2517,13982,2026-09-16T02:53:08.406Z,FALSE,"",21:55,FALSE
fare_DEL-BLR_IX_2026-10-31_T+45_1789528445702_a9ze,DEL-BLR,EaseMyTrip,IX,IX-2237,2026-10-31,T+45,11465,2517,13982,2026-09-16T02:53:08.406Z,FALSE,"",19:25,FALSE
fare_DEL-BLR_IX_2026-10-31_T+45_1789528445702_2cko,DEL-BLR,EaseMyTrip,IX,IX-1056,2026-10-31,T+45,11341,2490,13831,2026-09-16T02:53:08.406Z,FALSE,"",08:45,FALSE
fare_DEL-BLR_AI_2026-10-31_T+45_1789528445702_p3ln,DEL-BLR,EaseMyTrip,AI,AI-1706,2026-10-31,T+45,11338,2489,13827,2026-09-16T02:53:08.406Z,FALSE,"",23:00,FALSE
fare_DEL-BLR_AI_2026-10-31_T+45_1789528445702_ulu9,DEL-BLR,EaseMyTrip,AI,AI-2525,2026-10-31,T+45,11499,2524,14023,2026-09-16T02:53:08.406Z,FALSE,"",06:00,FALSE
fare_DEL-BLR_AI_2026-10-31_T+45_1789528445702_fbb7,DEL-BLR,EaseMyTrip,AI,AI-2523,2026-10-31,T+45,11499,2524,14023,2026-09-16T02:53:08.406Z,FALSE,"",08:45,FALSE
fare_DEL-BLR_AI_2026-10-31_T+45_1789528445702_ol7q,DEL-BLR,EaseMyTrip,AI,AI-2833,2026-10-31,T+45,11499,2524,14023,2026-09-16T02:53:08.406Z,FALSE,"",07:30,FALSE
fare_DEL-BLR_6E_2026-10-31_T+45_1789528445702_plaw,DEL-BLR,EaseMyTrip,6E,6E-5162,2026-10-31,T+45,11425,2508,13933,2026-09-16T02:53:08.406Z,FALSE,"",18:45,FALSE
fare_DEL-BLR_IX_2026-10-31_T+45_1789528445702_07bo,DEL-BLR,EaseMyTrip,IX,IX-1510,2026-10-31,T+45,12316,2704,15020,2026-09-16T02:53:08.406Z,FALSE,"",09:15,FALSE
fare_DEL-BLR_AI_2026-10-31_T+45_1789528445702_hic7,DEL-BLR,EaseMyTrip,AI,AI-2465,2026-10-31,T+45,12161,2670,14831,2026-09-16T02:53:08.406Z,FALSE,"",14:30,FALSE
fare_DEL-BLR_AI_2026-10-31_T+45_1789528445702_ctw9,DEL-BLR,EaseMyTrip,AI,AI-2909,2026-10-31,T+45,12593,2764,15357,2026-09-16T02:53:08.406Z,FALSE,"",22:30,FALSE
fare_DEL-BLR_6E_2026-10-31_T+45_1789528445702_j42a,DEL-BLR,EaseMyTrip,6E,6E-2277,2026-10-31,T+45,13136,2883,16019,2026-09-16T02:53:08.406Z,FALSE,"",10:25,FALSE
fare_DEL-BLR_IX_2026-10-31_T+45_1789528445702_vubn,DEL-BLR,EaseMyTrip,IX,IX-1274,2026-10-31,T+45,13792,3027,16819,2026-09-16T02:53:08.406Z,FALSE,"",09:55,FALSE
fare_DEL-BLR_IX_2026-10-31_T+45_1789528445702_ldcc,DEL-BLR,EaseMyTrip,IX,IX-1076,2026-10-31,T+45,13792,3027,16819,2026-09-16T02:53:08.406Z,FALSE,"",08:00,FALSE
fare_DEL-BLR_IX_2026-10-31_T+45_1789528445702_jqw2,DEL-BLR,EaseMyTrip,IX,IX-1067,2026-10-31,T+45,13927,3057,16984,2026-09-16T02:53:08.406Z,FALSE,"",11:20,FALSE
fare_DEL-BLR_6E_2026-10-31_T+45_1789528445702_kc9z,DEL-BLR,EaseMyTrip,6E,6E-2361,2026-10-31,T+45,13647,2996,16643,2026-09-16T02:53:08.406Z,FALSE,"",12:55,FALSE
fare_DEL-BLR_AI_2026-10-31_T+45_1789528445702_xzp8,DEL-BLR,EaseMyTrip,AI,AI-487,2026-10-31,T+45,13960,3064,17024,2026-09-16T02:53:08.406Z,FALSE,"",16:00,FALSE
fare_DEL-BLR_AI_2026-10-31_T+45_1789528445702_pg0u,DEL-BLR,EaseMyTrip,AI,AI-2565,2026-10-31,T+45,14325,3145,17470,2026-09-16T02:53:08.406Z,FALSE,"",15:30,FALSE
fare_DEL-BLR_AI_2026-10-31_T+45_1789528445702_bijk,DEL-BLR,EaseMyTrip,AI,AI-1725,2026-10-31,T+45,14489,3181,17670,2026-09-16T02:53:08.406Z,TRUE,"High outlier: ₹17670 > upper fence ₹17572 (Q3: ₹13093, IQR: ₹2986)",05:40,FALSE
fare_DEL-BLR_AI_2026-10-31_T+45_1789528445702_xo71,DEL-BLR,EaseMyTrip,AI,AI-2973,2026-10-31,T+45,14511,3185,17696,2026-09-16T02:53:08.406Z,TRUE,"High outlier: ₹17696 > upper fence ₹17572 (Q3: ₹13093, IQR: ₹2986)",20:50,FALSE
fare_DEL-BLR_AI_2026-10-31_T+45_1789528445702_x3w1,DEL-BLR,EaseMyTrip,AI,AI-1724,2026-10-31,T+45,14972,3286,18258,2026-09-16T02:53:08.406Z,TRUE,"High outlier: ₹18258 > upper fence ₹17572 (Q3: ₹13093, IQR: ₹2986)",05:45,FALSE
fare_DEL-BLR_IX_2026-10-31_T+45_1789528445702_v0qu,DEL-BLR,EaseMyTrip,IX,IX-2764,2026-10-31,T+45,15873,3484,19357,2026-09-16T02:53:08.406Z,TRUE,"High outlier: ₹19357 > upper fence ₹17572 (Q3: ₹13093, IQR: ₹2986)",12:30,FALSE
fare_DEL-BLR_IX_2026-10-31_T+45_1789528445702_adjw,DEL-BLR,EaseMyTrip,IX,IX-1032,2026-10-31,T+45,15731,3453,19184,2026-09-16T02:53:08.406Z,TRUE,"High outlier: ₹19184 > upper fence ₹17572 (Q3: ₹13093, IQR: ₹2986)",06:15,FALSE
fare_DEL-BLR_IX_2026-10-31_T+45_1789528445702_67su,DEL-BLR,EaseMyTrip,IX,IX-1085,2026-10-31,T+45,15731,3453,19184,2026-09-16T02:53:08.406Z,TRUE,"High outlier: ₹19184 > upper fence ₹17572 (Q3: ₹13093, IQR: ₹2986)",10:55,FALSE
fare_DEL-BLR_IX_2026-10-31_T+45_1789528445702_1cd7,DEL-BLR,EaseMyTrip,IX,IX-1197,2026-10-31,T+45,15939,3499,19438,2026-09-16T02:53:08.406Z,TRUE,"High outlier: ₹19438 > upper fence ₹17572 (Q3: ₹13093, IQR: ₹2986)",20:50,FALSE
fare_DEL-BLR_IX_2026-10-31_T+45_1789528445702_z2yl,DEL-BLR,EaseMyTrip,IX,IX-1046,2026-10-31,T+45,16202,3556,19758,2026-09-16T02:53:08.406Z,TRUE,"High outlier: ₹19758 > upper fence ₹17572 (Q3: ₹13093, IQR: ₹2986)",07:25,FALSE
fare_DEL-BLR_IX_2026-10-31_T+45_1789528445702_09w7,DEL-BLR,EaseMyTrip,IX,IX-1041,2026-10-31,T+45,15903,3491,19394,2026-09-16T02:53:08.406Z,TRUE,"High outlier: ₹19394 > upper fence ₹17572 (Q3: ₹13093, IQR: ₹2986)",15:10,FALSE
fare_DEL-BLR_IX_2026-10-31_T+45_1789528445702_rd8c,DEL-BLR,EaseMyTrip,IX,IX-1672,2026-10-31,T+45,16067,3527,19594,2026-09-16T02:53:08.406Z,TRUE,"High outlier: ₹19594 > upper fence ₹17572 (Q3: ₹13093, IQR: ₹2986)",07:15,FALSE
fare_DEL-BLR_SG_2026-10-31_T+45_1789528445702_gl2n,DEL-BLR,EaseMyTrip,SG,SG-247,2026-10-31,T+45,16702,3666,20368,2026-09-16T02:53:08.406Z,TRUE,"High outlier: ₹20368 > upper fence ₹17572 (Q3: ₹13093, IQR: ₹2986)",14:30,FALSE
fare_DEL-BLR_SG_2026-10-31_T+45_1789528445702_ywe8,DEL-BLR,EaseMyTrip,SG,SG-428,2026-10-31,T+45,16702,3666,20368,2026-09-16T02:53:08.406Z,TRUE,"High outlier: ₹20368 > upper fence ₹17572 (Q3: ₹13093, IQR: ₹2986)",14:30,FALSE
fare_DEL-BLR_AI_2026-10-31_T+45_1789528445702_rmo6,DEL-BLR,EaseMyTrip,AI,AI-2971,2026-10-31,T+45,16666,3658,20324,2026-09-16T02:53:08.406Z,TRUE,"High outlier: ₹20324 > upper fence ₹17572 (Q3: ₹13093, IQR: ₹2986)",16:00,FALSE
fare_DEL-BLR_IX_2026-10-31_T+45_1789528445702_nb7f,DEL-BLR,EaseMyTrip,IX,IX-1068,2026-10-31,T+45,17672,3879,21551,2026-09-16T02:53:08.406Z,TRUE,"High outlier: ₹21551 > upper fence ₹17572 (Q3: ₹13093, IQR: ₹2986)",14:25,FALSE
fare_DEL-BLR_AI_2026-10-31_T+45_1789528445702_c9na,DEL-BLR,EaseMyTrip,AI,AI-1753,2026-10-31,T+45,20516,4503,25019,2026-09-16T02:53:08.406Z,TRUE,"High outlier: ₹25019 > upper fence ₹17572 (Q3: ₹13093, IQR: ₹2986)",15:00,FALSE
fare_DEL-BLR_AI_2026-10-31_T+45_1789528445702_1f06,DEL-BLR,EaseMyTrip,AI,AI-1776,2026-10-31,T+45,20621,4527,25148,2026-09-16T02:53:08.406Z,TRUE,"High outlier: ₹25148 > upper fence ₹17572 (Q3: ₹13093, IQR: ₹2986)",10:00,FALSE
fare_DEL-BLR_6E_2026-10-31_T+45_1789528445702_vxx7,DEL-BLR,EaseMyTrip,6E,6E-6517,2026-10-31,T+45,20482,4496,24978,2026-09-16T02:53:08.406Z,TRUE,"High outlier: ₹24978 > upper fence ₹17572 (Q3: ₹13093, IQR: ₹2986)",19:30,FALSE
fare_DEL-BLR_6E_2026-10-31_T+45_1789528445702_ilbf,DEL-BLR,EaseMyTrip,6E,6E-441,2026-10-31,T+45,20497,4499,24996,2026-09-16T02:53:08.406Z,TRUE,"High outlier: ₹24996 > upper fence ₹17572 (Q3: ₹13093, IQR: ₹2986)",10:30,FALSE
fare_DEL-BLR_6E_2026-10-31_T+45_1789528445702_6m48,DEL-BLR,EaseMyTrip,6E,6E-113,2026-10-31,T+45,20497,4499,24996,2026-09-16T02:53:08.406Z,TRUE,"High outlier: ₹24996 > upper fence ₹17572 (Q3: ₹13093, IQR: ₹2986)",10:30,FALSE
fare_DEL-BLR_AI_2026-10-31_T+45_1789528445702_beoq,DEL-BLR,EaseMyTrip,AI,AI-2767,2026-10-31,T+45,34565,7587,42152,2026-09-16T02:53:08.406Z,TRUE,"High outlier: ₹42152 > upper fence ₹17572 (Q3: ₹13093, IQR: ₹2986)",13:00,FALSE
fare_DEL-BLR_6E_2026-09-23_T+7_1789528445702_pgg2,DEL-BLR,EaseMyTrip,6E,6E-6433,2026-09-23,T+7,6790,1491,8281,2026-09-16T02:52:51.137Z,FALSE,"",16:30,FALSE
fare_DEL-BLR_6E_2026-09-23_T+7_1789528445702_xf5r,DEL-BLR,EaseMyTrip,6E,6E-978,2026-09-23,T+7,6855,1505,8360,2026-09-16T02:52:51.137Z,FALSE,"",17:55,FALSE
fare_DEL-BLR_6E_2026-09-23_T+7_1789528445702_6hn4,DEL-BLR,EaseMyTrip,6E,6E-937,2026-09-23,T+7,6855,1505,8360,2026-09-16T02:52:51.137Z,FALSE,"",17:55,FALSE
fare_DEL-BLR_6E_2026-09-23_T+7_1789528445702_qr8d,DEL-BLR,EaseMyTrip,6E,6E-6217,2026-09-23,T+7,6855,1505,8360,2026-09-16T02:52:51.137Z,FALSE,"",16:15,FALSE
fare_DEL-BLR_6E_2026-09-23_T+7_1789528445702_vz3o,DEL-BLR,EaseMyTrip,6E,6E-6212,2026-09-23,T+7,6855,1505,8360,2026-09-16T02:52:51.137Z,FALSE,"",14:45,FALSE
fare_DEL-BLR_6E_2026-09-23_T+7_1789528445702_8fsu,DEL-BLR,EaseMyTrip,6E,6E-6282,2026-09-23,T+7,6855,1505,8360,2026-09-16T02:52:51.137Z,FALSE,"",13:30,FALSE
fare_DEL-BLR_6E_2026-09-23_T+7_1789528445702_5acy,DEL-BLR,EaseMyTrip,6E,6E-6293,2026-09-23,T+7,6855,1505,8360,2026-09-16T02:52:51.137Z,FALSE,"",09:55,FALSE
fare_DEL-BLR_IX_2026-09-23_T+7_1789528445702_cg1b,DEL-BLR,EaseMyTrip,IX,IX-1070,2026-09-23,T+7,7239,1589,8828,2026-09-16T02:52:51.137Z,FALSE,"",18:40,TRUE
fare_DEL-BLR_IX_2026-09-23_T+7_1789528445702_u60f,DEL-BLR,EaseMyTrip,IX,IX-5975,2026-09-23,T+7,7239,1589,8828,2026-09-16T02:52:51.137Z,FALSE,"",21:00,TRUE
fare_DEL-BLR_6E_2026-09-23_T+7_1789528445702_akwn,DEL-BLR,EaseMyTrip,6E,6E-5073,2026-09-23,T+7,6963,1528,8491,2026-09-16T02:52:51.137Z,FALSE,"",17:05,FALSE
fare_DEL-BLR_6E_2026-09-23_T+7_1789528445702_zeqo,DEL-BLR,EaseMyTrip,6E,6E-234,2026-09-23,T+7,6963,1528,8491,2026-09-16T02:52:51.137Z,FALSE,"",16:20,FALSE
fare_DEL-BLR_6E_2026-09-23_T+7_1789528445702_wbvp,DEL-BLR,EaseMyTrip,6E,6E-391,2026-09-23,T+7,6963,1528,8491,2026-09-16T02:52:51.137Z,FALSE,"",16:20,FALSE
fare_DEL-BLR_6E_2026-09-23_T+7_1789528445702_l8ga,DEL-BLR,EaseMyTrip,6E,6E-133,2026-09-23,T+7,6963,1528,8491,2026-09-16T02:52:51.137Z,FALSE,"",19:35,FALSE
fare_DEL-BLR_6E_2026-09-23_T+7_1789528445702_a7gx,DEL-BLR,EaseMyTrip,6E,6E-973,2026-09-23,T+7,6963,1528,8491,2026-09-16T02:52:51.137Z,FALSE,"",19:35,FALSE
fare_DEL-BLR_6E_2026-09-23_T+7_1789528445702_eo20,DEL-BLR,EaseMyTrip,6E,6E-5119,2026-09-23,T+7,6963,1528,8491,2026-09-16T02:52:51.137Z,FALSE,"",05:10,FALSE
fare_DEL-BLR_6E_2026-09-23_T+7_1789528445702_b730,DEL-BLR,EaseMyTrip,6E,6E-6673,2026-09-23,T+7,6963,1528,8491,2026-09-16T02:52:51.137Z,FALSE,"",21:15,FALSE
fare_DEL-BLR_6E_2026-09-23_T+7_1789528445702_lj1q,DEL-BLR,EaseMyTrip,6E,6E-2557,2026-09-23,T+7,6963,1528,8491,2026-09-16T02:52:51.137Z,FALSE,"",15:20,FALSE
fare_DEL-BLR_6E_2026-09-23_T+7_1789528445702_v9cp,DEL-BLR,EaseMyTrip,6E,6E-2345,2026-09-23,T+7,6963,1528,8491,2026-09-16T02:52:51.137Z,FALSE,"",05:55,FALSE
fare_DEL-BLR_6E_2026-09-23_T+7_1789528445702_m8mk,DEL-BLR,EaseMyTrip,6E,6E-2618,2026-09-23,T+7,6963,1528,8491,2026-09-16T02:52:51.137Z,FALSE,"",23:00,FALSE
fare_DEL-BLR_6E_2026-09-23_T+7_1789528445702_7vgf,DEL-BLR,EaseMyTrip,6E,6E-6437,2026-09-23,T+7,6963,1528,8491,2026-09-16T02:52:51.137Z,FALSE,"",16:25,FALSE
fare_DEL-BLR_6E_2026-09-23_T+7_1789528445702_vu1z,DEL-BLR,EaseMyTrip,6E,6E-2343,2026-09-23,T+7,6963,1528,8491,2026-09-16T02:52:51.137Z,FALSE,"",02:20,FALSE
fare_DEL-BLR_6E_2026-09-23_T+7_1789528445702_ay61,DEL-BLR,EaseMyTrip,6E,6E-356,2026-09-23,T+7,6963,1528,8491,2026-09-16T02:52:51.137Z,FALSE,"",15:30,FALSE
fare_DEL-BLR_6E_2026-09-23_T+7_1789528445702_f8gu,DEL-BLR,EaseMyTrip,6E,6E-101,2026-09-23,T+7,6963,1528,8491,2026-09-16T02:52:51.137Z,FALSE,"",15:30,FALSE
fare_DEL-BLR_6E_2026-09-23_T+7_1789528445702_f51z,DEL-BLR,EaseMyTrip,6E,6E-6470,2026-09-23,T+7,6963,1528,8491,2026-09-16T02:52:51.137Z,FALSE,"",06:55,FALSE
fare_DEL-BLR_6E_2026-09-23_T+7_1789528445702_og69,DEL-BLR,EaseMyTrip,6E,6E-804,2026-09-23,T+7,7027,1543,8570,2026-09-16T02:52:51.137Z,FALSE,"",18:15,FALSE
fare_DEL-BLR_6E_2026-09-23_T+7_1789528445702_f8vp,DEL-BLR,EaseMyTrip,6E,6E-779,2026-09-23,T+7,7027,1543,8570,2026-09-16T02:52:51.137Z,FALSE,"",18:15,FALSE
fare_DEL-BLR_6E_2026-09-23_T+7_1789528445702_q02n,DEL-BLR,EaseMyTrip,6E,6E-6632,2026-09-23,T+7,7027,1543,8570,2026-09-16T02:52:51.137Z,FALSE,"",17:50,FALSE
fare_DEL-BLR_6E_2026-09-23_T+7_1789528445702_mb7l,DEL-BLR,EaseMyTrip,6E,6E-2151,2026-09-23,T+7,7027,1543,8570,2026-09-16T02:52:51.137Z,FALSE,"",19:45,FALSE
fare_DEL-BLR_6E_2026-09-23_T+7_1789528445702_p2m9,DEL-BLR,EaseMyTrip,6E,6E-6190,2026-09-23,T+7,7027,1543,8570,2026-09-16T02:52:51.137Z,FALSE,"",07:40,FALSE
fare_DEL-BLR_6E_2026-09-23_T+7_1789528445702_1hz2,DEL-BLR,EaseMyTrip,6E,6E-5033,2026-09-23,T+7,7027,1543,8570,2026-09-16T02:52:51.137Z,FALSE,"",15:50,FALSE
fare_DEL-BLR_6E_2026-09-23_T+7_1789528445702_z7lo,DEL-BLR,EaseMyTrip,6E,6E-6497,2026-09-23,T+7,7135,1566,8701,2026-09-16T02:52:51.137Z,FALSE,"",18:40,FALSE
fare_DEL-BLR_IX_2026-09-23_T+7_1789528445702_n21v,DEL-BLR,EaseMyTrip,IX,IX-1165,2026-09-23,T+7,7361,1616,8977,2026-09-16T02:52:51.137Z,FALSE,"",05:45,FALSE
fare_DEL-BLR_IX_2026-09-23_T+7_1789528445702_jm42,DEL-BLR,EaseMyTrip,IX,IX-1046,2026-09-23,T+7,7361,1616,8977,2026-09-16T02:52:51.137Z,FALSE,"",06:25,FALSE
fare_DEL-BLR_IX_2026-09-23_T+7_1789528445702_f2qd,DEL-BLR,EaseMyTrip,IX,IX-1230,2026-09-23,T+7,7361,1616,8977,2026-09-16T02:52:51.137Z,FALSE,"",04:40,FALSE
fare_DEL-BLR_IX_2026-09-23_T+7_1789528445702_obby,DEL-BLR,EaseMyTrip,IX,IX-1617,2026-09-23,T+7,7361,1616,8977,2026-09-16T02:52:51.137Z,FALSE,"",11:50,FALSE
fare_DEL-BLR_6E_2026-09-23_T+7_1789528445702_0cht,DEL-BLR,EaseMyTrip,6E,6E-2491,2026-09-23,T+7,7205,1581,8786,2026-09-16T02:52:51.137Z,FALSE,"",15:15,FALSE
fare_DEL-BLR_6E_2026-09-23_T+7_1789528445702_4a6c,DEL-BLR,EaseMyTrip,6E,6E-2456,2026-09-23,T+7,7240,1589,8829,2026-09-16T02:52:51.137Z,FALSE,"",14:55,TRUE
fare_DEL-BLR_6E_2026-09-23_T+7_1789528445702_a26k,DEL-BLR,EaseMyTrip,6E,6E-547,2026-09-23,T+7,7240,1589,8829,2026-09-16T02:52:51.137Z,FALSE,"",18:20,TRUE
fare_DEL-BLR_6E_2026-09-23_T+7_1789528445702_h3my,DEL-BLR,EaseMyTrip,6E,6E-968,2026-09-23,T+7,7240,1589,8829,2026-09-16T02:52:51.137Z,FALSE,"",18:20,TRUE
fare_DEL-BLR_6E_2026-09-23_T+7_1789528445702_1x2s,DEL-BLR,EaseMyTrip,6E,6E-189,2026-09-23,T+7,7240,1589,8829,2026-09-16T02:52:51.137Z,FALSE,"",08:20,TRUE
fare_DEL-BLR_6E_2026-09-23_T+7_1789528445702_jii7,DEL-BLR,EaseMyTrip,6E,6E-996,2026-09-23,T+7,7240,1589,8829,2026-09-16T02:52:51.137Z,FALSE,"",08:20,TRUE
fare_DEL-BLR_QP_2026-09-23_T+7_1789528445702_1hlm,DEL-BLR,EaseMyTrip,QP,QP-1308,2026-09-23,T+7,7240,1589,8829,2026-09-16T02:52:51.137Z,FALSE,"",20:55,TRUE
fare_DEL-BLR_QP_2026-09-23_T+7_1789528445702_7sry,DEL-BLR,EaseMyTrip,QP,QP-1350,2026-09-23,T+7,7240,1589,8829,2026-09-16T02:52:51.137Z,FALSE,"",21:55,TRUE
fare_DEL-BLR_6E_2026-09-23_T+7_1789528445702_9n7o,DEL-BLR,EaseMyTrip,6E,6E-504,2026-09-23,T+7,7240,1589,8829,2026-09-16T02:52:51.137Z,FALSE,"",03:00,TRUE
fare_DEL-BLR_6E_2026-09-23_T+7_1789528445702_zlxf,DEL-BLR,EaseMyTrip,6E,6E-871,2026-09-23,T+7,7240,1589,8829,2026-09-16T02:52:51.137Z,FALSE,"",03:00,TRUE
fare_DEL-BLR_6E_2026-09-23_T+7_1789528445702_1e31,DEL-BLR,EaseMyTrip,6E,6E-740,2026-09-23,T+7,7240,1589,8829,2026-09-16T02:52:51.137Z,FALSE,"",22:00,TRUE
fare_DEL-BLR_6E_2026-09-23_T+7_1789528445702_1r3i,DEL-BLR,EaseMyTrip,6E,6E-345,2026-09-23,T+7,7240,1589,8829,2026-09-16T02:52:51.137Z,FALSE,"",22:00,TRUE
fare_DEL-BLR_6E_2026-09-23_T+7_1789528445702_de3t,DEL-BLR,EaseMyTrip,6E,6E-6515,2026-09-23,T+7,7240,1589,8829,2026-09-16T02:52:51.137Z,FALSE,"",20:45,TRUE
fare_DEL-BLR_6E_2026-09-23_T+7_1789528445702_ie65,DEL-BLR,EaseMyTrip,6E,6E-735,2026-09-23,T+7,7240,1589,8829,2026-09-16T02:52:51.137Z,FALSE,"",19:30,TRUE
fare_DEL-BLR_6E_2026-09-23_T+7_1789528445702_uso5,DEL-BLR,EaseMyTrip,6E,6E-691,2026-09-23,T+7,7240,1589,8829,2026-09-16T02:52:51.137Z,FALSE,"",19:30,TRUE
fare_DEL-BLR_6E_2026-09-23_T+7_1789528445702_z2ng,DEL-BLR,EaseMyTrip,6E,6E-361,2026-09-23,T+7,7240,1589,8829,2026-09-16T02:52:51.137Z,FALSE,"",15:45,TRUE
fare_DEL-BLR_6E_2026-09-23_T+7_1789528445702_jgji,DEL-BLR,EaseMyTrip,6E,6E-621,2026-09-23,T+7,7240,1589,8829,2026-09-16T02:52:51.137Z,FALSE,"",15:45,TRUE
fare_DEL-BLR_6E_2026-09-23_T+7_1789528445702_0hfw,DEL-BLR,EaseMyTrip,6E,6E-893,2026-09-23,T+7,7240,1589,8829,2026-09-16T02:52:51.137Z,FALSE,"",14:30,TRUE
fare_DEL-BLR_6E_2026-09-23_T+7_1789528445702_doze,DEL-BLR,EaseMyTrip,6E,6E-179,2026-09-23,T+7,7240,1589,8829,2026-09-16T02:52:51.137Z,FALSE,"",14:30,TRUE
fare_DEL-BLR_6E_2026-09-23_T+7_1789528445702_nslz,DEL-BLR,EaseMyTrip,6E,6E-758,2026-09-23,T+7,7240,1589,8829,2026-09-16T02:52:51.137Z,FALSE,"",17:00,TRUE
fare_DEL-BLR_6E_2026-09-23_T+7_1789528445702_n2za,DEL-BLR,EaseMyTrip,6E,6E-431,2026-09-23,T+7,7240,1589,8829,2026-09-16T02:52:51.137Z,FALSE,"",17:00,TRUE
fare_DEL-BLR_6E_2026-09-23_T+7_1789528445702_evro,DEL-BLR,EaseMyTrip,6E,6E-638,2026-09-23,T+7,7240,1589,8829,2026-09-16T02:52:51.137Z,FALSE,"",10:45,TRUE
fare_DEL-BLR_6E_2026-09-23_T+7_1789528445702_9ms8,DEL-BLR,EaseMyTrip,6E,6E-692,2026-09-23,T+7,7240,1589,8829,2026-09-16T02:52:51.137Z,FALSE,"",10:45,TRUE
fare_DEL-BLR_6E_2026-09-23_T+7_1789528445702_t258,DEL-BLR,EaseMyTrip,6E,6E-161,2026-09-23,T+7,7240,1589,8829,2026-09-16T02:52:51.137Z,FALSE,"",09:30,TRUE
fare_DEL-BLR_6E_2026-09-23_T+7_1789528445702_jcr6,DEL-BLR,EaseMyTrip,6E,6E-841,2026-09-23,T+7,7240,1589,8829,2026-09-16T02:52:51.137Z,FALSE,"",09:30,TRUE
fare_DEL-BLR_6E_2026-09-23_T+7_1789528445702_mr7u,DEL-BLR,EaseMyTrip,6E,6E-536,2026-09-23,T+7,7240,1589,8829,2026-09-16T02:52:51.137Z,FALSE,"",07:05,TRUE
fare_DEL-BLR_6E_2026-09-23_T+7_1789528445702_q9iu,DEL-BLR,EaseMyTrip,6E,6E-713,2026-09-23,T+7,7240,1589,8829,2026-09-16T02:52:51.137Z,FALSE,"",07:05,TRUE
fare_DEL-BLR_6E_2026-09-23_T+7_1789528445702_5wi7,DEL-BLR,EaseMyTrip,6E,6E-2314,2026-09-23,T+7,7240,1589,8829,2026-09-16T02:52:51.137Z,FALSE,"",05:45,TRUE
fare_DEL-BLR_6E_2026-09-23_T+7_1789528445702_9k8o,DEL-BLR,EaseMyTrip,6E,6E-233,2026-09-23,T+7,7240,1589,8829,2026-09-16T02:52:51.137Z,FALSE,"",13:15,TRUE
fare_DEL-BLR_6E_2026-09-23_T+7_1789528445702_b5xn,DEL-BLR,EaseMyTrip,6E,6E-793,2026-09-23,T+7,7240,1589,8829,2026-09-16T02:52:51.137Z,FALSE,"",13:15,TRUE
fare_DEL-BLR_QP_2026-09-23_T+7_1789528445702_zx5q,DEL-BLR,EaseMyTrip,QP,QP-1912,2026-09-23,T+7,7240,1589,8829,2026-09-16T02:52:51.137Z,FALSE,"",14:55,TRUE
fare_DEL-BLR_QP_2026-09-23_T+7_1789528445702_qk9m,DEL-BLR,EaseMyTrip,QP,QP-1824,2026-09-23,T+7,7240,1589,8829,2026-09-16T02:52:51.137Z,FALSE,"",20:10,TRUE
fare_DEL-BLR_6E_2026-09-23_T+7_1789528445702_pvah,DEL-BLR,EaseMyTrip,6E,6E-572,2026-09-23,T+7,7240,1589,8829,2026-09-16T02:52:51.137Z,FALSE,"",12:20,TRUE
fare_DEL-BLR_6E_2026-09-23_T+7_1789528445702_gjzx,DEL-BLR,EaseMyTrip,6E,6E-642,2026-09-23,T+7,7240,1589,8829,2026-09-16T02:52:51.137Z,FALSE,"",12:20,TRUE
fare_DEL-BLR_6E_2026-09-23_T+7_1789528445702_b4hr,DEL-BLR,EaseMyTrip,6E,6E-2519,2026-09-23,T+7,7240,1589,8829,2026-09-16T02:52:51.137Z,FALSE,"",13:00,TRUE
fare_DEL-BLR_6E_2026-09-23_T+7_1789528445702_dxpx,DEL-BLR,EaseMyTrip,6E,6E-374,2026-09-23,T+7,7307,1604,8911,2026-09-16T02:52:51.137Z,FALSE,"",08:30,FALSE
fare_DEL-BLR_6E_2026-09-23_T+7_1789528445702_2azs,DEL-BLR,EaseMyTrip,6E,6E-561,2026-09-23,T+7,7307,1604,8911,2026-09-16T02:52:51.137Z,FALSE,"",08:30,FALSE
fare_DEL-BLR_AI_2026-09-23_T+7_1789528445702_1r6r,DEL-BLR,EaseMyTrip,AI,AI-2817,2026-09-23,T+7,7496,1646,9142,2026-09-16T02:52:51.137Z,FALSE,"",16:30,TRUE
fare_DEL-BLR_AI_2026-09-23_T+7_1789528445702_ssob,DEL-BLR,EaseMyTrip,AI,AI-2653,2026-09-23,T+7,7496,1646,9142,2026-09-16T02:52:51.137Z,FALSE,"",04:30,TRUE
fare_DEL-BLR_AI_2026-09-23_T+7_1789528445702_sl7g,DEL-BLR,EaseMyTrip,AI,AI-427,2026-09-23,T+7,7496,1646,9142,2026-09-16T02:52:51.137Z,FALSE,"",08:30,TRUE
fare_DEL-BLR_AI_2026-09-23_T+7_1789528445702_o47i,DEL-BLR,EaseMyTrip,AI,AI-2809,2026-09-23,T+7,7496,1646,9142,2026-09-16T02:52:51.137Z,FALSE,"",19:30,TRUE
fare_DEL-BLR_AI_2026-09-23_T+7_1789528445702_qo15,DEL-BLR,EaseMyTrip,AI,AI-2757,2026-09-23,T+7,7496,1646,9142,2026-09-16T02:52:51.137Z,FALSE,"",00:15,TRUE
fare_DEL-BLR_AI_2026-09-23_T+7_1789528445702_8au9,DEL-BLR,EaseMyTrip,AI,AI-2409,2026-09-23,T+7,7496,1646,9142,2026-09-16T02:52:51.137Z,FALSE,"",06:00,TRUE
fare_DEL-BLR_AI_2026-09-23_T+7_1789528445702_ct4v,DEL-BLR,EaseMyTrip,AI,AI-2803,2026-09-23,T+7,7496,1646,9142,2026-09-16T02:52:51.137Z,FALSE,"",06:30,TRUE
fare_DEL-BLR_AI_2026-09-23_T+7_1789528445702_tc48,DEL-BLR,EaseMyTrip,AI,AI-2815,2026-09-23,T+7,7496,1646,9142,2026-09-16T02:52:51.137Z,FALSE,"",07:00,TRUE
fare_DEL-BLR_AI_2026-09-23_T+7_1789528445702_kaea,DEL-BLR,EaseMyTrip,AI,AI-2415,2026-09-23,T+7,7496,1646,9142,2026-09-16T02:52:51.137Z,FALSE,"",09:30,TRUE
fare_DEL-BLR_AI_2026-09-23_T+7_1789528445702_wmpa,DEL-BLR,EaseMyTrip,AI,AI-2417,2026-09-23,T+7,7496,1646,9142,2026-09-16T02:52:51.137Z,FALSE,"",13:00,TRUE
fare_DEL-BLR_AI_2026-09-23_T+7_1789528445702_e27b,DEL-BLR,EaseMyTrip,AI,AI-2819,2026-09-23,T+7,7496,1646,9142,2026-09-16T02:52:51.137Z,FALSE,"",15:00,TRUE
fare_DEL-BLR_AI_2026-09-23_T+7_1789528445702_yz89,DEL-BLR,EaseMyTrip,AI,AI-2664,2026-09-23,T+7,7496,1646,9142,2026-09-16T02:52:51.137Z,FALSE,"",15:50,TRUE
fare_DEL-BLR_AI_2026-09-23_T+7_1789528445702_oax2,DEL-BLR,EaseMyTrip,AI,AI-2487,2026-09-23,T+7,7496,1646,9142,2026-09-16T02:52:51.137Z,FALSE,"",18:30,TRUE
fare_DEL-BLR_AI_2026-09-23_T+7_1789528445702_2n1b,DEL-BLR,EaseMyTrip,AI,AI-2512,2026-09-23,T+7,7496,1646,9142,2026-09-16T02:52:51.137Z,FALSE,"",19:00,TRUE
fare_DEL-BLR_AI_2026-09-23_T+7_1789528445702_qs32,DEL-BLR,EaseMyTrip,AI,AI-2412,2026-09-23,T+7,7496,1646,9142,2026-09-16T02:52:51.137Z,FALSE,"",21:30,TRUE
fare_DEL-BLR_6E_2026-09-23_T+7_1789528445702_uuh8,DEL-BLR,EaseMyTrip,6E,6E-7646,2026-09-23,T+7,7373,1618,8991,2026-09-16T02:52:51.137Z,FALSE,"",06:15,FALSE
fare_DEL-BLR_6E_2026-09-23_T+7_1789528445702_6lg6,DEL-BLR,EaseMyTrip,6E,6E-2571,2026-09-23,T+7,7551,1658,9209,2026-09-16T02:52:51.137Z,FALSE,"",12:30,FALSE
fare_DEL-BLR_6E_2026-09-23_T+7_1789528445702_k4g4,DEL-BLR,EaseMyTrip,6E,6E-6091,2026-09-23,T+7,7576,1663,9239,2026-09-16T02:52:51.137Z,FALSE,"",15:15,FALSE
fare_DEL-BLR_6E_2026-09-23_T+7_1789528445702_leok,DEL-BLR,EaseMyTrip,6E,6E-5038,2026-09-23,T+7,7576,1663,9239,2026-09-16T02:52:51.137Z,FALSE,"",14:00,FALSE
fare_DEL-BLR_6E_2026-09-23_T+7_1789528445702_3rfc,DEL-BLR,EaseMyTrip,6E,6E-5001,2026-09-23,T+7,7706,1691,9397,2026-09-16T02:52:51.137Z,FALSE,"",17:10,FALSE
fare_DEL-BLR_AI_2026-09-23_T+7_1789528445702_btpi,DEL-BLR,EaseMyTrip,AI,AI-2485,2026-09-23,T+7,7871,1728,9599,2026-09-16T02:52:51.137Z,FALSE,"",10:30,TRUE
fare_DEL-BLR_6E_2026-09-23_T+7_1789528445702_iw7f,DEL-BLR,EaseMyTrip,6E,6E-7642,2026-09-23,T+7,7717,1694,9411,2026-09-16T02:52:51.137Z,FALSE,"",15:45,FALSE
fare_DEL-BLR_IX_2026-09-23_T+7_1789528445702_shnf,DEL-BLR,EaseMyTrip,IX,IX-1392,2026-09-23,T+7,8035,1764,9799,2026-09-16T02:52:51.137Z,FALSE,"",23:25,FALSE
fare_DEL-BLR_6E_2026-09-23_T+7_1789528445702_0x3z,DEL-BLR,EaseMyTrip,6E,6E-7653,2026-09-23,T+7,7837,1720,9557,2026-09-16T02:52:51.137Z,FALSE,"",17:20,FALSE
fare_DEL-BLR_6E_2026-09-23_T+7_1789528445702_97vg,DEL-BLR,EaseMyTrip,6E,6E-2589,2026-09-23,T+7,7896,1733,9629,2026-09-16T02:52:51.137Z,FALSE,"",15:05,FALSE
fare_DEL-BLR_6E_2026-09-23_T+7_1789528445702_au5s,DEL-BLR,EaseMyTrip,6E,6E-7624,2026-09-23,T+7,7902,1734,9636,2026-09-16T02:52:51.137Z,FALSE,"",05:50,FALSE
fare_DEL-BLR_6E_2026-09-23_T+7_1789528445702_6dg2,DEL-BLR,EaseMyTrip,6E,6E-7628,2026-09-23,T+7,7902,1734,9636,2026-09-16T02:52:51.137Z,FALSE,"",15:05,FALSE
fare_DEL-BLR_IX_2026-09-23_T+7_1789528445702_omph,DEL-BLR,EaseMyTrip,IX,IX-1038,2026-09-23,T+7,8207,1801,10008,2026-09-16T02:52:51.137Z,FALSE,"",17:35,FALSE
fare_DEL-BLR_AI_2026-09-23_T+7_1789528445702_jflb,DEL-BLR,EaseMyTrip,AI,AI-2499,2026-09-23,T+7,8441,1853,10294,2026-09-16T02:52:51.137Z,FALSE,"",05:55,FALSE
fare_DEL-BLR_IX_2026-09-23_T+7_1789528445702_oqfp,DEL-BLR,EaseMyTrip,IX,IX-1074,2026-09-23,T+7,8517,1870,10387,2026-09-16T02:52:51.137Z,FALSE,"",11:00,FALSE
fare_DEL-BLR_AI_2026-09-23_T+7_1789528445702_orcl,DEL-BLR,EaseMyTrip,AI,AI-2569,2026-09-23,T+7,8613,1891,10504,2026-09-16T02:52:51.137Z,FALSE,"",20:25,FALSE
fare_DEL-BLR_AI_2026-09-23_T+7_1789528445702_2im2,DEL-BLR,EaseMyTrip,AI,AI-1710,2026-09-23,T+7,8613,1891,10504,2026-09-16T02:52:51.137Z,FALSE,"",18:35,FALSE
fare_DEL-BLR_6E_2026-09-23_T+7_1789528445702_hru3,DEL-BLR,EaseMyTrip,6E,6E-5191,2026-09-23,T+7,8461,1857,10318,2026-09-16T02:52:51.137Z,FALSE,"",05:00,FALSE
fare_DEL-BLR_AI_2026-09-23_T+7_1789528445702_d9n1,DEL-BLR,EaseMyTrip,AI,AI-1717,2026-09-23,T+7,8795,1930,10725,2026-09-16T02:52:51.137Z,FALSE,"",14:20,FALSE
fare_DEL-BLR_6E_2026-09-23_T+7_1789528445702_pl7f,DEL-BLR,EaseMyTrip,6E,6E-738,2026-09-23,T+7,8672,1904,10576,2026-09-16T02:52:51.137Z,FALSE,"",11:45,FALSE
fare_DEL-BLR_AI_2026-09-23_T+7_1789528445702_960w,DEL-BLR,EaseMyTrip,AI,AI-1735,2026-09-23,T+7,8870,1947,10817,2026-09-16T02:52:51.137Z,FALSE,"",13:00,FALSE
fare_DEL-BLR_AI_2026-09-23_T+7_1789528445702_agzn,DEL-BLR,EaseMyTrip,AI,AI-2469,2026-09-23,T+7,8870,1947,10817,2026-09-16T02:52:51.137Z,FALSE,"",04:45,FALSE
fare_DEL-BLR_AI_2026-09-23_T+7_1789528445702_6bs2,DEL-BLR,EaseMyTrip,AI,AI-2711,2026-09-23,T+7,8870,1947,10817,2026-09-16T02:52:51.137Z,FALSE,"",02:00,FALSE
fare_DEL-BLR_6E_2026-09-23_T+7_1789528445702_1wl0,DEL-BLR,EaseMyTrip,6E,6E-971,2026-09-23,T+7,9205,2020,11225,2026-09-16T02:52:51.137Z,FALSE,"",18:00,FALSE
fare_DEL-BLR_6E_2026-09-23_T+7_1789528445702_8i0o,DEL-BLR,EaseMyTrip,6E,6E-901,2026-09-23,T+7,9205,2020,11225,2026-09-16T02:52:51.137Z,FALSE,"",18:00,FALSE
fare_DEL-BLR_AI_2026-09-23_T+7_1789528445702_zeya,DEL-BLR,EaseMyTrip,AI,AI-2532,2026-09-23,T+7,9424,2069,11493,2026-09-16T02:52:51.137Z,FALSE,"",11:20,FALSE
fare_DEL-BLR_AI_2026-09-23_T+7_1789528445702_h4i8,DEL-BLR,EaseMyTrip,AI,AI-1797,2026-09-23,T+7,9681,2125,11806,2026-09-16T02:52:51.137Z,FALSE,"",05:45,FALSE
fare_DEL-BLR_6E_2026-09-23_T+7_1789528445702_2tyl,DEL-BLR,EaseMyTrip,6E,6E-2364,2026-09-23,T+7,9704,2130,11834,2026-09-16T02:52:51.137Z,FALSE,"",04:50,FALSE
fare_DEL-BLR_QP_2026-09-23_T+7_1789528445702_0ooi,DEL-BLR,EaseMyTrip,QP,QP-1940,2026-09-23,T+7,9958,2186,12144,2026-09-16T02:52:51.137Z,FALSE,"",14:05,FALSE
fare_DEL-BLR_IX_2026-09-23_T+7_1789528445702_wde5,DEL-BLR,EaseMyTrip,IX,IX-1054,2026-09-23,T+7,11622,2551,14173,2026-09-16T02:52:51.137Z,TRUE,"High outlier: ₹14173 > upper fence ₹13799 (Q3: ₹10817, IQR: ₹1988)",12:05,FALSE
fare_DEL-BLR_IX_2026-09-23_T+7_1789528445702_wkx6,DEL-BLR,EaseMyTrip,IX,IX-1090,2026-09-23,T+7,11181,2454,13635,2026-09-16T02:52:51.137Z,FALSE,"",13:10,FALSE
fare_DEL-BLR_AI_2026-09-23_T+7_1789528445702_grgf,DEL-BLR,EaseMyTrip,AI,AI-437,2026-09-23,T+7,11210,2461,13671,2026-09-16T02:52:51.137Z,FALSE,"",09:20,FALSE
fare_DEL-BLR_AI_2026-09-23_T+7_1789528445702_upzy,DEL-BLR,EaseMyTrip,AI,AI-2525,2026-09-23,T+7,11499,2524,14023,2026-09-16T02:52:51.137Z,TRUE,"High outlier: ₹14023 > upper fence ₹13799 (Q3: ₹10817, IQR: ₹1988)",06:00,FALSE
fare_DEL-BLR_IX_2026-09-23_T+7_1789528445702_up38,DEL-BLR,EaseMyTrip,IX,IX-1346,2026-09-23,T+7,11799,2590,14389,2026-09-16T02:52:51.137Z,TRUE,"High outlier: ₹14389 > upper fence ₹13799 (Q3: ₹10817, IQR: ₹1988)",06:10,FALSE
fare_DEL-BLR_AI_2026-09-23_T+7_1789528445702_8eck,DEL-BLR,EaseMyTrip,AI,AI-1702,2026-09-23,T+7,12207,2680,14887,2026-09-16T02:52:51.137Z,TRUE,"High outlier: ₹14887 > upper fence ₹13799 (Q3: ₹10817, IQR: ₹1988)",18:30,FALSE
fare_DEL-BLR_6E_2026-09-23_T+7_1789528445702_diby,DEL-BLR,EaseMyTrip,6E,6E-6179,2026-09-23,T+7,12164,2670,14834,2026-09-16T02:52:51.137Z,TRUE,"High outlier: ₹14834 > upper fence ₹13799 (Q3: ₹10817, IQR: ₹1988)",18:30,FALSE
fare_DEL-BLR_AI_2026-09-23_T+7_1789528445702_9zr7,DEL-BLR,EaseMyTrip,AI,AI-1749,2026-09-23,T+7,12417,2726,15143,2026-09-16T02:52:51.137Z,TRUE,"High outlier: ₹15143 > upper fence ₹13799 (Q3: ₹10817, IQR: ₹1988)",08:00,FALSE
fare_DEL-BLR_IX_2026-09-23_T+7_1789528445702_bwzn,DEL-BLR,EaseMyTrip,IX,IX-1812,2026-09-23,T+7,12453,2734,15187,2026-09-16T02:52:51.137Z,TRUE,"High outlier: ₹15187 > upper fence ₹13799 (Q3: ₹10817, IQR: ₹1988)",11:15,FALSE
fare_DEL-BLR_IX_2026-09-23_T+7_1789528445702_7qdi,DEL-BLR,EaseMyTrip,IX,IX-1067,2026-09-23,T+7,12858,2823,15681,2026-09-16T02:52:51.137Z,TRUE,"High outlier: ₹15681 > upper fence ₹13799 (Q3: ₹10817, IQR: ₹1988)",06:10,FALSE
fare_DEL-BLR_IX_2026-09-23_T+7_1789528445702_nwj2,DEL-BLR,EaseMyTrip,IX,IX-1001,2026-09-23,T+7,13246,2908,16154,2026-09-16T02:52:51.137Z,TRUE,"High outlier: ₹16154 > upper fence ₹13799 (Q3: ₹10817, IQR: ₹1988)",09:00,FALSE
fare_DEL-BLR_AI_2026-09-23_T+7_1789528445702_zr4z,DEL-BLR,EaseMyTrip,AI,AI-2879,2026-09-23,T+7,12951,2843,15794,2026-09-16T02:52:51.137Z,TRUE,"High outlier: ₹15794 > upper fence ₹13799 (Q3: ₹10817, IQR: ₹1988)",18:00,FALSE
fare_DEL-BLR_AI_2026-09-23_T+7_1789528445702_7dsn,DEL-BLR,EaseMyTrip,AI,AI-1793,2026-09-23,T+7,12995,2853,15848,2026-09-16T02:52:51.137Z,TRUE,"High outlier: ₹15848 > upper fence ₹13799 (Q3: ₹10817, IQR: ₹1988)",06:00,FALSE
fare_DEL-BLR_IX_2026-09-23_T+7_1789528445702_695g,DEL-BLR,EaseMyTrip,IX,IX-1032,2026-09-23,T+7,13315,2923,16238,2026-09-16T02:52:51.137Z,TRUE,"High outlier: ₹16238 > upper fence ₹13799 (Q3: ₹10817, IQR: ₹1988)",05:45,FALSE
fare_DEL-BLR_IX_2026-09-23_T+7_1789528445702_zw7q,DEL-BLR,EaseMyTrip,IX,IX-1783,2026-09-23,T+7,13396,2940,16336,2026-09-16T02:52:51.137Z,TRUE,"High outlier: ₹16336 > upper fence ₹13799 (Q3: ₹10817, IQR: ₹1988)",07:20,FALSE
fare_DEL-BLR_AI_2026-09-23_T+7_1789528445702_z839,DEL-BLR,EaseMyTrip,AI,AI-2705,2026-09-23,T+7,13920,3056,16976,2026-09-16T02:52:51.137Z,TRUE,"High outlier: ₹16976 > upper fence ₹13799 (Q3: ₹10817, IQR: ₹1988)",07:30,FALSE
fare_DEL-BLR_IX_2026-09-23_T+7_1789528445702_eogh,DEL-BLR,EaseMyTrip,IX,IX-1815,2026-09-23,T+7,14252,3128,17380,2026-09-16T02:52:51.137Z,TRUE,"High outlier: ₹17380 > upper fence ₹13799 (Q3: ₹10817, IQR: ₹1988)",19:20,FALSE
fare_DEL-BLR_AI_2026-09-23_T+7_1789528445702_tg6i,DEL-BLR,EaseMyTrip,AI,AI-544,2026-09-23,T+7,14071,3089,17160,2026-09-16T02:52:51.137Z,TRUE,"High outlier: ₹17160 > upper fence ₹13799 (Q3: ₹10817, IQR: ₹1988)",15:30,FALSE
fare_DEL-BLR_IX_2026-09-23_T+7_1789528445702_5l39,DEL-BLR,EaseMyTrip,IX,IX-1085,2026-09-23,T+7,14452,3172,17624,2026-09-16T02:52:51.137Z,TRUE,"High outlier: ₹17624 > upper fence ₹13799 (Q3: ₹10817, IQR: ₹1988)",12:55,FALSE
fare_DEL-BLR_IX_2026-09-23_T+7_1789528445702_081m,DEL-BLR,EaseMyTrip,IX,IX-1980,2026-09-23,T+7,14568,3198,17766,2026-09-16T02:52:51.137Z,TRUE,"High outlier: ₹17766 > upper fence ₹13799 (Q3: ₹10817, IQR: ₹1988)",09:55,FALSE
fare_DEL-BLR_IX_2026-09-23_T+7_1789528445702_xm9c,DEL-BLR,EaseMyTrip,IX,IX-1012,2026-09-23,T+7,14568,3198,17766,2026-09-16T02:52:51.137Z,TRUE,"High outlier: ₹17766 > upper fence ₹13799 (Q3: ₹10817, IQR: ₹1988)",06:40,FALSE
fare_DEL-BLR_IX_2026-09-23_T+7_1789528445702_dxup,DEL-BLR,EaseMyTrip,IX,IX-1461,2026-09-23,T+7,14717,3230,17947,2026-09-16T02:52:51.137Z,TRUE,"High outlier: ₹17947 > upper fence ₹13799 (Q3: ₹10817, IQR: ₹1988)",05:35,FALSE
fare_DEL-BLR_IX_2026-09-23_T+7_1789528445702_a55m,DEL-BLR,EaseMyTrip,IX,IX-1068,2026-09-23,T+7,14840,3258,18098,2026-09-16T02:52:51.137Z,TRUE,"High outlier: ₹18098 > upper fence ₹13799 (Q3: ₹10817, IQR: ₹1988)",11:55,FALSE
fare_DEL-BLR_AI_2026-09-23_T+7_1789528445702_ycvx,DEL-BLR,EaseMyTrip,AI,AI-2483,2026-09-23,T+7,14867,3264,18131,2026-09-16T02:52:51.137Z,TRUE,"High outlier: ₹18131 > upper fence ₹13799 (Q3: ₹10817, IQR: ₹1988)",12:20,FALSE
fare_DEL-BLR_AI_2026-09-23_T+7_1789528445702_3mds,DEL-BLR,EaseMyTrip,AI,AI-2458,2026-09-23,T+7,14956,3283,18239,2026-09-16T02:52:51.137Z,TRUE,"High outlier: ₹18239 > upper fence ₹13799 (Q3: ₹10817, IQR: ₹1988)",12:10,FALSE
fare_DEL-BLR_IX_2026-09-23_T+7_1789528445702_j8p0,DEL-BLR,EaseMyTrip,IX,IX-1811,2026-09-23,T+7,16550,3633,20183,2026-09-16T02:52:51.137Z,TRUE,"High outlier: ₹20183 > upper fence ₹13799 (Q3: ₹10817, IQR: ₹1988)",06:50,FALSE
fare_DEL-BLR_IX_2026-09-23_T+7_1789528445702_l5ap,DEL-BLR,EaseMyTrip,IX,IX-1108,2026-09-23,T+7,16390,3598,19988,2026-09-16T02:52:51.137Z,TRUE,"High outlier: ₹19988 > upper fence ₹13799 (Q3: ₹10817, IQR: ₹1988)",05:00,FALSE
fare_DEL-BLR_6E_2026-09-23_T+7_1789528445702_d55f,DEL-BLR,EaseMyTrip,6E,6E-2277,2026-09-23,T+7,16958,3723,20681,2026-09-16T02:52:51.137Z,TRUE,"High outlier: ₹20681 > upper fence ₹13799 (Q3: ₹10817, IQR: ₹1988)",10:25,FALSE
fare_DEL-BLR_AI_2026-09-23_T+7_1789528445702_qtac,DEL-BLR,EaseMyTrip,AI,AI-2627,2026-09-23,T+7,20830,4573,25403,2026-09-16T02:52:51.137Z,TRUE,"High outlier: ₹25403 > upper fence ₹13799 (Q3: ₹10817, IQR: ₹1988)",10:45,FALSE
fare_DEL-BLR_AI_2026-09-23_T+7_1789528445702_pdhd,DEL-BLR,EaseMyTrip,AI,AI-1739,2026-09-23,T+7,21906,4809,26715,2026-09-16T02:52:51.137Z,TRUE,"High outlier: ₹26715 > upper fence ₹13799 (Q3: ₹10817, IQR: ₹1988)",11:30,FALSE
fare_DEL-BOM_IX_2026-10-01_T+15_1789528445703_faa6,DEL-BOM,EaseMyTrip,IX,IX-1165,2026-10-01,T+15,4929,1082,6011,2026-09-16T02:51:58.410Z,FALSE,"",06:00,FALSE
fare_DEL-BOM_IX_2026-10-01_T+15_1789528445703_88wm,DEL-BOM,EaseMyTrip,IX,IX-1235,2026-10-01,T+15,5484,1204,6688,2026-09-16T02:51:58.410Z,FALSE,"",23:25,TRUE
fare_DEL-BOM_QP_2026-10-01_T+15_1789528445703_f65d,DEL-BOM,EaseMyTrip,QP,QP-2018,2026-10-01,T+15,5141,1129,6270,2026-09-16T02:51:58.410Z,FALSE,"",11:00,TRUE
fare_DEL-BOM_SG_2026-10-01_T+15_1789528445703_ef4k,DEL-BOM,EaseMyTrip,SG,SG-591,2026-10-01,T+15,5525,1213,6738,2026-09-16T02:51:58.410Z,FALSE,"",22:30,TRUE
fare_DEL-BOM_SG_2026-10-01_T+15_1789528445703_xvna,DEL-BOM,EaseMyTrip,SG,SG-537,2026-10-01,T+15,5525,1213,6738,2026-09-16T02:51:58.410Z,FALSE,"",22:30,TRUE
fare_DEL-BOM_SG_2026-10-01_T+15_1789528445703_cf1n,DEL-BOM,EaseMyTrip,SG,SG-850,2026-10-01,T+15,5525,1213,6738,2026-09-16T02:51:58.410Z,FALSE,"",19:55,TRUE
fare_DEL-BOM_SG_2026-10-01_T+15_1789528445703_s5pu,DEL-BOM,EaseMyTrip,SG,SG-294,2026-10-01,T+15,5525,1213,6738,2026-09-16T02:51:58.410Z,FALSE,"",19:55,TRUE
fare_DEL-BOM_IX_2026-10-01_T+15_1789528445703_c4vk,DEL-BOM,EaseMyTrip,IX,IX-1038,2026-10-01,T+15,5755,1263,7018,2026-09-16T02:51:58.410Z,FALSE,"",17:35,TRUE
fare_DEL-BOM_IX_2026-10-01_T+15_1789528445703_zhzj,DEL-BOM,EaseMyTrip,IX,IX-1024,2026-10-01,T+15,5755,1263,7018,2026-09-16T02:51:58.410Z,FALSE,"",18:40,TRUE
fare_DEL-BOM_6E_2026-10-01_T+15_1789528445703_qrvf,DEL-BOM,EaseMyTrip,6E,6E-5096,2026-10-01,T+15,5282,1160,6442,2026-09-16T02:51:58.410Z,FALSE,"",17:00,TRUE
fare_DEL-BOM_QP_2026-10-01_T+15_1789528445703_slrc,DEL-BOM,EaseMyTrip,QP,QP-2012,2026-10-01,T+15,5330,1170,6500,2026-09-16T02:51:58.410Z,FALSE,"",08:55,TRUE
fare_DEL-BOM_6E_2026-10-01_T+15_1789528445703_7kuh,DEL-BOM,EaseMyTrip,6E,6E-3127,2026-10-01,T+15,5355,1175,6530,2026-09-16T02:51:58.410Z,FALSE,"",00:55,TRUE
fare_DEL-BOM_6E_2026-10-01_T+15_1789528445703_foes,DEL-BOM,EaseMyTrip,6E,6E-751,2026-10-01,T+15,5355,1175,6530,2026-09-16T02:51:58.410Z,FALSE,"",15:30,TRUE
fare_DEL-BOM_6E_2026-10-01_T+15_1789528445703_5ib0,DEL-BOM,EaseMyTrip,6E,6E-411,2026-10-01,T+15,5355,1175,6530,2026-09-16T02:51:58.410Z,FALSE,"",15:30,TRUE
fare_DEL-BOM_6E_2026-10-01_T+15_1789528445703_ohl1,DEL-BOM,EaseMyTrip,6E,6E-6318,2026-10-01,T+15,5355,1175,6530,2026-09-16T02:51:58.410Z,FALSE,"",14:45,TRUE
fare_DEL-BOM_6E_2026-10-01_T+15_1789528445703_m9ky,DEL-BOM,EaseMyTrip,6E,6E-757,2026-10-01,T+15,5355,1175,6530,2026-09-16T02:51:58.410Z,FALSE,"",05:00,TRUE
fare_DEL-BOM_6E_2026-10-01_T+15_1789528445703_bi7o,DEL-BOM,EaseMyTrip,6E,6E-487,2026-10-01,T+15,5355,1175,6530,2026-09-16T02:51:58.410Z,FALSE,"",05:00,TRUE
fare_DEL-BOM_6E_2026-10-01_T+15_1789528445703_ftyy,DEL-BOM,EaseMyTrip,6E,6E-381,2026-10-01,T+15,5355,1175,6530,2026-09-16T02:51:58.410Z,FALSE,"",08:45,TRUE
fare_DEL-BOM_6E_2026-10-01_T+15_1789528445703_de3s,DEL-BOM,EaseMyTrip,6E,6E-437,2026-10-01,T+15,5355,1175,6530,2026-09-16T02:51:58.410Z,FALSE,"",08:45,TRUE
fare_DEL-BOM_6E_2026-10-01_T+15_1789528445703_2f4i,DEL-BOM,EaseMyTrip,6E,6E-6047,2026-10-01,T+15,5355,1175,6530,2026-09-16T02:51:58.410Z,FALSE,"",11:00,TRUE
fare_DEL-BOM_6E_2026-10-01_T+15_1789528445703_fkjl,DEL-BOM,EaseMyTrip,6E,6E-6676,2026-10-01,T+15,5355,1175,6530,2026-09-16T02:51:58.410Z,FALSE,"",12:00,TRUE
fare_DEL-BOM_QP_2026-10-01_T+15_1789528445703_mtj4,DEL-BOM,EaseMyTrip,QP,QP-1833,2026-10-01,T+15,5355,1175,6530,2026-09-16T02:51:58.410Z,FALSE,"",06:50,TRUE
fare_DEL-BOM_QP_2026-10-01_T+15_1789528445703_6bql,DEL-BOM,EaseMyTrip,QP,QP-1110,2026-10-01,T+15,5355,1175,6530,2026-09-16T02:51:58.410Z,FALSE,"",10:00,TRUE
fare_DEL-BOM_QP_2026-10-01_T+15_1789528445703_s6c7,DEL-BOM,EaseMyTrip,QP,QP-1128,2026-10-01,T+15,5355,1175,6530,2026-09-16T02:51:58.410Z,FALSE,"",16:00,TRUE
fare_DEL-BOM_6E_2026-10-01_T+15_1789528445703_frkx,DEL-BOM,EaseMyTrip,6E,6E-512,2026-10-01,T+15,5355,1175,6530,2026-09-16T02:51:58.410Z,FALSE,"",16:15,TRUE
fare_DEL-BOM_6E_2026-10-01_T+15_1789528445703_molm,DEL-BOM,EaseMyTrip,6E,6E-288,2026-10-01,T+15,5355,1175,6530,2026-09-16T02:51:58.410Z,FALSE,"",16:15,TRUE
fare_DEL-BOM_6E_2026-10-01_T+15_1789528445703_l0og,DEL-BOM,EaseMyTrip,6E,6E-461,2026-10-01,T+15,5355,1175,6530,2026-09-16T02:51:58.410Z,FALSE,"",03:00,TRUE
fare_DEL-BOM_6E_2026-10-01_T+15_1789528445703_itz8,DEL-BOM,EaseMyTrip,6E,6E-698,2026-10-01,T+15,5355,1175,6530,2026-09-16T02:51:58.410Z,FALSE,"",03:00,TRUE
fare_DEL-BOM_6E_2026-10-01_T+15_1789528445703_zklf,DEL-BOM,EaseMyTrip,6E,6E-6328,2026-10-01,T+15,5355,1175,6530,2026-09-16T02:51:58.410Z,FALSE,"",10:15,TRUE
fare_DEL-BOM_QP_2026-10-01_T+15_1789528445703_lf90,DEL-BOM,EaseMyTrip,QP,QP-1119,2026-10-01,T+15,5355,1175,6530,2026-09-16T02:51:58.410Z,FALSE,"",08:40,TRUE
fare_DEL-BOM_6E_2026-10-01_T+15_1789528445703_dduu,DEL-BOM,EaseMyTrip,6E,6E-6022,2026-10-01,T+15,5355,1175,6530,2026-09-16T02:51:58.410Z,FALSE,"",14:00,TRUE
fare_DEL-BOM_6E_2026-10-01_T+15_1789528445703_6mh0,DEL-BOM,EaseMyTrip,6E,6E-6107,2026-10-01,T+15,5355,1175,6530,2026-09-16T02:51:58.410Z,FALSE,"",09:30,TRUE
fare_DEL-BOM_IX_2026-10-01_T+15_1789528445703_okdq,DEL-BOM,EaseMyTrip,IX,IX-1056,2026-10-01,T+15,5656,1242,6898,2026-09-16T02:51:58.410Z,FALSE,"",17:50,TRUE
fare_DEL-BOM_6E_2026-10-01_T+15_1789528445703_fc8z,DEL-BOM,EaseMyTrip,6E,6E-5119,2026-10-01,T+15,5410,1188,6598,2026-09-16T02:51:58.410Z,FALSE,"",05:10,FALSE
fare_DEL-BOM_6E_2026-10-01_T+15_1789528445703_4jmk,DEL-BOM,EaseMyTrip,6E,6E-6190,2026-10-01,T+15,5410,1188,6598,2026-09-16T02:51:58.410Z,FALSE,"",07:40,FALSE
fare_DEL-BOM_6E_2026-10-01_T+15_1789528445703_9gv0,DEL-BOM,EaseMyTrip,6E,6E-6261,2026-10-01,T+15,5410,1188,6598,2026-09-16T02:51:58.410Z,FALSE,"",00:15,FALSE
fare_DEL-BOM_6E_2026-10-01_T+15_1789528445703_11k7,DEL-BOM,EaseMyTrip,6E,6E-5198,2026-10-01,T+15,5427,1191,6618,2026-09-16T02:51:58.410Z,FALSE,"",15:00,TRUE
fare_DEL-BOM_6E_2026-10-01_T+15_1789528445703_qm50,DEL-BOM,EaseMyTrip,6E,6E-5014,2026-10-01,T+15,5427,1191,6618,2026-09-16T02:51:58.410Z,FALSE,"",18:30,FALSE
fare_DEL-BOM_6E_2026-10-01_T+15_1789528445703_lwva,DEL-BOM,EaseMyTrip,6E,6E-5073,2026-10-01,T+15,5427,1191,6618,2026-09-16T02:51:58.410Z,FALSE,"",17:05,FALSE
fare_DEL-BOM_6E_2026-10-01_T+15_1789528445703_vh6z,DEL-BOM,EaseMyTrip,6E,6E-6454,2026-10-01,T+15,5427,1191,6618,2026-09-16T02:51:58.410Z,FALSE,"",13:50,FALSE
fare_DEL-BOM_6E_2026-10-01_T+15_1789528445703_wkm6,DEL-BOM,EaseMyTrip,6E,6E-2076,2026-10-01,T+15,5427,1191,6618,2026-09-16T02:51:58.410Z,FALSE,"",07:30,FALSE
fare_DEL-BOM_6E_2026-10-01_T+15_1789528445703_lmd2,DEL-BOM,EaseMyTrip,6E,6E-2013,2026-10-01,T+15,5427,1191,6618,2026-09-16T02:51:58.410Z,FALSE,"",21:50,FALSE
fare_DEL-BOM_6E_2026-10-01_T+15_1789528445703_hod8,DEL-BOM,EaseMyTrip,6E,6E-6983,2026-10-01,T+15,5427,1191,6618,2026-09-16T02:51:58.410Z,FALSE,"",15:35,FALSE
fare_DEL-BOM_6E_2026-10-01_T+15_1789528445703_z3sq,DEL-BOM,EaseMyTrip,6E,6E-6218,2026-10-01,T+15,5484,1204,6688,2026-09-16T02:51:58.410Z,FALSE,"",06:05,TRUE
fare_DEL-BOM_QP_2026-10-01_T+15_1789528445703_1jlf,DEL-BOM,EaseMyTrip,QP,QP-1820,2026-10-01,T+15,5518,1211,6729,2026-09-16T02:51:58.410Z,FALSE,"",17:30,TRUE
fare_DEL-BOM_6E_2026-10-01_T+15_1789528445703_jhpw,DEL-BOM,EaseMyTrip,6E,6E-6490,2026-10-01,T+15,5518,1211,6729,2026-09-16T02:51:58.410Z,FALSE,"",04:55,FALSE
fare_DEL-BOM_6E_2026-10-01_T+15_1789528445703_sxcg,DEL-BOM,EaseMyTrip,6E,6E-2249,2026-10-01,T+15,5518,1211,6729,2026-09-16T02:51:58.410Z,FALSE,"",15:00,FALSE
fare_DEL-BOM_6E_2026-10-01_T+15_1789528445703_rfkx,DEL-BOM,EaseMyTrip,6E,6E-2169,2026-10-01,T+15,5535,1215,6750,2026-09-16T02:51:58.410Z,FALSE,"",19:20,FALSE
fare_DEL-BOM_6E_2026-10-01_T+15_1789528445703_i5vd,DEL-BOM,EaseMyTrip,6E,6E-6443,2026-10-01,T+15,5535,1215,6750,2026-09-16T02:51:58.410Z,FALSE,"",09:00,FALSE
fare_DEL-BOM_6E_2026-10-01_T+15_1789528445703_9lq3,DEL-BOM,EaseMyTrip,6E,6E-5138,2026-10-01,T+15,5535,1215,6750,2026-09-16T02:51:58.410Z,FALSE,"",19:10,FALSE
fare_DEL-BOM_6E_2026-10-01_T+15_1789528445703_rike,DEL-BOM,EaseMyTrip,6E,6E-6459,2026-10-01,T+15,5535,1215,6750,2026-09-16T02:51:58.410Z,FALSE,"",05:55,FALSE
fare_DEL-BOM_6E_2026-10-01_T+15_1789528445703_4szb,DEL-BOM,EaseMyTrip,6E,6E-6433,2026-10-01,T+15,5535,1215,6750,2026-09-16T02:51:58.410Z,FALSE,"",16:30,FALSE
fare_DEL-BOM_6E_2026-10-01_T+15_1789528445703_gews,DEL-BOM,EaseMyTrip,6E,6E-6479,2026-10-01,T+15,5599,1229,6828,2026-09-16T02:51:58.410Z,FALSE,"",21:25,FALSE
fare_DEL-BOM_6E_2026-10-01_T+15_1789528445703_mphl,DEL-BOM,EaseMyTrip,6E,6E-2113,2026-10-01,T+15,5599,1229,6828,2026-09-16T02:51:58.410Z,FALSE,"",13:20,FALSE
fare_DEL-BOM_6E_2026-10-01_T+15_1789528445703_5rkn,DEL-BOM,EaseMyTrip,6E,6E-6050,2026-10-01,T+15,5599,1229,6828,2026-09-16T02:51:58.410Z,FALSE,"",08:15,FALSE
fare_DEL-BOM_6E_2026-10-01_T+15_1789528445703_6qqf,DEL-BOM,EaseMyTrip,6E,6E-5038,2026-10-01,T+15,5599,1229,6828,2026-09-16T02:51:58.410Z,FALSE,"",14:00,FALSE
fare_DEL-BOM_6E_2026-10-01_T+15_1789528445703_m6k4,DEL-BOM,EaseMyTrip,6E,6E-103,2026-10-01,T+15,5656,1242,6898,2026-09-16T02:51:58.410Z,FALSE,"",13:00,TRUE
fare_DEL-BOM_6E_2026-10-01_T+15_1789528445703_yf92,DEL-BOM,EaseMyTrip,6E,6E-278,2026-10-01,T+15,5656,1242,6898,2026-09-16T02:51:58.410Z,FALSE,"",13:00,TRUE
fare_DEL-BOM_6E_2026-10-01_T+15_1789528445703_1s48,DEL-BOM,EaseMyTrip,6E,6E-260,2026-10-01,T+15,5656,1242,6898,2026-09-16T02:51:58.410Z,FALSE,"",23:30,TRUE
fare_DEL-BOM_6E_2026-10-01_T+15_1789528445703_oq81,DEL-BOM,EaseMyTrip,6E,6E-182,2026-10-01,T+15,5656,1242,6898,2026-09-16T02:51:58.410Z,FALSE,"",23:30,TRUE
fare_DEL-BOM_6E_2026-10-01_T+15_1789528445703_qp75,DEL-BOM,EaseMyTrip,6E,6E-6706,2026-10-01,T+15,5656,1242,6898,2026-09-16T02:51:58.410Z,FALSE,"",17:00,TRUE
fare_DEL-BOM_6E_2026-10-01_T+15_1789528445703_ogo6,DEL-BOM,EaseMyTrip,6E,6E-6814,2026-10-01,T+15,5656,1242,6898,2026-09-16T02:51:58.410Z,FALSE,"",07:15,TRUE
fare_DEL-BOM_6E_2026-10-01_T+15_1789528445703_zh83,DEL-BOM,EaseMyTrip,6E,6E-974,2026-10-01,T+15,5656,1242,6898,2026-09-16T02:51:58.410Z,FALSE,"",08:00,TRUE
fare_DEL-BOM_6E_2026-10-01_T+15_1789528445703_de6q,DEL-BOM,EaseMyTrip,6E,6E-420,2026-10-01,T+15,5656,1242,6898,2026-09-16T02:51:58.410Z,FALSE,"",08:00,TRUE
fare_DEL-BOM_6E_2026-10-01_T+15_1789528445703_qctw,DEL-BOM,EaseMyTrip,6E,6E-6470,2026-10-01,T+15,5698,1251,6949,2026-09-16T02:51:58.410Z,FALSE,"",06:55,TRUE
fare_DEL-BOM_6E_2026-10-01_T+15_1789528445703_zqih,DEL-BOM,EaseMyTrip,6E,6E-6601,2026-10-01,T+15,5707,1253,6960,2026-09-16T02:51:58.410Z,FALSE,"",19:45,FALSE
fare_DEL-BOM_6E_2026-10-01_T+15_1789528445703_0bda,DEL-BOM,EaseMyTrip,6E,6E-6282,2026-10-01,T+15,5707,1253,6960,2026-09-16T02:51:58.410Z,FALSE,"",13:30,FALSE
fare_DEL-BOM_6E_2026-10-01_T+15_1789528445703_my8s,DEL-BOM,EaseMyTrip,6E,6E-664,2026-10-01,T+15,5707,1253,6960,2026-09-16T02:51:58.410Z,FALSE,"",23:15,FALSE
fare_DEL-BOM_6E_2026-10-01_T+15_1789528445703_qf7w,DEL-BOM,EaseMyTrip,6E,6E-801,2026-10-01,T+15,5707,1253,6960,2026-09-16T02:51:58.410Z,FALSE,"",23:15,FALSE
fare_DEL-BOM_6E_2026-10-01_T+15_1789528445703_r52i,DEL-BOM,EaseMyTrip,6E,6E-6026,2026-10-01,T+15,5707,1253,6960,2026-09-16T02:51:58.410Z,FALSE,"",05:30,FALSE
fare_DEL-BOM_6E_2026-10-01_T+15_1789528445703_4uz5,DEL-BOM,EaseMyTrip,6E,6E-902,2026-10-01,T+15,5707,1253,6960,2026-09-16T02:51:58.410Z,FALSE,"",02:25,FALSE
fare_DEL-BOM_6E_2026-10-01_T+15_1789528445703_vn3w,DEL-BOM,EaseMyTrip,6E,6E-196,2026-10-01,T+15,5707,1253,6960,2026-09-16T02:51:58.410Z,FALSE,"",02:25,FALSE
fare_DEL-BOM_6E_2026-10-01_T+15_1789528445703_2xav,DEL-BOM,EaseMyTrip,6E,6E-340,2026-10-01,T+15,5707,1253,6960,2026-09-16T02:51:58.410Z,FALSE,"",17:55,FALSE
fare_DEL-BOM_6E_2026-10-01_T+15_1789528445703_9up1,DEL-BOM,EaseMyTrip,6E,6E-314,2026-10-01,T+15,5707,1253,6960,2026-09-16T02:51:58.410Z,FALSE,"",17:55,FALSE
fare_DEL-BOM_6E_2026-10-01_T+15_1789528445703_zkga,DEL-BOM,EaseMyTrip,6E,6E-6212,2026-10-01,T+15,5707,1253,6960,2026-09-16T02:51:58.410Z,FALSE,"",14:45,FALSE
fare_DEL-BOM_6E_2026-10-01_T+15_1789528445703_711r,DEL-BOM,EaseMyTrip,6E,6E-6171,2026-10-01,T+15,5856,1286,7142,2026-09-16T02:51:58.410Z,FALSE,"",05:40,FALSE
fare_DEL-BOM_6E_2026-10-01_T+15_1789528445703_aiam,DEL-BOM,EaseMyTrip,6E,6E-707,2026-10-01,T+15,5856,1286,7142,2026-09-16T02:51:58.410Z,FALSE,"",19:30,FALSE
fare_DEL-BOM_6E_2026-10-01_T+15_1789528445703_ooom,DEL-BOM,EaseMyTrip,6E,6E-355,2026-10-01,T+15,5856,1286,7142,2026-09-16T02:51:58.410Z,FALSE,"",19:30,FALSE
fare_DEL-BOM_6E_2026-10-01_T+15_1789528445703_uc0a,DEL-BOM,EaseMyTrip,6E,6E-6114,2026-10-01,T+15,5871,1289,7160,2026-09-16T02:51:58.410Z,FALSE,"",22:45,TRUE
fare_DEL-BOM_6E_2026-10-01_T+15_1789528445703_dpq3,DEL-BOM,EaseMyTrip,6E,6E-222,2026-10-01,T+15,6130,1345,7475,2026-09-16T02:51:58.410Z,FALSE,"",20:45,TRUE
fare_DEL-BOM_6E_2026-10-01_T+15_1789528445703_hi60,DEL-BOM,EaseMyTrip,6E,6E-658,2026-10-01,T+15,6130,1345,7475,2026-09-16T02:51:58.410Z,FALSE,"",20:45,TRUE
fare_DEL-BOM_6E_2026-10-01_T+15_1789528445703_385q,DEL-BOM,EaseMyTrip,6E,6E-303,2026-10-01,T+15,6130,1345,7475,2026-09-16T02:51:58.410Z,FALSE,"",18:00,TRUE
fare_DEL-BOM_6E_2026-10-01_T+15_1789528445703_ruei,DEL-BOM,EaseMyTrip,6E,6E-140,2026-10-01,T+15,6130,1345,7475,2026-09-16T02:51:58.410Z,FALSE,"",18:00,TRUE
fare_DEL-BOM_6E_2026-10-01_T+15_1789528445703_c06x,DEL-BOM,EaseMyTrip,6E,6E-335,2026-10-01,T+15,6130,1345,7475,2026-09-16T02:51:58.410Z,FALSE,"",21:45,TRUE
fare_DEL-BOM_6E_2026-10-01_T+15_1789528445703_aqa2,DEL-BOM,EaseMyTrip,6E,6E-257,2026-10-01,T+15,6130,1345,7475,2026-09-16T02:51:58.410Z,FALSE,"",21:45,TRUE
fare_DEL-BOM_6E_2026-10-01_T+15_1789528445703_iepd,DEL-BOM,EaseMyTrip,6E,6E-518,2026-10-01,T+15,6172,1355,7527,2026-09-16T02:51:58.410Z,FALSE,"",20:20,TRUE
fare_DEL-BOM_6E_2026-10-01_T+15_1789528445703_1jd2,DEL-BOM,EaseMyTrip,6E,6E-2341,2026-10-01,T+15,6268,1376,7644,2026-09-16T02:51:58.410Z,FALSE,"",14:50,FALSE
fare_DEL-BOM_6E_2026-10-01_T+15_1789528445703_hcxg,DEL-BOM,EaseMyTrip,6E,6E-2331,2026-10-01,T+15,6268,1376,7644,2026-09-16T02:51:58.410Z,FALSE,"",12:20,FALSE
fare_DEL-BOM_6E_2026-10-01_T+15_1789528445703_oftd,DEL-BOM,EaseMyTrip,6E,6E-173,2026-10-01,T+15,6268,1376,7644,2026-09-16T02:51:58.410Z,FALSE,"",10:00,FALSE
fare_DEL-BOM_6E_2026-10-01_T+15_1789528445703_nuv5,DEL-BOM,EaseMyTrip,6E,6E-816,2026-10-01,T+15,6268,1376,7644,2026-09-16T02:51:58.410Z,FALSE,"",10:00,FALSE
fare_DEL-BOM_6E_2026-10-01_T+15_1789528445703_2zso,DEL-BOM,EaseMyTrip,6E,6E-2571,2026-10-01,T+15,6331,1390,7721,2026-09-16T02:51:58.410Z,FALSE,"",12:30,FALSE
fare_DEL-BOM_6E_2026-10-01_T+15_1789528445703_s9d1,DEL-BOM,EaseMyTrip,6E,6E-861,2026-10-01,T+15,6388,1402,7790,2026-09-16T02:51:58.410Z,FALSE,"",20:00,TRUE
fare_DEL-BOM_6E_2026-10-01_T+15_1789528445703_nx3s,DEL-BOM,EaseMyTrip,6E,6E-356,2026-10-01,T+15,6388,1402,7790,2026-09-16T02:51:58.410Z,FALSE,"",20:00,TRUE
fare_DEL-BOM_6E_2026-10-01_T+15_1789528445703_krjt,DEL-BOM,EaseMyTrip,6E,6E-713,2026-10-01,T+15,6388,1402,7790,2026-09-16T02:51:58.410Z,FALSE,"",19:00,TRUE
fare_DEL-BOM_6E_2026-10-01_T+15_1789528445703_ht0u,DEL-BOM,EaseMyTrip,6E,6E-560,2026-10-01,T+15,6388,1402,7790,2026-09-16T02:51:58.410Z,FALSE,"",19:00,TRUE
fare_DEL-BOM_QP_2026-10-01_T+15_1789528445703_7rt9,DEL-BOM,EaseMyTrip,QP,QP-1826,2026-10-01,T+15,6496,1426,7922,2026-09-16T02:51:58.410Z,FALSE,"",19:55,TRUE
fare_DEL-BOM_6E_2026-10-01_T+15_1789528445703_p1wv,DEL-BOM,EaseMyTrip,6E,6E-7646,2026-10-01,T+15,6617,1453,8070,2026-09-16T02:51:58.410Z,FALSE,"",06:15,FALSE
fare_DEL-BOM_6E_2026-10-01_T+15_1789528445703_wldw,DEL-BOM,EaseMyTrip,6E,6E-295,2026-10-01,T+15,7127,1565,8692,2026-09-16T02:51:58.410Z,FALSE,"",08:30,FALSE
fare_DEL-BOM_6E_2026-10-01_T+15_1789528445703_200m,DEL-BOM,EaseMyTrip,6E,6E-171,2026-10-01,T+15,7127,1565,8692,2026-09-16T02:51:58.410Z,FALSE,"",08:30,FALSE
fare_DEL-BOM_AI_2026-10-01_T+15_1789528445703_xcod,DEL-BOM,EaseMyTrip,AI,AI-2569,2026-10-01,T+15,7811,1715,9526,2026-09-16T02:51:58.410Z,FALSE,"",20:30,FALSE
fare_DEL-BOM_AI_2026-10-01_T+15_1789528445703_gn1o,DEL-BOM,EaseMyTrip,AI,AI-1710,2026-10-01,T+15,7811,1715,9526,2026-09-16T02:51:58.410Z,FALSE,"",18:35,FALSE
fare_DEL-BOM_6E_2026-10-01_T+15_1789528445703_rozl,DEL-BOM,EaseMyTrip,6E,6E-2381,2026-10-01,T+15,7698,1690,9388,2026-09-16T02:51:58.410Z,FALSE,"",13:45,FALSE
fare_DEL-BOM_6E_2026-10-01_T+15_1789528445703_ji7k,DEL-BOM,EaseMyTrip,6E,6E-226,2026-10-01,T+15,7763,1704,9467,2026-09-16T02:51:58.410Z,FALSE,"",19:30,FALSE
fare_DEL-BOM_6E_2026-10-01_T+15_1789528445703_rhpm,DEL-BOM,EaseMyTrip,6E,6E-532,2026-10-01,T+15,7763,1704,9467,2026-09-16T02:51:58.410Z,FALSE,"",19:30,FALSE
fare_DEL-BOM_6E_2026-10-01_T+15_1789528445703_pxfj,DEL-BOM,EaseMyTrip,6E,6E-7642,2026-10-01,T+15,7820,1716,9536,2026-09-16T02:51:58.410Z,FALSE,"",15:45,FALSE
fare_DEL-BOM_6E_2026-10-01_T+15_1789528445703_kixx,DEL-BOM,EaseMyTrip,6E,6E-2349,2026-10-01,T+15,7968,1749,9717,2026-09-16T02:51:58.410Z,FALSE,"",10:55,FALSE
fare_DEL-BOM_AI_2026-10-01_T+15_1789528445703_2uzm,DEL-BOM,EaseMyTrip,AI,AI-1717,2026-10-01,T+15,8165,1792,9957,2026-09-16T02:51:58.410Z,FALSE,"",14:20,FALSE
fare_DEL-BOM_6E_2026-10-01_T+15_1789528445703_rw5v,DEL-BOM,EaseMyTrip,6E,6E-5298,2026-10-01,T+15,8218,1804,10022,2026-09-16T02:51:58.410Z,FALSE,"",09:00,FALSE
fare_DEL-BOM_6E_2026-10-01_T+15_1789528445703_5um6,DEL-BOM,EaseMyTrip,6E,6E-553,2026-10-01,T+15,8218,1804,10022,2026-09-16T02:51:58.410Z,FALSE,"",16:10,FALSE
fare_DEL-BOM_6E_2026-10-01_T+15_1789528445703_qai4,DEL-BOM,EaseMyTrip,6E,6E-157,2026-10-01,T+15,8218,1804,10022,2026-09-16T02:51:58.410Z,FALSE,"",16:10,FALSE
fare_DEL-BOM_AI_2026-10-01_T+15_1789528445703_zwc9,DEL-BOM,EaseMyTrip,AI,AI-9759,2026-10-01,T+15,9723,2134,11857,2026-09-16T02:51:58.410Z,FALSE,"",06:00,FALSE
fare_DEL-BOM_6E_2026-10-01_T+15_1789528445703_ml6p,DEL-BOM,EaseMyTrip,6E,6E-841,2026-10-01,T+15,9838,2159,11997,2026-09-16T02:51:58.410Z,FALSE,"",12:10,FALSE
fare_DEL-BOM_6E_2026-10-01_T+15_1789528445703_lp5p,DEL-BOM,EaseMyTrip,6E,6E-712,2026-10-01,T+15,9838,2159,11997,2026-09-16T02:51:58.410Z,FALSE,"",12:10,FALSE
fare_DEL-BOM_IX_2026-10-01_T+15_1789528445703_hew1,DEL-BOM,EaseMyTrip,IX,IX-2749,2026-10-01,T+15,10749,2359,13108,2026-09-16T02:51:58.410Z,FALSE,"",10:25,FALSE
fare_DEL-BOM_AI_2026-10-01_T+15_1789528445703_axoz,DEL-BOM,EaseMyTrip,AI,AI-2715,2026-10-01,T+15,11290,2478,13768,2026-09-16T02:51:58.410Z,TRUE,"High outlier: ₹13768 > upper fence ₹13543 (Q3: ₹9388, IQR: ₹2770)",11:40,FALSE
fare_DEL-BOM_AI_2026-10-01_T+15_1789528445703_vwz3,DEL-BOM,EaseMyTrip,AI,AI-2959,2026-10-01,T+15,11290,2478,13768,2026-09-16T02:51:58.410Z,TRUE,"High outlier: ₹13768 > upper fence ₹13543 (Q3: ₹9388, IQR: ₹2770)",07:10,FALSE
fare_DEL-BOM_AI_2026-10-01_T+15_1789528445703_flpf,DEL-BOM,EaseMyTrip,AI,AI-2939,2026-10-01,T+15,11382,2498,13880,2026-09-16T02:51:58.410Z,TRUE,"High outlier: ₹13880 > upper fence ₹13543 (Q3: ₹9388, IQR: ₹2770)",16:40,FALSE
fare_DEL-BOM_AI_2026-10-01_T+15_1789528445703_juai,DEL-BOM,EaseMyTrip,AI,AI-881,2026-10-01,T+15,11382,2498,13880,2026-09-16T02:51:58.410Z,TRUE,"High outlier: ₹13880 > upper fence ₹13543 (Q3: ₹9388, IQR: ₹2770)",13:35,FALSE
fare_DEL-BOM_6E_2026-10-01_T+15_1789528445703_7awh,DEL-BOM,EaseMyTrip,6E,6E-6829,2026-10-01,T+15,12357,2713,15070,2026-09-16T02:51:58.410Z,TRUE,"High outlier: ₹15070 > upper fence ₹13543 (Q3: ₹9388, IQR: ₹2770)",17:20,FALSE
fare_DEL-BOM_AI_2026-10-01_T+15_1789528445703_tf97,DEL-BOM,EaseMyTrip,AI,AI-9584,2026-10-01,T+15,12779,2805,15584,2026-09-16T02:51:58.410Z,TRUE,"High outlier: ₹15584 > upper fence ₹13543 (Q3: ₹9388, IQR: ₹2770)",11:15,FALSE
fare_DEL-BOM_AI_2026-10-01_T+15_1789528445703_afi1,DEL-BOM,EaseMyTrip,AI,AI-1743,2026-10-01,T+15,12850,2821,15671,2026-09-16T02:51:58.410Z,TRUE,"High outlier: ₹15671 > upper fence ₹13543 (Q3: ₹9388, IQR: ₹2770)",06:15,FALSE
fare_DEL-BOM_QP_2026-10-01_T+15_1789528445703_tpwx,DEL-BOM,EaseMyTrip,QP,QP-1822,2026-10-01,T+15,13362,2933,16295,2026-09-16T02:51:58.410Z,TRUE,"High outlier: ₹16295 > upper fence ₹13543 (Q3: ₹9388, IQR: ₹2770)",16:40,FALSE
fare_DEL-BOM_IX_2026-10-01_T+15_1789528445703_42lv,DEL-BOM,EaseMyTrip,IX,IX-1082,2026-10-01,T+15,13932,3058,16990,2026-09-16T02:51:58.410Z,TRUE,"High outlier: ₹16990 > upper fence ₹13543 (Q3: ₹9388, IQR: ₹2770)",21:25,FALSE
fare_DEL-BOM_IX_2026-10-01_T+15_1789528445703_8o3o,DEL-BOM,EaseMyTrip,IX,IX-1817,2026-10-01,T+15,15796,3468,19264,2026-09-16T02:51:58.410Z,TRUE,"High outlier: ₹19264 > upper fence ₹13543 (Q3: ₹9388, IQR: ₹2770)",19:30,FALSE
fare_DEL-BOM_IX_2026-10-01_T+15_1789528445703_9gyi,DEL-BOM,EaseMyTrip,IX,IX-1068,2026-10-01,T+15,16124,3539,19663,2026-09-16T02:51:58.410Z,TRUE,"High outlier: ₹19663 > upper fence ₹13543 (Q3: ₹9388, IQR: ₹2770)",11:55,FALSE
fare_DEL-BOM_IX_2026-10-01_T+15_1789528445703_yvjd,DEL-BOM,EaseMyTrip,IX,IX-1059,2026-10-01,T+15,15778,3463,19241,2026-09-16T02:51:58.410Z,TRUE,"High outlier: ₹19241 > upper fence ₹13543 (Q3: ₹9388, IQR: ₹2770)",12:15,FALSE
fare_DEL-BOM_IX_2026-10-01_T+15_1789528445703_nf6a,DEL-BOM,EaseMyTrip,IX,IX-1064,2026-10-01,T+15,15778,3463,19241,2026-09-16T02:51:58.410Z,TRUE,"High outlier: ₹19241 > upper fence ₹13543 (Q3: ₹9388, IQR: ₹2770)",19:10,FALSE
fare_DEL-BOM_IX_2026-10-01_T+15_1789528445703_1txv,DEL-BOM,EaseMyTrip,IX,IX-1108,2026-10-01,T+15,15778,3463,19241,2026-09-16T02:51:58.410Z,TRUE,"High outlier: ₹19241 > upper fence ₹13543 (Q3: ₹9388, IQR: ₹2770)",05:00,FALSE
fare_DEL-BOM_IX_2026-10-01_T+15_1789528445703_tei4,DEL-BOM,EaseMyTrip,IX,IX-1783,2026-10-01,T+15,16460,3613,20073,2026-09-16T02:51:58.410Z,TRUE,"High outlier: ₹20073 > upper fence ₹13543 (Q3: ₹9388, IQR: ₹2770)",07:20,FALSE
fare_DEL-BOM_IX_2026-10-01_T+15_1789528445703_u069,DEL-BOM,EaseMyTrip,IX,IX-1057,2026-10-01,T+15,16460,3613,20073,2026-09-16T02:51:58.410Z,TRUE,"High outlier: ₹20073 > upper fence ₹13543 (Q3: ₹9388, IQR: ₹2770)",06:20,FALSE
fare_DEL-BOM_AI_2026-10-01_T+15_1789528445703_syas,DEL-BOM,EaseMyTrip,AI,AI-2907,2026-10-01,T+15,16393,3599,19992,2026-09-16T02:51:58.410Z,TRUE,"High outlier: ₹19992 > upper fence ₹13543 (Q3: ₹9388, IQR: ₹2770)",12:00,FALSE
fare_DEL-BOM_IX_2026-10-01_T+15_1789528445703_jk9b,DEL-BOM,EaseMyTrip,IX,IX-1049,2026-10-01,T+15,16917,3713,20630,2026-09-16T02:51:58.410Z,TRUE,"High outlier: ₹20630 > upper fence ₹13543 (Q3: ₹9388, IQR: ₹2770)",18:40,FALSE
fare_DEL-BOM_AI_2026-10-01_T+15_1789528445703_73zx,DEL-BOM,EaseMyTrip,AI,AI-2627,2026-10-01,T+15,29128,6394,35522,2026-09-16T02:51:58.410Z,TRUE,"High outlier: ₹35522 > upper fence ₹13543 (Q3: ₹9388, IQR: ₹2770)",10:45,FALSE
fare_DEL-BOM_IX_2026-09-17_T+1_1789528445703_ypnh,DEL-BOM,EaseMyTrip,IX,IX-1038,2026-09-17,T+1,5354,1175,6529,2026-09-16T02:51:44.839Z,FALSE,"",17:35,TRUE
fare_DEL-BOM_IX_2026-09-17_T+1_1789528445703_kurw,DEL-BOM,EaseMyTrip,IX,IX-1235,2026-09-17,T+1,5354,1175,6529,2026-09-16T02:51:44.839Z,FALSE,"",23:25,TRUE
fare_DEL-BOM_IX_2026-09-17_T+1_1789528445703_i0vy,DEL-BOM,EaseMyTrip,IX,IX-1080,2026-09-17,T+1,5354,1175,6529,2026-09-16T02:51:44.839Z,FALSE,"",18:40,TRUE
fare_DEL-BOM_IX_2026-09-17_T+1_1789528445703_6bk5,DEL-BOM,EaseMyTrip,IX,IX-1056,2026-09-17,T+1,5354,1175,6529,2026-09-16T02:51:44.839Z,FALSE,"",05:35,TRUE
fare_DEL-BOM_SG_2026-09-17_T+1_1789528445703_kb4n,DEL-BOM,EaseMyTrip,SG,SG-953,2026-09-17,T+1,5287,1160,6447,2026-09-16T02:51:44.839Z,FALSE,"",19:55,TRUE
fare_DEL-BOM_SG_2026-09-17_T+1_1789528445703_4945,DEL-BOM,EaseMyTrip,SG,SG-114,2026-09-17,T+1,5287,1160,6447,2026-09-16T02:51:44.839Z,FALSE,"",19:55,TRUE
fare_DEL-BOM_6E_2026-09-17_T+1_1789528445703_7cqk,DEL-BOM,EaseMyTrip,6E,6E-782,2026-09-17,T+1,5355,1175,6530,2026-09-16T02:51:44.839Z,FALSE,"",13:00,TRUE
fare_DEL-BOM_6E_2026-09-17_T+1_1789528445703_6iby,DEL-BOM,EaseMyTrip,6E,6E-373,2026-09-17,T+1,5355,1175,6530,2026-09-16T02:51:44.839Z,FALSE,"",13:00,TRUE
fare_DEL-BOM_QP_2026-09-17_T+1_1789528445703_u14f,DEL-BOM,EaseMyTrip,QP,QP-1119,2026-09-17,T+1,5355,1175,6530,2026-09-16T02:51:44.839Z,FALSE,"",08:40,TRUE
fare_DEL-BOM_QP_2026-09-17_T+1_1789528445703_m8i3,DEL-BOM,EaseMyTrip,QP,QP-1110,2026-09-17,T+1,5355,1175,6530,2026-09-16T02:51:44.839Z,FALSE,"",10:30,TRUE
fare_DEL-BOM_QP_2026-09-17_T+1_1789528445703_qlcn,DEL-BOM,EaseMyTrip,QP,QP-1820,2026-09-17,T+1,5355,1175,6530,2026-09-16T02:51:44.839Z,FALSE,"",17:30,TRUE
fare_DEL-BOM_6E_2026-09-17_T+1_1789528445703_a4s4,DEL-BOM,EaseMyTrip,6E,6E-925,2026-09-17,T+1,5355,1175,6530,2026-09-16T02:51:44.839Z,FALSE,"",05:00,TRUE
fare_DEL-BOM_6E_2026-09-17_T+1_1789528445703_z5f6,DEL-BOM,EaseMyTrip,6E,6E-625,2026-09-17,T+1,5355,1175,6530,2026-09-16T02:51:44.839Z,FALSE,"",05:00,TRUE
fare_DEL-BOM_6E_2026-09-17_T+1_1789528445703_pb1h,DEL-BOM,EaseMyTrip,6E,6E-942,2026-09-17,T+1,5355,1175,6530,2026-09-16T02:51:44.839Z,FALSE,"",15:30,TRUE
fare_DEL-BOM_6E_2026-09-17_T+1_1789528445703_34kq,DEL-BOM,EaseMyTrip,6E,6E-197,2026-09-17,T+1,5355,1175,6530,2026-09-16T02:51:44.839Z,FALSE,"",15:30,TRUE
fare_DEL-BOM_6E_2026-09-17_T+1_1789528445703_v73o,DEL-BOM,EaseMyTrip,6E,6E-6318,2026-09-17,T+1,5355,1175,6530,2026-09-16T02:51:44.839Z,FALSE,"",14:45,TRUE
fare_DEL-BOM_6E_2026-09-17_T+1_1789528445703_xvht,DEL-BOM,EaseMyTrip,6E,6E-6218,2026-09-17,T+1,5355,1175,6530,2026-09-16T02:51:44.839Z,FALSE,"",06:05,TRUE
fare_DEL-BOM_6E_2026-09-17_T+1_1789528445703_nuu9,DEL-BOM,EaseMyTrip,6E,6E-6047,2026-09-17,T+1,5355,1175,6530,2026-09-16T02:51:44.839Z,FALSE,"",11:00,TRUE
fare_DEL-BOM_6E_2026-09-17_T+1_1789528445703_i4d6,DEL-BOM,EaseMyTrip,6E,6E-6676,2026-09-17,T+1,5355,1175,6530,2026-09-16T02:51:44.839Z,FALSE,"",12:00,TRUE
fare_DEL-BOM_QP_2026-09-17_T+1_1789528445703_wlf8,DEL-BOM,EaseMyTrip,QP,QP-1112,2026-09-17,T+1,5355,1175,6530,2026-09-16T02:51:44.839Z,FALSE,"",09:20,TRUE
fare_DEL-BOM_QP_2026-09-17_T+1_1789528445703_rdxc,DEL-BOM,EaseMyTrip,QP,QP-1128,2026-09-17,T+1,5355,1175,6530,2026-09-16T02:51:44.839Z,FALSE,"",16:00,TRUE
fare_DEL-BOM_6E_2026-09-17_T+1_1789528445703_yusa,DEL-BOM,EaseMyTrip,6E,6E-6114,2026-09-17,T+1,5355,1175,6530,2026-09-16T02:51:44.839Z,FALSE,"",22:45,TRUE
fare_DEL-BOM_6E_2026-09-17_T+1_1789528445703_5imu,DEL-BOM,EaseMyTrip,6E,6E-236,2026-09-17,T+1,5355,1175,6530,2026-09-16T02:51:44.839Z,FALSE,"",16:15,TRUE
fare_DEL-BOM_6E_2026-09-17_T+1_1789528445703_rs6n,DEL-BOM,EaseMyTrip,6E,6E-829,2026-09-17,T+1,5355,1175,6530,2026-09-16T02:51:44.839Z,FALSE,"",16:15,TRUE
fare_DEL-BOM_6E_2026-09-17_T+1_1789528445703_krjp,DEL-BOM,EaseMyTrip,6E,6E-6328,2026-09-17,T+1,5355,1175,6530,2026-09-16T02:51:44.839Z,FALSE,"",10:15,TRUE
fare_DEL-BOM_AI_2026-09-17_T+1_1789528445703_eyl6,DEL-BOM,EaseMyTrip,AI,AI-1745,2026-09-17,T+1,5519,1211,6730,2026-09-16T02:51:44.839Z,FALSE,"",05:00,TRUE
fare_DEL-BOM_QP_2026-09-17_T+1_1789528445703_hmu3,DEL-BOM,EaseMyTrip,QP,QP-1836,2026-09-17,T+1,5355,1175,6530,2026-09-16T02:51:44.839Z,FALSE,"",12:30,TRUE
fare_DEL-BOM_6E_2026-09-17_T+1_1789528445703_shus,DEL-BOM,EaseMyTrip,6E,6E-6022,2026-09-17,T+1,5355,1175,6530,2026-09-16T02:51:44.839Z,FALSE,"",14:00,TRUE
fare_DEL-BOM_6E_2026-09-17_T+1_1789528445703_w884,DEL-BOM,EaseMyTrip,6E,6E-6107,2026-09-17,T+1,5355,1175,6530,2026-09-16T02:51:44.839Z,FALSE,"",09:30,TRUE
fare_DEL-BOM_AI_2026-09-17_T+1_1789528445703_6lpo,DEL-BOM,EaseMyTrip,AI,AI-2439,2026-09-17,T+1,5519,1211,6730,2026-09-16T02:51:44.839Z,FALSE,"",23:00,TRUE
fare_DEL-BOM_6E_2026-09-17_T+1_1789528445703_8sn0,DEL-BOM,EaseMyTrip,6E,6E-6190,2026-09-17,T+1,5410,1188,6598,2026-09-16T02:51:44.839Z,FALSE,"",07:40,FALSE
fare_DEL-BOM_QP_2026-09-17_T+1_1789528445703_3gql,DEL-BOM,EaseMyTrip,QP,QP-1826,2026-09-17,T+1,5419,1190,6609,2026-09-16T02:51:44.839Z,FALSE,"",19:55,TRUE
fare_DEL-BOM_QP_2026-09-17_T+1_1789528445703_5lj9,DEL-BOM,EaseMyTrip,QP,QP-1940,2026-09-17,T+1,5427,1191,6618,2026-09-16T02:51:44.839Z,FALSE,"",14:05,TRUE
fare_DEL-BOM_6E_2026-09-17_T+1_1789528445703_xqgi,DEL-BOM,EaseMyTrip,6E,6E-5198,2026-09-17,T+1,5427,1191,6618,2026-09-16T02:51:44.839Z,FALSE,"",15:00,TRUE
fare_DEL-BOM_6E_2026-09-17_T+1_1789528445703_adax,DEL-BOM,EaseMyTrip,6E,6E-6171,2026-09-17,T+1,5427,1191,6618,2026-09-16T02:51:44.839Z,FALSE,"",05:40,FALSE
fare_DEL-BOM_6E_2026-09-17_T+1_1789528445703_u8x7,DEL-BOM,EaseMyTrip,6E,6E-6983,2026-09-17,T+1,5427,1191,6618,2026-09-16T02:51:44.839Z,FALSE,"",15:35,FALSE
fare_DEL-BOM_6E_2026-09-17_T+1_1789528445703_ai6e,DEL-BOM,EaseMyTrip,6E,6E-5073,2026-09-17,T+1,5427,1191,6618,2026-09-16T02:51:44.839Z,FALSE,"",17:05,FALSE
fare_DEL-BOM_AI_2026-09-17_T+1_1789528445703_k8g1,DEL-BOM,EaseMyTrip,AI,AI-2975,2026-09-17,T+1,5611,1232,6843,2026-09-16T02:51:44.839Z,FALSE,"",06:30,TRUE
fare_DEL-BOM_AI_2026-09-17_T+1_1789528445703_ln49,DEL-BOM,EaseMyTrip,AI,AI-2941,2026-09-17,T+1,5611,1232,6843,2026-09-16T02:51:44.839Z,FALSE,"",16:30,TRUE
fare_DEL-BOM_AI_2026-09-17_T+1_1789528445703_bcre,DEL-BOM,EaseMyTrip,AI,AI-2995,2026-09-17,T+1,5611,1232,6843,2026-09-16T02:51:44.839Z,FALSE,"",10:00,TRUE
fare_DEL-BOM_AI_2026-09-17_T+1_1789528445703_5iph,DEL-BOM,EaseMyTrip,AI,AI-2945,2026-09-17,T+1,5611,1232,6843,2026-09-16T02:51:44.839Z,FALSE,"",11:00,TRUE
fare_DEL-BOM_AI_2026-09-17_T+1_1789528445703_kyqe,DEL-BOM,EaseMyTrip,AI,AI-1785,2026-09-17,T+1,5611,1232,6843,2026-09-16T02:51:44.839Z,FALSE,"",12:00,TRUE
fare_DEL-BOM_AI_2026-09-17_T+1_1789528445703_zzh4,DEL-BOM,EaseMyTrip,AI,AI-2933,2026-09-17,T+1,5611,1232,6843,2026-09-16T02:51:44.839Z,FALSE,"",15:30,TRUE
fare_DEL-BOM_AI_2026-09-17_T+1_1789528445703_6st0,DEL-BOM,EaseMyTrip,AI,AI-1777,2026-09-17,T+1,5611,1232,6843,2026-09-16T02:51:44.839Z,FALSE,"",16:00,TRUE
fare_DEL-BOM_AI_2026-09-17_T+1_1789528445703_35io,DEL-BOM,EaseMyTrip,AI,AI-887,2026-09-17,T+1,5611,1232,6843,2026-09-16T02:51:44.839Z,FALSE,"",21:00,TRUE
fare_DEL-BOM_AI_2026-09-17_T+1_1789528445703_sgam,DEL-BOM,EaseMyTrip,AI,AI-2927,2026-09-17,T+1,5611,1232,6843,2026-09-16T02:51:44.839Z,FALSE,"",09:30,TRUE
fare_DEL-BOM_AI_2026-09-17_T+1_1789528445703_zm3h,DEL-BOM,EaseMyTrip,AI,AI-1780,2026-09-17,T+1,5611,1232,6843,2026-09-16T02:51:44.839Z,FALSE,"",16:10,TRUE
fare_DEL-BOM_6E_2026-09-17_T+1_1789528445703_elxf,DEL-BOM,EaseMyTrip,6E,6E-384,2026-09-17,T+1,5484,1204,6688,2026-09-16T02:51:44.839Z,FALSE,"",23:30,TRUE
fare_DEL-BOM_6E_2026-09-17_T+1_1789528445703_r6cw,DEL-BOM,EaseMyTrip,6E,6E-633,2026-09-17,T+1,5484,1204,6688,2026-09-16T02:51:44.839Z,FALSE,"",23:30,TRUE
fare_DEL-BOM_6E_2026-09-17_T+1_1789528445703_enfu,DEL-BOM,EaseMyTrip,6E,6E-6706,2026-09-17,T+1,5484,1204,6688,2026-09-16T02:51:44.839Z,FALSE,"",17:00,TRUE
fare_DEL-BOM_6E_2026-09-17_T+1_1789528445703_ny0u,DEL-BOM,EaseMyTrip,6E,6E-839,2026-09-17,T+1,5484,1204,6688,2026-09-16T02:51:44.839Z,FALSE,"",08:45,TRUE
fare_DEL-BOM_6E_2026-09-17_T+1_1789528445703_vcno,DEL-BOM,EaseMyTrip,6E,6E-859,2026-09-17,T+1,5484,1204,6688,2026-09-16T02:51:44.839Z,FALSE,"",08:45,TRUE
fare_DEL-BOM_6E_2026-09-17_T+1_1789528445703_1e4q,DEL-BOM,EaseMyTrip,6E,6E-380,2026-09-17,T+1,5484,1204,6688,2026-09-16T02:51:44.839Z,FALSE,"",21:45,TRUE
fare_DEL-BOM_6E_2026-09-17_T+1_1789528445703_6ou0,DEL-BOM,EaseMyTrip,6E,6E-529,2026-09-17,T+1,5484,1204,6688,2026-09-16T02:51:44.839Z,FALSE,"",21:45,TRUE
fare_DEL-BOM_6E_2026-09-17_T+1_1789528445703_ms24,DEL-BOM,EaseMyTrip,6E,6E-6490,2026-09-17,T+1,5518,1211,6729,2026-09-16T02:51:44.839Z,FALSE,"",04:55,FALSE
fare_DEL-BOM_6E_2026-09-17_T+1_1789528445703_9kia,DEL-BOM,EaseMyTrip,6E,6E-6470,2026-09-17,T+1,5526,1213,6739,2026-09-16T02:51:44.839Z,FALSE,"",06:55,TRUE
fare_DEL-BOM_6E_2026-09-17_T+1_1789528445703_gxlt,DEL-BOM,EaseMyTrip,6E,6E-2169,2026-09-17,T+1,5535,1215,6750,2026-09-16T02:51:44.839Z,FALSE,"",19:40,FALSE
fare_DEL-BOM_6E_2026-09-17_T+1_1789528445703_w27j,DEL-BOM,EaseMyTrip,6E,6E-2249,2026-09-17,T+1,5535,1215,6750,2026-09-16T02:51:44.839Z,FALSE,"",15:00,FALSE
fare_DEL-BOM_6E_2026-09-17_T+1_1789528445703_0q8f,DEL-BOM,EaseMyTrip,6E,6E-6829,2026-09-17,T+1,5535,1215,6750,2026-09-16T02:51:44.839Z,FALSE,"",17:20,FALSE
fare_DEL-BOM_6E_2026-09-17_T+1_1789528445703_6nkr,DEL-BOM,EaseMyTrip,6E,6E-6459,2026-09-17,T+1,5535,1215,6750,2026-09-16T02:51:44.839Z,FALSE,"",05:55,FALSE
fare_DEL-BOM_AI_2026-09-17_T+1_1789528445703_rtzr,DEL-BOM,EaseMyTrip,AI,AI-2981,2026-09-17,T+1,5741,1260,7001,2026-09-16T02:51:44.839Z,FALSE,"",21:00,TRUE
fare_DEL-BOM_AI_2026-09-17_T+1_1789528445703_ze6r,DEL-BOM,EaseMyTrip,AI,AI-2943,2026-09-17,T+1,5741,1260,7001,2026-09-16T02:51:44.839Z,FALSE,"",07:30,TRUE
fare_DEL-BOM_AI_2026-09-17_T+1_1789528445703_rwp9,DEL-BOM,EaseMyTrip,AI,AI-441,2026-09-17,T+1,5741,1260,7001,2026-09-16T02:51:44.839Z,FALSE,"",17:00,TRUE
fare_DEL-BOM_AI_2026-09-17_T+1_1789528445703_61f9,DEL-BOM,EaseMyTrip,AI,AI-2433,2026-09-17,T+1,5741,1260,7001,2026-09-16T02:51:44.839Z,FALSE,"",21:30,TRUE
fare_DEL-BOM_AI_2026-09-17_T+1_1789528445703_b5ws,DEL-BOM,EaseMyTrip,AI,AI-2957,2026-09-17,T+1,5741,1260,7001,2026-09-16T02:51:44.839Z,FALSE,"",20:30,TRUE
fare_DEL-BOM_6E_2026-09-17_T+1_1789528445703_t74x,DEL-BOM,EaseMyTrip,6E,6E-5298,2026-09-17,T+1,5599,1229,6828,2026-09-16T02:51:44.839Z,FALSE,"",09:00,FALSE
fare_DEL-BOM_6E_2026-09-17_T+1_1789528445703_tiqi,DEL-BOM,EaseMyTrip,6E,6E-5206,2026-09-17,T+1,5599,1229,6828,2026-09-16T02:51:44.839Z,FALSE,"",13:20,FALSE
fare_DEL-BOM_6E_2026-09-17_T+1_1789528445703_hd7f,DEL-BOM,EaseMyTrip,6E,6E-6050,2026-09-17,T+1,5599,1229,6828,2026-09-16T02:51:44.839Z,FALSE,"",08:15,FALSE
fare_DEL-BOM_6E_2026-09-17_T+1_1789528445703_1gd4,DEL-BOM,EaseMyTrip,6E,6E-5038,2026-09-17,T+1,5599,1229,6828,2026-09-16T02:51:44.839Z,FALSE,"",14:00,FALSE
fare_DEL-BOM_6E_2026-09-17_T+1_1789528445703_d4l4,DEL-BOM,EaseMyTrip,6E,6E-6601,2026-09-17,T+1,5707,1253,6960,2026-09-16T02:51:44.839Z,FALSE,"",19:45,FALSE
fare_DEL-BOM_6E_2026-09-17_T+1_1789528445703_9q8p,DEL-BOM,EaseMyTrip,6E,6E-494,2026-09-17,T+1,5707,1253,6960,2026-09-16T02:51:44.839Z,FALSE,"",23:15,FALSE
fare_DEL-BOM_6E_2026-09-17_T+1_1789528445703_d2r1,DEL-BOM,EaseMyTrip,6E,6E-316,2026-09-17,T+1,5707,1253,6960,2026-09-16T02:51:44.839Z,FALSE,"",23:15,FALSE
fare_DEL-BOM_6E_2026-09-17_T+1_1789528445703_9z44,DEL-BOM,EaseMyTrip,6E,6E-6497,2026-09-17,T+1,5707,1253,6960,2026-09-16T02:51:44.839Z,FALSE,"",18:40,FALSE
fare_DEL-BOM_AI_2026-09-17_T+1_1789528445703_23i0,DEL-BOM,EaseMyTrip,AI,AI-2951,2026-09-17,T+1,5913,1298,7211,2026-09-16T02:51:44.839Z,FALSE,"",13:30,TRUE
fare_DEL-BOM_AI_2026-09-17_T+1_1789528445703_oqqo,DEL-BOM,EaseMyTrip,AI,AI-2429,2026-09-17,T+1,5913,1298,7211,2026-09-16T02:51:44.839Z,FALSE,"",07:00,TRUE
fare_DEL-BOM_6E_2026-09-17_T+1_1789528445703_xhoj,DEL-BOM,EaseMyTrip,6E,6E-922,2026-09-17,T+1,5871,1289,7160,2026-09-16T02:51:44.839Z,FALSE,"",20:45,TRUE
fare_DEL-BOM_6E_2026-09-17_T+1_1789528445703_j0vi,DEL-BOM,EaseMyTrip,6E,6E-577,2026-09-17,T+1,5871,1289,7160,2026-09-16T02:51:44.839Z,FALSE,"",20:45,TRUE
fare_DEL-BOM_6E_2026-09-17_T+1_1789528445703_f348,DEL-BOM,EaseMyTrip,6E,6E-6814,2026-09-17,T+1,5871,1289,7160,2026-09-16T02:51:44.839Z,FALSE,"",07:15,TRUE
fare_DEL-BOM_6E_2026-09-17_T+1_1789528445703_wsm1,DEL-BOM,EaseMyTrip,6E,6E-422,2026-09-17,T+1,5871,1289,7160,2026-09-16T02:51:44.839Z,FALSE,"",08:00,TRUE
fare_DEL-BOM_6E_2026-09-17_T+1_1789528445703_alt1,DEL-BOM,EaseMyTrip,6E,6E-473,2026-09-17,T+1,5871,1289,7160,2026-09-16T02:51:44.839Z,FALSE,"",08:00,TRUE
fare_DEL-BOM_SG_2026-09-17_T+1_1789528445703_g0zg,DEL-BOM,EaseMyTrip,SG,SG-2802,2026-09-17,T+1,6125,1344,7469,2026-09-16T02:51:44.839Z,FALSE,"",22:45,TRUE
fare_DEL-BOM_AI_2026-09-17_T+1_1789528445703_f3lw,DEL-BOM,EaseMyTrip,AI,AI-2985,2026-09-17,T+1,6128,1345,7473,2026-09-16T02:51:44.839Z,FALSE,"",19:30,TRUE
fare_DEL-BOM_6E_2026-09-17_T+1_1789528445703_3eux,DEL-BOM,EaseMyTrip,6E,6E-5138,2026-09-17,T+1,5965,1309,7274,2026-09-16T02:51:44.839Z,FALSE,"",19:10,FALSE
fare_DEL-BOM_6E_2026-09-17_T+1_1789528445703_ez3m,DEL-BOM,EaseMyTrip,6E,6E-6433,2026-09-17,T+1,5965,1309,7274,2026-09-16T02:51:44.839Z,FALSE,"",16:30,FALSE
fare_DEL-BOM_6E_2026-09-17_T+1_1789528445703_7e6c,DEL-BOM,EaseMyTrip,6E,6E-436,2026-09-17,T+1,6130,1345,7475,2026-09-16T02:51:44.839Z,FALSE,"",20:00,TRUE
fare_DEL-BOM_6E_2026-09-17_T+1_1789528445703_eitf,DEL-BOM,EaseMyTrip,6E,6E-383,2026-09-17,T+1,6130,1345,7475,2026-09-16T02:51:44.839Z,FALSE,"",20:00,TRUE
fare_DEL-BOM_6E_2026-09-17_T+1_1789528445703_ndp7,DEL-BOM,EaseMyTrip,6E,6E-743,2026-09-17,T+1,6130,1345,7475,2026-09-16T02:51:44.839Z,FALSE,"",18:00,TRUE
fare_DEL-BOM_6E_2026-09-17_T+1_1789528445703_0p7j,DEL-BOM,EaseMyTrip,6E,6E-256,2026-09-17,T+1,6130,1345,7475,2026-09-16T02:51:44.839Z,FALSE,"",18:00,TRUE
fare_DEL-BOM_QP_2026-09-17_T+1_1789528445703_2h78,DEL-BOM,EaseMyTrip,QP,QP-1833,2026-09-17,T+1,6151,1350,7501,2026-09-16T02:51:44.839Z,FALSE,"",06:50,TRUE
fare_DEL-BOM_AI_2026-09-17_T+1_1789528445703_uigi,DEL-BOM,EaseMyTrip,AI,AI-2805,2026-09-17,T+1,6332,1390,7722,2026-09-16T02:51:44.839Z,FALSE,"",20:00,TRUE
fare_DEL-BOM_AI_2026-09-17_T+1_1789528445703_8j1p,DEL-BOM,EaseMyTrip,AI,AI-2963,2026-09-17,T+1,6386,1402,7788,2026-09-16T02:51:44.839Z,FALSE,"",09:00,TRUE
fare_DEL-BOM_6E_2026-09-17_T+1_1789528445703_wu7u,DEL-BOM,EaseMyTrip,6E,6E-7642,2026-09-17,T+1,6245,1371,7616,2026-09-16T02:51:44.839Z,FALSE,"",15:45,FALSE
fare_DEL-BOM_6E_2026-09-17_T+1_1789528445703_lxmc,DEL-BOM,EaseMyTrip,6E,6E-7646,2026-09-17,T+1,6245,1371,7616,2026-09-16T02:51:44.839Z,FALSE,"",06:15,FALSE
fare_DEL-BOM_AI_2026-09-17_T+1_1789528445703_33i0,DEL-BOM,EaseMyTrip,AI,AI-2955,2026-09-17,T+1,6486,1424,7910,2026-09-16T02:51:44.839Z,FALSE,"",18:00,TRUE
fare_DEL-BOM_6E_2026-09-17_T+1_1789528445703_psf7,DEL-BOM,EaseMyTrip,6E,6E-2013,2026-09-17,T+1,6329,1389,7718,2026-09-16T02:51:44.839Z,FALSE,"",21:50,FALSE
fare_DEL-BOM_6E_2026-09-17_T+1_1789528445703_ba3p,DEL-BOM,EaseMyTrip,6E,6E-2331,2026-09-17,T+1,6329,1389,7718,2026-09-16T02:51:44.839Z,FALSE,"",12:20,FALSE
fare_DEL-BOM_6E_2026-09-17_T+1_1789528445703_i85g,DEL-BOM,EaseMyTrip,6E,6E-2341,2026-09-17,T+1,6329,1389,7718,2026-09-16T02:51:44.839Z,FALSE,"",14:50,FALSE
fare_DEL-BOM_6E_2026-09-17_T+1_1789528445703_g54p,DEL-BOM,EaseMyTrip,6E,6E-312,2026-09-17,T+1,6388,1402,7790,2026-09-16T02:51:44.839Z,FALSE,"",19:00,TRUE
fare_DEL-BOM_6E_2026-09-17_T+1_1789528445703_7tc6,DEL-BOM,EaseMyTrip,6E,6E-296,2026-09-17,T+1,6388,1402,7790,2026-09-16T02:51:44.839Z,FALSE,"",19:00,TRUE
fare_DEL-BOM_6E_2026-09-17_T+1_1789528445703_rfwx,DEL-BOM,EaseMyTrip,6E,6E-6443,2026-09-17,T+1,6436,1413,7849,2026-09-16T02:51:44.839Z,FALSE,"",09:00,FALSE
fare_DEL-BOM_6E_2026-09-17_T+1_1789528445703_bly9,DEL-BOM,EaseMyTrip,6E,6E-698,2026-09-17,T+1,6473,1421,7894,2026-09-16T02:51:44.839Z,FALSE,"",20:20,TRUE
fare_DEL-BOM_6E_2026-09-17_T+1_1789528445703_goz9,DEL-BOM,EaseMyTrip,6E,6E-724,2026-09-17,T+1,6473,1421,7894,2026-09-16T02:51:44.839Z,FALSE,"",20:20,TRUE
fare_DEL-BOM_AI_2026-09-17_T+1_1789528445703_mcr5,DEL-BOM,EaseMyTrip,AI,AI-2977,2026-09-17,T+1,6655,1461,8116,2026-09-16T02:51:44.839Z,FALSE,"",19:00,TRUE
fare_DEL-BOM_6E_2026-09-17_T+1_1789528445703_j1o3,DEL-BOM,EaseMyTrip,6E,6E-609,2026-09-17,T+1,6501,1427,7928,2026-09-16T02:51:44.839Z,FALSE,"",16:10,FALSE
fare_DEL-BOM_6E_2026-09-17_T+1_1789528445703_z2gd,DEL-BOM,EaseMyTrip,6E,6E-449,2026-09-17,T+1,6501,1427,7928,2026-09-16T02:51:44.839Z,FALSE,"",16:10,FALSE
fare_DEL-BOM_IX_2026-09-17_T+1_1789528445703_p0t4,DEL-BOM,EaseMyTrip,IX,IX-1165,2026-09-17,T+1,7898,1734,9632,2026-09-16T02:51:44.839Z,FALSE,"",05:45,FALSE
fare_DEL-BOM_AI_2026-09-17_T+1_1789528445703_udsd,DEL-BOM,EaseMyTrip,AI,AI-1710,2026-09-17,T+1,7811,1715,9526,2026-09-16T02:51:44.839Z,FALSE,"",18:35,FALSE
fare_DEL-BOM_6E_2026-09-17_T+1_1789528445703_crxl,DEL-BOM,EaseMyTrip,6E,6E-6282,2026-09-17,T+1,7698,1690,9388,2026-09-16T02:51:44.839Z,FALSE,"",13:30,FALSE
fare_DEL-BOM_6E_2026-09-17_T+1_1789528445703_5a66,DEL-BOM,EaseMyTrip,6E,6E-639,2026-09-17,T+1,7763,1704,9467,2026-09-16T02:51:44.839Z,FALSE,"",12:15,FALSE
fare_DEL-BOM_6E_2026-09-17_T+1_1789528445703_2uio,DEL-BOM,EaseMyTrip,6E,6E-752,2026-09-17,T+1,7763,1704,9467,2026-09-16T02:51:44.839Z,FALSE,"",12:15,FALSE
fare_DEL-BOM_6E_2026-09-17_T+1_1789528445703_t7yg,DEL-BOM,EaseMyTrip,6E,6E-837,2026-09-17,T+1,7763,1704,9467,2026-09-16T02:51:44.839Z,FALSE,"",19:30,FALSE
fare_DEL-BOM_6E_2026-09-17_T+1_1789528445703_hw44,DEL-BOM,EaseMyTrip,6E,6E-331,2026-09-17,T+1,7763,1704,9467,2026-09-16T02:51:44.839Z,FALSE,"",19:30,FALSE
fare_DEL-BOM_6E_2026-09-17_T+1_1789528445703_lpsq,DEL-BOM,EaseMyTrip,6E,6E-6479,2026-09-17,T+1,7913,1737,9650,2026-09-16T02:51:44.839Z,FALSE,"",21:25,FALSE
fare_DEL-BOM_AI_2026-09-17_T+1_1789528445703_nvwb,DEL-BOM,EaseMyTrip,AI,AI-2569,2026-09-17,T+1,8165,1792,9957,2026-09-16T02:51:44.839Z,FALSE,"",20:25,FALSE
fare_DEL-BOM_AI_2026-09-17_T+1_1789528445703_502q,DEL-BOM,EaseMyTrip,AI,AI-1717,2026-09-17,T+1,8165,1792,9957,2026-09-16T02:51:44.839Z,FALSE,"",14:20,FALSE
fare_DEL-BOM_AI_2026-09-17_T+1_1789528445703_dfsi,DEL-BOM,EaseMyTrip,AI,AI-2761,2026-09-17,T+1,8335,1830,10165,2026-09-16T02:51:44.839Z,FALSE,"",16:25,FALSE
fare_DEL-BOM_AI_2026-09-17_T+1_1789528445703_c0t0,DEL-BOM,EaseMyTrip,AI,AI-2499,2026-09-17,T+1,8477,1861,10338,2026-09-16T02:51:44.839Z,FALSE,"",05:55,FALSE
fare_DEL-BOM_AI_2026-09-17_T+1_1789528445704_dqwg,DEL-BOM,EaseMyTrip,AI,AI-2678,2026-09-17,T+1,8518,1870,10388,2026-09-16T02:51:44.839Z,FALSE,"",08:30,TRUE
fare_DEL-BOM_AI_2026-09-17_T+1_1789528445704_x3am,DEL-BOM,EaseMyTrip,AI,AI-9920,2026-09-17,T+1,8546,1876,10422,2026-09-16T02:51:44.839Z,FALSE,"",10:50,FALSE
fare_DEL-BOM_IX_2026-09-17_T+1_1789528445704_cvbn,DEL-BOM,EaseMyTrip,IX,IX-1049,2026-09-17,T+1,8913,1957,10870,2026-09-16T02:51:44.839Z,FALSE,"",18:40,FALSE
fare_DEL-BOM_AI_2026-09-17_T+1_1789528445704_6lea,DEL-BOM,EaseMyTrip,AI,AI-1705,2026-09-17,T+1,8991,1974,10965,2026-09-16T02:51:44.839Z,FALSE,"",06:30,FALSE
fare_DEL-BOM_AI_2026-09-17_T+1_1789528445704_w4s5,DEL-BOM,EaseMyTrip,AI,AI-9757,2026-09-17,T+1,9164,2011,11175,2026-09-16T02:51:44.839Z,FALSE,"",11:50,FALSE
fare_DEL-BOM_AI_2026-09-17_T+1_1789528445704_ft4f,DEL-BOM,EaseMyTrip,AI,AI-9759,2026-09-17,T+1,9164,2011,11175,2026-09-16T02:51:44.839Z,FALSE,"",05:45,FALSE
fare_DEL-BOM_6E_2026-09-17_T+1_1789528445704_12pi,DEL-BOM,EaseMyTrip,6E,6E-6261,2026-09-17,T+1,9065,1990,11055,2026-09-16T02:51:44.839Z,FALSE,"",00:15,FALSE
fare_DEL-BOM_IX_2026-09-17_T+1_1789528445704_jnc3,DEL-BOM,EaseMyTrip,IX,IX-1082,2026-09-17,T+1,9651,2118,11769,2026-09-16T02:51:44.839Z,FALSE,"",21:25,FALSE
fare_DEL-BOM_6E_2026-09-17_T+1_1789528445704_vbwp,DEL-BOM,EaseMyTrip,6E,6E-2349,2026-09-17,T+1,9370,2057,11427,2026-09-16T02:51:44.839Z,FALSE,"",10:55,FALSE
fare_DEL-BOM_AI_2026-09-17_T+1_1789528445704_avrv,DEL-BOM,EaseMyTrip,AI,AI-1719,2026-09-17,T+1,9933,2181,12114,2026-09-16T02:51:44.839Z,FALSE,"",11:55,FALSE
fare_DEL-BOM_IX_2026-09-17_T+1_1789528445704_lz14,DEL-BOM,EaseMyTrip,IX,IX-1817,2026-09-17,T+1,10164,2231,12395,2026-09-16T02:51:44.839Z,FALSE,"",19:30,FALSE
fare_DEL-BOM_IX_2026-09-17_T+1_1789528445704_kcmw,DEL-BOM,EaseMyTrip,IX,IX-1003,2026-09-17,T+1,10022,2200,12222,2026-09-16T02:51:44.839Z,FALSE,"",19:10,FALSE
fare_DEL-BOM_AI_2026-09-17_T+1_1789528445704_qu2e,DEL-BOM,EaseMyTrip,AI,AI-437,2026-09-17,T+1,10747,2359,13106,2026-09-16T02:51:44.839Z,FALSE,"",09:20,FALSE
fare_DEL-BOM_IX_2026-09-17_T+1_1789528445704_c7x4,DEL-BOM,EaseMyTrip,IX,IX-1108,2026-09-17,T+1,11128,2443,13571,2026-09-16T02:51:44.839Z,FALSE,"",05:00,FALSE
fare_DEL-BOM_AI_2026-09-17_T+1_1789528445704_7lly,DEL-BOM,EaseMyTrip,AI,AI-2909,2026-09-17,T+1,11290,2478,13768,2026-09-16T02:51:44.839Z,FALSE,"",22:30,FALSE
fare_DEL-BOM_AI_2026-09-17_T+1_1789528445704_mq2y,DEL-BOM,EaseMyTrip,AI,AI-531,2026-09-17,T+1,11290,2478,13768,2026-09-16T02:51:44.839Z,FALSE,"",19:20,FALSE
fare_DEL-BOM_IX_2026-09-17_T+1_1789528445704_v7o9,DEL-BOM,EaseMyTrip,IX,IX-5975,2026-09-17,T+1,11621,2551,14172,2026-09-16T02:51:44.839Z,FALSE,"",21:00,FALSE
fare_DEL-BOM_IX_2026-09-17_T+1_1789528445704_yxp4,DEL-BOM,EaseMyTrip,IX,IX-1070,2026-09-17,T+1,11621,2551,14172,2026-09-16T02:51:44.839Z,FALSE,"",18:20,FALSE
fare_DEL-BOM_6E_2026-09-17_T+1_1789528445704_7csm,DEL-BOM,EaseMyTrip,6E,6E-747,2026-09-17,T+1,11242,2468,13710,2026-09-16T02:51:44.839Z,FALSE,"",19:35,FALSE
fare_DEL-BOM_6E_2026-09-17_T+1_1789528445704_j5qj,DEL-BOM,EaseMyTrip,6E,6E-388,2026-09-17,T+1,11242,2468,13710,2026-09-16T02:51:44.839Z,FALSE,"",19:35,FALSE
fare_DEL-BOM_6E_2026-09-17_T+1_1789528445704_k4xg,DEL-BOM,EaseMyTrip,6E,6E-5119,2026-09-17,T+1,12250,2689,14939,2026-09-16T02:51:44.839Z,FALSE,"",05:10,FALSE
fare_DEL-BOM_6E_2026-09-17_T+1_1789528445704_w0x6,DEL-BOM,EaseMyTrip,6E,6E-6293,2026-09-17,T+1,12530,2750,15280,2026-09-16T02:51:44.839Z,FALSE,"",09:55,FALSE
fare_DEL-BOM_AI_2026-09-17_T+1_1789528445704_2xo5,DEL-BOM,EaseMyTrip,AI,AI-1743,2026-09-17,T+1,12850,2821,15671,2026-09-16T02:51:44.839Z,FALSE,"",06:20,FALSE
fare_DEL-BOM_AI_2026-09-17_T+1_1789528445704_wc42,DEL-BOM,EaseMyTrip,AI,AI-2627,2026-09-17,T+1,12945,2842,15787,2026-09-16T02:51:44.839Z,FALSE,"",10:45,FALSE
fare_DEL-BOM_IX_2026-09-17_T+1_1789528445704_bi37,DEL-BOM,EaseMyTrip,IX,IX-1068,2026-09-17,T+1,13282,2915,16197,2026-09-16T02:51:44.839Z,FALSE,"",11:55,FALSE
fare_DEL-BOM_6E_2026-09-17_T+1_1789528445704_sdcv,DEL-BOM,EaseMyTrip,6E,6E-956,2026-09-17,T+1,13922,3056,16978,2026-09-16T02:51:44.839Z,FALSE,"",10:00,FALSE
fare_DEL-BOM_6E_2026-09-17_T+1_1789528445704_di5r,DEL-BOM,EaseMyTrip,6E,6E-381,2026-09-17,T+1,13922,3056,16978,2026-09-16T02:51:44.839Z,FALSE,"",10:00,FALSE
fare_DEL-BOM_6E_2026-09-17_T+1_1789528445704_idj2,DEL-BOM,EaseMyTrip,6E,6E-314,2026-09-17,T+1,14092,3093,17185,2026-09-16T02:51:44.839Z,FALSE,"",08:30,FALSE
fare_DEL-BOM_6E_2026-09-17_T+1_1789528445704_4z66,DEL-BOM,EaseMyTrip,6E,6E-868,2026-09-17,T+1,14092,3093,17185,2026-09-16T02:51:44.839Z,FALSE,"",08:30,FALSE
fare_DEL-BOM_AI_2026-09-17_T+1_1789528445704_jb8q,DEL-BOM,EaseMyTrip,AI,AI-1773,2026-09-17,T+1,14281,3135,17416,2026-09-16T02:51:44.839Z,FALSE,"",10:30,FALSE
fare_DEL-BOM_6E_2026-09-17_T+1_1789528445704_7zle,DEL-BOM,EaseMyTrip,6E,6E-5014,2026-09-17,T+1,14712,3229,17941,2026-09-16T02:51:44.839Z,TRUE,"High outlier: ₹17941 > upper fence ₹17551 (Q3: ₹11033, IQR: ₹4345)",18:30,FALSE
fare_DEL-BOM_6E_2026-09-17_T+1_1789528445704_d4r5,DEL-BOM,EaseMyTrip,6E,6E-2381,2026-09-17,T+1,15076,3309,18385,2026-09-16T02:51:44.839Z,TRUE,"High outlier: ₹18385 > upper fence ₹17551 (Q3: ₹11033, IQR: ₹4345)",13:45,FALSE
fare_DEL-BOM_6E_2026-09-17_T+1_1789528445704_txa4,DEL-BOM,EaseMyTrip,6E,6E-2076,2026-09-17,T+1,15311,3361,18672,2026-09-16T02:51:44.839Z,TRUE,"High outlier: ₹18672 > upper fence ₹17551 (Q3: ₹11033, IQR: ₹4345)",07:30,FALSE
fare_DEL-BOM_IX_2026-09-17_T+1_1789528445704_9l4j,DEL-BOM,EaseMyTrip,IX,IX-1059,2026-09-17,T+1,15943,3500,19443,2026-09-16T02:51:44.839Z,TRUE,"High outlier: ₹19443 > upper fence ₹17551 (Q3: ₹11033, IQR: ₹4345)",12:15,FALSE
fare_DEL-BOM_AI_2026-09-17_T+1_1789528445704_2rfk,DEL-BOM,EaseMyTrip,AI,AI-2577,2026-09-17,T+1,15856,3480,19336,2026-09-16T02:51:44.839Z,TRUE,"High outlier: ₹19336 > upper fence ₹17551 (Q3: ₹11033, IQR: ₹4345)",02:00,FALSE
fare_DEL-BOM_AI_2026-09-17_T+1_1789528445704_vw5o,DEL-BOM,EaseMyTrip,AI,AI-2859,2026-09-17,T+1,15856,3480,19336,2026-09-16T02:51:44.839Z,TRUE,"High outlier: ₹19336 > upper fence ₹17551 (Q3: ₹11033, IQR: ₹4345)",10:30,FALSE
fare_DEL-BOM_AI_2026-09-17_T+1_1789528445704_2s79,DEL-BOM,EaseMyTrip,AI,AI-2465,2026-09-17,T+1,16202,3557,19759,2026-09-16T02:51:44.839Z,TRUE,"High outlier: ₹19759 > upper fence ₹17551 (Q3: ₹11033, IQR: ₹4345)",14:30,FALSE
fare_DEL-BOM_IX_2026-09-17_T+1_1789528445704_mccp,DEL-BOM,EaseMyTrip,IX,IX-1783,2026-09-17,T+1,16632,3651,20283,2026-09-16T02:51:44.839Z,TRUE,"High outlier: ₹20283 > upper fence ₹17551 (Q3: ₹11033, IQR: ₹4345)",07:20,FALSE
fare_DEL-BOM_AI_2026-09-17_T+1_1789528445704_e69r,DEL-BOM,EaseMyTrip,AI,AI-2907,2026-09-17,T+1,16393,3599,19992,2026-09-16T02:51:44.839Z,TRUE,"High outlier: ₹19992 > upper fence ₹17551 (Q3: ₹11033, IQR: ₹4345)",12:00,FALSE
fare_DEL-BOM_AI_2026-09-17_T+1_1789528445704_4b3k,DEL-BOM,EaseMyTrip,AI,AI-2715,2026-09-17,T+1,16685,3662,20347,2026-09-16T02:51:44.839Z,TRUE,"High outlier: ₹20347 > upper fence ₹17551 (Q3: ₹11033, IQR: ₹4345)",11:40,FALSE
fare_DEL-BOM_AI_2026-09-17_T+1_1789528445704_z8qw,DEL-BOM,EaseMyTrip,AI,AI-809,2026-09-17,T+1,16826,3693,20519,2026-09-16T02:51:44.839Z,TRUE,"High outlier: ₹20519 > upper fence ₹17551 (Q3: ₹11033, IQR: ₹4345)",17:40,FALSE
fare_DEL-BOM_AI_2026-09-17_T+1_1789528445704_nnry,DEL-BOM,EaseMyTrip,AI,AI-2939,2026-09-17,T+1,16826,3693,20519,2026-09-16T02:51:44.839Z,TRUE,"High outlier: ₹20519 > upper fence ₹17551 (Q3: ₹11033, IQR: ₹4345)",16:40,FALSE
fare_DEL-BOM_AI_2026-09-17_T+1_1789528445704_6tzk,DEL-BOM,EaseMyTrip,AI,AI-2525,2026-09-17,T+1,18217,3999,22216,2026-09-16T02:51:44.839Z,TRUE,"High outlier: ₹22216 > upper fence ₹17551 (Q3: ₹11033, IQR: ₹4345)",06:00,FALSE
fare_DEL-BOM_AI_2026-09-17_T+1_1789528445704_hysj,DEL-BOM,EaseMyTrip,AI,AI-2483,2026-09-17,T+1,18217,3999,22216,2026-09-16T02:51:44.839Z,TRUE,"High outlier: ₹22216 > upper fence ₹17551 (Q3: ₹11033, IQR: ₹4345)",12:20,FALSE
fare_DEL-BOM_AI_2026-09-17_T+1_1789528445704_f44z,DEL-BOM,EaseMyTrip,AI,AI-9584,2026-09-17,T+1,18376,4034,22410,2026-09-16T02:51:44.839Z,TRUE,"High outlier: ₹22410 > upper fence ₹17551 (Q3: ₹11033, IQR: ₹4345)",11:15,FALSE
fare_DEL-BOM_IX_2026-10-16_T+30_1789528445704_sbiz,DEL-BOM,EaseMyTrip,IX,IX-1165,2026-10-16,T+30,5121,1124,6245,2026-09-16T02:52:04.069Z,FALSE,"",06:00,FALSE
fare_DEL-BOM_IX_2026-10-16_T+30_1789528445704_3bq2,DEL-BOM,EaseMyTrip,IX,IX-1392,2026-10-16,T+30,5121,1124,6245,2026-09-16T02:52:04.069Z,FALSE,"",23:25,FALSE
fare_DEL-BOM_SG_2026-10-16_T+30_1789528445704_g7ou,DEL-BOM,EaseMyTrip,SG,SG-496,2026-10-16,T+30,5353,1175,6528,2026-09-16T02:52:04.069Z,FALSE,"",22:30,TRUE
fare_DEL-BOM_SG_2026-10-16_T+30_1789528445704_f3hs,DEL-BOM,EaseMyTrip,SG,SG-662,2026-10-16,T+30,5353,1175,6528,2026-09-16T02:52:04.069Z,FALSE,"",22:30,TRUE
fare_DEL-BOM_SG_2026-10-16_T+30_1789528445704_lkva,DEL-BOM,EaseMyTrip,SG,SG-875,2026-10-16,T+30,5353,1175,6528,2026-09-16T02:52:04.069Z,FALSE,"",19:55,TRUE
fare_DEL-BOM_SG_2026-10-16_T+30_1789528445704_igm9,DEL-BOM,EaseMyTrip,SG,SG-396,2026-10-16,T+30,5353,1175,6528,2026-09-16T02:52:04.069Z,FALSE,"",19:55,TRUE
fare_DEL-BOM_QP_2026-10-16_T+30_1789528445704_6avc,DEL-BOM,EaseMyTrip,QP,QP-2012,2026-10-16,T+30,5330,1170,6500,2026-09-16T02:52:04.069Z,FALSE,"",08:55,TRUE
fare_DEL-BOM_IX_2026-10-16_T+30_1789528445704_hsa5,DEL-BOM,EaseMyTrip,IX,IX-1235,2026-10-16,T+30,5656,1242,6898,2026-09-16T02:52:04.069Z,FALSE,"",23:25,TRUE
fare_DEL-BOM_6E_2026-10-16_T+30_1789528445704_48wo,DEL-BOM,EaseMyTrip,6E,6E-202,2026-10-16,T+30,5410,1188,6598,2026-09-16T02:52:04.069Z,FALSE,"",14:50,FALSE
fare_DEL-BOM_6E_2026-10-16_T+30_1789528445704_6u3t,DEL-BOM,EaseMyTrip,6E,6E-379,2026-10-16,T+30,5410,1188,6598,2026-09-16T02:52:04.069Z,FALSE,"",14:50,FALSE
fare_DEL-BOM_6E_2026-10-16_T+30_1789528445704_3je4,DEL-BOM,EaseMyTrip,6E,6E-5119,2026-10-16,T+30,5410,1188,6598,2026-09-16T02:52:04.069Z,FALSE,"",05:10,FALSE
fare_DEL-BOM_6E_2026-10-16_T+30_1789528445704_16pv,DEL-BOM,EaseMyTrip,6E,6E-6190,2026-10-16,T+30,5410,1188,6598,2026-09-16T02:52:04.069Z,FALSE,"",07:40,FALSE
fare_DEL-BOM_6E_2026-10-16_T+30_1789528445704_a2e7,DEL-BOM,EaseMyTrip,6E,6E-2341,2026-10-16,T+30,5410,1188,6598,2026-09-16T02:52:04.069Z,FALSE,"",14:50,FALSE
fare_DEL-BOM_6E_2026-10-16_T+30_1789528445704_xw1z,DEL-BOM,EaseMyTrip,6E,6E-2331,2026-10-16,T+30,5410,1188,6598,2026-09-16T02:52:04.069Z,FALSE,"",12:20,FALSE
fare_DEL-BOM_6E_2026-10-16_T+30_1789528445704_uigj,DEL-BOM,EaseMyTrip,6E,6E-6261,2026-10-16,T+30,5410,1188,6598,2026-09-16T02:52:04.069Z,FALSE,"",00:15,FALSE
fare_DEL-BOM_6E_2026-10-16_T+30_1789528445704_q1bk,DEL-BOM,EaseMyTrip,6E,6E-923,2026-10-16,T+30,5410,1188,6598,2026-09-16T02:52:04.069Z,FALSE,"",10:00,FALSE
fare_DEL-BOM_6E_2026-10-16_T+30_1789528445704_a1mm,DEL-BOM,EaseMyTrip,6E,6E-300,2026-10-16,T+30,5410,1188,6598,2026-09-16T02:52:04.069Z,FALSE,"",10:00,FALSE
fare_DEL-BOM_QP_2026-10-16_T+30_1789528445704_q4ej,DEL-BOM,EaseMyTrip,QP,QP-1820,2026-10-16,T+30,5419,1190,6609,2026-09-16T02:52:04.069Z,FALSE,"",17:30,TRUE
fare_DEL-BOM_6E_2026-10-16_T+30_1789528445704_eyz4,DEL-BOM,EaseMyTrip,6E,6E-6171,2026-10-16,T+30,5427,1191,6618,2026-09-16T02:52:04.069Z,FALSE,"",05:40,FALSE
fare_DEL-BOM_6E_2026-10-16_T+30_1789528445704_r1t1,DEL-BOM,EaseMyTrip,6E,6E-596,2026-10-16,T+30,5427,1191,6618,2026-09-16T02:52:04.069Z,FALSE,"",19:30,FALSE
fare_DEL-BOM_6E_2026-10-16_T+30_1789528445704_omhl,DEL-BOM,EaseMyTrip,6E,6E-427,2026-10-16,T+30,5427,1191,6618,2026-09-16T02:52:04.069Z,FALSE,"",19:30,FALSE
fare_DEL-BOM_IX_2026-10-16_T+30_1789528445704_mocm,DEL-BOM,EaseMyTrip,IX,IX-1024,2026-10-16,T+30,5755,1263,7018,2026-09-16T02:52:04.069Z,FALSE,"",18:40,TRUE
fare_DEL-BOM_QP_2026-10-16_T+30_1789528445704_y2k3,DEL-BOM,EaseMyTrip,QP,QP-1119,2026-10-16,T+30,5518,1211,6729,2026-09-16T02:52:04.069Z,FALSE,"",08:40,TRUE
fare_DEL-BOM_6E_2026-10-16_T+30_1789528445704_ke5p,DEL-BOM,EaseMyTrip,6E,6E-6490,2026-10-16,T+30,5518,1211,6729,2026-09-16T02:52:04.069Z,FALSE,"",04:55,FALSE
fare_DEL-BOM_6E_2026-10-16_T+30_1789528445704_5wu2,DEL-BOM,EaseMyTrip,6E,6E-2249,2026-10-16,T+30,5518,1211,6729,2026-09-16T02:52:04.069Z,FALSE,"",15:00,FALSE
fare_DEL-BOM_6E_2026-10-16_T+30_1789528445704_3cu7,DEL-BOM,EaseMyTrip,6E,6E-6479,2026-10-16,T+30,5599,1229,6828,2026-09-16T02:52:04.069Z,FALSE,"",21:25,FALSE
fare_DEL-BOM_6E_2026-10-16_T+30_1789528445704_bee9,DEL-BOM,EaseMyTrip,6E,6E-766,2026-10-16,T+30,5599,1229,6828,2026-09-16T02:52:04.069Z,FALSE,"",16:10,FALSE
fare_DEL-BOM_6E_2026-10-16_T+30_1789528445704_rvkj,DEL-BOM,EaseMyTrip,6E,6E-284,2026-10-16,T+30,5599,1229,6828,2026-09-16T02:52:04.069Z,FALSE,"",16:10,FALSE
fare_DEL-BOM_6E_2026-10-16_T+30_1789528445704_rvw6,DEL-BOM,EaseMyTrip,6E,6E-2113,2026-10-16,T+30,5599,1229,6828,2026-09-16T02:52:04.069Z,FALSE,"",13:20,FALSE
fare_DEL-BOM_6E_2026-10-16_T+30_1789528445704_z2ia,DEL-BOM,EaseMyTrip,6E,6E-6050,2026-10-16,T+30,5599,1229,6828,2026-09-16T02:52:04.069Z,FALSE,"",08:15,FALSE
fare_DEL-BOM_IX_2026-10-16_T+30_1789528445704_1uqh,DEL-BOM,EaseMyTrip,IX,IX-1056,2026-10-16,T+30,5878,1290,7168,2026-09-16T02:52:04.069Z,FALSE,"",17:50,TRUE
fare_DEL-BOM_6E_2026-10-16_T+30_1789528445704_5zxc,DEL-BOM,EaseMyTrip,6E,6E-6212,2026-10-16,T+30,5707,1253,6960,2026-09-16T02:52:04.069Z,FALSE,"",14:45,FALSE
fare_DEL-BOM_QP_2026-10-16_T+30_1789528445704_ae6u,DEL-BOM,EaseMyTrip,QP,QP-1833,2026-10-16,T+30,5721,1256,6977,2026-09-16T02:52:04.069Z,FALSE,"",06:50,TRUE
fare_DEL-BOM_QP_2026-10-16_T+30_1789528445704_588n,DEL-BOM,EaseMyTrip,QP,QP-1110,2026-10-16,T+30,5721,1256,6977,2026-09-16T02:52:04.069Z,FALSE,"",10:00,TRUE
fare_DEL-BOM_QP_2026-10-16_T+30_1789528445704_aeyb,DEL-BOM,EaseMyTrip,QP,QP-1128,2026-10-16,T+30,5721,1256,6977,2026-09-16T02:52:04.069Z,FALSE,"",16:00,TRUE
fare_DEL-BOM_IX_2026-10-16_T+30_1789528445704_kygq,DEL-BOM,EaseMyTrip,IX,IX-1038,2026-10-16,T+30,6001,1317,7318,2026-09-16T02:52:04.069Z,FALSE,"",17:35,TRUE
fare_DEL-BOM_6E_2026-10-16_T+30_1789528445704_rmgl,DEL-BOM,EaseMyTrip,6E,6E-6470,2026-10-16,T+30,5756,1263,7019,2026-09-16T02:52:04.069Z,FALSE,"",06:55,TRUE
fare_DEL-BOM_6E_2026-10-16_T+30_1789528445704_3tya,DEL-BOM,EaseMyTrip,6E,6E-435,2026-10-16,T+30,5756,1263,7019,2026-09-16T02:52:04.069Z,FALSE,"",13:00,TRUE
fare_DEL-BOM_6E_2026-10-16_T+30_1789528445704_r79j,DEL-BOM,EaseMyTrip,6E,6E-374,2026-10-16,T+30,5756,1263,7019,2026-09-16T02:52:04.069Z,FALSE,"",13:00,TRUE
fare_DEL-BOM_6E_2026-10-16_T+30_1789528445704_ihiz,DEL-BOM,EaseMyTrip,6E,6E-798,2026-10-16,T+30,5756,1263,7019,2026-09-16T02:52:04.069Z,FALSE,"",23:30,TRUE
fare_DEL-BOM_6E_2026-10-16_T+30_1789528445704_w13l,DEL-BOM,EaseMyTrip,6E,6E-946,2026-10-16,T+30,5756,1263,7019,2026-09-16T02:52:04.069Z,FALSE,"",23:30,TRUE
fare_DEL-BOM_6E_2026-10-16_T+30_1789528445704_ruc3,DEL-BOM,EaseMyTrip,6E,6E-785,2026-10-16,T+30,5756,1263,7019,2026-09-16T02:52:04.069Z,FALSE,"",15:30,TRUE
fare_DEL-BOM_6E_2026-10-16_T+30_1789528445704_14ul,DEL-BOM,EaseMyTrip,6E,6E-806,2026-10-16,T+30,5756,1263,7019,2026-09-16T02:52:04.069Z,FALSE,"",15:30,TRUE
fare_DEL-BOM_6E_2026-10-16_T+30_1789528445704_sqb5,DEL-BOM,EaseMyTrip,6E,6E-6318,2026-10-16,T+30,5756,1263,7019,2026-09-16T02:52:04.069Z,FALSE,"",14:45,TRUE
fare_DEL-BOM_6E_2026-10-16_T+30_1789528445704_b1ug,DEL-BOM,EaseMyTrip,6E,6E-936,2026-10-16,T+30,5756,1263,7019,2026-09-16T02:52:04.069Z,FALSE,"",05:00,TRUE
fare_DEL-BOM_6E_2026-10-16_T+30_1789528445704_jdmp,DEL-BOM,EaseMyTrip,6E,6E-240,2026-10-16,T+30,5756,1263,7019,2026-09-16T02:52:04.069Z,FALSE,"",05:00,TRUE
fare_DEL-BOM_6E_2026-10-16_T+30_1789528445704_wxza,DEL-BOM,EaseMyTrip,6E,6E-6218,2026-10-16,T+30,5756,1263,7019,2026-09-16T02:52:04.069Z,FALSE,"",06:05,TRUE
fare_DEL-BOM_6E_2026-10-16_T+30_1789528445704_tn53,DEL-BOM,EaseMyTrip,6E,6E-6047,2026-10-16,T+30,5756,1263,7019,2026-09-16T02:52:04.069Z,FALSE,"",11:00,TRUE
fare_DEL-BOM_6E_2026-10-16_T+30_1789528445704_ks0h,DEL-BOM,EaseMyTrip,6E,6E-6676,2026-10-16,T+30,5756,1263,7019,2026-09-16T02:52:04.069Z,FALSE,"",12:00,TRUE
fare_DEL-BOM_6E_2026-10-16_T+30_1789528445704_eyl1,DEL-BOM,EaseMyTrip,6E,6E-607,2026-10-16,T+30,5756,1263,7019,2026-09-16T02:52:04.069Z,FALSE,"",08:45,TRUE
fare_DEL-BOM_6E_2026-10-16_T+30_1789528445704_kaqb,DEL-BOM,EaseMyTrip,6E,6E-561,2026-10-16,T+30,5756,1263,7019,2026-09-16T02:52:04.069Z,FALSE,"",08:45,TRUE
fare_DEL-BOM_6E_2026-10-16_T+30_1789528445704_5w8o,DEL-BOM,EaseMyTrip,6E,6E-581,2026-10-16,T+30,5756,1263,7019,2026-09-16T02:52:04.069Z,FALSE,"",03:00,TRUE
fare_DEL-BOM_6E_2026-10-16_T+30_1789528445704_0v5b,DEL-BOM,EaseMyTrip,6E,6E-6114,2026-10-16,T+30,5756,1263,7019,2026-09-16T02:52:04.069Z,FALSE,"",22:45,TRUE
fare_DEL-BOM_6E_2026-10-16_T+30_1789528445704_gkea,DEL-BOM,EaseMyTrip,6E,6E-323,2026-10-16,T+30,5756,1263,7019,2026-09-16T02:52:04.069Z,FALSE,"",16:15,TRUE
fare_DEL-BOM_6E_2026-10-16_T+30_1789528445704_yizi,DEL-BOM,EaseMyTrip,6E,6E-133,2026-10-16,T+30,5756,1263,7019,2026-09-16T02:52:04.069Z,FALSE,"",16:15,TRUE
fare_DEL-BOM_6E_2026-10-16_T+30_1789528445704_378g,DEL-BOM,EaseMyTrip,6E,6E-467,2026-10-16,T+30,5756,1263,7019,2026-09-16T02:52:04.069Z,FALSE,"",08:00,TRUE
fare_DEL-BOM_6E_2026-10-16_T+30_1789528445704_szzt,DEL-BOM,EaseMyTrip,6E,6E-623,2026-10-16,T+30,5756,1263,7019,2026-09-16T02:52:04.069Z,FALSE,"",08:00,TRUE
fare_DEL-BOM_6E_2026-10-16_T+30_1789528445704_kr55,DEL-BOM,EaseMyTrip,6E,6E-6328,2026-10-16,T+30,5756,1263,7019,2026-09-16T02:52:04.069Z,FALSE,"",10:15,TRUE
fare_DEL-BOM_6E_2026-10-16_T+30_1789528445704_m0jz,DEL-BOM,EaseMyTrip,6E,6E-6022,2026-10-16,T+30,5756,1263,7019,2026-09-16T02:52:04.069Z,FALSE,"",14:00,TRUE
fare_DEL-BOM_6E_2026-10-16_T+30_1789528445704_hbpw,DEL-BOM,EaseMyTrip,6E,6E-6107,2026-10-16,T+30,5756,1263,7019,2026-09-16T02:52:04.069Z,FALSE,"",09:30,TRUE
fare_DEL-BOM_6E_2026-10-16_T+30_1789528445704_5ufp,DEL-BOM,EaseMyTrip,6E,6E-7646,2026-10-16,T+30,5760,1264,7024,2026-09-16T02:52:04.069Z,FALSE,"",06:15,FALSE
fare_DEL-BOM_6E_2026-10-16_T+30_1789528445704_qypg,DEL-BOM,EaseMyTrip,6E,6E-7642,2026-10-16,T+30,5812,1276,7088,2026-09-16T02:52:04.069Z,FALSE,"",15:45,FALSE
fare_DEL-BOM_6E_2026-10-16_T+30_1789528445704_9sj7,DEL-BOM,EaseMyTrip,6E,6E-5014,2026-10-16,T+30,5856,1286,7142,2026-09-16T02:52:04.069Z,FALSE,"",18:30,FALSE
fare_DEL-BOM_6E_2026-10-16_T+30_1789528445704_bae2,DEL-BOM,EaseMyTrip,6E,6E-2076,2026-10-16,T+30,5856,1286,7142,2026-09-16T02:52:04.069Z,FALSE,"",07:30,FALSE
fare_DEL-BOM_6E_2026-10-16_T+30_1789528445704_4eh9,DEL-BOM,EaseMyTrip,6E,6E-2013,2026-10-16,T+30,5856,1286,7142,2026-09-16T02:52:04.069Z,FALSE,"",21:50,FALSE
fare_DEL-BOM_6E_2026-10-16_T+30_1789528445704_pqp0,DEL-BOM,EaseMyTrip,6E,6E-7653,2026-10-16,T+30,5867,1288,7155,2026-09-16T02:52:04.069Z,FALSE,"",17:20,FALSE
fare_DEL-BOM_6E_2026-10-16_T+30_1789528445704_m7fd,DEL-BOM,EaseMyTrip,6E,6E-810,2026-10-16,T+30,5879,1290,7169,2026-09-16T02:52:04.069Z,FALSE,"",18:00,TRUE
fare_DEL-BOM_6E_2026-10-16_T+30_1789528445704_s3vv,DEL-BOM,EaseMyTrip,6E,6E-726,2026-10-16,T+30,5879,1290,7169,2026-09-16T02:52:04.069Z,FALSE,"",21:45,TRUE
fare_DEL-BOM_6E_2026-10-16_T+30_1789528445704_di6y,DEL-BOM,EaseMyTrip,6E,6E-698,2026-10-16,T+30,5879,1290,7169,2026-09-16T02:52:04.069Z,FALSE,"",21:45,TRUE
fare_DEL-BOM_6E_2026-10-16_T+30_1789528445704_jvxp,DEL-BOM,EaseMyTrip,6E,6E-7626,2026-10-16,T+30,5932,1302,7234,2026-09-16T02:52:04.069Z,FALSE,"",10:30,FALSE
fare_DEL-BOM_6E_2026-10-16_T+30_1789528445704_mvd1,DEL-BOM,EaseMyTrip,6E,6E-5198,2026-10-16,T+30,5933,1302,7235,2026-09-16T02:52:04.069Z,FALSE,"",15:00,TRUE
fare_DEL-BOM_6E_2026-10-16_T+30_1789528445704_4txe,DEL-BOM,EaseMyTrip,6E,6E-2169,2026-10-16,T+30,5965,1309,7274,2026-09-16T02:52:04.069Z,FALSE,"",19:20,FALSE
fare_DEL-BOM_6E_2026-10-16_T+30_1789528445704_x8yz,DEL-BOM,EaseMyTrip,6E,6E-6459,2026-10-16,T+30,5965,1309,7274,2026-09-16T02:52:04.069Z,FALSE,"",05:55,FALSE
fare_DEL-BOM_6E_2026-10-16_T+30_1789528445704_yi96,DEL-BOM,EaseMyTrip,6E,6E-5038,2026-10-16,T+30,6029,1323,7352,2026-09-16T02:52:04.069Z,FALSE,"",14:00,FALSE
fare_DEL-BOM_6E_2026-10-16_T+30_1789528445704_lieu,DEL-BOM,EaseMyTrip,6E,6E-841,2026-10-16,T+30,6100,1339,7439,2026-09-16T02:52:04.069Z,FALSE,"",20:20,TRUE
fare_DEL-BOM_6E_2026-10-16_T+30_1789528445704_mjpn,DEL-BOM,EaseMyTrip,6E,6E-597,2026-10-16,T+30,6100,1339,7439,2026-09-16T02:52:04.069Z,FALSE,"",20:20,TRUE
fare_DEL-BOM_6E_2026-10-16_T+30_1789528445704_nwig,DEL-BOM,EaseMyTrip,6E,6E-525,2026-10-16,T+30,6125,1344,7469,2026-09-16T02:52:04.069Z,FALSE,"",20:00,TRUE
fare_DEL-BOM_6E_2026-10-16_T+30_1789528445704_xu02,DEL-BOM,EaseMyTrip,6E,6E-347,2026-10-16,T+30,6125,1344,7469,2026-09-16T02:52:04.069Z,FALSE,"",20:00,TRUE
fare_DEL-BOM_6E_2026-10-16_T+30_1789528445704_w3x8,DEL-BOM,EaseMyTrip,6E,6E-825,2026-10-16,T+30,6125,1344,7469,2026-09-16T02:52:04.069Z,FALSE,"",20:45,TRUE
fare_DEL-BOM_6E_2026-10-16_T+30_1789528445704_4hwi,DEL-BOM,EaseMyTrip,6E,6E-301,2026-10-16,T+30,6125,1344,7469,2026-09-16T02:52:04.069Z,FALSE,"",20:45,TRUE
fare_DEL-BOM_6E_2026-10-16_T+30_1789528445704_gdfe,DEL-BOM,EaseMyTrip,6E,6E-6706,2026-10-16,T+30,6125,1344,7469,2026-09-16T02:52:04.069Z,FALSE,"",17:00,TRUE
fare_DEL-BOM_6E_2026-10-16_T+30_1789528445704_r0wq,DEL-BOM,EaseMyTrip,6E,6E-6814,2026-10-16,T+30,6125,1344,7469,2026-09-16T02:52:04.069Z,FALSE,"",07:15,TRUE
fare_DEL-BOM_6E_2026-10-16_T+30_1789528445704_fglr,DEL-BOM,EaseMyTrip,6E,6E-215,2026-10-16,T+30,6125,1344,7469,2026-09-16T02:52:04.069Z,FALSE,"",19:00,TRUE
fare_DEL-BOM_6E_2026-10-16_T+30_1789528445704_yi0z,DEL-BOM,EaseMyTrip,6E,6E-153,2026-10-16,T+30,6125,1344,7469,2026-09-16T02:52:04.069Z,FALSE,"",19:00,TRUE
fare_DEL-BOM_QP_2026-10-16_T+30_1789528445704_jy8v,DEL-BOM,EaseMyTrip,QP,QP-1826,2026-10-16,T+30,6151,1350,7501,2026-09-16T02:52:04.069Z,FALSE,"",19:55,TRUE
fare_DEL-BOM_6E_2026-10-16_T+30_1789528445704_5vc8,DEL-BOM,EaseMyTrip,6E,6E-5096,2026-10-16,T+30,6152,1350,7502,2026-09-16T02:52:04.069Z,FALSE,"",17:00,TRUE
fare_DEL-BOM_6E_2026-10-16_T+30_1789528445704_57df,DEL-BOM,EaseMyTrip,6E,6E-999,2026-10-16,T+30,6201,1361,7562,2026-09-16T02:52:04.069Z,FALSE,"",12:10,FALSE
fare_DEL-BOM_6E_2026-10-16_T+30_1789528445704_eq3k,DEL-BOM,EaseMyTrip,6E,6E-605,2026-10-16,T+30,6201,1361,7562,2026-09-16T02:52:04.069Z,FALSE,"",12:10,FALSE
fare_DEL-BOM_6E_2026-10-16_T+30_1789528445704_zfz6,DEL-BOM,EaseMyTrip,6E,6E-6983,2026-10-16,T+30,6329,1389,7718,2026-09-16T02:52:04.069Z,FALSE,"",15:35,FALSE
fare_DEL-BOM_6E_2026-10-16_T+30_1789528445704_z0gg,DEL-BOM,EaseMyTrip,6E,6E-6829,2026-10-16,T+30,6436,1413,7849,2026-09-16T02:52:04.069Z,FALSE,"",17:20,FALSE
fare_DEL-BOM_6E_2026-10-16_T+30_1789528445704_qh28,DEL-BOM,EaseMyTrip,6E,6E-6443,2026-10-16,T+30,6436,1413,7849,2026-09-16T02:52:04.069Z,FALSE,"",09:00,FALSE
fare_DEL-BOM_6E_2026-10-16_T+30_1789528445704_6v2t,DEL-BOM,EaseMyTrip,6E,6E-660,2026-10-16,T+30,6608,1451,8059,2026-09-16T02:52:04.069Z,FALSE,"",02:25,FALSE
fare_DEL-BOM_6E_2026-10-16_T+30_1789528445704_iiqa,DEL-BOM,EaseMyTrip,6E,6E-907,2026-10-16,T+30,6608,1451,8059,2026-09-16T02:52:04.069Z,FALSE,"",02:25,FALSE
fare_DEL-BOM_6E_2026-10-16_T+30_1789528445704_6val,DEL-BOM,EaseMyTrip,6E,6E-2381,2026-10-16,T+30,6608,1451,8059,2026-09-16T02:52:04.069Z,FALSE,"",13:45,FALSE
fare_DEL-BOM_6E_2026-10-16_T+30_1789528445704_vzqa,DEL-BOM,EaseMyTrip,6E,6E-182,2026-10-16,T+30,6608,1451,8059,2026-09-16T02:52:04.069Z,FALSE,"",08:30,FALSE
fare_DEL-BOM_6E_2026-10-16_T+30_1789528445704_q7ir,DEL-BOM,EaseMyTrip,6E,6E-393,2026-10-16,T+30,6608,1451,8059,2026-09-16T02:52:04.069Z,FALSE,"",08:30,FALSE
fare_DEL-BOM_6E_2026-10-16_T+30_1789528445704_8jxq,DEL-BOM,EaseMyTrip,6E,6E-746,2026-10-16,T+30,6673,1465,8138,2026-09-16T02:52:04.069Z,FALSE,"",19:30,FALSE
fare_DEL-BOM_6E_2026-10-16_T+30_1789528445704_o1vb,DEL-BOM,EaseMyTrip,6E,6E-363,2026-10-16,T+30,6673,1465,8138,2026-09-16T02:52:04.069Z,FALSE,"",19:30,FALSE
fare_DEL-BOM_6E_2026-10-16_T+30_1789528445704_14dj,DEL-BOM,EaseMyTrip,6E,6E-2571,2026-10-16,T+30,6764,1485,8249,2026-09-16T02:52:04.069Z,FALSE,"",12:30,FALSE
fare_DEL-BOM_6E_2026-10-16_T+30_1789528445704_84hw,DEL-BOM,EaseMyTrip,6E,6E-5073,2026-10-16,T+30,6848,1503,8351,2026-09-16T02:52:04.069Z,FALSE,"",17:05,FALSE
fare_DEL-BOM_6E_2026-10-16_T+30_1789528445704_3my9,DEL-BOM,EaseMyTrip,6E,6E-5138,2026-10-16,T+30,6955,1527,8482,2026-09-16T02:52:04.069Z,FALSE,"",19:10,FALSE
fare_DEL-BOM_6E_2026-10-16_T+30_1789528445704_fx2d,DEL-BOM,EaseMyTrip,6E,6E-6433,2026-10-16,T+30,6955,1527,8482,2026-09-16T02:52:04.069Z,FALSE,"",16:30,FALSE
fare_DEL-BOM_6E_2026-10-16_T+30_1789528445704_x5fl,DEL-BOM,EaseMyTrip,6E,6E-6026,2026-10-16,T+30,7127,1565,8692,2026-09-16T02:52:04.069Z,FALSE,"",05:30,FALSE
fare_DEL-BOM_IX_2026-10-16_T+30_1789528445704_bio2,DEL-BOM,EaseMyTrip,IX,IX-1057,2026-10-16,T+30,7438,1633,9071,2026-09-16T02:52:04.069Z,FALSE,"",06:20,FALSE
fare_DEL-BOM_6E_2026-10-16_T+30_1789528445704_1ycp,DEL-BOM,EaseMyTrip,6E,6E-5298,2026-10-16,T+30,7591,1666,9257,2026-09-16T02:52:04.069Z,FALSE,"",09:00,FALSE
fare_DEL-BOM_AI_2026-10-16_T+30_1789528445704_zvxm,DEL-BOM,EaseMyTrip,AI,AI-2569,2026-10-16,T+30,7811,1715,9526,2026-09-16T02:52:04.069Z,FALSE,"",20:30,FALSE
fare_DEL-BOM_AI_2026-10-16_T+30_1789528445704_fpww,DEL-BOM,EaseMyTrip,AI,AI-1710,2026-10-16,T+30,7811,1715,9526,2026-09-16T02:52:04.069Z,FALSE,"",18:35,FALSE
fare_DEL-BOM_6E_2026-10-16_T+30_1789528445704_4c54,DEL-BOM,EaseMyTrip,6E,6E-6282,2026-10-16,T+30,7698,1690,9388,2026-09-16T02:52:04.069Z,FALSE,"",13:30,FALSE
fare_DEL-BOM_IX_2026-10-16_T+30_1789528445704_asuz,DEL-BOM,EaseMyTrip,IX,IX-1782,2026-10-16,T+30,8176,1795,9971,2026-09-16T02:52:04.069Z,FALSE,"",09:25,FALSE
fare_DEL-BOM_IX_2026-10-16_T+30_1789528445704_bz68,DEL-BOM,EaseMyTrip,IX,IX-1108,2026-10-16,T+30,8176,1795,9971,2026-09-16T02:52:04.069Z,FALSE,"",05:00,FALSE
fare_DEL-BOM_IX_2026-10-16_T+30_1789528445704_q8w6,DEL-BOM,EaseMyTrip,IX,IX-1817,2026-10-16,T+30,8176,1795,9971,2026-09-16T02:52:04.069Z,FALSE,"",19:30,FALSE
fare_DEL-BOM_AI_2026-10-16_T+30_1789528445704_xapx,DEL-BOM,EaseMyTrip,AI,AI-1717,2026-10-16,T+30,8165,1792,9957,2026-09-16T02:52:04.069Z,FALSE,"",14:20,FALSE
fare_DEL-BOM_6E_2026-10-16_T+30_1789528445704_0owe,DEL-BOM,EaseMyTrip,6E,6E-2349,2026-10-16,T+30,8379,1839,10218,2026-09-16T02:52:04.069Z,FALSE,"",10:55,FALSE
fare_DEL-BOM_AI_2026-10-16_T+30_1789528445704_pkh8,DEL-BOM,EaseMyTrip,AI,AI-1705,2026-10-16,T+30,8766,1924,10690,2026-09-16T02:52:04.069Z,TRUE,"High outlier: ₹10690 > upper fence ₹10351 (Q3: ₹8351, IQR: ₹1333)",06:30,FALSE
fare_DEL-BOM_6E_2026-10-16_T+30_1789528445704_aidh,DEL-BOM,EaseMyTrip,6E,6E-6601,2026-10-16,T+30,9015,1979,10994,2026-09-16T02:52:04.069Z,TRUE,"High outlier: ₹10994 > upper fence ₹10351 (Q3: ₹8351, IQR: ₹1333)",19:45,FALSE
fare_DEL-BOM_6E_2026-10-16_T+30_1789528445704_5hlk,DEL-BOM,EaseMyTrip,6E,6E-921,2026-10-16,T+30,9015,1979,10994,2026-09-16T02:52:04.069Z,TRUE,"High outlier: ₹10994 > upper fence ₹10351 (Q3: ₹8351, IQR: ₹1333)",23:15,FALSE
fare_DEL-BOM_AI_2026-10-16_T+30_1789528445704_q371,DEL-BOM,EaseMyTrip,AI,AI-1719,2026-10-16,T+30,9619,2111,11730,2026-09-16T02:52:04.069Z,TRUE,"High outlier: ₹11730 > upper fence ₹10351 (Q3: ₹8351, IQR: ₹1333)",11:55,FALSE
fare_DEL-BOM_IX_2026-10-16_T+30_1789528445704_qnuq,DEL-BOM,EaseMyTrip,IX,IX-1082,2026-10-16,T+30,9942,2182,12124,2026-09-16T02:52:04.069Z,TRUE,"High outlier: ₹12124 > upper fence ₹10351 (Q3: ₹8351, IQR: ₹1333)",21:25,FALSE
fare_DEL-BOM_IX_2026-10-16_T+30_1789528445704_qa9z,DEL-BOM,EaseMyTrip,IX,IX-1049,2026-10-16,T+30,9942,2182,12124,2026-09-16T02:52:04.069Z,TRUE,"High outlier: ₹12124 > upper fence ₹10351 (Q3: ₹8351, IQR: ₹1333)",18:40,FALSE
fare_DEL-BOM_IX_2026-10-16_T+30_1789528445704_1lmx,DEL-BOM,EaseMyTrip,IX,IX-1068,2026-10-16,T+30,10895,2392,13287,2026-09-16T02:52:04.069Z,TRUE,"High outlier: ₹13287 > upper fence ₹10351 (Q3: ₹8351, IQR: ₹1333)",11:55,FALSE
fare_DEL-BOM_IX_2026-10-16_T+30_1789528445704_ym9x,DEL-BOM,EaseMyTrip,IX,IX-2749,2026-10-16,T+30,12239,2687,14926,2026-09-16T02:52:04.069Z,TRUE,"High outlier: ₹14926 > upper fence ₹10351 (Q3: ₹8351, IQR: ₹1333)",10:25,FALSE
fare_DEL-BOM_AI_2026-10-16_T+30_1789528445704_4ow2,DEL-BOM,EaseMyTrip,AI,AI-2761,2026-10-16,T+30,12017,2638,14655,2026-09-16T02:52:04.069Z,TRUE,"High outlier: ₹14655 > upper fence ₹10351 (Q3: ₹8351, IQR: ₹1333)",16:25,FALSE
fare_DEL-BOM_QP_2026-10-16_T+30_1789528445704_8ilb,DEL-BOM,EaseMyTrip,QP,QP-1574,2026-10-16,T+30,12500,2744,15244,2026-09-16T02:52:04.069Z,TRUE,"High outlier: ₹15244 > upper fence ₹10351 (Q3: ₹8351, IQR: ₹1333)",14:10,FALSE
fare_DEL-BOM_AI_2026-10-16_T+30_1789528445704_nrac,DEL-BOM,EaseMyTrip,AI,AI-9722,2026-10-16,T+30,13068,2869,15937,2026-09-16T02:52:04.069Z,TRUE,"High outlier: ₹15937 > upper fence ₹10351 (Q3: ₹8351, IQR: ₹1333)",11:55,FALSE
fare_DEL-BOM_QP_2026-10-16_T+30_1789528445704_xk0o,DEL-BOM,EaseMyTrip,QP,QP-1822,2026-10-16,T+30,13133,2883,16016,2026-09-16T02:52:04.069Z,TRUE,"High outlier: ₹16016 > upper fence ₹10351 (Q3: ₹8351, IQR: ₹1333)",16:40,FALSE
fare_DEL-BOM_AI_2026-10-16_T+30_1789528445704_8m3f,DEL-BOM,EaseMyTrip,AI,AI-1779,2026-10-16,T+30,16897,3709,20606,2026-09-16T02:52:04.069Z,TRUE,"High outlier: ₹20606 > upper fence ₹10351 (Q3: ₹8351, IQR: ₹1333)",13:45,FALSE
fare_DEL-BOM_AI_2026-10-16_T+30_1789528445704_dxnx,DEL-BOM,EaseMyTrip,AI,AI-1739,2026-10-16,T+30,17044,3741,20785,2026-09-16T02:52:04.069Z,TRUE,"High outlier: ₹20785 > upper fence ₹10351 (Q3: ₹8351, IQR: ₹1333)",11:30,FALSE
fare_DEL-BOM_6E_2026-10-16_T+30_1789528445704_6qvn,DEL-BOM,EaseMyTrip,6E,6E-255,2026-10-16,T+30,16972,3725,20697,2026-09-16T02:52:04.069Z,TRUE,"High outlier: ₹20697 > upper fence ₹10351 (Q3: ₹8351, IQR: ₹1333)",17:55,FALSE
fare_DEL-BOM_6E_2026-10-16_T+30_1789528445707_vj9j,DEL-BOM,EaseMyTrip,6E,6E-127,2026-10-16,T+30,16972,3725,20697,2026-09-16T02:52:04.069Z,TRUE,"High outlier: ₹20697 > upper fence ₹10351 (Q3: ₹8351, IQR: ₹1333)",17:55,FALSE
fare_DEL-BOM_IX_2026-10-16_T+30_1789528445707_irbw,DEL-BOM,EaseMyTrip,IX,IX-1783,2026-10-16,T+30,18267,4010,22277,2026-09-16T02:52:04.069Z,TRUE,"High outlier: ₹22277 > upper fence ₹10351 (Q3: ₹8351, IQR: ₹1333)",07:20,FALSE
fare_DEL-BOM_IX_2026-10-16_T+30_1789528445707_u46w,DEL-BOM,EaseMyTrip,IX,IX-1059,2026-10-16,T+30,20420,4483,24903,2026-09-16T02:52:04.069Z,TRUE,"High outlier: ₹24903 > upper fence ₹10351 (Q3: ₹8351, IQR: ₹1333)",12:15,FALSE
fare_DEL-BOM_IX_2026-10-16_T+30_1789528445707_xo3p,DEL-BOM,EaseMyTrip,IX,IX-1064,2026-10-16,T+30,20420,4483,24903,2026-09-16T02:52:04.069Z,TRUE,"High outlier: ₹24903 > upper fence ₹10351 (Q3: ₹8351, IQR: ₹1333)",19:10,FALSE
fare_DEL-BOM_AI_2026-10-16_T+30_1789528445707_wcoq,DEL-BOM,EaseMyTrip,AI,AI-2627,2026-10-16,T+30,19944,4378,24322,2026-09-16T02:52:04.069Z,TRUE,"High outlier: ₹24322 > upper fence ₹10351 (Q3: ₹8351, IQR: ₹1333)",10:45,FALSE
fare_DEL-BOM_IX_2026-09-23_T+7_1789528445707_hkyr,DEL-BOM,EaseMyTrip,IX,IX-1392,2026-09-23,T+7,4929,1082,6011,2026-09-16T02:51:52.708Z,FALSE,"",23:25,FALSE
fare_DEL-BOM_IX_2026-09-23_T+7_1789528445707_n9hi,DEL-BOM,EaseMyTrip,IX,IX-1165,2026-09-23,T+7,5121,1124,6245,2026-09-16T02:51:52.708Z,FALSE,"",05:45,FALSE
fare_DEL-BOM_SG_2026-09-23_T+7_1789528445707_u92x,DEL-BOM,EaseMyTrip,SG,SG-9091,2026-09-23,T+7,5222,1146,6368,2026-09-16T02:51:52.708Z,FALSE,"",05:30,TRUE
fare_DEL-BOM_6E_2026-09-23_T+7_1789528445707_c2wa,DEL-BOM,EaseMyTrip,6E,6E-6171,2026-09-23,T+7,4994,1096,6090,2026-09-16T02:51:52.708Z,FALSE,"",05:40,FALSE
fare_DEL-BOM_6E_2026-09-23_T+7_1789528445707_z7wc,DEL-BOM,EaseMyTrip,6E,6E-636,2026-09-23,T+7,4994,1096,6090,2026-09-16T02:51:52.708Z,FALSE,"",19:35,FALSE
fare_DEL-BOM_6E_2026-09-23_T+7_1789528445707_qhru,DEL-BOM,EaseMyTrip,6E,6E-435,2026-09-23,T+7,4994,1096,6090,2026-09-16T02:51:52.708Z,FALSE,"",19:35,FALSE
fare_DEL-BOM_6E_2026-09-23_T+7_1789528445707_v84v,DEL-BOM,EaseMyTrip,6E,6E-2013,2026-09-23,T+7,4994,1096,6090,2026-09-16T02:51:52.708Z,FALSE,"",21:50,FALSE
fare_DEL-BOM_6E_2026-09-23_T+7_1789528445707_g49p,DEL-BOM,EaseMyTrip,6E,6E-6261,2026-09-23,T+7,4994,1096,6090,2026-09-16T02:51:52.708Z,FALSE,"",00:15,FALSE
fare_DEL-BOM_6E_2026-09-23_T+7_1789528445707_sypc,DEL-BOM,EaseMyTrip,6E,6E-5119,2026-09-23,T+7,4994,1096,6090,2026-09-16T02:51:52.708Z,FALSE,"",05:10,FALSE
fare_DEL-BOM_6E_2026-09-23_T+7_1789528445707_6ejv,DEL-BOM,EaseMyTrip,6E,6E-5073,2026-09-23,T+7,4994,1096,6090,2026-09-16T02:51:52.708Z,FALSE,"",17:05,FALSE
fare_DEL-BOM_6E_2026-09-23_T+7_1789528445707_11ml,DEL-BOM,EaseMyTrip,6E,6E-6190,2026-09-23,T+7,4998,1097,6095,2026-09-16T02:51:52.708Z,FALSE,"",07:40,FALSE
fare_DEL-BOM_IX_2026-09-23_T+7_1789528445707_hgzt,DEL-BOM,EaseMyTrip,IX,IX-1235,2026-09-23,T+7,5354,1175,6529,2026-09-16T02:51:52.708Z,FALSE,"",23:25,TRUE
fare_DEL-BOM_IX_2026-09-23_T+7_1789528445707_id5c,DEL-BOM,EaseMyTrip,IX,IX-1056,2026-09-23,T+7,5354,1175,6529,2026-09-16T02:51:52.708Z,FALSE,"",05:35,TRUE
fare_DEL-BOM_IX_2026-09-23_T+7_1789528445707_jeqr,DEL-BOM,EaseMyTrip,IX,IX-1038,2026-09-23,T+7,5526,1213,6739,2026-09-16T02:51:52.708Z,FALSE,"",17:35,TRUE
fare_DEL-BOM_6E_2026-09-23_T+7_1789528445707_wa1c,DEL-BOM,EaseMyTrip,6E,6E-2169,2026-09-23,T+7,5102,1120,6222,2026-09-16T02:51:52.708Z,FALSE,"",19:40,FALSE
fare_DEL-BOM_6E_2026-09-23_T+7_1789528445707_gbs0,DEL-BOM,EaseMyTrip,6E,6E-2249,2026-09-23,T+7,5102,1120,6222,2026-09-16T02:51:52.708Z,FALSE,"",15:00,FALSE
fare_DEL-BOM_6E_2026-09-23_T+7_1789528445707_6i3b,DEL-BOM,EaseMyTrip,6E,6E-6829,2026-09-23,T+7,5102,1120,6222,2026-09-16T02:51:52.708Z,FALSE,"",17:20,FALSE
fare_DEL-BOM_6E_2026-09-23_T+7_1789528445707_sicm,DEL-BOM,EaseMyTrip,6E,6E-6443,2026-09-23,T+7,5102,1120,6222,2026-09-16T02:51:52.708Z,FALSE,"",09:00,FALSE
fare_DEL-BOM_6E_2026-09-23_T+7_1789528445707_k7et,DEL-BOM,EaseMyTrip,6E,6E-5138,2026-09-23,T+7,5102,1120,6222,2026-09-16T02:51:52.708Z,FALSE,"",19:10,FALSE
fare_DEL-BOM_6E_2026-09-23_T+7_1789528445707_b89k,DEL-BOM,EaseMyTrip,6E,6E-2345,2026-09-23,T+7,5102,1120,6222,2026-09-16T02:51:52.708Z,FALSE,"",05:55,FALSE
fare_DEL-BOM_6E_2026-09-23_T+7_1789528445707_b3pv,DEL-BOM,EaseMyTrip,6E,6E-6433,2026-09-23,T+7,5102,1120,6222,2026-09-16T02:51:52.708Z,FALSE,"",16:30,FALSE
fare_DEL-BOM_6E_2026-09-23_T+7_1789528445707_186c,DEL-BOM,EaseMyTrip,6E,6E-6490,2026-09-23,T+7,5105,1121,6226,2026-09-16T02:51:52.708Z,FALSE,"",04:55,FALSE
fare_DEL-BOM_6E_2026-09-23_T+7_1789528445707_7qsw,DEL-BOM,EaseMyTrip,6E,6E-6479,2026-09-23,T+7,5166,1134,6300,2026-09-16T02:51:52.708Z,FALSE,"",21:25,FALSE
fare_DEL-BOM_6E_2026-09-23_T+7_1789528445707_pc2y,DEL-BOM,EaseMyTrip,6E,6E-5298,2026-09-23,T+7,5166,1134,6300,2026-09-16T02:51:52.708Z,FALSE,"",09:00,FALSE
fare_DEL-BOM_6E_2026-09-23_T+7_1789528445707_d9px,DEL-BOM,EaseMyTrip,6E,6E-5038,2026-09-23,T+7,5166,1134,6300,2026-09-16T02:51:52.708Z,FALSE,"",14:00,FALSE
fare_DEL-BOM_6E_2026-09-23_T+7_1789528445707_o8h0,DEL-BOM,EaseMyTrip,6E,6E-6601,2026-09-23,T+7,5274,1158,6432,2026-09-16T02:51:52.708Z,FALSE,"",19:45,FALSE
fare_DEL-BOM_6E_2026-09-23_T+7_1789528445707_563u,DEL-BOM,EaseMyTrip,6E,6E-6282,2026-09-23,T+7,5274,1158,6432,2026-09-16T02:51:52.708Z,FALSE,"",13:30,FALSE
fare_DEL-BOM_6E_2026-09-23_T+7_1789528445707_9a9l,DEL-BOM,EaseMyTrip,6E,6E-955,2026-09-23,T+7,5274,1158,6432,2026-09-16T02:51:52.708Z,FALSE,"",23:15,FALSE
fare_DEL-BOM_6E_2026-09-23_T+7_1789528445707_jsal,DEL-BOM,EaseMyTrip,6E,6E-665,2026-09-23,T+7,5274,1158,6432,2026-09-16T02:51:52.708Z,FALSE,"",23:15,FALSE
fare_DEL-BOM_6E_2026-09-23_T+7_1789528445707_sb10,DEL-BOM,EaseMyTrip,6E,6E-6212,2026-09-23,T+7,5274,1158,6432,2026-09-16T02:51:52.708Z,FALSE,"",14:45,FALSE
fare_DEL-BOM_6E_2026-09-23_T+7_1789528445707_mzfe,DEL-BOM,EaseMyTrip,6E,6E-6293,2026-09-23,T+7,5274,1158,6432,2026-09-16T02:51:52.708Z,FALSE,"",09:55,FALSE
fare_DEL-BOM_6E_2026-09-23_T+7_1789528445707_03mz,DEL-BOM,EaseMyTrip,6E,6E-6497,2026-09-23,T+7,5274,1158,6432,2026-09-16T02:51:52.708Z,FALSE,"",18:40,FALSE
fare_DEL-BOM_6E_2026-09-23_T+7_1789528445707_ablp,DEL-BOM,EaseMyTrip,6E,6E-5096,2026-09-23,T+7,5282,1160,6442,2026-09-16T02:51:52.708Z,FALSE,"",17:00,TRUE
fare_DEL-BOM_QP_2026-09-23_T+7_1789528445707_7wnt,DEL-BOM,EaseMyTrip,QP,QP-2074,2026-09-23,T+7,5330,1170,6500,2026-09-16T02:51:52.708Z,FALSE,"",09:20,TRUE
fare_DEL-BOM_6E_2026-09-23_T+7_1789528445707_xkjj,DEL-BOM,EaseMyTrip,6E,6E-6470,2026-09-23,T+7,5354,1175,6529,2026-09-16T02:51:52.708Z,FALSE,"",06:55,TRUE
fare_DEL-BOM_6E_2026-09-23_T+7_1789528445707_9h2y,DEL-BOM,EaseMyTrip,6E,6E-890,2026-09-23,T+7,5355,1175,6530,2026-09-16T02:51:52.708Z,FALSE,"",13:00,TRUE
fare_DEL-BOM_6E_2026-09-23_T+7_1789528445707_8h2o,DEL-BOM,EaseMyTrip,6E,6E-589,2026-09-23,T+7,5355,1175,6530,2026-09-16T02:51:52.708Z,FALSE,"",13:00,TRUE
fare_DEL-BOM_QP_2026-09-23_T+7_1789528445707_wudq,DEL-BOM,EaseMyTrip,QP,QP-1119,2026-09-23,T+7,5355,1175,6530,2026-09-16T02:51:52.708Z,FALSE,"",08:40,TRUE
fare_DEL-BOM_QP_2026-09-23_T+7_1789528445707_dhns,DEL-BOM,EaseMyTrip,QP,QP-1110,2026-09-23,T+7,5355,1175,6530,2026-09-16T02:51:52.708Z,FALSE,"",10:30,TRUE
fare_DEL-BOM_QP_2026-09-23_T+7_1789528445707_gznm,DEL-BOM,EaseMyTrip,QP,QP-1820,2026-09-23,T+7,5355,1175,6530,2026-09-16T02:51:52.708Z,FALSE,"",17:30,TRUE
fare_DEL-BOM_6E_2026-09-23_T+7_1789528445707_6y2x,DEL-BOM,EaseMyTrip,6E,6E-261,2026-09-23,T+7,5355,1175,6530,2026-09-16T02:51:52.708Z,FALSE,"",05:00,TRUE
fare_DEL-BOM_6E_2026-09-23_T+7_1789528445707_lblt,DEL-BOM,EaseMyTrip,6E,6E-136,2026-09-23,T+7,5355,1175,6530,2026-09-16T02:51:52.708Z,FALSE,"",05:00,TRUE
fare_DEL-BOM_6E_2026-09-23_T+7_1789528445707_rn5q,DEL-BOM,EaseMyTrip,6E,6E-530,2026-09-23,T+7,5355,1175,6530,2026-09-16T02:51:52.708Z,FALSE,"",23:30,TRUE
fare_DEL-BOM_6E_2026-09-23_T+7_1789528445707_gzv0,DEL-BOM,EaseMyTrip,6E,6E-979,2026-09-23,T+7,5355,1175,6530,2026-09-16T02:51:52.708Z,FALSE,"",23:30,TRUE
fare_DEL-BOM_6E_2026-09-23_T+7_1789528445707_z8xb,DEL-BOM,EaseMyTrip,6E,6E-6706,2026-09-23,T+7,5355,1175,6530,2026-09-16T02:51:52.708Z,FALSE,"",17:00,TRUE
fare_DEL-BOM_6E_2026-09-23_T+7_1789528445707_893u,DEL-BOM,EaseMyTrip,6E,6E-524,2026-09-23,T+7,5355,1175,6530,2026-09-16T02:51:52.708Z,FALSE,"",15:30,TRUE
fare_DEL-BOM_6E_2026-09-23_T+7_1789528445707_wkne,DEL-BOM,EaseMyTrip,6E,6E-480,2026-09-23,T+7,5355,1175,6530,2026-09-16T02:51:52.708Z,FALSE,"",15:30,TRUE
fare_DEL-BOM_6E_2026-09-23_T+7_1789528445707_wyxu,DEL-BOM,EaseMyTrip,6E,6E-6318,2026-09-23,T+7,5355,1175,6530,2026-09-16T02:51:52.708Z,FALSE,"",14:45,TRUE
fare_DEL-BOM_6E_2026-09-23_T+7_1789528445707_74h8,DEL-BOM,EaseMyTrip,6E,6E-925,2026-09-23,T+7,5355,1175,6530,2026-09-16T02:51:52.708Z,FALSE,"",08:45,TRUE
fare_DEL-BOM_6E_2026-09-23_T+7_1789528445707_zaau,DEL-BOM,EaseMyTrip,6E,6E-160,2026-09-23,T+7,5355,1175,6530,2026-09-16T02:51:52.708Z,FALSE,"",08:45,TRUE
fare_DEL-BOM_6E_2026-09-23_T+7_1789528445707_vgny,DEL-BOM,EaseMyTrip,6E,6E-6047,2026-09-23,T+7,5355,1175,6530,2026-09-16T02:51:52.708Z,FALSE,"",11:00,TRUE
fare_DEL-BOM_QP_2026-09-23_T+7_1789528445707_0p77,DEL-BOM,EaseMyTrip,QP,QP-1833,2026-09-23,T+7,5355,1175,6530,2026-09-16T02:51:52.708Z,FALSE,"",06:50,TRUE
fare_DEL-BOM_QP_2026-09-23_T+7_1789528445707_5a3g,DEL-BOM,EaseMyTrip,QP,QP-1112,2026-09-23,T+7,5355,1175,6530,2026-09-16T02:51:52.708Z,FALSE,"",09:20,TRUE
fare_DEL-BOM_6E_2026-09-23_T+7_1789528445707_8j91,DEL-BOM,EaseMyTrip,6E,6E-6114,2026-09-23,T+7,5355,1175,6530,2026-09-16T02:51:52.708Z,FALSE,"",22:45,TRUE
fare_DEL-BOM_6E_2026-09-23_T+7_1789528445707_b69i,DEL-BOM,EaseMyTrip,6E,6E-119,2026-09-23,T+7,5355,1175,6530,2026-09-16T02:51:52.708Z,FALSE,"",16:15,TRUE
fare_DEL-BOM_6E_2026-09-23_T+7_1789528445707_rj8z,DEL-BOM,EaseMyTrip,6E,6E-584,2026-09-23,T+7,5355,1175,6530,2026-09-16T02:51:52.708Z,FALSE,"",16:15,TRUE
fare_DEL-BOM_6E_2026-09-23_T+7_1789528445707_rxz5,DEL-BOM,EaseMyTrip,6E,6E-6328,2026-09-23,T+7,5355,1175,6530,2026-09-16T02:51:52.708Z,FALSE,"",10:15,TRUE
fare_DEL-BOM_QP_2026-09-23_T+7_1789528445707_i9nw,DEL-BOM,EaseMyTrip,QP,QP-1836,2026-09-23,T+7,5355,1175,6530,2026-09-16T02:51:52.708Z,FALSE,"",12:30,TRUE
fare_DEL-BOM_QP_2026-09-23_T+7_1789528445707_5zoq,DEL-BOM,EaseMyTrip,QP,QP-1826,2026-09-23,T+7,5355,1175,6530,2026-09-16T02:51:52.708Z,FALSE,"",19:55,TRUE
fare_DEL-BOM_6E_2026-09-23_T+7_1789528445707_66xh,DEL-BOM,EaseMyTrip,6E,6E-6022,2026-09-23,T+7,5355,1175,6530,2026-09-16T02:51:52.708Z,FALSE,"",14:00,TRUE
fare_DEL-BOM_6E_2026-09-23_T+7_1789528445707_3o82,DEL-BOM,EaseMyTrip,6E,6E-6107,2026-09-23,T+7,5355,1175,6530,2026-09-16T02:51:52.708Z,FALSE,"",09:30,TRUE
fare_DEL-BOM_6E_2026-09-23_T+7_1789528445707_3rfe,DEL-BOM,EaseMyTrip,6E,6E-5014,2026-09-23,T+7,5381,1181,6562,2026-09-16T02:51:52.708Z,FALSE,"",18:30,FALSE
fare_DEL-BOM_6E_2026-09-23_T+7_1789528445707_q5iu,DEL-BOM,EaseMyTrip,6E,6E-2076,2026-09-23,T+7,5381,1181,6562,2026-09-16T02:51:52.708Z,FALSE,"",07:30,FALSE
fare_DEL-BOM_6E_2026-09-23_T+7_1789528445707_1wvm,DEL-BOM,EaseMyTrip,6E,6E-6983,2026-09-23,T+7,5381,1181,6562,2026-09-16T02:51:52.708Z,FALSE,"",15:35,FALSE
fare_DEL-BOM_SG_2026-09-23_T+7_1789528445707_g7i5,DEL-BOM,EaseMyTrip,SG,SG-749,2026-09-23,T+7,7256,1593,8849,2026-09-16T02:51:52.708Z,FALSE,"",19:55,TRUE
fare_DEL-BOM_SG_2026-09-23_T+7_1789528445707_sk9z,DEL-BOM,EaseMyTrip,SG,SG-402,2026-09-23,T+7,7256,1593,8849,2026-09-16T02:51:52.708Z,FALSE,"",19:55,TRUE
fare_DEL-BOM_QP_2026-09-23_T+7_1789528445707_gecc,DEL-BOM,EaseMyTrip,QP,QP-1940,2026-09-23,T+7,5427,1191,6618,2026-09-16T02:51:52.708Z,FALSE,"",14:05,TRUE
fare_DEL-BOM_6E_2026-09-23_T+7_1789528445707_g2wx,DEL-BOM,EaseMyTrip,6E,6E-5198,2026-09-23,T+7,5427,1191,6618,2026-09-16T02:51:52.708Z,FALSE,"",15:00,TRUE
fare_DEL-BOM_6E_2026-09-23_T+7_1789528445707_hjf6,DEL-BOM,EaseMyTrip,6E,6E-6218,2026-09-23,T+7,5484,1204,6688,2026-09-16T02:51:52.708Z,FALSE,"",06:05,TRUE
fare_DEL-BOM_6E_2026-09-23_T+7_1789528445707_qf5b,DEL-BOM,EaseMyTrip,6E,6E-6676,2026-09-23,T+7,5484,1204,6688,2026-09-16T02:51:52.708Z,FALSE,"",12:00,TRUE
fare_DEL-BOM_6E_2026-09-23_T+7_1789528445707_i6pf,DEL-BOM,EaseMyTrip,6E,6E-996,2026-09-23,T+7,5526,1213,6739,2026-09-16T02:51:52.708Z,FALSE,"",20:20,TRUE
fare_DEL-BOM_6E_2026-09-23_T+7_1789528445707_zxlx,DEL-BOM,EaseMyTrip,6E,6E-370,2026-09-23,T+7,5526,1213,6739,2026-09-16T02:51:52.708Z,FALSE,"",20:20,TRUE
fare_DEL-BOM_6E_2026-09-23_T+7_1789528445707_4qa0,DEL-BOM,EaseMyTrip,6E,6E-2721,2026-09-23,T+7,5526,1213,6739,2026-09-16T02:51:52.708Z,FALSE,"",09:55,TRUE
fare_DEL-BOM_6E_2026-09-23_T+7_1789528445707_0k45,DEL-BOM,EaseMyTrip,6E,6E-878,2026-09-23,T+7,5656,1242,6898,2026-09-16T02:51:52.708Z,FALSE,"",20:00,TRUE
fare_DEL-BOM_6E_2026-09-23_T+7_1789528445707_r860,DEL-BOM,EaseMyTrip,6E,6E-710,2026-09-23,T+7,5656,1242,6898,2026-09-16T02:51:52.708Z,FALSE,"",20:00,TRUE
fare_DEL-BOM_6E_2026-09-23_T+7_1789528445707_aqpc,DEL-BOM,EaseMyTrip,6E,6E-884,2026-09-23,T+7,5656,1242,6898,2026-09-16T02:51:52.708Z,FALSE,"",20:45,TRUE
fare_DEL-BOM_6E_2026-09-23_T+7_1789528445707_2tmc,DEL-BOM,EaseMyTrip,6E,6E-559,2026-09-23,T+7,5656,1242,6898,2026-09-16T02:51:52.708Z,FALSE,"",20:45,TRUE
fare_DEL-BOM_6E_2026-09-23_T+7_1789528445707_tvcx,DEL-BOM,EaseMyTrip,6E,6E-574,2026-09-23,T+7,5656,1242,6898,2026-09-16T02:51:52.708Z,FALSE,"",18:00,TRUE
fare_DEL-BOM_6E_2026-09-23_T+7_1789528445707_qemu,DEL-BOM,EaseMyTrip,6E,6E-378,2026-09-23,T+7,5656,1242,6898,2026-09-16T02:51:52.708Z,FALSE,"",18:00,TRUE
fare_DEL-BOM_6E_2026-09-23_T+7_1789528445707_50zy,DEL-BOM,EaseMyTrip,6E,6E-6814,2026-09-23,T+7,5656,1242,6898,2026-09-16T02:51:52.708Z,FALSE,"",07:15,TRUE
fare_DEL-BOM_6E_2026-09-23_T+7_1789528445707_dsvd,DEL-BOM,EaseMyTrip,6E,6E-945,2026-09-23,T+7,5656,1242,6898,2026-09-16T02:51:52.708Z,FALSE,"",21:45,TRUE
fare_DEL-BOM_6E_2026-09-23_T+7_1789528445707_9ahd,DEL-BOM,EaseMyTrip,6E,6E-505,2026-09-23,T+7,5656,1242,6898,2026-09-16T02:51:52.708Z,FALSE,"",21:45,TRUE
fare_DEL-BOM_6E_2026-09-23_T+7_1789528445707_twhf,DEL-BOM,EaseMyTrip,6E,6E-263,2026-09-23,T+7,5656,1242,6898,2026-09-16T02:51:52.708Z,FALSE,"",08:00,TRUE
fare_DEL-BOM_6E_2026-09-23_T+7_1789528445707_ynp6,DEL-BOM,EaseMyTrip,6E,6E-546,2026-09-23,T+7,5656,1242,6898,2026-09-16T02:51:52.708Z,FALSE,"",08:00,TRUE
fare_DEL-BOM_6E_2026-09-23_T+7_1789528445707_lakq,DEL-BOM,EaseMyTrip,6E,6E-611,2026-09-23,T+7,5725,1257,6982,2026-09-16T02:51:52.708Z,FALSE,"",19:30,FALSE
fare_DEL-BOM_6E_2026-09-23_T+7_1789528445707_bldt,DEL-BOM,EaseMyTrip,6E,6E-153,2026-09-23,T+7,5725,1257,6982,2026-09-16T02:51:52.708Z,FALSE,"",19:30,FALSE
fare_DEL-BOM_6E_2026-09-23_T+7_1789528445707_79cz,DEL-BOM,EaseMyTrip,6E,6E-2571,2026-09-23,T+7,5863,1287,7150,2026-09-16T02:51:52.708Z,FALSE,"",12:30,FALSE
fare_DEL-BOM_6E_2026-09-23_T+7_1789528445707_prb3,DEL-BOM,EaseMyTrip,6E,6E-5206,2026-09-23,T+7,5978,1312,7290,2026-09-16T02:51:52.708Z,FALSE,"",13:20,FALSE
fare_DEL-BOM_6E_2026-09-23_T+7_1789528445707_tv1d,DEL-BOM,EaseMyTrip,6E,6E-7646,2026-09-23,T+7,6120,1343,7463,2026-09-16T02:51:52.708Z,FALSE,"",06:15,FALSE
fare_DEL-BOM_6E_2026-09-23_T+7_1789528445707_rry3,DEL-BOM,EaseMyTrip,6E,6E-430,2026-09-23,T+7,6130,1345,7475,2026-09-16T02:51:52.708Z,FALSE,"",19:00,TRUE
fare_DEL-BOM_6E_2026-09-23_T+7_1789528445707_uger,DEL-BOM,EaseMyTrip,6E,6E-400,2026-09-23,T+7,6130,1345,7475,2026-09-16T02:51:52.708Z,FALSE,"",19:00,TRUE
fare_DEL-BOM_6E_2026-09-23_T+7_1789528445707_3224,DEL-BOM,EaseMyTrip,6E,6E-2341,2026-09-23,T+7,7350,1614,8964,2026-09-16T02:51:52.708Z,FALSE,"",14:50,FALSE
fare_DEL-BOM_6E_2026-09-23_T+7_1789528445707_z3vt,DEL-BOM,EaseMyTrip,6E,6E-914,2026-09-23,T+7,7630,1675,9305,2026-09-16T02:51:52.708Z,FALSE,"",08:30,FALSE
fare_DEL-BOM_6E_2026-09-23_T+7_1789528445707_dr4w,DEL-BOM,EaseMyTrip,6E,6E-192,2026-09-23,T+7,7630,1675,9305,2026-09-16T02:51:52.708Z,FALSE,"",08:30,FALSE
fare_DEL-BOM_6E_2026-09-23_T+7_1789528445707_m7qw,DEL-BOM,EaseMyTrip,6E,6E-7642,2026-09-23,T+7,7640,1677,9317,2026-09-16T02:51:52.708Z,FALSE,"",15:45,FALSE
fare_DEL-BOM_AI_2026-09-23_T+7_1789528445707_kq8a,DEL-BOM,EaseMyTrip,AI,AI-2761,2026-09-23,T+7,7905,1735,9640,2026-09-16T02:51:52.708Z,FALSE,"",16:25,FALSE
fare_DEL-BOM_6E_2026-09-23_T+7_1789528445707_44cr,DEL-BOM,EaseMyTrip,6E,6E-2037,2026-09-23,T+7,7971,1750,9721,2026-09-16T02:51:52.708Z,FALSE,"",11:10,FALSE
fare_DEL-BOM_IX_2026-09-23_T+7_1789528445707_jp30,DEL-BOM,EaseMyTrip,IX,IX-1049,2026-09-23,T+7,8176,1795,9971,2026-09-16T02:51:52.708Z,FALSE,"",18:40,FALSE
fare_DEL-BOM_6E_2026-09-23_T+7_1789528445707_gl0p,DEL-BOM,EaseMyTrip,6E,6E-2381,2026-09-23,T+7,8251,1811,10062,2026-09-16T02:51:52.708Z,FALSE,"",13:45,FALSE
fare_DEL-BOM_AI_2026-09-23_T+7_1789528445707_rhyc,DEL-BOM,EaseMyTrip,AI,AI-1705,2026-09-23,T+7,8884,1950,10834,2026-09-16T02:51:52.708Z,FALSE,"",06:30,FALSE
fare_DEL-BOM_6E_2026-09-23_T+7_1789528445707_yu8h,DEL-BOM,EaseMyTrip,6E,6E-6050,2026-09-23,T+7,8826,1938,10764,2026-09-16T02:51:52.708Z,FALSE,"",08:15,FALSE
fare_DEL-BOM_AI_2026-09-23_T+7_1789528445707_13d0,DEL-BOM,EaseMyTrip,AI,AI-9759,2026-09-23,T+7,9164,2011,11175,2026-09-16T02:51:52.708Z,FALSE,"",05:45,FALSE
fare_DEL-BOM_IX_2026-09-23_T+7_1789528445707_y0o1,DEL-BOM,EaseMyTrip,IX,IX-1003,2026-09-23,T+7,10022,2200,12222,2026-09-16T02:51:52.708Z,FALSE,"",19:10,FALSE
fare_DEL-BOM_IX_2026-09-23_T+7_1789528445707_oeem,DEL-BOM,EaseMyTrip,IX,IX-1754,2026-09-23,T+7,10351,2272,12623,2026-09-16T02:51:52.708Z,TRUE,"High outlier: ₹12623 > upper fence ₹12394 (Q3: ₹8849, IQR: ₹2363)",09:35,FALSE
fare_DEL-BOM_6E_2026-09-23_T+7_1789528445707_0yxr,DEL-BOM,EaseMyTrip,6E,6E-6488,2026-09-23,T+7,10386,2280,12666,2026-09-16T02:51:52.708Z,TRUE,"High outlier: ₹12666 > upper fence ₹12394 (Q3: ₹8849, IQR: ₹2363)",11:20,FALSE
fare_DEL-BOM_AI_2026-09-23_T+7_1789528445707_yl7a,DEL-BOM,EaseMyTrip,AI,AI-2907,2026-09-23,T+7,10747,2359,13106,2026-09-16T02:51:52.708Z,TRUE,"High outlier: ₹13106 > upper fence ₹12394 (Q3: ₹8849, IQR: ₹2363)",12:00,FALSE
fare_DEL-BOM_IX_2026-09-23_T+7_1789528445707_56ri,DEL-BOM,EaseMyTrip,IX,IX-1108,2026-09-23,T+7,11128,2443,13571,2026-09-16T02:51:52.708Z,TRUE,"High outlier: ₹13571 > upper fence ₹12394 (Q3: ₹8849, IQR: ₹2363)",05:00,FALSE
fare_DEL-BOM_AI_2026-09-23_T+7_1789528445707_uq2w,DEL-BOM,EaseMyTrip,AI,AI-2909,2026-09-23,T+7,11290,2478,13768,2026-09-16T02:51:52.708Z,TRUE,"High outlier: ₹13768 > upper fence ₹12394 (Q3: ₹8849, IQR: ₹2363)",22:30,FALSE
fare_DEL-BOM_IX_2026-09-23_T+7_1789528445707_4hhl,DEL-BOM,EaseMyTrip,IX,IX-1210,2026-09-23,T+7,12180,2674,14854,2026-09-16T02:51:52.708Z,TRUE,"High outlier: ₹14854 > upper fence ₹12394 (Q3: ₹8849, IQR: ₹2363)",22:25,FALSE
fare_DEL-BOM_AI_2026-09-23_T+7_1789528445708_v02h,DEL-BOM,EaseMyTrip,AI,AI-2537,2026-09-23,T+7,12457,2735,15192,2026-09-16T02:51:52.708Z,TRUE,"High outlier: ₹15192 > upper fence ₹12394 (Q3: ₹8849, IQR: ₹2363)",17:30,FALSE
fare_DEL-BOM_6E_2026-09-23_T+7_1789528445708_6ucy,DEL-BOM,EaseMyTrip,6E,6E-325,2026-09-23,T+7,12461,2735,15196,2026-09-16T02:51:52.708Z,TRUE,"High outlier: ₹15196 > upper fence ₹12394 (Q3: ₹8849, IQR: ₹2363)",12:15,FALSE
fare_DEL-BOM_6E_2026-09-23_T+7_1789528445708_64no,DEL-BOM,EaseMyTrip,6E,6E-748,2026-09-23,T+7,12461,2735,15196,2026-09-16T02:51:52.708Z,TRUE,"High outlier: ₹15196 > upper fence ₹12394 (Q3: ₹8849, IQR: ₹2363)",12:15,FALSE
fare_DEL-BOM_IX_2026-09-23_T+7_1789528445708_brlk,DEL-BOM,EaseMyTrip,IX,IX-1817,2026-09-23,T+7,13041,2863,15904,2026-09-16T02:51:52.708Z,TRUE,"High outlier: ₹15904 > upper fence ₹12394 (Q3: ₹8849, IQR: ₹2363)",19:30,FALSE
fare_DEL-BOM_IX_2026-09-23_T+7_1789528445708_tynq,DEL-BOM,EaseMyTrip,IX,IX-1059,2026-09-23,T+7,13273,2914,16187,2026-09-16T02:51:52.708Z,TRUE,"High outlier: ₹16187 > upper fence ₹12394 (Q3: ₹8849, IQR: ₹2363)",12:15,FALSE
fare_DEL-BOM_AI_2026-09-23_T+7_1789528445708_kr6o,DEL-BOM,EaseMyTrip,AI,AI-2509,2026-09-23,T+7,13034,2861,15895,2026-09-16T02:51:52.708Z,TRUE,"High outlier: ₹15895 > upper fence ₹12394 (Q3: ₹8849, IQR: ₹2363)",06:55,FALSE
fare_DEL-BOM_IX_2026-09-23_T+7_1789528445708_odx8,DEL-BOM,EaseMyTrip,IX,IX-1783,2026-09-23,T+7,13532,2971,16503,2026-09-16T02:51:52.708Z,TRUE,"High outlier: ₹16503 > upper fence ₹12394 (Q3: ₹8849, IQR: ₹2363)",07:20,FALSE
fare_DEL-BOM_IX_2026-09-23_T+7_1789528445708_ha9w,DEL-BOM,EaseMyTrip,IX,IX-1068,2026-09-23,T+7,14426,3167,17593,2026-09-16T02:51:52.708Z,TRUE,"High outlier: ₹17593 > upper fence ₹12394 (Q3: ₹8849, IQR: ₹2363)",11:55,FALSE
fare_DEL-BOM_6E_2026-09-23_T+7_1789528445708_cuyw,DEL-BOM,EaseMyTrip,6E,6E-2496,2026-09-23,T+7,14968,3286,18254,2026-09-16T02:51:52.708Z,TRUE,"High outlier: ₹18254 > upper fence ₹12394 (Q3: ₹8849, IQR: ₹2363)",12:40,FALSE
fare_DEL-BOM_SG_2026-09-23_T+7_1789528445708_kv92,DEL-BOM,EaseMyTrip,SG,SG-2802,2026-09-23,T+7,17031,3738,20769,2026-09-16T02:51:52.708Z,TRUE,"High outlier: ₹20769 > upper fence ₹12394 (Q3: ₹8849, IQR: ₹2363)",22:45,TRUE
fare_DEL-BOM_AI_2026-09-23_T+7_1789528445708_eyq8,DEL-BOM,EaseMyTrip,AI,AI-1779,2026-09-23,T+7,16489,3619,20108,2026-09-16T02:51:52.708Z,TRUE,"High outlier: ₹20108 > upper fence ₹12394 (Q3: ₹8849, IQR: ₹2363)",13:50,FALSE
fare_DEL-CCU_QP_2026-10-01_T+15_1789528445708_skiw,DEL-CCU,EaseMyTrip,QP,QP-1569,2026-10-01,T+15,5892,1293,7185,2026-09-16T02:54:53.507Z,FALSE,"",10:30,TRUE
fare_DEL-CCU_6E_2026-10-01_T+15_1789528445708_1hxt,DEL-CCU,EaseMyTrip,6E,6E-6829,2026-10-01,T+15,6328,1389,7717,2026-09-16T02:54:53.507Z,FALSE,"",17:20,FALSE
fare_DEL-CCU_6E_2026-10-01_T+15_1789528445708_gkat,DEL-CCU,EaseMyTrip,6E,6E-6211,2026-10-01,T+15,6479,1422,7901,2026-09-16T02:54:53.507Z,FALSE,"",09:10,FALSE
fare_DEL-CCU_6E_2026-10-01_T+15_1789528445708_qytu,DEL-CCU,EaseMyTrip,6E,6E-6503,2026-10-01,T+15,6479,1422,7901,2026-09-16T02:54:53.507Z,FALSE,"",13:25,FALSE
fare_DEL-CCU_6E_2026-10-01_T+15_1789528445708_19dl,DEL-CCU,EaseMyTrip,6E,6E-235,2026-10-01,T+15,6500,1427,7927,2026-09-16T02:54:53.507Z,FALSE,"",17:55,FALSE
fare_DEL-CCU_6E_2026-10-01_T+15_1789528445708_o1q4,DEL-CCU,EaseMyTrip,6E,6E-669,2026-10-01,T+15,6500,1427,7927,2026-09-16T02:54:53.507Z,FALSE,"",17:55,FALSE
fare_DEL-CCU_6E_2026-10-01_T+15_1789528445708_y1as,DEL-CCU,EaseMyTrip,6E,6E-6282,2026-10-01,T+15,6500,1427,7927,2026-09-16T02:54:53.507Z,FALSE,"",13:30,FALSE
fare_DEL-CCU_6E_2026-10-01_T+15_1789528445708_w78g,DEL-CCU,EaseMyTrip,6E,6E-5119,2026-10-01,T+15,6500,1427,7927,2026-09-16T02:54:53.507Z,FALSE,"",05:10,FALSE
fare_DEL-CCU_6E_2026-10-01_T+15_1789528445708_5r3g,DEL-CCU,EaseMyTrip,6E,6E-2331,2026-10-01,T+15,6500,1427,7927,2026-09-16T02:54:53.507Z,FALSE,"",12:20,FALSE
fare_DEL-CCU_6E_2026-10-01_T+15_1789528445708_sajr,DEL-CCU,EaseMyTrip,6E,6E-6236,2026-10-01,T+15,6547,1437,7984,2026-09-16T02:54:53.507Z,FALSE,"",16:20,FALSE
fare_DEL-CCU_6E_2026-10-01_T+15_1789528445708_qiaz,DEL-CCU,EaseMyTrip,6E,6E-2267,2026-10-01,T+15,6547,1437,7984,2026-09-16T02:54:53.507Z,FALSE,"",16:40,FALSE
fare_DEL-CCU_6E_2026-10-01_T+15_1789528445708_vwet,DEL-CCU,EaseMyTrip,6E,6E-2769,2026-10-01,T+15,6547,1437,7984,2026-09-16T02:54:53.507Z,FALSE,"",08:10,FALSE
fare_DEL-CCU_IX_2026-10-01_T+15_1789528445708_r8vp,DEL-CCU,EaseMyTrip,IX,IX-1081,2026-10-01,T+15,6735,1479,8214,2026-09-16T02:54:53.507Z,FALSE,"",15:25,FALSE
fare_DEL-CCU_IX_2026-10-01_T+15_1789528445708_6w8b,DEL-CCU,EaseMyTrip,IX,IX-1273,2026-10-01,T+15,6735,1479,8214,2026-09-16T02:54:53.507Z,FALSE,"",12:05,FALSE
fare_DEL-CCU_6E_2026-10-01_T+15_1789528445708_tgho,DEL-CCU,EaseMyTrip,6E,6E-6245,2026-10-01,T+15,6547,1437,7984,2026-09-16T02:54:53.507Z,FALSE,"",06:20,FALSE
fare_DEL-CCU_6E_2026-10-01_T+15_1789528445708_0vpv,DEL-CCU,EaseMyTrip,6E,6E-2453,2026-10-01,T+15,6547,1437,7984,2026-09-16T02:54:53.507Z,FALSE,"",13:35,FALSE
fare_DEL-CCU_IX_2026-10-01_T+15_1789528445708_6s0t,DEL-CCU,EaseMyTrip,IX,IX-1076,2026-10-01,T+15,6735,1479,8214,2026-09-16T02:54:53.507Z,FALSE,"",09:00,FALSE
fare_DEL-CCU_6E_2026-10-01_T+15_1789528445708_6p46,DEL-CCU,EaseMyTrip,6E,6E-6551,2026-10-01,T+15,6586,1446,8032,2026-09-16T02:54:53.507Z,FALSE,"",12:00,FALSE
fare_DEL-CCU_6E_2026-10-01_T+15_1789528445708_stkh,DEL-CCU,EaseMyTrip,6E,6E-6371,2026-10-01,T+15,6586,1446,8032,2026-09-16T02:54:53.507Z,FALSE,"",06:20,FALSE
fare_DEL-CCU_6E_2026-10-01_T+15_1789528445708_da8m,DEL-CCU,EaseMyTrip,6E,6E-5036,2026-10-01,T+15,6654,1461,8115,2026-09-16T02:54:53.507Z,FALSE,"",08:00,FALSE
fare_DEL-CCU_6E_2026-10-01_T+15_1789528445708_7cfg,DEL-CCU,EaseMyTrip,6E,6E-6246,2026-10-01,T+15,6654,1461,8115,2026-09-16T02:54:53.507Z,FALSE,"",05:25,FALSE
fare_DEL-CCU_6E_2026-10-01_T+15_1789528445708_2vfl,DEL-CCU,EaseMyTrip,6E,6E-6312,2026-10-01,T+15,6654,1461,8115,2026-09-16T02:54:53.507Z,FALSE,"",14:25,FALSE
fare_DEL-CCU_6E_2026-10-01_T+15_1789528445708_465g,DEL-CCU,EaseMyTrip,6E,6E-6459,2026-10-01,T+15,6654,1461,8115,2026-09-16T02:54:53.507Z,FALSE,"",05:55,FALSE
fare_DEL-CCU_6E_2026-10-01_T+15_1789528445708_io53,DEL-CCU,EaseMyTrip,6E,6E-6190,2026-10-01,T+15,6719,1475,8194,2026-09-16T02:54:53.507Z,FALSE,"",07:40,FALSE
fare_DEL-CCU_6E_2026-10-01_T+15_1789528445708_jenk,DEL-CCU,EaseMyTrip,6E,6E-5033,2026-10-01,T+15,6719,1475,8194,2026-09-16T02:54:53.507Z,FALSE,"",15:50,FALSE
fare_DEL-CCU_6E_2026-10-01_T+15_1789528445708_ayg4,DEL-CCU,EaseMyTrip,6E,6E-2571,2026-10-01,T+15,6761,1484,8245,2026-09-16T02:54:53.507Z,FALSE,"",12:30,FALSE
fare_DEL-CCU_SG_2026-10-01_T+15_1789528445708_c0qd,DEL-CCU,EaseMyTrip,SG,SG-635,2026-10-01,T+15,7508,1648,9156,2026-09-16T02:54:53.507Z,FALSE,"",20:10,TRUE
fare_DEL-CCU_SG_2026-10-01_T+15_1789528445708_c9j2,DEL-CCU,EaseMyTrip,SG,SG-923,2026-10-01,T+15,7508,1648,9156,2026-09-16T02:54:53.507Z,FALSE,"",20:10,TRUE
fare_DEL-CCU_6E_2026-10-01_T+15_1789528445708_0yhv,DEL-CCU,EaseMyTrip,6E,6E-2316,2026-10-01,T+15,6805,1494,8299,2026-09-16T02:54:53.507Z,FALSE,"",17:30,FALSE
fare_DEL-CCU_6E_2026-10-01_T+15_1789528445708_93v9,DEL-CCU,EaseMyTrip,6E,6E-5041,2026-10-01,T+15,6805,1494,8299,2026-09-16T02:54:53.507Z,FALSE,"",15:10,FALSE
fare_DEL-CCU_IX_2026-10-01_T+15_1789528445708_rzin,DEL-CCU,EaseMyTrip,IX,IX-1085,2026-10-01,T+15,7032,1543,8575,2026-09-16T02:54:53.507Z,FALSE,"",12:55,FALSE
fare_DEL-CCU_IX_2026-10-01_T+15_1789528445708_5npr,DEL-CCU,EaseMyTrip,IX,IX-1069,2026-10-01,T+15,7032,1543,8575,2026-09-16T02:54:53.507Z,FALSE,"",10:45,FALSE
fare_DEL-CCU_IX_2026-10-01_T+15_1789528445708_feqc,DEL-CCU,EaseMyTrip,IX,IX-1671,2026-10-01,T+15,7032,1543,8575,2026-09-16T02:54:53.507Z,FALSE,"",19:55,FALSE
fare_DEL-CCU_QP_2026-10-01_T+15_1789528445708_h0nf,DEL-CCU,EaseMyTrip,QP,QP-1803,2026-10-01,T+15,7116,1562,8678,2026-09-16T02:54:53.507Z,FALSE,"",17:00,TRUE
fare_DEL-CCU_QP_2026-10-01_T+15_1789528445708_1zd1,DEL-CCU,EaseMyTrip,QP,QP-1801,2026-10-01,T+15,7116,1562,8678,2026-09-16T02:54:53.507Z,FALSE,"",05:55,TRUE
fare_DEL-CCU_IX_2026-10-01_T+15_1789528445708_86cd,DEL-CCU,EaseMyTrip,IX,IX-1032,2026-10-01,T+15,7401,1624,9025,2026-09-16T02:54:53.507Z,FALSE,"",05:45,FALSE
fare_DEL-CCU_6E_2026-10-01_T+15_1789528445708_jtbw,DEL-CCU,EaseMyTrip,6E,6E-2614,2026-10-01,T+15,7267,1595,8862,2026-09-16T02:54:53.507Z,FALSE,"",14:40,FALSE
fare_DEL-CCU_6E_2026-10-01_T+15_1789528445708_l3m7,DEL-CCU,EaseMyTrip,6E,6E-6053,2026-10-01,T+15,7267,1595,8862,2026-09-16T02:54:53.507Z,FALSE,"",13:05,FALSE
fare_DEL-CCU_6E_2026-10-01_T+15_1789528445708_xud9,DEL-CCU,EaseMyTrip,6E,6E-2259,2026-10-01,T+15,7267,1595,8862,2026-09-16T02:54:53.507Z,FALSE,"",12:20,FALSE
fare_DEL-CCU_6E_2026-10-01_T+15_1789528445708_8u5l,DEL-CCU,EaseMyTrip,6E,6E-103,2026-10-01,T+15,7316,1606,8922,2026-09-16T02:54:53.507Z,FALSE,"",02:45,TRUE
fare_DEL-CCU_6E_2026-10-01_T+15_1789528445708_393m,DEL-CCU,EaseMyTrip,6E,6E-802,2026-10-01,T+15,7316,1606,8922,2026-09-16T02:54:53.507Z,FALSE,"",02:45,TRUE
fare_DEL-CCU_6E_2026-10-01_T+15_1789528445708_jo8y,DEL-CCU,EaseMyTrip,6E,6E-6415,2026-10-01,T+15,7316,1606,8922,2026-09-16T02:54:53.507Z,FALSE,"",16:00,TRUE
fare_DEL-CCU_6E_2026-10-01_T+15_1789528445708_5zyi,DEL-CCU,EaseMyTrip,6E,6E-368,2026-10-01,T+15,7316,1606,8922,2026-09-16T02:54:53.507Z,FALSE,"",08:30,TRUE
fare_DEL-CCU_6E_2026-10-01_T+15_1789528445708_femv,DEL-CCU,EaseMyTrip,6E,6E-191,2026-10-01,T+15,7316,1606,8922,2026-09-16T02:54:53.507Z,FALSE,"",08:30,TRUE
fare_DEL-CCU_6E_2026-10-01_T+15_1789528445708_fepr,DEL-CCU,EaseMyTrip,6E,6E-5191,2026-10-01,T+15,7316,1606,8922,2026-09-16T02:54:53.507Z,FALSE,"",05:00,TRUE
fare_DEL-CCU_6E_2026-10-01_T+15_1789528445708_stls,DEL-CCU,EaseMyTrip,6E,6E-667,2026-10-01,T+15,7316,1606,8922,2026-09-16T02:54:53.507Z,FALSE,"",07:20,TRUE
fare_DEL-CCU_6E_2026-10-01_T+15_1789528445708_n5kc,DEL-CCU,EaseMyTrip,6E,6E-522,2026-10-01,T+15,7316,1606,8922,2026-09-16T02:54:53.507Z,FALSE,"",07:20,TRUE
fare_DEL-CCU_6E_2026-10-01_T+15_1789528445708_gu2j,DEL-CCU,EaseMyTrip,6E,6E-793,2026-10-01,T+15,7316,1606,8922,2026-09-16T02:54:53.507Z,FALSE,"",14:25,TRUE
fare_DEL-CCU_6E_2026-10-01_T+15_1789528445708_ia1n,DEL-CCU,EaseMyTrip,6E,6E-135,2026-10-01,T+15,7316,1606,8922,2026-09-16T02:54:53.507Z,FALSE,"",14:25,TRUE
fare_DEL-CCU_AI_2026-10-01_T+15_1789528445708_f3xc,DEL-CCU,EaseMyTrip,AI,AI-2702,2026-10-01,T+15,7496,1646,9142,2026-09-16T02:54:53.507Z,FALSE,"",02:30,TRUE
fare_DEL-CCU_AI_2026-10-01_T+15_1789528445708_mqs5,DEL-CCU,EaseMyTrip,AI,AI-2535,2026-10-01,T+15,7573,1662,9235,2026-09-16T02:54:53.507Z,FALSE,"",06:40,TRUE
fare_DEL-CCU_AI_2026-10-01_T+15_1789528445708_q5hq,DEL-CCU,EaseMyTrip,AI,AI-2513,2026-10-01,T+15,7573,1662,9235,2026-09-16T02:54:53.507Z,FALSE,"",12:10,TRUE
fare_DEL-CCU_AI_2026-10-01_T+15_1789528445708_vf4n,DEL-CCU,EaseMyTrip,AI,AI-2705,2026-10-01,T+15,7573,1662,9235,2026-09-16T02:54:53.507Z,FALSE,"",07:30,TRUE
fare_DEL-CCU_AI_2026-10-01_T+15_1789528445708_u6kp,DEL-CCU,EaseMyTrip,AI,AI-1733,2026-10-01,T+15,7573,1662,9235,2026-09-16T02:54:53.507Z,FALSE,"",16:15,TRUE
fare_DEL-CCU_6E_2026-10-01_T+15_1789528445708_3jkk,DEL-CCU,EaseMyTrip,6E,6E-461,2026-10-01,T+15,7532,1653,9185,2026-09-16T02:54:53.507Z,FALSE,"",23:30,TRUE
fare_DEL-CCU_6E_2026-10-01_T+15_1789528445708_st33,DEL-CCU,EaseMyTrip,6E,6E-514,2026-10-01,T+15,7532,1653,9185,2026-09-16T02:54:53.507Z,FALSE,"",23:30,TRUE
fare_DEL-CCU_6E_2026-10-01_T+15_1789528445708_js5t,DEL-CCU,EaseMyTrip,6E,6E-6517,2026-10-01,T+15,7532,1653,9185,2026-09-16T02:54:53.507Z,FALSE,"",19:30,TRUE
fare_DEL-CCU_6E_2026-10-01_T+15_1789528445708_ytzs,DEL-CCU,EaseMyTrip,6E,6E-727,2026-10-01,T+15,7532,1653,9185,2026-09-16T02:54:53.507Z,FALSE,"",10:15,TRUE
fare_DEL-CCU_6E_2026-10-01_T+15_1789528445708_p7aq,DEL-CCU,EaseMyTrip,6E,6E-958,2026-10-01,T+15,7532,1653,9185,2026-09-16T02:54:53.507Z,FALSE,"",10:15,TRUE
fare_DEL-CCU_6E_2026-10-01_T+15_1789528445708_adur,DEL-CCU,EaseMyTrip,6E,6E-2276,2026-10-01,T+15,7532,1653,9185,2026-09-16T02:54:53.507Z,FALSE,"",17:55,TRUE
fare_DEL-CCU_6E_2026-10-01_T+15_1789528445708_je96,DEL-CCU,EaseMyTrip,6E,6E-526,2026-10-01,T+15,7532,1653,9185,2026-09-16T02:54:53.507Z,FALSE,"",12:45,TRUE
fare_DEL-CCU_6E_2026-10-01_T+15_1789528445708_98ox,DEL-CCU,EaseMyTrip,6E,6E-296,2026-10-01,T+15,7532,1653,9185,2026-09-16T02:54:53.507Z,FALSE,"",12:45,TRUE
fare_DEL-CCU_6E_2026-10-01_T+15_1789528445708_we0x,DEL-CCU,EaseMyTrip,6E,6E-990,2026-10-01,T+15,7546,1657,9203,2026-09-16T02:54:53.507Z,FALSE,"",02:25,FALSE
fare_DEL-CCU_6E_2026-10-01_T+15_1789528445708_aqi1,DEL-CCU,EaseMyTrip,6E,6E-882,2026-10-01,T+15,7546,1657,9203,2026-09-16T02:54:53.507Z,FALSE,"",02:25,FALSE
fare_DEL-CCU_AI_2026-10-01_T+15_1789528445708_854m,DEL-CCU,EaseMyTrip,AI,AI-2767,2026-10-01,T+15,7772,1706,9478,2026-09-16T02:54:53.507Z,FALSE,"",13:00,TRUE
fare_DEL-CCU_AI_2026-10-01_T+15_1789528445708_oc2s,DEL-CCU,EaseMyTrip,AI,AI-2707,2026-10-01,T+15,7788,1710,9498,2026-09-16T02:54:53.507Z,FALSE,"",18:00,TRUE
fare_DEL-CCU_6E_2026-10-01_T+15_1789528445708_ttxt,DEL-CCU,EaseMyTrip,6E,6E-863,2026-10-01,T+15,7790,1710,9500,2026-09-16T02:54:53.507Z,FALSE,"",21:50,TRUE
fare_DEL-CCU_6E_2026-10-01_T+15_1789528445708_0ghk,DEL-CCU,EaseMyTrip,6E,6E-650,2026-10-01,T+15,7790,1710,9500,2026-09-16T02:54:53.507Z,FALSE,"",21:50,TRUE
fare_DEL-CCU_AI_2026-10-01_T+15_1789528445708_g6i9,DEL-CCU,EaseMyTrip,AI,AI-2709,2026-10-01,T+15,7994,1755,9749,2026-09-16T02:54:53.507Z,FALSE,"",19:40,TRUE
fare_DEL-CCU_AI_2026-10-01_T+15_1789528445708_r93y,DEL-CCU,EaseMyTrip,AI,AI-1791,2026-10-01,T+15,7994,1755,9749,2026-09-16T02:54:53.507Z,FALSE,"",09:55,TRUE
fare_DEL-CCU_AI_2026-10-01_T+15_1789528445708_xznq,DEL-CCU,EaseMyTrip,AI,AI-1714,2026-10-01,T+15,7994,1755,9749,2026-09-16T02:54:53.507Z,FALSE,"",21:00,TRUE
fare_DEL-CCU_6E_2026-10-01_T+15_1789528445708_3wzq,DEL-CCU,EaseMyTrip,6E,6E-5038,2026-10-01,T+15,7870,1727,9597,2026-09-16T02:54:53.507Z,FALSE,"",14:00,FALSE
fare_DEL-CCU_IX_2026-10-01_T+15_1789528445708_zceo,DEL-CCU,EaseMyTrip,IX,IX-1524,2026-10-01,T+15,8608,1889,10497,2026-09-16T02:54:53.507Z,FALSE,"",16:35,TRUE
fare_DEL-CCU_6E_2026-10-01_T+15_1789528445708_guc7,DEL-CCU,EaseMyTrip,6E,6E-2589,2026-10-01,T+15,7906,1735,9641,2026-09-16T02:54:53.507Z,FALSE,"",15:05,TRUE
fare_DEL-CCU_6E_2026-10-01_T+15_1789528445708_1dm1,DEL-CCU,EaseMyTrip,6E,6E-5307,2026-10-01,T+15,7956,1746,9702,2026-09-16T02:54:53.507Z,FALSE,"",10:50,FALSE
fare_DEL-CCU_6E_2026-10-01_T+15_1789528445708_uq9p,DEL-CCU,EaseMyTrip,6E,6E-7628,2026-10-01,T+15,8708,1912,10620,2026-09-16T02:54:53.507Z,FALSE,"",15:05,FALSE
fare_DEL-CCU_6E_2026-10-01_T+15_1789528445708_3id4,DEL-CCU,EaseMyTrip,6E,6E-351,2026-10-01,T+15,8811,1934,10745,2026-09-16T02:54:53.507Z,FALSE,"",17:55,FALSE
fare_DEL-CCU_6E_2026-10-01_T+15_1789528445708_7ybg,DEL-CCU,EaseMyTrip,6E,6E-314,2026-10-01,T+15,8811,1934,10745,2026-09-16T02:54:53.507Z,FALSE,"",17:55,FALSE
fare_DEL-CCU_6E_2026-10-01_T+15_1789528445708_z9x1,DEL-CCU,EaseMyTrip,6E,6E-6217,2026-10-01,T+15,8811,1934,10745,2026-09-16T02:54:53.507Z,FALSE,"",16:15,FALSE
fare_DEL-CCU_6E_2026-10-01_T+15_1789528445708_11gh,DEL-CCU,EaseMyTrip,6E,6E-504,2026-10-01,T+15,9194,2018,11212,2026-09-16T02:54:53.507Z,FALSE,"",16:20,FALSE
fare_DEL-CCU_6E_2026-10-01_T+15_1789528445708_8q97,DEL-CCU,EaseMyTrip,6E,6E-497,2026-10-01,T+15,9194,2018,11212,2026-09-16T02:54:53.507Z,FALSE,"",16:20,FALSE
fare_DEL-CCU_6E_2026-10-01_T+15_1789528445708_4b1i,DEL-CCU,EaseMyTrip,6E,6E-7624,2026-10-01,T+15,10237,2247,12484,2026-09-16T02:54:53.507Z,FALSE,"",05:50,FALSE
fare_DEL-CCU_AI_2026-10-01_T+15_1789528445708_krrz,DEL-CCU,EaseMyTrip,AI,AI-1755,2026-10-01,T+15,10602,2327,12929,2026-09-16T02:54:53.507Z,FALSE,"",14:30,FALSE
fare_DEL-CCU_AI_2026-10-01_T+15_1789528445708_7luo,DEL-CCU,EaseMyTrip,AI,AI-2433,2026-10-01,T+15,10888,2390,13278,2026-09-16T02:54:53.507Z,FALSE,"",21:30,FALSE
fare_DEL-CCU_IX_2026-10-01_T+15_1789528445708_kuj1,DEL-CCU,EaseMyTrip,IX,IX-1035,2026-10-01,T+15,11144,2446,13590,2026-09-16T02:54:53.507Z,FALSE,"",08:10,FALSE
fare_DEL-CCU_6E_2026-10-01_T+15_1789528445708_915e,DEL-CCU,EaseMyTrip,6E,6E-2296,2026-10-01,T+15,10939,2401,13340,2026-09-16T02:54:53.507Z,FALSE,"",09:20,FALSE
fare_DEL-CCU_6E_2026-10-01_T+15_1789528445708_2dfl,DEL-CCU,EaseMyTrip,6E,6E-2317,2026-10-01,T+15,11232,2465,13697,2026-09-16T02:54:53.507Z,FALSE,"",11:00,FALSE
fare_DEL-CCU_6E_2026-10-01_T+15_1789528445708_scql,DEL-CCU,EaseMyTrip,6E,6E-5215,2026-10-01,T+15,11993,2632,14625,2026-09-16T02:54:53.507Z,TRUE,"High outlier: ₹14625 > upper fence ₹14414 (Q3: ₹10745, IQR: ₹2446)",07:40,FALSE
fare_DEL-CCU_IX_2026-10-01_T+15_1789528445708_307z,DEL-CCU,EaseMyTrip,IX,IX-1067,2026-10-01,T+15,12550,2755,15305,2026-09-16T02:54:53.507Z,TRUE,"High outlier: ₹15305 > upper fence ₹14414 (Q3: ₹10745, IQR: ₹2446)",06:10,FALSE
fare_DEL-CCU_AI_2026-10-01_T+15_1789528445708_4w9d,DEL-CCU,EaseMyTrip,AI,AI-879,2026-10-01,T+15,12646,2776,15422,2026-09-16T02:54:53.507Z,TRUE,"High outlier: ₹15422 > upper fence ₹14414 (Q3: ₹10745, IQR: ₹2446)",06:40,FALSE
fare_DEL-CCU_IX_2026-10-01_T+15_1789528445708_04q4,DEL-CCU,EaseMyTrip,IX,IX-5975,2026-10-01,T+15,12886,2829,15715,2026-09-16T02:54:53.507Z,TRUE,"High outlier: ₹15715 > upper fence ₹14414 (Q3: ₹10745, IQR: ₹2446)",21:00,FALSE
fare_DEL-CCU_IX_2026-10-01_T+15_1789528445708_cu93,DEL-CCU,EaseMyTrip,IX,IX-2749,2026-10-01,T+15,14213,3120,17333,2026-09-16T02:54:53.507Z,TRUE,"High outlier: ₹17333 > upper fence ₹14414 (Q3: ₹10745, IQR: ₹2446)",10:25,FALSE
fare_DEL-CCU_6E_2026-10-01_T+15_1789528445708_8yck,DEL-CCU,EaseMyTrip,6E,6E-6073,2026-10-01,T+15,14138,3103,17241,2026-09-16T02:54:53.507Z,TRUE,"High outlier: ₹17241 > upper fence ₹14414 (Q3: ₹10745, IQR: ₹2446)",05:00,FALSE
fare_DEL-CCU_6E_2026-10-01_T+15_1789528445708_vffo,DEL-CCU,EaseMyTrip,6E,6E-326,2026-10-01,T+15,14417,3165,17582,2026-09-16T02:54:53.507Z,TRUE,"High outlier: ₹17582 > upper fence ₹14414 (Q3: ₹10745, IQR: ₹2446)",08:30,FALSE
fare_DEL-CCU_6E_2026-10-01_T+15_1789528445708_mjnh,DEL-CCU,EaseMyTrip,6E,6E-818,2026-10-01,T+15,14417,3165,17582,2026-09-16T02:54:53.507Z,TRUE,"High outlier: ₹17582 > upper fence ₹14414 (Q3: ₹10745, IQR: ₹2446)",08:30,FALSE
fare_DEL-CCU_6E_2026-10-01_T+15_1789528445708_fcy0,DEL-CCU,EaseMyTrip,6E,6E-6293,2026-10-01,T+15,14417,3165,17582,2026-09-16T02:54:53.507Z,TRUE,"High outlier: ₹17582 > upper fence ₹14414 (Q3: ₹10745, IQR: ₹2446)",09:55,FALSE
fare_DEL-CCU_AI_2026-10-01_T+15_1789528445708_v9ou,DEL-CCU,EaseMyTrip,AI,AI-2525,2026-10-01,T+15,16137,3542,19679,2026-09-16T02:54:53.507Z,TRUE,"High outlier: ₹19679 > upper fence ₹14414 (Q3: ₹10745, IQR: ₹2446)",06:00,FALSE
fare_DEL-CCU_AI_2026-10-01_T+15_1789528445708_gv8j,DEL-CCU,EaseMyTrip,AI,AI-537,2026-10-01,T+15,16137,3542,19679,2026-09-16T02:54:53.507Z,TRUE,"High outlier: ₹19679 > upper fence ₹14414 (Q3: ₹10745, IQR: ₹2446)",15:45,FALSE
fare_DEL-CCU_AI_2026-10-01_T+15_1789528445708_duin,DEL-CCU,EaseMyTrip,AI,AI-2483,2026-10-01,T+15,16137,3542,19679,2026-09-16T02:54:53.507Z,TRUE,"High outlier: ₹19679 > upper fence ₹14414 (Q3: ₹10745, IQR: ₹2446)",12:20,FALSE
fare_DEL-CCU_IX_2026-10-01_T+15_1789528445708_ilrv,DEL-CCU,EaseMyTrip,IX,IX-1070,2026-10-01,T+15,19852,4358,24210,2026-09-16T02:54:53.507Z,TRUE,"High outlier: ₹24210 > upper fence ₹14414 (Q3: ₹10745, IQR: ₹2446)",22:00,FALSE
fare_DEL-CCU_IX_2026-10-01_T+15_1789528445708_tsrx,DEL-CCU,EaseMyTrip,IX,IX-1230,2026-10-01,T+15,19739,4333,24072,2026-09-16T02:54:53.507Z,TRUE,"High outlier: ₹24072 > upper fence ₹14414 (Q3: ₹10745, IQR: ₹2446)",04:40,FALSE
fare_DEL-CCU_AI_2026-10-01_T+15_1789528445708_d27q,DEL-CCU,EaseMyTrip,AI,AI-2803,2026-10-01,T+15,22611,4963,27574,2026-09-16T02:54:53.507Z,TRUE,"High outlier: ₹27574 > upper fence ₹14414 (Q3: ₹10745, IQR: ₹2446)",06:30,FALSE
fare_DEL-CCU_AI_2026-10-01_T+15_1789528445708_03bt,DEL-CCU,EaseMyTrip,AI,AI-2653,2026-10-01,T+15,22611,4963,27574,2026-09-16T02:54:53.507Z,TRUE,"High outlier: ₹27574 > upper fence ₹14414 (Q3: ₹10745, IQR: ₹2446)",04:30,FALSE
fare_DEL-CCU_AI_2026-10-01_T+15_1789528445708_r2dj,DEL-CCU,EaseMyTrip,AI,AI-2757,2026-10-01,T+15,22825,5010,27835,2026-09-16T02:54:53.507Z,TRUE,"High outlier: ₹27835 > upper fence ₹14414 (Q3: ₹10745, IQR: ₹2446)",00:15,FALSE
fare_DEL-CCU_AI_2026-10-01_T+15_1789528445708_vhlf,DEL-CCU,EaseMyTrip,AI,AI-2815,2026-10-01,T+15,24764,5436,30200,2026-09-16T02:54:53.507Z,TRUE,"High outlier: ₹30200 > upper fence ₹14414 (Q3: ₹10745, IQR: ₹2446)",07:00,FALSE
fare_DEL-CCU_QP_2026-10-16_T+30_1789528445708_ulhm,DEL-CCU,EaseMyTrip,QP,QP-1569,2026-10-16,T+30,8202,1800,10002,2026-09-16T02:54:59.159Z,FALSE,"",10:30,TRUE
fare_DEL-CCU_IX_2026-10-16_T+30_1789528445708_4exo,DEL-CCU,EaseMyTrip,IX,IX-1273,2026-10-16,T+30,9024,1981,11005,2026-09-16T02:54:59.159Z,FALSE,"",12:05,FALSE
fare_DEL-CCU_6E_2026-10-16_T+30_1789528445708_nzf7,DEL-CCU,EaseMyTrip,6E,6E-6312,2026-10-16,T+30,9995,2194,12189,2026-09-16T02:54:59.159Z,FALSE,"",14:25,FALSE
fare_DEL-CCU_6E_2026-10-16_T+30_1789528445708_cni2,DEL-CCU,EaseMyTrip,6E,6E-6459,2026-10-16,T+30,9995,2194,12189,2026-09-16T02:54:59.159Z,FALSE,"",05:55,FALSE
fare_DEL-CCU_6E_2026-10-16_T+30_1789528445708_pwr5,DEL-CCU,EaseMyTrip,6E,6E-6246,2026-10-16,T+30,10214,2242,12456,2026-09-16T02:54:59.159Z,FALSE,"",05:25,FALSE
fare_DEL-CCU_SG_2026-10-16_T+30_1789528445708_xxr6,DEL-CCU,EaseMyTrip,SG,SG-665,2026-10-16,T+30,10616,2330,12946,2026-09-16T02:54:59.159Z,FALSE,"",06:45,TRUE
fare_DEL-CCU_SG_2026-10-16_T+30_1789528445708_fkc4,DEL-CCU,EaseMyTrip,SG,SG-122,2026-10-16,T+30,10616,2330,12946,2026-09-16T02:54:59.159Z,FALSE,"",06:45,TRUE
fare_DEL-CCU_6E_2026-10-16_T+30_1789528445708_yiij,DEL-CCU,EaseMyTrip,6E,6E-730,2026-10-16,T+30,10874,2387,13261,2026-09-16T02:54:59.159Z,FALSE,"",16:20,FALSE
fare_DEL-CCU_6E_2026-10-16_T+30_1789528445708_noip,DEL-CCU,EaseMyTrip,6E,6E-589,2026-10-16,T+30,10874,2387,13261,2026-09-16T02:54:59.159Z,FALSE,"",16:20,FALSE
fare_DEL-CCU_6E_2026-10-16_T+30_1789528445708_2897,DEL-CCU,EaseMyTrip,6E,6E-5307,2026-10-16,T+30,11025,2420,13445,2026-09-16T02:54:59.159Z,FALSE,"",10:50,FALSE
fare_DEL-CCU_SG_2026-10-16_T+30_1789528445708_rgna,DEL-CCU,EaseMyTrip,SG,SG-210,2026-10-16,T+30,11409,2505,13914,2026-09-16T02:54:59.159Z,FALSE,"",05:20,TRUE
fare_DEL-CCU_SG_2026-10-16_T+30_1789528445708_sq8f,DEL-CCU,EaseMyTrip,SG,SG-945,2026-10-16,T+30,11409,2505,13914,2026-09-16T02:54:59.159Z,FALSE,"",05:20,TRUE
fare_DEL-CCU_QP_2026-10-16_T+30_1789528445708_1xgy,DEL-CCU,EaseMyTrip,QP,QP-1801,2026-10-16,T+30,11812,2593,14405,2026-09-16T02:54:59.159Z,FALSE,"",05:55,TRUE
fare_DEL-CCU_6E_2026-10-16_T+30_1789528445708_q9gs,DEL-CCU,EaseMyTrip,6E,6E-6378,2026-10-16,T+30,11993,2632,14625,2026-09-16T02:54:59.159Z,FALSE,"",14:40,FALSE
fare_DEL-CCU_SG_2026-10-16_T+30_1789528445708_tz5h,DEL-CCU,EaseMyTrip,SG,SG-689,2026-10-16,T+30,12277,2695,14972,2026-09-16T02:54:59.159Z,FALSE,"",20:10,TRUE
fare_DEL-CCU_6E_2026-10-16_T+30_1789528445708_jysx,DEL-CCU,EaseMyTrip,6E,6E-6503,2026-10-16,T+30,12165,2670,14835,2026-09-16T02:54:59.159Z,FALSE,"",13:25,FALSE
fare_DEL-CCU_6E_2026-10-16_T+30_1789528445708_jvap,DEL-CCU,EaseMyTrip,6E,6E-6371,2026-10-16,T+30,12272,2694,14966,2026-09-16T02:54:59.159Z,FALSE,"",06:20,FALSE
fare_DEL-CCU_6E_2026-10-16_T+30_1789528445708_966w,DEL-CCU,EaseMyTrip,6E,6E-2589,2026-10-16,T+30,12297,2699,14996,2026-09-16T02:54:59.159Z,FALSE,"",15:05,TRUE
fare_DEL-CCU_IX_2026-10-16_T+30_1789528445708_khfo,DEL-CCU,EaseMyTrip,IX,IX-1081,2026-10-16,T+30,12714,2791,15505,2026-09-16T02:54:59.159Z,FALSE,"",15:25,FALSE
fare_DEL-CCU_IX_2026-10-16_T+30_1789528445708_3pls,DEL-CCU,EaseMyTrip,IX,IX-1076,2026-10-16,T+30,12714,2791,15505,2026-09-16T02:54:59.159Z,FALSE,"",09:00,FALSE
fare_DEL-CCU_6E_2026-10-16_T+30_1789528445708_vhdt,DEL-CCU,EaseMyTrip,6E,6E-7624,2026-10-16,T+30,12714,2791,15505,2026-09-16T02:54:59.159Z,FALSE,"",05:50,FALSE
fare_DEL-CCU_6E_2026-10-16_T+30_1789528445708_d7ds,DEL-CCU,EaseMyTrip,6E,6E-7628,2026-10-16,T+30,13059,2866,15925,2026-09-16T02:54:59.159Z,FALSE,"",15:05,FALSE
fare_DEL-CCU_6E_2026-10-16_T+30_1789528445708_zepk,DEL-CCU,EaseMyTrip,6E,6E-5119,2026-10-16,T+30,13154,2888,16042,2026-09-16T02:54:59.159Z,FALSE,"",05:10,FALSE
fare_DEL-CCU_6E_2026-10-16_T+30_1789528445708_qj59,DEL-CCU,EaseMyTrip,6E,6E-227,2026-10-16,T+30,13171,2891,16062,2026-09-16T02:54:59.159Z,FALSE,"",20:15,TRUE
fare_DEL-CCU_6E_2026-10-16_T+30_1789528445708_9skh,DEL-CCU,EaseMyTrip,6E,6E-835,2026-10-16,T+30,13171,2891,16062,2026-09-16T02:54:59.159Z,FALSE,"",20:15,TRUE
fare_DEL-CCU_IX_2026-10-16_T+30_1789528445708_xkpv,DEL-CCU,EaseMyTrip,IX,IX-1067,2026-10-16,T+30,14041,3082,17123,2026-09-16T02:54:59.159Z,FALSE,"",06:10,FALSE
fare_DEL-CCU_AI_2026-10-16_T+30_1789528445708_wcgv,DEL-CCU,EaseMyTrip,AI,AI-2513,2026-10-16,T+30,14413,3164,17577,2026-09-16T02:54:59.159Z,FALSE,"",12:10,TRUE
fare_DEL-CCU_6E_2026-10-16_T+30_1789528445708_2cqe,DEL-CCU,EaseMyTrip,6E,6E-5033,2026-10-16,T+30,14250,3128,17378,2026-09-16T02:54:59.159Z,FALSE,"",15:50,FALSE
fare_DEL-CCU_6E_2026-10-16_T+30_1789528445708_tbpu,DEL-CCU,EaseMyTrip,6E,6E-287,2026-10-16,T+30,14807,3250,18057,2026-09-16T02:54:59.159Z,FALSE,"",02:45,TRUE
fare_DEL-CCU_6E_2026-10-16_T+30_1789528445708_rjl1,DEL-CCU,EaseMyTrip,6E,6E-339,2026-10-16,T+30,14807,3250,18057,2026-09-16T02:54:59.159Z,FALSE,"",02:45,TRUE
fare_DEL-CCU_6E_2026-10-16_T+30_1789528445708_8say,DEL-CCU,EaseMyTrip,6E,6E-5191,2026-10-16,T+30,14807,3250,18057,2026-09-16T02:54:59.159Z,FALSE,"",05:00,TRUE
fare_DEL-CCU_IX_2026-10-16_T+30_1789528445708_niqh,DEL-CCU,EaseMyTrip,IX,IX-1524,2026-10-16,T+30,15422,3385,18807,2026-09-16T02:54:59.159Z,FALSE,"",16:35,TRUE
fare_DEL-CCU_QP_2026-10-16_T+30_1789528445708_jn0r,DEL-CCU,EaseMyTrip,QP,QP-1803,2026-10-16,T+30,14892,3269,18161,2026-09-16T02:54:59.159Z,FALSE,"",17:00,TRUE
fare_DEL-CCU_6E_2026-10-16_T+30_1789528445708_288g,DEL-CCU,EaseMyTrip,6E,6E-6829,2026-10-16,T+30,14907,3272,18179,2026-09-16T02:54:59.159Z,FALSE,"",17:20,FALSE
fare_DEL-CCU_AI_2026-10-16_T+30_1789528445708_1yhn,DEL-CCU,EaseMyTrip,AI,AI-2709,2026-10-16,T+30,15357,3371,18728,2026-09-16T02:54:59.159Z,FALSE,"",19:40,TRUE
fare_DEL-CCU_6E_2026-10-16_T+30_1789528445708_glv5,DEL-CCU,EaseMyTrip,6E,6E-5298,2026-10-16,T+30,15422,3385,18807,2026-09-16T02:54:59.159Z,FALSE,"",09:00,FALSE
fare_DEL-CCU_6E_2026-10-16_T+30_1789528445708_xbk0,DEL-CCU,EaseMyTrip,6E,6E-990,2026-10-16,T+30,15754,3458,19212,2026-09-16T02:54:59.159Z,FALSE,"",23:30,TRUE
fare_DEL-CCU_6E_2026-10-16_T+30_1789528445708_zyfw,DEL-CCU,EaseMyTrip,6E,6E-838,2026-10-16,T+30,15754,3458,19212,2026-09-16T02:54:59.159Z,FALSE,"",23:30,TRUE
fare_DEL-CCU_6E_2026-10-16_T+30_1789528445708_an2z,DEL-CCU,EaseMyTrip,6E,6E-6415,2026-10-16,T+30,15754,3458,19212,2026-09-16T02:54:59.159Z,FALSE,"",16:00,TRUE
fare_DEL-CCU_6E_2026-10-16_T+30_1789528445708_h27m,DEL-CCU,EaseMyTrip,6E,6E-738,2026-10-16,T+30,15754,3458,19212,2026-09-16T02:54:59.159Z,FALSE,"",08:30,TRUE
fare_DEL-CCU_6E_2026-10-16_T+30_1789528445708_em15,DEL-CCU,EaseMyTrip,6E,6E-356,2026-10-16,T+30,15754,3458,19212,2026-09-16T02:54:59.159Z,FALSE,"",08:30,TRUE
fare_DEL-CCU_6E_2026-10-16_T+30_1789528445708_vhkj,DEL-CCU,EaseMyTrip,6E,6E-369,2026-10-16,T+30,15754,3458,19212,2026-09-16T02:54:59.159Z,FALSE,"",12:45,TRUE
fare_DEL-CCU_6E_2026-10-16_T+30_1789528445708_pab5,DEL-CCU,EaseMyTrip,6E,6E-474,2026-10-16,T+30,15754,3458,19212,2026-09-16T02:54:59.159Z,FALSE,"",12:45,TRUE
fare_DEL-CCU_6E_2026-10-16_T+30_1789528445708_xzny,DEL-CCU,EaseMyTrip,6E,6E-534,2026-10-16,T+30,15754,3458,19212,2026-09-16T02:54:59.159Z,FALSE,"",07:20,TRUE
fare_DEL-CCU_6E_2026-10-16_T+30_1789528445708_auk1,DEL-CCU,EaseMyTrip,6E,6E-614,2026-10-16,T+30,15754,3458,19212,2026-09-16T02:54:59.159Z,FALSE,"",07:20,TRUE
fare_DEL-CCU_6E_2026-10-16_T+30_1789528445708_ybyg,DEL-CCU,EaseMyTrip,6E,6E-228,2026-10-16,T+30,15754,3458,19212,2026-09-16T02:54:59.159Z,FALSE,"",14:25,TRUE
fare_DEL-CCU_6E_2026-10-16_T+30_1789528445708_4ffa,DEL-CCU,EaseMyTrip,6E,6E-689,2026-10-16,T+30,15754,3458,19212,2026-09-16T02:54:59.159Z,FALSE,"",14:25,TRUE
fare_DEL-CCU_6E_2026-10-16_T+30_1789528445708_9ed6,DEL-CCU,EaseMyTrip,6E,6E-6190,2026-10-16,T+30,15943,3500,19443,2026-09-16T02:54:59.159Z,FALSE,"",07:40,FALSE
fare_DEL-CCU_SG_2026-10-16_T+30_1789528445708_a1ct,DEL-CCU,EaseMyTrip,SG,SG-163,2026-10-16,T+30,16252,3568,19820,2026-09-16T02:54:59.159Z,FALSE,"",09:10,FALSE
fare_DEL-CCU_SG_2026-10-16_T+30_1789528445708_ubr4,DEL-CCU,EaseMyTrip,SG,SG-957,2026-10-16,T+30,16252,3568,19820,2026-09-16T02:54:59.159Z,FALSE,"",09:10,FALSE
fare_DEL-CCU_SG_2026-10-16_T+30_1789528445708_7hqe,DEL-CCU,EaseMyTrip,SG,SG-2150,2026-10-16,T+30,16252,3568,19820,2026-09-16T02:54:59.159Z,FALSE,"",07:40,FALSE
fare_DEL-CCU_6E_2026-10-16_T+30_1789528445708_o10e,DEL-CCU,EaseMyTrip,6E,6E-2614,2026-10-16,T+30,16311,3581,19892,2026-09-16T02:54:59.159Z,FALSE,"",14:40,FALSE
fare_DEL-CCU_6E_2026-10-16_T+30_1789528445708_g3cc,DEL-CCU,EaseMyTrip,6E,6E-665,2026-10-16,T+30,16787,3685,20472,2026-09-16T02:54:59.159Z,FALSE,"",21:50,TRUE
fare_DEL-CCU_6E_2026-10-16_T+30_1789528445708_b8vi,DEL-CCU,EaseMyTrip,6E,6E-769,2026-10-16,T+30,16787,3685,20472,2026-09-16T02:54:59.159Z,FALSE,"",21:50,TRUE
fare_DEL-CCU_6E_2026-10-16_T+30_1789528445708_nq84,DEL-CCU,EaseMyTrip,6E,6E-254,2026-10-16,T+30,16787,3685,20472,2026-09-16T02:54:59.159Z,FALSE,"",10:15,TRUE
fare_DEL-CCU_6E_2026-10-16_T+30_1789528445708_x1un,DEL-CCU,EaseMyTrip,6E,6E-257,2026-10-16,T+30,16787,3685,20472,2026-09-16T02:54:59.159Z,FALSE,"",10:15,TRUE
fare_DEL-CCU_6E_2026-10-16_T+30_1789528445708_nhtg,DEL-CCU,EaseMyTrip,6E,6E-6236,2026-10-16,T+30,17000,3732,20732,2026-09-16T02:54:59.159Z,FALSE,"",16:20,FALSE
fare_DEL-CCU_6E_2026-10-16_T+30_1789528445708_b0o6,DEL-CCU,EaseMyTrip,6E,6E-2259,2026-10-16,T+30,17000,3732,20732,2026-09-16T02:54:59.159Z,FALSE,"",12:20,FALSE
fare_DEL-CCU_6E_2026-10-16_T+30_1789528445708_0hrl,DEL-CCU,EaseMyTrip,6E,6E-5215,2026-10-16,T+30,17159,3766,20925,2026-09-16T02:54:59.159Z,FALSE,"",07:40,FALSE
fare_DEL-CCU_6E_2026-10-16_T+30_1789528445708_fc70,DEL-CCU,EaseMyTrip,6E,6E-5038,2026-10-16,T+30,17195,3774,20969,2026-09-16T02:54:59.159Z,FALSE,"",14:00,FALSE
fare_DEL-CCU_6E_2026-10-16_T+30_1789528445708_7r67,DEL-CCU,EaseMyTrip,6E,6E-2453,2026-10-16,T+30,17215,3779,20994,2026-09-16T02:54:59.159Z,FALSE,"",13:35,FALSE
fare_DEL-CCU_6E_2026-10-16_T+30_1789528445708_203f,DEL-CCU,EaseMyTrip,6E,6E-2769,2026-10-16,T+30,17431,3826,21257,2026-09-16T02:54:59.159Z,FALSE,"",08:10,FALSE
fare_DEL-CCU_6E_2026-10-16_T+30_1789528445708_7x37,DEL-CCU,EaseMyTrip,6E,6E-6245,2026-10-16,T+30,17431,3826,21257,2026-09-16T02:54:59.159Z,FALSE,"",06:20,FALSE
fare_DEL-CCU_6E_2026-10-16_T+30_1789528445708_0rwq,DEL-CCU,EaseMyTrip,6E,6E-6517,2026-10-16,T+30,17992,3950,21942,2026-09-16T02:54:59.159Z,FALSE,"",19:30,TRUE
fare_DEL-CCU_6E_2026-10-16_T+30_1789528445708_u15t,DEL-CCU,EaseMyTrip,6E,6E-2276,2026-10-16,T+30,17992,3950,21942,2026-09-16T02:54:59.159Z,FALSE,"",17:55,TRUE
fare_DEL-CCU_AI_2026-10-16_T+30_1789528445708_zmxu,DEL-CCU,EaseMyTrip,AI,AI-2705,2026-10-16,T+30,18380,4035,22415,2026-09-16T02:54:59.159Z,FALSE,"",07:30,TRUE
fare_DEL-CCU_AI_2026-10-16_T+30_1789528445708_dhwp,DEL-CCU,EaseMyTrip,AI,AI-1791,2026-10-16,T+30,18380,4035,22415,2026-09-16T02:54:59.159Z,FALSE,"",09:55,TRUE
fare_DEL-CCU_AI_2026-10-16_T+30_1789528445708_4urs,DEL-CCU,EaseMyTrip,AI,AI-1714,2026-10-16,T+30,18380,4035,22415,2026-09-16T02:54:59.159Z,FALSE,"",21:00,TRUE
fare_DEL-CCU_6E_2026-10-16_T+30_1789528445708_jtu4,DEL-CCU,EaseMyTrip,6E,6E-6293,2026-10-16,T+30,18216,3999,22215,2026-09-16T02:54:59.159Z,FALSE,"",09:55,FALSE
fare_DEL-CCU_IX_2026-10-16_T+30_1789528445708_a7jv,DEL-CCU,EaseMyTrip,IX,IX-1085,2026-10-16,T+30,19014,4174,23188,2026-09-16T02:54:59.159Z,FALSE,"",12:55,FALSE
fare_DEL-CCU_6E_2026-10-16_T+30_1789528445708_zopb,DEL-CCU,EaseMyTrip,6E,6E-514,2026-10-16,T+30,18564,4075,22639,2026-09-16T02:54:59.159Z,FALSE,"",02:25,FALSE
fare_DEL-CCU_6E_2026-10-16_T+30_1789528445708_820t,DEL-CCU,EaseMyTrip,6E,6E-792,2026-10-16,T+30,18564,4075,22639,2026-09-16T02:54:59.159Z,FALSE,"",02:25,FALSE
fare_DEL-CCU_6E_2026-10-16_T+30_1789528445708_wzww,DEL-CCU,EaseMyTrip,6E,6E-2571,2026-10-16,T+30,18770,4120,22890,2026-09-16T02:54:59.159Z,FALSE,"",12:30,FALSE
fare_DEL-CCU_6E_2026-10-16_T+30_1789528445708_awyp,DEL-CCU,EaseMyTrip,6E,6E-5041,2026-10-16,T+30,18837,4135,22972,2026-09-16T02:54:59.159Z,FALSE,"",15:10,FALSE
fare_DEL-CCU_6E_2026-10-16_T+30_1789528445708_t4ke,DEL-CCU,EaseMyTrip,6E,6E-2373,2026-10-16,T+30,18851,4138,22989,2026-09-16T02:54:59.159Z,FALSE,"",11:10,FALSE
fare_DEL-CCU_IX_2026-10-16_T+30_1789528445708_6u5c,DEL-CCU,EaseMyTrip,IX,IX-1069,2026-10-16,T+30,19573,4297,23870,2026-09-16T02:54:59.159Z,FALSE,"",10:45,FALSE
fare_DEL-CCU_6E_2026-10-16_T+30_1789528445708_iit6,DEL-CCU,EaseMyTrip,6E,6E-6073,2026-10-16,T+30,19316,4240,23556,2026-09-16T02:54:59.159Z,FALSE,"",05:00,FALSE
fare_DEL-CCU_AI_2026-10-16_T+30_1789528445708_1pua,DEL-CCU,EaseMyTrip,AI,AI-2535,2026-10-16,T+30,19602,4303,23905,2026-09-16T02:54:59.159Z,FALSE,"",06:40,TRUE
fare_DEL-CCU_AI_2026-10-16_T+30_1789528445708_c37n,DEL-CCU,EaseMyTrip,AI,AI-2702,2026-10-16,T+30,19602,4303,23905,2026-09-16T02:54:59.159Z,FALSE,"",02:30,TRUE
fare_DEL-CCU_AI_2026-10-16_T+30_1789528445708_3gge,DEL-CCU,EaseMyTrip,AI,AI-2707,2026-10-16,T+30,19602,4303,23905,2026-09-16T02:54:59.159Z,FALSE,"",18:00,TRUE
fare_DEL-CCU_AI_2026-10-16_T+30_1789528445708_lp4m,DEL-CCU,EaseMyTrip,AI,AI-2767,2026-10-16,T+30,19602,4303,23905,2026-09-16T02:54:59.159Z,FALSE,"",13:00,TRUE
fare_DEL-CCU_AI_2026-10-16_T+30_1789528445708_4ozf,DEL-CCU,EaseMyTrip,AI,AI-1733,2026-10-16,T+30,19602,4303,23905,2026-09-16T02:54:59.159Z,FALSE,"",16:15,TRUE
fare_DEL-CCU_IX_2026-10-16_T+30_1789528445708_ujy2,DEL-CCU,EaseMyTrip,IX,IX-1032,2026-10-16,T+30,20220,4438,24658,2026-09-16T02:54:59.159Z,FALSE,"",05:45,FALSE
fare_DEL-CCU_6E_2026-10-16_T+30_1789528445708_njn1,DEL-CCU,EaseMyTrip,6E,6E-6053,2026-10-16,T+30,19704,4325,24029,2026-09-16T02:54:59.159Z,FALSE,"",13:05,FALSE
fare_DEL-CCU_6E_2026-10-16_T+30_1789528445708_jqk1,DEL-CCU,EaseMyTrip,6E,6E-6282,2026-10-16,T+30,19901,4368,24269,2026-09-16T02:54:59.159Z,FALSE,"",13:30,FALSE
fare_DEL-CCU_6E_2026-10-16_T+30_1789528445708_chol,DEL-CCU,EaseMyTrip,6E,6E-202,2026-10-16,T+30,20200,4434,24634,2026-09-16T02:54:59.159Z,FALSE,"",08:30,FALSE
fare_DEL-CCU_6E_2026-10-16_T+30_1789528445708_gfv7,DEL-CCU,EaseMyTrip,6E,6E-963,2026-10-16,T+30,20200,4434,24634,2026-09-16T02:54:59.159Z,FALSE,"",08:30,FALSE
fare_DEL-CCU_6E_2026-10-16_T+30_1789528445708_mbjt,DEL-CCU,EaseMyTrip,6E,6E-567,2026-10-16,T+30,20200,4434,24634,2026-09-16T02:54:59.159Z,FALSE,"",07:10,FALSE
fare_DEL-CCU_6E_2026-10-16_T+30_1789528445708_29iu,DEL-CCU,EaseMyTrip,6E,6E-959,2026-10-16,T+30,20200,4434,24634,2026-09-16T02:54:59.159Z,FALSE,"",07:10,FALSE
fare_DEL-CCU_IX_2026-10-16_T+30_1789528445708_zaza,DEL-CCU,EaseMyTrip,IX,IX-1035,2026-10-16,T+30,20951,4599,25550,2026-09-16T02:54:59.159Z,FALSE,"",07:30,FALSE
fare_DEL-CCU_6E_2026-10-16_T+30_1789528445708_owl8,DEL-CCU,EaseMyTrip,6E,6E-5036,2026-10-16,T+30,20240,4443,24683,2026-09-16T02:54:59.159Z,FALSE,"",08:00,FALSE
fare_DEL-CCU_6E_2026-10-16_T+30_1789528445708_plwv,DEL-CCU,EaseMyTrip,6E,6E-2316,2026-10-16,T+30,20775,4560,25335,2026-09-16T02:54:59.159Z,FALSE,"",17:30,FALSE
fare_DEL-CCU_IX_2026-10-16_T+30_1789528445708_eq19,DEL-CCU,EaseMyTrip,IX,IX-1671,2026-10-16,T+30,22027,4835,26862,2026-09-16T02:54:59.159Z,FALSE,"",19:55,FALSE
fare_DEL-CCU_6E_2026-10-16_T+30_1789528445708_9oog,DEL-CCU,EaseMyTrip,6E,6E-6551,2026-10-16,T+30,21552,4731,26283,2026-09-16T02:54:59.159Z,FALSE,"",12:00,FALSE
fare_DEL-CCU_IX_2026-10-16_T+30_1789528445708_os6z,DEL-CCU,EaseMyTrip,IX,IX-2749,2026-10-16,T+30,24789,5442,30231,2026-09-16T02:54:59.159Z,FALSE,"",10:25,FALSE
fare_DEL-CCU_6E_2026-10-16_T+30_1789528445708_7676,DEL-CCU,EaseMyTrip,6E,6E-6217,2026-10-16,T+30,23459,5150,28609,2026-09-16T02:54:59.159Z,FALSE,"",16:15,FALSE
fare_DEL-CCU_IX_2026-10-16_T+30_1789528445708_3dl7,DEL-CCU,EaseMyTrip,IX,IX-1070,2026-10-16,T+30,25663,5633,31296,2026-09-16T02:54:59.159Z,FALSE,"",22:00,FALSE
fare_DEL-CCU_6E_2026-10-16_T+30_1789528445708_7h22,DEL-CCU,EaseMyTrip,6E,6E-379,2026-10-16,T+30,24773,5438,30211,2026-09-16T02:54:59.159Z,FALSE,"",17:55,FALSE
fare_DEL-CCU_6E_2026-10-16_T+30_1789528445708_6pzt,DEL-CCU,EaseMyTrip,6E,6E-456,2026-10-16,T+30,24773,5438,30211,2026-09-16T02:54:59.159Z,FALSE,"",17:55,FALSE
fare_DEL-CCU_6E_2026-10-16_T+30_1789528445708_0985,DEL-CCU,EaseMyTrip,6E,6E-802,2026-10-16,T+30,24773,5438,30211,2026-09-16T02:54:59.159Z,FALSE,"",17:55,FALSE
fare_DEL-CCU_6E_2026-10-16_T+30_1789528445708_ztf9,DEL-CCU,EaseMyTrip,6E,6E-520,2026-10-16,T+30,24773,5438,30211,2026-09-16T02:54:59.159Z,FALSE,"",17:55,FALSE
fare_DEL-CCU_AI_2026-10-16_T+30_1789528445708_id6g,DEL-CCU,EaseMyTrip,AI,AI-2525,2026-10-16,T+30,25067,5503,30570,2026-09-16T02:54:59.159Z,FALSE,"",06:00,FALSE
fare_DEL-CCU_AI_2026-10-16_T+30_1789528445708_kyjy,DEL-CCU,EaseMyTrip,AI,AI-879,2026-10-16,T+30,26255,5763,32018,2026-09-16T02:54:59.159Z,FALSE,"",06:40,FALSE
fare_DEL-CCU_AI_2026-10-16_T+30_1789528445708_rpet,DEL-CCU,EaseMyTrip,AI,AI-1755,2026-10-16,T+30,26577,5834,32411,2026-09-16T02:54:59.159Z,FALSE,"",14:30,FALSE
fare_DEL-CCU_IX_2026-10-16_T+30_1789528445708_ilc7,DEL-CCU,EaseMyTrip,IX,IX-1230,2026-10-16,T+30,28248,6201,34449,2026-09-16T02:54:59.159Z,FALSE,"",04:40,FALSE
fare_DEL-CCU_AI_2026-10-16_T+30_1789528445708_e757,DEL-CCU,EaseMyTrip,AI,AI-537,2026-10-16,T+30,31401,6893,38294,2026-09-16T02:54:59.159Z,TRUE,"High outlier: ₹38294 > upper fence ₹34500 (Q3: ₹24634, IQR: ₹6577)",15:45,FALSE
fare_DEL-CCU_AI_2026-10-16_T+30_1789528445708_gdh0,DEL-CCU,EaseMyTrip,AI,AI-2483,2026-10-16,T+30,31401,6893,38294,2026-09-16T02:54:59.159Z,TRUE,"High outlier: ₹38294 > upper fence ₹34500 (Q3: ₹24634, IQR: ₹6577)",12:20,FALSE
fare_DEL-CCU_AI_2026-10-16_T+30_1789528445708_qx5w,DEL-CCU,EaseMyTrip,AI,AI-9486,2026-10-16,T+30,31825,6986,38811,2026-09-16T02:54:59.159Z,TRUE,"High outlier: ₹38811 > upper fence ₹34500 (Q3: ₹24634, IQR: ₹6577)",17:50,FALSE
fare_DEL-CCU_AI_2026-10-16_T+30_1789528445708_dnno,DEL-CCU,EaseMyTrip,AI,AI-2815,2026-10-16,T+30,34694,7616,42310,2026-09-16T02:54:59.159Z,TRUE,"High outlier: ₹42310 > upper fence ₹34500 (Q3: ₹24634, IQR: ₹6577)",07:00,FALSE
fare_DEL-CCU_AI_2026-10-16_T+30_1789528445708_5rnv,DEL-CCU,EaseMyTrip,AI,AI-2803,2026-10-16,T+30,34694,7616,42310,2026-09-16T02:54:59.159Z,TRUE,"High outlier: ₹42310 > upper fence ₹34500 (Q3: ₹24634, IQR: ₹6577)",06:30,FALSE
fare_DEL-CCU_AI_2026-10-16_T+30_1789528445708_dfj1,DEL-CCU,EaseMyTrip,AI,AI-2409,2026-10-16,T+30,34694,7616,42310,2026-09-16T02:54:59.159Z,TRUE,"High outlier: ₹42310 > upper fence ₹34500 (Q3: ₹24634, IQR: ₹6577)",06:00,FALSE
fare_DEL-CCU_AI_2026-10-16_T+30_1789528445708_u6ja,DEL-CCU,EaseMyTrip,AI,AI-2757,2026-10-16,T+30,34694,7616,42310,2026-09-16T02:54:59.159Z,TRUE,"High outlier: ₹42310 > upper fence ₹34500 (Q3: ₹24634, IQR: ₹6577)",00:15,FALSE
fare_DEL-CCU_AI_2026-10-16_T+30_1789528445708_y7gl,DEL-CCU,EaseMyTrip,AI,AI-2653,2026-10-16,T+30,34694,7616,42310,2026-09-16T02:54:59.159Z,TRUE,"High outlier: ₹42310 > upper fence ₹34500 (Q3: ₹24634, IQR: ₹6577)",04:30,FALSE
fare_DEL-CCU_6E_2026-10-31_T+45_1789528445709_9z81,DEL-CCU,EaseMyTrip,6E,6E-946,2026-10-31,T+45,6048,1328,7376,2026-09-16T02:55:04.815Z,FALSE,"",13:25,FALSE
fare_DEL-CCU_6E_2026-10-31_T+45_1789528445709_t1o9,DEL-CCU,EaseMyTrip,6E,6E-104,2026-10-31,T+45,6048,1328,7376,2026-09-16T02:55:04.815Z,FALSE,"",13:25,FALSE
fare_DEL-CCU_6E_2026-10-31_T+45_1789528445709_v5x7,DEL-CCU,EaseMyTrip,6E,6E-6304,2026-10-31,T+45,6048,1328,7376,2026-09-16T02:55:04.815Z,FALSE,"",09:30,FALSE
fare_DEL-CCU_6E_2026-10-31_T+45_1789528445709_t3uw,DEL-CCU,EaseMyTrip,6E,6E-2769,2026-10-31,T+45,6048,1328,7376,2026-09-16T02:55:04.815Z,FALSE,"",07:55,FALSE
fare_DEL-CCU_6E_2026-10-31_T+45_1789528445709_2sab,DEL-CCU,EaseMyTrip,6E,6E-2373,2026-10-31,T+45,6048,1328,7376,2026-09-16T02:55:04.815Z,FALSE,"",11:05,FALSE
fare_DEL-CCU_6E_2026-10-31_T+45_1789528445709_6qsq,DEL-CCU,EaseMyTrip,6E,6E-6347,2026-10-31,T+45,6048,1328,7376,2026-09-16T02:55:04.815Z,FALSE,"",14:35,FALSE
fare_DEL-CCU_6E_2026-10-31_T+45_1789528445709_ibwu,DEL-CCU,EaseMyTrip,6E,6E-5375,2026-10-31,T+45,6048,1328,7376,2026-09-16T02:55:04.815Z,FALSE,"",07:25,FALSE
fare_DEL-CCU_6E_2026-10-31_T+45_1789528445709_yovv,DEL-CCU,EaseMyTrip,6E,6E-6245,2026-10-31,T+45,6048,1328,7376,2026-09-16T02:55:04.815Z,FALSE,"",06:25,FALSE
fare_DEL-CCU_6E_2026-10-31_T+45_1789528445709_2jhq,DEL-CCU,EaseMyTrip,6E,6E-6073,2026-10-31,T+45,6221,1365,7586,2026-09-16T02:55:04.815Z,FALSE,"",05:15,FALSE
fare_DEL-CCU_6E_2026-10-31_T+45_1789528445709_6cyn,DEL-CCU,EaseMyTrip,6E,6E-6076,2026-10-31,T+45,6221,1365,7586,2026-09-16T02:55:04.815Z,FALSE,"",15:45,FALSE
fare_DEL-CCU_6E_2026-10-31_T+45_1789528445709_b27x,DEL-CCU,EaseMyTrip,6E,6E-2771,2026-10-31,T+45,6719,1475,8194,2026-09-16T02:55:04.815Z,FALSE,"",16:20,FALSE
fare_DEL-CCU_6E_2026-10-31_T+45_1789528445709_gzq0,DEL-CCU,EaseMyTrip,6E,6E-2571,2026-10-31,T+45,6761,1484,8245,2026-09-16T02:55:04.815Z,FALSE,"",15:35,FALSE
fare_DEL-CCU_6E_2026-10-31_T+45_1789528445709_xo7d,DEL-CCU,EaseMyTrip,6E,6E-7624,2026-10-31,T+45,6896,1514,8410,2026-09-16T02:55:04.815Z,FALSE,"",05:50,FALSE
fare_DEL-CCU_SG_2026-10-31_T+45_1789528445709_sflm,DEL-CCU,EaseMyTrip,SG,SG-708,2026-10-31,T+45,7089,1556,8645,2026-09-16T02:55:04.815Z,FALSE,"",07:00,TRUE
fare_DEL-CCU_SG_2026-10-31_T+45_1789528445709_ljfg,DEL-CCU,EaseMyTrip,SG,SG-351,2026-10-31,T+45,7089,1556,8645,2026-09-16T02:55:04.815Z,FALSE,"",07:00,TRUE
fare_DEL-CCU_6E_2026-10-31_T+45_1789528445709_j4kl,DEL-CCU,EaseMyTrip,6E,6E-2039,2026-10-31,T+45,7267,1595,8862,2026-09-16T02:55:04.815Z,FALSE,"",05:30,FALSE
fare_DEL-CCU_6E_2026-10-31_T+45_1789528445709_k6pp,DEL-CCU,EaseMyTrip,6E,6E-5023,2026-10-31,T+45,7267,1595,8862,2026-09-16T02:55:04.815Z,FALSE,"",18:10,FALSE
fare_DEL-CCU_6E_2026-10-31_T+45_1789528445709_rntg,DEL-CCU,EaseMyTrip,6E,6E-6503,2026-10-31,T+45,7525,1652,9177,2026-09-16T02:55:04.815Z,FALSE,"",12:35,FALSE
fare_DEL-CCU_6E_2026-10-31_T+45_1789528445709_mmq8,DEL-CCU,EaseMyTrip,6E,6E-6211,2026-10-31,T+45,7525,1652,9177,2026-09-16T02:55:04.815Z,FALSE,"",06:25,FALSE
fare_DEL-CCU_6E_2026-10-31_T+45_1789528445709_zp43,DEL-CCU,EaseMyTrip,6E,6E-733,2026-10-31,T+45,7546,1657,9203,2026-09-16T02:55:04.815Z,FALSE,"",19:35,FALSE
fare_DEL-CCU_6E_2026-10-31_T+45_1789528445709_svpf,DEL-CCU,EaseMyTrip,6E,6E-302,2026-10-31,T+45,7546,1657,9203,2026-09-16T02:55:04.815Z,FALSE,"",19:35,FALSE
fare_DEL-CCU_QP_2026-10-31_T+45_1789528445709_ujde,DEL-CCU,EaseMyTrip,QP,QP-1268,2026-10-31,T+45,7610,1670,9280,2026-09-16T02:55:04.815Z,FALSE,"",15:20,TRUE
fare_DEL-CCU_AI_2026-10-31_T+45_1789528445709_4jve,DEL-CCU,EaseMyTrip,AI,AI-2597,2026-10-31,T+45,7788,1710,9498,2026-09-16T02:55:04.815Z,FALSE,"",09:30,TRUE
fare_DEL-CCU_6E_2026-10-31_T+45_1789528445709_51vi,DEL-CCU,EaseMyTrip,6E,6E-6551,2026-10-31,T+45,7633,1675,9308,2026-09-16T02:55:04.815Z,FALSE,"",12:10,FALSE
fare_DEL-CCU_QP_2026-10-31_T+45_1789528445709_1iwm,DEL-CCU,EaseMyTrip,QP,QP-1258,2026-10-31,T+45,7667,1683,9350,2026-09-16T02:55:04.815Z,FALSE,"",08:50,TRUE
fare_DEL-CCU_AI_2026-10-31_T+45_1789528445709_j6ql,DEL-CCU,EaseMyTrip,AI,AI-2501,2026-10-31,T+45,7918,1738,9656,2026-09-16T02:55:04.815Z,FALSE,"",11:40,TRUE
fare_DEL-CCU_6E_2026-10-31_T+45_1789528445709_pzp5,DEL-CCU,EaseMyTrip,6E,6E-924,2026-10-31,T+45,7790,1710,9500,2026-09-16T02:55:04.815Z,FALSE,"",03:00,TRUE
fare_DEL-CCU_6E_2026-10-31_T+45_1789528445709_wygo,DEL-CCU,EaseMyTrip,6E,6E-648,2026-10-31,T+45,7790,1710,9500,2026-09-16T02:55:04.815Z,FALSE,"",03:00,TRUE
fare_DEL-CCU_6E_2026-10-31_T+45_1789528445709_f2ve,DEL-CCU,EaseMyTrip,6E,6E-399,2026-10-31,T+45,7790,1710,9500,2026-09-16T02:55:04.815Z,FALSE,"",12:15,TRUE
fare_DEL-CCU_6E_2026-10-31_T+45_1789528445709_uwe7,DEL-CCU,EaseMyTrip,6E,6E-215,2026-10-31,T+45,7790,1710,9500,2026-09-16T02:55:04.815Z,FALSE,"",12:15,TRUE
fare_DEL-CCU_6E_2026-10-31_T+45_1789528445709_9k8n,DEL-CCU,EaseMyTrip,6E,6E-552,2026-10-31,T+45,7790,1710,9500,2026-09-16T02:55:04.815Z,FALSE,"",10:30,TRUE
fare_DEL-CCU_6E_2026-10-31_T+45_1789528445709_9ea6,DEL-CCU,EaseMyTrip,6E,6E-666,2026-10-31,T+45,7790,1710,9500,2026-09-16T02:55:04.815Z,FALSE,"",10:30,TRUE
fare_DEL-CCU_6E_2026-10-31_T+45_1789528445709_hza8,DEL-CCU,EaseMyTrip,6E,6E-2192,2026-10-31,T+45,7790,1710,9500,2026-09-16T02:55:04.815Z,FALSE,"",08:30,TRUE
fare_DEL-CCU_6E_2026-10-31_T+45_1789528445709_yzd8,DEL-CCU,EaseMyTrip,6E,6E-372,2026-10-31,T+45,7790,1710,9500,2026-09-16T02:55:04.815Z,FALSE,"",06:15,TRUE
fare_DEL-CCU_6E_2026-10-31_T+45_1789528445709_iju9,DEL-CCU,EaseMyTrip,6E,6E-647,2026-10-31,T+45,7790,1710,9500,2026-09-16T02:55:04.815Z,FALSE,"",06:15,TRUE
fare_DEL-CCU_6E_2026-10-31_T+45_1789528445709_3m3r,DEL-CCU,EaseMyTrip,6E,6E-5191,2026-10-31,T+45,7790,1710,9500,2026-09-16T02:55:04.815Z,FALSE,"",04:45,TRUE
fare_DEL-CCU_6E_2026-10-31_T+45_1789528445709_uo5x,DEL-CCU,EaseMyTrip,6E,6E-2614,2026-10-31,T+45,7870,1727,9597,2026-09-16T02:55:04.815Z,FALSE,"",15:05,FALSE
fare_DEL-CCU_6E_2026-10-31_T+45_1789528445709_z1v6,DEL-CCU,EaseMyTrip,6E,6E-2589,2026-10-31,T+45,7906,1735,9641,2026-09-16T02:55:04.815Z,FALSE,"",16:35,TRUE
fare_DEL-CCU_IX_2026-10-31_T+45_1789528445709_eeh7,DEL-CCU,EaseMyTrip,IX,IX-1197,2026-10-31,T+45,8322,1827,10149,2026-09-16T02:55:04.815Z,FALSE,"",20:50,TRUE
fare_DEL-CCU_IX_2026-10-31_T+45_1789528445709_byz2,DEL-CCU,EaseMyTrip,IX,IX-1067,2026-10-31,T+45,8398,1844,10242,2026-09-16T02:55:04.815Z,FALSE,"",11:20,FALSE
fare_DEL-CCU_QP_2026-10-31_T+45_1789528445709_9puc,DEL-CCU,EaseMyTrip,QP,QP-1260,2026-10-31,T+45,8266,1814,10080,2026-09-16T02:55:04.815Z,FALSE,"",20:55,TRUE
fare_DEL-CCU_6E_2026-10-31_T+45_1789528445709_qa1j,DEL-CCU,EaseMyTrip,6E,6E-472,2026-10-31,T+45,8608,1889,10497,2026-09-16T02:55:04.815Z,FALSE,"",22:15,TRUE
fare_DEL-CCU_6E_2026-10-31_T+45_1789528445709_bdei,DEL-CCU,EaseMyTrip,6E,6E-323,2026-10-31,T+45,8608,1889,10497,2026-09-16T02:55:04.815Z,FALSE,"",22:15,TRUE
fare_DEL-CCU_6E_2026-10-31_T+45_1789528445709_ram8,DEL-CCU,EaseMyTrip,6E,6E-778,2026-10-31,T+45,8811,1934,10745,2026-09-16T02:55:04.815Z,FALSE,"",02:25,FALSE
fare_DEL-CCU_6E_2026-10-31_T+45_1789528445709_z62v,DEL-CCU,EaseMyTrip,6E,6E-955,2026-10-31,T+45,8811,1934,10745,2026-09-16T02:55:04.815Z,FALSE,"",02:25,FALSE
fare_DEL-CCU_6E_2026-10-31_T+45_1789528445709_licc,DEL-CCU,EaseMyTrip,6E,6E-6787,2026-10-31,T+45,8811,1934,10745,2026-09-16T02:55:04.815Z,FALSE,"",14:40,FALSE
fare_DEL-CCU_AI_2026-10-31_T+45_1789528445709_43rq,DEL-CCU,EaseMyTrip,AI,AI-2727,2026-10-31,T+45,9145,2007,11152,2026-09-16T02:55:04.815Z,FALSE,"",21:40,TRUE
fare_DEL-CCU_IX_2026-10-31_T+45_1789528445709_bfus,DEL-CCU,EaseMyTrip,IX,IX-1076,2026-10-31,T+45,9244,2029,11273,2026-09-16T02:55:04.815Z,FALSE,"",08:00,FALSE
fare_DEL-CCU_6E_2026-10-31_T+45_1789528445709_bf90,DEL-CCU,EaseMyTrip,6E,6E-708,2026-10-31,T+45,9124,2003,11127,2026-09-16T02:55:04.815Z,FALSE,"",17:15,TRUE
fare_DEL-CCU_6E_2026-10-31_T+45_1789528445709_nu6e,DEL-CCU,EaseMyTrip,6E,6E-140,2026-10-31,T+45,9124,2003,11127,2026-09-16T02:55:04.815Z,FALSE,"",17:15,TRUE
fare_DEL-CCU_6E_2026-10-31_T+45_1789528445709_pu16,DEL-CCU,EaseMyTrip,6E,6E-6212,2026-10-31,T+45,9538,2094,11632,2026-09-16T02:55:04.815Z,FALSE,"",14:50,FALSE
fare_DEL-CCU_6E_2026-10-31_T+45_1789528445709_9ymp,DEL-CCU,EaseMyTrip,6E,6E-178,2026-10-31,T+45,9538,2094,11632,2026-09-16T02:55:04.815Z,FALSE,"",08:30,FALSE
fare_DEL-CCU_6E_2026-10-31_T+45_1789528445709_6ecz,DEL-CCU,EaseMyTrip,6E,6E-418,2026-10-31,T+45,9538,2094,11632,2026-09-16T02:55:04.815Z,FALSE,"",08:30,FALSE
fare_DEL-CCU_6E_2026-10-31_T+45_1789528445709_w9r7,DEL-CCU,EaseMyTrip,6E,6E-322,2026-10-31,T+45,9538,2094,11632,2026-09-16T02:55:04.815Z,FALSE,"",18:15,FALSE
fare_DEL-CCU_6E_2026-10-31_T+45_1789528445709_5hip,DEL-CCU,EaseMyTrip,6E,6E-989,2026-10-31,T+45,9538,2094,11632,2026-09-16T02:55:04.815Z,FALSE,"",18:15,FALSE
fare_DEL-CCU_6E_2026-10-31_T+45_1789528445709_usig,DEL-CCU,EaseMyTrip,6E,6E-6293,2026-10-31,T+45,9538,2094,11632,2026-09-16T02:55:04.815Z,FALSE,"",10:00,FALSE
fare_DEL-CCU_6E_2026-10-31_T+45_1789528445709_nneb,DEL-CCU,EaseMyTrip,6E,6E-6217,2026-10-31,T+45,9538,2094,11632,2026-09-16T02:55:04.815Z,FALSE,"",16:15,FALSE
fare_DEL-CCU_6E_2026-10-31_T+45_1789528445709_jbnz,DEL-CCU,EaseMyTrip,6E,6E-5058,2026-10-31,T+45,9538,2094,11632,2026-09-16T02:55:04.815Z,FALSE,"",13:30,FALSE
fare_DEL-CCU_AI_2026-10-31_T+45_1789528445709_urej,DEL-CCU,EaseMyTrip,AI,AI-2707,2026-10-31,T+45,10017,2199,12216,2026-09-16T02:55:04.815Z,FALSE,"",18:00,TRUE
fare_DEL-CCU_AI_2026-10-31_T+45_1789528445709_jkr8,DEL-CCU,EaseMyTrip,AI,AI-2553,2026-10-31,T+45,10226,2245,12471,2026-09-16T02:55:04.815Z,FALSE,"",16:15,TRUE
fare_DEL-CCU_AI_2026-10-31_T+45_1789528445709_005t,DEL-CCU,EaseMyTrip,AI,AI-2705,2026-10-31,T+45,10226,2245,12471,2026-09-16T02:55:04.815Z,FALSE,"",06:45,TRUE
fare_DEL-CCU_6E_2026-10-31_T+45_1789528445709_eal1,DEL-CCU,EaseMyTrip,6E,6E-5269,2026-10-31,T+45,10146,2227,12373,2026-09-16T02:55:04.815Z,FALSE,"",10:35,FALSE
fare_DEL-CCU_6E_2026-10-31_T+45_1789528445709_qt99,DEL-CCU,EaseMyTrip,6E,6E-447,2026-10-31,T+45,10146,2227,12373,2026-09-16T02:55:04.815Z,FALSE,"",13:20,FALSE
fare_DEL-CCU_6E_2026-10-31_T+45_1789528445709_294z,DEL-CCU,EaseMyTrip,6E,6E-180,2026-10-31,T+45,10146,2227,12373,2026-09-16T02:55:04.815Z,FALSE,"",13:20,FALSE
fare_DEL-CCU_IX_2026-10-31_T+45_1789528445709_md3n,DEL-CCU,EaseMyTrip,IX,IX-1043,2026-10-31,T+45,10550,2316,12866,2026-09-16T02:55:04.815Z,FALSE,"",18:00,FALSE
fare_DEL-CCU_IX_2026-10-31_T+45_1789528445709_fkit,DEL-CCU,EaseMyTrip,IX,IX-1085,2026-10-31,T+45,10550,2316,12866,2026-09-16T02:55:04.815Z,FALSE,"",10:55,FALSE
fare_DEL-CCU_IX_2026-10-31_T+45_1789528445709_wll0,DEL-CCU,EaseMyTrip,IX,IX-1084,2026-10-31,T+45,10722,2354,13076,2026-09-16T02:55:04.815Z,FALSE,"",17:05,FALSE
fare_DEL-CCU_IX_2026-10-31_T+45_1789528445709_bwpa,DEL-CCU,EaseMyTrip,IX,IX-1041,2026-10-31,T+45,10722,2354,13076,2026-09-16T02:55:04.815Z,FALSE,"",15:10,FALSE
fare_DEL-CCU_IX_2026-10-31_T+45_1789528445709_lu8h,DEL-CCU,EaseMyTrip,IX,IX-1672,2026-10-31,T+45,10886,2390,13276,2026-09-16T02:55:04.815Z,FALSE,"",07:15,FALSE
fare_DEL-CCU_6E_2026-10-31_T+45_1789528445709_4jlv,DEL-CCU,EaseMyTrip,6E,6E-2423,2026-10-31,T+45,10872,2386,13258,2026-09-16T02:55:04.815Z,FALSE,"",15:15,FALSE
fare_DEL-CCU_IX_2026-10-31_T+45_1789528445709_wddc,DEL-CCU,EaseMyTrip,IX,IX-1032,2026-10-31,T+45,11411,2505,13916,2026-09-16T02:55:04.815Z,FALSE,"",06:15,FALSE
fare_DEL-CCU_SG_2026-10-31_T+45_1789528445709_qllj,DEL-CCU,EaseMyTrip,SG,SG-280,2026-10-31,T+45,11569,2539,14108,2026-09-16T02:55:04.815Z,FALSE,"",06:05,FALSE
fare_DEL-CCU_SG_2026-10-31_T+45_1789528445709_inu9,DEL-CCU,EaseMyTrip,SG,SG-198,2026-10-31,T+45,11569,2539,14108,2026-09-16T02:55:04.815Z,FALSE,"",06:05,FALSE
fare_DEL-CCU_6E_2026-10-31_T+45_1789528445709_u6m4,DEL-CCU,EaseMyTrip,6E,6E-562,2026-10-31,T+45,11493,2523,14016,2026-09-16T02:55:04.815Z,FALSE,"",05:10,FALSE
fare_DEL-CCU_6E_2026-10-31_T+45_1789528445709_o9qw,DEL-CCU,EaseMyTrip,6E,6E-674,2026-10-31,T+45,11493,2523,14016,2026-09-16T02:55:04.815Z,FALSE,"",05:10,FALSE
fare_DEL-CCU_AI_2026-10-31_T+45_1789528445709_37ju,DEL-CCU,EaseMyTrip,AI,AI-879,2026-10-31,T+45,11850,2601,14451,2026-09-16T02:55:04.815Z,FALSE,"",06:40,FALSE
fare_DEL-CCU_6E_2026-10-31_T+45_1789528445709_zmp5,DEL-CCU,EaseMyTrip,6E,6E-793,2026-10-31,T+45,11707,2570,14277,2026-09-16T02:55:04.815Z,FALSE,"",23:45,TRUE
fare_DEL-CCU_6E_2026-10-31_T+45_1789528445709_uwsb,DEL-CCU,EaseMyTrip,6E,6E-635,2026-10-31,T+45,11707,2570,14277,2026-09-16T02:55:04.815Z,FALSE,"",23:45,TRUE
fare_DEL-CCU_6E_2026-10-31_T+45_1789528445709_dyqd,DEL-CCU,EaseMyTrip,6E,6E-6415,2026-10-31,T+45,11707,2570,14277,2026-09-16T02:55:04.815Z,FALSE,"",15:30,TRUE
fare_DEL-CCU_6E_2026-10-31_T+45_1789528445709_s59v,DEL-CCU,EaseMyTrip,6E,6E-6517,2026-10-31,T+45,11707,2570,14277,2026-09-16T02:55:04.815Z,FALSE,"",19:30,TRUE
fare_DEL-CCU_6E_2026-10-31_T+45_1789528445709_tz2q,DEL-CCU,EaseMyTrip,6E,6E-2327,2026-10-31,T+45,11707,2570,14277,2026-09-16T02:55:04.815Z,FALSE,"",13:35,TRUE
fare_DEL-CCU_6E_2026-10-31_T+45_1789528445709_ht68,DEL-CCU,EaseMyTrip,6E,6E-6038,2026-10-31,T+45,11777,2585,14362,2026-09-16T02:55:04.815Z,FALSE,"",11:30,FALSE
fare_DEL-CCU_6E_2026-10-31_T+45_1789528445709_hf1n,DEL-CCU,EaseMyTrip,6E,6E-6048,2026-10-31,T+45,11777,2585,14362,2026-09-16T02:55:04.815Z,FALSE,"",06:30,FALSE
fare_DEL-CCU_6E_2026-10-31_T+45_1789528445709_s30s,DEL-CCU,EaseMyTrip,6E,6E-2316,2026-10-31,T+45,12293,2699,14992,2026-09-16T02:55:04.815Z,FALSE,"",18:00,FALSE
fare_DEL-CCU_AI_2026-10-31_T+45_1789528445709_2x06,DEL-CCU,EaseMyTrip,AI,AI-2947,2026-10-31,T+45,12664,2780,15444,2026-09-16T02:55:04.815Z,FALSE,"",14:40,FALSE
fare_DEL-CCU_AI_2026-10-31_T+45_1789528445709_o7kx,DEL-CCU,EaseMyTrip,AI,AI-2709,2026-10-31,T+45,12729,2794,15523,2026-09-16T02:55:04.815Z,FALSE,"",19:40,TRUE
fare_DEL-CCU_IX_2026-10-31_T+45_1789528445709_bhma,DEL-CCU,EaseMyTrip,IX,IX-1274,2026-10-31,T+45,12794,2809,15603,2026-09-16T02:55:04.815Z,FALSE,"",09:55,FALSE
fare_DEL-CCU_AI_2026-10-31_T+45_1789528445709_q2wr,DEL-CCU,EaseMyTrip,AI,AI-9836,2026-10-31,T+45,12983,2850,15833,2026-09-16T02:55:04.815Z,FALSE,"",08:45,FALSE
fare_DEL-CCU_6E_2026-10-31_T+45_1789528445709_77ng,DEL-CCU,EaseMyTrip,6E,6E-5041,2026-10-31,T+45,14015,3077,17092,2026-09-16T02:55:04.815Z,FALSE,"",15:25,FALSE
fare_DEL-CCU_AI_2026-10-31_T+45_1789528445709_p0th,DEL-CCU,EaseMyTrip,AI,AI-887,2026-10-31,T+45,14316,3142,17458,2026-09-16T02:55:04.815Z,FALSE,"",13:30,FALSE
fare_DEL-CCU_AI_2026-10-31_T+45_1789528445709_yes9,DEL-CCU,EaseMyTrip,AI,AI-2951,2026-10-31,T+45,14316,3142,17458,2026-09-16T02:55:04.815Z,FALSE,"",13:30,FALSE
fare_DEL-CCU_AI_2026-10-31_T+45_1789528445709_vta6,DEL-CCU,EaseMyTrip,AI,AI-2933,2026-10-31,T+45,14316,3142,17458,2026-09-16T02:55:04.815Z,FALSE,"",15:30,FALSE
fare_DEL-CCU_AI_2026-10-31_T+45_1789528445709_jcqg,DEL-CCU,EaseMyTrip,AI,AI-2987,2026-10-31,T+45,14316,3142,17458,2026-09-16T02:55:04.815Z,FALSE,"",13:00,FALSE
fare_DEL-CCU_AI_2026-10-31_T+45_1789528445709_hqir,DEL-CCU,EaseMyTrip,AI,AI-2587,2026-10-31,T+45,14316,3142,17458,2026-09-16T02:55:04.815Z,FALSE,"",12:00,FALSE
fare_DEL-CCU_AI_2026-10-31_T+45_1789528445709_t4ee,DEL-CCU,EaseMyTrip,AI,AI-2945,2026-10-31,T+45,14316,3142,17458,2026-09-16T02:55:04.815Z,FALSE,"",11:00,FALSE
fare_DEL-CCU_AI_2026-10-31_T+45_1789528445709_343c,DEL-CCU,EaseMyTrip,AI,AI-2425,2026-10-31,T+45,14316,3142,17458,2026-09-16T02:55:04.815Z,FALSE,"",10:30,FALSE
fare_DEL-CCU_IX_2026-10-31_T+45_1789528445709_5l60,DEL-CCU,EaseMyTrip,IX,IX-1071,2026-10-31,T+45,15920,3495,19415,2026-09-16T02:55:04.815Z,FALSE,"",20:50,FALSE
fare_DEL-CCU_AI_2026-10-31_T+45_1789528445709_x03y,DEL-CCU,EaseMyTrip,AI,AI-2963,2026-10-31,T+45,14918,3275,18193,2026-09-16T02:55:04.815Z,FALSE,"",09:00,FALSE
fare_DEL-CCU_AI_2026-10-31_T+45_1789528445709_z3wa,DEL-CCU,EaseMyTrip,AI,AI-2943,2026-10-31,T+45,15107,3316,18423,2026-09-16T02:55:04.815Z,FALSE,"",07:30,FALSE
fare_DEL-CCU_IX_2026-10-31_T+45_1789528445709_i25r,DEL-CCU,EaseMyTrip,IX,IX-1261,2026-10-31,T+45,16524,3627,20151,2026-09-16T02:55:04.815Z,FALSE,"",07:30,FALSE
fare_DEL-CCU_IX_2026-10-31_T+45_1789528445709_km93,DEL-CCU,EaseMyTrip,IX,IX-1525,2026-10-31,T+45,16919,3714,20633,2026-09-16T02:55:04.815Z,FALSE,"",08:40,FALSE
fare_DEL-CCU_6E_2026-10-31_T+45_1789528445709_afmg,DEL-CCU,EaseMyTrip,6E,6E-2410,2026-10-31,T+45,16204,3557,19761,2026-09-16T02:55:04.815Z,FALSE,"",12:10,FALSE
fare_DEL-CCU_AI_2026-10-31_T+45_1789528445709_uv9n,DEL-CCU,EaseMyTrip,AI,AI-2525,2026-10-31,T+45,18525,4067,22592,2026-09-16T02:55:04.815Z,FALSE,"",06:00,FALSE
fare_DEL-CCU_AI_2026-10-31_T+45_1789528445709_qyrq,DEL-CCU,EaseMyTrip,AI,AI-2767,2026-10-31,T+45,19602,4303,23905,2026-09-16T02:55:04.815Z,TRUE,"High outlier: ₹23905 > upper fence ₹23513 (Q3: ₹15105, IQR: ₹5605)",13:00,TRUE
fare_DEL-CCU_AI_2026-10-31_T+45_1789528445709_0ma8,DEL-CCU,EaseMyTrip,AI,AI-427,2026-10-31,T+45,20156,4425,24581,2026-09-16T02:55:04.815Z,TRUE,"High outlier: ₹24581 > upper fence ₹23513 (Q3: ₹15105, IQR: ₹5605)",08:35,FALSE
fare_DEL-CCU_AI_2026-10-31_T+45_1789528445709_3zpf,DEL-CCU,EaseMyTrip,AI,AI-2757,2026-10-31,T+45,20257,4447,24704,2026-09-16T02:55:04.815Z,TRUE,"High outlier: ₹24704 > upper fence ₹23513 (Q3: ₹15105, IQR: ₹5605)",00:15,FALSE
fare_DEL-CCU_AI_2026-10-31_T+45_1789528445709_16yz,DEL-CCU,EaseMyTrip,AI,AI-2409,2026-10-31,T+45,20257,4447,24704,2026-09-16T02:55:04.815Z,TRUE,"High outlier: ₹24704 > upper fence ₹23513 (Q3: ₹15105, IQR: ₹5605)",06:00,FALSE
fare_DEL-CCU_AI_2026-10-31_T+45_1789528445709_9amw,DEL-CCU,EaseMyTrip,AI,AI-2417,2026-10-31,T+45,20375,4473,24848,2026-09-16T02:55:04.815Z,TRUE,"High outlier: ₹24848 > upper fence ₹23513 (Q3: ₹15105, IQR: ₹5605)",12:00,FALSE
fare_DEL-CCU_AI_2026-10-31_T+45_1789528445709_r9lh,DEL-CCU,EaseMyTrip,AI,AI-2513,2026-10-31,T+45,20649,4533,25182,2026-09-16T02:55:04.815Z,TRUE,"High outlier: ₹25182 > upper fence ₹23513 (Q3: ₹15105, IQR: ₹5605)",13:00,FALSE
fare_DEL-CCU_AI_2026-10-31_T+45_1789528445709_syhv,DEL-CCU,EaseMyTrip,AI,AI-2485,2026-10-31,T+45,20966,4602,25568,2026-09-16T02:55:04.815Z,TRUE,"High outlier: ₹25568 > upper fence ₹23513 (Q3: ₹15105, IQR: ₹5605)",11:00,FALSE
fare_DEL-CCU_AI_2026-10-31_T+45_1789528445709_3rxs,DEL-CCU,EaseMyTrip,AI,AI-2819,2026-10-31,T+45,24474,5372,29846,2026-09-16T02:55:04.815Z,TRUE,"High outlier: ₹29846 > upper fence ₹23513 (Q3: ₹15105, IQR: ₹5605)",15:00,FALSE
fare_DEL-CCU_AI_2026-10-31_T+45_1789528445709_t8g7,DEL-CCU,EaseMyTrip,AI,AI-2613,2026-10-31,T+45,27627,6064,33691,2026-09-16T02:55:04.815Z,TRUE,"High outlier: ₹33691 > upper fence ₹23513 (Q3: ₹15105, IQR: ₹5605)",04:15,FALSE
fare_DEL-CCU_6E_2026-09-23_T+7_1789528445709_np66,DEL-CCU,EaseMyTrip,6E,6E-6245,2026-09-23,T+7,6042,1326,7368,2026-09-16T02:54:47.851Z,FALSE,"",06:20,FALSE
fare_DEL-CCU_6E_2026-09-23_T+7_1789528445709_hey8,DEL-CCU,EaseMyTrip,6E,6E-2453,2026-09-23,T+7,6042,1326,7368,2026-09-16T02:54:47.851Z,FALSE,"",13:35,FALSE
fare_DEL-CCU_6E_2026-09-23_T+7_1789528445709_55ss,DEL-CCU,EaseMyTrip,6E,6E-6312,2026-09-23,T+7,6150,1350,7500,2026-09-16T02:54:47.851Z,FALSE,"",14:25,FALSE
fare_DEL-CCU_6E_2026-09-23_T+7_1789528445709_crzz,DEL-CCU,EaseMyTrip,6E,6E-2361,2026-09-23,T+7,6150,1350,7500,2026-09-16T02:54:47.851Z,FALSE,"",14:35,FALSE
fare_DEL-CCU_6E_2026-09-23_T+7_1789528445709_253c,DEL-CCU,EaseMyTrip,6E,6E-5298,2026-09-23,T+7,6214,1364,7578,2026-09-16T02:54:47.851Z,FALSE,"",09:00,FALSE
fare_DEL-CCU_6E_2026-09-23_T+7_1789528445709_wrj3,DEL-CCU,EaseMyTrip,6E,6E-6190,2026-09-23,T+7,6214,1364,7578,2026-09-16T02:54:47.851Z,FALSE,"",07:40,FALSE
fare_DEL-CCU_6E_2026-09-23_T+7_1789528445709_k09l,DEL-CCU,EaseMyTrip,6E,6E-5307,2026-09-23,T+7,6300,1383,7683,2026-09-16T02:54:47.851Z,FALSE,"",10:50,FALSE
fare_DEL-CCU_6E_2026-09-23_T+7_1789528445709_ud12,DEL-CCU,EaseMyTrip,6E,6E-6378,2026-09-23,T+7,6300,1383,7683,2026-09-16T02:54:47.851Z,FALSE,"",14:40,FALSE
fare_DEL-CCU_6E_2026-09-23_T+7_1789528445709_689f,DEL-CCU,EaseMyTrip,6E,6E-6124,2026-09-23,T+7,6300,1383,7683,2026-09-16T02:54:47.851Z,FALSE,"",07:30,FALSE
fare_DEL-CCU_6E_2026-09-23_T+7_1789528445709_o3rg,DEL-CCU,EaseMyTrip,6E,6E-6829,2026-09-23,T+7,6322,1388,7710,2026-09-16T02:54:47.851Z,FALSE,"",17:20,FALSE
fare_DEL-CCU_IX_2026-09-23_T+7_1789528445709_tywd,DEL-CCU,EaseMyTrip,IX,IX-1067,2026-09-23,T+7,6515,1430,7945,2026-09-16T02:54:47.851Z,FALSE,"",06:10,FALSE
fare_DEL-CCU_6E_2026-09-23_T+7_1789528445709_a9ey,DEL-CCU,EaseMyTrip,6E,6E-6503,2026-09-23,T+7,6472,1421,7893,2026-09-16T02:54:47.851Z,FALSE,"",13:25,FALSE
fare_DEL-CCU_QP_2026-09-23_T+7_1789528445709_dej8,DEL-CCU,EaseMyTrip,QP,QP-1801,2026-09-23,T+7,6485,1424,7909,2026-09-16T02:54:47.851Z,FALSE,"",05:55,TRUE
fare_DEL-CCU_QP_2026-09-23_T+7_1789528445709_z7fl,DEL-CCU,EaseMyTrip,QP,QP-1803,2026-09-23,T+7,6485,1424,7909,2026-09-16T02:54:47.851Z,FALSE,"",17:05,TRUE
fare_DEL-CCU_6E_2026-09-23_T+7_1789528445709_zg50,DEL-CCU,EaseMyTrip,6E,6E-591,2026-09-23,T+7,6494,1426,7920,2026-09-16T02:54:47.851Z,FALSE,"",17:55,FALSE
fare_DEL-CCU_6E_2026-09-23_T+7_1789528445709_yl3b,DEL-CCU,EaseMyTrip,6E,6E-922,2026-09-23,T+7,6494,1426,7920,2026-09-16T02:54:47.851Z,FALSE,"",17:55,FALSE
fare_DEL-CCU_6E_2026-09-23_T+7_1789528445709_i2qh,DEL-CCU,EaseMyTrip,6E,6E-952,2026-09-23,T+7,6494,1426,7920,2026-09-16T02:54:47.851Z,FALSE,"",08:30,FALSE
fare_DEL-CCU_6E_2026-09-23_T+7_1789528445709_r871,DEL-CCU,EaseMyTrip,6E,6E-282,2026-09-23,T+7,6494,1426,7920,2026-09-16T02:54:47.851Z,FALSE,"",08:30,FALSE
fare_DEL-CCU_6E_2026-09-23_T+7_1789528445709_gx2u,DEL-CCU,EaseMyTrip,6E,6E-6293,2026-09-23,T+7,6494,1426,7920,2026-09-16T02:54:47.851Z,FALSE,"",09:55,FALSE
fare_DEL-CCU_6E_2026-09-23_T+7_1789528445709_to2x,DEL-CCU,EaseMyTrip,6E,6E-6282,2026-09-23,T+7,6494,1426,7920,2026-09-16T02:54:47.851Z,FALSE,"",13:30,FALSE
fare_DEL-CCU_6E_2026-09-23_T+7_1789528445709_s254,DEL-CCU,EaseMyTrip,6E,6E-5119,2026-09-23,T+7,6494,1426,7920,2026-09-16T02:54:47.851Z,FALSE,"",05:10,FALSE
fare_DEL-CCU_6E_2026-09-23_T+7_1789528445709_eilk,DEL-CCU,EaseMyTrip,6E,6E-6217,2026-09-23,T+7,6494,1426,7920,2026-09-16T02:54:47.851Z,FALSE,"",16:15,FALSE
fare_DEL-CCU_6E_2026-09-23_T+7_1789528445709_4p0q,DEL-CCU,EaseMyTrip,6E,6E-5073,2026-09-23,T+7,6494,1426,7920,2026-09-16T02:54:47.851Z,FALSE,"",17:05,FALSE
fare_DEL-CCU_6E_2026-09-23_T+7_1789528445709_twwy,DEL-CCU,EaseMyTrip,6E,6E-448,2026-09-23,T+7,6494,1426,7920,2026-09-16T02:54:47.851Z,FALSE,"",08:30,FALSE
fare_DEL-CCU_6E_2026-09-23_T+7_1789528445709_9lmx,DEL-CCU,EaseMyTrip,6E,6E-620,2026-09-23,T+7,6494,1426,7920,2026-09-16T02:54:47.851Z,FALSE,"",08:30,FALSE
fare_DEL-CCU_6E_2026-09-23_T+7_1789528445709_kj5e,DEL-CCU,EaseMyTrip,6E,6E-797,2026-09-23,T+7,6494,1426,7920,2026-09-16T02:54:47.851Z,FALSE,"",11:45,FALSE
fare_DEL-CCU_6E_2026-09-23_T+7_1789528445709_sk0m,DEL-CCU,EaseMyTrip,6E,6E-431,2026-09-23,T+7,6494,1426,7920,2026-09-16T02:54:47.851Z,FALSE,"",11:45,FALSE
fare_DEL-CCU_IX_2026-09-23_T+7_1789528445709_efdm,DEL-CCU,EaseMyTrip,IX,IX-1671,2026-09-23,T+7,6735,1479,8214,2026-09-16T02:54:47.851Z,FALSE,"",20:00,FALSE
fare_DEL-CCU_6E_2026-09-23_T+7_1789528445709_wvfg,DEL-CCU,EaseMyTrip,6E,6E-6551,2026-09-23,T+7,6581,1444,8025,2026-09-16T02:54:47.851Z,FALSE,"",12:00,FALSE
fare_DEL-CCU_6E_2026-09-23_T+7_1789528445709_b0op,DEL-CCU,EaseMyTrip,6E,6E-6371,2026-09-23,T+7,6581,1444,8025,2026-09-16T02:54:47.851Z,FALSE,"",06:20,FALSE
fare_DEL-CCU_6E_2026-09-23_T+7_1789528445709_58mf,DEL-CCU,EaseMyTrip,6E,6E-5036,2026-09-23,T+7,6648,1459,8107,2026-09-16T02:54:47.851Z,FALSE,"",08:00,FALSE
fare_DEL-CCU_6E_2026-09-23_T+7_1789528445709_e38e,DEL-CCU,EaseMyTrip,6E,6E-412,2026-09-23,T+7,6648,1459,8107,2026-09-16T02:54:47.851Z,FALSE,"",16:20,FALSE
fare_DEL-CCU_6E_2026-09-23_T+7_1789528445709_fp8i,DEL-CCU,EaseMyTrip,6E,6E-131,2026-09-23,T+7,6648,1459,8107,2026-09-16T02:54:47.851Z,FALSE,"",16:20,FALSE
fare_DEL-CCU_6E_2026-09-23_T+7_1789528445709_1n5n,DEL-CCU,EaseMyTrip,6E,6E-2614,2026-09-23,T+7,6712,1473,8185,2026-09-16T02:54:47.851Z,FALSE,"",14:40,FALSE
fare_DEL-CCU_6E_2026-09-23_T+7_1789528445709_ikwa,DEL-CCU,EaseMyTrip,6E,6E-5033,2026-09-23,T+7,6712,1473,8185,2026-09-16T02:54:47.851Z,FALSE,"",15:50,FALSE
fare_DEL-CCU_6E_2026-09-23_T+7_1789528445709_hdyn,DEL-CCU,EaseMyTrip,6E,6E-2259,2026-09-23,T+7,6712,1473,8185,2026-09-16T02:54:47.851Z,FALSE,"",12:20,FALSE
fare_DEL-CCU_6E_2026-09-23_T+7_1789528445709_1kcw,DEL-CCU,EaseMyTrip,6E,6E-2571,2026-09-23,T+7,6739,1479,8218,2026-09-16T02:54:47.851Z,FALSE,"",12:30,FALSE
fare_DEL-CCU_IX_2026-09-23_T+7_1789528445709_l88y,DEL-CCU,EaseMyTrip,IX,IX-1081,2026-09-23,T+7,7182,1577,8759,2026-09-16T02:54:47.851Z,FALSE,"",15:25,FALSE
fare_DEL-CCU_6E_2026-09-23_T+7_1789528445709_n29p,DEL-CCU,EaseMyTrip,6E,6E-2296,2026-09-23,T+7,7259,1594,8853,2026-09-16T02:54:47.851Z,FALSE,"",09:20,FALSE
fare_DEL-CCU_6E_2026-09-23_T+7_1789528445709_nfxa,DEL-CCU,EaseMyTrip,6E,6E-5191,2026-09-23,T+7,7316,1606,8922,2026-09-16T02:54:47.851Z,FALSE,"",05:00,TRUE
fare_DEL-CCU_6E_2026-09-23_T+7_1789528445709_9meg,DEL-CCU,EaseMyTrip,6E,6E-457,2026-09-23,T+7,7316,1606,8922,2026-09-16T02:54:47.851Z,FALSE,"",23:30,TRUE
fare_DEL-CCU_6E_2026-09-23_T+7_1789528445709_ph0q,DEL-CCU,EaseMyTrip,6E,6E-452,2026-09-23,T+7,7316,1606,8922,2026-09-16T02:54:47.851Z,FALSE,"",23:30,TRUE
fare_DEL-CCU_6E_2026-09-23_T+7_1789528445709_ipar,DEL-CCU,EaseMyTrip,6E,6E-851,2026-09-23,T+7,7316,1606,8922,2026-09-16T02:54:47.851Z,FALSE,"",21:50,TRUE
fare_DEL-CCU_6E_2026-09-23_T+7_1789528445709_2cgw,DEL-CCU,EaseMyTrip,6E,6E-866,2026-09-23,T+7,7316,1606,8922,2026-09-16T02:54:47.851Z,FALSE,"",21:50,TRUE
fare_DEL-CCU_6E_2026-09-23_T+7_1789528445709_764y,DEL-CCU,EaseMyTrip,6E,6E-6415,2026-09-23,T+7,7316,1606,8922,2026-09-16T02:54:47.851Z,FALSE,"",16:00,TRUE
fare_DEL-CCU_6E_2026-09-23_T+7_1789528445709_3msj,DEL-CCU,EaseMyTrip,6E,6E-673,2026-09-23,T+7,7316,1606,8922,2026-09-16T02:54:47.851Z,FALSE,"",10:15,TRUE
fare_DEL-CCU_6E_2026-09-23_T+7_1789528445709_vwks,DEL-CCU,EaseMyTrip,6E,6E-113,2026-09-23,T+7,7316,1606,8922,2026-09-16T02:54:47.851Z,FALSE,"",10:15,TRUE
fare_DEL-CCU_6E_2026-09-23_T+7_1789528445709_qj2a,DEL-CCU,EaseMyTrip,6E,6E-117,2026-09-23,T+7,7316,1606,8922,2026-09-16T02:54:47.851Z,FALSE,"",08:30,TRUE
fare_DEL-CCU_6E_2026-09-23_T+7_1789528445709_1leb,DEL-CCU,EaseMyTrip,6E,6E-260,2026-09-23,T+7,7316,1606,8922,2026-09-16T02:54:47.851Z,FALSE,"",08:30,TRUE
fare_DEL-CCU_6E_2026-09-23_T+7_1789528445709_myvi,DEL-CCU,EaseMyTrip,6E,6E-2276,2026-09-23,T+7,7316,1606,8922,2026-09-16T02:54:47.851Z,FALSE,"",17:55,TRUE
fare_DEL-CCU_6E_2026-09-23_T+7_1789528445709_670e,DEL-CCU,EaseMyTrip,6E,6E-947,2026-09-23,T+7,7316,1606,8922,2026-09-16T02:54:47.851Z,FALSE,"",12:45,TRUE
fare_DEL-CCU_6E_2026-09-23_T+7_1789528445709_b50a,DEL-CCU,EaseMyTrip,6E,6E-940,2026-09-23,T+7,7316,1606,8922,2026-09-16T02:54:47.851Z,FALSE,"",12:45,TRUE
fare_DEL-CCU_6E_2026-09-23_T+7_1789528445709_vp8f,DEL-CCU,EaseMyTrip,6E,6E-969,2026-09-23,T+7,7316,1606,8922,2026-09-16T02:54:47.851Z,FALSE,"",07:20,TRUE
fare_DEL-CCU_6E_2026-09-23_T+7_1789528445709_7k9i,DEL-CCU,EaseMyTrip,6E,6E-640,2026-09-23,T+7,7316,1606,8922,2026-09-16T02:54:47.851Z,FALSE,"",07:20,TRUE
fare_DEL-CCU_6E_2026-09-23_T+7_1789528445709_dvp8,DEL-CCU,EaseMyTrip,6E,6E-361,2026-09-23,T+7,7316,1606,8922,2026-09-16T02:54:47.851Z,FALSE,"",14:25,TRUE
fare_DEL-CCU_6E_2026-09-23_T+7_1789528445709_88kr,DEL-CCU,EaseMyTrip,6E,6E-813,2026-09-23,T+7,7316,1606,8922,2026-09-16T02:54:47.851Z,FALSE,"",14:25,TRUE
fare_DEL-CCU_AI_2026-09-23_T+7_1789528445709_vzg8,DEL-CCU,EaseMyTrip,AI,AI-2702,2026-09-23,T+7,7496,1646,9142,2026-09-16T02:54:47.851Z,FALSE,"",02:30,TRUE
fare_DEL-CCU_6E_2026-09-23_T+7_1789528445709_8ate,DEL-CCU,EaseMyTrip,6E,6E-5215,2026-09-23,T+7,7346,1612,8958,2026-09-16T02:54:47.851Z,FALSE,"",07:45,FALSE
fare_DEL-CCU_AI_2026-09-23_T+7_1789528445709_qf0u,DEL-CCU,EaseMyTrip,AI,AI-2535,2026-09-23,T+7,7573,1662,9235,2026-09-16T02:54:47.851Z,FALSE,"",06:40,TRUE
fare_DEL-CCU_AI_2026-09-23_T+7_1789528445709_thpp,DEL-CCU,EaseMyTrip,AI,AI-1733,2026-09-23,T+7,7573,1662,9235,2026-09-16T02:54:47.851Z,FALSE,"",16:15,TRUE
fare_DEL-CCU_AI_2026-09-23_T+7_1789528445709_pnpb,DEL-CCU,EaseMyTrip,AI,AI-2707,2026-09-23,T+7,7573,1662,9235,2026-09-16T02:54:47.851Z,FALSE,"",18:00,TRUE
fare_DEL-CCU_AI_2026-09-23_T+7_1789528445709_9tll,DEL-CCU,EaseMyTrip,AI,AI-1714,2026-09-23,T+7,7573,1662,9235,2026-09-16T02:54:47.851Z,FALSE,"",21:00,TRUE
fare_DEL-CCU_6E_2026-09-23_T+7_1789528445709_38fz,DEL-CCU,EaseMyTrip,6E,6E-6517,2026-09-23,T+7,7532,1653,9185,2026-09-16T02:54:47.851Z,FALSE,"",19:30,TRUE
fare_DEL-CCU_AI_2026-09-23_T+7_1789528445709_vte6,DEL-CCU,EaseMyTrip,AI,AI-2705,2026-09-23,T+7,7706,1691,9397,2026-09-16T02:54:47.851Z,FALSE,"",07:30,TRUE
fare_DEL-CCU_AI_2026-09-23_T+7_1789528445709_r5cd,DEL-CCU,EaseMyTrip,AI,AI-1791,2026-09-23,T+7,7706,1691,9397,2026-09-16T02:54:47.851Z,FALSE,"",09:55,TRUE
fare_DEL-CCU_AI_2026-09-23_T+7_1789528445709_yp4p,DEL-CCU,EaseMyTrip,AI,AI-2709,2026-09-23,T+7,7926,1740,9666,2026-09-16T02:54:47.851Z,FALSE,"",19:40,TRUE
fare_DEL-CCU_6E_2026-09-23_T+7_1789528445709_ll35,DEL-CCU,EaseMyTrip,6E,6E-2589,2026-09-23,T+7,7906,1735,9641,2026-09-16T02:54:47.851Z,FALSE,"",15:05,TRUE
fare_DEL-CCU_6E_2026-09-23_T+7_1789528445709_pdn0,DEL-CCU,EaseMyTrip,6E,6E-559,2026-09-23,T+7,8141,1787,9928,2026-09-16T02:54:47.851Z,FALSE,"",07:10,FALSE
fare_DEL-CCU_6E_2026-09-23_T+7_1789528445709_1t1f,DEL-CCU,EaseMyTrip,6E,6E-533,2026-09-23,T+7,8141,1787,9928,2026-09-16T02:54:47.851Z,FALSE,"",07:10,FALSE
fare_DEL-CCU_IX_2026-09-23_T+7_1789528445709_c033,DEL-CCU,EaseMyTrip,IX,IX-1273,2026-09-23,T+7,9523,2091,11614,2026-09-16T02:54:47.851Z,FALSE,"",12:20,FALSE
fare_DEL-CCU_IX_2026-09-23_T+7_1789528445709_3e2p,DEL-CCU,EaseMyTrip,IX,IX-1001,2026-09-23,T+7,9524,2091,11615,2026-09-16T02:54:47.851Z,FALSE,"",09:00,FALSE
fare_DEL-CCU_6E_2026-09-23_T+7_1789528445709_jhby,DEL-CCU,EaseMyTrip,6E,6E-6073,2026-09-23,T+7,9250,2030,11280,2026-09-16T02:54:47.851Z,FALSE,"",05:00,FALSE
fare_DEL-CCU_IX_2026-09-23_T+7_1789528445709_c9ux,DEL-CCU,EaseMyTrip,IX,IX-1032,2026-09-23,T+7,9835,2159,11994,2026-09-16T02:54:47.851Z,FALSE,"",05:45,FALSE
fare_DEL-CCU_AI_2026-09-23_T+7_1789528445709_8jz9,DEL-CCU,EaseMyTrip,AI,AI-879,2026-09-23,T+7,10489,2303,12792,2026-09-16T02:54:47.851Z,FALSE,"",06:40,FALSE
fare_DEL-CCU_6E_2026-09-23_T+7_1789528445709_8irg,DEL-CCU,EaseMyTrip,6E,6E-5041,2026-09-23,T+7,10822,2375,13197,2026-09-16T02:54:47.851Z,FALSE,"",15:10,FALSE
fare_DEL-CCU_QP_2026-09-23_T+7_1789528445709_bwdc,DEL-CCU,EaseMyTrip,QP,QP-1940,2026-09-23,T+7,11033,2422,13455,2026-09-16T02:54:47.851Z,FALSE,"",14:05,FALSE
fare_DEL-CCU_AI_2026-09-23_T+7_1789528445709_acow,DEL-CCU,EaseMyTrip,AI,AI-2767,2026-09-23,T+7,11334,2488,13822,2026-09-16T02:54:47.851Z,FALSE,"",13:00,TRUE
fare_DEL-CCU_SG_2026-09-23_T+7_1789528445709_0apl,DEL-CCU,EaseMyTrip,SG,SG-264,2026-09-23,T+7,11516,2528,14044,2026-09-16T02:54:47.851Z,FALSE,"",20:10,TRUE
fare_DEL-CCU_SG_2026-09-23_T+7_1789528445709_ni1i,DEL-CCU,EaseMyTrip,SG,SG-563,2026-09-23,T+7,11516,2528,14044,2026-09-16T02:54:47.851Z,FALSE,"",20:10,TRUE
fare_DEL-CCU_IX_2026-09-23_T+7_1789528445709_73v8,DEL-CCU,EaseMyTrip,IX,IX-5975,2026-09-23,T+7,13125,2881,16006,2026-09-16T02:54:47.851Z,FALSE,"",21:00,FALSE
fare_DEL-CCU_IX_2026-09-23_T+7_1789528445709_4kxk,DEL-CCU,EaseMyTrip,IX,IX-1070,2026-09-23,T+7,13125,2881,16006,2026-09-16T02:54:47.851Z,FALSE,"",18:40,FALSE
fare_DEL-CCU_IX_2026-09-23_T+7_1789528445709_weu7,DEL-CCU,EaseMyTrip,IX,IX-1230,2026-09-23,T+7,12851,2821,15672,2026-09-16T02:54:47.851Z,FALSE,"",04:40,FALSE
fare_DEL-CCU_AI_2026-09-23_T+7_1789528445709_k8h0,DEL-CCU,EaseMyTrip,AI,AI-537,2026-09-23,T+7,13518,2967,16485,2026-09-16T02:54:47.851Z,FALSE,"",15:45,FALSE
fare_DEL-CCU_AI_2026-09-23_T+7_1789528445709_sop6,DEL-CCU,EaseMyTrip,AI,AI-2817,2026-09-23,T+7,13765,3021,16786,2026-09-16T02:54:47.851Z,FALSE,"",16:30,FALSE
fare_DEL-CCU_AI_2026-09-23_T+7_1789528445709_p6jb,DEL-CCU,EaseMyTrip,AI,AI-2664,2026-09-23,T+7,13765,3021,16786,2026-09-16T02:54:47.851Z,FALSE,"",15:50,FALSE
fare_DEL-CCU_AI_2026-09-23_T+7_1789528445709_yxuo,DEL-CCU,EaseMyTrip,AI,AI-2819,2026-09-23,T+7,13765,3021,16786,2026-09-16T02:54:47.851Z,FALSE,"",15:00,FALSE
fare_DEL-CCU_AI_2026-09-23_T+7_1789528445709_ts90,DEL-CCU,EaseMyTrip,AI,AI-2417,2026-09-23,T+7,13765,3021,16786,2026-09-16T02:54:47.851Z,FALSE,"",13:00,FALSE
fare_DEL-CCU_AI_2026-09-23_T+7_1789528445709_ym8m,DEL-CCU,EaseMyTrip,AI,AI-2487,2026-09-23,T+7,13979,3069,17048,2026-09-16T02:54:47.851Z,FALSE,"",18:30,FALSE
fare_DEL-CCU_AI_2026-09-23_T+7_1789528445709_9414,DEL-CCU,EaseMyTrip,AI,AI-2757,2026-09-23,T+7,14109,3097,17206,2026-09-16T02:54:47.851Z,FALSE,"",00:15,FALSE
fare_DEL-CCU_6E_2026-09-23_T+7_1789528445709_eum3,DEL-CCU,EaseMyTrip,6E,6E-5038,2026-09-23,T+7,14122,3100,17222,2026-09-16T02:54:47.851Z,FALSE,"",14:00,FALSE
fare_DEL-CCU_AI_2026-09-23_T+7_1789528445709_82ra,DEL-CCU,EaseMyTrip,AI,AI-2525,2026-09-23,T+7,15004,3294,18298,2026-09-16T02:54:47.851Z,TRUE,"High outlier: ₹18298 > upper fence ₹17395 (Q3: ₹11710, IQR: ₹3790)",06:00,FALSE
fare_DEL-CCU_AI_2026-09-23_T+7_1789528445709_bwpi,DEL-CCU,EaseMyTrip,AI,AI-2483,2026-09-23,T+7,16887,3707,20594,2026-09-16T02:54:47.851Z,TRUE,"High outlier: ₹20594 > upper fence ₹17395 (Q3: ₹11710, IQR: ₹3790)",12:20,FALSE
fare_DEL-CCU_AI_2026-09-23_T+7_1789528445709_0kfq,DEL-CCU,EaseMyTrip,AI,AI-2815,2026-09-23,T+7,17512,3844,21356,2026-09-16T02:54:47.851Z,TRUE,"High outlier: ₹21356 > upper fence ₹17395 (Q3: ₹11710, IQR: ₹3790)",07:00,FALSE
fare_DEL-CCU_AI_2026-09-23_T+7_1789528445709_t3s5,DEL-CCU,EaseMyTrip,AI,AI-2803,2026-09-23,T+7,17512,3844,21356,2026-09-16T02:54:47.851Z,TRUE,"High outlier: ₹21356 > upper fence ₹17395 (Q3: ₹11710, IQR: ₹3790)",06:30,FALSE
fare_DEL-CCU_AI_2026-09-23_T+7_1789528445709_ejv5,DEL-CCU,EaseMyTrip,AI,AI-2409,2026-09-23,T+7,17512,3844,21356,2026-09-16T02:54:47.851Z,TRUE,"High outlier: ₹21356 > upper fence ₹17395 (Q3: ₹11710, IQR: ₹3790)",06:00,FALSE
fare_DEL-CCU_AI_2026-09-23_T+7_1789528445709_ui90,DEL-CCU,EaseMyTrip,AI,AI-2653,2026-09-23,T+7,17512,3844,21356,2026-09-16T02:54:47.851Z,TRUE,"High outlier: ₹21356 > upper fence ₹17395 (Q3: ₹11710, IQR: ₹3790)",04:30,FALSE
fare_DEL-GAU_IX_2026-10-01_T+15_1789528445709_ifgz,DEL-GAU,EaseMyTrip,IX,IX-1041,2026-10-01,T+15,6740,1480,8220,2026-09-16T02:56:48.528Z,FALSE,"",18:15,TRUE
fare_DEL-GAU_IX_2026-10-01_T+15_1789528445709_dltd,DEL-GAU,EaseMyTrip,IX,IX-1671,2026-10-01,T+15,6740,1480,8220,2026-09-16T02:56:48.528Z,FALSE,"",19:55,TRUE
fare_DEL-GAU_IX_2026-10-01_T+15_1789528445709_6zwa,DEL-GAU,EaseMyTrip,IX,IX-1069,2026-10-01,T+15,6904,1516,8420,2026-09-16T02:56:48.528Z,FALSE,"",10:45,TRUE
fare_DEL-GAU_6E_2026-10-01_T+15_1789528445709_4qss,DEL-GAU,EaseMyTrip,6E,6E-734,2026-10-01,T+15,6715,1474,8189,2026-09-16T02:56:48.528Z,FALSE,"",02:45,FALSE
fare_DEL-GAU_6E_2026-10-01_T+15_1789528445709_loto,DEL-GAU,EaseMyTrip,6E,6E-715,2026-10-01,T+15,6715,1474,8189,2026-09-16T02:56:48.528Z,FALSE,"",02:45,FALSE
fare_DEL-GAU_6E_2026-10-01_T+15_1789528445709_17a0,DEL-GAU,EaseMyTrip,6E,6E-6415,2026-10-01,T+15,6715,1474,8189,2026-09-16T02:56:48.528Z,FALSE,"",16:00,FALSE
fare_DEL-GAU_6E_2026-10-01_T+15_1789528445709_u6vk,DEL-GAU,EaseMyTrip,6E,6E-5191,2026-10-01,T+15,6715,1474,8189,2026-09-16T02:56:48.528Z,FALSE,"",05:00,FALSE
fare_DEL-GAU_6E_2026-10-01_T+15_1789528445709_tkk8,DEL-GAU,EaseMyTrip,6E,6E-479,2026-10-01,T+15,6715,1474,8189,2026-09-16T02:56:48.528Z,FALSE,"",07:20,FALSE
fare_DEL-GAU_6E_2026-10-01_T+15_1789528445709_uig3,DEL-GAU,EaseMyTrip,6E,6E-976,2026-10-01,T+15,6715,1474,8189,2026-09-16T02:56:48.528Z,FALSE,"",07:20,FALSE
fare_DEL-GAU_6E_2026-10-01_T+15_1789528445709_495p,DEL-GAU,EaseMyTrip,6E,6E-140,2026-10-01,T+15,6715,1474,8189,2026-09-16T02:56:48.528Z,FALSE,"",14:25,FALSE
fare_DEL-GAU_6E_2026-10-01_T+15_1789528445709_wzxm,DEL-GAU,EaseMyTrip,6E,6E-458,2026-10-01,T+15,6715,1474,8189,2026-09-16T02:56:48.528Z,FALSE,"",14:25,FALSE
fare_DEL-GAU_6E_2026-10-01_T+15_1789528445709_cmqx,DEL-GAU,EaseMyTrip,6E,6E-213,2026-10-01,T+15,6715,1474,8189,2026-09-16T02:56:48.528Z,FALSE,"",02:45,FALSE
fare_DEL-GAU_6E_2026-10-01_T+15_1789528445709_jafq,DEL-GAU,EaseMyTrip,6E,6E-250,2026-10-01,T+15,6715,1474,8189,2026-09-16T02:56:48.528Z,FALSE,"",02:45,FALSE
fare_DEL-GAU_6E_2026-10-01_T+15_1789528445709_etzm,DEL-GAU,EaseMyTrip,6E,6E-717,2026-10-01,T+15,6715,1474,8189,2026-09-16T02:56:48.528Z,FALSE,"",23:30,FALSE
fare_DEL-GAU_6E_2026-10-01_T+15_1789528445709_yiwa,DEL-GAU,EaseMyTrip,6E,6E-275,2026-10-01,T+15,6715,1474,8189,2026-09-16T02:56:48.528Z,FALSE,"",23:30,FALSE
fare_DEL-GAU_6E_2026-10-01_T+15_1789528445709_t9nn,DEL-GAU,EaseMyTrip,6E,6E-239,2026-10-01,T+15,6715,1474,8189,2026-09-16T02:56:48.528Z,FALSE,"",12:45,FALSE
fare_DEL-GAU_6E_2026-10-01_T+15_1789528445709_pf9c,DEL-GAU,EaseMyTrip,6E,6E-401,2026-10-01,T+15,6715,1474,8189,2026-09-16T02:56:48.528Z,FALSE,"",12:45,FALSE
fare_DEL-GAU_6E_2026-10-01_T+15_1789528445709_q9zi,DEL-GAU,EaseMyTrip,6E,6E-860,2026-10-01,T+15,6715,1474,8189,2026-09-16T02:56:48.528Z,FALSE,"",08:30,FALSE
fare_DEL-GAU_6E_2026-10-01_T+15_1789528445709_avd9,DEL-GAU,EaseMyTrip,6E,6E-100,2026-10-01,T+15,6715,1474,8189,2026-09-16T02:56:48.528Z,FALSE,"",08:30,FALSE
fare_DEL-GAU_6E_2026-10-01_T+15_1789528445709_63g6,DEL-GAU,EaseMyTrip,6E,6E-183,2026-10-01,T+15,6715,1474,8189,2026-09-16T02:56:48.528Z,FALSE,"",02:45,FALSE
fare_DEL-GAU_6E_2026-10-01_T+15_1789528445709_ytms,DEL-GAU,EaseMyTrip,6E,6E-375,2026-10-01,T+15,6715,1474,8189,2026-09-16T02:56:48.528Z,FALSE,"",02:45,FALSE
fare_DEL-GAU_6E_2026-10-01_T+15_1789528445709_jyuf,DEL-GAU,EaseMyTrip,6E,6E-740,2026-10-01,T+15,6715,1474,8189,2026-09-16T02:56:48.528Z,FALSE,"",07:20,FALSE
fare_DEL-GAU_6E_2026-10-01_T+15_1789528445709_lozx,DEL-GAU,EaseMyTrip,6E,6E-101,2026-10-01,T+15,6715,1474,8189,2026-09-16T02:56:48.528Z,FALSE,"",07:20,FALSE
fare_DEL-GAU_6E_2026-10-01_T+15_1789528445709_cng3,DEL-GAU,EaseMyTrip,6E,6E-902,2026-10-01,T+15,6715,1474,8189,2026-09-16T02:56:48.528Z,FALSE,"",10:15,FALSE
fare_DEL-GAU_6E_2026-10-01_T+15_1789528445709_mx2c,DEL-GAU,EaseMyTrip,6E,6E-831,2026-10-01,T+15,6715,1474,8189,2026-09-16T02:56:48.528Z,FALSE,"",10:15,FALSE
fare_DEL-GAU_6E_2026-10-01_T+15_1789528445709_0xr4,DEL-GAU,EaseMyTrip,6E,6E-966,2026-10-01,T+15,6715,1474,8189,2026-09-16T02:56:48.528Z,FALSE,"",23:30,FALSE
fare_DEL-GAU_6E_2026-10-01_T+15_1789528445709_e8a2,DEL-GAU,EaseMyTrip,6E,6E-865,2026-10-01,T+15,6715,1474,8189,2026-09-16T02:56:48.528Z,FALSE,"",23:30,FALSE
fare_DEL-GAU_6E_2026-10-01_T+15_1789528445709_z0mr,DEL-GAU,EaseMyTrip,6E,6E-6048,2026-10-01,T+15,6740,1480,8220,2026-09-16T02:56:48.528Z,FALSE,"",20:00,TRUE
fare_DEL-GAU_IX_2026-10-01_T+15_1789528445709_kpjb,DEL-GAU,EaseMyTrip,IX,IX-1085,2026-10-01,T+15,7060,1550,8610,2026-09-16T02:56:48.528Z,FALSE,"",12:55,TRUE
fare_DEL-GAU_6E_2026-10-01_T+15_1789528445709_80tk,DEL-GAU,EaseMyTrip,6E,6E-2316,2026-10-01,T+15,6904,1516,8420,2026-09-16T02:56:48.528Z,FALSE,"",17:30,TRUE
fare_DEL-GAU_6E_2026-10-01_T+15_1789528445709_5391,DEL-GAU,EaseMyTrip,6E,6E-6211,2026-10-01,T+15,6961,1528,8489,2026-09-16T02:56:48.528Z,FALSE,"",09:10,FALSE
fare_DEL-GAU_AI_2026-10-01_T+15_1789528445709_k0do,DEL-GAU,EaseMyTrip,AI,AI-1755,2026-10-01,T+15,7150,1570,8720,2026-09-16T02:56:48.528Z,FALSE,"",14:30,TRUE
fare_DEL-GAU_IX_2026-10-01_T+15_1789528445709_b9bb,DEL-GAU,EaseMyTrip,IX,IX-1032,2026-10-01,T+15,7306,1604,8910,2026-09-16T02:56:48.528Z,FALSE,"",05:45,TRUE
fare_DEL-GAU_6E_2026-10-01_T+15_1789528445709_mu1o,DEL-GAU,EaseMyTrip,6E,6E-5041,2026-10-01,T+15,7068,1552,8620,2026-09-16T02:56:48.528Z,FALSE,"",15:10,TRUE
fare_DEL-GAU_6E_2026-10-01_T+15_1789528445709_dcr2,DEL-GAU,EaseMyTrip,6E,6E-484,2026-10-01,T+15,7214,1584,8798,2026-09-16T02:56:48.528Z,FALSE,"",12:45,FALSE
fare_DEL-GAU_6E_2026-10-01_T+15_1789528445709_3c84,DEL-GAU,EaseMyTrip,6E,6E-394,2026-10-01,T+15,7214,1584,8798,2026-09-16T02:56:48.528Z,FALSE,"",12:45,FALSE
fare_DEL-GAU_6E_2026-10-01_T+15_1789528445709_sxr1,DEL-GAU,EaseMyTrip,6E,6E-365,2026-10-01,T+15,7214,1584,8798,2026-09-16T02:56:48.528Z,FALSE,"",10:15,FALSE
fare_DEL-GAU_6E_2026-10-01_T+15_1789528445709_dzsg,DEL-GAU,EaseMyTrip,6E,6E-221,2026-10-01,T+15,7214,1584,8798,2026-09-16T02:56:48.528Z,FALSE,"",10:15,FALSE
fare_DEL-GAU_6E_2026-10-01_T+15_1789528445709_p7kf,DEL-GAU,EaseMyTrip,6E,6E-595,2026-10-01,T+15,7214,1584,8798,2026-09-16T02:56:48.528Z,FALSE,"",23:30,FALSE
fare_DEL-GAU_6E_2026-10-01_T+15_1789528445709_22fu,DEL-GAU,EaseMyTrip,6E,6E-524,2026-10-01,T+15,7214,1584,8798,2026-09-16T02:56:48.528Z,FALSE,"",23:30,FALSE
fare_DEL-GAU_IX_2026-10-01_T+15_1789528445709_1sh9,DEL-GAU,EaseMyTrip,IX,IX-1461,2026-10-01,T+15,7405,1626,9031,2026-09-16T02:56:48.528Z,FALSE,"",05:35,FALSE
fare_DEL-GAU_6E_2026-10-01_T+15_1789528445709_4tuf,DEL-GAU,EaseMyTrip,6E,6E-2589,2026-10-01,T+15,7306,1604,8910,2026-09-16T02:56:48.528Z,FALSE,"",15:05,FALSE
fare_DEL-GAU_6E_2026-10-01_T+15_1789528445709_kfj5,DEL-GAU,EaseMyTrip,6E,6E-2203,2026-10-01,T+15,7314,1606,8920,2026-09-16T02:56:48.528Z,FALSE,"",04:45,TRUE
fare_DEL-GAU_IX_2026-10-01_T+15_1789528445709_1gfp,DEL-GAU,EaseMyTrip,IX,IX-1035,2026-10-01,T+15,8044,1766,9810,2026-09-16T02:56:48.528Z,FALSE,"",08:10,TRUE
fare_DEL-GAU_AI_2026-10-01_T+15_1789528445709_vier,DEL-GAU,EaseMyTrip,AI,AI-879,2026-10-01,T+15,9098,1997,11095,2026-09-16T02:56:48.528Z,FALSE,"",06:40,TRUE
fare_DEL-GAU_6E_2026-10-01_T+15_1789528445709_0d5v,DEL-GAU,EaseMyTrip,6E,6E-5215,2026-10-01,T+15,9036,1984,11020,2026-09-16T02:56:48.528Z,FALSE,"",07:40,TRUE
fare_DEL-GAU_AI_2026-10-01_T+15_1789528445709_xth9,DEL-GAU,EaseMyTrip,AI,AI-2761,2026-10-01,T+15,9288,2039,11327,2026-09-16T02:56:48.528Z,FALSE,"",16:25,FALSE
fare_DEL-GAU_IX_2026-10-01_T+15_1789528445709_vys3,DEL-GAU,EaseMyTrip,IX,IX-1076,2026-10-01,T+15,9537,2094,11631,2026-09-16T02:56:48.528Z,FALSE,"",09:00,FALSE
fare_DEL-GAU_AI_2026-10-01_T+15_1789528445709_911i,DEL-GAU,EaseMyTrip,AI,AI-1719,2026-10-01,T+15,9546,2095,11641,2026-09-16T02:56:48.528Z,FALSE,"",11:55,FALSE
fare_DEL-GAU_AI_2026-10-01_T+15_1789528445709_ooy8,DEL-GAU,EaseMyTrip,AI,AI-2702,2026-10-01,T+15,10955,2405,13360,2026-09-16T02:56:48.528Z,FALSE,"",02:30,FALSE
fare_DEL-GAU_AI_2026-10-01_T+15_1789528445709_mlur,DEL-GAU,EaseMyTrip,AI,AI-1733,2026-10-01,T+15,11357,2493,13850,2026-09-16T02:56:48.528Z,FALSE,"",16:15,FALSE
fare_DEL-GAU_AI_2026-10-01_T+15_1789528445709_frx9,DEL-GAU,EaseMyTrip,AI,AI-2513,2026-10-01,T+15,11357,2493,13850,2026-09-16T02:56:48.528Z,FALSE,"",12:10,FALSE
fare_DEL-GAU_AI_2026-10-01_T+15_1789528445709_0ltc,DEL-GAU,EaseMyTrip,AI,AI-2705,2026-10-01,T+15,11357,2493,13850,2026-09-16T02:56:48.528Z,FALSE,"",07:30,FALSE
fare_DEL-GAU_AI_2026-10-01_T+15_1789528445709_k0zm,DEL-GAU,EaseMyTrip,AI,AI-2535,2026-10-01,T+15,11357,2493,13850,2026-09-16T02:56:48.528Z,FALSE,"",06:40,FALSE
fare_DEL-GAU_6E_2026-10-01_T+15_1789528445709_tq4v,DEL-GAU,EaseMyTrip,6E,6E-827,2026-10-01,T+15,11362,2494,13856,2026-09-16T02:56:48.528Z,FALSE,"",21:50,FALSE
fare_DEL-GAU_6E_2026-10-01_T+15_1789528445709_4iqz,DEL-GAU,EaseMyTrip,6E,6E-290,2026-10-01,T+15,11362,2494,13856,2026-09-16T02:56:48.528Z,FALSE,"",21:50,FALSE
fare_DEL-GAU_6E_2026-10-01_T+15_1789528445709_7l64,DEL-GAU,EaseMyTrip,6E,6E-547,2026-10-01,T+15,11362,2494,13856,2026-09-16T02:56:48.528Z,FALSE,"",21:50,FALSE
fare_DEL-GAU_AI_2026-10-01_T+15_1789528445709_6jhl,DEL-GAU,EaseMyTrip,AI,AI-2767,2026-10-01,T+15,11551,2535,14086,2026-09-16T02:56:48.528Z,FALSE,"",13:00,FALSE
fare_DEL-GAU_AI_2026-10-01_T+15_1789528445709_29kj,DEL-GAU,EaseMyTrip,AI,AI-2707,2026-10-01,T+15,11563,2538,14101,2026-09-16T02:56:48.528Z,FALSE,"",18:00,FALSE
fare_DEL-GAU_AI_2026-10-01_T+15_1789528445709_ty0d,DEL-GAU,EaseMyTrip,AI,AI-1714,2026-10-01,T+15,11763,2582,14345,2026-09-16T02:56:48.528Z,FALSE,"",21:00,FALSE
fare_DEL-GAU_AI_2026-10-01_T+15_1789528445709_8ta9,DEL-GAU,EaseMyTrip,AI,AI-2709,2026-10-01,T+15,11763,2582,14345,2026-09-16T02:56:48.528Z,FALSE,"",19:40,FALSE
fare_DEL-GAU_AI_2026-10-01_T+15_1789528445709_6xqk,DEL-GAU,EaseMyTrip,AI,AI-1791,2026-10-01,T+15,11763,2582,14345,2026-09-16T02:56:48.528Z,FALSE,"",09:55,FALSE
fare_DEL-GAU_QP_2026-10-01_T+15_1789528445709_oaij,DEL-GAU,EaseMyTrip,QP,QP-1110,2026-10-01,T+15,12688,2785,15473,2026-09-16T02:56:48.528Z,FALSE,"",10:00,FALSE
fare_DEL-GAU_QP_2026-10-01_T+15_1789528445709_gomd,DEL-GAU,EaseMyTrip,QP,QP-1119,2026-10-01,T+15,12688,2785,15473,2026-09-16T02:56:48.528Z,FALSE,"",08:40,FALSE
fare_DEL-GAU_AI_2026-10-01_T+15_1789528445710_dkn2,DEL-GAU,EaseMyTrip,AI,AI-2803,2026-10-01,T+15,16762,3679,20441,2026-09-16T02:56:48.528Z,FALSE,"",06:30,FALSE
fare_DEL-GAU_AI_2026-10-01_T+15_1789528445710_dlzk,DEL-GAU,EaseMyTrip,AI,AI-2653,2026-10-01,T+15,16762,3679,20441,2026-09-16T02:56:48.528Z,FALSE,"",04:30,FALSE
fare_DEL-GAU_AI_2026-10-01_T+15_1789528445710_p43m,DEL-GAU,EaseMyTrip,AI,AI-2833,2026-10-01,T+15,16844,3697,20541,2026-09-16T02:56:48.528Z,FALSE,"",07:30,FALSE
fare_DEL-GAU_AI_2026-10-01_T+15_1789528445710_6iyl,DEL-GAU,EaseMyTrip,AI,AI-2525,2026-10-01,T+15,16844,3697,20541,2026-09-16T02:56:48.528Z,FALSE,"",06:00,FALSE
fare_DEL-GAU_AI_2026-10-01_T+15_1789528445710_tn2u,DEL-GAU,EaseMyTrip,AI,AI-2757,2026-10-01,T+15,16966,3724,20690,2026-09-16T02:56:48.528Z,FALSE,"",00:15,FALSE
fare_DEL-GAU_AI_2026-10-01_T+15_1789528445710_vn4f,DEL-GAU,EaseMyTrip,AI,AI-427,2026-10-01,T+15,17200,3776,20976,2026-09-16T02:56:48.528Z,FALSE,"",08:30,FALSE
fare_DEL-GAU_AI_2026-10-01_T+15_1789528445710_9xgf,DEL-GAU,EaseMyTrip,AI,AI-2485,2026-10-01,T+15,18378,4034,22412,2026-09-16T02:56:48.528Z,FALSE,"",10:30,FALSE
fare_DEL-GAU_AI_2026-10-01_T+15_1789528445710_t0ag,DEL-GAU,EaseMyTrip,AI,AI-2415,2026-10-01,T+15,18378,4034,22412,2026-09-16T02:56:48.528Z,FALSE,"",09:30,FALSE
fare_DEL-GAU_AI_2026-10-01_T+15_1789528445710_76dx,DEL-GAU,EaseMyTrip,AI,AI-2815,2026-10-01,T+15,18812,4130,22942,2026-09-16T02:56:48.528Z,FALSE,"",07:00,FALSE
fare_DEL-GAU_AI_2026-10-01_T+15_1789528445710_pa7k,DEL-GAU,EaseMyTrip,AI,AI-2819,2026-10-01,T+15,19722,4329,24051,2026-09-16T02:56:48.528Z,TRUE,"High outlier: ₹24051 > upper fence ₹23579 (Q3: ₹14345, IQR: ₹6156)",15:00,FALSE
fare_DEL-GAU_QP_2026-10-01_T+15_1789528445710_3k4n,DEL-GAU,EaseMyTrip,QP,QP-1812,2026-10-01,T+15,19687,4321,24008,2026-09-16T02:56:48.528Z,TRUE,"High outlier: ₹24008 > upper fence ₹23579 (Q3: ₹14345, IQR: ₹6156)",22:55,FALSE
fare_DEL-GAU_AI_2026-10-01_T+15_1789528445710_z6id,DEL-GAU,EaseMyTrip,AI,AI-2813,2026-10-01,T+15,19951,4380,24331,2026-09-16T02:56:48.528Z,TRUE,"High outlier: ₹24331 > upper fence ₹23579 (Q3: ₹14345, IQR: ₹6156)",18:00,FALSE
fare_DEL-GAU_AI_2026-10-01_T+15_1789528445710_i554,DEL-GAU,EaseMyTrip,AI,AI-2817,2026-10-01,T+15,19951,4380,24331,2026-09-16T02:56:48.528Z,TRUE,"High outlier: ₹24331 > upper fence ₹23579 (Q3: ₹14345, IQR: ₹6156)",16:30,FALSE
fare_DEL-GAU_AI_2026-10-01_T+15_1789528445710_q0yt,DEL-GAU,EaseMyTrip,AI,AI-2664,2026-10-01,T+15,19951,4380,24331,2026-09-16T02:56:48.528Z,TRUE,"High outlier: ₹24331 > upper fence ₹23579 (Q3: ₹14345, IQR: ₹6156)",15:50,FALSE
fare_DEL-GAU_AI_2026-10-01_T+15_1789528445710_qzaq,DEL-GAU,EaseMyTrip,AI,AI-2467,2026-10-01,T+15,20052,4402,24454,2026-09-16T02:56:48.528Z,TRUE,"High outlier: ₹24454 > upper fence ₹23579 (Q3: ₹14345, IQR: ₹6156)",10:00,FALSE
fare_DEL-GAU_AI_2026-10-01_T+15_1789528445710_237u,DEL-GAU,EaseMyTrip,AI,AI-2512,2026-10-01,T+15,20756,4556,25312,2026-09-16T02:56:48.528Z,TRUE,"High outlier: ₹25312 > upper fence ₹23579 (Q3: ₹14345, IQR: ₹6156)",19:00,FALSE
fare_DEL-GAU_AI_2026-10-01_T+15_1789528445710_n53x,DEL-GAU,EaseMyTrip,AI,AI-2487,2026-10-01,T+15,20756,4556,25312,2026-09-16T02:56:48.528Z,TRUE,"High outlier: ₹25312 > upper fence ₹23579 (Q3: ₹14345, IQR: ₹6156)",18:30,FALSE
fare_DEL-GAU_AI_2026-10-01_T+15_1789528445710_8ljb,DEL-GAU,EaseMyTrip,AI,AI-2809,2026-10-01,T+15,21920,4812,26732,2026-09-16T02:56:48.528Z,TRUE,"High outlier: ₹26732 > upper fence ₹23579 (Q3: ₹14345, IQR: ₹6156)",19:30,FALSE
fare_DEL-GAU_IX_2026-10-16_T+30_1789528445710_9rad,DEL-GAU,EaseMyTrip,IX,IX-1085,2026-10-16,T+30,8487,1863,10350,2026-09-16T02:56:54.914Z,TRUE,"Low outlier: ₹10350 < lower fence ₹21559 (Q1: ₹28790, IQR: ₹4821)",12:55,TRUE
fare_DEL-GAU_IX_2026-10-16_T+30_1789528445710_6925,DEL-GAU,EaseMyTrip,IX,IX-1041,2026-10-16,T+30,9020,1980,11000,2026-09-16T02:56:54.914Z,TRUE,"Low outlier: ₹11000 < lower fence ₹21559 (Q1: ₹28790, IQR: ₹4821)",18:15,TRUE
fare_DEL-GAU_IX_2026-10-16_T+30_1789528445710_p7xp,DEL-GAU,EaseMyTrip,IX,IX-1069,2026-10-16,T+30,9020,1980,11000,2026-09-16T02:56:54.914Z,TRUE,"Low outlier: ₹11000 < lower fence ₹21559 (Q1: ₹28790, IQR: ₹4821)",10:45,TRUE
fare_DEL-GAU_AI_2026-10-16_T+30_1789528445710_r1ke,DEL-GAU,EaseMyTrip,AI,AI-1719,2026-10-16,T+30,8997,1975,10972,2026-09-16T02:56:54.914Z,TRUE,"Low outlier: ₹10972 < lower fence ₹21559 (Q1: ₹28790, IQR: ₹4821)",11:55,FALSE
fare_DEL-GAU_AI_2026-10-16_T+30_1789528445710_n5f1,DEL-GAU,EaseMyTrip,AI,AI-2761,2026-10-16,T+30,9214,2023,11237,2026-09-16T02:56:54.914Z,TRUE,"Low outlier: ₹11237 < lower fence ₹21559 (Q1: ₹28790, IQR: ₹4821)",16:25,FALSE
fare_DEL-GAU_IX_2026-10-16_T+30_1789528445710_cl80,DEL-GAU,EaseMyTrip,IX,IX-1671,2026-10-16,T+30,9635,2115,11750,2026-09-16T02:56:54.914Z,TRUE,"Low outlier: ₹11750 < lower fence ₹21559 (Q1: ₹28790, IQR: ₹4821)",19:55,TRUE
fare_DEL-GAU_IX_2026-10-16_T+30_1789528445710_vfhd,DEL-GAU,EaseMyTrip,IX,IX-1032,2026-10-16,T+30,9635,2115,11750,2026-09-16T02:56:54.914Z,TRUE,"Low outlier: ₹11750 < lower fence ₹21559 (Q1: ₹28790, IQR: ₹4821)",05:45,TRUE
fare_DEL-GAU_IX_2026-10-16_T+30_1789528445710_c2ne,DEL-GAU,EaseMyTrip,IX,IX-1461,2026-10-16,T+30,9537,2094,11631,2026-09-16T02:56:54.914Z,TRUE,"Low outlier: ₹11631 < lower fence ₹21559 (Q1: ₹28790, IQR: ₹4821)",05:35,FALSE
fare_DEL-GAU_6E_2026-10-16_T+30_1789528445710_jkdo,DEL-GAU,EaseMyTrip,6E,6E-2316,2026-10-16,T+30,9651,2119,11770,2026-09-16T02:56:54.914Z,TRUE,"Low outlier: ₹11770 < lower fence ₹21559 (Q1: ₹28790, IQR: ₹4821)",17:30,TRUE
fare_DEL-GAU_IX_2026-10-16_T+30_1789528445710_3alg,DEL-GAU,EaseMyTrip,IX,IX-1035,2026-10-16,T+30,10332,2268,12600,2026-09-16T02:56:54.914Z,TRUE,"Low outlier: ₹12600 < lower fence ₹21559 (Q1: ₹28790, IQR: ₹4821)",07:30,TRUE
fare_DEL-GAU_6E_2026-10-16_T+30_1789528445710_45r2,DEL-GAU,EaseMyTrip,6E,6E-5215,2026-10-16,T+30,10348,2272,12620,2026-09-16T02:56:54.914Z,TRUE,"Low outlier: ₹12620 < lower fence ₹21559 (Q1: ₹28790, IQR: ₹4821)",07:40,TRUE
fare_DEL-GAU_6E_2026-10-16_T+30_1789528445710_jo8b,DEL-GAU,EaseMyTrip,6E,6E-5041,2026-10-16,T+30,11168,2452,13620,2026-09-16T02:56:54.914Z,TRUE,"Low outlier: ₹13620 < lower fence ₹21559 (Q1: ₹28790, IQR: ₹4821)",15:10,TRUE
fare_DEL-GAU_6E_2026-10-16_T+30_1789528445710_0o13,DEL-GAU,EaseMyTrip,6E,6E-6048,2026-10-16,T+30,11168,2452,13620,2026-09-16T02:56:54.914Z,TRUE,"Low outlier: ₹13620 < lower fence ₹21559 (Q1: ₹28790, IQR: ₹4821)",20:00,TRUE
fare_DEL-GAU_AI_2026-10-16_T+30_1789528445710_tlzo,DEL-GAU,EaseMyTrip,AI,AI-879,2026-10-16,T+30,11398,2502,13900,2026-09-16T02:56:54.914Z,TRUE,"Low outlier: ₹13900 < lower fence ₹21559 (Q1: ₹28790, IQR: ₹4821)",06:40,TRUE
fare_DEL-GAU_AI_2026-10-16_T+30_1789528445710_jbab,DEL-GAU,EaseMyTrip,AI,AI-1755,2026-10-16,T+30,11706,2569,14275,2026-09-16T02:56:54.914Z,TRUE,"Low outlier: ₹14275 < lower fence ₹21559 (Q1: ₹28790, IQR: ₹4821)",14:30,TRUE
fare_DEL-GAU_QP_2026-10-16_T+30_1789528445710_bgra,DEL-GAU,EaseMyTrip,QP,QP-1110,2026-10-16,T+30,12688,2785,15473,2026-09-16T02:56:54.914Z,TRUE,"Low outlier: ₹15473 < lower fence ₹21559 (Q1: ₹28790, IQR: ₹4821)",10:00,FALSE
fare_DEL-GAU_QP_2026-10-16_T+30_1789528445710_1jjf,DEL-GAU,EaseMyTrip,QP,QP-1119,2026-10-16,T+30,12688,2785,15473,2026-09-16T02:56:54.914Z,TRUE,"Low outlier: ₹15473 < lower fence ₹21559 (Q1: ₹28790, IQR: ₹4821)",08:40,FALSE
fare_DEL-GAU_QP_2026-10-16_T+30_1789528445710_0qjn,DEL-GAU,EaseMyTrip,QP,QP-1833,2026-10-16,T+30,12688,2785,15473,2026-09-16T02:56:54.914Z,TRUE,"Low outlier: ₹15473 < lower fence ₹21559 (Q1: ₹28790, IQR: ₹4821)",06:50,FALSE
fare_DEL-GAU_6E_2026-10-16_T+30_1789528445710_qzji,DEL-GAU,EaseMyTrip,6E,6E-2203,2026-10-16,T+30,15268,3352,18620,2026-09-16T02:56:54.914Z,TRUE,"Low outlier: ₹18620 < lower fence ₹21559 (Q1: ₹28790, IQR: ₹4821)",04:45,TRUE
fare_DEL-GAU_IX_2026-10-16_T+30_1789528445710_4ji8,DEL-GAU,EaseMyTrip,IX,IX-1076,2026-10-16,T+30,15769,3462,19231,2026-09-16T02:56:54.914Z,TRUE,"Low outlier: ₹19231 < lower fence ₹21559 (Q1: ₹28790, IQR: ₹4821)",09:00,FALSE
fare_DEL-GAU_AI_2026-10-16_T+30_1789528445710_u2bk,DEL-GAU,EaseMyTrip,AI,AI-2653,2026-10-16,T+30,23608,5182,28790,2026-09-16T02:56:54.914Z,FALSE,"",04:30,FALSE
fare_DEL-GAU_AI_2026-10-16_T+30_1789528445710_17i9,DEL-GAU,EaseMyTrip,AI,AI-2757,2026-10-16,T+30,23608,5182,28790,2026-09-16T02:56:54.914Z,FALSE,"",00:15,FALSE
fare_DEL-GAU_AI_2026-10-16_T+30_1789528445710_s7uu,DEL-GAU,EaseMyTrip,AI,AI-427,2026-10-16,T+30,23608,5182,28790,2026-09-16T02:56:54.914Z,FALSE,"",08:30,FALSE
fare_DEL-GAU_AI_2026-10-16_T+30_1789528445710_wiv4,DEL-GAU,EaseMyTrip,AI,AI-2815,2026-10-16,T+30,23608,5182,28790,2026-09-16T02:56:54.914Z,FALSE,"",07:00,FALSE
fare_DEL-GAU_AI_2026-10-16_T+30_1789528445710_q393,DEL-GAU,EaseMyTrip,AI,AI-2803,2026-10-16,T+30,23608,5182,28790,2026-09-16T02:56:54.914Z,FALSE,"",06:30,FALSE
fare_DEL-GAU_AI_2026-10-16_T+30_1789528445710_ppnf,DEL-GAU,EaseMyTrip,AI,AI-2409,2026-10-16,T+30,23608,5182,28790,2026-09-16T02:56:54.914Z,FALSE,"",06:00,FALSE
fare_DEL-GAU_6E_2026-10-16_T+30_1789528445710_j0iv,DEL-GAU,EaseMyTrip,6E,6E-5191,2026-10-16,T+30,23935,5254,29189,2026-09-16T02:56:54.914Z,FALSE,"",05:00,FALSE
fare_DEL-GAU_6E_2026-10-16_T+30_1789528445710_vz5a,DEL-GAU,EaseMyTrip,6E,6E-380,2026-10-16,T+30,23935,5254,29189,2026-09-16T02:56:54.914Z,FALSE,"",02:45,FALSE
fare_DEL-GAU_6E_2026-10-16_T+30_1789528445710_meal,DEL-GAU,EaseMyTrip,6E,6E-414,2026-10-16,T+30,23935,5254,29189,2026-09-16T02:56:54.914Z,FALSE,"",02:45,FALSE
fare_DEL-GAU_6E_2026-10-16_T+30_1789528445710_vsci,DEL-GAU,EaseMyTrip,6E,6E-350,2026-10-16,T+30,24058,5281,29339,2026-09-16T02:56:54.914Z,FALSE,"",12:45,FALSE
fare_DEL-GAU_6E_2026-10-16_T+30_1789528445710_eg1e,DEL-GAU,EaseMyTrip,6E,6E-916,2026-10-16,T+30,24058,5281,29339,2026-09-16T02:56:54.914Z,FALSE,"",12:45,FALSE
fare_DEL-GAU_6E_2026-10-16_T+30_1789528445710_p66h,DEL-GAU,EaseMyTrip,6E,6E-164,2026-10-16,T+30,24058,5281,29339,2026-09-16T02:56:54.914Z,FALSE,"",08:30,FALSE
fare_DEL-GAU_6E_2026-10-16_T+30_1789528445710_2ylc,DEL-GAU,EaseMyTrip,6E,6E-319,2026-10-16,T+30,24058,5281,29339,2026-09-16T02:56:54.914Z,FALSE,"",08:30,FALSE
fare_DEL-GAU_6E_2026-10-16_T+30_1789528445710_h5e7,DEL-GAU,EaseMyTrip,6E,6E-997,2026-10-16,T+30,24058,5281,29339,2026-09-16T02:56:54.914Z,FALSE,"",07:20,FALSE
fare_DEL-GAU_6E_2026-10-16_T+30_1789528445710_hpj7,DEL-GAU,EaseMyTrip,6E,6E-819,2026-10-16,T+30,24058,5281,29339,2026-09-16T02:56:54.914Z,FALSE,"",07:20,FALSE
fare_DEL-GAU_6E_2026-10-16_T+30_1789528445710_6d2c,DEL-GAU,EaseMyTrip,6E,6E-2589,2026-10-16,T+30,24198,5312,29510,2026-09-16T02:56:54.914Z,FALSE,"",15:05,FALSE
fare_DEL-GAU_6E_2026-10-16_T+30_1789528445710_3byz,DEL-GAU,EaseMyTrip,6E,6E-432,2026-10-16,T+30,24755,5434,30189,2026-09-16T02:56:54.914Z,FALSE,"",02:45,FALSE
fare_DEL-GAU_6E_2026-10-16_T+30_1789528445710_swju,DEL-GAU,EaseMyTrip,6E,6E-220,2026-10-16,T+30,24755,5434,30189,2026-09-16T02:56:54.914Z,FALSE,"",02:45,FALSE
fare_DEL-GAU_6E_2026-10-16_T+30_1789528445710_6x2c,DEL-GAU,EaseMyTrip,6E,6E-788,2026-10-16,T+30,24837,5452,30289,2026-09-16T02:56:54.914Z,FALSE,"",08:30,FALSE
fare_DEL-GAU_6E_2026-10-16_T+30_1789528445710_9lvy,DEL-GAU,EaseMyTrip,6E,6E-261,2026-10-16,T+30,24837,5452,30289,2026-09-16T02:56:54.914Z,FALSE,"",08:30,FALSE
fare_DEL-GAU_6E_2026-10-16_T+30_1789528445710_81xv,DEL-GAU,EaseMyTrip,6E,6E-904,2026-10-16,T+30,24837,5452,30289,2026-09-16T02:56:54.914Z,FALSE,"",07:20,FALSE
fare_DEL-GAU_6E_2026-10-16_T+30_1789528445710_vx6k,DEL-GAU,EaseMyTrip,6E,6E-346,2026-10-16,T+30,24837,5452,30289,2026-09-16T02:56:54.914Z,FALSE,"",07:20,FALSE
fare_DEL-GAU_AI_2026-10-16_T+30_1789528445710_6e5z,DEL-GAU,EaseMyTrip,AI,AI-2485,2026-10-16,T+30,25020,5492,30512,2026-09-16T02:56:54.914Z,FALSE,"",10:30,FALSE
fare_DEL-GAU_AI_2026-10-16_T+30_1789528445710_8s2f,DEL-GAU,EaseMyTrip,AI,AI-2415,2026-10-16,T+30,25020,5492,30512,2026-09-16T02:56:54.914Z,FALSE,"",09:30,FALSE
fare_DEL-GAU_AI_2026-10-16_T+30_1789528445710_4yro,DEL-GAU,EaseMyTrip,AI,AI-2664,2026-10-16,T+30,25020,5492,30512,2026-09-16T02:56:54.914Z,FALSE,"",15:50,FALSE
fare_DEL-GAU_6E_2026-10-16_T+30_1789528445710_zkx5,DEL-GAU,EaseMyTrip,6E,6E-870,2026-10-16,T+30,25042,5497,30539,2026-09-16T02:56:54.914Z,FALSE,"",10:15,FALSE
fare_DEL-GAU_6E_2026-10-16_T+30_1789528445710_xv5p,DEL-GAU,EaseMyTrip,6E,6E-336,2026-10-16,T+30,25042,5497,30539,2026-09-16T02:56:54.914Z,FALSE,"",10:15,FALSE
fare_DEL-GAU_AI_2026-10-16_T+30_1789528445710_reo8,DEL-GAU,EaseMyTrip,AI,AI-2813,2026-10-16,T+30,25454,5588,31042,2026-09-16T02:56:54.914Z,FALSE,"",18:00,FALSE
fare_DEL-GAU_AI_2026-10-16_T+30_1789528445710_q5r3,DEL-GAU,EaseMyTrip,AI,AI-2809,2026-10-16,T+30,25630,5626,31256,2026-09-16T02:56:54.914Z,FALSE,"",19:30,FALSE
fare_DEL-GAU_6E_2026-10-16_T+30_1789528445710_fxm3,DEL-GAU,EaseMyTrip,6E,6E-184,2026-10-16,T+30,25657,5632,31289,2026-09-16T02:56:54.914Z,FALSE,"",07:20,FALSE
fare_DEL-GAU_6E_2026-10-16_T+30_1789528445710_0twm,DEL-GAU,EaseMyTrip,6E,6E-628,2026-10-16,T+30,25657,5632,31289,2026-09-16T02:56:54.914Z,FALSE,"",07:20,FALSE
fare_DEL-GAU_AI_2026-10-16_T+30_1789528445710_txal,DEL-GAU,EaseMyTrip,AI,AI-2817,2026-10-16,T+30,26184,5748,31932,2026-09-16T02:56:54.914Z,FALSE,"",16:30,FALSE
fare_DEL-GAU_6E_2026-10-16_T+30_1789528445710_o2rk,DEL-GAU,EaseMyTrip,6E,6E-566,2026-10-16,T+30,26559,5830,32389,2026-09-16T02:56:54.914Z,FALSE,"",02:45,FALSE
fare_DEL-GAU_6E_2026-10-16_T+30_1789528445710_dkq9,DEL-GAU,EaseMyTrip,6E,6E-960,2026-10-16,T+30,26559,5830,32389,2026-09-16T02:56:54.914Z,FALSE,"",02:45,FALSE
fare_DEL-GAU_6E_2026-10-16_T+30_1789528445710_l7a2,DEL-GAU,EaseMyTrip,6E,6E-104,2026-10-16,T+30,26559,5830,32389,2026-09-16T02:56:54.914Z,FALSE,"",02:45,FALSE
fare_DEL-GAU_6E_2026-10-16_T+30_1789528445710_7cp1,DEL-GAU,EaseMyTrip,6E,6E-415,2026-10-16,T+30,26559,5830,32389,2026-09-16T02:56:54.914Z,FALSE,"",02:45,FALSE
fare_DEL-GAU_AI_2026-10-16_T+30_1789528445710_i070,DEL-GAU,EaseMyTrip,AI,AI-2833,2026-10-16,T+30,27561,6050,33611,2026-09-16T02:56:54.914Z,FALSE,"",07:30,FALSE
fare_DEL-GAU_AI_2026-10-16_T+30_1789528445710_5aoc,DEL-GAU,EaseMyTrip,AI,AI-2525,2026-10-16,T+30,27561,6050,33611,2026-09-16T02:56:54.914Z,FALSE,"",06:00,FALSE
fare_DEL-GAU_AI_2026-10-16_T+30_1789528445710_toq5,DEL-GAU,EaseMyTrip,AI,AI-537,2026-10-16,T+30,27561,6050,33611,2026-09-16T02:56:54.914Z,FALSE,"",15:45,FALSE
fare_DEL-GAU_AI_2026-10-16_T+30_1789528445710_8lx5,DEL-GAU,EaseMyTrip,AI,AI-2483,2026-10-16,T+30,27561,6050,33611,2026-09-16T02:56:54.914Z,FALSE,"",12:20,FALSE
fare_DEL-GAU_6E_2026-10-16_T+30_1789528445710_6xbu,DEL-GAU,EaseMyTrip,6E,6E-6415,2026-10-16,T+30,27461,6028,33489,2026-09-16T02:56:54.914Z,FALSE,"",16:00,FALSE
fare_DEL-GAU_6E_2026-10-16_T+30_1789528445710_uqma,DEL-GAU,EaseMyTrip,6E,6E-322,2026-10-16,T+30,27461,6028,33489,2026-09-16T02:56:54.914Z,FALSE,"",14:25,FALSE
fare_DEL-GAU_6E_2026-10-16_T+30_1789528445710_a9uj,DEL-GAU,EaseMyTrip,6E,6E-297,2026-10-16,T+30,27461,6028,33489,2026-09-16T02:56:54.914Z,FALSE,"",14:25,FALSE
fare_DEL-GAU_6E_2026-10-16_T+30_1789528445710_hhkx,DEL-GAU,EaseMyTrip,6E,6E-797,2026-10-16,T+30,27461,6028,33489,2026-09-16T02:56:54.914Z,FALSE,"",23:30,FALSE
fare_DEL-GAU_6E_2026-10-16_T+30_1789528445710_kt2x,DEL-GAU,EaseMyTrip,6E,6E-759,2026-10-16,T+30,27461,6028,33489,2026-09-16T02:56:54.914Z,FALSE,"",23:30,FALSE
fare_DEL-GAU_6E_2026-10-16_T+30_1789528445710_2f9y,DEL-GAU,EaseMyTrip,6E,6E-685,2026-10-16,T+30,27461,6028,33489,2026-09-16T02:56:54.914Z,FALSE,"",12:45,FALSE
fare_DEL-GAU_6E_2026-10-16_T+30_1789528445710_elyr,DEL-GAU,EaseMyTrip,6E,6E-130,2026-10-16,T+30,27461,6028,33489,2026-09-16T02:56:54.914Z,FALSE,"",12:45,FALSE
fare_DEL-GAU_6E_2026-10-16_T+30_1789528445710_mt8c,DEL-GAU,EaseMyTrip,6E,6E-272,2026-10-16,T+30,27461,6028,33489,2026-09-16T02:56:54.914Z,FALSE,"",23:30,FALSE
fare_DEL-GAU_6E_2026-10-16_T+30_1789528445710_4o40,DEL-GAU,EaseMyTrip,6E,6E-508,2026-10-16,T+30,27461,6028,33489,2026-09-16T02:56:54.914Z,FALSE,"",23:30,FALSE
fare_DEL-GAU_AI_2026-10-16_T+30_1789528445710_f5f1,DEL-GAU,EaseMyTrip,AI,AI-2837,2026-10-16,T+30,27772,6096,33868,2026-09-16T02:56:54.914Z,FALSE,"",18:00,FALSE
fare_DEL-GAU_AI_2026-10-16_T+30_1789528445710_ucru,DEL-GAU,EaseMyTrip,AI,AI-2835,2026-10-16,T+30,27911,6127,34038,2026-09-16T02:56:54.914Z,FALSE,"",19:30,FALSE
fare_DEL-GAU_AI_2026-10-16_T+30_1789528445710_8ie4,DEL-GAU,EaseMyTrip,AI,AI-2412,2026-10-16,T+30,27968,6139,34107,2026-09-16T02:56:54.914Z,FALSE,"",21:30,FALSE
fare_DEL-GAU_AI_2026-10-16_T+30_1789528445710_9cno,DEL-GAU,EaseMyTrip,AI,AI-2513,2026-10-16,T+30,28286,6209,34495,2026-09-16T02:56:54.914Z,FALSE,"",12:10,FALSE
fare_DEL-GAU_AI_2026-10-16_T+30_1789528445710_b8la,DEL-GAU,EaseMyTrip,AI,AI-2895,2026-10-16,T+30,28497,6256,34753,2026-09-16T02:56:54.914Z,FALSE,"",21:55,FALSE
fare_DEL-GAU_6E_2026-10-16_T+30_1789528445710_5nkf,DEL-GAU,EaseMyTrip,6E,6E-110,2026-10-16,T+30,28445,6244,34689,2026-09-16T02:56:54.914Z,FALSE,"",21:50,FALSE
fare_DEL-GAU_6E_2026-10-16_T+30_1789528445710_9pmj,DEL-GAU,EaseMyTrip,6E,6E-708,2026-10-16,T+30,28445,6244,34689,2026-09-16T02:56:54.914Z,FALSE,"",21:50,FALSE
fare_DEL-GAU_6E_2026-10-16_T+30_1789528445710_77cd,DEL-GAU,EaseMyTrip,6E,6E-660,2026-10-16,T+30,28445,6244,34689,2026-09-16T02:56:54.914Z,FALSE,"",10:15,FALSE
fare_DEL-GAU_6E_2026-10-16_T+30_1789528445710_fx4u,DEL-GAU,EaseMyTrip,6E,6E-556,2026-10-16,T+30,28445,6244,34689,2026-09-16T02:56:54.914Z,FALSE,"",10:15,FALSE
fare_DEL-GAU_AI_2026-10-16_T+30_1789528445710_68zg,DEL-GAU,EaseMyTrip,AI,AI-2709,2026-10-16,T+30,29185,6406,35591,2026-09-16T02:56:54.914Z,FALSE,"",19:40,FALSE
fare_DEL-GAU_AI_2026-10-16_T+30_1789528445710_mj1u,DEL-GAU,EaseMyTrip,AI,AI-2467,2026-10-16,T+30,29851,6553,36404,2026-09-16T02:56:54.914Z,FALSE,"",10:00,FALSE
fare_DEL-GAU_AI_2026-10-16_T+30_1789528445710_xf6y,DEL-GAU,EaseMyTrip,AI,AI-2705,2026-10-16,T+30,32064,7039,39103,2026-09-16T02:56:54.914Z,FALSE,"",07:30,FALSE
fare_DEL-GAU_AI_2026-10-16_T+30_1789528445710_05i3,DEL-GAU,EaseMyTrip,AI,AI-1714,2026-10-16,T+30,32064,7039,39103,2026-09-16T02:56:54.914Z,FALSE,"",21:00,FALSE
fare_DEL-GAU_AI_2026-10-16_T+30_1789528445710_feqx,DEL-GAU,EaseMyTrip,AI,AI-2512,2026-10-16,T+30,32477,7129,39606,2026-09-16T02:56:54.914Z,FALSE,"",19:00,FALSE
fare_DEL-GAU_AI_2026-10-16_T+30_1789528445710_ihsc,DEL-GAU,EaseMyTrip,AI,AI-2702,2026-10-16,T+30,33228,7294,40522,2026-09-16T02:56:54.914Z,FALSE,"",02:30,FALSE
fare_DEL-GAU_AI_2026-10-16_T+30_1789528445710_ynat,DEL-GAU,EaseMyTrip,AI,AI-2535,2026-10-16,T+30,33228,7294,40522,2026-09-16T02:56:54.914Z,FALSE,"",06:40,FALSE
fare_DEL-GAU_AI_2026-10-16_T+30_1789528445710_cdu3,DEL-GAU,EaseMyTrip,AI,AI-2707,2026-10-16,T+30,33228,7294,40522,2026-09-16T02:56:54.914Z,FALSE,"",18:00,FALSE
fare_DEL-GAU_AI_2026-10-16_T+30_1789528445710_mgqj,DEL-GAU,EaseMyTrip,AI,AI-1733,2026-10-16,T+30,33228,7294,40522,2026-09-16T02:56:54.914Z,FALSE,"",16:15,FALSE
fare_DEL-GAU_AI_2026-10-16_T+30_1789528445710_r1o6,DEL-GAU,EaseMyTrip,AI,AI-2487,2026-10-16,T+30,36839,8086,44925,2026-09-16T02:56:54.914Z,TRUE,"High outlier: ₹44925 > upper fence ₹40843 (Q3: ₹33611, IQR: ₹4821)",18:30,FALSE
fare_DEL-GAU_IX_2026-10-31_T+45_1789528445710_e21t,DEL-GAU,EaseMyTrip,IX,IX-1085,2026-10-31,T+45,6740,1480,8220,2026-09-16T02:57:00.544Z,FALSE,"",10:55,TRUE
fare_DEL-GAU_IX_2026-10-31_T+45_1789528445710_yyrj,DEL-GAU,EaseMyTrip,IX,IX-1043,2026-10-31,T+45,6740,1480,8220,2026-09-16T02:57:00.544Z,FALSE,"",18:00,TRUE
fare_DEL-GAU_IX_2026-10-31_T+45_1789528445710_dm4t,DEL-GAU,EaseMyTrip,IX,IX-1032,2026-10-31,T+45,6740,1480,8220,2026-09-16T02:57:00.544Z,FALSE,"",06:15,TRUE
fare_DEL-GAU_SG_2026-10-31_T+45_1789528445710_y6aa,DEL-GAU,EaseMyTrip,SG,SG-774,2026-10-31,T+45,6740,1479,8219,2026-09-16T02:57:00.544Z,FALSE,"",06:00,TRUE
fare_DEL-GAU_SG_2026-10-31_T+45_1789528445710_a0sv,DEL-GAU,EaseMyTrip,SG,SG-567,2026-10-31,T+45,6740,1479,8219,2026-09-16T02:57:00.544Z,FALSE,"",06:00,TRUE
fare_DEL-GAU_SG_2026-10-31_T+45_1789528445710_icca,DEL-GAU,EaseMyTrip,SG,SG-218,2026-10-31,T+45,6740,1479,8219,2026-09-16T02:57:00.544Z,FALSE,"",13:45,TRUE
fare_DEL-GAU_SG_2026-10-31_T+45_1789528445710_qhf0,DEL-GAU,EaseMyTrip,SG,SG-286,2026-10-31,T+45,6740,1479,8219,2026-09-16T02:57:00.544Z,FALSE,"",13:45,TRUE
fare_DEL-GAU_IX_2026-10-31_T+45_1789528445710_jden,DEL-GAU,EaseMyTrip,IX,IX-1041,2026-10-31,T+45,6904,1516,8420,2026-09-16T02:57:00.544Z,FALSE,"",15:10,TRUE
fare_DEL-GAU_IX_2026-10-31_T+45_1789528445710_lkt3,DEL-GAU,EaseMyTrip,IX,IX-1084,2026-10-31,T+45,6904,1516,8420,2026-09-16T02:57:00.544Z,FALSE,"",17:05,TRUE
fare_DEL-GAU_IX_2026-10-31_T+45_1789528445710_jrl0,DEL-GAU,EaseMyTrip,IX,IX-1672,2026-10-31,T+45,7060,1550,8610,2026-09-16T02:57:00.544Z,FALSE,"",07:15,TRUE
fare_DEL-GAU_6E_2026-10-31_T+45_1789528445710_yj45,DEL-GAU,EaseMyTrip,6E,6E-6211,2026-10-31,T+45,6961,1528,8489,2026-09-16T02:57:00.544Z,FALSE,"",06:25,FALSE
fare_DEL-GAU_6E_2026-10-31_T+45_1789528445710_8v46,DEL-GAU,EaseMyTrip,6E,6E-7624,2026-10-31,T+45,7064,1551,8615,2026-09-16T02:57:00.544Z,FALSE,"",05:50,FALSE
fare_DEL-GAU_AI_2026-10-31_T+45_1789528445710_hmjs,DEL-GAU,EaseMyTrip,AI,AI-879,2026-10-31,T+45,7314,1606,8920,2026-09-16T02:57:00.544Z,FALSE,"",06:40,TRUE
fare_DEL-GAU_6E_2026-10-31_T+45_1789528445710_za0f,DEL-GAU,EaseMyTrip,6E,6E-6048,2026-10-31,T+45,7314,1606,8920,2026-09-16T02:57:00.544Z,FALSE,"",06:30,TRUE
fare_DEL-GAU_6E_2026-10-31_T+45_1789528445710_gv3f,DEL-GAU,EaseMyTrip,6E,6E-6038,2026-10-31,T+45,7314,1606,8920,2026-09-16T02:57:00.544Z,FALSE,"",11:30,TRUE
fare_DEL-GAU_6E_2026-10-31_T+45_1789528445710_ytru,DEL-GAU,EaseMyTrip,6E,6E-331,2026-10-31,T+45,7314,1606,8920,2026-09-16T02:57:00.544Z,FALSE,"",05:10,TRUE
fare_DEL-GAU_6E_2026-10-31_T+45_1789528445710_71zc,DEL-GAU,EaseMyTrip,6E,6E-830,2026-10-31,T+45,7314,1606,8920,2026-09-16T02:57:00.544Z,FALSE,"",05:10,TRUE
fare_DEL-GAU_6E_2026-10-31_T+45_1789528445710_oqs3,DEL-GAU,EaseMyTrip,6E,6E-5041,2026-10-31,T+45,7642,1678,9320,2026-09-16T02:57:00.544Z,FALSE,"",15:25,TRUE
fare_DEL-GAU_AI_2026-10-31_T+45_1789528445710_nb07,DEL-GAU,EaseMyTrip,AI,AI-2947,2026-10-31,T+45,8090,1776,9866,2026-09-16T02:57:00.544Z,FALSE,"",14:40,TRUE
fare_DEL-GAU_6E_2026-10-31_T+45_1789528445710_09no,DEL-GAU,EaseMyTrip,6E,6E-2316,2026-10-31,T+45,8052,1768,9820,2026-09-16T02:57:00.544Z,FALSE,"",18:00,TRUE
fare_DEL-GAU_IX_2026-10-31_T+45_1789528445710_7ijj,DEL-GAU,EaseMyTrip,IX,IX-1461,2026-10-31,T+45,8650,1899,10549,2026-09-16T02:57:00.544Z,FALSE,"",07:15,FALSE
fare_DEL-GAU_QP_2026-10-31_T+45_1789528445710_vvji,DEL-GAU,EaseMyTrip,QP,QP-1112,2026-10-31,T+45,10030,2202,12232,2026-09-16T02:57:00.544Z,FALSE,"",10:00,FALSE
fare_DEL-GAU_AI_2026-10-31_T+45_1789528445710_apj4,DEL-GAU,EaseMyTrip,AI,AI-2545,2026-10-31,T+45,10385,2280,12665,2026-09-16T02:57:00.544Z,FALSE,"",11:00,FALSE
fare_DEL-GAU_AI_2026-10-31_T+45_1789528445710_3ngb,DEL-GAU,EaseMyTrip,AI,AI-2577,2026-10-31,T+45,10385,2280,12665,2026-09-16T02:57:00.544Z,FALSE,"",06:00,FALSE
fare_DEL-GAU_6E_2026-10-31_T+45_1789528445710_psj2,DEL-GAU,EaseMyTrip,6E,6E-2589,2026-10-31,T+45,10234,2247,12481,2026-09-16T02:57:00.544Z,FALSE,"",16:35,FALSE
fare_DEL-GAU_6E_2026-10-31_T+45_1789528445710_926d,DEL-GAU,EaseMyTrip,6E,6E-290,2026-10-31,T+45,10624,2332,12956,2026-09-16T02:57:00.544Z,FALSE,"",12:15,FALSE
fare_DEL-GAU_6E_2026-10-31_T+45_1789528445710_eqsc,DEL-GAU,EaseMyTrip,6E,6E-778,2026-10-31,T+45,10624,2332,12956,2026-09-16T02:57:00.544Z,FALSE,"",12:15,FALSE
fare_DEL-GAU_6E_2026-10-31_T+45_1789528445710_2zix,DEL-GAU,EaseMyTrip,6E,6E-348,2026-10-31,T+45,10624,2332,12956,2026-09-16T02:57:00.544Z,FALSE,"",10:30,FALSE
fare_DEL-GAU_6E_2026-10-31_T+45_1789528445710_ywjg,DEL-GAU,EaseMyTrip,6E,6E-683,2026-10-31,T+45,10624,2332,12956,2026-09-16T02:57:00.544Z,FALSE,"",10:30,FALSE
fare_DEL-GAU_6E_2026-10-31_T+45_1789528445710_uof5,DEL-GAU,EaseMyTrip,6E,6E-2192,2026-10-31,T+45,10624,2332,12956,2026-09-16T02:57:00.544Z,FALSE,"",08:30,FALSE
fare_DEL-GAU_6E_2026-10-31_T+45_1789528445710_ekd6,DEL-GAU,EaseMyTrip,6E,6E-732,2026-10-31,T+45,10624,2332,12956,2026-09-16T02:57:00.544Z,FALSE,"",12:15,FALSE
fare_DEL-GAU_6E_2026-10-31_T+45_1789528445710_5mkl,DEL-GAU,EaseMyTrip,6E,6E-975,2026-10-31,T+45,10624,2332,12956,2026-09-16T02:57:00.544Z,FALSE,"",12:15,FALSE
fare_DEL-GAU_6E_2026-10-31_T+45_1789528445710_21px,DEL-GAU,EaseMyTrip,6E,6E-743,2026-10-31,T+45,10624,2332,12956,2026-09-16T02:57:00.544Z,FALSE,"",06:15,FALSE
fare_DEL-GAU_6E_2026-10-31_T+45_1789528445710_z9kf,DEL-GAU,EaseMyTrip,6E,6E-837,2026-10-31,T+45,10624,2332,12956,2026-09-16T02:57:00.544Z,FALSE,"",06:15,FALSE
fare_DEL-GAU_6E_2026-10-31_T+45_1789528445710_t1mk,DEL-GAU,EaseMyTrip,6E,6E-547,2026-10-31,T+45,10624,2332,12956,2026-09-16T02:57:00.544Z,FALSE,"",10:30,FALSE
fare_DEL-GAU_6E_2026-10-31_T+45_1789528445710_2jn9,DEL-GAU,EaseMyTrip,6E,6E-651,2026-10-31,T+45,10624,2332,12956,2026-09-16T02:57:00.544Z,FALSE,"",10:30,FALSE
fare_DEL-GAU_IX_2026-10-31_T+45_1789528445710_u99o,DEL-GAU,EaseMyTrip,IX,IX-1197,2026-10-31,T+45,10952,2404,13356,2026-09-16T02:57:00.544Z,FALSE,"",20:50,FALSE
fare_DEL-GAU_6E_2026-10-31_T+45_1789528445710_u3vz,DEL-GAU,EaseMyTrip,6E,6E-169,2026-10-31,T+45,10829,2377,13206,2026-09-16T02:57:00.544Z,FALSE,"",12:15,FALSE
fare_DEL-GAU_6E_2026-10-31_T+45_1789528445710_uq4j,DEL-GAU,EaseMyTrip,6E,6E-751,2026-10-31,T+45,10829,2377,13206,2026-09-16T02:57:00.544Z,FALSE,"",12:15,FALSE
fare_DEL-GAU_6E_2026-10-31_T+45_1789528445710_mfkj,DEL-GAU,EaseMyTrip,6E,6E-476,2026-10-31,T+45,10829,2377,13206,2026-09-16T02:57:00.544Z,FALSE,"",12:15,FALSE
fare_DEL-GAU_6E_2026-10-31_T+45_1789528445710_dkmg,DEL-GAU,EaseMyTrip,6E,6E-406,2026-10-31,T+45,10829,2377,13206,2026-09-16T02:57:00.544Z,FALSE,"",12:15,FALSE
fare_DEL-GAU_6E_2026-10-31_T+45_1789528445710_bxxb,DEL-GAU,EaseMyTrip,6E,6E-104,2026-10-31,T+45,10829,2377,13206,2026-09-16T02:57:00.544Z,FALSE,"",10:30,FALSE
fare_DEL-GAU_6E_2026-10-31_T+45_1789528445710_av6r,DEL-GAU,EaseMyTrip,6E,6E-878,2026-10-31,T+45,10829,2377,13206,2026-09-16T02:57:00.544Z,FALSE,"",10:30,FALSE
fare_DEL-GAU_6E_2026-10-31_T+45_1789528445710_atfx,DEL-GAU,EaseMyTrip,6E,6E-912,2026-10-31,T+45,10829,2377,13206,2026-09-16T02:57:00.544Z,FALSE,"",06:15,FALSE
fare_DEL-GAU_6E_2026-10-31_T+45_1789528445710_28si,DEL-GAU,EaseMyTrip,6E,6E-413,2026-10-31,T+45,10829,2377,13206,2026-09-16T02:57:00.544Z,FALSE,"",06:15,FALSE
fare_DEL-GAU_6E_2026-10-31_T+45_1789528445710_vx7k,DEL-GAU,EaseMyTrip,6E,6E-795,2026-10-31,T+45,10829,2377,13206,2026-09-16T02:57:00.544Z,FALSE,"",10:30,FALSE
fare_DEL-GAU_6E_2026-10-31_T+45_1789528445710_98w6,DEL-GAU,EaseMyTrip,6E,6E-766,2026-10-31,T+45,10829,2377,13206,2026-09-16T02:57:00.544Z,FALSE,"",10:30,FALSE
fare_DEL-GAU_6E_2026-10-31_T+45_1789528445710_wjq0,DEL-GAU,EaseMyTrip,6E,6E-5191,2026-10-31,T+45,10829,2377,13206,2026-09-16T02:57:00.544Z,FALSE,"",04:45,FALSE
fare_DEL-GAU_AI_2026-10-31_T+45_1789528445710_7bkr,DEL-GAU,EaseMyTrip,AI,AI-2501,2026-10-31,T+45,11563,2538,14101,2026-09-16T02:57:00.544Z,FALSE,"",11:40,FALSE
fare_DEL-GAU_AI_2026-10-31_T+45_1789528445710_mu5b,DEL-GAU,EaseMyTrip,AI,AI-2597,2026-10-31,T+45,11563,2538,14101,2026-09-16T02:57:00.544Z,FALSE,"",09:30,FALSE
fare_DEL-GAU_IX_2026-10-31_T+45_1789528445710_mh7e,DEL-GAU,EaseMyTrip,IX,IX-1076,2026-10-31,T+45,11924,2618,14542,2026-09-16T02:57:00.544Z,FALSE,"",08:00,FALSE
fare_DEL-GAU_6E_2026-10-31_T+45_1789528445710_hw0x,DEL-GAU,EaseMyTrip,6E,6E-942,2026-10-31,T+45,12034,2641,14675,2026-09-16T02:57:00.544Z,FALSE,"",22:15,FALSE
fare_DEL-GAU_6E_2026-10-31_T+45_1789528445710_8xpq,DEL-GAU,EaseMyTrip,6E,6E-534,2026-10-31,T+45,12034,2641,14675,2026-09-16T02:57:00.544Z,FALSE,"",22:15,FALSE
fare_DEL-GAU_6E_2026-10-31_T+45_1789528445710_c2f3,DEL-GAU,EaseMyTrip,6E,6E-118,2026-10-31,T+45,12141,2665,14806,2026-09-16T02:57:00.544Z,FALSE,"",06:15,FALSE
fare_DEL-GAU_6E_2026-10-31_T+45_1789528445710_on2c,DEL-GAU,EaseMyTrip,6E,6E-553,2026-10-31,T+45,12141,2665,14806,2026-09-16T02:57:00.544Z,FALSE,"",06:15,FALSE
fare_DEL-GAU_6E_2026-10-31_T+45_1789528445710_t0e7,DEL-GAU,EaseMyTrip,6E,6E-613,2026-10-31,T+45,12141,2665,14806,2026-09-16T02:57:00.544Z,FALSE,"",03:00,FALSE
fare_DEL-GAU_6E_2026-10-31_T+45_1789528445710_6iwp,DEL-GAU,EaseMyTrip,6E,6E-311,2026-10-31,T+45,12141,2665,14806,2026-09-16T02:57:00.544Z,FALSE,"",03:00,FALSE
fare_DEL-GAU_6E_2026-10-31_T+45_1789528445710_cpdv,DEL-GAU,EaseMyTrip,6E,6E-915,2026-10-31,T+45,12633,2773,15406,2026-09-16T02:57:00.544Z,FALSE,"",03:00,FALSE
fare_DEL-GAU_6E_2026-10-31_T+45_1789528445710_4i17,DEL-GAU,EaseMyTrip,6E,6E-464,2026-10-31,T+45,12633,2773,15406,2026-09-16T02:57:00.544Z,FALSE,"",03:00,FALSE
fare_DEL-GAU_AI_2026-10-31_T+45_1789528445710_d7f6,DEL-GAU,EaseMyTrip,AI,AI-2727,2026-10-31,T+45,13431,2948,16379,2026-09-16T02:57:00.544Z,FALSE,"",21:40,FALSE
fare_DEL-GAU_AI_2026-10-31_T+45_1789528445710_jsp0,DEL-GAU,EaseMyTrip,AI,AI-2707,2026-10-31,T+45,14265,3131,17396,2026-09-16T02:57:00.544Z,FALSE,"",18:00,FALSE
fare_DEL-GAU_QP_2026-10-31_T+45_1789528445710_6ic2,DEL-GAU,EaseMyTrip,QP,QP-1302,2026-10-31,T+45,14263,3131,17394,2026-09-16T02:57:00.544Z,FALSE,"",08:40,FALSE
fare_DEL-GAU_AI_2026-10-31_T+45_1789528445710_pr95,DEL-GAU,EaseMyTrip,AI,AI-2553,2026-10-31,T+45,14458,3174,17632,2026-09-16T02:57:00.544Z,FALSE,"",16:15,FALSE
fare_DEL-GAU_6E_2026-10-31_T+45_1789528445710_qlor,DEL-GAU,EaseMyTrip,6E,6E-6415,2026-10-31,T+45,15120,3319,18439,2026-09-16T02:57:00.544Z,FALSE,"",15:30,FALSE
fare_DEL-GAU_6E_2026-10-31_T+45_1789528445710_dv84,DEL-GAU,EaseMyTrip,6E,6E-2327,2026-10-31,T+45,15120,3319,18439,2026-09-16T02:57:00.544Z,FALSE,"",13:35,FALSE
fare_DEL-GAU_AI_2026-10-31_T+45_1789528445710_v5lj,DEL-GAU,EaseMyTrip,AI,AI-2705,2026-10-31,T+45,15410,3383,18793,2026-09-16T02:57:00.544Z,FALSE,"",06:45,FALSE
fare_DEL-GAU_6E_2026-10-31_T+45_1789528445710_yj2y,DEL-GAU,EaseMyTrip,6E,6E-624,2026-10-31,T+45,15325,3364,18689,2026-09-16T02:57:00.544Z,FALSE,"",23:45,FALSE
fare_DEL-GAU_6E_2026-10-31_T+45_1789528445710_5ssa,DEL-GAU,EaseMyTrip,6E,6E-806,2026-10-31,T+45,15325,3364,18689,2026-09-16T02:57:00.544Z,FALSE,"",23:45,FALSE
fare_DEL-GAU_QP_2026-10-31_T+45_1789528445710_ds36,DEL-GAU,EaseMyTrip,QP,QP-1812,2026-10-31,T+45,16029,3518,19547,2026-09-16T02:57:00.544Z,FALSE,"",22:55,FALSE
fare_DEL-GAU_AI_2026-10-31_T+45_1789528445710_qvtl,DEL-GAU,EaseMyTrip,AI,AI-2809,2026-10-31,T+45,16351,3589,19940,2026-09-16T02:57:00.544Z,FALSE,"",20:30,FALSE
fare_DEL-GAU_AI_2026-10-31_T+45_1789528445710_zm45,DEL-GAU,EaseMyTrip,AI,AI-427,2026-10-31,T+45,16489,3620,20109,2026-09-16T02:57:00.544Z,FALSE,"",08:35,FALSE
fare_DEL-GAU_AI_2026-10-31_T+45_1789528445710_medx,DEL-GAU,EaseMyTrip,AI,AI-2409,2026-10-31,T+45,16585,3641,20226,2026-09-16T02:57:00.544Z,FALSE,"",06:00,FALSE
fare_DEL-GAU_AI_2026-10-31_T+45_1789528445710_l5r8,DEL-GAU,EaseMyTrip,AI,AI-2757,2026-10-31,T+45,16585,3641,20226,2026-09-16T02:57:00.544Z,FALSE,"",00:15,FALSE
fare_DEL-GAU_AI_2026-10-31_T+45_1789528445710_otwm,DEL-GAU,EaseMyTrip,AI,AI-2512,2026-10-31,T+45,16585,3641,20226,2026-09-16T02:57:00.544Z,FALSE,"",19:30,FALSE
fare_DEL-GAU_AI_2026-10-31_T+45_1789528445710_tsam,DEL-GAU,EaseMyTrip,AI,AI-2417,2026-10-31,T+45,16698,3665,20363,2026-09-16T02:57:00.544Z,FALSE,"",12:00,FALSE
fare_DEL-GAU_AI_2026-10-31_T+45_1789528445710_qpaj,DEL-GAU,EaseMyTrip,AI,AI-2709,2026-10-31,T+45,16719,3670,20389,2026-09-16T02:57:00.544Z,FALSE,"",19:40,FALSE
fare_DEL-GAU_AI_2026-10-31_T+45_1789528445710_5dfh,DEL-GAU,EaseMyTrip,AI,AI-2485,2026-10-31,T+45,17260,3789,21049,2026-09-16T02:57:00.544Z,FALSE,"",11:00,FALSE
fare_DEL-GAU_AI_2026-10-31_T+45_1789528445710_i6as,DEL-GAU,EaseMyTrip,AI,AI-2415,2026-10-31,T+45,17350,3809,21159,2026-09-16T02:57:00.544Z,FALSE,"",09:30,FALSE
fare_DEL-GAU_AI_2026-10-31_T+45_1789528445710_9m36,DEL-GAU,EaseMyTrip,AI,AI-2513,2026-10-31,T+45,17573,3858,21431,2026-09-16T02:57:00.544Z,FALSE,"",13:00,FALSE
fare_DEL-GAU_AI_2026-10-31_T+45_1789528445710_o4f1,DEL-GAU,EaseMyTrip,AI,AI-2487,2026-10-31,T+45,18197,3995,22192,2026-09-16T02:57:00.544Z,FALSE,"",18:00,FALSE
fare_DEL-GAU_AI_2026-10-31_T+45_1789528445710_641f,DEL-GAU,EaseMyTrip,AI,AI-2819,2026-10-31,T+45,20601,4522,25123,2026-09-16T02:57:00.544Z,FALSE,"",15:00,FALSE
fare_DEL-GAU_AI_2026-10-31_T+45_1789528445710_1vbu,DEL-GAU,EaseMyTrip,AI,AI-2767,2026-10-31,T+45,23265,5107,28372,2026-09-16T02:57:00.544Z,TRUE,"High outlier: ₹28372 > upper fence ₹27035 (Q3: ₹17396, IQR: ₹6426)",13:00,FALSE
fare_DEL-IXC_AI_2026-10-01_T+15_1789528445710_pg95,DEL-IXC,EaseMyTrip,AI,AI-2532,2026-10-01,T+15,4193,920,5113,2026-09-16T02:58:52.427Z,TRUE,"Low outlier: ₹5113 < lower fence ₹12839 (Q1: ₹15141, IQR: ₹1535)",11:20,TRUE
fare_DEL-IXC_AI_2026-10-01_T+15_1789528445710_bpne,DEL-IXC,EaseMyTrip,AI,AI-1743,2026-10-01,T+15,4341,953,5294,2026-09-16T02:58:52.427Z,TRUE,"Low outlier: ₹5294 < lower fence ₹12839 (Q1: ₹15141, IQR: ₹1535)",06:15,TRUE
fare_DEL-IXC_6E_2026-10-01_T+15_1789528445710_7vv7,DEL-IXC,EaseMyTrip,6E,6E-6050,2026-10-01,T+15,4279,939,5218,2026-09-16T02:58:52.427Z,TRUE,"Low outlier: ₹5218 < lower fence ₹12839 (Q1: ₹15141, IQR: ₹1535)",08:15,TRUE
fare_DEL-IXC_6E_2026-10-01_T+15_1789528445710_7tqq,DEL-IXC,EaseMyTrip,6E,6E-5038,2026-10-01,T+15,4279,939,5218,2026-09-16T02:58:52.427Z,TRUE,"Low outlier: ₹5218 < lower fence ₹12839 (Q1: ₹15141, IQR: ₹1535)",14:00,TRUE
fare_DEL-IXC_AI_2026-10-01_T+15_1789528445710_i2pd,DEL-IXC,EaseMyTrip,AI,AI-2706,2026-10-01,T+15,4513,991,5504,2026-09-16T02:58:52.427Z,TRUE,"Low outlier: ₹5504 < lower fence ₹12839 (Q1: ₹15141, IQR: ₹1535)",14:10,TRUE
fare_DEL-IXC_AI_2026-10-01_T+15_1789528445710_8xh0,DEL-IXC,EaseMyTrip,AI,AI-1742,2026-10-01,T+15,4513,991,5504,2026-09-16T02:58:52.427Z,TRUE,"Low outlier: ₹5504 < lower fence ₹12839 (Q1: ₹15141, IQR: ₹1535)",20:00,TRUE
fare_DEL-IXC_AI_2026-10-01_T+15_1789528445710_cmlv,DEL-IXC,EaseMyTrip,AI,AI-2601,2026-10-01,T+15,4513,991,5504,2026-09-16T02:58:52.427Z,TRUE,"Low outlier: ₹5504 < lower fence ₹12839 (Q1: ₹15141, IQR: ₹1535)",17:00,TRUE
fare_DEL-IXC_6E_2026-10-01_T+15_1789528445710_pj56,DEL-IXC,EaseMyTrip,6E,6E-6632,2026-10-01,T+15,4430,972,5402,2026-09-16T02:58:52.427Z,TRUE,"Low outlier: ₹5402 < lower fence ₹12839 (Q1: ₹15141, IQR: ₹1535)",17:50,TRUE
fare_DEL-IXC_6E_2026-10-01_T+15_1789528445710_4bg2,DEL-IXC,EaseMyTrip,6E,6E-7483,2026-10-01,T+15,7451,1635,9086,2026-09-16T02:58:52.427Z,TRUE,"Low outlier: ₹9086 < lower fence ₹12839 (Q1: ₹15141, IQR: ₹1535)",07:20,FALSE
fare_DEL-IXC_AI_2026-10-01_T+15_1789528445710_xpee,DEL-IXC,EaseMyTrip,AI,AI-1745,2026-10-01,T+15,12324,2705,15029,2026-09-16T02:58:52.427Z,FALSE,"",05:00,FALSE
fare_DEL-IXC_AI_2026-10-01_T+15_1789528445710_n2ni,DEL-IXC,EaseMyTrip,AI,AI-2995,2026-10-01,T+15,12416,2725,15141,2026-09-16T02:58:52.427Z,FALSE,"",10:00,FALSE
fare_DEL-IXC_AI_2026-10-01_T+15_1789528445710_s6i3,DEL-IXC,EaseMyTrip,AI,AI-2927,2026-10-01,T+15,12416,2725,15141,2026-09-16T02:58:52.427Z,FALSE,"",09:30,FALSE
fare_DEL-IXC_AI_2026-10-01_T+15_1789528445710_c6lx,DEL-IXC,EaseMyTrip,AI,AI-2933,2026-10-01,T+15,12416,2725,15141,2026-09-16T02:58:52.427Z,FALSE,"",15:30,FALSE
fare_DEL-IXC_AI_2026-10-01_T+15_1789528445710_gpku,DEL-IXC,EaseMyTrip,AI,AI-2441,2026-10-01,T+15,12416,2725,15141,2026-09-16T02:58:52.427Z,FALSE,"",14:10,FALSE
fare_DEL-IXC_AI_2026-10-01_T+15_1789528445710_iyhk,DEL-IXC,EaseMyTrip,AI,AI-2945,2026-10-01,T+15,12545,2754,15299,2026-09-16T02:58:52.427Z,FALSE,"",11:00,FALSE
fare_DEL-IXC_AI_2026-10-01_T+15_1789528445710_r73s,DEL-IXC,EaseMyTrip,AI,AI-2963,2026-10-01,T+15,12545,2754,15299,2026-09-16T02:58:52.427Z,FALSE,"",09:00,FALSE
fare_DEL-IXC_AI_2026-10-01_T+15_1789528445710_s8yc,DEL-IXC,EaseMyTrip,AI,AI-2678,2026-10-01,T+15,12545,2754,15299,2026-09-16T02:58:52.427Z,FALSE,"",08:30,FALSE
fare_DEL-IXC_AI_2026-10-01_T+15_1789528445710_3yo4,DEL-IXC,EaseMyTrip,AI,AI-2951,2026-10-01,T+15,12545,2754,15299,2026-09-16T02:58:52.427Z,FALSE,"",13:30,FALSE
fare_DEL-IXC_AI_2026-10-01_T+15_1789528445710_gx6o,DEL-IXC,EaseMyTrip,AI,AI-1777,2026-10-01,T+15,12554,2756,15310,2026-09-16T02:58:52.427Z,FALSE,"",16:00,FALSE
fare_DEL-IXC_AI_2026-10-01_T+15_1789528445710_r0s3,DEL-IXC,EaseMyTrip,AI,AI-1785,2026-10-01,T+15,12554,2756,15310,2026-09-16T02:58:52.427Z,FALSE,"",12:00,FALSE
fare_DEL-IXC_AI_2026-10-01_T+15_1789528445710_od54,DEL-IXC,EaseMyTrip,AI,AI-2439,2026-10-01,T+15,12675,2782,15457,2026-09-16T02:58:52.427Z,FALSE,"",23:00,FALSE
fare_DEL-IXC_AI_2026-10-01_T+15_1789528445710_20l3,DEL-IXC,EaseMyTrip,AI,AI-2943,2026-10-01,T+15,12717,2792,15509,2026-09-16T02:58:52.427Z,FALSE,"",07:30,FALSE
fare_DEL-IXC_AI_2026-10-01_T+15_1789528445710_ud2g,DEL-IXC,EaseMyTrip,AI,AI-2429,2026-10-01,T+15,12717,2792,15509,2026-09-16T02:58:52.427Z,FALSE,"",07:00,FALSE
fare_DEL-IXC_AI_2026-10-01_T+15_1789528445710_gqao,DEL-IXC,EaseMyTrip,AI,AI-441,2026-10-01,T+15,12717,2792,15509,2026-09-16T02:58:52.427Z,FALSE,"",17:00,FALSE
fare_DEL-IXC_AI_2026-10-01_T+15_1789528445710_gi93,DEL-IXC,EaseMyTrip,AI,AI-9484,2026-10-01,T+15,12844,2819,15663,2026-09-16T02:58:52.427Z,FALSE,"",23:25,FALSE
fare_DEL-IXC_AI_2026-10-01_T+15_1789528445710_ppfd,DEL-IXC,EaseMyTrip,AI,AI-2975,2026-10-01,T+15,12932,2839,15771,2026-09-16T02:58:52.427Z,FALSE,"",06:30,FALSE
fare_DEL-IXC_AI_2026-10-01_T+15_1789528445710_vg94,DEL-IXC,EaseMyTrip,AI,AI-9486,2026-10-01,T+15,13171,2891,16062,2026-09-16T02:58:52.427Z,FALSE,"",17:50,FALSE
fare_DEL-IXC_AI_2026-10-01_T+15_1789528445710_xj3c,DEL-IXC,EaseMyTrip,AI,AI-2981,2026-10-01,T+15,13191,2895,16086,2026-09-16T02:58:52.427Z,FALSE,"",21:00,FALSE
fare_DEL-IXC_AI_2026-10-01_T+15_1789528445710_39i1,DEL-IXC,EaseMyTrip,AI,AI-2957,2026-10-01,T+15,13191,2895,16086,2026-09-16T02:58:52.427Z,FALSE,"",20:30,FALSE
fare_DEL-IXC_AI_2026-10-01_T+15_1789528445710_i09z,DEL-IXC,EaseMyTrip,AI,AI-2433,2026-10-01,T+15,13352,2931,16283,2026-09-16T02:58:52.427Z,FALSE,"",21:30,FALSE
fare_DEL-IXC_AI_2026-10-01_T+15_1789528445710_veh0,DEL-IXC,EaseMyTrip,AI,AI-2805,2026-10-01,T+15,13674,3002,16676,2026-09-16T02:58:52.427Z,FALSE,"",20:00,FALSE
fare_DEL-IXC_AI_2026-10-01_T+15_1789528445711_jl8i,DEL-IXC,EaseMyTrip,AI,AI-2955,2026-10-01,T+15,13837,3037,16874,2026-09-16T02:58:52.427Z,FALSE,"",18:00,FALSE
fare_DEL-IXC_AI_2026-10-01_T+15_1789528445711_g8py,DEL-IXC,EaseMyTrip,AI,AI-2977,2026-10-01,T+15,14014,3076,17090,2026-09-16T02:58:52.427Z,FALSE,"",19:00,FALSE
fare_DEL-IXC_AI_2026-10-01_T+15_1789528445711_3di6,DEL-IXC,EaseMyTrip,AI,AI-1797,2026-10-01,T+15,14861,3262,18123,2026-09-16T02:58:52.427Z,FALSE,"",05:45,FALSE
fare_DEL-IXC_AI_2026-10-01_T+15_1789528445711_lejs,DEL-IXC,EaseMyTrip,AI,AI-2971,2026-10-01,T+15,15262,3350,18612,2026-09-16T02:58:52.427Z,FALSE,"",16:00,FALSE
fare_DEL-IXC_AI_2026-10-01_T+15_1789528445711_c7m7,DEL-IXC,EaseMyTrip,AI,AI-2547,2026-10-01,T+15,15578,3420,18998,2026-09-16T02:58:52.427Z,TRUE,"High outlier: ₹18998 > upper fence ₹18979 (Q3: ₹16676, IQR: ₹1535)",17:40,FALSE
fare_DEL-IXC_AI_2026-10-01_T+15_1789528445711_b6zb,DEL-IXC,EaseMyTrip,AI,AI-1730,2026-10-01,T+15,15762,3460,19222,2026-09-16T02:58:52.427Z,TRUE,"High outlier: ₹19222 > upper fence ₹18979 (Q3: ₹16676, IQR: ₹1535)",19:10,FALSE
fare_DEL-IXC_AI_2026-10-01_T+15_1789528445711_12c6,DEL-IXC,EaseMyTrip,AI,AI-1735,2026-10-01,T+15,15762,3460,19222,2026-09-16T02:58:52.427Z,TRUE,"High outlier: ₹19222 > upper fence ₹18979 (Q3: ₹16676, IQR: ₹1535)",13:00,FALSE
fare_DEL-IXC_6E_2026-10-01_T+15_1789528445711_ht9r,DEL-IXC,EaseMyTrip,6E,6E-7671,2026-10-01,T+15,16510,3624,20134,2026-09-16T02:58:52.427Z,TRUE,"High outlier: ₹20134 > upper fence ₹18979 (Q3: ₹16676, IQR: ₹1535)",09:55,FALSE
fare_DEL-IXC_AI_2026-10-01_T+15_1789528445711_2mmr,DEL-IXC,EaseMyTrip,AI,AI-2973,2026-10-01,T+15,19103,4193,23296,2026-09-16T02:58:52.427Z,TRUE,"High outlier: ₹23296 > upper fence ₹18979 (Q3: ₹16676, IQR: ₹1535)",20:50,FALSE
fare_DEL-IXC_AI_2026-10-01_T+15_1789528445711_vdcw,DEL-IXC,EaseMyTrip,AI,AI-2515,2026-10-01,T+15,20780,4561,25341,2026-09-16T02:58:52.427Z,TRUE,"High outlier: ₹25341 > upper fence ₹18979 (Q3: ₹16676, IQR: ₹1535)",12:10,FALSE
fare_DEL-IXC_6E_2026-10-16_T+30_1789528445711_85s0,DEL-IXC,EaseMyTrip,6E,6E-395,2026-10-16,T+30,2778,610,3388,2026-09-16T02:58:58.633Z,FALSE,"",07:50,TRUE
fare_DEL-IXC_6E_2026-10-16_T+30_1789528445711_fgef,DEL-IXC,EaseMyTrip,6E,6E-813,2026-10-16,T+30,2778,610,3388,2026-09-16T02:58:58.633Z,FALSE,"",07:50,TRUE
fare_DEL-IXC_6E_2026-10-16_T+30_1789528445711_cfnr,DEL-IXC,EaseMyTrip,6E,6E-7655,2026-10-16,T+30,3936,864,4800,2026-09-16T02:58:58.633Z,FALSE,"",06:10,TRUE
fare_DEL-IXC_AI_2026-10-16_T+30_1789528445711_1qj4,DEL-IXC,EaseMyTrip,AI,AI-2532,2026-10-16,T+30,4193,920,5113,2026-09-16T02:58:58.633Z,FALSE,"",11:20,TRUE
fare_DEL-IXC_6E_2026-10-16_T+30_1789528445711_bwcz,DEL-IXC,EaseMyTrip,6E,6E-5038,2026-10-16,T+30,4602,1010,5612,2026-09-16T02:58:58.633Z,FALSE,"",14:00,TRUE
fare_DEL-IXC_AI_2026-10-16_T+30_1789528445711_6hlp,DEL-IXC,EaseMyTrip,AI,AI-1742,2026-10-16,T+30,4987,1095,6082,2026-09-16T02:58:58.633Z,FALSE,"",20:00,TRUE
fare_DEL-IXC_AI_2026-10-16_T+30_1789528445711_bt1v,DEL-IXC,EaseMyTrip,AI,AI-2601,2026-10-16,T+30,4987,1095,6082,2026-09-16T02:58:58.633Z,FALSE,"",17:00,TRUE
fare_DEL-IXC_6E_2026-10-16_T+30_1789528445711_4q10,DEL-IXC,EaseMyTrip,6E,6E-6632,2026-10-16,T+30,4946,1086,6032,2026-09-16T02:58:58.633Z,FALSE,"",17:50,TRUE
fare_DEL-IXC_AI_2026-10-16_T+30_1789528445711_l9l6,DEL-IXC,EaseMyTrip,AI,AI-2706,2026-10-16,T+30,5759,1264,7023,2026-09-16T02:58:58.633Z,FALSE,"",14:10,TRUE
fare_DEL-IXC_6E_2026-10-16_T+30_1789528445711_9vvh,DEL-IXC,EaseMyTrip,6E,6E-6050,2026-10-16,T+30,6066,1331,7397,2026-09-16T02:58:58.633Z,FALSE,"",08:15,TRUE
fare_DEL-IXC_AI_2026-10-16_T+30_1789528445711_g9f8,DEL-IXC,EaseMyTrip,AI,AI-1743,2026-10-16,T+30,6581,1445,8026,2026-09-16T02:58:58.633Z,FALSE,"",06:15,TRUE
fare_DEL-IXC_6E_2026-10-16_T+30_1789528445711_k62f,DEL-IXC,EaseMyTrip,6E,6E-7671,2026-10-16,T+30,8381,1840,10221,2026-09-16T02:58:58.633Z,FALSE,"",09:55,FALSE
fare_DEL-IXC_6E_2026-10-16_T+30_1789528445711_y9ok,DEL-IXC,EaseMyTrip,6E,6E-7483,2026-10-16,T+30,10922,2397,13319,2026-09-16T02:58:58.633Z,FALSE,"",07:20,FALSE
fare_DEL-IXC_AI_2026-10-16_T+30_1789528445711_6p0e,DEL-IXC,EaseMyTrip,AI,AI-2454,2026-10-16,T+30,11664,2560,14224,2026-09-16T02:58:58.633Z,FALSE,"",08:00,FALSE
fare_DEL-IXC_AI_2026-10-16_T+30_1789528445711_el3w,DEL-IXC,EaseMyTrip,AI,AI-2951,2026-10-16,T+30,12817,2813,15630,2026-09-16T02:58:58.633Z,FALSE,"",13:30,FALSE
fare_DEL-IXC_AI_2026-10-16_T+30_1789528445711_mkxa,DEL-IXC,EaseMyTrip,AI,AI-2945,2026-10-16,T+30,12817,2813,15630,2026-09-16T02:58:58.633Z,FALSE,"",11:00,FALSE
fare_DEL-IXC_AI_2026-10-16_T+30_1789528445711_l9c9,DEL-IXC,EaseMyTrip,AI,AI-2425,2026-10-16,T+30,12817,2813,15630,2026-09-16T02:58:58.633Z,FALSE,"",10:30,FALSE
fare_DEL-IXC_AI_2026-10-16_T+30_1789528445711_wohz,DEL-IXC,EaseMyTrip,AI,AI-2995,2026-10-16,T+30,12817,2813,15630,2026-09-16T02:58:58.633Z,FALSE,"",10:00,FALSE
fare_DEL-IXC_AI_2026-10-16_T+30_1789528445711_kgqh,DEL-IXC,EaseMyTrip,AI,AI-2927,2026-10-16,T+30,12817,2813,15630,2026-09-16T02:58:58.633Z,FALSE,"",09:30,FALSE
fare_DEL-IXC_AI_2026-10-16_T+30_1789528445711_nqgp,DEL-IXC,EaseMyTrip,AI,AI-2678,2026-10-16,T+30,12817,2813,15630,2026-09-16T02:58:58.633Z,FALSE,"",08:30,FALSE
fare_DEL-IXC_AI_2026-10-16_T+30_1789528445711_mkd2,DEL-IXC,EaseMyTrip,AI,AI-2975,2026-10-16,T+30,12817,2813,15630,2026-09-16T02:58:58.633Z,FALSE,"",06:30,FALSE
fare_DEL-IXC_AI_2026-10-16_T+30_1789528445711_h3r3,DEL-IXC,EaseMyTrip,AI,AI-1745,2026-10-16,T+30,12817,2813,15630,2026-09-16T02:58:58.633Z,FALSE,"",05:00,FALSE
fare_DEL-IXC_AI_2026-10-16_T+30_1789528445711_3oal,DEL-IXC,EaseMyTrip,AI,AI-1785,2026-10-16,T+30,12967,2847,15814,2026-09-16T02:58:58.633Z,FALSE,"",12:00,FALSE
fare_DEL-IXC_AI_2026-10-16_T+30_1789528445711_pmax,DEL-IXC,EaseMyTrip,AI,AI-2943,2026-10-16,T+30,12967,2847,15814,2026-09-16T02:58:58.633Z,FALSE,"",07:30,FALSE
fare_DEL-IXC_AI_2026-10-16_T+30_1789528445711_f3qt,DEL-IXC,EaseMyTrip,AI,AI-2439,2026-10-16,T+30,13068,2868,15936,2026-09-16T02:58:58.633Z,FALSE,"",23:00,FALSE
fare_DEL-IXC_AI_2026-10-16_T+30_1789528445711_adaa,DEL-IXC,EaseMyTrip,AI,AI-2429,2026-10-16,T+30,13186,2895,16081,2026-09-16T02:58:58.633Z,FALSE,"",07:00,FALSE
fare_DEL-IXC_AI_2026-10-16_T+30_1789528445711_kbvc,DEL-IXC,EaseMyTrip,AI,AI-2933,2026-10-16,T+30,13213,2900,16113,2026-09-16T02:58:58.633Z,FALSE,"",15:30,FALSE
fare_DEL-IXC_AI_2026-10-16_T+30_1789528445711_mty5,DEL-IXC,EaseMyTrip,AI,AI-2441,2026-10-16,T+30,13213,2900,16113,2026-09-16T02:58:58.633Z,FALSE,"",14:10,FALSE
fare_DEL-IXC_AI_2026-10-16_T+30_1789528445711_vk72,DEL-IXC,EaseMyTrip,AI,AI-2985,2026-10-16,T+30,13348,2930,16278,2026-09-16T02:58:58.633Z,FALSE,"",19:30,FALSE
fare_DEL-IXC_AI_2026-10-16_T+30_1789528445711_bg2a,DEL-IXC,EaseMyTrip,AI,AI-1777,2026-10-16,T+30,13364,2933,16297,2026-09-16T02:58:58.633Z,FALSE,"",16:00,FALSE
fare_DEL-IXC_AI_2026-10-16_T+30_1789528445711_3y98,DEL-IXC,EaseMyTrip,AI,AI-2957,2026-10-16,T+30,13455,2953,16408,2026-09-16T02:58:58.633Z,FALSE,"",20:30,FALSE
fare_DEL-IXC_AI_2026-10-16_T+30_1789528445711_ha9a,DEL-IXC,EaseMyTrip,AI,AI-2805,2026-10-16,T+30,13455,2953,16408,2026-09-16T02:58:58.633Z,FALSE,"",20:00,FALSE
fare_DEL-IXC_AI_2026-10-16_T+30_1789528445711_u6ta,DEL-IXC,EaseMyTrip,AI,AI-441,2026-10-16,T+30,13455,2953,16408,2026-09-16T02:58:58.633Z,FALSE,"",17:00,FALSE
fare_DEL-IXC_AI_2026-10-16_T+30_1789528445711_fe0d,DEL-IXC,EaseMyTrip,AI,AI-2981,2026-10-16,T+30,13509,2965,16474,2026-09-16T02:58:58.633Z,FALSE,"",21:00,FALSE
fare_DEL-IXC_AI_2026-10-16_T+30_1789528445711_r954,DEL-IXC,EaseMyTrip,AI,AI-2433,2026-10-16,T+30,13510,2965,16475,2026-09-16T02:58:58.633Z,FALSE,"",21:30,FALSE
fare_DEL-IXC_AI_2026-10-16_T+30_1789528445711_eu7d,DEL-IXC,EaseMyTrip,AI,AI-9486,2026-10-16,T+30,13553,2975,16528,2026-09-16T02:58:58.633Z,FALSE,"",17:50,FALSE
fare_DEL-IXC_AI_2026-10-16_T+30_1789528445711_ivk2,DEL-IXC,EaseMyTrip,AI,AI-9484,2026-10-16,T+30,13567,2978,16545,2026-09-16T02:58:58.633Z,FALSE,"",23:25,FALSE
fare_DEL-IXC_AI_2026-10-16_T+30_1789528445711_koup,DEL-IXC,EaseMyTrip,AI,AI-2977,2026-10-16,T+30,13617,2989,16606,2026-09-16T02:58:58.633Z,FALSE,"",19:00,FALSE
fare_DEL-IXC_AI_2026-10-16_T+30_1789528445711_1of8,DEL-IXC,EaseMyTrip,AI,AI-2955,2026-10-16,T+30,13617,2989,16606,2026-09-16T02:58:58.633Z,FALSE,"",18:00,FALSE
fare_DEL-IXC_AI_2026-10-16_T+30_1789528445711_vj2r,DEL-IXC,EaseMyTrip,AI,AI-2547,2026-10-16,T+30,18008,3953,21961,2026-09-16T02:58:58.633Z,FALSE,"",17:40,FALSE
fare_DEL-IXC_AI_2026-10-16_T+30_1789528445711_l5vd,DEL-IXC,EaseMyTrip,AI,AI-1797,2026-10-16,T+30,18008,3953,21961,2026-09-16T02:58:58.633Z,FALSE,"",05:45,FALSE
fare_DEL-IXC_AI_2026-10-16_T+30_1789528445711_a8ox,DEL-IXC,EaseMyTrip,AI,AI-2971,2026-10-16,T+30,18147,3984,22131,2026-09-16T02:58:58.633Z,FALSE,"",16:00,FALSE
fare_DEL-IXC_AI_2026-10-16_T+30_1789528445711_1b0o,DEL-IXC,EaseMyTrip,AI,AI-1730,2026-10-16,T+30,18216,3999,22215,2026-09-16T02:58:58.633Z,FALSE,"",19:10,FALSE
fare_DEL-IXC_AI_2026-10-16_T+30_1789528445711_0xag,DEL-IXC,EaseMyTrip,AI,AI-1735,2026-10-16,T+30,18216,3999,22215,2026-09-16T02:58:58.633Z,FALSE,"",13:00,FALSE
fare_DEL-IXC_AI_2026-10-16_T+30_1789528445711_bvdk,DEL-IXC,EaseMyTrip,AI,AI-2973,2026-10-16,T+30,18924,4154,23078,2026-09-16T02:58:58.633Z,FALSE,"",20:50,FALSE
fare_DEL-IXC_6E_2026-10-31_T+45_1789528445711_0w90,DEL-IXC,EaseMyTrip,6E,6E-7655,2026-10-31,T+45,3936,864,4800,2026-09-16T02:59:04.217Z,FALSE,"",07:45,TRUE
fare_DEL-IXC_AI_2026-10-31_T+45_1789528445711_8y4f,DEL-IXC,EaseMyTrip,AI,AI-2643,2026-10-31,T+45,4193,920,5113,2026-09-16T02:59:04.217Z,FALSE,"",06:00,TRUE
fare_DEL-IXC_6E_2026-10-31_T+45_1789528445711_d38k,DEL-IXC,EaseMyTrip,6E,6E-2557,2026-10-31,T+45,4279,939,5218,2026-09-16T02:59:04.217Z,FALSE,"",21:50,TRUE
fare_DEL-IXC_AI_2026-10-31_T+45_1789528445711_qw5j,DEL-IXC,EaseMyTrip,AI,AI-2532,2026-10-31,T+45,4513,991,5504,2026-09-16T02:59:04.217Z,FALSE,"",11:05,TRUE
fare_DEL-IXC_6E_2026-10-31_T+45_1789528445711_mjke,DEL-IXC,EaseMyTrip,6E,6E-6050,2026-10-31,T+45,4430,972,5402,2026-09-16T02:59:04.217Z,FALSE,"",09:20,TRUE
fare_DEL-IXC_6E_2026-10-31_T+45_1789528445711_hfxh,DEL-IXC,EaseMyTrip,6E,6E-5162,2026-10-31,T+45,5463,1199,6662,2026-09-16T02:59:04.217Z,FALSE,"",18:45,TRUE
fare_DEL-IXC_AI_2026-10-31_T+45_1789528445711_no7l,DEL-IXC,EaseMyTrip,AI,AI-2706,2026-10-31,T+45,5759,1264,7023,2026-09-16T02:59:04.217Z,FALSE,"",14:10,TRUE
fare_DEL-IXC_AI_2026-10-31_T+45_1789528445711_wh6z,DEL-IXC,EaseMyTrip,AI,AI-1742,2026-10-31,T+45,8910,1956,10866,2026-09-16T02:59:04.217Z,FALSE,"",19:30,TRUE
fare_DEL-IXC_AI_2026-10-31_T+45_1789528445711_6e7n,DEL-IXC,EaseMyTrip,AI,AI-887,2026-10-31,T+45,12817,2813,15630,2026-09-16T02:59:04.217Z,FALSE,"",13:30,FALSE
fare_DEL-IXC_AI_2026-10-31_T+45_1789528445711_fwl5,DEL-IXC,EaseMyTrip,AI,AI-2951,2026-10-31,T+45,12817,2813,15630,2026-09-16T02:59:04.217Z,FALSE,"",13:30,FALSE
fare_DEL-IXC_AI_2026-10-31_T+45_1789528445711_7gxk,DEL-IXC,EaseMyTrip,AI,AI-2987,2026-10-31,T+45,12817,2813,15630,2026-09-16T02:59:04.217Z,FALSE,"",13:00,FALSE
fare_DEL-IXC_AI_2026-10-31_T+45_1789528445711_q06n,DEL-IXC,EaseMyTrip,AI,AI-2975,2026-10-31,T+45,12817,2813,15630,2026-09-16T02:59:04.217Z,FALSE,"",06:30,FALSE
fare_DEL-IXC_AI_2026-10-31_T+45_1789528445711_72r9,DEL-IXC,EaseMyTrip,AI,AI-2587,2026-10-31,T+45,12817,2813,15630,2026-09-16T02:59:04.217Z,FALSE,"",12:00,FALSE
fare_DEL-IXC_AI_2026-10-31_T+45_1789528445711_8g4e,DEL-IXC,EaseMyTrip,AI,AI-2573,2026-10-31,T+45,12817,2813,15630,2026-09-16T02:59:04.217Z,FALSE,"",05:30,FALSE
fare_DEL-IXC_AI_2026-10-31_T+45_1789528445711_iutq,DEL-IXC,EaseMyTrip,AI,AI-2945,2026-10-31,T+45,12817,2813,15630,2026-09-16T02:59:04.217Z,FALSE,"",11:00,FALSE
fare_DEL-IXC_AI_2026-10-31_T+45_1789528445711_35ih,DEL-IXC,EaseMyTrip,AI,AI-2425,2026-10-31,T+45,12817,2813,15630,2026-09-16T02:59:04.217Z,FALSE,"",10:30,FALSE
fare_DEL-IXC_AI_2026-10-31_T+45_1789528445711_zth5,DEL-IXC,EaseMyTrip,AI,AI-2963,2026-10-31,T+45,12817,2813,15630,2026-09-16T02:59:04.217Z,FALSE,"",09:00,FALSE
fare_DEL-IXC_AI_2026-10-31_T+45_1789528445711_3kq7,DEL-IXC,EaseMyTrip,AI,AI-9836,2026-10-31,T+45,12844,2819,15663,2026-09-16T02:59:04.217Z,FALSE,"",08:45,FALSE
fare_DEL-IXC_AI_2026-10-31_T+45_1789528445711_onga,DEL-IXC,EaseMyTrip,AI,AI-2943,2026-10-31,T+45,12967,2847,15814,2026-09-16T02:59:04.217Z,FALSE,"",07:30,FALSE
fare_DEL-IXC_AI_2026-10-31_T+45_1789528445711_2pdu,DEL-IXC,EaseMyTrip,AI,AI-2757,2026-10-31,T+45,24721,5427,30148,2026-09-16T02:59:04.217Z,TRUE,"High outlier: ₹30148 > upper fence ₹29082 (Q3: ₹15630, IQR: ₹8968)",00:15,FALSE
fare_DEL-IXC_AI_2026-10-31_T+45_1789528445711_jler,DEL-IXC,EaseMyTrip,AI,AI-2409,2026-10-31,T+45,24967,5481,30448,2026-09-16T02:59:04.217Z,TRUE,"High outlier: ₹30448 > upper fence ₹29082 (Q3: ₹15630, IQR: ₹8968)",06:00,FALSE
fare_DEL-PAT_SG_2026-10-16_T+30_1789528445711_x8zj,DEL-PAT,EaseMyTrip,SG,SG-2473,2026-10-16,T+30,6234,1368,7602,2026-09-16T02:57:56.410Z,FALSE,"",19:00,TRUE
fare_DEL-PAT_IX_2026-10-16_T+30_1789528445711_p1dh,DEL-PAT,EaseMyTrip,IX,IX-1825,2026-10-16,T+30,6388,1402,7790,2026-09-16T02:57:56.410Z,FALSE,"",14:50,TRUE
fare_DEL-PAT_IX_2026-10-16_T+30_1789528445711_tn96,DEL-PAT,EaseMyTrip,IX,IX-1510,2026-10-16,T+30,6388,1402,7790,2026-09-16T02:57:56.410Z,FALSE,"",11:15,TRUE
fare_DEL-PAT_6E_2026-10-16_T+30_1789528445711_6tu7,DEL-PAT,EaseMyTrip,6E,6E-6236,2026-10-16,T+30,6389,1402,7791,2026-09-16T02:57:56.410Z,FALSE,"",16:20,TRUE
fare_DEL-PAT_AI_2026-10-16_T+30_1789528445711_gzck,DEL-PAT,EaseMyTrip,AI,AI-2549,2026-10-16,T+30,6602,1449,8051,2026-09-16T02:57:56.410Z,FALSE,"",16:45,TRUE
fare_DEL-PAT_6E_2026-10-16_T+30_1789528445711_e8ws,DEL-PAT,EaseMyTrip,6E,6E-2319,2026-10-16,T+30,6464,1419,7883,2026-09-16T02:57:56.410Z,FALSE,"",09:55,FALSE
fare_DEL-PAT_6E_2026-10-16_T+30_1789528445711_wm9u,DEL-PAT,EaseMyTrip,6E,6E-2113,2026-10-16,T+30,6580,1444,8024,2026-09-16T02:57:56.410Z,FALSE,"",13:20,FALSE
fare_DEL-PAT_6E_2026-10-16_T+30_1789528445711_39ks,DEL-PAT,EaseMyTrip,6E,6E-2147,2026-10-16,T+30,6580,1444,8024,2026-09-16T02:57:56.410Z,FALSE,"",11:10,FALSE
fare_DEL-PAT_6E_2026-10-16_T+30_1789528445711_bv87,DEL-PAT,EaseMyTrip,6E,6E-6245,2026-10-16,T+30,6819,1497,8316,2026-09-16T02:57:56.410Z,FALSE,"",06:20,TRUE
fare_DEL-PAT_6E_2026-10-16_T+30_1789528445711_hkf1,DEL-PAT,EaseMyTrip,6E,6E-2769,2026-10-16,T+30,6819,1497,8316,2026-09-16T02:57:56.410Z,FALSE,"",08:10,TRUE
fare_DEL-PAT_6E_2026-10-16_T+30_1789528445711_fo5f,DEL-PAT,EaseMyTrip,6E,6E-6497,2026-10-16,T+30,6819,1497,8316,2026-09-16T02:57:56.410Z,FALSE,"",18:40,TRUE
fare_DEL-PAT_IX_2026-10-16_T+30_1789528445711_wtm3,DEL-PAT,EaseMyTrip,IX,IX-1346,2026-10-16,T+30,7336,1610,8946,2026-09-16T02:57:56.410Z,FALSE,"",06:10,TRUE
fare_DEL-PAT_IX_2026-10-16_T+30_1789528445711_pbev,DEL-PAT,EaseMyTrip,IX,IX-1197,2026-10-16,T+30,7336,1610,8946,2026-09-16T02:57:56.410Z,FALSE,"",19:00,TRUE
fare_DEL-PAT_AI_2026-10-16_T+30_1789528445711_0xyg,DEL-PAT,EaseMyTrip,AI,AI-1749,2026-10-16,T+30,7219,1585,8804,2026-09-16T02:57:56.410Z,FALSE,"",08:40,TRUE
fare_DEL-PAT_6E_2026-10-16_T+30_1789528445711_lptn,DEL-PAT,EaseMyTrip,6E,6E-2482,2026-10-16,T+30,7336,1610,8946,2026-09-16T02:57:56.410Z,FALSE,"",19:55,TRUE
fare_DEL-PAT_6E_2026-10-16_T+30_1789528445711_joxc,DEL-PAT,EaseMyTrip,6E,6E-6370,2026-10-16,T+30,8044,1766,9810,2026-09-16T02:57:56.410Z,FALSE,"",06:40,FALSE
fare_DEL-PAT_6E_2026-10-16_T+30_1789528445711_slsb,DEL-PAT,EaseMyTrip,6E,6E-2453,2026-10-16,T+30,9574,2102,11676,2026-09-16T02:57:56.410Z,FALSE,"",13:35,TRUE
fare_DEL-PAT_AI_2026-10-16_T+30_1789528445711_97xb,DEL-PAT,EaseMyTrip,AI,AI-2645,2026-10-16,T+30,10160,2230,12390,2026-09-16T02:57:56.410Z,FALSE,"",13:05,TRUE
fare_DEL-PAT_6E_2026-10-16_T+30_1789528445711_4ze3,DEL-PAT,EaseMyTrip,6E,6E-2373,2026-10-16,T+30,11210,2461,13671,2026-09-16T02:57:56.410Z,FALSE,"",11:10,TRUE
fare_DEL-PAT_AI_2026-10-16_T+30_1789528445711_efre,DEL-PAT,EaseMyTrip,AI,AI-2975,2026-10-16,T+30,18978,4166,23144,2026-09-16T02:57:56.410Z,FALSE,"",06:30,FALSE
fare_DEL-PAT_AI_2026-10-16_T+30_1789528445711_khqw,DEL-PAT,EaseMyTrip,AI,AI-1745,2026-10-16,T+30,18978,4166,23144,2026-09-16T02:57:56.410Z,FALSE,"",05:00,FALSE
fare_DEL-PAT_AI_2026-10-16_T+30_1789528445711_cjhv,DEL-PAT,EaseMyTrip,AI,AI-2933,2026-10-16,T+30,18978,4166,23144,2026-09-16T02:57:56.410Z,FALSE,"",15:30,FALSE
fare_DEL-PAT_AI_2026-10-16_T+30_1789528445711_dluf,DEL-PAT,EaseMyTrip,AI,AI-1780,2026-10-16,T+30,18978,4166,23144,2026-09-16T02:57:56.410Z,FALSE,"",14:30,FALSE
fare_DEL-PAT_AI_2026-10-16_T+30_1789528445711_ksne,DEL-PAT,EaseMyTrip,AI,AI-2441,2026-10-16,T+30,18978,4166,23144,2026-09-16T02:57:56.410Z,FALSE,"",14:10,FALSE
fare_DEL-PAT_AI_2026-10-16_T+30_1789528445711_v6ar,DEL-PAT,EaseMyTrip,AI,AI-2951,2026-10-16,T+30,18978,4166,23144,2026-09-16T02:57:56.410Z,FALSE,"",13:30,FALSE
fare_DEL-PAT_AI_2026-10-16_T+30_1789528445711_90qd,DEL-PAT,EaseMyTrip,AI,AI-2945,2026-10-16,T+30,18978,4166,23144,2026-09-16T02:57:56.410Z,FALSE,"",11:00,FALSE
fare_DEL-PAT_AI_2026-10-16_T+30_1789528445711_7y01,DEL-PAT,EaseMyTrip,AI,AI-2425,2026-10-16,T+30,18978,4166,23144,2026-09-16T02:57:56.410Z,FALSE,"",10:30,FALSE
fare_DEL-PAT_AI_2026-10-16_T+30_1789528445711_jnlf,DEL-PAT,EaseMyTrip,AI,AI-2995,2026-10-16,T+30,18978,4166,23144,2026-09-16T02:57:56.410Z,FALSE,"",10:00,FALSE
fare_DEL-PAT_AI_2026-10-16_T+30_1789528445711_sea1,DEL-PAT,EaseMyTrip,AI,AI-2927,2026-10-16,T+30,18978,4166,23144,2026-09-16T02:57:56.410Z,FALSE,"",09:30,FALSE
fare_DEL-PAT_AI_2026-10-16_T+30_1789528445711_ihg7,DEL-PAT,EaseMyTrip,AI,AI-2678,2026-10-16,T+30,18978,4166,23144,2026-09-16T02:57:56.410Z,FALSE,"",08:30,FALSE
fare_DEL-PAT_AI_2026-10-16_T+30_1789528445711_1qmn,DEL-PAT,EaseMyTrip,AI,AI-2943,2026-10-16,T+30,19129,4199,23328,2026-09-16T02:57:56.410Z,FALSE,"",07:30,FALSE
fare_DEL-PAT_AI_2026-10-16_T+30_1789528445711_g1eu,DEL-PAT,EaseMyTrip,AI,AI-1777,2026-10-16,T+30,19129,4199,23328,2026-09-16T02:57:56.410Z,FALSE,"",16:00,FALSE
fare_DEL-PAT_AI_2026-10-16_T+30_1789528445711_uekt,DEL-PAT,EaseMyTrip,AI,AI-1785,2026-10-16,T+30,19129,4199,23328,2026-09-16T02:57:56.410Z,FALSE,"",12:00,FALSE
fare_DEL-PAT_AI_2026-10-16_T+30_1789528445711_vdyk,DEL-PAT,EaseMyTrip,AI,AI-2439,2026-10-16,T+30,19229,4221,23450,2026-09-16T02:57:56.410Z,FALSE,"",23:00,FALSE
fare_DEL-PAT_AI_2026-10-16_T+30_1789528445711_92d3,DEL-PAT,EaseMyTrip,AI,AI-9484,2026-10-16,T+30,19332,4244,23576,2026-09-16T02:57:56.410Z,FALSE,"",23:25,FALSE
fare_DEL-PAT_AI_2026-10-16_T+30_1789528445711_fvzo,DEL-PAT,EaseMyTrip,AI,AI-2429,2026-10-16,T+30,19347,4247,23594,2026-09-16T02:57:56.410Z,FALSE,"",07:00,FALSE
fare_DEL-PAT_AI_2026-10-16_T+30_1789528445711_sy1d,DEL-PAT,EaseMyTrip,AI,AI-2985,2026-10-16,T+30,19509,4283,23792,2026-09-16T02:57:56.410Z,FALSE,"",19:30,FALSE
fare_DEL-PAT_AI_2026-10-16_T+30_1789528445711_zsll,DEL-PAT,EaseMyTrip,AI,AI-2957,2026-10-16,T+30,19616,4306,23922,2026-09-16T02:57:56.410Z,FALSE,"",20:30,FALSE
fare_DEL-PAT_AI_2026-10-16_T+30_1789528445711_szjp,DEL-PAT,EaseMyTrip,AI,AI-2805,2026-10-16,T+30,19616,4306,23922,2026-09-16T02:57:56.410Z,FALSE,"",20:00,FALSE
fare_DEL-PAT_AI_2026-10-16_T+30_1789528445711_v0mm,DEL-PAT,EaseMyTrip,AI,AI-441,2026-10-16,T+30,19616,4306,23922,2026-09-16T02:57:56.410Z,FALSE,"",17:00,FALSE
fare_DEL-PAT_AI_2026-10-16_T+30_1789528445711_boq0,DEL-PAT,EaseMyTrip,AI,AI-2981,2026-10-16,T+30,19670,4318,23988,2026-09-16T02:57:56.410Z,FALSE,"",21:00,FALSE
fare_DEL-PAT_AI_2026-10-16_T+30_1789528445711_2es0,DEL-PAT,EaseMyTrip,AI,AI-2433,2026-10-16,T+30,19671,4318,23989,2026-09-16T02:57:56.410Z,FALSE,"",21:30,FALSE
fare_DEL-PAT_AI_2026-10-16_T+30_1789528445711_1hbq,DEL-PAT,EaseMyTrip,AI,AI-9486,2026-10-16,T+30,19714,4328,24042,2026-09-16T02:57:56.410Z,FALSE,"",17:50,FALSE
fare_DEL-PAT_AI_2026-10-16_T+30_1789528445711_9i0n,DEL-PAT,EaseMyTrip,AI,AI-2977,2026-10-16,T+30,19778,4341,24119,2026-09-16T02:57:56.410Z,FALSE,"",19:00,FALSE
fare_DEL-PAT_AI_2026-10-16_T+30_1789528445711_x701,DEL-PAT,EaseMyTrip,AI,AI-2955,2026-10-16,T+30,19778,4341,24119,2026-09-16T02:57:56.410Z,FALSE,"",18:00,FALSE
fare_DEL-PAT_AI_2026-10-16_T+30_1789528445711_65bh,DEL-PAT,EaseMyTrip,AI,AI-2803,2026-10-16,T+30,23000,5049,28049,2026-09-16T02:57:56.410Z,FALSE,"",06:30,FALSE
fare_DEL-PAT_AI_2026-10-16_T+30_1789528445711_zfsz,DEL-PAT,EaseMyTrip,AI,AI-2409,2026-10-16,T+30,23000,5049,28049,2026-09-16T02:57:56.410Z,FALSE,"",06:00,FALSE
fare_DEL-PAT_AI_2026-10-16_T+30_1789528445711_4ozr,DEL-PAT,EaseMyTrip,AI,AI-2653,2026-10-16,T+30,23000,5049,28049,2026-09-16T02:57:56.410Z,FALSE,"",04:30,FALSE
fare_DEL-PAT_AI_2026-10-16_T+30_1789528445711_s5iu,DEL-PAT,EaseMyTrip,AI,AI-2757,2026-10-16,T+30,23000,5049,28049,2026-09-16T02:57:56.410Z,FALSE,"",00:15,FALSE
fare_DEL-PAT_AI_2026-10-16_T+30_1789528445711_iw7h,DEL-PAT,EaseMyTrip,AI,AI-2813,2026-10-16,T+30,24050,5279,29329,2026-09-16T02:57:56.410Z,FALSE,"",18:00,FALSE
fare_DEL-PAT_AI_2026-10-16_T+30_1789528445711_39gj,DEL-PAT,EaseMyTrip,AI,AI-2512,2026-10-16,T+30,24483,5374,29857,2026-09-16T02:57:56.410Z,FALSE,"",19:00,FALSE
fare_DEL-PAT_AI_2026-10-16_T+30_1789528445711_kb61,DEL-PAT,EaseMyTrip,AI,AI-2487,2026-10-16,T+30,24483,5374,29857,2026-09-16T02:57:56.410Z,FALSE,"",18:30,FALSE
fare_DEL-PAT_AI_2026-10-16_T+30_1789528445711_06i5,DEL-PAT,EaseMyTrip,AI,AI-2817,2026-10-16,T+30,24483,5374,29857,2026-09-16T02:57:56.410Z,FALSE,"",16:30,FALSE
fare_DEL-PAT_AI_2026-10-16_T+30_1789528445711_gka9,DEL-PAT,EaseMyTrip,AI,AI-2664,2026-10-16,T+30,24483,5374,29857,2026-09-16T02:57:56.410Z,FALSE,"",15:50,FALSE
fare_DEL-PAT_AI_2026-10-16_T+30_1789528445711_lu7o,DEL-PAT,EaseMyTrip,AI,AI-2809,2026-10-16,T+30,24658,5413,30071,2026-09-16T02:57:56.410Z,FALSE,"",19:30,FALSE
fare_DEL-PAT_AI_2026-10-16_T+30_1789528445711_qkbs,DEL-PAT,EaseMyTrip,AI,AI-2819,2026-10-16,T+30,27463,6028,33491,2026-09-16T02:57:56.410Z,FALSE,"",15:00,FALSE
fare_DEL-PAT_SG_2026-10-31_T+45_1789528445711_8a46,DEL-PAT,EaseMyTrip,SG,SG-833,2026-10-31,T+45,5251,1153,6404,2026-09-16T02:58:03.086Z,FALSE,"",07:00,TRUE
fare_DEL-PAT_SG_2026-10-31_T+45_1789528445711_62iv,DEL-PAT,EaseMyTrip,SG,SG-482,2026-10-31,T+45,5251,1153,6404,2026-09-16T02:58:03.086Z,FALSE,"",07:00,TRUE
fare_DEL-PAT_SG_2026-10-31_T+45_1789528445711_nq6n,DEL-PAT,EaseMyTrip,SG,SG-721,2026-10-31,T+45,5251,1153,6404,2026-09-16T02:58:03.086Z,FALSE,"",14:30,TRUE
fare_DEL-PAT_SG_2026-10-31_T+45_1789528445711_dpuf,DEL-PAT,EaseMyTrip,SG,SG-896,2026-10-31,T+45,5251,1153,6404,2026-09-16T02:58:03.086Z,FALSE,"",14:30,TRUE
fare_DEL-PAT_6E_2026-10-31_T+45_1789528445711_ab25,DEL-PAT,EaseMyTrip,6E,6E-6245,2026-10-31,T+45,5442,1194,6636,2026-09-16T02:58:03.086Z,FALSE,"",06:25,TRUE
fare_DEL-PAT_6E_2026-10-31_T+45_1789528445711_ehel,DEL-PAT,EaseMyTrip,6E,6E-7624,2026-10-31,T+45,5533,1215,6748,2026-09-16T02:58:03.086Z,FALSE,"",05:50,FALSE
fare_DEL-PAT_6E_2026-10-31_T+45_1789528445711_q132,DEL-PAT,EaseMyTrip,6E,6E-2769,2026-10-31,T+45,5700,1251,6951,2026-09-16T02:58:03.086Z,FALSE,"",07:55,TRUE
fare_DEL-PAT_6E_2026-10-31_T+45_1789528445711_dypn,DEL-PAT,EaseMyTrip,6E,6E-2373,2026-10-31,T+45,6044,1327,7371,2026-09-16T02:58:03.086Z,FALSE,"",11:05,TRUE
fare_DEL-PAT_6E_2026-10-31_T+45_1789528445711_fpms,DEL-PAT,EaseMyTrip,6E,6E-678,2026-10-31,T+45,6044,1327,7371,2026-09-16T02:58:03.086Z,FALSE,"",13:25,TRUE
fare_DEL-PAT_6E_2026-10-31_T+45_1789528445711_a4t2,DEL-PAT,EaseMyTrip,6E,6E-488,2026-10-31,T+45,6044,1327,7371,2026-09-16T02:58:03.086Z,FALSE,"",13:25,TRUE
fare_DEL-PAT_6E_2026-10-31_T+45_1789528445711_bz8v,DEL-PAT,EaseMyTrip,6E,6E-6347,2026-10-31,T+45,6044,1327,7371,2026-09-16T02:58:03.086Z,FALSE,"",14:35,TRUE
fare_DEL-PAT_6E_2026-10-31_T+45_1789528445711_04nj,DEL-PAT,EaseMyTrip,6E,6E-2250,2026-10-31,T+45,6044,1327,7371,2026-09-16T02:58:03.086Z,FALSE,"",18:10,TRUE
fare_DEL-PAT_6E_2026-10-31_T+45_1789528445711_sok2,DEL-PAT,EaseMyTrip,6E,6E-2331,2026-10-31,T+45,6044,1327,7371,2026-09-16T02:58:03.086Z,FALSE,"",19:40,TRUE
fare_DEL-PAT_6E_2026-10-31_T+45_1789528445711_le5j,DEL-PAT,EaseMyTrip,6E,6E-2147,2026-10-31,T+45,6072,1333,7405,2026-09-16T02:58:03.086Z,FALSE,"",11:25,FALSE
fare_DEL-PAT_IX_2026-10-31_T+45_1789528445711_ixf3,DEL-PAT,EaseMyTrip,IX,IX-1510,2026-10-31,T+45,6388,1402,7790,2026-09-16T02:58:03.086Z,FALSE,"",09:15,TRUE
fare_DEL-PAT_AI_2026-10-31_T+45_1789528445711_c4oj,DEL-PAT,EaseMyTrip,AI,AI-1719,2026-10-31,T+45,6257,1374,7631,2026-09-16T02:58:03.086Z,FALSE,"",13:35,TRUE
fare_DEL-PAT_IX_2026-10-31_T+45_1789528445711_ev8f,DEL-PAT,EaseMyTrip,IX,IX-2229,2026-10-31,T+45,6819,1497,8316,2026-09-16T02:58:03.086Z,FALSE,"",14:05,TRUE
fare_DEL-PAT_6E_2026-10-31_T+45_1789528445711_gd3i,DEL-PAT,EaseMyTrip,6E,6E-6304,2026-10-31,T+45,6719,1475,8194,2026-09-16T02:58:03.086Z,FALSE,"",09:30,FALSE
fare_DEL-PAT_6E_2026-10-31_T+45_1789528445711_ye4q,DEL-PAT,EaseMyTrip,6E,6E-5375,2026-10-31,T+45,6719,1475,8194,2026-09-16T02:58:03.086Z,FALSE,"",07:25,FALSE
fare_DEL-PAT_6E_2026-10-31_T+45_1789528445711_d1gn,DEL-PAT,EaseMyTrip,6E,6E-2039,2026-10-31,T+45,7426,1630,9056,2026-09-16T02:58:03.086Z,FALSE,"",05:30,FALSE
fare_DEL-PAT_IX_2026-10-31_T+45_1789528445711_it5y,DEL-PAT,EaseMyTrip,IX,IX-1346,2026-10-31,T+45,8025,1761,9786,2026-09-16T02:58:03.086Z,FALSE,"",15:35,TRUE
fare_DEL-PAT_IX_2026-10-31_T+45_1789528445711_x0xr,DEL-PAT,EaseMyTrip,IX,IX-1586,2026-10-31,T+45,8025,1761,9786,2026-09-16T02:58:03.086Z,FALSE,"",17:35,TRUE
fare_DEL-PAT_AI_2026-10-31_T+45_1789528445711_gbo6,DEL-PAT,EaseMyTrip,AI,AI-1776,2026-10-31,T+45,13730,3014,16744,2026-09-16T02:58:03.086Z,FALSE,"",10:00,TRUE
fare_DEL-PAT_6E_2026-10-31_T+45_1789528445711_7rog,DEL-PAT,EaseMyTrip,6E,6E-5175,2026-10-31,T+45,14935,3279,18214,2026-09-16T02:58:03.086Z,FALSE,"",12:55,FALSE
fare_DEL-PAT_AI_2026-10-31_T+45_1789528445711_2bnk,DEL-PAT,EaseMyTrip,AI,AI-2409,2026-10-31,T+45,23000,5049,28049,2026-09-16T02:58:03.086Z,FALSE,"",06:00,FALSE
fare_DEL-PAT_AI_2026-10-31_T+45_1789528445711_g8lf,DEL-PAT,EaseMyTrip,AI,AI-2757,2026-10-31,T+45,23000,5049,28049,2026-09-16T02:58:03.086Z,FALSE,"",00:15,FALSE
fare_DEL-PAT_AI_2026-10-31_T+45_1789528445711_3xkr,DEL-PAT,EaseMyTrip,AI,AI-2412,2026-10-31,T+45,23000,5049,28049,2026-09-16T02:58:03.086Z,FALSE,"",21:30,FALSE
fare_DEL-PAT_AI_2026-10-31_T+45_1789528445711_zt2z,DEL-PAT,EaseMyTrip,AI,AI-2809,2026-10-31,T+45,23000,5049,28049,2026-09-16T02:58:03.086Z,FALSE,"",20:30,FALSE
fare_DEL-PAT_AI_2026-10-31_T+45_1789528445711_huhg,DEL-PAT,EaseMyTrip,AI,AI-427,2026-10-31,T+45,23145,5081,28226,2026-09-16T02:58:03.086Z,FALSE,"",08:35,FALSE
fare_DEL-PAT_AI_2026-10-31_T+45_1789528445711_hysb,DEL-PAT,EaseMyTrip,AI,AI-2415,2026-10-31,T+45,23246,5103,28349,2026-09-16T02:58:03.086Z,FALSE,"",09:30,FALSE
fare_DEL-PAT_AI_2026-10-31_T+45_1789528445711_qrsv,DEL-PAT,EaseMyTrip,AI,AI-2515,2026-10-31,T+45,23246,5103,28349,2026-09-16T02:58:03.086Z,FALSE,"",22:00,FALSE
fare_DEL-PAT_AI_2026-10-31_T+45_1789528445711_763v,DEL-PAT,EaseMyTrip,AI,AI-2512,2026-10-31,T+45,23246,5103,28349,2026-09-16T02:58:03.086Z,FALSE,"",19:30,FALSE
fare_DEL-PAT_AI_2026-10-31_T+45_1789528445711_rrim,DEL-PAT,EaseMyTrip,AI,AI-2513,2026-10-31,T+45,23246,5103,28349,2026-09-16T02:58:03.086Z,FALSE,"",13:00,FALSE
fare_DEL-PAT_AI_2026-10-31_T+45_1789528445711_eq7y,DEL-PAT,EaseMyTrip,AI,AI-2417,2026-10-31,T+45,23364,5129,28493,2026-09-16T02:58:03.086Z,FALSE,"",12:00,FALSE
fare_DEL-PAT_AI_2026-10-31_T+45_1789528445711_i8qi,DEL-PAT,EaseMyTrip,AI,AI-2485,2026-10-31,T+45,23546,5169,28715,2026-09-16T02:58:03.086Z,FALSE,"",11:00,FALSE
fare_DEL-PAT_AI_2026-10-31_T+45_1789528445711_uq0h,DEL-PAT,EaseMyTrip,AI,AI-2487,2026-10-31,T+45,23638,5189,28827,2026-09-16T02:58:03.086Z,FALSE,"",18:00,FALSE
fare_DEL-PAT_AI_2026-10-31_T+45_1789528445711_mjm9,DEL-PAT,EaseMyTrip,AI,AI-2819,2026-10-31,T+45,25123,5515,30638,2026-09-16T02:58:03.086Z,FALSE,"",15:00,FALSE
fare_MAA-DEL_IX_2026-10-01_T+15_1789528445712_jyel,MAA-DEL,EaseMyTrip,IX,IX-1385,2026-10-01,T+15,7111,1561,8672,2026-09-16T02:56:18.884Z,FALSE,"",08:55,FALSE
fare_MAA-DEL_6E_2026-10-01_T+15_1789528445712_esil,MAA-DEL,EaseMyTrip,6E,6E-921,2026-10-01,T+15,8018,1760,9778,2026-09-16T02:56:18.884Z,FALSE,"",09:05,FALSE
fare_MAA-DEL_6E_2026-10-01_T+15_1789528445712_rl6p,MAA-DEL,EaseMyTrip,6E,6E-205,2026-10-01,T+15,8018,1760,9778,2026-09-16T02:56:18.884Z,FALSE,"",09:05,FALSE
fare_MAA-DEL_6E_2026-10-01_T+15_1789528445712_h3xa,MAA-DEL,EaseMyTrip,6E,6E-6925,2026-10-01,T+15,8018,1760,9778,2026-09-16T02:56:18.884Z,FALSE,"",12:00,FALSE
fare_MAA-DEL_6E_2026-10-01_T+15_1789528445712_0juw,MAA-DEL,EaseMyTrip,6E,6E-117,2026-10-01,T+15,8018,1760,9778,2026-09-16T02:56:18.884Z,FALSE,"",03:55,FALSE
fare_MAA-DEL_6E_2026-10-01_T+15_1789528445712_d4np,MAA-DEL,EaseMyTrip,6E,6E-250,2026-10-01,T+15,8018,1760,9778,2026-09-16T02:56:18.884Z,FALSE,"",03:55,FALSE
fare_MAA-DEL_6E_2026-10-01_T+15_1789528445712_c022,MAA-DEL,EaseMyTrip,6E,6E-319,2026-10-01,T+15,8018,1760,9778,2026-09-16T02:56:18.884Z,FALSE,"",07:10,FALSE
fare_MAA-DEL_6E_2026-10-01_T+15_1789528445712_5sd0,MAA-DEL,EaseMyTrip,6E,6E-272,2026-10-01,T+15,8018,1760,9778,2026-09-16T02:56:18.884Z,FALSE,"",07:10,FALSE
fare_MAA-DEL_6E_2026-10-01_T+15_1789528445712_bgun,MAA-DEL,EaseMyTrip,6E,6E-168,2026-10-01,T+15,8018,1760,9778,2026-09-16T02:56:18.884Z,FALSE,"",05:40,FALSE
fare_MAA-DEL_6E_2026-10-01_T+15_1789528445712_mzts,MAA-DEL,EaseMyTrip,6E,6E-239,2026-10-01,T+15,8018,1760,9778,2026-09-16T02:56:18.884Z,FALSE,"",05:40,FALSE
fare_MAA-DEL_6E_2026-10-01_T+15_1789528445712_a04c,MAA-DEL,EaseMyTrip,6E,6E-114,2026-10-01,T+15,8018,1760,9778,2026-09-16T02:56:18.884Z,FALSE,"",09:55,FALSE
fare_MAA-DEL_6E_2026-10-01_T+15_1789528445712_z129,MAA-DEL,EaseMyTrip,6E,6E-170,2026-10-01,T+15,8018,1760,9778,2026-09-16T02:56:18.884Z,FALSE,"",11:10,FALSE
fare_MAA-DEL_6E_2026-10-01_T+15_1789528445712_50bi,MAA-DEL,EaseMyTrip,6E,6E-216,2026-10-01,T+15,8018,1760,9778,2026-09-16T02:56:18.884Z,FALSE,"",11:10,FALSE
fare_MAA-DEL_6E_2026-10-01_T+15_1789528445712_5r6w,MAA-DEL,EaseMyTrip,6E,6E-766,2026-10-01,T+15,8018,1760,9778,2026-09-16T02:56:18.884Z,FALSE,"",17:50,FALSE
fare_MAA-DEL_6E_2026-10-01_T+15_1789528445712_91kz,MAA-DEL,EaseMyTrip,6E,6E-431,2026-10-01,T+15,8018,1760,9778,2026-09-16T02:56:18.884Z,FALSE,"",17:50,FALSE
fare_MAA-DEL_6E_2026-10-01_T+15_1789528445712_mqqh,MAA-DEL,EaseMyTrip,6E,6E-481,2026-10-01,T+15,8018,1760,9778,2026-09-16T02:56:18.884Z,FALSE,"",20:00,FALSE
fare_MAA-DEL_6E_2026-10-01_T+15_1789528445712_gm75,MAA-DEL,EaseMyTrip,6E,6E-206,2026-10-01,T+15,8018,1760,9778,2026-09-16T02:56:18.884Z,FALSE,"",20:00,FALSE
fare_MAA-DEL_6E_2026-10-01_T+15_1789528445712_hlfv,MAA-DEL,EaseMyTrip,6E,6E-6079,2026-10-01,T+15,8018,1760,9778,2026-09-16T02:56:18.884Z,FALSE,"",10:15,FALSE
fare_MAA-DEL_6E_2026-10-01_T+15_1789528445712_b4es,MAA-DEL,EaseMyTrip,6E,6E-315,2026-10-01,T+15,8018,1760,9778,2026-09-16T02:56:18.884Z,FALSE,"",11:55,FALSE
fare_MAA-DEL_6E_2026-10-01_T+15_1789528445712_sjbu,MAA-DEL,EaseMyTrip,6E,6E-184,2026-10-01,T+15,8018,1760,9778,2026-09-16T02:56:18.884Z,FALSE,"",11:55,FALSE
fare_MAA-DEL_6E_2026-10-01_T+15_1789528445712_l3ng,MAA-DEL,EaseMyTrip,6E,6E-6081,2026-10-01,T+15,8029,1762,9791,2026-09-16T02:56:18.884Z,FALSE,"",07:05,FALSE
fare_MAA-DEL_6E_2026-10-01_T+15_1789528445712_2ivq,MAA-DEL,EaseMyTrip,6E,6E-6892,2026-10-01,T+15,8083,1774,9857,2026-09-16T02:56:18.884Z,FALSE,"",10:55,FALSE
fare_MAA-DEL_6E_2026-10-01_T+15_1789528445712_lf88,MAA-DEL,EaseMyTrip,6E,6E-820,2026-10-01,T+15,8083,1774,9857,2026-09-16T02:56:18.884Z,FALSE,"",22:00,FALSE
fare_MAA-DEL_6E_2026-10-01_T+15_1789528445712_joaf,MAA-DEL,EaseMyTrip,6E,6E-6815,2026-10-01,T+15,8083,1774,9857,2026-09-16T02:56:18.884Z,FALSE,"",08:55,FALSE
fare_MAA-DEL_6E_2026-10-01_T+15_1789528445712_2gvh,MAA-DEL,EaseMyTrip,6E,6E-541,2026-10-01,T+15,8083,1774,9857,2026-09-16T02:56:18.884Z,FALSE,"",16:15,FALSE
fare_MAA-DEL_6E_2026-10-01_T+15_1789528445712_fb95,MAA-DEL,EaseMyTrip,6E,6E-230,2026-10-01,T+15,8083,1774,9857,2026-09-16T02:56:18.884Z,FALSE,"",16:15,FALSE
fare_MAA-DEL_6E_2026-10-01_T+15_1789528445712_04lf,MAA-DEL,EaseMyTrip,6E,6E-6812,2026-10-01,T+15,8083,1774,9857,2026-09-16T02:56:18.884Z,FALSE,"",20:00,FALSE
fare_MAA-DEL_6E_2026-10-01_T+15_1789528445712_m2ec,MAA-DEL,EaseMyTrip,6E,6E-6348,2026-10-01,T+15,8190,1798,9988,2026-09-16T02:56:18.884Z,FALSE,"",09:00,FALSE
fare_MAA-DEL_6E_2026-10-01_T+15_1789528445712_emej,MAA-DEL,EaseMyTrip,6E,6E-6113,2026-10-01,T+15,8190,1798,9988,2026-09-16T02:56:18.884Z,FALSE,"",17:00,FALSE
fare_MAA-DEL_6E_2026-10-01_T+15_1789528445712_ttqy,MAA-DEL,EaseMyTrip,6E,6E-137,2026-10-01,T+15,8190,1798,9988,2026-09-16T02:56:18.884Z,FALSE,"",08:20,FALSE
fare_MAA-DEL_6E_2026-10-01_T+15_1789528445712_2acw,MAA-DEL,EaseMyTrip,6E,6E-546,2026-10-01,T+15,8190,1798,9988,2026-09-16T02:56:18.884Z,FALSE,"",08:20,FALSE
fare_MAA-DEL_6E_2026-10-01_T+15_1789528445712_2rxo,MAA-DEL,EaseMyTrip,6E,6E-5258,2026-10-01,T+15,8190,1798,9988,2026-09-16T02:56:18.884Z,FALSE,"",12:45,FALSE
fare_MAA-DEL_6E_2026-10-01_T+15_1789528445712_l02q,MAA-DEL,EaseMyTrip,6E,6E-5093,2026-10-01,T+15,8190,1798,9988,2026-09-16T02:56:18.884Z,FALSE,"",05:00,FALSE
fare_MAA-DEL_6E_2026-10-01_T+15_1789528445712_kiqb,MAA-DEL,EaseMyTrip,6E,6E-5214,2026-10-01,T+15,8190,1798,9988,2026-09-16T02:56:18.884Z,FALSE,"",11:00,FALSE
fare_MAA-DEL_IX_2026-10-01_T+15_1789528445712_le9z,MAA-DEL,EaseMyTrip,IX,IX-1256,2026-10-01,T+15,8610,1890,10500,2026-09-16T02:56:18.884Z,FALSE,"",09:40,FALSE
fare_MAA-DEL_6E_2026-10-01_T+15_1789528445712_xeat,MAA-DEL,EaseMyTrip,6E,6E-6797,2026-10-01,T+15,8467,1858,10325,2026-09-16T02:56:18.884Z,FALSE,"",13:10,FALSE
fare_MAA-DEL_6E_2026-10-01_T+15_1789528445712_uatg,MAA-DEL,EaseMyTrip,6E,6E-197,2026-10-01,T+15,8639,1896,10535,2026-09-16T02:56:18.884Z,FALSE,"",18:20,FALSE
fare_MAA-DEL_6E_2026-10-01_T+15_1789528445712_28o6,MAA-DEL,EaseMyTrip,6E,6E-510,2026-10-01,T+15,8639,1896,10535,2026-09-16T02:56:18.884Z,FALSE,"",18:20,FALSE
fare_MAA-DEL_6E_2026-10-01_T+15_1789528445712_c7pw,MAA-DEL,EaseMyTrip,6E,6E-700,2026-10-01,T+15,8639,1896,10535,2026-09-16T02:56:18.884Z,FALSE,"",11:25,FALSE
fare_MAA-DEL_6E_2026-10-01_T+15_1789528445712_asgv,MAA-DEL,EaseMyTrip,6E,6E-6209,2026-10-01,T+15,8703,1911,10614,2026-09-16T02:56:18.884Z,FALSE,"",14:35,FALSE
fare_MAA-DEL_6E_2026-10-01_T+15_1789528445712_k9dr,MAA-DEL,EaseMyTrip,6E,6E-954,2026-10-01,T+15,8703,1911,10614,2026-09-16T02:56:18.884Z,FALSE,"",17:45,FALSE
fare_MAA-DEL_6E_2026-10-01_T+15_1789528445712_o3mp,MAA-DEL,EaseMyTrip,6E,6E-683,2026-10-01,T+15,8703,1911,10614,2026-09-16T02:56:18.884Z,FALSE,"",17:45,FALSE
fare_MAA-DEL_6E_2026-10-01_T+15_1789528445712_mjne,MAA-DEL,EaseMyTrip,6E,6E-470,2026-10-01,T+15,8704,1911,10615,2026-09-16T02:56:18.884Z,FALSE,"",13:00,TRUE
fare_MAA-DEL_6E_2026-10-01_T+15_1789528445712_hfav,MAA-DEL,EaseMyTrip,6E,6E-996,2026-10-01,T+15,8704,1911,10615,2026-09-16T02:56:18.884Z,FALSE,"",13:00,TRUE
fare_MAA-DEL_6E_2026-10-01_T+15_1789528445712_qvde,MAA-DEL,EaseMyTrip,6E,6E-694,2026-10-01,T+15,8704,1911,10615,2026-09-16T02:56:18.884Z,FALSE,"",14:30,TRUE
fare_MAA-DEL_6E_2026-10-01_T+15_1789528445712_w0tc,MAA-DEL,EaseMyTrip,6E,6E-693,2026-10-01,T+15,8704,1911,10615,2026-09-16T02:56:18.884Z,FALSE,"",14:30,TRUE
fare_MAA-DEL_6E_2026-10-01_T+15_1789528445712_jfg2,MAA-DEL,EaseMyTrip,6E,6E-782,2026-10-01,T+15,8811,1934,10745,2026-09-16T02:56:18.884Z,FALSE,"",17:40,FALSE
fare_MAA-DEL_6E_2026-10-01_T+15_1789528445712_tx6w,MAA-DEL,EaseMyTrip,6E,6E-682,2026-10-01,T+15,8811,1934,10745,2026-09-16T02:56:18.884Z,FALSE,"",17:40,FALSE
fare_MAA-DEL_AI_2026-10-01_T+15_1789528445712_jd9f,MAA-DEL,EaseMyTrip,AI,AI-2526,2026-10-01,T+15,9145,2007,11152,2026-09-16T02:56:18.884Z,FALSE,"",09:50,TRUE
fare_MAA-DEL_AI_2026-10-01_T+15_1789528445712_7uru,MAA-DEL,EaseMyTrip,AI,AI-2468,2026-10-01,T+15,9145,2007,11152,2026-09-16T02:56:18.884Z,FALSE,"",14:00,TRUE
fare_MAA-DEL_AI_2026-10-01_T+15_1789528445712_yqkl,MAA-DEL,EaseMyTrip,AI,AI-2886,2026-10-01,T+15,9145,2007,11152,2026-09-16T02:56:18.884Z,FALSE,"",08:05,TRUE
fare_MAA-DEL_AI_2026-10-01_T+15_1789528445712_3lbq,MAA-DEL,EaseMyTrip,AI,AI-2836,2026-10-01,T+15,9145,2007,11152,2026-09-16T02:56:18.884Z,FALSE,"",11:00,TRUE
fare_MAA-DEL_AI_2026-10-01_T+15_1789528445712_gj79,MAA-DEL,EaseMyTrip,AI,AI-2484,2026-10-01,T+15,9145,2007,11152,2026-09-16T02:56:18.884Z,FALSE,"",16:20,TRUE
fare_MAA-DEL_IX_2026-10-01_T+15_1789528445712_u773,MAA-DEL,EaseMyTrip,IX,IX-2662,2026-10-01,T+15,9200,2020,11220,2026-09-16T02:56:18.884Z,FALSE,"",21:25,FALSE
fare_MAA-DEL_IX_2026-10-01_T+15_1789528445712_8gd7,MAA-DEL,EaseMyTrip,IX,IX-2507,2026-10-01,T+15,9200,2020,11220,2026-09-16T02:56:18.884Z,FALSE,"",16:30,FALSE
fare_MAA-DEL_IX_2026-10-01_T+15_1789528445712_1r8w,MAA-DEL,EaseMyTrip,IX,IX-2661,2026-10-01,T+15,9200,2020,11220,2026-09-16T02:56:18.884Z,FALSE,"",22:05,FALSE
fare_MAA-DEL_6E_2026-10-01_T+15_1789528445712_wuc9,MAA-DEL,EaseMyTrip,6E,6E-706,2026-10-01,T+15,9106,1999,11105,2026-09-16T02:56:18.884Z,FALSE,"",21:50,TRUE
fare_MAA-DEL_6E_2026-10-01_T+15_1789528445712_r4lp,MAA-DEL,EaseMyTrip,6E,6E-169,2026-10-01,T+15,9106,1999,11105,2026-09-16T02:56:18.884Z,FALSE,"",21:50,TRUE
fare_MAA-DEL_6E_2026-10-01_T+15_1789528445712_meoy,MAA-DEL,EaseMyTrip,6E,6E-100,2026-10-01,T+15,9106,1999,11105,2026-09-16T02:56:18.884Z,FALSE,"",02:45,TRUE
fare_MAA-DEL_6E_2026-10-01_T+15_1789528445712_kxu1,MAA-DEL,EaseMyTrip,6E,6E-599,2026-10-01,T+15,9106,1999,11105,2026-09-16T02:56:18.884Z,FALSE,"",02:45,TRUE
fare_MAA-DEL_6E_2026-10-01_T+15_1789528445712_z27y,MAA-DEL,EaseMyTrip,6E,6E-628,2026-10-01,T+15,9106,1999,11105,2026-09-16T02:56:18.884Z,FALSE,"",16:45,TRUE
fare_MAA-DEL_6E_2026-10-01_T+15_1789528445712_zhuk,MAA-DEL,EaseMyTrip,6E,6E-992,2026-10-01,T+15,9106,1999,11105,2026-09-16T02:56:18.884Z,FALSE,"",09:15,TRUE
fare_MAA-DEL_6E_2026-10-01_T+15_1789528445712_jawx,MAA-DEL,EaseMyTrip,6E,6E-188,2026-10-01,T+15,9106,1999,11105,2026-09-16T02:56:18.884Z,FALSE,"",09:15,TRUE
fare_MAA-DEL_6E_2026-10-01_T+15_1789528445712_l4zv,MAA-DEL,EaseMyTrip,6E,6E-7084,2026-10-01,T+15,9213,2022,11235,2026-09-16T02:56:18.884Z,FALSE,"",07:20,FALSE
fare_MAA-DEL_6E_2026-10-01_T+15_1789528445712_zkd3,MAA-DEL,EaseMyTrip,6E,6E-522,2026-10-01,T+15,9373,2057,11430,2026-09-16T02:56:18.884Z,FALSE,"",12:30,FALSE
fare_MAA-DEL_6E_2026-10-01_T+15_1789528445712_9h0o,MAA-DEL,EaseMyTrip,6E,6E-922,2026-10-01,T+15,9373,2057,11430,2026-09-16T02:56:18.884Z,FALSE,"",12:30,FALSE
fare_MAA-DEL_AI_2026-10-01_T+15_1789528445712_398g,MAA-DEL,EaseMyTrip,AI,AI-2838,2026-10-01,T+15,9573,2101,11674,2026-09-16T02:56:18.884Z,FALSE,"",21:40,TRUE
fare_MAA-DEL_6E_2026-10-01_T+15_1789528445712_y8ez,MAA-DEL,EaseMyTrip,6E,6E-6002,2026-10-01,T+15,9531,2092,11623,2026-09-16T02:56:18.884Z,FALSE,"",11:10,TRUE
fare_MAA-DEL_6E_2026-10-01_T+15_1789528445712_n0dk,MAA-DEL,EaseMyTrip,6E,6E-920,2026-10-01,T+15,9531,2092,11623,2026-09-16T02:56:18.884Z,FALSE,"",19:00,TRUE
fare_MAA-DEL_6E_2026-10-01_T+15_1789528445712_ymvx,MAA-DEL,EaseMyTrip,6E,6E-639,2026-10-01,T+15,9531,2092,11623,2026-09-16T02:56:18.884Z,FALSE,"",19:00,TRUE
fare_MAA-DEL_6E_2026-10-01_T+15_1789528445712_klek,MAA-DEL,EaseMyTrip,6E,6E-430,2026-10-01,T+15,9531,2092,11623,2026-09-16T02:56:18.884Z,FALSE,"",06:30,TRUE
fare_MAA-DEL_6E_2026-10-01_T+15_1789528445712_vvyy,MAA-DEL,EaseMyTrip,6E,6E-344,2026-10-01,T+15,9531,2092,11623,2026-09-16T02:56:18.884Z,FALSE,"",06:30,TRUE
fare_MAA-DEL_AI_2026-10-01_T+15_1789528445712_g3jy,MAA-DEL,EaseMyTrip,AI,AI-9479,2026-10-01,T+15,10138,2225,12363,2026-09-16T02:56:18.884Z,FALSE,"",21:25,FALSE
fare_MAA-DEL_6E_2026-10-01_T+15_1789528445712_b564,MAA-DEL,EaseMyTrip,6E,6E-2369,2026-10-01,T+15,9979,2191,12170,2026-09-16T02:56:18.884Z,FALSE,"",23:45,TRUE
fare_MAA-DEL_AI_2026-10-01_T+15_1789528445712_w4au,MAA-DEL,EaseMyTrip,AI,AI-9971,2026-10-01,T+15,10426,2289,12715,2026-09-16T02:56:18.884Z,FALSE,"",16:30,FALSE
fare_MAA-DEL_QP_2026-10-01_T+15_1789528445712_xttt,MAA-DEL,EaseMyTrip,QP,QP-1146,2026-10-01,T+15,10925,2398,13323,2026-09-16T02:56:18.884Z,FALSE,"",13:35,FALSE
fare_MAA-DEL_IX_2026-10-01_T+15_1789528445712_n1zf,MAA-DEL,EaseMyTrip,IX,IX-2971,2026-10-01,T+15,11672,2562,14234,2026-09-16T02:56:18.884Z,FALSE,"",10:45,FALSE
fare_MAA-DEL_IX_2026-10-01_T+15_1789528445712_38os,MAA-DEL,EaseMyTrip,IX,IX-2786,2026-10-01,T+15,11672,2562,14234,2026-09-16T02:56:18.884Z,FALSE,"",07:25,FALSE
fare_MAA-DEL_IX_2026-10-01_T+15_1789528445712_6l9u,MAA-DEL,EaseMyTrip,IX,IX-2975,2026-10-01,T+15,11672,2562,14234,2026-09-16T02:56:18.884Z,FALSE,"",06:30,FALSE
fare_MAA-DEL_AI_2026-10-01_T+15_1789528445712_do2j,MAA-DEL,EaseMyTrip,AI,AI-538,2026-10-01,T+15,11193,2457,13650,2026-09-16T02:56:18.884Z,FALSE,"",20:10,TRUE
fare_MAA-DEL_AI_2026-10-01_T+15_1789528445712_df1q,MAA-DEL,EaseMyTrip,AI,AI-9483,2026-10-01,T+15,11789,2588,14377,2026-09-16T02:56:18.884Z,FALSE,"",07:25,FALSE
fare_MAA-DEL_AI_2026-10-01_T+15_1789528445712_wptf,MAA-DEL,EaseMyTrip,AI,AI-9481,2026-10-01,T+15,11789,2588,14377,2026-09-16T02:56:18.884Z,FALSE,"",10:45,FALSE
fare_MAA-DEL_6E_2026-10-01_T+15_1789528445712_734i,MAA-DEL,EaseMyTrip,6E,6E-6487,2026-10-01,T+15,11710,2570,14280,2026-09-16T02:56:18.884Z,FALSE,"",21:25,FALSE
fare_MAA-DEL_6E_2026-10-01_T+15_1789528445712_f6dq,MAA-DEL,EaseMyTrip,6E,6E-5367,2026-10-01,T+15,11958,2625,14583,2026-09-16T02:56:18.884Z,FALSE,"",18:15,FALSE
fare_MAA-DEL_AI_2026-10-01_T+15_1789528445712_b1qp,MAA-DEL,EaseMyTrip,AI,AI-9763,2026-10-01,T+15,12274,2694,14968,2026-09-16T02:56:18.884Z,FALSE,"",08:55,FALSE
fare_MAA-DEL_AI_2026-10-01_T+15_1789528445712_d8qg,MAA-DEL,EaseMyTrip,AI,AI-9427,2026-10-01,T+15,12274,2694,14968,2026-09-16T02:56:18.884Z,FALSE,"",06:30,FALSE
fare_MAA-DEL_6E_2026-10-01_T+15_1789528445712_tsmc,MAA-DEL,EaseMyTrip,6E,6E-982,2026-10-01,T+15,12773,2804,15577,2026-09-16T02:56:18.884Z,FALSE,"",08:10,FALSE
fare_MAA-DEL_6E_2026-10-01_T+15_1789528445712_sflh,MAA-DEL,EaseMyTrip,6E,6E-556,2026-10-01,T+15,12773,2804,15577,2026-09-16T02:56:18.884Z,FALSE,"",08:10,FALSE
fare_MAA-DEL_AI_2026-10-01_T+15_1789528445712_wot4,MAA-DEL,EaseMyTrip,AI,AI-2822,2026-10-01,T+15,13123,2881,16004,2026-09-16T02:56:18.884Z,FALSE,"",09:35,FALSE
fare_MAA-DEL_AI_2026-10-01_T+15_1789528445712_54pn,MAA-DEL,EaseMyTrip,AI,AI-9775,2026-10-01,T+15,13297,2919,16216,2026-09-16T02:56:18.884Z,FALSE,"",13:45,FALSE
fare_MAA-DEL_6E_2026-10-01_T+15_1789528445712_dao3,MAA-DEL,EaseMyTrip,6E,6E-217,2026-10-01,T+15,13145,2885,16030,2026-09-16T02:56:18.884Z,FALSE,"",09:30,FALSE
fare_MAA-DEL_6E_2026-10-01_T+15_1789528445712_0w6k,MAA-DEL,EaseMyTrip,6E,6E-610,2026-10-01,T+15,13145,2885,16030,2026-09-16T02:56:18.884Z,FALSE,"",09:30,FALSE
fare_MAA-DEL_6E_2026-10-01_T+15_1789528445712_fhfo,MAA-DEL,EaseMyTrip,6E,6E-6158,2026-10-01,T+15,13405,2943,16348,2026-09-16T02:56:18.884Z,FALSE,"",16:10,FALSE
fare_MAA-DEL_6E_2026-10-01_T+15_1789528445712_a6l7,MAA-DEL,EaseMyTrip,6E,6E-952,2026-10-01,T+15,14179,3113,17292,2026-09-16T02:56:18.884Z,FALSE,"",19:05,FALSE
fare_MAA-DEL_6E_2026-10-01_T+15_1789528445712_sgmt,MAA-DEL,EaseMyTrip,6E,6E-657,2026-10-01,T+15,14179,3113,17292,2026-09-16T02:56:18.884Z,FALSE,"",19:05,FALSE
fare_MAA-DEL_IX_2026-10-01_T+15_1789528445712_ykdg,MAA-DEL,EaseMyTrip,IX,IX-1354,2026-10-01,T+15,14637,3213,17850,2026-09-16T02:56:18.884Z,FALSE,"",14:40,FALSE
fare_MAA-DEL_AI_2026-10-01_T+15_1789528445712_ro55,MAA-DEL,EaseMyTrip,AI,AI-2828,2026-10-01,T+15,14976,3288,18264,2026-09-16T02:56:18.884Z,FALSE,"",05:55,FALSE
fare_MAA-DEL_AI_2026-10-01_T+15_1789528445712_97xq,MAA-DEL,EaseMyTrip,AI,AI-2740,2026-10-01,T+15,14976,3288,18264,2026-09-16T02:56:18.884Z,FALSE,"",16:00,FALSE
fare_MAA-DEL_AI_2026-10-01_T+15_1789528445712_pf2r,MAA-DEL,EaseMyTrip,AI,AI-9783,2026-10-01,T+15,15054,3305,18359,2026-09-16T02:56:18.884Z,FALSE,"",19:40,FALSE
fare_MAA-DEL_AI_2026-10-01_T+15_1789528445712_hnak,MAA-DEL,EaseMyTrip,AI,AI-640,2026-10-01,T+15,15120,3319,18439,2026-09-16T02:56:18.884Z,FALSE,"",17:00,FALSE
fare_MAA-DEL_6E_2026-10-01_T+15_1789528445712_5su5,MAA-DEL,EaseMyTrip,6E,6E-871,2026-10-01,T+15,14990,3291,18281,2026-09-16T02:56:18.884Z,FALSE,"",08:10,FALSE
fare_MAA-DEL_6E_2026-10-01_T+15_1789528445712_5vhr,MAA-DEL,EaseMyTrip,6E,6E-293,2026-10-01,T+15,14990,3291,18281,2026-09-16T02:56:18.884Z,FALSE,"",08:10,FALSE
fare_MAA-DEL_AI_2026-10-01_T+15_1789528445712_qrvd,MAA-DEL,EaseMyTrip,AI,AI-9785,2026-10-01,T+15,15238,3345,18583,2026-09-16T02:56:18.884Z,FALSE,"",09:40,FALSE
fare_MAA-DEL_AI_2026-10-01_T+15_1789528445712_phnd,MAA-DEL,EaseMyTrip,AI,AI-2779,2026-10-01,T+15,15263,3350,18613,2026-09-16T02:56:18.884Z,FALSE,"",07:00,FALSE
fare_MAA-DEL_6E_2026-10-01_T+15_1789528445712_9dmr,MAA-DEL,EaseMyTrip,6E,6E-243,2026-10-01,T+15,15919,3495,19414,2026-09-16T02:56:18.884Z,FALSE,"",22:20,FALSE
fare_MAA-DEL_6E_2026-10-01_T+15_1789528445712_o1xs,MAA-DEL,EaseMyTrip,6E,6E-335,2026-10-01,T+15,15919,3495,19414,2026-09-16T02:56:18.884Z,FALSE,"",22:20,FALSE
fare_MAA-DEL_AI_2026-10-01_T+15_1789528445712_1r2e,MAA-DEL,EaseMyTrip,AI,AI-9552,2026-10-01,T+15,18143,3982,22125,2026-09-16T02:56:18.884Z,TRUE,"High outlier: ₹22125 > upper fence ₹20758 (Q3: ₹14257, IQR: ₹4334)",22:05,FALSE
fare_MAA-DEL_IX_2026-09-17_T+1_1789528445712_3usm,MAA-DEL,EaseMyTrip,IX,IX-1385,2026-09-17,T+1,8168,1793,9961,2026-09-16T02:56:05.815Z,FALSE,"",08:55,FALSE
fare_MAA-DEL_6E_2026-09-17_T+1_1789528445712_3flb,MAA-DEL,EaseMyTrip,6E,6E-894,2026-09-17,T+1,8018,1760,9778,2026-09-16T02:56:05.815Z,FALSE,"",09:05,FALSE
fare_MAA-DEL_6E_2026-09-17_T+1_1789528445712_pk3d,MAA-DEL,EaseMyTrip,6E,6E-473,2026-09-17,T+1,8018,1760,9778,2026-09-16T02:56:05.815Z,FALSE,"",09:05,FALSE
fare_MAA-DEL_6E_2026-09-17_T+1_1789528445712_om7e,MAA-DEL,EaseMyTrip,6E,6E-411,2026-09-17,T+1,8018,1760,9778,2026-09-16T02:56:05.815Z,FALSE,"",18:20,FALSE
fare_MAA-DEL_6E_2026-09-17_T+1_1789528445712_w5m2,MAA-DEL,EaseMyTrip,6E,6E-344,2026-09-17,T+1,8018,1760,9778,2026-09-16T02:56:05.815Z,FALSE,"",18:20,FALSE
fare_MAA-DEL_6E_2026-09-17_T+1_1789528445712_xei8,MAA-DEL,EaseMyTrip,6E,6E-302,2026-09-17,T+1,8018,1760,9778,2026-09-16T02:56:05.815Z,FALSE,"",05:40,FALSE
fare_MAA-DEL_6E_2026-09-17_T+1_1789528445712_1uhg,MAA-DEL,EaseMyTrip,6E,6E-876,2026-09-17,T+1,8018,1760,9778,2026-09-16T02:56:05.815Z,FALSE,"",05:40,FALSE
fare_MAA-DEL_6E_2026-09-17_T+1_1789528445712_ww2h,MAA-DEL,EaseMyTrip,6E,6E-864,2026-09-17,T+1,8018,1760,9778,2026-09-16T02:56:05.815Z,FALSE,"",09:30,FALSE
fare_MAA-DEL_6E_2026-09-17_T+1_1789528445712_5rjc,MAA-DEL,EaseMyTrip,6E,6E-739,2026-09-17,T+1,8018,1760,9778,2026-09-16T02:56:05.815Z,FALSE,"",09:30,FALSE
fare_MAA-DEL_6E_2026-09-17_T+1_1789528445712_3nqw,MAA-DEL,EaseMyTrip,6E,6E-339,2026-09-17,T+1,8018,1760,9778,2026-09-16T02:56:05.815Z,FALSE,"",09:55,FALSE
fare_MAA-DEL_6E_2026-09-17_T+1_1789528445712_dti9,MAA-DEL,EaseMyTrip,6E,6E-787,2026-09-17,T+1,8018,1760,9778,2026-09-16T02:56:05.815Z,FALSE,"",09:55,FALSE
fare_MAA-DEL_6E_2026-09-17_T+1_1789528445712_nhie,MAA-DEL,EaseMyTrip,6E,6E-654,2026-09-17,T+1,8018,1760,9778,2026-09-16T02:56:05.815Z,FALSE,"",17:50,FALSE
fare_MAA-DEL_6E_2026-09-17_T+1_1789528445712_ibvc,MAA-DEL,EaseMyTrip,6E,6E-958,2026-09-17,T+1,8018,1760,9778,2026-09-16T02:56:05.815Z,FALSE,"",17:50,FALSE
fare_MAA-DEL_6E_2026-09-17_T+1_1789528445712_1ytw,MAA-DEL,EaseMyTrip,6E,6E-165,2026-09-17,T+1,8018,1760,9778,2026-09-16T02:56:05.815Z,FALSE,"",22:20,FALSE
fare_MAA-DEL_6E_2026-09-17_T+1_1789528445712_atdv,MAA-DEL,EaseMyTrip,6E,6E-862,2026-09-17,T+1,8018,1760,9778,2026-09-16T02:56:05.815Z,FALSE,"",22:20,FALSE
fare_MAA-DEL_6E_2026-09-17_T+1_1789528445712_r4f2,MAA-DEL,EaseMyTrip,6E,6E-990,2026-09-17,T+1,8018,1760,9778,2026-09-16T02:56:05.815Z,FALSE,"",11:10,FALSE
fare_MAA-DEL_6E_2026-09-17_T+1_1789528445712_9aie,MAA-DEL,EaseMyTrip,6E,6E-981,2026-09-17,T+1,8018,1760,9778,2026-09-16T02:56:05.815Z,FALSE,"",11:10,FALSE
fare_MAA-DEL_6E_2026-09-17_T+1_1789528445712_itpw,MAA-DEL,EaseMyTrip,6E,6E-435,2026-09-17,T+1,8018,1760,9778,2026-09-16T02:56:05.815Z,FALSE,"",11:55,FALSE
fare_MAA-DEL_6E_2026-09-17_T+1_1789528445712_ce06,MAA-DEL,EaseMyTrip,6E,6E-883,2026-09-17,T+1,8018,1760,9778,2026-09-16T02:56:05.815Z,FALSE,"",11:55,FALSE
fare_MAA-DEL_6E_2026-09-17_T+1_1789528445712_bwf2,MAA-DEL,EaseMyTrip,6E,6E-979,2026-09-17,T+1,8018,1760,9778,2026-09-16T02:56:05.815Z,FALSE,"",09:05,FALSE
fare_MAA-DEL_6E_2026-09-17_T+1_1789528445712_lp6m,MAA-DEL,EaseMyTrip,6E,6E-376,2026-09-17,T+1,8018,1760,9778,2026-09-16T02:56:05.815Z,FALSE,"",09:05,FALSE
fare_MAA-DEL_6E_2026-09-17_T+1_1789528445712_87kk,MAA-DEL,EaseMyTrip,6E,6E-533,2026-09-17,T+1,8018,1760,9778,2026-09-16T02:56:05.815Z,FALSE,"",03:10,FALSE
fare_MAA-DEL_6E_2026-09-17_T+1_1789528445712_bwiv,MAA-DEL,EaseMyTrip,6E,6E-362,2026-09-17,T+1,8018,1760,9778,2026-09-16T02:56:05.815Z,FALSE,"",03:10,FALSE
fare_MAA-DEL_6E_2026-09-17_T+1_1789528445712_o1kn,MAA-DEL,EaseMyTrip,6E,6E-6892,2026-09-17,T+1,8083,1774,9857,2026-09-16T02:56:05.815Z,FALSE,"",10:55,FALSE
fare_MAA-DEL_6E_2026-09-17_T+1_1789528445712_u4eb,MAA-DEL,EaseMyTrip,6E,6E-6815,2026-09-17,T+1,8083,1774,9857,2026-09-16T02:56:05.815Z,FALSE,"",08:55,FALSE
fare_MAA-DEL_6E_2026-09-17_T+1_1789528445712_3rlb,MAA-DEL,EaseMyTrip,6E,6E-6348,2026-09-17,T+1,8190,1798,9988,2026-09-16T02:56:05.815Z,FALSE,"",09:00,FALSE
fare_MAA-DEL_6E_2026-09-17_T+1_1789528445712_zoxn,MAA-DEL,EaseMyTrip,6E,6E-6113,2026-09-17,T+1,8190,1798,9988,2026-09-16T02:56:05.815Z,FALSE,"",17:00,FALSE
fare_MAA-DEL_6E_2026-09-17_T+1_1789528445712_qj5o,MAA-DEL,EaseMyTrip,6E,6E-663,2026-09-17,T+1,8190,1798,9988,2026-09-16T02:56:05.815Z,FALSE,"",08:20,FALSE
fare_MAA-DEL_6E_2026-09-17_T+1_1789528445712_lvg2,MAA-DEL,EaseMyTrip,6E,6E-829,2026-09-17,T+1,8190,1798,9988,2026-09-16T02:56:05.815Z,FALSE,"",08:20,FALSE
fare_MAA-DEL_6E_2026-09-17_T+1_1789528445712_22e0,MAA-DEL,EaseMyTrip,6E,6E-5258,2026-09-17,T+1,8190,1798,9988,2026-09-16T02:56:05.815Z,FALSE,"",12:45,FALSE
fare_MAA-DEL_6E_2026-09-17_T+1_1789528445712_d9xu,MAA-DEL,EaseMyTrip,6E,6E-5214,2026-09-17,T+1,8190,1798,9988,2026-09-16T02:56:05.815Z,FALSE,"",11:00,FALSE
fare_MAA-DEL_6E_2026-09-17_T+1_1789528445712_wlr4,MAA-DEL,EaseMyTrip,6E,6E-5371,2026-09-17,T+1,8190,1798,9988,2026-09-16T02:56:05.815Z,FALSE,"",14:45,FALSE
fare_MAA-DEL_6E_2026-09-17_T+1_1789528445712_32za,MAA-DEL,EaseMyTrip,6E,6E-2578,2026-09-17,T+1,8269,1815,10084,2026-09-16T02:56:05.815Z,FALSE,"",10:25,TRUE
fare_MAA-DEL_6E_2026-09-17_T+1_1789528445712_rlm6,MAA-DEL,EaseMyTrip,6E,6E-805,2026-09-17,T+1,8323,1827,10150,2026-09-16T02:56:05.815Z,FALSE,"",21:50,TRUE
fare_MAA-DEL_6E_2026-09-17_T+1_1789528445712_n351,MAA-DEL,EaseMyTrip,6E,6E-531,2026-09-17,T+1,8323,1827,10150,2026-09-16T02:56:05.815Z,FALSE,"",21:50,TRUE
fare_MAA-DEL_6E_2026-09-17_T+1_1789528445712_6ltt,MAA-DEL,EaseMyTrip,6E,6E-7084,2026-09-17,T+1,8531,1873,10404,2026-09-16T02:56:05.815Z,FALSE,"",07:20,FALSE
fare_MAA-DEL_AI_2026-09-17_T+1_1789528445712_hi4s,MAA-DEL,EaseMyTrip,AI,AI-2468,2026-09-17,T+1,8739,1918,10657,2026-09-16T02:56:05.815Z,FALSE,"",14:00,TRUE
fare_MAA-DEL_AI_2026-09-17_T+1_1789528445712_0ieb,MAA-DEL,EaseMyTrip,AI,AI-2838,2026-09-17,T+1,8739,1918,10657,2026-09-16T02:56:05.815Z,FALSE,"",21:40,TRUE
fare_MAA-DEL_6E_2026-09-17_T+1_1789528445712_gjai,MAA-DEL,EaseMyTrip,6E,6E-6487,2026-09-17,T+1,8639,1896,10535,2026-09-16T02:56:05.815Z,FALSE,"",21:25,FALSE
fare_MAA-DEL_6E_2026-09-17_T+1_1789528445712_gy6w,MAA-DEL,EaseMyTrip,6E,6E-711,2026-09-17,T+1,8639,1896,10535,2026-09-16T02:56:05.815Z,FALSE,"",20:00,FALSE
fare_MAA-DEL_6E_2026-09-17_T+1_1789528445712_pbcx,MAA-DEL,EaseMyTrip,6E,6E-903,2026-09-17,T+1,8639,1896,10535,2026-09-16T02:56:05.815Z,FALSE,"",20:00,FALSE
fare_MAA-DEL_6E_2026-09-17_T+1_1789528445712_4ewa,MAA-DEL,EaseMyTrip,6E,6E-2369,2026-09-17,T+1,8704,1911,10615,2026-09-16T02:56:05.815Z,FALSE,"",23:45,TRUE
fare_MAA-DEL_6E_2026-09-17_T+1_1789528445712_8cwf,MAA-DEL,EaseMyTrip,6E,6E-110,2026-09-17,T+1,8704,1911,10615,2026-09-16T02:56:05.815Z,FALSE,"",13:00,TRUE
fare_MAA-DEL_6E_2026-09-17_T+1_1789528445712_s7is,MAA-DEL,EaseMyTrip,6E,6E-887,2026-09-17,T+1,8704,1911,10615,2026-09-16T02:56:05.815Z,FALSE,"",13:00,TRUE
fare_MAA-DEL_6E_2026-09-17_T+1_1789528445712_uxml,MAA-DEL,EaseMyTrip,6E,6E-189,2026-09-17,T+1,8704,1911,10615,2026-09-16T02:56:05.815Z,FALSE,"",14:30,TRUE
fare_MAA-DEL_6E_2026-09-17_T+1_1789528445712_n9tk,MAA-DEL,EaseMyTrip,6E,6E-880,2026-09-17,T+1,8704,1911,10615,2026-09-16T02:56:05.815Z,FALSE,"",14:30,TRUE
fare_MAA-DEL_6E_2026-09-17_T+1_1789528445712_b56h,MAA-DEL,EaseMyTrip,6E,6E-129,2026-09-17,T+1,9106,1999,11105,2026-09-16T02:56:05.815Z,FALSE,"",16:45,TRUE
fare_MAA-DEL_6E_2026-09-17_T+1_1789528445712_yjt7,MAA-DEL,EaseMyTrip,6E,6E-765,2026-09-17,T+1,9106,1999,11105,2026-09-16T02:56:05.815Z,FALSE,"",16:45,TRUE
fare_MAA-DEL_6E_2026-09-17_T+1_1789528445712_v187,MAA-DEL,EaseMyTrip,6E,6E-6925,2026-09-17,T+1,9320,2046,11366,2026-09-16T02:56:05.815Z,FALSE,"",12:00,FALSE
fare_MAA-DEL_6E_2026-09-17_T+1_1789528445712_ql6z,MAA-DEL,EaseMyTrip,6E,6E-6002,2026-09-17,T+1,9531,2092,11623,2026-09-16T02:56:05.815Z,FALSE,"",11:10,TRUE
fare_MAA-DEL_IX_2026-09-17_T+1_1789528445712_se5l,MAA-DEL,EaseMyTrip,IX,IX-2662,2026-09-17,T+1,9792,2150,11942,2026-09-16T02:56:05.815Z,FALSE,"",21:25,FALSE
fare_MAA-DEL_6E_2026-09-17_T+1_1789528445712_i84r,MAA-DEL,EaseMyTrip,6E,6E-310,2026-09-17,T+1,9621,2112,11733,2026-09-16T02:56:05.815Z,FALSE,"",17:45,FALSE
fare_MAA-DEL_6E_2026-09-17_T+1_1789528445712_d40y,MAA-DEL,EaseMyTrip,6E,6E-523,2026-09-17,T+1,9621,2112,11733,2026-09-16T02:56:05.815Z,FALSE,"",17:45,FALSE
fare_MAA-DEL_IX_2026-09-17_T+1_1789528445712_sxgy,MAA-DEL,EaseMyTrip,IX,IX-2661,2026-09-17,T+1,10060,2208,12268,2026-09-16T02:56:05.815Z,FALSE,"",22:05,FALSE
fare_MAA-DEL_IX_2026-09-17_T+1_1789528445712_o70i,MAA-DEL,EaseMyTrip,IX,IX-2971,2026-09-17,T+1,10444,2293,12737,2026-09-16T02:56:05.815Z,FALSE,"",10:45,FALSE
fare_MAA-DEL_AI_2026-09-17_T+1_1789528445712_rbi4,MAA-DEL,EaseMyTrip,AI,AI-2836,2026-09-17,T+1,10025,2200,12225,2026-09-16T02:56:05.815Z,FALSE,"",11:00,TRUE
fare_MAA-DEL_IX_2026-09-17_T+1_1789528445712_ymas,MAA-DEL,EaseMyTrip,IX,IX-2507,2026-09-17,T+1,11154,2449,13603,2026-09-16T02:56:05.815Z,FALSE,"",15:00,FALSE
fare_MAA-DEL_IX_2026-09-17_T+1_1789528445712_weje,MAA-DEL,EaseMyTrip,IX,IX-2975,2026-09-17,T+1,10444,2293,12737,2026-09-16T02:56:05.815Z,FALSE,"",06:30,FALSE
fare_MAA-DEL_AI_2026-09-17_T+1_1789528445712_tl7m,MAA-DEL,EaseMyTrip,AI,AI-538,2026-09-17,T+1,10503,2306,12809,2026-09-16T02:56:05.815Z,FALSE,"",20:10,TRUE
fare_MAA-DEL_AI_2026-09-17_T+1_1789528445712_gm0j,MAA-DEL,EaseMyTrip,AI,AI-2484,2026-09-17,T+1,10503,2306,12809,2026-09-16T02:56:05.815Z,FALSE,"",16:20,TRUE
fare_MAA-DEL_IX_2026-09-17_T+1_1789528445712_kst0,MAA-DEL,EaseMyTrip,IX,IX-2786,2026-09-17,T+1,10608,2328,12936,2026-09-16T02:56:05.815Z,FALSE,"",07:25,FALSE
fare_MAA-DEL_6E_2026-09-17_T+1_1789528445712_n2hd,MAA-DEL,EaseMyTrip,6E,6E-597,2026-09-17,T+1,10453,2294,12747,2026-09-16T02:56:05.815Z,FALSE,"",19:00,TRUE
fare_MAA-DEL_6E_2026-09-17_T+1_1789528445712_gpbd,MAA-DEL,EaseMyTrip,6E,6E-895,2026-09-17,T+1,10453,2294,12747,2026-09-16T02:56:05.815Z,FALSE,"",19:00,TRUE
fare_MAA-DEL_6E_2026-09-17_T+1_1789528445712_corf,MAA-DEL,EaseMyTrip,6E,6E-6797,2026-09-17,T+1,10826,2376,13202,2026-09-16T02:56:05.815Z,FALSE,"",13:10,FALSE
fare_MAA-DEL_6E_2026-09-17_T+1_1789528445712_dkfb,MAA-DEL,EaseMyTrip,6E,6E-606,2026-09-17,T+1,10887,2390,13277,2026-09-16T02:56:05.815Z,FALSE,"",11:25,FALSE
fare_MAA-DEL_6E_2026-09-17_T+1_1789528445712_g1z4,MAA-DEL,EaseMyTrip,6E,6E-904,2026-09-17,T+1,10952,2404,13356,2026-09-16T02:56:05.815Z,FALSE,"",09:15,TRUE
fare_MAA-DEL_6E_2026-09-17_T+1_1789528445712_xn0y,MAA-DEL,EaseMyTrip,6E,6E-279,2026-09-17,T+1,10952,2404,13356,2026-09-16T02:56:05.815Z,FALSE,"",09:15,TRUE
fare_MAA-DEL_AI_2026-09-17_T+1_1789528445712_9nqt,MAA-DEL,EaseMyTrip,AI,AI-9481,2026-09-17,T+1,11335,2488,13823,2026-09-16T02:56:05.815Z,FALSE,"",10:45,FALSE
fare_MAA-DEL_AI_2026-09-17_T+1_1789528445712_vmgp,MAA-DEL,EaseMyTrip,AI,AI-9763,2026-09-17,T+1,11335,2488,13823,2026-09-16T02:56:05.815Z,FALSE,"",08:55,FALSE
fare_MAA-DEL_AI_2026-09-17_T+1_1789528445712_9631,MAA-DEL,EaseMyTrip,AI,AI-9427,2026-09-17,T+1,11335,2488,13823,2026-09-16T02:56:05.815Z,FALSE,"",06:30,FALSE
fare_MAA-DEL_AI_2026-09-17_T+1_1789528445712_0yrc,MAA-DEL,EaseMyTrip,AI,AI-9552,2026-09-17,T+1,11638,2555,14193,2026-09-16T02:56:05.815Z,FALSE,"",22:05,FALSE
fare_MAA-DEL_IX_2026-09-17_T+1_1789528445712_3jlz,MAA-DEL,EaseMyTrip,IX,IX-1354,2026-09-17,T+1,11879,2607,14486,2026-09-16T02:56:05.815Z,FALSE,"",14:40,FALSE
fare_MAA-DEL_AI_2026-09-17_T+1_1789528445712_xrqv,MAA-DEL,EaseMyTrip,AI,AI-9483,2026-09-17,T+1,11688,2566,14254,2026-09-16T02:56:05.815Z,FALSE,"",07:25,FALSE
fare_MAA-DEL_AI_2026-09-17_T+1_1789528445712_4ti2,MAA-DEL,EaseMyTrip,AI,AI-9479,2026-09-17,T+1,11938,2620,14558,2026-09-16T02:56:05.815Z,FALSE,"",21:25,FALSE
fare_MAA-DEL_AI_2026-09-17_T+1_1789528445712_7aqo,MAA-DEL,EaseMyTrip,AI,AI-2526,2026-09-17,T+1,12157,2669,14826,2026-09-16T02:56:05.815Z,FALSE,"",09:20,TRUE
fare_MAA-DEL_6E_2026-09-17_T+1_1789528445712_mjh6,MAA-DEL,EaseMyTrip,6E,6E-6140,2026-09-17,T+1,12571,2759,15330,2026-09-16T02:56:05.815Z,FALSE,"",02:30,FALSE
fare_MAA-DEL_6E_2026-09-17_T+1_1789528445712_emob,MAA-DEL,EaseMyTrip,6E,6E-6081,2026-09-17,T+1,12668,2781,15449,2026-09-16T02:56:05.815Z,FALSE,"",07:05,FALSE
fare_MAA-DEL_AI_2026-09-17_T+1_1789528445712_vade,MAA-DEL,EaseMyTrip,AI,AI-9775,2026-09-17,T+1,13294,2918,16212,2026-09-16T02:56:05.815Z,FALSE,"",13:45,FALSE
fare_MAA-DEL_6E_2026-09-17_T+1_1789528445712_m0qx,MAA-DEL,EaseMyTrip,6E,6E-5367,2026-09-17,T+1,13190,2895,16085,2026-09-16T02:56:05.815Z,FALSE,"",18:15,FALSE
fare_MAA-DEL_AI_2026-09-17_T+1_1789528445712_5xi7,MAA-DEL,EaseMyTrip,AI,AI-9785,2026-09-17,T+1,15110,3317,18427,2026-09-16T02:56:05.815Z,FALSE,"",09:40,FALSE
fare_MAA-DEL_6E_2026-09-17_T+1_1789528445712_65kt,MAA-DEL,EaseMyTrip,6E,6E-6209,2026-09-17,T+1,15738,3455,19193,2026-09-16T02:56:05.815Z,FALSE,"",14:35,FALSE
fare_MAA-DEL_6E_2026-09-17_T+1_1789528445712_xokf,MAA-DEL,EaseMyTrip,6E,6E-774,2026-09-17,T+1,15770,3462,19232,2026-09-16T02:56:05.815Z,FALSE,"",07:10,FALSE
fare_MAA-DEL_6E_2026-09-17_T+1_1789528445712_j7gy,MAA-DEL,EaseMyTrip,6E,6E-878,2026-09-17,T+1,15770,3462,19232,2026-09-16T02:56:05.815Z,FALSE,"",07:10,FALSE
fare_MAA-DEL_AI_2026-09-17_T+1_1789528445712_chu7,MAA-DEL,EaseMyTrip,AI,AI-436,2026-09-17,T+1,16147,3544,19691,2026-09-16T02:56:05.815Z,FALSE,"",21:10,FALSE
fare_MAA-DEL_6E_2026-09-17_T+1_1789528445712_0a43,MAA-DEL,EaseMyTrip,6E,6E-6158,2026-09-17,T+1,15987,3509,19496,2026-09-16T02:56:05.815Z,FALSE,"",16:10,FALSE
fare_MAA-DEL_6E_2026-09-17_T+1_1789528445712_5ehm,MAA-DEL,EaseMyTrip,6E,6E-535,2026-09-17,T+1,17434,3827,21261,2026-09-16T02:56:05.815Z,TRUE,"High outlier: ₹21261 > upper fence ₹19772 (Q3: ₹13823, IQR: ₹3966)",03:55,FALSE
fare_MAA-DEL_6E_2026-09-17_T+1_1789528445712_mnw9,MAA-DEL,EaseMyTrip,6E,6E-996,2026-09-17,T+1,17434,3827,21261,2026-09-16T02:56:05.815Z,TRUE,"High outlier: ₹21261 > upper fence ₹19772 (Q3: ₹13823, IQR: ₹3966)",03:55,FALSE
fare_MAA-DEL_AI_2026-09-17_T+1_1789528445712_fqdx,MAA-DEL,EaseMyTrip,AI,AI-2828,2026-09-17,T+1,17715,3889,21604,2026-09-16T02:56:05.815Z,TRUE,"High outlier: ₹21604 > upper fence ₹19772 (Q3: ₹13823, IQR: ₹3966)",05:55,FALSE
fare_MAA-DEL_6E_2026-09-17_T+1_1789528445712_ewtd,MAA-DEL,EaseMyTrip,6E,6E-628,2026-09-17,T+1,17738,3894,21632,2026-09-16T02:56:05.815Z,TRUE,"High outlier: ₹21632 > upper fence ₹19772 (Q3: ₹13823, IQR: ₹3966)",06:30,TRUE
fare_MAA-DEL_6E_2026-09-17_T+1_1789528445712_8hqp,MAA-DEL,EaseMyTrip,6E,6E-578,2026-09-17,T+1,17738,3894,21632,2026-09-16T02:56:05.815Z,TRUE,"High outlier: ₹21632 > upper fence ₹19772 (Q3: ₹13823, IQR: ₹3966)",06:30,TRUE
fare_MAA-DEL_AI_2026-09-17_T+1_1789528445712_xxy5,MAA-DEL,EaseMyTrip,AI,AI-2886,2026-09-17,T+1,19026,4176,23202,2026-09-16T02:56:05.815Z,TRUE,"High outlier: ₹23202 > upper fence ₹19772 (Q3: ₹13823, IQR: ₹3966)",06:55,TRUE
fare_MAA-DEL_AI_2026-09-17_T+1_1789528445712_h7tu,MAA-DEL,EaseMyTrip,AI,AI-9971,2026-09-17,T+1,20782,4562,25344,2026-09-16T02:56:05.815Z,TRUE,"High outlier: ₹25344 > upper fence ₹19772 (Q3: ₹13823, IQR: ₹3966)",15:00,FALSE
fare_MAA-DEL_IX_2026-09-23_T+7_1789528445713_5nqt,MAA-DEL,EaseMyTrip,IX,IX-2971,2026-09-23,T+7,7283,1599,8882,2026-09-16T02:56:12.650Z,FALSE,"",10:45,FALSE
fare_MAA-DEL_IX_2026-09-23_T+7_1789528445713_rjhg,MAA-DEL,EaseMyTrip,IX,IX-1385,2026-09-23,T+7,7283,1599,8882,2026-09-16T02:56:12.650Z,FALSE,"",08:55,FALSE
fare_MAA-DEL_IX_2026-09-23_T+7_1789528445713_k1ar,MAA-DEL,EaseMyTrip,IX,IX-2786,2026-09-23,T+7,7283,1599,8882,2026-09-16T02:56:12.650Z,FALSE,"",07:25,FALSE
fare_MAA-DEL_IX_2026-09-23_T+7_1789528445713_2n9b,MAA-DEL,EaseMyTrip,IX,IX-2975,2026-09-23,T+7,7283,1599,8882,2026-09-16T02:56:12.650Z,FALSE,"",06:30,FALSE
fare_MAA-DEL_6E_2026-09-23_T+7_1789528445713_asuy,MAA-DEL,EaseMyTrip,6E,6E-6081,2026-09-23,T+7,7333,1610,8943,2026-09-16T02:56:12.650Z,FALSE,"",07:05,FALSE
fare_MAA-DEL_6E_2026-09-23_T+7_1789528445713_fqnp,MAA-DEL,EaseMyTrip,6E,6E-545,2026-09-23,T+7,8323,1827,10150,2026-09-16T02:56:12.650Z,FALSE,"",21:50,TRUE
fare_MAA-DEL_6E_2026-09-23_T+7_1789528445713_m32f,MAA-DEL,EaseMyTrip,6E,6E-369,2026-09-23,T+7,8323,1827,10150,2026-09-16T02:56:12.650Z,FALSE,"",21:50,TRUE
fare_MAA-DEL_6E_2026-09-23_T+7_1789528445713_ng1u,MAA-DEL,EaseMyTrip,6E,6E-6002,2026-09-23,T+7,8323,1827,10150,2026-09-16T02:56:12.650Z,FALSE,"",11:10,TRUE
fare_MAA-DEL_6E_2026-09-23_T+7_1789528445713_3y59,MAA-DEL,EaseMyTrip,6E,6E-367,2026-09-23,T+7,8323,1827,10150,2026-09-16T02:56:12.650Z,FALSE,"",16:45,TRUE
fare_MAA-DEL_6E_2026-09-23_T+7_1789528445713_dsx5,MAA-DEL,EaseMyTrip,6E,6E-657,2026-09-23,T+7,8323,1827,10150,2026-09-16T02:56:12.650Z,FALSE,"",16:45,TRUE
fare_MAA-DEL_6E_2026-09-23_T+7_1789528445713_tx8d,MAA-DEL,EaseMyTrip,6E,6E-307,2026-09-23,T+7,8323,1827,10150,2026-09-16T02:56:12.650Z,FALSE,"",13:00,TRUE
fare_MAA-DEL_6E_2026-09-23_T+7_1789528445713_9djq,MAA-DEL,EaseMyTrip,6E,6E-195,2026-09-23,T+7,8323,1827,10150,2026-09-16T02:56:12.650Z,FALSE,"",13:00,TRUE
fare_MAA-DEL_6E_2026-09-23_T+7_1789528445713_0f1y,MAA-DEL,EaseMyTrip,6E,6E-194,2026-09-23,T+7,8323,1827,10150,2026-09-16T02:56:12.650Z,FALSE,"",14:30,TRUE
fare_MAA-DEL_6E_2026-09-23_T+7_1789528445713_epyd,MAA-DEL,EaseMyTrip,6E,6E-225,2026-09-23,T+7,8323,1827,10150,2026-09-16T02:56:12.650Z,FALSE,"",14:30,TRUE
fare_MAA-DEL_AI_2026-09-23_T+7_1789528445713_1uiv,MAA-DEL,EaseMyTrip,AI,AI-538,2026-09-23,T+7,8562,1880,10442,2026-09-16T02:56:12.650Z,FALSE,"",20:10,TRUE
fare_MAA-DEL_AI_2026-09-23_T+7_1789528445713_6oc9,MAA-DEL,EaseMyTrip,AI,AI-2526,2026-09-23,T+7,8562,1880,10442,2026-09-16T02:56:12.650Z,FALSE,"",09:20,TRUE
fare_MAA-DEL_AI_2026-09-23_T+7_1789528445713_n0b5,MAA-DEL,EaseMyTrip,AI,AI-2468,2026-09-23,T+7,8562,1880,10442,2026-09-16T02:56:12.650Z,FALSE,"",14:00,TRUE
fare_MAA-DEL_AI_2026-09-23_T+7_1789528445713_bk06,MAA-DEL,EaseMyTrip,AI,AI-2836,2026-09-23,T+7,8562,1880,10442,2026-09-16T02:56:12.650Z,FALSE,"",11:00,TRUE
fare_MAA-DEL_AI_2026-09-23_T+7_1789528445713_74o1,MAA-DEL,EaseMyTrip,AI,AI-2838,2026-09-23,T+7,8562,1880,10442,2026-09-16T02:56:12.650Z,FALSE,"",21:40,TRUE
fare_MAA-DEL_6E_2026-09-23_T+7_1789528445713_gbx6,MAA-DEL,EaseMyTrip,6E,6E-6487,2026-09-23,T+7,8508,1868,10376,2026-09-16T02:56:12.650Z,FALSE,"",21:25,FALSE
fare_MAA-DEL_6E_2026-09-23_T+7_1789528445713_wyu2,MAA-DEL,EaseMyTrip,6E,6E-645,2026-09-23,T+7,8508,1868,10376,2026-09-16T02:56:12.650Z,FALSE,"",09:05,FALSE
fare_MAA-DEL_6E_2026-09-23_T+7_1789528445713_c6xs,MAA-DEL,EaseMyTrip,6E,6E-662,2026-09-23,T+7,8508,1868,10376,2026-09-16T02:56:12.650Z,FALSE,"",09:05,FALSE
fare_MAA-DEL_6E_2026-09-23_T+7_1789528445713_ay9w,MAA-DEL,EaseMyTrip,6E,6E-6925,2026-09-23,T+7,8508,1868,10376,2026-09-16T02:56:12.650Z,FALSE,"",12:00,FALSE
fare_MAA-DEL_6E_2026-09-23_T+7_1789528445713_v5nf,MAA-DEL,EaseMyTrip,6E,6E-397,2026-09-23,T+7,8508,1868,10376,2026-09-16T02:56:12.650Z,FALSE,"",18:20,FALSE
fare_MAA-DEL_6E_2026-09-23_T+7_1789528445713_wi8f,MAA-DEL,EaseMyTrip,6E,6E-835,2026-09-23,T+7,8508,1868,10376,2026-09-16T02:56:12.650Z,FALSE,"",18:20,FALSE
fare_MAA-DEL_6E_2026-09-23_T+7_1789528445713_tppq,MAA-DEL,EaseMyTrip,6E,6E-773,2026-09-23,T+7,8508,1868,10376,2026-09-16T02:56:12.650Z,FALSE,"",03:55,FALSE
fare_MAA-DEL_6E_2026-09-23_T+7_1789528445713_h2os,MAA-DEL,EaseMyTrip,6E,6E-774,2026-09-23,T+7,8508,1868,10376,2026-09-16T02:56:12.650Z,FALSE,"",03:55,FALSE
fare_MAA-DEL_6E_2026-09-23_T+7_1789528445713_q632,MAA-DEL,EaseMyTrip,6E,6E-639,2026-09-23,T+7,8508,1868,10376,2026-09-16T02:56:12.650Z,FALSE,"",05:40,FALSE
fare_MAA-DEL_6E_2026-09-23_T+7_1789528445713_9ei1,MAA-DEL,EaseMyTrip,6E,6E-667,2026-09-23,T+7,8508,1868,10376,2026-09-16T02:56:12.650Z,FALSE,"",05:40,FALSE
fare_MAA-DEL_6E_2026-09-23_T+7_1789528445713_fslo,MAA-DEL,EaseMyTrip,6E,6E-6158,2026-09-23,T+7,8508,1868,10376,2026-09-16T02:56:12.650Z,FALSE,"",16:10,FALSE
fare_MAA-DEL_6E_2026-09-23_T+7_1789528445713_g9vd,MAA-DEL,EaseMyTrip,6E,6E-933,2026-09-23,T+7,8508,1868,10376,2026-09-16T02:56:12.650Z,FALSE,"",09:55,FALSE
fare_MAA-DEL_6E_2026-09-23_T+7_1789528445713_rwz2,MAA-DEL,EaseMyTrip,6E,6E-634,2026-09-23,T+7,8508,1868,10376,2026-09-16T02:56:12.650Z,FALSE,"",09:55,FALSE
fare_MAA-DEL_6E_2026-09-23_T+7_1789528445713_ebrt,MAA-DEL,EaseMyTrip,6E,6E-278,2026-09-23,T+7,8508,1868,10376,2026-09-16T02:56:12.650Z,FALSE,"",11:10,FALSE
fare_MAA-DEL_6E_2026-09-23_T+7_1789528445713_i73a,MAA-DEL,EaseMyTrip,6E,6E-898,2026-09-23,T+7,8508,1868,10376,2026-09-16T02:56:12.650Z,FALSE,"",11:10,FALSE
fare_MAA-DEL_6E_2026-09-23_T+7_1789528445713_77e7,MAA-DEL,EaseMyTrip,6E,6E-912,2026-09-23,T+7,8508,1868,10376,2026-09-16T02:56:12.650Z,FALSE,"",20:00,FALSE
fare_MAA-DEL_6E_2026-09-23_T+7_1789528445713_clcz,MAA-DEL,EaseMyTrip,6E,6E-950,2026-09-23,T+7,8508,1868,10376,2026-09-16T02:56:12.650Z,FALSE,"",20:00,FALSE
fare_MAA-DEL_6E_2026-09-23_T+7_1789528445713_nxw5,MAA-DEL,EaseMyTrip,6E,6E-780,2026-09-23,T+7,8508,1868,10376,2026-09-16T02:56:12.650Z,FALSE,"",09:05,FALSE
fare_MAA-DEL_6E_2026-09-23_T+7_1789528445713_l1z9,MAA-DEL,EaseMyTrip,6E,6E-577,2026-09-23,T+7,8508,1868,10376,2026-09-16T02:56:12.650Z,FALSE,"",09:05,FALSE
fare_MAA-DEL_6E_2026-09-23_T+7_1789528445713_xspj,MAA-DEL,EaseMyTrip,6E,6E-101,2026-09-23,T+7,8508,1868,10376,2026-09-16T02:56:12.650Z,FALSE,"",18:15,FALSE
fare_MAA-DEL_6E_2026-09-23_T+7_1789528445713_pvq2,MAA-DEL,EaseMyTrip,6E,6E-603,2026-09-23,T+7,8508,1868,10376,2026-09-16T02:56:12.650Z,FALSE,"",18:15,FALSE
fare_MAA-DEL_6E_2026-09-23_T+7_1789528445713_gqtm,MAA-DEL,EaseMyTrip,6E,6E-480,2026-09-23,T+7,8508,1868,10376,2026-09-16T02:56:12.650Z,FALSE,"",03:10,FALSE
fare_MAA-DEL_6E_2026-09-23_T+7_1789528445713_wr8t,MAA-DEL,EaseMyTrip,6E,6E-364,2026-09-23,T+7,8508,1868,10376,2026-09-16T02:56:12.650Z,FALSE,"",03:10,FALSE
fare_MAA-DEL_6E_2026-09-23_T+7_1789528445713_ilsw,MAA-DEL,EaseMyTrip,6E,6E-382,2026-09-23,T+7,8508,1868,10376,2026-09-16T02:56:12.650Z,FALSE,"",16:35,FALSE
fare_MAA-DEL_6E_2026-09-23_T+7_1789528445713_r3e7,MAA-DEL,EaseMyTrip,6E,6E-746,2026-09-23,T+7,8508,1868,10376,2026-09-16T02:56:12.650Z,FALSE,"",16:35,FALSE
fare_MAA-DEL_6E_2026-09-23_T+7_1789528445713_pjfs,MAA-DEL,EaseMyTrip,6E,6E-6892,2026-09-23,T+7,8572,1882,10454,2026-09-16T02:56:12.650Z,FALSE,"",10:55,FALSE
fare_MAA-DEL_6E_2026-09-23_T+7_1789528445713_0uo5,MAA-DEL,EaseMyTrip,6E,6E-6209,2026-09-23,T+7,8572,1882,10454,2026-09-16T02:56:12.650Z,FALSE,"",14:35,FALSE
fare_MAA-DEL_6E_2026-09-23_T+7_1789528445713_9h5i,MAA-DEL,EaseMyTrip,6E,6E-6815,2026-09-23,T+7,8572,1882,10454,2026-09-16T02:56:12.650Z,FALSE,"",08:55,FALSE
fare_MAA-DEL_6E_2026-09-23_T+7_1789528445713_pj21,MAA-DEL,EaseMyTrip,6E,6E-6812,2026-09-23,T+7,8572,1882,10454,2026-09-16T02:56:12.650Z,FALSE,"",20:00,FALSE
fare_MAA-DEL_6E_2026-09-23_T+7_1789528445713_g08k,MAA-DEL,EaseMyTrip,6E,6E-136,2026-09-23,T+7,8644,1898,10542,2026-09-16T02:56:12.650Z,FALSE,"",12:30,FALSE
fare_MAA-DEL_6E_2026-09-23_T+7_1789528445713_odx0,MAA-DEL,EaseMyTrip,6E,6E-956,2026-09-23,T+7,8644,1898,10542,2026-09-16T02:56:12.650Z,FALSE,"",12:30,FALSE
fare_MAA-DEL_6E_2026-09-23_T+7_1789528445713_zt8q,MAA-DEL,EaseMyTrip,6E,6E-6348,2026-09-23,T+7,8681,1905,10586,2026-09-16T02:56:12.650Z,FALSE,"",09:00,FALSE
fare_MAA-DEL_6E_2026-09-23_T+7_1789528445713_9wco,MAA-DEL,EaseMyTrip,6E,6E-6140,2026-09-23,T+7,8681,1905,10586,2026-09-16T02:56:12.650Z,FALSE,"",02:30,FALSE
fare_MAA-DEL_6E_2026-09-23_T+7_1789528445713_5rj9,MAA-DEL,EaseMyTrip,6E,6E-910,2026-09-23,T+7,8681,1905,10586,2026-09-16T02:56:12.650Z,FALSE,"",08:20,FALSE
fare_MAA-DEL_6E_2026-09-23_T+7_1789528445713_ppbt,MAA-DEL,EaseMyTrip,6E,6E-832,2026-09-23,T+7,8681,1905,10586,2026-09-16T02:56:12.650Z,FALSE,"",08:20,FALSE
fare_MAA-DEL_6E_2026-09-23_T+7_1789528445713_tqdw,MAA-DEL,EaseMyTrip,6E,6E-5258,2026-09-23,T+7,8681,1905,10586,2026-09-16T02:56:12.650Z,FALSE,"",12:45,FALSE
fare_MAA-DEL_6E_2026-09-23_T+7_1789528445713_w122,MAA-DEL,EaseMyTrip,6E,6E-5367,2026-09-23,T+7,8681,1905,10586,2026-09-16T02:56:12.650Z,FALSE,"",18:15,FALSE
fare_MAA-DEL_6E_2026-09-23_T+7_1789528445713_qg8z,MAA-DEL,EaseMyTrip,6E,6E-5214,2026-09-23,T+7,8681,1905,10586,2026-09-16T02:56:12.650Z,FALSE,"",11:00,FALSE
fare_MAA-DEL_6E_2026-09-23_T+7_1789528445713_382d,MAA-DEL,EaseMyTrip,6E,6E-5371,2026-09-23,T+7,8681,1905,10586,2026-09-16T02:56:12.650Z,FALSE,"",14:45,FALSE
fare_MAA-DEL_6E_2026-09-23_T+7_1789528445713_95wn,MAA-DEL,EaseMyTrip,6E,6E-5104,2026-09-23,T+7,8681,1905,10586,2026-09-16T02:56:12.650Z,FALSE,"",16:40,FALSE
fare_MAA-DEL_6E_2026-09-23_T+7_1789528445713_scex,MAA-DEL,EaseMyTrip,6E,6E-629,2026-09-23,T+7,8704,1911,10615,2026-09-16T02:56:12.650Z,FALSE,"",19:00,TRUE
fare_MAA-DEL_6E_2026-09-23_T+7_1789528445713_s90y,MAA-DEL,EaseMyTrip,6E,6E-274,2026-09-23,T+7,8704,1911,10615,2026-09-16T02:56:12.650Z,FALSE,"",19:00,TRUE
fare_MAA-DEL_6E_2026-09-23_T+7_1789528445713_h1nd,MAA-DEL,EaseMyTrip,6E,6E-2369,2026-09-23,T+7,8704,1911,10615,2026-09-16T02:56:12.650Z,FALSE,"",23:45,TRUE
fare_MAA-DEL_6E_2026-09-23_T+7_1789528445713_7qek,MAA-DEL,EaseMyTrip,6E,6E-319,2026-09-23,T+7,8809,1934,10743,2026-09-16T02:56:12.650Z,FALSE,"",17:45,FALSE
fare_MAA-DEL_6E_2026-09-23_T+7_1789528445713_by1f,MAA-DEL,EaseMyTrip,6E,6E-878,2026-09-23,T+7,8809,1934,10743,2026-09-16T02:56:12.650Z,FALSE,"",17:45,FALSE
fare_MAA-DEL_IX_2026-09-23_T+7_1789528445713_86ro,MAA-DEL,EaseMyTrip,IX,IX-2507,2026-09-23,T+7,9536,2093,11629,2026-09-16T02:56:12.650Z,FALSE,"",16:30,FALSE
fare_MAA-DEL_6E_2026-09-23_T+7_1789528445713_hvqw,MAA-DEL,EaseMyTrip,6E,6E-550,2026-09-23,T+7,9106,1999,11105,2026-09-16T02:56:12.650Z,FALSE,"",09:15,TRUE
fare_MAA-DEL_6E_2026-09-23_T+7_1789528445713_si56,MAA-DEL,EaseMyTrip,6E,6E-977,2026-09-23,T+7,9106,1999,11105,2026-09-16T02:56:12.650Z,FALSE,"",09:15,TRUE
fare_MAA-DEL_IX_2026-09-23_T+7_1789528445713_fhde,MAA-DEL,EaseMyTrip,IX,IX-2662,2026-09-23,T+7,9701,2129,11830,2026-09-16T02:56:12.650Z,FALSE,"",21:25,FALSE
fare_MAA-DEL_AI_2026-09-23_T+7_1789528445713_ne5x,MAA-DEL,EaseMyTrip,AI,AI-2484,2026-09-23,T+7,9817,2155,11972,2026-09-16T02:56:12.650Z,FALSE,"",16:20,TRUE
fare_MAA-DEL_AI_2026-09-23_T+7_1789528445713_g0nu,MAA-DEL,EaseMyTrip,AI,AI-9763,2026-09-23,T+7,10138,2225,12363,2026-09-16T02:56:12.650Z,FALSE,"",08:55,FALSE
fare_MAA-DEL_AI_2026-09-23_T+7_1789528445713_rys3,MAA-DEL,EaseMyTrip,AI,AI-9483,2026-09-23,T+7,10138,2225,12363,2026-09-16T02:56:12.650Z,FALSE,"",07:25,FALSE
fare_MAA-DEL_AI_2026-09-23_T+7_1789528445713_myyn,MAA-DEL,EaseMyTrip,AI,AI-9481,2026-09-23,T+7,10138,2225,12363,2026-09-16T02:56:12.650Z,FALSE,"",10:45,FALSE
fare_MAA-DEL_AI_2026-09-23_T+7_1789528445713_zdom,MAA-DEL,EaseMyTrip,AI,AI-9427,2026-09-23,T+7,10138,2225,12363,2026-09-16T02:56:12.650Z,FALSE,"",06:30,FALSE
fare_MAA-DEL_AI_2026-09-23_T+7_1789528445713_vvex,MAA-DEL,EaseMyTrip,AI,AI-9971,2026-09-23,T+7,10138,2225,12363,2026-09-16T02:56:12.650Z,FALSE,"",16:30,FALSE
fare_MAA-DEL_AI_2026-09-23_T+7_1789528445713_ci1m,MAA-DEL,EaseMyTrip,AI,AI-9479,2026-09-23,T+7,10302,2261,12563,2026-09-16T02:56:12.650Z,FALSE,"",21:25,FALSE
fare_MAA-DEL_QP_2026-09-23_T+7_1789528445713_u1f8,MAA-DEL,EaseMyTrip,QP,QP-1146,2026-09-23,T+7,10187,2236,12423,2026-09-16T02:56:12.650Z,FALSE,"",13:35,FALSE
fare_MAA-DEL_IX_2026-09-23_T+7_1789528445713_sjna,MAA-DEL,EaseMyTrip,IX,IX-2661,2026-09-23,T+7,10663,2341,13004,2026-09-16T02:56:12.650Z,FALSE,"",22:05,FALSE
fare_MAA-DEL_6E_2026-09-23_T+7_1789528445713_608e,MAA-DEL,EaseMyTrip,6E,6E-994,2026-09-23,T+7,10766,2363,13129,2026-09-16T02:56:12.650Z,FALSE,"",17:50,FALSE
fare_MAA-DEL_6E_2026-09-23_T+7_1789528445713_z9u5,MAA-DEL,EaseMyTrip,6E,6E-637,2026-09-23,T+7,10766,2363,13129,2026-09-16T02:56:12.650Z,FALSE,"",17:50,FALSE
fare_MAA-DEL_6E_2026-09-23_T+7_1789528445713_0j44,MAA-DEL,EaseMyTrip,6E,6E-955,2026-09-23,T+7,10766,2363,13129,2026-09-16T02:56:12.650Z,FALSE,"",22:20,FALSE
fare_MAA-DEL_6E_2026-09-23_T+7_1789528445713_8dlq,MAA-DEL,EaseMyTrip,6E,6E-571,2026-09-23,T+7,11594,2545,14139,2026-09-16T02:56:12.650Z,FALSE,"",16:15,FALSE
fare_MAA-DEL_6E_2026-09-23_T+7_1789528445713_x9rv,MAA-DEL,EaseMyTrip,6E,6E-826,2026-09-23,T+7,11594,2545,14139,2026-09-16T02:56:12.650Z,FALSE,"",16:15,FALSE
fare_MAA-DEL_AI_2026-09-23_T+7_1789528445713_oium,MAA-DEL,EaseMyTrip,AI,AI-9783,2026-09-23,T+7,12435,2730,15165,2026-09-16T02:56:12.650Z,FALSE,"",19:40,FALSE
fare_MAA-DEL_AI_2026-09-23_T+7_1789528445713_08nj,MAA-DEL,EaseMyTrip,AI,AI-9775,2026-09-23,T+7,12526,2750,15276,2026-09-16T02:56:12.650Z,FALSE,"",13:45,FALSE
fare_MAA-DEL_6E_2026-09-23_T+7_1789528445713_83hn,MAA-DEL,EaseMyTrip,6E,6E-107,2026-09-23,T+7,12516,2747,15263,2026-09-16T02:56:12.650Z,FALSE,"",07:10,FALSE
fare_MAA-DEL_6E_2026-09-23_T+7_1789528445713_snx4,MAA-DEL,EaseMyTrip,6E,6E-322,2026-09-23,T+7,12516,2747,15263,2026-09-16T02:56:12.650Z,FALSE,"",07:10,FALSE
fare_MAA-DEL_6E_2026-09-23_T+7_1789528445713_5pzc,MAA-DEL,EaseMyTrip,6E,6E-954,2026-09-23,T+7,12619,2770,15389,2026-09-16T02:56:12.650Z,FALSE,"",06:30,TRUE
fare_MAA-DEL_6E_2026-09-23_T+7_1789528445713_9krc,MAA-DEL,EaseMyTrip,6E,6E-682,2026-09-23,T+7,12619,2770,15389,2026-09-16T02:56:12.650Z,FALSE,"",06:30,TRUE
fare_MAA-DEL_IX_2026-09-23_T+7_1789528445713_2s5l,MAA-DEL,EaseMyTrip,IX,IX-1354,2026-09-23,T+7,14010,3075,17085,2026-09-16T02:56:12.650Z,FALSE,"",14:40,FALSE
fare_MAA-DEL_6E_2026-09-23_T+7_1789528445713_skwn,MAA-DEL,EaseMyTrip,6E,6E-527,2026-09-23,T+7,13710,3010,16720,2026-09-16T02:56:12.650Z,FALSE,"",08:10,FALSE
fare_MAA-DEL_6E_2026-09-23_T+7_1789528445713_rzy7,MAA-DEL,EaseMyTrip,6E,6E-253,2026-09-23,T+7,13710,3010,16720,2026-09-16T02:56:12.650Z,FALSE,"",08:10,FALSE
fare_MAA-DEL_AI_2026-09-23_T+7_1789528445713_rh5q,MAA-DEL,EaseMyTrip,AI,AI-9785,2026-09-23,T+7,14045,3083,17128,2026-09-16T02:56:12.650Z,TRUE,"High outlier: ₹17128 > upper fence ₹17104 (Q3: ₹13067, IQR: ₹2691)",09:40,FALSE
fare_MAA-DEL_6E_2026-09-23_T+7_1789528445713_a2d6,MAA-DEL,EaseMyTrip,6E,6E-596,2026-09-23,T+7,13959,3064,17023,2026-09-16T02:56:12.650Z,FALSE,"",07:10,FALSE
fare_MAA-DEL_AI_2026-09-23_T+7_1789528445713_yit2,MAA-DEL,EaseMyTrip,AI,AI-9552,2026-09-23,T+7,14333,3146,17479,2026-09-16T02:56:12.650Z,TRUE,"High outlier: ₹17479 > upper fence ₹17104 (Q3: ₹13067, IQR: ₹2691)",22:05,FALSE
fare_MAA-DEL_AI_2026-09-23_T+7_1789528445713_zx99,MAA-DEL,EaseMyTrip,AI,AI-2822,2026-09-23,T+7,14976,3288,18264,2026-09-16T02:56:12.650Z,TRUE,"High outlier: ₹18264 > upper fence ₹17104 (Q3: ₹13067, IQR: ₹2691)",09:35,FALSE
fare_MAA-DEL_AI_2026-09-23_T+7_1789528445713_kpyz,MAA-DEL,EaseMyTrip,AI,AI-2779,2026-09-23,T+7,14976,3288,18264,2026-09-16T02:56:12.650Z,TRUE,"High outlier: ₹18264 > upper fence ₹17104 (Q3: ₹13067, IQR: ₹2691)",06:25,FALSE
fare_MAA-DEL_AI_2026-09-23_T+7_1789528445713_0pjv,MAA-DEL,EaseMyTrip,AI,AI-2828,2026-09-23,T+7,14976,3288,18264,2026-09-16T02:56:12.650Z,TRUE,"High outlier: ₹18264 > upper fence ₹17104 (Q3: ₹13067, IQR: ₹2691)",05:55,FALSE
fare_MAA-DEL_AI_2026-09-23_T+7_1789528445713_cffm,MAA-DEL,EaseMyTrip,AI,AI-2740,2026-09-23,T+7,14976,3288,18264,2026-09-16T02:56:12.650Z,TRUE,"High outlier: ₹18264 > upper fence ₹17104 (Q3: ₹13067, IQR: ₹2691)",16:00,FALSE
fare_MAA-DEL_AI_2026-09-23_T+7_1789528445713_dlj3,MAA-DEL,EaseMyTrip,AI,AI-436,2026-09-23,T+7,15120,3319,18439,2026-09-16T02:56:12.650Z,TRUE,"High outlier: ₹18439 > upper fence ₹17104 (Q3: ₹13067, IQR: ₹2691)",21:10,FALSE
fare_MAA-DEL_AI_2026-09-23_T+7_1789528445713_vs92,MAA-DEL,EaseMyTrip,AI,AI-640,2026-09-23,T+7,15263,3350,18613,2026-09-16T02:56:12.650Z,TRUE,"High outlier: ₹18613 > upper fence ₹17104 (Q3: ₹13067, IQR: ₹2691)",17:00,FALSE
fare_MAA-DEL_AI_2026-09-23_T+7_1789528445713_e4p0,MAA-DEL,EaseMyTrip,AI,AI-2886,2026-09-23,T+7,15366,3373,18739,2026-09-16T02:56:12.650Z,TRUE,"High outlier: ₹18739 > upper fence ₹17104 (Q3: ₹13067, IQR: ₹2691)",06:55,TRUE
fare_MAA-DEL_6E_2026-09-23_T+7_1789528445713_1udr,MAA-DEL,EaseMyTrip,6E,6E-111,2026-09-23,T+7,20120,4417,24537,2026-09-16T02:56:12.650Z,TRUE,"High outlier: ₹24537 > upper fence ₹17104 (Q3: ₹13067, IQR: ₹2691)",08:10,FALSE
fare_MAA-DEL_6E_2026-09-23_T+7_1789528445713_r9b5,MAA-DEL,EaseMyTrip,6E,6E-113,2026-09-23,T+7,20120,4417,24537,2026-09-16T02:56:12.650Z,TRUE,"High outlier: ₹24537 > upper fence ₹17104 (Q3: ₹13067, IQR: ₹2691)",08:10,FALSE