id,route_id,source,carrier,flight_number,flight_date,booking_window,base_fare,taxes,total_fare,scraped_at,is_outlier,outlier_reason,departure_time,is_nonstop
fare_BLR-BOM_6E_2026-09-20_T+7_1789268425648_ejqb,BLR-BOM,EaseMyTrip,6E,6E-5205,2026-09-20,T+7,4620,1014,5634,2026-09-13T02:40:37.337Z,FALSE,"",03:45,TRUE
fare_BLR-BOM_QP_2026-09-20_T+7_1789268425648_6xsc,BLR-BOM,EaseMyTrip,QP,QP-1381,2026-09-20,T+7,4909,1078,5987,2026-09-13T02:40:37.337Z,FALSE,"",04:50,TRUE
fare_BLR-BOM_AI_2026-09-20_T+7_1789268425648_tkph,BLR-BOM,EaseMyTrip,AI,AI-2811,2026-09-20,T+7,5099,1119,6218,2026-09-13T02:40:37.337Z,FALSE,"",23:40,TRUE
fare_BLR-BOM_6E_2026-09-20_T+7_1789268425648_ueiv,BLR-BOM,EaseMyTrip,6E,6E-5089,2026-09-20,T+7,5050,1109,6159,2026-09-13T02:40:37.337Z,FALSE,"",05:30,TRUE
fare_BLR-BOM_6E_2026-09-20_T+7_1789268425648_bcgi,BLR-BOM,EaseMyTrip,6E,6E-5293,2026-09-20,T+7,5050,1109,6159,2026-09-13T02:40:37.337Z,FALSE,"",01:00,TRUE
fare_BLR-BOM_QP_2026-09-20_T+7_1789268425648_zasn,BLR-BOM,EaseMyTrip,QP,QP-1515,2026-09-20,T+7,5308,1165,6473,2026-09-13T02:40:37.337Z,FALSE,"",06:20,TRUE
fare_BLR-BOM_AI_2026-09-20_T+7_1789268425648_5ma5,BLR-BOM,EaseMyTrip,AI,AI-2858,2026-09-20,T+7,5774,1267,7041,2026-09-13T02:40:37.337Z,FALSE,"",02:20,TRUE
fare_BLR-BOM_6E_2026-09-20_T+7_1789268425648_1qji,BLR-BOM,EaseMyTrip,6E,6E-2086,2026-09-20,T+7,5667,1244,6911,2026-09-13T02:40:37.337Z,FALSE,"",09:20,TRUE
fare_BLR-BOM_6E_2026-09-20_T+7_1789268425648_1l7s,BLR-BOM,EaseMyTrip,6E,6E-5051,2026-09-20,T+7,5725,1257,6982,2026-09-13T02:40:37.337Z,FALSE,"",08:30,TRUE
fare_BLR-BOM_6E_2026-09-20_T+7_1789268425648_c99o,BLR-BOM,EaseMyTrip,6E,6E-5216,2026-09-20,T+7,5725,1257,6982,2026-09-13T02:40:37.337Z,FALSE,"",07:25,TRUE
fare_BLR-BOM_AI_2026-09-20_T+7_1789268425648_n4ru,BLR-BOM,EaseMyTrip,AI,AI-2411,2026-09-20,T+7,5938,1304,7242,2026-09-13T02:40:37.337Z,FALSE,"",08:20,TRUE
fare_BLR-BOM_QP_2026-09-20_T+7_1789268425648_f43u,BLR-BOM,EaseMyTrip,QP,QP-1517,2026-09-20,T+7,5975,1312,7287,2026-09-13T02:40:37.337Z,FALSE,"",07:40,TRUE
fare_BLR-BOM_6E_2026-09-20_T+7_1789268425648_cn39,BLR-BOM,EaseMyTrip,6E,6E-5094,2026-09-20,T+7,5984,1313,7297,2026-09-13T02:40:37.337Z,FALSE,"",22:20,TRUE
fare_BLR-BOM_6E_2026-09-20_T+7_1789268425648_65j7,BLR-BOM,EaseMyTrip,6E,6E-6554,2026-09-20,T+7,5993,1315,7308,2026-09-13T02:40:37.337Z,FALSE,"",19:15,FALSE
fare_BLR-BOM_AI_2026-09-20_T+7_1789268425648_3ivh,BLR-BOM,EaseMyTrip,AI,AI-2402,2026-09-20,T+7,6197,1360,7557,2026-09-13T02:40:37.337Z,FALSE,"",06:35,TRUE
fare_BLR-BOM_AI_2026-09-20_T+7_1789268425648_xg6r,BLR-BOM,EaseMyTrip,AI,AI-2642,2026-09-20,T+7,6197,1360,7557,2026-09-13T02:40:37.337Z,FALSE,"",21:30,TRUE
fare_BLR-BOM_6E_2026-09-20_T+7_1789268425648_kcz1,BLR-BOM,EaseMyTrip,6E,6E-6178,2026-09-20,T+7,6100,1339,7439,2026-09-13T02:40:37.337Z,FALSE,"",06:25,FALSE
fare_BLR-BOM_6E_2026-09-20_T+7_1789268425648_3045,BLR-BOM,EaseMyTrip,6E,6E-731,2026-09-20,T+7,6100,1339,7439,2026-09-13T02:40:37.337Z,FALSE,"",08:15,FALSE
fare_BLR-BOM_6E_2026-09-20_T+7_1789268425648_pe2m,BLR-BOM,EaseMyTrip,6E,6E-858,2026-09-20,T+7,6100,1339,7439,2026-09-13T02:40:37.337Z,FALSE,"",08:15,FALSE
fare_BLR-BOM_AI_2026-09-20_T+7_1789268425648_4qsj,BLR-BOM,EaseMyTrip,AI,AI-2840,2026-09-20,T+7,6266,1376,7642,2026-09-13T02:40:37.337Z,FALSE,"",22:30,TRUE
fare_BLR-BOM_AI_2026-09-20_T+7_1789268425648_zz3s,BLR-BOM,EaseMyTrip,AI,AI-2604,2026-09-20,T+7,6300,1383,7683,2026-09-13T02:40:37.337Z,FALSE,"",09:15,TRUE
fare_BLR-BOM_6E_2026-09-20_T+7_1789268425648_09tv,BLR-BOM,EaseMyTrip,6E,6E-6863,2026-09-20,T+7,6207,1363,7570,2026-09-13T02:40:37.337Z,FALSE,"",08:20,FALSE
fare_BLR-BOM_QP_2026-09-20_T+7_1789268425648_th4y,BLR-BOM,EaseMyTrip,QP,QP-1134,2026-09-20,T+7,6218,1365,7583,2026-09-13T02:40:37.337Z,FALSE,"",22:55,TRUE
fare_BLR-BOM_6E_2026-09-20_T+7_1789268425648_eb8z,BLR-BOM,EaseMyTrip,6E,6E-110,2026-09-20,T+7,6272,1377,7649,2026-09-13T02:40:37.337Z,FALSE,"",10:50,FALSE
fare_BLR-BOM_6E_2026-09-20_T+7_1789268425648_oprd,BLR-BOM,EaseMyTrip,6E,6E-228,2026-09-20,T+7,6272,1377,7649,2026-09-13T02:40:37.337Z,FALSE,"",10:50,FALSE
fare_BLR-BOM_6E_2026-09-20_T+7_1789268425648_9uwv,BLR-BOM,EaseMyTrip,6E,6E-6507,2026-09-20,T+7,6272,1377,7649,2026-09-13T02:40:37.337Z,FALSE,"",13:15,FALSE
fare_BLR-BOM_6E_2026-09-20_T+7_1789268425648_yy53,BLR-BOM,EaseMyTrip,6E,6E-6077,2026-09-20,T+7,6272,1377,7649,2026-09-13T02:40:37.337Z,FALSE,"",20:20,FALSE
fare_BLR-BOM_6E_2026-09-20_T+7_1789268425648_gsr1,BLR-BOM,EaseMyTrip,6E,6E-6423,2026-09-20,T+7,6272,1377,7649,2026-09-13T02:40:37.337Z,FALSE,"",20:00,FALSE
fare_BLR-BOM_6E_2026-09-20_T+7_1789268425648_mxoy,BLR-BOM,EaseMyTrip,6E,6E-6595,2026-09-20,T+7,6272,1377,7649,2026-09-13T02:40:37.337Z,FALSE,"",13:55,FALSE
fare_BLR-BOM_6E_2026-09-20_T+7_1789268425648_8l22,BLR-BOM,EaseMyTrip,6E,6E-901,2026-09-20,T+7,6272,1377,7649,2026-09-13T02:40:37.337Z,FALSE,"",17:15,FALSE
fare_BLR-BOM_6E_2026-09-20_T+7_1789268425648_fcev,BLR-BOM,EaseMyTrip,6E,6E-670,2026-09-20,T+7,6272,1377,7649,2026-09-13T02:40:37.337Z,FALSE,"",17:15,FALSE
fare_BLR-BOM_6E_2026-09-20_T+7_1789268425648_j49z,BLR-BOM,EaseMyTrip,6E,6E-6269,2026-09-20,T+7,6272,1377,7649,2026-09-13T02:40:37.337Z,FALSE,"",07:15,FALSE
fare_BLR-BOM_6E_2026-09-20_T+7_1789268425648_2x01,BLR-BOM,EaseMyTrip,6E,6E-150,2026-09-20,T+7,6272,1377,7649,2026-09-13T02:40:37.337Z,FALSE,"",10:50,FALSE
fare_BLR-BOM_6E_2026-09-20_T+7_1789268425648_5cm1,BLR-BOM,EaseMyTrip,6E,6E-639,2026-09-20,T+7,6272,1377,7649,2026-09-13T02:40:37.337Z,FALSE,"",10:50,FALSE
fare_BLR-BOM_6E_2026-09-20_T+7_1789268425648_hipv,BLR-BOM,EaseMyTrip,6E,6E-6208,2026-09-20,T+7,6272,1377,7649,2026-09-13T02:40:37.337Z,FALSE,"",12:45,FALSE
fare_BLR-BOM_6E_2026-09-20_T+7_1789268425648_jq9x,BLR-BOM,EaseMyTrip,6E,6E-326,2026-09-20,T+7,6272,1377,7649,2026-09-13T02:40:37.337Z,FALSE,"",16:50,FALSE
fare_BLR-BOM_6E_2026-09-20_T+7_1789268425648_6nvg,BLR-BOM,EaseMyTrip,6E,6E-248,2026-09-20,T+7,6272,1377,7649,2026-09-13T02:40:37.337Z,FALSE,"",16:50,FALSE
fare_BLR-BOM_6E_2026-09-20_T+7_1789268425648_ypct,BLR-BOM,EaseMyTrip,6E,6E-6017,2026-09-20,T+7,6272,1377,7649,2026-09-13T02:40:37.337Z,FALSE,"",18:15,FALSE
fare_BLR-BOM_6E_2026-09-20_T+7_1789268425648_aius,BLR-BOM,EaseMyTrip,6E,6E-6562,2026-09-20,T+7,6272,1377,7649,2026-09-13T02:40:37.337Z,FALSE,"",21:50,FALSE
fare_BLR-BOM_IX_2026-09-20_T+7_1789268425648_lc53,BLR-BOM,EaseMyTrip,IX,IX-1581,2026-09-20,T+7,7179,1576,8755,2026-09-13T02:40:37.337Z,FALSE,"",18:40,TRUE
fare_BLR-BOM_6E_2026-09-20_T+7_1789268425648_det0,BLR-BOM,EaseMyTrip,6E,6E-412,2026-09-20,T+7,6380,1400,7780,2026-09-13T02:40:37.337Z,FALSE,"",17:55,FALSE
fare_BLR-BOM_6E_2026-09-20_T+7_1789268425648_femr,BLR-BOM,EaseMyTrip,6E,6E-121,2026-09-20,T+7,6380,1400,7780,2026-09-13T02:40:37.337Z,FALSE,"",17:55,FALSE
fare_BLR-BOM_IX_2026-09-20_T+7_1789268425648_y5cn,BLR-BOM,EaseMyTrip,IX,IX-2116,2026-09-20,T+7,7300,1602,8902,2026-09-13T02:40:37.337Z,FALSE,"",21:00,FALSE
fare_BLR-BOM_6E_2026-09-20_T+7_1789268425648_9ar2,BLR-BOM,EaseMyTrip,6E,6E-790,2026-09-20,T+7,6717,1474,8191,2026-09-13T02:40:37.337Z,FALSE,"",05:10,FALSE
fare_BLR-BOM_6E_2026-09-20_T+7_1789268425648_0y38,BLR-BOM,EaseMyTrip,6E,6E-327,2026-09-20,T+7,6717,1474,8191,2026-09-13T02:40:37.337Z,FALSE,"",05:10,FALSE
fare_BLR-BOM_6E_2026-09-20_T+7_1789268425648_ud0m,BLR-BOM,EaseMyTrip,6E,6E-6168,2026-09-20,T+7,6878,1510,8388,2026-09-13T02:40:37.337Z,FALSE,"",17:40,FALSE
fare_BLR-BOM_6E_2026-09-20_T+7_1789268425648_mv80,BLR-BOM,EaseMyTrip,6E,6E-6753,2026-09-20,T+7,6878,1510,8388,2026-09-13T02:40:37.337Z,FALSE,"",15:15,FALSE
fare_BLR-BOM_6E_2026-09-20_T+7_1789268425648_d0un,BLR-BOM,EaseMyTrip,6E,6E-6653,2026-09-20,T+7,6878,1510,8388,2026-09-13T02:40:37.337Z,FALSE,"",12:35,FALSE
fare_BLR-BOM_6E_2026-09-20_T+7_1789268425648_ksqk,BLR-BOM,EaseMyTrip,6E,6E-5237,2026-09-20,T+7,6931,1521,8452,2026-09-13T02:40:37.337Z,FALSE,"",10:15,TRUE
fare_BLR-BOM_IX_2026-09-20_T+7_1789268425648_gjb8,BLR-BOM,EaseMyTrip,IX,IX-1360,2026-09-20,T+7,7792,1710,9502,2026-09-13T02:40:37.337Z,FALSE,"",20:55,TRUE
fare_BLR-BOM_6E_2026-09-20_T+7_1789268425648_nq54,BLR-BOM,EaseMyTrip,6E,6E-6445,2026-09-20,T+7,7201,1581,8782,2026-09-13T02:40:37.337Z,FALSE,"",10:25,FALSE
fare_BLR-BOM_QP_2026-09-20_T+7_1789268425648_7301,BLR-BOM,EaseMyTrip,QP,QP-1528,2026-09-20,T+7,7309,1604,8913,2026-09-13T02:40:37.337Z,FALSE,"",10:20,TRUE
fare_BLR-BOM_6E_2026-09-20_T+7_1789268425648_drxk,BLR-BOM,EaseMyTrip,6E,6E-5376,2026-09-20,T+7,7361,1616,8977,2026-09-13T02:40:37.337Z,FALSE,"",20:15,TRUE
fare_BLR-BOM_6E_2026-09-20_T+7_1789268425648_4pfx,BLR-BOM,EaseMyTrip,6E,6E-5218,2026-09-20,T+7,7361,1616,8977,2026-09-13T02:40:37.337Z,FALSE,"",13:00,TRUE
fare_BLR-BOM_AI_2026-09-20_T+7_1789268425648_wn32,BLR-BOM,EaseMyTrip,AI,AI-2852,2026-09-20,T+7,7706,1691,9397,2026-09-13T02:40:37.337Z,FALSE,"",10:30,TRUE
fare_BLR-BOM_AI_2026-09-20_T+7_1789268425648_4yjt,BLR-BOM,EaseMyTrip,AI,AI-2850,2026-09-20,T+7,7706,1691,9397,2026-09-13T02:40:37.337Z,FALSE,"",20:30,TRUE
fare_BLR-BOM_6E_2026-09-20_T+7_1789268425648_fl40,BLR-BOM,EaseMyTrip,6E,6E-6030,2026-09-20,T+7,7574,1663,9237,2026-09-13T02:40:37.337Z,FALSE,"",15:00,TRUE
fare_BLR-BOM_AI_2026-09-20_T+7_1789268425648_cpdl,BLR-BOM,EaseMyTrip,AI,AI-2610,2026-09-20,T+7,7902,1734,9636,2026-09-13T02:40:37.337Z,FALSE,"",19:00,TRUE
fare_BLR-BOM_6E_2026-09-20_T+7_1789268425648_zd6j,BLR-BOM,EaseMyTrip,6E,6E-6283,2026-09-20,T+7,7792,1710,9502,2026-09-13T02:40:37.337Z,FALSE,"",19:05,TRUE
fare_BLR-BOM_6E_2026-09-20_T+7_1789268425648_mpai,BLR-BOM,EaseMyTrip,6E,6E-5351,2026-09-20,T+7,7792,1710,9502,2026-09-13T02:40:37.337Z,FALSE,"",14:20,TRUE
fare_BLR-BOM_6E_2026-09-20_T+7_1789268425648_a37f,BLR-BOM,EaseMyTrip,6E,6E-5069,2026-09-20,T+7,7792,1710,9502,2026-09-13T02:40:37.337Z,FALSE,"",11:30,TRUE
fare_BLR-BOM_AI_2026-09-20_T+7_1789268425648_cmh4,BLR-BOM,EaseMyTrip,AI,AI-9570,2026-09-20,T+7,8185,1797,9982,2026-09-13T02:40:37.337Z,FALSE,"",06:05,FALSE
fare_BLR-BOM_6E_2026-09-20_T+7_1789268425648_pivp,BLR-BOM,EaseMyTrip,6E,6E-7445,2026-09-20,T+7,8084,1775,9859,2026-09-13T02:40:37.337Z,FALSE,"",15:20,FALSE
fare_BLR-BOM_6E_2026-09-20_T+7_1789268425648_244q,BLR-BOM,EaseMyTrip,6E,6E-5255,2026-09-20,T+7,8222,1805,10027,2026-09-13T02:40:37.337Z,FALSE,"",17:25,TRUE
fare_BLR-BOM_6E_2026-09-20_T+7_1789268425648_fmsk,BLR-BOM,EaseMyTrip,6E,6E-5031,2026-09-20,T+7,8222,1805,10027,2026-09-13T02:40:37.337Z,FALSE,"",16:00,TRUE
fare_BLR-BOM_AI_2026-09-20_T+7_1789268425648_y1jo,BLR-BOM,EaseMyTrip,AI,AI-9453,2026-09-20,T+7,8923,1959,10882,2026-09-13T02:40:37.337Z,FALSE,"",21:00,FALSE
fare_BLR-BOM_AI_2026-09-20_T+7_1789268425648_qbav,BLR-BOM,EaseMyTrip,AI,AI-9457,2026-09-20,T+7,8923,1959,10882,2026-09-13T02:40:37.337Z,FALSE,"",16:15,FALSE
fare_BLR-BOM_AI_2026-09-20_T+7_1789268425648_uuud,BLR-BOM,EaseMyTrip,AI,AI-9478,2026-09-20,T+7,9124,2003,11127,2026-09-13T02:40:37.337Z,FALSE,"",22:10,FALSE
fare_BLR-BOM_AI_2026-09-20_T+7_1789268425648_wjiy,BLR-BOM,EaseMyTrip,AI,AI-9482,2026-09-20,T+7,9124,2003,11127,2026-09-13T02:40:37.337Z,FALSE,"",19:40,FALSE
fare_BLR-BOM_AI_2026-09-20_T+7_1789268425648_g3wo,BLR-BOM,EaseMyTrip,AI,AI-2854,2026-09-20,T+7,9431,2070,11501,2026-09-13T02:40:37.337Z,FALSE,"",18:05,TRUE
fare_BLR-BOM_AI_2026-09-20_T+7_1789268425648_2vv7,BLR-BOM,EaseMyTrip,AI,AI-9524,2026-09-20,T+7,9533,2093,11626,2026-09-13T02:40:37.337Z,FALSE,"",17:15,FALSE
fare_BLR-BOM_AI_2026-09-20_T+7_1789268425648_erqn,BLR-BOM,EaseMyTrip,AI,AI-9840,2026-09-20,T+7,9756,2142,11898,2026-09-13T02:40:37.337Z,FALSE,"",06:10,FALSE
fare_BLR-BOM_AI_2026-09-20_T+7_1789268425648_vxwc,BLR-BOM,EaseMyTrip,AI,AI-9605,2026-09-20,T+7,10881,2389,13270,2026-09-13T02:40:37.337Z,FALSE,"",12:55,FALSE
fare_BLR-BOM_6E_2026-09-20_T+7_1789268425648_p8ma,BLR-BOM,EaseMyTrip,6E,6E-6891,2026-09-20,T+7,11136,2444,13580,2026-09-13T02:40:37.337Z,FALSE,"",17:15,FALSE
fare_BLR-BOM_6E_2026-09-20_T+7_1789268425648_l6ws,BLR-BOM,EaseMyTrip,6E,6E-507,2026-09-20,T+7,11200,2459,13659,2026-09-13T02:40:37.337Z,FALSE,"",07:05,FALSE
fare_BLR-BOM_6E_2026-09-20_T+7_1789268425648_lq3e,BLR-BOM,EaseMyTrip,6E,6E-659,2026-09-20,T+7,11200,2459,13659,2026-09-13T02:40:37.337Z,FALSE,"",07:05,FALSE
fare_BLR-BOM_AI_2026-09-20_T+7_1789268425648_066z,BLR-BOM,EaseMyTrip,AI,AI-9762,2026-09-20,T+7,11584,2543,14127,2026-09-13T02:40:37.337Z,FALSE,"",07:05,FALSE
fare_BLR-BOM_6E_2026-09-20_T+7_1789268425648_eg5y,BLR-BOM,EaseMyTrip,6E,6E-7162,2026-09-20,T+7,11538,2533,14071,2026-09-13T02:40:37.337Z,FALSE,"",15:20,FALSE
fare_BLR-BOM_AI_2026-09-20_T+7_1789268425648_zsy7,BLR-BOM,EaseMyTrip,AI,AI-9426,2026-09-20,T+7,11888,2610,14498,2026-09-13T02:40:37.337Z,FALSE,"",12:40,FALSE
fare_BLR-BOM_AI_2026-09-20_T+7_1789268425648_cs4z,BLR-BOM,EaseMyTrip,AI,AI-9455,2026-09-20,T+7,12023,2639,14662,2026-09-13T02:40:37.337Z,FALSE,"",08:40,FALSE
fare_BLR-BOM_AI_2026-09-20_T+7_1789268425648_1go9,BLR-BOM,EaseMyTrip,AI,AI-9970,2026-09-20,T+7,12041,2643,14684,2026-09-13T02:40:37.337Z,FALSE,"",14:45,FALSE
fare_BLR-BOM_6E_2026-09-20_T+7_1789268425648_vr43,BLR-BOM,EaseMyTrip,6E,6E-7005,2026-09-20,T+7,12097,2655,14752,2026-09-13T02:40:37.337Z,FALSE,"",08:05,FALSE
fare_BLR-BOM_AI_2026-09-20_T+7_1789268425648_yfzj,BLR-BOM,EaseMyTrip,AI,AI-2414,2026-09-20,T+7,12353,2712,15065,2026-09-13T02:40:37.337Z,FALSE,"",05:30,FALSE
fare_BLR-BOM_IX_2026-09-20_T+7_1789268425648_zsey,BLR-BOM,EaseMyTrip,IX,IX-2608,2026-09-20,T+7,13055,2866,15921,2026-09-13T02:40:37.337Z,FALSE,"",16:15,FALSE
fare_BLR-BOM_AI_2026-09-20_T+7_1789268425648_p45g,BLR-BOM,EaseMyTrip,AI,AI-2810,2026-09-20,T+7,12727,2794,15521,2026-09-13T02:40:37.337Z,FALSE,"",06:00,FALSE
fare_BLR-BOM_IX_2026-09-20_T+7_1789268425648_oz3r,BLR-BOM,EaseMyTrip,IX,IX-1893,2026-09-20,T+7,13217,2901,16118,2026-09-13T02:40:37.337Z,FALSE,"",08:40,FALSE
fare_BLR-BOM_6E_2026-09-20_T+7_1789268425648_t58m,BLR-BOM,EaseMyTrip,6E,6E-6162,2026-09-20,T+7,12904,2832,15736,2026-09-13T02:40:37.337Z,FALSE,"",18:50,FALSE
fare_BLR-BOM_6E_2026-09-20_T+7_1789268425648_lejh,BLR-BOM,EaseMyTrip,6E,6E-686,2026-09-20,T+7,12904,2832,15736,2026-09-13T02:40:37.337Z,FALSE,"",19:45,FALSE
fare_BLR-BOM_6E_2026-09-20_T+7_1789268425648_umm4,BLR-BOM,EaseMyTrip,6E,6E-118,2026-09-20,T+7,12904,2832,15736,2026-09-13T02:40:37.337Z,FALSE,"",19:45,FALSE
fare_BLR-BOM_AI_2026-09-20_T+7_1789268425648_lv8g,BLR-BOM,EaseMyTrip,AI,AI-2654,2026-09-20,T+7,13126,2881,16007,2026-09-13T02:40:37.337Z,FALSE,"",07:00,FALSE
fare_BLR-BOM_6E_2026-09-20_T+7_1789268425648_ovje,BLR-BOM,EaseMyTrip,6E,6E-113,2026-09-20,T+7,13031,2861,15892,2026-09-13T02:40:37.337Z,FALSE,"",17:00,FALSE
fare_BLR-BOM_6E_2026-09-20_T+7_1789268425648_csgv,BLR-BOM,EaseMyTrip,6E,6E-999,2026-09-20,T+7,13031,2861,15892,2026-09-13T02:40:37.337Z,FALSE,"",17:00,FALSE
fare_BLR-BOM_AI_2026-09-20_T+7_1789268425648_r7xh,BLR-BOM,EaseMyTrip,AI,AI-428,2026-09-20,T+7,14466,3176,17642,2026-09-13T02:40:37.337Z,FALSE,"",15:30,FALSE
fare_BLR-BOM_6E_2026-09-20_T+7_1789268425648_gsdt,BLR-BOM,EaseMyTrip,6E,6E-142,2026-09-20,T+7,14453,3173,17626,2026-09-13T02:40:37.337Z,FALSE,"",09:15,FALSE
fare_BLR-BOM_6E_2026-09-20_T+7_1789268425648_l567,BLR-BOM,EaseMyTrip,6E,6E-180,2026-09-20,T+7,14453,3173,17626,2026-09-13T02:40:37.337Z,FALSE,"",09:15,FALSE
fare_BLR-BOM_6E_2026-09-20_T+7_1789268425648_zpcw,BLR-BOM,EaseMyTrip,6E,6E-452,2026-09-20,T+7,14453,3173,17626,2026-09-13T02:40:37.337Z,FALSE,"",09:15,FALSE
fare_BLR-BOM_6E_2026-09-20_T+7_1789268425648_b29w,BLR-BOM,EaseMyTrip,6E,6E-406,2026-09-20,T+7,14453,3173,17626,2026-09-13T02:40:37.337Z,FALSE,"",09:15,FALSE
fare_BLR-BOM_AI_2026-09-20_T+7_1789268425648_8wpx,BLR-BOM,EaseMyTrip,AI,AI-9434,2026-09-20,T+7,14773,3243,18016,2026-09-13T02:40:37.337Z,FALSE,"",06:15,FALSE
fare_BLR-BOM_AI_2026-09-20_T+7_1789268425648_4ky6,BLR-BOM,EaseMyTrip,AI,AI-2630,2026-09-20,T+7,14778,3244,18022,2026-09-13T02:40:37.337Z,FALSE,"",12:05,TRUE
fare_BLR-BOM_AI_2026-09-20_T+7_1789268425648_ihlz,BLR-BOM,EaseMyTrip,AI,AI-2511,2026-09-20,T+7,14980,3288,18268,2026-09-13T02:40:37.337Z,FALSE,"",15:00,FALSE
fare_BLR-BOM_AI_2026-09-20_T+7_1789268425648_prza,BLR-BOM,EaseMyTrip,AI,AI-2486,2026-09-20,T+7,14980,3288,18268,2026-09-13T02:40:37.337Z,FALSE,"",14:00,FALSE
fare_BLR-BOM_6E_2026-09-20_T+7_1789268425648_wium,BLR-BOM,EaseMyTrip,6E,6E-520,2026-09-20,T+7,14884,3267,18151,2026-09-13T02:40:37.337Z,FALSE,"",18:35,FALSE
fare_BLR-BOM_6E_2026-09-20_T+7_1789268425648_lvjx,BLR-BOM,EaseMyTrip,6E,6E-101,2026-09-20,T+7,14884,3267,18151,2026-09-13T02:40:37.337Z,FALSE,"",18:35,FALSE
fare_BLR-BOM_AI_2026-09-20_T+7_1789268425648_10wz,BLR-BOM,EaseMyTrip,AI,AI-9568,2026-09-20,T+7,15758,3459,19217,2026-09-13T02:40:37.337Z,FALSE,"",17:15,FALSE
fare_BLR-BOM_6E_2026-09-20_T+7_1789268425648_r4za,BLR-BOM,EaseMyTrip,6E,6E-276,2026-09-20,T+7,16036,3520,19556,2026-09-13T02:40:37.337Z,FALSE,"",10:15,FALSE
fare_BLR-BOM_6E_2026-09-20_T+7_1789268425648_o5x5,BLR-BOM,EaseMyTrip,6E,6E-751,2026-09-20,T+7,16036,3520,19556,2026-09-13T02:40:37.337Z,FALSE,"",10:15,FALSE
fare_BLR-BOM_6E_2026-09-20_T+7_1789268425648_4wmm,BLR-BOM,EaseMyTrip,6E,6E-455,2026-09-20,T+7,16036,3520,19556,2026-09-13T02:40:37.337Z,FALSE,"",10:15,FALSE
fare_BLR-BOM_6E_2026-09-20_T+7_1789268425648_pyiw,BLR-BOM,EaseMyTrip,6E,6E-631,2026-09-20,T+7,16036,3520,19556,2026-09-13T02:40:37.337Z,FALSE,"",10:15,FALSE
fare_BLR-BOM_AI_2026-09-20_T+7_1789268425648_7lfl,BLR-BOM,EaseMyTrip,AI,AI-9520,2026-09-20,T+7,17581,3859,21440,2026-09-13T02:40:37.337Z,FALSE,"",13:05,FALSE
fare_BLR-BOM_IX_2026-09-20_T+7_1789268425648_jv0o,BLR-BOM,EaseMyTrip,IX,IX-1386,2026-09-20,T+7,18303,4018,22321,2026-09-13T02:40:37.337Z,FALSE,"",13:05,FALSE
fare_BLR-BOM_6E_2026-09-20_T+7_1789268425648_e9l3,BLR-BOM,EaseMyTrip,6E,6E-6067,2026-09-20,T+7,19640,4311,23951,2026-09-13T02:40:37.337Z,FALSE,"",16:30,FALSE
fare_BLR-BOM_AI_2026-09-20_T+7_1789268425648_yj2s,BLR-BOM,EaseMyTrip,AI,AI-9708,2026-09-20,T+7,20401,4478,24879,2026-09-13T02:40:37.337Z,FALSE,"",10:05,FALSE
fare_BLR-BOM_AI_2026-09-20_T+7_1789268425648_w0j8,BLR-BOM,EaseMyTrip,AI,AI-9437,2026-09-20,T+7,20698,4543,25241,2026-09-13T02:40:37.337Z,FALSE,"",07:05,FALSE
fare_BLR-BOM_AI_2026-09-20_T+7_1789268425648_s3z1,BLR-BOM,EaseMyTrip,AI,AI-9490,2026-09-20,T+7,22037,4837,26874,2026-09-13T02:40:37.337Z,FALSE,"",10:40,FALSE
fare_BLR-BOM_AI_2026-09-20_T+7_1789268425648_06sr,BLR-BOM,EaseMyTrip,AI,AI-9898,2026-09-20,T+7,23573,5175,28748,2026-09-13T02:40:37.337Z,TRUE,"High outlier: ₹28748 > upper fence ₹27964 (Q3: ₹15775, IQR: ₹8126)",10:20,FALSE
fare_BLR-BOM_AI_2026-09-20_T+7_1789268425648_5ie3,BLR-BOM,EaseMyTrip,AI,AI-9602,2026-09-20,T+7,42739,9382,52121,2026-09-13T02:40:37.337Z,TRUE,"High outlier: ₹52121 > upper fence ₹27964 (Q3: ₹15775, IQR: ₹8126)",09:15,FALSE
fare_BLR-COK_IX_2026-10-28_T+45_1789268425648_ls2m,BLR-COK,EaseMyTrip,IX,IX-1077,2026-10-28,T+45,3190,700,3890,2026-09-13T02:44:59.659Z,FALSE,"",12:15,TRUE
fare_BLR-COK_IX_2026-10-28_T+45_1789268425648_q9bb,BLR-COK,EaseMyTrip,IX,IX-1894,2026-10-28,T+45,3190,700,3890,2026-09-13T02:44:59.659Z,FALSE,"",16:00,TRUE
fare_BLR-COK_IX_2026-10-28_T+45_1789268425648_y7e5,BLR-COK,EaseMyTrip,IX,IX-2608,2026-10-28,T+45,3190,700,3890,2026-09-13T02:44:59.659Z,FALSE,"",21:15,TRUE
fare_BLR-COK_QP_2026-10-28_T+45_1789268425648_iw3t,BLR-COK,EaseMyTrip,QP,QP-1361,2026-10-28,T+45,3052,670,3722,2026-09-13T02:44:59.659Z,FALSE,"",16:25,TRUE
fare_BLR-COK_6E_2026-10-28_T+45_1789268425648_nppx,BLR-COK,EaseMyTrip,6E,6E-868,2026-10-28,T+45,3190,700,3890,2026-09-13T02:44:59.659Z,FALSE,"",12:40,TRUE
fare_BLR-COK_6E_2026-10-28_T+45_1789268425648_qaip,BLR-COK,EaseMyTrip,6E,6E-274,2026-10-28,T+45,3190,700,3890,2026-09-13T02:44:59.659Z,FALSE,"",12:40,TRUE
fare_BLR-COK_6E_2026-10-28_T+45_1789268425648_zcm3,BLR-COK,EaseMyTrip,6E,6E-180,2026-10-28,T+45,3190,700,3890,2026-09-13T02:44:59.659Z,FALSE,"",15:55,TRUE
fare_BLR-COK_6E_2026-10-28_T+45_1789268425648_kuig,BLR-COK,EaseMyTrip,6E,6E-865,2026-10-28,T+45,3190,700,3890,2026-09-13T02:44:59.659Z,FALSE,"",15:55,TRUE
fare_BLR-COK_6E_2026-10-28_T+45_1789268425648_eiy4,BLR-COK,EaseMyTrip,6E,6E-6597,2026-10-28,T+45,3190,700,3890,2026-09-13T02:44:59.659Z,FALSE,"",18:35,TRUE
fare_BLR-COK_6E_2026-10-28_T+45_1789268425648_h90r,BLR-COK,EaseMyTrip,6E,6E-185,2026-10-28,T+45,3190,700,3890,2026-09-13T02:44:59.659Z,FALSE,"",20:00,TRUE
fare_BLR-COK_6E_2026-10-28_T+45_1789268425648_8zo3,BLR-COK,EaseMyTrip,6E,6E-985,2026-10-28,T+45,3190,700,3890,2026-09-13T02:44:59.659Z,FALSE,"",20:00,TRUE
fare_BLR-COK_IX_2026-10-28_T+45_1789268425648_l3nq,BLR-COK,EaseMyTrip,IX,IX-2116,2026-10-28,T+45,3733,820,4553,2026-09-13T02:44:59.659Z,FALSE,"",08:30,TRUE
fare_BLR-COK_6E_2026-10-28_T+45_1789268425648_efax,BLR-COK,EaseMyTrip,6E,6E-6445,2026-10-28,T+45,4055,890,4945,2026-09-13T02:44:59.659Z,FALSE,"",07:05,TRUE
fare_BLR-COK_6E_2026-10-28_T+45_1789268425648_2uhe,BLR-COK,EaseMyTrip,6E,6E-296,2026-10-28,T+45,4055,890,4945,2026-09-13T02:44:59.659Z,FALSE,"",10:00,TRUE
fare_BLR-COK_6E_2026-10-28_T+45_1789268425648_k6sv,BLR-COK,EaseMyTrip,6E,6E-572,2026-10-28,T+45,4055,890,4945,2026-09-13T02:44:59.659Z,FALSE,"",10:00,TRUE
fare_BLR-COK_QP_2026-10-28_T+45_1789268425648_thrb,BLR-COK,EaseMyTrip,QP,QP-1331,2026-10-28,T+45,6820,1497,8317,2026-09-13T02:44:59.659Z,FALSE,"",06:00,FALSE
fare_BLR-COK_QP_2026-10-28_T+45_1789268425648_mt33,BLR-COK,EaseMyTrip,QP,QP-1335,2026-10-28,T+45,6820,1497,8317,2026-09-13T02:44:59.659Z,FALSE,"",05:10,FALSE
fare_BLR-COK_AI_2026-10-28_T+45_1789268425648_mpk1,BLR-COK,EaseMyTrip,AI,AI-2622,2026-10-28,T+45,12360,2713,15073,2026-09-13T02:44:59.659Z,FALSE,"",16:30,FALSE
fare_BLR-COK_AI_2026-10-28_T+45_1789268425648_vh12,BLR-COK,EaseMyTrip,AI,AI-2610,2026-10-28,T+45,12618,2770,15388,2026-09-13T02:44:59.659Z,FALSE,"",19:00,FALSE
fare_BLR-COK_AI_2026-10-28_T+45_1789268425648_z6h9,BLR-COK,EaseMyTrip,AI,AI-2483,2026-10-28,T+45,12658,2778,15436,2026-09-13T02:44:59.659Z,FALSE,"",14:45,FALSE
fare_BLR-COK_AI_2026-10-28_T+45_1789268425648_9vuw,BLR-COK,EaseMyTrip,AI,AI-2624,2026-10-28,T+45,12658,2778,15436,2026-09-13T02:44:59.659Z,FALSE,"",13:30,FALSE
fare_BLR-COK_AI_2026-10-28_T+45_1789268425648_fiiz,BLR-COK,EaseMyTrip,AI,AI-2642,2026-10-28,T+45,12767,2803,15570,2026-09-13T02:44:59.659Z,FALSE,"",21:45,FALSE
fare_BLR-COK_AI_2026-10-28_T+45_1789268425648_8ckf,BLR-COK,EaseMyTrip,AI,AI-2850,2026-10-28,T+45,12985,2850,15835,2026-09-13T02:44:59.659Z,FALSE,"",20:15,FALSE
fare_BLR-COK_AI_2026-10-28_T+45_1789268425648_v1uy,BLR-COK,EaseMyTrip,AI,AI-2854,2026-10-28,T+45,13040,2862,15902,2026-09-13T02:44:59.659Z,FALSE,"",15:30,FALSE
fare_BLR-COK_AI_2026-10-28_T+45_1789268425648_76on,BLR-COK,EaseMyTrip,AI,AI-2811,2026-10-28,T+45,13898,3051,16949,2026-09-13T02:44:59.659Z,FALSE,"",05:05,FALSE
fare_BLR-COK_6E_2026-10-28_T+45_1789268425648_9ser,BLR-COK,EaseMyTrip,6E,6E-7298,2026-10-28,T+45,14583,3201,17784,2026-09-13T02:44:59.659Z,FALSE,"",08:25,TRUE
fare_BLR-COK_AI_2026-10-28_T+45_1789268425648_3ghu,BLR-COK,EaseMyTrip,AI,AI-2852,2026-10-28,T+45,15684,3443,19127,2026-09-13T02:44:59.659Z,FALSE,"",10:20,FALSE
fare_BLR-COK_AI_2026-10-28_T+45_1789268425648_5d9w,BLR-COK,EaseMyTrip,AI,AI-2402,2026-10-28,T+45,15684,3443,19127,2026-09-13T02:44:59.659Z,FALSE,"",07:15,FALSE
fare_BLR-COK_AI_2026-10-28_T+45_1789268425649_dpd3,BLR-COK,EaseMyTrip,AI,AI-2604,2026-10-28,T+45,17422,3824,21246,2026-09-13T02:44:59.659Z,FALSE,"",09:00,FALSE
fare_BLR-COK_AI_2026-10-28_T+45_1789268425649_321r,BLR-COK,EaseMyTrip,AI,AI-9649,2026-10-28,T+45,17797,3907,21704,2026-09-13T02:44:59.659Z,FALSE,"",17:00,FALSE
fare_BLR-DEL_6E_2026-09-20_T+7_1789268425649_lgyo,BLR-DEL,EaseMyTrip,6E,6E-2455,2026-09-20,T+7,6858,1506,8364,2026-09-13T02:39:36.922Z,FALSE,"",06:25,TRUE
fare_BLR-DEL_QP_2026-09-20_T+7_1789268425649_iqzx,BLR-DEL,EaseMyTrip,QP,QP-1823,2026-09-20,T+7,6858,1506,8364,2026-09-13T02:39:36.922Z,FALSE,"",06:05,TRUE
fare_BLR-DEL_QP_2026-09-20_T+7_1789268425649_uti8,BLR-DEL,EaseMyTrip,QP,QP-1811,2026-09-20,T+7,6858,1506,8364,2026-09-13T02:39:36.922Z,FALSE,"",04:10,TRUE
fare_BLR-DEL_QP_2026-09-20_T+7_1789268425649_ayaj,BLR-DEL,EaseMyTrip,QP,QP-1359,2026-09-20,T+7,6858,1506,8364,2026-09-13T02:39:36.922Z,FALSE,"",05:00,TRUE
fare_BLR-DEL_6E_2026-09-20_T+7_1789268425649_8sb8,BLR-DEL,EaseMyTrip,6E,6E-236,2026-09-20,T+7,6858,1506,8364,2026-09-13T02:39:36.922Z,FALSE,"",03:00,TRUE
fare_BLR-DEL_6E_2026-09-20_T+7_1789268425649_lemc,BLR-DEL,EaseMyTrip,6E,6E-634,2026-09-20,T+7,6858,1506,8364,2026-09-13T02:39:36.922Z,FALSE,"",03:00,TRUE
fare_BLR-DEL_6E_2026-09-20_T+7_1789268425649_worv,BLR-DEL,EaseMyTrip,6E,6E-2313,2026-09-20,T+7,6858,1506,8364,2026-09-13T02:39:36.922Z,FALSE,"",23:30,TRUE
fare_BLR-DEL_6E_2026-09-20_T+7_1789268425649_sdsz,BLR-DEL,EaseMyTrip,6E,6E-6406,2026-09-20,T+7,6858,1506,8364,2026-09-13T02:39:36.922Z,FALSE,"",22:00,TRUE
fare_BLR-DEL_6E_2026-09-20_T+7_1789268425649_q0bb,BLR-DEL,EaseMyTrip,6E,6E-312,2026-09-20,T+7,6858,1506,8364,2026-09-13T02:39:36.922Z,FALSE,"",07:00,TRUE
fare_BLR-DEL_6E_2026-09-20_T+7_1789268425649_pnnf,BLR-DEL,EaseMyTrip,6E,6E-835,2026-09-20,T+7,6858,1506,8364,2026-09-13T02:39:36.922Z,FALSE,"",07:00,TRUE
fare_BLR-DEL_6E_2026-09-20_T+7_1789268425649_ycc7,BLR-DEL,EaseMyTrip,6E,6E-640,2026-09-20,T+7,6858,1506,8364,2026-09-13T02:39:36.922Z,FALSE,"",05:05,TRUE
fare_BLR-DEL_6E_2026-09-20_T+7_1789268425649_khfe,BLR-DEL,EaseMyTrip,6E,6E-845,2026-09-20,T+7,6858,1506,8364,2026-09-13T02:39:36.922Z,FALSE,"",05:05,TRUE
fare_BLR-DEL_AI_2026-09-20_T+7_1789268425649_cvyl,BLR-DEL,EaseMyTrip,AI,AI-2758,2026-09-20,T+7,7115,1562,8677,2026-09-13T02:39:36.922Z,FALSE,"",00:15,TRUE
fare_BLR-DEL_AI_2026-09-20_T+7_1789268425649_0t01,BLR-DEL,EaseMyTrip,AI,AI-2414,2026-09-20,T+7,7115,1562,8677,2026-09-13T02:39:36.922Z,FALSE,"",05:30,TRUE
fare_BLR-DEL_6E_2026-09-20_T+7_1789268425649_bqtt,BLR-DEL,EaseMyTrip,6E,6E-644,2026-09-20,T+7,7232,1588,8820,2026-09-13T02:39:36.922Z,FALSE,"",20:40,TRUE
fare_BLR-DEL_6E_2026-09-20_T+7_1789268425649_vbl6,BLR-DEL,EaseMyTrip,6E,6E-842,2026-09-20,T+7,7232,1588,8820,2026-09-13T02:39:36.922Z,FALSE,"",20:40,TRUE
fare_BLR-DEL_6E_2026-09-20_T+7_1789268425649_ydi8,BLR-DEL,EaseMyTrip,6E,6E-264,2026-09-20,T+7,7232,1588,8820,2026-09-13T02:39:36.922Z,FALSE,"",08:15,TRUE
fare_BLR-DEL_6E_2026-09-20_T+7_1789268425649_mutr,BLR-DEL,EaseMyTrip,6E,6E-776,2026-09-20,T+7,7232,1588,8820,2026-09-13T02:39:36.922Z,FALSE,"",08:15,TRUE
fare_BLR-DEL_IX_2026-09-20_T+7_1789268425649_8wqr,BLR-DEL,EaseMyTrip,IX,IX-1239,2026-09-20,T+7,7876,1729,9605,2026-09-13T02:39:36.922Z,FALSE,"",06:35,FALSE
fare_BLR-DEL_IX_2026-09-20_T+7_1789268425649_c0el,BLR-DEL,EaseMyTrip,IX,IX-2873,2026-09-20,T+7,7631,1675,9306,2026-09-13T02:39:36.922Z,FALSE,"",04:00,FALSE
fare_BLR-DEL_AI_2026-09-20_T+7_1789268425649_awl0,BLR-DEL,EaseMyTrip,AI,AI-2810,2026-09-20,T+7,7489,1644,9133,2026-09-13T02:39:36.922Z,FALSE,"",06:00,TRUE
fare_BLR-DEL_AI_2026-09-20_T+7_1789268425649_lb89,BLR-DEL,EaseMyTrip,AI,AI-2488,2026-09-20,T+7,7489,1644,9133,2026-09-13T02:39:36.922Z,FALSE,"",22:30,TRUE
fare_BLR-DEL_AI_2026-09-20_T+7_1789268425649_nmr5,BLR-DEL,EaseMyTrip,AI,AI-2868,2026-09-20,T+7,7489,1644,9133,2026-09-13T02:39:36.922Z,FALSE,"",09:00,TRUE
fare_BLR-DEL_6E_2026-09-20_T+7_1789268425649_4zbl,BLR-DEL,EaseMyTrip,6E,6E-6034,2026-09-20,T+7,7631,1675,9306,2026-09-13T02:39:36.922Z,FALSE,"",18:15,TRUE
fare_BLR-DEL_AI_2026-09-20_T+7_1789268425649_x4vj,BLR-DEL,EaseMyTrip,AI,AI-2654,2026-09-20,T+7,7888,1731,9619,2026-09-13T02:39:36.922Z,FALSE,"",07:00,TRUE
fare_BLR-DEL_AI_2026-09-20_T+7_1789268425649_5z7u,BLR-DEL,EaseMyTrip,AI,AI-2665,2026-09-20,T+7,7888,1731,9619,2026-09-13T02:39:36.922Z,FALSE,"",19:40,TRUE
fare_BLR-DEL_AI_2026-09-20_T+7_1789268425649_7dtr,BLR-DEL,EaseMyTrip,AI,AI-2818,2026-09-20,T+7,8020,1760,9780,2026-09-13T02:39:36.922Z,FALSE,"",20:00,TRUE
fare_BLR-DEL_QP_2026-09-20_T+7_1789268425649_tlvf,BLR-DEL,EaseMyTrip,QP,QP-1307,2026-09-20,T+7,7889,1732,9621,2026-09-13T02:39:36.922Z,FALSE,"",17:20,TRUE
fare_BLR-DEL_IX_2026-09-20_T+7_1789268425649_3n7x,BLR-DEL,EaseMyTrip,IX,IX-2053,2026-09-20,T+7,8615,1891,10506,2026-09-13T02:39:36.922Z,FALSE,"",16:50,FALSE
fare_BLR-DEL_IX_2026-09-20_T+7_1789268425649_prs6,BLR-DEL,EaseMyTrip,IX,IX-1541,2026-09-20,T+7,8615,1891,10506,2026-09-13T02:39:36.922Z,FALSE,"",19:15,FALSE
fare_BLR-DEL_6E_2026-09-20_T+7_1789268425649_tmfu,BLR-DEL,EaseMyTrip,6E,6E-606,2026-09-20,T+7,8056,1769,9825,2026-09-13T02:39:36.922Z,FALSE,"",19:30,TRUE
fare_BLR-DEL_6E_2026-09-20_T+7_1789268425649_0ldq,BLR-DEL,EaseMyTrip,6E,6E-441,2026-09-20,T+7,8056,1769,9825,2026-09-13T02:39:36.922Z,FALSE,"",19:30,TRUE
fare_BLR-DEL_6E_2026-09-20_T+7_1789268425649_k1af,BLR-DEL,EaseMyTrip,6E,6E-6039,2026-09-20,T+7,8056,1769,9825,2026-09-13T02:39:36.922Z,FALSE,"",17:00,TRUE
fare_BLR-DEL_6E_2026-09-20_T+7_1789268425649_zp6v,BLR-DEL,EaseMyTrip,6E,6E-986,2026-09-20,T+7,8056,1769,9825,2026-09-13T02:39:36.922Z,FALSE,"",15:45,TRUE
fare_BLR-DEL_6E_2026-09-20_T+7_1789268425649_d8q8,BLR-DEL,EaseMyTrip,6E,6E-398,2026-09-20,T+7,8056,1769,9825,2026-09-13T02:39:36.922Z,FALSE,"",15:45,TRUE
fare_BLR-DEL_6E_2026-09-20_T+7_1789268425649_vtx0,BLR-DEL,EaseMyTrip,6E,6E-529,2026-09-20,T+7,8056,1769,9825,2026-09-13T02:39:36.922Z,FALSE,"",13:55,TRUE
fare_BLR-DEL_6E_2026-09-20_T+7_1789268425649_lou2,BLR-DEL,EaseMyTrip,6E,6E-501,2026-09-20,T+7,8056,1769,9825,2026-09-13T02:39:36.922Z,FALSE,"",13:55,TRUE
fare_BLR-DEL_6E_2026-09-20_T+7_1789268425649_uum9,BLR-DEL,EaseMyTrip,6E,6E-709,2026-09-20,T+7,8056,1769,9825,2026-09-13T02:39:36.922Z,FALSE,"",12:00,TRUE
fare_BLR-DEL_6E_2026-09-20_T+7_1789268425649_k2lx,BLR-DEL,EaseMyTrip,6E,6E-921,2026-09-20,T+7,8056,1769,9825,2026-09-13T02:39:36.922Z,FALSE,"",12:00,TRUE
fare_BLR-DEL_6E_2026-09-20_T+7_1789268425649_yp27,BLR-DEL,EaseMyTrip,6E,6E-763,2026-09-20,T+7,8056,1769,9825,2026-09-13T02:39:36.922Z,FALSE,"",10:45,TRUE
fare_BLR-DEL_6E_2026-09-20_T+7_1789268425649_jwtm,BLR-DEL,EaseMyTrip,6E,6E-936,2026-09-20,T+7,8056,1769,9825,2026-09-13T02:39:36.922Z,FALSE,"",10:45,TRUE
fare_BLR-DEL_6E_2026-09-20_T+7_1789268425649_xxvu,BLR-DEL,EaseMyTrip,6E,6E-743,2026-09-20,T+7,8056,1769,9825,2026-09-13T02:39:36.922Z,FALSE,"",13:10,TRUE
fare_BLR-DEL_6E_2026-09-20_T+7_1789268425649_k1dh,BLR-DEL,EaseMyTrip,6E,6E-175,2026-09-20,T+7,8056,1769,9825,2026-09-13T02:39:36.922Z,FALSE,"",13:10,TRUE
fare_BLR-DEL_6E_2026-09-20_T+7_1789268425649_0b5g,BLR-DEL,EaseMyTrip,6E,6E-955,2026-09-20,T+7,8056,1769,9825,2026-09-13T02:39:36.922Z,FALSE,"",09:30,TRUE
fare_BLR-DEL_6E_2026-09-20_T+7_1789268425649_iw1l,BLR-DEL,EaseMyTrip,6E,6E-958,2026-09-20,T+7,8056,1769,9825,2026-09-13T02:39:36.922Z,FALSE,"",09:30,TRUE
fare_BLR-DEL_6E_2026-09-20_T+7_1789268425649_qp06,BLR-DEL,EaseMyTrip,6E,6E-6891,2026-09-20,T+7,8060,1769,9829,2026-09-13T02:39:36.922Z,FALSE,"",17:15,FALSE
fare_BLR-DEL_6E_2026-09-20_T+7_1789268425649_egab,BLR-DEL,EaseMyTrip,6E,6E-6784,2026-09-20,T+7,8125,1783,9908,2026-09-13T02:39:36.922Z,FALSE,"",21:30,FALSE
fare_BLR-DEL_6E_2026-09-20_T+7_1789268425649_7tu2,BLR-DEL,EaseMyTrip,6E,6E-209,2026-09-20,T+7,8125,1783,9908,2026-09-13T02:39:36.922Z,FALSE,"",08:15,FALSE
fare_BLR-DEL_6E_2026-09-20_T+7_1789268425649_ian0,BLR-DEL,EaseMyTrip,6E,6E-160,2026-09-20,T+7,8125,1783,9908,2026-09-13T02:39:36.922Z,FALSE,"",08:15,FALSE
fare_BLR-DEL_6E_2026-09-20_T+7_1789268425649_em3b,BLR-DEL,EaseMyTrip,6E,6E-6178,2026-09-20,T+7,8125,1783,9908,2026-09-13T02:39:36.922Z,FALSE,"",06:25,FALSE
fare_BLR-DEL_AI_2026-09-20_T+7_1789268425649_d0v8,BLR-DEL,EaseMyTrip,AI,AI-2804,2026-09-20,T+7,8313,1825,10138,2026-09-13T02:39:36.922Z,FALSE,"",10:00,TRUE
fare_BLR-DEL_6E_2026-09-20_T+7_1789268425649_wtf7,BLR-DEL,EaseMyTrip,6E,6E-6876,2026-09-20,T+7,8232,1807,10039,2026-09-13T02:39:36.922Z,FALSE,"",02:40,FALSE
fare_BLR-DEL_6E_2026-09-20_T+7_1789268425649_acyr,BLR-DEL,EaseMyTrip,6E,6E-761,2026-09-20,T+7,8232,1807,10039,2026-09-13T02:39:36.922Z,FALSE,"",21:40,FALSE
fare_BLR-DEL_6E_2026-09-20_T+7_1789268425649_n76f,BLR-DEL,EaseMyTrip,6E,6E-805,2026-09-20,T+7,8232,1807,10039,2026-09-13T02:39:36.922Z,FALSE,"",21:40,FALSE
fare_BLR-DEL_6E_2026-09-20_T+7_1789268425649_w4p4,BLR-DEL,EaseMyTrip,6E,6E-6595,2026-09-20,T+7,8232,1807,10039,2026-09-13T02:39:36.922Z,FALSE,"",13:55,FALSE
fare_BLR-DEL_6E_2026-09-20_T+7_1789268425649_r3rm,BLR-DEL,EaseMyTrip,6E,6E-6465,2026-09-20,T+7,8232,1807,10039,2026-09-13T02:39:36.922Z,FALSE,"",17:15,FALSE
fare_BLR-DEL_6E_2026-09-20_T+7_1789268425649_neel,BLR-DEL,EaseMyTrip,6E,6E-405,2026-09-20,T+7,8232,1807,10039,2026-09-13T02:39:36.922Z,FALSE,"",04:30,FALSE
fare_BLR-DEL_6E_2026-09-20_T+7_1789268425649_18xt,BLR-DEL,EaseMyTrip,6E,6E-334,2026-09-20,T+7,8232,1807,10039,2026-09-13T02:39:36.922Z,FALSE,"",04:30,FALSE
fare_BLR-DEL_6E_2026-09-20_T+7_1789268425649_0xew,BLR-DEL,EaseMyTrip,6E,6E-255,2026-09-20,T+7,8232,1807,10039,2026-09-13T02:39:36.922Z,FALSE,"",20:40,FALSE
fare_BLR-DEL_6E_2026-09-20_T+7_1789268425649_4ebo,BLR-DEL,EaseMyTrip,6E,6E-899,2026-09-20,T+7,8232,1807,10039,2026-09-13T02:39:36.922Z,FALSE,"",20:40,FALSE
fare_BLR-DEL_6E_2026-09-20_T+7_1789268425649_rzu9,BLR-DEL,EaseMyTrip,6E,6E-735,2026-09-20,T+7,8232,1807,10039,2026-09-13T02:39:36.922Z,FALSE,"",17:30,FALSE
fare_BLR-DEL_6E_2026-09-20_T+7_1789268425649_6oph,BLR-DEL,EaseMyTrip,6E,6E-317,2026-09-20,T+7,8232,1807,10039,2026-09-13T02:39:36.922Z,FALSE,"",17:30,FALSE
fare_BLR-DEL_6E_2026-09-20_T+7_1789268425649_9b2r,BLR-DEL,EaseMyTrip,6E,6E-5051,2026-09-20,T+7,8232,1807,10039,2026-09-13T02:39:36.922Z,FALSE,"",08:30,FALSE
fare_BLR-DEL_6E_2026-09-20_T+7_1789268425649_4bfe,BLR-DEL,EaseMyTrip,6E,6E-6423,2026-09-20,T+7,8232,1807,10039,2026-09-13T02:39:36.922Z,FALSE,"",20:00,FALSE
fare_BLR-DEL_6E_2026-09-20_T+7_1789268425649_gruk,BLR-DEL,EaseMyTrip,6E,6E-6563,2026-09-20,T+7,8232,1807,10039,2026-09-13T02:39:36.922Z,FALSE,"",01:05,FALSE
fare_BLR-DEL_AI_2026-09-20_T+7_1789268425649_owey,BLR-DEL,EaseMyTrip,AI,AI-428,2026-09-20,T+7,8453,1856,10309,2026-09-13T02:39:36.922Z,FALSE,"",15:30,TRUE
fare_BLR-DEL_6E_2026-09-20_T+7_1789268425649_a9db,BLR-DEL,EaseMyTrip,6E,6E-6269,2026-09-20,T+7,8297,1821,10118,2026-09-13T02:39:36.922Z,FALSE,"",07:15,FALSE
fare_BLR-DEL_6E_2026-09-20_T+7_1789268425649_1hnn,BLR-DEL,EaseMyTrip,6E,6E-6141,2026-09-20,T+7,8297,1821,10118,2026-09-13T02:39:36.922Z,FALSE,"",18:20,FALSE
fare_BLR-DEL_6E_2026-09-20_T+7_1789268425649_yo8u,BLR-DEL,EaseMyTrip,6E,6E-662,2026-09-20,T+7,8297,1821,10118,2026-09-13T02:39:36.922Z,FALSE,"",19:10,FALSE
fare_BLR-DEL_6E_2026-09-20_T+7_1789268425649_yaex,BLR-DEL,EaseMyTrip,6E,6E-746,2026-09-20,T+7,8297,1821,10118,2026-09-13T02:39:36.922Z,FALSE,"",19:10,FALSE
fare_BLR-DEL_6E_2026-09-20_T+7_1789268425649_t0z8,BLR-DEL,EaseMyTrip,6E,6E-6875,2026-09-20,T+7,8297,1821,10118,2026-09-13T02:39:36.922Z,FALSE,"",19:55,FALSE
fare_BLR-DEL_IX_2026-09-20_T+7_1789268425649_gwmk,BLR-DEL,EaseMyTrip,IX,IX-1040,2026-09-20,T+7,8509,1868,10377,2026-09-13T02:39:36.922Z,FALSE,"",14:40,TRUE
fare_BLR-DEL_AI_2026-09-20_T+7_1789268425649_6ldq,BLR-DEL,EaseMyTrip,AI,AI-2486,2026-09-20,T+7,8523,1871,10394,2026-09-13T02:39:36.922Z,FALSE,"",14:00,TRUE
fare_BLR-DEL_AI_2026-09-20_T+7_1789268425649_pq7d,BLR-DEL,EaseMyTrip,AI,AI-2802,2026-09-20,T+7,8523,1871,10394,2026-09-13T02:39:36.922Z,FALSE,"",18:20,TRUE
fare_BLR-DEL_AI_2026-09-20_T+7_1789268425649_3z0t,BLR-DEL,EaseMyTrip,AI,AI-2406,2026-09-20,T+7,8523,1871,10394,2026-09-13T02:39:36.922Z,FALSE,"",11:00,TRUE
fare_BLR-DEL_6E_2026-09-20_T+7_1789268425649_ma3d,BLR-DEL,EaseMyTrip,6E,6E-6277,2026-09-20,T+7,8404,1845,10249,2026-09-13T02:39:36.922Z,FALSE,"",14:45,FALSE
fare_BLR-DEL_6E_2026-09-20_T+7_1789268425649_eomp,BLR-DEL,EaseMyTrip,6E,6E-6451,2026-09-20,T+7,8404,1845,10249,2026-09-13T02:39:36.922Z,FALSE,"",16:45,FALSE
fare_BLR-DEL_IX_2026-09-20_T+7_1789268425649_wbcf,BLR-DEL,EaseMyTrip,IX,IX-2786,2026-09-20,T+7,9107,1999,11106,2026-09-13T02:39:36.922Z,FALSE,"",09:20,FALSE
fare_BLR-DEL_IX_2026-09-20_T+7_1789268425649_vjqx,BLR-DEL,EaseMyTrip,IX,IX-1479,2026-09-20,T+7,9107,1999,11106,2026-09-13T02:39:36.922Z,FALSE,"",06:20,FALSE
fare_BLR-DEL_AI_2026-09-20_T+7_1789268425649_r3q6,BLR-DEL,EaseMyTrip,AI,AI-2418,2026-09-20,T+7,8662,1902,10564,2026-09-13T02:39:36.922Z,FALSE,"",16:30,TRUE
fare_BLR-DEL_AI_2026-09-20_T+7_1789268425649_i2y1,BLR-DEL,EaseMyTrip,AI,AI-2511,2026-09-20,T+7,8662,1902,10564,2026-09-13T02:39:36.922Z,FALSE,"",15:00,TRUE
fare_BLR-DEL_AI_2026-09-20_T+7_1789268425649_gx6u,BLR-DEL,EaseMyTrip,AI,AI-2820,2026-09-20,T+7,8662,1902,10564,2026-09-13T02:39:36.922Z,FALSE,"",17:25,TRUE
fare_BLR-DEL_6E_2026-09-20_T+7_1789268425649_a9mt,BLR-DEL,EaseMyTrip,6E,6E-898,2026-09-20,T+7,8522,1871,10393,2026-09-13T02:39:36.922Z,FALSE,"",08:10,FALSE
fare_BLR-DEL_6E_2026-09-20_T+7_1789268425649_p731,BLR-DEL,EaseMyTrip,6E,6E-755,2026-09-20,T+7,8522,1871,10393,2026-09-13T02:39:36.922Z,FALSE,"",08:10,FALSE
fare_BLR-DEL_6E_2026-09-20_T+7_1789268425649_sgk9,BLR-DEL,EaseMyTrip,6E,6E-6439,2026-09-20,T+7,8522,1871,10393,2026-09-13T02:39:36.922Z,FALSE,"",06:30,FALSE
fare_BLR-DEL_IX_2026-09-20_T+7_1789268425649_w4m9,BLR-DEL,EaseMyTrip,IX,IX-2924,2026-09-20,T+7,8873,1948,10821,2026-09-13T02:39:36.922Z,FALSE,"",22:00,FALSE
fare_BLR-DEL_IX_2026-09-20_T+7_1789268425649_yd05,BLR-DEL,EaseMyTrip,IX,IX-5201,2026-09-20,T+7,8873,1948,10821,2026-09-13T02:39:36.922Z,FALSE,"",21:30,FALSE
fare_BLR-DEL_6E_2026-09-20_T+7_1789268425649_k7uv,BLR-DEL,EaseMyTrip,6E,6E-900,2026-09-20,T+7,8754,1922,10676,2026-09-13T02:39:36.922Z,FALSE,"",09:15,FALSE
fare_BLR-DEL_6E_2026-09-20_T+7_1789268425649_xoce,BLR-DEL,EaseMyTrip,6E,6E-504,2026-09-20,T+7,8754,1922,10676,2026-09-13T02:39:36.922Z,FALSE,"",09:15,FALSE
fare_BLR-DEL_6E_2026-09-20_T+7_1789268425649_xeao,BLR-DEL,EaseMyTrip,6E,6E-619,2026-09-20,T+7,8849,1943,10792,2026-09-13T02:39:36.922Z,FALSE,"",23:05,FALSE
fare_BLR-DEL_6E_2026-09-20_T+7_1789268425649_vv9j,BLR-DEL,EaseMyTrip,6E,6E-692,2026-09-20,T+7,8849,1943,10792,2026-09-13T02:39:36.922Z,FALSE,"",23:05,FALSE
fare_BLR-DEL_IX_2026-09-20_T+7_1789268425649_0ifa,BLR-DEL,EaseMyTrip,IX,IX-1540,2026-09-20,T+7,10028,2201,12229,2026-09-13T02:39:36.922Z,FALSE,"",15:25,FALSE
fare_BLR-DEL_6E_2026-09-20_T+7_1789268425649_z726,BLR-DEL,EaseMyTrip,6E,6E-6554,2026-09-20,T+7,8927,1959,10886,2026-09-13T02:39:36.922Z,FALSE,"",19:15,FALSE
fare_BLR-DEL_6E_2026-09-20_T+7_1789268425649_pn06,BLR-DEL,EaseMyTrip,6E,6E-373,2026-09-20,T+7,9000,1975,10975,2026-09-13T02:39:36.922Z,FALSE,"",09:35,FALSE
fare_BLR-DEL_6E_2026-09-20_T+7_1789268425649_v7np,BLR-DEL,EaseMyTrip,6E,6E-612,2026-09-20,T+7,9000,1975,10975,2026-09-13T02:39:36.922Z,FALSE,"",09:35,FALSE
fare_BLR-DEL_6E_2026-09-20_T+7_1789268425649_egi2,BLR-DEL,EaseMyTrip,6E,6E-370,2026-09-20,T+7,9000,1975,10975,2026-09-13T02:39:36.922Z,FALSE,"",11:40,FALSE
fare_BLR-DEL_6E_2026-09-20_T+7_1789268425649_3aod,BLR-DEL,EaseMyTrip,6E,6E-950,2026-09-20,T+7,9000,1975,10975,2026-09-13T02:39:36.922Z,FALSE,"",11:40,FALSE
fare_BLR-DEL_QP_2026-09-20_T+7_1789268425649_r6yi,BLR-DEL,EaseMyTrip,QP,QP-1821,2026-09-20,T+7,9303,2042,11345,2026-09-13T02:39:36.922Z,FALSE,"",13:10,TRUE
fare_BLR-DEL_IX_2026-09-20_T+7_1789268425649_lxdc,BLR-DEL,EaseMyTrip,IX,IX-2680,2026-09-20,T+7,10419,2287,12706,2026-09-13T02:39:36.922Z,FALSE,"",21:50,FALSE
fare_BLR-DEL_6E_2026-09-20_T+7_1789268425649_03q9,BLR-DEL,EaseMyTrip,6E,6E-6445,2026-09-20,T+7,9746,2139,11885,2026-09-13T02:39:36.922Z,FALSE,"",10:25,FALSE
fare_BLR-DEL_QP_2026-09-20_T+7_1789268425649_97df,BLR-DEL,EaseMyTrip,QP,QP-1381,2026-09-20,T+7,9832,2158,11990,2026-09-13T02:39:36.922Z,FALSE,"",04:50,FALSE
fare_BLR-DEL_6E_2026-09-20_T+7_1789268425649_z6vq,BLR-DEL,EaseMyTrip,6E,6E-6863,2026-09-20,T+7,10134,2225,12359,2026-09-13T02:39:36.922Z,FALSE,"",08:20,FALSE
fare_BLR-DEL_6E_2026-09-20_T+7_1789268425649_3cyl,BLR-DEL,EaseMyTrip,6E,6E-6067,2026-09-20,T+7,10199,2239,12438,2026-09-13T02:39:36.922Z,FALSE,"",16:30,FALSE
fare_BLR-DEL_QP_2026-09-20_T+7_1789268425649_mhj5,BLR-DEL,EaseMyTrip,QP,QP-1515,2026-09-20,T+7,10230,2246,12476,2026-09-13T02:39:36.922Z,FALSE,"",06:20,FALSE
fare_BLR-DEL_6E_2026-09-20_T+7_1789268425649_n8zd,BLR-DEL,EaseMyTrip,6E,6E-616,2026-09-20,T+7,10371,2277,12648,2026-09-13T02:39:36.922Z,FALSE,"",15:10,FALSE
fare_BLR-DEL_6E_2026-09-20_T+7_1789268425649_s49d,BLR-DEL,EaseMyTrip,6E,6E-129,2026-09-20,T+7,10371,2277,12648,2026-09-13T02:39:36.922Z,FALSE,"",15:10,FALSE
fare_BLR-DEL_AI_2026-09-20_T+7_1789268425649_luwo,BLR-DEL,EaseMyTrip,AI,AI-9482,2026-09-20,T+7,10599,2326,12925,2026-09-13T02:39:36.922Z,FALSE,"",19:40,FALSE
fare_BLR-DEL_AI_2026-09-20_T+7_1789268425649_3y70,BLR-DEL,EaseMyTrip,AI,AI-9970,2026-09-20,T+7,10599,2326,12925,2026-09-13T02:39:36.922Z,FALSE,"",14:45,FALSE
fare_BLR-DEL_AI_2026-09-20_T+7_1789268425649_oouc,BLR-DEL,EaseMyTrip,AI,AI-9808,2026-09-20,T+7,10783,2367,13150,2026-09-13T02:39:36.922Z,FALSE,"",04:00,FALSE
fare_BLR-DEL_IX_2026-09-20_T+7_1789268425649_u06r,BLR-DEL,EaseMyTrip,IX,IX-2816,2026-09-20,T+7,11194,2457,13651,2026-09-13T02:39:36.922Z,FALSE,"",10:20,FALSE
fare_BLR-DEL_AI_2026-09-20_T+7_1789268425649_3und,BLR-DEL,EaseMyTrip,AI,AI-9840,2026-09-20,T+7,11384,2499,13883,2026-09-13T02:39:36.922Z,FALSE,"",06:10,FALSE
fare_BLR-DEL_IX_2026-09-20_T+7_1789268425649_wqqx,BLR-DEL,EaseMyTrip,IX,IX-2052,2026-09-20,T+7,11918,2616,14534,2026-09-13T02:39:36.922Z,FALSE,"",16:10,FALSE
fare_BLR-DEL_6E_2026-09-20_T+7_1789268425649_o7u1,BLR-DEL,EaseMyTrip,6E,6E-6104,2026-09-20,T+7,11565,2539,14104,2026-09-13T02:39:36.922Z,FALSE,"",11:40,FALSE
fare_BLR-DEL_AI_2026-09-20_T+7_1789268425649_rc5w,BLR-DEL,EaseMyTrip,AI,AI-9810,2026-09-20,T+7,11781,2586,14367,2026-09-13T02:39:36.922Z,FALSE,"",21:50,FALSE
fare_BLR-DEL_AI_2026-09-20_T+7_1789268425649_008y,BLR-DEL,EaseMyTrip,AI,AI-9806,2026-09-20,T+7,11781,2586,14367,2026-09-13T02:39:36.922Z,FALSE,"",17:25,FALSE
fare_BLR-DEL_IX_2026-09-20_T+7_1789268425649_npu1,BLR-DEL,EaseMyTrip,IX,IX-1971,2026-09-20,T+7,13288,2917,16205,2026-09-13T02:39:36.922Z,FALSE,"",12:45,FALSE
fare_BLR-DEL_6E_2026-09-20_T+7_1789268425649_kvla,BLR-DEL,EaseMyTrip,6E,6E-6283,2026-09-20,T+7,12263,2692,14955,2026-09-13T02:39:36.922Z,FALSE,"",19:05,FALSE
fare_BLR-DEL_AI_2026-09-20_T+7_1789268425649_t03e,BLR-DEL,EaseMyTrip,AI,AI-9708,2026-09-20,T+7,12483,2740,15223,2026-09-13T02:39:36.922Z,FALSE,"",10:05,FALSE
fare_BLR-DEL_6E_2026-09-20_T+7_1789268425649_wbmz,BLR-DEL,EaseMyTrip,6E,6E-653,2026-09-20,T+7,12326,2706,15032,2026-09-13T02:39:36.922Z,FALSE,"",15:30,FALSE
fare_BLR-DEL_6E_2026-09-20_T+7_1789268425649_nd5f,BLR-DEL,EaseMyTrip,6E,6E-711,2026-09-20,T+7,12326,2706,15032,2026-09-13T02:39:36.922Z,FALSE,"",15:30,FALSE
fare_BLR-DEL_6E_2026-09-20_T+7_1789268425649_at85,BLR-DEL,EaseMyTrip,6E,6E-5255,2026-09-20,T+7,12694,2786,15480,2026-09-13T02:39:36.922Z,FALSE,"",17:25,FALSE
fare_BLR-DEL_IX_2026-09-20_T+7_1789268425649_b3eb,BLR-DEL,EaseMyTrip,IX,IX-1480,2026-09-20,T+7,13240,2906,16146,2026-09-13T02:39:36.922Z,FALSE,"",12:50,FALSE
fare_BLR-DEL_6E_2026-09-20_T+7_1789268425649_8a0l,BLR-DEL,EaseMyTrip,6E,6E-5031,2026-09-20,T+7,13469,2956,16425,2026-09-13T02:39:36.922Z,FALSE,"",16:00,FALSE
fare_BLR-DEL_IX_2026-09-20_T+7_1789268425649_0azf,BLR-DEL,EaseMyTrip,IX,IX-2116,2026-09-20,T+7,14008,3075,17083,2026-09-13T02:39:36.922Z,FALSE,"",21:00,FALSE
fare_BLR-DEL_IX_2026-09-20_T+7_1789268425649_n7wa,BLR-DEL,EaseMyTrip,IX,IX-2608,2026-09-20,T+7,14008,3075,17083,2026-09-13T02:39:36.922Z,FALSE,"",16:15,FALSE
fare_BLR-DEL_6E_2026-09-20_T+7_1789268425649_sknm,BLR-DEL,EaseMyTrip,6E,6E-5351,2026-09-20,T+7,13641,2994,16635,2026-09-13T02:39:36.922Z,FALSE,"",14:20,FALSE
fare_BLR-DEL_6E_2026-09-20_T+7_1789268425649_z91b,BLR-DEL,EaseMyTrip,6E,6E-6653,2026-09-20,T+7,14171,3111,17282,2026-09-13T02:39:36.922Z,FALSE,"",12:35,FALSE
fare_BLR-DEL_IX_2026-09-20_T+7_1789268425649_7kyw,BLR-DEL,EaseMyTrip,IX,IX-1385,2026-09-20,T+7,15127,3321,18448,2026-09-13T02:39:36.922Z,TRUE,"High outlier: ₹18448 > upper fence ₹18138 (Q3: ₹13150, IQR: ₹3325)",10:55,FALSE
fare_BLR-DEL_6E_2026-09-20_T+7_1789268425649_lnd7,BLR-DEL,EaseMyTrip,6E,6E-663,2026-09-20,T+7,15005,3294,18299,2026-09-13T02:39:36.922Z,TRUE,"High outlier: ₹18299 > upper fence ₹18138 (Q3: ₹13150, IQR: ₹3325)",10:50,FALSE
fare_BLR-DEL_6E_2026-09-20_T+7_1789268425649_3qv5,BLR-DEL,EaseMyTrip,6E,6E-848,2026-09-20,T+7,15005,3294,18299,2026-09-13T02:39:36.922Z,TRUE,"High outlier: ₹18299 > upper fence ₹18138 (Q3: ₹13150, IQR: ₹3325)",10:50,FALSE
fare_BLR-DEL_AI_2026-09-20_T+7_1789268425649_w05f,BLR-DEL,EaseMyTrip,AI,AI-2411,2026-09-20,T+7,15250,3347,18597,2026-09-13T02:39:36.922Z,TRUE,"High outlier: ₹18597 > upper fence ₹18138 (Q3: ₹13150, IQR: ₹3325)",08:20,FALSE
fare_BLR-DEL_6E_2026-09-20_T+7_1789268425649_grrt,BLR-DEL,EaseMyTrip,6E,6E-6404,2026-09-20,T+7,15138,3323,18461,2026-09-13T02:39:36.922Z,TRUE,"High outlier: ₹18461 > upper fence ₹18138 (Q3: ₹13150, IQR: ₹3325)",11:35,FALSE
fare_BLR-DEL_AI_2026-09-20_T+7_1789268425649_vr6i,BLR-DEL,EaseMyTrip,AI,AI-9437,2026-09-20,T+7,15496,3401,18897,2026-09-13T02:39:36.922Z,TRUE,"High outlier: ₹18897 > upper fence ₹18138 (Q3: ₹13150, IQR: ₹3325)",07:05,FALSE
fare_BLR-DEL_6E_2026-09-20_T+7_1789268425649_42o8,BLR-DEL,EaseMyTrip,6E,6E-6162,2026-09-20,T+7,15340,3367,18707,2026-09-13T02:39:36.922Z,TRUE,"High outlier: ₹18707 > upper fence ₹18138 (Q3: ₹13150, IQR: ₹3325)",18:50,FALSE
fare_BLR-DEL_IX_2026-09-20_T+7_1789268425649_keeg,BLR-DEL,EaseMyTrip,IX,IX-1893,2026-09-20,T+7,17197,3775,20972,2026-09-13T02:39:36.922Z,TRUE,"High outlier: ₹20972 > upper fence ₹18138 (Q3: ₹13150, IQR: ₹3325)",08:40,FALSE
fare_BLR-DEL_6E_2026-09-20_T+7_1789268425649_cilb,BLR-DEL,EaseMyTrip,6E,6E-419,2026-09-20,T+7,16477,3617,20094,2026-09-13T02:39:36.922Z,TRUE,"High outlier: ₹20094 > upper fence ₹18138 (Q3: ₹13150, IQR: ₹3325)",10:15,FALSE
fare_BLR-DEL_6E_2026-09-20_T+7_1789268425649_k43e,BLR-DEL,EaseMyTrip,6E,6E-360,2026-09-20,T+7,16477,3617,20094,2026-09-13T02:39:36.922Z,TRUE,"High outlier: ₹20094 > upper fence ₹18138 (Q3: ₹13150, IQR: ₹3325)",10:15,FALSE
fare_BLR-DEL_6E_2026-09-20_T+7_1789268425649_4zs8,BLR-DEL,EaseMyTrip,6E,6E-389,2026-09-20,T+7,16502,3622,20124,2026-09-13T02:39:36.922Z,TRUE,"High outlier: ₹20124 > upper fence ₹18138 (Q3: ₹13150, IQR: ₹3325)",18:35,FALSE
fare_BLR-DEL_6E_2026-09-20_T+7_1789268425649_ihh9,BLR-DEL,EaseMyTrip,6E,6E-333,2026-09-20,T+7,16502,3622,20124,2026-09-13T02:39:36.922Z,TRUE,"High outlier: ₹20124 > upper fence ₹18138 (Q3: ₹13150, IQR: ₹3325)",18:35,FALSE
fare_BLR-DEL_AI_2026-09-20_T+7_1789268425649_izen,BLR-DEL,EaseMyTrip,AI,AI-9490,2026-09-20,T+7,17865,3921,21786,2026-09-13T02:39:36.922Z,TRUE,"High outlier: ₹21786 > upper fence ₹18138 (Q3: ₹13150, IQR: ₹3325)",10:40,FALSE
fare_BLR-DEL_IX_2026-09-20_T+7_1789268425649_fo1k,BLR-DEL,EaseMyTrip,IX,IX-1536,2026-09-20,T+7,18437,4047,22484,2026-09-13T02:39:36.922Z,TRUE,"High outlier: ₹22484 > upper fence ₹18138 (Q3: ₹13150, IQR: ₹3325)",15:00,FALSE
fare_BLR-DEL_AI_2026-09-20_T+7_1789268425649_z1al,BLR-DEL,EaseMyTrip,AI,AI-9568,2026-09-20,T+7,18262,4009,22271,2026-09-13T02:39:36.922Z,TRUE,"High outlier: ₹22271 > upper fence ₹18138 (Q3: ₹13150, IQR: ₹3325)",17:15,FALSE
fare_BLR-DEL_AI_2026-09-20_T+7_1789268425649_6kd5,BLR-DEL,EaseMyTrip,AI,AI-9898,2026-09-20,T+7,18648,4094,22742,2026-09-13T02:39:36.922Z,TRUE,"High outlier: ₹22742 > upper fence ₹18138 (Q3: ₹13150, IQR: ₹3325)",10:20,FALSE
fare_BLR-DEL_AI_2026-09-20_T+7_1789268425649_4guy,BLR-DEL,EaseMyTrip,AI,AI-9457,2026-09-20,T+7,27882,6121,34003,2026-09-13T02:39:36.922Z,TRUE,"High outlier: ₹34003 > upper fence ₹18138 (Q3: ₹13150, IQR: ₹3325)",16:15,FALSE
fare_BLR-DEL_AI_2026-09-20_T+7_1789268425649_20qp,BLR-DEL,EaseMyTrip,AI,AI-9602,2026-09-20,T+7,33379,7327,40706,2026-09-13T02:39:36.922Z,TRUE,"High outlier: ₹40706 > upper fence ₹18138 (Q3: ₹13150, IQR: ₹3325)",09:15,FALSE
fare_BLR-HYD_IX_2026-09-28_T+15_1789268425650_aty8,BLR-HYD,EaseMyTrip,IX,IX-1250,2026-09-28,T+15,3601,791,4392,2026-09-13T02:42:14.110Z,FALSE,"",19:15,TRUE
fare_BLR-HYD_6E_2026-09-28_T+15_1789268425650_sfcz,BLR-HYD,EaseMyTrip,6E,6E-6784,2026-09-28,T+15,3602,791,4393,2026-09-13T02:42:14.110Z,FALSE,"",21:30,TRUE
fare_BLR-HYD_6E_2026-09-28_T+15_1789268425650_ghcz,BLR-HYD,EaseMyTrip,6E,6E-396,2026-09-28,T+15,3513,771,4284,2026-09-13T02:42:14.110Z,FALSE,"",21:50,TRUE
fare_BLR-HYD_6E_2026-09-28_T+15_1789268425650_07v8,BLR-HYD,EaseMyTrip,6E,6E-888,2026-09-28,T+15,3513,771,4284,2026-09-13T02:42:14.110Z,FALSE,"",21:50,TRUE
fare_BLR-HYD_IX_2026-09-28_T+15_1789268425650_1bj5,BLR-HYD,EaseMyTrip,IX,IX-2506,2026-09-28,T+15,3970,872,4842,2026-09-13T02:42:14.110Z,FALSE,"",17:15,TRUE
fare_BLR-HYD_6E_2026-09-28_T+15_1789268425650_1qo9,BLR-HYD,EaseMyTrip,6E,6E-661,2026-09-28,T+15,4164,914,5078,2026-09-13T02:42:14.110Z,FALSE,"",18:35,TRUE
fare_BLR-HYD_6E_2026-09-28_T+15_1789268425650_jg3j,BLR-HYD,EaseMyTrip,6E,6E-727,2026-09-28,T+15,4164,914,5078,2026-09-13T02:42:14.110Z,FALSE,"",18:35,TRUE
fare_BLR-HYD_6E_2026-09-28_T+15_1789268425650_bm6i,BLR-HYD,EaseMyTrip,6E,6E-347,2026-09-28,T+15,4164,914,5078,2026-09-13T02:42:14.110Z,FALSE,"",19:45,TRUE
fare_BLR-HYD_6E_2026-09-28_T+15_1789268425650_9nyr,BLR-HYD,EaseMyTrip,6E,6E-219,2026-09-28,T+15,4164,914,5078,2026-09-13T02:42:14.110Z,FALSE,"",19:45,TRUE
fare_BLR-HYD_6E_2026-09-28_T+15_1789268425650_y4sd,BLR-HYD,EaseMyTrip,6E,6E-6554,2026-09-28,T+15,4480,983,5463,2026-09-13T02:42:14.110Z,FALSE,"",19:15,FALSE
fare_BLR-HYD_6E_2026-09-28_T+15_1789268425650_h5fe,BLR-HYD,EaseMyTrip,6E,6E-949,2026-09-28,T+15,4480,983,5463,2026-09-13T02:42:14.110Z,FALSE,"",07:05,FALSE
fare_BLR-HYD_6E_2026-09-28_T+15_1789268425650_dbsm,BLR-HYD,EaseMyTrip,6E,6E-355,2026-09-28,T+15,4480,983,5463,2026-09-13T02:42:14.110Z,FALSE,"",07:05,FALSE
fare_BLR-HYD_6E_2026-09-28_T+15_1789268425650_f6ge,BLR-HYD,EaseMyTrip,6E,6E-441,2026-09-28,T+15,4480,983,5463,2026-09-13T02:42:14.110Z,FALSE,"",23:05,FALSE
fare_BLR-HYD_6E_2026-09-28_T+15_1789268425650_a7id,BLR-HYD,EaseMyTrip,6E,6E-713,2026-09-28,T+15,4480,983,5463,2026-09-13T02:42:14.110Z,FALSE,"",23:05,FALSE
fare_BLR-HYD_6E_2026-09-28_T+15_1789268425650_0lug,BLR-HYD,EaseMyTrip,6E,6E-255,2026-09-28,T+15,4480,983,5463,2026-09-13T02:42:14.110Z,FALSE,"",17:15,FALSE
fare_BLR-HYD_6E_2026-09-28_T+15_1789268425650_ety1,BLR-HYD,EaseMyTrip,6E,6E-611,2026-09-28,T+15,4480,983,5463,2026-09-13T02:42:14.110Z,FALSE,"",17:15,FALSE
fare_BLR-HYD_6E_2026-09-28_T+15_1789268425650_su5s,BLR-HYD,EaseMyTrip,6E,6E-906,2026-09-28,T+15,4480,983,5463,2026-09-13T02:42:14.110Z,FALSE,"",15:30,FALSE
fare_BLR-HYD_6E_2026-09-28_T+15_1789268425650_i1vh,BLR-HYD,EaseMyTrip,6E,6E-789,2026-09-28,T+15,4480,983,5463,2026-09-13T02:42:14.110Z,FALSE,"",15:30,FALSE
fare_BLR-HYD_6E_2026-09-28_T+15_1789268425650_swgx,BLR-HYD,EaseMyTrip,6E,6E-6542,2026-09-28,T+15,4480,983,5463,2026-09-13T02:42:14.110Z,FALSE,"",13:10,FALSE
fare_BLR-HYD_6E_2026-09-28_T+15_1789268425650_m6zq,BLR-HYD,EaseMyTrip,6E,6E-6017,2026-09-28,T+15,4480,983,5463,2026-09-13T02:42:14.110Z,FALSE,"",18:15,FALSE
fare_BLR-HYD_6E_2026-09-28_T+15_1789268425650_0yzh,BLR-HYD,EaseMyTrip,6E,6E-6104,2026-09-28,T+15,4480,983,5463,2026-09-13T02:42:14.110Z,FALSE,"",11:40,FALSE
fare_BLR-HYD_6E_2026-09-28_T+15_1789268425650_9634,BLR-HYD,EaseMyTrip,6E,6E-6208,2026-09-28,T+15,4480,983,5463,2026-09-13T02:42:14.110Z,FALSE,"",12:45,FALSE
fare_BLR-HYD_6E_2026-09-28_T+15_1789268425650_9b7i,BLR-HYD,EaseMyTrip,6E,6E-659,2026-09-28,T+15,4480,983,5463,2026-09-13T02:42:14.110Z,FALSE,"",12:55,FALSE
fare_BLR-HYD_6E_2026-09-28_T+15_1789268425650_haqn,BLR-HYD,EaseMyTrip,6E,6E-152,2026-09-28,T+15,4480,983,5463,2026-09-13T02:42:14.110Z,FALSE,"",12:55,FALSE
fare_BLR-HYD_6E_2026-09-28_T+15_1789268425650_5adj,BLR-HYD,EaseMyTrip,6E,6E-243,2026-09-28,T+15,4480,983,5463,2026-09-13T02:42:14.110Z,FALSE,"",18:45,FALSE
fare_BLR-HYD_6E_2026-09-28_T+15_1789268425650_zw8o,BLR-HYD,EaseMyTrip,6E,6E-6445,2026-09-28,T+15,4480,983,5463,2026-09-13T02:42:14.110Z,FALSE,"",10:25,FALSE
fare_BLR-HYD_6E_2026-09-28_T+15_1789268425650_qoiv,BLR-HYD,EaseMyTrip,6E,6E-6168,2026-09-28,T+15,4480,983,5463,2026-09-13T02:42:14.110Z,FALSE,"",17:40,FALSE
fare_BLR-HYD_6E_2026-09-28_T+15_1789268425650_4hgp,BLR-HYD,EaseMyTrip,6E,6E-650,2026-09-28,T+15,4480,983,5463,2026-09-13T02:42:14.110Z,FALSE,"",17:15,FALSE
fare_BLR-HYD_6E_2026-09-28_T+15_1789268425650_p6rn,BLR-HYD,EaseMyTrip,6E,6E-368,2026-09-28,T+15,4480,983,5463,2026-09-13T02:42:14.110Z,FALSE,"",17:15,FALSE
fare_BLR-HYD_6E_2026-09-28_T+15_1789268425650_mceo,BLR-HYD,EaseMyTrip,6E,6E-777,2026-09-28,T+15,4480,983,5463,2026-09-13T02:42:14.110Z,FALSE,"",21:40,FALSE
fare_BLR-HYD_6E_2026-09-28_T+15_1789268425650_r5jl,BLR-HYD,EaseMyTrip,6E,6E-990,2026-09-28,T+15,4480,983,5463,2026-09-13T02:42:14.110Z,FALSE,"",21:40,FALSE
fare_BLR-HYD_6E_2026-09-28_T+15_1789268425650_1hi7,BLR-HYD,EaseMyTrip,6E,6E-6653,2026-09-28,T+15,4480,983,5463,2026-09-13T02:42:14.110Z,FALSE,"",12:35,FALSE
fare_BLR-HYD_6E_2026-09-28_T+15_1789268425650_g35s,BLR-HYD,EaseMyTrip,6E,6E-6753,2026-09-28,T+15,4480,983,5463,2026-09-13T02:42:14.110Z,FALSE,"",15:15,FALSE
fare_BLR-HYD_6E_2026-09-28_T+15_1789268425650_t4jo,BLR-HYD,EaseMyTrip,6E,6E-6269,2026-09-28,T+15,4480,983,5463,2026-09-13T02:42:14.110Z,FALSE,"",07:15,FALSE
fare_BLR-HYD_6E_2026-09-28_T+15_1789268425650_hubp,BLR-HYD,EaseMyTrip,6E,6E-999,2026-09-28,T+15,4480,983,5463,2026-09-13T02:42:14.110Z,FALSE,"",20:40,FALSE
fare_BLR-HYD_6E_2026-09-28_T+15_1789268425650_ti1q,BLR-HYD,EaseMyTrip,6E,6E-295,2026-09-28,T+15,4480,983,5463,2026-09-13T02:42:14.110Z,FALSE,"",20:40,FALSE
fare_BLR-HYD_6E_2026-09-28_T+15_1789268425650_yvpd,BLR-HYD,EaseMyTrip,6E,6E-515,2026-09-28,T+15,4480,983,5463,2026-09-13T02:42:14.110Z,FALSE,"",07:05,FALSE
fare_BLR-HYD_6E_2026-09-28_T+15_1789268425650_zv9j,BLR-HYD,EaseMyTrip,6E,6E-414,2026-09-28,T+15,4480,983,5463,2026-09-13T02:42:14.110Z,FALSE,"",07:05,FALSE
fare_BLR-HYD_6E_2026-09-28_T+15_1789268425650_ju9x,BLR-HYD,EaseMyTrip,6E,6E-417,2026-09-28,T+15,4480,983,5463,2026-09-13T02:42:14.110Z,FALSE,"",07:05,FALSE
fare_BLR-HYD_6E_2026-09-28_T+15_1789268425650_5ljk,BLR-HYD,EaseMyTrip,6E,6E-114,2026-09-28,T+15,4480,983,5463,2026-09-13T02:42:14.110Z,FALSE,"",07:05,FALSE
fare_BLR-HYD_6E_2026-09-28_T+15_1789268425650_8pll,BLR-HYD,EaseMyTrip,6E,6E-337,2026-09-28,T+15,4480,983,5463,2026-09-13T02:42:14.110Z,FALSE,"",10:45,FALSE
fare_BLR-HYD_6E_2026-09-28_T+15_1789268425650_770x,BLR-HYD,EaseMyTrip,6E,6E-6336,2026-09-28,T+15,4587,1007,5594,2026-09-13T02:42:14.110Z,FALSE,"",12:25,FALSE
fare_BLR-HYD_IX_2026-09-28_T+15_1789268425650_5mst,BLR-HYD,EaseMyTrip,IX,IX-2926,2026-09-28,T+15,5142,1129,6271,2026-09-13T02:42:14.110Z,FALSE,"",08:40,FALSE
fare_BLR-HYD_IX_2026-09-28_T+15_1789268425650_xzni,BLR-HYD,EaseMyTrip,IX,IX-1472,2026-09-28,T+15,5142,1129,6271,2026-09-13T02:42:14.110Z,FALSE,"",07:05,FALSE
fare_BLR-HYD_6E_2026-09-28_T+15_1789268425650_za8c,BLR-HYD,EaseMyTrip,6E,6E-6067,2026-09-28,T+15,4849,1064,5913,2026-09-13T02:42:14.110Z,FALSE,"",16:30,TRUE
fare_BLR-HYD_6E_2026-09-28_T+15_1789268425650_g72l,BLR-HYD,EaseMyTrip,6E,6E-7737,2026-09-28,T+15,4937,1084,6021,2026-09-13T02:42:14.110Z,FALSE,"",10:50,FALSE
fare_BLR-HYD_6E_2026-09-28_T+15_1789268425650_4l2f,BLR-HYD,EaseMyTrip,6E,6E-7005,2026-09-28,T+15,5045,1108,6153,2026-09-13T02:42:14.110Z,FALSE,"",08:05,FALSE
fare_BLR-HYD_6E_2026-09-28_T+15_1789268425650_i8gx,BLR-HYD,EaseMyTrip,6E,6E-7227,2026-09-28,T+15,5258,1154,6412,2026-09-13T02:42:14.110Z,FALSE,"",06:25,FALSE
fare_BLR-HYD_6E_2026-09-28_T+15_1789268425650_vqe3,BLR-HYD,EaseMyTrip,6E,6E-542,2026-09-28,T+15,5365,1178,6543,2026-09-13T02:42:14.110Z,FALSE,"",07:05,FALSE
fare_BLR-HYD_6E_2026-09-28_T+15_1789268425650_kfok,BLR-HYD,EaseMyTrip,6E,6E-490,2026-09-28,T+15,5365,1178,6543,2026-09-13T02:42:14.110Z,FALSE,"",07:05,FALSE
fare_BLR-HYD_6E_2026-09-28_T+15_1789268425650_ztyg,BLR-HYD,EaseMyTrip,6E,6E-6876,2026-09-28,T+15,6094,1338,7432,2026-09-13T02:42:14.110Z,FALSE,"",02:40,FALSE
fare_BLR-HYD_6E_2026-09-28_T+15_1789268425650_ep2v,BLR-HYD,EaseMyTrip,6E,6E-6563,2026-09-28,T+15,6094,1338,7432,2026-09-13T02:42:14.110Z,FALSE,"",01:05,FALSE
fare_BLR-HYD_6E_2026-09-28_T+15_1789268425650_1m9k,BLR-HYD,EaseMyTrip,6E,6E-6162,2026-09-28,T+15,6957,1527,8484,2026-09-13T02:42:14.110Z,FALSE,"",18:50,FALSE
fare_BLR-HYD_6E_2026-09-28_T+15_1789268425650_rpf9,BLR-HYD,EaseMyTrip,6E,6E-820,2026-09-28,T+15,6957,1527,8484,2026-09-13T02:42:14.110Z,FALSE,"",17:00,FALSE
fare_BLR-HYD_6E_2026-09-28_T+15_1789268425650_l63i,BLR-HYD,EaseMyTrip,6E,6E-677,2026-09-28,T+15,6957,1527,8484,2026-09-13T02:42:14.110Z,FALSE,"",17:00,FALSE
fare_BLR-HYD_IX_2026-09-28_T+15_1789268425650_p926,BLR-HYD,EaseMyTrip,IX,IX-2819,2026-09-28,T+15,7933,1741,9674,2026-09-13T02:42:14.110Z,FALSE,"",12:30,TRUE
fare_BLR-HYD_6E_2026-09-28_T+15_1789268425650_tozj,BLR-HYD,EaseMyTrip,6E,6E-7285,2026-09-28,T+15,8105,1779,9884,2026-09-13T02:42:14.110Z,FALSE,"",06:50,FALSE
fare_BLR-HYD_AI_2026-09-28_T+15_1789268425650_tdao,BLR-HYD,EaseMyTrip,AI,AI-2811,2026-09-28,T+15,8673,1904,10577,2026-09-13T02:42:14.110Z,FALSE,"",23:40,FALSE
fare_BLR-HYD_6E_2026-09-28_T+15_1789268425650_8bug,BLR-HYD,EaseMyTrip,6E,6E-6178,2026-09-28,T+15,10310,2263,12573,2026-09-13T02:42:14.110Z,FALSE,"",06:25,TRUE
fare_BLR-HYD_AI_2026-09-28_T+15_1789268425650_lpy4,BLR-HYD,EaseMyTrip,AI,AI-3306,2026-09-28,T+15,10700,2349,13049,2026-09-13T02:42:14.110Z,FALSE,"",02:25,FALSE
fare_BLR-HYD_AI_2026-09-28_T+15_1789268425650_jc4h,BLR-HYD,EaseMyTrip,AI,AI-2858,2026-09-28,T+15,10700,2349,13049,2026-09-13T02:42:14.110Z,FALSE,"",02:20,FALSE
fare_BLR-HYD_AI_2026-09-28_T+15_1789268425650_jwpz,BLR-HYD,EaseMyTrip,AI,AI-2854,2026-09-28,T+15,10749,2360,13109,2026-09-13T02:42:14.110Z,FALSE,"",18:05,FALSE
fare_BLR-HYD_AI_2026-09-28_T+15_1789268425650_iule,BLR-HYD,EaseMyTrip,AI,AI-2411,2026-09-28,T+15,11159,2450,13609,2026-09-13T02:42:14.110Z,FALSE,"",08:20,FALSE
fare_BLR-HYD_6E_2026-09-28_T+15_1789268425650_7rey,BLR-HYD,EaseMyTrip,6E,6E-6404,2026-09-28,T+15,11272,2474,13746,2026-09-13T02:42:14.110Z,FALSE,"",11:35,TRUE
fare_BLR-HYD_IX_2026-09-28_T+15_1789268425650_evok,BLR-HYD,EaseMyTrip,IX,IX-2018,2026-09-28,T+15,11649,2557,14206,2026-09-13T02:42:14.110Z,FALSE,"",06:05,TRUE
fare_BLR-HYD_AI_2026-09-28_T+15_1789268425650_7w6h,BLR-HYD,EaseMyTrip,AI,AI-2630,2026-09-28,T+15,11970,2628,14598,2026-09-13T02:42:14.110Z,FALSE,"",12:05,FALSE
fare_BLR-HYD_AI_2026-09-28_T+15_1789268425650_vm62,BLR-HYD,EaseMyTrip,AI,AI-2604,2026-09-28,T+15,12093,2654,14747,2026-09-13T02:42:14.110Z,FALSE,"",09:15,FALSE
fare_BLR-HYD_6E_2026-09-28_T+15_1789268425650_xrty,BLR-HYD,EaseMyTrip,6E,6E-143,2026-09-28,T+15,12333,2707,15040,2026-09-13T02:42:14.110Z,FALSE,"",09:15,TRUE
fare_BLR-HYD_6E_2026-09-28_T+15_1789268425650_kirq,BLR-HYD,EaseMyTrip,6E,6E-492,2026-09-28,T+15,12333,2707,15040,2026-09-13T02:42:14.110Z,FALSE,"",09:15,TRUE
fare_BLR-HYD_QP_2026-09-28_T+15_1789268425650_xf3o,BLR-HYD,EaseMyTrip,QP,QP-1821,2026-09-28,T+15,13057,2866,15923,2026-09-13T02:42:14.110Z,FALSE,"",13:10,FALSE
fare_BLR-HYD_QP_2026-09-28_T+15_1789268425650_two2,BLR-HYD,EaseMyTrip,QP,QP-1823,2026-09-28,T+15,13299,2919,16218,2026-09-13T02:42:14.110Z,FALSE,"",06:05,FALSE
fare_BLR-HYD_QP_2026-09-28_T+15_1789268425650_0sgy,BLR-HYD,EaseMyTrip,QP,QP-1359,2026-09-28,T+15,13299,2919,16218,2026-09-13T02:42:14.110Z,FALSE,"",05:00,FALSE
fare_BLR-HYD_6E_2026-09-28_T+15_1789268425650_o40r,BLR-HYD,EaseMyTrip,6E,6E-6583,2026-09-28,T+15,13401,2942,16343,2026-09-13T02:42:14.110Z,FALSE,"",10:40,FALSE
fare_BLR-HYD_AI_2026-09-28_T+15_1789268425650_tohy,BLR-HYD,EaseMyTrip,AI,AI-9455,2026-09-28,T+15,13628,2991,16619,2026-09-13T02:42:14.110Z,FALSE,"",08:40,FALSE
fare_BLR-HYD_AI_2026-09-28_T+15_1789268425650_9iom,BLR-HYD,EaseMyTrip,AI,AI-9451,2026-09-28,T+15,13628,2991,16619,2026-09-13T02:42:14.110Z,FALSE,"",05:30,FALSE
fare_BLR-HYD_AI_2026-09-28_T+15_1789268425650_ajfz,BLR-HYD,EaseMyTrip,AI,AI-9453,2026-09-28,T+15,13628,2991,16619,2026-09-13T02:42:14.110Z,FALSE,"",21:00,FALSE
fare_BLR-HYD_AI_2026-09-28_T+15_1789268425650_72pp,BLR-HYD,EaseMyTrip,AI,AI-9457,2026-09-28,T+15,13628,2991,16619,2026-09-13T02:42:14.110Z,FALSE,"",16:15,FALSE
fare_BLR-HYD_6E_2026-09-28_T+15_1789268425650_wwxi,BLR-HYD,EaseMyTrip,6E,6E-774,2026-09-28,T+15,13504,2964,16468,2026-09-13T02:42:14.110Z,FALSE,"",10:15,TRUE
fare_BLR-HYD_6E_2026-09-28_T+15_1789268425650_6m5y,BLR-HYD,EaseMyTrip,6E,6E-385,2026-09-28,T+15,13504,2964,16468,2026-09-13T02:42:14.110Z,FALSE,"",10:15,TRUE
fare_BLR-HYD_AI_2026-09-28_T+15_1789268425650_hcvd,BLR-HYD,EaseMyTrip,AI,AI-2852,2026-09-28,T+15,13822,3034,16856,2026-09-13T02:42:14.110Z,FALSE,"",10:30,FALSE
fare_BLR-HYD_AI_2026-09-28_T+15_1789268425650_otb9,BLR-HYD,EaseMyTrip,AI,AI-9400,2026-09-28,T+15,14060,3086,17146,2026-09-13T02:42:14.110Z,FALSE,"",14:40,FALSE
fare_BLR-HYD_AI_2026-09-28_T+15_1789268425650_ogsl,BLR-HYD,EaseMyTrip,AI,AI-2810,2026-09-28,T+15,14322,3144,17466,2026-09-13T02:42:14.110Z,FALSE,"",06:00,FALSE
fare_BLR-HYD_AI_2026-09-28_T+15_1789268425650_b0n6,BLR-HYD,EaseMyTrip,AI,AI-2486,2026-09-28,T+15,14322,3144,17466,2026-09-13T02:42:14.110Z,FALSE,"",14:00,FALSE
fare_BLR-HYD_AI_2026-09-28_T+15_1789268425650_4rby,BLR-HYD,EaseMyTrip,AI,AI-2418,2026-09-28,T+15,14322,3144,17466,2026-09-13T02:42:14.110Z,FALSE,"",16:30,FALSE
fare_BLR-HYD_AI_2026-09-28_T+15_1789268425650_oyce,BLR-HYD,EaseMyTrip,AI,AI-2511,2026-09-28,T+15,14322,3144,17466,2026-09-13T02:42:14.110Z,FALSE,"",15:00,FALSE
fare_BLR-HYD_AI_2026-09-28_T+15_1789268425650_wl8g,BLR-HYD,EaseMyTrip,AI,AI-428,2026-09-28,T+15,14322,3144,17466,2026-09-13T02:42:14.110Z,FALSE,"",15:30,FALSE
fare_BLR-HYD_AI_2026-09-28_T+15_1789268425650_v4zh,BLR-HYD,EaseMyTrip,AI,AI-2804,2026-09-28,T+15,14695,3226,17921,2026-09-13T02:42:14.110Z,FALSE,"",10:00,FALSE
fare_BLR-HYD_AI_2026-09-28_T+15_1789268425650_hehc,BLR-HYD,EaseMyTrip,AI,AI-2406,2026-09-28,T+15,14695,3226,17921,2026-09-13T02:42:14.110Z,FALSE,"",11:00,FALSE
fare_BLR-HYD_AI_2026-09-28_T+15_1789268425650_w70h,BLR-HYD,EaseMyTrip,AI,AI-2868,2026-09-28,T+15,14695,3226,17921,2026-09-13T02:42:14.110Z,FALSE,"",09:00,FALSE
fare_BLR-HYD_6E_2026-09-28_T+15_1789268425650_rgl0,BLR-HYD,EaseMyTrip,6E,6E-845,2026-09-28,T+15,14796,3248,18044,2026-09-13T02:42:14.110Z,FALSE,"",08:15,TRUE
fare_BLR-HYD_6E_2026-09-28_T+15_1789268425650_rp9v,BLR-HYD,EaseMyTrip,6E,6E-574,2026-09-28,T+15,14796,3248,18044,2026-09-13T02:42:14.110Z,FALSE,"",08:15,TRUE
fare_BLR-HYD_AI_2026-09-28_T+15_1789268425650_gmpu,BLR-HYD,EaseMyTrip,AI,AI-2402,2026-09-28,T+15,15028,3299,18327,2026-09-13T02:42:14.110Z,FALSE,"",06:35,FALSE
fare_BLR-HYD_AI_2026-09-28_T+15_1789268425650_5t39,BLR-HYD,EaseMyTrip,AI,AI-2654,2026-09-28,T+15,15568,3417,18985,2026-09-13T02:42:14.110Z,FALSE,"",07:00,FALSE
fare_BLR-HYD_AI_2026-09-28_T+15_1789268425650_n6hq,BLR-HYD,EaseMyTrip,AI,AI-2758,2026-09-28,T+15,17382,3816,21198,2026-09-13T02:42:14.110Z,FALSE,"",00:15,FALSE
fare_BLR-HYD_6E_2026-09-14_T+1_1789268425650_kdyw,BLR-HYD,EaseMyTrip,6E,6E-136,2026-09-14,T+1,4849,1064,5913,2026-09-13T02:42:01.727Z,FALSE,"",08:15,TRUE
fare_BLR-HYD_6E_2026-09-14_T+1_1789268425650_roh1,BLR-HYD,EaseMyTrip,6E,6E-524,2026-09-14,T+1,4849,1064,5913,2026-09-13T02:42:01.727Z,FALSE,"",08:15,TRUE
fare_BLR-HYD_6E_2026-09-14_T+1_1789268425650_8co3,BLR-HYD,EaseMyTrip,6E,6E-6336,2026-09-14,T+1,5153,1131,6284,2026-09-13T02:42:01.727Z,FALSE,"",12:25,FALSE
fare_BLR-HYD_6E_2026-09-14_T+1_1789268425650_6496,BLR-HYD,EaseMyTrip,6E,6E-6178,2026-09-14,T+1,5245,1151,6396,2026-09-13T02:42:01.727Z,FALSE,"",06:25,TRUE
fare_BLR-HYD_6E_2026-09-14_T+1_1789268425650_tsgk,BLR-HYD,EaseMyTrip,6E,6E-6168,2026-09-14,T+1,5365,1178,6543,2026-09-13T02:42:01.727Z,FALSE,"",17:40,FALSE
fare_BLR-HYD_6E_2026-09-14_T+1_1789268425650_hyss,BLR-HYD,EaseMyTrip,6E,6E-6269,2026-09-14,T+1,5365,1178,6543,2026-09-13T02:42:01.727Z,FALSE,"",07:15,FALSE
fare_BLR-HYD_6E_2026-09-14_T+1_1789268425650_l9xj,BLR-HYD,EaseMyTrip,6E,6E-246,2026-09-14,T+1,5365,1178,6543,2026-09-13T02:42:01.727Z,FALSE,"",23:05,FALSE
fare_BLR-HYD_6E_2026-09-14_T+1_1789268425650_2gso,BLR-HYD,EaseMyTrip,6E,6E-934,2026-09-14,T+1,5365,1178,6543,2026-09-13T02:42:01.727Z,FALSE,"",23:05,FALSE
fare_BLR-HYD_6E_2026-09-14_T+1_1789268425650_0lnk,BLR-HYD,EaseMyTrip,6E,6E-348,2026-09-14,T+1,5365,1178,6543,2026-09-13T02:42:01.727Z,FALSE,"",17:15,FALSE
fare_BLR-HYD_6E_2026-09-14_T+1_1789268425650_shkg,BLR-HYD,EaseMyTrip,6E,6E-429,2026-09-14,T+1,5365,1178,6543,2026-09-13T02:42:01.727Z,FALSE,"",17:15,FALSE
fare_BLR-HYD_6E_2026-09-14_T+1_1789268425650_1dtv,BLR-HYD,EaseMyTrip,6E,6E-928,2026-09-14,T+1,5365,1178,6543,2026-09-13T02:42:01.727Z,FALSE,"",15:30,FALSE
fare_BLR-HYD_6E_2026-09-14_T+1_1789268425650_97w9,BLR-HYD,EaseMyTrip,6E,6E-433,2026-09-14,T+1,5365,1178,6543,2026-09-13T02:42:01.727Z,FALSE,"",15:30,FALSE
fare_BLR-HYD_6E_2026-09-14_T+1_1789268425650_tfe3,BLR-HYD,EaseMyTrip,6E,6E-6017,2026-09-14,T+1,5365,1178,6543,2026-09-13T02:42:01.727Z,FALSE,"",18:15,FALSE
fare_BLR-HYD_6E_2026-09-14_T+1_1789268425650_u2mx,BLR-HYD,EaseMyTrip,6E,6E-6104,2026-09-14,T+1,5365,1178,6543,2026-09-13T02:42:01.727Z,FALSE,"",11:40,FALSE
fare_BLR-HYD_6E_2026-09-14_T+1_1789268425650_es9m,BLR-HYD,EaseMyTrip,6E,6E-6208,2026-09-14,T+1,5365,1178,6543,2026-09-13T02:42:01.727Z,FALSE,"",12:45,FALSE
fare_BLR-HYD_6E_2026-09-14_T+1_1789268425650_vibz,BLR-HYD,EaseMyTrip,6E,6E-489,2026-09-14,T+1,5365,1178,6543,2026-09-13T02:42:01.727Z,FALSE,"",18:45,FALSE
fare_BLR-HYD_6E_2026-09-14_T+1_1789268425650_1c7o,BLR-HYD,EaseMyTrip,6E,6E-208,2026-09-14,T+1,5365,1178,6543,2026-09-13T02:42:01.727Z,FALSE,"",18:45,FALSE
fare_BLR-HYD_6E_2026-09-14_T+1_1789268425650_ali9,BLR-HYD,EaseMyTrip,6E,6E-6876,2026-09-14,T+1,5365,1178,6543,2026-09-13T02:42:01.727Z,FALSE,"",02:40,FALSE
fare_BLR-HYD_6E_2026-09-14_T+1_1789268425650_arn2,BLR-HYD,EaseMyTrip,6E,6E-6653,2026-09-14,T+1,5365,1178,6543,2026-09-13T02:42:01.727Z,FALSE,"",12:35,FALSE
fare_BLR-HYD_6E_2026-09-14_T+1_1789268425650_mbou,BLR-HYD,EaseMyTrip,6E,6E-262,2026-09-14,T+1,5365,1178,6543,2026-09-13T02:42:01.727Z,FALSE,"",21:40,FALSE
fare_BLR-HYD_6E_2026-09-14_T+1_1789268425650_gqfy,BLR-HYD,EaseMyTrip,6E,6E-352,2026-09-14,T+1,5365,1178,6543,2026-09-13T02:42:01.727Z,FALSE,"",21:40,FALSE
fare_BLR-HYD_6E_2026-09-14_T+1_1789268425650_81e3,BLR-HYD,EaseMyTrip,6E,6E-6753,2026-09-14,T+1,5365,1178,6543,2026-09-13T02:42:01.727Z,FALSE,"",15:15,FALSE
fare_BLR-HYD_6E_2026-09-14_T+1_1789268425650_x0ry,BLR-HYD,EaseMyTrip,6E,6E-543,2026-09-14,T+1,5365,1178,6543,2026-09-13T02:42:01.727Z,FALSE,"",20:40,FALSE
fare_BLR-HYD_6E_2026-09-14_T+1_1789268425650_y4rw,BLR-HYD,EaseMyTrip,6E,6E-295,2026-09-14,T+1,5365,1178,6543,2026-09-13T02:42:01.727Z,FALSE,"",20:40,FALSE
fare_BLR-HYD_6E_2026-09-14_T+1_1789268425650_b9fg,BLR-HYD,EaseMyTrip,6E,6E-787,2026-09-14,T+1,5365,1178,6543,2026-09-13T02:42:01.727Z,FALSE,"",10:45,FALSE
fare_BLR-HYD_6E_2026-09-14_T+1_1789268425650_68be,BLR-HYD,EaseMyTrip,6E,6E-742,2026-09-14,T+1,5365,1178,6543,2026-09-13T02:42:01.727Z,FALSE,"",10:45,FALSE
fare_BLR-HYD_6E_2026-09-14_T+1_1789268425650_k70x,BLR-HYD,EaseMyTrip,6E,6E-6563,2026-09-14,T+1,5365,1178,6543,2026-09-13T02:42:01.727Z,FALSE,"",01:05,FALSE
fare_BLR-HYD_6E_2026-09-14_T+1_1789268425650_drbe,BLR-HYD,EaseMyTrip,6E,6E-843,2026-09-14,T+1,5683,1247,6930,2026-09-13T02:42:01.727Z,FALSE,"",09:15,TRUE
fare_BLR-HYD_6E_2026-09-14_T+1_1789268425650_daum,BLR-HYD,EaseMyTrip,6E,6E-618,2026-09-14,T+1,5683,1247,6930,2026-09-13T02:42:01.727Z,FALSE,"",09:15,TRUE
fare_BLR-HYD_6E_2026-09-14_T+1_1789268425650_glal,BLR-HYD,EaseMyTrip,6E,6E-6554,2026-09-14,T+1,5715,1254,6969,2026-09-13T02:42:01.727Z,FALSE,"",19:15,FALSE
fare_BLR-HYD_6E_2026-09-14_T+1_1789268425650_tz97,BLR-HYD,EaseMyTrip,6E,6E-764,2026-09-14,T+1,5715,1254,6969,2026-09-13T02:42:01.727Z,FALSE,"",07:05,FALSE
fare_BLR-HYD_6E_2026-09-14_T+1_1789268425650_sc97,BLR-HYD,EaseMyTrip,6E,6E-207,2026-09-14,T+1,5715,1254,6969,2026-09-13T02:42:01.727Z,FALSE,"",07:05,FALSE
fare_BLR-HYD_IX_2026-09-14_T+1_1789268425650_x5g0,BLR-HYD,EaseMyTrip,IX,IX-1723,2026-09-14,T+1,6166,1353,7519,2026-09-13T02:42:01.727Z,FALSE,"",22:40,TRUE
fare_BLR-HYD_IX_2026-09-14_T+1_1789268425650_gtet,BLR-HYD,EaseMyTrip,IX,IX-2819,2026-09-14,T+1,6166,1353,7519,2026-09-13T02:42:01.727Z,FALSE,"",12:30,TRUE
fare_BLR-HYD_6E_2026-09-14_T+1_1789268425650_ln26,BLR-HYD,EaseMyTrip,6E,6E-169,2026-09-14,T+1,6166,1353,7519,2026-09-13T02:42:01.727Z,FALSE,"",10:15,TRUE
fare_BLR-HYD_6E_2026-09-14_T+1_1789268425650_uq1g,BLR-HYD,EaseMyTrip,6E,6E-592,2026-09-14,T+1,6166,1353,7519,2026-09-13T02:42:01.727Z,FALSE,"",10:15,TRUE
fare_BLR-HYD_6E_2026-09-14_T+1_1789268425650_9hjq,BLR-HYD,EaseMyTrip,6E,6E-6404,2026-09-14,T+1,6166,1353,7519,2026-09-13T02:42:01.727Z,FALSE,"",11:35,TRUE
fare_BLR-HYD_6E_2026-09-14_T+1_1789268425650_pgie,BLR-HYD,EaseMyTrip,6E,6E-6583,2026-09-14,T+1,6202,1362,7564,2026-09-13T02:42:01.727Z,FALSE,"",10:40,FALSE
fare_BLR-HYD_6E_2026-09-14_T+1_1789268425650_2tl5,BLR-HYD,EaseMyTrip,6E,6E-7227,2026-09-14,T+1,6399,1405,7804,2026-09-13T02:42:01.727Z,FALSE,"",06:25,FALSE
fare_BLR-HYD_6E_2026-09-14_T+1_1789268425650_1690,BLR-HYD,EaseMyTrip,6E,6E-278,2026-09-14,T+1,6268,1376,7644,2026-09-13T02:42:01.727Z,FALSE,"",21:50,TRUE
fare_BLR-HYD_6E_2026-09-14_T+1_1789268425650_6qx3,BLR-HYD,EaseMyTrip,6E,6E-232,2026-09-14,T+1,6268,1376,7644,2026-09-13T02:42:01.727Z,FALSE,"",21:50,TRUE
fare_BLR-HYD_6E_2026-09-14_T+1_1789268425650_6rt9,BLR-HYD,EaseMyTrip,6E,6E-266,2026-09-14,T+1,6507,1428,7935,2026-09-13T02:42:01.727Z,FALSE,"",07:05,FALSE
fare_BLR-HYD_6E_2026-09-14_T+1_1789268425650_f6my,BLR-HYD,EaseMyTrip,6E,6E-505,2026-09-14,T+1,6507,1428,7935,2026-09-13T02:42:01.727Z,FALSE,"",07:05,FALSE
fare_BLR-HYD_IX_2026-09-14_T+1_1789268425650_i7oj,BLR-HYD,EaseMyTrip,IX,IX-2506,2026-09-14,T+1,6696,1470,8166,2026-09-13T02:42:01.727Z,FALSE,"",17:15,TRUE
fare_BLR-HYD_6E_2026-09-14_T+1_1789268425650_of4k,BLR-HYD,EaseMyTrip,6E,6E-7737,2026-09-14,T+1,6849,1503,8352,2026-09-13T02:42:01.727Z,FALSE,"",10:50,FALSE
fare_BLR-HYD_6E_2026-09-14_T+1_1789268425650_is9o,BLR-HYD,EaseMyTrip,6E,6E-205,2026-09-14,T+1,7286,1599,8885,2026-09-13T02:42:01.727Z,FALSE,"",18:35,TRUE
fare_BLR-HYD_6E_2026-09-14_T+1_1789268425650_sm12,BLR-HYD,EaseMyTrip,6E,6E-536,2026-09-14,T+1,7286,1599,8885,2026-09-13T02:42:01.727Z,FALSE,"",18:35,TRUE
fare_BLR-HYD_6E_2026-09-14_T+1_1789268425650_e49y,BLR-HYD,EaseMyTrip,6E,6E-6784,2026-09-14,T+1,7286,1599,8885,2026-09-13T02:42:01.727Z,FALSE,"",21:30,TRUE
fare_BLR-HYD_IX_2026-09-14_T+1_1789268425650_s7p6,BLR-HYD,EaseMyTrip,IX,IX-2926,2026-09-14,T+1,8026,1762,9788,2026-09-13T02:42:01.727Z,FALSE,"",08:40,FALSE
fare_BLR-HYD_IX_2026-09-14_T+1_1789268425650_aik5,BLR-HYD,EaseMyTrip,IX,IX-1472,2026-09-14,T+1,8026,1762,9788,2026-09-13T02:42:01.727Z,FALSE,"",07:05,FALSE
fare_BLR-HYD_6E_2026-09-14_T+1_1789268425650_nu34,BLR-HYD,EaseMyTrip,6E,6E-6067,2026-09-14,T+1,7933,1742,9675,2026-09-13T02:42:01.727Z,FALSE,"",16:30,TRUE
fare_BLR-HYD_6E_2026-09-14_T+1_1789268425650_xmqn,BLR-HYD,EaseMyTrip,6E,6E-993,2026-09-14,T+1,7979,1751,9730,2026-09-13T02:42:01.727Z,FALSE,"",17:15,FALSE
fare_BLR-HYD_6E_2026-09-14_T+1_1789268425650_20zp,BLR-HYD,EaseMyTrip,6E,6E-448,2026-09-14,T+1,7979,1751,9730,2026-09-13T02:42:01.727Z,FALSE,"",17:15,FALSE
fare_BLR-HYD_6E_2026-09-14_T+1_1789268425650_nech,BLR-HYD,EaseMyTrip,6E,6E-6542,2026-09-14,T+1,9187,2017,11204,2026-09-13T02:42:01.727Z,FALSE,"",13:10,FALSE
fare_BLR-HYD_AI_2026-09-14_T+1_1789268425650_j4ht,BLR-HYD,EaseMyTrip,AI,AI-2402,2026-09-14,T+1,10339,2270,12609,2026-09-13T02:42:01.727Z,FALSE,"",06:35,FALSE
fare_BLR-HYD_AI_2026-09-14_T+1_1789268425650_2e37,BLR-HYD,EaseMyTrip,AI,AI-2411,2026-09-14,T+1,10339,2270,12609,2026-09-13T02:42:01.727Z,FALSE,"",08:20,FALSE
fare_BLR-HYD_6E_2026-09-14_T+1_1789268425650_4m9c,BLR-HYD,EaseMyTrip,6E,6E-195,2026-09-14,T+1,10310,2263,12573,2026-09-13T02:42:01.727Z,FALSE,"",19:45,TRUE
fare_BLR-HYD_6E_2026-09-14_T+1_1789268425650_3540,BLR-HYD,EaseMyTrip,6E,6E-967,2026-09-14,T+1,10310,2263,12573,2026-09-13T02:42:01.727Z,FALSE,"",19:45,TRUE
fare_BLR-HYD_AI_2026-09-14_T+1_1789268425650_ds6p,BLR-HYD,EaseMyTrip,AI,AI-3306,2026-09-14,T+1,10478,2300,12778,2026-09-13T02:42:01.727Z,FALSE,"",02:25,FALSE
fare_BLR-HYD_AI_2026-09-14_T+1_1789268425650_1yi2,BLR-HYD,EaseMyTrip,AI,AI-2858,2026-09-14,T+1,10478,2300,12778,2026-09-13T02:42:01.727Z,FALSE,"",02:20,FALSE
fare_BLR-HYD_AI_2026-09-14_T+1_1789268425650_foj3,BLR-HYD,EaseMyTrip,AI,AI-2630,2026-09-14,T+1,10741,2358,13099,2026-09-13T02:42:01.727Z,FALSE,"",12:05,FALSE
fare_BLR-HYD_6E_2026-09-14_T+1_1789268425650_39ny,BLR-HYD,EaseMyTrip,6E,6E-922,2026-09-14,T+1,10619,2331,12950,2026-09-13T02:42:01.727Z,FALSE,"",07:05,FALSE
fare_BLR-HYD_6E_2026-09-14_T+1_1789268425650_j6sh,BLR-HYD,EaseMyTrip,6E,6E-288,2026-09-14,T+1,10619,2331,12950,2026-09-13T02:42:01.727Z,FALSE,"",07:05,FALSE
fare_BLR-HYD_6E_2026-09-14_T+1_1789268425650_mw9j,BLR-HYD,EaseMyTrip,6E,6E-936,2026-09-14,T+1,10619,2331,12950,2026-09-13T02:42:01.727Z,FALSE,"",12:55,FALSE
fare_BLR-HYD_6E_2026-09-14_T+1_1789268425650_2vb5,BLR-HYD,EaseMyTrip,6E,6E-219,2026-09-14,T+1,10619,2331,12950,2026-09-13T02:42:01.727Z,FALSE,"",12:55,FALSE
fare_BLR-HYD_6E_2026-09-14_T+1_1789268425650_7mul,BLR-HYD,EaseMyTrip,6E,6E-6445,2026-09-14,T+1,10619,2331,12950,2026-09-13T02:42:01.727Z,FALSE,"",10:25,FALSE
fare_BLR-HYD_6E_2026-09-14_T+1_1789268425650_ebvp,BLR-HYD,EaseMyTrip,6E,6E-7005,2026-09-14,T+1,10619,2331,12950,2026-09-13T02:42:01.727Z,FALSE,"",08:05,FALSE
fare_BLR-HYD_6E_2026-09-14_T+1_1789268425650_s9mw,BLR-HYD,EaseMyTrip,6E,6E-341,2026-09-14,T+1,10619,2331,12950,2026-09-13T02:42:01.727Z,FALSE,"",07:05,FALSE
fare_BLR-HYD_6E_2026-09-14_T+1_1789268425650_0ps9,BLR-HYD,EaseMyTrip,6E,6E-828,2026-09-14,T+1,10619,2331,12950,2026-09-13T02:42:01.727Z,FALSE,"",07:05,FALSE
fare_BLR-HYD_AI_2026-09-14_T+1_1789268425650_rsoy,BLR-HYD,EaseMyTrip,AI,AI-2852,2026-09-14,T+1,10790,2369,13159,2026-09-13T02:42:01.727Z,FALSE,"",10:30,FALSE
fare_BLR-HYD_AI_2026-09-14_T+1_1789268425650_u5jc,BLR-HYD,EaseMyTrip,AI,AI-2604,2026-09-14,T+1,11093,2435,13528,2026-09-13T02:42:01.727Z,FALSE,"",09:15,FALSE
fare_BLR-HYD_AI_2026-09-14_T+1_1789268425650_rclz,BLR-HYD,EaseMyTrip,AI,AI-2854,2026-09-14,T+1,11373,2496,13869,2026-09-13T02:42:01.727Z,FALSE,"",18:05,FALSE
fare_BLR-HYD_6E_2026-09-14_T+1_1789268425650_noix,BLR-HYD,EaseMyTrip,6E,6E-7285,2026-09-14,T+1,12022,2639,14661,2026-09-13T02:42:01.727Z,FALSE,"",06:50,FALSE
fare_BLR-HYD_AI_2026-09-14_T+1_1789268425650_77cg,BLR-HYD,EaseMyTrip,AI,AI-2810,2026-09-14,T+1,14322,3144,17466,2026-09-13T02:42:01.727Z,FALSE,"",06:00,FALSE
fare_BLR-HYD_AI_2026-09-14_T+1_1789268425650_4j70,BLR-HYD,EaseMyTrip,AI,AI-2418,2026-09-14,T+1,14322,3144,17466,2026-09-13T02:42:01.727Z,FALSE,"",16:30,FALSE
fare_BLR-HYD_AI_2026-09-14_T+1_1789268425650_xjy1,BLR-HYD,EaseMyTrip,AI,AI-2804,2026-09-14,T+1,14322,3144,17466,2026-09-13T02:42:01.727Z,FALSE,"",10:00,FALSE
fare_BLR-HYD_AI_2026-09-14_T+1_1789268425650_73f3,BLR-HYD,EaseMyTrip,AI,AI-2511,2026-09-14,T+1,14322,3144,17466,2026-09-13T02:42:01.727Z,FALSE,"",15:00,FALSE
fare_BLR-HYD_AI_2026-09-14_T+1_1789268425650_17wc,BLR-HYD,EaseMyTrip,AI,AI-2406,2026-09-14,T+1,14322,3144,17466,2026-09-13T02:42:01.727Z,FALSE,"",11:00,FALSE
fare_BLR-HYD_AI_2026-09-14_T+1_1789268425650_xshm,BLR-HYD,EaseMyTrip,AI,AI-428,2026-09-14,T+1,14322,3144,17466,2026-09-13T02:42:01.727Z,FALSE,"",15:30,FALSE
fare_BLR-HYD_AI_2026-09-14_T+1_1789268425650_adkj,BLR-HYD,EaseMyTrip,AI,AI-2868,2026-09-14,T+1,14322,3144,17466,2026-09-13T02:42:01.727Z,FALSE,"",09:00,FALSE
fare_BLR-HYD_AI_2026-09-14_T+1_1789268425650_dmg3,BLR-HYD,EaseMyTrip,AI,AI-2758,2026-09-14,T+1,14322,3144,17466,2026-09-13T02:42:01.727Z,FALSE,"",00:15,FALSE
fare_BLR-HYD_AI_2026-09-14_T+1_1789268425650_2ph7,BLR-HYD,EaseMyTrip,AI,AI-2665,2026-09-14,T+1,14322,3144,17466,2026-09-13T02:42:01.727Z,FALSE,"",19:40,FALSE
fare_BLR-HYD_AI_2026-09-14_T+1_1789268425650_0onv,BLR-HYD,EaseMyTrip,AI,AI-2802,2026-09-14,T+1,14322,3144,17466,2026-09-13T02:42:01.727Z,FALSE,"",18:20,FALSE
fare_BLR-HYD_QP_2026-09-14_T+1_1789268425650_ax0o,BLR-HYD,EaseMyTrip,QP,QP-1821,2026-09-14,T+1,14225,3122,17347,2026-09-13T02:42:01.727Z,FALSE,"",13:10,FALSE
fare_BLR-HYD_AI_2026-09-14_T+1_1789268425650_ifsl,BLR-HYD,EaseMyTrip,AI,AI-9430,2026-09-14,T+1,14434,3169,17603,2026-09-13T02:42:01.727Z,FALSE,"",01:15,FALSE
fare_BLR-HYD_AI_2026-09-14_T+1_1789268425650_im1t,BLR-HYD,EaseMyTrip,AI,AI-2654,2026-09-14,T+1,14695,3226,17921,2026-09-13T02:42:01.727Z,FALSE,"",07:00,FALSE
fare_BLR-HYD_AI_2026-09-14_T+1_1789268425650_i7hb,BLR-HYD,EaseMyTrip,AI,AI-2486,2026-09-14,T+1,14695,3226,17921,2026-09-13T02:42:01.727Z,FALSE,"",14:00,FALSE
fare_BLR-HYD_AI_2026-09-14_T+1_1789268425650_rf2n,BLR-HYD,EaseMyTrip,AI,AI-2818,2026-09-14,T+1,14695,3226,17921,2026-09-13T02:42:01.727Z,FALSE,"",20:00,FALSE
fare_BLR-HYD_AI_2026-09-14_T+1_1789268425650_jgfb,BLR-HYD,EaseMyTrip,AI,AI-2642,2026-09-14,T+1,14740,3235,17975,2026-09-13T02:42:01.727Z,FALSE,"",21:30,FALSE
fare_BLR-HYD_QP_2026-09-14_T+1_1789268425650_6hd4,BLR-HYD,EaseMyTrip,QP,QP-1823,2026-09-14,T+1,14663,3219,17882,2026-09-13T02:42:01.727Z,FALSE,"",06:05,FALSE
fare_BLR-HYD_QP_2026-09-14_T+1_1789268425650_22ij,BLR-HYD,EaseMyTrip,QP,QP-1359,2026-09-14,T+1,14663,3219,17882,2026-09-13T02:42:01.727Z,FALSE,"",05:00,FALSE
fare_BLR-HYD_6E_2026-10-13_T+30_1789268425651_g2s8,BLR-HYD,EaseMyTrip,6E,6E-6554,2026-10-13,T+30,3729,819,4548,2026-09-13T02:42:20.031Z,FALSE,"",19:15,FALSE
fare_BLR-HYD_6E_2026-10-13_T+30_1789268425651_oeel,BLR-HYD,EaseMyTrip,6E,6E-6168,2026-10-13,T+30,3729,819,4548,2026-09-13T02:42:20.031Z,FALSE,"",17:20,FALSE
fare_BLR-HYD_6E_2026-10-13_T+30_1789268425651_cc8a,BLR-HYD,EaseMyTrip,6E,6E-377,2026-10-13,T+30,3729,819,4548,2026-09-13T02:42:20.031Z,FALSE,"",07:10,FALSE
fare_BLR-HYD_6E_2026-10-13_T+30_1789268425651_0fec,BLR-HYD,EaseMyTrip,6E,6E-444,2026-10-13,T+30,3729,819,4548,2026-09-13T02:42:20.031Z,FALSE,"",07:10,FALSE
fare_BLR-HYD_6E_2026-10-13_T+30_1789268425651_vq69,BLR-HYD,EaseMyTrip,6E,6E-881,2026-10-13,T+30,3729,819,4548,2026-09-13T02:42:20.031Z,FALSE,"",18:50,FALSE
fare_BLR-HYD_6E_2026-10-13_T+30_1789268425651_zil3,BLR-HYD,EaseMyTrip,6E,6E-121,2026-10-13,T+30,3729,819,4548,2026-09-13T02:42:20.031Z,FALSE,"",18:50,FALSE
fare_BLR-HYD_6E_2026-10-13_T+30_1789268425651_uofr,BLR-HYD,EaseMyTrip,6E,6E-6653,2026-10-13,T+30,3729,819,4548,2026-09-13T02:42:20.031Z,FALSE,"",12:35,FALSE
fare_BLR-HYD_6E_2026-10-13_T+30_1789268425651_oi45,BLR-HYD,EaseMyTrip,6E,6E-7005,2026-10-13,T+30,3729,819,4548,2026-09-13T02:42:20.031Z,FALSE,"",08:05,FALSE
fare_BLR-HYD_6E_2026-10-13_T+30_1789268425651_hxn2,BLR-HYD,EaseMyTrip,6E,6E-6753,2026-10-13,T+30,3729,819,4548,2026-09-13T02:42:20.031Z,FALSE,"",15:15,FALSE
fare_BLR-HYD_6E_2026-10-13_T+30_1789268425651_u0cv,BLR-HYD,EaseMyTrip,6E,6E-7223,2026-10-13,T+30,3729,819,4548,2026-09-13T02:42:20.031Z,FALSE,"",15:30,FALSE
fare_BLR-HYD_6E_2026-10-13_T+30_1789268425651_zy44,BLR-HYD,EaseMyTrip,6E,6E-150,2026-10-13,T+30,3729,819,4548,2026-09-13T02:42:20.031Z,FALSE,"",07:10,FALSE
fare_BLR-HYD_6E_2026-10-13_T+30_1789268425651_ahi2,BLR-HYD,EaseMyTrip,6E,6E-452,2026-10-13,T+30,3729,819,4548,2026-09-13T02:42:20.031Z,FALSE,"",07:10,FALSE
fare_BLR-HYD_6E_2026-10-13_T+30_1789268425651_rdxr,BLR-HYD,EaseMyTrip,6E,6E-522,2026-10-13,T+30,3729,819,4548,2026-09-13T02:42:20.031Z,FALSE,"",14:40,FALSE
fare_BLR-HYD_6E_2026-10-13_T+30_1789268425651_zj36,BLR-HYD,EaseMyTrip,6E,6E-177,2026-10-13,T+30,3729,819,4548,2026-09-13T02:42:20.031Z,FALSE,"",14:40,FALSE
fare_BLR-HYD_6E_2026-10-13_T+30_1789268425651_dofi,BLR-HYD,EaseMyTrip,6E,6E-156,2026-10-13,T+30,3961,869,4830,2026-09-13T02:42:20.031Z,FALSE,"",07:05,FALSE
fare_BLR-HYD_6E_2026-10-13_T+30_1789268425651_64tc,BLR-HYD,EaseMyTrip,6E,6E-360,2026-10-13,T+30,3961,869,4830,2026-09-13T02:42:20.031Z,FALSE,"",07:05,FALSE
fare_BLR-HYD_6E_2026-10-13_T+30_1789268425651_aw3x,BLR-HYD,EaseMyTrip,6E,6E-959,2026-10-13,T+30,3961,869,4830,2026-09-13T02:42:20.031Z,FALSE,"",07:05,FALSE
fare_BLR-HYD_6E_2026-10-13_T+30_1789268425651_f7n7,BLR-HYD,EaseMyTrip,6E,6E-541,2026-10-13,T+30,3961,869,4830,2026-09-13T02:42:20.031Z,FALSE,"",07:05,FALSE
fare_BLR-HYD_6E_2026-10-13_T+30_1789268425651_a6yc,BLR-HYD,EaseMyTrip,6E,6E-321,2026-10-13,T+30,4029,885,4914,2026-09-13T02:42:20.031Z,FALSE,"",20:50,TRUE
fare_BLR-HYD_6E_2026-10-13_T+30_1789268425651_eo1l,BLR-HYD,EaseMyTrip,6E,6E-833,2026-10-13,T+30,4029,885,4914,2026-09-13T02:42:20.031Z,FALSE,"",20:50,TRUE
fare_BLR-HYD_6E_2026-10-13_T+30_1789268425651_xf56,BLR-HYD,EaseMyTrip,6E,6E-379,2026-10-13,T+30,4213,925,5138,2026-09-13T02:42:20.031Z,FALSE,"",17:15,FALSE
fare_BLR-HYD_6E_2026-10-13_T+30_1789268425651_ap3p,BLR-HYD,EaseMyTrip,6E,6E-473,2026-10-13,T+30,4213,925,5138,2026-09-13T02:42:20.031Z,FALSE,"",17:15,FALSE
fare_BLR-HYD_6E_2026-10-13_T+30_1789268425651_89qp,BLR-HYD,EaseMyTrip,6E,6E-679,2026-10-13,T+30,4213,925,5138,2026-09-13T02:42:20.031Z,FALSE,"",17:15,FALSE
fare_BLR-HYD_6E_2026-10-13_T+30_1789268425651_lkz6,BLR-HYD,EaseMyTrip,6E,6E-757,2026-10-13,T+30,4213,925,5138,2026-09-13T02:42:20.031Z,FALSE,"",17:15,FALSE
fare_BLR-HYD_6E_2026-10-13_T+30_1789268425651_gzjw,BLR-HYD,EaseMyTrip,6E,6E-7176,2026-10-13,T+30,4225,927,5152,2026-09-13T02:42:20.031Z,FALSE,"",10:10,FALSE
fare_BLR-HYD_6E_2026-10-13_T+30_1789268425651_9x87,BLR-HYD,EaseMyTrip,6E,6E-6336,2026-10-13,T+30,4321,948,5269,2026-09-13T02:42:20.031Z,FALSE,"",12:25,FALSE
fare_BLR-HYD_6E_2026-10-13_T+30_1789268425651_blep,BLR-HYD,EaseMyTrip,6E,6E-6269,2026-10-13,T+30,4492,986,5478,2026-09-13T02:42:20.031Z,FALSE,"",07:15,FALSE
fare_BLR-HYD_6E_2026-10-13_T+30_1789268425651_7ap1,BLR-HYD,EaseMyTrip,6E,6E-6017,2026-10-13,T+30,4492,986,5478,2026-09-13T02:42:20.031Z,FALSE,"",18:15,FALSE
fare_BLR-HYD_6E_2026-10-13_T+30_1789268425651_lwlo,BLR-HYD,EaseMyTrip,6E,6E-6583,2026-10-13,T+30,4600,1010,5610,2026-09-13T02:42:20.031Z,FALSE,"",10:40,FALSE
fare_BLR-HYD_IX_2026-10-13_T+30_1789268425651_jggo,BLR-HYD,EaseMyTrip,IX,IX-2926,2026-10-13,T+30,5142,1129,6271,2026-09-13T02:42:20.031Z,FALSE,"",08:40,FALSE
fare_BLR-HYD_IX_2026-10-13_T+30_1789268425651_5hj6,BLR-HYD,EaseMyTrip,IX,IX-1472,2026-10-13,T+30,5142,1129,6271,2026-09-13T02:42:20.031Z,FALSE,"",07:05,FALSE
fare_BLR-HYD_6E_2026-10-13_T+30_1789268425651_d3vc,BLR-HYD,EaseMyTrip,6E,6E-6104,2026-10-13,T+30,4799,1053,5852,2026-09-13T02:42:20.031Z,FALSE,"",11:40,FALSE
fare_BLR-HYD_6E_2026-10-13_T+30_1789268425651_6r6r,BLR-HYD,EaseMyTrip,6E,6E-463,2026-10-13,T+30,4799,1053,5852,2026-09-13T02:42:20.031Z,FALSE,"",21:40,FALSE
fare_BLR-HYD_6E_2026-10-13_T+30_1789268425651_vai8,BLR-HYD,EaseMyTrip,6E,6E-188,2026-10-13,T+30,4799,1053,5852,2026-09-13T02:42:20.031Z,FALSE,"",21:40,FALSE
fare_BLR-HYD_6E_2026-10-13_T+30_1789268425651_vpz7,BLR-HYD,EaseMyTrip,6E,6E-878,2026-10-13,T+30,5136,1127,6263,2026-09-13T02:42:20.031Z,FALSE,"",23:05,FALSE
fare_BLR-HYD_6E_2026-10-13_T+30_1789268425651_zyq5,BLR-HYD,EaseMyTrip,6E,6E-749,2026-10-13,T+30,5136,1127,6263,2026-09-13T02:42:20.031Z,FALSE,"",23:05,FALSE
fare_BLR-HYD_6E_2026-10-13_T+30_1789268425651_rs21,BLR-HYD,EaseMyTrip,6E,6E-361,2026-10-13,T+30,5136,1127,6263,2026-09-13T02:42:20.031Z,FALSE,"",20:40,FALSE
fare_BLR-HYD_6E_2026-10-13_T+30_1789268425651_73oh,BLR-HYD,EaseMyTrip,6E,6E-434,2026-10-13,T+30,5136,1127,6263,2026-09-13T02:42:20.031Z,FALSE,"",20:40,FALSE
fare_BLR-HYD_IX_2026-10-13_T+30_1789268425651_r7xw,BLR-HYD,EaseMyTrip,IX,IX-2018,2026-10-13,T+30,5683,1247,6930,2026-09-13T02:42:20.031Z,FALSE,"",06:05,TRUE
fare_BLR-HYD_6E_2026-10-13_T+30_1789268425651_iqxy,BLR-HYD,EaseMyTrip,6E,6E-6162,2026-10-13,T+30,5505,1209,6714,2026-09-13T02:42:20.031Z,FALSE,"",18:50,FALSE
fare_BLR-HYD_6E_2026-10-13_T+30_1789268425651_dhtv,BLR-HYD,EaseMyTrip,6E,6E-825,2026-10-13,T+30,5505,1209,6714,2026-09-13T02:42:20.031Z,FALSE,"",15:00,FALSE
fare_BLR-HYD_6E_2026-10-13_T+30_1789268425651_td6n,BLR-HYD,EaseMyTrip,6E,6E-397,2026-10-13,T+30,5505,1209,6714,2026-09-13T02:42:20.031Z,FALSE,"",15:00,FALSE
fare_BLR-HYD_6E_2026-10-13_T+30_1789268425651_tu15,BLR-HYD,EaseMyTrip,6E,6E-6876,2026-10-13,T+30,5505,1209,6714,2026-09-13T02:42:20.031Z,FALSE,"",02:40,FALSE
fare_BLR-HYD_6E_2026-10-13_T+30_1789268425651_sy8u,BLR-HYD,EaseMyTrip,6E,6E-130,2026-10-13,T+30,5505,1209,6714,2026-09-13T02:42:20.031Z,FALSE,"",17:00,FALSE
fare_BLR-HYD_6E_2026-10-13_T+30_1789268425651_mlbw,BLR-HYD,EaseMyTrip,6E,6E-195,2026-10-13,T+30,5505,1209,6714,2026-09-13T02:42:20.031Z,FALSE,"",17:00,FALSE
fare_BLR-HYD_6E_2026-10-13_T+30_1789268425651_scbe,BLR-HYD,EaseMyTrip,6E,6E-827,2026-10-13,T+30,5505,1209,6714,2026-09-13T02:42:20.031Z,FALSE,"",15:00,FALSE
fare_BLR-HYD_6E_2026-10-13_T+30_1789268425651_8k0j,BLR-HYD,EaseMyTrip,6E,6E-395,2026-10-13,T+30,5505,1209,6714,2026-09-13T02:42:20.031Z,FALSE,"",15:00,FALSE
fare_BLR-HYD_6E_2026-10-13_T+30_1789268425651_ra4n,BLR-HYD,EaseMyTrip,6E,6E-6563,2026-10-13,T+30,5505,1209,6714,2026-09-13T02:42:20.031Z,FALSE,"",01:05,FALSE
fare_BLR-HYD_6E_2026-10-13_T+30_1789268425651_el4g,BLR-HYD,EaseMyTrip,6E,6E-6784,2026-10-13,T+30,5683,1247,6930,2026-09-13T02:42:20.031Z,FALSE,"",21:25,TRUE
fare_BLR-HYD_6E_2026-10-13_T+30_1789268425651_rg2d,BLR-HYD,EaseMyTrip,6E,6E-6445,2026-10-13,T+30,5913,1298,7211,2026-09-13T02:42:20.031Z,FALSE,"",10:25,FALSE
fare_BLR-HYD_6E_2026-10-13_T+30_1789268425651_irs2,BLR-HYD,EaseMyTrip,6E,6E-6208,2026-10-13,T+30,5913,1298,7211,2026-09-13T02:42:20.031Z,FALSE,"",12:50,FALSE
fare_BLR-HYD_IX_2026-10-13_T+30_1789268425651_2awf,BLR-HYD,EaseMyTrip,IX,IX-1250,2026-10-13,T+30,6166,1353,7519,2026-09-13T02:42:20.031Z,FALSE,"",19:10,TRUE
fare_BLR-HYD_6E_2026-10-13_T+30_1789268425651_hmpz,BLR-HYD,EaseMyTrip,6E,6E-619,2026-10-13,T+30,6697,1470,8167,2026-09-13T02:42:20.031Z,FALSE,"",09:15,TRUE
fare_BLR-HYD_6E_2026-10-13_T+30_1789268425651_vxwb,BLR-HYD,EaseMyTrip,6E,6E-446,2026-10-13,T+30,6697,1470,8167,2026-09-13T02:42:20.031Z,FALSE,"",09:15,TRUE
fare_BLR-HYD_6E_2026-10-13_T+30_1789268425651_c5sh,BLR-HYD,EaseMyTrip,6E,6E-7285,2026-10-13,T+30,7200,1580,8780,2026-09-13T02:42:20.031Z,FALSE,"",06:50,FALSE
fare_BLR-HYD_6E_2026-10-13_T+30_1789268425651_7yux,BLR-HYD,EaseMyTrip,6E,6E-829,2026-10-13,T+30,7392,1623,9015,2026-09-13T02:42:20.031Z,FALSE,"",10:50,FALSE
fare_BLR-HYD_6E_2026-10-13_T+30_1789268425651_2v4m,BLR-HYD,EaseMyTrip,6E,6E-968,2026-10-13,T+30,7392,1623,9015,2026-09-13T02:42:20.031Z,FALSE,"",10:50,FALSE
fare_BLR-HYD_IX_2026-10-13_T+30_1789268425651_2pa1,BLR-HYD,EaseMyTrip,IX,IX-2819,2026-10-13,T+30,7933,1741,9674,2026-09-13T02:42:20.031Z,FALSE,"",12:30,TRUE
fare_BLR-HYD_6E_2026-10-13_T+30_1789268425651_ukem,BLR-HYD,EaseMyTrip,6E,6E-7227,2026-10-13,T+30,7879,1729,9608,2026-09-13T02:42:20.031Z,FALSE,"",06:25,FALSE
fare_BLR-HYD_6E_2026-10-13_T+30_1789268425651_hjfg,BLR-HYD,EaseMyTrip,6E,6E-410,2026-10-13,T+30,7933,1742,9675,2026-09-13T02:42:20.031Z,FALSE,"",18:35,TRUE
fare_BLR-HYD_6E_2026-10-13_T+30_1789268425651_zo95,BLR-HYD,EaseMyTrip,6E,6E-457,2026-10-13,T+30,7933,1742,9675,2026-09-13T02:42:20.031Z,FALSE,"",18:35,TRUE
fare_BLR-HYD_6E_2026-10-13_T+30_1789268425651_41ao,BLR-HYD,EaseMyTrip,6E,6E-6067,2026-10-13,T+30,7933,1742,9675,2026-09-13T02:42:20.031Z,FALSE,"",16:30,TRUE
fare_BLR-HYD_AI_2026-10-13_T+30_1789268425651_la1u,BLR-HYD,EaseMyTrip,AI,AI-2858,2026-10-13,T+30,8673,1904,10577,2026-09-13T02:42:20.031Z,FALSE,"",02:20,FALSE
fare_BLR-HYD_6E_2026-10-13_T+30_1789268425651_btd4,BLR-HYD,EaseMyTrip,6E,6E-697,2026-10-13,T+30,8649,1899,10548,2026-09-13T02:42:20.031Z,FALSE,"",10:15,TRUE
fare_BLR-HYD_6E_2026-10-13_T+30_1789268425651_1j3e,BLR-HYD,EaseMyTrip,6E,6E-222,2026-10-13,T+30,8649,1899,10548,2026-09-13T02:42:20.031Z,FALSE,"",10:15,TRUE
fare_BLR-HYD_6E_2026-10-13_T+30_1789268425651_4sot,BLR-HYD,EaseMyTrip,6E,6E-542,2026-10-13,T+30,8649,1899,10548,2026-09-13T02:42:20.031Z,FALSE,"",08:15,TRUE
fare_BLR-HYD_6E_2026-10-13_T+30_1789268425651_avmu,BLR-HYD,EaseMyTrip,6E,6E-623,2026-10-13,T+30,8649,1899,10548,2026-09-13T02:42:20.031Z,FALSE,"",08:15,TRUE
fare_BLR-HYD_IX_2026-10-13_T+30_1789268425651_8feh,BLR-HYD,EaseMyTrip,IX,IX-2051,2026-10-13,T+30,8886,1950,10836,2026-09-13T02:42:20.031Z,FALSE,"",14:55,TRUE
fare_BLR-HYD_IX_2026-10-13_T+30_1789268425651_nrkq,BLR-HYD,EaseMyTrip,IX,IX-2506,2026-10-13,T+30,8886,1950,10836,2026-09-13T02:42:20.031Z,FALSE,"",17:15,TRUE
fare_BLR-HYD_6E_2026-10-13_T+30_1789268425651_iq29,BLR-HYD,EaseMyTrip,6E,6E-6404,2026-10-13,T+30,10310,2263,12573,2026-09-13T02:42:20.031Z,FALSE,"",11:35,TRUE
fare_BLR-HYD_AI_2026-10-13_T+30_1789268425651_34is,BLR-HYD,EaseMyTrip,AI,AI-2402,2026-10-13,T+30,10897,2392,13289,2026-09-13T02:42:20.031Z,FALSE,"",06:35,FALSE
fare_BLR-HYD_AI_2026-10-13_T+30_1789268425651_98d4,BLR-HYD,EaseMyTrip,AI,AI-2852,2026-10-13,T+30,10984,2411,13395,2026-09-13T02:42:20.031Z,FALSE,"",10:30,FALSE
fare_BLR-HYD_AI_2026-10-13_T+30_1789268425651_a6om,BLR-HYD,EaseMyTrip,AI,AI-2630,2026-10-13,T+30,10995,2413,13408,2026-09-13T02:42:20.031Z,FALSE,"",12:05,FALSE
fare_BLR-HYD_AI_2026-10-13_T+30_1789268425651_gs9x,BLR-HYD,EaseMyTrip,AI,AI-2854,2026-10-13,T+30,11093,2435,13528,2026-09-13T02:42:20.031Z,FALSE,"",18:05,FALSE
fare_BLR-HYD_AI_2026-10-13_T+30_1789268425651_rk2e,BLR-HYD,EaseMyTrip,AI,AI-2846,2026-10-13,T+30,11093,2435,13528,2026-09-13T02:42:20.031Z,FALSE,"",08:20,FALSE
fare_BLR-HYD_AI_2026-10-13_T+30_1789268425651_6qdl,BLR-HYD,EaseMyTrip,AI,AI-9524,2026-10-13,T+30,11277,2476,13753,2026-09-13T02:42:20.031Z,FALSE,"",17:15,FALSE
fare_BLR-HYD_AI_2026-10-13_T+30_1789268425651_cpjr,BLR-HYD,EaseMyTrip,AI,AI-2604,2026-10-13,T+30,11938,2621,14559,2026-09-13T02:42:20.031Z,FALSE,"",09:15,FALSE
fare_BLR-HYD_6E_2026-10-13_T+30_1789268425651_9rjm,BLR-HYD,EaseMyTrip,6E,6E-339,2026-10-13,T+30,12333,2707,15040,2026-09-13T02:42:20.031Z,FALSE,"",19:45,TRUE
fare_BLR-HYD_6E_2026-10-13_T+30_1789268425651_8eyp,BLR-HYD,EaseMyTrip,6E,6E-798,2026-10-13,T+30,12333,2707,15040,2026-09-13T02:42:20.031Z,FALSE,"",19:45,TRUE
fare_BLR-HYD_AI_2026-10-13_T+30_1789268425651_2jvw,BLR-HYD,EaseMyTrip,AI,AI-9520,2026-10-13,T+30,13426,2947,16373,2026-09-13T02:42:20.031Z,FALSE,"",13:05,FALSE
fare_BLR-HYD_QP_2026-10-13_T+30_1789268425651_p4cv,BLR-HYD,EaseMyTrip,QP,QP-1359,2026-10-13,T+30,14311,3142,17453,2026-09-13T02:42:20.031Z,FALSE,"",05:00,FALSE
fare_BLR-HYD_QP_2026-10-13_T+30_1789268425651_lw09,BLR-HYD,EaseMyTrip,QP,QP-1821,2026-10-13,T+30,14453,3173,17626,2026-09-13T02:42:20.031Z,FALSE,"",13:05,FALSE
fare_BLR-HYD_QP_2026-10-13_T+30_1789268425651_7drf,BLR-HYD,EaseMyTrip,QP,QP-1823,2026-10-13,T+30,14453,3173,17626,2026-09-13T02:42:20.031Z,FALSE,"",06:05,FALSE
fare_BLR-HYD_6E_2026-10-13_T+30_1789268425651_ytty,BLR-HYD,EaseMyTrip,6E,6E-6178,2026-10-13,T+30,14796,3248,18044,2026-09-13T02:42:20.031Z,FALSE,"",06:10,TRUE
fare_BLR-HYD_AI_2026-10-13_T+30_1789268425651_bdea,BLR-HYD,EaseMyTrip,AI,AI-2804,2026-10-13,T+30,15596,3424,19020,2026-09-13T02:42:20.031Z,FALSE,"",10:00,FALSE
fare_BLR-HYD_AI_2026-10-13_T+30_1789268425651_ccss,BLR-HYD,EaseMyTrip,AI,AI-2406,2026-10-13,T+30,15728,3453,19181,2026-09-13T02:42:20.031Z,FALSE,"",11:00,FALSE
fare_BLR-HYD_AI_2026-10-13_T+30_1789268425651_ttbw,BLR-HYD,EaseMyTrip,AI,AI-2665,2026-10-13,T+30,15728,3453,19181,2026-09-13T02:42:20.031Z,FALSE,"",19:40,FALSE
fare_BLR-HYD_AI_2026-10-13_T+30_1789268425651_bd11,BLR-HYD,EaseMyTrip,AI,AI-2868,2026-10-13,T+30,15844,3478,19322,2026-09-13T02:42:20.031Z,FALSE,"",09:00,FALSE
fare_BLR-HYD_AI_2026-10-13_T+30_1789268425651_8s2z,BLR-HYD,EaseMyTrip,AI,AI-2810,2026-10-13,T+30,15874,3485,19359,2026-09-13T02:42:20.031Z,FALSE,"",06:00,FALSE
fare_BLR-HYD_AI_2026-10-13_T+30_1789268425651_d5v2,BLR-HYD,EaseMyTrip,AI,AI-2414,2026-10-13,T+30,15874,3485,19359,2026-09-13T02:42:20.031Z,FALSE,"",05:30,FALSE
fare_BLR-HYD_AI_2026-10-13_T+30_1789268425651_zgf5,BLR-HYD,EaseMyTrip,AI,AI-2654,2026-10-13,T+30,15874,3485,19359,2026-09-13T02:42:20.031Z,FALSE,"",07:00,FALSE
fare_BLR-HYD_AI_2026-10-13_T+30_1789268425651_nfa2,BLR-HYD,EaseMyTrip,AI,AI-2418,2026-10-13,T+30,16585,3640,20225,2026-09-13T02:42:20.031Z,FALSE,"",16:30,FALSE
fare_BLR-HYD_AI_2026-10-13_T+30_1789268425651_fa8e,BLR-HYD,EaseMyTrip,AI,AI-428,2026-10-13,T+30,16585,3640,20225,2026-09-13T02:42:20.031Z,FALSE,"",15:30,FALSE
fare_BLR-HYD_AI_2026-10-13_T+30_1789268425651_en8p,BLR-HYD,EaseMyTrip,AI,AI-2758,2026-10-13,T+30,16739,3674,20413,2026-09-13T02:42:20.031Z,FALSE,"",00:15,FALSE
fare_BLR-HYD_AI_2026-10-13_T+30_1789268425651_pkl4,BLR-HYD,EaseMyTrip,AI,AI-2818,2026-10-13,T+30,16813,3691,20504,2026-09-13T02:42:20.031Z,FALSE,"",20:00,FALSE
fare_BLR-HYD_AI_2026-10-13_T+30_1789268425651_k4qy,BLR-HYD,EaseMyTrip,AI,AI-2486,2026-10-13,T+30,17081,3749,20830,2026-09-13T02:42:20.031Z,FALSE,"",14:00,FALSE
fare_BLR-HYD_AI_2026-10-13_T+30_1789268425651_v6tq,BLR-HYD,EaseMyTrip,AI,AI-9430,2026-10-13,T+30,20067,4405,24472,2026-09-13T02:42:20.031Z,FALSE,"",01:15,FALSE
fare_BLR-HYD_AI_2026-10-13_T+30_1789268425651_jed2,BLR-HYD,EaseMyTrip,AI,AI-9772,2026-10-13,T+30,20067,4405,24472,2026-09-13T02:42:20.031Z,FALSE,"",06:40,FALSE
fare_BLR-HYD_IX_2026-10-28_T+45_1789268425652_eoqh,BLR-HYD,EaseMyTrip,IX,IX-1250,2026-10-28,T+45,3970,872,4842,2026-09-13T02:42:26.193Z,FALSE,"",21:50,TRUE
fare_BLR-HYD_6E_2026-10-28_T+45_1789268425652_zc7j,BLR-HYD,EaseMyTrip,6E,6E-386,2026-10-28,T+45,3869,849,4718,2026-09-13T02:42:26.193Z,FALSE,"",20:05,TRUE
fare_BLR-HYD_6E_2026-10-28_T+45_1789268425652_o7rb,BLR-HYD,EaseMyTrip,6E,6E-187,2026-10-28,T+45,3869,849,4718,2026-09-13T02:42:26.193Z,FALSE,"",20:05,TRUE
fare_BLR-HYD_6E_2026-10-28_T+45_1789268425652_itvz,BLR-HYD,EaseMyTrip,6E,6E-6784,2026-10-28,T+45,3869,849,4718,2026-09-13T02:42:26.193Z,FALSE,"",21:35,TRUE
fare_BLR-HYD_IX_2026-10-28_T+45_1789268425652_o1mj,BLR-HYD,EaseMyTrip,IX,IX-2841,2026-10-28,T+45,4164,914,5078,2026-09-13T02:42:26.193Z,FALSE,"",17:30,TRUE
fare_BLR-HYD_6E_2026-10-28_T+45_1789268425652_qxm2,BLR-HYD,EaseMyTrip,6E,6E-974,2026-10-28,T+45,4164,914,5078,2026-09-13T02:42:26.193Z,FALSE,"",18:35,TRUE
fare_BLR-HYD_6E_2026-10-28_T+45_1789268425652_1ldr,BLR-HYD,EaseMyTrip,6E,6E-610,2026-10-28,T+45,4164,914,5078,2026-09-13T02:42:26.193Z,FALSE,"",18:35,TRUE
fare_BLR-HYD_6E_2026-10-28_T+45_1789268425652_oijo,BLR-HYD,EaseMyTrip,6E,6E-6404,2026-10-28,T+45,4164,914,5078,2026-09-13T02:42:26.193Z,FALSE,"",13:35,TRUE
fare_BLR-HYD_IX_2026-10-28_T+45_1789268425652_lfss,BLR-HYD,EaseMyTrip,IX,IX-2051,2026-10-28,T+45,4489,985,5474,2026-09-13T02:42:26.193Z,FALSE,"",14:50,TRUE
fare_BLR-HYD_6E_2026-10-28_T+45_1789268425652_2q44,BLR-HYD,EaseMyTrip,6E,6E-403,2026-10-28,T+45,4628,1016,5644,2026-09-13T02:42:26.193Z,FALSE,"",12:30,TRUE
fare_BLR-HYD_6E_2026-10-28_T+45_1789268425652_mtno,BLR-HYD,EaseMyTrip,6E,6E-919,2026-10-28,T+45,4628,1016,5644,2026-09-13T02:42:26.193Z,FALSE,"",12:30,TRUE
fare_BLR-HYD_6E_2026-10-28_T+45_1789268425652_qz5h,BLR-HYD,EaseMyTrip,6E,6E-715,2026-10-28,T+45,4480,983,5463,2026-09-13T02:42:26.193Z,FALSE,"",10:50,FALSE
fare_BLR-HYD_6E_2026-10-28_T+45_1789268425652_5xj4,BLR-HYD,EaseMyTrip,6E,6E-718,2026-10-28,T+45,4480,983,5463,2026-09-13T02:42:26.193Z,FALSE,"",10:50,FALSE
fare_BLR-HYD_6E_2026-10-28_T+45_1789268425652_sjrn,BLR-HYD,EaseMyTrip,6E,6E-6208,2026-10-28,T+45,4480,983,5463,2026-09-13T02:42:26.193Z,FALSE,"",19:15,FALSE
fare_BLR-HYD_6E_2026-10-28_T+45_1789268425652_66fg,BLR-HYD,EaseMyTrip,6E,6E-7215,2026-10-28,T+45,4480,983,5463,2026-09-13T02:42:26.193Z,FALSE,"",11:05,FALSE
fare_BLR-HYD_6E_2026-10-28_T+45_1789268425652_zpwu,BLR-HYD,EaseMyTrip,6E,6E-6269,2026-10-28,T+45,4480,983,5463,2026-09-13T02:42:26.193Z,FALSE,"",07:10,FALSE
fare_BLR-HYD_6E_2026-10-28_T+45_1789268425652_xezj,BLR-HYD,EaseMyTrip,6E,6E-6858,2026-10-28,T+45,4480,983,5463,2026-09-13T02:42:26.193Z,FALSE,"",07:10,FALSE
fare_BLR-HYD_6E_2026-10-28_T+45_1789268425652_0g62,BLR-HYD,EaseMyTrip,6E,6E-6562,2026-10-28,T+45,4480,983,5463,2026-09-13T02:42:26.193Z,FALSE,"",16:50,FALSE
fare_BLR-HYD_6E_2026-10-28_T+45_1789268425652_a8sk,BLR-HYD,EaseMyTrip,6E,6E-864,2026-10-28,T+45,4480,983,5463,2026-09-13T02:42:26.193Z,FALSE,"",12:40,FALSE
fare_BLR-HYD_6E_2026-10-28_T+45_1789268425652_8f42,BLR-HYD,EaseMyTrip,6E,6E-336,2026-10-28,T+45,4480,983,5463,2026-09-13T02:42:26.193Z,FALSE,"",12:40,FALSE
fare_BLR-HYD_6E_2026-10-28_T+45_1789268425652_6v0r,BLR-HYD,EaseMyTrip,6E,6E-794,2026-10-28,T+45,4480,983,5463,2026-09-13T02:42:26.193Z,FALSE,"",14:30,FALSE
fare_BLR-HYD_6E_2026-10-28_T+45_1789268425652_qv05,BLR-HYD,EaseMyTrip,6E,6E-623,2026-10-28,T+45,4480,983,5463,2026-09-13T02:42:26.193Z,FALSE,"",14:30,FALSE
fare_BLR-HYD_6E_2026-10-28_T+45_1789268425652_0sc9,BLR-HYD,EaseMyTrip,6E,6E-7223,2026-10-28,T+45,4480,983,5463,2026-09-13T02:42:26.193Z,FALSE,"",15:50,FALSE
fare_BLR-HYD_6E_2026-10-28_T+45_1789268425652_65kh,BLR-HYD,EaseMyTrip,6E,6E-322,2026-10-28,T+45,4480,983,5463,2026-09-13T02:42:26.193Z,FALSE,"",15:00,FALSE
fare_BLR-HYD_6E_2026-10-28_T+45_1789268425652_22fe,BLR-HYD,EaseMyTrip,6E,6E-176,2026-10-28,T+45,4480,983,5463,2026-09-13T02:42:26.193Z,FALSE,"",15:00,FALSE
fare_BLR-HYD_6E_2026-10-28_T+45_1789268425652_rykd,BLR-HYD,EaseMyTrip,6E,6E-435,2026-10-28,T+45,4480,983,5463,2026-09-13T02:42:26.193Z,FALSE,"",20:00,FALSE
fare_BLR-HYD_6E_2026-10-28_T+45_1789268425652_dw4m,BLR-HYD,EaseMyTrip,6E,6E-281,2026-10-28,T+45,4480,983,5463,2026-09-13T02:42:26.193Z,FALSE,"",20:00,FALSE
fare_BLR-HYD_6E_2026-10-28_T+45_1789268425652_6ovs,BLR-HYD,EaseMyTrip,6E,6E-6017,2026-10-28,T+45,4480,983,5463,2026-09-13T02:42:26.193Z,FALSE,"",18:15,FALSE
fare_BLR-HYD_6E_2026-10-28_T+45_1789268425652_3fod,BLR-HYD,EaseMyTrip,6E,6E-6445,2026-10-28,T+45,4480,983,5463,2026-09-13T02:42:26.193Z,FALSE,"",07:05,FALSE
fare_BLR-HYD_6E_2026-10-28_T+45_1789268425652_ubvg,BLR-HYD,EaseMyTrip,6E,6E-6554,2026-10-28,T+45,4480,983,5463,2026-09-13T02:42:26.193Z,FALSE,"",19:00,FALSE
fare_BLR-HYD_6E_2026-10-28_T+45_1789268425652_6xee,BLR-HYD,EaseMyTrip,6E,6E-717,2026-10-28,T+45,4480,983,5463,2026-09-13T02:42:26.193Z,FALSE,"",14:30,FALSE
fare_BLR-HYD_6E_2026-10-28_T+45_1789268425652_xd1r,BLR-HYD,EaseMyTrip,6E,6E-674,2026-10-28,T+45,4480,983,5463,2026-09-13T02:42:26.193Z,FALSE,"",14:30,FALSE
fare_BLR-HYD_6E_2026-10-28_T+45_1789268425652_5ra8,BLR-HYD,EaseMyTrip,6E,6E-973,2026-10-28,T+45,4480,983,5463,2026-09-13T02:42:26.193Z,FALSE,"",08:55,FALSE
fare_BLR-HYD_6E_2026-10-28_T+45_1789268425652_hn53,BLR-HYD,EaseMyTrip,6E,6E-138,2026-10-28,T+45,4480,983,5463,2026-09-13T02:42:26.193Z,FALSE,"",08:55,FALSE
fare_BLR-HYD_6E_2026-10-28_T+45_1789268425652_4feg,BLR-HYD,EaseMyTrip,6E,6E-892,2026-10-28,T+45,4480,983,5463,2026-09-13T02:42:26.193Z,FALSE,"",15:55,FALSE
fare_BLR-HYD_6E_2026-10-28_T+45_1789268425652_q1kf,BLR-HYD,EaseMyTrip,6E,6E-458,2026-10-28,T+45,4480,983,5463,2026-09-13T02:42:26.193Z,FALSE,"",15:55,FALSE
fare_BLR-HYD_6E_2026-10-28_T+45_1789268425652_29j6,BLR-HYD,EaseMyTrip,6E,6E-704,2026-10-28,T+45,4480,983,5463,2026-09-13T02:42:26.193Z,FALSE,"",12:40,FALSE
fare_BLR-HYD_6E_2026-10-28_T+45_1789268425652_su40,BLR-HYD,EaseMyTrip,6E,6E-759,2026-10-28,T+45,4480,983,5463,2026-09-13T02:42:26.193Z,FALSE,"",12:40,FALSE
fare_BLR-HYD_6E_2026-10-28_T+45_1789268425652_jxn3,BLR-HYD,EaseMyTrip,6E,6E-6597,2026-10-28,T+45,4480,983,5463,2026-09-13T02:42:26.193Z,FALSE,"",18:35,FALSE
fare_BLR-HYD_6E_2026-10-28_T+45_1789268425652_sj7n,BLR-HYD,EaseMyTrip,6E,6E-6653,2026-10-28,T+45,4480,983,5463,2026-09-13T02:42:26.193Z,FALSE,"",12:25,FALSE
fare_BLR-HYD_6E_2026-10-28_T+45_1789268425652_2vzy,BLR-HYD,EaseMyTrip,6E,6E-384,2026-10-28,T+45,4480,983,5463,2026-09-13T02:42:26.193Z,FALSE,"",10:50,FALSE
fare_BLR-HYD_6E_2026-10-28_T+45_1789268425652_4iu0,BLR-HYD,EaseMyTrip,6E,6E-445,2026-10-28,T+45,4480,983,5463,2026-09-13T02:42:26.193Z,FALSE,"",10:50,FALSE
fare_BLR-HYD_6E_2026-10-28_T+45_1789268425652_ej90,BLR-HYD,EaseMyTrip,6E,6E-855,2026-10-28,T+45,4480,983,5463,2026-09-13T02:42:26.193Z,FALSE,"",14:30,FALSE
fare_BLR-HYD_6E_2026-10-28_T+45_1789268425652_mwd3,BLR-HYD,EaseMyTrip,6E,6E-148,2026-10-28,T+45,4480,983,5463,2026-09-13T02:42:26.193Z,FALSE,"",14:30,FALSE
fare_BLR-HYD_6E_2026-10-28_T+45_1789268425652_jpnt,BLR-HYD,EaseMyTrip,6E,6E-6168,2026-10-28,T+45,4480,983,5463,2026-09-13T02:42:26.193Z,FALSE,"",17:25,FALSE
fare_BLR-HYD_6E_2026-10-28_T+45_1789268425652_9565,BLR-HYD,EaseMyTrip,6E,6E-285,2026-10-28,T+45,4480,983,5463,2026-09-13T02:42:26.193Z,FALSE,"",16:30,FALSE
fare_BLR-HYD_6E_2026-10-28_T+45_1789268425652_u8ir,BLR-HYD,EaseMyTrip,6E,6E-162,2026-10-28,T+45,4480,983,5463,2026-09-13T02:42:26.193Z,FALSE,"",16:30,FALSE
fare_BLR-HYD_6E_2026-10-28_T+45_1789268425652_5y6i,BLR-HYD,EaseMyTrip,6E,6E-678,2026-10-28,T+45,4480,983,5463,2026-09-13T02:42:26.193Z,FALSE,"",10:00,FALSE
fare_BLR-HYD_6E_2026-10-28_T+45_1789268425652_cj4m,BLR-HYD,EaseMyTrip,6E,6E-711,2026-10-28,T+45,4480,983,5463,2026-09-13T02:42:26.193Z,FALSE,"",10:00,FALSE
fare_BLR-HYD_6E_2026-10-28_T+45_1789268425652_ofh0,BLR-HYD,EaseMyTrip,6E,6E-6583,2026-10-28,T+45,4480,983,5463,2026-09-13T02:42:26.193Z,FALSE,"",11:20,FALSE
fare_BLR-HYD_6E_2026-10-28_T+45_1789268425652_1p5s,BLR-HYD,EaseMyTrip,6E,6E-6753,2026-10-28,T+45,4480,983,5463,2026-09-13T02:42:26.193Z,FALSE,"",16:10,FALSE
fare_BLR-HYD_6E_2026-10-28_T+45_1789268425652_k3my,BLR-HYD,EaseMyTrip,6E,6E-274,2026-10-28,T+45,4587,1007,5594,2026-09-13T02:42:26.193Z,FALSE,"",06:05,FALSE
fare_BLR-HYD_6E_2026-10-28_T+45_1789268425652_wpqz,BLR-HYD,EaseMyTrip,6E,6E-654,2026-10-28,T+45,4587,1007,5594,2026-09-13T02:42:26.193Z,FALSE,"",06:05,FALSE
fare_BLR-HYD_6E_2026-10-28_T+45_1789268425652_u4tj,BLR-HYD,EaseMyTrip,6E,6E-6003,2026-10-28,T+45,4587,1007,5594,2026-09-13T02:42:26.193Z,FALSE,"",07:10,FALSE
fare_BLR-HYD_6E_2026-10-28_T+45_1789268425652_x1ug,BLR-HYD,EaseMyTrip,6E,6E-525,2026-10-28,T+45,4750,1043,5793,2026-09-13T02:42:26.193Z,FALSE,"",16:45,FALSE
fare_BLR-HYD_6E_2026-10-28_T+45_1789268425652_lbod,BLR-HYD,EaseMyTrip,6E,6E-100,2026-10-28,T+45,4750,1043,5793,2026-09-13T02:42:26.193Z,FALSE,"",16:45,FALSE
fare_BLR-HYD_6E_2026-10-28_T+45_1789268425652_ecom,BLR-HYD,EaseMyTrip,6E,6E-6104,2026-10-28,T+45,4750,1043,5793,2026-09-13T02:42:26.193Z,FALSE,"",12:15,FALSE
fare_BLR-HYD_6E_2026-10-28_T+45_1789268425652_e9ai,BLR-HYD,EaseMyTrip,6E,6E-6563,2026-10-28,T+45,4750,1043,5793,2026-09-13T02:42:26.193Z,FALSE,"",23:30,FALSE
fare_BLR-HYD_6E_2026-10-28_T+45_1789268425652_yvv4,BLR-HYD,EaseMyTrip,6E,6E-244,2026-10-28,T+45,4750,1043,5793,2026-09-13T02:42:26.193Z,FALSE,"",21:55,FALSE
fare_BLR-HYD_6E_2026-10-28_T+45_1789268425652_32l3,BLR-HYD,EaseMyTrip,6E,6E-326,2026-10-28,T+45,4750,1043,5793,2026-09-13T02:42:26.193Z,FALSE,"",21:55,FALSE
fare_BLR-HYD_6E_2026-10-28_T+45_1789268425652_kaex,BLR-HYD,EaseMyTrip,6E,6E-415,2026-10-28,T+45,4849,1064,5913,2026-09-13T02:42:26.193Z,FALSE,"",07:25,TRUE
fare_BLR-HYD_6E_2026-10-28_T+45_1789268425652_5tou,BLR-HYD,EaseMyTrip,6E,6E-169,2026-10-28,T+45,4849,1064,5913,2026-09-13T02:42:26.193Z,FALSE,"",07:25,TRUE
fare_BLR-HYD_6E_2026-10-28_T+45_1789268425652_4l1y,BLR-HYD,EaseMyTrip,6E,6E-6178,2026-10-28,T+45,4849,1064,5913,2026-09-13T02:42:26.193Z,FALSE,"",11:25,TRUE
fare_BLR-HYD_6E_2026-10-28_T+45_1789268425652_fygr,BLR-HYD,EaseMyTrip,6E,6E-6876,2026-10-28,T+45,5045,1108,6153,2026-09-13T02:42:26.193Z,FALSE,"",02:00,FALSE
fare_BLR-HYD_IX_2026-10-28_T+45_1789268425652_roxs,BLR-HYD,EaseMyTrip,IX,IX-1251,2026-10-28,T+45,5244,1151,6395,2026-09-13T02:42:26.193Z,FALSE,"",08:30,TRUE
fare_BLR-HYD_6E_2026-10-28_T+45_1789268425652_r5oq,BLR-HYD,EaseMyTrip,6E,6E-6923,2026-10-28,T+45,5245,1151,6396,2026-09-13T02:42:26.193Z,FALSE,"",14:50,TRUE
fare_BLR-HYD_6E_2026-10-28_T+45_1789268425652_nuav,BLR-HYD,EaseMyTrip,6E,6E-597,2026-10-28,T+45,5245,1151,6396,2026-09-13T02:42:26.193Z,FALSE,"",10:15,TRUE
fare_BLR-HYD_6E_2026-10-28_T+45_1789268425652_g8ap,BLR-HYD,EaseMyTrip,6E,6E-901,2026-10-28,T+45,5245,1151,6396,2026-09-13T02:42:26.193Z,FALSE,"",10:15,TRUE
fare_BLR-HYD_6E_2026-10-28_T+45_1789268425652_5dfh,BLR-HYD,EaseMyTrip,6E,6E-157,2026-10-28,T+45,5245,1151,6396,2026-09-13T02:42:26.193Z,FALSE,"",09:15,TRUE
fare_BLR-HYD_6E_2026-10-28_T+45_1789268425652_t2dw,BLR-HYD,EaseMyTrip,6E,6E-349,2026-10-28,T+45,5245,1151,6396,2026-09-13T02:42:26.193Z,FALSE,"",09:15,TRUE
fare_BLR-HYD_6E_2026-10-28_T+45_1789268425652_vpb6,BLR-HYD,EaseMyTrip,6E,6E-6067,2026-10-28,T+45,5683,1247,6930,2026-09-13T02:42:26.193Z,FALSE,"",16:40,TRUE
fare_BLR-HYD_IX_2026-10-28_T+45_1789268425652_w28r,BLR-HYD,EaseMyTrip,IX,IX-2018,2026-10-28,T+45,6166,1353,7519,2026-09-13T02:42:26.193Z,FALSE,"",06:00,TRUE
fare_BLR-HYD_IX_2026-10-28_T+45_1789268425652_93cz,BLR-HYD,EaseMyTrip,IX,IX-2935,2026-10-28,T+45,6166,1353,7519,2026-09-13T02:42:26.193Z,FALSE,"",19:45,TRUE
fare_BLR-HYD_IX_2026-10-28_T+45_1789268425652_i83b,BLR-HYD,EaseMyTrip,IX,IX-2409,2026-10-28,T+45,8431,1851,10282,2026-09-13T02:42:26.193Z,FALSE,"",12:05,FALSE
fare_BLR-HYD_AI_2026-10-28_T+45_1789268425652_5gez,BLR-HYD,EaseMyTrip,AI,AI-2622,2026-10-28,T+45,11459,2515,13974,2026-09-13T02:42:26.193Z,FALSE,"",16:30,FALSE
fare_BLR-HYD_AI_2026-10-28_T+45_1789268425652_n7r4,BLR-HYD,EaseMyTrip,AI,AI-2483,2026-10-28,T+45,11757,2581,14338,2026-09-13T02:42:26.193Z,FALSE,"",14:45,FALSE
fare_BLR-HYD_AI_2026-10-28_T+45_1789268425652_vslw,BLR-HYD,EaseMyTrip,AI,AI-2624,2026-10-28,T+45,11757,2581,14338,2026-09-13T02:42:26.193Z,FALSE,"",13:30,FALSE
fare_BLR-HYD_AI_2026-10-28_T+45_1789268425652_66sf,BLR-HYD,EaseMyTrip,AI,AI-2610,2026-10-28,T+45,12045,2644,14689,2026-09-13T02:42:26.193Z,FALSE,"",19:00,FALSE
fare_BLR-HYD_AI_2026-10-28_T+45_1789268425652_7809,BLR-HYD,EaseMyTrip,AI,AI-2811,2026-10-28,T+45,12055,2646,14701,2026-09-13T02:42:26.193Z,FALSE,"",05:05,FALSE
fare_BLR-HYD_AI_2026-10-28_T+45_1789268425652_ip09,BLR-HYD,EaseMyTrip,AI,AI-2854,2026-10-28,T+45,12138,2665,14803,2026-09-13T02:42:26.193Z,FALSE,"",15:30,FALSE
fare_BLR-HYD_AI_2026-10-28_T+45_1789268425652_93s1,BLR-HYD,EaseMyTrip,AI,AI-2642,2026-10-28,T+45,12194,2677,14871,2026-09-13T02:42:26.193Z,FALSE,"",21:45,FALSE
fare_BLR-HYD_AI_2026-10-28_T+45_1789268425652_rope,BLR-HYD,EaseMyTrip,AI,AI-2850,2026-10-28,T+45,12412,2725,15137,2026-09-13T02:42:26.193Z,FALSE,"",20:15,FALSE
fare_BLR-HYD_AI_2026-10-28_T+45_1789268425652_wunv,BLR-HYD,EaseMyTrip,AI,AI-2402,2026-10-28,T+45,13841,3038,16879,2026-09-13T02:42:26.193Z,FALSE,"",07:15,FALSE
fare_BLR-HYD_AI_2026-10-28_T+45_1789268425652_zzcb,BLR-HYD,EaseMyTrip,AI,AI-9649,2026-10-28,T+45,14359,3152,17511,2026-09-13T02:42:26.193Z,FALSE,"",17:00,FALSE
fare_BLR-HYD_QP_2026-10-28_T+45_1789268425652_j2hn,BLR-HYD,EaseMyTrip,QP,QP-1823,2026-10-28,T+45,14835,3257,18092,2026-09-13T02:42:26.193Z,FALSE,"",06:10,FALSE
fare_BLR-HYD_QP_2026-10-28_T+45_1789268425652_0mug,BLR-HYD,EaseMyTrip,QP,QP-1301,2026-10-28,T+45,14977,3288,18265,2026-09-13T02:42:26.193Z,FALSE,"",05:00,FALSE
fare_BLR-HYD_AI_2026-10-28_T+45_1789268425652_k9pu,BLR-HYD,EaseMyTrip,AI,AI-2810,2026-10-28,T+45,16264,3570,19834,2026-09-13T02:42:26.193Z,FALSE,"",06:00,FALSE
fare_BLR-HYD_AI_2026-10-28_T+45_1789268425652_qv58,BLR-HYD,EaseMyTrip,AI,AI-2654,2026-10-28,T+45,16264,3570,19834,2026-09-13T02:42:26.193Z,FALSE,"",07:00,FALSE
fare_BLR-HYD_AI_2026-10-28_T+45_1789268425652_iqrv,BLR-HYD,EaseMyTrip,AI,AI-2516,2026-10-28,T+45,16264,3570,19834,2026-09-13T02:42:26.193Z,FALSE,"",05:00,FALSE
fare_BLR-HYD_AI_2026-10-28_T+45_1789268425652_m3u2,BLR-HYD,EaseMyTrip,AI,AI-2758,2026-10-28,T+45,16264,3570,19834,2026-09-13T02:42:26.193Z,FALSE,"",00:15,FALSE
fare_BLR-HYD_AI_2026-10-28_T+45_1789268425652_odxw,BLR-HYD,EaseMyTrip,AI,AI-2852,2026-10-28,T+45,16446,3610,20056,2026-09-13T02:42:26.193Z,FALSE,"",10:20,FALSE
fare_BLR-HYD_AI_2026-10-28_T+45_1789268425652_fbcm,BLR-HYD,EaseMyTrip,AI,AI-2804,2026-10-28,T+45,16464,3614,20078,2026-09-13T02:42:26.193Z,FALSE,"",10:00,FALSE
fare_BLR-HYD_AI_2026-10-28_T+45_1789268425652_ijij,BLR-HYD,EaseMyTrip,AI,AI-2868,2026-10-28,T+45,16464,3614,20078,2026-09-13T02:42:26.193Z,FALSE,"",08:05,FALSE
fare_BLR-HYD_AI_2026-10-28_T+45_1789268425652_clny,BLR-HYD,EaseMyTrip,AI,AI-2406,2026-10-28,T+45,16682,3662,20344,2026-09-13T02:42:26.193Z,FALSE,"",11:00,FALSE
fare_BLR-HYD_AI_2026-10-28_T+45_1789268425652_17c9,BLR-HYD,EaseMyTrip,AI,AI-2486,2026-10-28,T+45,17081,3749,20830,2026-09-13T02:42:26.193Z,FALSE,"",13:00,FALSE
fare_BLR-HYD_AI_2026-10-28_T+45_1789268425652_hrw7,BLR-HYD,EaseMyTrip,AI,AI-428,2026-10-28,T+45,17592,3862,21454,2026-09-13T02:42:26.193Z,FALSE,"",14:35,FALSE
fare_BLR-HYD_AI_2026-10-28_T+45_1789268425652_hbyc,BLR-HYD,EaseMyTrip,AI,AI-2604,2026-10-28,T+45,18047,3962,22009,2026-09-13T02:42:26.193Z,FALSE,"",09:00,FALSE
fare_BLR-HYD_AI_2026-10-28_T+45_1789268425652_5dj0,BLR-HYD,EaseMyTrip,AI,AI-9547,2026-10-28,T+45,20457,4491,24948,2026-09-13T02:42:26.193Z,TRUE,"High outlier: ₹24948 > upper fence ₹22126 (Q3: ₹12128, IQR: ₹6665)",05:30,FALSE
fare_BLR-HYD_AI_2026-10-28_T+45_1789268425652_5w0y,BLR-HYD,EaseMyTrip,AI,AI-9497,2026-10-28,T+45,20875,4582,25457,2026-09-13T02:42:26.193Z,TRUE,"High outlier: ₹25457 > upper fence ₹22126 (Q3: ₹12128, IQR: ₹6665)",12:20,FALSE
fare_BLR-HYD_IX_2026-09-20_T+7_1789268425653_9f8l,BLR-HYD,EaseMyTrip,IX,IX-2018,2026-09-20,T+7,3765,827,4592,2026-09-13T02:42:07.962Z,FALSE,"",06:05,TRUE
fare_BLR-HYD_6E_2026-09-20_T+7_1789268425653_vijh,BLR-HYD,EaseMyTrip,6E,6E-6178,2026-09-20,T+7,3602,791,4393,2026-09-13T02:42:07.962Z,FALSE,"",06:25,TRUE
fare_BLR-HYD_IX_2026-09-20_T+7_1789268425653_0ch1,BLR-HYD,EaseMyTrip,IX,IX-2875,2026-09-20,T+7,4318,948,5266,2026-09-13T02:42:07.962Z,FALSE,"",06:10,FALSE
fare_BLR-HYD_6E_2026-09-20_T+7_1789268425653_dh0u,BLR-HYD,EaseMyTrip,6E,6E-6554,2026-09-20,T+7,4480,983,5463,2026-09-13T02:42:07.962Z,FALSE,"",19:15,FALSE
fare_BLR-HYD_6E_2026-09-20_T+7_1789268425653_2lnj,BLR-HYD,EaseMyTrip,6E,6E-6269,2026-09-20,T+7,4480,983,5463,2026-09-13T02:42:07.962Z,FALSE,"",07:15,FALSE
fare_BLR-HYD_6E_2026-09-20_T+7_1789268425653_n1om,BLR-HYD,EaseMyTrip,6E,6E-798,2026-09-20,T+7,4480,983,5463,2026-09-13T02:42:07.962Z,FALSE,"",23:05,FALSE
fare_BLR-HYD_6E_2026-09-20_T+7_1789268425653_irsl,BLR-HYD,EaseMyTrip,6E,6E-714,2026-09-20,T+7,4480,983,5463,2026-09-13T02:42:07.962Z,FALSE,"",23:05,FALSE
fare_BLR-HYD_6E_2026-09-20_T+7_1789268425653_gx3w,BLR-HYD,EaseMyTrip,6E,6E-6753,2026-09-20,T+7,4480,983,5463,2026-09-13T02:42:07.962Z,FALSE,"",15:15,FALSE
fare_BLR-HYD_6E_2026-09-20_T+7_1789268425653_6mr6,BLR-HYD,EaseMyTrip,6E,6E-6876,2026-09-20,T+7,4480,983,5463,2026-09-13T02:42:07.962Z,FALSE,"",02:40,FALSE
fare_BLR-HYD_6E_2026-09-20_T+7_1789268425653_y60z,BLR-HYD,EaseMyTrip,6E,6E-927,2026-09-20,T+7,4480,983,5463,2026-09-13T02:42:07.962Z,FALSE,"",21:40,FALSE
fare_BLR-HYD_6E_2026-09-20_T+7_1789268425653_husk,BLR-HYD,EaseMyTrip,6E,6E-861,2026-09-20,T+7,4480,983,5463,2026-09-13T02:42:07.962Z,FALSE,"",21:40,FALSE
fare_BLR-HYD_6E_2026-09-20_T+7_1789268425653_akgs,BLR-HYD,EaseMyTrip,6E,6E-375,2026-09-20,T+7,4480,983,5463,2026-09-13T02:42:07.962Z,FALSE,"",20:40,FALSE
fare_BLR-HYD_6E_2026-09-20_T+7_1789268425653_chkp,BLR-HYD,EaseMyTrip,6E,6E-804,2026-09-20,T+7,4480,983,5463,2026-09-13T02:42:07.962Z,FALSE,"",20:40,FALSE
fare_BLR-HYD_6E_2026-09-20_T+7_1789268425653_az34,BLR-HYD,EaseMyTrip,6E,6E-6563,2026-09-20,T+7,4480,983,5463,2026-09-13T02:42:07.962Z,FALSE,"",01:05,FALSE
fare_BLR-HYD_6E_2026-09-20_T+7_1789268425653_0jri,BLR-HYD,EaseMyTrip,6E,6E-6017,2026-09-20,T+7,4750,1043,5793,2026-09-13T02:42:07.962Z,FALSE,"",18:15,FALSE
fare_BLR-HYD_6E_2026-09-20_T+7_1789268425653_fsfe,BLR-HYD,EaseMyTrip,6E,6E-537,2026-09-20,T+7,4750,1043,5793,2026-09-13T02:42:07.962Z,FALSE,"",07:05,FALSE
fare_BLR-HYD_6E_2026-09-20_T+7_1789268425653_0esc,BLR-HYD,EaseMyTrip,6E,6E-853,2026-09-20,T+7,4750,1043,5793,2026-09-13T02:42:07.962Z,FALSE,"",07:05,FALSE
fare_BLR-HYD_6E_2026-09-20_T+7_1789268425653_brsa,BLR-HYD,EaseMyTrip,6E,6E-728,2026-09-20,T+7,4849,1064,5913,2026-09-13T02:42:07.962Z,FALSE,"",08:15,TRUE
fare_BLR-HYD_6E_2026-09-20_T+7_1789268425653_ktw9,BLR-HYD,EaseMyTrip,6E,6E-480,2026-09-20,T+7,4849,1064,5913,2026-09-13T02:42:07.962Z,FALSE,"",08:15,TRUE
fare_BLR-HYD_6E_2026-09-20_T+7_1789268425653_8bh6,BLR-HYD,EaseMyTrip,6E,6E-6336,2026-09-20,T+7,4859,1066,5925,2026-09-13T02:42:07.962Z,FALSE,"",12:25,FALSE
fare_BLR-HYD_IX_2026-09-20_T+7_1789268425653_02ym,BLR-HYD,EaseMyTrip,IX,IX-2926,2026-09-20,T+7,5554,1219,6773,2026-09-13T02:42:07.962Z,FALSE,"",08:40,FALSE
fare_BLR-HYD_IX_2026-09-20_T+7_1789268425653_pwrx,BLR-HYD,EaseMyTrip,IX,IX-1472,2026-09-20,T+7,5554,1219,6773,2026-09-13T02:42:07.962Z,FALSE,"",07:05,FALSE
fare_BLR-HYD_6E_2026-09-20_T+7_1789268425653_d1ep,BLR-HYD,EaseMyTrip,6E,6E-6168,2026-09-20,T+7,5045,1108,6153,2026-09-13T02:42:07.962Z,FALSE,"",17:40,FALSE
fare_BLR-HYD_6E_2026-09-20_T+7_1789268425653_a1r3,BLR-HYD,EaseMyTrip,6E,6E-7227,2026-09-20,T+7,5258,1154,6412,2026-09-13T02:42:07.962Z,FALSE,"",06:25,FALSE
fare_BLR-HYD_6E_2026-09-20_T+7_1789268425653_kmev,BLR-HYD,EaseMyTrip,6E,6E-105,2026-09-20,T+7,5715,1254,6969,2026-09-13T02:42:07.962Z,FALSE,"",07:05,FALSE
fare_BLR-HYD_6E_2026-09-20_T+7_1789268425653_rr05,BLR-HYD,EaseMyTrip,6E,6E-824,2026-09-20,T+7,5715,1254,6969,2026-09-13T02:42:07.962Z,FALSE,"",07:05,FALSE
fare_BLR-HYD_6E_2026-09-20_T+7_1789268425653_xbpg,BLR-HYD,EaseMyTrip,6E,6E-6542,2026-09-20,T+7,5715,1254,6969,2026-09-13T02:42:07.962Z,FALSE,"",13:10,FALSE
fare_BLR-HYD_6E_2026-09-20_T+7_1789268425653_eem6,BLR-HYD,EaseMyTrip,6E,6E-7737,2026-09-20,T+7,5987,1314,7301,2026-09-13T02:42:07.962Z,FALSE,"",15:15,FALSE
fare_BLR-HYD_6E_2026-09-20_T+7_1789268425653_0dij,BLR-HYD,EaseMyTrip,6E,6E-6653,2026-09-20,T+7,6094,1338,7432,2026-09-13T02:42:07.962Z,FALSE,"",12:35,FALSE
fare_BLR-HYD_6E_2026-09-20_T+7_1789268425653_x13b,BLR-HYD,EaseMyTrip,6E,6E-6583,2026-09-20,T+7,7064,1551,8615,2026-09-13T02:42:07.962Z,FALSE,"",10:40,FALSE
fare_BLR-HYD_6E_2026-09-20_T+7_1789268425653_m8wp,BLR-HYD,EaseMyTrip,6E,6E-6404,2026-09-20,T+7,7286,1599,8885,2026-09-13T02:42:07.962Z,FALSE,"",11:35,TRUE
fare_BLR-HYD_6E_2026-09-20_T+7_1789268425653_nh9g,BLR-HYD,EaseMyTrip,6E,6E-7071,2026-09-20,T+7,7708,1692,9400,2026-09-13T02:42:07.962Z,FALSE,"",10:55,FALSE
fare_BLR-HYD_IX_2026-09-20_T+7_1789268425653_3tz4,BLR-HYD,EaseMyTrip,IX,IX-2506,2026-09-20,T+7,7933,1741,9674,2026-09-13T02:42:07.962Z,FALSE,"",17:15,TRUE
fare_BLR-HYD_6E_2026-09-20_T+7_1789268425653_aojz,BLR-HYD,EaseMyTrip,6E,6E-424,2026-09-20,T+7,7801,1713,9514,2026-09-13T02:42:07.962Z,FALSE,"",18:50,FALSE
fare_BLR-HYD_6E_2026-09-20_T+7_1789268425653_5dm1,BLR-HYD,EaseMyTrip,6E,6E-293,2026-09-20,T+7,7801,1713,9514,2026-09-13T02:42:07.962Z,FALSE,"",18:50,FALSE
fare_BLR-HYD_6E_2026-09-20_T+7_1789268425653_883e,BLR-HYD,EaseMyTrip,6E,6E-290,2026-09-20,T+7,8649,1899,10548,2026-09-13T02:42:07.962Z,FALSE,"",18:35,TRUE
fare_BLR-HYD_6E_2026-09-20_T+7_1789268425653_8h9h,BLR-HYD,EaseMyTrip,6E,6E-262,2026-09-20,T+7,8649,1899,10548,2026-09-13T02:42:07.962Z,FALSE,"",18:35,TRUE
fare_BLR-HYD_6E_2026-09-20_T+7_1789268425653_rn8q,BLR-HYD,EaseMyTrip,6E,6E-984,2026-09-20,T+7,8649,1899,10548,2026-09-13T02:42:07.962Z,FALSE,"",09:15,TRUE
fare_BLR-HYD_6E_2026-09-20_T+7_1789268425653_agi1,BLR-HYD,EaseMyTrip,6E,6E-692,2026-09-20,T+7,8649,1899,10548,2026-09-13T02:42:07.962Z,FALSE,"",09:15,TRUE
fare_BLR-HYD_IX_2026-09-20_T+7_1789268425653_u79w,BLR-HYD,EaseMyTrip,IX,IX-1250,2026-09-20,T+7,8886,1950,10836,2026-09-13T02:42:07.962Z,FALSE,"",19:15,TRUE
fare_BLR-HYD_6E_2026-09-20_T+7_1789268425653_mgu0,BLR-HYD,EaseMyTrip,6E,6E-985,2026-09-20,T+7,9187,2017,11204,2026-09-13T02:42:07.962Z,FALSE,"",07:05,FALSE
fare_BLR-HYD_6E_2026-09-20_T+7_1789268425653_2uyf,BLR-HYD,EaseMyTrip,6E,6E-365,2026-09-20,T+7,9187,2017,11204,2026-09-13T02:42:07.962Z,FALSE,"",07:05,FALSE
fare_BLR-HYD_6E_2026-09-20_T+7_1789268425653_nrqb,BLR-HYD,EaseMyTrip,6E,6E-216,2026-09-20,T+7,9187,2017,11204,2026-09-13T02:42:07.962Z,FALSE,"",12:55,FALSE
fare_BLR-HYD_6E_2026-09-20_T+7_1789268425653_f64o,BLR-HYD,EaseMyTrip,6E,6E-817,2026-09-20,T+7,9187,2017,11204,2026-09-13T02:42:07.962Z,FALSE,"",12:55,FALSE
fare_BLR-HYD_6E_2026-09-20_T+7_1789268425653_kp9e,BLR-HYD,EaseMyTrip,6E,6E-513,2026-09-20,T+7,9187,2017,11204,2026-09-13T02:42:07.962Z,FALSE,"",07:05,FALSE
fare_BLR-HYD_6E_2026-09-20_T+7_1789268425653_2u8r,BLR-HYD,EaseMyTrip,6E,6E-194,2026-09-20,T+7,9187,2017,11204,2026-09-13T02:42:07.962Z,FALSE,"",07:05,FALSE
fare_BLR-HYD_6E_2026-09-20_T+7_1789268425653_yo7l,BLR-HYD,EaseMyTrip,6E,6E-6445,2026-09-20,T+7,9187,2017,11204,2026-09-13T02:42:07.962Z,FALSE,"",10:25,FALSE
fare_BLR-HYD_AI_2026-09-20_T+7_1789268425653_8mkn,BLR-HYD,EaseMyTrip,AI,AI-2811,2026-09-20,T+7,9803,2152,11955,2026-09-13T02:42:07.962Z,FALSE,"",23:40,FALSE
fare_BLR-HYD_6E_2026-09-20_T+7_1789268425653_s2gp,BLR-HYD,EaseMyTrip,6E,6E-371,2026-09-20,T+7,10139,2226,12365,2026-09-13T02:42:07.962Z,FALSE,"",17:15,FALSE
fare_BLR-HYD_6E_2026-09-20_T+7_1789268425653_lh9c,BLR-HYD,EaseMyTrip,6E,6E-226,2026-09-20,T+7,10139,2226,12365,2026-09-13T02:42:07.962Z,FALSE,"",17:15,FALSE
fare_BLR-HYD_6E_2026-09-20_T+7_1789268425653_e4za,BLR-HYD,EaseMyTrip,6E,6E-944,2026-09-20,T+7,10186,2236,12422,2026-09-13T02:42:07.962Z,FALSE,"",17:15,FALSE
fare_BLR-HYD_6E_2026-09-20_T+7_1789268425653_yy2v,BLR-HYD,EaseMyTrip,6E,6E-110,2026-09-20,T+7,10186,2236,12422,2026-09-13T02:42:07.962Z,FALSE,"",17:15,FALSE
fare_BLR-HYD_6E_2026-09-20_T+7_1789268425653_a8pt,BLR-HYD,EaseMyTrip,6E,6E-974,2026-09-20,T+7,10283,2257,12540,2026-09-13T02:42:07.962Z,FALSE,"",15:30,FALSE
fare_BLR-HYD_6E_2026-09-20_T+7_1789268425653_7xdh,BLR-HYD,EaseMyTrip,6E,6E-469,2026-09-20,T+7,10310,2263,12573,2026-09-13T02:42:07.962Z,FALSE,"",19:45,TRUE
fare_BLR-HYD_6E_2026-09-20_T+7_1789268425653_togx,BLR-HYD,EaseMyTrip,6E,6E-638,2026-09-20,T+7,10310,2263,12573,2026-09-13T02:42:07.962Z,FALSE,"",19:45,TRUE
fare_BLR-HYD_6E_2026-09-20_T+7_1789268425653_fti6,BLR-HYD,EaseMyTrip,6E,6E-6784,2026-09-20,T+7,10310,2263,12573,2026-09-13T02:42:07.962Z,FALSE,"",21:30,TRUE
fare_BLR-HYD_6E_2026-09-20_T+7_1789268425653_11nw,BLR-HYD,EaseMyTrip,6E,6E-356,2026-09-20,T+7,10310,2263,12573,2026-09-13T02:42:07.962Z,FALSE,"",10:15,TRUE
fare_BLR-HYD_6E_2026-09-20_T+7_1789268425653_c7hl,BLR-HYD,EaseMyTrip,6E,6E-600,2026-09-20,T+7,10310,2263,12573,2026-09-13T02:42:07.962Z,FALSE,"",10:15,TRUE
fare_BLR-HYD_AI_2026-09-20_T+7_1789268425653_khsa,BLR-HYD,EaseMyTrip,AI,AI-2858,2026-09-20,T+7,10732,2356,13088,2026-09-13T02:42:07.962Z,FALSE,"",02:20,FALSE
fare_BLR-HYD_6E_2026-09-20_T+7_1789268425653_kbdq,BLR-HYD,EaseMyTrip,6E,6E-6208,2026-09-20,T+7,10619,2331,12950,2026-09-13T02:42:07.962Z,FALSE,"",12:45,FALSE
fare_BLR-HYD_6E_2026-09-20_T+7_1789268425653_vrut,BLR-HYD,EaseMyTrip,6E,6E-7005,2026-09-20,T+7,10619,2331,12950,2026-09-13T02:42:07.962Z,FALSE,"",08:05,FALSE
fare_BLR-HYD_6E_2026-09-20_T+7_1789268425653_a7c5,BLR-HYD,EaseMyTrip,6E,6E-6104,2026-09-20,T+7,11144,2446,13590,2026-09-13T02:42:07.962Z,FALSE,"",11:40,FALSE
fare_BLR-HYD_6E_2026-09-20_T+7_1789268425653_8o8u,BLR-HYD,EaseMyTrip,6E,6E-284,2026-09-20,T+7,11431,2509,13940,2026-09-13T02:42:07.962Z,FALSE,"",10:50,FALSE
fare_BLR-HYD_6E_2026-09-20_T+7_1789268425653_i7f3,BLR-HYD,EaseMyTrip,6E,6E-699,2026-09-20,T+7,11431,2509,13940,2026-09-13T02:42:07.962Z,FALSE,"",10:50,FALSE
fare_BLR-HYD_IX_2026-09-20_T+7_1789268425653_wkbc,BLR-HYD,EaseMyTrip,IX,IX-2819,2026-09-20,T+7,11649,2557,14206,2026-09-13T02:42:07.962Z,FALSE,"",12:30,TRUE
fare_BLR-HYD_AI_2026-09-20_T+7_1789268425653_mub5,BLR-HYD,EaseMyTrip,AI,AI-2402,2026-09-20,T+7,11787,2587,14374,2026-09-13T02:42:07.962Z,FALSE,"",06:35,FALSE
fare_BLR-HYD_6E_2026-09-20_T+7_1789268425653_s3qa,BLR-HYD,EaseMyTrip,6E,6E-7285,2026-09-20,T+7,12022,2639,14661,2026-09-13T02:42:07.962Z,FALSE,"",06:50,FALSE
fare_BLR-HYD_6E_2026-09-20_T+7_1789268425653_plet,BLR-HYD,EaseMyTrip,6E,6E-6067,2026-09-20,T+7,12333,2707,15040,2026-09-13T02:42:07.962Z,FALSE,"",16:30,TRUE
fare_BLR-HYD_AI_2026-09-20_T+7_1789268425653_koo9,BLR-HYD,EaseMyTrip,AI,AI-2411,2026-09-20,T+7,12680,2783,15463,2026-09-13T02:42:07.962Z,FALSE,"",08:20,FALSE
fare_BLR-HYD_AI_2026-09-20_T+7_1789268425653_ol5r,BLR-HYD,EaseMyTrip,AI,AI-2604,2026-09-20,T+7,12938,2840,15778,2026-09-13T02:42:07.962Z,FALSE,"",09:15,FALSE
fare_BLR-HYD_AI_2026-09-20_T+7_1789268425653_j8t6,BLR-HYD,EaseMyTrip,AI,AI-9453,2026-09-20,T+7,13628,2991,16619,2026-09-13T02:42:07.962Z,FALSE,"",21:00,FALSE
fare_BLR-HYD_AI_2026-09-20_T+7_1789268425653_vw68,BLR-HYD,EaseMyTrip,AI,AI-9457,2026-09-20,T+7,13628,2991,16619,2026-09-13T02:42:07.962Z,FALSE,"",16:15,FALSE
fare_BLR-HYD_AI_2026-09-20_T+7_1789268425653_zgsv,BLR-HYD,EaseMyTrip,AI,AI-2852,2026-09-20,T+7,14316,3142,17458,2026-09-13T02:42:07.962Z,FALSE,"",10:30,FALSE
fare_BLR-HYD_AI_2026-09-20_T+7_1789268425653_wyh9,BLR-HYD,EaseMyTrip,AI,AI-2758,2026-09-20,T+7,15274,3353,18627,2026-09-13T02:42:07.962Z,FALSE,"",00:15,FALSE
fare_BLR-HYD_AI_2026-09-20_T+7_1789268425653_ml15,BLR-HYD,EaseMyTrip,AI,AI-2854,2026-09-20,T+7,15341,3368,18709,2026-09-13T02:42:07.962Z,FALSE,"",18:05,FALSE
fare_BLR-HYD_QP_2026-09-20_T+7_1789268425653_9c3a,BLR-HYD,EaseMyTrip,QP,QP-1823,2026-09-20,T+7,15455,3392,18847,2026-09-13T02:42:07.962Z,FALSE,"",06:05,FALSE
fare_BLR-HYD_QP_2026-09-20_T+7_1789268425653_q1fs,BLR-HYD,EaseMyTrip,QP,QP-1359,2026-09-20,T+7,15455,3392,18847,2026-09-13T02:42:07.962Z,FALSE,"",05:00,FALSE
fare_BLR-HYD_AI_2026-09-20_T+7_1789268425653_1au7,BLR-HYD,EaseMyTrip,AI,AI-2414,2026-09-20,T+7,15798,3468,19266,2026-09-13T02:42:07.962Z,FALSE,"",05:30,FALSE
fare_BLR-HYD_AI_2026-09-20_T+7_1789268425653_zmo4,BLR-HYD,EaseMyTrip,AI,AI-2818,2026-09-20,T+7,16027,3518,19545,2026-09-13T02:42:07.962Z,FALSE,"",20:00,FALSE
fare_BLR-HYD_AI_2026-09-20_T+7_1789268425653_ob6a,BLR-HYD,EaseMyTrip,AI,AI-2810,2026-09-20,T+7,16172,3550,19722,2026-09-13T02:42:07.962Z,FALSE,"",06:00,FALSE
fare_BLR-HYD_6E_2026-09-20_T+7_1789268425653_05nu,BLR-HYD,EaseMyTrip,6E,6E-436,2026-09-20,T+7,16888,3707,20595,2026-09-13T02:42:07.962Z,FALSE,"",17:00,FALSE
fare_BLR-HYD_6E_2026-09-20_T+7_1789268425653_nn16,BLR-HYD,EaseMyTrip,6E,6E-736,2026-09-20,T+7,16888,3707,20595,2026-09-13T02:42:07.962Z,FALSE,"",17:00,FALSE
fare_BLR-HYD_6E_2026-09-20_T+7_1789268425653_yybi,BLR-HYD,EaseMyTrip,6E,6E-6162,2026-09-20,T+7,17209,3778,20987,2026-09-13T02:42:07.962Z,FALSE,"",18:50,FALSE
fare_BLR-HYD_AI_2026-09-20_T+7_1789268425653_qcry,BLR-HYD,EaseMyTrip,AI,AI-428,2026-09-20,T+7,17482,3837,21319,2026-09-13T02:42:07.962Z,FALSE,"",15:30,FALSE
fare_BLR-HYD_AI_2026-09-20_T+7_1789268425653_yw38,BLR-HYD,EaseMyTrip,AI,AI-2654,2026-09-20,T+7,17570,3857,21427,2026-09-13T02:42:07.962Z,FALSE,"",07:00,FALSE
fare_BLR-HYD_AI_2026-09-20_T+7_1789268425653_pdze,BLR-HYD,EaseMyTrip,AI,AI-2418,2026-09-20,T+7,17587,3860,21447,2026-09-13T02:42:07.962Z,FALSE,"",16:30,FALSE
fare_BLR-HYD_AI_2026-09-20_T+7_1789268425653_e7vc,BLR-HYD,EaseMyTrip,AI,AI-2511,2026-09-20,T+7,17587,3860,21447,2026-09-13T02:42:07.962Z,FALSE,"",15:00,FALSE
fare_BLR-HYD_AI_2026-09-20_T+7_1789268425653_cv5k,BLR-HYD,EaseMyTrip,AI,AI-9400,2026-09-20,T+7,17674,3880,21554,2026-09-13T02:42:07.962Z,FALSE,"",14:40,FALSE
fare_BLR-HYD_AI_2026-09-20_T+7_1789268425653_qjcc,BLR-HYD,EaseMyTrip,AI,AI-2486,2026-09-20,T+7,17946,3939,21885,2026-09-13T02:42:07.962Z,FALSE,"",14:00,FALSE
fare_BLR-HYD_QP_2026-09-20_T+7_1789268425653_td0l,BLR-HYD,EaseMyTrip,QP,QP-1821,2026-09-20,T+7,17899,3929,21828,2026-09-13T02:42:07.962Z,FALSE,"",13:10,FALSE
fare_BLR-HYD_AI_2026-09-20_T+7_1789268425653_4kuy,BLR-HYD,EaseMyTrip,AI,AI-2868,2026-09-20,T+7,18085,3970,22055,2026-09-13T02:42:07.962Z,FALSE,"",09:00,FALSE
fare_BLR-HYD_AI_2026-09-20_T+7_1789268425653_rvtp,BLR-HYD,EaseMyTrip,AI,AI-9455,2026-09-20,T+7,18601,4083,22684,2026-09-13T02:42:07.962Z,FALSE,"",08:40,FALSE
fare_BLR-HYD_AI_2026-09-20_T+7_1789268425653_ngnv,BLR-HYD,EaseMyTrip,AI,AI-2630,2026-09-20,T+7,21119,4636,25755,2026-09-13T02:42:07.962Z,FALSE,"",12:05,FALSE
fare_BOM-BLR_IX_2026-10-13_T+30_1789268425654_a1wz,BOM-BLR,EaseMyTrip,IX,IX-1347,2026-10-13,T+30,3972,872,4844,2026-09-13T02:40:18.802Z,FALSE,"",06:20,TRUE
fare_BOM-BLR_QP_2026-10-13_T+30_1789268425654_cwwy,BOM-BLR,EaseMyTrip,QP,QP-2001,2026-10-13,T+30,3852,846,4698,2026-09-13T02:40:18.802Z,FALSE,"",18:45,TRUE
fare_BOM-BLR_IX_2026-10-13_T+30_1789268425654_pd8u,BOM-BLR,EaseMyTrip,IX,IX-5986,2026-10-13,T+30,4140,909,5049,2026-09-13T02:40:18.802Z,FALSE,"",08:40,TRUE
fare_BOM-BLR_6E_2026-10-13_T+30_1789268425654_9c5x,BOM-BLR,EaseMyTrip,6E,6E-2085,2026-10-13,T+30,3972,872,4844,2026-09-13T02:40:18.802Z,FALSE,"",07:10,TRUE
fare_BOM-BLR_6E_2026-10-13_T+30_1789268425654_2yrd,BOM-BLR,EaseMyTrip,6E,6E-6029,2026-10-13,T+30,3972,872,4844,2026-09-13T02:40:18.802Z,FALSE,"",12:05,TRUE
fare_BOM-BLR_QP_2026-10-13_T+30_1789268425654_ream,BOM-BLR,EaseMyTrip,QP,QP-2005,2026-10-13,T+30,4125,905,5030,2026-09-13T02:40:18.802Z,FALSE,"",06:00,TRUE
fare_BOM-BLR_QP_2026-10-13_T+30_1789268425654_aret,BOM-BLR,EaseMyTrip,QP,QP-2007,2026-10-13,T+30,4125,905,5030,2026-09-13T02:40:18.802Z,FALSE,"",17:30,TRUE
fare_BOM-BLR_QP_2026-10-13_T+30_1789268425654_3ang,BOM-BLR,EaseMyTrip,QP,QP-1133,2026-10-13,T+30,4141,909,5050,2026-09-13T02:40:18.802Z,FALSE,"",20:05,TRUE
fare_BOM-BLR_QP_2026-10-13_T+30_1789268425654_yac4,BOM-BLR,EaseMyTrip,QP,QP-1149,2026-10-13,T+30,4141,909,5050,2026-09-13T02:40:18.802Z,FALSE,"",05:35,TRUE
fare_BOM-BLR_QP_2026-10-13_T+30_1789268425654_0ysd,BOM-BLR,EaseMyTrip,QP,QP-1143,2026-10-13,T+30,4141,909,5050,2026-09-13T02:40:18.802Z,FALSE,"",08:20,TRUE
fare_BOM-BLR_QP_2026-10-13_T+30_1789268425654_gttj,BOM-BLR,EaseMyTrip,QP,QP-1518,2026-10-13,T+30,4141,909,5050,2026-09-13T02:40:18.802Z,FALSE,"",21:45,TRUE
fare_BOM-BLR_QP_2026-10-13_T+30_1789268425654_9ysr,BOM-BLR,EaseMyTrip,QP,QP-1516,2026-10-13,T+30,4141,909,5050,2026-09-13T02:40:18.802Z,FALSE,"",00:40,TRUE
fare_BOM-BLR_6E_2026-10-13_T+30_1789268425654_3onk,BOM-BLR,EaseMyTrip,6E,6E-5323,2026-10-13,T+30,4141,909,5050,2026-09-13T02:40:18.802Z,FALSE,"",01:10,TRUE
fare_BOM-BLR_6E_2026-10-13_T+30_1789268425654_djwr,BOM-BLR,EaseMyTrip,6E,6E-5294,2026-10-13,T+30,4141,909,5050,2026-09-13T02:40:18.802Z,FALSE,"",04:30,TRUE
fare_BOM-BLR_AI_2026-10-13_T+30_1789268425654_o92z,BOM-BLR,EaseMyTrip,AI,AI-2812,2026-10-13,T+30,4354,956,5310,2026-09-13T02:40:18.802Z,FALSE,"",02:05,TRUE
fare_BOM-BLR_AI_2026-10-13_T+30_1789268425654_6adq,BOM-BLR,EaseMyTrip,AI,AI-2845,2026-10-13,T+30,4354,956,5310,2026-09-13T02:40:18.802Z,FALSE,"",05:30,TRUE
fare_BOM-BLR_AI_2026-10-13_T+30_1789268425654_tcrj,BOM-BLR,EaseMyTrip,AI,AI-2857,2026-10-13,T+30,4354,956,5310,2026-09-13T02:40:18.802Z,FALSE,"",23:30,TRUE
fare_BOM-BLR_6E_2026-10-13_T+30_1789268425654_riby,BOM-BLR,EaseMyTrip,6E,6E-6361,2026-10-13,T+30,4200,922,5122,2026-09-13T02:40:18.802Z,FALSE,"",05:00,FALSE
fare_BOM-BLR_6E_2026-10-13_T+30_1789268425654_qlkm,BOM-BLR,EaseMyTrip,6E,6E-5241,2026-10-13,T+30,4200,922,5122,2026-09-13T02:40:18.802Z,FALSE,"",16:40,FALSE
fare_BOM-BLR_6E_2026-10-13_T+30_1789268425654_xe0r,BOM-BLR,EaseMyTrip,6E,6E-5082,2026-10-13,T+30,4200,922,5122,2026-09-13T02:40:18.802Z,FALSE,"",18:05,FALSE
fare_BOM-BLR_6E_2026-10-13_T+30_1789268425654_3ubk,BOM-BLR,EaseMyTrip,6E,6E-960,2026-10-13,T+30,4200,922,5122,2026-09-13T02:40:18.802Z,FALSE,"",13:55,FALSE
fare_BOM-BLR_6E_2026-10-13_T+30_1789268425654_769h,BOM-BLR,EaseMyTrip,6E,6E-465,2026-10-13,T+30,4200,922,5122,2026-09-13T02:40:18.802Z,FALSE,"",13:55,FALSE
fare_BOM-BLR_6E_2026-10-13_T+30_1789268425654_4tyc,BOM-BLR,EaseMyTrip,6E,6E-355,2026-10-13,T+30,4200,922,5122,2026-09-13T02:40:18.802Z,FALSE,"",11:20,FALSE
fare_BOM-BLR_6E_2026-10-13_T+30_1789268425654_11bf,BOM-BLR,EaseMyTrip,6E,6E-686,2026-10-13,T+30,4200,922,5122,2026-09-13T02:40:18.802Z,FALSE,"",11:20,FALSE
fare_BOM-BLR_6E_2026-10-13_T+30_1789268425654_bp1s,BOM-BLR,EaseMyTrip,6E,6E-787,2026-10-13,T+30,4200,922,5122,2026-09-13T02:40:18.802Z,FALSE,"",13:55,FALSE
fare_BOM-BLR_6E_2026-10-13_T+30_1789268425654_zq90,BOM-BLR,EaseMyTrip,6E,6E-141,2026-10-13,T+30,4200,922,5122,2026-09-13T02:40:18.802Z,FALSE,"",13:55,FALSE
fare_BOM-BLR_6E_2026-10-13_T+30_1789268425654_73yd,BOM-BLR,EaseMyTrip,6E,6E-6057,2026-10-13,T+30,4307,946,5253,2026-09-13T02:40:18.802Z,FALSE,"",09:15,FALSE
fare_BOM-BLR_6E_2026-10-13_T+30_1789268425654_lf78,BOM-BLR,EaseMyTrip,6E,6E-693,2026-10-13,T+30,4307,946,5253,2026-09-13T02:40:18.802Z,FALSE,"",12:35,FALSE
fare_BOM-BLR_6E_2026-10-13_T+30_1789268425654_ld29,BOM-BLR,EaseMyTrip,6E,6E-380,2026-10-13,T+30,4307,946,5253,2026-09-13T02:40:18.802Z,FALSE,"",12:35,FALSE
fare_BOM-BLR_6E_2026-10-13_T+30_1789268425654_5kvh,BOM-BLR,EaseMyTrip,6E,6E-5179,2026-10-13,T+30,4307,946,5253,2026-09-13T02:40:18.802Z,FALSE,"",02:45,FALSE
fare_BOM-BLR_6E_2026-10-13_T+30_1789268425654_ulmt,BOM-BLR,EaseMyTrip,6E,6E-5386,2026-10-13,T+30,4307,946,5253,2026-09-13T02:40:18.802Z,FALSE,"",15:10,FALSE
fare_BOM-BLR_6E_2026-10-13_T+30_1789268425654_1dw6,BOM-BLR,EaseMyTrip,6E,6E-397,2026-10-13,T+30,4307,946,5253,2026-09-13T02:40:18.802Z,FALSE,"",12:35,FALSE
fare_BOM-BLR_6E_2026-10-13_T+30_1789268425654_lpy6,BOM-BLR,EaseMyTrip,6E,6E-688,2026-10-13,T+30,4307,946,5253,2026-09-13T02:40:18.802Z,FALSE,"",12:35,FALSE
fare_BOM-BLR_6E_2026-10-13_T+30_1789268425654_8ykz,BOM-BLR,EaseMyTrip,6E,6E-7037,2026-10-13,T+30,4439,975,5414,2026-09-13T02:40:18.802Z,FALSE,"",11:05,FALSE
fare_BOM-BLR_6E_2026-10-13_T+30_1789268425654_wmwl,BOM-BLR,EaseMyTrip,6E,6E-7077,2026-10-13,T+30,4439,975,5414,2026-09-13T02:40:18.802Z,FALSE,"",13:15,FALSE
fare_BOM-BLR_6E_2026-10-13_T+30_1789268425654_9ooi,BOM-BLR,EaseMyTrip,6E,6E-2016,2026-10-13,T+30,4480,983,5463,2026-09-13T02:40:18.802Z,FALSE,"",13:35,FALSE
fare_BOM-BLR_6E_2026-10-13_T+30_1789268425654_v2fl,BOM-BLR,EaseMyTrip,6E,6E-5196,2026-10-13,T+30,4480,983,5463,2026-09-13T02:40:18.802Z,FALSE,"",15:25,FALSE
fare_BOM-BLR_6E_2026-10-13_T+30_1789268425654_nmpp,BOM-BLR,EaseMyTrip,6E,6E-5048,2026-10-13,T+30,4480,983,5463,2026-09-13T02:40:18.802Z,FALSE,"",17:25,FALSE
fare_BOM-BLR_6E_2026-10-13_T+30_1789268425654_f4bx,BOM-BLR,EaseMyTrip,6E,6E-6349,2026-10-13,T+30,4480,983,5463,2026-09-13T02:40:18.802Z,FALSE,"",11:40,FALSE
fare_BOM-BLR_6E_2026-10-13_T+30_1789268425654_ydtq,BOM-BLR,EaseMyTrip,6E,6E-5313,2026-10-13,T+30,4480,983,5463,2026-09-13T02:40:18.802Z,FALSE,"",09:50,FALSE
fare_BOM-BLR_6E_2026-10-13_T+30_1789268425654_4bhs,BOM-BLR,EaseMyTrip,6E,6E-5337,2026-10-13,T+30,4480,983,5463,2026-09-13T02:40:18.802Z,FALSE,"",13:45,FALSE
fare_BOM-BLR_6E_2026-10-13_T+30_1789268425654_wav1,BOM-BLR,EaseMyTrip,6E,6E-929,2026-10-13,T+30,4547,998,5545,2026-09-13T02:40:18.802Z,FALSE,"",10:40,FALSE
fare_BOM-BLR_6E_2026-10-13_T+30_1789268425654_gafc,BOM-BLR,EaseMyTrip,6E,6E-634,2026-10-13,T+30,4547,998,5545,2026-09-13T02:40:18.802Z,FALSE,"",10:40,FALSE
fare_BOM-BLR_6E_2026-10-13_T+30_1789268425654_32j3,BOM-BLR,EaseMyTrip,6E,6E-368,2026-10-13,T+30,4547,998,5545,2026-09-13T02:40:18.802Z,FALSE,"",10:40,FALSE
fare_BOM-BLR_6E_2026-10-13_T+30_1789268425654_k4gp,BOM-BLR,EaseMyTrip,6E,6E-103,2026-10-13,T+30,4547,998,5545,2026-09-13T02:40:18.802Z,FALSE,"",10:40,FALSE
fare_BOM-BLR_6E_2026-10-13_T+30_1789268425654_wq2i,BOM-BLR,EaseMyTrip,6E,6E-5178,2026-10-13,T+30,4617,1013,5630,2026-09-13T02:40:18.802Z,FALSE,"",11:40,FALSE
fare_BOM-BLR_6E_2026-10-13_T+30_1789268425654_fzu5,BOM-BLR,EaseMyTrip,6E,6E-5228,2026-10-13,T+30,4617,1013,5630,2026-09-13T02:40:18.802Z,FALSE,"",16:45,FALSE
fare_BOM-BLR_6E_2026-10-13_T+30_1789268425654_x4kt,BOM-BLR,EaseMyTrip,6E,6E-6701,2026-10-13,T+30,4789,1051,5840,2026-09-13T02:40:18.802Z,FALSE,"",05:35,FALSE
fare_BOM-BLR_6E_2026-10-13_T+30_1789268425654_gkty,BOM-BLR,EaseMyTrip,6E,6E-940,2026-10-13,T+30,4789,1051,5840,2026-09-13T02:40:18.802Z,FALSE,"",17:10,FALSE
fare_BOM-BLR_6E_2026-10-13_T+30_1789268425654_t4e4,BOM-BLR,EaseMyTrip,6E,6E-112,2026-10-13,T+30,4789,1051,5840,2026-09-13T02:40:18.802Z,FALSE,"",17:10,FALSE
fare_BOM-BLR_6E_2026-10-13_T+30_1789268425654_4zby,BOM-BLR,EaseMyTrip,6E,6E-5188,2026-10-13,T+30,4789,1051,5840,2026-09-13T02:40:18.802Z,FALSE,"",06:15,FALSE
fare_BOM-BLR_6E_2026-10-13_T+30_1789268425654_uvf7,BOM-BLR,EaseMyTrip,6E,6E-5109,2026-10-13,T+30,4789,1051,5840,2026-09-13T02:40:18.802Z,FALSE,"",09:35,FALSE
fare_BOM-BLR_6E_2026-10-13_T+30_1789268425654_53iv,BOM-BLR,EaseMyTrip,6E,6E-974,2026-10-13,T+30,4789,1051,5840,2026-09-13T02:40:18.802Z,FALSE,"",15:45,FALSE
fare_BOM-BLR_6E_2026-10-13_T+30_1789268425654_mynm,BOM-BLR,EaseMyTrip,6E,6E-836,2026-10-13,T+30,4789,1051,5840,2026-09-13T02:40:18.802Z,FALSE,"",15:45,FALSE
fare_BOM-BLR_6E_2026-10-13_T+30_1789268425654_e4s2,BOM-BLR,EaseMyTrip,6E,6E-6802,2026-10-13,T+30,5064,1112,6176,2026-09-13T02:40:18.802Z,FALSE,"",16:55,FALSE
fare_BOM-BLR_6E_2026-10-13_T+30_1789268425654_sk02,BOM-BLR,EaseMyTrip,6E,6E-874,2026-10-13,T+30,5129,1126,6255,2026-09-13T02:40:18.802Z,FALSE,"",01:30,FALSE
fare_BOM-BLR_6E_2026-10-13_T+30_1789268425654_rgdq,BOM-BLR,EaseMyTrip,6E,6E-968,2026-10-13,T+30,5129,1126,6255,2026-09-13T02:40:18.802Z,FALSE,"",01:30,FALSE
fare_BOM-BLR_6E_2026-10-13_T+30_1789268425654_745g,BOM-BLR,EaseMyTrip,6E,6E-5318,2026-10-13,T+30,5330,1170,6500,2026-09-13T02:40:18.802Z,FALSE,"",10:15,FALSE
fare_BOM-BLR_6E_2026-10-13_T+30_1789268425654_efyi,BOM-BLR,EaseMyTrip,6E,6E-5126,2026-10-13,T+30,5502,1208,6710,2026-09-13T02:40:18.802Z,FALSE,"",18:15,FALSE
fare_BOM-BLR_6E_2026-10-13_T+30_1789268425654_84ds,BOM-BLR,EaseMyTrip,6E,6E-2284,2026-10-13,T+30,5502,1208,6710,2026-09-13T02:40:18.802Z,FALSE,"",12:05,FALSE
fare_BOM-BLR_6E_2026-10-13_T+30_1789268425654_kyjt,BOM-BLR,EaseMyTrip,6E,6E-5181,2026-10-13,T+30,5610,1232,6842,2026-09-13T02:40:18.802Z,FALSE,"",10:25,FALSE
fare_BOM-BLR_IX_2026-10-13_T+30_1789268425654_c9u5,BOM-BLR,EaseMyTrip,IX,IX-1797,2026-10-13,T+30,6089,1336,7425,2026-09-13T02:40:18.802Z,FALSE,"",05:05,FALSE
fare_BOM-BLR_IX_2026-10-13_T+30_1789268425654_c8nt,BOM-BLR,EaseMyTrip,IX,IX-1801,2026-10-13,T+30,6089,1336,7425,2026-09-13T02:40:18.802Z,FALSE,"",20:20,FALSE
fare_BOM-BLR_6E_2026-10-13_T+30_1789268425654_ajiv,BOM-BLR,EaseMyTrip,6E,6E-5296,2026-10-13,T+30,5791,1271,7062,2026-09-13T02:40:18.802Z,FALSE,"",06:15,TRUE
fare_BOM-BLR_6E_2026-10-13_T+30_1789268425654_0o2k,BOM-BLR,EaseMyTrip,6E,6E-5071,2026-10-13,T+30,5791,1271,7062,2026-09-13T02:40:18.802Z,FALSE,"",15:35,TRUE
fare_BOM-BLR_6E_2026-10-13_T+30_1789268425654_csvy,BOM-BLR,EaseMyTrip,6E,6E-6188,2026-10-13,T+30,5791,1271,7062,2026-09-13T02:40:18.802Z,FALSE,"",21:30,TRUE
fare_BOM-BLR_6E_2026-10-13_T+30_1789268425654_utsy,BOM-BLR,EaseMyTrip,6E,6E-5032,2026-10-13,T+30,5791,1271,7062,2026-09-13T02:40:18.802Z,FALSE,"",19:50,TRUE
fare_BOM-BLR_6E_2026-10-13_T+30_1789268425654_9gez,BOM-BLR,EaseMyTrip,6E,6E-5382,2026-10-13,T+30,5791,1271,7062,2026-09-13T02:40:18.802Z,FALSE,"",14:30,TRUE
fare_BOM-BLR_6E_2026-10-13_T+30_1789268425654_u1cl,BOM-BLR,EaseMyTrip,6E,6E-5184,2026-10-13,T+30,5791,1271,7062,2026-09-13T02:40:18.802Z,FALSE,"",12:30,TRUE
fare_BOM-BLR_6E_2026-10-13_T+30_1789268425654_ww9u,BOM-BLR,EaseMyTrip,6E,6E-5217,2026-10-13,T+30,5791,1271,7062,2026-09-13T02:40:18.802Z,FALSE,"",11:00,TRUE
fare_BOM-BLR_6E_2026-10-13_T+30_1789268425654_3im6,BOM-BLR,EaseMyTrip,6E,6E-5388,2026-10-13,T+30,5791,1271,7062,2026-09-13T02:40:18.802Z,FALSE,"",22:20,TRUE
fare_BOM-BLR_6E_2026-10-13_T+30_1789268425654_elh0,BOM-BLR,EaseMyTrip,6E,6E-5193,2026-10-13,T+30,5791,1271,7062,2026-09-13T02:40:18.802Z,FALSE,"",07:45,TRUE
fare_BOM-BLR_6E_2026-10-13_T+30_1789268425654_1z5w,BOM-BLR,EaseMyTrip,6E,6E-5092,2026-10-13,T+30,5791,1271,7062,2026-09-13T02:40:18.802Z,FALSE,"",09:50,TRUE
fare_BOM-BLR_AI_2026-10-13_T+30_1789268425654_9z26,BOM-BLR,EaseMyTrip,AI,AI-2632,2026-10-13,T+30,6020,1322,7342,2026-09-13T02:40:18.802Z,FALSE,"",12:00,TRUE
fare_BOM-BLR_AI_2026-10-13_T+30_1789268425654_zks0,BOM-BLR,EaseMyTrip,AI,AI-2865,2026-10-13,T+30,6020,1322,7342,2026-09-13T02:40:18.802Z,FALSE,"",19:45,TRUE
fare_BOM-BLR_AI_2026-10-13_T+30_1789268425654_gitm,BOM-BLR,EaseMyTrip,AI,AI-2853,2026-10-13,T+30,6020,1322,7342,2026-09-13T02:40:18.802Z,FALSE,"",15:25,TRUE
fare_BOM-BLR_6E_2026-10-13_T+30_1789268425655_3zyz,BOM-BLR,EaseMyTrip,6E,6E-5107,2026-10-13,T+30,5912,1298,7210,2026-09-13T02:40:18.802Z,FALSE,"",20:00,FALSE
fare_BOM-BLR_6E_2026-10-13_T+30_1789268425655_am31,BOM-BLR,EaseMyTrip,6E,6E-5221,2026-10-13,T+30,6049,1328,7377,2026-09-13T02:40:18.802Z,FALSE,"",17:00,TRUE
fare_BOM-BLR_AI_2026-10-13_T+30_1789268425655_zjs9,BOM-BLR,EaseMyTrip,AI,AI-2603,2026-10-13,T+30,6223,1366,7589,2026-09-13T02:40:18.802Z,FALSE,"",06:35,TRUE
fare_BOM-BLR_AI_2026-10-13_T+30_1789268425655_2xt6,BOM-BLR,EaseMyTrip,AI,AI-2863,2026-10-13,T+30,6223,1366,7589,2026-09-13T02:40:18.802Z,FALSE,"",10:00,TRUE
fare_BOM-BLR_IX_2026-10-13_T+30_1789268425655_ri6w,BOM-BLR,EaseMyTrip,IX,IX-1238,2026-10-13,T+30,6408,1407,7815,2026-09-13T02:40:18.802Z,FALSE,"",12:25,FALSE
fare_BOM-BLR_IX_2026-10-13_T+30_1789268425655_s4dr,BOM-BLR,EaseMyTrip,IX,IX-1242,2026-10-13,T+30,6408,1407,7815,2026-09-13T02:40:18.802Z,FALSE,"",16:30,FALSE
fare_BOM-BLR_AI_2026-10-13_T+30_1789268425655_fidi,BOM-BLR,EaseMyTrip,AI,AI-2401,2026-10-13,T+30,6273,1377,7650,2026-09-13T02:40:18.802Z,FALSE,"",20:45,TRUE
fare_BOM-BLR_AI_2026-10-13_T+30_1789268425655_5hp2,BOM-BLR,EaseMyTrip,AI,AI-2851,2026-10-13,T+30,6323,1388,7711,2026-09-13T02:40:18.802Z,FALSE,"",07:55,TRUE
fare_BOM-BLR_6E_2026-10-13_T+30_1789268425655_m8im,BOM-BLR,EaseMyTrip,6E,6E-5047,2026-10-13,T+30,6307,1385,7692,2026-09-13T02:40:18.802Z,FALSE,"",18:30,TRUE
fare_BOM-BLR_AI_2026-10-13_T+30_1789268425655_zye1,BOM-BLR,EaseMyTrip,AI,AI-2849,2026-10-13,T+30,6558,1439,7997,2026-09-13T02:40:18.802Z,FALSE,"",17:30,TRUE
fare_BOM-BLR_AI_2026-10-13_T+30_1789268425655_ap5i,BOM-BLR,EaseMyTrip,AI,AI-2641,2026-10-13,T+30,6917,1518,8435,2026-09-13T02:40:18.802Z,FALSE,"",18:30,TRUE
fare_BOM-BLR_6E_2026-10-13_T+30_1789268425655_pz7t,BOM-BLR,EaseMyTrip,6E,6E-912,2026-10-13,T+30,8006,1757,9763,2026-09-13T02:40:18.802Z,FALSE,"",04:00,FALSE
fare_BOM-BLR_6E_2026-10-13_T+30_1789268425655_3as2,BOM-BLR,EaseMyTrip,6E,6E-962,2026-10-13,T+30,8006,1757,9763,2026-09-13T02:40:18.802Z,FALSE,"",04:00,FALSE
fare_BOM-BLR_AI_2026-10-13_T+30_1789268425655_0nzb,BOM-BLR,EaseMyTrip,AI,AI-2444,2026-10-13,T+30,8204,1801,10005,2026-09-13T02:40:18.802Z,FALSE,"",10:50,FALSE
fare_BOM-BLR_AI_2026-10-13_T+30_1789268425655_3tzp,BOM-BLR,EaseMyTrip,AI,AI-2531,2026-10-13,T+30,8291,1820,10111,2026-09-13T02:40:18.802Z,FALSE,"",15:05,FALSE
fare_BOM-BLR_AI_2026-10-13_T+30_1789268425655_69cq,BOM-BLR,EaseMyTrip,AI,AI-2505,2026-10-13,T+30,8612,1890,10502,2026-09-13T02:40:18.802Z,FALSE,"",19:25,FALSE
fare_BOM-BLR_AI_2026-10-13_T+30_1789268425655_yw6s,BOM-BLR,EaseMyTrip,AI,AI-435,2026-10-13,T+30,8747,1920,10667,2026-09-13T02:40:18.802Z,FALSE,"",18:10,FALSE
fare_BOM-BLR_AI_2026-10-13_T+30_1789268425655_ez1z,BOM-BLR,EaseMyTrip,AI,AI-639,2026-10-13,T+30,8747,1920,10667,2026-09-13T02:40:18.802Z,FALSE,"",22:55,FALSE
fare_BOM-BLR_AI_2026-10-13_T+30_1789268425655_dljh,BOM-BLR,EaseMyTrip,AI,AI-2745,2026-10-13,T+30,8846,1942,10788,2026-09-13T02:40:18.802Z,FALSE,"",15:30,FALSE
fare_BOM-BLR_AI_2026-10-13_T+30_1789268425655_9wao,BOM-BLR,EaseMyTrip,AI,AI-2739,2026-10-13,T+30,8889,1951,10840,2026-09-13T02:40:18.802Z,FALSE,"",09:00,FALSE
fare_BOM-BLR_AI_2026-10-13_T+30_1789268425655_ys9c,BOM-BLR,EaseMyTrip,AI,AI-2827,2026-10-13,T+30,8889,1951,10840,2026-09-13T02:40:18.802Z,FALSE,"",20:30,FALSE
fare_BOM-BLR_AI_2026-10-13_T+30_1789268425655_j20f,BOM-BLR,EaseMyTrip,AI,AI-2619,2026-10-13,T+30,8936,1961,10897,2026-09-13T02:40:18.802Z,FALSE,"",18:00,FALSE
fare_BOM-BLR_AI_2026-10-13_T+30_1789268425655_70eh,BOM-BLR,EaseMyTrip,AI,AI-2821,2026-10-13,T+30,8936,1962,10898,2026-09-13T02:40:18.802Z,FALSE,"",06:40,FALSE
fare_BOM-BLR_AI_2026-10-13_T+30_1789268425655_4ycj,BOM-BLR,EaseMyTrip,AI,AI-2625,2026-10-13,T+30,9022,1980,11002,2026-09-13T02:40:18.802Z,FALSE,"",06:00,FALSE
fare_BOM-BLR_AI_2026-10-13_T+30_1789268425655_kj2e,BOM-BLR,EaseMyTrip,AI,AI-2780,2026-10-13,T+30,9086,1995,11081,2026-09-13T02:40:18.802Z,FALSE,"",14:00,FALSE
fare_BOM-BLR_AI_2026-10-13_T+30_1789268425655_6zeh,BOM-BLR,EaseMyTrip,AI,AI-2477,2026-10-13,T+30,9543,2095,11638,2026-09-13T02:40:18.802Z,FALSE,"",13:05,FALSE
fare_BOM-BLR_AI_2026-10-13_T+30_1789268425655_2xmn,BOM-BLR,EaseMyTrip,AI,AI-2787,2026-10-13,T+30,10012,2198,12210,2026-09-13T02:40:18.802Z,FALSE,"",06:35,FALSE
fare_BOM-BLR_AI_2026-10-13_T+30_1789268425655_qu2c,BOM-BLR,EaseMyTrip,AI,AI-2841,2026-10-13,T+30,10066,2210,12276,2026-09-13T02:40:18.802Z,FALSE,"",11:20,FALSE
fare_BOM-BLR_AI_2026-10-13_T+30_1789268425655_mppw,BOM-BLR,EaseMyTrip,AI,AI-2855,2026-10-13,T+30,10169,2232,12401,2026-09-13T02:40:18.802Z,FALSE,"",10:00,FALSE
fare_BOM-BLR_AI_2026-10-13_T+30_1789268425655_ncjg,BOM-BLR,EaseMyTrip,AI,AI-2944,2026-10-13,T+30,13760,3021,16781,2026-09-13T02:40:18.802Z,FALSE,"",14:35,FALSE
fare_BOM-BLR_AI_2026-10-13_T+30_1789268425655_7ey9,BOM-BLR,EaseMyTrip,AI,AI-2419,2026-10-13,T+30,13760,3021,16781,2026-09-13T02:40:18.802Z,FALSE,"",12:00,FALSE
fare_BOM-BLR_AI_2026-10-13_T+30_1789268425655_3z39,BOM-BLR,EaseMyTrip,AI,AI-9487,2026-10-13,T+30,13901,3052,16953,2026-09-13T02:40:18.802Z,FALSE,"",14:45,FALSE
fare_BOM-BLR_AI_2026-10-13_T+30_1789268425655_igfo,BOM-BLR,EaseMyTrip,AI,AI-2677,2026-10-13,T+30,14007,3075,17082,2026-09-13T02:40:18.802Z,FALSE,"",13:00,FALSE
fare_BOM-BLR_AI_2026-10-13_T+30_1789268425655_53ta,BOM-BLR,EaseMyTrip,AI,AI-1851,2026-10-13,T+30,14007,3075,17082,2026-09-13T02:40:18.802Z,FALSE,"",15:30,FALSE
fare_BOM-BLR_AI_2026-10-13_T+30_1789268425655_eahy,BOM-BLR,EaseMyTrip,AI,AI-2930,2026-10-13,T+30,14309,3141,17450,2026-09-13T02:40:18.802Z,TRUE,"High outlier: ₹17450 > upper fence ₹17136 (Q3: ₹10032, IQR: ₹4736)",07:30,FALSE
fare_BOM-BLR_AI_2026-10-13_T+30_1789268425655_gjst,BOM-BLR,EaseMyTrip,AI,AI-2928,2026-10-13,T+30,14457,3173,17630,2026-09-13T02:40:18.802Z,TRUE,"High outlier: ₹17630 > upper fence ₹17136 (Q3: ₹10032, IQR: ₹4736)",06:30,FALSE
fare_BOM-BLR_AI_2026-10-13_T+30_1789268425655_b85l,BOM-BLR,EaseMyTrip,AI,AI-2424,2026-10-13,T+30,14506,3184,17690,2026-09-13T02:40:18.802Z,TRUE,"High outlier: ₹17690 > upper fence ₹17136 (Q3: ₹10032, IQR: ₹4736)",07:00,FALSE
fare_BOM-BLR_AI_2026-10-13_T+30_1789268425655_f8c7,BOM-BLR,EaseMyTrip,AI,AI-2952,2026-10-13,T+30,14557,3196,17753,2026-09-13T02:40:18.802Z,TRUE,"High outlier: ₹17753 > upper fence ₹17136 (Q3: ₹10032, IQR: ₹4736)",11:25,FALSE
fare_BOM-BLR_AI_2026-10-13_T+30_1789268425655_7ldf,BOM-BLR,EaseMyTrip,AI,AI-2432,2026-10-13,T+30,14977,3288,18265,2026-09-13T02:40:18.802Z,TRUE,"High outlier: ₹18265 > upper fence ₹17136 (Q3: ₹10032, IQR: ₹4736)",09:30,FALSE
fare_BOM-BLR_AI_2026-10-13_T+30_1789268425655_2cy1,BOM-BLR,EaseMyTrip,AI,AI-2741,2026-10-13,T+30,16202,3557,19759,2026-09-13T02:40:18.802Z,TRUE,"High outlier: ₹19759 > upper fence ₹17136 (Q3: ₹10032, IQR: ₹4736)",07:40,FALSE
fare_BOM-BLR_AI_2026-10-13_T+30_1789268425655_a7lx,BOM-BLR,EaseMyTrip,AI,AI-2663,2026-10-13,T+30,17973,3945,21918,2026-09-13T02:40:18.802Z,TRUE,"High outlier: ₹21918 > upper fence ₹17136 (Q3: ₹10032, IQR: ₹4736)",10:25,FALSE
fare_BOM-BLR_AI_2026-10-13_T+30_1789268425655_3d19,BOM-BLR,EaseMyTrip,AI,AI-2422,2026-10-13,T+30,19062,4184,23246,2026-09-13T02:40:18.802Z,TRUE,"High outlier: ₹23246 > upper fence ₹17136 (Q3: ₹10032, IQR: ₹4736)",01:00,FALSE
fare_BOM-BLR_AI_2026-10-13_T+30_1789268425655_wzlf,BOM-BLR,EaseMyTrip,AI,AI-2471,2026-10-13,T+30,22684,4980,27664,2026-09-13T02:40:18.802Z,TRUE,"High outlier: ₹27664 > upper fence ₹17136 (Q3: ₹10032, IQR: ₹4736)",11:30,FALSE
fare_BOM-BLR_AI_2026-10-13_T+30_1789268425655_07ed,BOM-BLR,EaseMyTrip,AI,AI-2771,2026-10-13,T+30,25260,5545,30805,2026-09-13T02:40:18.802Z,TRUE,"High outlier: ₹30805 > upper fence ₹17136 (Q3: ₹10032, IQR: ₹4736)",06:55,FALSE
fare_BOM-BLR_QP_2026-10-28_T+45_1789268425655_7k7o,BOM-BLR,EaseMyTrip,QP,QP-2001,2026-10-28,T+45,3985,875,4860,2026-09-13T02:40:25.194Z,FALSE,"",06:00,TRUE
fare_BOM-BLR_QP_2026-10-28_T+45_1789268425655_68to,BOM-BLR,EaseMyTrip,QP,QP-2003,2026-10-28,T+45,3985,875,4860,2026-09-13T02:40:25.194Z,FALSE,"",17:30,TRUE
fare_BOM-BLR_QP_2026-10-28_T+45_1789268425655_u3vh,BOM-BLR,EaseMyTrip,QP,QP-1985,2026-10-28,T+45,4141,909,5050,2026-09-13T02:40:25.194Z,FALSE,"",23:15,TRUE
fare_BOM-BLR_SG_2026-10-28_T+45_1789268425655_m0jl,BOM-BLR,EaseMyTrip,SG,SG-154,2026-10-28,T+45,4435,973,5408,2026-09-13T02:40:25.194Z,FALSE,"",23:15,TRUE
fare_BOM-BLR_SG_2026-10-28_T+45_1789268425655_8mmt,BOM-BLR,EaseMyTrip,SG,SG-584,2026-10-28,T+45,4435,973,5408,2026-09-13T02:40:25.194Z,FALSE,"",23:15,TRUE
fare_BOM-BLR_IX_2026-10-28_T+45_1789268425655_bsyf,BOM-BLR,EaseMyTrip,IX,IX-1361,2026-10-28,T+45,4476,983,5459,2026-09-13T02:40:25.194Z,FALSE,"",16:55,FALSE
fare_BOM-BLR_SG_2026-10-28_T+45_1789268425655_ofug,BOM-BLR,EaseMyTrip,SG,SG-441,2026-10-28,T+45,4691,1030,5721,2026-09-13T02:40:25.194Z,FALSE,"",05:45,TRUE
fare_BOM-BLR_SG_2026-10-28_T+45_1789268425655_cu0e,BOM-BLR,EaseMyTrip,SG,SG-527,2026-10-28,T+45,4691,1030,5721,2026-09-13T02:40:25.194Z,FALSE,"",05:45,TRUE
fare_BOM-BLR_SG_2026-10-28_T+45_1789268425655_wmgs,BOM-BLR,EaseMyTrip,SG,SG-862,2026-10-28,T+45,4691,1030,5721,2026-09-13T02:40:25.194Z,FALSE,"",18:20,TRUE
fare_BOM-BLR_SG_2026-10-28_T+45_1789268425655_9zxw,BOM-BLR,EaseMyTrip,SG,SG-870,2026-10-28,T+45,4691,1030,5721,2026-09-13T02:40:25.194Z,FALSE,"",18:20,TRUE
fare_BOM-BLR_QP_2026-10-28_T+45_1789268425655_spbu,BOM-BLR,EaseMyTrip,QP,QP-1336,2026-10-28,T+45,4652,1021,5673,2026-09-13T02:40:25.194Z,FALSE,"",22:45,TRUE
fare_BOM-BLR_IX_2026-10-28_T+45_1789268425655_twzj,BOM-BLR,EaseMyTrip,IX,IX-1347,2026-10-28,T+45,4943,1085,6028,2026-09-13T02:40:25.194Z,FALSE,"",17:30,TRUE
fare_BOM-BLR_IX_2026-10-28_T+45_1789268425655_e023,BOM-BLR,EaseMyTrip,IX,IX-1549,2026-10-28,T+45,5308,1165,6473,2026-09-13T02:40:25.194Z,FALSE,"",14:25,TRUE
fare_BOM-BLR_QP_2026-10-28_T+45_1789268425655_1f5z,BOM-BLR,EaseMyTrip,QP,QP-1133,2026-10-28,T+45,5448,1196,6644,2026-09-13T02:40:25.194Z,FALSE,"",18:50,TRUE
fare_BOM-BLR_6E_2026-10-28_T+45_1789268425655_9n05,BOM-BLR,EaseMyTrip,6E,6E-6361,2026-10-28,T+45,5505,1209,6714,2026-09-13T02:40:25.194Z,FALSE,"",04:30,FALSE
fare_BOM-BLR_IX_2026-10-28_T+45_1789268425655_0m8h,BOM-BLR,EaseMyTrip,IX,IX-1640,2026-10-28,T+45,5717,1255,6972,2026-09-13T02:40:25.194Z,FALSE,"",08:25,TRUE
fare_BOM-BLR_6E_2026-10-28_T+45_1789268425655_yjo7,BOM-BLR,EaseMyTrip,6E,6E-6064,2026-10-28,T+45,5583,1225,6808,2026-09-13T02:40:25.194Z,FALSE,"",17:20,FALSE
fare_BOM-BLR_6E_2026-10-28_T+45_1789268425655_lqfz,BOM-BLR,EaseMyTrip,6E,6E-5011,2026-10-28,T+45,5583,1225,6808,2026-09-13T02:40:25.194Z,FALSE,"",13:55,FALSE
fare_BOM-BLR_6E_2026-10-28_T+45_1789268425655_duhg,BOM-BLR,EaseMyTrip,6E,6E-5177,2026-10-28,T+45,5660,1243,6903,2026-09-13T02:40:25.194Z,FALSE,"",11:15,FALSE
fare_BOM-BLR_6E_2026-10-28_T+45_1789268425655_xt2m,BOM-BLR,EaseMyTrip,6E,6E-2070,2026-10-28,T+45,5660,1243,6903,2026-09-13T02:40:25.194Z,FALSE,"",17:30,FALSE
fare_BOM-BLR_6E_2026-10-28_T+45_1789268425655_d6s7,BOM-BLR,EaseMyTrip,6E,6E-2085,2026-10-28,T+45,5718,1255,6973,2026-09-13T02:40:25.194Z,FALSE,"",22:15,TRUE
fare_BOM-BLR_6E_2026-10-28_T+45_1789268425655_bp8v,BOM-BLR,EaseMyTrip,6E,6E-166,2026-10-28,T+45,5718,1255,6973,2026-09-13T02:40:25.194Z,FALSE,"",09:35,TRUE
fare_BOM-BLR_6E_2026-10-28_T+45_1789268425655_61eg,BOM-BLR,EaseMyTrip,6E,6E-311,2026-10-28,T+45,5718,1255,6973,2026-09-13T02:40:25.194Z,FALSE,"",09:35,TRUE
fare_BOM-BLR_6E_2026-10-28_T+45_1789268425655_r4uz,BOM-BLR,EaseMyTrip,6E,6E-434,2026-10-28,T+45,5939,1304,7243,2026-09-13T02:40:25.194Z,FALSE,"",11:35,FALSE
fare_BOM-BLR_6E_2026-10-28_T+45_1789268425655_ia8w,BOM-BLR,EaseMyTrip,6E,6E-628,2026-10-28,T+45,5939,1304,7243,2026-09-13T02:40:25.194Z,FALSE,"",11:35,FALSE
fare_BOM-BLR_6E_2026-10-28_T+45_1789268425655_yxq5,BOM-BLR,EaseMyTrip,6E,6E-6674,2026-10-28,T+45,6047,1327,7374,2026-09-13T02:40:25.194Z,FALSE,"",09:10,FALSE
fare_BOM-BLR_6E_2026-10-28_T+45_1789268425655_gf2p,BOM-BLR,EaseMyTrip,6E,6E-6549,2026-10-28,T+45,6047,1327,7374,2026-09-13T02:40:25.194Z,FALSE,"",19:05,FALSE
fare_BOM-BLR_6E_2026-10-28_T+45_1789268425655_nmh1,BOM-BLR,EaseMyTrip,6E,6E-968,2026-10-28,T+45,6047,1327,7374,2026-09-13T02:40:25.194Z,FALSE,"",15:10,FALSE
fare_BOM-BLR_6E_2026-10-28_T+45_1789268425655_67br,BOM-BLR,EaseMyTrip,6E,6E-660,2026-10-28,T+45,6047,1327,7374,2026-09-13T02:40:25.194Z,FALSE,"",15:10,FALSE
fare_BOM-BLR_6E_2026-10-28_T+45_1789268425655_u8bv,BOM-BLR,EaseMyTrip,6E,6E-6365,2026-10-28,T+45,6047,1327,7374,2026-09-13T02:40:25.194Z,FALSE,"",12:00,FALSE
fare_BOM-BLR_6E_2026-10-28_T+45_1789268425655_wnfy,BOM-BLR,EaseMyTrip,6E,6E-6362,2026-10-28,T+45,6047,1327,7374,2026-09-13T02:40:25.194Z,FALSE,"",05:30,FALSE
fare_BOM-BLR_6E_2026-10-28_T+45_1789268425655_cbzk,BOM-BLR,EaseMyTrip,6E,6E-5228,2026-10-28,T+45,6047,1327,7374,2026-09-13T02:40:25.194Z,FALSE,"",16:40,FALSE
fare_BOM-BLR_6E_2026-10-28_T+45_1789268425655_vggn,BOM-BLR,EaseMyTrip,6E,6E-5386,2026-10-28,T+45,6047,1327,7374,2026-09-13T02:40:25.194Z,FALSE,"",15:05,FALSE
fare_BOM-BLR_6E_2026-10-28_T+45_1789268425655_fcas,BOM-BLR,EaseMyTrip,6E,6E-5318,2026-10-28,T+45,6047,1327,7374,2026-09-13T02:40:25.194Z,FALSE,"",10:15,FALSE
fare_BOM-BLR_6E_2026-10-28_T+45_1789268425655_in5t,BOM-BLR,EaseMyTrip,6E,6E-5179,2026-10-28,T+45,6047,1327,7374,2026-09-13T02:40:25.194Z,FALSE,"",02:35,FALSE
fare_BOM-BLR_6E_2026-10-28_T+45_1789268425655_03yg,BOM-BLR,EaseMyTrip,6E,6E-5323,2026-10-28,T+45,6049,1328,7377,2026-09-13T02:40:25.194Z,FALSE,"",00:45,TRUE
fare_BOM-BLR_6E_2026-10-28_T+45_1789268425655_sdyj,BOM-BLR,EaseMyTrip,6E,6E-5221,2026-10-28,T+45,6049,1328,7377,2026-09-13T02:40:25.194Z,FALSE,"",17:45,TRUE
fare_BOM-BLR_6E_2026-10-28_T+45_1789268425655_32qb,BOM-BLR,EaseMyTrip,6E,6E-5257,2026-10-28,T+45,6049,1328,7377,2026-09-13T02:40:25.194Z,FALSE,"",12:30,TRUE
fare_BOM-BLR_IX_2026-10-28_T+45_1789268425655_butl,BOM-BLR,EaseMyTrip,IX,IX-1051,2026-10-28,T+45,6341,1392,7733,2026-09-13T02:40:25.194Z,FALSE,"",20:35,FALSE
fare_BOM-BLR_QP_2026-10-28_T+45_1789268425655_0zx0,BOM-BLR,EaseMyTrip,QP,QP-1332,2026-10-28,T+45,6146,1349,7495,2026-09-13T02:40:25.194Z,FALSE,"",08:40,TRUE
fare_BOM-BLR_6E_2026-10-28_T+45_1789268425655_23ye,BOM-BLR,EaseMyTrip,6E,6E-5158,2026-10-28,T+45,6154,1351,7505,2026-09-13T02:40:25.194Z,FALSE,"",12:45,FALSE
fare_BOM-BLR_6E_2026-10-28_T+45_1789268425655_fhex,BOM-BLR,EaseMyTrip,6E,6E-5147,2026-10-28,T+45,6154,1351,7505,2026-09-13T02:40:25.194Z,FALSE,"",18:40,FALSE
fare_BOM-BLR_AI_2026-10-28_T+45_1789268425655_wmdj,BOM-BLR,EaseMyTrip,AI,AI-2812,2026-10-28,T+45,6343,1392,7735,2026-09-13T02:40:25.194Z,FALSE,"",02:05,TRUE
fare_BOM-BLR_AI_2026-10-28_T+45_1789268425655_diao,BOM-BLR,EaseMyTrip,AI,AI-2632,2026-10-28,T+45,6343,1392,7735,2026-09-13T02:40:25.194Z,FALSE,"",12:00,TRUE
fare_BOM-BLR_AI_2026-10-28_T+45_1789268425655_btsg,BOM-BLR,EaseMyTrip,AI,AI-2853,2026-10-28,T+45,6343,1392,7735,2026-09-13T02:40:25.194Z,FALSE,"",15:35,TRUE
fare_BOM-BLR_6E_2026-10-28_T+45_1789268425655_godl,BOM-BLR,EaseMyTrip,6E,6E-7041,2026-10-28,T+45,6203,1362,7565,2026-09-13T02:40:25.194Z,FALSE,"",06:55,FALSE
fare_BOM-BLR_6E_2026-10-28_T+45_1789268425655_0gn4,BOM-BLR,EaseMyTrip,6E,6E-5196,2026-10-28,T+45,6219,1365,7584,2026-09-13T02:40:25.194Z,FALSE,"",16:30,FALSE
fare_BOM-BLR_6E_2026-10-28_T+45_1789268425655_a2hm,BOM-BLR,EaseMyTrip,6E,6E-5188,2026-10-28,T+45,6219,1365,7584,2026-09-13T02:40:25.194Z,FALSE,"",07:05,FALSE
fare_BOM-BLR_6E_2026-10-28_T+45_1789268425655_n0rs,BOM-BLR,EaseMyTrip,6E,6E-5085,2026-10-28,T+45,6219,1365,7584,2026-09-13T02:40:25.194Z,FALSE,"",13:00,FALSE
fare_BOM-BLR_6E_2026-10-28_T+45_1789268425655_cxwp,BOM-BLR,EaseMyTrip,6E,6E-6280,2026-10-28,T+45,6219,1365,7584,2026-09-13T02:40:25.194Z,FALSE,"",05:30,FALSE
fare_BOM-BLR_6E_2026-10-28_T+45_1789268425655_ti4f,BOM-BLR,EaseMyTrip,6E,6E-477,2026-10-28,T+45,6219,1365,7584,2026-09-13T02:40:25.194Z,FALSE,"",19:15,FALSE
fare_BOM-BLR_6E_2026-10-28_T+45_1789268425655_cfo8,BOM-BLR,EaseMyTrip,6E,6E-412,2026-10-28,T+45,6219,1365,7584,2026-09-13T02:40:25.194Z,FALSE,"",19:15,FALSE
fare_BOM-BLR_6E_2026-10-28_T+45_1789268425655_ddg5,BOM-BLR,EaseMyTrip,6E,6E-969,2026-10-28,T+45,6219,1365,7584,2026-09-13T02:40:25.194Z,FALSE,"",05:00,FALSE
fare_BOM-BLR_6E_2026-10-28_T+45_1789268425655_a3bw,BOM-BLR,EaseMyTrip,6E,6E-315,2026-10-28,T+45,6219,1365,7584,2026-09-13T02:40:25.194Z,FALSE,"",05:00,FALSE
fare_BOM-BLR_6E_2026-10-28_T+45_1789268425655_1kl6,BOM-BLR,EaseMyTrip,6E,6E-5337,2026-10-28,T+45,6219,1365,7584,2026-09-13T02:40:25.194Z,FALSE,"",14:30,FALSE
fare_BOM-BLR_6E_2026-10-28_T+45_1789268425655_k1xl,BOM-BLR,EaseMyTrip,6E,6E-5183,2026-10-28,T+45,6219,1365,7584,2026-09-13T02:40:25.194Z,FALSE,"",15:45,FALSE
fare_BOM-BLR_6E_2026-10-28_T+45_1789268425655_3fq2,BOM-BLR,EaseMyTrip,6E,6E-6701,2026-10-28,T+45,6219,1365,7584,2026-09-13T02:40:25.194Z,FALSE,"",12:30,FALSE
fare_BOM-BLR_6E_2026-10-28_T+45_1789268425655_mj0d,BOM-BLR,EaseMyTrip,6E,6E-2049,2026-10-28,T+45,6219,1365,7584,2026-09-13T02:40:25.194Z,FALSE,"",07:10,FALSE
fare_BOM-BLR_AI_2026-10-28_T+45_1789268425655_837r,BOM-BLR,EaseMyTrip,AI,AI-2621,2026-10-28,T+45,6422,1410,7832,2026-09-13T02:40:25.194Z,FALSE,"",13:45,TRUE
fare_BOM-BLR_AI_2026-10-28_T+45_1789268425656_xac6,BOM-BLR,EaseMyTrip,AI,AI-2484,2026-10-28,T+45,6422,1410,7832,2026-09-13T02:40:25.194Z,FALSE,"",18:00,TRUE
fare_BOM-BLR_6E_2026-10-28_T+45_1789268425656_n8jw,BOM-BLR,EaseMyTrip,6E,6E-5388,2026-10-28,T+45,6307,1385,7692,2026-09-13T02:40:25.194Z,FALSE,"",22:55,TRUE
fare_BOM-BLR_6E_2026-10-28_T+45_1789268425656_8hts,BOM-BLR,EaseMyTrip,6E,6E-5083,2026-10-28,T+45,6307,1385,7692,2026-09-13T02:40:25.194Z,FALSE,"",21:45,TRUE
fare_BOM-BLR_6E_2026-10-28_T+45_1789268425656_ykcm,BOM-BLR,EaseMyTrip,6E,6E-5032,2026-10-28,T+45,6307,1385,7692,2026-09-13T02:40:25.194Z,FALSE,"",20:15,TRUE
fare_BOM-BLR_6E_2026-10-28_T+45_1789268425656_c36d,BOM-BLR,EaseMyTrip,6E,6E-5382,2026-10-28,T+45,6307,1385,7692,2026-09-13T02:40:25.194Z,FALSE,"",15:00,TRUE
fare_BOM-BLR_6E_2026-10-28_T+45_1789268425656_ip65,BOM-BLR,EaseMyTrip,6E,6E-5047,2026-10-28,T+45,6307,1385,7692,2026-09-13T02:40:25.194Z,FALSE,"",19:00,TRUE
fare_BOM-BLR_6E_2026-10-28_T+45_1789268425656_2w06,BOM-BLR,EaseMyTrip,6E,6E-5217,2026-10-28,T+45,6307,1385,7692,2026-09-13T02:40:25.194Z,FALSE,"",11:05,TRUE
fare_BOM-BLR_6E_2026-10-28_T+45_1789268425656_916q,BOM-BLR,EaseMyTrip,6E,6E-5092,2026-10-28,T+45,6307,1385,7692,2026-09-13T02:40:25.194Z,FALSE,"",09:40,TRUE
fare_BOM-BLR_6E_2026-10-28_T+45_1789268425656_lsbk,BOM-BLR,EaseMyTrip,6E,6E-5296,2026-10-28,T+45,6307,1385,7692,2026-09-13T02:40:25.194Z,FALSE,"",06:00,TRUE
fare_BOM-BLR_6E_2026-10-28_T+45_1789268425656_4zlp,BOM-BLR,EaseMyTrip,6E,6E-6335,2026-10-28,T+45,6307,1385,7692,2026-09-13T02:40:25.194Z,FALSE,"",04:30,TRUE
fare_BOM-BLR_6E_2026-10-28_T+45_1789268425656_4w2l,BOM-BLR,EaseMyTrip,6E,6E-6284,2026-10-28,T+45,6307,1385,7692,2026-09-13T02:40:25.194Z,FALSE,"",02:15,TRUE
fare_BOM-BLR_6E_2026-10-28_T+45_1789268425656_bu4d,BOM-BLR,EaseMyTrip,6E,6E-635,2026-10-28,T+45,6326,1389,7715,2026-09-13T02:40:25.194Z,FALSE,"",07:20,FALSE
fare_BOM-BLR_6E_2026-10-28_T+45_1789268425656_ifaw,BOM-BLR,EaseMyTrip,6E,6E-225,2026-10-28,T+45,6326,1389,7715,2026-09-13T02:40:25.194Z,FALSE,"",07:20,FALSE
fare_BOM-BLR_IX_2026-10-28_T+45_1789268425656_jl3c,BOM-BLR,EaseMyTrip,IX,IX-1519,2026-10-28,T+45,6697,1470,8167,2026-09-13T02:40:25.194Z,FALSE,"",11:45,FALSE
fare_BOM-BLR_IX_2026-10-28_T+45_1789268425656_g9f4,BOM-BLR,EaseMyTrip,IX,IX-2201,2026-10-28,T+45,6697,1470,8167,2026-09-13T02:40:25.194Z,FALSE,"",05:15,FALSE
fare_BOM-BLR_IX_2026-10-28_T+45_1789268425656_we6v,BOM-BLR,EaseMyTrip,IX,IX-1218,2026-10-28,T+45,6697,1470,8167,2026-09-13T02:40:25.194Z,FALSE,"",20:25,FALSE
fare_BOM-BLR_AI_2026-10-28_T+45_1789268425656_8268,BOM-BLR,EaseMyTrip,AI,AI-2849,2026-10-28,T+45,6558,1439,7997,2026-09-13T02:40:25.194Z,FALSE,"",17:30,TRUE
fare_BOM-BLR_6E_2026-10-28_T+45_1789268425656_c0ul,BOM-BLR,EaseMyTrip,6E,6E-5246,2026-10-28,T+45,6491,1425,7916,2026-09-13T02:40:25.194Z,FALSE,"",07:20,FALSE
fare_BOM-BLR_AI_2026-10-28_T+45_1789268425656_6xtq,BOM-BLR,EaseMyTrip,AI,AI-2641,2026-10-28,T+45,6665,1463,8128,2026-09-13T02:40:25.194Z,FALSE,"",19:15,TRUE
fare_BOM-BLR_AI_2026-10-28_T+45_1789268425656_64sg,BOM-BLR,EaseMyTrip,AI,AI-2623,2026-10-28,T+45,6791,1491,8282,2026-09-13T02:40:25.194Z,FALSE,"",11:00,TRUE
fare_BOM-BLR_6E_2026-10-28_T+45_1789268425656_x091,BOM-BLR,EaseMyTrip,6E,6E-5204,2026-10-28,T+45,6663,1463,8126,2026-09-13T02:40:25.194Z,FALSE,"",08:30,FALSE
fare_BOM-BLR_AI_2026-10-28_T+45_1789268425656_43kx,BOM-BLR,EaseMyTrip,AI,AI-2863,2026-10-28,T+45,6917,1518,8435,2026-09-13T02:40:25.194Z,FALSE,"",10:00,TRUE
fare_BOM-BLR_AI_2026-10-28_T+45_1789268425656_9lxr,BOM-BLR,EaseMyTrip,AI,AI-2401,2026-10-28,T+45,6973,1531,8504,2026-09-13T02:40:25.194Z,FALSE,"",20:45,TRUE
fare_BOM-BLR_6E_2026-10-28_T+45_1789268425656_hssm,BOM-BLR,EaseMyTrip,6E,6E-5071,2026-10-28,T+45,6996,1536,8532,2026-09-13T02:40:25.194Z,FALSE,"",16:20,TRUE
fare_BOM-BLR_QP_2026-10-28_T+45_1789268425656_ggut,BOM-BLR,EaseMyTrip,QP,QP-1129,2026-10-28,T+45,7237,1588,8825,2026-09-13T02:40:25.194Z,FALSE,"",08:50,TRUE
fare_BOM-BLR_AI_2026-10-28_T+45_1789268425656_kcyk,BOM-BLR,EaseMyTrip,AI,AI-2851,2026-10-28,T+45,7419,1629,9048,2026-09-13T02:40:25.194Z,FALSE,"",07:55,TRUE
fare_BOM-BLR_AI_2026-10-28_T+45_1789268425656_20w7,BOM-BLR,EaseMyTrip,AI,AI-2617,2026-10-28,T+45,8204,1801,10005,2026-09-13T02:40:25.194Z,FALSE,"",11:35,FALSE
fare_BOM-BLR_6E_2026-10-28_T+45_1789268425656_cll8,BOM-BLR,EaseMyTrip,6E,6E-5059,2026-10-28,T+45,8256,1812,10068,2026-09-13T02:40:25.194Z,FALSE,"",16:45,FALSE
fare_BOM-BLR_6E_2026-10-28_T+45_1789268425656_2yto,BOM-BLR,EaseMyTrip,6E,6E-6352,2026-10-28,T+45,8256,1812,10068,2026-09-13T02:40:25.194Z,FALSE,"",15:40,FALSE
fare_BOM-BLR_AI_2026-10-28_T+45_1789268425656_swya,BOM-BLR,EaseMyTrip,AI,AI-603,2026-10-28,T+45,8674,1904,10578,2026-09-13T02:40:25.194Z,FALSE,"",05:10,FALSE
fare_BOM-BLR_AI_2026-10-28_T+45_1789268425656_el3f,BOM-BLR,EaseMyTrip,AI,AI-639,2026-10-28,T+45,8747,1920,10667,2026-09-13T02:40:25.194Z,FALSE,"",21:50,FALSE
fare_BOM-BLR_AI_2026-10-28_T+45_1789268425656_p55w,BOM-BLR,EaseMyTrip,AI,AI-2869,2026-10-28,T+45,8836,1939,10775,2026-09-13T02:40:25.194Z,FALSE,"",21:30,FALSE
fare_BOM-BLR_AI_2026-10-28_T+45_1789268425656_d534,BOM-BLR,EaseMyTrip,AI,AI-2739,2026-10-28,T+45,8889,1951,10840,2026-09-13T02:40:25.194Z,FALSE,"",08:00,FALSE
fare_BOM-BLR_IX_2026-10-28_T+45_1789268425656_b4v6,BOM-BLR,EaseMyTrip,IX,IX-1213,2026-10-28,T+45,9050,1986,11036,2026-09-13T02:40:25.194Z,FALSE,"",06:35,FALSE
fare_BOM-BLR_IX_2026-10-28_T+45_1789268425656_flo2,BOM-BLR,EaseMyTrip,IX,IX-2205,2026-10-28,T+45,9100,1998,11098,2026-09-13T02:40:25.194Z,FALSE,"",19:35,FALSE
fare_BOM-BLR_6E_2026-10-28_T+45_1789268425656_7rjq,BOM-BLR,EaseMyTrip,6E,6E-5313,2026-10-28,T+45,8887,1951,10838,2026-09-13T02:40:25.194Z,FALSE,"",10:55,FALSE
fare_BOM-BLR_AI_2026-10-28_T+45_1789268425656_fuwr,BOM-BLR,EaseMyTrip,AI,AI-2780,2026-10-28,T+45,9086,1995,11081,2026-09-13T02:40:25.194Z,FALSE,"",13:05,FALSE
fare_BOM-BLR_AI_2026-10-28_T+45_1789268425656_puyc,BOM-BLR,EaseMyTrip,AI,AI-435,2026-10-28,T+45,9239,2028,11267,2026-09-13T02:40:25.194Z,FALSE,"",18:10,FALSE
fare_BOM-BLR_AI_2026-10-28_T+45_1789268425656_084h,BOM-BLR,EaseMyTrip,AI,AI-2821,2026-10-28,T+45,9290,2039,11329,2026-09-13T02:40:25.194Z,FALSE,"",06:40,FALSE
fare_BOM-BLR_6E_2026-10-28_T+45_1789268425656_g5qn,BOM-BLR,EaseMyTrip,6E,6E-5193,2026-10-28,T+45,9321,2046,11367,2026-09-13T02:40:25.194Z,FALSE,"",07:25,TRUE
fare_BOM-BLR_AI_2026-10-28_T+45_1789268425656_vd4h,BOM-BLR,EaseMyTrip,AI,AI-2875,2026-10-28,T+45,9537,2094,11631,2026-09-13T02:40:25.194Z,FALSE,"",19:10,FALSE
fare_BOM-BLR_IX_2026-10-28_T+45_1789268425656_i1wb,BOM-BLR,EaseMyTrip,IX,IX-1283,2026-10-28,T+45,10694,2348,13042,2026-09-13T02:40:25.194Z,FALSE,"",06:05,FALSE
fare_BOM-BLR_AI_2026-10-28_T+45_1789268425656_mlop,BOM-BLR,EaseMyTrip,AI,AI-2603,2026-10-28,T+45,10735,2357,13092,2026-09-13T02:40:25.194Z,FALSE,"",06:35,TRUE
fare_BOM-BLR_AI_2026-10-28_T+45_1789268425656_44hn,BOM-BLR,EaseMyTrip,AI,AI-2679,2026-10-28,T+45,10743,2358,13101,2026-09-13T02:40:25.194Z,FALSE,"",09:55,FALSE
fare_BOM-BLR_AI_2026-10-28_T+45_1789268425656_ap86,BOM-BLR,EaseMyTrip,AI,AI-2745,2026-10-28,T+45,11194,2457,13651,2026-09-13T02:40:25.194Z,FALSE,"",15:25,FALSE
fare_BOM-BLR_AI_2026-10-28_T+45_1789268425656_rlrj,BOM-BLR,EaseMyTrip,AI,AI-2749,2026-10-28,T+45,11713,2571,14284,2026-09-13T02:40:25.194Z,TRUE,"High outlier: ₹14284 > upper fence ₹14032 (Q3: ₹10037, IQR: ₹2663)",17:35,FALSE
fare_BOM-BLR_AI_2026-10-28_T+45_1789268425656_9lyh,BOM-BLR,EaseMyTrip,AI,AI-2605,2026-10-28,T+45,12305,2701,15006,2026-09-13T02:40:25.194Z,TRUE,"High outlier: ₹15006 > upper fence ₹14032 (Q3: ₹10037, IQR: ₹2663)",06:30,FALSE
fare_BOM-BLR_AI_2026-10-28_T+45_1789268425656_f6yt,BOM-BLR,EaseMyTrip,AI,AI-2659,2026-10-28,T+45,12808,2811,15619,2026-09-13T02:40:25.194Z,TRUE,"High outlier: ₹15619 > upper fence ₹14032 (Q3: ₹10037, IQR: ₹2663)",14:35,FALSE
fare_BOM-BLR_AI_2026-10-28_T+45_1789268425656_zy0a,BOM-BLR,EaseMyTrip,AI,AI-2841,2026-10-28,T+45,13523,2968,16491,2026-09-13T02:40:25.194Z,TRUE,"High outlier: ₹16491 > upper fence ₹14032 (Q3: ₹10037, IQR: ₹2663)",11:30,FALSE
fare_BOM-BLR_AI_2026-10-28_T+45_1789268425656_xxvy,BOM-BLR,EaseMyTrip,AI,AI-816,2026-10-28,T+45,14408,3163,17571,2026-09-13T02:40:25.194Z,TRUE,"High outlier: ₹17571 > upper fence ₹14032 (Q3: ₹10037, IQR: ₹2663)",21:00,FALSE
fare_BOM-BLR_AI_2026-10-28_T+45_1789268425656_dqiq,BOM-BLR,EaseMyTrip,AI,AI-2531,2026-10-28,T+45,15364,3372,18736,2026-09-13T02:40:25.194Z,TRUE,"High outlier: ₹18736 > upper fence ₹14032 (Q3: ₹10037, IQR: ₹2663)",15:05,FALSE
fare_BOM-BLR_AI_2026-10-28_T+45_1789268425656_f87y,BOM-BLR,EaseMyTrip,AI,AI-2787,2026-10-28,T+45,15790,3466,19256,2026-09-13T02:40:25.194Z,TRUE,"High outlier: ₹19256 > upper fence ₹14032 (Q3: ₹10037, IQR: ₹2663)",06:35,FALSE
fare_BOM-BLR_AI_2026-10-28_T+45_1789268425656_84y9,BOM-BLR,EaseMyTrip,AI,AI-2789,2026-10-28,T+45,16117,3538,19655,2026-09-13T02:40:25.194Z,TRUE,"High outlier: ₹19655 > upper fence ₹14032 (Q3: ₹10037, IQR: ₹2663)",10:55,FALSE
fare_BOM-BLR_AI_2026-10-28_T+45_1789268425656_ppp0,BOM-BLR,EaseMyTrip,AI,AI-2741,2026-10-28,T+45,16461,3613,20074,2026-09-13T02:40:25.194Z,TRUE,"High outlier: ₹20074 > upper fence ₹14032 (Q3: ₹10037, IQR: ₹2663)",07:40,FALSE
fare_BOM-BLR_AI_2026-10-28_T+45_1789268425656_uqqu,BOM-BLR,EaseMyTrip,AI,AI-2639,2026-10-28,T+45,16867,3703,20570,2026-09-13T02:40:25.194Z,TRUE,"High outlier: ₹20570 > upper fence ₹14032 (Q3: ₹10037, IQR: ₹2663)",06:10,FALSE
fare_BOM-BLR_AI_2026-10-28_T+45_1789268425656_jg51,BOM-BLR,EaseMyTrip,AI,AI-2527,2026-10-28,T+45,18944,4159,23103,2026-09-13T02:40:25.194Z,TRUE,"High outlier: ₹23103 > upper fence ₹14032 (Q3: ₹10037, IQR: ₹2663)",17:00,FALSE
fare_BOM-BLR_6E_2026-09-20_T+7_1789268425656_y0ra,BOM-BLR,EaseMyTrip,6E,6E-5323,2026-09-20,T+7,4795,1053,5848,2026-09-13T02:40:06.968Z,FALSE,"",01:10,TRUE
fare_BOM-BLR_IX_2026-09-20_T+7_1789268425656_kdi4,BOM-BLR,EaseMyTrip,IX,IX-1347,2026-09-20,T+7,5717,1255,6972,2026-09-13T02:40:06.968Z,FALSE,"",06:00,TRUE
fare_BOM-BLR_AI_2026-09-20_T+7_1789268425656_y1ru,BOM-BLR,EaseMyTrip,AI,AI-2603,2026-09-20,T+7,5866,1288,7154,2026-09-13T02:40:06.968Z,FALSE,"",06:35,TRUE
fare_BOM-BLR_6E_2026-09-20_T+7_1789268425656_shbm,BOM-BLR,EaseMyTrip,6E,6E-2085,2026-09-20,T+7,5718,1255,6973,2026-09-13T02:40:06.968Z,FALSE,"",07:05,TRUE
fare_BOM-BLR_6E_2026-09-20_T+7_1789268425656_tysb,BOM-BLR,EaseMyTrip,6E,6E-5296,2026-09-20,T+7,5791,1271,7062,2026-09-13T02:40:06.968Z,FALSE,"",06:30,TRUE
fare_BOM-BLR_6E_2026-09-20_T+7_1789268425656_ii98,BOM-BLR,EaseMyTrip,6E,6E-5241,2026-09-20,T+7,5939,1304,7243,2026-09-13T02:40:06.968Z,FALSE,"",16:40,FALSE
fare_BOM-BLR_6E_2026-09-20_T+7_1789268425656_m2f0,BOM-BLR,EaseMyTrip,6E,6E-6361,2026-09-20,T+7,5939,1304,7243,2026-09-13T02:40:06.968Z,FALSE,"",05:00,FALSE
fare_BOM-BLR_6E_2026-09-20_T+7_1789268425656_jr8f,BOM-BLR,EaseMyTrip,6E,6E-5294,2026-09-20,T+7,6034,1324,7358,2026-09-13T02:40:06.968Z,FALSE,"",04:30,TRUE
fare_BOM-BLR_6E_2026-09-20_T+7_1789268425656_a1qm,BOM-BLR,EaseMyTrip,6E,6E-6029,2026-09-20,T+7,6166,1353,7519,2026-09-13T02:40:06.968Z,FALSE,"",11:25,TRUE
fare_BOM-BLR_6E_2026-09-20_T+7_1789268425656_kjie,BOM-BLR,EaseMyTrip,6E,6E-6701,2026-09-20,T+7,6219,1365,7584,2026-09-13T02:40:06.968Z,FALSE,"",05:35,FALSE
fare_BOM-BLR_6E_2026-09-20_T+7_1789268425656_lkn7,BOM-BLR,EaseMyTrip,6E,6E-125,2026-09-20,T+7,6219,1365,7584,2026-09-13T02:40:06.968Z,FALSE,"",17:10,FALSE
fare_BOM-BLR_6E_2026-09-20_T+7_1789268425656_7ww4,BOM-BLR,EaseMyTrip,6E,6E-955,2026-09-20,T+7,6219,1365,7584,2026-09-13T02:40:06.968Z,FALSE,"",17:10,FALSE
fare_BOM-BLR_6E_2026-09-20_T+7_1789268425656_sktp,BOM-BLR,EaseMyTrip,6E,6E-5188,2026-09-20,T+7,6219,1365,7584,2026-09-13T02:40:06.968Z,FALSE,"",06:15,FALSE
fare_BOM-BLR_6E_2026-09-20_T+7_1789268425656_cvzq,BOM-BLR,EaseMyTrip,6E,6E-2284,2026-09-20,T+7,6219,1365,7584,2026-09-13T02:40:06.968Z,FALSE,"",12:05,FALSE
fare_BOM-BLR_6E_2026-09-20_T+7_1789268425656_a48b,BOM-BLR,EaseMyTrip,6E,6E-5109,2026-09-20,T+7,6219,1365,7584,2026-09-13T02:40:06.968Z,FALSE,"",09:35,FALSE
fare_BOM-BLR_6E_2026-09-20_T+7_1789268425656_s87t,BOM-BLR,EaseMyTrip,6E,6E-2237,2026-09-20,T+7,6219,1365,7584,2026-09-13T02:40:06.968Z,FALSE,"",18:40,FALSE
fare_BOM-BLR_6E_2026-09-20_T+7_1789268425656_8g0i,BOM-BLR,EaseMyTrip,6E,6E-239,2026-09-20,T+7,6219,1365,7584,2026-09-13T02:40:06.968Z,FALSE,"",15:45,FALSE
fare_BOM-BLR_6E_2026-09-20_T+7_1789268425656_elq5,BOM-BLR,EaseMyTrip,6E,6E-809,2026-09-20,T+7,6219,1365,7584,2026-09-13T02:40:06.968Z,FALSE,"",15:45,FALSE
fare_BOM-BLR_AI_2026-09-20_T+7_1789268425656_dv2y,BOM-BLR,EaseMyTrip,AI,AI-2410,2026-09-20,T+7,6422,1410,7832,2026-09-13T02:40:06.968Z,FALSE,"",05:30,TRUE
fare_BOM-BLR_6E_2026-09-20_T+7_1789268425656_1gyu,BOM-BLR,EaseMyTrip,6E,6E-5178,2026-09-20,T+7,6491,1425,7916,2026-09-13T02:40:06.968Z,FALSE,"",11:45,FALSE
fare_BOM-BLR_6E_2026-09-20_T+7_1789268425656_1pie,BOM-BLR,EaseMyTrip,6E,6E-7037,2026-09-20,T+7,6533,1434,7967,2026-09-13T02:40:06.968Z,FALSE,"",11:05,FALSE
fare_BOM-BLR_6E_2026-09-20_T+7_1789268425656_dlgm,BOM-BLR,EaseMyTrip,6E,6E-5193,2026-09-20,T+7,6652,1460,8112,2026-09-13T02:40:06.968Z,FALSE,"",08:05,TRUE
fare_BOM-BLR_AI_2026-09-20_T+7_1789268425656_iwh6,BOM-BLR,EaseMyTrip,AI,AI-2812,2026-09-20,T+7,6865,1507,8372,2026-09-13T02:40:06.968Z,FALSE,"",02:05,TRUE
fare_BOM-BLR_6E_2026-09-20_T+7_1789268425656_ddel,BOM-BLR,EaseMyTrip,6E,6E-5181,2026-09-20,T+7,6771,1486,8257,2026-09-13T02:40:06.968Z,FALSE,"",10:25,FALSE
fare_BOM-BLR_6E_2026-09-20_T+7_1789268425656_ddk8,BOM-BLR,EaseMyTrip,6E,6E-889,2026-09-20,T+7,6869,1508,8377,2026-09-13T02:40:06.968Z,FALSE,"",13:55,FALSE
fare_BOM-BLR_6E_2026-09-20_T+7_1789268425656_rzyz,BOM-BLR,EaseMyTrip,6E,6E-383,2026-09-20,T+7,6869,1508,8377,2026-09-13T02:40:06.968Z,FALSE,"",13:55,FALSE
fare_BOM-BLR_6E_2026-09-20_T+7_1789268425656_4it9,BOM-BLR,EaseMyTrip,6E,6E-833,2026-09-20,T+7,6869,1508,8377,2026-09-13T02:40:06.968Z,FALSE,"",11:20,FALSE
fare_BOM-BLR_6E_2026-09-20_T+7_1789268425656_2h83,BOM-BLR,EaseMyTrip,6E,6E-350,2026-09-20,T+7,6869,1508,8377,2026-09-13T02:40:06.968Z,FALSE,"",11:20,FALSE
fare_BOM-BLR_QP_2026-09-20_T+7_1789268425656_wrp2,BOM-BLR,EaseMyTrip,QP,QP-1527,2026-09-20,T+7,6945,1524,8469,2026-09-13T02:40:06.968Z,FALSE,"",07:35,TRUE
fare_BOM-BLR_6E_2026-09-20_T+7_1789268425656_bdpj,BOM-BLR,EaseMyTrip,6E,6E-5388,2026-09-20,T+7,6996,1536,8532,2026-09-13T02:40:06.968Z,FALSE,"",22:20,TRUE
fare_BOM-BLR_AI_2026-09-20_T+7_1789268425656_w4st,BOM-BLR,EaseMyTrip,AI,AI-2851,2026-09-20,T+7,7218,1585,8803,2026-09-13T02:40:06.968Z,FALSE,"",07:55,TRUE
fare_BOM-BLR_6E_2026-09-20_T+7_1789268425656_vn4w,BOM-BLR,EaseMyTrip,6E,6E-782,2026-09-20,T+7,7120,1563,8683,2026-09-13T02:40:06.968Z,FALSE,"",10:40,FALSE
fare_BOM-BLR_6E_2026-09-20_T+7_1789268425656_izfz,BOM-BLR,EaseMyTrip,6E,6E-205,2026-09-20,T+7,7120,1563,8683,2026-09-13T02:40:06.968Z,FALSE,"",10:40,FALSE
fare_BOM-BLR_QP_2026-09-20_T+7_1789268425656_qn4e,BOM-BLR,EaseMyTrip,QP,QP-1516,2026-09-20,T+7,7237,1588,8825,2026-09-13T02:40:06.968Z,FALSE,"",00:35,TRUE
fare_BOM-BLR_6E_2026-09-20_T+7_1789268425656_7kzr,BOM-BLR,EaseMyTrip,6E,6E-6599,2026-09-20,T+7,7256,1593,8849,2026-09-13T02:40:06.968Z,FALSE,"",16:50,FALSE
fare_BOM-BLR_6E_2026-09-20_T+7_1789268425656_0bc8,BOM-BLR,EaseMyTrip,6E,6E-5082,2026-09-20,T+7,7399,1624,9023,2026-09-13T02:40:06.968Z,FALSE,"",18:05,FALSE
fare_BOM-BLR_6E_2026-09-20_T+7_1789268425656_1f17,BOM-BLR,EaseMyTrip,6E,6E-920,2026-09-20,T+7,7399,1624,9023,2026-09-13T02:40:06.968Z,FALSE,"",13:55,FALSE
fare_BOM-BLR_6E_2026-09-20_T+7_1789268425656_8khe,BOM-BLR,EaseMyTrip,6E,6E-484,2026-09-20,T+7,7399,1624,9023,2026-09-13T02:40:06.968Z,FALSE,"",13:55,FALSE
fare_BOM-BLR_6E_2026-09-20_T+7_1789268425656_9a3k,BOM-BLR,EaseMyTrip,6E,6E-5092,2026-09-20,T+7,7427,1630,9057,2026-09-13T02:40:06.968Z,FALSE,"",09:50,TRUE
fare_BOM-BLR_6E_2026-09-20_T+7_1789268425656_doep,BOM-BLR,EaseMyTrip,6E,6E-5107,2026-09-20,T+7,7678,1686,9364,2026-09-13T02:40:06.968Z,FALSE,"",20:00,FALSE
fare_BOM-BLR_6E_2026-09-20_T+7_1789268425656_wpga,BOM-BLR,EaseMyTrip,6E,6E-943,2026-09-20,T+7,7678,1686,9364,2026-09-13T02:40:06.968Z,FALSE,"",04:00,FALSE
fare_BOM-BLR_6E_2026-09-20_T+7_1789268425656_s0bk,BOM-BLR,EaseMyTrip,6E,6E-552,2026-09-20,T+7,7678,1686,9364,2026-09-13T02:40:06.968Z,FALSE,"",04:00,FALSE
fare_BOM-BLR_AI_2026-09-20_T+7_1789268425656_xaty,BOM-BLR,EaseMyTrip,AI,AI-2505,2026-09-20,T+7,7865,1726,9591,2026-09-13T02:40:06.968Z,FALSE,"",19:20,FALSE
fare_BOM-BLR_AI_2026-09-20_T+7_1789268425656_gu5l,BOM-BLR,EaseMyTrip,AI,AI-2745,2026-09-20,T+7,7865,1726,9591,2026-09-13T02:40:06.968Z,FALSE,"",15:30,FALSE
fare_BOM-BLR_6E_2026-09-20_T+7_1789268425656_2ltl,BOM-BLR,EaseMyTrip,6E,6E-6188,2026-09-20,T+7,7857,1725,9582,2026-09-13T02:40:06.968Z,FALSE,"",21:30,TRUE
fare_BOM-BLR_IX_2026-09-20_T+7_1789268425656_33e3,BOM-BLR,EaseMyTrip,IX,IX-1797,2026-09-20,T+7,8402,1844,10246,2026-09-13T02:40:06.968Z,FALSE,"",05:05,FALSE
fare_BOM-BLR_AI_2026-09-20_T+7_1789268425656_su0a,BOM-BLR,EaseMyTrip,AI,AI-2477,2026-09-20,T+7,8230,1806,10036,2026-09-13T02:40:06.968Z,FALSE,"",13:05,FALSE
fare_BOM-BLR_AI_2026-09-20_T+7_1789268425656_rxw5,BOM-BLR,EaseMyTrip,AI,AI-2420,2026-09-20,T+7,8230,1806,10036,2026-09-13T02:40:06.968Z,FALSE,"",11:20,FALSE
fare_BOM-BLR_6E_2026-09-20_T+7_1789268425656_xwet,BOM-BLR,EaseMyTrip,6E,6E-6802,2026-09-20,T+7,8192,1798,9990,2026-09-13T02:40:06.968Z,FALSE,"",16:55,FALSE
fare_BOM-BLR_6E_2026-09-20_T+7_1789268425656_y8ar,BOM-BLR,EaseMyTrip,6E,6E-241,2026-09-20,T+7,8256,1812,10068,2026-09-13T02:40:06.968Z,FALSE,"",12:35,FALSE
fare_BOM-BLR_6E_2026-09-20_T+7_1789268425656_j9ch,BOM-BLR,EaseMyTrip,6E,6E-865,2026-09-20,T+7,8256,1812,10068,2026-09-13T02:40:06.968Z,FALSE,"",12:35,FALSE
fare_BOM-BLR_6E_2026-09-20_T+7_1789268425656_1yel,BOM-BLR,EaseMyTrip,6E,6E-5032,2026-09-20,T+7,8288,1819,10107,2026-09-13T02:40:06.968Z,FALSE,"",19:55,TRUE
fare_BOM-BLR_6E_2026-09-20_T+7_1789268425656_neur,BOM-BLR,EaseMyTrip,6E,6E-5047,2026-09-20,T+7,8288,1819,10107,2026-09-13T02:40:06.968Z,FALSE,"",18:30,TRUE
fare_BOM-BLR_6E_2026-09-20_T+7_1789268425656_j4wv,BOM-BLR,EaseMyTrip,6E,6E-5217,2026-09-20,T+7,8288,1819,10107,2026-09-13T02:40:06.968Z,FALSE,"",11:00,TRUE
fare_BOM-BLR_AI_2026-09-20_T+7_1789268425656_j0oy,BOM-BLR,EaseMyTrip,AI,AI-2821,2026-09-20,T+7,8747,1920,10667,2026-09-13T02:40:06.968Z,FALSE,"",06:40,FALSE
fare_BOM-BLR_IX_2026-09-20_T+7_1789268425656_yyiu,BOM-BLR,EaseMyTrip,IX,IX-1801,2026-09-20,T+7,8914,1957,10871,2026-09-13T02:40:06.968Z,FALSE,"",20:20,FALSE
fare_BOM-BLR_6E_2026-09-20_T+7_1789268425656_43rn,BOM-BLR,EaseMyTrip,6E,6E-193,2026-09-20,T+7,8608,1889,10497,2026-09-13T02:40:06.968Z,FALSE,"",11:20,FALSE
fare_BOM-BLR_6E_2026-09-20_T+7_1789268425656_riqb,BOM-BLR,EaseMyTrip,6E,6E-604,2026-09-20,T+7,8608,1889,10497,2026-09-13T02:40:06.968Z,FALSE,"",11:20,FALSE
fare_BOM-BLR_IX_2026-09-20_T+7_1789268425656_4gwv,BOM-BLR,EaseMyTrip,IX,IX-1640,2026-09-20,T+7,8804,1932,10736,2026-09-13T02:40:06.968Z,FALSE,"",21:10,TRUE
fare_BOM-BLR_AI_2026-09-20_T+7_1789268425656_82vr,BOM-BLR,EaseMyTrip,AI,AI-2401,2026-09-20,T+7,8810,1934,10744,2026-09-13T02:40:06.968Z,FALSE,"",20:45,TRUE
fare_BOM-BLR_AI_2026-09-20_T+7_1789268425656_hjry,BOM-BLR,EaseMyTrip,AI,AI-3305,2026-09-20,T+7,8810,1934,10744,2026-09-13T02:40:06.968Z,FALSE,"",23:40,TRUE
fare_BOM-BLR_AI_2026-09-20_T+7_1789268425656_r5ny,BOM-BLR,EaseMyTrip,AI,AI-2865,2026-09-20,T+7,8810,1934,10744,2026-09-13T02:40:06.968Z,FALSE,"",19:45,TRUE
fare_BOM-BLR_IX_2026-09-20_T+7_1789268425656_f2p0,BOM-BLR,EaseMyTrip,IX,IX-5985,2026-09-20,T+7,8904,1954,10858,2026-09-13T02:40:06.968Z,FALSE,"",15:35,TRUE
fare_BOM-BLR_6E_2026-09-20_T+7_1789268425656_ov31,BOM-BLR,EaseMyTrip,6E,6E-6057,2026-09-20,T+7,8715,1913,10628,2026-09-13T02:40:06.968Z,FALSE,"",09:15,FALSE
fare_BOM-BLR_AI_2026-09-20_T+7_1789268425656_8rrz,BOM-BLR,EaseMyTrip,AI,AI-2857,2026-09-20,T+7,8967,1968,10935,2026-09-13T02:40:06.968Z,FALSE,"",23:30,TRUE
fare_BOM-BLR_6E_2026-09-20_T+7_1789268425656_atvx,BOM-BLR,EaseMyTrip,6E,6E-5071,2026-09-20,T+7,8804,1933,10737,2026-09-13T02:40:06.968Z,FALSE,"",15:35,TRUE
fare_BOM-BLR_6E_2026-09-20_T+7_1789268425656_o9df,BOM-BLR,EaseMyTrip,6E,6E-5382,2026-09-20,T+7,8804,1933,10737,2026-09-13T02:40:06.968Z,FALSE,"",14:30,TRUE
fare_BOM-BLR_6E_2026-09-20_T+7_1789268425656_viu6,BOM-BLR,EaseMyTrip,6E,6E-5184,2026-09-20,T+7,8804,1933,10737,2026-09-13T02:40:06.968Z,FALSE,"",12:30,TRUE
fare_BOM-BLR_6E_2026-09-20_T+7_1789268425656_kvk3,BOM-BLR,EaseMyTrip,6E,6E-5221,2026-09-20,T+7,8804,1933,10737,2026-09-13T02:40:06.968Z,FALSE,"",17:00,TRUE
fare_BOM-BLR_QP_2026-09-20_T+7_1789268425656_x7nq,BOM-BLR,EaseMyTrip,QP,QP-1518,2026-09-20,T+7,8904,1954,10858,2026-09-13T02:40:06.968Z,FALSE,"",21:45,TRUE
fare_BOM-BLR_AI_2026-09-20_T+7_1789268425656_hjem,BOM-BLR,EaseMyTrip,AI,AI-2863,2026-09-20,T+7,9123,2003,11126,2026-09-13T02:40:06.968Z,FALSE,"",10:00,TRUE
fare_BOM-BLR_AI_2026-09-20_T+7_1789268425656_oh2o,BOM-BLR,EaseMyTrip,AI,AI-2641,2026-09-20,T+7,9123,2003,11126,2026-09-13T02:40:06.968Z,FALSE,"",18:30,TRUE
fare_BOM-BLR_AI_2026-09-20_T+7_1789268425656_5nib,BOM-BLR,EaseMyTrip,AI,AI-2849,2026-09-20,T+7,9123,2003,11126,2026-09-13T02:40:06.968Z,FALSE,"",17:30,TRUE
fare_BOM-BLR_AI_2026-09-20_T+7_1789268425656_y4ng,BOM-BLR,EaseMyTrip,AI,AI-603,2026-09-20,T+7,9392,2062,11454,2026-09-13T02:40:06.968Z,FALSE,"",05:10,FALSE
fare_BOM-BLR_QP_2026-09-20_T+7_1789268425656_6emk,BOM-BLR,EaseMyTrip,QP,QP-1382,2026-09-20,T+7,9284,2038,11322,2026-09-13T02:40:06.968Z,FALSE,"",18:25,TRUE
fare_BOM-BLR_AI_2026-09-20_T+7_1789268425656_pg5z,BOM-BLR,EaseMyTrip,AI,AI-2855,2026-09-20,T+7,9619,2111,11730,2026-09-13T02:40:06.968Z,FALSE,"",10:00,FALSE
fare_BOM-BLR_6E_2026-09-20_T+7_1789268425656_4ncp,BOM-BLR,EaseMyTrip,6E,6E-5284,2026-09-20,T+7,9537,2093,11630,2026-09-13T02:40:06.968Z,FALSE,"",07:30,FALSE
fare_BOM-BLR_AI_2026-09-20_T+7_1789268425656_0ufk,BOM-BLR,EaseMyTrip,AI,AI-639,2026-09-20,T+7,9845,2161,12006,2026-09-13T02:40:06.968Z,FALSE,"",22:55,FALSE
fare_BOM-BLR_IX_2026-09-20_T+7_1789268425656_rdgk,BOM-BLR,EaseMyTrip,IX,IX-1027,2026-09-20,T+7,10310,2263,12573,2026-09-13T02:40:06.968Z,FALSE,"",12:00,FALSE
fare_BOM-BLR_AI_2026-09-20_T+7_1789268425656_f1r4,BOM-BLR,EaseMyTrip,AI,AI-2632,2026-09-20,T+7,10548,2315,12863,2026-09-13T02:40:06.968Z,FALSE,"",12:00,TRUE
fare_BOM-BLR_AI_2026-09-20_T+7_1789268425656_0stm,BOM-BLR,EaseMyTrip,AI,AI-2853,2026-09-20,T+7,10735,2357,13092,2026-09-13T02:40:06.968Z,FALSE,"",15:25,TRUE
fare_BOM-BLR_AI_2026-09-20_T+7_1789268425656_xsk1,BOM-BLR,EaseMyTrip,AI,AI-2625,2026-09-20,T+7,10927,2398,13325,2026-09-13T02:40:06.968Z,FALSE,"",06:00,FALSE
fare_BOM-BLR_6E_2026-09-20_T+7_1789268425656_z291,BOM-BLR,EaseMyTrip,6E,6E-5228,2026-09-20,T+7,10977,2409,13386,2026-09-13T02:40:06.968Z,FALSE,"",16:45,FALSE
fare_BOM-BLR_6E_2026-09-20_T+7_1789268425656_q7oh,BOM-BLR,EaseMyTrip,6E,6E-5386,2026-09-20,T+7,10977,2409,13386,2026-09-13T02:40:06.968Z,FALSE,"",15:10,FALSE
fare_BOM-BLR_IX_2026-09-20_T+7_1789268425656_dx36,BOM-BLR,EaseMyTrip,IX,IX-1626,2026-09-20,T+7,11214,2462,13676,2026-09-13T02:40:06.968Z,FALSE,"",12:00,TRUE
fare_BOM-BLR_6E_2026-09-20_T+7_1789268425656_c7hq,BOM-BLR,EaseMyTrip,6E,6E-5126,2026-09-20,T+7,11149,2447,13596,2026-09-13T02:40:06.968Z,FALSE,"",18:15,FALSE
fare_BOM-BLR_6E_2026-09-20_T+7_1789268425656_xr6a,BOM-BLR,EaseMyTrip,6E,6E-5313,2026-09-20,T+7,12044,2644,14688,2026-09-13T02:40:06.968Z,FALSE,"",09:50,FALSE
fare_BOM-BLR_IX_2026-09-20_T+7_1789268425656_kehg,BOM-BLR,EaseMyTrip,IX,IX-1810,2026-09-20,T+7,13401,2942,16343,2026-09-13T02:40:06.968Z,FALSE,"",13:40,FALSE
fare_BOM-BLR_6E_2026-09-20_T+7_1789268425656_j630,BOM-BLR,EaseMyTrip,6E,6E-5048,2026-09-20,T+7,12936,2840,15776,2026-09-13T02:40:06.968Z,FALSE,"",17:25,FALSE
fare_BOM-BLR_6E_2026-09-20_T+7_1789268425656_yuxl,BOM-BLR,EaseMyTrip,6E,6E-5196,2026-09-20,T+7,13022,2859,15881,2026-09-13T02:40:06.968Z,FALSE,"",15:25,FALSE
fare_BOM-BLR_6E_2026-09-20_T+7_1789268425656_xfz4,BOM-BLR,EaseMyTrip,6E,6E-5337,2026-09-20,T+7,13022,2859,15881,2026-09-13T02:40:06.968Z,FALSE,"",13:45,FALSE
fare_BOM-BLR_IX_2026-09-20_T+7_1789268425656_sz2o,BOM-BLR,EaseMyTrip,IX,IX-1242,2026-09-20,T+7,14909,3273,18182,2026-09-13T02:40:06.968Z,FALSE,"",16:30,FALSE
fare_BOM-BLR_AI_2026-09-20_T+7_1789268425656_azn8,BOM-BLR,EaseMyTrip,AI,AI-2619,2026-09-20,T+7,13872,3045,16917,2026-09-13T02:40:06.968Z,FALSE,"",18:00,FALSE
fare_BOM-BLR_6E_2026-09-20_T+7_1789268425656_cwg1,BOM-BLR,EaseMyTrip,6E,6E-6349,2026-09-20,T+7,13726,3013,16739,2026-09-13T02:40:06.968Z,FALSE,"",11:40,FALSE
fare_BOM-BLR_AI_2026-09-20_T+7_1789268425656_getn,BOM-BLR,EaseMyTrip,AI,AI-2787,2026-09-20,T+7,14106,3096,17202,2026-09-13T02:40:06.968Z,FALSE,"",06:35,FALSE
fare_BOM-BLR_AI_2026-09-20_T+7_1789268425656_koiz,BOM-BLR,EaseMyTrip,AI,AI-2422,2026-09-20,T+7,14236,3125,17361,2026-09-13T02:40:06.968Z,FALSE,"",01:00,FALSE
fare_BOM-BLR_AI_2026-09-20_T+7_1789268425656_rqw8,BOM-BLR,EaseMyTrip,AI,AI-435,2026-09-20,T+7,14375,3155,17530,2026-09-13T02:40:06.968Z,FALSE,"",18:10,FALSE
fare_BOM-BLR_AI_2026-09-20_T+7_1789268425656_jb2l,BOM-BLR,EaseMyTrip,AI,AI-2531,2026-09-20,T+7,15348,3369,18717,2026-09-13T02:40:06.968Z,FALSE,"",15:05,FALSE
fare_BOM-BLR_AI_2026-09-20_T+7_1789268425656_i1fg,BOM-BLR,EaseMyTrip,AI,AI-1891,2026-09-20,T+7,15685,3443,19128,2026-09-13T02:40:06.968Z,FALSE,"",08:10,FALSE
fare_BOM-BLR_6E_2026-09-20_T+7_1789268425656_nkqj,BOM-BLR,EaseMyTrip,6E,6E-5318,2026-09-20,T+7,15575,3419,18994,2026-09-13T02:40:06.968Z,FALSE,"",10:15,FALSE
fare_BOM-BLR_IX_2026-09-20_T+7_1789268425656_dcp4,BOM-BLR,EaseMyTrip,IX,IX-1238,2026-09-20,T+7,18288,4014,22302,2026-09-13T02:40:06.968Z,TRUE,"High outlier: ₹22302 > upper fence ₹20747 (Q3: ₹13325, IQR: ₹4948)",12:25,FALSE
fare_BOM-BLR_AI_2026-09-20_T+7_1789268425656_ywnj,BOM-BLR,EaseMyTrip,AI,AI-2663,2026-09-20,T+7,17670,3879,21549,2026-09-13T02:40:06.968Z,TRUE,"High outlier: ₹21549 > upper fence ₹20747 (Q3: ₹13325, IQR: ₹4948)",10:25,FALSE
fare_BOM-BLR_AI_2026-09-20_T+7_1789268425656_9ic8,BOM-BLR,EaseMyTrip,AI,AI-2741,2026-09-20,T+7,17922,3934,21856,2026-09-13T02:40:06.968Z,TRUE,"High outlier: ₹21856 > upper fence ₹20747 (Q3: ₹13325, IQR: ₹4948)",07:40,FALSE
fare_BOM-BLR_AI_2026-09-20_T+7_1789268425656_sb78,BOM-BLR,EaseMyTrip,AI,AI-2471,2026-09-20,T+7,18229,4002,22231,2026-09-13T02:40:06.968Z,TRUE,"High outlier: ₹22231 > upper fence ₹20747 (Q3: ₹13325, IQR: ₹4948)",11:30,FALSE
fare_BOM-BLR_AI_2026-09-20_T+7_1789268425656_niwr,BOM-BLR,EaseMyTrip,AI,AI-2928,2026-09-20,T+7,18569,4076,22645,2026-09-13T02:40:06.968Z,TRUE,"High outlier: ₹22645 > upper fence ₹20747 (Q3: ₹13325, IQR: ₹4948)",06:30,FALSE
fare_BOM-BLR_AI_2026-09-20_T+7_1789268425656_eojk,BOM-BLR,EaseMyTrip,AI,AI-2930,2026-09-20,T+7,20872,4582,25454,2026-09-13T02:40:06.968Z,TRUE,"High outlier: ₹25454 > upper fence ₹20747 (Q3: ₹13325, IQR: ₹4948)",07:30,FALSE
fare_BOM-BLR_AI_2026-09-20_T+7_1789268425656_b7xs,BOM-BLR,EaseMyTrip,AI,AI-2424,2026-09-20,T+7,20872,4582,25454,2026-09-13T02:40:06.968Z,TRUE,"High outlier: ₹25454 > upper fence ₹20747 (Q3: ₹13325, IQR: ₹4948)",07:00,FALSE
fare_BOM-BLR_AI_2026-09-20_T+7_1789268425656_b65n,BOM-BLR,EaseMyTrip,AI,AI-2677,2026-09-20,T+7,21476,4714,26190,2026-09-13T02:40:06.968Z,TRUE,"High outlier: ₹26190 > upper fence ₹20747 (Q3: ₹13325, IQR: ₹4948)",13:00,FALSE
fare_BOM-BLR_6E_2026-09-20_T+7_1789268425656_omzg,BOM-BLR,EaseMyTrip,6E,6E-5201,2026-09-20,T+7,21421,4702,26123,2026-09-13T02:40:06.968Z,TRUE,"High outlier: ₹26123 > upper fence ₹20747 (Q3: ₹13325, IQR: ₹4948)",14:55,FALSE
fare_BOM-DEL_IX_2026-09-14_T+1_1789268425657_wqbx,BOM-DEL,EaseMyTrip,IX,IX-2153,2026-09-14,T+1,5380,1181,6561,2026-09-13T02:38:29.114Z,FALSE,"",20:25,TRUE
fare_BOM-DEL_IX_2026-09-14_T+1_1789268425657_o2d8,BOM-DEL,EaseMyTrip,IX,IX-1364,2026-09-14,T+1,5380,1181,6561,2026-09-13T02:38:29.114Z,FALSE,"",21:55,TRUE
fare_BOM-DEL_IX_2026-09-14_T+1_1789268425657_bkf0,BOM-DEL,EaseMyTrip,IX,IX-1050,2026-09-14,T+1,5348,1174,6522,2026-09-13T02:38:29.114Z,FALSE,"",08:55,TRUE
fare_BOM-DEL_IX_2026-09-14_T+1_1789268425657_fg0d,BOM-DEL,EaseMyTrip,IX,IX-1787,2026-09-14,T+1,5595,1228,6823,2026-09-13T02:38:29.114Z,FALSE,"",13:10,FALSE
fare_BOM-DEL_6E_2026-09-14_T+1_1789268425657_7sy7,BOM-DEL,EaseMyTrip,6E,6E-5095,2026-09-14,T+1,5014,1101,6115,2026-09-13T02:38:29.114Z,FALSE,"",09:20,TRUE
fare_BOM-DEL_IX_2026-09-14_T+1_1789268425657_wuvw,BOM-DEL,EaseMyTrip,IX,IX-1671,2026-09-14,T+1,5348,1174,6522,2026-09-13T02:38:29.114Z,FALSE,"",16:45,TRUE
fare_BOM-DEL_IX_2026-09-14_T+1_1789268425657_qd7q,BOM-DEL,EaseMyTrip,IX,IX-1026,2026-09-14,T+1,5930,1302,7232,2026-09-13T02:38:29.114Z,FALSE,"",05:45,FALSE
fare_BOM-DEL_QP_2026-09-14_T+1_1789268425657_guzp,BOM-DEL,EaseMyTrip,QP,QP-2071,2026-09-14,T+1,5330,1170,6500,2026-09-13T02:38:29.114Z,FALSE,"",06:05,TRUE
fare_BOM-DEL_6E_2026-09-14_T+1_1789268425657_w1cf,BOM-DEL,EaseMyTrip,6E,6E-352,2026-09-14,T+1,5349,1174,6523,2026-09-13T02:38:29.114Z,FALSE,"",08:00,TRUE
fare_BOM-DEL_6E_2026-09-14_T+1_1789268425657_uatt,BOM-DEL,EaseMyTrip,6E,6E-731,2026-09-14,T+1,5349,1174,6523,2026-09-13T02:38:29.114Z,FALSE,"",08:00,TRUE
fare_BOM-DEL_6E_2026-09-14_T+1_1789268425657_zdtt,BOM-DEL,EaseMyTrip,6E,6E-612,2026-09-14,T+1,5349,1174,6523,2026-09-13T02:38:29.114Z,FALSE,"",05:00,TRUE
fare_BOM-DEL_6E_2026-09-14_T+1_1789268425657_eqpp,BOM-DEL,EaseMyTrip,6E,6E-529,2026-09-14,T+1,5349,1174,6523,2026-09-13T02:38:29.114Z,FALSE,"",05:00,TRUE
fare_BOM-DEL_6E_2026-09-14_T+1_1789268425657_x8xb,BOM-DEL,EaseMyTrip,6E,6E-6049,2026-09-14,T+1,5349,1174,6523,2026-09-13T02:38:29.114Z,FALSE,"",19:45,TRUE
fare_BOM-DEL_6E_2026-09-14_T+1_1789268425657_061e,BOM-DEL,EaseMyTrip,6E,6E-6082,2026-09-14,T+1,5349,1174,6523,2026-09-13T02:38:29.114Z,FALSE,"",16:45,TRUE
fare_BOM-DEL_6E_2026-09-14_T+1_1789268425657_qtw0,BOM-DEL,EaseMyTrip,6E,6E-6028,2026-09-14,T+1,5349,1174,6523,2026-09-13T02:38:29.114Z,FALSE,"",12:15,TRUE
fare_BOM-DEL_6E_2026-09-14_T+1_1789268425657_rn29,BOM-DEL,EaseMyTrip,6E,6E-714,2026-09-14,T+1,5349,1174,6523,2026-09-13T02:38:29.114Z,FALSE,"",06:00,TRUE
fare_BOM-DEL_6E_2026-09-14_T+1_1789268425657_sdmm,BOM-DEL,EaseMyTrip,6E,6E-836,2026-09-14,T+1,5349,1174,6523,2026-09-13T02:38:29.114Z,FALSE,"",06:00,TRUE
fare_BOM-DEL_6E_2026-09-14_T+1_1789268425657_7ptm,BOM-DEL,EaseMyTrip,6E,6E-289,2026-09-14,T+1,5349,1174,6523,2026-09-13T02:38:29.114Z,FALSE,"",07:00,TRUE
fare_BOM-DEL_6E_2026-09-14_T+1_1789268425657_3lee,BOM-DEL,EaseMyTrip,6E,6E-502,2026-09-14,T+1,5349,1174,6523,2026-09-13T02:38:29.114Z,FALSE,"",07:00,TRUE
fare_BOM-DEL_QP_2026-09-14_T+1_1789268425657_rbgm,BOM-DEL,EaseMyTrip,QP,QP-1111,2026-09-14,T+1,5349,1174,6523,2026-09-13T02:38:29.114Z,FALSE,"",05:25,TRUE
fare_BOM-DEL_6E_2026-09-14_T+1_1789268425657_k4ok,BOM-DEL,EaseMyTrip,6E,6E-887,2026-09-14,T+1,5349,1174,6523,2026-09-13T02:38:29.114Z,FALSE,"",23:45,TRUE
fare_BOM-DEL_6E_2026-09-14_T+1_1789268425657_2xia,BOM-DEL,EaseMyTrip,6E,6E-595,2026-09-14,T+1,5349,1174,6523,2026-09-13T02:38:29.114Z,FALSE,"",23:45,TRUE
fare_BOM-DEL_6E_2026-09-14_T+1_1789268425657_0ohg,BOM-DEL,EaseMyTrip,6E,6E-6613,2026-09-14,T+1,5349,1174,6523,2026-09-13T02:38:29.114Z,FALSE,"",18:15,TRUE
fare_BOM-DEL_6E_2026-09-14_T+1_1789268425657_e9fl,BOM-DEL,EaseMyTrip,6E,6E-188,2026-09-14,T+1,5349,1174,6523,2026-09-13T02:38:29.114Z,FALSE,"",16:00,TRUE
fare_BOM-DEL_6E_2026-09-14_T+1_1789268425657_1lgj,BOM-DEL,EaseMyTrip,6E,6E-252,2026-09-14,T+1,5349,1174,6523,2026-09-13T02:38:29.114Z,FALSE,"",16:00,TRUE
fare_BOM-DEL_6E_2026-09-14_T+1_1789268425657_2sey,BOM-DEL,EaseMyTrip,6E,6E-800,2026-09-14,T+1,5349,1174,6523,2026-09-13T02:38:29.114Z,FALSE,"",15:00,TRUE
fare_BOM-DEL_6E_2026-09-14_T+1_1789268425657_dakq,BOM-DEL,EaseMyTrip,6E,6E-943,2026-09-14,T+1,5349,1174,6523,2026-09-13T02:38:29.114Z,FALSE,"",15:00,TRUE
fare_BOM-DEL_6E_2026-09-14_T+1_1789268425657_jeg1,BOM-DEL,EaseMyTrip,6E,6E-869,2026-09-14,T+1,5349,1174,6523,2026-09-13T02:38:29.114Z,FALSE,"",13:00,TRUE
fare_BOM-DEL_6E_2026-09-14_T+1_1789268425657_ajsi,BOM-DEL,EaseMyTrip,6E,6E-189,2026-09-14,T+1,5349,1174,6523,2026-09-13T02:38:29.114Z,FALSE,"",13:00,TRUE
fare_BOM-DEL_6E_2026-09-14_T+1_1789268425657_nqeh,BOM-DEL,EaseMyTrip,6E,6E-6827,2026-09-14,T+1,5349,1174,6523,2026-09-13T02:38:29.114Z,FALSE,"",11:30,TRUE
fare_BOM-DEL_6E_2026-09-14_T+1_1789268425657_6jj4,BOM-DEL,EaseMyTrip,6E,6E-186,2026-09-14,T+1,5349,1174,6523,2026-09-13T02:38:29.114Z,FALSE,"",09:00,TRUE
fare_BOM-DEL_6E_2026-09-14_T+1_1789268425657_v6d7,BOM-DEL,EaseMyTrip,6E,6E-610,2026-09-14,T+1,5349,1174,6523,2026-09-13T02:38:29.114Z,FALSE,"",09:00,TRUE
fare_BOM-DEL_QP_2026-09-14_T+1_1789268425657_ju7c,BOM-DEL,EaseMyTrip,QP,QP-1109,2026-09-14,T+1,5349,1174,6523,2026-09-13T02:38:29.114Z,FALSE,"",07:00,TRUE
fare_BOM-DEL_QP_2026-09-14_T+1_1789268425657_ndz8,BOM-DEL,EaseMyTrip,QP,QP-1819,2026-09-14,T+1,5349,1174,6523,2026-09-13T02:38:29.114Z,FALSE,"",14:30,TRUE
fare_BOM-DEL_QP_2026-09-14_T+1_1789268425657_jcri,BOM-DEL,EaseMyTrip,QP,QP-1120,2026-09-14,T+1,5349,1174,6523,2026-09-13T02:38:29.114Z,FALSE,"",18:55,TRUE
fare_BOM-DEL_QP_2026-09-14_T+1_1789268425657_8qp2,BOM-DEL,EaseMyTrip,QP,QP-1834,2026-09-14,T+1,5349,1174,6523,2026-09-13T02:38:29.114Z,FALSE,"",10:20,TRUE
fare_BOM-DEL_QP_2026-09-14_T+1_1789268425657_ik93,BOM-DEL,EaseMyTrip,QP,QP-1825,2026-09-14,T+1,5349,1174,6523,2026-09-13T02:38:29.114Z,FALSE,"",16:50,TRUE
fare_BOM-DEL_6E_2026-09-14_T+1_1789268425657_qcfq,BOM-DEL,EaseMyTrip,6E,6E-351,2026-09-14,T+1,5349,1174,6523,2026-09-13T02:38:29.114Z,FALSE,"",17:20,TRUE
fare_BOM-DEL_6E_2026-09-14_T+1_1789268425657_mltq,BOM-DEL,EaseMyTrip,6E,6E-256,2026-09-14,T+1,5349,1174,6523,2026-09-13T02:38:29.114Z,FALSE,"",17:20,TRUE
fare_BOM-DEL_6E_2026-09-14_T+1_1789268425657_1tru,BOM-DEL,EaseMyTrip,6E,6E-6704,2026-09-14,T+1,5349,1174,6523,2026-09-13T02:38:29.114Z,FALSE,"",13:50,TRUE
fare_BOM-DEL_6E_2026-09-14_T+1_1789268425657_2moh,BOM-DEL,EaseMyTrip,6E,6E-725,2026-09-14,T+1,5349,1174,6523,2026-09-13T02:38:29.114Z,FALSE,"",10:35,TRUE
fare_BOM-DEL_6E_2026-09-14_T+1_1789268425657_35py,BOM-DEL,EaseMyTrip,6E,6E-393,2026-09-14,T+1,5349,1174,6523,2026-09-13T02:38:29.114Z,FALSE,"",10:35,TRUE
fare_BOM-DEL_QP_2026-09-14_T+1_1789268425657_ldxu,BOM-DEL,EaseMyTrip,QP,QP-1835,2026-09-14,T+1,5349,1174,6523,2026-09-13T02:38:29.114Z,FALSE,"",11:50,TRUE
fare_BOM-DEL_6E_2026-09-14_T+1_1789268425657_1i3i,BOM-DEL,EaseMyTrip,6E,6E-6052,2026-09-14,T+1,5349,1174,6523,2026-09-13T02:38:29.114Z,FALSE,"",10:00,TRUE
fare_BOM-DEL_6E_2026-09-14_T+1_1789268425657_6zm0,BOM-DEL,EaseMyTrip,6E,6E-2090,2026-09-14,T+1,5380,1181,6561,2026-09-13T02:38:29.114Z,FALSE,"",06:25,TRUE
fare_BOM-DEL_AI_2026-09-14_T+1_1789268425657_ctm3,BOM-DEL,EaseMyTrip,AI,AI-2422,2026-09-14,T+1,5545,1217,6762,2026-09-13T02:38:29.114Z,FALSE,"",01:00,TRUE
fare_BOM-DEL_AI_2026-09-14_T+1_1789268425657_h8vv,BOM-DEL,EaseMyTrip,AI,AI-1882,2026-09-14,T+1,5545,1217,6762,2026-09-13T02:38:29.114Z,FALSE,"",23:55,TRUE
fare_BOM-DEL_6E_2026-09-14_T+1_1789268425657_64q5,BOM-DEL,EaseMyTrip,6E,6E-5197,2026-09-14,T+1,5423,1191,6614,2026-09-13T02:38:29.114Z,FALSE,"",06:40,TRUE
fare_BOM-DEL_QP_2026-09-14_T+1_1789268425657_munh,BOM-DEL,EaseMyTrip,QP,QP-1939,2026-09-14,T+1,5423,1191,6614,2026-09-13T02:38:29.114Z,FALSE,"",10:10,TRUE
fare_BOM-DEL_6E_2026-09-14_T+1_1789268425657_2ug5,BOM-DEL,EaseMyTrip,6E,6E-5059,2026-09-14,T+1,5457,1198,6655,2026-09-13T02:38:29.114Z,FALSE,"",05:45,FALSE
fare_BOM-DEL_6E_2026-09-14_T+1_1789268425657_ecid,BOM-DEL,EaseMyTrip,6E,6E-2237,2026-09-14,T+1,5457,1198,6655,2026-09-13T02:38:29.114Z,FALSE,"",18:40,FALSE
fare_BOM-DEL_6E_2026-09-14_T+1_1789268425657_ke0j,BOM-DEL,EaseMyTrip,6E,6E-497,2026-09-14,T+1,5457,1198,6655,2026-09-13T02:38:29.114Z,FALSE,"",14:40,FALSE
fare_BOM-DEL_6E_2026-09-14_T+1_1789268425657_ryz8,BOM-DEL,EaseMyTrip,6E,6E-545,2026-09-14,T+1,5457,1198,6655,2026-09-13T02:38:29.114Z,FALSE,"",14:40,FALSE
fare_BOM-DEL_6E_2026-09-14_T+1_1789268425657_2bzd,BOM-DEL,EaseMyTrip,6E,6E-367,2026-09-14,T+1,5457,1198,6655,2026-09-13T02:38:29.114Z,FALSE,"",01:30,FALSE
fare_BOM-DEL_6E_2026-09-14_T+1_1789268425657_7qr0,BOM-DEL,EaseMyTrip,6E,6E-226,2026-09-14,T+1,5457,1198,6655,2026-09-13T02:38:29.114Z,FALSE,"",01:30,FALSE
fare_BOM-DEL_6E_2026-09-14_T+1_1789268425657_24ve,BOM-DEL,EaseMyTrip,6E,6E-2347,2026-09-14,T+1,5457,1198,6655,2026-09-13T02:38:29.114Z,FALSE,"",08:50,FALSE
fare_BOM-DEL_6E_2026-09-14_T+1_1789268425657_un87,BOM-DEL,EaseMyTrip,6E,6E-5144,2026-09-14,T+1,5457,1198,6655,2026-09-13T02:38:29.114Z,FALSE,"",06:10,FALSE
fare_BOM-DEL_6E_2026-09-14_T+1_1789268425657_1xtf,BOM-DEL,EaseMyTrip,6E,6E-5107,2026-09-14,T+1,5457,1198,6655,2026-09-13T02:38:29.114Z,FALSE,"",20:00,FALSE
fare_BOM-DEL_AI_2026-09-14_T+1_1789268425657_za3x,BOM-DEL,EaseMyTrip,AI,AI-2928,2026-09-14,T+1,5638,1237,6875,2026-09-13T02:38:29.114Z,FALSE,"",06:30,TRUE
fare_BOM-DEL_AI_2026-09-14_T+1_1789268425657_wlzw,BOM-DEL,EaseMyTrip,AI,AI-2424,2026-09-14,T+1,5638,1237,6875,2026-09-13T02:38:29.114Z,FALSE,"",07:00,TRUE
fare_BOM-DEL_AI_2026-09-14_T+1_1789268425657_tm45,BOM-DEL,EaseMyTrip,AI,AI-2677,2026-09-14,T+1,5638,1237,6875,2026-09-13T02:38:29.114Z,FALSE,"",13:00,TRUE
fare_BOM-DEL_AI_2026-09-14_T+1_1789268425657_sste,BOM-DEL,EaseMyTrip,AI,AI-816,2026-09-14,T+1,5638,1237,6875,2026-09-13T02:38:29.114Z,FALSE,"",21:00,TRUE
fare_BOM-DEL_AI_2026-09-14_T+1_1789268425657_kiai,BOM-DEL,EaseMyTrip,AI,AI-2970,2026-09-14,T+1,5638,1237,6875,2026-09-13T02:38:29.114Z,FALSE,"",08:30,TRUE
fare_BOM-DEL_AI_2026-09-14_T+1_1789268425657_a9is,BOM-DEL,EaseMyTrip,AI,AI-2432,2026-09-14,T+1,5638,1237,6875,2026-09-13T02:38:29.114Z,FALSE,"",09:30,TRUE
fare_BOM-DEL_AI_2026-09-14_T+1_1789268425657_fsjz,BOM-DEL,EaseMyTrip,AI,AI-2430,2026-09-14,T+1,5638,1237,6875,2026-09-13T02:38:29.114Z,FALSE,"",10:00,TRUE
fare_BOM-DEL_AI_2026-09-14_T+1_1789268425657_bvaa,BOM-DEL,EaseMyTrip,AI,AI-2952,2026-09-14,T+1,5638,1237,6875,2026-09-13T02:38:29.114Z,FALSE,"",11:25,TRUE
fare_BOM-DEL_AI_2026-09-14_T+1_1789268425657_98r2,BOM-DEL,EaseMyTrip,AI,AI-2419,2026-09-14,T+1,5638,1237,6875,2026-09-13T02:38:29.114Z,FALSE,"",12:00,TRUE
fare_BOM-DEL_AI_2026-09-14_T+1_1789268425657_ywv0,BOM-DEL,EaseMyTrip,AI,AI-2960,2026-09-14,T+1,5638,1237,6875,2026-09-13T02:38:29.114Z,FALSE,"",14:05,TRUE
fare_BOM-DEL_AI_2026-09-14_T+1_1789268425657_g0hg,BOM-DEL,EaseMyTrip,AI,AI-2944,2026-09-14,T+1,5638,1237,6875,2026-09-13T02:38:29.114Z,FALSE,"",14:35,TRUE
fare_BOM-DEL_AI_2026-09-14_T+1_1789268425657_h045,BOM-DEL,EaseMyTrip,AI,AI-2442,2026-09-14,T+1,5638,1237,6875,2026-09-13T02:38:29.114Z,FALSE,"",15:00,TRUE
fare_BOM-DEL_AI_2026-09-14_T+1_1789268425657_85vc,BOM-DEL,EaseMyTrip,AI,AI-2940,2026-09-14,T+1,5638,1237,6875,2026-09-13T02:38:29.114Z,FALSE,"",20:00,TRUE
fare_BOM-DEL_6E_2026-09-14_T+1_1789268425657_efmi,BOM-DEL,EaseMyTrip,6E,6E-616,2026-09-14,T+1,5510,1210,6720,2026-09-13T02:38:29.114Z,FALSE,"",22:15,TRUE
fare_BOM-DEL_6E_2026-09-14_T+1_1789268425657_m6di,BOM-DEL,EaseMyTrip,6E,6E-744,2026-09-14,T+1,5510,1210,6720,2026-09-13T02:38:29.114Z,FALSE,"",22:15,TRUE
fare_BOM-DEL_6E_2026-09-14_T+1_1789268425657_cuc3,BOM-DEL,EaseMyTrip,6E,6E-791,2026-09-14,T+1,5510,1210,6720,2026-09-13T02:38:29.114Z,FALSE,"",21:15,TRUE
fare_BOM-DEL_6E_2026-09-14_T+1_1789268425657_9bjv,BOM-DEL,EaseMyTrip,6E,6E-564,2026-09-14,T+1,5510,1210,6720,2026-09-13T02:38:29.114Z,FALSE,"",21:15,TRUE
fare_BOM-DEL_6E_2026-09-14_T+1_1789268425657_znso,BOM-DEL,EaseMyTrip,6E,6E-391,2026-09-14,T+1,5510,1210,6720,2026-09-13T02:38:29.114Z,FALSE,"",19:00,TRUE
fare_BOM-DEL_6E_2026-09-14_T+1_1789268425657_gw09,BOM-DEL,EaseMyTrip,6E,6E-283,2026-09-14,T+1,5510,1210,6720,2026-09-13T02:38:29.114Z,FALSE,"",19:00,TRUE
fare_BOM-DEL_6E_2026-09-14_T+1_1789268425657_tix7,BOM-DEL,EaseMyTrip,6E,6E-891,2026-09-14,T+1,5510,1210,6720,2026-09-13T02:38:29.114Z,FALSE,"",20:20,TRUE
fare_BOM-DEL_6E_2026-09-14_T+1_1789268425657_98a4,BOM-DEL,EaseMyTrip,6E,6E-404,2026-09-14,T+1,5510,1210,6720,2026-09-13T02:38:29.114Z,FALSE,"",20:20,TRUE
fare_BOM-DEL_6E_2026-09-14_T+1_1789268425657_hume,BOM-DEL,EaseMyTrip,6E,6E-101,2026-09-14,T+1,5552,1219,6771,2026-09-13T02:38:29.114Z,FALSE,"",17:20,TRUE
fare_BOM-DEL_6E_2026-09-14_T+1_1789268425657_5yo1,BOM-DEL,EaseMyTrip,6E,6E-653,2026-09-14,T+1,5552,1219,6771,2026-09-13T02:38:29.114Z,FALSE,"",17:20,TRUE
fare_BOM-DEL_6E_2026-09-14_T+1_1789268425657_1o54,BOM-DEL,EaseMyTrip,6E,6E-6599,2026-09-14,T+1,5565,1221,6786,2026-09-13T02:38:29.114Z,FALSE,"",16:50,FALSE
fare_BOM-DEL_6E_2026-09-14_T+1_1789268425657_uvlp,BOM-DEL,EaseMyTrip,6E,6E-5164,2026-09-14,T+1,5565,1221,6786,2026-09-13T02:38:29.114Z,FALSE,"",20:35,FALSE
fare_BOM-DEL_6E_2026-09-14_T+1_1789268425657_itiv,BOM-DEL,EaseMyTrip,6E,6E-5147,2026-09-14,T+1,5565,1221,6786,2026-09-13T02:38:29.114Z,FALSE,"",18:35,FALSE
fare_BOM-DEL_6E_2026-09-14_T+1_1789268425657_7rcy,BOM-DEL,EaseMyTrip,6E,6E-5181,2026-09-14,T+1,5565,1221,6786,2026-09-13T02:38:29.114Z,FALSE,"",10:25,FALSE
fare_BOM-DEL_6E_2026-09-14_T+1_1789268425657_5l2i,BOM-DEL,EaseMyTrip,6E,6E-6802,2026-09-14,T+1,5565,1221,6786,2026-09-13T02:38:29.114Z,FALSE,"",16:55,FALSE
fare_BOM-DEL_6E_2026-09-14_T+1_1789268425657_15uh,BOM-DEL,EaseMyTrip,6E,6E-5273,2026-09-14,T+1,5565,1221,6786,2026-09-13T02:38:29.114Z,FALSE,"",18:35,FALSE
fare_BOM-DEL_6E_2026-09-14_T+1_1789268425657_nocz,BOM-DEL,EaseMyTrip,6E,6E-5345,2026-09-14,T+1,5565,1221,6786,2026-09-13T02:38:29.114Z,FALSE,"",14:25,FALSE
fare_BOM-DEL_6E_2026-09-14_T+1_1789268425657_37v6,BOM-DEL,EaseMyTrip,6E,6E-6122,2026-09-14,T+1,5565,1221,6786,2026-09-13T02:38:29.114Z,FALSE,"",12:25,FALSE
fare_BOM-DEL_6E_2026-09-14_T+1_1789268425657_iroi,BOM-DEL,EaseMyTrip,6E,6E-5131,2026-09-14,T+1,5565,1221,6786,2026-09-13T02:38:29.114Z,FALSE,"",15:50,FALSE
fare_BOM-DEL_AI_2026-09-14_T+1_1789268425657_57d4,BOM-DEL,EaseMyTrip,AI,AI-2986,2026-09-14,T+1,5766,1266,7032,2026-09-13T02:38:29.114Z,FALSE,"",22:35,TRUE
fare_BOM-DEL_AI_2026-09-14_T+1_1789268425657_32gb,BOM-DEL,EaseMyTrip,AI,AI-2408,2026-09-14,T+1,5767,1266,7033,2026-09-13T02:38:29.114Z,FALSE,"",19:30,TRUE
fare_BOM-DEL_AI_2026-09-14_T+1_1789268425657_tvlf,BOM-DEL,EaseMyTrip,AI,AI-1895,2026-09-14,T+1,5767,1266,7033,2026-09-13T02:38:29.114Z,FALSE,"",21:30,TRUE
fare_BOM-DEL_AI_2026-09-14_T+1_1789268425657_t1c3,BOM-DEL,EaseMyTrip,AI,AI-2440,2026-09-14,T+1,5767,1266,7033,2026-09-13T02:38:29.114Z,FALSE,"",18:00,TRUE
fare_BOM-DEL_AI_2026-09-14_T+1_1789268425657_ryjb,BOM-DEL,EaseMyTrip,AI,AI-2988,2026-09-14,T+1,5767,1266,7033,2026-09-13T02:38:29.114Z,FALSE,"",20:30,TRUE
fare_BOM-DEL_AI_2026-09-14_T+1_1789268425657_d7ub,BOM-DEL,EaseMyTrip,AI,AI-2687,2026-09-14,T+1,5767,1266,7033,2026-09-13T02:38:29.114Z,FALSE,"",16:35,TRUE
fare_BOM-DEL_6E_2026-09-14_T+1_1789268425657_leoe,BOM-DEL,EaseMyTrip,6E,6E-5028,2026-09-14,T+1,5629,1236,6865,2026-09-13T02:38:29.114Z,FALSE,"",19:35,FALSE
fare_BOM-DEL_6E_2026-09-14_T+1_1789268425657_fxbq,BOM-DEL,EaseMyTrip,6E,6E-772,2026-09-14,T+1,5629,1236,6865,2026-09-13T02:38:29.114Z,FALSE,"",19:20,FALSE
fare_BOM-DEL_6E_2026-09-14_T+1_1789268425657_a2r5,BOM-DEL,EaseMyTrip,6E,6E-273,2026-09-14,T+1,5629,1236,6865,2026-09-13T02:38:29.114Z,FALSE,"",19:20,FALSE
fare_BOM-DEL_6E_2026-09-14_T+1_1789268425657_blf5,BOM-DEL,EaseMyTrip,6E,6E-108,2026-09-14,T+1,5629,1236,6865,2026-09-13T02:38:29.114Z,FALSE,"",04:30,FALSE
fare_BOM-DEL_6E_2026-09-14_T+1_1789268425657_pdri,BOM-DEL,EaseMyTrip,6E,6E-822,2026-09-14,T+1,5629,1236,6865,2026-09-13T02:38:29.114Z,FALSE,"",04:30,FALSE
fare_BOM-DEL_6E_2026-09-14_T+1_1789268425657_f4ky,BOM-DEL,EaseMyTrip,6E,6E-5238,2026-09-14,T+1,5638,1238,6876,2026-09-13T02:38:29.114Z,FALSE,"",18:25,FALSE
fare_BOM-DEL_6E_2026-09-14_T+1_1789268425657_axm6,BOM-DEL,EaseMyTrip,6E,6E-6543,2026-09-14,T+1,5718,1255,6973,2026-09-13T02:38:29.114Z,FALSE,"",07:50,FALSE
fare_BOM-DEL_6E_2026-09-14_T+1_1789268425657_r3mj,BOM-DEL,EaseMyTrip,6E,6E-709,2026-09-14,T+1,5737,1259,6996,2026-09-13T02:38:29.114Z,FALSE,"",17:45,FALSE
fare_BOM-DEL_6E_2026-09-14_T+1_1789268425657_339v,BOM-DEL,EaseMyTrip,6E,6E-649,2026-09-14,T+1,5737,1259,6996,2026-09-13T02:38:29.114Z,FALSE,"",17:45,FALSE
fare_BOM-DEL_6E_2026-09-14_T+1_1789268425657_hq8a,BOM-DEL,EaseMyTrip,6E,6E-5056,2026-09-14,T+1,5737,1259,6996,2026-09-13T02:38:29.114Z,FALSE,"",21:10,FALSE
fare_BOM-DEL_6E_2026-09-14_T+1_1789268425657_8ok2,BOM-DEL,EaseMyTrip,6E,6E-5386,2026-09-14,T+1,5737,1259,6996,2026-09-13T02:38:29.114Z,FALSE,"",15:10,FALSE
fare_BOM-DEL_6E_2026-09-14_T+1_1789268425657_g287,BOM-DEL,EaseMyTrip,6E,6E-5318,2026-09-14,T+1,5737,1259,6996,2026-09-13T02:38:29.114Z,FALSE,"",10:15,FALSE
fare_BOM-DEL_6E_2026-09-14_T+1_1789268425657_i5qr,BOM-DEL,EaseMyTrip,6E,6E-5178,2026-09-14,T+1,5737,1259,6996,2026-09-13T02:38:29.114Z,FALSE,"",11:45,FALSE
fare_BOM-DEL_6E_2026-09-14_T+1_1789268425657_3ype,BOM-DEL,EaseMyTrip,6E,6E-5246,2026-09-14,T+1,5737,1259,6996,2026-09-13T02:38:29.114Z,FALSE,"",07:15,FALSE
fare_BOM-DEL_6E_2026-09-14_T+1_1789268425657_uazy,BOM-DEL,EaseMyTrip,6E,6E-6195,2026-09-14,T+1,5737,1259,6996,2026-09-13T02:38:29.114Z,FALSE,"",23:00,FALSE
fare_BOM-DEL_6E_2026-09-14_T+1_1789268425657_6m2j,BOM-DEL,EaseMyTrip,6E,6E-2024,2026-09-14,T+1,5737,1259,6996,2026-09-13T02:38:29.114Z,FALSE,"",09:15,FALSE
fare_BOM-DEL_6E_2026-09-14_T+1_1789268425657_esf4,BOM-DEL,EaseMyTrip,6E,6E-5326,2026-09-14,T+1,5737,1259,6996,2026-09-13T02:38:29.114Z,FALSE,"",19:40,FALSE
fare_BOM-DEL_6E_2026-09-14_T+1_1789268425657_hx40,BOM-DEL,EaseMyTrip,6E,6E-5101,2026-09-14,T+1,6075,1334,7409,2026-09-13T02:38:29.114Z,FALSE,"",10:20,FALSE
fare_BOM-DEL_6E_2026-09-14_T+1_1789268425657_n2l6,BOM-DEL,EaseMyTrip,6E,6E-5135,2026-09-14,T+1,6075,1334,7409,2026-09-13T02:38:29.114Z,FALSE,"",23:20,FALSE
fare_BOM-DEL_6E_2026-09-14_T+1_1789268425657_ci1y,BOM-DEL,EaseMyTrip,6E,6E-5281,2026-09-14,T+1,6075,1334,7409,2026-09-13T02:38:29.114Z,FALSE,"",08:40,FALSE
fare_BOM-DEL_SG_2026-09-14_T+1_1789268425657_7yg6,BOM-DEL,EaseMyTrip,SG,SG-718,2026-09-14,T+1,6391,1403,7794,2026-09-13T02:38:29.114Z,FALSE,"",23:25,TRUE
fare_BOM-DEL_SG_2026-09-14_T+1_1789268425657_jvl3,BOM-DEL,EaseMyTrip,SG,SG-287,2026-09-14,T+1,6391,1403,7794,2026-09-13T02:38:29.114Z,FALSE,"",23:25,TRUE
fare_BOM-DEL_6E_2026-09-14_T+1_1789268425657_51ed,BOM-DEL,EaseMyTrip,6E,6E-5154,2026-09-14,T+1,6467,1419,7886,2026-09-13T02:38:29.114Z,FALSE,"",15:45,FALSE
fare_BOM-DEL_6E_2026-09-14_T+1_1789268425657_evj2,BOM-DEL,EaseMyTrip,6E,6E-7017,2026-09-14,T+1,6498,1426,7924,2026-09-13T02:38:29.114Z,FALSE,"",21:30,FALSE
fare_BOM-DEL_IX_2026-09-14_T+1_1789268425657_nosa,BOM-DEL,EaseMyTrip,IX,IX-1237,2026-09-14,T+1,7512,1649,9161,2026-09-13T02:38:29.114Z,FALSE,"",05:55,FALSE
fare_BOM-DEL_6E_2026-09-14_T+1_1789268425657_3f3q,BOM-DEL,EaseMyTrip,6E,6E-110,2026-09-14,T+1,6819,1497,8316,2026-09-13T02:38:29.114Z,FALSE,"",17:30,FALSE
fare_BOM-DEL_6E_2026-09-14_T+1_1789268425657_hdy3,BOM-DEL,EaseMyTrip,6E,6E-370,2026-09-14,T+1,6819,1497,8316,2026-09-13T02:38:29.114Z,FALSE,"",17:30,FALSE
fare_BOM-DEL_AI_2026-09-14_T+1_1789268425657_ns2f,BOM-DEL,EaseMyTrip,AI,AI-1891,2026-09-14,T+1,7095,1557,8652,2026-09-13T02:38:29.114Z,FALSE,"",08:10,TRUE
fare_BOM-DEL_6E_2026-09-14_T+1_1789268425657_u4ld,BOM-DEL,EaseMyTrip,6E,6E-6027,2026-09-14,T+1,6987,1534,8521,2026-09-13T02:38:29.114Z,FALSE,"",17:35,FALSE
fare_BOM-DEL_IX_2026-09-14_T+1_1789268425657_01zg,BOM-DEL,EaseMyTrip,IX,IX-1809,2026-09-14,T+1,7769,1705,9474,2026-09-13T02:38:29.114Z,FALSE,"",07:30,FALSE
fare_BOM-DEL_AI_2026-09-14_T+1_1789268425657_zyg1,BOM-DEL,EaseMyTrip,AI,AI-9718,2026-09-14,T+1,7737,1698,9435,2026-09-13T02:38:29.114Z,FALSE,"",20:05,FALSE
fare_BOM-DEL_IX_2026-09-14_T+1_1789268425657_4frw,BOM-DEL,EaseMyTrip,IX,IX-1238,2026-09-14,T+1,8989,1973,10962,2026-09-13T02:38:29.114Z,TRUE,"High outlier: ₹10962 > upper fence ₹9858 (Q3: ₹7863, IQR: ₹1330)",12:25,FALSE
fare_BOM-DEL_IX_2026-09-14_T+1_1789268425657_6gc0,BOM-DEL,EaseMyTrip,IX,IX-1163,2026-09-14,T+1,9328,2047,11375,2026-09-13T02:38:29.114Z,TRUE,"High outlier: ₹11375 > upper fence ₹9858 (Q3: ₹7863, IQR: ₹1330)",20:45,FALSE
fare_BOM-DEL_AI_2026-09-14_T+1_1789268425657_5ghx,BOM-DEL,EaseMyTrip,AI,AI-9558,2026-09-14,T+1,8877,1948,10825,2026-09-13T02:38:29.114Z,TRUE,"High outlier: ₹10825 > upper fence ₹9858 (Q3: ₹7863, IQR: ₹1330)",07:30,FALSE
fare_BOM-DEL_6E_2026-09-14_T+1_1789268425657_agy4,BOM-DEL,EaseMyTrip,6E,6E-104,2026-09-14,T+1,8768,1925,10693,2026-09-13T02:38:29.114Z,TRUE,"High outlier: ₹10693 > upper fence ₹9858 (Q3: ₹7863, IQR: ₹1330)",04:00,FALSE
fare_BOM-DEL_AI_2026-09-14_T+1_1789268425657_u4a1,BOM-DEL,EaseMyTrip,AI,AI-2491,2026-09-14,T+1,9175,2014,11189,2026-09-13T02:38:29.114Z,TRUE,"High outlier: ₹11189 > upper fence ₹9858 (Q3: ₹7863, IQR: ₹1330)",11:15,FALSE
fare_BOM-DEL_AI_2026-09-14_T+1_1789268425657_6gxp,BOM-DEL,EaseMyTrip,AI,AI-9753,2026-09-14,T+1,9502,2086,11588,2026-09-13T02:38:29.114Z,TRUE,"High outlier: ₹11588 > upper fence ₹9858 (Q3: ₹7863, IQR: ₹1330)",05:45,FALSE
fare_BOM-DEL_AI_2026-09-14_T+1_1789268425657_z3lm,BOM-DEL,EaseMyTrip,AI,AI-2477,2026-09-14,T+1,9503,2086,11589,2026-09-13T02:38:29.114Z,TRUE,"High outlier: ₹11589 > upper fence ₹9858 (Q3: ₹7863, IQR: ₹1330)",13:05,FALSE
fare_BOM-DEL_AI_2026-09-14_T+1_1789268425657_zeyk,BOM-DEL,EaseMyTrip,AI,AI-9716,2026-09-14,T+1,9721,2134,11855,2026-09-13T02:38:29.114Z,TRUE,"High outlier: ₹11855 > upper fence ₹9858 (Q3: ₹7863, IQR: ₹1330)",06:05,FALSE
fare_BOM-DEL_IX_2026-09-14_T+1_1789268425657_glwo,BOM-DEL,EaseMyTrip,IX,IX-5985,2026-09-14,T+1,10981,2410,13391,2026-09-13T02:38:29.114Z,TRUE,"High outlier: ₹13391 > upper fence ₹9858 (Q3: ₹7863, IQR: ₹1330)",15:35,FALSE
fare_BOM-DEL_IX_2026-09-14_T+1_1789268425657_oun8,BOM-DEL,EaseMyTrip,IX,IX-1640,2026-09-14,T+1,10982,2411,13393,2026-09-13T02:38:29.114Z,TRUE,"High outlier: ₹13393 > upper fence ₹9858 (Q3: ₹7863, IQR: ₹1330)",21:10,FALSE
fare_BOM-DEL_AI_2026-09-14_T+1_1789268425657_2f3f,BOM-DEL,EaseMyTrip,AI,AI-493,2026-09-14,T+1,11223,2463,13686,2026-09-13T02:38:29.114Z,TRUE,"High outlier: ₹13686 > upper fence ₹9858 (Q3: ₹7863, IQR: ₹1330)",06:40,FALSE
fare_BOM-DEL_AI_2026-09-14_T+1_1789268425657_mndn,BOM-DEL,EaseMyTrip,AI,AI-2493,2026-09-14,T+1,12051,2645,14696,2026-09-13T02:38:29.114Z,TRUE,"High outlier: ₹14696 > upper fence ₹9858 (Q3: ₹7863, IQR: ₹1330)",18:25,FALSE
fare_BOM-DEL_AI_2026-09-14_T+1_1789268425657_y9kp,BOM-DEL,EaseMyTrip,AI,AI-2781,2026-09-14,T+1,12265,2692,14957,2026-09-13T02:38:29.114Z,TRUE,"High outlier: ₹14957 > upper fence ₹9858 (Q3: ₹7863, IQR: ₹1330)",10:45,FALSE
fare_BOM-DEL_AI_2026-09-14_T+1_1789268425657_5bl2,BOM-DEL,EaseMyTrip,AI,AI-9992,2026-09-14,T+1,12446,2732,15178,2026-09-13T02:38:29.114Z,TRUE,"High outlier: ₹15178 > upper fence ₹9858 (Q3: ₹7863, IQR: ₹1330)",15:35,FALSE
fare_BOM-DEL_AI_2026-09-14_T+1_1789268425657_hhnw,BOM-DEL,EaseMyTrip,AI,AI-2785,2026-09-14,T+1,12579,2761,15340,2026-09-13T02:38:29.114Z,TRUE,"High outlier: ₹15340 > upper fence ₹9858 (Q3: ₹7863, IQR: ₹1330)",06:40,FALSE
fare_BOM-DEL_AI_2026-09-14_T+1_1789268425657_bkkl,BOM-DEL,EaseMyTrip,AI,AI-2659,2026-09-14,T+1,12876,2827,15703,2026-09-13T02:38:29.114Z,TRUE,"High outlier: ₹15703 > upper fence ₹9858 (Q3: ₹7863, IQR: ₹1330)",14:35,FALSE
fare_BOM-DEL_AI_2026-09-14_T+1_1789268425657_2yyh,BOM-DEL,EaseMyTrip,AI,AI-2741,2026-09-14,T+1,13221,2902,16123,2026-09-13T02:38:29.114Z,TRUE,"High outlier: ₹16123 > upper fence ₹9858 (Q3: ₹7863, IQR: ₹1330)",07:40,FALSE
fare_BOM-DEL_IX_2026-09-14_T+1_1789268425657_5mt1,BOM-DEL,EaseMyTrip,IX,IX-1283,2026-09-14,T+1,14097,3094,17191,2026-09-13T02:38:29.114Z,TRUE,"High outlier: ₹17191 > upper fence ₹9858 (Q3: ₹7863, IQR: ₹1330)",09:05,FALSE
fare_BOM-DEL_AI_2026-09-14_T+1_1789268425657_xvor,BOM-DEL,EaseMyTrip,AI,AI-2728,2026-09-14,T+1,13801,3029,16830,2026-09-13T02:38:29.114Z,TRUE,"High outlier: ₹16830 > upper fence ₹9858 (Q3: ₹7863, IQR: ₹1330)",05:20,FALSE
fare_BOM-DEL_6E_2026-09-14_T+1_1789268425657_dupt,BOM-DEL,EaseMyTrip,6E,6E-6361,2026-09-14,T+1,13738,3016,16754,2026-09-13T02:38:29.114Z,TRUE,"High outlier: ₹16754 > upper fence ₹9858 (Q3: ₹7863, IQR: ₹1330)",05:00,FALSE
fare_BOM-DEL_AI_2026-09-14_T+1_1789268425657_2gsl,BOM-DEL,EaseMyTrip,AI,AI-2749,2026-09-14,T+1,14001,3073,17074,2026-09-13T02:38:29.114Z,TRUE,"High outlier: ₹17074 > upper fence ₹9858 (Q3: ₹7863, IQR: ₹1330)",17:35,FALSE
fare_BOM-DEL_AI_2026-09-14_T+1_1789268425657_ib4z,BOM-DEL,EaseMyTrip,AI,AI-2997,2026-09-14,T+1,14043,3082,17125,2026-09-13T02:38:29.114Z,TRUE,"High outlier: ₹17125 > upper fence ₹9858 (Q3: ₹7863, IQR: ₹1330)",10:10,FALSE
fare_BOM-DEL_SG_2026-09-14_T+1_1789268425657_y9v7,BOM-DEL,EaseMyTrip,SG,SG-2803,2026-09-14,T+1,15537,3410,18947,2026-09-13T02:38:29.114Z,TRUE,"High outlier: ₹18947 > upper fence ₹9858 (Q3: ₹7863, IQR: ₹1330)",01:55,TRUE
fare_BOM-DEL_AI_2026-09-14_T+1_1789268425657_3xvz,BOM-DEL,EaseMyTrip,AI,AI-9891,2026-09-14,T+1,15885,3487,19372,2026-09-13T02:38:29.114Z,TRUE,"High outlier: ₹19372 > upper fence ₹9858 (Q3: ₹7863, IQR: ₹1330)",13:10,FALSE
fare_BOM-DEL_AI_2026-09-14_T+1_1789268425657_zhgw,BOM-DEL,EaseMyTrip,AI,AI-2531,2026-09-14,T+1,16055,3524,19579,2026-09-13T02:38:29.114Z,TRUE,"High outlier: ₹19579 > upper fence ₹9858 (Q3: ₹7863, IQR: ₹1330)",15:05,FALSE
fare_BOM-DEL_AI_2026-09-14_T+1_1789268425657_xmad,BOM-DEL,EaseMyTrip,AI,AI-2444,2026-09-14,T+1,16168,3549,19717,2026-09-13T02:38:29.114Z,TRUE,"High outlier: ₹19717 > upper fence ₹9858 (Q3: ₹7863, IQR: ₹1330)",10:50,FALSE
fare_BOM-DEL_AI_2026-09-14_T+1_1789268425657_kdi6,BOM-DEL,EaseMyTrip,AI,AI-2625,2026-09-14,T+1,16316,3581,19897,2026-09-13T02:38:29.114Z,TRUE,"High outlier: ₹19897 > upper fence ₹9858 (Q3: ₹7863, IQR: ₹1330)",06:00,FALSE
fare_BOM-DEL_AI_2026-09-14_T+1_1789268425657_rt12,BOM-DEL,EaseMyTrip,AI,AI-2503,2026-09-14,T+1,16645,3654,20299,2026-09-13T02:38:29.114Z,TRUE,"High outlier: ₹20299 > upper fence ₹9858 (Q3: ₹7863, IQR: ₹1330)",12:55,FALSE
fare_BOM-DEL_AI_2026-09-14_T+1_1789268425657_dv2f,BOM-DEL,EaseMyTrip,AI,AI-2915,2026-09-14,T+1,16813,3691,20504,2026-09-13T02:38:29.114Z,TRUE,"High outlier: ₹20504 > upper fence ₹9858 (Q3: ₹7863, IQR: ₹1330)",15:30,FALSE
fare_BOM-DEL_AI_2026-09-14_T+1_1789268425657_yitx,BOM-DEL,EaseMyTrip,AI,AI-2579,2026-09-14,T+1,16844,3697,20541,2026-09-13T02:38:29.114Z,TRUE,"High outlier: ₹20541 > upper fence ₹9858 (Q3: ₹7863, IQR: ₹1330)",10:35,FALSE
fare_BOM-DEL_AI_2026-09-14_T+1_1789268425657_3848,BOM-DEL,EaseMyTrip,AI,AI-9533,2026-09-14,T+1,18427,4045,22472,2026-09-13T02:38:29.114Z,TRUE,"High outlier: ₹22472 > upper fence ₹9858 (Q3: ₹7863, IQR: ₹1330)",16:30,FALSE
fare_BOM-GOI_IX_2026-10-28_T+45_1789268425658_bwsa,BOM-GOI,EaseMyTrip,IX,IX-1242,2026-10-28,T+45,3538,777,4315,2026-09-13T02:43:58.297Z,FALSE,"",21:15,TRUE
fare_BOM-GOI_IX_2026-10-28_T+45_1789268425658_b5lx,BOM-GOI,EaseMyTrip,IX,IX-2367,2026-10-28,T+45,3645,800,4445,2026-09-13T02:43:58.297Z,FALSE,"",05:30,TRUE
fare_BOM-GOI_AI_2026-10-28_T+45_1789268425658_i78j,BOM-GOI,EaseMyTrip,AI,AI-603,2026-10-28,T+45,3632,797,4429,2026-09-13T02:43:58.297Z,FALSE,"",05:10,TRUE
fare_BOM-GOI_IX_2026-10-28_T+45_1789268425658_3y3t,BOM-GOI,EaseMyTrip,IX,IX-1361,2026-10-28,T+45,3785,831,4616,2026-09-13T02:43:58.297Z,FALSE,"",16:55,TRUE
fare_BOM-GOI_IX_2026-10-28_T+45_1789268425658_med8,BOM-GOI,EaseMyTrip,IX,IX-1051,2026-10-28,T+45,3785,831,4616,2026-09-13T02:43:58.297Z,FALSE,"",20:35,TRUE
fare_BOM-GOI_6E_2026-10-28_T+45_1789268425658_zuxi,BOM-GOI,EaseMyTrip,6E,6E-6361,2026-10-28,T+45,3700,812,4512,2026-09-13T02:43:58.297Z,FALSE,"",04:30,TRUE
fare_BOM-GOI_6E_2026-10-28_T+45_1789268425658_x7e2,BOM-GOI,EaseMyTrip,6E,6E-5106,2026-10-28,T+45,3700,812,4512,2026-09-13T02:43:58.297Z,FALSE,"",23:25,TRUE
fare_BOM-GOI_6E_2026-10-28_T+45_1789268425658_fj7n,BOM-GOI,EaseMyTrip,6E,6E-5011,2026-10-28,T+45,3786,831,4617,2026-09-13T02:43:58.297Z,FALSE,"",13:55,TRUE
fare_BOM-GOI_6E_2026-10-28_T+45_1789268425658_yxmv,BOM-GOI,EaseMyTrip,6E,6E-6064,2026-10-28,T+45,3786,831,4617,2026-09-13T02:43:58.297Z,FALSE,"",17:20,TRUE
fare_BOM-GOI_6E_2026-10-28_T+45_1789268425658_i0zu,BOM-GOI,EaseMyTrip,6E,6E-2282,2026-10-28,T+45,3786,831,4617,2026-09-13T02:43:58.297Z,FALSE,"",20:45,TRUE
fare_BOM-GOI_6E_2026-10-28_T+45_1789268425658_385v,BOM-GOI,EaseMyTrip,6E,6E-2070,2026-10-28,T+45,3829,840,4669,2026-09-13T02:43:58.297Z,FALSE,"",17:30,TRUE
fare_BOM-GOI_6E_2026-10-28_T+45_1789268425658_k13t,BOM-GOI,EaseMyTrip,6E,6E-5177,2026-10-28,T+45,3829,840,4669,2026-09-13T02:43:58.297Z,FALSE,"",11:15,TRUE
fare_BOM-GOI_QP_2026-10-28_T+45_1789268425658_h98g,BOM-GOI,EaseMyTrip,QP,QP-1105,2026-10-28,T+45,4215,925,5140,2026-09-13T02:43:58.297Z,FALSE,"",13:25,TRUE
fare_BOM-GOI_6E_2026-10-28_T+45_1789268425658_b24t,BOM-GOI,EaseMyTrip,6E,6E-5284,2026-10-28,T+45,4483,984,5467,2026-09-13T02:43:58.297Z,FALSE,"",08:10,TRUE
fare_BOM-GOI_AI_2026-10-28_T+45_1789268425658_dh09,BOM-GOI,EaseMyTrip,AI,AI-2745,2026-10-28,T+45,4695,1030,5725,2026-09-13T02:43:58.297Z,FALSE,"",15:25,TRUE
fare_BOM-GOI_AI_2026-10-28_T+45_1789268425658_ir28,BOM-GOI,EaseMyTrip,AI,AI-2505,2026-10-28,T+45,4695,1030,5725,2026-09-13T02:43:58.297Z,FALSE,"",20:55,TRUE
fare_BOM-GOI_IX_2026-10-28_T+45_1789268425658_xi1a,BOM-GOI,EaseMyTrip,IX,IX-1549,2026-10-28,T+45,5788,1271,7059,2026-09-13T02:43:58.297Z,FALSE,"",14:25,FALSE
fare_BOM-GOI_AI_2026-10-28_T+45_1789268425658_ge2i,BOM-GOI,EaseMyTrip,AI,AI-2477,2026-10-28,T+45,5212,1144,6356,2026-09-13T02:43:58.297Z,FALSE,"",13:40,TRUE
fare_BOM-GOI_SG_2026-10-28_T+45_1789268425658_9v7x,BOM-GOI,EaseMyTrip,SG,SG-778,2026-10-28,T+45,5399,1185,6584,2026-09-13T02:43:58.297Z,FALSE,"",20:40,TRUE
fare_BOM-GOI_SG_2026-10-28_T+45_1789268425658_mzga,BOM-GOI,EaseMyTrip,SG,SG-922,2026-10-28,T+45,5399,1185,6584,2026-09-13T02:43:58.297Z,FALSE,"",20:40,TRUE
fare_BOM-GOI_6E_2026-10-28_T+45_1789268425658_er64,BOM-GOI,EaseMyTrip,6E,6E-5061,2026-10-28,T+45,5387,1183,6570,2026-09-13T02:43:58.297Z,FALSE,"",19:50,TRUE
fare_BOM-GOI_IX_2026-10-28_T+45_1789268425658_w245,BOM-GOI,EaseMyTrip,IX,IX-1519,2026-10-28,T+45,6111,1341,7452,2026-09-13T02:43:58.297Z,FALSE,"",11:45,TRUE
fare_BOM-GOI_AI_2026-10-28_T+45_1789268425658_rnx5,BOM-GOI,EaseMyTrip,AI,AI-2841,2026-10-28,T+45,6189,1359,7548,2026-09-13T02:43:58.297Z,FALSE,"",11:30,TRUE
fare_BOM-GOI_6E_2026-10-28_T+45_1789268425658_janl,BOM-GOI,EaseMyTrip,6E,6E-5179,2026-10-28,T+45,6131,1346,7477,2026-09-13T02:43:58.297Z,FALSE,"",02:35,FALSE
fare_BOM-GOI_6E_2026-10-28_T+45_1789268425658_0hfm,BOM-GOI,EaseMyTrip,6E,6E-6365,2026-10-28,T+45,6131,1346,7477,2026-09-13T02:43:58.297Z,FALSE,"",12:00,FALSE
fare_BOM-GOI_6E_2026-10-28_T+45_1789268425658_8qx6,BOM-GOI,EaseMyTrip,6E,6E-5228,2026-10-28,T+45,6131,1346,7477,2026-09-13T02:43:58.297Z,FALSE,"",16:40,FALSE
fare_BOM-GOI_6E_2026-10-28_T+45_1789268425658_ccfv,BOM-GOI,EaseMyTrip,6E,6E-5246,2026-10-28,T+45,6131,1346,7477,2026-09-13T02:43:58.297Z,FALSE,"",07:20,FALSE
fare_BOM-GOI_6E_2026-10-28_T+45_1789268425658_11wl,BOM-GOI,EaseMyTrip,6E,6E-5318,2026-10-28,T+45,6131,1346,7477,2026-09-13T02:43:58.297Z,FALSE,"",10:15,FALSE
fare_BOM-GOI_6E_2026-10-28_T+45_1789268425658_vfil,BOM-GOI,EaseMyTrip,6E,6E-5386,2026-10-28,T+45,6131,1346,7477,2026-09-13T02:43:58.297Z,FALSE,"",15:05,FALSE
fare_BOM-GOI_6E_2026-10-28_T+45_1789268425658_0bpn,BOM-GOI,EaseMyTrip,6E,6E-6362,2026-10-28,T+45,6131,1346,7477,2026-09-13T02:43:58.297Z,FALSE,"",05:30,FALSE
fare_BOM-GOI_6E_2026-10-28_T+45_1789268425658_mx30,BOM-GOI,EaseMyTrip,6E,6E-6195,2026-10-28,T+45,6131,1346,7477,2026-09-13T02:43:58.297Z,FALSE,"",23:10,FALSE
fare_BOM-GOI_6E_2026-10-28_T+45_1789268425658_ido6,BOM-GOI,EaseMyTrip,6E,6E-5056,2026-10-28,T+45,6131,1346,7477,2026-09-13T02:43:58.297Z,FALSE,"",21:25,FALSE
fare_BOM-GOI_6E_2026-10-28_T+45_1789268425658_4xug,BOM-GOI,EaseMyTrip,6E,6E-708,2026-10-28,T+45,6627,1455,8082,2026-09-13T02:43:58.297Z,FALSE,"",11:35,TRUE
fare_BOM-GOI_6E_2026-10-28_T+45_1789268425658_eidd,BOM-GOI,EaseMyTrip,6E,6E-356,2026-10-28,T+45,6627,1455,8082,2026-09-13T02:43:58.297Z,FALSE,"",11:35,TRUE
fare_BOM-GOI_6E_2026-10-28_T+45_1789268425658_96h6,BOM-GOI,EaseMyTrip,6E,6E-2075,2026-10-28,T+45,6660,1462,8122,2026-09-13T02:43:58.297Z,FALSE,"",07:10,FALSE
fare_BOM-GOI_6E_2026-10-28_T+45_1789268425658_2g7n,BOM-GOI,EaseMyTrip,6E,6E-5064,2026-10-28,T+45,6851,1504,8355,2026-09-13T02:43:58.297Z,FALSE,"",12:05,TRUE
fare_BOM-GOI_AI_2026-10-28_T+45_1789268425658_inqu,BOM-GOI,EaseMyTrip,AI,AI-2617,2026-10-28,T+45,8567,1881,10448,2026-09-13T02:43:58.297Z,FALSE,"",11:35,FALSE
fare_BOM-GOI_AI_2026-10-28_T+45_1789268425658_fszj,BOM-GOI,EaseMyTrip,AI,AI-2869,2026-10-28,T+45,9044,1985,11029,2026-09-13T02:43:58.297Z,FALSE,"",21:30,FALSE
fare_BOM-GOI_AI_2026-10-28_T+45_1789268425658_df6o,BOM-GOI,EaseMyTrip,AI,AI-2875,2026-10-28,T+45,9200,2019,11219,2026-09-13T02:43:58.297Z,FALSE,"",19:10,FALSE
fare_BOM-GOI_AI_2026-10-28_T+45_1789268425658_bm3t,BOM-GOI,EaseMyTrip,AI,AI-2812,2026-10-28,T+45,9221,2024,11245,2026-09-13T02:43:58.297Z,FALSE,"",02:05,FALSE
fare_BOM-GOI_AI_2026-10-28_T+45_1789268425658_d590,BOM-GOI,EaseMyTrip,AI,AI-417,2026-10-28,T+45,9299,2041,11340,2026-09-13T02:43:58.297Z,FALSE,"",08:55,FALSE
fare_BOM-GOI_AI_2026-10-28_T+45_1789268425658_caih,BOM-GOI,EaseMyTrip,AI,AI-2625,2026-10-28,T+45,9519,2090,11609,2026-09-13T02:43:58.297Z,FALSE,"",06:30,FALSE
fare_BOM-GOI_AI_2026-10-28_T+45_1789268425658_q66b,BOM-GOI,EaseMyTrip,AI,AI-2621,2026-10-28,T+45,9651,2119,11770,2026-09-13T02:43:58.297Z,FALSE,"",13:45,FALSE
fare_BOM-GOI_AI_2026-10-28_T+45_1789268425658_o6kl,BOM-GOI,EaseMyTrip,AI,AI-2632,2026-10-28,T+45,9651,2119,11770,2026-09-13T02:43:58.297Z,FALSE,"",12:00,FALSE
fare_BOM-GOI_AI_2026-10-28_T+45_1789268425658_7ud8,BOM-GOI,EaseMyTrip,AI,AI-2623,2026-10-28,T+45,10020,2199,12219,2026-09-13T02:43:58.297Z,FALSE,"",11:00,FALSE
fare_BOM-GOI_AI_2026-10-28_T+45_1789268425658_jtnp,BOM-GOI,EaseMyTrip,AI,AI-2863,2026-10-28,T+45,10253,2251,12504,2026-09-13T02:43:58.297Z,FALSE,"",10:00,FALSE
fare_BOM-GOI_AI_2026-10-28_T+45_1789268425658_l64p,BOM-GOI,EaseMyTrip,AI,AI-2851,2026-10-28,T+45,10356,2273,12629,2026-09-13T02:43:58.297Z,FALSE,"",07:55,FALSE
fare_BOM-GOI_AI_2026-10-28_T+45_1789268425658_rz95,BOM-GOI,EaseMyTrip,AI,AI-2531,2026-10-28,T+45,11173,2452,13625,2026-09-13T02:43:58.297Z,FALSE,"",15:05,FALSE
fare_BOM-GOI_AI_2026-10-28_T+45_1789268425658_z5e6,BOM-GOI,EaseMyTrip,AI,AI-2484,2026-10-28,T+45,11460,2515,13975,2026-09-13T02:43:58.297Z,FALSE,"",18:00,FALSE
fare_BOM-GOI_AI_2026-10-28_T+45_1789268425658_3b2c,BOM-GOI,EaseMyTrip,AI,AI-2588,2026-10-28,T+45,11669,2561,14230,2026-09-13T02:43:58.297Z,FALSE,"",15:30,FALSE
fare_BOM-GOI_AI_2026-10-28_T+45_1789268425658_zkg4,BOM-GOI,EaseMyTrip,AI,AI-2442,2026-10-28,T+45,11669,2561,14230,2026-09-13T02:43:58.297Z,FALSE,"",15:00,FALSE
fare_BOM-GOI_AI_2026-10-28_T+45_1789268425658_tgmn,BOM-GOI,EaseMyTrip,AI,AI-2677,2026-10-28,T+45,11669,2561,14230,2026-09-13T02:43:58.297Z,FALSE,"",13:00,FALSE
fare_BOM-GOI_AI_2026-10-28_T+45_1789268425659_gldp,BOM-GOI,EaseMyTrip,AI,AI-2419,2026-10-28,T+45,11669,2561,14230,2026-09-13T02:43:58.297Z,FALSE,"",12:15,FALSE
fare_BOM-GOI_AI_2026-10-28_T+45_1789268425659_7kbf,BOM-GOI,EaseMyTrip,AI,AI-2849,2026-10-28,T+45,11677,2563,14240,2026-09-13T02:43:58.297Z,FALSE,"",17:30,FALSE
fare_BOM-GOI_AI_2026-10-28_T+45_1789268425659_gmew,BOM-GOI,EaseMyTrip,AI,AI-2952,2026-10-28,T+45,11745,2578,14323,2026-09-13T02:43:58.297Z,FALSE,"",10:55,FALSE
fare_BOM-GOI_AI_2026-10-28_T+45_1789268425659_69t0,BOM-GOI,EaseMyTrip,AI,AI-2641,2026-10-28,T+45,11787,2587,14374,2026-09-13T02:43:58.297Z,FALSE,"",19:15,FALSE
fare_BOM-GOI_AI_2026-10-28_T+45_1789268425659_mopu,BOM-GOI,EaseMyTrip,AI,AI-2687,2026-10-28,T+45,11819,2595,14414,2026-09-13T02:43:58.297Z,FALSE,"",16:30,FALSE
fare_BOM-GOI_AI_2026-10-28_T+45_1789268425659_szsc,BOM-GOI,EaseMyTrip,AI,AI-2401,2026-10-28,T+45,12119,2660,14779,2026-09-13T02:43:58.297Z,FALSE,"",20:45,FALSE
fare_BOM-GOI_AI_2026-10-28_T+45_1789268425659_wy4z,BOM-GOI,EaseMyTrip,AI,AI-2956,2026-10-28,T+45,12508,2746,15254,2026-09-13T02:43:58.297Z,FALSE,"",01:15,FALSE
fare_BOM-GOI_AI_2026-10-28_T+45_1789268425659_tqxe,BOM-GOI,EaseMyTrip,AI,AI-2432,2026-10-28,T+45,12837,2818,15655,2026-09-13T02:43:58.297Z,FALSE,"",09:30,FALSE
fare_BOM-GOI_AI_2026-10-28_T+45_1789268425659_xliq,BOM-GOI,EaseMyTrip,AI,AI-2574,2026-10-28,T+45,12837,2818,15655,2026-09-13T02:43:58.297Z,FALSE,"",08:55,FALSE
fare_BOM-GOI_AI_2026-10-28_T+45_1789268425659_s9jt,BOM-GOI,EaseMyTrip,AI,AI-2970,2026-10-28,T+45,13206,2899,16105,2026-09-13T02:43:58.297Z,FALSE,"",08:30,FALSE
fare_BOM-GOI_AI_2026-10-28_T+45_1789268425659_g04d,BOM-GOI,EaseMyTrip,AI,AI-2603,2026-10-28,T+45,13533,2971,16504,2026-09-13T02:43:58.297Z,FALSE,"",06:35,FALSE
fare_BOM-GOI_AI_2026-10-28_T+45_1789268425659_camd,BOM-GOI,EaseMyTrip,AI,AI-9835,2026-10-28,T+45,13629,2992,16621,2026-09-13T02:43:58.297Z,FALSE,"",05:30,FALSE
fare_BOM-GOI_AI_2026-10-28_T+45_1789268425659_iler,BOM-GOI,EaseMyTrip,AI,AI-2428,2026-10-28,T+45,14259,3130,17389,2026-09-13T02:43:58.297Z,FALSE,"",08:00,FALSE
fare_BOM-GOI_AI_2026-10-28_T+45_1789268425659_gzh1,BOM-GOI,EaseMyTrip,AI,AI-2424,2026-10-28,T+45,14259,3130,17389,2026-09-13T02:43:58.297Z,FALSE,"",07:00,FALSE
fare_BOM-GOI_AI_2026-10-28_T+45_1789268425659_s9rw,BOM-GOI,EaseMyTrip,AI,AI-2928,2026-10-28,T+45,14259,3130,17389,2026-09-13T02:43:58.297Z,FALSE,"",06:30,FALSE
fare_BOM-PNQ_AI_2026-10-28_T+45_1789268425659_ecu0,BOM-PNQ,EaseMyTrip,AI,AI-2617,2026-10-28,T+45,9159,2011,11170,2026-09-13T02:45:57.827Z,FALSE,"",11:35,FALSE
fare_BOM-PNQ_AI_2026-10-28_T+45_1789268425659_v8sl,BOM-PNQ,EaseMyTrip,AI,AI-2869,2026-10-28,T+45,9464,2077,11541,2026-09-13T02:45:57.827Z,FALSE,"",21:30,FALSE
fare_BOM-PNQ_AI_2026-10-28_T+45_1789268425659_og7o,BOM-PNQ,EaseMyTrip,AI,AI-2875,2026-10-28,T+45,9792,2149,11941,2026-09-13T02:45:57.827Z,FALSE,"",19:10,FALSE
fare_BOM-PNQ_AI_2026-10-28_T+45_1789268425659_8lg8,BOM-PNQ,EaseMyTrip,AI,AI-2625,2026-10-28,T+45,10112,2220,12332,2026-09-13T02:45:57.827Z,FALSE,"",06:30,FALSE
fare_BOM-PNQ_AI_2026-10-28_T+45_1789268425659_2h1v,BOM-PNQ,EaseMyTrip,AI,AI-2484,2026-10-28,T+45,10115,2220,12335,2026-09-13T02:45:57.827Z,FALSE,"",18:00,FALSE
fare_BOM-PNQ_AI_2026-10-28_T+45_1789268425659_6v1g,BOM-PNQ,EaseMyTrip,AI,AI-2853,2026-10-28,T+45,10115,2220,12335,2026-09-13T02:45:57.827Z,FALSE,"",15:35,FALSE
fare_BOM-PNQ_AI_2026-10-28_T+45_1789268425659_4aum,BOM-PNQ,EaseMyTrip,AI,AI-2621,2026-10-28,T+45,10115,2220,12335,2026-09-13T02:45:57.827Z,FALSE,"",13:45,FALSE
fare_BOM-PNQ_AI_2026-10-28_T+45_1789268425659_i58k,BOM-PNQ,EaseMyTrip,AI,AI-2632,2026-10-28,T+45,10115,2220,12335,2026-09-13T02:45:57.827Z,FALSE,"",12:00,FALSE
fare_BOM-PNQ_AI_2026-10-28_T+45_1789268425659_8lrq,BOM-PNQ,EaseMyTrip,AI,AI-417,2026-10-28,T+45,10218,2243,12461,2026-09-13T02:45:57.827Z,FALSE,"",08:55,FALSE
fare_BOM-PNQ_AI_2026-10-28_T+45_1789268425659_ti82,BOM-PNQ,EaseMyTrip,AI,AI-2849,2026-10-28,T+45,10332,2268,12600,2026-09-13T02:45:57.827Z,FALSE,"",17:30,FALSE
fare_BOM-PNQ_AI_2026-10-28_T+45_1789268425659_920d,BOM-PNQ,EaseMyTrip,AI,AI-2641,2026-10-28,T+45,10442,2292,12734,2026-09-13T02:45:57.827Z,FALSE,"",19:15,FALSE
fare_BOM-PNQ_AI_2026-10-28_T+45_1789268425659_md5t,BOM-PNQ,EaseMyTrip,AI,AI-2591,2026-10-28,T+45,10458,2296,12754,2026-09-13T02:45:57.827Z,FALSE,"",07:25,FALSE
fare_BOM-PNQ_AI_2026-10-28_T+45_1789268425659_mf5l,BOM-PNQ,EaseMyTrip,AI,AI-2623,2026-10-28,T+45,10483,2301,12784,2026-09-13T02:45:57.827Z,FALSE,"",11:00,FALSE
fare_BOM-PNQ_AI_2026-10-28_T+45_1789268425659_buj8,BOM-PNQ,EaseMyTrip,AI,AI-2749,2026-10-28,T+45,10635,2334,12969,2026-09-13T02:45:57.827Z,FALSE,"",17:35,FALSE
fare_BOM-PNQ_AI_2026-10-28_T+45_1789268425659_j39c,BOM-PNQ,EaseMyTrip,AI,AI-2863,2026-10-28,T+45,10717,2352,13069,2026-09-13T02:45:57.827Z,FALSE,"",10:00,FALSE
fare_BOM-PNQ_AI_2026-10-28_T+45_1789268425659_7auv,BOM-PNQ,EaseMyTrip,AI,AI-2401,2026-10-28,T+45,10774,2365,13139,2026-09-13T02:45:57.827Z,FALSE,"",20:45,FALSE
fare_BOM-PNQ_AI_2026-10-28_T+45_1789268425659_w6pt,BOM-PNQ,EaseMyTrip,AI,AI-2812,2026-10-28,T+45,11026,2420,13446,2026-09-13T02:45:57.827Z,FALSE,"",02:05,FALSE
fare_BOM-PNQ_AI_2026-10-28_T+45_1789268425659_bgvi,BOM-PNQ,EaseMyTrip,AI,AI-2851,2026-10-28,T+45,11250,2469,13719,2026-09-13T02:45:57.827Z,FALSE,"",07:55,FALSE
fare_BOM-PNQ_AI_2026-10-28_T+45_1789268425659_gzue,BOM-PNQ,EaseMyTrip,AI,AI-2556,2026-10-28,T+45,11692,2567,14259,2026-09-13T02:45:57.827Z,FALSE,"",23:55,FALSE
fare_BOM-PNQ_AI_2026-10-28_T+45_1789268425659_886t,BOM-PNQ,EaseMyTrip,AI,AI-2531,2026-10-28,T+45,11765,2582,14347,2026-09-13T02:45:57.827Z,TRUE,"High outlier: ₹14347 > upper fence ₹14345 (Q3: ₹13139, IQR: ₹804)",15:05,FALSE
fare_BOM-PNQ_AI_2026-10-28_T+45_1789268425659_5fwr,BOM-PNQ,EaseMyTrip,AI,AI-2677,2026-10-28,T+45,12693,2786,15479,2026-09-13T02:45:57.827Z,TRUE,"High outlier: ₹15479 > upper fence ₹14345 (Q3: ₹13139, IQR: ₹804)",13:00,FALSE
fare_CCU-DEL_IX_2026-09-14_T+1_1789268425659_diby,CCU-DEL,EaseMyTrip,IX,IX-1514,2026-09-14,T+1,7083,1555,8638,2026-09-13T02:41:31.492Z,FALSE,"",11:50,FALSE
fare_CCU-DEL_IX_2026-09-14_T+1_1789268425659_gw8h,CCU-DEL,EaseMyTrip,IX,IX-1248,2026-09-14,T+1,7083,1555,8638,2026-09-13T02:41:31.492Z,FALSE,"",07:45,FALSE
fare_CCU-DEL_6E_2026-09-14_T+1_1789268425659_3cy3,CCU-DEL,EaseMyTrip,6E,6E-910,2026-09-14,T+1,6376,1400,7776,2026-09-13T02:41:31.492Z,FALSE,"",14:00,FALSE
fare_CCU-DEL_6E_2026-09-14_T+1_1789268425659_lp0b,CCU-DEL,EaseMyTrip,6E,6E-756,2026-09-14,T+1,6376,1400,7776,2026-09-13T02:41:31.492Z,FALSE,"",14:00,FALSE
fare_CCU-DEL_6E_2026-09-14_T+1_1789268425659_8xcl,CCU-DEL,EaseMyTrip,6E,6E-145,2026-09-14,T+1,6389,1402,7791,2026-09-13T02:41:31.492Z,FALSE,"",18:05,FALSE
fare_CCU-DEL_6E_2026-09-14_T+1_1789268425659_4s2k,CCU-DEL,EaseMyTrip,6E,6E-280,2026-09-14,T+1,6389,1402,7791,2026-09-13T02:41:31.492Z,FALSE,"",18:05,FALSE
fare_CCU-DEL_6E_2026-09-14_T+1_1789268425659_5eq2,CCU-DEL,EaseMyTrip,6E,6E-691,2026-09-14,T+1,6389,1402,7791,2026-09-13T02:41:31.492Z,FALSE,"",10:45,FALSE
fare_CCU-DEL_6E_2026-09-14_T+1_1789268425659_j390,CCU-DEL,EaseMyTrip,6E,6E-6139,2026-09-14,T+1,6389,1402,7791,2026-09-13T02:41:31.492Z,FALSE,"",07:10,FALSE
fare_CCU-DEL_6E_2026-09-14_T+1_1789268425659_x5sg,CCU-DEL,EaseMyTrip,6E,6E-310,2026-09-14,T+1,6389,1402,7791,2026-09-13T02:41:31.492Z,FALSE,"",18:05,FALSE
fare_CCU-DEL_6E_2026-09-14_T+1_1789268425659_naor,CCU-DEL,EaseMyTrip,6E,6E-907,2026-09-14,T+1,6389,1402,7791,2026-09-13T02:41:31.492Z,FALSE,"",18:05,FALSE
fare_CCU-DEL_6E_2026-09-14_T+1_1789268425659_wmk8,CCU-DEL,EaseMyTrip,6E,6E-365,2026-09-14,T+1,6389,1402,7791,2026-09-13T02:41:31.492Z,FALSE,"",10:45,FALSE
fare_CCU-DEL_6E_2026-09-14_T+1_1789268425659_3hjh,CCU-DEL,EaseMyTrip,6E,6E-343,2026-09-14,T+1,6389,1402,7791,2026-09-13T02:41:31.492Z,FALSE,"",10:45,FALSE
fare_CCU-DEL_6E_2026-09-14_T+1_1789268425659_bsu3,CCU-DEL,EaseMyTrip,6E,6E-466,2026-09-14,T+1,6398,1404,7802,2026-09-13T02:41:31.492Z,FALSE,"",06:00,FALSE
fare_CCU-DEL_6E_2026-09-14_T+1_1789268425659_5mn1,CCU-DEL,EaseMyTrip,6E,6E-757,2026-09-14,T+1,6398,1404,7802,2026-09-13T02:41:31.492Z,FALSE,"",06:00,FALSE
fare_CCU-DEL_6E_2026-09-14_T+1_1789268425659_avsm,CCU-DEL,EaseMyTrip,6E,6E-938,2026-09-14,T+1,6398,1404,7802,2026-09-13T02:41:31.492Z,FALSE,"",14:20,FALSE
fare_CCU-DEL_6E_2026-09-14_T+1_1789268425659_de6p,CCU-DEL,EaseMyTrip,6E,6E-125,2026-09-14,T+1,6398,1404,7802,2026-09-13T02:41:31.492Z,FALSE,"",14:20,FALSE
fare_CCU-DEL_6E_2026-09-14_T+1_1789268425659_1fka,CCU-DEL,EaseMyTrip,6E,6E-6623,2026-09-14,T+1,6398,1404,7802,2026-09-13T02:41:31.492Z,FALSE,"",05:20,FALSE
fare_CCU-DEL_6E_2026-09-14_T+1_1789268425659_r62i,CCU-DEL,EaseMyTrip,6E,6E-286,2026-09-14,T+1,6398,1404,7802,2026-09-13T02:41:31.492Z,FALSE,"",16:05,FALSE
fare_CCU-DEL_6E_2026-09-14_T+1_1789268425659_o8n5,CCU-DEL,EaseMyTrip,6E,6E-533,2026-09-14,T+1,6398,1404,7802,2026-09-13T02:41:31.492Z,FALSE,"",16:05,FALSE
fare_CCU-DEL_6E_2026-09-14_T+1_1789268425659_8s75,CCU-DEL,EaseMyTrip,6E,6E-267,2026-09-14,T+1,6398,1404,7802,2026-09-13T02:41:31.492Z,FALSE,"",10:55,FALSE
fare_CCU-DEL_6E_2026-09-14_T+1_1789268425659_qsoj,CCU-DEL,EaseMyTrip,6E,6E-731,2026-09-14,T+1,6398,1404,7802,2026-09-13T02:41:31.492Z,FALSE,"",10:55,FALSE
fare_CCU-DEL_6E_2026-09-14_T+1_1789268425659_uucj,CCU-DEL,EaseMyTrip,6E,6E-187,2026-09-14,T+1,6398,1404,7802,2026-09-13T02:41:31.492Z,FALSE,"",06:00,FALSE
fare_CCU-DEL_6E_2026-09-14_T+1_1789268425659_yle1,CCU-DEL,EaseMyTrip,6E,6E-765,2026-09-14,T+1,6398,1404,7802,2026-09-13T02:41:31.492Z,FALSE,"",06:00,FALSE
fare_CCU-DEL_6E_2026-09-14_T+1_1789268425659_8x5t,CCU-DEL,EaseMyTrip,6E,6E-6513,2026-09-14,T+1,6398,1404,7802,2026-09-13T02:41:31.492Z,FALSE,"",08:40,FALSE
fare_CCU-DEL_6E_2026-09-14_T+1_1789268425659_otxx,CCU-DEL,EaseMyTrip,6E,6E-668,2026-09-14,T+1,6561,1440,8001,2026-09-13T02:41:31.492Z,FALSE,"",11:40,FALSE
fare_CCU-DEL_6E_2026-09-14_T+1_1789268425659_h7mq,CCU-DEL,EaseMyTrip,6E,6E-529,2026-09-14,T+1,6561,1440,8001,2026-09-13T02:41:31.492Z,FALSE,"",11:40,FALSE
fare_CCU-DEL_6E_2026-09-14_T+1_1789268425659_zqv4,CCU-DEL,EaseMyTrip,6E,6E-6717,2026-09-14,T+1,6561,1440,8001,2026-09-13T02:41:31.492Z,FALSE,"",18:35,FALSE
fare_CCU-DEL_6E_2026-09-14_T+1_1789268425659_ehc5,CCU-DEL,EaseMyTrip,6E,6E-6851,2026-09-14,T+1,6561,1440,8001,2026-09-13T02:41:31.492Z,FALSE,"",11:15,FALSE
fare_CCU-DEL_6E_2026-09-14_T+1_1789268425659_1t5m,CCU-DEL,EaseMyTrip,6E,6E-191,2026-09-14,T+1,6561,1440,8001,2026-09-13T02:41:31.492Z,FALSE,"",16:05,FALSE
fare_CCU-DEL_6E_2026-09-14_T+1_1789268425659_ca7g,CCU-DEL,EaseMyTrip,6E,6E-634,2026-09-14,T+1,6561,1440,8001,2026-09-13T02:41:31.492Z,FALSE,"",16:05,FALSE
fare_CCU-DEL_6E_2026-09-14_T+1_1789268425659_ll3g,CCU-DEL,EaseMyTrip,6E,6E-6134,2026-09-14,T+1,6647,1459,8106,2026-09-13T02:41:31.492Z,FALSE,"",16:30,FALSE
fare_CCU-DEL_6E_2026-09-14_T+1_1789268425659_2aft,CCU-DEL,EaseMyTrip,6E,6E-853,2026-09-14,T+1,6647,1459,8106,2026-09-13T02:41:31.492Z,FALSE,"",12:40,FALSE
fare_CCU-DEL_6E_2026-09-14_T+1_1789268425659_8ulo,CCU-DEL,EaseMyTrip,6E,6E-643,2026-09-14,T+1,6647,1459,8106,2026-09-13T02:41:31.492Z,FALSE,"",12:40,FALSE
fare_CCU-DEL_6E_2026-09-14_T+1_1789268425659_wo3e,CCU-DEL,EaseMyTrip,6E,6E-581,2026-09-14,T+1,6647,1459,8106,2026-09-13T02:41:31.492Z,FALSE,"",06:05,FALSE
fare_CCU-DEL_6E_2026-09-14_T+1_1789268425659_ex0y,CCU-DEL,EaseMyTrip,6E,6E-649,2026-09-14,T+1,6647,1459,8106,2026-09-13T02:41:31.492Z,FALSE,"",06:05,FALSE
fare_CCU-DEL_6E_2026-09-14_T+1_1789268425659_g1gu,CCU-DEL,EaseMyTrip,6E,6E-538,2026-09-14,T+1,6647,1459,8106,2026-09-13T02:41:31.492Z,FALSE,"",11:30,FALSE
fare_CCU-DEL_6E_2026-09-14_T+1_1789268425659_fdbo,CCU-DEL,EaseMyTrip,6E,6E-231,2026-09-14,T+1,6647,1459,8106,2026-09-13T02:41:31.492Z,FALSE,"",11:30,FALSE
fare_CCU-DEL_6E_2026-09-14_T+1_1789268425659_xx3e,CCU-DEL,EaseMyTrip,6E,6E-959,2026-09-14,T+1,6668,1464,8132,2026-09-13T02:41:31.492Z,FALSE,"",18:55,FALSE
fare_CCU-DEL_6E_2026-09-14_T+1_1789268425659_qmmd,CCU-DEL,EaseMyTrip,6E,6E-977,2026-09-14,T+1,6668,1464,8132,2026-09-13T02:41:31.492Z,FALSE,"",18:55,FALSE
fare_CCU-DEL_6E_2026-09-14_T+1_1789268425659_imjy,CCU-DEL,EaseMyTrip,6E,6E-6185,2026-09-14,T+1,6710,1473,8183,2026-09-13T02:41:31.492Z,FALSE,"",07:05,FALSE
fare_CCU-DEL_6E_2026-09-14_T+1_1789268425659_t7x4,CCU-DEL,EaseMyTrip,6E,6E-6154,2026-09-14,T+1,6840,1502,8342,2026-09-13T02:41:31.492Z,FALSE,"",20:45,FALSE
fare_CCU-DEL_QP_2026-09-14_T+1_1789268425659_6qbz,CCU-DEL,EaseMyTrip,QP,QP-1804,2026-09-14,T+1,6944,1524,8468,2026-09-13T02:41:31.492Z,FALSE,"",20:05,TRUE
fare_CCU-DEL_6E_2026-09-14_T+1_1789268425659_s47o,CCU-DEL,EaseMyTrip,6E,6E-7317,2026-09-14,T+1,7048,1547,8595,2026-09-13T02:41:31.492Z,FALSE,"",14:05,FALSE
fare_CCU-DEL_6E_2026-09-14_T+1_1789268425659_pbdh,CCU-DEL,EaseMyTrip,6E,6E-7325,2026-09-14,T+1,7048,1547,8595,2026-09-13T02:41:31.492Z,FALSE,"",16:20,FALSE
fare_CCU-DEL_6E_2026-09-14_T+1_1789268425659_xzxi,CCU-DEL,EaseMyTrip,6E,6E-7583,2026-09-14,T+1,7048,1547,8595,2026-09-13T02:41:31.492Z,FALSE,"",18:30,FALSE
fare_CCU-DEL_6E_2026-09-14_T+1_1789268425659_q0km,CCU-DEL,EaseMyTrip,6E,6E-2588,2026-09-14,T+1,7202,1581,8783,2026-09-13T02:41:31.492Z,FALSE,"",11:45,TRUE
fare_CCU-DEL_6E_2026-09-14_T+1_1789268425659_d32o,CCU-DEL,EaseMyTrip,6E,6E-646,2026-09-14,T+1,7256,1593,8849,2026-09-13T02:41:31.492Z,FALSE,"",05:20,TRUE
fare_CCU-DEL_6E_2026-09-14_T+1_1789268425659_j3de,CCU-DEL,EaseMyTrip,6E,6E-962,2026-09-14,T+1,7256,1593,8849,2026-09-13T02:41:31.492Z,FALSE,"",05:20,TRUE
fare_CCU-DEL_6E_2026-09-14_T+1_1789268425659_3ch6,CCU-DEL,EaseMyTrip,6E,6E-5190,2026-09-14,T+1,7256,1593,8849,2026-09-13T02:41:31.492Z,FALSE,"",22:30,TRUE
fare_CCU-DEL_6E_2026-09-14_T+1_1789268425659_1nd3,CCU-DEL,EaseMyTrip,6E,6E-196,2026-09-14,T+1,7256,1593,8849,2026-09-13T02:41:31.492Z,FALSE,"",19:15,TRUE
fare_CCU-DEL_6E_2026-09-14_T+1_1789268425659_lsx9,CCU-DEL,EaseMyTrip,6E,6E-929,2026-09-14,T+1,7256,1593,8849,2026-09-13T02:41:31.492Z,FALSE,"",19:15,TRUE
fare_CCU-DEL_QP_2026-09-14_T+1_1789268425659_hlki,CCU-DEL,EaseMyTrip,QP,QP-1802,2026-09-14,T+1,7315,1606,8921,2026-09-13T02:41:31.492Z,FALSE,"",09:05,TRUE
fare_CCU-DEL_AI_2026-09-14_T+1_1789268425659_t3i7,CCU-DEL,EaseMyTrip,AI,AI-1832,2026-09-14,T+1,7485,1643,9128,2026-09-13T02:41:31.492Z,FALSE,"",00:30,TRUE
fare_CCU-DEL_AI_2026-09-14_T+1_1789268425659_drv4,CCU-DEL,EaseMyTrip,AI,AI-2710,2026-09-14,T+1,7485,1643,9128,2026-09-13T02:41:31.492Z,FALSE,"",22:30,TRUE
fare_CCU-DEL_6E_2026-09-14_T+1_1789268425659_oba7,CCU-DEL,EaseMyTrip,6E,6E-6908,2026-09-14,T+1,7328,1608,8936,2026-09-13T02:41:31.492Z,FALSE,"",15:00,FALSE
fare_CCU-DEL_AI_2026-09-14_T+1_1789268425659_z3ub,CCU-DEL,EaseMyTrip,AI,AI-1863,2026-09-14,T+1,7513,1649,9162,2026-09-13T02:41:31.492Z,FALSE,"",19:15,TRUE
fare_CCU-DEL_AI_2026-09-14_T+1_1789268425659_q9kq,CCU-DEL,EaseMyTrip,AI,AI-2704,2026-09-14,T+1,7513,1649,9162,2026-09-13T02:41:31.492Z,FALSE,"",10:30,TRUE
fare_CCU-DEL_AI_2026-09-14_T+1_1789268425659_a8o5,CCU-DEL,EaseMyTrip,AI,AI-2708,2026-09-14,T+1,7513,1649,9162,2026-09-13T02:41:31.492Z,FALSE,"",21:00,TRUE
fare_CCU-DEL_AI_2026-09-14_T+1_1789268425659_6tpu,CCU-DEL,EaseMyTrip,AI,AI-2536,2026-09-14,T+1,7513,1649,9162,2026-09-13T02:41:31.492Z,FALSE,"",09:55,TRUE
fare_CCU-DEL_AI_2026-09-14_T+1_1789268425659_dtlu,CCU-DEL,EaseMyTrip,AI,AI-2768,2026-09-14,T+1,7635,1676,9311,2026-09-13T02:41:31.492Z,FALSE,"",16:10,TRUE
fare_CCU-DEL_AI_2026-09-14_T+1_1789268425659_0g1v,CCU-DEL,EaseMyTrip,AI,AI-1874,2026-09-14,T+1,7635,1676,9311,2026-09-13T02:41:31.492Z,FALSE,"",12:55,TRUE
fare_CCU-DEL_6E_2026-09-14_T+1_1789268425659_juw9,CCU-DEL,EaseMyTrip,6E,6E-478,2026-09-14,T+1,7472,1640,9112,2026-09-13T02:41:31.492Z,FALSE,"",08:25,TRUE
fare_CCU-DEL_6E_2026-09-14_T+1_1789268425659_asyu,CCU-DEL,EaseMyTrip,6E,6E-6516,2026-09-14,T+1,7472,1640,9112,2026-09-13T02:41:31.492Z,FALSE,"",16:10,TRUE
fare_CCU-DEL_6E_2026-09-14_T+1_1789268425659_mg1n,CCU-DEL,EaseMyTrip,6E,6E-2275,2026-09-14,T+1,7472,1640,9112,2026-09-13T02:41:31.492Z,FALSE,"",14:00,TRUE
fare_CCU-DEL_6E_2026-09-14_T+1_1789268425659_yusa,CCU-DEL,EaseMyTrip,6E,6E-425,2026-09-14,T+1,7472,1640,9112,2026-09-13T02:41:31.492Z,FALSE,"",10:15,TRUE
fare_CCU-DEL_6E_2026-09-14_T+1_1789268425659_nshk,CCU-DEL,EaseMyTrip,6E,6E-435,2026-09-14,T+1,7472,1640,9112,2026-09-13T02:41:31.492Z,FALSE,"",10:15,TRUE
fare_CCU-DEL_6E_2026-09-14_T+1_1789268425659_bj6p,CCU-DEL,EaseMyTrip,6E,6E-6358,2026-09-14,T+1,7472,1640,9112,2026-09-13T02:41:31.492Z,FALSE,"",12:00,TRUE
fare_CCU-DEL_6E_2026-09-14_T+1_1789268425659_zy9g,CCU-DEL,EaseMyTrip,6E,6E-6183,2026-09-14,T+1,7472,1640,9112,2026-09-13T02:41:31.492Z,FALSE,"",17:30,TRUE
fare_CCU-DEL_6E_2026-09-14_T+1_1789268425659_efi9,CCU-DEL,EaseMyTrip,6E,6E-618,2026-09-14,T+1,7472,1640,9112,2026-09-13T02:41:31.492Z,FALSE,"",07:00,TRUE
fare_CCU-DEL_6E_2026-09-14_T+1_1789268425659_gkbi,CCU-DEL,EaseMyTrip,6E,6E-593,2026-09-14,T+1,7472,1640,9112,2026-09-13T02:41:31.492Z,FALSE,"",07:00,TRUE
fare_CCU-DEL_6E_2026-09-14_T+1_1789268425659_ztvk,CCU-DEL,EaseMyTrip,6E,6E-6785,2026-09-14,T+1,7669,1683,9352,2026-09-13T02:41:31.492Z,FALSE,"",07:55,FALSE
fare_CCU-DEL_6E_2026-09-14_T+1_1789268425659_6x9d,CCU-DEL,EaseMyTrip,6E,6E-999,2026-09-14,T+1,7691,1688,9379,2026-09-13T02:41:31.492Z,FALSE,"",17:45,FALSE
fare_CCU-DEL_6E_2026-09-14_T+1_1789268425659_w8v5,CCU-DEL,EaseMyTrip,6E,6E-806,2026-09-14,T+1,7691,1688,9379,2026-09-13T02:41:31.492Z,FALSE,"",17:45,FALSE
fare_CCU-DEL_AI_2026-09-14_T+1_1789268425659_it3y,CCU-DEL,EaseMyTrip,AI,AI-2720,2026-09-14,T+1,8460,1857,10317,2026-09-13T02:41:31.492Z,FALSE,"",07:00,TRUE
fare_CCU-DEL_6E_2026-09-14_T+1_1789268425659_sxxn,CCU-DEL,EaseMyTrip,6E,6E-7924,2026-09-14,T+1,8311,1824,10135,2026-09-13T02:41:31.492Z,FALSE,"",09:55,FALSE
fare_CCU-DEL_6E_2026-09-14_T+1_1789268425659_18c1,CCU-DEL,EaseMyTrip,6E,6E-7623,2026-09-14,T+1,8817,1936,10753,2026-09-13T02:41:31.492Z,FALSE,"",07:50,FALSE
fare_CCU-DEL_6E_2026-09-14_T+1_1789268425659_ldz8,CCU-DEL,EaseMyTrip,6E,6E-7215,2026-09-14,T+1,9464,2078,11542,2026-09-13T02:41:31.492Z,FALSE,"",18:00,FALSE
fare_CCU-DEL_IX_2026-09-14_T+1_1789268425659_u627,CCU-DEL,EaseMyTrip,IX,IX-1517,2026-09-14,T+1,10270,2254,12524,2026-09-13T02:41:31.492Z,FALSE,"",07:20,FALSE
fare_CCU-DEL_AI_2026-09-14_T+1_1789268425659_49yq,CCU-DEL,EaseMyTrip,AI,AI-9501,2026-09-14,T+1,10739,2357,13096,2026-09-13T02:41:31.492Z,FALSE,"",11:50,FALSE
fare_CCU-DEL_AI_2026-09-14_T+1_1789268425659_tj6q,CCU-DEL,EaseMyTrip,AI,AI-9503,2026-09-14,T+1,12550,2755,15305,2026-09-13T02:41:31.492Z,TRUE,"High outlier: ₹15305 > upper fence ₹14064 (Q3: ₹10426, IQR: ₹2425)",07:20,FALSE
fare_CCU-DEL_AI_2026-09-14_T+1_1789268425659_2e88,CCU-DEL,EaseMyTrip,AI,AI-2644,2026-09-14,T+1,12668,2781,15449,2026-09-13T02:41:31.492Z,TRUE,"High outlier: ₹15449 > upper fence ₹14064 (Q3: ₹10426, IQR: ₹2425)",06:55,FALSE
fare_CCU-DEL_QP_2026-09-14_T+1_1789268425659_bflz,CCU-DEL,EaseMyTrip,QP,QP-1136,2026-09-14,T+1,12562,2758,15320,2026-09-13T02:41:31.492Z,TRUE,"High outlier: ₹15320 > upper fence ₹14064 (Q3: ₹10426, IQR: ₹2425)",05:10,FALSE
fare_CCU-DEL_AI_2026-09-14_T+1_1789268425659_tse7,CCU-DEL,EaseMyTrip,AI,AI-2772,2026-09-14,T+1,12914,2835,15749,2026-09-13T02:41:31.492Z,TRUE,"High outlier: ₹15749 > upper fence ₹14064 (Q3: ₹10426, IQR: ₹2425)",10:30,FALSE
fare_CCU-DEL_6E_2026-09-14_T+1_1789268425659_hn6b,CCU-DEL,EaseMyTrip,6E,6E-513,2026-09-14,T+1,13049,2864,15913,2026-09-13T02:41:31.492Z,TRUE,"High outlier: ₹15913 > upper fence ₹14064 (Q3: ₹10426, IQR: ₹2425)",11:25,FALSE
fare_CCU-DEL_6E_2026-09-14_T+1_1789268425659_t56w,CCU-DEL,EaseMyTrip,6E,6E-711,2026-09-14,T+1,13049,2864,15913,2026-09-13T02:41:31.492Z,TRUE,"High outlier: ₹15913 > upper fence ₹14064 (Q3: ₹10426, IQR: ₹2425)",11:25,FALSE
fare_CCU-DEL_AI_2026-09-14_T+1_1789268425659_ft8j,CCU-DEL,EaseMyTrip,AI,AI-2482,2026-09-14,T+1,14134,3102,17236,2026-09-13T02:41:31.492Z,TRUE,"High outlier: ₹17236 > upper fence ₹14064 (Q3: ₹10426, IQR: ₹2425)",20:35,FALSE
fare_CCU-DEL_IX_2026-09-14_T+1_1789268425659_vho0,CCU-DEL,EaseMyTrip,IX,IX-1496,2026-09-14,T+1,14738,3235,17973,2026-09-13T02:41:31.492Z,TRUE,"High outlier: ₹17973 > upper fence ₹14064 (Q3: ₹10426, IQR: ₹2425)",11:15,FALSE
fare_CCU-DEL_6E_2026-09-14_T+1_1789268425659_6324,CCU-DEL,EaseMyTrip,6E,6E-744,2026-09-14,T+1,14572,3199,17771,2026-09-13T02:41:31.492Z,TRUE,"High outlier: ₹17771 > upper fence ₹14064 (Q3: ₹10426, IQR: ₹2425)",10:55,FALSE
fare_CCU-DEL_6E_2026-09-14_T+1_1789268425659_7ri4,CCU-DEL,EaseMyTrip,6E,6E-692,2026-09-14,T+1,14572,3199,17771,2026-09-13T02:41:31.492Z,TRUE,"High outlier: ₹17771 > upper fence ₹14064 (Q3: ₹10426, IQR: ₹2425)",10:55,FALSE
fare_CCU-DEL_AI_2026-09-14_T+1_1789268425659_vrzc,CCU-DEL,EaseMyTrip,AI,AI-9782,2026-09-14,T+1,15328,3365,18693,2026-09-13T02:41:31.492Z,TRUE,"High outlier: ₹18693 > upper fence ₹14064 (Q3: ₹10426, IQR: ₹2425)",16:35,FALSE
fare_CCU-DEL_IX_2026-09-14_T+1_1789268425659_2p5v,CCU-DEL,EaseMyTrip,IX,IX-1371,2026-09-14,T+1,15558,3415,18973,2026-09-13T02:41:31.492Z,TRUE,"High outlier: ₹18973 > upper fence ₹14064 (Q3: ₹10426, IQR: ₹2425)",18:50,FALSE
fare_CCU-DEL_IX_2026-09-14_T+1_1789268425659_n1nl,CCU-DEL,EaseMyTrip,IX,IX-1543,2026-09-14,T+1,15558,3415,18973,2026-09-13T02:41:31.492Z,TRUE,"High outlier: ₹18973 > upper fence ₹14064 (Q3: ₹10426, IQR: ₹2425)",15:15,FALSE
fare_CCU-DEL_6E_2026-09-14_T+1_1789268425659_j8tg,CCU-DEL,EaseMyTrip,6E,6E-6528,2026-09-14,T+1,15738,3455,19193,2026-09-13T02:41:31.492Z,TRUE,"High outlier: ₹19193 > upper fence ₹14064 (Q3: ₹10426, IQR: ₹2425)",17:00,FALSE
fare_CCU-DEL_AI_2026-09-14_T+1_1789268425659_02ti,CCU-DEL,EaseMyTrip,AI,AI-2472,2026-09-14,T+1,16458,3613,20071,2026-09-13T02:41:31.492Z,TRUE,"High outlier: ₹20071 > upper fence ₹14064 (Q3: ₹10426, IQR: ₹2425)",15:10,FALSE
fare_CCU-DEL_6E_2026-09-14_T+1_1789268425659_nttz,CCU-DEL,EaseMyTrip,6E,6E-6749,2026-09-14,T+1,16533,3629,20162,2026-09-13T02:41:31.492Z,TRUE,"High outlier: ₹20162 > upper fence ₹14064 (Q3: ₹10426, IQR: ₹2425)",12:30,FALSE
fare_CCU-DEL_AI_2026-09-14_T+1_1789268425659_jzfp,CCU-DEL,EaseMyTrip,AI,AI-9784,2026-09-14,T+1,16762,3680,20442,2026-09-13T02:41:31.492Z,TRUE,"High outlier: ₹20442 > upper fence ₹14064 (Q3: ₹10426, IQR: ₹2425)",06:30,FALSE
fare_CCU-DEL_AI_2026-09-14_T+1_1789268425659_ji7e,CCU-DEL,EaseMyTrip,AI,AI-9438,2026-09-14,T+1,17047,3742,20789,2026-09-13T02:41:31.492Z,TRUE,"High outlier: ₹20789 > upper fence ₹14064 (Q3: ₹10426, IQR: ₹2425)",11:15,FALSE
fare_CCU-DEL_AI_2026-09-14_T+1_1789268425659_o9dt,CCU-DEL,EaseMyTrip,AI,AI-9440,2026-09-14,T+1,17047,3742,20789,2026-09-13T02:41:31.492Z,TRUE,"High outlier: ₹20789 > upper fence ₹14064 (Q3: ₹10426, IQR: ₹2425)",15:15,FALSE
fare_CCU-DEL_AI_2026-09-14_T+1_1789268425659_wjgp,CCU-DEL,EaseMyTrip,AI,AI-9436,2026-09-14,T+1,17421,3824,21245,2026-09-13T02:41:31.492Z,TRUE,"High outlier: ₹21245 > upper fence ₹14064 (Q3: ₹10426, IQR: ₹2425)",18:50,FALSE
fare_CCU-DEL_AI_2026-09-14_T+1_1789268425659_4xb4,CCU-DEL,EaseMyTrip,AI,AI-9944,2026-09-14,T+1,54348,11930,66278,2026-09-13T02:41:31.492Z,TRUE,"High outlier: ₹66278 > upper fence ₹14064 (Q3: ₹10426, IQR: ₹2425)",06:10,FALSE
fare_CCU-DEL_6E_2026-10-28_T+45_1789268425660_okr1,CCU-DEL,EaseMyTrip,6E,6E-7421,2026-10-28,T+45,6053,1329,7382,2026-09-13T02:41:54.989Z,FALSE,"",18:15,FALSE
fare_CCU-DEL_6E_2026-10-28_T+45_1789268425660_terk,CCU-DEL,EaseMyTrip,6E,6E-193,2026-10-28,T+45,6053,1329,7382,2026-09-13T02:41:54.989Z,FALSE,"",15:55,FALSE
fare_CCU-DEL_6E_2026-10-28_T+45_1789268425660_3qlt,CCU-DEL,EaseMyTrip,6E,6E-438,2026-10-28,T+45,6053,1329,7382,2026-09-13T02:41:54.989Z,FALSE,"",15:55,FALSE
fare_CCU-DEL_6E_2026-10-28_T+45_1789268425660_nb6l,CCU-DEL,EaseMyTrip,6E,6E-880,2026-10-28,T+45,6118,1343,7461,2026-09-13T02:41:54.989Z,FALSE,"",18:10,FALSE
fare_CCU-DEL_6E_2026-10-28_T+45_1789268425660_usa0,CCU-DEL,EaseMyTrip,6E,6E-975,2026-10-28,T+45,6118,1343,7461,2026-09-13T02:41:54.989Z,FALSE,"",18:10,FALSE
fare_CCU-DEL_6E_2026-10-28_T+45_1789268425660_72qa,CCU-DEL,EaseMyTrip,6E,6E-6851,2026-10-28,T+45,6118,1343,7461,2026-09-13T02:41:54.989Z,FALSE,"",11:15,FALSE
fare_CCU-DEL_6E_2026-10-28_T+45_1789268425660_gqwf,CCU-DEL,EaseMyTrip,6E,6E-6729,2026-10-28,T+45,6118,1343,7461,2026-09-13T02:41:54.989Z,FALSE,"",13:50,FALSE
fare_CCU-DEL_IX_2026-10-28_T+45_1789268425660_0tz4,CCU-DEL,EaseMyTrip,IX,IX-1256,2026-10-28,T+45,8068,1771,9839,2026-09-13T02:41:54.989Z,FALSE,"",12:45,FALSE
fare_CCU-DEL_IX_2026-10-28_T+45_1789268425660_mt9f,CCU-DEL,EaseMyTrip,IX,IX-1517,2026-10-28,T+45,8068,1771,9839,2026-09-13T02:41:54.989Z,FALSE,"",07:45,FALSE
fare_CCU-DEL_IX_2026-10-28_T+45_1789268425660_sf44,CCU-DEL,EaseMyTrip,IX,IX-1355,2026-10-28,T+45,8068,1771,9839,2026-09-13T02:41:54.989Z,FALSE,"",15:25,FALSE
fare_CCU-DEL_6E_2026-10-28_T+45_1789268425660_9l7p,CCU-DEL,EaseMyTrip,6E,6E-872,2026-10-28,T+45,6267,1376,7643,2026-09-13T02:41:54.989Z,FALSE,"",23:15,FALSE
fare_CCU-DEL_6E_2026-10-28_T+45_1789268425660_xnai,CCU-DEL,EaseMyTrip,6E,6E-979,2026-10-28,T+45,6267,1376,7643,2026-09-13T02:41:54.989Z,FALSE,"",23:15,FALSE
fare_CCU-DEL_6E_2026-10-28_T+45_1789268425660_dv09,CCU-DEL,EaseMyTrip,6E,6E-6185,2026-10-28,T+45,6267,1376,7643,2026-09-13T02:41:54.989Z,FALSE,"",08:35,FALSE
fare_CCU-DEL_6E_2026-10-28_T+45_1789268425660_m95s,CCU-DEL,EaseMyTrip,6E,6E-6139,2026-10-28,T+45,6389,1402,7791,2026-09-13T02:41:54.989Z,FALSE,"",14:45,FALSE
fare_CCU-DEL_6E_2026-10-28_T+45_1789268425660_bpui,CCU-DEL,EaseMyTrip,6E,6E-6514,2026-10-28,T+45,6484,1423,7907,2026-09-13T02:41:54.989Z,FALSE,"",07:25,FALSE
fare_CCU-DEL_IX_2026-10-28_T+45_1789268425660_4oz3,CCU-DEL,EaseMyTrip,IX,IX-1981,2026-10-28,T+45,8560,1879,10439,2026-09-13T02:41:54.989Z,FALSE,"",15:50,FALSE
fare_CCU-DEL_6E_2026-10-28_T+45_1789268425660_qlrv,CCU-DEL,EaseMyTrip,6E,6E-7924,2026-10-28,T+45,6817,1497,8314,2026-09-13T02:41:54.989Z,FALSE,"",10:15,FALSE
fare_CCU-DEL_6E_2026-10-28_T+45_1789268425660_urk2,CCU-DEL,EaseMyTrip,6E,6E-6717,2026-10-28,T+45,7048,1547,8595,2026-09-13T02:41:54.989Z,FALSE,"",19:30,FALSE
fare_CCU-DEL_QP_2026-10-28_T+45_1789268425660_8s8i,CCU-DEL,EaseMyTrip,QP,QP-1267,2026-10-28,T+45,7070,1552,8622,2026-09-13T02:41:54.989Z,FALSE,"",12:15,TRUE
fare_CCU-DEL_6E_2026-10-28_T+45_1789268425660_isyu,CCU-DEL,EaseMyTrip,6E,6E-756,2026-10-28,T+45,7328,1608,8936,2026-09-13T02:41:54.989Z,FALSE,"",16:35,FALSE
fare_CCU-DEL_6E_2026-10-28_T+45_1789268425660_abev,CCU-DEL,EaseMyTrip,6E,6E-425,2026-10-28,T+45,7328,1608,8936,2026-09-13T02:41:54.989Z,FALSE,"",16:35,FALSE
fare_CCU-DEL_IX_2026-10-28_T+45_1789268425660_sylf,CCU-DEL,EaseMyTrip,IX,IX-2794,2026-10-28,T+45,9387,2061,11448,2026-09-13T02:41:54.989Z,FALSE,"",06:50,FALSE
fare_CCU-DEL_6E_2026-10-28_T+45_1789268425660_dz9k,CCU-DEL,EaseMyTrip,6E,6E-7433,2026-10-28,T+45,7583,1664,9247,2026-09-13T02:41:54.989Z,FALSE,"",14:00,FALSE
fare_CCU-DEL_6E_2026-10-28_T+45_1789268425660_2klb,CCU-DEL,EaseMyTrip,6E,6E-6785,2026-10-28,T+45,7669,1683,9352,2026-09-13T02:41:54.989Z,FALSE,"",09:45,FALSE
fare_CCU-DEL_QP_2026-10-28_T+45_1789268425660_0lm1,CCU-DEL,EaseMyTrip,QP,QP-1259,2026-10-28,T+45,7708,1692,9400,2026-09-13T02:41:54.989Z,FALSE,"",17:45,TRUE
fare_CCU-DEL_6E_2026-10-28_T+45_1789268425660_zon4,CCU-DEL,EaseMyTrip,6E,6E-464,2026-10-28,T+45,7730,1697,9427,2026-09-13T02:41:54.989Z,FALSE,"",20:15,TRUE
fare_CCU-DEL_6E_2026-10-28_T+45_1789268425660_cfss,CCU-DEL,EaseMyTrip,6E,6E-717,2026-10-28,T+45,7730,1697,9427,2026-09-13T02:41:54.989Z,FALSE,"",20:15,TRUE
fare_CCU-DEL_6E_2026-10-28_T+45_1789268425660_4hxw,CCU-DEL,EaseMyTrip,6E,6E-6154,2026-10-28,T+45,7863,1726,9589,2026-09-13T02:41:54.989Z,FALSE,"",21:05,FALSE
fare_CCU-DEL_QP_2026-10-28_T+45_1789268425660_27sb,CCU-DEL,EaseMyTrip,QP,QP-1257,2026-10-28,T+45,7984,1752,9736,2026-09-13T02:41:54.989Z,FALSE,"",05:30,TRUE
fare_CCU-DEL_6E_2026-10-28_T+45_1789268425660_bokc,CCU-DEL,EaseMyTrip,6E,6E-782,2026-10-28,T+45,8035,1764,9799,2026-09-13T02:41:54.989Z,FALSE,"",17:50,FALSE
fare_CCU-DEL_6E_2026-10-28_T+45_1789268425660_uprm,CCU-DEL,EaseMyTrip,6E,6E-630,2026-10-28,T+45,8035,1764,9799,2026-09-13T02:41:54.989Z,FALSE,"",17:50,FALSE
fare_CCU-DEL_6E_2026-10-28_T+45_1789268425660_cbgd,CCU-DEL,EaseMyTrip,6E,6E-575,2026-10-28,T+45,8035,1764,9799,2026-09-13T02:41:54.989Z,FALSE,"",17:50,FALSE
fare_CCU-DEL_6E_2026-10-28_T+45_1789268425660_f02l,CCU-DEL,EaseMyTrip,6E,6E-473,2026-10-28,T+45,8035,1764,9799,2026-09-13T02:41:54.989Z,FALSE,"",17:50,FALSE
fare_CCU-DEL_6E_2026-10-28_T+45_1789268425660_myjf,CCU-DEL,EaseMyTrip,6E,6E-6183,2026-10-28,T+45,8075,1772,9847,2026-09-13T02:41:54.989Z,FALSE,"",22:30,TRUE
fare_CCU-DEL_6E_2026-10-28_T+45_1789268425660_9nsp,CCU-DEL,EaseMyTrip,6E,6E-371,2026-10-28,T+45,8075,1772,9847,2026-09-13T02:41:54.989Z,FALSE,"",18:45,TRUE
fare_CCU-DEL_6E_2026-10-28_T+45_1789268425660_i808,CCU-DEL,EaseMyTrip,6E,6E-792,2026-10-28,T+45,8075,1772,9847,2026-09-13T02:41:54.989Z,FALSE,"",18:45,TRUE
fare_CCU-DEL_6E_2026-10-28_T+45_1789268425660_2j0q,CCU-DEL,EaseMyTrip,6E,6E-2191,2026-10-28,T+45,8075,1772,9847,2026-09-13T02:41:54.989Z,FALSE,"",05:15,TRUE
fare_CCU-DEL_AI_2026-10-28_T+45_1789268425660_547q,CCU-DEL,EaseMyTrip,AI,AI-2708,2026-10-28,T+45,8262,1813,10075,2026-09-13T02:41:54.989Z,FALSE,"",20:55,TRUE
fare_CCU-DEL_SG_2026-10-28_T+45_1789268425660_meio,CCU-DEL,EaseMyTrip,SG,SG-933,2026-10-28,T+45,8272,1816,10088,2026-09-13T02:41:54.989Z,FALSE,"",16:00,TRUE
fare_CCU-DEL_SG_2026-10-28_T+45_1789268425660_3nfw,CCU-DEL,EaseMyTrip,SG,SG-722,2026-10-28,T+45,8272,1816,10088,2026-09-13T02:41:54.989Z,FALSE,"",16:00,TRUE
fare_CCU-DEL_AI_2026-10-28_T+45_1789268425660_tybw,CCU-DEL,EaseMyTrip,AI,AI-2554,2026-10-28,T+45,8321,1826,10147,2026-09-13T02:41:54.989Z,FALSE,"",19:05,TRUE
fare_CCU-DEL_6E_2026-10-28_T+45_1789268425660_pc91,CCU-DEL,EaseMyTrip,6E,6E-6917,2026-10-28,T+45,8164,1792,9956,2026-09-13T02:41:54.989Z,FALSE,"",14:15,FALSE
fare_CCU-DEL_IX_2026-10-28_T+45_1789268425660_519u,CCU-DEL,EaseMyTrip,IX,IX-1198,2026-10-28,T+45,8591,1886,10477,2026-09-13T02:41:54.989Z,FALSE,"",05:55,TRUE
fare_CCU-DEL_6E_2026-10-28_T+45_1789268425660_iqor,CCU-DEL,EaseMyTrip,6E,6E-834,2026-10-28,T+45,8451,1855,10306,2026-09-13T02:41:54.989Z,FALSE,"",19:10,FALSE
fare_CCU-DEL_6E_2026-10-28_T+45_1789268425660_qfgx,CCU-DEL,EaseMyTrip,6E,6E-623,2026-10-28,T+45,8451,1855,10306,2026-09-13T02:41:54.989Z,FALSE,"",19:10,FALSE
fare_CCU-DEL_6E_2026-10-28_T+45_1789268425660_kg8l,CCU-DEL,EaseMyTrip,6E,6E-5190,2026-10-28,T+45,8462,1857,10319,2026-09-13T02:41:54.989Z,FALSE,"",17:30,TRUE
fare_CCU-DEL_6E_2026-10-28_T+45_1789268425660_bnq0,CCU-DEL,EaseMyTrip,6E,6E-431,2026-10-28,T+45,8462,1857,10319,2026-09-13T02:41:54.989Z,FALSE,"",14:00,TRUE
fare_CCU-DEL_6E_2026-10-28_T+45_1789268425660_et5f,CCU-DEL,EaseMyTrip,6E,6E-848,2026-10-28,T+45,8462,1857,10319,2026-09-13T02:41:54.989Z,FALSE,"",14:00,TRUE
fare_CCU-DEL_6E_2026-10-28_T+45_1789268425660_n3nr,CCU-DEL,EaseMyTrip,6E,6E-7465,2026-10-28,T+45,8565,1880,10445,2026-09-13T02:41:54.989Z,FALSE,"",17:40,FALSE
fare_CCU-DEL_6E_2026-10-28_T+45_1789268425660_c2u1,CCU-DEL,EaseMyTrip,6E,6E-397,2026-10-28,T+45,8594,1887,10481,2026-09-13T02:41:54.989Z,FALSE,"",10:25,FALSE
fare_CCU-DEL_6E_2026-10-28_T+45_1789268425660_7a3r,CCU-DEL,EaseMyTrip,6E,6E-467,2026-10-28,T+45,8594,1887,10481,2026-09-13T02:41:54.989Z,FALSE,"",10:25,FALSE
fare_CCU-DEL_6E_2026-10-28_T+45_1789268425660_c53w,CCU-DEL,EaseMyTrip,6E,6E-868,2026-10-28,T+45,8594,1887,10481,2026-09-13T02:41:54.989Z,FALSE,"",10:25,FALSE
fare_CCU-DEL_6E_2026-10-28_T+45_1789268425660_0oof,CCU-DEL,EaseMyTrip,6E,6E-627,2026-10-28,T+45,8594,1887,10481,2026-09-13T02:41:54.989Z,FALSE,"",10:25,FALSE
fare_CCU-DEL_6E_2026-10-28_T+45_1789268425660_qejv,CCU-DEL,EaseMyTrip,6E,6E-7463,2026-10-28,T+45,8702,1910,10612,2026-09-13T02:41:54.989Z,FALSE,"",10:30,FALSE
fare_CCU-DEL_6E_2026-10-28_T+45_1789268425660_vd94,CCU-DEL,EaseMyTrip,6E,6E-275,2026-10-28,T+45,8817,1936,10753,2026-09-13T02:41:54.989Z,FALSE,"",14:00,FALSE
fare_CCU-DEL_6E_2026-10-28_T+45_1789268425660_l5ps,CCU-DEL,EaseMyTrip,6E,6E-892,2026-10-28,T+45,8817,1936,10753,2026-09-13T02:41:54.989Z,FALSE,"",14:00,FALSE
fare_CCU-DEL_6E_2026-10-28_T+45_1789268425660_fpwz,CCU-DEL,EaseMyTrip,6E,6E-124,2026-10-28,T+45,8849,1943,10792,2026-09-13T02:41:54.989Z,FALSE,"",07:15,TRUE
fare_CCU-DEL_6E_2026-10-28_T+45_1789268425660_rgbc,CCU-DEL,EaseMyTrip,6E,6E-865,2026-10-28,T+45,8849,1943,10792,2026-09-13T02:41:54.989Z,FALSE,"",07:15,TRUE
fare_CCU-DEL_AI_2026-10-28_T+45_1789268425660_73hx,CCU-DEL,EaseMyTrip,AI,AI-2502,2026-10-28,T+45,9067,1990,11057,2026-09-13T02:41:54.989Z,FALSE,"",14:35,TRUE
fare_CCU-DEL_6E_2026-10-28_T+45_1789268425660_emdd,CCU-DEL,EaseMyTrip,6E,6E-422,2026-10-28,T+45,8904,1954,10858,2026-09-13T02:41:54.989Z,FALSE,"",13:05,FALSE
fare_CCU-DEL_6E_2026-10-28_T+45_1789268425660_8p3b,CCU-DEL,EaseMyTrip,6E,6E-614,2026-10-28,T+45,8904,1954,10858,2026-09-13T02:41:54.989Z,FALSE,"",13:05,FALSE
fare_CCU-DEL_IX_2026-10-28_T+45_1789268425660_359i,CCU-DEL,EaseMyTrip,IX,IX-1538,2026-10-28,T+45,10864,2385,13249,2026-09-13T02:41:54.989Z,FALSE,"",16:05,FALSE
fare_CCU-DEL_6E_2026-10-28_T+45_1789268425660_mzwh,CCU-DEL,EaseMyTrip,6E,6E-6068,2026-10-28,T+45,9076,1992,11068,2026-09-13T02:41:54.989Z,FALSE,"",09:40,FALSE
fare_CCU-DEL_6E_2026-10-28_T+45_1789268425660_lsdi,CCU-DEL,EaseMyTrip,6E,6E-247,2026-10-28,T+45,9097,1997,11094,2026-09-13T02:41:54.989Z,FALSE,"",15:05,FALSE
fare_CCU-DEL_6E_2026-10-28_T+45_1789268425660_i3ot,CCU-DEL,EaseMyTrip,6E,6E-347,2026-10-28,T+45,9097,1997,11094,2026-09-13T02:41:54.989Z,FALSE,"",15:05,FALSE
fare_CCU-DEL_6E_2026-10-28_T+45_1789268425660_zciw,CCU-DEL,EaseMyTrip,6E,6E-2256,2026-10-28,T+45,9097,1997,11094,2026-09-13T02:41:54.989Z,FALSE,"",18:45,FALSE
fare_CCU-DEL_AI_2026-10-28_T+45_1789268425660_0u2i,CCU-DEL,EaseMyTrip,AI,AI-2710,2026-10-28,T+45,9314,2045,11359,2026-09-13T02:41:54.989Z,FALSE,"",22:30,TRUE
fare_CCU-DEL_6E_2026-10-28_T+45_1789268425660_9in5,CCU-DEL,EaseMyTrip,6E,6E-2588,2026-10-28,T+45,9226,2025,11251,2026-09-13T02:41:54.989Z,FALSE,"",13:25,TRUE
fare_CCU-DEL_6E_2026-10-28_T+45_1789268425660_1b9g,CCU-DEL,EaseMyTrip,6E,6E-972,2026-10-28,T+45,9280,2037,11317,2026-09-13T02:41:54.989Z,FALSE,"",03:00,TRUE
fare_CCU-DEL_6E_2026-10-28_T+45_1789268425660_ifaz,CCU-DEL,EaseMyTrip,6E,6E-521,2026-10-28,T+45,9280,2037,11317,2026-09-13T02:41:54.989Z,FALSE,"",03:00,TRUE
fare_CCU-DEL_6E_2026-10-28_T+45_1789268425660_qxvh,CCU-DEL,EaseMyTrip,6E,6E-6516,2026-10-28,T+45,9280,2037,11317,2026-09-13T02:41:54.989Z,FALSE,"",16:00,TRUE
fare_CCU-DEL_6E_2026-10-28_T+45_1789268425660_d8fw,CCU-DEL,EaseMyTrip,6E,6E-2326,2026-10-28,T+45,9797,2150,11947,2026-09-13T02:41:54.989Z,FALSE,"",10:15,TRUE
fare_CCU-DEL_6E_2026-10-28_T+45_1789268425660_0s5q,CCU-DEL,EaseMyTrip,6E,6E-279,2026-10-28,T+45,9797,2150,11947,2026-09-13T02:41:54.989Z,FALSE,"",08:30,TRUE
fare_CCU-DEL_6E_2026-10-28_T+45_1789268425660_6yp2,CCU-DEL,EaseMyTrip,6E,6E-312,2026-10-28,T+45,9797,2150,11947,2026-09-13T02:41:54.989Z,FALSE,"",08:30,TRUE
fare_CCU-DEL_6E_2026-10-28_T+45_1789268425660_3pme,CCU-DEL,EaseMyTrip,6E,6E-6528,2026-10-28,T+45,9809,2153,11962,2026-09-13T02:41:54.989Z,FALSE,"",17:25,FALSE
fare_CCU-DEL_AI_2026-10-28_T+45_1789268425660_4vry,CCU-DEL,EaseMyTrip,AI,AI-2720,2026-10-28,T+45,10088,2214,12302,2026-09-13T02:41:54.989Z,FALSE,"",07:00,TRUE
fare_CCU-DEL_AI_2026-10-28_T+45_1789268425660_p7yj,CCU-DEL,EaseMyTrip,AI,AI-2768,2026-10-28,T+45,10088,2214,12302,2026-09-13T02:41:54.989Z,FALSE,"",16:05,TRUE
fare_CCU-DEL_6E_2026-10-28_T+45_1789268425660_yy4f,CCU-DEL,EaseMyTrip,6E,6E-6501,2026-10-28,T+45,10064,2209,12273,2026-09-13T02:41:54.989Z,FALSE,"",13:55,FALSE
fare_CCU-DEL_AI_2026-10-28_T+45_1789268425660_9vx3,CCU-DEL,EaseMyTrip,AI,AI-2704,2026-10-28,T+45,10476,2300,12776,2026-09-13T02:41:54.989Z,FALSE,"",10:30,TRUE
fare_CCU-DEL_6E_2026-10-28_T+45_1789268425660_r7zh,CCU-DEL,EaseMyTrip,6E,6E-249,2026-10-28,T+45,10397,2282,12679,2026-09-13T02:41:54.989Z,FALSE,"",13:05,FALSE
fare_CCU-DEL_6E_2026-10-28_T+45_1789268425660_s97q,CCU-DEL,EaseMyTrip,6E,6E-710,2026-10-28,T+45,10397,2282,12679,2026-09-13T02:41:54.989Z,FALSE,"",13:05,FALSE
fare_CCU-DEL_6E_2026-10-28_T+45_1789268425660_n4fu,CCU-DEL,EaseMyTrip,6E,6E-6697,2026-10-28,T+45,10427,2289,12716,2026-09-13T02:41:54.989Z,FALSE,"",16:45,FALSE
fare_CCU-DEL_6E_2026-10-28_T+45_1789268425660_bfpp,CCU-DEL,EaseMyTrip,6E,6E-395,2026-10-28,T+45,10569,2320,12889,2026-09-13T02:41:54.989Z,FALSE,"",11:35,FALSE
fare_CCU-DEL_6E_2026-10-28_T+45_1789268425660_s9tn,CCU-DEL,EaseMyTrip,6E,6E-415,2026-10-28,T+45,10569,2320,12889,2026-09-13T02:41:54.989Z,FALSE,"",11:35,FALSE
fare_CCU-DEL_6E_2026-10-28_T+45_1789268425660_4ejh,CCU-DEL,EaseMyTrip,6E,6E-6623,2026-10-28,T+45,10590,2325,12915,2026-09-13T02:41:54.989Z,FALSE,"",05:05,FALSE
fare_CCU-DEL_IX_2026-10-28_T+45_1789268425660_46o7,CCU-DEL,EaseMyTrip,IX,IX-1496,2026-10-28,T+45,12913,2835,15748,2026-09-13T02:41:54.989Z,FALSE,"",10:15,FALSE
fare_CCU-DEL_AI_2026-10-28_T+45_1789268425660_8w6a,CCU-DEL,EaseMyTrip,AI,AI-2598,2026-10-28,T+45,11589,2544,14133,2026-09-13T02:41:54.989Z,FALSE,"",12:55,TRUE
fare_CCU-DEL_6E_2026-10-28_T+45_1789268425660_jl5p,CCU-DEL,EaseMyTrip,6E,6E-6358,2026-10-28,T+45,11863,2604,14467,2026-09-13T02:41:54.989Z,FALSE,"",12:00,TRUE
fare_CCU-DEL_IX_2026-10-28_T+45_1789268425660_5xq9,CCU-DEL,EaseMyTrip,IX,IX-1382,2026-10-28,T+45,14143,3105,17248,2026-09-13T02:41:54.989Z,FALSE,"",20:40,FALSE
fare_CCU-DEL_6E_2026-10-28_T+45_1789268425660_4lov,CCU-DEL,EaseMyTrip,6E,6E-260,2026-10-28,T+45,13148,2886,16034,2026-09-13T02:41:54.989Z,FALSE,"",17:05,FALSE
fare_CCU-DEL_6E_2026-10-28_T+45_1789268425660_h3d1,CCU-DEL,EaseMyTrip,6E,6E-190,2026-10-28,T+45,13148,2886,16034,2026-09-13T02:41:54.989Z,FALSE,"",17:05,FALSE
fare_CCU-DEL_6E_2026-10-28_T+45_1789268425660_mkbr,CCU-DEL,EaseMyTrip,6E,6E-203,2026-10-28,T+45,13432,2948,16380,2026-09-13T02:41:54.989Z,FALSE,"",10:50,FALSE
fare_CCU-DEL_6E_2026-10-28_T+45_1789268425660_2vvw,CCU-DEL,EaseMyTrip,6E,6E-141,2026-10-28,T+45,13432,2948,16380,2026-09-13T02:41:54.989Z,FALSE,"",10:50,FALSE
fare_CCU-DEL_6E_2026-10-28_T+45_1789268425660_hyx5,CCU-DEL,EaseMyTrip,6E,6E-6513,2026-10-28,T+45,13432,2948,16380,2026-09-13T02:41:54.989Z,FALSE,"",09:00,FALSE
fare_CCU-DEL_6E_2026-10-28_T+45_1789268425660_hrhv,CCU-DEL,EaseMyTrip,6E,6E-6908,2026-10-28,T+45,13432,2948,16380,2026-09-13T02:41:54.989Z,FALSE,"",14:50,FALSE
fare_CCU-DEL_AI_2026-10-28_T+45_1789268425660_lqho,CCU-DEL,EaseMyTrip,AI,AI-9555,2026-10-28,T+45,13740,3016,16756,2026-09-13T02:41:54.989Z,FALSE,"",19:45,FALSE
fare_CCU-DEL_AI_2026-10-28_T+45_1789268425660_ovdm,CCU-DEL,EaseMyTrip,AI,AI-2528,2026-10-28,T+45,13973,3067,17040,2026-09-13T02:41:54.989Z,FALSE,"",20:25,FALSE
fare_CCU-DEL_AI_2026-10-28_T+45_1789268425660_7lx8,CCU-DEL,EaseMyTrip,AI,AI-2518,2026-10-28,T+45,14775,3243,18018,2026-09-13T02:41:54.989Z,TRUE,"High outlier: ₹18018 > upper fence ₹17312 (Q3: ₹12804, IQR: ₹3005)",08:20,FALSE
fare_CCU-DEL_AI_2026-10-28_T+45_1789268425660_o11a,CCU-DEL,EaseMyTrip,AI,AI-2774,2026-10-28,T+45,14775,3243,18018,2026-09-13T02:41:54.989Z,TRUE,"High outlier: ₹18018 > upper fence ₹17312 (Q3: ₹12804, IQR: ₹3005)",17:35,FALSE
fare_CCU-DEL_AI_2026-10-28_T+45_1789268425660_apaf,CCU-DEL,EaseMyTrip,AI,AI-2410,2026-10-28,T+45,14775,3243,18018,2026-09-13T02:41:54.989Z,TRUE,"High outlier: ₹18018 > upper fence ₹17312 (Q3: ₹12804, IQR: ₹3005)",23:00,FALSE
fare_CCU-DEL_AI_2026-10-28_T+45_1789268425660_u6c2,CCU-DEL,EaseMyTrip,AI,AI-9645,2026-10-28,T+45,14822,3253,18075,2026-09-13T02:41:54.989Z,TRUE,"High outlier: ₹18075 > upper fence ₹17312 (Q3: ₹12804, IQR: ₹3005)",06:35,FALSE
fare_CCU-DEL_6E_2026-10-28_T+45_1789268425660_oprb,CCU-DEL,EaseMyTrip,6E,6E-139,2026-10-28,T+45,15214,3340,18554,2026-09-13T02:41:54.989Z,TRUE,"High outlier: ₹18554 > upper fence ₹17312 (Q3: ₹12804, IQR: ₹3005)",07:15,FALSE
fare_CCU-DEL_AI_2026-10-28_T+45_1789268425660_sp4m,CCU-DEL,EaseMyTrip,AI,AI-2772,2026-10-28,T+45,17144,3763,20907,2026-09-13T02:41:54.989Z,TRUE,"High outlier: ₹20907 > upper fence ₹17312 (Q3: ₹12804, IQR: ₹3005)",10:20,FALSE
fare_CCU-DEL_AI_2026-10-28_T+45_1789268425660_6jyg,CCU-DEL,EaseMyTrip,AI,AI-9534,2026-10-28,T+45,20350,4467,24817,2026-09-13T02:41:54.989Z,TRUE,"High outlier: ₹24817 > upper fence ₹17312 (Q3: ₹12804, IQR: ₹3005)",20:40,FALSE
fare_CCU-DEL_AI_2026-10-28_T+45_1789268425660_9jq2,CCU-DEL,EaseMyTrip,AI,AI-9950,2026-10-28,T+45,20350,4467,24817,2026-09-13T02:41:54.989Z,TRUE,"High outlier: ₹24817 > upper fence ₹17312 (Q3: ₹12804, IQR: ₹3005)",06:50,FALSE
fare_CCU-DEL_AI_2026-10-28_T+45_1789268425660_6pd1,CCU-DEL,EaseMyTrip,AI,AI-9780,2026-10-28,T+45,20350,4467,24817,2026-09-13T02:41:54.989Z,TRUE,"High outlier: ₹24817 > upper fence ₹17312 (Q3: ₹12804, IQR: ₹3005)",10:15,FALSE
fare_CCU-DEL_AI_2026-10-28_T+45_1789268425660_188e,CCU-DEL,EaseMyTrip,AI,AI-9782,2026-10-28,T+45,23595,5179,28774,2026-09-13T02:41:54.989Z,TRUE,"High outlier: ₹28774 > upper fence ₹17312 (Q3: ₹12804, IQR: ₹3005)",16:05,FALSE
fare_CCU-DEL_AI_2026-10-28_T+45_1789268425660_0pvb,CCU-DEL,EaseMyTrip,AI,AI-9623,2026-10-28,T+45,37601,8254,45855,2026-09-13T02:41:54.989Z,TRUE,"High outlier: ₹45855 > upper fence ₹17312 (Q3: ₹12804, IQR: ₹3005)",06:20,FALSE
fare_CCU-DEL_IX_2026-09-20_T+7_1789268425660_rrav,CCU-DEL,EaseMyTrip,IX,IX-1248,2026-09-20,T+7,7083,1555,8638,2026-09-13T02:41:37.519Z,FALSE,"",07:45,FALSE
fare_CCU-DEL_QP_2026-09-20_T+7_1789268425660_3dxn,CCU-DEL,EaseMyTrip,QP,QP-1802,2026-09-20,T+7,6708,1473,8181,2026-09-13T02:41:37.519Z,FALSE,"",09:05,TRUE
fare_CCU-DEL_QP_2026-09-20_T+7_1789268425660_7ue3,CCU-DEL,EaseMyTrip,QP,QP-1804,2026-09-20,T+7,6708,1473,8181,2026-09-13T02:41:37.519Z,FALSE,"",20:05,TRUE
fare_CCU-DEL_6E_2026-09-20_T+7_1789268425660_aqa2,CCU-DEL,EaseMyTrip,6E,6E-358,2026-09-20,T+7,7012,1539,8551,2026-09-13T02:41:37.519Z,FALSE,"",18:55,FALSE
fare_CCU-DEL_6E_2026-09-20_T+7_1789268425660_u78s,CCU-DEL,EaseMyTrip,6E,6E-761,2026-09-20,T+7,7012,1539,8551,2026-09-13T02:41:37.519Z,FALSE,"",18:55,FALSE
fare_CCU-DEL_6E_2026-09-20_T+7_1789268425660_6u9h,CCU-DEL,EaseMyTrip,6E,6E-6851,2026-09-20,T+7,7054,1548,8602,2026-09-13T02:41:37.519Z,FALSE,"",11:15,FALSE
fare_CCU-DEL_6E_2026-09-20_T+7_1789268425660_xerw,CCU-DEL,EaseMyTrip,6E,6E-6185,2026-09-20,T+7,7054,1548,8602,2026-09-13T02:41:37.519Z,FALSE,"",07:05,FALSE
fare_CCU-DEL_6E_2026-09-20_T+7_1789268425660_dac1,CCU-DEL,EaseMyTrip,6E,6E-791,2026-09-20,T+7,7163,1572,8735,2026-09-13T02:41:37.519Z,FALSE,"",14:00,FALSE
fare_CCU-DEL_6E_2026-09-20_T+7_1789268425660_nh7v,CCU-DEL,EaseMyTrip,6E,6E-137,2026-09-20,T+7,7163,1572,8735,2026-09-13T02:41:37.519Z,FALSE,"",14:00,FALSE
fare_CCU-DEL_6E_2026-09-20_T+7_1789268425660_z153,CCU-DEL,EaseMyTrip,6E,6E-950,2026-09-20,T+7,7163,1572,8735,2026-09-13T02:41:37.519Z,FALSE,"",12:50,FALSE
fare_CCU-DEL_6E_2026-09-20_T+7_1789268425660_mx8b,CCU-DEL,EaseMyTrip,6E,6E-211,2026-09-20,T+7,7163,1572,8735,2026-09-13T02:41:37.519Z,FALSE,"",12:50,FALSE
fare_CCU-DEL_6E_2026-09-20_T+7_1789268425660_nska,CCU-DEL,EaseMyTrip,6E,6E-145,2026-09-20,T+7,7184,1577,8761,2026-09-13T02:41:37.519Z,FALSE,"",06:00,FALSE
fare_CCU-DEL_6E_2026-09-20_T+7_1789268425660_mpbu,CCU-DEL,EaseMyTrip,6E,6E-633,2026-09-20,T+7,7184,1577,8761,2026-09-13T02:41:37.519Z,FALSE,"",06:00,FALSE
fare_CCU-DEL_6E_2026-09-20_T+7_1789268425660_2g2v,CCU-DEL,EaseMyTrip,6E,6E-6154,2026-09-20,T+7,7184,1577,8761,2026-09-13T02:41:37.519Z,FALSE,"",20:45,FALSE
fare_CCU-DEL_6E_2026-09-20_T+7_1789268425660_4tuc,CCU-DEL,EaseMyTrip,6E,6E-801,2026-09-20,T+7,7184,1577,8761,2026-09-13T02:41:37.519Z,FALSE,"",06:00,FALSE
fare_CCU-DEL_6E_2026-09-20_T+7_1789268425660_86tp,CCU-DEL,EaseMyTrip,6E,6E-233,2026-09-20,T+7,7184,1577,8761,2026-09-13T02:41:37.519Z,FALSE,"",06:00,FALSE
fare_CCU-DEL_6E_2026-09-20_T+7_1789268425660_w54s,CCU-DEL,EaseMyTrip,6E,6E-2588,2026-09-20,T+7,7202,1581,8783,2026-09-13T02:41:37.519Z,FALSE,"",11:40,TRUE
fare_CCU-DEL_6E_2026-09-20_T+7_1789268425660_5jw7,CCU-DEL,EaseMyTrip,6E,6E-6139,2026-09-20,T+7,7253,1592,8845,2026-09-13T02:41:37.519Z,FALSE,"",07:10,FALSE
fare_CCU-DEL_6E_2026-09-20_T+7_1789268425660_iibj,CCU-DEL,EaseMyTrip,6E,6E-864,2026-09-20,T+7,7253,1592,8845,2026-09-13T02:41:37.519Z,FALSE,"",10:45,FALSE
fare_CCU-DEL_6E_2026-09-20_T+7_1789268425660_zbyk,CCU-DEL,EaseMyTrip,6E,6E-874,2026-09-20,T+7,7253,1592,8845,2026-09-13T02:41:37.519Z,FALSE,"",10:45,FALSE
fare_CCU-DEL_6E_2026-09-20_T+7_1789268425660_x6vq,CCU-DEL,EaseMyTrip,6E,6E-363,2026-09-20,T+7,7256,1593,8849,2026-09-13T02:41:37.519Z,FALSE,"",08:25,TRUE
fare_CCU-DEL_6E_2026-09-20_T+7_1789268425660_du8k,CCU-DEL,EaseMyTrip,6E,6E-763,2026-09-20,T+7,7256,1593,8849,2026-09-13T02:41:37.519Z,FALSE,"",08:25,TRUE
fare_CCU-DEL_6E_2026-09-20_T+7_1789268425660_6wnu,CCU-DEL,EaseMyTrip,6E,6E-5190,2026-09-20,T+7,7256,1593,8849,2026-09-13T02:41:37.519Z,FALSE,"",22:30,TRUE
fare_CCU-DEL_6E_2026-09-20_T+7_1789268425660_tit6,CCU-DEL,EaseMyTrip,6E,6E-197,2026-09-20,T+7,7256,1593,8849,2026-09-13T02:41:37.519Z,FALSE,"",21:00,TRUE
fare_CCU-DEL_6E_2026-09-20_T+7_1789268425660_vd26,CCU-DEL,EaseMyTrip,6E,6E-587,2026-09-20,T+7,7256,1593,8849,2026-09-13T02:41:37.519Z,FALSE,"",21:00,TRUE
fare_CCU-DEL_AI_2026-09-20_T+7_1789268425660_jb6j,CCU-DEL,EaseMyTrip,AI,AI-1832,2026-09-20,T+7,7485,1643,9128,2026-09-13T02:41:37.519Z,FALSE,"",00:30,TRUE
fare_CCU-DEL_AI_2026-09-20_T+7_1789268425660_sbhj,CCU-DEL,EaseMyTrip,AI,AI-2710,2026-09-20,T+7,7485,1643,9128,2026-09-13T02:41:37.519Z,FALSE,"",22:30,TRUE
fare_CCU-DEL_6E_2026-09-20_T+7_1789268425660_z2fb,CCU-DEL,EaseMyTrip,6E,6E-946,2026-09-20,T+7,7360,1616,8976,2026-09-13T02:41:37.519Z,FALSE,"",17:05,FALSE
fare_CCU-DEL_6E_2026-09-20_T+7_1789268425660_mfel,CCU-DEL,EaseMyTrip,6E,6E-926,2026-09-20,T+7,7360,1616,8976,2026-09-13T02:41:37.519Z,FALSE,"",17:05,FALSE
fare_CCU-DEL_6E_2026-09-20_T+7_1789268425660_46nb,CCU-DEL,EaseMyTrip,6E,6E-6717,2026-09-20,T+7,7425,1630,9055,2026-09-13T02:41:37.519Z,FALSE,"",18:35,FALSE
fare_CCU-DEL_6E_2026-09-20_T+7_1789268425660_a447,CCU-DEL,EaseMyTrip,6E,6E-871,2026-09-20,T+7,7425,1630,9055,2026-09-13T02:41:37.519Z,FALSE,"",16:05,FALSE
fare_CCU-DEL_6E_2026-09-20_T+7_1789268425660_o79h,CCU-DEL,EaseMyTrip,6E,6E-482,2026-09-20,T+7,7425,1630,9055,2026-09-13T02:41:37.519Z,FALSE,"",16:05,FALSE
fare_CCU-DEL_AI_2026-09-20_T+7_1789268425660_lm2g,CCU-DEL,EaseMyTrip,AI,AI-2708,2026-09-20,T+7,7635,1676,9311,2026-09-13T02:41:37.519Z,FALSE,"",21:00,TRUE
fare_CCU-DEL_6E_2026-09-20_T+7_1789268425660_skxa,CCU-DEL,EaseMyTrip,6E,6E-6785,2026-09-20,T+7,7492,1645,9137,2026-09-13T02:41:37.519Z,FALSE,"",07:55,FALSE
fare_CCU-DEL_6E_2026-09-20_T+7_1789268425660_id65,CCU-DEL,EaseMyTrip,6E,6E-204,2026-09-20,T+7,7511,1649,9160,2026-09-13T02:41:37.519Z,FALSE,"",12:40,FALSE
fare_CCU-DEL_6E_2026-09-20_T+7_1789268425660_9l3k,CCU-DEL,EaseMyTrip,6E,6E-530,2026-09-20,T+7,7511,1649,9160,2026-09-13T02:41:37.519Z,FALSE,"",12:40,FALSE
fare_CCU-DEL_6E_2026-09-20_T+7_1789268425660_bo9w,CCU-DEL,EaseMyTrip,6E,6E-457,2026-09-20,T+7,7511,1649,9160,2026-09-13T02:41:37.519Z,FALSE,"",06:05,FALSE
fare_CCU-DEL_6E_2026-09-20_T+7_1789268425660_tfg0,CCU-DEL,EaseMyTrip,6E,6E-569,2026-09-20,T+7,7511,1649,9160,2026-09-13T02:41:37.519Z,FALSE,"",11:30,FALSE
fare_CCU-DEL_6E_2026-09-20_T+7_1789268425660_9e8y,CCU-DEL,EaseMyTrip,6E,6E-350,2026-09-20,T+7,7511,1649,9160,2026-09-13T02:41:37.519Z,FALSE,"",11:30,FALSE
fare_CCU-DEL_6E_2026-09-20_T+7_1789268425660_h3gw,CCU-DEL,EaseMyTrip,6E,6E-687,2026-09-20,T+7,7533,1653,9186,2026-09-13T02:41:37.519Z,FALSE,"",17:45,FALSE
fare_CCU-DEL_6E_2026-09-20_T+7_1789268425660_7rea,CCU-DEL,EaseMyTrip,6E,6E-827,2026-09-20,T+7,7533,1653,9186,2026-09-13T02:41:37.519Z,FALSE,"",17:45,FALSE
fare_CCU-DEL_6E_2026-09-20_T+7_1789268425660_13sf,CCU-DEL,EaseMyTrip,6E,6E-6134,2026-09-20,T+7,7665,1682,9347,2026-09-13T02:41:37.519Z,FALSE,"",16:30,FALSE
fare_CCU-DEL_6E_2026-09-20_T+7_1789268425660_mda6,CCU-DEL,EaseMyTrip,6E,6E-6623,2026-09-20,T+7,7705,1691,9396,2026-09-13T02:41:37.519Z,FALSE,"",05:20,FALSE
fare_CCU-DEL_6E_2026-09-20_T+7_1789268425660_tb7w,CCU-DEL,EaseMyTrip,6E,6E-357,2026-09-20,T+7,7730,1697,9427,2026-09-13T02:41:37.519Z,FALSE,"",19:15,TRUE
fare_CCU-DEL_6E_2026-09-20_T+7_1789268425660_plzr,CCU-DEL,EaseMyTrip,6E,6E-956,2026-09-20,T+7,7730,1697,9427,2026-09-13T02:41:37.519Z,FALSE,"",19:15,TRUE
fare_CCU-DEL_6E_2026-09-20_T+7_1789268425660_25oc,CCU-DEL,EaseMyTrip,6E,6E-106,2026-09-20,T+7,7730,1697,9427,2026-09-13T02:41:37.519Z,FALSE,"",07:00,TRUE
fare_CCU-DEL_6E_2026-09-20_T+7_1789268425660_e4mq,CCU-DEL,EaseMyTrip,6E,6E-354,2026-09-20,T+7,7730,1697,9427,2026-09-13T02:41:37.519Z,FALSE,"",07:00,TRUE
fare_CCU-DEL_6E_2026-09-20_T+7_1789268425660_p8lk,CCU-DEL,EaseMyTrip,6E,6E-199,2026-09-20,T+7,7825,1718,9543,2026-09-13T02:41:37.519Z,FALSE,"",18:05,FALSE
fare_CCU-DEL_AI_2026-09-20_T+7_1789268425660_lgtb,CCU-DEL,EaseMyTrip,AI,AI-1863,2026-09-20,T+7,8066,1770,9836,2026-09-13T02:41:37.519Z,FALSE,"",19:15,TRUE
fare_CCU-DEL_AI_2026-09-20_T+7_1789268425660_etcd,CCU-DEL,EaseMyTrip,AI,AI-2720,2026-09-20,T+7,8066,1770,9836,2026-09-13T02:41:37.519Z,FALSE,"",07:00,TRUE
fare_CCU-DEL_6E_2026-09-20_T+7_1789268425660_mw4a,CCU-DEL,EaseMyTrip,6E,6E-7215,2026-09-20,T+7,7933,1742,9675,2026-09-13T02:41:37.519Z,FALSE,"",18:00,FALSE
fare_CCU-DEL_6E_2026-09-20_T+7_1789268425660_rtvw,CCU-DEL,EaseMyTrip,6E,6E-6516,2026-09-20,T+7,8075,1772,9847,2026-09-13T02:41:37.519Z,FALSE,"",16:10,TRUE
fare_CCU-DEL_6E_2026-09-20_T+7_1789268425660_sec3,CCU-DEL,EaseMyTrip,6E,6E-6358,2026-09-20,T+7,8075,1772,9847,2026-09-13T02:41:37.519Z,FALSE,"",12:00,TRUE
fare_CCU-DEL_6E_2026-09-20_T+7_1789268425660_cek1,CCU-DEL,EaseMyTrip,6E,6E-522,2026-09-20,T+7,8075,1772,9847,2026-09-13T02:41:37.519Z,FALSE,"",10:15,TRUE
fare_CCU-DEL_6E_2026-09-20_T+7_1789268425660_9ern,CCU-DEL,EaseMyTrip,6E,6E-492,2026-09-20,T+7,8075,1772,9847,2026-09-13T02:41:37.519Z,FALSE,"",10:15,TRUE
fare_CCU-DEL_6E_2026-09-20_T+7_1789268425660_h0y3,CCU-DEL,EaseMyTrip,6E,6E-6183,2026-09-20,T+7,8075,1772,9847,2026-09-13T02:41:37.519Z,FALSE,"",17:30,TRUE
fare_CCU-DEL_AI_2026-09-20_T+7_1789268425660_1frs,CCU-DEL,EaseMyTrip,AI,AI-2704,2026-09-20,T+7,8321,1826,10147,2026-09-13T02:41:37.519Z,FALSE,"",10:30,TRUE
fare_CCU-DEL_AI_2026-09-20_T+7_1789268425660_d054,CCU-DEL,EaseMyTrip,AI,AI-2536,2026-09-20,T+7,8321,1826,10147,2026-09-13T02:41:37.519Z,FALSE,"",09:55,TRUE
fare_CCU-DEL_6E_2026-09-20_T+7_1789268425660_cswa,CCU-DEL,EaseMyTrip,6E,6E-6908,2026-09-20,T+7,8278,1817,10095,2026-09-13T02:41:37.519Z,FALSE,"",15:00,FALSE
fare_CCU-DEL_AI_2026-09-20_T+7_1789268425660_slqk,CCU-DEL,EaseMyTrip,AI,AI-1874,2026-09-20,T+7,8460,1857,10317,2026-09-13T02:41:37.519Z,FALSE,"",12:55,TRUE
fare_CCU-DEL_AI_2026-09-20_T+7_1789268425660_t208,CCU-DEL,EaseMyTrip,AI,AI-2768,2026-09-20,T+7,8599,1887,10486,2026-09-13T02:41:37.519Z,FALSE,"",16:10,TRUE
fare_CCU-DEL_6E_2026-09-20_T+7_1789268425660_nuft,CCU-DEL,EaseMyTrip,6E,6E-2275,2026-09-20,T+7,8849,1943,10792,2026-09-13T02:41:37.519Z,FALSE,"",14:00,TRUE
fare_CCU-DEL_IX_2026-09-20_T+7_1789268425660_pwqs,CCU-DEL,EaseMyTrip,IX,IX-1514,2026-09-20,T+7,9796,2150,11946,2026-09-13T02:41:37.519Z,FALSE,"",11:50,FALSE
fare_CCU-DEL_6E_2026-09-20_T+7_1789268425660_zg5r,CCU-DEL,EaseMyTrip,6E,6E-7924,2026-09-20,T+7,9861,2164,12025,2026-09-13T02:41:37.519Z,FALSE,"",09:55,FALSE
fare_CCU-DEL_IX_2026-09-20_T+7_1789268425660_ch0z,CCU-DEL,EaseMyTrip,IX,IX-1517,2026-09-20,T+7,10786,2368,13154,2026-09-13T02:41:37.519Z,FALSE,"",07:20,FALSE
fare_CCU-DEL_AI_2026-09-20_T+7_1789268425660_lg7g,CCU-DEL,EaseMyTrip,AI,AI-9501,2026-09-20,T+7,10976,2409,13385,2026-09-13T02:41:37.519Z,FALSE,"",11:50,FALSE
fare_CCU-DEL_AI_2026-09-20_T+7_1789268425660_aq3u,CCU-DEL,EaseMyTrip,AI,AI-9503,2026-09-20,T+7,10976,2409,13385,2026-09-13T02:41:37.519Z,FALSE,"",07:20,FALSE
fare_CCU-DEL_6E_2026-09-20_T+7_1789268425660_xnft,CCU-DEL,EaseMyTrip,6E,6E-716,2026-09-20,T+7,11546,2535,14081,2026-09-13T02:41:37.519Z,FALSE,"",10:45,FALSE
fare_CCU-DEL_6E_2026-09-20_T+7_1789268425660_y3mj,CCU-DEL,EaseMyTrip,6E,6E-6749,2026-09-20,T+7,11970,2627,14597,2026-09-13T02:41:37.519Z,FALSE,"",12:30,FALSE
fare_CCU-DEL_6E_2026-09-20_T+7_1789268425660_bp26,CCU-DEL,EaseMyTrip,6E,6E-575,2026-09-20,T+7,12115,2659,14774,2026-09-13T02:41:37.519Z,FALSE,"",16:05,FALSE
fare_CCU-DEL_6E_2026-09-20_T+7_1789268425660_b5n8,CCU-DEL,EaseMyTrip,6E,6E-170,2026-09-20,T+7,12115,2659,14774,2026-09-13T02:41:37.519Z,FALSE,"",16:05,FALSE
fare_CCU-DEL_QP_2026-09-20_T+7_1789268425660_d5zx,CCU-DEL,EaseMyTrip,QP,QP-1136,2026-09-20,T+7,12300,2700,15000,2026-09-13T02:41:37.519Z,FALSE,"",05:10,FALSE
fare_CCU-DEL_6E_2026-09-20_T+7_1789268425660_ib5p,CCU-DEL,EaseMyTrip,6E,6E-7325,2026-09-20,T+7,12846,2820,15666,2026-09-13T02:41:37.519Z,FALSE,"",16:20,FALSE
fare_CCU-DEL_6E_2026-09-20_T+7_1789268425660_vp22,CCU-DEL,EaseMyTrip,6E,6E-370,2026-09-20,T+7,13126,2881,16007,2026-09-13T02:41:37.519Z,FALSE,"",13:30,FALSE
fare_CCU-DEL_6E_2026-09-20_T+7_1789268425660_gapj,CCU-DEL,EaseMyTrip,6E,6E-786,2026-09-20,T+7,13126,2881,16007,2026-09-13T02:41:37.519Z,FALSE,"",13:30,FALSE
fare_CCU-DEL_6E_2026-09-20_T+7_1789268425660_kc6w,CCU-DEL,EaseMyTrip,6E,6E-121,2026-09-20,T+7,13282,2916,16198,2026-09-13T02:41:37.519Z,FALSE,"",09:45,FALSE
fare_CCU-DEL_6E_2026-09-20_T+7_1789268425660_o1yw,CCU-DEL,EaseMyTrip,6E,6E-821,2026-09-20,T+7,13282,2916,16198,2026-09-13T02:41:37.519Z,FALSE,"",09:45,FALSE
fare_CCU-DEL_6E_2026-09-20_T+7_1789268425660_yq3z,CCU-DEL,EaseMyTrip,6E,6E-852,2026-09-20,T+7,13313,2922,16235,2026-09-13T02:41:37.519Z,FALSE,"",13:30,FALSE
fare_CCU-DEL_6E_2026-09-20_T+7_1789268425660_5df0,CCU-DEL,EaseMyTrip,6E,6E-853,2026-09-20,T+7,13313,2922,16235,2026-09-13T02:41:37.519Z,FALSE,"",13:30,FALSE
fare_CCU-DEL_6E_2026-09-20_T+7_1789268425660_pg3u,CCU-DEL,EaseMyTrip,6E,6E-377,2026-09-20,T+7,13368,2935,16303,2026-09-13T02:41:37.519Z,FALSE,"",09:45,FALSE
fare_CCU-DEL_6E_2026-09-20_T+7_1789268425660_xulz,CCU-DEL,EaseMyTrip,6E,6E-894,2026-09-20,T+7,13368,2935,16303,2026-09-13T02:41:37.519Z,FALSE,"",09:45,FALSE
fare_CCU-DEL_IX_2026-09-20_T+7_1789268425660_wq87,CCU-DEL,EaseMyTrip,IX,IX-1371,2026-09-20,T+7,14049,3084,17133,2026-09-13T02:41:37.519Z,FALSE,"",18:50,FALSE
fare_CCU-DEL_AI_2026-09-20_T+7_1789268425660_feo9,CCU-DEL,EaseMyTrip,AI,AI-2644,2026-09-20,T+7,14134,3102,17236,2026-09-13T02:41:37.519Z,FALSE,"",06:55,FALSE
fare_CCU-DEL_AI_2026-09-20_T+7_1789268425661_c7z9,CCU-DEL,EaseMyTrip,AI,AI-2772,2026-09-20,T+7,14397,3160,17557,2026-09-13T02:41:37.519Z,FALSE,"",10:30,FALSE
fare_CCU-DEL_AI_2026-09-20_T+7_1789268425661_pldr,CCU-DEL,EaseMyTrip,AI,AI-2482,2026-09-20,T+7,14397,3160,17557,2026-09-13T02:41:37.519Z,FALSE,"",20:35,FALSE
fare_CCU-DEL_IX_2026-09-20_T+7_1789268425661_8b5x,CCU-DEL,EaseMyTrip,IX,IX-1496,2026-09-20,T+7,14738,3235,17973,2026-09-13T02:41:37.519Z,FALSE,"",11:15,FALSE
fare_CCU-DEL_AI_2026-09-20_T+7_1789268425661_q4m8,CCU-DEL,EaseMyTrip,AI,AI-9784,2026-09-20,T+7,15044,3302,18346,2026-09-13T02:41:37.519Z,FALSE,"",06:30,FALSE
fare_CCU-DEL_AI_2026-09-20_T+7_1789268425661_4wvf,CCU-DEL,EaseMyTrip,AI,AI-9436,2026-09-20,T+7,15383,3377,18760,2026-09-13T02:41:37.519Z,FALSE,"",18:50,FALSE
fare_CCU-DEL_IX_2026-09-20_T+7_1789268425661_9t0i,CCU-DEL,EaseMyTrip,IX,IX-1543,2026-09-20,T+7,15558,3415,18973,2026-09-13T02:41:37.519Z,FALSE,"",15:15,FALSE
fare_CCU-DEL_6E_2026-09-20_T+7_1789268425661_vvnn,CCU-DEL,EaseMyTrip,6E,6E-6513,2026-09-20,T+7,15458,3393,18851,2026-09-13T02:41:37.519Z,FALSE,"",08:40,FALSE
fare_CCU-DEL_6E_2026-09-20_T+7_1789268425661_442i,CCU-DEL,EaseMyTrip,6E,6E-339,2026-09-20,T+7,15458,3393,18851,2026-09-13T02:41:37.519Z,FALSE,"",10:55,FALSE
fare_CCU-DEL_AI_2026-09-20_T+7_1789268425661_y9ak,CCU-DEL,EaseMyTrip,AI,AI-9782,2026-09-20,T+7,16762,3680,20442,2026-09-13T02:41:37.519Z,FALSE,"",16:35,FALSE
fare_CCU-DEL_6E_2026-09-20_T+7_1789268425661_mbxb,CCU-DEL,EaseMyTrip,6E,6E-6528,2026-09-20,T+7,17398,3819,21217,2026-09-13T02:41:37.519Z,FALSE,"",17:00,FALSE
fare_CCU-DEL_AI_2026-09-20_T+7_1789268425661_dr65,CCU-DEL,EaseMyTrip,AI,AI-9440,2026-09-20,T+7,17951,3941,21892,2026-09-13T02:41:37.519Z,FALSE,"",15:15,FALSE
fare_CCU-DEL_AI_2026-09-20_T+7_1789268425661_qrcv,CCU-DEL,EaseMyTrip,AI,AI-9438,2026-09-20,T+7,18385,4036,22421,2026-09-13T02:41:37.519Z,FALSE,"",11:15,FALSE
fare_CCU-DEL_SG_2026-09-20_T+7_1789268425661_6wy0,CCU-DEL,EaseMyTrip,SG,SG-593,2026-09-20,T+7,18684,4101,22785,2026-09-13T02:41:37.519Z,FALSE,"",23:20,TRUE
fare_CCU-DEL_SG_2026-09-20_T+7_1789268425661_bq4v,CCU-DEL,EaseMyTrip,SG,SG-306,2026-09-20,T+7,18684,4101,22785,2026-09-13T02:41:37.519Z,FALSE,"",23:20,TRUE
fare_CCU-DEL_6E_2026-09-20_T+7_1789268425661_32jh,CCU-DEL,EaseMyTrip,6E,6E-7623,2026-09-20,T+7,23362,5128,28490,2026-09-13T02:41:37.519Z,TRUE,"High outlier: ₹28490 > upper fence ₹26722 (Q3: ₹16055, IQR: ₹7111)",07:50,FALSE
fare_CCU-DEL_AI_2026-09-20_T+7_1789268425661_akts,CCU-DEL,EaseMyTrip,AI,AI-9944,2026-09-20,T+7,24706,5423,30129,2026-09-13T02:41:37.519Z,TRUE,"High outlier: ₹30129 > upper fence ₹26722 (Q3: ₹16055, IQR: ₹7111)",06:10,FALSE
fare_CCU-DEL_AI_2026-09-20_T+7_1789268425661_ro6y,CCU-DEL,EaseMyTrip,AI,AI-2472,2026-09-20,T+7,24762,5435,30197,2026-09-13T02:41:37.519Z,TRUE,"High outlier: ₹30197 > upper fence ₹26722 (Q3: ₹16055, IQR: ₹7111)",15:10,FALSE
fare_DEL-BLR_IX_2026-09-28_T+15_1789268425661_1jpm,DEL-BLR,EaseMyTrip,IX,IX-1070,2026-09-28,T+15,7239,1589,8828,2026-09-13T02:39:11.510Z,FALSE,"",18:20,TRUE
fare_DEL-BLR_IX_2026-09-28_T+15_1789268425661_1dj6,DEL-BLR,EaseMyTrip,IX,IX-1038,2026-09-28,T+15,7326,1608,8934,2026-09-13T02:39:11.510Z,FALSE,"",17:35,FALSE
fare_DEL-BLR_IX_2026-09-28_T+15_1789268425661_djls,DEL-BLR,EaseMyTrip,IX,IX-1080,2026-09-28,T+15,7326,1608,8934,2026-09-13T02:39:11.510Z,FALSE,"",18:40,FALSE
fare_DEL-BLR_IX_2026-09-28_T+15_1789268425661_mk4r,DEL-BLR,EaseMyTrip,IX,IX-5975,2026-09-28,T+15,7403,1625,9028,2026-09-13T02:39:11.510Z,FALSE,"",21:00,TRUE
fare_DEL-BLR_QP_2026-09-28_T+15_1789268425661_0150,DEL-BLR,EaseMyTrip,QP,QP-1812,2026-09-28,T+15,7240,1589,8829,2026-09-13T02:39:11.510Z,FALSE,"",22:55,TRUE
fare_DEL-BLR_QP_2026-09-28_T+15_1789268425661_b6s7,DEL-BLR,EaseMyTrip,QP,QP-1308,2026-09-28,T+15,7240,1589,8829,2026-09-13T02:39:11.510Z,FALSE,"",20:55,TRUE
fare_DEL-BLR_QP_2026-09-28_T+15_1789268425661_12pw,DEL-BLR,EaseMyTrip,QP,QP-1350,2026-09-28,T+15,7240,1589,8829,2026-09-13T02:39:11.510Z,FALSE,"",21:55,TRUE
fare_DEL-BLR_6E_2026-09-28_T+15_1789268425661_k6te,DEL-BLR,EaseMyTrip,6E,6E-269,2026-09-28,T+15,7240,1589,8829,2026-09-13T02:39:11.510Z,FALSE,"",23:30,TRUE
fare_DEL-BLR_6E_2026-09-28_T+15_1789268425661_t0zu,DEL-BLR,EaseMyTrip,6E,6E-955,2026-09-28,T+15,7240,1589,8829,2026-09-13T02:39:11.510Z,FALSE,"",23:30,TRUE
fare_DEL-BLR_6E_2026-09-28_T+15_1789268425661_bwbi,DEL-BLR,EaseMyTrip,6E,6E-6515,2026-09-28,T+15,7240,1589,8829,2026-09-13T02:39:11.510Z,FALSE,"",20:45,TRUE
fare_DEL-BLR_6E_2026-09-28_T+15_1789268425661_tqhd,DEL-BLR,EaseMyTrip,6E,6E-132,2026-09-28,T+15,7240,1589,8829,2026-09-13T02:39:11.510Z,FALSE,"",19:30,TRUE
fare_DEL-BLR_6E_2026-09-28_T+15_1789268425661_j6vq,DEL-BLR,EaseMyTrip,6E,6E-480,2026-09-28,T+15,7240,1589,8829,2026-09-13T02:39:11.510Z,FALSE,"",19:30,TRUE
fare_DEL-BLR_6E_2026-09-28_T+15_1789268425661_lrjv,DEL-BLR,EaseMyTrip,6E,6E-684,2026-09-28,T+15,7240,1589,8829,2026-09-13T02:39:11.510Z,FALSE,"",15:45,TRUE
fare_DEL-BLR_6E_2026-09-28_T+15_1789268425661_nyvq,DEL-BLR,EaseMyTrip,6E,6E-900,2026-09-28,T+15,7240,1589,8829,2026-09-13T02:39:11.510Z,FALSE,"",15:45,TRUE
fare_DEL-BLR_6E_2026-09-28_T+15_1789268425661_yvjg,DEL-BLR,EaseMyTrip,6E,6E-485,2026-09-28,T+15,7240,1589,8829,2026-09-13T02:39:11.510Z,FALSE,"",14:30,TRUE
fare_DEL-BLR_6E_2026-09-28_T+15_1789268425661_0xeq,DEL-BLR,EaseMyTrip,6E,6E-563,2026-09-28,T+15,7240,1589,8829,2026-09-13T02:39:11.510Z,FALSE,"",14:30,TRUE
fare_DEL-BLR_QP_2026-09-28_T+15_1789268425661_7b0r,DEL-BLR,EaseMyTrip,QP,QP-1822,2026-09-28,T+15,7240,1589,8829,2026-09-13T02:39:11.510Z,FALSE,"",16:40,TRUE
fare_DEL-BLR_QP_2026-09-28_T+15_1789268425661_25c3,DEL-BLR,EaseMyTrip,QP,QP-1824,2026-09-28,T+15,7240,1589,8829,2026-09-13T02:39:11.510Z,FALSE,"",20:10,TRUE
fare_DEL-BLR_6E_2026-09-28_T+15_1789268425661_adh6,DEL-BLR,EaseMyTrip,6E,6E-701,2026-09-28,T+15,7240,1589,8829,2026-09-13T02:39:11.510Z,FALSE,"",12:20,TRUE
fare_DEL-BLR_6E_2026-09-28_T+15_1789268425661_opdg,DEL-BLR,EaseMyTrip,6E,6E-299,2026-09-28,T+15,7240,1589,8829,2026-09-13T02:39:11.510Z,FALSE,"",12:20,TRUE
fare_DEL-BLR_IX_2026-09-28_T+15_1789268425661_bsas,DEL-BLR,EaseMyTrip,IX,IX-1046,2026-09-28,T+15,8031,1763,9794,2026-09-13T02:39:11.510Z,FALSE,"",06:25,FALSE
fare_DEL-BLR_IX_2026-09-28_T+15_1789268425661_cjog,DEL-BLR,EaseMyTrip,IX,IX-1054,2026-09-28,T+15,8031,1763,9794,2026-09-13T02:39:11.510Z,FALSE,"",12:05,FALSE
fare_DEL-BLR_IX_2026-09-28_T+15_1789268425661_l3de,DEL-BLR,EaseMyTrip,IX,IX-1392,2026-09-28,T+15,8031,1763,9794,2026-09-13T02:39:11.510Z,FALSE,"",23:25,FALSE
fare_DEL-BLR_AI_2026-09-28_T+15_1789268425661_u8x9,DEL-BLR,EaseMyTrip,AI,AI-2817,2026-09-28,T+15,7496,1646,9142,2026-09-13T02:39:11.510Z,FALSE,"",16:30,TRUE
fare_DEL-BLR_AI_2026-09-28_T+15_1789268425661_9kg3,DEL-BLR,EaseMyTrip,AI,AI-2809,2026-09-28,T+15,7496,1646,9142,2026-09-13T02:39:11.510Z,FALSE,"",19:30,TRUE
fare_DEL-BLR_AI_2026-09-28_T+15_1789268425661_5swa,DEL-BLR,EaseMyTrip,AI,AI-2819,2026-09-28,T+15,7496,1646,9142,2026-09-13T02:39:11.510Z,FALSE,"",15:00,TRUE
fare_DEL-BLR_AI_2026-09-28_T+15_1789268425661_rapc,DEL-BLR,EaseMyTrip,AI,AI-2664,2026-09-28,T+15,7496,1646,9142,2026-09-13T02:39:11.510Z,FALSE,"",15:50,TRUE
fare_DEL-BLR_AI_2026-09-28_T+15_1789268425661_nu2p,DEL-BLR,EaseMyTrip,AI,AI-2487,2026-09-28,T+15,7496,1646,9142,2026-09-13T02:39:11.510Z,FALSE,"",18:30,TRUE
fare_DEL-BLR_AI_2026-09-28_T+15_1789268425661_cxht,DEL-BLR,EaseMyTrip,AI,AI-2512,2026-09-28,T+15,7496,1646,9142,2026-09-13T02:39:11.510Z,FALSE,"",19:00,TRUE
fare_DEL-BLR_6E_2026-09-28_T+15_1789268425661_71vh,DEL-BLR,EaseMyTrip,6E,6E-497,2026-09-28,T+15,7615,1671,9286,2026-09-13T02:39:11.510Z,FALSE,"",18:20,TRUE
fare_DEL-BLR_6E_2026-09-28_T+15_1789268425661_1nim,DEL-BLR,EaseMyTrip,6E,6E-682,2026-09-28,T+15,7615,1671,9286,2026-09-13T02:39:11.510Z,FALSE,"",18:20,TRUE
fare_DEL-BLR_6E_2026-09-28_T+15_1789268425661_r1rp,DEL-BLR,EaseMyTrip,6E,6E-527,2026-09-28,T+15,7615,1671,9286,2026-09-13T02:39:11.510Z,FALSE,"",08:20,TRUE
fare_DEL-BLR_6E_2026-09-28_T+15_1789268425661_4c6e,DEL-BLR,EaseMyTrip,6E,6E-494,2026-09-28,T+15,7615,1671,9286,2026-09-13T02:39:11.510Z,FALSE,"",08:20,TRUE
fare_DEL-BLR_6E_2026-09-28_T+15_1789268425661_ytwa,DEL-BLR,EaseMyTrip,6E,6E-991,2026-09-28,T+15,7615,1671,9286,2026-09-13T02:39:11.510Z,FALSE,"",22:00,TRUE
fare_DEL-BLR_6E_2026-09-28_T+15_1789268425661_ohqu,DEL-BLR,EaseMyTrip,6E,6E-531,2026-09-28,T+15,7615,1671,9286,2026-09-13T02:39:11.510Z,FALSE,"",22:00,TRUE
fare_DEL-BLR_6E_2026-09-28_T+15_1789268425661_pl96,DEL-BLR,EaseMyTrip,6E,6E-413,2026-09-28,T+15,7615,1671,9286,2026-09-13T02:39:11.510Z,FALSE,"",10:45,TRUE
fare_DEL-BLR_6E_2026-09-28_T+15_1789268425661_h3xc,DEL-BLR,EaseMyTrip,6E,6E-831,2026-09-28,T+15,7615,1671,9286,2026-09-13T02:39:11.510Z,FALSE,"",10:45,TRUE
fare_DEL-BLR_6E_2026-09-28_T+15_1789268425661_hjhl,DEL-BLR,EaseMyTrip,6E,6E-665,2026-09-28,T+15,7615,1671,9286,2026-09-13T02:39:11.510Z,FALSE,"",09:30,TRUE
fare_DEL-BLR_6E_2026-09-28_T+15_1789268425661_geko,DEL-BLR,EaseMyTrip,6E,6E-325,2026-09-28,T+15,7615,1671,9286,2026-09-13T02:39:11.510Z,FALSE,"",09:30,TRUE
fare_DEL-BLR_AI_2026-09-28_T+15_1789268425661_04wp,DEL-BLR,EaseMyTrip,AI,AI-2412,2026-09-28,T+15,7871,1728,9599,2026-09-13T02:39:11.510Z,FALSE,"",21:30,TRUE
fare_DEL-BLR_6E_2026-09-28_T+15_1789268425661_95h5,DEL-BLR,EaseMyTrip,6E,6E-7646,2026-09-28,T+15,7717,1694,9411,2026-09-13T02:39:11.510Z,FALSE,"",06:15,FALSE
fare_DEL-BLR_AI_2026-09-28_T+15_1789268425661_4sb0,DEL-BLR,EaseMyTrip,AI,AI-427,2026-09-28,T+15,8005,1757,9762,2026-09-13T02:39:11.510Z,FALSE,"",08:30,TRUE
fare_DEL-BLR_IX_2026-09-28_T+15_1789268425661_llcv,DEL-BLR,EaseMyTrip,IX,IX-1035,2026-09-28,T+15,8843,1941,10784,2026-09-13T02:39:11.510Z,FALSE,"",08:10,FALSE
fare_DEL-BLR_IX_2026-09-28_T+15_1789268425661_kizt,DEL-BLR,EaseMyTrip,IX,IX-1074,2026-09-28,T+15,8843,1941,10784,2026-09-13T02:39:11.510Z,FALSE,"",11:00,FALSE
fare_DEL-BLR_AI_2026-09-28_T+15_1789268425661_8tvy,DEL-BLR,EaseMyTrip,AI,AI-2409,2026-09-28,T+15,8071,1772,9843,2026-09-13T02:39:11.510Z,FALSE,"",06:00,TRUE
fare_DEL-BLR_6E_2026-09-28_T+15_1789268425661_bdi6,DEL-BLR,EaseMyTrip,6E,6E-2456,2026-09-28,T+15,8011,1759,9770,2026-09-13T02:39:11.510Z,FALSE,"",14:55,TRUE
fare_DEL-BLR_6E_2026-09-28_T+15_1789268425661_prj4,DEL-BLR,EaseMyTrip,6E,6E-985,2026-09-28,T+15,8012,1759,9771,2026-09-13T02:39:11.510Z,FALSE,"",17:00,TRUE
fare_DEL-BLR_6E_2026-09-28_T+15_1789268425661_hk88,DEL-BLR,EaseMyTrip,6E,6E-203,2026-09-28,T+15,8012,1759,9771,2026-09-13T02:39:11.510Z,FALSE,"",17:00,TRUE
fare_DEL-BLR_6E_2026-09-28_T+15_1789268425661_u4mn,DEL-BLR,EaseMyTrip,6E,6E-719,2026-09-28,T+15,8012,1759,9771,2026-09-13T02:39:11.510Z,FALSE,"",13:15,TRUE
fare_DEL-BLR_6E_2026-09-28_T+15_1789268425661_vjj9,DEL-BLR,EaseMyTrip,6E,6E-270,2026-09-28,T+15,8012,1759,9771,2026-09-13T02:39:11.510Z,FALSE,"",13:15,TRUE
fare_DEL-BLR_AI_2026-09-28_T+15_1789268425661_p6gx,DEL-BLR,EaseMyTrip,AI,AI-2803,2026-09-28,T+15,8203,1801,10004,2026-09-13T02:39:11.510Z,FALSE,"",06:30,TRUE
fare_DEL-BLR_IX_2026-09-28_T+15_1789268425661_j1bp,DEL-BLR,EaseMyTrip,IX,IX-1617,2026-09-28,T+15,9015,1979,10994,2026-09-13T02:39:11.510Z,FALSE,"",11:50,FALSE
fare_DEL-BLR_6E_2026-09-28_T+15_1789268425661_s33j,DEL-BLR,EaseMyTrip,6E,6E-334,2026-09-28,T+15,8156,1790,9946,2026-09-13T02:39:11.510Z,FALSE,"",17:55,FALSE
fare_DEL-BLR_6E_2026-09-28_T+15_1789268425661_vxwl,DEL-BLR,EaseMyTrip,6E,6E-559,2026-09-28,T+15,8156,1790,9946,2026-09-13T02:39:11.510Z,FALSE,"",17:55,FALSE
fare_DEL-BLR_6E_2026-09-28_T+15_1789268425661_36u4,DEL-BLR,EaseMyTrip,6E,6E-6217,2026-09-28,T+15,8156,1790,9946,2026-09-13T02:39:11.510Z,FALSE,"",16:15,FALSE
fare_DEL-BLR_6E_2026-09-28_T+15_1789268425661_wpou,DEL-BLR,EaseMyTrip,6E,6E-958,2026-09-28,T+15,8156,1790,9946,2026-09-13T02:39:11.510Z,FALSE,"",02:25,FALSE
fare_DEL-BLR_6E_2026-09-28_T+15_1789268425661_baxp,DEL-BLR,EaseMyTrip,6E,6E-141,2026-09-28,T+15,8156,1790,9946,2026-09-13T02:39:11.510Z,FALSE,"",02:25,FALSE
fare_DEL-BLR_6E_2026-09-28_T+15_1789268425661_6h01,DEL-BLR,EaseMyTrip,6E,6E-6212,2026-09-28,T+15,8156,1790,9946,2026-09-13T02:39:11.510Z,FALSE,"",14:45,FALSE
fare_DEL-BLR_6E_2026-09-28_T+15_1789268425661_o7yx,DEL-BLR,EaseMyTrip,6E,6E-6282,2026-09-28,T+15,8156,1790,9946,2026-09-13T02:39:11.510Z,FALSE,"",13:30,FALSE
fare_DEL-BLR_6E_2026-09-28_T+15_1789268425661_agac,DEL-BLR,EaseMyTrip,6E,6E-6293,2026-09-28,T+15,8156,1790,9946,2026-09-13T02:39:11.510Z,FALSE,"",09:55,FALSE
fare_DEL-BLR_6E_2026-09-28_T+15_1789268425661_jffo,DEL-BLR,EaseMyTrip,6E,6E-414,2026-09-28,T+15,8156,1790,9946,2026-09-13T02:39:11.510Z,FALSE,"",11:45,FALSE
fare_DEL-BLR_6E_2026-09-28_T+15_1789268425661_hv01,DEL-BLR,EaseMyTrip,6E,6E-950,2026-09-28,T+15,8156,1790,9946,2026-09-13T02:39:11.510Z,FALSE,"",11:45,FALSE
fare_DEL-BLR_AI_2026-09-28_T+15_1789268425661_iexl,DEL-BLR,EaseMyTrip,AI,AI-2415,2026-09-28,T+15,8410,1846,10256,2026-09-13T02:39:11.510Z,FALSE,"",09:30,TRUE
fare_DEL-BLR_6E_2026-09-28_T+15_1789268425661_fm2d,DEL-BLR,EaseMyTrip,6E,6E-5073,2026-09-28,T+15,8263,1814,10077,2026-09-13T02:39:11.510Z,FALSE,"",17:05,FALSE
fare_DEL-BLR_6E_2026-09-28_T+15_1789268425661_qtr6,DEL-BLR,EaseMyTrip,6E,6E-6179,2026-09-28,T+15,8263,1814,10077,2026-09-13T02:39:11.510Z,FALSE,"",18:30,FALSE
fare_DEL-BLR_6E_2026-09-28_T+15_1789268425661_4h57,DEL-BLR,EaseMyTrip,6E,6E-637,2026-09-28,T+15,8263,1814,10077,2026-09-13T02:39:11.510Z,FALSE,"",16:20,FALSE
fare_DEL-BLR_6E_2026-09-28_T+15_1789268425661_r6ki,DEL-BLR,EaseMyTrip,6E,6E-260,2026-09-28,T+15,8263,1814,10077,2026-09-13T02:39:11.510Z,FALSE,"",16:20,FALSE
fare_DEL-BLR_6E_2026-09-28_T+15_1789268425661_u50z,DEL-BLR,EaseMyTrip,6E,6E-964,2026-09-28,T+15,8263,1814,10077,2026-09-13T02:39:11.510Z,FALSE,"",19:35,FALSE
fare_DEL-BLR_6E_2026-09-28_T+15_1789268425661_srdj,DEL-BLR,EaseMyTrip,6E,6E-800,2026-09-28,T+15,8263,1814,10077,2026-09-13T02:39:11.510Z,FALSE,"",19:35,FALSE
fare_DEL-BLR_6E_2026-09-28_T+15_1789268425661_jxjp,DEL-BLR,EaseMyTrip,6E,6E-5119,2026-09-28,T+15,8263,1814,10077,2026-09-13T02:39:11.510Z,FALSE,"",05:10,FALSE
fare_DEL-BLR_6E_2026-09-28_T+15_1789268425661_fezr,DEL-BLR,EaseMyTrip,6E,6E-6673,2026-09-28,T+15,8263,1814,10077,2026-09-13T02:39:11.510Z,FALSE,"",21:15,FALSE
fare_DEL-BLR_6E_2026-09-28_T+15_1789268425661_op2j,DEL-BLR,EaseMyTrip,6E,6E-2557,2026-09-28,T+15,8263,1814,10077,2026-09-13T02:39:11.510Z,FALSE,"",15:20,FALSE
fare_DEL-BLR_6E_2026-09-28_T+15_1789268425661_ptsa,DEL-BLR,EaseMyTrip,6E,6E-6459,2026-09-28,T+15,8263,1814,10077,2026-09-13T02:39:11.510Z,FALSE,"",05:55,FALSE
fare_DEL-BLR_6E_2026-09-28_T+15_1789268425661_sbsy,DEL-BLR,EaseMyTrip,6E,6E-2618,2026-09-28,T+15,8263,1814,10077,2026-09-13T02:39:11.510Z,FALSE,"",23:00,FALSE
fare_DEL-BLR_6E_2026-09-28_T+15_1789268425661_w291,DEL-BLR,EaseMyTrip,6E,6E-6437,2026-09-28,T+15,8263,1814,10077,2026-09-13T02:39:11.510Z,FALSE,"",16:25,FALSE
fare_DEL-BLR_6E_2026-09-28_T+15_1789268425661_4hxf,DEL-BLR,EaseMyTrip,6E,6E-803,2026-09-28,T+15,8328,1828,10156,2026-09-13T02:39:11.510Z,FALSE,"",18:15,FALSE
fare_DEL-BLR_6E_2026-09-28_T+15_1789268425661_wvpq,DEL-BLR,EaseMyTrip,6E,6E-351,2026-09-28,T+15,8328,1828,10156,2026-09-13T02:39:11.510Z,FALSE,"",18:15,FALSE
fare_DEL-BLR_6E_2026-09-28_T+15_1789268425661_n3r6,DEL-BLR,EaseMyTrip,6E,6E-6091,2026-09-28,T+15,8328,1828,10156,2026-09-13T02:39:11.510Z,FALSE,"",15:15,FALSE
fare_DEL-BLR_6E_2026-09-28_T+15_1789268425661_29bk,DEL-BLR,EaseMyTrip,6E,6E-6632,2026-09-28,T+15,8328,1828,10156,2026-09-13T02:39:11.510Z,FALSE,"",17:50,FALSE
fare_DEL-BLR_6E_2026-09-28_T+15_1789268425661_qain,DEL-BLR,EaseMyTrip,6E,6E-2151,2026-09-28,T+15,8328,1828,10156,2026-09-13T02:39:11.510Z,FALSE,"",19:45,FALSE
fare_DEL-BLR_6E_2026-09-28_T+15_1789268425661_aisf,DEL-BLR,EaseMyTrip,6E,6E-6115,2026-09-28,T+15,8328,1828,10156,2026-09-13T02:39:11.510Z,FALSE,"",13:10,FALSE
fare_DEL-BLR_6E_2026-09-28_T+15_1789268425661_emnm,DEL-BLR,EaseMyTrip,6E,6E-5038,2026-09-28,T+15,8328,1828,10156,2026-09-13T02:39:11.510Z,FALSE,"",14:00,FALSE
fare_DEL-BLR_6E_2026-09-28_T+15_1789268425661_qde0,DEL-BLR,EaseMyTrip,6E,6E-5033,2026-09-28,T+15,8328,1828,10156,2026-09-13T02:39:11.510Z,FALSE,"",15:50,FALSE
fare_DEL-BLR_6E_2026-09-28_T+15_1789268425661_grs9,DEL-BLR,EaseMyTrip,6E,6E-6476,2026-09-28,T+15,8328,1828,10156,2026-09-13T02:39:11.510Z,FALSE,"",07:05,FALSE
fare_DEL-BLR_AI_2026-09-28_T+15_1789268425661_e2jq,DEL-BLR,EaseMyTrip,AI,AI-2485,2026-09-28,T+15,8550,1877,10427,2026-09-13T02:39:11.510Z,FALSE,"",10:30,TRUE
fare_DEL-BLR_6E_2026-09-28_T+15_1789268425661_mdyx,DEL-BLR,EaseMyTrip,6E,6E-996,2026-09-28,T+15,8434,1851,10285,2026-09-13T02:39:11.510Z,FALSE,"",03:00,TRUE
fare_DEL-BLR_6E_2026-09-28_T+15_1789268425661_u2wo,DEL-BLR,EaseMyTrip,6E,6E-548,2026-09-28,T+15,8434,1851,10285,2026-09-13T02:39:11.510Z,FALSE,"",03:00,TRUE
fare_DEL-BLR_6E_2026-09-28_T+15_1789268425661_h962,DEL-BLR,EaseMyTrip,6E,6E-2314,2026-09-28,T+15,8434,1851,10285,2026-09-13T02:39:11.510Z,FALSE,"",05:45,TRUE
fare_DEL-BLR_6E_2026-09-28_T+15_1789268425661_pnpc,DEL-BLR,EaseMyTrip,6E,6E-6497,2026-09-28,T+15,8435,1852,10287,2026-09-13T02:39:11.510Z,FALSE,"",18:40,FALSE
fare_DEL-BLR_6E_2026-09-28_T+15_1789268425661_cynf,DEL-BLR,EaseMyTrip,6E,6E-5001,2026-09-28,T+15,8457,1857,10314,2026-09-13T02:39:11.510Z,FALSE,"",17:10,FALSE
fare_DEL-BLR_6E_2026-09-28_T+15_1789268425661_3x9r,DEL-BLR,EaseMyTrip,6E,6E-2364,2026-09-28,T+15,8457,1857,10314,2026-09-13T02:39:11.510Z,FALSE,"",04:50,FALSE
fare_DEL-BLR_IX_2026-09-28_T+15_1789268425661_sxgu,DEL-BLR,EaseMyTrip,IX,IX-1812,2026-09-28,T+15,9507,2087,11594,2026-09-13T02:39:11.510Z,FALSE,"",11:15,FALSE
fare_DEL-BLR_6E_2026-09-28_T+15_1789268425661_hs4o,DEL-BLR,EaseMyTrip,6E,6E-2491,2026-09-28,T+15,8505,1867,10372,2026-09-13T02:39:11.510Z,FALSE,"",15:15,FALSE
fare_DEL-BLR_6E_2026-09-28_T+15_1789268425661_dnpd,DEL-BLR,EaseMyTrip,6E,6E-101,2026-09-28,T+15,8608,1889,10497,2026-09-13T02:39:11.510Z,FALSE,"",08:30,FALSE
fare_DEL-BLR_6E_2026-09-28_T+15_1789268425661_loig,DEL-BLR,EaseMyTrip,6E,6E-229,2026-09-28,T+15,8608,1889,10497,2026-09-13T02:39:11.510Z,FALSE,"",08:30,FALSE
fare_DEL-BLR_6E_2026-09-28_T+15_1789268425661_5duo,DEL-BLR,EaseMyTrip,6E,6E-5191,2026-09-28,T+15,8608,1889,10497,2026-09-13T02:39:11.510Z,FALSE,"",05:00,FALSE
fare_DEL-BLR_AI_2026-09-28_T+15_1789268425661_o3bd,DEL-BLR,EaseMyTrip,AI,AI-1710,2026-09-28,T+15,8785,1929,10714,2026-09-13T02:39:11.510Z,FALSE,"",18:35,FALSE
fare_DEL-BLR_AI_2026-09-28_T+15_1789268425661_w8po,DEL-BLR,EaseMyTrip,AI,AI-1717,2026-09-28,T+15,8785,1929,10714,2026-09-13T02:39:11.510Z,FALSE,"",14:20,FALSE
fare_DEL-BLR_6E_2026-09-28_T+15_1789268425661_0je9,DEL-BLR,EaseMyTrip,6E,6E-2571,2026-09-28,T+15,8853,1943,10796,2026-09-13T02:39:11.510Z,FALSE,"",12:30,FALSE
fare_DEL-BLR_AI_2026-09-28_T+15_1789268425661_m0fr,DEL-BLR,EaseMyTrip,AI,AI-2569,2026-09-28,T+15,9044,1985,11029,2026-09-13T02:39:11.510Z,FALSE,"",20:25,FALSE
fare_DEL-BLR_6E_2026-09-28_T+15_1789268425661_ipkr,DEL-BLR,EaseMyTrip,6E,6E-2579,2026-09-28,T+15,8918,1957,10875,2026-09-13T02:39:11.510Z,FALSE,"",14:10,FALSE
fare_DEL-BLR_IX_2026-09-28_T+15_1789268425661_l0er,DEL-BLR,EaseMyTrip,IX,IX-1811,2026-09-28,T+15,10163,2231,12394,2026-09-13T02:39:11.510Z,FALSE,"",06:50,FALSE
fare_DEL-BLR_IX_2026-09-28_T+15_1789268425661_0idt,DEL-BLR,EaseMyTrip,IX,IX-1165,2026-09-28,T+15,9154,2009,11163,2026-09-13T02:39:11.510Z,FALSE,"",05:45,FALSE
fare_DEL-BLR_6E_2026-09-28_T+15_1789268425661_cwki,DEL-BLR,EaseMyTrip,6E,6E-7642,2026-09-28,T+15,9095,1996,11091,2026-09-13T02:39:11.510Z,FALSE,"",15:45,FALSE
fare_DEL-BLR_AI_2026-09-28_T+15_1789268425661_pv58,DEL-BLR,EaseMyTrip,AI,AI-2547,2026-09-28,T+15,9305,2043,11348,2026-09-13T02:39:11.510Z,FALSE,"",17:40,FALSE
fare_DEL-BLR_6E_2026-09-28_T+15_1789268425661_q31v,DEL-BLR,EaseMyTrip,6E,6E-7653,2026-09-28,T+15,9169,2013,11182,2026-09-13T02:39:11.510Z,FALSE,"",17:20,FALSE
fare_DEL-BLR_6E_2026-09-28_T+15_1789268425661_8vkh,DEL-BLR,EaseMyTrip,6E,6E-7628,2026-09-28,T+15,9176,2014,11190,2026-09-13T02:39:11.510Z,FALSE,"",15:05,FALSE
fare_DEL-BLR_6E_2026-09-28_T+15_1789268425661_hlsi,DEL-BLR,EaseMyTrip,6E,6E-2589,2026-09-28,T+15,9197,2019,11216,2026-09-13T02:39:11.510Z,FALSE,"",15:05,FALSE
fare_DEL-BLR_6E_2026-09-28_T+15_1789268425661_ropu,DEL-BLR,EaseMyTrip,6E,6E-7624,2026-09-28,T+15,9233,2027,11260,2026-09-13T02:39:11.510Z,FALSE,"",05:50,FALSE
fare_DEL-BLR_IX_2026-09-28_T+15_1789268425661_9ut9,DEL-BLR,EaseMyTrip,IX,IX-1461,2026-09-28,T+15,10647,2337,12984,2026-09-13T02:39:11.510Z,FALSE,"",05:35,FALSE
fare_DEL-BLR_AI_2026-09-28_T+15_1789268425661_63lo,DEL-BLR,EaseMyTrip,AI,AI-1735,2026-09-28,T+15,9629,2114,11743,2026-09-13T02:39:11.510Z,FALSE,"",13:00,FALSE
fare_DEL-BLR_AI_2026-09-28_T+15_1789268425661_r0j6,DEL-BLR,EaseMyTrip,AI,AI-2973,2026-09-28,T+15,9738,2137,11875,2026-09-13T02:39:11.510Z,FALSE,"",20:50,FALSE
fare_DEL-BLR_AI_2026-09-28_T+15_1789268425661_ztbw,DEL-BLR,EaseMyTrip,AI,AI-2971,2026-09-28,T+15,9868,2166,12034,2026-09-13T02:39:11.510Z,FALSE,"",16:00,FALSE
fare_DEL-BLR_AI_2026-09-28_T+15_1789268425661_dm5v,DEL-BLR,EaseMyTrip,AI,AI-2499,2026-09-28,T+15,9972,2189,12161,2026-09-13T02:39:11.510Z,FALSE,"",05:55,FALSE
fare_DEL-BLR_6E_2026-09-28_T+15_1789268425661_khaq,DEL-BLR,EaseMyTrip,6E,6E-6433,2026-09-28,T+15,10000,2195,12195,2026-09-13T02:39:11.510Z,FALSE,"",16:30,FALSE
fare_DEL-BLR_AI_2026-09-28_T+15_1789268425661_bsgf,DEL-BLR,EaseMyTrip,AI,AI-2879,2026-09-28,T+15,10388,2280,12668,2026-09-13T02:39:11.510Z,FALSE,"",18:00,FALSE
fare_DEL-BLR_AI_2026-09-28_T+15_1789268425661_t7i1,DEL-BLR,EaseMyTrip,AI,AI-2519,2026-09-28,T+15,10388,2280,12668,2026-09-13T02:39:11.510Z,FALSE,"",15:30,FALSE
fare_DEL-BLR_IX_2026-09-28_T+15_1789268425661_jw2m,DEL-BLR,EaseMyTrip,IX,IX-1230,2026-09-28,T+15,10592,2325,12917,2026-09-13T02:39:11.510Z,FALSE,"",04:40,FALSE
fare_DEL-BLR_AI_2026-09-28_T+15_1789268425661_jd4e,DEL-BLR,EaseMyTrip,AI,AI-2653,2026-09-28,T+15,10566,2319,12885,2026-09-13T02:39:11.510Z,FALSE,"",04:30,TRUE
fare_DEL-BLR_AI_2026-09-28_T+15_1789268425661_xzxq,DEL-BLR,EaseMyTrip,AI,AI-2417,2026-09-28,T+15,10566,2319,12885,2026-09-13T02:39:11.510Z,FALSE,"",13:00,TRUE
fare_DEL-BLR_6E_2026-09-28_T+15_1789268425661_we4c,DEL-BLR,EaseMyTrip,6E,6E-2349,2026-09-28,T+15,10557,2317,12874,2026-09-13T02:39:11.510Z,FALSE,"",10:55,FALSE
fare_DEL-BLR_QP_2026-09-28_T+15_1789268425661_pmrn,DEL-BLR,EaseMyTrip,QP,QP-1940,2026-09-28,T+15,10595,2326,12921,2026-09-13T02:39:11.510Z,FALSE,"",14:05,FALSE
fare_DEL-BLR_AI_2026-09-28_T+15_1789268425661_4k0x,DEL-BLR,EaseMyTrip,AI,AI-2532,2026-09-28,T+15,10776,2366,13142,2026-09-13T02:39:11.510Z,FALSE,"",11:20,FALSE
fare_DEL-BLR_IX_2026-09-28_T+15_1789268425661_b72i,DEL-BLR,EaseMyTrip,IX,IX-1346,2026-09-28,T+15,11455,2514,13969,2026-09-13T02:39:11.510Z,FALSE,"",06:10,FALSE
fare_DEL-BLR_IX_2026-09-28_T+15_1789268425661_mjmf,DEL-BLR,EaseMyTrip,IX,IX-1067,2026-09-28,T+15,11482,2520,14002,2026-09-13T02:39:11.510Z,FALSE,"",06:10,FALSE
fare_DEL-BLR_AI_2026-09-28_T+15_1789268425661_64o8,DEL-BLR,EaseMyTrip,AI,AI-2465,2026-09-28,T+15,11486,2521,14007,2026-09-13T02:39:11.510Z,FALSE,"",14:30,FALSE
fare_DEL-BLR_AI_2026-09-28_T+15_1789268425661_t61a,DEL-BLR,EaseMyTrip,AI,AI-2577,2026-09-28,T+15,11596,2545,14141,2026-09-13T02:39:11.510Z,FALSE,"",02:00,FALSE
fare_DEL-BLR_IX_2026-09-28_T+15_1789268425661_xyxe,DEL-BLR,EaseMyTrip,IX,IX-1001,2026-09-28,T+15,11654,2558,14212,2026-09-13T02:39:11.510Z,FALSE,"",09:00,FALSE
fare_DEL-BLR_6E_2026-09-28_T+15_1789268425661_9ju1,DEL-BLR,EaseMyTrip,6E,6E-504,2026-09-28,T+15,11580,2542,14122,2026-09-13T02:39:11.510Z,FALSE,"",07:05,TRUE
fare_DEL-BLR_6E_2026-09-28_T+15_1789268425661_v85y,DEL-BLR,EaseMyTrip,6E,6E-753,2026-09-28,T+15,11580,2542,14122,2026-09-13T02:39:11.510Z,FALSE,"",07:05,TRUE
fare_DEL-BLR_6E_2026-09-28_T+15_1789268425661_mdm9,DEL-BLR,EaseMyTrip,6E,6E-942,2026-09-28,T+15,11837,2598,14435,2026-09-13T02:39:11.510Z,FALSE,"",18:00,FALSE
fare_DEL-BLR_AI_2026-09-28_T+15_1789268425661_bxcs,DEL-BLR,EaseMyTrip,AI,AI-2483,2026-09-28,T+15,12002,2635,14637,2026-09-13T02:39:11.510Z,FALSE,"",12:20,FALSE
fare_DEL-BLR_AI_2026-09-28_T+15_1789268425661_iup6,DEL-BLR,EaseMyTrip,AI,AI-1702,2026-09-28,T+15,12207,2680,14887,2026-09-13T02:39:11.510Z,FALSE,"",18:30,FALSE
fare_DEL-BLR_IX_2026-09-28_T+15_1789268425661_14iw,DEL-BLR,EaseMyTrip,IX,IX-1068,2026-09-28,T+15,14152,3106,17258,2026-09-13T02:39:11.510Z,FALSE,"",11:55,FALSE
fare_DEL-BLR_IX_2026-09-28_T+15_1789268425661_6pcv,DEL-BLR,EaseMyTrip,IX,IX-1108,2026-09-28,T+15,14152,3106,17258,2026-09-13T02:39:11.510Z,FALSE,"",05:00,FALSE
fare_DEL-BLR_IX_2026-09-28_T+15_1789268425661_vpdt,DEL-BLR,EaseMyTrip,IX,IX-1090,2026-09-28,T+15,12789,2807,15596,2026-09-13T02:39:11.510Z,FALSE,"",13:10,FALSE
fare_DEL-BLR_AI_2026-09-28_T+15_1789268425661_ghi7,DEL-BLR,EaseMyTrip,AI,AI-2627,2026-09-28,T+15,12636,2774,15410,2026-09-13T02:39:11.510Z,FALSE,"",10:45,FALSE
fare_DEL-BLR_AI_2026-09-28_T+15_1789268425661_wtan,DEL-BLR,EaseMyTrip,AI,AI-2941,2026-09-28,T+15,12728,2794,15522,2026-09-13T02:39:11.510Z,FALSE,"",16:30,FALSE
fare_DEL-BLR_AI_2026-09-28_T+15_1789268425661_uw2b,DEL-BLR,EaseMyTrip,AI,AI-441,2026-09-28,T+15,12728,2794,15522,2026-09-13T02:39:11.510Z,FALSE,"",17:00,FALSE
fare_DEL-BLR_AI_2026-09-28_T+15_1789268425661_sw2z,DEL-BLR,EaseMyTrip,AI,AI-1777,2026-09-28,T+15,12728,2794,15522,2026-09-13T02:39:11.510Z,FALSE,"",16:00,FALSE
fare_DEL-BLR_IX_2026-09-28_T+15_1789268425661_bbqf,DEL-BLR,EaseMyTrip,IX,IX-1783,2026-09-28,T+15,13138,2884,16022,2026-09-13T02:39:11.510Z,FALSE,"",07:20,FALSE
fare_DEL-BLR_AI_2026-09-28_T+15_1789268425661_evzc,DEL-BLR,EaseMyTrip,AI,AI-2951,2026-09-28,T+15,12950,2843,15793,2026-09-13T02:39:11.510Z,FALSE,"",13:30,FALSE
fare_DEL-BLR_AI_2026-09-28_T+15_1789268425661_d2p5,DEL-BLR,EaseMyTrip,AI,AI-2678,2026-09-28,T+15,12954,2843,15797,2026-09-13T02:39:11.510Z,FALSE,"",08:30,FALSE
fare_DEL-BLR_AI_2026-09-28_T+15_1789268425661_edfo,DEL-BLR,EaseMyTrip,AI,AI-2815,2026-09-28,T+15,12958,2845,15803,2026-09-13T02:39:11.510Z,FALSE,"",07:00,TRUE
fare_DEL-BLR_AI_2026-09-28_T+15_1789268425661_k56q,DEL-BLR,EaseMyTrip,AI,AI-2525,2026-09-28,T+15,12968,2847,15815,2026-09-13T02:39:11.510Z,FALSE,"",06:00,FALSE
fare_DEL-BLR_AI_2026-09-28_T+15_1789268425661_uic0,DEL-BLR,EaseMyTrip,AI,AI-2705,2026-09-28,T+15,12973,2848,15821,2026-09-13T02:39:11.510Z,FALSE,"",07:30,FALSE
fare_DEL-BLR_6E_2026-09-28_T+15_1789268425661_afr5,DEL-BLR,EaseMyTrip,6E,6E-2277,2026-09-28,T+15,13136,2883,16019,2026-09-13T02:39:11.510Z,FALSE,"",10:25,FALSE
fare_DEL-BLR_AI_2026-09-28_T+15_1789268425661_3vsu,DEL-BLR,EaseMyTrip,AI,AI-2975,2026-09-28,T+15,13610,2988,16598,2026-09-13T02:39:11.510Z,FALSE,"",06:30,FALSE
fare_DEL-BLR_AI_2026-09-28_T+15_1789268425661_w4jg,DEL-BLR,EaseMyTrip,AI,AI-2963,2026-09-28,T+15,13612,2988,16600,2026-09-13T02:39:11.510Z,FALSE,"",09:00,FALSE
fare_DEL-BLR_IX_2026-09-28_T+15_1789268425661_liac,DEL-BLR,EaseMyTrip,IX,IX-1012,2026-09-28,T+15,14158,3108,17266,2026-09-13T02:39:11.510Z,FALSE,"",06:40,FALSE
fare_DEL-BLR_IX_2026-09-28_T+15_1789268425661_8i0k,DEL-BLR,EaseMyTrip,IX,IX-1980,2026-09-28,T+15,14460,3174,17634,2026-09-13T02:39:11.510Z,TRUE,"High outlier: ₹17634 > upper fence ₹17558 (Q3: ₹12885, IQR: ₹3115)",09:55,FALSE
fare_DEL-BLR_IX_2026-09-28_T+15_1789268425661_0mna,DEL-BLR,EaseMyTrip,IX,IX-1032,2026-09-28,T+15,14735,3235,17970,2026-09-13T02:39:11.510Z,TRUE,"High outlier: ₹17970 > upper fence ₹17558 (Q3: ₹12885, IQR: ₹3115)",05:45,FALSE
fare_DEL-BLR_AI_2026-09-28_T+15_1789268425661_0xl1,DEL-BLR,EaseMyTrip,AI,AI-2458,2026-09-28,T+15,14956,3283,18239,2026-09-13T02:39:11.510Z,TRUE,"High outlier: ₹18239 > upper fence ₹17558 (Q3: ₹12885, IQR: ₹3115)",12:10,FALSE
fare_DEL-BLR_AI_2026-09-28_T+15_1789268425661_1mvc,DEL-BLR,EaseMyTrip,AI,AI-437,2026-09-28,T+15,17707,3887,21594,2026-09-13T02:39:11.510Z,TRUE,"High outlier: ₹21594 > upper fence ₹17558 (Q3: ₹12885, IQR: ₹3115)",09:20,FALSE
fare_DEL-BLR_IX_2026-09-28_T+15_1789268425661_0hdm,DEL-BLR,EaseMyTrip,IX,IX-1085,2026-09-28,T+15,18799,4127,22926,2026-09-13T02:39:11.510Z,TRUE,"High outlier: ₹22926 > upper fence ₹17558 (Q3: ₹12885, IQR: ₹3115)",12:55,FALSE
fare_DEL-BLR_IX_2026-09-28_T+15_1789268425661_89as,DEL-BLR,EaseMyTrip,IX,IX-1069,2026-09-28,T+15,18799,4127,22926,2026-09-13T02:39:11.510Z,TRUE,"High outlier: ₹22926 > upper fence ₹17558 (Q3: ₹12885, IQR: ₹3115)",10:40,FALSE
fare_DEL-BLR_AI_2026-09-28_T+15_1789268425661_a01h,DEL-BLR,EaseMyTrip,AI,AI-1739,2026-09-28,T+15,19878,4364,24242,2026-09-13T02:39:11.510Z,TRUE,"High outlier: ₹24242 > upper fence ₹17558 (Q3: ₹12885, IQR: ₹3115)",11:30,FALSE
fare_DEL-BLR_AI_2026-09-14_T+1_1789268425662_nedv,DEL-BLR,EaseMyTrip,AI,AI-2815,2026-09-14,T+1,8005,1757,9762,2026-09-13T02:38:58.342Z,FALSE,"",07:00,TRUE
fare_DEL-BLR_AI_2026-09-14_T+1_1789268425662_cwpj,DEL-BLR,EaseMyTrip,AI,AI-2653,2026-09-14,T+1,8203,1801,10004,2026-09-13T02:38:58.342Z,FALSE,"",04:30,TRUE
fare_DEL-BLR_AI_2026-09-14_T+1_1789268425662_hw7w,DEL-BLR,EaseMyTrip,AI,AI-2803,2026-09-14,T+1,8203,1801,10004,2026-09-13T02:38:58.342Z,FALSE,"",06:30,TRUE
fare_DEL-BLR_6E_2026-09-14_T+1_1789268425662_0utg,DEL-BLR,EaseMyTrip,6E,6E-457,2026-09-14,T+1,8156,1790,9946,2026-09-13T02:38:58.342Z,FALSE,"",02:25,FALSE
fare_DEL-BLR_6E_2026-09-14_T+1_1789268425662_debr,DEL-BLR,EaseMyTrip,6E,6E-773,2026-09-14,T+1,8156,1790,9946,2026-09-13T02:38:58.342Z,FALSE,"",02:25,FALSE
fare_DEL-BLR_6E_2026-09-14_T+1_1789268425662_48dp,DEL-BLR,EaseMyTrip,6E,6E-6212,2026-09-14,T+1,8156,1790,9946,2026-09-13T02:38:58.342Z,FALSE,"",14:45,FALSE
fare_DEL-BLR_6E_2026-09-14_T+1_1789268425662_z159,DEL-BLR,EaseMyTrip,6E,6E-5073,2026-09-14,T+1,8263,1814,10077,2026-09-13T02:38:58.342Z,FALSE,"",17:05,FALSE
fare_DEL-BLR_6E_2026-09-14_T+1_1789268425662_1yqe,DEL-BLR,EaseMyTrip,6E,6E-775,2026-09-14,T+1,8263,1814,10077,2026-09-13T02:38:58.342Z,FALSE,"",18:00,FALSE
fare_DEL-BLR_6E_2026-09-14_T+1_1789268425662_tm6j,DEL-BLR,EaseMyTrip,6E,6E-696,2026-09-14,T+1,8263,1814,10077,2026-09-13T02:38:58.342Z,FALSE,"",18:00,FALSE
fare_DEL-BLR_6E_2026-09-14_T+1_1789268425662_t6kc,DEL-BLR,EaseMyTrip,6E,6E-790,2026-09-14,T+1,8263,1814,10077,2026-09-13T02:38:58.342Z,FALSE,"",16:20,FALSE
fare_DEL-BLR_6E_2026-09-14_T+1_1789268425662_7pl1,DEL-BLR,EaseMyTrip,6E,6E-228,2026-09-14,T+1,8263,1814,10077,2026-09-13T02:38:58.342Z,FALSE,"",16:20,FALSE
fare_DEL-BLR_6E_2026-09-14_T+1_1789268425662_1to9,DEL-BLR,EaseMyTrip,6E,6E-2557,2026-09-14,T+1,8263,1814,10077,2026-09-13T02:38:58.342Z,FALSE,"",15:20,FALSE
fare_DEL-BLR_6E_2026-09-14_T+1_1789268425662_ktmh,DEL-BLR,EaseMyTrip,6E,6E-6459,2026-09-14,T+1,8263,1814,10077,2026-09-13T02:38:58.342Z,FALSE,"",05:55,FALSE
fare_DEL-BLR_6E_2026-09-14_T+1_1789268425662_x4dq,DEL-BLR,EaseMyTrip,6E,6E-6437,2026-09-14,T+1,8263,1814,10077,2026-09-13T02:38:58.342Z,FALSE,"",16:25,FALSE
fare_DEL-BLR_6E_2026-09-14_T+1_1789268425662_snqb,DEL-BLR,EaseMyTrip,6E,6E-2343,2026-09-14,T+1,8263,1814,10077,2026-09-13T02:38:58.342Z,FALSE,"",02:20,FALSE
fare_DEL-BLR_6E_2026-09-14_T+1_1789268425662_2abk,DEL-BLR,EaseMyTrip,6E,6E-2151,2026-09-14,T+1,8328,1828,10156,2026-09-13T02:38:58.342Z,FALSE,"",19:45,FALSE
fare_DEL-BLR_6E_2026-09-14_T+1_1789268425662_rcmy,DEL-BLR,EaseMyTrip,6E,6E-2277,2026-09-14,T+1,8328,1828,10156,2026-09-13T02:38:58.342Z,FALSE,"",10:25,FALSE
fare_DEL-BLR_6E_2026-09-14_T+1_1789268425662_jcug,DEL-BLR,EaseMyTrip,6E,6E-930,2026-09-14,T+1,8434,1851,10285,2026-09-13T02:38:58.342Z,FALSE,"",07:05,TRUE
fare_DEL-BLR_6E_2026-09-14_T+1_1789268425662_35hh,DEL-BLR,EaseMyTrip,6E,6E-800,2026-09-14,T+1,8434,1851,10285,2026-09-13T02:38:58.342Z,FALSE,"",07:05,TRUE
fare_DEL-BLR_6E_2026-09-14_T+1_1789268425662_k868,DEL-BLR,EaseMyTrip,6E,6E-2314,2026-09-14,T+1,8434,1851,10285,2026-09-13T02:38:58.342Z,FALSE,"",05:45,TRUE
fare_DEL-BLR_6E_2026-09-14_T+1_1789268425662_8qs2,DEL-BLR,EaseMyTrip,6E,6E-6497,2026-09-14,T+1,8435,1852,10287,2026-09-13T02:38:58.342Z,FALSE,"",18:40,FALSE
fare_DEL-BLR_IX_2026-09-14_T+1_1789268425662_cmt9,DEL-BLR,EaseMyTrip,IX,IX-1617,2026-09-14,T+1,9507,2087,11594,2026-09-13T02:38:58.342Z,FALSE,"",11:50,FALSE
fare_DEL-BLR_6E_2026-09-14_T+1_1789268425662_7z23,DEL-BLR,EaseMyTrip,6E,6E-2491,2026-09-14,T+1,8505,1867,10372,2026-09-13T02:38:58.342Z,FALSE,"",15:15,FALSE
fare_DEL-BLR_6E_2026-09-14_T+1_1789268425662_9r6i,DEL-BLR,EaseMyTrip,6E,6E-5191,2026-09-14,T+1,8608,1889,10497,2026-09-13T02:38:58.342Z,FALSE,"",05:00,FALSE
fare_DEL-BLR_IX_2026-09-14_T+1_1789268425662_eilx,DEL-BLR,EaseMyTrip,IX,IX-1230,2026-09-14,T+1,8858,1945,10803,2026-09-13T02:38:58.342Z,FALSE,"",03:55,FALSE
fare_DEL-BLR_AI_2026-09-14_T+1_1789268425662_r072,DEL-BLR,EaseMyTrip,AI,AI-1757,2026-09-14,T+1,8908,1956,10864,2026-09-13T02:38:58.342Z,FALSE,"",15:40,FALSE
fare_DEL-BLR_AI_2026-09-14_T+1_1789268425662_sxsc,DEL-BLR,EaseMyTrip,AI,AI-2907,2026-09-14,T+1,8908,1956,10864,2026-09-13T02:38:58.342Z,FALSE,"",12:00,FALSE
fare_DEL-BLR_AI_2026-09-14_T+1_1789268425662_zogg,DEL-BLR,EaseMyTrip,AI,AI-437,2026-09-14,T+1,8908,1956,10864,2026-09-13T02:38:58.342Z,FALSE,"",09:20,FALSE
fare_DEL-BLR_AI_2026-09-14_T+1_1789268425662_kayz,DEL-BLR,EaseMyTrip,AI,AI-2409,2026-09-14,T+1,8914,1957,10871,2026-09-13T02:38:58.342Z,FALSE,"",06:00,TRUE
fare_DEL-BLR_6E_2026-09-14_T+1_1789268425662_pxzu,DEL-BLR,EaseMyTrip,6E,6E-2571,2026-09-14,T+1,8853,1943,10796,2026-09-13T02:38:58.342Z,FALSE,"",12:30,FALSE
fare_DEL-BLR_6E_2026-09-14_T+1_1789268425662_pyzz,DEL-BLR,EaseMyTrip,6E,6E-319,2026-09-14,T+1,8882,1950,10832,2026-09-13T02:38:58.342Z,FALSE,"",03:00,TRUE
fare_DEL-BLR_6E_2026-09-14_T+1_1789268425662_b3f5,DEL-BLR,EaseMyTrip,6E,6E-382,2026-09-14,T+1,8882,1950,10832,2026-09-13T02:38:58.342Z,FALSE,"",03:00,TRUE
fare_DEL-BLR_6E_2026-09-14_T+1_1789268425662_ao03,DEL-BLR,EaseMyTrip,6E,6E-2579,2026-09-14,T+1,8918,1957,10875,2026-09-13T02:38:58.342Z,FALSE,"",14:10,FALSE
fare_DEL-BLR_IX_2026-09-14_T+1_1789268425662_f55n,DEL-BLR,EaseMyTrip,IX,IX-1046,2026-09-14,T+1,10163,2231,12394,2026-09-13T02:38:58.342Z,FALSE,"",06:25,FALSE
fare_DEL-BLR_IX_2026-09-14_T+1_1789268425662_v0yx,DEL-BLR,EaseMyTrip,IX,IX-1346,2026-09-14,T+1,10163,2231,12394,2026-09-13T02:38:58.342Z,FALSE,"",06:05,FALSE
fare_DEL-BLR_6E_2026-09-14_T+1_1789268425662_ri56,DEL-BLR,EaseMyTrip,6E,6E-7653,2026-09-14,T+1,9169,2013,11182,2026-09-13T02:38:58.342Z,FALSE,"",17:20,FALSE
fare_DEL-BLR_IX_2026-09-14_T+1_1789268425662_mcgh,DEL-BLR,EaseMyTrip,IX,IX-1038,2026-09-14,T+1,9372,2057,11429,2026-09-13T02:38:58.342Z,FALSE,"",17:35,FALSE
fare_DEL-BLR_6E_2026-09-14_T+1_1789268425662_j4v9,DEL-BLR,EaseMyTrip,6E,6E-2589,2026-09-14,T+1,9197,2019,11216,2026-09-13T02:38:58.342Z,FALSE,"",15:05,FALSE
fare_DEL-BLR_6E_2026-09-14_T+1_1789268425662_4kzs,DEL-BLR,EaseMyTrip,6E,6E-7646,2026-09-14,T+1,9233,2027,11260,2026-09-13T02:38:58.342Z,FALSE,"",06:15,FALSE
fare_DEL-BLR_6E_2026-09-14_T+1_1789268425662_wbwg,DEL-BLR,EaseMyTrip,6E,6E-7628,2026-09-14,T+1,9233,2027,11260,2026-09-13T02:38:58.342Z,FALSE,"",15:05,FALSE
fare_DEL-BLR_6E_2026-09-14_T+1_1789268425662_jg6v,DEL-BLR,EaseMyTrip,6E,6E-298,2026-09-14,T+1,9359,2055,11414,2026-09-13T02:38:58.342Z,FALSE,"",08:20,TRUE
fare_DEL-BLR_6E_2026-09-14_T+1_1789268425662_hdxt,DEL-BLR,EaseMyTrip,6E,6E-456,2026-09-14,T+1,9359,2055,11414,2026-09-13T02:38:58.342Z,FALSE,"",08:20,TRUE
fare_DEL-BLR_6E_2026-09-14_T+1_1789268425662_283o,DEL-BLR,EaseMyTrip,6E,6E-6433,2026-09-14,T+1,9419,2067,11486,2026-09-13T02:38:58.342Z,FALSE,"",16:30,FALSE
fare_DEL-BLR_6E_2026-09-14_T+1_1789268425662_mg7a,DEL-BLR,EaseMyTrip,6E,6E-2618,2026-09-14,T+1,9615,2110,11725,2026-09-13T02:38:58.342Z,FALSE,"",23:00,FALSE
fare_DEL-BLR_AI_2026-09-14_T+1_1789268425662_b93f,DEL-BLR,EaseMyTrip,AI,AI-427,2026-09-14,T+1,9784,2148,11932,2026-09-13T02:38:58.342Z,FALSE,"",08:30,TRUE
fare_DEL-BLR_AI_2026-09-14_T+1_1789268425662_2jw3,DEL-BLR,EaseMyTrip,AI,AI-1797,2026-09-14,T+1,9804,2152,11956,2026-09-13T02:38:58.342Z,FALSE,"",05:45,FALSE
fare_DEL-BLR_AI_2026-09-14_T+1_1789268425662_zw9i,DEL-BLR,EaseMyTrip,AI,AI-2469,2026-09-14,T+1,9804,2152,11956,2026-09-13T02:38:58.342Z,FALSE,"",04:45,FALSE
fare_DEL-BLR_AI_2026-09-14_T+1_1789268425662_gk5o,DEL-BLR,EaseMyTrip,AI,AI-2711,2026-09-14,T+1,9804,2152,11956,2026-09-13T02:38:58.342Z,FALSE,"",02:00,FALSE
fare_DEL-BLR_IX_2026-09-14_T+1_1789268425662_w9zr,DEL-BLR,EaseMyTrip,IX,IX-1056,2026-09-14,T+1,9989,2193,12182,2026-09-13T02:38:58.342Z,FALSE,"",05:35,FALSE
fare_DEL-BLR_6E_2026-09-14_T+1_1789268425662_82o9,DEL-BLR,EaseMyTrip,6E,6E-7624,2026-09-14,T+1,9834,2159,11993,2026-09-13T02:38:58.342Z,FALSE,"",05:50,FALSE
fare_DEL-BLR_6E_2026-09-14_T+1_1789268425662_moiq,DEL-BLR,EaseMyTrip,6E,6E-839,2026-09-14,T+1,9865,2165,12030,2026-09-13T02:38:58.342Z,FALSE,"",23:30,TRUE
fare_DEL-BLR_6E_2026-09-14_T+1_1789268425662_p0oa,DEL-BLR,EaseMyTrip,6E,6E-667,2026-09-14,T+1,9865,2165,12030,2026-09-13T02:38:58.342Z,FALSE,"",23:30,TRUE
fare_DEL-BLR_6E_2026-09-14_T+1_1789268425662_6jaj,DEL-BLR,EaseMyTrip,6E,6E-303,2026-09-14,T+1,9865,2165,12030,2026-09-13T02:38:58.342Z,FALSE,"",10:45,TRUE
fare_DEL-BLR_6E_2026-09-14_T+1_1789268425662_ykcb,DEL-BLR,EaseMyTrip,6E,6E-970,2026-09-14,T+1,9865,2165,12030,2026-09-13T02:38:58.342Z,FALSE,"",10:45,TRUE
fare_DEL-BLR_6E_2026-09-14_T+1_1789268425662_7925,DEL-BLR,EaseMyTrip,6E,6E-821,2026-09-14,T+1,9865,2165,12030,2026-09-13T02:38:58.342Z,FALSE,"",09:30,TRUE
fare_DEL-BLR_6E_2026-09-14_T+1_1789268425662_3cqh,DEL-BLR,EaseMyTrip,6E,6E-625,2026-09-14,T+1,9865,2165,12030,2026-09-13T02:38:58.342Z,FALSE,"",09:30,TRUE
fare_DEL-BLR_QP_2026-09-14_T+1_1789268425662_f2te,DEL-BLR,EaseMyTrip,QP,QP-1350,2026-09-14,T+1,9919,2177,12096,2026-09-13T02:38:58.342Z,FALSE,"",21:55,TRUE
fare_DEL-BLR_AI_2026-09-14_T+1_1789268425662_pyd3,DEL-BLR,EaseMyTrip,AI,AI-2973,2026-09-14,T+1,10161,2231,12392,2026-09-13T02:38:58.342Z,FALSE,"",20:50,FALSE
fare_DEL-BLR_AI_2026-09-14_T+1_1789268425662_281n,DEL-BLR,EaseMyTrip,AI,AI-2547,2026-09-14,T+1,10161,2231,12392,2026-09-13T02:38:58.342Z,FALSE,"",17:40,FALSE
fare_DEL-BLR_6E_2026-09-14_T+1_1789268425662_3oqb,DEL-BLR,EaseMyTrip,6E,6E-6673,2026-09-14,T+1,10077,2212,12289,2026-09-13T02:38:58.342Z,FALSE,"",21:15,FALSE
fare_DEL-BLR_AI_2026-09-14_T+1_1789268425662_alui,DEL-BLR,EaseMyTrip,AI,AI-2415,2026-09-14,T+1,10299,2261,12560,2026-09-13T02:38:58.342Z,FALSE,"",09:30,TRUE
fare_DEL-BLR_IX_2026-09-14_T+1_1789268425662_js2i,DEL-BLR,EaseMyTrip,IX,IX-5975,2026-09-14,T+1,10403,2283,12686,2026-09-13T02:38:58.342Z,FALSE,"",21:00,TRUE
fare_DEL-BLR_AI_2026-09-14_T+1_1789268425662_9inj,DEL-BLR,EaseMyTrip,AI,AI-2577,2026-09-14,T+1,10388,2280,12668,2026-09-13T02:38:58.342Z,FALSE,"",02:00,FALSE
fare_DEL-BLR_6E_2026-09-14_T+1_1789268425662_6ayb,DEL-BLR,EaseMyTrip,6E,6E-419,2026-09-14,T+1,10403,2284,12687,2026-09-13T02:38:58.342Z,FALSE,"",12:20,TRUE
fare_DEL-BLR_6E_2026-09-14_T+1_1789268425662_u44n,DEL-BLR,EaseMyTrip,6E,6E-301,2026-09-14,T+1,10403,2284,12687,2026-09-13T02:38:58.342Z,FALSE,"",12:20,TRUE
fare_DEL-BLR_6E_2026-09-14_T+1_1789268425662_yb61,DEL-BLR,EaseMyTrip,6E,6E-5038,2026-09-14,T+1,10413,2286,12699,2026-09-13T02:38:58.342Z,FALSE,"",14:00,FALSE
fare_DEL-BLR_6E_2026-09-14_T+1_1789268425662_ohqr,DEL-BLR,EaseMyTrip,6E,6E-5033,2026-09-14,T+1,10413,2286,12699,2026-09-13T02:38:58.342Z,FALSE,"",15:50,FALSE
fare_DEL-BLR_6E_2026-09-14_T+1_1789268425662_9qav,DEL-BLR,EaseMyTrip,6E,6E-5119,2026-09-14,T+1,10442,2292,12734,2026-09-13T02:38:58.342Z,FALSE,"",05:10,FALSE
fare_DEL-BLR_QP_2026-09-14_T+1_1789268425662_x1qs,DEL-BLR,EaseMyTrip,QP,QP-1308,2026-09-14,T+1,10493,2303,12796,2026-09-13T02:38:58.342Z,FALSE,"",20:55,TRUE
fare_DEL-BLR_6E_2026-09-14_T+1_1789268425662_4880,DEL-BLR,EaseMyTrip,6E,6E-5001,2026-09-14,T+1,10543,2314,12857,2026-09-13T02:38:58.342Z,FALSE,"",17:10,FALSE
fare_DEL-BLR_6E_2026-09-14_T+1_1789268425662_azf7,DEL-BLR,EaseMyTrip,6E,6E-2364,2026-09-14,T+1,10543,2314,12857,2026-09-13T02:38:58.342Z,FALSE,"",04:50,FALSE
fare_DEL-BLR_QP_2026-09-14_T+1_1789268425662_hooq,DEL-BLR,EaseMyTrip,QP,QP-1940,2026-09-14,T+1,10595,2326,12921,2026-09-13T02:38:58.342Z,FALSE,"",14:05,FALSE
fare_DEL-BLR_6E_2026-09-14_T+1_1789268425662_bzy5,DEL-BLR,EaseMyTrip,6E,6E-120,2026-09-14,T+1,10805,2372,13177,2026-09-13T02:38:58.342Z,FALSE,"",18:15,FALSE
fare_DEL-BLR_6E_2026-09-14_T+1_1789268425662_wp1f,DEL-BLR,EaseMyTrip,6E,6E-709,2026-09-14,T+1,10805,2372,13177,2026-09-13T02:38:58.342Z,FALSE,"",18:15,FALSE
fare_DEL-BLR_QP_2026-09-14_T+1_1789268425662_7pyf,DEL-BLR,EaseMyTrip,QP,QP-1824,2026-09-14,T+1,10894,2391,13285,2026-09-13T02:38:58.342Z,FALSE,"",20:10,TRUE
fare_DEL-BLR_IX_2026-09-14_T+1_1789268425662_naxw,DEL-BLR,EaseMyTrip,IX,IX-1074,2026-09-14,T+1,12287,2697,14984,2026-09-13T02:38:58.342Z,FALSE,"",11:00,FALSE
fare_DEL-BLR_6E_2026-09-14_T+1_1789268425662_tf22,DEL-BLR,EaseMyTrip,6E,6E-573,2026-09-14,T+1,10974,2409,13383,2026-09-13T02:38:58.342Z,FALSE,"",22:00,TRUE
fare_DEL-BLR_6E_2026-09-14_T+1_1789268425662_i4yg,DEL-BLR,EaseMyTrip,6E,6E-663,2026-09-14,T+1,10974,2409,13383,2026-09-13T02:38:58.342Z,FALSE,"",22:00,TRUE
fare_DEL-BLR_6E_2026-09-14_T+1_1789268425662_d38j,DEL-BLR,EaseMyTrip,6E,6E-6515,2026-09-14,T+1,10974,2409,13383,2026-09-13T02:38:58.342Z,FALSE,"",20:45,TRUE
fare_DEL-BLR_AI_2026-09-14_T+1_1789268425662_f8pz,DEL-BLR,EaseMyTrip,AI,AI-2483,2026-09-14,T+1,11146,2447,13593,2026-09-13T02:38:58.342Z,FALSE,"",12:20,FALSE
fare_DEL-BLR_AI_2026-09-14_T+1_1789268425662_l7nn,DEL-BLR,EaseMyTrip,AI,AI-2525,2026-09-14,T+1,11146,2447,13593,2026-09-13T02:38:58.342Z,FALSE,"",06:00,FALSE
fare_DEL-BLR_AI_2026-09-14_T+1_1789268425662_1d49,DEL-BLR,EaseMyTrip,AI,AI-2412,2026-09-14,T+1,11201,2459,13660,2026-09-13T02:38:58.342Z,FALSE,"",21:30,TRUE
fare_DEL-BLR_6E_2026-09-14_T+1_1789268425662_tvs4,DEL-BLR,EaseMyTrip,6E,6E-2349,2026-09-14,T+1,11136,2444,13580,2026-09-13T02:38:58.342Z,FALSE,"",10:55,FALSE
fare_DEL-BLR_AI_2026-09-14_T+1_1789268425662_p06c,DEL-BLR,EaseMyTrip,AI,AI-2809,2026-09-14,T+1,11401,2503,13904,2026-09-13T02:38:58.342Z,FALSE,"",19:30,TRUE
fare_DEL-BLR_AI_2026-09-14_T+1_1789268425662_gm3f,DEL-BLR,EaseMyTrip,AI,AI-2485,2026-09-14,T+1,11601,2547,14148,2026-09-13T02:38:58.342Z,FALSE,"",10:30,TRUE
fare_DEL-BLR_QP_2026-09-14_T+1_1789268425662_qobd,DEL-BLR,EaseMyTrip,QP,QP-1812,2026-09-14,T+1,11528,2530,14058,2026-09-13T02:38:58.342Z,FALSE,"",22:55,TRUE
fare_DEL-BLR_6E_2026-09-14_T+1_1789268425662_l0jy,DEL-BLR,EaseMyTrip,6E,6E-734,2026-09-14,T+1,11580,2542,14122,2026-09-13T02:38:58.342Z,FALSE,"",18:20,TRUE
fare_DEL-BLR_6E_2026-09-14_T+1_1789268425662_pmww,DEL-BLR,EaseMyTrip,6E,6E-827,2026-09-14,T+1,11580,2542,14122,2026-09-13T02:38:58.342Z,FALSE,"",18:20,TRUE
fare_DEL-BLR_6E_2026-09-14_T+1_1789268425662_dpx1,DEL-BLR,EaseMyTrip,6E,6E-226,2026-09-14,T+1,11580,2542,14122,2026-09-13T02:38:58.342Z,FALSE,"",14:30,TRUE
fare_DEL-BLR_6E_2026-09-14_T+1_1789268425662_twnk,DEL-BLR,EaseMyTrip,6E,6E-567,2026-09-14,T+1,11580,2542,14122,2026-09-13T02:38:58.342Z,FALSE,"",14:30,TRUE
fare_DEL-BLR_6E_2026-09-14_T+1_1789268425662_ffgh,DEL-BLR,EaseMyTrip,6E,6E-540,2026-09-14,T+1,11580,2542,14122,2026-09-13T02:38:58.342Z,FALSE,"",13:15,TRUE
fare_DEL-BLR_6E_2026-09-14_T+1_1789268425662_i0oy,DEL-BLR,EaseMyTrip,6E,6E-981,2026-09-14,T+1,11580,2542,14122,2026-09-13T02:38:58.342Z,FALSE,"",13:15,TRUE
fare_DEL-BLR_6E_2026-09-14_T+1_1789268425662_uq6j,DEL-BLR,EaseMyTrip,6E,6E-7642,2026-09-14,T+1,11948,2623,14571,2026-09-13T02:38:58.342Z,FALSE,"",15:45,FALSE
fare_DEL-BLR_QP_2026-09-14_T+1_1789268425662_3mic,DEL-BLR,EaseMyTrip,QP,QP-1822,2026-09-14,T+1,11971,2628,14599,2026-09-13T02:38:58.342Z,FALSE,"",16:40,TRUE
fare_DEL-BLR_6E_2026-09-14_T+1_1789268425662_um0p,DEL-BLR,EaseMyTrip,6E,6E-999,2026-09-14,T+1,12224,2683,14907,2026-09-13T02:38:58.342Z,FALSE,"",19:30,TRUE
fare_DEL-BLR_6E_2026-09-14_T+1_1789268425662_kqrr,DEL-BLR,EaseMyTrip,6E,6E-336,2026-09-14,T+1,12224,2683,14907,2026-09-13T02:38:58.342Z,FALSE,"",19:30,TRUE
fare_DEL-BLR_6E_2026-09-14_T+1_1789268425662_g6iq,DEL-BLR,EaseMyTrip,6E,6E-481,2026-09-14,T+1,12224,2683,14907,2026-09-13T02:38:58.342Z,FALSE,"",17:00,TRUE
fare_DEL-BLR_6E_2026-09-14_T+1_1789268425662_nc6o,DEL-BLR,EaseMyTrip,6E,6E-115,2026-09-14,T+1,12224,2683,14907,2026-09-13T02:38:58.342Z,FALSE,"",17:00,TRUE
fare_DEL-BLR_6E_2026-09-14_T+1_1789268425662_r0ir,DEL-BLR,EaseMyTrip,6E,6E-865,2026-09-14,T+1,12224,2683,14907,2026-09-13T02:38:58.342Z,FALSE,"",15:45,TRUE
fare_DEL-BLR_6E_2026-09-14_T+1_1789268425662_10u9,DEL-BLR,EaseMyTrip,6E,6E-772,2026-09-14,T+1,12224,2683,14907,2026-09-13T02:38:58.342Z,FALSE,"",15:45,TRUE
fare_DEL-BLR_AI_2026-09-14_T+1_1789268425662_oui6,DEL-BLR,EaseMyTrip,AI,AI-2941,2026-09-14,T+1,12728,2794,15522,2026-09-13T02:38:58.342Z,FALSE,"",16:30,FALSE
fare_DEL-BLR_AI_2026-09-14_T+1_1789268425662_kkb2,DEL-BLR,EaseMyTrip,AI,AI-441,2026-09-14,T+1,12728,2794,15522,2026-09-13T02:38:58.342Z,FALSE,"",17:00,FALSE
fare_DEL-BLR_AI_2026-09-14_T+1_1789268425662_3jk5,DEL-BLR,EaseMyTrip,AI,AI-1777,2026-09-14,T+1,12728,2794,15522,2026-09-13T02:38:58.342Z,FALSE,"",16:00,FALSE
fare_DEL-BLR_AI_2026-09-14_T+1_1789268425662_099q,DEL-BLR,EaseMyTrip,AI,AI-2933,2026-09-14,T+1,12728,2794,15522,2026-09-13T02:38:58.342Z,FALSE,"",15:30,FALSE
fare_DEL-BLR_AI_2026-09-14_T+1_1789268425662_6fow,DEL-BLR,EaseMyTrip,AI,AI-2817,2026-09-14,T+1,12729,2794,15523,2026-09-13T02:38:58.342Z,FALSE,"",16:30,TRUE
fare_DEL-BLR_AI_2026-09-14_T+1_1789268425662_lczu,DEL-BLR,EaseMyTrip,AI,AI-2664,2026-09-14,T+1,12729,2794,15523,2026-09-13T02:38:58.342Z,FALSE,"",15:50,TRUE
fare_DEL-BLR_AI_2026-09-14_T+1_1789268425662_bgql,DEL-BLR,EaseMyTrip,AI,AI-2487,2026-09-14,T+1,12729,2794,15523,2026-09-13T02:38:58.342Z,FALSE,"",18:30,TRUE
fare_DEL-BLR_AI_2026-09-14_T+1_1789268425662_03q2,DEL-BLR,EaseMyTrip,AI,AI-2975,2026-09-14,T+1,12950,2843,15793,2026-09-13T02:38:58.342Z,FALSE,"",06:30,FALSE
fare_DEL-BLR_AI_2026-09-14_T+1_1789268425662_1lor,DEL-BLR,EaseMyTrip,AI,AI-2951,2026-09-14,T+1,12950,2843,15793,2026-09-13T02:38:58.342Z,FALSE,"",13:30,FALSE
fare_DEL-BLR_AI_2026-09-14_T+1_1789268425662_5ohq,DEL-BLR,EaseMyTrip,AI,AI-2963,2026-09-14,T+1,12954,2843,15797,2026-09-13T02:38:58.342Z,FALSE,"",09:00,FALSE
fare_DEL-BLR_AI_2026-09-14_T+1_1789268425662_1aw2,DEL-BLR,EaseMyTrip,AI,AI-2678,2026-09-14,T+1,12954,2843,15797,2026-09-13T02:38:58.342Z,FALSE,"",08:30,FALSE
fare_DEL-BLR_AI_2026-09-14_T+1_1789268425662_6jup,DEL-BLR,EaseMyTrip,AI,AI-1702,2026-09-14,T+1,12983,2850,15833,2026-09-13T02:38:58.342Z,FALSE,"",18:30,FALSE
fare_DEL-BLR_AI_2026-09-14_T+1_1789268425662_4e86,DEL-BLR,EaseMyTrip,AI,AI-2819,2026-09-14,T+1,13189,2895,16084,2026-09-13T02:38:58.342Z,FALSE,"",15:00,TRUE
fare_DEL-BLR_6E_2026-09-14_T+1_1789268425662_vxz4,DEL-BLR,EaseMyTrip,6E,6E-6091,2026-09-14,T+1,13085,2872,15957,2026-09-13T02:38:58.342Z,FALSE,"",15:15,FALSE
fare_DEL-BLR_AI_2026-09-14_T+1_1789268425662_9ii2,DEL-BLR,EaseMyTrip,AI,AI-2512,2026-09-14,T+1,13304,2920,16224,2026-09-13T02:38:58.342Z,FALSE,"",19:00,TRUE
fare_DEL-BLR_IX_2026-09-14_T+1_1789268425662_k21m,DEL-BLR,EaseMyTrip,IX,IX-1165,2026-09-14,T+1,13373,2936,16309,2026-09-13T02:38:58.342Z,FALSE,"",05:45,FALSE
fare_DEL-BLR_6E_2026-09-14_T+1_1789268425662_4z8e,DEL-BLR,EaseMyTrip,6E,6E-6293,2026-09-14,T+1,13280,2915,16195,2026-09-13T02:38:58.342Z,FALSE,"",09:55,FALSE
fare_DEL-BLR_6E_2026-09-14_T+1_1789268425662_r729,DEL-BLR,EaseMyTrip,6E,6E-6115,2026-09-14,T+1,13345,2929,16274,2026-09-13T02:38:58.342Z,FALSE,"",13:10,FALSE
fare_DEL-BLR_IX_2026-09-14_T+1_1789268425662_x3rl,DEL-BLR,EaseMyTrip,IX,IX-1080,2026-09-14,T+1,13984,3070,17054,2026-09-13T02:38:58.342Z,FALSE,"",18:40,FALSE
fare_DEL-BLR_6E_2026-09-14_T+1_1789268425662_g01z,DEL-BLR,EaseMyTrip,6E,6E-6282,2026-09-14,T+1,13868,3044,16912,2026-09-13T02:38:58.342Z,FALSE,"",13:30,FALSE
fare_DEL-BLR_6E_2026-09-14_T+1_1789268425662_dgux,DEL-BLR,EaseMyTrip,6E,6E-766,2026-09-14,T+1,13868,3044,16912,2026-09-13T02:38:58.342Z,FALSE,"",11:45,FALSE
fare_DEL-BLR_6E_2026-09-14_T+1_1789268425662_rbfn,DEL-BLR,EaseMyTrip,6E,6E-223,2026-09-14,T+1,13868,3044,16912,2026-09-13T02:38:58.342Z,FALSE,"",11:45,FALSE
fare_DEL-BLR_6E_2026-09-14_T+1_1789268425662_882z,DEL-BLR,EaseMyTrip,6E,6E-218,2026-09-14,T+1,13976,3068,17044,2026-09-13T02:38:58.342Z,FALSE,"",19:35,FALSE
fare_DEL-BLR_6E_2026-09-14_T+1_1789268425662_8f30,DEL-BLR,EaseMyTrip,6E,6E-585,2026-09-14,T+1,13976,3068,17044,2026-09-13T02:38:58.342Z,FALSE,"",19:35,FALSE
fare_DEL-BLR_IX_2026-09-14_T+1_1789268425662_wu09,DEL-BLR,EaseMyTrip,IX,IX-1069,2026-09-14,T+1,14547,3193,17740,2026-09-13T02:38:58.342Z,FALSE,"",10:40,FALSE
fare_DEL-BLR_IX_2026-09-14_T+1_1789268425662_qgh2,DEL-BLR,EaseMyTrip,IX,IX-1085,2026-09-14,T+1,14719,3231,17950,2026-09-13T02:38:58.342Z,FALSE,"",12:55,FALSE
fare_DEL-BLR_6E_2026-09-14_T+1_1789268425662_xcji,DEL-BLR,EaseMyTrip,6E,6E-6476,2026-09-14,T+1,14302,3139,17441,2026-09-13T02:38:58.342Z,FALSE,"",07:05,FALSE
fare_DEL-BLR_IX_2026-09-14_T+1_1789268425662_k2qb,DEL-BLR,EaseMyTrip,IX,IX-1035,2026-09-14,T+1,16223,3561,19784,2026-09-13T02:38:58.342Z,FALSE,"",08:10,FALSE
fare_DEL-BLR_AI_2026-09-14_T+1_1789268425662_ugpf,DEL-BLR,EaseMyTrip,AI,AI-2519,2026-09-14,T+1,14586,3202,17788,2026-09-13T02:38:58.342Z,FALSE,"",15:30,FALSE
fare_DEL-BLR_AI_2026-09-14_T+1_1789268425662_8fug,DEL-BLR,EaseMyTrip,AI,AI-2465,2026-09-14,T+1,14586,3202,17788,2026-09-13T02:38:58.342Z,FALSE,"",14:30,FALSE
fare_DEL-BLR_6E_2026-09-14_T+1_1789268425662_2rq6,DEL-BLR,EaseMyTrip,6E,6E-6632,2026-09-14,T+1,14497,3182,17679,2026-09-13T02:38:58.342Z,FALSE,"",17:50,FALSE
fare_DEL-BLR_IX_2026-09-14_T+1_1789268425662_trgs,DEL-BLR,EaseMyTrip,IX,IX-1032,2026-09-14,T+1,15252,3348,18600,2026-09-13T02:38:58.342Z,FALSE,"",05:45,FALSE
fare_DEL-BLR_6E_2026-09-14_T+1_1789268425662_bod2,DEL-BLR,EaseMyTrip,6E,6E-6217,2026-09-14,T+1,15137,3323,18460,2026-09-13T02:38:58.342Z,FALSE,"",16:15,FALSE
fare_DEL-BLR_AI_2026-09-14_T+1_1789268425662_q7e8,DEL-BLR,EaseMyTrip,AI,AI-2417,2026-09-14,T+1,15607,3426,19033,2026-09-13T02:38:58.342Z,FALSE,"",13:00,TRUE
fare_DEL-BLR_IX_2026-09-14_T+1_1789268425662_5ylw,DEL-BLR,EaseMyTrip,IX,IX-1001,2026-09-14,T+1,17416,3823,21239,2026-09-13T02:38:58.342Z,FALSE,"",09:00,FALSE
fare_DEL-BLR_IX_2026-09-14_T+1_1789268425662_8h5s,DEL-BLR,EaseMyTrip,IX,IX-1067,2026-09-14,T+1,15956,3503,19459,2026-09-13T02:38:58.342Z,FALSE,"",06:10,FALSE
fare_DEL-BLR_IX_2026-09-14_T+1_1789268425662_n9e5,DEL-BLR,EaseMyTrip,IX,IX-1108,2026-09-14,T+1,17596,3862,21458,2026-09-13T02:38:58.342Z,FALSE,"",05:00,FALSE
fare_DEL-BLR_6E_2026-09-14_T+1_1789268425662_1h24,DEL-BLR,EaseMyTrip,6E,6E-406,2026-09-14,T+1,15852,3480,19332,2026-09-13T02:38:58.342Z,FALSE,"",17:55,FALSE
fare_DEL-BLR_6E_2026-09-14_T+1_1789268425662_0yym,DEL-BLR,EaseMyTrip,6E,6E-368,2026-09-14,T+1,15852,3480,19332,2026-09-13T02:38:58.342Z,FALSE,"",17:55,FALSE
fare_DEL-BLR_IX_2026-09-14_T+1_1789268425662_f1ko,DEL-BLR,EaseMyTrip,IX,IX-1012,2026-09-14,T+1,16511,3624,20135,2026-09-13T02:38:58.342Z,FALSE,"",06:35,FALSE
fare_DEL-BLR_6E_2026-09-14_T+1_1789268425662_mo55,DEL-BLR,EaseMyTrip,6E,6E-172,2026-09-14,T+1,16536,3630,20166,2026-09-13T02:38:58.342Z,FALSE,"",08:30,FALSE
fare_DEL-BLR_IX_2026-09-14_T+1_1789268425662_xyf2,DEL-BLR,EaseMyTrip,IX,IX-1980,2026-09-14,T+1,17113,3756,20869,2026-09-13T02:38:58.342Z,FALSE,"",09:55,FALSE
fare_DEL-BLR_AI_2026-09-14_T+1_1789268425662_9vr8,DEL-BLR,EaseMyTrip,AI,AI-2627,2026-09-14,T+1,17332,3805,21137,2026-09-13T02:38:58.342Z,FALSE,"",10:45,FALSE
fare_DEL-BLR_IX_2026-09-14_T+1_1789268425662_fs00,DEL-BLR,EaseMyTrip,IX,IX-1783,2026-09-14,T+1,18302,4017,22319,2026-09-13T02:38:58.342Z,FALSE,"",07:20,FALSE
fare_DEL-BLR_IX_2026-09-14_T+1_1789268425662_uwfv,DEL-BLR,EaseMyTrip,IX,IX-1812,2026-09-14,T+1,20095,4411,24506,2026-09-13T02:38:58.342Z,TRUE,"High outlier: ₹24506 > upper fence ₹23344 (Q3: ₹16195, IQR: ₹4766)",11:15,FALSE
fare_DEL-BLR_AI_2026-09-14_T+1_1789268425662_qydy,DEL-BLR,EaseMyTrip,AI,AI-2705,2026-09-14,T+1,21771,4779,26550,2026-09-13T02:38:58.342Z,TRUE,"High outlier: ₹26550 > upper fence ₹23344 (Q3: ₹16195, IQR: ₹4766)",07:30,FALSE
fare_DEL-BLR_IX_2026-09-14_T+1_1789268425662_e540,DEL-BLR,EaseMyTrip,IX,IX-1068,2026-09-14,T+1,23709,5205,28914,2026-09-13T02:38:58.342Z,TRUE,"High outlier: ₹28914 > upper fence ₹23344 (Q3: ₹16195, IQR: ₹4766)",11:55,FALSE
fare_DEL-BLR_IX_2026-09-14_T+1_1789268425662_1h8t,DEL-BLR,EaseMyTrip,IX,IX-1815,2026-09-14,T+1,22640,4970,27610,2026-09-13T02:38:58.342Z,TRUE,"High outlier: ₹27610 > upper fence ₹23344 (Q3: ₹16195, IQR: ₹4766)",19:20,FALSE
fare_DEL-BLR_IX_2026-09-14_T+1_1789268425662_03xd,DEL-BLR,EaseMyTrip,IX,IX-1461,2026-09-14,T+1,22374,4911,27285,2026-09-13T02:38:58.342Z,TRUE,"High outlier: ₹27285 > upper fence ₹23344 (Q3: ₹16195, IQR: ₹4766)",05:35,FALSE
fare_DEL-BLR_IX_2026-09-14_T+1_1789268425662_uxw3,DEL-BLR,EaseMyTrip,IX,IX-1090,2026-09-14,T+1,24303,5335,29638,2026-09-13T02:38:58.342Z,TRUE,"High outlier: ₹29638 > upper fence ₹23344 (Q3: ₹16195, IQR: ₹4766)",13:10,FALSE
fare_DEL-BLR_AI_2026-09-14_T+1_1789268425662_nqzb,DEL-BLR,EaseMyTrip,AI,AI-2458,2026-09-14,T+1,24473,5372,29845,2026-09-13T02:38:58.342Z,TRUE,"High outlier: ₹29845 > upper fence ₹23344 (Q3: ₹16195, IQR: ₹4766)",12:10,FALSE
fare_DEL-BLR_IX_2026-09-14_T+1_1789268425662_9bvh,DEL-BLR,EaseMyTrip,IX,IX-1054,2026-09-14,T+1,26243,5761,32004,2026-09-13T02:38:58.342Z,TRUE,"High outlier: ₹32004 > upper fence ₹23344 (Q3: ₹16195, IQR: ₹4766)",12:05,FALSE
fare_DEL-BLR_AI_2026-09-14_T+1_1789268425662_2jnj,DEL-BLR,EaseMyTrip,AI,AI-1739,2026-09-14,T+1,27466,6029,33495,2026-09-13T02:38:58.342Z,TRUE,"High outlier: ₹33495 > upper fence ₹23344 (Q3: ₹16195, IQR: ₹4766)",11:30,FALSE
fare_DEL-BLR_6E_2026-10-13_T+30_1789268425663_eztw,DEL-BLR,EaseMyTrip,6E,6E-6433,2026-10-13,T+30,6790,1491,8281,2026-09-13T02:39:17.874Z,FALSE,"",16:30,FALSE
fare_DEL-BLR_6E_2026-10-13_T+30_1789268425663_q5vn,DEL-BLR,EaseMyTrip,6E,6E-626,2026-10-13,T+30,6855,1505,8360,2026-09-13T02:39:17.874Z,FALSE,"",17:55,FALSE
fare_DEL-BLR_6E_2026-10-13_T+30_1789268425663_6y0k,DEL-BLR,EaseMyTrip,6E,6E-939,2026-10-13,T+30,6855,1505,8360,2026-09-13T02:39:17.874Z,FALSE,"",17:55,FALSE
fare_DEL-BLR_6E_2026-10-13_T+30_1789268425663_4xh7,DEL-BLR,EaseMyTrip,6E,6E-6217,2026-10-13,T+30,6855,1505,8360,2026-09-13T02:39:17.874Z,FALSE,"",16:15,FALSE
fare_DEL-BLR_6E_2026-10-13_T+30_1789268425663_9g0p,DEL-BLR,EaseMyTrip,6E,6E-6212,2026-10-13,T+30,6855,1505,8360,2026-09-13T02:39:17.874Z,FALSE,"",14:45,FALSE
fare_DEL-BLR_6E_2026-10-13_T+30_1789268425663_9e1y,DEL-BLR,EaseMyTrip,6E,6E-923,2026-10-13,T+30,6855,1505,8360,2026-09-13T02:39:17.874Z,FALSE,"",02:25,FALSE
fare_DEL-BLR_6E_2026-10-13_T+30_1789268425663_lhtg,DEL-BLR,EaseMyTrip,6E,6E-965,2026-10-13,T+30,6855,1505,8360,2026-09-13T02:39:17.874Z,FALSE,"",02:25,FALSE
fare_DEL-BLR_6E_2026-10-13_T+30_1789268425663_xab8,DEL-BLR,EaseMyTrip,6E,6E-6026,2026-10-13,T+30,6855,1505,8360,2026-09-13T02:39:17.874Z,FALSE,"",05:30,FALSE
fare_DEL-BLR_6E_2026-10-13_T+30_1789268425663_21jv,DEL-BLR,EaseMyTrip,6E,6E-242,2026-10-13,T+30,6855,1505,8360,2026-09-13T02:39:17.874Z,FALSE,"",16:10,FALSE
fare_DEL-BLR_6E_2026-10-13_T+30_1789268425663_rfot,DEL-BLR,EaseMyTrip,6E,6E-808,2026-10-13,T+30,6855,1505,8360,2026-09-13T02:39:17.874Z,FALSE,"",16:10,FALSE
fare_DEL-BLR_6E_2026-10-13_T+30_1789268425663_lngv,DEL-BLR,EaseMyTrip,6E,6E-6293,2026-10-13,T+30,6855,1505,8360,2026-09-13T02:39:17.874Z,FALSE,"",09:55,FALSE
fare_DEL-BLR_6E_2026-10-13_T+30_1789268425663_22d4,DEL-BLR,EaseMyTrip,6E,6E-642,2026-10-13,T+30,6855,1505,8360,2026-09-13T02:39:17.874Z,FALSE,"",11:45,FALSE
fare_DEL-BLR_6E_2026-10-13_T+30_1789268425663_moaz,DEL-BLR,EaseMyTrip,6E,6E-621,2026-10-13,T+30,6855,1505,8360,2026-09-13T02:39:17.874Z,FALSE,"",11:45,FALSE
fare_DEL-BLR_6E_2026-10-13_T+30_1789268425663_rg6j,DEL-BLR,EaseMyTrip,6E,6E-5073,2026-10-13,T+30,6963,1528,8491,2026-09-13T02:39:17.874Z,FALSE,"",17:05,FALSE
fare_DEL-BLR_6E_2026-10-13_T+30_1789268425663_bi3p,DEL-BLR,EaseMyTrip,6E,6E-6179,2026-10-13,T+30,6963,1528,8491,2026-09-13T02:39:17.874Z,FALSE,"",18:30,FALSE
fare_DEL-BLR_6E_2026-10-13_T+30_1789268425663_nv4o,DEL-BLR,EaseMyTrip,6E,6E-576,2026-10-13,T+30,6963,1528,8491,2026-09-13T02:39:17.874Z,FALSE,"",18:00,FALSE
fare_DEL-BLR_6E_2026-10-13_T+30_1789268425663_0e4w,DEL-BLR,EaseMyTrip,6E,6E-742,2026-10-13,T+30,6963,1528,8491,2026-09-13T02:39:17.874Z,FALSE,"",18:00,FALSE
fare_DEL-BLR_6E_2026-10-13_T+30_1789268425663_g3ux,DEL-BLR,EaseMyTrip,6E,6E-6488,2026-10-13,T+30,6963,1528,8491,2026-09-13T02:39:17.874Z,FALSE,"",11:20,FALSE
fare_DEL-BLR_6E_2026-10-13_T+30_1789268425663_pyd5,DEL-BLR,EaseMyTrip,6E,6E-375,2026-10-13,T+30,6963,1528,8491,2026-09-13T02:39:17.874Z,FALSE,"",16:20,FALSE
fare_DEL-BLR_6E_2026-10-13_T+30_1789268425663_y8jg,DEL-BLR,EaseMyTrip,6E,6E-758,2026-10-13,T+30,6963,1528,8491,2026-09-13T02:39:17.874Z,FALSE,"",16:20,FALSE
fare_DEL-BLR_6E_2026-10-13_T+30_1789268425663_q3g1,DEL-BLR,EaseMyTrip,6E,6E-5119,2026-10-13,T+30,6963,1528,8491,2026-09-13T02:39:17.874Z,FALSE,"",05:10,FALSE
fare_DEL-BLR_6E_2026-10-13_T+30_1789268425663_ct1j,DEL-BLR,EaseMyTrip,6E,6E-6673,2026-10-13,T+30,6963,1528,8491,2026-09-13T02:39:17.874Z,FALSE,"",21:15,FALSE
fare_DEL-BLR_6E_2026-10-13_T+30_1789268425663_im5y,DEL-BLR,EaseMyTrip,6E,6E-2557,2026-10-13,T+30,6963,1528,8491,2026-09-13T02:39:17.874Z,FALSE,"",15:20,FALSE
fare_DEL-BLR_6E_2026-10-13_T+30_1789268425663_lyq7,DEL-BLR,EaseMyTrip,6E,6E-804,2026-10-13,T+30,6963,1528,8491,2026-09-13T02:39:17.874Z,FALSE,"",14:50,FALSE
fare_DEL-BLR_6E_2026-10-13_T+30_1789268425663_jmgk,DEL-BLR,EaseMyTrip,6E,6E-426,2026-10-13,T+30,6963,1528,8491,2026-09-13T02:39:17.874Z,FALSE,"",14:50,FALSE
fare_DEL-BLR_6E_2026-10-13_T+30_1789268425663_0bn0,DEL-BLR,EaseMyTrip,6E,6E-6569,2026-10-13,T+30,6963,1528,8491,2026-09-13T02:39:17.874Z,FALSE,"",05:00,FALSE
fare_DEL-BLR_6E_2026-10-13_T+30_1789268425663_znou,DEL-BLR,EaseMyTrip,6E,6E-6459,2026-10-13,T+30,6963,1528,8491,2026-09-13T02:39:17.874Z,FALSE,"",05:55,FALSE
fare_DEL-BLR_6E_2026-10-13_T+30_1789268425663_wtwa,DEL-BLR,EaseMyTrip,6E,6E-2618,2026-10-13,T+30,6963,1528,8491,2026-09-13T02:39:17.874Z,FALSE,"",23:00,FALSE
fare_DEL-BLR_6E_2026-10-13_T+30_1789268425663_np07,DEL-BLR,EaseMyTrip,6E,6E-481,2026-10-13,T+30,7027,1543,8570,2026-09-13T02:39:17.874Z,FALSE,"",18:15,FALSE
fare_DEL-BLR_6E_2026-10-13_T+30_1789268425663_dugw,DEL-BLR,EaseMyTrip,6E,6E-873,2026-10-13,T+30,7027,1543,8570,2026-09-13T02:39:17.874Z,FALSE,"",18:15,FALSE
fare_DEL-BLR_6E_2026-10-13_T+30_1789268425663_10vi,DEL-BLR,EaseMyTrip,6E,6E-6091,2026-10-13,T+30,7027,1543,8570,2026-09-13T02:39:17.874Z,FALSE,"",15:15,FALSE
fare_DEL-BLR_6E_2026-10-13_T+30_1789268425663_n3rh,DEL-BLR,EaseMyTrip,6E,6E-2147,2026-10-13,T+30,7027,1543,8570,2026-09-13T02:39:17.874Z,FALSE,"",11:10,FALSE
fare_DEL-BLR_6E_2026-10-13_T+30_1789268425663_vsdm,DEL-BLR,EaseMyTrip,6E,6E-6632,2026-10-13,T+30,7027,1543,8570,2026-09-13T02:39:17.874Z,FALSE,"",17:50,FALSE
fare_DEL-BLR_6E_2026-10-13_T+30_1789268425663_2fcf,DEL-BLR,EaseMyTrip,6E,6E-848,2026-10-13,T+30,7027,1543,8570,2026-09-13T02:39:17.874Z,FALSE,"",02:55,FALSE
fare_DEL-BLR_6E_2026-10-13_T+30_1789268425663_4l56,DEL-BLR,EaseMyTrip,6E,6E-793,2026-10-13,T+30,7027,1543,8570,2026-09-13T02:39:17.874Z,FALSE,"",02:55,FALSE
fare_DEL-BLR_6E_2026-10-13_T+30_1789268425663_zf0c,DEL-BLR,EaseMyTrip,6E,6E-2277,2026-10-13,T+30,7027,1543,8570,2026-09-13T02:39:17.874Z,FALSE,"",10:25,FALSE
fare_DEL-BLR_6E_2026-10-13_T+30_1789268425663_ilgj,DEL-BLR,EaseMyTrip,6E,6E-6115,2026-10-13,T+30,7027,1543,8570,2026-09-13T02:39:17.874Z,FALSE,"",13:10,FALSE
fare_DEL-BLR_6E_2026-10-13_T+30_1789268425663_1m0s,DEL-BLR,EaseMyTrip,6E,6E-5038,2026-10-13,T+30,7027,1543,8570,2026-09-13T02:39:17.874Z,FALSE,"",14:00,FALSE
fare_DEL-BLR_6E_2026-10-13_T+30_1789268425663_ze6d,DEL-BLR,EaseMyTrip,6E,6E-5033,2026-10-13,T+30,7027,1543,8570,2026-09-13T02:39:17.874Z,FALSE,"",15:50,FALSE
fare_DEL-BLR_6E_2026-10-13_T+30_1789268425663_7546,DEL-BLR,EaseMyTrip,6E,6E-6476,2026-10-13,T+30,7027,1543,8570,2026-09-13T02:39:17.874Z,FALSE,"",07:05,FALSE
fare_DEL-BLR_6E_2026-10-13_T+30_1789268425663_41b6,DEL-BLR,EaseMyTrip,6E,6E-6497,2026-10-13,T+30,7135,1566,8701,2026-09-13T02:39:17.874Z,FALSE,"",18:40,FALSE
fare_DEL-BLR_6E_2026-10-13_T+30_1789268425663_jd0s,DEL-BLR,EaseMyTrip,6E,6E-2769,2026-10-13,T+30,7135,1566,8701,2026-09-13T02:39:17.874Z,FALSE,"",08:10,FALSE
fare_DEL-BLR_6E_2026-10-13_T+30_1789268425663_wbmg,DEL-BLR,EaseMyTrip,6E,6E-2482,2026-10-13,T+30,7135,1566,8701,2026-09-13T02:39:17.874Z,FALSE,"",19:55,FALSE
fare_DEL-BLR_IX_2026-10-13_T+30_1789268425663_unx9,DEL-BLR,EaseMyTrip,IX,IX-1041,2026-10-13,T+30,7859,1725,9584,2026-09-13T02:39:17.874Z,FALSE,"",08:45,FALSE
fare_DEL-BLR_IX_2026-10-13_T+30_1789268425663_p1gz,DEL-BLR,EaseMyTrip,IX,IX-1035,2026-10-13,T+30,7859,1725,9584,2026-09-13T02:39:17.874Z,FALSE,"",08:10,FALSE
fare_DEL-BLR_IX_2026-10-13_T+30_1789268425663_ldf6,DEL-BLR,EaseMyTrip,IX,IX-1032,2026-10-13,T+30,7859,1725,9584,2026-09-13T02:39:17.874Z,FALSE,"",05:45,FALSE
fare_DEL-BLR_IX_2026-10-13_T+30_1789268425663_0m0c,DEL-BLR,EaseMyTrip,IX,IX-1024,2026-10-13,T+30,7326,1608,8934,2026-09-13T02:39:17.874Z,FALSE,"",18:40,FALSE
fare_DEL-BLR_6E_2026-10-13_T+30_1789268425663_zxyq,DEL-BLR,EaseMyTrip,6E,6E-261,2026-10-13,T+30,7156,1571,8727,2026-09-13T02:39:17.874Z,FALSE,"",17:10,FALSE
fare_DEL-BLR_6E_2026-10-13_T+30_1789268425663_na1n,DEL-BLR,EaseMyTrip,6E,6E-221,2026-10-13,T+30,7156,1571,8727,2026-09-13T02:39:17.874Z,FALSE,"",17:10,FALSE
fare_DEL-BLR_QP_2026-10-13_T+30_1789268425663_tmbc,DEL-BLR,EaseMyTrip,QP,QP-1526,2026-10-13,T+30,7163,1572,8735,2026-09-13T02:39:17.874Z,FALSE,"",16:30,TRUE
fare_DEL-BLR_QP_2026-10-13_T+30_1789268425663_w4mm,DEL-BLR,EaseMyTrip,QP,QP-1824,2026-10-13,T+30,7240,1589,8829,2026-09-13T02:39:17.874Z,FALSE,"",20:50,TRUE
fare_DEL-BLR_QP_2026-10-13_T+30_1789268425663_hvru,DEL-BLR,EaseMyTrip,QP,QP-1812,2026-10-13,T+30,7240,1589,8829,2026-09-13T02:39:17.874Z,FALSE,"",22:55,TRUE
fare_DEL-BLR_IX_2026-10-13_T+30_1789268425663_cgn6,DEL-BLR,EaseMyTrip,IX,IX-1165,2026-10-13,T+30,7604,1669,9273,2026-09-13T02:39:17.874Z,FALSE,"",06:00,FALSE
fare_DEL-BLR_IX_2026-10-13_T+30_1789268425663_924f,DEL-BLR,EaseMyTrip,IX,IX-1067,2026-10-13,T+30,8106,1779,9885,2026-09-13T02:39:17.874Z,FALSE,"",06:10,FALSE
fare_DEL-BLR_IX_2026-10-13_T+30_1789268425663_yqkj,DEL-BLR,EaseMyTrip,IX,IX-1046,2026-10-13,T+30,8031,1763,9794,2026-09-13T02:39:17.874Z,FALSE,"",06:30,FALSE
fare_DEL-BLR_IX_2026-10-13_T+30_1789268425663_2nbc,DEL-BLR,EaseMyTrip,IX,IX-1783,2026-10-13,T+30,8031,1763,9794,2026-09-13T02:39:17.874Z,FALSE,"",07:20,FALSE
fare_DEL-BLR_IX_2026-10-13_T+30_1789268425663_1jxm,DEL-BLR,EaseMyTrip,IX,IX-1057,2026-10-13,T+30,8031,1763,9794,2026-09-13T02:39:17.874Z,FALSE,"",06:20,FALSE
fare_DEL-BLR_IX_2026-10-13_T+30_1789268425663_914d,DEL-BLR,EaseMyTrip,IX,IX-1257,2026-10-13,T+30,8031,1763,9794,2026-09-13T02:39:17.874Z,FALSE,"",22:25,FALSE
fare_DEL-BLR_IX_2026-10-13_T+30_1789268425663_1ewu,DEL-BLR,EaseMyTrip,IX,IX-1230,2026-10-13,T+30,8031,1763,9794,2026-09-13T02:39:17.874Z,FALSE,"",04:40,FALSE
fare_DEL-BLR_IX_2026-10-13_T+30_1789268425663_yb1g,DEL-BLR,EaseMyTrip,IX,IX-1235,2026-10-13,T+30,8278,1817,10095,2026-09-13T02:39:17.874Z,FALSE,"",23:25,FALSE
fare_DEL-BLR_IX_2026-10-13_T+30_1789268425663_xjie,DEL-BLR,EaseMyTrip,IX,IX-1056,2026-10-13,T+30,8278,1817,10095,2026-09-13T02:39:17.874Z,FALSE,"",17:50,FALSE
fare_DEL-BLR_6E_2026-10-13_T+30_1789268425663_4uux,DEL-BLR,EaseMyTrip,6E,6E-7642,2026-10-13,T+30,7377,1619,8996,2026-09-13T02:39:17.874Z,FALSE,"",15:45,FALSE
fare_DEL-BLR_6E_2026-10-13_T+30_1789268425663_xz9k,DEL-BLR,EaseMyTrip,6E,6E-7624,2026-10-13,T+30,7377,1619,8996,2026-09-13T02:39:17.874Z,FALSE,"",05:50,FALSE
fare_DEL-BLR_6E_2026-10-13_T+30_1789268425663_4386,DEL-BLR,EaseMyTrip,6E,6E-7646,2026-10-13,T+30,7377,1619,8996,2026-09-13T02:39:17.874Z,FALSE,"",06:15,FALSE
fare_DEL-BLR_IX_2026-10-13_T+30_1789268425663_40tx,DEL-BLR,EaseMyTrip,IX,IX-1070,2026-10-13,T+30,7614,1671,9285,2026-09-13T02:39:17.874Z,FALSE,"",22:00,TRUE
fare_DEL-BLR_IX_2026-10-13_T+30_1789268425663_m1t0,DEL-BLR,EaseMyTrip,IX,IX-1811,2026-10-13,T+30,8278,1817,10095,2026-09-13T02:39:17.874Z,FALSE,"",06:50,FALSE
fare_DEL-BLR_IX_2026-10-13_T+30_1789268425663_oimt,DEL-BLR,EaseMyTrip,IX,IX-1812,2026-10-13,T+30,8278,1817,10095,2026-09-13T02:39:17.874Z,FALSE,"",10:15,FALSE
fare_DEL-BLR_IX_2026-10-13_T+30_1789268425663_nd10,DEL-BLR,EaseMyTrip,IX,IX-1074,2026-10-13,T+30,8433,1851,10284,2026-09-13T02:39:17.874Z,FALSE,"",11:00,FALSE
fare_DEL-BLR_6E_2026-10-13_T+30_1789268425663_6bxb,DEL-BLR,EaseMyTrip,6E,6E-2571,2026-10-13,T+30,7551,1658,9209,2026-09-13T02:39:17.874Z,FALSE,"",12:30,FALSE
fare_DEL-BLR_6E_2026-10-13_T+30_1789268425663_9pal,DEL-BLR,EaseMyTrip,6E,6E-2150,2026-10-13,T+30,7576,1663,9239,2026-09-13T02:39:17.874Z,FALSE,"",16:55,FALSE
fare_DEL-BLR_QP_2026-10-13_T+30_1789268425663_a93i,DEL-BLR,EaseMyTrip,QP,QP-1350,2026-10-13,T+30,7649,1679,9328,2026-09-13T02:39:17.874Z,FALSE,"",21:55,TRUE
fare_DEL-BLR_IX_2026-10-13_T+30_1789268425663_cpsx,DEL-BLR,EaseMyTrip,IX,IX-2749,2026-10-13,T+30,7860,1725,9585,2026-09-13T02:39:17.874Z,FALSE,"",10:25,TRUE
fare_DEL-BLR_6E_2026-10-13_T+30_1789268425663_sk55,DEL-BLR,EaseMyTrip,6E,6E-2589,2026-10-13,T+30,7896,1733,9629,2026-09-13T02:39:17.874Z,FALSE,"",15:05,FALSE
fare_DEL-BLR_6E_2026-10-13_T+30_1789268425663_ik7n,DEL-BLR,EaseMyTrip,6E,6E-6282,2026-10-13,T+30,8009,1758,9767,2026-09-13T02:39:17.874Z,FALSE,"",13:30,FALSE
fare_DEL-BLR_IX_2026-10-13_T+30_1789268425663_zi0s,DEL-BLR,EaseMyTrip,IX,IX-1617,2026-10-13,T+30,9015,1979,10994,2026-09-13T02:39:17.874Z,FALSE,"",11:50,FALSE
fare_DEL-BLR_AI_2026-10-13_T+30_1789268425663_de5b,DEL-BLR,EaseMyTrip,AI,AI-2499,2026-10-13,T+30,8355,1834,10189,2026-09-13T02:39:17.874Z,FALSE,"",06:00,FALSE
fare_DEL-BLR_AI_2026-10-13_T+30_1789268425663_6k33,DEL-BLR,EaseMyTrip,AI,AI-2569,2026-10-13,T+30,8355,1834,10189,2026-09-13T02:39:17.874Z,FALSE,"",20:30,FALSE
fare_DEL-BLR_AI_2026-10-13_T+30_1789268425663_rg9g,DEL-BLR,EaseMyTrip,AI,AI-1710,2026-10-13,T+30,8355,1834,10189,2026-09-13T02:39:17.874Z,FALSE,"",18:35,FALSE
fare_DEL-BLR_AI_2026-10-13_T+30_1789268425663_r03c,DEL-BLR,EaseMyTrip,AI,AI-1717,2026-10-13,T+30,8355,1834,10189,2026-09-13T02:39:17.874Z,FALSE,"",14:20,FALSE
fare_DEL-BLR_QP_2026-10-13_T+30_1789268425663_32zi,DEL-BLR,EaseMyTrip,QP,QP-1822,2026-10-13,T+30,8234,1808,10042,2026-09-13T02:39:17.874Z,FALSE,"",16:40,TRUE
fare_DEL-BLR_6E_2026-10-13_T+30_1789268425663_gwr9,DEL-BLR,EaseMyTrip,6E,6E-2456,2026-10-13,T+30,8239,1809,10048,2026-09-13T02:39:17.874Z,FALSE,"",14:55,TRUE
fare_DEL-BLR_6E_2026-10-13_T+30_1789268425663_hdll,DEL-BLR,EaseMyTrip,6E,6E-216,2026-10-13,T+30,8239,1809,10048,2026-09-13T02:39:17.874Z,FALSE,"",18:20,TRUE
fare_DEL-BLR_6E_2026-10-13_T+30_1789268425663_9h0r,DEL-BLR,EaseMyTrip,6E,6E-580,2026-10-13,T+30,8239,1809,10048,2026-09-13T02:39:17.874Z,FALSE,"",18:20,TRUE
fare_DEL-BLR_6E_2026-10-13_T+30_1789268425663_lqek,DEL-BLR,EaseMyTrip,6E,6E-542,2026-10-13,T+30,8239,1809,10048,2026-09-13T02:39:17.874Z,FALSE,"",08:20,TRUE
fare_DEL-BLR_6E_2026-10-13_T+30_1789268425663_pux4,DEL-BLR,EaseMyTrip,6E,6E-605,2026-10-13,T+30,8239,1809,10048,2026-09-13T02:39:17.874Z,FALSE,"",08:20,TRUE
fare_DEL-BLR_6E_2026-10-13_T+30_1789268425663_j43i,DEL-BLR,EaseMyTrip,6E,6E-6054,2026-10-13,T+30,8239,1809,10048,2026-09-13T02:39:17.874Z,FALSE,"",01:05,TRUE
fare_DEL-BLR_6E_2026-10-13_T+30_1789268425663_o3mu,DEL-BLR,EaseMyTrip,6E,6E-954,2026-10-13,T+30,8239,1809,10048,2026-09-13T02:39:17.874Z,FALSE,"",22:00,TRUE
fare_DEL-BLR_6E_2026-10-13_T+30_1789268425663_8kdw,DEL-BLR,EaseMyTrip,6E,6E-545,2026-10-13,T+30,8239,1809,10048,2026-09-13T02:39:17.874Z,FALSE,"",22:00,TRUE
fare_DEL-BLR_6E_2026-10-13_T+30_1789268425663_oa9m,DEL-BLR,EaseMyTrip,6E,6E-6515,2026-10-13,T+30,8239,1809,10048,2026-09-13T02:39:17.874Z,FALSE,"",20:45,TRUE
fare_DEL-BLR_6E_2026-10-13_T+30_1789268425663_u5xj,DEL-BLR,EaseMyTrip,6E,6E-956,2026-10-13,T+30,8239,1809,10048,2026-09-13T02:39:17.874Z,FALSE,"",19:30,TRUE
fare_DEL-BLR_6E_2026-10-13_T+30_1789268425663_xxoh,DEL-BLR,EaseMyTrip,6E,6E-909,2026-10-13,T+30,8239,1809,10048,2026-09-13T02:39:17.874Z,FALSE,"",19:30,TRUE
fare_DEL-BLR_6E_2026-10-13_T+30_1789268425663_637h,DEL-BLR,EaseMyTrip,6E,6E-719,2026-10-13,T+30,8239,1809,10048,2026-09-13T02:39:17.874Z,FALSE,"",17:00,TRUE
fare_DEL-BLR_6E_2026-10-13_T+30_1789268425663_vsw0,DEL-BLR,EaseMyTrip,6E,6E-691,2026-10-13,T+30,8239,1809,10048,2026-09-13T02:39:17.874Z,FALSE,"",17:00,TRUE
fare_DEL-BLR_6E_2026-10-13_T+30_1789268425663_ifg9,DEL-BLR,EaseMyTrip,6E,6E-664,2026-10-13,T+30,8239,1809,10048,2026-09-13T02:39:17.874Z,FALSE,"",15:45,TRUE
fare_DEL-BLR_6E_2026-10-13_T+30_1789268425663_pjor,DEL-BLR,EaseMyTrip,6E,6E-655,2026-10-13,T+30,8239,1809,10048,2026-09-13T02:39:17.874Z,FALSE,"",15:45,TRUE
fare_DEL-BLR_6E_2026-10-13_T+30_1789268425663_iazm,DEL-BLR,EaseMyTrip,6E,6E-219,2026-10-13,T+30,8239,1809,10048,2026-09-13T02:39:17.874Z,FALSE,"",14:30,TRUE
fare_DEL-BLR_6E_2026-10-13_T+30_1789268425663_zeuu,DEL-BLR,EaseMyTrip,6E,6E-258,2026-10-13,T+30,8239,1809,10048,2026-09-13T02:39:17.874Z,FALSE,"",14:30,TRUE
fare_DEL-BLR_6E_2026-10-13_T+30_1789268425663_atci,DEL-BLR,EaseMyTrip,6E,6E-435,2026-10-13,T+30,8239,1809,10048,2026-09-13T02:39:17.874Z,FALSE,"",23:30,TRUE
fare_DEL-BLR_6E_2026-10-13_T+30_1789268425663_a88z,DEL-BLR,EaseMyTrip,6E,6E-652,2026-10-13,T+30,8239,1809,10048,2026-09-13T02:39:17.874Z,FALSE,"",23:30,TRUE
fare_DEL-BLR_6E_2026-10-13_T+30_1789268425663_2htj,DEL-BLR,EaseMyTrip,6E,6E-403,2026-10-13,T+30,8239,1809,10048,2026-09-13T02:39:17.874Z,FALSE,"",10:45,TRUE
fare_DEL-BLR_6E_2026-10-13_T+30_1789268425663_41f5,DEL-BLR,EaseMyTrip,6E,6E-255,2026-10-13,T+30,8239,1809,10048,2026-09-13T02:39:17.874Z,FALSE,"",10:45,TRUE
fare_DEL-BLR_6E_2026-10-13_T+30_1789268425663_p41l,DEL-BLR,EaseMyTrip,6E,6E-951,2026-10-13,T+30,8239,1809,10048,2026-09-13T02:39:17.874Z,FALSE,"",09:30,TRUE
fare_DEL-BLR_6E_2026-10-13_T+30_1789268425663_ivzw,DEL-BLR,EaseMyTrip,6E,6E-572,2026-10-13,T+30,8239,1809,10048,2026-09-13T02:39:17.874Z,FALSE,"",09:30,TRUE
fare_DEL-BLR_6E_2026-10-13_T+30_1789268425663_ydr9,DEL-BLR,EaseMyTrip,6E,6E-955,2026-10-13,T+30,8239,1809,10048,2026-09-13T02:39:17.874Z,FALSE,"",07:05,TRUE
fare_DEL-BLR_6E_2026-10-13_T+30_1789268425663_2rus,DEL-BLR,EaseMyTrip,6E,6E-844,2026-10-13,T+30,8239,1809,10048,2026-09-13T02:39:17.874Z,FALSE,"",07:05,TRUE
fare_DEL-BLR_6E_2026-10-13_T+30_1789268425663_3iwq,DEL-BLR,EaseMyTrip,6E,6E-2314,2026-10-13,T+30,8239,1809,10048,2026-09-13T02:39:17.874Z,FALSE,"",05:45,TRUE
fare_DEL-BLR_6E_2026-10-13_T+30_1789268425663_6ydv,DEL-BLR,EaseMyTrip,6E,6E-360,2026-10-13,T+30,8239,1809,10048,2026-09-13T02:39:17.874Z,FALSE,"",03:00,TRUE
fare_DEL-BLR_6E_2026-10-13_T+30_1789268425663_25rd,DEL-BLR,EaseMyTrip,6E,6E-333,2026-10-13,T+30,8239,1809,10048,2026-09-13T02:39:17.874Z,FALSE,"",03:00,TRUE
fare_DEL-BLR_6E_2026-10-13_T+30_1789268425663_0a4u,DEL-BLR,EaseMyTrip,6E,6E-282,2026-10-13,T+30,8239,1809,10048,2026-09-13T02:39:17.874Z,FALSE,"",13:15,TRUE
fare_DEL-BLR_6E_2026-10-13_T+30_1789268425663_6al0,DEL-BLR,EaseMyTrip,6E,6E-789,2026-10-13,T+30,8239,1809,10048,2026-09-13T02:39:17.874Z,FALSE,"",13:15,TRUE
fare_DEL-BLR_6E_2026-10-13_T+30_1789268425663_e26s,DEL-BLR,EaseMyTrip,6E,6E-2519,2026-10-13,T+30,8239,1809,10048,2026-09-13T02:39:17.874Z,FALSE,"",13:00,TRUE
fare_DEL-BLR_6E_2026-10-13_T+30_1789268425663_p60a,DEL-BLR,EaseMyTrip,6E,6E-971,2026-10-13,T+30,8239,1809,10048,2026-09-13T02:39:17.874Z,FALSE,"",12:15,TRUE
fare_DEL-BLR_AI_2026-10-13_T+30_1789268425663_x5ro,DEL-BLR,EaseMyTrip,AI,AI-2653,2026-10-13,T+30,8496,1865,10361,2026-09-13T02:39:17.874Z,FALSE,"",04:30,TRUE
fare_DEL-BLR_AI_2026-10-13_T+30_1789268425663_tkrb,DEL-BLR,EaseMyTrip,AI,AI-427,2026-10-13,T+30,8496,1865,10361,2026-09-13T02:39:17.874Z,FALSE,"",08:30,TRUE
fare_DEL-BLR_AI_2026-10-13_T+30_1789268425663_6ij8,DEL-BLR,EaseMyTrip,AI,AI-2757,2026-10-13,T+30,8496,1865,10361,2026-09-13T02:39:17.874Z,FALSE,"",00:15,TRUE
fare_DEL-BLR_AI_2026-10-13_T+30_1789268425663_02e7,DEL-BLR,EaseMyTrip,AI,AI-2409,2026-10-13,T+30,8496,1865,10361,2026-09-13T02:39:17.874Z,FALSE,"",06:00,TRUE
fare_DEL-BLR_AI_2026-10-13_T+30_1789268425663_fnbd,DEL-BLR,EaseMyTrip,AI,AI-2803,2026-10-13,T+30,8496,1865,10361,2026-09-13T02:39:17.874Z,FALSE,"",06:30,TRUE
fare_DEL-BLR_AI_2026-10-13_T+30_1789268425663_02ko,DEL-BLR,EaseMyTrip,AI,AI-2815,2026-10-13,T+30,8496,1865,10361,2026-09-13T02:39:17.874Z,FALSE,"",07:00,TRUE
fare_DEL-BLR_AI_2026-10-13_T+30_1789268425663_8tps,DEL-BLR,EaseMyTrip,AI,AI-2664,2026-10-13,T+30,8496,1865,10361,2026-09-13T02:39:17.874Z,FALSE,"",15:50,TRUE
fare_DEL-BLR_AI_2026-10-13_T+30_1789268425663_knql,DEL-BLR,EaseMyTrip,AI,AI-2813,2026-10-13,T+30,8496,1865,10361,2026-09-13T02:39:17.874Z,FALSE,"",18:00,TRUE
fare_DEL-BLR_AI_2026-10-13_T+30_1789268425663_w3v7,DEL-BLR,EaseMyTrip,AI,AI-2487,2026-10-13,T+30,8496,1865,10361,2026-09-13T02:39:17.874Z,FALSE,"",18:30,TRUE
fare_DEL-BLR_AI_2026-10-13_T+30_1789268425663_8z5n,DEL-BLR,EaseMyTrip,AI,AI-2512,2026-10-13,T+30,8496,1865,10361,2026-09-13T02:39:17.874Z,FALSE,"",19:00,TRUE
fare_DEL-BLR_AI_2026-10-13_T+30_1789268425663_803d,DEL-BLR,EaseMyTrip,AI,AI-2412,2026-10-13,T+30,8496,1865,10361,2026-09-13T02:39:17.874Z,FALSE,"",21:30,TRUE
fare_DEL-BLR_AI_2026-10-13_T+30_1789268425663_b9l3,DEL-BLR,EaseMyTrip,AI,AI-2817,2026-10-13,T+30,8743,1919,10662,2026-09-13T02:39:17.874Z,FALSE,"",16:30,TRUE
fare_DEL-BLR_AI_2026-10-13_T+30_1789268425663_b2dv,DEL-BLR,EaseMyTrip,AI,AI-2485,2026-10-13,T+30,8743,1919,10662,2026-09-13T02:39:17.874Z,FALSE,"",10:30,TRUE
fare_DEL-BLR_AI_2026-10-13_T+30_1789268425663_73jt,DEL-BLR,EaseMyTrip,AI,AI-2809,2026-10-13,T+30,8743,1919,10662,2026-09-13T02:39:17.874Z,FALSE,"",19:30,TRUE
fare_DEL-BLR_IX_2026-10-13_T+30_1789268425663_ieer,DEL-BLR,EaseMyTrip,IX,IX-1068,2026-10-13,T+30,9070,1991,11061,2026-09-13T02:39:17.874Z,FALSE,"",11:55,FALSE
fare_DEL-BLR_IX_2026-10-13_T+30_1789268425663_2v3i,DEL-BLR,EaseMyTrip,IX,IX-1108,2026-10-13,T+30,9070,1991,11061,2026-09-13T02:39:17.874Z,FALSE,"",05:00,FALSE
fare_DEL-BLR_IX_2026-10-13_T+30_1789268425663_265t,DEL-BLR,EaseMyTrip,IX,IX-1980,2026-10-13,T+30,9991,2193,12184,2026-09-13T02:39:17.874Z,FALSE,"",09:55,FALSE
fare_DEL-BLR_IX_2026-10-13_T+30_1789268425663_2r3i,DEL-BLR,EaseMyTrip,IX,IX-1461,2026-10-13,T+30,9991,2193,12184,2026-09-13T02:39:17.874Z,FALSE,"",05:35,FALSE
fare_DEL-BLR_IX_2026-10-13_T+30_1789268425663_3dkz,DEL-BLR,EaseMyTrip,IX,IX-1012,2026-10-13,T+30,9991,2193,12184,2026-09-13T02:39:17.874Z,FALSE,"",06:50,FALSE
fare_DEL-BLR_AI_2026-10-13_T+30_1789268425663_d5ow,DEL-BLR,EaseMyTrip,AI,AI-2609,2026-10-13,T+30,9134,2005,11139,2026-09-13T02:39:17.874Z,FALSE,"",23:50,FALSE
fare_DEL-BLR_AI_2026-10-13_T+30_1789268425663_ooie,DEL-BLR,EaseMyTrip,AI,AI-2469,2026-10-13,T+30,9134,2005,11139,2026-09-13T02:39:17.874Z,FALSE,"",04:45,FALSE
fare_DEL-BLR_AI_2026-10-13_T+30_1789268425663_3ob0,DEL-BLR,EaseMyTrip,AI,AI-2711,2026-10-13,T+30,9134,2005,11139,2026-09-13T02:39:17.874Z,FALSE,"",02:00,FALSE
fare_DEL-BLR_AI_2026-10-13_T+30_1789268425663_flhi,DEL-BLR,EaseMyTrip,AI,AI-1735,2026-10-13,T+30,9136,2006,11142,2026-09-13T02:39:17.874Z,FALSE,"",13:00,FALSE
fare_DEL-BLR_AI_2026-10-13_T+30_1789268425663_g8ok,DEL-BLR,EaseMyTrip,AI,AI-2819,2026-10-13,T+30,9293,2040,11333,2026-09-13T02:39:17.874Z,FALSE,"",15:00,TRUE
fare_DEL-BLR_AI_2026-10-13_T+30_1789268425663_khzv,DEL-BLR,EaseMyTrip,AI,AI-2971,2026-10-13,T+30,9424,2069,11493,2026-09-13T02:39:17.874Z,FALSE,"",16:00,FALSE
fare_DEL-BLR_AI_2026-10-13_T+30_1789268425663_i99l,DEL-BLR,EaseMyTrip,AI,AI-1797,2026-10-13,T+30,9467,2078,11545,2026-09-13T02:39:17.874Z,FALSE,"",05:45,FALSE
fare_DEL-BLR_AI_2026-10-13_T+30_1789268425663_4pyv,DEL-BLR,EaseMyTrip,AI,AI-2973,2026-10-13,T+30,9478,2081,11559,2026-09-13T02:39:17.874Z,FALSE,"",20:50,FALSE
fare_DEL-BLR_AI_2026-10-13_T+30_1789268425663_oysm,DEL-BLR,EaseMyTrip,AI,AI-2547,2026-10-13,T+30,9603,2108,11711,2026-09-13T02:39:17.874Z,FALSE,"",17:40,FALSE
fare_DEL-BLR_AI_2026-10-13_T+30_1789268425663_ywq8,DEL-BLR,EaseMyTrip,AI,AI-2417,2026-10-13,T+30,9713,2132,11845,2026-09-13T02:39:17.874Z,FALSE,"",13:00,TRUE
fare_DEL-BLR_AI_2026-10-13_T+30_1789268425663_r61d,DEL-BLR,EaseMyTrip,AI,AI-2532,2026-10-13,T+30,9907,2175,12082,2026-09-13T02:39:17.874Z,FALSE,"",11:20,FALSE
fare_DEL-BLR_AI_2026-10-13_T+30_1789268425663_dev9,DEL-BLR,EaseMyTrip,AI,AI-1743,2026-10-13,T+30,10079,2213,12292,2026-09-13T02:39:17.874Z,FALSE,"",06:15,FALSE
fare_DEL-BLR_AI_2026-10-13_T+30_1789268425663_j0fi,DEL-BLR,EaseMyTrip,AI,AI-465,2026-10-13,T+30,10206,2240,12446,2026-09-13T02:39:17.874Z,FALSE,"",16:20,FALSE
fare_DEL-BLR_AI_2026-10-13_T+30_1789268425663_lzum,DEL-BLR,EaseMyTrip,AI,AI-2899,2026-10-13,T+30,10574,2321,12895,2026-09-13T02:39:17.874Z,FALSE,"",12:30,FALSE
fare_DEL-BLR_IX_2026-10-13_T+30_1789268425663_biat,DEL-BLR,EaseMyTrip,IX,IX-1346,2026-10-13,T+30,11110,2439,13549,2026-09-13T02:39:17.874Z,FALSE,"",06:10,FALSE
fare_DEL-BLR_AI_2026-10-13_T+30_1789268425663_6myz,DEL-BLR,EaseMyTrip,AI,AI-2483,2026-10-13,T+30,11009,2416,13425,2026-09-13T02:39:17.874Z,FALSE,"",12:20,FALSE
fare_DEL-BLR_AI_2026-10-13_T+30_1789268425663_qp6i,DEL-BLR,EaseMyTrip,AI,AI-2525,2026-10-13,T+30,11009,2416,13425,2026-09-13T02:39:17.874Z,FALSE,"",06:00,FALSE
fare_DEL-BLR_AI_2026-10-13_T+30_1789268425663_75ta,DEL-BLR,EaseMyTrip,AI,AI-2519,2026-10-13,T+30,11159,2450,13609,2026-09-13T02:39:17.874Z,FALSE,"",15:30,FALSE
fare_DEL-BLR_AI_2026-10-13_T+30_1789268425663_se6u,DEL-BLR,EaseMyTrip,AI,AI-2879,2026-10-13,T+30,11195,2458,13653,2026-09-13T02:39:17.874Z,FALSE,"",18:00,FALSE
fare_DEL-BLR_AI_2026-10-13_T+30_1789268425663_mem8,DEL-BLR,EaseMyTrip,AI,AI-2577,2026-10-13,T+30,11382,2498,13880,2026-09-13T02:39:17.874Z,FALSE,"",02:00,FALSE
fare_DEL-BLR_IX_2026-10-13_T+30_1789268425663_uajk,DEL-BLR,EaseMyTrip,IX,IX-1090,2026-10-13,T+30,11676,2563,14239,2026-09-13T02:39:17.874Z,FALSE,"",13:10,FALSE
fare_DEL-BLR_AI_2026-10-13_T+30_1789268425663_q842,DEL-BLR,EaseMyTrip,AI,AI-437,2026-10-13,T+30,11522,2529,14051,2026-09-13T02:39:17.874Z,FALSE,"",09:20,FALSE
fare_DEL-BLR_AI_2026-10-13_T+30_1789268425663_1jij,DEL-BLR,EaseMyTrip,AI,AI-1780,2026-10-13,T+30,12006,2635,14641,2026-09-13T02:39:17.874Z,TRUE,"High outlier: ₹14641 > upper fence ₹14591 (Q3: ₹11061, IQR: ₹2353)",14:30,FALSE
fare_DEL-BLR_IX_2026-10-13_T+30_1789268425663_2fwi,DEL-BLR,EaseMyTrip,IX,IX-1054,2026-10-13,T+30,12369,2715,15084,2026-09-13T02:39:17.874Z,TRUE,"High outlier: ₹15084 > upper fence ₹14591 (Q3: ₹11061, IQR: ₹2353)",12:15,FALSE
fare_DEL-BLR_AI_2026-10-13_T+30_1789268425663_vnvm,DEL-BLR,EaseMyTrip,AI,AI-1702,2026-10-13,T+30,12207,2680,14887,2026-09-13T02:39:17.874Z,TRUE,"High outlier: ₹14887 > upper fence ₹14591 (Q3: ₹11061, IQR: ₹2353)",18:30,FALSE
fare_DEL-BLR_AI_2026-10-13_T+30_1789268425663_wgt0,DEL-BLR,EaseMyTrip,AI,AI-2627,2026-10-13,T+30,12667,2780,15447,2026-09-13T02:39:17.874Z,TRUE,"High outlier: ₹15447 > upper fence ₹14591 (Q3: ₹11061, IQR: ₹2353)",10:45,FALSE
fare_DEL-BLR_AI_2026-10-13_T+30_1789268425663_jaba,DEL-BLR,EaseMyTrip,AI,AI-2963,2026-10-13,T+30,12895,2831,15726,2026-09-13T02:39:17.874Z,TRUE,"High outlier: ₹15726 > upper fence ₹14591 (Q3: ₹11061, IQR: ₹2353)",09:00,FALSE
fare_DEL-BLR_AI_2026-10-13_T+30_1789268425663_dns4,DEL-BLR,EaseMyTrip,AI,AI-1785,2026-10-13,T+30,12895,2831,15726,2026-09-13T02:39:17.874Z,TRUE,"High outlier: ₹15726 > upper fence ₹14591 (Q3: ₹11061, IQR: ₹2353)",12:00,FALSE
fare_DEL-BLR_AI_2026-10-13_T+30_1789268425663_jl0d,DEL-BLR,EaseMyTrip,AI,AI-1777,2026-10-13,T+30,12895,2831,15726,2026-09-13T02:39:17.874Z,TRUE,"High outlier: ₹15726 > upper fence ₹14591 (Q3: ₹11061, IQR: ₹2353)",16:00,FALSE
fare_DEL-BLR_AI_2026-10-13_T+30_1789268425663_004w,DEL-BLR,EaseMyTrip,AI,AI-2678,2026-10-13,T+30,13065,2868,15933,2026-09-13T02:39:17.874Z,TRUE,"High outlier: ₹15933 > upper fence ₹14591 (Q3: ₹11061, IQR: ₹2353)",08:30,FALSE
fare_DEL-BLR_AI_2026-10-13_T+30_1789268425663_t4b7,DEL-BLR,EaseMyTrip,AI,AI-2441,2026-10-13,T+30,13124,2881,16005,2026-09-13T02:39:17.874Z,TRUE,"High outlier: ₹16005 > upper fence ₹14591 (Q3: ₹11061, IQR: ₹2353)",14:10,FALSE
fare_DEL-BLR_AI_2026-10-13_T+30_1789268425663_mteu,DEL-BLR,EaseMyTrip,AI,AI-2975,2026-10-13,T+30,13124,2881,16005,2026-09-13T02:39:17.874Z,TRUE,"High outlier: ₹16005 > upper fence ₹14591 (Q3: ₹11061, IQR: ₹2353)",06:30,FALSE
fare_DEL-BLR_AI_2026-10-13_T+30_1789268425663_328e,DEL-BLR,EaseMyTrip,AI,AI-441,2026-10-13,T+30,13181,2893,16074,2026-09-13T02:39:17.874Z,TRUE,"High outlier: ₹16074 > upper fence ₹14591 (Q3: ₹11061, IQR: ₹2353)",17:00,FALSE
fare_DEL-BLR_IX_2026-10-13_T+30_1789268425663_l6h3,DEL-BLR,EaseMyTrip,IX,IX-1085,2026-10-13,T+30,14568,3198,17766,2026-09-13T02:39:17.874Z,TRUE,"High outlier: ₹17766 > upper fence ₹14591 (Q3: ₹11061, IQR: ₹2353)",12:55,FALSE
fare_DEL-BLR_IX_2026-10-13_T+30_1789268425663_qlyi,DEL-BLR,EaseMyTrip,IX,IX-1069,2026-10-13,T+30,14568,3198,17766,2026-09-13T02:39:17.874Z,TRUE,"High outlier: ₹17766 > upper fence ₹14591 (Q3: ₹11061, IQR: ₹2353)",10:45,FALSE
fare_DEL-BLR_6E_2026-10-13_T+30_1789268425663_8unm,DEL-BLR,EaseMyTrip,6E,6E-5191,2026-10-13,T+30,14228,3123,17351,2026-09-13T02:39:17.874Z,TRUE,"High outlier: ₹17351 > upper fence ₹14591 (Q3: ₹11061, IQR: ₹2353)",05:00,FALSE
fare_DEL-BLR_AI_2026-10-13_T+30_1789268425663_285i,DEL-BLR,EaseMyTrip,AI,AI-9757,2026-10-13,T+30,15790,3466,19256,2026-09-13T02:39:17.874Z,TRUE,"High outlier: ₹19256 > upper fence ₹14591 (Q3: ₹11061, IQR: ₹2353)",11:50,FALSE
fare_DEL-BLR_AI_2026-10-13_T+30_1789268425663_qykr,DEL-BLR,EaseMyTrip,AI,AI-2513,2026-10-13,T+30,17464,3834,21298,2026-09-13T02:39:17.874Z,TRUE,"High outlier: ₹21298 > upper fence ₹14591 (Q3: ₹11061, IQR: ₹2353)",12:10,FALSE
fare_DEL-BLR_6E_2026-10-13_T+30_1789268425663_our8,DEL-BLR,EaseMyTrip,6E,6E-653,2026-10-13,T+30,17403,3820,21223,2026-09-13T02:39:17.874Z,TRUE,"High outlier: ₹21223 > upper fence ₹14591 (Q3: ₹11061, IQR: ₹2353)",08:30,FALSE
fare_DEL-BLR_IX_2026-10-28_T+45_1789268425665_pet7,DEL-BLR,EaseMyTrip,IX,IX-1385,2026-10-28,T+45,7604,1669,9273,2026-09-13T02:39:24.399Z,FALSE,"",15:40,FALSE
fare_DEL-BLR_IX_2026-10-28_T+45_1789268425665_c9qt,DEL-BLR,EaseMyTrip,IX,IX-1392,2026-10-28,T+45,7604,1669,9273,2026-09-13T02:39:24.399Z,FALSE,"",12:30,FALSE
fare_DEL-BLR_IX_2026-10-28_T+45_1789268425665_gqf6,DEL-BLR,EaseMyTrip,IX,IX-1196,2026-10-28,T+45,8278,1817,10095,2026-09-13T02:39:24.399Z,FALSE,"",18:35,FALSE
fare_DEL-BLR_IX_2026-10-28_T+45_1789268425665_okme,DEL-BLR,EaseMyTrip,IX,IX-1083,2026-10-28,T+45,8278,1817,10095,2026-09-13T02:39:24.399Z,FALSE,"",10:35,FALSE
fare_DEL-BLR_IX_2026-10-28_T+45_1789268425665_jglg,DEL-BLR,EaseMyTrip,IX,IX-1056,2026-10-28,T+45,8278,1817,10095,2026-09-13T02:39:24.399Z,FALSE,"",08:45,FALSE
fare_DEL-BLR_IX_2026-10-28_T+45_1789268425665_0w52,DEL-BLR,EaseMyTrip,IX,IX-1068,2026-10-28,T+45,8278,1817,10095,2026-09-13T02:39:24.399Z,FALSE,"",14:25,FALSE
fare_DEL-BLR_IX_2026-10-28_T+45_1789268425665_jnr4,DEL-BLR,EaseMyTrip,IX,IX-1090,2026-10-28,T+45,8278,1817,10095,2026-09-13T02:39:24.399Z,FALSE,"",12:55,FALSE
fare_DEL-BLR_IX_2026-10-28_T+45_1789268425665_blqr,DEL-BLR,EaseMyTrip,IX,IX-2764,2026-10-28,T+45,8278,1817,10095,2026-09-13T02:39:24.399Z,FALSE,"",12:30,FALSE
fare_DEL-BLR_IX_2026-10-28_T+45_1789268425665_713a,DEL-BLR,EaseMyTrip,IX,IX-2222,2026-10-28,T+45,8278,1817,10095,2026-09-13T02:39:24.399Z,FALSE,"",20:40,FALSE
fare_DEL-BLR_SG_2026-10-28_T+45_1789268425665_s2xi,DEL-BLR,EaseMyTrip,SG,SG-532,2026-10-28,T+45,7660,1682,9342,2026-09-13T02:39:24.399Z,FALSE,"",20:50,TRUE
fare_DEL-BLR_SG_2026-10-28_T+45_1789268425665_zlg5,DEL-BLR,EaseMyTrip,SG,SG-129,2026-10-28,T+45,7660,1682,9342,2026-09-13T02:39:24.399Z,FALSE,"",20:50,TRUE
fare_DEL-BLR_IX_2026-10-28_T+45_1789268425665_5aho,DEL-BLR,EaseMyTrip,IX,IX-1046,2026-10-28,T+45,8278,1817,10095,2026-09-13T02:39:24.399Z,FALSE,"",07:25,FALSE
fare_DEL-BLR_IX_2026-10-28_T+45_1789268425665_h2bh,DEL-BLR,EaseMyTrip,IX,IX-1230,2026-10-28,T+45,8278,1817,10095,2026-09-13T02:39:24.399Z,FALSE,"",05:05,FALSE
fare_DEL-BLR_QP_2026-10-28_T+45_1789268425665_wmdx,DEL-BLR,EaseMyTrip,QP,QP-1302,2026-10-28,T+45,7510,1648,9158,2026-09-13T02:39:24.399Z,FALSE,"",08:40,TRUE
fare_DEL-BLR_IX_2026-10-28_T+45_1789268425665_040u,DEL-BLR,EaseMyTrip,IX,IX-1379,2026-10-28,T+45,7860,1725,9585,2026-09-13T02:39:24.399Z,FALSE,"",05:15,TRUE
fare_DEL-BLR_SG_2026-10-28_T+45_1789268425665_8zko,DEL-BLR,EaseMyTrip,SG,SG-489,2026-10-28,T+45,8025,1761,9786,2026-09-13T02:39:24.399Z,FALSE,"",06:30,TRUE
fare_DEL-BLR_SG_2026-10-28_T+45_1789268425665_vpw3,DEL-BLR,EaseMyTrip,SG,SG-621,2026-10-28,T+45,8025,1761,9786,2026-09-13T02:39:24.399Z,FALSE,"",06:30,TRUE
fare_DEL-BLR_IX_2026-10-28_T+45_1789268425665_0bz0,DEL-BLR,EaseMyTrip,IX,IX-1071,2026-10-28,T+45,8148,1788,9936,2026-09-13T02:39:24.399Z,FALSE,"",20:50,TRUE
fare_DEL-BLR_IX_2026-10-28_T+45_1789268425665_6tde,DEL-BLR,EaseMyTrip,IX,IX-1525,2026-10-28,T+45,8148,1788,9936,2026-09-13T02:39:24.399Z,FALSE,"",08:40,TRUE
fare_DEL-BLR_6E_2026-10-28_T+45_1789268425665_3gyg,DEL-BLR,EaseMyTrip,6E,6E-7646,2026-10-28,T+45,7975,1751,9726,2026-09-13T02:39:24.399Z,FALSE,"",06:20,FALSE
fare_DEL-BLR_QP_2026-10-28_T+45_1789268425665_bhuz,DEL-BLR,EaseMyTrip,QP,QP-1827,2026-10-28,T+45,8084,1775,9859,2026-09-13T02:39:24.399Z,FALSE,"",19:55,TRUE
fare_DEL-BLR_QP_2026-10-28_T+45_1789268425665_cqfp,DEL-BLR,EaseMyTrip,QP,QP-1812,2026-10-28,T+45,8084,1775,9859,2026-09-13T02:39:24.399Z,FALSE,"",22:55,TRUE
fare_DEL-BLR_6E_2026-10-28_T+45_1789268425665_decy,DEL-BLR,EaseMyTrip,6E,6E-2402,2026-10-28,T+45,8091,1776,9867,2026-09-13T02:39:24.399Z,FALSE,"",06:30,FALSE
fare_DEL-BLR_6E_2026-10-28_T+45_1789268425665_rtz8,DEL-BLR,EaseMyTrip,6E,6E-2177,2026-10-28,T+45,8091,1776,9867,2026-09-13T02:39:24.399Z,FALSE,"",18:50,FALSE
fare_DEL-BLR_6E_2026-10-28_T+45_1789268425665_0p8r,DEL-BLR,EaseMyTrip,6E,6E-6217,2026-10-28,T+45,8156,1790,9946,2026-09-13T02:39:24.399Z,FALSE,"",16:15,FALSE
fare_DEL-BLR_6E_2026-10-28_T+45_1789268425665_ivfs,DEL-BLR,EaseMyTrip,6E,6E-151,2026-10-28,T+45,8156,1790,9946,2026-09-13T02:39:24.399Z,FALSE,"",18:15,FALSE
fare_DEL-BLR_6E_2026-10-28_T+45_1789268425665_nsdu,DEL-BLR,EaseMyTrip,6E,6E-896,2026-10-28,T+45,8156,1790,9946,2026-09-13T02:39:24.399Z,FALSE,"",18:15,FALSE
fare_DEL-BLR_6E_2026-10-28_T+45_1789268425665_v5cm,DEL-BLR,EaseMyTrip,6E,6E-6293,2026-10-28,T+45,8156,1790,9946,2026-09-13T02:39:24.399Z,FALSE,"",10:00,FALSE
fare_DEL-BLR_6E_2026-10-28_T+45_1789268425665_2vut,DEL-BLR,EaseMyTrip,6E,6E-2303,2026-10-28,T+45,8156,1790,9946,2026-09-13T02:39:24.399Z,FALSE,"",05:15,FALSE
fare_DEL-BLR_6E_2026-10-28_T+45_1789268425665_y2g1,DEL-BLR,EaseMyTrip,6E,6E-5058,2026-10-28,T+45,8156,1790,9946,2026-09-13T02:39:24.399Z,FALSE,"",13:30,FALSE
fare_DEL-BLR_QP_2026-10-28_T+45_1789268425665_i9gf,DEL-BLR,EaseMyTrip,QP,QP-1815,2026-10-28,T+45,8234,1808,10042,2026-09-13T02:39:24.399Z,FALSE,"",14:50,TRUE
fare_DEL-BLR_QP_2026-10-28_T+45_1789268425665_991f,DEL-BLR,EaseMyTrip,QP,QP-1824,2026-10-28,T+45,8234,1808,10042,2026-09-13T02:39:24.399Z,FALSE,"",18:10,TRUE
fare_DEL-BLR_6E_2026-10-28_T+45_1789268425665_a9ly,DEL-BLR,EaseMyTrip,6E,6E-417,2026-10-28,T+45,8239,1809,10048,2026-09-13T02:39:24.399Z,FALSE,"",02:45,TRUE
fare_DEL-BLR_6E_2026-10-28_T+45_1789268425665_clnj,DEL-BLR,EaseMyTrip,6E,6E-161,2026-10-28,T+45,8239,1809,10048,2026-09-13T02:39:24.399Z,FALSE,"",02:45,TRUE
fare_DEL-BLR_6E_2026-10-28_T+45_1789268425665_7nh7,DEL-BLR,EaseMyTrip,6E,6E-545,2026-10-28,T+45,8239,1809,10048,2026-09-13T02:39:24.399Z,FALSE,"",23:30,TRUE
fare_DEL-BLR_6E_2026-10-28_T+45_1789268425665_ia0i,DEL-BLR,EaseMyTrip,6E,6E-300,2026-10-28,T+45,8239,1809,10048,2026-09-13T02:39:24.399Z,FALSE,"",23:30,TRUE
fare_DEL-BLR_6E_2026-10-28_T+45_1789268425665_mbf4,DEL-BLR,EaseMyTrip,6E,6E-811,2026-10-28,T+45,8239,1809,10048,2026-09-13T02:39:24.399Z,FALSE,"",22:00,TRUE
fare_DEL-BLR_6E_2026-10-28_T+45_1789268425665_eple,DEL-BLR,EaseMyTrip,6E,6E-552,2026-10-28,T+45,8239,1809,10048,2026-09-13T02:39:24.399Z,FALSE,"",22:00,TRUE
fare_DEL-BLR_6E_2026-10-28_T+45_1789268425665_nvyd,DEL-BLR,EaseMyTrip,6E,6E-6515,2026-10-28,T+45,8239,1809,10048,2026-09-13T02:39:24.399Z,FALSE,"",20:45,TRUE
fare_DEL-BLR_6E_2026-10-28_T+45_1789268425665_ddhm,DEL-BLR,EaseMyTrip,6E,6E-837,2026-10-28,T+45,8239,1809,10048,2026-09-13T02:39:24.399Z,FALSE,"",18:15,TRUE
fare_DEL-BLR_6E_2026-10-28_T+45_1789268425665_k583,DEL-BLR,EaseMyTrip,6E,6E-602,2026-10-28,T+45,8239,1809,10048,2026-09-13T02:39:24.399Z,FALSE,"",18:15,TRUE
fare_DEL-BLR_6E_2026-10-28_T+45_1789268425665_zjod,DEL-BLR,EaseMyTrip,6E,6E-368,2026-10-28,T+45,8239,1809,10048,2026-09-13T02:39:24.399Z,FALSE,"",15:45,TRUE
fare_DEL-BLR_6E_2026-10-28_T+45_1789268425665_qxum,DEL-BLR,EaseMyTrip,6E,6E-173,2026-10-28,T+45,8239,1809,10048,2026-09-13T02:39:24.399Z,FALSE,"",15:45,TRUE
fare_DEL-BLR_6E_2026-10-28_T+45_1789268425665_68qb,DEL-BLR,EaseMyTrip,6E,6E-2329,2026-10-28,T+45,8239,1809,10048,2026-09-13T02:39:24.399Z,FALSE,"",14:30,TRUE
fare_DEL-BLR_6E_2026-10-28_T+45_1789268425665_bl0f,DEL-BLR,EaseMyTrip,6E,6E-546,2026-10-28,T+45,8239,1809,10048,2026-09-13T02:39:24.399Z,FALSE,"",17:00,TRUE
fare_DEL-BLR_6E_2026-10-28_T+45_1789268425665_2dnm,DEL-BLR,EaseMyTrip,6E,6E-350,2026-10-28,T+45,8239,1809,10048,2026-09-13T02:39:24.399Z,FALSE,"",17:00,TRUE
fare_DEL-BLR_6E_2026-10-28_T+45_1789268425665_qtom,DEL-BLR,EaseMyTrip,6E,6E-346,2026-10-28,T+45,8239,1809,10048,2026-09-13T02:39:24.399Z,FALSE,"",12:00,TRUE
fare_DEL-BLR_6E_2026-10-28_T+45_1789268425665_6wk2,DEL-BLR,EaseMyTrip,6E,6E-322,2026-10-28,T+45,8239,1809,10048,2026-09-13T02:39:24.399Z,FALSE,"",12:00,TRUE
fare_DEL-BLR_6E_2026-10-28_T+45_1789268425665_g4yn,DEL-BLR,EaseMyTrip,6E,6E-2519,2026-10-28,T+45,8239,1809,10048,2026-09-13T02:39:24.399Z,FALSE,"",10:25,TRUE
fare_DEL-BLR_6E_2026-10-28_T+45_1789268425665_f1dj,DEL-BLR,EaseMyTrip,6E,6E-246,2026-10-28,T+45,8239,1809,10048,2026-09-13T02:39:24.399Z,FALSE,"",09:30,TRUE
fare_DEL-BLR_6E_2026-10-28_T+45_1789268425665_891c,DEL-BLR,EaseMyTrip,6E,6E-364,2026-10-28,T+45,8239,1809,10048,2026-09-13T02:39:24.399Z,FALSE,"",09:30,TRUE
fare_DEL-BLR_6E_2026-10-28_T+45_1789268425665_m222,DEL-BLR,EaseMyTrip,6E,6E-789,2026-10-28,T+45,8239,1809,10048,2026-09-13T02:39:24.399Z,FALSE,"",08:15,TRUE
fare_DEL-BLR_6E_2026-10-28_T+45_1789268425665_yozb,DEL-BLR,EaseMyTrip,6E,6E-152,2026-10-28,T+45,8239,1809,10048,2026-09-13T02:39:24.399Z,FALSE,"",06:45,TRUE
fare_DEL-BLR_6E_2026-10-28_T+45_1789268425665_mlrk,DEL-BLR,EaseMyTrip,6E,6E-427,2026-10-28,T+45,8239,1809,10048,2026-09-13T02:39:24.399Z,FALSE,"",06:45,TRUE
fare_DEL-BLR_6E_2026-10-28_T+45_1789268425665_7mg7,DEL-BLR,EaseMyTrip,6E,6E-2314,2026-10-28,T+45,8239,1809,10048,2026-09-13T02:39:24.399Z,FALSE,"",05:45,TRUE
fare_DEL-BLR_6E_2026-10-28_T+45_1789268425665_84yf,DEL-BLR,EaseMyTrip,6E,6E-519,2026-10-28,T+45,8239,1809,10048,2026-09-13T02:39:24.399Z,FALSE,"",13:15,TRUE
fare_DEL-BLR_6E_2026-10-28_T+45_1789268425665_5dql,DEL-BLR,EaseMyTrip,6E,6E-605,2026-10-28,T+45,8239,1809,10048,2026-09-13T02:39:24.399Z,FALSE,"",13:15,TRUE
fare_DEL-BLR_6E_2026-10-28_T+45_1789268425665_x6kb,DEL-BLR,EaseMyTrip,6E,6E-314,2026-10-28,T+45,8263,1814,10077,2026-09-13T02:39:24.399Z,FALSE,"",07:05,FALSE
fare_DEL-BLR_6E_2026-10-28_T+45_1789268425665_4g14,DEL-BLR,EaseMyTrip,6E,6E-312,2026-10-28,T+45,8263,1814,10077,2026-09-13T02:39:24.399Z,FALSE,"",07:05,FALSE
fare_DEL-BLR_6E_2026-10-28_T+45_1789268425665_i6o4,DEL-BLR,EaseMyTrip,6E,6E-2343,2026-10-28,T+45,8263,1814,10077,2026-09-13T02:39:24.399Z,FALSE,"",02:15,FALSE
fare_DEL-BLR_6E_2026-10-28_T+45_1789268425665_ujuo,DEL-BLR,EaseMyTrip,6E,6E-2105,2026-10-28,T+45,8263,1814,10077,2026-09-13T02:39:24.399Z,FALSE,"",05:10,FALSE
fare_DEL-BLR_6E_2026-10-28_T+45_1789268425665_yu17,DEL-BLR,EaseMyTrip,6E,6E-6488,2026-10-28,T+45,8263,1814,10077,2026-09-13T02:39:24.399Z,FALSE,"",12:05,FALSE
fare_DEL-BLR_6E_2026-10-28_T+45_1789268425665_494b,DEL-BLR,EaseMyTrip,6E,6E-6878,2026-10-28,T+45,8263,1814,10077,2026-09-13T02:39:24.399Z,FALSE,"",07:30,FALSE
fare_DEL-BLR_6E_2026-10-28_T+45_1789268425665_l0rb,DEL-BLR,EaseMyTrip,6E,6E-7643,2026-10-28,T+45,8303,1823,10126,2026-09-13T02:39:24.399Z,FALSE,"",16:45,FALSE
fare_DEL-BLR_6E_2026-10-28_T+45_1789268425665_tuv1,DEL-BLR,EaseMyTrip,6E,6E-6304,2026-10-28,T+45,8328,1828,10156,2026-09-13T02:39:24.399Z,FALSE,"",09:30,FALSE
fare_DEL-BLR_6E_2026-10-28_T+45_1789268425665_wyh7,DEL-BLR,EaseMyTrip,6E,6E-543,2026-10-28,T+45,8328,1828,10156,2026-09-13T02:39:24.399Z,FALSE,"",06:30,FALSE
fare_DEL-BLR_6E_2026-10-28_T+45_1789268425665_k75d,DEL-BLR,EaseMyTrip,6E,6E-371,2026-10-28,T+45,8328,1828,10156,2026-09-13T02:39:24.399Z,FALSE,"",06:30,FALSE
fare_DEL-BLR_6E_2026-10-28_T+45_1789268425665_fhd4,DEL-BLR,EaseMyTrip,6E,6E-2411,2026-10-28,T+45,8328,1828,10156,2026-09-13T02:39:24.399Z,FALSE,"",07:15,FALSE
fare_DEL-BLR_6E_2026-10-28_T+45_1789268425665_3jsr,DEL-BLR,EaseMyTrip,6E,6E-2150,2026-10-28,T+45,8328,1828,10156,2026-09-13T02:39:24.399Z,FALSE,"",17:05,FALSE
fare_DEL-BLR_6E_2026-10-28_T+45_1789268425665_ettl,DEL-BLR,EaseMyTrip,6E,6E-6131,2026-10-28,T+45,8328,1828,10156,2026-09-13T02:39:24.399Z,FALSE,"",21:10,FALSE
fare_DEL-BLR_6E_2026-10-28_T+45_1789268425665_498c,DEL-BLR,EaseMyTrip,6E,6E-2140,2026-10-28,T+45,8328,1828,10156,2026-09-13T02:39:24.399Z,FALSE,"",17:30,FALSE
fare_DEL-BLR_6E_2026-10-28_T+45_1789268425665_ib2c,DEL-BLR,EaseMyTrip,6E,6E-2277,2026-10-28,T+45,8328,1828,10156,2026-09-13T02:39:24.399Z,FALSE,"",10:25,FALSE
fare_DEL-BLR_6E_2026-10-28_T+45_1789268425665_1ol5,DEL-BLR,EaseMyTrip,6E,6E-344,2026-10-28,T+45,8328,1828,10156,2026-09-13T02:39:24.399Z,FALSE,"",10:40,FALSE
fare_DEL-BLR_6E_2026-10-28_T+45_1789268425665_cgzo,DEL-BLR,EaseMyTrip,6E,6E-393,2026-10-28,T+45,8328,1828,10156,2026-09-13T02:39:24.399Z,FALSE,"",10:40,FALSE
fare_DEL-BLR_6E_2026-10-28_T+45_1789268425665_r3qv,DEL-BLR,EaseMyTrip,6E,6E-6115,2026-10-28,T+45,8328,1828,10156,2026-09-13T02:39:24.399Z,FALSE,"",13:00,FALSE
fare_DEL-BLR_6E_2026-10-28_T+45_1789268425665_w296,DEL-BLR,EaseMyTrip,6E,6E-2336,2026-10-28,T+45,8328,1828,10156,2026-09-13T02:39:24.399Z,FALSE,"",16:15,FALSE
fare_DEL-BLR_6E_2026-10-28_T+45_1789268425665_higc,DEL-BLR,EaseMyTrip,6E,6E-701,2026-10-28,T+45,8328,1828,10156,2026-09-13T02:39:24.399Z,FALSE,"",17:40,FALSE
fare_DEL-BLR_6E_2026-10-28_T+45_1789268425665_y3t7,DEL-BLR,EaseMyTrip,6E,6E-526,2026-10-28,T+45,8328,1828,10156,2026-09-13T02:39:24.399Z,FALSE,"",17:40,FALSE
fare_DEL-BLR_6E_2026-10-28_T+45_1789268425665_w7bq,DEL-BLR,EaseMyTrip,6E,6E-6076,2026-10-28,T+45,8328,1828,10156,2026-09-13T02:39:24.399Z,FALSE,"",15:45,FALSE
fare_DEL-BLR_6E_2026-10-28_T+45_1789268425665_ju5s,DEL-BLR,EaseMyTrip,6E,6E-6699,2026-10-28,T+45,8328,1828,10156,2026-09-13T02:39:24.399Z,FALSE,"",10:15,FALSE
fare_DEL-BLR_6E_2026-10-28_T+45_1789268425665_cq2j,DEL-BLR,EaseMyTrip,6E,6E-6091,2026-10-28,T+45,8328,1828,10156,2026-09-13T02:39:24.399Z,FALSE,"",15:00,FALSE
fare_DEL-BLR_6E_2026-10-28_T+45_1789268425665_gxe6,DEL-BLR,EaseMyTrip,6E,6E-5162,2026-10-28,T+45,8328,1828,10156,2026-09-13T02:39:24.399Z,FALSE,"",18:45,FALSE
fare_DEL-BLR_6E_2026-10-28_T+45_1789268425665_axpm,DEL-BLR,EaseMyTrip,6E,6E-2346,2026-10-28,T+45,8328,1828,10156,2026-09-13T02:39:24.399Z,FALSE,"",17:00,FALSE
fare_DEL-BLR_6E_2026-10-28_T+45_1789268425665_pgbx,DEL-BLR,EaseMyTrip,6E,6E-2771,2026-10-28,T+45,8435,1852,10287,2026-09-13T02:39:24.399Z,FALSE,"",16:20,FALSE
fare_DEL-BLR_6E_2026-10-28_T+45_1789268425665_218i,DEL-BLR,EaseMyTrip,6E,6E-5373,2026-10-28,T+45,8435,1852,10287,2026-09-13T02:39:24.399Z,FALSE,"",20:20,FALSE
fare_DEL-BLR_6E_2026-10-28_T+45_1789268425665_rtqh,DEL-BLR,EaseMyTrip,6E,6E-6073,2026-10-28,T+45,8435,1852,10287,2026-09-13T02:39:24.399Z,FALSE,"",05:15,FALSE
fare_DEL-BLR_6E_2026-10-28_T+45_1789268425665_7tqp,DEL-BLR,EaseMyTrip,6E,6E-2296,2026-10-28,T+45,8435,1852,10287,2026-09-13T02:39:24.399Z,FALSE,"",09:30,FALSE
fare_DEL-BLR_6E_2026-10-28_T+45_1789268425665_saz7,DEL-BLR,EaseMyTrip,6E,6E-6347,2026-10-28,T+45,8435,1852,10287,2026-09-13T02:39:24.399Z,FALSE,"",14:35,FALSE
fare_DEL-BLR_6E_2026-10-28_T+45_1789268425665_91kc,DEL-BLR,EaseMyTrip,6E,6E-2045,2026-10-28,T+45,8457,1857,10314,2026-09-13T02:39:24.399Z,FALSE,"",20:05,FALSE
fare_DEL-BLR_6E_2026-10-28_T+45_1789268425665_vkld,DEL-BLR,EaseMyTrip,6E,6E-462,2026-10-28,T+45,8486,1863,10349,2026-09-13T02:39:24.399Z,FALSE,"",19:30,TRUE
fare_DEL-BLR_6E_2026-10-28_T+45_1789268425665_fkar,DEL-BLR,EaseMyTrip,6E,6E-706,2026-10-28,T+45,8486,1863,10349,2026-09-13T02:39:24.399Z,FALSE,"",19:30,TRUE
fare_DEL-BLR_6E_2026-10-28_T+45_1789268425665_jfhr,DEL-BLR,EaseMyTrip,6E,6E-150,2026-10-28,T+45,8486,1863,10349,2026-09-13T02:39:24.399Z,FALSE,"",10:45,TRUE
fare_DEL-BLR_6E_2026-10-28_T+45_1789268425665_wc38,DEL-BLR,EaseMyTrip,6E,6E-513,2026-10-28,T+45,8486,1863,10349,2026-09-13T02:39:24.399Z,FALSE,"",10:45,TRUE
fare_DEL-BLR_6E_2026-10-28_T+45_1789268425665_see5,DEL-BLR,EaseMyTrip,6E,6E-2591,2026-10-28,T+45,8505,1867,10372,2026-09-13T02:39:24.399Z,FALSE,"",14:35,FALSE
fare_DEL-BLR_AI_2026-10-28_T+45_1789268425665_kho0,DEL-BLR,EaseMyTrip,AI,AI-2545,2026-10-28,T+45,8716,1913,10629,2026-09-13T02:39:24.399Z,FALSE,"",11:00,FALSE
fare_DEL-BLR_AI_2026-10-28_T+45_1789268425665_o2fh,DEL-BLR,EaseMyTrip,AI,AI-2757,2026-10-28,T+45,8743,1919,10662,2026-09-13T02:39:24.399Z,FALSE,"",00:15,TRUE
fare_DEL-BLR_AI_2026-10-28_T+45_1789268425665_nvo0,DEL-BLR,EaseMyTrip,AI,AI-2409,2026-10-28,T+45,8743,1919,10662,2026-09-13T02:39:24.399Z,FALSE,"",06:00,TRUE
fare_DEL-BLR_AI_2026-10-28_T+45_1789268425665_chxu,DEL-BLR,EaseMyTrip,AI,AI-2803,2026-10-28,T+45,8743,1919,10662,2026-09-13T02:39:24.399Z,FALSE,"",07:00,TRUE
fare_DEL-BLR_AI_2026-10-28_T+45_1789268425665_500b,DEL-BLR,EaseMyTrip,AI,AI-2415,2026-10-28,T+45,8743,1919,10662,2026-09-13T02:39:24.399Z,FALSE,"",09:30,TRUE
fare_DEL-BLR_AI_2026-10-28_T+45_1789268425665_4dde,DEL-BLR,EaseMyTrip,AI,AI-2513,2026-10-28,T+45,8743,1919,10662,2026-09-13T02:39:24.399Z,FALSE,"",13:00,TRUE
fare_DEL-BLR_AI_2026-10-28_T+45_1789268425665_rzls,DEL-BLR,EaseMyTrip,AI,AI-2412,2026-10-28,T+45,8743,1919,10662,2026-09-13T02:39:24.399Z,FALSE,"",21:30,TRUE
fare_DEL-BLR_AI_2026-10-28_T+45_1789268425665_fyfe,DEL-BLR,EaseMyTrip,AI,AI-2515,2026-10-28,T+45,8743,1919,10662,2026-09-13T02:39:24.399Z,FALSE,"",22:00,TRUE
fare_DEL-BLR_6E_2026-10-28_T+45_1789268425665_kbye,DEL-BLR,EaseMyTrip,6E,6E-7653,2026-10-28,T+45,8612,1891,10503,2026-09-13T02:39:24.399Z,FALSE,"",15:50,FALSE
fare_DEL-BLR_AI_2026-10-28_T+45_1789268425665_vqw7,DEL-BLR,EaseMyTrip,AI,AI-2577,2026-10-28,T+45,8880,1949,10829,2026-09-13T02:39:24.399Z,FALSE,"",06:00,FALSE
fare_DEL-BLR_AI_2026-10-28_T+45_1789268425665_7ydc,DEL-BLR,EaseMyTrip,AI,AI-2417,2026-10-28,T+45,8893,1952,10845,2026-09-13T02:39:24.399Z,FALSE,"",12:00,TRUE
fare_DEL-BLR_6E_2026-10-28_T+45_1789268425665_ce2i,DEL-BLR,EaseMyTrip,6E,6E-5175,2026-10-28,T+45,8853,1943,10796,2026-09-13T02:39:24.399Z,FALSE,"",12:55,FALSE
fare_DEL-BLR_6E_2026-10-28_T+45_1789268425665_88hj,DEL-BLR,EaseMyTrip,6E,6E-2571,2026-10-28,T+45,8853,1943,10796,2026-09-13T02:39:24.399Z,FALSE,"",15:35,FALSE
fare_DEL-BLR_6E_2026-10-28_T+45_1789268425665_1j29,DEL-BLR,EaseMyTrip,6E,6E-2361,2026-10-28,T+45,8898,1953,10851,2026-09-13T02:39:24.399Z,FALSE,"",12:55,FALSE
fare_DEL-BLR_SG_2026-10-28_T+45_1789268425665_p3fw,DEL-BLR,EaseMyTrip,SG,SG-573,2026-10-28,T+45,9197,2019,11216,2026-09-13T02:39:24.399Z,FALSE,"",17:10,FALSE
fare_DEL-BLR_SG_2026-10-28_T+45_1789268425665_t7ka,DEL-BLR,EaseMyTrip,SG,SG-963,2026-10-28,T+45,9197,2019,11216,2026-09-13T02:39:24.399Z,FALSE,"",17:10,FALSE
fare_DEL-BLR_SG_2026-10-28_T+45_1789268425665_39xq,DEL-BLR,EaseMyTrip,SG,SG-435,2026-10-28,T+45,9197,2019,11216,2026-09-13T02:39:24.399Z,FALSE,"",06:30,FALSE
fare_DEL-BLR_SG_2026-10-28_T+45_1789268425665_1ja4,DEL-BLR,EaseMyTrip,SG,SG-895,2026-10-28,T+45,9197,2019,11216,2026-09-13T02:39:24.399Z,FALSE,"",06:30,FALSE
fare_DEL-BLR_SG_2026-10-28_T+45_1789268425665_vgxi,DEL-BLR,EaseMyTrip,SG,SG-158,2026-10-28,T+45,9197,2019,11216,2026-09-13T02:39:24.399Z,FALSE,"",05:45,FALSE
fare_DEL-BLR_SG_2026-10-28_T+45_1789268425665_0w81,DEL-BLR,EaseMyTrip,SG,SG-973,2026-10-28,T+45,9197,2019,11216,2026-09-13T02:39:24.399Z,FALSE,"",05:45,FALSE
fare_DEL-BLR_SG_2026-10-28_T+45_1789268425665_o7l6,DEL-BLR,EaseMyTrip,SG,SG-893,2026-10-28,T+45,9197,2019,11216,2026-09-13T02:39:24.399Z,FALSE,"",17:10,FALSE
fare_DEL-BLR_SG_2026-10-28_T+45_1789268425665_zuvf,DEL-BLR,EaseMyTrip,SG,SG-315,2026-10-28,T+45,9197,2019,11216,2026-09-13T02:39:24.399Z,FALSE,"",17:10,FALSE
fare_DEL-BLR_AI_2026-10-28_T+45_1789268425665_h6te,DEL-BLR,EaseMyTrip,AI,AI-427,2026-10-28,T+45,9134,2005,11139,2026-09-13T02:39:24.399Z,FALSE,"",08:35,TRUE
fare_DEL-BLR_AI_2026-10-28_T+45_1789268425665_oc19,DEL-BLR,EaseMyTrip,AI,AI-2485,2026-10-28,T+45,9134,2005,11139,2026-09-13T02:39:24.399Z,FALSE,"",11:00,TRUE
fare_DEL-BLR_AI_2026-10-28_T+45_1789268425665_2vqs,DEL-BLR,EaseMyTrip,AI,AI-2809,2026-10-28,T+45,9134,2005,11139,2026-09-13T02:39:24.399Z,FALSE,"",20:30,TRUE
fare_DEL-BLR_SG_2026-10-28_T+45_1789268425665_rg93,DEL-BLR,EaseMyTrip,SG,SG-539,2026-10-28,T+45,9452,2075,11527,2026-09-13T02:39:24.399Z,FALSE,"",06:30,FALSE
fare_DEL-BLR_SG_2026-10-28_T+45_1789268425665_7zqq,DEL-BLR,EaseMyTrip,SG,SG-747,2026-10-28,T+45,9452,2075,11527,2026-09-13T02:39:24.399Z,FALSE,"",06:30,FALSE
fare_DEL-BLR_SG_2026-10-28_T+45_1789268425665_q0hz,DEL-BLR,EaseMyTrip,SG,SG-846,2026-10-28,T+45,9452,2075,11527,2026-09-13T02:39:24.399Z,FALSE,"",17:10,FALSE
fare_DEL-BLR_SG_2026-10-28_T+45_1789268425665_jly4,DEL-BLR,EaseMyTrip,SG,SG-813,2026-10-28,T+45,9452,2075,11527,2026-09-13T02:39:24.399Z,FALSE,"",17:10,FALSE
fare_DEL-BLR_SG_2026-10-28_T+45_1789268425665_9tge,DEL-BLR,EaseMyTrip,SG,SG-642,2026-10-28,T+45,9452,2075,11527,2026-09-13T02:39:24.399Z,FALSE,"",05:45,FALSE
fare_DEL-BLR_SG_2026-10-28_T+45_1789268425665_b1ig,DEL-BLR,EaseMyTrip,SG,SG-113,2026-10-28,T+45,9452,2075,11527,2026-09-13T02:39:24.399Z,FALSE,"",05:45,FALSE
fare_DEL-BLR_SG_2026-10-28_T+45_1789268425665_9ks9,DEL-BLR,EaseMyTrip,SG,SG-384,2026-10-28,T+45,9452,2075,11527,2026-09-13T02:39:24.399Z,FALSE,"",06:30,FALSE
fare_DEL-BLR_SG_2026-10-28_T+45_1789268425665_ecsj,DEL-BLR,EaseMyTrip,SG,SG-936,2026-10-28,T+45,9452,2075,11527,2026-09-13T02:39:24.399Z,FALSE,"",06:30,FALSE
fare_DEL-BLR_SG_2026-10-28_T+45_1789268425665_1g1q,DEL-BLR,EaseMyTrip,SG,SG-591,2026-10-28,T+45,9452,2075,11527,2026-09-13T02:39:24.399Z,FALSE,"",05:45,FALSE
fare_DEL-BLR_SG_2026-10-28_T+45_1789268425665_qvpq,DEL-BLR,EaseMyTrip,SG,SG-157,2026-10-28,T+45,9452,2075,11527,2026-09-13T02:39:24.399Z,FALSE,"",05:45,FALSE
fare_DEL-BLR_6E_2026-10-28_T+45_1789268425665_w9rz,DEL-BLR,EaseMyTrip,6E,6E-2589,2026-10-28,T+45,9197,2019,11216,2026-09-13T02:39:24.399Z,FALSE,"",16:35,FALSE
fare_DEL-BLR_SG_2026-10-28_T+45_1789268425665_bedb,DEL-BLR,EaseMyTrip,SG,SG-531,2026-10-28,T+45,9494,2084,11578,2026-09-13T02:39:24.399Z,FALSE,"",19:00,FALSE
fare_DEL-BLR_SG_2026-10-28_T+45_1789268425665_rws6,DEL-BLR,EaseMyTrip,SG,SG-637,2026-10-28,T+45,9494,2084,11578,2026-09-13T02:39:24.399Z,FALSE,"",19:00,FALSE
fare_DEL-BLR_SG_2026-10-28_T+45_1789268425665_xdmd,DEL-BLR,EaseMyTrip,SG,SG-726,2026-10-28,T+45,9494,2084,11578,2026-09-13T02:39:24.399Z,FALSE,"",19:00,FALSE
fare_DEL-BLR_SG_2026-10-28_T+45_1789268425665_zprl,DEL-BLR,EaseMyTrip,SG,SG-795,2026-10-28,T+45,9494,2084,11578,2026-09-13T02:39:24.399Z,FALSE,"",19:00,FALSE
fare_DEL-BLR_AI_2026-10-28_T+45_1789268425665_ugw1,DEL-BLR,EaseMyTrip,AI,AI-2487,2026-10-28,T+45,9546,2095,11641,2026-09-13T02:39:24.399Z,FALSE,"",18:00,TRUE
fare_DEL-BLR_AI_2026-10-28_T+45_1789268425665_3kqy,DEL-BLR,EaseMyTrip,AI,AI-2512,2026-10-28,T+45,9546,2095,11641,2026-09-13T02:39:24.399Z,FALSE,"",19:30,TRUE
fare_DEL-BLR_IX_2026-10-28_T+45_1789268425665_fv9t,DEL-BLR,EaseMyTrip,IX,IX-1461,2026-10-28,T+45,10647,2337,12984,2026-09-13T02:39:24.399Z,FALSE,"",07:15,FALSE
fare_DEL-BLR_SG_2026-10-28_T+45_1789268425665_uiso,DEL-BLR,EaseMyTrip,SG,SG-115,2026-10-28,T+45,9751,2140,11891,2026-09-13T02:39:24.399Z,FALSE,"",19:00,FALSE
fare_DEL-BLR_SG_2026-10-28_T+45_1789268425665_sehy,DEL-BLR,EaseMyTrip,SG,SG-723,2026-10-28,T+45,9751,2140,11891,2026-09-13T02:39:24.399Z,FALSE,"",19:00,FALSE
fare_DEL-BLR_SG_2026-10-28_T+45_1789268425665_823b,DEL-BLR,EaseMyTrip,SG,SG-714,2026-10-28,T+45,9801,2152,11953,2026-09-13T02:39:24.399Z,FALSE,"",19:00,FALSE
fare_DEL-BLR_AI_2026-10-28_T+45_1789268425665_ui5t,DEL-BLR,EaseMyTrip,AI,AI-2643,2026-10-28,T+45,9760,2142,11902,2026-09-13T02:39:24.399Z,FALSE,"",06:00,FALSE
fare_DEL-BLR_QP_2026-10-28_T+45_1789268425665_c1c8,DEL-BLR,EaseMyTrip,QP,QP-1376,2026-10-28,T+45,9782,2147,11929,2026-09-13T02:39:24.399Z,FALSE,"",14:50,TRUE
fare_DEL-BLR_6E_2026-10-28_T+45_1789268425665_mmvr,DEL-BLR,EaseMyTrip,6E,6E-2456,2026-10-28,T+45,9816,2155,11971,2026-09-13T02:39:24.399Z,FALSE,"",14:30,TRUE
fare_DEL-BLR_AI_2026-10-28_T+45_1789268425665_6brt,DEL-BLR,EaseMyTrip,AI,AI-2619,2026-10-28,T+45,10113,2220,12333,2026-09-13T02:39:24.399Z,FALSE,"",19:50,FALSE
fare_DEL-BLR_AI_2026-10-28_T+45_1789268425665_hby0,DEL-BLR,EaseMyTrip,AI,AI-2706,2026-10-28,T+45,10252,2250,12502,2026-09-13T02:39:24.399Z,FALSE,"",14:10,FALSE
fare_DEL-BLR_SG_2026-10-28_T+45_1789268425665_9rl4,DEL-BLR,EaseMyTrip,SG,SG-186,2026-10-28,T+45,10388,2280,12668,2026-09-13T02:39:24.399Z,FALSE,"",09:40,FALSE
fare_DEL-BLR_SG_2026-10-28_T+45_1789268425665_jkrp,DEL-BLR,EaseMyTrip,SG,SG-445,2026-10-28,T+45,10388,2280,12668,2026-09-13T02:39:24.399Z,FALSE,"",09:40,FALSE
fare_DEL-BLR_AI_2026-10-28_T+45_1789268425665_u8yh,DEL-BLR,EaseMyTrip,AI,AI-415,2026-10-28,T+45,10555,2317,12872,2026-09-13T02:39:24.399Z,FALSE,"",06:20,FALSE
fare_DEL-BLR_SG_2026-10-28_T+45_1789268425665_5qp0,DEL-BLR,EaseMyTrip,SG,SG-211,2026-10-28,T+45,10664,2341,13005,2026-09-13T02:39:24.399Z,FALSE,"",21:00,FALSE
fare_DEL-BLR_SG_2026-10-28_T+45_1789268425665_jz1n,DEL-BLR,EaseMyTrip,SG,SG-681,2026-10-28,T+45,10664,2341,13005,2026-09-13T02:39:24.399Z,FALSE,"",21:00,FALSE
fare_DEL-BLR_SG_2026-10-28_T+45_1789268425665_dq6c,DEL-BLR,EaseMyTrip,SG,SG-198,2026-10-28,T+45,10664,2341,13005,2026-09-13T02:39:24.399Z,FALSE,"",20:00,FALSE
fare_DEL-BLR_SG_2026-10-28_T+45_1789268425665_9jeo,DEL-BLR,EaseMyTrip,SG,SG-504,2026-10-28,T+45,10664,2341,13005,2026-09-13T02:39:24.399Z,FALSE,"",20:00,FALSE
fare_DEL-BLR_AI_2026-10-28_T+45_1789268425665_cgu9,DEL-BLR,EaseMyTrip,AI,AI-2909,2026-10-28,T+45,10635,2334,12969,2026-09-13T02:39:24.399Z,FALSE,"",22:30,FALSE
fare_DEL-BLR_IX_2026-10-28_T+45_1789268425665_rv4d,DEL-BLR,EaseMyTrip,IX,IX-1510,2026-10-28,T+45,10938,2401,13339,2026-09-13T02:39:24.399Z,FALSE,"",09:15,FALSE
fare_DEL-BLR_AI_2026-10-28_T+45_1789268425665_a9hy,DEL-BLR,EaseMyTrip,AI,AI-2449,2026-10-28,T+45,10778,2366,13144,2026-09-13T02:39:24.399Z,FALSE,"",22:00,FALSE
fare_DEL-BLR_AI_2026-10-28_T+45_1789268425665_bpk7,DEL-BLR,EaseMyTrip,AI,AI-2525,2026-10-28,T+45,11009,2416,13425,2026-09-13T02:39:24.399Z,FALSE,"",06:00,FALSE
fare_DEL-BLR_AI_2026-10-28_T+45_1789268425665_5sfr,DEL-BLR,EaseMyTrip,AI,AI-2523,2026-10-28,T+45,11009,2416,13425,2026-09-13T02:39:24.399Z,FALSE,"",08:45,FALSE
fare_DEL-BLR_AI_2026-10-28_T+45_1789268425665_yf4k,DEL-BLR,EaseMyTrip,AI,AI-2507,2026-10-28,T+45,11009,2416,13425,2026-09-13T02:39:24.399Z,FALSE,"",12:10,FALSE
fare_DEL-BLR_AI_2026-10-28_T+45_1789268425665_e2zk,DEL-BLR,EaseMyTrip,AI,AI-537,2026-10-28,T+45,11009,2416,13425,2026-09-13T02:39:24.399Z,FALSE,"",15:45,FALSE
fare_DEL-BLR_AI_2026-10-28_T+45_1789268425665_hi05,DEL-BLR,EaseMyTrip,AI,AI-2833,2026-10-28,T+45,11009,2416,13425,2026-09-13T02:39:24.399Z,FALSE,"",07:30,FALSE
fare_DEL-BLR_IX_2026-10-28_T+45_1789268425665_ovyh,DEL-BLR,EaseMyTrip,IX,IX-2233,2026-10-28,T+45,11465,2517,13982,2026-09-13T02:39:24.399Z,FALSE,"",06:05,FALSE
fare_DEL-BLR_AI_2026-10-28_T+45_1789268425665_u3gn,DEL-BLR,EaseMyTrip,AI,AI-2879,2026-10-28,T+45,11382,2498,13880,2026-09-13T02:39:24.399Z,FALSE,"",18:00,FALSE
fare_DEL-BLR_AI_2026-10-28_T+45_1789268425665_d8yg,DEL-BLR,EaseMyTrip,AI,AI-2819,2026-10-28,T+45,11401,2503,13904,2026-09-13T02:39:24.399Z,FALSE,"",15:00,TRUE
fare_DEL-BLR_AI_2026-10-28_T+45_1789268425665_0tyc,DEL-BLR,EaseMyTrip,AI,AI-9836,2026-10-28,T+45,11737,2576,14313,2026-09-13T02:39:24.399Z,FALSE,"",08:45,FALSE
fare_DEL-BLR_IX_2026-10-28_T+45_1789268425665_8pak,DEL-BLR,EaseMyTrip,IX,IX-1082,2026-10-28,T+45,12029,2641,14670,2026-09-13T02:39:24.399Z,FALSE,"",21:55,FALSE
fare_DEL-BLR_IX_2026-10-28_T+45_1789268425665_eg68,DEL-BLR,EaseMyTrip,IX,IX-2237,2026-10-28,T+45,12029,2641,14670,2026-09-13T02:39:24.399Z,FALSE,"",19:25,FALSE
fare_DEL-BLR_AI_2026-10-28_T+45_1789268425665_avau,DEL-BLR,EaseMyTrip,AI,AI-2465,2026-10-28,T+45,11938,2620,14558,2026-09-13T02:39:24.399Z,FALSE,"",14:30,FALSE
fare_DEL-BLR_AI_2026-10-28_T+45_1789268425665_lhgq,DEL-BLR,EaseMyTrip,AI,AI-1719,2026-10-28,T+45,11987,2631,14618,2026-09-13T02:39:24.399Z,FALSE,"",13:35,FALSE
fare_DEL-BLR_AI_2026-10-28_T+45_1789268425665_mfdp,DEL-BLR,EaseMyTrip,AI,AI-2549,2026-10-28,T+45,12106,2657,14763,2026-09-13T02:39:24.399Z,FALSE,"",19:30,FALSE
fare_DEL-BLR_AI_2026-10-28_T+45_1789268425665_29n2,DEL-BLR,EaseMyTrip,AI,AI-487,2026-10-28,T+45,12385,2719,15104,2026-09-13T02:39:24.399Z,FALSE,"",16:00,FALSE
fare_DEL-BLR_AI_2026-10-28_T+45_1789268425665_oh6j,DEL-BLR,EaseMyTrip,AI,AI-2859,2026-10-28,T+45,12434,2730,15164,2026-09-13T02:39:24.399Z,FALSE,"",11:00,FALSE
fare_DEL-BLR_IX_2026-10-28_T+45_1789268425665_xz86,DEL-BLR,EaseMyTrip,IX,IX-1257,2026-10-28,T+45,12936,2839,15775,2026-09-13T02:39:24.399Z,FALSE,"",22:10,FALSE
fare_DEL-BLR_AI_2026-10-28_T+45_1789268425665_x8qd,DEL-BLR,EaseMyTrip,AI,AI-1776,2026-10-28,T+45,12503,2745,15248,2026-09-13T02:39:24.399Z,FALSE,"",10:00,FALSE
fare_DEL-BLR_IX_2026-10-28_T+45_1789268425665_fzx8,DEL-BLR,EaseMyTrip,IX,IX-1274,2026-10-28,T+45,14747,3237,17984,2026-09-13T02:39:24.399Z,TRUE,"High outlier: ₹17984 > upper fence ₹17307 (Q3: ₹12969, IQR: ₹2892)",09:55,FALSE
fare_DEL-BLR_IX_2026-10-28_T+45_1789268425665_k1hr,DEL-BLR,EaseMyTrip,IX,IX-1076,2026-10-28,T+45,14747,3237,17984,2026-09-13T02:39:24.399Z,TRUE,"High outlier: ₹17984 > upper fence ₹17307 (Q3: ₹12969, IQR: ₹2892)",08:00,FALSE
fare_DEL-BLR_AI_2026-10-28_T+45_1789268425665_x32g,DEL-BLR,EaseMyTrip,AI,AI-2963,2026-10-28,T+45,13537,2971,16508,2026-09-13T02:39:24.399Z,FALSE,"",09:00,FALSE
fare_DEL-BLR_AI_2026-10-28_T+45_1789268425665_5lds,DEL-BLR,EaseMyTrip,AI,AI-2678,2026-10-28,T+45,13537,2971,16508,2026-09-13T02:39:24.399Z,FALSE,"",08:30,FALSE
fare_DEL-BLR_AI_2026-10-28_T+45_1789268425665_jrf8,DEL-BLR,EaseMyTrip,AI,AI-2587,2026-10-28,T+45,13537,2971,16508,2026-09-13T02:39:24.399Z,FALSE,"",12:00,FALSE
fare_DEL-BLR_AI_2026-10-28_T+45_1789268425665_8dgj,DEL-BLR,EaseMyTrip,AI,AI-2425,2026-10-28,T+45,13640,2994,16634,2026-09-13T02:39:24.399Z,FALSE,"",10:30,FALSE
fare_DEL-BLR_AI_2026-10-28_T+45_1789268425665_a9q3,DEL-BLR,EaseMyTrip,AI,AI-2429,2026-10-28,T+45,13640,2994,16634,2026-09-13T02:39:24.399Z,FALSE,"",07:00,FALSE
fare_DEL-BLR_SG_2026-10-28_T+45_1789268425665_sh72,DEL-BLR,EaseMyTrip,SG,SG-323,2026-10-28,T+45,13646,2995,16641,2026-09-13T02:39:24.399Z,FALSE,"",15:40,TRUE
fare_DEL-BLR_SG_2026-10-28_T+45_1789268425665_g8eo,DEL-BLR,EaseMyTrip,SG,SG-779,2026-10-28,T+45,13646,2995,16641,2026-09-13T02:39:24.399Z,FALSE,"",15:40,TRUE
fare_DEL-BLR_AI_2026-10-28_T+45_1789268425665_sh8a,DEL-BLR,EaseMyTrip,AI,AI-2975,2026-10-28,T+45,13765,3022,16787,2026-09-13T02:39:24.399Z,FALSE,"",06:30,FALSE
fare_DEL-BLR_AI_2026-10-28_T+45_1789268425665_6vv5,DEL-BLR,EaseMyTrip,AI,AI-2951,2026-10-28,T+45,13765,3022,16787,2026-09-13T02:39:24.399Z,FALSE,"",13:30,FALSE
fare_DEL-BLR_AI_2026-10-28_T+45_1789268425665_rnjh,DEL-BLR,EaseMyTrip,AI,AI-2555,2026-10-28,T+45,13823,3034,16857,2026-09-13T02:39:24.399Z,FALSE,"",17:30,FALSE
fare_DEL-BLR_AI_2026-10-28_T+45_1789268425665_r56f,DEL-BLR,EaseMyTrip,AI,AI-441,2026-10-28,T+45,13823,3034,16857,2026-09-13T02:39:24.399Z,FALSE,"",17:05,FALSE
fare_DEL-BLR_AI_2026-10-28_T+45_1789268425665_nn67,DEL-BLR,EaseMyTrip,AI,AI-2943,2026-10-28,T+45,13828,3036,16864,2026-09-13T02:39:24.399Z,FALSE,"",07:30,FALSE
fare_DEL-BLR_IX_2026-10-28_T+45_1789268425665_rkcp,DEL-BLR,EaseMyTrip,IX,IX-1672,2026-10-28,T+45,14483,3179,17662,2026-09-13T02:39:24.399Z,TRUE,"High outlier: ₹17662 > upper fence ₹17307 (Q3: ₹12969, IQR: ₹2892)",07:15,FALSE
fare_DEL-BLR_IX_2026-10-28_T+45_1789268425665_wx4q,DEL-BLR,EaseMyTrip,IX,IX-1032,2026-10-28,T+45,14483,3179,17662,2026-09-13T02:39:24.399Z,TRUE,"High outlier: ₹17662 > upper fence ₹17307 (Q3: ₹12969, IQR: ₹2892)",06:15,FALSE
fare_DEL-BLR_AI_2026-10-28_T+45_1789268425665_xjuy,DEL-BLR,EaseMyTrip,AI,AI-2565,2026-10-28,T+45,14325,3145,17470,2026-09-13T02:39:24.399Z,TRUE,"High outlier: ₹17470 > upper fence ₹17307 (Q3: ₹12969, IQR: ₹2892)",15:30,FALSE
fare_DEL-BLR_AI_2026-10-28_T+45_1789268425665_53nl,DEL-BLR,EaseMyTrip,AI,AI-2933,2026-10-28,T+45,14613,3208,17821,2026-09-13T02:39:24.399Z,TRUE,"High outlier: ₹17821 > upper fence ₹17307 (Q3: ₹12969, IQR: ₹2892)",15:30,FALSE
fare_DEL-BLR_IX_2026-10-28_T+45_1789268425665_458d,DEL-BLR,EaseMyTrip,IX,IX-1041,2026-10-28,T+45,15206,3338,18544,2026-09-13T02:39:24.399Z,TRUE,"High outlier: ₹18544 > upper fence ₹17307 (Q3: ₹12969, IQR: ₹2892)",15:10,FALSE
fare_DEL-BLR_AI_2026-10-28_T+45_1789268425665_p3g1,DEL-BLR,EaseMyTrip,AI,AI-2973,2026-10-28,T+45,15367,3373,18740,2026-09-13T02:39:24.399Z,TRUE,"High outlier: ₹18740 > upper fence ₹17307 (Q3: ₹12969, IQR: ₹2892)",20:50,FALSE
fare_DEL-BLR_AI_2026-10-28_T+45_1789268425665_b0kp,DEL-BLR,EaseMyTrip,AI,AI-2945,2026-10-28,T+45,16092,3533,19625,2026-09-13T02:39:24.399Z,TRUE,"High outlier: ₹19625 > upper fence ₹17307 (Q3: ₹12969, IQR: ₹2892)",11:00,FALSE
fare_DEL-BLR_IX_2026-10-28_T+45_1789268425665_ou5t,DEL-BLR,EaseMyTrip,IX,IX-1067,2026-10-28,T+45,23468,5151,28619,2026-09-13T02:39:24.399Z,TRUE,"High outlier: ₹28619 > upper fence ₹17307 (Q3: ₹12969, IQR: ₹2892)",11:20,FALSE
fare_DEL-BLR_6E_2026-10-28_T+45_1789268425665_2r3n,DEL-BLR,EaseMyTrip,6E,6E-6517,2026-10-28,T+45,24701,5422,30123,2026-09-13T02:39:24.399Z,TRUE,"High outlier: ₹30123 > upper fence ₹17307 (Q3: ₹12969, IQR: ₹2892)",19:30,FALSE
fare_DEL-BLR_AI_2026-10-28_T+45_1789268425665_h5lj,DEL-BLR,EaseMyTrip,AI,AI-2767,2026-10-28,T+45,25709,5643,31352,2026-09-13T02:39:24.399Z,TRUE,"High outlier: ₹31352 > upper fence ₹17307 (Q3: ₹12969, IQR: ₹2892)",13:00,FALSE
fare_DEL-BLR_IX_2026-09-20_T+7_1789268425665_djq0,DEL-BLR,EaseMyTrip,IX,IX-1617,2026-09-20,T+7,8031,1763,9794,2026-09-13T02:39:04.512Z,FALSE,"",11:50,FALSE
fare_DEL-BLR_6E_2026-09-20_T+7_1789268425665_fbcn,DEL-BLR,EaseMyTrip,6E,6E-2314,2026-09-20,T+7,7615,1671,9286,2026-09-13T02:39:04.512Z,FALSE,"",05:45,TRUE
fare_DEL-BLR_6E_2026-09-20_T+7_1789268425665_osrj,DEL-BLR,EaseMyTrip,6E,6E-304,2026-09-20,T+7,8012,1759,9771,2026-09-13T02:39:04.512Z,FALSE,"",03:00,TRUE
fare_DEL-BLR_6E_2026-09-20_T+7_1789268425665_eja0,DEL-BLR,EaseMyTrip,6E,6E-371,2026-09-20,T+7,8012,1759,9771,2026-09-13T02:39:04.512Z,FALSE,"",03:00,TRUE
fare_DEL-BLR_6E_2026-09-20_T+7_1789268425665_sdt0,DEL-BLR,EaseMyTrip,6E,6E-124,2026-09-20,T+7,8012,1759,9771,2026-09-13T02:39:04.512Z,FALSE,"",23:30,TRUE
fare_DEL-BLR_6E_2026-09-20_T+7_1789268425665_gi5q,DEL-BLR,EaseMyTrip,6E,6E-651,2026-09-20,T+7,8012,1759,9771,2026-09-13T02:39:04.512Z,FALSE,"",23:30,TRUE
fare_DEL-BLR_6E_2026-09-20_T+7_1789268425665_avcu,DEL-BLR,EaseMyTrip,6E,6E-274,2026-09-20,T+7,8012,1759,9771,2026-09-13T02:39:04.512Z,FALSE,"",22:00,TRUE
fare_DEL-BLR_6E_2026-09-20_T+7_1789268425665_f5a3,DEL-BLR,EaseMyTrip,6E,6E-283,2026-09-20,T+7,8012,1759,9771,2026-09-13T02:39:04.512Z,FALSE,"",22:00,TRUE
fare_DEL-BLR_IX_2026-09-20_T+7_1789268425665_6ncr,DEL-BLR,EaseMyTrip,IX,IX-1046,2026-09-20,T+7,9015,1979,10994,2026-09-13T02:39:04.512Z,FALSE,"",06:25,FALSE
fare_DEL-BLR_AI_2026-09-20_T+7_1789268425665_6hlp,DEL-BLR,EaseMyTrip,AI,AI-2409,2026-09-20,T+7,8269,1815,10084,2026-09-13T02:39:04.512Z,FALSE,"",06:00,TRUE
fare_DEL-BLR_6E_2026-09-20_T+7_1789268425665_qpvs,DEL-BLR,EaseMyTrip,6E,6E-454,2026-09-20,T+7,8156,1790,9946,2026-09-13T02:39:04.512Z,FALSE,"",11:45,FALSE
fare_DEL-BLR_6E_2026-09-20_T+7_1789268425665_f1kd,DEL-BLR,EaseMyTrip,6E,6E-153,2026-09-20,T+7,8156,1790,9946,2026-09-13T02:39:04.512Z,FALSE,"",11:45,FALSE
fare_DEL-BLR_AI_2026-09-20_T+7_1789268425665_mimm,DEL-BLR,EaseMyTrip,AI,AI-2803,2026-09-20,T+7,8339,1831,10170,2026-09-13T02:39:04.512Z,FALSE,"",06:30,TRUE
fare_DEL-BLR_AI_2026-09-20_T+7_1789268425665_54ca,DEL-BLR,EaseMyTrip,AI,AI-2757,2026-09-20,T+7,8339,1831,10170,2026-09-13T02:39:04.512Z,FALSE,"",00:15,TRUE
fare_DEL-BLR_QP_2026-09-20_T+7_1789268425665_b9d3,DEL-BLR,EaseMyTrip,QP,QP-1350,2026-09-20,T+7,8234,1808,10042,2026-09-13T02:39:04.512Z,FALSE,"",21:55,TRUE
fare_DEL-BLR_QP_2026-09-20_T+7_1789268425665_z6ev,DEL-BLR,EaseMyTrip,QP,QP-1824,2026-09-20,T+7,8234,1808,10042,2026-09-13T02:39:04.512Z,FALSE,"",20:10,TRUE
fare_DEL-BLR_6E_2026-09-20_T+7_1789268425665_7tct,DEL-BLR,EaseMyTrip,6E,6E-6179,2026-09-20,T+7,8263,1814,10077,2026-09-13T02:39:04.512Z,FALSE,"",18:30,FALSE
fare_DEL-BLR_6E_2026-09-20_T+7_1789268425665_08c5,DEL-BLR,EaseMyTrip,6E,6E-641,2026-09-20,T+7,8263,1814,10077,2026-09-13T02:39:04.512Z,FALSE,"",19:35,FALSE
fare_DEL-BLR_6E_2026-09-20_T+7_1789268425665_y8yi,DEL-BLR,EaseMyTrip,6E,6E-481,2026-09-20,T+7,8263,1814,10077,2026-09-13T02:39:04.512Z,FALSE,"",19:35,FALSE
fare_DEL-BLR_6E_2026-09-20_T+7_1789268425665_i8ii,DEL-BLR,EaseMyTrip,6E,6E-5119,2026-09-20,T+7,8263,1814,10077,2026-09-13T02:39:04.512Z,FALSE,"",05:10,FALSE
fare_DEL-BLR_6E_2026-09-20_T+7_1789268425665_lzs5,DEL-BLR,EaseMyTrip,6E,6E-2343,2026-09-20,T+7,8263,1814,10077,2026-09-13T02:39:04.512Z,FALSE,"",02:20,FALSE
fare_DEL-BLR_IX_2026-09-20_T+7_1789268425665_5dtg,DEL-BLR,EaseMyTrip,IX,IX-1001,2026-09-20,T+7,9335,2049,11384,2026-09-13T02:39:04.512Z,FALSE,"",09:00,FALSE
fare_DEL-BLR_6E_2026-09-20_T+7_1789268425665_8xxi,DEL-BLR,EaseMyTrip,6E,6E-2151,2026-09-20,T+7,8328,1828,10156,2026-09-13T02:39:04.512Z,FALSE,"",19:45,FALSE
fare_DEL-BLR_6E_2026-09-20_T+7_1789268425665_7s66,DEL-BLR,EaseMyTrip,6E,6E-2037,2026-09-20,T+7,8328,1828,10156,2026-09-13T02:39:04.512Z,FALSE,"",17:45,FALSE
fare_DEL-BLR_6E_2026-09-20_T+7_1789268425665_67sk,DEL-BLR,EaseMyTrip,6E,6E-2277,2026-09-20,T+7,8328,1828,10156,2026-09-13T02:39:04.512Z,FALSE,"",10:25,FALSE
fare_DEL-BLR_6E_2026-09-20_T+7_1789268425665_ddm6,DEL-BLR,EaseMyTrip,6E,6E-6476,2026-09-20,T+7,8328,1828,10156,2026-09-13T02:39:04.512Z,FALSE,"",07:05,FALSE
fare_DEL-BLR_IX_2026-09-20_T+7_1789268425665_1858,DEL-BLR,EaseMyTrip,IX,IX-1392,2026-09-20,T+7,8552,1877,10429,2026-09-13T02:39:04.512Z,FALSE,"",23:25,FALSE
fare_DEL-BLR_QP_2026-09-20_T+7_1789268425665_03x6,DEL-BLR,EaseMyTrip,QP,QP-1812,2026-09-20,T+7,8389,1842,10231,2026-09-13T02:39:04.512Z,FALSE,"",22:55,TRUE
fare_DEL-BLR_6E_2026-09-20_T+7_1789268425665_ranx,DEL-BLR,EaseMyTrip,6E,6E-6515,2026-09-20,T+7,8434,1851,10285,2026-09-13T02:39:04.512Z,FALSE,"",20:45,TRUE
fare_DEL-BLR_6E_2026-09-20_T+7_1789268425665_veuk,DEL-BLR,EaseMyTrip,6E,6E-929,2026-09-20,T+7,8434,1851,10285,2026-09-13T02:39:04.512Z,FALSE,"",07:05,TRUE
fare_DEL-BLR_6E_2026-09-20_T+7_1789268425665_ubs0,DEL-BLR,EaseMyTrip,6E,6E-135,2026-09-20,T+7,8434,1851,10285,2026-09-13T02:39:04.512Z,FALSE,"",07:05,TRUE
fare_DEL-BLR_6E_2026-09-20_T+7_1789268425665_o9v9,DEL-BLR,EaseMyTrip,6E,6E-6497,2026-09-20,T+7,8435,1852,10287,2026-09-13T02:39:04.512Z,FALSE,"",18:40,FALSE
fare_DEL-BLR_6E_2026-09-20_T+7_1789268425665_if08,DEL-BLR,EaseMyTrip,6E,6E-928,2026-09-20,T+7,8457,1857,10314,2026-09-13T02:39:04.512Z,FALSE,"",17:10,FALSE
fare_DEL-BLR_6E_2026-09-20_T+7_1789268425665_7r5n,DEL-BLR,EaseMyTrip,6E,6E-981,2026-09-20,T+7,8457,1857,10314,2026-09-13T02:39:04.512Z,FALSE,"",17:10,FALSE
fare_DEL-BLR_AI_2026-09-20_T+7_1789268425665_iiry,DEL-BLR,EaseMyTrip,AI,AI-2815,2026-09-20,T+7,8765,1924,10689,2026-09-13T02:39:04.512Z,FALSE,"",07:00,TRUE
fare_DEL-BLR_6E_2026-09-20_T+7_1789268425665_9aja,DEL-BLR,EaseMyTrip,6E,6E-5191,2026-09-20,T+7,8608,1889,10497,2026-09-13T02:39:04.512Z,FALSE,"",05:00,FALSE
fare_DEL-BLR_IX_2026-09-20_T+7_1789268425665_880h,DEL-BLR,EaseMyTrip,IX,IX-1074,2026-09-20,T+7,9991,2193,12184,2026-09-13T02:39:04.512Z,FALSE,"",11:00,FALSE
fare_DEL-BLR_IX_2026-09-20_T+7_1789268425665_2p5p,DEL-BLR,EaseMyTrip,IX,IX-1067,2026-09-20,T+7,9991,2193,12184,2026-09-13T02:39:04.512Z,FALSE,"",06:10,FALSE
fare_DEL-BLR_6E_2026-09-20_T+7_1789268425665_7d6a,DEL-BLR,EaseMyTrip,6E,6E-553,2026-09-20,T+7,8882,1950,10832,2026-09-13T02:39:04.512Z,FALSE,"",08:20,TRUE
fare_DEL-BLR_6E_2026-09-20_T+7_1789268425665_3qj7,DEL-BLR,EaseMyTrip,6E,6E-196,2026-09-20,T+7,8882,1950,10832,2026-09-13T02:39:04.512Z,FALSE,"",08:20,TRUE
fare_DEL-BLR_AI_2026-09-20_T+7_1789268425665_n6kj,DEL-BLR,EaseMyTrip,AI,AI-2653,2026-09-20,T+7,9063,1990,11053,2026-09-13T02:39:04.512Z,FALSE,"",04:30,TRUE
fare_DEL-BLR_IX_2026-09-20_T+7_1789268425665_2g1u,DEL-BLR,EaseMyTrip,IX,IX-1165,2026-09-20,T+7,9154,2009,11163,2026-09-13T02:39:04.512Z,FALSE,"",05:45,FALSE
fare_DEL-BLR_AI_2026-09-20_T+7_1789268425665_q2dq,DEL-BLR,EaseMyTrip,AI,AI-427,2026-09-20,T+7,9297,2041,11338,2026-09-13T02:39:04.512Z,FALSE,"",08:30,TRUE
fare_DEL-BLR_IX_2026-09-20_T+7_1789268425665_kpfm,DEL-BLR,EaseMyTrip,IX,IX-5975,2026-09-20,T+7,9359,2055,11414,2026-09-13T02:39:04.512Z,FALSE,"",21:00,TRUE
fare_DEL-BLR_6E_2026-09-20_T+7_1789268425665_1foi,DEL-BLR,EaseMyTrip,6E,6E-2589,2026-09-20,T+7,9197,2019,11216,2026-09-13T02:39:04.512Z,FALSE,"",14:50,FALSE
fare_DEL-BLR_6E_2026-09-20_T+7_1789268425665_7swq,DEL-BLR,EaseMyTrip,6E,6E-7646,2026-09-20,T+7,9233,2027,11260,2026-09-13T02:39:04.512Z,FALSE,"",06:15,FALSE
fare_DEL-BLR_6E_2026-09-20_T+7_1789268425665_d4j9,DEL-BLR,EaseMyTrip,6E,6E-7626,2026-09-20,T+7,9233,2027,11260,2026-09-13T02:39:04.512Z,FALSE,"",10:30,FALSE
fare_DEL-BLR_6E_2026-09-20_T+7_1789268425665_gcqx,DEL-BLR,EaseMyTrip,6E,6E-7624,2026-09-20,T+7,9233,2027,11260,2026-09-13T02:39:04.512Z,FALSE,"",05:50,FALSE
fare_DEL-BLR_AI_2026-09-20_T+7_1789268425665_g8hb,DEL-BLR,EaseMyTrip,AI,AI-1710,2026-09-20,T+7,9483,2082,11565,2026-09-13T02:39:04.512Z,FALSE,"",18:35,FALSE
fare_DEL-BLR_6E_2026-09-20_T+7_1789268425665_nfm8,DEL-BLR,EaseMyTrip,6E,6E-737,2026-09-20,T+7,9359,2055,11414,2026-09-13T02:39:04.512Z,FALSE,"",19:30,TRUE
fare_DEL-BLR_6E_2026-09-20_T+7_1789268425665_r625,DEL-BLR,EaseMyTrip,6E,6E-200,2026-09-20,T+7,9359,2055,11414,2026-09-13T02:39:04.512Z,FALSE,"",19:30,TRUE
fare_DEL-BLR_AI_2026-09-20_T+7_1789268425665_m3lj,DEL-BLR,EaseMyTrip,AI,AI-2412,2026-09-20,T+7,9535,2093,11628,2026-09-13T02:39:04.512Z,FALSE,"",21:30,TRUE
fare_DEL-BLR_AI_2026-09-20_T+7_1789268425665_45hd,DEL-BLR,EaseMyTrip,AI,AI-2499,2026-09-20,T+7,9560,2099,11659,2026-09-13T02:39:04.512Z,FALSE,"",05:55,FALSE
fare_DEL-BLR_AI_2026-09-20_T+7_1789268425665_dq3o,DEL-BLR,EaseMyTrip,AI,AI-2569,2026-09-20,T+7,9646,2118,11764,2026-09-13T02:39:04.512Z,FALSE,"",20:25,FALSE
fare_DEL-BLR_IX_2026-09-20_T+7_1789268425665_6k8w,DEL-BLR,EaseMyTrip,IX,IX-1070,2026-09-20,T+7,9865,2165,12030,2026-09-13T02:39:04.512Z,FALSE,"",18:20,TRUE
fare_DEL-BLR_AI_2026-09-20_T+7_1789268425665_8mf4,DEL-BLR,EaseMyTrip,AI,AI-2809,2026-09-20,T+7,9869,2166,12035,2026-09-13T02:39:04.512Z,FALSE,"",19:30,TRUE
fare_DEL-BLR_QP_2026-09-20_T+7_1789268425665_ncuu,DEL-BLR,EaseMyTrip,QP,QP-1308,2026-09-20,T+7,9735,2137,11872,2026-09-13T02:39:04.512Z,FALSE,"",20:55,TRUE
fare_DEL-BLR_AI_2026-09-20_T+7_1789268425665_ji1j,DEL-BLR,EaseMyTrip,AI,AI-2512,2026-09-20,T+7,10036,2203,12239,2026-09-13T02:39:04.512Z,FALSE,"",19:00,TRUE
fare_DEL-BLR_6E_2026-09-20_T+7_1789268425665_148o,DEL-BLR,EaseMyTrip,6E,6E-2456,2026-09-20,T+7,9886,2170,12056,2026-09-13T02:39:04.512Z,FALSE,"",14:55,TRUE
fare_DEL-BLR_6E_2026-09-20_T+7_1789268425665_fljf,DEL-BLR,EaseMyTrip,6E,6E-2618,2026-09-20,T+7,10249,2250,12499,2026-09-13T02:39:04.512Z,FALSE,"",23:00,FALSE
fare_DEL-BLR_IX_2026-09-20_T+7_1789268425665_y395,DEL-BLR,EaseMyTrip,IX,IX-1054,2026-09-20,T+7,11639,2555,14194,2026-09-13T02:39:04.512Z,FALSE,"",12:05,FALSE
fare_DEL-BLR_AI_2026-09-20_T+7_1789268425665_8ouh,DEL-BLR,EaseMyTrip,AI,AI-2487,2026-09-20,T+7,10566,2319,12885,2026-09-13T02:39:04.512Z,FALSE,"",18:30,TRUE
fare_DEL-BLR_6E_2026-09-20_T+7_1789268425665_ki7j,DEL-BLR,EaseMyTrip,6E,6E-933,2026-09-20,T+7,10403,2284,12687,2026-09-13T02:39:04.512Z,FALSE,"",17:00,TRUE
fare_DEL-BLR_6E_2026-09-20_T+7_1789268425665_uwws,DEL-BLR,EaseMyTrip,6E,6E-834,2026-09-20,T+7,10403,2284,12687,2026-09-13T02:39:04.512Z,FALSE,"",17:00,TRUE
fare_DEL-BLR_6E_2026-09-20_T+7_1789268425665_1kcg,DEL-BLR,EaseMyTrip,6E,6E-111,2026-09-20,T+7,10403,2284,12687,2026-09-13T02:39:04.512Z,FALSE,"",09:30,TRUE
fare_DEL-BLR_6E_2026-09-20_T+7_1789268425665_jnxr,DEL-BLR,EaseMyTrip,6E,6E-787,2026-09-20,T+7,10403,2284,12687,2026-09-13T02:39:04.512Z,FALSE,"",09:30,TRUE
fare_DEL-BLR_6E_2026-09-20_T+7_1789268425665_xoou,DEL-BLR,EaseMyTrip,6E,6E-7653,2026-09-20,T+7,10420,2287,12707,2026-09-13T02:39:04.512Z,FALSE,"",17:20,FALSE
fare_DEL-BLR_AI_2026-09-20_T+7_1789268425665_5553,DEL-BLR,EaseMyTrip,AI,AI-2711,2026-09-20,T+7,11043,2424,13467,2026-09-13T02:39:04.512Z,FALSE,"",02:00,FALSE
fare_DEL-BLR_6E_2026-09-20_T+7_1789268425665_luvb,DEL-BLR,EaseMyTrip,6E,6E-6673,2026-09-20,T+7,10966,2407,13373,2026-09-13T02:39:04.512Z,FALSE,"",21:15,FALSE
fare_DEL-BLR_6E_2026-09-20_T+7_1789268425665_4mk4,DEL-BLR,EaseMyTrip,6E,6E-2557,2026-09-20,T+7,11264,2473,13737,2026-09-13T02:39:04.512Z,FALSE,"",15:20,FALSE
fare_DEL-BLR_IX_2026-09-20_T+7_1789268425665_0380,DEL-BLR,EaseMyTrip,IX,IX-1815,2026-09-20,T+7,11842,2599,14441,2026-09-13T02:39:04.512Z,FALSE,"",19:20,FALSE
fare_DEL-BLR_6E_2026-09-20_T+7_1789268425665_2c47,DEL-BLR,EaseMyTrip,6E,6E-2349,2026-09-20,T+7,11480,2520,14000,2026-09-13T02:39:04.512Z,FALSE,"",10:55,FALSE
fare_DEL-BLR_6E_2026-09-20_T+7_1789268425665_9h4d,DEL-BLR,EaseMyTrip,6E,6E-105,2026-09-20,T+7,11580,2542,14122,2026-09-13T02:39:04.512Z,FALSE,"",18:20,TRUE
fare_DEL-BLR_6E_2026-09-20_T+7_1789268425665_nrxf,DEL-BLR,EaseMyTrip,6E,6E-609,2026-09-20,T+7,11580,2542,14122,2026-09-13T02:39:04.512Z,FALSE,"",18:20,TRUE
fare_DEL-BLR_6E_2026-09-20_T+7_1789268425665_quhz,DEL-BLR,EaseMyTrip,6E,6E-510,2026-09-20,T+7,11580,2542,14122,2026-09-13T02:39:04.512Z,FALSE,"",15:45,TRUE
fare_DEL-BLR_6E_2026-09-20_T+7_1789268425665_wl3n,DEL-BLR,EaseMyTrip,6E,6E-287,2026-09-20,T+7,11580,2542,14122,2026-09-13T02:39:04.512Z,FALSE,"",15:45,TRUE
fare_DEL-BLR_IX_2026-09-20_T+7_1789268425666_ap91,DEL-BLR,EaseMyTrip,IX,IX-1108,2026-09-20,T+7,13635,2993,16628,2026-09-13T02:39:04.512Z,FALSE,"",05:00,FALSE
fare_DEL-BLR_IX_2026-09-20_T+7_1789268425666_osh2,DEL-BLR,EaseMyTrip,IX,IX-1273,2026-09-20,T+7,12243,2688,14931,2026-09-13T02:39:04.512Z,FALSE,"",12:20,FALSE
fare_DEL-BLR_6E_2026-09-20_T+7_1789268425666_20q0,DEL-BLR,EaseMyTrip,6E,6E-5033,2026-09-20,T+7,12147,2666,14813,2026-09-13T02:39:04.512Z,FALSE,"",15:50,FALSE
fare_DEL-BLR_QP_2026-09-20_T+7_1789268425666_iu66,DEL-BLR,EaseMyTrip,QP,QP-1822,2026-09-20,T+7,12433,2729,15162,2026-09-13T02:39:04.512Z,FALSE,"",16:40,TRUE
fare_DEL-BLR_AI_2026-09-20_T+7_1789268425666_oiue,DEL-BLR,EaseMyTrip,AI,AI-2941,2026-09-20,T+7,12728,2794,15522,2026-09-13T02:39:04.512Z,FALSE,"",16:30,FALSE
fare_DEL-BLR_6E_2026-09-20_T+7_1789268425666_y9m1,DEL-BLR,EaseMyTrip,6E,6E-172,2026-09-20,T+7,12908,2834,15742,2026-09-13T02:39:04.512Z,FALSE,"",14:30,TRUE
fare_DEL-BLR_6E_2026-09-20_T+7_1789268425666_l7jn,DEL-BLR,EaseMyTrip,6E,6E-427,2026-09-20,T+7,12908,2834,15742,2026-09-13T02:39:04.512Z,FALSE,"",14:30,TRUE
fare_DEL-BLR_AI_2026-09-20_T+7_1789268425666_9kwo,DEL-BLR,EaseMyTrip,AI,AI-2973,2026-09-20,T+7,13109,2878,15987,2026-09-13T02:39:04.512Z,FALSE,"",20:50,FALSE
fare_DEL-BLR_6E_2026-09-20_T+7_1789268425666_sjgi,DEL-BLR,EaseMyTrip,6E,6E-936,2026-09-20,T+7,13122,2881,16003,2026-09-13T02:39:04.512Z,FALSE,"",16:20,FALSE
fare_DEL-BLR_6E_2026-09-20_T+7_1789268425666_ufha,DEL-BLR,EaseMyTrip,6E,6E-799,2026-09-20,T+7,13122,2881,16003,2026-09-13T02:39:04.512Z,FALSE,"",16:20,FALSE
fare_DEL-BLR_AI_2026-09-20_T+7_1789268425666_rzmv,DEL-BLR,EaseMyTrip,AI,AI-2817,2026-09-20,T+7,13304,2920,16224,2026-09-13T02:39:04.512Z,FALSE,"",16:30,TRUE
fare_DEL-BLR_AI_2026-09-20_T+7_1789268425666_a6qy,DEL-BLR,EaseMyTrip,AI,AI-2664,2026-09-20,T+7,13304,2920,16224,2026-09-13T02:39:04.512Z,FALSE,"",15:50,TRUE
fare_DEL-BLR_AI_2026-09-20_T+7_1789268425666_q6n2,DEL-BLR,EaseMyTrip,AI,AI-2415,2026-09-20,T+7,13304,2920,16224,2026-09-13T02:39:04.512Z,FALSE,"",09:30,TRUE
fare_DEL-BLR_AI_2026-09-20_T+7_1789268425666_0fot,DEL-BLR,EaseMyTrip,AI,AI-2819,2026-09-20,T+7,13534,2971,16505,2026-09-13T02:39:04.512Z,FALSE,"",15:00,TRUE
fare_DEL-BLR_IX_2026-09-20_T+7_1789268425666_rzcs,DEL-BLR,EaseMyTrip,IX,IX-1056,2026-09-20,T+7,13587,2982,16569,2026-09-13T02:39:04.512Z,FALSE,"",05:35,FALSE
fare_DEL-BLR_AI_2026-09-20_T+7_1789268425666_kfb6,DEL-BLR,EaseMyTrip,AI,AI-2975,2026-09-20,T+7,13610,2988,16598,2026-09-13T02:39:04.512Z,FALSE,"",06:30,FALSE
fare_DEL-BLR_6E_2026-09-20_T+7_1789268425666_tqji,DEL-BLR,EaseMyTrip,6E,6E-7628,2026-09-20,T+7,13659,2998,16657,2026-09-13T02:39:04.512Z,FALSE,"",15:05,FALSE
fare_DEL-BLR_QP_2026-09-20_T+7_1789268425666_9jsl,DEL-BLR,EaseMyTrip,QP,QP-1940,2026-09-20,T+7,13829,3036,16865,2026-09-13T02:39:04.512Z,FALSE,"",14:05,FALSE
fare_DEL-BLR_AI_2026-09-20_T+7_1789268425666_wih1,DEL-BLR,EaseMyTrip,AI,AI-2627,2026-09-20,T+7,14002,3073,17075,2026-09-13T02:39:04.512Z,FALSE,"",10:45,FALSE
fare_DEL-BLR_AI_2026-09-20_T+7_1789268425666_03cg,DEL-BLR,EaseMyTrip,AI,AI-1793,2026-09-20,T+7,14063,3087,17150,2026-09-13T02:39:04.512Z,FALSE,"",06:00,FALSE
fare_DEL-BLR_6E_2026-09-20_T+7_1789268425666_yhks,DEL-BLR,EaseMyTrip,6E,6E-828,2026-09-20,T+7,14067,3088,17155,2026-09-13T02:39:04.512Z,FALSE,"",18:00,FALSE
fare_DEL-BLR_6E_2026-09-20_T+7_1789268425666_jdzs,DEL-BLR,EaseMyTrip,6E,6E-870,2026-09-20,T+7,14067,3088,17155,2026-09-13T02:39:04.512Z,FALSE,"",18:00,FALSE
fare_DEL-BLR_IX_2026-09-20_T+7_1789268425666_h2ut,DEL-BLR,EaseMyTrip,IX,IX-1069,2026-09-20,T+7,16223,3561,19784,2026-09-13T02:39:04.512Z,FALSE,"",10:40,FALSE
fare_DEL-BLR_6E_2026-09-20_T+7_1789268425666_a3m6,DEL-BLR,EaseMyTrip,6E,6E-376,2026-09-20,T+7,14407,3162,17569,2026-09-13T02:39:04.512Z,FALSE,"",13:15,TRUE
fare_DEL-BLR_6E_2026-09-20_T+7_1789268425666_ysu7,DEL-BLR,EaseMyTrip,6E,6E-393,2026-09-20,T+7,14407,3162,17569,2026-09-13T02:39:04.512Z,FALSE,"",10:45,TRUE
fare_DEL-BLR_6E_2026-09-20_T+7_1789268425666_howl,DEL-BLR,EaseMyTrip,6E,6E-400,2026-09-20,T+7,14407,3162,17569,2026-09-13T02:39:04.512Z,FALSE,"",10:45,TRUE
fare_DEL-BLR_6E_2026-09-20_T+7_1789268425666_d0c0,DEL-BLR,EaseMyTrip,6E,6E-584,2026-09-20,T+7,14407,3162,17569,2026-09-13T02:39:04.512Z,FALSE,"",12:20,TRUE
fare_DEL-BLR_6E_2026-09-20_T+7_1789268425666_4sa4,DEL-BLR,EaseMyTrip,6E,6E-707,2026-09-20,T+7,14407,3162,17569,2026-09-13T02:39:04.512Z,FALSE,"",12:20,TRUE
fare_DEL-BLR_IX_2026-09-20_T+7_1789268425666_87ay,DEL-BLR,EaseMyTrip,IX,IX-1980,2026-09-20,T+7,14978,3288,18266,2026-09-13T02:39:04.512Z,FALSE,"",09:55,FALSE
fare_DEL-BLR_IX_2026-09-20_T+7_1789268425666_3xsy,DEL-BLR,EaseMyTrip,IX,IX-1012,2026-09-20,T+7,14978,3288,18266,2026-09-13T02:39:04.512Z,FALSE,"",06:40,FALSE
fare_DEL-BLR_AI_2026-09-20_T+7_1789268425666_c4z0,DEL-BLR,EaseMyTrip,AI,AI-1743,2026-09-20,T+7,14635,3213,17848,2026-09-13T02:39:04.512Z,FALSE,"",06:20,FALSE
fare_DEL-BLR_6E_2026-09-20_T+7_1789268425666_r9ri,DEL-BLR,EaseMyTrip,6E,6E-5038,2026-09-20,T+7,14755,3239,17994,2026-09-13T02:39:04.512Z,FALSE,"",14:00,FALSE
fare_DEL-BLR_IX_2026-09-20_T+7_1789268425666_ndrd,DEL-BLR,EaseMyTrip,IX,IX-1230,2026-09-20,T+7,17001,3732,20733,2026-09-13T02:39:04.512Z,FALSE,"",04:40,FALSE
fare_DEL-BLR_6E_2026-09-20_T+7_1789268425666_018q,DEL-BLR,EaseMyTrip,6E,6E-6488,2026-09-20,T+7,15166,3329,18495,2026-09-13T02:39:04.512Z,FALSE,"",11:20,FALSE
fare_DEL-BLR_6E_2026-09-20_T+7_1789268425666_o4z5,DEL-BLR,EaseMyTrip,6E,6E-2491,2026-09-20,T+7,15207,3338,18545,2026-09-13T02:39:04.512Z,FALSE,"",15:15,FALSE
fare_DEL-BLR_6E_2026-09-20_T+7_1789268425666_5pk9,DEL-BLR,EaseMyTrip,6E,6E-288,2026-09-20,T+7,15400,3381,18781,2026-09-13T02:39:04.512Z,FALSE,"",17:55,FALSE
fare_DEL-BLR_6E_2026-09-20_T+7_1789268425666_8vi8,DEL-BLR,EaseMyTrip,6E,6E-793,2026-09-20,T+7,15400,3381,18781,2026-09-13T02:39:04.512Z,FALSE,"",17:55,FALSE
fare_DEL-BLR_AI_2026-09-20_T+7_1789268425666_1my0,DEL-BLR,EaseMyTrip,AI,AI-2485,2026-09-20,T+7,15608,3426,19034,2026-09-13T02:39:04.512Z,FALSE,"",10:30,TRUE
fare_DEL-BLR_AI_2026-09-20_T+7_1789268425666_3ma0,DEL-BLR,EaseMyTrip,AI,AI-1702,2026-09-20,T+7,15641,3434,19075,2026-09-13T02:39:04.512Z,FALSE,"",18:30,FALSE
fare_DEL-BLR_6E_2026-09-20_T+7_1789268425666_e4do,DEL-BLR,EaseMyTrip,6E,6E-6459,2026-09-20,T+7,15504,3403,18907,2026-09-13T02:39:04.512Z,FALSE,"",05:55,FALSE
fare_DEL-BLR_6E_2026-09-20_T+7_1789268425666_5nhj,DEL-BLR,EaseMyTrip,6E,6E-611,2026-09-20,T+7,15649,3435,19084,2026-09-13T02:39:04.512Z,FALSE,"",16:10,FALSE
fare_DEL-BLR_6E_2026-09-20_T+7_1789268425666_gspn,DEL-BLR,EaseMyTrip,6E,6E-988,2026-09-20,T+7,15649,3435,19084,2026-09-13T02:39:04.512Z,FALSE,"",16:10,FALSE
fare_DEL-BLR_IX_2026-09-20_T+7_1789268425666_ybrk,DEL-BLR,EaseMyTrip,IX,IX-1812,2026-09-20,T+7,16329,3584,19913,2026-09-13T02:39:04.512Z,FALSE,"",11:15,FALSE
fare_DEL-BLR_6E_2026-09-20_T+7_1789268425666_q2d2,DEL-BLR,EaseMyTrip,6E,6E-6437,2026-09-20,T+7,15805,3469,19274,2026-09-13T02:39:04.512Z,FALSE,"",16:25,FALSE
fare_DEL-BLR_AI_2026-09-20_T+7_1789268425666_37lz,DEL-BLR,EaseMyTrip,AI,AI-2879,2026-09-20,T+7,16133,3541,19674,2026-09-13T02:39:04.512Z,FALSE,"",18:00,FALSE
fare_DEL-BLR_6E_2026-09-20_T+7_1789268425666_lguh,DEL-BLR,EaseMyTrip,6E,6E-552,2026-09-20,T+7,16124,3540,19664,2026-09-13T02:39:04.512Z,FALSE,"",12:15,FALSE
fare_DEL-BLR_6E_2026-09-20_T+7_1789268425666_j5ek,DEL-BLR,EaseMyTrip,6E,6E-962,2026-09-20,T+7,16124,3540,19664,2026-09-13T02:39:04.512Z,FALSE,"",12:15,FALSE
fare_DEL-BLR_6E_2026-09-20_T+7_1789268425666_qu34,DEL-BLR,EaseMyTrip,6E,6E-225,2026-09-20,T+7,16218,3560,19778,2026-09-13T02:39:04.512Z,FALSE,"",18:15,FALSE
fare_DEL-BLR_6E_2026-09-20_T+7_1789268425666_98vx,DEL-BLR,EaseMyTrip,6E,6E-7642,2026-09-20,T+7,16268,3571,19839,2026-09-13T02:39:04.512Z,FALSE,"",15:45,FALSE
fare_DEL-BLR_AI_2026-09-20_T+7_1789268425666_xe9q,DEL-BLR,EaseMyTrip,AI,AI-9757,2026-09-20,T+7,16616,3648,20264,2026-09-13T02:39:04.512Z,FALSE,"",11:50,FALSE
fare_DEL-BLR_IX_2026-09-20_T+7_1789268425666_83yf,DEL-BLR,EaseMyTrip,IX,IX-1346,2026-09-20,T+7,17089,3751,20840,2026-09-13T02:39:04.512Z,FALSE,"",06:10,FALSE
fare_DEL-BLR_6E_2026-09-20_T+7_1789268425666_q31v,DEL-BLR,EaseMyTrip,6E,6E-2364,2026-09-20,T+7,16648,3654,20302,2026-09-13T02:39:04.512Z,FALSE,"",04:50,FALSE
fare_DEL-BLR_AI_2026-09-20_T+7_1789268425666_zynx,DEL-BLR,EaseMyTrip,AI,AI-2515,2026-09-20,T+7,16906,3711,20617,2026-09-13T02:39:04.512Z,FALSE,"",12:10,FALSE
fare_DEL-BLR_AI_2026-09-20_T+7_1789268425666_3hw6,DEL-BLR,EaseMyTrip,AI,AI-2963,2026-09-20,T+7,17049,3742,20791,2026-09-13T02:39:04.512Z,FALSE,"",09:00,FALSE
fare_DEL-BLR_AI_2026-09-20_T+7_1789268425666_d5km,DEL-BLR,EaseMyTrip,AI,AI-2678,2026-09-20,T+7,17049,3742,20791,2026-09-13T02:39:04.512Z,FALSE,"",08:30,FALSE
fare_DEL-BLR_AI_2026-09-20_T+7_1789268425666_5m3r,DEL-BLR,EaseMyTrip,AI,AI-2705,2026-09-20,T+7,17651,3875,21526,2026-09-13T02:39:04.512Z,FALSE,"",07:30,FALSE
fare_DEL-BLR_6E_2026-09-20_T+7_1789268425666_di30,DEL-BLR,EaseMyTrip,6E,6E-6217,2026-09-20,T+7,17732,3892,21624,2026-09-13T02:39:04.512Z,FALSE,"",16:15,FALSE
fare_DEL-BLR_6E_2026-09-20_T+7_1789268425666_1zel,DEL-BLR,EaseMyTrip,6E,6E-6433,2026-09-20,T+7,17760,3899,21659,2026-09-13T02:39:04.512Z,FALSE,"",16:30,FALSE
fare_DEL-BLR_AI_2026-09-20_T+7_1789268425666_7j3n,DEL-BLR,EaseMyTrip,AI,AI-1785,2026-09-20,T+7,18061,3965,22026,2026-09-13T02:39:04.512Z,FALSE,"",12:00,FALSE
fare_DEL-BLR_6E_2026-09-20_T+7_1789268425666_gh5y,DEL-BLR,EaseMyTrip,6E,6E-5073,2026-09-20,T+7,18023,3956,21979,2026-09-13T02:39:04.512Z,FALSE,"",17:05,FALSE
fare_DEL-BLR_AI_2026-09-20_T+7_1789268425666_9gga,DEL-BLR,EaseMyTrip,AI,AI-2519,2026-09-20,T+7,18188,3993,22181,2026-09-13T02:39:04.512Z,FALSE,"",15:30,FALSE
fare_DEL-BLR_AI_2026-09-20_T+7_1789268425666_l67y,DEL-BLR,EaseMyTrip,AI,AI-2417,2026-09-20,T+7,18434,4047,22481,2026-09-13T02:39:04.512Z,FALSE,"",13:00,TRUE
fare_DEL-BLR_6E_2026-09-20_T+7_1789268425666_cege,DEL-BLR,EaseMyTrip,6E,6E-6091,2026-09-20,T+7,18786,4124,22910,2026-09-13T02:39:04.512Z,FALSE,"",15:15,FALSE
fare_DEL-BLR_AI_2026-09-20_T+7_1789268425666_itqa,DEL-BLR,EaseMyTrip,AI,AI-437,2026-09-20,T+7,19076,4187,23263,2026-09-13T02:39:04.512Z,FALSE,"",09:20,FALSE
fare_DEL-BLR_6E_2026-09-20_T+7_1789268425666_1jl6,DEL-BLR,EaseMyTrip,6E,6E-6293,2026-09-20,T+7,19072,4186,23258,2026-09-13T02:39:04.512Z,FALSE,"",09:55,FALSE
fare_DEL-BLR_AI_2026-09-20_T+7_1789268425666_p0cl,DEL-BLR,EaseMyTrip,AI,AI-441,2026-09-20,T+7,19307,4238,23545,2026-09-13T02:39:04.512Z,FALSE,"",17:00,FALSE
fare_DEL-BLR_AI_2026-09-20_T+7_1789268425666_znrw,DEL-BLR,EaseMyTrip,AI,AI-2458,2026-09-20,T+7,19525,4286,23811,2026-09-13T02:39:04.512Z,FALSE,"",11:55,FALSE
fare_DEL-BLR_6E_2026-09-20_T+7_1789268425666_s30q,DEL-BLR,EaseMyTrip,6E,6E-6282,2026-09-20,T+7,19368,4251,23619,2026-09-13T02:39:04.512Z,FALSE,"",13:30,FALSE
fare_DEL-BLR_AI_2026-09-20_T+7_1789268425666_0jdp,DEL-BLR,EaseMyTrip,AI,AI-1777,2026-09-20,T+7,19586,4299,23885,2026-09-13T02:39:04.512Z,FALSE,"",16:00,FALSE
fare_DEL-BLR_IX_2026-09-20_T+7_1789268425666_oqie,DEL-BLR,EaseMyTrip,IX,IX-1038,2026-09-20,T+7,20731,4551,25282,2026-09-13T02:39:04.512Z,FALSE,"",17:35,FALSE
fare_DEL-BLR_6E_2026-09-20_T+7_1789268425666_pg9w,DEL-BLR,EaseMyTrip,6E,6E-6212,2026-09-20,T+7,20197,4434,24631,2026-09-13T02:39:04.512Z,FALSE,"",14:45,FALSE
fare_DEL-BLR_IX_2026-09-20_T+7_1789268425666_mkbj,DEL-BLR,EaseMyTrip,IX,IX-1085,2026-09-20,T+7,21313,4679,25992,2026-09-13T02:39:04.512Z,FALSE,"",12:55,FALSE
fare_DEL-BLR_IX_2026-09-20_T+7_1789268425666_vke8,DEL-BLR,EaseMyTrip,IX,IX-1068,2026-09-20,T+7,22762,4996,27758,2026-09-13T02:39:04.512Z,FALSE,"",11:55,FALSE
fare_DEL-BLR_IX_2026-09-20_T+7_1789268425666_sdoz,DEL-BLR,EaseMyTrip,IX,IX-1783,2026-09-20,T+7,21659,4754,26413,2026-09-13T02:39:04.512Z,FALSE,"",07:20,FALSE
fare_DEL-BLR_IX_2026-09-20_T+7_1789268425666_9wey,DEL-BLR,EaseMyTrip,IX,IX-1032,2026-09-20,T+7,22442,4926,27368,2026-09-13T02:39:04.512Z,FALSE,"",05:45,FALSE
fare_DEL-BLR_AI_2026-09-20_T+7_1789268425666_l7ms,DEL-BLR,EaseMyTrip,AI,AI-2483,2026-09-20,T+7,22136,4859,26995,2026-09-13T02:39:04.512Z,FALSE,"",12:20,FALSE
fare_DEL-BLR_IX_2026-09-20_T+7_1789268425666_c1rl,DEL-BLR,EaseMyTrip,IX,IX-1461,2026-09-20,T+7,22374,4911,27285,2026-09-13T02:39:04.512Z,FALSE,"",05:35,FALSE
fare_DEL-BLR_IX_2026-09-20_T+7_1789268425666_x4zf,DEL-BLR,EaseMyTrip,IX,IX-1035,2026-09-20,T+7,23380,5132,28512,2026-09-13T02:39:04.512Z,FALSE,"",08:10,FALSE
fare_DEL-BLR_AI_2026-09-20_T+7_1789268425666_gt15,DEL-BLR,EaseMyTrip,AI,AI-2706,2026-09-20,T+7,25283,5550,30833,2026-09-13T02:39:04.512Z,FALSE,"",14:10,FALSE
fare_DEL-BOM_IX_2026-09-28_T+15_1789268425666_5kmy,DEL-BOM,EaseMyTrip,IX,IX-1038,2026-09-28,T+15,5354,1175,6529,2026-09-13T02:38:09.397Z,FALSE,"",17:35,TRUE
fare_DEL-BOM_IX_2026-09-28_T+15_1789268425666_qhjq,DEL-BOM,EaseMyTrip,IX,IX-1080,2026-09-28,T+15,5354,1175,6529,2026-09-13T02:38:09.397Z,FALSE,"",18:40,TRUE
fare_DEL-BOM_IX_2026-09-28_T+15_1789268425666_kx4f,DEL-BOM,EaseMyTrip,IX,IX-1056,2026-09-28,T+15,5484,1204,6688,2026-09-13T02:38:09.397Z,FALSE,"",05:35,TRUE
fare_DEL-BOM_IX_2026-09-28_T+15_1789268425666_qrdv,DEL-BOM,EaseMyTrip,IX,IX-1165,2026-09-28,T+15,5354,1175,6529,2026-09-13T02:38:09.397Z,FALSE,"",05:45,FALSE
fare_DEL-BOM_6E_2026-09-28_T+15_1789268425666_wz1q,DEL-BOM,EaseMyTrip,6E,6E-5096,2026-09-28,T+15,5282,1160,6442,2026-09-13T02:38:09.397Z,FALSE,"",17:00,TRUE
fare_DEL-BOM_QP_2026-09-28_T+15_1789268425666_brxr,DEL-BOM,EaseMyTrip,QP,QP-2074,2026-09-28,T+15,5330,1170,6500,2026-09-13T02:38:09.397Z,FALSE,"",14:10,TRUE
fare_DEL-BOM_6E_2026-09-28_T+15_1789268425666_rpi1,DEL-BOM,EaseMyTrip,6E,6E-388,2026-09-28,T+15,5355,1175,6530,2026-09-13T02:38:09.397Z,FALSE,"",20:00,TRUE
fare_DEL-BOM_6E_2026-09-28_T+15_1789268425666_w8bn,DEL-BOM,EaseMyTrip,6E,6E-274,2026-09-28,T+15,5355,1175,6530,2026-09-13T02:38:09.397Z,FALSE,"",20:00,TRUE
fare_DEL-BOM_QP_2026-09-28_T+15_1789268425666_746v,DEL-BOM,EaseMyTrip,QP,QP-1119,2026-09-28,T+15,5355,1175,6530,2026-09-13T02:38:09.397Z,FALSE,"",08:40,TRUE
fare_DEL-BOM_QP_2026-09-28_T+15_1789268425666_4zxa,DEL-BOM,EaseMyTrip,QP,QP-1110,2026-09-28,T+15,5355,1175,6530,2026-09-13T02:38:09.397Z,FALSE,"",10:30,TRUE
fare_DEL-BOM_QP_2026-09-28_T+15_1789268425666_nz4g,DEL-BOM,EaseMyTrip,QP,QP-1820,2026-09-28,T+15,5355,1175,6530,2026-09-13T02:38:09.397Z,FALSE,"",17:30,TRUE
fare_DEL-BOM_6E_2026-09-28_T+15_1789268425666_ali7,DEL-BOM,EaseMyTrip,6E,6E-605,2026-09-28,T+15,5355,1175,6530,2026-09-13T02:38:09.397Z,FALSE,"",18:00,TRUE
fare_DEL-BOM_6E_2026-09-28_T+15_1789268425666_3whn,DEL-BOM,EaseMyTrip,6E,6E-746,2026-09-28,T+15,5355,1175,6530,2026-09-13T02:38:09.397Z,FALSE,"",18:00,TRUE
fare_DEL-BOM_6E_2026-09-28_T+15_1789268425666_bnxn,DEL-BOM,EaseMyTrip,6E,6E-6706,2026-09-28,T+15,5355,1175,6530,2026-09-13T02:38:09.397Z,FALSE,"",17:00,TRUE
fare_DEL-BOM_6E_2026-09-28_T+15_1789268425666_798d,DEL-BOM,EaseMyTrip,6E,6E-241,2026-09-28,T+15,5355,1175,6530,2026-09-13T02:38:09.397Z,FALSE,"",15:30,TRUE
fare_DEL-BOM_6E_2026-09-28_T+15_1789268425666_1rfq,DEL-BOM,EaseMyTrip,6E,6E-759,2026-09-28,T+15,5355,1175,6530,2026-09-13T02:38:09.397Z,FALSE,"",15:30,TRUE
fare_DEL-BOM_6E_2026-09-28_T+15_1789268425666_n7gt,DEL-BOM,EaseMyTrip,6E,6E-6318,2026-09-28,T+15,5355,1175,6530,2026-09-13T02:38:09.397Z,FALSE,"",14:45,TRUE
fare_DEL-BOM_6E_2026-09-28_T+15_1789268425666_g6j9,DEL-BOM,EaseMyTrip,6E,6E-6047,2026-09-28,T+15,5355,1175,6530,2026-09-13T02:38:09.397Z,FALSE,"",11:00,TRUE
fare_DEL-BOM_QP_2026-09-28_T+15_1789268425666_uj81,DEL-BOM,EaseMyTrip,QP,QP-1833,2026-09-28,T+15,5355,1175,6530,2026-09-13T02:38:09.397Z,FALSE,"",06:50,TRUE
fare_DEL-BOM_QP_2026-09-28_T+15_1789268425666_ndec,DEL-BOM,EaseMyTrip,QP,QP-1112,2026-09-28,T+15,5355,1175,6530,2026-09-13T02:38:09.397Z,FALSE,"",09:20,TRUE
fare_DEL-BOM_QP_2026-09-28_T+15_1789268425666_6prz,DEL-BOM,EaseMyTrip,QP,QP-1128,2026-09-28,T+15,5355,1175,6530,2026-09-13T02:38:09.397Z,FALSE,"",16:00,TRUE
fare_DEL-BOM_6E_2026-09-28_T+15_1789268425666_tdql,DEL-BOM,EaseMyTrip,6E,6E-916,2026-09-28,T+15,5355,1175,6530,2026-09-13T02:38:09.397Z,FALSE,"",16:15,TRUE
fare_DEL-BOM_6E_2026-09-28_T+15_1789268425666_ydx1,DEL-BOM,EaseMyTrip,6E,6E-6328,2026-09-28,T+15,5355,1175,6530,2026-09-13T02:38:09.397Z,FALSE,"",10:15,TRUE
fare_DEL-BOM_QP_2026-09-28_T+15_1789268425666_80pe,DEL-BOM,EaseMyTrip,QP,QP-1836,2026-09-28,T+15,5355,1175,6530,2026-09-13T02:38:09.397Z,FALSE,"",12:30,TRUE
fare_DEL-BOM_QP_2026-09-28_T+15_1789268425666_4bos,DEL-BOM,EaseMyTrip,QP,QP-1826,2026-09-28,T+15,5355,1175,6530,2026-09-13T02:38:09.397Z,FALSE,"",19:55,TRUE
fare_DEL-BOM_6E_2026-09-28_T+15_1789268425666_9zo3,DEL-BOM,EaseMyTrip,6E,6E-942,2026-09-28,T+15,5355,1175,6530,2026-09-13T02:38:09.397Z,FALSE,"",19:00,TRUE
fare_DEL-BOM_6E_2026-09-28_T+15_1789268425666_agxv,DEL-BOM,EaseMyTrip,6E,6E-367,2026-09-28,T+15,5355,1175,6530,2026-09-13T02:38:09.397Z,FALSE,"",19:00,TRUE
fare_DEL-BOM_6E_2026-09-28_T+15_1789268425666_glpj,DEL-BOM,EaseMyTrip,6E,6E-6022,2026-09-28,T+15,5355,1175,6530,2026-09-13T02:38:09.397Z,FALSE,"",14:00,TRUE
fare_DEL-BOM_6E_2026-09-28_T+15_1789268425666_4c6s,DEL-BOM,EaseMyTrip,6E,6E-6107,2026-09-28,T+15,5355,1175,6530,2026-09-13T02:38:09.397Z,FALSE,"",09:30,TRUE
fare_DEL-BOM_6E_2026-09-28_T+15_1789268425666_ho3m,DEL-BOM,EaseMyTrip,6E,6E-6190,2026-09-28,T+15,5410,1188,6598,2026-09-13T02:38:09.397Z,FALSE,"",07:40,FALSE
fare_DEL-BOM_QP_2026-09-28_T+15_1789268425666_jkuu,DEL-BOM,EaseMyTrip,QP,QP-1940,2026-09-28,T+15,5427,1191,6618,2026-09-13T02:38:09.397Z,FALSE,"",14:05,TRUE
fare_DEL-BOM_6E_2026-09-28_T+15_1789268425666_inv5,DEL-BOM,EaseMyTrip,6E,6E-5014,2026-09-28,T+15,5427,1191,6618,2026-09-13T02:38:09.397Z,FALSE,"",18:30,FALSE
fare_DEL-BOM_6E_2026-09-28_T+15_1789268425666_0icm,DEL-BOM,EaseMyTrip,6E,6E-5119,2026-09-28,T+15,5427,1191,6618,2026-09-13T02:38:09.397Z,FALSE,"",05:10,FALSE
fare_DEL-BOM_6E_2026-09-28_T+15_1789268425666_onjg,DEL-BOM,EaseMyTrip,6E,6E-2383,2026-09-28,T+15,5427,1191,6618,2026-09-13T02:38:09.397Z,FALSE,"",05:40,FALSE
fare_DEL-BOM_6E_2026-09-28_T+15_1789268425666_338y,DEL-BOM,EaseMyTrip,6E,6E-2013,2026-09-28,T+15,5427,1191,6618,2026-09-13T02:38:09.397Z,FALSE,"",21:50,FALSE
fare_DEL-BOM_6E_2026-09-28_T+15_1789268425666_1rl9,DEL-BOM,EaseMyTrip,6E,6E-6983,2026-09-28,T+15,5427,1191,6618,2026-09-13T02:38:09.397Z,FALSE,"",15:35,FALSE
fare_DEL-BOM_6E_2026-09-28_T+15_1789268425666_aufd,DEL-BOM,EaseMyTrip,6E,6E-2331,2026-09-28,T+15,5427,1191,6618,2026-09-13T02:38:09.397Z,FALSE,"",12:20,FALSE
fare_DEL-BOM_AI_2026-09-28_T+15_1789268425666_tuqa,DEL-BOM,EaseMyTrip,AI,AI-2963,2026-09-28,T+15,5611,1232,6843,2026-09-13T02:38:09.397Z,FALSE,"",09:00,TRUE
fare_DEL-BOM_AI_2026-09-28_T+15_1789268425666_7hrw,DEL-BOM,EaseMyTrip,AI,AI-2425,2026-09-28,T+15,5611,1232,6843,2026-09-13T02:38:09.397Z,FALSE,"",10:30,TRUE
fare_DEL-BOM_AI_2026-09-28_T+15_1789268425666_dnb2,DEL-BOM,EaseMyTrip,AI,AI-2941,2026-09-28,T+15,5611,1232,6843,2026-09-13T02:38:09.397Z,FALSE,"",16:30,TRUE
fare_DEL-BOM_AI_2026-09-28_T+15_1789268425666_dd45,DEL-BOM,EaseMyTrip,AI,AI-2943,2026-09-28,T+15,5611,1232,6843,2026-09-13T02:38:09.397Z,FALSE,"",07:30,TRUE
fare_DEL-BOM_AI_2026-09-28_T+15_1789268425666_o0ki,DEL-BOM,EaseMyTrip,AI,AI-2995,2026-09-28,T+15,5611,1232,6843,2026-09-13T02:38:09.397Z,FALSE,"",10:00,TRUE
fare_DEL-BOM_AI_2026-09-28_T+15_1789268425666_9yaw,DEL-BOM,EaseMyTrip,AI,AI-2945,2026-09-28,T+15,5611,1232,6843,2026-09-13T02:38:09.397Z,FALSE,"",11:00,TRUE
fare_DEL-BOM_AI_2026-09-28_T+15_1789268425666_5mlj,DEL-BOM,EaseMyTrip,AI,AI-1777,2026-09-28,T+15,5611,1232,6843,2026-09-13T02:38:09.397Z,FALSE,"",16:00,TRUE
fare_DEL-BOM_AI_2026-09-28_T+15_1789268425666_y1f2,DEL-BOM,EaseMyTrip,AI,AI-441,2026-09-28,T+15,5611,1232,6843,2026-09-13T02:38:09.397Z,FALSE,"",17:00,TRUE
fare_DEL-BOM_AI_2026-09-28_T+15_1789268425666_0kgy,DEL-BOM,EaseMyTrip,AI,AI-2955,2026-09-28,T+15,5611,1232,6843,2026-09-13T02:38:09.397Z,FALSE,"",18:00,TRUE
fare_DEL-BOM_AI_2026-09-28_T+15_1789268425666_2cas,DEL-BOM,EaseMyTrip,AI,AI-2977,2026-09-28,T+15,5611,1232,6843,2026-09-13T02:38:09.397Z,FALSE,"",19:00,TRUE
fare_DEL-BOM_AI_2026-09-28_T+15_1789268425666_4elx,DEL-BOM,EaseMyTrip,AI,AI-2985,2026-09-28,T+15,5611,1232,6843,2026-09-13T02:38:09.397Z,FALSE,"",19:30,TRUE
fare_DEL-BOM_AI_2026-09-28_T+15_1789268425666_kizx,DEL-BOM,EaseMyTrip,AI,AI-2805,2026-09-28,T+15,5611,1232,6843,2026-09-13T02:38:09.397Z,FALSE,"",20:00,TRUE
fare_DEL-BOM_AI_2026-09-28_T+15_1789268425666_jtyn,DEL-BOM,EaseMyTrip,AI,AI-2927,2026-09-28,T+15,5611,1232,6843,2026-09-13T02:38:09.397Z,FALSE,"",09:30,TRUE
fare_DEL-BOM_AI_2026-09-28_T+15_1789268425666_2jk5,DEL-BOM,EaseMyTrip,AI,AI-2957,2026-09-28,T+15,5611,1232,6843,2026-09-13T02:38:09.397Z,FALSE,"",20:30,TRUE
fare_DEL-BOM_AI_2026-09-28_T+15_1789268425666_2mbx,DEL-BOM,EaseMyTrip,AI,AI-1780,2026-09-28,T+15,5611,1232,6843,2026-09-13T02:38:09.397Z,FALSE,"",16:10,TRUE
fare_DEL-BOM_6E_2026-09-28_T+15_1789268425666_wz3k,DEL-BOM,EaseMyTrip,6E,6E-6676,2026-09-28,T+15,5484,1204,6688,2026-09-13T02:38:09.397Z,FALSE,"",12:00,TRUE
fare_DEL-BOM_6E_2026-09-28_T+15_1789268425666_0hf8,DEL-BOM,EaseMyTrip,6E,6E-791,2026-09-28,T+15,5484,1204,6688,2026-09-13T02:38:09.397Z,FALSE,"",05:00,TRUE
fare_DEL-BOM_6E_2026-09-28_T+15_1789268425666_itde,DEL-BOM,EaseMyTrip,6E,6E-389,2026-09-28,T+15,5484,1204,6688,2026-09-13T02:38:09.397Z,FALSE,"",05:00,TRUE
fare_DEL-BOM_6E_2026-09-28_T+15_1789268425666_az3s,DEL-BOM,EaseMyTrip,6E,6E-237,2026-09-28,T+15,5484,1204,6688,2026-09-13T02:38:09.397Z,FALSE,"",08:45,TRUE
fare_DEL-BOM_6E_2026-09-28_T+15_1789268425666_f8w9,DEL-BOM,EaseMyTrip,6E,6E-952,2026-09-28,T+15,5484,1204,6688,2026-09-13T02:38:09.397Z,FALSE,"",08:45,TRUE
fare_DEL-BOM_6E_2026-09-28_T+15_1789268425666_puuh,DEL-BOM,EaseMyTrip,6E,6E-6490,2026-09-28,T+15,5518,1211,6729,2026-09-13T02:38:09.397Z,FALSE,"",04:55,FALSE
fare_DEL-BOM_6E_2026-09-28_T+15_1789268425666_vkxe,DEL-BOM,EaseMyTrip,6E,6E-983,2026-09-28,T+15,5526,1213,6739,2026-09-13T02:38:09.397Z,FALSE,"",20:20,TRUE
fare_DEL-BOM_6E_2026-09-28_T+15_1789268425666_xv1s,DEL-BOM,EaseMyTrip,6E,6E-634,2026-09-28,T+15,5526,1213,6739,2026-09-13T02:38:09.397Z,FALSE,"",20:20,TRUE
fare_DEL-BOM_6E_2026-09-28_T+15_1789268425666_3lb4,DEL-BOM,EaseMyTrip,6E,6E-6470,2026-09-28,T+15,5526,1213,6739,2026-09-13T02:38:09.397Z,FALSE,"",06:55,TRUE
fare_DEL-BOM_6E_2026-09-28_T+15_1789268425666_e6og,DEL-BOM,EaseMyTrip,6E,6E-2169,2026-09-28,T+15,5535,1215,6750,2026-09-13T02:38:09.397Z,FALSE,"",19:40,FALSE
fare_DEL-BOM_6E_2026-09-28_T+15_1789268425666_ne2p,DEL-BOM,EaseMyTrip,6E,6E-2249,2026-09-28,T+15,5535,1215,6750,2026-09-13T02:38:09.397Z,FALSE,"",15:00,FALSE
fare_DEL-BOM_6E_2026-09-28_T+15_1789268425666_lkkl,DEL-BOM,EaseMyTrip,6E,6E-6829,2026-09-28,T+15,5535,1215,6750,2026-09-13T02:38:09.397Z,FALSE,"",17:20,FALSE
fare_DEL-BOM_6E_2026-09-28_T+15_1789268425666_otfy,DEL-BOM,EaseMyTrip,6E,6E-6443,2026-09-28,T+15,5535,1215,6750,2026-09-13T02:38:09.397Z,FALSE,"",09:00,FALSE
fare_DEL-BOM_6E_2026-09-28_T+15_1789268425666_7ubs,DEL-BOM,EaseMyTrip,6E,6E-6459,2026-09-28,T+15,5535,1215,6750,2026-09-13T02:38:09.397Z,FALSE,"",05:55,FALSE
fare_DEL-BOM_6E_2026-09-28_T+15_1789268425666_zj7w,DEL-BOM,EaseMyTrip,6E,6E-6433,2026-09-28,T+15,5535,1215,6750,2026-09-13T02:38:09.397Z,FALSE,"",16:30,FALSE
fare_DEL-BOM_6E_2026-09-28_T+15_1789268425666_xcq4,DEL-BOM,EaseMyTrip,6E,6E-6569,2026-09-28,T+15,5535,1215,6750,2026-09-13T02:38:09.397Z,FALSE,"",05:00,FALSE
fare_DEL-BOM_6E_2026-09-28_T+15_1789268425666_gqq3,DEL-BOM,EaseMyTrip,6E,6E-5198,2026-09-28,T+15,5556,1220,6776,2026-09-13T02:38:09.397Z,FALSE,"",15:00,TRUE
fare_DEL-BOM_AI_2026-09-28_T+15_1789268425666_azt6,DEL-BOM,EaseMyTrip,AI,AI-2678,2026-09-28,T+15,5741,1260,7001,2026-09-13T02:38:09.397Z,FALSE,"",08:30,TRUE
fare_DEL-BOM_6E_2026-09-28_T+15_1789268425666_y37f,DEL-BOM,EaseMyTrip,6E,6E-6479,2026-09-28,T+15,5599,1229,6828,2026-09-13T02:38:09.397Z,FALSE,"",21:25,FALSE
fare_DEL-BOM_6E_2026-09-28_T+15_1789268425666_7lb1,DEL-BOM,EaseMyTrip,6E,6E-5206,2026-09-28,T+15,5599,1229,6828,2026-09-13T02:38:09.397Z,FALSE,"",13:20,FALSE
fare_DEL-BOM_6E_2026-09-28_T+15_1789268425666_77we,DEL-BOM,EaseMyTrip,6E,6E-6050,2026-09-28,T+15,5599,1229,6828,2026-09-13T02:38:09.397Z,FALSE,"",08:15,FALSE
fare_DEL-BOM_6E_2026-09-28_T+15_1789268425666_5ynk,DEL-BOM,EaseMyTrip,6E,6E-5038,2026-09-28,T+15,5599,1229,6828,2026-09-13T02:38:09.397Z,FALSE,"",14:00,FALSE
fare_DEL-BOM_IX_2026-09-28_T+15_1789268425666_q8fx,DEL-BOM,EaseMyTrip,IX,IX-1235,2026-09-28,T+15,6161,1352,7513,2026-09-13T02:38:09.397Z,FALSE,"",23:25,TRUE
fare_DEL-BOM_6E_2026-09-28_T+15_1789268425666_r7ru,DEL-BOM,EaseMyTrip,6E,6E-6218,2026-09-28,T+15,5656,1242,6898,2026-09-13T02:38:09.397Z,FALSE,"",06:05,TRUE
fare_DEL-BOM_6E_2026-09-28_T+15_1789268425666_hkv3,DEL-BOM,EaseMyTrip,6E,6E-6601,2026-09-28,T+15,5707,1253,6960,2026-09-13T02:38:09.397Z,FALSE,"",19:45,FALSE
fare_DEL-BOM_6E_2026-09-28_T+15_1789268425666_9p3p,DEL-BOM,EaseMyTrip,6E,6E-6282,2026-09-28,T+15,5707,1253,6960,2026-09-13T02:38:09.397Z,FALSE,"",13:30,FALSE
fare_DEL-BOM_6E_2026-09-28_T+15_1789268425666_jvcm,DEL-BOM,EaseMyTrip,6E,6E-263,2026-09-28,T+15,5707,1253,6960,2026-09-13T02:38:09.397Z,FALSE,"",23:15,FALSE
fare_DEL-BOM_6E_2026-09-28_T+15_1789268425666_4o8w,DEL-BOM,EaseMyTrip,6E,6E-828,2026-09-28,T+15,5707,1253,6960,2026-09-13T02:38:09.397Z,FALSE,"",23:15,FALSE
fare_DEL-BOM_6E_2026-09-28_T+15_1789268425666_yxm3,DEL-BOM,EaseMyTrip,6E,6E-878,2026-09-28,T+15,5707,1253,6960,2026-09-13T02:38:09.397Z,FALSE,"",02:25,FALSE
fare_DEL-BOM_6E_2026-09-28_T+15_1789268425666_rmcg,DEL-BOM,EaseMyTrip,6E,6E-6212,2026-09-28,T+15,5707,1253,6960,2026-09-13T02:38:09.397Z,FALSE,"",14:45,FALSE
fare_DEL-BOM_6E_2026-09-28_T+15_1789268425666_bd37,DEL-BOM,EaseMyTrip,6E,6E-6293,2026-09-28,T+15,5707,1253,6960,2026-09-13T02:38:09.397Z,FALSE,"",09:55,FALSE
fare_DEL-BOM_6E_2026-09-28_T+15_1789268425666_viar,DEL-BOM,EaseMyTrip,6E,6E-6497,2026-09-28,T+15,5707,1253,6960,2026-09-13T02:38:09.397Z,FALSE,"",18:40,FALSE
fare_DEL-BOM_AI_2026-09-28_T+15_1789268425666_4n0r,DEL-BOM,EaseMyTrip,AI,AI-2975,2026-09-28,T+15,5913,1298,7211,2026-09-13T02:38:09.397Z,FALSE,"",06:30,TRUE
fare_DEL-BOM_AI_2026-09-28_T+15_1789268425666_12jd,DEL-BOM,EaseMyTrip,AI,AI-2981,2026-09-28,T+15,5913,1298,7211,2026-09-13T02:38:09.397Z,FALSE,"",21:00,TRUE
fare_DEL-BOM_AI_2026-09-28_T+15_1789268425666_buk7,DEL-BOM,EaseMyTrip,AI,AI-2933,2026-09-28,T+15,5913,1298,7211,2026-09-13T02:38:09.397Z,FALSE,"",15:30,TRUE
fare_DEL-BOM_6E_2026-09-28_T+15_1789268425666_wyya,DEL-BOM,EaseMyTrip,6E,6E-578,2026-09-28,T+15,5771,1267,7038,2026-09-13T02:38:09.397Z,FALSE,"",12:15,FALSE
fare_DEL-BOM_6E_2026-09-28_T+15_1789268425666_usgs,DEL-BOM,EaseMyTrip,6E,6E-326,2026-09-28,T+15,5771,1267,7038,2026-09-13T02:38:09.397Z,FALSE,"",12:15,FALSE
fare_DEL-BOM_6E_2026-09-28_T+15_1789268425666_vhu1,DEL-BOM,EaseMyTrip,6E,6E-594,2026-09-28,T+15,5771,1267,7038,2026-09-13T02:38:09.397Z,FALSE,"",19:30,FALSE
fare_DEL-BOM_6E_2026-09-28_T+15_1789268425666_hyrb,DEL-BOM,EaseMyTrip,6E,6E-250,2026-09-28,T+15,5771,1267,7038,2026-09-13T02:38:09.397Z,FALSE,"",19:30,FALSE
fare_DEL-BOM_6E_2026-09-28_T+15_1789268425666_29yc,DEL-BOM,EaseMyTrip,6E,6E-2076,2026-09-28,T+15,5856,1286,7142,2026-09-13T02:38:09.397Z,FALSE,"",07:30,FALSE
fare_DEL-BOM_6E_2026-09-28_T+15_1789268425666_l16s,DEL-BOM,EaseMyTrip,6E,6E-684,2026-09-28,T+15,5856,1286,7142,2026-09-13T02:38:09.397Z,FALSE,"",19:35,FALSE
fare_DEL-BOM_6E_2026-09-28_T+15_1789268425666_58w4,DEL-BOM,EaseMyTrip,6E,6E-321,2026-09-28,T+15,5856,1286,7142,2026-09-13T02:38:09.397Z,FALSE,"",19:35,FALSE
fare_DEL-BOM_6E_2026-09-28_T+15_1789268425666_5i4y,DEL-BOM,EaseMyTrip,6E,6E-100,2026-09-28,T+15,5871,1289,7160,2026-09-13T02:38:09.397Z,FALSE,"",13:00,TRUE
fare_DEL-BOM_6E_2026-09-28_T+15_1789268425666_jrl9,DEL-BOM,EaseMyTrip,6E,6E-173,2026-09-28,T+15,5871,1289,7160,2026-09-13T02:38:09.397Z,FALSE,"",13:00,TRUE
fare_DEL-BOM_6E_2026-09-28_T+15_1789268425666_k9gr,DEL-BOM,EaseMyTrip,6E,6E-465,2026-09-28,T+15,5871,1289,7160,2026-09-13T02:38:09.397Z,FALSE,"",20:45,TRUE
fare_DEL-BOM_6E_2026-09-28_T+15_1789268425666_5acg,DEL-BOM,EaseMyTrip,6E,6E-701,2026-09-28,T+15,5871,1289,7160,2026-09-13T02:38:09.397Z,FALSE,"",20:45,TRUE
fare_DEL-BOM_6E_2026-09-28_T+15_1789268425666_qz8c,DEL-BOM,EaseMyTrip,6E,6E-6814,2026-09-28,T+15,5871,1289,7160,2026-09-13T02:38:09.397Z,FALSE,"",07:15,TRUE
fare_DEL-BOM_6E_2026-09-28_T+15_1789268425666_gxmg,DEL-BOM,EaseMyTrip,6E,6E-302,2026-09-28,T+15,5871,1289,7160,2026-09-13T02:38:09.397Z,FALSE,"",08:00,TRUE
fare_DEL-BOM_6E_2026-09-28_T+15_1789268425666_e07x,DEL-BOM,EaseMyTrip,6E,6E-491,2026-09-28,T+15,5871,1289,7160,2026-09-13T02:38:09.397Z,FALSE,"",08:00,TRUE
fare_DEL-BOM_AI_2026-09-28_T+15_1789268425666_z6og,DEL-BOM,EaseMyTrip,AI,AI-2429,2026-09-28,T+15,6061,1330,7391,2026-09-13T02:38:09.397Z,FALSE,"",07:00,TRUE
fare_DEL-BOM_AI_2026-09-28_T+15_1789268425666_3x4q,DEL-BOM,EaseMyTrip,AI,AI-1745,2026-09-28,T+15,6128,1345,7473,2026-09-13T02:38:09.397Z,FALSE,"",05:00,TRUE
fare_DEL-BOM_AI_2026-09-28_T+15_1789268425666_qttu,DEL-BOM,EaseMyTrip,AI,AI-2433,2026-09-28,T+15,6128,1345,7473,2026-09-13T02:38:09.397Z,FALSE,"",21:30,TRUE
fare_DEL-BOM_6E_2026-09-28_T+15_1789268425666_gopl,DEL-BOM,EaseMyTrip,6E,6E-139,2026-09-28,T+15,6130,1345,7475,2026-09-13T02:38:09.397Z,FALSE,"",23:30,TRUE
fare_DEL-BOM_6E_2026-09-28_T+15_1789268425666_s0rw,DEL-BOM,EaseMyTrip,6E,6E-555,2026-09-28,T+15,6130,1345,7475,2026-09-13T02:38:09.397Z,FALSE,"",23:30,TRUE
fare_DEL-BOM_6E_2026-09-28_T+15_1789268425666_rqvb,DEL-BOM,EaseMyTrip,6E,6E-6114,2026-09-28,T+15,6130,1345,7475,2026-09-13T02:38:09.397Z,FALSE,"",22:45,TRUE
fare_DEL-BOM_6E_2026-09-28_T+15_1789268425666_wtef,DEL-BOM,EaseMyTrip,6E,6E-601,2026-09-28,T+15,6130,1345,7475,2026-09-13T02:38:09.397Z,FALSE,"",21:45,TRUE
fare_DEL-BOM_6E_2026-09-28_T+15_1789268425666_xy4t,DEL-BOM,EaseMyTrip,6E,6E-216,2026-09-28,T+15,6130,1345,7475,2026-09-13T02:38:09.397Z,FALSE,"",21:45,TRUE
fare_DEL-BOM_AI_2026-09-28_T+15_1789268425666_uumm,DEL-BOM,EaseMyTrip,AI,AI-2439,2026-09-28,T+15,6386,1402,7788,2026-09-13T02:38:09.397Z,FALSE,"",23:00,TRUE
fare_DEL-BOM_6E_2026-09-28_T+15_1789268425666_68kb,DEL-BOM,EaseMyTrip,6E,6E-7646,2026-09-28,T+15,6245,1371,7616,2026-09-13T02:38:09.397Z,FALSE,"",06:15,FALSE
fare_DEL-BOM_6E_2026-09-28_T+15_1789268425666_9gsx,DEL-BOM,EaseMyTrip,6E,6E-989,2026-09-28,T+15,6268,1376,7644,2026-09-13T02:38:09.397Z,FALSE,"",10:00,FALSE
fare_DEL-BOM_6E_2026-09-28_T+15_1789268425666_gjd5,DEL-BOM,EaseMyTrip,6E,6E-529,2026-09-28,T+15,6268,1376,7644,2026-09-13T02:38:09.397Z,FALSE,"",10:00,FALSE
fare_DEL-BOM_6E_2026-09-28_T+15_1789268425666_hojr,DEL-BOM,EaseMyTrip,6E,6E-6261,2026-09-28,T+15,6329,1389,7718,2026-09-13T02:38:09.397Z,FALSE,"",00:15,FALSE
fare_DEL-BOM_6E_2026-09-28_T+15_1789268425666_gjzw,DEL-BOM,EaseMyTrip,6E,6E-2571,2026-09-28,T+15,6331,1390,7721,2026-09-13T02:38:09.397Z,FALSE,"",12:30,FALSE
fare_DEL-BOM_AI_2026-09-28_T+15_1789268425666_j9t2,DEL-BOM,EaseMyTrip,AI,AI-2951,2026-09-28,T+15,6644,1459,8103,2026-09-13T02:38:09.397Z,FALSE,"",13:30,TRUE
fare_DEL-BOM_6E_2026-09-28_T+15_1789268425666_bfio,DEL-BOM,EaseMyTrip,6E,6E-7626,2026-09-28,T+15,6790,1490,8280,2026-09-13T02:38:09.397Z,FALSE,"",10:30,FALSE
fare_DEL-BOM_IX_2026-09-28_T+15_1789268425666_2grn,DEL-BOM,EaseMyTrip,IX,IX-1754,2026-09-28,T+15,7486,1643,9129,2026-09-13T02:38:09.397Z,FALSE,"",09:35,FALSE
fare_DEL-BOM_6E_2026-09-28_T+15_1789268425666_1zk2,DEL-BOM,EaseMyTrip,6E,6E-5138,2026-09-28,T+15,6955,1527,8482,2026-09-13T02:38:09.397Z,FALSE,"",19:10,FALSE
fare_DEL-BOM_6E_2026-09-28_T+15_1789268425666_hj9g,DEL-BOM,EaseMyTrip,6E,6E-2341,2026-09-28,T+15,7306,1604,8910,2026-09-13T02:38:09.397Z,FALSE,"",14:50,FALSE
fare_DEL-BOM_6E_2026-09-28_T+15_1789268425666_8w3v,DEL-BOM,EaseMyTrip,6E,6E-5073,2026-09-28,T+15,7419,1628,9047,2026-09-13T02:38:09.397Z,FALSE,"",17:05,FALSE
fare_DEL-BOM_IX_2026-09-28_T+15_1789268425666_jiya,DEL-BOM,EaseMyTrip,IX,IX-1392,2026-09-28,T+15,7750,1701,9451,2026-09-13T02:38:09.397Z,FALSE,"",23:25,FALSE
fare_DEL-BOM_IX_2026-09-28_T+15_1789268425666_f4ys,DEL-BOM,EaseMyTrip,IX,IX-1003,2026-09-28,T+15,8142,1787,9929,2026-09-13T02:38:09.397Z,FALSE,"",19:10,FALSE
fare_DEL-BOM_6E_2026-09-28_T+15_1789268425666_zs10,DEL-BOM,EaseMyTrip,6E,6E-2381,2026-09-28,T+15,8325,1828,10153,2026-09-13T02:38:09.397Z,FALSE,"",13:45,FALSE
fare_DEL-BOM_AI_2026-09-28_T+15_1789268425666_if2v,DEL-BOM,EaseMyTrip,AI,AI-1705,2026-09-28,T+15,8922,1959,10881,2026-09-13T02:38:09.397Z,FALSE,"",06:30,FALSE
fare_DEL-BOM_IX_2026-09-28_T+15_1789268425666_edjc,DEL-BOM,EaseMyTrip,IX,IX-1049,2026-09-28,T+15,10409,2285,12694,2026-09-13T02:38:09.397Z,TRUE,"High outlier: ₹12694 > upper fence ₹12638 (Q3: ₹9068, IQR: ₹2380)",18:40,FALSE
fare_DEL-BOM_6E_2026-09-28_T+15_1789268425666_srgv,DEL-BOM,EaseMyTrip,6E,6E-7642,2026-09-28,T+15,8931,1961,10892,2026-09-13T02:38:09.397Z,FALSE,"",15:45,FALSE
fare_DEL-BOM_AI_2026-09-28_T+15_1789268425666_52n9,DEL-BOM,EaseMyTrip,AI,AI-9757,2026-09-28,T+15,9509,2087,11596,2026-09-13T02:38:09.397Z,FALSE,"",11:50,FALSE
fare_DEL-BOM_AI_2026-09-28_T+15_1789268425666_k26n,DEL-BOM,EaseMyTrip,AI,AI-9759,2026-09-28,T+15,9509,2087,11596,2026-09-13T02:38:09.397Z,FALSE,"",05:45,FALSE
fare_DEL-BOM_AI_2026-09-28_T+15_1789268425666_sja3,DEL-BOM,EaseMyTrip,AI,AI-2499,2026-09-28,T+15,9768,2144,11912,2026-09-13T02:38:09.397Z,FALSE,"",05:55,FALSE
fare_DEL-BOM_AI_2026-09-28_T+15_1789268425666_q4cc,DEL-BOM,EaseMyTrip,AI,AI-9674,2026-09-28,T+15,10073,2211,12284,2026-09-13T02:38:09.397Z,FALSE,"",16:35,FALSE
fare_DEL-BOM_IX_2026-09-28_T+15_1789268425666_hp3o,DEL-BOM,EaseMyTrip,IX,IX-1082,2026-09-28,T+15,12596,2765,15361,2026-09-13T02:38:09.397Z,TRUE,"High outlier: ₹15361 > upper fence ₹12638 (Q3: ₹9068, IQR: ₹2380)",21:25,FALSE
fare_DEL-BOM_IX_2026-09-28_T+15_1789268425666_2s94,DEL-BOM,EaseMyTrip,IX,IX-1817,2026-09-28,T+15,12596,2765,15361,2026-09-13T02:38:09.397Z,TRUE,"High outlier: ₹15361 > upper fence ₹12638 (Q3: ₹9068, IQR: ₹2380)",19:30,FALSE
fare_DEL-BOM_AI_2026-09-28_T+15_1789268425666_2gm0,DEL-BOM,EaseMyTrip,AI,AI-2715,2026-09-28,T+15,11100,2436,13536,2026-09-13T02:38:09.397Z,TRUE,"High outlier: ₹13536 > upper fence ₹12638 (Q3: ₹9068, IQR: ₹2380)",11:40,FALSE
fare_DEL-BOM_AI_2026-09-28_T+15_1789268425666_sm95,DEL-BOM,EaseMyTrip,AI,AI-2959,2026-09-28,T+15,11100,2436,13536,2026-09-13T02:38:09.397Z,TRUE,"High outlier: ₹13536 > upper fence ₹12638 (Q3: ₹9068, IQR: ₹2380)",07:10,FALSE
fare_DEL-BOM_6E_2026-09-28_T+15_1789268425666_acq3,DEL-BOM,EaseMyTrip,6E,6E-193,2026-09-28,T+15,11005,2416,13421,2026-09-13T02:38:09.397Z,TRUE,"High outlier: ₹13421 > upper fence ₹12638 (Q3: ₹9068, IQR: ₹2380)",08:30,FALSE
fare_DEL-BOM_6E_2026-09-28_T+15_1789268425666_yo7b,DEL-BOM,EaseMyTrip,6E,6E-687,2026-09-28,T+15,11005,2416,13421,2026-09-13T02:38:09.397Z,TRUE,"High outlier: ₹13421 > upper fence ₹12638 (Q3: ₹9068, IQR: ₹2380)",08:30,FALSE
fare_DEL-BOM_AI_2026-09-28_T+15_1789268425666_eyck,DEL-BOM,EaseMyTrip,AI,AI-809,2026-09-28,T+15,11187,2456,13643,2026-09-13T02:38:09.397Z,TRUE,"High outlier: ₹13643 > upper fence ₹12638 (Q3: ₹9068, IQR: ₹2380)",17:40,FALSE
fare_DEL-BOM_AI_2026-09-28_T+15_1789268425666_6wxy,DEL-BOM,EaseMyTrip,AI,AI-881,2026-09-28,T+15,11187,2456,13643,2026-09-13T02:38:09.397Z,TRUE,"High outlier: ₹13643 > upper fence ₹12638 (Q3: ₹9068, IQR: ₹2380)",13:35,FALSE
fare_DEL-BOM_AI_2026-09-28_T+15_1789268425666_yn44,DEL-BOM,EaseMyTrip,AI,AI-423,2026-09-28,T+15,11187,2456,13643,2026-09-13T02:38:09.397Z,TRUE,"High outlier: ₹13643 > upper fence ₹12638 (Q3: ₹9068, IQR: ₹2380)",09:30,FALSE
fare_DEL-BOM_AI_2026-09-28_T+15_1789268425666_emz1,DEL-BOM,EaseMyTrip,AI,AI-817,2026-09-28,T+15,11373,2496,13869,2026-09-13T02:38:09.397Z,TRUE,"High outlier: ₹13869 > upper fence ₹12638 (Q3: ₹9068, IQR: ₹2380)",05:55,FALSE
fare_DEL-BOM_IX_2026-09-28_T+15_1789268425666_n4xg,DEL-BOM,EaseMyTrip,IX,IX-1068,2026-09-28,T+15,13221,2902,16123,2026-09-13T02:38:09.397Z,TRUE,"High outlier: ₹16123 > upper fence ₹12638 (Q3: ₹9068, IQR: ₹2380)",11:55,FALSE
fare_DEL-BOM_IX_2026-09-28_T+15_1789268425666_ntq1,DEL-BOM,EaseMyTrip,IX,IX-1108,2026-09-28,T+15,13221,2902,16123,2026-09-13T02:38:09.397Z,TRUE,"High outlier: ₹16123 > upper fence ₹12638 (Q3: ₹9068, IQR: ₹2380)",05:00,FALSE
fare_DEL-BOM_6E_2026-09-28_T+15_1789268425666_jmtk,DEL-BOM,EaseMyTrip,6E,6E-5298,2026-09-28,T+15,12422,2727,15149,2026-09-13T02:38:09.397Z,TRUE,"High outlier: ₹15149 > upper fence ₹12638 (Q3: ₹9068, IQR: ₹2380)",09:00,FALSE
fare_DEL-BOM_AI_2026-09-28_T+15_1789268425666_zx1y,DEL-BOM,EaseMyTrip,AI,AI-1743,2026-09-28,T+15,12850,2821,15671,2026-09-13T02:38:09.397Z,TRUE,"High outlier: ₹15671 > upper fence ₹12638 (Q3: ₹9068, IQR: ₹2380)",06:20,FALSE
fare_DEL-BOM_AI_2026-09-28_T+15_1789268425666_g2dq,DEL-BOM,EaseMyTrip,AI,AI-2601,2026-09-28,T+15,12850,2821,15671,2026-09-13T02:38:09.397Z,TRUE,"High outlier: ₹15671 > upper fence ₹12638 (Q3: ₹9068, IQR: ₹2380)",17:00,FALSE
fare_DEL-BOM_IX_2026-09-28_T+15_1789268425666_3q94,DEL-BOM,EaseMyTrip,IX,IX-1059,2026-09-28,T+15,14479,3178,17657,2026-09-13T02:38:09.397Z,TRUE,"High outlier: ₹17657 > upper fence ₹12638 (Q3: ₹9068, IQR: ₹2380)",12:15,FALSE
fare_DEL-BOM_IX_2026-09-28_T+15_1789268425666_2w8v,DEL-BOM,EaseMyTrip,IX,IX-1783,2026-09-28,T+15,14479,3178,17657,2026-09-13T02:38:09.397Z,TRUE,"High outlier: ₹17657 > upper fence ₹12638 (Q3: ₹9068, IQR: ₹2380)",07:20,FALSE
fare_DEL-BOM_AI_2026-09-28_T+15_1789268425666_q7je,DEL-BOM,EaseMyTrip,AI,AI-1773,2026-09-28,T+15,14281,3135,17416,2026-09-13T02:38:09.397Z,TRUE,"High outlier: ₹17416 > upper fence ₹12638 (Q3: ₹9068, IQR: ₹2380)",10:30,FALSE
fare_DEL-BOM_AI_2026-09-28_T+15_1789268425666_10qt,DEL-BOM,EaseMyTrip,AI,AI-2761,2026-09-28,T+15,15021,3297,18318,2026-09-13T02:38:09.397Z,TRUE,"High outlier: ₹18318 > upper fence ₹12638 (Q3: ₹9068, IQR: ₹2380)",16:25,FALSE
fare_DEL-BOM_AI_2026-09-28_T+15_1789268425666_u2cx,DEL-BOM,EaseMyTrip,AI,AI-427,2026-09-28,T+15,16323,3583,19906,2026-09-13T02:38:09.397Z,TRUE,"High outlier: ₹19906 > upper fence ₹12638 (Q3: ₹9068, IQR: ₹2380)",08:30,FALSE
fare_DEL-BOM_AI_2026-09-28_T+15_1789268425666_hywc,DEL-BOM,EaseMyTrip,AI,AI-2907,2026-09-28,T+15,16708,3667,20375,2026-09-13T02:38:09.397Z,TRUE,"High outlier: ₹20375 > upper fence ₹12638 (Q3: ₹9068, IQR: ₹2380)",12:00,FALSE
fare_DEL-BOM_AI_2026-09-28_T+15_1789268425666_ohn2,DEL-BOM,EaseMyTrip,AI,AI-2525,2026-09-28,T+15,17824,3912,21736,2026-09-13T02:38:09.397Z,TRUE,"High outlier: ₹21736 > upper fence ₹12638 (Q3: ₹9068, IQR: ₹2380)",06:00,FALSE
fare_DEL-BOM_AI_2026-09-28_T+15_1789268425666_od16,DEL-BOM,EaseMyTrip,AI,AI-1779,2026-09-28,T+15,17909,3931,21840,2026-09-13T02:38:09.397Z,TRUE,"High outlier: ₹21840 > upper fence ₹12638 (Q3: ₹9068, IQR: ₹2380)",13:50,FALSE
fare_DEL-BOM_SG_2026-09-28_T+15_1789268425666_irhb,DEL-BOM,EaseMyTrip,SG,SG-2802,2026-09-28,T+15,18287,4014,22301,2026-09-13T02:38:09.397Z,TRUE,"High outlier: ₹22301 > upper fence ₹12638 (Q3: ₹9068, IQR: ₹2380)",22:45,TRUE
fare_DEL-BOM_SG_2026-09-28_T+15_1789268425666_ivdq,DEL-BOM,EaseMyTrip,SG,SG-188,2026-09-28,T+15,18287,4014,22301,2026-09-13T02:38:09.397Z,TRUE,"High outlier: ₹22301 > upper fence ₹12638 (Q3: ₹9068, IQR: ₹2380)",19:55,TRUE
fare_DEL-BOM_SG_2026-09-28_T+15_1789268425666_s2i1,DEL-BOM,EaseMyTrip,SG,SG-873,2026-09-28,T+15,18287,4014,22301,2026-09-13T02:38:09.397Z,TRUE,"High outlier: ₹22301 > upper fence ₹12638 (Q3: ₹9068, IQR: ₹2380)",19:55,TRUE
fare_DEL-BOM_AI_2026-09-28_T+15_1789268425666_sjva,DEL-BOM,EaseMyTrip,AI,AI-2653,2026-09-28,T+15,19977,4385,24362,2026-09-13T02:38:09.397Z,TRUE,"High outlier: ₹24362 > upper fence ₹12638 (Q3: ₹9068, IQR: ₹2380)",04:30,FALSE
fare_DEL-BOM_AI_2026-09-28_T+15_1789268425666_r2s6,DEL-BOM,EaseMyTrip,AI,AI-1739,2026-09-28,T+15,25532,5604,31136,2026-09-13T02:38:09.397Z,TRUE,"High outlier: ₹31136 > upper fence ₹12638 (Q3: ₹9068, IQR: ₹2380)",11:30,FALSE
fare_DEL-BOM_AI_2026-09-28_T+15_1789268425666_cx8j,DEL-BOM,EaseMyTrip,AI,AI-2627,2026-09-28,T+15,28344,6222,34566,2026-09-13T02:38:09.397Z,TRUE,"High outlier: ₹34566 > upper fence ₹12638 (Q3: ₹9068, IQR: ₹2380)",10:45,FALSE
fare_DEL-BOM_6E_2026-09-14_T+1_1789268425667_t8td,DEL-BOM,EaseMyTrip,6E,6E-5096,2026-09-14,T+1,5282,1160,6442,2026-09-13T02:37:55.416Z,FALSE,"",17:00,TRUE
fare_DEL-BOM_6E_2026-09-14_T+1_1789268425667_10en,DEL-BOM,EaseMyTrip,6E,6E-6470,2026-09-14,T+1,5354,1175,6529,2026-09-13T02:37:55.416Z,FALSE,"",06:55,TRUE
fare_DEL-BOM_QP_2026-09-14_T+1_1789268425667_waj2,DEL-BOM,EaseMyTrip,QP,QP-1119,2026-09-14,T+1,5355,1175,6530,2026-09-13T02:37:55.416Z,FALSE,"",08:40,TRUE
fare_DEL-BOM_QP_2026-09-14_T+1_1789268425667_f1mf,DEL-BOM,EaseMyTrip,QP,QP-1110,2026-09-14,T+1,5355,1175,6530,2026-09-13T02:37:55.416Z,FALSE,"",10:30,TRUE
fare_DEL-BOM_6E_2026-09-14_T+1_1789268425667_bo2a,DEL-BOM,EaseMyTrip,6E,6E-615,2026-09-14,T+1,5355,1175,6530,2026-09-13T02:37:55.416Z,FALSE,"",05:00,TRUE
fare_DEL-BOM_6E_2026-09-14_T+1_1789268425667_d0pi,DEL-BOM,EaseMyTrip,6E,6E-598,2026-09-14,T+1,5355,1175,6530,2026-09-13T02:37:55.416Z,FALSE,"",05:00,TRUE
fare_DEL-BOM_6E_2026-09-14_T+1_1789268425667_qh6s,DEL-BOM,EaseMyTrip,6E,6E-741,2026-09-14,T+1,5355,1175,6530,2026-09-13T02:37:55.416Z,FALSE,"",23:30,TRUE
fare_DEL-BOM_6E_2026-09-14_T+1_1789268425667_cdrb,DEL-BOM,EaseMyTrip,6E,6E-933,2026-09-14,T+1,5355,1175,6530,2026-09-13T02:37:55.416Z,FALSE,"",23:30,TRUE
fare_DEL-BOM_6E_2026-09-14_T+1_1789268425667_qknv,DEL-BOM,EaseMyTrip,6E,6E-6318,2026-09-14,T+1,5355,1175,6530,2026-09-13T02:37:55.416Z,FALSE,"",14:45,TRUE
fare_DEL-BOM_6E_2026-09-14_T+1_1789268425667_s7oy,DEL-BOM,EaseMyTrip,6E,6E-6218,2026-09-14,T+1,5355,1175,6530,2026-09-13T02:37:55.416Z,FALSE,"",06:05,TRUE
fare_DEL-BOM_6E_2026-09-14_T+1_1789268425667_kh52,DEL-BOM,EaseMyTrip,6E,6E-843,2026-09-14,T+1,5355,1175,6530,2026-09-13T02:37:55.416Z,FALSE,"",08:45,TRUE
fare_DEL-BOM_6E_2026-09-14_T+1_1789268425667_uvrc,DEL-BOM,EaseMyTrip,6E,6E-673,2026-09-14,T+1,5355,1175,6530,2026-09-13T02:37:55.416Z,FALSE,"",08:45,TRUE
fare_DEL-BOM_6E_2026-09-14_T+1_1789268425667_5hqk,DEL-BOM,EaseMyTrip,6E,6E-6814,2026-09-14,T+1,5355,1175,6530,2026-09-13T02:37:55.416Z,FALSE,"",07:15,TRUE
fare_DEL-BOM_6E_2026-09-14_T+1_1789268425667_2c02,DEL-BOM,EaseMyTrip,6E,6E-6047,2026-09-14,T+1,5355,1175,6530,2026-09-13T02:37:55.416Z,FALSE,"",11:00,TRUE
fare_DEL-BOM_QP_2026-09-14_T+1_1789268425667_95s9,DEL-BOM,EaseMyTrip,QP,QP-1833,2026-09-14,T+1,5355,1175,6530,2026-09-13T02:37:55.416Z,FALSE,"",06:50,TRUE
fare_DEL-BOM_QP_2026-09-14_T+1_1789268425667_v988,DEL-BOM,EaseMyTrip,QP,QP-1112,2026-09-14,T+1,5355,1175,6530,2026-09-13T02:37:55.416Z,FALSE,"",09:20,TRUE
fare_DEL-BOM_6E_2026-09-14_T+1_1789268425667_whun,DEL-BOM,EaseMyTrip,6E,6E-6114,2026-09-14,T+1,5355,1175,6530,2026-09-13T02:37:55.416Z,FALSE,"",22:45,TRUE
fare_DEL-BOM_6E_2026-09-14_T+1_1789268425667_abgf,DEL-BOM,EaseMyTrip,6E,6E-456,2026-09-14,T+1,5355,1175,6530,2026-09-13T02:37:55.416Z,FALSE,"",08:00,TRUE
fare_DEL-BOM_6E_2026-09-14_T+1_1789268425667_pmmx,DEL-BOM,EaseMyTrip,6E,6E-877,2026-09-14,T+1,5355,1175,6530,2026-09-13T02:37:55.416Z,FALSE,"",08:00,TRUE
fare_DEL-BOM_6E_2026-09-14_T+1_1789268425667_nyym,DEL-BOM,EaseMyTrip,6E,6E-6328,2026-09-14,T+1,5355,1175,6530,2026-09-13T02:37:55.416Z,FALSE,"",10:15,TRUE
fare_DEL-BOM_AI_2026-09-14_T+1_1789268425667_gkgu,DEL-BOM,EaseMyTrip,AI,AI-1745,2026-09-14,T+1,5519,1211,6730,2026-09-13T02:37:55.416Z,FALSE,"",05:00,TRUE
fare_DEL-BOM_QP_2026-09-14_T+1_1789268425667_dqjx,DEL-BOM,EaseMyTrip,QP,QP-1836,2026-09-14,T+1,5355,1175,6530,2026-09-13T02:37:55.416Z,FALSE,"",12:30,TRUE
fare_DEL-BOM_6E_2026-09-14_T+1_1789268425667_p1ci,DEL-BOM,EaseMyTrip,6E,6E-6022,2026-09-14,T+1,5355,1175,6530,2026-09-13T02:37:55.416Z,FALSE,"",14:00,TRUE
fare_DEL-BOM_6E_2026-09-14_T+1_1789268425667_1jri,DEL-BOM,EaseMyTrip,6E,6E-6107,2026-09-14,T+1,5355,1175,6530,2026-09-13T02:37:55.416Z,FALSE,"",09:30,TRUE
fare_DEL-BOM_QP_2026-09-14_T+1_1789268425667_fy1e,DEL-BOM,EaseMyTrip,QP,QP-2074,2026-09-14,T+1,5369,1178,6547,2026-09-13T02:37:55.416Z,FALSE,"",14:10,TRUE
fare_DEL-BOM_QP_2026-09-14_T+1_1789268425667_igm6,DEL-BOM,EaseMyTrip,QP,QP-1940,2026-09-14,T+1,5427,1191,6618,2026-09-13T02:37:55.416Z,FALSE,"",14:05,TRUE
fare_DEL-BOM_6E_2026-09-14_T+1_1789268425667_6fun,DEL-BOM,EaseMyTrip,6E,6E-5073,2026-09-14,T+1,5427,1191,6618,2026-09-13T02:37:55.416Z,FALSE,"",17:05,FALSE
fare_DEL-BOM_6E_2026-09-14_T+1_1789268425667_oemt,DEL-BOM,EaseMyTrip,6E,6E-5119,2026-09-14,T+1,5427,1191,6618,2026-09-13T02:37:55.416Z,FALSE,"",05:10,FALSE
fare_DEL-BOM_6E_2026-09-14_T+1_1789268425667_vadn,DEL-BOM,EaseMyTrip,6E,6E-2383,2026-09-14,T+1,5427,1191,6618,2026-09-13T02:37:55.416Z,FALSE,"",05:40,FALSE
fare_DEL-BOM_6E_2026-09-14_T+1_1789268425667_6n1j,DEL-BOM,EaseMyTrip,6E,6E-2076,2026-09-14,T+1,5427,1191,6618,2026-09-13T02:37:55.416Z,FALSE,"",07:30,FALSE
fare_DEL-BOM_6E_2026-09-14_T+1_1789268425667_pr9f,DEL-BOM,EaseMyTrip,6E,6E-794,2026-09-14,T+1,5427,1191,6618,2026-09-13T02:37:55.416Z,FALSE,"",19:35,FALSE
fare_DEL-BOM_6E_2026-09-14_T+1_1789268425667_rc44,DEL-BOM,EaseMyTrip,6E,6E-849,2026-09-14,T+1,5427,1191,6618,2026-09-13T02:37:55.416Z,FALSE,"",19:35,FALSE
fare_DEL-BOM_6E_2026-09-14_T+1_1789268425667_sgjt,DEL-BOM,EaseMyTrip,6E,6E-2013,2026-09-14,T+1,5427,1191,6618,2026-09-13T02:37:55.416Z,FALSE,"",21:50,FALSE
fare_DEL-BOM_6E_2026-09-14_T+1_1789268425667_ak0n,DEL-BOM,EaseMyTrip,6E,6E-6983,2026-09-14,T+1,5427,1191,6618,2026-09-13T02:37:55.416Z,FALSE,"",15:35,FALSE
fare_DEL-BOM_6E_2026-09-14_T+1_1789268425667_zq4l,DEL-BOM,EaseMyTrip,6E,6E-6261,2026-09-14,T+1,5427,1191,6618,2026-09-13T02:37:55.416Z,FALSE,"",00:15,FALSE
fare_DEL-BOM_6E_2026-09-14_T+1_1789268425667_w3rr,DEL-BOM,EaseMyTrip,6E,6E-2331,2026-09-14,T+1,5427,1191,6618,2026-09-13T02:37:55.416Z,FALSE,"",12:20,FALSE
fare_DEL-BOM_AI_2026-09-14_T+1_1789268425667_o91l,DEL-BOM,EaseMyTrip,AI,AI-2678,2026-09-14,T+1,5611,1232,6843,2026-09-13T02:37:55.416Z,FALSE,"",08:30,TRUE
fare_DEL-BOM_AI_2026-09-14_T+1_1789268425667_p1pq,DEL-BOM,EaseMyTrip,AI,AI-2963,2026-09-14,T+1,5611,1232,6843,2026-09-13T02:37:55.416Z,FALSE,"",09:00,TRUE
fare_DEL-BOM_AI_2026-09-14_T+1_1789268425667_vn4u,DEL-BOM,EaseMyTrip,AI,AI-2975,2026-09-14,T+1,5611,1232,6843,2026-09-13T02:37:55.416Z,FALSE,"",06:30,TRUE
fare_DEL-BOM_AI_2026-09-14_T+1_1789268425667_1euc,DEL-BOM,EaseMyTrip,AI,AI-2429,2026-09-14,T+1,5611,1232,6843,2026-09-13T02:37:55.416Z,FALSE,"",07:00,TRUE
fare_DEL-BOM_AI_2026-09-14_T+1_1789268425667_i4ih,DEL-BOM,EaseMyTrip,AI,AI-2943,2026-09-14,T+1,5611,1232,6843,2026-09-13T02:37:55.416Z,FALSE,"",07:30,TRUE
fare_DEL-BOM_AI_2026-09-14_T+1_1789268425667_133h,DEL-BOM,EaseMyTrip,AI,AI-441,2026-09-14,T+1,5611,1232,6843,2026-09-13T02:37:55.416Z,FALSE,"",17:00,TRUE
fare_DEL-BOM_AI_2026-09-14_T+1_1789268425667_eznj,DEL-BOM,EaseMyTrip,AI,AI-2927,2026-09-14,T+1,5611,1232,6843,2026-09-13T02:37:55.416Z,FALSE,"",09:30,TRUE
fare_DEL-BOM_AI_2026-09-14_T+1_1789268425667_npm0,DEL-BOM,EaseMyTrip,AI,AI-2957,2026-09-14,T+1,5611,1232,6843,2026-09-13T02:37:55.416Z,FALSE,"",20:30,TRUE
fare_DEL-BOM_6E_2026-09-14_T+1_1789268425667_2owg,DEL-BOM,EaseMyTrip,6E,6E-6676,2026-09-14,T+1,5484,1204,6688,2026-09-13T02:37:55.416Z,FALSE,"",12:00,TRUE
fare_DEL-BOM_6E_2026-09-14_T+1_1789268425667_sd72,DEL-BOM,EaseMyTrip,6E,6E-126,2026-09-14,T+1,5484,1204,6688,2026-09-13T02:37:55.416Z,FALSE,"",21:45,TRUE
fare_DEL-BOM_6E_2026-09-14_T+1_1789268425667_tees,DEL-BOM,EaseMyTrip,6E,6E-608,2026-09-14,T+1,5484,1204,6688,2026-09-13T02:37:55.416Z,FALSE,"",21:45,TRUE
fare_DEL-BOM_6E_2026-09-14_T+1_1789268425667_5ulx,DEL-BOM,EaseMyTrip,6E,6E-6490,2026-09-14,T+1,5518,1211,6729,2026-09-13T02:37:55.416Z,FALSE,"",04:55,FALSE
fare_DEL-BOM_6E_2026-09-14_T+1_1789268425667_6x89,DEL-BOM,EaseMyTrip,6E,6E-2169,2026-09-14,T+1,5535,1215,6750,2026-09-13T02:37:55.416Z,FALSE,"",19:40,FALSE
fare_DEL-BOM_6E_2026-09-14_T+1_1789268425667_lirr,DEL-BOM,EaseMyTrip,6E,6E-6829,2026-09-14,T+1,5535,1215,6750,2026-09-13T02:37:55.416Z,FALSE,"",17:20,FALSE
fare_DEL-BOM_6E_2026-09-14_T+1_1789268425667_jsj0,DEL-BOM,EaseMyTrip,6E,6E-5138,2026-09-14,T+1,5535,1215,6750,2026-09-13T02:37:55.416Z,FALSE,"",19:10,FALSE
fare_DEL-BOM_6E_2026-09-14_T+1_1789268425667_weie,DEL-BOM,EaseMyTrip,6E,6E-6459,2026-09-14,T+1,5535,1215,6750,2026-09-13T02:37:55.416Z,FALSE,"",05:55,FALSE
fare_DEL-BOM_6E_2026-09-14_T+1_1789268425667_qc0a,DEL-BOM,EaseMyTrip,6E,6E-6433,2026-09-14,T+1,5535,1215,6750,2026-09-13T02:37:55.416Z,FALSE,"",16:30,FALSE
fare_DEL-BOM_6E_2026-09-14_T+1_1789268425667_qfo0,DEL-BOM,EaseMyTrip,6E,6E-6569,2026-09-14,T+1,5535,1215,6750,2026-09-13T02:37:55.416Z,FALSE,"",05:00,FALSE
fare_DEL-BOM_AI_2026-09-14_T+1_1789268425667_ml7j,DEL-BOM,EaseMyTrip,AI,AI-2439,2026-09-14,T+1,5740,1260,7000,2026-09-13T02:37:55.416Z,FALSE,"",23:00,TRUE
fare_DEL-BOM_AI_2026-09-14_T+1_1789268425667_dlk7,DEL-BOM,EaseMyTrip,AI,AI-2995,2026-09-14,T+1,5741,1260,7001,2026-09-13T02:37:55.416Z,FALSE,"",10:00,TRUE
fare_DEL-BOM_AI_2026-09-14_T+1_1789268425667_5hla,DEL-BOM,EaseMyTrip,AI,AI-1777,2026-09-14,T+1,5741,1260,7001,2026-09-13T02:37:55.416Z,FALSE,"",16:00,TRUE
fare_DEL-BOM_IX_2026-09-14_T+1_1789268425667_9ak8,DEL-BOM,EaseMyTrip,IX,IX-1038,2026-09-14,T+1,5783,1270,7053,2026-09-13T02:37:55.416Z,FALSE,"",17:35,TRUE
fare_DEL-BOM_IX_2026-09-14_T+1_1789268425667_qtdr,DEL-BOM,EaseMyTrip,IX,IX-1080,2026-09-14,T+1,5783,1270,7053,2026-09-13T02:37:55.416Z,FALSE,"",18:40,TRUE
fare_DEL-BOM_IX_2026-09-14_T+1_1789268425667_ae5e,DEL-BOM,EaseMyTrip,IX,IX-1056,2026-09-14,T+1,5785,1270,7055,2026-09-13T02:37:55.416Z,FALSE,"",05:35,TRUE
fare_DEL-BOM_6E_2026-09-14_T+1_1789268425667_o6ii,DEL-BOM,EaseMyTrip,6E,6E-6479,2026-09-14,T+1,5599,1229,6828,2026-09-13T02:37:55.416Z,FALSE,"",21:25,FALSE
fare_DEL-BOM_6E_2026-09-14_T+1_1789268425667_r8a7,DEL-BOM,EaseMyTrip,6E,6E-5298,2026-09-14,T+1,5599,1229,6828,2026-09-13T02:37:55.416Z,FALSE,"",09:00,FALSE
fare_DEL-BOM_6E_2026-09-14_T+1_1789268425667_1euk,DEL-BOM,EaseMyTrip,6E,6E-5206,2026-09-14,T+1,5599,1229,6828,2026-09-13T02:37:55.416Z,FALSE,"",13:20,FALSE
fare_DEL-BOM_6E_2026-09-14_T+1_1789268425667_q7zo,DEL-BOM,EaseMyTrip,6E,6E-6050,2026-09-14,T+1,5599,1229,6828,2026-09-13T02:37:55.416Z,FALSE,"",08:15,FALSE
fare_DEL-BOM_6E_2026-09-14_T+1_1789268425667_eyqx,DEL-BOM,EaseMyTrip,6E,6E-5038,2026-09-14,T+1,5599,1229,6828,2026-09-13T02:37:55.416Z,FALSE,"",14:00,FALSE
fare_DEL-BOM_QP_2026-09-14_T+1_1789268425667_nr0p,DEL-BOM,EaseMyTrip,QP,QP-1820,2026-09-14,T+1,5618,1233,6851,2026-09-13T02:37:55.416Z,FALSE,"",17:30,TRUE
fare_DEL-BOM_6E_2026-09-14_T+1_1789268425667_56oz,DEL-BOM,EaseMyTrip,6E,6E-819,2026-09-14,T+1,5656,1242,6898,2026-09-13T02:37:55.416Z,FALSE,"",13:00,TRUE
fare_DEL-BOM_6E_2026-09-14_T+1_1789268425667_cgu8,DEL-BOM,EaseMyTrip,6E,6E-392,2026-09-14,T+1,5656,1242,6898,2026-09-13T02:37:55.416Z,FALSE,"",13:00,TRUE
fare_DEL-BOM_6E_2026-09-14_T+1_1789268425667_yk5t,DEL-BOM,EaseMyTrip,6E,6E-217,2026-09-14,T+1,5656,1242,6898,2026-09-13T02:37:55.416Z,FALSE,"",15:30,TRUE
fare_DEL-BOM_6E_2026-09-14_T+1_1789268425667_wck6,DEL-BOM,EaseMyTrip,6E,6E-906,2026-09-14,T+1,5656,1242,6898,2026-09-13T02:37:55.416Z,FALSE,"",15:30,TRUE
fare_DEL-BOM_6E_2026-09-14_T+1_1789268425667_jwvs,DEL-BOM,EaseMyTrip,6E,6E-199,2026-09-14,T+1,5698,1251,6949,2026-09-13T02:37:55.416Z,FALSE,"",20:20,TRUE
fare_DEL-BOM_6E_2026-09-14_T+1_1789268425667_ncvk,DEL-BOM,EaseMyTrip,6E,6E-757,2026-09-14,T+1,5698,1251,6949,2026-09-13T02:37:55.416Z,FALSE,"",20:20,TRUE
fare_DEL-BOM_6E_2026-09-14_T+1_1789268425667_fpsj,DEL-BOM,EaseMyTrip,6E,6E-6282,2026-09-14,T+1,5707,1253,6960,2026-09-13T02:37:55.416Z,FALSE,"",13:30,FALSE
fare_DEL-BOM_6E_2026-09-14_T+1_1789268425667_kqmm,DEL-BOM,EaseMyTrip,6E,6E-841,2026-09-14,T+1,5707,1253,6960,2026-09-13T02:37:55.416Z,FALSE,"",02:25,FALSE
fare_DEL-BOM_6E_2026-09-14_T+1_1789268425667_5snk,DEL-BOM,EaseMyTrip,6E,6E-834,2026-09-14,T+1,5707,1253,6960,2026-09-13T02:37:55.416Z,FALSE,"",02:25,FALSE
fare_DEL-BOM_6E_2026-09-14_T+1_1789268425667_tjmr,DEL-BOM,EaseMyTrip,6E,6E-6212,2026-09-14,T+1,5707,1253,6960,2026-09-13T02:37:55.416Z,FALSE,"",14:45,FALSE
fare_DEL-BOM_6E_2026-09-14_T+1_1789268425667_kec6,DEL-BOM,EaseMyTrip,6E,6E-6497,2026-09-14,T+1,5707,1253,6960,2026-09-13T02:37:55.416Z,FALSE,"",18:40,FALSE
fare_DEL-BOM_IX_2026-09-14_T+1_1789268425667_j85j,DEL-BOM,EaseMyTrip,IX,IX-1235,2026-09-14,T+1,5914,1298,7212,2026-09-13T02:37:55.416Z,FALSE,"",23:25,TRUE
fare_DEL-BOM_6E_2026-09-14_T+1_1789268425667_y4mn,DEL-BOM,EaseMyTrip,6E,6E-5198,2026-09-14,T+1,5729,1257,6986,2026-09-13T02:37:55.416Z,FALSE,"",15:00,TRUE
fare_DEL-BOM_AI_2026-09-14_T+1_1789268425667_x7fb,DEL-BOM,EaseMyTrip,AI,AI-2951,2026-09-14,T+1,5913,1298,7211,2026-09-13T02:37:55.416Z,FALSE,"",13:30,TRUE
fare_DEL-BOM_AI_2026-09-14_T+1_1789268425667_dsxu,DEL-BOM,EaseMyTrip,AI,AI-2981,2026-09-14,T+1,5913,1298,7211,2026-09-13T02:37:55.416Z,FALSE,"",21:00,TRUE
fare_DEL-BOM_AI_2026-09-14_T+1_1789268425667_mhas,DEL-BOM,EaseMyTrip,AI,AI-2985,2026-09-14,T+1,5913,1298,7211,2026-09-13T02:37:55.416Z,FALSE,"",19:30,TRUE
fare_DEL-BOM_AI_2026-09-14_T+1_1789268425667_iyu4,DEL-BOM,EaseMyTrip,AI,AI-2805,2026-09-14,T+1,5913,1298,7211,2026-09-13T02:37:55.416Z,FALSE,"",20:00,TRUE
fare_DEL-BOM_AI_2026-09-14_T+1_1789268425667_g5cj,DEL-BOM,EaseMyTrip,AI,AI-2433,2026-09-14,T+1,5913,1298,7211,2026-09-13T02:37:55.416Z,FALSE,"",21:30,TRUE
fare_DEL-BOM_6E_2026-09-14_T+1_1789268425667_q1h9,DEL-BOM,EaseMyTrip,6E,6E-588,2026-09-14,T+1,5871,1289,7160,2026-09-13T02:37:55.416Z,FALSE,"",20:00,TRUE
fare_DEL-BOM_6E_2026-09-14_T+1_1789268425667_hmdc,DEL-BOM,EaseMyTrip,6E,6E-941,2026-09-14,T+1,5871,1289,7160,2026-09-13T02:37:55.416Z,FALSE,"",20:00,TRUE
fare_DEL-BOM_6E_2026-09-14_T+1_1789268425667_6j3c,DEL-BOM,EaseMyTrip,6E,6E-656,2026-09-14,T+1,5871,1289,7160,2026-09-13T02:37:55.416Z,FALSE,"",20:45,TRUE
fare_DEL-BOM_6E_2026-09-14_T+1_1789268425667_wlto,DEL-BOM,EaseMyTrip,6E,6E-847,2026-09-14,T+1,5871,1289,7160,2026-09-13T02:37:55.416Z,FALSE,"",20:45,TRUE
fare_DEL-BOM_6E_2026-09-14_T+1_1789268425667_959x,DEL-BOM,EaseMyTrip,6E,6E-692,2026-09-14,T+1,5871,1289,7160,2026-09-13T02:37:55.416Z,FALSE,"",16:15,TRUE
fare_DEL-BOM_6E_2026-09-14_T+1_1789268425667_n6j7,DEL-BOM,EaseMyTrip,6E,6E-888,2026-09-14,T+1,5871,1289,7160,2026-09-13T02:37:55.416Z,FALSE,"",16:15,TRUE
fare_DEL-BOM_AI_2026-09-14_T+1_1789268425667_dx74,DEL-BOM,EaseMyTrip,AI,AI-2977,2026-09-14,T+1,6061,1330,7391,2026-09-13T02:37:55.416Z,FALSE,"",19:00,TRUE
fare_DEL-BOM_QP_2026-09-14_T+1_1789268425667_mw20,DEL-BOM,EaseMyTrip,QP,QP-1826,2026-09-14,T+1,5931,1302,7233,2026-09-13T02:37:55.416Z,FALSE,"",19:55,TRUE
fare_DEL-BOM_AI_2026-09-14_T+1_1789268425667_1yor,DEL-BOM,EaseMyTrip,AI,AI-2941,2026-09-14,T+1,6128,1345,7473,2026-09-13T02:37:55.416Z,FALSE,"",16:30,TRUE
fare_DEL-BOM_AI_2026-09-14_T+1_1789268425667_ewxs,DEL-BOM,EaseMyTrip,AI,AI-2945,2026-09-14,T+1,6128,1345,7473,2026-09-13T02:37:55.416Z,FALSE,"",11:00,TRUE
fare_DEL-BOM_AI_2026-09-14_T+1_1789268425667_0hm4,DEL-BOM,EaseMyTrip,AI,AI-1780,2026-09-14,T+1,6128,1345,7473,2026-09-13T02:37:55.416Z,FALSE,"",16:10,TRUE
fare_DEL-BOM_6E_2026-09-14_T+1_1789268425667_q8ma,DEL-BOM,EaseMyTrip,6E,6E-549,2026-09-14,T+1,6130,1345,7475,2026-09-13T02:37:55.416Z,FALSE,"",19:00,TRUE
fare_DEL-BOM_6E_2026-09-14_T+1_1789268425667_1t1u,DEL-BOM,EaseMyTrip,6E,6E-712,2026-09-14,T+1,6130,1345,7475,2026-09-13T02:37:55.416Z,FALSE,"",19:00,TRUE
fare_DEL-BOM_6E_2026-09-14_T+1_1789268425667_mad9,DEL-BOM,EaseMyTrip,6E,6E-6190,2026-09-14,T+1,6268,1376,7644,2026-09-13T02:37:55.416Z,FALSE,"",07:40,FALSE
fare_DEL-BOM_6E_2026-09-14_T+1_1789268425667_a4jv,DEL-BOM,EaseMyTrip,6E,6E-2341,2026-09-14,T+1,6268,1376,7644,2026-09-13T02:37:55.416Z,FALSE,"",14:50,FALSE
fare_DEL-BOM_6E_2026-09-14_T+1_1789268425667_ci96,DEL-BOM,EaseMyTrip,6E,6E-578,2026-09-14,T+1,6268,1376,7644,2026-09-13T02:37:55.416Z,FALSE,"",10:00,FALSE
fare_DEL-BOM_6E_2026-09-14_T+1_1789268425667_wl2o,DEL-BOM,EaseMyTrip,6E,6E-800,2026-09-14,T+1,6268,1376,7644,2026-09-13T02:37:55.416Z,FALSE,"",10:00,FALSE
fare_DEL-BOM_6E_2026-09-14_T+1_1789268425667_ynma,DEL-BOM,EaseMyTrip,6E,6E-6706,2026-09-14,T+1,6388,1402,7790,2026-09-13T02:37:55.416Z,FALSE,"",17:00,TRUE
fare_DEL-BOM_6E_2026-09-14_T+1_1789268425667_5xvj,DEL-BOM,EaseMyTrip,6E,6E-6443,2026-09-14,T+1,6436,1413,7849,2026-09-13T02:37:55.416Z,FALSE,"",09:00,FALSE
fare_DEL-BOM_AI_2026-09-14_T+1_1789268425667_a0lu,DEL-BOM,EaseMyTrip,AI,AI-2933,2026-09-14,T+1,6644,1459,8103,2026-09-13T02:37:55.416Z,FALSE,"",15:30,TRUE
fare_DEL-BOM_6E_2026-09-14_T+1_1789268425667_bqay,DEL-BOM,EaseMyTrip,6E,6E-7646,2026-09-14,T+1,6617,1453,8070,2026-09-13T02:37:55.416Z,FALSE,"",06:15,FALSE
fare_DEL-BOM_6E_2026-09-14_T+1_1789268425667_4k4x,DEL-BOM,EaseMyTrip,6E,6E-7626,2026-09-14,T+1,6790,1490,8280,2026-09-13T02:37:55.416Z,FALSE,"",10:30,FALSE
fare_DEL-BOM_6E_2026-09-14_T+1_1789268425667_h062,DEL-BOM,EaseMyTrip,6E,6E-5014,2026-09-14,T+1,6848,1503,8351,2026-09-13T02:37:55.416Z,FALSE,"",18:30,FALSE
fare_DEL-BOM_IX_2026-09-14_T+1_1789268425667_4urr,DEL-BOM,EaseMyTrip,IX,IX-1165,2026-09-14,T+1,7922,1739,9661,2026-09-13T02:37:55.416Z,FALSE,"",05:45,FALSE
fare_DEL-BOM_6E_2026-09-14_T+1_1789268425667_o2uk,DEL-BOM,EaseMyTrip,6E,6E-151,2026-09-14,T+1,7763,1704,9467,2026-09-13T02:37:55.416Z,FALSE,"",12:15,FALSE
fare_DEL-BOM_6E_2026-09-14_T+1_1789268425667_9455,DEL-BOM,EaseMyTrip,6E,6E-515,2026-09-14,T+1,7763,1704,9467,2026-09-13T02:37:55.416Z,FALSE,"",12:15,FALSE
fare_DEL-BOM_AI_2026-09-14_T+1_1789268425667_hddw,DEL-BOM,EaseMyTrip,AI,AI-2499,2026-09-14,T+1,8132,1785,9917,2026-09-13T02:37:55.416Z,FALSE,"",05:55,FALSE
fare_DEL-BOM_6E_2026-09-14_T+1_1789268425667_hm1e,DEL-BOM,EaseMyTrip,6E,6E-123,2026-09-14,T+1,7981,1752,9733,2026-09-13T02:37:55.416Z,FALSE,"",18:00,TRUE
fare_DEL-BOM_6E_2026-09-14_T+1_1789268425667_i3zg,DEL-BOM,EaseMyTrip,6E,6E-220,2026-09-14,T+1,7981,1752,9733,2026-09-13T02:37:55.416Z,FALSE,"",18:00,TRUE
fare_DEL-BOM_AI_2026-09-14_T+1_1789268425667_93e6,DEL-BOM,EaseMyTrip,AI,AI-2955,2026-09-14,T+1,8263,1814,10077,2026-09-13T02:37:55.416Z,FALSE,"",18:00,TRUE
fare_DEL-BOM_AI_2026-09-14_T+1_1789268425667_whw1,DEL-BOM,EaseMyTrip,AI,AI-1719,2026-09-14,T+1,8543,1875,10418,2026-09-13T02:37:55.416Z,FALSE,"",11:55,FALSE
fare_DEL-BOM_IX_2026-09-14_T+1_1789268425667_fg26,DEL-BOM,EaseMyTrip,IX,IX-1392,2026-09-14,T+1,8587,1885,10472,2026-09-13T02:37:55.416Z,FALSE,"",23:25,FALSE
fare_DEL-BOM_IX_2026-09-14_T+1_1789268425667_42hg,DEL-BOM,EaseMyTrip,IX,IX-1003,2026-09-14,T+1,8658,1901,10559,2026-09-13T02:37:55.416Z,FALSE,"",19:10,FALSE
fare_DEL-BOM_AI_2026-09-14_T+1_1789268425667_qd2m,DEL-BOM,EaseMyTrip,AI,AI-9920,2026-09-14,T+1,9039,1984,11023,2026-09-13T02:37:55.416Z,FALSE,"",21:20,FALSE
fare_DEL-BOM_AI_2026-09-14_T+1_1789268425667_j7yz,DEL-BOM,EaseMyTrip,AI,AI-2569,2026-09-14,T+1,9079,1993,11072,2026-09-13T02:37:55.416Z,FALSE,"",20:25,FALSE
fare_DEL-BOM_6E_2026-09-14_T+1_1789268425667_qkws,DEL-BOM,EaseMyTrip,6E,6E-2381,2026-09-14,T+1,9015,1979,10994,2026-09-13T02:37:55.416Z,FALSE,"",13:45,FALSE
fare_DEL-BOM_AI_2026-09-14_T+1_1789268425667_e05h,DEL-BOM,EaseMyTrip,AI,AI-1705,2026-09-14,T+1,9179,2015,11194,2026-09-13T02:37:55.416Z,FALSE,"",06:30,FALSE
fare_DEL-BOM_6E_2026-09-14_T+1_1789268425667_hvsn,DEL-BOM,EaseMyTrip,6E,6E-7642,2026-09-14,T+1,9423,2069,11492,2026-09-13T02:37:55.416Z,FALSE,"",15:45,FALSE
fare_DEL-BOM_6E_2026-09-14_T+1_1789268425667_xwmz,DEL-BOM,EaseMyTrip,6E,6E-2571,2026-09-14,T+1,9666,2122,11788,2026-09-13T02:37:55.416Z,FALSE,"",12:30,FALSE
fare_DEL-BOM_AI_2026-09-14_T+1_1789268425667_owwm,DEL-BOM,EaseMyTrip,AI,AI-9757,2026-09-14,T+1,10412,2286,12698,2026-09-13T02:37:55.416Z,FALSE,"",11:50,FALSE
fare_DEL-BOM_AI_2026-09-14_T+1_1789268425667_7mcv,DEL-BOM,EaseMyTrip,AI,AI-9759,2026-09-14,T+1,10412,2286,12698,2026-09-13T02:37:55.416Z,FALSE,"",05:45,FALSE
fare_DEL-BOM_AI_2026-09-14_T+1_1789268425667_5mvi,DEL-BOM,EaseMyTrip,AI,AI-2909,2026-09-14,T+1,11100,2436,13536,2026-09-13T02:37:55.416Z,FALSE,"",22:30,FALSE
fare_DEL-BOM_AI_2026-09-14_T+1_1789268425667_icye,DEL-BOM,EaseMyTrip,AI,AI-2545,2026-09-14,T+1,11100,2436,13536,2026-09-13T02:37:55.416Z,FALSE,"",20:30,FALSE
fare_DEL-BOM_AI_2026-09-14_T+1_1789268425667_qu6j,DEL-BOM,EaseMyTrip,AI,AI-531,2026-09-14,T+1,11100,2436,13536,2026-09-13T02:37:55.416Z,FALSE,"",19:20,FALSE
fare_DEL-BOM_AI_2026-09-14_T+1_1789268425667_vzc1,DEL-BOM,EaseMyTrip,AI,AI-9674,2026-09-14,T+1,11106,2438,13544,2026-09-13T02:37:55.416Z,FALSE,"",16:40,FALSE
fare_DEL-BOM_6E_2026-09-14_T+1_1789268425667_c7jb,DEL-BOM,EaseMyTrip,6E,6E-725,2026-09-14,T+1,11218,2463,13681,2026-09-13T02:37:55.416Z,FALSE,"",19:30,FALSE
fare_DEL-BOM_6E_2026-09-14_T+1_1789268425667_j5rx,DEL-BOM,EaseMyTrip,6E,6E-321,2026-09-14,T+1,11218,2463,13681,2026-09-13T02:37:55.416Z,FALSE,"",19:30,FALSE
fare_DEL-BOM_6E_2026-09-14_T+1_1789268425667_o3a7,DEL-BOM,EaseMyTrip,6E,6E-2249,2026-09-14,T+1,11244,2468,13712,2026-09-13T02:37:55.416Z,FALSE,"",15:00,FALSE
fare_DEL-BOM_6E_2026-09-14_T+1_1789268425667_w159,DEL-BOM,EaseMyTrip,6E,6E-565,2026-09-14,T+1,11364,2495,13859,2026-09-13T02:37:55.416Z,FALSE,"",23:15,FALSE
fare_DEL-BOM_6E_2026-09-14_T+1_1789268425667_cl3e,DEL-BOM,EaseMyTrip,6E,6E-253,2026-09-14,T+1,11364,2495,13859,2026-09-13T02:37:55.416Z,FALSE,"",23:15,FALSE
fare_DEL-BOM_AI_2026-09-14_T+1_1789268425667_x00m,DEL-BOM,EaseMyTrip,AI,AI-2509,2026-09-14,T+1,11892,2611,14503,2026-09-13T02:37:55.416Z,FALSE,"",06:55,FALSE
fare_DEL-BOM_6E_2026-09-14_T+1_1789268425667_7ksl,DEL-BOM,EaseMyTrip,6E,6E-645,2026-09-14,T+1,11841,2599,14440,2026-09-13T02:37:55.416Z,FALSE,"",08:30,FALSE
fare_DEL-BOM_6E_2026-09-14_T+1_1789268425667_7biw,DEL-BOM,EaseMyTrip,6E,6E-547,2026-09-14,T+1,11841,2599,14440,2026-09-13T02:37:55.416Z,FALSE,"",08:30,FALSE
fare_DEL-BOM_AI_2026-09-14_T+1_1789268425667_ugib,DEL-BOM,EaseMyTrip,AI,AI-2761,2026-09-14,T+1,12017,2638,14655,2026-09-13T02:37:55.416Z,FALSE,"",16:25,FALSE
fare_DEL-BOM_6E_2026-09-14_T+1_1789268425667_n5h3,DEL-BOM,EaseMyTrip,6E,6E-6293,2026-09-14,T+1,12099,2656,14755,2026-09-13T02:37:55.416Z,FALSE,"",09:55,FALSE
fare_DEL-BOM_AI_2026-09-14_T+1_1789268425667_3kuo,DEL-BOM,EaseMyTrip,AI,AI-1757,2026-09-14,T+1,12289,2698,14987,2026-09-13T02:37:55.416Z,FALSE,"",15:40,FALSE
fare_DEL-BOM_AI_2026-09-14_T+1_1789268425667_hg1e,DEL-BOM,EaseMyTrip,AI,AI-2907,2026-09-14,T+1,12393,2721,15114,2026-09-13T02:37:55.416Z,FALSE,"",12:00,FALSE
fare_DEL-BOM_AI_2026-09-14_T+1_1789268425667_azr6,DEL-BOM,EaseMyTrip,AI,AI-437,2026-09-14,T+1,12513,2747,15260,2026-09-13T02:37:55.416Z,FALSE,"",09:20,FALSE
fare_DEL-BOM_AI_2026-09-14_T+1_1789268425667_v8ec,DEL-BOM,EaseMyTrip,AI,AI-885,2026-09-14,T+1,12587,2763,15350,2026-09-13T02:37:55.416Z,FALSE,"",07:25,FALSE
fare_DEL-BOM_6E_2026-09-14_T+1_1789268425667_rolj,DEL-BOM,EaseMyTrip,6E,6E-6601,2026-09-14,T+1,12788,2807,15595,2026-09-13T02:37:55.416Z,FALSE,"",19:45,FALSE
fare_DEL-BOM_AI_2026-09-14_T+1_1789268425667_lxrh,DEL-BOM,EaseMyTrip,AI,AI-1743,2026-09-14,T+1,14228,3123,17351,2026-09-13T02:37:55.416Z,FALSE,"",06:20,FALSE
fare_DEL-BOM_AI_2026-09-14_T+1_1789268425667_8gho,DEL-BOM,EaseMyTrip,AI,AI-1773,2026-09-14,T+1,14281,3135,17416,2026-09-13T02:37:55.416Z,FALSE,"",10:30,FALSE
fare_DEL-BOM_AI_2026-09-14_T+1_1789268425667_gf3y,DEL-BOM,EaseMyTrip,AI,AI-2627,2026-09-14,T+1,14993,3291,18284,2026-09-13T02:37:55.416Z,FALSE,"",10:45,FALSE
fare_DEL-BOM_IX_2026-09-14_T+1_1789268425667_d9ko,DEL-BOM,EaseMyTrip,IX,IX-1108,2026-09-14,T+1,15806,3470,19276,2026-09-13T02:37:55.416Z,TRUE,"High outlier: ₹19276 > upper fence ₹18420 (Q3: ₹11418, IQR: ₹4668)",05:00,FALSE
fare_DEL-BOM_AI_2026-09-14_T+1_1789268425667_onhx,DEL-BOM,EaseMyTrip,AI,AI-2577,2026-09-14,T+1,15856,3480,19336,2026-09-13T02:37:55.416Z,TRUE,"High outlier: ₹19336 > upper fence ₹18420 (Q3: ₹11418, IQR: ₹4668)",02:00,FALSE
fare_DEL-BOM_AI_2026-09-14_T+1_1789268425667_zfbv,DEL-BOM,EaseMyTrip,AI,AI-2465,2026-09-14,T+1,16202,3557,19759,2026-09-13T02:37:55.416Z,TRUE,"High outlier: ₹19759 > upper fence ₹18420 (Q3: ₹11418, IQR: ₹4668)",14:30,FALSE
fare_DEL-BOM_AI_2026-09-14_T+1_1789268425667_83mm,DEL-BOM,EaseMyTrip,AI,AI-427,2026-09-14,T+1,16323,3583,19906,2026-09-13T02:37:55.416Z,TRUE,"High outlier: ₹19906 > upper fence ₹18420 (Q3: ₹11418, IQR: ₹4668)",08:30,FALSE
fare_DEL-BOM_AI_2026-09-14_T+1_1789268425667_pcwf,DEL-BOM,EaseMyTrip,AI,AI-2653,2026-09-14,T+1,16574,3638,20212,2026-09-13T02:37:55.416Z,TRUE,"High outlier: ₹20212 > upper fence ₹18420 (Q3: ₹11418, IQR: ₹4668)",04:30,FALSE
fare_DEL-BOM_AI_2026-09-14_T+1_1789268425667_wcq5,DEL-BOM,EaseMyTrip,AI,AI-2715,2026-09-14,T+1,16619,3648,20267,2026-09-13T02:37:55.416Z,TRUE,"High outlier: ₹20267 > upper fence ₹18420 (Q3: ₹11418, IQR: ₹4668)",11:40,FALSE
fare_DEL-BOM_AI_2026-09-14_T+1_1789268425667_ojq2,DEL-BOM,EaseMyTrip,AI,AI-809,2026-09-14,T+1,16758,3679,20437,2026-09-13T02:37:55.416Z,TRUE,"High outlier: ₹20437 > upper fence ₹18420 (Q3: ₹11418, IQR: ₹4668)",17:40,FALSE
fare_DEL-BOM_AI_2026-09-14_T+1_1789268425667_y5l1,DEL-BOM,EaseMyTrip,AI,AI-1779,2026-09-14,T+1,16897,3709,20606,2026-09-13T02:37:55.416Z,TRUE,"High outlier: ₹20606 > upper fence ₹18420 (Q3: ₹11418, IQR: ₹4668)",13:50,FALSE
fare_DEL-BOM_IX_2026-09-14_T+1_1789268425667_ldt0,DEL-BOM,EaseMyTrip,IX,IX-1049,2026-09-14,T+1,17673,3879,21552,2026-09-13T02:37:55.416Z,TRUE,"High outlier: ₹21552 > upper fence ₹18420 (Q3: ₹11418, IQR: ₹4668)",18:40,FALSE
fare_DEL-BOM_AI_2026-09-14_T+1_1789268425667_ye6b,DEL-BOM,EaseMyTrip,AI,AI-2525,2026-09-14,T+1,17824,3912,21736,2026-09-13T02:37:55.416Z,TRUE,"High outlier: ₹21736 > upper fence ₹18420 (Q3: ₹11418, IQR: ₹4668)",06:00,FALSE
fare_DEL-BOM_IX_2026-09-14_T+1_1789268425667_awtq,DEL-BOM,EaseMyTrip,IX,IX-5975,2026-09-14,T+1,18010,3954,21964,2026-09-13T02:37:55.416Z,TRUE,"High outlier: ₹21964 > upper fence ₹18420 (Q3: ₹11418, IQR: ₹4668)",21:00,FALSE
fare_DEL-BOM_IX_2026-09-14_T+1_1789268425667_fmrv,DEL-BOM,EaseMyTrip,IX,IX-1068,2026-09-14,T+1,20024,4396,24420,2026-09-13T02:37:55.416Z,TRUE,"High outlier: ₹24420 > upper fence ₹18420 (Q3: ₹11418, IQR: ₹4668)",11:55,FALSE
fare_DEL-BOM_AI_2026-09-14_T+1_1789268425667_xj19,DEL-BOM,EaseMyTrip,AI,AI-9584,2026-09-14,T+1,21565,4734,26299,2026-09-13T02:37:55.416Z,TRUE,"High outlier: ₹26299 > upper fence ₹18420 (Q3: ₹11418, IQR: ₹4668)",11:15,FALSE
fare_DEL-BOM_AI_2026-09-14_T+1_1789268425667_3tdc,DEL-BOM,EaseMyTrip,AI,AI-1739,2026-09-14,T+1,25532,5604,31136,2026-09-13T02:37:55.416Z,TRUE,"High outlier: ₹31136 > upper fence ₹18420 (Q3: ₹11418, IQR: ₹4668)",11:30,FALSE
fare_DEL-BOM_AI_2026-09-14_T+1_1789268425667_qq3y,DEL-BOM,EaseMyTrip,AI,AI-2601,2026-09-14,T+1,31121,6831,37952,2026-09-13T02:37:55.416Z,TRUE,"High outlier: ₹37952 > upper fence ₹18420 (Q3: ₹11418, IQR: ₹4668)",17:00,FALSE
fare_DEL-BOM_IX_2026-10-13_T+30_1789268425667_2ot5,DEL-BOM,EaseMyTrip,IX,IX-1038,2026-10-13,T+30,5354,1175,6529,2026-09-13T02:38:16.223Z,FALSE,"",17:35,TRUE
fare_DEL-BOM_IX_2026-10-13_T+30_1789268425667_872c,DEL-BOM,EaseMyTrip,IX,IX-1235,2026-10-13,T+30,5354,1175,6529,2026-09-13T02:38:16.223Z,FALSE,"",23:25,TRUE
fare_DEL-BOM_IX_2026-10-13_T+30_1789268425667_s0hv,DEL-BOM,EaseMyTrip,IX,IX-1024,2026-10-13,T+30,5354,1175,6529,2026-09-13T02:38:16.223Z,FALSE,"",18:40,TRUE
fare_DEL-BOM_6E_2026-10-13_T+30_1789268425667_kppm,DEL-BOM,EaseMyTrip,6E,6E-6454,2026-10-13,T+30,4994,1096,6090,2026-09-13T02:38:16.223Z,FALSE,"",13:50,FALSE
fare_DEL-BOM_6E_2026-10-13_T+30_1789268425667_35zk,DEL-BOM,EaseMyTrip,6E,6E-5119,2026-10-13,T+30,4994,1096,6090,2026-09-13T02:38:16.223Z,FALSE,"",05:10,FALSE
fare_DEL-BOM_6E_2026-10-13_T+30_1789268425667_29x9,DEL-BOM,EaseMyTrip,6E,6E-2076,2026-10-13,T+30,4994,1096,6090,2026-09-13T02:38:16.223Z,FALSE,"",07:30,FALSE
fare_DEL-BOM_6E_2026-10-13_T+30_1789268425667_jghl,DEL-BOM,EaseMyTrip,6E,6E-793,2026-10-13,T+30,4994,1096,6090,2026-09-13T02:38:16.223Z,FALSE,"",19:30,FALSE
fare_DEL-BOM_6E_2026-10-13_T+30_1789268425667_vq8l,DEL-BOM,EaseMyTrip,6E,6E-842,2026-10-13,T+30,4994,1096,6090,2026-09-13T02:38:16.223Z,FALSE,"",19:30,FALSE
fare_DEL-BOM_6E_2026-10-13_T+30_1789268425667_haoa,DEL-BOM,EaseMyTrip,6E,6E-2013,2026-10-13,T+30,4994,1096,6090,2026-09-13T02:38:16.223Z,FALSE,"",21:50,FALSE
fare_DEL-BOM_6E_2026-10-13_T+30_1789268425667_jcdm,DEL-BOM,EaseMyTrip,6E,6E-6261,2026-10-13,T+30,4994,1096,6090,2026-09-13T02:38:16.223Z,FALSE,"",00:15,FALSE
fare_DEL-BOM_6E_2026-10-13_T+30_1789268425667_z1kr,DEL-BOM,EaseMyTrip,6E,6E-513,2026-10-13,T+30,4998,1097,6095,2026-09-13T02:38:16.223Z,FALSE,"",14:50,FALSE
fare_DEL-BOM_6E_2026-10-13_T+30_1789268425667_iq41,DEL-BOM,EaseMyTrip,6E,6E-439,2026-10-13,T+30,4998,1097,6095,2026-09-13T02:38:16.223Z,FALSE,"",14:50,FALSE
fare_DEL-BOM_6E_2026-10-13_T+30_1789268425667_so3v,DEL-BOM,EaseMyTrip,6E,6E-6190,2026-10-13,T+30,4998,1097,6095,2026-09-13T02:38:16.223Z,FALSE,"",07:40,FALSE
fare_DEL-BOM_6E_2026-10-13_T+30_1789268425667_v6la,DEL-BOM,EaseMyTrip,6E,6E-2341,2026-10-13,T+30,4998,1097,6095,2026-09-13T02:38:16.223Z,FALSE,"",14:50,FALSE
fare_DEL-BOM_6E_2026-10-13_T+30_1789268425667_hucf,DEL-BOM,EaseMyTrip,6E,6E-2331,2026-10-13,T+30,4998,1097,6095,2026-09-13T02:38:16.223Z,FALSE,"",12:20,FALSE
fare_DEL-BOM_6E_2026-10-13_T+30_1789268425667_xxnd,DEL-BOM,EaseMyTrip,6E,6E-5137,2026-10-13,T+30,4998,1097,6095,2026-09-13T02:38:16.223Z,FALSE,"",10:50,FALSE
fare_DEL-BOM_6E_2026-10-13_T+30_1789268425667_buf1,DEL-BOM,EaseMyTrip,6E,6E-281,2026-10-13,T+30,4998,1097,6095,2026-09-13T02:38:16.223Z,FALSE,"",10:00,FALSE
fare_DEL-BOM_6E_2026-10-13_T+30_1789268425667_8dgb,DEL-BOM,EaseMyTrip,6E,6E-347,2026-10-13,T+30,4998,1097,6095,2026-09-13T02:38:16.223Z,FALSE,"",10:00,FALSE
fare_DEL-BOM_IX_2026-10-13_T+30_1789268425667_oyiz,DEL-BOM,EaseMyTrip,IX,IX-1049,2026-10-13,T+30,5568,1222,6790,2026-09-13T02:38:16.223Z,FALSE,"",18:40,FALSE
fare_DEL-BOM_IX_2026-10-13_T+30_1789268425667_j59f,DEL-BOM,EaseMyTrip,IX,IX-1082,2026-10-13,T+30,5568,1222,6790,2026-09-13T02:38:16.223Z,FALSE,"",21:25,FALSE
fare_DEL-BOM_IX_2026-10-13_T+30_1789268425667_1muo,DEL-BOM,EaseMyTrip,IX,IX-1817,2026-10-13,T+30,5568,1222,6790,2026-09-13T02:38:16.223Z,FALSE,"",19:30,FALSE
fare_DEL-BOM_IX_2026-10-13_T+30_1789268425667_83j1,DEL-BOM,EaseMyTrip,IX,IX-1165,2026-10-13,T+30,5354,1175,6529,2026-09-13T02:38:16.223Z,FALSE,"",06:00,FALSE
fare_DEL-BOM_IX_2026-10-13_T+30_1789268425667_2xyh,DEL-BOM,EaseMyTrip,IX,IX-1056,2026-10-13,T+30,5354,1175,6529,2026-09-13T02:38:16.223Z,FALSE,"",17:50,TRUE
fare_DEL-BOM_6E_2026-10-13_T+30_1789268425667_im5m,DEL-BOM,EaseMyTrip,6E,6E-2249,2026-10-13,T+30,5102,1120,6222,2026-09-13T02:38:16.223Z,FALSE,"",15:00,FALSE
fare_DEL-BOM_6E_2026-10-13_T+30_1789268425667_nt7a,DEL-BOM,EaseMyTrip,6E,6E-6490,2026-10-13,T+30,5105,1121,6226,2026-09-13T02:38:16.223Z,FALSE,"",04:55,FALSE
fare_DEL-BOM_SG_2026-10-13_T+30_1789268425667_o4jz,DEL-BOM,EaseMyTrip,SG,SG-212,2026-10-13,T+30,5353,1175,6528,2026-09-13T02:38:16.223Z,FALSE,"",22:30,TRUE
fare_DEL-BOM_SG_2026-10-13_T+30_1789268425667_5z15,DEL-BOM,EaseMyTrip,SG,SG-184,2026-10-13,T+30,5353,1175,6528,2026-09-13T02:38:16.223Z,FALSE,"",22:30,TRUE
fare_DEL-BOM_SG_2026-10-13_T+30_1789268425667_zdlq,DEL-BOM,EaseMyTrip,SG,SG-964,2026-10-13,T+30,5353,1175,6528,2026-09-13T02:38:16.223Z,FALSE,"",19:55,TRUE
fare_DEL-BOM_SG_2026-10-13_T+30_1789268425667_69uo,DEL-BOM,EaseMyTrip,SG,SG-616,2026-10-13,T+30,5353,1175,6528,2026-09-13T02:38:16.223Z,FALSE,"",19:55,TRUE
fare_DEL-BOM_6E_2026-10-13_T+30_1789268425667_td3d,DEL-BOM,EaseMyTrip,6E,6E-6479,2026-10-13,T+30,5166,1134,6300,2026-09-13T02:38:16.223Z,FALSE,"",21:25,FALSE
fare_DEL-BOM_6E_2026-10-13_T+30_1789268425667_9rdd,DEL-BOM,EaseMyTrip,6E,6E-788,2026-10-13,T+30,5166,1134,6300,2026-09-13T02:38:16.223Z,FALSE,"",16:10,FALSE
fare_DEL-BOM_6E_2026-10-13_T+30_1789268425667_1kna,DEL-BOM,EaseMyTrip,6E,6E-382,2026-10-13,T+30,5166,1134,6300,2026-09-13T02:38:16.223Z,FALSE,"",16:10,FALSE
fare_DEL-BOM_6E_2026-10-13_T+30_1789268425667_lwpa,DEL-BOM,EaseMyTrip,6E,6E-2113,2026-10-13,T+30,5166,1134,6300,2026-09-13T02:38:16.223Z,FALSE,"",13:20,FALSE
fare_DEL-BOM_6E_2026-10-13_T+30_1789268425667_kz7f,DEL-BOM,EaseMyTrip,6E,6E-5096,2026-10-13,T+30,5282,1160,6442,2026-09-13T02:38:16.223Z,FALSE,"",17:00,TRUE
fare_DEL-BOM_QP_2026-10-13_T+30_1789268425667_30zq,DEL-BOM,EaseMyTrip,QP,QP-2012,2026-10-13,T+30,5330,1170,6500,2026-09-13T02:38:16.223Z,FALSE,"",08:55,TRUE
fare_DEL-BOM_6E_2026-10-13_T+30_1789268425667_g4fl,DEL-BOM,EaseMyTrip,6E,6E-401,2026-10-13,T+30,5338,1172,6510,2026-09-13T02:38:16.223Z,FALSE,"",12:10,FALSE
fare_DEL-BOM_6E_2026-10-13_T+30_1789268425667_ndxj,DEL-BOM,EaseMyTrip,6E,6E-604,2026-10-13,T+30,5338,1172,6510,2026-09-13T02:38:16.223Z,FALSE,"",12:10,FALSE
fare_DEL-BOM_6E_2026-10-13_T+30_1789268425667_3213,DEL-BOM,EaseMyTrip,6E,6E-943,2026-10-13,T+30,5338,1172,6510,2026-09-13T02:38:16.223Z,FALSE,"",19:30,FALSE
fare_DEL-BOM_6E_2026-10-13_T+30_1789268425667_hln1,DEL-BOM,EaseMyTrip,6E,6E-827,2026-10-13,T+30,5338,1172,6510,2026-09-13T02:38:16.223Z,FALSE,"",19:30,FALSE
fare_DEL-BOM_6E_2026-10-13_T+30_1789268425667_lfuh,DEL-BOM,EaseMyTrip,6E,6E-7642,2026-10-13,T+30,5343,1173,6516,2026-09-13T02:38:16.223Z,FALSE,"",15:45,FALSE
fare_DEL-BOM_IX_2026-10-13_T+30_1789268425667_0gtu,DEL-BOM,EaseMyTrip,IX,IX-1068,2026-10-13,T+30,5902,1295,7197,2026-09-13T02:38:16.223Z,FALSE,"",11:55,FALSE
fare_DEL-BOM_IX_2026-10-13_T+30_1789268425667_x7m8,DEL-BOM,EaseMyTrip,IX,IX-1108,2026-10-13,T+30,5902,1295,7197,2026-09-13T02:38:16.223Z,FALSE,"",05:00,FALSE
fare_DEL-BOM_6E_2026-10-13_T+30_1789268425667_yotg,DEL-BOM,EaseMyTrip,6E,6E-7646,2026-10-13,T+30,5347,1174,6521,2026-09-13T02:38:16.223Z,FALSE,"",06:15,FALSE
fare_DEL-BOM_6E_2026-10-13_T+30_1789268425667_gh7l,DEL-BOM,EaseMyTrip,6E,6E-331,2026-10-13,T+30,5354,1175,6529,2026-09-13T02:38:16.223Z,FALSE,"",20:20,TRUE
fare_DEL-BOM_6E_2026-10-13_T+30_1789268425667_y0zs,DEL-BOM,EaseMyTrip,6E,6E-255,2026-10-13,T+30,5354,1175,6529,2026-09-13T02:38:16.223Z,FALSE,"",20:20,TRUE
fare_DEL-BOM_6E_2026-10-13_T+30_1789268425667_tf67,DEL-BOM,EaseMyTrip,6E,6E-6470,2026-10-13,T+30,5354,1175,6529,2026-09-13T02:38:16.223Z,FALSE,"",06:55,TRUE
fare_DEL-BOM_6E_2026-10-13_T+30_1789268425667_kj36,DEL-BOM,EaseMyTrip,6E,6E-356,2026-10-13,T+30,5355,1175,6530,2026-09-13T02:38:16.223Z,FALSE,"",13:00,TRUE
fare_DEL-BOM_6E_2026-10-13_T+30_1789268425667_pmyw,DEL-BOM,EaseMyTrip,6E,6E-970,2026-10-13,T+30,5355,1175,6530,2026-09-13T02:38:16.223Z,FALSE,"",13:00,TRUE
fare_DEL-BOM_QP_2026-10-13_T+30_1789268425667_83ls,DEL-BOM,EaseMyTrip,QP,QP-1807,2026-10-13,T+30,5355,1175,6530,2026-09-13T02:38:16.223Z,FALSE,"",13:40,TRUE
fare_DEL-BOM_6E_2026-10-13_T+30_1789268425667_k0p0,DEL-BOM,EaseMyTrip,6E,6E-168,2026-10-13,T+30,5355,1175,6530,2026-09-13T02:38:16.223Z,FALSE,"",23:30,TRUE
fare_DEL-BOM_6E_2026-10-13_T+30_1789268425667_miyr,DEL-BOM,EaseMyTrip,6E,6E-392,2026-10-13,T+30,5355,1175,6530,2026-09-13T02:38:16.223Z,FALSE,"",23:30,TRUE
fare_DEL-BOM_6E_2026-10-13_T+30_1789268425667_giy9,DEL-BOM,EaseMyTrip,6E,6E-6706,2026-10-13,T+30,5355,1175,6530,2026-09-13T02:38:16.223Z,FALSE,"",17:00,TRUE
fare_DEL-BOM_6E_2026-10-13_T+30_1789268425667_fxih,DEL-BOM,EaseMyTrip,6E,6E-825,2026-10-13,T+30,5355,1175,6530,2026-09-13T02:38:16.223Z,FALSE,"",15:30,TRUE
fare_DEL-BOM_6E_2026-10-13_T+30_1789268425667_jeow,DEL-BOM,EaseMyTrip,6E,6E-525,2026-10-13,T+30,5355,1175,6530,2026-09-13T02:38:16.223Z,FALSE,"",15:30,TRUE
fare_DEL-BOM_6E_2026-10-13_T+30_1789268425667_gsdf,DEL-BOM,EaseMyTrip,6E,6E-6318,2026-10-13,T+30,5355,1175,6530,2026-09-13T02:38:16.223Z,FALSE,"",14:45,TRUE
fare_DEL-BOM_6E_2026-10-13_T+30_1789268425667_g0qw,DEL-BOM,EaseMyTrip,6E,6E-164,2026-10-13,T+30,5355,1175,6530,2026-09-13T02:38:16.223Z,FALSE,"",05:00,TRUE
fare_DEL-BOM_6E_2026-10-13_T+30_1789268425667_roi1,DEL-BOM,EaseMyTrip,6E,6E-337,2026-10-13,T+30,5355,1175,6530,2026-09-13T02:38:16.223Z,FALSE,"",05:00,TRUE
fare_DEL-BOM_6E_2026-10-13_T+30_1789268425667_z1ik,DEL-BOM,EaseMyTrip,6E,6E-6047,2026-10-13,T+30,5355,1175,6530,2026-09-13T02:38:16.223Z,FALSE,"",11:00,TRUE
fare_DEL-BOM_6E_2026-10-13_T+30_1789268425667_45dq,DEL-BOM,EaseMyTrip,6E,6E-6676,2026-10-13,T+30,5355,1175,6530,2026-09-13T02:38:16.223Z,FALSE,"",12:00,TRUE
fare_DEL-BOM_6E_2026-10-13_T+30_1789268425667_j966,DEL-BOM,EaseMyTrip,6E,6E-101,2026-10-13,T+30,5355,1175,6530,2026-09-13T02:38:16.223Z,FALSE,"",08:45,TRUE
fare_DEL-BOM_6E_2026-10-13_T+30_1789268425667_dzy0,DEL-BOM,EaseMyTrip,6E,6E-618,2026-10-13,T+30,5355,1175,6530,2026-09-13T02:38:16.223Z,FALSE,"",08:45,TRUE
fare_DEL-BOM_QP_2026-10-13_T+30_1789268425667_g6z5,DEL-BOM,EaseMyTrip,QP,QP-1833,2026-10-13,T+30,5355,1175,6530,2026-09-13T02:38:16.223Z,FALSE,"",06:50,TRUE
fare_DEL-BOM_QP_2026-10-13_T+30_1789268425667_alg4,DEL-BOM,EaseMyTrip,QP,QP-1110,2026-10-13,T+30,5355,1175,6530,2026-09-13T02:38:16.223Z,FALSE,"",10:00,TRUE
fare_DEL-BOM_QP_2026-10-13_T+30_1789268425667_8zrq,DEL-BOM,EaseMyTrip,QP,QP-1128,2026-10-13,T+30,5355,1175,6530,2026-09-13T02:38:16.223Z,FALSE,"",16:00,TRUE
fare_DEL-BOM_QP_2026-10-13_T+30_1789268425667_cqtg,DEL-BOM,EaseMyTrip,QP,QP-1820,2026-10-13,T+30,5355,1175,6530,2026-09-13T02:38:16.223Z,FALSE,"",17:30,TRUE
fare_DEL-BOM_6E_2026-10-13_T+30_1789268425667_l6hk,DEL-BOM,EaseMyTrip,6E,6E-171,2026-10-13,T+30,5355,1175,6530,2026-09-13T02:38:16.223Z,FALSE,"",03:00,TRUE
fare_DEL-BOM_6E_2026-10-13_T+30_1789268425667_4n25,DEL-BOM,EaseMyTrip,6E,6E-858,2026-10-13,T+30,5355,1175,6530,2026-09-13T02:38:16.223Z,FALSE,"",03:00,TRUE
fare_DEL-BOM_6E_2026-10-13_T+30_1789268425667_q4c4,DEL-BOM,EaseMyTrip,6E,6E-6114,2026-10-13,T+30,5355,1175,6530,2026-09-13T02:38:16.223Z,FALSE,"",22:45,TRUE
fare_DEL-BOM_6E_2026-10-13_T+30_1789268425667_v511,DEL-BOM,EaseMyTrip,6E,6E-744,2026-10-13,T+30,5355,1175,6530,2026-09-13T02:38:16.223Z,FALSE,"",16:15,TRUE
fare_DEL-BOM_6E_2026-10-13_T+30_1789268425667_s2l2,DEL-BOM,EaseMyTrip,6E,6E-282,2026-10-13,T+30,5355,1175,6530,2026-09-13T02:38:16.223Z,FALSE,"",16:15,TRUE
fare_DEL-BOM_6E_2026-10-13_T+30_1789268425667_8jrv,DEL-BOM,EaseMyTrip,6E,6E-6328,2026-10-13,T+30,5355,1175,6530,2026-09-13T02:38:16.223Z,FALSE,"",10:15,TRUE
fare_DEL-BOM_QP_2026-10-13_T+30_1789268425667_oqvp,DEL-BOM,EaseMyTrip,QP,QP-1119,2026-10-13,T+30,5355,1175,6530,2026-09-13T02:38:16.223Z,FALSE,"",08:40,TRUE
fare_DEL-BOM_6E_2026-10-13_T+30_1789268425667_yl3u,DEL-BOM,EaseMyTrip,6E,6E-6022,2026-10-13,T+30,5355,1175,6530,2026-09-13T02:38:16.223Z,FALSE,"",14:00,TRUE
fare_DEL-BOM_6E_2026-10-13_T+30_1789268425667_wjjw,DEL-BOM,EaseMyTrip,6E,6E-6107,2026-10-13,T+30,5355,1175,6530,2026-09-13T02:38:16.223Z,FALSE,"",09:30,TRUE
fare_DEL-BOM_AI_2026-10-13_T+30_1789268425667_tzxm,DEL-BOM,EaseMyTrip,AI,AI-1745,2026-10-13,T+30,5519,1211,6730,2026-09-13T02:38:16.223Z,FALSE,"",05:00,TRUE
fare_DEL-BOM_6E_2026-10-13_T+30_1789268425667_tuna,DEL-BOM,EaseMyTrip,6E,6E-5073,2026-10-13,T+30,5381,1181,6562,2026-09-13T02:38:16.223Z,FALSE,"",17:05,FALSE
fare_DEL-BOM_6E_2026-10-13_T+30_1789268425667_thza,DEL-BOM,EaseMyTrip,6E,6E-6171,2026-10-13,T+30,5381,1181,6562,2026-09-13T02:38:16.223Z,FALSE,"",05:40,FALSE
fare_DEL-BOM_6E_2026-10-13_T+30_1789268425667_s0at,DEL-BOM,EaseMyTrip,6E,6E-6983,2026-10-13,T+30,5381,1181,6562,2026-09-13T02:38:16.223Z,FALSE,"",15:35,FALSE
fare_DEL-BOM_6E_2026-10-13_T+30_1789268425667_j3dy,DEL-BOM,EaseMyTrip,6E,6E-5198,2026-10-13,T+30,5427,1191,6618,2026-09-13T02:38:16.223Z,FALSE,"",15:00,TRUE
fare_DEL-BOM_AI_2026-10-13_T+30_1789268425667_h7jf,DEL-BOM,EaseMyTrip,AI,AI-2678,2026-10-13,T+30,5611,1232,6843,2026-09-13T02:38:16.223Z,FALSE,"",08:30,TRUE
fare_DEL-BOM_AI_2026-10-13_T+30_1789268425667_k17x,DEL-BOM,EaseMyTrip,AI,AI-2963,2026-10-13,T+30,5611,1232,6843,2026-09-13T02:38:16.223Z,FALSE,"",09:00,TRUE
fare_DEL-BOM_AI_2026-10-13_T+30_1789268425667_p8kb,DEL-BOM,EaseMyTrip,AI,AI-2425,2026-10-13,T+30,5611,1232,6843,2026-09-13T02:38:16.223Z,FALSE,"",10:30,TRUE
fare_DEL-BOM_AI_2026-10-13_T+30_1789268425667_8hcb,DEL-BOM,EaseMyTrip,AI,AI-2995,2026-10-13,T+30,5611,1232,6843,2026-09-13T02:38:16.223Z,FALSE,"",10:00,TRUE
fare_DEL-BOM_AI_2026-10-13_T+30_1789268425667_iuzc,DEL-BOM,EaseMyTrip,AI,AI-2945,2026-10-13,T+30,5611,1232,6843,2026-09-13T02:38:16.223Z,FALSE,"",11:00,TRUE
fare_DEL-BOM_AI_2026-10-13_T+30_1789268425667_10ok,DEL-BOM,EaseMyTrip,AI,AI-2441,2026-10-13,T+30,5611,1232,6843,2026-09-13T02:38:16.223Z,FALSE,"",14:10,TRUE
fare_DEL-BOM_AI_2026-10-13_T+30_1789268425667_dewj,DEL-BOM,EaseMyTrip,AI,AI-2933,2026-10-13,T+30,5611,1232,6843,2026-09-13T02:38:16.223Z,FALSE,"",15:30,TRUE
fare_DEL-BOM_AI_2026-10-13_T+30_1789268425667_65xz,DEL-BOM,EaseMyTrip,AI,AI-441,2026-10-13,T+30,5611,1232,6843,2026-09-13T02:38:16.223Z,FALSE,"",17:00,TRUE
fare_DEL-BOM_AI_2026-10-13_T+30_1789268425667_qqlu,DEL-BOM,EaseMyTrip,AI,AI-1780,2026-10-13,T+30,5611,1232,6843,2026-09-13T02:38:16.223Z,FALSE,"",14:30,TRUE
fare_DEL-BOM_6E_2026-10-13_T+30_1789268425667_y043,DEL-BOM,EaseMyTrip,6E,6E-6218,2026-10-13,T+30,5484,1204,6688,2026-09-13T02:38:16.223Z,FALSE,"",06:05,TRUE
fare_DEL-BOM_6E_2026-10-13_T+30_1789268425667_kkqw,DEL-BOM,EaseMyTrip,6E,6E-6433,2026-10-13,T+30,5488,1205,6693,2026-09-13T02:38:16.223Z,FALSE,"",16:30,FALSE
fare_DEL-BOM_AI_2026-10-13_T+30_1789268425667_9ig4,DEL-BOM,EaseMyTrip,AI,AI-2975,2026-10-13,T+30,5741,1260,7001,2026-09-13T02:38:16.223Z,FALSE,"",06:30,TRUE
fare_DEL-BOM_AI_2026-10-13_T+30_1789268425667_2un3,DEL-BOM,EaseMyTrip,AI,AI-2951,2026-10-13,T+30,5741,1260,7001,2026-09-13T02:38:16.223Z,FALSE,"",13:30,TRUE
fare_DEL-BOM_AI_2026-10-13_T+30_1789268425667_nwoe,DEL-BOM,EaseMyTrip,AI,AI-2439,2026-10-13,T+30,5744,1261,7005,2026-09-13T02:38:16.223Z,FALSE,"",23:00,TRUE
fare_DEL-BOM_AI_2026-10-13_T+30_1789268425667_usy7,DEL-BOM,EaseMyTrip,AI,AI-1785,2026-10-13,T+30,5750,1262,7012,2026-09-13T02:38:16.223Z,FALSE,"",12:00,TRUE
fare_DEL-BOM_AI_2026-10-13_T+30_1789268425667_5t67,DEL-BOM,EaseMyTrip,AI,AI-1777,2026-10-13,T+30,5750,1262,7012,2026-09-13T02:38:16.223Z,FALSE,"",16:00,TRUE
fare_DEL-BOM_QP_2026-10-13_T+30_1789268425667_apjc,DEL-BOM,EaseMyTrip,QP,QP-1826,2026-10-13,T+30,5618,1233,6851,2026-09-13T02:38:16.223Z,FALSE,"",19:55,TRUE
fare_DEL-BOM_6E_2026-10-13_T+30_1789268425667_tizz,DEL-BOM,EaseMyTrip,6E,6E-957,2026-10-13,T+30,5656,1242,6898,2026-09-13T02:38:16.223Z,FALSE,"",20:00,TRUE
fare_DEL-BOM_6E_2026-10-13_T+30_1789268425667_v77j,DEL-BOM,EaseMyTrip,6E,6E-279,2026-10-13,T+30,5656,1242,6898,2026-09-13T02:38:16.223Z,FALSE,"",20:00,TRUE
fare_DEL-BOM_6E_2026-10-13_T+30_1789268425667_ko6q,DEL-BOM,EaseMyTrip,6E,6E-303,2026-10-13,T+30,5656,1242,6898,2026-09-13T02:38:16.223Z,FALSE,"",20:45,TRUE
fare_DEL-BOM_6E_2026-10-13_T+30_1789268425667_kagp,DEL-BOM,EaseMyTrip,6E,6E-170,2026-10-13,T+30,5656,1242,6898,2026-09-13T02:38:16.223Z,FALSE,"",20:45,TRUE
fare_DEL-BOM_6E_2026-10-13_T+30_1789268425667_3szt,DEL-BOM,EaseMyTrip,6E,6E-730,2026-10-13,T+30,5656,1242,6898,2026-09-13T02:38:16.223Z,FALSE,"",18:00,TRUE
fare_DEL-BOM_6E_2026-10-13_T+30_1789268425667_lwa5,DEL-BOM,EaseMyTrip,6E,6E-381,2026-10-13,T+30,5656,1242,6898,2026-09-13T02:38:16.223Z,FALSE,"",18:00,TRUE
fare_DEL-BOM_6E_2026-10-13_T+30_1789268425667_cqsz,DEL-BOM,EaseMyTrip,6E,6E-6814,2026-10-13,T+30,5656,1242,6898,2026-09-13T02:38:16.223Z,FALSE,"",07:15,TRUE
fare_DEL-BOM_6E_2026-10-13_T+30_1789268425667_v4es,DEL-BOM,EaseMyTrip,6E,6E-280,2026-10-13,T+30,5656,1242,6898,2026-09-13T02:38:16.223Z,FALSE,"",21:45,TRUE
fare_DEL-BOM_6E_2026-10-13_T+30_1789268425667_s0gx,DEL-BOM,EaseMyTrip,6E,6E-149,2026-10-13,T+30,5656,1242,6898,2026-09-13T02:38:16.223Z,FALSE,"",08:00,TRUE
fare_DEL-BOM_6E_2026-10-13_T+30_1789268425667_wa00,DEL-BOM,EaseMyTrip,6E,6E-874,2026-10-13,T+30,5656,1242,6898,2026-09-13T02:38:16.223Z,FALSE,"",08:00,TRUE
fare_DEL-BOM_6E_2026-10-13_T+30_1789268425667_8rme,DEL-BOM,EaseMyTrip,6E,6E-722,2026-10-13,T+30,5656,1242,6898,2026-09-13T02:38:16.223Z,FALSE,"",19:00,TRUE
fare_DEL-BOM_6E_2026-10-13_T+30_1789268425667_6hpf,DEL-BOM,EaseMyTrip,6E,6E-339,2026-10-13,T+30,5656,1242,6898,2026-09-13T02:38:16.223Z,FALSE,"",19:00,TRUE
fare_DEL-BOM_AI_2026-10-13_T+30_1789268425667_gpez,DEL-BOM,EaseMyTrip,AI,AI-2981,2026-10-13,T+30,5913,1298,7211,2026-09-13T02:38:16.223Z,FALSE,"",21:00,TRUE
fare_DEL-BOM_AI_2026-10-13_T+30_1789268425667_x01t,DEL-BOM,EaseMyTrip,AI,AI-2429,2026-10-13,T+30,5913,1298,7211,2026-09-13T02:38:16.223Z,FALSE,"",07:00,TRUE
fare_DEL-BOM_AI_2026-10-13_T+30_1789268425667_x4wp,DEL-BOM,EaseMyTrip,AI,AI-2943,2026-10-13,T+30,5913,1298,7211,2026-09-13T02:38:16.223Z,FALSE,"",07:30,TRUE
fare_DEL-BOM_AI_2026-10-13_T+30_1789268425667_h46q,DEL-BOM,EaseMyTrip,AI,AI-2433,2026-10-13,T+30,5913,1298,7211,2026-09-13T02:38:16.223Z,FALSE,"",21:30,TRUE
fare_DEL-BOM_AI_2026-10-13_T+30_1789268425667_hs0r,DEL-BOM,EaseMyTrip,AI,AI-2999,2026-10-13,T+30,5913,1298,7211,2026-09-13T02:38:16.223Z,FALSE,"",22:00,TRUE
fare_DEL-BOM_AI_2026-10-13_T+30_1789268425667_6d82,DEL-BOM,EaseMyTrip,AI,AI-2957,2026-10-13,T+30,5913,1298,7211,2026-09-13T02:38:16.223Z,FALSE,"",20:30,TRUE
fare_DEL-BOM_6E_2026-10-13_T+30_1789268425667_fget,DEL-BOM,EaseMyTrip,6E,6E-5014,2026-10-13,T+30,5806,1274,7080,2026-09-13T02:38:16.223Z,FALSE,"",18:30,FALSE
fare_DEL-BOM_6E_2026-10-13_T+30_1789268425667_9sli,DEL-BOM,EaseMyTrip,6E,6E-2571,2026-10-13,T+30,5863,1287,7150,2026-09-13T02:38:16.223Z,FALSE,"",12:30,FALSE
fare_DEL-BOM_AI_2026-10-13_T+30_1789268425667_63ey,DEL-BOM,EaseMyTrip,AI,AI-2985,2026-10-13,T+30,6061,1330,7391,2026-09-13T02:38:16.223Z,FALSE,"",19:30,TRUE
fare_DEL-BOM_6E_2026-10-13_T+30_1789268425667_tvtg,DEL-BOM,EaseMyTrip,6E,6E-2169,2026-10-13,T+30,5914,1298,7212,2026-09-13T02:38:16.223Z,FALSE,"",19:20,FALSE
fare_DEL-BOM_6E_2026-10-13_T+30_1789268425667_5q9h,DEL-BOM,EaseMyTrip,6E,6E-6829,2026-10-13,T+30,5914,1298,7212,2026-09-13T02:38:16.223Z,FALSE,"",17:20,FALSE
fare_DEL-BOM_6E_2026-10-13_T+30_1789268425667_mgh9,DEL-BOM,EaseMyTrip,6E,6E-6443,2026-10-13,T+30,5914,1298,7212,2026-09-13T02:38:16.223Z,FALSE,"",09:00,FALSE
fare_DEL-BOM_6E_2026-10-13_T+30_1789268425667_qzi8,DEL-BOM,EaseMyTrip,6E,6E-5138,2026-10-13,T+30,5914,1298,7212,2026-09-13T02:38:16.223Z,FALSE,"",19:10,FALSE
fare_DEL-BOM_6E_2026-10-13_T+30_1789268425667_g2nm,DEL-BOM,EaseMyTrip,6E,6E-6459,2026-10-13,T+30,5914,1298,7212,2026-09-13T02:38:16.223Z,FALSE,"",05:55,FALSE
fare_DEL-BOM_6E_2026-10-13_T+30_1789268425667_xjp2,DEL-BOM,EaseMyTrip,6E,6E-6050,2026-10-13,T+30,5978,1312,7290,2026-09-13T02:38:16.223Z,FALSE,"",08:15,FALSE
fare_DEL-BOM_6E_2026-10-13_T+30_1789268425667_ddeg,DEL-BOM,EaseMyTrip,6E,6E-5038,2026-10-13,T+30,5978,1312,7290,2026-09-13T02:38:16.223Z,FALSE,"",14:00,FALSE
fare_DEL-BOM_AI_2026-10-13_T+30_1789268425667_wzc5,DEL-BOM,EaseMyTrip,AI,AI-2977,2026-10-13,T+30,6502,1427,7929,2026-09-13T02:38:16.223Z,FALSE,"",19:00,TRUE
fare_DEL-BOM_6E_2026-10-13_T+30_1789268425667_ukd7,DEL-BOM,EaseMyTrip,6E,6E-5298,2026-10-13,T+30,6445,1415,7860,2026-09-13T02:38:16.223Z,FALSE,"",09:00,FALSE
fare_DEL-BOM_6E_2026-10-13_T+30_1789268425667_jhga,DEL-BOM,EaseMyTrip,6E,6E-198,2026-10-13,T+30,6553,1438,7991,2026-09-13T02:38:16.223Z,FALSE,"",23:15,FALSE
fare_DEL-BOM_6E_2026-10-13_T+30_1789268425667_cbim,DEL-BOM,EaseMyTrip,6E,6E-6282,2026-10-13,T+30,6553,1438,7991,2026-09-13T02:38:16.223Z,FALSE,"",13:30,FALSE
fare_DEL-BOM_6E_2026-10-13_T+30_1789268425667_ry1b,DEL-BOM,EaseMyTrip,6E,6E-6212,2026-10-13,T+30,6553,1438,7991,2026-09-13T02:38:16.223Z,FALSE,"",14:45,FALSE
fare_DEL-BOM_IX_2026-10-13_T+30_1789268425667_7nue,DEL-BOM,EaseMyTrip,IX,IX-1059,2026-10-13,T+30,7486,1643,9129,2026-09-13T02:38:16.223Z,FALSE,"",12:15,FALSE
fare_DEL-BOM_IX_2026-10-13_T+30_1789268425667_8mzq,DEL-BOM,EaseMyTrip,IX,IX-1064,2026-10-13,T+30,7486,1643,9129,2026-09-13T02:38:16.223Z,FALSE,"",19:10,FALSE
fare_DEL-BOM_IX_2026-10-13_T+30_1789268425667_ft0e,DEL-BOM,EaseMyTrip,IX,IX-2749,2026-10-13,T+30,7486,1643,9129,2026-09-13T02:38:16.223Z,FALSE,"",10:25,FALSE
fare_DEL-BOM_IX_2026-10-13_T+30_1789268425667_vixj,DEL-BOM,EaseMyTrip,IX,IX-1783,2026-10-13,T+30,7486,1643,9129,2026-09-13T02:38:16.223Z,FALSE,"",07:20,FALSE
fare_DEL-BOM_IX_2026-10-13_T+30_1789268425667_sdfd,DEL-BOM,EaseMyTrip,IX,IX-1057,2026-10-13,T+30,7486,1643,9129,2026-09-13T02:38:16.223Z,FALSE,"",06:20,FALSE
fare_DEL-BOM_6E_2026-10-13_T+30_1789268425667_s073,DEL-BOM,EaseMyTrip,6E,6E-6026,2026-10-13,T+30,7067,1551,8618,2026-09-13T02:38:16.223Z,FALSE,"",05:30,FALSE
fare_DEL-BOM_6E_2026-10-13_T+30_1789268425667_hjd1,DEL-BOM,EaseMyTrip,6E,6E-619,2026-10-13,T+30,7067,1551,8618,2026-09-13T02:38:16.223Z,FALSE,"",02:25,FALSE
fare_DEL-BOM_6E_2026-10-13_T+30_1789268425667_06sa,DEL-BOM,EaseMyTrip,6E,6E-590,2026-10-13,T+30,7067,1551,8618,2026-09-13T02:38:16.223Z,FALSE,"",02:25,FALSE
fare_DEL-BOM_6E_2026-10-13_T+30_1789268425667_p52f,DEL-BOM,EaseMyTrip,6E,6E-644,2026-10-13,T+30,7067,1551,8618,2026-09-13T02:38:16.223Z,FALSE,"",17:55,FALSE
fare_DEL-BOM_6E_2026-10-13_T+30_1789268425667_1odu,DEL-BOM,EaseMyTrip,6E,6E-390,2026-10-13,T+30,7067,1551,8618,2026-09-13T02:38:16.223Z,FALSE,"",17:55,FALSE
fare_DEL-BOM_6E_2026-10-13_T+30_1789268425667_wkl1,DEL-BOM,EaseMyTrip,6E,6E-2381,2026-10-13,T+30,7067,1551,8618,2026-09-13T02:38:16.223Z,FALSE,"",13:45,FALSE
fare_DEL-BOM_6E_2026-10-13_T+30_1789268425667_eqyo,DEL-BOM,EaseMyTrip,6E,6E-2349,2026-10-13,T+30,7482,1642,9124,2026-09-13T02:38:16.223Z,FALSE,"",10:55,FALSE
fare_DEL-BOM_AI_2026-10-13_T+30_1789268425667_q4wa,DEL-BOM,EaseMyTrip,AI,AI-1719,2026-10-13,T+30,7787,1709,9496,2026-09-13T02:38:16.223Z,FALSE,"",11:55,FALSE
fare_DEL-BOM_AI_2026-10-13_T+30_1789268425667_q3vu,DEL-BOM,EaseMyTrip,AI,AI-2499,2026-10-13,T+30,8132,1785,9917,2026-09-13T02:38:16.223Z,FALSE,"",06:00,FALSE
fare_DEL-BOM_AI_2026-10-13_T+30_1789268425667_z54x,DEL-BOM,EaseMyTrip,AI,AI-2569,2026-10-13,T+30,8132,1785,9917,2026-09-13T02:38:16.223Z,FALSE,"",20:30,FALSE
fare_DEL-BOM_AI_2026-10-13_T+30_1789268425667_bo4e,DEL-BOM,EaseMyTrip,AI,AI-1710,2026-10-13,T+30,8132,1785,9917,2026-09-13T02:38:16.223Z,FALSE,"",18:35,FALSE
fare_DEL-BOM_AI_2026-10-13_T+30_1789268425667_kdtg,DEL-BOM,EaseMyTrip,AI,AI-1717,2026-10-13,T+30,8132,1785,9917,2026-09-13T02:38:16.223Z,FALSE,"",14:20,FALSE
fare_DEL-BOM_AI_2026-10-13_T+30_1789268425667_1c4v,DEL-BOM,EaseMyTrip,AI,AI-1705,2026-10-13,T+30,8884,1950,10834,2026-09-13T02:38:16.223Z,TRUE,"High outlier: ₹10834 > upper fence ₹10183 (Q3: ₹7991, IQR: ₹1461)",06:30,FALSE
fare_DEL-BOM_AI_2026-10-13_T+30_1789268425667_krxv,DEL-BOM,EaseMyTrip,AI,AI-9920,2026-10-13,T+30,9417,2067,11484,2026-09-13T02:38:16.223Z,TRUE,"High outlier: ₹11484 > upper fence ₹10183 (Q3: ₹7991, IQR: ₹1461)",10:50,FALSE
fare_DEL-BOM_AI_2026-10-13_T+30_1789268425667_xtf4,DEL-BOM,EaseMyTrip,AI,AI-2509,2026-10-13,T+30,9523,2091,11614,2026-09-13T02:38:16.223Z,TRUE,"High outlier: ₹11614 > upper fence ₹10183 (Q3: ₹7991, IQR: ₹1461)",07:00,FALSE
fare_DEL-BOM_AI_2026-10-13_T+30_1789268425667_30xh,DEL-BOM,EaseMyTrip,AI,AI-9757,2026-10-13,T+30,9594,2106,11700,2026-09-13T02:38:16.223Z,TRUE,"High outlier: ₹11700 > upper fence ₹10183 (Q3: ₹7991, IQR: ₹1461)",11:50,FALSE
fare_DEL-BOM_AI_2026-10-13_T+30_1789268425667_x4x9,DEL-BOM,EaseMyTrip,AI,AI-9759,2026-10-13,T+30,9594,2106,11700,2026-09-13T02:38:16.223Z,TRUE,"High outlier: ₹11700 > upper fence ₹10183 (Q3: ₹7991, IQR: ₹1461)",06:00,FALSE
fare_DEL-BOM_AI_2026-10-13_T+30_1789268425667_enn4,DEL-BOM,EaseMyTrip,AI,AI-9418,2026-10-13,T+30,10712,2352,13064,2026-09-13T02:38:16.223Z,TRUE,"High outlier: ₹13064 > upper fence ₹10183 (Q3: ₹7991, IQR: ₹1461)",13:10,FALSE
fare_DEL-BOM_AI_2026-10-13_T+30_1789268425667_n7th,DEL-BOM,EaseMyTrip,AI,AI-2715,2026-10-13,T+30,11013,2418,13431,2026-09-13T02:38:16.223Z,TRUE,"High outlier: ₹13431 > upper fence ₹10183 (Q3: ₹7991, IQR: ₹1461)",11:40,FALSE
fare_DEL-BOM_AI_2026-10-13_T+30_1789268425667_va8g,DEL-BOM,EaseMyTrip,AI,AI-809,2026-10-13,T+30,11100,2436,13536,2026-09-13T02:38:16.223Z,TRUE,"High outlier: ₹13536 > upper fence ₹10183 (Q3: ₹7991, IQR: ₹1461)",17:40,FALSE
fare_DEL-BOM_QP_2026-10-13_T+30_1789268425667_bwg7,DEL-BOM,EaseMyTrip,QP,QP-1822,2026-10-13,T+30,11122,2441,13563,2026-09-13T02:38:16.223Z,TRUE,"High outlier: ₹13563 > upper fence ₹10183 (Q3: ₹7991, IQR: ₹1461)",16:40,FALSE
fare_DEL-BOM_6E_2026-10-13_T+30_1789268425667_x844,DEL-BOM,EaseMyTrip,6E,6E-6601,2026-10-13,T+30,11414,2506,13920,2026-09-13T02:38:16.223Z,TRUE,"High outlier: ₹13920 > upper fence ₹10183 (Q3: ₹7991, IQR: ₹1461)",19:45,FALSE
fare_DEL-BOM_AI_2026-10-13_T+30_1789268425667_p5fw,DEL-BOM,EaseMyTrip,AI,AI-2761,2026-10-13,T+30,12017,2638,14655,2026-09-13T02:38:16.223Z,TRUE,"High outlier: ₹14655 > upper fence ₹10183 (Q3: ₹7991, IQR: ₹1461)",16:25,FALSE
fare_DEL-BOM_AI_2026-10-13_T+30_1789268425667_pnke,DEL-BOM,EaseMyTrip,AI,AI-2907,2026-10-13,T+30,12289,2698,14987,2026-09-13T02:38:16.223Z,TRUE,"High outlier: ₹14987 > upper fence ₹10183 (Q3: ₹7991, IQR: ₹1461)",12:00,FALSE
fare_DEL-BOM_AI_2026-10-13_T+30_1789268425667_hlkk,DEL-BOM,EaseMyTrip,AI,AI-9584,2026-10-13,T+30,12779,2805,15584,2026-09-13T02:38:16.223Z,TRUE,"High outlier: ₹15584 > upper fence ₹10183 (Q3: ₹7991, IQR: ₹1461)",11:15,FALSE
fare_DEL-BOM_AI_2026-10-13_T+30_1789268425667_t866,DEL-BOM,EaseMyTrip,AI,AI-1743,2026-10-13,T+30,12850,2821,15671,2026-09-13T02:38:16.223Z,TRUE,"High outlier: ₹15671 > upper fence ₹10183 (Q3: ₹7991, IQR: ₹1461)",06:15,FALSE
fare_DEL-BOM_AI_2026-10-13_T+30_1789268425667_o49h,DEL-BOM,EaseMyTrip,AI,AI-2627,2026-10-13,T+30,12945,2842,15787,2026-09-13T02:38:16.223Z,TRUE,"High outlier: ₹15787 > upper fence ₹10183 (Q3: ₹7991, IQR: ₹1461)",10:45,FALSE
fare_DEL-BOM_AI_2026-10-13_T+30_1789268425667_kgld,DEL-BOM,EaseMyTrip,AI,AI-1773,2026-10-13,T+30,14281,3135,17416,2026-09-13T02:38:16.223Z,TRUE,"High outlier: ₹17416 > upper fence ₹10183 (Q3: ₹7991, IQR: ₹1461)",10:30,FALSE
fare_DEL-BOM_AI_2026-10-13_T+30_1789268425667_lkt0,DEL-BOM,EaseMyTrip,AI,AI-2577,2026-10-13,T+30,15856,3480,19336,2026-09-13T02:38:16.223Z,TRUE,"High outlier: ₹19336 > upper fence ₹10183 (Q3: ₹7991, IQR: ₹1461)",02:00,FALSE
fare_DEL-BOM_AI_2026-10-13_T+30_1789268425667_n118,DEL-BOM,EaseMyTrip,AI,AI-2859,2026-10-13,T+30,15856,3480,19336,2026-09-13T02:38:16.223Z,TRUE,"High outlier: ₹19336 > upper fence ₹10183 (Q3: ₹7991, IQR: ₹1461)",10:30,FALSE
fare_DEL-BOM_AI_2026-10-13_T+30_1789268425667_d5bo,DEL-BOM,EaseMyTrip,AI,AI-2465,2026-10-13,T+30,16202,3557,19759,2026-09-13T02:38:16.223Z,TRUE,"High outlier: ₹19759 > upper fence ₹10183 (Q3: ₹7991, IQR: ₹1461)",14:30,FALSE
fare_DEL-BOM_AI_2026-10-13_T+30_1789268425667_5iea,DEL-BOM,EaseMyTrip,AI,AI-427,2026-10-13,T+30,16755,3678,20433,2026-09-13T02:38:16.223Z,TRUE,"High outlier: ₹20433 > upper fence ₹10183 (Q3: ₹7991, IQR: ₹1461)",08:30,FALSE
fare_DEL-BOM_AI_2026-10-13_T+30_1789268425667_r2ct,DEL-BOM,EaseMyTrip,AI,AI-2653,2026-10-13,T+30,16879,3705,20584,2026-09-13T02:38:16.223Z,TRUE,"High outlier: ₹20584 > upper fence ₹10183 (Q3: ₹7991, IQR: ₹1461)",04:30,FALSE
fare_DEL-BOM_AI_2026-10-13_T+30_1789268425667_659b,DEL-BOM,EaseMyTrip,AI,AI-1779,2026-10-13,T+30,16897,3709,20606,2026-09-13T02:38:16.223Z,TRUE,"High outlier: ₹20606 > upper fence ₹10183 (Q3: ₹7991, IQR: ₹1461)",13:45,FALSE
fare_DEL-BOM_AI_2026-10-13_T+30_1789268425667_bfgu,DEL-BOM,EaseMyTrip,AI,AI-1739,2026-10-13,T+30,17126,3759,20885,2026-09-13T02:38:16.223Z,TRUE,"High outlier: ₹20885 > upper fence ₹10183 (Q3: ₹7991, IQR: ₹1461)",11:30,FALSE
fare_DEL-BOM_AI_2026-10-13_T+30_1789268425667_buxf,DEL-BOM,EaseMyTrip,AI,AI-2525,2026-10-13,T+30,17608,3865,21473,2026-09-13T02:38:16.223Z,TRUE,"High outlier: ₹21473 > upper fence ₹10183 (Q3: ₹7991, IQR: ₹1461)",06:00,FALSE
fare_DEL-BOM_AI_2026-10-13_T+30_1789268425667_qkpg,DEL-BOM,EaseMyTrip,AI,AI-2483,2026-10-13,T+30,17608,3865,21473,2026-09-13T02:38:16.223Z,TRUE,"High outlier: ₹21473 > upper fence ₹10183 (Q3: ₹7991, IQR: ₹1461)",12:20,FALSE
fare_DEL-BOM_IX_2026-10-28_T+45_1789268425668_qw21,DEL-BOM,EaseMyTrip,IX,IX-1286,2026-10-28,T+45,5568,1222,6790,2026-09-13T02:38:22.501Z,FALSE,"",12:00,FALSE
fare_DEL-BOM_IX_2026-10-28_T+45_1789268425668_mw6b,DEL-BOM,EaseMyTrip,IX,IX-1385,2026-10-28,T+45,5568,1222,6790,2026-09-13T02:38:22.501Z,FALSE,"",15:40,FALSE
fare_DEL-BOM_IX_2026-10-28_T+45_1789268425668_mfz7,DEL-BOM,EaseMyTrip,IX,IX-2241,2026-10-28,T+45,5568,1222,6790,2026-09-13T02:38:22.501Z,FALSE,"",06:20,FALSE
fare_DEL-BOM_IX_2026-10-28_T+45_1789268425668_yswx,DEL-BOM,EaseMyTrip,IX,IX-1392,2026-10-28,T+45,5568,1222,6790,2026-09-13T02:38:22.501Z,FALSE,"",12:30,FALSE
fare_DEL-BOM_SG_2026-10-28_T+45_1789268425668_zvwe,DEL-BOM,EaseMyTrip,SG,SG-177,2026-10-28,T+45,5353,1175,6528,2026-09-13T02:38:22.501Z,FALSE,"",06:30,TRUE
fare_DEL-BOM_SG_2026-10-28_T+45_1789268425668_sgra,DEL-BOM,EaseMyTrip,SG,SG-623,2026-10-28,T+45,5353,1175,6528,2026-09-13T02:38:22.501Z,FALSE,"",06:30,TRUE
fare_DEL-BOM_SG_2026-10-28_T+45_1789268425668_tvdb,DEL-BOM,EaseMyTrip,SG,SG-595,2026-10-28,T+45,5353,1175,6528,2026-09-13T02:38:22.501Z,FALSE,"",17:10,TRUE
fare_DEL-BOM_SG_2026-10-28_T+45_1789268425668_uj48,DEL-BOM,EaseMyTrip,SG,SG-624,2026-10-28,T+45,5353,1175,6528,2026-09-13T02:38:22.501Z,FALSE,"",17:10,TRUE
fare_DEL-BOM_SG_2026-10-28_T+45_1789268425668_75n5,DEL-BOM,EaseMyTrip,SG,SG-374,2026-10-28,T+45,5353,1175,6528,2026-09-13T02:38:22.501Z,FALSE,"",05:45,TRUE
fare_DEL-BOM_SG_2026-10-28_T+45_1789268425668_mz57,DEL-BOM,EaseMyTrip,SG,SG-133,2026-10-28,T+45,5353,1175,6528,2026-09-13T02:38:22.501Z,FALSE,"",05:45,TRUE
fare_DEL-BOM_IX_2026-10-28_T+45_1789268425668_yzxr,DEL-BOM,EaseMyTrip,IX,IX-1080,2026-10-28,T+45,5354,1175,6529,2026-09-13T02:38:22.501Z,FALSE,"",05:30,TRUE
fare_DEL-BOM_IX_2026-10-28_T+45_1789268425668_0f6x,DEL-BOM,EaseMyTrip,IX,IX-1463,2026-10-28,T+45,5354,1175,6529,2026-09-13T02:38:22.501Z,FALSE,"",17:40,TRUE
fare_DEL-BOM_IX_2026-10-28_T+45_1789268425668_h804,DEL-BOM,EaseMyTrip,IX,IX-1235,2026-10-28,T+45,5354,1175,6529,2026-09-13T02:38:22.501Z,FALSE,"",20:40,TRUE
fare_DEL-BOM_IX_2026-10-28_T+45_1789268425668_4nqq,DEL-BOM,EaseMyTrip,IX,IX-1056,2026-10-28,T+45,5354,1175,6529,2026-09-13T02:38:22.501Z,FALSE,"",08:45,TRUE
fare_DEL-BOM_IX_2026-10-28_T+45_1789268425668_uujx,DEL-BOM,EaseMyTrip,IX,IX-1021,2026-10-28,T+45,5902,1295,7197,2026-09-13T02:38:22.501Z,FALSE,"",19:35,FALSE
fare_DEL-BOM_IX_2026-10-28_T+45_1789268425668_r828,DEL-BOM,EaseMyTrip,IX,IX-1108,2026-10-28,T+45,5902,1295,7197,2026-09-13T02:38:22.501Z,FALSE,"",20:35,FALSE
fare_DEL-BOM_QP_2026-10-28_T+45_1789268425668_gqeb,DEL-BOM,EaseMyTrip,QP,QP-1116,2026-10-28,T+45,5355,1175,6530,2026-09-13T02:38:22.501Z,FALSE,"",21:45,TRUE
fare_DEL-BOM_QP_2026-10-28_T+45_1789268425668_otgo,DEL-BOM,EaseMyTrip,QP,QP-1112,2026-10-28,T+45,5355,1175,6530,2026-09-13T02:38:22.501Z,FALSE,"",10:00,TRUE
fare_DEL-BOM_6E_2026-10-28_T+45_1789268425668_0vw4,DEL-BOM,EaseMyTrip,6E,6E-5116,2026-10-28,T+45,5410,1188,6598,2026-09-13T02:38:22.501Z,FALSE,"",17:15,FALSE
fare_DEL-BOM_6E_2026-10-28_T+45_1789268425668_f8mi,DEL-BOM,EaseMyTrip,6E,6E-199,2026-10-28,T+45,5410,1188,6598,2026-09-13T02:38:22.501Z,FALSE,"",10:25,FALSE
fare_DEL-BOM_6E_2026-10-28_T+45_1789268425668_5y66,DEL-BOM,EaseMyTrip,6E,6E-534,2026-10-28,T+45,5410,1188,6598,2026-09-13T02:38:22.501Z,FALSE,"",10:25,FALSE
fare_DEL-BOM_SG_2026-10-28_T+45_1789268425668_gu00,DEL-BOM,EaseMyTrip,SG,SG-389,2026-10-28,T+45,5651,1241,6892,2026-09-13T02:38:22.501Z,FALSE,"",19:00,TRUE
fare_DEL-BOM_SG_2026-10-28_T+45_1789268425668_8fi2,DEL-BOM,EaseMyTrip,SG,SG-459,2026-10-28,T+45,5651,1241,6892,2026-09-13T02:38:22.501Z,FALSE,"",19:00,TRUE
fare_DEL-BOM_6E_2026-10-28_T+45_1789268425668_tuzc,DEL-BOM,EaseMyTrip,6E,6E-5252,2026-10-28,T+45,5427,1191,6618,2026-09-13T02:38:22.501Z,FALSE,"",05:30,FALSE
fare_DEL-BOM_6E_2026-10-28_T+45_1789268425668_ny0o,DEL-BOM,EaseMyTrip,6E,6E-2164,2026-10-28,T+45,5427,1191,6618,2026-09-13T02:38:22.501Z,FALSE,"",07:05,FALSE
fare_DEL-BOM_6E_2026-10-28_T+45_1789268425668_hee0,DEL-BOM,EaseMyTrip,6E,6E-6220,2026-10-28,T+45,5427,1191,6618,2026-09-13T02:38:22.501Z,FALSE,"",05:00,FALSE
fare_DEL-BOM_6E_2026-10-28_T+45_1789268425668_wbxo,DEL-BOM,EaseMyTrip,6E,6E-6829,2026-10-28,T+45,5518,1211,6729,2026-09-13T02:38:22.501Z,FALSE,"",16:45,FALSE
fare_DEL-BOM_6E_2026-10-28_T+45_1789268425668_zfdl,DEL-BOM,EaseMyTrip,6E,6E-6488,2026-10-28,T+45,5518,1211,6729,2026-09-13T02:38:22.501Z,FALSE,"",12:05,FALSE
fare_DEL-BOM_6E_2026-10-28_T+45_1789268425668_cqdz,DEL-BOM,EaseMyTrip,6E,6E-596,2026-10-28,T+45,5535,1215,6750,2026-09-13T02:38:22.501Z,FALSE,"",16:45,FALSE
fare_DEL-BOM_6E_2026-10-28_T+45_1789268425668_0qrf,DEL-BOM,EaseMyTrip,6E,6E-109,2026-10-28,T+45,5535,1215,6750,2026-09-13T02:38:22.501Z,FALSE,"",16:45,FALSE
fare_DEL-BOM_6E_2026-10-28_T+45_1789268425668_57ua,DEL-BOM,EaseMyTrip,6E,6E-6569,2026-10-28,T+45,5535,1215,6750,2026-09-13T02:38:22.501Z,FALSE,"",06:05,FALSE
fare_DEL-BOM_6E_2026-10-28_T+45_1789268425668_y4ak,DEL-BOM,EaseMyTrip,6E,6E-6808,2026-10-28,T+45,5599,1229,6828,2026-09-13T02:38:22.501Z,FALSE,"",13:25,FALSE
fare_DEL-BOM_6E_2026-10-28_T+45_1789268425668_mxwk,DEL-BOM,EaseMyTrip,6E,6E-6699,2026-10-28,T+45,5599,1229,6828,2026-09-13T02:38:22.501Z,FALSE,"",10:15,FALSE
fare_DEL-BOM_6E_2026-10-28_T+45_1789268425668_f3x6,DEL-BOM,EaseMyTrip,6E,6E-5175,2026-10-28,T+45,5674,1245,6919,2026-09-13T02:38:22.501Z,FALSE,"",12:55,TRUE
fare_DEL-BOM_6E_2026-10-28_T+45_1789268425668_fgqz,DEL-BOM,EaseMyTrip,6E,6E-5068,2026-10-28,T+45,5674,1246,6920,2026-09-13T02:38:22.501Z,FALSE,"",14:30,TRUE
fare_DEL-BOM_6E_2026-10-28_T+45_1789268425668_v6lo,DEL-BOM,EaseMyTrip,6E,6E-5025,2026-10-28,T+45,5707,1253,6960,2026-09-13T02:38:22.501Z,FALSE,"",09:20,FALSE
fare_DEL-BOM_QP_2026-10-28_T+45_1789268425668_2nvo,DEL-BOM,EaseMyTrip,QP,QP-1114,2026-10-28,T+45,5721,1256,6977,2026-09-13T02:38:22.501Z,FALSE,"",16:00,TRUE
fare_DEL-BOM_6E_2026-10-28_T+45_1789268425668_84pr,DEL-BOM,EaseMyTrip,6E,6E-5289,2026-10-28,T+45,5756,1263,7019,2026-09-13T02:38:22.501Z,FALSE,"",06:45,TRUE
fare_DEL-BOM_6E_2026-10-28_T+45_1789268425668_lun7,DEL-BOM,EaseMyTrip,6E,6E-184,2026-10-28,T+45,5756,1263,7019,2026-09-13T02:38:22.501Z,FALSE,"",03:30,TRUE
fare_DEL-BOM_6E_2026-10-28_T+45_1789268425668_zr12,DEL-BOM,EaseMyTrip,6E,6E-832,2026-10-28,T+45,5756,1263,7019,2026-09-13T02:38:22.501Z,FALSE,"",03:30,TRUE
fare_DEL-BOM_6E_2026-10-28_T+45_1789268425668_spb5,DEL-BOM,EaseMyTrip,6E,6E-6114,2026-10-28,T+45,5756,1263,7019,2026-09-13T02:38:22.501Z,FALSE,"",23:00,TRUE
fare_DEL-BOM_6E_2026-10-28_T+45_1789268425668_vk0i,DEL-BOM,EaseMyTrip,6E,6E-537,2026-10-28,T+45,5756,1263,7019,2026-09-13T02:38:22.501Z,FALSE,"",22:00,TRUE
fare_DEL-BOM_6E_2026-10-28_T+45_1789268425668_9lmy,DEL-BOM,EaseMyTrip,6E,6E-230,2026-10-28,T+45,5756,1263,7019,2026-09-13T02:38:22.501Z,FALSE,"",22:00,TRUE
fare_DEL-BOM_6E_2026-10-28_T+45_1789268425668_xhpz,DEL-BOM,EaseMyTrip,6E,6E-868,2026-10-28,T+45,5756,1263,7019,2026-09-13T02:38:22.501Z,FALSE,"",21:00,TRUE
fare_DEL-BOM_6E_2026-10-28_T+45_1789268425668_ed7b,DEL-BOM,EaseMyTrip,6E,6E-794,2026-10-28,T+45,5756,1263,7019,2026-09-13T02:38:22.501Z,FALSE,"",21:00,TRUE
fare_DEL-BOM_6E_2026-10-28_T+45_1789268425668_qsyo,DEL-BOM,EaseMyTrip,6E,6E-6706,2026-10-28,T+45,5756,1263,7019,2026-09-13T02:38:22.501Z,FALSE,"",17:00,TRUE
fare_DEL-BOM_6E_2026-10-28_T+45_1789268425668_umfd,DEL-BOM,EaseMyTrip,6E,6E-920,2026-10-28,T+45,5756,1263,7019,2026-09-13T02:38:22.501Z,FALSE,"",16:15,TRUE
fare_DEL-BOM_6E_2026-10-28_T+45_1789268425668_jz7g,DEL-BOM,EaseMyTrip,6E,6E-405,2026-10-28,T+45,5756,1263,7019,2026-09-13T02:38:22.501Z,FALSE,"",16:15,TRUE
fare_DEL-BOM_6E_2026-10-28_T+45_1789268425668_9zu4,DEL-BOM,EaseMyTrip,6E,6E-801,2026-10-28,T+45,5756,1263,7019,2026-09-13T02:38:22.501Z,FALSE,"",15:30,TRUE
fare_DEL-BOM_6E_2026-10-28_T+45_1789268425668_u808,DEL-BOM,EaseMyTrip,6E,6E-738,2026-10-28,T+45,5756,1263,7019,2026-09-13T02:38:22.501Z,FALSE,"",15:30,TRUE
fare_DEL-BOM_6E_2026-10-28_T+45_1789268425668_qp48,DEL-BOM,EaseMyTrip,6E,6E-6318,2026-10-28,T+45,5756,1263,7019,2026-09-13T02:38:22.501Z,FALSE,"",14:45,TRUE
fare_DEL-BOM_6E_2026-10-28_T+45_1789268425668_vyh0,DEL-BOM,EaseMyTrip,6E,6E-6022,2026-10-28,T+45,5756,1263,7019,2026-09-13T02:38:22.501Z,FALSE,"",14:00,TRUE
fare_DEL-BOM_6E_2026-10-28_T+45_1789268425668_hhki,DEL-BOM,EaseMyTrip,6E,6E-555,2026-10-28,T+45,5756,1263,7019,2026-09-13T02:38:22.501Z,FALSE,"",13:15,TRUE
fare_DEL-BOM_6E_2026-10-28_T+45_1789268425668_6iet,DEL-BOM,EaseMyTrip,6E,6E-242,2026-10-28,T+45,5756,1263,7019,2026-09-13T02:38:22.501Z,FALSE,"",13:15,TRUE
fare_DEL-BOM_6E_2026-10-28_T+45_1789268425668_7yt2,DEL-BOM,EaseMyTrip,6E,6E-198,2026-10-28,T+45,5756,1263,7019,2026-09-13T02:38:22.501Z,FALSE,"",05:00,TRUE
fare_DEL-BOM_6E_2026-10-28_T+45_1789268425668_jmta,DEL-BOM,EaseMyTrip,6E,6E-189,2026-10-28,T+45,5756,1263,7019,2026-09-13T02:38:22.501Z,FALSE,"",05:00,TRUE
fare_DEL-BOM_6E_2026-10-28_T+45_1789268425668_1xwv,DEL-BOM,EaseMyTrip,6E,6E-6218,2026-10-28,T+45,5756,1263,7019,2026-09-13T02:38:22.501Z,FALSE,"",06:05,TRUE
fare_DEL-BOM_6E_2026-10-28_T+45_1789268425668_jdco,DEL-BOM,EaseMyTrip,6E,6E-175,2026-10-28,T+45,5756,1263,7019,2026-09-13T02:38:22.501Z,FALSE,"",08:00,TRUE
fare_DEL-BOM_6E_2026-10-28_T+45_1789268425668_1rff,DEL-BOM,EaseMyTrip,6E,6E-525,2026-10-28,T+45,5756,1263,7019,2026-09-13T02:38:22.501Z,FALSE,"",08:00,TRUE
fare_DEL-BOM_6E_2026-10-28_T+45_1789268425668_07sj,DEL-BOM,EaseMyTrip,6E,6E-6107,2026-10-28,T+45,5756,1263,7019,2026-09-13T02:38:22.501Z,FALSE,"",09:30,TRUE
fare_DEL-BOM_6E_2026-10-28_T+45_1789268425668_livh,DEL-BOM,EaseMyTrip,6E,6E-6328,2026-10-28,T+45,5756,1263,7019,2026-09-13T02:38:22.501Z,FALSE,"",10:15,TRUE
fare_DEL-BOM_6E_2026-10-28_T+45_1789268425668_bomy,DEL-BOM,EaseMyTrip,6E,6E-6047,2026-10-28,T+45,5756,1263,7019,2026-09-13T02:38:22.501Z,FALSE,"",11:00,TRUE
fare_DEL-BOM_6E_2026-10-28_T+45_1789268425668_2ic5,DEL-BOM,EaseMyTrip,6E,6E-6676,2026-10-28,T+45,5756,1263,7019,2026-09-13T02:38:22.501Z,FALSE,"",12:30,TRUE
fare_DEL-BOM_6E_2026-10-28_T+45_1789268425668_k5ia,DEL-BOM,EaseMyTrip,6E,6E-965,2026-10-28,T+45,5756,1263,7019,2026-09-13T02:38:22.501Z,FALSE,"",08:45,TRUE
fare_DEL-BOM_6E_2026-10-28_T+45_1789268425668_dwtu,DEL-BOM,EaseMyTrip,6E,6E-968,2026-10-28,T+45,5756,1263,7019,2026-09-13T02:38:22.501Z,FALSE,"",08:45,TRUE
fare_DEL-BOM_6E_2026-10-28_T+45_1789268425668_c28e,DEL-BOM,EaseMyTrip,6E,6E-6051,2026-10-28,T+45,5756,1263,7019,2026-09-13T02:38:22.501Z,FALSE,"",11:45,TRUE
fare_DEL-BOM_6E_2026-10-28_T+45_1789268425668_f4p3,DEL-BOM,EaseMyTrip,6E,6E-2150,2026-10-28,T+45,5771,1267,7038,2026-09-13T02:38:22.501Z,FALSE,"",17:05,FALSE
fare_DEL-BOM_6E_2026-10-28_T+45_1789268425668_exnp,DEL-BOM,EaseMyTrip,6E,6E-7646,2026-10-28,T+45,5812,1276,7088,2026-09-13T02:38:22.501Z,FALSE,"",06:20,FALSE
fare_DEL-BOM_6E_2026-10-28_T+45_1789268425668_6lgk,DEL-BOM,EaseMyTrip,6E,6E-2289,2026-10-28,T+45,5819,1277,7096,2026-09-13T02:38:22.501Z,FALSE,"",17:05,FALSE
fare_DEL-BOM_6E_2026-10-28_T+45_1789268425668_kngb,DEL-BOM,EaseMyTrip,6E,6E-6787,2026-10-28,T+45,5819,1277,7096,2026-09-13T02:38:22.501Z,FALSE,"",14:40,FALSE
fare_DEL-BOM_6E_2026-10-28_T+45_1789268425668_cqpx,DEL-BOM,EaseMyTrip,6E,6E-6878,2026-10-28,T+45,5819,1277,7096,2026-09-13T02:38:22.501Z,FALSE,"",07:30,FALSE
fare_DEL-BOM_QP_2026-10-28_T+45_1789268425668_bel9,DEL-BOM,EaseMyTrip,QP,QP-1118,2026-10-28,T+45,5824,1279,7103,2026-09-13T02:38:22.501Z,FALSE,"",17:30,TRUE
fare_DEL-BOM_AI_2026-10-28_T+45_1789268425668_uqjk,DEL-BOM,EaseMyTrip,AI,AI-2678,2026-10-28,T+45,6012,1320,7332,2026-09-13T02:38:22.501Z,FALSE,"",08:30,TRUE
fare_DEL-BOM_AI_2026-10-28_T+45_1789268425668_suun,DEL-BOM,EaseMyTrip,AI,AI-2963,2026-10-28,T+45,6012,1320,7332,2026-09-13T02:38:22.501Z,FALSE,"",09:00,TRUE
fare_DEL-BOM_AI_2026-10-28_T+45_1789268425668_7pp1,DEL-BOM,EaseMyTrip,AI,AI-2573,2026-10-28,T+45,6012,1320,7332,2026-09-13T02:38:22.501Z,FALSE,"",05:30,TRUE
fare_DEL-BOM_AI_2026-10-28_T+45_1789268425668_nuwy,DEL-BOM,EaseMyTrip,AI,AI-2975,2026-10-28,T+45,6012,1320,7332,2026-09-13T02:38:22.501Z,FALSE,"",06:30,TRUE
fare_DEL-BOM_AI_2026-10-28_T+45_1789268425668_ng7d,DEL-BOM,EaseMyTrip,AI,AI-2927,2026-10-28,T+45,6012,1320,7332,2026-09-13T02:38:22.501Z,FALSE,"",09:30,TRUE
fare_DEL-BOM_AI_2026-10-28_T+45_1789268425668_xc6h,DEL-BOM,EaseMyTrip,AI,AI-2425,2026-10-28,T+45,6012,1320,7332,2026-09-13T02:38:22.501Z,FALSE,"",10:30,TRUE
fare_DEL-BOM_AI_2026-10-28_T+45_1789268425668_3oth,DEL-BOM,EaseMyTrip,AI,AI-2587,2026-10-28,T+45,6012,1320,7332,2026-09-13T02:38:22.501Z,FALSE,"",12:00,TRUE
fare_DEL-BOM_AI_2026-10-28_T+45_1789268425668_q6dz,DEL-BOM,EaseMyTrip,AI,AI-2941,2026-10-28,T+45,6012,1320,7332,2026-09-13T02:38:22.501Z,FALSE,"",16:30,TRUE
fare_DEL-BOM_AI_2026-10-28_T+45_1789268425668_uqxi,DEL-BOM,EaseMyTrip,AI,AI-2555,2026-10-28,T+45,6012,1320,7332,2026-09-13T02:38:22.501Z,FALSE,"",17:30,TRUE
fare_DEL-BOM_AI_2026-10-28_T+45_1789268425668_epni,DEL-BOM,EaseMyTrip,AI,AI-2957,2026-10-28,T+45,6012,1320,7332,2026-09-13T02:38:22.501Z,FALSE,"",20:30,TRUE
fare_DEL-BOM_AI_2026-10-28_T+45_1789268425668_oimg,DEL-BOM,EaseMyTrip,AI,AI-2981,2026-10-28,T+45,6012,1320,7332,2026-09-13T02:38:22.501Z,FALSE,"",21:00,TRUE
fare_DEL-BOM_AI_2026-10-28_T+45_1789268425668_10pm,DEL-BOM,EaseMyTrip,AI,AI-2999,2026-10-28,T+45,6012,1320,7332,2026-09-13T02:38:22.501Z,FALSE,"",22:00,TRUE
fare_DEL-BOM_AI_2026-10-28_T+45_1789268425668_2pj6,DEL-BOM,EaseMyTrip,AI,AI-2437,2026-10-28,T+45,6012,1320,7332,2026-09-13T02:38:22.501Z,FALSE,"",22:30,TRUE
fare_DEL-BOM_AI_2026-10-28_T+45_1789268425668_3al0,DEL-BOM,EaseMyTrip,AI,AI-441,2026-10-28,T+45,6012,1320,7332,2026-09-13T02:38:22.501Z,FALSE,"",17:05,TRUE
fare_DEL-BOM_AI_2026-10-28_T+45_1789268425668_p75x,DEL-BOM,EaseMyTrip,AI,AI-2592,2026-10-28,T+45,6012,1320,7332,2026-09-13T02:38:22.501Z,FALSE,"",14:25,TRUE
fare_DEL-BOM_QP_2026-10-28_T+45_1789268425668_egrn,DEL-BOM,EaseMyTrip,QP,QP-2021,2026-10-28,T+45,5856,1285,7141,2026-09-13T02:38:22.501Z,FALSE,"",20:10,TRUE
fare_DEL-BOM_6E_2026-10-28_T+45_1789268425668_kq2q,DEL-BOM,EaseMyTrip,6E,6E-2298,2026-10-28,T+45,5856,1286,7142,2026-09-13T02:38:22.501Z,FALSE,"",11:05,FALSE
fare_DEL-BOM_6E_2026-10-28_T+45_1789268425668_paih,DEL-BOM,EaseMyTrip,6E,6E-946,2026-10-28,T+45,5879,1290,7169,2026-09-13T02:38:22.501Z,FALSE,"",20:00,TRUE
fare_DEL-BOM_6E_2026-10-28_T+45_1789268425668_s534,DEL-BOM,EaseMyTrip,6E,6E-693,2026-10-28,T+45,5879,1290,7169,2026-09-13T02:38:22.501Z,FALSE,"",20:00,TRUE
fare_DEL-BOM_6E_2026-10-28_T+45_1789268425668_vxdo,DEL-BOM,EaseMyTrip,6E,6E-388,2026-10-28,T+45,5879,1290,7169,2026-09-13T02:38:22.501Z,FALSE,"",19:15,TRUE
fare_DEL-BOM_6E_2026-10-28_T+45_1789268425668_0ivq,DEL-BOM,EaseMyTrip,6E,6E-122,2026-10-28,T+45,5879,1290,7169,2026-09-13T02:38:22.501Z,FALSE,"",19:15,TRUE
fare_DEL-BOM_6E_2026-10-28_T+45_1789268425668_dll7,DEL-BOM,EaseMyTrip,6E,6E-499,2026-10-28,T+45,5879,1290,7169,2026-09-13T02:38:22.501Z,FALSE,"",17:45,TRUE
fare_DEL-BOM_6E_2026-10-28_T+45_1789268425668_odp6,DEL-BOM,EaseMyTrip,6E,6E-124,2026-10-28,T+45,5879,1290,7169,2026-09-13T02:38:22.501Z,FALSE,"",17:45,TRUE
fare_DEL-BOM_6E_2026-10-28_T+45_1789268425668_yy40,DEL-BOM,EaseMyTrip,6E,6E-2402,2026-10-28,T+45,5965,1309,7274,2026-09-13T02:38:22.501Z,FALSE,"",06:30,FALSE
fare_DEL-BOM_6E_2026-10-28_T+45_1789268425668_1rwf,DEL-BOM,EaseMyTrip,6E,6E-6004,2026-10-28,T+45,5965,1309,7274,2026-09-13T02:38:22.501Z,FALSE,"",05:10,FALSE
fare_DEL-BOM_AI_2026-10-28_T+45_1789268425668_nk2y,DEL-BOM,EaseMyTrip,AI,AI-2943,2026-10-28,T+45,6163,1353,7516,2026-09-13T02:38:22.501Z,FALSE,"",07:30,TRUE
fare_DEL-BOM_AI_2026-10-28_T+45_1789268425668_q48x,DEL-BOM,EaseMyTrip,AI,AI-2433,2026-10-28,T+45,6163,1353,7516,2026-09-13T02:38:22.501Z,FALSE,"",21:30,TRUE
fare_DEL-BOM_6E_2026-10-28_T+45_1789268425668_we01,DEL-BOM,EaseMyTrip,6E,6E-6050,2026-10-28,T+45,6029,1323,7352,2026-09-13T02:38:22.501Z,FALSE,"",09:20,FALSE
fare_DEL-BOM_AI_2026-10-28_T+45_1789268425668_8c1t,DEL-BOM,EaseMyTrip,AI,AI-2439,2026-10-28,T+45,6262,1375,7637,2026-09-13T02:38:22.501Z,FALSE,"",23:00,TRUE
fare_DEL-BOM_6E_2026-10-28_T+45_1789268425668_r9z2,DEL-BOM,EaseMyTrip,6E,6E-6814,2026-10-28,T+45,6125,1344,7469,2026-09-13T02:38:22.501Z,FALSE,"",07:00,TRUE
fare_DEL-BOM_AI_2026-10-28_T+45_1789268425668_eba9,DEL-BOM,EaseMyTrip,AI,AI-2933,2026-10-28,T+45,6381,1401,7782,2026-09-13T02:38:22.501Z,FALSE,"",15:30,TRUE
fare_DEL-BOM_AI_2026-10-28_T+45_1789268425668_8eo7,DEL-BOM,EaseMyTrip,AI,AI-2429,2026-10-28,T+45,6381,1401,7782,2026-09-13T02:38:22.501Z,FALSE,"",07:00,TRUE
fare_DEL-BOM_AI_2026-10-28_T+45_1789268425668_az2j,DEL-BOM,EaseMyTrip,AI,AI-2951,2026-10-28,T+45,6381,1401,7782,2026-09-13T02:38:22.501Z,FALSE,"",13:30,TRUE
fare_DEL-BOM_6E_2026-10-28_T+45_1789268425668_azy9,DEL-BOM,EaseMyTrip,6E,6E-7643,2026-10-28,T+45,6245,1371,7616,2026-09-13T02:38:22.501Z,FALSE,"",16:45,FALSE
fare_DEL-BOM_6E_2026-10-28_T+45_1789268425668_5uli,DEL-BOM,EaseMyTrip,6E,6E-2105,2026-10-28,T+45,6268,1376,7644,2026-09-13T02:38:22.501Z,FALSE,"",05:10,FALSE
fare_DEL-BOM_6E_2026-10-28_T+45_1789268425668_3me0,DEL-BOM,EaseMyTrip,6E,6E-6261,2026-10-28,T+45,6268,1376,7644,2026-09-13T02:38:22.501Z,FALSE,"",00:20,FALSE
fare_DEL-BOM_IX_2026-10-28_T+45_1789268425668_lcj2,DEL-BOM,EaseMyTrip,IX,IX-1371,2026-10-28,T+45,6831,1499,8330,2026-09-13T02:38:22.501Z,FALSE,"",19:00,FALSE
fare_DEL-BOM_6E_2026-10-28_T+45_1789268425668_4g3j,DEL-BOM,EaseMyTrip,6E,6E-438,2026-10-28,T+45,6315,1386,7701,2026-09-13T02:38:22.501Z,FALSE,"",19:30,TRUE
fare_DEL-BOM_6E_2026-10-28_T+45_1789268425668_ewqz,DEL-BOM,EaseMyTrip,6E,6E-922,2026-10-28,T+45,6315,1386,7701,2026-09-13T02:38:22.501Z,FALSE,"",19:30,TRUE
fare_DEL-BOM_6E_2026-10-28_T+45_1789268425668_8rfq,DEL-BOM,EaseMyTrip,6E,6E-410,2026-10-28,T+45,6329,1389,7718,2026-09-13T02:38:22.501Z,FALSE,"",19:35,FALSE
fare_DEL-BOM_6E_2026-10-28_T+45_1789268425668_awvb,DEL-BOM,EaseMyTrip,6E,6E-582,2026-10-28,T+45,6329,1389,7718,2026-09-13T02:38:22.501Z,FALSE,"",19:35,FALSE
fare_DEL-BOM_6E_2026-10-28_T+45_1789268425668_r6wp,DEL-BOM,EaseMyTrip,6E,6E-2571,2026-10-28,T+45,6331,1390,7721,2026-09-13T02:38:22.501Z,FALSE,"",15:35,FALSE
fare_DEL-BOM_6E_2026-10-28_T+45_1789268425668_7f6s,DEL-BOM,EaseMyTrip,6E,6E-715,2026-10-28,T+45,6371,1398,7769,2026-09-13T02:38:22.501Z,FALSE,"",18:30,TRUE
fare_DEL-BOM_6E_2026-10-28_T+45_1789268425668_equl,DEL-BOM,EaseMyTrip,6E,6E-666,2026-10-28,T+45,6371,1398,7769,2026-09-13T02:38:22.501Z,FALSE,"",18:30,TRUE
fare_DEL-BOM_AI_2026-10-28_T+45_1789268425668_1c7b,DEL-BOM,EaseMyTrip,AI,AI-2985,2026-10-28,T+45,6544,1436,7980,2026-09-13T02:38:22.501Z,FALSE,"",19:30,TRUE
fare_DEL-BOM_AI_2026-10-28_T+45_1789268425668_ryhg,DEL-BOM,EaseMyTrip,AI,AI-2945,2026-10-28,T+45,6553,1439,7992,2026-09-13T02:38:22.501Z,FALSE,"",11:00,TRUE
fare_DEL-BOM_AI_2026-10-28_T+45_1789268425668_zipu,DEL-BOM,EaseMyTrip,AI,AI-2805,2026-10-28,T+45,6650,1460,8110,2026-09-13T02:38:22.501Z,FALSE,"",20:00,TRUE
fare_DEL-BOM_6E_2026-10-28_T+45_1789268425668_46m6,DEL-BOM,EaseMyTrip,6E,6E-5225,2026-10-28,T+45,6501,1427,7928,2026-09-13T02:38:22.501Z,FALSE,"",15:45,FALSE
fare_DEL-BOM_IX_2026-10-28_T+45_1789268425668_xhus,DEL-BOM,EaseMyTrip,IX,IX-1090,2026-10-28,T+45,7067,1551,8618,2026-09-13T02:38:22.501Z,FALSE,"",12:55,FALSE
fare_DEL-BOM_AI_2026-10-28_T+45_1789268425668_n5b3,DEL-BOM,EaseMyTrip,AI,AI-2977,2026-10-28,T+45,6812,1495,8307,2026-09-13T02:38:22.501Z,FALSE,"",19:00,TRUE
fare_DEL-BOM_AI_2026-10-28_T+45_1789268425668_0hg2,DEL-BOM,EaseMyTrip,AI,AI-2955,2026-10-28,T+45,6812,1495,8307,2026-09-13T02:38:22.501Z,FALSE,"",18:00,TRUE
fare_DEL-BOM_6E_2026-10-28_T+45_1789268425668_lc4e,DEL-BOM,EaseMyTrip,6E,6E-2013,2026-10-28,T+45,6848,1503,8351,2026-09-13T02:38:22.501Z,FALSE,"",21:55,FALSE
fare_DEL-BOM_IX_2026-10-28_T+45_1789268425668_f897,DEL-BOM,EaseMyTrip,IX,IX-1196,2026-10-28,T+45,7486,1643,9129,2026-09-13T02:38:22.501Z,FALSE,"",18:35,FALSE
fare_DEL-BOM_6E_2026-10-28_T+45_1789268425668_vhp2,DEL-BOM,EaseMyTrip,6E,6E-5058,2026-10-28,T+45,7127,1565,8692,2026-09-13T02:38:22.501Z,FALSE,"",13:30,FALSE
fare_DEL-BOM_6E_2026-10-28_T+45_1789268425668_as6e,DEL-BOM,EaseMyTrip,6E,6E-371,2026-10-28,T+45,7127,1565,8692,2026-09-13T02:38:22.501Z,FALSE,"",18:15,FALSE
fare_DEL-BOM_6E_2026-10-28_T+45_1789268425668_5n0o,DEL-BOM,EaseMyTrip,6E,6E-484,2026-10-28,T+45,7127,1565,8692,2026-09-13T02:38:22.501Z,FALSE,"",18:15,FALSE
fare_DEL-BOM_6E_2026-10-28_T+45_1789268425668_r04e,DEL-BOM,EaseMyTrip,6E,6E-2250,2026-10-28,T+45,7127,1565,8692,2026-09-13T02:38:22.501Z,FALSE,"",18:10,FALSE
fare_DEL-BOM_6E_2026-10-28_T+45_1789268425668_g5ac,DEL-BOM,EaseMyTrip,6E,6E-992,2026-10-28,T+45,7127,1565,8692,2026-09-13T02:38:22.501Z,FALSE,"",08:30,FALSE
fare_DEL-BOM_6E_2026-10-28_T+45_1789268425668_34u5,DEL-BOM,EaseMyTrip,6E,6E-948,2026-10-28,T+45,7127,1565,8692,2026-09-13T02:38:22.501Z,FALSE,"",08:30,FALSE
fare_DEL-BOM_6E_2026-10-28_T+45_1789268425668_vxcf,DEL-BOM,EaseMyTrip,6E,6E-6212,2026-10-28,T+45,7127,1565,8692,2026-09-13T02:38:22.501Z,FALSE,"",14:50,FALSE
fare_DEL-BOM_6E_2026-10-28_T+45_1789268425668_ngbh,DEL-BOM,EaseMyTrip,6E,6E-689,2026-10-28,T+45,7127,1565,8692,2026-09-13T02:38:22.501Z,FALSE,"",02:25,FALSE
fare_DEL-BOM_6E_2026-10-28_T+45_1789268425668_j7bj,DEL-BOM,EaseMyTrip,6E,6E-821,2026-10-28,T+45,7127,1565,8692,2026-09-13T02:38:22.501Z,FALSE,"",02:25,FALSE
fare_DEL-BOM_6E_2026-10-28_T+45_1789268425668_746k,DEL-BOM,EaseMyTrip,6E,6E-6293,2026-10-28,T+45,7127,1565,8692,2026-09-13T02:38:22.501Z,FALSE,"",10:00,FALSE
fare_DEL-BOM_6E_2026-10-28_T+45_1789268425668_nlb0,DEL-BOM,EaseMyTrip,6E,6E-2303,2026-10-28,T+45,7127,1565,8692,2026-09-13T02:38:22.501Z,FALSE,"",05:15,FALSE
fare_DEL-BOM_6E_2026-10-28_T+45_1789268425668_p097,DEL-BOM,EaseMyTrip,6E,6E-673,2026-10-28,T+45,7127,1565,8692,2026-09-13T02:38:22.501Z,FALSE,"",02:25,FALSE
fare_DEL-BOM_6E_2026-10-28_T+45_1789268425668_iic7,DEL-BOM,EaseMyTrip,6E,6E-796,2026-10-28,T+45,7127,1565,8692,2026-09-13T02:38:22.501Z,FALSE,"",02:25,FALSE
fare_DEL-BOM_6E_2026-10-28_T+45_1789268425668_fewy,DEL-BOM,EaseMyTrip,6E,6E-572,2026-10-28,T+45,7192,1579,8771,2026-09-13T02:38:22.501Z,FALSE,"",11:55,FALSE
fare_DEL-BOM_IX_2026-10-28_T+45_1789268425668_n54u,DEL-BOM,EaseMyTrip,IX,IX-1064,2026-10-28,T+45,8142,1787,9929,2026-09-13T02:38:22.501Z,FALSE,"",19:10,FALSE
fare_DEL-BOM_IX_2026-10-28_T+45_1789268425668_f2gn,DEL-BOM,EaseMyTrip,IX,IX-1525,2026-10-28,T+45,8142,1787,9929,2026-09-13T02:38:22.501Z,FALSE,"",08:40,FALSE
fare_DEL-BOM_IX_2026-10-28_T+45_1789268425668_pbup,DEL-BOM,EaseMyTrip,IX,IX-1379,2026-10-28,T+45,8142,1787,9929,2026-09-13T02:38:22.501Z,FALSE,"",05:15,FALSE
fare_DEL-BOM_IX_2026-10-28_T+45_1789268425668_wbbh,DEL-BOM,EaseMyTrip,IX,IX-2222,2026-10-28,T+45,8142,1787,9929,2026-09-13T02:38:22.501Z,FALSE,"",20:40,FALSE
fare_DEL-BOM_IX_2026-10-28_T+45_1789268425668_7ngg,DEL-BOM,EaseMyTrip,IX,IX-1057,2026-10-28,T+45,8142,1787,9929,2026-09-13T02:38:22.501Z,FALSE,"",09:25,FALSE
fare_DEL-BOM_6E_2026-10-28_T+45_1789268425668_utso,DEL-BOM,EaseMyTrip,6E,6E-6601,2026-10-28,T+45,7698,1690,9388,2026-09-13T02:38:22.501Z,FALSE,"",19:45,FALSE
fare_DEL-BOM_AI_2026-10-28_T+45_1789268425668_o6zb,DEL-BOM,EaseMyTrip,AI,AI-2577,2026-10-28,T+45,8114,1781,9895,2026-09-13T02:38:22.501Z,FALSE,"",06:00,FALSE
fare_DEL-BOM_AI_2026-10-28_T+45_1789268425668_5hwy,DEL-BOM,EaseMyTrip,AI,AI-1717,2026-10-28,T+45,8390,1842,10232,2026-09-13T02:38:22.501Z,FALSE,"",13:55,FALSE
fare_DEL-BOM_AI_2026-10-28_T+45_1789268425668_feia,DEL-BOM,EaseMyTrip,AI,AI-2499,2026-10-28,T+45,8743,1919,10662,2026-09-13T02:38:22.501Z,FALSE,"",06:00,FALSE
fare_DEL-BOM_AI_2026-10-28_T+45_1789268425668_huml,DEL-BOM,EaseMyTrip,AI,AI-1713,2026-10-28,T+45,8766,1924,10690,2026-09-13T02:38:22.501Z,FALSE,"",20:15,FALSE
fare_DEL-BOM_AI_2026-10-28_T+45_1789268425668_7u1q,DEL-BOM,EaseMyTrip,AI,AI-1705,2026-10-28,T+45,8884,1950,10834,2026-09-13T02:38:22.501Z,FALSE,"",06:30,FALSE
fare_DEL-BOM_AI_2026-10-28_T+45_1789268425668_p6hr,DEL-BOM,EaseMyTrip,AI,AI-9581,2026-10-28,T+45,10286,2258,12544,2026-09-13T02:38:22.501Z,TRUE,"High outlier: ₹12544 > upper fence ₹11202 (Q3: ₹8692, IQR: ₹1673)",12:55,FALSE
fare_DEL-BOM_6E_2026-10-28_T+45_1789268425668_d3t5,DEL-BOM,EaseMyTrip,6E,6E-7626,2026-10-28,T+45,10249,2250,12499,2026-09-13T02:38:22.501Z,TRUE,"High outlier: ₹12499 > upper fence ₹11202 (Q3: ₹8692, IQR: ₹1673)",09:35,FALSE
fare_DEL-BOM_IX_2026-10-28_T+45_1789268425668_a06w,DEL-BOM,EaseMyTrip,IX,IX-2764,2026-10-28,T+45,12058,2647,14705,2026-09-13T02:38:22.501Z,TRUE,"High outlier: ₹14705 > upper fence ₹11202 (Q3: ₹8692, IQR: ₹1673)",12:30,FALSE
fare_DEL-BOM_IX_2026-10-28_T+45_1789268425668_fw5v,DEL-BOM,EaseMyTrip,IX,IX-1979,2026-10-28,T+45,12440,2731,15171,2026-09-13T02:38:22.501Z,TRUE,"High outlier: ₹15171 > upper fence ₹11202 (Q3: ₹8692, IQR: ₹1673)",11:10,FALSE
fare_DEL-BOM_IX_2026-10-28_T+45_1789268425668_393m,DEL-BOM,EaseMyTrip,IX,IX-1059,2026-10-28,T+45,12671,2782,15453,2026-09-13T02:38:22.501Z,TRUE,"High outlier: ₹15453 > upper fence ₹11202 (Q3: ₹8692, IQR: ₹1673)",15:40,FALSE
fare_DEL-BOM_IX_2026-10-28_T+45_1789268425668_hshr,DEL-BOM,EaseMyTrip,IX,IX-1046,2026-10-28,T+45,12406,2723,15129,2026-09-13T02:38:22.501Z,TRUE,"High outlier: ₹15129 > upper fence ₹11202 (Q3: ₹8692, IQR: ₹1673)",07:25,FALSE
fare_DEL-BOM_AI_2026-10-28_T+45_1789268425668_x3wt,DEL-BOM,EaseMyTrip,AI,AI-2537,2026-10-28,T+45,12457,2735,15192,2026-09-13T02:38:22.501Z,TRUE,"High outlier: ₹15192 > upper fence ₹11202 (Q3: ₹8692, IQR: ₹1673)",17:30,FALSE
fare_DEL-BOM_AI_2026-10-28_T+45_1789268425668_xoku,DEL-BOM,EaseMyTrip,AI,AI-2607,2026-10-28,T+45,12650,2777,15427,2026-09-13T02:38:22.501Z,TRUE,"High outlier: ₹15427 > upper fence ₹11202 (Q3: ₹8692, IQR: ₹1673)",07:00,FALSE
fare_DEL-BOM_AI_2026-10-28_T+45_1789268425668_ebn6,DEL-BOM,EaseMyTrip,AI,AI-2643,2026-10-28,T+45,12850,2821,15671,2026-09-13T02:38:22.501Z,TRUE,"High outlier: ₹15671 > upper fence ₹11202 (Q3: ₹8692, IQR: ₹1673)",06:00,FALSE
fare_DEL-BOM_QP_2026-10-28_T+45_1789268425668_obwe,DEL-BOM,EaseMyTrip,QP,QP-1815,2026-10-28,T+45,12690,2786,15476,2026-09-13T02:38:22.501Z,TRUE,"High outlier: ₹15476 > upper fence ₹11202 (Q3: ₹8692, IQR: ₹1673)",14:50,FALSE
fare_DEL-BOM_AI_2026-10-28_T+45_1789268425668_ez9k,DEL-BOM,EaseMyTrip,AI,AI-1715,2026-10-28,T+45,13974,3068,17042,2026-09-13T02:38:22.501Z,TRUE,"High outlier: ₹17042 > upper fence ₹11202 (Q3: ₹8692, IQR: ₹1673)",11:45,FALSE
fare_DEL-BOM_AI_2026-10-28_T+45_1789268425668_ekw9,DEL-BOM,EaseMyTrip,AI,AI-1725,2026-10-28,T+45,13974,3068,17042,2026-09-13T02:38:22.501Z,TRUE,"High outlier: ₹17042 > upper fence ₹11202 (Q3: ₹8692, IQR: ₹1673)",05:40,FALSE
fare_DEL-BOM_QP_2026-10-28_T+45_1789268425668_ml70,DEL-BOM,EaseMyTrip,QP,QP-1812,2026-10-28,T+45,14154,3107,17261,2026-09-13T02:38:22.501Z,TRUE,"High outlier: ₹17261 > upper fence ₹11202 (Q3: ₹8692, IQR: ₹1673)",22:55,FALSE
fare_DEL-BOM_AI_2026-10-28_T+45_1789268425668_ez4y,DEL-BOM,EaseMyTrip,AI,AI-1723,2026-10-28,T+45,14367,3154,17521,2026-09-13T02:38:22.501Z,TRUE,"High outlier: ₹17521 > upper fence ₹11202 (Q3: ₹8692, IQR: ₹1673)",04:45,FALSE
fare_DEL-BOM_AI_2026-10-28_T+45_1789268425668_rmlo,DEL-BOM,EaseMyTrip,AI,AI-2581,2026-10-28,T+45,14835,3257,18092,2026-09-13T02:38:22.501Z,TRUE,"High outlier: ₹18092 > upper fence ₹11202 (Q3: ₹8692, IQR: ₹1673)",12:50,FALSE
fare_DEL-BOM_AI_2026-10-28_T+45_1789268425668_cf9p,DEL-BOM,EaseMyTrip,AI,AI-2545,2026-10-28,T+45,15021,3297,18318,2026-09-13T02:38:22.501Z,TRUE,"High outlier: ₹18318 > upper fence ₹11202 (Q3: ₹8692, IQR: ₹1673)",11:00,FALSE
fare_DEL-BOM_AI_2026-10-28_T+45_1789268425668_gnc1,DEL-BOM,EaseMyTrip,AI,AI-1768,2026-10-28,T+45,15147,3325,18472,2026-09-13T02:38:22.501Z,TRUE,"High outlier: ₹18472 > upper fence ₹11202 (Q3: ₹8692, IQR: ₹1673)",10:05,FALSE
fare_DEL-BOM_AI_2026-10-28_T+45_1789268425668_1ppo,DEL-BOM,EaseMyTrip,AI,AI-1712,2026-10-28,T+45,15536,3410,18946,2026-09-13T02:38:22.501Z,TRUE,"High outlier: ₹18946 > upper fence ₹11202 (Q3: ₹8692, IQR: ₹1673)",05:00,FALSE
fare_DEL-BOM_AI_2026-10-28_T+45_1789268425668_uusw,DEL-BOM,EaseMyTrip,AI,AI-2859,2026-10-28,T+45,15856,3480,19336,2026-09-13T02:38:22.501Z,TRUE,"High outlier: ₹19336 > upper fence ₹11202 (Q3: ₹8692, IQR: ₹1673)",11:00,FALSE
fare_DEL-BOM_AI_2026-10-28_T+45_1789268425668_hh4l,DEL-BOM,EaseMyTrip,AI,AI-2485,2026-10-28,T+45,16630,3650,20280,2026-09-13T02:38:22.501Z,TRUE,"High outlier: ₹20280 > upper fence ₹11202 (Q3: ₹8692, IQR: ₹1673)",11:00,FALSE
fare_DEL-BOM_AI_2026-10-28_T+45_1789268425668_0vgh,DEL-BOM,EaseMyTrip,AI,AI-1737,2026-10-28,T+45,16836,3696,20532,2026-09-13T02:38:22.501Z,TRUE,"High outlier: ₹20532 > upper fence ₹11202 (Q3: ₹8692, IQR: ₹1673)",10:40,FALSE
fare_DEL-BOM_AI_2026-10-28_T+45_1789268425668_hrf7,DEL-BOM,EaseMyTrip,AI,AI-2513,2026-10-28,T+45,17233,3783,21016,2026-09-13T02:38:22.501Z,TRUE,"High outlier: ₹21016 > upper fence ₹11202 (Q3: ₹8692, IQR: ₹1673)",13:00,FALSE
fare_DEL-BOM_AI_2026-10-28_T+45_1789268425668_rad0,DEL-BOM,EaseMyTrip,AI,AI-2495,2026-10-28,T+45,17438,3828,21266,2026-09-13T02:38:22.501Z,TRUE,"High outlier: ₹21266 > upper fence ₹11202 (Q3: ₹8692, IQR: ₹1673)",11:50,FALSE
fare_DEL-BOM_AI_2026-10-28_T+45_1789268425668_ba0d,DEL-BOM,EaseMyTrip,AI,AI-9834,2026-10-28,T+45,20447,4488,24935,2026-09-13T02:38:22.501Z,TRUE,"High outlier: ₹24935 > upper fence ₹11202 (Q3: ₹8692, IQR: ₹1673)",05:15,FALSE
fare_DEL-BOM_AI_2026-10-28_T+45_1789268425668_xbqz,DEL-BOM,EaseMyTrip,AI,AI-1766,2026-10-28,T+45,21655,4753,26408,2026-09-13T02:38:22.501Z,TRUE,"High outlier: ₹26408 > upper fence ₹11202 (Q3: ₹8692, IQR: ₹1673)",08:40,FALSE
fare_DEL-BOM_IX_2026-09-20_T+7_1789268425668_bmev,DEL-BOM,EaseMyTrip,IX,IX-1056,2026-09-20,T+7,5354,1175,6529,2026-09-13T02:38:02.195Z,FALSE,"",05:35,TRUE
fare_DEL-BOM_IX_2026-09-20_T+7_1789268425668_fp32,DEL-BOM,EaseMyTrip,IX,IX-1235,2026-09-20,T+7,5484,1204,6688,2026-09-13T02:38:02.195Z,FALSE,"",23:25,TRUE
fare_DEL-BOM_6E_2026-09-20_T+7_1789268425668_l4pn,DEL-BOM,EaseMyTrip,6E,6E-6470,2026-09-20,T+7,5354,1175,6529,2026-09-13T02:38:02.195Z,FALSE,"",06:55,TRUE
fare_DEL-BOM_QP_2026-09-20_T+7_1789268425668_xb68,DEL-BOM,EaseMyTrip,QP,QP-1110,2026-09-20,T+7,5355,1175,6530,2026-09-13T02:38:02.195Z,FALSE,"",10:30,TRUE
fare_DEL-BOM_6E_2026-09-20_T+7_1789268425668_udj1,DEL-BOM,EaseMyTrip,6E,6E-6218,2026-09-20,T+7,5355,1175,6530,2026-09-13T02:38:02.195Z,FALSE,"",06:05,TRUE
fare_DEL-BOM_6E_2026-09-20_T+7_1789268425668_sljs,DEL-BOM,EaseMyTrip,6E,6E-268,2026-09-20,T+7,5355,1175,6530,2026-09-13T02:38:02.195Z,FALSE,"",23:30,TRUE
fare_DEL-BOM_6E_2026-09-20_T+7_1789268425668_s60s,DEL-BOM,EaseMyTrip,6E,6E-403,2026-09-20,T+7,5355,1175,6530,2026-09-13T02:38:02.195Z,FALSE,"",23:30,TRUE
fare_DEL-BOM_QP_2026-09-20_T+7_1789268425668_qn12,DEL-BOM,EaseMyTrip,QP,QP-1833,2026-09-20,T+7,5355,1175,6530,2026-09-13T02:38:02.195Z,FALSE,"",06:50,TRUE
fare_DEL-BOM_QP_2026-09-20_T+7_1789268425668_2t92,DEL-BOM,EaseMyTrip,QP,QP-1112,2026-09-20,T+7,5355,1175,6530,2026-09-13T02:38:02.195Z,FALSE,"",09:20,TRUE
fare_DEL-BOM_6E_2026-09-20_T+7_1789268425668_tfd0,DEL-BOM,EaseMyTrip,6E,6E-6114,2026-09-20,T+7,5355,1175,6530,2026-09-13T02:38:02.195Z,FALSE,"",22:45,TRUE
fare_DEL-BOM_6E_2026-09-20_T+7_1789268425668_egue,DEL-BOM,EaseMyTrip,6E,6E-977,2026-09-20,T+7,5355,1175,6530,2026-09-13T02:38:02.195Z,FALSE,"",08:00,TRUE
fare_DEL-BOM_6E_2026-09-20_T+7_1789268425668_0dra,DEL-BOM,EaseMyTrip,6E,6E-351,2026-09-20,T+7,5355,1175,6530,2026-09-13T02:38:02.195Z,FALSE,"",08:00,TRUE
fare_DEL-BOM_AI_2026-09-20_T+7_1789268425668_sqof,DEL-BOM,EaseMyTrip,AI,AI-1745,2026-09-20,T+7,5519,1211,6730,2026-09-13T02:38:02.195Z,FALSE,"",05:00,TRUE
fare_DEL-BOM_QP_2026-09-20_T+7_1789268425668_8pws,DEL-BOM,EaseMyTrip,QP,QP-1119,2026-09-20,T+7,5355,1175,6530,2026-09-13T02:38:02.195Z,FALSE,"",08:40,TRUE
fare_DEL-BOM_QP_2026-09-20_T+7_1789268425668_4lbe,DEL-BOM,EaseMyTrip,QP,QP-1940,2026-09-20,T+7,5427,1191,6618,2026-09-13T02:38:02.195Z,FALSE,"",14:05,TRUE
fare_DEL-BOM_AI_2026-09-20_T+7_1789268425668_k7ra,DEL-BOM,EaseMyTrip,AI,AI-2678,2026-09-20,T+7,5611,1232,6843,2026-09-13T02:38:02.195Z,FALSE,"",08:30,TRUE
fare_DEL-BOM_AI_2026-09-20_T+7_1789268425668_tcmr,DEL-BOM,EaseMyTrip,AI,AI-2963,2026-09-20,T+7,5611,1232,6843,2026-09-13T02:38:02.195Z,FALSE,"",09:00,TRUE
fare_DEL-BOM_AI_2026-09-20_T+7_1789268425668_0i26,DEL-BOM,EaseMyTrip,AI,AI-2975,2026-09-20,T+7,5611,1232,6843,2026-09-13T02:38:02.195Z,FALSE,"",06:30,TRUE
fare_DEL-BOM_AI_2026-09-20_T+7_1789268425668_ntvt,DEL-BOM,EaseMyTrip,AI,AI-2425,2026-09-20,T+7,5611,1232,6843,2026-09-13T02:38:02.195Z,FALSE,"",10:30,TRUE
fare_DEL-BOM_AI_2026-09-20_T+7_1789268425668_45dl,DEL-BOM,EaseMyTrip,AI,AI-2429,2026-09-20,T+7,5611,1232,6843,2026-09-13T02:38:02.195Z,FALSE,"",07:00,TRUE
fare_DEL-BOM_AI_2026-09-20_T+7_1789268425668_pxjm,DEL-BOM,EaseMyTrip,AI,AI-2943,2026-09-20,T+7,5611,1232,6843,2026-09-13T02:38:02.195Z,FALSE,"",07:30,TRUE
fare_DEL-BOM_AI_2026-09-20_T+7_1789268425668_cci2,DEL-BOM,EaseMyTrip,AI,AI-2995,2026-09-20,T+7,5611,1232,6843,2026-09-13T02:38:02.195Z,FALSE,"",10:00,TRUE
fare_DEL-BOM_AI_2026-09-20_T+7_1789268425668_c44k,DEL-BOM,EaseMyTrip,AI,AI-2945,2026-09-20,T+7,5611,1232,6843,2026-09-13T02:38:02.195Z,FALSE,"",11:00,TRUE
fare_DEL-BOM_AI_2026-09-20_T+7_1789268425668_rl52,DEL-BOM,EaseMyTrip,AI,AI-2927,2026-09-20,T+7,5611,1232,6843,2026-09-13T02:38:02.195Z,FALSE,"",09:30,TRUE
fare_DEL-BOM_6E_2026-09-20_T+7_1789268425668_pkv7,DEL-BOM,EaseMyTrip,6E,6E-642,2026-09-20,T+7,5484,1204,6688,2026-09-13T02:38:02.195Z,FALSE,"",20:45,TRUE
fare_DEL-BOM_6E_2026-09-20_T+7_1789268425668_9wlv,DEL-BOM,EaseMyTrip,6E,6E-407,2026-09-20,T+7,5484,1204,6688,2026-09-13T02:38:02.195Z,FALSE,"",20:45,TRUE
fare_DEL-BOM_6E_2026-09-20_T+7_1789268425668_4j2x,DEL-BOM,EaseMyTrip,6E,6E-913,2026-09-20,T+7,5484,1204,6688,2026-09-13T02:38:02.195Z,FALSE,"",08:45,TRUE
fare_DEL-BOM_6E_2026-09-20_T+7_1789268425668_3wjg,DEL-BOM,EaseMyTrip,6E,6E-388,2026-09-20,T+7,5484,1204,6688,2026-09-13T02:38:02.195Z,FALSE,"",08:45,TRUE
fare_DEL-BOM_6E_2026-09-20_T+7_1789268425668_0i4a,DEL-BOM,EaseMyTrip,6E,6E-6107,2026-09-20,T+7,5484,1204,6688,2026-09-13T02:38:02.195Z,FALSE,"",09:30,TRUE
fare_DEL-BOM_6E_2026-09-20_T+7_1789268425668_kz0f,DEL-BOM,EaseMyTrip,6E,6E-6318,2026-09-20,T+7,5656,1242,6898,2026-09-13T02:38:02.195Z,FALSE,"",14:45,TRUE
fare_DEL-BOM_6E_2026-09-20_T+7_1789268425668_via1,DEL-BOM,EaseMyTrip,6E,6E-258,2026-09-20,T+7,5656,1242,6898,2026-09-13T02:38:02.195Z,FALSE,"",21:45,TRUE
fare_DEL-BOM_6E_2026-09-20_T+7_1789268425668_3fmu,DEL-BOM,EaseMyTrip,6E,6E-262,2026-09-20,T+7,5656,1242,6898,2026-09-13T02:38:02.195Z,FALSE,"",21:45,TRUE
fare_DEL-BOM_6E_2026-09-20_T+7_1789268425668_pz3j,DEL-BOM,EaseMyTrip,6E,6E-6328,2026-09-20,T+7,5656,1242,6898,2026-09-13T02:38:02.195Z,FALSE,"",10:15,TRUE
fare_DEL-BOM_6E_2026-09-20_T+7_1789268425668_vu10,DEL-BOM,EaseMyTrip,6E,6E-5119,2026-09-20,T+7,5838,1282,7120,2026-09-13T02:38:02.195Z,FALSE,"",05:10,FALSE
fare_DEL-BOM_6E_2026-09-20_T+7_1789268425668_s85i,DEL-BOM,EaseMyTrip,6E,6E-6171,2026-09-20,T+7,5838,1282,7120,2026-09-13T02:38:02.195Z,FALSE,"",05:40,FALSE
fare_DEL-BOM_6E_2026-09-20_T+7_1789268425668_9aqp,DEL-BOM,EaseMyTrip,6E,6E-2076,2026-09-20,T+7,5838,1282,7120,2026-09-13T02:38:02.195Z,FALSE,"",07:30,FALSE
fare_DEL-BOM_6E_2026-09-20_T+7_1789268425668_ury6,DEL-BOM,EaseMyTrip,6E,6E-703,2026-09-20,T+7,5838,1282,7120,2026-09-13T02:38:02.195Z,FALSE,"",19:35,FALSE
fare_DEL-BOM_6E_2026-09-20_T+7_1789268425668_e28k,DEL-BOM,EaseMyTrip,6E,6E-424,2026-09-20,T+7,5838,1282,7120,2026-09-13T02:38:02.195Z,FALSE,"",19:35,FALSE
fare_DEL-BOM_6E_2026-09-20_T+7_1789268425668_6cxo,DEL-BOM,EaseMyTrip,6E,6E-2013,2026-09-20,T+7,5838,1282,7120,2026-09-13T02:38:02.195Z,FALSE,"",21:50,FALSE
fare_DEL-BOM_6E_2026-09-20_T+7_1789268425668_hpnk,DEL-BOM,EaseMyTrip,6E,6E-6983,2026-09-20,T+7,5838,1282,7120,2026-09-13T02:38:02.195Z,FALSE,"",15:35,FALSE
fare_DEL-BOM_6E_2026-09-20_T+7_1789268425668_3ter,DEL-BOM,EaseMyTrip,6E,6E-6261,2026-09-20,T+7,5838,1282,7120,2026-09-13T02:38:02.195Z,FALSE,"",00:15,FALSE
fare_DEL-BOM_6E_2026-09-20_T+7_1789268425668_bbdg,DEL-BOM,EaseMyTrip,6E,6E-5073,2026-09-20,T+7,5838,1282,7120,2026-09-13T02:38:02.195Z,FALSE,"",17:05,FALSE
fare_DEL-BOM_6E_2026-09-20_T+7_1789268425668_ksh1,DEL-BOM,EaseMyTrip,6E,6E-415,2026-09-20,T+7,5871,1289,7160,2026-09-13T02:38:02.195Z,FALSE,"",20:00,TRUE
fare_DEL-BOM_6E_2026-09-20_T+7_1789268425668_hhnu,DEL-BOM,EaseMyTrip,6E,6E-345,2026-09-20,T+7,5871,1289,7160,2026-09-13T02:38:02.195Z,FALSE,"",20:00,TRUE
fare_DEL-BOM_6E_2026-09-20_T+7_1789268425668_f5gs,DEL-BOM,EaseMyTrip,6E,6E-6047,2026-09-20,T+7,5871,1289,7160,2026-09-13T02:38:02.195Z,FALSE,"",11:00,TRUE
fare_DEL-BOM_6E_2026-09-20_T+7_1789268425668_vdbd,DEL-BOM,EaseMyTrip,6E,6E-6676,2026-09-20,T+7,5871,1289,7160,2026-09-13T02:38:02.195Z,FALSE,"",12:00,TRUE
fare_DEL-BOM_6E_2026-09-20_T+7_1789268425668_wa1q,DEL-BOM,EaseMyTrip,6E,6E-6490,2026-09-20,T+7,5910,1297,7207,2026-09-13T02:38:02.195Z,FALSE,"",04:55,FALSE
fare_DEL-BOM_6E_2026-09-20_T+7_1789268425668_nzqi,DEL-BOM,EaseMyTrip,6E,6E-932,2026-09-20,T+7,5947,1305,7252,2026-09-13T02:38:02.195Z,FALSE,"",19:40,FALSE
fare_DEL-BOM_6E_2026-09-20_T+7_1789268425668_jdy0,DEL-BOM,EaseMyTrip,6E,6E-441,2026-09-20,T+7,5947,1305,7252,2026-09-13T02:38:02.195Z,FALSE,"",19:40,FALSE
fare_DEL-BOM_6E_2026-09-20_T+7_1789268425668_086g,DEL-BOM,EaseMyTrip,6E,6E-6443,2026-09-20,T+7,5947,1305,7252,2026-09-13T02:38:02.195Z,FALSE,"",09:00,FALSE
fare_DEL-BOM_6E_2026-09-20_T+7_1789268425668_vv8g,DEL-BOM,EaseMyTrip,6E,6E-6569,2026-09-20,T+7,5947,1305,7252,2026-09-13T02:38:02.195Z,FALSE,"",05:00,FALSE
fare_DEL-BOM_6E_2026-09-20_T+7_1789268425668_b151,DEL-BOM,EaseMyTrip,6E,6E-6479,2026-09-20,T+7,6011,1319,7330,2026-09-13T02:38:02.195Z,FALSE,"",21:25,FALSE
fare_DEL-BOM_6E_2026-09-20_T+7_1789268425668_uv2k,DEL-BOM,EaseMyTrip,6E,6E-5298,2026-09-20,T+7,6011,1319,7330,2026-09-13T02:38:02.195Z,FALSE,"",09:00,FALSE
fare_DEL-BOM_6E_2026-09-20_T+7_1789268425668_bku3,DEL-BOM,EaseMyTrip,6E,6E-563,2026-09-20,T+7,6119,1343,7462,2026-09-13T02:38:02.195Z,FALSE,"",23:15,FALSE
fare_DEL-BOM_6E_2026-09-20_T+7_1789268425668_8v2l,DEL-BOM,EaseMyTrip,6E,6E-260,2026-09-20,T+7,6119,1343,7462,2026-09-13T02:38:02.195Z,FALSE,"",08:30,FALSE
fare_DEL-BOM_6E_2026-09-20_T+7_1789268425668_scn3,DEL-BOM,EaseMyTrip,6E,6E-111,2026-09-20,T+7,6119,1343,7462,2026-09-13T02:38:02.195Z,FALSE,"",08:30,FALSE
fare_DEL-BOM_6E_2026-09-20_T+7_1789268425668_4y1a,DEL-BOM,EaseMyTrip,6E,6E-6497,2026-09-20,T+7,6119,1343,7462,2026-09-13T02:38:02.195Z,FALSE,"",18:40,FALSE
fare_DEL-BOM_6E_2026-09-20_T+7_1789268425668_e6x6,DEL-BOM,EaseMyTrip,6E,6E-429,2026-09-20,T+7,6130,1345,7475,2026-09-13T02:38:02.195Z,FALSE,"",19:00,TRUE
fare_DEL-BOM_6E_2026-09-20_T+7_1789268425668_vgq8,DEL-BOM,EaseMyTrip,6E,6E-172,2026-09-20,T+7,6130,1345,7475,2026-09-13T02:38:02.195Z,FALSE,"",19:00,TRUE
fare_DEL-BOM_6E_2026-09-20_T+7_1789268425668_0wba,DEL-BOM,EaseMyTrip,6E,6E-6022,2026-09-20,T+7,6130,1345,7475,2026-09-13T02:38:02.195Z,FALSE,"",14:00,TRUE
fare_DEL-BOM_AI_2026-09-20_T+7_1789268425668_q1ya,DEL-BOM,EaseMyTrip,AI,AI-2985,2026-09-20,T+7,6386,1402,7788,2026-09-13T02:38:02.195Z,FALSE,"",19:30,TRUE
fare_DEL-BOM_AI_2026-09-20_T+7_1789268425668_mlqb,DEL-BOM,EaseMyTrip,AI,AI-2805,2026-09-20,T+7,6386,1402,7788,2026-09-13T02:38:02.195Z,FALSE,"",20:00,TRUE
fare_DEL-BOM_AI_2026-09-20_T+7_1789268425668_8wb0,DEL-BOM,EaseMyTrip,AI,AI-2957,2026-09-20,T+7,6386,1402,7788,2026-09-13T02:38:02.195Z,FALSE,"",20:30,TRUE
fare_DEL-BOM_AI_2026-09-20_T+7_1789268425668_p46m,DEL-BOM,EaseMyTrip,AI,AI-2981,2026-09-20,T+7,6548,1437,7985,2026-09-13T02:38:02.195Z,FALSE,"",21:00,TRUE
fare_DEL-BOM_6E_2026-09-20_T+7_1789268425668_daez,DEL-BOM,EaseMyTrip,6E,6E-239,2026-09-20,T+7,6388,1402,7790,2026-09-13T02:38:02.195Z,FALSE,"",18:00,TRUE
fare_DEL-BOM_6E_2026-09-20_T+7_1789268425668_tihz,DEL-BOM,EaseMyTrip,6E,6E-928,2026-09-20,T+7,6388,1402,7790,2026-09-13T02:38:02.195Z,FALSE,"",18:00,TRUE
fare_DEL-BOM_6E_2026-09-20_T+7_1789268425668_95hj,DEL-BOM,EaseMyTrip,6E,6E-514,2026-09-20,T+7,6388,1402,7790,2026-09-13T02:38:02.195Z,FALSE,"",15:30,TRUE
fare_DEL-BOM_6E_2026-09-20_T+7_1789268425668_3kws,DEL-BOM,EaseMyTrip,6E,6E-745,2026-09-20,T+7,6388,1402,7790,2026-09-13T02:38:02.195Z,FALSE,"",15:30,TRUE
fare_DEL-BOM_6E_2026-09-20_T+7_1789268425668_rlla,DEL-BOM,EaseMyTrip,6E,6E-773,2026-09-20,T+7,6388,1402,7790,2026-09-13T02:38:02.195Z,FALSE,"",16:15,TRUE
fare_DEL-BOM_6E_2026-09-20_T+7_1789268425668_idcb,DEL-BOM,EaseMyTrip,6E,6E-328,2026-09-20,T+7,6388,1402,7790,2026-09-13T02:38:02.195Z,FALSE,"",16:15,TRUE
fare_DEL-BOM_QP_2026-09-20_T+7_1789268425668_31k4,DEL-BOM,EaseMyTrip,QP,QP-1128,2026-09-20,T+7,6496,1426,7922,2026-09-13T02:38:02.195Z,FALSE,"",16:00,TRUE
fare_DEL-BOM_QP_2026-09-20_T+7_1789268425668_3yea,DEL-BOM,EaseMyTrip,QP,QP-1836,2026-09-20,T+7,6617,1452,8069,2026-09-13T02:38:02.195Z,FALSE,"",12:30,TRUE
fare_DEL-BOM_AI_2026-09-20_T+7_1789268425668_v5zj,DEL-BOM,EaseMyTrip,AI,AI-2439,2026-09-20,T+7,6813,1496,8309,2026-09-13T02:38:02.195Z,FALSE,"",23:00,TRUE
fare_DEL-BOM_6E_2026-09-20_T+7_1789268425668_fnb0,DEL-BOM,EaseMyTrip,6E,6E-486,2026-09-20,T+7,6654,1461,8115,2026-09-13T02:38:02.195Z,FALSE,"",19:25,FALSE
fare_DEL-BOM_6E_2026-09-20_T+7_1789268425668_hr1r,DEL-BOM,EaseMyTrip,6E,6E-271,2026-09-20,T+7,6654,1461,8115,2026-09-13T02:38:02.195Z,FALSE,"",19:25,FALSE
fare_DEL-BOM_6E_2026-09-20_T+7_1789268425668_s7nc,DEL-BOM,EaseMyTrip,6E,6E-473,2026-09-20,T+7,6690,1468,8158,2026-09-13T02:38:02.195Z,FALSE,"",13:00,TRUE
fare_DEL-BOM_6E_2026-09-20_T+7_1789268425668_1zpv,DEL-BOM,EaseMyTrip,6E,6E-713,2026-09-20,T+7,6690,1468,8158,2026-09-13T02:38:02.195Z,FALSE,"",13:00,TRUE
fare_DEL-BOM_6E_2026-09-20_T+7_1789268425668_sx6t,DEL-BOM,EaseMyTrip,6E,6E-7642,2026-09-20,T+7,6701,1471,8172,2026-09-13T02:38:02.195Z,FALSE,"",15:45,FALSE
fare_DEL-BOM_AI_2026-09-20_T+7_1789268425668_gh6i,DEL-BOM,EaseMyTrip,AI,AI-1785,2026-09-20,T+7,6946,1525,8471,2026-09-13T02:38:02.195Z,FALSE,"",12:00,TRUE
fare_DEL-BOM_AI_2026-09-20_T+7_1789268425668_2ewt,DEL-BOM,EaseMyTrip,AI,AI-2977,2026-09-20,T+7,7039,1545,8584,2026-09-13T02:38:02.195Z,FALSE,"",19:00,TRUE
fare_DEL-BOM_AI_2026-09-20_T+7_1789268425668_ohck,DEL-BOM,EaseMyTrip,AI,AI-2955,2026-09-20,T+7,7039,1545,8584,2026-09-13T02:38:02.195Z,FALSE,"",18:00,TRUE
fare_DEL-BOM_6E_2026-09-20_T+7_1789268425668_7w69,DEL-BOM,EaseMyTrip,6E,6E-2249,2026-09-20,T+7,6934,1522,8456,2026-09-13T02:38:02.195Z,FALSE,"",15:00,FALSE
fare_DEL-BOM_6E_2026-09-20_T+7_1789268425668_115b,DEL-BOM,EaseMyTrip,6E,6E-6706,2026-09-20,T+7,7034,1544,8578,2026-09-13T02:38:02.195Z,FALSE,"",17:00,TRUE
fare_DEL-BOM_IX_2026-09-20_T+7_1789268425668_031g,DEL-BOM,EaseMyTrip,IX,IX-1165,2026-09-20,T+7,7233,1588,8821,2026-09-13T02:38:02.195Z,FALSE,"",05:45,FALSE
fare_DEL-BOM_QP_2026-09-20_T+7_1789268425668_n7zu,DEL-BOM,EaseMyTrip,QP,QP-1820,2026-09-20,T+7,7253,1592,8845,2026-09-13T02:38:02.195Z,FALSE,"",17:30,TRUE
fare_DEL-BOM_6E_2026-09-20_T+7_1789268425668_cawz,DEL-BOM,EaseMyTrip,6E,6E-6190,2026-09-20,T+7,7283,1599,8882,2026-09-13T02:38:02.195Z,FALSE,"",07:40,FALSE
fare_DEL-BOM_QP_2026-09-20_T+7_1789268425668_3n3k,DEL-BOM,EaseMyTrip,QP,QP-1826,2026-09-20,T+7,7388,1622,9010,2026-09-13T02:38:02.195Z,FALSE,"",19:55,TRUE
fare_DEL-BOM_6E_2026-09-20_T+7_1789268425668_sm2i,DEL-BOM,EaseMyTrip,6E,6E-2381,2026-09-20,T+7,7675,1685,9360,2026-09-13T02:38:02.195Z,FALSE,"",13:45,FALSE
fare_DEL-BOM_6E_2026-09-20_T+7_1789268425668_durf,DEL-BOM,EaseMyTrip,6E,6E-2349,2026-09-20,T+7,7687,1687,9374,2026-09-13T02:38:02.195Z,FALSE,"",10:55,FALSE
fare_DEL-BOM_IX_2026-09-20_T+7_1789268425668_be5a,DEL-BOM,EaseMyTrip,IX,IX-1392,2026-09-20,T+7,7898,1734,9632,2026-09-13T02:38:02.195Z,FALSE,"",23:25,FALSE
fare_DEL-BOM_AI_2026-09-20_T+7_1789268425668_f0tz,DEL-BOM,EaseMyTrip,AI,AI-2499,2026-09-20,T+7,8132,1785,9917,2026-09-13T02:38:02.195Z,FALSE,"",05:55,FALSE
fare_DEL-BOM_AI_2026-09-20_T+7_1789268425668_30u4,DEL-BOM,EaseMyTrip,AI,AI-2941,2026-09-20,T+7,8190,1798,9988,2026-09-13T02:38:02.195Z,FALSE,"",16:30,TRUE
fare_DEL-BOM_AI_2026-09-20_T+7_1789268425668_ilz0,DEL-BOM,EaseMyTrip,AI,AI-441,2026-09-20,T+7,8190,1798,9988,2026-09-13T02:38:02.195Z,FALSE,"",17:00,TRUE
fare_DEL-BOM_AI_2026-09-20_T+7_1789268425668_qvv2,DEL-BOM,EaseMyTrip,AI,AI-1780,2026-09-20,T+7,8190,1798,9988,2026-09-13T02:38:02.195Z,FALSE,"",16:10,TRUE
fare_DEL-BOM_6E_2026-09-20_T+7_1789268425668_is0r,DEL-BOM,EaseMyTrip,6E,6E-7646,2026-09-20,T+7,8229,1806,10035,2026-09-13T02:38:02.195Z,FALSE,"",06:15,FALSE
fare_DEL-BOM_AI_2026-09-20_T+7_1789268425668_a07h,DEL-BOM,EaseMyTrip,AI,AI-1777,2026-09-20,T+7,8478,1861,10339,2026-09-13T02:38:02.195Z,FALSE,"",16:00,TRUE
fare_DEL-BOM_AI_2026-09-20_T+7_1789268425668_c42j,DEL-BOM,EaseMyTrip,AI,AI-2951,2026-09-20,T+7,8518,1870,10388,2026-09-13T02:38:02.195Z,FALSE,"",13:30,TRUE
fare_DEL-BOM_6E_2026-09-20_T+7_1789268425668_ynzi,DEL-BOM,EaseMyTrip,6E,6E-380,2026-09-20,T+7,8367,1837,10204,2026-09-13T02:38:02.195Z,FALSE,"",20:20,TRUE
fare_DEL-BOM_6E_2026-09-20_T+7_1789268425668_cj5x,DEL-BOM,EaseMyTrip,6E,6E-985,2026-09-20,T+7,8367,1837,10204,2026-09-13T02:38:02.195Z,FALSE,"",20:20,TRUE
fare_DEL-BOM_6E_2026-09-20_T+7_1789268425668_6z8x,DEL-BOM,EaseMyTrip,6E,6E-5198,2026-09-20,T+7,9086,1995,11081,2026-09-13T02:38:02.195Z,FALSE,"",15:00,TRUE
fare_DEL-BOM_AI_2026-09-20_T+7_1789268425668_awqv,DEL-BOM,EaseMyTrip,AI,AI-1710,2026-09-20,T+7,9432,2070,11502,2026-09-13T02:38:02.195Z,FALSE,"",18:35,FALSE
fare_DEL-BOM_AI_2026-09-20_T+7_1789268425668_m112,DEL-BOM,EaseMyTrip,AI,AI-9757,2026-09-20,T+7,9509,2087,11596,2026-09-13T02:38:02.195Z,FALSE,"",11:50,FALSE
fare_DEL-BOM_AI_2026-09-20_T+7_1789268425668_a3b1,DEL-BOM,EaseMyTrip,AI,AI-9759,2026-09-20,T+7,9509,2087,11596,2026-09-13T02:38:02.195Z,FALSE,"",05:45,FALSE
fare_DEL-BOM_6E_2026-09-20_T+7_1789268425668_brg2,DEL-BOM,EaseMyTrip,6E,6E-5014,2026-09-20,T+7,9462,2077,11539,2026-09-13T02:38:02.195Z,FALSE,"",18:30,FALSE
fare_DEL-BOM_AI_2026-09-20_T+7_1789268425668_fqur,DEL-BOM,EaseMyTrip,AI,AI-2569,2026-09-20,T+7,9768,2144,11912,2026-09-13T02:38:02.195Z,FALSE,"",20:25,FALSE
fare_DEL-BOM_6E_2026-09-20_T+7_1789268425668_xc84,DEL-BOM,EaseMyTrip,6E,6E-5206,2026-09-20,T+7,9730,2136,11866,2026-09-13T02:38:02.195Z,FALSE,"",13:20,FALSE
fare_DEL-BOM_6E_2026-09-20_T+7_1789268425668_eey7,DEL-BOM,EaseMyTrip,6E,6E-6459,2026-09-20,T+7,10082,2213,12295,2026-09-13T02:38:02.195Z,FALSE,"",05:55,FALSE
fare_DEL-BOM_AI_2026-09-20_T+7_1789268425668_7r95,DEL-BOM,EaseMyTrip,AI,AI-1705,2026-09-20,T+7,10248,2249,12497,2026-09-13T02:38:02.195Z,FALSE,"",06:30,FALSE
fare_DEL-BOM_6E_2026-09-20_T+7_1789268425669_e1zf,DEL-BOM,EaseMyTrip,6E,6E-6433,2026-09-20,T+7,10503,2306,12809,2026-09-13T02:38:02.195Z,FALSE,"",16:30,FALSE
fare_DEL-BOM_6E_2026-09-20_T+7_1789268425669_ufge,DEL-BOM,EaseMyTrip,6E,6E-6829,2026-09-20,T+7,10573,2321,12894,2026-09-13T02:38:02.195Z,FALSE,"",17:20,FALSE
fare_DEL-BOM_AI_2026-09-20_T+7_1789268425669_z9jy,DEL-BOM,EaseMyTrip,AI,AI-2509,2026-09-20,T+7,10908,2395,13303,2026-09-13T02:38:02.195Z,FALSE,"",06:55,FALSE
fare_DEL-BOM_AI_2026-09-20_T+7_1789268425669_8qm8,DEL-BOM,EaseMyTrip,AI,AI-2959,2026-09-20,T+7,11100,2436,13536,2026-09-13T02:38:02.195Z,FALSE,"",07:10,FALSE
fare_DEL-BOM_AI_2026-09-20_T+7_1789268425669_iphb,DEL-BOM,EaseMyTrip,AI,AI-2933,2026-09-20,T+7,11209,2461,13670,2026-09-13T02:38:02.195Z,FALSE,"",15:30,TRUE
fare_DEL-BOM_6E_2026-09-20_T+7_1789268425669_5xpr,DEL-BOM,EaseMyTrip,6E,6E-2341,2026-09-20,T+7,11205,2460,13665,2026-09-13T02:38:02.195Z,FALSE,"",14:50,FALSE
fare_DEL-BOM_AI_2026-09-20_T+7_1789268425669_7nk9,DEL-BOM,EaseMyTrip,AI,AI-817,2026-09-20,T+7,11373,2496,13869,2026-09-13T02:38:02.195Z,FALSE,"",05:55,FALSE
fare_DEL-BOM_AI_2026-09-20_T+7_1789268425669_86lh,DEL-BOM,EaseMyTrip,AI,AI-2545,2026-09-20,T+7,11373,2496,13869,2026-09-13T02:38:02.195Z,FALSE,"",20:30,FALSE
fare_DEL-BOM_AI_2026-09-20_T+7_1789268425669_eqii,DEL-BOM,EaseMyTrip,AI,AI-531,2026-09-20,T+7,11373,2496,13869,2026-09-13T02:38:02.195Z,FALSE,"",19:20,FALSE
fare_DEL-BOM_6E_2026-09-20_T+7_1789268425669_n2x5,DEL-BOM,EaseMyTrip,6E,6E-5138,2026-09-20,T+7,11313,2483,13796,2026-09-13T02:38:02.195Z,FALSE,"",19:10,FALSE
fare_DEL-BOM_IX_2026-09-20_T+7_1789268425669_gxqm,DEL-BOM,EaseMyTrip,IX,IX-1038,2026-09-20,T+7,13219,2902,16121,2026-09-13T02:38:02.195Z,FALSE,"",17:35,TRUE
fare_DEL-BOM_AI_2026-09-20_T+7_1789268425669_geya,DEL-BOM,EaseMyTrip,AI,AI-2715,2026-09-20,T+7,12250,2689,14939,2026-09-13T02:38:02.195Z,FALSE,"",11:40,FALSE
fare_DEL-BOM_AI_2026-09-20_T+7_1789268425669_sak8,DEL-BOM,EaseMyTrip,AI,AI-2939,2026-09-20,T+7,12350,2711,15061,2026-09-13T02:38:02.195Z,FALSE,"",16:40,FALSE
fare_DEL-BOM_6E_2026-09-20_T+7_1789268425669_f5xa,DEL-BOM,EaseMyTrip,6E,6E-2331,2026-09-20,T+7,12208,2680,14888,2026-09-13T02:38:02.195Z,FALSE,"",12:20,FALSE
fare_DEL-BOM_IX_2026-09-20_T+7_1789268425669_aq8u,DEL-BOM,EaseMyTrip,IX,IX-5975,2026-09-20,T+7,12493,2742,15235,2026-09-13T02:38:02.195Z,FALSE,"",21:00,FALSE
fare_DEL-BOM_AI_2026-09-20_T+7_1789268425669_pu4c,DEL-BOM,EaseMyTrip,AI,AI-809,2026-09-20,T+7,12551,2755,15306,2026-09-13T02:38:02.195Z,FALSE,"",17:40,FALSE
fare_DEL-BOM_AI_2026-09-20_T+7_1789268425669_1ei2,DEL-BOM,EaseMyTrip,AI,AI-885,2026-09-20,T+7,12599,2766,15365,2026-09-13T02:38:02.195Z,FALSE,"",07:25,FALSE
fare_DEL-BOM_AI_2026-09-20_T+7_1789268425669_ljeh,DEL-BOM,EaseMyTrip,AI,AI-1742,2026-09-20,T+7,12850,2821,15671,2026-09-13T02:38:02.195Z,FALSE,"",20:00,FALSE
fare_DEL-BOM_IX_2026-09-20_T+7_1789268425669_7imm,DEL-BOM,EaseMyTrip,IX,IX-1070,2026-09-20,T+7,12998,2853,15851,2026-09-13T02:38:02.195Z,FALSE,"",18:20,FALSE
fare_DEL-BOM_6E_2026-09-20_T+7_1789268425669_0urs,DEL-BOM,EaseMyTrip,6E,6E-6293,2026-09-20,T+7,13409,2943,16352,2026-09-13T02:38:02.195Z,FALSE,"",09:55,FALSE
fare_DEL-BOM_6E_2026-09-20_T+7_1789268425669_amse,DEL-BOM,EaseMyTrip,6E,6E-750,2026-09-20,T+7,13483,2960,16443,2026-09-13T02:38:02.195Z,FALSE,"",16:10,FALSE
fare_DEL-BOM_6E_2026-09-20_T+7_1789268425669_ft2f,DEL-BOM,EaseMyTrip,6E,6E-6601,2026-09-20,T+7,13893,3050,16943,2026-09-13T02:38:02.195Z,FALSE,"",19:45,FALSE
fare_DEL-BOM_6E_2026-09-20_T+7_1789268425669_d2ev,DEL-BOM,EaseMyTrip,6E,6E-5038,2026-09-20,T+7,14275,3133,17408,2026-09-13T02:38:02.195Z,FALSE,"",14:00,FALSE
fare_DEL-BOM_AI_2026-09-20_T+7_1789268425669_pgaf,DEL-BOM,EaseMyTrip,AI,AI-2761,2026-09-20,T+7,15292,3357,18649,2026-09-13T02:38:02.195Z,FALSE,"",16:25,FALSE
fare_DEL-BOM_IX_2026-09-20_T+7_1789268425669_gzfu,DEL-BOM,EaseMyTrip,IX,IX-1082,2026-09-20,T+7,17328,3804,21132,2026-09-13T02:38:02.195Z,FALSE,"",21:25,FALSE
fare_DEL-BOM_AI_2026-09-20_T+7_1789268425669_xzi5,DEL-BOM,EaseMyTrip,AI,AI-2577,2026-09-20,T+7,15856,3480,19336,2026-09-13T02:38:02.195Z,FALSE,"",02:00,FALSE
fare_DEL-BOM_AI_2026-09-20_T+7_1789268425669_51ia,DEL-BOM,EaseMyTrip,AI,AI-2859,2026-09-20,T+7,16142,3543,19685,2026-09-13T02:38:02.195Z,FALSE,"",10:30,FALSE
fare_DEL-BOM_IX_2026-09-20_T+7_1789268425669_irrq,DEL-BOM,EaseMyTrip,IX,IX-1003,2026-09-20,T+7,16632,3651,20283,2026-09-13T02:38:02.195Z,FALSE,"",19:10,FALSE
fare_DEL-BOM_AI_2026-09-20_T+7_1789268425669_xqtq,DEL-BOM,EaseMyTrip,AI,AI-2601,2026-09-20,T+7,16248,3567,19815,2026-09-13T02:38:02.195Z,FALSE,"",17:00,FALSE
fare_DEL-BOM_IX_2026-09-20_T+7_1789268425669_wzed,DEL-BOM,EaseMyTrip,IX,IX-1754,2026-09-20,T+7,16845,3698,20543,2026-09-13T02:38:02.195Z,FALSE,"",09:35,FALSE
fare_DEL-BOM_6E_2026-09-20_T+7_1789268425669_k2fk,DEL-BOM,EaseMyTrip,6E,6E-6282,2026-09-20,T+7,16302,3578,19880,2026-09-13T02:38:02.195Z,FALSE,"",13:30,FALSE
fare_DEL-BOM_6E_2026-09-20_T+7_1789268425669_2rnf,DEL-BOM,EaseMyTrip,6E,6E-6212,2026-09-20,T+7,16302,3578,19880,2026-09-13T02:38:02.195Z,FALSE,"",14:45,FALSE
fare_DEL-BOM_6E_2026-09-20_T+7_1789268425669_ygup,DEL-BOM,EaseMyTrip,6E,6E-151,2026-09-20,T+7,16311,3581,19892,2026-09-13T02:38:02.195Z,FALSE,"",12:15,FALSE
fare_DEL-BOM_6E_2026-09-20_T+7_1789268425669_pdet,DEL-BOM,EaseMyTrip,6E,6E-126,2026-09-20,T+7,16311,3581,19892,2026-09-13T02:38:02.195Z,FALSE,"",12:15,FALSE
fare_DEL-BOM_IX_2026-09-20_T+7_1789268425669_ysmx,DEL-BOM,EaseMyTrip,IX,IX-1817,2026-09-20,T+7,18189,3993,22182,2026-09-13T02:38:02.195Z,FALSE,"",19:30,FALSE
fare_DEL-BOM_IX_2026-09-20_T+7_1789268425669_3abg,DEL-BOM,EaseMyTrip,IX,IX-1049,2026-09-20,T+7,18189,3993,22182,2026-09-13T02:38:02.195Z,FALSE,"",18:40,FALSE
fare_DEL-BOM_AI_2026-09-20_T+7_1789268425669_cbvu,DEL-BOM,EaseMyTrip,AI,AI-2653,2026-09-20,T+7,16574,3638,20212,2026-09-13T02:38:02.195Z,FALSE,"",04:30,FALSE
fare_DEL-BOM_IX_2026-09-20_T+7_1789268425669_741z,DEL-BOM,EaseMyTrip,IX,IX-1108,2026-09-20,T+7,17408,3821,21229,2026-09-13T02:38:02.195Z,FALSE,"",05:00,FALSE
fare_DEL-BOM_AI_2026-09-20_T+7_1789268425669_95z9,DEL-BOM,EaseMyTrip,AI,AI-1773,2026-09-20,T+7,17755,3897,21652,2026-09-13T02:38:02.195Z,FALSE,"",10:30,FALSE
fare_DEL-BOM_SG_2026-09-20_T+7_1789268425669_3l9z,DEL-BOM,EaseMyTrip,SG,SG-740,2026-09-20,T+7,18287,4014,22301,2026-09-13T02:38:02.195Z,FALSE,"",19:55,TRUE
fare_DEL-BOM_SG_2026-09-20_T+7_1789268425669_quyx,DEL-BOM,EaseMyTrip,SG,SG-673,2026-09-20,T+7,18287,4014,22301,2026-09-13T02:38:02.195Z,FALSE,"",19:55,TRUE
fare_DEL-BOM_AI_2026-09-20_T+7_1789268425669_zznw,DEL-BOM,EaseMyTrip,AI,AI-1743,2026-09-20,T+7,19011,4173,23184,2026-09-13T02:38:02.195Z,FALSE,"",06:20,FALSE
fare_DEL-BOM_AI_2026-09-20_T+7_1789268425669_xg70,DEL-BOM,EaseMyTrip,AI,AI-2465,2026-09-20,T+7,21269,4669,25938,2026-09-13T02:38:02.195Z,FALSE,"",14:30,FALSE
fare_DEL-BOM_AI_2026-09-20_T+7_1789268425669_6ozx,DEL-BOM,EaseMyTrip,AI,AI-9584,2026-09-20,T+7,21565,4734,26299,2026-09-13T02:38:02.195Z,FALSE,"",11:15,FALSE
fare_DEL-BOM_IX_2026-09-20_T+7_1789268425669_he33,DEL-BOM,EaseMyTrip,IX,IX-1783,2026-09-20,T+7,22953,5039,27992,2026-09-13T02:38:02.195Z,TRUE,"High outlier: ₹27992 > upper fence ₹26973 (Q3: ₹15061, IQR: ₹7941)",07:20,FALSE
fare_DEL-BOM_IX_2026-09-20_T+7_1789268425669_9xly,DEL-BOM,EaseMyTrip,IX,IX-1068,2026-09-20,T+7,25545,5607,31152,2026-09-13T02:38:02.195Z,TRUE,"High outlier: ₹31152 > upper fence ₹26973 (Q3: ₹15061, IQR: ₹7941)",11:55,FALSE
fare_DEL-BOM_IX_2026-09-20_T+7_1789268425669_zjjj,DEL-BOM,EaseMyTrip,IX,IX-1059,2026-09-20,T+7,24590,5398,29988,2026-09-13T02:38:02.195Z,TRUE,"High outlier: ₹29988 > upper fence ₹26973 (Q3: ₹15061, IQR: ₹7941)",12:15,FALSE
fare_DEL-BOM_AI_2026-09-20_T+7_1789268425669_nnol,DEL-BOM,EaseMyTrip,AI,AI-1779,2026-09-20,T+7,27165,5963,33128,2026-09-13T02:38:02.195Z,TRUE,"High outlier: ₹33128 > upper fence ₹26973 (Q3: ₹15061, IQR: ₹7941)",13:50,FALSE
fare_DEL-BOM_AI_2026-09-20_T+7_1789268425669_lb7j,DEL-BOM,EaseMyTrip,AI,AI-2483,2026-09-20,T+7,27752,6092,33844,2026-09-13T02:38:02.195Z,TRUE,"High outlier: ₹33844 > upper fence ₹26973 (Q3: ₹15061, IQR: ₹7941)",12:20,FALSE
fare_DEL-BOM_AI_2026-09-20_T+7_1789268425669_ovki,DEL-BOM,EaseMyTrip,AI,AI-2907,2026-09-20,T+7,30036,6593,36629,2026-09-13T02:38:02.195Z,TRUE,"High outlier: ₹36629 > upper fence ₹26973 (Q3: ₹15061, IQR: ₹7941)",11:55,FALSE
fare_DEL-BOM_AI_2026-09-20_T+7_1789268425669_fjs0,DEL-BOM,EaseMyTrip,AI,AI-1739,2026-09-20,T+7,30168,6622,36790,2026-09-13T02:38:02.195Z,TRUE,"High outlier: ₹36790 > upper fence ₹26973 (Q3: ₹15061, IQR: ₹7941)",11:30,FALSE
fare_DEL-BOM_AI_2026-09-20_T+7_1789268425669_4w9e,DEL-BOM,EaseMyTrip,AI,AI-427,2026-09-20,T+7,31481,6911,38392,2026-09-13T02:38:02.195Z,TRUE,"High outlier: ₹38392 > upper fence ₹26973 (Q3: ₹15061, IQR: ₹7941)",08:30,FALSE
fare_DEL-BOM_AI_2026-09-20_T+7_1789268425669_3klf,DEL-BOM,EaseMyTrip,AI,AI-2627,2026-09-20,T+7,34897,7660,42557,2026-09-13T02:38:02.195Z,TRUE,"High outlier: ₹42557 > upper fence ₹26973 (Q3: ₹15061, IQR: ₹7941)",10:45,FALSE
fare_DEL-CCU_IX_2026-09-28_T+15_1789268425671_15sv,DEL-CCU,EaseMyTrip,IX,IX-1085,2026-09-28,T+15,6979,1532,8511,2026-09-13T02:41:12.100Z,FALSE,"",12:55,FALSE
fare_DEL-CCU_IX_2026-09-28_T+15_1789268425671_03kf,DEL-CCU,EaseMyTrip,IX,IX-1069,2026-09-28,T+15,6979,1532,8511,2026-09-13T02:41:12.100Z,FALSE,"",10:40,FALSE
fare_DEL-CCU_IX_2026-09-28_T+15_1789268425671_02yz,DEL-CCU,EaseMyTrip,IX,IX-1035,2026-09-28,T+15,6979,1532,8511,2026-09-13T02:41:12.100Z,FALSE,"",08:10,FALSE
fare_DEL-CCU_IX_2026-09-28_T+15_1789268425671_tr6s,DEL-CCU,EaseMyTrip,IX,IX-1671,2026-09-28,T+15,6979,1532,8511,2026-09-13T02:41:12.100Z,FALSE,"",20:00,FALSE
fare_DEL-CCU_6E_2026-09-28_T+15_1789268425671_iyxx,DEL-CCU,EaseMyTrip,6E,6E-6245,2026-09-28,T+15,6048,1328,7376,2026-09-13T02:41:12.100Z,FALSE,"",06:20,FALSE
fare_DEL-CCU_6E_2026-09-28_T+15_1789268425671_gy0z,DEL-CCU,EaseMyTrip,6E,6E-2453,2026-09-28,T+15,6048,1328,7376,2026-09-13T02:41:12.100Z,FALSE,"",13:35,FALSE
fare_DEL-CCU_6E_2026-09-28_T+15_1789268425671_dk1u,DEL-CCU,EaseMyTrip,6E,6E-6459,2026-09-28,T+15,6156,1351,7507,2026-09-13T02:41:12.100Z,FALSE,"",05:55,FALSE
fare_DEL-CCU_6E_2026-09-28_T+15_1789268425671_yosq,DEL-CCU,EaseMyTrip,6E,6E-2361,2026-09-28,T+15,6156,1351,7507,2026-09-13T02:41:12.100Z,FALSE,"",14:35,FALSE
fare_DEL-CCU_6E_2026-09-28_T+15_1789268425671_uu8c,DEL-CCU,EaseMyTrip,6E,6E-5033,2026-09-28,T+15,6221,1365,7586,2026-09-13T02:41:12.100Z,FALSE,"",15:50,FALSE
fare_DEL-CCU_6E_2026-09-28_T+15_1789268425671_ws5y,DEL-CCU,EaseMyTrip,6E,6E-6073,2026-09-28,T+15,6221,1365,7586,2026-09-13T02:41:12.100Z,FALSE,"",05:00,FALSE
fare_DEL-CCU_6E_2026-09-28_T+15_1789268425671_kdqr,DEL-CCU,EaseMyTrip,6E,6E-5038,2026-09-28,T+15,6221,1365,7586,2026-09-13T02:41:12.100Z,FALSE,"",14:00,FALSE
fare_DEL-CCU_6E_2026-09-28_T+15_1789268425671_u4en,DEL-CCU,EaseMyTrip,6E,6E-6190,2026-09-28,T+15,6221,1365,7586,2026-09-13T02:41:12.100Z,FALSE,"",07:40,FALSE
fare_DEL-CCU_6E_2026-09-28_T+15_1789268425671_iuzo,DEL-CCU,EaseMyTrip,6E,6E-2296,2026-09-28,T+15,6221,1365,7586,2026-09-13T02:41:12.100Z,FALSE,"",09:20,FALSE
fare_DEL-CCU_6E_2026-09-28_T+15_1789268425671_7eex,DEL-CCU,EaseMyTrip,6E,6E-5041,2026-09-28,T+15,6307,1384,7691,2026-09-13T02:41:12.100Z,FALSE,"",15:10,FALSE
fare_DEL-CCU_6E_2026-09-28_T+15_1789268425671_ue53,DEL-CCU,EaseMyTrip,6E,6E-5215,2026-09-28,T+15,6307,1384,7691,2026-09-13T02:41:12.100Z,FALSE,"",07:45,FALSE
fare_DEL-CCU_6E_2026-09-28_T+15_1789268425671_jg01,DEL-CCU,EaseMyTrip,6E,6E-6124,2026-09-28,T+15,6307,1384,7691,2026-09-13T02:41:12.100Z,FALSE,"",07:30,FALSE
fare_DEL-CCU_6E_2026-09-28_T+15_1789268425671_w7y8,DEL-CCU,EaseMyTrip,6E,6E-6829,2026-09-28,T+15,6328,1389,7717,2026-09-13T02:41:12.100Z,FALSE,"",17:20,FALSE
fare_DEL-CCU_6E_2026-09-28_T+15_1789268425671_u5xx,DEL-CCU,EaseMyTrip,6E,6E-6503,2026-09-28,T+15,6479,1422,7901,2026-09-13T02:41:12.100Z,FALSE,"",13:25,FALSE
fare_DEL-CCU_6E_2026-09-28_T+15_1789268425671_75pa,DEL-CCU,EaseMyTrip,6E,6E-2341,2026-09-28,T+15,6500,1427,7927,2026-09-13T02:41:12.100Z,FALSE,"",14:50,FALSE
fare_DEL-CCU_6E_2026-09-28_T+15_1789268425671_6yns,DEL-CCU,EaseMyTrip,6E,6E-318,2026-09-28,T+15,6500,1427,7927,2026-09-13T02:41:12.100Z,FALSE,"",02:25,FALSE
fare_DEL-CCU_6E_2026-09-28_T+15_1789268425671_5yjw,DEL-CCU,EaseMyTrip,6E,6E-854,2026-09-28,T+15,6500,1427,7927,2026-09-13T02:41:12.100Z,FALSE,"",02:25,FALSE
fare_DEL-CCU_6E_2026-09-28_T+15_1789268425671_qqq4,DEL-CCU,EaseMyTrip,6E,6E-937,2026-09-28,T+15,6500,1427,7927,2026-09-13T02:41:12.100Z,FALSE,"",08:30,FALSE
fare_DEL-CCU_6E_2026-09-28_T+15_1789268425671_y02f,DEL-CCU,EaseMyTrip,6E,6E-930,2026-09-28,T+15,6500,1427,7927,2026-09-13T02:41:12.100Z,FALSE,"",08:30,FALSE
fare_DEL-CCU_6E_2026-09-28_T+15_1789268425671_y96m,DEL-CCU,EaseMyTrip,6E,6E-6293,2026-09-28,T+15,6500,1427,7927,2026-09-13T02:41:12.100Z,FALSE,"",09:55,FALSE
fare_DEL-CCU_6E_2026-09-28_T+15_1789268425671_4l15,DEL-CCU,EaseMyTrip,6E,6E-6282,2026-09-28,T+15,6500,1427,7927,2026-09-13T02:41:12.100Z,FALSE,"",13:30,FALSE
fare_DEL-CCU_6E_2026-09-28_T+15_1789268425671_h9tz,DEL-CCU,EaseMyTrip,6E,6E-5119,2026-09-28,T+15,6500,1427,7927,2026-09-13T02:41:12.100Z,FALSE,"",05:10,FALSE
fare_DEL-CCU_6E_2026-09-28_T+15_1789268425671_d0qp,DEL-CCU,EaseMyTrip,6E,6E-6217,2026-09-28,T+15,6500,1427,7927,2026-09-13T02:41:12.100Z,FALSE,"",16:15,FALSE
fare_DEL-CCU_6E_2026-09-28_T+15_1789268425671_7j6z,DEL-CCU,EaseMyTrip,6E,6E-5073,2026-09-28,T+15,6500,1427,7927,2026-09-13T02:41:12.100Z,FALSE,"",17:05,FALSE
fare_DEL-CCU_6E_2026-09-28_T+15_1789268425671_yk7e,DEL-CCU,EaseMyTrip,6E,6E-2331,2026-09-28,T+15,6500,1427,7927,2026-09-13T02:41:12.100Z,FALSE,"",12:20,FALSE
fare_DEL-CCU_6E_2026-09-28_T+15_1789268425671_u893,DEL-CCU,EaseMyTrip,6E,6E-586,2026-09-28,T+15,6500,1427,7927,2026-09-13T02:41:12.100Z,FALSE,"",08:30,FALSE
fare_DEL-CCU_6E_2026-09-28_T+15_1789268425671_1gzs,DEL-CCU,EaseMyTrip,6E,6E-804,2026-09-28,T+15,6500,1427,7927,2026-09-13T02:41:12.100Z,FALSE,"",08:30,FALSE
fare_DEL-CCU_6E_2026-09-28_T+15_1789268425671_i550,DEL-CCU,EaseMyTrip,6E,6E-892,2026-09-28,T+15,6500,1427,7927,2026-09-13T02:41:12.100Z,FALSE,"",02:25,FALSE
fare_DEL-CCU_6E_2026-09-28_T+15_1789268425671_l2wv,DEL-CCU,EaseMyTrip,6E,6E-934,2026-09-28,T+15,6500,1427,7927,2026-09-13T02:41:12.100Z,FALSE,"",02:25,FALSE
fare_DEL-CCU_6E_2026-09-28_T+15_1789268425671_pjcu,DEL-CCU,EaseMyTrip,6E,6E-6551,2026-09-28,T+15,6586,1446,8032,2026-09-13T02:41:12.100Z,FALSE,"",12:00,FALSE
fare_DEL-CCU_6E_2026-09-28_T+15_1789268425671_tc0s,DEL-CCU,EaseMyTrip,6E,6E-6371,2026-09-28,T+15,6586,1446,8032,2026-09-13T02:41:12.100Z,FALSE,"",06:20,FALSE
fare_DEL-CCU_QP_2026-09-28_T+15_1789268425671_of74,DEL-CCU,EaseMyTrip,QP,QP-1801,2026-09-28,T+15,6606,1450,8056,2026-09-13T02:41:12.100Z,FALSE,"",05:55,TRUE
fare_DEL-CCU_QP_2026-09-28_T+15_1789268425671_gte0,DEL-CCU,EaseMyTrip,QP,QP-1803,2026-09-28,T+15,6606,1450,8056,2026-09-13T02:41:12.100Z,FALSE,"",17:05,TRUE
fare_DEL-CCU_6E_2026-09-28_T+15_1789268425671_1q8v,DEL-CCU,EaseMyTrip,6E,6E-5036,2026-09-28,T+15,6654,1461,8115,2026-09-13T02:41:12.100Z,FALSE,"",08:00,FALSE
fare_DEL-CCU_6E_2026-09-28_T+15_1789268425671_5s91,DEL-CCU,EaseMyTrip,6E,6E-809,2026-09-28,T+15,6654,1461,8115,2026-09-13T02:41:12.100Z,FALSE,"",16:20,FALSE
fare_DEL-CCU_6E_2026-09-28_T+15_1789268425671_nbg2,DEL-CCU,EaseMyTrip,6E,6E-703,2026-09-28,T+15,6654,1461,8115,2026-09-13T02:41:12.100Z,FALSE,"",16:20,FALSE
fare_DEL-CCU_6E_2026-09-28_T+15_1789268425671_wtx0,DEL-CCU,EaseMyTrip,6E,6E-2614,2026-09-28,T+15,6719,1475,8194,2026-09-13T02:41:12.100Z,FALSE,"",14:40,FALSE
fare_DEL-CCU_6E_2026-09-28_T+15_1789268425671_45v7,DEL-CCU,EaseMyTrip,6E,6E-2259,2026-09-28,T+15,6719,1475,8194,2026-09-13T02:41:12.100Z,FALSE,"",12:20,FALSE
fare_DEL-CCU_6E_2026-09-28_T+15_1789268425671_mubg,DEL-CCU,EaseMyTrip,6E,6E-2571,2026-09-28,T+15,6761,1484,8245,2026-09-13T02:41:12.100Z,FALSE,"",12:30,FALSE
fare_DEL-CCU_6E_2026-09-28_T+15_1789268425671_e8f6,DEL-CCU,EaseMyTrip,6E,6E-828,2026-09-28,T+15,6999,1536,8535,2026-09-13T02:41:12.100Z,FALSE,"",07:10,FALSE
fare_DEL-CCU_6E_2026-09-28_T+15_1789268425671_yzqs,DEL-CCU,EaseMyTrip,6E,6E-393,2026-09-28,T+15,6999,1536,8535,2026-09-13T02:41:12.100Z,FALSE,"",07:10,FALSE
fare_DEL-CCU_6E_2026-09-28_T+15_1789268425671_27km,DEL-CCU,EaseMyTrip,6E,6E-5191,2026-09-28,T+15,7316,1606,8922,2026-09-13T02:41:12.100Z,FALSE,"",05:00,TRUE
fare_DEL-CCU_6E_2026-09-28_T+15_1789268425671_7z6d,DEL-CCU,EaseMyTrip,6E,6E-527,2026-09-28,T+15,7316,1606,8922,2026-09-13T02:41:12.100Z,FALSE,"",23:30,TRUE
fare_DEL-CCU_6E_2026-09-28_T+15_1789268425671_xq7v,DEL-CCU,EaseMyTrip,6E,6E-601,2026-09-28,T+15,7316,1606,8922,2026-09-13T02:41:12.100Z,FALSE,"",23:30,TRUE
fare_DEL-CCU_6E_2026-09-28_T+15_1789268425671_80jk,DEL-CCU,EaseMyTrip,6E,6E-6415,2026-09-28,T+15,7316,1606,8922,2026-09-13T02:41:12.100Z,FALSE,"",16:00,TRUE
fare_DEL-CCU_6E_2026-09-28_T+15_1789268425671_q8xf,DEL-CCU,EaseMyTrip,6E,6E-6517,2026-09-28,T+15,7316,1606,8922,2026-09-13T02:41:12.100Z,FALSE,"",19:30,TRUE
fare_DEL-CCU_6E_2026-09-28_T+15_1789268425671_zyqp,DEL-CCU,EaseMyTrip,6E,6E-282,2026-09-28,T+15,7316,1606,8922,2026-09-13T02:41:12.100Z,FALSE,"",10:15,TRUE
fare_DEL-CCU_6E_2026-09-28_T+15_1789268425671_t49p,DEL-CCU,EaseMyTrip,6E,6E-866,2026-09-28,T+15,7316,1606,8922,2026-09-13T02:41:12.100Z,FALSE,"",10:15,TRUE
fare_DEL-CCU_6E_2026-09-28_T+15_1789268425671_hqwp,DEL-CCU,EaseMyTrip,6E,6E-301,2026-09-28,T+15,7316,1606,8922,2026-09-13T02:41:12.100Z,FALSE,"",08:30,TRUE
fare_DEL-CCU_6E_2026-09-28_T+15_1789268425671_egln,DEL-CCU,EaseMyTrip,6E,6E-128,2026-09-28,T+15,7316,1606,8922,2026-09-13T02:41:12.100Z,FALSE,"",08:30,TRUE
fare_DEL-CCU_6E_2026-09-28_T+15_1789268425671_0afh,DEL-CCU,EaseMyTrip,6E,6E-2276,2026-09-28,T+15,7316,1606,8922,2026-09-13T02:41:12.100Z,FALSE,"",17:55,TRUE
fare_DEL-CCU_6E_2026-09-28_T+15_1789268425671_2xdg,DEL-CCU,EaseMyTrip,6E,6E-482,2026-09-28,T+15,7316,1606,8922,2026-09-13T02:41:12.100Z,FALSE,"",12:45,TRUE
fare_DEL-CCU_6E_2026-09-28_T+15_1789268425671_m4q1,DEL-CCU,EaseMyTrip,6E,6E-683,2026-09-28,T+15,7316,1606,8922,2026-09-13T02:41:12.100Z,FALSE,"",12:45,TRUE
fare_DEL-CCU_6E_2026-09-28_T+15_1789268425671_xa5o,DEL-CCU,EaseMyTrip,6E,6E-570,2026-09-28,T+15,7316,1606,8922,2026-09-13T02:41:12.100Z,FALSE,"",07:20,TRUE
fare_DEL-CCU_6E_2026-09-28_T+15_1789268425671_ggif,DEL-CCU,EaseMyTrip,6E,6E-923,2026-09-28,T+15,7316,1606,8922,2026-09-13T02:41:12.100Z,FALSE,"",07:20,TRUE
fare_DEL-CCU_6E_2026-09-28_T+15_1789268425671_5ez8,DEL-CCU,EaseMyTrip,6E,6E-510,2026-09-28,T+15,7316,1606,8922,2026-09-13T02:41:12.100Z,FALSE,"",14:25,TRUE
fare_DEL-CCU_6E_2026-09-28_T+15_1789268425671_gud8,DEL-CCU,EaseMyTrip,6E,6E-657,2026-09-28,T+15,7316,1606,8922,2026-09-13T02:41:12.100Z,FALSE,"",14:25,TRUE
fare_DEL-CCU_6E_2026-09-28_T+15_1789268425671_iy36,DEL-CCU,EaseMyTrip,6E,6E-6378,2026-09-28,T+15,7353,1614,8967,2026-09-13T02:41:12.100Z,FALSE,"",14:40,FALSE
fare_DEL-CCU_AI_2026-09-28_T+15_1789268425671_7mhl,DEL-CCU,EaseMyTrip,AI,AI-2535,2026-09-28,T+15,7573,1662,9235,2026-09-13T02:41:12.100Z,FALSE,"",06:40,TRUE
fare_DEL-CCU_AI_2026-09-28_T+15_1789268425671_fle9,DEL-CCU,EaseMyTrip,AI,AI-1733,2026-09-28,T+15,7573,1662,9235,2026-09-13T02:41:12.100Z,FALSE,"",16:15,TRUE
fare_DEL-CCU_AI_2026-09-28_T+15_1789268425671_enn1,DEL-CCU,EaseMyTrip,AI,AI-2707,2026-09-28,T+15,7573,1662,9235,2026-09-13T02:41:12.100Z,FALSE,"",18:00,TRUE
fare_DEL-CCU_AI_2026-09-28_T+15_1789268425671_bmaa,DEL-CCU,EaseMyTrip,AI,AI-1714,2026-09-28,T+15,7573,1662,9235,2026-09-13T02:41:12.100Z,FALSE,"",21:00,TRUE
fare_DEL-CCU_AI_2026-09-28_T+15_1789268425671_xpat,DEL-CCU,EaseMyTrip,AI,AI-2709,2026-09-28,T+15,7706,1691,9397,2026-09-13T02:41:12.100Z,FALSE,"",19:40,TRUE
fare_DEL-CCU_AI_2026-09-28_T+15_1789268425671_niok,DEL-CCU,EaseMyTrip,AI,AI-2705,2026-09-28,T+15,7706,1691,9397,2026-09-13T02:41:12.100Z,FALSE,"",07:30,TRUE
fare_DEL-CCU_AI_2026-09-28_T+15_1789268425671_uj82,DEL-CCU,EaseMyTrip,AI,AI-1791,2026-09-28,T+15,7706,1691,9397,2026-09-13T02:41:12.100Z,FALSE,"",09:55,TRUE
fare_DEL-CCU_AI_2026-09-28_T+15_1789268425671_mvgn,DEL-CCU,EaseMyTrip,AI,AI-2767,2026-09-28,T+15,7706,1691,9397,2026-09-13T02:41:12.100Z,FALSE,"",13:00,TRUE
fare_DEL-CCU_IX_2026-09-28_T+15_1789268425671_whic,DEL-CCU,EaseMyTrip,IX,IX-1273,2026-09-28,T+15,7760,1703,9463,2026-09-13T02:41:12.100Z,FALSE,"",12:20,FALSE
fare_DEL-CCU_IX_2026-09-28_T+15_1789268425671_nmd8,DEL-CCU,EaseMyTrip,IX,IX-1067,2026-09-28,T+15,7760,1703,9463,2026-09-13T02:41:12.100Z,FALSE,"",06:10,FALSE
fare_DEL-CCU_IX_2026-09-28_T+15_1789268425671_pmdg,DEL-CCU,EaseMyTrip,IX,IX-1081,2026-09-28,T+15,7931,1741,9672,2026-09-13T02:41:12.100Z,FALSE,"",15:25,FALSE
fare_DEL-CCU_IX_2026-09-28_T+15_1789268425671_8ptn,DEL-CCU,EaseMyTrip,IX,IX-1001,2026-09-28,T+15,7932,1741,9673,2026-09-13T02:41:12.100Z,FALSE,"",09:00,FALSE
fare_DEL-CCU_AI_2026-09-28_T+15_1789268425671_j1gi,DEL-CCU,EaseMyTrip,AI,AI-2702,2026-09-28,T+15,7971,1750,9721,2026-09-13T02:41:12.100Z,FALSE,"",02:30,TRUE
fare_DEL-CCU_6E_2026-09-28_T+15_1789268425671_pqmc,DEL-CCU,EaseMyTrip,6E,6E-2589,2026-09-28,T+15,7906,1735,9641,2026-09-13T02:41:12.100Z,FALSE,"",15:05,TRUE
fare_DEL-CCU_6E_2026-09-28_T+15_1789268425671_i8kr,DEL-CCU,EaseMyTrip,6E,6E-238,2026-09-28,T+15,8149,1789,9938,2026-09-13T02:41:12.100Z,FALSE,"",17:55,FALSE
fare_DEL-CCU_6E_2026-09-28_T+15_1789268425671_utp3,DEL-CCU,EaseMyTrip,6E,6E-406,2026-09-28,T+15,8149,1789,9938,2026-09-13T02:41:12.100Z,FALSE,"",17:55,FALSE
fare_DEL-CCU_IX_2026-09-28_T+15_1789268425671_4o40,DEL-CCU,EaseMyTrip,IX,IX-1032,2026-09-28,T+15,9835,2159,11994,2026-09-13T02:41:12.100Z,FALSE,"",05:45,FALSE
fare_DEL-CCU_AI_2026-09-28_T+15_1789268425671_9lld,DEL-CCU,EaseMyTrip,AI,AI-879,2026-09-28,T+15,10317,2265,12582,2026-09-13T02:41:12.100Z,FALSE,"",06:40,FALSE
fare_DEL-CCU_6E_2026-09-28_T+15_1789268425671_ia5u,DEL-CCU,EaseMyTrip,6E,6E-7624,2026-09-28,T+15,10237,2247,12484,2026-09-13T02:41:12.100Z,FALSE,"",05:50,FALSE
fare_DEL-CCU_AI_2026-09-28_T+15_1789268425671_ckqn,DEL-CCU,EaseMyTrip,AI,AI-1755,2026-09-28,T+15,10489,2303,12792,2026-09-13T02:41:12.100Z,FALSE,"",14:30,FALSE
fare_DEL-CCU_AI_2026-09-28_T+15_1789268425671_o3yn,DEL-CCU,EaseMyTrip,AI,AI-2943,2026-09-28,T+15,10888,2390,13278,2026-09-13T02:41:12.100Z,FALSE,"",07:30,FALSE
fare_DEL-CCU_AI_2026-09-28_T+15_1789268425671_i697,DEL-CCU,EaseMyTrip,AI,AI-441,2026-09-28,T+15,10888,2390,13278,2026-09-13T02:41:12.100Z,FALSE,"",17:00,FALSE
fare_DEL-CCU_AI_2026-09-28_T+15_1789268425671_fxeo,DEL-CCU,EaseMyTrip,AI,AI-2429,2026-09-28,T+15,10888,2390,13278,2026-09-13T02:41:12.100Z,FALSE,"",07:00,FALSE
fare_DEL-CCU_AI_2026-09-28_T+15_1789268425671_yc2z,DEL-CCU,EaseMyTrip,AI,AI-1777,2026-09-28,T+15,10888,2390,13278,2026-09-13T02:41:12.100Z,FALSE,"",16:00,FALSE
fare_DEL-CCU_AI_2026-09-28_T+15_1789268425671_n4w8,DEL-CCU,EaseMyTrip,AI,AI-2945,2026-09-28,T+15,10888,2390,13278,2026-09-13T02:41:12.100Z,FALSE,"",11:00,FALSE
fare_DEL-CCU_AI_2026-09-28_T+15_1789268425671_5nst,DEL-CCU,EaseMyTrip,AI,AI-1745,2026-09-28,T+15,10888,2390,13278,2026-09-13T02:41:12.100Z,FALSE,"",05:00,FALSE
fare_DEL-CCU_AI_2026-09-28_T+15_1789268425671_cbm4,DEL-CCU,EaseMyTrip,AI,AI-2439,2026-09-28,T+15,10888,2390,13278,2026-09-13T02:41:12.100Z,FALSE,"",23:00,FALSE
fare_DEL-CCU_AI_2026-09-28_T+15_1789268425671_zdwp,DEL-CCU,EaseMyTrip,AI,AI-2433,2026-09-28,T+15,10888,2390,13278,2026-09-13T02:41:12.100Z,FALSE,"",21:30,FALSE
fare_DEL-CCU_QP_2026-09-28_T+15_1789268425671_gh2q,DEL-CCU,EaseMyTrip,QP,QP-1940,2026-09-28,T+15,11378,2498,13876,2026-09-13T02:41:12.100Z,FALSE,"",14:05,FALSE
fare_DEL-CCU_IX_2026-09-28_T+15_1789268425671_7a70,DEL-CCU,EaseMyTrip,IX,IX-1070,2026-09-28,T+15,12535,2751,15286,2026-09-13T02:41:12.100Z,FALSE,"",18:20,FALSE
fare_DEL-CCU_AI_2026-09-28_T+15_1789268425671_ejeb,DEL-CCU,EaseMyTrip,AI,AI-9486,2026-09-28,T+15,12511,2746,15257,2026-09-13T02:41:12.100Z,FALSE,"",05:35,FALSE
fare_DEL-CCU_IX_2026-09-28_T+15_1789268425671_jv1m,DEL-CCU,EaseMyTrip,IX,IX-5975,2026-09-28,T+15,12697,2787,15484,2026-09-13T02:41:12.100Z,FALSE,"",21:00,FALSE
fare_DEL-CCU_AI_2026-09-28_T+15_1789268425671_aovx,DEL-CCU,EaseMyTrip,AI,AI-537,2026-09-28,T+15,12813,2813,15626,2026-09-13T02:41:12.100Z,FALSE,"",15:45,FALSE
fare_DEL-CCU_AI_2026-09-28_T+15_1789268425671_vwky,DEL-CCU,EaseMyTrip,AI,AI-2467,2026-09-28,T+15,12813,2813,15626,2026-09-13T02:41:12.100Z,FALSE,"",10:00,FALSE
fare_DEL-CCU_AI_2026-09-28_T+15_1789268425671_t30b,DEL-CCU,EaseMyTrip,AI,AI-2951,2026-09-28,T+15,13674,3002,16676,2026-09-13T02:41:12.100Z,FALSE,"",13:30,FALSE
fare_DEL-CCU_AI_2026-09-28_T+15_1789268425671_iawx,DEL-CCU,EaseMyTrip,AI,AI-2425,2026-09-28,T+15,13674,3002,16676,2026-09-13T02:41:12.100Z,FALSE,"",10:30,FALSE
fare_DEL-CCU_AI_2026-09-28_T+15_1789268425671_3y6p,DEL-CCU,EaseMyTrip,AI,AI-2678,2026-09-28,T+15,14003,3074,17077,2026-09-13T02:41:12.100Z,FALSE,"",08:30,FALSE
fare_DEL-CCU_AI_2026-09-28_T+15_1789268425671_nxhw,DEL-CCU,EaseMyTrip,AI,AI-2975,2026-09-28,T+15,14003,3074,17077,2026-09-13T02:41:12.100Z,FALSE,"",06:30,FALSE
fare_DEL-CCU_AI_2026-09-28_T+15_1789268425671_0p68,DEL-CCU,EaseMyTrip,AI,AI-809,2026-09-28,T+15,14034,3081,17115,2026-09-13T02:41:12.100Z,FALSE,"",17:40,FALSE
fare_DEL-CCU_AI_2026-09-28_T+15_1789268425671_emo8,DEL-CCU,EaseMyTrip,AI,AI-817,2026-09-28,T+15,14269,3132,17401,2026-09-13T02:41:12.100Z,FALSE,"",05:55,FALSE
fare_DEL-CCU_6E_2026-09-28_T+15_1789268425671_2xuv,DEL-CCU,EaseMyTrip,6E,6E-5307,2026-09-28,T+15,14224,3122,17346,2026-09-13T02:41:12.100Z,FALSE,"",10:50,FALSE
fare_DEL-CCU_AI_2026-09-28_T+15_1789268425671_zwy5,DEL-CCU,EaseMyTrip,AI,AI-2483,2026-09-28,T+15,14773,3243,18016,2026-09-13T02:41:12.100Z,FALSE,"",12:20,FALSE
fare_DEL-CCU_AI_2026-09-28_T+15_1789268425671_exwr,DEL-CCU,EaseMyTrip,AI,AI-2525,2026-09-28,T+15,15363,3372,18735,2026-09-13T02:41:12.100Z,FALSE,"",06:00,FALSE
fare_DEL-CCU_AI_2026-09-28_T+15_1789268425671_f2vv,DEL-CCU,EaseMyTrip,AI,AI-2409,2026-09-28,T+15,15391,3379,18770,2026-09-13T02:41:12.100Z,FALSE,"",06:00,FALSE
fare_DEL-CCU_AI_2026-09-28_T+15_1789268425671_s6zc,DEL-CCU,EaseMyTrip,AI,AI-1703,2026-09-28,T+15,15524,3408,18932,2026-09-13T02:41:12.100Z,FALSE,"",05:10,FALSE
fare_DEL-CCU_AI_2026-09-28_T+15_1789268425671_orxq,DEL-CCU,EaseMyTrip,AI,AI-2803,2026-09-28,T+15,15536,3410,18946,2026-09-13T02:41:12.100Z,FALSE,"",06:30,FALSE
fare_DEL-CCU_AI_2026-09-28_T+15_1789268425671_u00b,DEL-CCU,EaseMyTrip,AI,AI-2815,2026-09-28,T+15,19635,4310,23945,2026-09-13T02:41:12.100Z,TRUE,"High outlier: ₹23945 > upper fence ₹21002 (Q3: ₹13157, IQR: ₹5230)",07:00,FALSE
fare_DEL-CCU_IX_2026-09-28_T+15_1789268425671_gw30,DEL-CCU,EaseMyTrip,IX,IX-1230,2026-09-28,T+15,25301,5554,30855,2026-09-13T02:41:12.100Z,TRUE,"High outlier: ₹30855 > upper fence ₹21002 (Q3: ₹13157, IQR: ₹5230)",04:40,FALSE
fare_DEL-CCU_IX_2026-09-14_T+1_1789268425671_0fw5,DEL-CCU,EaseMyTrip,IX,IX-1081,2026-09-14,T+1,6979,1532,8511,2026-09-13T02:40:59.951Z,FALSE,"",15:25,FALSE
fare_DEL-CCU_IX_2026-09-14_T+1_1789268425671_sf7r,DEL-CCU,EaseMyTrip,IX,IX-1069,2026-09-14,T+1,6979,1532,8511,2026-09-13T02:40:59.951Z,FALSE,"",10:40,FALSE
fare_DEL-CCU_IX_2026-09-14_T+1_1789268425671_feeq,DEL-CCU,EaseMyTrip,IX,IX-1035,2026-09-14,T+1,6979,1532,8511,2026-09-13T02:40:59.951Z,FALSE,"",08:10,FALSE
fare_DEL-CCU_IX_2026-09-14_T+1_1789268425671_o6lg,DEL-CCU,EaseMyTrip,IX,IX-1671,2026-09-14,T+1,6979,1532,8511,2026-09-13T02:40:59.951Z,FALSE,"",20:00,FALSE
fare_DEL-CCU_IX_2026-09-14_T+1_1789268425671_3l3s,DEL-CCU,EaseMyTrip,IX,IX-1032,2026-09-14,T+1,6979,1532,8511,2026-09-13T02:40:59.951Z,FALSE,"",05:45,FALSE
fare_DEL-CCU_6E_2026-09-14_T+1_1789268425671_oggi,DEL-CCU,EaseMyTrip,6E,6E-6245,2026-09-14,T+1,6048,1328,7376,2026-09-13T02:40:59.951Z,FALSE,"",06:20,FALSE
fare_DEL-CCU_6E_2026-09-14_T+1_1789268425671_efka,DEL-CCU,EaseMyTrip,6E,6E-2453,2026-09-14,T+1,6048,1328,7376,2026-09-13T02:40:59.951Z,FALSE,"",13:35,FALSE
fare_DEL-CCU_IX_2026-09-14_T+1_1789268425671_pft5,DEL-CCU,EaseMyTrip,IX,IX-1067,2026-09-14,T+1,7591,1666,9257,2026-09-13T02:40:59.951Z,FALSE,"",06:10,FALSE
fare_DEL-CCU_IX_2026-09-14_T+1_1789268425671_vb2z,DEL-CCU,EaseMyTrip,IX,IX-1001,2026-09-14,T+1,7964,1748,9712,2026-09-13T02:40:59.951Z,FALSE,"",09:00,FALSE
fare_DEL-CCU_6E_2026-09-14_T+1_1789268425671_e91e,DEL-CCU,EaseMyTrip,6E,6E-2361,2026-09-14,T+1,6156,1351,7507,2026-09-13T02:40:59.951Z,FALSE,"",14:35,FALSE
fare_DEL-CCU_6E_2026-09-14_T+1_1789268425671_y6x8,DEL-CCU,EaseMyTrip,6E,6E-5038,2026-09-14,T+1,6221,1365,7586,2026-09-13T02:40:59.951Z,FALSE,"",14:00,FALSE
fare_DEL-CCU_6E_2026-09-14_T+1_1789268425671_1yhx,DEL-CCU,EaseMyTrip,6E,6E-2296,2026-09-14,T+1,6221,1365,7586,2026-09-13T02:40:59.951Z,FALSE,"",09:20,FALSE
fare_DEL-CCU_6E_2026-09-14_T+1_1789268425671_ugvj,DEL-CCU,EaseMyTrip,6E,6E-6378,2026-09-14,T+1,6307,1384,7691,2026-09-13T02:40:59.951Z,FALSE,"",14:40,FALSE
fare_DEL-CCU_6E_2026-09-14_T+1_1789268425671_1l74,DEL-CCU,EaseMyTrip,6E,6E-5041,2026-09-14,T+1,6307,1384,7691,2026-09-13T02:40:59.951Z,FALSE,"",15:10,FALSE
fare_DEL-CCU_6E_2026-09-14_T+1_1789268425671_li1j,DEL-CCU,EaseMyTrip,6E,6E-5215,2026-09-14,T+1,6307,1384,7691,2026-09-13T02:40:59.951Z,FALSE,"",07:45,FALSE
fare_DEL-CCU_6E_2026-09-14_T+1_1789268425671_akfe,DEL-CCU,EaseMyTrip,6E,6E-6829,2026-09-14,T+1,6328,1389,7717,2026-09-13T02:40:59.951Z,FALSE,"",17:20,FALSE
fare_DEL-CCU_6E_2026-09-14_T+1_1789268425671_jbw4,DEL-CCU,EaseMyTrip,6E,6E-2341,2026-09-14,T+1,6500,1427,7927,2026-09-13T02:40:59.951Z,FALSE,"",14:50,FALSE
fare_DEL-CCU_6E_2026-09-14_T+1_1789268425671_ezie,DEL-CCU,EaseMyTrip,6E,6E-381,2026-09-14,T+1,6500,1427,7927,2026-09-13T02:40:59.951Z,FALSE,"",02:25,FALSE
fare_DEL-CCU_6E_2026-09-14_T+1_1789268425671_n8jb,DEL-CCU,EaseMyTrip,6E,6E-557,2026-09-14,T+1,6500,1427,7927,2026-09-13T02:40:59.951Z,FALSE,"",02:25,FALSE
fare_DEL-CCU_6E_2026-09-14_T+1_1789268425671_rim6,DEL-CCU,EaseMyTrip,6E,6E-864,2026-09-14,T+1,6500,1427,7927,2026-09-13T02:40:59.951Z,FALSE,"",08:30,FALSE
fare_DEL-CCU_6E_2026-09-14_T+1_1789268425671_y7ob,DEL-CCU,EaseMyTrip,6E,6E-533,2026-09-14,T+1,6500,1427,7927,2026-09-13T02:40:59.951Z,FALSE,"",08:30,FALSE
fare_DEL-CCU_6E_2026-09-14_T+1_1789268425671_03pf,DEL-CCU,EaseMyTrip,6E,6E-6293,2026-09-14,T+1,6500,1427,7927,2026-09-13T02:40:59.951Z,FALSE,"",09:55,FALSE
fare_DEL-CCU_6E_2026-09-14_T+1_1789268425671_h05f,DEL-CCU,EaseMyTrip,6E,6E-6282,2026-09-14,T+1,6500,1427,7927,2026-09-13T02:40:59.951Z,FALSE,"",13:30,FALSE
fare_DEL-CCU_6E_2026-09-14_T+1_1789268425671_tg34,DEL-CCU,EaseMyTrip,6E,6E-5119,2026-09-14,T+1,6500,1427,7927,2026-09-13T02:40:59.951Z,FALSE,"",05:10,FALSE
fare_DEL-CCU_6E_2026-09-14_T+1_1789268425671_uozc,DEL-CCU,EaseMyTrip,6E,6E-677,2026-09-14,T+1,6500,1427,7927,2026-09-13T02:40:59.951Z,FALSE,"",07:10,FALSE
fare_DEL-CCU_6E_2026-09-14_T+1_1789268425671_n338,DEL-CCU,EaseMyTrip,6E,6E-975,2026-09-14,T+1,6500,1427,7927,2026-09-13T02:40:59.951Z,FALSE,"",07:10,FALSE
fare_DEL-CCU_6E_2026-09-14_T+1_1789268425671_lanc,DEL-CCU,EaseMyTrip,6E,6E-6217,2026-09-14,T+1,6500,1427,7927,2026-09-13T02:40:59.951Z,FALSE,"",16:15,FALSE
fare_DEL-CCU_6E_2026-09-14_T+1_1789268425671_r64l,DEL-CCU,EaseMyTrip,6E,6E-5073,2026-09-14,T+1,6500,1427,7927,2026-09-13T02:40:59.951Z,FALSE,"",17:05,FALSE
fare_DEL-CCU_6E_2026-09-14_T+1_1789268425671_yo6k,DEL-CCU,EaseMyTrip,6E,6E-2331,2026-09-14,T+1,6500,1427,7927,2026-09-13T02:40:59.951Z,FALSE,"",12:20,FALSE
fare_DEL-CCU_6E_2026-09-14_T+1_1789268425671_zmki,DEL-CCU,EaseMyTrip,6E,6E-271,2026-09-14,T+1,6500,1427,7927,2026-09-13T02:40:59.951Z,FALSE,"",08:30,FALSE
fare_DEL-CCU_6E_2026-09-14_T+1_1789268425671_xcs7,DEL-CCU,EaseMyTrip,6E,6E-863,2026-09-14,T+1,6500,1427,7927,2026-09-13T02:40:59.951Z,FALSE,"",08:30,FALSE
fare_DEL-CCU_6E_2026-09-14_T+1_1789268425671_bg24,DEL-CCU,EaseMyTrip,6E,6E-305,2026-09-14,T+1,6500,1427,7927,2026-09-13T02:40:59.951Z,FALSE,"",02:25,FALSE
fare_DEL-CCU_6E_2026-09-14_T+1_1789268425671_1j4a,DEL-CCU,EaseMyTrip,6E,6E-288,2026-09-14,T+1,6500,1427,7927,2026-09-13T02:40:59.951Z,FALSE,"",02:25,FALSE
fare_DEL-CCU_6E_2026-09-14_T+1_1789268425671_kv4o,DEL-CCU,EaseMyTrip,6E,6E-6551,2026-09-14,T+1,6586,1446,8032,2026-09-13T02:40:59.951Z,FALSE,"",12:00,FALSE
fare_DEL-CCU_6E_2026-09-14_T+1_1789268425671_n8ug,DEL-CCU,EaseMyTrip,6E,6E-6371,2026-09-14,T+1,6586,1446,8032,2026-09-13T02:40:59.951Z,FALSE,"",06:20,FALSE
fare_DEL-CCU_6E_2026-09-14_T+1_1789268425671_1tq2,DEL-CCU,EaseMyTrip,6E,6E-2614,2026-09-14,T+1,6719,1475,8194,2026-09-13T02:40:59.951Z,FALSE,"",14:40,FALSE
fare_DEL-CCU_6E_2026-09-14_T+1_1789268425671_x2ix,DEL-CCU,EaseMyTrip,6E,6E-2259,2026-09-14,T+1,6719,1475,8194,2026-09-13T02:40:59.951Z,FALSE,"",12:20,FALSE
fare_DEL-CCU_6E_2026-09-14_T+1_1789268425671_uqii,DEL-CCU,EaseMyTrip,6E,6E-5033,2026-09-14,T+1,6719,1475,8194,2026-09-13T02:40:59.951Z,FALSE,"",15:50,FALSE
fare_DEL-CCU_6E_2026-09-14_T+1_1789268425671_11hm,DEL-CCU,EaseMyTrip,6E,6E-6190,2026-09-14,T+1,6719,1475,8194,2026-09-13T02:40:59.951Z,FALSE,"",07:40,FALSE
fare_DEL-CCU_QP_2026-09-14_T+1_1789268425671_drxp,DEL-CCU,EaseMyTrip,QP,QP-1801,2026-09-14,T+1,6730,1477,8207,2026-09-13T02:40:59.951Z,FALSE,"",05:55,TRUE
fare_DEL-CCU_6E_2026-09-14_T+1_1789268425671_hi5l,DEL-CCU,EaseMyTrip,6E,6E-2571,2026-09-14,T+1,6761,1484,8245,2026-09-13T02:40:59.951Z,FALSE,"",12:30,FALSE
fare_DEL-CCU_6E_2026-09-14_T+1_1789268425671_8gwk,DEL-CCU,EaseMyTrip,6E,6E-703,2026-09-14,T+1,6999,1536,8535,2026-09-13T02:40:59.951Z,FALSE,"",17:55,FALSE
fare_DEL-CCU_6E_2026-09-14_T+1_1789268425671_ufb1,DEL-CCU,EaseMyTrip,6E,6E-223,2026-09-14,T+1,6999,1536,8535,2026-09-13T02:40:59.951Z,FALSE,"",17:55,FALSE
fare_DEL-CCU_QP_2026-09-14_T+1_1789268425671_kskd,DEL-CCU,EaseMyTrip,QP,QP-1803,2026-09-14,T+1,7250,1591,8841,2026-09-13T02:40:59.951Z,FALSE,"",17:05,TRUE
fare_DEL-CCU_6E_2026-09-14_T+1_1789268425671_eed5,DEL-CCU,EaseMyTrip,6E,6E-6073,2026-09-14,T+1,7267,1595,8862,2026-09-13T02:40:59.951Z,FALSE,"",05:00,FALSE
fare_DEL-CCU_6E_2026-09-14_T+1_1789268425671_f7hp,DEL-CCU,EaseMyTrip,6E,6E-5191,2026-09-14,T+1,7316,1606,8922,2026-09-13T02:40:59.951Z,FALSE,"",05:00,TRUE
fare_DEL-CCU_6E_2026-09-14_T+1_1789268425671_iv5l,DEL-CCU,EaseMyTrip,6E,6E-811,2026-09-14,T+1,7316,1606,8922,2026-09-13T02:40:59.951Z,FALSE,"",23:30,TRUE
fare_DEL-CCU_6E_2026-09-14_T+1_1789268425671_lc0b,DEL-CCU,EaseMyTrip,6E,6E-212,2026-09-14,T+1,7316,1606,8922,2026-09-13T02:40:59.951Z,FALSE,"",23:30,TRUE
fare_DEL-CCU_6E_2026-09-14_T+1_1789268425671_2hb8,DEL-CCU,EaseMyTrip,6E,6E-6415,2026-09-14,T+1,7316,1606,8922,2026-09-13T02:40:59.951Z,FALSE,"",16:00,TRUE
fare_DEL-CCU_6E_2026-09-14_T+1_1789268425671_135w,DEL-CCU,EaseMyTrip,6E,6E-6517,2026-09-14,T+1,7316,1606,8922,2026-09-13T02:40:59.951Z,FALSE,"",19:30,TRUE
fare_DEL-CCU_6E_2026-09-14_T+1_1789268425671_mzs1,DEL-CCU,EaseMyTrip,6E,6E-2276,2026-09-14,T+1,7316,1606,8922,2026-09-13T02:40:59.951Z,FALSE,"",17:55,TRUE
fare_DEL-CCU_6E_2026-09-14_T+1_1789268425671_41pc,DEL-CCU,EaseMyTrip,6E,6E-925,2026-09-14,T+1,7316,1606,8922,2026-09-13T02:40:59.951Z,FALSE,"",12:45,TRUE
fare_DEL-CCU_6E_2026-09-14_T+1_1789268425671_5wox,DEL-CCU,EaseMyTrip,6E,6E-759,2026-09-14,T+1,7316,1606,8922,2026-09-13T02:40:59.951Z,FALSE,"",12:45,TRUE
fare_DEL-CCU_6E_2026-09-14_T+1_1789268425671_vtrz,DEL-CCU,EaseMyTrip,6E,6E-139,2026-09-14,T+1,7316,1606,8922,2026-09-13T02:40:59.951Z,FALSE,"",07:20,TRUE
fare_DEL-CCU_6E_2026-09-14_T+1_1789268425671_jsw9,DEL-CCU,EaseMyTrip,6E,6E-410,2026-09-14,T+1,7316,1606,8922,2026-09-13T02:40:59.951Z,FALSE,"",07:20,TRUE
fare_DEL-CCU_6E_2026-09-14_T+1_1789268425671_4bkh,DEL-CCU,EaseMyTrip,6E,6E-366,2026-09-14,T+1,7316,1606,8922,2026-09-13T02:40:59.951Z,FALSE,"",14:25,TRUE
fare_DEL-CCU_6E_2026-09-14_T+1_1789268425671_lqh9,DEL-CCU,EaseMyTrip,6E,6E-460,2026-09-14,T+1,7316,1606,8922,2026-09-13T02:40:59.951Z,FALSE,"",14:25,TRUE
fare_DEL-CCU_AI_2026-09-14_T+1_1789268425671_ligx,DEL-CCU,EaseMyTrip,AI,AI-2702,2026-09-14,T+1,7496,1646,9142,2026-09-13T02:40:59.951Z,FALSE,"",02:30,TRUE
fare_DEL-CCU_IX_2026-09-14_T+1_1789268425671_xtvv,DEL-CCU,EaseMyTrip,IX,IX-1273,2026-09-14,T+1,7591,1666,9257,2026-09-13T02:40:59.951Z,FALSE,"",12:20,FALSE
fare_DEL-CCU_AI_2026-09-14_T+1_1789268425671_70j8,DEL-CCU,EaseMyTrip,AI,AI-2535,2026-09-14,T+1,7573,1662,9235,2026-09-13T02:40:59.951Z,FALSE,"",06:40,TRUE
fare_DEL-CCU_AI_2026-09-14_T+1_1789268425671_lwua,DEL-CCU,EaseMyTrip,AI,AI-1733,2026-09-14,T+1,7573,1662,9235,2026-09-13T02:40:59.951Z,FALSE,"",16:15,TRUE
fare_DEL-CCU_AI_2026-09-14_T+1_1789268425671_6kq7,DEL-CCU,EaseMyTrip,AI,AI-2707,2026-09-14,T+1,7573,1662,9235,2026-09-13T02:40:59.951Z,FALSE,"",18:00,TRUE
fare_DEL-CCU_AI_2026-09-14_T+1_1789268425671_151d,DEL-CCU,EaseMyTrip,AI,AI-1714,2026-09-14,T+1,7573,1662,9235,2026-09-13T02:40:59.951Z,FALSE,"",21:00,TRUE
fare_DEL-CCU_AI_2026-09-14_T+1_1789268425671_f91c,DEL-CCU,EaseMyTrip,AI,AI-2709,2026-09-14,T+1,7706,1691,9397,2026-09-13T02:40:59.951Z,FALSE,"",19:40,TRUE
fare_DEL-CCU_AI_2026-09-14_T+1_1789268425671_c3vn,DEL-CCU,EaseMyTrip,AI,AI-1791,2026-09-14,T+1,7706,1691,9397,2026-09-13T02:40:59.951Z,FALSE,"",09:55,TRUE
fare_DEL-CCU_AI_2026-09-14_T+1_1789268425671_m976,DEL-CCU,EaseMyTrip,AI,AI-2767,2026-09-14,T+1,7706,1691,9397,2026-09-13T02:40:59.951Z,FALSE,"",13:00,TRUE
fare_DEL-CCU_6E_2026-09-14_T+1_1789268425671_12ob,DEL-CCU,EaseMyTrip,6E,6E-688,2026-09-14,T+1,7805,1713,9518,2026-09-13T02:40:59.951Z,FALSE,"",16:20,FALSE
fare_DEL-CCU_6E_2026-09-14_T+1_1789268425671_7xaz,DEL-CCU,EaseMyTrip,6E,6E-995,2026-09-14,T+1,7805,1713,9518,2026-09-13T02:40:59.951Z,FALSE,"",16:20,FALSE
fare_DEL-CCU_6E_2026-09-14_T+1_1789268425671_uz3a,DEL-CCU,EaseMyTrip,6E,6E-2589,2026-09-14,T+1,7906,1735,9641,2026-09-13T02:40:59.951Z,FALSE,"",15:05,TRUE
fare_DEL-CCU_6E_2026-09-14_T+1_1789268425671_7gp1,DEL-CCU,EaseMyTrip,6E,6E-6124,2026-09-14,T+1,7926,1740,9666,2026-09-13T02:40:59.951Z,FALSE,"",07:30,FALSE
fare_DEL-CCU_6E_2026-09-14_T+1_1789268425671_3e2n,DEL-CCU,EaseMyTrip,6E,6E-7624,2026-09-14,T+1,8047,1766,9813,2026-09-13T02:40:59.951Z,FALSE,"",05:50,FALSE
fare_DEL-CCU_6E_2026-09-14_T+1_1789268425671_lyg7,DEL-CCU,EaseMyTrip,6E,6E-559,2026-09-14,T+1,8177,1795,9972,2026-09-13T02:40:59.951Z,FALSE,"",10:15,TRUE
fare_DEL-CCU_6E_2026-09-14_T+1_1789268425671_ov8x,DEL-CCU,EaseMyTrip,6E,6E-812,2026-09-14,T+1,8177,1795,9972,2026-09-13T02:40:59.951Z,FALSE,"",10:15,TRUE
fare_DEL-CCU_6E_2026-09-14_T+1_1789268425671_m5yq,DEL-CCU,EaseMyTrip,6E,6E-939,2026-09-14,T+1,8177,1795,9972,2026-09-13T02:40:59.951Z,FALSE,"",08:30,TRUE
fare_DEL-CCU_6E_2026-09-14_T+1_1789268425671_7a64,DEL-CCU,EaseMyTrip,6E,6E-138,2026-09-14,T+1,8177,1795,9972,2026-09-13T02:40:59.951Z,FALSE,"",08:30,TRUE
fare_DEL-CCU_6E_2026-09-14_T+1_1789268425671_3hh1,DEL-CCU,EaseMyTrip,6E,6E-5036,2026-09-14,T+1,8467,1858,10325,2026-09-13T02:40:59.951Z,FALSE,"",08:00,FALSE
fare_DEL-CCU_IX_2026-09-14_T+1_1789268425671_xyf2,DEL-CCU,EaseMyTrip,IX,IX-1085,2026-09-14,T+1,9835,2159,11994,2026-09-13T02:40:59.951Z,FALSE,"",12:55,FALSE
fare_DEL-CCU_6E_2026-09-14_T+1_1789268425671_wt9v,DEL-CCU,EaseMyTrip,6E,6E-6503,2026-09-14,T+1,9517,2089,11606,2026-09-13T02:40:59.951Z,FALSE,"",13:25,FALSE
fare_DEL-CCU_AI_2026-09-14_T+1_1789268425671_fck3,DEL-CCU,EaseMyTrip,AI,AI-2705,2026-09-14,T+1,9757,2142,11899,2026-09-13T02:40:59.951Z,FALSE,"",07:30,TRUE
fare_DEL-CCU_6E_2026-09-14_T+1_1789268425671_8l9v,DEL-CCU,EaseMyTrip,6E,6E-5307,2026-09-14,T+1,9603,2108,11711,2026-09-13T02:40:59.951Z,FALSE,"",10:50,FALSE
fare_DEL-CCU_AI_2026-09-14_T+1_1789268425671_tdcp,DEL-CCU,EaseMyTrip,AI,AI-879,2026-09-14,T+1,10317,2265,12582,2026-09-13T02:40:59.951Z,FALSE,"",06:40,FALSE
fare_DEL-CCU_AI_2026-09-14_T+1_1789268425671_5bn9,DEL-CCU,EaseMyTrip,AI,AI-1755,2026-09-14,T+1,10489,2303,12792,2026-09-13T02:40:59.951Z,FALSE,"",14:30,FALSE
fare_DEL-CCU_AI_2026-09-14_T+1_1789268425671_rlg1,DEL-CCU,EaseMyTrip,AI,AI-2943,2026-09-14,T+1,10888,2390,13278,2026-09-13T02:40:59.951Z,FALSE,"",07:30,FALSE
fare_DEL-CCU_AI_2026-09-14_T+1_1789268425671_gwot,DEL-CCU,EaseMyTrip,AI,AI-441,2026-09-14,T+1,10888,2390,13278,2026-09-13T02:40:59.951Z,FALSE,"",17:00,FALSE
fare_DEL-CCU_AI_2026-09-14_T+1_1789268425671_0agd,DEL-CCU,EaseMyTrip,AI,AI-2429,2026-09-14,T+1,10888,2390,13278,2026-09-13T02:40:59.951Z,FALSE,"",07:00,FALSE
fare_DEL-CCU_AI_2026-09-14_T+1_1789268425671_2sfb,DEL-CCU,EaseMyTrip,AI,AI-1777,2026-09-14,T+1,10888,2390,13278,2026-09-13T02:40:59.951Z,FALSE,"",16:00,FALSE
fare_DEL-CCU_AI_2026-09-14_T+1_1789268425671_ttqb,DEL-CCU,EaseMyTrip,AI,AI-1745,2026-09-14,T+1,10888,2390,13278,2026-09-13T02:40:59.951Z,FALSE,"",05:00,FALSE
fare_DEL-CCU_QP_2026-09-14_T+1_1789268425671_lvbv,DEL-CCU,EaseMyTrip,QP,QP-1940,2026-09-14,T+1,11033,2422,13455,2026-09-13T02:40:59.951Z,FALSE,"",14:05,FALSE
fare_DEL-CCU_AI_2026-09-14_T+1_1789268425671_j25v,DEL-CCU,EaseMyTrip,AI,AI-2439,2026-09-14,T+1,12125,2661,14786,2026-09-13T02:40:59.951Z,FALSE,"",23:00,FALSE
fare_DEL-CCU_AI_2026-09-14_T+1_1789268425671_l6wd,DEL-CCU,EaseMyTrip,AI,AI-2433,2026-09-14,T+1,12125,2661,14786,2026-09-13T02:40:59.951Z,FALSE,"",21:30,FALSE
fare_DEL-CCU_AI_2026-09-14_T+1_1789268425671_yv8k,DEL-CCU,EaseMyTrip,AI,AI-9484,2026-09-14,T+1,12210,2680,14890,2026-09-13T02:40:59.951Z,FALSE,"",23:25,FALSE
fare_DEL-CCU_AI_2026-09-14_T+1_1789268425671_s3hn,DEL-CCU,EaseMyTrip,AI,AI-9486,2026-09-14,T+1,12381,2718,15099,2026-09-13T02:40:59.951Z,FALSE,"",05:35,FALSE
fare_DEL-CCU_6E_2026-09-14_T+1_1789268425671_6cuj,DEL-CCU,EaseMyTrip,6E,6E-6459,2026-09-14,T+1,12904,2833,15737,2026-09-13T02:40:59.951Z,FALSE,"",05:55,FALSE
fare_DEL-CCU_IX_2026-09-14_T+1_1789268425671_q892,DEL-CCU,EaseMyTrip,IX,IX-1230,2026-09-14,T+1,13097,2875,15972,2026-09-13T02:40:59.951Z,FALSE,"",03:55,FALSE
fare_DEL-CCU_AI_2026-09-14_T+1_1789268425671_qm92,DEL-CCU,EaseMyTrip,AI,AI-2941,2026-09-14,T+1,13674,3002,16676,2026-09-13T02:40:59.951Z,FALSE,"",16:30,FALSE
fare_DEL-CCU_AI_2026-09-14_T+1_1789268425671_ym0q,DEL-CCU,EaseMyTrip,AI,AI-2678,2026-09-14,T+1,14003,3074,17077,2026-09-13T02:40:59.951Z,FALSE,"",08:30,FALSE
fare_DEL-CCU_AI_2026-09-14_T+1_1789268425671_4mm0,DEL-CCU,EaseMyTrip,AI,AI-2975,2026-09-14,T+1,14003,3074,17077,2026-09-13T02:40:59.951Z,FALSE,"",06:30,FALSE
fare_DEL-CCU_AI_2026-09-14_T+1_1789268425671_mqi9,DEL-CCU,EaseMyTrip,AI,AI-2995,2026-09-14,T+1,14277,3134,17411,2026-09-13T02:40:59.951Z,FALSE,"",10:00,FALSE
fare_DEL-CCU_AI_2026-09-14_T+1_1789268425671_89u3,DEL-CCU,EaseMyTrip,AI,AI-2927,2026-09-14,T+1,14277,3134,17411,2026-09-13T02:40:59.951Z,FALSE,"",09:30,FALSE
fare_DEL-CCU_AI_2026-09-14_T+1_1789268425671_aguy,DEL-CCU,EaseMyTrip,AI,AI-2963,2026-09-14,T+1,14503,3183,17686,2026-09-13T02:40:59.951Z,FALSE,"",09:00,FALSE
fare_DEL-CCU_AI_2026-09-14_T+1_1789268425671_e6lt,DEL-CCU,EaseMyTrip,AI,AI-2467,2026-09-14,T+1,14515,3186,17701,2026-09-13T02:40:59.951Z,FALSE,"",10:00,FALSE
fare_DEL-CCU_AI_2026-09-14_T+1_1789268425671_b4ey,DEL-CCU,EaseMyTrip,AI,AI-2483,2026-09-14,T+1,14653,3216,17869,2026-09-13T02:40:59.951Z,FALSE,"",12:20,FALSE
fare_DEL-CCU_AI_2026-09-14_T+1_1789268425671_mzto,DEL-CCU,EaseMyTrip,AI,AI-2525,2026-09-14,T+1,15144,3324,18468,2026-09-13T02:40:59.951Z,FALSE,"",06:00,FALSE
fare_DEL-CCU_AI_2026-09-14_T+1_1789268425671_3mje,DEL-CCU,EaseMyTrip,AI,AI-537,2026-09-14,T+1,15354,3371,18725,2026-09-13T02:40:59.951Z,FALSE,"",15:45,FALSE
fare_DEL-CCU_AI_2026-09-14_T+1_1789268425671_pgl2,DEL-CCU,EaseMyTrip,AI,AI-2945,2026-09-14,T+1,15673,3441,19114,2026-09-13T02:40:59.951Z,FALSE,"",11:00,FALSE
fare_DEL-CCU_IX_2026-09-14_T+1_1789268425671_oyh2,DEL-CCU,EaseMyTrip,IX,IX-5975,2026-09-14,T+1,15698,3446,19144,2026-09-13T02:40:59.951Z,FALSE,"",21:00,FALSE
fare_DEL-CCU_AI_2026-09-14_T+1_1789268425671_z07v,DEL-CCU,EaseMyTrip,AI,AI-2951,2026-09-14,T+1,16685,3662,20347,2026-09-13T02:40:59.951Z,FALSE,"",13:30,FALSE
fare_DEL-CCU_AI_2026-09-14_T+1_1789268425671_ph7x,DEL-CCU,EaseMyTrip,AI,AI-2815,2026-09-14,T+1,18120,3978,22098,2026-09-13T02:40:59.951Z,TRUE,"High outlier: ₹22098 > upper fence ₹21026 (Q3: ₹13278, IQR: ₹5165)",07:00,FALSE
fare_DEL-CCU_AI_2026-09-14_T+1_1789268425671_hvsz,DEL-CCU,EaseMyTrip,AI,AI-2803,2026-09-14,T+1,18338,4026,22364,2026-09-13T02:40:59.951Z,TRUE,"High outlier: ₹22364 > upper fence ₹21026 (Q3: ₹13278, IQR: ₹5165)",06:30,FALSE
fare_DEL-CCU_AI_2026-09-14_T+1_1789268425671_d1ve,DEL-CCU,EaseMyTrip,AI,AI-2653,2026-09-14,T+1,18338,4026,22364,2026-09-13T02:40:59.951Z,TRUE,"High outlier: ₹22364 > upper fence ₹21026 (Q3: ₹13278, IQR: ₹5165)",04:30,FALSE
fare_DEL-CCU_AI_2026-09-14_T+1_1789268425671_d7wd,DEL-CCU,EaseMyTrip,AI,AI-2409,2026-09-14,T+1,18851,4138,22989,2026-09-13T02:40:59.951Z,TRUE,"High outlier: ₹22989 > upper fence ₹21026 (Q3: ₹13278, IQR: ₹5165)",06:00,FALSE
fare_DEL-CCU_IX_2026-10-13_T+30_1789268425671_55a2,DEL-CCU,EaseMyTrip,IX,IX-1032,2026-10-13,T+30,6979,1532,8511,2026-09-13T02:41:18.625Z,FALSE,"",05:45,FALSE
fare_DEL-CCU_IX_2026-10-13_T+30_1789268425671_1q74,DEL-CCU,EaseMyTrip,IX,IX-1035,2026-10-13,T+30,7553,1658,9211,2026-09-13T02:41:18.625Z,FALSE,"",08:10,FALSE
fare_DEL-CCU_IX_2026-10-13_T+30_1789268425671_b1ia,DEL-CCU,EaseMyTrip,IX,IX-1067,2026-10-13,T+30,7964,1748,9712,2026-09-13T02:41:18.625Z,FALSE,"",06:10,FALSE
fare_DEL-CCU_6E_2026-10-13_T+30_1789268425671_1wal,DEL-CCU,EaseMyTrip,6E,6E-6190,2026-10-13,T+30,6214,1364,7578,2026-09-13T02:41:18.625Z,FALSE,"",07:40,FALSE
fare_DEL-CCU_IX_2026-10-13_T+30_1789268425671_ae4e,DEL-CCU,EaseMyTrip,IX,IX-1076,2026-10-13,T+30,8455,1856,10311,2026-09-13T02:41:18.625Z,FALSE,"",09:00,FALSE
fare_DEL-CCU_QP_2026-10-13_T+30_1789268425671_aa0y,DEL-CCU,EaseMyTrip,QP,QP-1569,2026-10-13,T+30,6812,1495,8307,2026-09-13T02:41:18.625Z,FALSE,"",10:30,TRUE
fare_DEL-CCU_6E_2026-10-13_T+30_1789268425671_729f,DEL-CCU,EaseMyTrip,6E,6E-6371,2026-10-13,T+30,7078,1554,8632,2026-09-13T02:41:18.625Z,FALSE,"",06:20,FALSE
fare_DEL-CCU_6E_2026-10-13_T+30_1789268425671_39wd,DEL-CCU,EaseMyTrip,6E,6E-7624,2026-10-13,T+30,7437,1632,9069,2026-09-13T02:41:18.625Z,FALSE,"",05:50,FALSE
fare_DEL-CCU_6E_2026-10-13_T+30_1789268425671_qe84,DEL-CCU,EaseMyTrip,6E,6E-5119,2026-10-13,T+30,7539,1655,9194,2026-09-13T02:41:18.625Z,FALSE,"",05:10,FALSE
fare_DEL-CCU_6E_2026-10-13_T+30_1789268425671_dsdn,DEL-CCU,EaseMyTrip,6E,6E-2331,2026-10-13,T+30,7539,1655,9194,2026-09-13T02:41:18.625Z,FALSE,"",12:20,FALSE
fare_DEL-CCU_6E_2026-10-13_T+30_1789268425671_0qin,DEL-CCU,EaseMyTrip,6E,6E-6236,2026-10-13,T+30,7806,1714,9520,2026-09-13T02:41:18.625Z,FALSE,"",16:20,FALSE
fare_DEL-CCU_6E_2026-10-13_T+30_1789268425671_empe,DEL-CCU,EaseMyTrip,6E,6E-5033,2026-10-13,T+30,7861,1726,9587,2026-09-13T02:41:18.625Z,FALSE,"",15:50,FALSE
fare_DEL-CCU_6E_2026-10-13_T+30_1789268425671_cbjc,DEL-CCU,EaseMyTrip,6E,6E-2589,2026-10-13,T+30,7906,1735,9641,2026-09-13T02:41:18.625Z,FALSE,"",15:05,TRUE
fare_DEL-CCU_6E_2026-10-13_T+30_1789268425671_0bpz,DEL-CCU,EaseMyTrip,6E,6E-6503,2026-10-13,T+30,8120,1782,9902,2026-09-13T02:41:18.625Z,FALSE,"",13:25,FALSE
fare_DEL-CCU_6E_2026-10-13_T+30_1789268425671_bjfd,DEL-CCU,EaseMyTrip,6E,6E-5073,2026-10-13,T+30,8141,1787,9928,2026-09-13T02:41:18.625Z,FALSE,"",17:05,FALSE
fare_DEL-CCU_6E_2026-10-13_T+30_1789268425671_cn6q,DEL-CCU,EaseMyTrip,6E,6E-515,2026-10-13,T+30,8177,1795,9972,2026-09-13T02:41:18.625Z,FALSE,"",02:45,TRUE
fare_DEL-CCU_6E_2026-10-13_T+30_1789268425671_z7re,DEL-CCU,EaseMyTrip,6E,6E-601,2026-10-13,T+30,8177,1795,9972,2026-09-13T02:41:18.625Z,FALSE,"",02:45,TRUE
fare_DEL-CCU_6E_2026-10-13_T+30_1789268425671_rxym,DEL-CCU,EaseMyTrip,6E,6E-2453,2026-10-13,T+30,8215,1803,10018,2026-09-13T02:41:18.625Z,FALSE,"",13:35,FALSE
fare_DEL-CCU_6E_2026-10-13_T+30_1789268425671_e8hb,DEL-CCU,EaseMyTrip,6E,6E-6551,2026-10-13,T+30,8227,1806,10033,2026-09-13T02:41:18.625Z,FALSE,"",12:00,FALSE
fare_DEL-CCU_AI_2026-10-13_T+30_1789268425671_fhov,DEL-CCU,EaseMyTrip,AI,AI-2513,2026-10-13,T+30,8478,1861,10339,2026-09-13T02:41:18.625Z,FALSE,"",12:10,TRUE
fare_DEL-CCU_AI_2026-10-13_T+30_1789268425671_xzrk,DEL-CCU,EaseMyTrip,AI,AI-2702,2026-10-13,T+30,8478,1861,10339,2026-09-13T02:41:18.625Z,FALSE,"",02:30,TRUE
fare_DEL-CCU_IX_2026-10-13_T+30_1789268425671_8puu,DEL-CCU,EaseMyTrip,IX,IX-1524,2026-10-13,T+30,9124,2003,11127,2026-09-13T02:41:18.625Z,FALSE,"",16:35,TRUE
fare_DEL-CCU_6E_2026-10-13_T+30_1789268425671_phou,DEL-CCU,EaseMyTrip,6E,6E-2769,2026-10-13,T+30,8538,1874,10412,2026-09-13T02:41:18.625Z,FALSE,"",08:10,FALSE
fare_DEL-CCU_6E_2026-10-13_T+30_1789268425671_arfj,DEL-CCU,EaseMyTrip,6E,6E-6245,2026-10-13,T+30,8538,1874,10412,2026-09-13T02:41:18.625Z,FALSE,"",06:20,FALSE
fare_DEL-CCU_QP_2026-10-13_T+30_1789268425671_3bip,DEL-CCU,EaseMyTrip,QP,QP-1803,2026-10-13,T+30,8581,1884,10465,2026-09-13T02:41:18.625Z,FALSE,"",17:00,TRUE
fare_DEL-CCU_6E_2026-10-13_T+30_1789268425671_zjcm,DEL-CCU,EaseMyTrip,6E,6E-6246,2026-10-13,T+30,8582,1884,10466,2026-09-13T02:41:18.625Z,FALSE,"",05:25,FALSE
fare_DEL-CCU_6E_2026-10-13_T+30_1789268425671_r1pr,DEL-CCU,EaseMyTrip,6E,6E-6211,2026-10-13,T+30,8781,1927,10708,2026-09-13T02:41:18.625Z,FALSE,"",09:10,FALSE
fare_DEL-CCU_6E_2026-10-13_T+30_1789268425671_rcd8,DEL-CCU,EaseMyTrip,6E,6E-2361,2026-10-13,T+30,8869,1947,10816,2026-09-13T02:41:18.625Z,FALSE,"",14:35,FALSE
fare_DEL-CCU_6E_2026-10-13_T+30_1789268425671_hxrz,DEL-CCU,EaseMyTrip,6E,6E-2571,2026-10-13,T+30,8997,1975,10972,2026-09-13T02:41:18.625Z,FALSE,"",12:30,FALSE
fare_DEL-CCU_QP_2026-10-13_T+30_1789268425671_mn5d,DEL-CCU,EaseMyTrip,QP,QP-1801,2026-10-13,T+30,9080,1993,11073,2026-09-13T02:41:18.625Z,FALSE,"",05:55,TRUE
fare_DEL-CCU_6E_2026-10-13_T+30_1789268425671_x9oe,DEL-CCU,EaseMyTrip,6E,6E-390,2026-10-13,T+30,9124,2003,11127,2026-09-13T02:41:18.625Z,FALSE,"",23:30,TRUE
fare_DEL-CCU_6E_2026-10-13_T+30_1789268425671_fzcg,DEL-CCU,EaseMyTrip,6E,6E-623,2026-10-13,T+30,9124,2003,11127,2026-09-13T02:41:18.625Z,FALSE,"",23:30,TRUE
fare_DEL-CCU_6E_2026-10-13_T+30_1789268425671_26i5,DEL-CCU,EaseMyTrip,6E,6E-6415,2026-10-13,T+30,9124,2003,11127,2026-09-13T02:41:18.625Z,FALSE,"",16:00,TRUE
fare_DEL-CCU_6E_2026-10-13_T+30_1789268425671_2jt0,DEL-CCU,EaseMyTrip,6E,6E-5191,2026-10-13,T+30,9124,2003,11127,2026-09-13T02:41:18.625Z,FALSE,"",05:00,TRUE
fare_DEL-CCU_6E_2026-10-13_T+30_1789268425671_5fmt,DEL-CCU,EaseMyTrip,6E,6E-117,2026-10-13,T+30,9124,2003,11127,2026-09-13T02:41:18.625Z,FALSE,"",12:45,TRUE
fare_DEL-CCU_6E_2026-10-13_T+30_1789268425671_u5ja,DEL-CCU,EaseMyTrip,6E,6E-530,2026-10-13,T+30,9124,2003,11127,2026-09-13T02:41:18.625Z,FALSE,"",12:45,TRUE
fare_DEL-CCU_6E_2026-10-13_T+30_1789268425671_w7u6,DEL-CCU,EaseMyTrip,6E,6E-5038,2026-10-13,T+30,9250,2030,11280,2026-09-13T02:41:18.625Z,FALSE,"",14:00,FALSE
fare_DEL-CCU_6E_2026-10-13_T+30_1789268425671_cqt8,DEL-CCU,EaseMyTrip,6E,6E-6829,2026-10-13,T+30,9357,2054,11411,2026-09-13T02:41:18.625Z,FALSE,"",17:20,FALSE
fare_DEL-CCU_AI_2026-10-13_T+30_1789268425671_gs9z,DEL-CCU,EaseMyTrip,AI,AI-1733,2026-10-13,T+30,9547,2096,11643,2026-09-13T02:41:18.625Z,FALSE,"",16:15,TRUE
fare_DEL-CCU_6E_2026-10-13_T+30_1789268425671_f47k,DEL-CCU,EaseMyTrip,6E,6E-7628,2026-10-13,T+30,9427,2069,11496,2026-09-13T02:41:18.625Z,FALSE,"",15:05,FALSE
fare_DEL-CCU_6E_2026-10-13_T+30_1789268425671_cbrk,DEL-CCU,EaseMyTrip,6E,6E-542,2026-10-13,T+30,9727,2135,11862,2026-09-13T02:41:18.625Z,FALSE,"",21:50,TRUE
fare_DEL-CCU_6E_2026-10-13_T+30_1789268425671_61ar,DEL-CCU,EaseMyTrip,6E,6E-521,2026-10-13,T+30,9727,2135,11862,2026-09-13T02:41:18.625Z,FALSE,"",21:50,TRUE
fare_DEL-CCU_6E_2026-10-13_T+30_1789268425671_q2ks,DEL-CCU,EaseMyTrip,6E,6E-6312,2026-10-13,T+30,9984,2191,12175,2026-09-13T02:41:18.625Z,FALSE,"",14:25,FALSE
fare_DEL-CCU_6E_2026-10-13_T+30_1789268425671_z6a3,DEL-CCU,EaseMyTrip,6E,6E-363,2026-10-13,T+30,9984,2191,12175,2026-09-13T02:41:18.625Z,FALSE,"",16:20,FALSE
fare_DEL-CCU_6E_2026-10-13_T+30_1789268425671_w2aw,DEL-CCU,EaseMyTrip,6E,6E-512,2026-10-13,T+30,9984,2191,12175,2026-09-13T02:41:18.625Z,FALSE,"",16:20,FALSE
fare_DEL-CCU_6E_2026-10-13_T+30_1789268425671_9ha9,DEL-CCU,EaseMyTrip,6E,6E-6459,2026-10-13,T+30,9984,2191,12175,2026-09-13T02:41:18.625Z,FALSE,"",05:55,FALSE
fare_DEL-CCU_AI_2026-10-13_T+30_1789268425671_73xp,DEL-CCU,EaseMyTrip,AI,AI-2767,2026-10-13,T+30,10449,2294,12743,2026-09-13T02:41:18.625Z,FALSE,"",13:00,TRUE
fare_DEL-CCU_6E_2026-10-13_T+30_1789268425671_w0fe,DEL-CCU,EaseMyTrip,6E,6E-2614,2026-10-13,T+30,10334,2268,12602,2026-09-13T02:41:18.625Z,FALSE,"",14:40,FALSE
fare_DEL-CCU_6E_2026-10-13_T+30_1789268425671_i19m,DEL-CCU,EaseMyTrip,6E,6E-2316,2026-10-13,T+30,10822,2375,13197,2026-09-13T02:41:18.625Z,FALSE,"",17:30,FALSE
fare_DEL-CCU_6E_2026-10-13_T+30_1789268425671_uf7k,DEL-CCU,EaseMyTrip,6E,6E-2259,2026-10-13,T+30,10856,2383,13239,2026-09-13T02:41:18.625Z,FALSE,"",12:20,FALSE
fare_DEL-CCU_IX_2026-10-13_T+30_1789268425671_ueo1,DEL-CCU,EaseMyTrip,IX,IX-1041,2026-10-13,T+30,11488,2522,14010,2026-09-13T02:41:18.625Z,FALSE,"",08:45,FALSE
fare_DEL-CCU_SG_2026-10-13_T+30_1789268425671_gm30,DEL-CCU,EaseMyTrip,SG,SG-329,2026-10-13,T+30,11409,2505,13914,2026-09-13T02:41:18.625Z,FALSE,"",05:20,TRUE
fare_DEL-CCU_SG_2026-10-13_T+30_1789268425671_uy5l,DEL-CCU,EaseMyTrip,SG,SG-495,2026-10-13,T+30,11409,2505,13914,2026-09-13T02:41:18.625Z,FALSE,"",05:20,TRUE
fare_DEL-CCU_IX_2026-10-13_T+30_1789268425671_wxxd,DEL-CCU,EaseMyTrip,IX,IX-1085,2026-10-13,T+30,11842,2600,14442,2026-09-13T02:41:18.625Z,FALSE,"",12:55,FALSE
fare_DEL-CCU_IX_2026-10-13_T+30_1789268425672_xyo6,DEL-CCU,EaseMyTrip,IX,IX-1069,2026-10-13,T+30,11842,2600,14442,2026-09-13T02:41:18.625Z,FALSE,"",10:45,FALSE
fare_DEL-CCU_6E_2026-10-13_T+30_1789268425672_xirp,DEL-CCU,EaseMyTrip,6E,6E-5215,2026-10-13,T+30,11394,2501,13895,2026-09-13T02:41:18.625Z,FALSE,"",07:40,FALSE
fare_DEL-CCU_6E_2026-10-13_T+30_1789268425672_6faq,DEL-CCU,EaseMyTrip,6E,6E-5036,2026-10-13,T+30,11679,2564,14243,2026-09-13T02:41:18.625Z,FALSE,"",08:00,FALSE
fare_DEL-CCU_6E_2026-10-13_T+30_1789268425672_cgx7,DEL-CCU,EaseMyTrip,6E,6E-6517,2026-10-13,T+30,11707,2570,14277,2026-09-13T02:41:18.625Z,FALSE,"",19:30,TRUE
fare_DEL-CCU_6E_2026-10-13_T+30_1789268425672_l1c4,DEL-CCU,EaseMyTrip,6E,6E-300,2026-10-13,T+30,11707,2570,14277,2026-09-13T02:41:18.625Z,FALSE,"",10:15,TRUE
fare_DEL-CCU_6E_2026-10-13_T+30_1789268425672_jz97,DEL-CCU,EaseMyTrip,6E,6E-815,2026-10-13,T+30,11707,2570,14277,2026-09-13T02:41:18.625Z,FALSE,"",10:15,TRUE
fare_DEL-CCU_6E_2026-10-13_T+30_1789268425672_lki6,DEL-CCU,EaseMyTrip,6E,6E-516,2026-10-13,T+30,11707,2570,14277,2026-09-13T02:41:18.625Z,FALSE,"",08:30,TRUE
fare_DEL-CCU_6E_2026-10-13_T+30_1789268425672_mafa,DEL-CCU,EaseMyTrip,6E,6E-608,2026-10-13,T+30,11707,2570,14277,2026-09-13T02:41:18.625Z,FALSE,"",08:30,TRUE
fare_DEL-CCU_6E_2026-10-13_T+30_1789268425672_puea,DEL-CCU,EaseMyTrip,6E,6E-2276,2026-10-13,T+30,11707,2570,14277,2026-09-13T02:41:18.625Z,FALSE,"",17:55,TRUE
fare_DEL-CCU_6E_2026-10-13_T+30_1789268425672_qleo,DEL-CCU,EaseMyTrip,6E,6E-528,2026-10-13,T+30,11707,2570,14277,2026-09-13T02:41:18.625Z,FALSE,"",07:20,TRUE
fare_DEL-CCU_6E_2026-10-13_T+30_1789268425672_8kea,DEL-CCU,EaseMyTrip,6E,6E-957,2026-10-13,T+30,11707,2570,14277,2026-09-13T02:41:18.625Z,FALSE,"",07:20,TRUE
fare_DEL-CCU_6E_2026-10-13_T+30_1789268425672_9xrd,DEL-CCU,EaseMyTrip,6E,6E-161,2026-10-13,T+30,11707,2570,14277,2026-09-13T02:41:18.625Z,FALSE,"",14:25,TRUE
fare_DEL-CCU_6E_2026-10-13_T+30_1789268425672_wjil,DEL-CCU,EaseMyTrip,6E,6E-122,2026-10-13,T+30,11707,2570,14277,2026-09-13T02:41:18.625Z,FALSE,"",14:25,TRUE
fare_DEL-CCU_6E_2026-10-13_T+30_1789268425672_dexf,DEL-CCU,EaseMyTrip,6E,6E-5041,2026-10-13,T+30,11725,2574,14299,2026-09-13T02:41:18.625Z,FALSE,"",15:10,FALSE
fare_DEL-CCU_AI_2026-10-13_T+30_1789268425672_bald,DEL-CCU,EaseMyTrip,AI,AI-2535,2026-10-13,T+30,11957,2625,14582,2026-09-13T02:41:18.625Z,FALSE,"",06:40,TRUE
fare_DEL-CCU_AI_2026-10-13_T+30_1789268425672_tbus,DEL-CCU,EaseMyTrip,AI,AI-2709,2026-10-13,T+30,11957,2625,14582,2026-09-13T02:41:18.625Z,FALSE,"",19:40,TRUE
fare_DEL-CCU_AI_2026-10-13_T+30_1789268425672_5xkm,DEL-CCU,EaseMyTrip,AI,AI-2705,2026-10-13,T+30,11957,2625,14582,2026-09-13T02:41:18.625Z,FALSE,"",07:30,TRUE
fare_DEL-CCU_AI_2026-10-13_T+30_1789268425672_pvve,DEL-CCU,EaseMyTrip,AI,AI-1791,2026-10-13,T+30,11957,2625,14582,2026-09-13T02:41:18.625Z,FALSE,"",09:55,TRUE
fare_DEL-CCU_AI_2026-10-13_T+30_1789268425672_dkid,DEL-CCU,EaseMyTrip,AI,AI-2707,2026-10-13,T+30,11957,2625,14582,2026-09-13T02:41:18.625Z,FALSE,"",18:00,TRUE
fare_DEL-CCU_6E_2026-10-13_T+30_1789268425672_5tlz,DEL-CCU,EaseMyTrip,6E,6E-6073,2026-10-13,T+30,11909,2614,14523,2026-09-13T02:41:18.625Z,FALSE,"",05:00,FALSE
fare_DEL-CCU_IX_2026-10-13_T+30_1789268425672_b3jv,DEL-CCU,EaseMyTrip,IX,IX-1671,2026-10-13,T+30,12617,2769,15386,2026-09-13T02:41:18.625Z,FALSE,"",19:55,FALSE
fare_DEL-CCU_AI_2026-10-13_T+30_1789268425672_0up9,DEL-CCU,EaseMyTrip,AI,AI-879,2026-10-13,T+30,13185,2894,16079,2026-09-13T02:41:18.625Z,FALSE,"",06:40,FALSE
fare_DEL-CCU_AI_2026-10-13_T+30_1789268425672_e020,DEL-CCU,EaseMyTrip,AI,AI-441,2026-10-13,T+30,13674,3002,16676,2026-09-13T02:41:18.625Z,FALSE,"",17:00,FALSE
fare_DEL-CCU_AI_2026-10-13_T+30_1789268425672_rmy5,DEL-CCU,EaseMyTrip,AI,AI-1777,2026-10-13,T+30,13674,3002,16676,2026-09-13T02:41:18.625Z,FALSE,"",16:00,FALSE
fare_DEL-CCU_AI_2026-10-13_T+30_1789268425672_6atj,DEL-CCU,EaseMyTrip,AI,AI-2933,2026-10-13,T+30,13674,3002,16676,2026-09-13T02:41:18.625Z,FALSE,"",15:30,FALSE
fare_DEL-CCU_AI_2026-10-13_T+30_1789268425672_yvmw,DEL-CCU,EaseMyTrip,AI,AI-2678,2026-10-13,T+30,13871,3045,16916,2026-09-13T02:41:18.625Z,FALSE,"",08:30,FALSE
fare_DEL-CCU_AI_2026-10-13_T+30_1789268425672_pavm,DEL-CCU,EaseMyTrip,AI,AI-2425,2026-10-13,T+30,13871,3045,16916,2026-09-13T02:41:18.625Z,FALSE,"",10:30,FALSE
fare_DEL-CCU_AI_2026-10-13_T+30_1789268425672_xx7w,DEL-CCU,EaseMyTrip,AI,AI-2951,2026-10-13,T+30,13871,3045,16916,2026-09-13T02:41:18.625Z,FALSE,"",13:30,FALSE
fare_DEL-CCU_AI_2026-10-13_T+30_1789268425672_znu9,DEL-CCU,EaseMyTrip,AI,AI-2943,2026-10-13,T+30,13871,3045,16916,2026-09-13T02:41:18.625Z,FALSE,"",07:30,FALSE
fare_DEL-CCU_AI_2026-10-13_T+30_1789268425672_6qjl,DEL-CCU,EaseMyTrip,AI,AI-2995,2026-10-13,T+30,13871,3045,16916,2026-09-13T02:41:18.625Z,FALSE,"",10:00,FALSE
fare_DEL-CCU_AI_2026-10-13_T+30_1789268425672_td2k,DEL-CCU,EaseMyTrip,AI,AI-2429,2026-10-13,T+30,13871,3045,16916,2026-09-13T02:41:18.625Z,FALSE,"",07:00,FALSE
fare_DEL-CCU_AI_2026-10-13_T+30_1789268425672_ml83,DEL-CCU,EaseMyTrip,AI,AI-2975,2026-10-13,T+30,13871,3045,16916,2026-09-13T02:41:18.625Z,FALSE,"",06:30,FALSE
fare_DEL-CCU_AI_2026-10-13_T+30_1789268425672_3vy1,DEL-CCU,EaseMyTrip,AI,AI-2963,2026-10-13,T+30,13871,3045,16916,2026-09-13T02:41:18.625Z,FALSE,"",09:00,FALSE
fare_DEL-CCU_AI_2026-10-13_T+30_1789268425672_r9te,DEL-CCU,EaseMyTrip,AI,AI-1785,2026-10-13,T+30,13871,3045,16916,2026-09-13T02:41:18.625Z,FALSE,"",12:00,FALSE
fare_DEL-CCU_AI_2026-10-13_T+30_1789268425672_x60m,DEL-CCU,EaseMyTrip,AI,AI-2945,2026-10-13,T+30,13871,3045,16916,2026-09-13T02:41:18.625Z,FALSE,"",11:00,FALSE
fare_DEL-CCU_AI_2026-10-13_T+30_1789268425672_azf9,DEL-CCU,EaseMyTrip,AI,AI-1745,2026-10-13,T+30,13871,3045,16916,2026-09-13T02:41:18.625Z,FALSE,"",05:00,FALSE
fare_DEL-CCU_6E_2026-10-13_T+30_1789268425672_oiyq,DEL-CCU,EaseMyTrip,6E,6E-6053,2026-10-13,T+30,13890,3049,16939,2026-09-13T02:41:18.625Z,FALSE,"",13:05,FALSE
fare_DEL-CCU_AI_2026-10-13_T+30_1789268425672_rnig,DEL-CCU,EaseMyTrip,AI,AI-1755,2026-10-13,T+30,14538,3191,17729,2026-09-13T02:41:18.625Z,FALSE,"",14:30,FALSE
fare_DEL-CCU_6E_2026-10-13_T+30_1789268425672_36g6,DEL-CCU,EaseMyTrip,6E,6E-451,2026-10-13,T+30,14689,3225,17914,2026-09-13T02:41:18.625Z,FALSE,"",08:30,FALSE
fare_DEL-CCU_6E_2026-10-13_T+30_1789268425672_bpz7,DEL-CCU,EaseMyTrip,6E,6E-249,2026-10-13,T+30,14689,3225,17914,2026-09-13T02:41:18.625Z,FALSE,"",08:30,FALSE
fare_DEL-CCU_6E_2026-10-13_T+30_1789268425672_efa2,DEL-CCU,EaseMyTrip,6E,6E-6282,2026-10-13,T+30,14689,3225,17914,2026-09-13T02:41:18.625Z,FALSE,"",13:30,FALSE
fare_DEL-CCU_6E_2026-10-13_T+30_1789268425672_1ndn,DEL-CCU,EaseMyTrip,6E,6E-894,2026-10-13,T+30,14689,3225,17914,2026-09-13T02:41:18.625Z,FALSE,"",07:10,FALSE
fare_DEL-CCU_6E_2026-10-13_T+30_1789268425672_dczb,DEL-CCU,EaseMyTrip,6E,6E-807,2026-10-13,T+30,14689,3225,17914,2026-09-13T02:41:18.625Z,FALSE,"",07:10,FALSE
fare_DEL-CCU_6E_2026-10-13_T+30_1789268425672_i4qe,DEL-CCU,EaseMyTrip,6E,6E-659,2026-10-13,T+30,14735,3234,17969,2026-09-13T02:41:18.625Z,FALSE,"",02:25,FALSE
fare_DEL-CCU_6E_2026-10-13_T+30_1789268425672_nw61,DEL-CCU,EaseMyTrip,6E,6E-261,2026-10-13,T+30,14735,3234,17969,2026-09-13T02:41:18.625Z,FALSE,"",02:25,FALSE
fare_DEL-CCU_6E_2026-10-13_T+30_1789268425672_k4wm,DEL-CCU,EaseMyTrip,6E,6E-6217,2026-10-13,T+30,15203,3337,18540,2026-09-13T02:41:18.625Z,FALSE,"",16:15,FALSE
fare_DEL-CCU_6E_2026-10-13_T+30_1789268425672_al6y,DEL-CCU,EaseMyTrip,6E,6E-2296,2026-10-13,T+30,15259,3350,18609,2026-09-13T02:41:18.625Z,FALSE,"",09:20,FALSE
fare_DEL-CCU_6E_2026-10-13_T+30_1789268425672_jmwf,DEL-CCU,EaseMyTrip,6E,6E-328,2026-10-13,T+30,15768,3461,19229,2026-09-13T02:41:18.625Z,FALSE,"",17:55,FALSE
fare_DEL-CCU_6E_2026-10-13_T+30_1789268425672_ts22,DEL-CCU,EaseMyTrip,6E,6E-222,2026-10-13,T+30,15768,3461,19229,2026-09-13T02:41:18.625Z,FALSE,"",17:55,FALSE
fare_DEL-CCU_6E_2026-10-13_T+30_1789268425672_m08m,DEL-CCU,EaseMyTrip,6E,6E-372,2026-10-13,T+30,15768,3461,19229,2026-09-13T02:41:18.625Z,FALSE,"",17:55,FALSE
fare_DEL-CCU_6E_2026-10-13_T+30_1789268425672_xwo0,DEL-CCU,EaseMyTrip,6E,6E-991,2026-10-13,T+30,15768,3461,19229,2026-09-13T02:41:18.625Z,FALSE,"",17:55,FALSE
fare_DEL-CCU_AI_2026-10-13_T+30_1789268425672_qmjt,DEL-CCU,EaseMyTrip,AI,AI-9486,2026-10-13,T+30,16237,3564,19801,2026-09-13T02:41:18.625Z,FALSE,"",17:50,FALSE
fare_DEL-CCU_IX_2026-10-13_T+30_1789268425672_ghvm,DEL-CCU,EaseMyTrip,IX,IX-1081,2026-10-13,T+30,17027,3738,20765,2026-09-13T02:41:18.625Z,FALSE,"",15:25,FALSE
fare_DEL-CCU_IX_2026-10-13_T+30_1789268425672_k0en,DEL-CCU,EaseMyTrip,IX,IX-2749,2026-10-13,T+30,19904,4369,24273,2026-09-13T02:41:18.625Z,FALSE,"",10:25,FALSE
fare_DEL-CCU_AI_2026-10-13_T+30_1789268425672_hhj4,DEL-CCU,EaseMyTrip,AI,AI-2525,2026-10-13,T+30,20503,4501,25004,2026-09-13T02:41:18.625Z,FALSE,"",06:00,FALSE
fare_DEL-CCU_AI_2026-10-13_T+30_1789268425672_00na,DEL-CCU,EaseMyTrip,AI,AI-537,2026-10-13,T+30,20503,4501,25004,2026-09-13T02:41:18.625Z,FALSE,"",15:45,FALSE
fare_DEL-CCU_AI_2026-10-13_T+30_1789268425672_o5wk,DEL-CCU,EaseMyTrip,AI,AI-2483,2026-10-13,T+30,20503,4501,25004,2026-09-13T02:41:18.625Z,FALSE,"",12:20,FALSE
fare_DEL-CCU_AI_2026-10-13_T+30_1789268425672_6b2q,DEL-CCU,EaseMyTrip,AI,AI-2467,2026-10-13,T+30,20909,4590,25499,2026-09-13T02:41:18.625Z,FALSE,"",10:00,FALSE
fare_DEL-CCU_IX_2026-10-13_T+30_1789268425672_ehmv,DEL-CCU,EaseMyTrip,IX,IX-1070,2026-10-13,T+30,21297,4675,25972,2026-09-13T02:41:18.625Z,FALSE,"",22:00,FALSE
fare_DEL-CCU_AI_2026-10-13_T+30_1789268425672_q4jw,DEL-CCU,EaseMyTrip,AI,AI-2815,2026-10-13,T+30,21911,4810,26721,2026-09-13T02:41:18.625Z,FALSE,"",07:00,FALSE
fare_DEL-CCU_AI_2026-10-13_T+30_1789268425672_qfr3,DEL-CCU,EaseMyTrip,AI,AI-2803,2026-10-13,T+30,21911,4810,26721,2026-09-13T02:41:18.625Z,FALSE,"",06:30,FALSE
fare_DEL-CCU_AI_2026-10-13_T+30_1789268425672_spzz,DEL-CCU,EaseMyTrip,AI,AI-2409,2026-10-13,T+30,21911,4810,26721,2026-09-13T02:41:18.625Z,FALSE,"",06:00,FALSE
fare_DEL-CCU_AI_2026-10-13_T+30_1789268425672_9r41,DEL-CCU,EaseMyTrip,AI,AI-2757,2026-10-13,T+30,21911,4810,26721,2026-09-13T02:41:18.625Z,FALSE,"",00:15,FALSE
fare_DEL-CCU_AI_2026-10-13_T+30_1789268425672_ogl8,DEL-CCU,EaseMyTrip,AI,AI-2653,2026-10-13,T+30,21911,4810,26721,2026-09-13T02:41:18.625Z,FALSE,"",04:30,FALSE
fare_DEL-CCU_AI_2026-10-13_T+30_1789268425672_wmoe,DEL-CCU,EaseMyTrip,AI,AI-2809,2026-10-13,T+30,26520,5822,32342,2026-09-13T02:41:18.625Z,TRUE,"High outlier: ₹32342 > upper fence ₹27140 (Q3: ₹17532, IQR: ₹6405)",19:30,FALSE
fare_DEL-CCU_AI_2026-10-13_T+30_1789268425672_x9wh,DEL-CCU,EaseMyTrip,AI,AI-2433,2026-10-13,T+30,37716,8279,45995,2026-09-13T02:41:18.625Z,TRUE,"High outlier: ₹45995 > upper fence ₹27140 (Q3: ₹17532, IQR: ₹6405)",21:30,FALSE
fare_DEL-CCU_AI_2026-10-13_T+30_1789268425672_dzly,DEL-CCU,EaseMyTrip,AI,AI-2981,2026-10-13,T+30,37716,8279,45995,2026-09-13T02:41:18.625Z,TRUE,"High outlier: ₹45995 > upper fence ₹27140 (Q3: ₹17532, IQR: ₹6405)",21:00,FALSE
fare_DEL-CCU_AI_2026-10-13_T+30_1789268425672_ur16,DEL-CCU,EaseMyTrip,AI,AI-2957,2026-10-13,T+30,37716,8279,45995,2026-09-13T02:41:18.625Z,TRUE,"High outlier: ₹45995 > upper fence ₹27140 (Q3: ₹17532, IQR: ₹6405)",20:30,FALSE
fare_DEL-CCU_IX_2026-10-28_T+45_1789268425672_jsvb,DEL-CCU,EaseMyTrip,IX,IX-1041,2026-10-28,T+45,7226,1586,8812,2026-09-13T02:41:24.506Z,FALSE,"",15:10,FALSE
fare_DEL-CCU_IX_2026-10-28_T+45_1789268425672_zfvy,DEL-CCU,EaseMyTrip,IX,IX-1672,2026-10-28,T+45,7226,1586,8812,2026-09-13T02:41:24.506Z,FALSE,"",07:15,FALSE
fare_DEL-CCU_IX_2026-10-28_T+45_1789268425672_utsu,DEL-CCU,EaseMyTrip,IX,IX-1076,2026-10-28,T+45,7553,1658,9211,2026-09-13T02:41:24.506Z,FALSE,"",08:00,FALSE
fare_DEL-CCU_IX_2026-10-28_T+45_1789268425672_g9yu,DEL-CCU,EaseMyTrip,IX,IX-1043,2026-10-28,T+45,7964,1748,9712,2026-09-13T02:41:24.506Z,FALSE,"",18:00,FALSE
fare_DEL-CCU_IX_2026-10-28_T+45_1789268425672_6sht,DEL-CCU,EaseMyTrip,IX,IX-1274,2026-10-28,T+45,7964,1748,9712,2026-09-13T02:41:24.506Z,FALSE,"",09:55,FALSE
fare_DEL-CCU_6E_2026-10-28_T+45_1789268425672_1p3a,DEL-CCU,EaseMyTrip,6E,6E-2164,2026-10-28,T+45,6221,1365,7586,2026-09-13T02:41:24.506Z,FALSE,"",07:05,FALSE
fare_DEL-CCU_IX_2026-10-28_T+45_1789268425672_u2wq,DEL-CCU,EaseMyTrip,IX,IX-1525,2026-10-28,T+45,8136,1786,9922,2026-09-13T02:41:24.506Z,FALSE,"",08:40,FALSE
fare_DEL-CCU_IX_2026-10-28_T+45_1789268425672_fydu,DEL-CCU,EaseMyTrip,IX,IX-1379,2026-10-28,T+45,8136,1786,9922,2026-09-13T02:41:24.506Z,FALSE,"",05:15,FALSE
fare_DEL-CCU_IX_2026-10-28_T+45_1789268425672_3jd0,DEL-CCU,EaseMyTrip,IX,IX-1071,2026-10-28,T+45,8136,1786,9922,2026-09-13T02:41:24.506Z,FALSE,"",20:50,FALSE
fare_DEL-CCU_6E_2026-10-28_T+45_1789268425672_fb4i,DEL-CCU,EaseMyTrip,6E,6E-2361,2026-10-28,T+45,6654,1461,8115,2026-09-13T02:41:24.506Z,FALSE,"",12:55,FALSE
fare_DEL-CCU_6E_2026-10-28_T+45_1789268425672_zr4r,DEL-CCU,EaseMyTrip,6E,6E-6304,2026-10-28,T+45,6719,1475,8194,2026-09-13T02:41:24.506Z,FALSE,"",09:30,FALSE
fare_DEL-CCU_6E_2026-10-28_T+45_1789268425672_cw6k,DEL-CCU,EaseMyTrip,6E,6E-2571,2026-10-28,T+45,6761,1484,8245,2026-09-13T02:41:24.506Z,FALSE,"",15:35,FALSE
fare_DEL-CCU_QP_2026-10-28_T+45_1789268425672_fs7k,DEL-CCU,EaseMyTrip,QP,QP-1268,2026-10-28,T+45,6812,1495,8307,2026-09-13T02:41:24.506Z,FALSE,"",15:20,TRUE
fare_DEL-CCU_6E_2026-10-28_T+45_1789268425672_2emi,DEL-CCU,EaseMyTrip,6E,6E-6551,2026-10-28,T+45,7085,1555,8640,2026-09-13T02:41:24.506Z,FALSE,"",12:10,FALSE
fare_DEL-CCU_6E_2026-10-28_T+45_1789268425672_arri,DEL-CCU,EaseMyTrip,6E,6E-2423,2026-10-28,T+45,7202,1581,8783,2026-09-13T02:41:24.506Z,FALSE,"",15:15,FALSE
fare_DEL-CCU_6E_2026-10-28_T+45_1789268425672_vfuc,DEL-CCU,EaseMyTrip,6E,6E-2771,2026-10-28,T+45,7267,1595,8862,2026-09-13T02:41:24.506Z,FALSE,"",16:20,FALSE
fare_DEL-CCU_6E_2026-10-28_T+45_1789268425672_b7d7,DEL-CCU,EaseMyTrip,6E,6E-6076,2026-10-28,T+45,7267,1595,8862,2026-09-13T02:41:24.506Z,FALSE,"",15:45,FALSE
fare_DEL-CCU_SG_2026-10-28_T+45_1789268425672_08ci,DEL-CCU,EaseMyTrip,SG,SG-269,2026-10-28,T+45,7550,1657,9207,2026-09-13T02:41:24.506Z,FALSE,"",07:00,TRUE
fare_DEL-CCU_SG_2026-10-28_T+45_1789268425672_974y,DEL-CCU,EaseMyTrip,SG,SG-718,2026-10-28,T+45,7550,1657,9207,2026-09-13T02:41:24.506Z,FALSE,"",07:00,TRUE
fare_DEL-CCU_6E_2026-10-28_T+45_1789268425672_e0bj,DEL-CCU,EaseMyTrip,6E,6E-6503,2026-10-28,T+45,7525,1652,9177,2026-09-13T02:41:24.506Z,FALSE,"",12:35,FALSE
fare_DEL-CCU_6E_2026-10-28_T+45_1789268425672_dtwd,DEL-CCU,EaseMyTrip,6E,6E-302,2026-10-28,T+45,7546,1657,9203,2026-09-13T02:41:24.506Z,FALSE,"",19:35,FALSE
fare_DEL-CCU_6E_2026-10-28_T+45_1789268425672_0agq,DEL-CCU,EaseMyTrip,6E,6E-836,2026-10-28,T+45,7546,1657,9203,2026-09-13T02:41:24.506Z,FALSE,"",19:35,FALSE
fare_DEL-CCU_6E_2026-10-28_T+45_1789268425672_tbni,DEL-CCU,EaseMyTrip,6E,6E-2410,2026-10-28,T+45,7633,1675,9308,2026-09-13T02:41:24.506Z,FALSE,"",12:10,FALSE
fare_DEL-CCU_6E_2026-10-28_T+45_1789268425672_hnem,DEL-CCU,EaseMyTrip,6E,6E-477,2026-10-28,T+45,7790,1710,9500,2026-09-13T02:41:24.506Z,FALSE,"",06:15,TRUE
fare_DEL-CCU_6E_2026-10-28_T+45_1789268425672_bwjz,DEL-CCU,EaseMyTrip,6E,6E-731,2026-10-28,T+45,7790,1710,9500,2026-09-13T02:41:24.506Z,FALSE,"",06:15,TRUE
fare_DEL-CCU_AI_2026-10-28_T+45_1789268425672_ez2r,DEL-CCU,EaseMyTrip,AI,AI-2705,2026-10-28,T+45,8047,1767,9814,2026-09-13T02:41:24.506Z,FALSE,"",06:45,TRUE
fare_DEL-CCU_6E_2026-10-28_T+45_1789268425672_jr94,DEL-CCU,EaseMyTrip,6E,6E-500,2026-10-28,T+45,7997,1755,9752,2026-09-13T02:41:24.506Z,FALSE,"",13:25,FALSE
fare_DEL-CCU_6E_2026-10-28_T+45_1789268425672_lman,DEL-CCU,EaseMyTrip,6E,6E-946,2026-10-28,T+45,7997,1755,9752,2026-09-13T02:41:24.506Z,FALSE,"",13:25,FALSE
fare_DEL-CCU_QP_2026-10-28_T+45_1789268425672_v1j6,DEL-CCU,EaseMyTrip,QP,QP-1258,2026-10-28,T+45,8111,1780,9891,2026-09-13T02:41:24.506Z,FALSE,"",08:50,TRUE
fare_DEL-CCU_6E_2026-10-28_T+45_1789268425672_xkfq,DEL-CCU,EaseMyTrip,6E,6E-2589,2026-10-28,T+45,8120,1783,9903,2026-09-13T02:41:24.506Z,FALSE,"",16:35,TRUE
fare_DEL-CCU_6E_2026-10-28_T+45_1789268425672_i7gb,DEL-CCU,EaseMyTrip,6E,6E-744,2026-10-28,T+45,8125,1784,9909,2026-09-13T02:41:24.506Z,FALSE,"",13:25,FALSE
fare_DEL-CCU_6E_2026-10-28_T+45_1789268425672_195x,DEL-CCU,EaseMyTrip,6E,6E-935,2026-10-28,T+45,8125,1784,9909,2026-09-13T02:41:24.506Z,FALSE,"",13:25,FALSE
fare_DEL-CCU_6E_2026-10-28_T+45_1789268425672_rmr5,DEL-CCU,EaseMyTrip,6E,6E-940,2026-10-28,T+45,8149,1789,9938,2026-09-13T02:41:24.506Z,FALSE,"",08:30,FALSE
fare_DEL-CCU_6E_2026-10-28_T+45_1789268425672_1nx2,DEL-CCU,EaseMyTrip,6E,6E-505,2026-10-28,T+45,8149,1789,9938,2026-09-13T02:41:24.506Z,FALSE,"",08:30,FALSE
fare_DEL-CCU_6E_2026-10-28_T+45_1789268425672_4pzb,DEL-CCU,EaseMyTrip,6E,6E-359,2026-10-28,T+45,8149,1789,9938,2026-09-13T02:41:24.506Z,FALSE,"",02:25,FALSE
fare_DEL-CCU_6E_2026-10-28_T+45_1789268425672_x5cj,DEL-CCU,EaseMyTrip,6E,6E-285,2026-10-28,T+45,8149,1789,9938,2026-09-13T02:41:24.506Z,FALSE,"",02:25,FALSE
fare_DEL-CCU_6E_2026-10-28_T+45_1789268425672_fsp4,DEL-CCU,EaseMyTrip,6E,6E-2769,2026-10-28,T+45,8175,1795,9970,2026-09-13T02:41:24.506Z,FALSE,"",07:55,FALSE
fare_DEL-CCU_6E_2026-10-28_T+45_1789268425672_4riw,DEL-CCU,EaseMyTrip,6E,6E-6245,2026-10-28,T+45,8175,1795,9970,2026-09-13T02:41:24.506Z,FALSE,"",06:25,FALSE
fare_DEL-CCU_6E_2026-10-28_T+45_1789268425672_h9p7,DEL-CCU,EaseMyTrip,6E,6E-2192,2026-10-28,T+45,8177,1795,9972,2026-09-13T02:41:24.506Z,FALSE,"",08:30,TRUE
fare_DEL-CCU_6E_2026-10-28_T+45_1789268425672_8rt7,DEL-CCU,EaseMyTrip,6E,6E-5191,2026-10-28,T+45,8177,1795,9972,2026-09-13T02:41:24.506Z,FALSE,"",04:45,TRUE
fare_DEL-CCU_6E_2026-10-28_T+45_1789268425672_b3qg,DEL-CCU,EaseMyTrip,6E,6E-6347,2026-10-28,T+45,8261,1813,10074,2026-09-13T02:41:24.506Z,FALSE,"",14:35,FALSE
fare_DEL-CCU_AI_2026-10-28_T+45_1789268425672_lkvw,DEL-CCU,EaseMyTrip,AI,AI-2767,2026-10-28,T+45,8474,1860,10334,2026-09-13T02:41:24.506Z,FALSE,"",13:00,TRUE
fare_DEL-CCU_AI_2026-10-28_T+45_1789268425672_z9r3,DEL-CCU,EaseMyTrip,AI,AI-2597,2026-10-28,T+45,8478,1861,10339,2026-09-13T02:41:24.506Z,FALSE,"",09:30,TRUE
fare_DEL-CCU_6E_2026-10-28_T+45_1789268425672_xkqq,DEL-CCU,EaseMyTrip,6E,6E-2373,2026-10-28,T+45,8390,1842,10232,2026-09-13T02:41:24.506Z,FALSE,"",11:05,FALSE
fare_DEL-CCU_AI_2026-10-28_T+45_1789268425672_89wh,DEL-CCU,EaseMyTrip,AI,AI-2501,2026-10-28,T+45,8608,1889,10497,2026-09-13T02:41:24.506Z,FALSE,"",11:40,TRUE
fare_DEL-CCU_6E_2026-10-28_T+45_1789268425672_g4gq,DEL-CCU,EaseMyTrip,6E,6E-634,2026-10-28,T+45,8608,1889,10497,2026-09-13T02:41:24.506Z,FALSE,"",23:45,TRUE
fare_DEL-CCU_6E_2026-10-28_T+45_1789268425672_7oaj,DEL-CCU,EaseMyTrip,6E,6E-467,2026-10-28,T+45,8608,1889,10497,2026-09-13T02:41:24.506Z,FALSE,"",23:45,TRUE
fare_DEL-CCU_6E_2026-10-28_T+45_1789268425672_qvdb,DEL-CCU,EaseMyTrip,6E,6E-473,2026-10-28,T+45,8608,1889,10497,2026-09-13T02:41:24.506Z,FALSE,"",12:15,TRUE
fare_DEL-CCU_6E_2026-10-28_T+45_1789268425672_ad11,DEL-CCU,EaseMyTrip,6E,6E-421,2026-10-28,T+45,8608,1889,10497,2026-09-13T02:41:24.506Z,FALSE,"",12:15,TRUE
fare_DEL-CCU_6E_2026-10-28_T+45_1789268425672_0unu,DEL-CCU,EaseMyTrip,6E,6E-577,2026-10-28,T+45,8608,1889,10497,2026-09-13T02:41:24.506Z,FALSE,"",10:30,TRUE
fare_DEL-CCU_6E_2026-10-28_T+45_1789268425672_rrdk,DEL-CCU,EaseMyTrip,6E,6E-926,2026-10-28,T+45,8608,1889,10497,2026-09-13T02:41:24.506Z,FALSE,"",10:30,TRUE
fare_DEL-CCU_6E_2026-10-28_T+45_1789268425672_x6fx,DEL-CCU,EaseMyTrip,6E,6E-2039,2026-10-28,T+45,8653,1900,10553,2026-09-13T02:41:24.506Z,FALSE,"",05:30,FALSE
fare_DEL-CCU_6E_2026-10-28_T+45_1789268425672_ada4,DEL-CCU,EaseMyTrip,6E,6E-5023,2026-10-28,T+45,8653,1900,10553,2026-09-13T02:41:24.506Z,FALSE,"",18:10,FALSE
fare_DEL-CCU_6E_2026-10-28_T+45_1789268425672_pyr9,DEL-CCU,EaseMyTrip,6E,6E-2614,2026-10-28,T+45,8653,1900,10553,2026-09-13T02:41:24.506Z,FALSE,"",15:05,FALSE
fare_DEL-CCU_IX_2026-10-28_T+45_1789268425672_fu6r,DEL-CCU,EaseMyTrip,IX,IX-1084,2026-10-28,T+45,10587,2324,12911,2026-09-13T02:41:24.506Z,FALSE,"",17:05,FALSE
fare_DEL-CCU_6E_2026-10-28_T+45_1789268425672_ae45,DEL-CCU,EaseMyTrip,6E,6E-2327,2026-10-28,T+45,9124,2003,11127,2026-09-13T02:41:24.506Z,FALSE,"",13:35,TRUE
fare_DEL-CCU_6E_2026-10-28_T+45_1789268425672_lrmz,DEL-CCU,EaseMyTrip,6E,6E-6073,2026-10-28,T+45,9259,2032,11291,2026-09-13T02:41:24.506Z,FALSE,"",05:15,FALSE
fare_DEL-CCU_6E_2026-10-28_T+45_1789268425672_ep4b,DEL-CCU,EaseMyTrip,6E,6E-5269,2026-10-28,T+45,9345,2051,11396,2026-09-13T02:41:24.506Z,FALSE,"",10:35,FALSE
fare_DEL-CCU_6E_2026-10-28_T+45_1789268425672_66y0,DEL-CCU,EaseMyTrip,6E,6E-687,2026-10-28,T+45,9345,2051,11396,2026-09-13T02:41:24.506Z,FALSE,"",13:20,FALSE
fare_DEL-CCU_6E_2026-10-28_T+45_1789268425672_8hy0,DEL-CCU,EaseMyTrip,6E,6E-287,2026-10-28,T+45,9345,2051,11396,2026-09-13T02:41:24.506Z,FALSE,"",13:20,FALSE
fare_DEL-CCU_6E_2026-10-28_T+45_1789268425672_fpsp,DEL-CCU,EaseMyTrip,6E,6E-6212,2026-10-28,T+45,9538,2094,11632,2026-09-13T02:41:24.506Z,FALSE,"",14:50,FALSE
fare_DEL-CCU_6E_2026-10-28_T+45_1789268425672_63ja,DEL-CCU,EaseMyTrip,6E,6E-197,2026-10-28,T+45,9538,2094,11632,2026-09-13T02:41:24.506Z,FALSE,"",18:15,FALSE
fare_DEL-CCU_6E_2026-10-28_T+45_1789268425672_csak,DEL-CCU,EaseMyTrip,6E,6E-237,2026-10-28,T+45,9538,2094,11632,2026-09-13T02:41:24.506Z,FALSE,"",18:15,FALSE
fare_DEL-CCU_6E_2026-10-28_T+45_1789268425672_9fdn,DEL-CCU,EaseMyTrip,6E,6E-6293,2026-10-28,T+45,9538,2094,11632,2026-09-13T02:41:24.506Z,FALSE,"",10:00,FALSE
fare_DEL-CCU_6E_2026-10-28_T+45_1789268425672_ltu4,DEL-CCU,EaseMyTrip,6E,6E-6217,2026-10-28,T+45,9538,2094,11632,2026-09-13T02:41:24.506Z,FALSE,"",16:15,FALSE
fare_DEL-CCU_6E_2026-10-28_T+45_1789268425672_xr6f,DEL-CCU,EaseMyTrip,6E,6E-5058,2026-10-28,T+45,9538,2094,11632,2026-09-13T02:41:24.506Z,FALSE,"",13:30,FALSE
fare_DEL-CCU_6E_2026-10-28_T+45_1789268425672_vdts,DEL-CCU,EaseMyTrip,6E,6E-934,2026-10-28,T+45,9538,2094,11632,2026-09-13T02:41:24.506Z,FALSE,"",08:30,FALSE
fare_DEL-CCU_6E_2026-10-28_T+45_1789268425672_mjw9,DEL-CCU,EaseMyTrip,6E,6E-374,2026-10-28,T+45,9538,2094,11632,2026-09-13T02:41:24.506Z,FALSE,"",08:30,FALSE
fare_DEL-CCU_IX_2026-10-28_T+45_1789268425672_0ea8,DEL-CCU,EaseMyTrip,IX,IX-1083,2026-10-28,T+45,11580,2542,14122,2026-09-13T02:41:24.506Z,FALSE,"",10:35,FALSE
fare_DEL-CCU_IX_2026-10-28_T+45_1789268425672_tg8p,DEL-CCU,EaseMyTrip,IX,IX-1230,2026-10-28,T+45,11580,2542,14122,2026-09-13T02:41:24.506Z,FALSE,"",05:05,FALSE
fare_DEL-CCU_6E_2026-10-28_T+45_1789268425672_ylg6,DEL-CCU,EaseMyTrip,6E,6E-705,2026-10-28,T+45,9727,2135,11862,2026-09-13T02:41:24.506Z,FALSE,"",03:00,TRUE
fare_DEL-CCU_6E_2026-10-28_T+45_1789268425672_tb98,DEL-CCU,EaseMyTrip,6E,6E-402,2026-10-28,T+45,9727,2135,11862,2026-09-13T02:41:24.506Z,FALSE,"",03:00,TRUE
fare_DEL-CCU_AI_2026-10-28_T+45_1789268425672_08ew,DEL-CCU,EaseMyTrip,AI,AI-2727,2026-10-28,T+45,10226,2245,12471,2026-09-13T02:41:24.506Z,FALSE,"",21:40,TRUE
fare_DEL-CCU_QP_2026-10-28_T+45_1789268425672_2md8,DEL-CCU,EaseMyTrip,QP,QP-1260,2026-10-28,T+45,10172,2233,12405,2026-09-13T02:41:24.506Z,FALSE,"",20:55,TRUE
fare_DEL-CCU_IX_2026-10-28_T+45_1789268425672_v9fu,DEL-CCU,EaseMyTrip,IX,IX-1197,2026-10-28,T+45,10373,2277,12650,2026-09-13T02:41:24.506Z,FALSE,"",21:10,TRUE
fare_DEL-CCU_6E_2026-10-28_T+45_1789268425672_0cgx,DEL-CCU,EaseMyTrip,6E,6E-6787,2026-10-28,T+45,10339,2270,12609,2026-09-13T02:41:24.506Z,FALSE,"",14:40,FALSE
fare_DEL-CCU_6E_2026-10-28_T+45_1789268425672_vety,DEL-CCU,EaseMyTrip,6E,6E-809,2026-10-28,T+45,10373,2277,12650,2026-09-13T02:41:24.506Z,FALSE,"",22:15,TRUE
fare_DEL-CCU_6E_2026-10-28_T+45_1789268425672_5pgs,DEL-CCU,EaseMyTrip,6E,6E-815,2026-10-28,T+45,10373,2277,12650,2026-09-13T02:41:24.506Z,FALSE,"",22:15,TRUE
fare_DEL-CCU_AI_2026-10-28_T+45_1789268425672_ri4o,DEL-CCU,EaseMyTrip,AI,AI-2947,2026-10-28,T+45,11268,2474,13742,2026-09-13T02:41:24.506Z,FALSE,"",14:40,FALSE
fare_DEL-CCU_6E_2026-10-28_T+45_1789268425672_xist,DEL-CCU,EaseMyTrip,6E,6E-256,2026-10-28,T+45,11176,2453,13629,2026-09-13T02:41:24.506Z,FALSE,"",05:10,FALSE
fare_DEL-CCU_6E_2026-10-28_T+45_1789268425672_z070,DEL-CCU,EaseMyTrip,6E,6E-353,2026-10-28,T+45,11176,2453,13629,2026-09-13T02:41:24.506Z,FALSE,"",05:10,FALSE
fare_DEL-CCU_6E_2026-10-28_T+45_1789268425672_4tlc,DEL-CCU,EaseMyTrip,6E,6E-2316,2026-10-28,T+45,11519,2528,14047,2026-09-13T02:41:24.506Z,FALSE,"",18:00,FALSE
fare_DEL-CCU_6E_2026-10-28_T+45_1789268425672_s3kh,DEL-CCU,EaseMyTrip,6E,6E-5041,2026-10-28,T+45,11519,2528,14047,2026-09-13T02:41:24.506Z,FALSE,"",15:25,FALSE
fare_DEL-CCU_6E_2026-10-28_T+45_1789268425672_jwbl,DEL-CCU,EaseMyTrip,6E,6E-6048,2026-10-28,T+45,11777,2585,14362,2026-09-13T02:41:24.506Z,FALSE,"",06:30,FALSE
fare_DEL-CCU_IX_2026-10-28_T+45_1789268425672_gxsu,DEL-CCU,EaseMyTrip,IX,IX-1067,2026-10-28,T+45,12550,2755,15305,2026-09-13T02:41:24.506Z,FALSE,"",11:20,FALSE
fare_DEL-CCU_AI_2026-10-28_T+45_1789268425672_mrgu,DEL-CCU,EaseMyTrip,AI,AI-879,2026-10-28,T+45,12582,2762,15344,2026-09-13T02:41:24.506Z,FALSE,"",06:40,FALSE
fare_DEL-CCU_6E_2026-10-28_T+45_1789268425672_44uy,DEL-CCU,EaseMyTrip,6E,6E-556,2026-10-28,T+45,12439,2731,15170,2026-09-13T02:41:24.506Z,FALSE,"",17:15,TRUE
fare_DEL-CCU_6E_2026-10-28_T+45_1789268425672_hzxq,DEL-CCU,EaseMyTrip,6E,6E-663,2026-10-28,T+45,12439,2731,15170,2026-09-13T02:41:24.506Z,FALSE,"",17:15,TRUE
fare_DEL-CCU_6E_2026-10-28_T+45_1789268425672_i45o,DEL-CCU,EaseMyTrip,6E,6E-6415,2026-10-28,T+45,12439,2731,15170,2026-09-13T02:41:24.506Z,FALSE,"",15:30,TRUE
fare_DEL-CCU_AI_2026-10-28_T+45_1789268425672_ulx5,DEL-CCU,EaseMyTrip,AI,AI-2553,2026-10-28,T+45,14413,3164,17577,2026-09-13T02:41:24.506Z,FALSE,"",16:15,TRUE
fare_DEL-CCU_AI_2026-10-28_T+45_1789268425672_yibv,DEL-CCU,EaseMyTrip,AI,AI-2525,2026-10-28,T+45,14989,3290,18279,2026-09-13T02:41:24.506Z,FALSE,"",06:00,FALSE
fare_DEL-CCU_AI_2026-10-28_T+45_1789268425672_1535,DEL-CCU,EaseMyTrip,AI,AI-2707,2026-10-28,T+45,15357,3371,18728,2026-09-13T02:41:24.506Z,FALSE,"",18:00,TRUE
fare_DEL-CCU_AI_2026-10-28_T+45_1789268425672_berm,DEL-CCU,EaseMyTrip,AI,AI-2513,2026-10-28,T+45,15810,3471,19281,2026-09-13T02:41:24.506Z,FALSE,"",13:00,FALSE
fare_DEL-CCU_AI_2026-10-28_T+45_1789268425672_eov7,DEL-CCU,EaseMyTrip,AI,AI-2417,2026-10-28,T+45,15961,3504,19465,2026-09-13T02:41:24.506Z,TRUE,"High outlier: ₹19465 > upper fence ₹19293 (Q3: ₹13657, IQR: ₹3757)",12:00,FALSE
fare_DEL-CCU_AI_2026-10-28_T+45_1789268425672_9xq9,DEL-CCU,EaseMyTrip,AI,AI-9550,2026-10-28,T+45,16237,3564,19801,2026-09-13T02:41:24.506Z,TRUE,"High outlier: ₹19801 > upper fence ₹19293 (Q3: ₹13657, IQR: ₹3757)",20:40,FALSE
fare_DEL-CCU_AI_2026-10-28_T+45_1789268425672_2yp3,DEL-CCU,EaseMyTrip,AI,AI-2757,2026-10-28,T+45,16348,3588,19936,2026-09-13T02:41:24.506Z,TRUE,"High outlier: ₹19936 > upper fence ₹19293 (Q3: ₹13657, IQR: ₹3757)",00:15,FALSE
fare_DEL-CCU_6E_2026-10-28_T+45_1789268425672_8s68,DEL-CCU,EaseMyTrip,6E,6E-6517,2026-10-28,T+45,16787,3685,20472,2026-09-13T02:41:24.506Z,TRUE,"High outlier: ₹20472 > upper fence ₹19293 (Q3: ₹13657, IQR: ₹3757)",19:30,TRUE
fare_DEL-CCU_AI_2026-10-28_T+45_1789268425672_zxcc,DEL-CCU,EaseMyTrip,AI,AI-2485,2026-10-28,T+45,17047,3742,20789,2026-09-13T02:41:24.506Z,TRUE,"High outlier: ₹20789 > upper fence ₹19293 (Q3: ₹13657, IQR: ₹3757)",11:00,FALSE
fare_DEL-CCU_AI_2026-10-28_T+45_1789268425672_ylnf,DEL-CCU,EaseMyTrip,AI,AI-2803,2026-10-28,T+45,17714,3889,21603,2026-09-13T02:41:24.506Z,TRUE,"High outlier: ₹21603 > upper fence ₹19293 (Q3: ₹13657, IQR: ₹3757)",07:00,FALSE
fare_DEL-CCU_AI_2026-10-28_T+45_1789268425672_8kdq,DEL-CCU,EaseMyTrip,AI,AI-2409,2026-10-28,T+45,17714,3889,21603,2026-09-13T02:41:24.506Z,TRUE,"High outlier: ₹21603 > upper fence ₹19293 (Q3: ₹13657, IQR: ₹3757)",06:00,FALSE
fare_DEL-CCU_AI_2026-10-28_T+45_1789268425672_cqt9,DEL-CCU,EaseMyTrip,AI,AI-427,2026-10-28,T+45,18106,3974,22080,2026-09-13T02:41:24.506Z,TRUE,"High outlier: ₹22080 > upper fence ₹19293 (Q3: ₹13657, IQR: ₹3757)",08:35,FALSE
fare_DEL-CCU_AI_2026-10-28_T+45_1789268425672_77kj,DEL-CCU,EaseMyTrip,AI,AI-2709,2026-10-28,T+45,19602,4303,23905,2026-09-13T02:41:24.506Z,TRUE,"High outlier: ₹23905 > upper fence ₹19293 (Q3: ₹13657, IQR: ₹3757)",19:40,TRUE
fare_DEL-CCU_IX_2026-10-28_T+45_1789268425672_tr7q,DEL-CCU,EaseMyTrip,IX,IX-1032,2026-10-28,T+45,20969,4603,25572,2026-09-13T02:41:24.506Z,TRUE,"High outlier: ₹25572 > upper fence ₹19293 (Q3: ₹13657, IQR: ₹3757)",06:15,FALSE
fare_DEL-CCU_AI_2026-10-28_T+45_1789268425672_cpn3,DEL-CCU,EaseMyTrip,AI,AI-2819,2026-10-28,T+45,25236,5539,30775,2026-09-13T02:41:24.506Z,TRUE,"High outlier: ₹30775 > upper fence ₹19293 (Q3: ₹13657, IQR: ₹3757)",15:00,FALSE
fare_DEL-CCU_IX_2026-09-20_T+7_1789268425672_ey44,DEL-CCU,EaseMyTrip,IX,IX-1067,2026-09-20,T+7,6979,1532,8511,2026-09-13T02:41:06.085Z,FALSE,"",06:10,FALSE
fare_DEL-CCU_IX_2026-09-20_T+7_1789268425672_tfdc,DEL-CCU,EaseMyTrip,IX,IX-1001,2026-09-20,T+7,6979,1532,8511,2026-09-13T02:41:06.085Z,FALSE,"",09:00,FALSE
fare_DEL-CCU_IX_2026-09-20_T+7_1789268425672_fo58,DEL-CCU,EaseMyTrip,IX,IX-1032,2026-09-20,T+7,7553,1658,9211,2026-09-13T02:41:06.085Z,FALSE,"",05:45,FALSE
fare_DEL-CCU_6E_2026-09-20_T+7_1789268425672_bebk,DEL-CCU,EaseMyTrip,6E,6E-6245,2026-09-20,T+7,6048,1328,7376,2026-09-13T02:41:06.085Z,FALSE,"",06:20,FALSE
fare_DEL-CCU_6E_2026-09-20_T+7_1789268425672_fnc8,DEL-CCU,EaseMyTrip,6E,6E-2453,2026-09-20,T+7,6048,1328,7376,2026-09-13T02:41:06.085Z,FALSE,"",13:35,FALSE
fare_DEL-CCU_6E_2026-09-20_T+7_1789268425672_rwgd,DEL-CCU,EaseMyTrip,6E,6E-5036,2026-09-20,T+7,6156,1351,7507,2026-09-13T02:41:06.085Z,FALSE,"",08:00,FALSE
fare_DEL-CCU_6E_2026-09-20_T+7_1789268425672_ll5d,DEL-CCU,EaseMyTrip,6E,6E-2361,2026-09-20,T+7,6156,1351,7507,2026-09-13T02:41:06.085Z,FALSE,"",14:35,FALSE
fare_DEL-CCU_6E_2026-09-20_T+7_1789268425672_6avz,DEL-CCU,EaseMyTrip,6E,6E-6073,2026-09-20,T+7,6221,1365,7586,2026-09-13T02:41:06.085Z,FALSE,"",05:00,FALSE
fare_DEL-CCU_6E_2026-09-20_T+7_1789268425672_vbzg,DEL-CCU,EaseMyTrip,6E,6E-523,2026-09-20,T+7,6500,1427,7927,2026-09-13T02:41:06.085Z,FALSE,"",07:10,FALSE
fare_DEL-CCU_6E_2026-09-20_T+7_1789268425672_2tdy,DEL-CCU,EaseMyTrip,6E,6E-198,2026-09-20,T+7,6500,1427,7927,2026-09-13T02:41:06.085Z,FALSE,"",07:10,FALSE
fare_DEL-CCU_6E_2026-09-20_T+7_1789268425672_l0wk,DEL-CCU,EaseMyTrip,6E,6E-5073,2026-09-20,T+7,6500,1427,7927,2026-09-13T02:41:06.085Z,FALSE,"",17:05,FALSE
fare_DEL-CCU_6E_2026-09-20_T+7_1789268425672_dwas,DEL-CCU,EaseMyTrip,6E,6E-6551,2026-09-20,T+7,6586,1446,8032,2026-09-13T02:41:06.085Z,FALSE,"",12:00,FALSE
fare_DEL-CCU_6E_2026-09-20_T+7_1789268425672_0h5e,DEL-CCU,EaseMyTrip,6E,6E-6371,2026-09-20,T+7,6586,1446,8032,2026-09-13T02:41:06.085Z,FALSE,"",06:20,FALSE
fare_DEL-CCU_QP_2026-09-20_T+7_1789268425672_kf0i,DEL-CCU,EaseMyTrip,QP,QP-1801,2026-09-20,T+7,6606,1450,8056,2026-09-13T02:41:06.085Z,FALSE,"",05:55,TRUE
fare_DEL-CCU_6E_2026-09-20_T+7_1789268425672_sm51,DEL-CCU,EaseMyTrip,6E,6E-845,2026-09-20,T+7,6654,1461,8115,2026-09-13T02:41:06.085Z,FALSE,"",16:20,FALSE
fare_DEL-CCU_6E_2026-09-20_T+7_1789268425672_6aph,DEL-CCU,EaseMyTrip,6E,6E-638,2026-09-20,T+7,6654,1461,8115,2026-09-13T02:41:06.085Z,FALSE,"",16:20,FALSE
fare_DEL-CCU_6E_2026-09-20_T+7_1789268425672_d867,DEL-CCU,EaseMyTrip,6E,6E-2296,2026-09-20,T+7,6719,1475,8194,2026-09-13T02:41:06.085Z,FALSE,"",09:20,FALSE
fare_DEL-CCU_6E_2026-09-20_T+7_1789268425672_9gq0,DEL-CCU,EaseMyTrip,6E,6E-2614,2026-09-20,T+7,6719,1475,8194,2026-09-13T02:41:06.085Z,FALSE,"",14:40,FALSE
fare_DEL-CCU_6E_2026-09-20_T+7_1789268425672_d8ry,DEL-CCU,EaseMyTrip,6E,6E-5119,2026-09-20,T+7,6999,1536,8535,2026-09-13T02:41:06.085Z,FALSE,"",05:10,FALSE
fare_DEL-CCU_6E_2026-09-20_T+7_1789268425672_z6pl,DEL-CCU,EaseMyTrip,6E,6E-6190,2026-09-20,T+7,7267,1595,8862,2026-09-13T02:41:06.085Z,FALSE,"",07:40,FALSE
fare_DEL-CCU_6E_2026-09-20_T+7_1789268425672_uzct,DEL-CCU,EaseMyTrip,6E,6E-5033,2026-09-20,T+7,7267,1595,8862,2026-09-13T02:41:06.085Z,FALSE,"",15:50,FALSE
fare_DEL-CCU_6E_2026-09-20_T+7_1789268425672_2k81,DEL-CCU,EaseMyTrip,6E,6E-5298,2026-09-20,T+7,7267,1595,8862,2026-09-13T02:41:06.085Z,FALSE,"",09:00,FALSE
fare_DEL-CCU_6E_2026-09-20_T+7_1789268425672_c0w7,DEL-CCU,EaseMyTrip,6E,6E-641,2026-09-20,T+7,7316,1606,8922,2026-09-13T02:41:06.085Z,FALSE,"",23:30,TRUE
fare_DEL-CCU_6E_2026-09-20_T+7_1789268425672_h5zh,DEL-CCU,EaseMyTrip,6E,6E-852,2026-09-20,T+7,7316,1606,8922,2026-09-13T02:41:06.085Z,FALSE,"",23:30,TRUE
fare_DEL-CCU_6E_2026-09-20_T+7_1789268425672_h7dp,DEL-CCU,EaseMyTrip,6E,6E-232,2026-09-20,T+7,7316,1606,8922,2026-09-13T02:41:06.085Z,FALSE,"",07:20,TRUE
fare_DEL-CCU_6E_2026-09-20_T+7_1789268425672_qfgh,DEL-CCU,EaseMyTrip,6E,6E-295,2026-09-20,T+7,7316,1606,8922,2026-09-13T02:41:06.085Z,FALSE,"",07:20,TRUE
fare_DEL-CCU_AI_2026-09-20_T+7_1789268425672_5dft,DEL-CCU,EaseMyTrip,AI,AI-2702,2026-09-20,T+7,7496,1646,9142,2026-09-13T02:41:06.085Z,FALSE,"",02:30,TRUE
fare_DEL-CCU_6E_2026-09-20_T+7_1789268425672_8lul,DEL-CCU,EaseMyTrip,6E,6E-5041,2026-09-20,T+7,7353,1614,8967,2026-09-13T02:41:06.085Z,FALSE,"",15:10,FALSE
fare_DEL-CCU_IX_2026-09-20_T+7_1789268425672_ll89,DEL-CCU,EaseMyTrip,IX,IX-1081,2026-09-20,T+7,7587,1666,9253,2026-09-13T02:41:06.085Z,FALSE,"",15:25,FALSE
fare_DEL-CCU_AI_2026-09-20_T+7_1789268425672_bzid,DEL-CCU,EaseMyTrip,AI,AI-2535,2026-09-20,T+7,7573,1662,9235,2026-09-13T02:41:06.085Z,FALSE,"",06:40,TRUE
fare_DEL-CCU_AI_2026-09-20_T+7_1789268425672_xcx9,DEL-CCU,EaseMyTrip,AI,AI-2707,2026-09-20,T+7,7573,1662,9235,2026-09-13T02:41:06.085Z,FALSE,"",18:00,TRUE
fare_DEL-CCU_6E_2026-09-20_T+7_1789268425672_c9pp,DEL-CCU,EaseMyTrip,6E,6E-6503,2026-09-20,T+7,7525,1652,9177,2026-09-13T02:41:06.085Z,FALSE,"",13:25,FALSE
fare_DEL-CCU_6E_2026-09-20_T+7_1789268425672_084n,DEL-CCU,EaseMyTrip,6E,6E-2276,2026-09-20,T+7,7532,1653,9185,2026-09-13T02:41:06.085Z,FALSE,"",17:55,TRUE
fare_DEL-CCU_AI_2026-09-20_T+7_1789268425672_hi8t,DEL-CCU,EaseMyTrip,AI,AI-2705,2026-09-20,T+7,7706,1691,9397,2026-09-13T02:41:06.085Z,FALSE,"",07:30,TRUE
fare_DEL-CCU_6E_2026-09-20_T+7_1789268425672_mcjv,DEL-CCU,EaseMyTrip,6E,6E-715,2026-09-20,T+7,7546,1657,9203,2026-09-13T02:41:06.085Z,FALSE,"",17:55,FALSE
fare_DEL-CCU_6E_2026-09-20_T+7_1789268425672_ggm7,DEL-CCU,EaseMyTrip,6E,6E-691,2026-09-20,T+7,7546,1657,9203,2026-09-13T02:41:06.085Z,FALSE,"",17:55,FALSE
fare_DEL-CCU_IX_2026-09-20_T+7_1789268425672_omsn,DEL-CCU,EaseMyTrip,IX,IX-1273,2026-09-20,T+7,7932,1741,9673,2026-09-13T02:41:06.085Z,FALSE,"",12:20,FALSE
fare_DEL-CCU_AI_2026-09-20_T+7_1789268425672_svom,DEL-CCU,EaseMyTrip,AI,AI-2709,2026-09-20,T+7,7926,1740,9666,2026-09-13T02:41:06.085Z,FALSE,"",19:40,TRUE
fare_DEL-CCU_AI_2026-09-20_T+7_1789268425672_hlnw,DEL-CCU,EaseMyTrip,AI,AI-1791,2026-09-20,T+7,7926,1740,9666,2026-09-13T02:41:06.085Z,FALSE,"",09:55,TRUE
fare_DEL-CCU_6E_2026-09-20_T+7_1789268425672_ydjc,DEL-CCU,EaseMyTrip,6E,6E-6415,2026-09-20,T+7,7790,1710,9500,2026-09-13T02:41:06.085Z,FALSE,"",16:00,TRUE
fare_DEL-CCU_6E_2026-09-20_T+7_1789268425672_dmxu,DEL-CCU,EaseMyTrip,6E,6E-293,2026-09-20,T+7,7790,1710,9500,2026-09-13T02:41:06.085Z,FALSE,"",10:15,TRUE
fare_DEL-CCU_6E_2026-09-20_T+7_1789268425672_6ual,DEL-CCU,EaseMyTrip,6E,6E-500,2026-09-20,T+7,7790,1710,9500,2026-09-13T02:41:06.085Z,FALSE,"",10:15,TRUE
fare_DEL-CCU_QP_2026-09-20_T+7_1789268425672_zjiw,DEL-CCU,EaseMyTrip,QP,QP-1803,2026-09-20,T+7,7811,1715,9526,2026-09-13T02:41:06.085Z,FALSE,"",17:05,TRUE
fare_DEL-CCU_6E_2026-09-20_T+7_1789268425672_1sqg,DEL-CCU,EaseMyTrip,6E,6E-2259,2026-09-20,T+7,7870,1727,9597,2026-09-13T02:41:06.085Z,FALSE,"",12:20,FALSE
fare_DEL-CCU_6E_2026-09-20_T+7_1789268425672_u1aq,DEL-CCU,EaseMyTrip,6E,6E-2589,2026-09-20,T+7,7906,1735,9641,2026-09-13T02:41:06.085Z,FALSE,"",14:50,TRUE
fare_DEL-CCU_6E_2026-09-20_T+7_1789268425672_fbn2,DEL-CCU,EaseMyTrip,6E,6E-6217,2026-09-20,T+7,8149,1789,9938,2026-09-13T02:41:06.085Z,FALSE,"",16:15,FALSE
fare_DEL-CCU_6E_2026-09-20_T+7_1789268425672_dekv,DEL-CCU,EaseMyTrip,6E,6E-6517,2026-09-20,T+7,8177,1795,9972,2026-09-13T02:41:06.085Z,FALSE,"",19:30,TRUE
fare_DEL-CCU_6E_2026-09-20_T+7_1789268425672_4t6n,DEL-CCU,EaseMyTrip,6E,6E-265,2026-09-20,T+7,8177,1795,9972,2026-09-13T02:41:06.085Z,FALSE,"",21:50,TRUE
fare_DEL-CCU_6E_2026-09-20_T+7_1789268425672_5evb,DEL-CCU,EaseMyTrip,6E,6E-841,2026-09-20,T+7,8177,1795,9972,2026-09-13T02:41:06.085Z,FALSE,"",21:50,TRUE
fare_DEL-CCU_SG_2026-09-20_T+7_1789268425672_0a53,DEL-CCU,EaseMyTrip,SG,SG-335,2026-09-20,T+7,9203,2020,11223,2026-09-13T02:41:06.085Z,FALSE,"",20:10,TRUE
fare_DEL-CCU_SG_2026-09-20_T+7_1789268425672_81wk,DEL-CCU,EaseMyTrip,SG,SG-357,2026-09-20,T+7,9203,2020,11223,2026-09-13T02:41:06.085Z,FALSE,"",20:10,TRUE
fare_DEL-CCU_AI_2026-09-20_T+7_1789268425672_cb3q,DEL-CCU,EaseMyTrip,AI,AI-1714,2026-09-20,T+7,8478,1861,10339,2026-09-13T02:41:06.085Z,FALSE,"",21:00,TRUE
fare_DEL-CCU_6E_2026-09-20_T+7_1789268425672_zbc8,DEL-CCU,EaseMyTrip,6E,6E-358,2026-09-20,T+7,8608,1889,10497,2026-09-13T02:41:06.085Z,FALSE,"",14:25,TRUE
fare_DEL-CCU_6E_2026-09-20_T+7_1789268425672_mcw5,DEL-CCU,EaseMyTrip,6E,6E-655,2026-09-20,T+7,8608,1889,10497,2026-09-13T02:41:06.085Z,FALSE,"",14:25,TRUE
fare_DEL-CCU_6E_2026-09-20_T+7_1789268425672_bxml,DEL-CCU,EaseMyTrip,6E,6E-6124,2026-09-20,T+7,8617,1892,10509,2026-09-13T02:41:06.085Z,FALSE,"",07:30,FALSE
fare_DEL-CCU_6E_2026-09-20_T+7_1789268425672_dgt6,DEL-CCU,EaseMyTrip,6E,6E-5307,2026-09-20,T+7,8702,1910,10612,2026-09-13T02:41:06.085Z,FALSE,"",10:50,FALSE
fare_DEL-CCU_6E_2026-09-20_T+7_1789268425672_6uwq,DEL-CCU,EaseMyTrip,6E,6E-5191,2026-09-20,T+7,9124,2003,11127,2026-09-13T02:41:06.085Z,FALSE,"",05:00,TRUE
fare_DEL-CCU_6E_2026-09-20_T+7_1789268425672_6hpm,DEL-CCU,EaseMyTrip,6E,6E-907,2026-09-20,T+7,9124,2003,11127,2026-09-13T02:41:06.085Z,FALSE,"",12:45,TRUE
fare_DEL-CCU_6E_2026-09-20_T+7_1789268425672_ujj4,DEL-CCU,EaseMyTrip,6E,6E-6378,2026-09-20,T+7,9345,2051,11396,2026-09-13T02:41:06.085Z,FALSE,"",14:40,FALSE
fare_DEL-CCU_IX_2026-09-20_T+7_1789268425672_a3il,DEL-CCU,EaseMyTrip,IX,IX-1069,2026-09-20,T+7,10603,2327,12930,2026-09-13T02:41:06.085Z,FALSE,"",10:40,FALSE
fare_DEL-CCU_IX_2026-09-20_T+7_1789268425672_6oor,DEL-CCU,EaseMyTrip,IX,IX-1035,2026-09-20,T+7,10603,2327,12930,2026-09-13T02:41:06.085Z,FALSE,"",08:10,FALSE
fare_DEL-CCU_6E_2026-09-20_T+7_1789268425672_e3py,DEL-CCU,EaseMyTrip,6E,6E-7624,2026-09-20,T+7,10237,2247,12484,2026-09-13T02:41:06.085Z,FALSE,"",05:50,FALSE
fare_DEL-CCU_AI_2026-09-20_T+7_1789268425672_i6z3,DEL-CCU,EaseMyTrip,AI,AI-1733,2026-09-20,T+7,10412,2286,12698,2026-09-13T02:41:06.085Z,FALSE,"",16:15,TRUE
fare_DEL-CCU_AI_2026-09-20_T+7_1789268425672_qeyv,DEL-CCU,EaseMyTrip,AI,AI-879,2026-09-20,T+7,10662,2340,13002,2026-09-13T02:41:06.085Z,FALSE,"",06:40,FALSE
fare_DEL-CCU_IX_2026-09-20_T+7_1789268425672_9b8f,DEL-CCU,EaseMyTrip,IX,IX-1085,2026-09-20,T+7,11032,2422,13454,2026-09-13T02:41:06.085Z,FALSE,"",12:55,FALSE
fare_DEL-CCU_6E_2026-09-20_T+7_1789268425672_uwej,DEL-CCU,EaseMyTrip,6E,6E-6053,2026-09-20,T+7,10654,2339,12993,2026-09-13T02:41:06.085Z,FALSE,"",13:05,FALSE
fare_DEL-CCU_AI_2026-09-20_T+7_1789268425672_zwt7,DEL-CCU,EaseMyTrip,AI,AI-2943,2026-09-20,T+7,10888,2390,13278,2026-09-13T02:41:06.085Z,FALSE,"",07:30,FALSE
fare_DEL-CCU_AI_2026-09-20_T+7_1789268425672_vu94,DEL-CCU,EaseMyTrip,AI,AI-441,2026-09-20,T+7,10888,2390,13278,2026-09-13T02:41:06.085Z,FALSE,"",17:00,FALSE
fare_DEL-CCU_AI_2026-09-20_T+7_1789268425672_nhow,DEL-CCU,EaseMyTrip,AI,AI-2429,2026-09-20,T+7,10888,2390,13278,2026-09-13T02:41:06.085Z,FALSE,"",07:00,FALSE
fare_DEL-CCU_AI_2026-09-20_T+7_1789268425672_szeh,DEL-CCU,EaseMyTrip,AI,AI-1777,2026-09-20,T+7,10888,2390,13278,2026-09-13T02:41:06.085Z,FALSE,"",16:00,FALSE
fare_DEL-CCU_AI_2026-09-20_T+7_1789268425672_72ps,DEL-CCU,EaseMyTrip,AI,AI-1745,2026-09-20,T+7,10888,2390,13278,2026-09-13T02:41:06.085Z,FALSE,"",05:00,FALSE
fare_DEL-CCU_AI_2026-09-20_T+7_1789268425672_lsj6,DEL-CCU,EaseMyTrip,AI,AI-2439,2026-09-20,T+7,10888,2390,13278,2026-09-13T02:41:06.085Z,FALSE,"",23:00,FALSE
fare_DEL-CCU_IX_2026-09-20_T+7_1789268425672_t8v2,DEL-CCU,EaseMyTrip,IX,IX-1671,2026-09-20,T+7,11498,2524,14022,2026-09-13T02:41:06.085Z,FALSE,"",20:00,FALSE
fare_DEL-CCU_AI_2026-09-20_T+7_1789268425672_m40c,DEL-CCU,EaseMyTrip,AI,AI-2767,2026-09-20,T+7,11334,2488,13822,2026-09-13T02:41:06.085Z,FALSE,"",13:00,TRUE
fare_DEL-CCU_QP_2026-09-20_T+7_1789268425672_mp2t,DEL-CCU,EaseMyTrip,QP,QP-1940,2026-09-20,T+7,11620,2551,14171,2026-09-13T02:41:06.085Z,FALSE,"",14:05,FALSE
fare_DEL-CCU_6E_2026-09-20_T+7_1789268425672_udej,DEL-CCU,EaseMyTrip,6E,6E-6312,2026-09-20,T+7,11842,2599,14441,2026-09-13T02:41:06.085Z,FALSE,"",14:25,FALSE
fare_DEL-CCU_6E_2026-09-20_T+7_1789268425672_dy0i,DEL-CCU,EaseMyTrip,6E,6E-2331,2026-09-20,T+7,12186,2675,14861,2026-09-13T02:41:06.085Z,FALSE,"",12:20,FALSE
fare_DEL-CCU_AI_2026-09-20_T+7_1789268425672_tj78,DEL-CCU,EaseMyTrip,AI,AI-9484,2026-09-20,T+7,12736,2796,15532,2026-09-13T02:41:06.085Z,FALSE,"",23:25,FALSE
fare_DEL-CCU_6E_2026-09-20_T+7_1789268425672_v5x5,DEL-CCU,EaseMyTrip,6E,6E-5215,2026-09-20,T+7,13055,2866,15921,2026-09-13T02:41:06.085Z,FALSE,"",07:45,FALSE
fare_DEL-CCU_AI_2026-09-20_T+7_1789268425672_i845,DEL-CCU,EaseMyTrip,AI,AI-9486,2026-09-20,T+7,13329,2926,16255,2026-09-13T02:41:06.085Z,FALSE,"",05:35,FALSE
fare_DEL-CCU_AI_2026-09-20_T+7_1789268425672_7e3y,DEL-CCU,EaseMyTrip,AI,AI-1780,2026-09-20,T+7,13674,3002,16676,2026-09-13T02:41:06.085Z,FALSE,"",16:10,FALSE
fare_DEL-CCU_AI_2026-09-20_T+7_1789268425672_t1py,DEL-CCU,EaseMyTrip,AI,AI-2678,2026-09-20,T+7,14003,3074,17077,2026-09-13T02:41:06.085Z,FALSE,"",08:30,FALSE
fare_DEL-CCU_AI_2026-09-20_T+7_1789268425672_oeqq,DEL-CCU,EaseMyTrip,AI,AI-2975,2026-09-20,T+7,14003,3074,17077,2026-09-13T02:41:06.085Z,FALSE,"",06:30,FALSE
fare_DEL-CCU_6E_2026-09-20_T+7_1789268425672_nh2b,DEL-CCU,EaseMyTrip,6E,6E-6293,2026-09-20,T+7,14064,3087,17151,2026-09-13T02:41:06.085Z,FALSE,"",09:55,FALSE
fare_DEL-CCU_IX_2026-09-20_T+7_1789268425672_fgyr,DEL-CCU,EaseMyTrip,IX,IX-1230,2026-09-20,T+7,14328,3145,17473,2026-09-13T02:41:06.085Z,FALSE,"",04:40,FALSE
fare_DEL-CCU_6E_2026-09-20_T+7_1789268425672_e5k7,DEL-CCU,EaseMyTrip,6E,6E-5038,2026-09-20,T+7,14245,3127,17372,2026-09-13T02:41:06.085Z,FALSE,"",14:00,FALSE
fare_DEL-CCU_6E_2026-09-20_T+7_1789268425672_akpq,DEL-CCU,EaseMyTrip,6E,6E-6829,2026-09-20,T+7,14248,3127,17375,2026-09-13T02:41:06.085Z,FALSE,"",17:20,FALSE
fare_DEL-CCU_IX_2026-09-20_T+7_1789268425672_v9kv,DEL-CCU,EaseMyTrip,IX,IX-1070,2026-09-20,T+7,14814,3252,18066,2026-09-13T02:41:06.085Z,FALSE,"",18:20,FALSE
fare_DEL-CCU_IX_2026-09-20_T+7_1789268425672_b8u0,DEL-CCU,EaseMyTrip,IX,IX-5975,2026-09-20,T+7,15085,3311,18396,2026-09-13T02:41:06.085Z,FALSE,"",21:00,FALSE
fare_DEL-CCU_AI_2026-09-20_T+7_1789268425672_furr,DEL-CCU,EaseMyTrip,AI,AI-1755,2026-09-20,T+7,15272,3353,18625,2026-09-13T02:41:06.085Z,FALSE,"",14:30,FALSE
fare_DEL-CCU_AI_2026-09-20_T+7_1789268425672_2duz,DEL-CCU,EaseMyTrip,AI,AI-2757,2026-09-20,T+7,15495,3401,18896,2026-09-13T02:41:06.085Z,FALSE,"",00:15,FALSE
fare_DEL-CCU_6E_2026-09-20_T+7_1789268425672_ofmd,DEL-CCU,EaseMyTrip,6E,6E-208,2026-09-20,T+7,15496,3401,18897,2026-09-13T02:41:06.085Z,FALSE,"",08:30,FALSE
fare_DEL-CCU_6E_2026-09-20_T+7_1789268425672_86ps,DEL-CCU,EaseMyTrip,6E,6E-508,2026-09-20,T+7,15496,3401,18897,2026-09-13T02:41:06.085Z,FALSE,"",08:30,FALSE
fare_DEL-CCU_6E_2026-09-20_T+7_1789268425672_4lc5,DEL-CCU,EaseMyTrip,6E,6E-518,2026-09-20,T+7,15496,3401,18897,2026-09-13T02:41:06.085Z,FALSE,"",08:30,FALSE
fare_DEL-CCU_AI_2026-09-20_T+7_1789268425672_ggp4,DEL-CCU,EaseMyTrip,AI,AI-2945,2026-09-20,T+7,15673,3441,19114,2026-09-13T02:41:06.085Z,FALSE,"",11:00,FALSE
fare_DEL-CCU_6E_2026-09-20_T+7_1789268425672_d6om,DEL-CCU,EaseMyTrip,6E,6E-6282,2026-09-20,T+7,15701,3447,19148,2026-09-13T02:41:06.085Z,FALSE,"",13:30,FALSE
fare_DEL-CCU_AI_2026-09-20_T+7_1789268425672_rmix,DEL-CCU,EaseMyTrip,AI,AI-2409,2026-09-20,T+7,16624,3649,20273,2026-09-13T02:41:06.085Z,FALSE,"",06:00,FALSE
fare_DEL-CCU_AI_2026-09-20_T+7_1789268425672_8v8l,DEL-CCU,EaseMyTrip,AI,AI-2425,2026-09-20,T+7,16685,3662,20347,2026-09-13T02:41:06.085Z,FALSE,"",10:30,FALSE
fare_DEL-CCU_AI_2026-09-20_T+7_1789268425672_8fw2,DEL-CCU,EaseMyTrip,AI,AI-2995,2026-09-20,T+7,16685,3662,20347,2026-09-13T02:41:06.085Z,FALSE,"",10:00,FALSE
fare_DEL-CCU_AI_2026-09-20_T+7_1789268425672_r5ni,DEL-CCU,EaseMyTrip,AI,AI-2927,2026-09-20,T+7,16685,3662,20347,2026-09-13T02:41:06.085Z,FALSE,"",09:30,FALSE
fare_DEL-CCU_AI_2026-09-20_T+7_1789268425672_3tw8,DEL-CCU,EaseMyTrip,AI,AI-2963,2026-09-20,T+7,16685,3662,20347,2026-09-13T02:41:06.085Z,FALSE,"",09:00,FALSE
fare_DEL-CCU_AI_2026-09-20_T+7_1789268425672_xh2r,DEL-CCU,EaseMyTrip,AI,AI-2803,2026-09-20,T+7,16700,3666,20366,2026-09-13T02:41:06.085Z,FALSE,"",06:30,FALSE
fare_DEL-CCU_AI_2026-09-20_T+7_1789268425672_3vfb,DEL-CCU,EaseMyTrip,AI,AI-537,2026-09-20,T+7,16790,3686,20476,2026-09-13T02:41:06.085Z,FALSE,"",15:45,FALSE
fare_DEL-CCU_AI_2026-09-20_T+7_1789268425672_bowu,DEL-CCU,EaseMyTrip,AI,AI-2815,2026-09-20,T+7,17095,3753,20848,2026-09-13T02:41:06.085Z,FALSE,"",07:00,FALSE
fare_DEL-CCU_AI_2026-09-20_T+7_1789268425672_mxbl,DEL-CCU,EaseMyTrip,AI,AI-2653,2026-09-20,T+7,17411,3822,21233,2026-09-13T02:41:06.085Z,FALSE,"",04:30,FALSE
fare_DEL-CCU_AI_2026-09-20_T+7_1789268425672_4n5b,DEL-CCU,EaseMyTrip,AI,AI-2483,2026-09-20,T+7,24420,5361,29781,2026-09-13T02:41:06.085Z,TRUE,"High outlier: ₹29781 > upper fence ₹28927 (Q3: ₹17077, IQR: ₹7900)",12:20,FALSE
fare_DEL-CCU_AI_2026-09-20_T+7_1789268425672_iotg,DEL-CCU,EaseMyTrip,AI,AI-2467,2026-09-20,T+7,25235,5539,30774,2026-09-13T02:41:06.085Z,TRUE,"High outlier: ₹30774 > upper fence ₹28927 (Q3: ₹17077, IQR: ₹7900)",10:00,FALSE
fare_DEL-CCU_AI_2026-09-20_T+7_1789268425672_v4dw,DEL-CCU,EaseMyTrip,AI,AI-1785,2026-09-20,T+7,29570,6491,36061,2026-09-13T02:41:06.085Z,TRUE,"High outlier: ₹36061 > upper fence ₹28927 (Q3: ₹17077, IQR: ₹7900)",12:00,FALSE
fare_DEL-CCU_AI_2026-09-20_T+7_1789268425672_o69m,DEL-CCU,EaseMyTrip,AI,AI-2951,2026-09-20,T+7,36426,7996,44422,2026-09-13T02:41:06.085Z,TRUE,"High outlier: ₹44422 > upper fence ₹28927 (Q3: ₹17077, IQR: ₹7900)",13:30,FALSE
fare_DEL-GAU_IX_2026-09-28_T+15_1789268425673_n4j3,DEL-GAU,EaseMyTrip,IX,IX-1035,2026-09-28,T+15,6740,1480,8220,2026-09-13T02:43:16.625Z,FALSE,"",08:10,TRUE
fare_DEL-GAU_IX_2026-09-28_T+15_1789268425673_yds3,DEL-GAU,EaseMyTrip,IX,IX-1041,2026-09-28,T+15,6740,1480,8220,2026-09-13T02:43:16.625Z,FALSE,"",18:10,TRUE
fare_DEL-GAU_IX_2026-09-28_T+15_1789268425673_70vw,DEL-GAU,EaseMyTrip,IX,IX-1671,2026-09-28,T+15,6740,1480,8220,2026-09-13T02:43:16.625Z,FALSE,"",20:00,TRUE
fare_DEL-GAU_IX_2026-09-28_T+15_1789268425673_chel,DEL-GAU,EaseMyTrip,IX,IX-1085,2026-09-28,T+15,6740,1480,8220,2026-09-13T02:43:16.625Z,FALSE,"",12:55,TRUE
fare_DEL-GAU_IX_2026-09-28_T+15_1789268425673_4p31,DEL-GAU,EaseMyTrip,IX,IX-1069,2026-09-28,T+15,6740,1480,8220,2026-09-13T02:43:16.625Z,FALSE,"",10:40,TRUE
fare_DEL-GAU_IX_2026-09-28_T+15_1789268425673_y34e,DEL-GAU,EaseMyTrip,IX,IX-1032,2026-09-28,T+15,6904,1516,8420,2026-09-13T02:43:16.625Z,FALSE,"",05:45,TRUE
fare_DEL-GAU_6E_2026-09-28_T+15_1789268425673_qqb1,DEL-GAU,EaseMyTrip,6E,6E-6415,2026-09-28,T+15,6715,1474,8189,2026-09-13T02:43:16.625Z,FALSE,"",16:00,FALSE
fare_DEL-GAU_6E_2026-09-28_T+15_1789268425673_1ieh,DEL-GAU,EaseMyTrip,6E,6E-708,2026-09-28,T+15,6715,1474,8189,2026-09-13T02:43:16.625Z,FALSE,"",12:45,FALSE
fare_DEL-GAU_6E_2026-09-28_T+15_1789268425673_9i9n,DEL-GAU,EaseMyTrip,6E,6E-542,2026-09-28,T+15,6715,1474,8189,2026-09-13T02:43:16.625Z,FALSE,"",12:45,FALSE
fare_DEL-GAU_6E_2026-09-28_T+15_1789268425673_p16h,DEL-GAU,EaseMyTrip,6E,6E-5191,2026-09-28,T+15,6715,1474,8189,2026-09-13T02:43:16.625Z,FALSE,"",05:00,FALSE
fare_DEL-GAU_6E_2026-09-28_T+15_1789268425673_ou12,DEL-GAU,EaseMyTrip,6E,6E-997,2026-09-28,T+15,6715,1474,8189,2026-09-13T02:43:16.625Z,FALSE,"",07:20,FALSE
fare_DEL-GAU_6E_2026-09-28_T+15_1789268425673_t906,DEL-GAU,EaseMyTrip,6E,6E-445,2026-09-28,T+15,6715,1474,8189,2026-09-13T02:43:16.625Z,FALSE,"",07:20,FALSE
fare_DEL-GAU_6E_2026-09-28_T+15_1789268425673_9scz,DEL-GAU,EaseMyTrip,6E,6E-307,2026-09-28,T+15,6715,1474,8189,2026-09-13T02:43:16.625Z,FALSE,"",14:25,FALSE
fare_DEL-GAU_6E_2026-09-28_T+15_1789268425673_1fiy,DEL-GAU,EaseMyTrip,6E,6E-378,2026-09-28,T+15,6715,1474,8189,2026-09-13T02:43:16.625Z,FALSE,"",14:25,FALSE
fare_DEL-GAU_6E_2026-09-28_T+15_1789268425673_wobe,DEL-GAU,EaseMyTrip,6E,6E-327,2026-09-28,T+15,6715,1474,8189,2026-09-13T02:43:16.625Z,FALSE,"",10:15,FALSE
fare_DEL-GAU_6E_2026-09-28_T+15_1789268425673_bw7w,DEL-GAU,EaseMyTrip,6E,6E-479,2026-09-28,T+15,6715,1474,8189,2026-09-13T02:43:16.625Z,FALSE,"",10:15,FALSE
fare_DEL-GAU_6E_2026-09-28_T+15_1789268425673_a249,DEL-GAU,EaseMyTrip,6E,6E-337,2026-09-28,T+15,6715,1474,8189,2026-09-13T02:43:16.625Z,FALSE,"",12:45,FALSE
fare_DEL-GAU_6E_2026-09-28_T+15_1789268425673_s5qp,DEL-GAU,EaseMyTrip,6E,6E-623,2026-09-28,T+15,6715,1474,8189,2026-09-13T02:43:16.625Z,FALSE,"",12:45,FALSE
fare_DEL-GAU_6E_2026-09-28_T+15_1789268425673_a4nc,DEL-GAU,EaseMyTrip,6E,6E-466,2026-09-28,T+15,6715,1474,8189,2026-09-13T02:43:16.625Z,FALSE,"",08:30,FALSE
fare_DEL-GAU_6E_2026-09-28_T+15_1789268425673_663o,DEL-GAU,EaseMyTrip,6E,6E-230,2026-09-28,T+15,6715,1474,8189,2026-09-13T02:43:16.625Z,FALSE,"",08:30,FALSE
fare_DEL-GAU_6E_2026-09-28_T+15_1789268425673_gzcc,DEL-GAU,EaseMyTrip,6E,6E-979,2026-09-28,T+15,6715,1474,8189,2026-09-13T02:43:16.625Z,FALSE,"",07:20,FALSE
fare_DEL-GAU_6E_2026-09-28_T+15_1789268425673_5o3x,DEL-GAU,EaseMyTrip,6E,6E-248,2026-09-28,T+15,6715,1474,8189,2026-09-13T02:43:16.625Z,FALSE,"",07:20,FALSE
fare_DEL-GAU_6E_2026-09-28_T+15_1789268425673_8k68,DEL-GAU,EaseMyTrip,6E,6E-107,2026-09-28,T+15,6715,1474,8189,2026-09-13T02:43:16.625Z,FALSE,"",10:15,FALSE
fare_DEL-GAU_6E_2026-09-28_T+15_1789268425673_fce2,DEL-GAU,EaseMyTrip,6E,6E-515,2026-09-28,T+15,6715,1474,8189,2026-09-13T02:43:16.625Z,FALSE,"",10:15,FALSE
fare_DEL-GAU_6E_2026-09-28_T+15_1789268425673_dtwc,DEL-GAU,EaseMyTrip,6E,6E-490,2026-09-28,T+15,6715,1474,8189,2026-09-13T02:43:16.625Z,FALSE,"",23:30,FALSE
fare_DEL-GAU_6E_2026-09-28_T+15_1789268425673_ozyi,DEL-GAU,EaseMyTrip,6E,6E-381,2026-09-28,T+15,6715,1474,8189,2026-09-13T02:43:16.625Z,FALSE,"",23:30,FALSE
fare_DEL-GAU_6E_2026-09-28_T+15_1789268425673_oj84,DEL-GAU,EaseMyTrip,6E,6E-2203,2026-09-28,T+15,6740,1480,8220,2026-09-13T02:43:16.625Z,FALSE,"",04:45,TRUE
fare_DEL-GAU_6E_2026-09-28_T+15_1789268425673_bd62,DEL-GAU,EaseMyTrip,6E,6E-5215,2026-09-28,T+15,6740,1480,8220,2026-09-13T02:43:16.625Z,FALSE,"",07:45,TRUE
fare_DEL-GAU_6E_2026-09-28_T+15_1789268425673_c0u8,DEL-GAU,EaseMyTrip,6E,6E-5041,2026-09-28,T+15,6740,1480,8220,2026-09-13T02:43:16.625Z,FALSE,"",15:10,TRUE
fare_DEL-GAU_6E_2026-09-28_T+15_1789268425673_sjpa,DEL-GAU,EaseMyTrip,6E,6E-6048,2026-09-28,T+15,6740,1480,8220,2026-09-13T02:43:16.625Z,FALSE,"",20:00,TRUE
fare_DEL-GAU_AI_2026-09-28_T+15_1789268425673_1qnj,DEL-GAU,EaseMyTrip,AI,AI-879,2026-09-28,T+15,6904,1516,8420,2026-09-13T02:43:16.625Z,FALSE,"",06:40,TRUE
fare_DEL-GAU_AI_2026-09-28_T+15_1789268425673_ns1c,DEL-GAU,EaseMyTrip,AI,AI-1755,2026-09-28,T+15,6986,1534,8520,2026-09-13T02:43:16.625Z,FALSE,"",14:30,TRUE
fare_DEL-GAU_6E_2026-09-28_T+15_1789268425673_twzy,DEL-GAU,EaseMyTrip,6E,6E-941,2026-09-28,T+15,7214,1584,8798,2026-09-13T02:43:16.625Z,FALSE,"",23:30,FALSE
fare_DEL-GAU_6E_2026-09-28_T+15_1789268425673_q5xy,DEL-GAU,EaseMyTrip,6E,6E-942,2026-09-28,T+15,7214,1584,8798,2026-09-13T02:43:16.625Z,FALSE,"",23:30,FALSE
fare_DEL-GAU_6E_2026-09-28_T+15_1789268425673_f9bx,DEL-GAU,EaseMyTrip,6E,6E-2589,2026-09-28,T+15,7306,1604,8910,2026-09-13T02:43:16.625Z,FALSE,"",15:05,FALSE
fare_DEL-GAU_QP_2026-09-28_T+15_1789268425673_6cbx,DEL-GAU,EaseMyTrip,QP,QP-1112,2026-09-28,T+15,7607,1670,9277,2026-09-13T02:43:16.625Z,FALSE,"",09:20,FALSE
fare_DEL-GAU_QP_2026-09-28_T+15_1789268425673_u1rn,DEL-GAU,EaseMyTrip,QP,QP-1119,2026-09-28,T+15,7607,1670,9277,2026-09-13T02:43:16.625Z,FALSE,"",08:40,FALSE
fare_DEL-GAU_IX_2026-09-28_T+15_1789268425673_ga2t,DEL-GAU,EaseMyTrip,IX,IX-1461,2026-09-28,T+15,8116,1782,9898,2026-09-13T02:43:16.625Z,FALSE,"",05:35,FALSE
fare_DEL-GAU_AI_2026-09-28_T+15_1789268425673_su3q,DEL-GAU,EaseMyTrip,AI,AI-1719,2026-09-28,T+15,7979,1752,9731,2026-09-13T02:43:16.625Z,FALSE,"",11:55,FALSE
fare_DEL-GAU_AI_2026-09-28_T+15_1789268425673_aswb,DEL-GAU,EaseMyTrip,AI,AI-2761,2026-09-28,T+15,7979,1752,9731,2026-09-13T02:43:16.625Z,FALSE,"",16:25,FALSE
fare_DEL-GAU_IX_2026-09-28_T+15_1789268425673_6dk5,DEL-GAU,EaseMyTrip,IX,IX-1001,2026-09-28,T+15,9537,2094,11631,2026-09-13T02:43:16.625Z,FALSE,"",09:00,FALSE
fare_DEL-GAU_AI_2026-09-28_T+15_1789268425673_12gr,DEL-GAU,EaseMyTrip,AI,AI-1714,2026-09-28,T+15,10575,2321,12896,2026-09-13T02:43:16.625Z,FALSE,"",21:00,FALSE
fare_DEL-GAU_AI_2026-09-28_T+15_1789268425673_epjo,DEL-GAU,EaseMyTrip,AI,AI-2707,2026-09-28,T+15,10575,2321,12896,2026-09-13T02:43:16.625Z,FALSE,"",18:00,FALSE
fare_DEL-GAU_AI_2026-09-28_T+15_1789268425673_v1j0,DEL-GAU,EaseMyTrip,AI,AI-1733,2026-09-28,T+15,10575,2321,12896,2026-09-13T02:43:16.625Z,FALSE,"",16:15,FALSE
fare_DEL-GAU_AI_2026-09-28_T+15_1789268425673_j0df,DEL-GAU,EaseMyTrip,AI,AI-2535,2026-09-28,T+15,10575,2321,12896,2026-09-13T02:43:16.625Z,FALSE,"",06:40,FALSE
fare_DEL-GAU_AI_2026-09-28_T+15_1789268425673_ck10,DEL-GAU,EaseMyTrip,AI,AI-2709,2026-09-28,T+15,10704,2350,13054,2026-09-13T02:43:16.625Z,FALSE,"",19:40,FALSE
fare_DEL-GAU_AI_2026-09-28_T+15_1789268425673_6a02,DEL-GAU,EaseMyTrip,AI,AI-1791,2026-09-28,T+15,10704,2350,13054,2026-09-13T02:43:16.625Z,FALSE,"",09:55,FALSE
fare_DEL-GAU_AI_2026-09-28_T+15_1789268425673_1mmm,DEL-GAU,EaseMyTrip,AI,AI-2705,2026-09-28,T+15,10704,2350,13054,2026-09-13T02:43:16.625Z,FALSE,"",07:30,FALSE
fare_DEL-GAU_AI_2026-09-28_T+15_1789268425673_1esc,DEL-GAU,EaseMyTrip,AI,AI-2767,2026-09-28,T+15,11584,2543,14127,2026-09-13T02:43:16.625Z,FALSE,"",13:00,FALSE
fare_DEL-GAU_AI_2026-09-28_T+15_1789268425673_c5si,DEL-GAU,EaseMyTrip,AI,AI-2702,2026-09-28,T+15,12490,2742,15232,2026-09-13T02:43:16.625Z,FALSE,"",02:30,FALSE
fare_DEL-GAU_AI_2026-09-28_T+15_1789268425673_o239,DEL-GAU,EaseMyTrip,AI,AI-2467,2026-09-28,T+15,15186,3333,18519,2026-09-13T02:43:16.625Z,FALSE,"",10:00,FALSE
fare_DEL-GAU_AI_2026-09-28_T+15_1789268425673_syp4,DEL-GAU,EaseMyTrip,AI,AI-2439,2026-09-28,T+15,15457,3393,18850,2026-09-13T02:43:16.625Z,FALSE,"",23:00,FALSE
fare_DEL-GAU_AI_2026-09-28_T+15_1789268425673_m2pj,DEL-GAU,EaseMyTrip,AI,AI-2525,2026-09-28,T+15,17052,3743,20795,2026-09-13T02:43:16.625Z,FALSE,"",06:00,FALSE
fare_DEL-GAU_AI_2026-09-28_T+15_1789268425673_ad48,DEL-GAU,EaseMyTrip,AI,AI-427,2026-09-28,T+15,17350,3809,21159,2026-09-13T02:43:16.625Z,FALSE,"",08:30,FALSE
fare_DEL-GAU_AI_2026-09-28_T+15_1789268425673_ijev,DEL-GAU,EaseMyTrip,AI,AI-2409,2026-09-28,T+15,17420,3824,21244,2026-09-13T02:43:16.625Z,FALSE,"",06:00,FALSE
fare_DEL-GAU_AI_2026-09-28_T+15_1789268425673_mri5,DEL-GAU,EaseMyTrip,AI,AI-2803,2026-09-28,T+15,17558,3854,21412,2026-09-13T02:43:16.625Z,FALSE,"",06:30,FALSE
fare_DEL-GAU_AI_2026-09-28_T+15_1789268425673_bnq8,DEL-GAU,EaseMyTrip,AI,AI-2485,2026-09-28,T+15,17733,3892,21625,2026-09-13T02:43:16.625Z,FALSE,"",10:30,FALSE
fare_DEL-GAU_AI_2026-09-28_T+15_1789268425673_eftc,DEL-GAU,EaseMyTrip,AI,AI-2415,2026-09-28,T+15,17970,3945,21915,2026-09-13T02:43:16.625Z,FALSE,"",09:30,FALSE
fare_DEL-GAU_QP_2026-09-28_T+15_1789268425673_1q6n,DEL-GAU,EaseMyTrip,QP,QP-1812,2026-09-28,T+15,17829,3914,21743,2026-09-13T02:43:16.625Z,FALSE,"",22:55,FALSE
fare_DEL-GAU_AI_2026-09-28_T+15_1789268425673_0fbn,DEL-GAU,EaseMyTrip,AI,AI-2809,2026-09-28,T+15,18730,4111,22841,2026-09-13T02:43:16.625Z,FALSE,"",19:30,FALSE
fare_DEL-GAU_AI_2026-09-28_T+15_1789268425673_1lie,DEL-GAU,EaseMyTrip,AI,AI-2512,2026-09-28,T+15,18730,4111,22841,2026-09-13T02:43:16.625Z,FALSE,"",19:00,FALSE
fare_DEL-GAU_AI_2026-09-28_T+15_1789268425673_4sl9,DEL-GAU,EaseMyTrip,AI,AI-2487,2026-09-28,T+15,18730,4111,22841,2026-09-13T02:43:16.625Z,FALSE,"",18:30,FALSE
fare_DEL-GAU_AI_2026-09-28_T+15_1789268425673_miwf,DEL-GAU,EaseMyTrip,AI,AI-2664,2026-09-28,T+15,18730,4111,22841,2026-09-13T02:43:16.625Z,FALSE,"",15:50,FALSE
fare_DEL-GAU_AI_2026-09-28_T+15_1789268425673_6qmg,DEL-GAU,EaseMyTrip,AI,AI-2817,2026-09-28,T+15,18934,4156,23090,2026-09-13T02:43:16.625Z,FALSE,"",16:30,FALSE
fare_DEL-GAU_AI_2026-09-28_T+15_1789268425673_kgzm,DEL-GAU,EaseMyTrip,AI,AI-2819,2026-09-28,T+15,19211,4217,23428,2026-09-13T02:43:16.625Z,FALSE,"",15:00,FALSE
fare_DEL-GAU_AI_2026-09-28_T+15_1789268425673_sdiy,DEL-GAU,EaseMyTrip,AI,AI-2653,2026-09-28,T+15,20263,4448,24711,2026-09-13T02:43:16.625Z,FALSE,"",04:30,FALSE
fare_DEL-GAU_AI_2026-09-28_T+15_1789268425673_5o06,DEL-GAU,EaseMyTrip,AI,AI-2815,2026-09-28,T+15,21462,4711,26173,2026-09-13T02:43:16.625Z,FALSE,"",07:00,FALSE
fare_DEL-GAU_AI_2026-09-28_T+15_1789268425673_i56z,DEL-GAU,EaseMyTrip,AI,AI-2833,2026-09-28,T+15,22580,4957,27537,2026-09-13T02:43:16.625Z,FALSE,"",07:30,FALSE
fare_DEL-GAU_AI_2026-09-28_T+15_1789268425673_y85j,DEL-GAU,EaseMyTrip,AI,AI-2417,2026-09-28,T+15,25706,5643,31349,2026-09-13T02:43:16.625Z,FALSE,"",13:00,FALSE
fare_DEL-GAU_IX_2026-09-14_T+1_1789268425673_6lgx,DEL-GAU,EaseMyTrip,IX,IX-1035,2026-09-14,T+1,6740,1480,8220,2026-09-13T02:43:04.698Z,FALSE,"",08:10,TRUE
fare_DEL-GAU_IX_2026-09-14_T+1_1789268425673_ib3a,DEL-GAU,EaseMyTrip,IX,IX-1041,2026-09-14,T+1,6740,1480,8220,2026-09-13T02:43:04.698Z,FALSE,"",18:10,TRUE
fare_DEL-GAU_IX_2026-09-14_T+1_1789268425673_cgor,DEL-GAU,EaseMyTrip,IX,IX-1671,2026-09-14,T+1,6740,1480,8220,2026-09-13T02:43:04.698Z,FALSE,"",20:00,TRUE
fare_DEL-GAU_IX_2026-09-14_T+1_1789268425673_ttc4,DEL-GAU,EaseMyTrip,IX,IX-1069,2026-09-14,T+1,6740,1480,8220,2026-09-13T02:43:04.698Z,FALSE,"",10:40,TRUE
fare_DEL-GAU_IX_2026-09-14_T+1_1789268425673_belk,DEL-GAU,EaseMyTrip,IX,IX-1032,2026-09-14,T+1,6740,1480,8220,2026-09-13T02:43:04.698Z,FALSE,"",05:45,TRUE
fare_DEL-GAU_IX_2026-09-14_T+1_1789268425673_6fnu,DEL-GAU,EaseMyTrip,IX,IX-1085,2026-09-14,T+1,6904,1516,8420,2026-09-13T02:43:04.698Z,FALSE,"",12:55,TRUE
fare_DEL-GAU_6E_2026-09-14_T+1_1789268425673_pkb2,DEL-GAU,EaseMyTrip,6E,6E-6415,2026-09-14,T+1,6715,1474,8189,2026-09-13T02:43:04.698Z,FALSE,"",16:00,FALSE
fare_DEL-GAU_6E_2026-09-14_T+1_1789268425673_3ii9,DEL-GAU,EaseMyTrip,6E,6E-798,2026-09-14,T+1,6715,1474,8189,2026-09-13T02:43:04.698Z,FALSE,"",12:45,FALSE
fare_DEL-GAU_6E_2026-09-14_T+1_1789268425673_efxq,DEL-GAU,EaseMyTrip,6E,6E-390,2026-09-14,T+1,6715,1474,8189,2026-09-13T02:43:04.698Z,FALSE,"",12:45,FALSE
fare_DEL-GAU_6E_2026-09-14_T+1_1789268425673_g1ws,DEL-GAU,EaseMyTrip,6E,6E-5191,2026-09-14,T+1,6715,1474,8189,2026-09-13T02:43:04.698Z,FALSE,"",05:00,FALSE
fare_DEL-GAU_6E_2026-09-14_T+1_1789268425673_0u95,DEL-GAU,EaseMyTrip,6E,6E-919,2026-09-14,T+1,6715,1474,8189,2026-09-13T02:43:04.698Z,FALSE,"",07:20,FALSE
fare_DEL-GAU_6E_2026-09-14_T+1_1789268425673_hk4h,DEL-GAU,EaseMyTrip,6E,6E-911,2026-09-14,T+1,6715,1474,8189,2026-09-13T02:43:04.698Z,FALSE,"",07:20,FALSE
fare_DEL-GAU_6E_2026-09-14_T+1_1789268425673_x2rz,DEL-GAU,EaseMyTrip,6E,6E-741,2026-09-14,T+1,6715,1474,8189,2026-09-13T02:43:04.698Z,FALSE,"",14:25,FALSE
fare_DEL-GAU_6E_2026-09-14_T+1_1789268425673_isae,DEL-GAU,EaseMyTrip,6E,6E-707,2026-09-14,T+1,6715,1474,8189,2026-09-13T02:43:04.698Z,FALSE,"",14:25,FALSE
fare_DEL-GAU_6E_2026-09-14_T+1_1789268425673_32ht,DEL-GAU,EaseMyTrip,6E,6E-724,2026-09-14,T+1,6715,1474,8189,2026-09-13T02:43:04.698Z,FALSE,"",12:45,FALSE
fare_DEL-GAU_6E_2026-09-14_T+1_1789268425673_lvf5,DEL-GAU,EaseMyTrip,6E,6E-155,2026-09-14,T+1,6715,1474,8189,2026-09-13T02:43:04.698Z,FALSE,"",12:45,FALSE
fare_DEL-GAU_6E_2026-09-14_T+1_1789268425673_92j5,DEL-GAU,EaseMyTrip,6E,6E-972,2026-09-14,T+1,6715,1474,8189,2026-09-13T02:43:04.698Z,FALSE,"",23:30,FALSE
fare_DEL-GAU_6E_2026-09-14_T+1_1789268425673_6ff7,DEL-GAU,EaseMyTrip,6E,6E-606,2026-09-14,T+1,6715,1474,8189,2026-09-13T02:43:04.698Z,FALSE,"",23:30,FALSE
fare_DEL-GAU_6E_2026-09-14_T+1_1789268425673_scbk,DEL-GAU,EaseMyTrip,6E,6E-2203,2026-09-14,T+1,6740,1480,8220,2026-09-13T02:43:04.698Z,FALSE,"",04:45,TRUE
fare_DEL-GAU_6E_2026-09-14_T+1_1789268425673_4m4v,DEL-GAU,EaseMyTrip,6E,6E-5215,2026-09-14,T+1,6740,1480,8220,2026-09-13T02:43:04.698Z,FALSE,"",07:45,TRUE
fare_DEL-GAU_6E_2026-09-14_T+1_1789268425673_l1m5,DEL-GAU,EaseMyTrip,6E,6E-6048,2026-09-14,T+1,6740,1480,8220,2026-09-13T02:43:04.698Z,FALSE,"",20:00,TRUE
fare_DEL-GAU_AI_2026-09-14_T+1_1789268425673_wfbl,DEL-GAU,EaseMyTrip,AI,AI-879,2026-09-14,T+1,6904,1516,8420,2026-09-13T02:43:04.698Z,FALSE,"",06:40,TRUE
fare_DEL-GAU_AI_2026-09-14_T+1_1789268425673_8jrp,DEL-GAU,EaseMyTrip,AI,AI-1755,2026-09-14,T+1,7150,1570,8720,2026-09-13T02:43:04.698Z,FALSE,"",14:30,TRUE
fare_DEL-GAU_6E_2026-09-14_T+1_1789268425673_gcz5,DEL-GAU,EaseMyTrip,6E,6E-447,2026-09-14,T+1,7214,1584,8798,2026-09-13T02:43:04.698Z,FALSE,"",23:30,FALSE
fare_DEL-GAU_6E_2026-09-14_T+1_1789268425673_miqt,DEL-GAU,EaseMyTrip,6E,6E-870,2026-09-14,T+1,7214,1584,8798,2026-09-13T02:43:04.698Z,FALSE,"",23:30,FALSE
fare_DEL-GAU_6E_2026-09-14_T+1_1789268425673_wjv8,DEL-GAU,EaseMyTrip,6E,6E-2589,2026-09-14,T+1,7306,1604,8910,2026-09-13T02:43:04.698Z,FALSE,"",15:05,FALSE
fare_DEL-GAU_QP_2026-09-14_T+1_1789268425673_8gjq,DEL-GAU,EaseMyTrip,QP,QP-1112,2026-09-14,T+1,7311,1605,8916,2026-09-13T02:43:04.698Z,FALSE,"",09:20,FALSE
fare_DEL-GAU_QP_2026-09-14_T+1_1789268425673_9nee,DEL-GAU,EaseMyTrip,QP,QP-1119,2026-09-14,T+1,7311,1605,8916,2026-09-13T02:43:04.698Z,FALSE,"",08:40,FALSE
fare_DEL-GAU_AI_2026-09-14_T+1_1789268425673_5nqq,DEL-GAU,EaseMyTrip,AI,AI-2761,2026-09-14,T+1,7752,1702,9454,2026-09-13T02:43:04.698Z,FALSE,"",16:25,FALSE
fare_DEL-GAU_6E_2026-09-14_T+1_1789268425673_mfrk,DEL-GAU,EaseMyTrip,6E,6E-5041,2026-09-14,T+1,7642,1678,9320,2026-09-13T02:43:04.698Z,FALSE,"",15:10,TRUE
fare_DEL-GAU_AI_2026-09-14_T+1_1789268425673_kbs0,DEL-GAU,EaseMyTrip,AI,AI-1719,2026-09-14,T+1,9574,2101,11675,2026-09-13T02:43:04.698Z,FALSE,"",11:55,FALSE
fare_DEL-GAU_6E_2026-09-14_T+1_1789268425673_3j9y,DEL-GAU,EaseMyTrip,6E,6E-666,2026-09-14,T+1,10059,2208,12267,2026-09-13T02:43:04.698Z,FALSE,"",07:20,FALSE
fare_DEL-GAU_6E_2026-09-14_T+1_1789268425673_dott,DEL-GAU,EaseMyTrip,6E,6E-827,2026-09-14,T+1,10059,2208,12267,2026-09-13T02:43:04.698Z,FALSE,"",07:20,FALSE
fare_DEL-GAU_AI_2026-09-14_T+1_1789268425673_ji71,DEL-GAU,EaseMyTrip,AI,AI-2535,2026-09-14,T+1,10575,2321,12896,2026-09-13T02:43:04.698Z,FALSE,"",06:40,FALSE
fare_DEL-GAU_AI_2026-09-14_T+1_1789268425673_l9at,DEL-GAU,EaseMyTrip,AI,AI-2702,2026-09-14,T+1,10575,2321,12896,2026-09-13T02:43:04.698Z,FALSE,"",02:30,FALSE
fare_DEL-GAU_6E_2026-09-14_T+1_1789268425673_4p7a,DEL-GAU,EaseMyTrip,6E,6E-598,2026-09-14,T+1,10867,2385,13252,2026-09-13T02:43:04.698Z,FALSE,"",10:15,FALSE
fare_DEL-GAU_6E_2026-09-14_T+1_1789268425673_a3ly,DEL-GAU,EaseMyTrip,6E,6E-864,2026-09-14,T+1,10867,2385,13252,2026-09-13T02:43:04.698Z,FALSE,"",10:15,FALSE
fare_DEL-GAU_AI_2026-09-14_T+1_1789268425673_4it4,DEL-GAU,EaseMyTrip,AI,AI-1714,2026-09-14,T+1,11108,2438,13546,2026-09-13T02:43:04.698Z,FALSE,"",21:00,FALSE
fare_DEL-GAU_AI_2026-09-14_T+1_1789268425673_oeo3,DEL-GAU,EaseMyTrip,AI,AI-2707,2026-09-14,T+1,11108,2438,13546,2026-09-13T02:43:04.698Z,FALSE,"",18:00,FALSE
fare_DEL-GAU_AI_2026-09-14_T+1_1789268425673_4qyo,DEL-GAU,EaseMyTrip,AI,AI-1733,2026-09-14,T+1,11108,2438,13546,2026-09-13T02:43:04.698Z,FALSE,"",16:15,FALSE
fare_DEL-GAU_AI_2026-09-14_T+1_1789268425673_jwqk,DEL-GAU,EaseMyTrip,AI,AI-2709,2026-09-14,T+1,11237,2467,13704,2026-09-13T02:43:04.698Z,FALSE,"",19:40,FALSE
fare_DEL-GAU_AI_2026-09-14_T+1_1789268425673_jvsm,DEL-GAU,EaseMyTrip,AI,AI-2767,2026-09-14,T+1,11237,2467,13704,2026-09-13T02:43:04.698Z,FALSE,"",13:00,FALSE
fare_DEL-GAU_AI_2026-09-14_T+1_1789268425673_m616,DEL-GAU,EaseMyTrip,AI,AI-1791,2026-09-14,T+1,11237,2467,13704,2026-09-13T02:43:04.698Z,FALSE,"",09:55,FALSE
fare_DEL-GAU_6E_2026-09-14_T+1_1789268425673_k1fx,DEL-GAU,EaseMyTrip,6E,6E-527,2026-09-14,T+1,11731,2575,14306,2026-09-13T02:43:04.698Z,FALSE,"",10:15,FALSE
fare_DEL-GAU_6E_2026-09-14_T+1_1789268425673_fzcw,DEL-GAU,EaseMyTrip,6E,6E-379,2026-09-14,T+1,11731,2575,14306,2026-09-13T02:43:04.698Z,FALSE,"",10:15,FALSE
fare_DEL-GAU_6E_2026-09-14_T+1_1789268425673_1o5s,DEL-GAU,EaseMyTrip,6E,6E-937,2026-09-14,T+1,11731,2575,14306,2026-09-13T02:43:04.698Z,FALSE,"",08:30,FALSE
fare_DEL-GAU_6E_2026-09-14_T+1_1789268425673_4gn6,DEL-GAU,EaseMyTrip,6E,6E-761,2026-09-14,T+1,11731,2575,14306,2026-09-13T02:43:04.698Z,FALSE,"",08:30,FALSE
fare_DEL-GAU_AI_2026-09-14_T+1_1789268425673_52kh,DEL-GAU,EaseMyTrip,AI,AI-2705,2026-09-14,T+1,13282,2915,16197,2026-09-13T02:43:04.698Z,FALSE,"",07:30,FALSE
fare_DEL-GAU_IX_2026-09-14_T+1_1789268425673_18x5,DEL-GAU,EaseMyTrip,IX,IX-1461,2026-09-14,T+1,14890,3269,18159,2026-09-13T02:43:04.698Z,FALSE,"",05:35,FALSE
fare_DEL-GAU_AI_2026-09-14_T+1_1789268425673_lnne,DEL-GAU,EaseMyTrip,AI,AI-441,2026-09-14,T+1,15457,3393,18850,2026-09-13T02:43:04.698Z,FALSE,"",17:00,FALSE
fare_DEL-GAU_AI_2026-09-14_T+1_1789268425673_s2pu,DEL-GAU,EaseMyTrip,AI,AI-1777,2026-09-14,T+1,15457,3393,18850,2026-09-13T02:43:04.698Z,FALSE,"",16:00,FALSE
fare_DEL-GAU_QP_2026-09-14_T+1_1789268425673_2br0,DEL-GAU,EaseMyTrip,QP,QP-1812,2026-09-14,T+1,15418,3384,18802,2026-09-13T02:43:04.698Z,FALSE,"",22:55,FALSE
fare_DEL-GAU_AI_2026-09-14_T+1_1789268425673_083v,DEL-GAU,EaseMyTrip,AI,AI-2653,2026-09-14,T+1,16328,3584,19912,2026-09-13T02:43:04.698Z,FALSE,"",04:30,FALSE
fare_DEL-GAU_AI_2026-09-14_T+1_1789268425673_h65e,DEL-GAU,EaseMyTrip,AI,AI-2439,2026-09-14,T+1,16662,3657,20319,2026-09-13T02:43:04.698Z,FALSE,"",23:00,FALSE
fare_DEL-GAU_AI_2026-09-14_T+1_1789268425673_iijq,DEL-GAU,EaseMyTrip,AI,AI-2433,2026-09-14,T+1,16662,3657,20319,2026-09-13T02:43:04.698Z,FALSE,"",21:30,FALSE
fare_DEL-GAU_AI_2026-09-14_T+1_1789268425673_iwmc,DEL-GAU,EaseMyTrip,AI,AI-2815,2026-09-14,T+1,16735,3674,20409,2026-09-13T02:43:04.698Z,FALSE,"",07:00,FALSE
fare_DEL-GAU_AI_2026-09-14_T+1_1789268425673_xgse,DEL-GAU,EaseMyTrip,AI,AI-2803,2026-09-14,T+1,16943,3719,20662,2026-09-13T02:43:04.698Z,FALSE,"",06:30,FALSE
fare_DEL-GAU_AI_2026-09-14_T+1_1789268425673_m87x,DEL-GAU,EaseMyTrip,AI,AI-2409,2026-09-14,T+1,17431,3826,21257,2026-09-13T02:43:04.698Z,FALSE,"",06:00,FALSE
fare_DEL-GAU_AI_2026-09-14_T+1_1789268425673_oves,DEL-GAU,EaseMyTrip,AI,AI-2467,2026-09-14,T+1,17473,3836,21309,2026-09-13T02:43:04.698Z,FALSE,"",10:00,FALSE
fare_DEL-GAU_AI_2026-09-14_T+1_1789268425673_vtkk,DEL-GAU,EaseMyTrip,AI,AI-2525,2026-09-14,T+1,17605,3864,21469,2026-09-13T02:43:04.698Z,FALSE,"",06:00,FALSE
fare_DEL-GAU_AI_2026-09-14_T+1_1789268425673_jfcv,DEL-GAU,EaseMyTrip,AI,AI-2833,2026-09-14,T+1,17801,3907,21708,2026-09-13T02:43:04.698Z,FALSE,"",07:30,FALSE
fare_DEL-GAU_AI_2026-09-14_T+1_1789268425673_dhjz,DEL-GAU,EaseMyTrip,AI,AI-427,2026-09-14,T+1,18176,3990,22166,2026-09-13T02:43:04.698Z,FALSE,"",08:30,FALSE
fare_DEL-GAU_AI_2026-09-14_T+1_1789268425673_lgi6,DEL-GAU,EaseMyTrip,AI,AI-2943,2026-09-14,T+1,18287,4014,22301,2026-09-13T02:43:04.698Z,FALSE,"",07:30,FALSE
fare_DEL-GAU_AI_2026-09-14_T+1_1789268425673_wxoy,DEL-GAU,EaseMyTrip,AI,AI-2429,2026-09-14,T+1,18287,4014,22301,2026-09-13T02:43:04.698Z,FALSE,"",07:00,FALSE
fare_DEL-GAU_AI_2026-09-14_T+1_1789268425673_fpc5,DEL-GAU,EaseMyTrip,AI,AI-2415,2026-09-14,T+1,19363,4251,23614,2026-09-13T02:43:04.698Z,FALSE,"",09:30,FALSE
fare_DEL-GAU_AI_2026-09-14_T+1_1789268425673_gj31,DEL-GAU,EaseMyTrip,AI,AI-2485,2026-09-14,T+1,19554,4292,23846,2026-09-13T02:43:04.698Z,FALSE,"",10:30,FALSE
fare_DEL-GAU_IX_2026-09-14_T+1_1789268425673_jb84,DEL-GAU,EaseMyTrip,IX,IX-1001,2026-09-14,T+1,21919,4812,26731,2026-09-13T02:43:04.698Z,FALSE,"",09:00,FALSE
fare_DEL-GAU_AI_2026-09-14_T+1_1789268425673_zc1c,DEL-GAU,EaseMyTrip,AI,AI-2809,2026-09-14,T+1,24681,5418,30099,2026-09-13T02:43:04.698Z,FALSE,"",19:30,FALSE
fare_DEL-GAU_AI_2026-09-14_T+1_1789268425673_8fue,DEL-GAU,EaseMyTrip,AI,AI-2512,2026-09-14,T+1,27397,6014,33411,2026-09-13T02:43:04.698Z,FALSE,"",19:00,FALSE
fare_DEL-GAU_AI_2026-09-14_T+1_1789268425673_dxs6,DEL-GAU,EaseMyTrip,AI,AI-2487,2026-09-14,T+1,27397,6014,33411,2026-09-13T02:43:04.698Z,FALSE,"",18:30,FALSE
fare_DEL-GAU_AI_2026-09-14_T+1_1789268425673_godd,DEL-GAU,EaseMyTrip,AI,AI-2817,2026-09-14,T+1,27397,6014,33411,2026-09-13T02:43:04.698Z,FALSE,"",16:30,FALSE
fare_DEL-GAU_AI_2026-09-14_T+1_1789268425673_2x8o,DEL-GAU,EaseMyTrip,AI,AI-2664,2026-09-14,T+1,27397,6014,33411,2026-09-13T02:43:04.698Z,FALSE,"",15:50,FALSE
fare_DEL-GAU_AI_2026-09-14_T+1_1789268425673_b0oz,DEL-GAU,EaseMyTrip,AI,AI-2819,2026-09-14,T+1,27397,6014,33411,2026-09-13T02:43:04.698Z,FALSE,"",15:00,FALSE
fare_DEL-GAU_IX_2026-10-13_T+30_1789268425673_m6jk,DEL-GAU,EaseMyTrip,IX,IX-1035,2026-10-13,T+30,7306,1604,8910,2026-09-13T02:43:22.793Z,FALSE,"",08:10,TRUE
fare_DEL-GAU_IX_2026-10-13_T+30_1789268425673_z30j,DEL-GAU,EaseMyTrip,IX,IX-1041,2026-10-13,T+30,7306,1604,8910,2026-09-13T02:43:22.793Z,FALSE,"",08:45,TRUE
fare_DEL-GAU_IX_2026-10-13_T+30_1789268425673_l63z,DEL-GAU,EaseMyTrip,IX,IX-1032,2026-10-13,T+30,7306,1604,8910,2026-09-13T02:43:22.793Z,FALSE,"",05:45,TRUE
fare_DEL-GAU_6E_2026-10-13_T+30_1789268425673_6isd,DEL-GAU,EaseMyTrip,6E,6E-6211,2026-10-13,T+30,7003,1537,8540,2026-09-13T02:43:22.793Z,FALSE,"",09:10,FALSE
fare_DEL-GAU_IX_2026-10-13_T+30_1789268425673_6jbc,DEL-GAU,EaseMyTrip,IX,IX-1671,2026-10-13,T+30,7642,1678,9320,2026-09-13T02:43:22.793Z,FALSE,"",19:55,TRUE
fare_DEL-GAU_IX_2026-10-13_T+30_1789268425673_7gyo,DEL-GAU,EaseMyTrip,IX,IX-1069,2026-10-13,T+30,7642,1678,9320,2026-09-13T02:43:22.793Z,FALSE,"",10:45,TRUE
fare_DEL-GAU_IX_2026-10-13_T+30_1789268425673_6rpj,DEL-GAU,EaseMyTrip,IX,IX-1085,2026-10-13,T+30,7642,1678,9320,2026-09-13T02:43:22.793Z,FALSE,"",12:55,TRUE
fare_DEL-GAU_QP_2026-10-13_T+30_1789268425673_upds,DEL-GAU,EaseMyTrip,QP,QP-1110,2026-10-13,T+30,7607,1670,9277,2026-09-13T02:43:22.793Z,FALSE,"",10:00,FALSE
fare_DEL-GAU_QP_2026-10-13_T+30_1789268425673_jv7p,DEL-GAU,EaseMyTrip,QP,QP-1119,2026-10-13,T+30,7607,1670,9277,2026-09-13T02:43:22.793Z,FALSE,"",08:40,FALSE
fare_DEL-GAU_6E_2026-10-13_T+30_1789268425673_g7gj,DEL-GAU,EaseMyTrip,6E,6E-2316,2026-10-13,T+30,7642,1678,9320,2026-09-13T02:43:22.793Z,FALSE,"",17:30,TRUE
fare_DEL-GAU_6E_2026-10-13_T+30_1789268425673_4eq4,DEL-GAU,EaseMyTrip,6E,6E-5215,2026-10-13,T+30,7642,1678,9320,2026-09-13T02:43:22.793Z,FALSE,"",07:40,TRUE
fare_DEL-GAU_AI_2026-10-13_T+30_1789268425673_f5pw,DEL-GAU,EaseMyTrip,AI,AI-879,2026-10-13,T+30,7888,1732,9620,2026-09-13T02:43:22.793Z,FALSE,"",06:40,TRUE
fare_DEL-GAU_6E_2026-10-13_T+30_1789268425673_yei5,DEL-GAU,EaseMyTrip,6E,6E-6048,2026-10-13,T+30,8052,1768,9820,2026-09-13T02:43:22.793Z,FALSE,"",20:00,TRUE
fare_DEL-GAU_6E_2026-10-13_T+30_1789268425673_faqm,DEL-GAU,EaseMyTrip,6E,6E-2203,2026-10-13,T+30,8503,1867,10370,2026-09-13T02:43:22.793Z,FALSE,"",04:45,TRUE
fare_DEL-GAU_6E_2026-10-13_T+30_1789268425673_vryh,DEL-GAU,EaseMyTrip,6E,6E-5041,2026-10-13,T+30,8503,1867,10370,2026-09-13T02:43:22.793Z,FALSE,"",15:10,TRUE
fare_DEL-GAU_AI_2026-10-13_T+30_1789268425673_wfec,DEL-GAU,EaseMyTrip,AI,AI-1755,2026-10-13,T+30,9177,2015,11192,2026-09-13T02:43:22.793Z,FALSE,"",14:30,TRUE
fare_DEL-GAU_AI_2026-10-13_T+30_1789268425673_vo75,DEL-GAU,EaseMyTrip,AI,AI-1719,2026-10-13,T+30,9458,2076,11534,2026-09-13T02:43:22.793Z,FALSE,"",11:55,FALSE
fare_DEL-GAU_IX_2026-10-13_T+30_1789268425673_twbc,DEL-GAU,EaseMyTrip,IX,IX-1461,2026-10-13,T+30,9589,2105,11694,2026-09-13T02:43:22.793Z,FALSE,"",05:35,FALSE
fare_DEL-GAU_6E_2026-10-13_T+30_1789268425673_9udp,DEL-GAU,EaseMyTrip,6E,6E-2589,2026-10-13,T+30,9740,2138,11878,2026-09-13T02:43:22.793Z,FALSE,"",15:05,FALSE
fare_DEL-GAU_6E_2026-10-13_T+30_1789268425673_6ll3,DEL-GAU,EaseMyTrip,6E,6E-422,2026-10-13,T+30,10717,2353,13070,2026-09-13T02:43:22.793Z,FALSE,"",02:45,FALSE
fare_DEL-GAU_6E_2026-10-13_T+30_1789268425673_wx7i,DEL-GAU,EaseMyTrip,6E,6E-677,2026-10-13,T+30,10717,2353,13070,2026-09-13T02:43:22.793Z,FALSE,"",02:45,FALSE
fare_DEL-GAU_6E_2026-10-13_T+30_1789268425673_wxp6,DEL-GAU,EaseMyTrip,6E,6E-569,2026-10-13,T+30,11008,2416,13424,2026-09-13T02:43:22.793Z,FALSE,"",02:45,FALSE
fare_DEL-GAU_6E_2026-10-13_T+30_1789268425673_6qcr,DEL-GAU,EaseMyTrip,6E,6E-278,2026-10-13,T+30,11008,2416,13424,2026-09-13T02:43:22.793Z,FALSE,"",02:45,FALSE
fare_DEL-GAU_6E_2026-10-13_T+30_1789268425673_hcwu,DEL-GAU,EaseMyTrip,6E,6E-867,2026-10-13,T+30,11008,2416,13424,2026-09-13T02:43:22.793Z,FALSE,"",02:45,FALSE
fare_DEL-GAU_6E_2026-10-13_T+30_1789268425673_w31u,DEL-GAU,EaseMyTrip,6E,6E-189,2026-10-13,T+30,11008,2416,13424,2026-09-13T02:43:22.793Z,FALSE,"",02:45,FALSE
fare_DEL-GAU_6E_2026-10-13_T+30_1789268425673_w7jb,DEL-GAU,EaseMyTrip,6E,6E-949,2026-10-13,T+30,11327,2487,13814,2026-09-13T02:43:22.793Z,FALSE,"",02:45,FALSE
fare_DEL-GAU_6E_2026-10-13_T+30_1789268425673_1nzu,DEL-GAU,EaseMyTrip,6E,6E-130,2026-10-13,T+30,11327,2487,13814,2026-09-13T02:43:22.793Z,FALSE,"",02:45,FALSE
fare_DEL-GAU_6E_2026-10-13_T+30_1789268425673_lxi4,DEL-GAU,EaseMyTrip,6E,6E-237,2026-10-13,T+30,11327,2487,13814,2026-09-13T02:43:22.793Z,FALSE,"",02:45,FALSE
fare_DEL-GAU_6E_2026-10-13_T+30_1789268425673_7g3p,DEL-GAU,EaseMyTrip,6E,6E-359,2026-10-13,T+30,11327,2487,13814,2026-09-13T02:43:22.793Z,FALSE,"",02:45,FALSE
fare_DEL-GAU_6E_2026-10-13_T+30_1789268425673_69fv,DEL-GAU,EaseMyTrip,6E,6E-6415,2026-10-13,T+30,12039,2643,14682,2026-09-13T02:43:22.793Z,FALSE,"",16:00,FALSE
fare_DEL-GAU_6E_2026-10-13_T+30_1789268425673_tazc,DEL-GAU,EaseMyTrip,6E,6E-180,2026-10-13,T+30,12039,2643,14682,2026-09-13T02:43:22.793Z,FALSE,"",12:45,FALSE
fare_DEL-GAU_6E_2026-10-13_T+30_1789268425673_a9ts,DEL-GAU,EaseMyTrip,6E,6E-820,2026-10-13,T+30,12039,2643,14682,2026-09-13T02:43:22.793Z,FALSE,"",12:45,FALSE
fare_DEL-GAU_6E_2026-10-13_T+30_1789268425673_cppj,DEL-GAU,EaseMyTrip,6E,6E-5191,2026-10-13,T+30,12039,2643,14682,2026-09-13T02:43:22.793Z,FALSE,"",05:00,FALSE
fare_DEL-GAU_6E_2026-10-13_T+30_1789268425673_bjoe,DEL-GAU,EaseMyTrip,6E,6E-990,2026-10-13,T+30,12330,2706,15036,2026-09-13T02:43:22.793Z,FALSE,"",12:45,FALSE
fare_DEL-GAU_6E_2026-10-13_T+30_1789268425673_z5vr,DEL-GAU,EaseMyTrip,6E,6E-651,2026-10-13,T+30,12330,2706,15036,2026-09-13T02:43:22.793Z,FALSE,"",12:45,FALSE
fare_DEL-GAU_AI_2026-10-13_T+30_1789268425673_j5bs,DEL-GAU,EaseMyTrip,AI,AI-2702,2026-10-13,T+30,13081,2871,15952,2026-09-13T02:43:22.793Z,FALSE,"",02:30,FALSE
fare_DEL-GAU_6E_2026-10-13_T+30_1789268425673_dfvp,DEL-GAU,EaseMyTrip,6E,6E-312,2026-10-13,T+30,13068,2868,15936,2026-09-13T02:43:22.793Z,FALSE,"",23:30,FALSE
fare_DEL-GAU_6E_2026-10-13_T+30_1789268425673_qg0x,DEL-GAU,EaseMyTrip,6E,6E-418,2026-10-13,T+30,13068,2868,15936,2026-09-13T02:43:22.793Z,FALSE,"",23:30,FALSE
fare_DEL-GAU_6E_2026-10-13_T+30_1789268425673_zug6,DEL-GAU,EaseMyTrip,6E,6E-534,2026-10-13,T+30,13068,2868,15936,2026-09-13T02:43:22.793Z,FALSE,"",23:30,FALSE
fare_DEL-GAU_6E_2026-10-13_T+30_1789268425673_2my5,DEL-GAU,EaseMyTrip,6E,6E-790,2026-10-13,T+30,13068,2868,15936,2026-09-13T02:43:22.793Z,FALSE,"",23:30,FALSE
fare_DEL-GAU_6E_2026-10-13_T+30_1789268425673_do31,DEL-GAU,EaseMyTrip,6E,6E-993,2026-10-13,T+30,13789,3027,16816,2026-09-13T02:43:22.793Z,FALSE,"",21:50,FALSE
fare_DEL-GAU_6E_2026-10-13_T+30_1789268425673_cdqh,DEL-GAU,EaseMyTrip,6E,6E-535,2026-10-13,T+30,14647,3215,17862,2026-09-13T02:43:22.793Z,FALSE,"",08:30,FALSE
fare_DEL-GAU_6E_2026-10-13_T+30_1789268425673_x20g,DEL-GAU,EaseMyTrip,6E,6E-308,2026-10-13,T+30,14647,3215,17862,2026-09-13T02:43:22.793Z,FALSE,"",08:30,FALSE
fare_DEL-GAU_6E_2026-10-13_T+30_1789268425673_dwvt,DEL-GAU,EaseMyTrip,6E,6E-711,2026-10-13,T+30,14647,3215,17862,2026-09-13T02:43:22.793Z,FALSE,"",14:25,FALSE
fare_DEL-GAU_6E_2026-10-13_T+30_1789268425673_ipsg,DEL-GAU,EaseMyTrip,6E,6E-856,2026-10-13,T+30,14647,3215,17862,2026-09-13T02:43:22.793Z,FALSE,"",14:25,FALSE
fare_DEL-GAU_6E_2026-10-13_T+30_1789268425673_h6qn,DEL-GAU,EaseMyTrip,6E,6E-657,2026-10-13,T+30,14647,3215,17862,2026-09-13T02:43:22.793Z,FALSE,"",07:20,FALSE
fare_DEL-GAU_6E_2026-10-13_T+30_1789268425673_g9hl,DEL-GAU,EaseMyTrip,6E,6E-410,2026-10-13,T+30,14647,3215,17862,2026-09-13T02:43:22.793Z,FALSE,"",07:20,FALSE
fare_DEL-GAU_6E_2026-10-13_T+30_1789268425673_tcpy,DEL-GAU,EaseMyTrip,6E,6E-470,2026-10-13,T+30,14647,3215,17862,2026-09-13T02:43:22.793Z,FALSE,"",10:15,FALSE
fare_DEL-GAU_6E_2026-10-13_T+30_1789268425673_k8dv,DEL-GAU,EaseMyTrip,6E,6E-556,2026-10-13,T+30,14647,3215,17862,2026-09-13T02:43:22.793Z,FALSE,"",10:15,FALSE
fare_DEL-GAU_6E_2026-10-13_T+30_1789268425673_1glv,DEL-GAU,EaseMyTrip,6E,6E-436,2026-10-13,T+30,14937,3279,18216,2026-09-13T02:43:22.793Z,FALSE,"",07:20,FALSE
fare_DEL-GAU_6E_2026-10-13_T+30_1789268425673_vgb3,DEL-GAU,EaseMyTrip,6E,6E-741,2026-10-13,T+30,14937,3279,18216,2026-09-13T02:43:22.793Z,FALSE,"",07:20,FALSE
fare_DEL-GAU_6E_2026-10-13_T+30_1789268425673_eh5j,DEL-GAU,EaseMyTrip,6E,6E-865,2026-10-13,T+30,14937,3279,18216,2026-09-13T02:43:22.793Z,FALSE,"",10:15,FALSE
fare_DEL-GAU_6E_2026-10-13_T+30_1789268425673_i0ox,DEL-GAU,EaseMyTrip,6E,6E-684,2026-10-13,T+30,14937,3279,18216,2026-09-13T02:43:22.793Z,FALSE,"",10:15,FALSE
fare_DEL-GAU_6E_2026-10-13_T+30_1789268425673_67sg,DEL-GAU,EaseMyTrip,6E,6E-806,2026-10-13,T+30,14937,3279,18216,2026-09-13T02:43:22.793Z,FALSE,"",08:30,FALSE
fare_DEL-GAU_6E_2026-10-13_T+30_1789268425673_tgwc,DEL-GAU,EaseMyTrip,6E,6E-454,2026-10-13,T+30,14937,3279,18216,2026-09-13T02:43:22.793Z,FALSE,"",08:30,FALSE
fare_DEL-GAU_6E_2026-10-13_T+30_1789268425673_ebok,DEL-GAU,EaseMyTrip,6E,6E-319,2026-10-13,T+30,14937,3279,18216,2026-09-13T02:43:22.793Z,FALSE,"",07:20,FALSE
fare_DEL-GAU_AI_2026-10-13_T+30_1789268425673_zyy7,DEL-GAU,EaseMyTrip,AI,AI-2513,2026-10-13,T+30,15131,3321,18452,2026-09-13T02:43:22.793Z,FALSE,"",12:10,FALSE
fare_DEL-GAU_AI_2026-10-13_T+30_1789268425673_irr7,DEL-GAU,EaseMyTrip,AI,AI-1733,2026-10-13,T+30,16157,3547,19704,2026-09-13T02:43:22.793Z,FALSE,"",16:15,FALSE
fare_DEL-GAU_AI_2026-10-13_T+30_1789268425673_0v2w,DEL-GAU,EaseMyTrip,AI,AI-2767,2026-10-13,T+30,17020,3736,20756,2026-09-13T02:43:22.793Z,FALSE,"",13:00,FALSE
fare_DEL-GAU_AI_2026-10-13_T+30_1789268425673_peha,DEL-GAU,EaseMyTrip,AI,AI-2709,2026-10-13,T+30,18321,4022,22343,2026-09-13T02:43:22.793Z,FALSE,"",19:40,FALSE
fare_DEL-GAU_AI_2026-10-13_T+30_1789268425673_yv2b,DEL-GAU,EaseMyTrip,AI,AI-2707,2026-10-13,T+30,18321,4022,22343,2026-09-13T02:43:22.793Z,FALSE,"",18:00,FALSE
fare_DEL-GAU_AI_2026-10-13_T+30_1789268425673_jnx8,DEL-GAU,EaseMyTrip,AI,AI-2895,2026-10-13,T+30,19690,4322,24012,2026-09-13T02:43:22.793Z,FALSE,"",21:55,FALSE
fare_DEL-GAU_AI_2026-10-13_T+30_1789268425673_cps7,DEL-GAU,EaseMyTrip,AI,AI-2835,2026-10-13,T+30,19690,4322,24012,2026-09-13T02:43:22.793Z,FALSE,"",19:30,FALSE
fare_DEL-GAU_AI_2026-10-13_T+30_1789268425673_3zj2,DEL-GAU,EaseMyTrip,AI,AI-2837,2026-10-13,T+30,19690,4322,24012,2026-09-13T02:43:22.793Z,FALSE,"",18:00,FALSE
fare_DEL-GAU_AI_2026-10-13_T+30_1789268425673_ycx5,DEL-GAU,EaseMyTrip,AI,AI-2483,2026-10-13,T+30,19690,4322,24012,2026-09-13T02:43:22.793Z,FALSE,"",12:20,FALSE
fare_DEL-GAU_AI_2026-10-13_T+30_1789268425673_e9ag,DEL-GAU,EaseMyTrip,AI,AI-2705,2026-10-13,T+30,19879,4364,24243,2026-09-13T02:43:22.793Z,FALSE,"",07:30,FALSE
fare_DEL-GAU_AI_2026-10-13_T+30_1789268425673_l50m,DEL-GAU,EaseMyTrip,AI,AI-2535,2026-10-13,T+30,19879,4364,24243,2026-09-13T02:43:22.793Z,FALSE,"",06:40,FALSE
fare_DEL-GAU_QP_2026-10-13_T+30_1789268425673_5y22,DEL-GAU,EaseMyTrip,QP,QP-1812,2026-10-13,T+30,20733,4551,25284,2026-09-13T02:43:22.793Z,FALSE,"",22:55,FALSE
fare_DEL-GAU_AI_2026-10-13_T+30_1789268425673_6eyw,DEL-GAU,EaseMyTrip,AI,AI-2653,2026-10-13,T+30,21234,4661,25895,2026-09-13T02:43:22.793Z,FALSE,"",04:30,FALSE
fare_DEL-GAU_AI_2026-10-13_T+30_1789268425673_sd78,DEL-GAU,EaseMyTrip,AI,AI-2757,2026-10-13,T+30,21234,4661,25895,2026-09-13T02:43:22.793Z,FALSE,"",00:15,FALSE
fare_DEL-GAU_AI_2026-10-13_T+30_1789268425673_zuu0,DEL-GAU,EaseMyTrip,AI,AI-427,2026-10-13,T+30,21234,4661,25895,2026-09-13T02:43:22.793Z,FALSE,"",08:30,FALSE
fare_DEL-GAU_AI_2026-10-13_T+30_1789268425673_i4nw,DEL-GAU,EaseMyTrip,AI,AI-2815,2026-10-13,T+30,21234,4661,25895,2026-09-13T02:43:22.793Z,FALSE,"",07:00,FALSE
fare_DEL-GAU_AI_2026-10-13_T+30_1789268425673_n7fs,DEL-GAU,EaseMyTrip,AI,AI-2803,2026-10-13,T+30,21234,4661,25895,2026-09-13T02:43:22.793Z,FALSE,"",06:30,FALSE
fare_DEL-GAU_AI_2026-10-13_T+30_1789268425673_nf9y,DEL-GAU,EaseMyTrip,AI,AI-2409,2026-10-13,T+30,21234,4661,25895,2026-09-13T02:43:22.793Z,FALSE,"",06:00,FALSE
fare_DEL-GAU_AI_2026-10-13_T+30_1789268425673_ee5l,DEL-GAU,EaseMyTrip,AI,AI-2512,2026-10-13,T+30,21234,4661,25895,2026-09-13T02:43:22.793Z,FALSE,"",19:00,FALSE
fare_DEL-GAU_AI_2026-10-13_T+30_1789268425673_gpic,DEL-GAU,EaseMyTrip,AI,AI-2813,2026-10-13,T+30,21234,4661,25895,2026-09-13T02:43:22.793Z,FALSE,"",18:00,FALSE
fare_DEL-GAU_AI_2026-10-13_T+30_1789268425673_e3t4,DEL-GAU,EaseMyTrip,AI,AI-2664,2026-10-13,T+30,21234,4661,25895,2026-09-13T02:43:22.793Z,FALSE,"",15:50,FALSE
fare_DEL-GAU_AI_2026-10-13_T+30_1789268425673_wkzg,DEL-GAU,EaseMyTrip,AI,AI-2485,2026-10-13,T+30,21468,4713,26181,2026-09-13T02:43:22.793Z,FALSE,"",10:30,FALSE
fare_DEL-GAU_AI_2026-10-13_T+30_1789268425673_0a9c,DEL-GAU,EaseMyTrip,AI,AI-2809,2026-10-13,T+30,21468,4713,26181,2026-09-13T02:43:22.793Z,FALSE,"",19:30,FALSE
fare_DEL-GAU_AI_2026-10-13_T+30_1789268425673_4o9s,DEL-GAU,EaseMyTrip,AI,AI-2487,2026-10-13,T+30,21468,4713,26181,2026-09-13T02:43:22.793Z,FALSE,"",18:30,FALSE
fare_DEL-GAU_AI_2026-10-13_T+30_1789268425673_qr40,DEL-GAU,EaseMyTrip,AI,AI-2817,2026-10-13,T+30,22233,4881,27114,2026-09-13T02:43:22.793Z,FALSE,"",16:30,FALSE
fare_DEL-GAU_AI_2026-10-13_T+30_1789268425673_zhil,DEL-GAU,EaseMyTrip,AI,AI-2819,2026-10-13,T+30,22393,4915,27308,2026-09-13T02:43:22.793Z,FALSE,"",15:00,FALSE
fare_DEL-GAU_AI_2026-10-13_T+30_1789268425673_e6yh,DEL-GAU,EaseMyTrip,AI,AI-1791,2026-10-13,T+30,22503,4940,27443,2026-09-13T02:43:22.793Z,FALSE,"",09:55,FALSE
fare_DEL-GAU_AI_2026-10-13_T+30_1789268425673_l2xd,DEL-GAU,EaseMyTrip,AI,AI-2417,2026-10-13,T+30,24001,5268,29269,2026-09-13T02:43:22.793Z,FALSE,"",13:00,FALSE
fare_DEL-GAU_AI_2026-10-13_T+30_1789268425673_mhhn,DEL-GAU,EaseMyTrip,AI,AI-2833,2026-10-13,T+30,24274,5328,29602,2026-09-13T02:43:22.793Z,FALSE,"",07:30,FALSE
fare_DEL-GAU_AI_2026-10-13_T+30_1789268425673_00xj,DEL-GAU,EaseMyTrip,AI,AI-2525,2026-10-13,T+30,24274,5328,29602,2026-09-13T02:43:22.793Z,FALSE,"",06:00,FALSE
fare_DEL-GAU_AI_2026-10-13_T+30_1789268425673_5sbp,DEL-GAU,EaseMyTrip,AI,AI-2467,2026-10-13,T+30,25073,5504,30577,2026-09-13T02:43:22.793Z,FALSE,"",10:00,FALSE
fare_DEL-GAU_IX_2026-10-28_T+45_1789268425674_zfua,DEL-GAU,EaseMyTrip,IX,IX-1672,2026-10-28,T+45,6740,1480,8220,2026-09-13T02:43:28.679Z,FALSE,"",07:15,TRUE
fare_DEL-GAU_IX_2026-10-28_T+45_1789268425674_smbb,DEL-GAU,EaseMyTrip,IX,IX-1084,2026-10-28,T+45,6740,1480,8220,2026-09-13T02:43:28.679Z,FALSE,"",17:05,TRUE
fare_DEL-GAU_IX_2026-10-28_T+45_1789268425674_zsew,DEL-GAU,EaseMyTrip,IX,IX-1032,2026-10-28,T+45,6740,1480,8220,2026-09-13T02:43:28.679Z,FALSE,"",06:15,TRUE
fare_DEL-GAU_SG_2026-10-28_T+45_1789268425674_gsd2,DEL-GAU,EaseMyTrip,SG,SG-925,2026-10-28,T+45,6740,1479,8219,2026-09-13T02:43:28.679Z,FALSE,"",06:00,TRUE
fare_DEL-GAU_SG_2026-10-28_T+45_1789268425674_bkos,DEL-GAU,EaseMyTrip,SG,SG-597,2026-10-28,T+45,6740,1479,8219,2026-09-13T02:43:28.679Z,FALSE,"",06:00,TRUE
fare_DEL-GAU_SG_2026-10-28_T+45_1789268425674_a0w2,DEL-GAU,EaseMyTrip,SG,SG-707,2026-10-28,T+45,6740,1479,8219,2026-09-13T02:43:28.679Z,FALSE,"",13:45,TRUE
fare_DEL-GAU_SG_2026-10-28_T+45_1789268425674_f8ck,DEL-GAU,EaseMyTrip,SG,SG-833,2026-10-28,T+45,6740,1479,8219,2026-09-13T02:43:28.679Z,FALSE,"",13:45,TRUE
fare_DEL-GAU_IX_2026-10-28_T+45_1789268425674_b1ys,DEL-GAU,EaseMyTrip,IX,IX-1041,2026-10-28,T+45,6904,1516,8420,2026-09-13T02:43:28.679Z,FALSE,"",15:10,TRUE
fare_DEL-GAU_IX_2026-10-28_T+45_1789268425674_en78,DEL-GAU,EaseMyTrip,IX,IX-1043,2026-10-28,T+45,6904,1516,8420,2026-09-13T02:43:28.679Z,FALSE,"",18:00,TRUE
fare_DEL-GAU_6E_2026-10-28_T+45_1789268425674_8l1f,DEL-GAU,EaseMyTrip,6E,6E-7624,2026-10-28,T+45,7064,1551,8615,2026-09-13T02:43:28.679Z,FALSE,"",05:50,FALSE
fare_DEL-GAU_AI_2026-10-28_T+45_1789268425674_dgfs,DEL-GAU,EaseMyTrip,AI,AI-879,2026-10-28,T+45,7314,1606,8920,2026-09-13T02:43:28.679Z,FALSE,"",06:40,TRUE
fare_DEL-GAU_AI_2026-10-28_T+45_1789268425674_b50k,DEL-GAU,EaseMyTrip,AI,AI-2947,2026-10-28,T+45,7376,1619,8995,2026-09-13T02:43:28.679Z,FALSE,"",14:40,TRUE
fare_DEL-GAU_6E_2026-10-28_T+45_1789268425674_q4uy,DEL-GAU,EaseMyTrip,6E,6E-6048,2026-10-28,T+45,7314,1606,8920,2026-09-13T02:43:28.679Z,FALSE,"",06:30,TRUE
fare_DEL-GAU_6E_2026-10-28_T+45_1789268425674_362f,DEL-GAU,EaseMyTrip,6E,6E-5041,2026-10-28,T+45,7314,1606,8920,2026-09-13T02:43:28.679Z,FALSE,"",15:25,TRUE
fare_DEL-GAU_6E_2026-10-28_T+45_1789268425674_pf0e,DEL-GAU,EaseMyTrip,6E,6E-2316,2026-10-28,T+45,7314,1606,8920,2026-09-13T02:43:28.679Z,FALSE,"",18:00,TRUE
fare_DEL-GAU_6E_2026-10-28_T+45_1789268425674_z583,DEL-GAU,EaseMyTrip,6E,6E-201,2026-10-28,T+45,7314,1606,8920,2026-09-13T02:43:28.679Z,FALSE,"",05:10,TRUE
fare_DEL-GAU_6E_2026-10-28_T+45_1789268425674_jqh4,DEL-GAU,EaseMyTrip,6E,6E-950,2026-10-28,T+45,7314,1606,8920,2026-09-13T02:43:28.679Z,FALSE,"",05:10,TRUE
fare_DEL-GAU_IX_2026-10-28_T+45_1789268425674_5mas,DEL-GAU,EaseMyTrip,IX,IX-1461,2026-10-28,T+45,8389,1842,10231,2026-09-13T02:43:28.679Z,FALSE,"",07:15,FALSE
fare_DEL-GAU_IX_2026-10-28_T+45_1789268425674_21n1,DEL-GAU,EaseMyTrip,IX,IX-1076,2026-10-28,T+45,8881,1950,10831,2026-09-13T02:43:28.679Z,FALSE,"",08:00,FALSE
fare_DEL-GAU_6E_2026-10-28_T+45_1789268425674_rwdj,DEL-GAU,EaseMyTrip,6E,6E-2589,2026-10-28,T+45,10711,2351,13062,2026-09-13T02:43:28.679Z,FALSE,"",16:35,FALSE
fare_DEL-GAU_QP_2026-10-28_T+45_1789268425674_sez8,DEL-GAU,EaseMyTrip,QP,QP-1302,2026-10-28,T+45,11283,2477,13760,2026-09-13T02:43:28.679Z,FALSE,"",08:40,FALSE
fare_DEL-GAU_6E_2026-10-28_T+45_1789268425674_9nsj,DEL-GAU,EaseMyTrip,6E,6E-407,2026-10-28,T+45,11362,2494,13856,2026-09-13T02:43:28.679Z,FALSE,"",06:15,FALSE
fare_DEL-GAU_6E_2026-10-28_T+45_1789268425674_f0mo,DEL-GAU,EaseMyTrip,6E,6E-338,2026-10-28,T+45,11362,2494,13856,2026-09-13T02:43:28.679Z,FALSE,"",06:15,FALSE
fare_DEL-GAU_6E_2026-10-28_T+45_1789268425674_xjui,DEL-GAU,EaseMyTrip,6E,6E-2192,2026-10-28,T+45,11649,2557,14206,2026-09-13T02:43:28.679Z,FALSE,"",08:30,FALSE
fare_DEL-GAU_6E_2026-10-28_T+45_1789268425674_xr5b,DEL-GAU,EaseMyTrip,6E,6E-607,2026-10-28,T+45,11829,2596,14425,2026-09-13T02:43:28.679Z,FALSE,"",12:15,FALSE
fare_DEL-GAU_6E_2026-10-28_T+45_1789268425674_ixw4,DEL-GAU,EaseMyTrip,6E,6E-767,2026-10-28,T+45,11829,2596,14425,2026-09-13T02:43:28.679Z,FALSE,"",12:15,FALSE
fare_DEL-GAU_6E_2026-10-28_T+45_1789268425674_cpkg,DEL-GAU,EaseMyTrip,6E,6E-292,2026-10-28,T+45,11829,2596,14425,2026-09-13T02:43:28.679Z,FALSE,"",10:30,FALSE
fare_DEL-GAU_6E_2026-10-28_T+45_1789268425674_ibqi,DEL-GAU,EaseMyTrip,6E,6E-137,2026-10-28,T+45,11829,2596,14425,2026-09-13T02:43:28.679Z,FALSE,"",10:30,FALSE
fare_DEL-GAU_6E_2026-10-28_T+45_1789268425674_9i95,DEL-GAU,EaseMyTrip,6E,6E-5191,2026-10-28,T+45,11936,2620,14556,2026-09-13T02:43:28.679Z,FALSE,"",04:45,FALSE
fare_DEL-GAU_QP_2026-10-28_T+45_1789268425674_zki4,DEL-GAU,EaseMyTrip,QP,QP-1112,2026-10-28,T+45,12202,2678,14880,2026-09-13T02:43:28.679Z,FALSE,"",10:00,FALSE
fare_DEL-GAU_QP_2026-10-28_T+45_1789268425674_0tt2,DEL-GAU,EaseMyTrip,QP,QP-1812,2026-10-28,T+45,12202,2678,14880,2026-09-13T02:43:28.679Z,FALSE,"",22:55,FALSE
fare_DEL-GAU_6E_2026-10-28_T+45_1789268425674_6rph,DEL-GAU,EaseMyTrip,6E,6E-273,2026-10-28,T+45,12280,2695,14975,2026-09-13T02:43:28.679Z,FALSE,"",12:15,FALSE
fare_DEL-GAU_6E_2026-10-28_T+45_1789268425674_o5g3,DEL-GAU,EaseMyTrip,6E,6E-451,2026-10-28,T+45,12280,2695,14975,2026-09-13T02:43:28.679Z,FALSE,"",12:15,FALSE
fare_DEL-GAU_6E_2026-10-28_T+45_1789268425674_jl3x,DEL-GAU,EaseMyTrip,6E,6E-843,2026-10-28,T+45,12280,2695,14975,2026-09-13T02:43:28.679Z,FALSE,"",12:15,FALSE
fare_DEL-GAU_6E_2026-10-28_T+45_1789268425674_4t7n,DEL-GAU,EaseMyTrip,6E,6E-214,2026-10-28,T+45,12280,2695,14975,2026-09-13T02:43:28.679Z,FALSE,"",12:15,FALSE
fare_DEL-GAU_6E_2026-10-28_T+45_1789268425674_5t9q,DEL-GAU,EaseMyTrip,6E,6E-414,2026-10-28,T+45,12280,2695,14975,2026-09-13T02:43:28.679Z,FALSE,"",10:30,FALSE
fare_DEL-GAU_6E_2026-10-28_T+45_1789268425674_g4uo,DEL-GAU,EaseMyTrip,6E,6E-816,2026-10-28,T+45,12280,2695,14975,2026-09-13T02:43:28.679Z,FALSE,"",10:30,FALSE
fare_DEL-GAU_6E_2026-10-28_T+45_1789268425674_dadf,DEL-GAU,EaseMyTrip,6E,6E-205,2026-10-28,T+45,12280,2695,14975,2026-09-13T02:43:28.679Z,FALSE,"",23:45,FALSE
fare_DEL-GAU_6E_2026-10-28_T+45_1789268425674_eco1,DEL-GAU,EaseMyTrip,6E,6E-187,2026-10-28,T+45,12280,2695,14975,2026-09-13T02:43:28.679Z,FALSE,"",23:45,FALSE
fare_DEL-GAU_6E_2026-10-28_T+45_1789268425674_iscj,DEL-GAU,EaseMyTrip,6E,6E-959,2026-10-28,T+45,12280,2695,14975,2026-09-13T02:43:28.679Z,FALSE,"",10:30,FALSE
fare_DEL-GAU_6E_2026-10-28_T+45_1789268425674_oj8b,DEL-GAU,EaseMyTrip,6E,6E-680,2026-10-28,T+45,12280,2695,14975,2026-09-13T02:43:28.679Z,FALSE,"",10:30,FALSE
fare_DEL-GAU_6E_2026-10-28_T+45_1789268425674_1l74,DEL-GAU,EaseMyTrip,6E,6E-2327,2026-10-28,T+45,12521,2749,15270,2026-09-13T02:43:28.679Z,FALSE,"",13:35,FALSE
fare_DEL-GAU_AI_2026-10-28_T+45_1789268425674_7eqv,DEL-GAU,EaseMyTrip,AI,AI-2501,2026-10-28,T+45,13081,2871,15952,2026-09-13T02:43:28.679Z,FALSE,"",11:40,FALSE
fare_DEL-GAU_AI_2026-10-28_T+45_1789268425674_xtbk,DEL-GAU,EaseMyTrip,AI,AI-2767,2026-10-28,T+45,13812,3032,16844,2026-09-13T02:43:28.679Z,FALSE,"",13:00,FALSE
fare_DEL-GAU_AI_2026-10-28_T+45_1789268425674_lqmz,DEL-GAU,EaseMyTrip,AI,AI-2597,2026-10-28,T+45,13972,3067,17039,2026-09-13T02:43:28.679Z,FALSE,"",09:30,FALSE
fare_DEL-GAU_AI_2026-10-28_T+45_1789268425674_ncun,DEL-GAU,EaseMyTrip,AI,AI-2727,2026-10-28,T+45,14089,3093,17182,2026-09-13T02:43:28.679Z,FALSE,"",21:40,FALSE
fare_DEL-GAU_6E_2026-10-28_T+45_1789268425674_jrpm,DEL-GAU,EaseMyTrip,6E,6E-222,2026-10-28,T+45,13972,3067,17039,2026-09-13T02:43:28.679Z,FALSE,"",03:00,FALSE
fare_DEL-GAU_6E_2026-10-28_T+45_1789268425674_jhiv,DEL-GAU,EaseMyTrip,6E,6E-975,2026-10-28,T+45,13972,3067,17039,2026-09-13T02:43:28.679Z,FALSE,"",03:00,FALSE
fare_DEL-GAU_6E_2026-10-28_T+45_1789268425674_zkw6,DEL-GAU,EaseMyTrip,6E,6E-559,2026-10-28,T+45,14300,3139,17439,2026-09-13T02:43:28.679Z,FALSE,"",22:15,FALSE
fare_DEL-GAU_6E_2026-10-28_T+45_1789268425674_h8nc,DEL-GAU,EaseMyTrip,6E,6E-753,2026-10-28,T+45,14300,3139,17439,2026-09-13T02:43:28.679Z,FALSE,"",22:15,FALSE
fare_DEL-GAU_AI_2026-10-28_T+45_1789268425674_ropo,DEL-GAU,EaseMyTrip,AI,AI-2705,2026-10-28,T+45,14544,3192,17736,2026-09-13T02:43:28.679Z,FALSE,"",06:45,FALSE
fare_DEL-GAU_AI_2026-10-28_T+45_1789268425674_arqz,DEL-GAU,EaseMyTrip,AI,AI-2515,2026-10-28,T+45,15113,3318,18431,2026-09-13T02:43:28.679Z,FALSE,"",22:00,FALSE
fare_DEL-GAU_AI_2026-10-28_T+45_1789268425674_p0ak,DEL-GAU,EaseMyTrip,AI,AI-537,2026-10-28,T+45,15229,3343,18572,2026-09-13T02:43:28.679Z,FALSE,"",15:45,FALSE
fare_DEL-GAU_6E_2026-10-28_T+45_1789268425674_thxa,DEL-GAU,EaseMyTrip,6E,6E-521,2026-10-28,T+45,15243,3346,18589,2026-09-13T02:43:28.679Z,FALSE,"",03:00,FALSE
fare_DEL-GAU_6E_2026-10-28_T+45_1789268425674_okxk,DEL-GAU,EaseMyTrip,6E,6E-967,2026-10-28,T+45,15243,3346,18589,2026-09-13T02:43:28.679Z,FALSE,"",03:00,FALSE
fare_DEL-GAU_AI_2026-10-28_T+45_1789268425674_5deg,DEL-GAU,EaseMyTrip,AI,AI-2757,2026-10-28,T+45,15482,3399,18881,2026-09-13T02:43:28.679Z,FALSE,"",00:15,FALSE
fare_DEL-GAU_AI_2026-10-28_T+45_1789268425674_yhmb,DEL-GAU,EaseMyTrip,AI,AI-2803,2026-10-28,T+45,15482,3399,18881,2026-09-13T02:43:28.679Z,FALSE,"",07:00,FALSE
fare_DEL-GAU_AI_2026-10-28_T+45_1789268425674_sm0k,DEL-GAU,EaseMyTrip,AI,AI-2409,2026-10-28,T+45,15482,3399,18881,2026-09-13T02:43:28.679Z,FALSE,"",06:00,FALSE
fare_DEL-GAU_AI_2026-10-28_T+45_1789268425674_i5z5,DEL-GAU,EaseMyTrip,AI,AI-2513,2026-10-28,T+45,15482,3399,18881,2026-09-13T02:43:28.679Z,FALSE,"",13:00,FALSE
fare_DEL-GAU_AI_2026-10-28_T+45_1789268425674_owal,DEL-GAU,EaseMyTrip,AI,AI-2507,2026-10-28,T+45,15616,3428,19044,2026-09-13T02:43:28.679Z,FALSE,"",12:10,FALSE
fare_DEL-GAU_AI_2026-10-28_T+45_1789268425674_iu27,DEL-GAU,EaseMyTrip,AI,AI-2417,2026-10-28,T+45,15626,3430,19056,2026-09-13T02:43:28.679Z,FALSE,"",12:00,FALSE
fare_DEL-GAU_AI_2026-10-28_T+45_1789268425674_4lst,DEL-GAU,EaseMyTrip,AI,AI-2415,2026-10-28,T+45,15856,3480,19336,2026-09-13T02:43:28.679Z,FALSE,"",09:30,FALSE
fare_DEL-GAU_AI_2026-10-28_T+45_1789268425674_e2i1,DEL-GAU,EaseMyTrip,AI,AI-427,2026-10-28,T+45,15856,3480,19336,2026-09-13T02:43:28.679Z,FALSE,"",08:35,FALSE
fare_DEL-GAU_AI_2026-10-28_T+45_1789268425674_lfz3,DEL-GAU,EaseMyTrip,AI,AI-2412,2026-10-28,T+45,15856,3480,19336,2026-09-13T02:43:28.679Z,FALSE,"",21:30,FALSE
fare_DEL-GAU_6E_2026-10-28_T+45_1789268425674_15ih,DEL-GAU,EaseMyTrip,6E,6E-6415,2026-10-28,T+45,15817,3472,19289,2026-09-13T02:43:28.679Z,FALSE,"",15:30,FALSE
fare_DEL-GAU_AI_2026-10-28_T+45_1789268425674_arp3,DEL-GAU,EaseMyTrip,AI,AI-2809,2026-10-28,T+45,16291,3576,19867,2026-09-13T02:43:28.679Z,FALSE,"",20:30,FALSE
fare_DEL-GAU_IX_2026-10-28_T+45_1789268425674_dv4n,DEL-GAU,EaseMyTrip,IX,IX-1197,2026-10-28,T+45,16436,3608,20044,2026-09-13T02:43:28.679Z,FALSE,"",21:10,FALSE
fare_DEL-GAU_AI_2026-10-28_T+45_1789268425674_fbu0,DEL-GAU,EaseMyTrip,AI,AI-2485,2026-10-28,T+45,16660,3657,20317,2026-09-13T02:43:28.679Z,FALSE,"",11:00,FALSE
fare_DEL-GAU_AI_2026-10-28_T+45_1789268425674_71hf,DEL-GAU,EaseMyTrip,AI,AI-2512,2026-10-28,T+45,16726,3671,20397,2026-09-13T02:43:28.679Z,FALSE,"",19:30,FALSE
fare_DEL-GAU_AI_2026-10-28_T+45_1789268425674_17p7,DEL-GAU,EaseMyTrip,AI,AI-2487,2026-10-28,T+45,16726,3671,20397,2026-09-13T02:43:28.679Z,FALSE,"",18:00,FALSE
fare_DEL-GAU_AI_2026-10-28_T+45_1789268425674_ciu2,DEL-GAU,EaseMyTrip,AI,AI-2553,2026-10-28,T+45,19020,4175,23195,2026-09-13T02:43:28.679Z,FALSE,"",16:15,FALSE
fare_DEL-GAU_AI_2026-10-28_T+45_1789268425674_6oeg,DEL-GAU,EaseMyTrip,AI,AI-2707,2026-10-28,T+45,19509,4282,23791,2026-09-13T02:43:28.679Z,FALSE,"",18:00,FALSE
fare_DEL-GAU_AI_2026-10-28_T+45_1789268425674_yisn,DEL-GAU,EaseMyTrip,AI,AI-2819,2026-10-28,T+45,21629,4748,26377,2026-09-13T02:43:28.679Z,FALSE,"",15:00,FALSE
fare_DEL-GAU_AI_2026-10-28_T+45_1789268425674_rjyl,DEL-GAU,EaseMyTrip,AI,AI-2835,2026-10-28,T+45,21960,4821,26781,2026-09-13T02:43:28.679Z,FALSE,"",19:55,FALSE
fare_DEL-GAU_AI_2026-10-28_T+45_1789268425674_bzlu,DEL-GAU,EaseMyTrip,AI,AI-2545,2026-10-28,T+45,21996,4828,26824,2026-09-13T02:43:28.679Z,FALSE,"",11:00,FALSE
fare_DEL-GAU_AI_2026-10-28_T+45_1789268425674_q4ia,DEL-GAU,EaseMyTrip,AI,AI-2577,2026-10-28,T+45,22151,4863,27014,2026-09-13T02:43:28.679Z,FALSE,"",06:00,FALSE
fare_DEL-GAU_AI_2026-10-28_T+45_1789268425674_p05i,DEL-GAU,EaseMyTrip,AI,AI-2709,2026-10-28,T+45,23552,5170,28722,2026-09-13T02:43:28.679Z,TRUE,"High outlier: ₹28722 > upper fence ₹27347 (Q3: ₹18881, IQR: ₹5644)",19:40,FALSE
fare_DEL-GAU_AI_2026-10-28_T+45_1789268425674_aca7,DEL-GAU,EaseMyTrip,AI,AI-2503,2026-10-28,T+45,25445,5586,31031,2026-09-13T02:43:28.679Z,TRUE,"High outlier: ₹31031 > upper fence ₹27347 (Q3: ₹18881, IQR: ₹5644)",18:30,FALSE
fare_DEL-GAU_IX_2026-09-20_T+7_1789268425674_8171,DEL-GAU,EaseMyTrip,IX,IX-1032,2026-09-20,T+7,6740,1480,8220,2026-09-13T02:43:10.561Z,FALSE,"",05:45,TRUE
fare_DEL-GAU_6E_2026-09-20_T+7_1789268425674_u7yu,DEL-GAU,EaseMyTrip,6E,6E-5191,2026-09-20,T+7,6715,1474,8189,2026-09-13T02:43:10.561Z,FALSE,"",05:00,FALSE
fare_DEL-GAU_6E_2026-09-20_T+7_1789268425674_z6sp,DEL-GAU,EaseMyTrip,6E,6E-185,2026-09-20,T+7,6715,1474,8189,2026-09-13T02:43:10.561Z,FALSE,"",07:20,FALSE
fare_DEL-GAU_6E_2026-09-20_T+7_1789268425674_l3gm,DEL-GAU,EaseMyTrip,6E,6E-262,2026-09-20,T+7,6715,1474,8189,2026-09-13T02:43:10.561Z,FALSE,"",07:20,FALSE
fare_DEL-GAU_6E_2026-09-20_T+7_1789268425674_al2s,DEL-GAU,EaseMyTrip,6E,6E-566,2026-09-20,T+7,6715,1474,8189,2026-09-13T02:43:10.561Z,FALSE,"",10:15,FALSE
fare_DEL-GAU_6E_2026-09-20_T+7_1789268425674_gtvb,DEL-GAU,EaseMyTrip,6E,6E-665,2026-09-20,T+7,6715,1474,8189,2026-09-13T02:43:10.561Z,FALSE,"",10:15,FALSE
fare_DEL-GAU_6E_2026-09-20_T+7_1789268425674_m8i4,DEL-GAU,EaseMyTrip,6E,6E-890,2026-09-20,T+7,6715,1474,8189,2026-09-13T02:43:10.561Z,FALSE,"",23:30,FALSE
fare_DEL-GAU_6E_2026-09-20_T+7_1789268425674_pvga,DEL-GAU,EaseMyTrip,6E,6E-468,2026-09-20,T+7,6715,1474,8189,2026-09-13T02:43:10.561Z,FALSE,"",23:30,FALSE
fare_DEL-GAU_6E_2026-09-20_T+7_1789268425674_6k7x,DEL-GAU,EaseMyTrip,6E,6E-155,2026-09-20,T+7,6715,1474,8189,2026-09-13T02:43:10.561Z,FALSE,"",21:50,FALSE
fare_DEL-GAU_6E_2026-09-20_T+7_1789268425674_4j53,DEL-GAU,EaseMyTrip,6E,6E-562,2026-09-20,T+7,6715,1474,8189,2026-09-13T02:43:10.561Z,FALSE,"",21:50,FALSE
fare_DEL-GAU_6E_2026-09-20_T+7_1789268425674_zfxg,DEL-GAU,EaseMyTrip,6E,6E-201,2026-09-20,T+7,6715,1474,8189,2026-09-13T02:43:10.561Z,FALSE,"",07:20,FALSE
fare_DEL-GAU_6E_2026-09-20_T+7_1789268425674_qzmo,DEL-GAU,EaseMyTrip,6E,6E-781,2026-09-20,T+7,6715,1474,8189,2026-09-13T02:43:10.561Z,FALSE,"",07:20,FALSE
fare_DEL-GAU_6E_2026-09-20_T+7_1789268425674_xnqv,DEL-GAU,EaseMyTrip,6E,6E-541,2026-09-20,T+7,6715,1474,8189,2026-09-13T02:43:10.561Z,FALSE,"",10:15,FALSE
fare_DEL-GAU_6E_2026-09-20_T+7_1789268425674_fxi1,DEL-GAU,EaseMyTrip,6E,6E-955,2026-09-20,T+7,6715,1474,8189,2026-09-13T02:43:10.561Z,FALSE,"",10:15,FALSE
fare_DEL-GAU_6E_2026-09-20_T+7_1789268425674_bzl4,DEL-GAU,EaseMyTrip,6E,6E-535,2026-09-20,T+7,6715,1474,8189,2026-09-13T02:43:10.561Z,FALSE,"",23:30,FALSE
fare_DEL-GAU_6E_2026-09-20_T+7_1789268425674_j46s,DEL-GAU,EaseMyTrip,6E,6E-578,2026-09-20,T+7,6715,1474,8189,2026-09-13T02:43:10.561Z,FALSE,"",23:30,FALSE
fare_DEL-GAU_IX_2026-09-20_T+7_1789268425674_t39k,DEL-GAU,EaseMyTrip,IX,IX-1461,2026-09-20,T+7,7405,1626,9031,2026-09-13T02:43:10.561Z,FALSE,"",05:35,FALSE
fare_DEL-GAU_AI_2026-09-20_T+7_1789268425674_33q1,DEL-GAU,EaseMyTrip,AI,AI-879,2026-09-20,T+7,7314,1606,8920,2026-09-13T02:43:10.561Z,FALSE,"",06:40,TRUE
fare_DEL-GAU_6E_2026-09-20_T+7_1789268425674_mg19,DEL-GAU,EaseMyTrip,6E,6E-6415,2026-09-20,T+7,7214,1584,8798,2026-09-13T02:43:10.561Z,FALSE,"",16:00,FALSE
fare_DEL-GAU_6E_2026-09-20_T+7_1789268425674_gblc,DEL-GAU,EaseMyTrip,6E,6E-326,2026-09-20,T+7,7214,1584,8798,2026-09-13T02:43:10.561Z,FALSE,"",12:45,FALSE
fare_DEL-GAU_6E_2026-09-20_T+7_1789268425674_wjsz,DEL-GAU,EaseMyTrip,6E,6E-874,2026-09-20,T+7,7214,1584,8798,2026-09-13T02:43:10.561Z,FALSE,"",12:45,FALSE
fare_DEL-GAU_6E_2026-09-20_T+7_1789268425674_n2eg,DEL-GAU,EaseMyTrip,6E,6E-255,2026-09-20,T+7,7214,1584,8798,2026-09-13T02:43:10.561Z,FALSE,"",14:25,FALSE
fare_DEL-GAU_6E_2026-09-20_T+7_1789268425674_gsuc,DEL-GAU,EaseMyTrip,6E,6E-457,2026-09-20,T+7,7214,1584,8798,2026-09-13T02:43:10.561Z,FALSE,"",14:25,FALSE
fare_DEL-GAU_6E_2026-09-20_T+7_1789268425674_xe2v,DEL-GAU,EaseMyTrip,6E,6E-344,2026-09-20,T+7,7214,1584,8798,2026-09-13T02:43:10.561Z,FALSE,"",12:45,FALSE
fare_DEL-GAU_6E_2026-09-20_T+7_1789268425674_v418,DEL-GAU,EaseMyTrip,6E,6E-992,2026-09-20,T+7,7214,1584,8798,2026-09-13T02:43:10.561Z,FALSE,"",12:45,FALSE
fare_DEL-GAU_6E_2026-09-20_T+7_1789268425674_a3yk,DEL-GAU,EaseMyTrip,6E,6E-2589,2026-09-20,T+7,7306,1604,8910,2026-09-13T02:43:10.561Z,FALSE,"",14:50,FALSE
fare_DEL-GAU_6E_2026-09-20_T+7_1789268425674_z39v,DEL-GAU,EaseMyTrip,6E,6E-5215,2026-09-20,T+7,7314,1606,8920,2026-09-13T02:43:10.561Z,FALSE,"",07:45,TRUE
fare_DEL-GAU_IX_2026-09-20_T+7_1789268425674_dqcj,DEL-GAU,EaseMyTrip,IX,IX-1035,2026-09-20,T+7,7634,1676,9310,2026-09-13T02:43:10.561Z,FALSE,"",08:10,TRUE
fare_DEL-GAU_IX_2026-09-20_T+7_1789268425674_6jt2,DEL-GAU,EaseMyTrip,IX,IX-1069,2026-09-20,T+7,7634,1676,9310,2026-09-13T02:43:10.561Z,FALSE,"",10:40,TRUE
fare_DEL-GAU_IX_2026-09-20_T+7_1789268425674_dwhu,DEL-GAU,EaseMyTrip,IX,IX-1085,2026-09-20,T+7,8044,1766,9810,2026-09-13T02:43:10.561Z,FALSE,"",12:55,TRUE
fare_DEL-GAU_IX_2026-09-20_T+7_1789268425674_94cs,DEL-GAU,EaseMyTrip,IX,IX-1671,2026-09-20,T+7,8487,1863,10350,2026-09-13T02:43:10.561Z,FALSE,"",20:00,TRUE
fare_DEL-GAU_AI_2026-09-20_T+7_1789268425674_ozo8,DEL-GAU,EaseMyTrip,AI,AI-2761,2026-09-20,T+7,8357,1835,10192,2026-09-13T02:43:10.561Z,FALSE,"",16:25,FALSE
fare_DEL-GAU_AI_2026-09-20_T+7_1789268425674_e8yo,DEL-GAU,EaseMyTrip,AI,AI-1719,2026-09-20,T+7,8599,1888,10487,2026-09-13T02:43:10.561Z,FALSE,"",11:55,FALSE
fare_DEL-GAU_6E_2026-09-20_T+7_1789268425674_4zvc,DEL-GAU,EaseMyTrip,6E,6E-2203,2026-09-20,T+7,8503,1867,10370,2026-09-13T02:43:10.561Z,FALSE,"",04:45,TRUE
fare_DEL-GAU_6E_2026-09-20_T+7_1789268425674_h8cd,DEL-GAU,EaseMyTrip,6E,6E-6048,2026-09-20,T+7,9036,1984,11020,2026-09-13T02:43:10.561Z,FALSE,"",20:00,TRUE
fare_DEL-GAU_IX_2026-09-20_T+7_1789268425674_tkmy,DEL-GAU,EaseMyTrip,IX,IX-1041,2026-09-20,T+7,9635,2115,11750,2026-09-13T02:43:10.561Z,FALSE,"",18:10,TRUE
fare_DEL-GAU_IX_2026-09-20_T+7_1789268425674_8g9q,DEL-GAU,EaseMyTrip,IX,IX-1001,2026-09-20,T+7,10193,2238,12431,2026-09-13T02:43:10.561Z,FALSE,"",09:00,FALSE
fare_DEL-GAU_6E_2026-09-20_T+7_1789268425674_py51,DEL-GAU,EaseMyTrip,6E,6E-5041,2026-09-20,T+7,9651,2119,11770,2026-09-13T02:43:10.561Z,FALSE,"",15:10,TRUE
fare_DEL-GAU_AI_2026-09-20_T+7_1789268425674_laxa,DEL-GAU,EaseMyTrip,AI,AI-2702,2026-09-20,T+7,10575,2321,12896,2026-09-13T02:43:10.561Z,FALSE,"",02:30,FALSE
fare_DEL-GAU_AI_2026-09-20_T+7_1789268425674_xq7s,DEL-GAU,EaseMyTrip,AI,AI-2535,2026-09-20,T+7,10575,2321,12896,2026-09-13T02:43:10.561Z,FALSE,"",06:40,FALSE
fare_DEL-GAU_AI_2026-09-20_T+7_1789268425674_b8r8,DEL-GAU,EaseMyTrip,AI,AI-2707,2026-09-20,T+7,10575,2321,12896,2026-09-13T02:43:10.561Z,FALSE,"",18:00,FALSE
fare_DEL-GAU_AI_2026-09-20_T+7_1789268425674_yct7,DEL-GAU,EaseMyTrip,AI,AI-2705,2026-09-20,T+7,10704,2350,13054,2026-09-13T02:43:10.561Z,FALSE,"",07:30,FALSE
fare_DEL-GAU_AI_2026-09-20_T+7_1789268425674_q5my,DEL-GAU,EaseMyTrip,AI,AI-2709,2026-09-20,T+7,10914,2396,13310,2026-09-13T02:43:10.561Z,FALSE,"",19:40,FALSE
fare_DEL-GAU_AI_2026-09-20_T+7_1789268425674_2cj5,DEL-GAU,EaseMyTrip,AI,AI-1791,2026-09-20,T+7,10914,2396,13310,2026-09-13T02:43:10.561Z,FALSE,"",09:55,FALSE
fare_DEL-GAU_AI_2026-09-20_T+7_1789268425674_3fwk,DEL-GAU,EaseMyTrip,AI,AI-1714,2026-09-20,T+7,11437,2511,13948,2026-09-13T02:43:10.561Z,FALSE,"",21:00,FALSE
fare_DEL-GAU_QP_2026-09-20_T+7_1789268425674_m2z3,DEL-GAU,EaseMyTrip,QP,QP-1112,2026-09-20,T+7,11283,2477,13760,2026-09-13T02:43:10.561Z,FALSE,"",09:20,FALSE
fare_DEL-GAU_QP_2026-09-20_T+7_1789268425674_ww8k,DEL-GAU,EaseMyTrip,QP,QP-1119,2026-09-20,T+7,11283,2477,13760,2026-09-13T02:43:10.561Z,FALSE,"",08:40,FALSE
fare_DEL-GAU_QP_2026-09-20_T+7_1789268425674_nbuk,DEL-GAU,EaseMyTrip,QP,QP-1833,2026-09-20,T+7,11283,2477,13760,2026-09-13T02:43:10.561Z,FALSE,"",06:50,FALSE
fare_DEL-GAU_AI_2026-09-20_T+7_1789268425674_vq2g,DEL-GAU,EaseMyTrip,AI,AI-1755,2026-09-20,T+7,11706,2569,14275,2026-09-13T02:43:10.561Z,FALSE,"",14:30,TRUE
fare_DEL-GAU_AI_2026-09-20_T+7_1789268425674_i52p,DEL-GAU,EaseMyTrip,AI,AI-1733,2026-09-20,T+7,14628,3211,17839,2026-09-13T02:43:10.561Z,FALSE,"",16:15,FALSE
fare_DEL-GAU_AI_2026-09-20_T+7_1789268425674_s2zz,DEL-GAU,EaseMyTrip,AI,AI-2767,2026-09-20,T+7,14628,3211,17839,2026-09-13T02:43:10.561Z,FALSE,"",13:00,FALSE
fare_DEL-GAU_AI_2026-09-20_T+7_1789268425674_rvkd,DEL-GAU,EaseMyTrip,AI,AI-2833,2026-09-20,T+7,16067,3527,19594,2026-09-13T02:43:10.561Z,FALSE,"",07:30,FALSE
fare_DEL-GAU_AI_2026-09-20_T+7_1789268425674_vbap,DEL-GAU,EaseMyTrip,AI,AI-2809,2026-09-20,T+7,17111,3756,20867,2026-09-13T02:43:10.561Z,FALSE,"",19:30,FALSE
fare_DEL-GAU_AI_2026-09-20_T+7_1789268425674_70fx,DEL-GAU,EaseMyTrip,AI,AI-2512,2026-09-20,T+7,17277,3793,21070,2026-09-13T02:43:10.561Z,FALSE,"",19:00,FALSE
fare_DEL-GAU_AI_2026-09-20_T+7_1789268425674_vvak,DEL-GAU,EaseMyTrip,AI,AI-2757,2026-09-20,T+7,17600,3864,21464,2026-09-13T02:43:10.561Z,FALSE,"",00:15,FALSE
fare_DEL-GAU_AI_2026-09-20_T+7_1789268425674_e3k2,DEL-GAU,EaseMyTrip,AI,AI-2409,2026-09-20,T+7,19168,4208,23376,2026-09-13T02:43:10.561Z,FALSE,"",06:00,FALSE
fare_DEL-GAU_AI_2026-09-20_T+7_1789268425674_gzqb,DEL-GAU,EaseMyTrip,AI,AI-2803,2026-09-20,T+7,19240,4224,23464,2026-09-13T02:43:10.561Z,FALSE,"",06:30,FALSE
fare_DEL-GAU_AI_2026-09-20_T+7_1789268425674_l0nc,DEL-GAU,EaseMyTrip,AI,AI-2815,2026-09-20,T+7,19617,4306,23923,2026-09-13T02:43:10.561Z,FALSE,"",07:00,FALSE
fare_DEL-GAU_AI_2026-09-20_T+7_1789268425674_q910,DEL-GAU,EaseMyTrip,AI,AI-2653,2026-09-20,T+7,19918,4372,24290,2026-09-13T02:43:10.561Z,FALSE,"",04:30,FALSE
fare_DEL-GAU_AI_2026-09-20_T+7_1789268425674_n9o2,DEL-GAU,EaseMyTrip,AI,AI-2487,2026-09-20,T+7,20028,4396,24424,2026-09-13T02:43:10.561Z,FALSE,"",18:30,FALSE
fare_DEL-GAU_AI_2026-09-20_T+7_1789268425674_52ht,DEL-GAU,EaseMyTrip,AI,AI-427,2026-09-20,T+7,20092,4411,24503,2026-09-13T02:43:10.561Z,FALSE,"",08:30,FALSE
fare_DEL-GAU_AI_2026-09-20_T+7_1789268425674_26zl,DEL-GAU,EaseMyTrip,AI,AI-2467,2026-09-20,T+7,25484,5594,31078,2026-09-13T02:43:10.561Z,TRUE,"High outlier: ₹31078 > upper fence ₹29173 (Q3: ₹16948, IQR: ₹8150)",10:00,FALSE
fare_DEL-GAU_AI_2026-09-20_T+7_1789268425674_uoa9,DEL-GAU,EaseMyTrip,AI,AI-2817,2026-09-20,T+7,26864,5897,32761,2026-09-13T02:43:10.561Z,TRUE,"High outlier: ₹32761 > upper fence ₹29173 (Q3: ₹16948, IQR: ₹8150)",16:30,FALSE
fare_DEL-GAU_AI_2026-09-20_T+7_1789268425674_51iz,DEL-GAU,EaseMyTrip,AI,AI-2664,2026-09-20,T+7,26864,5897,32761,2026-09-13T02:43:10.561Z,TRUE,"High outlier: ₹32761 > upper fence ₹29173 (Q3: ₹16948, IQR: ₹8150)",15:50,FALSE
fare_DEL-GAU_AI_2026-09-20_T+7_1789268425674_cc9p,DEL-GAU,EaseMyTrip,AI,AI-2819,2026-09-20,T+7,27397,6014,33411,2026-09-13T02:43:10.561Z,TRUE,"High outlier: ₹33411 > upper fence ₹29173 (Q3: ₹16948, IQR: ₹8150)",15:00,FALSE
fare_DEL-GAU_AI_2026-09-20_T+7_1789268425674_mb4a,DEL-GAU,EaseMyTrip,AI,AI-2415,2026-09-20,T+7,30349,6662,37011,2026-09-13T02:43:10.561Z,TRUE,"High outlier: ₹37011 > upper fence ₹29173 (Q3: ₹16948, IQR: ₹8150)",09:30,FALSE
fare_DEL-IXC_6E_2026-09-28_T+15_1789268425674_4b4k,DEL-IXC,EaseMyTrip,6E,6E-739,2026-09-28,T+15,3381,742,4123,2026-09-13T02:45:17.432Z,FALSE,"",07:50,TRUE
fare_DEL-IXC_6E_2026-09-28_T+15_1789268425674_5svj,DEL-IXC,EaseMyTrip,6E,6E-287,2026-09-28,T+15,3381,742,4123,2026-09-13T02:45:17.432Z,FALSE,"",07:50,TRUE
fare_DEL-IXC_AI_2026-09-28_T+15_1789268425674_9men,DEL-IXC,EaseMyTrip,AI,AI-1743,2026-09-28,T+15,3858,847,4705,2026-09-13T02:45:17.432Z,FALSE,"",06:20,TRUE
fare_DEL-IXC_AI_2026-09-28_T+15_1789268425674_erjq,DEL-IXC,EaseMyTrip,AI,AI-2532,2026-09-28,T+15,3858,847,4705,2026-09-13T02:45:17.432Z,FALSE,"",11:20,TRUE
fare_DEL-IXC_6E_2026-09-28_T+15_1789268425674_4fc5,DEL-IXC,EaseMyTrip,6E,6E-6632,2026-09-28,T+15,3895,855,4750,2026-09-13T02:45:17.432Z,FALSE,"",17:50,TRUE
fare_DEL-IXC_6E_2026-09-28_T+15_1789268425674_hn0m,DEL-IXC,EaseMyTrip,6E,6E-5038,2026-09-28,T+15,3895,855,4750,2026-09-13T02:45:17.432Z,FALSE,"",14:00,TRUE
fare_DEL-IXC_6E_2026-09-28_T+15_1789268425674_4thw,DEL-IXC,EaseMyTrip,6E,6E-6050,2026-09-28,T+15,4042,887,4929,2026-09-13T02:45:17.432Z,FALSE,"",08:15,TRUE
fare_DEL-IXC_AI_2026-09-28_T+15_1789268425674_hygv,DEL-IXC,EaseMyTrip,AI,AI-2706,2026-09-28,T+15,4987,1095,6082,2026-09-13T02:45:17.432Z,FALSE,"",14:10,TRUE
fare_DEL-IXC_AI_2026-09-28_T+15_1789268425674_o53s,DEL-IXC,EaseMyTrip,AI,AI-2601,2026-09-28,T+15,5323,1169,6492,2026-09-13T02:45:17.432Z,FALSE,"",17:00,TRUE
fare_DEL-IXC_6E_2026-09-28_T+15_1789268425674_8yk9,DEL-IXC,EaseMyTrip,6E,6E-7671,2026-09-28,T+15,5185,1138,6323,2026-09-13T02:45:17.432Z,FALSE,"",10:15,FALSE
fare_DEL-IXC_AI_2026-09-28_T+15_1789268425674_q1ko,DEL-IXC,EaseMyTrip,AI,AI-1742,2026-09-28,T+15,5759,1264,7023,2026-09-13T02:45:17.432Z,FALSE,"",20:00,TRUE
fare_DEL-IXC_AI_2026-09-28_T+15_1789268425674_jeah,DEL-IXC,EaseMyTrip,AI,AI-9486,2026-09-28,T+15,11665,2560,14225,2026-09-13T02:45:17.432Z,FALSE,"",05:35,FALSE
fare_DEL-IXC_AI_2026-09-28_T+15_1789268425674_kzfc,DEL-IXC,EaseMyTrip,AI,AI-2945,2026-09-28,T+15,11796,2589,14385,2026-09-13T02:45:17.432Z,FALSE,"",11:00,FALSE
fare_DEL-IXC_AI_2026-09-28_T+15_1789268425674_nd4e,DEL-IXC,EaseMyTrip,AI,AI-2425,2026-09-28,T+15,11796,2589,14385,2026-09-13T02:45:17.432Z,FALSE,"",10:30,FALSE
fare_DEL-IXC_AI_2026-09-28_T+15_1789268425674_c987,DEL-IXC,EaseMyTrip,AI,AI-2995,2026-09-28,T+15,11796,2589,14385,2026-09-13T02:45:17.432Z,FALSE,"",10:00,FALSE
fare_DEL-IXC_AI_2026-09-28_T+15_1789268425674_fpvu,DEL-IXC,EaseMyTrip,AI,AI-2927,2026-09-28,T+15,11796,2589,14385,2026-09-13T02:45:17.432Z,FALSE,"",09:30,FALSE
fare_DEL-IXC_AI_2026-09-28_T+15_1789268425674_ghu3,DEL-IXC,EaseMyTrip,AI,AI-2963,2026-09-28,T+15,11796,2589,14385,2026-09-13T02:45:17.432Z,FALSE,"",09:00,FALSE
fare_DEL-IXC_AI_2026-09-28_T+15_1789268425674_8kfm,DEL-IXC,EaseMyTrip,AI,AI-2943,2026-09-28,T+15,11796,2589,14385,2026-09-13T02:45:17.432Z,FALSE,"",07:30,FALSE
fare_DEL-IXC_AI_2026-09-28_T+15_1789268425674_tn8o,DEL-IXC,EaseMyTrip,AI,AI-2957,2026-09-28,T+15,11796,2589,14385,2026-09-13T02:45:17.432Z,FALSE,"",20:30,FALSE
fare_DEL-IXC_AI_2026-09-28_T+15_1789268425674_9nku,DEL-IXC,EaseMyTrip,AI,AI-2805,2026-09-28,T+15,11796,2589,14385,2026-09-13T02:45:17.432Z,FALSE,"",20:00,FALSE
fare_DEL-IXC_AI_2026-09-28_T+15_1789268425674_pz3i,DEL-IXC,EaseMyTrip,AI,AI-2985,2026-09-28,T+15,11796,2589,14385,2026-09-13T02:45:17.432Z,FALSE,"",19:30,FALSE
fare_DEL-IXC_AI_2026-09-28_T+15_1789268425674_lwxv,DEL-IXC,EaseMyTrip,AI,AI-2977,2026-09-28,T+15,11796,2589,14385,2026-09-13T02:45:17.432Z,FALSE,"",19:00,FALSE
fare_DEL-IXC_AI_2026-09-28_T+15_1789268425674_xcp9,DEL-IXC,EaseMyTrip,AI,AI-2955,2026-09-28,T+15,11796,2589,14385,2026-09-13T02:45:17.432Z,FALSE,"",18:00,FALSE
fare_DEL-IXC_AI_2026-09-28_T+15_1789268425674_1hey,DEL-IXC,EaseMyTrip,AI,AI-441,2026-09-28,T+15,11796,2589,14385,2026-09-13T02:45:17.432Z,FALSE,"",17:00,FALSE
fare_DEL-IXC_AI_2026-09-28_T+15_1789268425674_zkdv,DEL-IXC,EaseMyTrip,AI,AI-2678,2026-09-28,T+15,11925,2618,14543,2026-09-13T02:45:17.432Z,FALSE,"",08:30,FALSE
fare_DEL-IXC_AI_2026-09-28_T+15_1789268425674_9kb2,DEL-IXC,EaseMyTrip,AI,AI-2975,2026-09-28,T+15,12097,2656,14753,2026-09-13T02:45:17.432Z,FALSE,"",06:30,FALSE
fare_DEL-IXC_AI_2026-09-28_T+15_1789268425674_aybr,DEL-IXC,EaseMyTrip,AI,AI-2981,2026-09-28,T+15,12097,2656,14753,2026-09-13T02:45:17.432Z,FALSE,"",21:00,FALSE
fare_DEL-IXC_AI_2026-09-28_T+15_1789268425674_98c3,DEL-IXC,EaseMyTrip,AI,AI-2609,2026-09-28,T+15,12124,2661,14785,2026-09-13T02:45:17.432Z,FALSE,"",23:50,FALSE
fare_DEL-IXC_AI_2026-09-28_T+15_1789268425674_hlwh,DEL-IXC,EaseMyTrip,AI,AI-2941,2026-09-28,T+15,12155,2668,14823,2026-09-13T02:45:17.432Z,FALSE,"",16:30,FALSE
fare_DEL-IXC_AI_2026-09-28_T+15_1789268425674_85p4,DEL-IXC,EaseMyTrip,AI,AI-1777,2026-09-28,T+15,12155,2668,14823,2026-09-13T02:45:17.432Z,FALSE,"",16:00,FALSE
fare_DEL-IXC_AI_2026-09-28_T+15_1789268425674_8ggq,DEL-IXC,EaseMyTrip,AI,AI-2429,2026-09-28,T+15,12245,2688,14933,2026-09-13T02:45:17.432Z,FALSE,"",07:00,FALSE
fare_DEL-IXC_AI_2026-09-28_T+15_1789268425674_2td3,DEL-IXC,EaseMyTrip,AI,AI-2547,2026-09-28,T+15,12295,2699,14994,2026-09-13T02:45:17.432Z,FALSE,"",17:40,FALSE
fare_DEL-IXC_AI_2026-09-28_T+15_1789268425674_xta2,DEL-IXC,EaseMyTrip,AI,AI-1745,2026-09-28,T+15,12312,2703,15015,2026-09-13T02:45:17.432Z,FALSE,"",05:00,FALSE
fare_DEL-IXC_AI_2026-09-28_T+15_1789268425674_sp6m,DEL-IXC,EaseMyTrip,AI,AI-2433,2026-09-28,T+15,12312,2703,15015,2026-09-13T02:45:17.432Z,FALSE,"",21:30,FALSE
fare_DEL-IXC_AI_2026-09-28_T+15_1789268425674_zd1h,DEL-IXC,EaseMyTrip,AI,AI-2933,2026-09-28,T+15,12457,2734,15191,2026-09-13T02:45:17.432Z,FALSE,"",15:30,FALSE
fare_DEL-IXC_AI_2026-09-28_T+15_1789268425674_s2vz,DEL-IXC,EaseMyTrip,AI,AI-1797,2026-09-28,T+15,12510,2746,15256,2026-09-13T02:45:17.432Z,FALSE,"",05:45,FALSE
fare_DEL-IXC_AI_2026-09-28_T+15_1789268425674_flmk,DEL-IXC,EaseMyTrip,AI,AI-1735,2026-09-28,T+15,12619,2770,15389,2026-09-13T02:45:17.432Z,FALSE,"",13:00,FALSE
fare_DEL-IXC_AI_2026-09-28_T+15_1789268425674_8vzn,DEL-IXC,EaseMyTrip,AI,AI-2973,2026-09-28,T+15,12727,2794,15521,2026-09-13T02:45:17.432Z,FALSE,"",20:50,FALSE
fare_DEL-IXC_AI_2026-09-28_T+15_1789268425674_d9y1,DEL-IXC,EaseMyTrip,AI,AI-2951,2026-09-28,T+15,12829,2816,15645,2026-09-13T02:45:17.432Z,FALSE,"",13:30,FALSE
fare_DEL-IXC_AI_2026-09-28_T+15_1789268425674_k8nm,DEL-IXC,EaseMyTrip,AI,AI-2971,2026-09-28,T+15,12858,2822,15680,2026-09-13T02:45:17.432Z,FALSE,"",16:00,FALSE
fare_DEL-IXC_AI_2026-09-28_T+15_1789268425674_blen,DEL-IXC,EaseMyTrip,AI,AI-1730,2026-09-28,T+15,13358,2932,16290,2026-09-13T02:45:17.432Z,FALSE,"",19:10,FALSE
fare_DEL-IXC_6E_2026-09-28_T+15_1789268425674_mkvx,DEL-IXC,EaseMyTrip,6E,6E-7483,2026-09-28,T+15,13286,2917,16203,2026-09-13T02:45:17.432Z,FALSE,"",07:20,FALSE
fare_DEL-IXC_AI_2026-09-28_T+15_1789268425674_vwdn,DEL-IXC,EaseMyTrip,AI,AI-2454,2026-09-28,T+15,16968,3725,20693,2026-09-13T02:45:17.432Z,FALSE,"",08:00,FALSE
fare_DEL-IXC_AI_2026-09-14_T+1_1789268425674_pbsy,DEL-IXC,EaseMyTrip,AI,AI-1742,2026-09-14,T+1,3858,847,4705,2026-09-13T02:45:05.647Z,TRUE,"Low outlier: ₹4705 < lower fence ₹8824 (Q1: ₹12629, IQR: ₹2537)",20:00,TRUE
fare_DEL-IXC_AI_2026-09-14_T+1_1789268425674_zesu,DEL-IXC,EaseMyTrip,AI,AI-1743,2026-09-14,T+1,3858,847,4705,2026-09-13T02:45:05.647Z,TRUE,"Low outlier: ₹4705 < lower fence ₹8824 (Q1: ₹12629, IQR: ₹2537)",06:20,TRUE
fare_DEL-IXC_AI_2026-09-14_T+1_1789268425674_s9wm,DEL-IXC,EaseMyTrip,AI,AI-2532,2026-09-14,T+1,3858,847,4705,2026-09-13T02:45:05.647Z,TRUE,"Low outlier: ₹4705 < lower fence ₹8824 (Q1: ₹12629, IQR: ₹2537)",11:20,TRUE
fare_DEL-IXC_6E_2026-09-14_T+1_1789268425674_83ps,DEL-IXC,EaseMyTrip,6E,6E-6050,2026-09-14,T+1,3731,819,4550,2026-09-13T02:45:05.647Z,TRUE,"Low outlier: ₹4550 < lower fence ₹8824 (Q1: ₹12629, IQR: ₹2537)",08:15,TRUE
fare_DEL-IXC_6E_2026-09-14_T+1_1789268425674_4063,DEL-IXC,EaseMyTrip,6E,6E-5038,2026-09-14,T+1,3895,855,4750,2026-09-13T02:45:05.647Z,TRUE,"Low outlier: ₹4750 < lower fence ₹8824 (Q1: ₹12629, IQR: ₹2537)",14:00,TRUE
fare_DEL-IXC_6E_2026-09-14_T+1_1789268425674_3wx8,DEL-IXC,EaseMyTrip,6E,6E-6632,2026-09-14,T+1,4860,1067,5927,2026-09-13T02:45:05.647Z,TRUE,"Low outlier: ₹5927 < lower fence ₹8824 (Q1: ₹12629, IQR: ₹2537)",17:50,TRUE
fare_DEL-IXC_AI_2026-09-14_T+1_1789268425674_ps90,DEL-IXC,EaseMyTrip,AI,AI-2601,2026-09-14,T+1,5323,1169,6492,2026-09-13T02:45:05.647Z,TRUE,"Low outlier: ₹6492 < lower fence ₹8824 (Q1: ₹12629, IQR: ₹2537)",17:00,TRUE
fare_DEL-IXC_6E_2026-09-14_T+1_1789268425674_rgmb,DEL-IXC,EaseMyTrip,6E,6E-7671,2026-09-14,T+1,5185,1138,6323,2026-09-13T02:45:05.647Z,TRUE,"Low outlier: ₹6323 < lower fence ₹8824 (Q1: ₹12629, IQR: ₹2537)",10:15,FALSE
fare_DEL-IXC_6E_2026-09-14_T+1_1789268425674_jm1h,DEL-IXC,EaseMyTrip,6E,6E-7483,2026-09-14,T+1,5565,1221,6786,2026-09-13T02:45:05.647Z,TRUE,"Low outlier: ₹6786 < lower fence ₹8824 (Q1: ₹12629, IQR: ₹2537)",07:20,FALSE
fare_DEL-IXC_AI_2026-09-14_T+1_1789268425674_b7iz,DEL-IXC,EaseMyTrip,AI,AI-2706,2026-09-14,T+1,7651,1680,9331,2026-09-13T02:45:05.647Z,FALSE,"",14:10,TRUE
fare_DEL-IXC_AI_2026-09-14_T+1_1789268425674_nrg8,DEL-IXC,EaseMyTrip,AI,AI-2609,2026-09-14,T+1,11257,2471,13728,2026-09-13T02:45:05.647Z,FALSE,"",23:50,FALSE
fare_DEL-IXC_AI_2026-09-14_T+1_1789268425674_64z1,DEL-IXC,EaseMyTrip,AI,AI-2973,2026-09-14,T+1,11257,2471,13728,2026-09-13T02:45:05.647Z,FALSE,"",20:50,FALSE
fare_DEL-IXC_AI_2026-09-14_T+1_1789268425674_tptr,DEL-IXC,EaseMyTrip,AI,AI-2547,2026-09-14,T+1,11257,2471,13728,2026-09-13T02:45:05.647Z,FALSE,"",17:40,FALSE
fare_DEL-IXC_AI_2026-09-14_T+1_1789268425674_ocim,DEL-IXC,EaseMyTrip,AI,AI-1797,2026-09-14,T+1,11257,2471,13728,2026-09-13T02:45:05.647Z,FALSE,"",05:45,FALSE
fare_DEL-IXC_AI_2026-09-14_T+1_1789268425674_pnkh,DEL-IXC,EaseMyTrip,AI,AI-9486,2026-09-14,T+1,11535,2532,14067,2026-09-13T02:45:05.647Z,FALSE,"",05:35,FALSE
fare_DEL-IXC_AI_2026-09-14_T+1_1789268425674_quxt,DEL-IXC,EaseMyTrip,AI,AI-1745,2026-09-14,T+1,11704,2569,14273,2026-09-13T02:45:05.647Z,FALSE,"",05:00,FALSE
fare_DEL-IXC_AI_2026-09-14_T+1_1789268425674_wszm,DEL-IXC,EaseMyTrip,AI,AI-2927,2026-09-14,T+1,11796,2589,14385,2026-09-13T02:45:05.647Z,FALSE,"",09:30,FALSE
fare_DEL-IXC_AI_2026-09-14_T+1_1789268425674_x0em,DEL-IXC,EaseMyTrip,AI,AI-2963,2026-09-14,T+1,11796,2589,14385,2026-09-13T02:45:05.647Z,FALSE,"",09:00,FALSE
fare_DEL-IXC_AI_2026-09-14_T+1_1789268425674_b8je,DEL-IXC,EaseMyTrip,AI,AI-2678,2026-09-14,T+1,11796,2589,14385,2026-09-13T02:45:05.647Z,FALSE,"",08:30,FALSE
fare_DEL-IXC_AI_2026-09-14_T+1_1789268425674_tbnl,DEL-IXC,EaseMyTrip,AI,AI-2943,2026-09-14,T+1,11796,2589,14385,2026-09-13T02:45:05.647Z,FALSE,"",07:30,FALSE
fare_DEL-IXC_AI_2026-09-14_T+1_1789268425674_2n70,DEL-IXC,EaseMyTrip,AI,AI-2429,2026-09-14,T+1,11796,2589,14385,2026-09-13T02:45:05.647Z,FALSE,"",07:00,FALSE
fare_DEL-IXC_AI_2026-09-14_T+1_1789268425674_kbkd,DEL-IXC,EaseMyTrip,AI,AI-2975,2026-09-14,T+1,11796,2589,14385,2026-09-13T02:45:05.647Z,FALSE,"",06:30,FALSE
fare_DEL-IXC_AI_2026-09-14_T+1_1789268425674_bu1s,DEL-IXC,EaseMyTrip,AI,AI-2995,2026-09-14,T+1,11925,2618,14543,2026-09-13T02:45:05.647Z,FALSE,"",10:00,FALSE
fare_DEL-IXC_AI_2026-09-14_T+1_1789268425674_xjvi,DEL-IXC,EaseMyTrip,AI,AI-9484,2026-09-14,T+1,12024,2639,14663,2026-09-13T02:45:05.647Z,FALSE,"",23:25,FALSE
fare_DEL-IXC_AI_2026-09-14_T+1_1789268425674_bgtg,DEL-IXC,EaseMyTrip,AI,AI-2951,2026-09-14,T+1,12097,2656,14753,2026-09-13T02:45:05.647Z,FALSE,"",13:30,FALSE
fare_DEL-IXC_AI_2026-09-14_T+1_1789268425674_m2j1,DEL-IXC,EaseMyTrip,AI,AI-2957,2026-09-14,T+1,12155,2668,14823,2026-09-13T02:45:05.647Z,FALSE,"",20:30,FALSE
fare_DEL-IXC_AI_2026-09-14_T+1_1789268425674_je5b,DEL-IXC,EaseMyTrip,AI,AI-441,2026-09-14,T+1,12155,2668,14823,2026-09-13T02:45:05.647Z,FALSE,"",17:00,FALSE
fare_DEL-IXC_AI_2026-09-14_T+1_1789268425674_ssu6,DEL-IXC,EaseMyTrip,AI,AI-1777,2026-09-14,T+1,12284,2697,14981,2026-09-13T02:45:05.647Z,FALSE,"",16:00,FALSE
fare_DEL-IXC_AI_2026-09-14_T+1_1789268425674_u1s8,DEL-IXC,EaseMyTrip,AI,AI-2945,2026-09-14,T+1,12312,2703,15015,2026-09-13T02:45:05.647Z,FALSE,"",11:00,FALSE
fare_DEL-IXC_AI_2026-09-14_T+1_1789268425674_1lfu,DEL-IXC,EaseMyTrip,AI,AI-2971,2026-09-14,T+1,12430,2728,15158,2026-09-13T02:45:05.647Z,FALSE,"",16:00,FALSE
fare_DEL-IXC_AI_2026-09-14_T+1_1789268425674_qk3e,DEL-IXC,EaseMyTrip,AI,AI-2433,2026-09-14,T+1,12457,2734,15191,2026-09-13T02:45:05.647Z,FALSE,"",21:30,FALSE
fare_DEL-IXC_AI_2026-09-14_T+1_1789268425674_djvb,DEL-IXC,EaseMyTrip,AI,AI-2981,2026-09-14,T+1,12457,2734,15191,2026-09-13T02:45:05.647Z,FALSE,"",21:00,FALSE
fare_DEL-IXC_AI_2026-09-14_T+1_1789268425674_baaq,DEL-IXC,EaseMyTrip,AI,AI-2805,2026-09-14,T+1,12457,2734,15191,2026-09-13T02:45:05.647Z,FALSE,"",20:00,FALSE
fare_DEL-IXC_AI_2026-09-14_T+1_1789268425674_c38y,DEL-IXC,EaseMyTrip,AI,AI-2985,2026-09-14,T+1,12457,2734,15191,2026-09-13T02:45:05.647Z,FALSE,"",19:30,FALSE
fare_DEL-IXC_AI_2026-09-14_T+1_1789268425674_0d55,DEL-IXC,EaseMyTrip,AI,AI-1735,2026-09-14,T+1,12490,2742,15232,2026-09-13T02:45:05.647Z,FALSE,"",13:00,FALSE
fare_DEL-IXC_AI_2026-09-14_T+1_1789268425674_skc3,DEL-IXC,EaseMyTrip,AI,AI-2977,2026-09-14,T+1,12604,2767,15371,2026-09-13T02:45:05.647Z,FALSE,"",19:00,FALSE
fare_DEL-IXC_AI_2026-09-14_T+1_1789268425674_v7j0,DEL-IXC,EaseMyTrip,AI,AI-2941,2026-09-14,T+1,12671,2782,15453,2026-09-13T02:45:05.647Z,FALSE,"",16:30,FALSE
fare_DEL-IXC_AI_2026-09-14_T+1_1789268425674_vro4,DEL-IXC,EaseMyTrip,AI,AI-2933,2026-09-14,T+1,13188,2895,16083,2026-09-13T02:45:05.647Z,FALSE,"",15:30,FALSE
fare_DEL-IXC_AI_2026-09-14_T+1_1789268425674_rbw0,DEL-IXC,EaseMyTrip,AI,AI-2955,2026-09-14,T+1,14807,3250,18057,2026-09-13T02:45:05.647Z,FALSE,"",18:00,FALSE
fare_DEL-IXC_AI_2026-09-14_T+1_1789268425674_nmxh,DEL-IXC,EaseMyTrip,AI,AI-1730,2026-09-14,T+1,16727,3672,20399,2026-09-13T02:45:05.647Z,TRUE,"High outlier: ₹20399 > upper fence ₹18972 (Q3: ₹15166, IQR: ₹2537)",19:10,FALSE
fare_DEL-IXC_AI_2026-10-13_T+30_1789268425675_mh9n,DEL-IXC,EaseMyTrip,AI,AI-2532,2026-10-13,T+30,4193,920,5113,2026-09-13T02:45:23.577Z,TRUE,"Low outlier: ₹5113 < lower fence ₹13389 (Q1: ₹14661, IQR: ₹848)",11:20,TRUE
fare_DEL-IXC_6E_2026-10-13_T+30_1789268425675_ujjv,DEL-IXC,EaseMyTrip,6E,6E-6050,2026-10-13,T+30,4279,939,5218,2026-09-13T02:45:23.577Z,TRUE,"Low outlier: ₹5218 < lower fence ₹13389 (Q1: ₹14661, IQR: ₹848)",08:15,TRUE
fare_DEL-IXC_6E_2026-10-13_T+30_1789268425675_ccju,DEL-IXC,EaseMyTrip,6E,6E-5038,2026-10-13,T+30,4279,939,5218,2026-09-13T02:45:23.577Z,TRUE,"Low outlier: ₹5218 < lower fence ₹13389 (Q1: ₹14661, IQR: ₹848)",14:00,TRUE
fare_DEL-IXC_AI_2026-10-13_T+30_1789268425675_fk58,DEL-IXC,EaseMyTrip,AI,AI-1743,2026-10-13,T+30,4513,991,5504,2026-09-13T02:45:23.577Z,TRUE,"Low outlier: ₹5504 < lower fence ₹13389 (Q1: ₹14661, IQR: ₹848)",06:15,TRUE
fare_DEL-IXC_AI_2026-10-13_T+30_1789268425675_w367,DEL-IXC,EaseMyTrip,AI,AI-1742,2026-10-13,T+30,4987,1095,6082,2026-09-13T02:45:23.577Z,TRUE,"Low outlier: ₹6082 < lower fence ₹13389 (Q1: ₹14661, IQR: ₹848)",20:00,TRUE
fare_DEL-IXC_AI_2026-10-13_T+30_1789268425675_4pco,DEL-IXC,EaseMyTrip,AI,AI-2706,2026-10-13,T+30,5323,1169,6492,2026-09-13T02:45:23.577Z,TRUE,"Low outlier: ₹6492 < lower fence ₹13389 (Q1: ₹14661, IQR: ₹848)",14:10,TRUE
fare_DEL-IXC_6E_2026-10-13_T+30_1789268425675_qpzn,DEL-IXC,EaseMyTrip,6E,6E-6632,2026-10-13,T+30,6840,1502,8342,2026-09-13T02:45:23.577Z,TRUE,"Low outlier: ₹8342 < lower fence ₹13389 (Q1: ₹14661, IQR: ₹848)",17:50,TRUE
fare_DEL-IXC_AI_2026-10-13_T+30_1789268425675_2i58,DEL-IXC,EaseMyTrip,AI,AI-2601,2026-10-13,T+30,7651,1680,9331,2026-09-13T02:45:23.577Z,TRUE,"Low outlier: ₹9331 < lower fence ₹13389 (Q1: ₹14661, IQR: ₹848)",17:00,TRUE
fare_DEL-IXC_6E_2026-10-13_T+30_1789268425675_gur7,DEL-IXC,EaseMyTrip,6E,6E-7671,2026-10-13,T+30,10453,2295,12748,2026-09-13T02:45:23.577Z,TRUE,"Low outlier: ₹12748 < lower fence ₹13389 (Q1: ₹14661, IQR: ₹848)",09:55,FALSE
fare_DEL-IXC_AI_2026-10-13_T+30_1789268425675_jqxp,DEL-IXC,EaseMyTrip,AI,AI-2479,2026-10-13,T+30,11072,2430,13502,2026-09-13T02:45:23.577Z,FALSE,"",04:55,FALSE
fare_DEL-IXC_AI_2026-10-13_T+30_1789268425675_amk2,DEL-IXC,EaseMyTrip,AI,AI-2469,2026-10-13,T+30,11946,2622,14568,2026-09-13T02:45:23.577Z,FALSE,"",04:45,FALSE
fare_DEL-IXC_AI_2026-10-13_T+30_1789268425675_61mg,DEL-IXC,EaseMyTrip,AI,AI-1735,2026-10-13,T+30,12098,2656,14754,2026-09-13T02:45:23.577Z,FALSE,"",13:00,FALSE
fare_DEL-IXC_AI_2026-10-13_T+30_1789268425675_etv2,DEL-IXC,EaseMyTrip,AI,AI-1745,2026-10-13,T+30,12324,2705,15029,2026-09-13T02:45:23.577Z,FALSE,"",05:00,FALSE
fare_DEL-IXC_AI_2026-10-13_T+30_1789268425675_njzw,DEL-IXC,EaseMyTrip,AI,AI-2971,2026-10-13,T+30,12386,2719,15105,2026-09-13T02:45:23.577Z,FALSE,"",16:00,FALSE
fare_DEL-IXC_AI_2026-10-13_T+30_1789268425675_h4k8,DEL-IXC,EaseMyTrip,AI,AI-2945,2026-10-13,T+30,12416,2725,15141,2026-09-13T02:45:23.577Z,FALSE,"",11:00,FALSE
fare_DEL-IXC_AI_2026-10-13_T+30_1789268425675_n31m,DEL-IXC,EaseMyTrip,AI,AI-2425,2026-10-13,T+30,12416,2725,15141,2026-09-13T02:45:23.577Z,FALSE,"",10:30,FALSE
fare_DEL-IXC_AI_2026-10-13_T+30_1789268425675_9hwd,DEL-IXC,EaseMyTrip,AI,AI-2995,2026-10-13,T+30,12416,2725,15141,2026-09-13T02:45:23.577Z,FALSE,"",10:00,FALSE
fare_DEL-IXC_AI_2026-10-13_T+30_1789268425675_xc0c,DEL-IXC,EaseMyTrip,AI,AI-2963,2026-10-13,T+30,12416,2725,15141,2026-09-13T02:45:23.577Z,FALSE,"",09:00,FALSE
fare_DEL-IXC_AI_2026-10-13_T+30_1789268425675_16su,DEL-IXC,EaseMyTrip,AI,AI-2678,2026-10-13,T+30,12416,2725,15141,2026-09-13T02:45:23.577Z,FALSE,"",08:30,FALSE
fare_DEL-IXC_AI_2026-10-13_T+30_1789268425675_57as,DEL-IXC,EaseMyTrip,AI,AI-441,2026-10-13,T+30,12416,2725,15141,2026-09-13T02:45:23.577Z,FALSE,"",17:00,FALSE
fare_DEL-IXC_AI_2026-10-13_T+30_1789268425675_pchl,DEL-IXC,EaseMyTrip,AI,AI-2933,2026-10-13,T+30,12416,2725,15141,2026-09-13T02:45:23.577Z,FALSE,"",15:30,FALSE
fare_DEL-IXC_AI_2026-10-13_T+30_1789268425675_nqi1,DEL-IXC,EaseMyTrip,AI,AI-2441,2026-10-13,T+30,12416,2725,15141,2026-09-13T02:45:23.577Z,FALSE,"",14:10,FALSE
fare_DEL-IXC_AI_2026-10-13_T+30_1789268425675_eys2,DEL-IXC,EaseMyTrip,AI,AI-2973,2026-10-13,T+30,12440,2731,15171,2026-09-13T02:45:23.577Z,FALSE,"",20:50,FALSE
fare_DEL-IXC_AI_2026-10-13_T+30_1789268425675_7hkp,DEL-IXC,EaseMyTrip,AI,AI-2975,2026-10-13,T+30,12545,2754,15299,2026-09-13T02:45:23.577Z,FALSE,"",06:30,FALSE
fare_DEL-IXC_AI_2026-10-13_T+30_1789268425675_bzvk,DEL-IXC,EaseMyTrip,AI,AI-2951,2026-10-13,T+30,12545,2754,15299,2026-09-13T02:45:23.577Z,FALSE,"",13:30,FALSE
fare_DEL-IXC_AI_2026-10-13_T+30_1789268425675_gde0,DEL-IXC,EaseMyTrip,AI,AI-1777,2026-10-13,T+30,12554,2756,15310,2026-09-13T02:45:23.577Z,FALSE,"",16:00,FALSE
fare_DEL-IXC_AI_2026-10-13_T+30_1789268425675_aql2,DEL-IXC,EaseMyTrip,AI,AI-1785,2026-10-13,T+30,12554,2756,15310,2026-09-13T02:45:23.577Z,FALSE,"",12:00,FALSE
fare_DEL-IXC_AI_2026-10-13_T+30_1789268425675_5wn7,DEL-IXC,EaseMyTrip,AI,AI-9486,2026-10-13,T+30,12556,2756,15312,2026-09-13T02:45:23.577Z,FALSE,"",17:50,FALSE
fare_DEL-IXC_AI_2026-10-13_T+30_1789268425675_kah4,DEL-IXC,EaseMyTrip,AI,AI-2547,2026-10-13,T+30,12565,2758,15323,2026-09-13T02:45:23.577Z,FALSE,"",17:40,FALSE
fare_DEL-IXC_AI_2026-10-13_T+30_1789268425675_hjel,DEL-IXC,EaseMyTrip,AI,AI-2943,2026-10-13,T+30,12717,2792,15509,2026-09-13T02:45:23.577Z,FALSE,"",07:30,FALSE
fare_DEL-IXC_AI_2026-10-13_T+30_1789268425675_xcb2,DEL-IXC,EaseMyTrip,AI,AI-2429,2026-10-13,T+30,12717,2792,15509,2026-09-13T02:45:23.577Z,FALSE,"",07:00,FALSE
fare_DEL-IXC_AI_2026-10-13_T+30_1789268425675_6rv0,DEL-IXC,EaseMyTrip,AI,AI-2433,2026-10-13,T+30,12717,2792,15509,2026-09-13T02:45:23.577Z,FALSE,"",21:30,FALSE
fare_DEL-IXC_AI_2026-10-13_T+30_1789268425675_jbg9,DEL-IXC,EaseMyTrip,AI,AI-2981,2026-10-13,T+30,12717,2792,15509,2026-09-13T02:45:23.577Z,FALSE,"",21:00,FALSE
fare_DEL-IXC_AI_2026-10-13_T+30_1789268425675_l0rw,DEL-IXC,EaseMyTrip,AI,AI-2957,2026-10-13,T+30,12717,2792,15509,2026-09-13T02:45:23.577Z,FALSE,"",20:30,FALSE
fare_DEL-IXC_AI_2026-10-13_T+30_1789268425675_rhux,DEL-IXC,EaseMyTrip,AI,AI-1730,2026-10-13,T+30,12736,2796,15532,2026-09-13T02:45:23.577Z,FALSE,"",19:10,FALSE
fare_DEL-IXC_AI_2026-10-13_T+30_1789268425675_r282,DEL-IXC,EaseMyTrip,AI,AI-2985,2026-10-13,T+30,12865,2824,15689,2026-09-13T02:45:23.577Z,FALSE,"",19:30,FALSE
fare_DEL-IXC_6E_2026-10-13_T+30_1789268425675_6s18,DEL-IXC,EaseMyTrip,6E,6E-7483,2026-10-13,T+30,12781,2805,15586,2026-09-13T02:45:23.577Z,FALSE,"",07:20,FALSE
fare_DEL-IXC_AI_2026-10-13_T+30_1789268425675_gy9l,DEL-IXC,EaseMyTrip,AI,AI-2977,2026-10-13,T+30,13307,2921,16228,2026-09-13T02:45:23.577Z,FALSE,"",19:00,FALSE
fare_DEL-IXC_AI_2026-10-13_T+30_1789268425675_sjqd,DEL-IXC,EaseMyTrip,AI,AI-2909,2026-10-13,T+30,17321,3802,21123,2026-09-13T02:45:23.577Z,TRUE,"High outlier: ₹21123 > upper fence ₹16781 (Q3: ₹15509, IQR: ₹848)",22:30,FALSE
fare_DEL-IXC_AI_2026-10-13_T+30_1789268425675_zn0p,DEL-IXC,EaseMyTrip,AI,AI-2545,2026-10-13,T+30,17321,3802,21123,2026-09-13T02:45:23.577Z,TRUE,"High outlier: ₹21123 > upper fence ₹16781 (Q3: ₹15509, IQR: ₹848)",20:30,FALSE
fare_DEL-IXC_AI_2026-10-13_T+30_1789268425675_q5ue,DEL-IXC,EaseMyTrip,AI,AI-809,2026-10-13,T+30,17321,3802,21123,2026-09-13T02:45:23.577Z,TRUE,"High outlier: ₹21123 > upper fence ₹16781 (Q3: ₹15509, IQR: ₹848)",17:40,FALSE
fare_DEL-IXC_AI_2026-10-13_T+30_1789268425675_rw07,DEL-IXC,EaseMyTrip,AI,AI-2939,2026-10-13,T+30,17321,3802,21123,2026-09-13T02:45:23.577Z,TRUE,"High outlier: ₹21123 > upper fence ₹16781 (Q3: ₹15509, IQR: ₹848)",16:40,FALSE
fare_DEL-IXC_AI_2026-10-13_T+30_1789268425675_bm0k,DEL-IXC,EaseMyTrip,AI,AI-881,2026-10-13,T+30,17321,3802,21123,2026-09-13T02:45:23.577Z,TRUE,"High outlier: ₹21123 > upper fence ₹16781 (Q3: ₹15509, IQR: ₹848)",13:35,FALSE
fare_DEL-IXC_AI_2026-10-28_T+45_1789268425675_jrhy,DEL-IXC,EaseMyTrip,AI,AI-2643,2026-10-28,T+45,3858,847,4705,2026-09-13T02:45:29.345Z,TRUE,"Low outlier: ₹4705 < lower fence ₹14621 (Q1: ₹15392, IQR: ₹514)",06:00,TRUE
fare_DEL-IXC_AI_2026-10-28_T+45_1789268425675_gsl6,DEL-IXC,EaseMyTrip,AI,AI-2706,2026-10-28,T+45,4193,920,5113,2026-09-13T02:45:29.345Z,TRUE,"Low outlier: ₹5113 < lower fence ₹14621 (Q1: ₹15392, IQR: ₹514)",14:10,TRUE
fare_DEL-IXC_6E_2026-10-28_T+45_1789268425675_2qyy,DEL-IXC,EaseMyTrip,6E,6E-2557,2026-10-28,T+45,4279,939,5218,2026-09-13T02:45:29.345Z,TRUE,"Low outlier: ₹5218 < lower fence ₹14621 (Q1: ₹15392, IQR: ₹514)",21:50,TRUE
fare_DEL-IXC_6E_2026-10-28_T+45_1789268425675_cgvw,DEL-IXC,EaseMyTrip,6E,6E-6050,2026-10-28,T+45,4279,939,5218,2026-09-13T02:45:29.345Z,TRUE,"Low outlier: ₹5218 < lower fence ₹14621 (Q1: ₹15392, IQR: ₹514)",09:20,TRUE
fare_DEL-IXC_AI_2026-10-28_T+45_1789268425675_k97b,DEL-IXC,EaseMyTrip,AI,AI-2532,2026-10-28,T+45,4513,991,5504,2026-09-13T02:45:29.345Z,TRUE,"Low outlier: ₹5504 < lower fence ₹14621 (Q1: ₹15392, IQR: ₹514)",11:05,TRUE
fare_DEL-IXC_6E_2026-10-28_T+45_1789268425675_wzq9,DEL-IXC,EaseMyTrip,6E,6E-5162,2026-10-28,T+45,4430,972,5402,2026-09-13T02:45:29.345Z,TRUE,"Low outlier: ₹5402 < lower fence ₹14621 (Q1: ₹15392, IQR: ₹514)",18:45,TRUE
fare_DEL-IXC_AI_2026-10-28_T+45_1789268425675_17oo,DEL-IXC,EaseMyTrip,AI,AI-1742,2026-10-28,T+45,5323,1169,6492,2026-09-13T02:45:29.345Z,TRUE,"Low outlier: ₹6492 < lower fence ₹14621 (Q1: ₹15392, IQR: ₹514)",19:30,TRUE
fare_DEL-IXC_AI_2026-10-28_T+45_1789268425675_jpq6,DEL-IXC,EaseMyTrip,AI,AI-9836,2026-10-28,T+45,12556,2756,15312,2026-09-13T02:45:29.345Z,FALSE,"",08:45,FALSE
fare_DEL-IXC_AI_2026-10-28_T+45_1789268425675_27q1,DEL-IXC,EaseMyTrip,AI,AI-9550,2026-10-28,T+45,12556,2756,15312,2026-09-13T02:45:29.345Z,FALSE,"",20:40,FALSE
fare_DEL-IXC_AI_2026-10-28_T+45_1789268425675_npu9,DEL-IXC,EaseMyTrip,AI,AI-2425,2026-10-28,T+45,12817,2813,15630,2026-09-13T02:45:29.345Z,FALSE,"",10:30,FALSE
fare_DEL-IXC_AI_2026-10-28_T+45_1789268425675_sqqw,DEL-IXC,EaseMyTrip,AI,AI-2975,2026-10-28,T+45,12817,2813,15630,2026-09-13T02:45:29.345Z,FALSE,"",06:30,FALSE
fare_DEL-IXC_AI_2026-10-28_T+45_1789268425675_k18c,DEL-IXC,EaseMyTrip,AI,AI-2927,2026-10-28,T+45,12817,2813,15630,2026-09-13T02:45:29.345Z,FALSE,"",09:30,FALSE
fare_DEL-IXC_AI_2026-10-28_T+45_1789268425675_ko7g,DEL-IXC,EaseMyTrip,AI,AI-2963,2026-10-28,T+45,12817,2813,15630,2026-09-13T02:45:29.345Z,FALSE,"",09:00,FALSE
fare_DEL-IXC_AI_2026-10-28_T+45_1789268425675_z04e,DEL-IXC,EaseMyTrip,AI,AI-2573,2026-10-28,T+45,12817,2813,15630,2026-09-13T02:45:29.345Z,FALSE,"",05:30,FALSE
fare_DEL-IXC_AI_2026-10-28_T+45_1789268425675_934p,DEL-IXC,EaseMyTrip,AI,AI-2678,2026-10-28,T+45,12817,2813,15630,2026-09-13T02:45:29.345Z,FALSE,"",08:30,FALSE
fare_DEL-IXC_AI_2026-10-28_T+45_1789268425675_bb3j,DEL-IXC,EaseMyTrip,AI,AI-2437,2026-10-28,T+45,12817,2813,15630,2026-09-13T02:45:29.345Z,FALSE,"",22:30,FALSE
fare_DEL-IXC_AI_2026-10-28_T+45_1789268425675_r2h7,DEL-IXC,EaseMyTrip,AI,AI-2999,2026-10-28,T+45,12817,2813,15630,2026-09-13T02:45:29.345Z,FALSE,"",22:00,FALSE
fare_DEL-IXC_AI_2026-10-28_T+45_1789268425675_mpz4,DEL-IXC,EaseMyTrip,AI,AI-2981,2026-10-28,T+45,12817,2813,15630,2026-09-13T02:45:29.345Z,FALSE,"",21:00,FALSE
fare_DEL-IXC_AI_2026-10-28_T+45_1789268425675_ruqi,DEL-IXC,EaseMyTrip,AI,AI-2957,2026-10-28,T+45,12817,2813,15630,2026-09-13T02:45:29.345Z,FALSE,"",20:30,FALSE
fare_DEL-IXC_AI_2026-10-28_T+45_1789268425675_muky,DEL-IXC,EaseMyTrip,AI,AI-2555,2026-10-28,T+45,12817,2813,15630,2026-09-13T02:45:29.345Z,FALSE,"",17:30,FALSE
fare_DEL-IXC_AI_2026-10-28_T+45_1789268425675_jqph,DEL-IXC,EaseMyTrip,AI,AI-441,2026-10-28,T+45,12817,2813,15630,2026-09-13T02:45:29.345Z,FALSE,"",17:05,FALSE
fare_DEL-IXC_AI_2026-10-28_T+45_1789268425675_659i,DEL-IXC,EaseMyTrip,AI,AI-2941,2026-10-28,T+45,12817,2813,15630,2026-09-13T02:45:29.345Z,FALSE,"",16:30,FALSE
fare_DEL-IXC_AI_2026-10-28_T+45_1789268425675_6pi6,DEL-IXC,EaseMyTrip,AI,AI-2587,2026-10-28,T+45,12817,2813,15630,2026-09-13T02:45:29.345Z,FALSE,"",12:00,FALSE
fare_DEL-IXC_AI_2026-10-28_T+45_1789268425675_xjl9,DEL-IXC,EaseMyTrip,AI,AI-2943,2026-10-28,T+45,12967,2847,15814,2026-09-13T02:45:29.345Z,FALSE,"",07:30,FALSE
fare_DEL-IXC_AI_2026-10-28_T+45_1789268425675_seft,DEL-IXC,EaseMyTrip,AI,AI-2433,2026-10-28,T+45,12967,2847,15814,2026-09-13T02:45:29.345Z,FALSE,"",21:30,FALSE
fare_DEL-IXC_AI_2026-10-28_T+45_1789268425675_7m13,DEL-IXC,EaseMyTrip,AI,AI-2439,2026-10-28,T+45,13068,2868,15936,2026-09-13T02:45:29.345Z,FALSE,"",23:00,FALSE
fare_DEL-IXC_AI_2026-10-28_T+45_1789268425675_63kk,DEL-IXC,EaseMyTrip,AI,AI-2429,2026-10-28,T+45,13186,2895,16081,2026-09-13T02:45:29.345Z,FALSE,"",07:00,FALSE
fare_DEL-IXC_AI_2026-10-28_T+45_1789268425675_xaim,DEL-IXC,EaseMyTrip,AI,AI-2933,2026-10-28,T+45,13186,2895,16081,2026-09-13T02:45:29.345Z,FALSE,"",15:30,FALSE
fare_DEL-IXC_AI_2026-10-28_T+45_1789268425675_toub,DEL-IXC,EaseMyTrip,AI,AI-2951,2026-10-28,T+45,13186,2895,16081,2026-09-13T02:45:29.345Z,FALSE,"",13:30,FALSE
fare_DEL-IXC_AI_2026-10-28_T+45_1789268425675_uqaw,DEL-IXC,EaseMyTrip,AI,AI-2985,2026-10-28,T+45,13348,2930,16278,2026-09-13T02:45:29.345Z,FALSE,"",19:30,FALSE
fare_DEL-IXC_AI_2026-10-28_T+45_1789268425675_pia0,DEL-IXC,EaseMyTrip,AI,AI-2945,2026-10-28,T+45,13359,2932,16291,2026-09-13T02:45:29.345Z,FALSE,"",11:00,FALSE
fare_DEL-IXC_AI_2026-10-28_T+45_1789268425675_p76z,DEL-IXC,EaseMyTrip,AI,AI-2805,2026-10-28,T+45,13455,2953,16408,2026-09-13T02:45:29.345Z,FALSE,"",20:00,FALSE
fare_DEL-IXC_AI_2026-10-28_T+45_1789268425675_ycca,DEL-IXC,EaseMyTrip,AI,AI-2977,2026-10-28,T+45,13617,2989,16606,2026-09-13T02:45:29.345Z,FALSE,"",19:00,FALSE
fare_DEL-IXC_AI_2026-10-28_T+45_1789268425675_yxqy,DEL-IXC,EaseMyTrip,AI,AI-2955,2026-10-28,T+45,13617,2989,16606,2026-09-13T02:45:29.345Z,FALSE,"",18:00,FALSE
fare_DEL-IXC_AI_2026-09-20_T+7_1789268425675_niy0,DEL-IXC,EaseMyTrip,AI,AI-2706,2026-09-20,T+7,3858,847,4705,2026-09-13T02:45:11.538Z,TRUE,"Low outlier: ₹4705 < lower fence ₹11630 (Q1: ₹14573, IQR: ₹1962)",14:10,TRUE
fare_DEL-IXC_AI_2026-09-20_T+7_1789268425675_xjpi,DEL-IXC,EaseMyTrip,AI,AI-1742,2026-09-20,T+7,3858,847,4705,2026-09-13T02:45:11.538Z,TRUE,"Low outlier: ₹4705 < lower fence ₹11630 (Q1: ₹14573, IQR: ₹1962)",20:00,TRUE
fare_DEL-IXC_AI_2026-09-20_T+7_1789268425675_yqd6,DEL-IXC,EaseMyTrip,AI,AI-1743,2026-09-20,T+7,3858,847,4705,2026-09-13T02:45:11.538Z,TRUE,"Low outlier: ₹4705 < lower fence ₹11630 (Q1: ₹14573, IQR: ₹1962)",06:20,TRUE
fare_DEL-IXC_6E_2026-09-20_T+7_1789268425675_esm6,DEL-IXC,EaseMyTrip,6E,6E-5038,2026-09-20,T+7,5118,1124,6242,2026-09-13T02:45:11.538Z,TRUE,"Low outlier: ₹6242 < lower fence ₹11630 (Q1: ₹14573, IQR: ₹1962)",14:00,TRUE
fare_DEL-IXC_6E_2026-09-20_T+7_1789268425675_xg39,DEL-IXC,EaseMyTrip,6E,6E-2037,2026-09-20,T+7,6668,1464,8132,2026-09-13T02:45:11.538Z,TRUE,"Low outlier: ₹8132 < lower fence ₹11630 (Q1: ₹14573, IQR: ₹1962)",17:45,TRUE
fare_DEL-IXC_AI_2026-09-20_T+7_1789268425675_psxn,DEL-IXC,EaseMyTrip,AI,AI-2601,2026-09-20,T+7,10478,2300,12778,2026-09-13T02:45:11.538Z,FALSE,"",17:00,TRUE
fare_DEL-IXC_AI_2026-09-20_T+7_1789268425675_bdmv,DEL-IXC,EaseMyTrip,AI,AI-2469,2026-09-20,T+7,11257,2471,13728,2026-09-13T02:45:11.538Z,FALSE,"",04:45,FALSE
fare_DEL-IXC_AI_2026-09-20_T+7_1789268425675_3e8b,DEL-IXC,EaseMyTrip,AI,AI-2711,2026-09-20,T+7,11257,2471,13728,2026-09-13T02:45:11.538Z,FALSE,"",02:00,FALSE
fare_DEL-IXC_AI_2026-09-20_T+7_1789268425675_ao1b,DEL-IXC,EaseMyTrip,AI,AI-2609,2026-09-20,T+7,11589,2544,14133,2026-09-13T02:45:11.538Z,FALSE,"",23:50,FALSE
fare_DEL-IXC_AI_2026-09-20_T+7_1789268425675_2oub,DEL-IXC,EaseMyTrip,AI,AI-1797,2026-09-20,T+7,11876,2607,14483,2026-09-13T02:45:11.538Z,FALSE,"",05:45,FALSE
fare_DEL-IXC_AI_2026-09-20_T+7_1789268425675_babb,DEL-IXC,EaseMyTrip,AI,AI-9484,2026-09-20,T+7,12024,2639,14663,2026-09-13T02:45:11.538Z,FALSE,"",23:25,FALSE
fare_DEL-IXC_AI_2026-09-20_T+7_1789268425675_hy1j,DEL-IXC,EaseMyTrip,AI,AI-2973,2026-09-20,T+7,12161,2670,14831,2026-09-13T02:45:11.538Z,FALSE,"",20:50,FALSE
fare_DEL-IXC_AI_2026-09-20_T+7_1789268425675_0yd7,DEL-IXC,EaseMyTrip,AI,AI-2547,2026-09-20,T+7,12823,2815,15638,2026-09-13T02:45:11.538Z,FALSE,"",17:40,FALSE
fare_DEL-IXC_AI_2026-09-20_T+7_1789268425675_k6oy,DEL-IXC,EaseMyTrip,AI,AI-2957,2026-09-20,T+7,12930,2838,15768,2026-09-13T02:45:11.538Z,FALSE,"",20:30,FALSE
fare_DEL-IXC_AI_2026-09-20_T+7_1789268425675_rjkc,DEL-IXC,EaseMyTrip,AI,AI-2805,2026-09-20,T+7,12930,2838,15768,2026-09-13T02:45:11.538Z,FALSE,"",20:00,FALSE
fare_DEL-IXC_AI_2026-09-20_T+7_1789268425675_mh5j,DEL-IXC,EaseMyTrip,AI,AI-2985,2026-09-20,T+7,12930,2838,15768,2026-09-13T02:45:11.538Z,FALSE,"",19:30,FALSE
fare_DEL-IXC_AI_2026-09-20_T+7_1789268425675_byc8,DEL-IXC,EaseMyTrip,AI,AI-1730,2026-09-20,T+7,13022,2859,15881,2026-09-13T02:45:11.538Z,FALSE,"",19:10,FALSE
fare_DEL-IXC_AI_2026-09-20_T+7_1789268425675_qn1r,DEL-IXC,EaseMyTrip,AI,AI-9486,2026-09-20,T+7,13068,2868,15936,2026-09-13T02:45:11.538Z,FALSE,"",05:35,FALSE
fare_DEL-IXC_AI_2026-09-20_T+7_1789268425675_bynz,DEL-IXC,EaseMyTrip,AI,AI-2981,2026-09-20,T+7,13091,2874,15965,2026-09-13T02:45:11.538Z,FALSE,"",21:00,FALSE
fare_DEL-IXC_AI_2026-09-20_T+7_1789268425675_7j7n,DEL-IXC,EaseMyTrip,AI,AI-1745,2026-09-20,T+7,13236,2906,16142,2026-09-13T02:45:11.538Z,FALSE,"",05:00,FALSE
fare_DEL-IXC_AI_2026-09-20_T+7_1789268425675_q541,DEL-IXC,EaseMyTrip,AI,AI-2945,2026-09-20,T+7,13328,2926,16254,2026-09-13T02:45:11.538Z,FALSE,"",11:00,FALSE
fare_DEL-IXC_AI_2026-09-20_T+7_1789268425675_j6dt,DEL-IXC,EaseMyTrip,AI,AI-2425,2026-09-20,T+7,13328,2926,16254,2026-09-13T02:45:11.538Z,FALSE,"",10:30,FALSE
fare_DEL-IXC_AI_2026-09-20_T+7_1789268425675_edcx,DEL-IXC,EaseMyTrip,AI,AI-2995,2026-09-20,T+7,13328,2926,16254,2026-09-13T02:45:11.538Z,FALSE,"",10:00,FALSE
fare_DEL-IXC_AI_2026-09-20_T+7_1789268425675_fgpz,DEL-IXC,EaseMyTrip,AI,AI-2927,2026-09-20,T+7,13328,2926,16254,2026-09-13T02:45:11.538Z,FALSE,"",09:30,FALSE
fare_DEL-IXC_AI_2026-09-20_T+7_1789268425675_kni1,DEL-IXC,EaseMyTrip,AI,AI-2963,2026-09-20,T+7,13328,2926,16254,2026-09-13T02:45:11.538Z,FALSE,"",09:00,FALSE
fare_DEL-IXC_AI_2026-09-20_T+7_1789268425675_r4ho,DEL-IXC,EaseMyTrip,AI,AI-2678,2026-09-20,T+7,13328,2926,16254,2026-09-13T02:45:11.538Z,FALSE,"",08:30,FALSE
fare_DEL-IXC_AI_2026-09-20_T+7_1789268425675_fq2b,DEL-IXC,EaseMyTrip,AI,AI-2943,2026-09-20,T+7,13328,2926,16254,2026-09-13T02:45:11.538Z,FALSE,"",07:30,FALSE
fare_DEL-IXC_AI_2026-09-20_T+7_1789268425675_b3sv,DEL-IXC,EaseMyTrip,AI,AI-2429,2026-09-20,T+7,13328,2926,16254,2026-09-13T02:45:11.538Z,FALSE,"",07:00,FALSE
fare_DEL-IXC_AI_2026-09-20_T+7_1789268425675_4rpw,DEL-IXC,EaseMyTrip,AI,AI-2975,2026-09-20,T+7,13328,2926,16254,2026-09-13T02:45:11.538Z,FALSE,"",06:30,FALSE
fare_DEL-IXC_AI_2026-09-20_T+7_1789268425675_imia,DEL-IXC,EaseMyTrip,AI,AI-2971,2026-09-20,T+7,13789,3027,16816,2026-09-13T02:45:11.538Z,FALSE,"",16:00,FALSE
fare_DEL-IXC_AI_2026-09-20_T+7_1789268425675_1aw4,DEL-IXC,EaseMyTrip,AI,AI-1785,2026-09-20,T+7,14663,3219,17882,2026-09-13T02:45:11.538Z,FALSE,"",12:00,FALSE
fare_DEL-IXC_AI_2026-09-20_T+7_1789268425675_oy46,DEL-IXC,EaseMyTrip,AI,AI-2977,2026-09-20,T+7,15797,3468,19265,2026-09-13T02:45:11.538Z,FALSE,"",19:00,FALSE
fare_DEL-IXC_AI_2026-09-20_T+7_1789268425675_qv2x,DEL-IXC,EaseMyTrip,AI,AI-2955,2026-09-20,T+7,15797,3468,19265,2026-09-13T02:45:11.538Z,FALSE,"",18:00,FALSE
fare_DEL-IXC_AI_2026-09-20_T+7_1789268425675_wfxg,DEL-IXC,EaseMyTrip,AI,AI-1735,2026-09-20,T+7,16113,3537,19650,2026-09-13T02:45:11.538Z,TRUE,"High outlier: ₹19650 > upper fence ₹19478 (Q3: ₹16535, IQR: ₹1962)",13:00,FALSE
fare_DEL-IXC_AI_2026-09-20_T+7_1789268425675_acrg,DEL-IXC,EaseMyTrip,AI,AI-2951,2026-09-20,T+7,16236,3564,19800,2026-09-13T02:45:11.538Z,TRUE,"High outlier: ₹19800 > upper fence ₹19478 (Q3: ₹16535, IQR: ₹1962)",13:30,FALSE
fare_DEL-IXC_AI_2026-09-20_T+7_1789268425675_ggnp,DEL-IXC,EaseMyTrip,AI,AI-441,2026-09-20,T+7,16949,3720,20669,2026-09-13T02:45:11.538Z,TRUE,"High outlier: ₹20669 > upper fence ₹19478 (Q3: ₹16535, IQR: ₹1962)",17:00,FALSE
fare_DEL-IXC_AI_2026-09-20_T+7_1789268425675_r3iu,DEL-IXC,EaseMyTrip,AI,AI-2941,2026-09-20,T+7,16949,3720,20669,2026-09-13T02:45:11.538Z,TRUE,"High outlier: ₹20669 > upper fence ₹19478 (Q3: ₹16535, IQR: ₹1962)",16:30,FALSE
fare_DEL-IXC_AI_2026-09-20_T+7_1789268425675_g7ek,DEL-IXC,EaseMyTrip,AI,AI-1777,2026-09-20,T+7,17236,3784,21020,2026-09-13T02:45:11.538Z,TRUE,"High outlier: ₹21020 > upper fence ₹19478 (Q3: ₹16535, IQR: ₹1962)",16:00,FALSE
fare_DEL-IXC_AI_2026-09-20_T+7_1789268425675_dcc7,DEL-IXC,EaseMyTrip,AI,AI-2933,2026-09-20,T+7,19967,4383,24350,2026-09-13T02:45:11.538Z,TRUE,"High outlier: ₹24350 > upper fence ₹19478 (Q3: ₹16535, IQR: ₹1962)",15:30,FALSE
fare_DEL-PAT_SG_2026-09-14_T+1_1789268425675_gn9s,DEL-PAT,EaseMyTrip,SG,SG-2473,2026-09-14,T+1,5147,1130,6277,2026-09-13T02:44:04.952Z,FALSE,"",19:00,TRUE
fare_DEL-PAT_IX_2026-09-14_T+1_1789268425675_kmic,DEL-PAT,EaseMyTrip,IX,IX-1510,2026-09-14,T+1,5269,1156,6425,2026-09-13T02:44:04.952Z,FALSE,"",11:15,TRUE
fare_DEL-PAT_IX_2026-09-14_T+1_1789268425675_9qs9,DEL-PAT,EaseMyTrip,IX,IX-1825,2026-09-14,T+1,5269,1156,6425,2026-09-13T02:44:04.952Z,FALSE,"",14:40,TRUE
fare_DEL-PAT_IX_2026-09-14_T+1_1789268425675_ncrc,DEL-PAT,EaseMyTrip,IX,IX-1346,2026-09-14,T+1,5269,1156,6425,2026-09-13T02:44:04.952Z,FALSE,"",06:05,TRUE
fare_DEL-PAT_IX_2026-09-14_T+1_1789268425675_ha96,DEL-PAT,EaseMyTrip,IX,IX-1197,2026-09-14,T+1,5269,1156,6425,2026-09-13T02:44:04.952Z,FALSE,"",18:55,TRUE
fare_DEL-PAT_6E_2026-09-14_T+1_1789268425675_7oci,DEL-PAT,EaseMyTrip,6E,6E-6245,2026-09-14,T+1,5269,1157,6426,2026-09-13T02:44:04.952Z,FALSE,"",06:20,TRUE
fare_DEL-PAT_6E_2026-09-14_T+1_1789268425675_ipgm,DEL-PAT,EaseMyTrip,6E,6E-2453,2026-09-14,T+1,5269,1157,6426,2026-09-13T02:44:04.952Z,FALSE,"",13:35,TRUE
fare_DEL-PAT_6E_2026-09-14_T+1_1789268425675_8rhs,DEL-PAT,EaseMyTrip,6E,6E-6236,2026-09-14,T+1,5269,1157,6426,2026-09-13T02:44:04.952Z,FALSE,"",16:20,TRUE
fare_DEL-PAT_6E_2026-09-14_T+1_1789268425675_v7tx,DEL-PAT,EaseMyTrip,6E,6E-6497,2026-09-14,T+1,5269,1157,6426,2026-09-13T02:44:04.952Z,FALSE,"",18:40,TRUE
fare_DEL-PAT_6E_2026-09-14_T+1_1789268425675_27b6,DEL-PAT,EaseMyTrip,6E,6E-2482,2026-09-14,T+1,5269,1157,6426,2026-09-13T02:44:04.952Z,FALSE,"",19:55,TRUE
fare_DEL-PAT_AI_2026-09-14_T+1_1789268425675_lju4,DEL-PAT,EaseMyTrip,AI,AI-1749,2026-09-14,T+1,5483,1203,6686,2026-09-13T02:44:04.952Z,FALSE,"",08:00,TRUE
fare_DEL-PAT_AI_2026-09-14_T+1_1789268425675_5z68,DEL-PAT,EaseMyTrip,AI,AI-2549,2026-09-14,T+1,5483,1203,6686,2026-09-13T02:44:04.952Z,FALSE,"",16:45,TRUE
fare_DEL-PAT_6E_2026-09-14_T+1_1789268425675_o7wy,DEL-PAT,EaseMyTrip,6E,6E-2373,2026-09-14,T+1,5442,1194,6636,2026-09-13T02:44:04.952Z,FALSE,"",11:10,TRUE
fare_DEL-PAT_AI_2026-09-14_T+1_1789268425675_erai,DEL-PAT,EaseMyTrip,AI,AI-2645,2026-09-14,T+1,5655,1241,6896,2026-09-13T02:44:04.952Z,FALSE,"",13:05,TRUE
fare_DEL-PAT_AI_2026-09-14_T+1_1789268425675_nczp,DEL-PAT,EaseMyTrip,AI,AI-9486,2026-09-14,T+1,11812,2593,14405,2026-09-13T02:44:04.952Z,FALSE,"",05:35,FALSE
fare_DEL-PAT_AI_2026-09-14_T+1_1789268425675_70sz,DEL-PAT,EaseMyTrip,AI,AI-9484,2026-09-14,T+1,11942,2621,14563,2026-09-13T02:44:04.952Z,FALSE,"",23:25,FALSE
fare_DEL-PAT_AI_2026-09-14_T+1_1789268425675_ekkb,DEL-PAT,EaseMyTrip,AI,AI-1745,2026-09-14,T+1,11981,2630,14611,2026-09-13T02:44:04.952Z,FALSE,"",05:00,FALSE
fare_DEL-PAT_AI_2026-09-14_T+1_1789268425675_x15g,DEL-PAT,EaseMyTrip,AI,AI-2957,2026-09-14,T+1,11981,2630,14611,2026-09-13T02:44:04.952Z,FALSE,"",20:30,FALSE
fare_DEL-PAT_AI_2026-09-14_T+1_1789268425675_3xib,DEL-PAT,EaseMyTrip,AI,AI-441,2026-09-14,T+1,11981,2630,14611,2026-09-13T02:44:04.952Z,FALSE,"",17:00,FALSE
fare_DEL-PAT_AI_2026-09-14_T+1_1789268425675_c7q1,DEL-PAT,EaseMyTrip,AI,AI-2927,2026-09-14,T+1,11981,2630,14611,2026-09-13T02:44:04.952Z,FALSE,"",09:30,FALSE
fare_DEL-PAT_AI_2026-09-14_T+1_1789268425675_sxgh,DEL-PAT,EaseMyTrip,AI,AI-2963,2026-09-14,T+1,11981,2630,14611,2026-09-13T02:44:04.952Z,FALSE,"",09:00,FALSE
fare_DEL-PAT_AI_2026-09-14_T+1_1789268425675_bfp5,DEL-PAT,EaseMyTrip,AI,AI-2678,2026-09-14,T+1,11981,2630,14611,2026-09-13T02:44:04.952Z,FALSE,"",08:30,FALSE
fare_DEL-PAT_AI_2026-09-14_T+1_1789268425675_tde7,DEL-PAT,EaseMyTrip,AI,AI-2943,2026-09-14,T+1,12073,2650,14723,2026-09-13T02:44:04.952Z,FALSE,"",07:30,FALSE
fare_DEL-PAT_AI_2026-09-14_T+1_1789268425675_mokc,DEL-PAT,EaseMyTrip,AI,AI-2429,2026-09-14,T+1,12073,2650,14723,2026-09-13T02:44:04.952Z,FALSE,"",07:00,FALSE
fare_DEL-PAT_AI_2026-09-14_T+1_1789268425675_8hr8,DEL-PAT,EaseMyTrip,AI,AI-2975,2026-09-14,T+1,12073,2650,14723,2026-09-13T02:44:04.952Z,FALSE,"",06:30,FALSE
fare_DEL-PAT_AI_2026-09-14_T+1_1789268425676_qsm2,DEL-PAT,EaseMyTrip,AI,AI-2439,2026-09-14,T+1,12110,2658,14768,2026-09-13T02:44:04.952Z,FALSE,"",23:00,FALSE
fare_DEL-PAT_AI_2026-09-14_T+1_1789268425676_fcm7,DEL-PAT,EaseMyTrip,AI,AI-1777,2026-09-14,T+1,12111,2658,14769,2026-09-13T02:44:04.952Z,FALSE,"",16:00,FALSE
fare_DEL-PAT_AI_2026-09-14_T+1_1789268425676_xgpu,DEL-PAT,EaseMyTrip,AI,AI-2995,2026-09-14,T+1,12111,2658,14769,2026-09-13T02:44:04.952Z,FALSE,"",10:00,FALSE
fare_DEL-PAT_AI_2026-09-14_T+1_1789268425676_s7c5,DEL-PAT,EaseMyTrip,AI,AI-2433,2026-09-14,T+1,12283,2696,14979,2026-09-13T02:44:04.952Z,FALSE,"",21:30,FALSE
fare_DEL-PAT_AI_2026-09-14_T+1_1789268425676_mnt4,DEL-PAT,EaseMyTrip,AI,AI-2981,2026-09-14,T+1,12283,2696,14979,2026-09-13T02:44:04.952Z,FALSE,"",21:00,FALSE
fare_DEL-PAT_AI_2026-09-14_T+1_1789268425676_hz92,DEL-PAT,EaseMyTrip,AI,AI-2805,2026-09-14,T+1,12283,2696,14979,2026-09-13T02:44:04.952Z,FALSE,"",20:00,FALSE
fare_DEL-PAT_AI_2026-09-14_T+1_1789268425676_d9td,DEL-PAT,EaseMyTrip,AI,AI-2985,2026-09-14,T+1,12283,2696,14979,2026-09-13T02:44:04.952Z,FALSE,"",19:30,FALSE
fare_DEL-PAT_AI_2026-09-14_T+1_1789268425676_tgyw,DEL-PAT,EaseMyTrip,AI,AI-2951,2026-09-14,T+1,12283,2696,14979,2026-09-13T02:44:04.952Z,FALSE,"",13:30,FALSE
fare_DEL-PAT_AI_2026-09-14_T+1_1789268425676_o711,DEL-PAT,EaseMyTrip,AI,AI-2977,2026-09-14,T+1,12430,2729,15159,2026-09-13T02:44:04.952Z,FALSE,"",19:00,FALSE
fare_DEL-PAT_AI_2026-09-14_T+1_1789268425676_tqs9,DEL-PAT,EaseMyTrip,AI,AI-2941,2026-09-14,T+1,12498,2743,15241,2026-09-13T02:44:04.952Z,FALSE,"",16:30,FALSE
fare_DEL-PAT_AI_2026-09-14_T+1_1789268425676_y8g6,DEL-PAT,EaseMyTrip,AI,AI-2945,2026-09-14,T+1,12498,2743,15241,2026-09-13T02:44:04.952Z,FALSE,"",11:00,FALSE
fare_DEL-PAT_AI_2026-09-14_T+1_1789268425676_6nuk,DEL-PAT,EaseMyTrip,AI,AI-2933,2026-09-14,T+1,13014,2857,15871,2026-09-13T02:44:04.952Z,FALSE,"",15:30,FALSE
fare_DEL-PAT_AI_2026-09-14_T+1_1789268425676_l448,DEL-PAT,EaseMyTrip,AI,AI-2803,2026-09-14,T+1,14924,3276,18200,2026-09-13T02:44:04.952Z,FALSE,"",06:30,FALSE
fare_DEL-PAT_AI_2026-09-14_T+1_1789268425676_ohar,DEL-PAT,EaseMyTrip,AI,AI-2653,2026-09-14,T+1,14924,3276,18200,2026-09-13T02:44:04.952Z,FALSE,"",04:30,FALSE
fare_DEL-PAT_AI_2026-09-14_T+1_1789268425676_4jco,DEL-PAT,EaseMyTrip,AI,AI-2409,2026-09-14,T+1,15436,3388,18824,2026-09-13T02:44:04.952Z,FALSE,"",06:00,FALSE
fare_DEL-PAT_AI_2026-09-14_T+1_1789268425676_f097,DEL-PAT,EaseMyTrip,AI,AI-2809,2026-09-14,T+1,17465,3834,21299,2026-09-13T02:44:04.952Z,FALSE,"",19:30,FALSE
fare_DEL-PAT_AI_2026-09-14_T+1_1789268425676_e73w,DEL-PAT,EaseMyTrip,AI,AI-2487,2026-09-14,T+1,18793,4125,22918,2026-09-13T02:44:04.952Z,FALSE,"",18:30,FALSE
fare_DEL-PAT_AI_2026-09-14_T+1_1789268425676_jweg,DEL-PAT,EaseMyTrip,AI,AI-2817,2026-09-14,T+1,18793,4125,22918,2026-09-13T02:44:04.952Z,FALSE,"",16:30,FALSE
fare_DEL-PAT_AI_2026-09-14_T+1_1789268425676_0tfs,DEL-PAT,EaseMyTrip,AI,AI-2664,2026-09-14,T+1,18793,4125,22918,2026-09-13T02:44:04.952Z,FALSE,"",15:50,FALSE
fare_DEL-PAT_AI_2026-09-14_T+1_1789268425676_nrte,DEL-PAT,EaseMyTrip,AI,AI-2819,2026-09-14,T+1,19253,4226,23479,2026-09-13T02:44:04.952Z,FALSE,"",15:00,FALSE
fare_DEL-PAT_AI_2026-09-14_T+1_1789268425676_b8ru,DEL-PAT,EaseMyTrip,AI,AI-2512,2026-09-14,T+1,19368,4252,23620,2026-09-13T02:44:04.952Z,FALSE,"",19:00,FALSE
fare_DEL-PAT_AI_2026-09-14_T+1_1789268425676_g54l,DEL-PAT,EaseMyTrip,AI,AI-2417,2026-09-14,T+1,21671,4757,26428,2026-09-13T02:44:04.952Z,FALSE,"",13:00,FALSE
fare_DEL-PAT_AI_2026-09-14_T+1_1789268425676_8mpz,DEL-PAT,EaseMyTrip,AI,AI-809,2026-09-14,T+1,23128,5077,28205,2026-09-13T02:44:04.952Z,FALSE,"",17:40,FALSE
fare_DEL-PAT_6E_2026-10-13_T+30_1789268425676_jwq8,DEL-PAT,EaseMyTrip,6E,6E-2319,2026-10-13,T+30,4966,1090,6056,2026-09-13T02:44:22.705Z,FALSE,"",09:55,FALSE
fare_DEL-PAT_IX_2026-10-13_T+30_1789268425676_67ft,DEL-PAT,EaseMyTrip,IX,IX-1825,2026-10-13,T+30,5269,1156,6425,2026-09-13T02:44:22.705Z,FALSE,"",14:50,TRUE
fare_DEL-PAT_IX_2026-10-13_T+30_1789268425676_820c,DEL-PAT,EaseMyTrip,IX,IX-1510,2026-10-13,T+30,5269,1156,6425,2026-09-13T02:44:22.705Z,FALSE,"",11:15,TRUE
fare_DEL-PAT_IX_2026-10-13_T+30_1789268425676_bkiu,DEL-PAT,EaseMyTrip,IX,IX-1197,2026-10-13,T+30,5269,1156,6425,2026-09-13T02:44:22.705Z,FALSE,"",19:00,TRUE
fare_DEL-PAT_SG_2026-10-13_T+30_1789268425676_tbax,DEL-PAT,EaseMyTrip,SG,SG-2473,2026-10-13,T+30,5251,1153,6404,2026-09-13T02:44:22.705Z,FALSE,"",19:00,TRUE
fare_DEL-PAT_6E_2026-10-13_T+30_1789268425676_wrhk,DEL-PAT,EaseMyTrip,6E,6E-2113,2026-10-13,T+30,5030,1104,6134,2026-09-13T02:44:22.705Z,FALSE,"",13:20,FALSE
fare_DEL-PAT_6E_2026-10-13_T+30_1789268425676_zemq,DEL-PAT,EaseMyTrip,6E,6E-2147,2026-10-13,T+30,5030,1104,6134,2026-09-13T02:44:22.705Z,FALSE,"",11:10,FALSE
fare_DEL-PAT_IX_2026-10-13_T+30_1789268425676_3me9,DEL-PAT,EaseMyTrip,IX,IX-1346,2026-10-13,T+30,5441,1194,6635,2026-09-13T02:44:22.705Z,FALSE,"",06:10,TRUE
fare_DEL-PAT_6E_2026-10-13_T+30_1789268425676_wmez,DEL-PAT,EaseMyTrip,6E,6E-6245,2026-10-13,T+30,5269,1157,6426,2026-09-13T02:44:22.705Z,FALSE,"",06:20,TRUE
fare_DEL-PAT_6E_2026-10-13_T+30_1789268425676_axv6,DEL-PAT,EaseMyTrip,6E,6E-2769,2026-10-13,T+30,5269,1157,6426,2026-09-13T02:44:22.705Z,FALSE,"",08:10,TRUE
fare_DEL-PAT_6E_2026-10-13_T+30_1789268425676_93je,DEL-PAT,EaseMyTrip,6E,6E-6236,2026-10-13,T+30,5269,1157,6426,2026-09-13T02:44:22.705Z,FALSE,"",16:20,TRUE
fare_DEL-PAT_6E_2026-10-13_T+30_1789268425676_2zyq,DEL-PAT,EaseMyTrip,6E,6E-6497,2026-10-13,T+30,5269,1157,6426,2026-09-13T02:44:22.705Z,FALSE,"",18:40,TRUE
fare_DEL-PAT_6E_2026-10-13_T+30_1789268425676_ioeg,DEL-PAT,EaseMyTrip,6E,6E-2482,2026-10-13,T+30,5269,1157,6426,2026-09-13T02:44:22.705Z,FALSE,"",19:55,TRUE
fare_DEL-PAT_6E_2026-10-13_T+30_1789268425676_i52j,DEL-PAT,EaseMyTrip,6E,6E-2373,2026-10-13,T+30,5442,1194,6636,2026-09-13T02:44:22.705Z,FALSE,"",11:10,TRUE
fare_DEL-PAT_6E_2026-10-13_T+30_1789268425676_ss4d,DEL-PAT,EaseMyTrip,6E,6E-2453,2026-10-13,T+30,5442,1194,6636,2026-09-13T02:44:22.705Z,FALSE,"",13:35,TRUE
fare_DEL-PAT_AI_2026-10-13_T+30_1789268425676_580w,DEL-PAT,EaseMyTrip,AI,AI-2549,2026-10-13,T+30,5655,1241,6896,2026-09-13T02:44:22.705Z,FALSE,"",16:45,TRUE
fare_DEL-PAT_AI_2026-10-13_T+30_1789268425676_vnfz,DEL-PAT,EaseMyTrip,AI,AI-1749,2026-10-13,T+30,5801,1273,7074,2026-09-13T02:44:22.705Z,FALSE,"",08:40,TRUE
fare_DEL-PAT_6E_2026-10-13_T+30_1789268425676_3wi7,DEL-PAT,EaseMyTrip,6E,6E-6370,2026-10-13,T+30,5718,1255,6973,2026-09-13T02:44:22.705Z,FALSE,"",06:40,FALSE
fare_DEL-PAT_AI_2026-10-13_T+30_1789268425676_k7x6,DEL-PAT,EaseMyTrip,AI,AI-2645,2026-10-13,T+30,5913,1298,7211,2026-09-13T02:44:22.705Z,FALSE,"",13:05,TRUE
fare_DEL-PAT_AI_2026-10-13_T+30_1789268425676_pmm3,DEL-PAT,EaseMyTrip,AI,AI-817,2026-10-13,T+30,11701,2568,14269,2026-09-13T02:44:22.705Z,FALSE,"",05:55,FALSE
fare_DEL-PAT_AI_2026-10-13_T+30_1789268425676_hxcs,DEL-PAT,EaseMyTrip,AI,AI-2959,2026-10-13,T+30,11842,2600,14442,2026-09-13T02:44:22.705Z,FALSE,"",07:10,FALSE
fare_DEL-PAT_AI_2026-10-13_T+30_1789268425676_ehpg,DEL-PAT,EaseMyTrip,AI,AI-441,2026-10-13,T+30,12073,2650,14723,2026-09-13T02:44:22.705Z,FALSE,"",17:00,FALSE
fare_DEL-PAT_AI_2026-10-13_T+30_1789268425676_w5zm,DEL-PAT,EaseMyTrip,AI,AI-2933,2026-10-13,T+30,12073,2650,14723,2026-09-13T02:44:22.705Z,FALSE,"",15:30,FALSE
fare_DEL-PAT_AI_2026-10-13_T+30_1789268425676_mkta,DEL-PAT,EaseMyTrip,AI,AI-2441,2026-10-13,T+30,12073,2650,14723,2026-09-13T02:44:22.705Z,FALSE,"",14:10,FALSE
fare_DEL-PAT_AI_2026-10-13_T+30_1789268425676_q59y,DEL-PAT,EaseMyTrip,AI,AI-2945,2026-10-13,T+30,12073,2650,14723,2026-09-13T02:44:22.705Z,FALSE,"",11:00,FALSE
fare_DEL-PAT_AI_2026-10-13_T+30_1789268425676_2b9v,DEL-PAT,EaseMyTrip,AI,AI-2425,2026-10-13,T+30,12073,2650,14723,2026-09-13T02:44:22.705Z,FALSE,"",10:30,FALSE
fare_DEL-PAT_AI_2026-10-13_T+30_1789268425676_td9z,DEL-PAT,EaseMyTrip,AI,AI-2995,2026-10-13,T+30,12073,2650,14723,2026-09-13T02:44:22.705Z,FALSE,"",10:00,FALSE
fare_DEL-PAT_AI_2026-10-13_T+30_1789268425676_3jmd,DEL-PAT,EaseMyTrip,AI,AI-2963,2026-10-13,T+30,12073,2650,14723,2026-09-13T02:44:22.705Z,FALSE,"",09:00,FALSE
fare_DEL-PAT_AI_2026-10-13_T+30_1789268425676_fm9q,DEL-PAT,EaseMyTrip,AI,AI-2678,2026-10-13,T+30,12073,2650,14723,2026-09-13T02:44:22.705Z,FALSE,"",08:30,FALSE
fare_DEL-PAT_AI_2026-10-13_T+30_1789268425676_3pll,DEL-PAT,EaseMyTrip,AI,AI-2951,2026-10-13,T+30,12203,2679,14882,2026-09-13T02:44:22.705Z,FALSE,"",13:30,FALSE
fare_DEL-PAT_AI_2026-10-13_T+30_1789268425676_9t4v,DEL-PAT,EaseMyTrip,AI,AI-2439,2026-10-13,T+30,12207,2679,14886,2026-09-13T02:44:22.705Z,FALSE,"",23:00,FALSE
fare_DEL-PAT_AI_2026-10-13_T+30_1789268425676_ps64,DEL-PAT,EaseMyTrip,AI,AI-1777,2026-10-13,T+30,12211,2681,14892,2026-09-13T02:44:22.705Z,FALSE,"",16:00,FALSE
fare_DEL-PAT_AI_2026-10-13_T+30_1789268425676_vqgb,DEL-PAT,EaseMyTrip,AI,AI-1785,2026-10-13,T+30,12211,2681,14892,2026-09-13T02:44:22.705Z,FALSE,"",12:00,FALSE
fare_DEL-PAT_AI_2026-10-13_T+30_1789268425676_p5es,DEL-PAT,EaseMyTrip,AI,AI-9484,2026-10-13,T+30,12213,2681,14894,2026-09-13T02:44:22.705Z,FALSE,"",23:25,FALSE
fare_DEL-PAT_AI_2026-10-13_T+30_1789268425676_jae3,DEL-PAT,EaseMyTrip,AI,AI-9486,2026-10-13,T+30,12213,2681,14894,2026-09-13T02:44:22.705Z,FALSE,"",17:50,FALSE
fare_DEL-PAT_AI_2026-10-13_T+30_1789268425676_rfa7,DEL-PAT,EaseMyTrip,AI,AI-2999,2026-10-13,T+30,12375,2717,15092,2026-09-13T02:44:22.705Z,FALSE,"",22:00,FALSE
fare_DEL-PAT_AI_2026-10-13_T+30_1789268425676_e5cz,DEL-PAT,EaseMyTrip,AI,AI-2433,2026-10-13,T+30,12375,2717,15092,2026-09-13T02:44:22.705Z,FALSE,"",21:30,FALSE
fare_DEL-PAT_AI_2026-10-13_T+30_1789268425676_ei8d,DEL-PAT,EaseMyTrip,AI,AI-2981,2026-10-13,T+30,12375,2717,15092,2026-09-13T02:44:22.705Z,FALSE,"",21:00,FALSE
fare_DEL-PAT_AI_2026-10-13_T+30_1789268425676_rfuv,DEL-PAT,EaseMyTrip,AI,AI-2957,2026-10-13,T+30,12375,2717,15092,2026-09-13T02:44:22.705Z,FALSE,"",20:30,FALSE
fare_DEL-PAT_AI_2026-10-13_T+30_1789268425676_ghad,DEL-PAT,EaseMyTrip,AI,AI-2985,2026-10-13,T+30,12522,2749,15271,2026-09-13T02:44:22.705Z,FALSE,"",19:30,FALSE
fare_DEL-PAT_AI_2026-10-13_T+30_1789268425676_xipp,DEL-PAT,EaseMyTrip,AI,AI-2977,2026-10-13,T+30,12964,2846,15810,2026-09-13T02:44:22.705Z,FALSE,"",19:00,FALSE
fare_DEL-PAT_AI_2026-10-13_T+30_1789268425676_q2ul,DEL-PAT,EaseMyTrip,AI,AI-1745,2026-10-13,T+30,15126,3320,18446,2026-09-13T02:44:22.705Z,FALSE,"",05:00,FALSE
fare_DEL-PAT_AI_2026-10-13_T+30_1789268425676_gpmx,DEL-PAT,EaseMyTrip,AI,AI-2975,2026-10-13,T+30,15348,3369,18717,2026-09-13T02:44:22.705Z,FALSE,"",06:30,FALSE
fare_DEL-PAT_AI_2026-10-13_T+30_1789268425676_x8jj,DEL-PAT,EaseMyTrip,AI,AI-2943,2026-10-13,T+30,15520,3407,18927,2026-09-13T02:44:22.705Z,FALSE,"",07:30,FALSE
fare_DEL-PAT_AI_2026-10-13_T+30_1789268425676_hwdo,DEL-PAT,EaseMyTrip,AI,AI-2429,2026-10-13,T+30,15520,3407,18927,2026-09-13T02:44:22.705Z,FALSE,"",07:00,FALSE
fare_DEL-PAT_AI_2026-10-13_T+30_1789268425676_ktzs,DEL-PAT,EaseMyTrip,AI,AI-2803,2026-10-13,T+30,17315,3801,21116,2026-09-13T02:44:22.705Z,FALSE,"",06:30,FALSE
fare_DEL-PAT_AI_2026-10-13_T+30_1789268425676_194l,DEL-PAT,EaseMyTrip,AI,AI-2409,2026-10-13,T+30,17315,3801,21116,2026-09-13T02:44:22.705Z,FALSE,"",06:00,FALSE
fare_DEL-PAT_AI_2026-10-13_T+30_1789268425676_8gc1,DEL-PAT,EaseMyTrip,AI,AI-2653,2026-10-13,T+30,17315,3801,21116,2026-09-13T02:44:22.705Z,FALSE,"",04:30,FALSE
fare_DEL-PAT_AI_2026-10-13_T+30_1789268425676_zh53,DEL-PAT,EaseMyTrip,AI,AI-2757,2026-10-13,T+30,17315,3801,21116,2026-09-13T02:44:22.705Z,FALSE,"",00:15,FALSE
fare_DEL-PAT_AI_2026-10-13_T+30_1789268425676_4j4u,DEL-PAT,EaseMyTrip,AI,AI-881,2026-10-13,T+30,17533,3849,21382,2026-09-13T02:44:22.705Z,FALSE,"",13:35,FALSE
fare_DEL-PAT_AI_2026-10-13_T+30_1789268425676_38h8,DEL-PAT,EaseMyTrip,AI,AI-2715,2026-10-13,T+30,17533,3849,21382,2026-09-13T02:44:22.705Z,FALSE,"",11:40,FALSE
fare_DEL-PAT_AI_2026-10-13_T+30_1789268425676_hkap,DEL-PAT,EaseMyTrip,AI,AI-2512,2026-10-13,T+30,18090,3971,22061,2026-09-13T02:44:22.705Z,FALSE,"",19:00,FALSE
fare_DEL-PAT_AI_2026-10-13_T+30_1789268425676_0gjb,DEL-PAT,EaseMyTrip,AI,AI-2487,2026-10-13,T+30,18090,3971,22061,2026-09-13T02:44:22.705Z,FALSE,"",18:30,FALSE
fare_DEL-PAT_AI_2026-10-13_T+30_1789268425676_shjb,DEL-PAT,EaseMyTrip,AI,AI-2813,2026-10-13,T+30,18090,3971,22061,2026-09-13T02:44:22.705Z,FALSE,"",18:00,FALSE
fare_DEL-PAT_AI_2026-10-13_T+30_1789268425676_zrpq,DEL-PAT,EaseMyTrip,AI,AI-2664,2026-10-13,T+30,18090,3971,22061,2026-09-13T02:44:22.705Z,FALSE,"",15:50,FALSE
fare_DEL-PAT_AI_2026-10-13_T+30_1789268425676_upf5,DEL-PAT,EaseMyTrip,AI,AI-2809,2026-10-13,T+30,18337,4025,22362,2026-09-13T02:44:22.705Z,FALSE,"",19:30,FALSE
fare_DEL-PAT_AI_2026-10-13_T+30_1789268425676_ca1w,DEL-PAT,EaseMyTrip,AI,AI-2817,2026-10-13,T+30,18337,4025,22362,2026-09-13T02:44:22.705Z,FALSE,"",16:30,FALSE
fare_DEL-PAT_AI_2026-10-13_T+30_1789268425676_tzbb,DEL-PAT,EaseMyTrip,AI,AI-2819,2026-10-13,T+30,18887,4146,23033,2026-09-13T02:44:22.705Z,FALSE,"",15:00,FALSE
fare_DEL-PAT_IX_2026-09-20_T+7_1789268425676_tqnl,DEL-PAT,EaseMyTrip,IX,IX-1510,2026-09-20,T+7,5269,1156,6425,2026-09-13T02:44:11.069Z,FALSE,"",11:15,TRUE
fare_DEL-PAT_IX_2026-09-20_T+7_1789268425676_i7mq,DEL-PAT,EaseMyTrip,IX,IX-1346,2026-09-20,T+7,5269,1156,6425,2026-09-13T02:44:11.069Z,FALSE,"",06:10,TRUE
fare_DEL-PAT_IX_2026-09-20_T+7_1789268425676_bk25,DEL-PAT,EaseMyTrip,IX,IX-1825,2026-09-20,T+7,5269,1156,6425,2026-09-13T02:44:11.069Z,FALSE,"",14:40,TRUE
fare_DEL-PAT_IX_2026-09-20_T+7_1789268425676_jq5g,DEL-PAT,EaseMyTrip,IX,IX-1197,2026-09-20,T+7,5441,1194,6635,2026-09-13T02:44:11.069Z,FALSE,"",18:55,TRUE
fare_DEL-PAT_6E_2026-09-20_T+7_1789268425676_m2by,DEL-PAT,EaseMyTrip,6E,6E-2319,2026-09-20,T+7,5184,1138,6322,2026-09-13T02:44:11.069Z,FALSE,"",09:55,FALSE
fare_DEL-PAT_SG_2026-09-20_T+7_1789268425676_54ra,DEL-PAT,EaseMyTrip,SG,SG-2473,2026-09-20,T+7,5511,1210,6721,2026-09-13T02:44:11.069Z,FALSE,"",19:00,TRUE
fare_DEL-PAT_6E_2026-09-20_T+7_1789268425676_kf6r,DEL-PAT,EaseMyTrip,6E,6E-6245,2026-09-20,T+7,5269,1157,6426,2026-09-13T02:44:11.069Z,FALSE,"",06:20,TRUE
fare_DEL-PAT_6E_2026-09-20_T+7_1789268425676_94hw,DEL-PAT,EaseMyTrip,6E,6E-6497,2026-09-20,T+7,5269,1157,6426,2026-09-13T02:44:11.069Z,FALSE,"",18:40,TRUE
fare_DEL-PAT_6E_2026-09-20_T+7_1789268425676_sl8g,DEL-PAT,EaseMyTrip,6E,6E-2453,2026-09-20,T+7,5442,1194,6636,2026-09-13T02:44:11.069Z,FALSE,"",13:35,TRUE
fare_DEL-PAT_6E_2026-09-20_T+7_1789268425676_wmy6,DEL-PAT,EaseMyTrip,6E,6E-6236,2026-09-20,T+7,5442,1194,6636,2026-09-13T02:44:11.069Z,FALSE,"",16:20,TRUE
fare_DEL-PAT_6E_2026-09-20_T+7_1789268425676_w6tk,DEL-PAT,EaseMyTrip,6E,6E-6370,2026-09-20,T+7,5464,1199,6663,2026-09-13T02:44:11.069Z,FALSE,"",06:40,FALSE
fare_DEL-PAT_AI_2026-09-20_T+7_1789268425676_bnf9,DEL-PAT,EaseMyTrip,AI,AI-2549,2026-09-20,T+7,5655,1241,6896,2026-09-13T02:44:11.069Z,FALSE,"",16:45,TRUE
fare_DEL-PAT_AI_2026-09-20_T+7_1789268425676_vzvg,DEL-PAT,EaseMyTrip,AI,AI-1749,2026-09-20,T+7,5801,1273,7074,2026-09-13T02:44:11.069Z,FALSE,"",08:00,TRUE
fare_DEL-PAT_AI_2026-09-20_T+7_1789268425676_mef3,DEL-PAT,EaseMyTrip,AI,AI-2645,2026-09-20,T+7,6169,1354,7523,2026-09-13T02:44:11.069Z,FALSE,"",13:05,TRUE
fare_DEL-PAT_6E_2026-09-20_T+7_1789268425676_y8es,DEL-PAT,EaseMyTrip,6E,6E-2482,2026-09-20,T+7,6044,1327,7371,2026-09-13T02:44:11.069Z,FALSE,"",19:55,TRUE
fare_DEL-PAT_6E_2026-09-20_T+7_1789268425676_x5pq,DEL-PAT,EaseMyTrip,6E,6E-5206,2026-09-20,T+7,7441,1633,9074,2026-09-13T02:44:11.069Z,FALSE,"",13:20,FALSE
fare_DEL-PAT_6E_2026-09-20_T+7_1789268425676_bikd,DEL-PAT,EaseMyTrip,6E,6E-2373,2026-09-20,T+7,8799,1932,10731,2026-09-13T02:44:11.069Z,FALSE,"",11:10,TRUE
fare_DEL-PAT_AI_2026-09-20_T+7_1789268425676_3rrg,DEL-PAT,EaseMyTrip,AI,AI-2909,2026-09-20,T+7,11228,2465,13693,2026-09-13T02:44:11.069Z,FALSE,"",22:30,FALSE
fare_DEL-PAT_AI_2026-09-20_T+7_1789268425676_ap33,DEL-PAT,EaseMyTrip,AI,AI-2545,2026-09-20,T+7,11228,2465,13693,2026-09-13T02:44:11.069Z,FALSE,"",20:30,FALSE
fare_DEL-PAT_AI_2026-09-20_T+7_1789268425676_shal,DEL-PAT,EaseMyTrip,AI,AI-817,2026-09-20,T+7,11228,2465,13693,2026-09-13T02:44:11.069Z,FALSE,"",05:55,FALSE
fare_DEL-PAT_AI_2026-09-20_T+7_1789268425676_dpk7,DEL-PAT,EaseMyTrip,AI,AI-809,2026-09-20,T+7,11623,2551,14174,2026-09-13T02:44:11.069Z,FALSE,"",17:40,FALSE
fare_DEL-PAT_AI_2026-09-20_T+7_1789268425676_wspq,DEL-PAT,EaseMyTrip,AI,AI-531,2026-09-20,T+7,11803,2591,14394,2026-09-13T02:44:11.069Z,FALSE,"",19:20,FALSE
fare_DEL-PAT_AI_2026-09-20_T+7_1789268425676_u573,DEL-PAT,EaseMyTrip,AI,AI-9484,2026-09-20,T+7,11942,2621,14563,2026-09-13T02:44:11.069Z,FALSE,"",23:25,FALSE
fare_DEL-PAT_AI_2026-09-20_T+7_1789268425676_23mc,DEL-PAT,EaseMyTrip,AI,AI-2945,2026-09-20,T+7,11981,2630,14611,2026-09-13T02:44:11.069Z,FALSE,"",11:00,FALSE
fare_DEL-PAT_AI_2026-09-20_T+7_1789268425676_3qon,DEL-PAT,EaseMyTrip,AI,AI-2425,2026-09-20,T+7,11981,2630,14611,2026-09-13T02:44:11.069Z,FALSE,"",10:30,FALSE
fare_DEL-PAT_AI_2026-09-20_T+7_1789268425676_g1rp,DEL-PAT,EaseMyTrip,AI,AI-2995,2026-09-20,T+7,11981,2630,14611,2026-09-13T02:44:11.069Z,FALSE,"",10:00,FALSE
fare_DEL-PAT_AI_2026-09-20_T+7_1789268425676_7rs3,DEL-PAT,EaseMyTrip,AI,AI-2927,2026-09-20,T+7,11981,2630,14611,2026-09-13T02:44:11.069Z,FALSE,"",09:30,FALSE
fare_DEL-PAT_AI_2026-09-20_T+7_1789268425676_28zq,DEL-PAT,EaseMyTrip,AI,AI-2963,2026-09-20,T+7,11981,2630,14611,2026-09-13T02:44:11.069Z,FALSE,"",09:00,FALSE
fare_DEL-PAT_AI_2026-09-20_T+7_1789268425676_rn5s,DEL-PAT,EaseMyTrip,AI,AI-2939,2026-09-20,T+7,12094,2655,14749,2026-09-13T02:44:11.069Z,FALSE,"",16:40,FALSE
fare_DEL-PAT_AI_2026-09-20_T+7_1789268425676_8gbt,DEL-PAT,EaseMyTrip,AI,AI-9486,2026-09-20,T+7,12522,2749,15271,2026-09-13T02:44:11.069Z,FALSE,"",05:35,FALSE
fare_DEL-PAT_AI_2026-09-20_T+7_1789268425676_bsdf,DEL-PAT,EaseMyTrip,AI,AI-1745,2026-09-20,T+7,12691,2786,15477,2026-09-13T02:44:11.069Z,FALSE,"",05:00,FALSE
fare_DEL-PAT_AI_2026-09-20_T+7_1789268425676_l13x,DEL-PAT,EaseMyTrip,AI,AI-2957,2026-09-20,T+7,12756,2800,15556,2026-09-13T02:44:11.069Z,FALSE,"",20:30,FALSE
fare_DEL-PAT_AI_2026-09-20_T+7_1789268425676_kt6x,DEL-PAT,EaseMyTrip,AI,AI-2805,2026-09-20,T+7,12756,2800,15556,2026-09-13T02:44:11.069Z,FALSE,"",20:00,FALSE
fare_DEL-PAT_AI_2026-09-20_T+7_1789268425676_sek2,DEL-PAT,EaseMyTrip,AI,AI-2985,2026-09-20,T+7,12756,2800,15556,2026-09-13T02:44:11.069Z,FALSE,"",19:30,FALSE
fare_DEL-PAT_AI_2026-09-20_T+7_1789268425676_r8on,DEL-PAT,EaseMyTrip,AI,AI-2943,2026-09-20,T+7,12783,2806,15589,2026-09-13T02:44:11.069Z,FALSE,"",07:30,FALSE
fare_DEL-PAT_AI_2026-09-20_T+7_1789268425676_fg5h,DEL-PAT,EaseMyTrip,AI,AI-2429,2026-09-20,T+7,12783,2806,15589,2026-09-13T02:44:11.069Z,FALSE,"",07:00,FALSE
fare_DEL-PAT_AI_2026-09-20_T+7_1789268425676_fhwa,DEL-PAT,EaseMyTrip,AI,AI-2975,2026-09-20,T+7,12783,2806,15589,2026-09-13T02:44:11.069Z,FALSE,"",06:30,FALSE
fare_DEL-PAT_AI_2026-09-20_T+7_1789268425676_ifis,DEL-PAT,EaseMyTrip,AI,AI-2981,2026-09-20,T+7,12917,2836,15753,2026-09-13T02:44:11.069Z,FALSE,"",21:00,FALSE
fare_DEL-PAT_AI_2026-09-20_T+7_1789268425676_mh6s,DEL-PAT,EaseMyTrip,AI,AI-2439,2026-09-20,T+7,13184,2894,16078,2026-09-13T02:44:11.069Z,FALSE,"",23:00,FALSE
fare_DEL-PAT_AI_2026-09-20_T+7_1789268425676_m5jb,DEL-PAT,EaseMyTrip,AI,AI-1785,2026-09-20,T+7,13316,2923,16239,2026-09-13T02:44:11.069Z,FALSE,"",12:00,FALSE
fare_DEL-PAT_AI_2026-09-20_T+7_1789268425676_y27t,DEL-PAT,EaseMyTrip,AI,AI-2977,2026-09-20,T+7,13409,2944,16353,2026-09-13T02:44:11.069Z,FALSE,"",19:00,FALSE
fare_DEL-PAT_AI_2026-09-20_T+7_1789268425676_x7k8,DEL-PAT,EaseMyTrip,AI,AI-2955,2026-09-20,T+7,13409,2944,16353,2026-09-13T02:44:11.069Z,FALSE,"",18:00,FALSE
fare_DEL-PAT_AI_2026-09-20_T+7_1789268425676_nwbc,DEL-PAT,EaseMyTrip,AI,AI-441,2026-09-20,T+7,14560,3196,17756,2026-09-13T02:44:11.069Z,FALSE,"",17:00,FALSE
fare_DEL-PAT_AI_2026-09-20_T+7_1789268425676_vmpk,DEL-PAT,EaseMyTrip,AI,AI-2941,2026-09-20,T+7,14560,3196,17756,2026-09-13T02:44:11.069Z,FALSE,"",16:30,FALSE
fare_DEL-PAT_AI_2026-09-20_T+7_1789268425676_t12k,DEL-PAT,EaseMyTrip,AI,AI-1777,2026-09-20,T+7,14848,3259,18107,2026-09-13T02:44:11.069Z,FALSE,"",16:00,FALSE
fare_DEL-PAT_AI_2026-09-20_T+7_1789268425676_ezvk,DEL-PAT,EaseMyTrip,AI,AI-2951,2026-09-20,T+7,14889,3268,18157,2026-09-13T02:44:11.069Z,FALSE,"",13:30,FALSE
fare_DEL-PAT_AI_2026-09-20_T+7_1789268425676_enw4,DEL-PAT,EaseMyTrip,AI,AI-2409,2026-09-20,T+7,15409,3383,18792,2026-09-13T02:44:11.069Z,FALSE,"",06:00,FALSE
fare_DEL-PAT_AI_2026-09-20_T+7_1789268425676_y1la,DEL-PAT,EaseMyTrip,AI,AI-2803,2026-09-20,T+7,15485,3399,18884,2026-09-13T02:44:11.069Z,FALSE,"",06:30,FALSE
fare_DEL-PAT_AI_2026-09-20_T+7_1789268425676_qm7w,DEL-PAT,EaseMyTrip,AI,AI-2757,2026-09-20,T+7,15485,3399,18884,2026-09-13T02:44:11.069Z,FALSE,"",00:15,FALSE
fare_DEL-PAT_AI_2026-09-20_T+7_1789268425676_7kcs,DEL-PAT,EaseMyTrip,AI,AI-2653,2026-09-20,T+7,16196,3555,19751,2026-09-13T02:44:11.069Z,FALSE,"",04:30,FALSE
fare_DEL-PAT_AI_2026-09-20_T+7_1789268425676_rwbm,DEL-PAT,EaseMyTrip,AI,AI-2809,2026-09-20,T+7,16306,3579,19885,2026-09-13T02:44:11.069Z,FALSE,"",19:30,FALSE
fare_DEL-PAT_AI_2026-09-20_T+7_1789268425676_nztm,DEL-PAT,EaseMyTrip,AI,AI-2512,2026-09-20,T+7,16480,3618,20098,2026-09-13T02:44:11.069Z,FALSE,"",19:00,FALSE
fare_DEL-PAT_AI_2026-09-20_T+7_1789268425676_80dd,DEL-PAT,EaseMyTrip,AI,AI-2487,2026-09-20,T+7,16960,3723,20683,2026-09-13T02:44:11.069Z,FALSE,"",18:30,FALSE
fare_DEL-PAT_AI_2026-09-20_T+7_1789268425676_wntk,DEL-PAT,EaseMyTrip,AI,AI-2817,2026-09-20,T+7,19368,4252,23620,2026-09-13T02:44:11.069Z,FALSE,"",16:30,FALSE
fare_DEL-PAT_AI_2026-09-20_T+7_1789268425676_x9mt,DEL-PAT,EaseMyTrip,AI,AI-2664,2026-09-20,T+7,19368,4252,23620,2026-09-13T02:44:11.069Z,FALSE,"",15:50,FALSE
fare_MAA-DEL_AI_2026-09-14_T+1_1789268425677_nwdz,MAA-DEL,EaseMyTrip,AI,AI-538,2026-09-14,T+1,7914,1737,9651,2026-09-13T02:42:32.424Z,FALSE,"",20:10,TRUE
fare_MAA-DEL_AI_2026-09-14_T+1_1789268425677_stcb,MAA-DEL,EaseMyTrip,AI,AI-2526,2026-09-14,T+1,7914,1737,9651,2026-09-13T02:42:32.424Z,FALSE,"",09:20,TRUE
fare_MAA-DEL_AI_2026-09-14_T+1_1789268425677_8nim,MAA-DEL,EaseMyTrip,AI,AI-2468,2026-09-14,T+1,7914,1737,9651,2026-09-13T02:42:32.424Z,FALSE,"",14:00,TRUE
fare_MAA-DEL_AI_2026-09-14_T+1_1789268425677_kjwb,MAA-DEL,EaseMyTrip,AI,AI-2836,2026-09-14,T+1,7914,1737,9651,2026-09-13T02:42:32.424Z,FALSE,"",11:00,TRUE
fare_MAA-DEL_AI_2026-09-14_T+1_1789268425677_fdyq,MAA-DEL,EaseMyTrip,AI,AI-2838,2026-09-14,T+1,7914,1737,9651,2026-09-13T02:42:32.424Z,FALSE,"",21:40,TRUE
fare_MAA-DEL_6E_2026-09-14_T+1_1789268425677_wvyj,MAA-DEL,EaseMyTrip,6E,6E-731,2026-09-14,T+1,7964,1748,9712,2026-09-13T02:42:32.424Z,FALSE,"",08:10,FALSE
fare_MAA-DEL_6E_2026-09-14_T+1_1789268425677_2qkl,MAA-DEL,EaseMyTrip,6E,6E-278,2026-09-14,T+1,7964,1748,9712,2026-09-13T02:42:32.424Z,FALSE,"",08:10,FALSE
fare_MAA-DEL_6E_2026-09-14_T+1_1789268425677_0wqy,MAA-DEL,EaseMyTrip,6E,6E-6487,2026-09-14,T+1,8018,1760,9778,2026-09-13T02:42:32.424Z,FALSE,"",21:25,FALSE
fare_MAA-DEL_6E_2026-09-14_T+1_1789268425677_ch8z,MAA-DEL,EaseMyTrip,6E,6E-938,2026-09-14,T+1,8018,1760,9778,2026-09-13T02:42:32.424Z,FALSE,"",09:05,FALSE
fare_MAA-DEL_6E_2026-09-14_T+1_1789268425677_h0kr,MAA-DEL,EaseMyTrip,6E,6E-629,2026-09-14,T+1,8018,1760,9778,2026-09-13T02:42:32.424Z,FALSE,"",09:05,FALSE
fare_MAA-DEL_6E_2026-09-14_T+1_1789268425677_ubzb,MAA-DEL,EaseMyTrip,6E,6E-958,2026-09-14,T+1,8018,1760,9778,2026-09-13T02:42:32.424Z,FALSE,"",03:55,FALSE
fare_MAA-DEL_6E_2026-09-14_T+1_1789268425677_coq3,MAA-DEL,EaseMyTrip,6E,6E-816,2026-09-14,T+1,8018,1760,9778,2026-09-13T02:42:32.424Z,FALSE,"",03:55,FALSE
fare_MAA-DEL_6E_2026-09-14_T+1_1789268425677_c7on,MAA-DEL,EaseMyTrip,6E,6E-793,2026-09-14,T+1,8018,1760,9778,2026-09-13T02:42:32.424Z,FALSE,"",07:10,FALSE
fare_MAA-DEL_6E_2026-09-14_T+1_1789268425677_n51k,MAA-DEL,EaseMyTrip,6E,6E-891,2026-09-14,T+1,8018,1760,9778,2026-09-13T02:42:32.424Z,FALSE,"",07:10,FALSE
fare_MAA-DEL_6E_2026-09-14_T+1_1789268425677_bis1,MAA-DEL,EaseMyTrip,6E,6E-845,2026-09-14,T+1,8018,1760,9778,2026-09-13T02:42:32.424Z,FALSE,"",05:40,FALSE
fare_MAA-DEL_6E_2026-09-14_T+1_1789268425677_u09c,MAA-DEL,EaseMyTrip,6E,6E-718,2026-09-14,T+1,8018,1760,9778,2026-09-13T02:42:32.424Z,FALSE,"",05:40,FALSE
fare_MAA-DEL_6E_2026-09-14_T+1_1789268425677_77fy,MAA-DEL,EaseMyTrip,6E,6E-6158,2026-09-14,T+1,8018,1760,9778,2026-09-13T02:42:32.424Z,FALSE,"",16:10,FALSE
fare_MAA-DEL_6E_2026-09-14_T+1_1789268425677_ozre,MAA-DEL,EaseMyTrip,6E,6E-813,2026-09-14,T+1,8018,1760,9778,2026-09-13T02:42:32.424Z,FALSE,"",09:55,FALSE
fare_MAA-DEL_6E_2026-09-14_T+1_1789268425677_yhzw,MAA-DEL,EaseMyTrip,6E,6E-837,2026-09-14,T+1,8018,1760,9778,2026-09-13T02:42:32.424Z,FALSE,"",09:55,FALSE
fare_MAA-DEL_6E_2026-09-14_T+1_1789268425677_304i,MAA-DEL,EaseMyTrip,6E,6E-577,2026-09-14,T+1,8018,1760,9778,2026-09-13T02:42:32.424Z,FALSE,"",08:10,FALSE
fare_MAA-DEL_6E_2026-09-14_T+1_1789268425677_11w0,MAA-DEL,EaseMyTrip,6E,6E-169,2026-09-14,T+1,8018,1760,9778,2026-09-13T02:42:32.424Z,FALSE,"",08:10,FALSE
fare_MAA-DEL_6E_2026-09-14_T+1_1789268425677_fzms,MAA-DEL,EaseMyTrip,6E,6E-928,2026-09-14,T+1,8018,1760,9778,2026-09-13T02:42:32.424Z,FALSE,"",22:20,FALSE
fare_MAA-DEL_6E_2026-09-14_T+1_1789268425677_dykl,MAA-DEL,EaseMyTrip,6E,6E-494,2026-09-14,T+1,8018,1760,9778,2026-09-13T02:42:32.424Z,FALSE,"",22:20,FALSE
fare_MAA-DEL_6E_2026-09-14_T+1_1789268425677_w51z,MAA-DEL,EaseMyTrip,6E,6E-270,2026-09-14,T+1,8018,1760,9778,2026-09-13T02:42:32.424Z,FALSE,"",11:10,FALSE
fare_MAA-DEL_6E_2026-09-14_T+1_1789268425677_q81z,MAA-DEL,EaseMyTrip,6E,6E-885,2026-09-14,T+1,8018,1760,9778,2026-09-13T02:42:32.424Z,FALSE,"",11:10,FALSE
fare_MAA-DEL_6E_2026-09-14_T+1_1789268425677_yo0a,MAA-DEL,EaseMyTrip,6E,6E-581,2026-09-14,T+1,8018,1760,9778,2026-09-13T02:42:32.424Z,FALSE,"",20:00,FALSE
fare_MAA-DEL_6E_2026-09-14_T+1_1789268425677_yjv9,MAA-DEL,EaseMyTrip,6E,6E-368,2026-09-14,T+1,8018,1760,9778,2026-09-13T02:42:32.424Z,FALSE,"",20:00,FALSE
fare_MAA-DEL_6E_2026-09-14_T+1_1789268425677_mq3m,MAA-DEL,EaseMyTrip,6E,6E-172,2026-09-14,T+1,8018,1760,9778,2026-09-13T02:42:32.424Z,FALSE,"",11:55,FALSE
fare_MAA-DEL_6E_2026-09-14_T+1_1789268425677_zsjg,MAA-DEL,EaseMyTrip,6E,6E-392,2026-09-14,T+1,8018,1760,9778,2026-09-13T02:42:32.424Z,FALSE,"",11:55,FALSE
fare_MAA-DEL_6E_2026-09-14_T+1_1789268425677_l280,MAA-DEL,EaseMyTrip,6E,6E-931,2026-09-14,T+1,8018,1760,9778,2026-09-13T02:42:32.424Z,FALSE,"",09:05,FALSE
fare_MAA-DEL_6E_2026-09-14_T+1_1789268425677_4wdl,MAA-DEL,EaseMyTrip,6E,6E-924,2026-09-14,T+1,8018,1760,9778,2026-09-13T02:42:32.424Z,FALSE,"",09:05,FALSE
fare_MAA-DEL_6E_2026-09-14_T+1_1789268425677_ei3o,MAA-DEL,EaseMyTrip,6E,6E-565,2026-09-14,T+1,8018,1760,9778,2026-09-13T02:42:32.424Z,FALSE,"",18:15,FALSE
fare_MAA-DEL_6E_2026-09-14_T+1_1789268425677_7evb,MAA-DEL,EaseMyTrip,6E,6E-851,2026-09-14,T+1,8018,1760,9778,2026-09-13T02:42:32.424Z,FALSE,"",18:15,FALSE
fare_MAA-DEL_6E_2026-09-14_T+1_1789268425677_ejfy,MAA-DEL,EaseMyTrip,6E,6E-297,2026-09-14,T+1,8018,1760,9778,2026-09-13T02:42:32.424Z,FALSE,"",03:10,FALSE
fare_MAA-DEL_6E_2026-09-14_T+1_1789268425677_ghxi,MAA-DEL,EaseMyTrip,6E,6E-293,2026-09-14,T+1,8018,1760,9778,2026-09-13T02:42:32.424Z,FALSE,"",03:10,FALSE
fare_MAA-DEL_6E_2026-09-14_T+1_1789268425677_c6r4,MAA-DEL,EaseMyTrip,6E,6E-6892,2026-09-14,T+1,8083,1774,9857,2026-09-13T02:42:32.424Z,FALSE,"",10:55,FALSE
fare_MAA-DEL_6E_2026-09-14_T+1_1789268425677_5psf,MAA-DEL,EaseMyTrip,6E,6E-6081,2026-09-14,T+1,8083,1774,9857,2026-09-13T02:42:32.424Z,FALSE,"",07:05,FALSE
fare_MAA-DEL_6E_2026-09-14_T+1_1789268425677_4cew,MAA-DEL,EaseMyTrip,6E,6E-109,2026-09-14,T+1,8083,1774,9857,2026-09-13T02:42:32.424Z,FALSE,"",19:05,FALSE
fare_MAA-DEL_6E_2026-09-14_T+1_1789268425677_9xbk,MAA-DEL,EaseMyTrip,6E,6E-145,2026-09-14,T+1,8083,1774,9857,2026-09-13T02:42:32.424Z,FALSE,"",19:05,FALSE
fare_MAA-DEL_6E_2026-09-14_T+1_1789268425677_dr4j,MAA-DEL,EaseMyTrip,6E,6E-941,2026-09-14,T+1,8083,1774,9857,2026-09-13T02:42:32.424Z,FALSE,"",17:45,FALSE
fare_MAA-DEL_6E_2026-09-14_T+1_1789268425677_25u9,MAA-DEL,EaseMyTrip,6E,6E-538,2026-09-14,T+1,8083,1774,9857,2026-09-13T02:42:32.424Z,FALSE,"",17:45,FALSE
fare_MAA-DEL_6E_2026-09-14_T+1_1789268425677_6sjb,MAA-DEL,EaseMyTrip,6E,6E-6815,2026-09-14,T+1,8083,1774,9857,2026-09-13T02:42:32.424Z,FALSE,"",08:55,FALSE
fare_MAA-DEL_6E_2026-09-14_T+1_1789268425677_2g10,MAA-DEL,EaseMyTrip,6E,6E-310,2026-09-14,T+1,8083,1774,9857,2026-09-13T02:42:32.424Z,FALSE,"",18:20,FALSE
fare_MAA-DEL_6E_2026-09-14_T+1_1789268425677_1dw6,MAA-DEL,EaseMyTrip,6E,6E-684,2026-09-14,T+1,8083,1774,9857,2026-09-13T02:42:32.424Z,FALSE,"",18:20,FALSE
fare_MAA-DEL_6E_2026-09-14_T+1_1789268425677_yb8a,MAA-DEL,EaseMyTrip,6E,6E-6348,2026-09-14,T+1,8190,1798,9988,2026-09-13T02:42:32.424Z,FALSE,"",09:00,FALSE
fare_MAA-DEL_6E_2026-09-14_T+1_1789268425677_2vwo,MAA-DEL,EaseMyTrip,6E,6E-6140,2026-09-14,T+1,8190,1798,9988,2026-09-13T02:42:32.424Z,FALSE,"",02:30,FALSE
fare_MAA-DEL_6E_2026-09-14_T+1_1789268425677_35hr,MAA-DEL,EaseMyTrip,6E,6E-295,2026-09-14,T+1,8190,1798,9988,2026-09-13T02:42:32.424Z,FALSE,"",08:20,FALSE
fare_MAA-DEL_6E_2026-09-14_T+1_1789268425677_madk,MAA-DEL,EaseMyTrip,6E,6E-369,2026-09-14,T+1,8190,1798,9988,2026-09-13T02:42:32.424Z,FALSE,"",08:20,FALSE
fare_MAA-DEL_6E_2026-09-14_T+1_1789268425677_3jp9,MAA-DEL,EaseMyTrip,6E,6E-5258,2026-09-14,T+1,8190,1798,9988,2026-09-13T02:42:32.424Z,FALSE,"",12:45,FALSE
fare_MAA-DEL_6E_2026-09-14_T+1_1789268425677_334v,MAA-DEL,EaseMyTrip,6E,6E-5367,2026-09-14,T+1,8190,1798,9988,2026-09-13T02:42:32.424Z,FALSE,"",18:15,FALSE
fare_MAA-DEL_6E_2026-09-14_T+1_1789268425677_1ujn,MAA-DEL,EaseMyTrip,6E,6E-5214,2026-09-14,T+1,8190,1798,9988,2026-09-13T02:42:32.424Z,FALSE,"",11:00,FALSE
fare_MAA-DEL_6E_2026-09-14_T+1_1789268425677_tzx7,MAA-DEL,EaseMyTrip,6E,6E-5093,2026-09-14,T+1,8190,1798,9988,2026-09-13T02:42:32.424Z,FALSE,"",05:00,FALSE
fare_MAA-DEL_6E_2026-09-14_T+1_1789268425677_c40t,MAA-DEL,EaseMyTrip,6E,6E-5371,2026-09-14,T+1,8190,1798,9988,2026-09-13T02:42:32.424Z,FALSE,"",14:45,FALSE
fare_MAA-DEL_6E_2026-09-14_T+1_1789268425677_11tx,MAA-DEL,EaseMyTrip,6E,6E-2578,2026-09-14,T+1,8269,1815,10084,2026-09-13T02:42:32.424Z,FALSE,"",10:25,TRUE
fare_MAA-DEL_6E_2026-09-14_T+1_1789268425677_fq1u,MAA-DEL,EaseMyTrip,6E,6E-334,2026-09-14,T+1,8323,1827,10150,2026-09-13T02:42:32.424Z,FALSE,"",21:50,TRUE
fare_MAA-DEL_6E_2026-09-14_T+1_1789268425677_qto5,MAA-DEL,EaseMyTrip,6E,6E-299,2026-09-14,T+1,8323,1827,10150,2026-09-13T02:42:32.424Z,FALSE,"",21:50,TRUE
fare_MAA-DEL_6E_2026-09-14_T+1_1789268425677_vwsl,MAA-DEL,EaseMyTrip,6E,6E-6002,2026-09-14,T+1,8323,1827,10150,2026-09-13T02:42:32.424Z,FALSE,"",11:10,TRUE
fare_MAA-DEL_6E_2026-09-14_T+1_1789268425677_gg8s,MAA-DEL,EaseMyTrip,6E,6E-2369,2026-09-14,T+1,8323,1827,10150,2026-09-13T02:42:32.424Z,FALSE,"",23:45,TRUE
fare_MAA-DEL_6E_2026-09-14_T+1_1789268425677_kkc3,MAA-DEL,EaseMyTrip,6E,6E-835,2026-09-14,T+1,8323,1827,10150,2026-09-13T02:42:32.424Z,FALSE,"",09:15,TRUE
fare_MAA-DEL_6E_2026-09-14_T+1_1789268425677_zlhv,MAA-DEL,EaseMyTrip,6E,6E-969,2026-09-14,T+1,8323,1827,10150,2026-09-13T02:42:32.424Z,FALSE,"",09:15,TRUE
fare_MAA-DEL_6E_2026-09-14_T+1_1789268425677_rvil,MAA-DEL,EaseMyTrip,6E,6E-571,2026-09-14,T+1,8323,1827,10150,2026-09-13T02:42:32.424Z,FALSE,"",13:00,TRUE
fare_MAA-DEL_6E_2026-09-14_T+1_1789268425677_i0n4,MAA-DEL,EaseMyTrip,6E,6E-531,2026-09-14,T+1,8323,1827,10150,2026-09-13T02:42:32.424Z,FALSE,"",13:00,TRUE
fare_MAA-DEL_IX_2026-09-14_T+1_1789268425677_3ooq,MAA-DEL,EaseMyTrip,IX,IX-1385,2026-09-14,T+1,10278,2256,12534,2026-09-13T02:42:32.424Z,FALSE,"",08:55,FALSE
fare_MAA-DEL_6E_2026-09-14_T+1_1789268425677_cqvm,MAA-DEL,EaseMyTrip,6E,6E-251,2026-09-14,T+1,8704,1911,10615,2026-09-13T02:42:32.424Z,FALSE,"",14:30,TRUE
fare_MAA-DEL_6E_2026-09-14_T+1_1789268425677_dbug,MAA-DEL,EaseMyTrip,6E,6E-738,2026-09-14,T+1,8704,1911,10615,2026-09-13T02:42:32.424Z,FALSE,"",14:30,TRUE
fare_MAA-DEL_AI_2026-09-14_T+1_1789268425677_nha1,MAA-DEL,EaseMyTrip,AI,AI-2484,2026-09-14,T+1,9138,2006,11144,2026-09-13T02:42:32.424Z,FALSE,"",16:20,TRUE
fare_MAA-DEL_6E_2026-09-14_T+1_1789268425677_m48q,MAA-DEL,EaseMyTrip,6E,6E-319,2026-09-14,T+1,9106,1999,11105,2026-09-13T02:42:32.424Z,FALSE,"",06:30,TRUE
fare_MAA-DEL_6E_2026-09-14_T+1_1789268425677_7iw2,MAA-DEL,EaseMyTrip,6E,6E-186,2026-09-14,T+1,9106,1999,11105,2026-09-13T02:42:32.424Z,FALSE,"",06:30,TRUE
fare_MAA-DEL_6E_2026-09-14_T+1_1789268425677_crl2,MAA-DEL,EaseMyTrip,6E,6E-994,2026-09-14,T+1,9106,1999,11105,2026-09-13T02:42:32.424Z,FALSE,"",19:00,TRUE
fare_MAA-DEL_6E_2026-09-14_T+1_1789268425677_y4x4,MAA-DEL,EaseMyTrip,6E,6E-198,2026-09-14,T+1,9106,1999,11105,2026-09-13T02:42:32.424Z,FALSE,"",19:00,TRUE
fare_MAA-DEL_IX_2026-09-14_T+1_1789268425677_jfnk,MAA-DEL,EaseMyTrip,IX,IX-2662,2026-09-14,T+1,9536,2093,11629,2026-09-13T02:42:32.424Z,FALSE,"",21:25,FALSE
fare_MAA-DEL_IX_2026-09-14_T+1_1789268425677_tyy3,MAA-DEL,EaseMyTrip,IX,IX-2507,2026-09-14,T+1,9536,2093,11629,2026-09-13T02:42:32.424Z,FALSE,"",16:30,FALSE
fare_MAA-DEL_6E_2026-09-14_T+1_1789268425677_0uxp,MAA-DEL,EaseMyTrip,6E,6E-826,2026-09-14,T+1,9385,2060,11445,2026-09-13T02:42:32.424Z,FALSE,"",16:15,FALSE
fare_MAA-DEL_6E_2026-09-14_T+1_1789268425677_ybj1,MAA-DEL,EaseMyTrip,6E,6E-784,2026-09-14,T+1,9385,2060,11445,2026-09-13T02:42:32.424Z,FALSE,"",16:15,FALSE
fare_MAA-DEL_AI_2026-09-14_T+1_1789268425677_cgu9,MAA-DEL,EaseMyTrip,AI,AI-2886,2026-09-14,T+1,10085,2214,12299,2026-09-13T02:42:32.424Z,FALSE,"",06:55,TRUE
fare_MAA-DEL_AI_2026-09-14_T+1_1789268425677_yf6f,MAA-DEL,EaseMyTrip,AI,AI-9971,2026-09-14,T+1,10138,2225,12363,2026-09-13T02:42:32.424Z,FALSE,"",16:30,FALSE
fare_MAA-DEL_AI_2026-09-14_T+1_1789268425677_yqew,MAA-DEL,EaseMyTrip,AI,AI-9763,2026-09-14,T+1,10138,2225,12363,2026-09-13T02:42:32.424Z,FALSE,"",08:55,FALSE
fare_MAA-DEL_AI_2026-09-14_T+1_1789268425677_fm5s,MAA-DEL,EaseMyTrip,AI,AI-9427,2026-09-14,T+1,10138,2225,12363,2026-09-13T02:42:32.424Z,FALSE,"",06:30,FALSE
fare_MAA-DEL_AI_2026-09-14_T+1_1789268425677_to2y,MAA-DEL,EaseMyTrip,AI,AI-9483,2026-09-14,T+1,10138,2225,12363,2026-09-13T02:42:32.424Z,FALSE,"",07:25,FALSE
fare_MAA-DEL_AI_2026-09-14_T+1_1789268425677_ec0v,MAA-DEL,EaseMyTrip,AI,AI-9481,2026-09-14,T+1,10138,2225,12363,2026-09-13T02:42:32.424Z,FALSE,"",10:45,FALSE
fare_MAA-DEL_6E_2026-09-14_T+1_1789268425677_sarc,MAA-DEL,EaseMyTrip,6E,6E-6209,2026-09-14,T+1,10067,2210,12277,2026-09-13T02:42:32.424Z,FALSE,"",14:35,FALSE
fare_MAA-DEL_QP_2026-09-14_T+1_1789268425677_7tjc,MAA-DEL,EaseMyTrip,QP,QP-1146,2026-09-14,T+1,10187,2236,12423,2026-09-13T02:42:32.424Z,FALSE,"",13:35,FALSE
fare_MAA-DEL_AI_2026-09-14_T+1_1789268425677_bdx8,MAA-DEL,EaseMyTrip,AI,AI-9479,2026-09-14,T+1,10511,2307,12818,2026-09-13T02:42:32.424Z,FALSE,"",21:25,FALSE
fare_MAA-DEL_6E_2026-09-14_T+1_1789268425677_wn9k,MAA-DEL,EaseMyTrip,6E,6E-605,2026-09-14,T+1,10453,2294,12747,2026-09-13T02:42:32.424Z,FALSE,"",16:45,TRUE
fare_MAA-DEL_6E_2026-09-14_T+1_1789268425677_w3ub,MAA-DEL,EaseMyTrip,6E,6E-402,2026-09-14,T+1,10453,2294,12747,2026-09-13T02:42:32.424Z,FALSE,"",16:45,TRUE
fare_MAA-DEL_6E_2026-09-14_T+1_1789268425677_ku9j,MAA-DEL,EaseMyTrip,6E,6E-433,2026-09-14,T+1,10717,2353,13070,2026-09-13T02:42:32.424Z,FALSE,"",12:30,FALSE
fare_MAA-DEL_6E_2026-09-14_T+1_1789268425677_4yg4,MAA-DEL,EaseMyTrip,6E,6E-788,2026-09-14,T+1,10717,2353,13070,2026-09-13T02:42:32.424Z,FALSE,"",12:30,FALSE
fare_MAA-DEL_IX_2026-09-14_T+1_1789268425677_r243,MAA-DEL,EaseMyTrip,IX,IX-2661,2026-09-14,T+1,11392,2501,13893,2026-09-13T02:42:32.424Z,FALSE,"",22:05,FALSE
fare_MAA-DEL_AI_2026-09-14_T+1_1789268425677_w5i4,MAA-DEL,EaseMyTrip,AI,AI-9552,2026-09-14,T+1,11380,2498,13878,2026-09-13T02:42:32.424Z,FALSE,"",22:05,FALSE
fare_MAA-DEL_6E_2026-09-14_T+1_1789268425677_ebmc,MAA-DEL,EaseMyTrip,6E,6E-882,2026-09-14,T+1,11819,2595,14414,2026-09-13T02:42:32.424Z,FALSE,"",18:20,FALSE
fare_MAA-DEL_6E_2026-09-14_T+1_1789268425677_x7jb,MAA-DEL,EaseMyTrip,6E,6E-912,2026-09-14,T+1,11819,2595,14414,2026-09-13T02:42:32.424Z,FALSE,"",18:20,FALSE
fare_MAA-DEL_6E_2026-09-14_T+1_1789268425677_juhj,MAA-DEL,EaseMyTrip,6E,6E-748,2026-09-14,T+1,12088,2653,14741,2026-09-13T02:42:32.424Z,FALSE,"",17:45,FALSE
fare_MAA-DEL_6E_2026-09-14_T+1_1789268425677_uqa2,MAA-DEL,EaseMyTrip,6E,6E-371,2026-09-14,T+1,12088,2653,14741,2026-09-13T02:42:32.424Z,FALSE,"",17:45,FALSE
fare_MAA-DEL_IX_2026-09-14_T+1_1789268425677_vtjx,MAA-DEL,EaseMyTrip,IX,IX-2786,2026-09-14,T+1,12335,2708,15043,2026-09-13T02:42:32.424Z,FALSE,"",07:25,FALSE
fare_MAA-DEL_6E_2026-09-14_T+1_1789268425677_1bt2,MAA-DEL,EaseMyTrip,6E,6E-6925,2026-09-14,T+1,12325,2706,15031,2026-09-13T02:42:32.424Z,FALSE,"",12:00,FALSE
fare_MAA-DEL_AI_2026-09-14_T+1_1789268425677_6x5p,MAA-DEL,EaseMyTrip,AI,AI-9775,2026-09-14,T+1,13059,2867,15926,2026-09-13T02:42:32.424Z,FALSE,"",13:45,FALSE
fare_MAA-DEL_AI_2026-09-14_T+1_1789268425677_tp1d,MAA-DEL,EaseMyTrip,AI,AI-9783,2026-09-14,T+1,13922,3056,16978,2026-09-13T02:42:32.424Z,TRUE,"High outlier: ₹16978 > upper fence ₹16316 (Q3: ₹12393, IQR: ₹2615)",19:40,FALSE
fare_MAA-DEL_AI_2026-09-14_T+1_1789268425677_117f,MAA-DEL,EaseMyTrip,AI,AI-9785,2026-09-14,T+1,14536,3191,17727,2026-09-13T02:42:32.424Z,TRUE,"High outlier: ₹17727 > upper fence ₹16316 (Q3: ₹12393, IQR: ₹2615)",09:40,FALSE
fare_MAA-DEL_AI_2026-09-14_T+1_1789268425677_pjg4,MAA-DEL,EaseMyTrip,AI,AI-640,2026-09-14,T+1,14976,3288,18264,2026-09-13T02:42:32.424Z,TRUE,"High outlier: ₹18264 > upper fence ₹16316 (Q3: ₹12393, IQR: ₹2615)",17:00,FALSE
fare_MAA-DEL_AI_2026-09-14_T+1_1789268425677_ryd5,MAA-DEL,EaseMyTrip,AI,AI-2740,2026-09-14,T+1,14976,3288,18264,2026-09-13T02:42:32.424Z,TRUE,"High outlier: ₹18264 > upper fence ₹16316 (Q3: ₹12393, IQR: ₹2615)",16:00,FALSE
fare_MAA-DEL_AI_2026-09-14_T+1_1789268425677_2etm,MAA-DEL,EaseMyTrip,AI,AI-2828,2026-09-14,T+1,14976,3288,18264,2026-09-13T02:42:32.424Z,TRUE,"High outlier: ₹18264 > upper fence ₹16316 (Q3: ₹12393, IQR: ₹2615)",05:55,FALSE
fare_MAA-DEL_AI_2026-09-14_T+1_1789268425677_4wj7,MAA-DEL,EaseMyTrip,AI,AI-2822,2026-09-14,T+1,15191,3335,18526,2026-09-13T02:42:32.424Z,TRUE,"High outlier: ₹18526 > upper fence ₹16316 (Q3: ₹12393, IQR: ₹2615)",09:35,FALSE
fare_MAA-DEL_AI_2026-09-14_T+1_1789268425677_1yva,MAA-DEL,EaseMyTrip,AI,AI-2779,2026-09-14,T+1,15263,3350,18613,2026-09-13T02:42:32.424Z,TRUE,"High outlier: ₹18613 > upper fence ₹16316 (Q3: ₹12393, IQR: ₹2615)",07:00,FALSE
fare_MAA-DEL_IX_2026-09-14_T+1_1789268425677_00pn,MAA-DEL,EaseMyTrip,IX,IX-1354,2026-09-14,T+1,16325,3584,19909,2026-09-13T02:42:32.424Z,TRUE,"High outlier: ₹19909 > upper fence ₹16316 (Q3: ₹12393, IQR: ₹2615)",14:40,FALSE
fare_MAA-DEL_6E_2026-09-14_T+1_1789268425677_xr4n,MAA-DEL,EaseMyTrip,6E,6E-321,2026-09-14,T+1,18156,3986,22142,2026-09-13T02:42:32.424Z,TRUE,"High outlier: ₹22142 > upper fence ₹16316 (Q3: ₹12393, IQR: ₹2615)",17:50,FALSE
fare_MAA-DEL_6E_2026-09-14_T+1_1789268425677_eanp,MAA-DEL,EaseMyTrip,6E,6E-552,2026-09-14,T+1,18156,3986,22142,2026-09-13T02:42:32.424Z,TRUE,"High outlier: ₹22142 > upper fence ₹16316 (Q3: ₹12393, IQR: ₹2615)",17:50,FALSE
fare_MAA-DEL_AI_2026-09-14_T+1_1789268425677_ttdu,MAA-DEL,EaseMyTrip,AI,AI-436,2026-09-14,T+1,23335,5122,28457,2026-09-13T02:42:32.424Z,TRUE,"High outlier: ₹28457 > upper fence ₹16316 (Q3: ₹12393, IQR: ₹2615)",21:10,FALSE
fare_MAA-DEL_IX_2026-10-28_T+45_1789268425677_ju7t,MAA-DEL,EaseMyTrip,IX,IX-1248,2026-10-28,T+45,8392,1842,10234,2026-09-13T02:42:58.572Z,FALSE,"",06:00,FALSE
fare_MAA-DEL_IX_2026-10-28_T+45_1789268425677_5s61,MAA-DEL,EaseMyTrip,IX,IX-2926,2026-10-28,T+45,9301,2042,11343,2026-09-13T02:42:58.572Z,FALSE,"",09:35,FALSE
fare_MAA-DEL_IX_2026-10-28_T+45_1789268425677_vaj0,MAA-DEL,EaseMyTrip,IX,IX-2787,2026-10-28,T+45,9301,2042,11343,2026-09-13T02:42:58.572Z,FALSE,"",06:00,FALSE
fare_MAA-DEL_AI_2026-10-28_T+45_1789268425677_7rmc,MAA-DEL,EaseMyTrip,AI,AI-538,2026-10-28,T+45,7914,1737,9651,2026-09-13T02:42:58.572Z,FALSE,"",20:00,TRUE
fare_MAA-DEL_AI_2026-10-28_T+45_1789268425677_kkju,MAA-DEL,EaseMyTrip,AI,AI-2832,2026-10-28,T+45,7914,1737,9651,2026-09-13T02:42:58.572Z,FALSE,"",06:55,TRUE
fare_MAA-DEL_AI_2026-10-28_T+45_1789268425677_czit,MAA-DEL,EaseMyTrip,AI,AI-2886,2026-10-28,T+45,7914,1737,9651,2026-09-13T02:42:58.572Z,FALSE,"",08:05,TRUE
fare_MAA-DEL_AI_2026-10-28_T+45_1789268425677_qnq2,MAA-DEL,EaseMyTrip,AI,AI-2526,2026-10-28,T+45,7914,1737,9651,2026-09-13T02:42:58.572Z,FALSE,"",09:50,TRUE
fare_MAA-DEL_AI_2026-10-28_T+45_1789268425677_cipp,MAA-DEL,EaseMyTrip,AI,AI-2836,2026-10-28,T+45,7914,1737,9651,2026-09-13T02:42:58.572Z,FALSE,"",11:00,TRUE
fare_MAA-DEL_AI_2026-10-28_T+45_1789268425677_ud9v,MAA-DEL,EaseMyTrip,AI,AI-2524,2026-10-28,T+45,7914,1737,9651,2026-09-13T02:42:58.572Z,FALSE,"",12:20,TRUE
fare_MAA-DEL_AI_2026-10-28_T+45_1789268425677_5972,MAA-DEL,EaseMyTrip,AI,AI-2508,2026-10-28,T+45,7914,1737,9651,2026-09-13T02:42:58.572Z,FALSE,"",15:45,TRUE
fare_MAA-DEL_AI_2026-10-28_T+45_1789268425677_4wn7,MAA-DEL,EaseMyTrip,AI,AI-2504,2026-10-28,T+45,7914,1737,9651,2026-09-13T02:42:58.572Z,FALSE,"",22:15,TRUE
fare_MAA-DEL_6E_2026-10-28_T+45_1789268425677_y1bj,MAA-DEL,EaseMyTrip,6E,6E-6797,2026-10-28,T+45,7846,1722,9568,2026-09-13T02:42:58.572Z,FALSE,"",13:50,FALSE
fare_MAA-DEL_6E_2026-10-28_T+45_1789268425677_ljso,MAA-DEL,EaseMyTrip,6E,6E-6925,2026-10-28,T+45,8018,1760,9778,2026-09-13T02:42:58.572Z,FALSE,"",10:40,FALSE
fare_MAA-DEL_6E_2026-10-28_T+45_1789268425677_z8yt,MAA-DEL,EaseMyTrip,6E,6E-228,2026-10-28,T+45,8018,1760,9778,2026-09-13T02:42:58.572Z,FALSE,"",07:20,FALSE
fare_MAA-DEL_6E_2026-10-28_T+45_1789268425677_s3f6,MAA-DEL,EaseMyTrip,6E,6E-431,2026-10-28,T+45,8018,1760,9778,2026-09-13T02:42:58.572Z,FALSE,"",07:20,FALSE
fare_MAA-DEL_6E_2026-10-28_T+45_1789268425677_baj9,MAA-DEL,EaseMyTrip,6E,6E-549,2026-10-28,T+45,8018,1760,9778,2026-09-13T02:42:58.572Z,FALSE,"",04:50,FALSE
fare_MAA-DEL_6E_2026-10-28_T+45_1789268425677_0gft,MAA-DEL,EaseMyTrip,6E,6E-641,2026-10-28,T+45,8018,1760,9778,2026-09-13T02:42:58.572Z,FALSE,"",04:50,FALSE
fare_MAA-DEL_6E_2026-10-28_T+45_1789268425677_fqr0,MAA-DEL,EaseMyTrip,6E,6E-500,2026-10-28,T+45,8018,1760,9778,2026-09-13T02:42:58.572Z,FALSE,"",02:20,FALSE
fare_MAA-DEL_6E_2026-10-28_T+45_1789268425677_d1h9,MAA-DEL,EaseMyTrip,6E,6E-905,2026-10-28,T+45,8018,1760,9778,2026-09-13T02:42:58.572Z,FALSE,"",02:20,FALSE
fare_MAA-DEL_6E_2026-10-28_T+45_1789268425677_uj40,MAA-DEL,EaseMyTrip,6E,6E-2445,2026-10-28,T+45,8018,1760,9778,2026-09-13T02:42:58.572Z,FALSE,"",18:35,FALSE
fare_MAA-DEL_6E_2026-10-28_T+45_1789268425677_7cdl,MAA-DEL,EaseMyTrip,6E,6E-6374,2026-10-28,T+45,8018,1760,9778,2026-09-13T02:42:58.572Z,FALSE,"",20:45,FALSE
fare_MAA-DEL_6E_2026-10-28_T+45_1789268425677_wsxl,MAA-DEL,EaseMyTrip,6E,6E-6215,2026-10-28,T+45,8018,1760,9778,2026-09-13T02:42:58.572Z,FALSE,"",19:40,FALSE
fare_MAA-DEL_6E_2026-10-28_T+45_1789268425677_d5c6,MAA-DEL,EaseMyTrip,6E,6E-806,2026-10-28,T+45,8018,1760,9778,2026-09-13T02:42:58.572Z,FALSE,"",09:45,FALSE
fare_MAA-DEL_6E_2026-10-28_T+45_1789268425677_z84w,MAA-DEL,EaseMyTrip,6E,6E-260,2026-10-28,T+45,8018,1760,9778,2026-09-13T02:42:58.572Z,FALSE,"",09:45,FALSE
fare_MAA-DEL_6E_2026-10-28_T+45_1789268425677_swiz,MAA-DEL,EaseMyTrip,6E,6E-6079,2026-10-28,T+45,8018,1760,9778,2026-09-13T02:42:58.572Z,FALSE,"",05:55,FALSE
fare_MAA-DEL_6E_2026-10-28_T+45_1789268425677_d6qz,MAA-DEL,EaseMyTrip,6E,6E-6158,2026-10-28,T+45,8018,1760,9778,2026-09-13T02:42:58.572Z,FALSE,"",15:45,FALSE
fare_MAA-DEL_6E_2026-10-28_T+45_1789268425677_uwar,MAA-DEL,EaseMyTrip,6E,6E-859,2026-10-28,T+45,8018,1760,9778,2026-09-13T02:42:58.572Z,FALSE,"",13:00,FALSE
fare_MAA-DEL_6E_2026-10-28_T+45_1789268425677_2oez,MAA-DEL,EaseMyTrip,6E,6E-350,2026-10-28,T+45,8018,1760,9778,2026-09-13T02:42:58.572Z,FALSE,"",13:00,FALSE
fare_MAA-DEL_6E_2026-10-28_T+45_1789268425677_ohf8,MAA-DEL,EaseMyTrip,6E,6E-970,2026-10-28,T+45,8018,1760,9778,2026-09-13T02:42:58.572Z,FALSE,"",04:50,FALSE
fare_MAA-DEL_6E_2026-10-28_T+45_1789268425677_551h,MAA-DEL,EaseMyTrip,6E,6E-819,2026-10-28,T+45,8018,1760,9778,2026-09-13T02:42:58.572Z,FALSE,"",04:50,FALSE
fare_MAA-DEL_6E_2026-10-28_T+45_1789268425677_ufjn,MAA-DEL,EaseMyTrip,6E,6E-104,2026-10-28,T+45,8018,1760,9778,2026-09-13T02:42:58.572Z,FALSE,"",17:25,FALSE
fare_MAA-DEL_6E_2026-10-28_T+45_1789268425677_3g1y,MAA-DEL,EaseMyTrip,6E,6E-835,2026-10-28,T+45,8018,1760,9778,2026-09-13T02:42:58.572Z,FALSE,"",17:25,FALSE
fare_MAA-DEL_6E_2026-10-28_T+45_1789268425677_j4fr,MAA-DEL,EaseMyTrip,6E,6E-406,2026-10-28,T+45,8018,1760,9778,2026-09-13T02:42:58.572Z,FALSE,"",00:45,FALSE
fare_MAA-DEL_6E_2026-10-28_T+45_1789268425677_ntw4,MAA-DEL,EaseMyTrip,6E,6E-316,2026-10-28,T+45,8018,1760,9778,2026-09-13T02:42:58.572Z,FALSE,"",00:45,FALSE
fare_MAA-DEL_6E_2026-10-28_T+45_1789268425677_l6ev,MAA-DEL,EaseMyTrip,6E,6E-7359,2026-10-28,T+45,8083,1774,9857,2026-09-13T02:42:58.572Z,FALSE,"",18:50,FALSE
fare_MAA-DEL_6E_2026-10-28_T+45_1789268425677_uqob,MAA-DEL,EaseMyTrip,6E,6E-450,2026-10-28,T+45,8083,1774,9857,2026-09-13T02:42:58.572Z,FALSE,"",19:45,FALSE
fare_MAA-DEL_6E_2026-10-28_T+45_1789268425677_0u45,MAA-DEL,EaseMyTrip,6E,6E-894,2026-10-28,T+45,8083,1774,9857,2026-09-13T02:42:58.572Z,FALSE,"",19:45,FALSE
fare_MAA-DEL_6E_2026-10-28_T+45_1789268425677_iqxh,MAA-DEL,EaseMyTrip,6E,6E-651,2026-10-28,T+45,8083,1774,9857,2026-09-13T02:42:58.572Z,FALSE,"",10:20,FALSE
fare_MAA-DEL_6E_2026-10-28_T+45_1789268425677_hoaj,MAA-DEL,EaseMyTrip,6E,6E-980,2026-10-28,T+45,8083,1774,9857,2026-09-13T02:42:58.572Z,FALSE,"",10:20,FALSE
fare_MAA-DEL_6E_2026-10-28_T+45_1789268425677_f8id,MAA-DEL,EaseMyTrip,6E,6E-6381,2026-10-28,T+45,8083,1774,9857,2026-09-13T02:42:58.572Z,FALSE,"",17:45,FALSE
fare_MAA-DEL_6E_2026-10-28_T+45_1789268425677_ej0f,MAA-DEL,EaseMyTrip,6E,6E-6815,2026-10-28,T+45,8083,1774,9857,2026-09-13T02:42:58.572Z,FALSE,"",08:55,FALSE
fare_MAA-DEL_6E_2026-10-28_T+45_1789268425677_68az,MAA-DEL,EaseMyTrip,6E,6E-6209,2026-10-28,T+45,8083,1774,9857,2026-09-13T02:42:58.572Z,FALSE,"",12:40,FALSE
fare_MAA-DEL_6E_2026-10-28_T+45_1789268425677_uc06,MAA-DEL,EaseMyTrip,6E,6E-856,2026-10-28,T+45,8083,1774,9857,2026-09-13T02:42:58.572Z,FALSE,"",15:00,FALSE
fare_MAA-DEL_6E_2026-10-28_T+45_1789268425677_hlzy,MAA-DEL,EaseMyTrip,6E,6E-557,2026-10-28,T+45,8083,1774,9857,2026-09-13T02:42:58.572Z,FALSE,"",15:00,FALSE
fare_MAA-DEL_6E_2026-10-28_T+45_1789268425677_bt39,MAA-DEL,EaseMyTrip,6E,6E-6892,2026-10-28,T+45,8083,1774,9857,2026-09-13T02:42:58.572Z,FALSE,"",17:25,FALSE
fare_MAA-DEL_6E_2026-10-28_T+45_1789268425677_5s9x,MAA-DEL,EaseMyTrip,6E,6E-6081,2026-10-28,T+45,8083,1774,9857,2026-09-13T02:42:58.572Z,FALSE,"",07:05,FALSE
fare_MAA-DEL_6E_2026-10-28_T+45_1789268425677_mfm7,MAA-DEL,EaseMyTrip,6E,6E-5093,2026-10-28,T+45,8136,1786,9922,2026-09-13T02:42:58.572Z,FALSE,"",05:30,FALSE
fare_MAA-DEL_6E_2026-10-28_T+45_1789268425677_c2xr,MAA-DEL,EaseMyTrip,6E,6E-514,2026-10-28,T+45,8190,1798,9988,2026-09-13T02:42:58.572Z,FALSE,"",20:10,FALSE
fare_MAA-DEL_6E_2026-10-28_T+45_1789268425677_p0as,MAA-DEL,EaseMyTrip,6E,6E-645,2026-10-28,T+45,8190,1798,9988,2026-09-13T02:42:58.572Z,FALSE,"",20:10,FALSE
fare_MAA-DEL_6E_2026-10-28_T+45_1789268425677_t1a2,MAA-DEL,EaseMyTrip,6E,6E-6225,2026-10-28,T+45,8190,1798,9988,2026-09-13T02:42:58.572Z,FALSE,"",23:15,FALSE
fare_MAA-DEL_6E_2026-10-28_T+45_1789268425677_pqmr,MAA-DEL,EaseMyTrip,6E,6E-743,2026-10-28,T+45,8190,1798,9988,2026-09-13T02:42:58.572Z,FALSE,"",18:55,FALSE
fare_MAA-DEL_6E_2026-10-28_T+45_1789268425677_4naz,MAA-DEL,EaseMyTrip,6E,6E-794,2026-10-28,T+45,8190,1798,9988,2026-09-13T02:42:58.572Z,FALSE,"",18:55,FALSE
fare_MAA-DEL_6E_2026-10-28_T+45_1789268425677_xjra,MAA-DEL,EaseMyTrip,6E,6E-5314,2026-10-28,T+45,8190,1798,9988,2026-09-13T02:42:58.572Z,FALSE,"",08:00,FALSE
fare_MAA-DEL_6E_2026-10-28_T+45_1789268425677_7cw7,MAA-DEL,EaseMyTrip,6E,6E-464,2026-10-28,T+45,8323,1827,10150,2026-09-13T02:42:58.572Z,FALSE,"",02:45,TRUE
fare_MAA-DEL_6E_2026-10-28_T+45_1789268425677_y9m0,MAA-DEL,EaseMyTrip,6E,6E-576,2026-10-28,T+45,8323,1827,10150,2026-09-13T02:42:58.572Z,FALSE,"",02:45,TRUE
fare_MAA-DEL_6E_2026-10-28_T+45_1789268425677_2jcu,MAA-DEL,EaseMyTrip,6E,6E-6343,2026-10-28,T+45,8323,1827,10150,2026-09-13T02:42:58.572Z,FALSE,"",23:45,TRUE
fare_MAA-DEL_6E_2026-10-28_T+45_1789268425677_muqr,MAA-DEL,EaseMyTrip,6E,6E-178,2026-10-28,T+45,8323,1827,10150,2026-09-13T02:42:58.572Z,FALSE,"",19:00,TRUE
fare_MAA-DEL_6E_2026-10-28_T+45_1789268425677_8vvo,MAA-DEL,EaseMyTrip,6E,6E-291,2026-10-28,T+45,8323,1827,10150,2026-09-13T02:42:58.572Z,FALSE,"",19:00,TRUE
fare_MAA-DEL_6E_2026-10-28_T+45_1789268425677_b00b,MAA-DEL,EaseMyTrip,6E,6E-850,2026-10-28,T+45,8323,1827,10150,2026-09-13T02:42:58.572Z,FALSE,"",16:30,TRUE
fare_MAA-DEL_6E_2026-10-28_T+45_1789268425677_bcl8,MAA-DEL,EaseMyTrip,6E,6E-239,2026-10-28,T+45,8323,1827,10150,2026-09-13T02:42:58.572Z,FALSE,"",16:30,TRUE
fare_MAA-DEL_6E_2026-10-28_T+45_1789268425677_4taq,MAA-DEL,EaseMyTrip,6E,6E-182,2026-10-28,T+45,8323,1827,10150,2026-09-13T02:42:58.572Z,FALSE,"",14:15,TRUE
fare_MAA-DEL_6E_2026-10-28_T+45_1789268425677_9vvb,MAA-DEL,EaseMyTrip,6E,6E-540,2026-10-28,T+45,8323,1827,10150,2026-09-13T02:42:58.572Z,FALSE,"",14:15,TRUE
fare_MAA-DEL_6E_2026-10-28_T+45_1789268425677_u5ea,MAA-DEL,EaseMyTrip,6E,6E-2202,2026-10-28,T+45,8323,1827,10150,2026-09-13T02:42:58.572Z,FALSE,"",21:30,TRUE
fare_MAA-DEL_6E_2026-10-28_T+45_1789268425677_3vyj,MAA-DEL,EaseMyTrip,6E,6E-6002,2026-10-28,T+45,8323,1827,10150,2026-09-13T02:42:58.572Z,FALSE,"",11:00,TRUE
fare_MAA-DEL_6E_2026-10-28_T+45_1789268425677_ua64,MAA-DEL,EaseMyTrip,6E,6E-407,2026-10-28,T+45,8323,1827,10150,2026-09-13T02:42:58.572Z,FALSE,"",09:00,TRUE
fare_MAA-DEL_6E_2026-10-28_T+45_1789268425677_fgy2,MAA-DEL,EaseMyTrip,6E,6E-968,2026-10-28,T+45,8323,1827,10150,2026-09-13T02:42:58.572Z,FALSE,"",09:00,TRUE
fare_MAA-DEL_6E_2026-10-28_T+45_1789268425677_v6m9,MAA-DEL,EaseMyTrip,6E,6E-524,2026-10-28,T+45,8323,1827,10150,2026-09-13T02:42:58.572Z,FALSE,"",05:45,TRUE
fare_MAA-DEL_6E_2026-10-28_T+45_1789268425677_jor6,MAA-DEL,EaseMyTrip,6E,6E-245,2026-10-28,T+45,8323,1827,10150,2026-09-13T02:42:58.572Z,FALSE,"",05:45,TRUE
fare_MAA-DEL_6E_2026-10-28_T+45_1789268425677_j3rx,MAA-DEL,EaseMyTrip,6E,6E-2507,2026-10-28,T+45,8639,1896,10535,2026-09-13T02:42:58.572Z,FALSE,"",22:10,FALSE
fare_MAA-DEL_6E_2026-10-28_T+45_1789268425677_fmoo,MAA-DEL,EaseMyTrip,6E,6E-368,2026-10-28,T+45,8703,1911,10614,2026-09-13T02:42:58.572Z,FALSE,"",16:20,FALSE
fare_MAA-DEL_6E_2026-10-28_T+45_1789268425677_wmtz,MAA-DEL,EaseMyTrip,6E,6E-299,2026-10-28,T+45,8703,1911,10614,2026-09-13T02:42:58.572Z,FALSE,"",16:20,FALSE
fare_MAA-DEL_6E_2026-10-28_T+45_1789268425677_th4e,MAA-DEL,EaseMyTrip,6E,6E-2335,2026-10-28,T+45,8704,1911,10615,2026-09-13T02:42:58.572Z,FALSE,"",12:30,TRUE
fare_MAA-DEL_6E_2026-10-28_T+45_1789268425677_i1gl,MAA-DEL,EaseMyTrip,6E,6E-6487,2026-10-28,T+45,8714,1913,10627,2026-09-13T02:42:58.572Z,FALSE,"",21:35,FALSE
fare_MAA-DEL_IX_2026-10-28_T+45_1789268425677_ay4m,MAA-DEL,EaseMyTrip,IX,IX-1168,2026-10-28,T+45,11106,2438,13544,2026-09-13T02:42:58.572Z,FALSE,"",20:35,FALSE
fare_MAA-DEL_IX_2026-10-28_T+45_1789268425677_c80h,MAA-DEL,EaseMyTrip,IX,IX-2942,2026-10-28,T+45,11106,2438,13544,2026-09-13T02:42:58.572Z,FALSE,"",16:45,FALSE
fare_MAA-DEL_6E_2026-10-28_T+45_1789268425677_tgus,MAA-DEL,EaseMyTrip,6E,6E-204,2026-10-28,T+45,10132,2224,12356,2026-09-13T02:42:58.572Z,FALSE,"",13:20,FALSE
fare_MAA-DEL_QP_2026-10-28_T+45_1789268425677_req3,MAA-DEL,EaseMyTrip,QP,QP-1146,2026-10-28,T+45,10187,2236,12423,2026-09-13T02:42:58.572Z,FALSE,"",13:35,FALSE
fare_MAA-DEL_6E_2026-10-28_T+45_1789268425677_qixi,MAA-DEL,EaseMyTrip,6E,6E-436,2026-10-28,T+45,10887,2390,13277,2026-09-13T02:42:58.572Z,FALSE,"",11:40,FALSE
fare_MAA-DEL_6E_2026-10-28_T+45_1789268425677_kczj,MAA-DEL,EaseMyTrip,6E,6E-331,2026-10-28,T+45,10887,2390,13277,2026-09-13T02:42:58.572Z,FALSE,"",11:40,FALSE
fare_MAA-DEL_IX_2026-10-28_T+45_1789268425677_i4wp,MAA-DEL,EaseMyTrip,IX,IX-2661,2026-10-28,T+45,11721,2573,14294,2026-09-13T02:42:58.572Z,TRUE,"High outlier: ₹14294 > upper fence ₹13691 (Q3: ₹11343, IQR: ₹1565)",21:55,FALSE
fare_MAA-DEL_IX_2026-10-28_T+45_1789268425677_84g7,MAA-DEL,EaseMyTrip,IX,IX-1472,2026-10-28,T+45,11672,2562,14234,2026-09-13T02:42:58.572Z,TRUE,"High outlier: ₹14234 > upper fence ₹13691 (Q3: ₹11343, IQR: ₹1565)",13:10,FALSE
fare_MAA-DEL_AI_2026-10-28_T+45_1789268425677_uvrf,MAA-DEL,EaseMyTrip,AI,AI-9756,2026-10-28,T+45,11690,2566,14256,2026-09-13T02:42:58.572Z,TRUE,"High outlier: ₹14256 > upper fence ₹13691 (Q3: ₹11343, IQR: ₹1565)",13:10,FALSE
fare_MAA-DEL_AI_2026-10-28_T+45_1789268425677_x2v1,MAA-DEL,EaseMyTrip,AI,AI-9644,2026-10-28,T+45,11690,2566,14256,2026-09-13T02:42:58.572Z,TRUE,"High outlier: ₹14256 > upper fence ₹13691 (Q3: ₹11343, IQR: ₹1565)",20:35,FALSE
fare_MAA-DEL_AI_2026-10-28_T+45_1789268425677_f9pd,MAA-DEL,EaseMyTrip,AI,AI-9760,2026-10-28,T+45,11690,2566,14256,2026-09-13T02:42:58.572Z,TRUE,"High outlier: ₹14256 > upper fence ₹13691 (Q3: ₹11343, IQR: ₹1565)",09:35,FALSE
fare_MAA-DEL_AI_2026-10-28_T+45_1789268425677_xtqs,MAA-DEL,EaseMyTrip,AI,AI-9762,2026-10-28,T+45,11690,2566,14256,2026-09-13T02:42:58.572Z,TRUE,"High outlier: ₹14256 > upper fence ₹13691 (Q3: ₹11343, IQR: ₹1565)",16:45,FALSE
fare_MAA-DEL_AI_2026-10-28_T+45_1789268425677_pf9c,MAA-DEL,EaseMyTrip,AI,AI-9758,2026-10-28,T+45,11690,2566,14256,2026-09-13T02:42:58.572Z,TRUE,"High outlier: ₹14256 > upper fence ₹13691 (Q3: ₹11343, IQR: ₹1565)",06:00,FALSE
fare_MAA-DEL_6E_2026-10-28_T+45_1789268425677_1iy0,MAA-DEL,EaseMyTrip,6E,6E-6662,2026-10-28,T+45,12222,2683,14905,2026-09-13T02:42:58.572Z,TRUE,"High outlier: ₹14905 > upper fence ₹13691 (Q3: ₹11343, IQR: ₹1565)",23:00,FALSE
fare_MAA-DEL_IX_2026-10-28_T+45_1789268425677_zrqj,MAA-DEL,EaseMyTrip,IX,IX-1578,2026-10-28,T+45,13305,2921,16226,2026-09-13T02:42:58.572Z,TRUE,"High outlier: ₹16226 > upper fence ₹13691 (Q3: ₹11343, IQR: ₹1565)",22:30,FALSE
fare_MAA-DEL_6E_2026-10-28_T+45_1789268425677_csoz,MAA-DEL,EaseMyTrip,6E,6E-6326,2026-10-28,T+45,15357,3371,18728,2026-09-13T02:42:58.572Z,TRUE,"High outlier: ₹18728 > upper fence ₹13691 (Q3: ₹11343, IQR: ₹1565)",12:10,FALSE
fare_MAA-DEL_AI_2026-10-28_T+45_1789268425677_qxok,MAA-DEL,EaseMyTrip,AI,AI-9648,2026-10-28,T+45,15646,3435,19081,2026-09-13T02:42:58.572Z,TRUE,"High outlier: ₹19081 > upper fence ₹13691 (Q3: ₹11343, IQR: ₹1565)",06:00,FALSE
fare_MAA-DEL_AI_2026-10-28_T+45_1789268425677_9bwt,MAA-DEL,EaseMyTrip,AI,AI-2822,2026-10-28,T+45,15660,3437,19097,2026-09-13T02:42:58.572Z,TRUE,"High outlier: ₹19097 > upper fence ₹13691 (Q3: ₹11343, IQR: ₹1565)",09:25,FALSE
fare_MAA-DEL_AI_2026-10-28_T+45_1789268425677_plca,MAA-DEL,EaseMyTrip,AI,AI-2740,2026-10-28,T+45,15660,3437,19097,2026-09-13T02:42:58.572Z,TRUE,"High outlier: ₹19097 > upper fence ₹13691 (Q3: ₹11343, IQR: ₹1565)",18:00,FALSE
fare_MAA-DEL_AI_2026-10-28_T+45_1789268425677_f6rh,MAA-DEL,EaseMyTrip,AI,AI-2779,2026-10-28,T+45,15660,3437,19097,2026-09-13T02:42:58.572Z,TRUE,"High outlier: ₹19097 > upper fence ₹13691 (Q3: ₹11343, IQR: ₹1565)",06:25,FALSE
fare_MAA-DEL_AI_2026-10-28_T+45_1789268425677_2dx9,MAA-DEL,EaseMyTrip,AI,AI-640,2026-10-28,T+45,15947,3500,19447,2026-09-13T02:42:58.572Z,TRUE,"High outlier: ₹19447 > upper fence ₹13691 (Q3: ₹11343, IQR: ₹1565)",10:45,FALSE
fare_MAA-DEL_AI_2026-10-28_T+45_1789268425677_c5p0,MAA-DEL,EaseMyTrip,AI,AI-9646,2026-10-28,T+45,15951,3501,19452,2026-09-13T02:42:58.572Z,TRUE,"High outlier: ₹19452 > upper fence ₹13691 (Q3: ₹11343, IQR: ₹1565)",09:45,FALSE
fare_MAA-DEL_6E_2026-10-28_T+45_1789268425677_tp9z,MAA-DEL,EaseMyTrip,6E,6E-667,2026-10-28,T+45,17627,3869,21496,2026-09-13T02:42:58.572Z,TRUE,"High outlier: ₹21496 > upper fence ₹13691 (Q3: ₹11343, IQR: ₹1565)",08:15,FALSE
fare_MAA-DEL_6E_2026-10-28_T+45_1789268425677_b9f5,MAA-DEL,EaseMyTrip,6E,6E-398,2026-10-28,T+45,17627,3869,21496,2026-09-13T02:42:58.572Z,TRUE,"High outlier: ₹21496 > upper fence ₹13691 (Q3: ₹11343, IQR: ₹1565)",08:15,FALSE